time,ego_speed,acceleration_cmd,mode,distance_error,distance,ttc
0.0,0.30000000000000004,3.0,cruise,,,
0.1,0.6000000000000001,3.0,cruise,,,
0.2,0.9000000000000001,3.0,cruise,,,
0.3,1.2000000000000002,3.0,cruise,,,
0.4,1.5000000000000002,3.0,cruise,,,
0.5,1.8000000000000003,3.0,cruise,,,
0.6,2.1000000000000005,3.0,cruise,,,
0.7,2.4000000000000004,3.0,cruise,,,
0.8,2.7,3.0,cruise,,,
0.9,3.0,3.0,cruise,,,
1.0,3.3,3.0,cruise,,,
1.1,3.5999999999999996,3.0,cruise,,,
1.2,3.8999999999999995,3.0,cruise,,,
1.3,4.199999999999999,3.0,cruise,,,
1.4,4.499999999999999,3.0,cruise,,,
1.5,4.799999999999999,3.0,cruise,,,
1.6,5.099999999999999,3.0,cruise,,,
1.7,5.399999999999999,3.0,cruise,,,
1.8,5.699999999999998,3.0,cruise,,,
1.9,5.999999999999998,3.0,cruise,,,
2.0,6.299999999999998,3.0,cruise,,,
2.1,6.599999999999998,3.0,cruise,,,
2.2,6.899999999999998,3.0,cruise,,,
2.3,7.1999999999999975,3.0,cruise,,,
2.4,7.499999999999997,3.0,cruise,,,
2.5,7.799999999999997,3.0,cruise,,,
2.6,8.099999999999998,3.0,cruise,,,
2.7,8.399999999999999,3.0,cruise,,,
2.8,8.7,3.0,cruise,,,
2.9,9.0,3.0,cruise,,,
3.0,9.3,3.0,cruise,,,
3.1,9.600000000000001,3.0,cruise,,,
3.2,9.900000000000002,3.0,cruise,,,
3.3,10.200000000000003,3.0,cruise,,,
3.4,10.500000000000004,3.0,cruise,,,
3.5,10.800000000000004,3.0,cruise,,,
3.6,11.100000000000005,3.0,cruise,,,
3.7,11.400000000000006,3.0,cruise,,,
3.8,11.700000000000006,3.0,cruise,,,
3.9,12.000000000000007,3.0,cruise,,,
4.0,12.300000000000008,3.0,cruise,,,
4.1,12.600000000000009,3.0,cruise,,,
4.2,12.90000000000001,3.0,cruise,,,
4.3,13.20000000000001,3.0,cruise,,,
4.4,13.50000000000001,3.0,cruise,,,
4.5,13.800000000000011,3.0,cruise,,,
4.6,14.100000000000012,3.0,cruise,,,
4.7,14.400000000000013,3.0,cruise,,,
4.8,14.700000000000014,3.0,cruise,,,
4.9,15.000000000000014,3.0,cruise,,,
5.0,15.300000000000015,3.0,cruise,,,
5.1,15.600000000000016,3.0,cruise,,,
5.2,15.900000000000016,3.0,cruise,,,
5.3,16.200000000000017,3.0,cruise,,,
5.4,16.500000000000018,3.0,cruise,,,
5.5,16.80000000000002,3.0,cruise,,,
5.6,17.10000000000002,3.0,cruise,,,
5.7,17.40000000000002,3.0,cruise,,,
5.8,17.70000000000002,3.0,cruise,,,
5.9,18.00000000000002,3.0,cruise,,,
6.0,18.300000000000022,3.0,cruise,,,
6.1,18.600000000000023,3.0,cruise,,,
6.2,18.900000000000023,3.0,cruise,,,
6.3,19.200000000000024,3.0,cruise,,,
6.4,19.500000000000025,3.0,cruise,,,
6.5,19.800000000000026,3.0,cruise,,,
6.6,20.100000000000026,3.0,cruise,,,
6.7,20.400000000000027,3.0,cruise,,,
6.8,20.700000000000028,3.0,cruise,,,
6.9,21.00000000000003,3.0,cruise,,,
7.0,21.30000000000003,3.0,cruise,,,
7.1,21.60000000000003,3.0,cruise,,,
7.2,21.90000000000003,3.0,cruise,,,
7.3,22.20000000000003,3.0,cruise,,,
7.4,22.500000000000032,3.0,cruise,,,
7.5,22.800000000000033,3.0,cruise,,,
7.6,23.100000000000033,3.0,cruise,,,
7.7,23.400000000000034,3.0,cruise,,,
7.8,23.700000000000035,3.0,cruise,,,
7.9,24.000000000000036,3.0,cruise,,,
8.0,24.300000000000036,3.0,cruise,,,
8.1,24.600000000000037,3.0,cruise,,,
8.2,24.900000000000038,3.0,cruise,,,
8.3,25.20000000000004,3.0,cruise,,,
8.4,25.50000000000004,3.0,cruise,,,
8.5,25.80000000000004,3.0,cruise,,,
8.6,26.10000000000004,3.0,cruise,,,
8.7,26.40000000000004,3.0,cruise,,,
8.8,26.700000000000042,3.0,cruise,,,
8.9,27.000000000000043,3.0,cruise,,,
9.0,27.300000000000043,3.0,cruise,,,
9.1,27.600000000000044,3.0,cruise,,,
9.2,27.900000000000045,3.0,cruise,,,
9.3,28.200000000000045,3.0,cruise,,,
9.4,28.500000000000046,3.0,cruise,,,
9.5,28.800000000000036,2.9999999999999076,cruise,,,
9.6,29.040000000000028,2.3999999999999275,cruise,,,
9.7,29.23200000000002,1.9199999999999449,cruise,,,
9.8,29.385600000000018,1.5359999999999587,cruise,,,
9.9,29.508480000000013,1.2287999999999641,cruise,,,
10.0,29.60678400000001,0.9830399999999742,cruise,,,
10.1,29.68542720000001,0.7864319999999765,cruise,,,
10.2,29.74834176000001,0.6291455999999798,cruise,,,
10.3,29.798673408000006,0.503316479999981,cruise,,,
10.4,29.838938726400006,0.4026531839999876,cruise,,,
10.5,29.871150981120003,0.3221225471999887,cruise,,,
10.6,29.896920784896004,0.2576980377599938,cruise,,,
10.7,29.917536627916803,0.20615843020799218,cruise,,,
10.8,29.934029302333443,0.16492674416639375,cruise,,,
10.9,29.947223441866754,0.131941395333115,cruise,,,
11.0,29.957778753493404,0.105553116266492,cruise,,,
11.1,29.966223002794724,0.08444249301319218,cruise,,,
11.2,29.97297840223578,0.06755399441055232,cruise,,,
11.3,29.978382721788623,0.05404319552844328,cruise,,,
11.4,29.9827061774309,0.0432345564227532,cruise,,,
11.5,29.98616494194472,0.03458764513820256,cruise,,,
11.6,29.988931953555774,0.02767011611056347,cruise,,,
11.7,29.99114556284462,0.022136092888452197,cruise,,,
11.8,29.992916450275693,0.01770887431076318,cruise,,,
11.9,29.994333160220556,0.014167099448613385,cruise,,,
12.0,29.995466528176443,0.011333679558887866,cruise,,,
12.1,29.996373222541155,0.009066943647113135,cruise,,,
12.2,29.997098578032926,0.007253554917689087,cruise,,,
12.3,29.99767886242634,0.005802843934148427,cruise,,,
12.4,29.998143089941074,0.004642275147318742,cruise,,,
12.5,29.99851447195286,0.0037138201178521513,cruise,,,
12.6,29.998811577562286,0.002971056094281721,cruise,,,
12.7,29.99904926204983,0.002376844875428219,cruise,,,
12.8,29.999239409639863,0.001901475900339733,cruise,,,
12.9,29.99939152771189,0.0015211807202746286,cruise,,,
13.0,29.99951322216951,0.001216944576221124,cruise,,,
13.1,29.99961057773561,0.0009735556609768992,cruise,,,
13.2,29.999688462188487,0.0007788445287815193,cruise,,,
13.3,29.99975076975079,0.0006230756230252155,cruise,,,
13.4,29.99980061580063,0.0004984604984201724,cruise,,,
13.5,29.999840492640505,0.00039876839873898007,cruise,,,
13.6,29.999872394112405,0.00031901471898976297,cruise,,,
13.7,29.999897915289925,0.0002552117751903893,cruise,,,
13.8,29.99991833223194,0.00020416942015089035,cruise,,,
13.9,29.999934665785553,0.00016333553612213336,cruise,,,
14.0,29.999947732628442,0.00013066842889486452,cruise,,,
14.1,29.999958186102752,0.00010453474311589162,cruise,,,
14.2,29.999966548882202,8.362779449555546e-05,cruise,,,
14.3,29.999973239105763,6.690223559502328e-05,cruise,,,
14.4,29.99997859128461,5.352178847317646e-05,cruise,,,
14.5,29.999982873027687,4.2817430781383337e-05,cruise,,,
14.6,29.99998629842215,3.4253944626527755e-05,cruise,,,
14.7,29.99998903873772,2.7403155698380033e-05,cruise,,,
14.8,29.999991230990176,2.1922524560125112e-05,cruise,,,
14.9,29.99999298479214,1.753801964810009e-05,cruise,,,
15.0,29.999994387833713,1.4030415719901157e-05,cruise,,,
15.1,29.99999551026697,1.122433257449984e-05,cruise,,,
15.2,29.999996408213576,8.979466059599872e-06,cruise,,,
15.3,29.99999712657086,7.183572847679898e-06,cruise,,,
15.4,29.99999770125669,5.746858278143918e-06,cruise,,,
15.5,29.99999816100535,4.5974866225151345e-06,cruise,,,
15.6,29.99999852880428,3.6779892980121076e-06,cruise,,,
15.7,29.999998823043423,2.9423914398307716e-06,cruise,,,
15.8,29.99999905843474,2.3539131532857027e-06,cruise,,,
15.9,29.99999924674779,1.8831305226285622e-06,cruise,,,
16.0,29.999999397398234,1.5065044181028497e-06,cruise,,,
16.1,29.99999951791859,1.2052035316401088e-06,cruise,,,
16.2,29.99999961433487,9.641628224699161e-07,cruise,,,
16.3,29.9999996914679,7.713302565548474e-07,cruise,,,
16.4,29.99999975317432,6.17064202401707e-07,cruise,,,
16.5,29.999999802539456,4.936513633424511e-07,cruise,,,
16.6,29.999999842031563,3.949210878317899e-07,cruise,,,
16.7,29.99999987362525,3.159368731076029e-07,cruise,,,
16.8,29.9999998989002,2.5274950132825325e-07,cruise,,,
16.9,29.99999991912016,2.021996010626026e-07,cruise,,,
17.0,29.999999935296128,1.617596794289966e-07,cruise,,,
17.1,29.9999999482369,1.2940774496428276e-07,cruise,,,
17.2,29.99999995858952,1.0352619739251168e-07,cruise,,,
17.3,29.999999966871616,8.282096075618028e-08,cruise,,,
17.4,29.999999973497292,6.625676718385876e-08,cruise,,,
17.5,29.999999978797835,5.3005415168172476e-08,cruise,,,
17.6,29.99999998303827,4.240433071345251e-08,cruise,,,
17.7,29.999999986430616,3.3923463149676536e-08,cruise,,,
17.8,29.99999998914449,2.7138767677570286e-08,cruise,,,
17.9,29.999999991315594,2.171101698422717e-08,cruise,,,
18.0,29.999999993052477,1.7368812166296266e-08,cruise,,,
18.1,29.999999994441982,1.389504689086607e-08,cruise,,,
18.2,29.999999995553587,1.1116036091607384e-08,cruise,,,
18.3,29.99999999644287,8.892826031114964e-09,cruise,,,
18.4,29.999999997154298,7.1142594038065e-09,cruise,,,
18.5,29.99999999772344,5.691404680874257e-09,cruise,,,
18.6,29.99999999817875,4.553122323613934e-09,cruise,,,
18.7,29.999999998543,3.642497858891147e-09,cruise,,,
18.8,29.9999999988344,2.9139997081983893e-09,cruise,,,
18.9,29.99999999906752,2.33119834547324e-09,cruise,,,
19.0,29.999999999254015,1.864961518549535e-09,cruise,,,
19.1,29.99999999940321,1.491969214839628e-09,cruise,,,
19.2,29.99999999952257,1.1935767929571739e-09,cruise,,,
19.3,29.999999999618055,9.548628554512106e-10,cruise,,,
19.4,29.999999999694445,7.638902843609685e-10,cruise,,,
19.5,29.999999999755556,6.111093853178318e-10,cruise,,,
19.6,29.999999999804444,4.888889293397369e-10,cruise,,,
19.7,29.999999999843556,3.9111114347178955e-10,cruise,,,
19.8,29.999999999874845,3.128874936919601e-10,cruise,,,
19.9,29.999999999899877,2.503099949535681e-10,cruise,,,
20.0,29.9999999999199,2.0024515379191143e-10,cruise,,,
20.1,29.99999999993592,1.601989652044722e-10,cruise,,,
20.2,29.999999999948734,1.2816059324904927e-10,cruise,,,
20.3,29.999999999958987,1.0253131677018246e-10,cruise,,,
20.4,29.99999999996719,8.202505341614597e-11,cruise,,,
20.5,29.999999999973753,6.561862164744525e-11,cruise,,,
20.6,29.999999999979003,5.24948973179562e-11,cruise,,,
20.7,29.999999999983203,4.199307568342192e-11,cruise,,,
20.8,29.999999999986564,3.359446054673754e-11,cruise,,,
20.9,29.99999999998925,2.687272626644699e-11,cruise,,,
21.0,29.9999999999914,2.1501023184100632e-11,cruise,,,
21.1,29.99999999999312,1.7202239632752025e-11,cruise,,,
21.2,29.999999999994493,1.376321279167314e-11,cruise,,,
21.3,29.999999999995595,1.1013412404281553e-11,cruise,,,
21.4,29.999999999996476,8.810729923425242e-12,cruise,,,
21.5,29.99999999999718,7.048583938740194e-12,cruise,,,
21.6,29.999999999997744,5.6417093219351955e-12,cruise,,,
21.7,29.999999999998195,4.511946372076636e-12,cruise,,,
21.8,29.999999999998558,3.609557097661309e-12,cruise,,,
21.9,29.999999999998845,2.8848035071860068e-12,cruise,,,
22.0,29.999999999999076,2.3092638912203256e-12,cruise,,,
22.1,29.99999999999926,1.8474111129762605e-12,cruise,,,
22.2,29.99999999999941,1.4779288903810084e-12,cruise,,,
22.3,29.999999999999527,1.1795009413617663e-12,cruise,,,
22.4,29.999999999999623,9.450218385609332e-13,cruise,,,
22.5,29.999999999999698,7.531752999057062e-13,cruise,,,
22.6,29.99999999999976,6.039613253960852e-13,cruise,,,
22.7,29.999999999999808,4.831690603168681e-13,cruise,,,
22.8,29.999999999999847,3.836930773104541e-13,cruise,,,
22.9,29.99999999999988,3.055333763768431e-13,cruise,,,
23.0,29.999999999999904,2.4158453015843406e-13,cruise,,,
23.1,29.999999999999922,1.9184653865522705e-13,cruise,,,
23.2,29.999999999999936,1.5631940186722204e-13,cruise,,,
23.3,29.99999999999995,1.2789769243681803e-13,cruise,,,
23.4,29.99999999999996,9.947598300641403e-14,cruise,,,
23.5,29.999999999999968,7.815970093361102e-14,cruise,,,
23.6,29.999999999999975,6.394884621840902e-14,cruise,,,
23.7,29.99999999999998,4.973799150320701e-14,cruise,,,
23.8,29.999999999999982,4.263256414560601e-14,cruise,,,
23.9,29.999999999999986,3.552713678800501e-14,cruise,,,
24.0,29.99999999999999,2.842170943040401e-14,cruise,,,
24.1,29.999999999999993,2.1316282072803006e-14,cruise,,,
24.2,29.999999999999993,1.4210854715202004e-14,cruise,,,
24.3,29.999999999999993,1.4210854715202004e-14,cruise,,,
24.4,29.999999999999993,1.4210854715202004e-14,cruise,,,
24.5,29.999999999999993,1.4210854715202004e-14,cruise,,,
24.6,29.999999999999993,1.4210854715202004e-14,cruise,,,
24.7,29.999999999999993,1.4210854715202004e-14,cruise,,,
24.8,29.999999999999993,1.4210854715202004e-14,cruise,,,
24.9,29.999999999999993,1.4210854715202004e-14,cruise,,,
25.0,29.999999999999993,1.4210854715202004e-14,cruise,,,
25.1,29.999999999999993,1.4210854715202004e-14,cruise,,,
25.2,29.999999999999993,1.4210854715202004e-14,cruise,,,
25.3,29.999999999999993,1.4210854715202004e-14,cruise,,,
25.4,29.999999999999993,1.4210854715202004e-14,cruise,,,
25.5,29.999999999999993,1.4210854715202004e-14,cruise,,,
25.6,29.999999999999993,1.4210854715202004e-14,cruise,,,
25.7,29.999999999999993,1.4210854715202004e-14,cruise,,,
25.8,29.999999999999993,1.4210854715202004e-14,cruise,,,
25.9,29.999999999999993,1.4210854715202004e-14,cruise,,,
26.0,29.999999999999993,1.4210854715202004e-14,cruise,,,
26.1,29.999999999999993,1.4210854715202004e-14,cruise,,,
26.2,29.999999999999993,1.4210854715202004e-14,cruise,,,
26.3,29.999999999999993,1.4210854715202004e-14,cruise,,,
26.4,29.999999999999993,1.4210854715202004e-14,cruise,,,
26.5,29.999999999999993,1.4210854715202004e-14,cruise,,,
26.6,29.999999999999993,1.4210854715202004e-14,cruise,,,
26.7,29.999999999999993,1.4210854715202004e-14,cruise,,,
26.8,29.999999999999993,1.4210854715202004e-14,cruise,,,
26.9,29.999999999999993,1.4210854715202004e-14,cruise,,,
27.0,29.999999999999993,1.4210854715202004e-14,cruise,,,
27.1,29.999999999999993,1.4210854715202004e-14,cruise,,,
27.2,29.999999999999993,1.4210854715202004e-14,cruise,,,
27.3,29.999999999999993,1.4210854715202004e-14,cruise,,,
27.4,29.999999999999993,1.4210854715202004e-14,cruise,,,
27.5,29.999999999999993,1.4210854715202004e-14,cruise,,,
27.6,29.999999999999993,1.4210854715202004e-14,cruise,,,
27.7,29.999999999999993,1.4210854715202004e-14,cruise,,,
27.8,29.999999999999993,1.4210854715202004e-14,cruise,,,
27.9,29.999999999999993,1.4210854715202004e-14,cruise,,,
28.0,29.999999999999993,1.4210854715202004e-14,cruise,,,
28.1,29.999999999999993,1.4210854715202004e-14,cruise,,,
28.2,29.999999999999993,1.4210854715202004e-14,cruise,,,
28.3,29.999999999999993,1.4210854715202004e-14,cruise,,,
28.4,29.999999999999993,1.4210854715202004e-14,cruise,,,
28.5,29.999999999999993,1.4210854715202004e-14,cruise,,,
28.6,29.999999999999993,1.4210854715202004e-14,cruise,,,
28.7,29.999999999999993,1.4210854715202004e-14,cruise,,,
28.8,29.999999999999993,1.4210854715202004e-14,cruise,,,
28.9,29.999999999999993,1.4210854715202004e-14,cruise,,,
29.0,29.999999999999993,1.4210854715202004e-14,cruise,,,
29.1,29.999999999999993,1.4210854715202004e-14,cruise,,,
29.2,29.999999999999993,1.4210854715202004e-14,cruise,,,
29.3,29.999999999999993,1.4210854715202004e-14,cruise,,,
29.4,29.999999999999993,1.4210854715202004e-14,cruise,,,
29.5,29.999999999999993,1.4210854715202004e-14,cruise,,,
29.6,29.999999999999993,1.4210854715202004e-14,cruise,,,
29.7,29.999999999999993,1.4210854715202004e-14,cruise,,,
29.8,29.999999999999993,1.4210854715202004e-14,cruise,,,
29.9,29.999999999999993,1.4210854715202004e-14,cruise,,,
30.0,29.852099999999993,-1.478999999999992,follow,-2.8999999999999844,52.1,11.624015528435352
30.1,29.649884349999994,-2.022156499999996,follow,-3.908149999999992,50.87,10.709734438060591
30.2,29.368960047224995,-2.8092430277499942,follow,-5.374826524999989,49.1,12.658031895720628
30.3,29.027141627087282,-3.418184201377121,follow,-6.463440070837493,47.59,16.4834310702006
30.4,28.780488876019266,-2.466527510680147,follow,-4.470712440630926,49.07,12.38988456630153
30.5,28.501824347967325,-2.786645280519425,follow,-5.010733314028904,48.16,13.08047192055437
30.6,28.25272692299733,-2.490974249699975,follow,-4.332736521950984,48.42,23.36053025739676
30.7,27.976532714515585,-2.7619420848174396,follow,-4.779090384495994,47.6,19.862028050646256
30.8,27.723828272598197,-2.5270444191738646,follow,-4.224799071773376,47.74,15.531121379024555
30.9,27.352610921415717,-3.712173511824799,follow,-6.465742408897299,45.12,23.226472940406346
31.0,27.1119559551898,-2.4065496622591733,follow,-3.778916382123576,47.25,19.19205739663906
31.1,26.78750217749804,-3.2445377769175816,follow,-5.347933932784699,45.32,21.20231758221987
31.2,26.590641179866918,-1.9686099763112348,follow,-2.741253266247064,47.44,33.63009720478709
31.3,26.198018795288327,-3.926223845785894,follow,-6.525961769800375,43.36,16.49912096433194
31.4,25.9737460613602,-2.2427273392812737,follow,-3.097028192932484,46.2,20.40864953387934
31.5,25.64164316338464,-3.3210289797555816,follow,-5.150619092040294,43.81,41.26621967811544
31.6,25.255845518012173,-3.857976453724683,follow,-6.102464745076958,42.36,41.699253724021794
31.7,24.887338927765622,-3.685065902465517,follow,-5.6437682770182604,42.24,
31.8,24.535259323395913,-3.520796043697088,follow,-5.211008391648434,42.12,195.67096716424888
31.9,24.237032800368837,-2.982265230270746,follow,-4.0528889850938725,42.75,143.92349917893193
32.0,23.94787771736824,-2.891550830005969,follow,-3.7955492005532534,42.56,
32.1,23.591367449016634,-3.5651026835160433,follow,-5.041816576052355,40.88,
32.2,23.277488399617873,-3.1387904939875906,follow,-4.107051173524951,41.28,
32.3,23.105404046324594,-1.7208435329327854,follow,-1.2462325994268042,43.67,
32.4,22.904437913458825,-2.0096613286576988,follow,-1.7881060694868935,42.87,
32.5,22.6232175836878,-2.8122032977102536,follow,-3.3266568701882377,41.03,
32.6,22.32295395227407,-3.0026363141373027,follow,-3.634826375531702,40.3,
32.7,22.034375662287957,-2.8857828998611135,follow,-3.334430928411102,40.15,
32.8,21.782899180557372,-2.514764817305851,follow,-2.541563493431937,40.51,
32.9,21.437959086185746,-3.449400943716273,follow,-4.32434877083606,38.35,
33.0,21.150782560262712,-2.871765259230341,follow,-3.1069386292786234,39.05,
33.1,20.78760809994351,-3.631744603192005,follow,-4.536173840394071,37.19,
33.2,20.561920311998335,-2.2568778794517566,follow,-1.751412149915268,39.43,
33.3,20.35684622768105,-2.050740843172848,follow,-1.312880467997502,39.53,
33.4,20.09066743034604,-2.661787973350103,follow,-2.4852693415215796,38.05,
33.5,19.955586041665637,-1.3508138868040325,follow,0.13399885448094295,40.27,
33.6,19.658592378073767,-2.9699366359187147,follow,-3.0433790624984525,36.89,
33.7,19.360365350684173,-2.9822702738959226,follow,-3.0078885671106548,36.48,
33.8,19.174254802322775,-1.8611054836139869,follow,-0.7505480260262587,38.29,
33.9,19.042941162884997,-1.3131363943777785,follow,0.338617796515841,39.1,
34.0,18.953121634660725,-0.8981952822427204,follow,1.1455882556725072,39.71,
34.1,18.742288888601284,-2.108327460594427,follow,-1.2496824519910845,37.18,
34.2,18.630485165163396,-1.1180372343788685,follow,0.7165666670980713,38.83,
34.3,18.459610993235607,-1.708741719277902,follow,-0.45572774774509384,37.49,
34.4,18.290132967712548,-1.6947802552305948,follow,-0.4194164898534112,37.27,
34.5,18.19032059465215,-0.9981237306039874,follow,0.9548005484311801,38.39,
34.6,18.0832886686793,-1.0703192597284727,follow,0.794519108021774,38.08,
34.7,17.856209204151398,-2.270794645279027,follow,-1.5749330030189554,35.55,
34.8,17.81730638565686,-0.3890281849453687,follow,2.145686193772903,38.93,
34.9,17.77689531897093,-0.4041106668593184,follow,2.0740404215147095,38.8,
35.0,17.626899739307987,-1.4999557966294355,follow,-0.11534297845639685,36.55,
35.1,17.546403478510804,-0.8049626079718484,follow,1.249650391038017,37.69,
35.2,17.478924832055643,-0.6747864645516253,follow,1.4803947822337875,37.8,
35.3,17.404828696836535,-0.7409613521910874,follow,1.3216127519165326,37.54,
35.4,17.291822528713606,-1.1300616812293038,follow,0.5327569547451958,36.64,
35.5,17.180854089406825,-1.1096843930678095,follow,0.5622662069295927,36.5,
35.6,17.11565700191394,-0.6519708749288284,follow,1.4487188658897594,37.22,
35.7,17.125236210480153,0.09579208566212838,follow,2.8865144971290917,38.56,
35.8,17.10126912408818,-0.23967086391973513,follow,2.1721456842797693,37.86,
35.9,17.029287665489473,-0.7198145859870766,follow,1.1880963138677316,36.84,
36.0,17.028770884787434,-0.0051678070203888815,follow,2.566068501765791,38.11,
36.1,16.824819706310866,-2.039511784765671,follow,-1.473156327181151,34.07,
36.2,16.862457636660576,0.3763793034970915,follow,3.292770440533701,38.53,
36.3,16.736289035779066,-1.2616860088150974,follow,0.016313545009140284,35.31,
36.4,16.697818646410003,-0.3847038936906513,follow,1.7355664463314042,36.84,
36.5,16.621186808274,-0.7663183813600065,follow,0.9532720303849942,36.0,
36.6,16.54117057778579,-0.8001623048821145,follow,0.8682197875889983,35.8,
36.7,16.608393808717516,0.672232309317258,follow,3.7382441333213166,38.55,
36.8,16.581392706616285,-0.27001102101229946,follow,1.817409286923727,36.73,
36.9,16.604684598112723,0.23291891496437933,follow,2.7679109400755735,37.64,
37.0,16.60652257084976,0.018379727370362087,follow,2.2929731028309206,37.2,
37.1,16.64009291177524,0.3357034092548379,follow,2.870216143725365,37.78,
37.2,16.65152533776365,0.11432425988409767,follow,2.3798606323371416,37.34,
37.3,16.586943043796285,-0.6458229396736679,follow,0.84271199335452,35.82,
37.4,16.657684007310777,0.7074096351449126,follow,3.4795854343055694,38.36,
37.5,16.641832872550715,-0.15851134760061547,follow,1.7134739890338366,36.7,
37.6,16.56821782358883,-0.7361504896188336,follow,0.5472506911739217,35.51,
37.7,16.565041576563708,-0.03176247025124723,follow,1.9176732646167594,36.77,
37.8,16.67418598570062,1.0914440913691381,follow,4.082437635154442,38.93,
37.9,16.741833285173715,0.6764729947309428,follow,3.1887210214490693,38.2,
38.0,16.739154287258568,-0.0267899791514854,follow,1.7472500722394244,36.86,
38.1,16.73842748275617,-0.00726804502400169,follow,1.751268569112149,36.86,
38.2,16.741037547367313,0.026100646111454018,follow,1.7823587758657453,36.89,
38.3,16.881910300811573,1.4087275344425874,follow,4.458443678949031,39.57,
38.4,16.920074732296293,0.3816443148472176,follow,2.357134548782639,37.68,
38.5,16.960226719321216,0.40151987024923086,follow,2.3498879015555545,37.73,
38.6,17.033826967240287,0.7360024791907214,follow,2.959659921018172,38.4,
38.7,17.05987645611457,0.2604948887428171,follow,1.9692595491395721,37.52,
38.8,17.05734241863911,-0.025340374754614925,follow,1.3701853158281452,36.96,
38.9,17.05994242034635,0.02600001707239441,follow,1.443986372041337,37.03,
39.0,17.070927508295025,0.10985087948676864,follow,1.580086369480476,37.17,
39.1,17.08469232338511,0.13764815090083793,follow,1.6036087375574652,37.21,
39.2,17.142357738858358,0.5766541547324987,follow,2.43296151492234,38.06,
39.3,17.159794711562828,0.174369727044684,follow,1.5964633917124615,37.31,
39.4,17.216254219247116,0.5645950768428891,follow,2.3303079326557565,38.07,
39.5,17.224314882526212,0.08060663279096647,follow,1.3356186711293248,37.16,
39.6,17.24227452373559,0.17959641209375476,follow,1.5035276762106875,37.34,
39.7,17.142043780068658,-1.0023074366693125,follow,-0.8434117856033794,35.02,
39.8,17.214387276506642,0.7234349643798564,follow,2.556934329897018,38.27,
39.9,17.251623429797018,0.3723615329037666,follow,1.8184190852400377,37.64,
40.0,17.325059436445923,0.7343600664890286,follow,2.4925648553044724,38.37,
40.1,17.17301015344149,-1.5204928300443386,follow,-1.977589154668884,34.01,
40.2,17.314685051432225,1.4167489799073623,follow,3.820484769837762,39.58,
40.3,17.32235230449651,0.0766725306428302,follow,1.1179724228516648,37.09,
40.4,17.401950985124227,0.795986806277169,follow,2.5064715432552376,38.49,
40.5,17.35556683822718,-0.46384146897048073,follow,-0.012926477686335147,36.09,
40.6,17.40655815209007,0.5099131386288933,follow,1.8966497426592284,37.93,
40.7,17.36068528018511,-0.4587287190496248,follow,-0.03983722813510582,36.07,
40.8,17.34276184575274,-0.1792343443236818,follow,0.5089720797223336,36.55,
40.9,17.47155852613417,1.2879668038143037,follow,3.375857231370887,39.39,
41.0,17.47402811769779,0.02469591563622009,follow,0.8326622107987447,37.04,
41.1,17.500091447717594,0.26063330019803993,follow,1.278957823453318,37.49,
41.2,17.562669890814337,0.625784430967421,follow,1.969862828423608,38.22,
41.3,17.601010945842603,0.3834105502826464,follow,1.4559951637784891,37.8,
41.4,17.618494905324983,0.1748395948238115,follow,1.0184835812360973,37.42,
41.5,17.6478998254882,0.29404920163214815,follow,1.2322576420125202,37.66,
41.6,17.792567526900942,1.4466770141274135,follow,3.468150261767697,39.94,
41.7,17.789386299417377,-0.031812274835658017,follow,0.5011487096485823,37.19,
41.8,17.80122958454595,0.11843285128575626,follow,0.7859205508739322,37.47,
41.9,17.861402778913064,0.6017319436711389,follow,1.718155623181076,38.42,
42.0,17.922260879534274,0.6085810062121072,follow,1.6978958316304045,38.49,
42.1,17.984751231289593,0.6249035175531852,follow,1.6966086806985885,38.58,
42.2,18.01253767981633,0.27786448526735275,follow,0.9828731530656114,37.96,
42.3,17.937691338183836,-0.7484634163249447,follow,-1.0488065197244936,35.97,
42.4,18.026131935166504,0.8844059698266679,follow,2.1734629927242466,39.08,
42.5,17.95137028947272,-0.7476164569378314,follow,-1.0691979027497567,35.97,
42.6,17.963878711771763,0.1250842229904177,follow,0.662944565790923,37.59,
42.7,17.91591318433072,-0.47965527441044215,follow,-0.5358180676576438,36.41,
42.8,17.910351201671258,-0.05561982659462067,follow,0.3061302235039207,37.18,
42.9,17.92796084090875,0.17609639237490632,follow,0.7544731974931125,37.62,
43.0,17.944467815942065,0.1650697503331574,follow,0.7180587386368771,37.61,
43.1,17.96604006612397,0.21572250181903732,follow,0.803298276086899,37.72,
43.2,18.054595337443043,0.8855527131907486,follow,2.1009399008140406,39.05,
43.3,18.072687070407024,0.18091732963980006,follow,0.6781069938354349,37.76,
43.4,18.050292892793095,-0.22394177613929175,follow,-0.12903060561053792,36.98,
43.5,18.09833283916102,0.48039946367925845,follow,1.2545606608103554,38.33,
43.6,18.15670229029261,0.5836945113158981,follow,1.4325007412584654,38.58,
43.7,18.074338979153893,-0.8236331113871794,follow,-1.3550534354389114,35.88,
43.8,18.100961407881847,0.26622428727954894,follow,0.8084915312691621,37.92,
43.9,18.131965712343384,0.31004304461535354,follow,0.8785578881772267,38.03,
44.0,18.10486674540179,-0.2709896694159464,follow,-0.27794856851507177,36.92,
44.1,18.17493290086271,0.700661554609221,follow,1.6326998818973166,38.79,
44.2,18.15406169531277,-0.20871205549941102,follow,-0.18239935129406604,37.08,
44.3,18.150414737636105,-0.03646957676664464,follow,0.15890745703084974,37.39,
44.4,18.130375679678735,-0.2003905795736866,follow,-0.1656221064541512,37.06,
44.5,18.12241398754865,-0.07961692130084203,follow,0.07443648048189999,37.27,
44.6,18.051385801347,-0.7102818620165073,follow,-1.1636209813229712,36.02,
44.7,17.96524765040845,-0.8613815093854768,follow,-1.4370787020205,35.64,
44.8,18.057151989314683,0.9190433890623111,follow,2.082128524387329,39.03,
44.9,18.004877774818976,-0.5227421449570854,follow,-0.7857279839720235,36.3,
45.0,17.947656809748217,-0.5722096507075889,follow,-0.8673166622284612,36.14,
45.1,17.827645931843144,-1.200108779050741,follow,-2.081485214622319,34.84,
45.2,17.801434400883185,-0.2621153095995885,follow,-0.20146889776471966,36.54,
45.3,17.7377565831439,-0.6367781773928644,follow,-0.9321516013247759,35.77,
45.4,17.846827966860342,1.0907138371644385,follow,2.473365125284147,39.08,
45.5,17.914328754847762,0.6750078798742054,follow,1.609758049709491,38.38,
45.6,17.881375490603855,-0.32953264243908076,follow,-0.3914931322716484,36.48,
45.7,18.018341657942333,1.369661673384797,follow,2.947936764094223,39.77,
45.8,18.075357850243513,0.5701619230118008,follow,1.3224875130865001,38.35,
45.9,18.05487479134674,-0.20483058896773848,follow,-0.2230367753652729,36.89,
46.0,17.911805649680204,-1.4306914166653566,follow,-2.622312187020107,34.46,
46.1,18.049908985164137,1.3810333548393419,follow,2.942291525479696,39.81,
46.2,17.97077970700903,-0.7912927815510696,follow,-1.374863477746203,35.7,
46.3,17.88153895515504,-0.8924075185398774,follow,-1.5461695605135475,35.41,
46.4,17.94955895125737,0.68019996102329,follow,1.5676915672674383,38.39,
46.5,18.095033109225138,1.4547415796776824,follow,3.0556615731139445,39.98,
46.6,18.172254155681486,0.772210464563479,follow,1.6574503361622916,38.8,
46.7,18.198305242420087,0.2605108673859976,follow,0.6216187664777735,37.88,
46.8,18.22451503978966,0.26209797369574345,follow,0.6125421363698678,37.91,
46.9,18.264122329796834,0.3960729000717208,follow,0.8632274403155122,38.2,
47.0,18.29646288955877,0.32340559761938753,follow,0.7038165053047507,38.1,
47.1,18.299493213004226,0.030303234454552214,follow,0.11530566566184319,37.56,
47.2,18.292717022371765,-0.06776190632460344,follow,-0.07923981950634129,37.37,
47.3,18.27668997050318,-0.16027051868583375,follow,-0.2590755335576489,37.18,
47.4,18.222359912568987,-0.5433005793419436,follow,-1.0050349557547733,36.41,
47.5,18.198211069111004,-0.241488434579832,follow,-0.39353986885348036,36.94,
47.6,18.094936072308702,-1.0327499680230081,follow,-1.9373166036665026,35.36,
47.7,18.08840429615811,-0.06531776150591437,follow,-0.0024041084630539444,37.14,
47.8,18.031879796774575,-0.5652449938353442,follow,-0.9826064442371703,36.15,
47.9,17.972066815149645,-0.5981298162493075,follow,-1.0278196951618597,36.02,
48.0,17.98873170692386,0.166648917742145,follow,0.4918997772755347,37.45,
48.1,18.073973634254624,0.852419273307624,follow,1.8269024396142086,38.81,
48.2,18.1274914565842,0.5351782232957335,follow,1.1690395486180662,38.28,
48.3,18.035794205054177,-0.9169725153002116,follow,-1.7012371848762982,35.49,
48.4,17.982560556081328,-0.5323364897285088,follow,-0.9136913075812672,36.14,
48.5,18.04264558994732,0.6008503386599064,follow,1.3261591658780034,38.3,
48.6,17.98981027788844,-0.5283531205887974,follow,-0.9139683849209845,36.15,
48.7,17.983452898817145,-0.06357379071296368,follow,0.015284583167336052,37.0,
48.8,18.02145714382797,0.38004245010825305,follow,0.8848206517742838,37.86,
48.9,17.97124888474724,-0.502082590807284,follow,-0.8621857157419512,36.17,
49.0,17.985219371770444,0.1397048702320517,follow,0.4131266728791374,37.37,
49.1,17.916424243209253,-0.687951285611909,follow,-1.2178290576556705,35.76,
49.2,17.89349411292534,-0.22930130283915393,follow,-0.2946363648138828,36.58,
49.3,17.92455350124333,0.31059388317990294,follow,0.7697588306119911,37.61,
49.4,17.844866605185608,-0.7968689605772394,follow,-1.4168302518649938,35.47,
49.5,17.885628926424435,0.40762321238827015,follow,0.9727000922215936,37.74,
49.6,17.89823563018071,0.12606703756277843,follow,0.4015566103633432,37.23,
49.7,17.942919477709996,0.4468384752928608,follow,1.0226465547289294,37.87,
49.8,17.96633765745802,0.2341817974802484,follow,0.5856207834350045,37.5,
49.9,18.053319967238757,0.8698230978073608,follow,1.8204935138129699,38.77,
50.0,18.06508862383508,0.11768656596322905,follow,0.310020049141869,37.39,
50.1,18.044646998250926,-0.20441625584154063,follow,-0.327632935752618,36.77,
50.2,18.05706152408821,0.12414525837281051,follow,0.3230295026236121,37.39,
50.3,18.09281936820156,0.35757844113352566,follow,0.7744077138676886,37.86,
50.4,18.09805614495411,0.05236776752548626,follow,0.16077094769765665,37.3,
50.5,18.103053079232787,0.04996934278676276,follow,0.15291578256883298,37.3,
50.6,18.065490663821713,-0.3756241541107379,follow,-0.6845796188491846,36.47,
50.7,18.032157193570736,-0.33333470250975505,follow,-0.5882359957325676,36.51,
50.8,17.958455497798226,-0.7370169577250836,follow,-1.3682357903561027,35.68,
50.9,18.06905374596196,1.105982481637325,follow,2.272316753302661,39.21,
51.0,18.00261354489447,-0.6644020106749065,follow,-1.2435806189429428,35.86,
51.1,17.971632438589698,-0.3098110630477048,follow,-0.5239203173417053,36.48,
51.2,17.9409674665999,-0.3066497198979702,follow,-0.5074486578845452,36.45,
51.3,18.00394091630944,0.6297344970953784,follow,1.338548800100149,38.25,
51.4,17.995605445916297,-0.08335470393141793,follow,-0.08591137446416042,36.92,
51.5,18.075541727633766,0.7993628171746953,follow,1.646591831125555,38.64,
51.6,18.041869475630975,-0.33672252002791403,follow,-0.6133125914506508,36.5,
51.7,18.064219838314948,0.22350362683971678,follow,0.49719578655354013,37.56,
51.8,18.02211759404015,-0.42102244274798634,follow,-0.7763297574724177,36.32,
51.9,18.152289841694902,1.301722476547508,follow,2.616823608939775,39.65,
52.0,18.084890736013005,-0.673991056818977,follow,-1.3084347625423476,35.92,
52.1,18.10701922715323,0.2212849114022497,follow,0.47266389598049585,37.6,
52.2,18.14628755261721,0.39268325463978077,follow,0.7994711592701549,37.96,
52.3,18.170601322342463,0.24313769725253825,follow,0.4905686710741861,37.71,
52.4,18.159375657354808,-0.11225664987653974,follow,-0.21590198351369594,37.04,
52.5,18.151852853755194,-0.07522803599611716,follow,-0.13906348603220664,37.1,
52.6,18.15496648114492,0.031136273897262798,follow,0.07222071936720909,37.3,
52.7,18.147204136758702,-0.0776234438622038,follow,-0.14244972171737658,37.09,
52.8,18.20313316199631,0.5592902523760762,follow,1.1091937948619446,38.33,
52.9,18.3267828105981,1.236496486017926,follow,2.4153002570055335,39.72,
53.0,18.28579856133886,-0.40984249259238525,follow,-0.8601742158971462,36.63,
53.1,18.200679432932056,-0.8511912840680408,follow,-1.7086978420082914,35.72,
53.2,18.193293220006364,-0.07386212925692016,follow,-0.15101914939808836,37.15,
53.3,18.33830103322009,1.4500781321372578,follow,2.8400601699904584,40.13,
53.4,18.28227580889296,-0.5602522432713404,follow,-1.1574515498301352,36.35,
53.5,18.36860906267702,0.8633325378406143,follow,1.6565862866605627,39.08,
53.6,18.45203440883326,0.834253461562412,follow,1.567086405984469,39.12,
53.7,18.403654802414533,-0.4837960641872659,follow,-1.0480516132498892,36.63,
53.8,18.42218818427359,0.18533381859056247,follow,0.2845177963782035,37.89,
53.9,18.499768280216806,0.7758009594321651,follow,1.4367177235896165,39.07,
54.0,18.458610216543956,-0.41158063672849854,follow,-0.9196524203252068,36.83,
54.1,18.429371092321755,-0.29239124222201923,follow,-0.6679153248159295,37.02,
54.2,18.380280845777737,-0.49090246544019567,follow,-1.0440566384826298,36.6,
54.3,18.309421946455853,-0.7085889932188516,follow,-1.4504212686666094,36.12,
54.4,18.262933331663426,-0.46488614792427174,follow,-0.9441329196837742,36.52,
54.5,18.186416962982936,-0.765163686804906,follow,-1.5143999974951399,35.88,
54.6,18.186149696509005,-0.0026726647392830392,follow,0.010374555525594076,37.29,
54.7,18.14001325047586,-0.461364460331469,follow,-0.8892245447635077,36.39,
54.8,18.153637018019484,0.13623767543625076,follow,0.2999801242862077,37.51,
54.9,18.064518547470307,-0.8911847054917605,follow,-1.7204555270292303,35.51,
55.0,18.088107184391113,0.2358863692080667,follow,0.5232221787945335,37.62,
55.1,18.13897451276627,0.5086732837515966,follow,1.0478392234133267,38.18,
55.2,18.025838329744143,-1.1313618302212638,follow,-2.1884617691494057,35.02,
55.3,18.054318602954062,0.2848027320991713,follow,0.6312425053837885,37.67,
55.4,18.129701377768804,0.7538277481474164,follow,1.5385220955689007,38.62,
55.5,18.062135892405788,-0.6756548536301676,follow,-1.2945520666532033,35.9,
55.6,18.16266461460639,1.0052872220060058,follow,2.0267961613913172,39.12,
55.7,18.186129685720033,0.2346507111364586,follow,0.47600307809041453,37.72,
55.8,18.144015681971574,-0.42114003748457346,follow,-0.8191945285800486,36.46,
55.9,18.141534204981294,-0.024814769902802514,follow,-0.026023522957359546,37.19,
56.0,18.173896537457814,0.3236233247651868,follow,0.6576986925280579,37.87,
56.1,18.176900850192407,0.030043127345927217,follow,0.06915519381327329,37.33,
56.2,18.206264488196616,0.29363638004210085,follow,0.5846487247113927,37.85,
56.3,18.150836456618215,-0.5542803157840095,follow,-1.0893967322949294,36.22,
56.4,18.160779272723268,0.0994281610505176,follow,0.21374531507267136,37.44,
56.5,18.079905208711356,-0.8087406401191188,follow,-1.5711689090849035,35.67,
56.6,18.07810684168727,-0.017983670240853955,follow,0.010142186932966979,37.13,
56.7,18.031066191927458,-0.4704064975980965,follow,-0.8771602625309001,36.24,
56.8,17.99643699161174,-0.34629200315715014,follow,-0.6165992878911837,36.43,
56.9,18.076040325832288,0.7960333422054618,follow,1.6353445125823924,38.63,
57.0,18.143029349497546,0.6698902366525629,follow,1.355939511251563,38.47,
57.1,18.17870965236366,0.35680302866115676,follow,0.7154559757536774,37.93,
57.2,18.115475868036274,-0.6323378432738813,follow,-1.238064478545489,36.03,
57.3,18.100211403731386,-0.15264464304888806,follow,-0.27321380205441415,36.9,
57.4,18.173051457143767,0.7284005341238067,follow,1.459682894402917,38.61,
57.5,18.180578929364504,0.07527472220736534,follow,0.15042281428434734,37.41,
57.6,18.311610972774638,1.3103204341013468,follow,2.5691316059532454,39.84,
57.7,18.32553819646985,0.13927223695212695,follow,0.22258354083804477,37.69,
57.8,18.326892571093218,0.013543746233669714,follow,-0.028307294704774222,37.46,
57.9,18.299555028763194,-0.2733754233002539,follow,-0.5903388566398249,36.9,
58.0,18.299218469564774,-0.0033655919841857757,follow,-0.04933254314479285,37.4,
58.1,18.28253832460189,-0.16680144962884172,follow,-0.3688277043471615,37.08,
58.2,18.31572538302432,0.33187058422429117,follow,0.616192513097161,38.04,
58.3,18.36126982399053,0.4554444096621062,follow,0.8464119254635207,38.32,
58.4,18.304726527148286,-0.5654329684224112,follow,-1.1719047359857981,36.37,
58.5,18.22022688777849,-0.8449963936979513,follow,-1.6970897907224298,35.76,
58.6,18.111934381029762,-1.0829250674872797,follow,-2.130340331667732,35.2,
58.7,18.143415910715643,0.31481529685881654,follow,0.6520984284553535,37.82,
58.8,18.08134120180901,-0.6207470890663243,follow,-1.1951238660734589,36.02,
58.9,17.96264008426766,-1.187011175413486,follow,-2.2820118027135123,34.84,
59.0,17.99557759041551,0.32937506147850876,follow,0.7360398735985072,37.68,
59.1,18.14709141721665,1.5151382680113878,follow,3.0466336143767307,40.04,
59.2,18.14726106988188,0.0016965266522842547,follow,0.019362874175023137,37.24,
59.3,18.19588710699239,0.4862603711051346,follow,0.9691083951771802,38.19,
59.4,18.198412360659127,0.025252536667366307,follow,0.04616933951141533,37.34,
59.5,18.19059060175987,-0.0782175889925749,follow,-0.1576185409886932,37.14,
59.6,18.241349588875416,0.5075898711554717,follow,0.9941140973601961,38.28,
59.7,18.220369627573984,-0.2097996130143212,follow,-0.4320243833131272,36.93,
59.8,18.2321826089288,0.11812981354814432,follow,0.21944555863902337,37.55,
59.9,18.246371342768608,0.14188733839810033,follow,0.2617260866067994,37.61,
60.0,18.20312636455628,-0.4324497821232836,follow,-0.8695570141529103,36.5,
60.1,18.25718007016304,0.5405370560676183,follow,1.055310453165582,38.36,
60.2,18.24134397774405,-0.1583609241899,follow,-0.3357701052445634,37.05,
60.3,18.19374357628987,-0.4760040145418195,follow,-0.9520159666160808,36.41,
60.4,18.221762589580315,0.28019013290447486,follow,0.5493846355652039,37.84,
60.5,18.16658753298961,-0.5517505659070654,follow,-1.0926438843704673,36.24,
60.6,18.16707072434372,0.004831913541118518,follow,0.020118700515588728,37.27,
60.7,18.16498707025976,-0.02083654083962309,follow,-0.03060608651558283,37.22,
60.8,18.224742209626704,0.5975513936694518,follow,1.1825193946103596,38.43,
60.9,18.24642860022669,0.2168639059998412,follow,0.4128866855599398,37.75,
61.0,18.238308868631336,-0.08119731595354644,follow,-0.17964290034003483,37.19,
61.1,18.278060653602687,0.39751784971349785,follow,0.7625366970529939,38.12,
61.2,18.34766396372078,0.6960331011809475,follow,1.3329090195959736,38.75,
61.3,18.365845529634438,0.18181565913656292,follow,0.298504054418828,37.82,
61.4,18.35131470981012,-0.14530819824319366,follow,-0.34876829445165214,37.2,
61.5,18.263086729407906,-0.8822798040221091,follow,-1.7869720647151794,35.74,
61.6,18.193081217441748,-0.7000551196615684,follow,-1.3946300941118608,36.0,
61.7,18.16987649704689,-0.23204720394857403,follow,-0.4496218261626197,36.84,
61.8,18.130657315936077,-0.39219181110813545,follow,-0.7548147455703358,36.5,
61.9,18.11765358743467,-0.13003728501406678,follow,-0.22598597390411612,36.97,
62.0,18.118168658189717,0.005150707550468699,follow,0.043519618847994934,37.22,
62.1,18.14571784565085,0.2754918746113379,follow,0.5727470127154248,37.75,
62.2,18.137052267283924,-0.0866557836692747,follow,-0.14857676847627488,37.07,
62.3,18.16052102889359,0.2346876160966591,follow,0.48442159907411053,37.69,
62.4,18.15870885183919,-0.01812177054399549,follow,-0.02078154334039084,37.22,
62.5,18.040734524786114,-1.1797432705307809,follow,-2.2980632777587857,34.94,
62.6,17.987627170474838,-0.5310735431127649,follow,-0.9811017871791705,36.08,
62.7,17.982991426981194,-0.04635743493643099,follow,-0.011440755712257555,36.97,
62.8,17.918008877109102,-0.6498254987209167,follow,-1.194487140471793,35.78,
62.9,17.959313005161754,0.4130412805265163,follow,0.9129866843363459,37.79,
63.0,18.050390354102714,0.9107734894096048,follow,1.8710304922573755,38.81,
63.1,18.119031316341946,0.6864096223923416,follow,1.3944144688459303,38.47,
63.2,18.101705659438725,-0.17325656903221265,follow,-0.3185469745129197,36.86,
63.3,18.18279686831409,0.8109120887536233,follow,1.617441510841914,38.77,
63.4,18.18280204122133,5.172907238907643e-05,follow,-0.004195302471131868,37.27,
63.5,18.154242623098693,-0.28559418122636315,follow,-0.5642030618319964,36.71,
63.6,18.112003797400607,-0.42238825698086563,follow,-0.8213639346480406,36.41,
63.7,18.089514877933777,-0.22488919466831092,follow,-0.41800569610091287,36.75,
63.8,18.062718355110057,-0.26796522823719243,follow,-0.49427231690066264,36.64,
63.9,18.06909749396545,0.06379138855394592,follow,0.16592246733491578,37.26,
64.0,18.07413455116574,0.050370572002917266,follow,0.136353759051822,37.24,
64.1,18.069742627249262,-0.04391923916478476,follow,-0.05120182674860985,37.06,
64.2,18.090625483685645,0.20882856436383507,follow,0.4453860591261076,37.55,
64.3,18.152176187663773,0.6155070397812602,follow,1.2340617744715274,38.37,
64.4,18.196482324562044,0.44306136898270976,follow,0.8717357185043397,38.1,
64.5,18.1000607777061,-0.9642154685594246,follow,-1.9047234868430678,35.39,
64.6,17.948420755697796,-1.516400220083056,follow,-2.9500911665591474,34.2,
64.7,18.002801104206565,0.5438034850877037,follow,1.1473688664533057,38.07,
64.8,17.92309872492087,-0.7970237928569704,follow,-1.5042016563098457,35.5,
64.9,17.912759375994217,-0.10339348926651305,follow,-0.11464808738130472,36.77,
65.0,17.84903633917307,-0.6372303682114369,follow,-1.1591390639913257,35.71,
65.1,17.753838975604754,-0.9519736356831732,follow,-1.7535545087596063,35.02,
65.2,17.796260655840655,0.42421680235899173,follow,0.9792415365928662,37.61,
65.3,17.848146319075102,0.5188566323444594,follow,1.1456090162390211,37.84,
65.4,17.821728338088352,-0.2641798098675055,follow,-0.4122194786126556,36.36,
65.5,17.682679113168476,-1.3904922491987692,follow,-2.6125925071325327,34.12,
65.6,17.666404561447838,-0.16274551720638825,follow,-0.15401866975271616,36.37,
65.7,17.704260994264075,0.37856432816237146,follow,0.9103931578282385,37.41,
65.8,17.634051803127697,-0.7020919113637661,follow,-1.2263914913961145,35.33,
65.9,17.66182722362186,0.2777542049416054,follow,0.7189222953084595,37.17,
66.0,17.676976746743524,0.15149523121665376,follow,0.45725916456721194,36.95,
66.1,17.724574590510947,0.47597843767425196,follow,1.084534879884714,37.6,
66.2,17.74309573411005,0.18521143599101755,follow,0.4931381142335738,37.08,
66.3,17.698983148338055,-0.4411258577199567,follow,-0.7446436011650732,35.87,
66.4,17.78041053177645,0.8142738343839694,follow,1.7315252774929206,38.28,
66.5,17.7798202456593,-0.00590286117147544,follow,0.0893842023353244,36.76,
66.6,17.78650450063245,0.06684254973149398,follow,0.2302696315110424,36.9,
66.7,17.741907679731664,-0.4459682090078531,follow,-0.7797567509486782,35.9,
66.8,17.72697275887884,-0.14934920852823633,follow,-0.18286151959749475,36.43,
66.9,17.68851749795166,-0.3845526092717997,follow,-0.6404591383182563,35.95,
67.0,17.69214360534709,0.03626107395430691,follow,0.19722375307250672,36.73,
67.1,17.801769539279846,1.0962593393275317,follow,2.271784591979369,38.81,
67.2,17.730860873858724,-0.7090866542112345,follow,-1.3126543089197682,35.39,
67.3,17.650294067033396,-0.8056680682532773,follow,-1.476291310788092,35.12,
67.4,17.74781432961942,0.975202625860223,follow,2.0445588994499104,38.52,
67.5,17.74505885101706,-0.027554786023591016,follow,0.03827850557086521,36.66,
67.6,17.716032445033353,-0.2902640598370731,follow,-0.4775882765255872,36.14,
67.7,17.78513897083087,0.6910652579752055,follow,1.4559513324499704,38.03,
67.8,17.757594798737333,-0.2754417209353961,follow,-0.4677084562463065,36.21,
67.9,17.868370047352702,1.1077524861536965,follow,2.253607801893999,38.89,
68.0,17.90764459725089,0.39274549898187905,follow,0.8074449289709449,37.61,
68.1,17.87893208901084,-0.2871250824005232,follow,-0.5414668958763329,36.32,
68.2,18.001304620755274,1.2237253174443536,follow,2.4316018664837458,39.25,
68.3,17.960177255687743,-0.41127365067530314,follow,-0.8219569311329096,36.18,
68.4,17.996854177116745,0.36676921429002574,follow,0.7197341164683806,37.66,
68.5,18.0064550481729,0.09600871056152624,follow,0.17471873432488394,37.17,
68.6,18.07159617132758,0.651411231546817,follow,1.2603174277406524,38.27,
68.7,18.14831431598867,0.7671814466108924,follow,1.4626057430086306,38.57,
68.8,18.133926128326195,-0.14388187662475738,follow,-0.3524714739830088,36.87,
68.9,18.075406165545914,-0.585199627802791,follow,-1.2108891924892902,35.99,
69.0,18.088492090725836,0.13085925179922908,follow,0.21689075168112737,37.33,
69.1,18.036533833381178,-0.5195825734465992,follow,-1.062738136088754,36.07,
69.2,18.137937644587296,1.0140381120611803,follow,1.96519924992824,39.02,
69.3,18.127979263486075,-0.09958381101222005,follow,-0.25690646688094176,36.95,
69.4,18.089965792072217,-0.3801347141385948,follow,-0.8019688952291091,36.39,
69.5,18.08465838232629,-0.05307409745928434,follow,-0.14494868810832173,36.99,
69.6,17.993422040737816,-0.9123634158847341,follow,-1.8269875734894327,35.3,
69.7,17.92824829170737,-0.6517374903044472,follow,-1.2801330611067243,35.71,
69.8,17.988160201416648,0.599119097092781,follow,1.197627562438953,38.09,
69.9,17.940646477595603,-0.4751372382104323,follow,-0.9322403021249741,36.05,
70.0,17.873905313344746,-0.6674116425085821,follow,-1.2909697163934055,35.62,
70.1,17.899208878442685,0.2530356509793914,follow,0.5391420299828837,37.35,
70.2,17.959325862840615,0.6011698439792981,follow,1.2111866823359776,38.06,
70.3,17.989535084614438,0.3020922177382386,follow,0.6010112057390771,37.54,
70.4,18.033334312128304,0.4379922751386548,follow,0.8556973730783426,37.84,
70.5,17.976718596110437,-0.5661571601786679,follow,-1.1300014681924537,35.92,
70.6,17.885053980899745,-0.9166461521069266,follow,-1.795077894165658,35.17,
70.7,17.962316630858503,0.7726264995875981,follow,1.5524190286503838,38.38,
70.8,17.932711107124067,-0.29605523734434785,follow,-0.5734749462877531,36.37,
70.9,17.90887693100903,-0.23834176115038222,follow,-0.4490666606860998,36.45,
71.0,17.974137002706104,0.6526007169707622,follow,1.3066846034864597,38.17,
71.1,17.99236136352184,0.1822436081573616,follow,0.3587944959408418,37.32,
71.2,18.003430355231114,0.11068991709273296,follow,0.21145795471723972,37.2,
71.3,18.109744027029343,1.0631367179823112,follow,2.0748544671533296,39.08,
71.4,18.052409557402164,-0.573344696271802,follow,-1.1746160405440165,35.99,
71.5,18.08600655866092,0.33597001258755277,follow,0.6313856638967579,37.71,
71.6,18.068194774987276,-0.1781178367364268,follow,-0.3890098379913738,36.74,
71.7,18.063596582926674,-0.04598192060600783,follow,-0.12229216248091745,36.98,
71.8,18.12960786039623,0.6601127746955455,follow,1.2646051256099895,38.36,
71.9,18.134203880264973,0.0459601986874336,follow,0.03558820940565255,37.23,
72.0,18.139503892823164,0.05300012558190373,follow,0.048694179602541965,37.25,
72.1,18.174537148600255,0.35033255777091565,follow,0.6307441607652606,37.84,
72.2,18.126431104471163,-0.4810604412909104,follow,-1.0118057229003838,36.25,
72.3,18.054983366995046,-0.7144773747611559,follow,-1.44964665670674,35.74,
72.4,17.975311734779147,-0.796716322158996,follow,-1.5824750504925689,35.5,
72.5,17.848132507377272,-1.271792274018759,follow,-2.4829676021687206,34.48,
72.6,17.95361952326947,1.054870158921987,follow,2.12780123893409,38.9,
72.7,17.87619458368485,-0.7742493958462037,follow,-1.5004292849042073,35.43,
72.8,17.85164222269355,-0.24552360991300867,follow,-0.434291875527272,36.38,
72.9,17.825473825442554,-0.2616839725099357,follow,-0.4574633340403196,36.32,
73.0,17.83297984724722,0.07506021804667268,follow,0.21178926183617364,36.95,
73.1,17.868683447645665,0.3570360039844608,follow,0.7605302291291665,37.51,
73.2,17.904966252842758,0.36282805197094475,follow,0.7569748285315043,37.56,
73.3,17.857630398270807,-0.47335854571951796,follow,-0.8974493792641383,35.96,
73.4,17.835968287194344,-0.21662111076461965,follow,-0.3764455974062173,36.41,
73.5,17.840576882017825,0.04608594823481593,follow,0.14604756920848416,36.9,
73.6,17.815398966906518,-0.2517791511130609,follow,-0.44086532302673476,36.32,
73.7,17.8947262969782,0.7932733007168213,follow,1.6169015496402253,38.34,
73.8,17.906871987849037,0.12145690870838817,follow,0.26791055453270474,37.11,
73.9,17.93212644392279,0.252544560737522,follow,0.5196920182264435,37.38,
74.0,17.951378626125127,0.1925218220233634,follow,0.3918103341158101,37.29,
74.1,17.9986198267231,0.47241200597973415,follow,0.9329320608123055,37.86,
74.2,17.98708000753614,-0.11539819186959138,follow,-0.2379297400846525,36.76,
74.3,17.893055054776898,-0.9402495275924114,follow,-1.8506200113042084,35.13,
74.4,17.899232390892436,0.06177336115536588,follow,0.15041741783465312,36.99,
74.5,17.84643757821297,-0.5279481267946726,follow,-1.008848586338651,35.84,
74.6,17.802282720117145,-0.4415485809582683,follow,-0.8196563673194532,35.95,
74.7,17.82290605229833,0.2062333218118445,follow,0.4665759198242867,37.17,
74.8,17.878628275487475,0.557222231891479,follow,1.1456409215525056,37.88,
74.9,17.862893389524206,-0.15734885963269388,follow,-0.2779424132312158,36.54,
75.0,17.864404279923896,0.015108903996894983,follow,0.06565991571368812,36.86,
75.1,17.94338524712372,0.78980967199827,follow,1.583393580114155,38.38,
75.2,17.936307563912877,-0.07077683210845218,follow,-0.13507787068557775,36.78,
75.3,18.062236245596974,1.2592868168409874,follow,2.4755386541306876,39.38,
75.4,18.06778692178637,0.055506761893957424,follow,0.06664563160453696,37.16,
75.5,17.943439616878884,-1.2434730490748884,follow,-2.4816803826795635,34.62,
75.6,17.96790320041414,0.2446358353525484,follow,0.48484057468167663,37.4,
75.7,17.97109016038363,0.03186959969489413,follow,0.058145199378792256,37.01,
75.8,18.02611146311483,0.5502130273120219,follow,1.0733647594245568,38.03,
75.9,18.044847000946522,0.18735537831689972,follow,0.34083280532775717,37.38,
76.0,18.018630102939415,-0.26216898007106737,follow,-0.5472705014197814,36.52,
76.1,17.934201527128433,-0.8442857581098294,follow,-1.677945154409123,35.35,
76.2,17.91371379221258,-0.2048773491585194,follow,-0.39130229069265,36.51,
76.3,17.860232066727097,-0.5348172548548169,follow,-1.0305706883188677,35.84,
76.4,17.827151122552934,-0.33080944174161303,follow,-0.610348100090647,36.18,
76.5,17.864330522508006,0.37179399955071774,follow,0.7792733161706025,37.52,
76.6,17.963194971682686,0.988644491746792,follow,1.9735042162379912,38.77,
76.7,17.98710979471174,0.23914823029053897,follow,0.46520754247596585,37.41,
76.8,17.922450341321547,-0.6465945339019215,follow,-1.280664692067603,35.7,
76.9,17.957336671423636,0.3488633010208969,follow,0.6963244880176802,37.58,
77.0,18.036150521760934,0.7881385033729724,follow,1.5439949928645404,38.48,
77.1,18.011539107540294,-0.24611414220641373,follow,-0.5142257826414038,36.54,
77.2,18.018896240724892,0.0735713318459654,follow,0.12269133868956317,37.14,
77.3,18.038053244559556,0.19157003834664435,follow,0.3516556389126677,37.38,
77.4,18.014276393239783,-0.23776851319774708,follow,-0.4970798668393286,36.56,
77.5,18.078011391179132,0.6373499793934835,follow,1.228585410140326,38.25,
77.6,18.09780924718626,0.19797856007128506,follow,0.34298291323130314,37.46,
77.7,18.152135550122072,0.5432630293581446,follow,1.0132861292206101,38.16,
77.8,18.13242917701252,-0.19706373109554465,follow,-0.45820332518310636,36.77,
77.9,18.144372138120662,0.11942961108142873,follow,0.17135623448121606,37.37,
78.0,18.227992818938514,0.8362068081785128,follow,1.573441792819004,38.79,
78.1,18.24813995946662,0.20147140528104884,follow,0.29801077159223155,37.64,
78.2,18.39505385451592,1.4691389504929662,follow,2.777790060800065,40.15,
78.3,18.414676626654742,0.19622772138825723,follow,0.22741921822612454,37.82,
78.4,18.475355675943174,0.6067904928843154,follow,1.0279850600178833,38.65,
78.5,18.57985076302106,1.0449508707788457,follow,1.8669664860852393,39.58,
78.6,18.545618942423573,-0.34231820597488727,follow,-0.889776144531595,36.98,
78.7,18.49832607995726,-0.47292862466312435,follow,-1.128428413635362,36.69,
78.8,18.473412693055984,-0.24913386901274925,follow,-0.6674891199358939,37.08,
78.9,18.62262769113272,1.4921499807673713,follow,2.7598809604160266,40.47,
79.0,18.661187622817003,0.3855993168428262,follow,0.5360584633009182,38.47,
79.1,18.89062377819074,2.2943615537373603,follow,4.268218565774497,42.26,
79.2,18.92623628624416,0.35612508053419634,follow,0.3840643327138906,38.72,
79.3,19.012038501764206,0.8580221552004708,follow,1.3606455706337641,39.75,
79.4,19.182397493367603,1.7035899160339711,follow,2.991942247353691,41.51,
79.5,19.378925964360693,1.965284709930909,follow,3.446403759948595,42.22,
79.6,19.57508641108276,1.9616044672206792,follow,3.371611053458956,42.44,
79.7,19.715242194684052,1.4015578360128897,follow,2.20737038337586,41.57,
79.8,19.84433343122322,1.2909123653916617,follow,1.9471367079739252,41.52,
79.9,19.947136324875114,1.0280289365189343,follow,1.3934998531651672,41.16,
80.0,20.063358297015803,1.162219721406888,follow,1.629295512687328,41.55,
80.1,20.09836858380042,0.3501028678461371,follow,0.00496255447630034,40.1,
80.2,20.122545546200485,0.2417696240006666,follow,-0.2075528757006282,39.94,
80.3,20.204335418101245,0.8178987190076097,follow,0.9261816806992726,41.11,
80.4,20.279264546482295,0.7492912838105186,follow,0.7734968728481277,41.08,
80.5,20.340565093415044,0.613005469327497,follow,0.49110318027655353,40.91,
80.6,20.479777251687715,1.3921215827267148,follow,2.00915235987744,42.52,
80.7,20.636868832212404,1.5709158052468943,follow,2.320334122468431,43.04,
80.8,20.738363240949422,1.0149440873701896,follow,1.1846967516813933,42.14,
80.9,20.93272802416974,1.9436478322031878,follow,2.9824551385758724,44.09,
81.0,20.956086356612282,0.23358332442539748,follow,-0.429092036254616,40.97,
81.1,21.048628684586713,0.9254232797443067,follow,0.935870465081571,42.37,
81.2,21.111057394936182,0.6242871034946855,follow,0.3270569731199302,41.9,
81.3,21.103757365917037,-0.0730002901914602,follow,-1.0465860924042758,40.62,
81.4,21.22397920302545,1.2022183710841448,follow,1.4743639511244453,43.13,
81.5,21.344638433546194,1.206592305207452,follow,1.4540311954618232,43.29,
81.6,21.577881264127566,2.332428305813701,follow,3.633042349680707,45.65,
81.7,21.74948406051914,1.71602796391576,follow,2.353178103808652,44.72,
81.8,21.80984242109057,0.6035836057142906,follow,0.12577390922128728,42.75,
81.9,22.072769140987504,2.6292671989693623,follow,4.095236368364148,46.81,
82.0,22.288567203180687,2.15798062193185,follow,3.0908462885187475,46.2,
82.1,22.45932755990461,1.7076035672392504,follow,2.1471491952289696,45.58,
82.2,22.575821898534386,1.1649433862977352,follow,1.0410086601430777,44.73,
82.3,22.646195428919125,0.7037353038473896,follow,0.11626715219841799,43.98,
82.4,22.76383165138163,1.1763622246250502,follow,1.0407068566213127,45.01,
82.5,22.988259409682374,2.2442775830074444,follow,3.1142525229275506,47.26,
82.6,23.26799269699604,2.7973328731366505,follow,4.137610885476434,48.62,
82.7,23.519753998715686,2.51761301719646,follow,3.5080109545059344,48.41,
82.8,23.625203571808285,1.0544957309259941,follow,0.5703690019264727,45.85,
82.9,23.691026621561228,0.6582304975294191,follow,-0.21780535771242882,45.22,
83.0,23.855126402650356,1.6409978108912957,follow,1.7134600676581613,47.25,
83.1,23.883946010553824,0.2881960790346939,follow,-0.9726896039755317,44.81,
83.2,24.074828228848702,1.9088221829487835,follow,2.2240809841692624,48.05,
83.3,24.232932038428192,1.5810380957948946,follow,1.5377576567269458,47.65,
83.4,24.371298664231578,1.3836662580338532,follow,1.120601942357709,47.47,
83.5,24.430330845103363,0.5903218087178419,follow,-0.4569479963473668,46.1,
83.6,24.655240116142107,2.249092710387452,follow,2.804503732344955,49.45,
83.7,24.802508331678734,1.4726821553662646,follow,1.2271398257868427,48.21,
83.8,24.906077668552594,1.0356933687386114,follow,0.3462375024818982,47.55,
83.9,24.887320188658087,-0.1875747989450729,follow,-2.0591165028288927,45.3,
84.0,25.098968539472683,2.1164835081459374,follow,2.499019717012871,49.83,
84.1,25.398968539472683,3.0,follow,5.191547190790978,52.84,
84.2,25.698968539472684,3.0,follow,4.89154719079098,52.99,
84.3,25.873857905548554,1.7488936607587182,follow,1.531547190790974,50.08,
84.4,26.041489782310414,1.6763187676185898,follow,1.3592131416771736,50.17,
84.5,26.297107033641666,2.556172513312533,follow,3.0577653265343727,52.12,
84.6,26.436777330572614,1.3967029693094735,follow,0.7243394495375028,50.17,
84.7,26.68582718923788,2.4904985866526705,follow,2.8548340041410754,52.51,
84.8,26.972229567719396,2.8640237848151564,follow,3.5312592161431837,53.56,
84.9,27.272229567719396,3.0,follow,4.171655648420909,54.63,
85.0,27.48577507911164,2.1354551139224345,follow,1.9516556484209033,52.86,
85.1,27.6930960145308,2.0732093541915813,follow,1.7913373813325464,53.02,
85.2,27.848608235771724,1.555122212409247,follow,0.7403559782038016,52.28,
85.3,28.013874128065922,1.6526589229419748,follow,0.9170876463424094,52.69,
85.4,28.234224267245956,2.20350139180034,follow,1.9791888079011173,54.0,
85.5,28.50701680958662,2.727925423406627,follow,2.9686635991310695,55.32,
85.6,28.80701680958662,3.0,follow,3.8194747856200664,56.58,
85.7,28.979538860822974,1.7252205123635287,follow,0.8694747856200706,54.08,
85.8,29.279538860822974,3.0,follow,4.810691708765539,58.28,
85.9,29.50319314163413,2.236542808111575,follow,1.7606917087655418,55.68,
86.0,29.751278561672002,2.480854200378693,follow,2.2052102875488018,56.46,
86.1,29.938730657364523,1.8745209569252095,follow,0.9730821574919943,55.6,
86.2,29.98429574989406,0.4556509252953491,follow,-1.8280959860467902,53.08,
86.3,30.28429574989406,3.0,follow,4.163556375158912,59.14,
86.4,30.58429574989406,3.0,follow,3.8435563751589115,59.27,
86.5,30.83145412960936,2.4715837971529693,follow,2.003556375158915,57.88,
86.6,31.112198449651594,2.80744320042235,follow,2.6228188055859576,58.87,
86.7,31.412198449651594,3.0,follow,3.3917023255226155,60.06,
86.8,31.545900350341707,1.3370190069011298,follow,-0.3782976744773876,56.74,
86.9,31.782725757954548,2.3682540761284177,follow,1.6511494744874398,58.97,
87.0,32.08272575795455,3.0,follow,4.085911363068178,61.76,
87.1,32.257191082722564,1.7446532476801488,follow,0.31591136306817447,58.44,
87.2,32.55719108272256,3.0,follow,3.2742133759161476,61.66,
87.3,32.72903993488481,1.7184885216224666,follow,0.1942133759161635,59.03,
87.4,33.02903993488481,3.0,follow,3.7164400976727876,62.81,
87.5,33.329039934884804,3.0,follow,2.7364400976727907,62.28,43.58170718652476
87.6,33.4841894434279,1.551495085430964,follow,-0.26355990232720927,59.73,
87.7,33.7841894434279,3.0,follow,5.173715834858157,65.4,
87.8,34.03591017049998,2.5172072707208066,follow,1.5337158348581497,62.21,48.37818490525804
87.9,34.283677977785906,2.477678072859246,follow,1.426134744250028,62.48,
88.0,34.583677977785904,3.0,follow,3.4344830333211434,64.86,
88.1,34.8836779777859,3.0,follow,5.264483033321142,67.14,71.14715144410458
88.2,35.121086648625344,2.374086708394443,follow,1.0244830333211539,63.35,891.1659393858672
88.3,35.42108664862534,3.0,follow,3.2183700270619937,65.9,
88.4,35.72108664862534,3.0,follow,3.9383700270619784,67.07,63.20878703628068
88.5,36.021086648625335,3.0,follow,4.478370027061999,68.06,53.96932881193345
88.6,36.32108664862533,3.0,follow,3.4483700270619977,67.48,29.7126488066164
88.7,36.62108664862533,3.0,follow,2.3483700270620034,66.83,22.800417732905647
88.8,36.89652988931419,2.7544324068885886,follow,1.4083700270620056,66.34,46.18073072720495
88.9,37.196529889314185,3.0,follow,3.3252051660287236,68.67,19.86674560873679
89.0,37.45257529728344,2.560454079692522,follow,0.9352051660287231,66.73,24.60023877192575
89.1,37.51707843670907,0.6450313942563297,follow,-2.8388629459251575,63.34,19.095116744613595
89.2,37.81707843670907,3.0,follow,4.534382344936404,70.81,27.37064288243029
89.3,38.117078436709065,3.0,follow,5.544382344936395,72.27,24.113483022271463
89.4,38.26446698771258,1.473885510035195,follow,-1.355617655063611,65.82,27.6036532856935
89.5,38.56446698771258,3.0,follow,1.7632995184311255,69.16,16.217736049844945
89.6,38.864466987712575,3.0,follow,5.283299518431136,73.13,17.10856586569045
89.7,39.16446698771257,3.0,follow,8.453299518431137,76.75,14.523697504111375
89.8,39.46446698771257,3.0,follow,4.083299518431133,72.83,14.552998387004843
89.9,39.76446698771257,3.0,follow,2.4732995184311477,71.67,16.309145159218968
90.0,40.064466987712564,3.0,follow,3.723299518431162,73.37,17.164713217088895
90.1,40.36446698771256,3.0,follow,7.233299518431153,77.33,12.11220923357079
90.2,40.66446698771256,3.0,follow,2.773299518431145,73.32,15.10361491500196
90.3,40.964466987712555,3.0,follow,2.463299518431157,73.46,15.648208879149974
90.4,41.26446698771255,3.0,follow,3.193299518431175,74.64,12.368946611520578
90.5,41.56446698771255,3.0,follow,2.143299518431178,74.04,15.251931919077292
90.6,41.86446698771255,3.0,follow,4.633299518431173,76.98,9.653309759588272
90.7,42.164466987712544,3.0,follow,8.133299518431187,80.93,9.191924975463634
90.8,42.46446698771254,3.0,follow,5.133299518431187,78.38,8.06837885178259
90.9,42.76446698771254,3.0,follow,3.8032995184311886,77.5,11.62883695618703
91.0,43.064466987712535,3.0,follow,3.713299518431185,77.86,9.875112689461456
91.1,43.36446698771253,3.0,follow,0.7032995184311943,75.3,8.390470442768093
91.2,43.66446698771253,3.0,follow,6.493299518431215,81.54,9.08577635993772
91.3,43.96446698771253,3.0,follow,4.193299518431203,79.69,7.396189536882007
91.4,44.264466987712524,3.0,follow,3.9432995184312034,79.89,10.731460040304103
91.5,44.56446698771252,3.0,follow,12.093299518431209,88.49,8.688721766859523
91.6,44.86446698771252,3.0,follow,5.053299518431231,81.9,7.759747611636644
91.7,45.164466987712515,3.0,follow,2.4532995184312227,79.75,7.761959826760354
91.8,45.46446698771251,3.0,follow,3.2132995184312136,80.96,7.44496259830297
91.9,45.76446698771251,3.0,follow,7.063299518431236,85.26,7.423940535614026
92.0,46.06446698771251,3.0,follow,4.453299518431237,83.1,6.454636147602171
92.1,46.364466987712504,3.0,follow,0.5332995184312352,79.63,6.672271169042195
92.2,46.6644669877125,3.0,follow,6.383299518431244,85.93,7.916556390772085
92.3,46.9644669877125,3.0,follow,2.3332995184312466,82.33,7.0101095338031705
92.4,47.264466987712495,3.0,follow,8.683299518431255,89.13,7.525032582087812
92.5,47.56446698771249,3.0,follow,6.623299518431253,87.52,6.105563609377463
92.6,47.86446698771249,3.0,follow,2.663299518431259,84.01,5.53992435527552
92.7,48.16446698771249,3.0,follow,7.013299518431268,88.81,6.064406446101213
92.8,48.464466987712484,3.0,follow,3.803299518431274,86.05,5.812434859790654
92.9,48.76446698771248,3.0,follow,5.753299518431277,88.45,6.266619921035715
93.0,49.06446698771248,3.0,follow,4.7132995184312705,87.86,5.08906530752047
93.1,49.364466987712476,3.0,follow,1.1432995184312773,84.74,5.891076817263144
93.2,49.66446698771247,3.0,follow,1.553299518431288,85.6,5.211736859652089
93.3,49.96446698771247,3.0,follow,5.843299518431294,90.34,5.30025374598848
93.4,50.26446698771247,3.0,follow,2.1432995184312915,87.09,4.845206261723122
93.5,50.564466987712464,3.0,follow,1.8332995184313035,87.23,4.59965471513217
93.6,50.86446698771246,3.0,follow,0.23329951843130914,86.08,5.110283398269166
93.7,51.16446698771246,3.0,follow,3.773299518431301,90.07,5.019374499207792
93.8,51.464466987712456,3.0,follow,8.033299518431306,94.78,4.824768218923148
93.9,51.76446698771245,3.0,follow,-0.49670048156868063,86.7,4.336199612286802
94.0,52.06446698771245,3.0,follow,2.2932995184313256,89.94,4.637405093781766
94.1,52.36446698771245,3.0,follow,5.89329951843132,93.99,5.290898965052664
94.2,52.664466987712444,3.0,follow,1.7032995184313222,90.25,4.5069863809798205
94.3,52.96446698771244,3.0,follow,2.9932995184313285,91.99,4.259887500457577
94.4,53.26446698771244,3.0,follow,-1.3067004815686545,88.14,4.257052357460291
94.5,53.564466987712436,3.0,follow,2.593299518431337,92.49,4.386641599899164
94.6,53.86446698771243,3.0,follow,0.7432995184313427,91.09,3.824985881355219
94.7,54.16446698771243,3.0,follow,3.793299518431354,94.59,4.386382471400661
94.8,54.46446698771243,3.0,follow,4.163299518431359,95.41,4.318275704639587
94.9,54.764466987712424,3.0,follow,7.873299518431352,99.57,4.623750383829544
95.0,55.06446698771242,3.0,follow,2.1132995184313614,94.26,4.539485653822912
95.1,55.36446698771242,3.0,follow,1.21329951843137,93.81,4.3003571919882795
95.2,55.664466987712416,3.0,follow,0.6332995184313859,93.68,3.9822368791153515
95.3,55.96446698771241,3.0,follow,-1.1067004815686232,92.39,3.742839577860461
95.4,56.26446698771241,3.0,follow,0.6232995184313666,94.57,4.403834565678045
95.5,56.56446698771241,3.0,follow,-1.3767004815686192,93.02,3.8351698285979654
95.6,56.864466987712404,3.0,follow,-0.29670048156860673,94.55,3.8350048308536944
95.7,57.1644669877124,3.0,follow,2.7232995184313893,98.02,3.9154019156114206
95.8,57.39771256657027,2.3324557885787014,follow,-4.086700481568613,91.66,3.6506710739568105
95.9,57.69771256657027,3.0,follow,1.8634311501445922,97.96,3.7987083866829585
96.0,57.997712566570264,3.0,follow,2.1234311501445973,98.67,3.7167043960031587
96.1,58.29771256657026,3.0,follow,-2.216568849855392,94.78,3.527654234247264
96.2,58.31903845161437,0.21325885044109327,follow,-8.196568849855396,89.25,3.374413786847985
96.3,58.56105633760275,2.4201788598837997,follow,-3.7085576774215525,93.77,3.4434947670581226
96.4,58.86105633760275,3.0,follow,1.5684154935958645,99.41,3.5834972825187865
96.5,59.161056337602744,3.0,follow,-2.4915845064041235,95.8,3.507736896580579
96.6,59.303428128622784,1.4237179102003976,follow,-5.571584506404108,93.17,3.346211521426204
96.7,59.51042689312339,2.069987645006025,follow,-4.195142192934171,94.76,3.585261803874021
96.8,59.810426893123385,3.0,follow,-0.45564033968507545,98.81,3.2164266578638636
96.9,60.11042689312338,3.0,follow,-1.595640339685076,98.12,3.564056612013839
97.0,60.313193829267384,2.027669361440025,follow,-4.155640339685064,96.01,3.4744445608857597
97.1,60.48456345445668,1.713696251893011,follow,-4.689790743901071,95.78,3.090219358654263
97.2,60.6417035125751,1.5714005811841831,follow,-4.876845181685027,95.85,3.242370655643267
97.3,60.710035511065776,0.6833199849067473,follow,-6.5225552688626465,94.44,3.1787239017208497
97.4,61.01003551106577,3.0,follow,0.9149467334013366,101.98,3.2864931773485213
97.5,61.14760250313645,1.3756699207067662,follow,-5.055053266598662,96.46,3.149446646701188
97.6,61.447602503136444,3.0,follow,-0.6414037547046689,101.08,3.2306725959544895
97.7,61.74760250313644,3.0,follow,-0.07140375470467575,102.1,3.525844378482003
97.8,62.0387077595377,2.911052564012627,follow,-1.931403754704661,100.69,3.348664026576315
97.9,62.09702206006956,0.5831430053186168,follow,-6.45806163930655,96.6,3.2343365135538056
98.0,62.27497725497143,1.7795519490186709,follow,-3.9855330901043544,99.16,3.2399958730207055
98.1,62.3761733443732,1.0119608940176992,follow,-5.412465882457155,98.0,3.0175968997584937
98.2,61.5761733443732,-8.0,emergency,-8.054260016559795,95.51,3.06454048575853
98.3,61.78763546705328,2.1146212268007796,follow,-3.144260016559798,99.22,3.2544340838509087
98.4,60.98763546705328,-8.0,emergency,-7.82145320057991,94.86,3.0289643067017127
98.5,61.28763546705328,3.0,follow,0.448546799420086,101.93,3.4115818874756823
98.6,61.41188502413119,1.242495570779123,follow,-4.801453200579914,97.13,3.140125470019853
98.7,61.62535803689206,2.134730127608718,follow,-2.9578275361967883,99.16,3.166497406262492
98.8,61.83535253664053,2.0999449974846875,follow,-2.968037055338087,99.47,3.252210347447763
98.9,61.947264420102904,1.1191188346237286,follow,-4.83302880496079,97.92,3.160007888159197
99.0,62.17685201567544,2.295875955725397,follow,-2.430896630154365,100.49,3.1396402229992737
99.1,62.22834526355653,0.5149324788108673,follow,-5.875278023513161,97.39,3.1704181707841226
99.2,62.475553999951195,2.472087363946704,follow,-1.9225178953347921,101.42,3.0672403069414687
99.3,62.36889875011634,-1.0665524983485657,follow,-8.823330999926796,94.89,3.0163166471187774
99.4,62.48648929589392,1.1759054577758317,follow,-4.2533481251745116,99.3,3.137788810365263
99.5,62.786489295893915,3.0,follow,0.9802660561591239,104.71,3.1907739751156616
99.6,61.98648929589392,-8.0,emergency,-8.179733943840873,96.0,3.0489267665836324
99.7,61.18648929589392,-8.0,emergency,-5.999733943840866,96.98,3.0149389045194797
99.8,61.454501082850506,2.6801178695658323,follow,-1.239733943840875,100.54,3.2937475284890443
99.9,61.650280234161066,1.9577915131056294,follow,-2.631751624275765,99.55,3.133431599163505
100.0,61.854460528772094,2.041802946110299,follow,-2.4154203512415933,100.06,3.0954886288337686
100.1,62.06151561049414,2.0705508172204468,follow,-2.311690793158135,100.47,3.223134904809568
100.2,62.27285928767129,2.113436771771499,follow,-2.182273415741207,100.91,3.0576138606783214
100.3,62.53725290012864,2.643936124573566,follow,-1.0992889315069334,102.31,3.013793201499739
100.4,61.737252900128645,-8.0,emergency,-3.575879350192963,100.23,3.0074485977094474
100.5,61.83599111230151,0.987382121728622,follow,-4.325879350192963,98.28,3.115451331046475
100.6,62.06156997189295,2.255788595914453,follow,-1.7539866684522565,101.0,3.014784085782747
100.7,62.36156997189295,3.0,follow,1.5376450421605625,104.63,3.358739225483796
100.8,61.56156997189295,-8.0,emergency,-4.942354957839427,98.6,2.9161615412110318
100.9,61.557515707099355,-0.04054264793592255,follow,-6.2523549578394295,96.09,3.1497156609719963
101.0,61.85751570709935,3.0,follow,-0.06627356064903722,102.27,3.1792943207432414
101.1,61.953022965043985,0.9550725794463002,follow,-4.176273560649022,98.61,3.0254941404410145
101.2,61.15302296504399,-8.0,emergency,-10.409534447565974,92.52,2.8703482171168346
101.3,61.444617644195205,2.915946791512163,follow,-0.24953444756597776,101.48,3.1967623972486736
101.4,61.50404579594379,0.5942815174858223,follow,-4.796926466292803,97.37,3.020719168062133
101.5,61.62094076761731,1.1689497167352307,follow,-3.5760686939156727,98.68,3.142581005145082
101.6,61.789577205263896,1.6863643764658178,follow,-2.4914111514259787,99.94,3.076063420850177
101.7,61.92089154427909,1.3131433901519292,follow,-3.174365807895839,99.51,3.0486299635844647
101.8,62.11752597055172,1.9663442627263423,follow,-1.8313373164186402,101.05,3.031118748561643
101.9,61.31752597055172,-8.0,emergency,-5.5362889558275725,97.64,3.0212708760247065
102.0,61.52788652589808,2.103605553463596,follow,-1.5262889558275816,100.45,3.113967181927874
102.1,60.727886525898086,-8.0,emergency,-4.141829788847119,98.15,2.9502926169834405
102.2,61.01548820980462,2.876016839065354,follow,0.01817021115287787,101.11,3.03766011670566
102.3,61.26223653510346,2.467483252988378,follow,-0.783232314706936,100.74,3.1706927489570242
102.4,60.462236535103465,-8.0,emergency,-5.763354802655201,96.13,3.050561006449502
102.5,60.76223653510346,3.0,follow,1.4266451973448113,102.12,3.1741653984352562
102.6,60.85407202639958,0.9183549129611452,follow,-3.833354802655194,97.31,3.028249887535432
102.7,61.13802874780888,2.8395672140930714,follow,0.008891960400646326,101.29,3.1468220931949755
102.8,61.333461671990776,1.9543292418189537,follow,-1.7270431217133222,99.98,3.0120389668295693
102.9,61.63346167199077,3.0,follow,2.329807492013842,104.33,3.090942227314566
103.0,60.833461671990776,-8.0,emergency,-4.23019250798616,98.22,3.053775772075364
103.1,60.03346167199078,-8.0,emergency,-3.420192507986158,97.83,3.0172595693109194
103.2,60.25432674184306,2.208650698522809,follow,-1.2401925079861655,98.81,3.1363945914376155
103.3,59.45432674184306,-8.0,emergency,-2.4214901127646016,97.96,3.0091238186808833
103.4,59.75432674184306,3.0,follow,2.0485098872354115,101.23,3.309865240927639
103.5,59.755103951230886,0.007772093878303465,follow,-5.571490112764593,94.06,3.0239410274106437
103.6,59.83542021398778,0.8031626275689763,follow,-3.9026559268463217,95.73,3.0472296518057087
103.7,59.90262962671693,0.6720941272914871,follow,-4.083130320981667,95.67,3.0938507221048823
103.8,60.20262962671693,3.0,follow,1.8060555599246015,101.66,3.311117035771331
103.9,60.502629626716924,3.0,follow,3.596055559924622,103.9,3.2877010940938516
104.0,59.70262962671693,-8.0,emergency,-2.2339444400753905,98.52,2.9627732033812992
104.1,58.90262962671693,-8.0,emergency,-1.2339444400753905,98.32,3.0703287377114785
104.2,59.20262962671693,3.0,follow,0.6760555599246061,99.03,3.111936416368892
104.3,59.502629626716924,3.0,follow,3.4460555599246163,102.25,3.232421749522829
104.4,59.62062861129101,1.179989845740859,follow,-3.1939444400753843,96.06,3.0601489759732887
104.5,59.9023567291051,2.817281178140931,follow,0.07905708306348913,99.51,3.038254646010597
104.6,60.2023567291051,3.0,follow,1.8364649063423428,101.69,3.144174088850133
104.7,60.48076816789582,2.784114387907212,follow,-0.023535093657642392,100.28,2.996942553644491
104.8,59.68076816789582,-8.0,emergency,-1.3711522518437391,99.35,3.0484092761540578
104.9,59.98076816789582,3.0,follow,2.2288477481562694,101.75,3.029106077343208
105.0,59.18076816789582,-8.0,emergency,-9.201152251843737,90.77,2.7980225230864972
105.1,59.48076816789582,3.0,follow,2.0088477481562705,100.78,3.040967532479461
105.2,58.68076816789582,-8.0,emergency,-2.391152251843735,96.83,3.0183192463857726
105.3,58.725855292021706,0.4508712412588576,follow,-4.681152251843727,93.34,3.0587377973444356
105.4,59.0258552920217,3.0,follow,2.1812170619674447,100.27,3.0846750254441218
105.5,59.3258552920217,3.0,follow,4.281217061967439,102.82,3.435824941231071
105.6,59.578374533024046,2.5251924100234677,follow,-0.6487829380325536,98.34,3.075203209545387
105.7,59.878374533024044,3.0,follow,2.1924382004639256,101.56,3.1174053787444387
105.8,60.17837453302404,3.0,follow,3.7024382004639307,103.52,3.0646826980615005
105.9,60.47837453302404,3.0,follow,2.3524382004639506,102.62,3.1231003194288456
106.0,60.778374533024035,3.0,follow,2.8724382004639466,103.59,3.024669094882539
106.1,59.97837453302404,-8.0,emergency,-0.24756179953605795,100.92,3.064833944317136
106.2,60.22204702195353,2.4367248892949123,follow,-1.027561799536059,98.94,3.165872620455803
106.3,59.42204702195353,-8.0,emergency,-6.363070532930294,93.97,2.877920638078815
106.4,59.65829100368038,2.3624398172684886,follow,-1.1530705329303004,97.98,3.0677909468828295
106.5,58.858291003680385,-8.0,emergency,-3.2874365055205743,96.2,2.9447515325843705
106.6,59.15829100368038,3.0,follow,6.842563494479421,105.13,3.2359350631306065
106.7,59.43009181376668,2.7180081008629395,follow,-0.5674365055205755,98.17,3.130411753351584
106.8,58.63009181376668,-8.0,emergency,-0.09513772065001547,99.05,3.044873053757635
106.9,58.93009181376668,3.0,follow,2.3648622793499783,100.31,3.2420718271872557
107.0,59.23009181376668,3.0,follow,0.41486227934998965,98.81,3.0714864157681965
107.1,59.530091813766674,3.0,follow,4.844862279349982,103.69,3.092446050428866
107.2,58.73009181376668,-8.0,emergency,-2.46513772065002,96.83,3.0420898741523743
107.3,59.030091813766674,3.0,follow,1.1448622793499794,99.24,3.1099879179033203
107.4,58.23009181376668,-8.0,emergency,-2.0851377206500246,96.46,3.0680571981587863
107.5,57.43009181376668,-8.0,emergency,-2.6051377206500206,94.74,2.922261927702813
107.6,57.73009181376668,3.0,follow,0.6948622793499908,96.84,3.0168138010891448
107.7,58.030091813766674,3.0,follow,1.9348622793499857,98.53,3.072332956580567
107.8,58.33009181376667,3.0,follow,0.32486227934998624,97.37,3.0154760959362443
107.9,58.595316461331294,2.6522464756462214,follow,-0.9151377206500086,96.58,3.012916753341231
108.0,57.795316461331296,-8.0,emergency,-3.4229746919969415,94.47,2.984332824958496
108.1,56.9953164613313,-8.0,emergency,1.677025308003067,98.37,3.065888414052388
108.2,57.23882628563658,2.4350982430527828,follow,-1.3229746919969472,94.17,3.033942041925013
108.3,57.538826285636574,3.0,follow,5.001760571545134,100.86,3.2307428561593468
108.4,57.83882628563657,3.0,follow,2.541760571545126,98.85,3.1272910644239458
108.5,58.03014815483359,1.9132186919701848,follow,-2.468239428454851,94.29,2.9980780864941177
108.6,58.33014815483359,3.0,follow,0.6447777677496163,97.69,3.053752659324256
108.7,57.53014815483359,-8.0,emergency,-1.1252222322503798,96.37,3.0564398088699254
108.8,57.83014815483359,3.0,follow,3.2347777677496197,99.53,3.0833191818884673
108.9,58.130148154833584,3.0,follow,5.794777767749622,102.54,3.029233418151464
109.0,57.33014815483359,-8.0,emergency,-4.165222232250372,93.03,2.9533194429031555
109.1,57.630148154833584,3.0,follow,2.9147777677496123,98.91,3.088992578101769
109.2,57.93014815483358,3.0,follow,1.6547777677496214,98.1,3.0352583636077433
109.3,57.130148154833584,-8.0,emergency,3.6547777677496214,100.55,3.0702151185584747
109.4,57.43014815483358,3.0,follow,3.494777767749625,99.19,3.010305129248696
109.5,57.73014815483358,3.0,follow,0.1847777677496225,96.33,3.0407054767924913
109.6,56.93014815483358,-8.0,emergency,1.014777767749635,97.61,3.0733483837714632
109.7,57.23014815483358,3.0,follow,0.7947777677496219,96.19,3.046865650685036
109.8,57.530148154833576,3.0,follow,5.8747777677496344,101.72,3.138523141395443
109.9,57.83014815483357,3.0,follow,2.294777767749636,98.59,3.009449149437183
110.0,58.13014815483357,3.0,follow,7.40477776774965,104.15,3.2115178599477625
110.1,57.33014815483357,-8.0,emergency,1.1447777677496447,98.34,3.0009019042379554
110.2,56.530148154833576,-8.0,emergency,0.43477776774965093,96.43,3.055435593233466
110.3,55.73014815483358,-8.0,emergency,-0.755222232250361,94.04,3.0121573905933086
110.4,54.93014815483358,-8.0,emergency,-0.4152222322503576,93.18,3.0600836332945343
110.5,55.23014815483358,3.0,follow,1.4247777677496174,93.82,3.0550161961766156
110.6,55.530148154833576,3.0,follow,6.444777767749642,99.29,3.237349865372334
110.7,55.83014815483357,3.0,follow,6.694777767749628,99.99,3.171250560225215
110.8,56.13014815483357,3.0,follow,0.07477776774963729,93.82,3.0659982273706827
110.9,56.43014815483357,3.0,follow,6.924777767749646,101.12,3.1075457775683013
111.0,56.730148154833564,3.0,follow,2.40477776774965,97.05,2.9981327096740005
111.1,57.03014815483356,3.0,follow,3.8047777677496555,98.9,3.006065490482298
111.2,57.33014815483356,3.0,follow,7.684777767749665,103.23,3.2390812712410852
111.3,57.630148154833556,3.0,follow,5.114777767749658,101.11,3.0509821358554463
111.4,56.83014815483356,-8.0,emergency,1.2247777677496714,97.67,3.0733022238961785
111.5,56.03014815483356,-8.0,emergency,0.5747777677496515,95.82,2.9159941564629057
111.6,55.230148154833564,-8.0,emergency,-1.9552222322503354,92.09,2.98604272384362
111.7,55.53014815483356,3.0,follow,3.474777767749643,96.32,3.1333616062892884
111.8,55.83014815483356,3.0,follow,4.524777767749654,97.82,3.088713053117515
111.9,56.130148154833556,3.0,follow,1.7647777677496634,95.51,3.050448676502206
112.0,56.43014815483355,3.0,follow,3.844777767749676,98.04,2.9890108891338185
112.1,56.73014815483355,3.0,follow,4.0047777677496725,98.65,3.105116146113762
112.2,57.03014815483355,3.0,follow,2.6647777677496833,97.76,3.1054491713054304
112.3,56.23014815483355,-8.0,emergency,0.9447777677496703,96.49,2.95617530724079
112.4,56.53014815483355,3.0,follow,4.564777767749675,98.91,2.9927248597079137
112.5,56.830148154833545,3.0,follow,4.904777767749678,99.7,3.11172094205686
112.6,56.03014815483355,-8.0,emergency,-0.06522223225030643,95.18,3.049649092590398
112.7,56.330148154833545,3.0,follow,8.504777767749673,102.55,3.1028605233348157
112.8,55.53014815483355,-8.0,emergency,3.604777767749681,98.1,3.0437340693790134
112.9,55.830148154833545,3.0,follow,5.144777767749673,98.44,3.03077435271337
113.0,56.13014815483354,3.0,follow,6.724777767749686,100.47,2.991946299246399
113.1,55.330148154833545,-8.0,emergency,4.864777767749686,99.06,3.0451751872910244
113.2,55.63014815483354,3.0,follow,8.184777767749694,101.18,3.0725643724487353
113.3,55.93014815483354,3.0,follow,5.764777767749678,99.21,2.9954576149902072
113.4,55.13014815483354,-8.0,emergency,2.6547777677496924,96.55,3.031383073342084
113.5,55.43014815483354,3.0,follow,6.724777767749686,99.42,3.104920049690409
113.6,55.730148154833536,3.0,follow,1.8347777677496993,94.98,3.0200175697869533
113.7,54.93014815483354,-8.0,emergency,5.064777767749689,98.66,3.0384832101640216
113.8,55.230148154833536,3.0,follow,5.84477776774969,98.24,3.1236736792574256
113.9,55.53014815483353,3.0,follow,4.874777767749691,97.72,2.9947764728590314
114.0,55.83014815483353,3.0,follow,4.654777767749707,97.95,2.9808143146059476
114.1,55.03014815483353,-8.0,emergency,-0.975222232250303,92.77,2.9338888466219584
114.2,54.230148154833536,-8.0,emergency,4.154777767749707,96.7,3.012447155495114
114.3,54.53014815483353,3.0,follow,7.234777767749691,98.58,3.1374772491273215
114.4,54.83014815483353,3.0,follow,6.984777767749705,98.78,3.094597165428324
114.5,55.13014815483353,3.0,follow,3.024777767749697,95.27,2.9734569122342744
114.6,55.430148154833525,3.0,follow,9.334777767749713,102.03,3.1364751096234946
114.7,55.73014815483352,3.0,follow,2.5947777677497044,95.74,3.0480594847263442
114.8,56.03014815483352,3.0,follow,7.5547777677497265,101.15,2.9872875788217983
114.9,55.23014815483352,-8.0,emergency,5.494777767749724,99.54,3.0126983551506283
115.0,54.430148154833525,-8.0,emergency,3.5247777677497254,96.37,2.97896626435082
115.1,54.73014815483352,3.0,follow,11.85477776774971,103.5,3.169970301794109
115.2,53.930148154833525,-8.0,emergency,2.654777767749721,94.75,2.964629561195272
115.3,54.23014815483352,3.0,follow,10.074777767749708,100.97,3.248697512540568
115.4,54.53014815483352,3.0,follow,9.864777767749715,101.21,3.2355984856280378
115.5,53.73014815483352,-8.0,emergency,4.474777767749714,96.27,3.0216431992766744
115.6,54.03014815483352,3.0,follow,11.754777767749715,102.35,3.1608873285751713
115.7,54.330148154833516,3.0,follow,6.454777767749718,97.5,3.059289198353252
115.8,54.63014815483351,3.0,follow,7.594777767749733,99.09,3.011840540464017
115.9,54.93014815483351,3.0,follow,7.0547777677497265,99.0,3.0498936581488865
116.0,54.13014815483351,-8.0,emergency,5.434777767749736,97.83,3.057173345780998
116.1,54.43014815483351,3.0,follow,9.414777767749726,100.61,3.0050643603700715
116.2,54.73014815483351,3.0,follow,8.91477776774974,100.56,3.161255317345011
116.3,53.93014815483351,-8.0,emergency,0.9647777677497373,93.06,3.0116360456816524
116.4,54.23014815483351,3.0,follow,11.154777767749735,102.05,3.1084233771566274
116.5,53.43014815483351,-8.0,emergency,1.9547777677497322,93.3,2.9220033539329653
116.6,53.73014815483351,3.0,follow,11.094777767749733,101.24,3.179633446040709
116.7,54.030148154833505,3.0,follow,10.91477776774974,101.51,3.1563909317607908
116.8,53.23014815483351,-8.0,emergency,3.9347777677497504,94.98,3.0442163136102214
116.9,53.530148154833505,3.0,follow,7.124777767749734,96.97,3.1606757408934762
117.0,52.73014815483351,-8.0,emergency,4.624777767749748,94.92,3.0287029764841984
117.1,53.030148154833505,3.0,follow,8.444777767749741,97.54,3.0395621587464774
117.2,52.23014815483351,-8.0,emergency,7.7147777677497515,97.26,3.0661899662401026
117.3,52.530148154833505,3.0,follow,12.114777767749729,100.46,3.1740767692001493
117.4,52.8301481548335,3.0,follow,13.224777767749742,102.02,3.233582279846457
117.5,53.1301481548335,3.0,follow,13.014777767749749,102.26,3.326594246876488
117.6,52.3301481548335,-8.0,emergency,6.79477776774975,96.49,3.0670548506357043
117.7,52.6301481548335,3.0,follow,9.02477776774974,97.52,3.1116636564131803
117.8,51.8301481548335,-8.0,emergency,4.234777767749762,93.18,3.0312150589081863
117.9,52.1301481548335,3.0,follow,8.014777767749749,95.76,3.1572546072360486
118.0,52.430148154833496,3.0,follow,12.774777767749754,100.97,3.383696336763828
118.1,52.73014815483349,3.0,follow,14.234777767749748,102.88,3.203971514049636
118.2,51.930148154833496,-8.0,emergency,5.394777767749758,94.49,3.0149825563420984
118.3,52.23014815483349,3.0,follow,8.474777767749757,96.37,3.1360083106153893
118.4,52.53014815483349,3.0,follow,9.684777767749765,98.03,3.1319340571511587
118.5,52.83014815483349,3.0,follow,10.124777767749762,98.92,3.198174140803191
118.6,53.130148154833485,3.0,follow,6.474777767749771,95.72,2.9847071344312903
118.7,53.43014815483348,3.0,follow,9.644777767749773,99.34,3.010289515486609
118.8,52.630148154833485,-8.0,emergency,6.554777767749783,96.7,3.054312933947437
118.9,52.93014815483348,3.0,follow,9.094777767749775,98.04,3.0927300251450514
119.0,53.23014815483348,3.0,follow,10.294777767749778,99.69,3.0930667622466306
119.1,53.530148154833476,3.0,follow,8.244777767749781,98.09,2.9932730098302005
119.2,52.73014815483348,-8.0,emergency,6.494777767749795,96.79,3.0552256109077773
119.3,53.030148154833476,3.0,follow,8.644777767749773,97.74,3.0572269958412113
119.4,53.33014815483347,3.0,follow,8.254777767749786,97.8,3.0381966410836463
119.5,52.530148154833476,-8.0,emergency,6.96477776774978,96.96,3.040437426920643
119.6,51.73014815483348,-8.0,emergency,8.494777767749795,97.29,3.075862924313647
119.7,52.030148154833476,3.0,follow,15.144777767749773,102.74,3.231818848393101
119.8,52.33014815483347,3.0,follow,11.644777767749787,99.69,3.164747019918485
119.9,51.530148154833476,-8.0,emergency,8.664777767749783,97.16,3.0390850717815847
120.0,50.73014815483348,-8.0,emergency,-61.775222232250215,25.52,0.5587895163703143
120.1,49.93014815483348,-8.0,emergency,-62.83522223225022,23.26,0.5114319311540766
120.2,49.130148154833485,-8.0,emergency,-62.12522223225022,22.77,0.5045407766418181
120.3,48.33014815483349,-8.0,emergency,-62.96522223225023,20.73,0.46375685217406687
120.4,47.53014815483349,-8.0,emergency,-63.55522223225023,18.94,0.42552093814909603
120.5,46.73014815483349,-8.0,emergency,-63.555222232250244,17.74,0.40108389277600376
120.6,45.930148154833496,-8.0,emergency,-64.84522223225024,15.25,0.34651098983690065
120.7,45.1301481548335,-8.0,emergency,-64.88522223225024,14.01,0.3213291833378061
120.8,44.3301481548335,-8.0,emergency,-65.16522223225024,12.53,0.2893086385944775
120.9,43.530148154833505,-8.0,emergency,-64.94522223225026,11.55,0.26860372569906377
121.0,42.73014815483351,-8.0,emergency,-64.77522223225026,10.52,0.24619619763265455
121.1,41.93014815483351,-8.0,emergency,-65.02522223225026,9.07,0.2163121381424085
121.2,41.13014815483351,-8.0,emergency,-65.76522223225027,7.13,0.17335215942231172
121.3,40.330148154833516,-8.0,emergency,-66.11522223225028,5.58,0.1383580337611838
121.4,39.53014815483352,-8.0,emergency,-66.52522223225027,3.97,0.10042967672294371
121.5,38.73014815483352,-8.0,emergency,-66.34522223225028,2.95,0.0771642314346361
121.6,37.930148154833525,-8.0,emergency,-66.14522223225028,1.95,0.0528309989930138
121.7,37.13014815483353,-8.0,emergency,-64.9352222322503,1.96,0.055808420606854654
121.8,36.33014815483353,-8.0,emergency,-63.205222232250286,2.49,0.07461758900340194
121.9,35.53014815483353,-8.0,emergency,-61.3452222322503,3.15,0.09996779401104791
122.0,34.730148154833536,-8.0,emergency,-59.5352222322503,3.76,0.12715526416411918
122.1,33.93014815483354,-8.0,emergency,-56.98522223225031,5.11,0.1817848832334004
122.2,33.13014815483354,-8.0,emergency,-55.0852222322503,5.81,0.22260410038799086
122.3,32.330148154833545,-8.0,emergency,-52.445222232250316,7.25,0.2959165778991289
122.4,31.530148154833544,-8.0,emergency,-49.46522223225031,9.03,0.40657090340186774
122.5,30.730148154833543,-8.0,emergency,-47.57522223225032,9.72,0.45870373010029364
122.6,29.930148154833542,-8.0,emergency,-45.46522223225031,10.63,0.5562489580862484
122.7,29.13014815483354,-8.0,emergency,-42.00522223225031,12.89,0.7586749616619979
122.8,28.33014815483354,-8.0,emergency,-38.71522223225031,14.98,0.9829300770444916
122.9,27.53014815483354,-8.0,emergency,-35.555222232250316,16.94,1.1634496998147934
123.0,26.73014815483354,-8.0,emergency,-34.44522223225031,16.85,1.252774304493045
123.1,25.93014815483354,-8.0,emergency,-30.815222232250306,19.28,1.7306771626403106
123.2,25.130148154833538,-8.0,emergency,-28.685222232250304,20.21,1.7948254074547538
123.3,24.330148154833537,-8.0,emergency,-25.76522223225031,21.93,2.124969493749843
123.4,23.530148154833537,-8.0,emergency,-21.135222232250307,25.36,3.2387637498717456
123.5,23.28164354972526,-2.4850460510827777,follow,-21.425222232250302,23.87,3.1735085346967673
123.6,23.175054324675514,-1.065892250497452,follow,-18.22246532458789,26.7,3.7160470601181994
123.7,23.144586710017485,-0.30467614658027387,follow,-16.37258148701327,28.39,4.90787007321292
123.8,23.205647286393784,0.610605763762984,follow,-14.25688006502623,30.46,5.463042842457294
123.9,23.27990984861227,0.7426256221848542,follow,-13.718470929590676,31.09,5.571774606310551
124.0,23.42198285389145,1.4207300527918054,follow,-12.119864772918405,32.8,5.823881366637445
124.1,23.581867409493853,1.5988455560240489,follow,-11.532974280837173,33.6,8.231526561066412
124.2,23.829677822311837,2.4781041281798384,follow,-9.58280111424078,35.79,9.061498585484951
124.3,24.091277937435002,2.6160011512316714,follow,-9.124516733467757,36.62,8.821379958631926
124.4,24.391277937435003,3.0,follow,-6.916916906152508,39.22,14.255193728832985
124.5,24.691277937435004,3.0,follow,-7.0269169061525005,39.56,9.070735818150217
124.6,24.991277937435004,3.0,follow,-5.066916906152507,41.97,9.38657819694307
124.7,25.291277937435005,3.0,follow,-4.526916906152508,42.96,11.452097316301378
124.8,25.591277937435006,3.0,follow,-1.9369169061525042,46.0,14.737553310552574
124.9,25.891277937435007,3.0,follow,-2.4569169061525074,45.93,16.878099575265082
125.0,26.191277937435007,3.0,follow,-3.866916906152511,44.97,15.716753486839986
125.1,26.491277937435008,3.0,follow,1.5730830938474867,50.86,22.692410945786516
125.2,26.79127793743501,3.0,follow,-0.606916906152513,49.13,15.299205162927224
125.3,27.09127793743501,3.0,follow,0.7930830938474855,50.98,50.41146267791112
125.4,27.39127793743501,3.0,follow,1.903083093847485,52.54,26.92594375820433
125.5,27.69127793743501,3.0,follow,6.183083093847486,57.27,69.73278763443216
125.6,27.99127793743501,3.0,follow,1.3430830938474898,52.88,43.29890713580004
125.7,28.291277937435012,3.0,follow,11.473083093847485,63.46,68.88257866750075
125.8,28.591277937435013,3.0,follow,8.953083093847482,61.39,98.8124578404515
125.9,28.891277937435014,3.0,follow,8.523083093847475,61.41,120.11079591676187
126.0,29.191277937435014,3.0,follow,9.063083093847474,62.4,441.68255237094826
126.1,29.491277937435015,3.0,follow,10.763083093847477,64.55,
126.2,29.791277937435016,3.0,follow,12.283083093847473,66.52,548.4921776118119
126.3,30.091277937435017,3.0,follow,13.613083093847472,68.3,
126.4,30.391277937435017,3.0,follow,14.50308309384748,69.64,147.7684280724528
126.5,30.691277937435018,3.0,follow,14.603083093847474,70.19,
126.6,30.99127793743502,3.0,follow,15.533083093847466,71.57,44.695551176233195
126.7,31.29127793743502,3.0,follow,17.173083093847467,73.66,
126.8,31.59127793743502,3.0,follow,18.62308309384747,75.56,46.31951322704006
126.9,31.89127793743502,3.0,follow,23.263083093847477,80.65,25.351447307061125
127.0,32.19127793743502,3.0,follow,23.58308309384747,81.42,39.30906544624672
127.1,32.491277937435015,3.0,follow,16.48308309384747,74.77,24.109416024105307
127.2,32.79127793743501,3.0,follow,26.913083093847483,85.65,42.1655739086864
127.3,33.09127793743501,3.0,follow,27.31308309384748,86.5,23.497274987139463
127.4,33.39127793743501,3.0,follow,28.31308309384749,87.95,23.197982699074473
127.5,33.691277937435004,3.0,follow,28.863083093847493,88.95,16.498871145626662
127.6,33.991277937435,3.0,follow,34.56308309384749,95.1,21.60736071474342
127.7,34.291277937435,3.0,follow,35.6830830938475,96.67,14.938316810777689
127.8,34.591277937434995,3.0,follow,32.3330830938475,93.77,15.573106070560346
127.9,34.89127793743499,3.0,follow,37.31308309384751,99.2,23.55579505170841
128.0,35.19127793743499,3.0,follow,34.753083093847515,97.09,21.665694776247857
128.1,35.49127793743499,3.0,follow,34.99308309384752,97.78,19.130245155298542
128.2,35.791277937434984,3.0,follow,38.803083093847526,102.04,15.318381991923292
128.3,36.09127793743498,3.0,follow,45.05308309384752,108.74,17.735291257321695
128.4,36.39127793743498,3.0,follow,46.95308309384754,111.09,17.38150039592613
128.5,36.691277937434975,3.0,follow,47.10308309384753,111.69,14.446512064867722
128.6,36.99127793743497,3.0,follow,49.40308309384753,114.44,20.286183603999955
128.7,37.29127793743497,3.0,follow,50.28308309384754,115.77,17.807268219281234
128.8,37.59127793743497,3.0,follow,47.83308309384755,113.77,14.60222583683816
128.9,37.891277937434964,3.0,follow,53.14308309384755,119.53,15.185590059211094
129.0,38.19127793743496,3.0,follow,56.04308309384754,122.88,15.357546752012057
129.1,38.49127793743496,3.0,follow,57.47308309384756,124.76,12.07595040570318
129.2,38.791277937434955,3.0,follow,60.68308309384756,128.42,14.251030862838366
129.3,39.09127793743495,3.0,follow,60.493083093847574,128.68,13.26423187026259
129.4,39.39127793743495,3.0,follow,60.71308309384756,129.35,12.568895795679955
129.5,39.69127793743495,3.0,follow,65.08308309384756,134.17,13.496252780014174
129.6,39.991277937434944,3.0,follow,62.35308309384757,131.89,15.755061650767818
129.7,40.29127793743494,3.0,follow,60.46308309384757,130.45,13.432835600054505
129.8,40.59127793743494,3.0,follow,64.8930830938476,135.33,12.19048840707337
129.9,40.891277937434936,3.0,follow,64.03308309384758,134.92,13.00900436898029
130.0,40.09127793743494,-8.0,cruise,,,
130.1,39.29127793743494,-8.0,cruise,,,
130.2,38.491277937434944,-8.0,cruise,,,
130.3,37.69127793743495,-8.0,cruise,,,
130.4,36.89127793743495,-8.0,cruise,,,
130.5,36.09127793743495,-8.0,cruise,,,
130.6,35.291277937434955,-8.0,cruise,,,
130.7,34.49127793743496,-8.0,cruise,,,
130.8,33.69127793743496,-8.0,cruise,,,
130.9,32.95302234994797,-7.382555874869922,cruise,,,
131.0,32.36241787995838,-5.9060446998959435,cruise,,,
131.1,31.889934303966704,-4.724835759916758,cruise,,,
131.2,31.511947443173362,-3.779868607933409,cruise,,,
131.3,31.20955795453869,-3.0238948863467243,cruise,,,
131.4,30.96764636363095,-2.4191159090773766,cruise,,,
131.5,30.77411709090476,-1.9352927272619027,cruise,,,
131.6,30.619293672723806,-1.5482341818095193,cruise,,,
131.7,30.495434938179045,-1.2385873454476126,cruise,,,
131.8,30.396347950543237,-0.9908698763580901,cruise,,,
131.9,30.31707836043459,-0.7926959010864749,cruise,,,
132.0,30.25366268834767,-0.6341567208691785,cruise,,,
132.1,30.202930150678135,-0.5073253766953414,cruise,,,
132.2,30.162344120542507,-0.40586030135627027,cruise,,,
132.3,30.129875296434005,-0.3246882410850134,cruise,,,
132.4,30.103900237147204,-0.2597505928680093,cruise,,,
132.5,30.083120189717764,-0.20780047429440884,cruise,,,
132.6,30.06649615177421,-0.1662403794355285,cruise,,,
132.7,30.053196921419367,-0.13299230354841995,cruise,,,
132.8,30.042557537135494,-0.10639384283873454,cruise,,,
132.9,30.034046029708396,-0.08511507427098763,cruise,,,
133.0,30.027236823766717,-0.06809205941679153,cruise,,,
133.1,30.021789459013373,-0.054473647533434644,cruise,,,
133.2,30.0174315672107,-0.043578918026746294,cruise,,,
133.3,30.01394525376856,-0.03486313442139988,cruise,,,
133.4,30.01115620301485,-0.027890507537122744,cruise,,,
133.5,30.00892496241188,-0.022312406029698195,cruise,,,
133.6,30.007139969929504,-0.017849924823757135,cruise,,,
133.7,30.005711975943605,-0.01427993985900855,cruise,,,
133.8,30.004569580754882,-0.011423951887209682,cruise,,,
133.9,30.003655664603905,-0.009139161509764904,cruise,,,
134.0,30.002924531683124,-0.007311329207809081,cruise,,,
134.1,30.0023396253465,-0.005849063366248686,cruise,,,
134.2,30.0018717002772,-0.004679250693001791,cruise,,,
134.3,30.00149736022176,-0.0037434005543985904,cruise,,,
134.4,30.00119788817741,-0.0029947204435174513,cruise,,,
134.5,30.000958310541925,-0.002395776354816803,cruise,,,
134.6,30.00076664843354,-0.0019166210838506004,cruise,,,
134.7,30.000613318746833,-0.0015332968670804803,cruise,,,
134.8,30.000490654997467,-0.0012266374936658053,cruise,,,
134.9,30.000392523997974,-0.0009813099949340653,cruise,,,
135.0,30.000314019198377,-0.0007850479959472523,cruise,,,
135.1,30.000251215358702,-0.0006280383967549596,cruise,,,
135.2,30.00020097228696,-0.0005024307174039677,cruise,,,
135.3,30.00016077782957,-0.0004019445739231742,cruise,,,
135.4,30.000128622263656,-0.0003215556591413815,cruise,,,
135.5,30.000102897810926,-0.0002572445273116841,cruise,,,
135.6,30.00008231824874,-0.00020579562185218947,cruise,,,
135.7,30.000065854598994,-0.0001646364974803305,cruise,,,
135.8,30.000052683679193,-0.00013170919798710656,cruise,,,
135.9,30.000042146943354,-0.00010536735838684308,cruise,,,
136.0,30.000033717554683,-8.429388670805338e-05,cruise,,,
136.1,30.000026974043745,-6.743510936502162e-05,cruise,,,
136.2,30.000021579234996,-5.394808749059621e-05,cruise,,,
136.3,30.000017263387996,-4.3158469992476967e-05,cruise,,,
136.4,30.000013810710396,-3.45267759911394e-05,cruise,,,
136.5,30.000011048568318,-2.7621420791490436e-05,cruise,,,
136.6,30.000008838854654,-2.209713663603452e-05,cruise,,,
136.7,30.000007071083722,-1.7677709308827616e-05,cruise,,,
136.8,30.00000565686698,-1.4142167444219922e-05,cruise,,,
136.9,30.000004525493583,-1.1313733956797023e-05,cruise,,,
137.0,30.000003620394867,-9.050987166858704e-06,cruise,,,
137.1,30.000002896315895,-7.2407897349080486e-06,cruise,,,
137.2,30.000002317052715,-5.792631789347524e-06,cruise,,,
137.3,30.00000185364217,-4.634105430056934e-06,cruise,,,
137.4,30.00000148291374,-3.7072843426244617e-06,cruise,,,
137.5,30.00000118633099,-2.9658274769417403e-06,cruise,,,
137.6,30.00000094906479,-2.3726619815533923e-06,cruise,,,
137.7,30.000000759251833,-1.8981295824005429e-06,cruise,,,
137.8,30.000000607401468,-1.5185036659204343e-06,cruise,,,
137.9,30.000000485921174,-1.2148029355785184e-06,cruise,,,
138.0,30.00000038873694,-9.718423470417292e-07,cruise,,,
138.1,30.000000310989552,-7.774738790544689e-07,cruise,,,
138.2,30.000000248791643,-6.219791046646606e-07,cruise,,,
138.3,30.000000199033316,-4.975832865738994e-07,cruise,,,
138.4,30.00000015922665,-3.9806663210129045e-07,cruise,,,
138.5,30.00000012738132,-3.184533028388614e-07,cruise,,,
138.6,30.000000101905055,-2.547626394289182e-07,cruise,,,
138.7,30.000000081524043,-2.0381011012204908e-07,cruise,,,
138.8,30.000000065219233,-1.6304808525546832e-07,cruise,,,
138.9,30.000000052175388,-1.3043846536220371e-07,cruise,,,
139.0,30.00000004174031,-1.0435077513193391e-07,cruise,,,
139.1,30.000000033392247,-8.34806215266326e-08,cruise,,,
139.2,30.0000000267138,-6.678449437913514e-08,cruise,,,
139.3,30.00000002137104,-5.3427598345479055e-08,cruise,,,
139.4,30.00000001709683,-4.2742080097468715e-08,cruise,,,
139.5,30.000000013677464,-3.419366123580403e-08,cruise,,,
139.6,30.00000001094197,-2.7354928988643223e-08,cruise,,,
139.7,30.000000008753577,-2.1883941769829107e-08,cruise,,,
139.8,30.00000000700286,-1.7507154836948757e-08,cruise,,,
139.9,30.00000000560229,-1.4005721027388063e-08,cruise,,,
140.0,30.00000000448183,-1.120457682191045e-08,cruise,,,
140.1,30.000000003585463,-8.963660036442889e-09,cruise,,,
140.2,30.00000000286837,-7.170925186983368e-09,cruise,,,
140.3,30.000000002294694,-5.736737307415751e-09,cruise,,,
140.4,30.000000001835755,-4.5893884248471295e-09,cruise,,,
140.5,30.000000001468603,-3.671509318792232e-09,cruise,,,
140.6,30.000000001174882,-2.937206033948314e-09,cruise,,,
140.7,30.000000000939906,-2.3497648271586513e-09,cruise,,,
140.8,30.000000000751925,-1.879811861726921e-09,cruise,,,
140.9,30.00000000060154,-1.5038494893815368e-09,cruise,,,
141.0,30.00000000048123,-1.2030767493342864e-09,cruise,,,
141.1,30.000000000384983,-9.624585572964861e-10,cruise,,,
141.2,30.000000000307985,-7.699654247517174e-10,cruise,,,
141.3,30.000000000246388,-6.159694976304309e-10,cruise,,,
141.4,30.00000000019711,-4.927755981043447e-10,cruise,,,
141.5,30.00000000015769,-3.942233206544188e-10,cruise,,,
141.6,30.000000000126153,-3.1538149869447807e-10,cruise,,,
141.7,30.000000000100922,-2.52306620041054e-10,cruise,,,
141.8,30.00000000008074,-2.0184387494737166e-10,cruise,,,
141.9,30.000000000064592,-1.6147794212884037e-10,cruise,,,
142.0,30.000000000051674,-1.2918377478854381e-10,cruise,,,
142.1,30.00000000004134,-1.0334844091630657e-10,cruise,,,
142.2,30.000000000033072,-8.267875273304526e-11,cruise,,,
142.3,30.000000000026457,-6.614442327190773e-11,cruise,,,
142.4,30.000000000021167,-5.291411753205466e-11,cruise,,,
142.5,30.000000000016932,-4.233413619658677e-11,cruise,,,
142.6,30.000000000013546,-3.3864466786326375e-11,cruise,,,
142.7,30.000000000010836,-2.709299451453262e-11,cruise,,,
142.8,30.00000000000867,-2.1671553440683056e-11,cruise,,,
142.9,30.000000000006935,-1.7337242752546445e-11,cruise,,,
143.0,30.00000000000555,-1.3869794202037156e-11,cruise,,,
143.1,30.00000000000444,-1.1098677532572765e-11,cruise,,,
143.2,30.000000000003553,-8.881784197001252e-12,cruise,,,
143.3,30.000000000002842,-7.105427357601002e-12,cruise,,,
143.4,30.000000000002274,-5.6843418860808015e-12,cruise,,,
143.5,30.00000000000182,-4.547473508864641e-12,cruise,,,
143.6,30.000000000001457,-3.637978807091713e-12,cruise,,,
143.7,30.000000000001165,-2.9132252166164108e-12,cruise,,,
143.8,30.00000000000093,-2.3305801732931286e-12,cruise,,,
143.9,30.000000000000746,-1.8616219676914625e-12,cruise,,,
144.0,30.000000000000597,-1.4921397450962104e-12,cruise,,,
144.1,30.000000000000476,-1.1937117960769683e-12,cruise,,,
144.2,30.00000000000038,-9.521272659185342e-13,cruise,,,
144.3,30.000000000000306,-7.602807272633072e-13,cruise,,,
144.4,30.000000000000245,-6.110667527536862e-13,cruise,,,
144.5,30.000000000000195,-4.902744876744691e-13,cruise,,,
144.6,30.000000000000156,-3.907985046680551e-13,cruise,,,
144.7,30.000000000000124,-3.126388037344441e-13,cruise,,,
144.8,30.0000000000001,-2.4868995751603507e-13,cruise,,,
144.9,30.000000000000078,-1.9895196601282805e-13,cruise,,,
145.0,30.000000000000064,-1.5631940186722204e-13,cruise,,,
145.1,30.00000000000005,-1.2789769243681803e-13,cruise,,,
145.2,30.00000000000004,-9.947598300641403e-14,cruise,,,
145.3,30.000000000000032,-7.815970093361102e-14,cruise,,,
145.4,30.000000000000025,-6.394884621840902e-14,cruise,,,
145.5,30.00000000000002,-4.973799150320701e-14,cruise,,,
145.6,30.000000000000018,-4.263256414560601e-14,cruise,,,
145.7,30.000000000000014,-3.552713678800501e-14,cruise,,,
145.8,30.00000000000001,-2.842170943040401e-14,cruise,,,
145.9,30.000000000000007,-2.1316282072803006e-14,cruise,,,
146.0,30.000000000000007,-1.4210854715202004e-14,cruise,,,
146.1,30.000000000000007,-1.4210854715202004e-14,cruise,,,
146.2,30.000000000000007,-1.4210854715202004e-14,cruise,,,
146.3,30.000000000000007,-1.4210854715202004e-14,cruise,,,
146.4,30.000000000000007,-1.4210854715202004e-14,cruise,,,
146.5,30.000000000000007,-1.4210854715202004e-14,cruise,,,
146.6,30.000000000000007,-1.4210854715202004e-14,cruise,,,
146.7,30.000000000000007,-1.4210854715202004e-14,cruise,,,
146.8,30.000000000000007,-1.4210854715202004e-14,cruise,,,
146.9,30.000000000000007,-1.4210854715202004e-14,cruise,,,
147.0,30.000000000000007,-1.4210854715202004e-14,cruise,,,
147.1,30.000000000000007,-1.4210854715202004e-14,cruise,,,
147.2,30.000000000000007,-1.4210854715202004e-14,cruise,,,
147.3,30.000000000000007,-1.4210854715202004e-14,cruise,,,
147.4,30.000000000000007,-1.4210854715202004e-14,cruise,,,
147.5,30.000000000000007,-1.4210854715202004e-14,cruise,,,
147.6,30.000000000000007,-1.4210854715202004e-14,cruise,,,
147.7,30.000000000000007,-1.4210854715202004e-14,cruise,,,
147.8,30.000000000000007,-1.4210854715202004e-14,cruise,,,
147.9,30.000000000000007,-1.4210854715202004e-14,cruise,,,
148.0,30.000000000000007,-1.4210854715202004e-14,cruise,,,
148.1,30.000000000000007,-1.4210854715202004e-14,cruise,,,
148.2,30.000000000000007,-1.4210854715202004e-14,cruise,,,
148.3,30.000000000000007,-1.4210854715202004e-14,cruise,,,
148.4,30.000000000000007,-1.4210854715202004e-14,cruise,,,
148.5,30.000000000000007,-1.4210854715202004e-14,cruise,,,
148.6,30.000000000000007,-1.4210854715202004e-14,cruise,,,
148.7,30.000000000000007,-1.4210854715202004e-14,cruise,,,
148.8,30.000000000000007,-1.4210854715202004e-14,cruise,,,
148.9,30.000000000000007,-1.4210854715202004e-14,cruise,,,
149.0,30.000000000000007,-1.4210854715202004e-14,cruise,,,
149.1,30.000000000000007,-1.4210854715202004e-14,cruise,,,
149.2,30.000000000000007,-1.4210854715202004e-14,cruise,,,
149.3,30.000000000000007,-1.4210854715202004e-14,cruise,,,
149.4,30.000000000000007,-1.4210854715202004e-14,cruise,,,
149.5,30.000000000000007,-1.4210854715202004e-14,cruise,,,
149.6,30.000000000000007,-1.4210854715202004e-14,cruise,,,
149.7,30.000000000000007,-1.4210854715202004e-14,cruise,,,
149.8,30.000000000000007,-1.4210854715202004e-14,cruise,,,
149.9,30.000000000000007,-1.4210854715202004e-14,cruise,,,
150.0,30.000000000000007,-1.4210854715202004e-14,cruise,,,
