time,ego_speed,acceleration_cmd,mode,distance_error,distance,ttc
0.0,0.0,3.0,cruise,,,
0.1,0.30000000000000004,3.0,cruise,,,
0.2,0.6000000000000001,3.0,cruise,,,
0.3,0.9000000000000001,3.0,cruise,,,
0.4,1.2000000000000002,3.0,cruise,,,
0.5,1.5000000000000002,3.0,cruise,,,
0.6,1.8000000000000003,3.0,cruise,,,
0.7,2.1000000000000005,3.0,cruise,,,
0.8,2.4000000000000004,3.0,cruise,,,
0.9,2.7,3.0,cruise,,,
1.0,3.0,3.0,cruise,,,
1.1,3.3,3.0,cruise,,,
1.2,3.5999999999999996,3.0,cruise,,,
1.3,3.8999999999999995,3.0,cruise,,,
1.4,4.199999999999999,3.0,cruise,,,
1.5,4.499999999999999,3.0,cruise,,,
1.6,4.799999999999999,3.0,cruise,,,
1.7,5.099999999999999,3.0,cruise,,,
1.8,5.399999999999999,3.0,cruise,,,
1.9,5.699999999999998,3.0,cruise,,,
2.0,5.999999999999998,3.0,cruise,,,
2.1,6.299999999999998,3.0,cruise,,,
2.2,6.599999999999998,3.0,cruise,,,
2.3,6.899999999999998,3.0,cruise,,,
2.4,7.1999999999999975,3.0,cruise,,,
2.5,7.499999999999997,3.0,cruise,,,
2.6,7.799999999999997,3.0,cruise,,,
2.7,8.099999999999998,3.0,cruise,,,
2.8,8.399999999999999,3.0,cruise,,,
2.9,8.7,3.0,cruise,,,
3.0,9.0,3.0,cruise,,,
3.1,9.3,3.0,cruise,,,
3.2,9.600000000000001,3.0,cruise,,,
3.3,9.900000000000002,3.0,cruise,,,
3.4,10.200000000000003,3.0,cruise,,,
3.5,10.500000000000004,3.0,cruise,,,
3.6,10.800000000000004,3.0,cruise,,,
3.7,11.100000000000005,3.0,cruise,,,
3.8,11.400000000000006,3.0,cruise,,,
3.9,11.700000000000006,3.0,cruise,,,
4.0,12.000000000000007,3.0,cruise,,,
4.1,12.300000000000008,3.0,cruise,,,
4.2,12.600000000000009,3.0,cruise,,,
4.3,12.90000000000001,3.0,cruise,,,
4.4,13.20000000000001,3.0,cruise,,,
4.5,13.50000000000001,3.0,cruise,,,
4.6,13.800000000000011,3.0,cruise,,,
4.7,14.100000000000012,3.0,cruise,,,
4.8,14.400000000000013,3.0,cruise,,,
4.9,14.700000000000014,3.0,cruise,,,
5.0,15.000000000000014,3.0,cruise,,,
5.1,15.300000000000015,3.0,cruise,,,
5.2,15.600000000000016,3.0,cruise,,,
5.3,15.900000000000016,3.0,cruise,,,
5.4,16.200000000000017,3.0,cruise,,,
5.5,16.500000000000018,3.0,cruise,,,
5.6,16.80000000000002,3.0,cruise,,,
5.7,17.10000000000002,3.0,cruise,,,
5.8,17.40000000000002,3.0,cruise,,,
5.9,17.70000000000002,3.0,cruise,,,
6.0,18.00000000000002,3.0,cruise,,,
6.1,18.300000000000022,3.0,cruise,,,
6.2,18.600000000000023,3.0,cruise,,,
6.3,18.900000000000023,3.0,cruise,,,
6.4,19.200000000000024,3.0,cruise,,,
6.5,19.500000000000025,3.0,cruise,,,
6.6,19.800000000000026,3.0,cruise,,,
6.7,20.100000000000026,3.0,cruise,,,
6.8,20.400000000000027,3.0,cruise,,,
6.9,20.700000000000028,3.0,cruise,,,
7.0,21.00000000000003,3.0,cruise,,,
7.1,21.30000000000003,3.0,cruise,,,
7.2,21.60000000000003,3.0,cruise,,,
7.3,21.90000000000003,2.956199999999987,cruise,,,
7.4,22.19562000000003,2.8579407599999884,cruise,,,
7.5,22.48141407600003,2.7684862254479903,cruise,,,
7.6,22.758262698544826,2.6811757044881825,cruise,,,
7.7,23.026380268993645,2.596606967866646,cruise,,,
7.8,23.28604096578031,2.514627480882575,cruise,,,
7.9,23.537503713868567,2.4351653229179404,cruise,,,
8.0,23.78102024616036,2.358142885305368,cruise,,,
8.1,24.016834534690897,2.283485744585026,cruise,,,
8.2,24.2451831091494,2.2111216626553594,cruise,,,
8.3,24.466295275414936,2.1409806137912852,cruise,,,
8.4,24.680393336794065,2.0729947074524504,cruise,,,
8.5,24.88769280753931,2.007098124173159,cruise,,,
8.6,25.088402619956625,1.9432270522942487,cruise,,,
8.7,25.28272532518605,1.8813196267399972,cruise,,,
8.8,25.47085728786005,1.8213158696501024,cruise,,,
8.9,25.65298887482506,1.7631576328234382,cruise,,,
9.0,25.829304638107402,1.706788541916953,cruise,,,
9.1,25.999983492299098,1.6521539423463238,cruise,,,
9.2,26.16519888653373,1.599200846836467,cruise,,,
9.3,26.32511897121738,1.5478778845715568,cruise,,,
9.4,26.479906759674535,1.4981352518958375,cruise,,,
9.5,26.629720284864117,1.4499246645178498,cruise,,,
9.6,26.774712751315903,1.4031993111723002,cruise,,,
9.7,26.915032682433132,1.3579138086950988,cruise,,,
9.8,27.05082406330264,1.3140241584684098,cruise,,,
9.9,27.182226479149485,1.2714877041940402,cruise,,,
10.0,27.309375249568888,1.230263090954581,cruise,,,
10.1,27.432401558664345,1.1903102255230142,cruise,,,
10.2,27.55143258121665,1.151590237882815,cruise,,,
10.3,27.66659160500493,1.1140654439215159,cruise,,,
10.4,27.77799814939708,1.077699309261987,cruise,,,
10.5,27.88576808032328,1.0424564141968145,cruise,,,
10.6,27.99001372174296,1.0083024196919752,cruise,,,
10.7,28.09084396371216,0.9752040344273536,cruise,,,
10.8,28.188364367154897,0.9431289828424112,cruise,,,
10.9,28.282677265439137,0.9120459741563332,cruise,,,
11.0,28.37388186285477,0.8819246723329779,cruise,,,
11.1,28.46207433008807,0.8527356669618166,cruise,,,
11.2,28.54734789678425,0.8244504450268937,cruise,,,
11.3,28.629792941286937,0.7970413635367378,cruise,,,
11.4,28.70949707764061,0.7704816229890024,cruise,,,
11.5,28.78654523993951,0.7447452416443348,cruise,,,
11.6,28.861019764103943,0.7198070305848214,cruise,,,
11.7,28.933000467162426,0.6956425695330544,cruise,,,
11.8,29.002564724115732,0.6722281834086763,cruise,,,
11.9,29.0697875424566,0.6495409195998567,cruise,,,
12.0,29.134741634416585,0.6275585259279088,cruise,,,
12.1,29.197497487009375,0.6062594292839701,cruise,,,
12.2,29.258123429937772,0.5856227149171296,cruise,,,
12.3,29.316685701429485,0.5656281063542692,cruise,,,
12.4,29.37324851206491,0.5462559459322547,cruise,,,
12.5,29.427874106658138,0.527487175923849,cruise,,,
12.6,29.480622824250524,0.5093033202392325,cruise,,,
12.7,29.531553156274448,0.4916864666855766,cruise,,,
12.8,29.580721802943007,0.4746192497676326,cruise,,,
12.9,29.62818372791977,0.4580848340128848,cruise,,,
13.0,29.673992211321057,0.4420668978052016,cruise,,,
13.1,29.718198901101577,0.4265496177115587,cruise,,,
13.2,29.760853862872732,0.4115176532867149,cruise,,,
13.3,29.802005628201403,0.39695613234132876,cruise,,,
13.4,29.841701241435537,0.38285063665934127,cruise,,,
13.5,29.879986305101472,0.3691871881509632,cruise,,,
13.6,29.916905023916566,0.3559522354279326,cruise,,,
13.7,29.95250024745936,0.34313264078819944,cruise,,,
13.8,29.986813511538177,0.3307156675975695,cruise,,,
13.9,30.019885078297932,0.3186889680561347,cruise,,,
14.0,30.051753975103544,0.3070405713378258,cruise,,,
14.1,30.082458032237327,0.29575887209166823,cruise,,,
14.2,30.112033919446493,0.28483261929372505,cruise,,,
14.3,30.140517181375866,0.2742509054390161,cruise,,,
14.4,30.167942271919767,0.2640031560630897,cruise,,,
14.5,30.194342587526076,0.25407911958310436,cruise,,,
14.6,30.219750499484388,0.24446885744880986,cruise,,,
14.7,30.244197385229267,0.2351627345938312,cruise,,,
14.8,30.26771365868865,0.2261514101781984,cruise,,,
14.9,30.29032879970647,0.21742582861321996,cruise,,,
15.0,30.31207138256779,0.20897721086005389,cruise,,,
15.1,30.332969103653795,0.2007970459936611,cruise,,,
15.2,30.35304880825316,0.1928770830240492,cruise,,,
15.3,30.372336516555563,0.18520932296693757,cruise,,,
15.4,30.39085744885226,0.17778601115626302,cruise,,,
15.5,30.408636049967885,0.17059962979114573,cruise,,,
15.6,30.425696012947,0.1636428907101174,cruise,,,
15.7,30.44206030201801,0.15690872838578218,cruise,,,
15.8,30.45775117485659,0.15039029313306793,cruise,,,
15.9,30.472790204169897,0.1440809445246775,cruise,,,
16.0,30.487198298622364,0.1379742450072865,cruise,,,
16.1,30.500995723123093,0.13206395371248508,cruise,,,
16.2,30.514202118494342,0.1263440204564779,cruise,,,
16.3,30.52683652053999,0.12080857992273877,cruise,,,
16.4,30.538917378532265,0.11545194602213951,cruise,,,
16.5,30.550462573134478,0.1102686064250456,cruise,,,
16.6,30.561489433776984,0.10525321726019665,cruise,,,
16.7,30.572014755503005,0.10040059797526679,cruise,,,
16.8,30.58205481530053,0.09570572635415173,cruise,,,
16.9,30.591625387935945,0.09116373368622449,cruise,,,
17.0,30.60074176130457,0.0867699000829569,cruise,,,
17.1,30.609418751312866,0.08251964993733896,cruise,,,
17.2,30.6176707163066,0.07840854752179735,cruise,,,
17.3,30.625511571058777,0.07443229272036278,cruise,,,
17.4,30.63295480033081,0.07058671689103102,cruise,,,
17.5,30.640013472019913,0.06686777885428369,cruise,,,
17.6,30.64670024990534,0.06327156100397613,cruise,,,
17.7,30.653027406005737,0.05979426553683598,cruise,,,
17.8,30.65900683255942,0.05643221079695809,cruise,,,
17.9,30.664650053639114,0.05318182773179103,cruise,,,
18.0,30.669968236412295,0.05003965645620789,cruise,,,
18.1,30.674972202057916,0.04700234292140365,cruise,,,
18.2,30.679672436350057,0.04406663568532687,cruise,,,
18.3,30.684079099918588,0.04122938278168703,cruise,,,
18.4,30.688202038196756,0.03848752868438848,cruise,,,
18.5,30.692050791065196,0.0358381113646119,cruise,,,
18.6,30.695634602201658,0.033278259437601154,cruise,,,
18.7,30.698962428145418,0.030805189396508004,cruise,,,
18.8,30.70204294708507,0.02841620293058661,cruise,,,
18.9,30.704884567378127,0.02610868432520025,cruise,,,
19.0,30.707495435810646,0.02388009794110968,cruise,,,
19.1,30.709883445604756,0.02172798577066526,cruise,,,
19.2,30.712056244181824,0.01964996506851746,cruise,,,
19.3,30.714021240688677,0.017643726054613174,cruise,,,
19.4,30.715785613294138,0.01570702968723292,cruise,,,
19.5,30.717356316262862,0.013837705503954079,cruise,,,
19.6,30.718740086813256,0.01203364952850039,cruise,,,
19.7,30.719943451766106,0.010292822241371402,cruise,,,
19.8,30.720972733990244,0.008613246612447889,cruise,,,
19.9,30.72183405865149,0.006993006193541373,cruise,,,
20.0,30.72253335927084,0.005430243269150314,cruise,,,
20.1,30.723076383597757,0.003923157063624838,cruise,,,
20.2,30.72346869930412,0.002470002003023164,cruise,,,
20.3,30.723715699504424,0.0010690860299530924,cruise,,,
20.4,30.72382260810742,-0.00028123103015009754,cruise,,,
20.5,30.723794485004404,-0.001582539052944476,cruise,,,
20.6,30.72363623109911,-0.0028363791507454716,cruise,,,
20.7,30.723352593184035,-0.004044245161302529,cruise,,,
20.8,30.722948168667905,-0.005207585091130895,cruise,,,
20.9,30.722427410158794,-0.0063278025148229,cruise,,,
21.0,30.72179462990731,-0.007406257931673321,cruise,,,
21.1,30.721054004114144,-0.008444270080950333,cruise,,,
21.2,30.72020957710605,-0.009443117216998365,cruise,,,
21.3,30.71926526538435,-0.010404038345481259,cruise,,,
21.4,30.718224861549803,-0.011328234421913608,cruise,,,
21.5,30.717092038107612,-0.012216869513609119,cruise,,,
21.6,30.71587035115625,-0.01307107192620749,cruise,,,
21.7,30.71456324396363,-0.013891935295827884,cruise,,,
21.8,30.71317405043405,-0.01468051964789946,cruise,,,
21.9,30.71170599846926,-0.015437852423716591,cruise,,,
22.0,30.710162213226887,-0.016164929475638024,cruise,,,
22.1,30.708545720279325,-0.016862716031981972,cruise,,,
22.2,30.706859448676127,-0.01753214763241917,cruise,,,
22.3,30.705106233912886,-0.018174131034905783,cruise,,,
22.4,30.703288820809394,-0.018789545094876903,cruise,,,
22.5,30.701409866299908,-0.019379241617687892,cruise,,,
22.6,30.69947194213814,-0.019944046184973474,cruise,,,
22.7,30.697477537519642,-0.020484758955886417,cruise,,,
22.8,30.695429061624054,-0.021002155443808013,cruise,,,
22.9,30.693328846079673,-0.021496987269422008,cruise,,,
23.0,30.69117914735273,-0.02196998289078933,cruise,,,
23.1,30.68898214906365,-0.02242184831114763,cruise,,,
23.2,30.686739964232537,-0.022853267765131552,cruise,,,
23.3,30.684454637456025,-0.023264904384041274,cruise,,,
23.4,30.68212814701762,-0.023657400840824766,cruise,,,
23.5,30.679762406933538,-0.024031379975377076,cruise,,,
23.6,30.677359268936,-0.02438744540078236,cruise,,,
23.7,30.674920524395922,-0.02472618209099972,cruise,,,
23.8,30.67244790618682,-0.025048156950711248,cruise,,,
23.9,30.66994309049175,-0.025353919367694183,cruise,,,
24.0,30.667407698554978,-0.025644001748397177,cruise,,,
24.1,30.664843298380138,-0.025918920037151905,cruise,,,
24.2,30.662251406376424,-0.026179174219545243,cruise,,,
24.3,30.65963348895447,-0.026425248810432456,cruise,,,
24.4,30.656990964073426,-0.02665761332707295,cruise,,,
24.5,30.65432520274072,-0.026876722747807252,cruise,,,
24.6,30.651637530465937,-0.027083017956752498,cruise,,,
24.7,30.648929228670262,-0.027276926174929744,cruise,,,
24.8,30.646201536052768,-0.02745886137821829,cruise,,,
24.9,30.643455649914944,-0.027629224702589383,cruise,,,
25.0,30.640692727444687,-0.02778840483694217,cruise,,,
25.1,30.637913886960995,-0.027936778403951756,cruise,,,
25.2,30.6351202091206,-0.02807471032933387,cruise,,,
25.3,30.632312738087666,-0.028202554199795338,cruise,,,
25.4,30.629492482667686,-0.028320652610092784,cruise,,,
25.5,30.626660417406676,-0.02842933749947152,cruise,,,
25.6,30.62381748365673,-0.028528930477871056,cruise,,,
25.7,30.620964590608942,-0.028619743142132392,cruise,,,
25.8,30.618102616294728,-0.028702077382609242,cruise,,,
25.9,30.615232408556466,-0.02877622568037,cruise,,,
26.0,30.61235478598843,-0.028842471395358255,cruise,,,
26.1,30.609470538848893,-0.02890108904574004,cruise,,,
26.2,30.60658042994432,-0.02895234457876336,cruise,,,
26.3,30.60368519548644,-0.028996495633280717,cruise,,,
26.4,30.600785545923113,-0.029033791794344455,cruise,,,
26.5,30.597882166743677,-0.02906447483994984,cruise,,,
26.6,30.594975719259683,-0.029088778980313562,cruise,,,
26.7,30.59206684136165,-0.02910693108978471,cruise,,,
26.8,30.58915614825267,-0.029119150931751187,cruise,,,
26.9,30.586244233159494,-0.029125651376604333,cruise,,,
27.0,30.583331668021835,-0.029126638613100164,cruise,,,
27.1,30.580419004160525,-0.029122312353247803,cruise,,,
27.2,30.5775067729252,-0.0291128660309532,cruise,,,
27.3,30.574595486322107,-0.029098486994589945,cruise,,,
27.4,30.571685637622647,-0.029079356693685665,cruise,,,
27.5,30.568777701953277,-0.02905565085993414,cruise,,,
27.6,30.565872136867284,-0.029027539682649373,cruise,,,
27.7,30.56296938289902,-0.028995187978869547,cruise,,,
27.8,30.560069864101134,-0.02895875535829623,cruise,,,
27.9,30.557173988565303,-0.02891839638314911,cruise,,,
28.0,30.554282148926987,-0.028874260723191464,cruise,,,
28.1,30.551394722854667,-0.028826493305969036,cruise,,,
28.2,30.54851207352407,-0.028775234462500215,cruise,,,
28.3,30.545634550077818,-0.028720620068501596,cruise,,,
28.4,30.542762488070966,-0.028662781681303318,cruise,,,
28.5,30.539896209902835,-0.028601846672576453,cruise,,,
28.6,30.537036025235576,-0.028537938357015735,cruise,,,
28.7,30.534182231399875,-0.02847117611709321,cruise,,,
28.8,30.531335113788167,-0.02840167552397954,cruise,,,
28.9,30.528494946235767,-0.02832954845479979,cruise,,,
29.0,30.525661991390287,-0.02825490320630697,cruise,,,
29.1,30.522836501069655,-0.028177844605042468,cruise,,,
29.2,30.52001871660915,-0.02809847411418695,cruise,,,
29.3,30.51720886919773,-0.028016889937098083,cruise,,,
29.4,30.51440718020402,-0.027933187117732433,cruise,,,
29.5,30.511613861492247,-0.027847457637943385,cruise,,,
29.6,30.508829115728453,-0.027759790511862642,cruise,,,
29.7,30.506053136677266,-0.027670271877349994,cruise,,,
29.8,30.503286109489533,-0.027578985084688923,cruise,,,
29.9,30.500528210981063,-0.027486010782526132,cruise,,,
30.0,30.49777960990281,-4.244634943317135,follow,-3.646669414854216,52.1,10.160343065326767
30.1,30.073316115571096,-4.138380689264552,follow,-3.5227521343469306,51.58722203900972,9.971790025306593
30.2,29.65947804664464,-1.8378167205314488,follow,-3.4193266425143563,51.069890427452606,12.248509251308025
30.3,29.475696374591497,-2.0557894209234058,follow,-3.560601939099108,50.65294262278814,15.185117868826211
30.4,29.270117432499156,-5.691580669242907,follow,-3.5858031634197474,50.31937298532899,11.30742587102246
30.5,28.700959365574864,-1.6724117076611256,follow,-3.177077806283222,49.874361242079075,12.851039277679085
30.6,28.533718194808753,-0.5229914563992524,follow,-3.3143119866915356,49.48626530552159,21.024719702922003
30.7,28.481419049168828,-3.9673174814212686,follow,-3.4712350877125218,49.25089348604072,16.97476050560488
30.8,28.0846873010267,-3.366505375045215,follow,-3.1662793704162198,48.96075158112383,14.254791569086478
30.9,27.74803676352218,-0.5682226695267745,follow,-3.0047722942621107,48.61728285102116,20.794062612506032
31.0,27.6912144965695,-4.602714341580876,follow,-3.153342570185309,48.38347917466894,15.909262312554945
31.1,27.230943062411413,-0.9230756018541584,follow,-2.767056868605131,48.07935772501199,18.628600694542527
31.2,27.138635502226,-1.761056705873819,follow,-2.886689834568152,47.82126341877085,24.415601251188264
31.3,26.962529831638616,-5.3749740169499205,follow,-2.8183948789096718,47.62539986854825,14.038314246906667
31.4,26.425032429943624,-0.6754074484541439,follow,-2.3514017595310435,47.28614688538439,17.41642065261308
31.5,26.35749168509821,-1.2544978845297665,follow,-2.521593885257289,47.01464364239003,26.449993570457863
31.6,26.232041896645235,-2.3912650442506487,follow,-2.511168371087649,46.83689447388021,23.512002710764975
31.7,25.99291539222017,1.0480341063510203,follow,-2.351682804114567,46.63769028421569,61.94280362192103
31.8,26.097718802855272,-4.4538410766987475,follow,-2.5841794592892384,46.56239874499367,26.192218178829947
31.9,25.6523346951854,-0.7019667605084396,follow,-2.0938751780699505,46.384626864708146,27.088528308822244
32.0,25.582138019134554,2.6960975586698925,follow,-2.159813633512222,46.213393395189605,
32.1,25.85174777500154,-4.832627394981577,follow,-2.512442069226161,46.26517959327615,45.28043096859816
32.2,25.368485035503383,1.719811430845143,follow,-1.889722737479076,46.163004815776,144.94560079663694
32.3,25.5404661785879,-5.332516755565145,follow,-2.1795429556561814,46.13115631222566,28.64459802109892
32.4,25.007214503031385,2.5062622667517127,follow,-1.540712060180205,45.970109694366876,110.18339333929812
32.5,25.257840729706555,-1.9821983666843301,follow,-1.9583728504960902,45.92838824406374,258.25573432951643
32.6,25.059620893038122,-1.7244220996631678,follow,-1.678827168464096,45.910604171093084,49.92340269632164
32.7,24.887178683071806,1.7791586688474954,follow,-1.512125942818436,45.81864208178927,
32.8,25.065094549956555,-3.303997638662844,follow,-1.7397176114527397,45.85792421348209,89.02816816320416
32.9,24.73469478609027,1.3311092740180432,follow,-1.2956274206489624,45.80641475848644,
33.0,24.867805713492075,-2.4187303193476684,follow,-1.4907632903606967,45.810945279877416,144.14764535383313
33.1,24.62593268155731,3.0,follow,-1.1597343138077534,45.77916470852821,
33.2,24.92593268155731,-4.463775002098274,follow,-1.4333275819634892,45.95557144037247,
33.3,24.479555181347482,0.17690726160189052,follow,-0.7573545998044793,45.961978172216746,170.51046076152966
33.4,24.497245907507672,1.7116844036618917,follow,-0.8108462071795088,45.935022654082,
33.5,24.66841434787386,-4.206853578731636,follow,-0.9553234584795547,46.04729806333123,78.25658607699756
33.6,24.247728990000695,3.0,follow,-0.38313685645719886,45.988456628543844,
33.7,24.547728990000696,-5.867922220166144,follow,-0.7419097554572716,46.079683729543774,45.27696880238453
33.8,23.96093676798408,3.0,follow,0.03650567856758613,45.977910830543706,
33.9,24.26093676798408,-0.14920578976790067,follow,-0.40958799823082614,45.9818171537453,
34.0,24.246016189007292,1.7025452513258088,follow,-0.29830080656405045,46.07072347694689,
34.1,24.416270714139873,-1.4395072679882956,follow,-0.4232842131636545,46.20112185804616,
34.2,24.272319987341042,0.46289303267731363,follow,-0.13598519437939416,46.27249478663217,
34.3,24.318609290608773,-0.8210454932708195,follow,-0.14165114801508594,46.33626278789807,
34.4,24.236504741281692,-1.7469878290010783,follow,0.02664474691465557,46.381401858837194,133.85502803591183
34.5,24.061805958381584,1.368464441639345,follow,0.2540424471366478,46.34675138470902,
34.6,24.19865240254552,-0.6098499113423235,follow,0.08859218505258326,46.38657078887086,
34.7,24.137667411411286,3.0,follow,0.2252044314993782,46.43170554861631,
34.8,24.437667411411287,-2.023600019866361,follow,-0.05956230964175546,46.596938807475176,
34.9,24.23530740942465,-2.1178987558950446,follow,0.32621095219707286,46.67917206633405,84.0600562392964
35.0,24.023517533835147,3.0,follow,0.5883650246388612,46.62364132539158,
35.1,24.323517533835147,-2.462066107317606,follow,0.260013271255346,46.74528957200807,
35.2,24.077310923103386,1.0878036661053643,follow,0.6679714339694698,46.78393781862455,
35.3,24.18609128971392,1.3298019062168573,follow,0.5460697917433279,46.825206726314214,
35.4,24.31907148033561,0.902151579066971,follow,0.47399037683941003,46.95259759734282,
35.5,24.409286638242307,0.3326238425680894,follow,0.4837604919458016,47.09769044930926,
35.6,24.442549022499115,-2.5725482800622403,follow,0.5629382517363624,47.22676178548503,650.9634473167673
35.7,24.18529419449289,1.8911784367996378,follow,0.941565591495781,47.21950688323512,
35.8,24.374412038172853,-0.022893895256897112,follow,0.71635940652655,47.27797746378583,
35.9,24.372122648647164,1.8601355982362406,follow,0.8073522869977978,47.36553625996854,
36.0,24.55813620847079,-2.786073638443464,follow,0.6641196823976401,47.501323995103824,
36.1,24.27952884462644,1.978445740928697,follow,1.0902171073170877,47.50951037425675,
36.2,24.47737341871931,-2.863424727007202,follow,0.8514973617151398,47.567557489794105,154.7549481929423
36.3,24.19103094601859,1.1220868008263245,follow,1.2502737288942853,47.53682014792217,522.2050547317776
36.4,24.30323962610122,2.3189661192457542,follow,1.072857614168477,47.52771705332031,
36.5,24.535136238025796,0.829182954203947,follow,0.8556887336714922,47.658393090710184,
36.6,24.61805453344619,-1.711338238844776,follow,0.8797976667383125,47.8068794669076,
36.7,24.446920709561713,2.89085812488493,follow,1.169692949220412,47.84007401356298,
36.8,24.736006522050207,-2.042481902986086,follow,0.866372159531501,47.970381942606814,
36.9,24.5317583317516,-0.1034289083765523,follow,1.2261437927743941,48.02378129040179,4084.2342523516386
37.0,24.521415440913945,1.3230905510152149,follow,1.2404822958557133,48.02260545722663,
37.1,24.653724496015467,1.8755211631185755,follow,1.116877169112037,48.097463913135236,
37.2,24.841276612327324,-2.5523071461985185,follow,0.9851765450427052,48.24709146353369,
37.3,24.58604589770747,3.0,follow,1.3808949557397483,48.25996380230096,
37.4,24.886045897707472,-8.0,follow,1.0892903659690063,48.41835921253021,26.228144854176673
37.5,24.08604589770747,3.0,follow,2.1046857761982523,48.23375462275946,
37.6,24.386045897707472,-2.56283724384697,follow,1.8080811864275077,48.387150032988714,
37.7,24.129762173322774,1.6399675236843851,follow,2.260902183233803,48.455545443217964,
37.8,24.29375892569121,0.014394054278129675,follow,2.0799308373488685,48.52056922588569,
37.9,24.295198331119025,-2.776142304287907,follow,2.1553958366380286,48.598193333316566,61.89288923227459
38.0,24.017584100690232,3.0,follow,2.4932973491693105,48.51967350020466,
38.1,24.317584100690233,-0.07286776067819434,follow,2.125538939100281,48.601915090135634,
38.2,24.310297324622415,3.0,follow,2.231710693132989,48.69715668006661,
38.3,24.610297324622415,-3.6085380956327455,follow,1.9616809606707548,48.877126947604374,164389.77219736067
38.4,24.24944351505914,1.8239233883699504,follow,2.502931942553417,48.87709721514213,
38.5,24.431835853896136,-0.68175384805726,follow,2.24339908279201,48.891152863636215,
38.6,24.36366046909041,3.0,follow,2.3644785746109847,48.9099692782466,
38.7,24.66366046909041,-1.4680133203656127,follow,2.047112527701948,49.04260323133756,
38.8,24.51685913705385,0.22824149292365992,follow,2.3259484788477423,49.10123718442852,
38.9,24.539683286346214,1.7145884017638553,follow,2.300026341203818,49.10955127072314,
39.0,24.7111421265226,-0.7220096298163545,follow,2.1268697523046214,49.19358294208852,
39.1,24.638941163540963,2.629391650268119,follow,2.2710569841248116,49.229468729436256,
39.2,24.901880328567774,-3.428143446899687,follow,1.9857541202304958,49.33857461308216,114.24131026458508
39.3,24.559065983877804,2.614974047453547,follow,2.4567876044086745,49.29538658022538,
39.4,24.82056338862316,-1.5932409081004173,follow,2.083634898902858,49.3144799818376,446.02902096207856
39.5,24.66123929781312,-0.5917189915656211,follow,2.3115646962556085,49.30342364297528,64.76731270260697
39.6,24.602067398656555,2.798240630828877,follow,2.3241986152091414,49.22729971319397,
39.7,24.881891461739443,-0.8159896481449578,follow,1.9662557807191519,49.289092973328316,
39.8,24.800292496924946,0.794422540283521,follow,2.120465081766959,49.320903827154375,
39.9,24.879734750953297,-0.6301578051604744,follow,2.0212724510319404,49.34087457746188,825.9995026352225
40.0,24.81671897043725,-1.5018170809269265,follow,2.1098226467106755,49.33490110236655,56.272195271150096
40.1,24.66653726234456,1.9463549969274834,follow,2.2474233118059885,49.247229205322824,
40.2,24.861172762037306,-0.8047670042957304,follow,1.9568163360324107,49.248575479088366,406.4327217689844
40.3,24.78069606160773,0.020508388891006868,follow,2.0654141104730357,49.236458202884634,129.33272278928285
40.4,24.782746900496832,0.9133880668018667,follow,2.024268245978611,49.19838859672386,
40.5,24.87408570717702,0.8499843365904156,follow,1.8969853459086465,49.20811390667418,
40.6,24.95908414083606,2.8902500734671586,follow,1.812079124702386,49.250705335956475,
40.7,25.248109148182778,-3.071118416029142,follow,1.5236331995987058,49.39579692187287,418.22159995118204
40.8,24.940997306579863,2.1741172081719755,follow,1.9724900471847988,49.383986007054595,
40.9,25.15840902739706,-1.782846027161008,follow,1.6712727353010166,49.40888627639661,226.2218135634722
41.0,24.98012442468096,-2.007459446026747,follow,1.9168587366354615,49.3870453736569,34.77656219084607
41.1,24.779378480078286,3.0,follow,2.0759652110713844,49.24503293118881,
41.2,25.079378480078287,-1.2008976988037867,follow,1.6460273630635527,49.26509508318098,1676.9109549541865
41.3,24.959288710197907,3.0,follow,1.8232241698762905,49.26215723517315,
41.4,25.259288710197907,-4.661939643293091,follow,1.5622952988564975,49.45122836415336,123.8483009941423
41.5,24.793094745868597,3.0,follow,2.2216573743306753,49.41129949313357,
41.6,25.093094745868598,-2.2307603260162097,follow,1.8153478997438128,49.45499001854671,401.76361443841705
41.7,24.870018713266976,-0.24997797181637696,follow,2.1376524740593865,49.44268054395985,65.92192923906465
41.8,24.84502091608534,3.0,follow,2.100147298505142,49.367678672633154,
41.9,25.14502091608534,-1.124026293415664,follow,1.7516452068966117,49.46917658102462,
42.0,25.032618286743773,1.6588091448931024,follow,1.9617470593004214,49.51067448941608,
42.1,25.198499201233084,-3.3626575390334437,follow,1.7686638588920829,49.566412660741705,56.42169348722123
42.2,24.86223344732974,3.0,follow,2.1852125696237863,49.47856274061839,
42.3,25.16223344732974,-5.674512924854704,follow,1.8539892248908103,49.59733939588542,40.91401660722731
42.4,24.59478215484427,3.0,follow,2.5839428188860367,49.476116051152445,
42.5,24.894782154844272,1.660215783707704,follow,2.218464603401614,49.56063783566802,
42.6,25.060803733215042,-4.292330932394529,follow,2.1439540203610292,49.735159620183595,62.10655315068087
42.7,24.63157063997559,2.8659486302099806,follow,2.7077232868987053,49.65507924686209,962.8555951674205
42.8,24.918165502996587,-0.5419209030420403,follow,2.272673928369649,49.64992218286453,
42.9,24.86397341269238,0.2057258881978981,follow,2.3691455135263055,49.665105632564874,203.56769651448175
43.0,24.88454600151217,-1.8540895108123108,follow,2.3138892890273866,49.64070829129564,47.5237167338075
43.1,24.699137050430938,3.0,follow,2.487548115498015,49.536253691144424,
43.2,24.99913705043094,-3.083014494693948,follow,2.072634410454917,49.57133998610133,62.031087107486364
43.3,24.690835600961545,3.0,follow,2.4551728796159153,49.49142628105823,
43.4,24.990835600961546,-3.482421615047391,follow,2.0720893195197547,49.558342720962074,72.79046902214073
43.5,24.642593439456807,3.0,follow,2.526369001680706,49.49025916086592,
43.6,24.942593439456807,-4.440214303437027,follow,2.2281096577350255,49.64199981692024,93.20805728953435
43.7,24.498572009113104,3.0,follow,2.8408824593049005,49.58874047297456,
43.8,24.798572009113105,0.5508794243987556,follow,2.4170252583935863,49.614883272063246,
43.9,24.85365995155298,-2.31245191558948,follow,2.4155361438224645,49.696026071151934,64.23497296376289
44.0,24.622414759994033,3.0,follow,2.6850379360055854,49.61866007599664,
44.1,24.922414759994034,1.0430144008990516,follow,2.289796460006187,49.673418599997234,
44.2,25.02671620008394,-3.9722071538937636,follow,2.2391028238719244,49.77917712399783,40.25109165758414
44.3,24.629495484694562,3.0,follow,2.7112622769475934,49.65550550398944,
44.4,24.929495484694563,-0.9795534186159723,follow,2.3123127284781404,49.70655595551998,
44.5,24.831540142832967,2.63509215676822,follow,2.485296192801073,49.732606407050525,
44.6,25.09504935850979,-4.025876804229839,follow,2.1658783550025404,49.80845239276723,48.59127219510525
44.7,24.692461678086808,1.9837608330470915,follow,2.6672549397860337,49.70594745691625,72.83331658454507
44.8,24.890837761391516,1.6790152155617992,follow,2.30144464702029,49.63770128910757,
44.9,25.058739282947695,0.010623154241014454,follow,2.0995085885468754,49.687617512968416,
45.0,25.059801598371795,0.769338078268751,follow,2.1140411871159515,49.703743584673646,
45.1,25.13673540619867,0.35332004626543156,follow,2.0116603155384567,49.716763424836465,
45.2,25.172067410825214,-1.3212053244340307,follow,1.970988767978774,49.7290898842166,72.90934751456703
45.3,25.039946878381812,2.277935199500277,follow,2.1009628255613606,49.66088314313408,
45.4,25.26774039833184,-0.6297193616716457,follow,1.7722778577981373,49.673888455295895,1040.500083598313
45.5,25.204768462164672,-0.7101205643723087,follow,1.8619617222157032,49.66911441546271,66.69067896766103
45.6,25.133756405727443,3.0,follow,1.8940029606550723,49.59463756924624,
45.7,25.433756405727443,-2.543411897989561,follow,1.5706273200823304,49.72126192867349,674.1280494661186
45.8,25.179415215928486,-0.8735934754115924,follow,1.944763464208016,49.713886288100746,46.486982369086824
45.9,25.092055868387327,2.9621766644223415,follow,1.9688609639269004,49.606944766507894,
46.0,25.388273534829562,-3.686949134912001,follow,1.5643288774248205,49.64673917966916,44.39588135941704
46.1,25.01957862133836,3.0,follow,2.0055438941786576,49.5349118261862,
46.2,25.319578621338362,-0.38274179835417477,follow,1.612586032044824,49.591953964052365,
46.3,25.281304441502943,-1.9827649963152878,follow,1.7250394396641155,49.64699610191853,55.083492120743486
46.4,25.083027941871414,3.0,follow,1.932323744961117,49.556865657768235,
46.5,25.383027941871415,-1.7344228061562246,follow,1.546020950773972,49.62056286358109,679.4736588763577
46.6,25.209585661255794,2.491595820445961,follow,1.7988815775102651,49.61326006939395,
46.7,25.45874524330039,1.169126643736086,follow,1.466183638317787,49.65430150326837,
46.8,25.575657907673996,-2.7999213451355893,follow,1.3869401174273435,49.750426978938336,65.83723464507375
46.9,25.295665773160437,0.4834086209138473,follow,1.7313625284302816,49.67486118817094,57.38341832184754
47.0,25.344006635251823,-1.0932498499772572,follow,1.572284657977157,49.588294610854895,48.90332359466251
47.1,25.234681650254096,0.5029465417362213,follow,1.6348714719485642,49.48689394732971,58.586443700349314
47.2,25.28497630442772,0.73152130797137,follow,1.4749613256627256,49.402425782304306,143.20527279187525
47.3,25.358128435224856,0.6970213097317557,follow,1.3307354990242501,49.367928151861534,503.09503090249444
47.4,25.427830566198033,0.01418518291254528,follow,1.2163694590419993,49.35811530833905,226.5894826875083
47.5,25.42924908448929,1.3328084809269334,follow,1.1924586249853135,49.33633225171925,
47.6,25.56252993258198,-1.5542653705155027,follow,1.0116124443973504,49.35540734327032,89.3262146226755
47.7,25.40710339553043,3.0,follow,1.1894992567164735,49.30015435001212,
47.8,25.70710339553043,-3.857612115055224,follow,0.8077889171634283,49.36844401045908,54.424274292999165
47.9,25.32134218402491,3.0,follow,1.295720394868674,49.27773367090604,
48.0,25.62134218402491,-3.8838852407930604,follow,1.0175861764661818,49.44959945250355,326.74035842091257
48.1,25.232953659945604,0.07109468192770574,follow,1.58503474418265,49.434465234101054,56.6289684118873
48.2,25.240063128138374,-1.227589006443956,follow,1.48707517589893,49.34716986810649,47.44632179821024
48.3,25.117304227493978,3.0,follow,1.5672072140516846,49.243163555292654,
48.4,25.41730422749398,-2.24767678329439,follow,1.1414767913022885,49.26743313254325,83.88741443726148
48.5,25.19253654916454,3.0,follow,1.4198978860470461,49.208702709793855,
48.6,25.49253654916454,-1.567570504301287,follow,1.004644231130591,49.2434490548774,345.4794531193008
48.7,25.33577949873441,0.6385028935069526,follow,1.2255261518593343,49.22919539996095,127.60967226475822
48.8,25.399629788085107,-1.8417201083861683,follow,1.091172767959847,49.19061745008751,47.31551367019947
48.9,25.215457777246492,-0.5075356707248815,follow,1.263467805409256,49.086654471279,36.214078590477925
49.0,25.164704210174005,1.3223056414425123,follow,1.2040523782933406,48.951108693554346,98.95025691480711
49.1,25.296934774318256,1.681018803817787,follow,0.9562361110595603,48.90163827253694,
49.2,25.465036654700036,-1.0826197478303854,follow,0.7383898130550648,48.935944795105115,160.42644069522498
49.3,25.356774679917,-1.6556854780178605,follow,0.8702791097596148,48.905441129635115,38.006219653614636
49.4,25.191206132115212,2.5863577071530006,follow,0.9899544634705961,48.776763661643415,796.926091814247
49.5,25.449841902830514,-0.7744526117660486,follow,0.5958801941861225,48.77064304843189,305.1180083869809
49.6,25.372396641653907,-1.209640399573996,follow,0.696063895667983,48.754658858148844,47.22473600848169
49.7,25.251432601696507,1.9017104701749648,follow,0.7742702914386896,48.65141919398345,370.16249063018233
49.8,25.441603648714004,-1.0265482751874697,follow,0.47587046074279726,48.6382759338138,121.11014451577034
49.9,25.338948821195256,-1.2821835144229559,follow,0.589692337149522,48.598115568942404,40.53393665335439
50.0,25.21073046975296,2.595864020602213,follow,0.6621249821934398,48.47822068682288,
50.1,25.470316871813182,-0.705741752113565,follow,0.27867233212781173,48.484147639847585,963.5763490994152
50.2,25.399742696601827,1.97783573998059,follow,0.3795019077635331,48.47911595266627,
50.3,25.597526270599886,-0.5352628042289118,follow,0.12385227710625912,48.52014168300609,
50.4,25.543999990176996,-3.3202911678286267,follow,0.22338907068061076,48.5393890559461,30.83823974515262
50.5,25.211970873394133,1.4320613019818667,follow,0.5640327468372064,48.381989056928404,53.052120926694165
50.6,25.35517700359232,1.0294877243052156,follow,0.2580264642005119,48.290791969588994,
50.7,25.458125776022843,0.08673941111089328,follow,0.10708560519549337,48.29427426922976,708.8987030846686
50.8,25.46679971713393,0.33276420971419995,follow,0.08726211592658473,48.28746169162748,628.7453065409007
50.9,25.50007613810535,3.0,follow,0.029667512756063275,48.279781719914084,
51.0,25.80007613810535,-5.056042998284921,follow,-0.18134010105447373,48.51877410610355,131.1048433290006
51.1,25.29447183827686,3.0,follow,0.540058734877725,48.48176649229301,
51.2,25.59447183827686,-1.8156743329553278,follow,0.1456115510500382,48.53731930846533,
51.3,25.412904404981326,1.2689088820508778,follow,0.4305155171656594,48.549872124637645,
51.4,25.539795293186415,-2.2938137966705208,follow,0.24788874435989072,48.557581684139514,62.26965218746401
51.5,25.310413913519362,3.0,follow,0.5139812845418348,48.479602154820874,
51.6,25.610413913519363,-4.05545427553281,follow,0.08993989318989293,48.505560763468935,40.74680261428248
51.7,25.20486848596608,2.8556166632432176,follow,0.5792166431678751,48.386519372117,125.7222171637649
51.8,25.490430152290404,-2.4492288720921724,follow,0.11238729508478684,48.348032523520395,56.85126802396181
51.9,25.245507265081187,2.3650010126788077,follow,0.3947286106695742,48.262989508291355,260.16765158587594
52.0,25.48200736634907,2.604069529720246,follow,0.021427732259631682,48.24443878178324,
52.1,25.742414319321096,-7.1421785807513025,follow,-0.24338343383330852,48.370238045148334,22.57744340528693
52.2,25.028196461245965,3.0,follow,0.6137019213472783,48.155996613216224,
52.3,25.328196461245966,-5.784425804834283,follow,0.21188227522267766,48.20417696709163,31.33811459171176
52.4,24.749753880762537,3.0,follow,0.9257264998232273,48.05035732096703,481.68910275631066
52.5,25.049753880762538,0.7898011336539007,follow,0.46575111174696815,48.040381932890774,
52.6,25.128733994127927,-0.7465649539296907,follow,0.4243055536226308,48.11740654481452,611.1388997569937
52.7,25.05407749873496,-1.2924299971055797,follow,0.5284168972992873,48.10953314540173,55.67733590544359
52.8,24.9248344990244,0.8779883454938484,follow,0.6358736469916337,48.02312539552823,103.31230899668566
52.9,25.012633333573785,1.9112065882074618,follow,0.45769194526511825,47.97664194562579,
53.0,25.20375399239453,-2.577388353250201,follow,0.2207476236766155,48.02637861226842,63.71625105387208
53.1,24.94601515706951,3.0,follow,0.5319804774246961,47.95100321302896,
53.2,25.24601515706951,-1.691883098973575,follow,0.10337896171774474,47.97240169732201,222.0788686688561
53.3,25.076826847172153,0.2484294947547369,follow,0.335559910856837,47.950800181615065,84.59514650873948
53.4,25.101669796647627,3.0,follow,0.24161280192640788,47.89411749689785,
53.5,25.401669796647628,-2.5705248664049076,follow,-0.05755417773836058,48.04495051723308,
53.6,25.14461731000714,-2.6880487466178136,follow,0.3358575725576074,48.05278353756832,28.867165593371286
53.7,24.875812435345356,3.0,follow,0.572603153549565,47.8863218065676,
53.8,25.175812435345357,-2.7769090176239164,follow,0.14902191001503695,47.91274056303307,70.89650627477502
53.9,24.898121533582966,3.0,follow,0.497977019124086,47.845159319498535,
54.0,25.198121533582967,-3.8835008887466302,follow,0.12216486576578944,47.91934716614024,60.80197675641318
54.1,24.809771444708304,3.0,follow,0.6258778457194865,47.84053501278194,
54.2,25.109771444708304,-0.5337708821990725,follow,0.18590070124865576,47.850557868311114,
54.3,25.056394356488397,1.9568580604525803,follow,0.29298918910768634,47.87758072384028,
54.4,25.252080162533655,-3.99346916620321,follow,0.05882104439096025,47.93694128819144,41.60903281484212
54.5,24.852733245913335,3.0,follow,0.5426334030680735,47.82173327193808,465.4942306824438
54.6,25.152733245913335,-2.0890581546202323,follow,0.08236007847674642,47.81145994734675,93.2482149898041
54.7,24.94382743045131,1.1679373298877802,follow,0.34444547707844464,47.76018662275541,110.09028768206439
54.8,25.06062116344009,3.0,follow,0.1258721345501499,47.716803879710284,
54.9,25.36062116344009,-2.4224182237069205,follow,-0.19818998179385972,47.84274176336628,789.2085708755546
55.0,25.1183793410694,-1.104175395360149,follow,0.15911063541816617,47.836679647022265,44.77499499301432
55.1,25.007961801533384,3.0,follow,0.2178990106152483,47.729841712915324,
55.2,25.307961801533384,1.379309664611171,follow,-0.16389716953809597,47.79804553276198,
55.3,25.4458927679945,-0.9181785460740102,follow,-0.24258979938310432,47.92624935260864,
55.4,25.354074913387098,-3.4155538078250975,follow,-0.07245229427145716,47.95866007580919,32.09923387782874
55.5,25.01251953260459,2.5386788490473733,follow,0.29047328556359986,47.809252584470485,128.34025708718394
55.6,25.266387417509325,1.386206956916129,follow,-0.1275804950539623,47.77200063121003,
55.7,25.40500811320094,-2.982487766248928,follow,-0.2671502803423138,47.840361889459096,51.165718472410575
55.8,25.106759336576047,3.0,follow,0.08672207327493453,47.746861078139005,
55.9,25.406759336576048,-0.8959796582316679,follow,-0.34095386038267605,47.7691851444814,
56.0,25.31716137075288,-1.7325386407780399,follow,-0.18923284530552564,47.786509210823795,46.98026349098695
56.1,25.143907506675077,1.7409714382824024,follow,-0.031068186264107567,47.68479307374851,259.28682268525813
56.2,25.31800465050332,-6.682514444328666,follow,-0.3106046526739732,47.666402323081,17.345823019022376
56.3,24.649753206070454,3.0,follow,0.41697204892498974,47.39160185803067,112.90348989038158
56.4,24.949753206070454,-0.997720908335735,follow,-0.075003271682057,47.349626537423624,338.80887507906357
56.5,24.84998111523688,-0.5817626296379609,follow,0.06067954396126396,47.33565121681658,59.91997821697637
56.6,24.79180485227308,3.0,follow,0.06894582688327233,47.25665310529289,
56.7,25.091804852273082,-5.538501838819355,follow,-0.2382346583440409,47.39947262006558,40.798136216532455
56.8,24.537954668391148,3.0,follow,0.47636013225154983,47.28329213483827,
56.9,24.83795466839115,-0.8390238055774697,follow,0.03956466541243486,47.29649666799916,
57.0,24.754052287833403,3.0,follow,0.19162276940993905,47.322701201160044,
57.1,25.054052287833404,-5.438552998034071,follow,-0.12578245937340427,47.4552959723767,41.84577420415039
57.2,24.510196988029996,3.0,follow,0.5765952615483698,47.34189074359336,
57.3,24.810196988029997,-2.781984609315691,follow,0.26257556274536853,47.47787104479036,
57.4,24.531998527098427,0.6045173619825785,follow,0.6998535553397218,47.497851345987364,174.62539908828185
57.5,24.592450263296683,2.0325738749274502,follow,0.5819760983324969,47.47065149327752,
57.6,24.795707650789428,-0.3769596135694052,follow,0.3528449907637139,47.54640646694786,
57.7,24.758011689432486,-0.28683912610055196,follow,0.4448181677201859,47.58183570186891,228.7459701504546
57.8,24.72932777682243,1.4826647454462614,follow,0.4670428676920153,47.56103453292566,
57.9,24.877594251367057,-0.9495642883782343,follow,0.2767103781928313,47.59310175524342,283.97812793117504
58.0,24.782637822529235,1.85398435981381,follow,0.4023855963128611,47.57634233010671,
58.1,24.968036258510615,0.5092648329648711,follow,0.15502416008786213,47.60707854785379,
58.2,25.0189627418071,2.4488325731302756,follow,0.1318308092920759,47.66027492200273,
58.3,25.26384599912013,-4.975883275286457,follow,-0.11839035085817784,47.77737864782202,40.01971668291742
58.4,24.766257671591482,3.0,follow,0.5086075405227888,47.65799404791001,
58.5,25.066257671591483,-7.503215013298823,follow,0.24198177336364068,47.841368280750864,31.34553828703442
58.6,24.3159361702616,3.0,follow,1.2148382581993147,47.68874251359171,
58.7,24.6159361702616,-0.22543686255883555,follow,0.8222446411731497,47.74614889656555,
58.8,24.59339248400572,1.2188860140695885,follow,0.9384665535308088,47.82855527953939,
58.9,24.715281085412677,-1.3181504128660577,follow,0.817294403019794,47.89021603113881,258.473313260623
59.0,24.58346604412607,1.947543184344473,follow,0.9964888564084404,47.871687922597545,
59.1,24.778220362560518,-0.9655520323582979,follow,0.7300107743441586,47.897341318184935,323.14953553448726
59.2,24.681665159324687,1.0157452093101582,follow,0.8600215429418583,47.882519281928886,393.5598288590118
59.3,24.783239680255704,2.3160235230111206,follow,0.6954932456128589,47.870352765996415,
59.4,25.014842032556817,-0.7193167344508213,follow,0.43376574913561683,47.956028797970845,
59.5,24.942910359111735,-0.527933933562414,follow,0.5671790560475571,47.98154459471516,103.65191370265624
59.6,24.890116965755492,3.0,follow,0.6000781101707489,47.935253558803986,
59.7,25.190116965755493,-1.5445357069249943,follow,0.22806641359519375,48.01324186222843,
59.8,25.035663395062993,2.5990579965879377,follow,0.4637350730583947,48.01723016565288,
59.9,25.295569194721786,-1.0142075191094295,follow,0.13131003406390818,48.07466382614658,
60.0,25.194148442810842,-1.1300898546354414,follow,0.30088424245813883,48.0921069066744,59.07044020207991
60.1,25.081139457347298,0.729826532991936,follow,0.38898287637236706,48.01069206239332,101.90335645567129
60.2,25.15412211064649,1.9890590747840866,follow,0.23239495068884963,47.96357811665859,
60.3,25.3530280181249,-0.24441516106721406,follow,-0.018376121593405514,48.01116590559394,
60.4,25.328586502018176,-0.10725180420223279,follow,0.038983350754186574,48.031863103781454,219.73846811358632
60.5,25.317861321597952,0.5713281612148058,follow,0.03321247118270776,48.01000445357964,829.7426178264114
60.6,25.374994137719433,2.213756737796556,follow,-0.05827288515931173,48.00421832141984,
60.7,25.596369811499088,-3.34554237241945,follow,-0.3108358096007322,48.0837189076479,58.899432867749674
60.8,25.26181557425714,3.0,follow,0.10935856511228081,48.00208192649799,
60.9,25.561815574257142,-2.5479247356704917,follow,-0.2988229923134398,48.043900369072276,116.66363142223693
61.0,25.307023100690092,1.8173003137548416,follow,0.04218416061141994,48.00271881164656,326.49779923245484
61.1,25.488753132065575,1.4348815761971947,follow,-0.2451131965208191,47.98801650157755,
61.2,25.632241289685293,0.06371340589877028,follow,-0.38822074615694646,48.06014118837099,
61.3,25.63861263027517,0.8397492823666433,follow,-0.3580018860102925,48.099917059402465,
61.4,25.722587558511833,1.2100222562129632,follow,-0.44282554139279995,48.14105579637495,
61.5,25.84358978413313,-1.859745414389175,follow,-0.5495876356759268,48.21579704052377,149.00284064804407
61.6,25.657615242694213,2.4117279788980204,follow,-0.30298480193086164,48.183438062110454,
61.7,25.898788040584016,-2.5963516644005233,follow,-0.6255055230349953,48.22267653784103,84.78145301424969
61.8,25.639152874143964,2.7775953761917824,follow,-0.29293157743331477,48.16579773378263,
61.9,25.916912411763143,-2.0923213702151395,follow,-0.6884861712764732,48.18688244636824,124.54209526849475
62.0,25.70768027474163,1.9818764770117216,follow,-0.41332920692052255,48.14819120519192,
62.1,25.905867922442802,-0.015315747144739655,follow,-0.7073787059464394,48.15142317771776,
62.2,25.90433634772833,-1.7281262784607414,follow,-0.6796681361190124,48.17683638547348,59.896381061900854
62.3,25.731523719882254,3.0,follow,-0.5008828291227303,48.09640275070065,
62.4,26.031523719882255,-5.701056842564075,follow,-0.7850352011109578,48.26225037871242,47.71242574947259
62.5,25.461418035625847,2.476776146714161,follow,-0.03102904671457196,48.161098006724195,84.28347550139131
62.6,25.709095650297265,2.243693291780488,follow,-0.45968727228429174,48.10395620316161,
62.7,25.933464979475314,-0.14691399222869694,follow,-0.690150831081084,48.210046638131885,
62.8,25.918773580252445,0.8679380008209693,follow,-0.6094602301943155,48.26870014018435,
62.9,26.005567380334544,0.2697748919691394,follow,-0.6895282883427143,48.3188227821591,
63.0,26.032544869531456,-0.5104379282879719,follow,-0.6845512601715384,48.36426604412565,1136.782568068869
63.1,25.98150107670266,-1.0592237702202614,follow,-0.6122400578814862,48.360011557172506,74.22859805839356
63.2,25.875578699680634,2.1260340640396587,follow,-0.5185066000187106,48.29486144950224,
63.3,26.0881821060846,-2.0730216803203856,follow,-0.81196957959272,48.320303579534176,93.24965685257648
63.4,25.88087993805256,3.0,follow,-0.552834538153121,48.26848536892572,
63.5,26.18087993805256,-2.726880577850154,follow,-0.9019225319583768,48.369397375120464,369.57075388969383
63.6,25.908191880267545,0.7749544869623448,follow,-0.505978439086114,48.35630938131521,135.00113220097697
63.7,25.985687328963778,0.18245317102984493,follow,-0.6580408001572167,48.32049019328845,8496.165862928656
63.8,26.00393264606676,1.7952179783019568,follow,-0.6859775087080706,48.319921460392074,
63.9,26.183454443896956,-1.9310402727006515,follow,-0.89565347006004,48.3795281957854,149.57138202496844
64.0,25.990350416626892,0.784441222395196,follow,-0.6383428735446373,48.3471827513957,155.7825611348198
64.1,26.068794538866413,1.4017783562603747,follow,-0.7870440985666107,48.31614770973301,
64.2,26.20897237449245,0.1261528438775874,follow,-0.9481903058923109,48.36526825584637,
64.3,26.22158765888021,-0.6919995259991174,follow,-0.9290104699231918,48.403371018397124,252.64347036393133
64.4,26.152387706280297,0.5733672989048916,follow,-0.8443693069113465,48.3842122525091,923.5795129802681
64.5,26.209724436170788,1.1626833238657506,follow,-0.9356131723751133,48.37897348188107,
64.6,26.325992768557363,-3.0203538409730193,follow,-1.0629881145720503,48.42600103826399,51.19066725225976
64.7,26.02395738446006,1.303825052387827,follow,-0.7045343152818404,48.33140176140825,84.20730017590934
64.8,26.154339889698843,0.03998995619810724,follow,-0.9575038115860153,48.27400602296225,388.2423101700078
64.9,26.158338885318653,1.3425671583854362,follow,-0.9759362939856118,48.261572033992366,
65.0,26.292595601157196,0.8337596697805676,follow,-1.1471552562752976,48.2917381454605,
65.1,26.375971568135252,2.7163284665605967,follow,-1.2094787668580977,48.35447858534478,
65.2,26.647604414791314,-1.0473892138714591,follow,-1.4665251936557127,48.504881428531256,
65.3,26.542865493404168,-0.23555071568615643,follow,-1.2321772530541324,48.58212098705212,
65.4,26.519310421835552,0.45889192007537294,follow,-1.1871311950416228,48.591834437711704,
65.5,26.565199613843088,-1.727458578031943,follow,-1.229896025236485,48.617903395528145,89.17450079031173
65.6,26.392453756039895,2.653189385293376,follow,-1.0252971999160039,48.56338343414384,
65.7,26.657772694569232,-1.5307356980536977,follow,-1.376520983314002,48.610138058539846,
65.8,26.504699124763864,2.555236077757871,follow,-1.1456878980628744,48.61136078908292,
65.9,26.76022273253965,-3.0035166503019664,follow,-1.4604432222029402,48.679890876606535,105.77463353010869
66.0,26.459871067509454,3.0,follow,-1.055937997911613,48.63386860335257,
66.1,26.759871067509454,0.9805102701107077,follow,-1.4099251046625625,48.72988149660162,
66.2,26.857922094520525,-1.8209372523327014,follow,-1.405988751930117,48.880894389850674,
66.3,26.675828369287256,2.2797052134143665,follow,-1.120640373532261,48.89310218039862,
66.4,26.903798890628693,-0.10375321226006362,follow,-1.387178992473146,48.96851934346989,
66.5,26.893423569402685,-0.9022994534999494,follow,-1.2929958996970043,49.047139454407024,918.0805401583963
66.6,26.80319362405269,1.7592331962827275,follow,-1.1629933386122815,49.041797097466755,
66.7,26.97911694368096,-0.7830809207391589,follow,-1.3691976804599548,49.099477735061484,
66.8,26.900808851607046,1.231947734976746,follow,-1.2256472367171796,49.125566040693386,
66.9,27.02400362510472,-1.920827038614135,follow,-1.3655202821244004,49.17048515553268,138.89825320570569
67.0,26.831920921243306,2.601709812231284,follow,-1.1127965888427482,49.13508479302221,
67.1,27.092091902466436,-0.06309523576834425,follow,-1.451245152801775,49.18689270089788,
67.2,27.0857823788896,2.992541964428024,follow,-1.372990057683161,49.25568351065124,
67.3,27.385036575332403,-1.183017493614024,follow,-1.6714495902363282,49.406105272762275,
67.4,27.266734825971,3.0,follow,-1.410500623727465,49.489601615229034,
67.5,27.566734825971,-5.729149810462729,follow,-1.6631741063245684,49.686928132631934,71.31397237591233
67.6,26.993819844924726,3.0,follow,-0.8734751173522497,49.61725465003484,
67.7,27.293819844924727,-2.410355768957218,follow,-1.1978571018447255,49.742872665542365,
67.8,27.052784268029004,3.0,follow,-0.793685720993615,49.78549068104989,
67.9,27.352784268029005,-5.602634139583487,follow,-1.007964147796514,50.02121225424699,127.35034553510505
68.0,26.792520854070656,3.0,follow,-0.2068474536618936,49.98193382744409,
68.1,27.092520854070656,-1.443431264979582,follow,-0.6390995390689653,49.99968174203702,
68.2,26.9481777275727,-1.4018721666487872,follow,-0.4118369347290951,50.01042965662995,50.60873996773098
68.3,26.80799051090782,3.0,follow,-0.3003738824890547,49.91161188387268,
68.4,27.107990510907822,-1.3991216317817337,follow,-0.6981729335798335,49.9638128327819,
68.5,26.968078347729648,3.0,follow,-0.48210373990335853,49.970013781691115,
68.6,27.26807834772965,-0.2655530493705671,follow,-0.8329115746763236,50.06920594691815,
68.7,27.241523042792593,3.0,follow,-0.7038864520437045,50.158398112145186,
68.8,27.541523042792594,-1.3593480690851854,follow,-0.9310387563229696,50.38124580786592,
68.9,27.405588235884075,-0.7514780826127206,follow,-0.6082888502394539,50.50009350358666,
69.0,27.330440427622804,-0.1752098870832287,follow,-0.4871259614359502,50.508534679998256,627.8998778678739
69.1,27.31291943891448,2.992440610886228,follow,-0.46888852113574586,50.50049063723598,
69.2,27.612163500003103,-3.938324554983721,follow,-0.8050465566601233,50.61319869334453,77.60814380612193
69.3,27.21833104450473,3.0,follow,-0.2795142234128747,50.547982343344216,
69.4,27.51833104450473,-0.9452529493915367,follow,-0.4873473278633469,50.79014923889375,
69.5,27.423805749565577,-0.811629652451263,follow,-0.18439248990509327,50.951316134443275,
69.6,27.34264278432045,-1.652542570202252,follow,-0.0280286169939572,50.98593555948672,86.03147951585947
69.7,27.177388527300224,3.0,follow,0.16058849010433818,50.926671281054674,
69.8,27.477388527300224,-2.373969328497142,follow,-0.06915036262568464,51.146932428324654,
69.9,27.23999159445051,3.0,follow,0.3562061839188644,51.21619357559463,
70.0,27.539991594450512,-5.437761707808678,follow,0.1172070244738137,51.42719441614958,90.22447860082342
70.1,26.996215423669646,3.0,follow,0.8758721212000609,51.370195256704534,
70.2,27.296215423669647,0.18288734141217278,follow,0.5122505788330969,51.456573714337566,
70.3,27.314504157810866,1.8928880970803894,follow,0.5951959352542957,51.5669521719706,
70.4,27.503792967518905,-0.504317764472691,follow,0.4268123049111523,51.68250175618951,
70.5,27.453361191071636,3.0,follow,0.5610806728301654,51.74112245943762,
70.6,27.753361191071637,-3.2498867143484373,follow,0.2687445537229962,51.89878634033045,389.159589257513
70.7,27.428372519636792,3.0,follow,0.7428914417681014,51.88545022122329,
70.8,27.728372519636793,-0.08934863103043189,follow,0.3950541898044193,51.98761296925961,
70.9,27.71943765653375,2.6207698122187235,follow,0.5056192324953059,52.084775717295926,
71.0,27.981514637755623,0.6468998820106064,follow,0.2475599950091194,52.219831951642554,
71.1,28.046204625956683,-2.178375892351342,follow,0.2803735489319621,52.34968048786699,165.5563397577821
71.2,27.82836703672155,0.5937077428212386,follow,0.5755094701889973,52.31806002527132,125.0530166890097
71.3,27.88773781100367,3.0,follow,0.44461660509366396,52.27622332159917,
71.4,28.18773781100367,-1.1190984130252042,follow,0.19284282399329555,52.4744495404988,
71.5,28.07582796970115,-0.03646605358214616,follow,0.45093380484670575,52.56467575939843,
71.6,28.07218136434294,3.0,follow,0.46682091591390673,52.575092962428315,
71.7,28.37218136434294,-2.1380234418000907,follow,0.23060277947961083,52.78887482599402,
71.8,28.15837902016293,3.0,follow,0.6140881593153296,52.851656689559725,
71.9,28.45837902016293,-2.0885134738683058,follow,0.34325025729904013,53.03081878754343,
72.0,28.2495276727761,3.0,follow,0.7136893763629857,53.08798088552714,
72.1,28.5495276727761,0.2647874661567988,follow,0.5177366090853752,53.34202811824953,
72.2,28.57600641939178,-1.6840737840027349,follow,0.6790657218842426,53.54307535097192,
72.3,28.407599040991506,3.0,follow,0.9590761475454741,53.57047470903274,
72.4,28.707599040991507,-0.5419640905571432,follow,0.6633162434463244,53.72471480493358,
72.5,28.653402631935794,3.0,follow,0.8428509529307391,53.82295490083443,
72.6,28.953402631935795,-4.496824548361968,follow,0.5645106897371619,53.99461463764085,89.48355837365038
72.7,28.5037201770996,3.0,follow,1.1786941087978704,53.93427437444727,
72.8,28.8037201770996,0.4884682812115926,follow,0.8613220910879065,54.06690235673731,
72.9,28.85256700522076,-3.9029480481026635,follow,0.9276798311962082,54.206530339027346,49.16393296947422
73.0,28.462272200410492,3.0,follow,1.40286533788953,54.09627363850527,314.01626907651826
73.1,28.762272200410493,-3.252570841696171,follow,0.9356381178484767,54.079046418464216,45.35796976549911
73.2,28.437015116240875,3.0,follow,1.3042965240618543,53.95981919842317,
73.3,28.737015116240876,1.497179684129528,follow,0.9265950124377724,54.03211768679908,
73.4,28.88673308465383,3.0,follow,0.834316548194245,54.16441617517499,
73.5,29.18673308465383,-2.142015292969062,follow,0.5756432397288691,54.35574286670961,
73.6,28.972531555356923,3.0,follow,0.9352722252088412,54.394069558244226,
73.7,29.272531555356924,-5.804654101434308,follow,0.685019069673146,54.59381640270853,59.17826451105673
73.8,28.69206614521349,2.6514610206910043,follow,1.4634640293526004,54.50156324717284,90.52421180042714
73.9,28.95721224728259,1.5558905302693042,follow,1.005538261727608,54.44135663265149,
74.0,29.11280130030952,1.879738408660597,follow,0.8344334574589496,54.503635407923234,
74.1,29.30077514117558,-0.20538715966037835,follow,0.6421925661289052,54.59335527789228,
74.2,29.280236425209544,-2.9672951174176574,follow,0.7099231259604082,54.63027776377472,39.29567429909668
74.3,28.983506913467778,3.0,follow,1.0159937510521004,54.49125412125377,
74.4,29.28350691346778,-3.1474960225718127,follow,0.636643059705321,54.56190342990699,83.49093529918271
74.5,28.9687573112106,3.0,follow,1.0434167717443117,54.49655273856021,
74.6,29.2687573112106,-0.5866252500903038,follow,0.7395410406232585,54.642677007439154,
74.7,29.21009478620157,-0.5857348128190196,follow,0.9206590970157364,54.73580127631809,364.67490085105504
74.8,29.15152130491967,1.6977883894015582,follow,0.9935098403184313,54.720791797697935,
74.9,29.321300143859826,-1.0705936385766404,follow,0.7706894514162315,54.75263966720597,181.7212529864521
75.0,29.21424078000216,3.0,follow,0.901148482816744,54.72250965281999,
75.1,29.51424078000216,1.8353686128245552,follow,0.5237244048165266,54.79508557481977,
75.2,29.697777641284617,-2.840429854436913,follow,0.38599503489263043,54.932661496819556,106.09315103010334
75.3,29.413734655840926,3.0,follow,0.7602817489297067,54.880883732691096,
75.4,29.713734655840927,-2.485376976231679,follow,0.4249082833456086,54.995510267107,862.8823603341809
75.5,29.46519695821776,1.8100577757383618,follow,0.7913413641962705,54.98913680152291,3618.430478887355
75.6,29.646202735791597,0.8752012244269525,follow,0.5183130020137412,54.98761710570113,
75.7,29.73372285823429,-1.0795172785618576,follow,0.4324125447705356,55.032996832121974,124.02560699963712
75.8,29.625771130378105,2.073167735622551,follow,0.5499678507313845,54.988624546298546,
75.9,29.83308790394036,-1.8039029067976156,follow,0.2534155773501965,55.00304743326073,88.2749401576018
76.0,29.6526976132606,3.0,follow,0.4616922229757989,54.9407386428667,
76.1,29.9526976132606,-3.113571055289458,follow,0.2584224616497366,55.18746888154064,
76.2,29.641340507731655,1.4187034173295363,follow,0.7701883586170979,55.23219912021458,
76.3,29.78321084946461,1.605847779763057,follow,0.5692487952445049,55.24406506944142,
76.4,29.943795627440917,0.13679542831625513,follow,0.4130505433335827,55.328743984494956,
76.5,29.95747517027254,0.9553997419439018,follow,0.43515166634205116,55.37136442175086,
76.6,30.053015144466933,2.306596532975677,follow,0.32609418802321244,55.40561690472361,
76.7,30.2836747977645,0.814775243686366,follow,0.08380319363016753,55.50931539027692,
76.8,30.365152322133138,-1.4702215821462887,follow,0.059219427300760685,55.606947910500466,217.93627996646146
76.9,30.21813016391851,1.191371144078828,follow,0.2542374324093899,55.58143267828715,470.5100783287661
77.0,30.337267278326394,0.44710363451094626,follow,0.0637187444057119,55.5696196618953,
77.1,30.38197764177749,-3.7607360492546342,follow,0.004926471396430543,55.57789293406266,30.84272060070624
77.2,30.005904036852026,2.91278487354589,follow,0.38883911460687415,55.39769516988491,81.96088815787442
77.3,30.297182524206615,3.0,follow,-0.11566902011021085,55.33010476619971,
77.4,30.597182524206616,1.648553525533952,follow,-0.39238727253087546,55.50338651377905,
77.5,30.76203787676001,-2.6807111261015164,follow,-0.4673885537816247,55.67566826135839,343.5966292240307
77.6,30.49396676414986,3.0,follow,-0.08148567254239936,55.65946447368239,
77.7,30.79396676414986,-1.1606733209155036,follow,-0.44088234895738765,55.750067797267405,
77.8,30.67789943205831,3.0,follow,-0.22717802723504832,55.78967112085242,
77.9,30.97789943205831,-2.787073503768071,follow,-0.36596797044088447,56.100881177646585,
78.0,30.699192081681506,0.4401314560045977,follow,0.15530311191849222,56.20409123444075,
78.1,30.743205227281965,-1.7301459760011362,follow,0.10736418534965253,56.2221720262726,93.20571089811175
78.2,30.570190629681854,-0.26292695255528775,follow,0.3065655590216281,56.161851503544405,56.151147428174475
78.3,30.543897934426326,3.0,follow,0.24598553893672914,56.06183244057622,
78.4,30.843897934426327,-2.3540241585485018,follow,-0.1294042545059071,56.136442647133585,132.42914883061385
78.5,30.608495518571477,0.49718365684817123,follow,0.18130957583373686,56.094052853690954,72.99203638553645
78.6,30.658213884256295,1.1557056569456117,follow,0.02988247544936229,56.0172033018338,821.1994363400353
78.7,30.773784449950856,-0.8208524398432404,follow,-0.15029476151811139,56.010381913408175,101.14112434608542
78.8,30.691699205966533,3.0,follow,-0.08254534053671136,55.95500346841309,
78.9,30.991699205966533,-0.9306672849969042,follow,-0.31671526113336057,56.170833547816436,
79.0,30.898632477466844,0.3807826572734532,follow,-0.06328508898047858,56.284663627219786,
79.1,30.93671074319419,3.0,follow,-0.07826573531818326,56.3268003794731,
79.2,31.23671074319419,-2.4978012190685073,follow,-0.34593680963760676,56.50912930515368,
79.3,30.98693062128734,0.3771187340295219,follow,0.05206229890325176,56.53245823083426,154.06852127112202
79.4,31.02464249469029,3.0,follow,-0.04119857332991472,56.495765168705525,
79.5,31.32464249469029,-1.4245622672988574,follow,-0.3026628227989434,56.68430091923649,
79.6,31.182186267960404,-1.2612226207638484,follow,-0.020442732173144407,56.75283666976746,89.7723337978644
79.7,31.056064005884018,2.466612437839113,follow,0.10552203414539463,56.68961804297142,
79.8,31.30272524966793,-2.0315637904505595,follow,-0.2310762321188804,56.723011642383014,106.47704736680089
79.9,31.099568870622875,0.4852937483014694,follow,0.020385811481908434,56.66973911741622,72.69369167106066
80.0,31.14809824545302,3.0,follow,-0.13036513782559922,56.591782230353935,
80.1,31.44809824545302,2.6427673442848567,follow,-0.4401749623708966,56.731972405808634,
80.2,31.712374979881506,-6.2064925806904165,follow,-0.6293998885589289,56.93916258126333,43.38635180808178
80.3,31.091725721812466,3.0,follow,0.17033650055648053,56.80792508327518,
80.4,31.391725721812467,-3.412497362893234,follow,-0.15783607162477153,56.92975251109393,268.8844417378755
80.5,31.050475985523143,3.0,follow,0.33286596062797,56.90857993891268,
80.6,31.350475985523143,-1.3317181560769973,follow,-0.08618163792434785,56.939532340360365,1128.0519191498342
80.7,31.217304169915444,1.1675218497838065,follow,0.10852848693488681,56.93448474180805,386.50966075495296
80.8,31.334056354893825,1.83994376989993,follow,-0.08133020752423903,56.9197543248165,
80.9,31.518050731883818,-1.5747909595268268,follow,-0.2927274084986067,56.98434868932712,163.7242604861098
81.0,31.360571635931134,3.0,follow,-0.09131383775795854,56.94954361613874,
81.1,31.660571635931134,-1.1228707978011192,follow,-0.45137100135107744,57.039486452545624,
81.2,31.54828455615102,1.466837863962361,follow,-0.25099754527402496,57.07142928895251,
81.3,31.694968342547256,-1.6314779434141424,follow,-0.4418516804834738,57.10060083333741,122.80535169452791
81.4,31.531820548205843,2.0249388961976997,follow,-0.2436268232260801,57.054103999082685,
81.5,31.734314437825613,2.4593891860064168,follow,-0.5435497124763202,57.0579219442621,
81.6,31.980253356426257,-0.02835302040690868,follow,-0.7958895341598478,57.174490500479536,
81.7,31.977418054385566,-1.976151974429688,follow,-0.7216619167414393,57.24446516483691,82.08056101339398
81.8,31.7798028569426,3.0,follow,-0.49498092601554333,57.17472335939836,
81.9,32.0798028569426,0.7352291064786628,follow,-0.8859612117098052,57.2337430737041,
82.0,32.15332576759047,-4.25099514046248,follow,-0.9012258633758563,57.32876278800984,39.71990528771361
82.1,31.728226253544218,3.0,follow,-0.4079091690655332,57.18443021125079,
82.2,32.02822625354422,-3.2887114159081325,follow,-0.7407317944199576,57.30160758589637,213.63161446256495
82.3,31.699355111953405,3.0,follow,-0.27424770738815596,57.27478496054195,
82.4,31.999355111953406,-3.4165252941697624,follow,-0.5951832185835002,57.40384944934661,213.11587158322283
82.5,31.65770258253643,0.11078417419071246,follow,-0.1096399356533766,57.37691393815127,62.52234114844443
82.6,31.6687809999555,-0.29632139219620457,follow,-0.21802782003562982,57.28514367989762,78.60405757476593
82.7,31.63914886073588,3.0,follow,-0.24645771120174942,57.21226557990207,
82.8,31.93914886073588,0.35344615624355435,follow,-0.5983725972753362,57.31035069382848,
82.9,31.974493476360237,-1.1820467054947388,follow,-0.5603044067854626,57.40143580775489,244.7890521251532
83.0,31.856288805810763,3.0,follow,-0.4064467485972756,57.37798646011887,
83.1,32.15628880581076,-5.310784149477978,follow,-0.7120756291783508,57.52235757953779,52.95309799000049
83.2,31.62521039086296,3.0,follow,-0.024086887337723795,57.41372869895672,
83.3,31.92521039086296,-3.410035451515962,follow,-0.36960792642402396,57.51820765987042,166.61783417377842
83.4,31.584206845711364,3.0,follow,0.10737635221708075,57.48368662078413,
83.5,31.884206845711365,0.7215937676391289,follow,-0.2850443323540617,57.54126593621299,
83.6,31.95636622247528,-0.6132994124322347,follow,-0.29370408207106635,57.64084525164185,
83.7,31.895036281232056,2.1503599026513287,follow,-0.1953457924537645,57.64720862939432,
83.8,32.11007227149719,3.0,follow,-0.4554034059746641,57.70970500127112,
83.9,32.410072271497185,-2.8868977089346832,follow,-0.7244106331243785,57.8906977741214,5747.531506700505
84.0,32.121382500603715,3.0,follow,-0.2923832039338947,57.88969054697168,
84.1,32.42138250060371,-4.590846344878293,follow,-0.571521453994265,58.060552296911304,113.53644723542149
84.2,31.962297866115883,3.0,follow,0.06596724767710782,58.009414046850935,
84.3,32.26229786611588,2.005141755980923,follow,-0.22026253893447034,58.173184260239346,
84.4,32.462812041713974,-7.4236996166226445,follow,-0.2942635889432026,58.39995447362776,32.57449923071465
84.5,31.72044208005171,3.0,follow,0.6400101493787957,58.22067326945636,
84.6,32.02044208005171,2.0529607173602025,follow,0.25596594137363127,58.286629061451194,
84.7,32.22573815178773,-0.27740891357275665,follow,0.1229776257644346,58.46158485344603,
84.8,32.197997260430455,3.0,follow,0.24501514762157228,58.542011038267255,
84.9,32.49799726043045,-2.0581156822259956,follow,-0.06078457842146889,58.68621131222421,
85.0,32.29218569220785,3.0,follow,0.26813304786938374,58.70641158618116,
85.1,32.59218569220785,-0.7993464056968219,follow,-0.069085521351397,58.81919301696038,
85.2,32.51225105163817,3.0,follow,0.11259787028234314,58.88097444773959,
85.3,32.812251051638164,-1.4466241961912718,follow,-0.13162723488147776,59.08674934257577,
85.4,32.66758863201904,2.727300872245807,follow,0.1731412893833948,59.17452423741196,
85.5,32.94031871924362,-1.8329500685699138,follow,-0.12171270465537276,59.28876537421006,
85.6,32.757023712386626,1.9456286060563597,follow,0.16819793370575553,59.303733502285695,
85.7,32.95158657299226,-0.21885869545107295,follow,-0.09534872844136544,59.33203113104703,
85.8,32.92970070344715,3.0,follow,-0.04467858142292158,59.34987247374781,
85.9,33.22970070344715,-2.000873537213958,follow,-0.3876486517676341,59.45690240340309,3018.009106269012
86.0,33.02961334972576,3.0,follow,-0.08948769153025182,59.45493233305838,
86.1,33.329613349725754,3.0,follow,-0.44644902650283314,59.5479709980858,
86.2,33.62961334972575,-1.379395175943646,follow,-0.6494103614753968,59.79500966311323,
86.3,33.49167383213139,-0.4282350533538346,follow,-0.3444624200564306,59.89304832814065,1159.0595444101984
86.4,33.448850326796006,3.0,follow,-0.28539454526649877,59.88788094492751,
86.5,33.748850326796,-3.5405534533083385,follow,-0.5782795779460912,60.04499591224791,182.59065301004313
86.6,33.39479498146517,-1.3695147920829989,follow,-0.08008159262944048,60.01211087956831,37.62998477988317
86.7,33.25784350225687,2.014378750283158,follow,-0.03413387196351181,59.852631381421794,154.3216040313628
86.8,33.45928137728519,-2.8739513529515452,follow,-0.3750750347316796,59.813847031196104,41.8488955231531
86.9,33.17188624199003,3.0,follow,-0.08691046951746273,59.67091889346759,
87.0,33.47188624199003,0.0386398347924215,follow,-0.49309909371645233,59.714730269268586,
87.1,33.47575022546927,3.0,follow,-0.44408369313432416,59.76954164506958,
87.2,33.77575022546927,-2.3339823802291457,follow,-0.6676587156812488,59.99596662252265,
87.3,33.54235198744635,1.340343846555039,follow,-0.25513638119380744,60.05839159997572,
87.4,33.67638637210186,2.3588510715065905,follow,-0.4224231569217025,60.09215640123109,
87.5,33.91227147925252,-6.755588308313641,follow,-0.6458894548578726,60.2225177640209,29.92763073220679
87.6,33.236712648421154,3.0,follow,0.16622164346392054,60.02129061609565,
87.7,33.53671264842115,0.6578128084400321,follow,-0.16344962137819863,60.14161935125353,
87.8,33.60249392926515,-3.506325316393201,follow,-0.1137928074863126,60.289948086411414,70.72185034605619
87.9,33.25186139762583,3.0,follow,0.326906597046154,60.2046986934849,
88.0,33.55186139762583,-1.3054540315555438,follow,0.09972045728357415,60.427512553722316,
88.1,33.42131599447028,0.8683442287955976,follow,0.40835242225431756,60.54032641395973,
88.2,33.50815041734984,3.0,follow,0.32996918848794365,60.5921948145127,
88.3,33.808150417349836,3.0,follow,0.03415414675296091,60.746379772777715,
88.4,34.10815041734983,-3.0997582699033006,follow,-0.11866089498202115,61.04356473104273,
88.5,33.7981745903595,3.0,follow,0.4014878037684966,61.098749689307745,
88.6,34.0981745903595,-2.272978774525307,follow,0.047670344732544834,61.194932230271796,1270.2740547165367
88.7,33.87087671290697,1.384666119669206,follow,0.3837997018753967,61.19011477123585,338.29736171016623
88.8,34.00934332487389,3.0,follow,0.15801211263432435,61.172027099945154,
88.9,34.309343324873886,-3.5439210675681854,follow,-0.1469222198530673,61.317092767457765,107.69792160299794
89.0,33.95495121811707,3.0,follow,0.3277316077947745,61.26015843497038,
89.1,34.254951218117064,-1.992800875893062,follow,-0.043763514016923466,61.33866331315867,1116.2384641317753
89.2,34.055671130527756,3.0,follow,0.2496614955553298,61.333168191346964,
89.3,34.35567113052775,-0.4538380624999465,follow,-0.0829056174974454,61.450601078294184,
89.4,34.31028732427776,3.0,follow,0.06160297882477295,61.52703396524141,
89.5,34.610287324277756,-3.4906979093527424,follow,-0.23142575360300555,61.68400523281363,198.7964070926601
89.6,34.26121753334248,3.0,follow,0.26115020037213554,61.652976500385854,
89.7,34.56121753334248,-2.833902821320388,follow,-0.1559715529621144,61.68585474705161,90.55235916254608
89.8,34.27782725121044,3.0,follow,0.20099211690170193,61.61773299371736,
89.9,34.57782725121044,1.0174598520563254,follow,-0.23079060821933695,61.63595026859632,
90.0,34.67957323641607,2.1967397398824033,follow,-0.3041923111488245,61.715167543475275,
90.1,34.89924721040431,-3.857348980686608,follow,-0.5226605957727983,61.82621021983367,67.25743578013197
90.2,34.51351231233565,3.0,follow,-0.03598296971023274,61.73428549879324,
90.3,34.81351231233565,0.765694000435817,follow,-0.35633420094379176,61.86393426755968,
90.4,34.89008171237923,-0.6814976357563827,follow,-0.325539532242729,62.00958303632611,
90.5,34.82193194880359,3.0,follow,-0.1893230581171963,62.04357486508819,
90.6,35.121931948803585,-6.198116369916017,follow,-0.45051625299754505,62.23238167020783,50.51608713504513
90.7,34.502120311811986,1.9113245278885227,follow,0.35600800760948914,62.10918847532747,54.380600566319124
90.8,34.693252764600835,-3.5981440961239635,follow,-0.04490270275498176,61.994976444146275,31.90268274589626
90.9,34.33343835498844,3.0,follow,0.3004936352035301,61.80065116768619,
91.0,34.633438354988435,-1.8953914635258202,follow,0.027149799704695,61.977307332187344,
91.1,34.443899208635855,0.6042067820700276,follow,0.3661146837347147,62.0319634966885,1150.888205349711
91.2,34.50431988684286,0.7394627167566177,follow,0.2700937455606294,62.02657357582491,
91.3,34.57826615851852,-2.993667924484847,follow,0.17774234936285183,62.04514158714063,44.69254055241956
91.4,34.27889936607003,3.0,follow,0.4879659221837258,61.90631497128877,
91.5,34.578899366070026,-4.744435266278097,follow,0.2920759855767372,62.16042503468177,312.5219866854579
91.6,34.10445583944222,3.0,follow,0.9838513389114425,62.14053509807477,
91.7,34.404455839442214,0.08939448334947675,follow,0.5544057549672345,62.16108951413055,
91.8,34.41339528777716,0.893227356108671,follow,0.5895509985205862,62.20964393018633,
91.9,34.50271802338803,-0.3062361268249494,follow,0.4732273663265758,62.22730440140862,279.3995001158676
92.0,34.47209441070553,-1.7276979318554218,follow,0.496890983011518,62.20503259906982,48.51829325489266
92.1,34.299324617519986,3.0,follow,0.6278362317192858,62.076823157999264,
92.2,34.59932461751998,2.425806356917698,follow,0.1909037699672922,62.08989069624727,
92.3,34.841905253211756,-0.5026046956258996,follow,-0.05189964532236502,62.210958234495266,
92.4,34.79164478364917,2.017971890166436,follow,0.06130053370033295,62.24876770917409,
92.5,34.99344197266581,-5.181411833264166,follow,-0.1785597281895548,62.31160323080917,35.33521612656863
92.6,34.4753007893394,0.9280147259247156,follow,0.4223078495334889,62.13525903354259,34.99984870544872
92.7,34.56810226193187,0.02747177243391774,follow,0.10557556171084315,61.95772895460865,59.11420212032355
92.8,34.57084943917526,0.40620516987386124,follow,-0.0033554303474332414,61.85291872841546,67.9068527334447
92.9,34.61146995616265,2.1124748622337934,follow,-0.1553711497460455,61.76183378449793,
93.0,34.82271744238603,-7.125000208793146,follow,-0.46838937469738084,61.765686788881666,20.433827496666698
93.1,34.11021742150672,3.0,follow,0.29808891238298685,61.463415044643064,
93.2,34.410217421506715,-5.062736356774618,follow,-0.06493282976767745,61.550393302492395,52.59739956976816
93.3,33.903943785829256,2.0212805957038924,follow,0.5774558815978423,61.433371560341726,62.43585502048426
93.4,34.10607184539965,-3.352041950492947,follow,0.17586941365932773,61.3349771817588,33.77343101107397
93.5,33.770867650350354,-0.3024209044291646,follow,0.49706852169330773,61.15336999721884,28.17001303020449
93.6,33.740625559907436,3.0,follow,0.3253448923226543,60.936283232183804,
93.7,34.04062555990743,-2.416609895667359,follow,-0.09671766366809464,60.96422067619306,74.28993642736376
93.8,33.798964570340694,-1.6649573117948508,follow,0.18371126469127574,60.88215812020231,30.764652906201853
93.9,33.632468839161206,-0.5486538025248731,follow,0.23555840442643472,60.68426166316824,32.58269904289965
94.0,33.57760345890872,1.43580302056042,follow,0.1316095908890489,60.498014779252124,66.65687992418367
94.1,33.72118376096476,3.0,follow,-0.174521208085892,60.40725443336125,
94.2,34.02118376096476,-4.62686546555185,follow,-0.5366395841823675,60.49513605726477,43.79948401290846
94.3,33.55849721440958,-0.7967846638599753,follow,0.019271859553931847,60.357017681168294,27.57920699362266
94.4,33.47881874802358,1.412115851351818,follow,-0.08006016230803681,60.13816795972733,65.4516117450667
94.5,33.62003033315876,-1.0722211594077369,follow,-0.38375941481317,60.04628608492497,52.67077931036317
94.6,33.51280821721799,-5.355546263167742,follow,-0.3369292742178871,59.9322830516091,17.30742198011722
94.7,32.97725359090121,3.0,follow,0.12012184353547894,59.5860022298873,157.94681261361552
94.8,33.27725359090121,-2.356121923414855,follow,-0.36760351555463444,59.54827687079718,65.63575770655851
94.9,33.041641398559726,3.0,follow,-0.10491058613252591,59.45755151170706,
95.0,33.34164139855972,1.3918954197548055,follow,-0.5360747259884988,59.47638737185109,
95.1,33.480830940535206,-0.7584724301731913,follow,-0.6490231788076883,59.57222323199512,
95.2,33.404983697517885,-2.275820889085632,follow,-0.5283354083352378,59.57914013794159,47.09874147378035
95.3,33.17740160860932,-1.5289890464439528,follow,-0.3134606447241737,59.45264176818981,31.333715275895088
95.4,33.02450270396493,3.0,follow,-0.2738524486185199,59.26290160732887,
95.5,33.324502703964924,-5.478856800414729,follow,-0.5473027190150077,59.43945133693238,58.58974165828106
95.6,32.77661702392345,2.663668510132337,follow,0.17307553065071346,59.33800106653589,104.72329379668015
95.7,33.04298387493668,-2.248318760192164,follow,-0.2831364482614802,59.28133936414354,64.93141992048338
95.8,32.818151998917465,1.8176164116171352,follow,-0.03718702172631794,59.190040976649875,112.07008796325607
95.9,32.99991364007918,-2.0320818515793584,follow,-0.36264468336064226,59.13722577675813,54.258634447828385
96.0,32.796705454921245,-0.08945432716514734,follow,-0.16682376963166234,59.02823441275021,43.83158484807811
96.1,32.78776002220473,-0.832013502985959,follow,-0.28807616604900943,58.89356386725808,43.37553242407798
96.2,32.704558671906135,0.9540938613274269,follow,-0.29905014282159215,58.757787865037606,70.4058202772427
96.3,32.79996805803888,-2.0195141800077216,follow,-0.5256200892113299,58.67433199784699,39.9153788934202
96.4,32.598016640038104,0.011506268655678664,follow,-0.36968976801404807,58.527335192043104,39.598563105848584
96.5,32.59916726690367,0.7634082017453705,follow,-0.5192173723162128,58.379533528039296,77.92590000538023
96.6,32.67550808707821,-1.3998717695783824,follow,-0.7086453292683785,58.30461680134893,47.96728003801229
96.7,32.53552091012037,3.0,follow,-0.6202153725394481,58.183065992641104,
96.8,32.835520910120366,-8.0,follow,-1.0157674635514837,58.237513901629065,15.548575298103875
96.9,32.03552091012037,3.0,follow,-0.19031955456352279,57.86296181061703,
97.0,32.335520910120366,-1.231319964403304,follow,-0.5858716455755584,57.91740971960499,
97.1,32.21238891368004,-5.765082399366546,follow,-0.3667257419271053,57.951857628592954,21.287134008438006
97.2,31.635880673743383,3.0,follow,0.2257977266098763,57.67961873722495,103.762590537285
97.3,31.935880673743384,-2.3329607022019205,follow,-0.27979034076446396,57.62403066985061,61.57198485503824
97.4,31.702584603523192,-0.9649225628807733,follow,-0.02343430280851777,57.53044260247627,33.39774573905375
97.5,31.606092347235116,0.5779237705012612,follow,-0.05095437872871855,57.35818414212395,52.8115167077106
97.6,31.663884724285243,-1.5781925194760889,follow,-0.24625217902742236,57.249574907400444,38.06779468061269
97.7,31.506065472337635,3.0,follow,-0.15991177353453168,57.09918643497192,
97.8,31.806065472337636,-2.04031510052764,follow,-0.4815183207682949,57.22757988773816,
97.9,31.60203396228487,2.669558299807647,follow,-0.15907760292290618,57.2439733405044,
98.0,31.868989792265637,-2.056269335083603,follow,-0.49671474412254923,57.306769944275906,287.9884907250718
98.1,31.663362858757278,-2.4692955537697623,follow,-0.20817332308656944,57.286870965049346,32.487284554366745
98.2,31.416433303380302,1.224071204914614,follow,-0.01411527589683459,57.11053467917362,56.74547383056264
98.3,31.538840423871765,0.8907331275451478,follow,-0.29836928697206133,57.00989134883559,238.69448238563166
98.4,31.62791373662628,-3.8256151141777117,follow,-0.4558632984910034,56.986007306448414,29.105473974886248
98.5,31.245352225208507,3.0,follow,-0.07781240502697528,56.790215932785785,
98.6,31.545352225208507,-3.5901671375743445,follow,-0.5113476275478277,56.806680710264935,53.321971237397044
98.7,31.186335511451073,1.4943978280263566,follow,-0.07935777943252731,56.70014548774408,64.70141258324396
98.8,31.335775294253708,0.7112967753596994,follow,-0.3911510047815909,56.61251193659897,660.0095333878957
98.9,31.40690497178968,-0.4004627947499159,follow,-0.506423050510918,56.6039344071736,126.65765202946206
99.0,31.366858692314686,-1.5206722877370193,follow,-0.4910441284774052,56.55924390999463,47.25640902570625
99.1,31.214791463540983,3.0,follow,-0.3826291545483116,56.43955804076316,
99.2,31.514791463540984,-6.068716176075567,follow,-0.8031083009024158,56.46907889440906,26.828823602034486
99.3,30.907919845933428,3.0,follow,-0.10328002084517607,56.25859974805496,
99.4,31.20791984593343,-2.035125176713257,follow,-0.5530720054385228,56.25880776346162,152.91050043992752
99.5,31.004407328262104,-0.42544852011916334,follow,-0.2845952135248808,56.222015778868276,54.35191171095643
99.6,30.96186247625019,0.7572114157459443,follow,-0.32421866833321644,56.11857504604207,121.50494558826816
99.7,31.037583617824783,-3.8789152575419643,follow,-0.4839866283201246,56.07238879841705,27.791853731876724
99.8,30.649692092070588,3.0,follow,-0.10390770147131434,55.87063043663457,
99.9,30.94969209207059,-3.815994060823681,follow,-0.5258769106783703,55.89866122742751,52.256777106041035
100.0,30.56809268598822,1.1363191169448563,follow,-0.06044701076187664,55.79169201822045,53.74442260433542
100.1,30.681724597682706,1.7004481636284265,follow,-0.3347041469024319,55.68788274962163,
100.2,30.85176941404555,-3.9171785387542877,follow,-0.5689438312149662,55.70871028985336,35.219235999368706
100.3,30.460051560170122,-0.2558506731301394,follow,-0.13954399180638433,55.5505333484488,29.70534852172486
100.4,30.43446649285711,-1.932330041163509,follow,-0.28817154685387436,55.36352819243179,27.347218829143387
100.5,30.241233488740757,3.0,follow,-0.20076868996505937,55.161081543146075,
100.6,30.541233488740758,-5.394724358918796,follow,-0.6458920388391363,55.165958194272,27.8442488014548
100.7,30.001761052848877,3.0,follow,-0.034806733875392126,54.967834845397924,
100.8,30.301761052848878,-8.0,follow,-0.3639828391602862,55.08865874011303,21.588486382222218
100.9,29.501761052848877,3.0,follow,0.5808410555548278,54.833482634828144,
101.0,29.801761052848878,-3.8744345250205177,follow,0.28566495026993977,54.98830652954326,492.0167189539489
101.1,29.414317600346827,2.08982322024909,follow,0.8556540237381327,54.97713042425837,1012.1421063010814
101.2,29.623299922371736,-2.1719034785794658,follow,0.5367487806660804,54.97169866422369,78.16252627875028
101.3,29.40610957451379,3.0,follow,0.7922043102158369,54.90136867198652,
101.4,29.70610957451379,-2.038757602795008,follow,0.3715933527644566,54.93075771453514,125.9563213574855
101.5,29.502233814234287,3.0,follow,0.6337960357323311,54.88714675708376,
101.6,29.802233814234288,-2.865762452252939,follow,0.2555726543088994,54.95892337566033,109.42895881961165
101.7,29.515657569008994,2.0041381835756735,follow,0.6352136407234141,54.908699994236905,233.00206407603912
101.8,29.71607138736656,-2.2791252171761145,follow,0.3110271562861584,54.885134237336004,58.63349203712312
101.9,29.48815886564895,1.8218966995230166,follow,0.5592888001259269,54.791527098599346,112.24117998094864
102.0,29.67034853560125,-0.4526246035503032,follow,0.2371884086325764,54.74271121203445,136.7376331970866
102.1,29.62508607524622,-3.5660878661842887,follow,0.2650472456049968,54.70267635847433,25.265820598958594
102.2,29.26847728862779,1.1912120909444681,follow,0.5834518180080224,54.486167750949704,35.415646466609495
102.3,29.387598497722237,2.4376282277200754,follow,0.2509222755035694,54.332320022086925,
102.4,29.631361320494246,-1.6845357241341465,follow,-0.10448180842666943,54.3425601723147,79.7558630608729
102.5,29.46290774808083,0.27764240870765555,follow,0.08006241814402415,54.274424040265274,62.17658642576225
102.6,29.490671988951597,-0.3170152975122402,follow,-0.04887471797020737,54.18713326545719,70.31153855633438
102.7,29.458970459200373,0.6277531743100112,follow,-0.07838962223852519,54.110066066562034,106.31278316539738
102.8,29.521745776631374,-2.2472893090996564,follow,-0.2234496443050631,54.059169020641995,39.123817083367925
102.9,29.29701684572141,-0.04071796077545242,follow,-0.024530825603257256,53.92099444297886,38.052472421756875
103.0,29.292945049643862,0.9003214004335695,follow,-0.16012481605907425,53.77929275840672,86.33071695352989
103.1,29.382977189687217,-3.0160337645577333,follow,-0.3574675310884956,53.716998253442334,30.297625127889482
103.2,29.081373813231444,3.0,follow,-0.0823601853735596,53.53970053447361,161.56889409085395
103.3,29.381373813231445,-6.203913211073363,follow,-0.565497566696699,53.506563153150466,21.56328194802293
103.4,28.760982492124107,3.0,follow,0.11695203364115514,53.25842577182732,
103.5,29.060982492124108,-2.747140675197366,follow,-0.2921462155712504,53.29932752261491,129.6875865615207
103.6,28.786268424604373,1.4041404690971067,follow,0.0788266364959398,53.2582292734025,145.40764558378183
103.7,28.926682471514084,0.3219407556662567,follow,-0.16842127632906312,53.22160243094206,
103.8,28.95887654708071,1.7696972160301163,follow,-0.21138063683041253,53.226934183790654,
103.9,29.13584626868372,-1.4774065511000714,follow,-0.4227228739430018,53.28104652908258,225.91430776687045
104.0,28.988105613573715,-4.656678353305843,follow,-0.2246965181463665,53.25746190221421,20.983154372061914
104.1,28.52243777824313,1.5366614502338376,follow,0.2199946734921454,53.00365134085684,32.27132987500649
104.2,28.676103923266513,-1.0885455302430662,follow,-0.17474832186724143,52.83940756303253,40.7678787283227
104.3,28.567249370242205,1.406943413817424,follow,-0.14107688465742996,52.709797170705876,75.59676554802196
104.4,28.707943711623948,-0.17463674392755235,follow,-0.42184333375426064,52.64007223368166,110.1386438474571
104.5,28.690480037231193,-2.279099144162062,follow,-0.44344219332752743,52.59227786251926,34.140187857965884
104.6,28.462570122814988,1.935596709965774,follow,-0.25562532542634386,52.43822985879614,87.02427796091816
104.7,28.656129793811566,-3.429710637766776,follow,-0.6062218442027003,52.377972846514645,32.013336010765805
104.8,28.31315873003489,1.2504264505573492,follow,-0.2553782279188468,52.21435986713349,42.68813080837361
104.9,28.438201375090625,-3.4434858763290555,follow,-0.5652580685059334,52.09204399413,25.433067581953534
105.0,28.09385278745772,1.5138822590602543,follow,-0.2535553245656388,51.88722385662094,38.32560255982874
105.1,28.245241013363746,-2.963326504169973,follow,-0.6160229421704528,51.75183857787517,27.162882918684463
105.2,27.94890836294675,1.1917637998471053,follow,-0.36204806788132515,51.5613144765388,38.224475355687545
105.3,28.06808474293146,2.0340876096341827,follow,-0.6757034741530674,51.426423640244124,
105.4,28.27149350389488,-4.463545914336078,follow,-0.9666250898913447,51.44061516595098,29.369572340154264
105.5,27.825138912461274,3.0,follow,-0.47224255313042107,51.26546581556149,
105.6,28.125138912461274,-4.754800990989724,follow,-0.7647564443765518,51.42295192431536,97.92257001733351
105.7,27.6496588133623,1.967438875783997,follow,-0.10405018697422008,51.370438033069235,146.91589649662743
105.8,27.8464027009407,-3.8500791419788176,follow,-0.434131899678043,51.33547215173301,35.49182542202512
105.9,27.46139478674282,3.0,follow,-0.001260298475294519,51.190831881638935,
106.0,27.76139478674282,-4.177599298824238,follow,-0.435399777149577,51.206692402964656,41.58430176435316
106.1,27.343634856860394,3.0,follow,0.06810063899978047,51.08355292429037,173.969648802893
106.2,27.643634856860395,2.5308295994063568,follow,-0.4112628466862631,51.05418943860433,
106.3,27.89671781680103,-4.692763879066736,follow,-0.6582507722832531,51.18682595291829,45.430031539083686
106.4,27.427441428894355,3.0,follow,-0.06700797210334741,51.074154171238185,
106.5,27.727441428894355,-5.284978792728691,follow,-0.48775211499278726,51.10341002834875,33.23925651275027
106.6,27.198943549621486,3.0,follow,0.15125056102708356,50.94966588545931,96.32344684403327
106.7,27.498943549621487,0.9553311073175401,follow,-0.35164379393506806,50.89677153049716,
106.8,27.59447666035324,-3.919960263514854,follow,-0.4378378149948503,50.95387717553501,34.094796210127086
106.9,27.202480634001756,3.0,follow,0.0007085584970596415,50.80442950949969,
107.0,27.502480634001756,-3.255518098911256,follow,-0.37053950490312104,50.88318144609951,114.99527332058878
107.1,27.176928824110632,-0.4641604451493824,follow,0.07354014653338936,50.83893338269934,43.19626840740917
107.2,27.130512779595694,1.2770882429741286,follow,0.025471330894731636,50.721240500288275,220.03656625567584
107.3,27.25822160389311,0.019365081538635365,follow,-0.18914318351095716,50.69818922232871,366.7891834154642
107.4,27.260158112046973,-0.3894052988494028,follow,-0.2058701061310586,50.6843670619394,107.80281306063155
107.5,27.221217582162033,-4.117755486639479,follow,-0.19447512250834365,50.6373512507347,22.900211928137672
107.6,26.809442033498087,2.081288298001921,follow,0.2020664422713665,50.4162294925185,42.74583070690624
107.7,27.01757086329828,-1.4305540602460172,follow,-0.2280710057787303,50.29828528916869,47.56020332510102
107.8,26.874515457273677,0.7644549314056261,follow,-0.11924498307165976,50.19252820283886,60.14571421698459
107.9,26.95096095041424,0.22907323867367463,follow,-0.3173647685098686,50.10907665711149,121.93147939385166
108.0,26.973868274281607,-0.9758476340077817,follow,-0.39282184935234454,50.06798056207006,60.043033301878054
108.1,26.87628351088083,-2.805035748723009,follow,-0.3298315316793392,49.984593734641905,25.420847735355572
108.2,26.595779936008526,3.0,follow,-0.10570452045896417,49.787965383553825,125.79709291398031
108.3,26.895779936008527,-1.6479436166789836,follow,-0.5952825140598179,49.748387389952974,86.40173837043233
108.4,26.73098557434063,0.8778206878860633,follow,-0.40566896515882434,49.69080939635212,99.18610822627502
108.5,26.818767643129235,-0.04902608982371323,follow,-0.5874406257757911,49.64071083891806,207.90384403991183
108.6,26.813865034146865,-0.3745704496739267,follow,-0.6039634766151636,49.61683407460514,104.70667911578258
108.7,26.77640798917947,-0.813460887819286,follow,-0.5951644125787539,49.56944757119045,63.84458720417954
108.8,26.695061900397544,-1.1293829600284802,follow,-0.5507860783238101,49.491806772272504,43.2219487480021
108.9,26.582123604394695,-3.268787395346418,follow,-0.49588482435929393,49.37730058223275,21.44858794200831
109.0,26.255244864860053,3.0,follow,-0.23577907549679367,49.14708822179328,115.57361953792729
109.1,26.555244864860054,-2.572225300468622,follow,-0.7283035619827984,49.10456373530728,51.94904046643757
109.2,26.29802233481319,1.2237423334867223,follow,-0.4369942533985096,49.01003924882127,71.23320969242707
109.3,26.420396568161863,-4.309037711924335,follow,-0.6893578369028432,48.94123701533995,23.98613964511308
109.4,25.98949279696943,1.204003006161373,follow,-0.24704183693037862,48.737197358523765,32.28713476233356
109.5,26.109893097585566,1.5171168509610913,follow,-0.578591567551527,48.58624807882682,811.2161507328116
109.6,26.261604782681676,-2.495928860743052,follow,-0.8121484049542502,48.580258769068266,44.503523197951104
109.7,26.012011896607373,1.9211608179312956,follow,-0.546919554110957,48.4710982908001,137.69732999922974
109.8,26.204127978400503,-2.7677772160165697,follow,-0.8702948664613928,48.43589710113936,44.67728724481456
109.9,25.927350256798846,0.8624626863893489,follow,-0.5635410818989612,48.32748430329931,56.36842576305202
110.0,26.01359652543778,0.10264788974216335,follow,-0.7786455105372525,48.24174927761942,153.83381308282648
110.1,26.023861314411995,-2.7336233338348834,follow,-0.8254023465423543,48.21038962507564,32.933713836437285
110.2,25.750498981028507,1.321054762296701,follow,-0.5617449779083188,48.064003493634445,61.58112266885701
110.3,25.88260445725818,-2.6492469684053446,follow,-0.8379530903556685,47.9859535955316,34.95978272676248
110.4,25.617679760417644,0.5247330725669481,follow,-0.5778264908206836,47.84869314980578,42.05813869119062
110.5,25.670153067674338,-1.3455468806863857,follow,-0.7703044277474902,47.73492517376402,41.503106425900505
110.6,25.5355983796057,0.803105224246556,follow,-0.6834877024119592,47.619909866996586,70.48553001975688
110.7,25.615908902030355,-2.3739711936324888,follow,-0.8715133240095199,47.55235002903601,36.13650607246907
110.8,25.378511782667108,3.0,follow,-0.6470085351676857,47.42075913883298,
110.9,25.67851178266711,-5.564987772110914,follow,-1.0818597134343975,47.43590796056627,26.52255826340028
111.0,25.12201300545602,3.0,follow,-0.4259627258844745,47.25705678229956,62.01607642381252
111.1,25.42201300545602,-3.4168125025570157,follow,-0.9521640264300757,47.18085548175395,36.51732241278896
111.2,25.08033175520032,3.0,follow,-0.5688434515921301,47.05165418120835,
111.3,25.38033175520032,-3.924926912963293,follow,-0.9808766271121669,47.089621005688315,52.88997132882597
111.4,24.98783906390399,3.0,follow,-0.48117076568770045,47.000587830168286,
111.5,25.28783906390399,-6.482654961369688,follow,-0.9249546720781012,47.00680392377789,22.19564495005882
111.6,24.639573567767023,3.0,follow,-0.16434033426304495,46.795020017387486,187.49990408067066
111.7,24.939573567767024,-1.53247582782613,follow,-0.6392976910397508,46.77006266061078,312.68935654098783
111.8,24.786325984984412,-0.24869699111895352,follow,-0.42438367364253793,46.75510530383408,74.64979327817244
111.9,24.761456285872516,1.0400809520866061,follow,-0.44971172347313626,46.69247270533564,
112.0,24.865464381081175,-3.23692680669606,follow,-0.5998694948733743,46.698327076748384,37.79819782087274
112.1,24.54177170041157,3.0,follow,-0.23787691197708227,46.57478063864027,
112.2,24.84177170041157,-0.10923123987795519,follow,-0.6460540820182388,46.616603468599116,
112.3,24.830848576423776,-3.5164641991995067,follow,-0.5588465660777047,46.68742629855796,37.625401830346476
112.4,24.479202156503824,0.5580853092781715,follow,-0.15546179384016057,46.56334144091558,46.60052136380412
112.5,24.53501068743164,1.6635965639072932,follow,-0.3390948058822687,46.46342122526519,
112.6,24.70137034382237,-0.3294816782534515,follow,-0.5631353592115289,46.48892015652203,
112.7,24.668422175997023,-3.0944700402852385,follow,-0.5018501418557406,46.500783122139794,33.49181821353993
112.8,24.3589751719685,0.5321663406468232,follow,-0.1765218534126589,46.36194090454009,43.78000743715192
112.9,24.41219180603318,-1.3127395649451215,follow,-0.36224432170653387,46.25604338734324,43.54773132744193
113.0,24.28091784953867,-1.849538956769559,follow,-0.27155256756808654,46.14982420673992,26.66205344120746
113.1,24.095963953861716,0.0896789596243125,follow,-0.16721350900652254,45.97673242178605,35.4768605135849
113.2,24.104931849824148,-1.4271036199273235,follow,-0.31026174833634457,45.84713602639988,32.6329964205299
113.3,23.962221487831414,0.030142732548342654,follow,-0.23668939032965852,45.70664284141746,39.66827847260642
113.4,23.965235761086248,0.10083270448114251,follow,-0.3564329489950495,45.59142069263432,66.53391910013869
113.5,23.97531903153436,-0.16532820368301682,follow,-0.44008143077584805,45.5228971165257,80.526029687997
113.6,23.95878621116606,1.7973837452593737,follow,-0.47181410337682905,45.466365213372264,
113.7,24.138524585691997,-4.9679791820079116,follow,-0.7093002862823354,45.49848659225566,27.106237811523183
113.8,23.641726667491206,3.0,follow,-0.13195586755034583,45.33063413368646,
113.9,23.941726667491206,-4.104469874801019,follow,-0.5681285342994684,45.34446146693734,43.52817575088145
114.0,23.531279680011103,1.963841394374408,follow,-0.05663071982844059,45.24028880018822,80.60204281632501
114.1,23.727663819448544,-0.9329142665650152,follow,-0.40733489698571645,45.1841608321871,142.2389270223647
114.2,23.63437239279204,-2.4200367075549836,follow,-0.2991641389458124,45.15239445024225,30.014107322483888
114.3,23.392368722036544,2.2889454287446145,follow,-0.08659587209177744,45.00195721096304,159.37302434346418
114.4,23.621263264911004,-2.1032740287273572,follow,-0.4581745586071193,44.973720338759385,63.23076497474767
114.5,23.41093586203827,1.3590563301910072,follow,-0.21380978078911994,44.90259401226828,139.91142568827053
114.6,23.546841495057368,-1.660156203047985,follow,-0.4497618165216011,44.87050042606445,69.36861776637383
114.7,23.38082587475257,3.0,follow,-0.2654225355701385,44.805816276558716,
114.8,23.68082587475257,-6.06937365101758,follow,-0.6215051230453952,44.89973368908346,29.71866873569184
114.9,23.073888509650814,2.4029468223721673,follow,0.1378183371319821,44.7486511016082,50.627031139126935
115.0,23.31418319188803,-3.0045596916530206,follow,-0.3110125371889225,44.66026225064312,36.186088535465
115.1,23.01372722272273,1.0543072967738105,follow,0.01625309737023173,44.53684393145432,47.6979173870349
115.2,23.11915795240011,-1.9007345882573201,follow,-0.23526571941810914,44.44347120918205,38.674814995065084
115.3,22.929084493574376,3.0,follow,-0.0650713264195204,44.32855541394204,
115.4,23.229084493574376,-1.3112295094526731,follow,-0.4929797757769592,44.350646964584605,
115.5,23.097961542629108,-2.1177505146975197,follow,-0.29420379871649516,44.352738515227166,36.11899638181378
115.6,22.886186491159357,-0.6115980057271575,follow,-0.09933737577478041,44.22994236096426,35.77934452226797
115.7,22.82502669058664,1.0415162657774975,follow,-0.13121632403163375,44.106323711848326,120.83040733532256
115.8,22.92917831716439,-2.547643651303786,follow,-0.32394643295692305,44.06982104278966,36.75001491604553
115.9,22.674413952034012,2.3175354246617808,follow,-0.061717716977796044,43.94990321107322,215.00442006894053
116.0,22.90616749450019,-2.466082528538794,follow,-0.42978942588046465,43.92946181586982,56.59791491803978
116.1,22.65955924164631,-1.7753929461792204,follow,-0.13749379604966094,43.851845066419806,25.650965464168618
116.2,22.482019947028387,3.0,follow,-0.042140778287404146,43.680889142255175,
116.3,22.782019947028388,-1.0352956584284372,follow,-0.4483427729902445,43.72468714755234,
116.4,22.678490381185544,-2.6967587678728377,follow,-0.2682504189288153,43.7494851528495,34.219643570787426
116.5,22.40881450439826,0.43036252863504487,follow,0.008414358133556732,43.62163611473095,47.998393405498554
116.6,22.451850757261766,-0.32350952945586203,follow,-0.14702147160152634,43.53075466429112,77.47743346728315
116.7,22.41949980431618,-0.17410123862001547,follow,-0.15468011790932223,43.47456958856495,79.11662433195298
116.8,22.40208968045418,0.032231900739917274,follow,-0.18351491254793473,43.41961960813333,116.69127602553986
116.9,22.40531287052817,1.6636625546715589,follow,-0.2255586657043409,43.38241064008791,
117.0,22.571679125995328,-3.9390487999669523,follow,-0.43063933595789194,43.4268793530351,36.75014510936435
117.1,22.17777424599863,0.237715778952291,follow,0.04205007143762174,43.308711440435566,34.98918448209781
117.2,22.20154582389386,-2.6639286730177356,follow,-0.11738472000508438,43.1849340158357,25.52986351645269
117.3,21.935152956592084,1.0403097152643634,follow,0.1130499985581821,43.01577943344631,40.76734009482183
117.4,22.039183928118522,-0.7181024087107628,follow,-0.14851175439068243,42.9102641377871,56.52156552382668
117.5,21.967373687247445,2.649386560877624,follow,-0.11671478589591544,42.83434574497525,
117.6,22.232312343335206,-4.7150800862479905,follow,-0.47186013875229804,42.87660837625051,31.473405189356395
117.7,21.760804334710407,2.705559227092141,follow,0.09917063985137275,42.74037714191699,90.78161348749393
117.8,22.03136025741962,-2.898740536829787,follow,-0.35374367768348236,42.69329670844595,45.352771557908426
117.9,21.741486203736642,2.884222910324622,follow,-0.013068622900973992,42.59916068270399,
118.0,22.029908494769103,0.03954430650144486,follow,-0.4398506798233299,42.605012062330324,
118.1,22.033862925419246,-3.832404021598638,follow,-0.3897731752754581,42.66102121285341,30.17337851206712
118.2,21.650622523259383,0.702745097639468,follow,0.043701135422416826,42.51963492031149,40.08931923267578
118.3,21.72089703302333,0.4478191748440541,follow,-0.16777288154944614,42.41357266798555,192.00607671134236
118.4,21.765678950507738,-0.8719531895837564,follow,-0.25703546107839514,42.39148296468321,79.13598793550301
118.5,21.678483631549362,1.6764752125871438,follow,-0.17981037769160224,42.33791506963244,
118.6,21.846131152808077,-2.808394226533303,follow,-0.4091300227346082,42.360066706477504,53.88422345961788
118.7,21.565291730154748,-0.46539275465401553,follow,-0.06648400403543064,42.281453591196694,37.242809463109054
118.8,21.518752454689345,0.2076896308655286,follow,-0.11020426385279336,42.16792441818122,76.84325429041202
118.9,21.539521417775898,0.06732600481381279,follow,-0.19623295395155793,42.11304917271229,136.05859483107997
119.0,21.54625401825728,-0.7852414167175359,follow,-0.23728399645121812,42.0820970309347,77.0375972064969
119.1,21.467729876585526,-0.6030901187365979,follow,-0.17412318576931796,42.02747162910897,59.38349223276039
119.2,21.407420864711867,0.3215926788647624,follow,-0.15443265561737718,41.95669864145042,117.3873793721408
119.3,21.439580132598344,-0.49872319998010295,follow,-0.23841364391828535,41.920956554979234,110.44033381836161
119.4,21.389707812600335,0.18831127633734518,follow,-0.20156317718110017,41.8829985417194,167.72802623021857
119.5,21.40853894023407,-1.5728042646508522,follow,-0.2547806498917353,41.85802776045937,54.464420173310806
119.6,21.251258513768985,-1.0786921217882584,follow,-0.09571390421751147,41.781173866435964,36.29173931548441
119.7,21.143389301590158,-0.2566813416916981,follow,-0.049035937326166845,41.66604801505907,46.12191880257808
119.8,21.11772116742099,0.7012679025831041,follow,-0.10087266623142455,41.575709084900055,144.50000136440067
119.9,21.1878479576793,-3.625528350762391,follow,-0.2348349683609925,41.54693696815796,25.522615163266405
120.0,20.82529512260306,-3.153059024520612,emergency,0.14620948848543946,41.38415217239003,2.625016014641974
120.1,20.509989220151,-3.2119978440302,emergency,-0.9573611700967746,39.807622660129724,2.4786830249040133
120.2,20.188789435747978,-3.237757887149596,emergency,-2.08156041550734,38.20162373811463,2.359757898497219
120.3,19.865013647033017,-3.2470027294066037,emergency,-3.214775676009701,36.58274479453983,2.253323932451723
120.4,19.540313374092356,-3.3040626748184714,emergency,-4.351226631302005,34.959243429836526,2.1161368212700276
120.5,19.20990710661051,-3.3419814213221017,emergency,-5.507648567488474,33.30721209242729,1.9932613556691061
120.6,18.8757089644783,-3.3911417928956595,emergency,-6.677342064951212,31.63622138176624,1.865815310232275
120.7,18.536594785188733,-3.4013189570377467,emergency,-7.864241692464692,29.94065048531841,1.7605317739089144
120.8,18.19646288948496,-3.435292577896992,emergency,-9.054703327427898,28.23999100679954,1.644109802378895
120.9,17.852933631695258,-3.4645867263390517,emergency,-10.257055729691842,26.52234471785104,1.5310538781562897
121.0,17.506474959061354,-3.501294991812271,emergency,-11.469661083910516,24.790051354681516,1.4160504277790191
121.1,17.156345459880125,-3.4312690919760254,emergency,-12.695114331044806,23.03940385877538,1.3429085997745094
121.2,16.81321855068252,-3.3626437101365045,emergency,-13.896058513236415,21.323769312787366,1.2682740814025606
121.3,16.47695417966887,-3.295390835933774,emergency,-15.07298381178419,19.642447457719115,1.1921164095944499
121.4,16.14741509607549,-3.2294830192150985,emergency,-16.22637060436101,17.99475203975223,1.1144044995861733
121.5,15.824466794153981,-3.0648933588307963,emergency,-17.356689661086293,16.38001053014468,1.0688796386960342
121.6,15.5179774582709,-2.89959549165418,emergency,-18.42940233667707,14.847563850729282,1.0241127697614778
121.7,15.228017909105482,-2.643603581821097,emergency,-19.444260758756027,13.397766104902193,1.0135987253938343
121.8,14.963657550923372,-2.4007315101846745,emergency,-20.369522012393414,12.075964313991644,1.0060237275814912
121.9,14.723584399904905,-2.1407168799809813,emergency,-21.20977804095805,10.875598558899307,1.0160707060894414
122.0,14.509512711906806,-1.967282482926953,emergency,-21.959028948951392,9.805240118908817,1.0487434394759025
122.1,14.312784463614111,-2.2634124688637542,emergency,-22.598887847703033,8.870288847718136,1.0444500135051558
122.2,14.086443216727735,-2.4007834426671852,emergency,-23.108654423734876,8.021010401356724,1.1366931122385315
122.3,13.846364872461017,-2.545589934650228,emergency,-23.454181229007574,7.315366079683951,1.2159113077015844
122.4,13.591805878995993,-2.4974963795802743,emergency,-23.67397922605614,6.713729592437849,1.5716373315202665
122.5,13.342056241037966,-2.6171367459384687,emergency,-23.726535357018697,6.28654900453825,1.6534602872739232
122.6,13.08034256644412,-2.4988968230715973,emergency,-23.71417046923173,5.906343380434453,2.6130301964476454
122.7,12.83045288413696,-2.2979360149323713,emergency,-23.565370202415398,5.680309123790042,8.226932285017849
122.8,12.600659282643724,-2.194368082311827,emergency,-23.28972508858924,5.611263835376346,
122.9,12.38122247441254,-2.1699010464440134,emergency,-22.911635804506837,5.660197907111973,
123.0,12.16423236976814,-2.1404621701646405,emergency,-22.52727289498149,5.719075659670719,
123.1,11.950186152751677,-2.0846737886530473,emergency,-22.09462680643361,5.830652422693905,
123.2,11.741718773886372,-1.9426830962906312,emergency,-21.49794435341082,6.114633807418738,
123.3,11.54745046425731,-1.8362690349849498,emergency,-20.993713766355864,6.3274619300301005,
123.4,11.363823560758814,-1.7131415581978153,emergency,-20.47201845753385,6.573716883604369,
123.5,11.192509404939033,-1.4963327362357561,emergency,-19.78142957988006,7.007334527528488,
123.6,11.042876131315458,-1.267958206482708,emergency,-19.100230609938603,7.464083587034584,
123.7,10.916080310667187,-1.0206020130484807,emergency,-18.415324492097746,7.9587959739030385,
123.8,10.814020109362339,-0.6984060285818403,emergency,-17.61784222120719,8.60318794283632,
123.9,10.744179506504155,-0.3576070340499573,emergency,-16.831483327856148,9.284785931900085,
124.0,10.708418803099159,-0.009816009375165358,emergency,-16.082260223399068,9.98036798124967,
124.1,10.707437202161643,2.88803986017826,follow,-15.37262970230271,10.688526100939754,
124.2,10.996241188179468,3.0,follow,-14.926579401545613,11.567782380723589,
124.3,11.296241188179469,2.8266611301930795,follow,-14.488203520363562,12.456158261905642,
124.4,11.578907301198777,3.0,follow,-14.047826808710472,13.320534143087695,
124.5,11.878907301198778,0.7608466850966491,follow,-13.491717538830349,14.326643412967817,
124.6,11.954991969708443,3.0,follow,-12.760735271714724,15.17175268284794,
124.7,12.254991969708444,3.0,follow,-12.354234468685572,16.028253485877094,
124.8,12.554991969708444,3.0,follow,-11.875733665656416,16.95675428890625,
124.9,12.854991969708445,3.0,follow,-11.334232862627264,17.948255091935405,
125.0,13.154991969708446,3.0,follow,-10.752732059598106,18.979755894964562,
125.1,13.454991969708447,3.0,follow,-10.185231256568954,19.997256697993716,
125.2,13.754991969708447,3.0,follow,-9.555730453539798,21.076757501022872,
125.3,14.054991969708448,3.0,follow,-9.023229650510647,22.059258304052026,
125.4,14.354991969708449,3.0,follow,-8.27072884748149,23.261759107081183,
125.5,14.65499196970845,3.0,follow,-7.612228044452337,24.370259910110338,
125.6,14.95499196970845,3.0,follow,-6.840727241423181,25.591760713139493,
125.7,15.25499196970845,3.0,follow,-6.109226438394028,26.77326151616865,
125.8,15.554991969708452,3.0,follow,-5.347725635364874,27.984762319197806,
125.9,15.854991969708452,3.0,follow,-4.556224832335722,29.22626312222696,
126.0,16.15499196970845,3.0,follow,-3.7537240293065643,30.478763925256114,
126.1,16.454991969708452,3.0,follow,-2.9142232262774037,31.76826472828527,
126.2,16.754991969708453,3.0,follow,-1.9937224232482507,33.13876553131443,
126.3,17.054991969708453,3.0,follow,-1.1522216202191018,34.43026633434358,
126.4,17.354991969708454,3.0,follow,-0.24372081718995275,35.78876713737273,
126.5,17.654991969708455,3.0,follow,0.5627799858391995,37.045267940401885,
126.6,17.954991969708455,3.0,follow,1.477280788868356,38.40976874343104,
126.7,18.254991969708456,3.0,follow,2.1707815918975086,39.55326954646019,
126.8,18.554991969708457,3.0,follow,3.057282394926659,40.889770349489346,
126.9,18.854991969708458,3.0,follow,3.747783197955819,42.0302711525185,
127.0,19.15499196970846,3.0,follow,4.28328400098497,43.015771955547656,
127.1,19.45499196970846,3.0,follow,4.929784804014119,44.11227275857681,
127.2,19.75499196970846,3.0,follow,5.473285607043273,45.105773561605965,
127.3,20.05499196970846,3.0,follow,6.123786410072427,46.20627436463512,
127.4,20.35499196970846,3.0,follow,6.609287213101588,47.14177516766428,
127.5,20.654991969708462,3.0,follow,7.08378801613074,48.06627597069343,
127.6,20.954991969708463,3.0,follow,7.3982888191598875,48.83077677372258,
127.7,21.254991969708463,2.218855246097644,follow,7.811789622189046,49.69427757675174,
127.8,21.476877494318227,3.0,follow,8.135462138303552,50.35077837978089,
127.9,21.776877494318228,3.0,follow,8.394774388871724,51.060090630349066,
128.0,22.07687749431823,3.0,follow,8.8350866394399,51.950402880917245,
128.1,22.37687749431823,3.0,follow,9.248398890008076,52.813715131485424,
128.2,22.67687749431823,3.0,follow,9.598711140576256,53.6140273820536,
128.3,22.97687749431823,3.0,follow,9.794023391144428,54.259339632621774,
128.4,23.27687749431823,3.0,follow,10.042335641712604,54.95765188318995,
128.5,23.576877494318232,2.6804757058823183,follow,10.264647892280784,55.62996413375813,
128.6,23.844925064906462,3.0,follow,10.400888786966611,56.168276384326305,
128.7,24.144925064906463,3.0,follow,10.701396280475961,56.91878387783566,
128.8,24.444925064906464,2.770610612661639,follow,10.91590377398532,57.58329137134501,
128.9,24.721986126172627,3.0,follow,11.035819675595427,58.11879886485437,
129.0,25.021986126172628,3.0,follow,11.115621062978171,58.64860025223711,
129.1,25.32198612617263,-0.693341661828339,follow,11.182422450360903,59.165401639619844,
129.2,25.252651959989795,3.0,follow,11.570225087017889,59.44920302700258,
129.3,25.552651959989795,2.793252554512019,follow,11.572959891018904,59.9019378310036,
129.4,25.831977215440997,2.62836972400567,follow,11.53770681184313,60.28567263500462,
129.5,26.094814187841564,3.0,follow,11.470253631698178,60.612474913460524,
129.6,26.394814187841565,3.0,follow,11.38577221291402,60.97799349467637,
129.7,26.694814187841565,1.7571031488016553,follow,11.458290794129859,61.50051207589221,
129.8,26.870524502721732,1.0376188160776043,follow,11.583243903025455,61.88903065710805,
129.9,26.974286384329492,3.0,follow,11.68954863034164,62.15097820683588,
130.0,27.274286384329493,1.095736873499544,cruise,,,
130.1,27.383860071679447,0.9475659910662495,cruise,,,
130.2,27.47861667078607,0.9295232063253576,cruise,,,
130.3,27.571568991418605,0.8990034185635966,cruise,,,
130.4,27.661469333274965,0.8707723219306767,cruise,,,
130.5,27.748546565468033,0.8432674455858065,cruise,,,
130.6,27.832873310026613,0.8166214887768073,cruise,,,
130.7,27.914535458904293,0.7907921539888282,cruise,,,
130.8,27.993614674303174,0.7657561719594679,cruise,,,
130.9,28.07019029149912,0.7414891427010264,cruise,,,
131.0,28.144339205769224,0.717967601507288,cruise,,,
131.1,28.216135965919953,0.6951687796345317,cruise,,,
131.2,28.285652843883405,0.673070604948662,cruise,,,
131.3,28.35295990437827,0.651651678410545,cruise,,,
131.4,28.418125072219325,0.6308912537834946,cruise,,,
131.5,28.481214197597676,0.6107692176996632,cruise,,,
131.6,28.542291119367643,0.5912660703613251,cruise,,,
131.7,28.601417726403778,0.5723629068278966,cruise,,,
131.8,28.65865401708657,0.5540413988739499,cruise,,,
131.9,28.714058156973962,0.5362837774004424,cruise,,,
132.0,28.767686534714006,0.519072815382347,cruise,,,
132.1,28.81959381625224,0.5023918113363577,cruise,,,
132.2,28.869832997385878,0.48622457329272817,cruise,,,
132.3,28.91845545471515,0.4705554032559529,cruise,,,
132.4,28.965510995040745,0.4553690821393124,cruise,,,
132.5,29.011047903254678,0.4406508551588915,cruise,,,
132.6,29.055112988770567,0.42638641767303814,cruise,,,
132.7,29.09775163053787,0.41256190145362553,cruise,,,
132.8,29.139007820683233,0.3991638613760575,cruise,,,
132.9,29.178924206820838,0.3861792625151298,cruise,,,
133.0,29.21754213307235,0.37359546763447443,cruise,,,
133.1,29.254901679835797,0.361400225057488,cruise,,,
133.2,29.291041702341545,0.34958165690820503,cruise,,,
133.3,29.325999868032365,0.3381282477107394,cruise,,,
133.4,29.35981269280344,0.32702883333644733,cruise,,,
133.5,29.392515576137086,0.31627259028814586,cruise,,,
133.6,29.4241428351659,0.3058490253111209,cruise,,,
133.7,29.45472773769701,0.29574796532098513,cruise,,,
133.8,29.48430253422911,0.2859595476386986,cruise,,,
133.9,29.512898488992978,0.27647421052339516,cruise,,,
134.0,29.540545910045317,0.26728268399389804,cruise,,,
134.1,29.567274178444706,0.2583759809302046,cruise,,,
134.2,29.593111776537725,0.2497453884462899,cruise,,,
134.3,29.618086315382353,0.2413824595260659,cruise,,,
134.4,29.64222456133496,0.23327900491437475,cruise,,,
134.5,29.665552461826397,0.2254270852553153,cruise,,,
134.6,29.68809517035193,0.21781900347030572,cruise,,,
134.7,29.70987707069896,0.21044729736859752,cruise,,,
134.8,29.73092180043582,0.20330473248315012,cruise,,,
134.9,29.751252273684134,0.19638429512500222,cruise,,,
135.0,29.770890703196635,0.18967918564942265,cruise,,,
135.1,29.789858621761578,0.1831828119274798,cruise,,,
135.2,29.808176902954326,0.17688878301666705,cruise,,,
135.3,29.82586578125599,0.17079090302457103,cruise,,,
135.4,29.842944871558448,0.1648831651596815,cruise,,,
135.5,29.859433188074416,0.15915974596363355,cruise,,,
135.6,29.87534916267078,0.15361499971935008,cruise,,,
135.7,29.890710662642714,0.14824345302972056,cruise,,,
135.8,29.905535007945687,0.1430397995616017,cruise,,,
135.9,29.919838987901848,0.13799889495014597,cruise,,,
136.0,29.933638877396863,0.13311575185849173,cruise,,,
136.1,29.946950452582712,0.12838553518815277,cruise,,,
136.2,29.959789006101527,0.12380355743545757,cruise,,,
136.3,29.972169361845072,0.11936527418961937,cruise,,,
136.4,29.984105889264033,0.11506627976809178,cruise,,,
136.5,29.995612517240843,0.11090230298503544,cruise,,,
136.6,30.006702747539347,0.10686920304886306,cruise,,,
136.7,30.017389667844235,0.10296296558483452,cruise,,,
136.8,30.027685964402718,0.09917969877904097,cruise,,,
136.9,30.03760393428062,0.09551562963989717,cruise,,,
137.0,30.04715549724461,0.09196710037372813,cruise,,,
137.1,30.056352207281982,0.08853056487083148,cruise,,,
137.2,30.065205263769066,0.08520258529874841,cruise,,,
137.3,30.07372552229894,0.08197982879941088,cruise,,,
137.4,30.08192350517888,0.07885906428700828,cruise,,,
137.5,30.089809411607582,0.07583715934355373,cruise,,,
137.6,30.097393127541938,0.07291107720907279,cruise,,,
137.7,30.104684235262845,0.0700778738636339,cruise,,,
137.8,30.11169202264921,0.0673346951983324,cruise,,,
137.9,30.11842549216904,0.06467877427259151,cruise,,,
138.0,30.1248933695963,0.06210742865507017,cruise,,,
138.1,30.131104112461806,0.05961805784569765,cruise,,,
138.2,30.137065918246375,0.057208140776313754,cruise,,,
138.3,30.142786732324005,0.054875233387552194,cruise,,,
138.4,30.14827425566276,0.05261696627960126,cruise,,,
138.5,30.15353595229072,0.05043104243462783,cruise,,,
138.6,30.158579056534183,0.04831523500867356,cruise,,,
138.7,30.163410580035052,0.04626738519084973,cruise,,,
138.8,30.168037318554138,0.04428540012788988,cruise,,,
138.9,30.172465858566927,0.04236725091193727,cruise,,,
139.0,30.17670258365812,0.04051097062973988,cruise,,,
139.1,30.180753680721093,0.038714652471328145,cruise,,,
139.2,30.184625145968226,0.03697644789637812,cruise,,,
139.3,30.188322790757866,0.035294564856500815,cruise,,,
139.4,30.191852247243517,0.03366726607174113,cruise,,,
139.5,30.19521897385069,0.03209286735964978,cruise,,,
139.6,30.198428260586656,0.030569736015295723,cruise,,,
139.7,30.201485234188187,0.02909628924074263,cruise,,,
139.8,30.20439486311226,0.027670992622347304,cruise,,,
139.9,30.207161962374496,0.02629235865454034,cruise,,,
140.0,30.209791198239948,0.024958945308663424,cruise,,,
140.1,30.212287092770815,0.023669354645360477,cruise,,,
140.2,30.21465402823535,0.02242223146940571,cruise,,,
140.3,30.21689625138229,0.021216262025461632,cruise,,,
140.4,30.219017877584836,0.0200501727336692,cruise,,,
140.5,30.2210228948582,0.018922728963785926,cruise,,,
140.6,30.22291516775458,0.01783273384671402,cruise,,,
140.7,30.22469844113925,0.016779027122273416,cruise,,,
140.8,30.226376343851477,0.015760484022122864,cruise,,,
140.9,30.22795239225369,0.014776014186743708,cruise,,,
141.0,30.229429993672365,0.01382456061546869,cruise,,,
141.1,30.23081244973391,0.012905098648511651,cruise,,,
141.2,30.232102959598762,0.012016634980067178,cruise,,,
141.3,30.233304623096767,0.011158206701518347,cruise,,,
141.4,30.23442044376692,0.010328880373778215,cruise,,,
141.5,30.235453331804298,0.009527751127989786,cruise,,,
141.6,30.236406106917098,0.008753941793614078,cruise,,,
141.7,30.237281501096458,0.008006602053117609,cruise,,,
141.8,30.23808216130177,0.0072849076224389825,cruise,,,
141.9,30.238810652064014,0.006588059456477946,cruise,,,
142.0,30.239469458009662,0.005915282978797537,cruise,,,
142.1,30.24006098630754,0.0052658273348003826,cruise,,,
142.2,30.240587569041022,0.0046389646677222895,cruise,,,
142.3,30.241051465507795,0.004033989416706643,cruise,,,
142.4,30.241454864449466,0.003450217636240746,cruise,,,
142.5,30.24179988621309,0.002886986336410824,cruise,,,
142.6,30.242088584846734,0.002343652843242408,cruise,,,
142.7,30.242322950131058,0.0018195941785688896,cruise,,,
142.8,30.242504909548916,0.0013142064587935987,cruise,,,
142.9,30.242636330194795,0.0008269043120323338,cruise,,,
143.0,30.242719020625998,0.0003571203129751205,cruise,,,
143.1,30.242754732657296,-9.569556495440945e-05,cruise,,,
143.2,30.2427451631008,-0.0005320764807624501,cruise,,,
143.3,30.242691955452724,-0.000952539240858169,cruise,,,
143.4,30.242596701528637,-0.001357584798269501,cruise,,,
143.5,30.24246094304881,-0.0017476987366942809,cruise,,,
143.6,30.24228617317514,-0.002123351739734991,cruise,,,
143.7,30.242073838001165,-0.0024850000458446764,cruise,,,
143.8,30.24182533799658,-0.002833085889392989,cruise,,,
143.9,30.24154202940764,-0.0031680379282757742,cruise,,,
144.0,30.241225225614812,-0.0034902716584874066,cruise,,,
144.1,30.240876198448962,-0.0038001898160230224,cruise,,,
144.2,30.24049617946736,-0.0040981827665650394,cruise,,,
144.3,30.240086361190706,-0.00438462888323167,cruise,,,
144.4,30.239647898302383,-0.00465989491284001,cruise,,,
144.5,30.239181908811098,-0.004924336330984769,cruise,,,
144.6,30.238689475178,-0.005178297686288094,cruise,,,
144.7,30.23817164540937,-0.00542211293412459,cruise,,,
144.8,30.237629434115956,-0.0056561057602059345,cruise,,,
144.9,30.237063823539934,-0.005880589894269622,cruise,,,
145.0,30.23647576455051,-0.006095869414196792,cruise,,,
145.1,30.23586617760909,-0.006302239040853905,cruise,,,
145.2,30.235235953705004,-0.006499984423962921,cruise,,,
145.3,30.23458595526261,-0.006689382419221235,cruise,,,
145.4,30.233917017020687,-0.006870701356965797,cruise,,,
145.5,30.23322994688499,-0.007044201302681963,cruise,,,
145.6,30.23252552675472,-0.0072101343095120896,cruise,,,
145.7,30.23180451332377,-0.007368744663097296,cruise,,,
145.8,30.23106763885746,-0.0075202691189306115,cruise,,,
145.9,30.230315611945567,-0.007664937132479899,cruise,,,
146.0,30.22954911823232,-0.007802971082292526,cruise,,,
146.1,30.228768821124092,-0.00793458648626763,cruise,,,
146.2,30.227975362475465,-0.008059992211369979,cruise,,,
146.3,30.22716936325433,-0.008179390676915019,cruise,,,
146.4,30.22635142418664,-0.008292978051656977,cruise,,,
146.5,30.225522126381474,-0.00840094444487978,cruise,,,
146.6,30.224682031936986,-0.008503474091635543,cruise,,,
146.7,30.223831684527823,-0.008600745532351559,cruise,,,
146.8,30.22297160997459,-0.008692931786935532,cruise,,,
146.9,30.222102316795898,-0.008780200523592963,cruise,,,
147.0,30.22122429674354,-0.008862714222470397,cruise,,,
147.1,30.220338025321293,-0.008940630334326793,cruise,,,
147.2,30.219443962287862,-0.009014101434344321,cruise,,,
147.3,30.218542552144427,-0.009083275371256277,cruise,,,
147.4,30.217634224607302,-0.009148295411930019,cruise,,,
147.5,30.216719395066107,-0.009209300381514976,cruise,,,
147.6,30.215798465027955,-0.009266424799352677,cruise,,,
147.7,30.21487182254802,-0.00931979901069084,cruise,,,
147.8,30.21393984264695,-0.00936954931442481,cruise,,,
147.9,30.213002887715508,-0.009415798086903196,cruise,,,
148.0,30.21206130790682,-0.009458663901995554,cruise,,,
148.1,30.21111544151662,-0.009498261647437611,cruise,,,
148.2,30.210165615351876,-0.009534702637702425,cruise,,,
148.3,30.209212145088106,-0.009568094723342732,cruise,,,
148.4,30.20825533561577,-0.00959854239707554,cruise,,,
148.5,30.207295481376065,-0.009626146896573526,cruise,,,
148.6,30.206332866686406,-0.009651006304130696,cruise,,,
148.7,30.205367766055993,-0.00967321564332281,cruise,,,
148.8,30.20440044449166,-0.009692866972654882,cruise,,,
148.9,30.203431157794395,-0.009710049476402513,cruise,,,
149.0,30.202460152846754,-0.009724849552665907,cruise,,,
149.1,30.201487667891488,-0.009737350898716635,cruise,,,
149.2,30.200513932801616,-0.009747634593765556,cruise,,,
149.3,30.19953916934224,-0.009755779179196677,cruise,,,
149.4,30.19856359142432,-0.009761860736332215,cruise,,,
149.5,30.19758740535069,-0.009765952961868107,cruise,,,
149.6,30.1966108100545,-0.00976812724094775,cruise,,,
149.7,30.195633997330408,-0.009768452718064216,cruise,,,
149.8,30.1946571520586,-0.009766996365744463,cruise,,,
149.9,30.193680452422026,-0.009763823051192527,cruise,,,
150.0,30.192704070116907,-0.009758995600834167,cruise,,,
