INFO: Instrumenting minisgl.message
INFO: Instrumenting minisgl.message.backend
INFO: Instrumenting __future__
INFO: Instrumenting torch
INFO: Instrumenting ctypes
INFO: Instrumenting struct
INFO: Instrumenting ctypes._endian
INFO: Instrumenting glob
INFO: Instrumenting platform
INFO: Instrumenting typing_extensions
INFO: Instrumenting torch._utils
INFO: Instrumenting torch._utils_internal
INFO: Instrumenting torch._strobelight
INFO: Instrumenting torch._strobelight.compile_time_profiler
INFO: Instrumenting json
INFO: Instrumenting json.decoder
INFO: Instrumenting json.scanner
INFO: Instrumenting json.encoder
INFO: Instrumenting subprocess
INFO: Instrumenting locale
INFO: Instrumenting _locale
WARNING: It looks like this module is imported by a custom loader. Atheris has experimental support for this. However, it may be incompatible with certain libraries. If you experience unusual errors or poor coverage collection, try atheris.instrument_all() instead, add enable_loader_override=False to instrument_imports(), or file an issue on GitHub.
INFO: Instrumenting signal
INFO: Instrumenting selectors
INFO: Instrumenting datetime
INFO: Instrumenting socket
INFO: Instrumenting torch._strobelight.cli_function_profiler
INFO: Instrumenting timeit
INFO: Instrumenting torch.torch_version
INFO: Instrumenting torch._vendor
INFO: Instrumenting torch._vendor.packaging
INFO: Instrumenting torch._vendor.packaging.version
INFO: Instrumenting torch._vendor.packaging._structures
INFO: Instrumenting torch.version
INFO: Instrumenting numpy
INFO: Instrumenting numpy.version
INFO: Instrumenting numpy._expired_attrs_2_0
INFO: Instrumenting numpy._globals
INFO: Instrumenting numpy._utils
INFO: Instrumenting numpy._utils._convertions
INFO: Instrumenting numpy._distributor_init
INFO: Instrumenting numpy.__config__
INFO: Instrumenting numpy._core
INFO: Instrumenting numpy._core.multiarray
INFO: Instrumenting numpy.exceptions
INFO: Instrumenting numpy._core._exceptions
INFO: Instrumenting numpy._core.printoptions
INFO: Instrumenting contextvars
INFO: Instrumenting numpy.dtypes
INFO: Instrumenting numpy._core.overrides
INFO: Instrumenting numpy._utils._inspect
INFO: Instrumenting numpy._core.umath
INFO: Instrumenting numpy._core.numerictypes
INFO: Instrumenting numbers
INFO: Instrumenting numpy._core._dtype
INFO: Instrumenting numpy._core._string_helpers
INFO: Instrumenting numpy._core._type_aliases
INFO: Instrumenting numpy._core.einsumfunc
INFO: Instrumenting numpy._core.numeric
INFO: Instrumenting numpy._core.shape_base
INFO: Instrumenting numpy._core.fromnumeric
INFO: Instrumenting numpy._core._methods
INFO: Instrumenting pickle
INFO: Instrumenting _compat_pickle
INFO: Instrumenting numpy._core._ufunc_config
INFO: Instrumenting numpy._core._asarray
INFO: Instrumenting numpy._core.arrayprint
INFO: Instrumenting numpy._core.function_base
INFO: Instrumenting numpy._core.getlimits
INFO: Instrumenting numpy._core.memmap
INFO: Instrumenting numpy._core.records
INFO: Instrumenting numpy._core._add_newdocs
INFO: Instrumenting numpy._core._add_newdocs_scalars
INFO: Instrumenting numpy._core._dtype_ctypes
INFO: Instrumenting numpy._core._internal
INFO: Instrumenting numpy._pytesttester
INFO: Instrumenting numpy.lib
INFO: Instrumenting numpy.lib._arraypad_impl
INFO: Instrumenting numpy.lib._index_tricks_impl
INFO: Instrumenting numpy.matrixlib
INFO: Instrumenting numpy.matrixlib.defmatrix
INFO: Instrumenting numpy.linalg
INFO: Instrumenting numpy.linalg._linalg
INFO: Instrumenting numpy._typing
INFO: Instrumenting numpy._typing._array_like
INFO: Instrumenting numpy._typing._nbit_base
INFO: Instrumenting numpy._typing._nested_sequence
INFO: Instrumenting numpy._typing._shape
INFO: Instrumenting numpy._typing._char_codes
INFO: Instrumenting numpy._typing._dtype_like
INFO: Instrumenting numpy._typing._nbit
INFO: Instrumenting numpy._typing._scalars
INFO: Instrumenting numpy._typing._ufunc
INFO: Instrumenting numpy.lib._twodim_base_impl
INFO: Instrumenting numpy.lib._stride_tricks_impl
INFO: Instrumenting numpy.lib.array_utils
INFO: Instrumenting numpy.lib._array_utils_impl
INFO: Instrumenting numpy.lib._function_base_impl
INFO: Instrumenting numpy.lib._histograms_impl
INFO: Instrumenting numpy.lib._arraysetops_impl
INFO: Instrumenting numpy.lib._arrayterator_impl
INFO: Instrumenting numpy.lib._nanfunctions_impl
INFO: Instrumenting numpy.lib._npyio_impl
INFO: Instrumenting numpy.lib.format
INFO: Instrumenting numpy.lib._format_impl
INFO: Instrumenting numpy.lib._utils_impl
INFO: Instrumenting numpy.lib._datasource
INFO: Instrumenting numpy.lib._iotools
INFO: Instrumenting numpy.lib._polynomial_impl
INFO: Instrumenting numpy.lib._type_check_impl
INFO: Instrumenting numpy.lib._ufunclike_impl
INFO: Instrumenting numpy.lib._shape_base_impl
INFO: Instrumenting numpy.lib._version
INFO: Instrumenting numpy.lib.introspect
INFO: Instrumenting numpy.lib.mixins
INFO: Instrumenting numpy.lib.npyio
INFO: Instrumenting numpy.lib.scimath
INFO: Instrumenting numpy.lib._scimath_impl
INFO: Instrumenting numpy.lib.stride_tricks
INFO: Instrumenting numpy._array_api_info
INFO: Instrumenting torch._tensor
INFO: Instrumenting torch._namedtensor_internals
INFO: Instrumenting torch.overrides
INFO: Instrumenting torch.storage
INFO: Instrumenting torch.types
INFO: Instrumenting torch.amp
INFO: Instrumenting torch.amp.autocast_mode
INFO: Instrumenting torch.amp.grad_scaler
INFO: Instrumenting torch.random
INFO: Instrumenting torch.serialization
INFO: Instrumenting difflib
INFO: Instrumenting heapq
INFO: Instrumenting tarfile
INFO: Instrumenting pwd
INFO: Instrumenting torch._weights_only_unpickler
INFO: Instrumenting torch._sources
INFO: Instrumenting torch._tensor_str
INFO: Instrumenting torch.cuda
INFO: Instrumenting torch.cuda.gds
INFO: Instrumenting torch.cuda._utils
INFO: Instrumenting torch.cuda.graphs
INFO: Instrumenting torch.cuda.streams
INFO: Instrumenting pynvml
INFO: Instrumenting ctypes.util
INFO: Instrumenting torch.cuda.memory
INFO: Instrumenting torch.cuda._memory_viz
INFO: Instrumenting base64
INFO: Instrumenting asyncio
INFO: Instrumenting asyncio.base_events
INFO: Instrumenting concurrent
INFO: Instrumenting concurrent.futures
INFO: Instrumenting concurrent.futures._base
INFO: Instrumenting ssl
INFO: Instrumenting asyncio.constants
INFO: Instrumenting asyncio.coroutines
INFO: Instrumenting asyncio.events
INFO: Instrumenting asyncio.format_helpers
INFO: Instrumenting asyncio.base_futures
INFO: Instrumenting asyncio.exceptions
INFO: Instrumenting asyncio.base_tasks
INFO: Instrumenting asyncio.futures
INFO: Instrumenting asyncio.protocols
INFO: Instrumenting asyncio.sslproto
INFO: Instrumenting asyncio.transports
INFO: Instrumenting asyncio.log
INFO: Instrumenting asyncio.staggered
INFO: Instrumenting asyncio.locks
INFO: Instrumenting asyncio.mixins
INFO: Instrumenting asyncio.tasks
INFO: Instrumenting asyncio.trsock
INFO: Instrumenting asyncio.runners
INFO: Instrumenting asyncio.queues
INFO: Instrumenting asyncio.streams
INFO: Instrumenting asyncio.subprocess
INFO: Instrumenting asyncio.taskgroups
INFO: Instrumenting asyncio.timeouts
INFO: Instrumenting asyncio.threads
INFO: Instrumenting asyncio.unix_events
INFO: Instrumenting asyncio.base_subprocess
INFO: Instrumenting asyncio.selector_events
INFO: Instrumenting torch.cuda.random
INFO: Instrumenting torch.cuda.amp
INFO: Instrumenting torch.cuda.amp.autocast_mode
INFO: Instrumenting torch.cuda.amp.common
INFO: Instrumenting importlib.util
INFO: Instrumenting torch.cuda.amp.grad_scaler
INFO: Instrumenting torch.cuda.jiterator
INFO: Instrumenting torch.cuda.nvtx
INFO: Instrumenting torch.cuda.profiler
INFO: Instrumenting torch.cuda.sparse
INFO: Instrumenting torch.cuda.tunable
INFO: Instrumenting multiprocessing
INFO: Instrumenting multiprocessing.context
INFO: Instrumenting multiprocessing.process
INFO: Instrumenting multiprocessing.reduction
INFO: Instrumenting torch.sparse
INFO: Instrumenting torch.sparse.semi_structured
INFO: Instrumenting torch.sparse._semi_structured_conversions
INFO: Instrumenting torch.sparse._semi_structured_ops
INFO: Instrumenting torch._compile
INFO: Instrumenting torch._VF
INFO: Instrumenting torch.functional
INFO: Instrumenting torch.nn
INFO: Instrumenting torch.nn.parameter
INFO: Instrumenting torch.nn.modules
INFO: Instrumenting torch.nn.modules.module
INFO: Instrumenting torch._prims_common
INFO: Instrumenting torch.utils
INFO: Instrumenting torch.utils.backcompat
INFO: Instrumenting torch.utils.collect_env
INFO: Instrumenting torch.utils.data
INFO: Instrumenting torch.utils.data.dataloader
INFO: Instrumenting queue
INFO: Instrumenting torch.distributed
INFO: Instrumenting pdb
INFO: Instrumenting cmd
INFO: Instrumenting bdb
INFO: Instrumenting code
INFO: Instrumenting codeop
INFO: Instrumenting pprint
INFO: Instrumenting torch.distributed.device_mesh
INFO: Instrumenting torch.utils._typing_utils
INFO: Instrumenting torch.distributed.distributed_c10d
INFO: Instrumenting hashlib
INFO: Instrumenting torch.monitor
INFO: Instrumenting torch.distributed.c10d_logger
INFO: Instrumenting torch.distributed.logging_handlers
INFO: Instrumenting torch.distributed.constants
INFO: Instrumenting torch.distributed.rendezvous
INFO: Instrumenting torch.distributed.remote_device
INFO: Instrumenting torch.utils.data.graph_settings
INFO: Instrumenting torch.utils.data.datapipes
INFO: Instrumenting torch.utils.data.datapipes.dataframe
INFO: Instrumenting torch.utils.data.datapipes.dataframe.dataframes
INFO: Instrumenting torch.utils.data.datapipes._decorator
INFO: Instrumenting torch.utils.data.datapipes._typing
INFO: Instrumenting torch.utils.data.datapipes._hook_iterator
INFO: Instrumenting torch.utils.data.datapipes.datapipe
INFO: Instrumenting torch.utils._import_utils
INFO: Instrumenting torch.utils.data.datapipes.utils
INFO: Instrumenting torch.utils.data.datapipes.utils.common
INFO: Instrumenting torch.utils.data.dataset
INFO: Instrumenting torch.utils.data.datapipes.dataframe.structures
INFO: Instrumenting torch.utils.data.datapipes.dataframe.dataframe_wrapper
INFO: Instrumenting torch.utils.data.datapipes.dataframe.datapipes
INFO: Instrumenting torch.utils.data.datapipes.iter
INFO: Instrumenting torch.utils.data.datapipes.iter.callable
INFO: Instrumenting torch.utils.data._utils
INFO: Instrumenting torch.utils.data._utils.collate
INFO: Instrumenting torch.utils.data._utils.fetch
INFO: Instrumenting torch.utils.data._utils.pin_memory
INFO: Instrumenting torch.utils.data._utils.signal_handling
INFO: Instrumenting torch.utils.data._utils.worker
INFO: Instrumenting torch.utils.data.datapipes.iter.combinatorics
INFO: Instrumenting torch.utils.data.sampler
INFO: Instrumenting torch.utils.data.datapipes.iter.combining
INFO: Instrumenting torch.utils.data.datapipes.iter.filelister
INFO: Instrumenting torch.utils.data.datapipes.iter.utils
INFO: Instrumenting torch.utils.data.datapipes.iter.fileopener
INFO: Instrumenting torch.utils.data.datapipes.iter.grouping
INFO: Instrumenting torch.utils.data.datapipes.iter.sharding
INFO: Instrumenting torch.utils.data.datapipes.iter.routeddecoder
INFO: Instrumenting torch.utils.data.datapipes.utils.decoder
INFO: Instrumenting torch.utils.data.datapipes.iter.selecting
INFO: Instrumenting torch.utils.data.datapipes.iter.streamreader
INFO: Instrumenting torch.utils.data.datapipes.map
INFO: Instrumenting torch.utils.data.datapipes.map.callable
INFO: Instrumenting torch.utils.data.datapipes.map.combinatorics
INFO: Instrumenting torch.utils.data.datapipes.map.combining
INFO: Instrumenting torch.utils.data.datapipes.map.grouping
INFO: Instrumenting torch.utils.data.datapipes.map.utils
INFO: Instrumenting torch.utils.data.graph
INFO: Instrumenting torch.utils.data.distributed
INFO: Instrumenting torch.utils.deterministic
INFO: Instrumenting torch.utils.hooks
INFO: Instrumenting torch.utils.backend_registration
INFO: Instrumenting torch.utils.cpp_backtrace
INFO: Instrumenting torch.utils.throughput_benchmark
INFO: Instrumenting torch.utils._python_dispatch
INFO: Instrumenting torchgen
INFO: Instrumenting torchgen.model
INFO: Instrumenting torchgen.utils
INFO: Instrumenting torchgen.code_template
INFO: Instrumenting torch.nn.modules.linear
INFO: Instrumenting torch.nn.functional
INFO: Instrumenting torch._jit_internal
INFO: Instrumenting torch.distributed.rpc
INFO: Instrumenting torch.distributed.autograd
INFO: Instrumenting torch.distributed.rpc.api
INFO: Instrumenting torch.futures
INFO: Instrumenting torch.distributed.rpc._utils
INFO: Instrumenting torch.distributed.rpc.constants
INFO: Instrumenting torch.distributed.rpc.internal
INFO: Instrumenting torch.distributed.rpc.backend_registry
INFO: Instrumenting torch.distributed.rpc.functions
INFO: Instrumenting torch.distributed.rpc.options
INFO: Instrumenting torch.distributed.rpc.server_process_global_profiler
INFO: Instrumenting torch.autograd
INFO: Instrumenting torch._vmap_internals
INFO: Instrumenting torch.utils._pytree
INFO: Instrumenting importlib.metadata
INFO: Instrumenting csv
INFO: Instrumenting email
INFO: Instrumenting zipfile
INFO: Instrumenting importlib.metadata._adapters
INFO: Instrumenting email.message
INFO: Instrumenting quopri
INFO: Instrumenting email.utils
INFO: Instrumenting email._parseaddr
INFO: Instrumenting calendar
INFO: Instrumenting email.charset
INFO: Instrumenting email.base64mime
INFO: Instrumenting email.quoprimime
INFO: Instrumenting email.errors
INFO: Instrumenting email.encoders
INFO: Instrumenting email._policybase
INFO: Instrumenting email.header
INFO: Instrumenting email._encoded_words
INFO: Instrumenting email.iterators
INFO: Instrumenting importlib.metadata._text
INFO: Instrumenting importlib.metadata._functools
INFO: Instrumenting importlib.metadata._meta
INFO: Instrumenting importlib.metadata._collections
INFO: Instrumenting importlib.metadata._itertools
INFO: Instrumenting torch.autograd.forward_ad
INFO: Instrumenting torch.autograd.grad_mode
INFO: Instrumenting torch.utils._contextlib
INFO: Instrumenting torch.autograd.functional
INFO: Instrumenting torch.autograd.graph
INFO: Instrumenting torch.autograd.variable
INFO: Instrumenting torch.autograd.anomaly_mode
INFO: Instrumenting torch.autograd.function
INFO: Instrumenting torch._functorch
INFO: Instrumenting torch._functorch.autograd_function
INFO: Instrumenting torch._functorch.apis
INFO: Instrumenting torch._functorch.utils
INFO: Instrumenting torch.utils._exposed_in
INFO: Instrumenting torch._functorch.vmap
INFO: Instrumenting torch._functorch.predispatch
INFO: Instrumenting torch._ops
INFO: Instrumenting torch._functorch.pyfunctorch
INFO: Instrumenting torch.autograd.gradcheck
INFO: Instrumenting torch.testing
INFO: Instrumenting torch.testing._utils
INFO: Instrumenting torch.testing._comparison
INFO: Instrumenting torch.testing._creation
INFO: Instrumenting torch.autograd.profiler
INFO: Instrumenting uuid
INFO: Instrumenting torch.autograd.profiler_util
INFO: Instrumenting torch.autograd.profiler_legacy
INFO: Instrumenting torch.package
INFO: Instrumenting torch.package.analyze
INFO: Instrumenting torch.package.analyze.find_first_use_of_broken_modules
INFO: Instrumenting torch.package.package_exporter
INFO: Instrumenting pickletools
INFO: Instrumenting torch.package._digraph
INFO: Instrumenting torch.package._importlib
INFO: Instrumenting torch.package._mangling
INFO: Instrumenting torch.package._package_pickler
INFO: Instrumenting torch.package.importer
INFO: Instrumenting torch.package._stdlib
INFO: Instrumenting torch.package.find_file_dependencies
INFO: Instrumenting torch.package.glob_group
INFO: Instrumenting torch.package.analyze.trace_dependencies
INFO: Instrumenting torch.package.analyze.is_from_package
INFO: Instrumenting torch.package.file_structure_representation
INFO: Instrumenting torch.package.package_importer
INFO: Instrumenting torch.package._directory_reader
INFO: Instrumenting torch.package._package_unpickler
INFO: Instrumenting torch._awaits
INFO: Instrumenting torch._torch_docs
INFO: Instrumenting torch.nn._reduction
INFO: Instrumenting torch.nn.grad
INFO: Instrumenting torch.nn.modules.utils
INFO: Instrumenting torch.nn.init
INFO: Instrumenting torch.nn.modules.lazy
INFO: Instrumenting torch.nn.modules.activation
INFO: Instrumenting torch.nn.modules.adaptive
INFO: Instrumenting torch.nn.modules.container
INFO: Instrumenting torch.nn.modules.batchnorm
INFO: Instrumenting torch.nn.modules._functions
INFO: Instrumenting torch.nn.modules.channelshuffle
INFO: Instrumenting torch.nn.modules.conv
INFO: Instrumenting torch.nn.common_types
INFO: Instrumenting torch.nn.modules.distance
INFO: Instrumenting torch.nn.modules.dropout
INFO: Instrumenting torch.nn.modules.flatten
INFO: Instrumenting torch.nn.modules.fold
INFO: Instrumenting torch.nn.modules.instancenorm
INFO: Instrumenting torch.nn.modules.loss
INFO: Instrumenting torch.nn.modules.normalization
INFO: Instrumenting torch.nn.modules.padding
INFO: Instrumenting torch.nn.modules.pixelshuffle
INFO: Instrumenting torch.nn.modules.pooling
INFO: Instrumenting torch.nn.modules.rnn
INFO: Instrumenting torch.nn.utils
INFO: Instrumenting torch.nn.utils.parametrizations
INFO: Instrumenting torch.nn.utils.parametrize
INFO: Instrumenting torch.__future__
INFO: Instrumenting torch.nn.utils.rnn
INFO: Instrumenting torch.nn.utils.stateless
INFO: Instrumenting torch.nn.utils._named_member_accessor
INFO: Instrumenting torch.nn.utils.clip_grad
INFO: Instrumenting torch.utils._foreach_utils
INFO: Instrumenting torch.nn.utils.convert_parameters
INFO: Instrumenting torch.nn.utils.fusion
INFO: Instrumenting torch.nn.utils.init
INFO: Instrumenting torch.nn.utils.memory_format
INFO: Instrumenting torch.nn.utils.spectral_norm
INFO: Instrumenting torch.nn.utils.weight_norm
INFO: Instrumenting torch.nn.modules.sparse
INFO: Instrumenting torch.nn.modules.transformer
INFO: Instrumenting torch.nn.modules.upsampling
INFO: Instrumenting torch.nn.attention
INFO: Instrumenting torch.backends
INFO: Instrumenting torch.backends.cpu
INFO: Instrumenting torch.backends.cuda
INFO: Instrumenting torch.backends.cudnn
INFO: Instrumenting torch.backends.cusparselt
INFO: Instrumenting torch.backends.kleidiai
INFO: Instrumenting torch.backends.mha
INFO: Instrumenting torch.backends.miopen
INFO: Instrumenting torch.backends.mkl
INFO: Instrumenting torch.backends.mkldnn
INFO: Instrumenting torch.backends.mps
INFO: Instrumenting torch.library
INFO: Instrumenting torch._library
INFO: Instrumenting torch._library.autograd
INFO: Instrumenting torch._library.utils
INFO: Instrumenting torch._library.fake_impl
INFO: Instrumenting torch._library.simple_registry
INFO: Instrumenting torch._library.fake_class_registry
INFO: Instrumenting torch._library.triton
INFO: Instrumenting torch._library.custom_ops
INFO: Instrumenting torch._library.infer_schema
INFO: Instrumenting torch.backends.nnpack
INFO: Instrumenting torch.backends.openmp
INFO: Instrumenting torch.backends.opt_einsum
INFO: Instrumenting torch.backends.quantized
INFO: Instrumenting torch.nn.parallel
INFO: Instrumenting torch.nn.parallel.data_parallel
INFO: Instrumenting torch.nn.parallel.parallel_apply
INFO: Instrumenting torch.nn.parallel.replicate
INFO: Instrumenting torch.nn.parallel.comm
INFO: Instrumenting torch.cuda.nccl
INFO: Instrumenting torch.nn.parallel.scatter_gather
INFO: Instrumenting torch.nn.parallel._functions
INFO: Instrumenting torch.nn.parallel.distributed
INFO: Instrumenting torch.distributed.algorithms
INFO: Instrumenting torch.distributed.algorithms.join
INFO: Instrumenting torch.distributed.utils
INFO: Instrumenting torch._lowrank
INFO: Instrumenting torch._linalg_utils
INFO: Instrumenting torch.__config__
INFO: Instrumenting torch.accelerator
INFO: Instrumenting torch.accelerator._utils
INFO: Instrumenting torch.accelerator.memory
INFO: Instrumenting torch.cpu
INFO: Instrumenting torch.cpu.amp
INFO: Instrumenting torch.cpu.amp.autocast_mode
INFO: Instrumenting torch.cpu.amp.grad_scaler
INFO: Instrumenting torch.distributions
INFO: Instrumenting torch.distributions.transforms
INFO: Instrumenting torch.distributions.constraints
INFO: Instrumenting torch.distributions.distribution
INFO: Instrumenting torch.distributions.utils
INFO: Instrumenting torch.distributions.bernoulli
INFO: Instrumenting torch.distributions.exp_family
INFO: Instrumenting torch.distributions.beta
INFO: Instrumenting torch.distributions.dirichlet
INFO: Instrumenting torch.distributions.binomial
INFO: Instrumenting torch.distributions.categorical
INFO: Instrumenting torch.distributions.cauchy
INFO: Instrumenting torch.distributions.chi2
INFO: Instrumenting torch.distributions.gamma
INFO: Instrumenting torch.distributions.constraint_registry
INFO: Instrumenting torch.distributions.continuous_bernoulli
INFO: Instrumenting torch.distributions.exponential
INFO: Instrumenting torch.distributions.fishersnedecor
INFO: Instrumenting torch.distributions.generalized_pareto
INFO: Instrumenting torch.distributions.geometric
INFO: Instrumenting torch.distributions.gumbel
INFO: Instrumenting torch.distributions.transformed_distribution
INFO: Instrumenting torch.distributions.independent
INFO: Instrumenting torch.distributions.uniform
INFO: Instrumenting torch.distributions.half_cauchy
INFO: Instrumenting torch.distributions.half_normal
INFO: Instrumenting torch.distributions.normal
INFO: Instrumenting torch.distributions.inverse_gamma
INFO: Instrumenting torch.distributions.kl
INFO: Instrumenting torch.distributions.laplace
INFO: Instrumenting torch.distributions.lowrank_multivariate_normal
INFO: Instrumenting torch.distributions.multivariate_normal
INFO: Instrumenting torch.distributions.one_hot_categorical
INFO: Instrumenting torch.distributions.pareto
INFO: Instrumenting torch.distributions.poisson
INFO: Instrumenting torch.distributions.kumaraswamy
INFO: Instrumenting torch.distributions.lkj_cholesky
INFO: Instrumenting torch.distributions.log_normal
INFO: Instrumenting torch.distributions.logistic_normal
INFO: Instrumenting torch.distributions.mixture_same_family
INFO: Instrumenting torch.distributions.multinomial
INFO: Instrumenting torch.distributions.negative_binomial
INFO: Instrumenting torch.distributions.relaxed_bernoulli
INFO: Instrumenting torch.distributions.relaxed_categorical
INFO: Instrumenting torch.distributions.studentT
INFO: Instrumenting torch.distributions.von_mises
INFO: Instrumenting torch.jit
INFO: Instrumenting torch.jit._async
INFO: Instrumenting torch.jit._builtins
INFO: Instrumenting torch.jit._await
INFO: Instrumenting torch.jit._decomposition_utils
INFO: Instrumenting torch.jit._freeze
INFO: Instrumenting torch.jit._script
INFO: Instrumenting torch._classes
INFO: Instrumenting torch.jit._fuser
INFO: Instrumenting torch.jit._monkeytype_config
INFO: Instrumenting torch.jit._recursive
INFO: Instrumenting torch.jit._check
INFO: Instrumenting torch.jit._state
INFO: Instrumenting torch.jit.frontend
INFO: Instrumenting torch.jit.annotations
INFO: Instrumenting torch.jit._dataclass_impls
INFO: Instrumenting torch.jit._serialization
INFO: Instrumenting torch.jit._ir_utils
INFO: Instrumenting torch.jit._trace
INFO: Instrumenting torch.distributions.weibull
INFO: Instrumenting torch.distributions.wishart
INFO: Instrumenting torch.fft
INFO: Instrumenting torch.hub
INFO: Instrumenting urllib.error
INFO: Instrumenting urllib.response
INFO: Instrumenting urllib.request
INFO: Instrumenting http
INFO: Instrumenting http.client
INFO: Instrumenting email.parser
INFO: Instrumenting email.feedparser
INFO: Instrumenting tqdm
INFO: Instrumenting tqdm._monitor
INFO: Instrumenting tqdm._tqdm_pandas
INFO: Instrumenting tqdm.cli
INFO: Instrumenting tqdm.std
INFO: Instrumenting tqdm.utils
INFO: Instrumenting tqdm.version
INFO: Instrumenting tqdm._dist_ver
INFO: Instrumenting tqdm.gui
INFO: Instrumenting torch.linalg
INFO: Instrumenting torch.mps
INFO: Instrumenting torch.mps.profiler
INFO: Instrumenting torch.mps.event
INFO: Instrumenting torch.mtia
INFO: Instrumenting torch.mtia._utils
INFO: Instrumenting torch.mtia.memory
INFO: Instrumenting torch.multiprocessing
INFO: Instrumenting torch.multiprocessing.reductions
INFO: Instrumenting multiprocessing.util
INFO: Instrumenting multiprocessing.resource_sharer
INFO: Instrumenting torch.multiprocessing.spawn
INFO: Instrumenting multiprocessing.connection
INFO: Instrumenting concurrent.futures.thread
INFO: Instrumenting torch.numa
INFO: Instrumenting torch.numa.binding
INFO: Instrumenting multiprocessing.resource_tracker
INFO: Instrumenting multiprocessing.spawn
INFO: Instrumenting runpy
INFO: Instrumenting torch.nested
INFO: Instrumenting torch.nested._internal
INFO: Instrumenting torch.nested._internal.nested_tensor
INFO: Instrumenting torch.nested._internal.nested_int
INFO: Instrumenting torch.fx
INFO: Instrumenting torch.fx.immutable_collections
INFO: Instrumenting torch.fx._compatibility
INFO: Instrumenting torch.fx._symbolic_trace
INFO: Instrumenting torch.fx._lazy_graph_module
INFO: Instrumenting torch.fx.graph_module
INFO: Instrumenting torch.fx.graph
INFO: Instrumenting torch.utils._dtype_abbrs
INFO: Instrumenting torch.fx._pytree
INFO: Instrumenting torch.return_types
INFO: Instrumenting torch.fx.node
INFO: Instrumenting torch.fx.operator_schemas
INFO: Instrumenting torch.fx.proxy
INFO: Instrumenting torch.fx.traceback
INFO: Instrumenting torch.utils._traceback
INFO: Instrumenting torch.fx.interpreter
INFO: Instrumenting torch._logging
INFO: Instrumenting torch._logging._registrations
INFO: Instrumenting torch._logging._internal
INFO: Instrumenting torch._logging.structured
INFO: Instrumenting torch._guards
INFO: Instrumenting unittest
INFO: Instrumenting unittest.result
INFO: Instrumenting unittest.util
INFO: Instrumenting unittest.case
INFO: Instrumenting unittest.suite
INFO: Instrumenting unittest.loader
INFO: Instrumenting unittest.main
INFO: Instrumenting argparse
INFO: Instrumenting gettext
INFO: Instrumenting unittest.runner
INFO: Instrumenting unittest.signals
INFO: Instrumenting unittest.mock
INFO: Instrumenting pkgutil
INFO: Instrumenting torch.utils._backport_slots
INFO: Instrumenting torch.utils.weak
INFO: Instrumenting torch.fx.config
INFO: Instrumenting torch.fx.subgraph_rewriter
INFO: Instrumenting torch.fx.experimental
INFO: Instrumenting torch.fx.experimental._constant_symnode
INFO: Instrumenting torch.optim
INFO: Instrumenting torch.optim.lr_scheduler
INFO: Instrumenting torch.optim.optimizer
INFO: Instrumenting torch.optim.swa_utils
INFO: Instrumenting torch.optim._adafactor
INFO: Instrumenting torch.optim._muon
INFO: Instrumenting torch.optim.adadelta
INFO: Instrumenting torch.optim.adagrad
INFO: Instrumenting torch.optim.adam
INFO: Instrumenting torch.optim.adamax
INFO: Instrumenting torch.optim.adamw
INFO: Instrumenting torch.optim.asgd
INFO: Instrumenting torch.optim.lbfgs
INFO: Instrumenting torch.optim.nadam
INFO: Instrumenting torch.optim.radam
INFO: Instrumenting torch.optim.rmsprop
INFO: Instrumenting torch.optim.rprop
INFO: Instrumenting torch.optim.sgd
INFO: Instrumenting torch.optim.sparse_adam
INFO: Instrumenting torch.optim._functional
INFO: Instrumenting torch.profiler
INFO: Instrumenting torch._environment
INFO: Instrumenting torch.profiler.profiler
INFO: Instrumenting gzip
INFO: Instrumenting torch.profiler._memory_profiler
INFO: Instrumenting torch.profiler._utils
INFO: Instrumenting torch.profiler.itt
INFO: Instrumenting torch.special
INFO: Instrumenting torch.xpu
INFO: Instrumenting torch.xpu._utils
INFO: Instrumenting torch.xpu.streams
INFO: Instrumenting torch.xpu.memory
INFO: Instrumenting torch.xpu.random
INFO: Instrumenting torch.signal
INFO: Instrumenting torch.signal.windows
INFO: Instrumenting torch.signal.windows.windows
INFO: Instrumenting torch.ao
INFO: Instrumenting torch.nn.intrinsic
INFO: Instrumenting torch.ao.nn
INFO: Instrumenting torch.ao.nn.intrinsic
INFO: Instrumenting torch.ao.nn.intrinsic.modules
INFO: Instrumenting torch.ao.nn.intrinsic.modules.fused
INFO: Instrumenting torch.nn.intrinsic.modules
INFO: Instrumenting torch.nn.intrinsic.modules.fused
INFO: Instrumenting torch.nn.intrinsic.qat
INFO: Instrumenting torch.nn.intrinsic.qat.modules
INFO: Instrumenting torch.nn.intrinsic.qat.modules.conv_fused
INFO: Instrumenting torch.ao.nn.intrinsic.qat
INFO: Instrumenting torch.ao.nn.intrinsic.qat.modules
INFO: Instrumenting torch.ao.nn.intrinsic.qat.modules.conv_fused
INFO: Instrumenting torch.ao.nn.qat
INFO: Instrumenting torch.ao.nn.qat.modules
INFO: Instrumenting torch.ao.nn.qat.modules.conv
INFO: Instrumenting torch.ao.nn.qat.modules.embedding_ops
INFO: Instrumenting torch.ao.nn.qat.modules.linear
INFO: Instrumenting torch.ao.nn.intrinsic.qat.modules.linear_fused
INFO: Instrumenting torch.ao.nn.intrinsic.qat.modules.linear_relu
INFO: Instrumenting torch.nn.intrinsic.qat.modules.linear_fused
INFO: Instrumenting torch.nn.intrinsic.qat.modules.linear_relu
INFO: Instrumenting torch.nn.intrinsic.quantized
INFO: Instrumenting torch.nn.intrinsic.quantized.dynamic
INFO: Instrumenting torch.nn.intrinsic.quantized.dynamic.modules
INFO: Instrumenting torch.nn.intrinsic.quantized.dynamic.modules.linear_relu
INFO: Instrumenting torch.ao.nn.intrinsic.quantized
INFO: Instrumenting torch.ao.nn.intrinsic.quantized.modules
INFO: Instrumenting torch.ao.nn.intrinsic.quantized.modules.bn_relu
INFO: Instrumenting torch.ao.nn.quantized
INFO: Instrumenting torch.ao.nn.quantized.functional
INFO: Instrumenting torch.ao.nn.quantized.modules
INFO: Instrumenting torch.ao.nn.quantizable
INFO: Instrumenting torch.ao.nn.quantizable.modules
INFO: Instrumenting torch.ao.nn.quantizable.modules.activation
INFO: Instrumenting torch.ao.nn.quantizable.modules.rnn
INFO: Instrumenting torch.ao.nn.quantized.modules.activation
INFO: Instrumenting torch.ao.nn.quantized.modules.batchnorm
INFO: Instrumenting torch.ao.nn.quantized.modules.conv
INFO: Instrumenting torch.ao.nn.quantized.modules.utils
INFO: Instrumenting torch.ao.nn.quantized.modules.dropout
INFO: Instrumenting torch.ao.nn.quantized.modules.embedding_ops
INFO: Instrumenting torch.ao.nn.quantized.modules.functional_modules
INFO: Instrumenting torch.ao.nn.quantized.modules.linear
INFO: Instrumenting torch.ao.nn.quantized.modules.normalization
INFO: Instrumenting torch.ao.nn.quantized.modules.rnn
INFO: Instrumenting torch.ao.nn.intrinsic.quantized.modules.conv_add
INFO: Instrumenting torch.ao.nn.intrinsic.quantized.modules.conv_relu
INFO: Instrumenting torch.ao.nn.intrinsic.quantized.modules.linear_relu
INFO: Instrumenting torch.ao.nn.intrinsic.quantized.dynamic
INFO: Instrumenting torch.ao.nn.intrinsic.quantized.dynamic.modules
INFO: Instrumenting torch.ao.nn.intrinsic.quantized.dynamic.modules.linear_relu
INFO: Instrumenting torch.ao.nn.quantized.dynamic
INFO: Instrumenting torch.ao.nn.quantized.dynamic.modules
INFO: Instrumenting torch.ao.nn.quantized.dynamic.modules.conv
INFO: Instrumenting torch.ao.nn.quantized.dynamic.modules.linear
INFO: Instrumenting torch.ao.nn.quantized.dynamic.modules.rnn
INFO: Instrumenting torch.nn.intrinsic.quantized.modules
INFO: Instrumenting torch.nn.intrinsic.quantized.modules.bn_relu
INFO: Instrumenting torch.nn.intrinsic.quantized.modules.conv_relu
INFO: Instrumenting torch.nn.intrinsic.quantized.modules.linear_relu
INFO: Instrumenting torch.nn.qat
INFO: Instrumenting torch.nn.qat.dynamic
INFO: Instrumenting torch.nn.qat.dynamic.modules
INFO: Instrumenting torch.nn.qat.dynamic.modules.linear
INFO: Instrumenting torch.ao.nn.qat.dynamic
INFO: Instrumenting torch.ao.nn.qat.dynamic.modules
INFO: Instrumenting torch.ao.nn.qat.dynamic.modules.linear
INFO: Instrumenting torch.nn.qat.modules
INFO: Instrumenting torch.nn.qat.modules.conv
INFO: Instrumenting torch.nn.qat.modules.embedding_ops
INFO: Instrumenting torch.nn.qat.modules.linear
INFO: Instrumenting torch.nn.quantizable
INFO: Instrumenting torch.nn.quantizable.modules
INFO: Instrumenting torch.nn.quantized
INFO: Instrumenting torch.nn.quantized.dynamic
INFO: Instrumenting torch.nn.quantized.functional
INFO: Instrumenting torch.nn.quantized.modules
INFO: Instrumenting torch._size_docs
INFO: Instrumenting torch._storage_docs
INFO: Instrumenting torch._tensor_docs
INFO: Instrumenting torch.quantization
INFO: Instrumenting torch.quantization.fake_quantize
INFO: Instrumenting torch.ao.quantization
INFO: Instrumenting torch.ao.quantization.fake_quantize
INFO: Instrumenting torch.ao.quantization.observer
INFO: Instrumenting torch.ao.quantization.utils
INFO: Instrumenting torch.ao.quantization.quant_type
INFO: Instrumenting torch.ao.quantization.fuse_modules
INFO: Instrumenting torch.ao.quantization.fuser_method_mappings
INFO: Instrumenting torch.ao.quantization.pt2e
INFO: Instrumenting torch.ao.quantization.pt2e._numeric_debugger
INFO: Instrumenting torch.ao.ns
INFO: Instrumenting torch.ao.ns.fx
INFO: Instrumenting torch.ao.ns.fx.utils
INFO: Instrumenting torch.ao.ns.fx.ns_types
INFO: Instrumenting torch.ao.quantization.pt2e.graph_utils
INFO: Instrumenting torch.export
INFO: Instrumenting torch.fx.passes
INFO: Instrumenting torch.fx.passes.graph_drawer
INFO: Instrumenting torch.fx.passes.shape_prop
INFO: Instrumenting torch._dispatch
INFO: Instrumenting torch._dispatch.python
INFO: Instrumenting torch._subclasses
INFO: Instrumenting torch._subclasses.fake_tensor
INFO: Instrumenting torch._library.fake_profile
INFO: Instrumenting torch._subclasses.meta_utils
INFO: Instrumenting torch.utils._mode_utils
INFO: Instrumenting torch.utils._stats
INFO: Instrumenting torch._subclasses._fake_tensor_utils
INFO: Instrumenting torch.fx.experimental.sym_node
INFO: Instrumenting torch._subclasses.fake_impls
INFO: Instrumenting torch._custom_op
INFO: Instrumenting torch._subclasses.fake_utils
INFO: Instrumenting torch.fx.passes.graph_manipulation
INFO: Instrumenting torch.fx.passes.net_min_base
INFO: Instrumenting torch.fx.passes.split_utils
INFO: Instrumenting torch.fx.passes.utils
INFO: Instrumenting torch.fx.passes.utils.common
INFO: Instrumenting torch.fx.passes.utils.matcher_utils
INFO: Instrumenting torch.fx.passes.tools_common
INFO: Instrumenting torch.fx.passes.operator_support
INFO: Instrumenting torch.fx.passes.param_fetch
INFO: Instrumenting torch.fx.passes.reinplace
INFO: Instrumenting torch.fx.passes.runtime_assert
INFO: Instrumenting torch.fx._utils
INFO: Instrumenting torch.fx.experimental.proxy_tensor
INFO: Instrumenting torch.utils._thunk
INFO: Instrumenting torch.fx.experimental._backward_state
INFO: Instrumenting torch.fx.passes.split_module
INFO: Instrumenting torch.fx.passes.splitter_base
INFO: Instrumenting torch.fx.passes.infra
INFO: Instrumenting torch.fx.passes.infra.pass_manager
INFO: Instrumenting torch.fx.passes.infra.pass_base
INFO: Instrumenting torch.export.custom_ops
INFO: Instrumenting torch.export.decomp_utils
INFO: Instrumenting torch._export
INFO: Instrumenting torch.export._tree_utils
INFO: Instrumenting torch.export.graph_signature
INFO: Instrumenting torch._export.wrappers
INFO: Instrumenting torch._custom_ops
INFO: Instrumenting torch._custom_op.impl
INFO: Instrumenting torch._custom_op.autograd
INFO: Instrumenting torch._export.utils
INFO: Instrumenting torch._subclasses.functional_tensor
INFO: Instrumenting torch._higher_order_ops
INFO: Instrumenting torch._higher_order_ops._invoke_quant
INFO: Instrumenting torch._higher_order_ops.base_hop
INFO: Instrumenting torch._higher_order_ops.auto_functionalize
INFO: Instrumenting torch._higher_order_ops.utils
INFO: Instrumenting torch._higher_order_ops.schema
INFO: Instrumenting torch._higher_order_ops.aoti_call_delegate
INFO: Instrumenting torch._higher_order_ops.associative_scan
INFO: Instrumenting torch._higher_order_ops.cond
INFO: Instrumenting torch._higher_order_ops.effects
INFO: Instrumenting torch._higher_order_ops.torchbind
INFO: Instrumenting torch._functorch._aot_autograd
INFO: Instrumenting torch._functorch._aot_autograd.utils
INFO: Instrumenting torch._functorch._aot_autograd.descriptors
INFO: Instrumenting torch._higher_order_ops.executorch_call_delegate
INFO: Instrumenting torch._higher_order_ops.flat_apply
INFO: Instrumenting torch._higher_order_ops.flex_attention
INFO: Instrumenting torch.utils.checkpoint
INFO: Instrumenting torch.testing._internal
INFO: Instrumenting torch.testing._internal.logging_tensor
INFO: Instrumenting torch._higher_order_ops.foreach_map
INFO: Instrumenting torch._higher_order_ops.hints_wrap
INFO: Instrumenting torch._higher_order_ops.invoke_subgraph
INFO: Instrumenting torch._higher_order_ops.map
INFO: Instrumenting torch._higher_order_ops.out_dtype
INFO: Instrumenting torch._higher_order_ops.run_const_graph
INFO: Instrumenting torch._higher_order_ops.scan
INFO: Instrumenting torch._higher_order_ops.strict_mode
INFO: Instrumenting torch._higher_order_ops.while_loop
INFO: Instrumenting torch._higher_order_ops.wrap
INFO: Instrumenting torch.export.dynamic_shapes
INFO: Instrumenting torch.export.exported_program
INFO: Instrumenting torch._export.verifier
INFO: Instrumenting torch.export.unflatten
INFO: Instrumenting torch.export._remove_effect_tokens_pass
INFO: Instrumenting torch.fx.passes.utils.source_matcher_utils
INFO: Instrumenting torch.ao.quantization.pt2e.export_utils
INFO: Instrumenting torch.ao.quantization.qconfig
INFO: Instrumenting torch.ao.quantization.qconfig_mapping
INFO: Instrumenting torch.ao.quantization.quantization_mappings
INFO: Instrumenting torch.ao.nn.quantized.reference
INFO: Instrumenting torch.ao.nn.quantized.reference.modules
INFO: Instrumenting torch.ao.nn.quantized.reference.modules.conv
INFO: Instrumenting torch.ao.nn.quantized.reference.modules.utils
INFO: Instrumenting torch.ao.nn.quantized.reference.modules.linear
INFO: Instrumenting torch.ao.nn.quantized.reference.modules.rnn
INFO: Instrumenting torch.ao.nn.quantized.reference.modules.sparse
INFO: Instrumenting torch.ao.nn.sparse
INFO: Instrumenting torch.ao.nn.sparse.quantized
INFO: Instrumenting torch.ao.nn.sparse.quantized.dynamic
INFO: Instrumenting torch.ao.nn.sparse.quantized.dynamic.linear
INFO: Instrumenting torch.ao.nn.sparse.quantized.linear
INFO: Instrumenting torch.ao.nn.sparse.quantized.utils
INFO: Instrumenting torch.ao.quantization.stubs
INFO: Instrumenting torch.ao.quantization.quantize
INFO: Instrumenting torch.ao.quantization.quantize_jit
INFO: Instrumenting torch.quantization.fuse_modules
INFO: Instrumenting torch.quantization.fuser_method_mappings
INFO: Instrumenting torch.quantization.observer
INFO: Instrumenting torch.quantization.qconfig
INFO: Instrumenting torch.quantization.quant_type
INFO: Instrumenting torch.quantization.quantization_mappings
INFO: Instrumenting torch.quantization.quantize
INFO: Instrumenting torch.quantization.quantize_jit
INFO: Instrumenting torch.quantization.stubs
INFO: Instrumenting torch.quasirandom
INFO: Instrumenting torch.multiprocessing._atfork
INFO: Instrumenting torch._lobpcg
INFO: Instrumenting torch.masked
INFO: Instrumenting torch.masked._ops
INFO: Instrumenting torch.masked._docs
INFO: Instrumenting torch.masked.maskedtensor
INFO: Instrumenting torch.masked.maskedtensor.binary
INFO: Instrumenting torch.masked.maskedtensor.core
INFO: Instrumenting torch.masked.maskedtensor.passthrough
INFO: Instrumenting torch.masked.maskedtensor.reductions
INFO: Instrumenting torch.masked.maskedtensor.creation
INFO: Instrumenting torch.masked.maskedtensor.unary
INFO: Instrumenting torch.utils.dlpack
INFO: Instrumenting torch.func
INFO: Instrumenting torch._functorch.batch_norm_replacement
INFO: Instrumenting torch._functorch.eager_transforms
INFO: Instrumenting torch.fx.experimental.const_fold
INFO: Instrumenting torch._functorch.functional_call
INFO: Instrumenting torch._meta_registrations
INFO: Instrumenting torch._decomp
INFO: Instrumenting torch._decomp.decompositions
INFO: Instrumenting torch._prims
INFO: Instrumenting torch._prims.debug_prims
INFO: Instrumenting torch.utils._content_store
INFO: Instrumenting torch._prims.rng_prims
INFO: Instrumenting torch._prims_common.wrappers
INFO: Instrumenting torch._refs
INFO: Instrumenting torch._refs._conversions
INFO: Instrumenting torch._refs.fft
INFO: Instrumenting torch._refs.linalg
INFO: Instrumenting torch._refs.nn
INFO: Instrumenting torch._refs.nn.functional
INFO: Instrumenting torch._refs.special
INFO: Instrumenting torch.fx.experimental._config
INFO: Instrumenting torch.utils._config_module
INFO: Instrumenting torch.compiler
INFO: Instrumenting torch.compiler.config
INFO: Instrumenting minisgl.core
INFO: Instrumenting minisgl.message.utils
INFO: Instrumenting minisgl.message.frontend
INFO: Instrumenting minisgl.message.tokenizer
INFO: Instrumenting minisgl.env
INFO: Instrumenting minisgl.tokenizer
INFO: Instrumenting minisgl.tokenizer.server
INFO: Instrumenting minisgl.utils
INFO: Instrumenting minisgl.utils.arch
INFO: Instrumenting minisgl.utils.hf
INFO: Instrumenting minisgl.utils.logger
INFO: Instrumenting minisgl.utils.misc
INFO: Instrumenting minisgl.utils.mp
INFO: Instrumenting msgpack
INFO: Instrumenting msgpack.exceptions
INFO: Instrumenting msgpack.ext
INFO: Instrumenting zmq
INFO: Instrumenting zmq.backend
INFO: Instrumenting zmq.backend.select
INFO: Instrumenting zmq.backend.cython
INFO: Instrumenting zmq.constants
INFO: Instrumenting zmq.error
INFO: Instrumenting zmq.sugar
INFO: Instrumenting zmq.sugar.context
INFO: Instrumenting zmq._typing
INFO: Instrumenting zmq.utils
INFO: Instrumenting zmq.utils.interop
INFO: Instrumenting zmq.sugar.attrsettr
INFO: Instrumenting zmq.sugar.socket
INFO: Instrumenting zmq.utils.jsonapi
INFO: Instrumenting zmq.sugar.poll
INFO: Instrumenting zmq.sugar.frame
INFO: Instrumenting zmq.sugar.tracker
INFO: Instrumenting zmq.sugar.version
INFO: Instrumenting zmq.sugar.stopwatch
INFO: Instrumenting zmq.asyncio
INFO: Instrumenting zmq._future
INFO: Instrumenting minisgl.utils.registry
INFO: Instrumenting minisgl.utils.torch_utils
INFO: Instrumenting transformers
INFO: Instrumenting transformers.dependency_versions_check
INFO: Instrumenting transformers.dependency_versions_table
INFO: Instrumenting transformers.utils
INFO: Instrumenting huggingface_hub
INFO: Instrumenting huggingface_hub.hf_api
INFO: Instrumenting requests
INFO: Instrumenting urllib3
INFO: Instrumenting urllib3.exceptions
INFO: Instrumenting urllib3._base_connection
INFO: Instrumenting urllib3.util
INFO: Instrumenting urllib3.util.connection
INFO: Instrumenting urllib3.util.timeout
INFO: Instrumenting urllib3.util.request
INFO: Instrumenting urllib3.util.util
INFO: Instrumenting urllib3.util.response
INFO: Instrumenting urllib3.util.retry
INFO: Instrumenting urllib3.util.ssl_
INFO: Instrumenting hmac
INFO: Instrumenting urllib3.util.url
INFO: Instrumenting urllib3.util.ssltransport
INFO: Instrumenting urllib3.util.wait
INFO: Instrumenting urllib3._collections
INFO: Instrumenting urllib3._version
INFO: Instrumenting urllib3.connectionpool
INFO: Instrumenting urllib3._request_methods
INFO: Instrumenting urllib3.filepost
INFO: Instrumenting urllib3.fields
INFO: Instrumenting mimetypes
INFO: Instrumenting urllib3.response
INFO: Instrumenting urllib3.connection
INFO: Instrumenting urllib3.http2
INFO: Instrumenting urllib3.http2.probe
INFO: Instrumenting urllib3.util.ssl_match_hostname
INFO: Instrumenting urllib3.util.proxy
INFO: Instrumenting urllib3.poolmanager
INFO: Instrumenting requests.exceptions
INFO: Instrumenting requests.compat
INFO: Instrumenting charset_normalizer
INFO: Instrumenting charset_normalizer.api
INFO: Instrumenting charset_normalizer.cd
INFO: Instrumenting charset_normalizer.constant
INFO: Instrumenting charset_normalizer.utils
INFO: Instrumenting charset_normalizer.models
INFO: Instrumenting charset_normalizer.legacy
INFO: Instrumenting charset_normalizer.version
INFO: Instrumenting http.cookiejar
INFO: Instrumenting http.cookies
INFO: Instrumenting requests.packages
INFO: Instrumenting idna
INFO: Instrumenting idna.core
INFO: Instrumenting idna.idnadata
INFO: Instrumenting idna.intranges
INFO: Instrumenting idna.package_data
INFO: Instrumenting requests.utils
INFO: Instrumenting requests.certs
INFO: Instrumenting certifi
INFO: Instrumenting certifi.core
INFO: Instrumenting requests.__version__
INFO: Instrumenting requests._internal_utils
INFO: Instrumenting requests.cookies
INFO: Instrumenting requests.structures
INFO: Instrumenting importlib.readers
INFO: Instrumenting importlib.resources.readers
INFO: Instrumenting importlib.resources._itertools
INFO: Instrumenting requests.api
INFO: Instrumenting requests.sessions
INFO: Instrumenting requests.adapters
INFO: Instrumenting requests.auth
INFO: Instrumenting requests.models
INFO: Instrumenting encodings.idna
INFO: Instrumenting stringprep
INFO: Instrumenting requests.hooks
INFO: Instrumenting requests.status_codes
INFO: Instrumenting urllib3.contrib
INFO: Instrumenting urllib3.contrib.socks
INFO: Instrumenting tqdm.auto
INFO: Instrumenting tqdm.autonotebook
INFO: Instrumenting tqdm.asyncio
INFO: Instrumenting tqdm.contrib
INFO: Instrumenting tqdm.contrib.concurrent
INFO: Instrumenting huggingface_hub.constants
INFO: Instrumenting huggingface_hub._commit_api
INFO: Instrumenting huggingface_hub.errors
INFO: Instrumenting huggingface_hub.file_download
INFO: Instrumenting huggingface_hub._local_folder
INFO: Instrumenting huggingface_hub.utils
INFO: Instrumenting huggingface_hub.utils.tqdm
INFO: Instrumenting huggingface_hub.utils._auth
INFO: Instrumenting configparser
INFO: Instrumenting huggingface_hub.utils._runtime
INFO: Instrumenting huggingface_hub.utils._cache_assets
INFO: Instrumenting huggingface_hub.utils._cache_manager
INFO: Instrumenting huggingface_hub.commands
INFO: Instrumenting huggingface_hub.commands._cli_utils
INFO: Instrumenting huggingface_hub.utils.logging
INFO: Instrumenting huggingface_hub.utils._chunk_utils
INFO: Instrumenting huggingface_hub.utils._datetime
INFO: Instrumenting huggingface_hub.utils._experimental
INFO: Instrumenting huggingface_hub.utils._fixes
INFO: Instrumenting yaml
INFO: Instrumenting yaml.error
INFO: Instrumenting yaml.tokens
INFO: Instrumenting yaml.events
INFO: Instrumenting yaml.nodes
INFO: Instrumenting yaml.loader
INFO: Instrumenting yaml.reader
INFO: Instrumenting yaml.scanner
INFO: Instrumenting yaml.parser
INFO: Instrumenting yaml.composer
INFO: Instrumenting yaml.constructor
INFO: Instrumenting yaml.resolver
INFO: Instrumenting yaml.dumper
INFO: Instrumenting yaml.emitter
INFO: Instrumenting yaml.serializer
INFO: Instrumenting yaml.representer
INFO: Instrumenting yaml.cyaml
INFO: Instrumenting filelock
INFO: Instrumenting filelock._api
INFO: Instrumenting filelock._error
INFO: Instrumenting filelock._soft
INFO: Instrumenting filelock._util
INFO: Instrumenting filelock._unix
INFO: Instrumenting filelock._windows
INFO: Instrumenting filelock.asyncio
INFO: Instrumenting filelock.version
INFO: Instrumenting huggingface_hub.utils._git_credential
INFO: Instrumenting huggingface_hub.utils._subprocess
INFO: Instrumenting huggingface_hub.utils._headers
INFO: Instrumenting huggingface_hub.utils._deprecation
INFO: Instrumenting huggingface_hub.utils._validators
INFO: Instrumenting huggingface_hub.utils._typing
INFO: Instrumenting huggingface_hub.utils._hf_folder
INFO: Instrumenting huggingface_hub.utils._http
INFO: Instrumenting shlex
INFO: Instrumenting huggingface_hub.utils._lfs
INFO: Instrumenting huggingface_hub.utils._pagination
INFO: Instrumenting huggingface_hub.utils._paths
INFO: Instrumenting huggingface_hub.utils._safetensors
INFO: Instrumenting huggingface_hub.utils._telemetry
INFO: Instrumenting huggingface_hub.utils._xet
INFO: Instrumenting huggingface_hub.utils.sha
INFO: Instrumenting huggingface_hub.utils.insecure_hashlib
INFO: Instrumenting huggingface_hub.lfs
INFO: Instrumenting huggingface_hub._inference_endpoints
INFO: Instrumenting huggingface_hub._jobs_api
INFO: Instrumenting huggingface_hub._space_api
INFO: Instrumenting huggingface_hub._upload_large_folder
INFO: Instrumenting huggingface_hub.community
INFO: Instrumenting huggingface_hub.repocard_data
INFO: Instrumenting huggingface_hub.utils.endpoint_helpers
INFO: Instrumenting packaging
INFO: Instrumenting packaging.version
INFO: Instrumenting packaging._structures
INFO: Instrumenting transformers.utils.auto_docstring
INFO: Instrumenting regex
INFO: Instrumenting regex._main
INFO: Instrumenting regex._regex_core
INFO: Instrumenting transformers.utils.doc
INFO: Instrumenting transformers.utils.generic
INFO: Instrumenting transformers.utils.logging
INFO: Instrumenting transformers.utils.import_utils
INFO: Instrumenting accelerate
INFO: Instrumenting jinja2
INFO: Instrumenting openai
INFO: Instrumenting psutil
INFO: Instrumenting safetensors
INFO: Instrumenting tokenizers
INFO: Instrumenting triton
INFO: Instrumenting pydantic
INFO: Instrumenting fastapi
INFO: Instrumenting uvicorn
INFO: Instrumenting transformers.model_debugging_utils
INFO: Instrumenting safetensors
INFO: Instrumenting safetensors.torch
INFO: Instrumenting torch.distributed.tensor
INFO: Instrumenting torch.distributed.tensor._ops
INFO: Instrumenting torch.distributed.tensor._ops._conv_ops
INFO: Instrumenting torch.distributed.tensor._dtensor_spec
INFO: Instrumenting torch.distributed.tensor.placement_types
INFO: Instrumenting torch.distributed._functional_collectives
INFO: Instrumenting torch.distributed._functional_collectives_impl
INFO: Instrumenting torch.utils._cxx_pytree
INFO: Instrumenting torch.distributed.tensor._collective_utils
INFO: Instrumenting torch.distributed.tensor._op_schema
INFO: Instrumenting torch.utils._cxx_pytree
INFO: Instrumenting torch.distributed.tensor._ops.utils
INFO: Instrumenting torch.distributed.tensor._api
INFO: Instrumenting torch.distributed.tensor._dispatch
INFO: Instrumenting torch.distributed.tensor._random
INFO: Instrumenting torch.distributed.tensor._redistribute
INFO: Instrumenting torch.distributed.tensor.device_mesh
INFO: Instrumenting torch.distributed.tensor._sharding_prop
INFO: Instrumenting torch.distributed.tensor._utils
INFO: Instrumenting torch.distributed.tensor._tp_conv
INFO: Instrumenting torch.utils._cxx_pytree
INFO: Instrumenting torch.distributed.tensor._ops._embedding_ops
INFO: Instrumenting torch.distributed.tensor._ops._math_ops
INFO: Instrumenting torch.distributed.tensor._ops._matrix_ops
INFO: Instrumenting torch.distributed.tensor._ops._einsum_strategy
INFO: Instrumenting torch.distributed.tensor._ops._pointwise_ops
INFO: Instrumenting torch.distributed.tensor._ops._random_ops
INFO: Instrumenting torch.distributed.tensor._ops._tensor_ops
INFO: Instrumenting torch.distributed.tensor._ops._common_rules
INFO: Instrumenting torch.distributed.tensor._ops._view_ops
INFO: Instrumenting transformers.utils.backbone_utils
INFO: Instrumenting transformers.utils.chat_template_utils
INFO: Instrumenting jinja2
INFO: Instrumenting jinja2.bccache
INFO: Instrumenting jinja2.environment
INFO: Instrumenting markupsafe
INFO: Instrumenting jinja2.nodes
INFO: Instrumenting jinja2.utils
INFO: Instrumenting jinja2.compiler
INFO: Instrumenting jinja2.exceptions
INFO: Instrumenting jinja2.idtracking
INFO: Instrumenting jinja2.visitor
INFO: Instrumenting jinja2.optimizer
INFO: Instrumenting jinja2.defaults
INFO: Instrumenting jinja2.filters
INFO: Instrumenting jinja2.async_utils
INFO: Instrumenting jinja2.runtime
INFO: Instrumenting jinja2.tests
INFO: Instrumenting jinja2.lexer
INFO: Instrumenting jinja2._identifier
INFO: Instrumenting jinja2.parser
INFO: Instrumenting jinja2.loaders
INFO: Instrumenting jinja2.ext
INFO: Instrumenting jinja2.sandbox
INFO: Instrumenting transformers.utils.constants
INFO: Instrumenting transformers.utils.hub
INFO: Instrumenting huggingface_hub.repocard
INFO: Instrumenting huggingface_hub._snapshot_download
INFO: Instrumenting transformers.utils.peft_utils
INFO: Instrumenting transformers.utils.versions
INFO: Instrumenting transformers.utils.dummy_sentencepiece_and_tokenizers_objects
INFO: Instrumenting transformers.utils.dummy_mistral_common_objects
INFO: Instrumenting transformers.utils.dummy_vision_objects
INFO: Instrumenting transformers.utils.dummy_torchvision_objects
INFO: Instrumenting transformers.utils.dummy_tf_objects
INFO: Instrumenting transformers.utils.dummy_flax_objects
INFO: Instrumenting transformers.models
INFO: Instrumenting transformers.models.auto
INFO: Instrumenting transformers.models.auto.tokenization_auto
INFO: Instrumenting transformers.configuration_utils
INFO: Instrumenting transformers.dynamic_module_utils
INFO: Instrumenting filecmp
INFO: Instrumenting transformers.modeling_gguf_pytorch_utils
INFO: Instrumenting transformers.integrations
INFO: Instrumenting transformers.integrations.ggml
INFO: Instrumenting tokenizers
INFO: Instrumenting tokenizers.implementations
INFO: Instrumenting tokenizers.implementations.base_tokenizer
INFO: Instrumenting tokenizers.decoders
INFO: Instrumenting tokenizers.models
INFO: Instrumenting tokenizers.normalizers
INFO: Instrumenting tokenizers.pre_tokenizers
INFO: Instrumenting tokenizers.processors
INFO: Instrumenting tokenizers.implementations.bert_wordpiece
INFO: Instrumenting tokenizers.implementations.byte_level_bpe
INFO: Instrumenting tokenizers.implementations.char_level_bpe
INFO: Instrumenting tokenizers.implementations.sentencepiece_bpe
INFO: Instrumenting tokenizers.implementations.sentencepiece_unigram
INFO: Instrumenting transformers.tokenization_utils_base
INFO: Instrumenting transformers.convert_slow_tokenizer
INFO: Instrumenting transformers.tokenization_utils
INFO: Instrumenting transformers.models.encoder_decoder
INFO: Instrumenting transformers.models.encoder_decoder.configuration_encoder_decoder
INFO: Instrumenting transformers.models.auto.configuration_auto
INFO: Instrumenting transformers.models.auto.auto_factory
INFO: Instrumenting transformers.generation
INFO: Instrumenting transformers.generation.utils
INFO: Instrumenting transformers.cache_utils
INFO: Instrumenting transformers.integrations.deepspeed
INFO: Instrumenting transformers.integrations.fsdp
INFO: Instrumenting transformers.masking_utils
INFO: Instrumenting torch.nn.attention.flex_attention
INFO: Instrumenting torch.nn.attention._utils
INFO: Instrumenting torch._dynamo
INFO: Instrumenting torch._dynamo.aot_compile
INFO: Instrumenting torch._dynamo.precompile_context
INFO: Instrumenting torch.compiler._cache
INFO: Instrumenting torch.utils._appending_byte_serializer
INFO: Instrumenting torch.utils._ordered_set
INFO: Instrumenting torch._dynamo.convert_frame
INFO: Instrumenting cProfile
INFO: Instrumenting profile
INFO: Instrumenting pstats
INFO: Instrumenting torch._dynamo.callback
INFO: Instrumenting torch._dynamo.distributed
INFO: Instrumenting torch._dynamo.config
INFO: Instrumenting getpass
INFO: Instrumenting torch._dynamo.symbolic_convert
INFO: Instrumenting torch._dynamo.exc
INFO: Instrumenting torch._dynamo.utils
INFO: Instrumenting torch._functorch.config
INFO: Instrumenting torch.fx.experimental.symbolic_shapes
INFO: Instrumenting sympy
INFO: Instrumenting mpmath
INFO: Instrumenting mpmath.usertools
INFO: Instrumenting mpmath.ctx_fp
INFO: Instrumenting mpmath.ctx_base
INFO: Instrumenting mpmath.libmp
INFO: Instrumenting mpmath.libmp.libmpf
INFO: Instrumenting mpmath.libmp.backend
INFO: Instrumenting mpmath.libmp.libintmath
INFO: Instrumenting mpmath.libmp.libmpc
INFO: Instrumenting mpmath.libmp.libelefun
INFO: Instrumenting mpmath.libmp.libhyper
INFO: Instrumenting mpmath.libmp.gammazeta
INFO: Instrumenting mpmath.libmp.libmpi
INFO: Instrumenting mpmath.functions
INFO: Instrumenting mpmath.functions.functions
INFO: Instrumenting mpmath.functions.factorials
INFO: Instrumenting mpmath.functions.hypergeometric
INFO: Instrumenting mpmath.functions.expintegrals
INFO: Instrumenting mpmath.functions.bessel
INFO: Instrumenting mpmath.functions.orthogonal
INFO: Instrumenting mpmath.functions.theta
INFO: Instrumenting mpmath.functions.elliptic
INFO: Instrumenting mpmath.functions.signals
INFO: Instrumenting mpmath.functions.zeta
INFO: Instrumenting mpmath.functions.rszeta
INFO: Instrumenting mpmath.functions.zetazeros
INFO: Instrumenting mpmath.functions.qfunctions
INFO: Instrumenting mpmath.calculus
INFO: Instrumenting mpmath.calculus.calculus
INFO: Instrumenting mpmath.calculus.approximation
INFO: Instrumenting mpmath.calculus.differentiation
INFO: Instrumenting mpmath.calculus.extrapolation
INFO: Instrumenting mpmath.calculus.polynomials
INFO: Instrumenting mpmath.calculus.quadrature
INFO: Instrumenting mpmath.calculus.inverselaplace
INFO: Instrumenting mpmath.calculus.optimization
INFO: Instrumenting mpmath.calculus.odes
INFO: Instrumenting mpmath.matrices
INFO: Instrumenting mpmath.matrices.eigen
INFO: Instrumenting mpmath.matrices.eigen_symmetric
INFO: Instrumenting mpmath.matrices.matrices
INFO: Instrumenting mpmath.matrices.calculus
INFO: Instrumenting mpmath.matrices.linalg
INFO: Instrumenting mpmath.identification
INFO: Instrumenting mpmath.visualization
INFO: Instrumenting colorsys
INFO: Instrumenting mpmath.math2
INFO: Instrumenting mpmath.function_docs
INFO: Instrumenting mpmath.ctx_mp
INFO: Instrumenting mpmath.rational
INFO: Instrumenting mpmath.ctx_mp_python
INFO: Instrumenting mpmath.ctx_iv
INFO: Instrumenting sympy.release
INFO: Instrumenting sympy.core
INFO: Instrumenting sympy.core.sympify
INFO: Instrumenting sympy.core.random
INFO: Instrumenting sympy.utilities
INFO: Instrumenting sympy.utilities.iterables
INFO: Instrumenting sympy.utilities.enumerative
INFO: Instrumenting sympy.utilities.misc
INFO: Instrumenting sympy.utilities.decorator
INFO: Instrumenting sympy.utilities.exceptions
INFO: Instrumenting sympy.utilities.lambdify
INFO: Instrumenting sympy.external
INFO: Instrumenting sympy.external.importtools
INFO: Instrumenting sympy.utilities.timeutils
INFO: Instrumenting sympy.core.parameters
INFO: Instrumenting sympy.core.cache
INFO: Instrumenting sympy.core.basic
INFO: Instrumenting sympy.core.assumptions
INFO: Instrumenting sympy.core.facts
INFO: Instrumenting sympy.core.logic
INFO: Instrumenting sympy.core.assumptions_generated
INFO: Instrumenting sympy.core.sorting
INFO: Instrumenting sympy.core.kind
INFO: Instrumenting sympy.multipledispatch
INFO: Instrumenting sympy.multipledispatch.core
INFO: Instrumenting sympy.multipledispatch.dispatcher
INFO: Instrumenting sympy.multipledispatch.conflict
INFO: Instrumenting sympy.multipledispatch.utils
INFO: Instrumenting sympy.core._print_helpers
INFO: Instrumenting sympy.core.singleton
INFO: Instrumenting sympy.core.core
INFO: Instrumenting sympy.core.traversal
INFO: Instrumenting sympy.core.expr
INFO: Instrumenting sympy.core.evalf
INFO: Instrumenting sympy.external.gmpy
INFO: Instrumenting sympy.external.pythonmpq
INFO: Instrumenting decimal
INFO: Instrumenting fractions
INFO: Instrumenting sympy.external.ntheory
INFO: Instrumenting sympy.core.decorators
INFO: Instrumenting sympy.core.intfunc
INFO: Instrumenting sympy.core.mul
INFO: Instrumenting sympy.core.operations
INFO: Instrumenting sympy.core.numbers
INFO: Instrumenting sympy.core.containers
INFO: Instrumenting sympy.core.power
INFO: Instrumenting sympy.core.function
INFO: Instrumenting sympy.core.add
INFO: Instrumenting sympy.core.rules
INFO: Instrumenting sympy.core.symbol
INFO: Instrumenting sympy.logic
INFO: Instrumenting sympy.logic.boolalg
INFO: Instrumenting sympy.logic.inference
INFO: Instrumenting sympy.core.relational
INFO: Instrumenting sympy.core.coreerrors
INFO: Instrumenting sympy.core.mod
INFO: Instrumenting sympy.core.exprtools
INFO: Instrumenting sympy.core.multidimensional
INFO: Instrumenting sympy.assumptions
INFO: Instrumenting sympy.assumptions.assume
INFO: Instrumenting sympy.utilities.source
INFO: Instrumenting sympy.assumptions.ask
INFO: Instrumenting sympy.assumptions.cnf
INFO: Instrumenting sympy.assumptions.ask_generated
INFO: Instrumenting sympy.assumptions.refine
INFO: Instrumenting sympy.assumptions.relation
INFO: Instrumenting sympy.assumptions.relation.binrel
INFO: Instrumenting sympy.polys
INFO: Instrumenting sympy.polys.polytools
INFO: Instrumenting sympy.polys.polyoptions
INFO: Instrumenting sympy.polys.polyerrors
INFO: Instrumenting sympy.polys.constructor
INFO: Instrumenting sympy.polys.domains
INFO: Instrumenting sympy.polys.domains.domain
INFO: Instrumenting sympy.polys.domains.domainelement
INFO: Instrumenting sympy.polys.orderings
INFO: Instrumenting sympy.polys.polyutils
INFO: Instrumenting sympy.polys.domains.modularinteger
INFO: Instrumenting sympy.polys.domains.finitefield
INFO: Instrumenting sympy.polys.domains.field
INFO: Instrumenting sympy.polys.domains.ring
INFO: Instrumenting sympy.polys.domains.simpledomain
INFO: Instrumenting sympy.polys.galoistools
INFO: Instrumenting sympy.polys.polyconfig
INFO: Instrumenting sympy.polys.domains.groundtypes
INFO: Instrumenting sympy.polys.domains.pythonrational
INFO: Instrumenting sympy.polys.domains.integerring
INFO: Instrumenting sympy.polys.domains.characteristiczero
INFO: Instrumenting sympy.polys.domains.rationalfield
INFO: Instrumenting sympy.polys.domains.algebraicfield
INFO: Instrumenting sympy.polys.polyclasses
INFO: Instrumenting sympy.polys.densebasic
INFO: Instrumenting sympy.polys.monomials
INFO: Instrumenting sympy.polys.densearith
INFO: Instrumenting sympy.polys.densetools
INFO: Instrumenting sympy.polys.euclidtools
INFO: Instrumenting sympy.polys.sqfreetools
INFO: Instrumenting sympy.polys.factortools
INFO: Instrumenting sympy.polys.rootisolation
INFO: Instrumenting sympy.polys.domains.gaussiandomains
INFO: Instrumenting sympy.polys.domains.realfield
INFO: Instrumenting sympy.polys.domains.complexfield
INFO: Instrumenting sympy.polys.domains.polynomialring
INFO: Instrumenting sympy.polys.domains.compositedomain
INFO: Instrumenting sympy.polys.domains.fractionfield
INFO: Instrumenting sympy.polys.domains.expressiondomain
INFO: Instrumenting sympy.polys.domains.expressionrawdomain
INFO: Instrumenting sympy.polys.domains.pythonfinitefield
INFO: Instrumenting sympy.polys.domains.pythonintegerring
INFO: Instrumenting sympy.polys.domains.gmpyfinitefield
INFO: Instrumenting sympy.polys.domains.gmpyintegerring
INFO: Instrumenting sympy.polys.domains.pythonrationalfield
INFO: Instrumenting sympy.polys.domains.gmpyrationalfield
INFO: Instrumenting sympy.polys.fglmtools
INFO: Instrumenting sympy.polys.groebnertools
INFO: Instrumenting sympy.polys.rationaltools
INFO: Instrumenting sympy.polys.polyfuncs
INFO: Instrumenting sympy.polys.specialpolys
INFO: Instrumenting sympy.ntheory
INFO: Instrumenting sympy.ntheory.generate
INFO: Instrumenting sympy.ntheory.primetest
INFO: Instrumenting sympy.ntheory.factor_
INFO: Instrumenting sympy.ntheory.digits
INFO: Instrumenting sympy.ntheory.ecm
INFO: Instrumenting sympy.ntheory.partitions_
INFO: Instrumenting sympy.ntheory.residue_ntheory
INFO: Instrumenting sympy.ntheory.modular
INFO: Instrumenting sympy.utilities.memoization
INFO: Instrumenting sympy.ntheory.multinomial
INFO: Instrumenting sympy.ntheory.continued_fraction
INFO: Instrumenting sympy.ntheory.egyptian_fraction
INFO: Instrumenting sympy.ntheory.qs
INFO: Instrumenting sympy.polys.rings
INFO: Instrumenting sympy.polys.compatibility
INFO: Instrumenting sympy.polys.heuristicgcd
INFO: Instrumenting sympy.printing
INFO: Instrumenting sympy.printing.pretty
INFO: Instrumenting sympy.printing.pretty.pretty
INFO: Instrumenting sympy.printing.conventions
INFO: Instrumenting sympy.printing.precedence
INFO: Instrumenting sympy.printing.printer
INFO: Instrumenting sympy.printing.str
INFO: Instrumenting sympy.printing.pretty.stringpict
INFO: Instrumenting sympy.printing.pretty.pretty_symbology
INFO: Instrumenting sympy.core.alphabets
INFO: Instrumenting sympy.printing.latex
INFO: Instrumenting sympy.printing.mathml
INFO: Instrumenting sympy.printing.python
INFO: Instrumenting sympy.printing.repr
INFO: Instrumenting sympy.printing.pycode
INFO: Instrumenting sympy.printing.codeprinter
INFO: Instrumenting sympy.functions
INFO: Instrumenting sympy.functions.combinatorial
INFO: Instrumenting sympy.functions.combinatorial.factorials
INFO: Instrumenting sympy.functions.combinatorial.numbers
INFO: Instrumenting sympy.functions.elementary
INFO: Instrumenting sympy.functions.elementary.exponential
INFO: Instrumenting sympy.functions.elementary.complexes
INFO: Instrumenting sympy.functions.elementary.miscellaneous
INFO: Instrumenting sympy.functions.elementary.piecewise
INFO: Instrumenting sympy.polys.appellseqs
INFO: Instrumenting sympy.functions.elementary.trigonometric
INFO: Instrumenting sympy.functions.elementary.integers
INFO: Instrumenting sympy.functions.elementary._trigonometric_special
INFO: Instrumenting sympy.functions.elementary.hyperbolic
INFO: Instrumenting sympy.functions.special
INFO: Instrumenting sympy.functions.special.error_functions
INFO: Instrumenting sympy.functions.special.hyper
INFO: Instrumenting sympy.functions.special.gamma_functions
INFO: Instrumenting sympy.functions.special.zeta_functions
INFO: Instrumenting sympy.functions.special.tensor_functions
INFO: Instrumenting sympy.functions.special.singularity_functions
INFO: Instrumenting sympy.functions.special.delta_functions
INFO: Instrumenting sympy.polys.polyroots
INFO: Instrumenting sympy.polys.polyquinticconst
INFO: Instrumenting sympy.functions.special.bsplines
INFO: Instrumenting sympy.sets
INFO: Instrumenting sympy.sets.sets
INFO: Instrumenting sympy.sets.fancysets
INFO: Instrumenting sympy.sets.contains
INFO: Instrumenting sympy.sets.conditionset
INFO: Instrumenting sympy.sets.ordinals
INFO: Instrumenting sympy.sets.powerset
INFO: Instrumenting sympy.sets.handlers
INFO: Instrumenting sympy.sets.handlers.comparison
INFO: Instrumenting sympy.functions.special.bessel
INFO: Instrumenting sympy.polys.orthopolys
INFO: Instrumenting sympy.functions.special.polynomials
INFO: Instrumenting sympy.functions.special.spherical_harmonics
INFO: Instrumenting sympy.functions.special.elliptic_integrals
INFO: Instrumenting sympy.functions.special.beta_functions
INFO: Instrumenting sympy.functions.special.mathieu_functions
INFO: Instrumenting sympy.printing.smtlib
INFO: Instrumenting sympy.assumptions.relation.equality
INFO: Instrumenting sympy.printing.glsl
INFO: Instrumenting sympy.printing.rcode
INFO: Instrumenting sympy.printing.jscode
INFO: Instrumenting sympy.printing.julia
INFO: Instrumenting sympy.printing.mathematica
INFO: Instrumenting sympy.printing.octave
INFO: Instrumenting sympy.printing.gtk
INFO: Instrumenting sympy.utilities.mathml
INFO: Instrumenting sympy.printing.preview
INFO: Instrumenting sympy.printing.tree
INFO: Instrumenting sympy.printing.tableform
INFO: Instrumenting sympy.printing.dot
INFO: Instrumenting sympy.printing.maple
INFO: Instrumenting sympy.printing.defaults
INFO: Instrumenting sympy.utilities.magic
INFO: Instrumenting sympy.polys.numberfields
INFO: Instrumenting sympy.polys.numberfields.minpoly
INFO: Instrumenting sympy.polys.ring_series
INFO: Instrumenting sympy.polys.puiseux
INFO: Instrumenting sympy.polys.rootoftools
INFO: Instrumenting sympy.polys.numberfields.subfield
INFO: Instrumenting sympy.polys.numberfields.utilities
INFO: Instrumenting sympy.polys.matrices
INFO: Instrumenting sympy.polys.matrices.domainmatrix
INFO: Instrumenting sympy.polys.matrices.exceptions
INFO: Instrumenting sympy.polys.matrices.domainscalar
INFO: Instrumenting sympy.polys.matrices.ddm
INFO: Instrumenting sympy.polys.matrices.dense
INFO: Instrumenting sympy.polys.matrices._typing
INFO: Instrumenting sympy.polys.matrices.lll
INFO: Instrumenting sympy.polys.matrices.sdm
INFO: Instrumenting sympy.polys.matrices.dfm
INFO: Instrumenting sympy.polys.matrices.rref
INFO: Instrumenting sympy.printing.lambdarepr
INFO: Instrumenting sympy.printing.numpy
INFO: Instrumenting sympy.polys.numberfields.basis
INFO: Instrumenting sympy.polys.numberfields.modules
INFO: Instrumenting sympy.polys.matrices.normalforms
INFO: Instrumenting sympy.polys.numberfields.exceptions
INFO: Instrumenting sympy.polys.numberfields.primes
INFO: Instrumenting sympy.polys.numberfields.galoisgroups
INFO: Instrumenting sympy.polys.numberfields.galois_resolvents
INFO: Instrumenting sympy.polys.partfrac
INFO: Instrumenting sympy.matrices
INFO: Instrumenting sympy.matrices.exceptions
INFO: Instrumenting sympy.matrices.kind
INFO: Instrumenting sympy.matrices.dense
INFO: Instrumenting sympy.matrices.decompositions
INFO: Instrumenting sympy.matrices.utilities
INFO: Instrumenting sympy.matrices.determinant
INFO: Instrumenting sympy.matrices.matrixbase
INFO: Instrumenting sympy.tensor
INFO: Instrumenting sympy.tensor.indexed
INFO: Instrumenting sympy.tensor.index_methods
INFO: Instrumenting sympy.tensor.functions
INFO: Instrumenting sympy.tensor.array
INFO: Instrumenting sympy.tensor.array.dense_ndim_array
INFO: Instrumenting sympy.tensor.array.mutable_ndim_array
INFO: Instrumenting sympy.tensor.array.ndim_array
INFO: Instrumenting sympy.tensor.array.sparse_ndim_array
INFO: Instrumenting sympy.tensor.array.arrayop
INFO: Instrumenting sympy.tensor.array.array_comprehension
INFO: Instrumenting sympy.matrices.reductions
INFO: Instrumenting sympy.matrices.solvers
INFO: Instrumenting sympy.matrices.eigen
INFO: Instrumenting sympy.polys.matrices.eigen
INFO: Instrumenting sympy.polys.agca
INFO: Instrumenting sympy.polys.agca.homomorphisms
INFO: Instrumenting sympy.polys.agca.modules
INFO: Instrumenting sympy.polys.agca.ideals
INFO: Instrumenting sympy.polys.agca.extensions
INFO: Instrumenting sympy.matrices.inverse
INFO: Instrumenting sympy.matrices.subspaces
INFO: Instrumenting sympy.matrices.graph
INFO: Instrumenting sympy.matrices.repmatrix
INFO: Instrumenting sympy.matrices.sparse
INFO: Instrumenting sympy.matrices.sparsetools
INFO: Instrumenting sympy.matrices.immutable
INFO: Instrumenting sympy.matrices.expressions
INFO: Instrumenting sympy.matrices.expressions.slice
INFO: Instrumenting sympy.matrices.expressions.matexpr
INFO: Instrumenting sympy.matrices.expressions.matmul
INFO: Instrumenting sympy.strategies
INFO: Instrumenting sympy.strategies.rl
INFO: Instrumenting sympy.strategies.util
INFO: Instrumenting sympy.strategies.traverse
INFO: Instrumenting sympy.strategies.core
INFO: Instrumenting sympy.strategies.tools
INFO: Instrumenting sympy.strategies.branch
INFO: Instrumenting sympy.strategies.branch.traverse
INFO: Instrumenting sympy.strategies.branch.core
INFO: Instrumenting sympy.strategies.branch.tools
INFO: Instrumenting sympy.matrices.expressions._shape
INFO: Instrumenting sympy.matrices.expressions.inverse
INFO: Instrumenting sympy.matrices.expressions.matpow
INFO: Instrumenting sympy.matrices.expressions.special
INFO: Instrumenting sympy.matrices.expressions.transpose
INFO: Instrumenting sympy.matrices.expressions.permutation
INFO: Instrumenting sympy.matrices.expressions.matadd
INFO: Instrumenting sympy.matrices.expressions.determinant
INFO: Instrumenting sympy.matrices.expressions.blockmatrix
INFO: Instrumenting sympy.matrices.expressions.trace
INFO: Instrumenting sympy.matrices.expressions.companion
INFO: Instrumenting sympy.matrices.expressions.funcmatrix
INFO: Instrumenting sympy.matrices.expressions.adjoint
INFO: Instrumenting sympy.matrices.expressions.hadamard
INFO: Instrumenting sympy.matrices.expressions.diagonal
INFO: Instrumenting sympy.matrices.expressions.dotproduct
INFO: Instrumenting sympy.matrices.expressions.kronecker
INFO: Instrumenting sympy.matrices.expressions.sets
INFO: Instrumenting sympy.polys.fields
INFO: Instrumenting sympy.series
INFO: Instrumenting sympy.series.order
INFO: Instrumenting sympy.series.limits
INFO: Instrumenting sympy.calculus
INFO: Instrumenting sympy.calculus.euler
INFO: Instrumenting sympy.calculus.singularities
INFO: Instrumenting sympy.calculus.finite_diff
INFO: Instrumenting sympy.calculus.util
INFO: Instrumenting sympy.calculus.accumulationbounds
INFO: Instrumenting sympy.series.gruntz
INFO: Instrumenting sympy.series.series
INFO: Instrumenting sympy.series.approximants
INFO: Instrumenting sympy.series.residues
INFO: Instrumenting sympy.series.sequences
INFO: Instrumenting sympy.series.fourier
INFO: Instrumenting sympy.series.series_class
INFO: Instrumenting sympy.series.formal
INFO: Instrumenting sympy.discrete
INFO: Instrumenting sympy.discrete.transforms
INFO: Instrumenting sympy.discrete.convolutions
INFO: Instrumenting sympy.series.limitseq
INFO: Instrumenting sympy.concrete
INFO: Instrumenting sympy.concrete.products
INFO: Instrumenting sympy.concrete.expr_with_intlimits
INFO: Instrumenting sympy.concrete.expr_with_limits
INFO: Instrumenting sympy.concrete.summations
INFO: Instrumenting sympy.concrete.gosper
INFO: Instrumenting sympy.integrals
INFO: Instrumenting sympy.integrals.integrals
INFO: Instrumenting sympy.integrals.rationaltools
INFO: Instrumenting sympy.integrals.deltafunctions
INFO: Instrumenting sympy.integrals.meijerint
INFO: Instrumenting sympy.integrals.trigonometry
INFO: Instrumenting sympy.integrals.transforms
INFO: Instrumenting sympy.integrals.laplace
INFO: Instrumenting sympy.polys.matrices.linsolve
INFO: Instrumenting sympy.polys.solvers
INFO: Instrumenting sympy.polys.domainmatrix
INFO: Instrumenting sympy.integrals.singularityfunctions
INFO: Instrumenting sympy.simplify
INFO: Instrumenting sympy.simplify.simplify
INFO: Instrumenting sympy.simplify.combsimp
INFO: Instrumenting sympy.simplify.gammasimp
INFO: Instrumenting sympy.simplify.cse_opts
INFO: Instrumenting sympy.simplify.hyperexpand
INFO: Instrumenting sympy.simplify.powsimp
INFO: Instrumenting sympy.simplify.radsimp
INFO: Instrumenting sympy.simplify.sqrtdenest
INFO: Instrumenting sympy.simplify.trigsimp
INFO: Instrumenting sympy.simplify.cse_main
INFO: Instrumenting sympy.strategies.tree
INFO: Instrumenting sympy.simplify.fu
INFO: Instrumenting sympy.simplify.epathtools
INFO: Instrumenting sympy.simplify.ratsimp
INFO: Instrumenting sympy.solvers
INFO: Instrumenting sympy.solvers.solvers
INFO: Instrumenting sympy.solvers.polysys
INFO: Instrumenting sympy.solvers.bivariate
INFO: Instrumenting sympy.solvers.diophantine
INFO: Instrumenting sympy.solvers.diophantine.diophantine
INFO: Instrumenting sympy.solvers.solveset
INFO: Instrumenting sympy.solvers.recurr
INFO: Instrumenting sympy.solvers.ode
INFO: Instrumenting sympy.solvers.ode.ode
INFO: Instrumenting sympy.solvers.deutils
INFO: Instrumenting sympy.solvers.ode.single
INFO: Instrumenting sympy.solvers.ode.riccati
INFO: Instrumenting sympy.solvers.ode.hypergeometric
INFO: Instrumenting sympy.solvers.ode.nonhomogeneous
INFO: Instrumenting sympy.solvers.ode.subscheck
INFO: Instrumenting sympy.solvers.ode.lie_group
INFO: Instrumenting sympy.solvers.pde
INFO: Instrumenting sympy.solvers.ode.systems
INFO: Instrumenting sympy.solvers.inequalities
INFO: Instrumenting sympy.solvers.decompogen
INFO: Instrumenting sympy.solvers.simplex
INFO: Instrumenting sympy.geometry
INFO: Instrumenting sympy.geometry.point
INFO: Instrumenting sympy.geometry.exceptions
INFO: Instrumenting sympy.geometry.entity
INFO: Instrumenting sympy.sets.handlers.intersection
INFO: Instrumenting sympy.sets.handlers.union
INFO: Instrumenting sympy.geometry.line
INFO: Instrumenting sympy.geometry.util
INFO: Instrumenting sympy.geometry.plane
INFO: Instrumenting sympy.geometry.ellipse
INFO: Instrumenting sympy.geometry.polygon
INFO: Instrumenting sympy.geometry.curve
INFO: Instrumenting sympy.geometry.parabola
INFO: Instrumenting sympy.parsing
INFO: Instrumenting sympy.parsing.sympy_parser
INFO: Instrumenting sympy.algebras
INFO: Instrumenting sympy.algebras.quaternion
INFO: Instrumenting sympy.plotting
INFO: Instrumenting sympy.plotting.plot
INFO: Instrumenting sympy.plotting.backends
INFO: Instrumenting sympy.plotting.backends.base_backend
INFO: Instrumenting sympy.plotting.series
INFO: Instrumenting sympy.plotting.utils
INFO: Instrumenting sympy.plotting.intervalmath
INFO: Instrumenting sympy.plotting.intervalmath.interval_arithmetic
INFO: Instrumenting sympy.plotting.intervalmath.interval_membership
INFO: Instrumenting sympy.plotting.intervalmath.lib_interval
INFO: Instrumenting sympy.plotting.backends.matplotlibbackend
INFO: Instrumenting sympy.plotting.backends.matplotlibbackend.matplotlib
INFO: Instrumenting sympy.plotting.backends.textbackend
INFO: Instrumenting sympy.plotting.backends.textbackend.text
INFO: Instrumenting sympy.plotting.textplot
INFO: Instrumenting sympy.plotting.plotgrid
INFO: Instrumenting sympy.plotting.plot_implicit
INFO: Instrumenting sympy.plotting.pygletplot
INFO: Instrumenting sympy.interactive
INFO: Instrumenting sympy.interactive.printing
INFO: Instrumenting sympy.interactive.session
INFO: Instrumenting sympy.interactive.traversal
INFO: Instrumenting torch.fx.experimental.recording
INFO: Instrumenting torch.utils._sympy
INFO: Instrumenting torch.utils._sympy.functions
INFO: Instrumenting torch.utils._sympy.numbers
INFO: Instrumenting torch.utils._sympy.printers
INFO: Instrumenting torch.utils._sympy.singleton_int
INFO: Instrumenting torch.utils._sympy.solve
INFO: Instrumenting torch.utils._sympy.symbol
INFO: Instrumenting torch.utils._sympy.value_ranges
INFO: Instrumenting torch.utils._sympy.interp
INFO: Instrumenting torch._dynamo.metrics_context
INFO: Instrumenting torch.utils._triton
INFO: Instrumenting torch._dynamo.graph_utils
INFO: Instrumenting torch._numpy
INFO: Instrumenting torch._numpy.fft
INFO: Instrumenting torch._numpy._dtypes_impl
INFO: Instrumenting torch._numpy._casting_dicts
INFO: Instrumenting torch._numpy._util
INFO: Instrumenting torch._numpy._normalizations
INFO: Instrumenting torch._numpy._dtypes
INFO: Instrumenting torch._numpy.linalg
INFO: Instrumenting torch._numpy.random
INFO: Instrumenting torch._numpy._funcs
INFO: Instrumenting torch._numpy._funcs_impl
INFO: Instrumenting torch._numpy._reductions_impl
INFO: Instrumenting torch._numpy._getlimits
INFO: Instrumenting torch._numpy._ndarray
INFO: Instrumenting torch._numpy._ufuncs
INFO: Instrumenting torch._numpy._binary_ufuncs_impl
INFO: Instrumenting torch._numpy._unary_ufuncs_impl
INFO: Instrumenting numpy.fft
INFO: Instrumenting numpy.fft._helper
INFO: Instrumenting numpy.fft._pocketfft
INFO: Instrumenting numpy.random
INFO: Instrumenting secrets
INFO: Instrumenting numpy.random._pickle
INFO: Instrumenting triton
INFO: Instrumenting triton.runtime
INFO: Instrumenting triton.runtime.autotuner
INFO: Instrumenting triton.knobs
INFO: Instrumenting sysconfig
INFO: Instrumenting _sysconfigdata__linux_x86_64-linux-gnu
INFO: Instrumenting triton.runtime.jit
INFO: Instrumenting triton.tools
INFO: Instrumenting triton.tools.tensor_descriptor
INFO: Instrumenting triton._utils
INFO: Instrumenting triton.runtime.driver
INFO: Instrumenting triton.backends
INFO: Instrumenting triton.backends.driver
INFO: Instrumenting triton.backends.compiler
INFO: Instrumenting triton.backends.amd
INFO: Instrumenting triton.backends.amd.compiler
INFO: Instrumenting triton.backends.amd.driver
INFO: Instrumenting triton.runtime._allocation
INFO: Instrumenting triton.runtime.build
INFO: Instrumenting triton.runtime.cache
INFO: Instrumenting triton.backends.nvidia
INFO: Instrumenting triton.backends.nvidia.compiler
INFO: Instrumenting triton.runtime.errors
INFO: Instrumenting triton.errors
INFO: Instrumenting triton.backends.nvidia.driver
INFO: Instrumenting triton.runtime._async_compile
INFO: Instrumenting triton.compiler
INFO: Instrumenting triton.compiler.compiler
INFO: Instrumenting triton.tools.disasm
INFO: Instrumenting triton.compiler.errors
INFO: Instrumenting triton.language
INFO: Instrumenting triton.language.math
INFO: Instrumenting triton.language.core
INFO: Instrumenting triton.language.extra
INFO: Instrumenting triton.language.extra.cuda
INFO: Instrumenting triton.language.extra.cuda.libdevice
INFO: Instrumenting triton.language.extra.cuda.utils
INFO: Instrumenting triton.language.extra.cuda.gdc
INFO: Instrumenting triton.language.extra.hip
INFO: Instrumenting triton.language.extra.hip.libdevice
INFO: Instrumenting triton.language.extra.hip.utils
INFO: Instrumenting triton.language.standard
INFO: Instrumenting triton.language.random
INFO: Instrumenting triton.language.target_info
INFO: Instrumenting triton.testing
INFO: Instrumenting statistics
INFO: Instrumenting torch.utils._functools
INFO: Instrumenting torch._dynamo.graph_break_hints
INFO: Instrumenting torch._dynamo.logging
INFO: Instrumenting torch._dynamo.trace_rules
INFO: Instrumenting torch._inductor
INFO: Instrumenting torch._inductor.standalone_compile
INFO: Instrumenting torch._inductor.cpp_builder
INFO: Instrumenting ctypes.wintypes
INFO: Instrumenting torch._inductor.config
INFO: Instrumenting torch._inductor.custom_graph_pass
INFO: Instrumenting torch._inductor.exc
INFO: Instrumenting torch._inductor.cpu_vec_isa
INFO: Instrumenting torch._inductor.utils
INFO: Instrumenting torch._inductor.analysis
INFO: Instrumenting torch._inductor.analysis.device_info
INFO: Instrumenting torch._inductor.runtime
INFO: Instrumenting torch._inductor.runtime.hints
INFO: Instrumenting torch._dynamo.device_interface
INFO: Instrumenting torch.fx.passes.graph_transform_observer
INFO: Instrumenting torch._inductor.runtime.runtime_utils
INFO: Instrumenting torch._inductor.runtime.cache_dir_utils
INFO: Instrumenting torch._inductor.cudagraph_utils
INFO: Instrumenting torch._inductor.test_operators
INFO: Instrumenting torch._dynamo.resume_execution
INFO: Instrumenting torch._dynamo.bytecode_transformation
INFO: Instrumenting torch._dynamo.bytecode_analysis
INFO: Instrumenting torch._dynamo.variables
INFO: Instrumenting torch._dynamo.variables.base
INFO: Instrumenting torch._dynamo.current_scope_id
INFO: Instrumenting torch._dynamo.guards
INFO: Instrumenting torch.utils._device
INFO: Instrumenting torch._dynamo.source
INFO: Instrumenting torch._dynamo.eval_frame
INFO: Instrumenting torch._dynamo.types
INFO: Instrumenting torch.fx.experimental._dynamism
INFO: Instrumenting torch._dynamo.external_utils
INFO: Instrumenting torch._dynamo.backends
INFO: Instrumenting torch._dynamo.backends.registry
INFO: Instrumenting torch._dynamo.code_context
INFO: Instrumenting torch._dynamo.hooks
INFO: Instrumenting torch._dynamo.mutation_guard
INFO: Instrumenting torch._dynamo.variables.builder
INFO: Instrumenting torch.nn.utils._expanded_weights
INFO: Instrumenting torch.nn.utils._expanded_weights.conv_expanded_weights
INFO: Instrumenting torch.nn.utils._expanded_weights.conv_utils
INFO: Instrumenting torch.nn.utils._expanded_weights.expanded_weights_utils
INFO: Instrumenting torch.nn.utils._expanded_weights.expanded_weights_impl
INFO: Instrumenting torch.nn.utils._expanded_weights.embedding_expanded_weights
INFO: Instrumenting torch.nn.utils._expanded_weights.group_norm_expanded_weights
INFO: Instrumenting torch.nn.utils._expanded_weights.instance_norm_expanded_weights
INFO: Instrumenting torch.nn.utils._expanded_weights.layer_norm_expanded_weights
INFO: Instrumenting torch.nn.utils._expanded_weights.linear_expanded_weights
INFO: Instrumenting torch._dynamo.replay_record
INFO: Instrumenting torch._dynamo.pgo
INFO: Instrumenting torch._dynamo.side_effects
INFO: Instrumenting torch._dynamo.variables.misc
INFO: Instrumenting torch._dynamo.create_parameter_op
INFO: Instrumenting torch._dynamo.variables.constant
INFO: Instrumenting torch._dynamo.variables.functions
INFO: Instrumenting torch._dynamo.polyfills
INFO: Instrumenting torch.distributed.fsdp
INFO: Instrumenting torch.distributed.fsdp._flat_param
INFO: Instrumenting torch.distributed.fsdp._common_utils
INFO: Instrumenting torch.distributed._composable_state
INFO: Instrumenting torch.distributed.algorithms._checkpoint
INFO: Instrumenting torch.distributed.algorithms._checkpoint.checkpoint_wrapper
INFO: Instrumenting torch.distributed.fsdp.api
INFO: Instrumenting torch.testing._internal.distributed
INFO: Instrumenting torch.testing._internal.distributed.fake_pg
INFO: Instrumenting torch.distributed.fsdp._fsdp_extensions
INFO: Instrumenting torch.distributed._shard
INFO: Instrumenting torch.distributed._shard.api
INFO: Instrumenting torch.distributed._shard.sharded_tensor
INFO: Instrumenting torch.distributed._shard.op_registry_utils
INFO: Instrumenting torch.distributed._shard.common_op_utils
INFO: Instrumenting torch.distributed._shard.sharded_tensor.api
INFO: Instrumenting torch.distributed._shard.sharding_spec
INFO: Instrumenting torch.distributed._shard.metadata
INFO: Instrumenting torch.distributed._shard.sharding_spec.api
INFO: Instrumenting torch.distributed._shard.sharded_tensor.metadata
INFO: Instrumenting torch.distributed._shard.sharding_spec._internals
INFO: Instrumenting torch.distributed._shard.sharding_spec.chunk_sharding_spec
INFO: Instrumenting torch.distributed._shard._utils
INFO: Instrumenting torch.distributed._shard.sharded_tensor.shard
INFO: Instrumenting torch.distributed._shard.sharded_tensor.utils
INFO: Instrumenting torch.distributed._shard.sharded_tensor.reshard
INFO: Instrumenting torch.distributed.nn
INFO: Instrumenting torch.distributed.nn.functional
INFO: Instrumenting torch.distributed.nn.api
INFO: Instrumenting torch.distributed.nn.api.remote_module
INFO: Instrumenting torch.distributed.nn.jit
INFO: Instrumenting torch.distributed.nn.jit.instantiator
INFO: Instrumenting torch.distributed.nn.jit.templates
INFO: Instrumenting torch.distributed.nn.jit.templates.remote_module_template
INFO: Instrumenting _remote_module_non_scriptable
INFO: Instrumenting torch.distributed._shard.sharded_tensor._ops
INFO: Instrumenting torch.distributed._shard.sharded_tensor._ops.misc_ops
INFO: Instrumenting torch.distributed._shard.sharded_tensor._ops.tensor_ops
INFO: Instrumenting torch.distributed._shard.sharded_tensor._ops._common
INFO: Instrumenting torch.distributed._shard.sharding_spec.chunk_sharding_spec_ops
INFO: Instrumenting torch.distributed._shard.sharding_spec.chunk_sharding_spec_ops.embedding
INFO: Instrumenting torch.distributed._shard.sharding_spec.chunk_sharding_spec_ops._common
INFO: Instrumenting torch.distributed._shard.sharding_spec.chunk_sharding_spec_ops.embedding_bag
INFO: Instrumenting torch.distributed._shard.sharded_tensor._ops.binary_cmp
INFO: Instrumenting torch.distributed._shard.sharded_tensor._ops.init
INFO: Instrumenting torch.distributed._shard.sharder
INFO: Instrumenting torch.distributed._shard.sharding_plan
INFO: Instrumenting torch.distributed._shard.sharding_plan.api
INFO: Instrumenting torch.distributed.fsdp._shard_utils
INFO: Instrumenting torch.distributed.fsdp._fully_shard
INFO: Instrumenting torch.distributed.fsdp._fully_shard._fsdp_api
INFO: Instrumenting torch.distributed.fsdp._fully_shard._fully_shard
INFO: Instrumenting torch.distributed._composable
INFO: Instrumenting torch.distributed._composable.checkpoint_activation
INFO: Instrumenting torch.distributed._composable.contract
INFO: Instrumenting torch.distributed._composable.replicate
INFO: Instrumenting torch.distributed.fsdp._fully_shard._fsdp_common
INFO: Instrumenting torch.distributed.fsdp._fully_shard._fsdp_init
INFO: Instrumenting torch.distributed.fsdp._fully_shard._fsdp_state
INFO: Instrumenting torch.distributed.fsdp._fully_shard._fsdp_param_group
INFO: Instrumenting torch.distributed.fsdp._fully_shard._fsdp_collectives
INFO: Instrumenting torch.distributed.fsdp._fully_shard._fsdp_param
INFO: Instrumenting torch.distributed.fsdp.fully_sharded_data_parallel
INFO: Instrumenting torch.distributed.fsdp._traversal_utils
INFO: Instrumenting torch.distributed.algorithms._comm_hooks
INFO: Instrumenting torch.distributed.algorithms._comm_hooks.default_hooks
INFO: Instrumenting torch.distributed.fsdp._dynamo_utils
INFO: Instrumenting torch.distributed.fsdp._init_utils
INFO: Instrumenting torch.distributed.fsdp._exec_order_utils
INFO: Instrumenting torch.distributed.fsdp._limiter_utils
INFO: Instrumenting torch.distributed.fsdp.wrap
INFO: Instrumenting torch.distributed.tensor.parallel
INFO: Instrumenting torch.distributed.tensor.parallel.api
INFO: Instrumenting torch.distributed.tensor.parallel.style
INFO: Instrumenting torch.distributed.tensor.parallel.loss
INFO: Instrumenting torch.distributed.tensor.parallel.fsdp
INFO: Instrumenting torch.distributed.tensor.parallel._data_parallel_utils
INFO: Instrumenting torch.distributed.fsdp._runtime_utils
INFO: Instrumenting torch.distributed.fsdp._wrap_utils
INFO: Instrumenting torch.distributed.fsdp._optim_utils
INFO: Instrumenting torch.distributed._state_dict_utils
INFO: Instrumenting torch.cuda._pin_memory_utils
INFO: Instrumenting torch.distributed.fsdp._debug_utils
INFO: Instrumenting torch.distributed.fsdp._state_dict_utils
INFO: Instrumenting torch.distributed.fsdp._unshard_param_utils
INFO: Instrumenting torch._higher_order_ops.triton_kernel_wrap
INFO: Instrumenting torch._dynamo.variables.user_defined
INFO: Instrumenting torch._dynamo.variables.dicts
INFO: Instrumenting torch._dynamo.variables.lists
INFO: Instrumenting torch._dynamo.variables.iter
INFO: Instrumenting torch.utils._cxx_pytree
INFO: Instrumenting torch._dynamo.codegen
INFO: Instrumenting torch._dynamo.variables.nn_module
INFO: Instrumenting torch._dynamo.variables.lazy
INFO: Instrumenting torch._dynamo.variables.tensor
INFO: Instrumenting torch._dynamo.compiled_autograd
INFO: Instrumenting torch._functorch._aot_autograd.runtime_wrappers
INFO: Instrumenting torch._functorch._aot_autograd.collect_metadata_analysis
INFO: Instrumenting torch._functorch._aot_autograd.functional_utils
INFO: Instrumenting torch._functorch._aot_autograd.schemas
INFO: Instrumenting torch._functorch._aot_autograd.subclass_utils
INFO: Instrumenting torch._functorch._aot_autograd.graph_capture_wrappers
INFO: Instrumenting torch._decomp.decompositions_for_rng
INFO: Instrumenting torch._functorch._aot_autograd.logging_utils
INFO: Instrumenting torch._functorch._aot_autograd.input_output_analysis
INFO: Instrumenting torch._dynamo._trace_wrapped_higher_order_op
INFO: Instrumenting torch._dynamo.variables.torch_function
INFO: Instrumenting torch._dynamo.variables.ctx_manager
INFO: Instrumenting torch._dynamo.variables.builtin
INFO: Instrumenting torch._dynamo.variables.distributed
INFO: Instrumenting torch._dynamo.variables.higher_order_ops
INFO: Instrumenting torch._dynamo.variables.optimizer
INFO: Instrumenting torch._dynamo.variables.script_object
INFO: Instrumenting torch._dynamo.variables.sdpa
INFO: Instrumenting torch._dynamo.variables.torch
INFO: Instrumenting networkx
INFO: Instrumenting tabulate
INFO: Instrumenting torch._dynamo.funcname_cache
INFO: Instrumenting torch._dynamo.output_graph
INFO: Instrumenting torch._dynamo.graph_deduplication
INFO: Instrumenting torch._dynamo.graph_region_tracker
INFO: Instrumenting torch._dynamo.decorators
INFO: Instrumenting torch._dynamo.comptime
INFO: Instrumenting torch._dynamo.cache_size
INFO: Instrumenting torch._dynamo.functional_export
INFO: Instrumenting torch._dynamo.polyfills.loader
INFO: Instrumenting torch._dynamo.polyfills._collections
INFO: Instrumenting torch.onnx
INFO: Instrumenting torch.onnx.errors
INFO: Instrumenting torch.onnx.ops
INFO: Instrumenting torch.onnx.ops._impl
INFO: Instrumenting torch.onnx.ops._dtype_mappings
INFO: Instrumenting torch.onnx.ops._symbolic_impl
INFO: Instrumenting torch.onnx._internal
INFO: Instrumenting torch.onnx._internal.exporter
INFO: Instrumenting torch.onnx._internal.exporter._onnx_program
INFO: Instrumenting torch.onnx._internal._lazy_import
INFO: Instrumenting torch.onnx._internal.exporter._dynamic_shapes
INFO: Instrumenting torch.onnx._internal.exporter._ir_passes
INFO: Instrumenting torch.onnx._internal.exporter._constants
INFO: Instrumenting torch.onnx._internal.torchscript_exporter
INFO: Instrumenting torch.onnx._internal.torchscript_exporter.symbolic_helper
INFO: Instrumenting torch.onnx._constants
INFO: Instrumenting torch.onnx._internal.torchscript_exporter._type_utils
INFO: Instrumenting torch.onnx._internal.torchscript_exporter.jit_utils
INFO: Instrumenting torch.onnx._internal.torchscript_exporter.registration
INFO: Instrumenting torch.onnx._internal.torchscript_exporter._globals
INFO: Instrumenting torch.onnx._internal.torchscript_exporter.utils
INFO: Instrumenting torch.onnx._internal.torchscript_exporter.onnx_proto_utils
INFO: Instrumenting torch.onnx._internal.torchscript_exporter.symbolic_opset10
INFO: Instrumenting torch.onnx._internal.torchscript_exporter.symbolic_opset9
INFO: Instrumenting torch.onnx.operators
INFO: Instrumenting torch._functorch.deprecated
INFO: Instrumenting torch._functorch.make_functional
INFO: Instrumenting torch._dynamo.polyfills.builtins
INFO: Instrumenting torch._dynamo.polyfills.functools
INFO: Instrumenting torch._dynamo.polyfills.itertools
INFO: Instrumenting torch._dynamo.polyfills.operator
INFO: Instrumenting torch._dynamo.polyfills.os
INFO: Instrumenting torch._dynamo.polyfills.pytree
INFO: Instrumenting torch._dynamo.polyfills.struct
INFO: Instrumenting torch._dynamo.polyfills.sys
INFO: Instrumenting torch._dynamo.polyfills.fx
INFO: Instrumenting torch._dynamo.polyfills.tensor
INFO: Instrumenting transformers.pytorch_utils
INFO: Instrumenting transformers.generation.candidate_generator
INFO: Instrumenting transformers.generation.logits_process
INFO: Instrumenting transformers.generation.configuration_utils
INFO: Instrumenting transformers.generation.continuous_batching
INFO: Instrumenting transformers.generation.continuous_batching.cache
INFO: Instrumenting transformers.utils.metrics
INFO: Instrumenting transformers.generation.continuous_batching.cache_manager
INFO: Instrumenting transformers.generation.continuous_batching.requests
INFO: Instrumenting transformers.generation.continuous_batching.continuous_api
INFO: Instrumenting transformers.generation.continuous_batching.scheduler
INFO: Instrumenting transformers.generation.stopping_criteria
INFO: Instrumenting accelerate
INFO: Instrumenting accelerate.accelerator
INFO: Instrumenting huggingface_hub.serialization
INFO: Instrumenting huggingface_hub.serialization._base
INFO: Instrumenting huggingface_hub.serialization._tensorflow
INFO: Instrumenting huggingface_hub.serialization._torch
INFO: Instrumenting accelerate.utils
INFO: Instrumenting accelerate.parallelism_config
INFO: Instrumenting accelerate.utils.dataclasses
INFO: Instrumenting accelerate.utils.constants
INFO: Instrumenting accelerate.utils.environment
INFO: Instrumenting accelerate.utils.imports
INFO: Instrumenting accelerate.utils.versions
INFO: Instrumenting accelerate.utils.ao
INFO: Instrumenting accelerate.utils.modeling
INFO: Instrumenting accelerate.state
INFO: Instrumenting accelerate.utils.memory
INFO: Instrumenting accelerate.utils.offload
INFO: Instrumenting accelerate.utils.tqdm
INFO: Instrumenting accelerate.utils.operations
INFO: Instrumenting accelerate.utils.bnb
INFO: Instrumenting accelerate.big_modeling
INFO: Instrumenting accelerate.hooks
INFO: Instrumenting accelerate.utils.other
INFO: Instrumenting accelerate.commands
INFO: Instrumenting accelerate.commands.config
INFO: Instrumenting accelerate.commands.config.config
INFO: Instrumenting accelerate.commands.config.cluster
INFO: Instrumenting accelerate.commands.config.config_args
INFO: Instrumenting accelerate.commands.config.config_utils
INFO: Instrumenting accelerate.commands.menu
INFO: Instrumenting accelerate.commands.menu.selection_menu
INFO: Instrumenting accelerate.commands.menu.cursor
INFO: Instrumenting accelerate.commands.menu.input
INFO: Instrumenting accelerate.commands.menu.keymap
INFO: Instrumenting accelerate.commands.menu.helpers
INFO: Instrumenting accelerate.commands.config.sagemaker
INFO: Instrumenting accelerate.commands.config.default
INFO: Instrumenting accelerate.commands.config.update
INFO: Instrumenting accelerate.logging
INFO: Instrumenting accelerate.utils.transformer_engine
INFO: Instrumenting accelerate.utils.fsdp_utils
INFO: Instrumenting accelerate.utils.launch
INFO: Instrumenting accelerate.utils.megatron_lm
INFO: Instrumenting accelerate.optimizer
INFO: Instrumenting accelerate.scheduler
INFO: Instrumenting accelerate.utils.random
INFO: Instrumenting accelerate.utils.torch_xla
INFO: Instrumenting accelerate.checkpointing
INFO: Instrumenting accelerate.data_loader
INFO: Instrumenting accelerate.tracking
INFO: Instrumenting accelerate.inference
INFO: Instrumenting accelerate.launchers
INFO: Instrumenting transformers.tokenization_utils_fast
INFO: Instrumenting tokenizers.trainers
INFO: Instrumenting minisgl.tokenizer.detokenize
INFO: Using built-in libfuzzer
WARNING: Failed to find function "__sanitizer_acquire_crash_state".
WARNING: Failed to find function "__sanitizer_print_stack_trace".
WARNING: Failed to find function "__sanitizer_set_death_callback".
INFO: Running with entropic power schedule (0xFF, 100).
INFO: Seed: 2226001636
INFO: -max_len is not provided; libFuzzer will not generate inputs larger than 4096 bytes
INFO: A corpus is not provided, starting from an empty corpus
#2	INITED cov: 63 ft: 63 corp: 1/1b exec/s: 0 rss: 710Mb
#3	NEW    cov: 63 ft: 75 corp: 2/3b lim: 4 exec/s: 0 rss: 710Mb L: 2/2 MS: 1 CrossOver-
#4	NEW    cov: 64 ft: 76 corp: 3/5b lim: 4 exec/s: 0 rss: 710Mb L: 2/2 MS: 1 InsertByte-
#6	NEW    cov: 68 ft: 80 corp: 4/6b lim: 4 exec/s: 0 rss: 710Mb L: 1/2 MS: 2 EraseBytes-ChangeBit-
#7	NEW    cov: 76 ft: 101 corp: 5/9b lim: 4 exec/s: 0 rss: 710Mb L: 3/3 MS: 1 InsertByte-
#9	NEW    cov: 76 ft: 103 corp: 6/10b lim: 4 exec/s: 0 rss: 710Mb L: 1/3 MS: 2 CopyPart-ChangeByte-
#10	NEW    cov: 77 ft: 104 corp: 7/12b lim: 4 exec/s: 0 rss: 710Mb L: 2/3 MS: 1 ChangeBinInt-
#13	NEW    cov: 78 ft: 105 corp: 8/15b lim: 4 exec/s: 0 rss: 710Mb L: 3/3 MS: 3 ChangeByte-CrossOver-ChangeBit-
#18	NEW    cov: 78 ft: 108 corp: 9/16b lim: 4 exec/s: 0 rss: 710Mb L: 1/3 MS: 5 ChangeByte-ShuffleBytes-CrossOver-ChangeByte-ChangeByte-
#19	NEW    cov: 79 ft: 109 corp: 10/18b lim: 4 exec/s: 0 rss: 710Mb L: 2/3 MS: 1 ChangeByte-
#23	NEW    cov: 79 ft: 112 corp: 11/20b lim: 4 exec/s: 0 rss: 710Mb L: 2/3 MS: 4 ChangeByte-ChangeBit-ChangeByte-CopyPart-
#25	NEW    cov: 80 ft: 114 corp: 12/24b lim: 4 exec/s: 0 rss: 710Mb L: 4/4 MS: 2 ChangeByte-InsertByte-
#39	NEW    cov: 81 ft: 117 corp: 13/27b lim: 4 exec/s: 0 rss: 710Mb L: 3/4 MS: 4 CMP-ShuffleBytes-ShuffleBytes-InsertByte- DE: "\377\377"-
#48	REDUCE cov: 81 ft: 117 corp: 13/26b lim: 4 exec/s: 0 rss: 710Mb L: 1/4 MS: 4 InsertByte-ShuffleBytes-EraseBytes-EraseBytes-
#51	NEW    cov: 81 ft: 118 corp: 14/29b lim: 4 exec/s: 0 rss: 710Mb L: 3/4 MS: 3 ChangeByte-InsertByte-CopyPart-
#75	REDUCE cov: 81 ft: 118 corp: 14/28b lim: 4 exec/s: 0 rss: 710Mb L: 2/4 MS: 4 CopyPart-CMP-ChangeBit-EraseBytes- DE: "\001\000"-
#114	REDUCE cov: 81 ft: 118 corp: 14/27b lim: 4 exec/s: 0 rss: 710Mb L: 2/4 MS: 4 InsertByte-ChangeBit-CopyPart-EraseBytes-
#115	REDUCE cov: 81 ft: 118 corp: 14/26b lim: 4 exec/s: 0 rss: 710Mb L: 1/4 MS: 1 CrossOver-
#321	NEW    cov: 81 ft: 129 corp: 15/32b lim: 6 exec/s: 0 rss: 710Mb L: 6/6 MS: 1 InsertRepeatedBytes-
#378	NEW    cov: 81 ft: 132 corp: 16/37b lim: 6 exec/s: 0 rss: 710Mb L: 5/6 MS: 2 CopyPart-InsertRepeatedBytes-
#405	REDUCE cov: 81 ft: 132 corp: 16/36b lim: 6 exec/s: 0 rss: 710Mb L: 1/6 MS: 2 ChangeBinInt-EraseBytes-
#615	NEW    cov: 81 ft: 136 corp: 17/44b lim: 8 exec/s: 0 rss: 710Mb L: 8/8 MS: 5 ChangeBinInt-CopyPart-InsertByte-PersAutoDict-InsertRepeatedBytes- DE: "\001\000"-
#881	NEW    cov: 83 ft: 138 corp: 18/50b lim: 8 exec/s: 0 rss: 710Mb L: 6/8 MS: 1 CMP- DE: "Tensor"-
#1536	NEW    cov: 83 ft: 147 corp: 19/64b lim: 14 exec/s: 0 rss: 710Mb L: 14/14 MS: 5 PersAutoDict-ChangeBit-PersAutoDict-CrossOver-InsertRepeatedBytes- DE: "\377\377"-"\001\000"-
#1635	NEW    cov: 83 ft: 150 corp: 20/78b lim: 14 exec/s: 0 rss: 710Mb L: 14/14 MS: 4 ShuffleBytes-InsertByte-InsertRepeatedBytes-InsertRepeatedBytes-
#1944	REDUCE cov: 83 ft: 151 corp: 21/93b lim: 17 exec/s: 0 rss: 710Mb L: 15/15 MS: 4 ShuffleBytes-InsertRepeatedBytes-CopyPart-CopyPart-
#2051	NEW    cov: 83 ft: 152 corp: 22/109b lim: 17 exec/s: 0 rss: 710Mb L: 16/16 MS: 2 ShuffleBytes-InsertRepeatedBytes-
#2065	NEW    cov: 84 ft: 153 corp: 23/116b lim: 17 exec/s: 0 rss: 710Mb L: 7/16 MS: 4 EraseBytes-CrossOver-InsertRepeatedBytes-InsertRepeatedBytes-
#2137	REDUCE cov: 84 ft: 153 corp: 23/115b lim: 17 exec/s: 0 rss: 710Mb L: 13/16 MS: 2 ChangeBit-EraseBytes-
#3208	REDUCE cov: 84 ft: 153 corp: 23/113b lim: 25 exec/s: 0 rss: 711Mb L: 5/16 MS: 1 EraseBytes-
#3235	REDUCE cov: 84 ft: 153 corp: 23/112b lim: 25 exec/s: 0 rss: 711Mb L: 4/16 MS: 2 ChangeBinInt-EraseBytes-
#3698	NEW    cov: 84 ft: 162 corp: 24/141b lim: 29 exec/s: 0 rss: 711Mb L: 29/29 MS: 3 CrossOver-InsertRepeatedBytes-InsertRepeatedBytes-
#4155	NEW    cov: 84 ft: 163 corp: 25/172b lim: 33 exec/s: 0 rss: 711Mb L: 31/31 MS: 2 InsertRepeatedBytes-InsertByte-
#4177	NEW    cov: 84 ft: 166 corp: 26/201b lim: 33 exec/s: 0 rss: 711Mb L: 29/31 MS: 2 InsertRepeatedBytes-CopyPart-
#4183	NEW    cov: 84 ft: 167 corp: 27/233b lim: 33 exec/s: 0 rss: 711Mb L: 32/32 MS: 1 InsertByte-
#4609	REDUCE cov: 84 ft: 167 corp: 27/231b lim: 33 exec/s: 4609 rss: 711Mb L: 2/32 MS: 1 EraseBytes-
#6865	REDUCE cov: 84 ft: 167 corp: 27/230b lim: 53 exec/s: 6865 rss: 711Mb L: 1/32 MS: 1 EraseBytes-
#8730	NEW    cov: 84 ft: 172 corp: 28/297b lim: 68 exec/s: 4365 rss: 711Mb L: 67/67 MS: 5 PersAutoDict-CrossOver-InsertRepeatedBytes-InsertByte-InsertRepeatedBytes- DE: "Tensor"-
#8874	REDUCE cov: 84 ft: 172 corp: 28/279b lim: 68 exec/s: 4437 rss: 711Mb L: 49/49 MS: 4 InsertByte-ChangeBit-CopyPart-EraseBytes-
#9710	REDUCE cov: 84 ft: 172 corp: 28/278b lim: 74 exec/s: 4855 rss: 711Mb L: 48/48 MS: 1 EraseBytes-
#9791	REDUCE cov: 84 ft: 172 corp: 28/266b lim: 74 exec/s: 4895 rss: 711Mb L: 36/36 MS: 1 EraseBytes-
#10227	REDUCE cov: 84 ft: 177 corp: 29/318b lim: 74 exec/s: 5113 rss: 711Mb L: 52/52 MS: 1 CopyPart-
#10337	REDUCE cov: 84 ft: 177 corp: 29/306b lim: 74 exec/s: 5168 rss: 711Mb L: 24/52 MS: 5 CrossOver-ShuffleBytes-ShuffleBytes-ShuffleBytes-EraseBytes-
#10413	NEW    cov: 84 ft: 182 corp: 30/367b lim: 74 exec/s: 5206 rss: 711Mb L: 61/61 MS: 1 CopyPart-
#11045	NEW    cov: 85 ft: 184 corp: 31/373b lim: 80 exec/s: 5522 rss: 711Mb L: 6/61 MS: 2 CopyPart-CrossOver-
#11081	NEW    cov: 86 ft: 185 corp: 32/378b lim: 80 exec/s: 5540 rss: 711Mb L: 5/61 MS: 1 EraseBytes-
#11110	REDUCE cov: 86 ft: 185 corp: 32/366b lim: 80 exec/s: 5555 rss: 711Mb L: 40/61 MS: 4 EraseBytes-EraseBytes-ChangeBit-CopyPart-
#11331	REDUCE cov: 86 ft: 185 corp: 32/365b lim: 80 exec/s: 5665 rss: 711Mb L: 5/61 MS: 1 EraseBytes-
#11426	REDUCE cov: 86 ft: 185 corp: 32/354b lim: 80 exec/s: 5713 rss: 711Mb L: 29/61 MS: 5 InsertByte-EraseBytes-ChangeASCIIInt-ChangeBit-CopyPart-
#12098	REDUCE cov: 86 ft: 185 corp: 32/353b lim: 86 exec/s: 4032 rss: 711Mb L: 4/61 MS: 2 ChangeByte-EraseBytes-
#12134	REDUCE cov: 86 ft: 193 corp: 33/356b lim: 86 exec/s: 4044 rss: 711Mb L: 3/61 MS: 1 EraseBytes-
#12266	REDUCE cov: 86 ft: 193 corp: 33/353b lim: 86 exec/s: 4088 rss: 711Mb L: 21/61 MS: 2 CopyPart-EraseBytes-
#12327	REDUCE cov: 86 ft: 193 corp: 33/341b lim: 86 exec/s: 4109 rss: 711Mb L: 49/49 MS: 1 EraseBytes-
#12363	REDUCE cov: 86 ft: 193 corp: 33/340b lim: 86 exec/s: 4121 rss: 711Mb L: 13/49 MS: 1 EraseBytes-
#13331	REDUCE cov: 86 ft: 193 corp: 33/337b lim: 92 exec/s: 4443 rss: 711Mb L: 18/49 MS: 3 CMP-PersAutoDict-EraseBytes- DE: "\377\372\000\000\000\000\000\000"-"\001\000"-
#13408	REDUCE cov: 86 ft: 193 corp: 33/330b lim: 92 exec/s: 4469 rss: 711Mb L: 11/49 MS: 2 ShuffleBytes-EraseBytes-
#13534	NEW    cov: 86 ft: 194 corp: 34/333b lim: 92 exec/s: 4511 rss: 711Mb L: 3/49 MS: 1 ChangeBit-
#14840	REDUCE cov: 86 ft: 194 corp: 34/325b lim: 104 exec/s: 4946 rss: 711Mb L: 21/49 MS: 1 EraseBytes-
#15541	REDUCE cov: 86 ft: 194 corp: 34/316b lim: 110 exec/s: 3885 rss: 711Mb L: 40/40 MS: 1 EraseBytes-
#16249	REDUCE cov: 86 ft: 199 corp: 35/397b lim: 116 exec/s: 4062 rss: 711Mb L: 81/81 MS: 3 CopyPart-InsertRepeatedBytes-CopyPart-
#16279	REDUCE cov: 86 ft: 199 corp: 35/386b lim: 116 exec/s: 4069 rss: 711Mb L: 70/70 MS: 5 ShuffleBytes-ChangeByte-ChangeBinInt-PersAutoDict-EraseBytes- DE: "\001\000"-
#16384	pulse  cov: 86 ft: 199 corp: 35/386b lim: 116 exec/s: 4096 rss: 711Mb
#16865	REDUCE cov: 86 ft: 199 corp: 35/385b lim: 116 exec/s: 4216 rss: 711Mb L: 69/69 MS: 1 EraseBytes-
#17996	REDUCE cov: 86 ft: 199 corp: 35/384b lim: 122 exec/s: 4499 rss: 711Mb L: 3/69 MS: 1 EraseBytes-
#18082	REDUCE cov: 86 ft: 199 corp: 35/383b lim: 122 exec/s: 4520 rss: 711Mb L: 68/68 MS: 1 EraseBytes-
#18553	REDUCE cov: 86 ft: 199 corp: 35/381b lim: 122 exec/s: 4638 rss: 711Mb L: 38/68 MS: 1 EraseBytes-
#18780	REDUCE cov: 86 ft: 199 corp: 35/379b lim: 122 exec/s: 3756 rss: 711Mb L: 19/68 MS: 2 ShuffleBytes-EraseBytes-
#19807	REDUCE cov: 86 ft: 199 corp: 35/373b lim: 128 exec/s: 3961 rss: 711Mb L: 13/68 MS: 2 InsertByte-EraseBytes-
#19848	REDUCE cov: 86 ft: 199 corp: 35/368b lim: 128 exec/s: 3969 rss: 711Mb L: 8/68 MS: 1 EraseBytes-
#19919	REDUCE cov: 86 ft: 200 corp: 36/374b lim: 128 exec/s: 3983 rss: 711Mb L: 6/68 MS: 1 CrossOver-
#19943	REDUCE cov: 86 ft: 200 corp: 36/373b lim: 128 exec/s: 3988 rss: 711Mb L: 67/67 MS: 4 PersAutoDict-ChangeBit-ChangeBinInt-EraseBytes- DE: "\001\000"-
#20569	REDUCE cov: 86 ft: 200 corp: 36/372b lim: 128 exec/s: 4113 rss: 711Mb L: 10/67 MS: 1 EraseBytes-
#21191	REDUCE cov: 86 ft: 200 corp: 36/369b lim: 128 exec/s: 4238 rss: 711Mb L: 64/64 MS: 2 PersAutoDict-EraseBytes- DE: "\377\377"-
#21372	REDUCE cov: 86 ft: 200 corp: 36/368b lim: 128 exec/s: 4274 rss: 711Mb L: 37/64 MS: 1 EraseBytes-
#22044	REDUCE cov: 86 ft: 200 corp: 36/366b lim: 128 exec/s: 3674 rss: 711Mb L: 62/62 MS: 2 ChangeBinInt-EraseBytes-
#23811	REDUCE cov: 86 ft: 200 corp: 36/362b lim: 142 exec/s: 3968 rss: 711Mb L: 58/58 MS: 2 EraseBytes-CopyPart-
#25118	REDUCE cov: 86 ft: 200 corp: 36/361b lim: 149 exec/s: 4186 rss: 711Mb L: 9/58 MS: 2 InsertByte-EraseBytes-
#25741	REDUCE cov: 86 ft: 200 corp: 36/359b lim: 149 exec/s: 3677 rss: 711Mb L: 7/58 MS: 3 PersAutoDict-CopyPart-EraseBytes- DE: "\377\377"-
#25798	REDUCE cov: 86 ft: 200 corp: 36/354b lim: 149 exec/s: 3685 rss: 711Mb L: 32/58 MS: 2 ShuffleBytes-EraseBytes-
#28184	REDUCE cov: 86 ft: 200 corp: 36/352b lim: 170 exec/s: 4026 rss: 711Mb L: 5/58 MS: 1 EraseBytes-
#30075	REDUCE cov: 86 ft: 200 corp: 36/351b lim: 184 exec/s: 3759 rss: 711Mb L: 7/58 MS: 1 EraseBytes-
#30262	REDUCE cov: 86 ft: 200 corp: 36/349b lim: 184 exec/s: 3782 rss: 711Mb L: 5/58 MS: 2 ChangeBit-EraseBytes-
#31354	REDUCE cov: 86 ft: 200 corp: 36/348b lim: 191 exec/s: 3919 rss: 711Mb L: 31/58 MS: 2 ShuffleBytes-EraseBytes-
#32768	pulse  cov: 86 ft: 200 corp: 36/348b lim: 205 exec/s: 3640 rss: 711Mb
#33000	REDUCE cov: 86 ft: 200 corp: 36/347b lim: 205 exec/s: 3666 rss: 711Mb L: 57/57 MS: 1 EraseBytes-
#34111	REDUCE cov: 86 ft: 200 corp: 36/344b lim: 212 exec/s: 3790 rss: 711Mb L: 54/54 MS: 1 EraseBytes-
#35091	REDUCE cov: 86 ft: 200 corp: 36/336b lim: 219 exec/s: 3899 rss: 711Mb L: 23/54 MS: 5 CrossOver-ShuffleBytes-InsertByte-ShuffleBytes-EraseBytes-
#35127	REDUCE cov: 86 ft: 200 corp: 36/328b lim: 219 exec/s: 3903 rss: 711Mb L: 15/54 MS: 1 EraseBytes-
#36524	REDUCE cov: 86 ft: 200 corp: 36/327b lim: 226 exec/s: 3652 rss: 711Mb L: 4/54 MS: 2 ShuffleBytes-EraseBytes-
#39406	REDUCE cov: 86 ft: 200 corp: 36/321b lim: 254 exec/s: 3940 rss: 711Mb L: 48/48 MS: 2 ShuffleBytes-EraseBytes-
#39991	DONE   cov: 86 ft: 200 corp: 36/321b lim: 254 exec/s: 3635 rss: 711Mb
###### Recommended dictionary. ######
"\377\377" # Uses: 1046
"\001\000" # Uses: 1005
"Tensor" # Uses: 846
"\377\372\000\000\000\000\000\000" # Uses: 468
###### End of recommended dictionary. ######
Done 39991 runs in 11 second(s)
