time,ego_speed,acceleration_cmd,mode,distance_error,distance,ttc
0.0,0.0,3.0,cruise,,,
0.1,0.30000000000000004,3.0,cruise,,,
0.2,0.6000000000000001,3.0,cruise,,,
0.3,0.9000000000000001,3.0,cruise,,,
0.4,1.2000000000000002,3.0,cruise,,,
0.5,1.5000000000000002,3.0,cruise,,,
0.6,1.8000000000000003,3.0,cruise,,,
0.7,2.1000000000000005,3.0,cruise,,,
0.8,2.4000000000000004,3.0,cruise,,,
0.9,2.7,3.0,cruise,,,
1.0,3.0,3.0,cruise,,,
1.1,3.3,3.0,cruise,,,
1.2,3.5999999999999996,3.0,cruise,,,
1.3,3.8999999999999995,3.0,cruise,,,
1.4,4.199999999999999,3.0,cruise,,,
1.5,4.499999999999999,3.0,cruise,,,
1.6,4.799999999999999,3.0,cruise,,,
1.7,5.099999999999999,3.0,cruise,,,
1.8,5.399999999999999,3.0,cruise,,,
1.9,5.699999999999998,3.0,cruise,,,
2.0,5.999999999999998,3.0,cruise,,,
2.1,6.299999999999998,3.0,cruise,,,
2.2,6.599999999999998,3.0,cruise,,,
2.3,6.899999999999998,3.0,cruise,,,
2.4,7.1999999999999975,3.0,cruise,,,
2.5,7.499999999999997,3.0,cruise,,,
2.6,7.799999999999997,3.0,cruise,,,
2.7,8.099999999999998,3.0,cruise,,,
2.8,8.399999999999999,3.0,cruise,,,
2.9,8.7,3.0,cruise,,,
3.0,9.0,3.0,cruise,,,
3.1,9.3,3.0,cruise,,,
3.2,9.600000000000001,3.0,cruise,,,
3.3,9.900000000000002,3.0,cruise,,,
3.4,10.200000000000003,3.0,cruise,,,
3.5,10.500000000000004,3.0,cruise,,,
3.6,10.800000000000004,3.0,cruise,,,
3.7,11.100000000000005,3.0,cruise,,,
3.8,11.400000000000006,3.0,cruise,,,
3.9,11.700000000000006,3.0,cruise,,,
4.0,12.000000000000007,3.0,cruise,,,
4.1,12.300000000000008,3.0,cruise,,,
4.2,12.600000000000009,3.0,cruise,,,
4.3,12.90000000000001,3.0,cruise,,,
4.4,13.20000000000001,3.0,cruise,,,
4.5,13.50000000000001,3.0,cruise,,,
4.6,13.800000000000011,3.0,cruise,,,
4.7,14.100000000000012,3.0,cruise,,,
4.8,14.400000000000013,3.0,cruise,,,
4.9,14.700000000000014,3.0,cruise,,,
5.0,15.000000000000014,3.0,cruise,,,
5.1,15.300000000000015,3.0,cruise,,,
5.2,15.600000000000016,3.0,cruise,,,
5.3,15.900000000000016,3.0,cruise,,,
5.4,16.200000000000017,3.0,cruise,,,
5.5,16.500000000000018,3.0,cruise,,,
5.6,16.80000000000002,3.0,cruise,,,
5.7,17.10000000000002,3.0,cruise,,,
5.8,17.40000000000002,3.0,cruise,,,
5.9,17.70000000000002,3.0,cruise,,,
6.0,18.00000000000002,3.0,cruise,,,
6.1,18.300000000000022,3.0,cruise,,,
6.2,18.600000000000023,3.0,cruise,,,
6.3,18.900000000000023,3.0,cruise,,,
6.4,19.200000000000024,3.0,cruise,,,
6.5,19.500000000000025,3.0,cruise,,,
6.6,19.800000000000026,3.0,cruise,,,
6.7,20.100000000000026,3.0,cruise,,,
6.8,20.400000000000027,3.0,cruise,,,
6.9,20.700000000000028,3.0,cruise,,,
7.0,21.00000000000003,3.0,cruise,,,
7.1,21.30000000000003,3.0,cruise,,,
7.2,21.60000000000003,3.0,cruise,,,
7.3,21.90000000000003,3.0,cruise,,,
7.4,22.20000000000003,3.0,cruise,,,
7.5,22.500000000000032,3.0,cruise,,,
7.6,22.800000000000033,3.0,cruise,,,
7.7,23.100000000000033,3.0,cruise,,,
7.8,23.400000000000034,3.0,cruise,,,
7.9,23.700000000000035,3.0,cruise,,,
8.0,24.000000000000036,3.0,cruise,,,
8.1,24.300000000000036,3.0,cruise,,,
8.2,24.600000000000037,3.0,cruise,,,
8.3,24.900000000000038,3.0,cruise,,,
8.4,25.20000000000004,3.0,cruise,,,
8.5,25.50000000000004,3.0,cruise,,,
8.6,25.80000000000004,3.0,cruise,,,
8.7,26.10000000000004,3.0,cruise,,,
8.8,26.40000000000004,3.0,cruise,,,
8.9,26.700000000000042,3.0,cruise,,,
9.0,27.000000000000043,3.0,cruise,,,
9.1,27.300000000000043,3.0,cruise,,,
9.2,27.600000000000044,3.0,cruise,,,
9.3,27.900000000000045,3.0,cruise,,,
9.4,28.200000000000045,3.0,cruise,,,
9.5,28.500000000000046,2.9999999999999076,cruise,,,
9.6,28.800000000000036,2.3999999999999275,cruise,,,
9.7,29.040000000000028,1.9199999999999449,cruise,,,
9.8,29.23200000000002,1.5359999999999587,cruise,,,
9.9,29.385600000000018,1.2287999999999641,cruise,,,
10.0,29.508480000000013,0.9830399999999742,cruise,,,
10.1,29.60678400000001,0.7864319999999765,cruise,,,
10.2,29.68542720000001,0.6291455999999798,cruise,,,
10.3,29.74834176000001,0.503316479999981,cruise,,,
10.4,29.798673408000006,0.4026531839999876,cruise,,,
10.5,29.838938726400006,0.3221225471999887,cruise,,,
10.6,29.871150981120003,0.2576980377599938,cruise,,,
10.7,29.896920784896004,0.20615843020799218,cruise,,,
10.8,29.917536627916803,0.16492674416639375,cruise,,,
10.9,29.934029302333443,0.131941395333115,cruise,,,
11.0,29.947223441866754,0.105553116266492,cruise,,,
11.1,29.957778753493404,0.08444249301319218,cruise,,,
11.2,29.966223002794724,0.06755399441055232,cruise,,,
11.3,29.97297840223578,0.05404319552844328,cruise,,,
11.4,29.978382721788623,0.0432345564227532,cruise,,,
11.5,29.9827061774309,0.03458764513820256,cruise,,,
11.6,29.98616494194472,0.02767011611056347,cruise,,,
11.7,29.988931953555774,0.022136092888452197,cruise,,,
11.8,29.99114556284462,0.01770887431076318,cruise,,,
11.9,29.992916450275693,0.014167099448613385,cruise,,,
12.0,29.994333160220556,0.011333679558887866,cruise,,,
12.1,29.995466528176443,0.009066943647113135,cruise,,,
12.2,29.996373222541155,0.007253554917689087,cruise,,,
12.3,29.997098578032926,0.005802843934148427,cruise,,,
12.4,29.99767886242634,0.004642275147318742,cruise,,,
12.5,29.998143089941074,0.0037138201178521513,cruise,,,
12.6,29.99851447195286,0.002971056094281721,cruise,,,
12.7,29.998811577562286,0.002376844875428219,cruise,,,
12.8,29.99904926204983,0.001901475900339733,cruise,,,
12.9,29.999239409639863,0.0015211807202746286,cruise,,,
13.0,29.99939152771189,0.001216944576221124,cruise,,,
13.1,29.99951322216951,0.0009735556609768992,cruise,,,
13.2,29.99961057773561,0.0007788445287815193,cruise,,,
13.3,29.999688462188487,0.0006230756230252155,cruise,,,
13.4,29.99975076975079,0.0004984604984201724,cruise,,,
13.5,29.99980061580063,0.00039876839873898007,cruise,,,
13.6,29.999840492640505,0.00031901471898976297,cruise,,,
13.7,29.999872394112405,0.0002552117751903893,cruise,,,
13.8,29.999897915289925,0.00020416942015089035,cruise,,,
13.9,29.99991833223194,0.00016333553612213336,cruise,,,
14.0,29.999934665785553,0.00013066842889486452,cruise,,,
14.1,29.999947732628442,0.00010453474311589162,cruise,,,
14.2,29.999958186102752,8.362779449555546e-05,cruise,,,
14.3,29.999966548882202,6.690223559502328e-05,cruise,,,
14.4,29.999973239105763,5.352178847317646e-05,cruise,,,
14.5,29.99997859128461,4.2817430781383337e-05,cruise,,,
14.6,29.999982873027687,3.4253944626527755e-05,cruise,,,
14.7,29.99998629842215,2.7403155698380033e-05,cruise,,,
14.8,29.99998903873772,2.1922524560125112e-05,cruise,,,
14.9,29.999991230990176,1.753801964810009e-05,cruise,,,
15.0,29.99999298479214,1.4030415719901157e-05,cruise,,,
15.1,29.999994387833713,1.122433257449984e-05,cruise,,,
15.2,29.99999551026697,8.979466059599872e-06,cruise,,,
15.3,29.999996408213576,7.183572847679898e-06,cruise,,,
15.4,29.99999712657086,5.746858278143918e-06,cruise,,,
15.5,29.99999770125669,4.5974866225151345e-06,cruise,,,
15.6,29.99999816100535,3.6779892980121076e-06,cruise,,,
15.7,29.99999852880428,2.9423914398307716e-06,cruise,,,
15.8,29.999998823043423,2.3539131532857027e-06,cruise,,,
15.9,29.99999905843474,1.8831305226285622e-06,cruise,,,
16.0,29.99999924674779,1.5065044181028497e-06,cruise,,,
16.1,29.999999397398234,1.2052035316401088e-06,cruise,,,
16.2,29.99999951791859,9.641628224699161e-07,cruise,,,
16.3,29.99999961433487,7.713302565548474e-07,cruise,,,
16.4,29.9999996914679,6.17064202401707e-07,cruise,,,
16.5,29.99999975317432,4.936513633424511e-07,cruise,,,
16.6,29.999999802539456,3.949210878317899e-07,cruise,,,
16.7,29.999999842031563,3.159368731076029e-07,cruise,,,
16.8,29.99999987362525,2.5274950132825325e-07,cruise,,,
16.9,29.9999998989002,2.021996010626026e-07,cruise,,,
17.0,29.99999991912016,1.617596794289966e-07,cruise,,,
17.1,29.999999935296128,1.2940774496428276e-07,cruise,,,
17.2,29.9999999482369,1.0352619739251168e-07,cruise,,,
17.3,29.99999995858952,8.282096075618028e-08,cruise,,,
17.4,29.999999966871616,6.625676718385876e-08,cruise,,,
17.5,29.999999973497292,5.3005415168172476e-08,cruise,,,
17.6,29.999999978797835,4.240433071345251e-08,cruise,,,
17.7,29.99999998303827,3.3923463149676536e-08,cruise,,,
17.8,29.999999986430616,2.7138767677570286e-08,cruise,,,
17.9,29.99999998914449,2.171101698422717e-08,cruise,,,
18.0,29.999999991315594,1.7368812166296266e-08,cruise,,,
18.1,29.999999993052477,1.389504689086607e-08,cruise,,,
18.2,29.999999994441982,1.1116036091607384e-08,cruise,,,
18.3,29.999999995553587,8.892826031114964e-09,cruise,,,
18.4,29.99999999644287,7.1142594038065e-09,cruise,,,
18.5,29.999999997154298,5.691404680874257e-09,cruise,,,
18.6,29.99999999772344,4.553122323613934e-09,cruise,,,
18.7,29.99999999817875,3.642497858891147e-09,cruise,,,
18.8,29.999999998543,2.9139997081983893e-09,cruise,,,
18.9,29.9999999988344,2.33119834547324e-09,cruise,,,
19.0,29.99999999906752,1.864961518549535e-09,cruise,,,
19.1,29.999999999254015,1.491969214839628e-09,cruise,,,
19.2,29.99999999940321,1.1935767929571739e-09,cruise,,,
19.3,29.99999999952257,9.548628554512106e-10,cruise,,,
19.4,29.999999999618055,7.638902843609685e-10,cruise,,,
19.5,29.999999999694445,6.111093853178318e-10,cruise,,,
19.6,29.999999999755556,4.888889293397369e-10,cruise,,,
19.7,29.999999999804444,3.9111114347178955e-10,cruise,,,
19.8,29.999999999843556,3.128874936919601e-10,cruise,,,
19.9,29.999999999874845,2.503099949535681e-10,cruise,,,
20.0,29.999999999899877,2.0024515379191143e-10,cruise,,,
20.1,29.9999999999199,1.601989652044722e-10,cruise,,,
20.2,29.99999999993592,1.2816059324904927e-10,cruise,,,
20.3,29.999999999948734,1.0253131677018246e-10,cruise,,,
20.4,29.999999999958987,8.202505341614597e-11,cruise,,,
20.5,29.99999999996719,6.561862164744525e-11,cruise,,,
20.6,29.999999999973753,5.24948973179562e-11,cruise,,,
20.7,29.999999999979003,4.199307568342192e-11,cruise,,,
20.8,29.999999999983203,3.359446054673754e-11,cruise,,,
20.9,29.999999999986564,2.687272626644699e-11,cruise,,,
21.0,29.99999999998925,2.1501023184100632e-11,cruise,,,
21.1,29.9999999999914,1.7202239632752025e-11,cruise,,,
21.2,29.99999999999312,1.376321279167314e-11,cruise,,,
21.3,29.999999999994493,1.1013412404281553e-11,cruise,,,
21.4,29.999999999995595,8.810729923425242e-12,cruise,,,
21.5,29.999999999996476,7.048583938740194e-12,cruise,,,
21.6,29.99999999999718,5.6417093219351955e-12,cruise,,,
21.7,29.999999999997744,4.511946372076636e-12,cruise,,,
21.8,29.999999999998195,3.609557097661309e-12,cruise,,,
21.9,29.999999999998558,2.8848035071860068e-12,cruise,,,
22.0,29.999999999998845,2.3092638912203256e-12,cruise,,,
22.1,29.999999999999076,1.8474111129762605e-12,cruise,,,
22.2,29.99999999999926,1.4779288903810084e-12,cruise,,,
22.3,29.99999999999941,1.1795009413617663e-12,cruise,,,
22.4,29.999999999999527,9.450218385609332e-13,cruise,,,
22.5,29.999999999999623,7.531752999057062e-13,cruise,,,
22.6,29.999999999999698,6.039613253960852e-13,cruise,,,
22.7,29.99999999999976,4.831690603168681e-13,cruise,,,
22.8,29.999999999999808,3.836930773104541e-13,cruise,,,
22.9,29.999999999999847,3.055333763768431e-13,cruise,,,
23.0,29.99999999999988,2.4158453015843406e-13,cruise,,,
23.1,29.999999999999904,1.9184653865522705e-13,cruise,,,
23.2,29.999999999999922,1.5631940186722204e-13,cruise,,,
23.3,29.999999999999936,1.2789769243681803e-13,cruise,,,
23.4,29.99999999999995,9.947598300641403e-14,cruise,,,
23.5,29.99999999999996,7.815970093361102e-14,cruise,,,
23.6,29.999999999999968,6.394884621840902e-14,cruise,,,
23.7,29.999999999999975,4.973799150320701e-14,cruise,,,
23.8,29.99999999999998,4.263256414560601e-14,cruise,,,
23.9,29.999999999999982,3.552713678800501e-14,cruise,,,
24.0,29.999999999999986,2.842170943040401e-14,cruise,,,
24.1,29.99999999999999,2.1316282072803006e-14,cruise,,,
24.2,29.999999999999993,1.4210854715202004e-14,cruise,,,
24.3,29.999999999999993,1.4210854715202004e-14,cruise,,,
24.4,29.999999999999993,1.4210854715202004e-14,cruise,,,
24.5,29.999999999999993,1.4210854715202004e-14,cruise,,,
24.6,29.999999999999993,1.4210854715202004e-14,cruise,,,
24.7,29.999999999999993,1.4210854715202004e-14,cruise,,,
24.8,29.999999999999993,1.4210854715202004e-14,cruise,,,
24.9,29.999999999999993,1.4210854715202004e-14,cruise,,,
25.0,29.999999999999993,1.4210854715202004e-14,cruise,,,
25.1,29.999999999999993,1.4210854715202004e-14,cruise,,,
25.2,29.999999999999993,1.4210854715202004e-14,cruise,,,
25.3,29.999999999999993,1.4210854715202004e-14,cruise,,,
25.4,29.999999999999993,1.4210854715202004e-14,cruise,,,
25.5,29.999999999999993,1.4210854715202004e-14,cruise,,,
25.6,29.999999999999993,1.4210854715202004e-14,cruise,,,
25.7,29.999999999999993,1.4210854715202004e-14,cruise,,,
25.8,29.999999999999993,1.4210854715202004e-14,cruise,,,
25.9,29.999999999999993,1.4210854715202004e-14,cruise,,,
26.0,29.999999999999993,1.4210854715202004e-14,cruise,,,
26.1,29.999999999999993,1.4210854715202004e-14,cruise,,,
26.2,29.999999999999993,1.4210854715202004e-14,cruise,,,
26.3,29.999999999999993,1.4210854715202004e-14,cruise,,,
26.4,29.999999999999993,1.4210854715202004e-14,cruise,,,
26.5,29.999999999999993,1.4210854715202004e-14,cruise,,,
26.6,29.999999999999993,1.4210854715202004e-14,cruise,,,
26.7,29.999999999999993,1.4210854715202004e-14,cruise,,,
26.8,29.999999999999993,1.4210854715202004e-14,cruise,,,
26.9,29.999999999999993,1.4210854715202004e-14,cruise,,,
27.0,29.999999999999993,1.4210854715202004e-14,cruise,,,
27.1,29.999999999999993,1.4210854715202004e-14,cruise,,,
27.2,29.999999999999993,1.4210854715202004e-14,cruise,,,
27.3,29.999999999999993,1.4210854715202004e-14,cruise,,,
27.4,29.999999999999993,1.4210854715202004e-14,cruise,,,
27.5,29.999999999999993,1.4210854715202004e-14,cruise,,,
27.6,29.999999999999993,1.4210854715202004e-14,cruise,,,
27.7,29.999999999999993,1.4210854715202004e-14,cruise,,,
27.8,29.999999999999993,1.4210854715202004e-14,cruise,,,
27.9,29.999999999999993,1.4210854715202004e-14,cruise,,,
28.0,29.999999999999993,1.4210854715202004e-14,cruise,,,
28.1,29.999999999999993,1.4210854715202004e-14,cruise,,,
28.2,29.999999999999993,1.4210854715202004e-14,cruise,,,
28.3,29.999999999999993,1.4210854715202004e-14,cruise,,,
28.4,29.999999999999993,1.4210854715202004e-14,cruise,,,
28.5,29.999999999999993,1.4210854715202004e-14,cruise,,,
28.6,29.999999999999993,1.4210854715202004e-14,cruise,,,
28.7,29.999999999999993,1.4210854715202004e-14,cruise,,,
28.8,29.999999999999993,1.4210854715202004e-14,cruise,,,
28.9,29.999999999999993,1.4210854715202004e-14,cruise,,,
29.0,29.999999999999993,1.4210854715202004e-14,cruise,,,
29.1,29.999999999999993,1.4210854715202004e-14,cruise,,,
29.2,29.999999999999993,1.4210854715202004e-14,cruise,,,
29.3,29.999999999999993,1.4210854715202004e-14,cruise,,,
29.4,29.999999999999993,1.4210854715202004e-14,cruise,,,
29.5,29.999999999999993,1.4210854715202004e-14,cruise,,,
29.6,29.999999999999993,1.4210854715202004e-14,cruise,,,
29.7,29.999999999999993,1.4210854715202004e-14,cruise,,,
29.8,29.999999999999993,1.4210854715202004e-14,cruise,,,
29.9,29.999999999999993,1.4210854715202004e-14,cruise,,,
30.0,29.999999999999993,-8.0,follow,-2.899999999999963,52.10000000000002,11.252699784017302
30.1,29.199999999999992,1.6000000000000156,cruise,-2.1299999999999173,51.67000000000007,12.016279069767476
30.2,29.359999999999992,-5.892000000000273,follow,-2.7569999999999766,51.283000000000015,13.251421188630516
30.3,28.770799999999966,0.9673200000006119,follow,-2.1362799999998785,51.01992000000007,19.393310019766133
30.4,28.867532000000026,-5.435387200000854,follow,-2.686131200000041,50.6151668,12.505192497551516
30.5,28.32399327999994,0.10332131200085115,follow,-2.2212224479998923,50.26476747200002,14.34499539679508
30.6,28.334325411200023,-3.606806875520519,follow,-2.4521531859199968,50.049334930880036,23.232021806306907
30.7,27.973644723647972,-0.6422138321406976,follow,-2.1504966269567802,49.80997045851518,20.809257934737932
30.8,27.909423340433904,-3.528158182290312,follow,-2.3801068861790355,49.48402812447182,15.181835237727771
30.9,27.55660752220487,-0.49272903544029134,follow,-2.0655439110559115,49.269367372251395,22.952201025385747
31.0,27.507334618660842,-3.3364885503557247,follow,-2.2773680176058804,48.98363391038538,17.143121281798877
31.1,27.17368576362527,-0.7887397804609009,follow,-2.0292633114150505,48.73126533402285,19.309561450321166
31.2,27.09481178557918,-2.4682845803474294,follow,-2.1024335229037803,48.539784155464986,25.349637244259497
31.3,26.847983327544437,-1.84776739711792,follow,-2.059989168606137,48.21198582271052,14.707819108654984
31.4,26.663206587832644,-2.1689224639000315,follow,-2.078144717821786,47.91666516392718,16.22530078367907
31.5,26.44631434144264,-1.2459031051773195,follow,-1.9394377823810416,47.73003372978292,25.574488000176906
31.6,26.32172403092491,-2.0671594062763106,follow,-1.9607247196969197,47.52186132669044,22.828127369782283
31.7,26.115008090297277,-0.6252861082266392,follow,-1.7381516177852063,47.43436051766071,54.2101965040634
31.8,26.052479479474613,-2.2148818080656554,follow,-1.8176066494986145,47.261112569713305,27.27946456488223
31.9,25.830991298668046,-0.9588078014403578,follow,-1.6744735081555717,47.0720134398465,24.89277104183534
32.0,25.73511051852401,-0.5926127979735014,follow,-1.4941633897918933,47.10850238799412,
32.1,25.67584923872666,-1.4683214148521841,follow,-1.4898563939686085,47.02391746412138,55.593733860789484
32.2,25.52901709724144,-0.4557773789462374,follow,-1.31750989146488,46.97601575439728,98.0675137169895
32.3,25.483439359346814,-1.839373866021063,follow,-1.4044872205575771,46.82067181846264,30.14000613332577
32.4,25.299501972744707,-0.17475192478595858,follow,-1.199531337928974,46.74972162118809,65.89089730129552
32.5,25.28202678026611,-1.1634706737807505,follow,-1.1935212272376035,46.729518943161565,231.3035869878669
32.6,25.165679712888036,-0.7618054485680901,follow,-1.1215685974593512,46.6269509718727,45.4595624598871
32.7,25.089499168031228,-0.32164319456651214,follow,-0.9882476969772114,46.64600105506963,
32.8,25.057334848574577,-1.003169731012079,follow,-0.9907347026496893,46.59526757021217,91.84322287563667
32.9,24.95701787547337,-0.1940926700230392,follow,-0.8579610305452476,46.577565782664806,263.1235159619367
33.0,24.937608608471066,-0.9158427926071582,follow,-0.8676079908888994,46.5388049218177,120.06648950700934
33.1,24.84602432921035,0.8830359249312068,follow,-0.5758340049188817,46.693202488896645,
33.2,24.93432792170347,-1.337163090378759,follow,-0.7027221858288613,46.698769696726345,
33.3,24.800611612665595,0.1463576279128489,follow,-0.5612088835385762,46.63970853545982,78.96849221260973
33.4,24.81524737545688,-0.2100791739340977,follow,-0.5026872652711631,46.72018379791416,
33.5,24.794239458063473,-0.7421596835687154,follow,-0.5425993349874219,46.64875985210779,65.31249334584105
33.6,24.720023489706602,0.389330286399975,follow,-0.3872777314228557,46.692757503137045,
33.7,24.7589565183466,-1.4750489001911404,follow,-0.5685729262175698,46.569861851302335,37.893823870966564
33.8,24.611451628327487,0.3921001069579262,follow,-0.4084607540216538,46.508716688469576,76.06278981656423
33.9,24.65066163902328,-0.46174783369762196,follow,-0.4173419339676485,46.55865052456727,
34.0,24.60448685565352,0.5655390029679381,follow,-0.2535284444783841,46.653201839001895,
34.1,24.661040755950314,-0.4811380007194188,follow,-0.29146337051855653,46.700097763406916,
34.2,24.612926955878372,0.31980465660163304,follow,-0.18958536599852494,46.72980506781903,
34.3,24.644907421538534,-0.4023540098634584,follow,-0.2250468066426805,46.74231432566512,
34.4,24.604672020552186,-0.291731410097114,follow,-0.23616090721841942,46.67084712360986,65.30386776237579
34.5,24.575498879542476,-0.04290196585606054,follow,-0.20395108365802628,46.659297235655686,403.98051843002196
34.6,24.57120868295687,-0.11806452416126945,follow,-0.18963665707523347,46.66717636736007,
34.7,24.55940223054074,0.6549800763451188,follow,-0.04886720150517476,46.790236144305936,
34.8,24.624900238175254,-0.2572894131211143,follow,-0.08360423677449802,46.85374612048838,
34.9,24.599171296863144,-0.403546543083273,follow,-0.13692795449262718,46.76182899080209,50.87390038220968
35.0,24.558816642554817,0.6349739487495683,follow,-0.008277637285594608,46.82994732654663,
35.1,24.622314037429774,-0.5271426136180466,follow,-0.09475513334100327,46.83871592280366,
35.2,24.56959977606797,0.33191335327450844,follow,-0.023643718905084654,46.83075594519687,588.3277348067757
35.3,24.602791111395423,0.19195959631061754,follow,0.012290166964199045,46.916476834057335,
35.4,24.621987071026485,0.5283342876688479,follow,0.09829752041497386,47.0312781269547,
35.5,24.67482049979337,0.2379043616371206,follow,0.12156532728533165,47.133796076975386,
35.6,24.69861093595708,-0.28971515976210327,follow,0.053018579444092495,47.100934983379716,143.33343729476968
35.7,24.66963941998087,0.37397857124138767,follow,0.10651191141030836,47.11097104138162,
35.8,24.70703727710501,0.09570883102966832,follow,0.10471139801353502,47.16526731367105,
35.9,24.716608160207976,0.626608553962285,follow,0.19169425733832668,47.26660649765029,
36.0,24.779269015604203,-0.45581485058987425,follow,0.08377607268362652,47.25267959608993,339.2906842278558
36.1,24.733687530545215,0.5697969198874588,follow,0.16477954721759858,47.26531084303542,
36.2,24.790667222533962,-0.7204380142012283,follow,0.017243286981127426,47.203244120782074,76.05241972996136
36.3,24.71862342111384,0.2944634470935483,follow,0.06344664699986424,47.14138177867062,76.20368089813353
36.4,24.748069765823196,0.3155876851222388,follow,0.10547015335359333,47.227574802088384,
36.5,24.77962853433542,0.565664116142429,follow,0.1821691471517326,47.35161194865486,
36.6,24.83619494594966,-0.25864552494652315,follow,0.10870003513535664,47.36299245405985,
36.7,24.810330393455008,0.9052827715148197,follow,0.24146382453193382,47.45695941471445,
36.8,24.90085867060649,-0.3518058721950865,follow,0.1425855417440971,47.493873547653834,
36.9,24.86567808338698,0.2518039766875262,follow,0.16078861423466861,47.45930573931514,137.2933605576176
37.0,24.890858481055734,0.16164994658279142,follow,0.16093216962602241,47.497219891209625,
37.1,24.907023475714013,0.761233132273091,follow,0.2609823300672005,47.62151754363822,
37.2,24.983146788941323,-0.4320155623439703,follow,0.14548268133200537,47.62020286474399,3622.1926949067815
37.3,24.939945232706926,1.272329547817371,follow,0.33329049241289965,47.74320834147329,
37.4,25.06717818748866,-2.0281130131157994,follow,-0.06027675850855019,47.54049052272444,23.451559816564142
37.5,24.86436688617708,2.2184048215896155,follow,0.3195035048411441,47.616053834106765,
37.6,25.08620736833604,-1.6867852555912108,follow,-0.014877955230915063,47.61443309727315,2937.8263090000037
37.7,24.91752884277692,1.4207114691345026,follow,0.2243869488299879,47.60068021299537,346.11416232307397
37.8,25.059599989690373,-1.0480133672056695,follow,0.012320229490711654,47.60172021402627,
37.9,24.954798652969806,0.08865306819413377,follow,0.02504236927461534,47.45724034872933,32.84695777586744
38.0,24.96366395978922,-0.1289437679735812,follow,-0.0006219869334174177,47.44487395275041,383.659669588605
38.1,24.95076958299186,0.3069656544482413,follow,0.050642619963525703,47.47679699445132,
38.2,24.981466148436684,0.45149384189799946,follow,0.11745115695260466,47.58965037960763,
38.3,25.026615532626483,-0.5388626203315212,follow,0.00806552740525035,47.54798882634498,114.12917930972608
38.4,24.97272927059333,0.14340432334712716,follow,0.030621993395563152,47.48971589928556,81.49533290293101
38.5,24.987069702928043,-0.3186837193737446,follow,-0.027595625399321477,47.453008928992745,129.2751990983444
38.6,24.95520133099067,0.7000989234425887,follow,0.09368679940766356,47.52648879589367,
38.7,25.025211223334928,-0.401528965691881,follow,0.011150838557739462,47.54896767356013,
38.8,24.98505832676574,0.1414919116214719,follow,0.0328743507350282,47.510461840883636,123.38510438131155
38.9,24.999207517927886,0.13400711951871358,follow,0.049729812198975765,47.548541089090804,
39.0,25.012608229879756,-0.036441533295487716,follow,0.03536792128323185,47.554280266102865,
39.1,25.008964076550207,0.5007868553198378,follow,0.11293774362266618,47.62638385844798,
39.2,25.05904276208219,-0.6911960834149369,follow,-0.021084560883601,47.567479582239685,80.75386481975396
39.3,24.989923153740694,0.45703802194507404,follow,0.058602536254511506,47.543487266865554,198.16131342725663
39.4,25.0356269559352,-0.5481078570568485,follow,-0.04251586263071516,47.510924571272085,145.9059936694151
39.5,24.980816170229517,-0.19770849341690422,follow,-0.06838130109508,47.402842954249195,43.858376900655465
39.6,24.961045320887827,0.2649291504469531,follow,-0.012829559171407823,47.428738422160336,
39.7,24.987538235932522,-0.12378873613316443,follow,-0.03132275533170059,47.449984598567085,
39.8,24.975159362319207,0.09499148979652716,follow,-0.010270381143662632,47.45246866233515,
39.9,24.98465851129886,-0.19455782874032224,follow,-0.0409849557431059,47.436002811205185,288.0871595219719
40.0,24.965202728424828,-0.48100454693196326,follow,-0.11432155427458213,47.33348253836266,46.16987569969525
40.1,24.917102273731633,0.17632117372589562,follow,-0.06588109960783584,47.309772310989615,199.5331869509515
40.2,24.93473439110422,-0.3414107906239252,follow,-0.11180271477718406,47.290298871879145,242.8451317906607
40.3,24.900593312041828,-0.1048889904404291,follow,-0.1106504273877249,47.24023954067502,94.36849914752291
40.4,24.890104412997786,-0.02231298378977442,follow,-0.09592752012139982,47.23922909937528,4675.108698518201
40.5,24.88787311461881,0.17143029651771968,follow,-0.051367884014879905,47.28044178791333,
40.6,24.905016144270583,0.6973351625569677,follow,0.07341595708042803,47.430940173486306,
40.7,24.974749660526278,-0.4610354855372947,follow,-0.015659283355859088,47.44646520743356,
40.8,24.928646111972547,0.5560849864445174,follow,0.079631428277537,47.47260059623636,
40.9,24.984254610617,-0.4473978258934892,follow,-0.008206780750967368,47.46817513517453,1072.6153608261764
41.0,24.93951482802765,-0.43325763426295794,follow,-0.07904858966963246,47.33022365237184,34.30932577944216
41.1,24.896189064601355,0.3611698424058929,follow,-0.005678850990378237,47.33860474591165,
41.2,24.932306048841944,-0.2601153384606647,follow,-0.04808493223542598,47.35037414102749,
41.3,24.906294514995878,1.3522421633807937,follow,0.18530291703394397,47.54474468952776,
41.4,25.04151873133396,-1.1406262688087239,follow,-0.03568528060650067,47.52659281639444,261.8274845087736
41.5,24.927456104453086,1.1724046986487195,follow,0.16566304926936937,47.556847205949,
41.6,25.044696574317957,-0.9343191241051869,follow,-0.017667312959723347,47.549377548517214,636.5670445088373
41.7,24.951264661907437,0.3244611015913037,follow,0.03935408946544783,47.46625108232661,57.10124976732393
41.8,24.98371077206657,0.2731126347932644,follow,0.07831384702008393,47.553880005119936,
41.9,25.011022035545896,0.16189925437853958,follow,0.0922447482464932,47.60877780156534,
42.0,25.02721196098375,0.2842082427160548,follow,0.12423866399142014,47.66505660546704,
42.1,25.055632785255355,-0.5729284256067899,follow,0.00804414905838513,47.59149332694142,64.69463335626257
42.2,24.998339942694678,1.15467576648782,follow,0.1991494186299576,47.69665933267197,
42.3,25.11380751934346,-1.5383432828158732,follow,-0.09043269827768086,47.58027858073751,40.88328850768982
42.4,24.959973191061874,1.5820923416199548,follow,0.18832147503859176,47.6282812616314,
42.5,25.118182425223868,-0.32247108755382214,follow,0.10318938127318944,47.78046301910899,
42.6,25.085935316468486,-0.10214782980919068,follow,0.06896651275945942,47.697869487462185,57.750127081873245
42.7,25.075720533487566,-0.13653276050376917,follow,0.034716633882254655,47.6482974341136,96.1192732907212
42.8,25.06206725743719,0.16235576387308015,follow,0.055989822214058904,47.64909070836984,
42.9,25.078302833824498,-0.36511206556632203,follow,-0.014193825749337918,47.60326042498741,103.86857097902352
43.0,25.041791627267866,-0.4066679431004232,follow,-0.07960617864118547,47.48308126226061,39.51024469209183
43.1,25.001124832957824,0.3157200703745673,follow,-0.01371847047189334,47.48796877896484,
43.2,25.032696839995282,-0.7974846378063845,follow,-0.14434616502764186,47.40469909496528,56.92912092140741
43.3,24.952948376214643,0.8176209832695207,follow,0.015981693021885235,47.44540425734385,
43.4,25.034710474541594,-1.1547034766458495,follow,-0.17913250192273722,47.37293320988965,65.36808128770967
43.5,24.91924012687701,1.6045565509327986,follow,0.11814900688651875,47.49700919720203,
43.6,25.07969578197029,-1.727769358134445,follow,-0.18950405395030856,47.43003961900513,70.82326168975224
43.7,24.906918846156845,1.2773370606773469,follow,0.05496946515430068,47.41534773438957,322.73155537698136
43.8,25.03465255222458,-0.7494254207902316,follow,-0.07909634916978803,47.47288247916708,
43.9,24.959710010145557,0.0675605234532668,follow,-0.05465353706594556,47.38491147815239,53.86424041066896
44.0,24.966466062490884,0.00666235433249085,follow,-0.04443422183287282,47.405264871903455,
44.1,24.967132297924135,0.557290280512774,follow,0.055853195224734975,47.506551642110935,
44.2,25.022861325975413,-1.1854248528232247,follow,-0.15102647944992498,47.383265509513194,38.433572788102964
44.3,24.90431884069309,1.0572645836747654,follow,0.050355364404190084,47.406833625443824,
44.4,25.010045299060568,-0.793209940339942,follow,-0.09023885305316526,47.42482909553769,
44.5,24.930724305026573,1.0192155102363785,follow,0.09467020749509203,47.49075666503495,
44.6,25.03264585605021,-1.4002112653477141,follow,-0.15447670464537566,47.39449207942994,49.23356993805829
44.7,24.892624729515436,0.576138596458236,follow,-0.032707487794773726,47.30622960647838,53.59721750879305
44.8,24.95023858916126,-0.28737537810358305,follow,-0.07515213617957528,47.35020574756231,
44.9,24.9215010513509,0.36258507330250467,follow,-0.0021959345992286217,47.38005564242712,
45.0,24.95775955868115,-0.18917823578011905,follow,-0.03335965146271036,47.40327968655902,
45.1,24.93884173510314,0.32959571967726475,follow,0.02713291039395216,47.43539551304866,
45.2,24.971801307070866,-0.5585840215583389,follow,-0.07048657826476301,47.38721538234154,98.3542690459564
45.3,24.91594290491503,0.5846732981887754,follow,0.0387067344774934,47.41262109185004,
45.4,24.97441023473391,-0.34014537473293416,follow,-0.024435283724244528,47.43718006837662,
45.5,24.940395697260616,-0.006541864821471677,follow,-0.021453047240449052,47.38914049865048,98.64605526002832
45.6,24.939741510778468,0.860589724633094,follow,0.12555408140514146,47.53516634757284,
45.7,25.025800483241778,-0.4484569607098763,follow,0.029885574385971836,47.568586299248636,
45.8,24.98095478717079,-0.08907603327685365,follow,0.010058639775500922,47.48149082053169,54.51659663617039
45.9,24.972047183843106,0.40099875941807994,follow,0.07521532638259742,47.53328610214726,
46.0,25.012147059784915,-0.7309717929655406,follow,-0.05914919350875891,47.45907139616861,63.94833850035448
46.1,24.939049880488362,0.9892954918670824,follow,0.11559158738721464,47.524166408119754,
46.2,25.03797942967507,-0.27556201309882056,follow,0.05039932063954211,47.60736846515215,
46.3,25.010423228365187,-0.07984880459056853,follow,0.028691299767857004,47.54432614231564,75.41652020914178
46.4,25.002438347906132,0.5310922151552262,follow,0.11242478566575187,47.61608230752495,
46.5,25.055547569421655,-0.21288674962789855,follow,0.058206196450143466,47.64152755058262,
46.6,25.034258894458866,0.601248934439198,follow,0.14871331944831923,47.700101661136614,
46.7,25.094383787902785,0.40295900571175025,follow,0.1910876004922244,47.8326632823464,
46.8,25.13467968847396,-0.3603833177329392,follow,0.09917578078803047,47.801195313498965,151.90429209241688
46.9,25.098641356700664,0.02233595272689115,follow,0.08636914277784058,47.734331177828835,71.39003697493155
47.0,25.100874951973353,-0.39625818585984973,follow,0.005931254671558861,47.65724368263159,61.82227553332006
47.1,25.061249133387367,-0.0401858580861969,follow,-0.0017549307880670995,47.590118769292985,70.89784761305538
47.2,25.057230547578747,-0.03592598705863281,follow,-0.007450106833161385,47.57839571453496,405.8532242423897
47.3,25.053637948872883,0.14870051219672575,follow,0.01857499633848647,47.599031919647814,
47.4,25.068508000092557,-0.030360264694394345,follow,0.010419119499673002,47.61318111963851,
47.5,25.06547197362312,0.37046017354991534,follow,0.07042596184138006,47.66863392227606,
47.6,25.10251799097811,-0.3184989889410019,follow,0.005605136710983061,47.65938212317815,515.1363709838321
47.7,25.07066809208401,0.9038533715065284,follow,0.15531317584357396,47.76131531396959,
47.8,25.161053429234663,-0.8747869160533952,follow,-0.016370172805920902,47.72520997104607,132.18323413299495
47.9,25.073574737629322,1.9507932090636757,follow,0.31149039083901187,47.921852497283,
48.0,25.268654058535688,-1.323415932439957,follow,0.03900600362585038,47.94198709142938,
48.1,25.13631246529169,0.7642928636458137,follow,0.15988714696251094,47.86435584490005,61.65604442138574
48.2,25.212741751656274,-1.1356214813123628,follow,-0.056030957749968024,47.76308166973445,47.16215322575666
48.3,25.099179603525037,1.1225206133159844,follow,0.14039430409435738,47.78916370938191,
48.4,25.211431664856637,-1.0987332468044144,follow,-0.06612695438877125,47.751020542896185,125.18892620213764
48.5,25.101558340176194,1.185797963629419,follow,0.14252719861426044,47.79486470887855,
48.6,25.220138136539134,-0.8467738505756301,follow,-0.022356309584054657,47.80785089522465,
48.7,25.13546075148157,0.6284637050437567,follow,0.0861136928539139,47.78930482007627,257.6788050210451
48.8,25.198307121985945,-0.9824879148778507,follow,-0.0919865751013802,47.705474107877535,56.906917353706255
48.9,25.10005833049816,0.04821754999014871,follow,-0.06861922091945871,47.581468274827785,38.370346865629415
49.0,25.104880085497175,-0.37294306720896486,follow,-0.11933986196770974,47.537980266278055,109.31284703904205
49.1,25.06758577877628,0.559757431254674,follow,-0.006156979763979109,47.59522168840044,
49.2,25.12356152190175,-0.48807558103423077,follow,-0.08647674664235439,47.59886553621027,
49.3,25.074753963798326,-0.2500611019903758,follow,-0.11374080586702462,47.49839013983046,47.27365290530404
49.4,25.04974785359929,0.15946547376385922,follow,-0.06820642592854398,47.50641535447039,
49.5,25.065694400975676,-0.07714199290143853,follow,-0.06969568709069307,47.52884591437282,
49.6,25.05798020168553,-0.43105601449142483,follow,-0.12992240832414836,47.45704789420415,66.0979895863339
49.7,25.01487460023639,0.32110324457650563,follow,-0.054751466174039365,47.46756043418054,
49.8,25.04698492469404,-0.34793534111057056,follow,-0.1036154453301279,47.46686194171093,6795.615417615457
49.9,25.012191390582984,-0.3137884726806348,follow,-0.13864428322187905,47.3796428026526,54.32252979587823
50.0,24.980812543314922,0.3172778162018943,follow,-0.06265726665125015,47.40856154832113,
50.1,25.012540324935113,-0.10373149619467625,follow,-0.0695029715751545,47.44930751582751,
50.2,25.002167175315645,0.5085550698095389,follow,0.026840035322294398,47.53009079829576,
50.3,25.0530226822966,0.011326863115968422,follow,0.02425450662124007,47.60378853006614,
50.4,25.054155368608196,-0.6364328913477877,follow,-0.08586005970693122,47.495372993205365,43.80864068789177
50.5,24.99051207947342,0.07262229482246596,follow,-0.059446333952031694,47.4263217852581,68.68282712943304
50.6,24.997774308955666,0.11052901533395953,follow,-0.031117109071033155,47.465544354362464,
50.7,25.008827210489063,0.0981104508354349,follow,-0.009579182419955146,47.50366163331364,
50.8,25.018638255572608,0.12493845848509011,follow,0.012840424397552397,47.54079780775646,
50.9,25.031132101421118,1.6157165509080045,follow,0.27998644548262774,47.8266845976143,
51.0,25.192703756511918,-1.0317807042418465,follow,0.061358587195215364,47.85041422196309,
51.1,25.089525686087732,1.4462458093608035,follow,0.2921731242228134,47.92646165335441,
51.2,25.234150267023814,-0.717938264417171,follow,0.12382122611614932,47.975046626651874,
51.3,25.162356440582098,0.9665517997418789,follow,0.2642763217204376,48.00781098259358,
51.4,25.259011620556286,-0.9050272703799394,follow,0.06939238970370809,47.957909820538134,96.10579763067628
51.5,25.168508893518293,1.1248115969344923,follow,0.2452955909088388,47.99805893118628,
51.6,25.28099005321174,-1.283628878258824,follow,-0.009525153952438359,47.911959925865176,55.64751851329735
51.7,25.15262716538586,0.9461645372495298,follow,0.14975646124788966,47.878697209326674,143.941031255778
51.8,25.24724361911081,-1.0661377937431524,follow,-0.052892581250617354,47.817972847415604,78.74594535457717
51.9,25.140629839736498,0.8582535292768938,follow,0.09896510383730117,47.809909863442044,592.9555363087212
52.0,25.226455192664186,0.23466381188919172,follow,0.12158155517928293,47.96126434417556,
52.1,25.249921573853104,-1.079568819832879,follow,-0.07861017398941073,47.79627218679025,28.968814605636332
52.2,25.141964691869816,1.1138229487376137,follow,0.12012867979842667,47.83307571760315,
52.3,25.253346986743576,-1.7603201661126207,follow,-0.19327946118674788,47.686741018928615,32.587446074595825
52.4,25.077314970132313,1.1346197062342327,follow,0.028037066716748882,47.64400952191522,111.49623311152102
52.5,25.190776940755736,-0.6155868333468391,follow,-0.07923358329384911,47.70693182783975,
52.6,25.12921825742105,0.4272636122665645,follow,0.005182615966219828,47.69901000209779,602.1214244662583
52.7,25.171944618647707,-0.9685214062622265,follow,-0.15710138773852123,47.60081554023304,48.47606946080823
52.8,25.075092478021485,0.34551239108444065,follow,-0.07333242460136091,47.539306292430865,77.28806316303283
52.9,25.10964371712993,-0.14407980685606958,follow,-0.08512365497714569,47.57934192071775,
53.0,25.095235736444323,-0.34259327067345424,follow,-0.12803525759319712,47.51481834707329,73.63947106976964
53.1,25.060976409376977,0.23971284038719887,follow,-0.06674390792979779,47.52472070613567,
53.2,25.084947693415696,-0.31545408032766176,follow,-0.10819560332944178,47.5192259367941,864.8083838078085
53.3,25.05340228538293,-0.1503283022637234,follow,-0.11521771981848872,47.464885708255906,87.34760045186052
53.4,25.03836945515656,0.9630560791258347,follow,0.06449458000556518,47.622048762740405,
53.5,25.134675063069142,-0.5950609290486213,follow,-0.04543133817013256,47.65658125643358,
53.6,25.07516897016428,-0.46697788412460284,follow,-0.11568909582921094,47.49706435941721,29.77556938969648
53.7,25.028471181751822,0.37150829083128656,follow,-0.03448953138579469,47.50821724124194,
53.8,25.06562201083495,-0.7082201996340913,follow,-0.14677797609384413,47.451655040158585,83.89287214992257
53.9,24.99479999087154,0.8777402090550623,follow,0.023975054764306947,47.51617504107162,
54.0,25.082574011777048,-1.1695355404507808,follow,-0.174943377771541,47.448917639894034,70.54824719516954
54.1,24.96562045773197,0.8442663339955772,follow,-0.005075092477021315,47.44335559412093,852.9839114727725
54.2,25.05004709113153,-0.5669430477516428,follow,-0.09871975168945823,47.47635088500783,
54.3,24.993352786356365,0.8055173194729832,follow,0.05198642683761534,47.54201560637216,
54.4,25.073904518303664,-1.2573218716697596,follow,-0.16623162291361382,47.44462515454188,48.71588976420448
54.5,24.94817233113669,0.8464546629061971,follow,0.002549424723021332,47.424807921428055,239.3109454251554
54.6,25.03281779742731,-0.9949504503496556,follow,-0.16370055445575815,47.385526141685204,120.62978422064468
54.7,24.933322752392343,0.47776119942354,follow,-0.05679026214254179,47.34319386644597,111.8371115157252
54.8,24.981098872334698,0.3165653349752233,follow,0.0054356707104190605,47.477083979212466,
54.9,25.01275540583222,-0.10712637426701832,follow,-0.013324670119153836,47.505808438629174,
55.0,25.002042768405516,-0.48813659432246226,follow,-0.09245999081970524,47.41060416178857,49.79881759008789
55.1,24.95322910897327,0.7889254786861244,follow,0.054437587431266365,47.48428125089117,
55.2,25.032121656841884,0.27913166250982613,follow,0.09188659994435966,47.64006908520719,
55.3,25.060034823092867,0.26664720982955714,follow,0.12101336825855924,47.71106560289786,
55.4,25.086699544075824,-0.8549888470341358,follow,-0.0416536676235566,47.58839564849018,38.79384799506264
55.5,25.00120065937241,0.5111158990838831,follow,0.05047459349435002,47.552275582552966,131.650578006074
55.6,25.0523122492808,0.12908293475019406,follow,0.06357598370365736,47.642044357624854,
55.7,25.065220542755817,-0.4097309832257565,follow,-0.015308510784578289,47.58252230334915,79.94099478328872
55.8,25.024247444433243,0.5369009074584596,follow,0.07672639225592803,47.61309755890579,
55.9,25.07793753517909,-0.10524694556439584,follow,0.04639750261920739,47.66330380538784,
56.0,25.067412840622648,-0.3193279507454676,follow,-0.014556739608238445,47.58656252132573,62.00907777711401
56.1,25.035480045548102,0.22755038873390276,follow,0.02579444844878509,47.57901451677094,630.3522231773209
56.2,25.058235084421494,-1.671941952063726,follow,-0.2571616183033001,47.33019100832894,19.02159136998627
56.3,24.89104088921512,0.8509616050249349,follow,-0.07247441441526092,47.26408691940742,71.49949071308735
56.4,24.976137049717615,-0.9380220887688964,follow,-0.21673236014086683,47.24747321443556,284.38854123593984
56.5,24.882334840840723,0.13408661524658783,follow,-0.1582625309096244,47.16523973035146,57.35527353083017
56.6,24.89574350236538,0.5156134139493815,follow,-0.0459498734331234,47.29766538011495,
56.7,24.947304843760318,-1.1203848522438236,follow,-0.22502236990157343,47.1959348957389,46.39310938625444
56.8,24.835266358535936,0.684164181996529,follow,-0.07349127791855636,47.17940825988535,285.4749670643166
56.9,24.90368277673559,-0.5714487077564527,follow,-0.1564841828915391,47.19903998221184,
57.0,24.846537905959945,1.097896910513036,follow,0.0525793326758901,47.322386191615806,
57.1,24.95632759701125,-1.5573244449917638,follow,-0.21573796360205222,47.21875343191482,45.56353952948176
57.2,24.800595152512074,1.827496945383004,follow,0.12480118789545713,47.32569391666357,
57.3,24.983344847050375,-1.5039529711798991,follow,-0.14665783861710224,47.32835943195846,
57.4,24.832949549932387,0.863130105485169,follow,0.02164015206660963,47.27106447696519,82.50475889638751
57.5,24.919262560480902,-0.4967344791583912,follow,-0.06475561980422384,47.31413822091713,
57.6,24.869589112565063,0.550551943899471,follow,0.03779564081305864,47.34217930966065,
57.7,24.92464430695501,-0.6824876928697137,follow,-0.08225158146740341,47.304714878965115,126.26567120008563
57.8,24.85639553766804,0.648150019515441,follow,0.039482018696404,47.324075325198464,
57.9,24.921210539619583,-0.6705793226389289,follow,-0.07886153819281816,47.30295427123656,223.961144914621
58.0,24.85415260735569,0.6661682877684925,follow,0.04531009946740028,47.32653901050094,
58.1,24.920769436132538,-0.20670302120404926,follow,0.003307912688825354,47.384462066887636,
58.2,24.900099134012134,0.9632811513641286,follow,0.16330345246804256,47.51345215348624,
58.3,24.996427249148546,-1.2595059332488603,follow,-0.07383144515144124,47.420809428571374,51.18676018236139
58.4,24.87047665582366,2.097437901278667,follow,0.2880467792535768,47.59376176298906,
58.5,25.080220445951525,-2.523779599468412,follow,-0.18059095053342133,47.43973971839387,30.80061678384374
58.6,24.827842486004684,2.128105197385885,follow,0.20419174078646307,47.44595546979349,
58.7,25.040653005743273,-1.4714947403068734,follow,-0.07508933939575968,47.48589016921915,
58.8,24.893503531712586,1.4391538078530886,follow,0.17728451847904836,47.51753981604793,
58.9,25.037418912497895,-1.422405256087508,follow,-0.08933044394871104,47.46679792479813,93.54558286196156
59.0,24.895178386889143,1.1577272543960362,follow,0.1185125057754135,47.46128008610913,860.1425804901154
59.1,25.010951112328748,-1.1520126905784878,follow,-0.09324169361690338,47.42318497487622,124.48627511540519
59.2,24.8957498432709,0.7421198219400083,follow,0.045985225642581895,47.389609990548934,141.1455908031879
59.3,24.9699618254649,-0.21989970938240333,follow,0.0016710698050843575,47.45661380800243,
59.4,24.94797185452666,0.3927976955337158,follow,0.06685884075985626,47.48881662254985,
59.5,24.98725162408003,-0.5910100596675321,follow,-0.04278597597804179,47.438091460142005,93.51984145181873
59.6,24.92815061811328,0.9342327068545515,follow,0.12005047116072376,47.51227639833064,
59.7,25.021573888798734,-0.5957032982878303,follow,0.0007581762526314151,47.53311900945073,
59.8,24.96200355896995,0.9256890093297017,follow,0.1549133150988098,47.597918653553734,
59.9,25.05457245990292,-0.4289502692397775,follow,0.05760271770904524,47.63946140756343,
60.0,25.011677432978942,0.0646515002383552,follow,0.058777514797263564,47.57629366426568,75.31738697692501
60.1,25.018142583002778,-0.24429438521917035,follow,0.008265531461191244,47.53547940596536,116.46782616074584
60.2,24.99371314448086,0.6099025914703304,follow,0.10853837479604778,47.59910809151734,
60.3,25.054703403627894,-0.13719599970358587,follow,0.0675826457127755,47.649637751154614,
60.4,25.040983803657536,0.23246876325097787,follow,0.0950636653024759,47.65653937078878,
60.5,25.064230679982632,0.0033033703878828646,follow,0.07977028281671039,47.67611630279066,
60.6,25.064561017021422,0.7400606392551197,follow,0.18981867555644527,47.78666020108858,
60.7,25.138567080946935,-0.691376148340602,follow,0.04295287157360406,47.75080349299401,133.17118617495436
60.8,25.069429466112876,1.0315337254117338,follow,0.20771634721329235,47.811860546382604,
60.9,25.172582838654048,-0.7342137088492393,follow,0.05072800453620374,47.809602262517274,2117.076732244412
61.0,25.099161467769125,0.748023461839189,follow,0.16694391408670128,47.81568611574039,
61.1,25.173963813953044,0.11534451006077973,follow,0.15834401341571436,47.919289734345284,
61.2,25.185498264959122,0.5612349953858597,follow,0.2254925104107386,48.00373990784942,
61.3,25.241621764497708,0.20540795586439486,follow,0.22214508465301464,48.08457773139958,
61.4,25.262162560084146,0.7619803883242255,follow,0.3121176352648831,48.2053614753911,
61.5,25.33836059891657,-0.2646810735774352,follow,0.21598451712449673,48.22352541549935,
61.6,25.311892491558826,0.8970619884089786,follow,0.3294974290052437,48.297336166343484,
61.7,25.401598690399723,-0.5208175748037291,follow,0.18777826170374823,48.29017629730333,674.456139179453
61.8,25.34951693291935,0.9568039192754227,follow,0.31594920463236065,48.34022460401138,
61.9,25.44519732484689,-0.49429271762359406,follow,0.1809088842563682,48.34870487152671,
62.0,25.39576805308453,0.8323114982679982,follow,0.28947598659163987,48.38312806621843,
62.1,25.478999202911332,-0.05100388359707608,follow,0.2327293415601872,48.45122814592719,
62.2,25.473898814551625,0.0542935480658997,follow,0.20299004264447262,48.413838264471906,129.4837971672348
62.3,25.479328169358215,1.3005289477703599,follow,0.38591319349878717,48.60490544753611,
62.4,25.609381064135253,-1.1381914979755905,follow,0.13189574491972422,48.545967341122605,82.3677079146576
62.5,25.495561914337692,0.7929309444951897,follow,0.2420682781823018,48.485411149688844,80.06681067900013
62.6,25.57485500878721,0.24551742286340072,follow,0.24264313562915163,48.60492564880997,
62.7,25.599406751073552,0.5740334044083966,follow,0.2978748470923591,48.69698497370268,
62.8,25.65681009151439,0.23915872821683593,follow,0.2880888272797719,48.77330396455136,
62.9,25.680725964336073,0.5404103932822366,follow,0.33014242161351603,48.851231368117624,
63.0,25.734767003664295,-0.0030871345394416494,follow,0.27460416225468975,48.87675466775113,
63.1,25.734458290210352,0.03470760921351257,follow,0.23462140341449356,48.83630883873002,120.74498167247577
63.2,25.737929051131704,0.4386271244438973,follow,0.2686223569193942,48.87551593361695,
63.3,25.781791763576095,-0.2532171132262562,follow,0.18164911189511912,48.85433675725926,230.67156121822646
63.4,25.75647005225347,1.0896624824468475,follow,0.3329846736537405,48.96768975203395,
63.5,25.865436300498153,-0.536973340847382,follow,0.18799167123688676,48.98614612198412,
63.6,25.811738966413415,0.514224298152115,follow,0.24236377572275813,48.95997222534288,187.0564895102819
63.7,25.863161396228627,-0.15033493035115697,follow,0.17691399137710562,48.97165608572004,
63.8,25.84812790319351,0.7633386867775442,follow,0.27465144061051205,49.04684329540078,
63.9,25.924461771871265,-0.451030440612314,follow,0.1537044604067077,49.040397118213605,760.7671290226211
64.0,25.879358727810033,0.440016620272182,follow,0.2014231537176201,49.02046124543267,245.8907206317239
64.1,25.92336038983725,0.18739196156941063,follow,0.19908462169291852,49.08412520644879,
64.2,25.94209958599419,0.41917210468513133,follow,0.23576586885828732,49.14891524784957,
64.3,25.9840167964627,-0.11389910323547525,follow,0.1774883735093269,49.15351356820338,
64.4,25.972626886139153,0.3564214347372072,follow,0.20731055038064028,49.16625087958937,
64.5,26.008269029612872,0.289569841349234,follow,0.22102043220873924,49.233423976628046,
64.6,26.037226013747794,-0.4339280332541975,follow,0.11186235463158312,49.16770137525327,74.81094835987568
64.7,25.993833210422373,0.17609765830700042,follow,0.122568238577486,49.11331805421105,90.3095234218349
64.8,26.011442976253072,-0.024785439650145236,follow,0.09800929220621413,49.11517375658582,
64.9,26.008964432288057,0.39093752851857744,follow,0.14683066492494135,49.16027731335703,
65.0,26.048058185139915,0.31815197817415,follow,0.17538421713314278,49.24747149484301,
65.1,26.07987338295733,0.9691234070019874,follow,0.30767408211128355,49.42748415654728,
65.2,26.17678572365753,0.1813915816145979,follow,0.2866269986951693,49.551805584181466,
65.3,26.19492488181899,0.39041964614992253,follow,0.3039257732709615,49.59631309599945,
65.4,26.233966846433983,0.2801679838759128,follow,0.29996614170512004,49.65091641135609,
65.5,26.261983644821573,-0.09737523067591525,follow,0.23374257964161416,49.626718046873975,205.0829430371885
65.6,26.25224612175398,0.6860326141976003,follow,0.30912425206761185,49.68749343469858,
65.7,26.32084938317374,-0.09881473061484058,follow,0.24113442162053644,49.72240849638115,
65.8,26.310967910112257,0.8574869331066353,follow,0.3438598402015529,49.81031170536994,
65.9,26.39671660342292,-0.4859083616481641,follow,0.20556513989326675,49.80064004502765,514.9130374984419
66.0,26.348125767258104,1.2860072050213631,follow,0.38563881741461614,49.907827468301775,
66.1,26.47672648776024,0.30419644023908177,follow,0.3720650878853604,50.08715481952572,
66.2,26.507146131784147,0.3820006125998674,follow,0.3737210086711116,50.134440206347335,
66.3,26.545346193044132,0.5607127415038349,follow,0.40488629747656546,50.22290558704276,
66.4,26.601417467194516,0.5533943498058704,follow,0.4296376395314496,50.33176384032322,
66.5,26.656756902175104,0.04152858340070509,follow,0.3649527968429922,50.35008815010565,
66.6,26.660909760515175,0.7590312154739323,follow,0.4306325332814822,50.42199717405424,
66.7,26.73681288206257,0.049416710116375384,follow,0.3670965627539644,50.47231588584782,
66.8,26.741754553074205,0.687568791803777,follow,0.42050860092893316,50.53314043054024,
66.9,26.810511432254582,-0.28261017104752995,follow,0.303322138932856,50.51908928731473,359.53721684213934
67.0,26.78225041514983,0.8983210437856002,follow,0.40248862307498,50.57586424579972,
67.1,26.872082519528387,0.1387501719511235,follow,0.35853221455433726,50.666655993846916,
67.2,26.8859575367235,1.2560825377633549,follow,0.5081239350891735,50.837060240174424,
67.3,27.011565790499834,0.1027101768021339,follow,0.4405549753746669,50.95790366112442,
67.4,27.021836808180048,1.679013731344284,follow,0.6469647680362698,51.179719980306345,
67.5,27.189738181314475,-1.0559904989626432,follow,0.3631388902031176,51.147746162174826,159.96758958189363
67.6,27.084139131418212,2.0130468604186973,follow,0.6381235519057142,51.26433224903303,
67.7,27.28544381746008,-0.912884912946943,follow,0.37962214109693804,51.30778786728706,
67.8,27.194155326165387,2.5307253670504153,follow,0.7381393454225176,51.5293723346706,
67.9,27.447227862870427,-1.8318502026451355,follow,0.3098077540779087,51.48064954838355,105.6603151656668
68.0,27.264042842605914,1.7820472308947473,follow,0.5551810002140485,51.45124526412292,174.97873713960595
68.1,27.44224756569539,-1.1940100470084474,follow,0.26364915901029917,51.42702050755338,212.29117559934286
68.2,27.322846560994545,0.5205502647214502,follow,0.30646600996215767,51.290735851453974,37.635004056527315
68.3,27.37490158746669,-0.18897018076705052,follow,0.22389331150728964,51.286245692707325,1142.192260591007
68.4,27.356004569389988,0.28236373256432756,follow,0.23363838168346263,51.26764523576844,275.6257300769756
68.5,27.38424094264642,0.3249664567876067,follow,0.2488597275341533,51.32522114150379,
68.6,27.416737588325184,0.40234736343006716,follow,0.2744410001834723,51.399547382671244,
68.7,27.45697232466819,1.1201449782942632,follow,0.41539166320193743,51.600850150204224,
68.8,27.568986822497617,0.1038690892385219,follow,0.36347123420803484,51.71695146795446,
68.9,27.57937373142147,0.21636481504081928,follow,0.3389534976801656,51.70801409481237,578.5594186614667
69.0,27.60101021292555,-0.06638096361200496,follow,0.2713977541314705,51.672913073519794,147.21199318630514
69.1,27.59437211656435,0.8385173514441533,follow,0.3659176870169176,51.75747586186344,
69.2,27.678223851708765,-0.8196822403081683,follow,0.1683176991294033,51.68565347669255,71.96315376288953
69.3,27.596255627677948,2.132278338800063,follow,0.4956444724078466,51.89002791392477,
69.4,27.809483461557953,-0.6310961094469718,follow,0.3078543754320435,52.02207956776897,
69.5,27.746373850613256,0.8900165635661637,follow,0.4048814067877302,52.02444218270762,
69.6,27.83537550696987,-1.047358804604194,follow,0.16284137155574285,51.91590463201055,47.83220581137701
69.7,27.73063962650945,2.0950805197948057,follow,0.48488122959558666,52.08084066935976,
69.8,27.94014767848893,-1.262779845313247,follow,0.1936043837774477,52.103825901510845,
69.9,27.813869693957606,2.2517844281846706,follow,0.5366343911786515,52.257438932115065,
70.0,28.039048136776074,-2.1314004762545125,follow,0.0919619132731242,52.150534118437236,48.782213189863846
70.1,27.825908089150623,2.0306774884121097,follow,0.41508117579628845,52.15394330952222,
70.2,28.028975837991833,-1.189914066570438,follow,0.14758196873516738,52.191045725722915,
70.3,27.909984431334788,1.5545139698474344,follow,0.3820706355872119,52.24704728258939,
70.4,28.065435828319533,-1.002253434266862,follow,0.15134995727819955,52.2495036997575,
70.5,27.965210484892847,1.6922517571830582,follow,0.40816692392900933,52.35598265126828,
70.6,28.134435660611153,-1.423521053902654,follow,0.10288559429039879,52.304539085207125,101.67362624719496
70.7,27.992083555220887,1.6588044096705232,follow,0.36220539685375286,52.35033072968508,
70.8,28.157963996187938,-0.8054969695636345,follow,0.1675883357841883,52.4045343300661,
70.9,28.077414299231574,1.4880870288516945,follow,0.38767145129543934,52.5037929001428,
71.0,28.226223002116743,-0.31934067594007587,follow,0.2698360967561868,52.6091705999313,
71.1,28.194288934522735,0.27866934438751656,follow,0.27130830469474176,52.562741706478846,113.21127383858646
71.2,28.222155868961487,-0.46678762663106,follow,0.14829231614044147,52.48152611958267,64.62001707466749
71.3,28.17547710629838,1.5851149163293314,follow,0.38776274950525647,52.650978408952824,
71.4,28.333988597931313,-0.5852338339490046,follow,0.22559665226287962,52.72657954915985,
71.5,28.275465214536414,0.6950279740956233,follow,0.30383520590167024,52.71703302770629,552.2119578707684
71.6,28.344968011945976,0.7973292220482691,follow,0.38608420859277004,52.90353622651173,
71.7,28.424700934150803,0.013667348258927348,follow,0.3240147318704629,52.961066133096665,
71.8,28.426067668976696,1.2260735170506365,follow,0.4743578627338252,53.11345936619887,
71.9,28.54867502068176,-0.34031331502052353,follow,0.3385793331081004,53.16159186413074,
72.0,28.514643689179707,2.010075103118538,follow,0.6171619614431734,53.38912749521273,
72.1,28.71565119949156,-0.08529635105776379,follow,0.5000855760263505,53.57356237526369,
72.2,28.707121564385783,0.6625793533461888,follow,0.5271678722463236,53.587850218825,
72.3,28.773379499720402,0.6368187544014035,follow,0.5454430192721702,53.70551226885277,
72.4,28.83706137516054,0.4840693152144553,follow,0.5352140685958844,53.790806131336694,
72.5,28.885468306681986,0.9902707008935963,follow,0.611056840645503,53.93925930066848,
72.6,28.984495376771346,-0.6608840162214165,follow,0.3990666978343498,53.875809762991366,84.91127238332396
72.7,28.918406975149203,1.540818127343833,follow,0.589358602752597,53.966969065476405,
72.8,29.072488787883586,-0.12087098458687251,follow,0.4709870048626854,54.079720186688064,
72.9,29.0604016894249,-0.20647012266406506,follow,0.358077483608227,53.94868001774557,41.1695745305565
73.0,29.039754677158495,0.09404778771087763,follow,0.3140725342920021,53.87370455002974,71.85510966627956
73.1,29.049159455929583,-0.6580661482045187,follow,0.15204942054258197,53.72578860443696,36.321836965625046
73.2,28.98335284110913,0.850297249260322,follow,0.2684240586622053,53.7434533203259,
73.3,29.06838256603516,0.09812699470693076,follow,0.24004121466965955,53.842615063722405,
73.4,29.078195265505855,1.1848097601293404,follow,0.3975026389129397,54.01479553717172,
73.5,29.196676241518787,-0.44483189011343427,follow,0.25711355074187736,54.05212791302006,
73.6,29.152193052507442,1.6956138949851152,cruise,0.5056190290081446,54.23390860776931,
73.7,29.321754442005954,-1.603486141681472,follow,0.15410150055987515,54.136733163568806,55.7103017217154
73.8,29.161405827837807,0.9543955313703236,follow,0.28748383902828323,54.02959258078499,50.42869020959269
73.9,29.25684538097484,-0.3775793677900481,follow,0.176639971225228,54.06190804268749,
74.0,29.219087444195836,0.9910089357183978,follow,0.31236813197408964,54.14099929826784,
74.1,29.318188337767676,-0.36845291283260195,follow,0.19889795783964104,54.17618046449115,
74.2,29.281343046484416,-0.30430024850175386,follow,0.11503159011607522,54.0370461598427,38.83804666029786
74.3,29.25091302163424,0.6523540007867439,follow,0.20458532522785333,54.08095485767922,
74.4,29.316148421712914,-0.7942223285074022,follow,0.038117382938644084,54.012340015508016,78.71815820937186
74.5,29.236726188862175,1.4688817652771249,follow,0.2765781133283909,54.13166739662165,
74.6,29.38361436538989,-0.555584094655309,follow,0.13788441199777424,54.21330596008261,
74.7,29.32805595592436,0.4770765236320642,follow,0.19441643060348923,54.18650036449003,202.14622793078425
74.8,29.375763608287567,-0.17841060563788602,follow,0.1322785912299267,54.195924003661275,
74.9,29.357922547723778,0.09009460766973376,follow,0.12524792730322787,54.162131748888896,160.2797212370737
75.0,29.36693200849075,0.38800357530568164,follow,0.16904053530363683,54.21943854803976,
75.1,29.40573236602132,0.7103978979150867,follow,0.25926676240554514,54.36786531143753,
75.2,29.476772155812828,-0.5581546392063501,follow,0.12302986213689593,54.33818809585614,183.09732578189306
75.3,29.420956691892194,1.1580866162156127,cruise,0.3206573888286357,54.45209242666692,
75.4,29.536765353513754,-0.6536797778743448,follow,0.1582678610448056,54.463415891315435,
75.5,29.47139737572632,0.7337412356959305,follow,0.25418009015332643,54.4612761537428,2545.2315671941496
75.6,29.544771499295912,-0.07304992155020784,follow,0.19964175486940405,54.516799003813276,
75.7,29.53746650714089,0.11690677998090848,follow,0.18585259238798812,54.492052353099325,220.19970695296928
75.8,29.54915718513898,0.21314217932290092,follow,0.19040085687714026,54.51413663458561,
75.9,29.57047140307127,-0.21770994635618734,follow,0.12238238967158566,54.47808949427849,151.13012857640626
76.0,29.54870040843565,0.9025991831287001,cruise,0.4121688407813906,54.735219453434865,
76.1,29.63896032674852,0.05645337991569477,follow,0.35288293063710796,54.81132342075989,
76.2,29.64460566474009,0.37131148987013773,follow,0.35595435717594626,54.822862854286086,
76.3,29.681736813727106,0.5907319280571102,follow,0.3950839523228069,54.91768917291347,
76.4,29.74081000653282,0.24093921315176203,follow,0.3693931624609661,54.98060817226019,
76.5,29.764903927847996,0.4701921443040078,cruise,0.3867618877033152,55.03411777947531,
76.6,29.811923142278395,0.3761537154432091,cruise,0.44404075182976044,55.16192546524735,
76.7,29.849538513822715,0.3009229723545701,cruise,0.5286638431310422,55.30297161386511,
76.8,29.87963081105817,0.24073837788365893,cruise,0.5065623161720083,55.32600853275926,
76.9,29.903704648846535,0.19259070230692998,cruise,0.49008109460488924,55.34563806787469,
77.0,29.922963719077227,0.1540725618455454,cruise,0.5108961173510238,55.39534169596686,
77.1,29.938370975261783,-0.44279177346771803,follow,0.35194813554790016,55.25950459844057,40.68071653827186
77.2,29.89409179791501,0.21181640416997993,cruise,0.3619577217766121,55.20309541864913,97.86190053230705
77.3,29.915273438332008,0.16945312333598395,cruise,0.5416579173178491,55.41456807481586,
77.4,29.932218750665605,0.13556249866879,cruise,0.7550180737507901,55.653346199749194,
77.5,29.945775000532485,0.10844999893502916,cruise,0.8001061988970974,55.71876869969583,
77.6,29.95662000042599,0.0867599991480219,cruise,0.9281766990143865,55.86310669965337,
77.7,29.965296000340793,0.06940799931841468,cruise,1.037633099107964,55.98557709961915,
77.8,29.972236800272633,0.05552639945473459,cruise,1.408998219182891,56.367353419591836,
77.9,29.977789440218107,0.04442111956378625,cruise,1.6038903152429214,56.57057447557008,
78.0,29.982231552174486,0.03553689565102758,cruise,1.6870039920911708,56.6603513203529,
78.1,29.98578524173959,0.028429516520823483,cruise,1.697094933569609,56.67577279617899,
78.2,29.98862819339167,0.02274361321666163,cruise,1.6509676867522245,56.63390997683973,135.28450990842128
78.3,29.990902554713337,0.01819489057332646,cruise,1.7774658892982274,56.763819721368236,
78.4,29.99272204377067,0.014555912458661169,cruise,1.8174644513350273,56.80654751699103,
78.5,29.994177635016534,0.011644729966931777,cruise,1.7998633009644607,56.79112975348926,368.3486891428766
78.6,29.995342108013226,0.009315783973548264,cruise,1.857582380668262,56.8505955426881,
78.7,29.996273686410582,0.007452627178835769,cruise,1.8785576444310692,56.872968174046946,
78.8,29.997018949128467,0.005962101743065773,cruise,2.1627378554411365,57.15826627913384,
78.9,29.997615159302775,0.004769681394449776,cruise,2.375082024249636,57.3715047632038,
79.0,29.99809212744222,0.003815745115559821,cruise,2.5065573592963943,57.503695550459724,
79.1,29.998473701953777,0.0030525960924450146,cruise,2.782137627333583,57.77984818026425,
79.2,29.998778961563023,0.0024420768739545906,cruise,2.928801841763402,57.92697028410794,
79.3,29.999023169250417,0.0019536614991650936,cruise,2.9905332133071667,57.98906796718279,
79.4,29.999218535400335,0.0015629291993306538,cruise,3.2813183105425097,58.28014611364301,
79.5,29.999374828320267,0.001250343359465944,cruise,3.4821463883304986,58.4812086308109,
79.6,29.999499862656215,0.0010002746875699131,cruise,3.537008850560568,58.53625864454489,
79.7,29.999599890124973,0.0008002197500545094,cruise,3.675898820345054,58.675298655532515,
79.8,29.999679912099978,0.0006401758000436075,cruise,3.752810796172959,58.752330664322926,
79.9,29.999743929679983,0.0005121406400334649,cruise,3.7847403768351597,58.784356271355136,
80.0,29.999795143743988,0.0004097125120239298,cruise,4.039684041364822,59.0393767569808,
80.1,29.99983611499519,0.0003277700096191438,cruise,4.391638972988503,59.39139314548129,
80.2,29.99986889199615,0.00026221600769815723,cruise,4.431602918287439,59.43140625628166,
80.3,29.99989511359692,0.00020977280615852578,cruise,4.66257407452683,59.66241674492221,
80.4,29.999916090877537,0.00016781824492539954,cruise,4.780550999518013,59.78042513583432,
80.5,29.99993287270203,0.00013425459594174072,cruise,4.916532539511074,59.916431848564116,
80.6,29.999946298161625,0.0001074036767505504,cruise,5.046517771505563,60.046437218748,
80.7,29.9999570385293,8.592294140186141e-05,cruise,5.153505957100947,60.153441514894894,
80.8,29.99996563082344,6.873835312148913e-05,cruise,5.351496505577323,60.35144495181248,
80.9,29.99997250465875,5.499068250003347e-05,cruise,5.468488944358455,60.46844770134658,
81.0,29.999978003727,4.399254599718461e-05,cruise,5.694482895383672,60.69444990097418,
81.1,29.9999824029816,3.5194036797747685e-05,cruise,5.892478056203359,60.89245166067576,
81.2,29.99998592238528,2.8155229436777063e-05,cruise,6.076474184859407,61.07645306843733,
81.3,29.999988737908225,2.252418354942165e-05,cruise,6.19947108778414,61.19945419464648,
81.4,29.99999099032658,1.801934683953732e-05,cruise,6.35646861012404,61.35645509561391,
81.5,29.999992792261263,1.4415477473050942e-05,cruise,6.646466627996077,61.64645581638797,
81.6,29.999994233809012,1.1532381975598582e-05,cruise,6.914465042293671,61.914456393007185,
81.7,29.99999538704721,9.22590557905778e-06,cruise,7.042463773731782,62.0424568543026,
81.8,29.99999630963777,7.380724461825139e-06,cruise,7.27946275888214,62.279457223338795,
81.9,29.999997047710217,5.90457956661794e-06,cruise,7.582461947002159,62.58245751856748,
82.0,29.999997638168175,4.723663650452181e-06,cruise,7.653461297498168,62.653457754750434,
82.1,29.99999811053454,3.778930917519574e-06,cruise,7.943460777895197,62.94345794369701,
82.2,29.999998488427632,3.0231447354367447e-06,cruise,8.119460362212607,63.11945809485405,
82.3,29.999998790742104,2.4185157911915667e-06,cruise,8.418460029666832,63.41845821577999,
82.4,29.999999032593685,1.9348126301110824e-06,cruise,8.591459763629913,63.591458312520444,
82.5,29.999999226074948,1.547850104088866e-06,cruise,8.665459550800634,63.665458389913056,
82.6,29.999999380859958,1.2382800846921782e-06,cruise,8.759459380537024,63.75945845182696,
82.7,29.999999504687967,9.90624066332657e-07,cruise,9.021459244326259,64.02145850135821,
82.8,29.999999603750375,7.924992502239547e-07,cruise,9.306459135357372,64.30645854098293,
82.9,29.9999996830003,6.339993987580783e-07,cruise,9.48045904818244,64.48045857268289,
83.0,29.999999746400242,5.071995161642917e-07,cruise,9.810458978442355,64.81045859804271,
83.1,29.999999797120193,4.0575961435251884e-07,cruise,9.917458922650496,64.91745861833078,
83.2,29.999999837696155,3.246076900609296e-07,cruise,10.184458878016763,65.184458634561,
83.3,29.999999870156923,2.5968615346982915e-07,cruise,10.342458842309917,65.3424586475453,
83.4,29.999999896125537,2.0774892561803426e-07,cruise,10.558458813744224,65.55845865793253,
83.5,29.99999991690043,1.6619914333659835e-07,cruise,10.846458790891958,65.8464586662426,
83.6,29.999999933520343,1.3295931466927868e-07,cruise,11.04845877261026,66.04845867289077,
83.7,29.999999946816274,1.0636745173542295e-07,cruise,11.300458757984586,66.300458678209,
83.8,29.99999995745302,8.509395854616741e-08,cruise,11.692458746283904,66.69245868246344,
83.9,29.999999965962417,6.807516683693393e-08,cruise,11.93245873692338,66.932458685867,
84.0,29.999999972769935,5.44601306273762e-08,cruise,12.315458729434937,67.31545868858984,
84.1,29.999999978215946,4.3568107344071905e-08,cruise,12.50645872344397,67.50645869076789,
84.2,29.999999982572756,3.4854487296342995e-08,cruise,12.866458718651472,67.8664586925106,
84.3,29.999999986058207,2.7883586994903453e-08,cruise,13.319458714817529,68.31945869390483,
84.4,29.999999988846564,2.2306871017008234e-08,cruise,13.386458711750493,68.38645869502034,
84.5,29.999999991077253,1.7845493971435644e-08,cruise,13.624458709296505,68.62445869591238,
84.6,29.999999992861802,1.4276395177148515e-08,cruise,14.001458707333583,69.00145869662629,
84.7,29.999999994289443,1.142111472063334e-08,cruise,14.304458705763167,69.30445869719733,
84.8,29.999999995431555,9.136890355421201e-09,cruise,14.668458704507053,69.66845869765439,
84.9,29.999999996345245,7.309509442166018e-09,cruise,14.938458703502121,69.93845869801999,
85.0,29.999999997076195,5.847610395903757e-09,cruise,15.280458702698198,70.28045869831249,
85.1,29.999999997660957,4.678085474552063e-09,cruise,15.6014587020547,70.60145869854614,
85.2,29.999999998128764,3.742471221812593e-09,cruise,16.058458701539777,71.05845869873292,
85.3,29.99999999850301,2.993978398535546e-09,cruise,16.42745870112816,71.42745869888267,
85.4,29.99999999880241,2.395182718828437e-09,cruise,16.808458700798518,71.80845869900213,
85.5,29.999999999041925,1.9161490172336926e-09,cruise,17.117458700535394,72.11745869909828,
85.6,29.99999999923354,1.5329177927014825e-09,cruise,17.421458700324905,72.42145869917522,
85.7,29.999999999386834,1.2263328130757145e-09,cruise,17.73445870015646,72.73445869923671,
85.8,29.999999999509466,9.810676715460431e-10,cruise,18.134458700021717,73.13445869928591,
85.9,29.999999999607574,7.848512950658915e-10,cruise,18.455458699913578,73.45545869932494,
86.0,29.99999999968606,6.278781938817701e-10,cruise,18.851458699827404,73.8514586993565,
86.1,29.999999999748848,5.023039761908876e-10,cruise,19.431458699758167,74.43145869938144,
86.2,29.99999999979908,4.0184033878176706e-10,cruise,19.892458699702615,74.89245869940123,
86.3,29.999999999839265,3.2147084993994213e-10,cruise,20.2364586996583,75.2364586994172,
86.4,29.999999999871413,2.5717383778101066e-10,cruise,20.738458699622768,75.73845869942988,
86.5,29.99999999989713,2.05737649139337e-10,cruise,21.080458699594743,76.08045869944044,
86.6,29.999999999917705,1.645901193114696e-10,cruise,21.260458699571906,76.26045869944846,
86.7,29.999999999934165,1.3167067436370417e-10,cruise,21.54745869955339,76.54745869945464,
86.8,29.99999999994733,1.0533796057643485e-10,cruise,21.750458699539074,76.75045869946007,
86.9,29.999999999957865,8.427036846114788e-11,cruise,22.11145869952724,77.11145869946404,
87.0,29.999999999966292,6.74162947689183e-11,cruise,22.513458699517827,77.51345869946726,
87.1,29.999999999973035,5.3930193644191604e-11,cruise,23.087458699510506,78.08745869947006,
87.2,29.999999999978428,4.3144154915353283e-11,cruise,23.52745869950475,78.52745869947239,
87.3,29.99999999998274,3.451816610322567e-11,cruise,23.91545869950002,78.91545869947413,
87.4,29.999999999986194,2.7611690711637493e-11,cruise,24.413458699496246,79.41345869947554,
87.5,29.999999999988955,2.2090773654781515e-11,cruise,24.603458699493075,79.6034586994765,
87.6,29.999999999991164,1.7671197838353692e-11,cruise,25.047458699490626,80.04745869947737,
87.7,29.99999999999293,1.4139800441625994e-11,cruise,25.549458699488838,80.54945869947824,
87.8,29.999999999994344,1.1311840353300795e-11,cruise,25.824458699487266,80.82445869947878,
87.9,29.999999999995474,9.052314453583676e-12,cruise,26.372458699485804,81.37245869947901,
88.0,29.99999999999638,7.240430477395421e-12,cruise,26.840458699484742,81.84045869947931,
88.1,29.999999999997105,5.7909232964448165e-12,cruise,27.234458699483888,82.23445869947955,
88.2,29.999999999997684,4.632738637155853e-12,cruise,27.739458699483585,82.73945869948011,
88.3,29.999999999998145,3.709033080667723e-12,cruise,28.41745869948278,83.41745869948,
88.4,29.999999999998515,2.9700686354772188e-12,cruise,28.88345869948212,83.88345869947989,
88.5,29.999999999998813,2.3732127374387346e-12,cruise,29.359458699481777,84.35945869948,
88.6,29.99999999999905,1.8971491044794675e-12,cruise,29.764458699481622,84.7644586994802,
88.7,29.99999999999924,1.5205614545266144e-12,cruise,30.13345869948148,85.13345869948034,
88.8,29.999999999999392,1.2150280781497713e-12,cruise,30.679458699481074,85.67945869948016,
88.9,29.999999999999513,9.734435479913373e-13,cruise,31.053458699480693,86.05345869947996,
89.0,29.99999999999961,7.815970093361102e-13,cruise,31.527458699480704,86.52745869948012,
89.1,29.999999999999687,6.252776074688882e-13,cruise,31.947458699480663,86.9474586994802,
89.2,29.99999999999975,4.973799150320701e-13,cruise,32.4704586994807,87.47045869948033,
89.3,29.9999999999998,3.979039320256561e-13,cruise,32.9824586994808,87.9824586994805,
89.4,29.99999999999984,3.197442310920451e-13,cruise,33.57045869948094,88.5704586994807,
89.5,29.999999999999872,2.5579538487363607e-13,cruise,34.000458699480724,89.00045869948053,
89.6,29.999999999999897,2.0605739337042905e-13,cruise,34.45945869948052,89.45945869948036,
89.7,29.99999999999992,1.6342482922482304e-13,cruise,34.847458699480406,89.84745869948028,
89.8,29.999999999999936,1.2789769243681803e-13,cruise,35.2934586994803,90.2934586994802,
89.9,29.99999999999995,9.947598300641403e-14,cruise,35.830458699480076,90.83045869948,
90.0,29.99999999999996,7.815970093361102e-14,cruise,36.40945869948024,91.40945869948018,
90.1,29.999999999999968,6.394884621840902e-14,cruise,36.80745869948037,91.80745869948032,
90.2,29.999999999999975,4.973799150320701e-14,cruise,37.38845869948049,92.38845869948045,
90.3,29.99999999999998,4.263256414560601e-14,cruise,38.01545869948043,93.0154586994804,
90.4,29.999999999999982,3.552713678800501e-14,cruise,38.53845869948057,93.53845869948054,
90.5,29.999999999999986,2.842170943040401e-14,cruise,39.209458699480386,94.20945869948036,
90.6,29.99999999999999,2.1316282072803006e-14,cruise,39.5984586994805,94.59845869948049,
90.7,29.999999999999993,1.4210854715202004e-14,cruise,39.93445869948029,94.93445869948027,
90.8,29.999999999999993,1.4210854715202004e-14,cruise,40.20945869948038,95.20945869948036,
90.9,29.999999999999993,1.4210854715202004e-14,cruise,40.819458699480506,95.81945869948049,
91.0,29.999999999999993,1.4210854715202004e-14,cruise,41.337458699480536,96.33745869948052,
91.1,29.999999999999993,1.4210854715202004e-14,cruise,41.776458699480386,96.77645869948037,
91.2,29.999999999999993,1.4210854715202004e-14,cruise,42.24545869948044,97.24545869948042,
91.3,29.999999999999993,1.4210854715202004e-14,cruise,42.5644586994804,97.56445869948038,
91.4,29.999999999999993,1.4210854715202004e-14,cruise,43.246458699480186,98.24645869948017,
91.5,29.999999999999993,1.4210854715202004e-14,cruise,43.68445869948029,98.68445869948027,
91.6,29.999999999999993,1.4210854715202004e-14,cruise,44.11545869948033,99.11545869948031,
91.7,29.999999999999993,1.4210854715202004e-14,cruise,44.60445869948036,99.60445869948035,
91.8,29.999999999999993,1.4210854715202004e-14,cruise,45.063458699480194,100.06345869948018,
91.9,29.999999999999993,1.4210854715202004e-14,cruise,45.49145869948008,100.49145869948006,
92.0,29.999999999999993,1.4210854715202004e-14,cruise,45.81045869948004,100.81045869948002,
92.1,29.999999999999993,1.4210854715202004e-14,cruise,46.25345869948025,101.25345869948023,
92.2,29.999999999999993,1.4210854715202004e-14,cruise,46.83445869948038,101.83445869948036,
92.3,29.999999999999993,1.4210854715202004e-14,cruise,47.356458699480314,102.3564586994803,
92.4,29.999999999999993,1.4210854715202004e-14,cruise,47.89845869948023,102.89845869948022,
92.5,29.999999999999993,1.4210854715202004e-14,cruise,48.221458699480095,103.22145869948008,
92.6,29.999999999999993,1.4210854715202004e-14,cruise,48.49145869948008,103.49145869948006,
92.7,29.999999999999993,1.4210854715202004e-14,cruise,48.84345869947994,103.84345869947992,
92.8,29.999999999999993,1.4210854715202004e-14,cruise,49.209458699479924,104.20945869947991,
92.9,29.999999999999993,1.4210854715202004e-14,cruise,49.67445869948007,104.67445869948006,
93.0,29.999999999999993,1.4210854715202004e-14,cruise,49.854458699479906,104.85445869947989,
93.1,29.999999999999993,1.4210854715202004e-14,cruise,50.35245869947995,105.35245869947994,
93.2,29.999999999999993,1.4210854715202004e-14,cruise,50.67645869948002,105.67645869948001,
93.3,29.999999999999993,1.4210854715202004e-14,cruise,50.96845869947994,105.96845869947992,
93.4,29.999999999999993,1.4210854715202004e-14,cruise,51.19745869947975,106.19745869947974,
93.5,29.999999999999993,1.4210854715202004e-14,cruise,51.35745869947961,106.3574586994796,
93.6,29.999999999999993,1.4210854715202004e-14,cruise,51.75945869947965,106.75945869947964,
93.7,29.999999999999993,1.4210854715202004e-14,cruise,52.08145869947977,107.08145869947975,
93.8,29.999999999999993,1.4210854715202004e-14,cruise,52.26345869947956,107.26345869947954,
93.9,29.999999999999993,1.4210854715202004e-14,cruise,52.44045869947969,107.44045869947968,
94.0,29.999999999999993,1.4210854715202004e-14,cruise,52.70745869947952,107.7074586994795,
94.1,29.999999999999993,1.4210854715202004e-14,cruise,53.16745869947955,108.16745869947954,
94.2,29.999999999999993,1.4210854715202004e-14,cruise,53.43145869947968,108.43145869947966,
94.3,29.999999999999993,1.4210854715202004e-14,cruise,53.56845869947985,108.56845869947983,
94.4,29.999999999999993,1.4210854715202004e-14,cruise,53.824458699479706,108.82445869947969,
94.5,29.999999999999993,1.4210854715202004e-14,cruise,54.07245869947975,109.07245869947974,
94.6,29.999999999999993,1.4210854715202004e-14,cruise,54.07745869947986,109.07745869947985,
94.7,29.999999999999993,1.4210854715202004e-14,cruise,54.33745869948008,109.33745869948007,
94.8,29.999999999999993,1.4210854715202004e-14,cruise,54.57445869948016,109.57445869948015,
94.9,29.999999999999993,1.4210854715202004e-14,cruise,54.897458699480026,109.89745869948001,
95.0,29.999999999999993,1.4210854715202004e-14,cruise,55.32745869947986,110.32745869947985,
95.1,29.999999999999993,1.4210854715202004e-14,cruise,55.68245869947988,110.68245869947987,
95.2,29.999999999999993,1.4210854715202004e-14,cruise,55.89645869947982,110.89645869947981,
95.3,29.999999999999993,1.4210854715202004e-14,cruise,56.02445869947998,111.02445869947996,
95.4,29.999999999999993,1.4210854715202004e-14,cruise,56.50345869947979,111.50345869947978,
95.5,29.999999999999993,1.4210854715202004e-14,cruise,56.734458699480015,111.73445869948,
95.6,29.999999999999993,1.4210854715202004e-14,cruise,56.95545869948002,111.95545869948,
95.7,29.999999999999993,1.4210854715202004e-14,cruise,57.16845869948021,112.1684586994802,
95.8,29.999999999999993,1.4210854715202004e-14,cruise,57.397458699480026,112.39745869948001,
95.9,29.999999999999993,1.4210854715202004e-14,cruise,57.58845869947983,112.58845869947982,
96.0,29.999999999999993,1.4210854715202004e-14,cruise,57.73345869947981,112.7334586994798,
96.1,29.999999999999993,1.4210854715202004e-14,cruise,57.87645869947984,112.87645869947983,
96.2,29.999999999999993,1.4210854715202004e-14,cruise,58.06345869947974,113.06345869947972,
96.3,29.999999999999993,1.4210854715202004e-14,cruise,58.19645869947955,113.19645869947954,
96.4,29.999999999999993,1.4210854715202004e-14,cruise,58.30845869947963,113.30845869947962,
96.5,29.999999999999993,1.4210854715202004e-14,cruise,58.493458699479575,113.49345869947956,
96.6,29.999999999999993,1.4210854715202004e-14,cruise,58.63945869947976,113.63945869947975,
96.7,29.999999999999993,1.4210854715202004e-14,cruise,58.94745869947975,113.94745869947974,
96.8,29.999999999999993,1.4210854715202004e-14,cruise,58.85645869947986,113.85645869947984,125.11698758184694
96.9,29.999999999999993,1.4210854715202004e-14,cruise,59.11445869947967,114.11445869947966,
97.0,29.999999999999993,1.4210854715202004e-14,cruise,59.3824586994797,114.38245869947968,
97.1,29.999999999999993,1.4210854715202004e-14,cruise,59.33145869947977,114.33145869947975,224.17933078329608
97.2,29.999999999999993,1.4210854715202004e-14,cruise,59.43945869947994,114.43945869947993,
97.3,29.999999999999993,1.4210854715202004e-14,cruise,59.53945869947985,114.53945869947984,
97.4,29.999999999999993,1.4210854715202004e-14,cruise,59.5374586994799,114.53745869947988,5726.872934976151
97.5,29.999999999999993,1.4210854715202004e-14,cruise,59.58945869948003,114.58945869948002,
97.6,29.999999999999993,1.4210854715202004e-14,cruise,59.60545869948011,114.6054586994801,
97.7,29.999999999999993,1.4210854715202004e-14,cruise,59.884458699480106,114.88445869948009,
97.8,29.999999999999993,1.4210854715202004e-14,cruise,60.08145869948022,115.08145869948021,
97.9,29.999999999999993,1.4210854715202004e-14,cruise,60.30445869948018,115.30445869948016,
98.0,29.999999999999993,1.4210854715202004e-14,cruise,60.471458699480095,115.47145869948008,
98.1,29.999999999999993,1.4210854715202004e-14,cruise,60.46145869947988,115.46145869947986,1154.6145869948643
98.2,29.999999999999993,1.4210854715202004e-14,cruise,60.502458699480044,115.50245869948003,
98.3,29.999999999999993,1.4210854715202004e-14,cruise,60.63245869948015,115.63245869948014,
98.4,29.999999999999993,1.4210854715202004e-14,cruise,60.59945869948025,115.59945869948024,350.30138999843433
98.5,29.999999999999993,1.4210854715202004e-14,cruise,60.74045869948033,115.74045869948031,
98.6,29.999999999999993,1.4210854715202004e-14,cruise,60.7884586994801,115.78845869948009,
98.7,29.999999999999993,1.4210854715202004e-14,cruise,60.81945869948005,115.81945869948004,
98.8,29.999999999999993,1.4210854715202004e-14,cruise,60.94445869948005,115.94445869948004,
98.9,29.999999999999993,1.4210854715202004e-14,cruise,61.040458699480055,116.04045869948004,
99.0,29.999999999999993,1.4210854715202004e-14,cruise,61.05745869947988,116.05745869947987,
99.1,29.999999999999993,1.4210854715202004e-14,cruise,61.20845869947972,116.2084586994797,
99.2,29.999999999999993,1.4210854715202004e-14,cruise,61.149458699479524,116.14945869947951,196.86348932115413
99.3,29.999999999999993,1.4210854715202004e-14,cruise,61.24045869947942,116.2404586994794,
99.4,29.999999999999993,1.4210854715202004e-14,cruise,61.32445869947925,116.32445869947924,
99.5,29.999999999999993,1.4210854715202004e-14,cruise,61.321458699479095,116.32145869947908,3877.3819566500742
99.6,29.999999999999993,1.4210854715202004e-14,cruise,61.37145869947928,116.37145869947926,
99.7,29.999999999999993,1.4210854715202004e-14,cruise,61.27345869947932,116.2734586994793,118.64638642804091
99.8,29.999999999999993,1.4210854715202004e-14,cruise,61.36645869947917,116.36645869947915,
99.9,29.999999999999993,1.4210854715202004e-14,cruise,61.354458699479,116.35445869947898,969.6204891623743
100.0,29.999999999999993,1.4210854715202004e-14,cruise,61.30745869947897,116.30745869947896,247.4626780840021
100.1,29.999999999999993,1.4210854715202004e-14,cruise,61.39645869947891,116.3964586994789,
100.2,29.999999999999993,1.4210854715202004e-14,cruise,61.32345869947905,116.32345869947903,159.34720369791793
100.3,29.999999999999993,1.4210854715202004e-14,cruise,61.18245869947897,116.18245869947896,82.3989068790635
100.4,29.999999999999993,1.4210854715202004e-14,cruise,61.023458699478866,116.02345869947885,72.97072874181093
100.5,29.999999999999993,1.4210854715202004e-14,cruise,61.05245869947886,116.05245869947885,
100.6,29.999999999999993,1.4210854715202004e-14,cruise,60.908458699479084,115.90845869947907,80.49198520797191
100.7,29.999999999999993,1.4210854715202004e-14,cruise,61.02945869947918,116.02945869947916,
100.8,29.999999999999993,1.4210854715202004e-14,cruise,60.80445869947927,115.80445869947926,51.46864831087983
100.9,29.999999999999993,1.4210854715202004e-14,cruise,60.90945869947929,115.90945869947927,
101.0,29.999999999999993,1.4210854715202004e-14,cruise,60.87845869947934,115.87845869947932,373.8014796757499
101.1,29.999999999999993,1.4210854715202004e-14,cruise,60.81445869947949,115.81445869947947,180.96009171793852
101.2,29.999999999999993,1.4210854715202004e-14,cruise,60.70645869947931,115.7064586994793,107.13560990692615
101.3,29.999999999999993,1.4210854715202004e-14,cruise,60.67645869947911,115.6764586994791,385.58819566493855
101.4,29.999999999999993,1.4210854715202004e-14,cruise,60.60345869947925,115.60345869947923,158.3609023280552
101.5,29.999999999999993,1.4210854715202004e-14,cruise,60.62545869947918,115.62545869947917,
101.6,29.999999999999993,1.4210854715202004e-14,cruise,60.55545869947902,115.555458699479,165.07922671354328
101.7,29.999999999999993,1.4210854715202004e-14,cruise,60.4834586994789,115.48345869947889,160.39369263816695
101.8,29.999999999999993,1.4210854715202004e-14,cruise,60.36145869947906,115.36145869947904,94.55857270449165
101.9,29.999999999999993,1.4210854715202004e-14,cruise,60.26145869947915,115.26145869947914,115.26145869947996
102.0,29.999999999999993,1.4210854715202004e-14,cruise,60.188458699479284,115.18845869947927,157.7924091773703
102.1,29.999999999999993,1.4210854715202004e-14,cruise,59.93445869947938,114.93445869947936,45.24978688955895
102.2,29.999999999999993,1.4210854715202004e-14,cruise,59.70745869947952,114.7074586994795,50.53192013192946
102.3,29.999999999999993,1.4210854715202004e-14,cruise,59.656458699479586,114.65645869947957,224.8165856852565
102.4,29.999999999999993,1.4210854715202004e-14,cruise,59.55145869947957,114.55145869947955,109.09662733283834
102.5,29.999999999999993,1.4210854715202004e-14,cruise,59.41045869947949,114.41045869947948,81.14216929041137
102.6,29.999999999999993,1.4210854715202004e-14,cruise,59.282458699479335,114.28245869947932,89.28317085896863
102.7,29.999999999999993,1.4210854715202004e-14,cruise,59.17745869947932,114.1774586994793,108.74043685664762
102.8,29.999999999999993,1.4210854715202004e-14,cruise,58.99145869947917,113.99145869947915,61.285730483591195
102.9,29.999999999999993,1.4210854715202004e-14,cruise,58.77945869947918,113.77945869947916,53.66955599032052
103.0,29.999999999999993,1.4210854715202004e-14,cruise,58.64645869947937,113.64645869947935,85.44846518757903
103.1,29.999999999999993,1.4210854715202004e-14,cruise,58.407458699479335,113.40745869947932,47.450819539531224
103.2,29.999999999999993,1.4210854715202004e-14,cruise,58.282458699479335,113.28245869947932,90.62596695958398
103.3,29.999999999999993,1.4210854715202004e-14,cruise,57.97245869947939,112.97245869947938,36.44272861273535
103.4,29.999999999999993,1.4210854715202004e-14,cruise,57.889458699479306,112.88945869947929,136.01139602347047
103.5,29.999999999999993,1.4210854715202004e-14,cruise,57.75445869947909,112.75445869947907,83.52182125887374
103.6,29.999999999999993,1.4210854715202004e-14,cruise,57.596458699479186,112.59645869947917,71.26358145536696
103.7,29.999999999999993,1.4210854715202004e-14,cruise,57.494458699479324,112.49445869947931,110.28868499949033
103.8,29.999999999999993,1.4210854715202004e-14,cruise,57.44445869947914,112.44445869947913,224.88891739896144
103.9,29.999999999999993,1.4210854715202004e-14,cruise,57.334458699479015,112.334458699479,102.12223518134508
104.0,29.999999999999993,1.4210854715202004e-14,cruise,56.979458699479,111.97945869947898,31.543509492811037
104.1,29.999999999999993,1.4210854715202004e-14,cruise,56.6674586994791,111.66745869947908,35.79085214726901
104.2,29.999999999999993,1.4210854715202004e-14,cruise,56.40545869947893,111.40545869947891,42.521167442549306
104.3,29.999999999999993,1.4210854715202004e-14,cruise,56.192458699478735,111.19245869947872,52.2030322532766
104.4,29.999999999999993,1.4210854715202004e-14,cruise,56.0154586994786,111.01545869947859,62.7205981352989
104.5,29.999999999999993,1.4210854715202004e-14,cruise,55.730458699478746,110.73045869947873,38.852792526132966
104.6,29.999999999999993,1.4210854715202004e-14,cruise,55.516458699478804,110.51645869947879,51.6432049997566
104.7,29.999999999999993,1.4210854715202004e-14,cruise,55.21845869947903,110.21845869947902,36.98605996626821
104.8,29.999999999999993,1.4210854715202004e-14,cruise,54.92745869947886,109.92745869947885,37.77575900325743
104.9,29.999999999999993,1.4210854715202004e-14,cruise,54.566458699478986,109.56645869947897,30.35081958434327
105.0,29.999999999999993,1.4210854715202004e-14,cruise,54.240458699478964,109.24045869947895,33.50934315934943
105.1,29.999999999999993,1.4210854715202004e-14,cruise,53.87445869947898,108.87445869947896,29.747119863245675
105.2,29.999999999999993,1.4210854715202004e-14,cruise,53.53445869947883,108.53445869947882,31.92189961749385
105.3,29.999999999999993,1.4210854715202004e-14,cruise,53.355458699478746,108.35545869947873,60.533775809764926
105.4,29.999999999999993,1.4210854715202004e-14,cruise,53.00745869947879,108.00745869947878,31.036626063068674
105.5,29.999999999999993,1.4210854715202004e-14,cruise,52.947458699478844,107.94745869947883,179.91243116579975
105.6,29.999999999999993,1.4210854715202004e-14,cruise,52.70745869947906,107.70745869947905,44.878107791449764
105.7,29.999999999999993,1.4210854715202004e-14,cruise,52.43745869947908,107.43745869947907,39.79165137017755
105.8,29.999999999999993,1.4210854715202004e-14,cruise,52.07745869947895,107.07745869947894,29.743738527633084
105.9,29.999999999999993,1.4210854715202004e-14,cruise,51.839458699479124,106.83945869947911,44.89052886532751
106.0,29.999999999999993,1.4210854715202004e-14,cruise,51.49245869947892,106.4924586994789,30.689469365844136
106.1,29.999999999999993,1.4210854715202004e-14,cruise,51.197458699478844,106.19745869947883,35.999138542196306
106.2,29.999999999999993,1.4210854715202004e-14,cruise,51.09445869947878,106.09445869947876,103.004328834446
106.3,29.999999999999993,1.4210854715202004e-14,cruise,50.77145869947891,105.7714586994789,32.74658164070561
106.4,29.999999999999993,1.4210854715202004e-14,cruise,50.54345869947885,105.54345869947883,46.29099065766628
106.5,29.999999999999993,1.4210854715202004e-14,cruise,50.16245869947899,105.16245869947898,27.601695196713703
106.6,29.999999999999993,1.4210854715202004e-14,cruise,49.829458699478906,104.82945869947889,31.480317927771523
106.7,29.999999999999993,1.4210854715202004e-14,cruise,49.636458699478695,104.63645869947868,54.21578170957466
106.8,29.999999999999993,1.4210854715202004e-14,cruise,49.24645869947882,104.24645869947881,26.729861204994624
106.9,29.999999999999993,1.4210854715202004e-14,cruise,49.0454586994788,104.04545869947879,51.76390980073586
107.0,29.999999999999993,1.4210854715202004e-14,cruise,48.75145869947893,103.75145869947892,35.28961180254392
107.1,29.999999999999993,1.4210854715202004e-14,cruise,48.35145869947884,103.35145869947883,25.837864674869753
107.2,29.999999999999993,1.4210854715202004e-14,cruise,48.041458699478895,103.04145869947888,33.23918022563841
107.3,29.999999999999993,1.4210854715202004e-14,cruise,47.753458699478884,102.75345869947887,35.67828427065248
107.4,29.999999999999993,1.4210854715202004e-14,cruise,47.43245869947897,102.43245869947896,31.91042327086578
107.5,29.999999999999993,1.4210854715202004e-14,cruise,46.933458699479175,101.93345869947916,20.427546833562992
107.6,29.999999999999993,1.4210854715202004e-14,cruise,46.49645869947928,101.49645869947926,23.225734256173777
107.7,29.999999999999993,1.4210854715202004e-14,cruise,46.09245869947928,101.09245869947927,25.02288581670284
107.8,29.999999999999993,1.4210854715202004e-14,cruise,45.696458699479095,100.69645869947908,25.428398661484657
107.9,29.999999999999993,1.4210854715202004e-14,cruise,45.35045869947909,100.35045869947908,29.003022745514237
108.0,29.999999999999993,1.4210854715202004e-14,cruise,44.964458699479124,99.96445869947911,25.897528160486868
108.1,29.999999999999993,1.4210854715202004e-14,cruise,44.45545869947911,99.4554586994791,19.539382848620676
108.2,29.999999999999993,1.4210854715202004e-14,cruise,44.075458699479,99.07545869947899,26.072489131441884
108.3,29.999999999999993,1.4210854715202004e-14,cruise,43.70745869947906,98.70745869947905,26.822678994423708
108.4,29.999999999999993,1.4210854715202004e-14,cruise,43.33045869947911,98.3304586994791,26.082349787660288
108.5,29.999999999999993,1.4210854715202004e-14,cruise,42.98845869947901,97.988458699479,28.651596110958817
108.6,29.999999999999993,1.4210854715202004e-14,cruise,42.622458699479026,97.62245869947901,26.672802923354972
108.7,29.999999999999993,1.4210854715202004e-14,cruise,42.222458699478935,97.22245869947892,24.305614674869773
108.8,29.999999999999993,1.4210854715202004e-14,cruise,41.77745869947877,96.77745869947876,21.747743527972794
108.9,29.999999999999993,1.4210854715202004e-14,cruise,41.205458699478655,96.20545869947864,16.819136136272515
109.0,29.999999999999993,1.4210854715202004e-14,cruise,40.78845869947874,95.78845869947872,22.9708534051508
109.1,29.999999999999993,1.4210854715202004e-14,cruise,40.34945869947889,95.34945869947887,21.71969446457381
109.2,29.999999999999993,1.4210854715202004e-14,cruise,39.91045869947904,94.91045869947902,21.61969446457384
109.3,29.999999999999993,1.4210854715202004e-14,cruise,39.34845869947914,94.34845869947912,16.787981974996303
109.4,29.999999999999993,1.4210854715202004e-14,cruise,38.796458699479004,93.79645869947899,16.992112083238972
109.5,29.999999999999993,1.4210854715202004e-14,cruise,38.40145869947902,93.40145869947901,23.645938911260554
109.6,29.999999999999993,1.4210854715202004e-14,cruise,37.91845869947885,92.91845869947883,19.237776128256524
109.7,29.999999999999993,1.4210854715202004e-14,cruise,37.48445869947865,92.48445869947864,21.309783110478985
109.8,29.999999999999993,1.4210854715202004e-14,cruise,36.99645869947882,91.99645869947881,18.851733340057162
109.9,29.999999999999993,1.4210854715202004e-14,cruise,36.503458699478884,91.50345869947887,18.560539289955173
110.0,29.999999999999993,1.4210854715202004e-14,cruise,36.07345869947905,91.07345869947903,21.179874116157947
110.1,29.999999999999993,1.4210854715202004e-14,cruise,35.52945869947918,90.52945869947916,16.641444613874864
110.2,29.999999999999993,1.4210854715202004e-14,cruise,35.02645869947902,90.02645869947901,17.897904314011754
110.3,29.999999999999993,1.4210854715202004e-14,cruise,34.477458699479044,89.47745869947903,16.29826205819293
110.4,29.999999999999993,1.4210854715202004e-14,cruise,33.92545869947891,88.9254586994789,16.109684547007067
110.5,29.999999999999993,1.4210854715202004e-14,cruise,33.377458699479135,88.37745869947912,16.12727348530643
110.6,29.999999999999993,1.4210854715202004e-14,cruise,32.86345869947901,87.863458699479,17.094058112739127
110.7,29.999999999999993,1.4210854715202004e-14,cruise,32.29345869947885,87.29345869947883,15.31464187710157
110.8,29.999999999999993,1.4210854715202004e-14,cruise,31.84645869947873,86.84645869947872,19.428737964089233
110.9,29.999999999999993,1.4210854715202004e-14,cruise,31.235458699478855,86.23545869947884,14.113823027737963
111.0,29.999999999999993,1.4210854715202004e-14,cruise,30.671458699479004,85.67145869947899,15.18997494671615
111.1,29.999999999999993,1.4210854715202004e-14,cruise,30.084458699479015,85.084458699479,14.494797052722161
111.2,29.999999999999993,1.4210854715202004e-14,cruise,29.630458699478837,84.63045869947882,18.64107019812312
111.3,29.999999999999993,1.4210854715202004e-14,cruise,29.079458699478906,84.07945869947889,15.259429891012518
111.4,29.999999999999993,1.4210854715202004e-14,cruise,28.584458699479015,83.584458699479,16.885749232218007
111.5,29.999999999999993,1.4210854715202004e-14,cruise,27.901458699479022,82.90145869947901,12.137841683671905
111.6,29.999999999999993,1.4210854715202004e-14,cruise,27.340458699478873,82.34045869947886,14.67744361844545
111.7,29.999999999999993,1.4210854715202004e-14,cruise,26.819458699478687,81.81945869947867,15.704310690878843
111.8,29.999999999999993,1.4210854715202004e-14,cruise,26.235458699478855,81.23545869947884,13.910181284157353
111.9,29.999999999999993,1.4210854715202004e-14,cruise,25.717458699478826,80.71745869947881,15.58252098445539
112.0,29.999999999999993,1.4210854715202004e-14,cruise,25.080458699478655,80.08045869947864,12.571500580765889
112.1,29.999999999999993,1.4210854715202004e-14,cruise,24.57645869947875,79.57645869947874,15.78897990069025
112.2,29.999999999999993,1.4210854715202004e-14,cruise,24.131458699478586,79.13145869947857,17.782350269545777
112.3,29.999999999999993,1.4210854715202004e-14,cruise,23.49045869947851,78.4904586994785,12.245001357172946
112.4,29.999999999999993,1.4210854715202004e-14,cruise,22.838458699478466,77.83845869947845,11.938413910962966
112.5,29.999999999999993,1.4210854715202004e-14,cruise,22.31745869947828,77.31745869947827,14.840203205274157
112.6,29.999999999999993,1.4210854715202004e-14,cruise,21.79945869947825,76.79945869947824,14.826150328084623
112.7,29.999999999999993,1.4210854715202004e-14,cruise,21.127458699478225,76.12745869947821,11.328490877898558
112.8,29.999999999999993,1.4210854715202004e-14,cruise,20.457458699478153,75.45745869947814,11.262307268578839
112.9,29.999999999999993,1.4210854715202004e-14,cruise,19.79245869947819,74.79245869947817,11.246986270598237
113.0,29.999999999999993,1.4210854715202004e-14,cruise,19.047458699478298,74.04745869947828,9.939256201272263
113.1,29.999999999999993,1.4210854715202004e-14,cruise,18.3274586994785,73.32745869947848,10.184369263816468
113.2,29.999999999999993,1.4210854715202004e-14,cruise,17.59745869947848,72.59745869947847,9.94485735609295
113.3,29.999999999999993,1.4210854715202004e-14,cruise,16.87845869947843,71.87845869947841,9.997003991582542
113.4,29.999999999999993,1.4210854715202004e-14,cruise,16.206458699478404,71.20645869947839,10.596199211231916
113.5,29.999999999999993,1.4210854715202004e-14,cruise,15.547458699478298,70.54745869947828,10.705228937705366
113.6,29.999999999999993,1.4210854715202004e-14,cruise,14.975458699478182,69.97545869947817,12.233471800608088
113.7,29.999999999999993,1.4210854715202004e-14,cruise,14.221458699478276,69.22145869947826,9.18056481425442
113.8,29.999999999999993,1.4210854715202004e-14,cruise,13.599458699478433,68.59945869947842,11.028851880945098
113.9,29.999999999999993,1.4210854715202004e-14,cruise,12.889458699478396,67.88945869947838,9.561895591475837
114.0,29.999999999999993,1.4210854715202004e-14,cruise,12.186458699478422,67.18645869947841,9.557106500637051
114.1,29.999999999999993,1.4210854715202004e-14,cruise,11.527458699478316,66.5274586994783,10.09521376319854
114.2,29.999999999999993,1.4210854715202004e-14,cruise,10.74045869947851,65.7404586994785,8.353298437036663
114.3,29.999999999999993,1.4210854715202004e-14,cruise,10.051458699478658,65.05145869947864,9.441430870751626
114.4,29.999999999999993,1.4210854715202004e-14,cruise,9.342458699478826,64.34245869947881,9.075099957613382
114.5,29.999999999999993,1.4210854715202004e-14,cruise,8.651458699479022,63.65145869947901,9.211499088202471
114.6,29.999999999999993,1.4210854715202004e-14,cruise,7.941458699478986,62.94145869947897,8.864994183025214
114.7,29.999999999999993,1.4210854715202004e-14,cruise,7.373458699478775,62.37345869947876,10.981242728781487
114.8,29.999999999999993,1.4210854715202004e-14,cruise,6.590458699478873,61.59045869947886,7.865958965450694
114.9,29.999999999999993,1.4210854715202004e-14,cruise,5.809458699478924,60.80945869947891,7.786102266258512
115.0,29.999999999999993,1.4210854715202004e-14,cruise,5.017458699479008,60.01745869947899,7.577961957004929
115.1,29.999999999999993,1.4210854715202004e-14,cruise,4.225458699479091,59.22545869947908,7.477961957004939
115.2,29.999999999999993,-0.5925413005202103,follow,3.4224586994792077,58.42245869947919,7.275524121977489
115.3,29.94074586994797,-0.11870165202158489,follow,2.832265307562409,57.743384112484364,8.503246214532068
115.4,29.928875704745813,-1.068228628466386,follow,2.182182984890943,57.07549654200966,8.545674311838665
115.5,29.822052841899175,-1.6276429546302893,follow,1.5472119949707377,56.2802912578195,7.077454385272694
115.6,29.659288546436148,-1.7934824737238984,follow,0.9904295835216317,55.479362403175855,6.926877722224431
115.7,29.47994029906376,-1.6074003695657098,follow,0.5574579246737414,54.77736837326938,7.803110288640913
115.8,29.319200262107188,-2.549401899982769,follow,0.03964795389765641,54.01844834705844,7.1178051021755335
115.9,29.06426007210891,-1.6224463793844421,follow,-0.23736776831602668,53.35902233984734,8.091737625808042
116.0,28.90201543417047,-2.8403752873701578,follow,-0.6712023548250485,52.68182079643066,7.7793415134004125
116.1,28.617977905433452,-2.7156513394527693,follow,-1.011943852263002,51.91502300588718,6.770366796323279
116.2,28.346412771488176,-1.823705309649256,follow,-1.1472374284940443,51.37238172873822,9.467098042865901
116.3,28.16404224052325,-2.5863279941244954,follow,-1.3870858560991195,50.858977504685754,9.906224982578703
116.4,27.905409441110802,-2.962636326053513,follow,-1.6496776010915184,50.20843656057468,7.717951808426305
116.5,27.60914580850545,-2.6487923927462234,follow,-1.8161967330339692,49.597521979724206,8.11856903311624
116.6,27.344266569230825,-2.7048435211012745,follow,-1.9643045310451868,49.05209532280105,8.993343962966318
116.7,27.073782217120698,-2.652214692327462,follow,-2.0789562245922326,48.531717101088816,9.326239084606021
116.8,26.808560747887952,-2.5590994502293114,follow,-2.1589800955317457,48.05386102630018,10.056136891749096
116.9,26.55265080286502,-2.077381072044801,follow,-2.1453802582839216,47.68359594601361,12.878231970759227
117.0,26.34491269566054,-3.248684910837895,follow,-2.329264367042917,47.18810467644789,9.523498712252739
117.1,26.02004420457675,-2.4534744700358218,follow,-2.349966050875068,46.680100255990055,9.188916154299347
117.2,25.774696757573167,-3.3006570823860244,follow,-2.508414556126894,46.15363058023286,8.766626589431146
117.3,25.444631049334564,-2.276601811579823,follow,-2.469779098702382,45.697167475299466,10.01114153179176
117.4,25.21697086817658,-2.7830199891861653,follow,-2.5219859137830127,45.303470388481855,11.507189640309504
117.5,24.938668869257963,-1.5464692450703268,follow,-2.3593998023308984,45.048603501556045,17.67534576379544
117.6,24.78402194475093,-3.3159906486186514,follow,-2.518831610045524,44.65720130708087,11.40954290431876
117.7,24.452422879889063,-1.4318937542233101,follow,-2.3376753007418216,44.34095901909177,14.021198525052167
117.8,24.309233504466732,-2.980511024622402,follow,-2.4448145880552516,44.01903566864485,13.673762902743093
117.9,24.011182402004493,-1.0890641070991052,follow,-2.2188561745625606,43.79791742844418,19.80746472509019
118.0,23.902275991294584,-2.026064072950291,follow,-2.1867241576271823,43.66668982931469,33.27553816345959
118.1,23.699669583999555,-2.211068242371354,follow,-2.1907815050845443,43.35872287091479,14.0790177933975
118.2,23.47856275976242,-1.933957742805319,follow,-2.1479775447046734,43.06986659493896,14.91048323231911
118.3,23.285166985481887,-1.4785157674694744,follow,-2.0364005818321402,42.89134989639069,24.02651978510158
118.4,23.13731540873494,-1.8501256363503416,follow,-2.005354757585174,42.700618355517236,22.38781176933877
118.5,22.952302845099904,-0.9716233919302724,follow,-1.8330661966426902,42.595388071007164,40.47825991287057
118.6,22.855140505906878,-2.0356894474488882,follow,-1.8668367384437232,42.415874020416595,23.628163857284648
118.7,22.65157156116199,-1.3676591724374276,follow,-1.783640477442674,42.19371686430031,18.992733613420462
118.8,22.514805643918248,-1.479630608598768,follow,-1.7329721659686896,42.03923629990868,27.213285027416305
118.9,22.36684258305837,-1.0834101680656119,follow,-1.6247118329848433,41.925552041602714,36.87894231478665
119.0,22.25850156625181,-1.4047436214778628,follow,-1.5880504644003466,41.79970188497737,33.213865604847264
119.1,22.118027204104024,-1.1385975275335127,follow,-1.5131416415892076,41.66389916456683,30.679723527376
119.2,22.00416745135067,-1.0609043376191991,follow,-1.4377687575942062,41.5684824194318,43.56518592264868
119.3,21.89807701758875,-0.9858010642898094,follow,-1.36244080871014,41.48467471767299,49.49983575140787
119.4,21.79949691115977,-0.8709179975438204,follow,-1.2805203401824201,41.41872502655724,62.803516325375305
119.5,21.71240511140539,-1.14013720923802,follow,-1.2571231516916868,41.311484515416396,38.52227490903849
119.6,21.598391390481588,-1.130034497664255,follow,-1.2359417093537814,41.1616453763686,27.470556516704992
119.7,21.485387940715164,-0.9661434258860169,follow,-1.1909753287758207,41.03710658229693,32.951263811605024
119.8,21.388773598126562,-0.656710404354655,follow,-1.1019311747056264,40.98122922248422,73.34138434579698
119.9,21.323102557691097,-1.5687533453994718,follow,-1.1797348698212673,40.80491896671538,23.143814742207717
120.0,21.16622722315115,-8.0,emergency,-2.5550445903267303,39.19429624439999,2.433487104171855
120.1,20.36622722315115,-8.0,emergency,-2.9466673126418783,37.60267352208484,2.362536862215023
120.2,19.56622722315115,-8.0,emergency,-3.3032900349567242,36.04605079977,2.3156574989577354
120.3,18.766227223151148,-8.0,emergency,-3.6169127572718978,34.532428077454824,2.2814422357928676
120.4,17.966227223151147,-8.0,emergency,-3.9115354795868384,33.03780535513988,2.210444472834292
120.5,17.166227223151147,-8.0,emergency,-4.178158201901994,31.57118263282473,2.152645131734256
120.6,16.366227223151146,-8.0,emergency,-4.422780924217207,30.126559910509513,2.085427526865248
120.7,15.566227223151145,-8.0,emergency,-4.626403646532708,28.72293718819401,2.046343132777077
120.8,14.766227223151144,-8.0,emergency,-4.801026368847758,27.348314465878957,1.989514215203676
120.9,13.966227223151144,-8.0,emergency,-4.944649091162862,26.004691743563853,1.9354161932269762
121.0,13.166227223151143,-8.0,emergency,-5.061271813477923,24.688069021248793,1.8751057993164473
121.1,12.366227223151142,-8.0,emergency,-5.097894535793053,23.45144629893366,1.8964107545290438
121.2,11.566227223151142,-8.0,emergency,-5.054517258108255,22.294823576618455,1.9275795941474145
121.3,10.766227223151141,-8.0,emergency,-4.931139980423534,21.218200854303177,1.9708111685286234
121.4,9.96622722315114,-8.0,emergency,-4.727762702738431,20.22157813198828,2.029010344557906
121.5,9.16622722315114,-8.0,emergency,-4.3943854250532155,19.354955409673494,2.2333773291759837
121.6,8.366227223151139,-8.0,emergency,-3.9290081473683927,18.620332687358314,2.534679655521353
121.7,7.566227223151139,-8.0,follow,-3.2846308696834896,18.06470996504322,3.2512547164689325
121.8,6.766227223151139,1.6316327964243342,follow,-2.4652535919988523,17.684087242727855,4.646093416379742
121.9,6.929390502793573,-5.679357410455474,follow,-3.0009375617416225,17.393148192448734,5.978279016085319
122.0,6.361454761748026,1.3896112506188132,follow,-2.2691794263482166,17.273002716273822,14.376739987399038
122.1,6.500415886809907,-3.928079083990532,follow,-2.545662702621936,17.204961127592924,25.285948581032503
122.2,6.1076079784108535,1.543043685922978,follow,-1.8642116378644502,17.29720032975183,
122.3,6.261912347003151,-2.312098363398114,follow,-1.9388594254533942,17.454009095051333,
122.4,6.03070251066334,2.1156075952068605,follow,-1.2631149220100184,17.782938843984994,
122.5,6.242263270184026,-1.1885197198047734,follow,-1.2506823883091442,18.112712516966894,
122.6,6.123411298203548,2.6369385805921652,follow,-0.602745560158926,18.582371387146395,
122.7,6.3871051562627645,0.47574662354953645,follow,-0.42299686287418226,19.157660871519965,
122.8,6.4346798186177185,3.0,follow,0.17117316173187902,19.823192889658458,
122.9,6.734679818617718,1.2123652705606105,follow,0.34470517987000093,20.44672490779658,
123.0,6.855916345673779,3.0,follow,0.805258754718313,21.08913327322898,
123.1,7.155916345673779,2.685708947313298,follow,1.1186671201508105,21.852541638661478,
123.2,7.424487240405108,2.5688367233267755,follow,1.3603620540134713,22.497092914621135,
123.3,7.681370912737786,2.8455864553760435,follow,1.6078994542405667,23.129955823347245,
123.4,7.96592955827539,3.0,follow,1.954468530106631,23.903362867519718,
123.5,8.26592955827539,3.0,follow,2.253875574279217,24.652769911692303,
123.6,8.565929558275391,3.0,follow,2.546282618451741,25.395176955864827,
123.7,8.865929558275392,3.0,follow,2.9456896626242326,26.24458400003732,
123.8,9.165929558275392,3.0,follow,3.3420967067965712,27.09099104420966,
123.9,9.465929558275393,3.0,follow,3.715503750969223,27.914398088382313,
124.0,9.765929558275394,3.0,follow,4.067910795141692,28.716805132554782,
124.1,10.065929558275394,3.0,follow,4.56131783931378,29.660212176726873,
124.2,10.365929558275395,3.0,follow,5.062724883486137,30.61161922089923,
124.3,10.665929558275396,3.0,follow,5.540131927658603,31.539026265071698,
124.4,10.965929558275397,3.0,follow,6.1575389718314,32.606433309244494,
124.5,11.265929558275397,3.0,follow,6.6139460160036805,33.51284035341678,
124.6,11.565929558275398,3.0,follow,7.059353060176452,34.40824739758955,
124.7,11.865929558275399,3.0,follow,7.576760104348882,35.37565444176198,
124.8,12.1659295582754,3.0,follow,8.157167148520962,36.40606148593406,
124.9,12.4659295582754,3.0,follow,8.777574192693457,37.47646853010656,
125.0,12.7659295582754,3.0,follow,9.383981236865832,38.53287557427893,
125.1,13.065929558275402,3.0,follow,10.052388281038557,39.65128261845166,
125.2,13.365929558275402,3.0,follow,10.623795325211077,40.67268966262418,
125.3,13.665929558275403,3.0,follow,11.415202369383849,41.914096706796954,
125.4,13.965929558275404,3.0,follow,12.112609413556118,43.06150375096922,
125.5,14.265929558275404,3.0,follow,12.923016457728668,44.321910795141775,
125.6,14.565929558275405,3.0,follow,13.693423501901258,45.542317839314364,
125.7,14.865929558275406,3.0,follow,14.493830546073589,46.7927248834867,
125.8,15.165929558275407,3.0,follow,15.324237590246128,48.07313192765923,
125.9,15.465929558275407,3.0,follow,16.165644634418626,49.364538971831735,
126.0,15.765929558275408,3.0,follow,17.044051678591387,50.6929460160045,
126.1,16.065929558275407,3.0,follow,18.003458722763824,52.10235306017694,
126.2,16.365929558275408,3.0,follow,18.883865766936545,53.432760104349654,
126.3,16.66592955827541,3.0,follow,19.83127281110881,54.83016714852192,
126.4,16.96592955827541,3.0,follow,20.67667985528167,56.125574192694785,
126.5,17.26592955827541,3.0,cruise,21.630086899454255,57.52898123686737,
126.6,17.56592955827541,3.0,cruise,22.362493943626376,58.71138828103949,
126.7,17.86592955827541,3.0,cruise,23.287900987798707,60.086795325211824,
126.8,18.165929558275412,3.0,cruise,24.017308031971126,61.266202369384246,
126.9,18.465929558275413,3.0,cruise,24.5917150761438,62.29060941355692,
127.0,18.765929558275413,3.0,cruise,25.277122120316356,63.426016457729474,
127.1,19.065929558275414,3.0,cruise,25.85952916448884,64.45842350190196,
127.2,19.365929558275415,3.0,cruise,26.548936208661296,65.59783054607442,
127.3,19.665929558275415,3.0,cruise,27.07334325283334,66.57223759024646,
127.4,19.965929558275416,3.0,cruise,27.586750297005864,67.53564463441899,
127.5,20.265929558275417,3.0,cruise,27.94015734117808,68.3390516785912,
127.6,20.565929558275418,3.0,cruise,28.392564385350454,69.24145872276358,
127.7,20.86592955827542,3.0,cruise,28.63797142952295,69.93686576693608,
127.8,21.16592955827542,3.0,cruise,28.928378473695524,70.67727281110865,
127.9,21.46592955827542,3.0,cruise,29.399785517868132,71.59867985528126,
128.0,21.76592955827542,3.0,cruise,29.844192562040696,72.49308689945383,
128.1,22.06592955827542,3.0,cruise,30.225599606213166,73.3244939436263,
128.2,22.365929558275422,3.0,cruise,30.452006650385428,74.00090098779856,
128.3,22.665929558275423,3.0,cruise,30.73141369455803,74.73030803197116,
128.4,22.965929558275423,3.0,cruise,30.984820738730335,75.43371507614347,
128.5,23.265929558275424,3.0,cruise,31.10422778290308,76.00312212031622,
128.6,23.565929558275425,3.0,cruise,31.432634827075667,76.7815291644888,
128.7,23.865929558275425,3.0,cruise,31.67504187124846,77.4739362086616,
128.8,24.165929558275426,3.0,cruise,31.788448915420894,78.03734325283403,
128.9,24.465929558275427,3.0,cruise,31.893855959593523,78.59275029700666,
129.0,24.765929558275428,3.0,cruise,31.98626300376577,79.13515734117891,
129.1,25.06592955827543,3.0,cruise,31.845670047937844,79.44456438535099,
129.2,25.36592955827543,3.0,cruise,31.837077092110434,79.88597142952358,
129.3,25.66592955827543,3.0,cruise,31.75948413628261,80.25837847369576,
129.4,25.96592955827543,3.0,cruise,31.62289118045505,80.5717855178682,
129.5,26.26592955827543,3.0,cruise,31.521298224627337,80.92019256204048,
129.6,26.565929558275432,3.0,cruise,31.576705268799778,81.42559960621293,
129.7,26.865929558275432,3.0,cruise,31.49811231297221,81.79700665038536,
129.8,27.165929558275433,3.0,cruise,31.280519357144513,82.02941369455766,
129.9,27.465929558275434,3.0,cruise,31.135926401317136,82.33482073873029,
130.0,27.765929558275435,3.0,cruise,,,
130.1,28.065929558275435,3.0,cruise,,,
130.2,28.365929558275436,3.0,cruise,,,
130.3,28.665929558275437,2.6681408834491265,cruise,,,
130.4,28.93274364662035,2.1345127067593026,cruise,,,
130.5,29.146194917296278,1.707610165407445,cruise,,,
130.6,29.316955933837022,1.366088132325956,cruise,,,
130.7,29.453564747069617,1.0928705058607662,cruise,,,
130.8,29.562851797655693,0.8742964046886144,cruise,,,
130.9,29.650281438124555,0.6994371237508901,cruise,,,
131.0,29.720225150499644,0.559549699000712,cruise,,,
131.1,29.776180120399715,0.44763975920056964,cruise,,,
131.2,29.82094409631977,0.35811180736045856,cruise,,,
131.3,29.856755277055818,0.286489445888364,cruise,,,
131.4,29.885404221644656,0.22919155671068836,cruise,,,
131.5,29.908323377315725,0.1833532453685507,cruise,,,
131.6,29.92665870185258,0.1466825962948377,cruise,,,
131.7,29.941326961482066,0.11734607703586875,cruise,,,
131.8,29.953061569185653,0.09387686162869358,cruise,,,
131.9,29.962449255348524,0.07510148930295202,cruise,,,
132.0,29.969959404278818,0.06008119144236446,cruise,,,
132.1,29.975967523423055,0.048064953153890144,cruise,,,
132.2,29.980774018738444,0.038451962523112115,cruise,,,
132.3,29.984619214990754,0.030761570018491113,cruise,,,
132.4,29.987695371992604,0.02460925601479147,cruise,,,
132.5,29.990156297594083,0.019687404811833176,cruise,,,
132.6,29.992125038075265,0.015749923849469383,cruise,,,
132.7,29.99370003046021,0.012599939079578348,cruise,,,
132.8,29.99496002436817,0.010079951263662679,cruise,,,
132.9,29.995968019494534,0.008063961010932985,cruise,,,
133.0,29.996774415595628,0.006451168808744967,cruise,,,
133.1,29.997419532476503,0.0051609350469945525,cruise,,,
133.2,29.997935625981203,0.004128748037594221,cruise,,,
133.3,29.998348500784964,0.0033029984300725346,cruise,,,
133.4,29.99867880062797,0.0026423987440580277,cruise,,,
133.5,29.998943040502375,0.0021139189952492643,cruise,,,
133.6,29.9991544324019,0.0016911351961965693,cruise,,,
133.7,29.99932354592152,0.0013529081569600976,cruise,,,
133.8,29.999458836737215,0.0010823265255694992,cruise,,,
133.9,29.999567069389773,0.0008658612204541782,cruise,,,
134.0,29.999653655511818,0.0006926889763647637,cruise,,,
134.1,29.999722924409454,0.0005541511810918109,cruise,,,
134.2,29.999778339527563,0.00044332094487486984,cruise,,,
134.3,29.99982267162205,0.00035465675590273804,cruise,,,
134.4,29.99985813729764,0.00028372540472076935,cruise,,,
134.5,29.999886509838113,0.0002269803237737733,cruise,,,
134.6,29.99990920787049,0.00018158425901759756,cruise,,,
134.7,29.999927366296394,0.00014526740721265696,cruise,,,
134.8,29.999941893037114,0.00011621392577154666,cruise,,,
134.9,29.99995351442969,9.297114061723732e-05,cruise,,,
135.0,29.999962811543753,7.437691249378986e-05,cruise,,,
135.1,29.999970249235,5.950152999645297e-05,cruise,,,
135.2,29.999976199388,4.760122399716238e-05,cruise,,,
135.3,29.999980959510403,3.808097919488773e-05,cruise,,,
135.4,29.99998476760832,3.046478335733127e-05,cruise,,,
135.5,29.99998781408666,2.4371826683022846e-05,cruise,,,
135.6,29.999990251269328,1.949746134499719e-05,cruise,,,
135.7,29.999992201015463,1.5597969074576667e-05,cruise,,,
135.8,29.99999376081237,1.247837526108242e-05,cruise,,,
135.9,29.999995008649897,9.982700206023765e-06,cruise,,,
136.0,29.99999600691992,7.986160163397926e-06,cruise,,,
136.1,29.999996805535936,6.38892812787617e-06,cruise,,,
136.2,29.99999744442875,5.111142499458765e-06,cruise,,,
136.3,29.999997955543,4.088913996724841e-06,cruise,,,
136.4,29.9999983644344,3.2711311988009584e-06,cruise,,,
136.5,29.99999869154752,2.6169049576196812e-06,cruise,,,
136.6,29.999998953238016,2.0935239675168305e-06,cruise,,,
136.7,29.999999162590413,1.6748191740134644e-06,cruise,,,
136.8,29.99999933007233,1.339855337789686e-06,cruise,,,
136.9,29.999999464057865,1.0718842702317488e-06,cruise,,,
137.0,29.999999571246292,8.57507416185399e-07,cruise,,,
137.1,29.999999656997034,6.860059329483192e-07,cruise,,,
137.2,29.999999725597625,5.488047492008263e-07,cruise,,,
137.3,29.9999997804781,4.39043802202832e-07,cruise,,,
137.4,29.999999824382478,3.5123504460443655e-07,cruise,,,
137.5,29.999999859505984,2.809880328413783e-07,cruise,,,
137.6,29.999999887604787,2.2479042627310264e-07,cruise,,,
137.7,29.99999991008383,1.798323410184821e-07,cruise,,,
137.8,29.999999928067062,1.4386587565695663e-07,cruise,,,
137.9,29.99999994245365,1.1509270336773625e-07,cruise,,,
138.0,29.99999995396292,9.207415985201806e-08,cruise,,,
138.1,29.999999963170335,7.365932930269992e-08,cruise,,,
138.2,29.99999997053627,5.892746202107446e-08,cruise,,,
138.3,29.999999976429017,4.7141966774688626e-08,cruise,,,
138.4,29.999999981143212,3.7713576261921844e-08,cruise,,,
138.5,29.99999998491457,3.0170859588452004e-08,cruise,,,
138.6,29.999999987931655,2.4136689091847074e-08,cruise,,,
138.7,29.999999990345323,1.9309354115648603e-08,cruise,,,
138.8,29.99999999227626,1.5447483292518882e-08,cruise,,,
138.9,29.999999993821007,1.2357986634015106e-08,cruise,,,
139.0,29.999999995056804,9.886392149383028e-09,cruise,,,
139.1,29.999999996045442,7.909115140591894e-09,cruise,,,
139.2,29.999999996836355,6.327290691388043e-09,cruise,,,
139.3,29.999999997469082,5.061835395281378e-09,cruise,,,
139.4,29.999999997975266,4.049468316225102e-09,cruise,,,
139.5,29.99999999838021,3.2395774951510248e-09,cruise,,,
139.6,29.99999999870417,2.59166199612082e-09,cruise,,,
139.7,29.999999998963336,2.0733281758111843e-09,cruise,,,
139.8,29.99999999917067,1.6586625406489475e-09,cruise,,,
139.9,29.999999999336534,1.3269314536046295e-09,cruise,,,
140.0,29.999999999469228,1.061543741798232e-09,cruise,,,
140.1,29.999999999575383,8.492335723531141e-10,cruise,,,
140.2,29.999999999660307,6.793854367970198e-10,cruise,,,
140.3,29.999999999728246,5.435083494376158e-10,cruise,,,
140.4,29.999999999782595,4.348095217210357e-10,cruise,,,
140.5,29.999999999826077,3.4784619629135705e-10,cruise,,,
140.6,29.99999999986086,2.7827695703308564e-10,cruise,,,
140.7,29.99999999988869,2.22620144540997e-10,cruise,,,
140.8,29.99999999991095,1.780975367182691e-10,cruise,,,
140.9,29.99999999992876,1.424780293746153e-10,cruise,,,
141.0,29.999999999943007,1.1398526567063527e-10,cruise,,,
141.1,29.999999999954404,9.119105470745126e-11,cruise,,,
141.2,29.999999999963524,7.295142268048949e-11,cruise,,,
141.3,29.999999999970818,5.836398031533463e-11,cruise,,,
141.4,29.999999999976655,4.668976316679618e-11,cruise,,,
141.5,29.999999999981323,3.735323161890847e-11,cruise,,,
141.6,29.999999999985057,2.9885427466069814e-11,cruise,,,
141.7,29.999999999988045,2.390976305832737e-11,cruise,,,
141.8,29.999999999990436,1.9127810446661897e-11,cruise,,,
141.9,29.999999999992347,1.5305090528272558e-11,cruise,,,
142.0,29.99999999999388,1.2242651337146526e-11,cruise,,,
142.1,29.999999999995104,9.79127889877418e-12,cruise,,,
142.2,29.999999999996085,7.830180948076304e-12,cruise,,,
142.3,29.999999999996867,6.266986929404084e-12,cruise,,,
142.4,29.999999999997492,5.016431714466307e-12,cruise,,,
142.5,29.999999999997993,4.014566457044566e-12,cruise,,,
142.6,29.999999999998394,3.211653165635653e-12,cruise,,,
142.7,29.999999999998714,2.5721647034515627e-12,cruise,,,
142.8,29.99999999999897,2.0605739337042905e-12,cruise,,,
142.9,29.999999999999176,1.6484591469634324e-12,cruise,,,
143.0,29.99999999999934,1.3216094885137863e-12,cruise,,,
143.1,29.99999999999947,1.0587086762825493e-12,cruise,,,
143.2,29.999999999999577,8.455458555545192e-13,cruise,,,
143.3,29.999999999999662,6.750155989720952e-13,cruise,,,
143.4,29.99999999999973,5.400124791776761e-13,cruise,,,
143.5,29.999999999999783,4.334310688136611e-13,cruise,,,
143.6,29.999999999999826,3.481659405224491e-13,cruise,,,
143.7,29.99999999999986,2.7711166694643907e-13,cruise,,,
143.8,29.99999999999989,2.2026824808563106e-13,cruise,,,
143.9,29.99999999999991,1.7763568394002505e-13,cruise,,,
144.0,29.99999999999993,1.4210854715202004e-13,cruise,,,
144.1,29.999999999999943,1.1368683772161603e-13,cruise,,,
144.2,29.999999999999954,9.237055564881302e-14,cruise,,,
144.3,29.999999999999964,7.105427357601002e-14,cruise,,,
144.4,29.99999999999997,5.684341886080802e-14,cruise,,,
144.5,29.99999999999998,4.263256414560601e-14,cruise,,,
144.6,29.999999999999982,3.552713678800501e-14,cruise,,,
144.7,29.999999999999986,2.842170943040401e-14,cruise,,,
144.8,29.99999999999999,2.1316282072803006e-14,cruise,,,
144.9,29.999999999999993,1.4210854715202004e-14,cruise,,,
145.0,29.999999999999993,1.4210854715202004e-14,cruise,,,
145.1,29.999999999999993,1.4210854715202004e-14,cruise,,,
145.2,29.999999999999993,1.4210854715202004e-14,cruise,,,
145.3,29.999999999999993,1.4210854715202004e-14,cruise,,,
145.4,29.999999999999993,1.4210854715202004e-14,cruise,,,
145.5,29.999999999999993,1.4210854715202004e-14,cruise,,,
145.6,29.999999999999993,1.4210854715202004e-14,cruise,,,
145.7,29.999999999999993,1.4210854715202004e-14,cruise,,,
145.8,29.999999999999993,1.4210854715202004e-14,cruise,,,
145.9,29.999999999999993,1.4210854715202004e-14,cruise,,,
146.0,29.999999999999993,1.4210854715202004e-14,cruise,,,
146.1,29.999999999999993,1.4210854715202004e-14,cruise,,,
146.2,29.999999999999993,1.4210854715202004e-14,cruise,,,
146.3,29.999999999999993,1.4210854715202004e-14,cruise,,,
146.4,29.999999999999993,1.4210854715202004e-14,cruise,,,
146.5,29.999999999999993,1.4210854715202004e-14,cruise,,,
146.6,29.999999999999993,1.4210854715202004e-14,cruise,,,
146.7,29.999999999999993,1.4210854715202004e-14,cruise,,,
146.8,29.999999999999993,1.4210854715202004e-14,cruise,,,
146.9,29.999999999999993,1.4210854715202004e-14,cruise,,,
147.0,29.999999999999993,1.4210854715202004e-14,cruise,,,
147.1,29.999999999999993,1.4210854715202004e-14,cruise,,,
147.2,29.999999999999993,1.4210854715202004e-14,cruise,,,
147.3,29.999999999999993,1.4210854715202004e-14,cruise,,,
147.4,29.999999999999993,1.4210854715202004e-14,cruise,,,
147.5,29.999999999999993,1.4210854715202004e-14,cruise,,,
147.6,29.999999999999993,1.4210854715202004e-14,cruise,,,
147.7,29.999999999999993,1.4210854715202004e-14,cruise,,,
147.8,29.999999999999993,1.4210854715202004e-14,cruise,,,
147.9,29.999999999999993,1.4210854715202004e-14,cruise,,,
148.0,29.999999999999993,1.4210854715202004e-14,cruise,,,
148.1,29.999999999999993,1.4210854715202004e-14,cruise,,,
148.2,29.999999999999993,1.4210854715202004e-14,cruise,,,
148.3,29.999999999999993,1.4210854715202004e-14,cruise,,,
148.4,29.999999999999993,1.4210854715202004e-14,cruise,,,
148.5,29.999999999999993,1.4210854715202004e-14,cruise,,,
148.6,29.999999999999993,1.4210854715202004e-14,cruise,,,
148.7,29.999999999999993,1.4210854715202004e-14,cruise,,,
148.8,29.999999999999993,1.4210854715202004e-14,cruise,,,
148.9,29.999999999999993,1.4210854715202004e-14,cruise,,,
149.0,29.999999999999993,1.4210854715202004e-14,cruise,,,
149.1,29.999999999999993,1.4210854715202004e-14,cruise,,,
149.2,29.999999999999993,1.4210854715202004e-14,cruise,,,
149.3,29.999999999999993,1.4210854715202004e-14,cruise,,,
149.4,29.999999999999993,1.4210854715202004e-14,cruise,,,
149.5,29.999999999999993,1.4210854715202004e-14,cruise,,,
149.6,29.999999999999993,1.4210854715202004e-14,cruise,,,
149.7,29.999999999999993,1.4210854715202004e-14,cruise,,,
149.8,29.999999999999993,1.4210854715202004e-14,cruise,,,
149.9,29.999999999999993,1.4210854715202004e-14,cruise,,,
150.0,29.999999999999993,1.4210854715202004e-14,cruise,,,
