time,ego_speed,acceleration_cmd,mode,distance_error,distance,ttc
0.0,0.05,0.5,cruise,,,
0.1,0.15000000000000002,1.0,cruise,,,
0.2,0.30000000000000004,1.5,cruise,,,
0.3,0.5,2.0,cruise,,,
0.4,0.75,2.5,cruise,,,
0.5,1.05,3.0,cruise,,,
0.6,1.35,3.0,cruise,,,
0.7,1.6500000000000001,3.0,cruise,,,
0.8,1.9500000000000002,3.0,cruise,,,
0.9,2.25,3.0,cruise,,,
1.0,2.55,3.0,cruise,,,
1.1,2.8499999999999996,3.0,cruise,,,
1.2,3.1499999999999995,3.0,cruise,,,
1.3,3.4499999999999993,3.0,cruise,,,
1.4,3.749999999999999,3.0,cruise,,,
1.5,4.049999999999999,3.0,cruise,,,
1.6,4.349999999999999,3.0,cruise,,,
1.7,4.649999999999999,3.0,cruise,,,
1.8,4.949999999999998,3.0,cruise,,,
1.9,5.249999999999998,3.0,cruise,,,
2.0,5.549999999999998,3.0,cruise,,,
2.1,5.849999999999998,3.0,cruise,,,
2.2,6.149999999999998,3.0,cruise,,,
2.3,6.4499999999999975,3.0,cruise,,,
2.4,6.749999999999997,3.0,cruise,,,
2.5,7.049999999999997,3.0,cruise,,,
2.6,7.349999999999997,3.0,cruise,,,
2.7,7.649999999999997,3.0,cruise,,,
2.8,7.949999999999997,3.0,cruise,,,
2.9,8.249999999999996,3.0,cruise,,,
3.0,8.549999999999997,3.0,cruise,,,
3.1,8.849999999999998,3.0,cruise,,,
3.2,9.149999999999999,3.0,cruise,,,
3.3,9.45,3.0,cruise,,,
3.4,9.75,3.0,cruise,,,
3.5,10.05,3.0,cruise,,,
3.6,10.350000000000001,3.0,cruise,,,
3.7,10.650000000000002,3.0,cruise,,,
3.8,10.950000000000003,3.0,cruise,,,
3.9,11.250000000000004,3.0,cruise,,,
4.0,11.550000000000004,3.0,cruise,,,
4.1,11.850000000000005,3.0,cruise,,,
4.2,12.150000000000006,3.0,cruise,,,
4.3,12.450000000000006,3.0,cruise,,,
4.4,12.750000000000007,3.0,cruise,,,
4.5,13.050000000000008,3.0,cruise,,,
4.6,13.350000000000009,3.0,cruise,,,
4.7,13.65000000000001,3.0,cruise,,,
4.8,13.95000000000001,3.0,cruise,,,
4.9,14.25000000000001,3.0,cruise,,,
5.0,14.550000000000011,3.0,cruise,,,
5.1,14.850000000000012,3.0,cruise,,,
5.2,15.150000000000013,3.0,cruise,,,
5.3,15.450000000000014,3.0,cruise,,,
5.4,15.750000000000014,3.0,cruise,,,
5.5,16.050000000000015,3.0,cruise,,,
5.6,16.350000000000016,3.0,cruise,,,
5.7,16.650000000000016,3.0,cruise,,,
5.8,16.950000000000017,3.0,cruise,,,
5.9,17.250000000000018,3.0,cruise,,,
6.0,17.55000000000002,3.0,cruise,,,
6.1,17.85000000000002,3.0,cruise,,,
6.2,18.15000000000002,3.0,cruise,,,
6.3,18.45000000000002,3.0,cruise,,,
6.4,18.75000000000002,3.0,cruise,,,
6.5,19.050000000000022,3.0,cruise,,,
6.6,19.350000000000023,3.0,cruise,,,
6.7,19.650000000000023,3.0,cruise,,,
6.8,19.950000000000024,3.0,cruise,,,
6.9,20.250000000000025,3.0,cruise,,,
7.0,20.550000000000026,3.0,cruise,,,
7.1,20.850000000000026,3.0,cruise,,,
7.2,21.150000000000027,3.0,cruise,,,
7.3,21.450000000000028,3.0,cruise,,,
7.4,21.75000000000003,3.0,cruise,,,
7.5,22.05000000000003,3.0,cruise,,,
7.6,22.35000000000003,3.0,cruise,,,
7.7,22.65000000000003,3.0,cruise,,,
7.8,22.95000000000003,3.0,cruise,,,
7.9,23.250000000000032,3.0,cruise,,,
8.0,23.550000000000033,3.0,cruise,,,
8.1,23.850000000000033,3.0,cruise,,,
8.2,24.150000000000034,3.0,cruise,,,
8.3,24.450000000000035,3.0,cruise,,,
8.4,24.750000000000036,3.0,cruise,,,
8.5,25.050000000000036,3.0,cruise,,,
8.6,25.350000000000037,3.0,cruise,,,
8.7,25.650000000000038,3.0,cruise,,,
8.8,25.95000000000004,3.0,cruise,,,
8.9,26.25000000000004,3.0,cruise,,,
9.0,26.55000000000004,3.0,cruise,,,
9.1,26.85000000000004,3.0,cruise,,,
9.2,27.15000000000004,3.0,cruise,,,
9.3,27.450000000000042,3.0,cruise,,,
9.4,27.750000000000043,3.0,cruise,,,
9.5,28.050000000000043,3.0,cruise,,,
9.6,28.34325000000004,2.9324999999999832,cruise,,,
9.7,28.62792375000004,2.8467374999999935,cruise,,,
9.8,28.90477798125004,2.768542312499987,cruise,,,
9.9,29.173897194093787,2.691192128437489,cruise,,,
10.0,29.435530989089568,2.616337949957805,cruise,,,
10.1,29.689878955722488,2.543479666329199,cruise,,,
10.2,29.93714620061397,2.472672448914828,cruise,,,
10.3,30.17752927236961,2.403830717556405,cruise,,,
10.4,30.411184474043292,2.3365520167367944,cruise,,,
10.5,30.638261474284075,2.2707700024078195,cruise,,,
10.6,30.858907677579797,2.2064620329572224,cruise,,,
10.7,31.073267181460917,2.1435950388112133,cruise,,,
10.8,31.28148112412356,2.0821394266264046,cruise,,,
10.9,31.4836876728728,2.0220654874924273,cruise,,,
11.0,31.680022103359594,1.963344304867947,cruise,,,
11.1,31.87061685392429,1.9059475056469721,cruise,,,
11.2,32.05560158482896,1.8498473090467238,cruise,,,
11.3,32.235103234750014,1.7950164992104845,cruise,,,
11.4,32.409246076522784,1.7414284177276746,cruise,,,
11.5,32.57815177165527,1.6890569513248597,cruise,,,
11.6,32.74193942376386,1.6378765210858868,cruise,,,
11.7,32.90072563091987,1.5878620715600993,cruise,,,
11.8,33.05462453693738,1.538989060175095,cruise,,,
11.9,33.20374788162152,1.491233446841349,cruise,,,
12.0,33.348205049998725,1.4445716837720957,cruise,,,
12.1,33.48810312054947,1.3989807055073922,cruise,,,
12.2,33.62354691246344,1.3544379191396971,cruise,,,
12.3,33.75463903193712,1.3109211947368087,cruise,,,
12.4,33.88147991753291,1.2684088559578806,cruise,,,
12.5,34.00416788461881,1.2268796708590077,cruise,,,
12.6,34.12279916890725,1.1863128428844243,cruise,,,
12.7,34.23746796911118,1.1466880020393093,cruise,,,
12.8,34.34826648873528,1.1079851962409886,cruise,,,
12.9,34.455284977019744,1.0701848828446652,cruise,,,
13.0,34.558611769053755,1.0332679203401378,cruise,,,
13.1,34.65833332507538,0.9972155602162669,cruise,,,
13.2,34.75453426897433,0.9620094389895046,cruise,,,
13.3,34.8472974260137,0.9276315703936178,cruise,,,
13.4,34.93670385978638,0.8940643377267765,cruise,,,
13.5,35.02283290842173,0.8612904863534758,cruise,,,
13.6,35.105762220057485,0.8292931163575863,cruise,,,
13.7,35.18556778759188,0.7980556753439325,cruise,,,
13.8,35.26232398273039,0.7675619513851262,cruise,,,
13.9,35.336103589341484,0.7377960661108811,cruise,,,
14.0,35.40697783613517,0.7087424679368779,cruise,,,
14.1,35.4750164286782,0.6803859254303288,cruise,,,
14.2,35.540287580759156,0.6527115208095433,cruise,,,
14.3,35.60285804511665,0.6257046435748908,cruise,,,
14.4,35.66279314354347,0.5993509842681883,cruise,,,
14.5,35.72015679637931,0.5736365283583946,cruise,,,
14.6,35.77501155140436,0.5485475502505439,cruise,,,
14.7,35.827418612145955,0.5240706074159278,cruise,,,
14.8,35.87743786561003,0.5001925346407305,cruise,,,
14.9,35.92512790944912,0.4769004383908899,cruise,,,
15.0,35.970546078578195,0.45418169129076524,cruise,,,
15.1,36.01374847124954,0.4320239267134598,cruise,,,
15.2,36.054789974597576,0.4104150334803185,cruise,,,
15.3,36.09372428966434,0.3893431506675955,cruise,,,
15.4,36.13060395591614,0.3687966625180805,cruise,,,
15.5,36.165480375261694,0.34876419345550325,cruise,,,
15.6,36.198403835581665,0.329234603199676,cruise,,,
15.7,36.22942353377971,0.31019698198047285,cruise,,,
15.8,36.25858759836455,0.2916406458484153,cruise,,,
15.9,36.28594311157255,0.27355513208000115,cruise,,,
16.0,36.311536131040164,0.2559301946761554,cruise,,,
16.1,36.3354117110353,0.23875579995137652,cruise,,,
16.2,36.35761392325652,0.22202212221220607,cruise,,,
16.3,36.37818587720883,0.2057195395230429,cruise,,,
16.4,36.39716974016459,0.18983862955761222,cruise,,,
16.5,36.414606756718,0.17437016553412032,cruise,,,
16.6,36.43053726794129,0.15930511223288057,cruise,,,
16.7,36.4450007301507,0.14463462209414635,cruise,,,
16.8,36.458035733290224,0.13035003139523926,cruise,,,
16.9,36.46968001894068,0.11644285650455677,cruise,,,
17.0,36.479970497961844,0.10290479021168153,cruise,,,
17.1,36.488943267775,0.08972769813157377,cruise,,,
17.2,36.49663362929314,0.07690361518144462,cruise,,,
17.3,36.50307610350605,0.06442474212903715,cruise,,,
17.4,36.508304447727106,0.0522834422106091,cruise,,,
17.5,36.512351671508846,0.04047223781739451,cruise,,,
17.6,36.51525005223375,0.028983807249066906,cruise,,,
17.7,36.51703115038705,0.0178109815329619,cruise,,,
17.8,36.517725824517804,0.00694674130756745,cruise,,,
17.9,36.51736424589472,-0.0036157862308860977,cruise,,,
18.0,36.51597591286272,-0.01388333031999256,cruise,,,
18.1,36.5135896649065,-0.02386247956223997,cruise,,,
18.2,36.510233696426816,-0.03355968479680671,cruise,,,
18.3,36.5059355702355,-0.04298126191312868,cruise,,,
18.4,36.50072223077475,-0.05213339460755373,cruise,,,
18.5,36.494620017066325,-0.06102213708424786,cruise,,,
18.6,36.4876546753962,-0.06965341670125458,cruise,,,
18.7,36.479851371739876,-0.07803303656325156,cruise,,,
18.8,36.471234703933725,-0.08616667806151845,cruise,,,
18.9,36.461828713597455,-0.0940599033626639,cruise,,,
19.0,36.45165689781277,-0.10171815784687066,cruise,,,
19.1,36.44074222056309,-0.1091467724968096,cruise,,,
19.2,36.42910712393928,-0.11635096623806662,cruise,,,
19.3,36.41677353911605,-0.12333584823229815,cruise,,,
19.4,36.40376289710367,-0.13010642012383533,cruise,,,
19.5,36.390096139279585,-0.13666757824083176,cruise,,,
19.6,36.37579372770441,-0.1430241157517096,cruise,,,
19.7,36.36087565522661,-0.14918072477808364,cruise,,,
19.8,36.345361455380136,-0.1551419984647251,cruise,,,
19.9,36.32927021207938,-0.16091243300755398,cruise,,,
20.0,36.3126205691153,-0.16649642964073452,cruise,,,
20.1,36.29543073945698,-0.17189829658324052,cruise,,,
20.2,36.27771851436237,-0.17712225094612988,cruise,,,
20.3,36.259501272302266,-0.18217242060101047,cruise,,,
20.4,36.24079598770118,-0.18705284601085181,cruise,,,
20.5,36.22161923949884,-0.19176748202342653,cruise,,,
20.6,36.201987219535994,-0.19632019962846026,cruise,,,
20.7,36.18191574076807,-0.20071478767926565,cruise,,,
20.8,36.16142024531013,-0.20495495457933854,cruise,,,
20.9,36.140515812316664,-0.2090443299346516,cruise,,,
21.0,36.11921716569939,-0.21298646617274075,cruise,,,
21.1,36.09753868168653,-0.21678484012857635,cruise,,,
21.2,36.07549439622668,-0.22044285459848756,cruise,,,
21.3,36.053098012240426,-0.22396383986252055,cruise,,,
21.4,36.03036290672284,-0.22735105517579712,cruise,,,
21.5,36.00730213769987,-0.23060769022976801,cruise,,,
21.6,35.9839284510415,-0.23373686658364412,cruise,,,
21.7,35.960254287134816,-0.23674163906682133,cruise,,,
21.8,35.93629178741952,-0.23962499715296048,cruise,,,
21.9,35.91205280078893,-0.24238986630591497,cruise,,,
22.0,35.887548889859076,-0.2450391092985429,cruise,,,
22.1,35.86279133710861,-0.2475755275046656,cruise,,,
22.2,35.837791150892144,-0.25000186216468645,cruise,,,
22.3,35.812559071329574,-0.2523207956257041,cruise,,,
22.4,35.787105576073955,-0.25453495255620306,cruise,,,
22.5,35.761440885960326,-0.2566469011362651,cruise,,,
22.6,35.73557497053799,-0.2586591542233887,cruise,,,
22.7,35.7095175534885,-0.2605741704948781,cruise,,,
22.8,35.683278117931835,-0.2623943555666608,cruise,,,
22.9,35.65686591162286,-0.2641220630897352,cruise,,,
23.0,35.63028995204045,-0.26575959582407105,cruise,,,
23.1,35.603559031371375,-0.267309206690725,cruise,,,
23.2,35.57668172139111,-0.2687730998026301,cruise,,,
23.3,35.54966637824368,-0.2701534314743439,cruise,,,
23.4,35.522521147122546,-0.27145231121130897,cruise,,,
23.5,35.495253966854655,-0.2726718026789099,cruise,,,
23.6,35.46787257438946,-0.27381392465195864,cruise,,,
23.7,35.44038450919499,-0.27488065194466116,cruise,,,
23.8,35.41279711756281,-0.2758739163218029,cruise,,,
23.9,35.38511755682367,-0.2767956073913824,cruise,,,
24.0,35.35735279947578,-0.27764757347894053,cruise,,,
24.1,35.32950963722735,-0.27843162248423337,cruise,,,
24.2,35.30159468495531,-0.27914952272042104,cruise,,,
24.3,35.273614384581705,-0.2798030037360715,cruise,,,
24.4,35.24557500886965,-0.280393757120561,cruise,,,
24.5,35.21748266514035,-0.28092343729295965,cruise,,,
24.6,35.18934329891287,-0.2813936622748774,cruise,,,
24.7,35.16116269746811,-0.2818060144476162,cruise,,,
24.8,35.132946493338736,-0.2821620412937005,cruise,,,
24.9,35.10470016772638,-0.2824632561235678,cruise,,,
25.0,35.076429053847654,-0.2827111387872303,cruise,,,
25.1,35.04813834021051,-0.28290713637145815,cruise,,,
25.2,35.01983307382223,-0.2830526638828168,cruise,,,
25.3,34.991518163330554,-0.28314910491673273,cruise,,,
25.4,34.96319838209927,-0.28319781231282515,cruise,,,
25.5,34.93487837121957,-0.2832001087970526,cruise,,,
25.6,34.90656264245851,-0.2831572876105426,cruise,,,
25.7,34.87825558114594,-0.28307061312570325,cruise,,,
25.8,34.84996144900096,-0.28294132144982287,cruise,,,
25.9,34.821684386899356,-0.28277062101603456,cruise,,,
26.0,34.79342841758308,-0.2825596931627332,cruise,,,
26.1,34.76519744831303,-0.282309692700514,cruise,,,
26.2,34.73699527346621,-0.28202174846819505,cruise,,,
26.3,34.708825577078535,-0.28169696387681586,cruise,,,
26.4,34.680691935334224,-0.2813364174431352,cruise,,,
26.5,34.652597819003056,-0.2809411633117118,cruise,,,
26.6,34.62454659582639,-0.2805122317666675,cruise,,,
26.7,34.59654153285312,-0.280050629732737,cruise,,,
26.8,34.56858579872649,-0.2795573412662897,cruise,,,
26.9,34.540682465922885,-0.2790333280360304,cruise,,,
27.0,34.51283451294346,-0.2784795297941767,cruise,,,
27.1,34.48504482645969,-0.27789686483772225,cruise,,,
27.2,34.45731620341365,-0.277286230460446,cruise,,,
27.3,34.4296513530741,-0.2766485033954742,cruise,,,
27.4,34.402052899049195,-0.27598454024902286,cruise,,,
27.5,34.374523381256694,-0.2752951779250141,cruise,,,
27.6,34.34706525785258,-0.274581234041158,cruise,,,
27.7,34.319680907118936,-0.2738435073363854,cruise,,,
27.8,34.292372629311934,-0.2730827780700378,cruise,,,
27.9,34.26514264847065,-0.27229980841280854,cruise,,,
28.0,34.23799311418769,-0.2714953428295954,cruise,,,
28.1,34.21092610334222,-0.2706701084547378,cruise,,,
28.2,34.183943621796296,-0.269824815459236,cruise,,,
28.3,34.15704760605523,-0.2689601574106295,cruise,,,
28.4,34.13023992489268,-0.2680768116255057,cruise,,,
28.5,34.10352238094121,-0.26717543951468303,cruise,,,
28.6,34.07689671224908,-0.26625668692125526,cruise,,,
28.7,34.05036459380389,-0.2653211844518679,cruise,,,
28.8,34.02392763902379,-0.2643695478010031,cruise,,,
28.9,33.99758740121692,-0.26340237806873157,cruise,,,
29.0,33.97134537500973,-0.26242026207184077,cruise,,,
29.1,33.94520299774488,-0.2614237726485573,cruise,,,
29.2,33.91916165084916,-0.2604134689571771,cruise,,,
29.3,33.89322266117234,-0.2593898967682178,cruise,,,
29.4,33.867387302297246,-0.25835358875090586,cruise,,,
29.5,33.84165679582189,-0.257305064753548,cruise,,,
29.6,33.81603231261408,-0.2562448320781596,cruise,,,
29.7,33.79051497403913,-0.2551733857495062,cruise,,,
29.8,33.76510585316127,-0.25409120877851143,cruise,,,
29.9,33.73980597591924,-0.2529987724203273,cruise,,,
30.0,33.71461632227654,-0.25189653642700205,follow,8.509708963878857,52.1,6.243546496070214
30.1,33.63942666863384,-0.751896536427002,follow,9.701924483414814,50.87,5.820747965375636
30.2,33.61423701499114,-0.25189653642700205,follow,11.35914000295076,49.1,6.043644456630065
30.3,33.63904736134844,0.24810346357299795,follow,12.831355522486703,47.59,6.3461394103587345
30.4,33.61385770770574,-0.25189653642700205,follow,11.388571042022654,49.07,5.580031157088399
30.5,33.63866805406304,0.24810346357299795,follow,12.260786561558618,48.16,5.461142170762529
30.6,33.705342810495374,0.66674756432332,follow,12.038002081094561,48.42,6.434258374577973
30.7,33.722017566927704,0.16674756432332005,follow,12.958014215743056,47.6,5.846216814042235
30.8,33.68869232336004,-0.33325243567667995,follow,12.843026350391554,47.74,5.28173747839811
30.9,33.70536707979237,0.16674756432332005,follow,15.413038485040055,45.12,5.439180637335864
31.0,33.6720418362247,-0.33325243567667995,follow,13.30805061968855,47.25,5.23717367506377
31.1,33.68871659265703,0.16674756432332005,follow,15.188062754337047,45.32,5.013986171091761
31.2,33.65539134908936,-0.33325243567667995,follow,13.093074888985548,47.44,5.5973816483526955
31.3,33.672066105521694,0.16674756432332005,follow,17.123087023634042,43.36,4.292191275238224
31.4,33.63874086195403,-0.33325243567667995,follow,14.308099158282538,46.2,4.653158002847464
31.5,33.65541561838636,0.16674756432332005,follow,16.648111292931034,43.81,4.827327126621401
31.6,33.62209037481869,-0.33325243567667995,follow,18.123123427579536,42.36,4.514985286615149
31.7,33.585747514523646,-0.36342860295045243,follow,18.19313556222803,42.24,5.061260231811715
31.8,33.4994046542286,-0.8634286029504524,follow,18.258621271785472,42.12,4.588532871856448
31.9,33.363061793933554,-1.3634286029504525,follow,17.499106981342898,42.75,4.536741977806185
32.0,33.276718933638506,-0.8634286029504525,follow,17.484592690900328,42.56,5.930286582704811
32.1,33.230557872769594,-0.46161060868910453,follow,19.035078400457756,40.88,4.866343476129424
32.2,33.134396811900686,-0.9616106086891045,follow,18.56583680915439,41.28,5.10613233868401
32.3,32.98823575103177,-1.4616106086891045,follow,16.031595217851027,43.67,4.821027096256111
32.4,32.892074690162865,-0.9616106086891045,follow,16.612353626547666,42.87,5.163769491353372
32.5,32.84591362929395,-0.46161060868910453,follow,18.308112035244292,41.03,5.2833448784737875
32.6,32.749752568425045,-0.9616106086891045,follow,18.96887044394093,40.3,4.6807384625423625
32.7,32.70359150755613,-0.46161060868910453,follow,18.974628852637572,40.15,5.408433365323666
32.8,32.607430446687225,-0.9616106086891045,follow,18.545387261334206,40.51,5.02765742354692
32.9,32.56126938581831,-0.46161060868910453,follow,20.561145670030832,38.35,4.928501777601284
33.0,32.465108324949405,-0.9616106086891045,follow,19.79190407872747,39.05,4.93360272491907
33.1,32.418947264080494,-0.46161060868910453,follow,21.507662487424113,37.19,6.168572782444473
33.2,32.322786203211585,-0.9616106086891045,follow,19.198420896120744,39.43,5.377219368911996
33.3,32.276625142342674,-0.46161060868910453,follow,18.954179304817373,39.53,4.900438448850479
33.4,32.28046408147377,0.03838939131089547,follow,20.36493771351401,38.05,5.712815133383415
33.5,32.234303020604855,-0.46161060868910453,follow,18.150696122210647,40.27,4.938496876832144
33.6,32.23814195973595,0.03838939131089547,follow,21.461454530907282,36.89,5.211819741656636
33.7,32.19198089886704,-0.46161060868910453,follow,21.87721293960393,36.48,4.211507786258394
33.8,32.09581983799813,-0.9616106086891045,follow,19.99797134830056,38.29,4.729601296249702
33.9,32.04965877712922,-0.46161060868910453,follow,19.043729756997188,39.1,5.6669469118686715
34.0,32.05349771626031,0.03838939131089547,follow,18.36448816569382,39.71,6.105945097930218
34.1,32.1073366553914,0.5383893913108955,follow,20.900246574390465,37.18,5.328680818528506
34.2,32.11117559452249,0.03838939131089547,follow,19.331004983087098,38.83,5.392175137283929
34.3,32.16501453365358,0.5383893913108955,follow,20.676763391783737,37.49,5.069631686237901
34.4,32.168853472784676,0.03838939131089547,follow,20.977521800480368,37.27,4.501831095636467
34.5,32.122692411915764,-0.46161060868910453,follow,19.863280209177013,38.39,5.009988387410953
34.6,32.12653135104686,0.03838939131089547,follow,20.10403861787365,38.08,5.093270958419517
34.7,32.18037029017795,0.5383893913108955,follow,22.639797026570292,35.55,5.563057911470426
34.8,32.18420922930904,0.03838939131089547,follow,19.34055543526692,38.93,5.622302664572254
34.9,32.21957813126086,0.353689019518194,follow,19.476313843963567,38.8,4.543549974437814
35.0,32.30494703321268,0.853689019518194,follow,21.779367196891293,36.55,5.173428736008433
35.1,32.3403159351645,0.353689019518194,follow,20.767420549819022,37.69,4.9395071344693235
35.2,32.35388938902938,0.13573453864887564,follow,20.71047390274675,37.8,4.8067817501010826
35.3,32.417462842894274,0.6357345386488756,follow,20.99083408354408,37.54,5.395645057355927
35.4,32.43103629675916,0.13573453864887564,follow,21.986194264341407,36.64,5.500645600419069
35.5,32.39460975062405,-0.36426546135112436,follow,22.14655444513874,36.5,5.452147527583305
35.6,32.308183204488934,-0.8642654613511244,follow,21.37191462593607,37.22,4.688730285155501
35.7,32.1721100561626,-1.360731483263322,follow,19.902274806733402,38.56,5.209325409569803
35.8,32.08603690783627,-0.8607314832633219,follow,20.3981650842439,37.86,5.538296605245129
35.9,32.049963759509936,-0.36073148326332194,follow,21.289055361754393,36.84,5.829147349866554
36.0,31.963890611183604,-0.8607314832633219,follow,19.964945639264904,38.11,5.203518460776286
36.1,31.927817462857274,-0.36073148326332194,follow,23.875835916775408,34.07,4.820441413356292
36.2,31.841744314530942,-0.8607314832633219,follow,19.361726194285907,38.53,5.022325877965052
36.3,31.80567116620461,-0.36073148326332194,follow,22.45261647179641,35.31,4.58233932364801
36.4,31.71959801787828,-0.8607314832633219,follow,20.868506749306917,36.84,6.029856611220008
36.5,31.68352486955195,-0.36073148326332194,follow,21.579397026817418,36.0,6.356465422009883
36.6,31.65793385914083,-0.2559101041111892,follow,21.725287304327928,35.8,5.336963773310871
36.7,31.58234284872971,-0.7559101041111892,follow,18.93690078871125,38.55,6.609693737122506
36.8,31.55675183831859,-0.2559101041111892,follow,20.643514273094567,36.73,5.842444706680762
36.9,31.48116082790747,-0.7559101041111892,follow,19.695127757477884,37.64,5.407144143129158
37.0,31.45556981749635,-0.2559101041111892,follow,20.0217412418612,37.2,6.013997270676179
37.1,31.453156653078633,-0.024131644177158407,follow,19.403354726244523,37.78,7.124058833537876
37.2,31.410425841403633,-0.4273081167499835,follow,19.839734979617944,37.34,5.79775327276528
37.3,31.417695029728634,0.07269188325001652,follow,21.295638762105447,35.82,6.825853979142595
37.4,31.374964218053634,-0.4273081167499835,follow,18.76654254459295,38.36,4.602299301646883
37.5,31.382233406378635,0.07269188325001652,follow,20.36244632708045,36.7,6.369058212632295
37.6,31.371942059025045,-0.10291347353589703,follow,21.563350109567956,35.51,5.634770943212011
37.7,31.311650711671454,-0.602913473535897,follow,20.287913088537564,36.77,5.629511072031979
37.8,31.201359364317863,-1.102913473535897,follow,18.03747606750718,38.93,6.34932609342025
37.9,31.141068016964272,-0.602913473535897,follow,18.60203904647679,38.2,5.005852380699447
38.0,31.130776669610682,-0.10291347353589697,follow,19.85160202544641,36.86,5.859371892514053
38.1,31.13151496948008,0.00738299869397907,follow,19.836165004416024,36.86,6.288476646724235
38.2,31.129243714054407,-0.022712554256737294,follow,19.80727245422012,36.89,7.349712845523746
38.3,31.076972458628735,-0.5227125542567372,follow,17.12386557108161,39.57,6.118782823514679
38.4,31.074701203203063,-0.02271255425673724,follow,18.935458687943104,37.68,5.636751569680502
38.5,31.02242994777739,-0.5227125542567372,follow,18.882051804804597,37.73,5.8930750211641145
38.6,31.020158692351718,-0.02271255425673724,follow,18.133644921666082,38.4,7.2042883179257755
38.7,31.067887436926043,0.47728744574326276,follow,19.010238038527575,37.52,6.449076302484152
38.8,31.06561618150037,-0.02271255425673724,follow,19.641831155389063,36.96,5.71639252353877
38.9,31.10433727209532,0.3872109059495223,follow,19.568424272250553,37.03,6.468871109414144
39.0,31.093058362690275,-0.11278909405047771,follow,19.48650590814298,37.17,6.1712833849077215
39.1,31.12131367703264,0.2825531434236306,follow,19.429587544035414,37.21,6.901842895641024
39.2,31.099568991375,-0.21744685657636942,follow,18.621970515548952,38.06,5.740946364615204
39.3,31.127824305717365,0.2825531434236306,follow,19.339353487062496,37.31,5.849957322680348
39.4,31.106079620059727,-0.21744685657636942,follow,18.621736458576045,38.07,5.952083504495915
39.5,31.13433493440209,0.2825531434236306,follow,19.499119430089593,37.16,5.136615920737878
39.6,31.212590248744455,0.7825531434236306,follow,19.361502401603133,37.34,6.231028395078962
39.7,31.24084556308682,0.2825531434236306,follow,21.798885373116683,35.02,5.797201672228331
39.8,31.21910087742918,-0.21744685657636942,follow,18.591268344630222,38.27,6.153622646465232
39.9,31.247356191771544,0.2825531434236306,follow,19.18865131614377,37.64,5.856218152058794
40.0,31.225611506113907,-0.21744685657636942,follow,18.50103428765732,38.37,5.266544883404892
40.1,31.25386682045627,0.2825531434236306,follow,22.828417259170863,34.01,5.173515212411844
40.2,31.232122134798633,-0.21744685657636942,follow,17.30080023068441,39.58,6.096619745929602
40.3,31.260377449140996,0.2825531434236306,follow,19.758183202197948,37.09,5.406408069375851
40.4,31.23863276348336,-0.21744685657636942,follow,18.40056617371149,38.49,6.053188072291593
40.5,31.266888077825723,0.2825531434236306,follow,20.76794914522503,36.09,6.048378908617113
40.6,31.245143392168085,-0.21744685657636942,follow,18.970332116738582,37.93,7.844648425823031
40.7,31.23565102091751,-0.09492371250577852,follow,20.797715088252126,36.07,5.907641933092285
40.8,31.223180673854753,-0.12470347062756298,follow,20.303476531376262,36.55,6.058164337493191
40.9,31.160710326791996,-0.6247034706275629,follow,17.444771010782127,39.39,6.332074301925151
41.0,31.14823997972924,-0.12470347062756293,follow,19.701065490187993,37.04,4.881237295993061
41.1,31.09381259148777,-0.5442738824147195,follow,19.23235996959386,37.49,6.132016550883019
41.2,31.0144927084322,-0.7931988305556816,follow,18.420718887231658,38.22,6.40792132178603
41.3,30.985172825376633,-0.29319883055568163,follow,18.721739062648304,37.8,9.141093152873767
41.4,30.984588214223507,-0.005846111531253084,follow,19.057759238064946,37.42,6.109798518877928
41.5,30.976643328842286,-0.0794488538122089,follow,18.816882321335264,37.66,6.553390883158735
41.6,30.918698443461064,-0.5794488538122089,follow,16.52496499326343,39.94,6.714073738920635
41.7,30.910753558079843,-0.0794488538122089,follow,19.188047665191597,37.19,5.476564519964095
41.8,30.906336813421383,-0.04416744658459354,follow,18.896130337119764,37.47,7.4251880889804465
41.9,30.901011352282595,-0.05325461138787713,follow,17.939505220132077,38.42,7.193394184339336
42.0,30.89591925913329,-0.05092093149304561,follow,17.86151702842389,38.49,7.254162402442448
42.1,30.840827165983985,-0.5509209314930457,follow,17.763878888699935,38.58,5.916427320946839
42.2,30.83573507283468,-0.05092093149304566,follow,18.301240748975978,37.96,7.931905845660527
42.3,30.832212467691377,-0.03522605143302865,follow,20.28360260925202,35.97,5.226516933160893
42.4,30.778689862548074,-0.5352260514330287,follow,17.168318701537068,39.08,7.320148014994025
42.5,30.77516725740477,-0.035226051433028704,follow,20.19803479382211,35.97,8.698559879431517
42.6,30.721644652261467,-0.5352260514330287,follow,18.57275088610715,37.59,5.817404395155673
42.7,30.718122047118165,-0.035226051433028704,follow,19.672466978392208,36.41,5.931781694874315
42.8,30.7004773559578,-0.17644691160363013,follow,18.89718307067725,37.18,6.603347753571652
42.9,30.632832664797437,-0.6764469116036301,follow,18.430716033936704,37.62,6.256618485368636
43.0,30.515187973637076,-1.1764469116036302,follow,18.339248997196158,37.61,5.634298262241689
43.1,30.447543282476712,-0.6764469116036302,follow,18.05278196045562,37.72,6.9883645254794216
43.2,30.32989859131635,-1.1764469116036302,follow,16.62131492371507,39.05,6.370415336938599
43.3,30.262253900155986,-0.6764469116036302,follow,17.734847886974528,37.76,7.702579419396963
43.4,30.244609208995623,-0.17644691160363024,follow,18.413380850233985,36.98,6.2312443326421665
43.5,30.26232159172404,0.17712382728414797,follow,17.036913813493435,38.33,9.34348981253112
43.6,30.230033974452454,-0.322876172715852,follow,16.813482387586063,38.58,6.628827283371587
43.7,30.24774635718087,0.177123827284148,follow,19.465050961678678,35.88,6.538203055440059
43.8,30.215458739909284,-0.322876172715852,follow,17.4516195357713,37.92,8.233707463579822
43.9,30.133171122637698,-0.822876172715852,follow,17.293188109863927,38.03,6.2826573426571555
44.0,30.100883505366113,-0.322876172715852,follow,18.27975668395655,36.92,7.487501978057529
44.1,30.09646672712231,-0.044167782438059994,follow,16.36132525804917,38.79,9.423129730266728
44.2,30.14189716301396,0.4543043589165332,follow,18.064700090683466,37.08,5.837625995570371
44.3,30.146761542272053,0.04864379258092397,follow,17.82284574452094,37.39,7.467901094213594
44.4,30.161567830106048,0.1480628783399528,follow,18.160142313408073,37.06,7.454388890276791
44.5,30.173338107155857,0.11770277049808292,follow,17.972351745159067,37.27,8.131627894047623
44.6,30.185420759583536,0.12082652427680252,follow,19.240007160733782,36.02,5.890028080823827
44.7,30.194835926831608,0.09415167248071435,follow,19.638131139375304,35.64,5.762481078177576
44.8,30.15425109407968,-0.4058483275192857,follow,16.262253890247408,39.03,8.192263428034016
44.9,30.16366626132775,0.09415167248071432,follow,18.93137664111952,36.3,7.342728671625715
45.0,30.17623777467792,0.12571513350167057,follow,19.10549939199163,36.14,7.247949583057025
45.1,30.18754495098037,0.11307176302451838,follow,20.424356662016876,34.84,7.070458077316645
45.2,30.148852127282822,-0.3869282369754816,follow,18.74131742647056,36.54,6.457139924867622
45.3,30.160159303585274,0.11307176302451838,follow,19.45327819092423,35.77,7.168107834613693
45.4,30.121466479887726,-0.3869282369754816,follow,16.160238955377913,39.08,7.973123994697841
45.5,30.132773656190178,0.11307176302451838,follow,16.802199719831584,38.38,6.765649808382436
45.6,30.14528845335849,0.12514797168311717,follow,18.71916048428527,36.48,9.74023775586297
45.7,30.1078032505268,-0.3748520283168828,follow,15.44793268003773,39.77,8.376505491373775
45.8,30.12031804769511,0.1251479716831172,follow,16.8117048757902,38.35,6.38069394925062
45.9,30.13259834897579,0.12280301280678044,follow,18.290477071542668,36.89,7.945981372293026
46.0,30.144480944013758,0.11882595037967153,follow,20.738897523463685,34.46,5.866050180163678
46.1,30.106363539051724,-0.38117404962032847,follow,15.40672141602063,39.81,8.814613716494286
46.2,30.11824613408969,0.11882595037967153,follow,19.45954530857758,35.7,8.403467895498894
46.3,30.13017141231399,0.11925278224301203,follow,19.767369201134542,35.41,6.158077292125497
46.4,30.09209669053829,-0.38074721775698794,follow,16.80525711847099,38.39,8.780684124182402
46.5,30.10402196876259,0.11925278224301206,follow,15.158145035807443,39.98,8.339552939161733
46.6,30.165947246986892,0.6192527822430121,follow,16.356032953143888,38.8,8.535074846219807
46.7,30.177872525211193,0.11925278224301206,follow,17.368920870480338,37.88,10.080171625265857
46.8,30.18735405093672,0.09481525725524531,follow,17.35680878781679,37.91,7.063070488779083
46.9,30.157272797721653,-0.3008125321506492,follow,17.081031076405075,38.2,6.6698411877981805
47.0,30.177191544506588,0.19918746784935082,follow,17.13590919658248,38.1,6.515948675530355
47.1,30.18895931988751,0.1176777538092272,follow,17.70578731675988,37.56,6.4770242259138
47.2,30.19791859738724,0.08959277499731394,follow,17.913438979831263,37.37,7.107375153843171
47.3,30.2072268409253,0.09308243538060976,follow,18.116877896080858,37.18,7.515321450885012
47.4,30.216080609061763,0.08853768136461036,follow,18.900840261387955,36.41,7.273154957611429
47.5,30.224694898042035,0.08614288980272602,follow,18.384120913592646,36.94,8.022247036542483
47.6,30.233022617717438,0.08327719675401926,follow,19.977042347063055,35.36,6.770026206674367
47.7,30.241083905006874,0.08061287289436585,follow,18.209533926576157,37.14,8.94706077976482
47.8,30.248881438556673,0.07797533549796665,follow,19.211625857510313,36.15,6.634389169160487
47.9,30.256422220579424,0.07540782022751935,follow,19.353322157835002,36.02,11.198778496658674
48.0,30.263711978669026,0.07289758089601528,follow,17.934633330869133,37.45,7.812317503981119
48.1,30.221001736758627,-0.4271024191039847,follow,16.585567968003538,38.81,6.6217349427819
48.2,30.22829149484823,0.07289758089601528,follow,17.05150260513794,38.28,6.350057894963116
48.3,30.23633254736263,0.08041052514400464,follow,19.852437242272337,35.49,7.278010606392054
48.4,30.243857072923355,0.07524525560724303,follow,19.214498821043946,36.14,6.675462523890614
48.5,30.25119860041329,0.07341527489932897,follow,17.06578560938503,38.3,8.1295660082426
48.6,30.25827868423869,0.07080083825400282,follow,19.226797900619935,36.15,7.36510746956642
48.7,30.265124670309486,0.06845986070797169,follow,18.387418026358034,37.0,6.961266629677302
48.8,30.221970656380282,-0.4315401392920283,follow,17.537687005464228,37.86,6.45857890107185
48.9,30.22881664245108,0.06845986070797172,follow,19.162955984570424,36.17,5.679233997554646
49.0,30.23657043629898,0.07753793847900017,follow,17.97322496367662,37.37,6.713289704611379
49.1,30.243778581330666,0.07208145031687796,follow,19.594855654448473,35.76,7.767532553588624
49.2,30.250822097774034,0.07043516443366106,follow,18.785667871995997,36.58,7.185479927887214
49.3,30.2078656142174,-0.42956483556633895,follow,17.76623314666105,37.61,6.12753721959672
49.4,30.214909130660768,0.07043516443366105,follow,19.841798421326104,35.47,6.975542549251175
49.5,30.22277559841241,0.07866467751645233,follow,17.58236369599115,37.74,7.6508649637632855
49.6,30.230116446845997,0.07340848433586218,follow,18.10416339761862,37.23,6.320757889249487
49.7,30.237285747124552,0.07169300278555978,follow,17.475174670269,37.87,7.40040753465438
49.8,30.244199551782692,0.06913804658139291,follow,17.855928620686825,37.5,7.205719078768687
49.9,30.201113356440832,-0.4308619534186071,follow,16.59629932767404,38.77,6.396514587340811
50.0,30.208027161098972,0.06913804658139289,follow,17.91167003466125,37.39,7.571849805637511
50.1,30.215764556866425,0.07737395767453752,follow,18.542040741648457,36.77,7.667182065340111
50.2,30.222982093093318,0.0721753622689134,follow,17.93364683529964,37.39,8.472728692581471
50.3,30.230032384018788,0.07050290925471481,follow,17.474473139639976,37.86,8.526964833921308
50.4,30.23683171961042,0.06799335591632019,follow,18.045048576028186,37.3,5.951970895162117
50.5,30.243408450945882,0.06576731335461844,follow,18.055247579415635,37.3,6.275860107521935
50.6,30.249761966058458,0.06353515112574809,follow,18.895112676418826,36.47,7.504482782225493
50.7,30.2558989598046,0.06136993746144227,follow,18.86464294908769,36.51,7.503238415264203
50.8,30.261824109319278,0.059251495146764824,follow,19.703848439706903,35.68,7.323745521056063
50.9,30.267542474836944,0.05718365517665257,follow,16.182736163978916,39.21,16.491818932778102
51.0,30.273058885065776,0.05516410228832486,follow,19.541313712255416,35.86,7.404411313391034
51.1,30.278378097981793,0.05319212916018572,follow,18.929588327598665,36.48,8.237778977505455
51.2,30.283504762154358,0.051266641725653525,follow,18.967567146972684,36.45,7.9872821219085415
51.3,30.288443429314317,0.049386671599578796,follow,17.175257143231534,38.25,7.97133498882695
51.4,30.293198553690964,0.04755124376648012,follow,18.512665143971475,36.92,6.672451682647867
51.5,30.297774494699517,0.04575941008555039,follow,16.79979783053645,38.64,8.17297864847842
51.6,30.302175518715856,0.04401024016339081,follow,18.946661742049272,36.5,6.205187159727658
51.7,30.306405801035933,0.0423028232007779,follow,17.893263278073782,37.56,6.846012008974618
51.8,30.310469427738667,0.040636267027335304,follow,19.139608701553897,36.32,6.405113450101802
51.9,30.2645330544414,-0.4593637329726647,follow,15.815704141608002,39.65,7.6183587624952835
52.0,30.268596681144135,0.040636267027335304,follow,19.4767995816621,35.92,10.179684233096612
52.1,30.22266030784687,-0.4593637329726647,follow,17.802895021716203,37.6,5.677476761936528
52.2,30.226723934549604,0.040636267027335304,follow,17.373990461770305,37.96,8.047958822000632
52.3,30.232902026278044,0.06178091728439025,follow,17.63008590182441,37.71,5.852952574196511
52.4,30.238288688134304,0.05386661856261592,follow,18.30935303941707,37.04,6.6281471962333605
52.5,30.243637016556015,0.05348328421710642,follow,18.257433032201455,37.1,8.386764072447313
52.6,30.24875900943829,0.05121992882276882,follow,18.06545552483402,37.3,7.174789201092462
52.7,30.25370856465266,0.04949555214368054,follow,18.283138514157436,37.09,6.116718771118018
52.8,30.208658119867028,-0.4505044478563195,follow,17.05056284697899,38.33,6.667642987418882
52.9,30.213607675081395,0.04949555214368051,follow,15.592987179800545,39.72,8.444581849465722
53.0,30.219653352725743,0.06045677644346553,follow,18.69041151262209,36.63,6.348734969093937
53.1,30.225169470374496,0.05516117648753911,follow,19.609480029088616,35.72,7.052083885627429
53.2,30.230579880010367,0.05410409635871406,follow,18.187754205561745,37.15,7.143434166407987
53.3,30.185990289646238,-0.44589590364128595,follow,15.215869820015548,40.13,7.0701318980764425
53.4,30.19140069928211,0.05410409635871405,follow,18.928985434469354,36.35,10.149660161535776
53.5,30.14681110891798,-0.44589590364128595,follow,16.207101048923164,39.08,8.374026522162126
53.6,30.05222151855385,-0.945895903641286,follow,16.100216663376976,39.12,5.952325235776282
53.7,30.00763192818972,-0.44589590364128595,follow,18.448332277830772,36.63,7.52521976607684
53.8,29.971418601036383,-0.36213327153338104,follow,17.12144789228458,37.89,6.925077893477748
53.9,29.985205273883047,0.13786672846661896,follow,15.887127901554571,39.07,8.991519971411043
54.0,29.99625844210696,0.11053168223914056,follow,18.147807910824568,36.83,6.592963856163606
54.1,30.007608873910304,0.1135043180334317,follow,17.974387663160435,37.02,7.262228412515001
54.2,30.01848620293089,0.10877329020586571,follow,18.411413310865456,36.6,7.8905053068550215
54.3,30.02909740389086,0.10611200959968842,follow,18.90772930439634,36.12,8.248275082419294
54.4,30.039397925351604,0.1030052146074674,follow,18.523646105836285,36.52,6.148771383732145
54.5,30.04940771885096,0.10009793499355829,follow,19.179096888027402,35.88,6.770567939577151
54.6,30.059129970024415,0.09722251173455299,follow,17.784111578276445,37.29,6.881178382188165
54.7,30.06857200199427,0.094420319698554,follow,18.698694955036622,36.39,6.546645431046722
54.8,30.077739903245682,0.09167901251411478,follow,17.592858002991406,37.51,9.982063944234511
54.9,30.086639912652256,0.08900009406573274,follow,19.606609854868523,35.51,7.418565141308921
55.0,30.04553992205883,-0.4109999059342673,follow,17.509959868978385,37.62,6.2746642486005735
55.1,30.054439931465403,0.08900009406573273,follow,16.888309883088247,38.18,8.747972385813249
55.2,30.063973849449237,0.0953391798383387,follow,20.061659897198105,35.02,10.080674615772386
55.3,30.073002808389433,0.09028958940194778,follow,17.425960774173852,37.67,8.754351711450422
55.4,30.032031767329627,-0.40971041059805224,follow,16.48950421258415,38.62,6.257258785417627
55.5,30.041060726269823,0.09028958940194776,follow,19.148047650994442,35.9,6.646842503619451
55.6,30.021070585932524,-0.19990140337300055,follow,15.941591089404739,39.12,9.609265959469756
55.7,30.051080445595225,0.30009859662699945,follow,17.31160587889879,37.72,6.758547985053659
55.8,30.055230408839982,0.041499632447550366,follow,18.616620668392834,36.46,7.716025853848408
55.9,30.06568905139389,0.10458642553906763,follow,17.89284561325998,37.19,8.29081097104658
56.0,30.074191333820842,0.08502282426953739,follow,17.228533577090836,37.87,6.558494135479406
56.1,30.082870288127825,0.08678954306984688,follow,17.781287000731268,37.33,7.286930548780772
56.2,30.04154924243481,-0.4132104569301531,follow,17.27430543219174,37.85,5.06588376411015
56.3,30.050228196741795,0.08678954306984688,follow,18.84232386365222,36.22,6.2231236947507
56.4,30.059341800538412,0.0911360379661699,follow,17.635342295112693,37.44,7.132322760190593
56.5,30.068015897469632,0.08674096931219229,follow,19.419012700807613,35.67,5.937068178368663
56.6,30.076482674545115,0.08466777075482051,follow,17.972023846204443,37.13,9.627944200314499
56.7,30.08468964785198,0.08206973306865156,follow,18.87472401181767,36.24,5.888192918492316
56.8,30.09265739010569,0.07967742253708879,follow,18.697034471777975,36.43,6.718108369979461
56.9,30.050625132359396,-0.42032257746291124,follow,16.508986085158533,38.63,7.803054961180127
57.0,30.058592874613105,0.07967742253708876,follow,16.605937698539094,38.47,9.669247699474898
57.1,30.067445194306718,0.08852319693614685,follow,17.157889311919654,37.93,6.1700428065837505
57.2,30.075753049412217,0.08307855105500664,follow,19.071167791460077,36.03,8.566836801089748
57.3,30.08389109512617,0.0813804571395409,follow,18.21362957411833,36.9,7.272525032207542
57.4,30.042029140840125,-0.4186195428604591,follow,16.51583664268925,38.61,6.67758654609444
57.5,30.050167186554077,0.0813804571395409,follow,17.65304371126019,37.41,7.959291343299452
57.6,30.008305232268032,-0.4186195428604591,follow,15.235250779831112,39.84,8.200390485017188
57.7,30.016443277981985,0.0813804571395409,follow,17.322457848402053,37.69,6.894793942490848
57.8,30.026390619700997,0.09947341719012703,follow,17.56466491697298,37.46,7.527544130418517
57.9,30.03553220233464,0.09141582633642016,follow,18.139585929551494,36.9,6.928884963614257
58.0,30.04454816290698,0.09015960572340179,follow,17.653298303501963,37.4,7.548619726820115
58.1,30.053271060742034,0.08722897835052046,follow,17.986822244360475,37.08,8.143596000620523
58.2,30.061751268625034,0.08480207882998869,follow,17.039906591113052,38.04,9.825011309032014
58.3,30.049649665915027,-0.12101602710007628,follow,16.772626902937553,38.32,6.408402187578015
58.4,30.081249951166388,0.31600285251361415,follow,18.704474498872543,36.37,10.447396914954151
58.5,30.08297876185924,0.01728810692852839,follow,19.361874926749586,35.76,5.465400592227889
58.6,30.0920983370651,0.09119575205858134,follow,19.92446814278886,35.2,6.7665003080005235
58.7,30.09717144925429,0.050731121891903985,follow,17.31814750559765,37.82,8.120809038725808
58.8,30.1065505037305,0.09379054476208615,follow,19.125757173881432,36.02,7.356199016543935
58.9,30.112872037800752,0.06321534070253665,follow,20.319825755595744,34.84,6.24051559199348
59.0,30.069193571871004,-0.43678465929746335,follow,17.489308056701127,37.68,7.2056999768930154
59.1,29.97551510594126,-0.9367846592974634,follow,15.063790357806504,40.04,7.490391329265469
59.2,29.93183664001151,-0.43678465929746335,follow,17.72327265891189,37.24,6.932452063531142
59.3,29.938158174081764,0.06321534070253665,follow,16.70775496001727,38.19,8.88520116134598
59.4,29.950767491980457,0.12609317898694883,follow,17.567237261122642,37.34,7.977324245217156
59.5,29.961373384297193,0.1060589231673433,follow,17.786151237970685,37.14,6.775674159763884
59.6,29.972116652101473,0.10743267804278489,follow,16.66206007644579,38.28,8.89794561505003
59.7,29.982455138330295,0.10338486228822455,follow,18.028174978152208,36.93,7.770720380324267
59.8,29.992536481907308,0.10081343577012192,follow,17.423682707495445,37.55,8.568097528684573
59.9,30.002330756825696,0.09794274918387282,follow,17.378804722860963,37.61,8.298158721836282
60.0,30.01185353313523,0.09522776309534965,follow,18.503496135238542,36.5,6.480992409559449
60.1,29.971376309444764,-0.40477223690465036,follow,16.65778029970285,38.36,7.154879229876823
60.2,29.9808990857543,0.09522776309534964,follow,17.90706446416715,37.05,8.515481345294583
60.3,29.991147213608404,0.10248127854105393,follow,18.56134862863145,36.41,8.216833755417106
60.4,30.00085708965875,0.09709876050347434,follow,17.146720820412604,37.84,7.736885234289313
60.5,30.010361511580346,0.09504421921592789,follow,18.761285634488125,36.24,7.628893066697091
60.6,30.019582569964555,0.09221058384209295,follow,17.745542267370517,37.27,9.681569189031105
60.7,30.02854781567567,0.08965245711115216,follow,17.809373854946834,37.22,7.091485360738495
60.8,30.037257521392036,0.08709705716365118,follow,16.612821723513505,38.43,8.819767895591943
60.9,30.045718820902735,0.08461299510700578,follow,17.305886282088053,37.75,7.7108186521707065
61.0,30.053936932717797,0.0821811181506239,follow,17.878578231354105,37.19,7.5991988681690925
61.1,30.061917420156696,0.07980487438901157,follow,16.9609053990767,38.12,9.896370000177543
61.2,30.069665613145244,0.07748192988548752,follow,16.34287613023504,38.75,9.592378110184631
61.3,30.077186759869154,0.0752114672390869,follow,17.284498419717863,37.82,9.391171121457702
61.4,30.08448599067191,0.07299230802757312,follow,17.91578013980373,37.2,10.291919818199304
61.5,30.091568330178728,0.07082339506814415,follow,19.386728986007867,35.74,7.817885989818012
61.6,30.098438696960752,0.06870366782025594,follow,19.13735249526809,36.0,8.892316938632653
61.7,30.105101906347212,0.06663209386460478,follow,18.307658045441123,36.84,7.715018594897657
61.8,30.111562672372767,0.06460766025556104,follow,18.657652859520816,36.5,8.564933289993697
61.9,30.11782560989318,0.06262937520413422,follow,18.19734400855915,36.97,8.05828362792996
62.0,30.123895236604685,0.06069626711505287,follow,17.956738414839776,37.22,8.490166391117222
62.1,30.129775975036196,0.05880738431509329,follow,17.43584285490703,37.75,9.509352728564437
62.2,30.135472154497595,0.056961794613975075,follow,18.124663962554294,37.07,7.361772414308704
62.3,30.14098801298947,0.05515858491877007,follow,17.513208231746397,37.69,13.700532253153172
62.4,30.146327699073915,0.053396860844442756,follow,17.99148201948421,37.22,7.260558080733679
62.5,30.151495273707447,0.05167574633531978,follow,20.279491548610878,34.94,6.640697783118974
62.6,30.156494712036793,0.04999438329344785,follow,19.147242910561175,36.08,10.654084257612745
62.7,30.16132990515825,0.048351931214568475,follow,18.26474206805519,36.97,10.152883963529058
62.8,30.1660046618414,0.04674756683146058,follow,19.461994857737373,35.78,9.551509736352513
62.9,30.170522710217845,0.04518048376445242,follow,17.4590069927621,37.79,10.184548903564412
63.0,30.174887699435747,0.04364989217901256,follow,16.445784065326762,38.81,9.273845031787301
63.1,30.17910320128077,0.042155018450239876,follow,16.792331549153623,38.47,7.933425708456583
63.2,30.183172711764183,0.04069510483411144,follow,18.40865480192116,36.86,9.094110372601497
63.3,30.187099652678725,0.039269409145421805,follow,16.50475906764627,38.77,8.397046396325154
63.4,30.19088737312294,0.0378772044421465,follow,18.010649479018085,37.27,11.290903259367855
63.5,30.194539150994565,0.03651777871624329,follow,18.576331059684414,36.71,8.857438345392564
63.6,30.19805819445363,0.035190434590662734,follow,18.881808726491855,36.41,7.833378687781238
63.7,30.201447643355877,0.0338944890224826,follow,18.54708729168044,36.75,8.705544425699728
63.8,30.20471057065708,0.03262927301202777,follow,18.662171465033815,36.64,10.16447764163244
63.9,30.207849983788872,0.03139413131789988,follow,18.047065855985622,37.26,8.56975289831189
64.0,30.210868826006646,0.030188422177728158,follow,18.071774975683304,37.24,8.219174165062306
64.1,30.2137699777101,0.02901151703453729,follow,18.256303239009966,37.06,10.142948304377475
64.2,30.216556257736972,0.027862800268705384,follow,17.770654966565154,37.55,10.354175512896024
64.3,30.2192304246305,0.02674166893528472,follow,16.954834386605462,38.37,9.15920016583579
64.4,30.221795177881162,0.0256475325066495,follow,17.22884563694575,38.1,9.243545192263916
64.5,30.224253159143196,0.02457981262031532,follow,19.942692766821743,35.39,9.985178374942986
64.6,30.226606953426383,0.023537942831892505,follow,21.136379738714794,34.2,7.056483087786143
64.7,30.178960747709574,-0.4764620571681075,follow,17.269910430139575,38.07,8.050394585837665
64.8,30.181314541992762,0.023537942831892478,follow,19.768441121564365,35.5,8.551508116501065
64.9,30.184927598630757,0.036130566379959664,follow,18.50197181298914,36.77,9.871332804835257
65.0,30.188062397177994,0.03134798547238146,follow,19.567391397946132,35.71,10.926963949903765
65.1,30.191169429819332,0.031070326413389568,follow,20.26209359576699,35.02,15.152502256287438
65.2,30.194136423908734,0.029669940894027524,follow,17.676754144729003,37.61,13.55737218828188
65.3,30.19699575555821,0.02859331649476142,follow,17.4512046358631,37.84,10.638190934265445
65.4,30.199742527058824,0.0274677150061457,follow,18.935493633337316,36.36,10.63237940058362
65.5,30.20238135308872,0.02638826029896367,follow,21.179613790588242,34.12,8.158031781296582
65.6,30.204914330304632,0.025329772159113653,follow,18.933572029633083,36.37,10.873223170617843
65.7,30.20734413265542,0.024298023507904665,follow,17.89737149545695,37.41,10.575730999606472
65.8,30.209673216813684,0.023290841582619445,follow,19.981016198983134,35.33,11.699941504690274
65.9,30.211904027931176,0.022308111174918918,follow,18.144509825220524,37.17,9.501766846682456
66.0,30.214038948114162,0.021349201829859082,follow,18.367856041896758,36.95,13.224583009102092
66.1,30.216080311034748,0.0204136292058522,follow,17.72105842217124,37.6,19.32088813950733
66.2,30.218030399506507,0.019500884717576175,follow,18.244120466552125,37.08,11.451405769893697
66.3,30.21989144741406,0.01861047907551637,follow,19.457045599259764,35.87,12.85713106624552
66.4,30.221665640496415,0.017741930823557905,follow,17.04983717112109,38.28,15.120480124892792
66.5,30.223355117399088,0.016894769026737574,follow,18.572498460744626,36.76,10.86495467500875
66.6,30.224961970631607,0.016068532325208884,follow,18.435032676098636,36.9,12.970296397954257
66.7,30.2264882475244,0.015262768927945591,follow,19.43744295594741,35.9,12.020807391342887
66.8,30.227935951161374,0.014477036369735893,follow,18.9097323712866,36.43,12.658377607499885
66.9,30.229307041294778,0.013710901334022335,follow,19.39190392674206,35.95,10.100280639717557
67.0,30.230603435241143,0.01296393946366571,follow,18.61396056194217,36.73,12.75080059637756
67.1,30.231827008759097,0.012235735179551524,follow,16.535905152861716,38.81,15.829012349302035
67.2,30.232979596909274,0.011525881501776372,follow,19.957740513138646,35.39,21.54013358813137
67.3,30.234062994896757,0.010833979874839958,follow,20.229469395363914,35.12,17.437389043434695
67.4,30.235078958896374,0.01015963999616347,follow,16.83109449234513,38.52,38.71049594167067
67.5,30.23602920686119,0.009502479648169054,follow,18.692618438344567,36.66,10.891171094200137
67.6,30.236915419314567,0.008862124533762367,follow,19.214043810291784,36.14,18.18899770402272
67.7,30.23773924012607,0.008238208115049231,follow,17.325373128971847,38.03,15.104820782828844
67.8,30.238502277271618,0.007630371455451715,follow,19.146608860189104,36.21,43.70537172117978
67.9,30.239206103578105,0.0070382630648630345,follow,16.467753415907424,38.89,11.85957782817164
68.0,30.239852257452913,0.006461538748082252,follow,17.748809155367155,37.61,11.50204872843298
68.1,30.240442243598533,0.005899861456193936,follow,19.03977838617937,36.32,11.945630632013994
68.2,30.240977533712634,0.005352901140999136,follow,16.110663365397798,39.25,9.168466709041766
68.3,30.241459567173877,0.004820334612436264,follow,19.18146630056895,36.18,12.42675680882614
68.4,30.241889751713757,0.004301845398799575,follow,17.70218935076082,37.66,12.259554555624963
68.5,30.242269464074738,0.0037971236098204852,follow,18.192834627570633,37.17,16.28642041840104
68.6,30.242600050654996,0.003305865802573818,follow,17.093404196112104,38.27,18.376067929108018
68.7,30.242882828139994,0.0028277748499818955,follow,16.793900075982492,38.57,49.90407160788114
68.8,30.243119084121204,0.00236255981210394,follow,18.49432424220999,36.87,24.36688584984276
68.9,30.243310077702194,0.0019099358099054081,follow,19.374678626181804,35.99,13.07153897828894
69.0,30.243457040092366,0.001469623901706421,follow,18.034965116553295,37.33,12.470531395649541
69.1,30.243561175188567,0.0010413509620061379,follow,19.29518556013855,36.07,19.999321617814715
69.2,30.243623660144856,0.0006248495628854711,follow,16.345341762782844,39.02,11.883213193280092
69.3,30.243645645930624,0.0002198578576773219,follow,18.415435490217277,36.95,61.21140813172811
69.4,30.243628257877333,-0.00017388053290198768,follow,18.975468468895933,36.39,32.67697253782182
69.5,30.243572596214097,-0.0005566166323587168,follow,18.375442386815998,36.99,14.954078993523249
69.6,30.243479736592317,-0.0009285962177909834,follow,20.06535889432115,35.3,10.104538357629938
69.7,30.243350730599616,-0.0012900599269912022,follow,19.655219604888472,35.71,41.362100863919565
69.8,30.243186606263272,-0.001641243363444081,follow,17.27502609589942,38.09,18.37268284722992
69.9,30.242988368543358,-0.0019823771991430844,follow,19.314779909394915,36.05,40.37006669953024
70.0,30.242756999815825,-0.0023136872753338755,follow,19.744482552815036,35.62,10.88379002840862
70.1,30.242493460345695,-0.0026353947012810047,follow,18.014135499723736,37.35,15.676853104386097
70.2,30.2421986887506,-0.0029477159509368744,follow,17.30374019051854,38.06,20.66009504426076
70.3,30.241873602454827,-0.003250862957744058,follow,17.8232980331259,37.54,21.186612830616415
70.4,30.241519098134084,-0.0035450432074317917,follow,17.522810403682236,37.84,17.587573372142934
70.5,30.241136052151184,-0.003830459829017571,follow,19.44227864720112,35.92,29.65810483157528
70.6,30.240725320982794,-0.004107311683911624,follow,20.191704078226778,35.17,13.419948942535868
70.7,30.240287741637474,-0.00437579345321587,follow,16.98108798147419,38.38,21.437894650887795
70.8,30.23982413206514,-0.004636095723304673,follow,18.990431612456213,36.37,23.619580471973904
70.9,30.239335291558184,-0.004888405069588514,follow,18.90973619809771,36.45,31.17155555223941
71.0,30.238822001144314,-0.005132904138706998,follow,17.18900293733728,38.17,39.809265905919716
71.1,30.23828502397143,-0.005369771728857692,follow,18.03823300171647,37.32,14.87869187246924
71.2,30.237725105684554,-0.005599182868754132,follow,18.15742753595714,37.2,13.155451329132784
71.3,30.23714297479508,-0.005821308894742458,follow,16.276587658526836,39.08,106.44354565632761
71.4,30.236539343042427,-0.006036317526521631,follow,19.36571446219262,35.99,31.39011340378244
71.5,30.235914905748306,-0.006244372941226373,follow,17.64480901456364,37.71,18.34219884031359
71.6,30.235270342163695,-0.006445635846112005,follow,18.61387235862246,36.74,1453.8782166861556
71.7,30.234606315808733,-0.006640263549599942,follow,18.37290551324555,36.98,29.95286799239814
71.8,30.23392347480562,-0.006828410031105875,follow,16.9919094737131,38.36,135.10682773328898
71.9,30.233222452204696,-0.0070102260092515245,follow,18.120885212208435,37.23,30.941909313429544
72.0,30.232503866303816,-0.007185859008804474,follow,18.099833678307043,37.25,
72.1,30.231768320961194,-0.007355453426214548,follow,17.50875579945572,37.84,
72.2,30.23101640590181,-0.007519150593867596,follow,19.09765248144179,36.25,26.248783030443917
72.3,30.23024869701751,-0.007677088842975369,follow,19.60652460885271,35.74,127.52958490210804
72.4,30.22946575666099,-0.007829403565228973,follow,19.845373045526266,35.5,65.80584506369136
72.5,30.22866813393367,-0.007976227273203823,follow,20.86419863499149,34.48,
72.6,30.227856364967717,-0.008117689659518285,follow,16.44300220090051,38.9,20.715109379874622
72.7,30.22703097320224,-0.008253917654785656,follow,19.911784547451575,35.43,89.23737035990011
72.8,30.226192469653792,-0.008385035484460734,follow,18.96054645980336,36.38,1388.9488269286385
72.9,30.225341353181353,-0.008511164724387815,follow,19.019288704480687,36.32,14.672723805676695
73.0,30.22447811074581,-0.008632424355415766,follow,18.388012029772028,36.95,19.100758904816164
73.1,30.223603217664138,-0.008748930816710077,follow,17.82671716611872,37.51,14.135496878474006
73.2,30.222717137858325,-0.008860798058129019,follow,17.775404826496207,37.56,35.343365286922925
73.3,30.22182032409918,-0.008968137591459119,follow,19.374075706787487,35.96,222.22177714808956
73.4,30.22091321824512,-0.009071058540628132,follow,18.922730486148772,36.41,
73.5,30.21999625147603,-0.009169667690905006,follow,18.431369827367682,36.9,56.76955815699933
73.6,30.21906984452232,-0.009264069537104333,follow,19.009994377214042,36.32,
73.7,30.218134407889238,-0.00935436633080114,follow,16.988604766783475,38.34,20.523148569015177
73.8,30.21719034207658,-0.009440658126570425,follow,18.217201611833858,37.11,17.445547427492034
73.9,30.216238037793847,-0.00952304282735525,follow,17.94578551311487,37.38,58.75159575434207
74.0,30.21527787617097,-0.009601616228794033,follow,18.034357056690773,37.29,181.65620521591276
74.1,30.214310228964692,-0.009676472062769087,follow,17.462916814256452,37.86,69.55592231292792
74.2,30.213335458760692,-0.009747702040003067,follow,18.56146534344704,36.76,15.822080217209972
74.3,30.21235391917151,-0.009815395891818825,follow,20.190003188141034,35.13,67.25325246093455
74.4,30.21136595503041,-0.009879641410987745,follow,18.328530878757263,36.99,23.39117007188173
74.5,30.210371902581223,-0.009940524491873076,follow,19.477048932545614,35.84,
74.6,30.209372089664264,-0.009998129169602625,follow,19.365557853871834,35.95,3835.8574541893995
74.7,30.208366835898406,-0.010052537658565272,follow,18.14405813449639,37.17,32.36770589157654
74.8,30.2073564528594,-0.010103830390065682,follow,17.43255025384761,37.88,51.372711058681034
74.9,30.206341244254475,-0.01015208604926135,follow,18.7710346792891,36.54,30.800581347875674
75.0,30.205321506093348,-0.010197381611245733,follow,18.449511866381712,36.86,138.92579061054968
75.1,30.204297526855694,-0.010239792376537375,follow,16.927982259140016,38.38,
75.2,30.203269587655118,-0.010279392005749212,follow,18.526446290283538,36.78,35.94360708431051
75.3,30.202237962399764,-0.010316252553555144,follow,15.924904381482676,39.38,
75.4,30.201202917949562,-0.01035044450203379,follow,18.14335694359965,37.16,67.4161888297555
75.5,30.200164714270237,-0.010382036793244204,follow,20.681804376924347,34.62,46.14986461163858
75.6,30.199123604584116,-0.010411096861211735,follow,17.900247071405353,37.4,377.3066986104496
75.7,30.19807983551779,-0.010437690663249795,follow,18.288685406876176,37.01,40.756328411253264
75.8,30.197033647246737,-0.010461882710561664,follow,17.26711975327669,38.03,89.056214294108
75.9,30.1959852736369,-0.01048373609836141,follow,17.9155504708701,37.38,37.911316730036305
76.0,30.194934942383377,-0.010503312535235121,follow,18.77397791045535,36.52,
76.1,30.193882875146173,-0.01052067237205298,follow,19.94240241357506,35.35,
76.2,30.19282928768316,-0.010535874630123072,follow,18.78082431271926,36.51,84.35196286145535
76.3,30.19177438998027,-0.010548977028914254,follow,19.449243931524734,35.84,
76.4,30.190718386378954,-0.010560036013169696,follow,19.10766158497041,36.18,
76.5,30.189661475701016,-0.010569106779399103,follow,17.766077579568424,37.52,
76.6,30.188603851370818,-0.010576243301968102,follow,16.51449221355152,38.77,
76.7,30.18754570153497,-0.010581498358492904,follow,17.872905777056232,37.41,
76.8,30.18648720917948,-0.010584923554887077,follow,19.58131855230245,35.7,466.74470650679655
76.9,30.185428552244506,-0.010586569349721735,follow,17.69973081376922,37.58,439.8997643368984
77.0,30.18436990373668,-0.01058648507826411,follow,16.798142828366764,38.48,
77.1,30.183311431839094,-0.010584718975865937,follow,18.73655485560502,36.54,22.790332105401628
77.2,30.182253300018996,-0.010581318200987198,follow,18.134967147758644,37.14,43.578593358538036
77.3,30.181195667133224,-0.010576328857710635,follow,17.89337995002849,37.38,
77.4,30.180138687531446,-0.010569796017773851,follow,18.711793500699834,36.56,
77.5,30.179082511157226,-0.010561763742199609,follow,17.020208031297173,38.25,
77.6,30.178027283646983,-0.010552275102430349,follow,17.808623766735842,37.46,
77.7,30.176973146426874,-0.010541372201083421,follow,17.10704092547048,38.16,
77.8,30.175920236807652,-0.01052909619223337,follow,18.49545971964031,36.77,
77.9,30.174868688077517,-0.010515487301337702,follow,17.89388035521148,37.37,
78.0,30.17381862959305,-0.010500584844662215,follow,16.47230303211628,38.79,
78.1,30.172770186868206,-0.010484427248457807,follow,17.62072794438957,37.64,1148.604985115885
78.2,30.171723481661452,-0.010467052067553967,follow,15.10915528030231,40.15,66.72500114029059
78.3,30.17067863206108,-0.010448496003738705,follow,17.43758522249218,37.82,
78.4,30.169635752568713,-0.010428794923684079,follow,16.60601794809162,38.65,
78.5,30.168594954181064,-0.010407983876507133,follow,15.674453628853072,39.58,120.45224522282366
78.6,30.167556344469965,-0.010386097110986814,follow,18.2728924312716,36.98,
78.7,30.166520027660724,-0.010363168092417711,follow,18.561334516704946,36.69,
78.8,30.16548610470881,-0.010339229519149055,follow,18.169780041491087,37.08,
78.9,30.164454673374937,-0.01031431333871053,follow,14.778229157063215,40.47,
79.0,30.163425828298564,-0.010288450763716359,follow,16.77668201006241,38.47,
79.1,30.16239966106983,-0.010261672287327737,follow,12.985138742447852,42.26,
79.2,30.16137626029998,-0.010234007698509746,follow,16.52359949160475,38.72,
79.3,30.160355711690293,-0.01020548609687294,follow,15.492064390449968,39.75,
79.4,30.159338098099568,-0.010176135907266216,follow,13.730533567535439,41.51,
79.5,30.158323499610155,-0.010145984894116541,follow,13.019007147149352,42.22,
79.6,30.15731199359262,-0.010115060175326304,follow,12.797485249415232,42.44,
79.7,30.156303654769015,-0.010083388236071168,follow,13.665967990388928,41.57,
79.8,30.155298555274797,-0.010050994942165957,follow,13.714455482153518,41.52,
79.9,30.154296764719476,-0.01001790555320873,follow,14.072947832912199,41.16,
80.0,30.153298350245922,-0.009984144735528014,follow,13.681445147079216,41.55,
80.1,30.152303376588453,-0.009949736574696007,follow,15.129947525368884,40.1,
80.2,30.151311906129656,-0.009914704587967539,follow,15.288455064882683,39.94,
80.3,30.150323998956022,-0.009879071736331575,follow,14.116967859194489,41.11,
80.4,30.149339712912383,-0.009842860436376721,follow,14.145485998434033,41.08,
80.5,30.148359103655192,-0.00980609257191515,follow,14.31400956936858,40.91,
80.6,30.14738222470466,-0.009768789505330382,follow,12.702538655482783,42.52,
80.7,30.14640912749579,-0.009730972088701467,follow,12.181073337056993,43.04,
80.8,30.145439861428315,-0.009692660674741303,follow,13.079613691243686,42.14,
80.9,30.14447447391557,-0.009653875127469722,follow,11.128159792142469,44.09,
81.0,30.1435130104323,-0.009614634832662033,follow,14.246711710873356,40.97,
81.1,30.142555514561494,-0.009574958708078452,follow,12.845269515648454,42.37,
81.2,30.141602028040136,-0.009534865213570921,follow,13.313833271842242,41.9,
81.3,30.140652590804056,-0.00949437236080053,follow,14.592403042060205,40.62,
81.4,30.139707241031758,-0.009453497722972617,follow,12.080978886206083,43.13,
81.5,30.13876601518734,-0.009412258444188214,follow,11.919560861547637,43.29,
81.6,30.137828948062467,-0.009370671248716808,follow,9.55814902278101,45.65,
81.7,30.136896072817468,-0.009328752449997965,follow,10.486743422093703,44.72,
81.8,30.135967421021512,-0.009286517959569113,follow,12.455344109226203,42.75,
81.9,30.13504302269195,-0.009243983295634917,follow,8.393951131532262,46.81,
82.0,30.134122906332784,-0.009201163591655216,follow,9.002564534037923,46.2,
82.1,30.133207098972324,-0.009158073604607644,follow,9.621184359499182,45.58,
82.2,30.13229562620001,-0.009114727723152485,follow,10.469810648458491,44.73,
82.3,30.13138851220245,-0.009071139975603,follow,11.218443439300017,43.98,
82.4,30.130485779798672,-0.009027324037752638,follow,10.187082768303675,45.01,
82.5,30.129587450474624,-0.008983293240485413,follow,7.935728669698008,47.26,
82.6,30.12869354441689,-0.00893906057733869,follow,6.574381175711942,48.62,
82.7,30.127804080545715,-0.00889463871175332,follow,6.783040316625339,48.41,
82.8,30.12691907654728,-0.008850039984328817,follow,9.341706120818571,45.85,
82.9,30.1260385489053,-0.00880527641982487,follow,9.970378614820923,45.22,
83.0,30.125162512931894,-0.008760359734071063,follow,7.939057823357949,47.25,
83.1,30.124290982797824,-0.008715301340684531,follow,10.377743769397838,44.81,
83.2,30.123423971562055,-0.008670112357694215,follow,7.136436474196742,48.05,
83.3,30.12256149120065,-0.008624803614051345,follow,7.53513595734308,47.65,
83.4,30.12170355263506,-0.008579385655869971,follow,7.713842236800971,47.47,
83.5,30.120850165759787,-0.008533868752728505,follow,9.082555328952587,46.1,
83.6,30.120001339469418,-0.008488262903685963,follow,5.731275248639676,49.45,
83.7,30.119157081685092,-0.008442577843258851,follow,6.97000200920413,48.21,
83.8,30.11831739938037,-0.00839682304722188,follow,7.628735622527643,47.55,
83.9,30.117482298606536,-0.008351007738340101,follow,9.877476099070556,45.3,
84.0,30.11665178451734,-0.008305140891931247,follow,5.346223447909807,49.83,
84.1,30.115825861393205,-0.008259231241345744,follow,2.334977676776006,52.84,
84.2,30.115004532664873,-0.008213287283331469,follow,2.1837387920898053,52.99,
84.3,30.11418780093655,-0.00816731728325569,follow,5.092506798997313,50.08,
84.4,30.113375668008526,-0.00812132928023351,follow,5.001281701404821,50.17,
84.5,30.112568134899306,-0.008075331092198667,follow,3.05006350201279,52.12,
84.6,30.11176520186723,-0.008029330320773524,follow,4.9988522023489566,50.17,
84.7,30.110966868431614,-0.007983334356141375,follow,2.6576478028008452,52.51,
84.8,30.110173133393445,-0.007937350381694262,follow,1.606450302647417,53.56,
84.9,30.109383994855573,-0.0078913853787369,follow,0.5352597000901653,54.63,
85.0,30.10859945024248,-0.007845446130934918,follow,2.3040759922833587,52.86,
85.1,30.1078194963196,-0.007799539228783008,follow,2.1428991753637163,53.02,
85.2,30.107044129212206,-0.007753671073948611,follow,2.881729244479402,52.28,
85.3,30.106273344423855,-0.0077078478834991734,follow,2.470566193818314,52.69,
85.4,30.105507136854452,-0.007662075694032371,follow,1.159410016635782,54.0,
85.5,30.10474550081787,-0.00761636036582241,follow,-0.16173929471832338,55.32,
85.6,30.1039884300592,-0.0075707075867039765,follow,-1.422881748773193,56.58,
85.7,30.103235917771592,-0.007525122876068199,follow,1.0759826450888,54.08,
85.8,30.10248795661273,-0.007479611588603399,follow,-3.125146123342617,58.28,
85.9,30.101744538720922,-0.007434178918094243,follow,-0.526268065080906,55.68,
86.0,30.10100565573082,-0.007388829901036304,follow,-1.3073831919186176,56.46,
86.1,30.100271298788797,-0.007343569420226348,follow,-0.44849151640377016,55.6,
86.2,30.099541458567966,-0.007298402208296983,follow,2.070406948183198,53.08,
86.3,30.098816125282855,-0.007253332851119048,follow,-3.990687812148053,59.14,
86.4,30.098095288703735,-0.007208365791197574,follow,-4.121775812075718,59.27,
86.5,30.097378938170646,-0.0071635053308897224,follow,-2.7328570669443977,57.88,
86.6,30.096667062607075,-0.007118755635726358,follow,-3.72393159274403,58.87,
86.7,30.095959650533327,-0.007074120737486939,follow,-4.914999406089393,60.06,
86.8,30.095256690079598,-0.007029604537299571,follow,-1.5960605242000128,56.74,
86.9,30.094558168998727,-0.006985210808699429,follow,-3.8271149648806,58.97,
87.0,30.093864074678674,-0.006940943200538754,follow,-6.618162746501909,61.76,
87.1,30.093174394154683,-0.006896805239921117,follow,-3.2992038879819887,58.44,
87.2,30.092489114121186,-0.0068528003349909924,follow,-6.520238408767973,61.66,
87.3,30.091808220943413,-0.006808931777741431,follow,-3.8912663288182188,59.03,
87.4,30.09113170066874,-0.0067652027467200865,follow,-7.672287668584886,62.81,
87.5,30.090459539037774,-0.006721616309669807,follow,-7.1433024489968915,62.28,
87.6,30.089791721495157,-0.006678175426175423,follow,-4.594310691443333,59.73,
87.7,30.089128233200146,-0.0066348829501236065,follow,-10.265312417757272,65.4,
87.8,30.088469059036917,-0.0065917416322844105,follow,-7.07630765019978,62.21,
87.9,30.087814183624648,-0.006548754122684474,follow,-7.347296411444624,62.48,
88.0,30.087163591327343,-0.0065059229730362565,follow,-9.728278724563026,64.86,
88.1,30.08651726626344,-0.006463250639046566,follow,-12.009254613008984,67.14,
88.2,30.085875192315168,-0.006420739482707941,follow,-8.220224100604845,63.35,
88.3,30.085237353137714,-0.006378391774527887,follow,-10.771187211527256,65.9,
88.4,30.08460373216814,-0.006336209695736127,follow,-11.942143970293422,67.07,
88.5,30.083974312634098,-0.006294195340423709,follow,-12.933094401747795,68.06,
88.6,30.08334907756234,-0.0062523507176022106,follow,-12.354038531048857,67.48,
88.7,30.082728009787008,-0.006210677753321871,follow,-11.704976383656486,66.83,
88.8,30.08211109195775,-0.006169178292599917,follow,-11.21590798531949,66.34,
88.9,30.081498306547605,-0.006127854101455145,follow,-13.546833362063381,68.67,
89.0,30.080889635860725,-0.006086706868785981,follow,-11.607752540178595,66.73,
89.1,30.0802850620399,-0.006045738208260286,follow,-8.218665546208918,63.34,
89.2,30.07968456707388,-0.006004949660184607,follow,-15.689572406940158,70.81,
89.3,30.079088132804554,-0.005964342693245014,follow,-17.150473149389178,72.27,
89.4,30.07849574093392,-0.005923918706321682,follow,-10.701367800793165,65.82,
89.5,30.0779073730309,-0.005883679030200772,follow,-14.042256388599114,69.16,
89.6,30.077323010537977,-0.005843624929236523,follow,-18.013138940453643,73.13,
89.7,30.076742634777673,-0.005803757603034077,follow,-21.634015484193036,76.75,
89.8,30.076166226958872,-0.005764078188029768,follow,-17.714886047833488,72.83,
89.9,30.07559376818296,-0.005724587759123174,follow,-16.555750659561696,71.67,
90.0,30.075025239449843,-0.005685287331140078,follow,-18.256609347725565,73.37,
90.1,30.0744606216638,-0.00564617786044402,follow,-22.217462140825234,77.33,
90.2,30.073899895639165,-0.0056072602463363465,follow,-18.208309067504295,73.32,
90.3,30.073343042105915,-0.005568535332515511,follow,-18.349150156541242,73.46,
90.4,30.07279004171506,-0.005530003908548482,follow,-19.52998543684113,74.64,
90.5,30.072240875043942,-0.005491666711167648,follow,-18.930814937427414,74.04,
90.6,30.07169552260137,-0.005453524425709767,follow,-21.871638687434093,76.98,
90.7,30.021150170158798,-0.5054535244257098,follow,-25.822456716097953,80.93,
90.8,30.020604817716226,-0.005453524425709788,follow,-23.348274744761795,78.38,
90.9,30.021627837674725,0.010230199585002691,follow,-22.469092773425658,77.5,
91.0,30.022218633266874,0.005907955921501992,follow,-22.827558243487914,77.86,
91.1,30.022892363378233,0.006737301113589687,follow,-20.266672050099686,75.3,
91.2,29.97356609348959,-0.49326269888641033,follow,-26.505661454932657,81.54,
91.3,29.97423982360095,0.0067373011135896665,follow,-24.729650859765613,79.69,
91.4,29.976311050121332,0.020712265203819934,follow,-24.928640264598577,79.89,
91.5,29.928382276641713,-0.4792877347961801,follow,-33.52553342481799,88.49,
91.6,29.930453503162095,0.020712265203819913,follow,-27.007426585037436,81.9,
91.7,29.93286298553272,0.024094823706228057,follow,-24.85431974525686,79.75,
91.8,29.935116999460703,0.022540139279840356,follow,-26.060705521700918,80.96,
91.9,29.887371013388687,-0.47745986072015967,follow,-30.35732450080895,85.26,
92.0,29.889625027316672,0.022540139279840332,follow,-28.268943479916963,83.1,
92.1,29.89320371604675,0.03578688730075086,follow,-24.795562459024985,79.63,
92.2,29.846782404776825,-0.46421311269924914,follow,-31.09019442592988,85.93,
92.3,29.8503610935069,0.03578688730075086,follow,-27.559826392834765,82.33,
92.4,29.803939782236977,-0.46421311269924914,follow,-34.354458359739645,89.13,
92.5,29.807518470967054,0.03578688730075086,follow,-32.81409032664453,87.52,
92.6,29.813016523856167,0.0549805288911346,follow,-29.298722293549424,84.01,
92.7,29.76851457674528,-0.4450194711088654,follow,-34.09047521421575,88.81,
92.8,29.77401262963439,0.054980528891134584,follow,-31.397228134882077,86.05,
92.9,29.729510682523504,-0.4450194711088654,follow,-33.78898105554842,88.45,
93.0,29.63500873541262,-0.9450194711088654,follow,-33.26573397621475,87.86,
93.1,29.59050678830173,-0.4450194711088654,follow,-30.287486896881063,84.74,
93.2,29.496004841190846,-0.9450194711088654,follow,-31.214239817547394,85.6,
93.3,29.35150289407996,-1.4450194711088655,follow,-36.09599273821374,90.34,
93.4,29.257000946969075,-0.9450194711088655,follow,-33.06274565888006,87.09,
93.5,29.11249899985819,-1.4450194711088655,follow,-33.34449857954639,87.23,
93.6,29.017997052747305,-0.9450194711088655,follow,-32.411251500212714,86.08,
93.7,28.87349510563642,-1.4450194711088655,follow,-36.543004420879036,90.07,
93.8,28.678993158525532,-1.9450194711088655,follow,-41.469757341545375,94.78,
93.9,28.534491211414647,-1.4450194711088655,follow,-33.6815102622117,86.7,
94.0,28.33998926430376,-1.9450194711088655,follow,-37.13826318287803,89.94,
94.1,28.195487317192875,-1.4450194711088655,follow,-41.48001610354436,93.99,
94.2,28.10098537008199,-0.9450194711088655,follow,-37.956769024210686,90.25,
94.3,27.956483422971104,-1.4450194711088655,follow,-39.83852194487701,91.99,
94.4,27.86198147586022,-0.9450194711088655,follow,-36.205274865543345,88.14,
94.5,27.717479528749333,-1.4450194711088655,follow,-40.69702778620967,92.49,
94.6,27.622977581638448,-0.9450194711088655,follow,-39.513780706876005,91.09,
94.7,27.478475634527562,-1.4450194711088655,follow,-43.15553362754233,94.59,
94.8,27.383973687416677,-0.9450194711088655,follow,-44.192286548208656,95.41,
94.9,27.23947174030579,-1.4450194711088655,follow,-48.49403946887497,99.57,
95.0,27.144969793194907,-0.9450194711088655,follow,-43.400792389541316,94.26,
95.1,27.00046784608402,-1.4450194711088655,follow,-43.09254531020764,93.81,
95.2,26.805965898973135,-1.9450194711088655,follow,-43.179298230873975,93.68,
95.3,26.66146395186225,-1.4450194711088655,follow,-42.1810511515403,92.39,
95.4,26.566962004751364,-0.9450194711088655,follow,-44.57780407220662,94.57,
95.5,26.522460057640476,-0.4450194711088655,follow,-43.16955699287295,93.02,
95.6,26.42795811052959,-0.9450194711088655,follow,-44.76630991353928,94.55,
95.7,26.283456163418705,-1.4450194711088655,follow,-48.37806283420561,98.02,
95.8,26.18895421630782,-0.9450194711088655,follow,-42.23481575487194,91.66,
95.9,26.044452269196935,-1.4450194711088655,follow,-48.67656867553826,97.96,
96.0,25.94995032208605,-0.9450194711088655,follow,-49.6033215962046,98.67,
96.1,25.905448374975162,-0.4450194711088655,follow,-45.85507451687093,94.78,
96.2,25.910946427864275,0.05498052889113447,follow,-40.39182743753726,89.25,
96.3,25.866444480753387,-0.4450194711088655,follow,-44.903580358203584,93.77,
96.4,25.771942533642502,-0.9450194711088655,follow,-50.610333278869916,99.41,
96.5,25.727440586531614,-0.4450194711088655,follow,-47.142086199536244,95.8,
96.6,25.63293863942073,-0.9450194711088655,follow,-44.57883912020258,93.17,
96.7,25.488436692309843,-1.4450194711088655,follow,-46.31059204086891,94.76,
96.8,25.293934745198957,-1.9450194711088655,follow,-50.57734496153524,98.81,
96.9,25.14943279808807,-1.4450194711088655,follow,-50.17909788220157,98.12,
97.0,25.054930850977186,-0.9450194711088655,follow,-48.2858508028679,96.01,
97.1,24.9104289038663,-1.4450194711088655,follow,-48.19760372353422,95.78,
97.2,24.815926956755415,-0.9450194711088655,follow,-48.484356644200545,95.85,
97.3,24.771425009644528,-0.4450194711088655,follow,-47.216109564866876,94.44,
97.4,24.676923062533643,-0.9450194711088655,follow,-54.822862485533214,101.98,
97.5,24.632421115422755,-0.4450194711088655,follow,-49.44461540619953,96.46,
97.6,24.53791916831187,-0.9450194711088655,follow,-54.13136832686587,101.08,
97.7,24.493417221200982,-0.4450194711088655,follow,-55.29312124753219,102.1,
97.8,24.498915274090095,0.05498052889113447,follow,-53.94987416819853,100.69,
97.9,24.55441332697921,0.5549805288911345,follow,-49.85162708886485,96.6,
98.0,24.55991137986832,0.05498052889113447,follow,-52.32838000953119,99.16,
98.1,24.584914776532603,0.2500339666428215,follow,-51.16013293019752,98.0,
98.2,24.659918173196886,0.7500339666428215,follow,-48.6326278352011,95.51,
98.3,24.684921569861167,0.2500339666428215,follow,-52.23012274020467,99.22,
98.4,24.75992496652545,0.7500339666428215,follow,-47.832617645208245,94.86,
98.5,24.78492836318973,0.2500339666428215,follow,-54.79011255021183,101.93,
98.6,24.859931759854014,0.7500339666428215,follow,-49.9526074552154,97.13,
98.7,24.884935156518296,0.2500339666428215,follow,-51.87010236021898,99.16,
98.8,24.959938553182578,0.7500339666428215,follow,-52.142597265222555,99.47,
98.9,25.08494194984686,1.2500339666428215,follow,-50.480092170226136,97.92,
99.0,25.159945346511144,0.7500339666428215,follow,-52.862587075229705,100.49,
99.1,25.284948743175427,1.2500339666428215,follow,-49.65008198023328,97.39,
99.2,25.35995213983971,0.7500339666428215,follow,-53.49257688523686,101.42,
99.3,25.484955536503993,1.2500339666428215,follow,-46.850071790240435,94.89,
99.4,25.559958933168275,0.7500339666428215,follow,-51.07256669524401,99.3,
99.5,25.584962329832557,0.2500339666428215,follow,-56.37006160024758,104.71,
99.6,25.65996572649684,0.7500339666428215,follow,-47.62255650525117,96.0,
99.7,25.68496912316112,0.2500339666428215,follow,-48.49005141025474,96.98,
99.8,25.659972519825402,-0.24996603335717849,follow,-52.01254631525833,100.54,
99.9,25.684975916489684,0.2500339666428215,follow,-51.060041220261894,99.55,
100.0,25.659979313153965,-0.24996603335717849,follow,-51.53253612526548,100.06,
100.1,25.684982709818247,0.2500339666428215,follow,-51.98003103026905,100.47,
100.2,25.659986106482528,-0.24996603335717849,follow,-52.382525935272625,100.91,
100.3,25.58498950314681,-0.7499660333571785,follow,-53.820020840276214,102.31,
100.4,25.559992899811093,-0.24996603335717849,follow,-51.85251574527979,100.23,
100.5,25.584996296475374,0.2500339666428215,follow,-49.94001065028336,98.28,
100.6,25.559999693139655,-0.24996603335717849,follow,-52.622505555286935,101.0,
100.7,25.585003089803937,0.2500339666428215,follow,-56.290000460290514,104.63,
100.8,25.66000648646822,0.7500339666428215,follow,-50.22249536529409,98.6,
100.9,25.785009883132503,1.2500339666428215,follow,-47.599990270297674,96.09,
101.0,25.860013279796785,0.7500339666428215,follow,-53.59248517530124,102.27,
101.1,25.98501667646107,1.2500339666428215,follow,-49.81998008030482,98.61,
101.2,26.160020073125352,1.7500339666428215,follow,-43.542474985308395,92.52,
101.3,26.285023469789635,1.2500339666428215,follow,-52.239969890311976,101.48,
101.4,26.46002686645392,1.7500339666428215,follow,-47.94246479531555,97.37,
101.5,26.585030263118202,1.2500339666428215,follow,-48.989959700319126,98.68,
101.6,26.660033659782485,0.7500339666428215,follow,-50.06245460532269,99.94,
101.7,26.685037056446767,0.2500339666428215,follow,-49.51994951032628,99.51,
101.8,26.660040453111048,-0.24996603335717849,follow,-51.02244441532984,101.05,
101.9,26.68504384977533,0.2500339666428215,follow,-47.64993932033343,97.64,
102.0,26.66004724643961,-0.24996603335717849,follow,-50.42243422533701,100.45,
102.1,26.685050643103892,0.2500339666428215,follow,-48.159929130340586,98.15,
102.2,26.660054039768173,-0.24996603335717849,follow,-51.08242403534416,101.11,
102.3,26.685057436432455,0.2500339666428215,follow,-50.74991894034773,100.74,
102.4,26.760060833096738,0.7500339666428215,follow,-46.102413845351315,96.13,
102.5,26.78506422976102,0.2500339666428215,follow,-51.979908750354895,102.12,
102.6,26.8600676264253,0.7500339666428215,follow,-47.13240365535847,97.31,
102.7,26.885071023089584,0.2500339666428215,follow,-50.999898560362055,101.29,
102.8,26.960074419753866,0.7500339666428215,follow,-49.65239346536563,99.98,
102.9,26.985077816418148,0.2500339666428215,follow,-53.8898883703692,104.33,
103.0,27.06008121308243,0.7500339666428215,follow,-47.742383275372774,98.22,
103.1,27.085084609746712,0.2500339666428215,follow,-47.23987818037635,97.83,
103.2,27.060088006410993,-0.24996603335717849,follow,-48.182373085379936,98.81,
103.3,26.985091403075277,-0.7499660333571785,follow,-47.369867990383504,97.96,1151.2326329057844
103.4,26.86009479973956,-1.2499660333571785,follow,-50.75236289538709,101.23,
103.5,26.785098196403844,-0.7499660333571785,follow,-43.76985780039066,94.06,
103.6,26.660101593068127,-1.2499660333571785,follow,-45.55235270539424,95.73,
103.7,26.58510498973241,-0.7499660333571785,follow,-45.679847610397815,95.67,
103.8,26.460108386396694,-1.2499660333571785,follow,-51.78234251540138,101.66,
103.9,26.29866107720421,-1.6144730919248707,follow,-54.209837420404966,103.9,
104.0,26.18721376801172,-1.1144730919248707,follow,-49.07200838419368,98.52,
104.1,26.025766458819234,-1.6144730919248707,follow,-49.03917934798241,98.32,
104.2,25.814319149626748,-2.1144730919248707,follow,-49.99135031177115,99.03,
104.3,25.55287184043426,-2.6144730919248707,follow,-53.52852127555988,102.25,
104.4,25.341424531241774,-2.1144730919248707,follow,-47.73069223934861,96.06,
104.5,25.079977222049287,-2.6144730919248707,follow,-51.49786320313734,99.51,
104.6,24.8685299128568,-2.1144730919248707,follow,-54.070034166926064,101.69,
104.7,24.707082603664315,-1.6144730919248707,follow,-52.9772051307148,100.28,
104.8,24.49563529447183,-2.1144730919248707,follow,-52.289376094503524,99.35,
104.9,24.23418798527934,-2.6144730919248707,follow,-55.006547058292256,101.75,
105.0,24.022740676086855,-2.1144730919248707,follow,-44.41871802208098,90.77,
105.1,23.761293366894368,-2.6144730919248707,follow,-54.74588898586972,100.78,
105.2,23.54984605770188,-2.1144730919248707,follow,-51.188059949658445,96.83,
105.3,23.388398748509395,-1.6144730919248707,follow,-48.01523091344718,93.34,
105.4,23.17695143931691,-2.1144730919248707,follow,-55.1874018772359,100.27,
105.5,23.015504130124423,-1.6144730919248707,follow,-58.05457284102463,102.82,
105.6,22.904056820931935,-1.1144730919248707,follow,-53.81674380481337,98.34,
105.7,22.74260951173945,-1.6144730919248707,follow,-57.203914768602104,101.56,
105.8,22.531162202546962,-2.1144730919248707,follow,-59.40608573239082,103.52,
105.9,22.369714893354477,-1.6144730919248707,follow,-58.82325669617956,102.62,
106.0,22.15826758416199,-2.1144730919248707,follow,-60.03542765996829,103.59,
106.1,21.996820274969505,-1.6144730919248707,follow,-57.682598623757016,100.92,
106.2,21.885372965777016,-1.1144730919248707,follow,-55.94476958754574,98.94,
106.3,21.74664894793478,-1.387240178422343,follow,-51.14194055133447,93.97,
106.4,21.557924930092547,-1.887240178422343,follow,-55.36002657809783,97.98,
106.5,21.41920091225031,-1.387240178422343,follow,-53.863112604861186,96.2,
106.6,21.230476894408078,-1.887240178422343,follow,-63.00119863162453,105.13,
106.7,21.09175287656584,-1.387240178422343,follow,-56.32428465838788,98.17,
106.8,20.90302885872361,-1.887240178422343,follow,-57.41237068515123,99.05,
106.9,20.764304840881373,-1.387240178422343,follow,-58.95545671191459,100.31,
107.0,20.675580823039137,-0.8872401784223429,follow,-57.66354273867795,98.81,
107.1,20.5368568051969,-1.387240178422343,follow,-62.67662876544129,103.69,
107.2,20.448132787354666,-0.8872401784223429,follow,-56.02471479220465,96.83,
107.3,20.30940876951243,-1.387240178422343,follow,-58.567800818967996,99.24,
107.4,20.220684751670195,-0.8872401784223429,follow,-55.99588684573135,96.46,
107.5,20.08196073382796,-1.387240178422343,follow,-54.4089728724947,94.74,
107.6,19.893236715985726,-1.887240178422343,follow,-56.71705889925806,96.84,
107.7,19.654512698143492,-2.387240178422343,follow,-58.69014492602141,98.53,
107.8,19.46578868030126,-1.887240178422343,follow,-57.88823095278477,97.37,
107.9,19.246836691637878,-2.189519886633809,follow,-57.38131697954811,96.58,
108.0,19.077884702974497,-1.6895198866338088,follow,-55.599744962543184,94.47,
108.1,18.858932714311116,-2.189519886633809,follow,-59.75317294553826,98.37,
108.2,18.689980725647736,-1.6895198866338088,follow,-55.88160092853333,94.17,
108.3,18.471028736984355,-2.189519886633809,follow,-62.82502891152839,100.86,
108.4,18.302076748320975,-1.6895198866338088,follow,-61.14345689452346,98.85,
108.5,18.183124759657595,-1.1895198866338088,follow,-56.83688487751854,94.29,
108.6,18.014172770994215,-1.6895198866338088,follow,-60.41531286051361,97.69,
108.7,17.895220782330835,-1.1895198866338088,follow,-59.34874084350868,96.37,
108.8,17.726268793667455,-1.6895198866338088,follow,-62.68716882650375,99.53,
108.9,17.507316805004074,-2.189519886633809,follow,-65.95059680949882,102.54,
109.0,17.338364816340693,-1.6895198866338088,follow,-56.769024792493894,93.03,
109.1,17.119412827677312,-2.189519886633809,follow,-62.90245277548895,98.91,
109.2,16.95046083901393,-1.6895198866338088,follow,-62.420880758484024,98.1,
109.3,16.73150885035055,-2.189519886633809,follow,-65.1243087414791,100.55,
109.4,16.56255686168717,-1.6895198866338088,follow,-64.09273672447418,99.19,
109.5,16.44360487302379,-1.1895198866338088,follow,-61.48616470746924,96.33,
109.6,16.27465288436041,-1.6895198866338088,follow,-62.94459269046431,97.61,
109.7,16.15570089569703,-1.1895198866338088,follow,-61.77802067345938,96.19,
109.8,15.98674890703365,-1.6895198866338088,follow,-67.48644865645446,101.72,
109.9,15.867796918370269,-1.1895198866338088,follow,-64.60987663944952,98.59,
110.0,15.698844929706889,-1.6895198866338088,follow,-70.3483046224446,104.15,
110.1,15.579892941043507,-1.1895198866338088,follow,-64.79173260543968,98.34,
110.2,15.410940952380127,-1.6895198866338088,follow,-63.06016058843475,96.43,
110.3,15.191988963716746,-2.189519886633809,follow,-60.92358857142982,94.04,
110.4,14.923036975053364,-2.689519886633809,follow,-60.392016554424885,93.18,
110.5,14.604084986389983,-3.189519886633809,follow,-61.43544453741995,93.82,
110.6,14.235132997726602,-3.689519886633809,follow,-67.38387252041503,99.29,
110.7,13.916181009063221,-3.189519886633809,follow,-68.63730050341009,99.99,
110.8,13.647229020399841,-2.689519886633809,follow,-62.94572848640516,93.82,
110.9,13.32827703173646,-3.189519886633809,follow,-70.64915646940024,101.12,
111.0,13.05932504307308,-2.689519886633809,follow,-67.0575844523953,97.05,
111.1,12.7403730544097,-3.189519886633809,follow,-69.31101243539038,98.9,
111.2,12.371421065746318,-3.689519886633809,follow,-74.11944041838545,103.23,
111.3,12.052469077082938,-3.189519886633809,follow,-72.55286840138052,101.11,
111.4,11.783517088419558,-2.689519886633809,follow,-69.5912963843756,97.67,
111.5,11.464565099756177,-3.189519886633809,follow,-68.14472436737066,95.82,
111.6,11.195613111092797,-2.689519886633809,follow,-64.89315235036574,92.09,
111.7,10.876661122429416,-3.189519886633809,follow,-69.5265803333608,96.32,
111.8,10.607709133766036,-2.689519886633809,follow,-71.50500831635587,97.82,
111.9,10.388757145102655,-2.189519886633809,follow,-69.59843629935095,95.51,
112.0,10.119805156439273,-2.689519886633809,follow,-72.45686428234603,98.04,
112.1,9.900853167775892,-2.189519886633809,follow,-73.4702922653411,98.65,
112.2,9.731901179112512,-1.6895198866338088,follow,-72.90872024833617,97.76,
112.3,9.512949190449131,-2.189519886633809,follow,-71.89214823133122,96.49,
112.4,9.24399720178575,-2.689519886633809,follow,-74.6405762143263,98.91,
112.5,9.025045213122368,-2.189519886633809,follow,-75.83400419732138,99.7,
112.6,8.856093224458988,-1.6895198866338088,follow,-71.64243218031646,95.18,
112.7,8.637141235795607,-2.189519886633809,follow,-79.26586016331152,102.55,
112.8,8.468189247132226,-1.6895198866338088,follow,-75.1442881463066,98.1,
112.9,8.249237258468845,-2.189519886633809,follow,-75.73771612930166,98.44,
113.0,7.9802852698054645,-2.689519886633809,follow,-78.09614411229673,100.47,
113.1,7.761333281142083,-2.189519886633809,follow,-77.0895720952918,99.06,
113.2,7.4923812924787025,-2.689519886633809,follow,-79.53800007828688,101.18,
113.3,7.2734293038153215,-2.189519886633809,follow,-77.97142806128194,99.21,
113.4,7.10447731515194,-1.6895198866338088,follow,-75.63985604427701,96.55,
113.5,6.885525326488559,-2.189519886633809,follow,-78.76328402727209,99.42,
113.6,6.716573337825178,-1.6895198866338088,follow,-74.65171201026716,94.98,
113.7,6.497621349161797,-2.189519886633809,follow,-78.58513999326223,98.66,
113.8,6.328669360498416,-1.6895198866338088,follow,-78.4935679762573,98.24,
113.9,6.109717371835035,-2.189519886633809,follow,-78.22699595925238,97.72,
114.0,5.840765383171654,-2.689519886633809,follow,-78.78542394224745,97.95,
114.1,5.621813394508273,-2.189519886633809,follow,-74.00885192524251,92.77,
114.2,5.352861405844892,-2.689519886633809,follow,-78.2672799082376,96.7,
114.3,5.133909417181511,-2.189519886633809,follow,-80.55070789123266,98.58,
114.4,4.9649574285181295,-1.6895198866338088,follow,-81.07913587422773,98.78,
114.5,4.846005439854749,-1.1895198866338088,follow,-77.8225638572228,95.27,
114.6,4.677053451191368,-1.6895198866338088,follow,-84.76099184021788,102.03,
114.7,4.558101462527987,-1.1895198866338088,follow,-78.72441982321294,95.74,
114.8,4.389149473864606,-1.6895198866338088,follow,-84.31284780620803,101.15,
114.9,4.270197485201225,-1.1895198866338088,follow,-82.95627578920309,99.54,
115.0,4.201245496537845,-0.6895198866338088,follow,-79.96470377219816,96.37,
115.1,4.082293507874464,-1.1895198866338088,follow,-87.19813175519323,103.5,
115.2,4.0133415192110835,-0.6895198866338088,follow,-78.6265597381883,94.75,
115.3,3.8943895305477025,-1.1895198866338088,follow,-84.94998772118338,100.97,
115.4,3.825437541884322,-0.6895198866338088,follow,-85.36841570417843,101.21,
115.5,3.806485553220941,-0.1895198866338088,follow,-80.5318436871735,96.27,
115.6,3.7375335645575603,-0.6895198866338088,follow,-86.64027167016859,102.35,
115.7,3.7185815758941794,-0.1895198866338088,follow,-81.89369965316367,97.5,
115.8,3.6496295872307987,-0.6895198866338088,follow,-83.51212763615874,99.09,
115.9,3.630677598567418,-0.1895198866338088,follow,-83.5255556191538,99.0,
116.0,3.6142510448828635,-0.16426553684554124,follow,-82.38398360214887,97.83,
116.1,3.5478244911983094,-0.6642655368455412,follow,-85.18862343267571,100.61,
116.2,3.531397937513755,-0.16426553684554124,follow,-85.23826326320254,100.56,
116.3,3.564971383829201,0.33573446315445876,follow,-77.76290309372936,93.06,
116.4,3.548544830144647,-0.16426553684554124,follow,-86.70254292425619,102.05,
116.5,3.582118276460093,0.33573446315445876,follow,-77.97718275478303,93.3,
116.6,3.5656917227755387,-0.16426553684554124,follow,-85.86682258530985,101.24,
116.7,3.5992651690909847,0.33573446315445876,follow,-86.1614624158367,101.51,
116.8,3.6828386154064305,0.8357344631544588,follow,-79.58110224636353,94.98,
116.9,3.7164120617218765,0.33573446315445876,follow,-81.44574207689035,96.97,
117.0,3.7999855080373224,0.8357344631544588,follow,-79.34538190741719,94.92,
117.1,3.8335589543527684,0.33573446315445876,follow,-81.84002173794403,97.54,
117.2,3.917132400668214,0.8357344631544588,follow,-81.50966156847085,97.26,
117.3,3.9507058469836602,0.33573446315445876,follow,-84.58430139899767,100.46,
117.4,3.934279293299106,-0.16426553684554124,follow,-86.0939412295245,102.02,
117.5,3.967852739614552,0.33573446315445876,follow,-86.35858106005135,102.26,
117.6,4.051426185929998,0.8357344631544588,follow,-80.53822089057817,96.49,
117.7,4.084999632245443,0.33573446315445876,follow,-81.442860721105,97.52,
117.8,4.16857307856089,0.8357344631544588,follow,-77.05250055163184,93.18,
117.9,4.202146524876335,0.33573446315445876,follow,-79.50714038215867,95.76,
118.0,4.185719971191781,-0.16426553684554124,follow,-84.6667802126855,100.97,
118.1,4.119293417507227,-0.6642655368455412,follow,-86.60142004321233,102.88,
118.2,4.102866863822673,-0.16426553684554124,follow,-78.31105987373915,94.49,
118.3,4.0364403101381185,-0.6642655368455412,follow,-80.215699704266,96.37,
118.4,3.9200137564535646,-1.1642655368455412,follow,-81.97533953479282,98.03,
118.5,3.8535872027690106,-0.6642655368455412,follow,-83.03997936531965,98.92,
118.6,3.8371606490844563,-0.16426553684554124,follow,-79.93961919584649,95.72,
118.7,3.7707340953999022,-0.6642655368455412,follow,-83.58425902637332,99.34,
118.8,3.754307541715348,-0.16426553684554124,follow,-81.04389885690014,96.7,
118.9,3.687880988030794,-0.6642655368455412,follow,-82.40853868742698,98.04,
119.0,3.57145443434624,-1.1642655368455412,follow,-84.15817851795381,99.69,
119.1,3.505027880661686,-0.6642655368455412,follow,-82.73281834848065,98.09,
119.2,3.426370174786195,-0.786577058754907,follow,-81.53245817900748,96.79,
119.3,3.2977124689107047,-1.286577058754907,follow,-82.60044473782071,97.74,
119.4,3.219054763035214,-0.786577058754907,follow,-82.85343129663394,97.8,
119.5,3.0903970571597235,-1.286577058754907,follow,-82.13141785544717,96.96,
119.6,2.9117393512842327,-1.786577058754907,follow,-82.65440441426043,97.29,
119.7,2.683081645408742,-2.286577058754907,follow,-88.37239097307365,102.74,
119.8,2.5044239395332513,-1.786577058754907,follow,-85.66537753188689,99.69,
119.9,2.2757662336577607,-2.286577058754907,follow,-83.40336409070012,97.16,
120.0,2.09710852778227,-1.786577058754907,follow,-12.10635064951336,25.52,
120.1,1.8684508219067792,-2.286577058754907,follow,-10.114337208326596,23.26,
120.2,1.5897931160312886,-2.786577058754907,follow,-9.967323767139831,22.77,
120.3,1.3611354101557978,-2.286577058754907,follow,-8.345310325953069,20.73,
120.4,1.1404120676811509,-2.2072334247464678,follow,-6.898296884766305,18.94,
120.5,0.950465420439496,-1.899466472416549,follow,-6.029381898478272,17.74,
120.6,0.7592826389589631,-1.9118278148053287,follow,-3.824301869340756,15.25,
120.7,0.5749484318621766,-1.8433420709678647,follow,-2.8710760415615546,14.01,
120.8,0.39523878873146856,-1.7970964313070799,follow,-1.6675773522067345,12.53,
120.9,0.2655291456007606,-1.2970964313070799,follow,-0.9571418169027979,11.55,
121.0,0.08581950247005257,-1.7970964313070799,follow,-0.12170628159885943,10.52,
121.1,0.08581950247005257,0.0,follow,1.0587292537050779,9.07,
121.2,0.08581950247005257,0.0,follow,2.9987292537050783,7.13,
121.3,0.08581950247005257,0.0,follow,4.548729253705078,5.58,
121.4,0.08581950247005257,0.0,follow,6.1587292537050775,3.97,
121.5,0.08581950247005257,0.0,follow,7.178729253705078,2.95,
121.6,0.08581950247005257,0.0,follow,8.178729253705079,1.95,
121.7,0.08581950247005257,0.0,follow,8.168729253705077,1.96,
121.8,0.08581950247005257,0.0,follow,7.638729253705078,2.49,
121.9,0.08581950247005257,0.0,follow,6.978729253705078,3.15,
122.0,0.08581950247005257,0.0,follow,6.368729253705078,3.76,
122.1,0.08581950247005257,0.0,follow,5.018729253705078,5.11,
122.2,0.08581950247005257,0.0,follow,4.3187292537050785,5.81,
122.3,0.08581950247005257,0.0,follow,2.878729253705078,7.25,
122.4,0.08581950247005257,0.0,follow,1.0987292537050788,9.03,
122.5,0.11348073160157175,0.2766122913151918,follow,0.4087292537050775,9.72,
122.6,0.19114196073309092,0.7766122913151918,follow,-0.45977890259764287,10.63,
122.7,0.21880318986461011,0.2766122913151918,follow,-2.6032870589003636,12.89,
122.8,0.2964644189961293,0.7766122913151918,follow,-4.6517952152030855,14.98,
122.9,0.3241256481276485,0.2766122913151918,follow,-6.495303371505807,16.94,
123.0,0.4017868772591677,0.7766122913151918,follow,-6.363811527808529,16.85,
123.1,0.42944810639068687,0.2766122913151918,follow,-8.67731968411125,19.28,
123.2,0.4622286306022543,0.32780524211567386,follow,-9.56582784041397,20.21,
123.3,0.44500915481382164,-0.17219475788432614,follow,-11.236657054096618,21.93,
123.4,0.47778967902538905,0.32780524211567386,follow,-14.692486267779266,25.36,
123.5,0.5605702032369564,0.8278052421156739,follow,-13.153315481461917,23.87,
123.6,0.5933507274485238,0.32780524211567386,follow,-15.859144695144565,26.7,
123.7,0.6761312516600912,0.8278052421156739,follow,-17.499973908827215,28.39,
123.8,0.7355854603258019,0.5945420866571058,follow,-19.445803122509865,30.46,
123.9,0.8450396689915125,1.0945420866571058,follow,-19.9866218095113,31.09,
124.0,0.9044938776572231,0.5945420866571058,follow,-21.532440496512727,32.8,
124.1,1.0139480863229338,1.0945420866571058,follow,-22.243259183514166,33.6,
124.2,1.0734022949886444,0.5945420866571058,follow,-24.2690778705156,35.79,
124.3,1.182856503654355,1.0945420866571058,follow,-25.00989655751703,36.62,
124.4,1.3423107123200655,1.5945420866571058,follow,-27.445715244518468,39.22,
124.5,1.540231486772035,1.9792077445196963,follow,-27.546533931519903,39.56,
124.6,1.6881522612240047,1.4792077445196963,follow,-29.659652769841948,41.97,
124.7,1.8860730356759743,1.9792077445196963,follow,-30.427771608163994,42.96,
124.8,2.033993810127944,1.4792077445196963,follow,-33.17089044648604,46.0,
124.9,2.2319145845799135,1.9792077445196963,follow,-32.879009284808085,45.93,
125.0,2.4798353590318833,2.4792077445196963,follow,-31.62212812313013,44.97,
125.1,2.677756133483853,1.9792077445196963,follow,-37.14024696145218,50.86,
125.2,2.9256769079358227,2.4792077445196963,follow,-35.11336579977422,49.13,
125.3,3.1939403400687874,2.682634321329645,follow,-36.59148463809626,50.98,
125.4,3.4122037722017518,2.182634321329645,follow,-37.74908948989682,52.54,
125.5,3.5804672043347163,1.6826343213296449,follow,-42.15169434169738,57.27,
125.6,3.7987306364676807,2.182634321329645,follow,-37.509299193497924,52.88,
125.7,3.9669940686006453,1.6826343213296449,follow,-47.76190404529848,63.46,
125.8,4.18525750073361,2.182634321329645,follow,-45.43950889709903,61.39,
125.9,4.353520932866575,1.6826343213296449,follow,-45.132113748899584,61.41,
126.0,4.571784364999539,2.182634321329645,follow,-45.86971860070014,62.4,
126.1,4.840047797132503,2.682634321329645,follow,-47.69232345250069,64.55,
126.2,5.058311229265468,2.182634321329645,follow,-49.25992830430124,66.52,
126.3,5.326574661398432,2.682634321329645,follow,-50.7125331561018,68.3,
126.4,5.544838093531396,2.182634321329645,follow,-51.650138007902356,69.64,
126.5,5.813101525664361,2.682634321329645,follow,-51.8727428597029,70.19,
126.6,6.031364957797325,2.182634321329645,follow,-52.85034771150345,71.57,
126.7,6.299628389930289,2.682634321329645,follow,-54.612952563304006,73.66,
126.8,6.517891822063254,2.182634321329645,follow,-56.110557415104566,75.56,
126.9,6.686155254196218,1.6826343213296449,follow,-60.873162266905126,80.65,
127.0,6.9044186863291825,2.182634321329645,follow,-61.390767118705675,81.42,
127.1,7.172682118462147,2.682634321329645,follow,-54.41337197050622,74.77,
127.2,7.390945550595111,2.182634321329645,follow,-64.89097682230678,85.65,
127.3,7.659208982728075,2.682634321329645,follow,-65.41358167410733,86.5,
127.4,7.87747241486104,2.182634321329645,follow,-66.46118652590789,87.95,
127.5,8.045735846994004,1.6826343213296449,follow,-67.13379137770843,88.95,
127.6,8.163999279126969,1.1826343213296449,follow,-73.03139622950899,95.1,
127.7,8.289999221180151,1.2599994205318241,follow,-74.42400108130954,96.67,
127.8,8.465999163233334,1.7599994205318241,follow,-71.33500116822977,93.77,
127.9,8.591999105286517,1.2599994205318241,follow,-76.50100125515,99.2,
128.0,8.7679990473397,1.7599994205318241,follow,-74.20200134207023,97.09,
128.1,8.893998989392882,1.2599994205318241,follow,-74.62800142899044,97.78,
128.2,8.969998931446064,0.7599994205318241,follow,-78.69900151591068,102.04,
128.3,8.995998873499246,0.2599994205318241,follow,-85.2850016028309,108.74,
128.4,9.071998815552428,0.7599994205318241,follow,-87.59600168975113,111.09,
128.5,9.09799875760561,0.2599994205318241,follow,-88.08200177667135,111.69,
128.6,9.173998699658792,0.7599994205318241,follow,-90.79300186359158,114.44,
128.7,9.199998641711975,0.2599994205318241,follow,-92.00900195051182,115.77,
128.8,9.275998583765157,0.7599994205318241,follow,-89.97000203743204,113.77,
128.9,9.30199852581834,0.2599994205318241,follow,-95.61600212435226,119.53,
129.0,9.37711826812311,0.7511974230477116,follow,-98.92700221127248,122.88,
129.1,9.402238010427881,0.25119742304771164,follow,-100.69432259781534,124.76,
129.2,9.377357752732653,-0.24880257695228836,follow,-104.31664298435817,128.42,
129.3,9.402477495037424,0.25119742304771164,follow,-104.61396337090102,128.68,
129.4,9.377597237342195,-0.24880257695228836,follow,-105.24628375744386,129.35,
129.5,9.302716979646966,-0.7488025769522884,follow,-110.1036041439867,134.17,
129.6,9.277836721951738,-0.24880257695228836,follow,-107.93592453052953,131.89,
129.7,9.20295646425651,-0.7488025769522884,follow,-106.53324491707238,130.45,
129.8,9.07807620656128,-1.2488025769522884,follow,-111.52556530361525,135.33,
129.9,9.00319594886605,-0.7488025769522884,follow,-111.30288569015806,134.92,
130.0,8.978315691170822,-0.24880257695228836,cruise,,,
130.1,9.003435433475593,0.25119742304771164,cruise,,,
130.2,9.078555175780364,0.7511974230477116,cruise,,,
130.3,9.203674918085134,1.2511974230477116,cruise,,,
130.4,9.378794660389906,1.7511974230477116,cruise,,,
130.5,9.603914402694677,2.251197423047712,cruise,,,
130.6,9.879034144999448,2.751197423047712,cruise,,,
130.7,10.179034144999449,3.0,cruise,,,
130.8,10.47903414499945,3.0,cruise,,,
130.9,10.77903414499945,3.0,cruise,,,
131.0,11.07903414499945,3.0,cruise,,,
131.1,11.379034144999451,3.0,cruise,,,
131.2,11.679034144999452,3.0,cruise,,,
131.3,11.979034144999453,3.0,cruise,,,
131.4,12.279034144999454,3.0,cruise,,,
131.5,12.579034144999454,3.0,cruise,,,
131.6,12.879034144999455,3.0,cruise,,,
131.7,13.179034144999456,3.0,cruise,,,
131.8,13.479034144999456,3.0,cruise,,,
131.9,13.779034144999457,3.0,cruise,,,
132.0,14.079034144999458,3.0,cruise,,,
132.1,14.379034144999459,3.0,cruise,,,
132.2,14.67903414499946,3.0,cruise,,,
132.3,14.97903414499946,3.0,cruise,,,
132.4,15.27903414499946,3.0,cruise,,,
132.5,15.579034144999461,3.0,cruise,,,
132.6,15.879034144999462,3.0,cruise,,,
132.7,16.179034144999463,3.0,cruise,,,
132.8,16.479034144999464,3.0,cruise,,,
132.9,16.779034144999464,3.0,cruise,,,
133.0,17.079034144999465,3.0,cruise,,,
133.1,17.379034144999466,3.0,cruise,,,
133.2,17.679034144999466,3.0,cruise,,,
133.3,17.979034144999467,3.0,cruise,,,
133.4,18.279034144999468,3.0,cruise,,,
133.5,18.57903414499947,3.0,cruise,,,
133.6,18.87903414499947,3.0,cruise,,,
133.7,19.17903414499947,3.0,cruise,,,
133.8,19.47903414499947,3.0,cruise,,,
133.9,19.77903414499947,3.0,cruise,,,
134.0,20.079034144999472,3.0,cruise,,,
134.1,20.379034144999473,3.0,cruise,,,
134.2,20.676936133936525,2.9790198893705346,cruise,,,
134.3,20.96680066879973,2.898645348632063,cruise,,,
134.4,21.25033594832743,2.8353527952769584,cruise,,,
134.5,21.527279739715866,2.76943791388438,cruise,,,
134.6,21.79787291449258,2.705931747767148,cruise,,,
134.7,22.06222340772214,2.64350493229562,cruise,,,
134.8,22.32046985939391,2.5824645167177125,cruise,,,
134.9,22.572739601674737,2.522697422808282,cruise,,,
135.0,22.819159532403138,2.464199307284,cruise,,,
135.1,23.059853386537668,2.40693854134532,cruise,,,
135.2,23.294942504248652,2.350891177109834,cruise,,,
135.3,23.52454569844479,2.2960319419613575,cruise,,,
135.4,23.748779352583085,2.2423365413829375,cruise,,,
135.5,23.96775745797048,2.189781053873973,cruise,,,
135.6,24.18159166536545,2.13834207394969,cruise,,,
135.7,24.390391331666628,2.087996663011794,cruise,,,
135.8,24.59426356665438,2.0387223498775198,cruise,,,
135.9,24.793313278532587,1.9904971187820633,cruise,,,
136.0,24.987643218616736,1.9432994008414903,cruise,,,
136.1,25.17735402510273,1.8971080648599488,cruise,,,
136.2,25.362544265956235,1.851902408535032,cruise,,,
136.3,25.543310480934796,1.807662149785617,cruise,,,
136.4,25.719747222761658,1.764367418268609,cruise,,,
136.5,25.891947097467952,1.7219987470629325,cruise,,,
136.6,26.060000803920172,1.6805370645222135,cruise,,,
136.7,26.2239971725493,1.6399636862912819,cruise,,,
136.8,26.384023203297673,1.6002603074837176,cruise,,,
136.9,26.54016410279938,1.56140899501708,cruise,,,
137.0,26.692503320809635,1.523392180102547,cruise,,,
137.1,26.841122585898233,1.4861926508859706,cruise,,,
137.2,26.986101940421964,1.449793545237306,cruise,,,
137.3,27.127519774790496,1.4141783436853257,cruise,,,
137.4,27.26545286103997,1.3793308624947542,cruise,,,
137.5,27.399976385728273,1.3452352468829998,cruise,,,
137.6,27.53116398216563,1.3118759643735727,cruise,,,
137.7,27.659087761993984,1.2792377982835277,cruise,,,
137.8,27.783818346128196,1.2473058413421236,cruise,,,
137.9,27.90542489507202,1.216065489438246,cruise,,,
138.0,28.023975138621395,1.1855024354937362,cruise,,,
138.1,28.13953540496743,1.155602663460333,cruise,,,
138.2,28.252170649211195,1.1263524424376405,cruise,,,
138.3,28.361944481302153,1.09773832090957,cruise,,,
138.4,28.468919193411867,1.0697471210971483,cruise,,,
138.5,28.57315578675437,1.0423659334250344,cruise,,,
138.6,28.674713997864338,1.0155821110996799,cruise,,,
138.7,28.773652324344017,0.9893832647967997,cruise,,,
138.8,28.870028050089612,0.9637572574559448,cruise,,,
138.9,28.963897270007614,0.938692199180017,cruise,,,
139.0,29.05531491423138,0.914176442237685,cruise,,,
139.1,29.14433477184803,0.8901985761664892,cruise,,,
139.2,29.231009514145505,0.8667474229747643,cruise,,,
139.3,29.315390717389533,0.8438120324402894,cruise,,,
139.4,29.397528885139906,0.8213816775037179,cruise,,,
139.5,29.4774734701154,0.7994458497549479,cruise,,,
139.6,29.555272895616447,0.7779942550104924,cruise,,,
139.7,29.630974576514447,0.7570168089800045,cruise,,,
139.8,29.704624939816476,0.7365036330202972,cruise,,,
139.9,29.776269444813963,0.7164450499748807,cruise,,,
140.0,29.84595260282371,0.6968315800974889,cruise,,,
140.1,29.91371799652949,0.677653937057774,cruise,,,
140.2,29.979608298932252,0.6589030240276226,cruise,,,
140.3,30.043665291916884,0.6405699298463239,cruise,,,
140.4,30.105929884443203,0.6226459252631977,cruise,,,
140.5,30.16644213036879,0.6051224592558839,cruise,,,
140.6,30.225241245911093,0.5879911554230208,cruise,,,
140.7,30.282365626756054,0.5712438084496008,cruise,,,
140.8,30.337852864820423,0.5548723806437087,cruise,,,
140.9,30.391739764674725,0.5388689985430172,cruise,,,
141.0,30.44406235963371,0.5232259495898316,cruise,,,
141.1,30.49485592752103,0.5079356788732149,cruise,,,
141.2,30.544155006114707,0.49299078593676493,cruise,,,
141.3,30.591993408279794,0.4783840216508607,cruise,,,
141.4,30.638404236794592,0.46410828514799396,cruise,,,
141.5,30.683419898876586,0.45015662081994934,cruise,,,
141.6,30.72707212041414,0.4365222153755084,cruise,,,
141.7,30.769391959909903,0.4231983949576401,cruise,,,
141.8,30.810409822141782,0.4101786223187731,cruise,,,
141.9,30.850155471547087,0.39745649405304584,cruise,,,
142.0,30.88865804533554,0.3850257378845308,cruise,,,
142.1,30.925946066336543,0.3728802100100313,cruise,,,
142.2,30.962047455586106,0.3610138924956289,cruise,,,
142.3,30.99698954465868,0.34942089072571236,cruise,,,
142.4,31.030799087749024,0.33809543090347044,cruise,,,
142.5,31.063502273509215,0.3270318576019181,cruise,,,
142.6,31.095124736645637,0.31622463136421985,cruise,,,
142.7,31.125691569280896,0.3056683263526028,cruise,,,
142.8,31.155227332085357,0.29535762804460874,cruise,,,
142.9,31.183756065182944,0.2852873309758724,cruise,,,
143.0,31.211301298835796,0.2754523365285333,cruise,,,
143.1,31.237886063912217,0.2658476507642034,cruise,,,
143.2,31.263532902142288,0.2564683823007069,cruise,,,
143.3,31.288263876165466,0.2473097402317757,cruise,,,
143.4,31.312100579374324,0.23836703208856186,cruise,,,
143.5,31.335064145558576,0.2296356618425155,cruise,,,
143.6,31.35717525835342,0.22111112794842336,cruise,,,
143.7,31.378454160496123,0.2127890214270458,cruise,,,
143.8,31.398920662894767,0.20466502398645287,cruise,,,
143.9,31.418594153512895,0.19673490618128747,cruise,,,
144.0,31.437493606073815,0.18899452560920665,cruise,,,
144.1,31.455637588588193,0.181439825143759,cruise,,,
144.2,31.473044271708485,0.17406683120290545,cruise,,,
144.3,31.489731436913743,0.1668716520525999,cruise,,,
144.4,31.505716484528193,0.1598504761445162,cruise,,,
144.5,31.521016441576936,0.15299957048742396,cruise,,,
144.6,31.535647969482085,0.1463152790514768,cruise,,,
144.7,31.549627371602554,0.13979402120469697,cruise,,,
144.8,31.562970600620655,0.13343229018102576,cruise,,,
144.9,31.575693265778593,0.1272266515793692,cruise,,,
145.0,31.587810639967888,0.1211737418929425,cruise,,,
145.1,31.599337666674725,0.11527026706836152,cruise,,,
145.2,31.6102889667841,0.10951300109376372,cruise,,,
145.3,31.620678845245656,0.10389878461556601,cruise,,,
145.4,31.630521297603963,0.09842452358308018,cruise,,,
145.5,31.639830016396022,0.09308718792058923,cruise,,,
145.6,31.64861839741864,0.08788381022619318,cruise,,,
145.7,31.656899545868345,0.08281148449704101,cruise,,,
145.8,31.664686282356364,0.0778673648801943,cruise,,,
145.9,31.671991148801254,0.0730486644488898,cruise,,,
146.0,31.678826414201595,0.06835265400339541,cruise,,,
146.1,31.685204080291218,0.063776660896248,cruise,,,
146.2,31.691135887079326,0.05931806788109106,cruise,,,
146.3,31.696633318277815,0.05497431198488045,cruise,,,
146.4,31.701707606618104,0.050742883402904004,cruise,,,
146.5,31.70636973905971,0.04662132441606559,cruise,,,
146.6,31.71063046189272,0.042607228330091895,cruise,,,
146.7,31.714500285736342,0.03869823843624309,cruise,,,
146.8,31.717989490435638,0.03489204699297055,cruise,,,
146.9,31.721108129858454,0.031186394228162717,cruise,,,
147.0,31.723866036594618,0.02757906736166038,cruise,,,
147.1,31.726272826559363,0.02406789964744238,cruise,,,
147.2,31.728337903502883,0.02065076943521149,cruise,,,
147.3,31.730070463427985,0.01732559925103594,cruise,,,
147.4,31.73147949891763,0.014090354896438173,cruise,,,
147.5,31.732573803374216,0.010943044565873694,cruise,,,
147.6,31.73336197517241,0.00788171798196391,cruise,,,
147.7,31.733852421727235,0.004904465548228543,cruise,,,
147.8,31.734053363479138,0.002009417519012846,cruise,,,
147.9,31.733972837797758,-0.0008052568138072758,cruise,,,
148.0,31.733618702805988,-0.0035413499177133767,cruise,,,
148.1,31.732998641125963,-0.00620061680022943,cruise,,,
148.2,31.73212016354858,-0.008784775773838072,cruise,,,
148.3,31.730990612628034,-0.011295509205451415,cruise,,,
148.4,31.729617166202974,-0.01373446425061342,cruise,,,
148.5,31.728006840845676,-0.016103253572962606,cruise,,,
148.6,31.726166495240776,-0.018403456049004174,cruise,,,
148.7,31.7241028334949,-0.020636617458763218,cruise,,,
148.8,31.721822408378674,-0.02280425116225948,cruise,,,
148.9,31.719331624502427,-0.02490783876246283,cruise,,,
149.0,31.716636741426953,-0.02694883075472676,cruise,,,
149.1,31.713743876710645,-0.028928647163097954,cruise,,,
149.2,31.71065900889427,-0.030848678163725274,cruise,,,
149.3,31.70738798042471,-0.032710284695622316,cruise,,,
149.4,31.703936500518793,-0.03451479905915067,cruise,,,
149.5,31.70031014796857,-0.036263525502233995,cruise,,,
149.6,31.696514373889087,-0.03795774079482206,cruise,,,
149.7,31.692554504409923,-0.039598694791638134,cruise,,,
149.8,31.68843574331157,-0.04118761098354384,cruise,,,
149.9,31.684163174607793,-0.042725687037768245,cruise,,,
150.0,31.679741765075082,-0.04421409532710796,cruise,,,
