INFO: Instrumenting IPython
INFO: Instrumenting IPython.core
INFO: Instrumenting IPython.core.getipython
INFO: Instrumenting IPython.core.release
INFO: Instrumenting IPython.core.application
INFO: Instrumenting traitlets
INFO: Instrumenting traitlets.traitlets
INFO: Instrumenting traitlets.utils
INFO: Instrumenting traitlets.utils.bunch
INFO: Instrumenting traitlets.utils.descriptions
INFO: Instrumenting traitlets.utils.getargspec
INFO: Instrumenting traitlets.utils.importstring
INFO: Instrumenting traitlets.utils.sentinel
INFO: Instrumenting traitlets.utils.warnings
INFO: Instrumenting traitlets._version
INFO: Instrumenting traitlets.utils.decorators
INFO: Instrumenting traitlets.config
INFO: Instrumenting traitlets.config.application
INFO: Instrumenting json
INFO: Instrumenting json.decoder
INFO: Instrumenting json.scanner
INFO: Instrumenting json.encoder
INFO: Instrumenting pprint
INFO: Instrumenting logging.config
INFO: Instrumenting logging.handlers
INFO: Instrumenting socket
INFO: Instrumenting selectors
INFO: Instrumenting pickle
INFO: Instrumenting struct
INFO: Instrumenting _compat_pickle
INFO: Instrumenting queue
INFO: Instrumenting heapq
INFO: Instrumenting socketserver
INFO: Instrumenting traitlets.config.configurable
INFO: Instrumenting traitlets.utils.text
INFO: Instrumenting traitlets.config.loader
INFO: Instrumenting argparse
INFO: Instrumenting gettext
INFO: Instrumenting traitlets.utils.nested_update
INFO: Instrumenting IPython.core.crashhandler
INFO: Instrumenting IPython.core.ultratb
INFO: Instrumenting stack_data
INFO: Instrumenting stack_data.core
INFO: Instrumenting html
INFO: Instrumenting html.entities
INFO: Instrumenting executing
INFO: Instrumenting executing.executing
INFO: Instrumenting executing._utils
INFO: Instrumenting executing._position_node_finder
INFO: Instrumenting executing._exceptions
INFO: Instrumenting executing._pytest_utils
INFO: Instrumenting executing.version
INFO: Instrumenting asttokens
INFO: Instrumenting asttokens.line_numbers
INFO: Instrumenting asttokens.asttokens
INFO: Instrumenting asttokens.util
INFO: Instrumenting pure_eval
INFO: Instrumenting pure_eval.core
INFO: Instrumenting pure_eval.my_getattr_static
INFO: Instrumenting pure_eval.utils
INFO: Instrumenting datetime
INFO: Instrumenting decimal
INFO: Instrumenting numbers
INFO: Instrumenting fractions
INFO: Instrumenting pure_eval.version
INFO: Instrumenting stack_data.utils
INFO: Instrumenting stack_data.formatting
INFO: Instrumenting stack_data.serializing
INFO: Instrumenting stack_data.version
INFO: Instrumenting pygments
INFO: Instrumenting pygments.formatters
INFO: Instrumenting pygments.formatters._mapping
INFO: Instrumenting pygments.plugin
INFO: Instrumenting importlib.metadata
INFO: Instrumenting csv
INFO: Instrumenting email
INFO: Instrumenting zipfile
INFO: Instrumenting importlib.metadata._adapters
INFO: Instrumenting email.message
INFO: Instrumenting quopri
INFO: Instrumenting email.utils
INFO: Instrumenting email._parseaddr
INFO: Instrumenting calendar
INFO: Instrumenting locale
INFO: Instrumenting _locale
WARNING: It looks like this module is imported by a custom loader. Atheris has experimental support for this. However, it may be incompatible with certain libraries. If you experience unusual errors or poor coverage collection, try atheris.instrument_all() instead, add enable_loader_override=False to instrument_imports(), or file an issue on GitHub.
INFO: Instrumenting email.charset
INFO: Instrumenting email.base64mime
INFO: Instrumenting base64
INFO: Instrumenting email.quoprimime
INFO: Instrumenting email.errors
INFO: Instrumenting email.encoders
INFO: Instrumenting email._policybase
INFO: Instrumenting email.header
INFO: Instrumenting email._encoded_words
INFO: Instrumenting email.iterators
INFO: Instrumenting importlib.metadata._text
INFO: Instrumenting importlib.metadata._functools
INFO: Instrumenting importlib.metadata._meta
INFO: Instrumenting importlib.metadata._collections
INFO: Instrumenting importlib.metadata._itertools
INFO: Instrumenting pygments.util
INFO: Instrumenting pygments.formatters.terminal256
INFO: Instrumenting pygments.formatter
INFO: Instrumenting pygments.styles
INFO: Instrumenting pygments.styles._mapping
INFO: Instrumenting pygments.console
INFO: Instrumenting pygments.style
INFO: Instrumenting pygments.token
INFO: Instrumenting IPython.utils
INFO: Instrumenting IPython.utils.path
INFO: Instrumenting glob
INFO: Instrumenting IPython.utils.process
INFO: Instrumenting IPython.utils._process_posix
INFO: Instrumenting subprocess
INFO: Instrumenting signal
INFO: Instrumenting IPython.utils._process_common
INFO: Instrumenting shlex
INFO: Instrumenting IPython.utils.py3compat
INFO: Instrumenting platform
INFO: Instrumenting IPython.utils.encoding
INFO: Instrumenting IPython.utils.PyColorize
INFO: Instrumenting pygments.styles.monokai
INFO: Instrumenting pygments.styles.default
INFO: Instrumenting pygments.styles.pastie
INFO: Instrumenting pygments.styles.gruvbox
INFO: Instrumenting IPython.utils.terminal
INFO: Instrumenting IPython.core.display_trap
INFO: Instrumenting IPython.core.doctb
INFO: Instrumenting IPython.core.tbtools
INFO: Instrumenting pydoc
INFO: Instrumenting pkgutil
INFO: Instrumenting sysconfig
INFO: Instrumenting _sysconfigdata__linux_x86_64-linux-gnu
INFO: Instrumenting IPython.core.debugger
INFO: Instrumenting IPython.core.debugger_backport
INFO: Instrumenting codeop
INFO: Instrumenting pdb
INFO: Instrumenting cmd
INFO: Instrumenting bdb
INFO: Instrumenting code
INFO: Instrumenting IPython.utils.sysinfo
INFO: Instrumenting IPython.utils._sysinfo
INFO: Instrumenting IPython.core.profiledir
INFO: Instrumenting IPython.paths
INFO: Instrumenting IPython.utils.importstring
INFO: Instrumenting IPython.terminal
INFO: Instrumenting IPython.terminal.embed
INFO: Instrumenting IPython.core.compilerop
INFO: Instrumenting hashlib
INFO: Instrumenting IPython.core.magic_arguments
INFO: Instrumenting IPython.core.error
INFO: Instrumenting IPython.utils.decorators
INFO: Instrumenting IPython.utils.docs
INFO: Instrumenting IPython.utils.text
INFO: Instrumenting IPython.core.magic
INFO: Instrumenting getopt
INFO: Instrumenting IPython.core.oinspect
INFO: Instrumenting IPython.core.page
INFO: Instrumenting IPython.display
INFO: Instrumenting IPython.core.display_functions
INFO: Instrumenting IPython.core.display
INFO: Instrumenting mimetypes
INFO: Instrumenting IPython.testing
INFO: Instrumenting IPython.testing.skipdoctest
INFO: Instrumenting IPython.lib
INFO: Instrumenting IPython.lib.display
INFO: Instrumenting IPython.utils.data
INFO: Instrumenting IPython.lib.pretty
INFO: Instrumenting IPython.utils.openpy
INFO: Instrumenting IPython.utils.dir2
INFO: Instrumenting IPython.utils.wildcard
INFO: Instrumenting pygments.lexers
INFO: Instrumenting pygments.lexers._mapping
INFO: Instrumenting pygments.modeline
INFO: Instrumenting pygments.lexers.python
INFO: Instrumenting pygments.lexer
INFO: Instrumenting pygments.filter
INFO: Instrumenting pygments.filters
INFO: Instrumenting pygments.regexopt
INFO: Instrumenting pygments.unistring
INFO: Instrumenting pygments.formatters.html
INFO: Instrumenting IPython.core.inputtransformer2
INFO: Instrumenting IPython.utils.tokenutil
INFO: Instrumenting IPython.utils.ipstruct
INFO: Instrumenting IPython.core.interactiveshell
INFO: Instrumenting runpy
INFO: Instrumenting IPython.external
INFO: Instrumenting IPython.external.pickleshare
INFO: Instrumenting IPython.core.hooks
INFO: Instrumenting IPython.core.prefilter
INFO: Instrumenting IPython.core.autocall
INFO: Instrumenting IPython.core.macro
INFO: Instrumenting IPython.core.splitinput
INFO: Instrumenting IPython.core.alias
INFO: Instrumenting IPython.core.builtin_trap
INFO: Instrumenting IPython.core.displayhook
INFO: Instrumenting IPython.core.history
INFO: Instrumenting decorator
INFO: Instrumenting sqlite3
INFO: Instrumenting sqlite3.dbapi2
INFO: Instrumenting IPython.core.displaypub
INFO: Instrumenting IPython.core.events
INFO: Instrumenting IPython.core.extensions
INFO: Instrumenting IPython.core.formatters
INFO: Instrumenting IPython.utils.sentinel
INFO: Instrumenting IPython.core.logger
INFO: Instrumenting IPython.core.payload
INFO: Instrumenting IPython.core.tips
INFO: Instrumenting IPython.core.usage
INFO: Instrumenting IPython.utils.io
INFO: Instrumenting IPython.utils.capture
INFO: Instrumenting IPython.utils.strdispatch
INFO: Instrumenting IPython.utils.syspathcontext
INFO: Instrumenting IPython.core.async_helpers
INFO: Instrumenting asyncio
INFO: Instrumenting asyncio.base_events
INFO: Instrumenting concurrent
INFO: Instrumenting concurrent.futures
INFO: Instrumenting concurrent.futures._base
INFO: Instrumenting ssl
INFO: Instrumenting asyncio.constants
INFO: Instrumenting asyncio.coroutines
INFO: Instrumenting asyncio.events
INFO: Instrumenting contextvars
INFO: Instrumenting asyncio.format_helpers
INFO: Instrumenting asyncio.base_futures
INFO: Instrumenting asyncio.exceptions
INFO: Instrumenting asyncio.base_tasks
INFO: Instrumenting asyncio.futures
INFO: Instrumenting asyncio.protocols
INFO: Instrumenting asyncio.sslproto
INFO: Instrumenting asyncio.transports
INFO: Instrumenting asyncio.log
INFO: Instrumenting asyncio.staggered
INFO: Instrumenting asyncio.locks
INFO: Instrumenting asyncio.mixins
INFO: Instrumenting asyncio.tasks
INFO: Instrumenting asyncio.trsock
INFO: Instrumenting asyncio.runners
INFO: Instrumenting asyncio.queues
INFO: Instrumenting asyncio.streams
INFO: Instrumenting asyncio.subprocess
INFO: Instrumenting asyncio.taskgroups
INFO: Instrumenting asyncio.timeouts
INFO: Instrumenting asyncio.threads
INFO: Instrumenting asyncio.unix_events
INFO: Instrumenting asyncio.base_subprocess
INFO: Instrumenting asyncio.selector_events
INFO: Instrumenting IPython.terminal.interactiveshell
INFO: Instrumenting prompt_toolkit
INFO: Instrumenting prompt_toolkit.application
INFO: Instrumenting prompt_toolkit.application.application
INFO: Instrumenting prompt_toolkit.buffer
INFO: Instrumenting prompt_toolkit.application.current
INFO: Instrumenting prompt_toolkit.application.run_in_terminal
INFO: Instrumenting prompt_toolkit.eventloop
INFO: Instrumenting prompt_toolkit.eventloop.async_generator
INFO: Instrumenting prompt_toolkit.eventloop.utils
INFO: Instrumenting prompt_toolkit.eventloop.inputhook
INFO: Instrumenting prompt_toolkit.auto_suggest
INFO: Instrumenting prompt_toolkit.document
INFO: Instrumenting prompt_toolkit.clipboard
INFO: Instrumenting prompt_toolkit.clipboard.base
INFO: Instrumenting prompt_toolkit.selection
INFO: Instrumenting prompt_toolkit.clipboard.in_memory
INFO: Instrumenting prompt_toolkit.filters
INFO: Instrumenting prompt_toolkit.filters.app
INFO: Instrumenting prompt_toolkit.cache
INFO: Instrumenting prompt_toolkit.enums
INFO: Instrumenting prompt_toolkit.filters.base
INFO: Instrumenting prompt_toolkit.filters.cli
INFO: Instrumenting prompt_toolkit.filters.utils
INFO: Instrumenting prompt_toolkit.completion
INFO: Instrumenting prompt_toolkit.completion.base
INFO: Instrumenting prompt_toolkit.formatted_text
INFO: Instrumenting prompt_toolkit.formatted_text.ansi
INFO: Instrumenting prompt_toolkit.output
INFO: Instrumenting prompt_toolkit.output.base
INFO: Instrumenting prompt_toolkit.cursor_shapes
INFO: Instrumenting prompt_toolkit.key_binding
INFO: Instrumenting prompt_toolkit.key_binding.key_bindings
INFO: Instrumenting prompt_toolkit.keys
INFO: Instrumenting prompt_toolkit.key_binding.key_processor
INFO: Instrumenting prompt_toolkit.utils
INFO: Instrumenting wcwidth
INFO: Instrumenting wcwidth.wcwidth
INFO: Instrumenting wcwidth.bisearch
INFO: Instrumenting wcwidth.grapheme
INFO: Instrumenting wcwidth.table_grapheme
INFO: Instrumenting wcwidth.table_vs16
INFO: Instrumenting wcwidth.table_wide
INFO: Instrumenting wcwidth.table_zero
INFO: Instrumenting wcwidth.control_codes
INFO: Instrumenting wcwidth.table_ambiguous
INFO: Instrumenting wcwidth.escape_sequences
INFO: Instrumenting wcwidth.unicode_versions
INFO: Instrumenting wcwidth.textwrap
INFO: Instrumenting prompt_toolkit.key_binding.vi_state
INFO: Instrumenting prompt_toolkit.data_structures
INFO: Instrumenting prompt_toolkit.styles
INFO: Instrumenting prompt_toolkit.styles.base
INFO: Instrumenting prompt_toolkit.styles.defaults
INFO: Instrumenting prompt_toolkit.styles.named_colors
INFO: Instrumenting prompt_toolkit.styles.style
INFO: Instrumenting prompt_toolkit.styles.pygments
INFO: Instrumenting prompt_toolkit.styles.style_transformation
INFO: Instrumenting colorsys
INFO: Instrumenting prompt_toolkit.output.color_depth
INFO: Instrumenting prompt_toolkit.output.defaults
INFO: Instrumenting prompt_toolkit.output.plain_text
INFO: Instrumenting prompt_toolkit.output.flush_stdout
INFO: Instrumenting prompt_toolkit.output.vt100
INFO: Instrumenting prompt_toolkit.formatted_text.base
INFO: Instrumenting prompt_toolkit.mouse_events
INFO: Instrumenting prompt_toolkit.formatted_text.html
INFO: Instrumenting xml
INFO: Instrumenting xml.dom
INFO: Instrumenting xml.dom.domreg
INFO: Instrumenting xml.dom.minidom
INFO: Instrumenting xml.dom.minicompat
INFO: Instrumenting xml.dom.xmlbuilder
INFO: Instrumenting xml.dom.NodeFilter
INFO: Instrumenting prompt_toolkit.formatted_text.pygments
INFO: Instrumenting prompt_toolkit.formatted_text.utils
INFO: Instrumenting prompt_toolkit.completion.deduplicate
INFO: Instrumenting prompt_toolkit.completion.filesystem
INFO: Instrumenting prompt_toolkit.completion.fuzzy_completer
INFO: Instrumenting prompt_toolkit.completion.word_completer
INFO: Instrumenting prompt_toolkit.completion.nested
INFO: Instrumenting prompt_toolkit.history
INFO: Instrumenting prompt_toolkit.search
INFO: Instrumenting prompt_toolkit.validation
INFO: Instrumenting prompt_toolkit.input
INFO: Instrumenting prompt_toolkit.input.base
INFO: Instrumenting prompt_toolkit.input.defaults
INFO: Instrumenting prompt_toolkit.input.typeahead
INFO: Instrumenting prompt_toolkit.key_binding.bindings
INFO: Instrumenting prompt_toolkit.key_binding.bindings.page_navigation
INFO: Instrumenting prompt_toolkit.key_binding.bindings.scroll
INFO: Instrumenting prompt_toolkit.key_binding.defaults
INFO: Instrumenting prompt_toolkit.key_binding.bindings.basic
INFO: Instrumenting prompt_toolkit.key_binding.bindings.named_commands
INFO: Instrumenting prompt_toolkit.layout
INFO: Instrumenting prompt_toolkit.layout.containers
INFO: Instrumenting prompt_toolkit.layout.controls
INFO: Instrumenting prompt_toolkit.lexers
INFO: Instrumenting prompt_toolkit.lexers.base
INFO: Instrumenting prompt_toolkit.lexers.pygments
INFO: Instrumenting prompt_toolkit.layout.processors
INFO: Instrumenting prompt_toolkit.layout.utils
INFO: Instrumenting prompt_toolkit.layout.dimension
INFO: Instrumenting prompt_toolkit.layout.margins
INFO: Instrumenting prompt_toolkit.layout.mouse_handlers
INFO: Instrumenting prompt_toolkit.layout.screen
INFO: Instrumenting prompt_toolkit.layout.layout
INFO: Instrumenting prompt_toolkit.layout.menus
INFO: Instrumenting prompt_toolkit.layout.scrollable_pane
INFO: Instrumenting prompt_toolkit.key_binding.bindings.completion
INFO: Instrumenting prompt_toolkit.key_binding.bindings.cpr
INFO: Instrumenting prompt_toolkit.key_binding.bindings.emacs
INFO: Instrumenting prompt_toolkit.key_binding.bindings.mouse
INFO: Instrumenting prompt_toolkit.key_binding.bindings.vi
INFO: Instrumenting prompt_toolkit.input.vt100_parser
INFO: Instrumenting prompt_toolkit.input.ansi_escape_sequences
INFO: Instrumenting prompt_toolkit.key_binding.digraphs
INFO: Instrumenting prompt_toolkit.key_binding.emacs_state
INFO: Instrumenting prompt_toolkit.layout.dummy
INFO: Instrumenting prompt_toolkit.renderer
INFO: Instrumenting prompt_toolkit.application.dummy
INFO: Instrumenting prompt_toolkit.shortcuts
INFO: Instrumenting prompt_toolkit.shortcuts.choice_input
INFO: Instrumenting prompt_toolkit.widgets
INFO: Instrumenting prompt_toolkit.widgets.base
INFO: Instrumenting prompt_toolkit.widgets.toolbars
INFO: Instrumenting prompt_toolkit.widgets.dialogs
INFO: Instrumenting prompt_toolkit.key_binding.bindings.focus
INFO: Instrumenting prompt_toolkit.widgets.menus
INFO: Instrumenting prompt_toolkit.shortcuts.dialogs
INFO: Instrumenting prompt_toolkit.shortcuts.progress_bar
INFO: Instrumenting prompt_toolkit.shortcuts.progress_bar.base
INFO: Instrumenting prompt_toolkit.shortcuts.progress_bar.formatters
INFO: Instrumenting xml.dom.expatbuilder
INFO: Instrumenting xml.parsers
INFO: Instrumenting xml.parsers.expat
INFO: Instrumenting prompt_toolkit.shortcuts.prompt
INFO: Instrumenting prompt_toolkit.key_binding.bindings.auto_suggest
INFO: Instrumenting prompt_toolkit.key_binding.bindings.open_in_editor
INFO: Instrumenting prompt_toolkit.shortcuts.utils
INFO: Instrumenting email.parser
INFO: Instrumenting email.feedparser
INFO: Instrumenting prompt_toolkit.patch_stdout
INFO: Instrumenting IPython.terminal.debugger
INFO: Instrumenting IPython.core.completer
INFO: Instrumenting uuid
INFO: Instrumenting IPython.core.guarded_eval
INFO: Instrumenting typing_extensions
INFO: Instrumenting IPython.core.latex_symbols
INFO: Instrumenting IPython.utils.generics
INFO: Instrumenting jedi
INFO: Instrumenting jedi.api
INFO: Instrumenting parso
INFO: Instrumenting parso.parser
INFO: Instrumenting parso.tree
INFO: Instrumenting parso.utils
INFO: Instrumenting parso.pgen2
INFO: Instrumenting parso.pgen2.generator
INFO: Instrumenting parso.pgen2.grammar_parser
INFO: Instrumenting parso.python
INFO: Instrumenting parso.python.tokenize
INFO: Instrumenting parso.python.token
INFO: Instrumenting parso.grammar
INFO: Instrumenting parso._compatibility
INFO: Instrumenting parso.python.diff
INFO: Instrumenting difflib
INFO: Instrumenting parso.python.parser
INFO: Instrumenting parso.python.tree
INFO: Instrumenting parso.python.prefix
INFO: Instrumenting parso.cache
INFO: Instrumenting parso.python.errors
INFO: Instrumenting parso.normalizer
INFO: Instrumenting parso.python.pep8
INFO: Instrumenting parso.file_io
INFO: Instrumenting jedi.parser_utils
INFO: Instrumenting jedi.debug
INFO: Instrumenting jedi.settings
INFO: Instrumenting jedi.cache
INFO: Instrumenting jedi.file_io
INFO: Instrumenting jedi.api.classes
INFO: Instrumenting jedi.inference
INFO: Instrumenting jedi.inference.imports
INFO: Instrumenting jedi.inference.sys_path
INFO: Instrumenting jedi.inference.cache
INFO: Instrumenting jedi.inference.base_value
INFO: Instrumenting jedi.inference.helpers
INFO: Instrumenting jedi.inference.utils
INFO: Instrumenting jedi.inference.compiled
INFO: Instrumenting jedi.inference.compiled.value
INFO: Instrumenting jedi.inference.filters
INFO: Instrumenting jedi.inference.flow_analysis
INFO: Instrumenting jedi.inference.recursion
INFO: Instrumenting jedi.inference.names
INFO: Instrumenting jedi.inference.docstrings
INFO: Instrumenting jedi.inference.lazy_value
INFO: Instrumenting jedi.common
INFO: Instrumenting jedi.plugins
INFO: Instrumenting jedi.inference.compiled.access
INFO: Instrumenting jedi.inference.compiled.getattr_static
INFO: Instrumenting jedi.inference.signature
INFO: Instrumenting jedi.inference.context
INFO: Instrumenting jedi.inference.analysis
INFO: Instrumenting jedi.inference.gradual
INFO: Instrumenting jedi.inference.gradual.typeshed
INFO: Instrumenting jedi.inference.gradual.stub_value
INFO: Instrumenting jedi.inference.value
INFO: Instrumenting jedi.inference.value.module
INFO: Instrumenting jedi.inference.value.klass
INFO: Instrumenting jedi.inference.arguments
INFO: Instrumenting jedi.inference.value.iterable
INFO: Instrumenting jedi.inference.value.dynamic_arrays
INFO: Instrumenting jedi.inference.value.function
INFO: Instrumenting jedi.inference.parser_cache
INFO: Instrumenting jedi.inference.gradual.generics
INFO: Instrumenting jedi.inference.value.instance
INFO: Instrumenting jedi.inference.gradual.typing
INFO: Instrumenting jedi.inference.gradual.base
INFO: Instrumenting jedi.inference.gradual.type_var
INFO: Instrumenting jedi.inference.compiled.subprocess
INFO: Instrumenting jedi._compatibility
INFO: Instrumenting jedi.inference.compiled.subprocess.functions
INFO: Instrumenting jedi.api.exceptions
INFO: Instrumenting jedi.inference.syntax_tree
INFO: Instrumenting jedi.inference.gradual.annotation
INFO: Instrumenting jedi.inference.param
INFO: Instrumenting jedi.inference.value.decorator
INFO: Instrumenting jedi.inference.compiled.mixed
INFO: Instrumenting jedi.inference.gradual.conversion
INFO: Instrumenting jedi.api.keywords
INFO: Instrumenting pydoc_data
INFO: Instrumenting pydoc_data.topics
INFO: Instrumenting jedi.api.completion_cache
INFO: Instrumenting jedi.api.helpers
INFO: Instrumenting jedi.api.interpreter
INFO: Instrumenting jedi.api.completion
INFO: Instrumenting jedi.api.strings
INFO: Instrumenting jedi.api.file_name
INFO: Instrumenting jedi.inference.docstring_utils
INFO: Instrumenting jedi.api.environment
INFO: Instrumenting filecmp
INFO: Instrumenting jedi.api.project
INFO: Instrumenting jedi.inference.references
INFO: Instrumenting jedi.api.errors
INFO: Instrumenting jedi.api.refactoring
INFO: Instrumenting jedi.inference.value.namespace
INFO: Instrumenting jedi.api.refactoring.extract
INFO: Instrumenting jedi.inference.gradual.utils
INFO: Instrumenting jedi.plugins.registry
INFO: Instrumenting jedi.plugins.stdlib
INFO: Instrumenting jedi.plugins.flask
INFO: Instrumenting jedi.plugins.pytest
INFO: Instrumenting jedi.plugins.django
INFO: Instrumenting IPython.terminal.ptutils
INFO: Instrumenting IPython.terminal.shortcuts
INFO: Instrumenting IPython.terminal.shortcuts.auto_match
INFO: Instrumenting IPython.terminal.shortcuts.auto_suggest
INFO: Instrumenting IPython.terminal.shortcuts.filters
INFO: Instrumenting concurrent.futures.thread
INFO: Instrumenting IPython.terminal.magics
INFO: Instrumenting IPython.lib.clipboard
INFO: Instrumenting IPython.terminal.pt_inputhooks
INFO: Instrumenting IPython.terminal.prompts
INFO: Instrumenting IPython.terminal.ipapp
INFO: Instrumenting IPython.core.magics
INFO: Instrumenting IPython.core.magics.auto
INFO: Instrumenting IPython.core.magics.basic
INFO: Instrumenting IPython.core.magics.code
INFO: Instrumenting urllib.request
INFO: Instrumenting http
INFO: Instrumenting http.client
INFO: Instrumenting urllib.error
INFO: Instrumenting urllib.response
INFO: Instrumenting IPython.utils.contexts
INFO: Instrumenting IPython.core.magics.config
INFO: Instrumenting IPython.core.magics.display
INFO: Instrumenting IPython.core.magics.execution
INFO: Instrumenting cProfile
INFO: Instrumenting profile
INFO: Instrumenting pstats
INFO: Instrumenting timeit
INFO: Instrumenting IPython.utils.module_paths
INFO: Instrumenting IPython.utils.timing
INFO: Instrumenting IPython.core.magics.ast_mod
INFO: Instrumenting IPython.core.magics.extension
INFO: Instrumenting IPython.core.magics.history
INFO: Instrumenting IPython.core.magics.logging
INFO: Instrumenting IPython.core.magics.namespace
INFO: Instrumenting IPython.core.magics.osm
INFO: Instrumenting IPython.core.magics.packaging
INFO: Instrumenting IPython.core.magics.pylab
INFO: Instrumenting IPython.core.magics.script
INFO: Instrumenting IPython.core.shellapp
INFO: Instrumenting IPython.extensions
INFO: Instrumenting IPython.extensions.storemagic
INFO: Instrumenting IPython.utils.frame
INFO: Using built-in libfuzzer
WARNING: Failed to find function "__sanitizer_acquire_crash_state".
WARNING: Failed to find function "__sanitizer_print_stack_trace".
WARNING: Failed to find function "__sanitizer_set_death_callback".
INFO: Running with entropic power schedule (0xFF, 100).
INFO: Seed: 2456932548
INFO: -max_len is not provided; libFuzzer will not generate inputs larger than 4096 bytes
INFO: A corpus is not provided, starting from an empty corpus
#2	INITED cov: 211 ft: 211 corp: 1/1b exec/s: 0 rss: 84Mb
#4	NEW    cov: 236 ft: 275 corp: 2/2b lim: 4 exec/s: 0 rss: 84Mb L: 1/1 MS: 2 CrossOver-ChangeBit-
#9	NEW    cov: 242 ft: 283 corp: 3/3b lim: 4 exec/s: 0 rss: 84Mb L: 1/1 MS: 5 CopyPart-CrossOver-InsertByte-EraseBytes-ChangeByte-
#10	NEW    cov: 244 ft: 320 corp: 4/5b lim: 4 exec/s: 0 rss: 84Mb L: 2/2 MS: 1 CrossOver-
#14	NEW    cov: 246 ft: 322 corp: 5/6b lim: 4 exec/s: 0 rss: 84Mb L: 1/2 MS: 4 ShuffleBytes-ShuffleBytes-ShuffleBytes-ChangeByte-
#16	NEW    cov: 247 ft: 339 corp: 6/8b lim: 4 exec/s: 0 rss: 84Mb L: 2/2 MS: 2 CopyPart-ChangeByte-
#20	NEW    cov: 247 ft: 357 corp: 7/10b lim: 4 exec/s: 0 rss: 84Mb L: 2/2 MS: 4 CopyPart-ChangeByte-CrossOver-ShuffleBytes-
#21	NEW    cov: 247 ft: 369 corp: 8/12b lim: 4 exec/s: 0 rss: 84Mb L: 2/2 MS: 1 ChangeBit-
#23	NEW    cov: 248 ft: 370 corp: 9/14b lim: 4 exec/s: 0 rss: 84Mb L: 2/2 MS: 2 CrossOver-ChangeBit-
#24	NEW    cov: 248 ft: 371 corp: 10/15b lim: 4 exec/s: 0 rss: 84Mb L: 1/2 MS: 1 ChangeBinInt-
#34	NEW    cov: 248 ft: 372 corp: 11/16b lim: 4 exec/s: 0 rss: 84Mb L: 1/2 MS: 5 CrossOver-ChangeByte-ChangeBinInt-ShuffleBytes-ChangeBit-
#36	NEW    cov: 274 ft: 437 corp: 12/18b lim: 4 exec/s: 0 rss: 84Mb L: 2/2 MS: 2 CopyPart-ChangeByte-
#39	NEW    cov: 283 ft: 470 corp: 13/19b lim: 4 exec/s: 0 rss: 84Mb L: 1/2 MS: 3 ChangeByte-ChangeByte-ChangeBinInt-
#44	NEW    cov: 286 ft: 475 corp: 14/21b lim: 4 exec/s: 0 rss: 84Mb L: 2/2 MS: 5 CrossOver-ShuffleBytes-ShuffleBytes-InsertByte-ChangeByte-
#46	NEW    cov: 286 ft: 478 corp: 15/24b lim: 4 exec/s: 0 rss: 84Mb L: 3/3 MS: 2 ShuffleBytes-InsertByte-
#54	NEW    cov: 286 ft: 481 corp: 16/26b lim: 4 exec/s: 0 rss: 84Mb L: 2/3 MS: 3 ChangeByte-CopyPart-CopyPart-
#63	NEW    cov: 286 ft: 482 corp: 17/30b lim: 4 exec/s: 0 rss: 84Mb L: 4/4 MS: 4 InsertByte-ChangeBit-CopyPart-CrossOver-
#64	NEW    cov: 286 ft: 488 corp: 18/31b lim: 4 exec/s: 0 rss: 84Mb L: 1/4 MS: 1 ChangeBit-
#90	NEW    cov: 293 ft: 497 corp: 19/33b lim: 4 exec/s: 0 rss: 84Mb L: 2/4 MS: 1 InsertByte-
#100	NEW    cov: 294 ft: 500 corp: 20/35b lim: 4 exec/s: 0 rss: 84Mb L: 2/4 MS: 5 ChangeBit-CrossOver-ChangeBit-CopyPart-CrossOver-
#112	NEW    cov: 294 ft: 502 corp: 21/38b lim: 4 exec/s: 0 rss: 84Mb L: 3/4 MS: 2 InsertByte-ChangeBinInt-
#119	NEW    cov: 294 ft: 503 corp: 22/40b lim: 4 exec/s: 0 rss: 84Mb L: 2/4 MS: 2 ChangeBit-ChangeByte-
#124	NEW    cov: 297 ft: 507 corp: 23/44b lim: 4 exec/s: 0 rss: 84Mb L: 4/4 MS: 5 CopyPart-InsertByte-EraseBytes-CrossOver-CopyPart-
#131	NEW    cov: 297 ft: 509 corp: 24/47b lim: 4 exec/s: 0 rss: 84Mb L: 3/4 MS: 2 CrossOver-InsertByte-
#138	NEW    cov: 297 ft: 511 corp: 25/50b lim: 4 exec/s: 0 rss: 84Mb L: 3/4 MS: 2 ShuffleBytes-InsertByte-
#139	NEW    cov: 303 ft: 536 corp: 26/52b lim: 4 exec/s: 0 rss: 84Mb L: 2/4 MS: 1 ChangeBit-
#162	NEW    cov: 303 ft: 542 corp: 27/56b lim: 4 exec/s: 0 rss: 84Mb L: 4/4 MS: 3 ChangeByte-EraseBytes-CrossOver-
#165	NEW    cov: 306 ft: 549 corp: 28/58b lim: 4 exec/s: 0 rss: 84Mb L: 2/4 MS: 3 ChangeBit-ShuffleBytes-CopyPart-
#170	NEW    cov: 306 ft: 556 corp: 29/62b lim: 4 exec/s: 0 rss: 84Mb L: 4/4 MS: 5 CrossOver-CopyPart-ChangeByte-ChangeBit-ChangeBinInt-
#182	NEW    cov: 306 ft: 558 corp: 30/64b lim: 4 exec/s: 0 rss: 84Mb L: 2/4 MS: 2 ChangeBit-InsertByte-
#189	NEW    cov: 308 ft: 560 corp: 31/67b lim: 4 exec/s: 0 rss: 84Mb L: 3/4 MS: 2 CrossOver-ChangeBit-
#210	NEW    cov: 310 ft: 562 corp: 32/71b lim: 4 exec/s: 0 rss: 84Mb L: 4/4 MS: 1 CopyPart-
#235	NEW    cov: 313 ft: 565 corp: 33/75b lim: 4 exec/s: 0 rss: 84Mb L: 4/4 MS: 5 CopyPart-CrossOver-ChangeByte-ChangeByte-ChangeByte-
#285	NEW    cov: 313 ft: 567 corp: 34/79b lim: 4 exec/s: 0 rss: 84Mb L: 4/4 MS: 5 EraseBytes-ShuffleBytes-ChangeByte-CrossOver-CrossOver-
#296	NEW    cov: 313 ft: 568 corp: 35/82b lim: 4 exec/s: 0 rss: 84Mb L: 3/4 MS: 1 ChangeBit-
#303	NEW    cov: 314 ft: 569 corp: 36/85b lim: 4 exec/s: 0 rss: 84Mb L: 3/4 MS: 2 CrossOver-ChangeBit-
#312	NEW    cov: 316 ft: 574 corp: 37/88b lim: 4 exec/s: 0 rss: 84Mb L: 3/4 MS: 4 EraseBytes-CopyPart-ShuffleBytes-CrossOver-
#313	NEW    cov: 322 ft: 580 corp: 38/91b lim: 4 exec/s: 0 rss: 84Mb L: 3/4 MS: 1 ChangeBit-
#317	NEW    cov: 323 ft: 581 corp: 39/93b lim: 4 exec/s: 0 rss: 84Mb L: 2/4 MS: 4 ChangeByte-CrossOver-ChangeBit-ShuffleBytes-
#356	NEW    cov: 325 ft: 587 corp: 40/95b lim: 4 exec/s: 0 rss: 84Mb L: 2/4 MS: 4 EraseBytes-ChangeBinInt-InsertByte-ChangeBinInt-
#383	REDUCE cov: 325 ft: 587 corp: 40/94b lim: 4 exec/s: 0 rss: 84Mb L: 3/4 MS: 2 ChangeBit-EraseBytes-
#399	NEW    cov: 325 ft: 588 corp: 41/95b lim: 4 exec/s: 0 rss: 84Mb L: 1/4 MS: 1 ChangeBit-
#415	NEW    cov: 326 ft: 589 corp: 42/96b lim: 4 exec/s: 0 rss: 84Mb L: 1/4 MS: 1 EraseBytes-
/app/ipython/IPython/core/inputtransformer2.py:608: UserWarning: `make_tokens_by_line` received a list of lines which do not have lineending markers ('\n', '\r', '\r\n', '\x0b', '\x0c'), behavior will be unspecified
  tokens_by_line = make_tokens_by_line(lines)
/app/ipython/IPython/core/inputtransformer2.py:714: UserWarning: `make_tokens_by_line` received a list of lines which do not have lineending markers ('\n', '\r', '\r\n', '\x0b', '\x0c'), behavior will be unspecified
  tokens_by_line = make_tokens_by_line(lines)
#422	NEW    cov: 327 ft: 590 corp: 43/98b lim: 4 exec/s: 0 rss: 84Mb L: 2/4 MS: 2 CopyPart-ChangeByte-
#442	NEW    cov: 327 ft: 621 corp: 44/100b lim: 4 exec/s: 0 rss: 84Mb L: 2/4 MS: 5 ChangeBit-ChangeBit-InsertByte-InsertByte-EraseBytes-
#448	REDUCE cov: 327 ft: 621 corp: 44/98b lim: 4 exec/s: 0 rss: 84Mb L: 1/4 MS: 1 CrossOver-
#508	NEW    cov: 327 ft: 645 corp: 45/101b lim: 4 exec/s: 0 rss: 84Mb L: 3/4 MS: 5 ChangeByte-InsertByte-ChangeBit-CrossOver-CrossOver-
#534	NEW    cov: 327 ft: 652 corp: 46/105b lim: 4 exec/s: 0 rss: 84Mb L: 4/4 MS: 1 CrossOver-
/app/ipython/IPython/core/inputtransformer2.py:608: UserWarning: `make_tokens_by_line` received a list of lines which do not have lineending markers ('\n', '\r', '\r\n', '\x0b', '\x0c'), behavior will be unspecified
  tokens_by_line = make_tokens_by_line(lines)
/app/ipython/IPython/core/inputtransformer2.py:714: UserWarning: `make_tokens_by_line` received a list of lines which do not have lineending markers ('\n', '\r', '\r\n', '\x0b', '\x0c'), behavior will be unspecified
  tokens_by_line = make_tokens_by_line(lines)
/app/ipython/IPython/core/inputtransformer2.py:608: UserWarning: `make_tokens_by_line` received a list of lines which do not have lineending markers ('\n', '\r', '\r\n', '\x0b', '\x0c'), behavior will be unspecified
  tokens_by_line = make_tokens_by_line(lines)
/app/ipython/IPython/core/inputtransformer2.py:714: UserWarning: `make_tokens_by_line` received a list of lines which do not have lineending markers ('\n', '\r', '\r\n', '\x0b', '\x0c'), behavior will be unspecified
  tokens_by_line = make_tokens_by_line(lines)
/app/ipython/IPython/core/inputtransformer2.py:608: UserWarning: `make_tokens_by_line` received a list of lines which do not have lineending markers ('\n', '\r', '\r\n', '\x0b', '\x0c'), behavior will be unspecified
  tokens_by_line = make_tokens_by_line(lines)
/app/ipython/IPython/core/inputtransformer2.py:714: UserWarning: `make_tokens_by_line` received a list of lines which do not have lineending markers ('\n', '\r', '\r\n', '\x0b', '\x0c'), behavior will be unspecified
  tokens_by_line = make_tokens_by_line(lines)
#543	NEW    cov: 328 ft: 653 corp: 47/107b lim: 4 exec/s: 0 rss: 84Mb L: 2/4 MS: 4 ShuffleBytes-ShuffleBytes-ChangeBit-ChangeByte-
#557	NEW    cov: 328 ft: 654 corp: 48/110b lim: 4 exec/s: 0 rss: 84Mb L: 3/4 MS: 4 EraseBytes-InsertByte-EraseBytes-CrossOver-
#602	NEW    cov: 330 ft: 656 corp: 49/114b lim: 4 exec/s: 0 rss: 84Mb L: 4/4 MS: 5 ShuffleBytes-ChangeByte-CopyPart-InsertByte-CopyPart-
/app/ipython/IPython/core/inputtransformer2.py:608: UserWarning: `make_tokens_by_line` received a list of lines which do not have lineending markers ('\n', '\r', '\r\n', '\x0b', '\x0c'), behavior will be unspecified
  tokens_by_line = make_tokens_by_line(lines)
/app/ipython/IPython/core/inputtransformer2.py:714: UserWarning: `make_tokens_by_line` received a list of lines which do not have lineending markers ('\n', '\r', '\r\n', '\x0b', '\x0c'), behavior will be unspecified
  tokens_by_line = make_tokens_by_line(lines)
/app/ipython/IPython/core/inputtransformer2.py:608: UserWarning: `make_tokens_by_line` received a list of lines which do not have lineending markers ('\n', '\r', '\r\n', '\x0b', '\x0c'), behavior will be unspecified
  tokens_by_line = make_tokens_by_line(lines)
/app/ipython/IPython/core/inputtransformer2.py:714: UserWarning: `make_tokens_by_line` received a list of lines which do not have lineending markers ('\n', '\r', '\r\n', '\x0b', '\x0c'), behavior will be unspecified
  tokens_by_line = make_tokens_by_line(lines)
/app/ipython/IPython/core/inputtransformer2.py:608: UserWarning: `make_tokens_by_line` received a list of lines which do not have lineending markers ('\n', '\r', '\r\n', '\x0b', '\x0c'), behavior will be unspecified
  tokens_by_line = make_tokens_by_line(lines)
/app/ipython/IPython/core/inputtransformer2.py:714: UserWarning: `make_tokens_by_line` received a list of lines which do not have lineending markers ('\n', '\r', '\r\n', '\x0b', '\x0c'), behavior will be unspecified
  tokens_by_line = make_tokens_by_line(lines)
#623	NEW    cov: 330 ft: 657 corp: 50/117b lim: 4 exec/s: 0 rss: 84Mb L: 3/4 MS: 1 CrossOver-
#625	NEW    cov: 330 ft: 658 corp: 51/119b lim: 4 exec/s: 0 rss: 84Mb L: 2/4 MS: 2 EraseBytes-CopyPart-
#633	NEW    cov: 331 ft: 671 corp: 52/123b lim: 4 exec/s: 0 rss: 84Mb L: 4/4 MS: 3 CrossOver-InsertByte-ChangeByte-
#635	REDUCE cov: 331 ft: 674 corp: 53/127b lim: 4 exec/s: 0 rss: 84Mb L: 4/4 MS: 2 CopyPart-CrossOver-
/app/ipython/IPython/core/inputtransformer2.py:608: UserWarning: `make_tokens_by_line` received a list of lines which do not have lineending markers ('\n', '\r', '\r\n', '\x0b', '\x0c'), behavior will be unspecified
  tokens_by_line = make_tokens_by_line(lines)
/app/ipython/IPython/core/inputtransformer2.py:714: UserWarning: `make_tokens_by_line` received a list of lines which do not have lineending markers ('\n', '\r', '\r\n', '\x0b', '\x0c'), behavior will be unspecified
  tokens_by_line = make_tokens_by_line(lines)
#651	REDUCE cov: 331 ft: 674 corp: 53/126b lim: 4 exec/s: 0 rss: 84Mb L: 1/4 MS: 1 EraseBytes-
/app/ipython/fuzz.py:106: UserWarning: `make_tokens_by_line` received a list of lines which do not have lineending markers ('\n', '\r', '\r\n', '\x0b', '\x0c'), behavior will be unspecified
  result = make_tokens_by_line(lines)
#680	NEW    cov: 331 ft: 675 corp: 54/128b lim: 4 exec/s: 0 rss: 84Mb L: 2/4 MS: 4 ChangeBit-CrossOver-ChangeBit-ChangeBit-
#685	REDUCE cov: 331 ft: 675 corp: 54/127b lim: 4 exec/s: 0 rss: 84Mb L: 2/4 MS: 5 ChangeBit-InsertByte-EraseBytes-ShuffleBytes-EraseBytes-
#687	NEW    cov: 336 ft: 680 corp: 55/131b lim: 4 exec/s: 0 rss: 84Mb L: 4/4 MS: 2 InsertByte-ShuffleBytes-
#718	NEW    cov: 336 ft: 681 corp: 56/135b lim: 4 exec/s: 0 rss: 84Mb L: 4/4 MS: 1 CopyPart-
#804	REDUCE cov: 336 ft: 683 corp: 57/139b lim: 4 exec/s: 0 rss: 84Mb L: 4/4 MS: 1 CopyPart-
#805	NEW    cov: 336 ft: 685 corp: 58/141b lim: 4 exec/s: 0 rss: 84Mb L: 2/4 MS: 1 CopyPart-
/app/ipython/fuzz.py:106: UserWarning: `make_tokens_by_line` received a list of lines which do not have lineending markers ('\n', '\r', '\r\n', '\x0b', '\x0c'), behavior will be unspecified
  result = make_tokens_by_line(lines)
/app/ipython/fuzz.py:106: UserWarning: `make_tokens_by_line` received a list of lines which do not have lineending markers ('\n', '\r', '\r\n', '\x0b', '\x0c'), behavior will be unspecified
  result = make_tokens_by_line(lines)
/app/ipython/IPython/core/inputtransformer2.py:608: UserWarning: `make_tokens_by_line` received a list of lines which do not have lineending markers ('\n', '\r', '\r\n', '\x0b', '\x0c'), behavior will be unspecified
  tokens_by_line = make_tokens_by_line(lines)
/app/ipython/IPython/core/inputtransformer2.py:714: UserWarning: `make_tokens_by_line` received a list of lines which do not have lineending markers ('\n', '\r', '\r\n', '\x0b', '\x0c'), behavior will be unspecified
  tokens_by_line = make_tokens_by_line(lines)
/app/ipython/fuzz.py:106: UserWarning: `make_tokens_by_line` received a list of lines which do not have lineending markers ('\n', '\r', '\r\n', '\x0b', '\x0c'), behavior will be unspecified
  result = make_tokens_by_line(lines)
#808	REDUCE cov: 336 ft: 686 corp: 59/145b lim: 4 exec/s: 0 rss: 84Mb L: 4/4 MS: 3 InsertByte-ShuffleBytes-CopyPart-
#812	NEW    cov: 336 ft: 692 corp: 60/149b lim: 4 exec/s: 0 rss: 84Mb L: 4/4 MS: 4 CrossOver-CopyPart-CopyPart-CopyPart-
/app/ipython/IPython/core/inputtransformer2.py:608: UserWarning: `make_tokens_by_line` received a list of lines which do not have lineending markers ('\n', '\r', '\r\n', '\x0b', '\x0c'), behavior will be unspecified
  tokens_by_line = make_tokens_by_line(lines)
/app/ipython/IPython/core/inputtransformer2.py:714: UserWarning: `make_tokens_by_line` received a list of lines which do not have lineending markers ('\n', '\r', '\r\n', '\x0b', '\x0c'), behavior will be unspecified
  tokens_by_line = make_tokens_by_line(lines)
/app/ipython/fuzz.py:106: UserWarning: `make_tokens_by_line` received a list of lines which do not have lineending markers ('\n', '\r', '\r\n', '\x0b', '\x0c'), behavior will be unspecified
  result = make_tokens_by_line(lines)
#888	REDUCE cov: 336 ft: 692 corp: 60/148b lim: 4 exec/s: 0 rss: 84Mb L: 3/4 MS: 1 EraseBytes-
#891	NEW    cov: 338 ft: 694 corp: 61/151b lim: 4 exec/s: 0 rss: 84Mb L: 3/4 MS: 3 ChangeByte-ChangeBit-ShuffleBytes-
/app/ipython/IPython/core/inputtransformer2.py:608: UserWarning: `make_tokens_by_line` received a list of lines which do not have lineending markers ('\n', '\r', '\r\n', '\x0b', '\x0c'), behavior will be unspecified
  tokens_by_line = make_tokens_by_line(lines)
/app/ipython/IPython/core/inputtransformer2.py:714: UserWarning: `make_tokens_by_line` received a list of lines which do not have lineending markers ('\n', '\r', '\r\n', '\x0b', '\x0c'), behavior will be unspecified
  tokens_by_line = make_tokens_by_line(lines)
/app/ipython/fuzz.py:106: UserWarning: `make_tokens_by_line` received a list of lines which do not have lineending markers ('\n', '\r', '\r\n', '\x0b', '\x0c'), behavior will be unspecified
  result = make_tokens_by_line(lines)
#926	NEW    cov: 338 ft: 695 corp: 62/155b lim: 4 exec/s: 0 rss: 84Mb L: 4/4 MS: 5 InsertByte-InsertByte-InsertByte-CopyPart-ShuffleBytes-
#942	NEW    cov: 338 ft: 696 corp: 63/157b lim: 4 exec/s: 0 rss: 84Mb L: 2/4 MS: 1 CrossOver-
/app/ipython/IPython/core/inputtransformer2.py:608: UserWarning: `make_tokens_by_line` received a list of lines which do not have lineending markers ('\n', '\r', '\r\n', '\x0b', '\x0c'), behavior will be unspecified
  tokens_by_line = make_tokens_by_line(lines)
/app/ipython/IPython/core/inputtransformer2.py:714: UserWarning: `make_tokens_by_line` received a list of lines which do not have lineending markers ('\n', '\r', '\r\n', '\x0b', '\x0c'), behavior will be unspecified
  tokens_by_line = make_tokens_by_line(lines)
/app/ipython/fuzz.py:106: UserWarning: `make_tokens_by_line` received a list of lines which do not have lineending markers ('\n', '\r', '\r\n', '\x0b', '\x0c'), behavior will be unspecified
  result = make_tokens_by_line(lines)
/app/ipython/IPython/core/inputtransformer2.py:608: UserWarning: `make_tokens_by_line` received a list of lines which do not have lineending markers ('\n', '\r', '\r\n', '\x0b', '\x0c'), behavior will be unspecified
  tokens_by_line = make_tokens_by_line(lines)
/app/ipython/IPython/core/inputtransformer2.py:714: UserWarning: `make_tokens_by_line` received a list of lines which do not have lineending markers ('\n', '\r', '\r\n', '\x0b', '\x0c'), behavior will be unspecified
  tokens_by_line = make_tokens_by_line(lines)
/app/ipython/IPython/core/inputtransformer2.py:608: UserWarning: `make_tokens_by_line` received a list of lines which do not have lineending markers ('\n', '\r', '\r\n', '\x0b', '\x0c'), behavior will be unspecified
  tokens_by_line = make_tokens_by_line(lines)
/app/ipython/IPython/core/inputtransformer2.py:714: UserWarning: `make_tokens_by_line` received a list of lines which do not have lineending markers ('\n', '\r', '\r\n', '\x0b', '\x0c'), behavior will be unspecified
  tokens_by_line = make_tokens_by_line(lines)
/app/ipython/IPython/core/inputtransformer2.py:608: UserWarning: `make_tokens_by_line` received a list of lines which do not have lineending markers ('\n', '\r', '\r\n', '\x0b', '\x0c'), behavior will be unspecified
  tokens_by_line = make_tokens_by_line(lines)
/app/ipython/IPython/core/inputtransformer2.py:714: UserWarning: `make_tokens_by_line` received a list of lines which do not have lineending markers ('\n', '\r', '\r\n', '\x0b', '\x0c'), behavior will be unspecified
  tokens_by_line = make_tokens_by_line(lines)
#967	REDUCE cov: 338 ft: 696 corp: 63/155b lim: 4 exec/s: 0 rss: 84Mb L: 2/4 MS: 5 ChangeBit-CrossOver-ChangeBit-CopyPart-EraseBytes-
#1017	NEW    cov: 338 ft: 698 corp: 64/158b lim: 4 exec/s: 0 rss: 84Mb L: 3/4 MS: 5 ChangeBinInt-EraseBytes-ChangeBit-ChangeByte-CrossOver-
/app/ipython/IPython/core/inputtransformer2.py:608: UserWarning: `make_tokens_by_line` received a list of lines which do not have lineending markers ('\n', '\r', '\r\n', '\x0b', '\x0c'), behavior will be unspecified
  tokens_by_line = make_tokens_by_line(lines)
/app/ipython/IPython/core/inputtransformer2.py:714: UserWarning: `make_tokens_by_line` received a list of lines which do not have lineending markers ('\n', '\r', '\r\n', '\x0b', '\x0c'), behavior will be unspecified
  tokens_by_line = make_tokens_by_line(lines)
/app/ipython/IPython/core/inputtransformer2.py:608: UserWarning: `make_tokens_by_line` received a list of lines which do not have lineending markers ('\n', '\r', '\r\n', '\x0b', '\x0c'), behavior will be unspecified
  tokens_by_line = make_tokens_by_line(lines)
/app/ipython/IPython/core/inputtransformer2.py:714: UserWarning: `make_tokens_by_line` received a list of lines which do not have lineending markers ('\n', '\r', '\r\n', '\x0b', '\x0c'), behavior will be unspecified
  tokens_by_line = make_tokens_by_line(lines)
/app/ipython/fuzz.py:106: UserWarning: `make_tokens_by_line` received a list of lines which do not have lineending markers ('\n', '\r', '\r\n', '\x0b', '\x0c'), behavior will be unspecified
  result = make_tokens_by_line(lines)
#1078	REDUCE cov: 338 ft: 698 corp: 64/157b lim: 4 exec/s: 0 rss: 84Mb L: 2/4 MS: 1 EraseBytes-
#1081	REDUCE cov: 338 ft: 699 corp: 65/160b lim: 4 exec/s: 0 rss: 84Mb L: 3/4 MS: 3 CrossOver-InsertByte-ChangeByte-
#1089	NEW    cov: 338 ft: 701 corp: 66/164b lim: 4 exec/s: 0 rss: 84Mb L: 4/4 MS: 3 CopyPart-CopyPart-CopyPart-
#1090	NEW    cov: 340 ft: 704 corp: 67/165b lim: 4 exec/s: 0 rss: 84Mb L: 1/4 MS: 1 ChangeByte-
/app/ipython/IPython/core/inputtransformer2.py:608: UserWarning: `make_tokens_by_line` received a list of lines which do not have lineending markers ('\n', '\r', '\r\n', '\x0b', '\x0c'), behavior will be unspecified
  tokens_by_line = make_tokens_by_line(lines)
/app/ipython/IPython/core/inputtransformer2.py:714: UserWarning: `make_tokens_by_line` received a list of lines which do not have lineending markers ('\n', '\r', '\r\n', '\x0b', '\x0c'), behavior will be unspecified
  tokens_by_line = make_tokens_by_line(lines)
/app/ipython/IPython/core/inputtransformer2.py:608: UserWarning: `make_tokens_by_line` received a list of lines which do not have lineending markers ('\n', '\r', '\r\n', '\x0b', '\x0c'), behavior will be unspecified
  tokens_by_line = make_tokens_by_line(lines)
/app/ipython/IPython/core/inputtransformer2.py:714: UserWarning: `make_tokens_by_line` received a list of lines which do not have lineending markers ('\n', '\r', '\r\n', '\x0b', '\x0c'), behavior will be unspecified
  tokens_by_line = make_tokens_by_line(lines)
#1108	NEW    cov: 340 ft: 705 corp: 68/168b lim: 4 exec/s: 0 rss: 84Mb L: 3/4 MS: 3 InsertByte-ChangeByte-ChangeByte-
#1120	NEW    cov: 340 ft: 707 corp: 69/170b lim: 4 exec/s: 0 rss: 84Mb L: 2/4 MS: 2 EraseBytes-EraseBytes-
#1126	REDUCE cov: 340 ft: 707 corp: 69/169b lim: 4 exec/s: 0 rss: 84Mb L: 2/4 MS: 1 EraseBytes-
#1162	NEW    cov: 341 ft: 708 corp: 70/170b lim: 4 exec/s: 0 rss: 84Mb L: 1/4 MS: 1 EraseBytes-
#1208	REDUCE cov: 341 ft: 708 corp: 70/169b lim: 4 exec/s: 0 rss: 84Mb L: 3/4 MS: 1 EraseBytes-
#1236	REDUCE cov: 341 ft: 708 corp: 70/168b lim: 4 exec/s: 1236 rss: 84Mb L: 1/4 MS: 3 ChangeBit-ChangeByte-EraseBytes-
#1237	NEW    cov: 341 ft: 712 corp: 71/171b lim: 4 exec/s: 1237 rss: 84Mb L: 3/4 MS: 1 CopyPart-
/app/ipython/IPython/core/inputtransformer2.py:608: UserWarning: `make_tokens_by_line` received a list of lines which do not have lineending markers ('\n', '\r', '\r\n', '\x0b', '\x0c'), behavior will be unspecified
  tokens_by_line = make_tokens_by_line(lines)
/app/ipython/IPython/core/inputtransformer2.py:714: UserWarning: `make_tokens_by_line` received a list of lines which do not have lineending markers ('\n', '\r', '\r\n', '\x0b', '\x0c'), behavior will be unspecified
  tokens_by_line = make_tokens_by_line(lines)
/app/ipython/fuzz.py:106: UserWarning: `make_tokens_by_line` received a list of lines which do not have lineending markers ('\n', '\r', '\r\n', '\x0b', '\x0c'), behavior will be unspecified
  result = make_tokens_by_line(lines)
/app/ipython/fuzz.py:106: UserWarning: `make_tokens_by_line` received a list of lines which do not have lineending markers ('\n', '\r', '\r\n', '\x0b', '\x0c'), behavior will be unspecified
  result = make_tokens_by_line(lines)
/app/ipython/IPython/core/inputtransformer2.py:608: UserWarning: `make_tokens_by_line` received a list of lines which do not have lineending markers ('\n', '\r', '\r\n', '\x0b', '\x0c'), behavior will be unspecified
  tokens_by_line = make_tokens_by_line(lines)
/app/ipython/IPython/core/inputtransformer2.py:714: UserWarning: `make_tokens_by_line` received a list of lines which do not have lineending markers ('\n', '\r', '\r\n', '\x0b', '\x0c'), behavior will be unspecified
  tokens_by_line = make_tokens_by_line(lines)
/app/ipython/fuzz.py:106: UserWarning: `make_tokens_by_line` received a list of lines which do not have lineending markers ('\n', '\r', '\r\n', '\x0b', '\x0c'), behavior will be unspecified
  result = make_tokens_by_line(lines)
/app/ipython/IPython/core/inputtransformer2.py:608: UserWarning: `make_tokens_by_line` received a list of lines which do not have lineending markers ('\n', '\r', '\r\n', '\x0b', '\x0c'), behavior will be unspecified
  tokens_by_line = make_tokens_by_line(lines)
/app/ipython/IPython/core/inputtransformer2.py:714: UserWarning: `make_tokens_by_line` received a list of lines which do not have lineending markers ('\n', '\r', '\r\n', '\x0b', '\x0c'), behavior will be unspecified
  tokens_by_line = make_tokens_by_line(lines)
/app/ipython/fuzz.py:106: UserWarning: `make_tokens_by_line` received a list of lines which do not have lineending markers ('\n', '\r', '\r\n', '\x0b', '\x0c'), behavior will be unspecified
  result = make_tokens_by_line(lines)
/app/ipython/IPython/core/inputtransformer2.py:608: UserWarning: `make_tokens_by_line` received a list of lines which do not have lineending markers ('\n', '\r', '\r\n', '\x0b', '\x0c'), behavior will be unspecified
  tokens_by_line = make_tokens_by_line(lines)
/app/ipython/IPython/core/inputtransformer2.py:714: UserWarning: `make_tokens_by_line` received a list of lines which do not have lineending markers ('\n', '\r', '\r\n', '\x0b', '\x0c'), behavior will be unspecified
  tokens_by_line = make_tokens_by_line(lines)
/app/ipython/fuzz.py:106: UserWarning: `make_tokens_by_line` received a list of lines which do not have lineending markers ('\n', '\r', '\r\n', '\x0b', '\x0c'), behavior will be unspecified
  result = make_tokens_by_line(lines)
/app/ipython/IPython/core/inputtransformer2.py:608: UserWarning: `make_tokens_by_line` received a list of lines which do not have lineending markers ('\n', '\r', '\r\n', '\x0b', '\x0c'), behavior will be unspecified
  tokens_by_line = make_tokens_by_line(lines)
/app/ipython/IPython/core/inputtransformer2.py:714: UserWarning: `make_tokens_by_line` received a list of lines which do not have lineending markers ('\n', '\r', '\r\n', '\x0b', '\x0c'), behavior will be unspecified
  tokens_by_line = make_tokens_by_line(lines)
/app/ipython/fuzz.py:106: UserWarning: `make_tokens_by_line` received a list of lines which do not have lineending markers ('\n', '\r', '\r\n', '\x0b', '\x0c'), behavior will be unspecified
  result = make_tokens_by_line(lines)
/app/ipython/IPython/core/inputtransformer2.py:608: UserWarning: `make_tokens_by_line` received a list of lines which do not have lineending markers ('\n', '\r', '\r\n', '\x0b', '\x0c'), behavior will be unspecified
  tokens_by_line = make_tokens_by_line(lines)
/app/ipython/IPython/core/inputtransformer2.py:714: UserWarning: `make_tokens_by_line` received a list of lines which do not have lineending markers ('\n', '\r', '\r\n', '\x0b', '\x0c'), behavior will be unspecified
  tokens_by_line = make_tokens_by_line(lines)
/app/ipython/IPython/core/inputtransformer2.py:608: UserWarning: `make_tokens_by_line` received a list of lines which do not have lineending markers ('\n', '\r', '\r\n', '\x0b', '\x0c'), behavior will be unspecified
  tokens_by_line = make_tokens_by_line(lines)
/app/ipython/IPython/core/inputtransformer2.py:714: UserWarning: `make_tokens_by_line` received a list of lines which do not have lineending markers ('\n', '\r', '\r\n', '\x0b', '\x0c'), behavior will be unspecified
  tokens_by_line = make_tokens_by_line(lines)
/app/ipython/fuzz.py:106: UserWarning: `make_tokens_by_line` received a list of lines which do not have lineending markers ('\n', '\r', '\r\n', '\x0b', '\x0c'), behavior will be unspecified
  result = make_tokens_by_line(lines)
#1274	REDUCE cov: 341 ft: 712 corp: 71/170b lim: 4 exec/s: 1274 rss: 84Mb L: 1/4 MS: 2 ShuffleBytes-EraseBytes-
/app/ipython/IPython/core/inputtransformer2.py:608: UserWarning: `make_tokens_by_line` received a list of lines which do not have lineending markers ('\n', '\r', '\r\n', '\x0b', '\x0c'), behavior will be unspecified
  tokens_by_line = make_tokens_by_line(lines)
/app/ipython/fuzz.py:106: UserWarning: `make_tokens_by_line` received a list of lines which do not have lineending markers ('\n', '\r', '\r\n', '\x0b', '\x0c'), behavior will be unspecified
  result = make_tokens_by_line(lines)
#1311	NEW    cov: 341 ft: 713 corp: 72/174b lim: 4 exec/s: 1311 rss: 84Mb L: 4/4 MS: 2 CrossOver-CopyPart-
#1333	NEW    cov: 341 ft: 716 corp: 73/178b lim: 4 exec/s: 1333 rss: 84Mb L: 4/4 MS: 2 CopyPart-CopyPart-
/app/ipython/IPython/core/inputtransformer2.py:608: UserWarning: `make_tokens_by_line` received a list of lines which do not have lineending markers ('\n', '\r', '\r\n', '\x0b', '\x0c'), behavior will be unspecified
  tokens_by_line = make_tokens_by_line(lines)
/app/ipython/IPython/core/inputtransformer2.py:714: UserWarning: `make_tokens_by_line` received a list of lines which do not have lineending markers ('\n', '\r', '\r\n', '\x0b', '\x0c'), behavior will be unspecified
  tokens_by_line = make_tokens_by_line(lines)
/app/ipython/IPython/core/inputtransformer2.py:608: UserWarning: `make_tokens_by_line` received a list of lines which do not have lineending markers ('\n', '\r', '\r\n', '\x0b', '\x0c'), behavior will be unspecified
  tokens_by_line = make_tokens_by_line(lines)
/app/ipython/IPython/core/inputtransformer2.py:714: UserWarning: `make_tokens_by_line` received a list of lines which do not have lineending markers ('\n', '\r', '\r\n', '\x0b', '\x0c'), behavior will be unspecified
  tokens_by_line = make_tokens_by_line(lines)
#1395	NEW    cov: 341 ft: 721 corp: 74/181b lim: 4 exec/s: 1395 rss: 84Mb L: 3/4 MS: 2 EraseBytes-ChangeBit-
#1417	NEW    cov: 341 ft: 722 corp: 75/184b lim: 4 exec/s: 1417 rss: 84Mb L: 3/4 MS: 2 CrossOver-ChangeByte-
#1418	NEW    cov: 341 ft: 733 corp: 76/188b lim: 4 exec/s: 1418 rss: 84Mb L: 4/4 MS: 1 InsertByte-
#1453	NEW    cov: 341 ft: 734 corp: 77/192b lim: 4 exec/s: 1453 rss: 84Mb L: 4/4 MS: 5 ShuffleBytes-InsertByte-ChangeBinInt-ShuffleBytes-ChangeByte-
#1460	NEW    cov: 341 ft: 736 corp: 78/196b lim: 4 exec/s: 1460 rss: 84Mb L: 4/4 MS: 2 CopyPart-CrossOver-
#1461	REDUCE cov: 341 ft: 736 corp: 78/195b lim: 4 exec/s: 1461 rss: 84Mb L: 3/4 MS: 1 EraseBytes-
#1467	REDUCE cov: 341 ft: 736 corp: 78/194b lim: 4 exec/s: 1467 rss: 84Mb L: 1/4 MS: 1 EraseBytes-
#1489	NEW    cov: 341 ft: 739 corp: 79/198b lim: 4 exec/s: 1489 rss: 84Mb L: 4/4 MS: 2 ChangeBit-CopyPart-
#1495	NEW    cov: 341 ft: 761 corp: 80/201b lim: 4 exec/s: 1495 rss: 84Mb L: 3/4 MS: 1 CopyPart-
#1508	NEW    cov: 341 ft: 762 corp: 81/203b lim: 4 exec/s: 1508 rss: 84Mb L: 2/4 MS: 3 ChangeBit-ChangeBit-CopyPart-
/app/ipython/fuzz.py:106: UserWarning: `make_tokens_by_line` received a list of lines which do not have lineending markers ('\n', '\r', '\r\n', '\x0b', '\x0c'), behavior will be unspecified
  result = make_tokens_by_line(lines)
/app/ipython/fuzz.py:106: UserWarning: `make_tokens_by_line` received a list of lines which do not have lineending markers ('\n', '\r', '\r\n', '\x0b', '\x0c'), behavior will be unspecified
  result = make_tokens_by_line(lines)
#1535	NEW    cov: 341 ft: 764 corp: 82/207b lim: 4 exec/s: 1535 rss: 84Mb L: 4/4 MS: 2 CopyPart-ChangeByte-
#1641	REDUCE cov: 341 ft: 764 corp: 82/206b lim: 4 exec/s: 1641 rss: 84Mb L: 1/4 MS: 1 EraseBytes-
#1643	NEW    cov: 341 ft: 766 corp: 83/210b lim: 4 exec/s: 1643 rss: 84Mb L: 4/4 MS: 2 ChangeBinInt-CrossOver-
#1691	NEW    cov: 342 ft: 767 corp: 84/212b lim: 4 exec/s: 1691 rss: 84Mb L: 2/4 MS: 3 CopyPart-CopyPart-ChangeBit-
#1693	REDUCE cov: 342 ft: 767 corp: 84/211b lim: 4 exec/s: 1693 rss: 84Mb L: 3/4 MS: 2 ChangeByte-EraseBytes-
#1700	NEW    cov: 342 ft: 770 corp: 85/213b lim: 4 exec/s: 1700 rss: 84Mb L: 2/4 MS: 2 EraseBytes-CrossOver-
#1801	NEW    cov: 343 ft: 771 corp: 86/216b lim: 4 exec/s: 1801 rss: 84Mb L: 3/4 MS: 1 CrossOver-
#1905	NEW    cov: 343 ft: 798 corp: 87/220b lim: 4 exec/s: 1905 rss: 84Mb L: 4/4 MS: 4 EraseBytes-CrossOver-ChangeByte-CopyPart-
/app/ipython/fuzz.py:106: UserWarning: `make_tokens_by_line` received a list of lines which do not have lineending markers ('\n', '\r', '\r\n', '\x0b', '\x0c'), behavior will be unspecified
  result = make_tokens_by_line(lines)
/app/ipython/fuzz.py:106: UserWarning: `make_tokens_by_line` received a list of lines which do not have lineending markers ('\n', '\r', '\r\n', '\x0b', '\x0c'), behavior will be unspecified
  result = make_tokens_by_line(lines)
/app/ipython/IPython/core/inputtransformer2.py:608: UserWarning: `make_tokens_by_line` received a list of lines which do not have lineending markers ('\n', '\r', '\r\n', '\x0b', '\x0c'), behavior will be unspecified
  tokens_by_line = make_tokens_by_line(lines)
/app/ipython/IPython/core/inputtransformer2.py:714: UserWarning: `make_tokens_by_line` received a list of lines which do not have lineending markers ('\n', '\r', '\r\n', '\x0b', '\x0c'), behavior will be unspecified
  tokens_by_line = make_tokens_by_line(lines)
/app/ipython/fuzz.py:106: UserWarning: `make_tokens_by_line` received a list of lines which do not have lineending markers ('\n', '\r', '\r\n', '\x0b', '\x0c'), behavior will be unspecified
  result = make_tokens_by_line(lines)
/app/ipython/IPython/core/inputtransformer2.py:608: UserWarning: `make_tokens_by_line` received a list of lines which do not have lineending markers ('\n', '\r', '\r\n', '\x0b', '\x0c'), behavior will be unspecified
  tokens_by_line = make_tokens_by_line(lines)
/app/ipython/IPython/core/inputtransformer2.py:714: UserWarning: `make_tokens_by_line` received a list of lines which do not have lineending markers ('\n', '\r', '\r\n', '\x0b', '\x0c'), behavior will be unspecified
  tokens_by_line = make_tokens_by_line(lines)
/app/ipython/IPython/core/inputtransformer2.py:608: UserWarning: `make_tokens_by_line` received a list of lines which do not have lineending markers ('\n', '\r', '\r\n', '\x0b', '\x0c'), behavior will be unspecified
  tokens_by_line = make_tokens_by_line(lines)
/app/ipython/IPython/core/inputtransformer2.py:714: UserWarning: `make_tokens_by_line` received a list of lines which do not have lineending markers ('\n', '\r', '\r\n', '\x0b', '\x0c'), behavior will be unspecified
  tokens_by_line = make_tokens_by_line(lines)
/app/ipython/IPython/core/inputtransformer2.py:608: UserWarning: `make_tokens_by_line` received a list of lines which do not have lineending markers ('\n', '\r', '\r\n', '\x0b', '\x0c'), behavior will be unspecified
  tokens_by_line = make_tokens_by_line(lines)
/app/ipython/IPython/core/inputtransformer2.py:714: UserWarning: `make_tokens_by_line` received a list of lines which do not have lineending markers ('\n', '\r', '\r\n', '\x0b', '\x0c'), behavior will be unspecified
  tokens_by_line = make_tokens_by_line(lines)
/app/ipython/IPython/core/inputtransformer2.py:608: UserWarning: `make_tokens_by_line` received a list of lines which do not have lineending markers ('\n', '\r', '\r\n', '\x0b', '\x0c'), behavior will be unspecified
  tokens_by_line = make_tokens_by_line(lines)
/app/ipython/IPython/core/inputtransformer2.py:714: UserWarning: `make_tokens_by_line` received a list of lines which do not have lineending markers ('\n', '\r', '\r\n', '\x0b', '\x0c'), behavior will be unspecified
  tokens_by_line = make_tokens_by_line(lines)
/app/ipython/IPython/core/inputtransformer2.py:608: UserWarning: `make_tokens_by_line` received a list of lines which do not have lineending markers ('\n', '\r', '\r\n', '\x0b', '\x0c'), behavior will be unspecified
  tokens_by_line = make_tokens_by_line(lines)
/app/ipython/IPython/core/inputtransformer2.py:714: UserWarning: `make_tokens_by_line` received a list of lines which do not have lineending markers ('\n', '\r', '\r\n', '\x0b', '\x0c'), behavior will be unspecified
  tokens_by_line = make_tokens_by_line(lines)
#2112	REDUCE cov: 343 ft: 798 corp: 87/219b lim: 6 exec/s: 2112 rss: 84Mb L: 2/4 MS: 2 InsertByte-EraseBytes-
/app/ipython/IPython/core/inputtransformer2.py:608: UserWarning: `make_tokens_by_line` received a list of lines which do not have lineending markers ('\n', '\r', '\r\n', '\x0b', '\x0c'), behavior will be unspecified
  tokens_by_line = make_tokens_by_line(lines)
/app/ipython/IPython/core/inputtransformer2.py:714: UserWarning: `make_tokens_by_line` received a list of lines which do not have lineending markers ('\n', '\r', '\r\n', '\x0b', '\x0c'), behavior will be unspecified
  tokens_by_line = make_tokens_by_line(lines)
/app/ipython/IPython/core/inputtransformer2.py:608: UserWarning: `make_tokens_by_line` received a list of lines which do not have lineending markers ('\n', '\r', '\r\n', '\x0b', '\x0c'), behavior will be unspecified
  tokens_by_line = make_tokens_by_line(lines)
/app/ipython/IPython/core/inputtransformer2.py:714: UserWarning: `make_tokens_by_line` received a list of lines which do not have lineending markers ('\n', '\r', '\r\n', '\x0b', '\x0c'), behavior will be unspecified
  tokens_by_line = make_tokens_by_line(lines)
#2143	REDUCE cov: 343 ft: 798 corp: 87/218b lim: 6 exec/s: 2143 rss: 84Mb L: 3/4 MS: 1 EraseBytes-
#2152	NEW    cov: 343 ft: 799 corp: 88/224b lim: 6 exec/s: 2152 rss: 84Mb L: 6/6 MS: 4 InsertByte-InsertRepeatedBytes-ChangeBinInt-CrossOver-
#2154	NEW    cov: 343 ft: 810 corp: 89/230b lim: 6 exec/s: 2154 rss: 84Mb L: 6/6 MS: 2 CopyPart-CopyPart-
#2157	NEW    cov: 343 ft: 813 corp: 90/234b lim: 6 exec/s: 2157 rss: 84Mb L: 4/6 MS: 3 CrossOver-CopyPart-InsertByte-
#2183	NEW    cov: 343 ft: 829 corp: 91/239b lim: 6 exec/s: 2183 rss: 84Mb L: 5/6 MS: 1 CopyPart-
#2243	NEW    cov: 346 ft: 832 corp: 92/244b lim: 6 exec/s: 2243 rss: 84Mb L: 5/6 MS: 5 InsertByte-EraseBytes-CrossOver-ChangeByte-CopyPart-
#2329	NEW    cov: 346 ft: 834 corp: 93/248b lim: 6 exec/s: 2329 rss: 84Mb L: 4/6 MS: 1 CrossOver-
#2344	NEW    cov: 346 ft: 837 corp: 94/254b lim: 6 exec/s: 2344 rss: 84Mb L: 6/6 MS: 5 CMP-InsertByte-ShuffleBytes-CrossOver-CopyPart- DE: "exec"-
/app/ipython/fuzz.py:106: UserWarning: `make_tokens_by_line` received a list of lines which do not have lineending markers ('\n', '\r', '\r\n', '\x0b', '\x0c'), behavior will be unspecified
  result = make_tokens_by_line(lines)
/app/ipython/fuzz.py:106: UserWarning: `make_tokens_by_line` received a list of lines which do not have lineending markers ('\n', '\r', '\r\n', '\x0b', '\x0c'), behavior will be unspecified
  result = make_tokens_by_line(lines)
/app/ipython/fuzz.py:106: UserWarning: `make_tokens_by_line` received a list of lines which do not have lineending markers ('\n', '\r', '\r\n', '\x0b', '\x0c'), behavior will be unspecified
  result = make_tokens_by_line(lines)
/app/ipython/fuzz.py:106: UserWarning: `make_tokens_by_line` received a list of lines which do not have lineending markers ('\n', '\r', '\r\n', '\x0b', '\x0c'), behavior will be unspecified
  result = make_tokens_by_line(lines)
#2380	NEW    cov: 346 ft: 840 corp: 95/259b lim: 6 exec/s: 2380 rss: 84Mb L: 5/6 MS: 1 InsertByte-
/app/ipython/IPython/core/inputtransformer2.py:608: UserWarning: `make_tokens_by_line` received a list of lines which do not have lineending markers ('\n', '\r', '\r\n', '\x0b', '\x0c'), behavior will be unspecified
  tokens_by_line = make_tokens_by_line(lines)
/app/ipython/IPython/core/inputtransformer2.py:714: UserWarning: `make_tokens_by_line` received a list of lines which do not have lineending markers ('\n', '\r', '\r\n', '\x0b', '\x0c'), behavior will be unspecified
  tokens_by_line = make_tokens_by_line(lines)
/app/ipython/fuzz.py:106: UserWarning: `make_tokens_by_line` received a list of lines which do not have lineending markers ('\n', '\r', '\r\n', '\x0b', '\x0c'), behavior will be unspecified
  result = make_tokens_by_line(lines)
/app/ipython/IPython/core/inputtransformer2.py:608: UserWarning: `make_tokens_by_line` received a list of lines which do not have lineending markers ('\n', '\r', '\r\n', '\x0b', '\x0c'), behavior will be unspecified
  tokens_by_line = make_tokens_by_line(lines)
/app/ipython/IPython/core/inputtransformer2.py:714: UserWarning: `make_tokens_by_line` received a list of lines which do not have lineending markers ('\n', '\r', '\r\n', '\x0b', '\x0c'), behavior will be unspecified
  tokens_by_line = make_tokens_by_line(lines)
/app/ipython/fuzz.py:106: UserWarning: `make_tokens_by_line` received a list of lines which do not have lineending markers ('\n', '\r', '\r\n', '\x0b', '\x0c'), behavior will be unspecified
  result = make_tokens_by_line(lines)
/app/ipython/IPython/core/inputtransformer2.py:608: UserWarning: `make_tokens_by_line` received a list of lines which do not have lineending markers ('\n', '\r', '\r\n', '\x0b', '\x0c'), behavior will be unspecified
  tokens_by_line = make_tokens_by_line(lines)
/app/ipython/IPython/core/inputtransformer2.py:714: UserWarning: `make_tokens_by_line` received a list of lines which do not have lineending markers ('\n', '\r', '\r\n', '\x0b', '\x0c'), behavior will be unspecified
  tokens_by_line = make_tokens_by_line(lines)
/app/ipython/fuzz.py:106: UserWarning: `make_tokens_by_line` received a list of lines which do not have lineending markers ('\n', '\r', '\r\n', '\x0b', '\x0c'), behavior will be unspecified
  result = make_tokens_by_line(lines)
/app/ipython/IPython/core/inputtransformer2.py:608: UserWarning: `make_tokens_by_line` received a list of lines which do not have lineending markers ('\n', '\r', '\r\n', '\x0b', '\x0c'), behavior will be unspecified
  tokens_by_line = make_tokens_by_line(lines)
/app/ipython/IPython/core/inputtransformer2.py:714: UserWarning: `make_tokens_by_line` received a list of lines which do not have lineending markers ('\n', '\r', '\r\n', '\x0b', '\x0c'), behavior will be unspecified
  tokens_by_line = make_tokens_by_line(lines)
#2391	NEW    cov: 348 ft: 842 corp: 96/263b lim: 6 exec/s: 2391 rss: 84Mb L: 4/6 MS: 1 ChangeByte-
/app/ipython/IPython/core/inputtransformer2.py:608: UserWarning: `make_tokens_by_line` received a list of lines which do not have lineending markers ('\n', '\r', '\r\n', '\x0b', '\x0c'), behavior will be unspecified
  tokens_by_line = make_tokens_by_line(lines)
/app/ipython/IPython/core/inputtransformer2.py:714: UserWarning: `make_tokens_by_line` received a list of lines which do not have lineending markers ('\n', '\r', '\r\n', '\x0b', '\x0c'), behavior will be unspecified
  tokens_by_line = make_tokens_by_line(lines)
/app/ipython/fuzz.py:106: UserWarning: `make_tokens_by_line` received a list of lines which do not have lineending markers ('\n', '\r', '\r\n', '\x0b', '\x0c'), behavior will be unspecified
  result = make_tokens_by_line(lines)
/app/ipython/IPython/core/inputtransformer2.py:608: UserWarning: `make_tokens_by_line` received a list of lines which do not have lineending markers ('\n', '\r', '\r\n', '\x0b', '\x0c'), behavior will be unspecified
  tokens_by_line = make_tokens_by_line(lines)
/app/ipython/IPython/core/inputtransformer2.py:714: UserWarning: `make_tokens_by_line` received a list of lines which do not have lineending markers ('\n', '\r', '\r\n', '\x0b', '\x0c'), behavior will be unspecified
  tokens_by_line = make_tokens_by_line(lines)
/app/ipython/IPython/core/inputtransformer2.py:608: UserWarning: `make_tokens_by_line` received a list of lines which do not have lineending markers ('\n', '\r', '\r\n', '\x0b', '\x0c'), behavior will be unspecified
  tokens_by_line = make_tokens_by_line(lines)
/app/ipython/IPython/core/inputtransformer2.py:714: UserWarning: `make_tokens_by_line` received a list of lines which do not have lineending markers ('\n', '\r', '\r\n', '\x0b', '\x0c'), behavior will be unspecified
  tokens_by_line = make_tokens_by_line(lines)
/app/ipython/fuzz.py:106: UserWarning: `make_tokens_by_line` received a list of lines which do not have lineending markers ('\n', '\r', '\r\n', '\x0b', '\x0c'), behavior will be unspecified
  result = make_tokens_by_line(lines)
/app/ipython/fuzz.py:106: UserWarning: `make_tokens_by_line` received a list of lines which do not have lineending markers ('\n', '\r', '\r\n', '\x0b', '\x0c'), behavior will be unspecified
  result = make_tokens_by_line(lines)
/app/ipython/IPython/core/inputtransformer2.py:608: UserWarning: `make_tokens_by_line` received a list of lines which do not have lineending markers ('\n', '\r', '\r\n', '\x0b', '\x0c'), behavior will be unspecified
  tokens_by_line = make_tokens_by_line(lines)
/app/ipython/IPython/core/inputtransformer2.py:714: UserWarning: `make_tokens_by_line` received a list of lines which do not have lineending markers ('\n', '\r', '\r\n', '\x0b', '\x0c'), behavior will be unspecified
  tokens_by_line = make_tokens_by_line(lines)
/app/ipython/fuzz.py:106: UserWarning: `make_tokens_by_line` received a list of lines which do not have lineending markers ('\n', '\r', '\r\n', '\x0b', '\x0c'), behavior will be unspecified
  result = make_tokens_by_line(lines)
/app/ipython/IPython/core/inputtransformer2.py:608: UserWarning: `make_tokens_by_line` received a list of lines which do not have lineending markers ('\n', '\r', '\r\n', '\x0b', '\x0c'), behavior will be unspecified
  tokens_by_line = make_tokens_by_line(lines)
/app/ipython/IPython/core/inputtransformer2.py:714: UserWarning: `make_tokens_by_line` received a list of lines which do not have lineending markers ('\n', '\r', '\r\n', '\x0b', '\x0c'), behavior will be unspecified
  tokens_by_line = make_tokens_by_line(lines)
/app/ipython/fuzz.py:106: UserWarning: `make_tokens_by_line` received a list of lines which do not have lineending markers ('\n', '\r', '\r\n', '\x0b', '\x0c'), behavior will be unspecified
  result = make_tokens_by_line(lines)
/app/ipython/IPython/core/inputtransformer2.py:608: UserWarning: `make_tokens_by_line` received a list of lines which do not have lineending markers ('\n', '\r', '\r\n', '\x0b', '\x0c'), behavior will be unspecified
  tokens_by_line = make_tokens_by_line(lines)
/app/ipython/IPython/core/inputtransformer2.py:714: UserWarning: `make_tokens_by_line` received a list of lines which do not have lineending markers ('\n', '\r', '\r\n', '\x0b', '\x0c'), behavior will be unspecified
  tokens_by_line = make_tokens_by_line(lines)
#2522	NEW    cov: 348 ft: 844 corp: 97/268b lim: 6 exec/s: 1261 rss: 84Mb L: 5/6 MS: 1 ShuffleBytes-
/app/ipython/IPython/core/inputtransformer2.py:608: UserWarning: `make_tokens_by_line` received a list of lines which do not have lineending markers ('\n', '\r', '\r\n', '\x0b', '\x0c'), behavior will be unspecified
  tokens_by_line = make_tokens_by_line(lines)
/app/ipython/IPython/core/inputtransformer2.py:714: UserWarning: `make_tokens_by_line` received a list of lines which do not have lineending markers ('\n', '\r', '\r\n', '\x0b', '\x0c'), behavior will be unspecified
  tokens_by_line = make_tokens_by_line(lines)
/app/ipython/fuzz.py:106: UserWarning: `make_tokens_by_line` received a list of lines which do not have lineending markers ('\n', '\r', '\r\n', '\x0b', '\x0c'), behavior will be unspecified
  result = make_tokens_by_line(lines)
/app/ipython/IPython/core/inputtransformer2.py:608: UserWarning: `make_tokens_by_line` received a list of lines which do not have lineending markers ('\n', '\r', '\r\n', '\x0b', '\x0c'), behavior will be unspecified
  tokens_by_line = make_tokens_by_line(lines)
/app/ipython/IPython/core/inputtransformer2.py:714: UserWarning: `make_tokens_by_line` received a list of lines which do not have lineending markers ('\n', '\r', '\r\n', '\x0b', '\x0c'), behavior will be unspecified
  tokens_by_line = make_tokens_by_line(lines)
/app/ipython/fuzz.py:106: UserWarning: `make_tokens_by_line` received a list of lines which do not have lineending markers ('\n', '\r', '\r\n', '\x0b', '\x0c'), behavior will be unspecified
  result = make_tokens_by_line(lines)
/app/ipython/IPython/core/inputtransformer2.py:608: UserWarning: `make_tokens_by_line` received a list of lines which do not have lineending markers ('\n', '\r', '\r\n', '\x0b', '\x0c'), behavior will be unspecified
  tokens_by_line = make_tokens_by_line(lines)
/app/ipython/IPython/core/inputtransformer2.py:714: UserWarning: `make_tokens_by_line` received a list of lines which do not have lineending markers ('\n', '\r', '\r\n', '\x0b', '\x0c'), behavior will be unspecified
  tokens_by_line = make_tokens_by_line(lines)
/app/ipython/fuzz.py:106: UserWarning: `make_tokens_by_line` received a list of lines which do not have lineending markers ('\n', '\r', '\r\n', '\x0b', '\x0c'), behavior will be unspecified
  result = make_tokens_by_line(lines)
/app/ipython/IPython/core/inputtransformer2.py:608: UserWarning: `make_tokens_by_line` received a list of lines which do not have lineending markers ('\n', '\r', '\r\n', '\x0b', '\x0c'), behavior will be unspecified
  tokens_by_line = make_tokens_by_line(lines)
/app/ipython/IPython/core/inputtransformer2.py:714: UserWarning: `make_tokens_by_line` received a list of lines which do not have lineending markers ('\n', '\r', '\r\n', '\x0b', '\x0c'), behavior will be unspecified
  tokens_by_line = make_tokens_by_line(lines)
/app/ipython/fuzz.py:106: UserWarning: `make_tokens_by_line` received a list of lines which do not have lineending markers ('\n', '\r', '\r\n', '\x0b', '\x0c'), behavior will be unspecified
  result = make_tokens_by_line(lines)
/app/ipython/IPython/core/inputtransformer2.py:608: UserWarning: `make_tokens_by_line` received a list of lines which do not have lineending markers ('\n', '\r', '\r\n', '\x0b', '\x0c'), behavior will be unspecified
  tokens_by_line = make_tokens_by_line(lines)
/app/ipython/IPython/core/inputtransformer2.py:714: UserWarning: `make_tokens_by_line` received a list of lines which do not have lineending markers ('\n', '\r', '\r\n', '\x0b', '\x0c'), behavior will be unspecified
  tokens_by_line = make_tokens_by_line(lines)
/app/ipython/IPython/core/inputtransformer2.py:608: UserWarning: `make_tokens_by_line` received a list of lines which do not have lineending markers ('\n', '\r', '\r\n', '\x0b', '\x0c'), behavior will be unspecified
  tokens_by_line = make_tokens_by_line(lines)
/app/ipython/IPython/core/inputtransformer2.py:608: UserWarning: `make_tokens_by_line` received a list of lines which do not have lineending markers ('\n', '\r', '\r\n', '\x0b', '\x0c'), behavior will be unspecified
  tokens_by_line = make_tokens_by_line(lines)
/app/ipython/IPython/core/inputtransformer2.py:608: UserWarning: `make_tokens_by_line` received a list of lines which do not have lineending markers ('\n', '\r', '\r\n', '\x0b', '\x0c'), behavior will be unspecified
  tokens_by_line = make_tokens_by_line(lines)
/app/ipython/IPython/core/inputtransformer2.py:714: UserWarning: `make_tokens_by_line` received a list of lines which do not have lineending markers ('\n', '\r', '\r\n', '\x0b', '\x0c'), behavior will be unspecified
  tokens_by_line = make_tokens_by_line(lines)
/app/ipython/fuzz.py:106: UserWarning: `make_tokens_by_line` received a list of lines which do not have lineending markers ('\n', '\r', '\r\n', '\x0b', '\x0c'), behavior will be unspecified
  result = make_tokens_by_line(lines)
/app/ipython/fuzz.py:106: UserWarning: `make_tokens_by_line` received a list of lines which do not have lineending markers ('\n', '\r', '\r\n', '\x0b', '\x0c'), behavior will be unspecified
  result = make_tokens_by_line(lines)
/app/ipython/fuzz.py:106: UserWarning: `make_tokens_by_line` received a list of lines which do not have lineending markers ('\n', '\r', '\r\n', '\x0b', '\x0c'), behavior will be unspecified
  result = make_tokens_by_line(lines)
/app/ipython/fuzz.py:106: UserWarning: `make_tokens_by_line` received a list of lines which do not have lineending markers ('\n', '\r', '\r\n', '\x0b', '\x0c'), behavior will be unspecified
  result = make_tokens_by_line(lines)
/app/ipython/IPython/core/inputtransformer2.py:608: UserWarning: `make_tokens_by_line` received a list of lines which do not have lineending markers ('\n', '\r', '\r\n', '\x0b', '\x0c'), behavior will be unspecified
  tokens_by_line = make_tokens_by_line(lines)
/app/ipython/IPython/core/inputtransformer2.py:714: UserWarning: `make_tokens_by_line` received a list of lines which do not have lineending markers ('\n', '\r', '\r\n', '\x0b', '\x0c'), behavior will be unspecified
  tokens_by_line = make_tokens_by_line(lines)
#2748	NEW    cov: 348 ft: 848 corp: 98/276b lim: 8 exec/s: 1374 rss: 84Mb L: 8/8 MS: 1 CopyPart-
#2822	NEW    cov: 348 ft: 849 corp: 99/283b lim: 8 exec/s: 1411 rss: 84Mb L: 7/8 MS: 4 ChangeByte-InsertByte-EraseBytes-InsertRepeatedBytes-
/app/ipython/IPython/core/inputtransformer2.py:608: UserWarning: `make_tokens_by_line` received a list of lines which do not have lineending markers ('\n', '\r', '\r\n', '\x0b', '\x0c'), behavior will be unspecified
  tokens_by_line = make_tokens_by_line(lines)
/app/ipython/IPython/core/inputtransformer2.py:714: UserWarning: `make_tokens_by_line` received a list of lines which do not have lineending markers ('\n', '\r', '\r\n', '\x0b', '\x0c'), behavior will be unspecified
  tokens_by_line = make_tokens_by_line(lines)
#2913	NEW    cov: 349 ft: 851 corp: 100/291b lim: 8 exec/s: 1456 rss: 84Mb L: 8/8 MS: 1 CrossOver-
/app/ipython/IPython/core/inputtransformer2.py:608: UserWarning: `make_tokens_by_line` received a list of lines which do not have lineending markers ('\n', '\r', '\r\n', '\x0b', '\x0c'), behavior will be unspecified
  tokens_by_line = make_tokens_by_line(lines)
/app/ipython/IPython/core/inputtransformer2.py:714: UserWarning: `make_tokens_by_line` received a list of lines which do not have lineending markers ('\n', '\r', '\r\n', '\x0b', '\x0c'), behavior will be unspecified
  tokens_by_line = make_tokens_by_line(lines)
/app/ipython/IPython/core/inputtransformer2.py:608: UserWarning: `make_tokens_by_line` received a list of lines which do not have lineending markers ('\n', '\r', '\r\n', '\x0b', '\x0c'), behavior will be unspecified
  tokens_by_line = make_tokens_by_line(lines)
/app/ipython/IPython/core/inputtransformer2.py:714: UserWarning: `make_tokens_by_line` received a list of lines which do not have lineending markers ('\n', '\r', '\r\n', '\x0b', '\x0c'), behavior will be unspecified
  tokens_by_line = make_tokens_by_line(lines)
/app/ipython/IPython/core/inputtransformer2.py:608: UserWarning: `make_tokens_by_line` received a list of lines which do not have lineending markers ('\n', '\r', '\r\n', '\x0b', '\x0c'), behavior will be unspecified
  tokens_by_line = make_tokens_by_line(lines)
#3051	NEW    cov: 353 ft: 895 corp: 101/298b lim: 8 exec/s: 1525 rss: 84Mb L: 7/8 MS: 3 EraseBytes-CMP-CopyPart- DE: "\000\000"-
/app/ipython/IPython/core/inputtransformer2.py:608: UserWarning: `make_tokens_by_line` received a list of lines which do not have lineending markers ('\n', '\r', '\r\n', '\x0b', '\x0c'), behavior will be unspecified
  tokens_by_line = make_tokens_by_line(lines)
/app/ipython/IPython/core/inputtransformer2.py:714: UserWarning: `make_tokens_by_line` received a list of lines which do not have lineending markers ('\n', '\r', '\r\n', '\x0b', '\x0c'), behavior will be unspecified
  tokens_by_line = make_tokens_by_line(lines)
/app/ipython/fuzz.py:106: UserWarning: `make_tokens_by_line` received a list of lines which do not have lineending markers ('\n', '\r', '\r\n', '\x0b', '\x0c'), behavior will be unspecified
  result = make_tokens_by_line(lines)
/app/ipython/IPython/core/inputtransformer2.py:608: UserWarning: `make_tokens_by_line` received a list of lines which do not have lineending markers ('\n', '\r', '\r\n', '\x0b', '\x0c'), behavior will be unspecified
  tokens_by_line = make_tokens_by_line(lines)
/app/ipython/IPython/core/inputtransformer2.py:714: UserWarning: `make_tokens_by_line` received a list of lines which do not have lineending markers ('\n', '\r', '\r\n', '\x0b', '\x0c'), behavior will be unspecified
  tokens_by_line = make_tokens_by_line(lines)
/app/ipython/IPython/core/inputtransformer2.py:608: UserWarning: `make_tokens_by_line` received a list of lines which do not have lineending markers ('\n', '\r', '\r\n', '\x0b', '\x0c'), behavior will be unspecified
  tokens_by_line = make_tokens_by_line(lines)
/app/ipython/IPython/core/inputtransformer2.py:714: UserWarning: `make_tokens_by_line` received a list of lines which do not have lineending markers ('\n', '\r', '\r\n', '\x0b', '\x0c'), behavior will be unspecified
  tokens_by_line = make_tokens_by_line(lines)
/app/ipython/IPython/core/inputtransformer2.py:608: UserWarning: `make_tokens_by_line` received a list of lines which do not have lineending markers ('\n', '\r', '\r\n', '\x0b', '\x0c'), behavior will be unspecified
  tokens_by_line = make_tokens_by_line(lines)
/app/ipython/IPython/core/inputtransformer2.py:714: UserWarning: `make_tokens_by_line` received a list of lines which do not have lineending markers ('\n', '\r', '\r\n', '\x0b', '\x0c'), behavior will be unspecified
  tokens_by_line = make_tokens_by_line(lines)
/app/ipython/IPython/core/inputtransformer2.py:608: UserWarning: `make_tokens_by_line` received a list of lines which do not have lineending markers ('\n', '\r', '\r\n', '\x0b', '\x0c'), behavior will be unspecified
  tokens_by_line = make_tokens_by_line(lines)
/app/ipython/IPython/core/inputtransformer2.py:714: UserWarning: `make_tokens_by_line` received a list of lines which do not have lineending markers ('\n', '\r', '\r\n', '\x0b', '\x0c'), behavior will be unspecified
  tokens_by_line = make_tokens_by_line(lines)
#3100	NEW    cov: 353 ft: 896 corp: 102/305b lim: 8 exec/s: 1550 rss: 84Mb L: 7/8 MS: 4 ChangeByte-CrossOver-InsertByte-InsertRepeatedBytes-
/app/ipython/fuzz.py:106: UserWarning: `make_tokens_by_line` received a list of lines which do not have lineending markers ('\n', '\r', '\r\n', '\x0b', '\x0c'), behavior will be unspecified
  result = make_tokens_by_line(lines)
/app/ipython/fuzz.py:106: UserWarning: `make_tokens_by_line` received a list of lines which do not have lineending markers ('\n', '\r', '\r\n', '\x0b', '\x0c'), behavior will be unspecified
  result = make_tokens_by_line(lines)
/app/ipython/fuzz.py:106: UserWarning: `make_tokens_by_line` received a list of lines which do not have lineending markers ('\n', '\r', '\r\n', '\x0b', '\x0c'), behavior will be unspecified
  result = make_tokens_by_line(lines)
/app/ipython/fuzz.py:106: UserWarning: `make_tokens_by_line` received a list of lines which do not have lineending markers ('\n', '\r', '\r\n', '\x0b', '\x0c'), behavior will be unspecified
  result = make_tokens_by_line(lines)
/app/ipython/fuzz.py:106: UserWarning: `make_tokens_by_line` received a list of lines which do not have lineending markers ('\n', '\r', '\r\n', '\x0b', '\x0c'), behavior will be unspecified
  result = make_tokens_by_line(lines)
#3124	NEW    cov: 353 ft: 899 corp: 103/313b lim: 8 exec/s: 1562 rss: 84Mb L: 8/8 MS: 4 ChangeBit-PersAutoDict-ChangeByte-CrossOver- DE: "\000\000"-
#3178	NEW    cov: 354 ft: 900 corp: 104/321b lim: 8 exec/s: 1589 rss: 84Mb L: 8/8 MS: 4 CrossOver-ChangeByte-CopyPart-ChangeBinInt-
#3211	NEW    cov: 354 ft: 901 corp: 105/324b lim: 8 exec/s: 1605 rss: 84Mb L: 3/8 MS: 3 CrossOver-EraseBytes-CrossOver-
#3217	NEW    cov: 354 ft: 902 corp: 106/332b lim: 8 exec/s: 1608 rss: 84Mb L: 8/8 MS: 1 PersAutoDict- DE: "exec"-
/app/ipython/IPython/core/inputtransformer2.py:608: UserWarning: `make_tokens_by_line` received a list of lines which do not have lineending markers ('\n', '\r', '\r\n', '\x0b', '\x0c'), behavior will be unspecified
  tokens_by_line = make_tokens_by_line(lines)
/app/ipython/IPython/core/inputtransformer2.py:714: UserWarning: `make_tokens_by_line` received a list of lines which do not have lineending markers ('\n', '\r', '\r\n', '\x0b', '\x0c'), behavior will be unspecified
  tokens_by_line = make_tokens_by_line(lines)
#3282	REDUCE cov: 355 ft: 903 corp: 107/340b lim: 8 exec/s: 1641 rss: 84Mb L: 8/8 MS: 5 PersAutoDict-CrossOver-CopyPart-EraseBytes-CrossOver- DE: "exec"-
/app/ipython/IPython/core/inputtransformer2.py:608: UserWarning: `make_tokens_by_line` received a list of lines which do not have lineending markers ('\n', '\r', '\r\n', '\x0b', '\x0c'), behavior will be unspecified
  tokens_by_line = make_tokens_by_line(lines)
/app/ipython/IPython/core/inputtransformer2.py:608: UserWarning: `make_tokens_by_line` received a list of lines which do not have lineending markers ('\n', '\r', '\r\n', '\x0b', '\x0c'), behavior will be unspecified
  tokens_by_line = make_tokens_by_line(lines)
/app/ipython/IPython/core/inputtransformer2.py:714: UserWarning: `make_tokens_by_line` received a list of lines which do not have lineending markers ('\n', '\r', '\r\n', '\x0b', '\x0c'), behavior will be unspecified
  tokens_by_line = make_tokens_by_line(lines)
/app/ipython/IPython/core/inputtransformer2.py:608: UserWarning: `make_tokens_by_line` received a list of lines which do not have lineending markers ('\n', '\r', '\r\n', '\x0b', '\x0c'), behavior will be unspecified
  tokens_by_line = make_tokens_by_line(lines)
/app/ipython/IPython/core/inputtransformer2.py:714: UserWarning: `make_tokens_by_line` received a list of lines which do not have lineending markers ('\n', '\r', '\r\n', '\x0b', '\x0c'), behavior will be unspecified
  tokens_by_line = make_tokens_by_line(lines)
/app/ipython/IPython/core/inputtransformer2.py:608: UserWarning: `make_tokens_by_line` received a list of lines which do not have lineending markers ('\n', '\r', '\r\n', '\x0b', '\x0c'), behavior will be unspecified
  tokens_by_line = make_tokens_by_line(lines)
/app/ipython/IPython/core/inputtransformer2.py:714: UserWarning: `make_tokens_by_line` received a list of lines which do not have lineending markers ('\n', '\r', '\r\n', '\x0b', '\x0c'), behavior will be unspecified
  tokens_by_line = make_tokens_by_line(lines)
/app/ipython/IPython/core/inputtransformer2.py:608: UserWarning: `make_tokens_by_line` received a list of lines which do not have lineending markers ('\n', '\r', '\r\n', '\x0b', '\x0c'), behavior will be unspecified
  tokens_by_line = make_tokens_by_line(lines)
/app/ipython/IPython/core/inputtransformer2.py:714: UserWarning: `make_tokens_by_line` received a list of lines which do not have lineending markers ('\n', '\r', '\r\n', '\x0b', '\x0c'), behavior will be unspecified
  tokens_by_line = make_tokens_by_line(lines)
/app/ipython/IPython/core/inputtransformer2.py:608: UserWarning: `make_tokens_by_line` received a list of lines which do not have lineending markers ('\n', '\r', '\r\n', '\x0b', '\x0c'), behavior will be unspecified
  tokens_by_line = make_tokens_by_line(lines)
/app/ipython/IPython/core/inputtransformer2.py:714: UserWarning: `make_tokens_by_line` received a list of lines which do not have lineending markers ('\n', '\r', '\r\n', '\x0b', '\x0c'), behavior will be unspecified
  tokens_by_line = make_tokens_by_line(lines)
/app/ipython/fuzz.py:106: UserWarning: `make_tokens_by_line` received a list of lines which do not have lineending markers ('\n', '\r', '\r\n', '\x0b', '\x0c'), behavior will be unspecified
  result = make_tokens_by_line(lines)
/app/ipython/fuzz.py:106: UserWarning: `make_tokens_by_line` received a list of lines which do not have lineending markers ('\n', '\r', '\r\n', '\x0b', '\x0c'), behavior will be unspecified
  result = make_tokens_by_line(lines)
/app/ipython/fuzz.py:106: UserWarning: `make_tokens_by_line` received a list of lines which do not have lineending markers ('\n', '\r', '\r\n', '\x0b', '\x0c'), behavior will be unspecified
  result = make_tokens_by_line(lines)
/app/ipython/IPython/core/inputtransformer2.py:608: UserWarning: `make_tokens_by_line` received a list of lines which do not have lineending markers ('\n', '\r', '\r\n', '\x0b', '\x0c'), behavior will be unspecified
  tokens_by_line = make_tokens_by_line(lines)
/app/ipython/IPython/core/inputtransformer2.py:714: UserWarning: `make_tokens_by_line` received a list of lines which do not have lineending markers ('\n', '\r', '\r\n', '\x0b', '\x0c'), behavior will be unspecified
  tokens_by_line = make_tokens_by_line(lines)
#3538	NEW    cov: 355 ft: 913 corp: 108/348b lim: 8 exec/s: 1769 rss: 84Mb L: 8/8 MS: 1 CopyPart-
/app/ipython/IPython/core/inputtransformer2.py:608: UserWarning: `make_tokens_by_line` received a list of lines which do not have lineending markers ('\n', '\r', '\r\n', '\x0b', '\x0c'), behavior will be unspecified
  tokens_by_line = make_tokens_by_line(lines)
#3595	NEW    cov: 355 ft: 915 corp: 109/356b lim: 8 exec/s: 1198 rss: 84Mb L: 8/8 MS: 2 CopyPart-CMP- DE: "\000\000\000\000"-
/app/ipython/IPython/core/inputtransformer2.py:608: UserWarning: `make_tokens_by_line` received a list of lines which do not have lineending markers ('\n', '\r', '\r\n', '\x0b', '\x0c'), behavior will be unspecified
  tokens_by_line = make_tokens_by_line(lines)
/app/ipython/IPython/core/inputtransformer2.py:714: UserWarning: `make_tokens_by_line` received a list of lines which do not have lineending markers ('\n', '\r', '\r\n', '\x0b', '\x0c'), behavior will be unspecified
  tokens_by_line = make_tokens_by_line(lines)
/app/ipython/IPython/core/inputtransformer2.py:608: UserWarning: `make_tokens_by_line` received a list of lines which do not have lineending markers ('\n', '\r', '\r\n', '\x0b', '\x0c'), behavior will be unspecified
  tokens_by_line = make_tokens_by_line(lines)
/app/ipython/IPython/core/inputtransformer2.py:714: UserWarning: `make_tokens_by_line` received a list of lines which do not have lineending markers ('\n', '\r', '\r\n', '\x0b', '\x0c'), behavior will be unspecified
  tokens_by_line = make_tokens_by_line(lines)
/app/ipython/fuzz.py:106: UserWarning: `make_tokens_by_line` received a list of lines which do not have lineending markers ('\n', '\r', '\r\n', '\x0b', '\x0c'), behavior will be unspecified
  result = make_tokens_by_line(lines)
/app/ipython/IPython/core/inputtransformer2.py:608: UserWarning: `make_tokens_by_line` received a list of lines which do not have lineending markers ('\n', '\r', '\r\n', '\x0b', '\x0c'), behavior will be unspecified
  tokens_by_line = make_tokens_by_line(lines)
/app/ipython/IPython/core/inputtransformer2.py:714: UserWarning: `make_tokens_by_line` received a list of lines which do not have lineending markers ('\n', '\r', '\r\n', '\x0b', '\x0c'), behavior will be unspecified
  tokens_by_line = make_tokens_by_line(lines)
/app/ipython/IPython/core/inputtransformer2.py:608: UserWarning: `make_tokens_by_line` received a list of lines which do not have lineending markers ('\n', '\r', '\r\n', '\x0b', '\x0c'), behavior will be unspecified
  tokens_by_line = make_tokens_by_line(lines)
/app/ipython/IPython/core/inputtransformer2.py:714: UserWarning: `make_tokens_by_line` received a list of lines which do not have lineending markers ('\n', '\r', '\r\n', '\x0b', '\x0c'), behavior will be unspecified
  tokens_by_line = make_tokens_by_line(lines)
/app/ipython/IPython/core/inputtransformer2.py:608: UserWarning: `make_tokens_by_line` received a list of lines which do not have lineending markers ('\n', '\r', '\r\n', '\x0b', '\x0c'), behavior will be unspecified
  tokens_by_line = make_tokens_by_line(lines)
/app/ipython/IPython/core/inputtransformer2.py:714: UserWarning: `make_tokens_by_line` received a list of lines which do not have lineending markers ('\n', '\r', '\r\n', '\x0b', '\x0c'), behavior will be unspecified
  tokens_by_line = make_tokens_by_line(lines)
/app/ipython/IPython/core/inputtransformer2.py:608: UserWarning: `make_tokens_by_line` received a list of lines which do not have lineending markers ('\n', '\r', '\r\n', '\x0b', '\x0c'), behavior will be unspecified
  tokens_by_line = make_tokens_by_line(lines)
/app/ipython/IPython/core/inputtransformer2.py:714: UserWarning: `make_tokens_by_line` received a list of lines which do not have lineending markers ('\n', '\r', '\r\n', '\x0b', '\x0c'), behavior will be unspecified
  tokens_by_line = make_tokens_by_line(lines)
/app/ipython/fuzz.py:106: UserWarning: `make_tokens_by_line` received a list of lines which do not have lineending markers ('\n', '\r', '\r\n', '\x0b', '\x0c'), behavior will be unspecified
  result = make_tokens_by_line(lines)
#3752	NEW    cov: 355 ft: 916 corp: 110/360b lim: 8 exec/s: 1250 rss: 84Mb L: 4/8 MS: 2 ShuffleBytes-CopyPart-
#3860	NEW    cov: 355 ft: 920 corp: 111/365b lim: 8 exec/s: 1286 rss: 84Mb L: 5/8 MS: 3 CrossOver-CrossOver-CopyPart-
#3964	NEW    cov: 355 ft: 921 corp: 112/370b lim: 8 exec/s: 1321 rss: 84Mb L: 5/8 MS: 4 ChangeBit-ShuffleBytes-ChangeBinInt-InsertRepeatedBytes-
/app/ipython/IPython/core/inputtransformer2.py:608: UserWarning: `make_tokens_by_line` received a list of lines which do not have lineending markers ('\n', '\r', '\r\n', '\x0b', '\x0c'), behavior will be unspecified
  tokens_by_line = make_tokens_by_line(lines)
/app/ipython/IPython/core/inputtransformer2.py:608: UserWarning: `make_tokens_by_line` received a list of lines which do not have lineending markers ('\n', '\r', '\r\n', '\x0b', '\x0c'), behavior will be unspecified
  tokens_by_line = make_tokens_by_line(lines)
/app/ipython/IPython/core/inputtransformer2.py:608: UserWarning: `make_tokens_by_line` received a list of lines which do not have lineending markers ('\n', '\r', '\r\n', '\x0b', '\x0c'), behavior will be unspecified
  tokens_by_line = make_tokens_by_line(lines)
/app/ipython/IPython/core/inputtransformer2.py:608: UserWarning: `make_tokens_by_line` received a list of lines which do not have lineending markers ('\n', '\r', '\r\n', '\x0b', '\x0c'), behavior will be unspecified
  tokens_by_line = make_tokens_by_line(lines)
/app/ipython/IPython/core/inputtransformer2.py:608: UserWarning: `make_tokens_by_line` received a list of lines which do not have lineending markers ('\n', '\r', '\r\n', '\x0b', '\x0c'), behavior will be unspecified
  tokens_by_line = make_tokens_by_line(lines)
/app/ipython/IPython/core/inputtransformer2.py:608: UserWarning: `make_tokens_by_line` received a list of lines which do not have lineending markers ('\n', '\r', '\r\n', '\x0b', '\x0c'), behavior will be unspecified
  tokens_by_line = make_tokens_by_line(lines)
#4087	NEW    cov: 356 ft: 922 corp: 113/374b lim: 8 exec/s: 1362 rss: 84Mb L: 4/8 MS: 3 PersAutoDict-ChangeByte-CrossOver- DE: "\000\000"-
#4092	NEW    cov: 356 ft: 923 corp: 114/382b lim: 8 exec/s: 1364 rss: 84Mb L: 8/8 MS: 5 CopyPart-InsertRepeatedBytes-InsertByte-ChangeByte-ChangeBit-
#4096	pulse  cov: 356 ft: 923 corp: 114/382b lim: 8 exec/s: 1365 rss: 84Mb
#4103	REDUCE cov: 356 ft: 923 corp: 114/381b lim: 8 exec/s: 1367 rss: 84Mb L: 4/8 MS: 1 CrossOver-
/app/ipython/fuzz.py:106: UserWarning: `make_tokens_by_line` received a list of lines which do not have lineending markers ('\n', '\r', '\r\n', '\x0b', '\x0c'), behavior will be unspecified
  result = make_tokens_by_line(lines)
/app/ipython/fuzz.py:106: UserWarning: `make_tokens_by_line` received a list of lines which do not have lineending markers ('\n', '\r', '\r\n', '\x0b', '\x0c'), behavior will be unspecified
  result = make_tokens_by_line(lines)
/app/ipython/fuzz.py:106: UserWarning: `make_tokens_by_line` received a list of lines which do not have lineending markers ('\n', '\r', '\r\n', '\x0b', '\x0c'), behavior will be unspecified
  result = make_tokens_by_line(lines)
#4194	REDUCE cov: 356 ft: 923 corp: 114/380b lim: 8 exec/s: 1398 rss: 84Mb L: 3/8 MS: 1 EraseBytes-
#4205	NEW    cov: 356 ft: 935 corp: 115/386b lim: 8 exec/s: 1401 rss: 84Mb L: 6/8 MS: 1 CopyPart-
/app/ipython/IPython/core/inputtransformer2.py:608: UserWarning: `make_tokens_by_line` received a list of lines which do not have lineending markers ('\n', '\r', '\r\n', '\x0b', '\x0c'), behavior will be unspecified
  tokens_by_line = make_tokens_by_line(lines)
/app/ipython/IPython/core/inputtransformer2.py:714: UserWarning: `make_tokens_by_line` received a list of lines which do not have lineending markers ('\n', '\r', '\r\n', '\x0b', '\x0c'), behavior will be unspecified
  tokens_by_line = make_tokens_by_line(lines)
#4294	NEW    cov: 356 ft: 936 corp: 116/394b lim: 8 exec/s: 1431 rss: 84Mb L: 8/8 MS: 4 CopyPart-ChangeBit-CrossOver-InsertByte-
#4345	NEW    cov: 357 ft: 938 corp: 117/400b lim: 8 exec/s: 1448 rss: 84Mb L: 6/8 MS: 1 CrossOver-
#4404	NEW    cov: 357 ft: 941 corp: 118/408b lim: 8 exec/s: 1468 rss: 84Mb L: 8/8 MS: 4 InsertRepeatedBytes-CrossOver-CopyPart-CrossOver-
/app/ipython/IPython/core/inputtransformer2.py:608: UserWarning: `make_tokens_by_line` received a list of lines which do not have lineending markers ('\n', '\r', '\r\n', '\x0b', '\x0c'), behavior will be unspecified
  tokens_by_line = make_tokens_by_line(lines)
/app/ipython/IPython/core/inputtransformer2.py:714: UserWarning: `make_tokens_by_line` received a list of lines which do not have lineending markers ('\n', '\r', '\r\n', '\x0b', '\x0c'), behavior will be unspecified
  tokens_by_line = make_tokens_by_line(lines)
/app/ipython/fuzz.py:106: UserWarning: `make_tokens_by_line` received a list of lines which do not have lineending markers ('\n', '\r', '\r\n', '\x0b', '\x0c'), behavior will be unspecified
  result = make_tokens_by_line(lines)
#4422	NEW    cov: 357 ft: 942 corp: 119/416b lim: 8 exec/s: 1474 rss: 84Mb L: 8/8 MS: 3 CrossOver-InsertByte-CrossOver-
#4484	NEW    cov: 357 ft: 943 corp: 120/423b lim: 8 exec/s: 1494 rss: 84Mb L: 7/8 MS: 2 CopyPart-CopyPart-
/app/ipython/IPython/core/inputtransformer2.py:608: UserWarning: `make_tokens_by_line` received a list of lines which do not have lineending markers ('\n', '\r', '\r\n', '\x0b', '\x0c'), behavior will be unspecified
  tokens_by_line = make_tokens_by_line(lines)
/app/ipython/IPython/core/inputtransformer2.py:608: UserWarning: `make_tokens_by_line` received a list of lines which do not have lineending markers ('\n', '\r', '\r\n', '\x0b', '\x0c'), behavior will be unspecified
  tokens_by_line = make_tokens_by_line(lines)
/app/ipython/IPython/core/inputtransformer2.py:714: UserWarning: `make_tokens_by_line` received a list of lines which do not have lineending markers ('\n', '\r', '\r\n', '\x0b', '\x0c'), behavior will be unspecified
  tokens_by_line = make_tokens_by_line(lines)
/app/ipython/IPython/core/inputtransformer2.py:608: UserWarning: `make_tokens_by_line` received a list of lines which do not have lineending markers ('\n', '\r', '\r\n', '\x0b', '\x0c'), behavior will be unspecified
  tokens_by_line = make_tokens_by_line(lines)
/app/ipython/IPython/core/inputtransformer2.py:608: UserWarning: `make_tokens_by_line` received a list of lines which do not have lineending markers ('\n', '\r', '\r\n', '\x0b', '\x0c'), behavior will be unspecified
  tokens_by_line = make_tokens_by_line(lines)
/app/ipython/IPython/core/inputtransformer2.py:608: UserWarning: `make_tokens_by_line` received a list of lines which do not have lineending markers ('\n', '\r', '\r\n', '\x0b', '\x0c'), behavior will be unspecified
  tokens_by_line = make_tokens_by_line(lines)
/app/ipython/IPython/core/inputtransformer2.py:608: UserWarning: `make_tokens_by_line` received a list of lines which do not have lineending markers ('\n', '\r', '\r\n', '\x0b', '\x0c'), behavior will be unspecified
  tokens_by_line = make_tokens_by_line(lines)
/app/ipython/IPython/core/inputtransformer2.py:608: UserWarning: `make_tokens_by_line` received a list of lines which do not have lineending markers ('\n', '\r', '\r\n', '\x0b', '\x0c'), behavior will be unspecified
  tokens_by_line = make_tokens_by_line(lines)
#4607	REDUCE cov: 357 ft: 943 corp: 120/422b lim: 8 exec/s: 1535 rss: 84Mb L: 3/8 MS: 3 ChangeBinInt-InsertByte-EraseBytes-
/app/ipython/IPython/core/inputtransformer2.py:608: UserWarning: `make_tokens_by_line` received a list of lines which do not have lineending markers ('\n', '\r', '\r\n', '\x0b', '\x0c'), behavior will be unspecified
  tokens_by_line = make_tokens_by_line(lines)
/app/ipython/IPython/core/inputtransformer2.py:714: UserWarning: `make_tokens_by_line` received a list of lines which do not have lineending markers ('\n', '\r', '\r\n', '\x0b', '\x0c'), behavior will be unspecified
  tokens_by_line = make_tokens_by_line(lines)
/app/ipython/IPython/core/inputtransformer2.py:608: UserWarning: `make_tokens_by_line` received a list of lines which do not have lineending markers ('\n', '\r', '\r\n', '\x0b', '\x0c'), behavior will be unspecified
  tokens_by_line = make_tokens_by_line(lines)
/app/ipython/IPython/core/inputtransformer2.py:714: UserWarning: `make_tokens_by_line` received a list of lines which do not have lineending markers ('\n', '\r', '\r\n', '\x0b', '\x0c'), behavior will be unspecified
  tokens_by_line = make_tokens_by_line(lines)
/app/ipython/IPython/core/inputtransformer2.py:608: UserWarning: `make_tokens_by_line` received a list of lines which do not have lineending markers ('\n', '\r', '\r\n', '\x0b', '\x0c'), behavior will be unspecified
  tokens_by_line = make_tokens_by_line(lines)
/app/ipython/IPython/core/inputtransformer2.py:714: UserWarning: `make_tokens_by_line` received a list of lines which do not have lineending markers ('\n', '\r', '\r\n', '\x0b', '\x0c'), behavior will be unspecified
  tokens_by_line = make_tokens_by_line(lines)
/app/ipython/fuzz.py:106: UserWarning: `make_tokens_by_line` received a list of lines which do not have lineending markers ('\n', '\r', '\r\n', '\x0b', '\x0c'), behavior will be unspecified
  result = make_tokens_by_line(lines)
#4683	REDUCE cov: 357 ft: 943 corp: 120/421b lim: 8 exec/s: 1561 rss: 84Mb L: 2/8 MS: 1 EraseBytes-
/app/ipython/IPython/core/inputtransformer2.py:608: UserWarning: `make_tokens_by_line` received a list of lines which do not have lineending markers ('\n', '\r', '\r\n', '\x0b', '\x0c'), behavior will be unspecified
  tokens_by_line = make_tokens_by_line(lines)
/app/ipython/IPython/core/inputtransformer2.py:714: UserWarning: `make_tokens_by_line` received a list of lines which do not have lineending markers ('\n', '\r', '\r\n', '\x0b', '\x0c'), behavior will be unspecified
  tokens_by_line = make_tokens_by_line(lines)
/app/ipython/fuzz.py:106: UserWarning: `make_tokens_by_line` received a list of lines which do not have lineending markers ('\n', '\r', '\r\n', '\x0b', '\x0c'), behavior will be unspecified
  result = make_tokens_by_line(lines)
/app/ipython/IPython/core/inputtransformer2.py:608: UserWarning: `make_tokens_by_line` received a list of lines which do not have lineending markers ('\n', '\r', '\r\n', '\x0b', '\x0c'), behavior will be unspecified
  tokens_by_line = make_tokens_by_line(lines)
/app/ipython/IPython/core/inputtransformer2.py:714: UserWarning: `make_tokens_by_line` received a list of lines which do not have lineending markers ('\n', '\r', '\r\n', '\x0b', '\x0c'), behavior will be unspecified
  tokens_by_line = make_tokens_by_line(lines)
/app/ipython/fuzz.py:106: UserWarning: `make_tokens_by_line` received a list of lines which do not have lineending markers ('\n', '\r', '\r\n', '\x0b', '\x0c'), behavior will be unspecified
  result = make_tokens_by_line(lines)
/app/ipython/IPython/core/inputtransformer2.py:608: UserWarning: `make_tokens_by_line` received a list of lines which do not have lineending markers ('\n', '\r', '\r\n', '\x0b', '\x0c'), behavior will be unspecified
  tokens_by_line = make_tokens_by_line(lines)
/app/ipython/IPython/core/inputtransformer2.py:714: UserWarning: `make_tokens_by_line` received a list of lines which do not have lineending markers ('\n', '\r', '\r\n', '\x0b', '\x0c'), behavior will be unspecified
  tokens_by_line = make_tokens_by_line(lines)
/app/ipython/fuzz.py:106: UserWarning: `make_tokens_by_line` received a list of lines which do not have lineending markers ('\n', '\r', '\r\n', '\x0b', '\x0c'), behavior will be unspecified
  result = make_tokens_by_line(lines)
#4827	NEW    cov: 357 ft: 945 corp: 121/428b lim: 8 exec/s: 1609 rss: 84Mb L: 7/8 MS: 4 CrossOver-InsertRepeatedBytes-CrossOver-CMP- DE: "\000\000"-
#4901	NEW    cov: 357 ft: 946 corp: 122/436b lim: 8 exec/s: 1633 rss: 84Mb L: 8/8 MS: 4 ChangeBit-ChangeBit-InsertRepeatedBytes-ChangeBinInt-
/app/ipython/IPython/core/inputtransformer2.py:608: UserWarning: `make_tokens_by_line` received a list of lines which do not have lineending markers ('\n', '\r', '\r\n', '\x0b', '\x0c'), behavior will be unspecified
  tokens_by_line = make_tokens_by_line(lines)
/app/ipython/IPython/core/inputtransformer2.py:714: UserWarning: `make_tokens_by_line` received a list of lines which do not have lineending markers ('\n', '\r', '\r\n', '\x0b', '\x0c'), behavior will be unspecified
  tokens_by_line = make_tokens_by_line(lines)
/app/ipython/fuzz.py:106: UserWarning: `make_tokens_by_line` received a list of lines which do not have lineending markers ('\n', '\r', '\r\n', '\x0b', '\x0c'), behavior will be unspecified
  result = make_tokens_by_line(lines)
/app/ipython/IPython/core/inputtransformer2.py:608: UserWarning: `make_tokens_by_line` received a list of lines which do not have lineending markers ('\n', '\r', '\r\n', '\x0b', '\x0c'), behavior will be unspecified
  tokens_by_line = make_tokens_by_line(lines)
/app/ipython/IPython/core/inputtransformer2.py:714: UserWarning: `make_tokens_by_line` received a list of lines which do not have lineending markers ('\n', '\r', '\r\n', '\x0b', '\x0c'), behavior will be unspecified
  tokens_by_line = make_tokens_by_line(lines)
/app/ipython/fuzz.py:106: UserWarning: `make_tokens_by_line` received a list of lines which do not have lineending markers ('\n', '\r', '\r\n', '\x0b', '\x0c'), behavior will be unspecified
  result = make_tokens_by_line(lines)
/app/ipython/IPython/core/inputtransformer2.py:608: UserWarning: `make_tokens_by_line` received a list of lines which do not have lineending markers ('\n', '\r', '\r\n', '\x0b', '\x0c'), behavior will be unspecified
  tokens_by_line = make_tokens_by_line(lines)
/app/ipython/IPython/core/inputtransformer2.py:714: UserWarning: `make_tokens_by_line` received a list of lines which do not have lineending markers ('\n', '\r', '\r\n', '\x0b', '\x0c'), behavior will be unspecified
  tokens_by_line = make_tokens_by_line(lines)
/app/ipython/fuzz.py:106: UserWarning: `make_tokens_by_line` received a list of lines which do not have lineending markers ('\n', '\r', '\r\n', '\x0b', '\x0c'), behavior will be unspecified
  result = make_tokens_by_line(lines)
/app/ipython/IPython/core/inputtransformer2.py:608: UserWarning: `make_tokens_by_line` received a list of lines which do not have lineending markers ('\n', '\r', '\r\n', '\x0b', '\x0c'), behavior will be unspecified
  tokens_by_line = make_tokens_by_line(lines)
/app/ipython/IPython/core/inputtransformer2.py:714: UserWarning: `make_tokens_by_line` received a list of lines which do not have lineending markers ('\n', '\r', '\r\n', '\x0b', '\x0c'), behavior will be unspecified
  tokens_by_line = make_tokens_by_line(lines)
/app/ipython/IPython/core/inputtransformer2.py:608: UserWarning: `make_tokens_by_line` received a list of lines which do not have lineending markers ('\n', '\r', '\r\n', '\x0b', '\x0c'), behavior will be unspecified
  tokens_by_line = make_tokens_by_line(lines)
/app/ipython/IPython/core/inputtransformer2.py:714: UserWarning: `make_tokens_by_line` received a list of lines which do not have lineending markers ('\n', '\r', '\r\n', '\x0b', '\x0c'), behavior will be unspecified
  tokens_by_line = make_tokens_by_line(lines)
#5013	REDUCE cov: 357 ft: 948 corp: 123/442b lim: 8 exec/s: 1253 rss: 84Mb L: 6/8 MS: 2 InsertByte-PersAutoDict- DE: "\000\000"-
#5080	REDUCE cov: 357 ft: 948 corp: 123/440b lim: 8 exec/s: 1270 rss: 84Mb L: 6/8 MS: 2 ShuffleBytes-EraseBytes-
/app/ipython/fuzz.py:106: UserWarning: `make_tokens_by_line` received a list of lines which do not have lineending markers ('\n', '\r', '\r\n', '\x0b', '\x0c'), behavior will be unspecified
  result = make_tokens_by_line(lines)
/app/ipython/fuzz.py:106: UserWarning: `make_tokens_by_line` received a list of lines which do not have lineending markers ('\n', '\r', '\r\n', '\x0b', '\x0c'), behavior will be unspecified
  result = make_tokens_by_line(lines)
/app/ipython/fuzz.py:106: UserWarning: `make_tokens_by_line` received a list of lines which do not have lineending markers ('\n', '\r', '\r\n', '\x0b', '\x0c'), behavior will be unspecified
  result = make_tokens_by_line(lines)
/app/ipython/fuzz.py:106: UserWarning: `make_tokens_by_line` received a list of lines which do not have lineending markers ('\n', '\r', '\r\n', '\x0b', '\x0c'), behavior will be unspecified
  result = make_tokens_by_line(lines)
/app/ipython/IPython/core/inputtransformer2.py:608: UserWarning: `make_tokens_by_line` received a list of lines which do not have lineending markers ('\n', '\r', '\r\n', '\x0b', '\x0c'), behavior will be unspecified
  tokens_by_line = make_tokens_by_line(lines)
/app/ipython/IPython/core/inputtransformer2.py:714: UserWarning: `make_tokens_by_line` received a list of lines which do not have lineending markers ('\n', '\r', '\r\n', '\x0b', '\x0c'), behavior will be unspecified
  tokens_by_line = make_tokens_by_line(lines)
/app/ipython/fuzz.py:106: UserWarning: `make_tokens_by_line` received a list of lines which do not have lineending markers ('\n', '\r', '\r\n', '\x0b', '\x0c'), behavior will be unspecified
  result = make_tokens_by_line(lines)
#5136	REDUCE cov: 357 ft: 948 corp: 123/439b lim: 8 exec/s: 1284 rss: 84Mb L: 5/8 MS: 1 EraseBytes-
#5165	NEW    cov: 358 ft: 987 corp: 124/441b lim: 8 exec/s: 1291 rss: 84Mb L: 2/8 MS: 4 ChangeByte-CopyPart-EraseBytes-ChangeBit-
#5221	REDUCE cov: 358 ft: 988 corp: 125/449b lim: 8 exec/s: 1305 rss: 84Mb L: 8/8 MS: 1 CopyPart-
/app/ipython/IPython/core/inputtransformer2.py:608: UserWarning: `make_tokens_by_line` received a list of lines which do not have lineending markers ('\n', '\r', '\r\n', '\x0b', '\x0c'), behavior will be unspecified
  tokens_by_line = make_tokens_by_line(lines)
/app/ipython/IPython/core/inputtransformer2.py:714: UserWarning: `make_tokens_by_line` received a list of lines which do not have lineending markers ('\n', '\r', '\r\n', '\x0b', '\x0c'), behavior will be unspecified
  tokens_by_line = make_tokens_by_line(lines)
/app/ipython/IPython/core/inputtransformer2.py:608: UserWarning: `make_tokens_by_line` received a list of lines which do not have lineending markers ('\n', '\r', '\r\n', '\x0b', '\x0c'), behavior will be unspecified
  tokens_by_line = make_tokens_by_line(lines)
/app/ipython/IPython/core/inputtransformer2.py:714: UserWarning: `make_tokens_by_line` received a list of lines which do not have lineending markers ('\n', '\r', '\r\n', '\x0b', '\x0c'), behavior will be unspecified
  tokens_by_line = make_tokens_by_line(lines)
/app/ipython/IPython/core/inputtransformer2.py:608: UserWarning: `make_tokens_by_line` received a list of lines which do not have lineending markers ('\n', '\r', '\r\n', '\x0b', '\x0c'), behavior will be unspecified
  tokens_by_line = make_tokens_by_line(lines)
/app/ipython/IPython/core/inputtransformer2.py:714: UserWarning: `make_tokens_by_line` received a list of lines which do not have lineending markers ('\n', '\r', '\r\n', '\x0b', '\x0c'), behavior will be unspecified
  tokens_by_line = make_tokens_by_line(lines)
/app/ipython/IPython/core/inputtransformer2.py:608: UserWarning: `make_tokens_by_line` received a list of lines which do not have lineending markers ('\n', '\r', '\r\n', '\x0b', '\x0c'), behavior will be unspecified
  tokens_by_line = make_tokens_by_line(lines)
/app/ipython/IPython/core/inputtransformer2.py:714: UserWarning: `make_tokens_by_line` received a list of lines which do not have lineending markers ('\n', '\r', '\r\n', '\x0b', '\x0c'), behavior will be unspecified
  tokens_by_line = make_tokens_by_line(lines)
/app/ipython/fuzz.py:106: UserWarning: `make_tokens_by_line` received a list of lines which do not have lineending markers ('\n', '\r', '\r\n', '\x0b', '\x0c'), behavior will be unspecified
  result = make_tokens_by_line(lines)
/app/ipython/IPython/core/inputtransformer2.py:608: UserWarning: `make_tokens_by_line` received a list of lines which do not have lineending markers ('\n', '\r', '\r\n', '\x0b', '\x0c'), behavior will be unspecified
  tokens_by_line = make_tokens_by_line(lines)
/app/ipython/IPython/core/inputtransformer2.py:714: UserWarning: `make_tokens_by_line` received a list of lines which do not have lineending markers ('\n', '\r', '\r\n', '\x0b', '\x0c'), behavior will be unspecified
  tokens_by_line = make_tokens_by_line(lines)
/app/ipython/fuzz.py:106: UserWarning: `make_tokens_by_line` received a list of lines which do not have lineending markers ('\n', '\r', '\r\n', '\x0b', '\x0c'), behavior will be unspecified
  result = make_tokens_by_line(lines)
/app/ipython/IPython/core/inputtransformer2.py:608: UserWarning: `make_tokens_by_line` received a list of lines which do not have lineending markers ('\n', '\r', '\r\n', '\x0b', '\x0c'), behavior will be unspecified
  tokens_by_line = make_tokens_by_line(lines)
/app/ipython/IPython/core/inputtransformer2.py:714: UserWarning: `make_tokens_by_line` received a list of lines which do not have lineending markers ('\n', '\r', '\r\n', '\x0b', '\x0c'), behavior will be unspecified
  tokens_by_line = make_tokens_by_line(lines)
/app/ipython/fuzz.py:106: UserWarning: `make_tokens_by_line` received a list of lines which do not have lineending markers ('\n', '\r', '\r\n', '\x0b', '\x0c'), behavior will be unspecified
  result = make_tokens_by_line(lines)
/app/ipython/IPython/core/inputtransformer2.py:608: UserWarning: `make_tokens_by_line` received a list of lines which do not have lineending markers ('\n', '\r', '\r\n', '\x0b', '\x0c'), behavior will be unspecified
  tokens_by_line = make_tokens_by_line(lines)
/app/ipython/IPython/core/inputtransformer2.py:714: UserWarning: `make_tokens_by_line` received a list of lines which do not have lineending markers ('\n', '\r', '\r\n', '\x0b', '\x0c'), behavior will be unspecified
  tokens_by_line = make_tokens_by_line(lines)
/app/ipython/fuzz.py:106: UserWarning: `make_tokens_by_line` received a list of lines which do not have lineending markers ('\n', '\r', '\r\n', '\x0b', '\x0c'), behavior will be unspecified
  result = make_tokens_by_line(lines)
/app/ipython/IPython/core/inputtransformer2.py:608: UserWarning: `make_tokens_by_line` received a list of lines which do not have lineending markers ('\n', '\r', '\r\n', '\x0b', '\x0c'), behavior will be unspecified
  tokens_by_line = make_tokens_by_line(lines)
/app/ipython/IPython/core/inputtransformer2.py:714: UserWarning: `make_tokens_by_line` received a list of lines which do not have lineending markers ('\n', '\r', '\r\n', '\x0b', '\x0c'), behavior will be unspecified
  tokens_by_line = make_tokens_by_line(lines)
/app/ipython/fuzz.py:106: UserWarning: `make_tokens_by_line` received a list of lines which do not have lineending markers ('\n', '\r', '\r\n', '\x0b', '\x0c'), behavior will be unspecified
  result = make_tokens_by_line(lines)
#5362	NEW    cov: 358 ft: 991 corp: 126/456b lim: 8 exec/s: 1340 rss: 84Mb L: 7/8 MS: 1 CopyPart-
#5430	REDUCE cov: 358 ft: 992 corp: 127/464b lim: 8 exec/s: 1357 rss: 84Mb L: 8/8 MS: 3 ShuffleBytes-ChangeBinInt-CopyPart-
/app/ipython/IPython/core/inputtransformer2.py:608: UserWarning: `make_tokens_by_line` received a list of lines which do not have lineending markers ('\n', '\r', '\r\n', '\x0b', '\x0c'), behavior will be unspecified
  tokens_by_line = make_tokens_by_line(lines)
/app/ipython/IPython/core/inputtransformer2.py:714: UserWarning: `make_tokens_by_line` received a list of lines which do not have lineending markers ('\n', '\r', '\r\n', '\x0b', '\x0c'), behavior will be unspecified
  tokens_by_line = make_tokens_by_line(lines)
/app/ipython/fuzz.py:106: UserWarning: `make_tokens_by_line` received a list of lines which do not have lineending markers ('\n', '\r', '\r\n', '\x0b', '\x0c'), behavior will be unspecified
  result = make_tokens_by_line(lines)
/app/ipython/IPython/core/inputtransformer2.py:608: UserWarning: `make_tokens_by_line` received a list of lines which do not have lineending markers ('\n', '\r', '\r\n', '\x0b', '\x0c'), behavior will be unspecified
  tokens_by_line = make_tokens_by_line(lines)
/app/ipython/IPython/core/inputtransformer2.py:714: UserWarning: `make_tokens_by_line` received a list of lines which do not have lineending markers ('\n', '\r', '\r\n', '\x0b', '\x0c'), behavior will be unspecified
  tokens_by_line = make_tokens_by_line(lines)
/app/ipython/fuzz.py:106: UserWarning: `make_tokens_by_line` received a list of lines which do not have lineending markers ('\n', '\r', '\r\n', '\x0b', '\x0c'), behavior will be unspecified
  result = make_tokens_by_line(lines)
/app/ipython/IPython/core/inputtransformer2.py:608: UserWarning: `make_tokens_by_line` received a list of lines which do not have lineending markers ('\n', '\r', '\r\n', '\x0b', '\x0c'), behavior will be unspecified
  tokens_by_line = make_tokens_by_line(lines)
/app/ipython/fuzz.py:106: UserWarning: `make_tokens_by_line` received a list of lines which do not have lineending markers ('\n', '\r', '\r\n', '\x0b', '\x0c'), behavior will be unspecified
  result = make_tokens_by_line(lines)
/app/ipython/IPython/core/inputtransformer2.py:608: UserWarning: `make_tokens_by_line` received a list of lines which do not have lineending markers ('\n', '\r', '\r\n', '\x0b', '\x0c'), behavior will be unspecified
  tokens_by_line = make_tokens_by_line(lines)
/app/ipython/fuzz.py:106: UserWarning: `make_tokens_by_line` received a list of lines which do not have lineending markers ('\n', '\r', '\r\n', '\x0b', '\x0c'), behavior will be unspecified
  result = make_tokens_by_line(lines)
/app/ipython/IPython/core/inputtransformer2.py:608: UserWarning: `make_tokens_by_line` received a list of lines which do not have lineending markers ('\n', '\r', '\r\n', '\x0b', '\x0c'), behavior will be unspecified
  tokens_by_line = make_tokens_by_line(lines)
/app/ipython/IPython/core/inputtransformer2.py:714: UserWarning: `make_tokens_by_line` received a list of lines which do not have lineending markers ('\n', '\r', '\r\n', '\x0b', '\x0c'), behavior will be unspecified
  tokens_by_line = make_tokens_by_line(lines)
/app/ipython/IPython/core/inputtransformer2.py:608: UserWarning: `make_tokens_by_line` received a list of lines which do not have lineending markers ('\n', '\r', '\r\n', '\x0b', '\x0c'), behavior will be unspecified
  tokens_by_line = make_tokens_by_line(lines)
/app/ipython/IPython/core/inputtransformer2.py:714: UserWarning: `make_tokens_by_line` received a list of lines which do not have lineending markers ('\n', '\r', '\r\n', '\x0b', '\x0c'), behavior will be unspecified
  tokens_by_line = make_tokens_by_line(lines)
/app/ipython/IPython/core/inputtransformer2.py:608: UserWarning: `make_tokens_by_line` received a list of lines which do not have lineending markers ('\n', '\r', '\r\n', '\x0b', '\x0c'), behavior will be unspecified
  tokens_by_line = make_tokens_by_line(lines)
/app/ipython/IPython/core/inputtransformer2.py:714: UserWarning: `make_tokens_by_line` received a list of lines which do not have lineending markers ('\n', '\r', '\r\n', '\x0b', '\x0c'), behavior will be unspecified
  tokens_by_line = make_tokens_by_line(lines)
/app/ipython/IPython/core/inputtransformer2.py:608: UserWarning: `make_tokens_by_line` received a list of lines which do not have lineending markers ('\n', '\r', '\r\n', '\x0b', '\x0c'), behavior will be unspecified
  tokens_by_line = make_tokens_by_line(lines)
/app/ipython/IPython/core/inputtransformer2.py:714: UserWarning: `make_tokens_by_line` received a list of lines which do not have lineending markers ('\n', '\r', '\r\n', '\x0b', '\x0c'), behavior will be unspecified
  tokens_by_line = make_tokens_by_line(lines)
/app/ipython/IPython/core/inputtransformer2.py:608: UserWarning: `make_tokens_by_line` received a list of lines which do not have lineending markers ('\n', '\r', '\r\n', '\x0b', '\x0c'), behavior will be unspecified
  tokens_by_line = make_tokens_by_line(lines)
/app/ipython/IPython/core/inputtransformer2.py:714: UserWarning: `make_tokens_by_line` received a list of lines which do not have lineending markers ('\n', '\r', '\r\n', '\x0b', '\x0c'), behavior will be unspecified
  tokens_by_line = make_tokens_by_line(lines)
/app/ipython/fuzz.py:106: UserWarning: `make_tokens_by_line` received a list of lines which do not have lineending markers ('\n', '\r', '\r\n', '\x0b', '\x0c'), behavior will be unspecified
  result = make_tokens_by_line(lines)
/app/ipython/IPython/core/inputtransformer2.py:608: UserWarning: `make_tokens_by_line` received a list of lines which do not have lineending markers ('\n', '\r', '\r\n', '\x0b', '\x0c'), behavior will be unspecified
  tokens_by_line = make_tokens_by_line(lines)
/app/ipython/IPython/core/inputtransformer2.py:714: UserWarning: `make_tokens_by_line` received a list of lines which do not have lineending markers ('\n', '\r', '\r\n', '\x0b', '\x0c'), behavior will be unspecified
  tokens_by_line = make_tokens_by_line(lines)
/app/ipython/fuzz.py:106: UserWarning: `make_tokens_by_line` received a list of lines which do not have lineending markers ('\n', '\r', '\r\n', '\x0b', '\x0c'), behavior will be unspecified
  result = make_tokens_by_line(lines)
/app/ipython/IPython/core/inputtransformer2.py:608: UserWarning: `make_tokens_by_line` received a list of lines which do not have lineending markers ('\n', '\r', '\r\n', '\x0b', '\x0c'), behavior will be unspecified
  tokens_by_line = make_tokens_by_line(lines)
/app/ipython/IPython/core/inputtransformer2.py:714: UserWarning: `make_tokens_by_line` received a list of lines which do not have lineending markers ('\n', '\r', '\r\n', '\x0b', '\x0c'), behavior will be unspecified
  tokens_by_line = make_tokens_by_line(lines)
/app/ipython/fuzz.py:106: UserWarning: `make_tokens_by_line` received a list of lines which do not have lineending markers ('\n', '\r', '\r\n', '\x0b', '\x0c'), behavior will be unspecified
  result = make_tokens_by_line(lines)
/app/ipython/IPython/core/inputtransformer2.py:608: UserWarning: `make_tokens_by_line` received a list of lines which do not have lineending markers ('\n', '\r', '\r\n', '\x0b', '\x0c'), behavior will be unspecified
  tokens_by_line = make_tokens_by_line(lines)
/app/ipython/IPython/core/inputtransformer2.py:714: UserWarning: `make_tokens_by_line` received a list of lines which do not have lineending markers ('\n', '\r', '\r\n', '\x0b', '\x0c'), behavior will be unspecified
  tokens_by_line = make_tokens_by_line(lines)
/app/ipython/fuzz.py:106: UserWarning: `make_tokens_by_line` received a list of lines which do not have lineending markers ('\n', '\r', '\r\n', '\x0b', '\x0c'), behavior will be unspecified
  result = make_tokens_by_line(lines)
#5753	NEW    cov: 358 ft: 998 corp: 128/475b lim: 11 exec/s: 1438 rss: 84Mb L: 11/11 MS: 3 PersAutoDict-InsertByte-CMP- DE: "\000\000"-"\001\000\000\000\000\000\000\000"-
/app/ipython/IPython/core/inputtransformer2.py:608: UserWarning: `make_tokens_by_line` received a list of lines which do not have lineending markers ('\n', '\r', '\r\n', '\x0b', '\x0c'), behavior will be unspecified
  tokens_by_line = make_tokens_by_line(lines)
/app/ipython/IPython/core/inputtransformer2.py:714: UserWarning: `make_tokens_by_line` received a list of lines which do not have lineending markers ('\n', '\r', '\r\n', '\x0b', '\x0c'), behavior will be unspecified
  tokens_by_line = make_tokens_by_line(lines)
/app/ipython/fuzz.py:106: UserWarning: `make_tokens_by_line` received a list of lines which do not have lineending markers ('\n', '\r', '\r\n', '\x0b', '\x0c'), behavior will be unspecified
  result = make_tokens_by_line(lines)
/app/ipython/IPython/core/inputtransformer2.py:608: UserWarning: `make_tokens_by_line` received a list of lines which do not have lineending markers ('\n', '\r', '\r\n', '\x0b', '\x0c'), behavior will be unspecified
  tokens_by_line = make_tokens_by_line(lines)
/app/ipython/IPython/core/inputtransformer2.py:714: UserWarning: `make_tokens_by_line` received a list of lines which do not have lineending markers ('\n', '\r', '\r\n', '\x0b', '\x0c'), behavior will be unspecified
  tokens_by_line = make_tokens_by_line(lines)
/app/ipython/IPython/core/inputtransformer2.py:608: UserWarning: `make_tokens_by_line` received a list of lines which do not have lineending markers ('\n', '\r', '\r\n', '\x0b', '\x0c'), behavior will be unspecified
  tokens_by_line = make_tokens_by_line(lines)
/app/ipython/IPython/core/inputtransformer2.py:714: UserWarning: `make_tokens_by_line` received a list of lines which do not have lineending markers ('\n', '\r', '\r\n', '\x0b', '\x0c'), behavior will be unspecified
  tokens_by_line = make_tokens_by_line(lines)
/app/ipython/IPython/core/inputtransformer2.py:608: UserWarning: `make_tokens_by_line` received a list of lines which do not have lineending markers ('\n', '\r', '\r\n', '\x0b', '\x0c'), behavior will be unspecified
  tokens_by_line = make_tokens_by_line(lines)
/app/ipython/IPython/core/inputtransformer2.py:714: UserWarning: `make_tokens_by_line` received a list of lines which do not have lineending markers ('\n', '\r', '\r\n', '\x0b', '\x0c'), behavior will be unspecified
  tokens_by_line = make_tokens_by_line(lines)
/app/ipython/IPython/core/inputtransformer2.py:608: UserWarning: `make_tokens_by_line` received a list of lines which do not have lineending markers ('\n', '\r', '\r\n', '\x0b', '\x0c'), behavior will be unspecified
  tokens_by_line = make_tokens_by_line(lines)
/app/ipython/IPython/core/inputtransformer2.py:714: UserWarning: `make_tokens_by_line` received a list of lines which do not have lineending markers ('\n', '\r', '\r\n', '\x0b', '\x0c'), behavior will be unspecified
  tokens_by_line = make_tokens_by_line(lines)
/app/ipython/IPython/core/inputtransformer2.py:608: UserWarning: `make_tokens_by_line` received a list of lines which do not have lineending markers ('\n', '\r', '\r\n', '\x0b', '\x0c'), behavior will be unspecified
  tokens_by_line = make_tokens_by_line(lines)
/app/ipython/IPython/core/inputtransformer2.py:714: UserWarning: `make_tokens_by_line` received a list of lines which do not have lineending markers ('\n', '\r', '\r\n', '\x0b', '\x0c'), behavior will be unspecified
  tokens_by_line = make_tokens_by_line(lines)
/app/ipython/fuzz.py:106: UserWarning: `make_tokens_by_line` received a list of lines which do not have lineending markers ('\n', '\r', '\r\n', '\x0b', '\x0c'), behavior will be unspecified
  result = make_tokens_by_line(lines)
/app/ipython/IPython/core/inputtransformer2.py:608: UserWarning: `make_tokens_by_line` received a list of lines which do not have lineending markers ('\n', '\r', '\r\n', '\x0b', '\x0c'), behavior will be unspecified
  tokens_by_line = make_tokens_by_line(lines)
/app/ipython/IPython/core/inputtransformer2.py:714: UserWarning: `make_tokens_by_line` received a list of lines which do not have lineending markers ('\n', '\r', '\r\n', '\x0b', '\x0c'), behavior will be unspecified
  tokens_by_line = make_tokens_by_line(lines)
#5884	NEW    cov: 358 ft: 1001 corp: 129/485b lim: 11 exec/s: 1471 rss: 84Mb L: 10/11 MS: 1 CopyPart-
/app/ipython/IPython/core/inputtransformer2.py:608: UserWarning: `make_tokens_by_line` received a list of lines which do not have lineending markers ('\n', '\r', '\r\n', '\x0b', '\x0c'), behavior will be unspecified
  tokens_by_line = make_tokens_by_line(lines)
/app/ipython/IPython/core/inputtransformer2.py:714: UserWarning: `make_tokens_by_line` received a list of lines which do not have lineending markers ('\n', '\r', '\r\n', '\x0b', '\x0c'), behavior will be unspecified
  tokens_by_line = make_tokens_by_line(lines)
/app/ipython/IPython/core/inputtransformer2.py:608: UserWarning: `make_tokens_by_line` received a list of lines which do not have lineending markers ('\n', '\r', '\r\n', '\x0b', '\x0c'), behavior will be unspecified
  tokens_by_line = make_tokens_by_line(lines)
/app/ipython/IPython/core/inputtransformer2.py:714: UserWarning: `make_tokens_by_line` received a list of lines which do not have lineending markers ('\n', '\r', '\r\n', '\x0b', '\x0c'), behavior will be unspecified
  tokens_by_line = make_tokens_by_line(lines)
/app/ipython/IPython/core/inputtransformer2.py:608: UserWarning: `make_tokens_by_line` received a list of lines which do not have lineending markers ('\n', '\r', '\r\n', '\x0b', '\x0c'), behavior will be unspecified
  tokens_by_line = make_tokens_by_line(lines)
/app/ipython/IPython/core/inputtransformer2.py:714: UserWarning: `make_tokens_by_line` received a list of lines which do not have lineending markers ('\n', '\r', '\r\n', '\x0b', '\x0c'), behavior will be unspecified
  tokens_by_line = make_tokens_by_line(lines)
/app/ipython/IPython/core/inputtransformer2.py:608: UserWarning: `make_tokens_by_line` received a list of lines which do not have lineending markers ('\n', '\r', '\r\n', '\x0b', '\x0c'), behavior will be unspecified
  tokens_by_line = make_tokens_by_line(lines)
/app/ipython/IPython/core/inputtransformer2.py:714: UserWarning: `make_tokens_by_line` received a list of lines which do not have lineending markers ('\n', '\r', '\r\n', '\x0b', '\x0c'), behavior will be unspecified
  tokens_by_line = make_tokens_by_line(lines)
/app/ipython/IPython/core/inputtransformer2.py:608: UserWarning: `make_tokens_by_line` received a list of lines which do not have lineending markers ('\n', '\r', '\r\n', '\x0b', '\x0c'), behavior will be unspecified
  tokens_by_line = make_tokens_by_line(lines)
/app/ipython/IPython/core/inputtransformer2.py:714: UserWarning: `make_tokens_by_line` received a list of lines which do not have lineending markers ('\n', '\r', '\r\n', '\x0b', '\x0c'), behavior will be unspecified
  tokens_by_line = make_tokens_by_line(lines)
#5920	NEW    cov: 358 ft: 1002 corp: 130/496b lim: 11 exec/s: 1480 rss: 84Mb L: 11/11 MS: 1 CrossOver-
#5997	NEW    cov: 358 ft: 1003 corp: 131/507b lim: 11 exec/s: 1499 rss: 84Mb L: 11/11 MS: 2 CrossOver-InsertRepeatedBytes-
/app/ipython/fuzz.py:106: UserWarning: `make_tokens_by_line` received a list of lines which do not have lineending markers ('\n', '\r', '\r\n', '\x0b', '\x0c'), behavior will be unspecified
  result = make_tokens_by_line(lines)
/app/ipython/fuzz.py:106: UserWarning: `make_tokens_by_line` received a list of lines which do not have lineending markers ('\n', '\r', '\r\n', '\x0b', '\x0c'), behavior will be unspecified
  result = make_tokens_by_line(lines)
/app/ipython/IPython/core/inputtransformer2.py:608: UserWarning: `make_tokens_by_line` received a list of lines which do not have lineending markers ('\n', '\r', '\r\n', '\x0b', '\x0c'), behavior will be unspecified
  tokens_by_line = make_tokens_by_line(lines)
/app/ipython/IPython/core/inputtransformer2.py:714: UserWarning: `make_tokens_by_line` received a list of lines which do not have lineending markers ('\n', '\r', '\r\n', '\x0b', '\x0c'), behavior will be unspecified
  tokens_by_line = make_tokens_by_line(lines)
#6004	NEW    cov: 358 ft: 1007 corp: 132/517b lim: 11 exec/s: 1501 rss: 84Mb L: 10/11 MS: 2 ShuffleBytes-CrossOver-
#6005	NEW    cov: 358 ft: 1008 corp: 133/526b lim: 11 exec/s: 1501 rss: 84Mb L: 9/11 MS: 1 InsertByte-
#6087	NEW    cov: 358 ft: 1015 corp: 134/533b lim: 11 exec/s: 1521 rss: 84Mb L: 7/11 MS: 2 CopyPart-CrossOver-
#6114	NEW    cov: 358 ft: 1016 corp: 135/542b lim: 11 exec/s: 1528 rss: 84Mb L: 9/11 MS: 2 CrossOver-CopyPart-
#6157	NEW    cov: 358 ft: 1017 corp: 136/553b lim: 11 exec/s: 1539 rss: 84Mb L: 11/11 MS: 3 CrossOver-ChangeBinInt-CrossOver-
/app/ipython/IPython/core/inputtransformer2.py:608: UserWarning: `make_tokens_by_line` received a list of lines which do not have lineending markers ('\n', '\r', '\r\n', '\x0b', '\x0c'), behavior will be unspecified
  tokens_by_line = make_tokens_by_line(lines)
/app/ipython/IPython/core/inputtransformer2.py:714: UserWarning: `make_tokens_by_line` received a list of lines which do not have lineending markers ('\n', '\r', '\r\n', '\x0b', '\x0c'), behavior will be unspecified
  tokens_by_line = make_tokens_by_line(lines)
/app/ipython/fuzz.py:106: UserWarning: `make_tokens_by_line` received a list of lines which do not have lineending markers ('\n', '\r', '\r\n', '\x0b', '\x0c'), behavior will be unspecified
  result = make_tokens_by_line(lines)
/app/ipython/fuzz.py:106: UserWarning: `make_tokens_by_line` received a list of lines which do not have lineending markers ('\n', '\r', '\r\n', '\x0b', '\x0c'), behavior will be unspecified
  result = make_tokens_by_line(lines)
/app/ipython/fuzz.py:106: UserWarning: `make_tokens_by_line` received a list of lines which do not have lineending markers ('\n', '\r', '\r\n', '\x0b', '\x0c'), behavior will be unspecified
  result = make_tokens_by_line(lines)
/app/ipython/fuzz.py:106: UserWarning: `make_tokens_by_line` received a list of lines which do not have lineending markers ('\n', '\r', '\r\n', '\x0b', '\x0c'), behavior will be unspecified
  result = make_tokens_by_line(lines)
/app/ipython/fuzz.py:106: UserWarning: `make_tokens_by_line` received a list of lines which do not have lineending markers ('\n', '\r', '\r\n', '\x0b', '\x0c'), behavior will be unspecified
  result = make_tokens_by_line(lines)
/app/ipython/IPython/core/inputtransformer2.py:608: UserWarning: `make_tokens_by_line` received a list of lines which do not have lineending markers ('\n', '\r', '\r\n', '\x0b', '\x0c'), behavior will be unspecified
  tokens_by_line = make_tokens_by_line(lines)
/app/ipython/IPython/core/inputtransformer2.py:714: UserWarning: `make_tokens_by_line` received a list of lines which do not have lineending markers ('\n', '\r', '\r\n', '\x0b', '\x0c'), behavior will be unspecified
  tokens_by_line = make_tokens_by_line(lines)
/app/ipython/IPython/core/inputtransformer2.py:608: UserWarning: `make_tokens_by_line` received a list of lines which do not have lineending markers ('\n', '\r', '\r\n', '\x0b', '\x0c'), behavior will be unspecified
  tokens_by_line = make_tokens_by_line(lines)
/app/ipython/IPython/core/inputtransformer2.py:714: UserWarning: `make_tokens_by_line` received a list of lines which do not have lineending markers ('\n', '\r', '\r\n', '\x0b', '\x0c'), behavior will be unspecified
  tokens_by_line = make_tokens_by_line(lines)
/app/ipython/IPython/core/inputtransformer2.py:608: UserWarning: `make_tokens_by_line` received a list of lines which do not have lineending markers ('\n', '\r', '\r\n', '\x0b', '\x0c'), behavior will be unspecified
  tokens_by_line = make_tokens_by_line(lines)
/app/ipython/IPython/core/inputtransformer2.py:714: UserWarning: `make_tokens_by_line` received a list of lines which do not have lineending markers ('\n', '\r', '\r\n', '\x0b', '\x0c'), behavior will be unspecified
  tokens_by_line = make_tokens_by_line(lines)
#6385	NEW    cov: 358 ft: 1019 corp: 137/560b lim: 11 exec/s: 1596 rss: 84Mb L: 7/11 MS: 3 ShuffleBytes-ChangeBinInt-CrossOver-
#6455	NEW    cov: 358 ft: 1021 corp: 138/570b lim: 11 exec/s: 1613 rss: 84Mb L: 10/11 MS: 5 ChangeBit-ChangeBinInt-ChangeByte-ChangeBinInt-CopyPart-
/app/ipython/fuzz.py:106: UserWarning: `make_tokens_by_line` received a list of lines which do not have lineending markers ('\n', '\r', '\r\n', '\x0b', '\x0c'), behavior will be unspecified
  result = make_tokens_by_line(lines)
/app/ipython/fuzz.py:106: UserWarning: `make_tokens_by_line` received a list of lines which do not have lineending markers ('\n', '\r', '\r\n', '\x0b', '\x0c'), behavior will be unspecified
  result = make_tokens_by_line(lines)
/app/ipython/fuzz.py:106: UserWarning: `make_tokens_by_line` received a list of lines which do not have lineending markers ('\n', '\r', '\r\n', '\x0b', '\x0c'), behavior will be unspecified
  result = make_tokens_by_line(lines)
/app/ipython/IPython/core/inputtransformer2.py:608: UserWarning: `make_tokens_by_line` received a list of lines which do not have lineending markers ('\n', '\r', '\r\n', '\x0b', '\x0c'), behavior will be unspecified
  tokens_by_line = make_tokens_by_line(lines)
/app/ipython/IPython/core/inputtransformer2.py:714: UserWarning: `make_tokens_by_line` received a list of lines which do not have lineending markers ('\n', '\r', '\r\n', '\x0b', '\x0c'), behavior will be unspecified
  tokens_by_line = make_tokens_by_line(lines)
/app/ipython/fuzz.py:106: UserWarning: `make_tokens_by_line` received a list of lines which do not have lineending markers ('\n', '\r', '\r\n', '\x0b', '\x0c'), behavior will be unspecified
  result = make_tokens_by_line(lines)
/app/ipython/IPython/core/inputtransformer2.py:608: UserWarning: `make_tokens_by_line` received a list of lines which do not have lineending markers ('\n', '\r', '\r\n', '\x0b', '\x0c'), behavior will be unspecified
  tokens_by_line = make_tokens_by_line(lines)
/app/ipython/IPython/core/inputtransformer2.py:714: UserWarning: `make_tokens_by_line` received a list of lines which do not have lineending markers ('\n', '\r', '\r\n', '\x0b', '\x0c'), behavior will be unspecified
  tokens_by_line = make_tokens_by_line(lines)
/app/ipython/fuzz.py:106: UserWarning: `make_tokens_by_line` received a list of lines which do not have lineending markers ('\n', '\r', '\r\n', '\x0b', '\x0c'), behavior will be unspecified
  result = make_tokens_by_line(lines)
/app/ipython/IPython/core/inputtransformer2.py:608: UserWarning: `make_tokens_by_line` received a list of lines which do not have lineending markers ('\n', '\r', '\r\n', '\x0b', '\x0c'), behavior will be unspecified
  tokens_by_line = make_tokens_by_line(lines)
/app/ipython/IPython/core/inputtransformer2.py:714: UserWarning: `make_tokens_by_line` received a list of lines which do not have lineending markers ('\n', '\r', '\r\n', '\x0b', '\x0c'), behavior will be unspecified
  tokens_by_line = make_tokens_by_line(lines)
/app/ipython/fuzz.py:106: UserWarning: `make_tokens_by_line` received a list of lines which do not have lineending markers ('\n', '\r', '\r\n', '\x0b', '\x0c'), behavior will be unspecified
  result = make_tokens_by_line(lines)
/app/ipython/IPython/core/inputtransformer2.py:608: UserWarning: `make_tokens_by_line` received a list of lines which do not have lineending markers ('\n', '\r', '\r\n', '\x0b', '\x0c'), behavior will be unspecified
  tokens_by_line = make_tokens_by_line(lines)
/app/ipython/IPython/core/inputtransformer2.py:714: UserWarning: `make_tokens_by_line` received a list of lines which do not have lineending markers ('\n', '\r', '\r\n', '\x0b', '\x0c'), behavior will be unspecified
  tokens_by_line = make_tokens_by_line(lines)
/app/ipython/IPython/core/inputtransformer2.py:608: UserWarning: `make_tokens_by_line` received a list of lines which do not have lineending markers ('\n', '\r', '\r\n', '\x0b', '\x0c'), behavior will be unspecified
  tokens_by_line = make_tokens_by_line(lines)
/app/ipython/IPython/core/inputtransformer2.py:714: UserWarning: `make_tokens_by_line` received a list of lines which do not have lineending markers ('\n', '\r', '\r\n', '\x0b', '\x0c'), behavior will be unspecified
  tokens_by_line = make_tokens_by_line(lines)
/app/ipython/fuzz.py:106: UserWarning: `make_tokens_by_line` received a list of lines which do not have lineending markers ('\n', '\r', '\r\n', '\x0b', '\x0c'), behavior will be unspecified
  result = make_tokens_by_line(lines)
/app/ipython/IPython/core/inputtransformer2.py:608: UserWarning: `make_tokens_by_line` received a list of lines which do not have lineending markers ('\n', '\r', '\r\n', '\x0b', '\x0c'), behavior will be unspecified
  tokens_by_line = make_tokens_by_line(lines)
/app/ipython/IPython/core/inputtransformer2.py:714: UserWarning: `make_tokens_by_line` received a list of lines which do not have lineending markers ('\n', '\r', '\r\n', '\x0b', '\x0c'), behavior will be unspecified
  tokens_by_line = make_tokens_by_line(lines)
/app/ipython/IPython/core/inputtransformer2.py:608: UserWarning: `make_tokens_by_line` received a list of lines which do not have lineending markers ('\n', '\r', '\r\n', '\x0b', '\x0c'), behavior will be unspecified
  tokens_by_line = make_tokens_by_line(lines)
/app/ipython/IPython/core/inputtransformer2.py:714: UserWarning: `make_tokens_by_line` received a list of lines which do not have lineending markers ('\n', '\r', '\r\n', '\x0b', '\x0c'), behavior will be unspecified
  tokens_by_line = make_tokens_by_line(lines)
/app/ipython/IPython/core/inputtransformer2.py:608: UserWarning: `make_tokens_by_line` received a list of lines which do not have lineending markers ('\n', '\r', '\r\n', '\x0b', '\x0c'), behavior will be unspecified
  tokens_by_line = make_tokens_by_line(lines)
/app/ipython/IPython/core/inputtransformer2.py:714: UserWarning: `make_tokens_by_line` received a list of lines which do not have lineending markers ('\n', '\r', '\r\n', '\x0b', '\x0c'), behavior will be unspecified
  tokens_by_line = make_tokens_by_line(lines)
/app/ipython/fuzz.py:106: UserWarning: `make_tokens_by_line` received a list of lines which do not have lineending markers ('\n', '\r', '\r\n', '\x0b', '\x0c'), behavior will be unspecified
  result = make_tokens_by_line(lines)
/app/ipython/IPython/core/inputtransformer2.py:608: UserWarning: `make_tokens_by_line` received a list of lines which do not have lineending markers ('\n', '\r', '\r\n', '\x0b', '\x0c'), behavior will be unspecified
  tokens_by_line = make_tokens_by_line(lines)
/app/ipython/IPython/core/inputtransformer2.py:714: UserWarning: `make_tokens_by_line` received a list of lines which do not have lineending markers ('\n', '\r', '\r\n', '\x0b', '\x0c'), behavior will be unspecified
  tokens_by_line = make_tokens_by_line(lines)
/app/ipython/fuzz.py:106: UserWarning: `make_tokens_by_line` received a list of lines which do not have lineending markers ('\n', '\r', '\r\n', '\x0b', '\x0c'), behavior will be unspecified
  result = make_tokens_by_line(lines)
/app/ipython/fuzz.py:106: UserWarning: `make_tokens_by_line` received a list of lines which do not have lineending markers ('\n', '\r', '\r\n', '\x0b', '\x0c'), behavior will be unspecified
  result = make_tokens_by_line(lines)
/app/ipython/IPython/core/inputtransformer2.py:608: UserWarning: `make_tokens_by_line` received a list of lines which do not have lineending markers ('\n', '\r', '\r\n', '\x0b', '\x0c'), behavior will be unspecified
  tokens_by_line = make_tokens_by_line(lines)
/app/ipython/IPython/core/inputtransformer2.py:714: UserWarning: `make_tokens_by_line` received a list of lines which do not have lineending markers ('\n', '\r', '\r\n', '\x0b', '\x0c'), behavior will be unspecified
  tokens_by_line = make_tokens_by_line(lines)
/app/ipython/fuzz.py:106: UserWarning: `make_tokens_by_line` received a list of lines which do not have lineending markers ('\n', '\r', '\r\n', '\x0b', '\x0c'), behavior will be unspecified
  result = make_tokens_by_line(lines)
/app/ipython/IPython/core/inputtransformer2.py:608: UserWarning: `make_tokens_by_line` received a list of lines which do not have lineending markers ('\n', '\r', '\r\n', '\x0b', '\x0c'), behavior will be unspecified
  tokens_by_line = make_tokens_by_line(lines)
/app/ipython/IPython/core/inputtransformer2.py:714: UserWarning: `make_tokens_by_line` received a list of lines which do not have lineending markers ('\n', '\r', '\r\n', '\x0b', '\x0c'), behavior will be unspecified
  tokens_by_line = make_tokens_by_line(lines)
/app/ipython/fuzz.py:106: UserWarning: `make_tokens_by_line` received a list of lines which do not have lineending markers ('\n', '\r', '\r\n', '\x0b', '\x0c'), behavior will be unspecified
  result = make_tokens_by_line(lines)
/app/ipython/IPython/core/inputtransformer2.py:608: UserWarning: `make_tokens_by_line` received a list of lines which do not have lineending markers ('\n', '\r', '\r\n', '\x0b', '\x0c'), behavior will be unspecified
  tokens_by_line = make_tokens_by_line(lines)
/app/ipython/IPython/core/inputtransformer2.py:714: UserWarning: `make_tokens_by_line` received a list of lines which do not have lineending markers ('\n', '\r', '\r\n', '\x0b', '\x0c'), behavior will be unspecified
  tokens_by_line = make_tokens_by_line(lines)
/app/ipython/fuzz.py:106: UserWarning: `make_tokens_by_line` received a list of lines which do not have lineending markers ('\n', '\r', '\r\n', '\x0b', '\x0c'), behavior will be unspecified
  result = make_tokens_by_line(lines)
/app/ipython/IPython/core/inputtransformer2.py:608: UserWarning: `make_tokens_by_line` received a list of lines which do not have lineending markers ('\n', '\r', '\r\n', '\x0b', '\x0c'), behavior will be unspecified
  tokens_by_line = make_tokens_by_line(lines)
/app/ipython/IPython/core/inputtransformer2.py:714: UserWarning: `make_tokens_by_line` received a list of lines which do not have lineending markers ('\n', '\r', '\r\n', '\x0b', '\x0c'), behavior will be unspecified
  tokens_by_line = make_tokens_by_line(lines)
/app/ipython/fuzz.py:106: UserWarning: `make_tokens_by_line` received a list of lines which do not have lineending markers ('\n', '\r', '\r\n', '\x0b', '\x0c'), behavior will be unspecified
  result = make_tokens_by_line(lines)
#6687	NEW    cov: 358 ft: 1034 corp: 139/577b lim: 11 exec/s: 1337 rss: 84Mb L: 7/11 MS: 2 InsertByte-CopyPart-
/app/ipython/IPython/core/inputtransformer2.py:608: UserWarning: `make_tokens_by_line` received a list of lines which do not have lineending markers ('\n', '\r', '\r\n', '\x0b', '\x0c'), behavior will be unspecified
  tokens_by_line = make_tokens_by_line(lines)
/app/ipython/IPython/core/inputtransformer2.py:714: UserWarning: `make_tokens_by_line` received a list of lines which do not have lineending markers ('\n', '\r', '\r\n', '\x0b', '\x0c'), behavior will be unspecified
  tokens_by_line = make_tokens_by_line(lines)
/app/ipython/fuzz.py:106: UserWarning: `make_tokens_by_line` received a list of lines which do not have lineending markers ('\n', '\r', '\r\n', '\x0b', '\x0c'), behavior will be unspecified
  result = make_tokens_by_line(lines)
#6730	NEW    cov: 358 ft: 1035 corp: 140/582b lim: 11 exec/s: 1346 rss: 84Mb L: 5/11 MS: 3 ChangeBinInt-CopyPart-CopyPart-
/app/ipython/fuzz.py:106: UserWarning: `make_tokens_by_line` received a list of lines which do not have lineending markers ('\n', '\r', '\r\n', '\x0b', '\x0c'), behavior will be unspecified
  result = make_tokens_by_line(lines)
/app/ipython/fuzz.py:106: UserWarning: `make_tokens_by_line` received a list of lines which do not have lineending markers ('\n', '\r', '\r\n', '\x0b', '\x0c'), behavior will be unspecified
  result = make_tokens_by_line(lines)
/app/ipython/IPython/core/inputtransformer2.py:608: UserWarning: `make_tokens_by_line` received a list of lines which do not have lineending markers ('\n', '\r', '\r\n', '\x0b', '\x0c'), behavior will be unspecified
  tokens_by_line = make_tokens_by_line(lines)
/app/ipython/fuzz.py:106: UserWarning: `make_tokens_by_line` received a list of lines which do not have lineending markers ('\n', '\r', '\r\n', '\x0b', '\x0c'), behavior will be unspecified
  result = make_tokens_by_line(lines)
/app/ipython/IPython/core/inputtransformer2.py:608: UserWarning: `make_tokens_by_line` received a list of lines which do not have lineending markers ('\n', '\r', '\r\n', '\x0b', '\x0c'), behavior will be unspecified
  tokens_by_line = make_tokens_by_line(lines)
/app/ipython/fuzz.py:106: UserWarning: `make_tokens_by_line` received a list of lines which do not have lineending markers ('\n', '\r', '\r\n', '\x0b', '\x0c'), behavior will be unspecified
  result = make_tokens_by_line(lines)
/app/ipython/IPython/core/inputtransformer2.py:608: UserWarning: `make_tokens_by_line` received a list of lines which do not have lineending markers ('\n', '\r', '\r\n', '\x0b', '\x0c'), behavior will be unspecified
  tokens_by_line = make_tokens_by_line(lines)
/app/ipython/IPython/core/inputtransformer2.py:714: UserWarning: `make_tokens_by_line` received a list of lines which do not have lineending markers ('\n', '\r', '\r\n', '\x0b', '\x0c'), behavior will be unspecified
  tokens_by_line = make_tokens_by_line(lines)
/app/ipython/fuzz.py:106: UserWarning: `make_tokens_by_line` received a list of lines which do not have lineending markers ('\n', '\r', '\r\n', '\x0b', '\x0c'), behavior will be unspecified
  result = make_tokens_by_line(lines)
/app/ipython/IPython/core/inputtransformer2.py:608: UserWarning: `make_tokens_by_line` received a list of lines which do not have lineending markers ('\n', '\r', '\r\n', '\x0b', '\x0c'), behavior will be unspecified
  tokens_by_line = make_tokens_by_line(lines)
/app/ipython/IPython/core/inputtransformer2.py:714: UserWarning: `make_tokens_by_line` received a list of lines which do not have lineending markers ('\n', '\r', '\r\n', '\x0b', '\x0c'), behavior will be unspecified
  tokens_by_line = make_tokens_by_line(lines)
/app/ipython/fuzz.py:106: UserWarning: `make_tokens_by_line` received a list of lines which do not have lineending markers ('\n', '\r', '\r\n', '\x0b', '\x0c'), behavior will be unspecified
  result = make_tokens_by_line(lines)
/app/ipython/IPython/core/inputtransformer2.py:608: UserWarning: `make_tokens_by_line` received a list of lines which do not have lineending markers ('\n', '\r', '\r\n', '\x0b', '\x0c'), behavior will be unspecified
  tokens_by_line = make_tokens_by_line(lines)
/app/ipython/IPython/core/inputtransformer2.py:714: UserWarning: `make_tokens_by_line` received a list of lines which do not have lineending markers ('\n', '\r', '\r\n', '\x0b', '\x0c'), behavior will be unspecified
  tokens_by_line = make_tokens_by_line(lines)
/app/ipython/fuzz.py:106: UserWarning: `make_tokens_by_line` received a list of lines which do not have lineending markers ('\n', '\r', '\r\n', '\x0b', '\x0c'), behavior will be unspecified
  result = make_tokens_by_line(lines)
/app/ipython/IPython/core/inputtransformer2.py:608: UserWarning: `make_tokens_by_line` received a list of lines which do not have lineending markers ('\n', '\r', '\r\n', '\x0b', '\x0c'), behavior will be unspecified
  tokens_by_line = make_tokens_by_line(lines)
/app/ipython/IPython/core/inputtransformer2.py:714: UserWarning: `make_tokens_by_line` received a list of lines which do not have lineending markers ('\n', '\r', '\r\n', '\x0b', '\x0c'), behavior will be unspecified
  tokens_by_line = make_tokens_by_line(lines)
/app/ipython/IPython/core/inputtransformer2.py:608: UserWarning: `make_tokens_by_line` received a list of lines which do not have lineending markers ('\n', '\r', '\r\n', '\x0b', '\x0c'), behavior will be unspecified
  tokens_by_line = make_tokens_by_line(lines)
/app/ipython/IPython/core/inputtransformer2.py:714: UserWarning: `make_tokens_by_line` received a list of lines which do not have lineending markers ('\n', '\r', '\r\n', '\x0b', '\x0c'), behavior will be unspecified
  tokens_by_line = make_tokens_by_line(lines)
/app/ipython/IPython/core/inputtransformer2.py:608: UserWarning: `make_tokens_by_line` received a list of lines which do not have lineending markers ('\n', '\r', '\r\n', '\x0b', '\x0c'), behavior will be unspecified
  tokens_by_line = make_tokens_by_line(lines)
/app/ipython/IPython/core/inputtransformer2.py:714: UserWarning: `make_tokens_by_line` received a list of lines which do not have lineending markers ('\n', '\r', '\r\n', '\x0b', '\x0c'), behavior will be unspecified
  tokens_by_line = make_tokens_by_line(lines)
/app/ipython/IPython/core/inputtransformer2.py:608: UserWarning: `make_tokens_by_line` received a list of lines which do not have lineending markers ('\n', '\r', '\r\n', '\x0b', '\x0c'), behavior will be unspecified
  tokens_by_line = make_tokens_by_line(lines)
/app/ipython/IPython/core/inputtransformer2.py:714: UserWarning: `make_tokens_by_line` received a list of lines which do not have lineending markers ('\n', '\r', '\r\n', '\x0b', '\x0c'), behavior will be unspecified
  tokens_by_line = make_tokens_by_line(lines)
#6827	NEW    cov: 358 ft: 1058 corp: 141/590b lim: 11 exec/s: 1365 rss: 84Mb L: 8/11 MS: 2 CopyPart-CopyPart-
/app/ipython/IPython/core/inputtransformer2.py:608: UserWarning: `make_tokens_by_line` received a list of lines which do not have lineending markers ('\n', '\r', '\r\n', '\x0b', '\x0c'), behavior will be unspecified
  tokens_by_line = make_tokens_by_line(lines)
/app/ipython/IPython/core/inputtransformer2.py:714: UserWarning: `make_tokens_by_line` received a list of lines which do not have lineending markers ('\n', '\r', '\r\n', '\x0b', '\x0c'), behavior will be unspecified
  tokens_by_line = make_tokens_by_line(lines)
/app/ipython/fuzz.py:106: UserWarning: `make_tokens_by_line` received a list of lines which do not have lineending markers ('\n', '\r', '\r\n', '\x0b', '\x0c'), behavior will be unspecified
  result = make_tokens_by_line(lines)
/app/ipython/fuzz.py:106: UserWarning: `make_tokens_by_line` received a list of lines which do not have lineending markers ('\n', '\r', '\r\n', '\x0b', '\x0c'), behavior will be unspecified
  result = make_tokens_by_line(lines)
/app/ipython/IPython/core/inputtransformer2.py:608: UserWarning: `make_tokens_by_line` received a list of lines which do not have lineending markers ('\n', '\r', '\r\n', '\x0b', '\x0c'), behavior will be unspecified
  tokens_by_line = make_tokens_by_line(lines)
/app/ipython/IPython/core/inputtransformer2.py:714: UserWarning: `make_tokens_by_line` received a list of lines which do not have lineending markers ('\n', '\r', '\r\n', '\x0b', '\x0c'), behavior will be unspecified
  tokens_by_line = make_tokens_by_line(lines)
/app/ipython/IPython/core/inputtransformer2.py:608: UserWarning: `make_tokens_by_line` received a list of lines which do not have lineending markers ('\n', '\r', '\r\n', '\x0b', '\x0c'), behavior will be unspecified
  tokens_by_line = make_tokens_by_line(lines)
/app/ipython/IPython/core/inputtransformer2.py:714: UserWarning: `make_tokens_by_line` received a list of lines which do not have lineending markers ('\n', '\r', '\r\n', '\x0b', '\x0c'), behavior will be unspecified
  tokens_by_line = make_tokens_by_line(lines)
/app/ipython/IPython/core/inputtransformer2.py:608: UserWarning: `make_tokens_by_line` received a list of lines which do not have lineending markers ('\n', '\r', '\r\n', '\x0b', '\x0c'), behavior will be unspecified
  tokens_by_line = make_tokens_by_line(lines)
/app/ipython/IPython/core/inputtransformer2.py:714: UserWarning: `make_tokens_by_line` received a list of lines which do not have lineending markers ('\n', '\r', '\r\n', '\x0b', '\x0c'), behavior will be unspecified
  tokens_by_line = make_tokens_by_line(lines)
/app/ipython/IPython/core/inputtransformer2.py:608: UserWarning: `make_tokens_by_line` received a list of lines which do not have lineending markers ('\n', '\r', '\r\n', '\x0b', '\x0c'), behavior will be unspecified
  tokens_by_line = make_tokens_by_line(lines)
/app/ipython/IPython/core/inputtransformer2.py:714: UserWarning: `make_tokens_by_line` received a list of lines which do not have lineending markers ('\n', '\r', '\r\n', '\x0b', '\x0c'), behavior will be unspecified
  tokens_by_line = make_tokens_by_line(lines)
/app/ipython/IPython/core/inputtransformer2.py:608: UserWarning: `make_tokens_by_line` received a list of lines which do not have lineending markers ('\n', '\r', '\r\n', '\x0b', '\x0c'), behavior will be unspecified
  tokens_by_line = make_tokens_by_line(lines)
/app/ipython/IPython/core/inputtransformer2.py:714: UserWarning: `make_tokens_by_line` received a list of lines which do not have lineending markers ('\n', '\r', '\r\n', '\x0b', '\x0c'), behavior will be unspecified
  tokens_by_line = make_tokens_by_line(lines)
/app/ipython/fuzz.py:106: UserWarning: `make_tokens_by_line` received a list of lines which do not have lineending markers ('\n', '\r', '\r\n', '\x0b', '\x0c'), behavior will be unspecified
  result = make_tokens_by_line(lines)
/app/ipython/IPython/core/inputtransformer2.py:608: UserWarning: `make_tokens_by_line` received a list of lines which do not have lineending markers ('\n', '\r', '\r\n', '\x0b', '\x0c'), behavior will be unspecified
  tokens_by_line = make_tokens_by_line(lines)
/app/ipython/IPython/core/inputtransformer2.py:714: UserWarning: `make_tokens_by_line` received a list of lines which do not have lineending markers ('\n', '\r', '\r\n', '\x0b', '\x0c'), behavior will be unspecified
  tokens_by_line = make_tokens_by_line(lines)
/app/ipython/fuzz.py:106: UserWarning: `make_tokens_by_line` received a list of lines which do not have lineending markers ('\n', '\r', '\r\n', '\x0b', '\x0c'), behavior will be unspecified
  result = make_tokens_by_line(lines)
/app/ipython/IPython/core/inputtransformer2.py:608: UserWarning: `make_tokens_by_line` received a list of lines which do not have lineending markers ('\n', '\r', '\r\n', '\x0b', '\x0c'), behavior will be unspecified
  tokens_by_line = make_tokens_by_line(lines)
/app/ipython/IPython/core/inputtransformer2.py:714: UserWarning: `make_tokens_by_line` received a list of lines which do not have lineending markers ('\n', '\r', '\r\n', '\x0b', '\x0c'), behavior will be unspecified
  tokens_by_line = make_tokens_by_line(lines)
/app/ipython/fuzz.py:106: UserWarning: `make_tokens_by_line` received a list of lines which do not have lineending markers ('\n', '\r', '\r\n', '\x0b', '\x0c'), behavior will be unspecified
  result = make_tokens_by_line(lines)
/app/ipython/IPython/core/inputtransformer2.py:608: UserWarning: `make_tokens_by_line` received a list of lines which do not have lineending markers ('\n', '\r', '\r\n', '\x0b', '\x0c'), behavior will be unspecified
  tokens_by_line = make_tokens_by_line(lines)
/app/ipython/IPython/core/inputtransformer2.py:714: UserWarning: `make_tokens_by_line` received a list of lines which do not have lineending markers ('\n', '\r', '\r\n', '\x0b', '\x0c'), behavior will be unspecified
  tokens_by_line = make_tokens_by_line(lines)
/app/ipython/fuzz.py:106: UserWarning: `make_tokens_by_line` received a list of lines which do not have lineending markers ('\n', '\r', '\r\n', '\x0b', '\x0c'), behavior will be unspecified
  result = make_tokens_by_line(lines)
/app/ipython/IPython/core/inputtransformer2.py:608: UserWarning: `make_tokens_by_line` received a list of lines which do not have lineending markers ('\n', '\r', '\r\n', '\x0b', '\x0c'), behavior will be unspecified
  tokens_by_line = make_tokens_by_line(lines)
/app/ipython/IPython/core/inputtransformer2.py:714: UserWarning: `make_tokens_by_line` received a list of lines which do not have lineending markers ('\n', '\r', '\r\n', '\x0b', '\x0c'), behavior will be unspecified
  tokens_by_line = make_tokens_by_line(lines)
/app/ipython/IPython/core/inputtransformer2.py:608: UserWarning: `make_tokens_by_line` received a list of lines which do not have lineending markers ('\n', '\r', '\r\n', '\x0b', '\x0c'), behavior will be unspecified
  tokens_by_line = make_tokens_by_line(lines)
/app/ipython/IPython/core/inputtransformer2.py:714: UserWarning: `make_tokens_by_line` received a list of lines which do not have lineending markers ('\n', '\r', '\r\n', '\x0b', '\x0c'), behavior will be unspecified
  tokens_by_line = make_tokens_by_line(lines)
/app/ipython/IPython/core/inputtransformer2.py:608: UserWarning: `make_tokens_by_line` received a list of lines which do not have lineending markers ('\n', '\r', '\r\n', '\x0b', '\x0c'), behavior will be unspecified
  tokens_by_line = make_tokens_by_line(lines)
/app/ipython/IPython/core/inputtransformer2.py:714: UserWarning: `make_tokens_by_line` received a list of lines which do not have lineending markers ('\n', '\r', '\r\n', '\x0b', '\x0c'), behavior will be unspecified
  tokens_by_line = make_tokens_by_line(lines)
/app/ipython/IPython/core/inputtransformer2.py:608: UserWarning: `make_tokens_by_line` received a list of lines which do not have lineending markers ('\n', '\r', '\r\n', '\x0b', '\x0c'), behavior will be unspecified
  tokens_by_line = make_tokens_by_line(lines)
/app/ipython/IPython/core/inputtransformer2.py:714: UserWarning: `make_tokens_by_line` received a list of lines which do not have lineending markers ('\n', '\r', '\r\n', '\x0b', '\x0c'), behavior will be unspecified
  tokens_by_line = make_tokens_by_line(lines)
/app/ipython/IPython/core/inputtransformer2.py:608: UserWarning: `make_tokens_by_line` received a list of lines which do not have lineending markers ('\n', '\r', '\r\n', '\x0b', '\x0c'), behavior will be unspecified
  tokens_by_line = make_tokens_by_line(lines)
/app/ipython/IPython/core/inputtransformer2.py:714: UserWarning: `make_tokens_by_line` received a list of lines which do not have lineending markers ('\n', '\r', '\r\n', '\x0b', '\x0c'), behavior will be unspecified
  tokens_by_line = make_tokens_by_line(lines)
/app/ipython/IPython/core/inputtransformer2.py:608: UserWarning: `make_tokens_by_line` received a list of lines which do not have lineending markers ('\n', '\r', '\r\n', '\x0b', '\x0c'), behavior will be unspecified
  tokens_by_line = make_tokens_by_line(lines)
/app/ipython/IPython/core/inputtransformer2.py:714: UserWarning: `make_tokens_by_line` received a list of lines which do not have lineending markers ('\n', '\r', '\r\n', '\x0b', '\x0c'), behavior will be unspecified
  tokens_by_line = make_tokens_by_line(lines)
/app/ipython/IPython/core/inputtransformer2.py:608: UserWarning: `make_tokens_by_line` received a list of lines which do not have lineending markers ('\n', '\r', '\r\n', '\x0b', '\x0c'), behavior will be unspecified
  tokens_by_line = make_tokens_by_line(lines)
/app/ipython/IPython/core/inputtransformer2.py:714: UserWarning: `make_tokens_by_line` received a list of lines which do not have lineending markers ('\n', '\r', '\r\n', '\x0b', '\x0c'), behavior will be unspecified
  tokens_by_line = make_tokens_by_line(lines)
#7157	NEW    cov: 358 ft: 1059 corp: 142/603b lim: 14 exec/s: 1431 rss: 84Mb L: 13/13 MS: 5 InsertRepeatedBytes-ChangeBinInt-InsertRepeatedBytes-CMP-CrossOver- DE: "=\000\000\000\000\000\000\000"-
#7181	NEW    cov: 361 ft: 1062 corp: 143/610b lim: 14 exec/s: 1436 rss: 84Mb L: 7/13 MS: 4 InsertByte-EraseBytes-ChangeBinInt-ChangeByte-
#7184	NEW    cov: 361 ft: 1063 corp: 144/621b lim: 14 exec/s: 1436 rss: 84Mb L: 11/13 MS: 3 ChangeBit-InsertByte-ChangeBinInt-
/app/ipython/IPython/core/inputtransformer2.py:608: UserWarning: `make_tokens_by_line` received a list of lines which do not have lineending markers ('\n', '\r', '\r\n', '\x0b', '\x0c'), behavior will be unspecified
  tokens_by_line = make_tokens_by_line(lines)
/app/ipython/IPython/core/inputtransformer2.py:714: UserWarning: `make_tokens_by_line` received a list of lines which do not have lineending markers ('\n', '\r', '\r\n', '\x0b', '\x0c'), behavior will be unspecified
  tokens_by_line = make_tokens_by_line(lines)
/app/ipython/fuzz.py:106: UserWarning: `make_tokens_by_line` received a list of lines which do not have lineending markers ('\n', '\r', '\r\n', '\x0b', '\x0c'), behavior will be unspecified
  result = make_tokens_by_line(lines)
/app/ipython/IPython/core/inputtransformer2.py:608: UserWarning: `make_tokens_by_line` received a list of lines which do not have lineending markers ('\n', '\r', '\r\n', '\x0b', '\x0c'), behavior will be unspecified
  tokens_by_line = make_tokens_by_line(lines)
/app/ipython/IPython/core/inputtransformer2.py:714: UserWarning: `make_tokens_by_line` received a list of lines which do not have lineending markers ('\n', '\r', '\r\n', '\x0b', '\x0c'), behavior will be unspecified
  tokens_by_line = make_tokens_by_line(lines)
/app/ipython/fuzz.py:106: UserWarning: `make_tokens_by_line` received a list of lines which do not have lineending markers ('\n', '\r', '\r\n', '\x0b', '\x0c'), behavior will be unspecified
  result = make_tokens_by_line(lines)
/app/ipython/IPython/core/inputtransformer2.py:608: UserWarning: `make_tokens_by_line` received a list of lines which do not have lineending markers ('\n', '\r', '\r\n', '\x0b', '\x0c'), behavior will be unspecified
  tokens_by_line = make_tokens_by_line(lines)
/app/ipython/IPython/core/inputtransformer2.py:714: UserWarning: `make_tokens_by_line` received a list of lines which do not have lineending markers ('\n', '\r', '\r\n', '\x0b', '\x0c'), behavior will be unspecified
  tokens_by_line = make_tokens_by_line(lines)
/app/ipython/fuzz.py:106: UserWarning: `make_tokens_by_line` received a list of lines which do not have lineending markers ('\n', '\r', '\r\n', '\x0b', '\x0c'), behavior will be unspecified
  result = make_tokens_by_line(lines)
/app/ipython/IPython/core/inputtransformer2.py:608: UserWarning: `make_tokens_by_line` received a list of lines which do not have lineending markers ('\n', '\r', '\r\n', '\x0b', '\x0c'), behavior will be unspecified
  tokens_by_line = make_tokens_by_line(lines)
/app/ipython/IPython/core/inputtransformer2.py:714: UserWarning: `make_tokens_by_line` received a list of lines which do not have lineending markers ('\n', '\r', '\r\n', '\x0b', '\x0c'), behavior will be unspecified
  tokens_by_line = make_tokens_by_line(lines)
/app/ipython/fuzz.py:106: UserWarning: `make_tokens_by_line` received a list of lines which do not have lineending markers ('\n', '\r', '\r\n', '\x0b', '\x0c'), behavior will be unspecified
  result = make_tokens_by_line(lines)
/app/ipython/fuzz.py:106: UserWarning: `make_tokens_by_line` received a list of lines which do not have lineending markers ('\n', '\r', '\r\n', '\x0b', '\x0c'), behavior will be unspecified
  result = make_tokens_by_line(lines)
/app/ipython/fuzz.py:106: UserWarning: `make_tokens_by_line` received a list of lines which do not have lineending markers ('\n', '\r', '\r\n', '\x0b', '\x0c'), behavior will be unspecified
  result = make_tokens_by_line(lines)
/app/ipython/IPython/core/inputtransformer2.py:608: UserWarning: `make_tokens_by_line` received a list of lines which do not have lineending markers ('\n', '\r', '\r\n', '\x0b', '\x0c'), behavior will be unspecified
  tokens_by_line = make_tokens_by_line(lines)
/app/ipython/IPython/core/inputtransformer2.py:714: UserWarning: `make_tokens_by_line` received a list of lines which do not have lineending markers ('\n', '\r', '\r\n', '\x0b', '\x0c'), behavior will be unspecified
  tokens_by_line = make_tokens_by_line(lines)
/app/ipython/fuzz.py:106: UserWarning: `make_tokens_by_line` received a list of lines which do not have lineending markers ('\n', '\r', '\r\n', '\x0b', '\x0c'), behavior will be unspecified
  result = make_tokens_by_line(lines)
/app/ipython/fuzz.py:106: UserWarning: `make_tokens_by_line` received a list of lines which do not have lineending markers ('\n', '\r', '\r\n', '\x0b', '\x0c'), behavior will be unspecified
  result = make_tokens_by_line(lines)
/app/ipython/IPython/core/inputtransformer2.py:608: UserWarning: `make_tokens_by_line` received a list of lines which do not have lineending markers ('\n', '\r', '\r\n', '\x0b', '\x0c'), behavior will be unspecified
  tokens_by_line = make_tokens_by_line(lines)
/app/ipython/IPython/core/inputtransformer2.py:714: UserWarning: `make_tokens_by_line` received a list of lines which do not have lineending markers ('\n', '\r', '\r\n', '\x0b', '\x0c'), behavior will be unspecified
  tokens_by_line = make_tokens_by_line(lines)
/app/ipython/fuzz.py:106: UserWarning: `make_tokens_by_line` received a list of lines which do not have lineending markers ('\n', '\r', '\r\n', '\x0b', '\x0c'), behavior will be unspecified
  result = make_tokens_by_line(lines)
#7329	NEW    cov: 361 ft: 1071 corp: 145/635b lim: 14 exec/s: 1465 rss: 84Mb L: 14/14 MS: 5 ChangeBit-CopyPart-CopyPart-InsertByte-ShuffleBytes-
/app/ipython/IPython/core/inputtransformer2.py:608: UserWarning: `make_tokens_by_line` received a list of lines which do not have lineending markers ('\n', '\r', '\r\n', '\x0b', '\x0c'), behavior will be unspecified
  tokens_by_line = make_tokens_by_line(lines)
/app/ipython/IPython/core/inputtransformer2.py:714: UserWarning: `make_tokens_by_line` received a list of lines which do not have lineending markers ('\n', '\r', '\r\n', '\x0b', '\x0c'), behavior will be unspecified
  tokens_by_line = make_tokens_by_line(lines)
/app/ipython/fuzz.py:106: UserWarning: `make_tokens_by_line` received a list of lines which do not have lineending markers ('\n', '\r', '\r\n', '\x0b', '\x0c'), behavior will be unspecified
  result = make_tokens_by_line(lines)
/app/ipython/IPython/core/inputtransformer2.py:608: UserWarning: `make_tokens_by_line` received a list of lines which do not have lineending markers ('\n', '\r', '\r\n', '\x0b', '\x0c'), behavior will be unspecified
  tokens_by_line = make_tokens_by_line(lines)
/app/ipython/IPython/core/inputtransformer2.py:714: UserWarning: `make_tokens_by_line` received a list of lines which do not have lineending markers ('\n', '\r', '\r\n', '\x0b', '\x0c'), behavior will be unspecified
  tokens_by_line = make_tokens_by_line(lines)
/app/ipython/fuzz.py:106: UserWarning: `make_tokens_by_line` received a list of lines which do not have lineending markers ('\n', '\r', '\r\n', '\x0b', '\x0c'), behavior will be unspecified
  result = make_tokens_by_line(lines)
/app/ipython/IPython/core/inputtransformer2.py:608: UserWarning: `make_tokens_by_line` received a list of lines which do not have lineending markers ('\n', '\r', '\r\n', '\x0b', '\x0c'), behavior will be unspecified
  tokens_by_line = make_tokens_by_line(lines)
/app/ipython/IPython/core/inputtransformer2.py:714: UserWarning: `make_tokens_by_line` received a list of lines which do not have lineending markers ('\n', '\r', '\r\n', '\x0b', '\x0c'), behavior will be unspecified
  tokens_by_line = make_tokens_by_line(lines)
/app/ipython/IPython/core/inputtransformer2.py:608: UserWarning: `make_tokens_by_line` received a list of lines which do not have lineending markers ('\n', '\r', '\r\n', '\x0b', '\x0c'), behavior will be unspecified
  tokens_by_line = make_tokens_by_line(lines)
/app/ipython/IPython/core/inputtransformer2.py:714: UserWarning: `make_tokens_by_line` received a list of lines which do not have lineending markers ('\n', '\r', '\r\n', '\x0b', '\x0c'), behavior will be unspecified
  tokens_by_line = make_tokens_by_line(lines)
/app/ipython/IPython/core/inputtransformer2.py:608: UserWarning: `make_tokens_by_line` received a list of lines which do not have lineending markers ('\n', '\r', '\r\n', '\x0b', '\x0c'), behavior will be unspecified
  tokens_by_line = make_tokens_by_line(lines)
/app/ipython/IPython/core/inputtransformer2.py:714: UserWarning: `make_tokens_by_line` received a list of lines which do not have lineending markers ('\n', '\r', '\r\n', '\x0b', '\x0c'), behavior will be unspecified
  tokens_by_line = make_tokens_by_line(lines)
/app/ipython/IPython/core/inputtransformer2.py:608: UserWarning: `make_tokens_by_line` received a list of lines which do not have lineending markers ('\n', '\r', '\r\n', '\x0b', '\x0c'), behavior will be unspecified
  tokens_by_line = make_tokens_by_line(lines)
/app/ipython/IPython/core/inputtransformer2.py:714: UserWarning: `make_tokens_by_line` received a list of lines which do not have lineending markers ('\n', '\r', '\r\n', '\x0b', '\x0c'), behavior will be unspecified
  tokens_by_line = make_tokens_by_line(lines)
/app/ipython/IPython/core/inputtransformer2.py:608: UserWarning: `make_tokens_by_line` received a list of lines which do not have lineending markers ('\n', '\r', '\r\n', '\x0b', '\x0c'), behavior will be unspecified
  tokens_by_line = make_tokens_by_line(lines)
/app/ipython/IPython/core/inputtransformer2.py:714: UserWarning: `make_tokens_by_line` received a list of lines which do not have lineending markers ('\n', '\r', '\r\n', '\x0b', '\x0c'), behavior will be unspecified
  tokens_by_line = make_tokens_by_line(lines)
#7605	REDUCE cov: 361 ft: 1071 corp: 145/634b lim: 14 exec/s: 1521 rss: 84Mb L: 4/14 MS: 1 EraseBytes-
#7612	NEW    cov: 361 ft: 1092 corp: 146/643b lim: 14 exec/s: 1522 rss: 84Mb L: 9/14 MS: 2 InsertByte-CopyPart-
/app/ipython/fuzz.py:106: UserWarning: `make_tokens_by_line` received a list of lines which do not have lineending markers ('\n', '\r', '\r\n', '\x0b', '\x0c'), behavior will be unspecified
  result = make_tokens_by_line(lines)
/app/ipython/fuzz.py:106: UserWarning: `make_tokens_by_line` received a list of lines which do not have lineending markers ('\n', '\r', '\r\n', '\x0b', '\x0c'), behavior will be unspecified
  result = make_tokens_by_line(lines)
/app/ipython/fuzz.py:106: UserWarning: `make_tokens_by_line` received a list of lines which do not have lineending markers ('\n', '\r', '\r\n', '\x0b', '\x0c'), behavior will be unspecified
  result = make_tokens_by_line(lines)
#7689	NEW    cov: 361 ft: 1094 corp: 147/649b lim: 14 exec/s: 1537 rss: 84Mb L: 6/14 MS: 2 ChangeByte-EraseBytes-
/app/ipython/IPython/core/inputtransformer2.py:608: UserWarning: `make_tokens_by_line` received a list of lines which do not have lineending markers ('\n', '\r', '\r\n', '\x0b', '\x0c'), behavior will be unspecified
  tokens_by_line = make_tokens_by_line(lines)
/app/ipython/IPython/core/inputtransformer2.py:714: UserWarning: `make_tokens_by_line` received a list of lines which do not have lineending markers ('\n', '\r', '\r\n', '\x0b', '\x0c'), behavior will be unspecified
  tokens_by_line = make_tokens_by_line(lines)
/app/ipython/IPython/core/inputtransformer2.py:608: UserWarning: `make_tokens_by_line` received a list of lines which do not have lineending markers ('\n', '\r', '\r\n', '\x0b', '\x0c'), behavior will be unspecified
  tokens_by_line = make_tokens_by_line(lines)
/app/ipython/IPython/core/inputtransformer2.py:714: UserWarning: `make_tokens_by_line` received a list of lines which do not have lineending markers ('\n', '\r', '\r\n', '\x0b', '\x0c'), behavior will be unspecified
  tokens_by_line = make_tokens_by_line(lines)
/app/ipython/IPython/core/inputtransformer2.py:608: UserWarning: `make_tokens_by_line` received a list of lines which do not have lineending markers ('\n', '\r', '\r\n', '\x0b', '\x0c'), behavior will be unspecified
  tokens_by_line = make_tokens_by_line(lines)
/app/ipython/IPython/core/inputtransformer2.py:714: UserWarning: `make_tokens_by_line` received a list of lines which do not have lineending markers ('\n', '\r', '\r\n', '\x0b', '\x0c'), behavior will be unspecified
  tokens_by_line = make_tokens_by_line(lines)
/app/ipython/IPython/core/inputtransformer2.py:608: UserWarning: `make_tokens_by_line` received a list of lines which do not have lineending markers ('\n', '\r', '\r\n', '\x0b', '\x0c'), behavior will be unspecified
  tokens_by_line = make_tokens_by_line(lines)
/app/ipython/IPython/core/inputtransformer2.py:608: UserWarning: `make_tokens_by_line` received a list of lines which do not have lineending markers ('\n', '\r', '\r\n', '\x0b', '\x0c'), behavior will be unspecified
  tokens_by_line = make_tokens_by_line(lines)
/app/ipython/IPython/core/inputtransformer2.py:608: UserWarning: `make_tokens_by_line` received a list of lines which do not have lineending markers ('\n', '\r', '\r\n', '\x0b', '\x0c'), behavior will be unspecified
  tokens_by_line = make_tokens_by_line(lines)
/app/ipython/IPython/core/inputtransformer2.py:714: UserWarning: `make_tokens_by_line` received a list of lines which do not have lineending markers ('\n', '\r', '\r\n', '\x0b', '\x0c'), behavior will be unspecified
  tokens_by_line = make_tokens_by_line(lines)
/app/ipython/fuzz.py:106: UserWarning: `make_tokens_by_line` received a list of lines which do not have lineending markers ('\n', '\r', '\r\n', '\x0b', '\x0c'), behavior will be unspecified
  result = make_tokens_by_line(lines)
/app/ipython/IPython/core/inputtransformer2.py:608: UserWarning: `make_tokens_by_line` received a list of lines which do not have lineending markers ('\n', '\r', '\r\n', '\x0b', '\x0c'), behavior will be unspecified
  tokens_by_line = make_tokens_by_line(lines)
/app/ipython/IPython/core/inputtransformer2.py:714: UserWarning: `make_tokens_by_line` received a list of lines which do not have lineending markers ('\n', '\r', '\r\n', '\x0b', '\x0c'), behavior will be unspecified
  tokens_by_line = make_tokens_by_line(lines)
/app/ipython/IPython/core/inputtransformer2.py:608: UserWarning: `make_tokens_by_line` received a list of lines which do not have lineending markers ('\n', '\r', '\r\n', '\x0b', '\x0c'), behavior will be unspecified
  tokens_by_line = make_tokens_by_line(lines)
/app/ipython/IPython/core/inputtransformer2.py:714: UserWarning: `make_tokens_by_line` received a list of lines which do not have lineending markers ('\n', '\r', '\r\n', '\x0b', '\x0c'), behavior will be unspecified
  tokens_by_line = make_tokens_by_line(lines)
/app/ipython/IPython/core/inputtransformer2.py:608: UserWarning: `make_tokens_by_line` received a list of lines which do not have lineending markers ('\n', '\r', '\r\n', '\x0b', '\x0c'), behavior will be unspecified
  tokens_by_line = make_tokens_by_line(lines)
/app/ipython/IPython/core/inputtransformer2.py:714: UserWarning: `make_tokens_by_line` received a list of lines which do not have lineending markers ('\n', '\r', '\r\n', '\x0b', '\x0c'), behavior will be unspecified
  tokens_by_line = make_tokens_by_line(lines)
/app/ipython/IPython/core/inputtransformer2.py:608: UserWarning: `make_tokens_by_line` received a list of lines which do not have lineending markers ('\n', '\r', '\r\n', '\x0b', '\x0c'), behavior will be unspecified
  tokens_by_line = make_tokens_by_line(lines)
/app/ipython/IPython/core/inputtransformer2.py:714: UserWarning: `make_tokens_by_line` received a list of lines which do not have lineending markers ('\n', '\r', '\r\n', '\x0b', '\x0c'), behavior will be unspecified
  tokens_by_line = make_tokens_by_line(lines)
#7935	REDUCE cov: 361 ft: 1094 corp: 147/648b lim: 14 exec/s: 1322 rss: 84Mb L: 7/14 MS: 1 EraseBytes-
/app/ipython/IPython/core/inputtransformer2.py:608: UserWarning: `make_tokens_by_line` received a list of lines which do not have lineending markers ('\n', '\r', '\r\n', '\x0b', '\x0c'), behavior will be unspecified
  tokens_by_line = make_tokens_by_line(lines)
/app/ipython/IPython/core/inputtransformer2.py:714: UserWarning: `make_tokens_by_line` received a list of lines which do not have lineending markers ('\n', '\r', '\r\n', '\x0b', '\x0c'), behavior will be unspecified
  tokens_by_line = make_tokens_by_line(lines)
/app/ipython/IPython/core/inputtransformer2.py:608: UserWarning: `make_tokens_by_line` received a list of lines which do not have lineending markers ('\n', '\r', '\r\n', '\x0b', '\x0c'), behavior will be unspecified
  tokens_by_line = make_tokens_by_line(lines)
/app/ipython/IPython/core/inputtransformer2.py:714: UserWarning: `make_tokens_by_line` received a list of lines which do not have lineending markers ('\n', '\r', '\r\n', '\x0b', '\x0c'), behavior will be unspecified
  tokens_by_line = make_tokens_by_line(lines)
/app/ipython/IPython/core/inputtransformer2.py:608: UserWarning: `make_tokens_by_line` received a list of lines which do not have lineending markers ('\n', '\r', '\r\n', '\x0b', '\x0c'), behavior will be unspecified
  tokens_by_line = make_tokens_by_line(lines)
/app/ipython/IPython/core/inputtransformer2.py:714: UserWarning: `make_tokens_by_line` received a list of lines which do not have lineending markers ('\n', '\r', '\r\n', '\x0b', '\x0c'), behavior will be unspecified
  tokens_by_line = make_tokens_by_line(lines)
/app/ipython/IPython/core/inputtransformer2.py:608: UserWarning: `make_tokens_by_line` received a list of lines which do not have lineending markers ('\n', '\r', '\r\n', '\x0b', '\x0c'), behavior will be unspecified
  tokens_by_line = make_tokens_by_line(lines)
/app/ipython/IPython/core/inputtransformer2.py:714: UserWarning: `make_tokens_by_line` received a list of lines which do not have lineending markers ('\n', '\r', '\r\n', '\x0b', '\x0c'), behavior will be unspecified
  tokens_by_line = make_tokens_by_line(lines)
/app/ipython/IPython/core/inputtransformer2.py:608: UserWarning: `make_tokens_by_line` received a list of lines which do not have lineending markers ('\n', '\r', '\r\n', '\x0b', '\x0c'), behavior will be unspecified
  tokens_by_line = make_tokens_by_line(lines)
/app/ipython/IPython/core/inputtransformer2.py:714: UserWarning: `make_tokens_by_line` received a list of lines which do not have lineending markers ('\n', '\r', '\r\n', '\x0b', '\x0c'), behavior will be unspecified
  tokens_by_line = make_tokens_by_line(lines)
/app/ipython/IPython/core/inputtransformer2.py:608: UserWarning: `make_tokens_by_line` received a list of lines which do not have lineending markers ('\n', '\r', '\r\n', '\x0b', '\x0c'), behavior will be unspecified
  tokens_by_line = make_tokens_by_line(lines)
/app/ipython/IPython/core/inputtransformer2.py:714: UserWarning: `make_tokens_by_line` received a list of lines which do not have lineending markers ('\n', '\r', '\r\n', '\x0b', '\x0c'), behavior will be unspecified
  tokens_by_line = make_tokens_by_line(lines)
/app/ipython/IPython/core/inputtransformer2.py:608: UserWarning: `make_tokens_by_line` received a list of lines which do not have lineending markers ('\n', '\r', '\r\n', '\x0b', '\x0c'), behavior will be unspecified
  tokens_by_line = make_tokens_by_line(lines)
/app/ipython/IPython/core/inputtransformer2.py:608: UserWarning: `make_tokens_by_line` received a list of lines which do not have lineending markers ('\n', '\r', '\r\n', '\x0b', '\x0c'), behavior will be unspecified
  tokens_by_line = make_tokens_by_line(lines)
/app/ipython/IPython/core/inputtransformer2.py:608: UserWarning: `make_tokens_by_line` received a list of lines which do not have lineending markers ('\n', '\r', '\r\n', '\x0b', '\x0c'), behavior will be unspecified
  tokens_by_line = make_tokens_by_line(lines)
/app/ipython/IPython/core/inputtransformer2.py:608: UserWarning: `make_tokens_by_line` received a list of lines which do not have lineending markers ('\n', '\r', '\r\n', '\x0b', '\x0c'), behavior will be unspecified
  tokens_by_line = make_tokens_by_line(lines)
/app/ipython/IPython/core/inputtransformer2.py:714: UserWarning: `make_tokens_by_line` received a list of lines which do not have lineending markers ('\n', '\r', '\r\n', '\x0b', '\x0c'), behavior will be unspecified
  tokens_by_line = make_tokens_by_line(lines)
/app/ipython/fuzz.py:106: UserWarning: `make_tokens_by_line` received a list of lines which do not have lineending markers ('\n', '\r', '\r\n', '\x0b', '\x0c'), behavior will be unspecified
  result = make_tokens_by_line(lines)
/app/ipython/IPython/core/inputtransformer2.py:608: UserWarning: `make_tokens_by_line` received a list of lines which do not have lineending markers ('\n', '\r', '\r\n', '\x0b', '\x0c'), behavior will be unspecified
  tokens_by_line = make_tokens_by_line(lines)
/app/ipython/IPython/core/inputtransformer2.py:714: UserWarning: `make_tokens_by_line` received a list of lines which do not have lineending markers ('\n', '\r', '\r\n', '\x0b', '\x0c'), behavior will be unspecified
  tokens_by_line = make_tokens_by_line(lines)
/app/ipython/IPython/core/inputtransformer2.py:608: UserWarning: `make_tokens_by_line` received a list of lines which do not have lineending markers ('\n', '\r', '\r\n', '\x0b', '\x0c'), behavior will be unspecified
  tokens_by_line = make_tokens_by_line(lines)
/app/ipython/IPython/core/inputtransformer2.py:714: UserWarning: `make_tokens_by_line` received a list of lines which do not have lineending markers ('\n', '\r', '\r\n', '\x0b', '\x0c'), behavior will be unspecified
  tokens_by_line = make_tokens_by_line(lines)
/app/ipython/IPython/core/inputtransformer2.py:608: UserWarning: `make_tokens_by_line` received a list of lines which do not have lineending markers ('\n', '\r', '\r\n', '\x0b', '\x0c'), behavior will be unspecified
  tokens_by_line = make_tokens_by_line(lines)
/app/ipython/IPython/core/inputtransformer2.py:608: UserWarning: `make_tokens_by_line` received a list of lines which do not have lineending markers ('\n', '\r', '\r\n', '\x0b', '\x0c'), behavior will be unspecified
  tokens_by_line = make_tokens_by_line(lines)
/app/ipython/IPython/core/inputtransformer2.py:714: UserWarning: `make_tokens_by_line` received a list of lines which do not have lineending markers ('\n', '\r', '\r\n', '\x0b', '\x0c'), behavior will be unspecified
  tokens_by_line = make_tokens_by_line(lines)
/app/ipython/IPython/core/inputtransformer2.py:608: UserWarning: `make_tokens_by_line` received a list of lines which do not have lineending markers ('\n', '\r', '\r\n', '\x0b', '\x0c'), behavior will be unspecified
  tokens_by_line = make_tokens_by_line(lines)
/app/ipython/IPython/core/inputtransformer2.py:714: UserWarning: `make_tokens_by_line` received a list of lines which do not have lineending markers ('\n', '\r', '\r\n', '\x0b', '\x0c'), behavior will be unspecified
  tokens_by_line = make_tokens_by_line(lines)
/app/ipython/fuzz.py:106: UserWarning: `make_tokens_by_line` received a list of lines which do not have lineending markers ('\n', '\r', '\r\n', '\x0b', '\x0c'), behavior will be unspecified
  result = make_tokens_by_line(lines)
/app/ipython/IPython/core/inputtransformer2.py:608: UserWarning: `make_tokens_by_line` received a list of lines which do not have lineending markers ('\n', '\r', '\r\n', '\x0b', '\x0c'), behavior will be unspecified
  tokens_by_line = make_tokens_by_line(lines)
/app/ipython/IPython/core/inputtransformer2.py:714: UserWarning: `make_tokens_by_line` received a list of lines which do not have lineending markers ('\n', '\r', '\r\n', '\x0b', '\x0c'), behavior will be unspecified
  tokens_by_line = make_tokens_by_line(lines)
/app/ipython/fuzz.py:106: UserWarning: `make_tokens_by_line` received a list of lines which do not have lineending markers ('\n', '\r', '\r\n', '\x0b', '\x0c'), behavior will be unspecified
  result = make_tokens_by_line(lines)
/app/ipython/IPython/core/inputtransformer2.py:608: UserWarning: `make_tokens_by_line` received a list of lines which do not have lineending markers ('\n', '\r', '\r\n', '\x0b', '\x0c'), behavior will be unspecified
  tokens_by_line = make_tokens_by_line(lines)
/app/ipython/IPython/core/inputtransformer2.py:714: UserWarning: `make_tokens_by_line` received a list of lines which do not have lineending markers ('\n', '\r', '\r\n', '\x0b', '\x0c'), behavior will be unspecified
  tokens_by_line = make_tokens_by_line(lines)
/app/ipython/fuzz.py:106: UserWarning: `make_tokens_by_line` received a list of lines which do not have lineending markers ('\n', '\r', '\r\n', '\x0b', '\x0c'), behavior will be unspecified
  result = make_tokens_by_line(lines)
/app/ipython/IPython/core/inputtransformer2.py:608: UserWarning: `make_tokens_by_line` received a list of lines which do not have lineending markers ('\n', '\r', '\r\n', '\x0b', '\x0c'), behavior will be unspecified
  tokens_by_line = make_tokens_by_line(lines)
/app/ipython/IPython/core/inputtransformer2.py:714: UserWarning: `make_tokens_by_line` received a list of lines which do not have lineending markers ('\n', '\r', '\r\n', '\x0b', '\x0c'), behavior will be unspecified
  tokens_by_line = make_tokens_by_line(lines)
/app/ipython/fuzz.py:106: UserWarning: `make_tokens_by_line` received a list of lines which do not have lineending markers ('\n', '\r', '\r\n', '\x0b', '\x0c'), behavior will be unspecified
  result = make_tokens_by_line(lines)
#8140	NEW    cov: 361 ft: 1097 corp: 148/660b lim: 14 exec/s: 1356 rss: 84Mb L: 12/14 MS: 5 EraseBytes-ChangeBinInt-CrossOver-InsertByte-CrossOver-
#8192	pulse  cov: 361 ft: 1097 corp: 148/660b lim: 14 exec/s: 1365 rss: 84Mb
#8223	REDUCE cov: 361 ft: 1097 corp: 148/659b lim: 14 exec/s: 1370 rss: 84Mb L: 2/14 MS: 3 EraseBytes-EraseBytes-CopyPart-
/app/ipython/IPython/core/inputtransformer2.py:608: UserWarning: `make_tokens_by_line` received a list of lines which do not have lineending markers ('\n', '\r', '\r\n', '\x0b', '\x0c'), behavior will be unspecified
  tokens_by_line = make_tokens_by_line(lines)
/app/ipython/IPython/core/inputtransformer2.py:714: UserWarning: `make_tokens_by_line` received a list of lines which do not have lineending markers ('\n', '\r', '\r\n', '\x0b', '\x0c'), behavior will be unspecified
  tokens_by_line = make_tokens_by_line(lines)
/app/ipython/fuzz.py:106: UserWarning: `make_tokens_by_line` received a list of lines which do not have lineending markers ('\n', '\r', '\r\n', '\x0b', '\x0c'), behavior will be unspecified
  result = make_tokens_by_line(lines)
/app/ipython/IPython/core/inputtransformer2.py:608: UserWarning: `make_tokens_by_line` received a list of lines which do not have lineending markers ('\n', '\r', '\r\n', '\x0b', '\x0c'), behavior will be unspecified
  tokens_by_line = make_tokens_by_line(lines)
/app/ipython/IPython/core/inputtransformer2.py:714: UserWarning: `make_tokens_by_line` received a list of lines which do not have lineending markers ('\n', '\r', '\r\n', '\x0b', '\x0c'), behavior will be unspecified
  tokens_by_line = make_tokens_by_line(lines)
/app/ipython/fuzz.py:106: UserWarning: `make_tokens_by_line` received a list of lines which do not have lineending markers ('\n', '\r', '\r\n', '\x0b', '\x0c'), behavior will be unspecified
  result = make_tokens_by_line(lines)
/app/ipython/IPython/core/inputtransformer2.py:608: UserWarning: `make_tokens_by_line` received a list of lines which do not have lineending markers ('\n', '\r', '\r\n', '\x0b', '\x0c'), behavior will be unspecified
  tokens_by_line = make_tokens_by_line(lines)
/app/ipython/IPython/core/inputtransformer2.py:714: UserWarning: `make_tokens_by_line` received a list of lines which do not have lineending markers ('\n', '\r', '\r\n', '\x0b', '\x0c'), behavior will be unspecified
  tokens_by_line = make_tokens_by_line(lines)
/app/ipython/IPython/core/inputtransformer2.py:608: UserWarning: `make_tokens_by_line` received a list of lines which do not have lineending markers ('\n', '\r', '\r\n', '\x0b', '\x0c'), behavior will be unspecified
  tokens_by_line = make_tokens_by_line(lines)
/app/ipython/IPython/core/inputtransformer2.py:714: UserWarning: `make_tokens_by_line` received a list of lines which do not have lineending markers ('\n', '\r', '\r\n', '\x0b', '\x0c'), behavior will be unspecified
  tokens_by_line = make_tokens_by_line(lines)
/app/ipython/IPython/core/inputtransformer2.py:608: UserWarning: `make_tokens_by_line` received a list of lines which do not have lineending markers ('\n', '\r', '\r\n', '\x0b', '\x0c'), behavior will be unspecified
  tokens_by_line = make_tokens_by_line(lines)
/app/ipython/IPython/core/inputtransformer2.py:714: UserWarning: `make_tokens_by_line` received a list of lines which do not have lineending markers ('\n', '\r', '\r\n', '\x0b', '\x0c'), behavior will be unspecified
  tokens_by_line = make_tokens_by_line(lines)
/app/ipython/fuzz.py:106: UserWarning: `make_tokens_by_line` received a list of lines which do not have lineending markers ('\n', '\r', '\r\n', '\x0b', '\x0c'), behavior will be unspecified
  result = make_tokens_by_line(lines)
/app/ipython/IPython/core/inputtransformer2.py:608: UserWarning: `make_tokens_by_line` received a list of lines which do not have lineending markers ('\n', '\r', '\r\n', '\x0b', '\x0c'), behavior will be unspecified
  tokens_by_line = make_tokens_by_line(lines)
/app/ipython/IPython/core/inputtransformer2.py:714: UserWarning: `make_tokens_by_line` received a list of lines which do not have lineending markers ('\n', '\r', '\r\n', '\x0b', '\x0c'), behavior will be unspecified
  tokens_by_line = make_tokens_by_line(lines)
/app/ipython/fuzz.py:106: UserWarning: `make_tokens_by_line` received a list of lines which do not have lineending markers ('\n', '\r', '\r\n', '\x0b', '\x0c'), behavior will be unspecified
  result = make_tokens_by_line(lines)
#8405	NEW    cov: 361 ft: 1110 corp: 149/661b lim: 14 exec/s: 1400 rss: 84Mb L: 2/14 MS: 2 EraseBytes-ChangeBit-
#8418	NEW    cov: 361 ft: 1111 corp: 150/668b lim: 14 exec/s: 1403 rss: 84Mb L: 7/14 MS: 3 ChangeBit-CopyPart-ShuffleBytes-
/app/ipython/IPython/core/inputtransformer2.py:608: UserWarning: `make_tokens_by_line` received a list of lines which do not have lineending markers ('\n', '\r', '\r\n', '\x0b', '\x0c'), behavior will be unspecified
  tokens_by_line = make_tokens_by_line(lines)
/app/ipython/IPython/core/inputtransformer2.py:714: UserWarning: `make_tokens_by_line` received a list of lines which do not have lineending markers ('\n', '\r', '\r\n', '\x0b', '\x0c'), behavior will be unspecified
  tokens_by_line = make_tokens_by_line(lines)
/app/ipython/fuzz.py:106: UserWarning: `make_tokens_by_line` received a list of lines which do not have lineending markers ('\n', '\r', '\r\n', '\x0b', '\x0c'), behavior will be unspecified
  result = make_tokens_by_line(lines)
/app/ipython/IPython/core/inputtransformer2.py:608: UserWarning: `make_tokens_by_line` received a list of lines which do not have lineending markers ('\n', '\r', '\r\n', '\x0b', '\x0c'), behavior will be unspecified
  tokens_by_line = make_tokens_by_line(lines)
/app/ipython/IPython/core/inputtransformer2.py:714: UserWarning: `make_tokens_by_line` received a list of lines which do not have lineending markers ('\n', '\r', '\r\n', '\x0b', '\x0c'), behavior will be unspecified
  tokens_by_line = make_tokens_by_line(lines)
/app/ipython/IPython/core/inputtransformer2.py:608: UserWarning: `make_tokens_by_line` received a list of lines which do not have lineending markers ('\n', '\r', '\r\n', '\x0b', '\x0c'), behavior will be unspecified
  tokens_by_line = make_tokens_by_line(lines)
/app/ipython/IPython/core/inputtransformer2.py:714: UserWarning: `make_tokens_by_line` received a list of lines which do not have lineending markers ('\n', '\r', '\r\n', '\x0b', '\x0c'), behavior will be unspecified
  tokens_by_line = make_tokens_by_line(lines)
/app/ipython/fuzz.py:106: UserWarning: `make_tokens_by_line` received a list of lines which do not have lineending markers ('\n', '\r', '\r\n', '\x0b', '\x0c'), behavior will be unspecified
  result = make_tokens_by_line(lines)
/app/ipython/IPython/core/inputtransformer2.py:608: UserWarning: `make_tokens_by_line` received a list of lines which do not have lineending markers ('\n', '\r', '\r\n', '\x0b', '\x0c'), behavior will be unspecified
  tokens_by_line = make_tokens_by_line(lines)
/app/ipython/IPython/core/inputtransformer2.py:714: UserWarning: `make_tokens_by_line` received a list of lines which do not have lineending markers ('\n', '\r', '\r\n', '\x0b', '\x0c'), behavior will be unspecified
  tokens_by_line = make_tokens_by_line(lines)
/app/ipython/fuzz.py:106: UserWarning: `make_tokens_by_line` received a list of lines which do not have lineending markers ('\n', '\r', '\r\n', '\x0b', '\x0c'), behavior will be unspecified
  result = make_tokens_by_line(lines)
/app/ipython/IPython/core/inputtransformer2.py:608: UserWarning: `make_tokens_by_line` received a list of lines which do not have lineending markers ('\n', '\r', '\r\n', '\x0b', '\x0c'), behavior will be unspecified
  tokens_by_line = make_tokens_by_line(lines)
/app/ipython/IPython/core/inputtransformer2.py:714: UserWarning: `make_tokens_by_line` received a list of lines which do not have lineending markers ('\n', '\r', '\r\n', '\x0b', '\x0c'), behavior will be unspecified
  tokens_by_line = make_tokens_by_line(lines)
/app/ipython/fuzz.py:106: UserWarning: `make_tokens_by_line` received a list of lines which do not have lineending markers ('\n', '\r', '\r\n', '\x0b', '\x0c'), behavior will be unspecified
  result = make_tokens_by_line(lines)
/app/ipython/IPython/core/inputtransformer2.py:608: UserWarning: `make_tokens_by_line` received a list of lines which do not have lineending markers ('\n', '\r', '\r\n', '\x0b', '\x0c'), behavior will be unspecified
  tokens_by_line = make_tokens_by_line(lines)
/app/ipython/IPython/core/inputtransformer2.py:714: UserWarning: `make_tokens_by_line` received a list of lines which do not have lineending markers ('\n', '\r', '\r\n', '\x0b', '\x0c'), behavior will be unspecified
  tokens_by_line = make_tokens_by_line(lines)
/app/ipython/fuzz.py:106: UserWarning: `make_tokens_by_line` received a list of lines which do not have lineending markers ('\n', '\r', '\r\n', '\x0b', '\x0c'), behavior will be unspecified
  result = make_tokens_by_line(lines)
#8544	NEW    cov: 361 ft: 1117 corp: 151/671b lim: 14 exec/s: 1424 rss: 84Mb L: 3/14 MS: 1 CopyPart-
/app/ipython/IPython/core/inputtransformer2.py:608: UserWarning: `make_tokens_by_line` received a list of lines which do not have lineending markers ('\n', '\r', '\r\n', '\x0b', '\x0c'), behavior will be unspecified
  tokens_by_line = make_tokens_by_line(lines)
/app/ipython/IPython/core/inputtransformer2.py:714: UserWarning: `make_tokens_by_line` received a list of lines which do not have lineending markers ('\n', '\r', '\r\n', '\x0b', '\x0c'), behavior will be unspecified
  tokens_by_line = make_tokens_by_line(lines)
/app/ipython/fuzz.py:106: UserWarning: `make_tokens_by_line` received a list of lines which do not have lineending markers ('\n', '\r', '\r\n', '\x0b', '\x0c'), behavior will be unspecified
  result = make_tokens_by_line(lines)
/app/ipython/IPython/core/inputtransformer2.py:608: UserWarning: `make_tokens_by_line` received a list of lines which do not have lineending markers ('\n', '\r', '\r\n', '\x0b', '\x0c'), behavior will be unspecified
  tokens_by_line = make_tokens_by_line(lines)
/app/ipython/IPython/core/inputtransformer2.py:714: UserWarning: `make_tokens_by_line` received a list of lines which do not have lineending markers ('\n', '\r', '\r\n', '\x0b', '\x0c'), behavior will be unspecified
  tokens_by_line = make_tokens_by_line(lines)
/app/ipython/fuzz.py:106: UserWarning: `make_tokens_by_line` received a list of lines which do not have lineending markers ('\n', '\r', '\r\n', '\x0b', '\x0c'), behavior will be unspecified
  result = make_tokens_by_line(lines)
#8557	NEW    cov: 361 ft: 1119 corp: 152/681b lim: 14 exec/s: 1426 rss: 84Mb L: 10/14 MS: 3 ChangeByte-ChangeBit-CrossOver-
/app/ipython/IPython/core/inputtransformer2.py:608: UserWarning: `make_tokens_by_line` received a list of lines which do not have lineending markers ('\n', '\r', '\r\n', '\x0b', '\x0c'), behavior will be unspecified
  tokens_by_line = make_tokens_by_line(lines)
/app/ipython/fuzz.py:106: UserWarning: `make_tokens_by_line` received a list of lines which do not have lineending markers ('\n', '\r', '\r\n', '\x0b', '\x0c'), behavior will be unspecified
  result = make_tokens_by_line(lines)
/app/ipython/IPython/core/inputtransformer2.py:608: UserWarning: `make_tokens_by_line` received a list of lines which do not have lineending markers ('\n', '\r', '\r\n', '\x0b', '\x0c'), behavior will be unspecified
  tokens_by_line = make_tokens_by_line(lines)
/app/ipython/IPython/core/inputtransformer2.py:714: UserWarning: `make_tokens_by_line` received a list of lines which do not have lineending markers ('\n', '\r', '\r\n', '\x0b', '\x0c'), behavior will be unspecified
  tokens_by_line = make_tokens_by_line(lines)
/app/ipython/IPython/core/inputtransformer2.py:608: UserWarning: `make_tokens_by_line` received a list of lines which do not have lineending markers ('\n', '\r', '\r\n', '\x0b', '\x0c'), behavior will be unspecified
  tokens_by_line = make_tokens_by_line(lines)
/app/ipython/IPython/core/inputtransformer2.py:714: UserWarning: `make_tokens_by_line` received a list of lines which do not have lineending markers ('\n', '\r', '\r\n', '\x0b', '\x0c'), behavior will be unspecified
  tokens_by_line = make_tokens_by_line(lines)
/app/ipython/fuzz.py:106: UserWarning: `make_tokens_by_line` received a list of lines which do not have lineending markers ('\n', '\r', '\r\n', '\x0b', '\x0c'), behavior will be unspecified
  result = make_tokens_by_line(lines)
/app/ipython/IPython/core/inputtransformer2.py:608: UserWarning: `make_tokens_by_line` received a list of lines which do not have lineending markers ('\n', '\r', '\r\n', '\x0b', '\x0c'), behavior will be unspecified
  tokens_by_line = make_tokens_by_line(lines)
/app/ipython/IPython/core/inputtransformer2.py:714: UserWarning: `make_tokens_by_line` received a list of lines which do not have lineending markers ('\n', '\r', '\r\n', '\x0b', '\x0c'), behavior will be unspecified
  tokens_by_line = make_tokens_by_line(lines)
/app/ipython/IPython/core/inputtransformer2.py:608: UserWarning: `make_tokens_by_line` received a list of lines which do not have lineending markers ('\n', '\r', '\r\n', '\x0b', '\x0c'), behavior will be unspecified
  tokens_by_line = make_tokens_by_line(lines)
/app/ipython/IPython/core/inputtransformer2.py:714: UserWarning: `make_tokens_by_line` received a list of lines which do not have lineending markers ('\n', '\r', '\r\n', '\x0b', '\x0c'), behavior will be unspecified
  tokens_by_line = make_tokens_by_line(lines)
/app/ipython/IPython/core/inputtransformer2.py:608: UserWarning: `make_tokens_by_line` received a list of lines which do not have lineending markers ('\n', '\r', '\r\n', '\x0b', '\x0c'), behavior will be unspecified
  tokens_by_line = make_tokens_by_line(lines)
/app/ipython/IPython/core/inputtransformer2.py:714: UserWarning: `make_tokens_by_line` received a list of lines which do not have lineending markers ('\n', '\r', '\r\n', '\x0b', '\x0c'), behavior will be unspecified
  tokens_by_line = make_tokens_by_line(lines)
/app/ipython/IPython/core/inputtransformer2.py:608: UserWarning: `make_tokens_by_line` received a list of lines which do not have lineending markers ('\n', '\r', '\r\n', '\x0b', '\x0c'), behavior will be unspecified
  tokens_by_line = make_tokens_by_line(lines)
/app/ipython/IPython/core/inputtransformer2.py:714: UserWarning: `make_tokens_by_line` received a list of lines which do not have lineending markers ('\n', '\r', '\r\n', '\x0b', '\x0c'), behavior will be unspecified
  tokens_by_line = make_tokens_by_line(lines)
/app/ipython/fuzz.py:106: UserWarning: `make_tokens_by_line` received a list of lines which do not have lineending markers ('\n', '\r', '\r\n', '\x0b', '\x0c'), behavior will be unspecified
  result = make_tokens_by_line(lines)
/app/ipython/fuzz.py:106: UserWarning: `make_tokens_by_line` received a list of lines which do not have lineending markers ('\n', '\r', '\r\n', '\x0b', '\x0c'), behavior will be unspecified
  result = make_tokens_by_line(lines)
/app/ipython/fuzz.py:106: UserWarning: `make_tokens_by_line` received a list of lines which do not have lineending markers ('\n', '\r', '\r\n', '\x0b', '\x0c'), behavior will be unspecified
  result = make_tokens_by_line(lines)
#8813	NEW    cov: 361 ft: 1127 corp: 153/693b lim: 14 exec/s: 1468 rss: 84Mb L: 12/14 MS: 1 CopyPart-
/app/ipython/IPython/core/inputtransformer2.py:608: UserWarning: `make_tokens_by_line` received a list of lines which do not have lineending markers ('\n', '\r', '\r\n', '\x0b', '\x0c'), behavior will be unspecified
  tokens_by_line = make_tokens_by_line(lines)
/app/ipython/IPython/core/inputtransformer2.py:714: UserWarning: `make_tokens_by_line` received a list of lines which do not have lineending markers ('\n', '\r', '\r\n', '\x0b', '\x0c'), behavior will be unspecified
  tokens_by_line = make_tokens_by_line(lines)
/app/ipython/fuzz.py:106: UserWarning: `make_tokens_by_line` received a list of lines which do not have lineending markers ('\n', '\r', '\r\n', '\x0b', '\x0c'), behavior will be unspecified
  result = make_tokens_by_line(lines)
/app/ipython/IPython/core/inputtransformer2.py:608: UserWarning: `make_tokens_by_line` received a list of lines which do not have lineending markers ('\n', '\r', '\r\n', '\x0b', '\x0c'), behavior will be unspecified
  tokens_by_line = make_tokens_by_line(lines)
/app/ipython/IPython/core/inputtransformer2.py:714: UserWarning: `make_tokens_by_line` received a list of lines which do not have lineending markers ('\n', '\r', '\r\n', '\x0b', '\x0c'), behavior will be unspecified
  tokens_by_line = make_tokens_by_line(lines)
/app/ipython/fuzz.py:106: UserWarning: `make_tokens_by_line` received a list of lines which do not have lineending markers ('\n', '\r', '\r\n', '\x0b', '\x0c'), behavior will be unspecified
  result = make_tokens_by_line(lines)
/app/ipython/IPython/core/inputtransformer2.py:608: UserWarning: `make_tokens_by_line` received a list of lines which do not have lineending markers ('\n', '\r', '\r\n', '\x0b', '\x0c'), behavior will be unspecified
  tokens_by_line = make_tokens_by_line(lines)
/app/ipython/IPython/core/inputtransformer2.py:714: UserWarning: `make_tokens_by_line` received a list of lines which do not have lineending markers ('\n', '\r', '\r\n', '\x0b', '\x0c'), behavior will be unspecified
  tokens_by_line = make_tokens_by_line(lines)
/app/ipython/fuzz.py:106: UserWarning: `make_tokens_by_line` received a list of lines which do not have lineending markers ('\n', '\r', '\r\n', '\x0b', '\x0c'), behavior will be unspecified
  result = make_tokens_by_line(lines)
/app/ipython/IPython/core/inputtransformer2.py:608: UserWarning: `make_tokens_by_line` received a list of lines which do not have lineending markers ('\n', '\r', '\r\n', '\x0b', '\x0c'), behavior will be unspecified
  tokens_by_line = make_tokens_by_line(lines)
/app/ipython/IPython/core/inputtransformer2.py:714: UserWarning: `make_tokens_by_line` received a list of lines which do not have lineending markers ('\n', '\r', '\r\n', '\x0b', '\x0c'), behavior will be unspecified
  tokens_by_line = make_tokens_by_line(lines)
/app/ipython/fuzz.py:106: UserWarning: `make_tokens_by_line` received a list of lines which do not have lineending markers ('\n', '\r', '\r\n', '\x0b', '\x0c'), behavior will be unspecified
  result = make_tokens_by_line(lines)
/app/ipython/IPython/core/inputtransformer2.py:608: UserWarning: `make_tokens_by_line` received a list of lines which do not have lineending markers ('\n', '\r', '\r\n', '\x0b', '\x0c'), behavior will be unspecified
  tokens_by_line = make_tokens_by_line(lines)
/app/ipython/IPython/core/inputtransformer2.py:714: UserWarning: `make_tokens_by_line` received a list of lines which do not have lineending markers ('\n', '\r', '\r\n', '\x0b', '\x0c'), behavior will be unspecified
  tokens_by_line = make_tokens_by_line(lines)
/app/ipython/fuzz.py:106: UserWarning: `make_tokens_by_line` received a list of lines which do not have lineending markers ('\n', '\r', '\r\n', '\x0b', '\x0c'), behavior will be unspecified
  result = make_tokens_by_line(lines)
/app/ipython/IPython/core/inputtransformer2.py:608: UserWarning: `make_tokens_by_line` received a list of lines which do not have lineending markers ('\n', '\r', '\r\n', '\x0b', '\x0c'), behavior will be unspecified
  tokens_by_line = make_tokens_by_line(lines)
/app/ipython/IPython/core/inputtransformer2.py:714: UserWarning: `make_tokens_by_line` received a list of lines which do not have lineending markers ('\n', '\r', '\r\n', '\x0b', '\x0c'), behavior will be unspecified
  tokens_by_line = make_tokens_by_line(lines)
/app/ipython/fuzz.py:106: UserWarning: `make_tokens_by_line` received a list of lines which do not have lineending markers ('\n', '\r', '\r\n', '\x0b', '\x0c'), behavior will be unspecified
  result = make_tokens_by_line(lines)
/app/ipython/IPython/core/inputtransformer2.py:608: UserWarning: `make_tokens_by_line` received a list of lines which do not have lineending markers ('\n', '\r', '\r\n', '\x0b', '\x0c'), behavior will be unspecified
  tokens_by_line = make_tokens_by_line(lines)
/app/ipython/IPython/core/inputtransformer2.py:714: UserWarning: `make_tokens_by_line` received a list of lines which do not have lineending markers ('\n', '\r', '\r\n', '\x0b', '\x0c'), behavior will be unspecified
  tokens_by_line = make_tokens_by_line(lines)
/app/ipython/fuzz.py:106: UserWarning: `make_tokens_by_line` received a list of lines which do not have lineending markers ('\n', '\r', '\r\n', '\x0b', '\x0c'), behavior will be unspecified
  result = make_tokens_by_line(lines)
/app/ipython/IPython/core/inputtransformer2.py:608: UserWarning: `make_tokens_by_line` received a list of lines which do not have lineending markers ('\n', '\r', '\r\n', '\x0b', '\x0c'), behavior will be unspecified
  tokens_by_line = make_tokens_by_line(lines)
/app/ipython/IPython/core/inputtransformer2.py:714: UserWarning: `make_tokens_by_line` received a list of lines which do not have lineending markers ('\n', '\r', '\r\n', '\x0b', '\x0c'), behavior will be unspecified
  tokens_by_line = make_tokens_by_line(lines)
/app/ipython/fuzz.py:106: UserWarning: `make_tokens_by_line` received a list of lines which do not have lineending markers ('\n', '\r', '\r\n', '\x0b', '\x0c'), behavior will be unspecified
  result = make_tokens_by_line(lines)
/app/ipython/IPython/core/inputtransformer2.py:608: UserWarning: `make_tokens_by_line` received a list of lines which do not have lineending markers ('\n', '\r', '\r\n', '\x0b', '\x0c'), behavior will be unspecified
  tokens_by_line = make_tokens_by_line(lines)
/app/ipython/IPython/core/inputtransformer2.py:714: UserWarning: `make_tokens_by_line` received a list of lines which do not have lineending markers ('\n', '\r', '\r\n', '\x0b', '\x0c'), behavior will be unspecified
  tokens_by_line = make_tokens_by_line(lines)
/app/ipython/fuzz.py:106: UserWarning: `make_tokens_by_line` received a list of lines which do not have lineending markers ('\n', '\r', '\r\n', '\x0b', '\x0c'), behavior will be unspecified
  result = make_tokens_by_line(lines)
/app/ipython/IPython/core/inputtransformer2.py:608: UserWarning: `make_tokens_by_line` received a list of lines which do not have lineending markers ('\n', '\r', '\r\n', '\x0b', '\x0c'), behavior will be unspecified
  tokens_by_line = make_tokens_by_line(lines)
/app/ipython/IPython/core/inputtransformer2.py:714: UserWarning: `make_tokens_by_line` received a list of lines which do not have lineending markers ('\n', '\r', '\r\n', '\x0b', '\x0c'), behavior will be unspecified
  tokens_by_line = make_tokens_by_line(lines)
/app/ipython/IPython/core/inputtransformer2.py:608: UserWarning: `make_tokens_by_line` received a list of lines which do not have lineending markers ('\n', '\r', '\r\n', '\x0b', '\x0c'), behavior will be unspecified
  tokens_by_line = make_tokens_by_line(lines)
/app/ipython/IPython/core/inputtransformer2.py:714: UserWarning: `make_tokens_by_line` received a list of lines which do not have lineending markers ('\n', '\r', '\r\n', '\x0b', '\x0c'), behavior will be unspecified
  tokens_by_line = make_tokens_by_line(lines)
/app/ipython/IPython/core/inputtransformer2.py:608: UserWarning: `make_tokens_by_line` received a list of lines which do not have lineending markers ('\n', '\r', '\r\n', '\x0b', '\x0c'), behavior will be unspecified
  tokens_by_line = make_tokens_by_line(lines)
/app/ipython/IPython/core/inputtransformer2.py:714: UserWarning: `make_tokens_by_line` received a list of lines which do not have lineending markers ('\n', '\r', '\r\n', '\x0b', '\x0c'), behavior will be unspecified
  tokens_by_line = make_tokens_by_line(lines)
/app/ipython/fuzz.py:106: UserWarning: `make_tokens_by_line` received a list of lines which do not have lineending markers ('\n', '\r', '\r\n', '\x0b', '\x0c'), behavior will be unspecified
  result = make_tokens_by_line(lines)
/app/ipython/IPython/core/inputtransformer2.py:608: UserWarning: `make_tokens_by_line` received a list of lines which do not have lineending markers ('\n', '\r', '\r\n', '\x0b', '\x0c'), behavior will be unspecified
  tokens_by_line = make_tokens_by_line(lines)
/app/ipython/IPython/core/inputtransformer2.py:714: UserWarning: `make_tokens_by_line` received a list of lines which do not have lineending markers ('\n', '\r', '\r\n', '\x0b', '\x0c'), behavior will be unspecified
  tokens_by_line = make_tokens_by_line(lines)
/app/ipython/IPython/core/inputtransformer2.py:608: UserWarning: `make_tokens_by_line` received a list of lines which do not have lineending markers ('\n', '\r', '\r\n', '\x0b', '\x0c'), behavior will be unspecified
  tokens_by_line = make_tokens_by_line(lines)
/app/ipython/IPython/core/inputtransformer2.py:714: UserWarning: `make_tokens_by_line` received a list of lines which do not have lineending markers ('\n', '\r', '\r\n', '\x0b', '\x0c'), behavior will be unspecified
  tokens_by_line = make_tokens_by_line(lines)
/app/ipython/IPython/core/inputtransformer2.py:608: UserWarning: `make_tokens_by_line` received a list of lines which do not have lineending markers ('\n', '\r', '\r\n', '\x0b', '\x0c'), behavior will be unspecified
  tokens_by_line = make_tokens_by_line(lines)
/app/ipython/IPython/core/inputtransformer2.py:714: UserWarning: `make_tokens_by_line` received a list of lines which do not have lineending markers ('\n', '\r', '\r\n', '\x0b', '\x0c'), behavior will be unspecified
  tokens_by_line = make_tokens_by_line(lines)
/app/ipython/IPython/core/inputtransformer2.py:608: UserWarning: `make_tokens_by_line` received a list of lines which do not have lineending markers ('\n', '\r', '\r\n', '\x0b', '\x0c'), behavior will be unspecified
  tokens_by_line = make_tokens_by_line(lines)
/app/ipython/IPython/core/inputtransformer2.py:714: UserWarning: `make_tokens_by_line` received a list of lines which do not have lineending markers ('\n', '\r', '\r\n', '\x0b', '\x0c'), behavior will be unspecified
  tokens_by_line = make_tokens_by_line(lines)
/app/ipython/IPython/core/inputtransformer2.py:608: UserWarning: `make_tokens_by_line` received a list of lines which do not have lineending markers ('\n', '\r', '\r\n', '\x0b', '\x0c'), behavior will be unspecified
  tokens_by_line = make_tokens_by_line(lines)
/app/ipython/IPython/core/inputtransformer2.py:714: UserWarning: `make_tokens_by_line` received a list of lines which do not have lineending markers ('\n', '\r', '\r\n', '\x0b', '\x0c'), behavior will be unspecified
  tokens_by_line = make_tokens_by_line(lines)
/app/ipython/IPython/core/inputtransformer2.py:608: UserWarning: `make_tokens_by_line` received a list of lines which do not have lineending markers ('\n', '\r', '\r\n', '\x0b', '\x0c'), behavior will be unspecified
  tokens_by_line = make_tokens_by_line(lines)
/app/ipython/IPython/core/inputtransformer2.py:714: UserWarning: `make_tokens_by_line` received a list of lines which do not have lineending markers ('\n', '\r', '\r\n', '\x0b', '\x0c'), behavior will be unspecified
  tokens_by_line = make_tokens_by_line(lines)
/app/ipython/fuzz.py:106: UserWarning: `make_tokens_by_line` received a list of lines which do not have lineending markers ('\n', '\r', '\r\n', '\x0b', '\x0c'), behavior will be unspecified
  result = make_tokens_by_line(lines)
/app/ipython/IPython/core/inputtransformer2.py:608: UserWarning: `make_tokens_by_line` received a list of lines which do not have lineending markers ('\n', '\r', '\r\n', '\x0b', '\x0c'), behavior will be unspecified
  tokens_by_line = make_tokens_by_line(lines)
/app/ipython/IPython/core/inputtransformer2.py:714: UserWarning: `make_tokens_by_line` received a list of lines which do not have lineending markers ('\n', '\r', '\r\n', '\x0b', '\x0c'), behavior will be unspecified
  tokens_by_line = make_tokens_by_line(lines)
/app/ipython/fuzz.py:106: UserWarning: `make_tokens_by_line` received a list of lines which do not have lineending markers ('\n', '\r', '\r\n', '\x0b', '\x0c'), behavior will be unspecified
  result = make_tokens_by_line(lines)
/app/ipython/IPython/core/inputtransformer2.py:608: UserWarning: `make_tokens_by_line` received a list of lines which do not have lineending markers ('\n', '\r', '\r\n', '\x0b', '\x0c'), behavior will be unspecified
  tokens_by_line = make_tokens_by_line(lines)
/app/ipython/IPython/core/inputtransformer2.py:714: UserWarning: `make_tokens_by_line` received a list of lines which do not have lineending markers ('\n', '\r', '\r\n', '\x0b', '\x0c'), behavior will be unspecified
  tokens_by_line = make_tokens_by_line(lines)
/app/ipython/fuzz.py:106: UserWarning: `make_tokens_by_line` received a list of lines which do not have lineending markers ('\n', '\r', '\r\n', '\x0b', '\x0c'), behavior will be unspecified
  result = make_tokens_by_line(lines)
/app/ipython/IPython/core/inputtransformer2.py:608: UserWarning: `make_tokens_by_line` received a list of lines which do not have lineending markers ('\n', '\r', '\r\n', '\x0b', '\x0c'), behavior will be unspecified
  tokens_by_line = make_tokens_by_line(lines)
/app/ipython/fuzz.py:106: UserWarning: `make_tokens_by_line` received a list of lines which do not have lineending markers ('\n', '\r', '\r\n', '\x0b', '\x0c'), behavior will be unspecified
  result = make_tokens_by_line(lines)
/app/ipython/IPython/core/inputtransformer2.py:608: UserWarning: `make_tokens_by_line` received a list of lines which do not have lineending markers ('\n', '\r', '\r\n', '\x0b', '\x0c'), behavior will be unspecified
  tokens_by_line = make_tokens_by_line(lines)
/app/ipython/IPython/core/inputtransformer2.py:714: UserWarning: `make_tokens_by_line` received a list of lines which do not have lineending markers ('\n', '\r', '\r\n', '\x0b', '\x0c'), behavior will be unspecified
  tokens_by_line = make_tokens_by_line(lines)
#9129	NEW    cov: 361 ft: 1128 corp: 154/698b lim: 17 exec/s: 1304 rss: 84Mb L: 5/14 MS: 1 CrossOver-
#9156	NEW    cov: 363 ft: 1130 corp: 155/705b lim: 17 exec/s: 1308 rss: 84Mb L: 7/14 MS: 2 CrossOver-ShuffleBytes-
/app/ipython/fuzz.py:106: UserWarning: `make_tokens_by_line` received a list of lines which do not have lineending markers ('\n', '\r', '\r\n', '\x0b', '\x0c'), behavior will be unspecified
  result = make_tokens_by_line(lines)
/app/ipython/fuzz.py:106: UserWarning: `make_tokens_by_line` received a list of lines which do not have lineending markers ('\n', '\r', '\r\n', '\x0b', '\x0c'), behavior will be unspecified
  result = make_tokens_by_line(lines)
/app/ipython/fuzz.py:106: UserWarning: `make_tokens_by_line` received a list of lines which do not have lineending markers ('\n', '\r', '\r\n', '\x0b', '\x0c'), behavior will be unspecified
  result = make_tokens_by_line(lines)
/app/ipython/fuzz.py:106: UserWarning: `make_tokens_by_line` received a list of lines which do not have lineending markers ('\n', '\r', '\r\n', '\x0b', '\x0c'), behavior will be unspecified
  result = make_tokens_by_line(lines)
/app/ipython/fuzz.py:106: UserWarning: `make_tokens_by_line` received a list of lines which do not have lineending markers ('\n', '\r', '\r\n', '\x0b', '\x0c'), behavior will be unspecified
  result = make_tokens_by_line(lines)
#9268	NEW    cov: 363 ft: 1138 corp: 156/722b lim: 17 exec/s: 1324 rss: 84Mb L: 17/17 MS: 2 CopyPart-CrossOver-
/app/ipython/IPython/core/inputtransformer2.py:608: UserWarning: `make_tokens_by_line` received a list of lines which do not have lineending markers ('\n', '\r', '\r\n', '\x0b', '\x0c'), behavior will be unspecified
  tokens_by_line = make_tokens_by_line(lines)
/app/ipython/IPython/core/inputtransformer2.py:714: UserWarning: `make_tokens_by_line` received a list of lines which do not have lineending markers ('\n', '\r', '\r\n', '\x0b', '\x0c'), behavior will be unspecified
  tokens_by_line = make_tokens_by_line(lines)
/app/ipython/fuzz.py:106: UserWarning: `make_tokens_by_line` received a list of lines which do not have lineending markers ('\n', '\r', '\r\n', '\x0b', '\x0c'), behavior will be unspecified
  result = make_tokens_by_line(lines)
/app/ipython/IPython/core/inputtransformer2.py:608: UserWarning: `make_tokens_by_line` received a list of lines which do not have lineending markers ('\n', '\r', '\r\n', '\x0b', '\x0c'), behavior will be unspecified
  tokens_by_line = make_tokens_by_line(lines)
/app/ipython/IPython/core/inputtransformer2.py:714: UserWarning: `make_tokens_by_line` received a list of lines which do not have lineending markers ('\n', '\r', '\r\n', '\x0b', '\x0c'), behavior will be unspecified
  tokens_by_line = make_tokens_by_line(lines)
/app/ipython/fuzz.py:106: UserWarning: `make_tokens_by_line` received a list of lines which do not have lineending markers ('\n', '\r', '\r\n', '\x0b', '\x0c'), behavior will be unspecified
  result = make_tokens_by_line(lines)
/app/ipython/IPython/core/inputtransformer2.py:608: UserWarning: `make_tokens_by_line` received a list of lines which do not have lineending markers ('\n', '\r', '\r\n', '\x0b', '\x0c'), behavior will be unspecified
  tokens_by_line = make_tokens_by_line(lines)
/app/ipython/IPython/core/inputtransformer2.py:714: UserWarning: `make_tokens_by_line` received a list of lines which do not have lineending markers ('\n', '\r', '\r\n', '\x0b', '\x0c'), behavior will be unspecified
  tokens_by_line = make_tokens_by_line(lines)
/app/ipython/fuzz.py:106: UserWarning: `make_tokens_by_line` received a list of lines which do not have lineending markers ('\n', '\r', '\r\n', '\x0b', '\x0c'), behavior will be unspecified
  result = make_tokens_by_line(lines)
/app/ipython/IPython/core/inputtransformer2.py:608: UserWarning: `make_tokens_by_line` received a list of lines which do not have lineending markers ('\n', '\r', '\r\n', '\x0b', '\x0c'), behavior will be unspecified
  tokens_by_line = make_tokens_by_line(lines)
/app/ipython/IPython/core/inputtransformer2.py:714: UserWarning: `make_tokens_by_line` received a list of lines which do not have lineending markers ('\n', '\r', '\r\n', '\x0b', '\x0c'), behavior will be unspecified
  tokens_by_line = make_tokens_by_line(lines)
/app/ipython/fuzz.py:106: UserWarning: `make_tokens_by_line` received a list of lines which do not have lineending markers ('\n', '\r', '\r\n', '\x0b', '\x0c'), behavior will be unspecified
  result = make_tokens_by_line(lines)
/app/ipython/IPython/core/inputtransformer2.py:608: UserWarning: `make_tokens_by_line` received a list of lines which do not have lineending markers ('\n', '\r', '\r\n', '\x0b', '\x0c'), behavior will be unspecified
  tokens_by_line = make_tokens_by_line(lines)
/app/ipython/IPython/core/inputtransformer2.py:714: UserWarning: `make_tokens_by_line` received a list of lines which do not have lineending markers ('\n', '\r', '\r\n', '\x0b', '\x0c'), behavior will be unspecified
  tokens_by_line = make_tokens_by_line(lines)
/app/ipython/fuzz.py:106: UserWarning: `make_tokens_by_line` received a list of lines which do not have lineending markers ('\n', '\r', '\r\n', '\x0b', '\x0c'), behavior will be unspecified
  result = make_tokens_by_line(lines)
#9294	NEW    cov: 363 ft: 1139 corp: 157/730b lim: 17 exec/s: 1327 rss: 84Mb L: 8/17 MS: 1 CrossOver-
#9365	NEW    cov: 363 ft: 1173 corp: 158/745b lim: 17 exec/s: 1337 rss: 84Mb L: 15/17 MS: 1 CopyPart-
/app/ipython/IPython/core/inputtransformer2.py:608: UserWarning: `make_tokens_by_line` received a list of lines which do not have lineending markers ('\n', '\r', '\r\n', '\x0b', '\x0c'), behavior will be unspecified
  tokens_by_line = make_tokens_by_line(lines)
/app/ipython/IPython/core/inputtransformer2.py:714: UserWarning: `make_tokens_by_line` received a list of lines which do not have lineending markers ('\n', '\r', '\r\n', '\x0b', '\x0c'), behavior will be unspecified
  tokens_by_line = make_tokens_by_line(lines)
/app/ipython/IPython/core/inputtransformer2.py:608: UserWarning: `make_tokens_by_line` received a list of lines which do not have lineending markers ('\n', '\r', '\r\n', '\x0b', '\x0c'), behavior will be unspecified
  tokens_by_line = make_tokens_by_line(lines)
/app/ipython/IPython/core/inputtransformer2.py:714: UserWarning: `make_tokens_by_line` received a list of lines which do not have lineending markers ('\n', '\r', '\r\n', '\x0b', '\x0c'), behavior will be unspecified
  tokens_by_line = make_tokens_by_line(lines)
/app/ipython/IPython/core/inputtransformer2.py:608: UserWarning: `make_tokens_by_line` received a list of lines which do not have lineending markers ('\n', '\r', '\r\n', '\x0b', '\x0c'), behavior will be unspecified
  tokens_by_line = make_tokens_by_line(lines)
/app/ipython/IPython/core/inputtransformer2.py:714: UserWarning: `make_tokens_by_line` received a list of lines which do not have lineending markers ('\n', '\r', '\r\n', '\x0b', '\x0c'), behavior will be unspecified
  tokens_by_line = make_tokens_by_line(lines)
/app/ipython/IPython/core/inputtransformer2.py:608: UserWarning: `make_tokens_by_line` received a list of lines which do not have lineending markers ('\n', '\r', '\r\n', '\x0b', '\x0c'), behavior will be unspecified
  tokens_by_line = make_tokens_by_line(lines)
/app/ipython/IPython/core/inputtransformer2.py:714: UserWarning: `make_tokens_by_line` received a list of lines which do not have lineending markers ('\n', '\r', '\r\n', '\x0b', '\x0c'), behavior will be unspecified
  tokens_by_line = make_tokens_by_line(lines)
/app/ipython/IPython/core/inputtransformer2.py:608: UserWarning: `make_tokens_by_line` received a list of lines which do not have lineending markers ('\n', '\r', '\r\n', '\x0b', '\x0c'), behavior will be unspecified
  tokens_by_line = make_tokens_by_line(lines)
/app/ipython/IPython/core/inputtransformer2.py:714: UserWarning: `make_tokens_by_line` received a list of lines which do not have lineending markers ('\n', '\r', '\r\n', '\x0b', '\x0c'), behavior will be unspecified
  tokens_by_line = make_tokens_by_line(lines)
#9526	REDUCE cov: 363 ft: 1173 corp: 158/744b lim: 17 exec/s: 1360 rss: 84Mb L: 2/17 MS: 1 EraseBytes-
/app/ipython/IPython/core/inputtransformer2.py:608: UserWarning: `make_tokens_by_line` received a list of lines which do not have lineending markers ('\n', '\r', '\r\n', '\x0b', '\x0c'), behavior will be unspecified
  tokens_by_line = make_tokens_by_line(lines)
/app/ipython/IPython/core/inputtransformer2.py:714: UserWarning: `make_tokens_by_line` received a list of lines which do not have lineending markers ('\n', '\r', '\r\n', '\x0b', '\x0c'), behavior will be unspecified
  tokens_by_line = make_tokens_by_line(lines)
/app/ipython/fuzz.py:106: UserWarning: `make_tokens_by_line` received a list of lines which do not have lineending markers ('\n', '\r', '\r\n', '\x0b', '\x0c'), behavior will be unspecified
  result = make_tokens_by_line(lines)
#9602	REDUCE cov: 363 ft: 1173 corp: 158/742b lim: 17 exec/s: 1371 rss: 84Mb L: 5/17 MS: 1 EraseBytes-
#9619	NEW    cov: 363 ft: 1187 corp: 159/747b lim: 17 exec/s: 1374 rss: 84Mb L: 5/17 MS: 2 InsertByte-CrossOver-
#9651	REDUCE cov: 363 ft: 1187 corp: 159/746b lim: 17 exec/s: 1378 rss: 84Mb L: 3/17 MS: 2 ShuffleBytes-EraseBytes-
/app/ipython/IPython/core/inputtransformer2.py:608: UserWarning: `make_tokens_by_line` received a list of lines which do not have lineending markers ('\n', '\r', '\r\n', '\x0b', '\x0c'), behavior will be unspecified
  tokens_by_line = make_tokens_by_line(lines)
/app/ipython/IPython/core/inputtransformer2.py:714: UserWarning: `make_tokens_by_line` received a list of lines which do not have lineending markers ('\n', '\r', '\r\n', '\x0b', '\x0c'), behavior will be unspecified
  tokens_by_line = make_tokens_by_line(lines)
/app/ipython/fuzz.py:106: UserWarning: `make_tokens_by_line` received a list of lines which do not have lineending markers ('\n', '\r', '\r\n', '\x0b', '\x0c'), behavior will be unspecified
  result = make_tokens_by_line(lines)
#9683	NEW    cov: 363 ft: 1188 corp: 160/749b lim: 17 exec/s: 1383 rss: 84Mb L: 3/17 MS: 2 InsertByte-CrossOver-
#9829	NEW    cov: 363 ft: 1189 corp: 161/754b lim: 17 exec/s: 1404 rss: 84Mb L: 5/17 MS: 1 ShuffleBytes-
/app/ipython/IPython/core/inputtransformer2.py:608: UserWarning: `make_tokens_by_line` received a list of lines which do not have lineending markers ('\n', '\r', '\r\n', '\x0b', '\x0c'), behavior will be unspecified
  tokens_by_line = make_tokens_by_line(lines)
/app/ipython/IPython/core/inputtransformer2.py:714: UserWarning: `make_tokens_by_line` received a list of lines which do not have lineending markers ('\n', '\r', '\r\n', '\x0b', '\x0c'), behavior will be unspecified
  tokens_by_line = make_tokens_by_line(lines)
/app/ipython/fuzz.py:106: UserWarning: `make_tokens_by_line` received a list of lines which do not have lineending markers ('\n', '\r', '\r\n', '\x0b', '\x0c'), behavior will be unspecified
  result = make_tokens_by_line(lines)
/app/ipython/fuzz.py:106: UserWarning: `make_tokens_by_line` received a list of lines which do not have lineending markers ('\n', '\r', '\r\n', '\x0b', '\x0c'), behavior will be unspecified
  result = make_tokens_by_line(lines)
/app/ipython/fuzz.py:106: UserWarning: `make_tokens_by_line` received a list of lines which do not have lineending markers ('\n', '\r', '\r\n', '\x0b', '\x0c'), behavior will be unspecified
  result = make_tokens_by_line(lines)
/app/ipython/fuzz.py:106: UserWarning: `make_tokens_by_line` received a list of lines which do not have lineending markers ('\n', '\r', '\r\n', '\x0b', '\x0c'), behavior will be unspecified
  result = make_tokens_by_line(lines)
/app/ipython/fuzz.py:106: UserWarning: `make_tokens_by_line` received a list of lines which do not have lineending markers ('\n', '\r', '\r\n', '\x0b', '\x0c'), behavior will be unspecified
  result = make_tokens_by_line(lines)
/app/ipython/IPython/core/inputtransformer2.py:608: UserWarning: `make_tokens_by_line` received a list of lines which do not have lineending markers ('\n', '\r', '\r\n', '\x0b', '\x0c'), behavior will be unspecified
  tokens_by_line = make_tokens_by_line(lines)
/app/ipython/IPython/core/inputtransformer2.py:714: UserWarning: `make_tokens_by_line` received a list of lines which do not have lineending markers ('\n', '\r', '\r\n', '\x0b', '\x0c'), behavior will be unspecified
  tokens_by_line = make_tokens_by_line(lines)
#9934	NEW    cov: 363 ft: 1192 corp: 162/759b lim: 17 exec/s: 1419 rss: 84Mb L: 5/17 MS: 5 ShuffleBytes-PersAutoDict-CrossOver-CrossOver-ShuffleBytes- DE: "exec"-
/app/ipython/IPython/core/inputtransformer2.py:608: UserWarning: `make_tokens_by_line` received a list of lines which do not have lineending markers ('\n', '\r', '\r\n', '\x0b', '\x0c'), behavior will be unspecified
  tokens_by_line = make_tokens_by_line(lines)
/app/ipython/IPython/core/inputtransformer2.py:714: UserWarning: `make_tokens_by_line` received a list of lines which do not have lineending markers ('\n', '\r', '\r\n', '\x0b', '\x0c'), behavior will be unspecified
  tokens_by_line = make_tokens_by_line(lines)
/app/ipython/IPython/core/inputtransformer2.py:608: UserWarning: `make_tokens_by_line` received a list of lines which do not have lineending markers ('\n', '\r', '\r\n', '\x0b', '\x0c'), behavior will be unspecified
  tokens_by_line = make_tokens_by_line(lines)
/app/ipython/IPython/core/inputtransformer2.py:714: UserWarning: `make_tokens_by_line` received a list of lines which do not have lineending markers ('\n', '\r', '\r\n', '\x0b', '\x0c'), behavior will be unspecified
  tokens_by_line = make_tokens_by_line(lines)
/app/ipython/IPython/core/inputtransformer2.py:608: UserWarning: `make_tokens_by_line` received a list of lines which do not have lineending markers ('\n', '\r', '\r\n', '\x0b', '\x0c'), behavior will be unspecified
  tokens_by_line = make_tokens_by_line(lines)
/app/ipython/IPython/core/inputtransformer2.py:714: UserWarning: `make_tokens_by_line` received a list of lines which do not have lineending markers ('\n', '\r', '\r\n', '\x0b', '\x0c'), behavior will be unspecified
  tokens_by_line = make_tokens_by_line(lines)
/app/ipython/fuzz.py:106: UserWarning: `make_tokens_by_line` received a list of lines which do not have lineending markers ('\n', '\r', '\r\n', '\x0b', '\x0c'), behavior will be unspecified
  result = make_tokens_by_line(lines)
#9975	NEW    cov: 363 ft: 1210 corp: 163/768b lim: 17 exec/s: 1425 rss: 84Mb L: 9/17 MS: 1 CMP- DE: "\000\000"-
/app/ipython/IPython/core/inputtransformer2.py:608: UserWarning: `make_tokens_by_line` received a list of lines which do not have lineending markers ('\n', '\r', '\r\n', '\x0b', '\x0c'), behavior will be unspecified
  tokens_by_line = make_tokens_by_line(lines)
/app/ipython/IPython/core/inputtransformer2.py:714: UserWarning: `make_tokens_by_line` received a list of lines which do not have lineending markers ('\n', '\r', '\r\n', '\x0b', '\x0c'), behavior will be unspecified
  tokens_by_line = make_tokens_by_line(lines)
#10021	NEW    cov: 363 ft: 1245 corp: 164/773b lim: 17 exec/s: 1431 rss: 84Mb L: 5/17 MS: 1 ChangeByte-
/app/ipython/IPython/core/inputtransformer2.py:608: UserWarning: `make_tokens_by_line` received a list of lines which do not have lineending markers ('\n', '\r', '\r\n', '\x0b', '\x0c'), behavior will be unspecified
  tokens_by_line = make_tokens_by_line(lines)
/app/ipython/IPython/core/inputtransformer2.py:714: UserWarning: `make_tokens_by_line` received a list of lines which do not have lineending markers ('\n', '\r', '\r\n', '\x0b', '\x0c'), behavior will be unspecified
  tokens_by_line = make_tokens_by_line(lines)
/app/ipython/fuzz.py:106: UserWarning: `make_tokens_by_line` received a list of lines which do not have lineending markers ('\n', '\r', '\r\n', '\x0b', '\x0c'), behavior will be unspecified
  result = make_tokens_by_line(lines)
/app/ipython/IPython/core/inputtransformer2.py:608: UserWarning: `make_tokens_by_line` received a list of lines which do not have lineending markers ('\n', '\r', '\r\n', '\x0b', '\x0c'), behavior will be unspecified
  tokens_by_line = make_tokens_by_line(lines)
/app/ipython/fuzz.py:106: UserWarning: `make_tokens_by_line` received a list of lines which do not have lineending markers ('\n', '\r', '\r\n', '\x0b', '\x0c'), behavior will be unspecified
  result = make_tokens_by_line(lines)
/app/ipython/IPython/core/inputtransformer2.py:608: UserWarning: `make_tokens_by_line` received a list of lines which do not have lineending markers ('\n', '\r', '\r\n', '\x0b', '\x0c'), behavior will be unspecified
  tokens_by_line = make_tokens_by_line(lines)
/app/ipython/fuzz.py:106: UserWarning: `make_tokens_by_line` received a list of lines which do not have lineending markers ('\n', '\r', '\r\n', '\x0b', '\x0c'), behavior will be unspecified
  result = make_tokens_by_line(lines)
/app/ipython/IPython/core/inputtransformer2.py:608: UserWarning: `make_tokens_by_line` received a list of lines which do not have lineending markers ('\n', '\r', '\r\n', '\x0b', '\x0c'), behavior will be unspecified
  tokens_by_line = make_tokens_by_line(lines)
/app/ipython/fuzz.py:106: UserWarning: `make_tokens_by_line` received a list of lines which do not have lineending markers ('\n', '\r', '\r\n', '\x0b', '\x0c'), behavior will be unspecified
  result = make_tokens_by_line(lines)
/app/ipython/IPython/core/inputtransformer2.py:608: UserWarning: `make_tokens_by_line` received a list of lines which do not have lineending markers ('\n', '\r', '\r\n', '\x0b', '\x0c'), behavior will be unspecified
  tokens_by_line = make_tokens_by_line(lines)
/app/ipython/fuzz.py:106: UserWarning: `make_tokens_by_line` received a list of lines which do not have lineending markers ('\n', '\r', '\r\n', '\x0b', '\x0c'), behavior will be unspecified
  result = make_tokens_by_line(lines)
/app/ipython/IPython/core/inputtransformer2.py:608: UserWarning: `make_tokens_by_line` received a list of lines which do not have lineending markers ('\n', '\r', '\r\n', '\x0b', '\x0c'), behavior will be unspecified
  tokens_by_line = make_tokens_by_line(lines)
/app/ipython/IPython/core/inputtransformer2.py:714: UserWarning: `make_tokens_by_line` received a list of lines which do not have lineending markers ('\n', '\r', '\r\n', '\x0b', '\x0c'), behavior will be unspecified
  tokens_by_line = make_tokens_by_line(lines)
/app/ipython/IPython/core/inputtransformer2.py:608: UserWarning: `make_tokens_by_line` received a list of lines which do not have lineending markers ('\n', '\r', '\r\n', '\x0b', '\x0c'), behavior will be unspecified
  tokens_by_line = make_tokens_by_line(lines)
/app/ipython/IPython/core/inputtransformer2.py:714: UserWarning: `make_tokens_by_line` received a list of lines which do not have lineending markers ('\n', '\r', '\r\n', '\x0b', '\x0c'), behavior will be unspecified
  tokens_by_line = make_tokens_by_line(lines)
/app/ipython/IPython/core/inputtransformer2.py:608: UserWarning: `make_tokens_by_line` received a list of lines which do not have lineending markers ('\n', '\r', '\r\n', '\x0b', '\x0c'), behavior will be unspecified
  tokens_by_line = make_tokens_by_line(lines)
/app/ipython/IPython/core/inputtransformer2.py:714: UserWarning: `make_tokens_by_line` received a list of lines which do not have lineending markers ('\n', '\r', '\r\n', '\x0b', '\x0c'), behavior will be unspecified
  tokens_by_line = make_tokens_by_line(lines)
/app/ipython/IPython/core/inputtransformer2.py:608: UserWarning: `make_tokens_by_line` received a list of lines which do not have lineending markers ('\n', '\r', '\r\n', '\x0b', '\x0c'), behavior will be unspecified
  tokens_by_line = make_tokens_by_line(lines)
/app/ipython/IPython/core/inputtransformer2.py:714: UserWarning: `make_tokens_by_line` received a list of lines which do not have lineending markers ('\n', '\r', '\r\n', '\x0b', '\x0c'), behavior will be unspecified
  tokens_by_line = make_tokens_by_line(lines)
/app/ipython/IPython/core/inputtransformer2.py:608: UserWarning: `make_tokens_by_line` received a list of lines which do not have lineending markers ('\n', '\r', '\r\n', '\x0b', '\x0c'), behavior will be unspecified
  tokens_by_line = make_tokens_by_line(lines)
/app/ipython/IPython/core/inputtransformer2.py:714: UserWarning: `make_tokens_by_line` received a list of lines which do not have lineending markers ('\n', '\r', '\r\n', '\x0b', '\x0c'), behavior will be unspecified
  tokens_by_line = make_tokens_by_line(lines)
#10123	NEW    cov: 363 ft: 1246 corp: 165/782b lim: 17 exec/s: 1265 rss: 84Mb L: 9/17 MS: 2 ChangeByte-CopyPart-
/app/ipython/IPython/core/inputtransformer2.py:608: UserWarning: `make_tokens_by_line` received a list of lines which do not have lineending markers ('\n', '\r', '\r\n', '\x0b', '\x0c'), behavior will be unspecified
  tokens_by_line = make_tokens_by_line(lines)
/app/ipython/IPython/core/inputtransformer2.py:714: UserWarning: `make_tokens_by_line` received a list of lines which do not have lineending markers ('\n', '\r', '\r\n', '\x0b', '\x0c'), behavior will be unspecified
  tokens_by_line = make_tokens_by_line(lines)
#10194	NEW    cov: 363 ft: 1252 corp: 166/787b lim: 17 exec/s: 1274 rss: 84Mb L: 5/17 MS: 1 ChangeBit-
/app/ipython/fuzz.py:106: UserWarning: `make_tokens_by_line` received a list of lines which do not have lineending markers ('\n', '\r', '\r\n', '\x0b', '\x0c'), behavior will be unspecified
  result = make_tokens_by_line(lines)
/app/ipython/IPython/core/inputtransformer2.py:608: UserWarning: `make_tokens_by_line` received a list of lines which do not have lineending markers ('\n', '\r', '\r\n', '\x0b', '\x0c'), behavior will be unspecified
  tokens_by_line = make_tokens_by_line(lines)
/app/ipython/IPython/core/inputtransformer2.py:714: UserWarning: `make_tokens_by_line` received a list of lines which do not have lineending markers ('\n', '\r', '\r\n', '\x0b', '\x0c'), behavior will be unspecified
  tokens_by_line = make_tokens_by_line(lines)
/app/ipython/fuzz.py:106: UserWarning: `make_tokens_by_line` received a list of lines which do not have lineending markers ('\n', '\r', '\r\n', '\x0b', '\x0c'), behavior will be unspecified
  result = make_tokens_by_line(lines)
#10247	NEW    cov: 363 ft: 1255 corp: 167/798b lim: 17 exec/s: 1280 rss: 84Mb L: 11/17 MS: 3 CopyPart-ChangeByte-CrossOver-
#10343	REDUCE cov: 363 ft: 1255 corp: 167/797b lim: 17 exec/s: 1292 rss: 84Mb L: 11/17 MS: 1 EraseBytes-
#10350	NEW    cov: 363 ft: 1256 corp: 168/811b lim: 17 exec/s: 1293 rss: 84Mb L: 14/17 MS: 2 CopyPart-CopyPart-
/app/ipython/IPython/core/inputtransformer2.py:608: UserWarning: `make_tokens_by_line` received a list of lines which do not have lineending markers ('\n', '\r', '\r\n', '\x0b', '\x0c'), behavior will be unspecified
  tokens_by_line = make_tokens_by_line(lines)
/app/ipython/IPython/core/inputtransformer2.py:714: UserWarning: `make_tokens_by_line` received a list of lines which do not have lineending markers ('\n', '\r', '\r\n', '\x0b', '\x0c'), behavior will be unspecified
  tokens_by_line = make_tokens_by_line(lines)
/app/ipython/IPython/core/inputtransformer2.py:608: UserWarning: `make_tokens_by_line` received a list of lines which do not have lineending markers ('\n', '\r', '\r\n', '\x0b', '\x0c'), behavior will be unspecified
  tokens_by_line = make_tokens_by_line(lines)
/app/ipython/IPython/core/inputtransformer2.py:714: UserWarning: `make_tokens_by_line` received a list of lines which do not have lineending markers ('\n', '\r', '\r\n', '\x0b', '\x0c'), behavior will be unspecified
  tokens_by_line = make_tokens_by_line(lines)
/app/ipython/IPython/core/inputtransformer2.py:608: UserWarning: `make_tokens_by_line` received a list of lines which do not have lineending markers ('\n', '\r', '\r\n', '\x0b', '\x0c'), behavior will be unspecified
  tokens_by_line = make_tokens_by_line(lines)
/app/ipython/IPython/core/inputtransformer2.py:714: UserWarning: `make_tokens_by_line` received a list of lines which do not have lineending markers ('\n', '\r', '\r\n', '\x0b', '\x0c'), behavior will be unspecified
  tokens_by_line = make_tokens_by_line(lines)
/app/ipython/fuzz.py:106: UserWarning: `make_tokens_by_line` received a list of lines which do not have lineending markers ('\n', '\r', '\r\n', '\x0b', '\x0c'), behavior will be unspecified
  result = make_tokens_by_line(lines)
/app/ipython/IPython/core/inputtransformer2.py:608: UserWarning: `make_tokens_by_line` received a list of lines which do not have lineending markers ('\n', '\r', '\r\n', '\x0b', '\x0c'), behavior will be unspecified
  tokens_by_line = make_tokens_by_line(lines)
/app/ipython/IPython/core/inputtransformer2.py:714: UserWarning: `make_tokens_by_line` received a list of lines which do not have lineending markers ('\n', '\r', '\r\n', '\x0b', '\x0c'), behavior will be unspecified
  tokens_by_line = make_tokens_by_line(lines)
/app/ipython/IPython/core/inputtransformer2.py:608: UserWarning: `make_tokens_by_line` received a list of lines which do not have lineending markers ('\n', '\r', '\r\n', '\x0b', '\x0c'), behavior will be unspecified
  tokens_by_line = make_tokens_by_line(lines)
/app/ipython/IPython/core/inputtransformer2.py:714: UserWarning: `make_tokens_by_line` received a list of lines which do not have lineending markers ('\n', '\r', '\r\n', '\x0b', '\x0c'), behavior will be unspecified
  tokens_by_line = make_tokens_by_line(lines)
/app/ipython/fuzz.py:106: UserWarning: `make_tokens_by_line` received a list of lines which do not have lineending markers ('\n', '\r', '\r\n', '\x0b', '\x0c'), behavior will be unspecified
  result = make_tokens_by_line(lines)
/app/ipython/IPython/core/inputtransformer2.py:608: UserWarning: `make_tokens_by_line` received a list of lines which do not have lineending markers ('\n', '\r', '\r\n', '\x0b', '\x0c'), behavior will be unspecified
  tokens_by_line = make_tokens_by_line(lines)
/app/ipython/IPython/core/inputtransformer2.py:714: UserWarning: `make_tokens_by_line` received a list of lines which do not have lineending markers ('\n', '\r', '\r\n', '\x0b', '\x0c'), behavior will be unspecified
  tokens_by_line = make_tokens_by_line(lines)
/app/ipython/IPython/core/inputtransformer2.py:608: UserWarning: `make_tokens_by_line` received a list of lines which do not have lineending markers ('\n', '\r', '\r\n', '\x0b', '\x0c'), behavior will be unspecified
  tokens_by_line = make_tokens_by_line(lines)
/app/ipython/IPython/core/inputtransformer2.py:714: UserWarning: `make_tokens_by_line` received a list of lines which do not have lineending markers ('\n', '\r', '\r\n', '\x0b', '\x0c'), behavior will be unspecified
  tokens_by_line = make_tokens_by_line(lines)
/app/ipython/fuzz.py:106: UserWarning: `make_tokens_by_line` received a list of lines which do not have lineending markers ('\n', '\r', '\r\n', '\x0b', '\x0c'), behavior will be unspecified
  result = make_tokens_by_line(lines)
#10407	REDUCE cov: 363 ft: 1256 corp: 168/810b lim: 17 exec/s: 1300 rss: 84Mb L: 6/17 MS: 2 CrossOver-EraseBytes-
/app/ipython/IPython/core/inputtransformer2.py:608: UserWarning: `make_tokens_by_line` received a list of lines which do not have lineending markers ('\n', '\r', '\r\n', '\x0b', '\x0c'), behavior will be unspecified
  tokens_by_line = make_tokens_by_line(lines)
/app/ipython/fuzz.py:106: UserWarning: `make_tokens_by_line` received a list of lines which do not have lineending markers ('\n', '\r', '\r\n', '\x0b', '\x0c'), behavior will be unspecified
  result = make_tokens_by_line(lines)
/app/ipython/IPython/core/inputtransformer2.py:608: UserWarning: `make_tokens_by_line` received a list of lines which do not have lineending markers ('\n', '\r', '\r\n', '\x0b', '\x0c'), behavior will be unspecified
  tokens_by_line = make_tokens_by_line(lines)
/app/ipython/fuzz.py:106: UserWarning: `make_tokens_by_line` received a list of lines which do not have lineending markers ('\n', '\r', '\r\n', '\x0b', '\x0c'), behavior will be unspecified
  result = make_tokens_by_line(lines)
/app/ipython/IPython/core/inputtransformer2.py:608: UserWarning: `make_tokens_by_line` received a list of lines which do not have lineending markers ('\n', '\r', '\r\n', '\x0b', '\x0c'), behavior will be unspecified
  tokens_by_line = make_tokens_by_line(lines)
/app/ipython/IPython/core/inputtransformer2.py:714: UserWarning: `make_tokens_by_line` received a list of lines which do not have lineending markers ('\n', '\r', '\r\n', '\x0b', '\x0c'), behavior will be unspecified
  tokens_by_line = make_tokens_by_line(lines)
/app/ipython/fuzz.py:106: UserWarning: `make_tokens_by_line` received a list of lines which do not have lineending markers ('\n', '\r', '\r\n', '\x0b', '\x0c'), behavior will be unspecified
  result = make_tokens_by_line(lines)
/app/ipython/IPython/core/inputtransformer2.py:608: UserWarning: `make_tokens_by_line` received a list of lines which do not have lineending markers ('\n', '\r', '\r\n', '\x0b', '\x0c'), behavior will be unspecified
  tokens_by_line = make_tokens_by_line(lines)
/app/ipython/IPython/core/inputtransformer2.py:714: UserWarning: `make_tokens_by_line` received a list of lines which do not have lineending markers ('\n', '\r', '\r\n', '\x0b', '\x0c'), behavior will be unspecified
  tokens_by_line = make_tokens_by_line(lines)
/app/ipython/fuzz.py:106: UserWarning: `make_tokens_by_line` received a list of lines which do not have lineending markers ('\n', '\r', '\r\n', '\x0b', '\x0c'), behavior will be unspecified
  result = make_tokens_by_line(lines)
/app/ipython/IPython/core/inputtransformer2.py:608: UserWarning: `make_tokens_by_line` received a list of lines which do not have lineending markers ('\n', '\r', '\r\n', '\x0b', '\x0c'), behavior will be unspecified
  tokens_by_line = make_tokens_by_line(lines)
/app/ipython/IPython/core/inputtransformer2.py:714: UserWarning: `make_tokens_by_line` received a list of lines which do not have lineending markers ('\n', '\r', '\r\n', '\x0b', '\x0c'), behavior will be unspecified
  tokens_by_line = make_tokens_by_line(lines)
/app/ipython/fuzz.py:106: UserWarning: `make_tokens_by_line` received a list of lines which do not have lineending markers ('\n', '\r', '\r\n', '\x0b', '\x0c'), behavior will be unspecified
  result = make_tokens_by_line(lines)
/app/ipython/IPython/core/inputtransformer2.py:608: UserWarning: `make_tokens_by_line` received a list of lines which do not have lineending markers ('\n', '\r', '\r\n', '\x0b', '\x0c'), behavior will be unspecified
  tokens_by_line = make_tokens_by_line(lines)
/app/ipython/IPython/core/inputtransformer2.py:714: UserWarning: `make_tokens_by_line` received a list of lines which do not have lineending markers ('\n', '\r', '\r\n', '\x0b', '\x0c'), behavior will be unspecified
  tokens_by_line = make_tokens_by_line(lines)
/app/ipython/fuzz.py:106: UserWarning: `make_tokens_by_line` received a list of lines which do not have lineending markers ('\n', '\r', '\r\n', '\x0b', '\x0c'), behavior will be unspecified
  result = make_tokens_by_line(lines)
/app/ipython/IPython/core/inputtransformer2.py:608: UserWarning: `make_tokens_by_line` received a list of lines which do not have lineending markers ('\n', '\r', '\r\n', '\x0b', '\x0c'), behavior will be unspecified
  tokens_by_line = make_tokens_by_line(lines)
/app/ipython/IPython/core/inputtransformer2.py:714: UserWarning: `make_tokens_by_line` received a list of lines which do not have lineending markers ('\n', '\r', '\r\n', '\x0b', '\x0c'), behavior will be unspecified
  tokens_by_line = make_tokens_by_line(lines)
/app/ipython/fuzz.py:106: UserWarning: `make_tokens_by_line` received a list of lines which do not have lineending markers ('\n', '\r', '\r\n', '\x0b', '\x0c'), behavior will be unspecified
  result = make_tokens_by_line(lines)
/app/ipython/IPython/core/inputtransformer2.py:608: UserWarning: `make_tokens_by_line` received a list of lines which do not have lineending markers ('\n', '\r', '\r\n', '\x0b', '\x0c'), behavior will be unspecified
  tokens_by_line = make_tokens_by_line(lines)
/app/ipython/IPython/core/inputtransformer2.py:714: UserWarning: `make_tokens_by_line` received a list of lines which do not have lineending markers ('\n', '\r', '\r\n', '\x0b', '\x0c'), behavior will be unspecified
  tokens_by_line = make_tokens_by_line(lines)
/app/ipython/fuzz.py:106: UserWarning: `make_tokens_by_line` received a list of lines which do not have lineending markers ('\n', '\r', '\r\n', '\x0b', '\x0c'), behavior will be unspecified
  result = make_tokens_by_line(lines)
/app/ipython/IPython/core/inputtransformer2.py:608: UserWarning: `make_tokens_by_line` received a list of lines which do not have lineending markers ('\n', '\r', '\r\n', '\x0b', '\x0c'), behavior will be unspecified
  tokens_by_line = make_tokens_by_line(lines)
/app/ipython/IPython/core/inputtransformer2.py:714: UserWarning: `make_tokens_by_line` received a list of lines which do not have lineending markers ('\n', '\r', '\r\n', '\x0b', '\x0c'), behavior will be unspecified
  tokens_by_line = make_tokens_by_line(lines)
/app/ipython/fuzz.py:106: UserWarning: `make_tokens_by_line` received a list of lines which do not have lineending markers ('\n', '\r', '\r\n', '\x0b', '\x0c'), behavior will be unspecified
  result = make_tokens_by_line(lines)
/app/ipython/IPython/core/inputtransformer2.py:608: UserWarning: `make_tokens_by_line` received a list of lines which do not have lineending markers ('\n', '\r', '\r\n', '\x0b', '\x0c'), behavior will be unspecified
  tokens_by_line = make_tokens_by_line(lines)
/app/ipython/IPython/core/inputtransformer2.py:714: UserWarning: `make_tokens_by_line` received a list of lines which do not have lineending markers ('\n', '\r', '\r\n', '\x0b', '\x0c'), behavior will be unspecified
  tokens_by_line = make_tokens_by_line(lines)
/app/ipython/fuzz.py:106: UserWarning: `make_tokens_by_line` received a list of lines which do not have lineending markers ('\n', '\r', '\r\n', '\x0b', '\x0c'), behavior will be unspecified
  result = make_tokens_by_line(lines)
/app/ipython/IPython/core/inputtransformer2.py:608: UserWarning: `make_tokens_by_line` received a list of lines which do not have lineending markers ('\n', '\r', '\r\n', '\x0b', '\x0c'), behavior will be unspecified
  tokens_by_line = make_tokens_by_line(lines)
/app/ipython/IPython/core/inputtransformer2.py:714: UserWarning: `make_tokens_by_line` received a list of lines which do not have lineending markers ('\n', '\r', '\r\n', '\x0b', '\x0c'), behavior will be unspecified
  tokens_by_line = make_tokens_by_line(lines)
/app/ipython/fuzz.py:106: UserWarning: `make_tokens_by_line` received a list of lines which do not have lineending markers ('\n', '\r', '\r\n', '\x0b', '\x0c'), behavior will be unspecified
  result = make_tokens_by_line(lines)
/app/ipython/IPython/core/inputtransformer2.py:608: UserWarning: `make_tokens_by_line` received a list of lines which do not have lineending markers ('\n', '\r', '\r\n', '\x0b', '\x0c'), behavior will be unspecified
  tokens_by_line = make_tokens_by_line(lines)
/app/ipython/IPython/core/inputtransformer2.py:714: UserWarning: `make_tokens_by_line` received a list of lines which do not have lineending markers ('\n', '\r', '\r\n', '\x0b', '\x0c'), behavior will be unspecified
  tokens_by_line = make_tokens_by_line(lines)
/app/ipython/fuzz.py:106: UserWarning: `make_tokens_by_line` received a list of lines which do not have lineending markers ('\n', '\r', '\r\n', '\x0b', '\x0c'), behavior will be unspecified
  result = make_tokens_by_line(lines)
/app/ipython/IPython/core/inputtransformer2.py:608: UserWarning: `make_tokens_by_line` received a list of lines which do not have lineending markers ('\n', '\r', '\r\n', '\x0b', '\x0c'), behavior will be unspecified
  tokens_by_line = make_tokens_by_line(lines)
/app/ipython/IPython/core/inputtransformer2.py:714: UserWarning: `make_tokens_by_line` received a list of lines which do not have lineending markers ('\n', '\r', '\r\n', '\x0b', '\x0c'), behavior will be unspecified
  tokens_by_line = make_tokens_by_line(lines)
/app/ipython/fuzz.py:106: UserWarning: `make_tokens_by_line` received a list of lines which do not have lineending markers ('\n', '\r', '\r\n', '\x0b', '\x0c'), behavior will be unspecified
  result = make_tokens_by_line(lines)
/app/ipython/IPython/core/inputtransformer2.py:608: UserWarning: `make_tokens_by_line` received a list of lines which do not have lineending markers ('\n', '\r', '\r\n', '\x0b', '\x0c'), behavior will be unspecified
  tokens_by_line = make_tokens_by_line(lines)
/app/ipython/IPython/core/inputtransformer2.py:714: UserWarning: `make_tokens_by_line` received a list of lines which do not have lineending markers ('\n', '\r', '\r\n', '\x0b', '\x0c'), behavior will be unspecified
  tokens_by_line = make_tokens_by_line(lines)
/app/ipython/fuzz.py:106: UserWarning: `make_tokens_by_line` received a list of lines which do not have lineending markers ('\n', '\r', '\r\n', '\x0b', '\x0c'), behavior will be unspecified
  result = make_tokens_by_line(lines)
/app/ipython/IPython/core/inputtransformer2.py:608: UserWarning: `make_tokens_by_line` received a list of lines which do not have lineending markers ('\n', '\r', '\r\n', '\x0b', '\x0c'), behavior will be unspecified
  tokens_by_line = make_tokens_by_line(lines)
/app/ipython/IPython/core/inputtransformer2.py:714: UserWarning: `make_tokens_by_line` received a list of lines which do not have lineending markers ('\n', '\r', '\r\n', '\x0b', '\x0c'), behavior will be unspecified
  tokens_by_line = make_tokens_by_line(lines)
/app/ipython/fuzz.py:106: UserWarning: `make_tokens_by_line` received a list of lines which do not have lineending markers ('\n', '\r', '\r\n', '\x0b', '\x0c'), behavior will be unspecified
  result = make_tokens_by_line(lines)
/app/ipython/IPython/core/inputtransformer2.py:608: UserWarning: `make_tokens_by_line` received a list of lines which do not have lineending markers ('\n', '\r', '\r\n', '\x0b', '\x0c'), behavior will be unspecified
  tokens_by_line = make_tokens_by_line(lines)
/app/ipython/IPython/core/inputtransformer2.py:714: UserWarning: `make_tokens_by_line` received a list of lines which do not have lineending markers ('\n', '\r', '\r\n', '\x0b', '\x0c'), behavior will be unspecified
  tokens_by_line = make_tokens_by_line(lines)
/app/ipython/fuzz.py:106: UserWarning: `make_tokens_by_line` received a list of lines which do not have lineending markers ('\n', '\r', '\r\n', '\x0b', '\x0c'), behavior will be unspecified
  result = make_tokens_by_line(lines)
/app/ipython/IPython/core/inputtransformer2.py:608: UserWarning: `make_tokens_by_line` received a list of lines which do not have lineending markers ('\n', '\r', '\r\n', '\x0b', '\x0c'), behavior will be unspecified
  tokens_by_line = make_tokens_by_line(lines)
/app/ipython/IPython/core/inputtransformer2.py:714: UserWarning: `make_tokens_by_line` received a list of lines which do not have lineending markers ('\n', '\r', '\r\n', '\x0b', '\x0c'), behavior will be unspecified
  tokens_by_line = make_tokens_by_line(lines)
/app/ipython/fuzz.py:106: UserWarning: `make_tokens_by_line` received a list of lines which do not have lineending markers ('\n', '\r', '\r\n', '\x0b', '\x0c'), behavior will be unspecified
  result = make_tokens_by_line(lines)
/app/ipython/IPython/core/inputtransformer2.py:608: UserWarning: `make_tokens_by_line` received a list of lines which do not have lineending markers ('\n', '\r', '\r\n', '\x0b', '\x0c'), behavior will be unspecified
  tokens_by_line = make_tokens_by_line(lines)
/app/ipython/IPython/core/inputtransformer2.py:714: UserWarning: `make_tokens_by_line` received a list of lines which do not have lineending markers ('\n', '\r', '\r\n', '\x0b', '\x0c'), behavior will be unspecified
  tokens_by_line = make_tokens_by_line(lines)
/app/ipython/fuzz.py:106: UserWarning: `make_tokens_by_line` received a list of lines which do not have lineending markers ('\n', '\r', '\r\n', '\x0b', '\x0c'), behavior will be unspecified
  result = make_tokens_by_line(lines)
/app/ipython/IPython/core/inputtransformer2.py:608: UserWarning: `make_tokens_by_line` received a list of lines which do not have lineending markers ('\n', '\r', '\r\n', '\x0b', '\x0c'), behavior will be unspecified
  tokens_by_line = make_tokens_by_line(lines)
/app/ipython/IPython/core/inputtransformer2.py:714: UserWarning: `make_tokens_by_line` received a list of lines which do not have lineending markers ('\n', '\r', '\r\n', '\x0b', '\x0c'), behavior will be unspecified
  tokens_by_line = make_tokens_by_line(lines)
/app/ipython/IPython/core/inputtransformer2.py:608: UserWarning: `make_tokens_by_line` received a list of lines which do not have lineending markers ('\n', '\r', '\r\n', '\x0b', '\x0c'), behavior will be unspecified
  tokens_by_line = make_tokens_by_line(lines)
/app/ipython/IPython/core/inputtransformer2.py:714: UserWarning: `make_tokens_by_line` received a list of lines which do not have lineending markers ('\n', '\r', '\r\n', '\x0b', '\x0c'), behavior will be unspecified
  tokens_by_line = make_tokens_by_line(lines)
/app/ipython/IPython/core/inputtransformer2.py:608: UserWarning: `make_tokens_by_line` received a list of lines which do not have lineending markers ('\n', '\r', '\r\n', '\x0b', '\x0c'), behavior will be unspecified
  tokens_by_line = make_tokens_by_line(lines)
/app/ipython/IPython/core/inputtransformer2.py:714: UserWarning: `make_tokens_by_line` received a list of lines which do not have lineending markers ('\n', '\r', '\r\n', '\x0b', '\x0c'), behavior will be unspecified
  tokens_by_line = make_tokens_by_line(lines)
/app/ipython/fuzz.py:106: UserWarning: `make_tokens_by_line` received a list of lines which do not have lineending markers ('\n', '\r', '\r\n', '\x0b', '\x0c'), behavior will be unspecified
  result = make_tokens_by_line(lines)
/app/ipython/IPython/core/inputtransformer2.py:608: UserWarning: `make_tokens_by_line` received a list of lines which do not have lineending markers ('\n', '\r', '\r\n', '\x0b', '\x0c'), behavior will be unspecified
  tokens_by_line = make_tokens_by_line(lines)
/app/ipython/IPython/core/inputtransformer2.py:714: UserWarning: `make_tokens_by_line` received a list of lines which do not have lineending markers ('\n', '\r', '\r\n', '\x0b', '\x0c'), behavior will be unspecified
  tokens_by_line = make_tokens_by_line(lines)
/app/ipython/IPython/core/inputtransformer2.py:608: UserWarning: `make_tokens_by_line` received a list of lines which do not have lineending markers ('\n', '\r', '\r\n', '\x0b', '\x0c'), behavior will be unspecified
  tokens_by_line = make_tokens_by_line(lines)
/app/ipython/IPython/core/inputtransformer2.py:714: UserWarning: `make_tokens_by_line` received a list of lines which do not have lineending markers ('\n', '\r', '\r\n', '\x0b', '\x0c'), behavior will be unspecified
  tokens_by_line = make_tokens_by_line(lines)
/app/ipython/fuzz.py:106: UserWarning: `make_tokens_by_line` received a list of lines which do not have lineending markers ('\n', '\r', '\r\n', '\x0b', '\x0c'), behavior will be unspecified
  result = make_tokens_by_line(lines)
/app/ipython/fuzz.py:106: UserWarning: `make_tokens_by_line` received a list of lines which do not have lineending markers ('\n', '\r', '\r\n', '\x0b', '\x0c'), behavior will be unspecified
  result = make_tokens_by_line(lines)
/app/ipython/fuzz.py:106: UserWarning: `make_tokens_by_line` received a list of lines which do not have lineending markers ('\n', '\r', '\r\n', '\x0b', '\x0c'), behavior will be unspecified
  result = make_tokens_by_line(lines)
/app/ipython/fuzz.py:106: UserWarning: `make_tokens_by_line` received a list of lines which do not have lineending markers ('\n', '\r', '\r\n', '\x0b', '\x0c'), behavior will be unspecified
  result = make_tokens_by_line(lines)
/app/ipython/fuzz.py:106: UserWarning: `make_tokens_by_line` received a list of lines which do not have lineending markers ('\n', '\r', '\r\n', '\x0b', '\x0c'), behavior will be unspecified
  result = make_tokens_by_line(lines)
#10768	REDUCE cov: 363 ft: 1256 corp: 168/809b lim: 17 exec/s: 1196 rss: 84Mb L: 8/17 MS: 1 EraseBytes-
/app/ipython/IPython/core/inputtransformer2.py:608: UserWarning: `make_tokens_by_line` received a list of lines which do not have lineending markers ('\n', '\r', '\r\n', '\x0b', '\x0c'), behavior will be unspecified
  tokens_by_line = make_tokens_by_line(lines)
/app/ipython/IPython/core/inputtransformer2.py:714: UserWarning: `make_tokens_by_line` received a list of lines which do not have lineending markers ('\n', '\r', '\r\n', '\x0b', '\x0c'), behavior will be unspecified
  tokens_by_line = make_tokens_by_line(lines)
/app/ipython/IPython/core/inputtransformer2.py:608: UserWarning: `make_tokens_by_line` received a list of lines which do not have lineending markers ('\n', '\r', '\r\n', '\x0b', '\x0c'), behavior will be unspecified
  tokens_by_line = make_tokens_by_line(lines)
/app/ipython/IPython/core/inputtransformer2.py:714: UserWarning: `make_tokens_by_line` received a list of lines which do not have lineending markers ('\n', '\r', '\r\n', '\x0b', '\x0c'), behavior will be unspecified
  tokens_by_line = make_tokens_by_line(lines)
/app/ipython/fuzz.py:106: UserWarning: `make_tokens_by_line` received a list of lines which do not have lineending markers ('\n', '\r', '\r\n', '\x0b', '\x0c'), behavior will be unspecified
  result = make_tokens_by_line(lines)
/app/ipython/IPython/core/inputtransformer2.py:608: UserWarning: `make_tokens_by_line` received a list of lines which do not have lineending markers ('\n', '\r', '\r\n', '\x0b', '\x0c'), behavior will be unspecified
  tokens_by_line = make_tokens_by_line(lines)
/app/ipython/IPython/core/inputtransformer2.py:714: UserWarning: `make_tokens_by_line` received a list of lines which do not have lineending markers ('\n', '\r', '\r\n', '\x0b', '\x0c'), behavior will be unspecified
  tokens_by_line = make_tokens_by_line(lines)
/app/ipython/fuzz.py:106: UserWarning: `make_tokens_by_line` received a list of lines which do not have lineending markers ('\n', '\r', '\r\n', '\x0b', '\x0c'), behavior will be unspecified
  result = make_tokens_by_line(lines)
/app/ipython/IPython/core/inputtransformer2.py:608: UserWarning: `make_tokens_by_line` received a list of lines which do not have lineending markers ('\n', '\r', '\r\n', '\x0b', '\x0c'), behavior will be unspecified
  tokens_by_line = make_tokens_by_line(lines)
/app/ipython/IPython/core/inputtransformer2.py:714: UserWarning: `make_tokens_by_line` received a list of lines which do not have lineending markers ('\n', '\r', '\r\n', '\x0b', '\x0c'), behavior will be unspecified
  tokens_by_line = make_tokens_by_line(lines)
/app/ipython/fuzz.py:106: UserWarning: `make_tokens_by_line` received a list of lines which do not have lineending markers ('\n', '\r', '\r\n', '\x0b', '\x0c'), behavior will be unspecified
  result = make_tokens_by_line(lines)
/app/ipython/IPython/core/inputtransformer2.py:608: UserWarning: `make_tokens_by_line` received a list of lines which do not have lineending markers ('\n', '\r', '\r\n', '\x0b', '\x0c'), behavior will be unspecified
  tokens_by_line = make_tokens_by_line(lines)
/app/ipython/IPython/core/inputtransformer2.py:714: UserWarning: `make_tokens_by_line` received a list of lines which do not have lineending markers ('\n', '\r', '\r\n', '\x0b', '\x0c'), behavior will be unspecified
  tokens_by_line = make_tokens_by_line(lines)
/app/ipython/fuzz.py:106: UserWarning: `make_tokens_by_line` received a list of lines which do not have lineending markers ('\n', '\r', '\r\n', '\x0b', '\x0c'), behavior will be unspecified
  result = make_tokens_by_line(lines)
#10869	REDUCE cov: 363 ft: 1256 corp: 168/808b lim: 17 exec/s: 1207 rss: 84Mb L: 1/17 MS: 1 EraseBytes-
/app/ipython/IPython/core/inputtransformer2.py:608: UserWarning: `make_tokens_by_line` received a list of lines which do not have lineending markers ('\n', '\r', '\r\n', '\x0b', '\x0c'), behavior will be unspecified
  tokens_by_line = make_tokens_by_line(lines)
/app/ipython/IPython/core/inputtransformer2.py:714: UserWarning: `make_tokens_by_line` received a list of lines which do not have lineending markers ('\n', '\r', '\r\n', '\x0b', '\x0c'), behavior will be unspecified
  tokens_by_line = make_tokens_by_line(lines)
/app/ipython/fuzz.py:106: UserWarning: `make_tokens_by_line` received a list of lines which do not have lineending markers ('\n', '\r', '\r\n', '\x0b', '\x0c'), behavior will be unspecified
  result = make_tokens_by_line(lines)
/app/ipython/IPython/core/inputtransformer2.py:608: UserWarning: `make_tokens_by_line` received a list of lines which do not have lineending markers ('\n', '\r', '\r\n', '\x0b', '\x0c'), behavior will be unspecified
  tokens_by_line = make_tokens_by_line(lines)
/app/ipython/IPython/core/inputtransformer2.py:714: UserWarning: `make_tokens_by_line` received a list of lines which do not have lineending markers ('\n', '\r', '\r\n', '\x0b', '\x0c'), behavior will be unspecified
  tokens_by_line = make_tokens_by_line(lines)
/app/ipython/fuzz.py:106: UserWarning: `make_tokens_by_line` received a list of lines which do not have lineending markers ('\n', '\r', '\r\n', '\x0b', '\x0c'), behavior will be unspecified
  result = make_tokens_by_line(lines)
/app/ipython/IPython/core/inputtransformer2.py:608: UserWarning: `make_tokens_by_line` received a list of lines which do not have lineending markers ('\n', '\r', '\r\n', '\x0b', '\x0c'), behavior will be unspecified
  tokens_by_line = make_tokens_by_line(lines)
/app/ipython/IPython/core/inputtransformer2.py:714: UserWarning: `make_tokens_by_line` received a list of lines which do not have lineending markers ('\n', '\r', '\r\n', '\x0b', '\x0c'), behavior will be unspecified
  tokens_by_line = make_tokens_by_line(lines)
/app/ipython/fuzz.py:106: UserWarning: `make_tokens_by_line` received a list of lines which do not have lineending markers ('\n', '\r', '\r\n', '\x0b', '\x0c'), behavior will be unspecified
  result = make_tokens_by_line(lines)
/app/ipython/IPython/core/inputtransformer2.py:608: UserWarning: `make_tokens_by_line` received a list of lines which do not have lineending markers ('\n', '\r', '\r\n', '\x0b', '\x0c'), behavior will be unspecified
  tokens_by_line = make_tokens_by_line(lines)
/app/ipython/IPython/core/inputtransformer2.py:714: UserWarning: `make_tokens_by_line` received a list of lines which do not have lineending markers ('\n', '\r', '\r\n', '\x0b', '\x0c'), behavior will be unspecified
  tokens_by_line = make_tokens_by_line(lines)
/app/ipython/fuzz.py:106: UserWarning: `make_tokens_by_line` received a list of lines which do not have lineending markers ('\n', '\r', '\r\n', '\x0b', '\x0c'), behavior will be unspecified
  result = make_tokens_by_line(lines)
/app/ipython/IPython/core/inputtransformer2.py:608: UserWarning: `make_tokens_by_line` received a list of lines which do not have lineending markers ('\n', '\r', '\r\n', '\x0b', '\x0c'), behavior will be unspecified
  tokens_by_line = make_tokens_by_line(lines)
/app/ipython/IPython/core/inputtransformer2.py:714: UserWarning: `make_tokens_by_line` received a list of lines which do not have lineending markers ('\n', '\r', '\r\n', '\x0b', '\x0c'), behavior will be unspecified
  tokens_by_line = make_tokens_by_line(lines)
/app/ipython/fuzz.py:106: UserWarning: `make_tokens_by_line` received a list of lines which do not have lineending markers ('\n', '\r', '\r\n', '\x0b', '\x0c'), behavior will be unspecified
  result = make_tokens_by_line(lines)
#10956	NEW    cov: 363 ft: 1263 corp: 169/822b lim: 17 exec/s: 1217 rss: 84Mb L: 14/17 MS: 2 ChangeByte-ChangeBit-
#11013	REDUCE cov: 363 ft: 1263 corp: 169/820b lim: 17 exec/s: 1223 rss: 84Mb L: 5/17 MS: 2 ChangeBinInt-EraseBytes-
/app/ipython/fuzz.py:106: UserWarning: `make_tokens_by_line` received a list of lines which do not have lineending markers ('\n', '\r', '\r\n', '\x0b', '\x0c'), behavior will be unspecified
  result = make_tokens_by_line(lines)
#11057	REDUCE cov: 363 ft: 1263 corp: 169/819b lim: 17 exec/s: 1228 rss: 84Mb L: 4/17 MS: 4 CopyPart-ChangeBinInt-CopyPart-EraseBytes-
/app/ipython/IPython/core/inputtransformer2.py:608: UserWarning: `make_tokens_by_line` received a list of lines which do not have lineending markers ('\n', '\r', '\r\n', '\x0b', '\x0c'), behavior will be unspecified
  tokens_by_line = make_tokens_by_line(lines)
/app/ipython/IPython/core/inputtransformer2.py:714: UserWarning: `make_tokens_by_line` received a list of lines which do not have lineending markers ('\n', '\r', '\r\n', '\x0b', '\x0c'), behavior will be unspecified
  tokens_by_line = make_tokens_by_line(lines)
/app/ipython/IPython/core/inputtransformer2.py:608: UserWarning: `make_tokens_by_line` received a list of lines which do not have lineending markers ('\n', '\r', '\r\n', '\x0b', '\x0c'), behavior will be unspecified
  tokens_by_line = make_tokens_by_line(lines)
/app/ipython/IPython/core/inputtransformer2.py:714: UserWarning: `make_tokens_by_line` received a list of lines which do not have lineending markers ('\n', '\r', '\r\n', '\x0b', '\x0c'), behavior will be unspecified
  tokens_by_line = make_tokens_by_line(lines)
/app/ipython/IPython/core/inputtransformer2.py:608: UserWarning: `make_tokens_by_line` received a list of lines which do not have lineending markers ('\n', '\r', '\r\n', '\x0b', '\x0c'), behavior will be unspecified
  tokens_by_line = make_tokens_by_line(lines)
/app/ipython/IPython/core/inputtransformer2.py:714: UserWarning: `make_tokens_by_line` received a list of lines which do not have lineending markers ('\n', '\r', '\r\n', '\x0b', '\x0c'), behavior will be unspecified
  tokens_by_line = make_tokens_by_line(lines)
/app/ipython/IPython/core/inputtransformer2.py:608: UserWarning: `make_tokens_by_line` received a list of lines which do not have lineending markers ('\n', '\r', '\r\n', '\x0b', '\x0c'), behavior will be unspecified
  tokens_by_line = make_tokens_by_line(lines)
/app/ipython/IPython/core/inputtransformer2.py:714: UserWarning: `make_tokens_by_line` received a list of lines which do not have lineending markers ('\n', '\r', '\r\n', '\x0b', '\x0c'), behavior will be unspecified
  tokens_by_line = make_tokens_by_line(lines)
/app/ipython/IPython/core/inputtransformer2.py:608: UserWarning: `make_tokens_by_line` received a list of lines which do not have lineending markers ('\n', '\r', '\r\n', '\x0b', '\x0c'), behavior will be unspecified
  tokens_by_line = make_tokens_by_line(lines)
/app/ipython/IPython/core/inputtransformer2.py:714: UserWarning: `make_tokens_by_line` received a list of lines which do not have lineending markers ('\n', '\r', '\r\n', '\x0b', '\x0c'), behavior will be unspecified
  tokens_by_line = make_tokens_by_line(lines)
#11176	NEW    cov: 363 ft: 1264 corp: 170/836b lim: 17 exec/s: 1241 rss: 84Mb L: 17/17 MS: 4 InsertByte-InsertRepeatedBytes-PersAutoDict-CrossOver- DE: "\000\000\000\000"-
#11184	REDUCE cov: 363 ft: 1264 corp: 170/835b lim: 17 exec/s: 1242 rss: 84Mb L: 4/17 MS: 3 PersAutoDict-ChangeBinInt-EraseBytes- DE: "\000\000"-
/app/ipython/IPython/core/inputtransformer2.py:608: UserWarning: `make_tokens_by_line` received a list of lines which do not have lineending markers ('\n', '\r', '\r\n', '\x0b', '\x0c'), behavior will be unspecified
  tokens_by_line = make_tokens_by_line(lines)
/app/ipython/IPython/core/inputtransformer2.py:714: UserWarning: `make_tokens_by_line` received a list of lines which do not have lineending markers ('\n', '\r', '\r\n', '\x0b', '\x0c'), behavior will be unspecified
  tokens_by_line = make_tokens_by_line(lines)
/app/ipython/fuzz.py:106: UserWarning: `make_tokens_by_line` received a list of lines which do not have lineending markers ('\n', '\r', '\r\n', '\x0b', '\x0c'), behavior will be unspecified
  result = make_tokens_by_line(lines)
/app/ipython/IPython/core/inputtransformer2.py:608: UserWarning: `make_tokens_by_line` received a list of lines which do not have lineending markers ('\n', '\r', '\r\n', '\x0b', '\x0c'), behavior will be unspecified
  tokens_by_line = make_tokens_by_line(lines)
/app/ipython/IPython/core/inputtransformer2.py:714: UserWarning: `make_tokens_by_line` received a list of lines which do not have lineending markers ('\n', '\r', '\r\n', '\x0b', '\x0c'), behavior will be unspecified
  tokens_by_line = make_tokens_by_line(lines)
/app/ipython/IPython/core/inputtransformer2.py:608: UserWarning: `make_tokens_by_line` received a list of lines which do not have lineending markers ('\n', '\r', '\r\n', '\x0b', '\x0c'), behavior will be unspecified
  tokens_by_line = make_tokens_by_line(lines)
/app/ipython/IPython/core/inputtransformer2.py:714: UserWarning: `make_tokens_by_line` received a list of lines which do not have lineending markers ('\n', '\r', '\r\n', '\x0b', '\x0c'), behavior will be unspecified
  tokens_by_line = make_tokens_by_line(lines)
/app/ipython/IPython/core/inputtransformer2.py:608: UserWarning: `make_tokens_by_line` received a list of lines which do not have lineending markers ('\n', '\r', '\r\n', '\x0b', '\x0c'), behavior will be unspecified
  tokens_by_line = make_tokens_by_line(lines)
/app/ipython/IPython/core/inputtransformer2.py:714: UserWarning: `make_tokens_by_line` received a list of lines which do not have lineending markers ('\n', '\r', '\r\n', '\x0b', '\x0c'), behavior will be unspecified
  tokens_by_line = make_tokens_by_line(lines)
/app/ipython/IPython/core/inputtransformer2.py:608: UserWarning: `make_tokens_by_line` received a list of lines which do not have lineending markers ('\n', '\r', '\r\n', '\x0b', '\x0c'), behavior will be unspecified
  tokens_by_line = make_tokens_by_line(lines)
/app/ipython/IPython/core/inputtransformer2.py:714: UserWarning: `make_tokens_by_line` received a list of lines which do not have lineending markers ('\n', '\r', '\r\n', '\x0b', '\x0c'), behavior will be unspecified
  tokens_by_line = make_tokens_by_line(lines)
/app/ipython/IPython/core/inputtransformer2.py:608: UserWarning: `make_tokens_by_line` received a list of lines which do not have lineending markers ('\n', '\r', '\r\n', '\x0b', '\x0c'), behavior will be unspecified
  tokens_by_line = make_tokens_by_line(lines)
/app/ipython/IPython/core/inputtransformer2.py:714: UserWarning: `make_tokens_by_line` received a list of lines which do not have lineending markers ('\n', '\r', '\r\n', '\x0b', '\x0c'), behavior will be unspecified
  tokens_by_line = make_tokens_by_line(lines)
/app/ipython/fuzz.py:106: UserWarning: `make_tokens_by_line` received a list of lines which do not have lineending markers ('\n', '\r', '\r\n', '\x0b', '\x0c'), behavior will be unspecified
  result = make_tokens_by_line(lines)
/app/ipython/IPython/core/inputtransformer2.py:608: UserWarning: `make_tokens_by_line` received a list of lines which do not have lineending markers ('\n', '\r', '\r\n', '\x0b', '\x0c'), behavior will be unspecified
  tokens_by_line = make_tokens_by_line(lines)
/app/ipython/fuzz.py:106: UserWarning: `make_tokens_by_line` received a list of lines which do not have lineending markers ('\n', '\r', '\r\n', '\x0b', '\x0c'), behavior will be unspecified
  result = make_tokens_by_line(lines)
/app/ipython/IPython/core/inputtransformer2.py:608: UserWarning: `make_tokens_by_line` received a list of lines which do not have lineending markers ('\n', '\r', '\r\n', '\x0b', '\x0c'), behavior will be unspecified
  tokens_by_line = make_tokens_by_line(lines)
/app/ipython/IPython/core/inputtransformer2.py:714: UserWarning: `make_tokens_by_line` received a list of lines which do not have lineending markers ('\n', '\r', '\r\n', '\x0b', '\x0c'), behavior will be unspecified
  tokens_by_line = make_tokens_by_line(lines)
/app/ipython/fuzz.py:106: UserWarning: `make_tokens_by_line` received a list of lines which do not have lineending markers ('\n', '\r', '\r\n', '\x0b', '\x0c'), behavior will be unspecified
  result = make_tokens_by_line(lines)
/app/ipython/IPython/core/inputtransformer2.py:608: UserWarning: `make_tokens_by_line` received a list of lines which do not have lineending markers ('\n', '\r', '\r\n', '\x0b', '\x0c'), behavior will be unspecified
  tokens_by_line = make_tokens_by_line(lines)
/app/ipython/IPython/core/inputtransformer2.py:714: UserWarning: `make_tokens_by_line` received a list of lines which do not have lineending markers ('\n', '\r', '\r\n', '\x0b', '\x0c'), behavior will be unspecified
  tokens_by_line = make_tokens_by_line(lines)
/app/ipython/fuzz.py:106: UserWarning: `make_tokens_by_line` received a list of lines which do not have lineending markers ('\n', '\r', '\r\n', '\x0b', '\x0c'), behavior will be unspecified
  result = make_tokens_by_line(lines)
/app/ipython/IPython/core/inputtransformer2.py:608: UserWarning: `make_tokens_by_line` received a list of lines which do not have lineending markers ('\n', '\r', '\r\n', '\x0b', '\x0c'), behavior will be unspecified
  tokens_by_line = make_tokens_by_line(lines)
/app/ipython/IPython/core/inputtransformer2.py:714: UserWarning: `make_tokens_by_line` received a list of lines which do not have lineending markers ('\n', '\r', '\r\n', '\x0b', '\x0c'), behavior will be unspecified
  tokens_by_line = make_tokens_by_line(lines)
/app/ipython/fuzz.py:106: UserWarning: `make_tokens_by_line` received a list of lines which do not have lineending markers ('\n', '\r', '\r\n', '\x0b', '\x0c'), behavior will be unspecified
  result = make_tokens_by_line(lines)
#11305	REDUCE cov: 363 ft: 1264 corp: 170/834b lim: 17 exec/s: 1256 rss: 84Mb L: 2/17 MS: 1 EraseBytes-
#11312	NEW    cov: 363 ft: 1266 corp: 171/849b lim: 17 exec/s: 1256 rss: 84Mb L: 15/17 MS: 2 ShuffleBytes-CopyPart-
/app/ipython/IPython/core/inputtransformer2.py:608: UserWarning: `make_tokens_by_line` received a list of lines which do not have lineending markers ('\n', '\r', '\r\n', '\x0b', '\x0c'), behavior will be unspecified
  tokens_by_line = make_tokens_by_line(lines)
/app/ipython/IPython/core/inputtransformer2.py:714: UserWarning: `make_tokens_by_line` received a list of lines which do not have lineending markers ('\n', '\r', '\r\n', '\x0b', '\x0c'), behavior will be unspecified
  tokens_by_line = make_tokens_by_line(lines)
/app/ipython/fuzz.py:106: UserWarning: `make_tokens_by_line` received a list of lines which do not have lineending markers ('\n', '\r', '\r\n', '\x0b', '\x0c'), behavior will be unspecified
  result = make_tokens_by_line(lines)
/app/ipython/fuzz.py:106: UserWarning: `make_tokens_by_line` received a list of lines which do not have lineending markers ('\n', '\r', '\r\n', '\x0b', '\x0c'), behavior will be unspecified
  result = make_tokens_by_line(lines)
/app/ipython/fuzz.py:106: UserWarning: `make_tokens_by_line` received a list of lines which do not have lineending markers ('\n', '\r', '\r\n', '\x0b', '\x0c'), behavior will be unspecified
  result = make_tokens_by_line(lines)
/app/ipython/fuzz.py:106: UserWarning: `make_tokens_by_line` received a list of lines which do not have lineending markers ('\n', '\r', '\r\n', '\x0b', '\x0c'), behavior will be unspecified
  result = make_tokens_by_line(lines)
/app/ipython/fuzz.py:106: UserWarning: `make_tokens_by_line` received a list of lines which do not have lineending markers ('\n', '\r', '\r\n', '\x0b', '\x0c'), behavior will be unspecified
  result = make_tokens_by_line(lines)
/app/ipython/fuzz.py:106: UserWarning: `make_tokens_by_line` received a list of lines which do not have lineending markers ('\n', '\r', '\r\n', '\x0b', '\x0c'), behavior will be unspecified
  result = make_tokens_by_line(lines)
/app/ipython/fuzz.py:106: UserWarning: `make_tokens_by_line` received a list of lines which do not have lineending markers ('\n', '\r', '\r\n', '\x0b', '\x0c'), behavior will be unspecified
  result = make_tokens_by_line(lines)
/app/ipython/fuzz.py:106: UserWarning: `make_tokens_by_line` received a list of lines which do not have lineending markers ('\n', '\r', '\r\n', '\x0b', '\x0c'), behavior will be unspecified
  result = make_tokens_by_line(lines)
/app/ipython/fuzz.py:106: UserWarning: `make_tokens_by_line` received a list of lines which do not have lineending markers ('\n', '\r', '\r\n', '\x0b', '\x0c'), behavior will be unspecified
  result = make_tokens_by_line(lines)
/app/ipython/fuzz.py:106: UserWarning: `make_tokens_by_line` received a list of lines which do not have lineending markers ('\n', '\r', '\r\n', '\x0b', '\x0c'), behavior will be unspecified
  result = make_tokens_by_line(lines)
/app/ipython/IPython/core/inputtransformer2.py:608: UserWarning: `make_tokens_by_line` received a list of lines which do not have lineending markers ('\n', '\r', '\r\n', '\x0b', '\x0c'), behavior will be unspecified
  tokens_by_line = make_tokens_by_line(lines)
/app/ipython/IPython/core/inputtransformer2.py:714: UserWarning: `make_tokens_by_line` received a list of lines which do not have lineending markers ('\n', '\r', '\r\n', '\x0b', '\x0c'), behavior will be unspecified
  tokens_by_line = make_tokens_by_line(lines)
#11551	NEW    cov: 363 ft: 1267 corp: 172/853b lim: 17 exec/s: 1283 rss: 84Mb L: 4/17 MS: 4 InsertRepeatedBytes-EraseBytes-EraseBytes-InsertByte-
#11562	NEW    cov: 363 ft: 1289 corp: 173/869b lim: 17 exec/s: 1156 rss: 84Mb L: 16/17 MS: 1 CopyPart-
/app/ipython/fuzz.py:106: UserWarning: `make_tokens_by_line` received a list of lines which do not have lineending markers ('\n', '\r', '\r\n', '\x0b', '\x0c'), behavior will be unspecified
  result = make_tokens_by_line(lines)
#11589	NEW    cov: 363 ft: 1290 corp: 174/881b lim: 17 exec/s: 1158 rss: 84Mb L: 12/17 MS: 2 EraseBytes-InsertRepeatedBytes-
#11611	REDUCE cov: 363 ft: 1290 corp: 174/879b lim: 17 exec/s: 1161 rss: 84Mb L: 15/17 MS: 2 ChangeBit-EraseBytes-
/app/ipython/IPython/core/inputtransformer2.py:608: UserWarning: `make_tokens_by_line` received a list of lines which do not have lineending markers ('\n', '\r', '\r\n', '\x0b', '\x0c'), behavior will be unspecified
  tokens_by_line = make_tokens_by_line(lines)
/app/ipython/IPython/core/inputtransformer2.py:714: UserWarning: `make_tokens_by_line` received a list of lines which do not have lineending markers ('\n', '\r', '\r\n', '\x0b', '\x0c'), behavior will be unspecified
  tokens_by_line = make_tokens_by_line(lines)
/app/ipython/fuzz.py:106: UserWarning: `make_tokens_by_line` received a list of lines which do not have lineending markers ('\n', '\r', '\r\n', '\x0b', '\x0c'), behavior will be unspecified
  result = make_tokens_by_line(lines)
/app/ipython/fuzz.py:106: UserWarning: `make_tokens_by_line` received a list of lines which do not have lineending markers ('\n', '\r', '\r\n', '\x0b', '\x0c'), behavior will be unspecified
  result = make_tokens_by_line(lines)
#11627	REDUCE cov: 363 ft: 1290 corp: 174/878b lim: 17 exec/s: 1162 rss: 84Mb L: 11/17 MS: 1 EraseBytes-
/app/ipython/IPython/core/inputtransformer2.py:608: UserWarning: `make_tokens_by_line` received a list of lines which do not have lineending markers ('\n', '\r', '\r\n', '\x0b', '\x0c'), behavior will be unspecified
  tokens_by_line = make_tokens_by_line(lines)
/app/ipython/fuzz.py:106: UserWarning: `make_tokens_by_line` received a list of lines which do not have lineending markers ('\n', '\r', '\r\n', '\x0b', '\x0c'), behavior will be unspecified
  result = make_tokens_by_line(lines)
/app/ipython/IPython/core/inputtransformer2.py:608: UserWarning: `make_tokens_by_line` received a list of lines which do not have lineending markers ('\n', '\r', '\r\n', '\x0b', '\x0c'), behavior will be unspecified
  tokens_by_line = make_tokens_by_line(lines)
/app/ipython/fuzz.py:106: UserWarning: `make_tokens_by_line` received a list of lines which do not have lineending markers ('\n', '\r', '\r\n', '\x0b', '\x0c'), behavior will be unspecified
  result = make_tokens_by_line(lines)
/app/ipython/IPython/core/inputtransformer2.py:608: UserWarning: `make_tokens_by_line` received a list of lines which do not have lineending markers ('\n', '\r', '\r\n', '\x0b', '\x0c'), behavior will be unspecified
  tokens_by_line = make_tokens_by_line(lines)
/app/ipython/fuzz.py:106: UserWarning: `make_tokens_by_line` received a list of lines which do not have lineending markers ('\n', '\r', '\r\n', '\x0b', '\x0c'), behavior will be unspecified
  result = make_tokens_by_line(lines)
/app/ipython/IPython/core/inputtransformer2.py:608: UserWarning: `make_tokens_by_line` received a list of lines which do not have lineending markers ('\n', '\r', '\r\n', '\x0b', '\x0c'), behavior will be unspecified
  tokens_by_line = make_tokens_by_line(lines)
/app/ipython/fuzz.py:106: UserWarning: `make_tokens_by_line` received a list of lines which do not have lineending markers ('\n', '\r', '\r\n', '\x0b', '\x0c'), behavior will be unspecified
  result = make_tokens_by_line(lines)
/app/ipython/IPython/core/inputtransformer2.py:608: UserWarning: `make_tokens_by_line` received a list of lines which do not have lineending markers ('\n', '\r', '\r\n', '\x0b', '\x0c'), behavior will be unspecified
  tokens_by_line = make_tokens_by_line(lines)
/app/ipython/fuzz.py:106: UserWarning: `make_tokens_by_line` received a list of lines which do not have lineending markers ('\n', '\r', '\r\n', '\x0b', '\x0c'), behavior will be unspecified
  result = make_tokens_by_line(lines)
#11670	NEW    cov: 364 ft: 1291 corp: 175/883b lim: 17 exec/s: 1167 rss: 84Mb L: 5/17 MS: 3 CopyPart-ChangeBinInt-ChangeBit-
#11709	REDUCE cov: 364 ft: 1291 corp: 175/882b lim: 17 exec/s: 1170 rss: 84Mb L: 5/17 MS: 4 InsertByte-ChangeASCIIInt-ShuffleBytes-EraseBytes-
/app/ipython/IPython/core/inputtransformer2.py:608: UserWarning: `make_tokens_by_line` received a list of lines which do not have lineending markers ('\n', '\r', '\r\n', '\x0b', '\x0c'), behavior will be unspecified
  tokens_by_line = make_tokens_by_line(lines)
/app/ipython/IPython/core/inputtransformer2.py:714: UserWarning: `make_tokens_by_line` received a list of lines which do not have lineending markers ('\n', '\r', '\r\n', '\x0b', '\x0c'), behavior will be unspecified
  tokens_by_line = make_tokens_by_line(lines)
/app/ipython/fuzz.py:106: UserWarning: `make_tokens_by_line` received a list of lines which do not have lineending markers ('\n', '\r', '\r\n', '\x0b', '\x0c'), behavior will be unspecified
  result = make_tokens_by_line(lines)
/app/ipython/IPython/core/inputtransformer2.py:608: UserWarning: `make_tokens_by_line` received a list of lines which do not have lineending markers ('\n', '\r', '\r\n', '\x0b', '\x0c'), behavior will be unspecified
  tokens_by_line = make_tokens_by_line(lines)
/app/ipython/IPython/core/inputtransformer2.py:714: UserWarning: `make_tokens_by_line` received a list of lines which do not have lineending markers ('\n', '\r', '\r\n', '\x0b', '\x0c'), behavior will be unspecified
  tokens_by_line = make_tokens_by_line(lines)
/app/ipython/fuzz.py:106: UserWarning: `make_tokens_by_line` received a list of lines which do not have lineending markers ('\n', '\r', '\r\n', '\x0b', '\x0c'), behavior will be unspecified
  result = make_tokens_by_line(lines)
/app/ipython/IPython/core/inputtransformer2.py:608: UserWarning: `make_tokens_by_line` received a list of lines which do not have lineending markers ('\n', '\r', '\r\n', '\x0b', '\x0c'), behavior will be unspecified
  tokens_by_line = make_tokens_by_line(lines)
/app/ipython/IPython/core/inputtransformer2.py:714: UserWarning: `make_tokens_by_line` received a list of lines which do not have lineending markers ('\n', '\r', '\r\n', '\x0b', '\x0c'), behavior will be unspecified
  tokens_by_line = make_tokens_by_line(lines)
/app/ipython/fuzz.py:106: UserWarning: `make_tokens_by_line` received a list of lines which do not have lineending markers ('\n', '\r', '\r\n', '\x0b', '\x0c'), behavior will be unspecified
  result = make_tokens_by_line(lines)
/app/ipython/IPython/core/inputtransformer2.py:608: UserWarning: `make_tokens_by_line` received a list of lines which do not have lineending markers ('\n', '\r', '\r\n', '\x0b', '\x0c'), behavior will be unspecified
  tokens_by_line = make_tokens_by_line(lines)
/app/ipython/IPython/core/inputtransformer2.py:714: UserWarning: `make_tokens_by_line` received a list of lines which do not have lineending markers ('\n', '\r', '\r\n', '\x0b', '\x0c'), behavior will be unspecified
  tokens_by_line = make_tokens_by_line(lines)
/app/ipython/fuzz.py:106: UserWarning: `make_tokens_by_line` received a list of lines which do not have lineending markers ('\n', '\r', '\r\n', '\x0b', '\x0c'), behavior will be unspecified
  result = make_tokens_by_line(lines)
/app/ipython/IPython/core/inputtransformer2.py:608: UserWarning: `make_tokens_by_line` received a list of lines which do not have lineending markers ('\n', '\r', '\r\n', '\x0b', '\x0c'), behavior will be unspecified
  tokens_by_line = make_tokens_by_line(lines)
/app/ipython/IPython/core/inputtransformer2.py:714: UserWarning: `make_tokens_by_line` received a list of lines which do not have lineending markers ('\n', '\r', '\r\n', '\x0b', '\x0c'), behavior will be unspecified
  tokens_by_line = make_tokens_by_line(lines)
/app/ipython/fuzz.py:106: UserWarning: `make_tokens_by_line` received a list of lines which do not have lineending markers ('\n', '\r', '\r\n', '\x0b', '\x0c'), behavior will be unspecified
  result = make_tokens_by_line(lines)
/app/ipython/fuzz.py:106: UserWarning: `make_tokens_by_line` received a list of lines which do not have lineending markers ('\n', '\r', '\r\n', '\x0b', '\x0c'), behavior will be unspecified
  result = make_tokens_by_line(lines)
/app/ipython/fuzz.py:106: UserWarning: `make_tokens_by_line` received a list of lines which do not have lineending markers ('\n', '\r', '\r\n', '\x0b', '\x0c'), behavior will be unspecified
  result = make_tokens_by_line(lines)
/app/ipython/fuzz.py:106: UserWarning: `make_tokens_by_line` received a list of lines which do not have lineending markers ('\n', '\r', '\r\n', '\x0b', '\x0c'), behavior will be unspecified
  result = make_tokens_by_line(lines)
/app/ipython/fuzz.py:106: UserWarning: `make_tokens_by_line` received a list of lines which do not have lineending markers ('\n', '\r', '\r\n', '\x0b', '\x0c'), behavior will be unspecified
  result = make_tokens_by_line(lines)
/app/ipython/fuzz.py:106: UserWarning: `make_tokens_by_line` received a list of lines which do not have lineending markers ('\n', '\r', '\r\n', '\x0b', '\x0c'), behavior will be unspecified
  result = make_tokens_by_line(lines)
#11806	NEW    cov: 364 ft: 1295 corp: 176/892b lim: 17 exec/s: 1180 rss: 84Mb L: 10/17 MS: 2 ShuffleBytes-InsertRepeatedBytes-
/app/ipython/IPython/core/inputtransformer2.py:608: UserWarning: `make_tokens_by_line` received a list of lines which do not have lineending markers ('\n', '\r', '\r\n', '\x0b', '\x0c'), behavior will be unspecified
  tokens_by_line = make_tokens_by_line(lines)
/app/ipython/IPython/core/inputtransformer2.py:714: UserWarning: `make_tokens_by_line` received a list of lines which do not have lineending markers ('\n', '\r', '\r\n', '\x0b', '\x0c'), behavior will be unspecified
  tokens_by_line = make_tokens_by_line(lines)
#11929	REDUCE cov: 364 ft: 1295 corp: 176/890b lim: 17 exec/s: 1192 rss: 84Mb L: 5/17 MS: 3 PersAutoDict-ChangeBinInt-EraseBytes- DE: "exec"-
#11949	NEW    cov: 367 ft: 1298 corp: 177/907b lim: 17 exec/s: 1194 rss: 84Mb L: 17/17 MS: 5 ChangeByte-InsertByte-InsertByte-InsertRepeatedBytes-CopyPart-
/app/ipython/IPython/core/inputtransformer2.py:608: UserWarning: `make_tokens_by_line` received a list of lines which do not have lineending markers ('\n', '\r', '\r\n', '\x0b', '\x0c'), behavior will be unspecified
  tokens_by_line = make_tokens_by_line(lines)
/app/ipython/fuzz.py:106: UserWarning: `make_tokens_by_line` received a list of lines which do not have lineending markers ('\n', '\r', '\r\n', '\x0b', '\x0c'), behavior will be unspecified
  result = make_tokens_by_line(lines)
#11959	NEW    cov: 368 ft: 1299 corp: 178/923b lim: 17 exec/s: 1195 rss: 84Mb L: 16/17 MS: 5 InsertByte-InsertByte-CopyPart-InsertByte-CopyPart-
/app/ipython/IPython/core/inputtransformer2.py:608: UserWarning: `make_tokens_by_line` received a list of lines which do not have lineending markers ('\n', '\r', '\r\n', '\x0b', '\x0c'), behavior will be unspecified
  tokens_by_line = make_tokens_by_line(lines)
/app/ipython/IPython/core/inputtransformer2.py:714: UserWarning: `make_tokens_by_line` received a list of lines which do not have lineending markers ('\n', '\r', '\r\n', '\x0b', '\x0c'), behavior will be unspecified
  tokens_by_line = make_tokens_by_line(lines)
/app/ipython/fuzz.py:106: UserWarning: `make_tokens_by_line` received a list of lines which do not have lineending markers ('\n', '\r', '\r\n', '\x0b', '\x0c'), behavior will be unspecified
  result = make_tokens_by_line(lines)
#12051	REDUCE cov: 368 ft: 1299 corp: 178/922b lim: 17 exec/s: 1205 rss: 84Mb L: 4/17 MS: 2 ShuffleBytes-EraseBytes-
#12058	NEW    cov: 368 ft: 1302 corp: 179/936b lim: 17 exec/s: 1205 rss: 84Mb L: 14/17 MS: 2 CopyPart-CrossOver-
/app/ipython/IPython/core/inputtransformer2.py:608: UserWarning: `make_tokens_by_line` received a list of lines which do not have lineending markers ('\n', '\r', '\r\n', '\x0b', '\x0c'), behavior will be unspecified
  tokens_by_line = make_tokens_by_line(lines)
/app/ipython/IPython/core/inputtransformer2.py:714: UserWarning: `make_tokens_by_line` received a list of lines which do not have lineending markers ('\n', '\r', '\r\n', '\x0b', '\x0c'), behavior will be unspecified
  tokens_by_line = make_tokens_by_line(lines)
#12122	NEW    cov: 368 ft: 1303 corp: 180/948b lim: 17 exec/s: 1212 rss: 84Mb L: 12/17 MS: 4 InsertRepeatedBytes-ChangeBit-ShuffleBytes-CrossOver-
/app/ipython/IPython/core/inputtransformer2.py:608: UserWarning: `make_tokens_by_line` received a list of lines which do not have lineending markers ('\n', '\r', '\r\n', '\x0b', '\x0c'), behavior will be unspecified
  tokens_by_line = make_tokens_by_line(lines)
#12260	NEW    cov: 368 ft: 1304 corp: 181/954b lim: 17 exec/s: 1226 rss: 84Mb L: 6/17 MS: 3 ShuffleBytes-PersAutoDict-InsertByte- DE: "exec"-
#12397	NEW    cov: 368 ft: 1308 corp: 182/956b lim: 17 exec/s: 1239 rss: 84Mb L: 2/17 MS: 2 CopyPart-EraseBytes-
/app/ipython/IPython/core/inputtransformer2.py:608: UserWarning: `make_tokens_by_line` received a list of lines which do not have lineending markers ('\n', '\r', '\r\n', '\x0b', '\x0c'), behavior will be unspecified
  tokens_by_line = make_tokens_by_line(lines)
/app/ipython/IPython/core/inputtransformer2.py:714: UserWarning: `make_tokens_by_line` received a list of lines which do not have lineending markers ('\n', '\r', '\r\n', '\x0b', '\x0c'), behavior will be unspecified
  tokens_by_line = make_tokens_by_line(lines)
/app/ipython/IPython/core/inputtransformer2.py:608: UserWarning: `make_tokens_by_line` received a list of lines which do not have lineending markers ('\n', '\r', '\r\n', '\x0b', '\x0c'), behavior will be unspecified
  tokens_by_line = make_tokens_by_line(lines)
/app/ipython/IPython/core/inputtransformer2.py:714: UserWarning: `make_tokens_by_line` received a list of lines which do not have lineending markers ('\n', '\r', '\r\n', '\x0b', '\x0c'), behavior will be unspecified
  tokens_by_line = make_tokens_by_line(lines)
/app/ipython/IPython/core/inputtransformer2.py:608: UserWarning: `make_tokens_by_line` received a list of lines which do not have lineending markers ('\n', '\r', '\r\n', '\x0b', '\x0c'), behavior will be unspecified
  tokens_by_line = make_tokens_by_line(lines)
/app/ipython/IPython/core/inputtransformer2.py:714: UserWarning: `make_tokens_by_line` received a list of lines which do not have lineending markers ('\n', '\r', '\r\n', '\x0b', '\x0c'), behavior will be unspecified
  tokens_by_line = make_tokens_by_line(lines)
#12437	DONE   cov: 368 ft: 1308 corp: 182/956b lim: 17 exec/s: 1130 rss: 84Mb
###### Recommended dictionary. ######
"exec" # Uses: 204
"\000\000" # Uses: 240
"\000\000\000\000" # Uses: 171
"\001\000\000\000\000\000\000\000" # Uses: 76
"=\000\000\000\000\000\000\000" # Uses: 52
###### End of recommended dictionary. ######
Done 12437 runs in 11 second(s)
