time,ego_speed,acceleration_cmd,mode,distance_error,distance,ttc
0.0,0.0,3.0,cruise,,,
0.1,0.30000000000000004,3.0,cruise,,,
0.2,0.6000000000000001,3.0,cruise,,,
0.3,0.9000000000000001,3.0,cruise,,,
0.4,1.2000000000000002,3.0,cruise,,,
0.5,1.5000000000000002,3.0,cruise,,,
0.6,1.8000000000000003,3.0,cruise,,,
0.7,2.1000000000000005,3.0,cruise,,,
0.8,2.4000000000000004,3.0,cruise,,,
0.9,2.7,3.0,cruise,,,
1.0,3.0,3.0,cruise,,,
1.1,3.3,3.0,cruise,,,
1.2,3.5999999999999996,3.0,cruise,,,
1.3,3.8999999999999995,3.0,cruise,,,
1.4,4.199999999999999,3.0,cruise,,,
1.5,4.499999999999999,3.0,cruise,,,
1.6,4.799999999999999,3.0,cruise,,,
1.7,5.099999999999999,3.0,cruise,,,
1.8,5.399999999999999,3.0,cruise,,,
1.9,5.699999999999998,3.0,cruise,,,
2.0,5.999999999999998,3.0,cruise,,,
2.1,6.299999999999998,3.0,cruise,,,
2.2,6.599999999999998,3.0,cruise,,,
2.3,6.899999999999998,3.0,cruise,,,
2.4,7.1999999999999975,3.0,cruise,,,
2.5,7.499999999999997,3.0,cruise,,,
2.6,7.799999999999997,3.0,cruise,,,
2.7,8.099999999999998,3.0,cruise,,,
2.8,8.399999999999999,3.0,cruise,,,
2.9,8.7,3.0,cruise,,,
3.0,9.0,3.0,cruise,,,
3.1,9.3,3.0,cruise,,,
3.2,9.600000000000001,3.0,cruise,,,
3.3,9.900000000000002,3.0,cruise,,,
3.4,10.200000000000003,3.0,cruise,,,
3.5,10.500000000000004,3.0,cruise,,,
3.6,10.800000000000004,3.0,cruise,,,
3.7,11.100000000000005,3.0,cruise,,,
3.8,11.400000000000006,3.0,cruise,,,
3.9,11.700000000000006,3.0,cruise,,,
4.0,12.000000000000007,3.0,cruise,,,
4.1,12.300000000000008,3.0,cruise,,,
4.2,12.600000000000009,3.0,cruise,,,
4.3,12.90000000000001,3.0,cruise,,,
4.4,13.20000000000001,3.0,cruise,,,
4.5,13.50000000000001,3.0,cruise,,,
4.6,13.800000000000011,3.0,cruise,,,
4.7,14.100000000000012,3.0,cruise,,,
4.8,14.400000000000013,3.0,cruise,,,
4.9,14.700000000000014,3.0,cruise,,,
5.0,15.000000000000014,3.0,cruise,,,
5.1,15.300000000000015,3.0,cruise,,,
5.2,15.600000000000016,3.0,cruise,,,
5.3,15.900000000000016,3.0,cruise,,,
5.4,16.200000000000017,3.0,cruise,,,
5.5,16.500000000000018,3.0,cruise,,,
5.6,16.80000000000002,3.0,cruise,,,
5.7,17.10000000000002,3.0,cruise,,,
5.8,17.40000000000002,3.0,cruise,,,
5.9,17.70000000000002,3.0,cruise,,,
6.0,18.00000000000002,3.0,cruise,,,
6.1,18.300000000000022,3.0,cruise,,,
6.2,18.600000000000023,3.0,cruise,,,
6.3,18.900000000000023,3.0,cruise,,,
6.4,19.200000000000024,3.0,cruise,,,
6.5,19.500000000000025,3.0,cruise,,,
6.6,19.800000000000026,3.0,cruise,,,
6.7,20.100000000000026,3.0,cruise,,,
6.8,20.400000000000027,3.0,cruise,,,
6.9,20.700000000000028,3.0,cruise,,,
7.0,21.00000000000003,3.0,cruise,,,
7.1,21.30000000000003,3.0,cruise,,,
7.2,21.60000000000003,3.0,cruise,,,
7.3,21.90000000000003,3.0,cruise,,,
7.4,22.20000000000003,3.0,cruise,,,
7.5,22.500000000000032,3.0,cruise,,,
7.6,22.800000000000033,3.0,cruise,,,
7.7,23.100000000000033,3.0,cruise,,,
7.8,23.400000000000034,2.879999999999967,cruise,,,
7.9,23.68800000000003,2.7456000000000023,cruise,,,
8.0,23.962560000000032,2.6334719999999665,cruise,,,
8.1,24.22590720000003,2.5124966399999895,cruise,,,
8.2,24.47715686400003,2.4082771967999808,cruise,,,
8.3,24.71798458368003,2.2989905756159885,cruise,,,
8.4,24.947883641241628,2.2025006265139018,cruise,,,
8.5,25.16813370389302,2.103492535674451,cruise,,,
8.6,25.378482957460463,2.014419605492083,cruise,,,
8.7,25.57992491800967,1.924524381198606,cruise,,,
8.8,25.77237735612953,1.8424786101374822,cruise,,,
8.9,25.95662521714328,1.7607169381753893,cruise,,,
9.0,26.13269691096082,1.6852689206910187,cruise,,,
9.1,26.301223803029924,1.6108058210232374,cruise,,,
9.2,26.462304385132246,1.5415118350756276,cruise,,,
9.3,26.616455568639807,1.4736260770276601,cruise,,,
9.4,26.763818176342575,1.4100445973038007,cruise,,,
9.5,26.904822636072954,1.3481062132986068,cruise,,,
9.6,27.039633257402816,1.2898084234388505,cruise,,,
9.7,27.1686140997467,1.233261981451554,cruise,,,
9.8,27.291940297891855,1.179838176525283,cruise,,,
9.9,27.409924115544385,1.128190166344257,cruise,,,
10.0,27.52274313217881,1.0792533611815487,cruise,,,
10.1,27.630668468296964,1.0320625364172002,cruise,,,
10.2,27.733874721938683,0.9872501933152991,cruise,,,
10.3,27.83259974127021,0.9441200523316042,cruise,,,
10.4,27.92701174650337,0.9030945609320242,cruise,,,
10.5,28.017321202596573,0.8636673891771267,cruise,,,
10.6,28.103687941514284,0.8261157354468851,cruise,,,
10.7,28.186299515058973,0.7900677995953089,cruise,,,
10.8,28.265306295018505,0.755700724308946,cruise,,,
10.9,28.3408763674494,0.7227383265933129,cruise,,,
11.0,28.41315020010873,0.6912891786383684,cruise,,,
11.1,28.482279117972567,0.6611453627112611,cruise,,,
11.2,28.548393654243693,0.6323687864360381,cruise,,,
11.3,28.611630532887297,0.6048005445413309,cruise,,,
11.4,28.67211058734143,0.5784710944938014,cruise,,,
11.5,28.72995769679081,0.5532569669723131,cruise,,,
11.6,28.78528339348804,0.5291677116317175,cruise,,,
11.7,28.838200164651212,0.5061056989736529,cruise,,,
11.8,28.888810734548578,0.4840668531822132,cruise,,,
11.9,28.937217419866798,0.4629725815608027,cruise,,,
12.0,28.98351467802288,0.4428101923330531,cruise,,,
12.1,29.027795697256185,0.42351528832860197,cruise,,,
12.2,29.070147226089045,0.4050699884658826,cruise,,,
12.3,29.110654224935633,0.3874206292787875,cruise,,,
12.4,29.14939628786351,0.3705464662861744,cruise,,,
12.5,29.18645093449213,0.35440207937734847,cruise,,,
12.6,29.221891142429865,0.3389654225542217,cruise,,,
12.7,29.255787684685288,0.3241975142083845,cruise,,,
12.8,29.288207436106127,0.31007603974838394,cruise,,,
12.9,29.319215040080966,0.29656713613651675,cruise,,,
13.0,29.348871753694617,0.2836488881350988,cruise,,,
13.1,29.377236642508127,0.2712915754854208,cruise,,,
13.2,29.40436580005667,0.2594740995663159,cruise,,,
13.3,29.430313210013303,0.2481701523362972,cruise,,,
13.4,29.455130225246933,0.23735969793341383,cruise,,,
13.5,29.478866195040275,0.22701928562103718,cruise,,,
13.6,29.50156812360238,0.21713007262127065,cruise,,,
13.7,29.523281130864508,0.20767103721136382,cruise,,,
13.8,29.544048234585645,0.19862458256238258,cruise,,,
13.9,29.563910692841883,0.18997177967658846,cruise,,,
14.0,29.582907870809542,0.1816962796110943,cruise,,,
14.1,29.601077498770653,0.17378097729458947,cruise,,,
14.2,29.618455596500112,0.16621074096423744,cruise,,,
14.3,29.635076670596536,0.15897007075137992,cruise,,,
14.4,29.650973677671676,0.15204500126154413,cruise,,,
14.5,29.66617817779783,0.1454214567525156,cruise,,,
14.6,29.68072032347308,0.13908657581953604,cruise,,,
14.7,29.694628981055033,0.1330275545003417,cruise,,,
14.8,29.707931736505067,0.12723256719567078,cruise,,,
14.9,29.720654993224635,0.12168995166375113,cruise,,,
15.0,29.73282398839101,0.1163888479561763,cruise,,,
15.1,29.744462873186627,0.1113186230857707,cruise,,,
15.2,29.755594735495205,0.10646931313521862,cruise,,,
15.3,29.766241666808728,0.10183121604482892,cruise,,,
15.4,29.776424788413212,0.09739519643355551,cruise,,,
15.5,29.786164308056566,0.09315239640791617,cruise,,,
15.6,29.795479547697358,0.08909444471578071,cruise,,,
15.7,29.804388992168935,0.08521325049223663,cruise,,,
15.8,29.812910317218158,0.08150114583168885,cruise,,,
15.9,29.821060431801328,0.07795073789357618,cruise,,,
16.0,29.828855505590685,0.07455500521259922,cruise,,,
16.1,29.836311006111945,0.07130719094036239,cruise,,,
16.2,29.84344172520598,0.06820086708292764,cruise,,,
16.3,29.850261811914272,0.0652298568022502,cruise,,,
16.4,29.856784797594496,0.06238827648261065,cruise,,,
16.5,29.863023625242757,0.05967047861970798,cruise,,,
16.6,29.86899067310473,0.0570710786204387,cruise,,,
16.7,29.874697780966773,0.0545849123302304,cruise,,,
16.8,29.880156272199795,0.052207052375993615,cruise,,,
16.9,29.885376977437392,0.049932776149304914,cruise,,,
17.0,29.89037025505232,0.04775757503871035,cruise,,,
17.1,29.895146012556193,0.0456771299240728,cruise,,,
17.2,29.8997137255486,0.04368731562185531,cruise,,,
17.3,29.904082457110785,0.041784181813895316,cruise,,,
17.4,29.908260875292175,0.03996395431514373,cruise,,,
17.5,29.91225727072369,0.038223019968936,cruise,,,
17.6,29.916079572720584,0.03655792584837628,cruise,,,
17.7,29.91973536530542,0.034965367076966916,cruise,,,
17.8,29.923231902013118,0.03344218472792875,cruise,,,
17.9,29.92657612048591,0.03198535582891964,cruise,,,
18.0,29.929774656068805,0.03059199048181256,cruise,,,
18.1,29.932833855116986,0.02925932352096368,cruise,,,
18.2,29.93575978746908,0.02798471120797217,cruise,,,
18.3,29.93855825858988,0.026765624161714643,cruise,,,
18.4,29.94123482100605,0.025599643865803046,cruise,,,
18.5,29.94379478539263,0.02448445659324819,cruise,,,
18.6,29.946243231051955,0.023417849883830402,cruise,,,
18.7,29.948585016040337,0.022397707260680022,cruise,,,
18.8,29.950824786766404,0.021422004778338534,cruise,,,
18.9,29.95296698724424,0.020488806381933955,cruise,,,
19.0,29.95501586788243,0.019596260588519952,cruise,,,
19.1,29.956975493941282,0.01874259637615694,cruise,,,
19.2,29.9588497535789,0.017926120035943426,cruise,,,
19.3,29.960642365582494,0.017145211505248885,cruise,,,
19.4,29.96235688673302,0.016398321409383243,cruise,,,
19.5,29.963996718873958,0.015683967773327367,cruise,,,
19.6,29.96556511565129,0.015000733260299628,cruise,,,
19.7,29.967065188977323,0.014347262209889779,cruise,,,
19.8,29.96849991519831,0.01372225807344023,cruise,,,
19.9,29.969872141005656,0.013124480736721011,cruise,,,
20.0,29.97118458907933,0.012552744147154727,cruise,,,
20.1,29.972439863494046,0.012005913887026057,cruise,,,
20.2,29.973640454882748,0.011482904984183053,cruise,,,
20.3,29.974788745381165,0.010982679707731792,cruise,,,
20.4,29.975887013351937,0.010504245552277781,cruise,,,
20.5,29.976937437907164,0.010046653232447512,cruise,,,
20.6,29.977942103230408,0.009608994829724795,cruise,,,
20.7,29.97890300271338,0.009190401965514638,cruise,,,
20.8,29.97982204290993,0.008790044099657734,cruise,,,
20.9,29.980701047319897,0.008407126864346992,cruise,,,
21.0,29.981541760006333,0.008040890503443166,cruise,,,
21.1,29.982345849056678,0.00769060835190203,cruise,,,
21.2,29.983114909891867,0.007355585404991417,cruise,,,
21.3,29.983850468432365,0.007035156930123777,cruise,,,
21.4,29.984553984125377,0.006728687155606395,cruise,,,
21.5,29.98522685284094,0.0064355680027574635,cruise,,,
21.6,29.985870409641215,0.006155217884810327,cruise,,,
21.7,29.986485931429698,0.0058870805483820735,cruise,,,
21.8,29.987074639484536,0.005630623973664229,cruise,,,
21.9,29.9876377018819,0.005385339315557758,cruise,,,
22.0,29.98817623581346,0.005150739896774326,cruise,,,
22.1,29.988691309803137,0.004926360240062877,cruise,,,
22.2,29.989183945827143,0.004711755146234965,cruise,,,
22.3,29.989655121341766,0.004506498809607252,cruise,,,
22.4,29.990105771222726,0.004310183974135384,cruise,,,
22.5,29.99053678962014,0.004122421124574772,cruise,,,
22.6,29.990949031732598,0.003942837714265579,cruise,,,
22.7,29.991343315504025,0.0037710774253582715,cruise,,,
22.8,29.991720423246562,0.003606799462454547,cruise,,,
22.9,29.992081103192806,0.0034496778758040143,cruise,,,
23.0,29.992426070980386,0.0032994009150513655,cruise,,,
23.1,29.99275601107189,0.003155670410455969,cruise,,,
23.2,29.993071578112936,0.003018201181285463,cruise,,,
23.3,29.993373398231064,0.002886720470121418,cruise,,,
23.4,29.993662070278077,0.0027609674014343003,cruise,,,
23.5,29.99393816701822,0.002640692464268568,cruise,,,
23.6,29.99420223626465,0.0025256570168664897,cruise,,,
23.7,29.994454801966334,0.0024156328134438357,cruise,,,
23.8,29.99469636524768,0.0023104015510881483,cruise,,,
23.9,29.994927405402787,0.002209754436913159,cruise,,,
24.0,29.99514838084648,0.0021134917732752003,cruise,,,
24.1,29.995359730023807,0.0020214225623362836,cruise,,,
24.2,29.995561872280042,0.001933364126085735,cruise,,,
24.3,29.99575520869265,0.0018491417450206883,cruise,,,
24.4,29.99594012286715,0.001768588310275732,cruise,,,
24.5,29.99611698169818,0.001691543993223377,cruise,,,
24.6,29.996286136097503,0.001617855927412393,cruise,,,
24.7,29.996447921690244,0.0015473779058737592,cruise,,,
24.8,29.996602659480832,0.0014799700906309,cruise,,,
24.9,29.996750656489894,0.001415498735588017,cruise,,,
25.0,29.99689220636345,0.001353835920778579,cruise,,,
25.1,29.99702758995553,0.001294859298957363,cruise,,,
25.2,29.997157075885426,0.0012384518524868326,cruise,,,
25.3,29.997280921070676,0.0011845016614586258,cruise,,,
25.4,29.99739937123682,0.001132901681384624,cruise,,,
25.5,29.997512661404958,0.001083549530935102,cruise,,,
25.6,29.99762101635805,0.001036347288825823,cruise,,,
25.7,29.997724651086934,0.0009912012993822828,cruise,,,
25.8,29.997823771216872,0.0009480219869942631,cruise,,,
25.9,29.99791857341557,0.0009067236779486622,cruise,,,
26.0,29.998009245783365,0.000867224430959368,cruise,,,
26.1,29.998095968226462,0.0008294458740550682,cruise,,,
26.2,29.998178912813867,0.000793313049669564,cruise,,,
26.3,29.998258244118833,0.0007587542651975811,cruise,,,
26.4,29.998334119545355,0.0007257009515456048,cruise,,,
26.5,29.99840668964051,0.0006940875263410362,cruise,,,
26.6,29.998476098393144,0.0006638512644173034,cruise,,,
26.7,29.998542483519586,0.0006349321728009727,cruise,,,
26.8,29.998605976736865,0.0006072728722728016,cruise,,,
26.9,29.998666704024092,0.0005808184829078301,cruise,,,
27.0,29.998724785872383,0.0005555165157659304,cruise,,,
27.1,29.99878033752396,0.0005313167682118093,cruise,,,
27.2,29.998833469200783,0.0005081712247999804,cruise,,,
27.3,29.998884286323264,0.00048603396153623635,cruise,,,
27.4,29.998932889719416,0.00046486105524934374,cruise,,,
27.5,29.99897937582494,0.00044461049584754164,cruise,,,
27.6,29.999023836874525,0.0004252421037136856,cruise,,,
27.7,29.999066361084896,0.0004067174491098058,cruise,,,
27.8,29.99910703282981,0.0003889997768538934,cruise,,,
27.9,29.999145932807494,0.00037205393252293106,cruise,,,
28.0,29.999183138200745,0.00035584629339098235,cruise,,,
28.1,29.999218722830083,0.00034034470123458507,cruise,,,
28.2,29.999252757300205,0.00032551839885854863,cruise,,,
28.3,29.99928530914009,0.0003113379688329587,cruise,,,
28.4,29.999316442936976,0.00029777527534236015,cruise,,,
28.5,29.99934622046451,0.00028480340812393485,cruise,,,
28.6,29.999374700805323,0.00027239662923932433,cruise,,,
28.7,29.999401940468246,0.00026053032201502904,cruise,,,
28.8,29.999427993500447,0.0002491809420348545,cruise,,,
28.9,29.999452911594652,0.00023832597063915277,cruise,,,
29.0,29.999476744191718,0.00022794387010094397,cruise,,,
29.1,29.99949953857873,0.00021801404093082513,cruise,,,
29.2,29.99952133998282,0.00020851678100939356,cruise,,,
29.3,29.99954219166092,0.00019943324645055327,cruise,,,
29.4,29.999562134985567,0.0001907454143861287,cruise,,,
29.5,29.999581209527005,0.00018243604689303087,cruise,,,
29.6,29.999599453131694,0.0001744886571316329,cruise,,,
29.7,29.999616901997406,0.0001668874763765871,cruise,,,
29.8,29.999633590745045,0.00015961742285242053,cruise,,,
29.9,29.99964955248733,0.00015266407185379196,cruise,,,
30.0,29.999664818894516,-2.435577671807071,follow,-2.899497228341751,52.10000000000002,11.253514463373316
30.1,29.75610705171381,-3.61478020183906,follow,-3.0197712827420133,51.6143892948287,10.628758539541057
30.2,29.394629031529902,-1.4318721341804008,follow,-2.8680171556191354,51.22392639167572,13.118769024673584
30.3,29.25144181811186,-3.612477954675867,follow,-2.964380517303262,50.91278220986453,16.36308347901563
30.4,28.890194022644273,-1.768052030012933,follow,-2.829528226366378,50.505762807600036,12.40868679149307
30.5,28.71338881964298,-4.057370211330474,follow,-2.9536593038288004,50.11642392563567,12.872185709474378
30.6,28.307651798509934,0.3167607465573603,follow,-2.5578189519802024,49.903658745784696,23.454805330803616
30.7,28.33932787316567,-5.811545416124472,follow,-2.8812658512804106,49.62772595846809,17.985440020048113
30.8,27.75817333155322,1.6192631409138283,follow,-2.320351372017079,49.31690862531275,15.866846332108521
30.9,27.9200996456446,-7.32693775967496,follow,-2.814250807718601,49.0658986607483,19.54739077625264
31.0,27.187405869677104,3.0,follow,-1.9689507307349885,48.812158073780665,19.237032063771572
31.1,27.487405869677104,-8.0,follow,-2.7026913177027154,48.52841748681294,17.103093359123637
31.2,26.687405869677104,3.0,follow,-1.6534319046703985,48.377676899845255,32.09333191080652
31.3,26.987405869677104,-8.0,follow,-2.445172491638118,48.03593631287754,14.056257332236703
31.4,26.187405869677104,3.0,follow,-1.4929130786058948,47.78819572590976,19.28961108505742
31.5,26.487405869677104,-8.0,follow,-2.133653665573661,47.597455138941996,24.95402572447756
31.6,25.687405869677104,3.0,follow,-1.0783942525413721,47.45271455197428,32.78466361516157
31.7,25.987405869677104,-6.91664718747894,follow,-1.603134839509039,47.37797396500662,63.3898874589717
31.8,25.29574115092921,3.0,follow,-0.6632118764801191,47.28039984991369,48.4558838221469
31.9,25.59574115092921,-7.461516248854218,follow,-1.2787859915730309,47.11482573482078,28.45542958715481
32.0,24.84958952604379,3.0,follow,-0.03451750684930488,47.23986678221638,
32.1,25.14958952604379,-5.804787081903108,follow,-0.5164764594537417,47.20790782961194,147.7141895543323
32.2,24.56911081785348,3.0,follow,0.4023305210463235,47.25599674782654,
32.3,24.869110817853482,-6.006150618808106,follow,-0.14158056073901548,47.16208566604121,50.21993652872533
32.4,24.268495755972673,3.0,follow,0.791492456484832,47.19423609044384,
32.5,24.568495755972673,-4.402574100766645,follow,0.39264288088757837,47.24538651484659,
32.6,24.12823834589601,3.0,follow,1.0542051614129306,47.24656268025694,
32.7,24.42823834589601,-3.865402162883759,follow,0.6893813268233444,47.33173884566736,
32.8,24.04169812960763,3.0,follow,1.3200218382952187,47.38256903270667,
32.9,24.341698129607632,-3.9800393500317766,follow,0.9138520253343572,47.426399219745804,
33.0,23.943694194604454,3.0,follow,1.5714885083787493,47.48702980028543,
33.1,24.243694194604455,-2.222377787604009,follow,1.336119088918366,47.70166038082505,
33.2,24.021456415844053,3.0,follow,1.766330115474581,47.79851473924066,
33.3,24.321456415844054,-4.001127877662534,follow,1.3051844738902432,47.787369097656324,428.75386522853216
33.4,23.9213436280778,3.0,follow,2.0752192927319157,47.95723473484861,
33.5,24.2213436280778,-3.7158738854261477,follow,1.6110849299241181,47.94310037204082,339.1953427546849
33.6,23.849756239535186,3.0,follow,2.2994903887844487,48.07412474808723,
33.7,24.149756239535186,-3.885959516073724,follow,1.787514764830874,48.01214912413366,77.46940823079504
33.8,23.761160287927815,3.0,follow,2.3942926634491073,48.03603309534083,
33.9,24.061160287927816,-2.2244261935409018,follow,2.0531766346563103,48.14491706654803,
34.0,23.838717668573725,3.0,follow,2.5579687968299964,48.316045299690586,
34.1,24.138717668573726,-2.0910519006052466,follow,2.207097029972658,48.41517353283325,
34.2,23.929612478513203,3.0,follow,2.61879356721213,48.51321228498193,
34.3,24.229612478513204,-2.350266224272003,follow,2.222832319360826,48.56725103713063,
34.4,23.994585856086005,3.0,follow,2.5649136673930215,48.55679245152203,464.2768560558739
34.5,24.294585856086005,-2.638088513119788,follow,2.131455081784459,48.57333386591347,
34.6,24.030777004774027,3.0,follow,2.5890906582750475,48.63525616543609,
34.7,24.330777004774028,-1.3887946129482835,follow,2.285012957797619,48.78117846495866,
34.8,24.1918975434792,3.0,follow,2.6001423953918703,48.88798871061067,
34.9,24.4918975434792,-3.2957811916728947,follow,2.0689526410440067,48.80679895626281,60.114480390114785
35.0,24.16231942431191,3.0,follow,2.6710878773637603,48.91456701383163,
35.1,24.46231942431191,-2.2167618238309683,follow,2.2458559349326137,48.93933507140048,
35.2,24.240643241928815,3.0,follow,2.6033058843143664,48.96427074720759,
35.3,24.540643241928816,-1.590102715368825,follow,2.2452415601214923,49.056206423014714,
35.4,24.381632970391934,3.0,follow,2.62259367038763,49.19504312597553,
35.5,24.681632970391934,-1.396566232623128,follow,2.2744303733485225,49.296879828936426,
35.6,24.541976347129623,3.0,follow,2.466717673529047,49.27968219422348,286.5491854939822
35.7,24.841976347129624,-2.400388400087208,follow,2.009520038816092,49.27248455951053,684.5649511884022
35.8,24.6019375071209,3.0,follow,2.4343845481171087,49.33729080879846,
35.9,24.901937507120902,-1.5515330893135761,follow,2.0671907974049475,49.4200970580863,
36.0,24.746784198189545,3.0,follow,2.289242340983108,49.409418638267425,462.7034662054091
36.1,25.046784198189545,-2.487889386313637,follow,1.8205639211641937,49.390740218448514,264.42675931465834
36.2,24.79799525955818,3.0,follow,2.130947803155415,49.32794069249269,78.54826918151724
36.3,25.097995259558182,-3.2651448194928863,follow,1.58114827719956,49.22814116653683,49.327029056561315
36.4,24.771480777608893,3.0,follow,2.1547719223625847,49.31199308877592,
36.5,25.071480777608894,-1.4611678262278691,follow,1.7996238446016406,49.40684501101498,
36.6,24.925363994986107,3.0,follow,2.0212626190372305,49.409308611516394,
36.7,25.225363994986107,-1.8760434513972102,follow,1.6237262195387174,49.46177221201788,
36.8,25.037759649846386,3.0,follow,1.9283567722637542,49.48499624703334,
36.9,25.337759649846387,-3.07581307280299,follow,1.3965808072790864,49.403220282048665,60.412885731558
37.0,25.03017834256609,3.0,follow,1.8819349339429365,49.42720244779207,
37.1,25.33017834256609,-1.6113223090652393,follow,1.5139170996863314,49.50918461353547,
37.2,25.169046111659565,3.0,follow,1.7357108348801233,49.48928000236947,248.63223697136226
37.3,25.469046111659566,-1.7786729761693272,follow,1.3558062237141542,49.5593753912035,
37.4,25.291178814042635,1.683274456893112,follow,1.3974892887352084,49.33425750979916,21.914855098163166
37.5,25.459506259731945,-0.6844359551692527,follow,1.1610474942280433,49.350306883825965,
37.6,25.39106266421502,1.8772829820448576,follow,1.231606621081852,49.318200617404386,153.60926733098833
37.7,25.578790962419507,-1.8333342129135608,follow,0.870135077533071,49.238321521162334,61.641059848776216
37.8,25.395457541128152,3.0,follow,1.1125894553572024,49.20577576704943,151.1895394910335
37.9,25.695457541128153,-4.6130392504071125,follow,0.4440437012443752,48.98723001293661,22.41509116102479
38.0,25.234153616087443,3.0,follow,1.0965842271967503,48.94781465132792,124.1846139512996
38.1,25.534153616087444,-2.910289224275206,follow,0.6201688655880986,48.92139928971926,185.20056630049876
38.2,25.243124693659922,3.0,follow,1.1433997798633584,49.00808682035324,
38.3,25.543124693659923,-3.437527837986443,follow,0.6000873104973863,48.91477435098727,52.42040499339118
38.4,25.199371909861277,3.0,follow,1.034779295209134,48.83383716000105,60.335473179901925
38.5,25.499371909861278,-3.457248091798586,follow,0.4968421042229707,48.745899969014886,55.43263256692458
38.6,25.153647100681418,3.0,follow,1.0690646079245312,48.79953525894666,
38.7,25.45364710068142,-2.811234013633717,follow,0.5986998978563562,48.77917054887848,239.52794017523263
38.8,25.17252369931805,3.0,follow,0.963132629969607,48.72191817894668,85.10026438552855
38.9,25.47252369931805,-2.778035792396077,follow,0.5038802600378034,48.71266580901488,526.4885231357314
39.0,25.194720120078443,3.0,follow,0.908113616889267,48.70019379700693,390.4758411584016
39.1,25.494720120078444,-2.5143181889346713,follow,0.481641604881375,48.72372178499904,
39.2,25.243288301184975,3.0,follow,0.7814605031029487,48.64639295488041,62.908481714174826
39.3,25.543288301184976,-3.5106954124184657,follow,0.2521316729843619,48.56706412476183,61.22246357624923
39.4,25.19221875994313,3.0,follow,0.7305141088528586,48.518842248767555,100.61583305985349
39.5,25.492218759943132,-4.249659642210165,follow,0.12129223285859325,48.35962037277329,30.372472419870544
39.6,25.067252795722116,3.0,follow,0.7740158996177868,48.37489509320096,
39.7,25.367252795722116,-2.9485965362826825,follow,0.307290620045535,48.358169813628706,289.1322061603898
39.8,25.072393142093848,3.0,follow,0.7423407862785183,48.35093049941929,667.8937963037849
39.9,25.37239314209385,-3.303376072878404,follow,0.23710147206909937,48.295691185209876,87.42992536465042
40.0,25.042055534806007,3.0,follow,0.6224023295202983,48.18548563172931,43.723282638575355
40.1,25.342055534806008,-3.4915818728286805,follow,0.10619677603982325,48.119280078248835,72.6816370357035
40.2,24.99289734752314,3.0,follow,0.6046443222117333,48.09399034349644,190.17198406596785
40.3,25.29289734752314,-3.7063148903687284,follow,0.0653545874594883,48.0047006087442,53.762843782554754
40.4,24.922265858486266,3.0,follow,0.6170752351662756,48.00047402289567,1135.6796180655244
40.5,25.222265858486267,-2.835220503681204,follow,0.1748486493175747,48.008247437046975,
40.6,24.938743808118147,3.0,follow,0.7472573440580277,48.15537305623525,
40.7,25.238743808118148,-2.8837200937137464,follow,0.28638296324616874,48.14449867542339,442.73324163077825
40.8,24.950371798746772,3.0,follow,0.7429037974285819,48.16846149554874,
40.9,25.250371798746773,-3.0541608980683117,follow,0.26186661755386353,48.137424315674025,155.095999411173
41.0,24.944955708939943,3.0,follow,0.5814951813701583,47.99892874478007,34.65737455352909
41.1,25.244955708939944,-3.139121647464571,follow,0.10499961047628403,47.9724331738862,181.05831108836344
41.2,24.931043544193486,3.0,follow,0.5877635031767809,47.98432881946701,
41.3,25.231043544193486,-1.4642779190930009,follow,0.29965914875744915,48.14622446504768,
41.4,25.084615752284186,2.5956154779105285,follow,0.4968392613930348,48.12376288981932,214.24927860327654
41.5,25.344177300075238,-2.5046707096955956,follow,0.09607920969878592,48.11234515981164,421.3827540860393
41.6,25.093710229105678,3.0,follow,0.45940879324269446,48.09997413690121,388.81161634428685
41.7,25.39371022910568,-4.093510120105067,follow,-0.1179622296677465,47.97260311399077,37.66367107507194
41.8,24.98435921709517,3.0,follow,0.5836283666386137,48.06016719228137,
41.9,25.284359217095172,-2.624257873023578,follow,0.16119244492903562,48.087731270571794,
42.0,25.021933429792814,3.0,follow,0.6116377829031876,48.14453792759241,
42.1,25.321933429792814,-3.723657869588628,follow,0.06144443992387494,48.0443445846131,47.95163346785226
42.2,24.94956764283395,3.0,follow,0.7300363560787773,48.1543878203297,
42.3,25.249567642833952,-3.8848539348523907,follow,0.15007959179536812,48.024431056046296,36.954160347759924
42.4,24.861082249348712,3.0,follow,0.790699457088401,48.08232283111147,
42.5,25.161082249348713,-1.3717126584917778,follow,0.4885912321534889,48.23021460617656,
42.6,25.023910983499533,2.2082904660190303,follow,0.6179570325771735,48.15382350782647,63.0359093506292
42.7,25.244740030101436,-2.31774100061849,follow,0.2202394596641497,48.0873495048163,72.34008383319157
42.8,25.012965930039588,3.0,follow,0.5736040167531087,48.09305291181249,
42.9,25.31296593003959,-3.420946493129125,follow,0.05430742374902309,48.02375631880841,69.30175674879848
43.0,24.970871280726676,3.0,follow,0.45436226964567084,47.91066919073569,42.36615608449195
43.1,25.270871280726677,-3.10160559375503,follow,-0.017724858426923618,47.88858206266309,216.81669932418336
43.2,24.960710721351173,3.0,follow,0.37144490850139533,47.81251099052815,62.85242162172186
43.3,25.260710721351174,-2.888943236966328,follow,-0.06862616363375906,47.822439918393,
43.4,24.971816397654543,3.0,follow,0.29853368214587306,47.75625827862768,72.15937599593231
43.5,25.271816397654543,-2.2555511315032426,follow,-0.06264795761970277,47.84507663886211,
43.6,25.04626128450422,3.0,follow,0.21205858365546248,47.78145051041179,75.09721505001454
43.7,25.34626128450422,-3.634105412512205,follow,-0.29656754479475467,47.72282438196157,81.40197151568556
43.8,24.982850743253,3.0,follow,0.31126319275659853,47.7855393076361,
43.9,25.282850743253,-4.107701324196264,follow,-0.25902188156887007,47.665254233310634,39.62690674688717
44.0,24.872080610833375,3.0,follow,0.38692525597735994,47.69504617222742,
44.1,25.172080610833376,-2.276985269292673,follow,0.017717194894075305,47.77583811114414,
44.2,24.94438208390411,2.6761966120793237,follow,0.24382677689746401,47.660399902753625,41.286503461286024
44.3,25.21200174511204,-2.7352132231694197,follow,-0.16480288942578625,47.65319972824227,661.8339549144331
44.4,24.9384804227951,3.0,follow,0.2706310517701027,47.67835168596275,
44.5,25.2384804227951,-2.7742601913068867,follow,-0.14421699050942038,47.713503643683225,
44.6,24.96105440366441,3.0,follow,0.182816597820171,47.62439820331679,53.447239593300075
44.7,25.26105440366441,-4.270468411332004,follow,-0.392288842546094,47.49929276295052,37.96740783120416
44.8,24.83400756253121,3.0,follow,0.303880662900589,47.5548920066974,
44.9,25.13400756253121,-3.0025167428063186,follow,-0.13752009335255622,47.56349125044426,
45.0,24.83375588825058,3.0,follow,0.34848182924331184,47.59911566161918,
45.1,25.13375588825058,-2.9349700867476565,follow,-0.08889375958167989,47.61174007279419,
45.2,24.840258879575813,3.0,follow,0.3163258654729262,47.576714184836646,135.83299941590334
45.3,25.140258879575814,-3.0508454910297464,follow,-0.13070002248461066,47.57968829687911,
45.4,24.83517433047284,3.0,follow,0.3654093681224069,47.618170863831665,
45.5,25.13517433047284,-3.6379886082983535,follow,-0.15210806492503792,47.55065343078422,70.4272234364768
45.6,24.771375469643004,3.0,follow,0.5564526793555302,47.71351588382004,
45.7,25.071375469643005,-2.631598356483679,follow,0.13531513239132664,47.742378336855836,
45.8,24.80821563399464,3.0,follow,0.46023332246437576,47.672556773456336,68.27769882595089
45.9,25.10821563399464,-2.624656716265112,follow,0.04841175906481965,47.71073521005678,
46.0,24.845749962368128,3.0,follow,0.38453527026758394,47.653160213819774,82.76710955883807
46.1,25.14574996236813,-2.6310869560301384,follow,-0.021039725969338008,47.697585217582855,
46.2,24.882641266765116,3.0,follow,0.4723591907586311,47.796321090906304,
46.3,25.182641266765117,-3.660408364941543,follow,-0.05790493591778301,47.71605696422989,59.44879604376652
46.4,24.816600430270963,3.0,follow,0.5814962757961339,47.80639692120258,
46.5,25.116600430270964,-2.690549311487975,follow,0.1508362327689028,47.82573687817535,
46.6,24.847545499122166,3.0,follow,0.6316640795798278,47.90298232826308,
46.7,25.147545499122167,-1.6884903478610116,follow,0.3089095296677442,48.03022777835099,
46.8,24.978696464336064,3.0,follow,0.5463134354132393,48.014358131917334,302.55468093000275
46.9,25.278696464336065,-3.6229259610246176,follow,0.011443788979619285,47.929488485483716,56.47424079111598
47.0,24.9164038682336,3.0,follow,0.49624229631001526,47.87084809866042,81.63460490610258
47.1,25.216403868233602,-3.6448213113559333,follow,-0.036398090513174,47.78820771183723,57.82669896497729
47.2,24.85192173709801,3.0,follow,0.5191329324804101,47.797015538127425,
47.3,25.15192173709801,-2.8009668966694496,follow,0.07994075877078188,47.8078233644178,
47.4,24.871825047431066,3.0,follow,0.5339032885281227,47.841640859674726,
47.5,25.171825047431067,-2.4847166935744505,follow,0.1287207837850204,47.88645835493162,
47.6,24.92335337807362,3.0,follow,0.510092950013771,47.895123017124206,
47.7,25.22335337807362,-2.129639590863803,follow,0.14675761220633632,47.98178767931677,
47.8,25.01038941898724,3.0,follow,0.44516460893718346,47.960748737418044,227.9617908937079
47.9,25.310389418987242,-1.4154489530472536,follow,0.16812566703841725,48.13370979551928,
48.0,25.168844523682516,2.950694361630111,follow,0.4105585576272972,48.163825343151075,
48.1,25.463913959845527,-3.860827084801259,follow,-0.14243699260182296,48.05343394716647,43.53005369539004
48.2,25.077831251365403,3.0,follow,0.34890394498195576,47.96565082203006,54.64108363358324
48.3,25.377831251365404,-3.0235966013077853,follow,-0.10287918015444575,47.96386769689366,2689.8767065755183
48.4,25.075471591234624,3.0,follow,0.32611315091813253,47.93932053777007,195.29478053510826
48.5,25.375471591234625,-2.885650095972764,follow,-0.10743400820528137,47.955773378646654,
48.6,25.086906581637347,3.0,follow,0.35172284802703047,47.98208272048305,
48.7,25.386906581637348,-3.4001038422462617,follow,-0.14196781013674098,47.93839206231928,109.72229322493986
48.8,25.04689619741272,3.0,follow,0.2993581464587365,47.86970244257782,69.6898638002145
48.9,25.346896197412722,-4.37795972431527,follow,-0.2993314732826562,47.72101282283643,32.09438083564508
49.0,24.909100224981195,3.0,follow,0.3334524628665747,47.69710280033837,199.4858131316691
49.1,25.209100224981196,-2.6659621178328075,follow,-0.07345755963147127,47.74019277784032,
49.2,24.942504013197915,3.0,follow,0.3481863567237937,47.761942376520665,
49.3,25.242504013197916,-4.073932898162152,follow,-0.2190640445959886,47.644691975200885,40.6349926643352
49.4,24.8351107233817,3.0,follow,0.42151481779009714,47.674180902862645,
49.5,25.1351107233817,-2.8476838844525743,follow,-0.01299625454804243,47.68966983052451,
49.6,24.850342334936443,3.0,follow,0.3631220946261067,47.63863559703077,93.34643108329162
49.7,25.150342334936443,-3.0609983667077447,follow,-0.08991213886763205,47.635601363537035,1569.9385516414222
49.8,24.844242498265668,3.0,follow,0.3888133663118509,47.65517711371035,
49.9,25.14424249826567,-3.903941928428713,follow,-0.16161088351472586,47.55475286388378,47.3538542194849
50.0,24.753848305422796,3.0,follow,0.47559557520740015,47.606368033341596,
50.1,25.053848305422797,-2.626080841823834,follow,0.062210744665122775,47.642983202799314,
50.2,24.791240221240415,3.0,follow,0.5579988488144991,47.74485918067512,
50.3,25.091240221240415,-2.2603481157907686,follow,0.17787482669037757,47.814735158551,
50.4,24.86520540966134,2.993619073666266,follow,0.42740650309269057,47.7252146175847,53.31202660587064
50.5,25.164567317027966,-3.719354477362838,follow,-0.10809308966005915,47.63875788588189,55.10127082948816
50.6,24.792631869291682,3.0,follow,0.5095468950152764,47.6984946989528,
50.7,25.092631869291683,-2.6359904442548854,follow,0.08928370808598629,47.72823151202351,
50.8,24.829032824866193,3.0,follow,0.540778992237577,47.78432822953687,
50.9,25.129032824866194,-0.42836257899150976,follow,0.36687570975095696,48.06042494705025,
51.0,25.086196566967043,1.8494697238341624,follow,0.46551043990284313,48.094805290353406,
51.1,25.271143539350458,-0.8616754423746429,follow,0.24597562739268142,48.15269093641837,
51.2,25.184975995112993,2.51998493971121,follow,0.42872934423757414,48.20619333690706,
51.3,25.436974489084115,-2.219521099686461,follow,0.056034154372412104,48.21149588799858,
51.4,25.215022379115467,3.0,follow,0.3434600814139017,48.1659936500871,105.85412028243248
51.5,25.515022379115468,-2.923680219013519,follow,-0.10104215649764825,48.171491412175556,
51.6,25.222654357214115,3.0,follow,0.25724444063292395,48.0912259764541,59.91523691887898
51.7,25.522654357214115,-3.6698897121690743,follow,-0.2630209950885387,48.02096054073263,68.34222266994287
51.8,25.155665385997207,3.0,follow,0.23589592313715002,47.96939400213296,93.02426593820836
51.9,25.455665385997207,-3.426965056112966,follow,-0.25367061546258185,47.92982746353323,121.13727700171219
52.0,25.11296888038591,3.0,follow,0.423077254915853,48.09253057549472,
52.1,25.41296888038591,-4.532775851078632,follow,-0.2082196331229369,47.91123368745593,26.426947646921285
52.2,24.95969129527805,3.0,follow,0.5267276150109979,47.96626455792807,
52.3,25.25969129527805,-4.15058094868704,follow,-0.07024151451686578,47.81929542840021,32.536965811826015
52.4,24.844633200409344,3.0,follow,0.5328823077451545,47.79983210835917,245.58930340675826
52.5,25.144633200409345,-2.25198931150562,follow,0.15041898770432738,47.867368788318345,
52.6,24.919434269258783,3.0,follow,0.501273957504381,47.880425361392554,
52.7,25.219434269258784,-3.779567711062672,follow,-0.05166946942139816,47.77748193446678,46.41139639626308
52.8,24.841477498152518,3.0,follow,0.4771179374226193,47.7393341846514,125.1432506919843
52.9,25.14147749815252,-2.566131761051902,follow,0.06397018760728201,47.77618643483606,
53.0,24.884864322047328,3.0,follow,0.4054035195601955,47.73270000263119,109.76458077293404
53.1,25.18486432204733,-2.9715670168740207,follow,-0.04708291264450537,47.730213570426486,1919.6265830041018
53.2,24.887707620359926,3.0,follow,0.4128813778505389,47.74444280839043,
53.3,25.187707620359927,-3.5442824081239777,follow,-0.10488938418539107,47.6766720463545,70.34991287398215
53.4,24.83327937954753,3.0,follow,0.6044250390785066,47.8543441083998,
53.5,25.13327937954753,-2.48198674318208,follow,0.1890971011237781,47.889016170445075,
53.6,24.885080705229324,2.8972237225360864,follow,0.4208870420780073,47.74850809992199,33.98275125565043
53.7,25.174803077482935,-2.8127448999925315,follow,-0.017176824050714856,47.74502779217369,1371.8622387800592
53.8,24.893528587483683,3.0,follow,0.3653820521998483,47.70567493342537,121.22543685699432
53.9,25.193528587483684,-2.570890859208918,follow,-0.039970806548410565,47.750322074677115,
54.0,24.93643950156279,3.0,follow,0.29301887217677347,47.69767812452096,90.60429162881086
54.1,25.236439501562792,-3.3165280107382142,follow,-0.18962507797962758,47.665034174364564,146.01490918278472
54.2,24.90478670048897,3.0,follow,0.355375453582333,47.71255550431579,
54.3,25.20478670048897,-2.5895924093267375,follow,-0.05010321646660287,47.757076834266854,
54.4,24.9458274595563,3.0,follow,0.2537528989769484,47.672494088311396,56.36196076362828
54.5,25.2458274595563,-3.5088395148709055,follow,-0.24582984697888577,47.622911342355565,96.04734555236587
54.6,24.894943508069208,3.0,follow,0.255001729444885,47.5974169915487,186.69789771084456
54.7,25.19494350806921,-3.6848022780412046,follow,-0.2634926213621043,47.52892264074171,69.39101120137835
54.8,24.826463280265088,3.0,follow,0.4385813923176656,47.6782763127153,
54.9,25.12646328026509,-2.7822385447028424,follow,0.00593506429118662,47.69562998468882,
55.0,24.848239425794805,3.0,follow,0.3434469034171883,47.6158060421094,59.651032639359414
55.1,25.148239425794806,-2.536404225455523,follow,-0.05237703916222358,47.66998209952999,
55.2,24.894599003249255,3.0,follow,0.49762369433136655,47.83952219920525,
55.3,25.194599003249255,-2.3792526691235385,follow,0.1051637940065433,47.89706229888043,
55.4,24.956673736336903,2.9500625415705035,follow,0.3523843207412938,47.787394925246645,43.57485124506176
55.5,25.251679990493955,-3.4661143411982347,follow,-0.15129305954381778,47.726226926197114,78.02482943353506
55.6,24.905068556374133,3.0,follow,0.47311723599846545,47.830720070559664,
55.7,25.205068556374133,-3.54604297687964,follow,-0.05038961963909827,47.7572132149221,64.96974030625613
55.8,24.85046425868617,3.0,follow,0.5294704010241205,47.805166789053374,
55.9,25.15046425868617,-2.471211703886142,follow,0.12242397515550607,47.84812036318476,
56.0,24.903343088297557,3.0,follow,0.4327714219088037,47.78778605435514,79.20499460629799
56.1,25.203343088297558,-3.1423667727116253,follow,-0.04156288692076515,47.76345174552557,196.28028919860247
56.2,24.889106411026397,2.7673334557171043,follow,0.19788148788342141,47.53154110442301,20.49562748756594
56.3,25.165839756598107,-3.6370727903149573,follow,-0.31080250613398874,47.43795712876317,50.690256311834865
56.4,24.802132477566612,3.0,follow,0.2355451646566138,47.43874388100653,
56.5,25.102132477566613,-4.020346005125838,follow,-0.3186680831000501,47.33453063324987,45.42083818726798
56.6,24.70009787705403,3.0,follow,0.4363740299636021,47.486520845544646,
56.7,25.00009787705403,-3.889117894739397,follow,-0.12063575774186575,47.37951105783918,44.27586679105885
56.8,24.61118608758009,3.0,follow,0.4686133177112026,47.38539244908134,
56.9,24.91118608758009,-2.7539843014448286,follow,0.037494708953275335,47.40427384032341,
57.0,24.635787657435607,3.0,follow,0.5950135884264682,47.54869507457988,
57.1,24.935787657435608,-3.711176073437394,follow,0.04343482268307497,47.447116308836485,46.709679883902616
57.2,24.56467005009187,3.0,follow,0.7306442286894281,47.57764930382723,
57.3,24.86467005009187,-2.5690809778193024,follow,0.2951772236801844,47.59218229881799,
57.4,24.60776195230994,3.0,follow,0.64576317512212,47.55740610358703,136.75275799349717
57.5,24.90776195230994,-2.366107215429075,follow,0.23998697989110696,47.60162990835602,
57.6,24.671151230767034,3.0,follow,0.6427879391289579,47.64951478527951,
57.7,24.971151230767035,-3.1222430566252006,follow,0.15067281605207228,47.607399662202624,113.04110301540912
57.8,24.658926925104513,3.0,follow,0.6581165820356105,47.64650696969238,
57.9,24.958926925104514,-2.951093797735066,follow,0.18322388952506685,47.621614277181834,191.30760666885556
58.0,24.663817545331007,3.0,follow,0.6685062046522035,47.66423252264872,
58.1,24.963817545331008,-2.2410008674359227,follow,0.2721244501190583,47.71785076811557,
58.2,24.739717458587414,3.0,follow,0.753302834375603,47.86287902225672,
58.3,25.039717458587415,-3.4901022437824007,follow,0.20633108851679083,47.76590727639791,49.25755110769937
58.4,24.690707234209174,3.0,follow,0.920775701663402,47.956836552977165,
58.5,24.990707234209175,-3.7663667533696183,follow,0.3257049782424133,47.81176582955618,32.95755663314094
58.6,24.614070558872214,3.0,follow,0.9182529353605702,47.83935877366889,
58.7,24.914070558872215,-2.0081108569356094,follow,0.5208458794733701,47.891951717781694,
58.8,24.713259473178653,3.0,follow,0.8717365606958367,47.941625770463816,
58.9,25.013259473178653,-2.918473776721889,follow,0.37341061337799886,47.89329982314598,99.10473044248158
59.0,24.721412095506466,3.0,follow,0.8230404703354779,47.90515861359518,
59.1,25.021412095506466,-2.863248986228305,follow,0.3338992607847402,47.86601740404444,122.29059335048967
59.2,24.735087196883637,3.0,follow,0.7458778890304671,47.84850868435592,273.2838810376057
59.3,25.035087196883637,-2.033958373709374,follow,0.3563691693421447,47.9089999646676,
59.4,24.8316913595127,3.0,follow,0.7052937894472393,47.95283082871629,
59.5,25.1316913595127,-3.1646323303497885,follow,0.1901246534959995,47.88766169276505,73.48211848101359
59.6,24.81522812647772,3.0,follow,0.7502966904005959,47.973138880117176,
59.7,25.11522812647772,-2.4416714094080127,follow,0.31177387775264975,47.98461606746923,
59.8,24.87106098553692,3.0,follow,0.751918490609981,48.05850996891536,
59.9,25.171060985536922,-2.265034389529288,follow,0.3318123920562357,48.08840387036162,
60.0,24.944557546583994,3.0,follow,0.6151117958272536,48.031948115703244,85.07892314314687
60.1,25.244557546583994,-3.1918904774300088,follow,0.1016560411688161,47.96849236104481,75.5936047396693
60.2,24.925368498840992,3.0,follow,0.6509027628993067,48.03895551116079,
60.3,25.225368498840993,-2.3009967052371776,follow,0.2343659130152531,48.07241866127674,
60.4,24.995268828317275,3.0,follow,0.5909885359690108,48.08389177844492,
60.5,25.295268828317276,-2.6689419105951737,follow,0.13746165313731495,48.08036489561323,1363.2538190122843
60.6,25.02837463725776,3.0,follow,0.6519654760006688,48.19452743188731,
60.7,25.32837463725776,-3.0658083499469,follow,0.1471280122748766,48.13968996816152,87.78613505703383
60.8,25.02179380226307,3.0,follow,0.672819884540516,48.20551058793512,
60.9,25.32179380226307,-2.7095080681464667,follow,0.2056405043142675,48.18833120770887,280.500987654474
61.0,25.050842995448424,3.0,follow,0.6229824149913767,48.199246908164014,
61.1,25.350842995448424,-1.8317854091712287,follow,0.25889811544656993,48.2851626086192,
61.2,25.1676644545313,3.0,follow,0.6198994813691314,48.37139616316608,
61.3,25.467664454531302,-2.0687293186257465,follow,0.2281330359159881,48.42962971771294,
61.4,25.26079152266873,3.0,follow,0.6593632814428787,48.550550565445974,
61.5,25.56079152266873,-2.5772987333613937,follow,0.205284129175908,48.546471413179006,1190.111774140603
61.6,25.30306164933259,3.0,follow,0.6665727742468022,48.62116524824569,
61.7,25.60306164933259,-2.7683581862103814,follow,0.18926660931339256,48.59385908331228,177.95929674519846
61.8,25.326225830711554,3.0,follow,0.6568977541738974,48.64623650024123,
61.9,25.626225830711554,-2.6125916750349676,follow,0.19727517110294457,48.63661391717028,505.44239065042166
62.0,25.364966663208058,3.0,follow,0.6266672560374928,48.67411725084958,
62.1,25.66496666320806,-2.1074211825537477,follow,0.22617058971673032,48.72362058452882,
62.2,25.454224544952684,3.0,follow,0.5068613126044426,48.68819813003347,137.45009718775214
62.3,25.754224544952685,-1.190595318911579,follow,0.22043885810916208,48.85177567553819,
62.4,25.635165013061528,2.1445253927050953,follow,0.33751165463971233,48.790259174232006,79.31247411392049
62.5,25.849617552332038,-2.470499100342596,follow,-0.08012890949930096,48.69429741899876,50.743441802062854
62.6,25.602567642297778,3.0,follow,0.40718919132226006,48.81104065476893,
62.7,25.90256764229778,-2.155422334710538,follow,0.01893242709260079,48.87278389053927,
62.8,25.687025408826724,3.0,follow,0.41554323641656765,48.94608134965665,
62.9,25.987025408826725,-2.275348305360371,follow,0.012840695533881785,48.99337880877397,
63.0,25.759490578290688,3.0,follow,0.3771938835087525,49.01642975094478,
63.1,26.05949057829069,-3.370027343788716,follow,-0.14575517432044194,48.94348069311559,67.09268378461826
63.2,25.722487843911818,3.0,follow,0.40050014285677094,48.984231908724496,
63.3,26.02248784391182,-3.11140987571652,follow,-0.09474864153433771,48.93898312433339,108.15535440963296
63.4,25.711346856340167,3.0,follow,0.4898281541892402,49.05684843869949,
63.5,26.011346856340168,-2.605995658845214,follow,0.043693468555304094,49.060713753065556,
63.6,25.750747290455646,3.0,follow,0.4145180883365711,49.04063902402004,244.29041564003333
63.7,26.050747290455647,-2.764218359178363,follow,-0.04255664070903009,49.03356429497444,693.080455508261
63.8,25.77432545453781,3.0,follow,0.45464356771400105,49.11613174952072,
63.9,26.07432545453781,-2.859138319177795,follow,-0.016788977739757627,49.094699204066956,229.06611494159145
64.0,25.788411622620032,3.0,follow,0.40124060787483984,49.08385804180489,452.75457423819796
64.1,26.088411622620033,-2.298320537137824,follow,-0.0016005543872381622,49.13101687954281,
64.2,25.85857956890625,3.0,follow,0.4162895692929922,49.20415892265237,
64.3,26.15857956890625,-2.8162918962369607,follow,-0.04656838759746762,49.19130096576191,382.57478528045283
64.4,25.876950379282555,3.0,follow,0.3981803589098405,49.21360592783367,
64.5,26.176950379282555,-2.275006164838564,follow,-0.0015146790186122416,49.26391088990522,
64.6,25.9494497627987,3.0,follow,0.2827912694272072,49.206965913625254,86.41142578018734
64.7,26.2494497627987,-3.523403042191326,follow,-0.24715370685267146,49.12702093734538,61.45104198337898
64.8,25.897109458579568,3.0,follow,0.2946458036182307,49.140309991487584,
64.9,26.19710945857957,-2.584222552816427,follow,-0.12906514223986676,49.16659904562948,
65.0,25.938687203297924,3.0,follow,0.356699520352862,49.26473032529975,
65.1,26.238687203297925,-1.3187347627778556,follow,0.07083080002316677,49.42886160497005,
65.2,26.10681372702014,3.0,follow,0.39995964173785836,49.56018023226807,
65.3,26.40681372702014,-2.5243468757841354,follow,-0.02672173096407704,49.583498859566134,
65.4,26.154379039441725,3.0,follow,0.414492396459444,49.64606095562203,
65.5,26.454379039441726,-3.103335967237224,follow,-0.07894550748464724,49.60262305167794,114.19202711859292
65.6,26.144045442718003,3.0,follow,0.45815034332906635,49.67421850740607,
65.7,26.444045442718004,-2.4860862126635297,follow,0.03074579905721464,49.69681396313422,
65.8,26.19543682145165,3.0,follow,0.5031150488116438,49.79627028098912,
65.9,26.49543682145165,-2.8195960068946473,follow,0.033571366666627966,49.77672659884411,254.69472041714735
66.0,26.213477220762186,3.0,follow,0.5771630456245092,49.89737887676779,
66.1,26.513477220762187,-1.030520547897348,follow,0.302815323548252,50.073031154691535,
66.2,26.410425165972452,3.0,follow,0.5143508891356703,50.129988638094346,
66.3,26.710425165972453,-1.9878321299722248,follow,0.13630837253835182,50.20194612149703,
66.4,26.51164195297523,3.0,follow,0.5523189967366946,50.31978192619954,
66.5,26.81164195297523,-2.561522224395402,follow,0.10515480143919831,50.32261773090204,
66.6,26.55548973053569,3.0,follow,0.5718341620450076,50.40506875784854,
66.7,26.85548973053569,-2.226084728842794,follow,0.1602851889914092,50.443519784794944,
66.8,26.632881257651412,3.0,follow,0.565909772552601,50.51523165902972,
66.9,26.932881257651413,-2.7969439184270763,follow,0.08962164678742823,50.488943533264546,192.05988279398153
67.0,26.653186865808706,3.0,follow,0.5788445479705828,50.55862484668364,
67.1,26.953186865808707,-1.8192039988142603,follow,0.21152586138982343,50.641306160102886,
67.2,26.77126646592728,3.0,follow,0.6662798146190951,50.82317951351001,
67.3,27.07126646592728,-1.4527197068810902,follow,0.3311531680262121,50.93805286691713,
67.4,26.92599449523917,3.0,follow,0.7804616745344859,51.16945341739324,
67.5,27.22599449523917,-2.673740395741645,follow,0.29486222501054726,51.1338539678693,143.63664228435832
67.6,26.958620455665006,3.0,follow,0.8250612388054321,51.262991922302945,
67.7,27.258620455665007,-1.9019236217713003,follow,0.4211991932387704,51.30912987673628,
67.8,27.068428093487878,3.0,follow,0.9406449271557946,51.54328706738761,
67.9,27.36842809348788,-2.5568953076632295,follow,0.44980211780680435,51.50244425803862,126.09917162705469
68.0,27.112738562721557,3.0,follow,0.8190625576840773,51.48817040176641,360.7166095836703
68.1,27.412738562721557,-2.4680428681070374,follow,0.34778870141202844,51.466896545494365,241.92556294016416
68.2,27.165934275910853,3.0,follow,0.5974017040370114,51.34630311790329,42.57802779435968
68.3,27.465934275910854,-2.572431447574565,follow,0.13380827644590454,51.332709690312186,377.62888974356724
68.4,27.208691131153397,3.0,follow,0.5158038804667484,51.32884057719684,1326.630652737894
68.5,27.508691131153398,-2.1164983483502127,follow,0.11093476735138097,51.37397146408148,
68.6,27.297041296318376,3.0,follow,0.5147053899722209,51.46026733444978,
68.7,27.597041296318377,-0.856245235678958,follow,0.25200126034017956,51.64756320481774,
68.8,27.511416772750483,2.6758627703427664,follow,0.5022963684170918,51.76942152754282,
68.9,27.77900304978476,-2.3379569869077512,follow,0.07201664788730255,51.74052122256444,179.03105611203412
69.0,27.545207351093985,3.0,follow,0.39318946081385775,51.71100048745484,175.16840382132477
69.1,27.845207351093986,-2.0752566922629656,follow,0.0026687257044315515,51.77047975234541,
69.2,27.63768168186769,3.0,follow,0.24618906135704322,51.70271158415858,76.29350618075735
69.3,27.93768168186769,-1.2195775871822956,follow,-0.03357910682973397,51.872943415971804,
69.4,27.815723923149463,2.7230829312262532,follow,0.2807851389326643,52.00437102365686,
69.5,28.088032216272087,-2.610657885510555,follow,-0.15948052237838795,51.972567802029744,163.41919196502252
69.6,27.826966427721032,3.0,follow,0.12442151767596954,51.86487115925752,48.158298925815835
69.7,28.126966427721033,-1.7267524243765664,follow,-0.20027512509608414,51.99017451648547,
69.8,27.954291185283378,3.0,follow,0.08030862003209194,52.01174539795716,
69.9,28.25429118528338,-1.910893349086912,follow,-0.2601204984962564,52.12131627942881,
70.0,28.063201850374686,2.3695889243566084,follow,-0.082806681170851,52.01199609439118,47.577669280896714
70.1,28.300160742810345,-2.5834108918342245,follow,-0.4822610941053256,51.96798002011019,118.06591312142969
70.2,28.041819653626924,3.0,follow,-0.05893142569293275,52.00379805474745,
70.3,28.341819653626924,-2.918514941489814,follow,-0.49611339105558727,52.0166160893848,
70.4,28.04996815947794,3.0,follow,-0.05433296577993474,52.02061927343698,
70.5,28.349968159477942,-2.4488333686085078,follow,-0.4363297817276788,52.08862245748924,
70.6,28.10508482261709,3.0,follow,-0.11751325869809648,52.04011397522754,107.28044158228866
70.7,28.40508482261709,-3.0855016664911696,follow,-0.5630217409596838,52.04460549296596,
70.8,28.096534655967975,3.0,follow,-0.03984995658285584,52.10495202736911,
70.9,28.396534655967976,-2.4887410132992516,follow,-0.42250342217964487,52.17229856177232,
71.0,28.14766055463805,3.0,follow,0.0640416743514507,52.28553250630853,
71.1,28.447660554638052,-3.648127474627506,follow,-0.45772438111252,52.21376645084456,72.75551946306749
71.2,28.082847807175302,3.0,follow,0.022209959364104748,52.14648167012706,77.50115421947267
71.3,28.382847807175303,-1.752520621701527,follow,-0.27907482135327655,52.29519688940968,
71.4,28.20759574500515,2.8359399013570963,follow,0.07204369740158967,52.383437314909315,
71.5,28.49118973514086,-3.094013848127015,follow,-0.3844662613161134,52.352318341395176,168.2327931469133
71.6,28.18178835032816,3.0,follow,0.2824569808701298,52.555139506362366,
71.7,28.48178835032816,-2.416998207090239,follow,-0.11572185416252267,52.606960671329716,
71.8,28.240088529619136,3.0,follow,0.41781902393897496,52.77795181836768,
71.9,28.540088529619137,-2.332940323573217,follow,0.016810170977102246,52.826942965405806,
72.0,28.306794497261816,3.0,follow,0.6150717697868586,53.07526351567958,
72.1,28.606794497261816,-1.2854355978094587,follow,0.36039232006074684,53.27058406595347,
72.2,28.47825093748087,2.2457477282628844,follow,0.5903825659841146,53.30775897220542,
72.3,28.702825710307156,-0.758858750856021,follow,0.378237835713918,53.432476401174654,
72.4,28.626939835221552,1.7055351325075863,follow,0.598372664820225,53.538782417652556,
72.5,28.79749334847231,-0.4024227847839228,follow,0.4997930600968772,53.69603308280534,
72.6,28.75725106999392,1.3161373718319966,follow,0.5194313708150702,53.655307975805954,131.7499496725869
72.7,28.88886480717712,-0.16400174320730798,follow,0.416124284322521,53.7494214950882,
72.8,28.872464632856392,1.0332296882807213,follow,0.5734780825179016,53.88217503180249,
72.9,28.975787601684463,-1.0003565757525135,follow,0.2959148691074134,53.75959627163411,43.85718716501808
73.0,28.87575194410921,1.6996837053146407,follow,0.3873931610594141,53.70102107722323,91.67877566140999
73.1,29.045720314640675,-2.2339941334116804,follow,-0.015131426201833165,53.55344904575918,36.289701045959355
73.2,28.82232090129951,2.729338585689723,follow,0.3537356036799082,53.587216955629174,
73.3,29.09525475986848,-1.4708225596163271,follow,0.04080933983972557,53.68369147964245,
73.4,28.94817250390685,2.018120044567573,follow,0.4466154733915104,53.86887422925179,
73.5,29.14998450836361,-0.9344836423449578,follow,0.18589901587021984,53.91087577841563,
73.6,29.05653614412911,1.5023579985726885,follow,0.517417947809129,54.1022221640028,
73.7,29.206771943986382,-1.3075059885633178,follow,0.20638705362460996,54.01654496960418,63.04658474024778
73.8,29.07602134513005,1.7851877147466042,follow,0.3039108173961722,53.91794283509125,54.68232822888811
73.9,29.254540116604712,-0.8317822650810541,follow,0.06867864852369365,53.95048882343076,
74.0,29.171361890096605,1.3283362999875692,follow,0.27730979927620325,54.03435263442111,
74.1,29.304195520095362,-0.5060254560663452,follow,0.11463980226874071,54.070933082411784,
74.2,29.25359297448873,0.6080840839125978,follow,0.05418432322972677,53.93457378496282,39.55327930989472
74.3,29.31440138287999,0.062011626565927735,follow,0.000531572354837806,53.97213364667482,
74.4,29.32060254553658,0.3561281742338107,follow,-0.07783042618355296,53.903073392121314,78.05223676121832
74.5,29.35621536295996,0.23012517024498325,follow,-0.023871188614648986,54.010451855825295,
74.6,29.37922787998446,0.3125175598164532,follow,0.023687247850027404,54.09252906782672,
74.7,29.410479635966105,0.2216022433739454,follow,-0.05823834971918984,54.057481104229964,154.23857924075696
74.8,29.4326398603035,0.2766063170580452,follow,-0.08774267225578569,54.061217118199465,
74.9,29.460300492009303,0.2097324489279846,follow,-0.17326366901544077,54.01718706899851,122.68254987063963
75.0,29.4812737369021,0.24719505133594172,follow,-0.15885091004484053,54.06305969530831,
75.1,29.505993242035693,0.19744936530270252,follow,-0.05752949194878454,54.20146037110476,
75.2,29.525738178565962,0.22144996490507368,follow,-0.12172071460084055,54.166886553248105,156.67024908246776
75.3,29.54788317505647,0.18453348803076897,follow,-0.05372652684230417,54.2680982357424,
75.4,29.566336523859547,0.19930399048773784,follow,-0.07304020243302034,54.2764645833563,
75.5,29.586266922908322,0.17154326928314279,follow,-0.11656249329710988,54.262837891065374,398.20990107461387
75.6,29.603421249836636,0.18002838470418397,follow,-0.09263610867334648,54.31249576608161,
75.7,29.621424088307055,0.15883802159100074,follow,-0.15278277520957317,54.27935335725101,163.77612633564087
75.8,29.637307890466154,0.1630832703542865,follow,-0.1633392674947487,54.29262256820448,
75.9,29.653616217501582,0.14664040971530595,follow,-0.23216337979800983,54.248260946454366,122.28646926385407
76.0,29.668280258473114,0.14806346544925475,follow,-0.008987467102549829,54.49343292060712,
76.1,29.68308660501804,0.13507994362615822,follow,0.040494352578164694,54.56512426010522,
76.2,29.696594599380656,0.13466036559454722,follow,0.026572901096194812,54.57146480016718,
76.3,29.71006063594011,0.1242231987722846,follow,0.09836778266321033,54.663458736573375,
76.4,29.722482955817338,0.12263507632830795,follow,0.14448600726568372,54.72821044099169,
76.5,29.73474646345017,0.11409476817721897,follow,0.18261609947136748,54.78473579464662,
76.6,29.74615594026789,0.11179943324391389,follow,0.2998862902179411,54.91912020061977,
76.7,29.757335883592283,0.1046917465310287,follow,0.4333827868721585,55.06938661226059,
76.8,29.767805058245386,0.1020025561788657,follow,0.45189851906793876,55.10360610643602,
76.9,29.77800531386327,0.09599370396630036,follow,0.4687976042548385,55.135805575049744,
77.0,29.7876046842599,0.09312128941905087,follow,0.5176380802339224,55.19904510662377,
77.1,29.796916813201804,0.0879695179033263,follow,0.3819782055007934,55.0773534253035,45.25975220967698
77.2,29.805713764992138,0.08505337368361837,follow,0.32121140131602743,55.029782048804236,115.67834714581677
77.3,29.8142191023605,0.08058201916470295,follow,0.5300314850273367,55.25136013856809,
77.4,29.82227730427697,0.07771254124666882,follow,0.7677164517249366,55.50113240814039,
77.5,29.830048558401636,0.07379112028136206,follow,0.8330547146977523,55.5781275523002,
77.6,29.837427670429772,0.07102496743109157,follow,0.9782432796127054,55.73438478525736,
77.7,29.84453016717288,0.06755589231682678,follow,1.1021365177807283,55.86893176854005,
77.8,29.851285756404565,0.06492668102287667,follow,1.4858745582927355,56.26280319289958,
77.9,29.85777842450685,0.06183591557623061,follow,1.6913577136886104,56.47802535044889,
78.0,29.863962016064473,0.059361654687441506,follow,1.7836861247460334,56.57962914884274,
78.1,29.869898181533216,0.05659213102348418,follow,1.8017920583898075,56.60663933068963,
78.2,29.875557394635564,0.05428037947276608,follow,1.762747499272706,56.57608359122605,185.1569773289368
78.3,29.88098543258284,0.05178735035552223,follow,1.8955068990934194,56.71698504796768,
78.4,29.886164167618393,0.04963878562085995,follow,1.941122379778065,56.770368631205656,
78.5,29.89112804618048,0.04738653455891893,follow,1.928563757316745,56.76525582658746,1110.256699937411
78.6,29.895866699636372,0.04539741264376858,follow,1.9908691071693738,56.83466915662393,
78.7,29.90040644090075,0.04335691716438249,follow,2.016018851182558,56.86662851253368,
78.8,29.904742132617187,0.04152076017474543,follow,2.304041100346076,57.16115429927186,
78.9,29.908894208634663,0.03966802495245929,follow,2.5199235654566863,57.38326487840868,
79.0,29.91286101112991,0.03797677113410884,follow,2.654687260600859,57.523978777295724,
79.1,29.91665868824332,0.03629163249805459,follow,2.933324876106198,57.80831290847118,
79.2,29.920287851493125,0.0347364128070609,follow,3.082852346082042,57.96328412332173,
79.3,29.92376149277383,0.03320167553528393,follow,3.147265734883547,58.03290797404429,
79.4,29.92708166032736,0.03177333130988132,follow,3.4405773175206207,58.33119980801166,
79.5,29.93025899345835,0.03037414018541256,follow,3.643785418478295,58.539173908665816,
79.6,29.93329640747689,0.029063561870142966,follow,3.700899656702525,58.600844267917864,
79.7,29.936202763663907,0.027786939572752092,follow,3.8419198460558306,58.74622399155169,
79.8,29.938981457621182,0.026585282244855082,follow,3.920853659357981,58.829325845789754,
79.9,29.94163998584567,0.025419785527572007,follow,3.9547018684368496,58.86716184720535,
80.0,29.944181964398425,0.024318600059211805,follow,4.211470704168114,59.12774365076575,
80.1,29.946613824404345,0.02325406042916143,follow,4.5651615317186724,59.485082268325186,
80.2,29.948939230447262,0.022245367298850738,follow,4.606779499609402,59.530188345280294,
80.3,29.951163767177146,0.021272692419213972,follow,4.839326317797038,59.766071968562756,
80.4,29.953291036419067,0.020349016929378648,follow,4.958806310292317,59.888742864920914,
80.5,29.955325938112004,0.019460035966898208,follow,5.096221363941595,60.029210271109605,
80.6,29.957271941708694,0.018614417859529907,follow,5.227575164375935,60.163483076938974,
80.7,29.959133383494645,0.017801758916669998,follow,5.3358696633474665,60.274569738589435,
80.8,29.960913559386313,0.017027745357609092,follow,5.53510804357137,60.47647838265084,
80.9,29.962616333922075,0.016284736576247384,follow,5.653292248375564,60.59721674925868,
81.0,29.9642448075797,0.015576364675237642,follow,5.880425057131319,60.82679226850087,
81.1,29.965802444047224,0.01489695302202847,follow,6.079508358025031,61.028212024095865,
81.2,29.96729213934943,0.014248726102820797,follow,6.264544601136976,61.21548281016112,
81.3,29.96871701195971,0.013627409549968661,follow,6.388535591025459,61.341611108965026,
81.4,29.970079752914707,0.013034270028271067,follow,6.546483504301534,61.5016031336736,
81.5,29.971383179917535,0.012466040043349835,follow,6.837390045805449,61.79446481568175,
81.6,29.97262978392187,0.011923340827812014,follow,7.106257161407001,62.065201837289806,
81.7,29.97382211800465,0.01140363293403368,follow,7.235086448482569,62.19581962548955,
81.8,29.974962481298054,0.010907108614341611,follow,7.472879655412882,62.435323377359964,
81.9,29.976053192159487,0.010431759380944074,follow,7.77663826990478,62.74071805814401,
82.0,29.97709636809758,0.00997749801718726,follow,7.848363869187793,62.814008421334165,
82.1,29.9780941178993,0.009542707266805905,follow,8.139057832695123,63.10619900954407,
82.2,29.97904838862598,0.009127123285773565,follow,8.31572158774231,63.28429417068128,
82.3,29.979961100954558,0.008729420607730277,follow,8.615356409154117,63.585298060585956,
82.4,29.98083404301533,0.00834922910154603,follow,8.78896359176101,63.760214656284006,
82.5,29.981668965925486,0.007985443978373042,follow,8.863544310803377,63.83604775969161,
82.6,29.982467510323325,0.007637636558632721,follow,8.958099743174486,63.93180100865948,
82.7,29.98323127397919,0.007304871569729698,follow,9.220630970293136,64.19547788126192,
82.8,29.98396176113616,0.0069866938352987525,follow,9.506139063443932,64.48208170514818,
82.9,29.984660430519693,0.006682300515993235,follow,9.680625016316768,64.6576156620963,
83.0,29.98532866057129,0.006391231130180586,follow,10.011089805181996,64.98908279603893,
83.1,29.98596778368431,0.0061127881484083005,follow,10.11853434214423,65.09748601767069,
83.2,29.98657906249915,0.005846519481954715,follow,10.38595951767207,65.3658281114208,
83.3,29.987163714447345,0.00559181285656507,follow,10.544366168305167,65.52511173997618,
83.4,29.987722895733,0.005348233128353287,follow,10.760755106803096,65.7423394504026,
83.5,29.988257719045837,0.005115238260637513,follow,11.049127099929201,66.03151367849796,
83.6,29.9887692428719,0.004892415093976865,follow,11.251482889903045,66.2346367542109,
83.7,29.9892584843813,0.004679280419767907,follow,11.503823179200978,66.48771090577293,
83.8,29.989726412423277,0.004475445725555005,follow,11.89614864589555,66.88073826453046,
83.9,29.990173956995832,0.004280477822891272,follow,12.136459933337086,67.12172086883083,
84.0,29.990602004778122,0.004094013919186068,follow,12.519757661185722,67.5056606683529,
84.1,29.991011406170042,0.003915663928606251,follow,12.711042418480787,67.69755952773585,
84.2,29.991402972562902,0.0037450908067967253,follow,13.071314771635201,68.05841923047956,
84.3,29.99177748164358,0.0035819420397047,follow,13.524575259849577,68.51224148231495,
84.4,29.99213567584755,0.0034259056902101294,follow,13.591824400958856,68.58002791473018,
84.5,29.99247826641657,0.0032766623145903395,follow,13.830062688463407,68.81878008808826,
84.6,29.99280593264803,0.003133924029899049,follow,14.207290595851411,69.19649949482346,
84.7,29.99311932505102,0.0029974007352620907,follow,14.510508574741863,69.50018756231839,
84.8,29.993419065124545,0.0028668273121553517,follow,14.874717058118947,69.86484565580577,
84.9,29.99370574785576,0.002741939865674681,follow,15.144916459236462,70.1354750810201,
85.0,29.993979941842326,0.002622494633607176,follow,15.487107174072548,70.47807708683604,
85.1,29.994242191305688,0.0025082512485596455,follow,15.808289580746859,70.79965286770539,
85.2,29.994493016430543,0.002398985856726199,follow,16.26546404141653,71.25720356606234,
85.3,29.994732915016215,0.0022944793016506536,follow,16.63463090203662,71.62673027456094,
85.4,29.99496236294638,0.0021945262015606202,follow,17.01579049384641,72.00823403826598,
85.5,29.99518181556654,0.0020989265855064334,follow,17.324943133359774,72.31771585670958,
85.6,29.99539170822509,0.002007492151531665,follow,17.629089123549463,72.6221766858871,
85.7,29.995592457440242,0.0019200403265784874,follow,17.942228753982867,72.93561744014323,
85.8,29.9957844614729,0.00183639856040827,follow,18.342362301786878,73.33603899399623,
85.9,29.99596810132894,0.0017564000885272437,follow,18.663490031869756,73.65744218386317,
86.0,29.996143741337793,0.0016798868589518179,follow,19.05961219772299,74.05382780972968,
86.1,29.996311730023688,0.0016067064938880549,follow,19.63972904169168,74.63419663672721,
86.2,29.996472400673078,0.0015367142664217681,follow,20.100840795650242,75.09554939665986,
86.3,29.99662607209972,0.0014697709070929932,follow,20.444947681300576,75.43988678945016,
86.4,29.996773049190427,0.001405743921995395,follow,20.947049910745207,75.94220948453085,
86.5,29.996913623582625,0.00134450599631748,follow,21.289147686798877,76.28451812217281,
86.6,29.997048074182256,0.0012859358571432724,follow,21.469241203480955,76.46481331475434,
86.7,29.99717666776797,0.0012299170999114039,follow,21.75633064632556,76.75209564797751,
86.8,29.99729965947796,0.0011763387377129674,follow,21.959416192812938,76.95536568202988,
86.9,29.99741729335173,0.0011250943284494496,follow,22.320498012666903,77.3166239526945,
87.0,29.997529802784577,0.001076082309572257,follow,22.72257626823911,77.71887097241597,
87.1,29.997637411015535,0.0010292053399012957,follow,23.296651114791175,78.29310723131448,
87.2,29.997740331549526,0.0009843704884559658,follow,23.73672270083518,78.73333319815947,
87.3,29.99783876859837,0.0009414887305467801,follow,24.12479116840187,79.12154932129943,
87.4,29.997932917471424,0.0009004750384349336,follow,24.622856653345124,79.61975602955226,
87.5,29.998022964975267,0.0008612479890445003,follow,24.812919285592052,79.80995373305495,
87.6,29.99810908977417,0.0008237297894226005,follow,25.256979189416207,80.25414282407746,
87.7,29.998191462753113,0.0007878459659821147,follow,25.759036483672233,80.7563236778019,
87.8,29.998270247349712,0.0007535253474344472,follow,26.034091282042255,81.03149665306682,
87.9,29.998345599884455,0.0007206998144880573,follow,26.58214369325156,81.57966209307824,
88.0,29.998417669865905,0.0006893042556811225,follow,27.05019382129251,82.04782032609137,
88.1,29.99848660029147,0.0006592763622904842,follow,27.44424176562461,82.44197166606182,
88.2,29.9985525279277,0.0006305565680122527,follow,27.949287621377664,82.94711641326921,
88.3,29.998615583584503,0.0006030878779768045,follow,28.62733147953375,83.62525485491051,
88.4,29.9986758923723,0.0005768157997721346,follow,29.093373427114898,84.09138726567335,
88.5,29.99873357395228,0.0005516881983510303,follow,29.569413547349797,84.56751390827822,
88.6,29.998788742772113,0.0005276552236352927,follow,29.97445191984292,84.97263503400109,
88.7,29.998841508294475,0.0005046691855227437,follow,30.343488620729985,85.3417508831717,
88.8,29.998891975213027,0.00048268448116459703,follow,30.889523722830482,85.88786168565002,
88.9,29.998940243661142,0.00046165748616715523,follow,31.26355729579179,86.2619676612835,
89.0,29.99898640940976,0.00044154648325047676,follow,31.737589406228068,86.73606902034271,
89.1,29.999030564058085,0.00042231156693048897,follow,32.1576201178498,87.15616596393693,
89.2,29.99907279521478,0.000403914574621922,follow,32.68064949159363,87.6792586844158,
89.3,29.99911318667224,0.0003863190025242603,follow,33.19267758574034,88.1913473657487,
89.4,29.999151818572493,0.00036948993998180417,follow,33.78070445603272,88.77943218389146,
89.5,29.99918876756649,0.00035339399482552385,follow,34.21073015578505,89.20951330713478,
89.6,29.999224106965972,0.0003379992313711001,follow,34.66975473598926,89.66859089643822,
89.7,29.99925790688911,0.0003232751036108539,follow,35.057778245415626,90.05666510574929,
89.8,29.99929023439947,0.00030919239753473,follow,35.503800730709976,90.50273608230918,
89.9,29.999321153639226,0.0002957231705778441,follow,36.040822236486036,91.03980396694487,
90.0,29.999350725956283,0.00028284069851451936,follow,36.61984280541493,91.61886889434936,
90.1,29.999379010026136,0.0002705194202718531,follow,37.0178624783075,92.0169309933467,
90.2,29.999406061968163,0.00025873488925469705,follow,37.598881294197575,92.59799038714982,
90.3,29.99943193545709,0.00024746372291701847,follow,38.22589929041841,93.22504719360404,
90.4,29.99945668182938,0.00023668355817676459,follow,38.74891650267706,93.74810152542113,
90.5,29.9994803501852,0.00022637300528742803,follow,39.41993296512475,94.41915349040255,
90.6,29.999502987485727,0.00021651160719216023,follow,39.80894871042564,94.80820319165423,
90.7,29.999524638646445,0.0002070797970958438,follow,40.14496376981965,95.14425072778931,
90.8,29.999545346626153,0.00019805886141455176,follow,40.41997817318745,95.41929619312668,
90.9,29.999565152512293,0.00018943090104528437,follow,41.02999194910723,96.02933967787567,
91.0,29.999584095602398,0.0001811787972457069,follow,41.548005124911754,96.54738126831535,
91.1,29.999602213482124,0.00017328617649070566,follow,41.98701772674364,96.98642104696683,
91.2,29.999619542099772,0.00016573737899534536,follow,42.45602977960722,97.45545909275688,
91.3,29.99963611583767,0.00015851742667507553,follow,42.775041307416785,97.77449548117329,
91.4,29.999651967580338,0.00015161199439432947,follow,43.45705233304433,98.45653028441484,
91.5,29.999667128779777,0.00014500738066658414,follow,43.8950628783671,98.89456357153676,
91.6,29.999681629517845,0.00013869048117953753,follow,44.32607296430807,99.32559540858483,
91.7,29.999695498565963,0.00013264876228618052,follow,44.8150826108791,99.81462585872805,
91.8,29.999708763442193,0.00012687023640296503,follow,45.27409183722021,100.2736549823835,
91.9,29.999721450465834,0.0001213434382009382,follow,45.7021006616379,100.70168283733665,
92.0,29.999733584809654,0.00011605740172058177,follow,46.0211091016412,101.02070947885568,
92.1,29.999745190549827,0.00011100163875141789,follow,46.46411717397632,101.46373495980106,
92.2,29.9997562907137,0.0001061661180443707,follow,47.04512489465935,102.0447593307299,
92.3,29.999766907325505,0.00010154124517214314,follow,47.567132279008945,102.5667826399972,
92.4,29.999777061450022,9.711784384478506e-05,follow,48.10913934167726,103.1088049338523,
92.5,29.999786773234405,9.288713741284482e-05,follow,48.432146096677286,103.4318262565289,
92.6,29.999796061948146,8.884073155286388e-05,follow,48.7021525574119,103.70184665033412,
92.7,29.9998049460213,8.497059773162621e-05,follow,49.05415873670012,104.05386615573207,
92.8,29.999813443081074,8.126905694894049e-05,follow,49.42016464680219,104.4198848114238,
92.9,29.999821569986768,7.772876503224781e-05,follow,49.88517029944518,104.88490265442533,
93.0,29.999829342863272,7.434269734858391e-05,follow,50.06517570584383,105.06491972013873,
93.1,29.999836777133005,7.110413573059305e-05,follow,50.56318087672595,105.56293604242546,
93.2,29.99984388754658,6.800665414914421e-05,follow,50.887185822351206,105.88695165367108,
93.3,29.999850688211993,6.504410709453624e-05,follow,51.179190552531615,106.1789665848496,
93.4,29.999857192622702,6.221061616145107e-05,follow,51.40819507665292,106.40798086558698,
93.5,29.99986341368432,5.950055960113332e-05,follow,51.568199403691715,106.5679945242182,
93.6,29.99986936374028,5.690856008868651e-05,follow,51.97020354223365,106.97000758784407,
93.7,29.99987505459629,5.442947488347727e-05,follow,52.292207500490186,107.29202008238462,
93.8,29.99988049754378,5.205838505446537e-05,follow,52.47421128631435,107.47403203263002,
93.9,29.999885703382287,4.979058612946119e-05,follow,52.65121490721848,107.65104346229191,
94.0,29.9998906824409,4.762157838058557e-05,follow,52.918218370386086,107.91805439404743,
94.1,29.99989544459874,4.5547058292072506e-05,follow,53.378221682689535,108.37806484958764,
94.2,29.999899999304567,4.356290971827548e-05,follow,53.642224850700245,108.64207484965709,
94.3,29.99990435559554,4.1665195789164505e-05,follow,53.77922788070441,108.77908441409772,
94.4,29.999908522115117,3.985015128762371e-05,follow,54.03523077871357,109.03509356188624,
94.5,29.999912507130247,3.811417475958478e-05,follow,54.28323355047811,109.28310231117348,
94.6,29.999916318547722,3.645382202250857e-05,follow,54.28823620149725,109.28811067931883,
94.7,29.999919963929923,3.486579845741744e-05,follow,54.548238737031205,109.54811868292609,
94.8,29.99992345050977,3.334695341550287e-05,follow,54.78524116211057,109.78512633787523,
94.9,29.999926785205112,3.1894273166699354e-05,follow,55.10824348154706,110.10813365935473,
95.0,29.99992997463243,3.050487551377046e-05,follow,55.53824569994261,110.53814066189125,
95.1,29.99993302511998,2.9176003619113547e-05,follow,55.89324782169936,110.89314735937933,
95.2,29.99993594272034,2.790502082916646e-05,follow,56.10724985102683,111.10715376510734,
95.3,29.999938733222425,2.6689405390811775e-05,follow,56.235251791951676,111.23515989178532,
95.4,29.999941402162964,2.5526745318416033e-05,follow,56.71425364832455,111.714165751569,
95.5,29.999943954837494,2.441473376109116e-05,follow,56.94525542382942,111.94517135608567,
95.6,29.99994639631087,2.3351164284690642e-05,follow,57.16625712198832,112.16617671645463,
95.7,29.9999487314273,2.2333926742135192e-05,follow,57.379258746170976,112.37918184331193,
95.8,29.999950964819973,2.1361002626463237e-05,follow,57.60826029959973,112.60818674682969,
95.9,29.999953100920237,2.043046170001617e-05,follow,57.799261785357245,112.7991914367376,
96.0,29.999955143966407,1.9540457518019143e-05,follow,57.944263206391284,112.9441959223409,
96.1,29.999957098012157,1.868922427377129e-05,follow,58.08726456552152,113.08720021253976,
96.2,29.999958966934585,1.787507290487156e-05,follow,58.27426586544454,113.27420431584642,
96.3,29.999960754441876,1.7096388174309143e-05,follow,58.407267108739,113.40720824040181,
96.4,29.999962464080692,1.6351624915955656e-05,follow,58.51926829787281,113.51921199399385,
96.5,29.999964099243183,1.5639305527770378e-05,follow,58.70426943520474,113.70421558406952,
96.6,29.999965663173736,1.495801658677465e-05,follow,58.85027052299175,113.85021901775235,
96.7,29.999967158975394,1.430640641615355e-05,follow,59.15827156339186,114.15822230185495,
96.8,29.999968589616035,1.3683182046975162e-05,follow,59.06727255846918,114.06722544289323,125.35292618289643
96.9,29.99996995793424,1.3087106964349005e-05,follow,59.3252735101982,114.32522844709956,
97.0,29.999971266644938,1.2516998472733577e-05,follow,59.59327442046787,114.59323132043528,
97.1,29.999972518344784,1.1971725405146573e-05,follow,59.54227529108374,114.54223406860092,224.60471878047463
97.2,29.999973715517324,1.1450205815322081e-05,follow,59.65027612377344,114.65023669704942,
97.3,29.999974860537908,1.0951405008086114e-05,follow,59.7502769201886,114.75023921099546,
97.4,29.99997595567841,1.0474333265619862e-05,follow,59.74827768190995,114.74824161542756,5744.317992227958
97.5,29.999977003111734,1.001804400573292e-05,follow,59.800278410448826,114.80024391511643,
97.6,29.999978004916134,9.581631897503939e-06,follow,59.816279107250644,114.81624611462485,
97.7,29.999978963079325,9.164231008185199e-06,follow,60.095279773698024,115.09524821831701,
97.8,29.999979879502426,8.765013251377241e-06,follow,60.292280411113154,115.29225023036679,
97.9,29.99998075600375,8.383186400351406e-06,follow,60.51528102076096,115.51525215476659,
98.0,29.999981594322392,8.017992956865783e-06,follow,60.682281603850534,115.68225399533412,
98.1,29.999982396121688,7.668708286701076e-06,follow,60.6722821615393,115.67225575572184,1156.9262214413886
98.2,29.999983162992518,7.3346393463680225e-06,follow,60.71328269493393,115.7132574394227,
98.3,29.999983896456452,7.015123358655728e-06,follow,60.84328320509264,115.84325904977732,
98.4,29.999984597968787,6.709526294912395e-06,follow,60.81028369302714,115.81026058998032,350.956563739182
98.5,29.999985268921417,6.417241823442055e-06,follow,60.95128415970593,115.95126206308805,
98.6,29.9999859106456,6.1376900703180595e-06,follow,60.99928460605496,115.99926347202336,
98.7,29.999986524414606,5.870316257983177e-06,follow,61.03028503296014,116.03026481958204,
98.8,29.99998711144623,5.6145900146020735e-06,follow,61.1552854412681,116.15526610843744,
98.9,29.99998767290523,5.370003813709446e-06,follow,61.25128583178917,116.25126734114701,
99.0,29.999988209905613,5.136072454092755e-06,follow,61.26828620529778,116.2682685201562,
99.1,29.999988723512857,4.912331763762268e-06,follow,61.41928656253558,116.41926964780487,
99.2,29.999989214746034,4.698337758668459e-06,follow,61.360286904210824,116.36027072632987,197.22440312136598
99.3,29.99998968457981,4.4936659492123e-06,follow,61.45128723100213,116.45127175787184,
99.4,29.999990133946405,4.297910112427417e-06,follow,61.53528754355736,116.53527274447697,
99.5,29.999990563737416,4.1106819736569384e-06,follow,61.532287842496906,116.53227368810303,3885.6313175171467
99.6,29.999990974805613,3.9316099389452575e-06,follow,61.58228812841413,116.58227459062255,
99.7,29.999991367966608,3.7603387511353507e-06,follow,61.484288401875915,116.48427545382583,118.86255252994724
99.8,29.999991744000482,3.5965286201644636e-06,follow,61.57728866342468,116.5772762794254,
99.9,29.999992103653344,3.439854427256251e-06,follow,61.565288913579884,116.5652770690599,971.4412325482228
100.0,29.999992447638785,3.290005443545852e-06,follow,61.518289152837916,116.51827782429609,247.91521312667342
100.1,29.99999277663933,3.1466841676319752e-06,follow,61.60728938167319,116.60727854663219,
100.2,29.999993091307747,3.0096064762119574e-06,follow,61.5342896005397,116.53427923750132,159.63750975880575
100.3,29.999993392268394,2.8785001120468223e-06,follow,61.39328980987202,116.39327989827461,82.54881231111402
100.4,29.999993680118404,2.7531051927098815e-06,follow,61.23429001008522,116.23428053026282,73.1036116581338
100.5,29.999993955428923,2.633172707078302e-06,follow,61.26329020157643,116.26328113471982,
100.6,29.999994218746195,2.5184648677623045e-06,follow,61.11929038472606,116.11928171284535,80.63871382341412
100.7,29.999994470592682,2.408753960025933e-06,follow,61.24029055989737,116.24028226578639,
100.8,29.999994711468077,2.303822384419618e-06,follow,61.015290727437346,116.01528279463946,51.56246910417928
100.9,29.999994941850314,2.2034618467614564e-06,follow,61.12029088767903,116.1202833004545,
101.0,29.999995162196498,2.107473329715504e-06,follow,61.08929104094005,116.0892837842348,374.4874047764951
101.1,29.999995372943832,2.015666260035687e-06,follow,61.02529118752462,116.02528424694037,181.29081732771047
101.2,29.999995574510457,1.9278586364634978e-06,follow,60.91729132772326,115.91728468948895,107.33125896560492
101.3,29.99999576729632,1.8438760491790163e-06,follow,60.88729146181447,115.88728511275895,386.2964006365185
101.4,29.999995951683925,1.7635520151770837e-06,follow,60.81429159006475,115.81428551759063,158.65058600727158
101.5,29.999996128039125,1.6867270943521363e-06,follow,60.83629171272788,115.83628590478656,
101.6,29.999996296711835,1.6132488553921576e-06,follow,60.76629183004761,115.76628627511536,165.38128389952408
101.7,29.99999645803672,1.5429715517711885e-06,follow,60.69429194225651,115.69428662931159,160.68729969142638
101.8,29.999996612333874,1.475755664159806e-06,follow,60.572292049577705,115.57228696807852,94.7316458092346
101.9,29.99999675990944,1.4114679203203195e-06,follow,60.4722921522233,115.47228729208746,115.47266143396774
102.0,29.99999690105623,1.3499806783556778e-06,follow,60.39929225039765,115.399287601982,158.08188697104168
102.1,29.9999970360543,1.291172017658937e-06,follow,60.14529234429541,115.14528789837686,45.33284341041859
102.2,29.9999971651715,1.2349251960586119e-06,follow,59.918292434102426,114.91828818185968,50.62485977738106
102.3,29.99999728866402,1.181128629923478e-06,follow,59.86729251999728,114.86728845299331,225.23117476545303
102.4,29.99999740677688,1.129675601418967e-06,follow,59.762292602150374,114.7622887123157,109.29768775772034
102.5,29.99999751974444,1.0804639771322402e-06,follow,59.62129268072453,114.62128896034119,81.29183729423589
102.6,29.999997627790837,1.0333961569131135e-06,follow,59.49329275587555,114.49328919756181,89.44804795862557
102.7,29.999997731130453,9.883787100761766e-07,follow,59.388292827753205,114.38828942444889,108.9414634270644
102.8,29.999997829968322,9.45322386769476e-07,follow,59.202292896499415,114.2022896414519,61.39915208578331
102.9,29.999997924500562,9.041416319632845e-07,follow,58.99029296225094,113.99028984900178,53.76905728615562
103.0,29.999998014914723,8.647549293527846e-07,follow,58.857293025138475,113.85729004751056,85.60711277062394
103.1,29.999998101390215,8.270838947055381e-07,follow,58.61829308528632,113.61829023737164,47.53907133703666
103.2,29.999998184098605,7.910540006150769e-07,follow,58.4932931428139,113.4932904189618,90.79476423464071
103.3,29.999998263204006,7.565935845832429e-07,follow,58.18329319783523,113.18329059264124,36.51075935625219
103.4,29.999998338863364,7.236344458760869e-07,follow,58.10029325045986,113.10029075875491,136.26568327069143
103.5,29.99999841122681,6.921109928725856e-07,follow,57.965293300791835,112.96529091763205,83.67809175047466
103.6,29.99999848043791,6.619608655000777e-07,follow,57.80729334893138,112.80729106958825,71.39708833031466
103.7,29.999998546633996,6.331241081625195e-07,follow,57.70529339497419,112.70529121492518,110.49554098567455
103.8,29.999998609946406,6.055435989082981e-07,follow,57.65529343901074,112.65529135393035,225.31120909717265
103.9,29.999998670500766,5.791645094177511e-07,follow,57.54529348112901,112.54529148688016,102.31402501208902
104.0,29.999998728417218,5.539346091154584e-07,follow,57.190293521412585,112.19029161403841,31.602910366128192
104.1,29.99999878381068,5.298037734746686e-07,follow,56.8782935599415,111.87829173565751,35.858440816125096
104.2,29.999998836791054,5.067241517053845e-07,follow,56.61629359679149,111.61629185197808,42.60165702542237
104.3,29.99999888746347,4.846498995902949e-07,follow,56.40329363203617,111.40329196323137,52.3020423244902
104.4,29.99999893592846,4.635373102246377e-07,follow,56.226293665745786,111.22629206963848,62.83975081108979
104.5,29.99999898228219,4.4334441042792613e-07,follow,55.94129369798734,110.94129217141062,38.92678308347053
104.6,29.99999902661663,4.240311596959146e-07,follow,55.72729372882395,110.7272922687489,51.74174889406855
104.7,29.999999069019747,4.055592768281713e-07,follow,55.429293758317655,110.42929236184727,37.056821094300645
104.8,29.999999109575676,3.878920324495994e-07,follow,55.13829378652585,110.13829245088937,37.84822204531509
104.9,29.99999914836488,3.709944735419413e-07,follow,54.77729381350589,109.77729253605321,30.409229482997528
105.0,29.999999185464326,3.548329630120861e-07,follow,54.45129383931014,109.45129261750662,33.574024529063585
105.1,29.999999220947622,3.393755321212666e-07,follow,54.085293863990245,109.08529269541168,29.804731124278234
105.2,29.999999254885175,3.245914342642209e-07,follow,53.74529388759504,108.7452927699228,31.983916647533324
105.3,29.99999928734432,3.104513865537229e-07,follow,53.566293910171964,108.56629284118844,60.651584393790294
105.4,29.99999931838946,2.9692731402519716e-07,follow,53.218293931765466,108.21829290934966,31.097216696994344
105.5,29.99999934808219,2.839923922692833e-07,follow,53.15829395241809,108.15829297454138,180.26401748644062
105.6,29.99999937648143,2.716209479558529e-07,follow,52.91829397217123,107.91829303689337,44.9659671141704
105.7,29.999999403643525,2.597884218857871e-07,follow,52.648293991063674,107.64829309652896,39.86974699004103
105.8,29.999999429622367,2.484713689909768e-07,follow,52.288294009132876,107.28829315356643,29.802308375593473
105.9,29.999999454469503,2.376473105414334e-07,follow,52.0502940264152,107.05029320811946,44.97912510319495
106.0,29.999999478234233,2.2729476825134046e-07,follow,51.7032940429447,106.70329326029605,30.750233229024523
106.1,29.99999950096371,2.1739321596214724e-07,follow,51.40829405875393,106.4082933101995,36.07061400364234
106.2,29.999999522703032,2.0792300290395362e-07,follow,51.30529407387471,106.30529335792926,103.20907050418018
106.3,29.99999954349533,1.9886533948465517e-07,follow,50.982294088336666,105.98229340357966,32.811860180293195
106.4,29.999999563381866,1.9020222623566952e-07,follow,50.75429410216845,105.75429344724125,46.3834709206604
106.5,29.99999958240209,1.8191653907706499e-07,follow,50.37329411539817,105.3732934890013,27.657035443181506
106.6,29.999999600593743,1.73991784890859e-07,follow,50.04029412805106,105.04029352894167,31.54363547377391
106.7,29.99999961799292,1.664122464717366e-07,follow,49.847294140152684,104.84729356714206,54.325033326263956
106.8,29.999999634634143,1.5916289726192194e-07,follow,49.45729415172765,104.45729360367886,26.783923946053903
106.9,29.999999650550432,1.522293445077594e-07,follow,49.256294162798255,104.2562936386239,51.868811822964034
107.0,29.999999665773366,1.4559783494405566e-07,follow,48.96229417338655,103.9622936720466,35.36132839821235
107.1,29.99999968033315,1.3925520363500256e-07,follow,48.562294183513245,103.56229370401297,25.890575495092918
107.2,29.999999694258673,1.331888853428609e-07,follow,48.25229419319905,103.25229373458706,33.30719481224934
107.3,29.99999970757756,1.2738683778934502e-07,follow,47.964294202462774,102.96429376382912,35.75149452026679
107.4,29.999999720316247,1.2183752460259713e-07,follow,47.643294211323166,102.64329379179753,31.9761067710265
107.5,29.999999732499997,1.1652999489797367e-07,follow,47.1442942197978,102.1442938185478,20.469799457759365
107.6,29.999999744152998,1.114535990609511e-07,follow,46.70729422790294,101.70729384413244,23.273981647302254
107.7,29.999999755298358,1.0659843212579291e-07,follow,46.30329423565486,101.3032938686024,25.075074258543133
107.8,29.9999997659582,1.0195469712925842e-07,follow,45.90729424306893,100.90729389200624,25.481641377721065
107.9,29.999999776153672,9.751329343998805e-08,follow,45.56129425016021,100.56129391439072,29.06395965903218
108.0,29.999999785905,9.326537053766515e-08,follow,45.175294256942756,100.17529393580025,25.952150127467835
108.1,29.99999979523154,8.920246727939232e-08,follow,44.66629426342975,99.66629395627706,19.580805101337603
108.2,29.999999804151784,8.531660569133238e-08,follow,44.28629426963388,99.28629397586155,26.127973445520663
108.3,29.999999812683445,8.159995843470826e-08,follow,43.918294275567945,98.91829399459311,26.87997256240679
108.4,29.999999820843442,7.804526944710235e-08,follow,43.54129428124368,98.54129401250884,26.138275516008576
108.5,29.99999982864797,7.464541056378949e-08,follow,43.19929428667213,98.19929402964408,28.713245306934777
108.6,29.99999983611251,7.139364868180565e-08,follow,42.833294291863965,97.83329404603273,26.730409406232894
108.7,29.999999843251878,6.828356617916144e-08,follow,42.433294296829516,97.43329406170733,24.358324469957235
108.8,29.999999850080236,6.530894438583346e-08,follow,41.98829430157892,96.98829407669928,21.795122998700894
108.9,29.99999985661113,6.246395116704663e-08,follow,41.41629430612156,96.41629409103825,16.855995893007076
109.0,29.999999862857525,5.974281691578653e-08,follow,40.99929431046632,95.99929410475261,23.02141421150271
109.1,29.999999868831807,5.714029498449237e-08,follow,40.56029431462178,95.56029411786949,21.76772140617361
109.2,29.999999874545836,5.4651104619551924e-08,follow,40.121294318596455,95.12129413041521,21.66772137784079
109.3,29.999999880010947,5.227035444477224e-08,follow,39.559294322397854,94.55929414241427,16.825497537596046
109.4,29.999999885237983,4.999332077204599e-08,follow,39.00729432603317,94.00729415389014,17.030307266000463
109.5,29.999999890237316,4.781548739174469e-08,follow,38.612294329510426,93.6122941648664,23.699315637004283
109.6,29.999999895018863,4.573252851969301e-08,follow,38.129294332836224,93.12929417536452,19.28142778458608
109.7,29.999999899592115,4.3740291744143184e-08,follow,37.69529433601697,92.69529418540515,21.358363209666642
109.8,29.999999903966145,4.183484350051004e-08,follow,37.20729433905945,92.20729419500867,18.89493770687754
109.9,29.99999990814963,4.001242643880687e-08,follow,36.71429434196928,91.71429420419372,18.603305459008972
110.0,29.999999912150873,3.8269351421149625e-08,follow,36.28429434475238,91.2842942129787,21.22890606463245
110.1,29.999999915977806,3.660228742319305e-08,follow,35.74029434741448,90.74029422138119,16.680201401266228
110.2,29.999999919638036,3.500773573250627e-08,follow,35.23729434996028,90.23729422941733,17.93982021294165
110.3,29.99999992313881,3.348276891301794e-08,follow,34.688294352395275,89.68829423710349,16.33666584567561
110.4,29.999999926487085,3.2024121310314515e-08,follow,34.13629435472417,89.1362942444548,16.147879607161688
110.5,29.999999929689498,3.062910138851294e-08,follow,33.58829435695163,88.58829425148588,16.165747333596293
110.6,29.99999993275241,2.9294778869370934e-08,follow,33.07429435908195,88.07429425821056,17.13507692811346
110.7,29.99999993568189,2.801865832680051e-08,follow,32.504294361119506,87.50429426464234,15.351630745970219
110.8,29.999999938483754,2.6798073804457094e-08,follow,32.057294363068415,87.05729427079405,19.475905026594774
110.9,29.999999941163562,2.563068335348362e-08,follow,31.44629436493235,86.44629427667769,14.148329805092477
111.0,29.999999943726632,2.4514136498510197e-08,follow,30.882294366715392,85.88229428230534,15.227357294184399
111.1,29.999999946178047,2.3446241925739743e-08,follow,30.29529436842067,85.29529428768774,14.530714662650626
111.2,29.99999994852267,2.2424870849135914e-08,follow,29.841294370051294,84.8412942928353,18.68750996802168
111.3,29.999999950765158,2.1447976905619728e-08,follow,29.290294371611182,84.29029429775892,15.297694201622223
111.4,29.999999952909956,2.0513650156317457e-08,follow,28.795294373103005,83.79529430246794,16.928342444368553
111.5,29.99999995496132,1.962002045274858e-08,follow,28.11229437452978,83.11229430697176,12.168710813328614
111.6,29.99999995692332,1.8765339859783124e-08,follow,27.55129437589445,82.55129431127943,14.715025836925825
111.7,29.999999958799854,1.7947854757949244e-08,follow,27.030294377199482,82.03029431539926,15.744778304047294
111.8,29.99999996059464,1.716601047974109e-08,follow,26.446294378447853,81.44629431933981,13.94628336796201
111.9,29.99999996231124,1.641820688291773e-08,follow,25.92829437964187,80.92829432310873,15.62322295597078
112.0,29.99999996395306,1.5703000144640102e-08,follow,25.291294380783754,80.29129432671334,12.604598866730074
112.1,29.999999965523358,1.5018918020359708e-08,follow,24.78729438187584,79.78729433016088,15.830812475387727
112.2,29.99999996702525,1.4364664480126523e-08,follow,24.34229438292021,79.34229433345809,17.829729195817745
112.3,29.999999968461715,1.373890654576826e-08,follow,23.701294383919105,78.70129433661168,12.277893092642023
112.4,29.999999969835606,1.3140385135557155e-08,follow,23.04929438487457,78.04929433962798,11.970750720969082
112.5,29.999999971149645,1.2567974749799761e-08,follow,22.528294385788243,77.52829434251271,14.88067078154037
112.6,29.999999972406442,1.2020467465845289e-08,follow,22.010294386662423,77.01029434527209,14.866852269401821
112.7,29.99999997360849,1.1496837259983295e-08,follow,21.338294387498678,76.33829434791141,11.359865274957654
112.8,29.999999974758172,1.0995998422913546e-08,follow,20.668294388298385,75.66829435043564,11.293775318733013
112.9,29.999999975857772,1.0516978932173517e-08,follow,20.003294389063278,75.00329435284993,11.278690921074087
113.0,29.99999997690947,1.0058829502668234e-08,follow,19.25829438979504,74.25829435515925,9.967556320176564
113.1,29.999999977915355,9.62064916620875e-09,follow,18.53829439049467,73.5382943573677,10.213652025407304
113.2,29.99999997887742,9.201551165460843e-09,follow,17.808294391163855,72.80829435947999,9.973738982212478
113.3,29.999999979797575,8.800688533483483e-09,follow,17.089294391804017,72.08929436150038,10.026327477615645
113.4,29.999999980677643,8.41734504319902e-09,follow,16.41729439241611,71.41729436343257,10.627573596544995
113.5,29.999999981519377,8.050628252931348e-09,follow,15.7582943930015,70.75829436528056,10.737222240320353
113.6,29.99999998232444,7.699946991124308e-09,follow,15.18629439356139,70.18629436704805,12.270331220967316
113.7,29.999999983094433,7.364502607742907e-09,follow,14.43229439409724,69.4322943687389,9.208527125253882
113.8,29.999999983830882,7.043701089060051e-09,follow,13.810294394609812,68.81029437035613,11.062748319812062
113.9,29.999999984535254,6.73682336582715e-09,follow,13.100294395099809,68.10029437190269,9.591590777497773
114.0,29.999999985208937,6.443383426812944e-09,follow,12.397294395568608,67.39729437338201,9.587097370581132
114.1,29.999999985853275,6.1626764136235586e-09,follow,11.738294396016713,66.73829437479662,10.127207058886713
114.2,29.999999986469543,5.89422199936962e-09,follow,10.951294396445377,65.95129437614969,8.380088245176125
114.3,29.999999987058967,5.637437539007806e-09,follow,10.262294396855602,65.26229437744405,9.472031132078651
114.4,29.99999998762271,5.3918739695291155e-09,follow,9.553294397247974,64.55329437868204,9.104837022760965
114.5,29.9999999881619,5.156974225428713e-09,follow,8.862294397623096,63.86229437986594,9.242010779923849
114.6,29.999999988677597,4.932340402774572e-09,follow,8.152294397981834,63.15229438099823,8.89468936362077
114.7,29.99999998917083,4.7174637529678876e-09,follow,7.5842943983245235,62.58429438208077,11.01836170799304
114.8,29.99999998964258,4.511960582931351e-09,follow,6.801294398652914,61.80129438311678,7.892885627696902
114.9,29.999999990093773,4.315424462220108e-09,follow,6.0202943989666124,61.020294384107274,7.813097882395084
115.0,29.999999990525314,4.1274205386798716e-09,follow,5.228294399267078,60.22829438505505,7.6045826334729885
115.1,29.999999990938058,-0.19042829115298687,follow,4.436294399554356,59.436294385961446,7.5045826330767085
115.2,29.980957161822758,-0.5061547344518136,follow,3.663762927044992,58.63519866977913,7.319374886837826
115.3,29.930341688377577,0.4606504368593818,follow,3.0616519683750525,57.95716450094142,8.547823570645093
115.4,29.976406732063516,-1.1196255942629154,follow,2.319913729639751,57.28452382773503,8.516363358562675
115.5,29.864444172637224,-0.6753882458129983,follow,1.6884131515155332,56.48507941047137,7.065541792611951
115.6,29.796905348055926,-1.8621466084936587,follow,0.9750308535817069,55.670388875665594,6.83331725327459
115.7,29.61069068720656,0.03190884449473019,follow,0.5392837761353846,54.955319806945226,7.6853163157045605
115.8,29.613881571656034,-3.4722056220334125,follow,-0.2538907077044499,54.1669316497796,6.870591745634463
115.9,29.266661009452694,1.4589309428371626,follow,-0.4127259653447126,53.48726554883433,7.8696385584693775
116.0,29.41255410373641,-5.6592162925587814,follow,-1.3598210171438367,52.75901013846078,7.2445751019401365
116.1,28.846632474480533,2.3866489776405357,follow,-1.3006018207080814,51.96934689101272,6.581203704105709
116.2,29.085297372244586,-6.753948088089601,follow,-2.2751289045786436,51.35281715378824,8.329333372461862
116.3,28.409902563435626,3.0,follow,-1.8000269477088224,50.81482689744462,9.44530617390849
116.4,28.709902563435627,-8.0,follow,-2.981017204052648,50.08383664110079,6.851505366380912
116.5,27.909902563435626,3.0,follow,-2.422007460396337,49.442846384757104,7.713509822566846
116.6,28.209902563435627,-8.0,follow,-3.5039977167400025,48.810856128413434,7.723355801529774
116.7,27.409902563435626,3.0,follow,-2.857987973083702,48.25686587206974,8.71077881235203
116.8,27.709902563435627,-8.0,follow,-3.875978229427062,47.688875615726374,8.396072834545354
116.9,26.909902563435626,3.0,follow,-3.0819684857706235,47.28288535938282,11.646310378289096
117.0,27.209902563435627,-8.0,follow,-4.113958742114107,46.70089510303933,8.024343121557466
117.1,26.409902563435626,3.0,follow,-3.460948998457745,46.153904846695696,8.437792869514409
117.2,26.709902563435627,-8.0,follow,-4.53093925480124,45.5339145903522,7.34429519245863
117.3,25.909902563435626,3.0,follow,-3.8339295111445537,45.03092433400889,8.952643468952397
117.4,26.209902563435627,-8.0,follow,-4.776919767488096,44.53793407766534,9.034242260282538
117.5,25.409902563435626,3.0,follow,-3.8789100238318426,44.2359438213216,14.648136120986662
117.6,25.709902563435627,-8.0,follow,-4.81290028017537,43.751953564978066,9.039841813245214
117.7,24.909902563435626,3.0,follow,-3.9748905365190623,43.38996330863438,11.986500340344309
117.8,25.209902563435627,-8.0,follow,-4.836880792862473,42.97797305229096,10.431793565635012
117.9,24.409902563435626,3.0,follow,-3.897871049206053,42.71698279594739,16.367271098318543
118.0,24.709902563435627,-7.432175480317384,follow,-4.559861305549646,42.50499253960379,20.05044631424849
118.1,23.96668501540389,3.0,follow,-3.779703485042404,42.17032403806343,12.600625348356596
118.2,24.26668501540389,-8.0,follow,-4.597371986582672,41.80265553652316,11.369659179773675
118.3,23.46668501540389,3.0,follow,-3.594040488123113,41.60598703498272,21.155389251002287
118.4,23.76668501540389,-8.0,follow,-4.297708989663349,41.352318533442485,16.30171593332741
118.5,22.96668501540389,3.0,follow,-3.204377491203644,41.24565003190219,38.66713175518349
118.6,23.26668501540389,-7.531875889931302,follow,-3.8750459927439778,41.024981530361856,18.59122676955914
118.7,22.51349742641076,3.0,follow,-2.9536143518953537,40.81663178772078,19.590440223406276
118.8,22.81349742641076,-7.273323438025474,follow,-3.5879640945360904,40.632282045080046,22.040867246660607
118.9,22.08616508260821,3.0,follow,-2.582582087093229,40.54666553681909,47.358466679461195
119.0,22.386165082608212,-6.804196390938525,follow,-3.1711985953540633,40.40804902855825,29.150964438179585
119.1,21.70574544351436,3.0,follow,-2.245143681064704,40.313474484206836,42.62613662129137
119.2,22.00574544351436,-6.356910859973891,follow,-2.7907182254163274,40.217899939855215,42.08013777389351
119.3,21.37005435751697,3.0,follow,-1.8681870321717042,40.18689450410375,129.6124164354117
119.4,21.67005435751697,-5.850312565185378,follow,-2.3711924679235636,40.13388906835189,75.71655340474574
119.5,21.085023100998434,3.0,follow,-1.538147893245906,40.08938675825175,90.08383310508832
119.6,21.385023100998435,-6.396845672167771,follow,-2.116650203345422,39.96088444815223,31.097405499639297
119.7,20.74533853378166,3.0,follow,-1.2076572058983146,39.91035059477417,78.9774535816777
119.8,21.04533853378166,-5.306604633747893,follow,-1.679191059276377,39.88881674139611,185.23770939130023
119.9,20.51467807040687,3.0,follow,-0.978668171254867,39.793348934355436,41.68247932771311
120.0,20.81467807040687,-8.0,emergency,-3.0041359782955652,38.21788112731474,2.425811619667564
120.1,20.01467807040687,-8.0,emergency,-3.360603785336025,36.66141332027428,2.3554238098877636
120.2,19.21467807040687,-8.0,emergency,-3.68207159237663,35.13994551323367,2.309608218499359
120.3,18.414678070406868,-8.0,emergency,-3.960539399417577,33.66147770619273,2.2767812424384006
120.4,17.614678070406868,-8.0,emergency,-4.220007206458284,32.20200989915202,2.2064213916747457
120.5,16.814678070406867,-8.0,emergency,-4.451475013498744,30.770542092111555,2.14957974889595
120.6,16.014678070406866,-8.0,emergency,-4.660942820539276,29.361074285071027,2.083131955082921
120.7,15.214678070406865,-8.0,emergency,-4.8294106275800885,27.99260647803021,2.0455436608745847
120.8,14.414678070406865,-8.0,emergency,-4.968878434620905,26.653138670989392,1.989830478260968
120.9,13.614678070406864,-8.0,emergency,-5.077346241661772,25.344670863948522,1.9369732084788263
121.0,12.814678070406863,-8.0,emergency,-5.158814048702599,24.063203056907696,1.8777844378687303
121.1,12.014678070406863,-8.0,emergency,-5.160281855743499,22.861735249866797,1.902817130504489
121.2,11.214678070406862,-8.0,emergency,-5.081749662784013,21.74026744282628,1.9385547499748743
121.3,10.414678070406861,-8.0,emergency,-4.9232174698246,20.69879963578569,1.9874641823640227
121.4,9.61467807040686,-8.0,emergency,-4.684685276865263,19.737331828745027,2.0528333537754957
121.5,8.81467807040686,-8.0,emergency,-4.316153083905817,18.905864021704474,2.273793869301227
121.6,8.014678070406859,-8.0,emergency,-3.815620890946761,18.206396214663528,2.602892660877603
121.7,7.214678070406859,-2.634314506309601,follow,-3.1360886979876206,17.68592840762267,3.398083064576581
121.8,6.951246619775899,-2.7949190307442553,follow,-3.140066184018746,17.286803745645102,4.331179050673577
121.9,6.671754716701474,-1.5267903246547396,follow,-2.986003801077427,17.021628273974784,6.41900556139975
122.0,6.519075684236,-2.0556284746007503,follow,-2.892892820802807,16.885720705551194,12.424415285631017
122.1,6.313512836775925,-0.626734020021682,follow,-2.633899833290574,16.836369421873314,34.11536269626502
122.2,6.2508394347737575,-1.2842066632430367,follow,-2.461973673764767,16.91428547839587,
122.3,6.122418768449454,0.4542649577493356,follow,-2.0985845511234302,17.08504360155075,
122.4,6.167845264224388,-0.35264195297986234,follow,-1.8515088212086752,17.400259075127906,
122.5,6.1325810689264015,1.0764534195745177,follow,-1.4578706351542898,17.741000968235312,
122.6,6.240226410883853,0.49017572415640953,follow,-1.1613612891788208,18.19897832714696,
122.7,6.289243983299494,2.593741813315267,follow,-0.6498120461324675,18.784053928816775,
122.8,6.548618164631021,0.8186352851125813,follow,-0.38473513459248565,19.438192112354045,
122.9,6.630481693142279,3.0,follow,0.12642140332649987,20.07214394303992,
123.0,6.930481693142279,0.746976262521885,follow,0.31137323401212313,20.70709577372554,
123.1,7.005179319394467,3.0,follow,0.977808862694225,21.485577841785926,
123.2,7.305179319394467,1.664923956145536,follow,1.1842909307547664,22.142059909846466,
123.3,7.471671715009021,3.0,follow,1.588385165832097,22.79589273834563,
123.4,7.77167171500902,3.0,follow,1.9312179943313836,23.588725566844914,
123.5,8.071671715009021,3.0,follow,2.2500508228303246,24.357558395343858,
123.6,8.371671715009022,3.0,follow,2.561883651329662,25.119391223843195,
123.7,8.671671715009023,3.0,follow,2.9807164798285157,25.988224052342048,
123.8,8.971671715009023,3.0,follow,3.396549308327664,26.8540568808412,
123.9,9.271671715009024,3.0,follow,3.7893821368266742,27.696889709340212,
124.0,9.571671715009025,3.0,follow,4.161214965325957,28.518722537839494,
124.1,9.871671715009025,3.0,follow,4.674047793824862,29.481555366338398,
124.2,10.171671715009026,3.0,follow,5.1948806223235735,30.452388194837113,
124.3,10.471671715009027,3.0,follow,5.691713450822853,31.399221023336395,
124.4,10.771671715009028,3.0,follow,6.328546279322008,32.48605385183555,
124.5,11.071671715009028,3.0,follow,6.804379107821106,33.411886680334646,
124.6,11.371671715009029,3.0,follow,7.269211936320232,34.326719508833776,
124.7,11.67167171500903,3.0,follow,7.806044764819475,35.31355233733302,
124.8,11.97167171500903,3.0,follow,8.405877593318369,36.363385165831914,
124.9,12.271671715009031,3.0,follow,9.045710421817681,37.453217994331226,
125.0,12.571671715009032,3.0,follow,9.671543250316866,38.52905082283041,
125.1,12.871671715009033,3.0,follow,10.359376078815949,39.6668836513295,
125.2,13.171671715009033,3.0,follow,10.950208907315282,40.70771647982883,
125.3,13.471671715009034,3.0,follow,11.761041735814416,41.968549308327965,
125.4,13.771671715009035,3.0,follow,12.477874564313495,43.13538213682705,
125.5,14.071671715009035,3.0,follow,13.307707392812404,44.41521496532596,
125.6,14.371671715009036,3.0,follow,14.097540221311807,45.65504779382536,
125.7,14.671671715009037,3.0,follow,14.917373049810955,46.92488062232451,
125.8,14.971671715009037,3.0,follow,15.7672058783103,48.224713450823856,
125.9,15.271671715009038,3.0,follow,16.628038706809612,49.53554627932317,
126.0,15.571671715009039,3.0,follow,17.525871535308738,50.88337910782229,
126.1,15.87167171500904,3.0,follow,18.50470436380799,52.312211936321546,
126.2,16.17167171500904,3.0,follow,19.40453719230706,53.66204476482062,
126.3,16.47167171500904,3.0,follow,20.37137002080614,55.0788775933197,
126.4,16.77167171500904,3.0,follow,21.236202849305357,56.39371042181892,
126.5,17.071671715009042,3.0,follow,22.209035677804756,57.81654325031832,
126.6,17.371671715009043,3.0,follow,22.96086850630369,59.018376078817255,
126.7,17.671671715009044,3.0,follow,23.90570133480238,60.41320890731595,
126.8,17.971671715009045,3.0,follow,24.65453416330162,61.61204173581518,
126.9,18.271671715009045,3.0,follow,25.24836699180065,62.65587456431422,
127.0,18.571671715009046,3.0,follow,25.953199820300014,63.81070739281358,
127.1,18.871671715009047,3.0,follow,26.555032648798857,64.86254022131243,
127.2,19.171671715009047,3.0,follow,27.263865477298125,66.0213730498117,
127.3,19.471671715009048,3.0,follow,27.807698305796983,67.01520587831055,
127.4,19.77167171500905,3.0,follow,28.34053113429632,67.9980387068099,
127.5,20.07167171500905,3.0,follow,28.71336396279535,68.82087153530892,
127.6,20.37167171500905,3.0,follow,29.18519679129409,69.74270436380766,
127.7,20.67167171500905,3.0,follow,29.450029619793398,70.45753719230697,
127.8,20.97167171500905,3.0,follow,29.759862448292324,71.2173700208059,
127.9,21.271671715009052,3.0,follow,30.250695276791745,72.15820284930533,
128.0,21.571671715009053,3.0,follow,30.71452810529067,73.07203567780425,
128.1,21.871671715009054,3.0,follow,31.11536093378995,73.92286850630353,
128.2,22.171671715009055,3.0,follow,31.361193762289027,74.61870133480261,
128.3,22.471671715009055,3.0,follow,31.660026590787986,75.36753416330157,
128.4,22.771671715009056,3.0,follow,31.932859419287112,76.09036699180069,
128.5,23.071671715009057,3.0,follow,32.07169224778622,76.6791998202998,
128.6,23.371671715009057,2.9026626279927488,follow,32.41952507628561,77.4770326487992,
128.7,23.661937977808332,2.748319515359137,follow,32.696931884306025,78.18983885101852,
128.8,23.936769929344244,2.651928444237308,follow,32.87100696406756,78.77616185808392,
128.9,24.201962773767974,2.516887025595781,follow,33.0550214200551,79.35796558070706,
129.0,24.45365147632755,2.4235691984613483,follow,33.251123218582656,79.93160043307398,
129.1,24.696008396173685,2.3043379242919775,follow,33.23398699919604,80.27799959345657,
129.2,24.926442188602884,2.2153759096840986,follow,33.373692091692035,80.76335537459636,
129.3,25.147979779571294,2.109315448595686,follow,33.465587727282085,81.18755739663902,
129.4,25.358911324430863,2.0254185815787538,follow,33.5232992775497,81.56166626419599,
129.5,25.56145318258874,1.930502588666005,follow,33.63834117205375,81.98052094593686,
129.6,25.754503441455338,1.8519951759029398,follow,33.935315439608324,82.56707060179133,
129.7,25.939702959045633,1.7666414920411344,follow,34.12154586731842,83.03110030588687,
129.8,26.116367108249747,1.6935931197672858,follow,34.193912932687546,83.36846359506217,
129.9,26.285726420226474,1.6165443680050036,follow,34.36330132269974,83.79189095303946,
130.0,26.447380857026975,1.5488598199744192,cruise,,,
130.1,26.602266839024416,1.4790986728009332,cruise,,,
130.2,26.750176706304508,1.4165796967156612,cruise,,,
130.3,26.891834675976074,1.3532685018466086,cruise,,,
130.4,27.027161526160736,1.2956559775941203,cruise,,,
130.5,27.15672712392015,1.238093518788577,cruise,,,
130.6,27.280536475799007,1.1850960043299295,cruise,,,
130.7,27.399046076232,1.1326863355504515,cruise,,,
130.8,27.512314709787045,1.0839991637300075,cruise,,,
130.9,27.620714626160044,1.0362289680879713,cruise,,,
131.0,27.724337522968842,0.9915468071545464,cruise,,,
131.1,27.823492203684296,0.9479687913289299,cruise,,,
131.2,27.91828908281719,0.9069937006831026,cruise,,,
131.3,28.0089884528855,0.8672142771451121,cruise,,,
131.4,28.095709880600012,0.8296606738038976,cruise,,,
131.5,28.178675947980402,0.7933307025725584,cruise,,,
131.6,28.258009018237658,0.7589282233518249,cruise,,,
131.7,28.33390184057284,0.7257359488602817,cruise,,,
131.8,28.406475435458866,0.6942308925446925,cruise,,,
131.9,28.475898524713337,0.6638964661935631,cruise,,,
132.0,28.542288171332693,0.6350522899789952,cruise,,,
132.1,28.605793400330594,0.6073234477523186,cruise,,,
132.2,28.666525745105826,0.5809206457134821,cruise,,,
132.3,28.724617809677174,0.5555692356874802,cruise,,,
132.4,28.78017473324592,0.53140482485328,cruise,,,
132.5,28.83331521573125,0.5082239675323678,cruise,,,
132.6,28.884137612484487,0.48611073598651733,cruise,,,
132.7,28.932748686083137,0.4649124623442902,cruise,,,
132.8,28.979239932317565,0.4446780842705238,cruise,,,
132.9,29.023707740744616,0.42529133998790203,cruise,,,
133.0,29.066236874743407,0.40677742821494867,cruise,,,
133.1,29.1069146175649,0.3890463633761301,cruise,,,
133.2,29.145819253902513,0.37210750617709043,cruise,,,
133.3,29.183030004520223,0.3558899914421403,cruise,,,
133.4,29.218619003664436,0.3403928039147446,cruise,,,
133.5,29.25265828405591,0.32555912962346845,cruise,,,
133.6,29.28521419701826,0.3113813386866099,cruise,,,
133.7,29.31635233088692,0.2978130643411646,cruise,,,
133.8,29.34613363732104,0.28484263867023285,cruise,,,
133.9,29.374617901188063,0.27243156811335045,cruise,,,
134.0,29.401861057999398,0.26056589910980965,cruise,,,
134.1,29.427917647910377,0.24921316238386454,cruise,,,
134.2,29.452838964148764,0.23835829877388903,cruise,,,
134.3,29.476674794026152,0.22797352575997254,cruise,,,
134.4,29.499472146602148,0.218043462110316,cruise,,,
134.5,29.52127649281318,0.2085440360612097,cruise,,,
134.6,29.5421308964193,0.19946005401557731,cruise,,,
134.7,29.56207690182086,0.1907704353308532,cruise,,,
134.8,29.581153945353943,0.1824604954521732,cruise,,,
134.9,29.599399994899162,0.1745116077189181,cruise,,,
135.0,29.616851155671053,0.16690978928802735,cruise,,,
135.1,29.633542134599857,0.15963846088968697,cruise,,,
135.2,29.649505980688826,0.15268444673718878,cruise,,,
135.3,29.664774425362545,0.1460329023202121,cruise,,,
135.4,29.679377715594566,0.13967150566818137,cruise,,,
135.5,29.693344866161382,0.1335869025363593,cruise,,,
135.6,29.706703556415018,0.12776763283889922,cruise,,,
135.7,29.719480319698906,0.12220163796976921,cruise,,,
135.8,29.73170048349588,0.11687830282749304,cruise,,,
135.9,29.74338831377863,0.11178670671509963,cruise,,,
136.0,29.75456698445014,0.1069170470678188,cruise,,,
136.1,29.765258689156923,0.10225941102019648,cruise,,,
136.2,29.775484630258944,0.09780476697667384,cruise,,,
136.3,29.78526510695661,0.09354410085337295,cruise,,,
136.4,29.794619517041948,0.08946910568375019,cruise,,,
136.5,29.803566427610324,0.08557157336473153,cruise,,,
136.6,29.812123584946796,0.08184387335078327,cruise,,,
136.7,29.820307972281874,0.07827852349387854,cruise,,,
136.8,29.82813582463126,0.0748685214999,cruise,,,
136.9,29.835622676781252,0.07160704137506571,cruise,,,
137.0,29.84278338091876,0.06848766216492663,cruise,,,
137.1,29.849632147135253,0.06550415255985627,cruise,,,
137.2,29.85618256239124,0.06265062803911406,cruise,,,
137.3,29.862447625195152,0.05992139741258029,cruise,,,
137.4,29.86843976493641,0.0573110701207952,cruise,,,
137.5,29.87417087194849,0.05481444634458228,cruise,,,
137.6,29.87965231658295,0.05242658965797205,cruise,,,
137.7,29.884894975548747,0.05014274783461588,cruise,,,
137.8,29.88990925033221,0.04795840146653063,cruise,,,
137.9,29.894705090478862,0.04586920644369173,cruise,,,
138.0,29.89929201112323,0.043871025946475586,cruise,,,
138.1,29.903679113717878,0.04195988826850794,cruise,,,
138.2,29.90787510254473,0.04013200734941051,cruise,,,
138.3,29.91188830327967,0.03838375149672686,cruise,,,
138.4,29.915726678429344,0.03671165605913984,cruise,,,
138.5,29.91939784403526,0.03511239992446917,cruise,,,
138.6,29.922909084027708,0.03358281283824454,cruise,,,
138.7,29.92626736531153,0.032119857480188335,cruise,,,
138.8,29.929479351059552,0.03072063316819538,cruise,,,
138.9,29.93255141437637,0.029382361964360372,cruise,,,
139.0,29.935489650572805,0.028102389970274547,cruise,,,
139.1,29.938299889569834,0.02687817636790442,cruise,,,
139.2,29.940987707206624,0.025707293140379762,cruise,,,
139.3,29.94355843652066,0.024587416271174334,cruise,,,
139.4,29.946017178147777,0.023516324464850413,cruise,,,
139.5,29.94836881059426,0.022491891952722658,cruise,,,
139.6,29.950617999789532,0.021512086606199438,cruise,,,
139.7,29.952769208450153,0.020574963954911145,cruise,,,
139.8,29.954826704845644,0.019678664959559458,cruise,,,
139.9,29.9567945713416,0.018821410959068884,cruise,,,
140.0,29.95867671243751,0.018001501282725485,cruise,,,
140.1,29.96047686256578,0.01721730892120093,cruise,,,
140.2,29.962198593457902,0.01646727809670381,cruise,,,
140.3,29.963845321267573,0.01574992050857134,cruise,,,
140.4,29.96542031331843,0.015063812938413437,cruise,,,
140.5,29.96692669461227,0.014407593959464296,cruise,,,
140.6,29.968367454008217,0.01377996162584623,cruise,,,
140.7,29.9697454501708,0.013179670562678325,cruise,,,
140.8,29.971063417227068,0.012605529768214298,cruise,,,
140.9,29.972323970203888,0.012056400022328263,cruise,,,
141.0,29.97352961020612,0.011531191817238096,cruise,,,
141.1,29.974682729387844,0.01102886303594346,cruise,,,
141.2,29.97578561569144,0.010548417018085843,cruise,,,
141.3,29.976840457393248,0.010088900470933027,cruise,,,
141.4,29.97784934744034,0.00964940167098689,cruise,,,
141.5,29.978814287607438,0.009229048577267918,cruise,,,
141.6,29.979737192465166,0.008827007166047451,cruise,,,
141.7,29.98061989318177,0.00844247972173946,cruise,,,
141.8,29.981464141153946,0.008074703299442376,cruise,,,
141.9,29.982271611483892,0.007722948173321243,cruise,,,
142.0,29.983043906301223,0.0073865164203738235,cruise,,,
142.1,29.98378255794326,0.007064740509085255,cruise,,,
142.2,29.98448903199417,0.0067569819974011135,cruise,,,
142.3,29.985164730193908,0.0064626302469605445,cruise,,,
142.4,29.985810993218603,0.006181101227556952,cruise,,,
142.5,29.986429103341358,0.005911836344876065,cruise,,,
142.6,29.987020286975845,0.005654301343426482,cruise,,,
142.7,29.98758571711019,0.005407985237096114,cruise,,,
142.8,29.988126515633898,0.005172399303214094,cruise,,,
142.9,29.98864375556422,0.004947076106054738,cruise,,,
143.0,29.989138463174825,0.004731568575289202,cruise,,,
143.1,29.989611620032353,0.0045254491138990716,cruise,,,
143.2,29.990064164943742,0.004328308753886746,cruise,,,
143.3,29.990496995819132,0.004139756341575662,cruise,,,
143.4,29.99091097145329,0.003959417764116325,cruise,,,
143.5,29.9913069132297,0.0037869352049540346,cruise,,,
143.6,29.991685606750195,0.0036219664358782214,cruise,,,
143.7,29.992047803393785,0.003464184136257132,cruise,,,
143.8,29.99239422180741,0.0033132752450796945,cruise,,,
143.9,29.992725549331915,0.00316894033841777,cruise,,,
144.0,29.993042443365756,0.0030308930366715007,cruise,,,
144.1,29.993345532669423,0.0028988594351233134,cruise,,,
144.2,29.993635418612936,0.0027725775615493834,cruise,,,
144.3,29.993912676369092,0.002651796855474231,cruise,,,
144.4,29.99417785605464,0.0025362776718964143,cruise,,,
144.5,29.99443148382183,0.002425790805014572,cruise,,,
144.6,29.994674062902334,0.002320117034111036,cruise,,,
144.7,29.994906074605744,0.0022190466881227165,cruise,,,
144.8,29.995127979274557,0.002122379229854232,cruise,,,
144.9,29.99534021719754,0.0020299228580967113,cruise,,,
145.0,29.99554320948335,0.0019414941268337317,cruise,,,
145.1,29.995737358896033,0.0018569175817191308,cruise,,,
145.2,29.995923050654206,0.0017760254112545227,cruise,,,
145.3,29.99610065319533,0.0016986571147327824,cruise,,,
145.4,29.996270518906805,0.0016246591827666634,cruise,,,
145.5,29.99643298482508,0.0015538847937278891,cruise,,,
145.6,29.996588373304455,0.0014861935214412372,cruise,,,
145.7,29.9967369926566,0.0014214510575527584,cruise,,,
145.8,29.996879137762356,0.001359528944072963,cruise,,,
145.9,29.997015090656763,0.001300304319332213,cruise,,,
146.0,29.997145121088696,0.0012436596735796003,cruise,,,
146.1,29.997269487056055,0.001189482616283044,cruise,,,
146.2,29.997388435317685,0.001137665652814235,cruise,,,
146.3,29.997502201882966,0.0010881059713767627,cruise,,,
146.4,29.997611012480103,0.0010407052388217153,cruise,,,
146.5,29.997715083003985,0.0009953694057543317,cruise,,,
146.6,29.99781461994456,0.0009520085197578965,cruise,,,
146.7,29.997909820796536,0.0009105365469565642,cruise,,,
146.8,29.998000874451233,0.0008708712014453114,cruise,,,
146.9,29.998087961571375,0.000832933781757106,cruise,,,
147.0,29.99817125494955,0.0007966490149584615,cruise,,,
147.1,29.998250919851046,0.0007619449072024055,cruise,,,
147.2,29.998327114341766,0.0007287526008241231,cruise,,,
147.3,29.998399989601847,0.0006970062378769627,cruise,,,
147.4,29.998469690225633,0.0006666428292021465,cruise,,,
147.5,29.998536354508552,0.0006376021298081015,cruise,,,
147.6,29.998600114721533,0.0006098265189223185,cruise,,,
147.7,29.998661097373425,0.0005832608861254585,cruise,,,
147.8,29.99871942346204,0.000557852521464497,cruise,,,
147.9,29.998775208714186,0.0005335510114719,cruise,,,
148.0,29.998828563815334,0.0005103081385499309,cruise,,,
148.1,29.998879594629187,0.0004880777858204511,cruise,,,
148.2,29.99892840240777,0.0004668158451181626,cruise,,,
148.3,29.99897508399228,0.00044648013008838925,cruise,,,
148.4,29.99901973200529,0.0004270302916921765,cruise,,,
148.5,29.99906243503446,0.0004084277390745683,cruise,,,
148.6,29.999103277808366,0.00039063556205860557,cruise,,,
148.7,29.99914234136457,0.0003736184587040726,cruise,,,
148.8,29.99917970321044,0.0003573426646909184,cruise,,,
148.9,29.99921543747691,0.0003417758867243492,cruise,,,
149.0,29.999249615065583,0.0003268872381426036,cruise,,,
149.1,29.999282303789396,0.00031264717797796493,cruise,,,
149.2,29.999313568507194,0.00029902745186234376,cruise,,,
149.3,29.99934347125238,0.0002860010366021016,cruise,,,
149.4,29.999372071356042,0.00027354208587553335,cruise,,,
149.5,29.99939942556463,0.00026162587959959187,cruise,,,
149.6,29.99942558815259,0.0002502287742402132,cruise,,,
149.7,29.999450611030014,0.00023932815660145936,cruise,,,
149.8,29.999474543845675,0.0002289023981660421,cruise,,,
149.9,29.99949743408549,0.00021893081308235198,cruise,,,
150.0,29.999519327166798,0.00020939361610601283,cruise,,,
