# OBJ file generated from Three.js scene
# Converted to Blender Z-up coordinate system

v 0 4 -0.800000011920929
v 0.5221047401428223 3.9657795429229736 -0.800000011920929
v 1.035276174545288 3.8637032508850098 -0.800000011920929
v 1.5307337045669556 3.6955180168151855 -0.800000011920929
v 2 3.464101552963257 -0.800000011920929
v 2.4350457191467285 3.1734132766723633 -0.800000011920929
v 2.8284270763397217 2.8284270763397217 -0.800000011920929
v 3.1734132766723633 2.4350457191467285 -0.800000011920929
v 3.464101552963257 2 -0.800000011920929
v 3.6955180168151855 1.5307337045669556 -0.800000011920929
v 3.8637032508850098 1.035276174545288 -0.800000011920929
v 3.9657795429229736 0.5221047401428223 -0.800000011920929
v 4 2.939152446204403e-16 -0.800000011920929
v 3.9657795429229736 -0.5221047401428223 -0.800000011920929
v 3.8637032508850098 -1.035276174545288 -0.800000011920929
v 3.6955180168151855 -1.5307337045669556 -0.800000011920929
v 3.464101552963257 -2 -0.800000011920929
v 3.1734132766723633 -2.4350457191467285 -0.800000011920929
v 2.8284270763397217 -2.8284270763397217 -0.800000011920929
v 2.4350457191467285 -3.1734132766723633 -0.800000011920929
v 2 -3.464101552963257 -0.800000011920929
v 1.5307337045669556 -3.6955180168151855 -0.800000011920929
v 1.035276174545288 -3.8637032508850098 -0.800000011920929
v 0.5221047401428223 -3.9657795429229736 -0.800000011920929
v 4.898587410340671e-16 -4 -0.800000011920929
v -0.5221047401428223 -3.9657795429229736 -0.800000011920929
v -1.035276174545288 -3.8637032508850098 -0.800000011920929
v -1.5307337045669556 -3.6955180168151855 -0.800000011920929
v -2 -3.464101552963257 -0.800000011920929
v -2.4350457191467285 -3.1734132766723633 -0.800000011920929
v -2.8284270763397217 -2.8284270763397217 -0.800000011920929
v -3.1734132766723633 -2.4350457191467285 -0.800000011920929
v -3.464101552963257 -2 -0.800000011920929
v -3.6955180168151855 -1.5307337045669556 -0.800000011920929
v -3.8637032508850098 -1.035276174545288 -0.800000011920929
v -3.9657795429229736 -0.5221047401428223 -0.800000011920929
v -4 -6.858021845081348e-16 -0.800000011920929
v -3.9657795429229736 0.5221047401428223 -0.800000011920929
v -3.8637032508850098 1.035276174545288 -0.800000011920929
v -3.6955180168151855 1.5307337045669556 -0.800000011920929
v -3.464101552963257 2 -0.800000011920929
v -3.1734132766723633 2.4350457191467285 -0.800000011920929
v -2.8284270763397217 2.8284270763397217 -0.800000011920929
v -2.4350457191467285 3.1734132766723633 -0.800000011920929
v -2 3.464101552963257 -0.800000011920929
v -1.5307337045669556 3.6955180168151855 -0.800000011920929
v -1.035276174545288 3.8637032508850098 -0.800000011920929
v -0.5221047401428223 3.9657795429229736 -0.800000011920929
v -9.797174820681343e-16 4 -0.800000011920929
v 0 4 5.9604645663569045e-9
v 0.5221047401428223 3.9657795429229736 5.9604645663569045e-9
v 1.035276174545288 3.8637032508850098 5.9604645663569045e-9
v 1.5307337045669556 3.6955180168151855 5.9604645663569045e-9
v 2 3.464101552963257 5.9604645663569045e-9
v 2.4350457191467285 3.1734132766723633 5.9604645663569045e-9
v 2.8284270763397217 2.8284270763397217 5.9604645663569045e-9
v 3.1734132766723633 2.4350457191467285 5.9604645663569045e-9
v 3.464101552963257 2 5.9604645663569045e-9
v 3.6955180168151855 1.5307337045669556 5.9604645663569045e-9
v 3.8637032508850098 1.035276174545288 5.9604645663569045e-9
v 3.9657795429229736 0.5221047401428223 5.9604645663569045e-9
v 4 2.4492937051703357e-16 5.9604645663569045e-9
v 3.9657795429229736 -0.5221047401428223 5.9604645663569045e-9
v 3.8637032508850098 -1.035276174545288 5.9604645663569045e-9
v 3.6955180168151855 -1.5307337045669556 5.960464122267695e-9
v 3.464101552963257 -2 5.960464122267695e-9
v 3.1734132766723633 -2.4350457191467285 5.960464122267695e-9
v 2.8284270763397217 -2.8284270763397217 5.960464122267695e-9
v 2.4350457191467285 -3.1734132766723633 5.960464122267695e-9
v 2 -3.464101552963257 5.960464122267695e-9
v 1.5307337045669556 -3.6955180168151855 5.960464122267695e-9
v 1.035276174545288 -3.8637032508850098 5.960464122267695e-9
v 0.5221047401428223 -3.9657795429229736 5.960464122267695e-9
v 4.898587410340671e-16 -4 5.960464122267695e-9
v -0.5221047401428223 -3.9657795429229736 5.960464122267695e-9
v -1.035276174545288 -3.8637032508850098 5.960464122267695e-9
v -1.5307337045669556 -3.6955180168151855 5.960464122267695e-9
v -2 -3.464101552963257 5.960464122267695e-9
v -2.4350457191467285 -3.1734132766723633 5.960464122267695e-9
v -2.8284270763397217 -2.8284270763397217 5.960464122267695e-9
v -3.1734132766723633 -2.4350457191467285 5.960464122267695e-9
v -3.464101552963257 -2 5.960464122267695e-9
v -3.6955180168151855 -1.5307337045669556 5.960464122267695e-9
v -3.8637032508850098 -1.035276174545288 5.9604645663569045e-9
v -3.9657795429229736 -0.5221047401428223 5.9604645663569045e-9
v -4 -7.347880586115415e-16 5.9604645663569045e-9
v -3.9657795429229736 0.5221047401428223 5.9604645663569045e-9
v -3.8637032508850098 1.035276174545288 5.9604645663569045e-9
v -3.6955180168151855 1.5307337045669556 5.9604645663569045e-9
v -3.464101552963257 2 5.9604645663569045e-9
v -3.1734132766723633 2.4350457191467285 5.9604645663569045e-9
v -2.8284270763397217 2.8284270763397217 5.9604645663569045e-9
v -2.4350457191467285 3.1734132766723633 5.9604645663569045e-9
v -2 3.464101552963257 5.9604645663569045e-9
v -1.5307337045669556 3.6955180168151855 5.9604645663569045e-9
v -1.035276174545288 3.8637032508850098 5.9604645663569045e-9
v -0.5221047401428223 3.9657795429229736 5.9604645663569045e-9
v -9.797174820681343e-16 4 5.9604645663569045e-9
v 0 4.8985870794684264e-17 -0.800000011920929
v 0 4.8985870794684264e-17 -0.800000011920929
v 0 4.8985870794684264e-17 -0.800000011920929
v 0 4.8985870794684264e-17 -0.800000011920929
v 0 4.8985870794684264e-17 -0.800000011920929
v 0 4.8985870794684264e-17 -0.800000011920929
v 0 4.8985870794684264e-17 -0.800000011920929
v 0 4.8985870794684264e-17 -0.800000011920929
v 0 4.8985870794684264e-17 -0.800000011920929
v 0 4.8985870794684264e-17 -0.800000011920929
v 0 4.8985870794684264e-17 -0.800000011920929
v 0 4.8985870794684264e-17 -0.800000011920929
v 0 4.8985870794684264e-17 -0.800000011920929
v 0 4.8985870794684264e-17 -0.800000011920929
v 0 4.8985870794684264e-17 -0.800000011920929
v 0 4.8985870794684264e-17 -0.800000011920929
v 0 4.8985870794684264e-17 -0.800000011920929
v 0 4.8985870794684264e-17 -0.800000011920929
v 0 4.8985870794684264e-17 -0.800000011920929
v 0 4.8985870794684264e-17 -0.800000011920929
v 0 4.8985870794684264e-17 -0.800000011920929
v 0 4.8985870794684264e-17 -0.800000011920929
v 0 4.8985870794684264e-17 -0.800000011920929
v 0 4.8985870794684264e-17 -0.800000011920929
v 0 4.8985870794684264e-17 -0.800000011920929
v 0 4.8985870794684264e-17 -0.800000011920929
v 0 4.8985870794684264e-17 -0.800000011920929
v 0 4.8985870794684264e-17 -0.800000011920929
v 0 4.8985870794684264e-17 -0.800000011920929
v 0 4.8985870794684264e-17 -0.800000011920929
v 0 4.8985870794684264e-17 -0.800000011920929
v 0 4.8985870794684264e-17 -0.800000011920929
v 0 4.8985870794684264e-17 -0.800000011920929
v 0 4.8985870794684264e-17 -0.800000011920929
v 0 4.8985870794684264e-17 -0.800000011920929
v 0 4.8985870794684264e-17 -0.800000011920929
v 0 4.8985870794684264e-17 -0.800000011920929
v 0 4.8985870794684264e-17 -0.800000011920929
v 0 4.8985870794684264e-17 -0.800000011920929
v 0 4.8985870794684264e-17 -0.800000011920929
v 0 4.8985870794684264e-17 -0.800000011920929
v 0 4.8985870794684264e-17 -0.800000011920929
v 0 4.8985870794684264e-17 -0.800000011920929
v 0 4.8985870794684264e-17 -0.800000011920929
v 0 4.8985870794684264e-17 -0.800000011920929
v 0 4.8985870794684264e-17 -0.800000011920929
v 0 4.8985870794684264e-17 -0.800000011920929
v 0 4.8985870794684264e-17 -0.800000011920929
v 0 4 -0.800000011920929
v 0.5221047401428223 3.9657795429229736 -0.800000011920929
v 1.035276174545288 3.8637032508850098 -0.800000011920929
v 1.5307337045669556 3.6955180168151855 -0.800000011920929
v 2 3.464101552963257 -0.800000011920929
v 2.4350457191467285 3.1734132766723633 -0.800000011920929
v 2.8284270763397217 2.8284270763397217 -0.800000011920929
v 3.1734132766723633 2.4350457191467285 -0.800000011920929
v 3.464101552963257 2 -0.800000011920929
v 3.6955180168151855 1.5307337045669556 -0.800000011920929
v 3.8637032508850098 1.035276174545288 -0.800000011920929
v 3.9657795429229736 0.5221047401428223 -0.800000011920929
v 4 2.939152446204403e-16 -0.800000011920929
v 3.9657795429229736 -0.5221047401428223 -0.800000011920929
v 3.8637032508850098 -1.035276174545288 -0.800000011920929
v 3.6955180168151855 -1.5307337045669556 -0.800000011920929
v 3.464101552963257 -2 -0.800000011920929
v 3.1734132766723633 -2.4350457191467285 -0.800000011920929
v 2.8284270763397217 -2.8284270763397217 -0.800000011920929
v 2.4350457191467285 -3.1734132766723633 -0.800000011920929
v 2 -3.464101552963257 -0.800000011920929
v 1.5307337045669556 -3.6955180168151855 -0.800000011920929
v 1.035276174545288 -3.8637032508850098 -0.800000011920929
v 0.5221047401428223 -3.9657795429229736 -0.800000011920929
v 4.898587410340671e-16 -4 -0.800000011920929
v -0.5221047401428223 -3.9657795429229736 -0.800000011920929
v -1.035276174545288 -3.8637032508850098 -0.800000011920929
v -1.5307337045669556 -3.6955180168151855 -0.800000011920929
v -2 -3.464101552963257 -0.800000011920929
v -2.4350457191467285 -3.1734132766723633 -0.800000011920929
v -2.8284270763397217 -2.8284270763397217 -0.800000011920929
v -3.1734132766723633 -2.4350457191467285 -0.800000011920929
v -3.464101552963257 -2 -0.800000011920929
v -3.6955180168151855 -1.5307337045669556 -0.800000011920929
v -3.8637032508850098 -1.035276174545288 -0.800000011920929
v -3.9657795429229736 -0.5221047401428223 -0.800000011920929
v -4 -6.858021845081348e-16 -0.800000011920929
v -3.9657795429229736 0.5221047401428223 -0.800000011920929
v -3.8637032508850098 1.035276174545288 -0.800000011920929
v -3.6955180168151855 1.5307337045669556 -0.800000011920929
v -3.464101552963257 2 -0.800000011920929
v -3.1734132766723633 2.4350457191467285 -0.800000011920929
v -2.8284270763397217 2.8284270763397217 -0.800000011920929
v -2.4350457191467285 3.1734132766723633 -0.800000011920929
v -2 3.464101552963257 -0.800000011920929
v -1.5307337045669556 3.6955180168151855 -0.800000011920929
v -1.035276174545288 3.8637032508850098 -0.800000011920929
v -0.5221047401428223 3.9657795429229736 -0.800000011920929
v -9.797174820681343e-16 4 -0.800000011920929
v 0 -3.649731784662922e-25 5.9604645663569045e-9
v 0 -3.649731784662922e-25 5.9604645663569045e-9
v 0 -3.649731784662922e-25 5.9604645663569045e-9
v 0 -3.649731784662922e-25 5.9604645663569045e-9
v 0 -3.649731784662922e-25 5.9604645663569045e-9
v 0 -3.649731784662922e-25 5.9604645663569045e-9
v 0 -3.649731784662922e-25 5.9604645663569045e-9
v 0 -3.649731784662922e-25 5.9604645663569045e-9
v 0 -3.649731784662922e-25 5.9604645663569045e-9
v 0 -3.649731784662922e-25 5.9604645663569045e-9
v 0 -3.649731784662922e-25 5.9604645663569045e-9
v 0 -3.649731784662922e-25 5.9604645663569045e-9
v 0 -3.649731784662922e-25 5.9604645663569045e-9
v 0 -3.649731784662922e-25 5.9604645663569045e-9
v 0 -3.649731784662922e-25 5.9604645663569045e-9
v 0 -3.649731784662922e-25 5.9604645663569045e-9
v 0 -3.649731784662922e-25 5.9604645663569045e-9
v 0 -3.649731784662922e-25 5.9604645663569045e-9
v 0 -3.649731784662922e-25 5.9604645663569045e-9
v 0 -3.649731784662922e-25 5.9604645663569045e-9
v 0 -3.649731784662922e-25 5.9604645663569045e-9
v 0 -3.649731784662922e-25 5.9604645663569045e-9
v 0 -3.649731784662922e-25 5.9604645663569045e-9
v 0 -3.649731784662922e-25 5.9604645663569045e-9
v 0 -3.649731784662922e-25 5.9604645663569045e-9
v 0 -3.649731784662922e-25 5.9604645663569045e-9
v 0 -3.649731784662922e-25 5.9604645663569045e-9
v 0 -3.649731784662922e-25 5.9604645663569045e-9
v 0 -3.649731784662922e-25 5.9604645663569045e-9
v 0 -3.649731784662922e-25 5.9604645663569045e-9
v 0 -3.649731784662922e-25 5.9604645663569045e-9
v 0 -3.649731784662922e-25 5.9604645663569045e-9
v 0 -3.649731784662922e-25 5.9604645663569045e-9
v 0 -3.649731784662922e-25 5.9604645663569045e-9
v 0 -3.649731784662922e-25 5.9604645663569045e-9
v 0 -3.649731784662922e-25 5.9604645663569045e-9
v 0 -3.649731784662922e-25 5.9604645663569045e-9
v 0 -3.649731784662922e-25 5.9604645663569045e-9
v 0 -3.649731784662922e-25 5.9604645663569045e-9
v 0 -3.649731784662922e-25 5.9604645663569045e-9
v 0 -3.649731784662922e-25 5.9604645663569045e-9
v 0 -3.649731784662922e-25 5.9604645663569045e-9
v 0 -3.649731784662922e-25 5.9604645663569045e-9
v 0 -3.649731784662922e-25 5.9604645663569045e-9
v 0 -3.649731784662922e-25 5.9604645663569045e-9
v 0 -3.649731784662922e-25 5.9604645663569045e-9
v 0 -3.649731784662922e-25 5.9604645663569045e-9
v 0 -3.649731784662922e-25 5.9604645663569045e-9
v 0 4 5.9604645663569045e-9
v 0.5221047401428223 3.9657795429229736 5.9604645663569045e-9
v 1.035276174545288 3.8637032508850098 5.9604645663569045e-9
v 1.5307337045669556 3.6955180168151855 5.9604645663569045e-9
v 2 3.464101552963257 5.9604645663569045e-9
v 2.4350457191467285 3.1734132766723633 5.9604645663569045e-9
v 2.8284270763397217 2.8284270763397217 5.9604645663569045e-9
v 3.1734132766723633 2.4350457191467285 5.9604645663569045e-9
v 3.464101552963257 2 5.9604645663569045e-9
v 3.6955180168151855 1.5307337045669556 5.9604645663569045e-9
v 3.8637032508850098 1.035276174545288 5.9604645663569045e-9
v 3.9657795429229736 0.5221047401428223 5.9604645663569045e-9
v 4 2.4492937051703357e-16 5.9604645663569045e-9
v 3.9657795429229736 -0.5221047401428223 5.9604645663569045e-9
v 3.8637032508850098 -1.035276174545288 5.9604645663569045e-9
v 3.6955180168151855 -1.5307337045669556 5.960464122267695e-9
v 3.464101552963257 -2 5.960464122267695e-9
v 3.1734132766723633 -2.4350457191467285 5.960464122267695e-9
v 2.8284270763397217 -2.8284270763397217 5.960464122267695e-9
v 2.4350457191467285 -3.1734132766723633 5.960464122267695e-9
v 2 -3.464101552963257 5.960464122267695e-9
v 1.5307337045669556 -3.6955180168151855 5.960464122267695e-9
v 1.035276174545288 -3.8637032508850098 5.960464122267695e-9
v 0.5221047401428223 -3.9657795429229736 5.960464122267695e-9
v 4.898587410340671e-16 -4 5.960464122267695e-9
v -0.5221047401428223 -3.9657795429229736 5.960464122267695e-9
v -1.035276174545288 -3.8637032508850098 5.960464122267695e-9
v -1.5307337045669556 -3.6955180168151855 5.960464122267695e-9
v -2 -3.464101552963257 5.960464122267695e-9
v -2.4350457191467285 -3.1734132766723633 5.960464122267695e-9
v -2.8284270763397217 -2.8284270763397217 5.960464122267695e-9
v -3.1734132766723633 -2.4350457191467285 5.960464122267695e-9
v -3.464101552963257 -2 5.960464122267695e-9
v -3.6955180168151855 -1.5307337045669556 5.960464122267695e-9
v -3.8637032508850098 -1.035276174545288 5.9604645663569045e-9
v -3.9657795429229736 -0.5221047401428223 5.9604645663569045e-9
v -4 -7.347880586115415e-16 5.9604645663569045e-9
v -3.9657795429229736 0.5221047401428223 5.9604645663569045e-9
v -3.8637032508850098 1.035276174545288 5.9604645663569045e-9
v -3.6955180168151855 1.5307337045669556 5.9604645663569045e-9
v -3.464101552963257 2 5.9604645663569045e-9
v -3.1734132766723633 2.4350457191467285 5.9604645663569045e-9
v -2.8284270763397217 2.8284270763397217 5.9604645663569045e-9
v -2.4350457191467285 3.1734132766723633 5.9604645663569045e-9
v -2 3.464101552963257 5.9604645663569045e-9
v -1.5307337045669556 3.6955180168151855 5.9604645663569045e-9
v -1.035276174545288 3.8637032508850098 5.9604645663569045e-9
v -0.5221047401428223 3.9657795429229736 5.9604645663569045e-9
v -9.797174820681343e-16 4 5.9604645663569045e-9
v 0 0.6000000238418579 -2.799999952316284
v 0.11705419421195984 0.5884711742401123 -2.799999952316284
v 0.22961005568504333 0.5543277263641357 -2.799999952316284
v 0.33334213495254517 0.4988817572593689 -2.799999952316284
v 0.4242640733718872 0.4242640733718872 -2.799999952316284
v 0.4988817572593689 0.33334213495254517 -2.799999952316284
v 0.5543277263641357 0.22961005568504333 -2.799999952316284
v 0.5884711742401123 0.11705419421195984 -2.799999952316284
v 0.6000000238418579 2.0818995170458873e-16 -2.799999952316284
v 0.5884711742401123 -0.11705419421195984 -2.799999952316284
v 0.5543277263641357 -0.22961005568504333 -2.799999952316284
v 0.4988817572593689 -0.33334213495254517 -2.799999952316284
v 0.4242640733718872 -0.4242640733718872 -2.799999952316284
v 0.33334213495254517 -0.4988817572593689 -2.799999952316284
v 0.22961005568504333 -0.5543277263641357 -2.799999952316284
v 0.11705419421195984 -0.5884711742401123 -2.799999952316284
v 7.347881115511007e-17 -0.6000000238418579 -2.799999952316284
v -0.11705419421195984 -0.5884711742401123 -2.799999952316284
v -0.22961005568504333 -0.5543277263641357 -2.799999952316284
v -0.33334213495254517 -0.4988817572593689 -2.799999952316284
v -0.4242640733718872 -0.4242640733718872 -2.799999952316284
v -0.4988817572593689 -0.33334213495254517 -2.799999952316284
v -0.5543277263641357 -0.22961005568504333 -2.799999952316284
v -0.5884711742401123 -0.11705419421195984 -2.799999952316284
v -0.6000000238418579 6.123234262925839e-17 -2.799999952316284
v -0.5884711742401123 0.11705419421195984 -2.799999952316284
v -0.5543277263641357 0.22961005568504333 -2.799999952316284
v -0.4988817572593689 0.33334213495254517 -2.799999952316284
v -0.4242640733718872 0.4242640733718872 -2.799999952316284
v -0.33334213495254517 0.4988817572593689 -2.799999952316284
v -0.22961005568504333 0.5543277263641357 -2.799999952316284
v -0.11705419421195984 0.5884711742401123 -2.799999952316284
v -1.4695762231022014e-16 0.6000000238418579 -2.799999952316284
v 0 0.6000000238418579 -0.800000011920929
v 0.11705419421195984 0.5884711742401123 -0.800000011920929
v 0.22961005568504333 0.5543277263641357 -0.800000011920929
v 0.33334213495254517 0.4988817572593689 -0.800000011920929
v 0.4242640733718872 0.4242640733718872 -0.800000011920929
v 0.4988817572593689 0.33334213495254517 -0.800000011920929
v 0.5543277263641357 0.22961005568504333 -0.800000011920929
v 0.5884711742401123 0.11705419421195984 -0.800000011920929
v 0.6000000238418579 8.572527968096175e-17 -0.800000011920929
v 0.5884711742401123 -0.11705419421195984 -0.800000011920929
v 0.5543277263641357 -0.22961005568504333 -0.800000011920929
v 0.4988817572593689 -0.33334213495254517 -0.800000011920929
v 0.4242640733718872 -0.4242640733718872 -0.800000011920929
v 0.33334213495254517 -0.4988817572593689 -0.800000011920929
v 0.22961005568504333 -0.5543277263641357 -0.800000011920929
v 0.11705419421195984 -0.5884711742401123 -0.800000011920929
v 7.347881115511007e-17 -0.6000000238418579 -0.800000011920929
v -0.11705419421195984 -0.5884711742401123 -0.800000011920929
v -0.22961005568504333 -0.5543277263641357 -0.800000011920929
v -0.33334213495254517 -0.4988817572593689 -0.800000011920929
v -0.4242640733718872 -0.4242640733718872 -0.800000011920929
v -0.4988817572593689 -0.33334213495254517 -0.800000011920929
v -0.5543277263641357 -0.22961005568504333 -0.800000011920929
v -0.5884711742401123 -0.11705419421195984 -0.800000011920929
v -0.6000000238418579 -6.123233601181349e-17 -0.800000011920929
v -0.5884711742401123 0.11705419421195984 -0.800000011920929
v -0.5543277263641357 0.22961005568504333 -0.800000011920929
v -0.4988817572593689 0.33334213495254517 -0.800000011920929
v -0.4242640733718872 0.4242640733718872 -0.800000011920929
v -0.33334213495254517 0.4988817572593689 -0.800000011920929
v -0.22961005568504333 0.5543277263641357 -0.800000011920929
v -0.11705419421195984 0.5884711742401123 -0.800000011920929
v -1.4695762231022014e-16 0.6000000238418579 -0.800000011920929
v 0 1.714505461270337e-16 -2.799999952316284
v 0 1.714505461270337e-16 -2.799999952316284
v 0 1.714505461270337e-16 -2.799999952316284
v 0 1.714505461270337e-16 -2.799999952316284
v 0 1.714505461270337e-16 -2.799999952316284
v 0 1.714505461270337e-16 -2.799999952316284
v 0 1.714505461270337e-16 -2.799999952316284
v 0 1.714505461270337e-16 -2.799999952316284
v 0 1.714505461270337e-16 -2.799999952316284
v 0 1.714505461270337e-16 -2.799999952316284
v 0 1.714505461270337e-16 -2.799999952316284
v 0 1.714505461270337e-16 -2.799999952316284
v 0 1.714505461270337e-16 -2.799999952316284
v 0 1.714505461270337e-16 -2.799999952316284
v 0 1.714505461270337e-16 -2.799999952316284
v 0 1.714505461270337e-16 -2.799999952316284
v 0 1.714505461270337e-16 -2.799999952316284
v 0 1.714505461270337e-16 -2.799999952316284
v 0 1.714505461270337e-16 -2.799999952316284
v 0 1.714505461270337e-16 -2.799999952316284
v 0 1.714505461270337e-16 -2.799999952316284
v 0 1.714505461270337e-16 -2.799999952316284
v 0 1.714505461270337e-16 -2.799999952316284
v 0 1.714505461270337e-16 -2.799999952316284
v 0 1.714505461270337e-16 -2.799999952316284
v 0 1.714505461270337e-16 -2.799999952316284
v 0 1.714505461270337e-16 -2.799999952316284
v 0 1.714505461270337e-16 -2.799999952316284
v 0 1.714505461270337e-16 -2.799999952316284
v 0 1.714505461270337e-16 -2.799999952316284
v 0 1.714505461270337e-16 -2.799999952316284
v 0 1.714505461270337e-16 -2.799999952316284
v 0 0.6000000238418579 -2.799999952316284
v 0.11705419421195984 0.5884711742401123 -2.799999952316284
v 0.22961005568504333 0.5543277263641357 -2.799999952316284
v 0.33334213495254517 0.4988817572593689 -2.799999952316284
v 0.4242640733718872 0.4242640733718872 -2.799999952316284
v 0.4988817572593689 0.33334213495254517 -2.799999952316284
v 0.5543277263641357 0.22961005568504333 -2.799999952316284
v 0.5884711742401123 0.11705419421195984 -2.799999952316284
v 0.6000000238418579 2.0818995170458873e-16 -2.799999952316284
v 0.5884711742401123 -0.11705419421195984 -2.799999952316284
v 0.5543277263641357 -0.22961005568504333 -2.799999952316284
v 0.4988817572593689 -0.33334213495254517 -2.799999952316284
v 0.4242640733718872 -0.4242640733718872 -2.799999952316284
v 0.33334213495254517 -0.4988817572593689 -2.799999952316284
v 0.22961005568504333 -0.5543277263641357 -2.799999952316284
v 0.11705419421195984 -0.5884711742401123 -2.799999952316284
v 7.347881115511007e-17 -0.6000000238418579 -2.799999952316284
v -0.11705419421195984 -0.5884711742401123 -2.799999952316284
v -0.22961005568504333 -0.5543277263641357 -2.799999952316284
v -0.33334213495254517 -0.4988817572593689 -2.799999952316284
v -0.4242640733718872 -0.4242640733718872 -2.799999952316284
v -0.4988817572593689 -0.33334213495254517 -2.799999952316284
v -0.5543277263641357 -0.22961005568504333 -2.799999952316284
v -0.5884711742401123 -0.11705419421195984 -2.799999952316284
v -0.6000000238418579 6.123234262925839e-17 -2.799999952316284
v -0.5884711742401123 0.11705419421195984 -2.799999952316284
v -0.5543277263641357 0.22961005568504333 -2.799999952316284
v -0.4988817572593689 0.33334213495254517 -2.799999952316284
v -0.4242640733718872 0.4242640733718872 -2.799999952316284
v -0.33334213495254517 0.4988817572593689 -2.799999952316284
v -0.22961005568504333 0.5543277263641357 -2.799999952316284
v -0.11705419421195984 0.5884711742401123 -2.799999952316284
v -1.4695762231022014e-16 0.6000000238418579 -2.799999952316284
v 0 4.8985870794684264e-17 -0.800000011920929
v 0 4.8985870794684264e-17 -0.800000011920929
v 0 4.8985870794684264e-17 -0.800000011920929
v 0 4.8985870794684264e-17 -0.800000011920929
v 0 4.8985870794684264e-17 -0.800000011920929
v 0 4.8985870794684264e-17 -0.800000011920929
v 0 4.8985870794684264e-17 -0.800000011920929
v 0 4.8985870794684264e-17 -0.800000011920929
v 0 4.8985870794684264e-17 -0.800000011920929
v 0 4.8985870794684264e-17 -0.800000011920929
v 0 4.8985870794684264e-17 -0.800000011920929
v 0 4.8985870794684264e-17 -0.800000011920929
v 0 4.8985870794684264e-17 -0.800000011920929
v 0 4.8985870794684264e-17 -0.800000011920929
v 0 4.8985870794684264e-17 -0.800000011920929
v 0 4.8985870794684264e-17 -0.800000011920929
v 0 4.8985870794684264e-17 -0.800000011920929
v 0 4.8985870794684264e-17 -0.800000011920929
v 0 4.8985870794684264e-17 -0.800000011920929
v 0 4.8985870794684264e-17 -0.800000011920929
v 0 4.8985870794684264e-17 -0.800000011920929
v 0 4.8985870794684264e-17 -0.800000011920929
v 0 4.8985870794684264e-17 -0.800000011920929
v 0 4.8985870794684264e-17 -0.800000011920929
v 0 4.8985870794684264e-17 -0.800000011920929
v 0 4.8985870794684264e-17 -0.800000011920929
v 0 4.8985870794684264e-17 -0.800000011920929
v 0 4.8985870794684264e-17 -0.800000011920929
v 0 4.8985870794684264e-17 -0.800000011920929
v 0 4.8985870794684264e-17 -0.800000011920929
v 0 4.8985870794684264e-17 -0.800000011920929
v 0 4.8985870794684264e-17 -0.800000011920929
v 0 0.6000000238418579 -0.800000011920929
v 0.11705419421195984 0.5884711742401123 -0.800000011920929
v 0.22961005568504333 0.5543277263641357 -0.800000011920929
v 0.33334213495254517 0.4988817572593689 -0.800000011920929
v 0.4242640733718872 0.4242640733718872 -0.800000011920929
v 0.4988817572593689 0.33334213495254517 -0.800000011920929
v 0.5543277263641357 0.22961005568504333 -0.800000011920929
v 0.5884711742401123 0.11705419421195984 -0.800000011920929
v 0.6000000238418579 8.572527968096175e-17 -0.800000011920929
v 0.5884711742401123 -0.11705419421195984 -0.800000011920929
v 0.5543277263641357 -0.22961005568504333 -0.800000011920929
v 0.4988817572593689 -0.33334213495254517 -0.800000011920929
v 0.4242640733718872 -0.4242640733718872 -0.800000011920929
v 0.33334213495254517 -0.4988817572593689 -0.800000011920929
v 0.22961005568504333 -0.5543277263641357 -0.800000011920929
v 0.11705419421195984 -0.5884711742401123 -0.800000011920929
v 7.347881115511007e-17 -0.6000000238418579 -0.800000011920929
v -0.11705419421195984 -0.5884711742401123 -0.800000011920929
v -0.22961005568504333 -0.5543277263641357 -0.800000011920929
v -0.33334213495254517 -0.4988817572593689 -0.800000011920929
v -0.4242640733718872 -0.4242640733718872 -0.800000011920929
v -0.4988817572593689 -0.33334213495254517 -0.800000011920929
v -0.5543277263641357 -0.22961005568504333 -0.800000011920929
v -0.5884711742401123 -0.11705419421195984 -0.800000011920929
v -0.6000000238418579 -6.123233601181349e-17 -0.800000011920929
v -0.5884711742401123 0.11705419421195984 -0.800000011920929
v -0.5543277263641357 0.22961005568504333 -0.800000011920929
v -0.4988817572593689 0.33334213495254517 -0.800000011920929
v -0.4242640733718872 0.4242640733718872 -0.800000011920929
v -0.33334213495254517 0.4988817572593689 -0.800000011920929
v -0.22961005568504333 0.5543277263641357 -0.800000011920929
v -0.11705419421195984 0.5884711742401123 -0.800000011920929
v -1.4695762231022014e-16 0.6000000238418579 -0.800000011920929
v 1.2000000476837158 0.4000000059604645 -0.18000000715255737
v 1.2000000476837158 -0.4000000059604645 -0.18000000715255737
v 1.2000000476837158 0.4000000059604645 0.020000001415610313
v 1.2000000476837158 -0.4000000059604645 0.020000001415610313
v -1.2000000476837158 -0.4000000059604645 -0.18000000715255737
v -1.2000000476837158 0.4000000059604645 -0.18000000715255737
v -1.2000000476837158 -0.4000000059604645 0.020000001415610313
v -1.2000000476837158 0.4000000059604645 0.020000001415610313
v -1.2000000476837158 -0.4000000059604645 -0.18000000715255737
v 1.2000000476837158 -0.4000000059604645 -0.18000000715255737
v -1.2000000476837158 0.4000000059604645 -0.18000000715255737
v 1.2000000476837158 0.4000000059604645 -0.18000000715255737
v -1.2000000476837158 0.4000000059604645 0.020000001415610313
v 1.2000000476837158 0.4000000059604645 0.020000001415610313
v -1.2000000476837158 -0.4000000059604645 0.020000001415610313
v 1.2000000476837158 -0.4000000059604645 0.020000001415610313
v -1.2000000476837158 0.4000000059604645 -0.18000000715255737
v 1.2000000476837158 0.4000000059604645 -0.18000000715255737
v -1.2000000476837158 0.4000000059604645 0.020000001415610313
v 1.2000000476837158 0.4000000059604645 0.020000001415610313
v 1.2000000476837158 -0.4000000059604645 -0.18000000715255737
v -1.2000000476837158 -0.4000000059604645 -0.18000000715255737
v 1.2000000476837158 -0.4000000059604645 0.020000001415610313
v -1.2000000476837158 -0.4000000059604645 0.020000001415610313
v -8.46771531710954e-16 3.8135199546813965 7.48445463180542
v -7.753262613737443e-16 3.4917590618133545 7.6398701667785645
v -7.02477933898967e-16 3.163679361343384 7.781460762023926
v -6.283584217285979e-16 2.8298747539520264 7.908970355987549
v -5.531018737056582e-16 2.4909493923187256 8.022168159484863
v -4.7684439743686e-16 2.1475162506103516 8.120848655700684
v -3.997240063530465e-16 1.800196886062622 8.204833030700684
v -3.2188030207183703e-16 1.449620008468628 8.273971557617188
v -2.434541302904922e-16 1.0964199304580688 8.328137397766113
v -1.6458746167190573e-16 0.7412360310554504 8.367232322692871
v -8.542290215368177e-17 0.38471055030822754 8.391185760498047
v -6.1037632584869536e-18 0.02748890593647957 8.399954795837402
v 7.322636886704869e-17 -0.32978224754333496 8.393524169921875
v 1.5242409501911358e-16 -0.686457097530365 8.371904373168945
v 2.313459531281696e-16 -1.0418895483016968 8.335134506225586
v 3.0984912549837575e-16 -1.395436406135559 8.283282279968262
v 3.8779158852727917e-16 -1.7464580535888672 8.216440200805664
v 4.650324171082804e-16 -2.0943198204040527 8.134729385375977
v 5.414316125770661e-16 -2.4383912086486816 8.038298606872559
v 6.168511085632338e-16 -2.778050422668457 7.9273223876953125
v 6.911543210040387e-16 -3.112682342529297 7.802000522613525
v 7.642068892982226e-16 -3.4416818618774414 7.662559986114502
v 8.358765174873363e-16 -3.764453172683716 7.509253978729248
v 9.060335565908907e-16 -4.0804123878479 7.342358589172363
v 9.74551110485475e-16 -4.388988018035889 7.162177562713623
v 1.041305141783876e-15 -4.689621448516846 6.9690351486206055
v 1.106174736532873e-15 -4.9817681312561035 6.763282299041748
v 1.1690426865483897e-15 -5.264900207519531 6.545290470123291
v 1.2297950658990203e-15 -5.538504600524902 6.315454483032227
v 1.288322077938977e-15 -5.80208683013916 6.07418966293335
v 1.3445178435498532e-15 -6.055170059204102 5.821933746337891
v 1.3982805070197413e-15 -6.297295570373535 5.559142112731934
v 1.4495130830761808e-15 -6.528026580810547 5.286291599273682
v 1.4981222922158554e-15 -6.74694299697876 5.003873825073242
v 1.5440207841660794e-15 -6.953651428222656 4.71240234375
v 1.5871252320606667e-15 -7.1477766036987305 4.412402629852295
v 1.627357497110233e-15 -7.3289666175842285 4.104418754577637
v 1.6646449462395514e-15 -7.496894359588623 3.7890069484710693
v 1.6989201344501967e-15 -7.651256084442139 3.4667391777038574
v 1.7301211224579009e-15 -7.791772842407227 3.138197898864746
v 1.7581909472969611e-15 -7.918188095092773 2.8039774894714355
v 1.783079528144371e-15 -8.03027629852295 2.4646835327148438
v 1.8047413369792157e-15 -8.127832412719727 2.120929002761841
v 1.8231371985276846e-15 -8.21068000793457 1.7733368873596191
v 1.8382340785048348e-15 -8.278670310974121 1.42253577709198
v 1.8500046600981174e-15 -8.331680297851562 1.0691605806350708
v 1.8584273439673773e-15 -8.369612693786621 0.7138503193855286
v 1.863487095277801e-15 -8.392399787902832 0.35724836587905884
v 1.8651745966669683e-15 -8.399999618530273 -7.360485199114919e-8
v 1.863487095277801e-15 -8.392399787902832 -0.35724833607673645
v 1.8584273439673773e-15 -8.369612693786621 -0.7138503193855286
v 1.8500046600981174e-15 -8.331680297851562 -1.0691604614257812
v 1.8382342902630716e-15 -8.278671264648438 -1.42253577709198
v 1.8231371985276846e-15 -8.21068000793457 -1.7733370065689087
v 1.8047413369792157e-15 -8.127832412719727 -2.12092924118042
v 1.783079528144371e-15 -8.03027629852295 -2.4646835327148438
v 1.7581910531760795e-15 -7.918188571929932 -2.8039777278900146
v 1.7301210165787824e-15 -7.791772365570068 -3.138197660446167
v 1.6989201344501967e-15 -7.651256084442139 -3.4667391777038574
v 1.6646449462395514e-15 -7.496894359588623 -3.7890069484710693
v 1.627357497110233e-15 -7.3289666175842285 -4.104418754577637
v 1.5871251261815483e-15 -7.147776126861572 -4.412402629852295
v 1.5440207841660794e-15 -6.953651428222656 -4.71240234375
v 1.4981222922158554e-15 -6.74694299697876 -5.003873825073242
v 1.4495129771970624e-15 -6.528026103973389 -5.286291122436523
v 1.3982806128988597e-15 -6.297296047210693 -5.559142589569092
v 1.3445178435498532e-15 -6.055170059204102 -5.821933746337891
v 1.288322077938977e-15 -5.80208683013916 -6.07418966293335
v 1.2297951717781387e-15 -5.5385050773620605 -6.315454483032227
v 1.1690425806692713e-15 -5.264899730682373 -6.545289993286133
v 1.106174736532873e-15 -4.9817681312561035 -6.76328182220459
v 1.0413050359047576e-15 -4.6896209716796875 -6.9690351486206055
v 9.74551110485475e-16 -4.388988018035889 -7.162177085876465
v 9.060335565908907e-16 -4.0804123878479 -7.342358589172363
v 8.358765704268955e-16 -3.764453411102295 -7.509253978729248
v 7.642068892982226e-16 -3.4416818618774414 -7.66256046295166
v 6.911543739435979e-16 -3.112682580947876 -7.802000045776367
v 6.168511085632338e-16 -2.778050422668457 -7.927321910858154
v 5.414316125770661e-16 -2.4383912086486816 -8.038298606872559
v 4.650323641687212e-16 -2.0943195819854736 -8.134729385375977
v 3.87791667936618e-16 -1.7464584112167358 -8.216440200805664
v 3.0984915196815535e-16 -1.3954365253448486 -8.283282279968262
v 2.313459531281696e-16 -1.0418895483016968 -8.335134506225586
v 1.5242409501911358e-16 -0.686457097530365 -8.371904373168945
v 7.322642842405279e-17 -0.32978251576423645 -8.393524169921875
v -6.103805444698194e-18 0.02748909592628479 -8.399954795837402
v -8.542286906645726e-17 0.3847104012966156 -8.391185760498047
v -1.6458744843701593e-16 0.7412359714508057 -8.367231369018555
v -2.434541832300514e-16 1.096420168876648 -8.328136444091797
v -3.2188032854161663e-16 1.4496201276779175 -8.273971557617188
v -3.997240063530465e-16 1.800196886062622 -8.204833984375
v -4.768443444973008e-16 2.1475160121917725 -8.120848655700684
v -5.53101820766099e-16 2.4909491539001465 -8.022167205810547
v -6.283584746681571e-16 2.8298749923706055 -7.908969879150391
v -7.02477933898967e-16 3.163679361343384 -7.781460762023926
v -7.753263143133035e-16 3.4917593002319336 -7.6398701667785645
v -8.467716375900724e-16 3.8135204315185547 -7.48445463180542
v 0.10352762043476105 3.8073325157165527 7.472311019897461
v 0.10352762043476105 3.486093521118164 7.627473831176758
v 0.10352762043476105 3.158545970916748 7.768834590911865
v 0.10352762043476105 2.8252828121185303 7.89613676071167
v 0.10352762043476105 2.4869072437286377 8.009150505065918
v 0.10352762043476105 2.144031524658203 8.107671737670898
v 0.10352762043476105 1.7972757816314697 8.191519737243652
v 0.10352762043476105 1.4472678899765015 8.26054573059082
v 0.10352762043476105 1.0946409702301025 8.314623832702637
v 0.10352762043476105 0.7400332093238831 8.353655815124512
v 0.10352762043476105 0.3840862214565277 8.377570152282715
v 0.10352762043476105 0.027444297447800636 8.38632583618164
v 0.10352762043476105 -0.3292473554611206 8.379904747009277
v 0.10352762043476105 -0.6853429675102234 8.358320236206055
v 0.10352762043476105 -1.040198802947998 8.321610450744629
v 0.10352762043476105 -1.3931723833084106 8.269841194152832
v 0.10352762043476105 -1.7436244487762451 8.203107833862305
v 0.10352762043476105 -2.090921401977539 8.121530532836914
v 0.10352762043476105 -2.434434652328491 8.025256156921387
v 0.10352762043476105 -2.773542642593384 7.914459228515625
v 0.10352762043476105 -3.1076321601867676 7.789340972900391
v 0.10352762043476105 -3.4360976219177246 7.650126934051514
v 0.10352762043476105 -3.758345127105713 7.497069358825684
v 0.10352762043476105 -4.07379150390625 7.330445289611816
v 0.10352762043476105 -4.381866455078125 7.1505560874938965
v 0.10352762043476105 -4.68201208114624 6.957727432250977
v 0.10352762043476105 -4.973684787750244 6.752308368682861
v 0.10352762043476105 -5.256357669830322 6.534670352935791
v 0.10352762043476105 -5.529518127441406 6.305207252502441
v 0.10352762043476105 -5.792672634124756 6.064333915710449
v 0.10352762043476105 -6.045345306396484 5.812487602233887
v 0.10352762043476105 -6.287078380584717 5.550122261047363
v 0.10352762043476105 -6.5174336433410645 5.277713775634766
v 0.10352762043476105 -6.735995769500732 4.995754718780518
v 0.10352762043476105 -6.942368984222412 4.704755783081055
v 0.10352762043476105 -7.136178493499756 4.405243396759033
v 0.10352762043476105 -7.317074775695801 4.097758769989014
v 0.10352762043476105 -7.484730243682861 3.7828593254089355
v 0.10352762043476105 -7.638841152191162 3.461113929748535
v 0.10352762043476105 -7.779129981994629 3.133105993270874
v 0.10352762043476105 -7.905340671539307 2.7994279861450195
v 0.10352762043476105 -8.01724624633789 2.460684061050415
v 0.10352762043476105 -8.114645004272461 2.117487907409668
v 0.10352762043476105 -8.197358131408691 1.7704598903656006
v 0.10352762043476105 -8.265237808227539 1.4202274084091187
v 0.10352762043476105 -8.318161010742188 1.0674256086349487
v 0.10352762043476105 -8.356032371520996 0.7126918435096741
v 0.10352762043476105 -8.378782272338867 0.3566685914993286
v 0.10352762043476105 -8.386370658874512 -1.136049263550376e-7
v 0.10352762043476105 -8.378782272338867 -0.3566686511039734
v 0.10352762043476105 -8.356032371520996 -0.7126920223236084
v 0.10352762043476105 -8.318161964416504 -1.0674254894256592
v 0.10352762043476105 -8.265237808227539 -1.4202277660369873
v 0.10352762043476105 -8.197358131408691 -1.7704594135284424
v 0.10352762043476105 -8.114644050598145 -2.117487668991089
v 0.10352762043476105 -8.01724624633789 -2.4606845378875732
v 0.10352762043476105 -7.905340671539307 -2.7994279861450195
v 0.10352762043476105 -7.779129505157471 -3.133105754852295
v 0.10352762043476105 -7.63884162902832 -3.461113929748535
v 0.10352762043476105 -7.484730243682861 -3.7828590869903564
v 0.10352762043476105 -7.317074775695801 -4.0977582931518555
v 0.10352762043476105 -7.136178016662598 -4.405242919921875
v 0.10352762043476105 -6.942368507385254 -4.704755783081055
v 0.10352762043476105 -6.735995769500732 -4.995755195617676
v 0.10352762043476105 -6.517434120178223 -5.277713775634766
v 0.10352762043476105 -6.287077903747559 -5.550122261047363
v 0.10352762043476105 -6.045345306396484 -5.8124871253967285
v 0.10352762043476105 -5.792672634124756 -6.064333915710449
v 0.10352762043476105 -5.529518127441406 -6.305206775665283
v 0.10352762043476105 -5.256357192993164 -6.534669876098633
v 0.10352762043476105 -4.973684787750244 -6.7523088455200195
v 0.10352762043476105 -4.682011604309082 -6.957727432250977
v 0.10352762043476105 -4.381866455078125 -7.150555610656738
v 0.10352762043476105 -4.073791980743408 -7.330445766448975
v 0.10352762043476105 -3.758344888687134 -7.497069358825684
v 0.10352762043476105 -3.4360973834991455 -7.650126934051514
v 0.10352762043476105 -3.1076316833496094 -7.789340496063232
v 0.10352762043476105 -2.773542881011963 -7.914459228515625
v 0.10352762043476105 -2.4344348907470703 -8.025256156921387
v 0.10352762043476105 -2.09092116355896 -8.121529579162598
v 0.10352762043476105 -1.7436245679855347 -8.203107833862305
v 0.10352762043476105 -1.393172264099121 -8.269842147827148
v 0.10352762043476105 -1.0401990413665771 -8.321610450744629
v 0.10352762043476105 -0.6853431463241577 -8.358320236206055
v 0.10352762043476105 -0.32924729585647583 -8.379904747009277
v 0.10352762043476105 0.027444349601864815 -8.38632583618164
v 0.10352762043476105 0.38408634066581726 -8.377570152282715
v 0.10352762043476105 0.7400332689285278 -8.353655815124512
v 0.10352762043476105 1.0946409702301025 -8.314623832702637
v 0.10352762043476105 1.4472681283950806 -8.26054573059082
v 0.10352762043476105 1.7972761392593384 -8.191520690917969
v 0.10352762043476105 2.144031524658203 -8.107670783996582
v 0.10352762043476105 2.486907482147217 -8.009151458740234
v 0.10352762043476105 2.8252830505371094 -7.896137237548828
v 0.10352762043476105 3.158546209335327 -7.768834590911865
v 0.10352762043476105 3.486093282699585 -7.627473831176758
v 0.10352762043476105 3.8073325157165527 -7.472310543060303
v 0.20000000298023224 3.7891907691955566 7.436705589294434
v 0.20000000298023224 3.469482660293579 7.591130256652832
v 0.20000000298023224 3.143495798110962 7.73181676864624
v 0.20000000298023224 2.8118209838867188 7.858512878417969
v 0.20000000298023224 2.475057601928711 7.970987796783447
v 0.20000000298023224 2.1338155269622803 8.069039344787598
v 0.20000000298023224 1.7887122631072998 8.152488708496094
v 0.20000000298023224 1.4403718709945679 8.221185684204102
v 0.20000000298023224 1.0894250869750977 8.275005340576172
v 0.20000000298023224 0.7365068793296814 8.313851356506348
v 0.20000000298023224 0.38225629925727844 8.337652206420898
v 0.20000000298023224 0.027313465252518654 8.346365928649902
v 0.20000000298023224 -0.32767853140830994 8.339975357055664
v 0.20000000298023224 -0.6820775270462036 8.318493843078613
v 0.20000000298023224 -1.0352424383163452 8.28195858001709
v 0.20000000298023224 -1.3865337371826172 8.230436325073242
v 0.20000000298023224 -1.7353163957595825 8.164021492004395
v 0.20000000298023224 -2.080958366394043 8.082832336425781
v 0.20000000298023224 -2.422835111618042 7.987016201019287
v 0.20000000298023224 -2.760327100753784 7.8767476081848145
v 0.20000000298023224 -3.0928242206573486 7.752225399017334
v 0.20000000298023224 -3.419724941253662 7.613674640655518
v 0.20000000298023224 -3.7404370307922363 7.461346626281738
v 0.20000000298023224 -4.054380416870117 7.2955169677734375
v 0.20000000298023224 -4.360987663269043 7.116484642028809
v 0.20000000298023224 -4.659702777862549 6.924574375152588
v 0.20000000298023224 -4.949985504150391 6.720134258270264
v 0.20000000298023224 -5.231311321258545 6.503532886505127
v 0.20000000298023224 -5.503170490264893 6.275163650512695
v 0.20000000298023224 -5.765071392059326 6.035438060760498
v 0.20000000298023224 -6.016540050506592 5.784791469573975
v 0.20000000298023224 -6.2571210861206055 5.52367639541626
v 0.20000000298023224 -6.486379146575928 5.252566337585449
v 0.20000000298023224 -6.703899383544922 4.971950531005859
v 0.20000000298023224 -6.9092888832092285 4.682338237762451
v 0.20000000298023224 -7.102175712585449 4.384252548217773
v 0.20000000298023224 -7.282209396362305 4.078233242034912
v 0.20000000298023224 -7.449066638946533 3.764834403991699
v 0.20000000298023224 -7.602443218231201 3.444622278213501
v 0.20000000298023224 -7.742063045501709 3.1181769371032715
v 0.20000000298023224 -7.867672443389893 2.7860889434814453
v 0.20000000298023224 -7.979045391082764 2.4489593505859375
v 0.20000000298023224 -8.075979232788086 2.107398271560669
v 0.20000000298023224 -8.15829849243164 1.762023687362671
v 0.20000000298023224 -8.225854873657227 1.4134604930877686
v 0.20000000298023224 -8.278526306152344 1.0623393058776855
v 0.20000000298023224 -8.316217422485352 0.7092961072921753
v 0.20000000298023224 -8.338858604431152 0.3549691140651703
v 0.20000000298023224 -8.346410751342773 -5.800890878759901e-9
v 0.20000000298023224 -8.338858604431152 -0.3549690544605255
v 0.20000000298023224 -8.316216468811035 -0.7092960476875305
v 0.20000000298023224 -8.278526306152344 -1.062339425086975
v 0.20000000298023224 -8.225854873657227 -1.4134604930877686
v 0.20000000298023224 -8.15829849243164 -1.7620235681533813
v 0.20000000298023224 -8.075979232788086 -2.10739803314209
v 0.20000000298023224 -7.9790449142456055 -2.4489595890045166
v 0.20000000298023224 -7.867672920227051 -2.7860889434814453
v 0.20000000298023224 -7.742063045501709 -3.1181769371032715
v 0.20000000298023224 -7.602443218231201 -3.44462251663208
v 0.20000000298023224 -7.449066162109375 -3.76483416557312
v 0.20000000298023224 -7.282209873199463 -4.078233242034912
v 0.20000000298023224 -7.102175235748291 -4.384252548217773
v 0.20000000298023224 -6.9092888832092285 -4.682338237762451
v 0.20000000298023224 -6.70389986038208 -4.971951007843018
v 0.20000000298023224 -6.486379146575928 -5.252565860748291
v 0.20000000298023224 -6.2571210861206055 -5.52367639541626
v 0.20000000298023224 -6.016540050506592 -5.784791469573975
v 0.20000000298023224 -5.765071392059326 -6.035438537597656
v 0.20000000298023224 -5.503170490264893 -6.275163173675537
v 0.20000000298023224 -5.231311321258545 -6.503532886505127
v 0.20000000298023224 -4.949985504150391 -6.720134258270264
v 0.20000000298023224 -4.659702777862549 -6.924574851989746
v 0.20000000298023224 -4.360987186431885 -7.11648416519165
v 0.20000000298023224 -4.054380893707275 -7.2955169677734375
v 0.20000000298023224 -3.7404370307922363 -7.461346626281738
v 0.20000000298023224 -3.419724702835083 -7.613674640655518
v 0.20000000298023224 -3.0928244590759277 -7.752225875854492
v 0.20000000298023224 -2.760327100753784 -7.8767476081848145
v 0.20000000298023224 -2.422834873199463 -7.987016677856445
v 0.20000000298023224 -2.080958366394043 -8.082831382751465
v 0.20000000298023224 -1.7353160381317139 -8.164020538330078
v 0.20000000298023224 -1.3865337371826172 -8.230436325073242
v 0.20000000298023224 -1.0352424383163452 -8.28195858001709
v 0.20000000298023224 -0.6820776462554932 -8.318492889404297
v 0.20000000298023224 -0.32767850160598755 -8.339975357055664
v 0.20000000298023224 0.02731351926922798 -8.346364974975586
v 0.20000000298023224 0.382256418466568 -8.337652206420898
v 0.20000000298023224 0.7365071177482605 -8.313851356506348
v 0.20000000298023224 1.0894253253936768 -8.275005340576172
v 0.20000000298023224 1.4403719902038574 -8.221185684204102
v 0.20000000298023224 1.7887121438980103 -8.152488708496094
v 0.20000000298023224 2.1338155269622803 -8.069039344787598
v 0.20000000298023224 2.475057363510132 -7.9709882736206055
v 0.20000000298023224 2.8118209838867188 -7.858512878417969
v 0.20000000298023224 3.143496036529541 -7.731817245483398
v 0.20000000298023224 3.469482660293579 -7.591129779815674
v 0.20000000298023224 3.7891907691955566 -7.436705589294434
v 0.2828427255153656 3.760331869125366 7.380066871643066
v 0.2828427255153656 3.443058490753174 7.533315181732178
v 0.2828427255153656 3.1195545196533203 7.6729302406311035
v 0.2828427255153656 2.790405750274658 7.798661708831787
v 0.2828427255153656 2.456207275390625 7.910280227661133
v 0.2828427255153656 2.1175639629364014 8.007584571838379
v 0.2828427255153656 1.7750890254974365 8.090397834777832
v 0.2828427255153656 1.4294016361236572 8.158571243286133
v 0.2828427255153656 1.0811278820037842 8.211981773376465
v 0.2828427255153656 0.730897843837738 8.250532150268555
v 0.2828427255153656 0.3793448209762573 8.274151802062988
v 0.2828427255153656 0.02710557170212269 8.282798767089844
v 0.2828427255153656 -0.32518306374549866 8.276456832885742
v 0.2828427255153656 -0.6768829226493835 8.255138397216797
v 0.2828427255153656 -1.027358055114746 8.218881607055664
v 0.2828427255153656 -1.3759737014770508 8.167752265930176
v 0.2828427255153656 -1.7220996618270874 8.101842880249023
v 0.2828427255153656 -2.0651097297668457 8.021271705627441
v 0.2828427255153656 -2.4043822288513184 7.9261860847473145
v 0.2828427255153656 -2.7393040657043457 7.8167572021484375
v 0.2828427255153656 -3.0692689418792725 7.693182945251465
v 0.2828427255153656 -3.393679618835449 7.555688381195068
v 0.2828427255153656 -3.711949586868286 7.404520034790039
v 0.2828427255153656 -4.023501873016357 7.23995304107666
v 0.2828427255153656 -4.327773571014404 7.062284469604492
v 0.2828427255153656 -4.624213695526123 6.871836185455322
v 0.2828427255153656 -4.912285804748535 6.668952941894531
v 0.2828427255153656 -5.191468715667725 6.454001426696777
v 0.2828427255153656 -5.461257457733154 6.227370738983154
v 0.2828427255153656 -5.721163749694824 5.989471435546875
v 0.2828427255153656 -5.970716953277588 5.740733623504639
v 0.2828427255153656 -6.209465503692627 5.481606960296631
v 0.2828427255153656 -6.436977863311768 5.21256160736084
v 0.2828427255153656 -6.652841567993164 4.934083461761475
v 0.2828427255153656 -6.856666564941406 4.646676540374756
v 0.2828427255153656 -7.048083782196045 4.350861549377441
v 0.2828427255153656 -7.226747035980225 4.047173023223877
v 0.2828427255153656 -7.392333507537842 3.7361607551574707
v 0.2828427255153656 -7.54454231262207 3.4183876514434814
v 0.2828427255153656 -7.683097839355469 3.094428300857544
v 0.2828427255153656 -7.807751178741455 2.7648696899414062
v 0.2828427255153656 -7.918275833129883 2.4303078651428223
v 0.2828427255153656 -8.014471054077148 2.0913479328155518
v 0.2828427255153656 -8.096163749694824 1.7486040592193604
v 0.2828427255153656 -8.163206100463867 1.4026951789855957
v 0.2828427255153656 -8.215476036071777 1.054248332977295
v 0.2828427255153656 -8.25287914276123 0.7038940191268921
v 0.2828427255153656 -8.275348663330078 0.35226571559906006
v 0.2828427255153656 -8.282842636108398 1.866436782904657e-8
v 0.2828427255153656 -8.275348663330078 -0.3522658050060272
v 0.2828427255153656 -8.25287914276123 -0.7038938403129578
v 0.2828427255153656 -8.215476036071777 -1.0542484521865845
v 0.2828427255153656 -8.163206100463867 -1.4026954174041748
v 0.2828427255153656 -8.096163749694824 -1.7486037015914917
v 0.2828427255153656 -8.014471054077148 -2.0913479328155518
v 0.2828427255153656 -7.918275833129883 -2.4303078651428223
v 0.2828427255153656 -7.807751655578613 -2.7648699283599854
v 0.2828427255153656 -7.683097839355469 -3.094428300857544
v 0.2828427255153656 -7.544541835784912 -3.4183874130249023
v 0.2828427255153656 -7.392333030700684 -3.7361605167388916
v 0.2828427255153656 -7.226747035980225 -4.047173023223877
v 0.2828427255153656 -7.048083782196045 -4.350861549377441
v 0.2828427255153656 -6.856666564941406 -4.646677017211914
v 0.2828427255153656 -6.652841567993164 -4.934083461761475
v 0.2828427255153656 -6.436977863311768 -5.212562084197998
v 0.2828427255153656 -6.209465503692627 -5.481607437133789
v 0.2828427255153656 -5.970716953277588 -5.740733623504639
v 0.2828427255153656 -5.721163749694824 -5.989471435546875
v 0.2828427255153656 -5.4612579345703125 -6.2273712158203125
v 0.2828427255153656 -5.191469192504883 -6.454001426696777
v 0.2828427255153656 -4.912285804748535 -6.668952941894531
v 0.2828427255153656 -4.624213218688965 -6.871835708618164
v 0.2828427255153656 -4.327773571014404 -7.06228494644165
v 0.2828427255153656 -4.023501396179199 -7.239952564239502
v 0.2828427255153656 -3.711949348449707 -7.404520034790039
v 0.2828427255153656 -3.393679618835449 -7.55568790435791
v 0.2828427255153656 -3.0692689418792725 -7.693183422088623
v 0.2828427255153656 -2.7393040657043457 -7.8167572021484375
v 0.2828427255153656 -2.4043824672698975 -7.926186561584473
v 0.2828427255153656 -2.0651097297668457 -8.021272659301758
v 0.2828427255153656 -1.722099781036377 -8.101841926574707
v 0.2828427255153656 -1.3759737014770508 -8.167752265930176
v 0.2828427255153656 -1.0273576974868774 -8.218881607055664
v 0.2828427255153656 -0.6768826842308044 -8.255138397216797
v 0.2828427255153656 -0.3251827657222748 -8.276456832885742
v 0.2828427255153656 0.02710556797683239 -8.282797813415527
v 0.2828427255153656 0.37934476137161255 -8.274150848388672
v 0.2828427255153656 0.7308979034423828 -8.250532150268555
v 0.2828427255153656 1.0811281204223633 -8.211981773376465
v 0.2828427255153656 1.4294018745422363 -8.158571243286133
v 0.2828427255153656 1.7750892639160156 -8.090397834777832
v 0.2828427255153656 2.1175639629364014 -8.007584571838379
v 0.2828427255153656 2.456207513809204 -7.910280227661133
v 0.2828427255153656 2.790405750274658 -7.798661231994629
v 0.2828427255153656 3.1195545196533203 -7.6729302406311035
v 0.2828427255153656 3.443058729171753 -7.5333147048950195
v 0.2828427255153656 3.7603321075439453 -7.380066871643066
v 0.3464101552963257 3.722722053527832 7.306253433227539
v 0.3464101552963257 3.4086222648620605 7.4579691886901855
v 0.3464101552963257 3.0883538722991943 7.596188545227051
v 0.3464101552963257 2.7624964714050293 7.720661163330078
v 0.3464101552963257 2.431641101837158 7.8311638832092285
v 0.3464101552963257 2.0963847637176514 7.927494525909424
v 0.3464101552963257 1.7573349475860596 8.009480476379395
v 0.3464101552963257 1.4151051044464111 8.076972007751465
v 0.3464101552963257 1.070314645767212 8.129847526550293
v 0.3464101552963257 0.7235875725746155 8.168012619018555
v 0.3464101552963257 0.37555062770843506 8.19139575958252
v 0.3464101552963257 0.0268345195800066 8.199955940246582
v 0.3464101552963257 -0.3219306766986847 8.19367790222168
v 0.3464101552963257 -0.6701127886772156 8.17257308959961
v 0.3464101552963257 -1.0170824527740479 8.136678695678711
v 0.3464101552963257 -1.3622115850448608 8.086060523986816
v 0.3464101552963257 -1.7048758268356323 8.0208101272583
v 0.3464101552963257 -2.044455051422119 7.941045761108398
v 0.3464101552963257 -2.3803343772888184 7.84691047668457
v 0.3464101552963257 -2.7119064331054688 7.738576412200928
v 0.3464101552963257 -3.0385708808898926 7.616238117218018
v 0.3464101552963257 -3.359736919403076 7.480118274688721
v 0.3464101552963257 -3.67482328414917 7.3304619789123535
v 0.3464101552963257 -3.983259916305542 7.167540550231934
v 0.3464101552963257 -4.284488201141357 6.991649150848389
v 0.3464101552963257 -4.577963829040527 6.803106307983398
v 0.3464101552963257 -4.863154411315918 6.6022515296936035
v 0.3464101552963257 -5.139545440673828 6.389450550079346
v 0.3464101552963257 -5.406635761260986 6.165086269378662
v 0.3464101552963257 -5.663942337036133 5.929566383361816
v 0.3464101552963257 -5.910999774932861 5.683316707611084
v 0.3464101552963257 -6.147360324859619 5.426782131195068
v 0.3464101552963257 -6.372596740722656 5.160427093505859
v 0.3464101552963257 -6.586301326751709 4.884734153747559
v 0.3464101552963257 -6.788087844848633 4.6002020835876465
v 0.3464101552963257 -6.977591037750244 4.307345390319824
v 0.3464101552963257 -7.1544671058654785 4.006694316864014
v 0.3464101552963257 -7.31839656829834 3.6987924575805664
v 0.3464101552963257 -7.469083309173584 3.38419771194458
v 0.3464101552963257 -7.606253623962402 3.063478469848633
v 0.3464101552963257 -7.7296600341796875 2.737215995788574
v 0.3464101552963257 -7.839078903198242 2.4060003757476807
v 0.3464101552963257 -7.93431282043457 2.0704309940338135
v 0.3464101552963257 -8.015188217163086 1.7311147451400757
v 0.3464101552963257 -8.081559181213379 1.3886659145355225
v 0.3464101552963257 -8.133306503295898 1.0437042713165283
v 0.3464101552963257 -8.170336723327637 0.6968539953231812
v 0.3464101552963257 -8.192581176757812 0.3487424850463867
v 0.3464101552963257 -8.199999809265137 9.94153204203485e-9
v 0.3464101552963257 -8.192580223083496 -0.3487425148487091
v 0.3464101552963257 -8.170336723327637 -0.696853756904602
v 0.3464101552963257 -8.133306503295898 -1.0437040328979492
v 0.3464101552963257 -8.081559181213379 -1.3886662721633911
v 0.3464101552963257 -8.015188217163086 -1.7311148643493652
v 0.3464101552963257 -7.934312343597412 -2.0704309940338135
v 0.3464101552963257 -7.839078903198242 -2.4060003757476807
v 0.3464101552963257 -7.7296600341796875 -2.7372164726257324
v 0.3464101552963257 -7.6062541007995605 -3.063478469848633
v 0.3464101552963257 -7.469083309173584 -3.38419771194458
v 0.3464101552963257 -7.318397045135498 -3.6987926959991455
v 0.3464101552963257 -7.1544671058654785 -4.006694316864014
v 0.3464101552963257 -6.977591037750244 -4.307345390319824
v 0.3464101552963257 -6.788088321685791 -4.6002020835876465
v 0.3464101552963257 -6.586301803588867 -4.884734630584717
v 0.3464101552963257 -6.372596740722656 -5.160427093505859
v 0.3464101552963257 -6.147360324859619 -5.42678165435791
v 0.3464101552963257 -5.910999298095703 -5.683316230773926
v 0.3464101552963257 -5.663942337036133 -5.929566383361816
v 0.3464101552963257 -5.406635761260986 -6.165086269378662
v 0.3464101552963257 -5.139545440673828 -6.3894500732421875
v 0.3464101552963257 -4.863154411315918 -6.6022515296936035
v 0.3464101552963257 -4.577963829040527 -6.803106307983398
v 0.3464101552963257 -4.284488201141357 -6.991649150848389
v 0.3464101552963257 -3.983259916305542 -7.167541027069092
v 0.3464101552963257 -3.67482328414917 -7.3304619789123535
v 0.3464101552963257 -3.359736919403076 -7.4801177978515625
v 0.3464101552963257 -3.0385711193084717 -7.616238594055176
v 0.3464101552963257 -2.7119064331054688 -7.738576412200928
v 0.3464101552963257 -2.3803343772888184 -7.8469109535217285
v 0.3464101552963257 -2.044455051422119 -7.941045761108398
v 0.3464101552963257 -1.7048759460449219 -8.0208101272583
v 0.3464101552963257 -1.3622115850448608 -8.086060523986816
v 0.3464101552963257 -1.0170824527740479 -8.136678695678711
v 0.3464101552963257 -0.670112669467926 -8.17257308959961
v 0.3464101552963257 -0.321930468082428 -8.19367790222168
v 0.3464101552963257 0.026834527030587196 -8.199955940246582
v 0.3464101552963257 0.3755507171154022 -8.19139575958252
v 0.3464101552963257 0.7235874533653259 -8.168011665344238
v 0.3464101552963257 1.0703147649765015 -8.12984848022461
v 0.3464101552963257 1.4151053428649902 -8.076972007751465
v 0.3464101552963257 1.7573351860046387 -8.009480476379395
v 0.3464101552963257 2.0963850021362305 -7.927494525909424
v 0.3464101552963257 2.431641101837158 -7.83116340637207
v 0.3464101552963257 2.7624964714050293 -7.720661163330078
v 0.3464101552963257 3.088353395462036 -7.596188068389893
v 0.3464101552963257 3.4086217880249023 -7.457968711853027
v 0.3464101552963257 3.722722053527832 -7.306253433227539
v 0.38637033104896545 3.678924798965454 7.220296382904053
v 0.38637033104896545 3.3685195446014404 7.37022590637207
v 0.38637033104896545 3.0520195960998535 7.506819725036621
v 0.38637033104896545 2.7299964427948 7.629828929901123
v 0.38637033104896545 2.4030327796936035 7.739030361175537
v 0.38637033104896545 2.071721076965332 7.834228515625
v 0.38637033104896545 1.7366600036621094 7.915248870849609
v 0.38637033104896545 1.3984565734863281 7.98194694519043
v 0.38637033104896545 1.0577226877212524 8.034200668334961
v 0.38637033104896545 0.7150745391845703 8.071916580200195
v 0.38637033104896545 0.371132493019104 8.095024108886719
v 0.38637033104896545 0.026518644765019417 8.103484153747559
v 0.38637033104896545 -0.31814298033714294 8.09727954864502
v 0.38637033104896545 -0.6622291803359985 8.076423645019531
v 0.38637033104896545 -1.0051167011260986 8.0409517288208
v 0.38637033104896545 -1.3461854457855225 7.990928649902344
v 0.38637033104896545 -1.6848182678222656 7.926445960998535
v 0.38637033104896545 -2.020401954650879 7.847619533538818
v 0.38637033104896545 -2.352329969406128 7.754592418670654
v 0.38637033104896545 -2.6800012588500977 7.6475324630737305
v 0.38637033104896545 -3.0028223991394043 7.5266337394714355
v 0.38637033104896545 -3.3202097415924072 7.392115116119385
v 0.38637033104896545 -3.631589412689209 7.2442193031311035
v 0.38637033104896545 -3.936396837234497 7.083215236663818
v 0.38637033104896545 -4.234081745147705 6.909393310546875
v 0.38637033104896545 -4.524104118347168 6.723067760467529
v 0.38637033104896545 -4.8059401512146 6.524576663970947
v 0.38637033104896545 -5.0790791511535645 6.314278602600098
v 0.38637033104896545 -5.343027114868164 6.092554569244385
v 0.38637033104896545 -5.597306251525879 5.859805583953857
v 0.38637033104896545 -5.841456890106201 5.616452693939209
v 0.38637033104896545 -6.075037002563477 5.362936019897461
v 0.38637033104896545 -6.297623634338379 5.099715232849121
v 0.38637033104896545 -6.508814811706543 4.827265739440918
v 0.38637033104896545 -6.708227157592773 4.546081066131592
v 0.38637033104896545 -6.895500659942627 4.256669998168945
v 0.38637033104896545 -7.070295810699463 3.9595558643341064
v 0.38637033104896545 -7.232296466827393 3.6552765369415283
v 0.38637033104896545 -7.381209850311279 3.3443827629089355
v 0.38637033104896545 -7.516766548156738 3.0274369716644287
v 0.38637033104896545 -7.638720989227295 2.7050130367279053
v 0.38637033104896545 -7.746852874755859 2.3776941299438477
v 0.38637033104896545 -7.84096622467041 2.046072483062744
v 0.38637033104896545 -7.920889854431152 1.7107480764389038
v 0.38637033104896545 -7.986480712890625 1.3723284006118774
v 0.38637033104896545 -8.037619590759277 1.0314252376556396
v 0.38637033104896545 -8.074213027954102 0.688655436038971
v 0.38637033104896545 -8.096196174621582 0.3446396589279175
v 0.38637033104896545 -8.103528022766113 -3.8781376332508444e-8
v 0.38637033104896545 -8.096195220947266 -0.34463950991630554
v 0.38637033104896545 -8.074213027954102 -0.6886555552482605
v 0.38637033104896545 -8.037619590759277 -1.03142511844635
v 0.38637033104896545 -7.986480712890625 -1.372328281402588
v 0.38637033104896545 -7.9208903312683105 -1.7107484340667725
v 0.38637033104896545 -7.84096622467041 -2.046072483062744
v 0.38637033104896545 -7.746853351593018 -2.3776938915252686
v 0.38637033104896545 -7.638721466064453 -2.7050132751464844
v 0.38637033104896545 -7.516766548156738 -3.0274369716644287
v 0.38637033104896545 -7.3812103271484375 -3.3443830013275146
v 0.38637033104896545 -7.232296466827393 -3.6552767753601074
v 0.38637033104896545 -7.070295333862305 -3.9595556259155273
v 0.38637033104896545 -6.895500183105469 -4.256669521331787
v 0.38637033104896545 -6.708227157592773 -4.546081066131592
v 0.38637033104896545 -6.508814811706543 -4.827265739440918
v 0.38637033104896545 -6.297623634338379 -5.099715232849121
v 0.38637033104896545 -6.075037002563477 -5.362936019897461
v 0.38637033104896545 -5.841456890106201 -5.616452693939209
v 0.38637033104896545 -5.597306728363037 -5.859805583953857
v 0.38637033104896545 -5.343027114868164 -6.092554569244385
v 0.38637033104896545 -5.0790791511535645 -6.314278602600098
v 0.38637033104896545 -4.8059401512146 -6.5245771408081055
v 0.38637033104896545 -4.524104118347168 -6.7230682373046875
v 0.38637033104896545 -4.234081745147705 -6.909393310546875
v 0.38637033104896545 -3.936397075653076 -7.083215236663818
v 0.38637033104896545 -3.631589651107788 -7.24422025680542
v 0.38637033104896545 -3.3202097415924072 -7.392114639282227
v 0.38637033104896545 -3.002822160720825 -7.5266337394714355
v 0.38637033104896545 -2.6800012588500977 -7.647532939910889
v 0.38637033104896545 -2.352329969406128 -7.754592418670654
v 0.38637033104896545 -2.020401954650879 -7.847619533538818
v 0.38637033104896545 -1.6848180294036865 -7.926445960998535
v 0.38637033104896545 -1.3461854457855225 -7.990929126739502
v 0.38637033104896545 -1.005116581916809 -8.0409517288208
v 0.38637033104896545 -0.6622289419174194 -8.076422691345215
v 0.38637033104896545 -0.31814295053482056 -8.097280502319336
v 0.38637033104896545 0.026518741622567177 -8.103484153747559
v 0.38637033104896545 0.3711322247982025 -8.095024108886719
v 0.38637033104896545 0.7150744795799255 -8.071915626525879
v 0.38637033104896545 1.057722568511963 -8.034200668334961
v 0.38637033104896545 1.3984564542770386 -7.98194694519043
v 0.38637033104896545 1.7366600036621094 -7.915249347686768
v 0.38637033104896545 2.071721076965332 -7.834228515625
v 0.38637033104896545 2.4030330181121826 -7.739030361175537
v 0.38637033104896545 2.7299962043762207 -7.629828453063965
v 0.38637033104896545 3.0520193576812744 -7.506819248199463
v 0.38637033104896545 3.3685200214385986 -7.37022590637207
v 0.38637033104896545 3.678924560546875 -7.2202959060668945
v 0.4000000059604645 3.6319239139556885 7.128052234649658
v 0.4000000059604645 3.3254847526550293 7.276066780090332
v 0.4000000059604645 3.0130279064178467 7.410914897918701
v 0.4000000059604645 2.6951189041137695 7.532352447509766
v 0.4000000059604645 2.3723325729370117 7.640159606933594
v 0.4000000059604645 2.0452535152435303 7.7341413497924805
v 0.4000000059604645 1.7144733667373657 7.814126968383789
v 0.4000000059604645 1.3805904388427734 7.879972457885742
v 0.4000000059604645 1.0442094802856445 7.931559085845947
v 0.4000000059604645 0.7059389352798462 7.968791961669922
v 0.4000000059604645 0.3663909137248993 7.991605281829834
v 0.4000000059604645 0.026179706677794456 7.999957084655762
v 0.4000000059604645 -0.3140784800052643 7.993832111358643
v 0.4000000059604645 -0.6537685394287109 7.973241806030273
v 0.4000000059604645 -0.9922753572463989 7.938223361968994
v 0.4000000059604645 -1.3289871215820312 7.8888397216796875
v 0.4000000059604645 -1.6632933616638184 7.825181007385254
v 0.4000000059604645 -1.9945900440216064 7.747361183166504
v 0.4000000059604645 -2.322277307510376 7.655522346496582
v 0.4000000059604645 -2.6457622051239014 7.549830436706543
v 0.4000000059604645 -2.9644596576690674 7.430476188659668
v 0.4000000059604645 -3.277792453765869 7.2976765632629395
v 0.4000000059604645 -3.585193634033203 7.151670455932617
v 0.4000000059604645 -3.8861072063446045 6.992722511291504
v 0.4000000059604645 -4.179988384246826 6.8211212158203125
v 0.4000000059604645 -4.466305732727051 6.637176513671875
v 0.4000000059604645 -4.744541168212891 6.441221237182617
v 0.4000000059604645 -5.014190673828125 6.233609676361084
v 0.4000000059604645 -5.274766445159912 6.014718055725098
v 0.4000000059604645 -5.525797367095947 5.784942626953125
v 0.4000000059604645 -5.766829013824463 5.544698715209961
v 0.4000000059604645 -5.997424602508545 5.294421672821045
v 0.4000000059604645 -6.217167854309082 5.034563064575195
v 0.4000000059604645 -6.425660133361816 4.765594482421875
v 0.4000000059604645 -6.622525215148926 4.488001823425293
v 0.4000000059604645 -6.807405948638916 4.2022881507873535
v 0.4000000059604645 -6.979968070983887 3.9089698791503906
v 0.4000000059604645 -7.139899253845215 3.6085779666900635
v 0.4000000059604645 -7.286910533905029 3.3016562461853027
v 0.4000000059604645 -7.420735836029053 2.988759756088257
v 0.4000000059604645 -7.541131973266602 2.670454978942871
v 0.4000000059604645 -7.647882461547852 2.347317695617676
v 0.4000000059604645 -7.740792751312256 2.019932508468628
v 0.4000000059604645 -7.819695472717285 1.6888922452926636
v 0.4000000059604645 -7.884448528289795 1.354796051979065
v 0.4000000059604645 -7.934933662414551 1.0182479619979858
v 0.4000000059604645 -7.971059799194336 0.6798574328422546
v 0.4000000059604645 -7.992761611938477 0.3402363657951355
v 0.4000000059604645 -8 9.348791962793257e-8
v 0.4000000059604645 -7.992761611938477 -0.34023645520210266
v 0.4000000059604645 -7.971059322357178 -0.6798573732376099
v 0.4000000059604645 -7.934933662414551 -1.0182480812072754
v 0.4000000059604645 -7.884448528289795 -1.354796051979065
v 0.4000000059604645 -7.819695472717285 -1.6888922452926636
v 0.4000000059604645 -7.740792751312256 -2.019932746887207
v 0.4000000059604645 -7.647881984710693 -2.3473174571990967
v 0.4000000059604645 -7.541131973266602 -2.67045521736145
v 0.4000000059604645 -7.420735836029053 -2.988759756088257
v 0.4000000059604645 -7.286910533905029 -3.3016560077667236
v 0.4000000059604645 -7.139899253845215 -3.6085782051086426
v 0.4000000059604645 -6.979968070983887 -3.9089698791503906
v 0.4000000059604645 -6.807405948638916 -4.202287673950195
v 0.4000000059604645 -6.622525215148926 -4.488001823425293
v 0.4000000059604645 -6.425660133361816 -4.765594482421875
v 0.4000000059604645 -6.217167377471924 -5.034563064575195
v 0.4000000059604645 -5.997424602508545 -5.294421195983887
v 0.4000000059604645 -5.766829013824463 -5.544698715209961
v 0.4000000059604645 -5.525797367095947 -5.784942626953125
v 0.4000000059604645 -5.274766445159912 -6.014718532562256
v 0.4000000059604645 -5.014190673828125 -6.233610153198242
v 0.4000000059604645 -4.744541168212891 -6.441221237182617
v 0.4000000059604645 -4.466305732727051 -6.637176513671875
v 0.4000000059604645 -4.179988384246826 -6.8211212158203125
v 0.4000000059604645 -3.8861072063446045 -6.992722511291504
v 0.4000000059604645 -3.585193634033203 -7.151670455932617
v 0.4000000059604645 -3.27779221534729 -7.297676086425781
v 0.4000000059604645 -2.9644594192504883 -7.430476188659668
v 0.4000000059604645 -2.6457622051239014 -7.549830436706543
v 0.4000000059604645 -2.322277307510376 -7.65552282333374
v 0.4000000059604645 -1.994590163230896 -7.747361183166504
v 0.4000000059604645 -1.663293480873108 -7.825180530548096
v 0.4000000059604645 -1.3289870023727417 -7.8888397216796875
v 0.4000000059604645 -0.9922754764556885 -7.938223361968994
v 0.4000000059604645 -0.6537684798240662 -7.973241806030273
v 0.4000000059604645 -0.3140784204006195 -7.993832111358643
v 0.4000000059604645 0.026179958134889603 -7.999957084655762
v 0.4000000059604645 0.3663908541202545 -7.991605281829834
v 0.4000000059604645 0.7059389352798462 -7.96879243850708
v 0.4000000059604645 1.044209599494934 -7.931559085845947
v 0.4000000059604645 1.3805906772613525 -7.879972457885742
v 0.4000000059604645 1.7144732475280762 -7.814126968383789
v 0.4000000059604645 2.0452535152435303 -7.7341413497924805
v 0.4000000059604645 2.3723325729370117 -7.6401591300964355
v 0.4000000059604645 2.6951186656951904 -7.532352447509766
v 0.4000000059604645 3.013028144836426 -7.410915374755859
v 0.4000000059604645 3.3254847526550293 -7.27606725692749
v 0.4000000059604645 3.6319241523742676 -7.128052234649658
v 0.38637033104896545 3.584923505783081 7.035808563232422
v 0.38637033104896545 3.282449722290039 7.181907653808594
v 0.38637033104896545 2.974036455154419 7.3150105476379395
v 0.38637033104896545 2.6602416038513184 7.434876918792725
v 0.38637033104896545 2.34163236618042 7.54128885269165
v 0.38637033104896545 2.0187859535217285 7.634054183959961
v 0.38637033104896545 1.6922862529754639 7.7130045890808105
v 0.38637033104896545 1.3627243041992188 7.777998447418213
v 0.38637033104896545 1.0306963920593262 7.828917026519775
v 0.38637033104896545 0.6968035101890564 7.865668773651123
v 0.38637033104896545 0.3616495132446289 7.888186454772949
v 0.38637033104896545 0.02584119699895382 7.896430015563965
v 0.38637033104896545 -0.31001394987106323 7.890384674072266
v 0.38637033104896545 -0.6453083157539368 7.870060920715332
v 0.38637033104896545 -0.9794346690177917 7.8354949951171875
v 0.38637033104896545 -1.31178879737854 7.786750793457031
v 0.38637033104896545 -1.6417688131332397 7.7239155769348145
v 0.38637033104896545 -1.968778133392334 7.647103309631348
v 0.38637033104896545 -2.292224884033203 7.556453227996826
v 0.38637033104896545 -2.6115236282348633 7.452128887176514
v 0.38637033104896545 -2.9260966777801514 7.334319114685059
v 0.38637033104896545 -3.235374689102173 7.203237533569336
v 0.38637033104896545 -3.5387978553771973 7.059121131896973
v 0.38637033104896545 -3.835817337036133 6.902230739593506
v 0.38637033104896545 -4.1258955001831055 6.732849597930908
v 0.38637033104896545 -4.408507347106934 6.551285266876221
v 0.38637033104896545 -4.683142185211182 6.357865333557129
v 0.38637033104896545 -4.9493021965026855 6.1529412269592285
v 0.38637033104896545 -5.206506252288818 5.936882495880127
v 0.38637033104896545 -5.454288005828857 5.710080146789551
v 0.38637033104896545 -5.692200183868408 5.472945213317871
v 0.38637033104896545 -5.919812202453613 5.2259063720703125
v 0.38637033104896545 -6.136711597442627 4.9694108963012695
v 0.38637033104896545 -6.342505931854248 4.703923225402832
v 0.38637033104896545 -6.536823272705078 4.429923057556152
v 0.38637033104896545 -6.719311237335205 4.147906303405762
v 0.38637033104896545 -6.889640808105469 3.858384132385254
v 0.38637033104896545 -7.047502040863037 3.5618796348571777
v 0.38637033104896545 -7.192611217498779 3.25892972946167
v 0.38637033104896545 -7.324703693389893 2.950082302093506
v 0.38637033104896545 -7.44354248046875 2.635896682739258
v 0.38637033104896545 -7.548911094665527 2.316941022872925
v 0.38637033104896545 -7.640619277954102 1.9937927722930908
v 0.38637033104896545 -7.718501091003418 1.6670364141464233
v 0.38637033104896545 -7.782416343688965 1.337263822555542
v 0.38637033104896545 -7.832248210906982 1.0050710439682007
v 0.38637033104896545 -7.86790657043457 0.6710594296455383
v 0.38637033104896545 -7.889327526092529 0.33583351969718933
v 0.38637033104896545 -7.896472454071045 1.3324707559547733e-8
v 0.38637033104896545 -7.8893280029296875 -0.33583343029022217
v 0.38637033104896545 -7.86790657043457 -0.6710595488548279
v 0.38637033104896545 -7.832247734069824 -1.0050711631774902
v 0.38637033104896545 -7.782416343688965 -1.337263584136963
v 0.38637033104896545 -7.718501567840576 -1.6670362949371338
v 0.38637033104896545 -7.64061975479126 -1.9937928915023804
v 0.38637033104896545 -7.548911094665527 -2.316941261291504
v 0.38637033104896545 -7.44354248046875 -2.6358964443206787
v 0.38637033104896545 -7.324704170227051 -2.950082540512085
v 0.38637033104896545 -7.192610740661621 -3.25892972946167
v 0.38637033104896545 -7.047502517700195 -3.5618796348571777
v 0.38637033104896545 -6.8896403312683105 -3.858384132385254
v 0.38637033104896545 -6.719311714172363 -4.14790678024292
v 0.38637033104896545 -6.536823272705078 -4.429923057556152
v 0.38637033104896545 -6.342505931854248 -4.703922748565674
v 0.38637033104896545 -6.136711597442627 -4.969411373138428
v 0.38637033104896545 -5.919812202453613 -5.2259063720703125
v 0.38637033104896545 -5.692200660705566 -5.472945213317871
v 0.38637033104896545 -5.454288005828857 -5.710080146789551
v 0.38637033104896545 -5.206506252288818 -5.936882495880127
v 0.38637033104896545 -4.9493021965026855 -6.15294075012207
v 0.38637033104896545 -4.683142185211182 -6.357865810394287
v 0.38637033104896545 -4.408507347106934 -6.551285266876221
v 0.38637033104896545 -4.1258955001831055 -6.732849597930908
v 0.38637033104896545 -3.835817337036133 -6.902230262756348
v 0.38637033104896545 -3.538797616958618 -7.0591206550598145
v 0.38637033104896545 -3.2353744506835938 -7.203237056732178
v 0.38637033104896545 -2.9260964393615723 -7.334319114685059
v 0.38637033104896545 -2.6115236282348633 -7.4521284103393555
v 0.38637033104896545 -2.292224884033203 -7.556452751159668
v 0.38637033104896545 -1.9687782526016235 -7.647103309631348
v 0.38637033104896545 -1.6417689323425293 -7.7239155769348145
v 0.38637033104896545 -1.3117884397506714 -7.786750793457031
v 0.38637033104896545 -0.979434609413147 -7.8354949951171875
v 0.38637033104896545 -0.645308256149292 -7.870060443878174
v 0.38637033104896545 -0.31001389026641846 -7.890384197235107
v 0.38637033104896545 0.025840960443019867 -7.896430015563965
v 0.38637033104896545 0.3616494834423065 -7.888186454772949
v 0.38637033104896545 0.6968035101890564 -7.865668773651123
v 0.38637033104896545 1.0306967496871948 -7.828917026519775
v 0.38637033104896545 1.3627243041992188 -7.777998447418213
v 0.38637033104896545 1.6922862529754639 -7.713005065917969
v 0.38637033104896545 2.0187857151031494 -7.634053707122803
v 0.38637033104896545 2.34163236618042 -7.54128885269165
v 0.38637033104896545 2.6602413654327393 -7.434876918792725
v 0.38637033104896545 2.974036455154419 -7.315011024475098
v 0.38637033104896545 3.282449960708618 -7.181907653808594
v 0.38637033104896545 3.58492374420166 -7.035808563232422
v 0.3464101552963257 3.541126012802124 6.949851036071777
v 0.3464101552963257 3.2423477172851562 7.094165325164795
v 0.3464101552963257 2.9377024173736572 7.225642204284668
v 0.3464101552963257 2.6277408599853516 7.344043731689453
v 0.3464101552963257 2.3130242824554443 7.449155807495117
v 0.3464101552963257 1.99412202835083 7.540787220001221
v 0.3464101552963257 1.6716113090515137 7.618773460388184
v 0.3464101552963257 1.3460758924484253 7.682973384857178
v 0.3464101552963257 1.0181041955947876 7.733269691467285
v 0.3464101552963257 0.6882904767990112 7.7695722579956055
v 0.3464101552963257 0.35723116993904114 7.791815280914307
v 0.3464101552963257 0.025525322183966637 7.799958229064941
v 0.3464101552963257 -0.3062264919281006 7.793986797332764
v 0.3464101552963257 -0.6374242305755615 7.773910999298096
v 0.3464101552963257 -0.9674687385559082 7.739768028259277
v 0.3464101552963257 -1.2957624197006226 7.691618919372559
v 0.3464101552963257 -1.6217111349105835 7.629551410675049
v 0.3464101552963257 -1.9447253942489624 7.553677082061768
v 0.3464101552963257 -2.2642202377319336 7.464134693145752
v 0.3464101552963257 -2.579618215560913 7.361084938049316
v 0.3464101552963257 -2.890347957611084 7.244714260101318
v 0.3464101552963257 -3.195847511291504 7.115234375
v 0.3464101552963257 -3.495563507080078 6.972878456115723
v 0.3464101552963257 -3.788954496383667 6.817904472351074
v 0.3464101552963257 -4.075489044189453 6.650593280792236
v 0.3464101552963257 -4.354648113250732 6.47124719619751
v 0.3464101552963257 -4.625927448272705 6.280190467834473
v 0.3464101552963257 -4.888835906982422 6.077769756317139
v 0.3464101552963257 -5.142897605895996 5.864350318908691
v 0.3464101552963257 -5.387652397155762 5.640319347381592
v 0.3464101552963257 -5.6226582527160645 5.406081676483154
v 0.3464101552963257 -5.847489356994629 5.162060737609863
v 0.3464101552963257 -6.06173849105835 4.908699035644531
v 0.3464101552963257 -6.265018939971924 4.646454811096191
v 0.3464101552963257 -6.456961631774902 4.375802040100098
v 0.3464101552963257 -6.637220859527588 4.097230911254883
v 0.3464101552963257 -6.805468559265137 3.8112456798553467
v 0.3464101552963257 -6.96140193939209 3.5183637142181396
v 0.3464101552963257 -7.104737758636475 3.2191147804260254
v 0.3464101552963257 -7.235217094421387 2.9140408039093018
v 0.3464101552963257 -7.352603435516357 2.6036934852600098
v 0.3464101552963257 -7.4566850662231445 2.2886345386505127
v 0.3464101552963257 -7.5472731590271 1.9694342613220215
v 0.3464101552963257 -7.624203681945801 1.6466701030731201
v 0.3464101552963257 -7.6873369216918945 1.3209260702133179
v 0.3464101552963257 -7.736560344696045 0.9927918314933777
v 0.3464101552963257 -7.771783351898193 0.6628608703613281
v 0.3464101552963257 -7.792942523956299 0.3317306935787201
v 0.3464101552963257 -7.800000190734863 -3.539820170317398e-8
v 0.3464101552963257 -7.792942523956299 -0.3317306637763977
v 0.3464101552963257 -7.771783351898193 -0.662861168384552
v 0.3464101552963257 -7.736559867858887 -0.9927918314933777
v 0.3464101552963257 -7.687337398529053 -1.320926308631897
v 0.3464101552963257 -7.624203205108643 -1.6466701030731201
v 0.3464101552963257 -7.5472731590271 -1.9694342613220215
v 0.3464101552963257 -7.4566850662231445 -2.288634777069092
v 0.3464101552963257 -7.352603912353516 -2.6036932468414307
v 0.3464101552963257 -7.235217094421387 -2.914041042327881
v 0.3464101552963257 -7.104737758636475 -3.2191147804260254
v 0.3464101552963257 -6.96140193939209 -3.5183634757995605
v 0.3464101552963257 -6.805469036102295 -3.8112456798553467
v 0.3464101552963257 -6.63722038269043 -4.097230911254883
v 0.3464101552963257 -6.4569621086120605 -4.375802040100098
v 0.3464101552963257 -6.265018463134766 -4.646454334259033
v 0.3464101552963257 -6.06173849105835 -4.908699035644531
v 0.3464101552963257 -5.847488880157471 -5.162060737609863
v 0.3464101552963257 -5.622657775878906 -5.406081676483154
v 0.3464101552963257 -5.387652397155762 -5.640319347381592
v 0.3464101552963257 -5.142897129058838 -5.864350318908691
v 0.3464101552963257 -4.888835906982422 -6.077769756317139
v 0.3464101552963257 -4.625927448272705 -6.280190467834473
v 0.3464101552963257 -4.354648113250732 -6.47124719619751
v 0.3464101552963257 -4.075489044189453 -6.650593280792236
v 0.3464101552963257 -3.788954496383667 -6.817904472351074
v 0.3464101552963257 -3.4955637454986572 -6.972878456115723
v 0.3464101552963257 -3.195847511291504 -7.115234375
v 0.3464101552963257 -2.890348196029663 -7.244714736938477
v 0.3464101552963257 -2.579618215560913 -7.361084461212158
v 0.3464101552963257 -2.2642204761505127 -7.464134693145752
v 0.3464101552963257 -1.9447253942489624 -7.553677558898926
v 0.3464101552963257 -1.621711254119873 -7.629551410675049
v 0.3464101552963257 -1.295762300491333 -7.691618919372559
v 0.3464101552963257 -0.967468798160553 -7.739768028259277
v 0.3464101552963257 -0.6374245285987854 -7.773910999298096
v 0.3464101552963257 -0.30622658133506775 -7.7939863204956055
v 0.3464101552963257 0.025525391101837158 -7.799958229064941
v 0.3464101552963257 0.3572311997413635 -7.791815280914307
v 0.3464101552963257 0.6882905960083008 -7.769572734832764
v 0.3464101552963257 1.0181043148040771 -7.733270168304443
v 0.3464101552963257 1.3460758924484253 -7.682973384857178
v 0.3464101552963257 1.6716113090515137 -7.618773460388184
v 0.3464101552963257 1.9941219091415405 -7.540787696838379
v 0.3464101552963257 2.3130242824554443 -7.449155807495117
v 0.3464101552963257 2.6277408599853516 -7.344043731689453
v 0.3464101552963257 2.9377024173736572 -7.225642204284668
v 0.3464101552963257 3.2423479557037354 -7.094165325164795
v 0.3464101552963257 3.541126012802124 -6.949851036071777
v 0.2828427255153656 3.50351619720459 6.87603759765625
v 0.2828427255153656 3.207911252975464 7.018819332122803
v 0.2828427255153656 2.906501531600952 7.148900032043457
v 0.2828427255153656 2.599832057952881 7.266043663024902
v 0.2828427255153656 2.2884578704833984 7.370038986206055
v 0.2828427255153656 1.97294282913208 7.460697650909424
v 0.2828427255153656 1.6538574695587158 7.537856101989746
v 0.2828427255153656 1.3317793607711792 7.601373672485352
v 0.2828427255153656 1.0072911977767944 7.6511359214782715
v 0.2828427255153656 0.6809802055358887 7.6870527267456055
v 0.2828427255153656 0.35343697667121887 7.709059238433838
v 0.2828427255153656 0.025254270061850548 7.717115879058838
v 0.2828427255153656 -0.30297407507896423 7.711207866668701
v 0.2828427255153656 -0.6306543350219727 7.69134521484375
v 0.2828427255153656 -0.9571933150291443 7.657564640045166
v 0.2828427255153656 -1.282000184059143 7.609927177429199
v 0.2828427255153656 -1.6044871807098389 7.548519134521484
v 0.2828427255153656 -1.9240708351135254 7.473451137542725
v 0.2828427255153656 -2.2401726245880127 7.384859085083008
v 0.2828427255153656 -2.552220582962036 7.282903671264648
v 0.2828427255153656 -2.859649896621704 7.167769432067871
v 0.2828427255153656 -3.1619045734405518 7.039664268493652
v 0.2828427255153656 -3.45843768119812 6.898820400238037
v 0.2828427255153656 -3.7487123012542725 6.745492935180664
v 0.2828427255153656 -4.032203674316406 6.579958438873291
v 0.2828427255153656 -4.3083977699279785 6.402516841888428
v 0.2828427255153656 -4.576796054840088 6.213489532470703
v 0.2828427255153656 -4.836912155151367 6.013218402862549
v 0.2828427255153656 -5.08827543258667 5.802066326141357
v 0.2828427255153656 -5.33043098449707 5.580414295196533
v 0.2828427255153656 -5.56294059753418 5.348664283752441
v 0.2828427255153656 -5.785383701324463 5.107235431671143
v 0.2828427255153656 -5.997357368469238 4.856564521789551
v 0.2828427255153656 -6.198478698730469 4.597105026245117
v 0.2828427255153656 -6.388383388519287 4.32932710647583
v 0.2828427255153656 -6.566727638244629 4.053714752197266
v 0.2828427255153656 -6.733189105987549 3.7707669734954834
v 0.2828427255153656 -6.887465953826904 3.4809956550598145
v 0.2828427255153656 -7.029279708862305 3.184925079345703
v 0.2828427255153656 -7.15837287902832 2.8830909729003906
v 0.2828427255153656 -7.274512767791748 2.576040029525757
v 0.2828427255153656 -7.377488613128662 2.2643275260925293
v 0.2828427255153656 -7.467114448547363 1.9485173225402832
v 0.2828427255153656 -7.5432281494140625 1.629181146621704
v 0.2828427255153656 -7.605690956115723 1.3068968057632446
v 0.2828427255153656 -7.654391288757324 0.9822474718093872
v 0.2828427255153656 -7.689239978790283 0.6558208465576172
v 0.2828427255153656 -7.710175037384033 0.32820743322372437
v 0.2828427255153656 -7.717157363891602 -4.41210374901857e-8
v 0.2828427255153656 -7.710175037384033 -0.3282073438167572
v 0.2828427255153656 -7.689239978790283 -0.6558206677436829
v 0.2828427255153656 -7.654391288757324 -0.9822472929954529
v 0.2828427255153656 -7.605690956115723 -1.306896686553955
v 0.2828427255153656 -7.543227672576904 -1.6291812658309937
v 0.2828427255153656 -7.467114448547363 -1.9485172033309937
v 0.2828427255153656 -7.377488613128662 -2.2643275260925293
v 0.2828427255153656 -7.27451229095459 -2.5760397911071777
v 0.2828427255153656 -7.15837287902832 -2.8830912113189697
v 0.2828427255153656 -7.029279708862305 -3.184924840927124
v 0.2828427255153656 -6.887465953826904 -3.4809958934783936
v 0.2828427255153656 -6.733188629150391 -3.7707669734954834
v 0.2828427255153656 -6.566727638244629 -4.053714752197266
v 0.2828427255153656 -6.388383388519287 -4.32932710647583
v 0.2828427255153656 -6.198478698730469 -4.597105503082275
v 0.2828427255153656 -5.9973578453063965 -4.856564521789551
v 0.2828427255153656 -5.785383701324463 -5.107235431671143
v 0.2828427255153656 -5.56294059753418 -5.348664283752441
v 0.2828427255153656 -5.33043098449707 -5.580414295196533
v 0.2828427255153656 -5.08827543258667 -5.802065849304199
v 0.2828427255153656 -4.836912155151367 -6.013218402862549
v 0.2828427255153656 -4.576796054840088 -6.213489532470703
v 0.2828427255153656 -4.308398246765137 -6.402516841888428
v 0.2828427255153656 -4.032203674316406 -6.579958438873291
v 0.2828427255153656 -3.7487125396728516 -6.745492458343506
v 0.2828427255153656 -3.45843768119812 -6.898820400238037
v 0.2828427255153656 -3.1619045734405518 -7.039664268493652
v 0.2828427255153656 -2.859650135040283 -7.167769432067871
v 0.2828427255153656 -2.552220582962036 -7.282903671264648
v 0.2828427255153656 -2.2401726245880127 -7.384859085083008
v 0.2828427255153656 -1.9240707159042358 -7.473451137542725
v 0.2828427255153656 -1.6044872999191284 -7.548519134521484
v 0.2828427255153656 -1.282000184059143 -7.609927177429199
v 0.2828427255153656 -0.9571933150291443 -7.657564640045166
v 0.2828427255153656 -0.6306542754173279 -7.69134521484375
v 0.2828427255153656 -0.30297407507896423 -7.711207389831543
v 0.2828427255153656 0.025254348292946815 -7.717115879058838
v 0.2828427255153656 0.3534369468688965 -7.709059715270996
v 0.2828427255153656 0.6809801459312439 -7.6870527267456055
v 0.2828427255153656 1.0072911977767944 -7.6511359214782715
v 0.2828427255153656 1.3317794799804688 -7.601373672485352
v 0.2828427255153656 1.6538575887680054 -7.537856101989746
v 0.2828427255153656 1.9729427099227905 -7.460698127746582
v 0.2828427255153656 2.2884578704833984 -7.370038986206055
v 0.2828427255153656 2.5998318195343018 -7.266043663024902
v 0.2828427255153656 2.906501293182373 -7.148899555206299
v 0.2828427255153656 3.2079110145568848 -7.0188188552856445
v 0.2828427255153656 3.50351619720459 -6.87603759765625
v 0.20000000298023224 3.4746570587158203 6.819398403167725
v 0.20000000298023224 3.1814873218536377 6.961004257202148
v 0.20000000298023224 2.8825600147247314 7.090013027191162
v 0.20000000298023224 2.5784168243408203 7.2061920166015625
v 0.20000000298023224 2.2696075439453125 7.309330940246582
v 0.20000000298023224 1.9566912651062012 7.399242877960205
v 0.20000000298023224 1.6402344703674316 7.475765705108643
v 0.20000000298023224 1.3208091259002686 7.538759708404541
v 0.20000000298023224 0.998993992805481 7.5881123542785645
v 0.20000000298023224 0.675370991230011 7.6237335205078125
v 0.20000000298023224 0.35052594542503357 7.645558834075928
v 0.20000000298023224 0.025046376511454582 7.653548717498779
v 0.20000000298023224 -0.30047839879989624 7.647689342498779
v 0.20000000298023224 -0.6254594922065735 7.62799072265625
v 0.20000000298023224 -0.9493089914321899 7.594488143920898
v 0.20000000298023224 -1.271440029144287 7.547242641448975
v 0.20000000298023224 -1.5912708044052124 7.486340522766113
v 0.20000000298023224 -1.90822172164917 7.411890983581543
v 0.20000000298023224 -2.221719741821289 7.324028968811035
v 0.20000000298023224 -2.5311975479125977 7.2229132652282715
v 0.20000000298023224 -2.836094617843628 7.10872745513916
v 0.20000000298023224 -3.135859966278076 6.981677532196045
v 0.20000000298023224 -3.42995023727417 6.841993808746338
v 0.20000000298023224 -3.7178335189819336 6.689929008483887
v 0.20000000298023224 -3.9989898204803467 6.525758266448975
v 0.20000000298023224 -4.272909164428711 6.349778175354004
v 0.20000000298023224 -4.539096355438232 6.162308216094971
v 0.20000000298023224 -4.797069549560547 5.963686943054199
v 0.20000000298023224 -5.046362400054932 5.754273414611816
v 0.20000000298023224 -5.286523342132568 5.53444766998291
v 0.20000000298023224 -5.517117977142334 5.3046064376831055
v 0.20000000298023224 -5.737728595733643 5.065165996551514
v 0.20000000298023224 -5.947956562042236 4.8165602684021
v 0.20000000298023224 -6.147420883178711 4.559237957000732
v 0.20000000298023224 -6.335761070251465 4.293665885925293
v 0.20000000298023224 -6.512636184692383 4.020323753356934
v 0.20000000298023224 -6.677726745605469 3.739706516265869
v 0.20000000298023224 -6.830732822418213 3.452322006225586
v 0.20000000298023224 -6.971378326416016 3.1586904525756836
v 0.20000000298023224 -7.099408149719238 2.859342575073242
v 0.20000000298023224 -7.2145915031433105 2.5548207759857178
v 0.20000000298023224 -7.316719055175781 2.245675563812256
v 0.20000000298023224 -7.405606269836426 1.9324668645858765
v 0.20000000298023224 -7.481092929840088 1.615761160850525
v 0.20000000298023224 -7.543041706085205 1.2961317300796509
v 0.20000000298023224 -7.591341018676758 0.9741564989089966
v 0.20000000298023224 -7.6259026527404785 0.650418758392334
v 0.20000000298023224 -7.646664619445801 0.3255038261413574
v 0.20000000298023224 -7.653589725494385 -1.965577922646844e-8
v 0.20000000298023224 -7.646664619445801 -0.3255038857460022
v 0.20000000298023224 -7.6259026527404785 -0.6504186391830444
v 0.20000000298023224 -7.5913405418396 -0.9741564989089966
v 0.20000000298023224 -7.543041706085205 -1.2961313724517822
v 0.20000000298023224 -7.481092929840088 -1.615761399269104
v 0.20000000298023224 -7.405606746673584 -1.9324668645858765
v 0.20000000298023224 -7.316719055175781 -2.245675802230835
v 0.20000000298023224 -7.214591026306152 -2.5548207759857178
v 0.20000000298023224 -7.099408149719238 -2.859342575073242
v 0.20000000298023224 -6.971377849578857 -3.1586902141571045
v 0.20000000298023224 -6.830732822418213 -3.452322006225586
v 0.20000000298023224 -6.677726745605469 -3.7397067546844482
v 0.20000000298023224 -6.512636184692383 -4.020323753356934
v 0.20000000298023224 -6.335761547088623 -4.293665885925293
v 0.20000000298023224 -6.147421360015869 -4.559238433837891
v 0.20000000298023224 -5.947956562042236 -4.8165602684021
v 0.20000000298023224 -5.737728595733643 -5.065166473388672
v 0.20000000298023224 -5.517117500305176 -5.3046064376831055
v 0.20000000298023224 -5.286523342132568 -5.53444766998291
v 0.20000000298023224 -5.046362400054932 -5.754273891448975
v 0.20000000298023224 -4.797069549560547 -5.963686943054199
v 0.20000000298023224 -4.539096355438232 -6.162308216094971
v 0.20000000298023224 -4.272909164428711 -6.349778652191162
v 0.20000000298023224 -3.9989895820617676 -6.525758266448975
v 0.20000000298023224 -3.7178337574005127 -6.689929008483887
v 0.20000000298023224 -3.429949998855591 -6.841993808746338
v 0.20000000298023224 -3.135859489440918 -6.981677532196045
v 0.20000000298023224 -2.836094617843628 -7.10872745513916
v 0.20000000298023224 -2.5311975479125977 -7.2229132652282715
v 0.20000000298023224 -2.221719980239868 -7.324028968811035
v 0.20000000298023224 -1.908221960067749 -7.411890983581543
v 0.20000000298023224 -1.5912706851959229 -7.486340522766113
v 0.20000000298023224 -1.2714401483535767 -7.547243118286133
v 0.20000000298023224 -0.9493087530136108 -7.594488143920898
v 0.20000000298023224 -0.6254595518112183 -7.62799072265625
v 0.20000000298023224 -0.3004785478115082 -7.647689342498779
v 0.20000000298023224 0.025046397000551224 -7.653548717498779
v 0.20000000298023224 0.35052594542503357 -7.645558834075928
v 0.20000000298023224 0.6753709316253662 -7.6237335205078125
v 0.20000000298023224 0.998993992805481 -7.5881123542785645
v 0.20000000298023224 1.3208091259002686 -7.538759708404541
v 0.20000000298023224 1.640234112739563 -7.475765228271484
v 0.20000000298023224 1.9566912651062012 -7.399242877960205
v 0.20000000298023224 2.2696075439453125 -7.309330940246582
v 0.20000000298023224 2.578416585922241 -7.2061920166015625
v 0.20000000298023224 2.8825602531433105 -7.090013027191162
v 0.20000000298023224 3.1814870834350586 -6.961004257202148
v 0.20000000298023224 3.474656820297241 -6.819398403167725
v 0.10352762043476105 3.4565155506134033 6.783793926239014
v 0.10352762043476105 3.1648762226104736 6.924659729003906
v 0.10352762043476105 2.8675098419189453 7.052995204925537
v 0.10352762043476105 2.5649545192718506 7.168568134307861
v 0.10352762043476105 2.2577576637268066 7.271168231964111
v 0.10352762043476105 1.9464751482009888 7.360610485076904
v 0.10352762043476105 1.6316704750061035 7.436733722686768
v 0.10352762043476105 1.313913106918335 7.499399185180664
v 0.10352762043476105 0.9937781691551208 7.5484938621521
v 0.10352762043476105 0.6718448400497437 7.583929538726807
v 0.10352762043476105 0.3486955761909485 7.605640411376953
v 0.10352762043476105 0.0249155443161726 7.613588809967041
v 0.10352762043476105 -0.2989097833633423 7.607759952545166
v 0.10352762043476105 -0.6221939325332642 7.58816385269165
v 0.10352762043476105 -0.9443526268005371 7.554836273193359
v 0.10352762043476105 -1.2648018598556519 7.507837772369385
v 0.10352762043476105 -1.5829625129699707 7.447253704071045
v 0.10352762043476105 -1.8982590436935425 7.37319278717041
v 0.10352762043476105 -2.2101199626922607 7.2857890129089355
v 0.10352762043476105 -2.517981767654419 7.185201644897461
v 0.10352762043476105 -2.821287155151367 7.0716118812561035
v 0.10352762043476105 -3.1194868087768555 6.945225238800049
v 0.10352762043476105 -3.4120421409606934 6.806271076202393
v 0.10352762043476105 -3.69842267036438 6.65500020980835
v 0.10352762043476105 -3.9781105518341064 6.4916863441467285
v 0.10352762043476105 -4.2505998611450195 6.316625595092773
v 0.10352762043476105 -4.515397548675537 6.130134105682373
v 0.10352762043476105 -4.772024154663086 5.932549953460693
v 0.10352762043476105 -5.020014762878418 5.72422981262207
v 0.10352762043476105 -5.2589216232299805 5.505551338195801
v 0.10352762043476105 -5.488312721252441 5.276910305023193
v 0.10352762043476105 -5.707771301269531 5.038720607757568
v 0.10352762043476105 -5.916901588439941 4.791412353515625
v 0.10352762043476105 -6.115324974060059 4.535433769226074
v 0.10352762043476105 -6.302681922912598 4.2712483406066895
v 0.10352762043476105 -6.478633403778076 3.999333143234253
v 0.10352762043476105 -6.642861366271973 3.7201812267303467
v 0.10352762043476105 -6.795068740844727 3.4342970848083496
v 0.10352762043476105 -6.9349799156188965 3.142198324203491
v 0.10352762043476105 -7.062341213226318 2.8444137573242188
v 0.10352762043476105 -7.1769232749938965 2.5414817333221436
v 0.10352762043476105 -7.278517723083496 2.2339508533477783
v 0.10352762043476105 -7.366940975189209 1.9223774671554565
v 0.10352762043476105 -7.442033767700195 1.6073253154754639
v 0.10352762043476105 -7.503658771514893 1.2893644571304321
v 0.10352762043476105 -7.551705360412598 0.9690703749656677
v 0.10352762043476105 -7.586086750030518 0.6470228433609009
v 0.10352762043476105 -7.606740951538086 0.3238043785095215
v 0.10352762043476105 -7.6136298179626465 8.814826202296899e-8
v 0.10352762043476105 -7.606740951538086 -0.32380449771881104
v 0.10352762043476105 -7.586087226867676 -0.6470228433609009
v 0.10352762043476105 -7.551705360412598 -0.9690703749656677
v 0.10352762043476105 -7.503659248352051 -1.289364218711853
v 0.10352762043476105 -7.442033290863037 -1.6073250770568848
v 0.10352762043476105 -7.366941452026367 -1.922377347946167
v 0.10352762043476105 -7.278517723083496 -2.2339508533477783
v 0.10352762043476105 -7.1769232749938965 -2.5414817333221436
v 0.10352762043476105 -7.062341690063477 -2.844413995742798
v 0.10352762043476105 -6.9349799156188965 -3.1421985626220703
v 0.10352762043476105 -6.795068740844727 -3.4342973232269287
v 0.10352762043476105 -6.642861366271973 -3.7201809883117676
v 0.10352762043476105 -6.478633403778076 -3.999333381652832
v 0.10352762043476105 -6.3026814460754395 -4.2712483406066895
v 0.10352762043476105 -6.1153244972229 -4.535433769226074
v 0.10352762043476105 -5.916901588439941 -4.791412353515625
v 0.10352762043476105 -5.707771301269531 -5.038720607757568
v 0.10352762043476105 -5.488312244415283 -5.276910305023193
v 0.10352762043476105 -5.2589216232299805 -5.505551815032959
v 0.10352762043476105 -5.020014762878418 -5.7242302894592285
v 0.10352762043476105 -4.772023677825928 -5.932549953460693
v 0.10352762043476105 -4.515397548675537 -6.130134105682373
v 0.10352762043476105 -4.2505998611450195 -6.316625595092773
v 0.10352762043476105 -3.9781105518341064 -6.4916863441467285
v 0.10352762043476105 -3.69842267036438 -6.65500020980835
v 0.10352762043476105 -3.4120421409606934 -6.806271076202393
v 0.10352762043476105 -3.1194870471954346 -6.945225715637207
v 0.10352762043476105 -2.821287155151367 -7.0716118812561035
v 0.10352762043476105 -2.517981767654419 -7.185201644897461
v 0.10352762043476105 -2.2101199626922607 -7.285789489746094
v 0.10352762043476105 -1.8982588052749634 -7.373192310333252
v 0.10352762043476105 -1.5829625129699707 -7.447253227233887
v 0.10352762043476105 -1.2648018598556519 -7.507837772369385
v 0.10352762043476105 -0.9443524479866028 -7.554836750030518
v 0.10352762043476105 -0.6221940517425537 -7.58816385269165
v 0.10352762043476105 -0.2989095449447632 -7.607759475708008
v 0.10352762043476105 0.02491535060107708 -7.613588809967041
v 0.10352762043476105 0.3486955761909485 -7.605640888214111
v 0.10352762043476105 0.6718447804450989 -7.583929061889648
v 0.10352762043476105 0.9937782883644104 -7.5484938621521
v 0.10352762043476105 1.313913106918335 -7.499399662017822
v 0.10352762043476105 1.631670594215393 -7.436734199523926
v 0.10352762043476105 1.9464755058288574 -7.360610485076904
v 0.10352762043476105 2.2577576637268066 -7.271167755126953
v 0.10352762043476105 2.5649547576904297 -7.168567657470703
v 0.10352762043476105 2.8675098419189453 -7.052995204925537
v 0.10352762043476105 3.1648764610290527 -6.924659729003906
v 0.10352762043476105 3.4565155506134033 -6.783793926239014
v -7.171408153697678e-16 3.4503278732299805 6.771649360656738
v -6.524998136374111e-16 3.159210681915283 6.9122633934021
v -5.865894271544754e-16 2.8623766899108887 7.040369510650635
v -5.195288758082868e-16 2.5603628158569336 7.155735015869141
v -4.514396029476578e-16 2.253715991973877 7.258151531219482
v -3.82444719517516e-16 1.9429906606674194 7.347434043884277
v -3.1266916287758133e-16 1.6287494897842407 7.4234209060668945
v -2.422391938765539e-16 1.311561107635498 7.485974311828613
v -1.712821453892077e-16 0.9919989705085754 7.5349812507629395
v -9.992656790017835e-17 0.6706420183181763 7.570353031158447
v -2.830151812863636e-17 0.34807145595550537 7.592025279998779
v 4.346341450193324e-17 0.024870935827493668 7.599959373474121
v 1.1523836925280453e-16 -0.2983747124671936 7.594140529632568
v 1.8689333318401888e-16 -0.6210799813270569 7.574580192565918
v 2.5829880620759744e-16 -0.9426616430282593 7.541312217712402
v 3.293255363897451e-16 -1.2625375986099243 7.4943976402282715
v 3.9984497324582627e-16 -1.5801289081573486 7.433921813964844
v 4.697294265590423e-16 -1.8948605060577393 7.3599934577941895
v 5.388526090109136e-16 -2.2061636447906494 7.272746562957764
v 6.070892656043648e-16 -2.513474225997925 7.172338962554932
v 6.743159942268929e-16 -2.8162364959716797 7.058952808380127
v 7.404111397714484e-16 -3.1139025688171387 6.932792663574219
v 8.052551117737909e-16 -3.4059338569641113 6.794086933135986
v 8.687305961707257e-16 -3.6918020248413086 6.6430864334106445
v 9.307225553001038e-16 -3.970989227294922 6.48006534576416
v 9.911189690546508e-16 -4.242990493774414 6.305317401885986
v 1.0498106231237301e-15 -4.507314205169678 6.119160175323486
v 1.1066910031142245e-15 -4.7634806632995605 5.921929359436035
v 1.1616576180395162e-15 -5.011028289794922 5.713982582092285
v 1.2146106238909477e-15 -5.249507427215576 5.4956955909729
v 1.2654544118245975e-15 -5.478487491607666 5.2674641609191895
v 1.3140968670074518e-15 -5.697553634643555 5.02970027923584
v 1.3604498980129961e-15 -5.906309127807617 4.782835006713867
v 1.4044298603376891e-15 -6.104377269744873 4.52731466293335
v 1.4459570270053705e-15 -6.291399002075195 4.263601779937744
v 1.484956117962853e-15 -6.467035293579102 3.992173671722412
v 1.5213568294755145e-15 -6.630969524383545 3.7135214805603027
v 1.5550931988525876e-15 -6.782904624938965 3.4281492233276367
v 1.5861040279636332e-15 -6.92256498336792 3.136573553085327
v 1.6143334126341325e-15 -7.049698829650879 2.8393216133117676
v 1.6397301073707766e-15 -7.1640753746032715 2.5369319915771484
v 1.662248160636177e-15 -7.2654876708984375 2.2299516201019287
v 1.6818470207279838e-15 -7.353753089904785 1.918936014175415
v 1.698491006383294e-15 -7.4287109375 1.604447841644287
v 1.71215004793248e-15 -7.490225791931152 1.2870562076568604
v 1.7227995814200715e-15 -7.538187026977539 0.9673357605934143
v 1.7304201250882816e-15 -7.572506904602051 0.6458645462989807
v 1.7349979146517175e-15 -7.593123435974121 0.32322457432746887
v 1.7365247974182618e-15 -7.599999904632568 -1.6833135418892198e-7
v 1.7349979146517175e-15 -7.593123435974121 -0.32322484254837036
v 1.7304201250882816e-15 -7.572506904602051 -0.6458645462989807
v 1.7227995814200715e-15 -7.538187026977539 -0.9673358201980591
v 1.7121501538115984e-15 -7.4902262687683105 -1.2870562076568604
v 1.698491006383294e-15 -7.4287109375 -1.6044479608535767
v 1.6818470207279838e-15 -7.353753089904785 -1.9189358949661255
v 1.6622482665152954e-15 -7.265488147735596 -2.229951858520508
v 1.6397301073707766e-15 -7.1640753746032715 -2.5369319915771484
v 1.6143334126341325e-15 -7.049698829650879 -2.8393218517303467
v 1.5861040279636332e-15 -6.92256498336792 -3.136573314666748
v 1.5550931988525876e-15 -6.782904624938965 -3.4281489849090576
v 1.521356935354633e-15 -6.630970001220703 -3.7135214805603027
v 1.4849562238419714e-15 -6.46703577041626 -3.992173910140991
v 1.445956921126252e-15 -6.291398525238037 -4.263601779937744
v 1.4044298603376891e-15 -6.104377269744873 -4.52731466293335
v 1.3604498980129961e-15 -5.906309127807617 -4.782835006713867
v 1.3140968670074518e-15 -5.697553634643555 -5.02970027923584
v 1.265454305945479e-15 -5.478487014770508 -5.267463684082031
v 1.2146106238909477e-15 -5.249507427215576 -5.4956955909729
v 1.1616576180395162e-15 -5.011028289794922 -5.713982582092285
v 1.106691108993343e-15 -4.763481140136719 -5.921929836273193
v 1.0498106231237301e-15 -4.507314205169678 -6.119160175323486
v 9.911189690546508e-16 -4.242990493774414 -6.3053178787231445
v 9.307225553001038e-16 -3.970989227294922 -6.48006534576416
v 8.687305432311665e-16 -3.6918017864227295 -6.643086910247803
v 8.052551117737909e-16 -3.4059338569641113 -6.794086933135986
v 7.404111927110076e-16 -3.1139028072357178 -6.932792663574219
v 6.743160471664521e-16 -2.816236734390259 -7.058952808380127
v 6.070892656043648e-16 -2.513474225997925 -7.172338962554932
v 5.388525560713544e-16 -2.2061634063720703 -7.272746562957764
v 4.697294265590423e-16 -1.8948606252670288 -7.3599934577941895
v 3.9984497324582627e-16 -1.5801289081573486 -7.433921813964844
v 3.293255893293043e-16 -1.2625378370285034 -7.49439811706543
v 2.5829885914715664e-16 -0.9426618814468384 -7.541312217712402
v 1.8689335965379848e-16 -0.6210801005363464 -7.57457971572876
v 1.1523832954813513e-16 -0.2983745336532593 -7.594140529632568
v 4.346339134087609e-17 0.024871034547686577 -7.599959373474121
v -2.830148504141186e-17 0.34807130694389343 -7.592025279998779
v -9.992658113506815e-17 0.670642077922821 -7.570353031158447
v -1.712821850938771e-16 0.9919991493225098 -7.5349812507629395
v -2.422391938765539e-16 1.311561107635498 -7.485974311828613
v -3.1266913640780173e-16 1.6287493705749512 -7.423420429229736
v -3.824447459872956e-16 1.942990779876709 -7.347434043884277
v -4.514395500080986e-16 2.253715753555298 -7.258151531219482
v -5.19528928747846e-16 2.5603630542755127 -7.155735015869141
v -5.865893742149162e-16 2.8623764514923096 -7.040369033813477
v -6.524997606978519e-16 3.159210443496704 -6.9122633934021
v -7.171407624302086e-16 3.4503276348114014 -6.771649360656738
v -0.10352762043476105 3.4565155506134033 6.783793926239014
v -0.10352762043476105 3.1648762226104736 6.924659729003906
v -0.10352762043476105 2.8675098419189453 7.052995204925537
v -0.10352762043476105 2.5649545192718506 7.168568134307861
v -0.10352762043476105 2.2577576637268066 7.271168231964111
v -0.10352762043476105 1.9464751482009888 7.360610485076904
v -0.10352762043476105 1.6316704750061035 7.436733722686768
v -0.10352762043476105 1.313913106918335 7.499399185180664
v -0.10352762043476105 0.9937781691551208 7.5484938621521
v -0.10352762043476105 0.6718448400497437 7.583929538726807
v -0.10352762043476105 0.3486955761909485 7.605640411376953
v -0.10352762043476105 0.0249155443161726 7.613588809967041
v -0.10352762043476105 -0.2989097833633423 7.607759952545166
v -0.10352762043476105 -0.6221939325332642 7.58816385269165
v -0.10352762043476105 -0.9443526268005371 7.554836273193359
v -0.10352762043476105 -1.2648018598556519 7.507837772369385
v -0.10352762043476105 -1.5829625129699707 7.447253704071045
v -0.10352762043476105 -1.8982590436935425 7.37319278717041
v -0.10352762043476105 -2.2101199626922607 7.2857890129089355
v -0.10352762043476105 -2.517981767654419 7.185201644897461
v -0.10352762043476105 -2.821287155151367 7.0716118812561035
v -0.10352762043476105 -3.1194868087768555 6.945225238800049
v -0.10352762043476105 -3.4120421409606934 6.806271076202393
v -0.10352762043476105 -3.69842267036438 6.65500020980835
v -0.10352762043476105 -3.9781105518341064 6.4916863441467285
v -0.10352762043476105 -4.2505998611450195 6.316625595092773
v -0.10352762043476105 -4.515397548675537 6.130134105682373
v -0.10352762043476105 -4.772024154663086 5.932549953460693
v -0.10352762043476105 -5.020014762878418 5.72422981262207
v -0.10352762043476105 -5.2589216232299805 5.505551338195801
v -0.10352762043476105 -5.488312721252441 5.276910305023193
v -0.10352762043476105 -5.707771301269531 5.038720607757568
v -0.10352762043476105 -5.916901588439941 4.791412353515625
v -0.10352762043476105 -6.115324974060059 4.535433769226074
v -0.10352762043476105 -6.302681922912598 4.2712483406066895
v -0.10352762043476105 -6.478633403778076 3.999333143234253
v -0.10352762043476105 -6.642861366271973 3.7201812267303467
v -0.10352762043476105 -6.795068740844727 3.4342970848083496
v -0.10352762043476105 -6.9349799156188965 3.142198324203491
v -0.10352762043476105 -7.062341213226318 2.8444137573242188
v -0.10352762043476105 -7.1769232749938965 2.5414817333221436
v -0.10352762043476105 -7.278517723083496 2.2339508533477783
v -0.10352762043476105 -7.366940975189209 1.9223774671554565
v -0.10352762043476105 -7.442033767700195 1.6073253154754639
v -0.10352762043476105 -7.503658771514893 1.2893644571304321
v -0.10352762043476105 -7.551705360412598 0.9690703749656677
v -0.10352762043476105 -7.586086750030518 0.6470228433609009
v -0.10352762043476105 -7.606740951538086 0.3238043785095215
v -0.10352762043476105 -7.6136298179626465 8.814826202296899e-8
v -0.10352762043476105 -7.606740951538086 -0.32380449771881104
v -0.10352762043476105 -7.586087226867676 -0.6470228433609009
v -0.10352762043476105 -7.551705360412598 -0.9690703749656677
v -0.10352762043476105 -7.503659248352051 -1.289364218711853
v -0.10352762043476105 -7.442033290863037 -1.6073250770568848
v -0.10352762043476105 -7.366941452026367 -1.922377347946167
v -0.10352762043476105 -7.278517723083496 -2.2339508533477783
v -0.10352762043476105 -7.1769232749938965 -2.5414817333221436
v -0.10352762043476105 -7.062341690063477 -2.844413995742798
v -0.10352762043476105 -6.9349799156188965 -3.1421985626220703
v -0.10352762043476105 -6.795068740844727 -3.4342973232269287
v -0.10352762043476105 -6.642861366271973 -3.7201809883117676
v -0.10352762043476105 -6.478633403778076 -3.999333381652832
v -0.10352762043476105 -6.3026814460754395 -4.2712483406066895
v -0.10352762043476105 -6.1153244972229 -4.535433769226074
v -0.10352762043476105 -5.916901588439941 -4.791412353515625
v -0.10352762043476105 -5.707771301269531 -5.038720607757568
v -0.10352762043476105 -5.488312244415283 -5.276910305023193
v -0.10352762043476105 -5.2589216232299805 -5.505551815032959
v -0.10352762043476105 -5.020014762878418 -5.7242302894592285
v -0.10352762043476105 -4.772023677825928 -5.932549953460693
v -0.10352762043476105 -4.515397548675537 -6.130134105682373
v -0.10352762043476105 -4.2505998611450195 -6.316625595092773
v -0.10352762043476105 -3.9781105518341064 -6.4916863441467285
v -0.10352762043476105 -3.69842267036438 -6.65500020980835
v -0.10352762043476105 -3.4120421409606934 -6.806271076202393
v -0.10352762043476105 -3.1194870471954346 -6.945225715637207
v -0.10352762043476105 -2.821287155151367 -7.0716118812561035
v -0.10352762043476105 -2.517981767654419 -7.185201644897461
v -0.10352762043476105 -2.2101199626922607 -7.285789489746094
v -0.10352762043476105 -1.8982588052749634 -7.373192310333252
v -0.10352762043476105 -1.5829625129699707 -7.447253227233887
v -0.10352762043476105 -1.2648018598556519 -7.507837772369385
v -0.10352762043476105 -0.9443524479866028 -7.554836750030518
v -0.10352762043476105 -0.6221940517425537 -7.58816385269165
v -0.10352762043476105 -0.2989095449447632 -7.607759475708008
v -0.10352762043476105 0.02491535060107708 -7.613588809967041
v -0.10352762043476105 0.3486955761909485 -7.605640888214111
v -0.10352762043476105 0.6718447804450989 -7.583929061889648
v -0.10352762043476105 0.9937782883644104 -7.5484938621521
v -0.10352762043476105 1.313913106918335 -7.499399662017822
v -0.10352762043476105 1.631670594215393 -7.436734199523926
v -0.10352762043476105 1.9464755058288574 -7.360610485076904
v -0.10352762043476105 2.2577576637268066 -7.271167755126953
v -0.10352762043476105 2.5649547576904297 -7.168567657470703
v -0.10352762043476105 2.8675098419189453 -7.052995204925537
v -0.10352762043476105 3.1648764610290527 -6.924659729003906
v -0.10352762043476105 3.4565155506134033 -6.783793926239014
v -0.20000000298023224 3.4746570587158203 6.819398403167725
v -0.20000000298023224 3.1814873218536377 6.961004257202148
v -0.20000000298023224 2.8825600147247314 7.090013027191162
v -0.20000000298023224 2.5784168243408203 7.2061920166015625
v -0.20000000298023224 2.2696075439453125 7.309330940246582
v -0.20000000298023224 1.9566912651062012 7.399242877960205
v -0.20000000298023224 1.6402344703674316 7.475765705108643
v -0.20000000298023224 1.3208091259002686 7.538759708404541
v -0.20000000298023224 0.998993992805481 7.5881123542785645
v -0.20000000298023224 0.675370991230011 7.6237335205078125
v -0.20000000298023224 0.35052594542503357 7.645558834075928
v -0.20000000298023224 0.025046376511454582 7.653548717498779
v -0.20000000298023224 -0.30047839879989624 7.647689342498779
v -0.20000000298023224 -0.6254594922065735 7.62799072265625
v -0.20000000298023224 -0.9493089914321899 7.594488143920898
v -0.20000000298023224 -1.271440029144287 7.547242641448975
v -0.20000000298023224 -1.5912708044052124 7.486340522766113
v -0.20000000298023224 -1.90822172164917 7.411890983581543
v -0.20000000298023224 -2.221719741821289 7.324028968811035
v -0.20000000298023224 -2.5311975479125977 7.2229132652282715
v -0.20000000298023224 -2.836094617843628 7.10872745513916
v -0.20000000298023224 -3.135859966278076 6.981677532196045
v -0.20000000298023224 -3.42995023727417 6.841993808746338
v -0.20000000298023224 -3.7178335189819336 6.689929008483887
v -0.20000000298023224 -3.9989898204803467 6.525758266448975
v -0.20000000298023224 -4.272909164428711 6.349778175354004
v -0.20000000298023224 -4.539096355438232 6.162308216094971
v -0.20000000298023224 -4.797069549560547 5.963686943054199
v -0.20000000298023224 -5.046362400054932 5.754273414611816
v -0.20000000298023224 -5.286523342132568 5.53444766998291
v -0.20000000298023224 -5.517117977142334 5.3046064376831055
v -0.20000000298023224 -5.737728595733643 5.065165996551514
v -0.20000000298023224 -5.947956562042236 4.8165602684021
v -0.20000000298023224 -6.147420883178711 4.559237957000732
v -0.20000000298023224 -6.335761070251465 4.293665885925293
v -0.20000000298023224 -6.512636184692383 4.020323753356934
v -0.20000000298023224 -6.677726745605469 3.739706516265869
v -0.20000000298023224 -6.830732822418213 3.452322006225586
v -0.20000000298023224 -6.971378326416016 3.1586904525756836
v -0.20000000298023224 -7.099408149719238 2.859342575073242
v -0.20000000298023224 -7.2145915031433105 2.5548207759857178
v -0.20000000298023224 -7.316719055175781 2.245675563812256
v -0.20000000298023224 -7.405606269836426 1.9324668645858765
v -0.20000000298023224 -7.481092929840088 1.615761160850525
v -0.20000000298023224 -7.543041706085205 1.2961317300796509
v -0.20000000298023224 -7.591341018676758 0.9741564989089966
v -0.20000000298023224 -7.6259026527404785 0.650418758392334
v -0.20000000298023224 -7.646664619445801 0.3255038261413574
v -0.20000000298023224 -7.653589725494385 -1.965577922646844e-8
v -0.20000000298023224 -7.646664619445801 -0.3255038857460022
v -0.20000000298023224 -7.6259026527404785 -0.6504186391830444
v -0.20000000298023224 -7.5913405418396 -0.9741564989089966
v -0.20000000298023224 -7.543041706085205 -1.2961313724517822
v -0.20000000298023224 -7.481092929840088 -1.615761399269104
v -0.20000000298023224 -7.405606746673584 -1.9324668645858765
v -0.20000000298023224 -7.316719055175781 -2.245675802230835
v -0.20000000298023224 -7.214591026306152 -2.5548207759857178
v -0.20000000298023224 -7.099408149719238 -2.859342575073242
v -0.20000000298023224 -6.971377849578857 -3.1586902141571045
v -0.20000000298023224 -6.830732822418213 -3.452322006225586
v -0.20000000298023224 -6.677726745605469 -3.7397067546844482
v -0.20000000298023224 -6.512636184692383 -4.020323753356934
v -0.20000000298023224 -6.335761547088623 -4.293665885925293
v -0.20000000298023224 -6.147421360015869 -4.559238433837891
v -0.20000000298023224 -5.947956562042236 -4.8165602684021
v -0.20000000298023224 -5.737728595733643 -5.065166473388672
v -0.20000000298023224 -5.517117500305176 -5.3046064376831055
v -0.20000000298023224 -5.286523342132568 -5.53444766998291
v -0.20000000298023224 -5.046362400054932 -5.754273891448975
v -0.20000000298023224 -4.797069549560547 -5.963686943054199
v -0.20000000298023224 -4.539096355438232 -6.162308216094971
v -0.20000000298023224 -4.272909164428711 -6.349778652191162
v -0.20000000298023224 -3.9989895820617676 -6.525758266448975
v -0.20000000298023224 -3.7178337574005127 -6.689929008483887
v -0.20000000298023224 -3.429949998855591 -6.841993808746338
v -0.20000000298023224 -3.135859489440918 -6.981677532196045
v -0.20000000298023224 -2.836094617843628 -7.10872745513916
v -0.20000000298023224 -2.5311975479125977 -7.2229132652282715
v -0.20000000298023224 -2.221719980239868 -7.324028968811035
v -0.20000000298023224 -1.908221960067749 -7.411890983581543
v -0.20000000298023224 -1.5912706851959229 -7.486340522766113
v -0.20000000298023224 -1.2714401483535767 -7.547243118286133
v -0.20000000298023224 -0.9493087530136108 -7.594488143920898
v -0.20000000298023224 -0.6254595518112183 -7.62799072265625
v -0.20000000298023224 -0.3004785478115082 -7.647689342498779
v -0.20000000298023224 0.025046397000551224 -7.653548717498779
v -0.20000000298023224 0.35052594542503357 -7.645558834075928
v -0.20000000298023224 0.6753709316253662 -7.6237335205078125
v -0.20000000298023224 0.998993992805481 -7.5881123542785645
v -0.20000000298023224 1.3208091259002686 -7.538759708404541
v -0.20000000298023224 1.640234112739563 -7.475765228271484
v -0.20000000298023224 1.9566912651062012 -7.399242877960205
v -0.20000000298023224 2.2696075439453125 -7.309330940246582
v -0.20000000298023224 2.578416585922241 -7.2061920166015625
v -0.20000000298023224 2.8825602531433105 -7.090013027191162
v -0.20000000298023224 3.1814870834350586 -6.961004257202148
v -0.20000000298023224 3.474656820297241 -6.819398403167725
v -0.2828427255153656 3.50351619720459 6.87603759765625
v -0.2828427255153656 3.207911252975464 7.018819332122803
v -0.2828427255153656 2.906501531600952 7.148900032043457
v -0.2828427255153656 2.599832057952881 7.266043663024902
v -0.2828427255153656 2.2884578704833984 7.370038986206055
v -0.2828427255153656 1.97294282913208 7.460697650909424
v -0.2828427255153656 1.6538574695587158 7.537856101989746
v -0.2828427255153656 1.3317793607711792 7.601373672485352
v -0.2828427255153656 1.0072911977767944 7.6511359214782715
v -0.2828427255153656 0.6809802055358887 7.6870527267456055
v -0.2828427255153656 0.35343697667121887 7.709059238433838
v -0.2828427255153656 0.025254270061850548 7.717115879058838
v -0.2828427255153656 -0.30297407507896423 7.711207866668701
v -0.2828427255153656 -0.6306543350219727 7.69134521484375
v -0.2828427255153656 -0.9571933150291443 7.657564640045166
v -0.2828427255153656 -1.282000184059143 7.609927177429199
v -0.2828427255153656 -1.6044871807098389 7.548519134521484
v -0.2828427255153656 -1.9240708351135254 7.473451137542725
v -0.2828427255153656 -2.2401726245880127 7.384859085083008
v -0.2828427255153656 -2.552220582962036 7.282903671264648
v -0.2828427255153656 -2.859649896621704 7.167769432067871
v -0.2828427255153656 -3.1619045734405518 7.039664268493652
v -0.2828427255153656 -3.45843768119812 6.898820400238037
v -0.2828427255153656 -3.7487123012542725 6.745492935180664
v -0.2828427255153656 -4.032203674316406 6.579958438873291
v -0.2828427255153656 -4.3083977699279785 6.402516841888428
v -0.2828427255153656 -4.576796054840088 6.213489532470703
v -0.2828427255153656 -4.836912155151367 6.013218402862549
v -0.2828427255153656 -5.08827543258667 5.802066326141357
v -0.2828427255153656 -5.33043098449707 5.580414295196533
v -0.2828427255153656 -5.56294059753418 5.348664283752441
v -0.2828427255153656 -5.785383701324463 5.107235431671143
v -0.2828427255153656 -5.997357368469238 4.856564521789551
v -0.2828427255153656 -6.198478698730469 4.597105026245117
v -0.2828427255153656 -6.388383388519287 4.32932710647583
v -0.2828427255153656 -6.566727638244629 4.053714752197266
v -0.2828427255153656 -6.733189105987549 3.7707669734954834
v -0.2828427255153656 -6.887465953826904 3.4809956550598145
v -0.2828427255153656 -7.029279708862305 3.184925079345703
v -0.2828427255153656 -7.15837287902832 2.8830909729003906
v -0.2828427255153656 -7.274512767791748 2.576040029525757
v -0.2828427255153656 -7.377488613128662 2.2643275260925293
v -0.2828427255153656 -7.467114448547363 1.9485173225402832
v -0.2828427255153656 -7.5432281494140625 1.629181146621704
v -0.2828427255153656 -7.605690956115723 1.3068968057632446
v -0.2828427255153656 -7.654391288757324 0.9822474718093872
v -0.2828427255153656 -7.689239978790283 0.6558208465576172
v -0.2828427255153656 -7.710175037384033 0.32820743322372437
v -0.2828427255153656 -7.717157363891602 -4.41210374901857e-8
v -0.2828427255153656 -7.710175037384033 -0.3282073438167572
v -0.2828427255153656 -7.689239978790283 -0.6558206677436829
v -0.2828427255153656 -7.654391288757324 -0.9822472929954529
v -0.2828427255153656 -7.605690956115723 -1.306896686553955
v -0.2828427255153656 -7.543227672576904 -1.6291812658309937
v -0.2828427255153656 -7.467114448547363 -1.9485172033309937
v -0.2828427255153656 -7.377488613128662 -2.2643275260925293
v -0.2828427255153656 -7.27451229095459 -2.5760397911071777
v -0.2828427255153656 -7.15837287902832 -2.8830912113189697
v -0.2828427255153656 -7.029279708862305 -3.184924840927124
v -0.2828427255153656 -6.887465953826904 -3.4809958934783936
v -0.2828427255153656 -6.733188629150391 -3.7707669734954834
v -0.2828427255153656 -6.566727638244629 -4.053714752197266
v -0.2828427255153656 -6.388383388519287 -4.32932710647583
v -0.2828427255153656 -6.198478698730469 -4.597105503082275
v -0.2828427255153656 -5.9973578453063965 -4.856564521789551
v -0.2828427255153656 -5.785383701324463 -5.107235431671143
v -0.2828427255153656 -5.56294059753418 -5.348664283752441
v -0.2828427255153656 -5.33043098449707 -5.580414295196533
v -0.2828427255153656 -5.08827543258667 -5.802065849304199
v -0.2828427255153656 -4.836912155151367 -6.013218402862549
v -0.2828427255153656 -4.576796054840088 -6.213489532470703
v -0.2828427255153656 -4.308398246765137 -6.402516841888428
v -0.2828427255153656 -4.032203674316406 -6.579958438873291
v -0.2828427255153656 -3.7487125396728516 -6.745492458343506
v -0.2828427255153656 -3.45843768119812 -6.898820400238037
v -0.2828427255153656 -3.1619045734405518 -7.039664268493652
v -0.2828427255153656 -2.859650135040283 -7.167769432067871
v -0.2828427255153656 -2.552220582962036 -7.282903671264648
v -0.2828427255153656 -2.2401726245880127 -7.384859085083008
v -0.2828427255153656 -1.9240707159042358 -7.473451137542725
v -0.2828427255153656 -1.6044872999191284 -7.548519134521484
v -0.2828427255153656 -1.282000184059143 -7.609927177429199
v -0.2828427255153656 -0.9571933150291443 -7.657564640045166
v -0.2828427255153656 -0.6306542754173279 -7.69134521484375
v -0.2828427255153656 -0.30297407507896423 -7.711207389831543
v -0.2828427255153656 0.025254348292946815 -7.717115879058838
v -0.2828427255153656 0.3534369468688965 -7.709059715270996
v -0.2828427255153656 0.6809801459312439 -7.6870527267456055
v -0.2828427255153656 1.0072911977767944 -7.6511359214782715
v -0.2828427255153656 1.3317794799804688 -7.601373672485352
v -0.2828427255153656 1.6538575887680054 -7.537856101989746
v -0.2828427255153656 1.9729427099227905 -7.460698127746582
v -0.2828427255153656 2.2884578704833984 -7.370038986206055
v -0.2828427255153656 2.5998318195343018 -7.266043663024902
v -0.2828427255153656 2.906501293182373 -7.148899555206299
v -0.2828427255153656 3.2079110145568848 -7.0188188552856445
v -0.2828427255153656 3.50351619720459 -6.87603759765625
v -0.3464101552963257 3.541126012802124 6.949851036071777
v -0.3464101552963257 3.2423477172851562 7.094165325164795
v -0.3464101552963257 2.9377024173736572 7.225642204284668
v -0.3464101552963257 2.6277408599853516 7.344043731689453
v -0.3464101552963257 2.3130242824554443 7.449155807495117
v -0.3464101552963257 1.99412202835083 7.540787220001221
v -0.3464101552963257 1.6716113090515137 7.618773460388184
v -0.3464101552963257 1.3460758924484253 7.682973384857178
v -0.3464101552963257 1.0181041955947876 7.733269691467285
v -0.3464101552963257 0.6882904767990112 7.7695722579956055
v -0.3464101552963257 0.35723116993904114 7.791815280914307
v -0.3464101552963257 0.025525322183966637 7.799958229064941
v -0.3464101552963257 -0.3062264919281006 7.793986797332764
v -0.3464101552963257 -0.6374242305755615 7.773910999298096
v -0.3464101552963257 -0.9674687385559082 7.739768028259277
v -0.3464101552963257 -1.2957624197006226 7.691618919372559
v -0.3464101552963257 -1.6217111349105835 7.629551410675049
v -0.3464101552963257 -1.9447253942489624 7.553677082061768
v -0.3464101552963257 -2.2642202377319336 7.464134693145752
v -0.3464101552963257 -2.579618215560913 7.361084938049316
v -0.3464101552963257 -2.890347957611084 7.244714260101318
v -0.3464101552963257 -3.195847511291504 7.115234375
v -0.3464101552963257 -3.495563507080078 6.972878456115723
v -0.3464101552963257 -3.788954496383667 6.817904472351074
v -0.3464101552963257 -4.075489044189453 6.650593280792236
v -0.3464101552963257 -4.354648113250732 6.47124719619751
v -0.3464101552963257 -4.625927448272705 6.280190467834473
v -0.3464101552963257 -4.888835906982422 6.077769756317139
v -0.3464101552963257 -5.142897605895996 5.864350318908691
v -0.3464101552963257 -5.387652397155762 5.640319347381592
v -0.3464101552963257 -5.6226582527160645 5.406081676483154
v -0.3464101552963257 -5.847489356994629 5.162060737609863
v -0.3464101552963257 -6.06173849105835 4.908699035644531
v -0.3464101552963257 -6.265018939971924 4.646454811096191
v -0.3464101552963257 -6.456961631774902 4.375802040100098
v -0.3464101552963257 -6.637220859527588 4.097230911254883
v -0.3464101552963257 -6.805468559265137 3.8112456798553467
v -0.3464101552963257 -6.96140193939209 3.5183637142181396
v -0.3464101552963257 -7.104737758636475 3.2191147804260254
v -0.3464101552963257 -7.235217094421387 2.9140408039093018
v -0.3464101552963257 -7.352603435516357 2.6036934852600098
v -0.3464101552963257 -7.4566850662231445 2.2886345386505127
v -0.3464101552963257 -7.5472731590271 1.9694342613220215
v -0.3464101552963257 -7.624203681945801 1.6466701030731201
v -0.3464101552963257 -7.6873369216918945 1.3209260702133179
v -0.3464101552963257 -7.736560344696045 0.9927918314933777
v -0.3464101552963257 -7.771783351898193 0.6628608703613281
v -0.3464101552963257 -7.792942523956299 0.3317306935787201
v -0.3464101552963257 -7.800000190734863 -3.539820170317398e-8
v -0.3464101552963257 -7.792942523956299 -0.3317306637763977
v -0.3464101552963257 -7.771783351898193 -0.662861168384552
v -0.3464101552963257 -7.736559867858887 -0.9927918314933777
v -0.3464101552963257 -7.687337398529053 -1.320926308631897
v -0.3464101552963257 -7.624203205108643 -1.6466701030731201
v -0.3464101552963257 -7.5472731590271 -1.9694342613220215
v -0.3464101552963257 -7.4566850662231445 -2.288634777069092
v -0.3464101552963257 -7.352603912353516 -2.6036932468414307
v -0.3464101552963257 -7.235217094421387 -2.914041042327881
v -0.3464101552963257 -7.104737758636475 -3.2191147804260254
v -0.3464101552963257 -6.96140193939209 -3.5183634757995605
v -0.3464101552963257 -6.805469036102295 -3.8112456798553467
v -0.3464101552963257 -6.63722038269043 -4.097230911254883
v -0.3464101552963257 -6.4569621086120605 -4.375802040100098
v -0.3464101552963257 -6.265018463134766 -4.646454334259033
v -0.3464101552963257 -6.06173849105835 -4.908699035644531
v -0.3464101552963257 -5.847488880157471 -5.162060737609863
v -0.3464101552963257 -5.622657775878906 -5.406081676483154
v -0.3464101552963257 -5.387652397155762 -5.640319347381592
v -0.3464101552963257 -5.142897129058838 -5.864350318908691
v -0.3464101552963257 -4.888835906982422 -6.077769756317139
v -0.3464101552963257 -4.625927448272705 -6.280190467834473
v -0.3464101552963257 -4.354648113250732 -6.47124719619751
v -0.3464101552963257 -4.075489044189453 -6.650593280792236
v -0.3464101552963257 -3.788954496383667 -6.817904472351074
v -0.3464101552963257 -3.4955637454986572 -6.972878456115723
v -0.3464101552963257 -3.195847511291504 -7.115234375
v -0.3464101552963257 -2.890348196029663 -7.244714736938477
v -0.3464101552963257 -2.579618215560913 -7.361084461212158
v -0.3464101552963257 -2.2642204761505127 -7.464134693145752
v -0.3464101552963257 -1.9447253942489624 -7.553677558898926
v -0.3464101552963257 -1.621711254119873 -7.629551410675049
v -0.3464101552963257 -1.295762300491333 -7.691618919372559
v -0.3464101552963257 -0.967468798160553 -7.739768028259277
v -0.3464101552963257 -0.6374245285987854 -7.773910999298096
v -0.3464101552963257 -0.30622658133506775 -7.7939863204956055
v -0.3464101552963257 0.025525391101837158 -7.799958229064941
v -0.3464101552963257 0.3572311997413635 -7.791815280914307
v -0.3464101552963257 0.6882905960083008 -7.769572734832764
v -0.3464101552963257 1.0181043148040771 -7.733270168304443
v -0.3464101552963257 1.3460758924484253 -7.682973384857178
v -0.3464101552963257 1.6716113090515137 -7.618773460388184
v -0.3464101552963257 1.9941219091415405 -7.540787696838379
v -0.3464101552963257 2.3130242824554443 -7.449155807495117
v -0.3464101552963257 2.6277408599853516 -7.344043731689453
v -0.3464101552963257 2.9377024173736572 -7.225642204284668
v -0.3464101552963257 3.2423479557037354 -7.094165325164795
v -0.3464101552963257 3.541126012802124 -6.949851036071777
v -0.38637033104896545 3.584923505783081 7.035808563232422
v -0.38637033104896545 3.282449722290039 7.181907653808594
v -0.38637033104896545 2.974036455154419 7.3150105476379395
v -0.38637033104896545 2.6602416038513184 7.434876918792725
v -0.38637033104896545 2.34163236618042 7.54128885269165
v -0.38637033104896545 2.0187859535217285 7.634054183959961
v -0.38637033104896545 1.6922862529754639 7.7130045890808105
v -0.38637033104896545 1.3627243041992188 7.777998447418213
v -0.38637033104896545 1.0306963920593262 7.828917026519775
v -0.38637033104896545 0.6968035101890564 7.865668773651123
v -0.38637033104896545 0.3616495132446289 7.888186454772949
v -0.38637033104896545 0.02584119699895382 7.896430015563965
v -0.38637033104896545 -0.31001394987106323 7.890384674072266
v -0.38637033104896545 -0.6453083157539368 7.870060920715332
v -0.38637033104896545 -0.9794346690177917 7.8354949951171875
v -0.38637033104896545 -1.31178879737854 7.786750793457031
v -0.38637033104896545 -1.6417688131332397 7.7239155769348145
v -0.38637033104896545 -1.968778133392334 7.647103309631348
v -0.38637033104896545 -2.292224884033203 7.556453227996826
v -0.38637033104896545 -2.6115236282348633 7.452128887176514
v -0.38637033104896545 -2.9260966777801514 7.334319114685059
v -0.38637033104896545 -3.235374689102173 7.203237533569336
v -0.38637033104896545 -3.5387978553771973 7.059121131896973
v -0.38637033104896545 -3.835817337036133 6.902230739593506
v -0.38637033104896545 -4.1258955001831055 6.732849597930908
v -0.38637033104896545 -4.408507347106934 6.551285266876221
v -0.38637033104896545 -4.683142185211182 6.357865333557129
v -0.38637033104896545 -4.9493021965026855 6.1529412269592285
v -0.38637033104896545 -5.206506252288818 5.936882495880127
v -0.38637033104896545 -5.454288005828857 5.710080146789551
v -0.38637033104896545 -5.692200183868408 5.472945213317871
v -0.38637033104896545 -5.919812202453613 5.2259063720703125
v -0.38637033104896545 -6.136711597442627 4.9694108963012695
v -0.38637033104896545 -6.342505931854248 4.703923225402832
v -0.38637033104896545 -6.536823272705078 4.429923057556152
v -0.38637033104896545 -6.719311237335205 4.147906303405762
v -0.38637033104896545 -6.889640808105469 3.858384132385254
v -0.38637033104896545 -7.047502040863037 3.5618796348571777
v -0.38637033104896545 -7.192611217498779 3.25892972946167
v -0.38637033104896545 -7.324703693389893 2.950082302093506
v -0.38637033104896545 -7.44354248046875 2.635896682739258
v -0.38637033104896545 -7.548911094665527 2.316941022872925
v -0.38637033104896545 -7.640619277954102 1.9937927722930908
v -0.38637033104896545 -7.718501091003418 1.6670364141464233
v -0.38637033104896545 -7.782416343688965 1.337263822555542
v -0.38637033104896545 -7.832248210906982 1.0050710439682007
v -0.38637033104896545 -7.86790657043457 0.6710594296455383
v -0.38637033104896545 -7.889327526092529 0.33583351969718933
v -0.38637033104896545 -7.896472454071045 1.3324707559547733e-8
v -0.38637033104896545 -7.8893280029296875 -0.33583343029022217
v -0.38637033104896545 -7.86790657043457 -0.6710595488548279
v -0.38637033104896545 -7.832247734069824 -1.0050711631774902
v -0.38637033104896545 -7.782416343688965 -1.337263584136963
v -0.38637033104896545 -7.718501567840576 -1.6670362949371338
v -0.38637033104896545 -7.64061975479126 -1.9937928915023804
v -0.38637033104896545 -7.548911094665527 -2.316941261291504
v -0.38637033104896545 -7.44354248046875 -2.6358964443206787
v -0.38637033104896545 -7.324704170227051 -2.950082540512085
v -0.38637033104896545 -7.192610740661621 -3.25892972946167
v -0.38637033104896545 -7.047502517700195 -3.5618796348571777
v -0.38637033104896545 -6.8896403312683105 -3.858384132385254
v -0.38637033104896545 -6.719311714172363 -4.14790678024292
v -0.38637033104896545 -6.536823272705078 -4.429923057556152
v -0.38637033104896545 -6.342505931854248 -4.703922748565674
v -0.38637033104896545 -6.136711597442627 -4.969411373138428
v -0.38637033104896545 -5.919812202453613 -5.2259063720703125
v -0.38637033104896545 -5.692200660705566 -5.472945213317871
v -0.38637033104896545 -5.454288005828857 -5.710080146789551
v -0.38637033104896545 -5.206506252288818 -5.936882495880127
v -0.38637033104896545 -4.9493021965026855 -6.15294075012207
v -0.38637033104896545 -4.683142185211182 -6.357865810394287
v -0.38637033104896545 -4.408507347106934 -6.551285266876221
v -0.38637033104896545 -4.1258955001831055 -6.732849597930908
v -0.38637033104896545 -3.835817337036133 -6.902230262756348
v -0.38637033104896545 -3.538797616958618 -7.0591206550598145
v -0.38637033104896545 -3.2353744506835938 -7.203237056732178
v -0.38637033104896545 -2.9260964393615723 -7.334319114685059
v -0.38637033104896545 -2.6115236282348633 -7.4521284103393555
v -0.38637033104896545 -2.292224884033203 -7.556452751159668
v -0.38637033104896545 -1.9687782526016235 -7.647103309631348
v -0.38637033104896545 -1.6417689323425293 -7.7239155769348145
v -0.38637033104896545 -1.3117884397506714 -7.786750793457031
v -0.38637033104896545 -0.979434609413147 -7.8354949951171875
v -0.38637033104896545 -0.645308256149292 -7.870060443878174
v -0.38637033104896545 -0.31001389026641846 -7.890384197235107
v -0.38637033104896545 0.025840960443019867 -7.896430015563965
v -0.38637033104896545 0.3616494834423065 -7.888186454772949
v -0.38637033104896545 0.6968035101890564 -7.865668773651123
v -0.38637033104896545 1.0306967496871948 -7.828917026519775
v -0.38637033104896545 1.3627243041992188 -7.777998447418213
v -0.38637033104896545 1.6922862529754639 -7.713005065917969
v -0.38637033104896545 2.0187857151031494 -7.634053707122803
v -0.38637033104896545 2.34163236618042 -7.54128885269165
v -0.38637033104896545 2.6602413654327393 -7.434876918792725
v -0.38637033104896545 2.974036455154419 -7.315011024475098
v -0.38637033104896545 3.282449960708618 -7.181907653808594
v -0.38637033104896545 3.58492374420166 -7.035808563232422
v -0.4000000059604645 3.6319239139556885 7.128052234649658
v -0.4000000059604645 3.3254847526550293 7.276066780090332
v -0.4000000059604645 3.0130279064178467 7.410914897918701
v -0.4000000059604645 2.6951189041137695 7.532352447509766
v -0.4000000059604645 2.3723325729370117 7.640159606933594
v -0.4000000059604645 2.0452535152435303 7.7341413497924805
v -0.4000000059604645 1.7144733667373657 7.814126968383789
v -0.4000000059604645 1.3805904388427734 7.879972457885742
v -0.4000000059604645 1.0442094802856445 7.931559085845947
v -0.4000000059604645 0.7059389352798462 7.968791961669922
v -0.4000000059604645 0.3663909137248993 7.991605281829834
v -0.4000000059604645 0.026179706677794456 7.999957084655762
v -0.4000000059604645 -0.3140784800052643 7.993832111358643
v -0.4000000059604645 -0.6537685394287109 7.973241806030273
v -0.4000000059604645 -0.9922753572463989 7.938223361968994
v -0.4000000059604645 -1.3289871215820312 7.8888397216796875
v -0.4000000059604645 -1.6632933616638184 7.825181007385254
v -0.4000000059604645 -1.9945900440216064 7.747361183166504
v -0.4000000059604645 -2.322277307510376 7.655522346496582
v -0.4000000059604645 -2.6457622051239014 7.549830436706543
v -0.4000000059604645 -2.9644596576690674 7.430476188659668
v -0.4000000059604645 -3.277792453765869 7.2976765632629395
v -0.4000000059604645 -3.585193634033203 7.151670455932617
v -0.4000000059604645 -3.8861072063446045 6.992722511291504
v -0.4000000059604645 -4.179988384246826 6.8211212158203125
v -0.4000000059604645 -4.466305732727051 6.637176513671875
v -0.4000000059604645 -4.744541168212891 6.441221237182617
v -0.4000000059604645 -5.014190673828125 6.233609676361084
v -0.4000000059604645 -5.274766445159912 6.014718055725098
v -0.4000000059604645 -5.525797367095947 5.784942626953125
v -0.4000000059604645 -5.766829013824463 5.544698715209961
v -0.4000000059604645 -5.997424602508545 5.294421672821045
v -0.4000000059604645 -6.217167854309082 5.034563064575195
v -0.4000000059604645 -6.425660133361816 4.765594482421875
v -0.4000000059604645 -6.622525215148926 4.488001823425293
v -0.4000000059604645 -6.807405948638916 4.2022881507873535
v -0.4000000059604645 -6.979968070983887 3.9089698791503906
v -0.4000000059604645 -7.139899253845215 3.6085779666900635
v -0.4000000059604645 -7.286910533905029 3.3016562461853027
v -0.4000000059604645 -7.420735836029053 2.988759756088257
v -0.4000000059604645 -7.541131973266602 2.670454978942871
v -0.4000000059604645 -7.647882461547852 2.347317695617676
v -0.4000000059604645 -7.740792751312256 2.019932508468628
v -0.4000000059604645 -7.819695472717285 1.6888922452926636
v -0.4000000059604645 -7.884448528289795 1.354796051979065
v -0.4000000059604645 -7.934933662414551 1.0182479619979858
v -0.4000000059604645 -7.971059799194336 0.6798574328422546
v -0.4000000059604645 -7.992761611938477 0.3402363657951355
v -0.4000000059604645 -8 9.348791962793257e-8
v -0.4000000059604645 -7.992761611938477 -0.34023645520210266
v -0.4000000059604645 -7.971059322357178 -0.6798573732376099
v -0.4000000059604645 -7.934933662414551 -1.0182480812072754
v -0.4000000059604645 -7.884448528289795 -1.354796051979065
v -0.4000000059604645 -7.819695472717285 -1.6888922452926636
v -0.4000000059604645 -7.740792751312256 -2.019932746887207
v -0.4000000059604645 -7.647881984710693 -2.3473174571990967
v -0.4000000059604645 -7.541131973266602 -2.67045521736145
v -0.4000000059604645 -7.420735836029053 -2.988759756088257
v -0.4000000059604645 -7.286910533905029 -3.3016560077667236
v -0.4000000059604645 -7.139899253845215 -3.6085782051086426
v -0.4000000059604645 -6.979968070983887 -3.9089698791503906
v -0.4000000059604645 -6.807405948638916 -4.202287673950195
v -0.4000000059604645 -6.622525215148926 -4.488001823425293
v -0.4000000059604645 -6.425660133361816 -4.765594482421875
v -0.4000000059604645 -6.217167377471924 -5.034563064575195
v -0.4000000059604645 -5.997424602508545 -5.294421195983887
v -0.4000000059604645 -5.766829013824463 -5.544698715209961
v -0.4000000059604645 -5.525797367095947 -5.784942626953125
v -0.4000000059604645 -5.274766445159912 -6.014718532562256
v -0.4000000059604645 -5.014190673828125 -6.233610153198242
v -0.4000000059604645 -4.744541168212891 -6.441221237182617
v -0.4000000059604645 -4.466305732727051 -6.637176513671875
v -0.4000000059604645 -4.179988384246826 -6.8211212158203125
v -0.4000000059604645 -3.8861072063446045 -6.992722511291504
v -0.4000000059604645 -3.585193634033203 -7.151670455932617
v -0.4000000059604645 -3.27779221534729 -7.297676086425781
v -0.4000000059604645 -2.9644594192504883 -7.430476188659668
v -0.4000000059604645 -2.6457622051239014 -7.549830436706543
v -0.4000000059604645 -2.322277307510376 -7.65552282333374
v -0.4000000059604645 -1.994590163230896 -7.747361183166504
v -0.4000000059604645 -1.663293480873108 -7.825180530548096
v -0.4000000059604645 -1.3289870023727417 -7.8888397216796875
v -0.4000000059604645 -0.9922754764556885 -7.938223361968994
v -0.4000000059604645 -0.6537684798240662 -7.973241806030273
v -0.4000000059604645 -0.3140784204006195 -7.993832111358643
v -0.4000000059604645 0.026179958134889603 -7.999957084655762
v -0.4000000059604645 0.3663908541202545 -7.991605281829834
v -0.4000000059604645 0.7059389352798462 -7.96879243850708
v -0.4000000059604645 1.044209599494934 -7.931559085845947
v -0.4000000059604645 1.3805906772613525 -7.879972457885742
v -0.4000000059604645 1.7144732475280762 -7.814126968383789
v -0.4000000059604645 2.0452535152435303 -7.7341413497924805
v -0.4000000059604645 2.3723325729370117 -7.6401591300964355
v -0.4000000059604645 2.6951186656951904 -7.532352447509766
v -0.4000000059604645 3.013028144836426 -7.410915374755859
v -0.4000000059604645 3.3254847526550293 -7.27606725692749
v -0.4000000059604645 3.6319241523742676 -7.128052234649658
v -0.38637033104896545 3.678924798965454 7.220296382904053
v -0.38637033104896545 3.3685195446014404 7.37022590637207
v -0.38637033104896545 3.0520195960998535 7.506819725036621
v -0.38637033104896545 2.7299964427948 7.629828929901123
v -0.38637033104896545 2.4030327796936035 7.739030361175537
v -0.38637033104896545 2.071721076965332 7.834228515625
v -0.38637033104896545 1.7366600036621094 7.915248870849609
v -0.38637033104896545 1.3984565734863281 7.98194694519043
v -0.38637033104896545 1.0577226877212524 8.034200668334961
v -0.38637033104896545 0.7150745391845703 8.071916580200195
v -0.38637033104896545 0.371132493019104 8.095024108886719
v -0.38637033104896545 0.026518644765019417 8.103484153747559
v -0.38637033104896545 -0.31814298033714294 8.09727954864502
v -0.38637033104896545 -0.6622291803359985 8.076423645019531
v -0.38637033104896545 -1.0051167011260986 8.0409517288208
v -0.38637033104896545 -1.3461854457855225 7.990928649902344
v -0.38637033104896545 -1.6848182678222656 7.926445960998535
v -0.38637033104896545 -2.020401954650879 7.847619533538818
v -0.38637033104896545 -2.352329969406128 7.754592418670654
v -0.38637033104896545 -2.6800012588500977 7.6475324630737305
v -0.38637033104896545 -3.0028223991394043 7.5266337394714355
v -0.38637033104896545 -3.3202097415924072 7.392115116119385
v -0.38637033104896545 -3.631589412689209 7.2442193031311035
v -0.38637033104896545 -3.936396837234497 7.083215236663818
v -0.38637033104896545 -4.234081745147705 6.909393310546875
v -0.38637033104896545 -4.524104118347168 6.723067760467529
v -0.38637033104896545 -4.8059401512146 6.524576663970947
v -0.38637033104896545 -5.0790791511535645 6.314278602600098
v -0.38637033104896545 -5.343027114868164 6.092554569244385
v -0.38637033104896545 -5.597306251525879 5.859805583953857
v -0.38637033104896545 -5.841456890106201 5.616452693939209
v -0.38637033104896545 -6.075037002563477 5.362936019897461
v -0.38637033104896545 -6.297623634338379 5.099715232849121
v -0.38637033104896545 -6.508814811706543 4.827265739440918
v -0.38637033104896545 -6.708227157592773 4.546081066131592
v -0.38637033104896545 -6.895500659942627 4.256669998168945
v -0.38637033104896545 -7.070295810699463 3.9595558643341064
v -0.38637033104896545 -7.232296466827393 3.6552765369415283
v -0.38637033104896545 -7.381209850311279 3.3443827629089355
v -0.38637033104896545 -7.516766548156738 3.0274369716644287
v -0.38637033104896545 -7.638720989227295 2.7050130367279053
v -0.38637033104896545 -7.746852874755859 2.3776941299438477
v -0.38637033104896545 -7.84096622467041 2.046072483062744
v -0.38637033104896545 -7.920889854431152 1.7107480764389038
v -0.38637033104896545 -7.986480712890625 1.3723284006118774
v -0.38637033104896545 -8.037619590759277 1.0314252376556396
v -0.38637033104896545 -8.074213027954102 0.688655436038971
v -0.38637033104896545 -8.096196174621582 0.3446396589279175
v -0.38637033104896545 -8.103528022766113 -3.8781376332508444e-8
v -0.38637033104896545 -8.096195220947266 -0.34463950991630554
v -0.38637033104896545 -8.074213027954102 -0.6886555552482605
v -0.38637033104896545 -8.037619590759277 -1.03142511844635
v -0.38637033104896545 -7.986480712890625 -1.372328281402588
v -0.38637033104896545 -7.9208903312683105 -1.7107484340667725
v -0.38637033104896545 -7.84096622467041 -2.046072483062744
v -0.38637033104896545 -7.746853351593018 -2.3776938915252686
v -0.38637033104896545 -7.638721466064453 -2.7050132751464844
v -0.38637033104896545 -7.516766548156738 -3.0274369716644287
v -0.38637033104896545 -7.3812103271484375 -3.3443830013275146
v -0.38637033104896545 -7.232296466827393 -3.6552767753601074
v -0.38637033104896545 -7.070295333862305 -3.9595556259155273
v -0.38637033104896545 -6.895500183105469 -4.256669521331787
v -0.38637033104896545 -6.708227157592773 -4.546081066131592
v -0.38637033104896545 -6.508814811706543 -4.827265739440918
v -0.38637033104896545 -6.297623634338379 -5.099715232849121
v -0.38637033104896545 -6.075037002563477 -5.362936019897461
v -0.38637033104896545 -5.841456890106201 -5.616452693939209
v -0.38637033104896545 -5.597306728363037 -5.859805583953857
v -0.38637033104896545 -5.343027114868164 -6.092554569244385
v -0.38637033104896545 -5.0790791511535645 -6.314278602600098
v -0.38637033104896545 -4.8059401512146 -6.5245771408081055
v -0.38637033104896545 -4.524104118347168 -6.7230682373046875
v -0.38637033104896545 -4.234081745147705 -6.909393310546875
v -0.38637033104896545 -3.936397075653076 -7.083215236663818
v -0.38637033104896545 -3.631589651107788 -7.24422025680542
v -0.38637033104896545 -3.3202097415924072 -7.392114639282227
v -0.38637033104896545 -3.002822160720825 -7.5266337394714355
v -0.38637033104896545 -2.6800012588500977 -7.647532939910889
v -0.38637033104896545 -2.352329969406128 -7.754592418670654
v -0.38637033104896545 -2.020401954650879 -7.847619533538818
v -0.38637033104896545 -1.6848180294036865 -7.926445960998535
v -0.38637033104896545 -1.3461854457855225 -7.990929126739502
v -0.38637033104896545 -1.005116581916809 -8.0409517288208
v -0.38637033104896545 -0.6622289419174194 -8.076422691345215
v -0.38637033104896545 -0.31814295053482056 -8.097280502319336
v -0.38637033104896545 0.026518741622567177 -8.103484153747559
v -0.38637033104896545 0.3711322247982025 -8.095024108886719
v -0.38637033104896545 0.7150744795799255 -8.071915626525879
v -0.38637033104896545 1.057722568511963 -8.034200668334961
v -0.38637033104896545 1.3984564542770386 -7.98194694519043
v -0.38637033104896545 1.7366600036621094 -7.915249347686768
v -0.38637033104896545 2.071721076965332 -7.834228515625
v -0.38637033104896545 2.4030330181121826 -7.739030361175537
v -0.38637033104896545 2.7299962043762207 -7.629828453063965
v -0.38637033104896545 3.0520193576812744 -7.506819248199463
v -0.38637033104896545 3.3685200214385986 -7.37022590637207
v -0.38637033104896545 3.678924560546875 -7.2202959060668945
v -0.3464101552963257 3.722722053527832 7.306253433227539
v -0.3464101552963257 3.4086222648620605 7.4579691886901855
v -0.3464101552963257 3.0883538722991943 7.596188545227051
v -0.3464101552963257 2.7624964714050293 7.720661163330078
v -0.3464101552963257 2.431641101837158 7.8311638832092285
v -0.3464101552963257 2.0963847637176514 7.927494525909424
v -0.3464101552963257 1.7573349475860596 8.009480476379395
v -0.3464101552963257 1.4151051044464111 8.076972007751465
v -0.3464101552963257 1.070314645767212 8.129847526550293
v -0.3464101552963257 0.7235875725746155 8.168012619018555
v -0.3464101552963257 0.37555062770843506 8.19139575958252
v -0.3464101552963257 0.0268345195800066 8.199955940246582
v -0.3464101552963257 -0.3219306766986847 8.19367790222168
v -0.3464101552963257 -0.6701127886772156 8.17257308959961
v -0.3464101552963257 -1.0170824527740479 8.136678695678711
v -0.3464101552963257 -1.3622115850448608 8.086060523986816
v -0.3464101552963257 -1.7048758268356323 8.0208101272583
v -0.3464101552963257 -2.044455051422119 7.941045761108398
v -0.3464101552963257 -2.3803343772888184 7.84691047668457
v -0.3464101552963257 -2.7119064331054688 7.738576412200928
v -0.3464101552963257 -3.0385708808898926 7.616238117218018
v -0.3464101552963257 -3.359736919403076 7.480118274688721
v -0.3464101552963257 -3.67482328414917 7.3304619789123535
v -0.3464101552963257 -3.983259916305542 7.167540550231934
v -0.3464101552963257 -4.284488201141357 6.991649150848389
v -0.3464101552963257 -4.577963829040527 6.803106307983398
v -0.3464101552963257 -4.863154411315918 6.6022515296936035
v -0.3464101552963257 -5.139545440673828 6.389450550079346
v -0.3464101552963257 -5.406635761260986 6.165086269378662
v -0.3464101552963257 -5.663942337036133 5.929566383361816
v -0.3464101552963257 -5.910999774932861 5.683316707611084
v -0.3464101552963257 -6.147360324859619 5.426782131195068
v -0.3464101552963257 -6.372596740722656 5.160427093505859
v -0.3464101552963257 -6.586301326751709 4.884734153747559
v -0.3464101552963257 -6.788087844848633 4.6002020835876465
v -0.3464101552963257 -6.977591037750244 4.307345390319824
v -0.3464101552963257 -7.1544671058654785 4.006694316864014
v -0.3464101552963257 -7.31839656829834 3.6987924575805664
v -0.3464101552963257 -7.469083309173584 3.38419771194458
v -0.3464101552963257 -7.606253623962402 3.063478469848633
v -0.3464101552963257 -7.7296600341796875 2.737215995788574
v -0.3464101552963257 -7.839078903198242 2.4060003757476807
v -0.3464101552963257 -7.93431282043457 2.0704309940338135
v -0.3464101552963257 -8.015188217163086 1.7311147451400757
v -0.3464101552963257 -8.081559181213379 1.3886659145355225
v -0.3464101552963257 -8.133306503295898 1.0437042713165283
v -0.3464101552963257 -8.170336723327637 0.6968539953231812
v -0.3464101552963257 -8.192581176757812 0.3487424850463867
v -0.3464101552963257 -8.199999809265137 9.94153204203485e-9
v -0.3464101552963257 -8.192580223083496 -0.3487425148487091
v -0.3464101552963257 -8.170336723327637 -0.696853756904602
v -0.3464101552963257 -8.133306503295898 -1.0437040328979492
v -0.3464101552963257 -8.081559181213379 -1.3886662721633911
v -0.3464101552963257 -8.015188217163086 -1.7311148643493652
v -0.3464101552963257 -7.934312343597412 -2.0704309940338135
v -0.3464101552963257 -7.839078903198242 -2.4060003757476807
v -0.3464101552963257 -7.7296600341796875 -2.7372164726257324
v -0.3464101552963257 -7.6062541007995605 -3.063478469848633
v -0.3464101552963257 -7.469083309173584 -3.38419771194458
v -0.3464101552963257 -7.318397045135498 -3.6987926959991455
v -0.3464101552963257 -7.1544671058654785 -4.006694316864014
v -0.3464101552963257 -6.977591037750244 -4.307345390319824
v -0.3464101552963257 -6.788088321685791 -4.6002020835876465
v -0.3464101552963257 -6.586301803588867 -4.884734630584717
v -0.3464101552963257 -6.372596740722656 -5.160427093505859
v -0.3464101552963257 -6.147360324859619 -5.42678165435791
v -0.3464101552963257 -5.910999298095703 -5.683316230773926
v -0.3464101552963257 -5.663942337036133 -5.929566383361816
v -0.3464101552963257 -5.406635761260986 -6.165086269378662
v -0.3464101552963257 -5.139545440673828 -6.3894500732421875
v -0.3464101552963257 -4.863154411315918 -6.6022515296936035
v -0.3464101552963257 -4.577963829040527 -6.803106307983398
v -0.3464101552963257 -4.284488201141357 -6.991649150848389
v -0.3464101552963257 -3.983259916305542 -7.167541027069092
v -0.3464101552963257 -3.67482328414917 -7.3304619789123535
v -0.3464101552963257 -3.359736919403076 -7.4801177978515625
v -0.3464101552963257 -3.0385711193084717 -7.616238594055176
v -0.3464101552963257 -2.7119064331054688 -7.738576412200928
v -0.3464101552963257 -2.3803343772888184 -7.8469109535217285
v -0.3464101552963257 -2.044455051422119 -7.941045761108398
v -0.3464101552963257 -1.7048759460449219 -8.0208101272583
v -0.3464101552963257 -1.3622115850448608 -8.086060523986816
v -0.3464101552963257 -1.0170824527740479 -8.136678695678711
v -0.3464101552963257 -0.670112669467926 -8.17257308959961
v -0.3464101552963257 -0.321930468082428 -8.19367790222168
v -0.3464101552963257 0.026834527030587196 -8.199955940246582
v -0.3464101552963257 0.3755507171154022 -8.19139575958252
v -0.3464101552963257 0.7235874533653259 -8.168011665344238
v -0.3464101552963257 1.0703147649765015 -8.12984848022461
v -0.3464101552963257 1.4151053428649902 -8.076972007751465
v -0.3464101552963257 1.7573351860046387 -8.009480476379395
v -0.3464101552963257 2.0963850021362305 -7.927494525909424
v -0.3464101552963257 2.431641101837158 -7.83116340637207
v -0.3464101552963257 2.7624964714050293 -7.720661163330078
v -0.3464101552963257 3.088353395462036 -7.596188068389893
v -0.3464101552963257 3.4086217880249023 -7.457968711853027
v -0.3464101552963257 3.722722053527832 -7.306253433227539
v -0.2828427255153656 3.760331869125366 7.380066871643066
v -0.2828427255153656 3.443058490753174 7.533315181732178
v -0.2828427255153656 3.1195545196533203 7.6729302406311035
v -0.2828427255153656 2.790405750274658 7.798661708831787
v -0.2828427255153656 2.456207275390625 7.910280227661133
v -0.2828427255153656 2.1175639629364014 8.007584571838379
v -0.2828427255153656 1.7750890254974365 8.090397834777832
v -0.2828427255153656 1.4294016361236572 8.158571243286133
v -0.2828427255153656 1.0811278820037842 8.211981773376465
v -0.2828427255153656 0.730897843837738 8.250532150268555
v -0.2828427255153656 0.3793448209762573 8.274151802062988
v -0.2828427255153656 0.02710557170212269 8.282798767089844
v -0.2828427255153656 -0.32518306374549866 8.276456832885742
v -0.2828427255153656 -0.6768829226493835 8.255138397216797
v -0.2828427255153656 -1.027358055114746 8.218881607055664
v -0.2828427255153656 -1.3759737014770508 8.167752265930176
v -0.2828427255153656 -1.7220996618270874 8.101842880249023
v -0.2828427255153656 -2.0651097297668457 8.021271705627441
v -0.2828427255153656 -2.4043822288513184 7.9261860847473145
v -0.2828427255153656 -2.7393040657043457 7.8167572021484375
v -0.2828427255153656 -3.0692689418792725 7.693182945251465
v -0.2828427255153656 -3.393679618835449 7.555688381195068
v -0.2828427255153656 -3.711949586868286 7.404520034790039
v -0.2828427255153656 -4.023501873016357 7.23995304107666
v -0.2828427255153656 -4.327773571014404 7.062284469604492
v -0.2828427255153656 -4.624213695526123 6.871836185455322
v -0.2828427255153656 -4.912285804748535 6.668952941894531
v -0.2828427255153656 -5.191468715667725 6.454001426696777
v -0.2828427255153656 -5.461257457733154 6.227370738983154
v -0.2828427255153656 -5.721163749694824 5.989471435546875
v -0.2828427255153656 -5.970716953277588 5.740733623504639
v -0.2828427255153656 -6.209465503692627 5.481606960296631
v -0.2828427255153656 -6.436977863311768 5.21256160736084
v -0.2828427255153656 -6.652841567993164 4.934083461761475
v -0.2828427255153656 -6.856666564941406 4.646676540374756
v -0.2828427255153656 -7.048083782196045 4.350861549377441
v -0.2828427255153656 -7.226747035980225 4.047173023223877
v -0.2828427255153656 -7.392333507537842 3.7361607551574707
v -0.2828427255153656 -7.54454231262207 3.4183876514434814
v -0.2828427255153656 -7.683097839355469 3.094428300857544
v -0.2828427255153656 -7.807751178741455 2.7648696899414062
v -0.2828427255153656 -7.918275833129883 2.4303078651428223
v -0.2828427255153656 -8.014471054077148 2.0913479328155518
v -0.2828427255153656 -8.096163749694824 1.7486040592193604
v -0.2828427255153656 -8.163206100463867 1.4026951789855957
v -0.2828427255153656 -8.215476036071777 1.054248332977295
v -0.2828427255153656 -8.25287914276123 0.7038940191268921
v -0.2828427255153656 -8.275348663330078 0.35226571559906006
v -0.2828427255153656 -8.282842636108398 1.866436782904657e-8
v -0.2828427255153656 -8.275348663330078 -0.3522658050060272
v -0.2828427255153656 -8.25287914276123 -0.7038938403129578
v -0.2828427255153656 -8.215476036071777 -1.0542484521865845
v -0.2828427255153656 -8.163206100463867 -1.4026954174041748
v -0.2828427255153656 -8.096163749694824 -1.7486037015914917
v -0.2828427255153656 -8.014471054077148 -2.0913479328155518
v -0.2828427255153656 -7.918275833129883 -2.4303078651428223
v -0.2828427255153656 -7.807751655578613 -2.7648699283599854
v -0.2828427255153656 -7.683097839355469 -3.094428300857544
v -0.2828427255153656 -7.544541835784912 -3.4183874130249023
v -0.2828427255153656 -7.392333030700684 -3.7361605167388916
v -0.2828427255153656 -7.226747035980225 -4.047173023223877
v -0.2828427255153656 -7.048083782196045 -4.350861549377441
v -0.2828427255153656 -6.856666564941406 -4.646677017211914
v -0.2828427255153656 -6.652841567993164 -4.934083461761475
v -0.2828427255153656 -6.436977863311768 -5.212562084197998
v -0.2828427255153656 -6.209465503692627 -5.481607437133789
v -0.2828427255153656 -5.970716953277588 -5.740733623504639
v -0.2828427255153656 -5.721163749694824 -5.989471435546875
v -0.2828427255153656 -5.4612579345703125 -6.2273712158203125
v -0.2828427255153656 -5.191469192504883 -6.454001426696777
v -0.2828427255153656 -4.912285804748535 -6.668952941894531
v -0.2828427255153656 -4.624213218688965 -6.871835708618164
v -0.2828427255153656 -4.327773571014404 -7.06228494644165
v -0.2828427255153656 -4.023501396179199 -7.239952564239502
v -0.2828427255153656 -3.711949348449707 -7.404520034790039
v -0.2828427255153656 -3.393679618835449 -7.55568790435791
v -0.2828427255153656 -3.0692689418792725 -7.693183422088623
v -0.2828427255153656 -2.7393040657043457 -7.8167572021484375
v -0.2828427255153656 -2.4043824672698975 -7.926186561584473
v -0.2828427255153656 -2.0651097297668457 -8.021272659301758
v -0.2828427255153656 -1.722099781036377 -8.101841926574707
v -0.2828427255153656 -1.3759737014770508 -8.167752265930176
v -0.2828427255153656 -1.0273576974868774 -8.218881607055664
v -0.2828427255153656 -0.6768826842308044 -8.255138397216797
v -0.2828427255153656 -0.3251827657222748 -8.276456832885742
v -0.2828427255153656 0.02710556797683239 -8.282797813415527
v -0.2828427255153656 0.37934476137161255 -8.274150848388672
v -0.2828427255153656 0.7308979034423828 -8.250532150268555
v -0.2828427255153656 1.0811281204223633 -8.211981773376465
v -0.2828427255153656 1.4294018745422363 -8.158571243286133
v -0.2828427255153656 1.7750892639160156 -8.090397834777832
v -0.2828427255153656 2.1175639629364014 -8.007584571838379
v -0.2828427255153656 2.456207513809204 -7.910280227661133
v -0.2828427255153656 2.790405750274658 -7.798661231994629
v -0.2828427255153656 3.1195545196533203 -7.6729302406311035
v -0.2828427255153656 3.443058729171753 -7.5333147048950195
v -0.2828427255153656 3.7603321075439453 -7.380066871643066
v -0.20000000298023224 3.7891907691955566 7.436705589294434
v -0.20000000298023224 3.469482660293579 7.591130256652832
v -0.20000000298023224 3.143495798110962 7.73181676864624
v -0.20000000298023224 2.8118209838867188 7.858512878417969
v -0.20000000298023224 2.475057601928711 7.970987796783447
v -0.20000000298023224 2.1338155269622803 8.069039344787598
v -0.20000000298023224 1.7887122631072998 8.152488708496094
v -0.20000000298023224 1.4403718709945679 8.221185684204102
v -0.20000000298023224 1.0894250869750977 8.275005340576172
v -0.20000000298023224 0.7365068793296814 8.313851356506348
v -0.20000000298023224 0.38225629925727844 8.337652206420898
v -0.20000000298023224 0.027313465252518654 8.346365928649902
v -0.20000000298023224 -0.32767853140830994 8.339975357055664
v -0.20000000298023224 -0.6820775270462036 8.318493843078613
v -0.20000000298023224 -1.0352424383163452 8.28195858001709
v -0.20000000298023224 -1.3865337371826172 8.230436325073242
v -0.20000000298023224 -1.7353163957595825 8.164021492004395
v -0.20000000298023224 -2.080958366394043 8.082832336425781
v -0.20000000298023224 -2.422835111618042 7.987016201019287
v -0.20000000298023224 -2.760327100753784 7.8767476081848145
v -0.20000000298023224 -3.0928242206573486 7.752225399017334
v -0.20000000298023224 -3.419724941253662 7.613674640655518
v -0.20000000298023224 -3.7404370307922363 7.461346626281738
v -0.20000000298023224 -4.054380416870117 7.2955169677734375
v -0.20000000298023224 -4.360987663269043 7.116484642028809
v -0.20000000298023224 -4.659702777862549 6.924574375152588
v -0.20000000298023224 -4.949985504150391 6.720134258270264
v -0.20000000298023224 -5.231311321258545 6.503532886505127
v -0.20000000298023224 -5.503170490264893 6.275163650512695
v -0.20000000298023224 -5.765071392059326 6.035438060760498
v -0.20000000298023224 -6.016540050506592 5.784791469573975
v -0.20000000298023224 -6.2571210861206055 5.52367639541626
v -0.20000000298023224 -6.486379146575928 5.252566337585449
v -0.20000000298023224 -6.703899383544922 4.971950531005859
v -0.20000000298023224 -6.9092888832092285 4.682338237762451
v -0.20000000298023224 -7.102175712585449 4.384252548217773
v -0.20000000298023224 -7.282209396362305 4.078233242034912
v -0.20000000298023224 -7.449066638946533 3.764834403991699
v -0.20000000298023224 -7.602443218231201 3.444622278213501
v -0.20000000298023224 -7.742063045501709 3.1181769371032715
v -0.20000000298023224 -7.867672443389893 2.7860889434814453
v -0.20000000298023224 -7.979045391082764 2.4489593505859375
v -0.20000000298023224 -8.075979232788086 2.107398271560669
v -0.20000000298023224 -8.15829849243164 1.762023687362671
v -0.20000000298023224 -8.225854873657227 1.4134604930877686
v -0.20000000298023224 -8.278526306152344 1.0623393058776855
v -0.20000000298023224 -8.316217422485352 0.7092961072921753
v -0.20000000298023224 -8.338858604431152 0.3549691140651703
v -0.20000000298023224 -8.346410751342773 -5.800890878759901e-9
v -0.20000000298023224 -8.338858604431152 -0.3549690544605255
v -0.20000000298023224 -8.316216468811035 -0.7092960476875305
v -0.20000000298023224 -8.278526306152344 -1.062339425086975
v -0.20000000298023224 -8.225854873657227 -1.4134604930877686
v -0.20000000298023224 -8.15829849243164 -1.7620235681533813
v -0.20000000298023224 -8.075979232788086 -2.10739803314209
v -0.20000000298023224 -7.9790449142456055 -2.4489595890045166
v -0.20000000298023224 -7.867672920227051 -2.7860889434814453
v -0.20000000298023224 -7.742063045501709 -3.1181769371032715
v -0.20000000298023224 -7.602443218231201 -3.44462251663208
v -0.20000000298023224 -7.449066162109375 -3.76483416557312
v -0.20000000298023224 -7.282209873199463 -4.078233242034912
v -0.20000000298023224 -7.102175235748291 -4.384252548217773
v -0.20000000298023224 -6.9092888832092285 -4.682338237762451
v -0.20000000298023224 -6.70389986038208 -4.971951007843018
v -0.20000000298023224 -6.486379146575928 -5.252565860748291
v -0.20000000298023224 -6.2571210861206055 -5.52367639541626
v -0.20000000298023224 -6.016540050506592 -5.784791469573975
v -0.20000000298023224 -5.765071392059326 -6.035438537597656
v -0.20000000298023224 -5.503170490264893 -6.275163173675537
v -0.20000000298023224 -5.231311321258545 -6.503532886505127
v -0.20000000298023224 -4.949985504150391 -6.720134258270264
v -0.20000000298023224 -4.659702777862549 -6.924574851989746
v -0.20000000298023224 -4.360987186431885 -7.11648416519165
v -0.20000000298023224 -4.054380893707275 -7.2955169677734375
v -0.20000000298023224 -3.7404370307922363 -7.461346626281738
v -0.20000000298023224 -3.419724702835083 -7.613674640655518
v -0.20000000298023224 -3.0928244590759277 -7.752225875854492
v -0.20000000298023224 -2.760327100753784 -7.8767476081848145
v -0.20000000298023224 -2.422834873199463 -7.987016677856445
v -0.20000000298023224 -2.080958366394043 -8.082831382751465
v -0.20000000298023224 -1.7353160381317139 -8.164020538330078
v -0.20000000298023224 -1.3865337371826172 -8.230436325073242
v -0.20000000298023224 -1.0352424383163452 -8.28195858001709
v -0.20000000298023224 -0.6820776462554932 -8.318492889404297
v -0.20000000298023224 -0.32767850160598755 -8.339975357055664
v -0.20000000298023224 0.02731351926922798 -8.346364974975586
v -0.20000000298023224 0.382256418466568 -8.337652206420898
v -0.20000000298023224 0.7365071177482605 -8.313851356506348
v -0.20000000298023224 1.0894253253936768 -8.275005340576172
v -0.20000000298023224 1.4403719902038574 -8.221185684204102
v -0.20000000298023224 1.7887121438980103 -8.152488708496094
v -0.20000000298023224 2.1338155269622803 -8.069039344787598
v -0.20000000298023224 2.475057363510132 -7.9709882736206055
v -0.20000000298023224 2.8118209838867188 -7.858512878417969
v -0.20000000298023224 3.143496036529541 -7.731817245483398
v -0.20000000298023224 3.469482660293579 -7.591129779815674
v -0.20000000298023224 3.7891907691955566 -7.436705589294434
v -0.10352762043476105 3.8073325157165527 7.472311019897461
v -0.10352762043476105 3.486093521118164 7.627473831176758
v -0.10352762043476105 3.158545970916748 7.768834590911865
v -0.10352762043476105 2.8252828121185303 7.89613676071167
v -0.10352762043476105 2.4869072437286377 8.009150505065918
v -0.10352762043476105 2.144031524658203 8.107671737670898
v -0.10352762043476105 1.7972757816314697 8.191519737243652
v -0.10352762043476105 1.4472678899765015 8.26054573059082
v -0.10352762043476105 1.0946409702301025 8.314623832702637
v -0.10352762043476105 0.7400332093238831 8.353655815124512
v -0.10352762043476105 0.3840862214565277 8.377570152282715
v -0.10352762043476105 0.027444297447800636 8.38632583618164
v -0.10352762043476105 -0.3292473554611206 8.379904747009277
v -0.10352762043476105 -0.6853429675102234 8.358320236206055
v -0.10352762043476105 -1.040198802947998 8.321610450744629
v -0.10352762043476105 -1.3931723833084106 8.269841194152832
v -0.10352762043476105 -1.7436244487762451 8.203107833862305
v -0.10352762043476105 -2.090921401977539 8.121530532836914
v -0.10352762043476105 -2.434434652328491 8.025256156921387
v -0.10352762043476105 -2.773542642593384 7.914459228515625
v -0.10352762043476105 -3.1076321601867676 7.789340972900391
v -0.10352762043476105 -3.4360976219177246 7.650126934051514
v -0.10352762043476105 -3.758345127105713 7.497069358825684
v -0.10352762043476105 -4.07379150390625 7.330445289611816
v -0.10352762043476105 -4.381866455078125 7.1505560874938965
v -0.10352762043476105 -4.68201208114624 6.957727432250977
v -0.10352762043476105 -4.973684787750244 6.752308368682861
v -0.10352762043476105 -5.256357669830322 6.534670352935791
v -0.10352762043476105 -5.529518127441406 6.305207252502441
v -0.10352762043476105 -5.792672634124756 6.064333915710449
v -0.10352762043476105 -6.045345306396484 5.812487602233887
v -0.10352762043476105 -6.287078380584717 5.550122261047363
v -0.10352762043476105 -6.5174336433410645 5.277713775634766
v -0.10352762043476105 -6.735995769500732 4.995754718780518
v -0.10352762043476105 -6.942368984222412 4.704755783081055
v -0.10352762043476105 -7.136178493499756 4.405243396759033
v -0.10352762043476105 -7.317074775695801 4.097758769989014
v -0.10352762043476105 -7.484730243682861 3.7828593254089355
v -0.10352762043476105 -7.638841152191162 3.461113929748535
v -0.10352762043476105 -7.779129981994629 3.133105993270874
v -0.10352762043476105 -7.905340671539307 2.7994279861450195
v -0.10352762043476105 -8.01724624633789 2.460684061050415
v -0.10352762043476105 -8.114645004272461 2.117487907409668
v -0.10352762043476105 -8.197358131408691 1.7704598903656006
v -0.10352762043476105 -8.265237808227539 1.4202274084091187
v -0.10352762043476105 -8.318161010742188 1.0674256086349487
v -0.10352762043476105 -8.356032371520996 0.7126918435096741
v -0.10352762043476105 -8.378782272338867 0.3566685914993286
v -0.10352762043476105 -8.386370658874512 -1.136049263550376e-7
v -0.10352762043476105 -8.378782272338867 -0.3566686511039734
v -0.10352762043476105 -8.356032371520996 -0.7126920223236084
v -0.10352762043476105 -8.318161964416504 -1.0674254894256592
v -0.10352762043476105 -8.265237808227539 -1.4202277660369873
v -0.10352762043476105 -8.197358131408691 -1.7704594135284424
v -0.10352762043476105 -8.114644050598145 -2.117487668991089
v -0.10352762043476105 -8.01724624633789 -2.4606845378875732
v -0.10352762043476105 -7.905340671539307 -2.7994279861450195
v -0.10352762043476105 -7.779129505157471 -3.133105754852295
v -0.10352762043476105 -7.63884162902832 -3.461113929748535
v -0.10352762043476105 -7.484730243682861 -3.7828590869903564
v -0.10352762043476105 -7.317074775695801 -4.0977582931518555
v -0.10352762043476105 -7.136178016662598 -4.405242919921875
v -0.10352762043476105 -6.942368507385254 -4.704755783081055
v -0.10352762043476105 -6.735995769500732 -4.995755195617676
v -0.10352762043476105 -6.517434120178223 -5.277713775634766
v -0.10352762043476105 -6.287077903747559 -5.550122261047363
v -0.10352762043476105 -6.045345306396484 -5.8124871253967285
v -0.10352762043476105 -5.792672634124756 -6.064333915710449
v -0.10352762043476105 -5.529518127441406 -6.305206775665283
v -0.10352762043476105 -5.256357192993164 -6.534669876098633
v -0.10352762043476105 -4.973684787750244 -6.7523088455200195
v -0.10352762043476105 -4.682011604309082 -6.957727432250977
v -0.10352762043476105 -4.381866455078125 -7.150555610656738
v -0.10352762043476105 -4.073791980743408 -7.330445766448975
v -0.10352762043476105 -3.758344888687134 -7.497069358825684
v -0.10352762043476105 -3.4360973834991455 -7.650126934051514
v -0.10352762043476105 -3.1076316833496094 -7.789340496063232
v -0.10352762043476105 -2.773542881011963 -7.914459228515625
v -0.10352762043476105 -2.4344348907470703 -8.025256156921387
v -0.10352762043476105 -2.09092116355896 -8.121529579162598
v -0.10352762043476105 -1.7436245679855347 -8.203107833862305
v -0.10352762043476105 -1.393172264099121 -8.269842147827148
v -0.10352762043476105 -1.0401990413665771 -8.321610450744629
v -0.10352762043476105 -0.6853431463241577 -8.358320236206055
v -0.10352762043476105 -0.32924729585647583 -8.379904747009277
v -0.10352762043476105 0.027444349601864815 -8.38632583618164
v -0.10352762043476105 0.38408634066581726 -8.377570152282715
v -0.10352762043476105 0.7400332689285278 -8.353655815124512
v -0.10352762043476105 1.0946409702301025 -8.314623832702637
v -0.10352762043476105 1.4472681283950806 -8.26054573059082
v -0.10352762043476105 1.7972761392593384 -8.191520690917969
v -0.10352762043476105 2.144031524658203 -8.107670783996582
v -0.10352762043476105 2.486907482147217 -8.009151458740234
v -0.10352762043476105 2.8252830505371094 -7.896137237548828
v -0.10352762043476105 3.158546209335327 -7.768834590911865
v -0.10352762043476105 3.486093282699585 -7.627473831176758
v -0.10352762043476105 3.8073325157165527 -7.472310543060303
v -9.447432799177674e-16 3.8135199546813965 7.48445463180542
v -8.732980095805577e-16 3.4917590618133545 7.6398701667785645
v -8.004496821057804e-16 3.163679361343384 7.781460762023926
v -7.263301699354113e-16 2.8298747539520264 7.908970355987549
v -6.510736219124717e-16 2.4909493923187256 8.022168159484863
v -5.748161456436735e-16 2.1475162506103516 8.120848655700684
v -4.976957545598599e-16 1.800196886062622 8.204833030700684
v -4.1985205027865046e-16 1.449620008468628 8.273971557617188
v -3.4142587849730563e-16 1.0964199304580688 8.328137397766113
v -2.6255919664382936e-16 0.7412360310554504 8.367232322692871
v -1.833946503604952e-16 0.38471055030822754 8.391185760498047
v -1.0407550732939732e-16 0.02748890593647957 8.399954795837402
v -2.474537272231984e-17 -0.32978224754333496 8.393524169921875
v 5.445235342974505e-17 -0.686457097530365 8.371904373168945
v 1.3337420492135616e-16 -1.0418895483016968 8.335134506225586
v 2.1187737729156232e-16 -1.395436406135559 8.283282279968262
v 2.8981984032046574e-16 -1.7464580535888672 8.216440200805664
v 3.67060668901467e-16 -2.0943198204040527 8.134729385375977
v 4.4345986437025267e-16 -2.4383912086486816 8.038298606872559
v 5.188793603564204e-16 -2.778050422668457 7.9273223876953125
v 5.931825727972253e-16 -3.112682342529297 7.802000522613525
v 6.662351410914092e-16 -3.4416818618774414 7.662559986114502
v 7.379047692805229e-16 -3.764453172683716 7.509253978729248
v 8.080618083840772e-16 -4.0804123878479 7.342358589172363
v 8.765793622786617e-16 -4.388988018035889 7.162177562713623
v 9.433333935770626e-16 -4.689621448516846 6.9690351486206055
v 1.0082029883260596e-15 -4.9817681312561035 6.763282299041748
v 1.0710709383415762e-15 -5.264900207519531 6.545290470123291
v 1.1318233176922069e-15 -5.538504600524902 6.315454483032227
v 1.1903503297321636e-15 -5.80208683013916 6.07418966293335
v 1.2465460953430397e-15 -6.055170059204102 5.821933746337891
v 1.3003087588129279e-15 -6.297295570373535 5.559142112731934
v 1.3515413348693674e-15 -6.528026580810547 5.286291599273682
v 1.400150544009042e-15 -6.74694299697876 5.003873825073242
v 1.446049035959266e-15 -6.953651428222656 4.71240234375
v 1.4891534838538533e-15 -7.1477766036987305 4.412402629852295
v 1.5293857489034196e-15 -7.3289666175842285 4.104418754577637
v 1.566673198032738e-15 -7.496894359588623 3.7890069484710693
v 1.6009483862433832e-15 -7.651256084442139 3.4667391777038574
v 1.6321493742510874e-15 -7.791772842407227 3.138197898864746
v 1.6602191990901477e-15 -7.918188095092773 2.8039774894714355
v 1.6851077799375576e-15 -8.03027629852295 2.4646835327148438
v 1.7067695887724023e-15 -8.127832412719727 2.120929002761841
v 1.7251654503208712e-15 -8.21068000793457 1.7733368873596191
v 1.7402623302980214e-15 -8.278670310974121 1.42253577709198
v 1.752032911891304e-15 -8.331680297851562 1.0691605806350708
v 1.7604555957605639e-15 -8.369612693786621 0.7138503193855286
v 1.7655153470709875e-15 -8.392399787902832 0.35724836587905884
v 1.7672028484601548e-15 -8.399999618530273 -7.360485199114919e-8
v 1.7655153470709875e-15 -8.392399787902832 -0.35724833607673645
v 1.7604555957605639e-15 -8.369612693786621 -0.7138503193855286
v 1.752032911891304e-15 -8.331680297851562 -1.0691604614257812
v 1.7402625420562582e-15 -8.278671264648438 -1.42253577709198
v 1.7251654503208712e-15 -8.21068000793457 -1.7733370065689087
v 1.7067695887724023e-15 -8.127832412719727 -2.12092924118042
v 1.6851077799375576e-15 -8.03027629852295 -2.4646835327148438
v 1.660219304969266e-15 -7.918188571929932 -2.8039777278900146
v 1.632149268371969e-15 -7.791772365570068 -3.138197660446167
v 1.6009483862433832e-15 -7.651256084442139 -3.4667391777038574
v 1.566673198032738e-15 -7.496894359588623 -3.7890069484710693
v 1.5293857489034196e-15 -7.3289666175842285 -4.104418754577637
v 1.4891533779747348e-15 -7.147776126861572 -4.412402629852295
v 1.446049035959266e-15 -6.953651428222656 -4.71240234375
v 1.400150544009042e-15 -6.74694299697876 -5.003873825073242
v 1.351541228990249e-15 -6.528026103973389 -5.286291122436523
v 1.3003088646920463e-15 -6.297296047210693 -5.559142589569092
v 1.2465460953430397e-15 -6.055170059204102 -5.821933746337891
v 1.1903503297321636e-15 -5.80208683013916 -6.07418966293335
v 1.1318234235713253e-15 -5.5385050773620605 -6.315454483032227
v 1.0710708324624578e-15 -5.264899730682373 -6.545289993286133
v 1.0082029883260596e-15 -4.9817681312561035 -6.76328182220459
v 9.433332876979442e-16 -4.6896209716796875 -6.9690351486206055
v 8.765793622786617e-16 -4.388988018035889 -7.162177085876465
v 8.080618083840772e-16 -4.0804123878479 -7.342358589172363
v 7.379048222200821e-16 -3.764453411102295 -7.509253978729248
v 6.662351410914092e-16 -3.4416818618774414 -7.66256046295166
v 5.931826257367845e-16 -3.112682580947876 -7.802000045776367
v 5.188793603564204e-16 -2.778050422668457 -7.927321910858154
v 4.4345986437025267e-16 -2.4383912086486816 -8.038298606872559
v 3.670606159619078e-16 -2.0943195819854736 -8.134729385375977
v 2.8981991972980455e-16 -1.7464584112167358 -8.216440200805664
v 2.1187740376134192e-16 -1.3954365253448486 -8.283282279968262
v 1.3337420492135616e-16 -1.0418895483016968 -8.335134506225586
v 5.445235342974505e-17 -0.686457097530365 -8.371904373168945
v -2.4745313165315736e-17 -0.32978251576423645 -8.393524169921875
v -1.0407554703406672e-16 0.02748909592628479 -8.399954795837402
v -1.833946106558258e-16 0.3847104012966156 -8.391185760498047
v -2.6255919664382936e-16 0.7412359714508057 -8.367231369018555
v -3.4142593143686483e-16 1.096420168876648 -8.328136444091797
v -4.1985207674843006e-16 1.4496201276779175 -8.273971557617188
v -4.976957545598599e-16 1.800196886062622 -8.204833984375
v -5.748160927041143e-16 2.1475160121917725 -8.120848655700684
v -6.510735689729125e-16 2.4909491539001465 -8.022167205810547
v -7.263302228749705e-16 2.8298749923706055 -7.908969879150391
v -8.004496821057804e-16 3.163679361343384 -7.781460762023926
v -8.732980625201169e-16 3.4917593002319336 -7.6398701667785645
v -9.447433857968858e-16 3.8135204315185547 -7.48445463180542
v 0 0.8999999761581421 7.599999904632568
v 0.17558129131793976 0.8827067613601685 7.599999904632568
v 0.3444150984287262 0.8314915895462036 7.599999904632568
v 0.5000132322311401 0.7483226656913757 7.599999904632568
v 0.6363961100578308 0.6363961100578308 7.599999904632568
v 0.7483226656913757 0.5000132322311401 7.599999904632568
v 0.8314915895462036 0.3444150984287262 7.599999904632568
v 0.8827067613601685 0.17558129131793976 7.599999904632568
v 0.8999999761581421 -4.1025667576369653e-16 7.599999904632568
v 0.8827067613601685 -0.17558129131793976 7.599999904632568
v 0.8314915895462036 -0.3444150984287262 7.599999904632568
v 0.7483226656913757 -0.5000132322311401 7.599999904632568
v 0.6363961100578308 -0.6363961100578308 7.599999904632568
v 0.5000132322311401 -0.7483226656913757 7.599999904632568
v 0.3444150984287262 -0.8314915895462036 7.599999904632568
v 0.17558129131793976 -0.8827067613601685 7.599999904632568
v 1.1021821011522021e-16 -0.8999999761581421 7.599999904632568
v -0.17558129131793976 -0.8827067613601685 7.599999904632568
v -0.3444150984287262 -0.8314915895462036 7.599999904632568
v -0.5000132322311401 -0.7483226656913757 7.599999904632568
v -0.6363961100578308 -0.6363961100578308 7.599999904632568
v -0.7483226656913757 -0.5000132322311401 7.599999904632568
v -0.8314915895462036 -0.3444150984287262 7.599999904632568
v -0.8827067613601685 -0.17558129131793976 7.599999904632568
v -0.8999999761581421 -6.306931092290267e-16 7.599999904632568
v -0.8827067613601685 0.17558129131793976 7.599999904632568
v -0.8314915895462036 0.3444150984287262 7.599999904632568
v -0.7483226656913757 0.5000132322311401 7.599999904632568
v -0.6363961100578308 0.6363961100578308 7.599999904632568
v -0.5000132322311401 0.7483226656913757 7.599999904632568
v -0.3444150984287262 0.8314915895462036 7.599999904632568
v -0.17558129131793976 0.8827067613601685 7.599999904632568
v -2.2043642023044041e-16 0.8999999761581421 7.599999904632568
v 0 0.8999999761581421 8.399999618530273
v 0.17558129131793976 0.8827067613601685 8.399999618530273
v 0.3444150984287262 0.8314915895462036 8.399999618530273
v 0.5000132322311401 0.7483226656913757 8.399999618530273
v 0.6363961100578308 0.6363961100578308 8.399999618530273
v 0.7483226656913757 0.5000132322311401 8.399999618530273
v 0.8314915895462036 0.3444150984287262 8.399999618530273
v 0.8827067613601685 0.17558129131793976 8.399999618530273
v 0.8999999761581421 -4.592425763368828e-16 8.399999618530273
v 0.8827067613601685 -0.17558129131793976 8.399999618530273
v 0.8314915895462036 -0.3444150984287262 8.399999618530273
v 0.7483226656913757 -0.5000132322311401 8.399999618530273
v 0.6363961100578308 -0.6363961100578308 8.399999618530273
v 0.5000132322311401 -0.7483226656913757 8.399999618530273
v 0.3444150984287262 -0.8314915895462036 8.399999618530273
v 0.17558129131793976 -0.8827067613601685 8.399999618530273
v 1.1021821011522021e-16 -0.8999999761581421 8.399999618530273
v -0.17558129131793976 -0.8827067613601685 8.399999618530273
v -0.3444150984287262 -0.8314915895462036 8.399999618530273
v -0.5000132322311401 -0.7483226656913757 8.399999618530273
v -0.6363961100578308 -0.6363961100578308 8.399999618530273
v -0.7483226656913757 -0.5000132322311401 8.399999618530273
v -0.8314915895462036 -0.3444150984287262 8.399999618530273
v -0.8827067613601685 -0.17558129131793976 8.399999618530273
v -0.8999999761581421 -6.796789833324335e-16 8.399999618530273
v -0.8827067613601685 0.17558129131793976 8.399999618530273
v -0.8314915895462036 0.3444150984287262 8.399999618530273
v -0.7483226656913757 0.5000132322311401 8.399999618530273
v -0.6363961100578308 0.6363961100578308 8.399999618530273
v -0.5000132322311401 0.7483226656913757 8.399999618530273
v -0.3444150984287262 0.8314915895462036 8.399999618530273
v -0.17558129131793976 0.8827067613601685 8.399999618530273
v -2.2043642023044041e-16 0.8999999761581421 8.399999618530273
v 0 -4.653657775125842e-16 7.599999904632568
v 0 -4.653657775125842e-16 7.599999904632568
v 0 -4.653657775125842e-16 7.599999904632568
v 0 -4.653657775125842e-16 7.599999904632568
v 0 -4.653657775125842e-16 7.599999904632568
v 0 -4.653657775125842e-16 7.599999904632568
v 0 -4.653657775125842e-16 7.599999904632568
v 0 -4.653657775125842e-16 7.599999904632568
v 0 -4.653657775125842e-16 7.599999904632568
v 0 -4.653657775125842e-16 7.599999904632568
v 0 -4.653657775125842e-16 7.599999904632568
v 0 -4.653657775125842e-16 7.599999904632568
v 0 -4.653657775125842e-16 7.599999904632568
v 0 -4.653657775125842e-16 7.599999904632568
v 0 -4.653657775125842e-16 7.599999904632568
v 0 -4.653657775125842e-16 7.599999904632568
v 0 -4.653657775125842e-16 7.599999904632568
v 0 -4.653657775125842e-16 7.599999904632568
v 0 -4.653657775125842e-16 7.599999904632568
v 0 -4.653657775125842e-16 7.599999904632568
v 0 -4.653657775125842e-16 7.599999904632568
v 0 -4.653657775125842e-16 7.599999904632568
v 0 -4.653657775125842e-16 7.599999904632568
v 0 -4.653657775125842e-16 7.599999904632568
v 0 -4.653657775125842e-16 7.599999904632568
v 0 -4.653657775125842e-16 7.599999904632568
v 0 -4.653657775125842e-16 7.599999904632568
v 0 -4.653657775125842e-16 7.599999904632568
v 0 -4.653657775125842e-16 7.599999904632568
v 0 -4.653657775125842e-16 7.599999904632568
v 0 -4.653657775125842e-16 7.599999904632568
v 0 -4.653657775125842e-16 7.599999904632568
v 0 0.8999999761581421 7.599999904632568
v 0.17558129131793976 0.8827067613601685 7.599999904632568
v 0.3444150984287262 0.8314915895462036 7.599999904632568
v 0.5000132322311401 0.7483226656913757 7.599999904632568
v 0.6363961100578308 0.6363961100578308 7.599999904632568
v 0.7483226656913757 0.5000132322311401 7.599999904632568
v 0.8314915895462036 0.3444150984287262 7.599999904632568
v 0.8827067613601685 0.17558129131793976 7.599999904632568
v 0.8999999761581421 -4.1025667576369653e-16 7.599999904632568
v 0.8827067613601685 -0.17558129131793976 7.599999904632568
v 0.8314915895462036 -0.3444150984287262 7.599999904632568
v 0.7483226656913757 -0.5000132322311401 7.599999904632568
v 0.6363961100578308 -0.6363961100578308 7.599999904632568
v 0.5000132322311401 -0.7483226656913757 7.599999904632568
v 0.3444150984287262 -0.8314915895462036 7.599999904632568
v 0.17558129131793976 -0.8827067613601685 7.599999904632568
v 1.1021821011522021e-16 -0.8999999761581421 7.599999904632568
v -0.17558129131793976 -0.8827067613601685 7.599999904632568
v -0.3444150984287262 -0.8314915895462036 7.599999904632568
v -0.5000132322311401 -0.7483226656913757 7.599999904632568
v -0.6363961100578308 -0.6363961100578308 7.599999904632568
v -0.7483226656913757 -0.5000132322311401 7.599999904632568
v -0.8314915895462036 -0.3444150984287262 7.599999904632568
v -0.8827067613601685 -0.17558129131793976 7.599999904632568
v -0.8999999761581421 -6.306931092290267e-16 7.599999904632568
v -0.8827067613601685 0.17558129131793976 7.599999904632568
v -0.8314915895462036 0.3444150984287262 7.599999904632568
v -0.7483226656913757 0.5000132322311401 7.599999904632568
v -0.6363961100578308 0.6363961100578308 7.599999904632568
v -0.5000132322311401 0.7483226656913757 7.599999904632568
v -0.3444150984287262 0.8314915895462036 7.599999904632568
v -0.17558129131793976 0.8827067613601685 7.599999904632568
v -2.2043642023044041e-16 0.8999999761581421 7.599999904632568
v 0 -5.143516516159909e-16 8.399999618530273
v 0 -5.143516516159909e-16 8.399999618530273
v 0 -5.143516516159909e-16 8.399999618530273
v 0 -5.143516516159909e-16 8.399999618530273
v 0 -5.143516516159909e-16 8.399999618530273
v 0 -5.143516516159909e-16 8.399999618530273
v 0 -5.143516516159909e-16 8.399999618530273
v 0 -5.143516516159909e-16 8.399999618530273
v 0 -5.143516516159909e-16 8.399999618530273
v 0 -5.143516516159909e-16 8.399999618530273
v 0 -5.143516516159909e-16 8.399999618530273
v 0 -5.143516516159909e-16 8.399999618530273
v 0 -5.143516516159909e-16 8.399999618530273
v 0 -5.143516516159909e-16 8.399999618530273
v 0 -5.143516516159909e-16 8.399999618530273
v 0 -5.143516516159909e-16 8.399999618530273
v 0 -5.143516516159909e-16 8.399999618530273
v 0 -5.143516516159909e-16 8.399999618530273
v 0 -5.143516516159909e-16 8.399999618530273
v 0 -5.143516516159909e-16 8.399999618530273
v 0 -5.143516516159909e-16 8.399999618530273
v 0 -5.143516516159909e-16 8.399999618530273
v 0 -5.143516516159909e-16 8.399999618530273
v 0 -5.143516516159909e-16 8.399999618530273
v 0 -5.143516516159909e-16 8.399999618530273
v 0 -5.143516516159909e-16 8.399999618530273
v 0 -5.143516516159909e-16 8.399999618530273
v 0 -5.143516516159909e-16 8.399999618530273
v 0 -5.143516516159909e-16 8.399999618530273
v 0 -5.143516516159909e-16 8.399999618530273
v 0 -5.143516516159909e-16 8.399999618530273
v 0 -5.143516516159909e-16 8.399999618530273
v 0 0.8999999761581421 8.399999618530273
v 0.17558129131793976 0.8827067613601685 8.399999618530273
v 0.3444150984287262 0.8314915895462036 8.399999618530273
v 0.5000132322311401 0.7483226656913757 8.399999618530273
v 0.6363961100578308 0.6363961100578308 8.399999618530273
v 0.7483226656913757 0.5000132322311401 8.399999618530273
v 0.8314915895462036 0.3444150984287262 8.399999618530273
v 0.8827067613601685 0.17558129131793976 8.399999618530273
v 0.8999999761581421 -4.592425763368828e-16 8.399999618530273
v 0.8827067613601685 -0.17558129131793976 8.399999618530273
v 0.8314915895462036 -0.3444150984287262 8.399999618530273
v 0.7483226656913757 -0.5000132322311401 8.399999618530273
v 0.6363961100578308 -0.6363961100578308 8.399999618530273
v 0.5000132322311401 -0.7483226656913757 8.399999618530273
v 0.3444150984287262 -0.8314915895462036 8.399999618530273
v 0.17558129131793976 -0.8827067613601685 8.399999618530273
v 1.1021821011522021e-16 -0.8999999761581421 8.399999618530273
v -0.17558129131793976 -0.8827067613601685 8.399999618530273
v -0.3444150984287262 -0.8314915895462036 8.399999618530273
v -0.5000132322311401 -0.7483226656913757 8.399999618530273
v -0.6363961100578308 -0.6363961100578308 8.399999618530273
v -0.7483226656913757 -0.5000132322311401 8.399999618530273
v -0.8314915895462036 -0.3444150984287262 8.399999618530273
v -0.8827067613601685 -0.17558129131793976 8.399999618530273
v -0.8999999761581421 -6.796789833324335e-16 8.399999618530273
v -0.8827067613601685 0.17558129131793976 8.399999618530273
v -0.8314915895462036 0.3444150984287262 8.399999618530273
v -0.7483226656913757 0.5000132322311401 8.399999618530273
v -0.6363961100578308 0.6363961100578308 8.399999618530273
v -0.5000132322311401 0.7483226656913757 8.399999618530273
v -0.3444150984287262 0.8314915895462036 8.399999618530273
v -0.17558129131793976 0.8827067613601685 8.399999618530273
v -2.2043642023044041e-16 0.8999999761581421 8.399999618530273
v 0 0.10000000149011612 -0.800000011920929
v 0.03826834261417389 0.09238795191049576 -0.800000011920929
v 0.0707106813788414 0.0707106813788414 -0.800000011920929
v 0.09238795191049576 0.03826834261417389 -0.800000011920929
v 0.10000000149011612 5.5109105057610103e-17 -0.800000011920929
v 0.09238795191049576 -0.03826834261417389 -0.800000011920929
v 0.0707106813788414 -0.0707106813788414 -0.800000011920929
v 0.03826834261417389 -0.09238795191049576 -0.800000011920929
v 1.2246467698671066e-17 -0.10000000149011612 -0.800000011920929
v -0.03826834261417389 -0.09238795191049576 -0.800000011920929
v -0.0707106813788414 -0.0707106813788414 -0.800000011920929
v -0.09238795191049576 -0.03826834261417389 -0.800000011920929
v -0.10000000149011612 3.0616171314629196e-17 -0.800000011920929
v -0.09238795191049576 0.03826834261417389 -0.800000011920929
v -0.0707106813788414 0.0707106813788414 -0.800000011920929
v -0.03826834261417389 0.09238795191049576 -0.800000011920929
v -2.4492935397342132e-17 0.10000000149011612 -0.800000011920929
v 0 0.10000000149011612 0.800000011920929
v 0.03826834261417389 0.09238795191049576 0.800000011920929
v 0.0707106813788414 0.0707106813788414 0.800000011920929
v 0.09238795191049576 0.03826834261417389 0.800000011920929
v 0.10000000149011612 -4.2862639840480875e-17 0.800000011920929
v 0.09238795191049576 -0.03826834261417389 0.800000011920929
v 0.0707106813788414 -0.0707106813788414 0.800000011920929
v 0.03826834261417389 -0.09238795191049576 0.800000011920929
v 1.2246467698671066e-17 -0.10000000149011612 0.800000011920929
v -0.03826834261417389 -0.09238795191049576 0.800000011920929
v -0.0707106813788414 -0.0707106813788414 0.800000011920929
v -0.09238795191049576 -0.03826834261417389 0.800000011920929
v -0.10000000149011612 -6.735557689218423e-17 0.800000011920929
v -0.09238795191049576 0.03826834261417389 0.800000011920929
v -0.0707106813788414 0.0707106813788414 0.800000011920929
v -0.03826834261417389 0.09238795191049576 0.800000011920929
v -2.4492935397342132e-17 0.10000000149011612 0.800000011920929
v 0 4.8985874103406714e-17 -0.800000011920929
v 0 4.8985874103406714e-17 -0.800000011920929
v 0 4.8985874103406714e-17 -0.800000011920929
v 0 4.8985874103406714e-17 -0.800000011920929
v 0 4.8985874103406714e-17 -0.800000011920929
v 0 4.8985874103406714e-17 -0.800000011920929
v 0 4.8985874103406714e-17 -0.800000011920929
v 0 4.8985874103406714e-17 -0.800000011920929
v 0 4.8985874103406714e-17 -0.800000011920929
v 0 4.8985874103406714e-17 -0.800000011920929
v 0 4.8985874103406714e-17 -0.800000011920929
v 0 4.8985874103406714e-17 -0.800000011920929
v 0 4.8985874103406714e-17 -0.800000011920929
v 0 4.8985874103406714e-17 -0.800000011920929
v 0 4.8985874103406714e-17 -0.800000011920929
v 0 4.8985874103406714e-17 -0.800000011920929
v 0 0.10000000149011612 -0.800000011920929
v 0.03826834261417389 0.09238795191049576 -0.800000011920929
v 0.0707106813788414 0.0707106813788414 -0.800000011920929
v 0.09238795191049576 0.03826834261417389 -0.800000011920929
v 0.10000000149011612 5.5109105057610103e-17 -0.800000011920929
v 0.09238795191049576 -0.03826834261417389 -0.800000011920929
v 0.0707106813788414 -0.0707106813788414 -0.800000011920929
v 0.03826834261417389 -0.09238795191049576 -0.800000011920929
v 1.2246467698671066e-17 -0.10000000149011612 -0.800000011920929
v -0.03826834261417389 -0.09238795191049576 -0.800000011920929
v -0.0707106813788414 -0.0707106813788414 -0.800000011920929
v -0.09238795191049576 -0.03826834261417389 -0.800000011920929
v -0.10000000149011612 3.0616171314629196e-17 -0.800000011920929
v -0.09238795191049576 0.03826834261417389 -0.800000011920929
v -0.0707106813788414 0.0707106813788414 -0.800000011920929
v -0.03826834261417389 0.09238795191049576 -0.800000011920929
v -2.4492935397342132e-17 0.10000000149011612 -0.800000011920929
v 0 -4.8985874103406714e-17 0.800000011920929
v 0 -4.8985874103406714e-17 0.800000011920929
v 0 -4.8985874103406714e-17 0.800000011920929
v 0 -4.8985874103406714e-17 0.800000011920929
v 0 -4.8985874103406714e-17 0.800000011920929
v 0 -4.8985874103406714e-17 0.800000011920929
v 0 -4.8985874103406714e-17 0.800000011920929
v 0 -4.8985874103406714e-17 0.800000011920929
v 0 -4.8985874103406714e-17 0.800000011920929
v 0 -4.8985874103406714e-17 0.800000011920929
v 0 -4.8985874103406714e-17 0.800000011920929
v 0 -4.8985874103406714e-17 0.800000011920929
v 0 -4.8985874103406714e-17 0.800000011920929
v 0 -4.8985874103406714e-17 0.800000011920929
v 0 -4.8985874103406714e-17 0.800000011920929
v 0 -4.8985874103406714e-17 0.800000011920929
v 0 0.10000000149011612 0.800000011920929
v 0.03826834261417389 0.09238795191049576 0.800000011920929
v 0.0707106813788414 0.0707106813788414 0.800000011920929
v 0.09238795191049576 0.03826834261417389 0.800000011920929
v 0.10000000149011612 -4.2862639840480875e-17 0.800000011920929
v 0.09238795191049576 -0.03826834261417389 0.800000011920929
v 0.0707106813788414 -0.0707106813788414 0.800000011920929
v 0.03826834261417389 -0.09238795191049576 0.800000011920929
v 1.2246467698671066e-17 -0.10000000149011612 0.800000011920929
v -0.03826834261417389 -0.09238795191049576 0.800000011920929
v -0.0707106813788414 -0.0707106813788414 0.800000011920929
v -0.09238795191049576 -0.03826834261417389 0.800000011920929
v -0.10000000149011612 -6.735557689218423e-17 0.800000011920929
v -0.09238795191049576 0.03826834261417389 0.800000011920929
v -0.0707106813788414 0.0707106813788414 0.800000011920929
v -0.03826834261417389 0.09238795191049576 0.800000011920929
v -2.4492935397342132e-17 0.10000000149011612 0.800000011920929
v 0 3.6739402930577075e-16 -6
v 0 3.6739402930577075e-16 -6
v 0 3.6739402930577075e-16 -6
v 0 3.6739402930577075e-16 -6
v 0 3.6739402930577075e-16 -6
v 0 3.6739402930577075e-16 -6
v 0 3.6739402930577075e-16 -6
v 0 3.6739402930577075e-16 -6
v 0 3.6739402930577075e-16 -6
v 0 3.6739402930577075e-16 -6
v 0 3.6739402930577075e-16 -6
v 0 3.6739402930577075e-16 -6
v 0 3.6739402930577075e-16 -6
v 0 3.6739402930577075e-16 -6
v 0 3.6739402930577075e-16 -6
v 0 3.6739402930577075e-16 -6
v 0 3.6739402930577075e-16 -6
v 0 3.6739402930577075e-16 -6
v 0 3.6739402930577075e-16 -6
v 0 3.6739402930577075e-16 -6
v 0 3.6739402930577075e-16 -6
v 0 3.6739402930577075e-16 -6
v 0 3.6739402930577075e-16 -6
v 0 3.6739402930577075e-16 -6
v 0 3.6739402930577075e-16 -6
v 0 3.6739402930577075e-16 -6
v 0 3.6739402930577075e-16 -6
v 0 3.6739402930577075e-16 -6
v 0 3.6739402930577075e-16 -6
v 0 3.6739402930577075e-16 -6
v 0 3.6739402930577075e-16 -6
v 0 3.6739402930577075e-16 -6
v 0 3.6739402930577075e-16 -6
v 0 3.6739402930577075e-16 -6
v 0 3.6739402930577075e-16 -6
v 0 3.6739402930577075e-16 -6
v 0 3.6739402930577075e-16 -6
v 0 3.6739402930577075e-16 -6
v 0 3.6739402930577075e-16 -6
v 0 3.6739402930577075e-16 -6
v 0 3.6739402930577075e-16 -6
v 0 3.6739402930577075e-16 -6
v 0 3.6739402930577075e-16 -6
v 0 3.6739402930577075e-16 -6
v 0 3.6739402930577075e-16 -6
v 0 3.6739402930577075e-16 -6
v 0 3.6739402930577075e-16 -6
v 0 3.6739402930577075e-16 -6
v 0 3.6739402930577075e-16 -6
v -0.5881028175354004 3.6562494805587094e-16 -5.971108436584473
v -0.5830715298652649 0.07676282525062561 -5.971108436584473
v -0.5680637359619141 0.1522122174501419 -5.971108436584473
v -0.5433361530303955 0.2250572144985199 -5.971108436584473
v -0.5093119740486145 0.2940514087677002 -5.971108436584473
v -0.4665733575820923 0.358014315366745 -5.971108436584473
v -0.41585150361061096 0.41585150361061096 -5.971108436584473
v -0.358014315366745 0.4665733575820923 -5.971108436584473
v -0.2940514087677002 0.5093119740486145 -5.971108436584473
v -0.2250572144985199 0.5433361530303955 -5.971108436584473
v -0.1522122174501419 0.5680637359619141 -5.971108436584473
v -0.07676282525062561 0.5830715298652649 -5.971108436584473
v -3.6010914229524485e-17 0.5881028175354004 -5.971108436584473
v 0.07676282525062561 0.5830715298652649 -5.971108436584473
v 0.1522122174501419 0.5680637359619141 -5.971108436584473
v 0.2250572144985199 0.5433361530303955 -5.971108436584473
v 0.2940514087677002 0.5093119740486145 -5.971108436584473
v 0.358014315366745 0.4665733575820923 -5.971108436584473
v 0.41585150361061096 0.41585150361061096 -5.971108436584473
v 0.4665733575820923 0.358014315366745 -5.971108436584473
v 0.5093119740486145 0.2940514087677002 -5.971108436584473
v 0.5433361530303955 0.2250572144985199 -5.971108436584473
v 0.5680637359619141 0.1522122174501419 -5.971108436584473
v 0.5830715298652649 0.07676282525062561 -5.971108436584473
v 0.5881028175354004 4.376467831323648e-16 -5.971108436584473
v 0.5830715298652649 -0.07676282525062561 -5.971108436584473
v 0.5680637359619141 -0.1522122174501419 -5.971108436584473
v 0.5433361530303955 -0.2250572144985199 -5.971108436584473
v 0.5093119740486145 -0.2940514087677002 -5.971108436584473
v 0.4665733575820923 -0.358014315366745 -5.971108436584473
v 0.41585150361061096 -0.41585150361061096 -5.971108436584473
v 0.358014315366745 -0.4665733575820923 -5.971108436584473
v 0.2940514087677002 -0.5093119740486145 -5.971108436584473
v 0.2250572144985199 -0.5433361530303955 -5.971108436584473
v 0.1522122174501419 -0.5680637359619141 -5.971108436584473
v 0.07676282525062561 -0.5830715298652649 -5.971108436584473
v 1.08032739379851e-16 -0.5881028175354004 -5.971108436584473
v -0.07676282525062561 -0.5830715298652649 -5.971108436584473
v -0.1522122174501419 -0.5680637359619141 -5.971108436584473
v -0.2250572144985199 -0.5433361530303955 -5.971108436584473
v -0.2940514087677002 -0.5093119740486145 -5.971108436584473
v -0.358014315366745 -0.4665733575820923 -5.971108436584473
v -0.41585150361061096 -0.41585150361061096 -5.971108436584473
v -0.4665733575820923 -0.358014315366745 -5.971108436584473
v -0.5093119740486145 -0.2940514087677002 -5.971108436584473
v -0.5433361530303955 -0.2250572144985199 -5.971108436584473
v -0.5680637359619141 -0.1522122174501419 -5.971108436584473
v -0.5830715298652649 -0.07676282525062561 -5.971108436584473
v -0.5881028175354004 2.21581291137773e-16 -5.971108436584473
v -1.1705418825149536 3.603346714348962e-16 -5.884711742401123
v -1.1605278253555298 0.15278637409210205 -5.884711742401123
v -1.1306567192077637 0.30295854806900024 -5.884711742401123
v -1.081439733505249 0.4479469954967499 -5.884711742401123
v -1.013719081878662 0.5852709412574768 -5.884711742401123
v -0.928653359413147 0.7125808000564575 -5.884711742401123
v -0.8276981115341187 0.8276981115341187 -5.884711742401123
v -0.7125808000564575 0.928653359413147 -5.884711742401123
v -0.5852709412574768 1.013719081878662 -5.884711742401123
v -0.4479469954967499 1.081439733505249 -5.884711742401123
v -0.30295854806900024 1.1306567192077637 -5.884711742401123
v -0.15278637409210205 1.1605278253555298 -5.884711742401123
v -7.167502140670754e-17 1.1705418825149536 -5.884711742401123
v 0.15278637409210205 1.1605278253555298 -5.884711742401123
v 0.30295854806900024 1.1306567192077637 -5.884711742401123
v 0.4479469954967499 1.081439733505249 -5.884711742401123
v 0.5852709412574768 1.013719081878662 -5.884711742401123
v 0.7125808000564575 0.928653359413147 -5.884711742401123
v 0.8276981115341187 0.8276981115341187 -5.884711742401123
v 0.928653359413147 0.7125808000564575 -5.884711742401123
v 1.013719081878662 0.5852709412574768 -5.884711742401123
v 1.081439733505249 0.4479469954967499 -5.884711742401123
v 1.1306567192077637 0.30295854806900024 -5.884711742401123
v 1.1605278253555298 0.15278637409210205 -5.884711742401123
v 1.1705418825149536 5.036847010134215e-16 -5.884711742401123
v 1.1605278253555298 -0.15278637409210205 -5.884711742401123
v 1.1306567192077637 -0.30295854806900024 -5.884711742401123
v 1.081439733505249 -0.4479469954967499 -5.884711742401123
v 1.013719081878662 -0.5852709412574768 -5.884711742401123
v 0.928653359413147 -0.7125808000564575 -5.884711742401123
v 0.8276981115341187 -0.8276981115341187 -5.884711742401123
v 0.7125808000564575 -0.928653359413147 -5.884711742401123
v 0.5852709412574768 -1.013719081878662 -5.884711742401123
v 0.4479469954967499 -1.081439733505249 -5.884711742401123
v 0.30295854806900024 -1.1306567192077637 -5.884711742401123
v 0.15278637409210205 -1.1605278253555298 -5.884711742401123
v 2.150250708375675e-16 -1.1705418825149536 -5.884711742401123
v -0.15278637409210205 -1.1605278253555298 -5.884711742401123
v -0.30295854806900024 -1.1306567192077637 -5.884711742401123
v -0.4479469954967499 -1.081439733505249 -5.884711742401123
v -0.5852709412574768 -1.013719081878662 -5.884711742401123
v -0.7125808000564575 -0.928653359413147 -5.884711742401123
v -0.8276981115341187 -0.8276981115341187 -5.884711742401123
v -0.928653359413147 -0.7125808000564575 -5.884711742401123
v -1.013719081878662 -0.5852709412574768 -5.884711742401123
v -1.081439733505249 -0.4479469954967499 -5.884711742401123
v -1.1306567192077637 -0.30295854806900024 -5.884711742401123
v -1.1605278253555298 -0.15278637409210205 -5.884711742401123
v -1.1705418825149536 7.363458580806606e-17 -5.884711742401123
v -1.7417080402374268 3.515741802383594e-16 -5.741641998291016
v -1.7268074750900269 0.2273385226726532 -5.741641998291016
v -1.6823607683181763 0.450787216424942 -5.741641998291016
v -1.609128475189209 0.6665228009223938 -5.741641998291016
v -1.5083634853363037 0.8708540201187134 -5.741641998291016
v -1.3817899227142334 1.0602847337722778 -5.741641998291016
v -1.2315735816955566 1.2315735816955566 -5.741641998291016
v -1.0602847337722778 1.3817899227142334 -5.741641998291016
v -0.8708540201187134 1.5083634853363037 -5.741641998291016
v -0.6665228009223938 1.609128475189209 -5.741641998291016
v -0.450787216424942 1.6823607683181763 -5.741641998291016
v -0.2273385226726532 1.7268074750900269 -5.741641998291016
v -1.0664885959760489e-16 1.7417080402374268 -5.741641998291016
v 0.2273385226726532 1.7268074750900269 -5.741641998291016
v 0.450787216424942 1.6823607683181763 -5.741641998291016
v 0.6665228009223938 1.609128475189209 -5.741641998291016
v 0.8708540201187134 1.5083634853363037 -5.741641998291016
v 1.0602847337722778 1.3817899227142334 -5.741641998291016
v 1.2315735816955566 1.2315735816955566 -5.741641998291016
v 1.3817899227142334 1.0602847337722778 -5.741641998291016
v 1.5083634853363037 0.8708540201187134 -5.741641998291016
v 1.609128475189209 0.6665228009223938 -5.741641998291016
v 1.6823607683181763 0.450787216424942 -5.741641998291016
v 1.7268074750900269 0.2273385226726532 -5.741641998291016
v 1.7417080402374268 5.648718729637896e-16 -5.741641998291016
v 1.7268074750900269 -0.2273385226726532 -5.741641998291016
v 1.6823607683181763 -0.450787216424942 -5.741641998291016
v 1.609128475189209 -0.6665228009223938 -5.741641998291016
v 1.5083634853363037 -0.8708540201187134 -5.741641998291016
v 1.3817899227142334 -1.0602847337722778 -5.741641998291016
v 1.2315735816955566 -1.2315735816955566 -5.741641998291016
v 1.0602847337722778 -1.3817899227142334 -5.741641998291016
v 0.8708540201187134 -1.5083634853363037 -5.741641998291016
v 0.6665228009223938 -1.609128475189209 -5.741641998291016
v 0.450787216424942 -1.6823607683181763 -5.741641998291016
v 0.2273385226726532 -1.7268074750900269 -5.741641998291016
v 3.1994657879281466e-16 -1.7417080402374268 -5.741641998291016
v -0.2273385226726532 -1.7268074750900269 -5.741641998291016
v -0.450787216424942 -1.6823607683181763 -5.741641998291016
v -0.6665228009223938 -1.609128475189209 -5.741641998291016
v -0.8708540201187134 -1.5083634853363037 -5.741641998291016
v -1.0602847337722778 -1.3817899227142334 -5.741641998291016
v -1.2315735816955566 -1.2315735816955566 -5.741641998291016
v -1.3817899227142334 -1.0602847337722778 -5.741641998291016
v -1.5083634853363037 -0.8708540201187134 -5.741641998291016
v -1.609128475189209 -0.6665228009223938 -5.741641998291016
v -1.6823607683181763 -0.450787216424942 -5.741641998291016
v -1.7268074750900269 -0.2273385226726532 -5.741641998291016
v -1.7417080402374268 -7.502126476950505e-17 -5.741641998291016
v -2.296100616455078 3.3942783365385114e-16 -5.543277263641357
v -2.2764570713043213 0.2997012734413147 -5.543277263641357
v -2.217862844467163 0.5942745804786682 -5.543277263641357
v -2.1213202476501465 0.878679633140564 -5.543277263641357
v -1.9884814023971558 1.148050308227539 -5.543277263641357
v -1.8216190338134766 1.3977774381637573 -5.543277263641357
v -1.6235883235931396 1.6235883235931396 -5.543277263641357
v -1.3977774381637573 1.8216190338134766 -5.543277263641357
v -1.148050308227539 1.9884814023971558 -5.543277263641357
v -0.878679633140564 2.1213202476501465 -5.543277263641357
v -0.5942745804786682 2.217862844467163 -5.543277263641357
v -0.2997012734413147 2.2764570713043213 -5.543277263641357
v -1.405956107829523e-16 2.296100616455078 -5.543277263641357
v 0.2997012734413147 2.2764570713043213 -5.543277263641357
v 0.5942745804786682 2.217862844467163 -5.543277263641357
v 0.878679633140564 2.1213202476501465 -5.543277263641357
v 1.148050308227539 1.9884814023971558 -5.543277263641357
v 1.3977774381637573 1.8216190338134766 -5.543277263641357
v 1.6235883235931396 1.6235883235931396 -5.543277263641357
v 1.8216190338134766 1.3977774381637573 -5.543277263641357
v 1.9884814023971558 1.148050308227539 -5.543277263641357
v 2.1213202476501465 0.878679633140564 -5.543277263641357
v 2.217862844467163 0.5942745804786682 -5.543277263641357
v 2.2764570713043213 0.2997012734413147 -5.543277263641357
v 2.296100616455078 6.206190816895353e-16 -5.543277263641357
v 2.2764570713043213 -0.2997012734413147 -5.543277263641357
v 2.217862844467163 -0.5942745804786682 -5.543277263641357
v 2.1213202476501465 -0.878679633140564 -5.543277263641357
v 1.9884814023971558 -1.148050308227539 -5.543277263641357
v 1.8216190338134766 -1.3977774381637573 -5.543277263641357
v 1.6235883235931396 -1.6235883235931396 -5.543277263641357
v 1.3977774381637573 -1.8216190338134766 -5.543277263641357
v 1.148050308227539 -1.9884814023971558 -5.543277263641357
v 0.878679633140564 -2.1213202476501465 -5.543277263641357
v 0.5942745804786682 -2.217862844467163 -5.543277263641357
v 0.2997012734413147 -2.2764570713043213 -5.543277263641357
v 4.217868323488569e-16 -2.296100616455078 -5.543277263641357
v -0.2997012734413147 -2.2764570713043213 -5.543277263641357
v -0.5942745804786682 -2.217862844467163 -5.543277263641357
v -0.878679633140564 -2.1213202476501465 -5.543277263641357
v -1.148050308227539 -1.9884814023971558 -5.543277263641357
v -1.3977774381637573 -1.8216190338134766 -5.543277263641357
v -1.6235883235931396 -1.6235883235931396 -5.543277263641357
v -1.8216190338134766 -1.3977774381637573 -5.543277263641357
v -1.9884814023971558 -1.148050308227539 -5.543277263641357
v -2.1213202476501465 -0.878679633140564 -5.543277263641357
v -2.217862844467163 -0.5942745804786682 -5.543277263641357
v -2.2764570713043213 -0.2997012734413147 -5.543277263641357
v -2.296100616455078 -2.2295460947795805e-16 -5.543277263641357
v -2.8283803462982178 3.240126281072109e-16 -5.29152774810791
v -2.8041832447052 0.3691777288913727 -5.29152774810791
v -2.7320055961608887 0.7320387363433838 -5.29152774810791
v -2.6130828857421875 1.0823743343353271 -5.29152774810791
v -2.449449300765991 1.4141901731491089 -5.29152774810791
v -2.2439050674438477 1.721808910369873 -5.29152774810791
v -1.9999669790267944 1.9999669790267944 -5.29152774810791
v -1.721808910369873 2.2439050674438477 -5.29152774810791
v -1.4141901731491089 2.449449300765991 -5.29152774810791
v -1.0823743343353271 2.6130828857421875 -5.29152774810791
v -0.7320387363433838 2.7320055961608887 -5.29152774810791
v -0.3691777288913727 2.8041832447052 -5.29152774810791
v -1.731883533323341e-16 2.8283803462982178 -5.29152774810791
v 0.3691777288913727 2.8041832447052 -5.29152774810791
v 0.7320387363433838 2.7320055961608887 -5.29152774810791
v 1.0823743343353271 2.6130828857421875 -5.29152774810791
v 1.4141901731491089 2.449449300765991 -5.29152774810791
v 1.721808910369873 2.2439050674438477 -5.29152774810791
v 1.9999669790267944 1.9999669790267944 -5.29152774810791
v 2.2439050674438477 1.721808910369873 -5.29152774810791
v 2.449449300765991 1.4141901731491089 -5.29152774810791
v 2.6130828857421875 1.0823743343353271 -5.29152774810791
v 2.7320055961608887 0.7320387363433838 -5.29152774810791
v 2.8041832447052 0.3691777288913727 -5.29152774810791
v 2.8283803462982178 6.703893083020995e-16 -5.29152774810791
v 2.8041832447052 -0.3691777288913727 -5.29152774810791
v 2.7320055961608887 -0.7320387363433838 -5.29152774810791
v 2.6130828857421875 -1.0823743343353271 -5.29152774810791
v 2.449449300765991 -1.4141901731491089 -5.29152774810791
v 2.2439050674438477 -1.721808910369873 -5.29152774810791
v 1.9999669790267944 -1.9999669790267944 -5.29152774810791
v 1.721808910369873 -2.2439050674438477 -5.29152774810791
v 1.4141901731491089 -2.449449300765991 -5.29152774810791
v 1.0823743343353271 -2.6130828857421875 -5.29152774810791
v 0.7320387363433838 -2.7320055961608887 -5.29152774810791
v 0.3691777288913727 -2.8041832447052 -5.29152774810791
v 5.195650335272227e-16 -2.8283803462982178 -5.29152774810791
v -0.3691777288913727 -2.8041832447052 -5.29152774810791
v -0.7320387363433838 -2.7320055961608887 -5.29152774810791
v -1.0823743343353271 -2.6130828857421875 -5.29152774810791
v -1.4141901731491089 -2.449449300765991 -5.29152774810791
v -1.721808910369873 -2.2439050674438477 -5.29152774810791
v -1.9999669790267944 -1.9999669790267944 -5.29152774810791
v -2.2439050674438477 -1.721808910369873 -5.29152774810791
v -2.449449300765991 -1.4141901731491089 -5.29152774810791
v -2.6130828857421875 -1.0823743343353271 -5.29152774810791
v -2.7320055961608887 -0.7320387363433838 -5.29152774810791
v -2.8041832447052 -0.3691777288913727 -5.29152774810791
v -2.8283803462982178 -3.687407852221255e-16 -5.29152774810791
v -3.333421468734741 3.0547697965266547e-16 -4.9888176918029785
v -3.304903507232666 0.435098797082901 -4.9888176918029785
v -3.2198379039764404 0.8627529144287109 -4.9888176918029785
v -3.0796797275543213 1.275645136833191 -4.9888176918029785
v -2.8868277072906494 1.6667107343673706 -4.9888176918029785
v -2.6445810794830322 2.0292584896087646 -4.9888176918029785
v -2.3570849895477295 2.3570849895477295 -4.9888176918029785
v -2.0292584896087646 2.6445810794830322 -4.9888176918029785
v -1.6667107343673706 2.8868277072906494 -4.9888176918029785
v -1.275645136833191 3.0796797275543213 -4.9888176918029785
v -0.8627529144287109 3.2198379039764404 -4.9888176918029785
v -0.435098797082901 3.304903507232666 -4.9888176918029785
v -2.041131953643436e-16 3.333421468734741 -4.9888176918029785
v 0.435098797082901 3.304903507232666 -4.9888176918029785
v 0.8627529144287109 3.2198379039764404 -4.9888176918029785
v 1.275645136833191 3.0796797275543213 -4.9888176918029785
v 1.6667107343673706 2.8868277072906494 -4.9888176918029785
v 2.0292584896087646 2.6445810794830322 -4.9888176918029785
v 2.3570849895477295 2.3570849895477295 -4.9888176918029785
v 2.6445810794830322 2.0292584896087646 -4.9888176918029785
v 2.8868277072906494 1.6667107343673706 -4.9888176918029785
v 3.0796797275543213 1.275645136833191 -4.9888176918029785
v 3.2198379039764404 0.8627529144287109 -4.9888176918029785
v 3.304903507232666 0.435098797082901 -4.9888176918029785
v 3.333421468734741 7.137033968511322e-16 -4.9888176918029785
v 3.304903507232666 -0.435098797082901 -4.9888176918029785
v 3.2198379039764404 -0.8627529144287109 -4.9888176918029785
v 3.0796797275543213 -1.275645136833191 -4.9888176918029785
v 2.8868277072906494 -1.6667107343673706 -4.9888176918029785
v 2.6445810794830322 -2.0292584896087646 -4.9888176918029785
v 2.3570849895477295 -2.3570849895477295 -4.9888176918029785
v 2.0292584896087646 -2.6445810794830322 -4.9888176918029785
v 1.6667107343673706 -2.8868277072906494 -4.9888176918029785
v 1.275645136833191 -3.0796797275543213 -4.9888176918029785
v 0.8627529144287109 -3.2198379039764404 -4.9888176918029785
v 0.435098797082901 -3.304903507232666 -4.9888176918029785
v 6.123395993279206e-16 -3.333421468734741 -4.9888176918029785
v -0.435098797082901 -3.304903507232666 -4.9888176918029785
v -0.8627529144287109 -3.2198379039764404 -4.9888176918029785
v -1.275645136833191 -3.0796797275543213 -4.9888176918029785
v -1.6667107343673706 -2.8868277072906494 -4.9888176918029785
v -2.0292584896087646 -2.6445810794830322 -4.9888176918029785
v -2.3570849895477295 -2.3570849895477295 -4.9888176918029785
v -2.6445810794830322 -2.0292584896087646 -4.9888176918029785
v -2.8868277072906494 -1.6667107343673706 -4.9888176918029785
v -3.0796797275543213 -1.275645136833191 -4.9888176918029785
v -3.2198379039764404 -0.8627529144287109 -4.9888176918029785
v -3.304903507232666 -0.435098797082901 -4.9888176918029785
v -3.333421468734741 -5.109758018047089e-16 -4.9888176918029785
v -3.8063597679138184 2.839994534234078e-16 -4.638062953948975
v -3.7737958431243896 0.496829628944397 -4.638062953948975
v -3.676661252975464 0.985158383846283 -4.638062953948975
v -3.516617774963379 1.456630825996399 -4.638062953948975
v -3.2964041233062744 1.9031798839569092 -4.638062953948975
v -3.0197882652282715 2.317164897918701 -4.638062953948975
v -2.691502809524536 2.691502809524536 -4.638062953948975
v -2.317164897918701 3.0197882652282715 -4.638062953948975
v -1.9031798839569092 3.2964041233062744 -4.638062953948975
v -1.456630825996399 3.516617774963379 -4.638062953948975
v -0.985158383846283 3.676661252975464 -4.638062953948975
v -0.496829628944397 3.7737958431243896 -4.638062953948975
v -2.3307231215379226e-16 3.8063597679138184 -4.638062953948975
v 0.496829628944397 3.7737958431243896 -4.638062953948975
v 0.985158383846283 3.676661252975464 -4.638062953948975
v 1.456630825996399 3.516617774963379 -4.638062953948975
v 1.9031798839569092 3.2964041233062744 -4.638062953948975
v 2.317164897918701 3.0197882652282715 -4.638062953948975
v 2.691502809524536 2.691502809524536 -4.638062953948975
v 3.0197882652282715 2.317164897918701 -4.638062953948975
v 3.2964041233062744 1.9031798839569092 -4.638062953948975
v 3.516617774963379 1.456630825996399 -4.638062953948975
v 3.676661252975464 0.985158383846283 -4.638062953948975
v 3.7737958431243896 0.496829628944397 -4.638062953948975
v 3.8063597679138184 7.501440777309923e-16 -4.638062953948975
v 3.7737958431243896 -0.496829628944397 -4.638062953948975
v 3.676661252975464 -0.985158383846283 -4.638062953948975
v 3.516617774963379 -1.456630825996399 -4.638062953948975
v 3.2964041233062744 -1.9031798839569092 -4.638062953948975
v 3.0197882652282715 -2.317164897918701 -4.638062953948975
v 2.691502809524536 -2.691502809524536 -4.638062953948975
v 2.317164897918701 -3.0197882652282715 -4.638062953948975
v 1.9031798839569092 -3.2964041233062744 -4.638062953948975
v 1.456630825996399 -3.516617774963379 -4.638062953948975
v 0.985158383846283 -3.676661252975464 -4.638062953948975
v 0.496829628944397 -3.7737958431243896 -4.638062953948975
v 6.992169099915972e-16 -3.8063597679138184 -4.638062953948975
v -0.496829628944397 -3.7737958431243896 -4.638062953948975
v -0.985158383846283 -3.676661252975464 -4.638062953948975
v -1.456630825996399 -3.516617774963379 -4.638062953948975
v -1.9031798839569092 -3.2964041233062744 -4.638062953948975
v -2.317164897918701 -3.0197882652282715 -4.638062953948975
v -2.691502809524536 -2.691502809524536 -4.638062953948975
v -3.0197882652282715 -2.317164897918701 -4.638062953948975
v -3.2964041233062744 -1.9031798839569092 -4.638062953948975
v -3.516617774963379 -1.456630825996399 -4.638062953948975
v -3.676661252975464 -0.985158383846283 -4.638062953948975
v -3.7737958431243896 -0.496829628944397 -4.638062953948975
v -3.8063597679138184 -6.482897951917612e-16 -4.638062953948975
v -4.242640495300293 2.5978680486790683e-16 -4.242640495300293
v -4.206344127655029 0.5537757277488708 -4.242640495300293
v -4.098076343536377 1.0980762243270874 -4.242640495300293
v -3.9196889400482178 1.6235883235931396 -4.242640495300293
v -3.674234628677368 2.1213202476501465 -4.242640495300293
v -3.365913152694702 2.5827560424804688 -4.242640495300293
v -3 3 -4.242640495300293
v -2.5827560424804688 3.365913152694702 -4.242640495300293
v -2.1213202476501465 3.674234628677368 -4.242640495300293
v -1.6235883235931396 3.9196889400482178 -4.242640495300293
v -1.0980762243270874 4.098076343536377 -4.242640495300293
v -0.5537757277488708 4.206344127655029 -4.242640495300293
v -2.5978680486790683e-16 4.242640495300293 -4.242640495300293
v 0.5537757277488708 4.206344127655029 -4.242640495300293
v 1.0980762243270874 4.098076343536377 -4.242640495300293
v 1.6235883235931396 3.9196889400482178 -4.242640495300293
v 2.1213202476501465 3.674234628677368 -4.242640495300293
v 2.5827560424804688 3.365913152694702 -4.242640495300293
v 3 3 -4.242640495300293
v 3.365913152694702 2.5827560424804688 -4.242640495300293
v 3.674234628677368 2.1213202476501465 -4.242640495300293
v 3.9196889400482178 1.6235883235931396 -4.242640495300293
v 4.098076343536377 1.0980762243270874 -4.242640495300293
v 4.206344127655029 0.5537757277488708 -4.242640495300293
v 4.242640495300293 7.793604146037205e-16 -4.242640495300293
v 4.206344127655029 -0.5537757277488708 -4.242640495300293
v 4.098076343536377 -1.0980762243270874 -4.242640495300293
v 3.9196889400482178 -1.6235883235931396 -4.242640495300293
v 3.674234628677368 -2.1213202476501465 -4.242640495300293
v 3.365913152694702 -2.5827560424804688 -4.242640495300293
v 3 -3 -4.242640495300293
v 2.5827560424804688 -3.365913152694702 -4.242640495300293
v 2.1213202476501465 -3.674234628677368 -4.242640495300293
v 1.6235883235931396 -3.9196889400482178 -4.242640495300293
v 1.0980762243270874 -4.098076343536377 -4.242640495300293
v 0.5537757277488708 -4.206344127655029 -4.242640495300293
v 7.793604675432797e-16 -4.242640495300293 -4.242640495300293
v -0.5537757277488708 -4.206344127655029 -4.242640495300293
v -1.0980762243270874 -4.098076343536377 -4.242640495300293
v -1.6235883235931396 -3.9196889400482178 -4.242640495300293
v -2.1213202476501465 -3.674234628677368 -4.242640495300293
v -2.5827560424804688 -3.365913152694702 -4.242640495300293
v -3 -3 -4.242640495300293
v -3.365913152694702 -2.5827560424804688 -4.242640495300293
v -3.674234628677368 -2.1213202476501465 -4.242640495300293
v -3.9196889400482178 -1.6235883235931396 -4.242640495300293
v -4.098076343536377 -1.0980762243270874 -4.242640495300293
v -4.206344127655029 -0.5537757277488708 -4.242640495300293
v -4.242640495300293 -7.793604146037205e-16 -4.242640495300293
v -4.638062953948975 2.3307231215379226e-16 -3.8063597679138184
v -4.59838342666626 0.6053886413574219 -3.8063597679138184
v -4.480024337768555 1.2004189491271973 -3.8063597679138184
v -4.285011291503906 1.7749097347259521 -3.8063597679138184
v -4.0166802406311035 2.3190314769744873 -3.8063597679138184
v -3.6796226501464844 2.8234736919403076 -3.8063597679138184
v -3.2796056270599365 3.2796056270599365 -3.8063597679138184
v -2.8234736919403076 3.6796226501464844 -3.8063597679138184
v -2.3190314769744873 4.0166802406311035 -3.8063597679138184
v -1.7749097347259521 4.285011291503906 -3.8063597679138184
v -1.2004189491271973 4.480024337768555 -3.8063597679138184
v -0.6053886413574219 4.59838342666626 -3.8063597679138184
v -2.839994269536282e-16 4.638062953948975 -3.8063597679138184
v 0.6053886413574219 4.59838342666626 -3.8063597679138184
v 1.2004189491271973 4.480024337768555 -3.8063597679138184
v 1.7749097347259521 4.285011291503906 -3.8063597679138184
v 2.3190314769744873 4.0166802406311035 -3.8063597679138184
v 2.8234736919403076 3.6796226501464844 -3.8063597679138184
v 3.2796056270599365 3.2796056270599365 -3.8063597679138184
v 3.6796226501464844 2.8234736919403076 -3.8063597679138184
v 4.0166802406311035 2.3190314769744873 -3.8063597679138184
v 4.285011291503906 1.7749097347259521 -3.8063597679138184
v 4.480024337768555 1.2004189491271973 -3.8063597679138184
v 4.59838342666626 0.6053886413574219 -3.8063597679138184
v 4.638062953948975 8.010711925308283e-16 -3.8063597679138184
v 4.59838342666626 -0.6053886413574219 -3.8063597679138184
v 4.480024337768555 -1.2004189491271973 -3.8063597679138184
v 4.285011291503906 -1.7749097347259521 -3.8063597679138184
v 4.0166802406311035 -2.3190314769744873 -3.8063597679138184
v 3.6796226501464844 -2.8234736919403076 -3.8063597679138184
v 3.2796056270599365 -3.2796056270599365 -3.8063597679138184
v 2.8234736919403076 -3.6796226501464844 -3.8063597679138184
v 2.3190314769744873 -4.0166802406311035 -3.8063597679138184
v 1.7749097347259521 -4.285011291503906 -3.8063597679138184
v 1.2004189491271973 -4.480024337768555 -3.8063597679138184
v 0.6053886413574219 -4.59838342666626 -3.8063597679138184
v 8.519983073306643e-16 -4.638062953948975 -3.8063597679138184
v -0.6053886413574219 -4.59838342666626 -3.8063597679138184
v -1.2004189491271973 -4.480024337768555 -3.8063597679138184
v -1.7749097347259521 -4.285011291503906 -3.8063597679138184
v -2.3190314769744873 -4.0166802406311035 -3.8063597679138184
v -2.8234736919403076 -3.6796226501464844 -3.8063597679138184
v -3.2796056270599365 -3.2796056270599365 -3.8063597679138184
v -3.6796226501464844 -2.8234736919403076 -3.8063597679138184
v -4.0166802406311035 -2.3190314769744873 -3.8063597679138184
v -4.285011291503906 -1.7749097347259521 -3.8063597679138184
v -4.480024337768555 -1.2004189491271973 -3.8063597679138184
v -4.59838342666626 -0.6053886413574219 -3.8063597679138184
v -4.638062953948975 -9.02925369190941e-16 -3.8063597679138184
v -4.9888176918029785 2.041131953643436e-16 -3.333421468734741
v -4.946137428283691 0.6511713862419128 -3.333421468734741
v -4.8188276290893555 1.2912009954452515 -3.333421468734741
v -4.609066486358643 1.9091378450393677 -3.333421468734741
v -4.3204426765441895 2.4944088459014893 -3.333421468734741
v -3.957895278930664 3.0369997024536133 -3.333421468734741
v -3.5276267528533936 3.5276267528533936 -3.333421468734741
v -3.0369997024536133 3.957895278930664 -3.333421468734741
v -2.4944088459014893 4.3204426765441895 -3.333421468734741
v -1.9091378450393677 4.609066486358643 -3.333421468734741
v -1.2912009954452515 4.8188276290893555 -3.333421468734741
v -0.6511713862419128 4.946137428283691 -3.333421468734741
v -3.0547697965266547e-16 4.9888176918029785 -3.333421468734741
v 0.6511713862419128 4.946137428283691 -3.333421468734741
v 1.2912009954452515 4.8188276290893555 -3.333421468734741
v 1.9091378450393677 4.609066486358643 -3.333421468734741
v 2.4944088459014893 4.3204426765441895 -3.333421468734741
v 3.0369997024536133 3.957895278930664 -3.333421468734741
v 3.5276267528533936 3.5276267528533936 -3.333421468734741
v 3.957895278930664 3.0369997024536133 -3.333421468734741
v 4.3204426765441895 2.4944088459014893 -3.333421468734741
v 4.609066486358643 1.9091378450393677 -3.333421468734741
v 4.8188276290893555 1.2912009954452515 -3.333421468734741
v 4.946137428283691 0.6511713862419128 -3.333421468734741
v 4.9888176918029785 8.150671414347847e-16 -3.333421468734741
v 4.946137428283691 -0.6511713862419128 -3.333421468734741
v 4.8188276290893555 -1.2912009954452515 -3.333421468734741
v 4.609066486358643 -1.9091378450393677 -3.333421468734741
v 4.3204426765441895 -2.4944088459014893 -3.333421468734741
v 3.957895278930664 -3.0369997024536133 -3.333421468734741
v 3.5276267528533936 -3.5276267528533936 -3.333421468734741
v 3.0369997024536133 -3.957895278930664 -3.333421468734741
v 2.4944088459014893 -4.3204426765441895 -3.333421468734741
v 1.9091378450393677 -4.609066486358643 -3.333421468734741
v 1.2912009954452515 -4.8188276290893555 -3.333421468734741
v 0.6511713862419128 -4.946137428283691 -3.333421468734741
v 9.164309918975556e-16 -4.9888176918029785 -3.333421468734741
v -0.6511713862419128 -4.946137428283691 -3.333421468734741
v -1.2912009954452515 -4.8188276290893555 -3.333421468734741
v -1.9091378450393677 -4.609066486358643 -3.333421468734741
v -2.4944088459014893 -4.3204426765441895 -3.333421468734741
v -3.0369997024536133 -3.957895278930664 -3.333421468734741
v -3.5276267528533936 -3.5276267528533936 -3.333421468734741
v -3.957895278930664 -3.0369997024536133 -3.333421468734741
v -4.3204426765441895 -2.4944088459014893 -3.333421468734741
v -4.609066486358643 -1.9091378450393677 -3.333421468734741
v -4.8188276290893555 -1.2912009954452515 -3.333421468734741
v -4.946137428283691 -0.6511713862419128 -3.333421468734741
v -4.9888176918029785 -1.0177946835416489e-15 -3.333421468734741
v -5.29152774810791 1.731883533323341e-16 -2.8283803462982178
v -5.246257781982422 0.6906829476356506 -2.8283803462982178
v -5.111223220825195 1.3695480823516846 -2.8283803462982178
v -4.888733863830566 2.024979829788208 -2.8283803462982178
v -4.582597255706787 2.645763874053955 -2.8283803462982178
v -4.1980509757995605 3.221277952194214 -2.8283803462982178
v -3.7416751384735107 3.7416751384735107 -2.8283803462982178
v -3.221277952194214 4.1980509757995605 -2.8283803462982178
v -2.645763874053955 4.582597255706787 -2.8283803462982178
v -2.024979829788208 4.888733863830566 -2.8283803462982178
v -1.3695480823516846 5.111223220825195 -2.8283803462982178
v -0.6906829476356506 5.246257781982422 -2.8283803462982178
v -3.240126281072109e-16 5.29152774810791 -2.8283803462982178
v 0.6906829476356506 5.246257781982422 -2.8283803462982178
v 1.3695480823516846 5.111223220825195 -2.8283803462982178
v 2.024979829788208 4.888733863830566 -2.8283803462982178
v 2.645763874053955 4.582597255706787 -2.8283803462982178
v 3.221277952194214 4.1980509757995605 -2.8283803462982178
v 3.7416751384735107 3.7416751384735107 -2.8283803462982178
v 4.1980509757995605 3.221277952194214 -2.8283803462982178
v 4.582597255706787 2.645763874053955 -2.8283803462982178
v 4.888733863830566 2.024979829788208 -2.8283803462982178
v 5.111223220825195 1.3695480823516846 -2.8283803462982178
v 5.246257781982422 0.6906829476356506 -2.8283803462982178
v 5.29152774810791 8.2121358307697635e-16 -2.8283803462982178
v 5.246257781982422 -0.6906829476356506 -2.8283803462982178
v 5.111223220825195 -1.3695480823516846 -2.8283803462982178
v 4.888733863830566 -2.024979829788208 -2.8283803462982178
v 4.582597255706787 -2.645763874053955 -2.8283803462982178
v 4.1980509757995605 -3.221277952194214 -2.8283803462982178
v 3.7416751384735107 -3.7416751384735107 -2.8283803462982178
v 3.221277952194214 -4.1980509757995605 -2.8283803462982178
v 2.645763874053955 -4.582597255706787 -2.8283803462982178
v 2.024979829788208 -4.888733863830566 -2.8283803462982178
v 1.3695480823516846 -5.111223220825195 -2.8283803462982178
v 0.6906829476356506 -5.246257781982422 -2.8283803462982178
v 9.720378578518532e-16 -5.29152774810791 -2.8283803462982178
v -0.6906829476356506 -5.246257781982422 -2.8283803462982178
v -1.3695480823516846 -5.111223220825195 -2.8283803462982178
v -2.024979829788208 -4.888733863830566 -2.8283803462982178
v -2.645763874053955 -4.582597255706787 -2.8283803462982178
v -3.221277952194214 -4.1980509757995605 -2.8283803462982178
v -3.7416751384735107 -3.7416751384735107 -2.8283803462982178
v -4.1980509757995605 -3.221277952194214 -2.8283803462982178
v -4.582597255706787 -2.645763874053955 -2.8283803462982178
v -4.888733863830566 -2.024979829788208 -2.8283803462982178
v -5.111223220825195 -1.3695480823516846 -2.8283803462982178
v -5.246257781982422 -0.6906829476356506 -2.8283803462982178
v -5.29152774810791 -1.12286213262673e-15 -2.8283803462982178
v -5.543277263641357 1.405956107829523e-16 -2.296100616455078
v -5.495853900909424 0.7235428690910339 -2.296100616455078
v -5.354394435882568 1.4347057342529297 -2.296100616455078
v -5.1213202476501465 2.1213202476501465 -2.296100616455078
v -4.800618648529053 2.7716386318206787 -2.296100616455078
v -4.397777557373047 3.3745334148406982 -2.296100616455078
v -3.9196889400482178 3.9196889400482178 -2.296100616455078
v -3.3745334148406982 4.397777557373047 -2.296100616455078
v -2.7716386318206787 4.800618648529053 -2.296100616455078
v -2.1213202476501465 5.1213202476501465 -2.296100616455078
v -1.4347057342529297 5.354394435882568 -2.296100616455078
v -0.7235428690910339 5.495853900909424 -2.296100616455078
v -3.3942783365385114e-16 5.543277263641357 -2.296100616455078
v 0.7235428690910339 5.495853900909424 -2.296100616455078
v 1.4347057342529297 5.354394435882568 -2.296100616455078
v 2.1213202476501465 5.1213202476501465 -2.296100616455078
v 2.7716386318206787 4.800618648529053 -2.296100616455078
v 3.3745334148406982 4.397777557373047 -2.296100616455078
v 3.9196889400482178 3.9196889400482178 -2.296100616455078
v 4.397777557373047 3.3745334148406982 -2.296100616455078
v 4.800618648529053 2.7716386318206787 -2.296100616455078
v 5.1213202476501465 2.1213202476501465 -2.296100616455078
v 5.354394435882568 1.4347057342529297 -2.296100616455078
v 5.495853900909424 0.7235428690910339 -2.296100616455078
v 5.543277263641357 8.194512780906546e-16 -2.296100616455078
v 5.495853900909424 -0.7235428690910339 -2.296100616455078
v 5.354394435882568 -1.4347057342529297 -2.296100616455078
v 5.1213202476501465 -2.1213202476501465 -2.296100616455078
v 4.800618648529053 -2.7716386318206787 -2.296100616455078
v 4.397777557373047 -3.3745334148406982 -2.296100616455078
v 3.9196889400482178 -3.9196889400482178 -2.296100616455078
v 3.3745334148406982 -4.397777557373047 -2.296100616455078
v 2.7716386318206787 -4.800618648529053 -2.296100616455078
v 2.1213202476501465 -5.1213202476501465 -2.296100616455078
v 1.4347057342529297 -5.354394435882568 -2.296100616455078
v 0.7235428690910339 -5.495853900909424 -2.296100616455078
v 1.018283527431333e-15 -5.543277263641357 -2.296100616455078
v -0.7235428690910339 -5.495853900909424 -2.296100616455078
v -1.4347057342529297 -5.354394435882568 -2.296100616455078
v -2.1213202476501465 -5.1213202476501465 -2.296100616455078
v -2.7716386318206787 -4.800618648529053 -2.296100616455078
v -3.3745334148406982 -4.397777557373047 -2.296100616455078
v -3.9196889400482178 -3.9196889400482178 -2.296100616455078
v -4.397777557373047 -3.3745334148406982 -2.296100616455078
v -4.800618648529053 -2.7716386318206787 -2.296100616455078
v -5.1213202476501465 -2.1213202476501465 -2.296100616455078
v -5.354394435882568 -1.4347057342529297 -2.296100616455078
v -5.495853900909424 -0.7235428690910339 -2.296100616455078
v -5.543277263641357 -1.2171157238324523e-15 -2.296100616455078
v -5.741641998291016 1.0664885959760489e-16 -1.7417080402374268
v -5.692521572113037 0.7494346499443054 -1.7417080402374268
v -5.5460004806518555 1.486046314239502 -1.7417080402374268
v -5.3045854568481445 2.1972312927246094 -1.7417080402374268
v -4.972407817840576 2.870820999145508 -1.7417080402374268
v -4.555150985717773 3.4952902793884277 -1.7417080402374268
v -4.0599541664123535 4.0599541664123535 -1.7417080402374268
v -3.4952902793884277 4.555150985717773 -1.7417080402374268
v -2.870820999145508 4.972407817840576 -1.7417080402374268
v -2.1972312927246094 5.3045854568481445 -1.7417080402374268
v -1.486046314239502 5.5460004806518555 -1.7417080402374268
v -0.7494346499443054 5.692521572113037 -1.7417080402374268
v -3.515741802383594e-16 5.741641998291016 -1.7417080402374268
v 0.7494346499443054 5.692521572113037 -1.7417080402374268
v 1.486046314239502 5.5460004806518555 -1.7417080402374268
v 2.1972312927246094 5.3045854568481445 -1.7417080402374268
v 2.870820999145508 4.972407817840576 -1.7417080402374268
v 3.4952902793884277 4.555150985717773 -1.7417080402374268
v 4.0599541664123535 4.0599541664123535 -1.7417080402374268
v 4.555150985717773 3.4952902793884277 -1.7417080402374268
v 4.972407817840576 2.870820999145508 -1.7417080402374268
v 5.3045854568481445 2.1972312927246094 -1.7417080402374268
v 5.5460004806518555 1.486046314239502 -1.7417080402374268
v 5.692521572113037 0.7494346499443054 -1.7417080402374268
v 5.741641998291016 8.097972200743237e-16 -1.7417080402374268
v 5.692521572113037 -0.7494346499443054 -1.7417080402374268
v 5.5460004806518555 -1.486046314239502 -1.7417080402374268
v 5.3045854568481445 -2.1972312927246094 -1.7417080402374268
v 4.972407817840576 -2.870820999145508 -1.7417080402374268
v 4.555150985717773 -3.4952902793884277 -1.7417080402374268
v 4.0599541664123535 -4.0599541664123535 -1.7417080402374268
v 3.4952902793884277 -4.555150985717773 -1.7417080402374268
v 2.870820999145508 -4.972407817840576 -1.7417080402374268
v 2.1972312927246094 -5.3045854568481445 -1.7417080402374268
v 1.486046314239502 -5.5460004806518555 -1.7417080402374268
v 0.7494346499443054 -5.692521572113037 -1.7417080402374268
v 1.0547225671848578e-15 -5.741641998291016 -1.7417080402374268
v -0.7494346499443054 -5.692521572113037 -1.7417080402374268
v -1.486046314239502 -5.5460004806518555 -1.7417080402374268
v -2.1972312927246094 -5.3045854568481445 -1.7417080402374268
v -2.870820999145508 -4.972407817840576 -1.7417080402374268
v -3.4952902793884277 -4.555150985717773 -1.7417080402374268
v -4.0599541664123535 -4.0599541664123535 -1.7417080402374268
v -4.555150985717773 -3.4952902793884277 -1.7417080402374268
v -4.972407817840576 -2.870820999145508 -1.7417080402374268
v -5.3045854568481445 -2.1972312927246094 -1.7417080402374268
v -5.5460004806518555 -1.486046314239502 -1.7417080402374268
v -5.692521572113037 -0.7494346499443054 -1.7417080402374268
v -5.741641998291016 -1.2996478613558327e-15 -1.7417080402374268
v -5.884711742401123 7.167502140670754e-17 -1.1705418825149536
v -5.834367275238037 0.7681090235710144 -1.1705418825149536
v -5.684195041656494 1.5230754613876343 -1.1705418825149536
v -5.436764717102051 2.251981735229492 -1.1705418825149536
v -5.096309661865234 2.9423558712005615 -1.1705418825149536
v -4.668655872344971 3.582385540008545 -1.1705418825149536
v -4.16111946105957 4.16111946105957 -1.1705418825149536
v -3.582385540008545 4.668655872344971 -1.1705418825149536
v -2.9423558712005615 5.096309661865234 -1.1705418825149536
v -2.251981735229492 5.436764717102051 -1.1705418825149536
v -1.5230754613876343 5.684195041656494 -1.1705418825149536
v -0.7681090235710144 5.834367275238037 -1.1705418825149536
v -3.603346714348962e-16 5.884711742401123 -1.1705418825149536
v 0.7681090235710144 5.834367275238037 -1.1705418825149536
v 1.5230754613876343 5.684195041656494 -1.1705418825149536
v 2.251981735229492 5.436764717102051 -1.1705418825149536
v 2.9423558712005615 5.096309661865234 -1.1705418825149536
v 3.582385540008545 4.668655872344971 -1.1705418825149536
v 4.16111946105957 4.16111946105957 -1.1705418825149536
v 4.668655872344971 3.582385540008545 -1.1705418825149536
v 5.096309661865234 2.9423558712005615 -1.1705418825149536
v 5.436764717102051 2.251981735229492 -1.1705418825149536
v 5.684195041656494 1.5230754613876343 -1.1705418825149536
v 5.834367275238037 0.7681090235710144 -1.1705418825149536
v 5.884711742401123 7.923443708939448e-16 -1.1705418825149536
v 5.834367275238037 -0.7681090235710144 -1.1705418825149536
v 5.684195041656494 -1.5230754613876343 -1.1705418825149536
v 5.436764717102051 -2.251981735229492 -1.1705418825149536
v 5.096309661865234 -2.9423558712005615 -1.1705418825149536
v 4.668655872344971 -3.582385540008545 -1.1705418825149536
v 4.16111946105957 -4.16111946105957 -1.1705418825149536
v 3.582385540008545 -4.668655872344971 -1.1705418825149536
v 2.9423558712005615 -5.096309661865234 -1.1705418825149536
v 2.251981735229492 -5.436764717102051 -1.1705418825149536
v 1.5230754613876343 -5.684195041656494 -1.1705418825149536
v 0.7681090235710144 -5.834367275238037 -1.1705418825149536
v 1.081003987834909e-15 -5.884711742401123 -1.1705418825149536
v -0.7681090235710144 -5.834367275238037 -1.1705418825149536
v -1.5230754613876343 -5.684195041656494 -1.1705418825149536
v -2.251981735229492 -5.436764717102051 -1.1705418825149536
v -2.9423558712005615 -5.096309661865234 -1.1705418825149536
v -3.582385540008545 -4.668655872344971 -1.1705418825149536
v -4.16111946105957 -4.16111946105957 -1.1705418825149536
v -4.668655872344971 -3.582385540008545 -1.1705418825149536
v -5.096309661865234 -2.9423558712005615 -1.1705418825149536
v -5.436764717102051 -2.251981735229492 -1.1705418825149536
v -5.684195041656494 -1.5230754613876343 -1.1705418825149536
v -5.834367275238037 -0.7681090235710144 -1.1705418825149536
v -5.884711742401123 -1.3696637106549916e-15 -1.1705418825149536
v -5.971108436584473 3.6010910920802034e-17 -0.5881028175354004
v -5.920024871826172 0.779386043548584 -0.5881028175354004
v -5.767647743225098 1.5454366207122803 -0.5881028175354004
v -5.516584873199463 2.2850441932678223 -0.5881028175354004
v -5.171131610870361 2.9855542182922363 -0.5881028175354004
v -4.737198829650879 3.6349804401397705 -0.5881028175354004
v -4.2222113609313965 4.2222113609313965 -0.5881028175354004
v -3.6349804401397705 4.737198829650879 -0.5881028175354004
v -2.9855542182922363 5.171131610870361 -0.5881028175354004
v -2.2850441932678223 5.516584873199463 -0.5881028175354004
v -1.5454366207122803 5.767647743225098 -0.5881028175354004
v -0.779386043548584 5.920024871826172 -0.5881028175354004
v -3.6562494805587094e-16 5.971108436584473 -0.5881028175354004
v 0.779386043548584 5.920024871826172 -0.5881028175354004
v 1.5454366207122803 5.767647743225098 -0.5881028175354004
v 2.2850441932678223 5.516584873199463 -0.5881028175354004
v 2.9855542182922363 5.171131610870361 -0.5881028175354004
v 3.6349804401397705 4.737198829650879 -0.5881028175354004
v 4.2222113609313965 4.2222113609313965 -0.5881028175354004
v 4.737198829650879 3.6349804401397705 -0.5881028175354004
v 5.171131610870361 2.9855542182922363 -0.5881028175354004
v 5.516584873199463 2.2850441932678223 -0.5881028175354004
v 5.767647743225098 1.5454366207122803 -0.5881028175354004
v 5.920024871826172 0.779386043548584 -0.5881028175354004
v 5.971108436584473 7.672608136499888e-16 -0.5881028175354004
v 5.920024871826172 -0.779386043548584 -0.5881028175354004
v 5.767647743225098 -1.5454366207122803 -0.5881028175354004
v 5.516584873199463 -2.2850441932678223 -0.5881028175354004
v 5.171131610870361 -2.9855542182922363 -0.5881028175354004
v 4.737198829650879 -3.6349804401397705 -0.5881028175354004
v 4.2222113609313965 -4.2222113609313965 -0.5881028175354004
v 3.6349804401397705 -4.737198829650879 -0.5881028175354004
v 2.9855542182922363 -5.171131610870361 -0.5881028175354004
v 2.2850441932678223 -5.516584873199463 -0.5881028175354004
v 1.5454366207122803 -5.767647743225098 -0.5881028175354004
v 0.779386043548584 -5.920024871826172 -0.5881028175354004
v 1.0968748441676128e-15 -5.971108436584473 -0.5881028175354004
v -0.779386043548584 -5.920024871826172 -0.5881028175354004
v -1.5454366207122803 -5.767647743225098 -0.5881028175354004
v -2.2850441932678223 -5.516584873199463 -0.5881028175354004
v -2.9855542182922363 -5.171131610870361 -0.5881028175354004
v -3.6349804401397705 -4.737198829650879 -0.5881028175354004
v -4.2222113609313965 -4.2222113609313965 -0.5881028175354004
v -4.737198829650879 -3.6349804401397705 -0.5881028175354004
v -5.171131610870361 -2.9855542182922363 -0.5881028175354004
v -5.516584873199463 -2.2850441932678223 -0.5881028175354004
v -5.767647743225098 -1.5454366207122803 -0.5881028175354004
v -5.920024871826172 -0.779386043548584 -0.5881028175354004
v -5.971108436584473 -1.426488927624796e-15 -0.5881028175354004
v -6 2.2496396358317913e-32 -3.6739402930577075e-16
v -5.948668956756592 0.7831571698188782 -3.1943947075520535e-16
v -5.795555114746094 1.5529142618179321 -2.7230544890251296e-16
v -5.543277263641357 2.296100616455078 -2.2679841852281846e-16
v -5.196152210235596 3 -1.8369701465288538e-16
v -4.760119915008545 3.6525685787200928 -1.437387118221966e-16
v -4.242640495300293 4.242640495300293 -1.0760722443786393e-16
v -3.6525685787200928 4.760119915008545 -7.592074758504012e-17
v -3 5.196152210235596 -4.922147168547407e-17
v -2.296100616455078 5.543277263641357 -2.7966192343197165e-17
v -1.5529142618179321 5.795555114746094 -1.2518628318174488e-17
v -0.7831571698188782 5.948668956756592 -3.143109517845572e-18
v -3.6739402930577075e-16 6 1.0438435478686037e-23
v 0.7831571698188782 5.948668956756592 -3.143109517845572e-18
v 1.5529142618179321 5.795555114746094 -1.2518628318174488e-17
v 2.296100616455078 5.543277263641357 -2.7966192343197165e-17
v 3 5.196152210235596 -4.922147168547407e-17
v 3.6525685787200928 4.760119915008545 -7.592074758504012e-17
v 4.242640495300293 4.242640495300293 -1.0760722443786393e-16
v 4.760119915008545 3.6525685787200928 -1.437387118221966e-16
v 5.196152210235596 3 -1.8369701465288538e-16
v 5.543277263641357 2.296100616455078 -2.2679841852281846e-16
v 5.795555114746094 1.5529142618179321 -2.7230544890251296e-16
v 5.948668956756592 0.7831571698188782 -3.1943947075520535e-16
v 6 7.347880586115415e-16 -3.6739402930577075e-16
v 5.948668956756592 -0.7831571698188782 -4.1534858785633615e-16
v 5.795555114746094 -1.5529142618179321 -4.62482583239249e-16
v 5.543277263641357 -2.296100616455078 -5.079896400887231e-16
v 5.196152210235596 -3 -5.510910704284357e-16
v 4.760119915008545 -3.6525685787200928 -5.910493732591245e-16
v 4.242640495300293 -4.242640495300293 -6.271808341736776e-16
v 3.6525685787200928 -4.760119915008545 -6.588673308788361e-16
v 3 -5.196152210235596 -6.855666034696797e-16
v 2.296100616455078 -5.543277263641357 -7.068218894294015e-16
v 1.5529142618179321 -5.795555114746094 -7.22269441046715e-16
v 0.7831571698188782 -5.948668956756592 -7.316449311025176e-16
v 1.1021821408568715e-15 -6 -7.347880586115415e-16
v -0.7831571698188782 -5.948668956756592 -7.316449311025176e-16
v -1.5529142618179321 -5.795555114746094 -7.22269441046715e-16
v -2.296100616455078 -5.543277263641357 -7.068218894294015e-16
v -3 -5.196152210235596 -6.855666034696797e-16
v -3.6525685787200928 -4.760119915008545 -6.588673308788361e-16
v -4.242640495300293 -4.242640495300293 -6.271808341736776e-16
v -4.760119915008545 -3.6525685787200928 -5.910493732591245e-16
v -5.196152210235596 -3 -5.510910704284357e-16
v -5.543277263641357 -2.296100616455078 -5.079896400887231e-16
v -5.795555114746094 -1.5529142618179321 -4.62482583239249e-16
v -5.948668956756592 -0.7831571698188782 -4.1534858785633615e-16
v -6 -1.469576117223083e-15 -3.6739402930577075e-16
v -5.971108436584473 -3.6010910920802034e-17 0.5881028175354004
v -5.920024871826172 0.779386043548584 0.5881028175354004
v -5.767647743225098 1.5454366207122803 0.5881028175354004
v -5.516584873199463 2.2850441932678223 0.5881028175354004
v -5.171131610870361 2.9855542182922363 0.5881028175354004
v -4.737198829650879 3.6349804401397705 0.5881028175354004
v -4.2222113609313965 4.2222113609313965 0.5881028175354004
v -3.6349804401397705 4.737198829650879 0.5881028175354004
v -2.9855542182922363 5.171131610870361 0.5881028175354004
v -2.2850441932678223 5.516584873199463 0.5881028175354004
v -1.5454366207122803 5.767647743225098 0.5881028175354004
v -0.779386043548584 5.920024871826172 0.5881028175354004
v -3.6562494805587094e-16 5.971108436584473 0.5881028175354004
v 0.779386043548584 5.920024871826172 0.5881028175354004
v 1.5454366207122803 5.767647743225098 0.5881028175354004
v 2.2850441932678223 5.516584873199463 0.5881028175354004
v 2.9855542182922363 5.171131610870361 0.5881028175354004
v 3.6349804401397705 4.737198829650879 0.5881028175354004
v 4.2222113609313965 4.2222113609313965 0.5881028175354004
v 4.737198829650879 3.6349804401397705 0.5881028175354004
v 5.171131610870361 2.9855542182922363 0.5881028175354004
v 5.516584873199463 2.2850441932678223 0.5881028175354004
v 5.767647743225098 1.5454366207122803 0.5881028175354004
v 5.920024871826172 0.779386043548584 0.5881028175354004
v 5.971108436584473 6.95238978573495e-16 0.5881028175354004
v 5.920024871826172 -0.779386043548584 0.5881028175354004
v 5.767647743225098 -1.5454366207122803 0.5881028175354004
v 5.516584873199463 -2.2850441932678223 0.5881028175354004
v 5.171131610870361 -2.9855542182922363 0.5881028175354004
v 4.737198829650879 -3.6349804401397705 0.5881028175354004
v 4.2222113609313965 -4.2222113609313965 0.5881028175354004
v 3.6349804401397705 -4.737198829650879 0.5881028175354004
v 2.9855542182922363 -5.171131610870361 0.5881028175354004
v 2.2850441932678223 -5.516584873199463 0.5881028175354004
v 1.5454366207122803 -5.767647743225098 0.5881028175354004
v 0.779386043548584 -5.920024871826172 0.5881028175354004
v 1.0968748441676128e-15 -5.971108436584473 0.5881028175354004
v -0.779386043548584 -5.920024871826172 0.5881028175354004
v -1.5454366207122803 -5.767647743225098 0.5881028175354004
v -2.2850441932678223 -5.516584873199463 0.5881028175354004
v -2.9855542182922363 -5.171131610870361 0.5881028175354004
v -3.6349804401397705 -4.737198829650879 0.5881028175354004
v -4.2222113609313965 -4.2222113609313965 0.5881028175354004
v -4.737198829650879 -3.6349804401397705 0.5881028175354004
v -5.171131610870361 -2.9855542182922363 0.5881028175354004
v -5.516584873199463 -2.2850441932678223 0.5881028175354004
v -5.767647743225098 -1.5454366207122803 0.5881028175354004
v -5.920024871826172 -0.779386043548584 0.5881028175354004
v -5.971108436584473 -1.4985106568221715e-15 0.5881028175354004
v -5.884711742401123 -7.167502140670754e-17 1.1705418825149536
v -5.834367275238037 0.7681090235710144 1.1705418825149536
v -5.684195041656494 1.5230754613876343 1.1705418825149536
v -5.436764717102051 2.251981735229492 1.1705418825149536
v -5.096309661865234 2.9423558712005615 1.1705418825149536
v -4.668655872344971 3.582385540008545 1.1705418825149536
v -4.16111946105957 4.16111946105957 1.1705418825149536
v -3.582385540008545 4.668655872344971 1.1705418825149536
v -2.9423558712005615 5.096309661865234 1.1705418825149536
v -2.251981735229492 5.436764717102051 1.1705418825149536
v -1.5230754613876343 5.684195041656494 1.1705418825149536
v -0.7681090235710144 5.834367275238037 1.1705418825149536
v -3.603346714348962e-16 5.884711742401123 1.1705418825149536
v 0.7681090235710144 5.834367275238037 1.1705418825149536
v 1.5230754613876343 5.684195041656494 1.1705418825149536
v 2.251981735229492 5.436764717102051 1.1705418825149536
v 2.9423558712005615 5.096309661865234 1.1705418825149536
v 3.582385540008545 4.668655872344971 1.1705418825149536
v 4.16111946105957 4.16111946105957 1.1705418825149536
v 4.668655872344971 3.582385540008545 1.1705418825149536
v 5.096309661865234 2.9423558712005615 1.1705418825149536
v 5.436764717102051 2.251981735229492 1.1705418825149536
v 5.684195041656494 1.5230754613876343 1.1705418825149536
v 5.834367275238037 0.7681090235710144 1.1705418825149536
v 5.884711742401123 6.4899431484564e-16 1.1705418825149536
v 5.834367275238037 -0.7681090235710144 1.1705418825149536
v 5.684195041656494 -1.5230754613876343 1.1705418825149536
v 5.436764717102051 -2.251981735229492 1.1705418825149536
v 5.096309661865234 -2.9423558712005615 1.1705418825149536
v 4.668655872344971 -3.582385540008545 1.1705418825149536
v 4.16111946105957 -4.16111946105957 1.1705418825149536
v 3.582385540008545 -4.668655872344971 1.1705418825149536
v 2.9423558712005615 -5.096309661865234 1.1705418825149536
v 2.251981735229492 -5.436764717102051 1.1705418825149536
v 1.5230754613876343 -5.684195041656494 1.1705418825149536
v 0.7681090235710144 -5.834367275238037 1.1705418825149536
v 1.081003987834909e-15 -5.884711742401123 1.1705418825149536
v -0.7681090235710144 -5.834367275238037 1.1705418825149536
v -1.5230754613876343 -5.684195041656494 1.1705418825149536
v -2.251981735229492 -5.436764717102051 1.1705418825149536
v -2.9423558712005615 -5.096309661865234 1.1705418825149536
v -3.582385540008545 -4.668655872344971 1.1705418825149536
v -4.16111946105957 -4.16111946105957 1.1705418825149536
v -4.668655872344971 -3.582385540008545 1.1705418825149536
v -5.096309661865234 -2.9423558712005615 1.1705418825149536
v -5.436764717102051 -2.251981735229492 1.1705418825149536
v -5.684195041656494 -1.5230754613876343 1.1705418825149536
v -5.834367275238037 -0.7681090235710144 1.1705418825149536
v -5.884711742401123 -1.513013660824178e-15 1.1705418825149536
v -5.741641998291016 -1.0664885959760489e-16 1.7417080402374268
v -5.692521572113037 0.7494346499443054 1.7417080402374268
v -5.5460004806518555 1.486046314239502 1.7417080402374268
v -5.3045854568481445 2.1972312927246094 1.7417080402374268
v -4.972407817840576 2.870820999145508 1.7417080402374268
v -4.555150985717773 3.4952902793884277 1.7417080402374268
v -4.0599541664123535 4.0599541664123535 1.7417080402374268
v -3.4952902793884277 4.555150985717773 1.7417080402374268
v -2.870820999145508 4.972407817840576 1.7417080402374268
v -2.1972312927246094 5.3045854568481445 1.7417080402374268
v -1.486046314239502 5.5460004806518555 1.7417080402374268
v -0.7494346499443054 5.692521572113037 1.7417080402374268
v -3.515741802383594e-16 5.741641998291016 1.7417080402374268
v 0.7494346499443054 5.692521572113037 1.7417080402374268
v 1.486046314239502 5.5460004806518555 1.7417080402374268
v 2.1972312927246094 5.3045854568481445 1.7417080402374268
v 2.870820999145508 4.972407817840576 1.7417080402374268
v 3.4952902793884277 4.555150985717773 1.7417080402374268
v 4.0599541664123535 4.0599541664123535 1.7417080402374268
v 4.555150985717773 3.4952902793884277 1.7417080402374268
v 4.972407817840576 2.870820999145508 1.7417080402374268
v 5.3045854568481445 2.1972312927246094 1.7417080402374268
v 5.5460004806518555 1.486046314239502 1.7417080402374268
v 5.692521572113037 0.7494346499443054 1.7417080402374268
v 5.741641998291016 5.964995008791139e-16 1.7417080402374268
v 5.692521572113037 -0.7494346499443054 1.7417080402374268
v 5.5460004806518555 -1.486046314239502 1.7417080402374268
v 5.3045854568481445 -2.1972312927246094 1.7417080402374268
v 4.972407817840576 -2.870820999145508 1.7417080402374268
v 4.555150985717773 -3.4952902793884277 1.7417080402374268
v 4.0599541664123535 -4.0599541664123535 1.7417080402374268
v 3.4952902793884277 -4.555150985717773 1.7417080402374268
v 2.870820999145508 -4.972407817840576 1.7417080402374268
v 2.1972312927246094 -5.3045854568481445 1.7417080402374268
v 1.486046314239502 -5.5460004806518555 1.7417080402374268
v 0.7494346499443054 -5.692521572113037 1.7417080402374268
v 1.0547225671848578e-15 -5.741641998291016 1.7417080402374268
v -0.7494346499443054 -5.692521572113037 1.7417080402374268
v -1.486046314239502 -5.5460004806518555 1.7417080402374268
v -2.1972312927246094 -5.3045854568481445 1.7417080402374268
v -2.870820999145508 -4.972407817840576 1.7417080402374268
v -3.4952902793884277 -4.555150985717773 1.7417080402374268
v -4.0599541664123535 -4.0599541664123535 1.7417080402374268
v -4.555150985717773 -3.4952902793884277 1.7417080402374268
v -4.972407817840576 -2.870820999145508 1.7417080402374268
v -5.3045854568481445 -2.1972312927246094 1.7417080402374268
v -5.5460004806518555 -1.486046314239502 1.7417080402374268
v -5.692521572113037 -0.7494346499443054 1.7417080402374268
v -5.741641998291016 -1.5129455805510425e-15 1.7417080402374268
v -5.543277263641357 -1.405956107829523e-16 2.296100616455078
v -5.495853900909424 0.7235428690910339 2.296100616455078
v -5.354394435882568 1.4347057342529297 2.296100616455078
v -5.1213202476501465 2.1213202476501465 2.296100616455078
v -4.800618648529053 2.7716386318206787 2.296100616455078
v -4.397777557373047 3.3745334148406982 2.296100616455078
v -3.9196889400482178 3.9196889400482178 2.296100616455078
v -3.3745334148406982 4.397777557373047 2.296100616455078
v -2.7716386318206787 4.800618648529053 2.296100616455078
v -2.1213202476501465 5.1213202476501465 2.296100616455078
v -1.4347057342529297 5.354394435882568 2.296100616455078
v -0.7235428690910339 5.495853900909424 2.296100616455078
v -3.3942783365385114e-16 5.543277263641357 2.296100616455078
v 0.7235428690910339 5.495853900909424 2.296100616455078
v 1.4347057342529297 5.354394435882568 2.296100616455078
v 2.1213202476501465 5.1213202476501465 2.296100616455078
v 2.7716386318206787 4.800618648529053 2.296100616455078
v 3.3745334148406982 4.397777557373047 2.296100616455078
v 3.9196889400482178 3.9196889400482178 2.296100616455078
v 4.397777557373047 3.3745334148406982 2.296100616455078
v 4.800618648529053 2.7716386318206787 2.296100616455078
v 5.1213202476501465 2.1213202476501465 2.296100616455078
v 5.354394435882568 1.4347057342529297 2.296100616455078
v 5.495853900909424 0.7235428690910339 2.296100616455078
v 5.543277263641357 5.3826005652475e-16 2.296100616455078
v 5.495853900909424 -0.7235428690910339 2.296100616455078
v 5.354394435882568 -1.4347057342529297 2.296100616455078
v 5.1213202476501465 -2.1213202476501465 2.296100616455078
v 4.800618648529053 -2.7716386318206787 2.296100616455078
v 4.397777557373047 -3.3745334148406982 2.296100616455078
v 3.9196889400482178 -3.9196889400482178 2.296100616455078
v 3.3745334148406982 -4.397777557373047 2.296100616455078
v 2.7716386318206787 -4.800618648529053 2.296100616455078
v 2.1213202476501465 -5.1213202476501465 2.296100616455078
v 1.4347057342529297 -5.354394435882568 2.296100616455078
v 0.7235428690910339 -5.495853900909424 2.296100616455078
v 1.018283527431333e-15 -5.543277263641357 2.296100616455078
v -0.7235428690910339 -5.495853900909424 2.296100616455078
v -1.4347057342529297 -5.354394435882568 2.296100616455078
v -2.1213202476501465 -5.1213202476501465 2.296100616455078
v -2.7716386318206787 -4.800618648529053 2.296100616455078
v -3.3745334148406982 -4.397777557373047 2.296100616455078
v -3.9196889400482178 -3.9196889400482178 2.296100616455078
v -4.397777557373047 -3.3745334148406982 2.296100616455078
v -4.800618648529053 -2.7716386318206787 2.296100616455078
v -5.1213202476501465 -2.1213202476501465 2.296100616455078
v -5.354394435882568 -1.4347057342529297 2.296100616455078
v -5.495853900909424 -0.7235428690910339 2.296100616455078
v -5.543277263641357 -1.4983069453983569e-15 2.296100616455078
v -5.29152774810791 -1.731883533323341e-16 2.8283803462982178
v -5.246257781982422 0.6906829476356506 2.8283803462982178
v -5.111223220825195 1.3695480823516846 2.8283803462982178
v -4.888733863830566 2.024979829788208 2.8283803462982178
v -4.582597255706787 2.645763874053955 2.8283803462982178
v -4.1980509757995605 3.221277952194214 2.8283803462982178
v -3.7416751384735107 3.7416751384735107 2.8283803462982178
v -3.221277952194214 4.1980509757995605 2.8283803462982178
v -2.645763874053955 4.582597255706787 2.8283803462982178
v -2.024979829788208 4.888733863830566 2.8283803462982178
v -1.3695480823516846 5.111223220825195 2.8283803462982178
v -0.6906829476356506 5.246257781982422 2.8283803462982178
v -3.240126281072109e-16 5.29152774810791 2.8283803462982178
v 0.6906829476356506 5.246257781982422 2.8283803462982178
v 1.3695480823516846 5.111223220825195 2.8283803462982178
v 2.024979829788208 4.888733863830566 2.8283803462982178
v 2.645763874053955 4.582597255706787 2.8283803462982178
v 3.221277952194214 4.1980509757995605 2.8283803462982178
v 3.7416751384735107 3.7416751384735107 2.8283803462982178
v 4.1980509757995605 3.221277952194214 2.8283803462982178
v 4.582597255706787 2.645763874053955 2.8283803462982178
v 4.888733863830566 2.024979829788208 2.8283803462982178
v 5.111223220825195 1.3695480823516846 2.8283803462982178
v 5.246257781982422 0.6906829476356506 2.8283803462982178
v 5.29152774810791 4.748369293518673e-16 2.8283803462982178
v 5.246257781982422 -0.6906829476356506 2.8283803462982178
v 5.111223220825195 -1.3695480823516846 2.8283803462982178
v 4.888733863830566 -2.024979829788208 2.8283803462982178
v 4.582597255706787 -2.645763874053955 2.8283803462982178
v 4.1980509757995605 -3.221277952194214 2.8283803462982178
v 3.7416751384735107 -3.7416751384735107 2.8283803462982178
v 3.221277952194214 -4.1980509757995605 2.8283803462982178
v 2.645763874053955 -4.582597255706787 2.8283803462982178
v 2.024979829788208 -4.888733863830566 2.8283803462982178
v 1.3695480823516846 -5.111223220825195 2.8283803462982178
v 0.6906829476356506 -5.246257781982422 2.8283803462982178
v 9.720378578518532e-16 -5.29152774810791 2.8283803462982178
v -0.6906829476356506 -5.246257781982422 2.8283803462982178
v -1.3695480823516846 -5.111223220825195 2.8283803462982178
v -2.024979829788208 -4.888733863830566 2.8283803462982178
v -2.645763874053955 -4.582597255706787 2.8283803462982178
v -3.221277952194214 -4.1980509757995605 2.8283803462982178
v -3.7416751384735107 -3.7416751384735107 2.8283803462982178
v -4.1980509757995605 -3.221277952194214 2.8283803462982178
v -4.582597255706787 -2.645763874053955 2.8283803462982178
v -4.888733863830566 -2.024979829788208 2.8283803462982178
v -5.111223220825195 -1.3695480823516846 2.8283803462982178
v -5.246257781982422 -0.6906829476356506 2.8283803462982178
v -5.29152774810791 -1.4692388922309574e-15 2.8283803462982178
v -4.9888176918029785 -2.041131953643436e-16 3.333421468734741
v -4.946137428283691 0.6511713862419128 3.333421468734741
v -4.8188276290893555 1.2912009954452515 3.333421468734741
v -4.609066486358643 1.9091378450393677 3.333421468734741
v -4.3204426765441895 2.4944088459014893 3.333421468734741
v -3.957895278930664 3.0369997024536133 3.333421468734741
v -3.5276267528533936 3.5276267528533936 3.333421468734741
v -3.0369997024536133 3.957895278930664 3.333421468734741
v -2.4944088459014893 4.3204426765441895 3.333421468734741
v -1.9091378450393677 4.609066486358643 3.333421468734741
v -1.2912009954452515 4.8188276290893555 3.333421468734741
v -0.6511713862419128 4.946137428283691 3.333421468734741
v -3.0547697965266547e-16 4.9888176918029785 3.333421468734741
v 0.6511713862419128 4.946137428283691 3.333421468734741
v 1.2912009954452515 4.8188276290893555 3.333421468734741
v 1.9091378450393677 4.609066486358643 3.333421468734741
v 2.4944088459014893 4.3204426765441895 3.333421468734741
v 3.0369997024536133 3.957895278930664 3.333421468734741
v 3.5276267528533936 3.5276267528533936 3.333421468734741
v 3.957895278930664 3.0369997024536133 3.333421468734741
v 4.3204426765441895 2.4944088459014893 3.333421468734741
v 4.609066486358643 1.9091378450393677 3.333421468734741
v 4.8188276290893555 1.2912009954452515 3.333421468734741
v 4.946137428283691 0.6511713862419128 3.333421468734741
v 4.9888176918029785 4.0684075070609755e-16 3.333421468734741
v 4.946137428283691 -0.6511713862419128 3.333421468734741
v 4.8188276290893555 -1.2912009954452515 3.333421468734741
v 4.609066486358643 -1.9091378450393677 3.333421468734741
v 4.3204426765441895 -2.4944088459014893 3.333421468734741
v 3.957895278930664 -3.0369997024536133 3.333421468734741
v 3.5276267528533936 -3.5276267528533936 3.333421468734741
v 3.0369997024536133 -3.957895278930664 3.333421468734741
v 2.4944088459014893 -4.3204426765441895 3.333421468734741
v 1.9091378450393677 -4.609066486358643 3.333421468734741
v 1.2912009954452515 -4.8188276290893555 3.333421468734741
v 0.6511713862419128 -4.946137428283691 3.333421468734741
v 9.164309918975556e-16 -4.9888176918029785 3.333421468734741
v -0.6511713862419128 -4.946137428283691 3.333421468734741
v -1.2912009954452515 -4.8188276290893555 3.333421468734741
v -1.9091378450393677 -4.609066486358643 3.333421468734741
v -2.4944088459014893 -4.3204426765441895 3.333421468734741
v -3.0369997024536133 -3.957895278930664 3.333421468734741
v -3.5276267528533936 -3.5276267528533936 3.333421468734741
v -3.957895278930664 -3.0369997024536133 3.333421468734741
v -4.3204426765441895 -2.4944088459014893 3.333421468734741
v -4.609066486358643 -1.9091378450393677 3.333421468734741
v -4.8188276290893555 -1.2912009954452515 3.333421468734741
v -4.946137428283691 -0.6511713862419128 3.333421468734741
v -4.9888176918029785 -1.4260211536796749e-15 3.333421468734741
v -4.638062953948975 -2.3307231215379226e-16 3.8063597679138184
v -4.59838342666626 0.6053886413574219 3.8063597679138184
v -4.480024337768555 1.2004189491271973 3.8063597679138184
v -4.285011291503906 1.7749097347259521 3.8063597679138184
v -4.0166802406311035 2.3190314769744873 3.8063597679138184
v -3.6796226501464844 2.8234736919403076 3.8063597679138184
v -3.2796056270599365 3.2796056270599365 3.8063597679138184
v -2.8234736919403076 3.6796226501464844 3.8063597679138184
v -2.3190314769744873 4.0166802406311035 3.8063597679138184
v -1.7749097347259521 4.285011291503906 3.8063597679138184
v -1.2004189491271973 4.480024337768555 3.8063597679138184
v -0.6053886413574219 4.59838342666626 3.8063597679138184
v -2.839994269536282e-16 4.638062953948975 3.8063597679138184
v 0.6053886413574219 4.59838342666626 3.8063597679138184
v 1.2004189491271973 4.480024337768555 3.8063597679138184
v 1.7749097347259521 4.285011291503906 3.8063597679138184
v 2.3190314769744873 4.0166802406311035 3.8063597679138184
v 2.8234736919403076 3.6796226501464844 3.8063597679138184
v 3.2796056270599365 3.2796056270599365 3.8063597679138184
v 3.6796226501464844 2.8234736919403076 3.8063597679138184
v 4.0166802406311035 2.3190314769744873 3.8063597679138184
v 4.285011291503906 1.7749097347259521 3.8063597679138184
v 4.480024337768555 1.2004189491271973 3.8063597679138184
v 4.59838342666626 0.6053886413574219 3.8063597679138184
v 4.638062953948975 3.349265417534642e-16 3.8063597679138184
v 4.59838342666626 -0.6053886413574219 3.8063597679138184
v 4.480024337768555 -1.2004189491271973 3.8063597679138184
v 4.285011291503906 -1.7749097347259521 3.8063597679138184
v 4.0166802406311035 -2.3190314769744873 3.8063597679138184
v 3.6796226501464844 -2.8234736919403076 3.8063597679138184
v 3.2796056270599365 -3.2796056270599365 3.8063597679138184
v 2.8234736919403076 -3.6796226501464844 3.8063597679138184
v 2.3190314769744873 -4.0166802406311035 3.8063597679138184
v 1.7749097347259521 -4.285011291503906 3.8063597679138184
v 1.2004189491271973 -4.480024337768555 3.8063597679138184
v 0.6053886413574219 -4.59838342666626 3.8063597679138184
v 8.519983073306643e-16 -4.638062953948975 3.8063597679138184
v -0.6053886413574219 -4.59838342666626 3.8063597679138184
v -1.2004189491271973 -4.480024337768555 3.8063597679138184
v -1.7749097347259521 -4.285011291503906 3.8063597679138184
v -2.3190314769744873 -4.0166802406311035 3.8063597679138184
v -2.8234736919403076 -3.6796226501464844 3.8063597679138184
v -3.2796056270599365 -3.2796056270599365 3.8063597679138184
v -3.6796226501464844 -2.8234736919403076 3.8063597679138184
v -4.0166802406311035 -2.3190314769744873 3.8063597679138184
v -4.285011291503906 -1.7749097347259521 3.8063597679138184
v -4.480024337768555 -1.2004189491271973 3.8063597679138184
v -4.59838342666626 -0.6053886413574219 3.8063597679138184
v -4.638062953948975 -1.3690700464380847e-15 3.8063597679138184
v -4.242640495300293 -2.5978680486790683e-16 4.242640495300293
v -4.206344127655029 0.5537757277488708 4.242640495300293
v -4.098076343536377 1.0980762243270874 4.242640495300293
v -3.9196889400482178 1.6235883235931396 4.242640495300293
v -3.674234628677368 2.1213202476501465 4.242640495300293
v -3.365913152694702 2.5827560424804688 4.242640495300293
v -3 3 4.242640495300293
v -2.5827560424804688 3.365913152694702 4.242640495300293
v -2.1213202476501465 3.674234628677368 4.242640495300293
v -1.6235883235931396 3.9196889400482178 4.242640495300293
v -1.0980762243270874 4.098076343536377 4.242640495300293
v -0.5537757277488708 4.206344127655029 4.242640495300293
v -2.5978680486790683e-16 4.242640495300293 4.242640495300293
v 0.5537757277488708 4.206344127655029 4.242640495300293
v 1.0980762243270874 4.098076343536377 4.242640495300293
v 1.6235883235931396 3.9196889400482178 4.242640495300293
v 2.1213202476501465 3.674234628677368 4.242640495300293
v 2.5827560424804688 3.365913152694702 4.242640495300293
v 3 3 4.242640495300293
v 3.365913152694702 2.5827560424804688 4.242640495300293
v 3.674234628677368 2.1213202476501465 4.242640495300293
v 3.9196889400482178 1.6235883235931396 4.242640495300293
v 4.098076343536377 1.0980762243270874 4.242640495300293
v 4.206344127655029 0.5537757277488708 4.242640495300293
v 4.242640495300293 2.5978680486790683e-16 4.242640495300293
v 4.206344127655029 -0.5537757277488708 4.242640495300293
v 4.098076343536377 -1.0980762243270874 4.242640495300293
v 3.9196889400482178 -1.6235883235931396 4.242640495300293
v 3.674234628677368 -2.1213202476501465 4.242640495300293
v 3.365913152694702 -2.5827560424804688 4.242640495300293
v 3 -3 4.242640495300293
v 2.5827560424804688 -3.365913152694702 4.242640495300293
v 2.1213202476501465 -3.674234628677368 4.242640495300293
v 1.6235883235931396 -3.9196889400482178 4.242640495300293
v 1.0980762243270874 -4.098076343536377 4.242640495300293
v 0.5537757277488708 -4.206344127655029 4.242640495300293
v 7.793604675432797e-16 -4.242640495300293 4.242640495300293
v -0.5537757277488708 -4.206344127655029 4.242640495300293
v -1.0980762243270874 -4.098076343536377 4.242640495300293
v -1.6235883235931396 -3.9196889400482178 4.242640495300293
v -2.1213202476501465 -3.674234628677368 4.242640495300293
v -2.5827560424804688 -3.365913152694702 4.242640495300293
v -3 -3 4.242640495300293
v -3.365913152694702 -2.5827560424804688 4.242640495300293
v -3.674234628677368 -2.1213202476501465 4.242640495300293
v -3.9196889400482178 -1.6235883235931396 4.242640495300293
v -4.098076343536377 -1.0980762243270874 4.242640495300293
v -4.206344127655029 -0.5537757277488708 4.242640495300293
v -4.242640495300293 -1.2989340243395341e-15 4.242640495300293
v -3.8063597679138184 -2.839994534234078e-16 4.638062953948975
v -3.7737958431243896 0.496829628944397 4.638062953948975
v -3.676661252975464 0.985158383846283 4.638062953948975
v -3.516617774963379 1.456630825996399 4.638062953948975
v -3.2964041233062744 1.9031798839569092 4.638062953948975
v -3.0197882652282715 2.317164897918701 4.638062953948975
v -2.691502809524536 2.691502809524536 4.638062953948975
v -2.317164897918701 3.0197882652282715 4.638062953948975
v -1.9031798839569092 3.2964041233062744 4.638062953948975
v -1.456630825996399 3.516617774963379 4.638062953948975
v -0.985158383846283 3.676661252975464 4.638062953948975
v -0.496829628944397 3.7737958431243896 4.638062953948975
v -2.3307231215379226e-16 3.8063597679138184 4.638062953948975
v 0.496829628944397 3.7737958431243896 4.638062953948975
v 0.985158383846283 3.676661252975464 4.638062953948975
v 1.456630825996399 3.516617774963379 4.638062953948975
v 1.9031798839569092 3.2964041233062744 4.638062953948975
v 2.317164897918701 3.0197882652282715 4.638062953948975
v 2.691502809524536 2.691502809524536 4.638062953948975
v 3.0197882652282715 2.317164897918701 4.638062953948975
v 3.2964041233062744 1.9031798839569092 4.638062953948975
v 3.516617774963379 1.456630825996399 4.638062953948975
v 3.676661252975464 0.985158383846283 4.638062953948975
v 3.7737958431243896 0.496829628944397 4.638062953948975
v 3.8063597679138184 1.821451708841767e-16 4.638062953948975
v 3.7737958431243896 -0.496829628944397 4.638062953948975
v 3.676661252975464 -0.985158383846283 4.638062953948975
v 3.516617774963379 -1.456630825996399 4.638062953948975
v 3.2964041233062744 -1.9031798839569092 4.638062953948975
v 3.0197882652282715 -2.317164897918701 4.638062953948975
v 2.691502809524536 -2.691502809524536 4.638062953948975
v 2.317164897918701 -3.0197882652282715 4.638062953948975
v 1.9031798839569092 -3.2964041233062744 4.638062953948975
v 1.456630825996399 -3.516617774963379 4.638062953948975
v 0.985158383846283 -3.676661252975464 4.638062953948975
v 0.496829628944397 -3.7737958431243896 4.638062953948975
v 6.992169099915972e-16 -3.8063597679138184 4.638062953948975
v -0.496829628944397 -3.7737958431243896 4.638062953948975
v -0.985158383846283 -3.676661252975464 4.638062953948975
v -1.456630825996399 -3.516617774963379 4.638062953948975
v -1.9031798839569092 -3.2964041233062744 4.638062953948975
v -2.317164897918701 -3.0197882652282715 4.638062953948975
v -2.691502809524536 -2.691502809524536 4.638062953948975
v -3.0197882652282715 -2.317164897918701 4.638062953948975
v -3.2964041233062744 -1.9031798839569092 4.638062953948975
v -3.516617774963379 -1.456630825996399 4.638062953948975
v -3.676661252975464 -0.985158383846283 4.638062953948975
v -3.7737958431243896 -0.496829628944397 4.638062953948975
v -3.8063597679138184 -1.2162887020385768e-15 4.638062953948975
v -3.333421468734741 -3.0547697965266547e-16 4.9888176918029785
v -3.304903507232666 0.435098797082901 4.9888176918029785
v -3.2198379039764404 0.8627529144287109 4.9888176918029785
v -3.0796797275543213 1.275645136833191 4.9888176918029785
v -2.8868277072906494 1.6667107343673706 4.9888176918029785
v -2.6445810794830322 2.0292584896087646 4.9888176918029785
v -2.3570849895477295 2.3570849895477295 4.9888176918029785
v -2.0292584896087646 2.6445810794830322 4.9888176918029785
v -1.6667107343673706 2.8868277072906494 4.9888176918029785
v -1.275645136833191 3.0796797275543213 4.9888176918029785
v -0.8627529144287109 3.2198379039764404 4.9888176918029785
v -0.435098797082901 3.304903507232666 4.9888176918029785
v -2.041131953643436e-16 3.333421468734741 4.9888176918029785
v 0.435098797082901 3.304903507232666 4.9888176918029785
v 0.8627529144287109 3.2198379039764404 4.9888176918029785
v 1.275645136833191 3.0796797275543213 4.9888176918029785
v 1.6667107343673706 2.8868277072906494 4.9888176918029785
v 2.0292584896087646 2.6445810794830322 4.9888176918029785
v 2.3570849895477295 2.3570849895477295 4.9888176918029785
v 2.6445810794830322 2.0292584896087646 4.9888176918029785
v 2.8868277072906494 1.6667107343673706 4.9888176918029785
v 3.0796797275543213 1.275645136833191 4.9888176918029785
v 3.2198379039764404 0.8627529144287109 4.9888176918029785
v 3.304903507232666 0.435098797082901 4.9888176918029785
v 3.333421468734741 1.0274941107602171e-16 4.9888176918029785
v 3.304903507232666 -0.435098797082901 4.9888176918029785
v 3.2198379039764404 -0.8627529144287109 4.9888176918029785
v 3.0796797275543213 -1.275645136833191 4.9888176918029785
v 2.8868277072906494 -1.6667107343673706 4.9888176918029785
v 2.6445810794830322 -2.0292584896087646 4.9888176918029785
v 2.3570849895477295 -2.3570849895477295 4.9888176918029785
v 2.0292584896087646 -2.6445810794830322 4.9888176918029785
v 1.6667107343673706 -2.8868277072906494 4.9888176918029785
v 1.275645136833191 -3.0796797275543213 4.9888176918029785
v 0.8627529144287109 -3.2198379039764404 4.9888176918029785
v 0.435098797082901 -3.304903507232666 4.9888176918029785
v 6.123395993279206e-16 -3.333421468734741 4.9888176918029785
v -0.435098797082901 -3.304903507232666 4.9888176918029785
v -0.8627529144287109 -3.2198379039764404 4.9888176918029785
v -1.275645136833191 -3.0796797275543213 4.9888176918029785
v -1.6667107343673706 -2.8868277072906494 4.9888176918029785
v -2.0292584896087646 -2.6445810794830322 4.9888176918029785
v -2.3570849895477295 -2.3570849895477295 4.9888176918029785
v -2.6445810794830322 -2.0292584896087646 4.9888176918029785
v -2.8868277072906494 -1.6667107343673706 4.9888176918029785
v -3.0796797275543213 -1.275645136833191 4.9888176918029785
v -3.2198379039764404 -0.8627529144287109 4.9888176918029785
v -3.304903507232666 -0.435098797082901 4.9888176918029785
v -3.333421468734741 -1.1219297611100398e-15 4.9888176918029785
v -2.8283803462982178 -3.240126281072109e-16 5.29152774810791
v -2.8041832447052 0.3691777288913727 5.29152774810791
v -2.7320055961608887 0.7320387363433838 5.29152774810791
v -2.6130828857421875 1.0823743343353271 5.29152774810791
v -2.449449300765991 1.4141901731491089 5.29152774810791
v -2.2439050674438477 1.721808910369873 5.29152774810791
v -1.9999669790267944 1.9999669790267944 5.29152774810791
v -1.721808910369873 2.2439050674438477 5.29152774810791
v -1.4141901731491089 2.449449300765991 5.29152774810791
v -1.0823743343353271 2.6130828857421875 5.29152774810791
v -0.7320387363433838 2.7320055961608887 5.29152774810791
v -0.3691777288913727 2.8041832447052 5.29152774810791
v -1.731883533323341e-16 2.8283803462982178 5.29152774810791
v 0.3691777288913727 2.8041832447052 5.29152774810791
v 0.7320387363433838 2.7320055961608887 5.29152774810791
v 1.0823743343353271 2.6130828857421875 5.29152774810791
v 1.4141901731491089 2.449449300765991 5.29152774810791
v 1.721808910369873 2.2439050674438477 5.29152774810791
v 1.9999669790267944 1.9999669790267944 5.29152774810791
v 2.2439050674438477 1.721808910369873 5.29152774810791
v 2.449449300765991 1.4141901731491089 5.29152774810791
v 2.6130828857421875 1.0823743343353271 5.29152774810791
v 2.7320055961608887 0.7320387363433838 5.29152774810791
v 2.8041832447052 0.3691777288913727 5.29152774810791
v 2.8283803462982178 2.236408021181851e-17 5.29152774810791
v 2.8041832447052 -0.3691777288913727 5.29152774810791
v 2.7320055961608887 -0.7320387363433838 5.29152774810791
v 2.6130828857421875 -1.0823743343353271 5.29152774810791
v 2.449449300765991 -1.4141901731491089 5.29152774810791
v 2.2439050674438477 -1.721808910369873 5.29152774810791
v 1.9999669790267944 -1.9999669790267944 5.29152774810791
v 1.721808910369873 -2.2439050674438477 5.29152774810791
v 1.4141901731491089 -2.449449300765991 5.29152774810791
v 1.0823743343353271 -2.6130828857421875 5.29152774810791
v 0.7320387363433838 -2.7320055961608887 5.29152774810791
v 0.3691777288913727 -2.8041832447052 5.29152774810791
v 5.195650335272227e-16 -2.8283803462982178 5.29152774810791
v -0.3691777288913727 -2.8041832447052 5.29152774810791
v -0.7320387363433838 -2.7320055961608887 5.29152774810791
v -1.0823743343353271 -2.6130828857421875 5.29152774810791
v -1.4141901731491089 -2.449449300765991 5.29152774810791
v -1.721808910369873 -2.2439050674438477 5.29152774810791
v -1.9999669790267944 -1.9999669790267944 5.29152774810791
v -2.2439050674438477 -1.721808910369873 5.29152774810791
v -2.449449300765991 -1.4141901731491089 5.29152774810791
v -2.6130828857421875 -1.0823743343353271 5.29152774810791
v -2.7320055961608887 -0.7320387363433838 5.29152774810791
v -2.8041832447052 -0.3691777288913727 5.29152774810791
v -2.8283803462982178 -1.016766067906327e-15 5.29152774810791
v -2.296100616455078 -3.3942783365385114e-16 5.543277263641357
v -2.2764570713043213 0.2997012734413147 5.543277263641357
v -2.217862844467163 0.5942745804786682 5.543277263641357
v -2.1213202476501465 0.878679633140564 5.543277263641357
v -1.9884814023971558 1.148050308227539 5.543277263641357
v -1.8216190338134766 1.3977774381637573 5.543277263641357
v -1.6235883235931396 1.6235883235931396 5.543277263641357
v -1.3977774381637573 1.8216190338134766 5.543277263641357
v -1.148050308227539 1.9884814023971558 5.543277263641357
v -0.878679633140564 2.1213202476501465 5.543277263641357
v -0.5942745804786682 2.217862844467163 5.543277263641357
v -0.2997012734413147 2.2764570713043213 5.543277263641357
v -1.405956107829523e-16 2.296100616455078 5.543277263641357
v 0.2997012734413147 2.2764570713043213 5.543277263641357
v 0.5942745804786682 2.217862844467163 5.543277263641357
v 0.878679633140564 2.1213202476501465 5.543277263641357
v 1.148050308227539 1.9884814023971558 5.543277263641357
v 1.3977774381637573 1.8216190338134766 5.543277263641357
v 1.6235883235931396 1.6235883235931396 5.543277263641357
v 1.8216190338134766 1.3977774381637573 5.543277263641357
v 1.9884814023971558 1.148050308227539 5.543277263641357
v 2.1213202476501465 0.878679633140564 5.543277263641357
v 2.217862844467163 0.5942745804786682 5.543277263641357
v 2.2764570713043213 0.2997012734413147 5.543277263641357
v 2.296100616455078 -5.823661870539145e-17 5.543277263641357
v 2.2764570713043213 -0.2997012734413147 5.543277263641357
v 2.217862844467163 -0.5942745804786682 5.543277263641357
v 2.1213202476501465 -0.878679633140564 5.543277263641357
v 1.9884814023971558 -1.148050308227539 5.543277263641357
v 1.8216190338134766 -1.3977774381637573 5.543277263641357
v 1.6235883235931396 -1.6235883235931396 5.543277263641357
v 1.3977774381637573 -1.8216190338134766 5.543277263641357
v 1.148050308227539 -1.9884814023971558 5.543277263641357
v 0.878679633140564 -2.1213202476501465 5.543277263641357
v 0.5942745804786682 -2.217862844467163 5.543277263641357
v 0.2997012734413147 -2.2764570713043213 5.543277263641357
v 4.217868323488569e-16 -2.296100616455078 5.543277263641357
v -0.2997012734413147 -2.2764570713043213 5.543277263641357
v -0.5942745804786682 -2.217862844467163 5.543277263641357
v -0.878679633140564 -2.1213202476501465 5.543277263641357
v -1.148050308227539 -1.9884814023971558 5.543277263641357
v -1.3977774381637573 -1.8216190338134766 5.543277263641357
v -1.6235883235931396 -1.6235883235931396 5.543277263641357
v -1.8216190338134766 -1.3977774381637573 5.543277263641357
v -1.9884814023971558 -1.148050308227539 5.543277263641357
v -2.1213202476501465 -0.878679633140564 5.543277263641357
v -2.217862844467163 -0.5942745804786682 5.543277263641357
v -2.2764570713043213 -0.2997012734413147 5.543277263641357
v -2.296100616455078 -9.018102503158807e-16 5.543277263641357
v -1.7417080402374268 -3.515741802383594e-16 5.741641998291016
v -1.7268074750900269 0.2273385226726532 5.741641998291016
v -1.6823607683181763 0.450787216424942 5.741641998291016
v -1.609128475189209 0.6665228009223938 5.741641998291016
v -1.5083634853363037 0.8708540201187134 5.741641998291016
v -1.3817899227142334 1.0602847337722778 5.741641998291016
v -1.2315735816955566 1.2315735816955566 5.741641998291016
v -1.0602847337722778 1.3817899227142334 5.741641998291016
v -0.8708540201187134 1.5083634853363037 5.741641998291016
v -0.6665228009223938 1.609128475189209 5.741641998291016
v -0.450787216424942 1.6823607683181763 5.741641998291016
v -0.2273385226726532 1.7268074750900269 5.741641998291016
v -1.0664885959760489e-16 1.7417080402374268 5.741641998291016
v 0.2273385226726532 1.7268074750900269 5.741641998291016
v 0.450787216424942 1.6823607683181763 5.741641998291016
v 0.6665228009223938 1.609128475189209 5.741641998291016
v 0.8708540201187134 1.5083634853363037 5.741641998291016
v 1.0602847337722778 1.3817899227142334 5.741641998291016
v 1.2315735816955566 1.2315735816955566 5.741641998291016
v 1.3817899227142334 1.0602847337722778 5.741641998291016
v 1.5083634853363037 0.8708540201187134 5.741641998291016
v 1.609128475189209 0.6665228009223938 5.741641998291016
v 1.6823607683181763 0.450787216424942 5.741641998291016
v 1.7268074750900269 0.2273385226726532 5.741641998291016
v 1.7417080402374268 -1.3827646104314962e-16 5.741641998291016
v 1.7268074750900269 -0.2273385226726532 5.741641998291016
v 1.6823607683181763 -0.450787216424942 5.741641998291016
v 1.609128475189209 -0.6665228009223938 5.741641998291016
v 1.5083634853363037 -0.8708540201187134 5.741641998291016
v 1.3817899227142334 -1.0602847337722778 5.741641998291016
v 1.2315735816955566 -1.2315735816955566 5.741641998291016
v 1.0602847337722778 -1.3817899227142334 5.741641998291016
v 0.8708540201187134 -1.5083634853363037 5.741641998291016
v 0.6665228009223938 -1.609128475189209 5.741641998291016
v 0.450787216424942 -1.6823607683181763 5.741641998291016
v 0.2273385226726532 -1.7268074750900269 5.741641998291016
v 3.1994657879281466e-16 -1.7417080402374268 5.741641998291016
v -0.2273385226726532 -1.7268074750900269 5.741641998291016
v -0.450787216424942 -1.6823607683181763 5.741641998291016
v -0.6665228009223938 -1.609128475189209 5.741641998291016
v -0.8708540201187134 -1.5083634853363037 5.741641998291016
v -1.0602847337722778 -1.3817899227142334 5.741641998291016
v -1.2315735816955566 -1.2315735816955566 5.741641998291016
v -1.3817899227142334 -1.0602847337722778 5.741641998291016
v -1.5083634853363037 -0.8708540201187134 5.741641998291016
v -1.609128475189209 -0.6665228009223938 5.741641998291016
v -1.6823607683181763 -0.450787216424942 5.741641998291016
v -1.7268074750900269 -0.2273385226726532 5.741641998291016
v -1.7417080402374268 -7.781695921589993e-16 5.741641998291016
v -1.1705418825149536 -3.603346714348962e-16 5.884711742401123
v -1.1605278253555298 0.15278637409210205 5.884711742401123
v -1.1306567192077637 0.30295854806900024 5.884711742401123
v -1.081439733505249 0.4479469954967499 5.884711742401123
v -1.013719081878662 0.5852709412574768 5.884711742401123
v -0.928653359413147 0.7125808000564575 5.884711742401123
v -0.8276981115341187 0.8276981115341187 5.884711742401123
v -0.7125808000564575 0.928653359413147 5.884711742401123
v -0.5852709412574768 1.013719081878662 5.884711742401123
v -0.4479469954967499 1.081439733505249 5.884711742401123
v -0.30295854806900024 1.1306567192077637 5.884711742401123
v -0.15278637409210205 1.1605278253555298 5.884711742401123
v -7.167502140670754e-17 1.1705418825149536 5.884711742401123
v 0.15278637409210205 1.1605278253555298 5.884711742401123
v 0.30295854806900024 1.1306567192077637 5.884711742401123
v 0.4479469954967499 1.081439733505249 5.884711742401123
v 0.5852709412574768 1.013719081878662 5.884711742401123
v 0.7125808000564575 0.928653359413147 5.884711742401123
v 0.8276981115341187 0.8276981115341187 5.884711742401123
v 0.928653359413147 0.7125808000564575 5.884711742401123
v 1.013719081878662 0.5852709412574768 5.884711742401123
v 1.081439733505249 0.4479469954967499 5.884711742401123
v 1.1306567192077637 0.30295854806900024 5.884711742401123
v 1.1605278253555298 0.15278637409210205 5.884711742401123
v 1.1705418825149536 -2.1698462862148113e-16 5.884711742401123
v 1.1605278253555298 -0.15278637409210205 5.884711742401123
v 1.1306567192077637 -0.30295854806900024 5.884711742401123
v 1.081439733505249 -0.4479469954967499 5.884711742401123
v 1.013719081878662 -0.5852709412574768 5.884711742401123
v 0.928653359413147 -0.7125808000564575 5.884711742401123
v 0.8276981115341187 -0.8276981115341187 5.884711742401123
v 0.7125808000564575 -0.928653359413147 5.884711742401123
v 0.5852709412574768 -1.013719081878662 5.884711742401123
v 0.4479469954967499 -1.081439733505249 5.884711742401123
v 0.30295854806900024 -1.1306567192077637 5.884711742401123
v 0.15278637409210205 -1.1605278253555298 5.884711742401123
v 2.150250708375675e-16 -1.1705418825149536 5.884711742401123
v -0.15278637409210205 -1.1605278253555298 5.884711742401123
v -0.30295854806900024 -1.1306567192077637 5.884711742401123
v -0.4479469954967499 -1.081439733505249 5.884711742401123
v -0.5852709412574768 -1.013719081878662 5.884711742401123
v -0.7125808000564575 -0.928653359413147 5.884711742401123
v -0.8276981115341187 -0.8276981115341187 5.884711742401123
v -0.928653359413147 -0.7125808000564575 5.884711742401123
v -1.013719081878662 -0.5852709412574768 5.884711742401123
v -1.081439733505249 -0.4479469954967499 5.884711742401123
v -1.1306567192077637 -0.30295854806900024 5.884711742401123
v -1.1605278253555298 -0.15278637409210205 5.884711742401123
v -1.1705418825149536 -6.4703475706172635e-16 5.884711742401123
v -0.5881028175354004 -3.6562494805587094e-16 5.971108436584473
v -0.5830715298652649 0.07676282525062561 5.971108436584473
v -0.5680637359619141 0.1522122174501419 5.971108436584473
v -0.5433361530303955 0.2250572144985199 5.971108436584473
v -0.5093119740486145 0.2940514087677002 5.971108436584473
v -0.4665733575820923 0.358014315366745 5.971108436584473
v -0.41585150361061096 0.41585150361061096 5.971108436584473
v -0.358014315366745 0.4665733575820923 5.971108436584473
v -0.2940514087677002 0.5093119740486145 5.971108436584473
v -0.2250572144985199 0.5433361530303955 5.971108436584473
v -0.1522122174501419 0.5680637359619141 5.971108436584473
v -0.07676282525062561 0.5830715298652649 5.971108436584473
v -3.6010914229524485e-17 0.5881028175354004 5.971108436584473
v 0.07676282525062561 0.5830715298652649 5.971108436584473
v 0.1522122174501419 0.5680637359619141 5.971108436584473
v 0.2250572144985199 0.5433361530303955 5.971108436584473
v 0.2940514087677002 0.5093119740486145 5.971108436584473
v 0.358014315366745 0.4665733575820923 5.971108436584473
v 0.41585150361061096 0.41585150361061096 5.971108436584473
v 0.4665733575820923 0.358014315366745 5.971108436584473
v 0.5093119740486145 0.2940514087677002 5.971108436584473
v 0.5433361530303955 0.2250572144985199 5.971108436584473
v 0.5680637359619141 0.1522122174501419 5.971108436584473
v 0.5830715298652649 0.07676282525062561 5.971108436584473
v 0.5881028175354004 -2.936031129793771e-16 5.971108436584473
v 0.5830715298652649 -0.07676282525062561 5.971108436584473
v 0.5680637359619141 -0.1522122174501419 5.971108436584473
v 0.5433361530303955 -0.2250572144985199 5.971108436584473
v 0.5093119740486145 -0.2940514087677002 5.971108436584473
v 0.4665733575820923 -0.358014315366745 5.971108436584473
v 0.41585150361061096 -0.41585150361061096 5.971108436584473
v 0.358014315366745 -0.4665733575820923 5.971108436584473
v 0.2940514087677002 -0.5093119740486145 5.971108436584473
v 0.2250572144985199 -0.5433361530303955 5.971108436584473
v 0.1522122174501419 -0.5680637359619141 5.971108436584473
v 0.07676282525062561 -0.5830715298652649 5.971108436584473
v 1.08032739379851e-16 -0.5881028175354004 5.971108436584473
v -0.07676282525062561 -0.5830715298652649 5.971108436584473
v -0.1522122174501419 -0.5680637359619141 5.971108436584473
v -0.2250572144985199 -0.5433361530303955 5.971108436584473
v -0.2940514087677002 -0.5093119740486145 5.971108436584473
v -0.358014315366745 -0.4665733575820923 5.971108436584473
v -0.41585150361061096 -0.41585150361061096 5.971108436584473
v -0.4665733575820923 -0.358014315366745 5.971108436584473
v -0.5093119740486145 -0.2940514087677002 5.971108436584473
v -0.5433361530303955 -0.2250572144985199 5.971108436584473
v -0.5680637359619141 -0.1522122174501419 5.971108436584473
v -0.5830715298652649 -0.07676282525062561 5.971108436584473
v -0.5881028175354004 -5.096686182088587e-16 5.971108436584473
v -7.347880586115415e-16 -3.6739402930577075e-16 6
v -7.285018565330529e-16 -2.7148493867441956e-16 6
v -7.097507705423293e-16 -1.7721689496903476e-16 6
v -6.788556673077023e-16 -8.620282097475596e-17 6
v -6.363451483278179e-16 -1.0438435478686037e-23 6
v -5.829466031461307e-16 7.991659242648778e-17 6
v -5.195736097358137e-16 1.521795671951531e-16 6
v -4.473106349671483e-16 2.1555256060547013e-16 6
v -3.6739402930577075e-16 2.689511190220471e-16 6
v -2.811912215659046e-16 3.114616380019315e-16 6
v -1.901771475716258e-16 3.423567412365585e-16 6
v -9.59090906313512e-17 3.6110782722728217e-16 6
v -4.4992792716635827e-32 3.6739402930577075e-16 6
v 9.59090906313512e-17 3.6110782722728217e-16 6
v 1.901771475716258e-16 3.423567412365585e-16 6
v 2.811912215659046e-16 3.114616380019315e-16 6
v 3.6739402930577075e-16 2.689511190220471e-16 6
v 4.473106349671483e-16 2.1555256060547013e-16 6
v 5.195736097358137e-16 1.521795671951531e-16 6
v 5.829466031461307e-16 7.991659242648778e-17 6
v 6.363451483278179e-16 -1.0438435478686037e-23 6
v 6.788556673077023e-16 -8.620282097475596e-17 6
v 7.097507705423293e-16 -1.7721689496903476e-16 6
v 7.285018565330529e-16 -2.7148493867441956e-16 6
v 7.347880586115415e-16 -3.6739402930577075e-16 6
v 7.285018565330529e-16 -4.633031464069016e-16 6
v 7.097507705423293e-16 -5.575711901122864e-16 6
v 6.788556673077023e-16 -6.485852508716753e-16 6
v 6.363451483278179e-16 -7.347880586115415e-16 6
v 5.829466031461307e-16 -8.147046642729191e-16 6
v 5.195736097358137e-16 -8.869676390415844e-16 6
v 4.473106349671483e-16 -9.503406853914606e-16 6
v 3.6739402930577075e-16 -1.0037392305731478e-15 6
v 2.811912215659046e-16 -1.046249696613473e-15 6
v 1.901771475716258e-16 -1.0771447998481e-15 6
v 9.59090906313512e-17 -1.0958958858388237e-15 6
v 1.3497838402737923e-31 -1.1021821408568715e-15 6
v -9.59090906313512e-17 -1.0958958858388237e-15 6
v -1.901771475716258e-16 -1.0771447998481e-15 6
v -2.811912215659046e-16 -1.046249696613473e-15 6
v -3.6739402930577075e-16 -1.0037392305731478e-15 6
v -4.473106349671483e-16 -9.503406853914606e-16 6
v -5.195736097358137e-16 -8.869676390415844e-16 6
v -5.829466031461307e-16 -8.147046642729191e-16 6
v -6.363451483278179e-16 -7.347880586115415e-16 6
v -6.788556673077023e-16 -6.485852508716753e-16 6
v -7.097507705423293e-16 -5.575711901122864e-16 6
v -7.285018565330529e-16 -4.633031464069016e-16 6
v -7.347880586115415e-16 -3.6739402930577075e-16 6

f 1 50 2
f 50 51 2
f 2 51 3
f 51 52 3
f 3 52 4
f 52 53 4
f 4 53 5
f 53 54 5
f 5 54 6
f 54 55 6
f 6 55 7
f 55 56 7
f 7 56 8
f 56 57 8
f 8 57 9
f 57 58 9
f 9 58 10
f 58 59 10
f 10 59 11
f 59 60 11
f 11 60 12
f 60 61 12
f 12 61 13
f 61 62 13
f 13 62 14
f 62 63 14
f 14 63 15
f 63 64 15
f 15 64 16
f 64 65 16
f 16 65 17
f 65 66 17
f 17 66 18
f 66 67 18
f 18 67 19
f 67 68 19
f 19 68 20
f 68 69 20
f 20 69 21
f 69 70 21
f 21 70 22
f 70 71 22
f 22 71 23
f 71 72 23
f 23 72 24
f 72 73 24
f 24 73 25
f 73 74 25
f 25 74 26
f 74 75 26
f 26 75 27
f 75 76 27
f 27 76 28
f 76 77 28
f 28 77 29
f 77 78 29
f 29 78 30
f 78 79 30
f 30 79 31
f 79 80 31
f 31 80 32
f 80 81 32
f 32 81 33
f 81 82 33
f 33 82 34
f 82 83 34
f 34 83 35
f 83 84 35
f 35 84 36
f 84 85 36
f 36 85 37
f 85 86 37
f 37 86 38
f 86 87 38
f 38 87 39
f 87 88 39
f 39 88 40
f 88 89 40
f 40 89 41
f 89 90 41
f 41 90 42
f 90 91 42
f 42 91 43
f 91 92 43
f 43 92 44
f 92 93 44
f 44 93 45
f 93 94 45
f 45 94 46
f 94 95 46
f 46 95 47
f 95 96 47
f 47 96 48
f 96 97 48
f 48 97 49
f 97 98 49
f 147 148 99
f 148 149 100
f 149 150 101
f 150 151 102
f 151 152 103
f 152 153 104
f 153 154 105
f 154 155 106
f 155 156 107
f 156 157 108
f 157 158 109
f 158 159 110
f 159 160 111
f 160 161 112
f 161 162 113
f 162 163 114
f 163 164 115
f 164 165 116
f 165 166 117
f 166 167 118
f 167 168 119
f 168 169 120
f 169 170 121
f 170 171 122
f 171 172 123
f 172 173 124
f 173 174 125
f 174 175 126
f 175 176 127
f 176 177 128
f 177 178 129
f 178 179 130
f 179 180 131
f 180 181 132
f 181 182 133
f 182 183 134
f 183 184 135
f 184 185 136
f 185 186 137
f 186 187 138
f 187 188 139
f 188 189 140
f 189 190 141
f 190 191 142
f 191 192 143
f 192 193 144
f 193 194 145
f 194 195 146
f 245 244 196
f 246 245 197
f 247 246 198
f 248 247 199
f 249 248 200
f 250 249 201
f 251 250 202
f 252 251 203
f 253 252 204
f 254 253 205
f 255 254 206
f 256 255 207
f 257 256 208
f 258 257 209
f 259 258 210
f 260 259 211
f 261 260 212
f 262 261 213
f 263 262 214
f 264 263 215
f 265 264 216
f 266 265 217
f 267 266 218
f 268 267 219
f 269 268 220
f 270 269 221
f 271 270 222
f 272 271 223
f 273 272 224
f 274 273 225
f 275 274 226
f 276 275 227
f 277 276 228
f 278 277 229
f 279 278 230
f 280 279 231
f 281 280 232
f 282 281 233
f 283 282 234
f 284 283 235
f 285 284 236
f 286 285 237
f 287 286 238
f 288 287 239
f 289 288 240
f 290 289 241
f 291 290 242
f 292 291 243
f 293 326 294
f 326 327 294
f 294 327 295
f 327 328 295
f 295 328 296
f 328 329 296
f 296 329 297
f 329 330 297
f 297 330 298
f 330 331 298
f 298 331 299
f 331 332 299
f 299 332 300
f 332 333 300
f 300 333 301
f 333 334 301
f 301 334 302
f 334 335 302
f 302 335 303
f 335 336 303
f 303 336 304
f 336 337 304
f 304 337 305
f 337 338 305
f 305 338 306
f 338 339 306
f 306 339 307
f 339 340 307
f 307 340 308
f 340 341 308
f 308 341 309
f 341 342 309
f 309 342 310
f 342 343 310
f 310 343 311
f 343 344 311
f 311 344 312
f 344 345 312
f 312 345 313
f 345 346 313
f 313 346 314
f 346 347 314
f 314 347 315
f 347 348 315
f 315 348 316
f 348 349 316
f 316 349 317
f 349 350 317
f 317 350 318
f 350 351 318
f 318 351 319
f 351 352 319
f 319 352 320
f 352 353 320
f 320 353 321
f 353 354 321
f 321 354 322
f 354 355 322
f 322 355 323
f 355 356 323
f 323 356 324
f 356 357 324
f 324 357 325
f 357 358 325
f 391 392 359
f 392 393 360
f 393 394 361
f 394 395 362
f 395 396 363
f 396 397 364
f 397 398 365
f 398 399 366
f 399 400 367
f 400 401 368
f 401 402 369
f 402 403 370
f 403 404 371
f 404 405 372
f 405 406 373
f 406 407 374
f 407 408 375
f 408 409 376
f 409 410 377
f 410 411 378
f 411 412 379
f 412 413 380
f 413 414 381
f 414 415 382
f 415 416 383
f 416 417 384
f 417 418 385
f 418 419 386
f 419 420 387
f 420 421 388
f 421 422 389
f 422 423 390
f 457 456 424
f 458 457 425
f 459 458 426
f 460 459 427
f 461 460 428
f 462 461 429
f 463 462 430
f 464 463 431
f 465 464 432
f 466 465 433
f 467 466 434
f 468 467 435
f 469 468 436
f 470 469 437
f 471 470 438
f 472 471 439
f 473 472 440
f 474 473 441
f 475 474 442
f 476 475 443
f 477 476 444
f 478 477 445
f 479 478 446
f 480 479 447
f 481 480 448
f 482 481 449
f 483 482 450
f 484 483 451
f 485 484 452
f 486 485 453
f 487 486 454
f 488 487 455
f 489 491 490
f 491 492 490
f 493 495 494
f 495 496 494
f 497 499 498
f 499 500 498
f 501 503 502
f 503 504 502
f 505 507 506
f 507 508 506
f 509 511 510
f 511 512 510
f 610 513 611
f 513 514 611
f 611 514 612
f 514 515 612
f 612 515 613
f 515 516 613
f 613 516 614
f 516 517 614
f 614 517 615
f 517 518 615
f 615 518 616
f 518 519 616
f 616 519 617
f 519 520 617
f 617 520 618
f 520 521 618
f 618 521 619
f 521 522 619
f 619 522 620
f 522 523 620
f 620 523 621
f 523 524 621
f 621 524 622
f 524 525 622
f 622 525 623
f 525 526 623
f 623 526 624
f 526 527 624
f 624 527 625
f 527 528 625
f 625 528 626
f 528 529 626
f 626 529 627
f 529 530 627
f 627 530 628
f 530 531 628
f 628 531 629
f 531 532 629
f 629 532 630
f 532 533 630
f 630 533 631
f 533 534 631
f 631 534 632
f 534 535 632
f 632 535 633
f 535 536 633
f 633 536 634
f 536 537 634
f 634 537 635
f 537 538 635
f 635 538 636
f 538 539 636
f 636 539 637
f 539 540 637
f 637 540 638
f 540 541 638
f 638 541 639
f 541 542 639
f 639 542 640
f 542 543 640
f 640 543 641
f 543 544 641
f 641 544 642
f 544 545 642
f 642 545 643
f 545 546 643
f 643 546 644
f 546 547 644
f 644 547 645
f 547 548 645
f 645 548 646
f 548 549 646
f 646 549 647
f 549 550 647
f 647 550 648
f 550 551 648
f 648 551 649
f 551 552 649
f 649 552 650
f 552 553 650
f 650 553 651
f 553 554 651
f 651 554 652
f 554 555 652
f 652 555 653
f 555 556 653
f 653 556 654
f 556 557 654
f 654 557 655
f 557 558 655
f 655 558 656
f 558 559 656
f 656 559 657
f 559 560 657
f 657 560 658
f 560 561 658
f 658 561 659
f 561 562 659
f 659 562 660
f 562 563 660
f 660 563 661
f 563 564 661
f 661 564 662
f 564 565 662
f 662 565 663
f 565 566 663
f 663 566 664
f 566 567 664
f 664 567 665
f 567 568 665
f 665 568 666
f 568 569 666
f 666 569 667
f 569 570 667
f 667 570 668
f 570 571 668
f 668 571 669
f 571 572 669
f 669 572 670
f 572 573 670
f 670 573 671
f 573 574 671
f 671 574 672
f 574 575 672
f 672 575 673
f 575 576 673
f 673 576 674
f 576 577 674
f 674 577 675
f 577 578 675
f 675 578 676
f 578 579 676
f 676 579 677
f 579 580 677
f 677 580 678
f 580 581 678
f 678 581 679
f 581 582 679
f 679 582 680
f 582 583 680
f 680 583 681
f 583 584 681
f 681 584 682
f 584 585 682
f 682 585 683
f 585 586 683
f 683 586 684
f 586 587 684
f 684 587 685
f 587 588 685
f 685 588 686
f 588 589 686
f 686 589 687
f 589 590 687
f 687 590 688
f 590 591 688
f 688 591 689
f 591 592 689
f 689 592 690
f 592 593 690
f 690 593 691
f 593 594 691
f 691 594 692
f 594 595 692
f 692 595 693
f 595 596 693
f 693 596 694
f 596 597 694
f 694 597 695
f 597 598 695
f 695 598 696
f 598 599 696
f 696 599 697
f 599 600 697
f 697 600 698
f 600 601 698
f 698 601 699
f 601 602 699
f 699 602 700
f 602 603 700
f 700 603 701
f 603 604 701
f 701 604 702
f 604 605 702
f 702 605 703
f 605 606 703
f 703 606 704
f 606 607 704
f 704 607 705
f 607 608 705
f 705 608 706
f 608 609 706
f 707 610 708
f 610 611 708
f 708 611 709
f 611 612 709
f 709 612 710
f 612 613 710
f 710 613 711
f 613 614 711
f 711 614 712
f 614 615 712
f 712 615 713
f 615 616 713
f 713 616 714
f 616 617 714
f 714 617 715
f 617 618 715
f 715 618 716
f 618 619 716
f 716 619 717
f 619 620 717
f 717 620 718
f 620 621 718
f 718 621 719
f 621 622 719
f 719 622 720
f 622 623 720
f 720 623 721
f 623 624 721
f 721 624 722
f 624 625 722
f 722 625 723
f 625 626 723
f 723 626 724
f 626 627 724
f 724 627 725
f 627 628 725
f 725 628 726
f 628 629 726
f 726 629 727
f 629 630 727
f 727 630 728
f 630 631 728
f 728 631 729
f 631 632 729
f 729 632 730
f 632 633 730
f 730 633 731
f 633 634 731
f 731 634 732
f 634 635 732
f 732 635 733
f 635 636 733
f 733 636 734
f 636 637 734
f 734 637 735
f 637 638 735
f 735 638 736
f 638 639 736
f 736 639 737
f 639 640 737
f 737 640 738
f 640 641 738
f 738 641 739
f 641 642 739
f 739 642 740
f 642 643 740
f 740 643 741
f 643 644 741
f 741 644 742
f 644 645 742
f 742 645 743
f 645 646 743
f 743 646 744
f 646 647 744
f 744 647 745
f 647 648 745
f 745 648 746
f 648 649 746
f 746 649 747
f 649 650 747
f 747 650 748
f 650 651 748
f 748 651 749
f 651 652 749
f 749 652 750
f 652 653 750
f 750 653 751
f 653 654 751
f 751 654 752
f 654 655 752
f 752 655 753
f 655 656 753
f 753 656 754
f 656 657 754
f 754 657 755
f 657 658 755
f 755 658 756
f 658 659 756
f 756 659 757
f 659 660 757
f 757 660 758
f 660 661 758
f 758 661 759
f 661 662 759
f 759 662 760
f 662 663 760
f 760 663 761
f 663 664 761
f 761 664 762
f 664 665 762
f 762 665 763
f 665 666 763
f 763 666 764
f 666 667 764
f 764 667 765
f 667 668 765
f 765 668 766
f 668 669 766
f 766 669 767
f 669 670 767
f 767 670 768
f 670 671 768
f 768 671 769
f 671 672 769
f 769 672 770
f 672 673 770
f 770 673 771
f 673 674 771
f 771 674 772
f 674 675 772
f 772 675 773
f 675 676 773
f 773 676 774
f 676 677 774
f 774 677 775
f 677 678 775
f 775 678 776
f 678 679 776
f 776 679 777
f 679 680 777
f 777 680 778
f 680 681 778
f 778 681 779
f 681 682 779
f 779 682 780
f 682 683 780
f 780 683 781
f 683 684 781
f 781 684 782
f 684 685 782
f 782 685 783
f 685 686 783
f 783 686 784
f 686 687 784
f 784 687 785
f 687 688 785
f 785 688 786
f 688 689 786
f 786 689 787
f 689 690 787
f 787 690 788
f 690 691 788
f 788 691 789
f 691 692 789
f 789 692 790
f 692 693 790
f 790 693 791
f 693 694 791
f 791 694 792
f 694 695 792
f 792 695 793
f 695 696 793
f 793 696 794
f 696 697 794
f 794 697 795
f 697 698 795
f 795 698 796
f 698 699 796
f 796 699 797
f 699 700 797
f 797 700 798
f 700 701 798
f 798 701 799
f 701 702 799
f 799 702 800
f 702 703 800
f 800 703 801
f 703 704 801
f 801 704 802
f 704 705 802
f 802 705 803
f 705 706 803
f 804 707 805
f 707 708 805
f 805 708 806
f 708 709 806
f 806 709 807
f 709 710 807
f 807 710 808
f 710 711 808
f 808 711 809
f 711 712 809
f 809 712 810
f 712 713 810
f 810 713 811
f 713 714 811
f 811 714 812
f 714 715 812
f 812 715 813
f 715 716 813
f 813 716 814
f 716 717 814
f 814 717 815
f 717 718 815
f 815 718 816
f 718 719 816
f 816 719 817
f 719 720 817
f 817 720 818
f 720 721 818
f 818 721 819
f 721 722 819
f 819 722 820
f 722 723 820
f 820 723 821
f 723 724 821
f 821 724 822
f 724 725 822
f 822 725 823
f 725 726 823
f 823 726 824
f 726 727 824
f 824 727 825
f 727 728 825
f 825 728 826
f 728 729 826
f 826 729 827
f 729 730 827
f 827 730 828
f 730 731 828
f 828 731 829
f 731 732 829
f 829 732 830
f 732 733 830
f 830 733 831
f 733 734 831
f 831 734 832
f 734 735 832
f 832 735 833
f 735 736 833
f 833 736 834
f 736 737 834
f 834 737 835
f 737 738 835
f 835 738 836
f 738 739 836
f 836 739 837
f 739 740 837
f 837 740 838
f 740 741 838
f 838 741 839
f 741 742 839
f 839 742 840
f 742 743 840
f 840 743 841
f 743 744 841
f 841 744 842
f 744 745 842
f 842 745 843
f 745 746 843
f 843 746 844
f 746 747 844
f 844 747 845
f 747 748 845
f 845 748 846
f 748 749 846
f 846 749 847
f 749 750 847
f 847 750 848
f 750 751 848
f 848 751 849
f 751 752 849
f 849 752 850
f 752 753 850
f 850 753 851
f 753 754 851
f 851 754 852
f 754 755 852
f 852 755 853
f 755 756 853
f 853 756 854
f 756 757 854
f 854 757 855
f 757 758 855
f 855 758 856
f 758 759 856
f 856 759 857
f 759 760 857
f 857 760 858
f 760 761 858
f 858 761 859
f 761 762 859
f 859 762 860
f 762 763 860
f 860 763 861
f 763 764 861
f 861 764 862
f 764 765 862
f 862 765 863
f 765 766 863
f 863 766 864
f 766 767 864
f 864 767 865
f 767 768 865
f 865 768 866
f 768 769 866
f 866 769 867
f 769 770 867
f 867 770 868
f 770 771 868
f 868 771 869
f 771 772 869
f 869 772 870
f 772 773 870
f 870 773 871
f 773 774 871
f 871 774 872
f 774 775 872
f 872 775 873
f 775 776 873
f 873 776 874
f 776 777 874
f 874 777 875
f 777 778 875
f 875 778 876
f 778 779 876
f 876 779 877
f 779 780 877
f 877 780 878
f 780 781 878
f 878 781 879
f 781 782 879
f 879 782 880
f 782 783 880
f 880 783 881
f 783 784 881
f 881 784 882
f 784 785 882
f 882 785 883
f 785 786 883
f 883 786 884
f 786 787 884
f 884 787 885
f 787 788 885
f 885 788 886
f 788 789 886
f 886 789 887
f 789 790 887
f 887 790 888
f 790 791 888
f 888 791 889
f 791 792 889
f 889 792 890
f 792 793 890
f 890 793 891
f 793 794 891
f 891 794 892
f 794 795 892
f 892 795 893
f 795 796 893
f 893 796 894
f 796 797 894
f 894 797 895
f 797 798 895
f 895 798 896
f 798 799 896
f 896 799 897
f 799 800 897
f 897 800 898
f 800 801 898
f 898 801 899
f 801 802 899
f 899 802 900
f 802 803 900
f 901 804 902
f 804 805 902
f 902 805 903
f 805 806 903
f 903 806 904
f 806 807 904
f 904 807 905
f 807 808 905
f 905 808 906
f 808 809 906
f 906 809 907
f 809 810 907
f 907 810 908
f 810 811 908
f 908 811 909
f 811 812 909
f 909 812 910
f 812 813 910
f 910 813 911
f 813 814 911
f 911 814 912
f 814 815 912
f 912 815 913
f 815 816 913
f 913 816 914
f 816 817 914
f 914 817 915
f 817 818 915
f 915 818 916
f 818 819 916
f 916 819 917
f 819 820 917
f 917 820 918
f 820 821 918
f 918 821 919
f 821 822 919
f 919 822 920
f 822 823 920
f 920 823 921
f 823 824 921
f 921 824 922
f 824 825 922
f 922 825 923
f 825 826 923
f 923 826 924
f 826 827 924
f 924 827 925
f 827 828 925
f 925 828 926
f 828 829 926
f 926 829 927
f 829 830 927
f 927 830 928
f 830 831 928
f 928 831 929
f 831 832 929
f 929 832 930
f 832 833 930
f 930 833 931
f 833 834 931
f 931 834 932
f 834 835 932
f 932 835 933
f 835 836 933
f 933 836 934
f 836 837 934
f 934 837 935
f 837 838 935
f 935 838 936
f 838 839 936
f 936 839 937
f 839 840 937
f 937 840 938
f 840 841 938
f 938 841 939
f 841 842 939
f 939 842 940
f 842 843 940
f 940 843 941
f 843 844 941
f 941 844 942
f 844 845 942
f 942 845 943
f 845 846 943
f 943 846 944
f 846 847 944
f 944 847 945
f 847 848 945
f 945 848 946
f 848 849 946
f 946 849 947
f 849 850 947
f 947 850 948
f 850 851 948
f 948 851 949
f 851 852 949
f 949 852 950
f 852 853 950
f 950 853 951
f 853 854 951
f 951 854 952
f 854 855 952
f 952 855 953
f 855 856 953
f 953 856 954
f 856 857 954
f 954 857 955
f 857 858 955
f 955 858 956
f 858 859 956
f 956 859 957
f 859 860 957
f 957 860 958
f 860 861 958
f 958 861 959
f 861 862 959
f 959 862 960
f 862 863 960
f 960 863 961
f 863 864 961
f 961 864 962
f 864 865 962
f 962 865 963
f 865 866 963
f 963 866 964
f 866 867 964
f 964 867 965
f 867 868 965
f 965 868 966
f 868 869 966
f 966 869 967
f 869 870 967
f 967 870 968
f 870 871 968
f 968 871 969
f 871 872 969
f 969 872 970
f 872 873 970
f 970 873 971
f 873 874 971
f 971 874 972
f 874 875 972
f 972 875 973
f 875 876 973
f 973 876 974
f 876 877 974
f 974 877 975
f 877 878 975
f 975 878 976
f 878 879 976
f 976 879 977
f 879 880 977
f 977 880 978
f 880 881 978
f 978 881 979
f 881 882 979
f 979 882 980
f 882 883 980
f 980 883 981
f 883 884 981
f 981 884 982
f 884 885 982
f 982 885 983
f 885 886 983
f 983 886 984
f 886 887 984
f 984 887 985
f 887 888 985
f 985 888 986
f 888 889 986
f 986 889 987
f 889 890 987
f 987 890 988
f 890 891 988
f 988 891 989
f 891 892 989
f 989 892 990
f 892 893 990
f 990 893 991
f 893 894 991
f 991 894 992
f 894 895 992
f 992 895 993
f 895 896 993
f 993 896 994
f 896 897 994
f 994 897 995
f 897 898 995
f 995 898 996
f 898 899 996
f 996 899 997
f 899 900 997
f 998 901 999
f 901 902 999
f 999 902 1000
f 902 903 1000
f 1000 903 1001
f 903 904 1001
f 1001 904 1002
f 904 905 1002
f 1002 905 1003
f 905 906 1003
f 1003 906 1004
f 906 907 1004
f 1004 907 1005
f 907 908 1005
f 1005 908 1006
f 908 909 1006
f 1006 909 1007
f 909 910 1007
f 1007 910 1008
f 910 911 1008
f 1008 911 1009
f 911 912 1009
f 1009 912 1010
f 912 913 1010
f 1010 913 1011
f 913 914 1011
f 1011 914 1012
f 914 915 1012
f 1012 915 1013
f 915 916 1013
f 1013 916 1014
f 916 917 1014
f 1014 917 1015
f 917 918 1015
f 1015 918 1016
f 918 919 1016
f 1016 919 1017
f 919 920 1017
f 1017 920 1018
f 920 921 1018
f 1018 921 1019
f 921 922 1019
f 1019 922 1020
f 922 923 1020
f 1020 923 1021
f 923 924 1021
f 1021 924 1022
f 924 925 1022
f 1022 925 1023
f 925 926 1023
f 1023 926 1024
f 926 927 1024
f 1024 927 1025
f 927 928 1025
f 1025 928 1026
f 928 929 1026
f 1026 929 1027
f 929 930 1027
f 1027 930 1028
f 930 931 1028
f 1028 931 1029
f 931 932 1029
f 1029 932 1030
f 932 933 1030
f 1030 933 1031
f 933 934 1031
f 1031 934 1032
f 934 935 1032
f 1032 935 1033
f 935 936 1033
f 1033 936 1034
f 936 937 1034
f 1034 937 1035
f 937 938 1035
f 1035 938 1036
f 938 939 1036
f 1036 939 1037
f 939 940 1037
f 1037 940 1038
f 940 941 1038
f 1038 941 1039
f 941 942 1039
f 1039 942 1040
f 942 943 1040
f 1040 943 1041
f 943 944 1041
f 1041 944 1042
f 944 945 1042
f 1042 945 1043
f 945 946 1043
f 1043 946 1044
f 946 947 1044
f 1044 947 1045
f 947 948 1045
f 1045 948 1046
f 948 949 1046
f 1046 949 1047
f 949 950 1047
f 1047 950 1048
f 950 951 1048
f 1048 951 1049
f 951 952 1049
f 1049 952 1050
f 952 953 1050
f 1050 953 1051
f 953 954 1051
f 1051 954 1052
f 954 955 1052
f 1052 955 1053
f 955 956 1053
f 1053 956 1054
f 956 957 1054
f 1054 957 1055
f 957 958 1055
f 1055 958 1056
f 958 959 1056
f 1056 959 1057
f 959 960 1057
f 1057 960 1058
f 960 961 1058
f 1058 961 1059
f 961 962 1059
f 1059 962 1060
f 962 963 1060
f 1060 963 1061
f 963 964 1061
f 1061 964 1062
f 964 965 1062
f 1062 965 1063
f 965 966 1063
f 1063 966 1064
f 966 967 1064
f 1064 967 1065
f 967 968 1065
f 1065 968 1066
f 968 969 1066
f 1066 969 1067
f 969 970 1067
f 1067 970 1068
f 970 971 1068
f 1068 971 1069
f 971 972 1069
f 1069 972 1070
f 972 973 1070
f 1070 973 1071
f 973 974 1071
f 1071 974 1072
f 974 975 1072
f 1072 975 1073
f 975 976 1073
f 1073 976 1074
f 976 977 1074
f 1074 977 1075
f 977 978 1075
f 1075 978 1076
f 978 979 1076
f 1076 979 1077
f 979 980 1077
f 1077 980 1078
f 980 981 1078
f 1078 981 1079
f 981 982 1079
f 1079 982 1080
f 982 983 1080
f 1080 983 1081
f 983 984 1081
f 1081 984 1082
f 984 985 1082
f 1082 985 1083
f 985 986 1083
f 1083 986 1084
f 986 987 1084
f 1084 987 1085
f 987 988 1085
f 1085 988 1086
f 988 989 1086
f 1086 989 1087
f 989 990 1087
f 1087 990 1088
f 990 991 1088
f 1088 991 1089
f 991 992 1089
f 1089 992 1090
f 992 993 1090
f 1090 993 1091
f 993 994 1091
f 1091 994 1092
f 994 995 1092
f 1092 995 1093
f 995 996 1093
f 1093 996 1094
f 996 997 1094
f 1095 998 1096
f 998 999 1096
f 1096 999 1097
f 999 1000 1097
f 1097 1000 1098
f 1000 1001 1098
f 1098 1001 1099
f 1001 1002 1099
f 1099 1002 1100
f 1002 1003 1100
f 1100 1003 1101
f 1003 1004 1101
f 1101 1004 1102
f 1004 1005 1102
f 1102 1005 1103
f 1005 1006 1103
f 1103 1006 1104
f 1006 1007 1104
f 1104 1007 1105
f 1007 1008 1105
f 1105 1008 1106
f 1008 1009 1106
f 1106 1009 1107
f 1009 1010 1107
f 1107 1010 1108
f 1010 1011 1108
f 1108 1011 1109
f 1011 1012 1109
f 1109 1012 1110
f 1012 1013 1110
f 1110 1013 1111
f 1013 1014 1111
f 1111 1014 1112
f 1014 1015 1112
f 1112 1015 1113
f 1015 1016 1113
f 1113 1016 1114
f 1016 1017 1114
f 1114 1017 1115
f 1017 1018 1115
f 1115 1018 1116
f 1018 1019 1116
f 1116 1019 1117
f 1019 1020 1117
f 1117 1020 1118
f 1020 1021 1118
f 1118 1021 1119
f 1021 1022 1119
f 1119 1022 1120
f 1022 1023 1120
f 1120 1023 1121
f 1023 1024 1121
f 1121 1024 1122
f 1024 1025 1122
f 1122 1025 1123
f 1025 1026 1123
f 1123 1026 1124
f 1026 1027 1124
f 1124 1027 1125
f 1027 1028 1125
f 1125 1028 1126
f 1028 1029 1126
f 1126 1029 1127
f 1029 1030 1127
f 1127 1030 1128
f 1030 1031 1128
f 1128 1031 1129
f 1031 1032 1129
f 1129 1032 1130
f 1032 1033 1130
f 1130 1033 1131
f 1033 1034 1131
f 1131 1034 1132
f 1034 1035 1132
f 1132 1035 1133
f 1035 1036 1133
f 1133 1036 1134
f 1036 1037 1134
f 1134 1037 1135
f 1037 1038 1135
f 1135 1038 1136
f 1038 1039 1136
f 1136 1039 1137
f 1039 1040 1137
f 1137 1040 1138
f 1040 1041 1138
f 1138 1041 1139
f 1041 1042 1139
f 1139 1042 1140
f 1042 1043 1140
f 1140 1043 1141
f 1043 1044 1141
f 1141 1044 1142
f 1044 1045 1142
f 1142 1045 1143
f 1045 1046 1143
f 1143 1046 1144
f 1046 1047 1144
f 1144 1047 1145
f 1047 1048 1145
f 1145 1048 1146
f 1048 1049 1146
f 1146 1049 1147
f 1049 1050 1147
f 1147 1050 1148
f 1050 1051 1148
f 1148 1051 1149
f 1051 1052 1149
f 1149 1052 1150
f 1052 1053 1150
f 1150 1053 1151
f 1053 1054 1151
f 1151 1054 1152
f 1054 1055 1152
f 1152 1055 1153
f 1055 1056 1153
f 1153 1056 1154
f 1056 1057 1154
f 1154 1057 1155
f 1057 1058 1155
f 1155 1058 1156
f 1058 1059 1156
f 1156 1059 1157
f 1059 1060 1157
f 1157 1060 1158
f 1060 1061 1158
f 1158 1061 1159
f 1061 1062 1159
f 1159 1062 1160
f 1062 1063 1160
f 1160 1063 1161
f 1063 1064 1161
f 1161 1064 1162
f 1064 1065 1162
f 1162 1065 1163
f 1065 1066 1163
f 1163 1066 1164
f 1066 1067 1164
f 1164 1067 1165
f 1067 1068 1165
f 1165 1068 1166
f 1068 1069 1166
f 1166 1069 1167
f 1069 1070 1167
f 1167 1070 1168
f 1070 1071 1168
f 1168 1071 1169
f 1071 1072 1169
f 1169 1072 1170
f 1072 1073 1170
f 1170 1073 1171
f 1073 1074 1171
f 1171 1074 1172
f 1074 1075 1172
f 1172 1075 1173
f 1075 1076 1173
f 1173 1076 1174
f 1076 1077 1174
f 1174 1077 1175
f 1077 1078 1175
f 1175 1078 1176
f 1078 1079 1176
f 1176 1079 1177
f 1079 1080 1177
f 1177 1080 1178
f 1080 1081 1178
f 1178 1081 1179
f 1081 1082 1179
f 1179 1082 1180
f 1082 1083 1180
f 1180 1083 1181
f 1083 1084 1181
f 1181 1084 1182
f 1084 1085 1182
f 1182 1085 1183
f 1085 1086 1183
f 1183 1086 1184
f 1086 1087 1184
f 1184 1087 1185
f 1087 1088 1185
f 1185 1088 1186
f 1088 1089 1186
f 1186 1089 1187
f 1089 1090 1187
f 1187 1090 1188
f 1090 1091 1188
f 1188 1091 1189
f 1091 1092 1189
f 1189 1092 1190
f 1092 1093 1190
f 1190 1093 1191
f 1093 1094 1191
f 1192 1095 1193
f 1095 1096 1193
f 1193 1096 1194
f 1096 1097 1194
f 1194 1097 1195
f 1097 1098 1195
f 1195 1098 1196
f 1098 1099 1196
f 1196 1099 1197
f 1099 1100 1197
f 1197 1100 1198
f 1100 1101 1198
f 1198 1101 1199
f 1101 1102 1199
f 1199 1102 1200
f 1102 1103 1200
f 1200 1103 1201
f 1103 1104 1201
f 1201 1104 1202
f 1104 1105 1202
f 1202 1105 1203
f 1105 1106 1203
f 1203 1106 1204
f 1106 1107 1204
f 1204 1107 1205
f 1107 1108 1205
f 1205 1108 1206
f 1108 1109 1206
f 1206 1109 1207
f 1109 1110 1207
f 1207 1110 1208
f 1110 1111 1208
f 1208 1111 1209
f 1111 1112 1209
f 1209 1112 1210
f 1112 1113 1210
f 1210 1113 1211
f 1113 1114 1211
f 1211 1114 1212
f 1114 1115 1212
f 1212 1115 1213
f 1115 1116 1213
f 1213 1116 1214
f 1116 1117 1214
f 1214 1117 1215
f 1117 1118 1215
f 1215 1118 1216
f 1118 1119 1216
f 1216 1119 1217
f 1119 1120 1217
f 1217 1120 1218
f 1120 1121 1218
f 1218 1121 1219
f 1121 1122 1219
f 1219 1122 1220
f 1122 1123 1220
f 1220 1123 1221
f 1123 1124 1221
f 1221 1124 1222
f 1124 1125 1222
f 1222 1125 1223
f 1125 1126 1223
f 1223 1126 1224
f 1126 1127 1224
f 1224 1127 1225
f 1127 1128 1225
f 1225 1128 1226
f 1128 1129 1226
f 1226 1129 1227
f 1129 1130 1227
f 1227 1130 1228
f 1130 1131 1228
f 1228 1131 1229
f 1131 1132 1229
f 1229 1132 1230
f 1132 1133 1230
f 1230 1133 1231
f 1133 1134 1231
f 1231 1134 1232
f 1134 1135 1232
f 1232 1135 1233
f 1135 1136 1233
f 1233 1136 1234
f 1136 1137 1234
f 1234 1137 1235
f 1137 1138 1235
f 1235 1138 1236
f 1138 1139 1236
f 1236 1139 1237
f 1139 1140 1237
f 1237 1140 1238
f 1140 1141 1238
f 1238 1141 1239
f 1141 1142 1239
f 1239 1142 1240
f 1142 1143 1240
f 1240 1143 1241
f 1143 1144 1241
f 1241 1144 1242
f 1144 1145 1242
f 1242 1145 1243
f 1145 1146 1243
f 1243 1146 1244
f 1146 1147 1244
f 1244 1147 1245
f 1147 1148 1245
f 1245 1148 1246
f 1148 1149 1246
f 1246 1149 1247
f 1149 1150 1247
f 1247 1150 1248
f 1150 1151 1248
f 1248 1151 1249
f 1151 1152 1249
f 1249 1152 1250
f 1152 1153 1250
f 1250 1153 1251
f 1153 1154 1251
f 1251 1154 1252
f 1154 1155 1252
f 1252 1155 1253
f 1155 1156 1253
f 1253 1156 1254
f 1156 1157 1254
f 1254 1157 1255
f 1157 1158 1255
f 1255 1158 1256
f 1158 1159 1256
f 1256 1159 1257
f 1159 1160 1257
f 1257 1160 1258
f 1160 1161 1258
f 1258 1161 1259
f 1161 1162 1259
f 1259 1162 1260
f 1162 1163 1260
f 1260 1163 1261
f 1163 1164 1261
f 1261 1164 1262
f 1164 1165 1262
f 1262 1165 1263
f 1165 1166 1263
f 1263 1166 1264
f 1166 1167 1264
f 1264 1167 1265
f 1167 1168 1265
f 1265 1168 1266
f 1168 1169 1266
f 1266 1169 1267
f 1169 1170 1267
f 1267 1170 1268
f 1170 1171 1268
f 1268 1171 1269
f 1171 1172 1269
f 1269 1172 1270
f 1172 1173 1270
f 1270 1173 1271
f 1173 1174 1271
f 1271 1174 1272
f 1174 1175 1272
f 1272 1175 1273
f 1175 1176 1273
f 1273 1176 1274
f 1176 1177 1274
f 1274 1177 1275
f 1177 1178 1275
f 1275 1178 1276
f 1178 1179 1276
f 1276 1179 1277
f 1179 1180 1277
f 1277 1180 1278
f 1180 1181 1278
f 1278 1181 1279
f 1181 1182 1279
f 1279 1182 1280
f 1182 1183 1280
f 1280 1183 1281
f 1183 1184 1281
f 1281 1184 1282
f 1184 1185 1282
f 1282 1185 1283
f 1185 1186 1283
f 1283 1186 1284
f 1186 1187 1284
f 1284 1187 1285
f 1187 1188 1285
f 1285 1188 1286
f 1188 1189 1286
f 1286 1189 1287
f 1189 1190 1287
f 1287 1190 1288
f 1190 1191 1288
f 1289 1192 1290
f 1192 1193 1290
f 1290 1193 1291
f 1193 1194 1291
f 1291 1194 1292
f 1194 1195 1292
f 1292 1195 1293
f 1195 1196 1293
f 1293 1196 1294
f 1196 1197 1294
f 1294 1197 1295
f 1197 1198 1295
f 1295 1198 1296
f 1198 1199 1296
f 1296 1199 1297
f 1199 1200 1297
f 1297 1200 1298
f 1200 1201 1298
f 1298 1201 1299
f 1201 1202 1299
f 1299 1202 1300
f 1202 1203 1300
f 1300 1203 1301
f 1203 1204 1301
f 1301 1204 1302
f 1204 1205 1302
f 1302 1205 1303
f 1205 1206 1303
f 1303 1206 1304
f 1206 1207 1304
f 1304 1207 1305
f 1207 1208 1305
f 1305 1208 1306
f 1208 1209 1306
f 1306 1209 1307
f 1209 1210 1307
f 1307 1210 1308
f 1210 1211 1308
f 1308 1211 1309
f 1211 1212 1309
f 1309 1212 1310
f 1212 1213 1310
f 1310 1213 1311
f 1213 1214 1311
f 1311 1214 1312
f 1214 1215 1312
f 1312 1215 1313
f 1215 1216 1313
f 1313 1216 1314
f 1216 1217 1314
f 1314 1217 1315
f 1217 1218 1315
f 1315 1218 1316
f 1218 1219 1316
f 1316 1219 1317
f 1219 1220 1317
f 1317 1220 1318
f 1220 1221 1318
f 1318 1221 1319
f 1221 1222 1319
f 1319 1222 1320
f 1222 1223 1320
f 1320 1223 1321
f 1223 1224 1321
f 1321 1224 1322
f 1224 1225 1322
f 1322 1225 1323
f 1225 1226 1323
f 1323 1226 1324
f 1226 1227 1324
f 1324 1227 1325
f 1227 1228 1325
f 1325 1228 1326
f 1228 1229 1326
f 1326 1229 1327
f 1229 1230 1327
f 1327 1230 1328
f 1230 1231 1328
f 1328 1231 1329
f 1231 1232 1329
f 1329 1232 1330
f 1232 1233 1330
f 1330 1233 1331
f 1233 1234 1331
f 1331 1234 1332
f 1234 1235 1332
f 1332 1235 1333
f 1235 1236 1333
f 1333 1236 1334
f 1236 1237 1334
f 1334 1237 1335
f 1237 1238 1335
f 1335 1238 1336
f 1238 1239 1336
f 1336 1239 1337
f 1239 1240 1337
f 1337 1240 1338
f 1240 1241 1338
f 1338 1241 1339
f 1241 1242 1339
f 1339 1242 1340
f 1242 1243 1340
f 1340 1243 1341
f 1243 1244 1341
f 1341 1244 1342
f 1244 1245 1342
f 1342 1245 1343
f 1245 1246 1343
f 1343 1246 1344
f 1246 1247 1344
f 1344 1247 1345
f 1247 1248 1345
f 1345 1248 1346
f 1248 1249 1346
f 1346 1249 1347
f 1249 1250 1347
f 1347 1250 1348
f 1250 1251 1348
f 1348 1251 1349
f 1251 1252 1349
f 1349 1252 1350
f 1252 1253 1350
f 1350 1253 1351
f 1253 1254 1351
f 1351 1254 1352
f 1254 1255 1352
f 1352 1255 1353
f 1255 1256 1353
f 1353 1256 1354
f 1256 1257 1354
f 1354 1257 1355
f 1257 1258 1355
f 1355 1258 1356
f 1258 1259 1356
f 1356 1259 1357
f 1259 1260 1357
f 1357 1260 1358
f 1260 1261 1358
f 1358 1261 1359
f 1261 1262 1359
f 1359 1262 1360
f 1262 1263 1360
f 1360 1263 1361
f 1263 1264 1361
f 1361 1264 1362
f 1264 1265 1362
f 1362 1265 1363
f 1265 1266 1363
f 1363 1266 1364
f 1266 1267 1364
f 1364 1267 1365
f 1267 1268 1365
f 1365 1268 1366
f 1268 1269 1366
f 1366 1269 1367
f 1269 1270 1367
f 1367 1270 1368
f 1270 1271 1368
f 1368 1271 1369
f 1271 1272 1369
f 1369 1272 1370
f 1272 1273 1370
f 1370 1273 1371
f 1273 1274 1371
f 1371 1274 1372
f 1274 1275 1372
f 1372 1275 1373
f 1275 1276 1373
f 1373 1276 1374
f 1276 1277 1374
f 1374 1277 1375
f 1277 1278 1375
f 1375 1278 1376
f 1278 1279 1376
f 1376 1279 1377
f 1279 1280 1377
f 1377 1280 1378
f 1280 1281 1378
f 1378 1281 1379
f 1281 1282 1379
f 1379 1282 1380
f 1282 1283 1380
f 1380 1283 1381
f 1283 1284 1381
f 1381 1284 1382
f 1284 1285 1382
f 1382 1285 1383
f 1285 1286 1383
f 1383 1286 1384
f 1286 1287 1384
f 1384 1287 1385
f 1287 1288 1385
f 1386 1289 1387
f 1289 1290 1387
f 1387 1290 1388
f 1290 1291 1388
f 1388 1291 1389
f 1291 1292 1389
f 1389 1292 1390
f 1292 1293 1390
f 1390 1293 1391
f 1293 1294 1391
f 1391 1294 1392
f 1294 1295 1392
f 1392 1295 1393
f 1295 1296 1393
f 1393 1296 1394
f 1296 1297 1394
f 1394 1297 1395
f 1297 1298 1395
f 1395 1298 1396
f 1298 1299 1396
f 1396 1299 1397
f 1299 1300 1397
f 1397 1300 1398
f 1300 1301 1398
f 1398 1301 1399
f 1301 1302 1399
f 1399 1302 1400
f 1302 1303 1400
f 1400 1303 1401
f 1303 1304 1401
f 1401 1304 1402
f 1304 1305 1402
f 1402 1305 1403
f 1305 1306 1403
f 1403 1306 1404
f 1306 1307 1404
f 1404 1307 1405
f 1307 1308 1405
f 1405 1308 1406
f 1308 1309 1406
f 1406 1309 1407
f 1309 1310 1407
f 1407 1310 1408
f 1310 1311 1408
f 1408 1311 1409
f 1311 1312 1409
f 1409 1312 1410
f 1312 1313 1410
f 1410 1313 1411
f 1313 1314 1411
f 1411 1314 1412
f 1314 1315 1412
f 1412 1315 1413
f 1315 1316 1413
f 1413 1316 1414
f 1316 1317 1414
f 1414 1317 1415
f 1317 1318 1415
f 1415 1318 1416
f 1318 1319 1416
f 1416 1319 1417
f 1319 1320 1417
f 1417 1320 1418
f 1320 1321 1418
f 1418 1321 1419
f 1321 1322 1419
f 1419 1322 1420
f 1322 1323 1420
f 1420 1323 1421
f 1323 1324 1421
f 1421 1324 1422
f 1324 1325 1422
f 1422 1325 1423
f 1325 1326 1423
f 1423 1326 1424
f 1326 1327 1424
f 1424 1327 1425
f 1327 1328 1425
f 1425 1328 1426
f 1328 1329 1426
f 1426 1329 1427
f 1329 1330 1427
f 1427 1330 1428
f 1330 1331 1428
f 1428 1331 1429
f 1331 1332 1429
f 1429 1332 1430
f 1332 1333 1430
f 1430 1333 1431
f 1333 1334 1431
f 1431 1334 1432
f 1334 1335 1432
f 1432 1335 1433
f 1335 1336 1433
f 1433 1336 1434
f 1336 1337 1434
f 1434 1337 1435
f 1337 1338 1435
f 1435 1338 1436
f 1338 1339 1436
f 1436 1339 1437
f 1339 1340 1437
f 1437 1340 1438
f 1340 1341 1438
f 1438 1341 1439
f 1341 1342 1439
f 1439 1342 1440
f 1342 1343 1440
f 1440 1343 1441
f 1343 1344 1441
f 1441 1344 1442
f 1344 1345 1442
f 1442 1345 1443
f 1345 1346 1443
f 1443 1346 1444
f 1346 1347 1444
f 1444 1347 1445
f 1347 1348 1445
f 1445 1348 1446
f 1348 1349 1446
f 1446 1349 1447
f 1349 1350 1447
f 1447 1350 1448
f 1350 1351 1448
f 1448 1351 1449
f 1351 1352 1449
f 1449 1352 1450
f 1352 1353 1450
f 1450 1353 1451
f 1353 1354 1451
f 1451 1354 1452
f 1354 1355 1452
f 1452 1355 1453
f 1355 1356 1453
f 1453 1356 1454
f 1356 1357 1454
f 1454 1357 1455
f 1357 1358 1455
f 1455 1358 1456
f 1358 1359 1456
f 1456 1359 1457
f 1359 1360 1457
f 1457 1360 1458
f 1360 1361 1458
f 1458 1361 1459
f 1361 1362 1459
f 1459 1362 1460
f 1362 1363 1460
f 1460 1363 1461
f 1363 1364 1461
f 1461 1364 1462
f 1364 1365 1462
f 1462 1365 1463
f 1365 1366 1463
f 1463 1366 1464
f 1366 1367 1464
f 1464 1367 1465
f 1367 1368 1465
f 1465 1368 1466
f 1368 1369 1466
f 1466 1369 1467
f 1369 1370 1467
f 1467 1370 1468
f 1370 1371 1468
f 1468 1371 1469
f 1371 1372 1469
f 1469 1372 1470
f 1372 1373 1470
f 1470 1373 1471
f 1373 1374 1471
f 1471 1374 1472
f 1374 1375 1472
f 1472 1375 1473
f 1375 1376 1473
f 1473 1376 1474
f 1376 1377 1474
f 1474 1377 1475
f 1377 1378 1475
f 1475 1378 1476
f 1378 1379 1476
f 1476 1379 1477
f 1379 1380 1477
f 1477 1380 1478
f 1380 1381 1478
f 1478 1381 1479
f 1381 1382 1479
f 1479 1382 1480
f 1382 1383 1480
f 1480 1383 1481
f 1383 1384 1481
f 1481 1384 1482
f 1384 1385 1482
f 1483 1386 1484
f 1386 1387 1484
f 1484 1387 1485
f 1387 1388 1485
f 1485 1388 1486
f 1388 1389 1486
f 1486 1389 1487
f 1389 1390 1487
f 1487 1390 1488
f 1390 1391 1488
f 1488 1391 1489
f 1391 1392 1489
f 1489 1392 1490
f 1392 1393 1490
f 1490 1393 1491
f 1393 1394 1491
f 1491 1394 1492
f 1394 1395 1492
f 1492 1395 1493
f 1395 1396 1493
f 1493 1396 1494
f 1396 1397 1494
f 1494 1397 1495
f 1397 1398 1495
f 1495 1398 1496
f 1398 1399 1496
f 1496 1399 1497
f 1399 1400 1497
f 1497 1400 1498
f 1400 1401 1498
f 1498 1401 1499
f 1401 1402 1499
f 1499 1402 1500
f 1402 1403 1500
f 1500 1403 1501
f 1403 1404 1501
f 1501 1404 1502
f 1404 1405 1502
f 1502 1405 1503
f 1405 1406 1503
f 1503 1406 1504
f 1406 1407 1504
f 1504 1407 1505
f 1407 1408 1505
f 1505 1408 1506
f 1408 1409 1506
f 1506 1409 1507
f 1409 1410 1507
f 1507 1410 1508
f 1410 1411 1508
f 1508 1411 1509
f 1411 1412 1509
f 1509 1412 1510
f 1412 1413 1510
f 1510 1413 1511
f 1413 1414 1511
f 1511 1414 1512
f 1414 1415 1512
f 1512 1415 1513
f 1415 1416 1513
f 1513 1416 1514
f 1416 1417 1514
f 1514 1417 1515
f 1417 1418 1515
f 1515 1418 1516
f 1418 1419 1516
f 1516 1419 1517
f 1419 1420 1517
f 1517 1420 1518
f 1420 1421 1518
f 1518 1421 1519
f 1421 1422 1519
f 1519 1422 1520
f 1422 1423 1520
f 1520 1423 1521
f 1423 1424 1521
f 1521 1424 1522
f 1424 1425 1522
f 1522 1425 1523
f 1425 1426 1523
f 1523 1426 1524
f 1426 1427 1524
f 1524 1427 1525
f 1427 1428 1525
f 1525 1428 1526
f 1428 1429 1526
f 1526 1429 1527
f 1429 1430 1527
f 1527 1430 1528
f 1430 1431 1528
f 1528 1431 1529
f 1431 1432 1529
f 1529 1432 1530
f 1432 1433 1530
f 1530 1433 1531
f 1433 1434 1531
f 1531 1434 1532
f 1434 1435 1532
f 1532 1435 1533
f 1435 1436 1533
f 1533 1436 1534
f 1436 1437 1534
f 1534 1437 1535
f 1437 1438 1535
f 1535 1438 1536
f 1438 1439 1536
f 1536 1439 1537
f 1439 1440 1537
f 1537 1440 1538
f 1440 1441 1538
f 1538 1441 1539
f 1441 1442 1539
f 1539 1442 1540
f 1442 1443 1540
f 1540 1443 1541
f 1443 1444 1541
f 1541 1444 1542
f 1444 1445 1542
f 1542 1445 1543
f 1445 1446 1543
f 1543 1446 1544
f 1446 1447 1544
f 1544 1447 1545
f 1447 1448 1545
f 1545 1448 1546
f 1448 1449 1546
f 1546 1449 1547
f 1449 1450 1547
f 1547 1450 1548
f 1450 1451 1548
f 1548 1451 1549
f 1451 1452 1549
f 1549 1452 1550
f 1452 1453 1550
f 1550 1453 1551
f 1453 1454 1551
f 1551 1454 1552
f 1454 1455 1552
f 1552 1455 1553
f 1455 1456 1553
f 1553 1456 1554
f 1456 1457 1554
f 1554 1457 1555
f 1457 1458 1555
f 1555 1458 1556
f 1458 1459 1556
f 1556 1459 1557
f 1459 1460 1557
f 1557 1460 1558
f 1460 1461 1558
f 1558 1461 1559
f 1461 1462 1559
f 1559 1462 1560
f 1462 1463 1560
f 1560 1463 1561
f 1463 1464 1561
f 1561 1464 1562
f 1464 1465 1562
f 1562 1465 1563
f 1465 1466 1563
f 1563 1466 1564
f 1466 1467 1564
f 1564 1467 1565
f 1467 1468 1565
f 1565 1468 1566
f 1468 1469 1566
f 1566 1469 1567
f 1469 1470 1567
f 1567 1470 1568
f 1470 1471 1568
f 1568 1471 1569
f 1471 1472 1569
f 1569 1472 1570
f 1472 1473 1570
f 1570 1473 1571
f 1473 1474 1571
f 1571 1474 1572
f 1474 1475 1572
f 1572 1475 1573
f 1475 1476 1573
f 1573 1476 1574
f 1476 1477 1574
f 1574 1477 1575
f 1477 1478 1575
f 1575 1478 1576
f 1478 1479 1576
f 1576 1479 1577
f 1479 1480 1577
f 1577 1480 1578
f 1480 1481 1578
f 1578 1481 1579
f 1481 1482 1579
f 1580 1483 1581
f 1483 1484 1581
f 1581 1484 1582
f 1484 1485 1582
f 1582 1485 1583
f 1485 1486 1583
f 1583 1486 1584
f 1486 1487 1584
f 1584 1487 1585
f 1487 1488 1585
f 1585 1488 1586
f 1488 1489 1586
f 1586 1489 1587
f 1489 1490 1587
f 1587 1490 1588
f 1490 1491 1588
f 1588 1491 1589
f 1491 1492 1589
f 1589 1492 1590
f 1492 1493 1590
f 1590 1493 1591
f 1493 1494 1591
f 1591 1494 1592
f 1494 1495 1592
f 1592 1495 1593
f 1495 1496 1593
f 1593 1496 1594
f 1496 1497 1594
f 1594 1497 1595
f 1497 1498 1595
f 1595 1498 1596
f 1498 1499 1596
f 1596 1499 1597
f 1499 1500 1597
f 1597 1500 1598
f 1500 1501 1598
f 1598 1501 1599
f 1501 1502 1599
f 1599 1502 1600
f 1502 1503 1600
f 1600 1503 1601
f 1503 1504 1601
f 1601 1504 1602
f 1504 1505 1602
f 1602 1505 1603
f 1505 1506 1603
f 1603 1506 1604
f 1506 1507 1604
f 1604 1507 1605
f 1507 1508 1605
f 1605 1508 1606
f 1508 1509 1606
f 1606 1509 1607
f 1509 1510 1607
f 1607 1510 1608
f 1510 1511 1608
f 1608 1511 1609
f 1511 1512 1609
f 1609 1512 1610
f 1512 1513 1610
f 1610 1513 1611
f 1513 1514 1611
f 1611 1514 1612
f 1514 1515 1612
f 1612 1515 1613
f 1515 1516 1613
f 1613 1516 1614
f 1516 1517 1614
f 1614 1517 1615
f 1517 1518 1615
f 1615 1518 1616
f 1518 1519 1616
f 1616 1519 1617
f 1519 1520 1617
f 1617 1520 1618
f 1520 1521 1618
f 1618 1521 1619
f 1521 1522 1619
f 1619 1522 1620
f 1522 1523 1620
f 1620 1523 1621
f 1523 1524 1621
f 1621 1524 1622
f 1524 1525 1622
f 1622 1525 1623
f 1525 1526 1623
f 1623 1526 1624
f 1526 1527 1624
f 1624 1527 1625
f 1527 1528 1625
f 1625 1528 1626
f 1528 1529 1626
f 1626 1529 1627
f 1529 1530 1627
f 1627 1530 1628
f 1530 1531 1628
f 1628 1531 1629
f 1531 1532 1629
f 1629 1532 1630
f 1532 1533 1630
f 1630 1533 1631
f 1533 1534 1631
f 1631 1534 1632
f 1534 1535 1632
f 1632 1535 1633
f 1535 1536 1633
f 1633 1536 1634
f 1536 1537 1634
f 1634 1537 1635
f 1537 1538 1635
f 1635 1538 1636
f 1538 1539 1636
f 1636 1539 1637
f 1539 1540 1637
f 1637 1540 1638
f 1540 1541 1638
f 1638 1541 1639
f 1541 1542 1639
f 1639 1542 1640
f 1542 1543 1640
f 1640 1543 1641
f 1543 1544 1641
f 1641 1544 1642
f 1544 1545 1642
f 1642 1545 1643
f 1545 1546 1643
f 1643 1546 1644
f 1546 1547 1644
f 1644 1547 1645
f 1547 1548 1645
f 1645 1548 1646
f 1548 1549 1646
f 1646 1549 1647
f 1549 1550 1647
f 1647 1550 1648
f 1550 1551 1648
f 1648 1551 1649
f 1551 1552 1649
f 1649 1552 1650
f 1552 1553 1650
f 1650 1553 1651
f 1553 1554 1651
f 1651 1554 1652
f 1554 1555 1652
f 1652 1555 1653
f 1555 1556 1653
f 1653 1556 1654
f 1556 1557 1654
f 1654 1557 1655
f 1557 1558 1655
f 1655 1558 1656
f 1558 1559 1656
f 1656 1559 1657
f 1559 1560 1657
f 1657 1560 1658
f 1560 1561 1658
f 1658 1561 1659
f 1561 1562 1659
f 1659 1562 1660
f 1562 1563 1660
f 1660 1563 1661
f 1563 1564 1661
f 1661 1564 1662
f 1564 1565 1662
f 1662 1565 1663
f 1565 1566 1663
f 1663 1566 1664
f 1566 1567 1664
f 1664 1567 1665
f 1567 1568 1665
f 1665 1568 1666
f 1568 1569 1666
f 1666 1569 1667
f 1569 1570 1667
f 1667 1570 1668
f 1570 1571 1668
f 1668 1571 1669
f 1571 1572 1669
f 1669 1572 1670
f 1572 1573 1670
f 1670 1573 1671
f 1573 1574 1671
f 1671 1574 1672
f 1574 1575 1672
f 1672 1575 1673
f 1575 1576 1673
f 1673 1576 1674
f 1576 1577 1674
f 1674 1577 1675
f 1577 1578 1675
f 1675 1578 1676
f 1578 1579 1676
f 1677 1580 1678
f 1580 1581 1678
f 1678 1581 1679
f 1581 1582 1679
f 1679 1582 1680
f 1582 1583 1680
f 1680 1583 1681
f 1583 1584 1681
f 1681 1584 1682
f 1584 1585 1682
f 1682 1585 1683
f 1585 1586 1683
f 1683 1586 1684
f 1586 1587 1684
f 1684 1587 1685
f 1587 1588 1685
f 1685 1588 1686
f 1588 1589 1686
f 1686 1589 1687
f 1589 1590 1687
f 1687 1590 1688
f 1590 1591 1688
f 1688 1591 1689
f 1591 1592 1689
f 1689 1592 1690
f 1592 1593 1690
f 1690 1593 1691
f 1593 1594 1691
f 1691 1594 1692
f 1594 1595 1692
f 1692 1595 1693
f 1595 1596 1693
f 1693 1596 1694
f 1596 1597 1694
f 1694 1597 1695
f 1597 1598 1695
f 1695 1598 1696
f 1598 1599 1696
f 1696 1599 1697
f 1599 1600 1697
f 1697 1600 1698
f 1600 1601 1698
f 1698 1601 1699
f 1601 1602 1699
f 1699 1602 1700
f 1602 1603 1700
f 1700 1603 1701
f 1603 1604 1701
f 1701 1604 1702
f 1604 1605 1702
f 1702 1605 1703
f 1605 1606 1703
f 1703 1606 1704
f 1606 1607 1704
f 1704 1607 1705
f 1607 1608 1705
f 1705 1608 1706
f 1608 1609 1706
f 1706 1609 1707
f 1609 1610 1707
f 1707 1610 1708
f 1610 1611 1708
f 1708 1611 1709
f 1611 1612 1709
f 1709 1612 1710
f 1612 1613 1710
f 1710 1613 1711
f 1613 1614 1711
f 1711 1614 1712
f 1614 1615 1712
f 1712 1615 1713
f 1615 1616 1713
f 1713 1616 1714
f 1616 1617 1714
f 1714 1617 1715
f 1617 1618 1715
f 1715 1618 1716
f 1618 1619 1716
f 1716 1619 1717
f 1619 1620 1717
f 1717 1620 1718
f 1620 1621 1718
f 1718 1621 1719
f 1621 1622 1719
f 1719 1622 1720
f 1622 1623 1720
f 1720 1623 1721
f 1623 1624 1721
f 1721 1624 1722
f 1624 1625 1722
f 1722 1625 1723
f 1625 1626 1723
f 1723 1626 1724
f 1626 1627 1724
f 1724 1627 1725
f 1627 1628 1725
f 1725 1628 1726
f 1628 1629 1726
f 1726 1629 1727
f 1629 1630 1727
f 1727 1630 1728
f 1630 1631 1728
f 1728 1631 1729
f 1631 1632 1729
f 1729 1632 1730
f 1632 1633 1730
f 1730 1633 1731
f 1633 1634 1731
f 1731 1634 1732
f 1634 1635 1732
f 1732 1635 1733
f 1635 1636 1733
f 1733 1636 1734
f 1636 1637 1734
f 1734 1637 1735
f 1637 1638 1735
f 1735 1638 1736
f 1638 1639 1736
f 1736 1639 1737
f 1639 1640 1737
f 1737 1640 1738
f 1640 1641 1738
f 1738 1641 1739
f 1641 1642 1739
f 1739 1642 1740
f 1642 1643 1740
f 1740 1643 1741
f 1643 1644 1741
f 1741 1644 1742
f 1644 1645 1742
f 1742 1645 1743
f 1645 1646 1743
f 1743 1646 1744
f 1646 1647 1744
f 1744 1647 1745
f 1647 1648 1745
f 1745 1648 1746
f 1648 1649 1746
f 1746 1649 1747
f 1649 1650 1747
f 1747 1650 1748
f 1650 1651 1748
f 1748 1651 1749
f 1651 1652 1749
f 1749 1652 1750
f 1652 1653 1750
f 1750 1653 1751
f 1653 1654 1751
f 1751 1654 1752
f 1654 1655 1752
f 1752 1655 1753
f 1655 1656 1753
f 1753 1656 1754
f 1656 1657 1754
f 1754 1657 1755
f 1657 1658 1755
f 1755 1658 1756
f 1658 1659 1756
f 1756 1659 1757
f 1659 1660 1757
f 1757 1660 1758
f 1660 1661 1758
f 1758 1661 1759
f 1661 1662 1759
f 1759 1662 1760
f 1662 1663 1760
f 1760 1663 1761
f 1663 1664 1761
f 1761 1664 1762
f 1664 1665 1762
f 1762 1665 1763
f 1665 1666 1763
f 1763 1666 1764
f 1666 1667 1764
f 1764 1667 1765
f 1667 1668 1765
f 1765 1668 1766
f 1668 1669 1766
f 1766 1669 1767
f 1669 1670 1767
f 1767 1670 1768
f 1670 1671 1768
f 1768 1671 1769
f 1671 1672 1769
f 1769 1672 1770
f 1672 1673 1770
f 1770 1673 1771
f 1673 1674 1771
f 1771 1674 1772
f 1674 1675 1772
f 1772 1675 1773
f 1675 1676 1773
f 1774 1677 1775
f 1677 1678 1775
f 1775 1678 1776
f 1678 1679 1776
f 1776 1679 1777
f 1679 1680 1777
f 1777 1680 1778
f 1680 1681 1778
f 1778 1681 1779
f 1681 1682 1779
f 1779 1682 1780
f 1682 1683 1780
f 1780 1683 1781
f 1683 1684 1781
f 1781 1684 1782
f 1684 1685 1782
f 1782 1685 1783
f 1685 1686 1783
f 1783 1686 1784
f 1686 1687 1784
f 1784 1687 1785
f 1687 1688 1785
f 1785 1688 1786
f 1688 1689 1786
f 1786 1689 1787
f 1689 1690 1787
f 1787 1690 1788
f 1690 1691 1788
f 1788 1691 1789
f 1691 1692 1789
f 1789 1692 1790
f 1692 1693 1790
f 1790 1693 1791
f 1693 1694 1791
f 1791 1694 1792
f 1694 1695 1792
f 1792 1695 1793
f 1695 1696 1793
f 1793 1696 1794
f 1696 1697 1794
f 1794 1697 1795
f 1697 1698 1795
f 1795 1698 1796
f 1698 1699 1796
f 1796 1699 1797
f 1699 1700 1797
f 1797 1700 1798
f 1700 1701 1798
f 1798 1701 1799
f 1701 1702 1799
f 1799 1702 1800
f 1702 1703 1800
f 1800 1703 1801
f 1703 1704 1801
f 1801 1704 1802
f 1704 1705 1802
f 1802 1705 1803
f 1705 1706 1803
f 1803 1706 1804
f 1706 1707 1804
f 1804 1707 1805
f 1707 1708 1805
f 1805 1708 1806
f 1708 1709 1806
f 1806 1709 1807
f 1709 1710 1807
f 1807 1710 1808
f 1710 1711 1808
f 1808 1711 1809
f 1711 1712 1809
f 1809 1712 1810
f 1712 1713 1810
f 1810 1713 1811
f 1713 1714 1811
f 1811 1714 1812
f 1714 1715 1812
f 1812 1715 1813
f 1715 1716 1813
f 1813 1716 1814
f 1716 1717 1814
f 1814 1717 1815
f 1717 1718 1815
f 1815 1718 1816
f 1718 1719 1816
f 1816 1719 1817
f 1719 1720 1817
f 1817 1720 1818
f 1720 1721 1818
f 1818 1721 1819
f 1721 1722 1819
f 1819 1722 1820
f 1722 1723 1820
f 1820 1723 1821
f 1723 1724 1821
f 1821 1724 1822
f 1724 1725 1822
f 1822 1725 1823
f 1725 1726 1823
f 1823 1726 1824
f 1726 1727 1824
f 1824 1727 1825
f 1727 1728 1825
f 1825 1728 1826
f 1728 1729 1826
f 1826 1729 1827
f 1729 1730 1827
f 1827 1730 1828
f 1730 1731 1828
f 1828 1731 1829
f 1731 1732 1829
f 1829 1732 1830
f 1732 1733 1830
f 1830 1733 1831
f 1733 1734 1831
f 1831 1734 1832
f 1734 1735 1832
f 1832 1735 1833
f 1735 1736 1833
f 1833 1736 1834
f 1736 1737 1834
f 1834 1737 1835
f 1737 1738 1835
f 1835 1738 1836
f 1738 1739 1836
f 1836 1739 1837
f 1739 1740 1837
f 1837 1740 1838
f 1740 1741 1838
f 1838 1741 1839
f 1741 1742 1839
f 1839 1742 1840
f 1742 1743 1840
f 1840 1743 1841
f 1743 1744 1841
f 1841 1744 1842
f 1744 1745 1842
f 1842 1745 1843
f 1745 1746 1843
f 1843 1746 1844
f 1746 1747 1844
f 1844 1747 1845
f 1747 1748 1845
f 1845 1748 1846
f 1748 1749 1846
f 1846 1749 1847
f 1749 1750 1847
f 1847 1750 1848
f 1750 1751 1848
f 1848 1751 1849
f 1751 1752 1849
f 1849 1752 1850
f 1752 1753 1850
f 1850 1753 1851
f 1753 1754 1851
f 1851 1754 1852
f 1754 1755 1852
f 1852 1755 1853
f 1755 1756 1853
f 1853 1756 1854
f 1756 1757 1854
f 1854 1757 1855
f 1757 1758 1855
f 1855 1758 1856
f 1758 1759 1856
f 1856 1759 1857
f 1759 1760 1857
f 1857 1760 1858
f 1760 1761 1858
f 1858 1761 1859
f 1761 1762 1859
f 1859 1762 1860
f 1762 1763 1860
f 1860 1763 1861
f 1763 1764 1861
f 1861 1764 1862
f 1764 1765 1862
f 1862 1765 1863
f 1765 1766 1863
f 1863 1766 1864
f 1766 1767 1864
f 1864 1767 1865
f 1767 1768 1865
f 1865 1768 1866
f 1768 1769 1866
f 1866 1769 1867
f 1769 1770 1867
f 1867 1770 1868
f 1770 1771 1868
f 1868 1771 1869
f 1771 1772 1869
f 1869 1772 1870
f 1772 1773 1870
f 1871 1774 1872
f 1774 1775 1872
f 1872 1775 1873
f 1775 1776 1873
f 1873 1776 1874
f 1776 1777 1874
f 1874 1777 1875
f 1777 1778 1875
f 1875 1778 1876
f 1778 1779 1876
f 1876 1779 1877
f 1779 1780 1877
f 1877 1780 1878
f 1780 1781 1878
f 1878 1781 1879
f 1781 1782 1879
f 1879 1782 1880
f 1782 1783 1880
f 1880 1783 1881
f 1783 1784 1881
f 1881 1784 1882
f 1784 1785 1882
f 1882 1785 1883
f 1785 1786 1883
f 1883 1786 1884
f 1786 1787 1884
f 1884 1787 1885
f 1787 1788 1885
f 1885 1788 1886
f 1788 1789 1886
f 1886 1789 1887
f 1789 1790 1887
f 1887 1790 1888
f 1790 1791 1888
f 1888 1791 1889
f 1791 1792 1889
f 1889 1792 1890
f 1792 1793 1890
f 1890 1793 1891
f 1793 1794 1891
f 1891 1794 1892
f 1794 1795 1892
f 1892 1795 1893
f 1795 1796 1893
f 1893 1796 1894
f 1796 1797 1894
f 1894 1797 1895
f 1797 1798 1895
f 1895 1798 1896
f 1798 1799 1896
f 1896 1799 1897
f 1799 1800 1897
f 1897 1800 1898
f 1800 1801 1898
f 1898 1801 1899
f 1801 1802 1899
f 1899 1802 1900
f 1802 1803 1900
f 1900 1803 1901
f 1803 1804 1901
f 1901 1804 1902
f 1804 1805 1902
f 1902 1805 1903
f 1805 1806 1903
f 1903 1806 1904
f 1806 1807 1904
f 1904 1807 1905
f 1807 1808 1905
f 1905 1808 1906
f 1808 1809 1906
f 1906 1809 1907
f 1809 1810 1907
f 1907 1810 1908
f 1810 1811 1908
f 1908 1811 1909
f 1811 1812 1909
f 1909 1812 1910
f 1812 1813 1910
f 1910 1813 1911
f 1813 1814 1911
f 1911 1814 1912
f 1814 1815 1912
f 1912 1815 1913
f 1815 1816 1913
f 1913 1816 1914
f 1816 1817 1914
f 1914 1817 1915
f 1817 1818 1915
f 1915 1818 1916
f 1818 1819 1916
f 1916 1819 1917
f 1819 1820 1917
f 1917 1820 1918
f 1820 1821 1918
f 1918 1821 1919
f 1821 1822 1919
f 1919 1822 1920
f 1822 1823 1920
f 1920 1823 1921
f 1823 1824 1921
f 1921 1824 1922
f 1824 1825 1922
f 1922 1825 1923
f 1825 1826 1923
f 1923 1826 1924
f 1826 1827 1924
f 1924 1827 1925
f 1827 1828 1925
f 1925 1828 1926
f 1828 1829 1926
f 1926 1829 1927
f 1829 1830 1927
f 1927 1830 1928
f 1830 1831 1928
f 1928 1831 1929
f 1831 1832 1929
f 1929 1832 1930
f 1832 1833 1930
f 1930 1833 1931
f 1833 1834 1931
f 1931 1834 1932
f 1834 1835 1932
f 1932 1835 1933
f 1835 1836 1933
f 1933 1836 1934
f 1836 1837 1934
f 1934 1837 1935
f 1837 1838 1935
f 1935 1838 1936
f 1838 1839 1936
f 1936 1839 1937
f 1839 1840 1937
f 1937 1840 1938
f 1840 1841 1938
f 1938 1841 1939
f 1841 1842 1939
f 1939 1842 1940
f 1842 1843 1940
f 1940 1843 1941
f 1843 1844 1941
f 1941 1844 1942
f 1844 1845 1942
f 1942 1845 1943
f 1845 1846 1943
f 1943 1846 1944
f 1846 1847 1944
f 1944 1847 1945
f 1847 1848 1945
f 1945 1848 1946
f 1848 1849 1946
f 1946 1849 1947
f 1849 1850 1947
f 1947 1850 1948
f 1850 1851 1948
f 1948 1851 1949
f 1851 1852 1949
f 1949 1852 1950
f 1852 1853 1950
f 1950 1853 1951
f 1853 1854 1951
f 1951 1854 1952
f 1854 1855 1952
f 1952 1855 1953
f 1855 1856 1953
f 1953 1856 1954
f 1856 1857 1954
f 1954 1857 1955
f 1857 1858 1955
f 1955 1858 1956
f 1858 1859 1956
f 1956 1859 1957
f 1859 1860 1957
f 1957 1860 1958
f 1860 1861 1958
f 1958 1861 1959
f 1861 1862 1959
f 1959 1862 1960
f 1862 1863 1960
f 1960 1863 1961
f 1863 1864 1961
f 1961 1864 1962
f 1864 1865 1962
f 1962 1865 1963
f 1865 1866 1963
f 1963 1866 1964
f 1866 1867 1964
f 1964 1867 1965
f 1867 1868 1965
f 1965 1868 1966
f 1868 1869 1966
f 1966 1869 1967
f 1869 1870 1967
f 1968 1871 1969
f 1871 1872 1969
f 1969 1872 1970
f 1872 1873 1970
f 1970 1873 1971
f 1873 1874 1971
f 1971 1874 1972
f 1874 1875 1972
f 1972 1875 1973
f 1875 1876 1973
f 1973 1876 1974
f 1876 1877 1974
f 1974 1877 1975
f 1877 1878 1975
f 1975 1878 1976
f 1878 1879 1976
f 1976 1879 1977
f 1879 1880 1977
f 1977 1880 1978
f 1880 1881 1978
f 1978 1881 1979
f 1881 1882 1979
f 1979 1882 1980
f 1882 1883 1980
f 1980 1883 1981
f 1883 1884 1981
f 1981 1884 1982
f 1884 1885 1982
f 1982 1885 1983
f 1885 1886 1983
f 1983 1886 1984
f 1886 1887 1984
f 1984 1887 1985
f 1887 1888 1985
f 1985 1888 1986
f 1888 1889 1986
f 1986 1889 1987
f 1889 1890 1987
f 1987 1890 1988
f 1890 1891 1988
f 1988 1891 1989
f 1891 1892 1989
f 1989 1892 1990
f 1892 1893 1990
f 1990 1893 1991
f 1893 1894 1991
f 1991 1894 1992
f 1894 1895 1992
f 1992 1895 1993
f 1895 1896 1993
f 1993 1896 1994
f 1896 1897 1994
f 1994 1897 1995
f 1897 1898 1995
f 1995 1898 1996
f 1898 1899 1996
f 1996 1899 1997
f 1899 1900 1997
f 1997 1900 1998
f 1900 1901 1998
f 1998 1901 1999
f 1901 1902 1999
f 1999 1902 2000
f 1902 1903 2000
f 2000 1903 2001
f 1903 1904 2001
f 2001 1904 2002
f 1904 1905 2002
f 2002 1905 2003
f 1905 1906 2003
f 2003 1906 2004
f 1906 1907 2004
f 2004 1907 2005
f 1907 1908 2005
f 2005 1908 2006
f 1908 1909 2006
f 2006 1909 2007
f 1909 1910 2007
f 2007 1910 2008
f 1910 1911 2008
f 2008 1911 2009
f 1911 1912 2009
f 2009 1912 2010
f 1912 1913 2010
f 2010 1913 2011
f 1913 1914 2011
f 2011 1914 2012
f 1914 1915 2012
f 2012 1915 2013
f 1915 1916 2013
f 2013 1916 2014
f 1916 1917 2014
f 2014 1917 2015
f 1917 1918 2015
f 2015 1918 2016
f 1918 1919 2016
f 2016 1919 2017
f 1919 1920 2017
f 2017 1920 2018
f 1920 1921 2018
f 2018 1921 2019
f 1921 1922 2019
f 2019 1922 2020
f 1922 1923 2020
f 2020 1923 2021
f 1923 1924 2021
f 2021 1924 2022
f 1924 1925 2022
f 2022 1925 2023
f 1925 1926 2023
f 2023 1926 2024
f 1926 1927 2024
f 2024 1927 2025
f 1927 1928 2025
f 2025 1928 2026
f 1928 1929 2026
f 2026 1929 2027
f 1929 1930 2027
f 2027 1930 2028
f 1930 1931 2028
f 2028 1931 2029
f 1931 1932 2029
f 2029 1932 2030
f 1932 1933 2030
f 2030 1933 2031
f 1933 1934 2031
f 2031 1934 2032
f 1934 1935 2032
f 2032 1935 2033
f 1935 1936 2033
f 2033 1936 2034
f 1936 1937 2034
f 2034 1937 2035
f 1937 1938 2035
f 2035 1938 2036
f 1938 1939 2036
f 2036 1939 2037
f 1939 1940 2037
f 2037 1940 2038
f 1940 1941 2038
f 2038 1941 2039
f 1941 1942 2039
f 2039 1942 2040
f 1942 1943 2040
f 2040 1943 2041
f 1943 1944 2041
f 2041 1944 2042
f 1944 1945 2042
f 2042 1945 2043
f 1945 1946 2043
f 2043 1946 2044
f 1946 1947 2044
f 2044 1947 2045
f 1947 1948 2045
f 2045 1948 2046
f 1948 1949 2046
f 2046 1949 2047
f 1949 1950 2047
f 2047 1950 2048
f 1950 1951 2048
f 2048 1951 2049
f 1951 1952 2049
f 2049 1952 2050
f 1952 1953 2050
f 2050 1953 2051
f 1953 1954 2051
f 2051 1954 2052
f 1954 1955 2052
f 2052 1955 2053
f 1955 1956 2053
f 2053 1956 2054
f 1956 1957 2054
f 2054 1957 2055
f 1957 1958 2055
f 2055 1958 2056
f 1958 1959 2056
f 2056 1959 2057
f 1959 1960 2057
f 2057 1960 2058
f 1960 1961 2058
f 2058 1961 2059
f 1961 1962 2059
f 2059 1962 2060
f 1962 1963 2060
f 2060 1963 2061
f 1963 1964 2061
f 2061 1964 2062
f 1964 1965 2062
f 2062 1965 2063
f 1965 1966 2063
f 2063 1966 2064
f 1966 1967 2064
f 2065 1968 2066
f 1968 1969 2066
f 2066 1969 2067
f 1969 1970 2067
f 2067 1970 2068
f 1970 1971 2068
f 2068 1971 2069
f 1971 1972 2069
f 2069 1972 2070
f 1972 1973 2070
f 2070 1973 2071
f 1973 1974 2071
f 2071 1974 2072
f 1974 1975 2072
f 2072 1975 2073
f 1975 1976 2073
f 2073 1976 2074
f 1976 1977 2074
f 2074 1977 2075
f 1977 1978 2075
f 2075 1978 2076
f 1978 1979 2076
f 2076 1979 2077
f 1979 1980 2077
f 2077 1980 2078
f 1980 1981 2078
f 2078 1981 2079
f 1981 1982 2079
f 2079 1982 2080
f 1982 1983 2080
f 2080 1983 2081
f 1983 1984 2081
f 2081 1984 2082
f 1984 1985 2082
f 2082 1985 2083
f 1985 1986 2083
f 2083 1986 2084
f 1986 1987 2084
f 2084 1987 2085
f 1987 1988 2085
f 2085 1988 2086
f 1988 1989 2086
f 2086 1989 2087
f 1989 1990 2087
f 2087 1990 2088
f 1990 1991 2088
f 2088 1991 2089
f 1991 1992 2089
f 2089 1992 2090
f 1992 1993 2090
f 2090 1993 2091
f 1993 1994 2091
f 2091 1994 2092
f 1994 1995 2092
f 2092 1995 2093
f 1995 1996 2093
f 2093 1996 2094
f 1996 1997 2094
f 2094 1997 2095
f 1997 1998 2095
f 2095 1998 2096
f 1998 1999 2096
f 2096 1999 2097
f 1999 2000 2097
f 2097 2000 2098
f 2000 2001 2098
f 2098 2001 2099
f 2001 2002 2099
f 2099 2002 2100
f 2002 2003 2100
f 2100 2003 2101
f 2003 2004 2101
f 2101 2004 2102
f 2004 2005 2102
f 2102 2005 2103
f 2005 2006 2103
f 2103 2006 2104
f 2006 2007 2104
f 2104 2007 2105
f 2007 2008 2105
f 2105 2008 2106
f 2008 2009 2106
f 2106 2009 2107
f 2009 2010 2107
f 2107 2010 2108
f 2010 2011 2108
f 2108 2011 2109
f 2011 2012 2109
f 2109 2012 2110
f 2012 2013 2110
f 2110 2013 2111
f 2013 2014 2111
f 2111 2014 2112
f 2014 2015 2112
f 2112 2015 2113
f 2015 2016 2113
f 2113 2016 2114
f 2016 2017 2114
f 2114 2017 2115
f 2017 2018 2115
f 2115 2018 2116
f 2018 2019 2116
f 2116 2019 2117
f 2019 2020 2117
f 2117 2020 2118
f 2020 2021 2118
f 2118 2021 2119
f 2021 2022 2119
f 2119 2022 2120
f 2022 2023 2120
f 2120 2023 2121
f 2023 2024 2121
f 2121 2024 2122
f 2024 2025 2122
f 2122 2025 2123
f 2025 2026 2123
f 2123 2026 2124
f 2026 2027 2124
f 2124 2027 2125
f 2027 2028 2125
f 2125 2028 2126
f 2028 2029 2126
f 2126 2029 2127
f 2029 2030 2127
f 2127 2030 2128
f 2030 2031 2128
f 2128 2031 2129
f 2031 2032 2129
f 2129 2032 2130
f 2032 2033 2130
f 2130 2033 2131
f 2033 2034 2131
f 2131 2034 2132
f 2034 2035 2132
f 2132 2035 2133
f 2035 2036 2133
f 2133 2036 2134
f 2036 2037 2134
f 2134 2037 2135
f 2037 2038 2135
f 2135 2038 2136
f 2038 2039 2136
f 2136 2039 2137
f 2039 2040 2137
f 2137 2040 2138
f 2040 2041 2138
f 2138 2041 2139
f 2041 2042 2139
f 2139 2042 2140
f 2042 2043 2140
f 2140 2043 2141
f 2043 2044 2141
f 2141 2044 2142
f 2044 2045 2142
f 2142 2045 2143
f 2045 2046 2143
f 2143 2046 2144
f 2046 2047 2144
f 2144 2047 2145
f 2047 2048 2145
f 2145 2048 2146
f 2048 2049 2146
f 2146 2049 2147
f 2049 2050 2147
f 2147 2050 2148
f 2050 2051 2148
f 2148 2051 2149
f 2051 2052 2149
f 2149 2052 2150
f 2052 2053 2150
f 2150 2053 2151
f 2053 2054 2151
f 2151 2054 2152
f 2054 2055 2152
f 2152 2055 2153
f 2055 2056 2153
f 2153 2056 2154
f 2056 2057 2154
f 2154 2057 2155
f 2057 2058 2155
f 2155 2058 2156
f 2058 2059 2156
f 2156 2059 2157
f 2059 2060 2157
f 2157 2060 2158
f 2060 2061 2158
f 2158 2061 2159
f 2061 2062 2159
f 2159 2062 2160
f 2062 2063 2160
f 2160 2063 2161
f 2063 2064 2161
f 2162 2065 2163
f 2065 2066 2163
f 2163 2066 2164
f 2066 2067 2164
f 2164 2067 2165
f 2067 2068 2165
f 2165 2068 2166
f 2068 2069 2166
f 2166 2069 2167
f 2069 2070 2167
f 2167 2070 2168
f 2070 2071 2168
f 2168 2071 2169
f 2071 2072 2169
f 2169 2072 2170
f 2072 2073 2170
f 2170 2073 2171
f 2073 2074 2171
f 2171 2074 2172
f 2074 2075 2172
f 2172 2075 2173
f 2075 2076 2173
f 2173 2076 2174
f 2076 2077 2174
f 2174 2077 2175
f 2077 2078 2175
f 2175 2078 2176
f 2078 2079 2176
f 2176 2079 2177
f 2079 2080 2177
f 2177 2080 2178
f 2080 2081 2178
f 2178 2081 2179
f 2081 2082 2179
f 2179 2082 2180
f 2082 2083 2180
f 2180 2083 2181
f 2083 2084 2181
f 2181 2084 2182
f 2084 2085 2182
f 2182 2085 2183
f 2085 2086 2183
f 2183 2086 2184
f 2086 2087 2184
f 2184 2087 2185
f 2087 2088 2185
f 2185 2088 2186
f 2088 2089 2186
f 2186 2089 2187
f 2089 2090 2187
f 2187 2090 2188
f 2090 2091 2188
f 2188 2091 2189
f 2091 2092 2189
f 2189 2092 2190
f 2092 2093 2190
f 2190 2093 2191
f 2093 2094 2191
f 2191 2094 2192
f 2094 2095 2192
f 2192 2095 2193
f 2095 2096 2193
f 2193 2096 2194
f 2096 2097 2194
f 2194 2097 2195
f 2097 2098 2195
f 2195 2098 2196
f 2098 2099 2196
f 2196 2099 2197
f 2099 2100 2197
f 2197 2100 2198
f 2100 2101 2198
f 2198 2101 2199
f 2101 2102 2199
f 2199 2102 2200
f 2102 2103 2200
f 2200 2103 2201
f 2103 2104 2201
f 2201 2104 2202
f 2104 2105 2202
f 2202 2105 2203
f 2105 2106 2203
f 2203 2106 2204
f 2106 2107 2204
f 2204 2107 2205
f 2107 2108 2205
f 2205 2108 2206
f 2108 2109 2206
f 2206 2109 2207
f 2109 2110 2207
f 2207 2110 2208
f 2110 2111 2208
f 2208 2111 2209
f 2111 2112 2209
f 2209 2112 2210
f 2112 2113 2210
f 2210 2113 2211
f 2113 2114 2211
f 2211 2114 2212
f 2114 2115 2212
f 2212 2115 2213
f 2115 2116 2213
f 2213 2116 2214
f 2116 2117 2214
f 2214 2117 2215
f 2117 2118 2215
f 2215 2118 2216
f 2118 2119 2216
f 2216 2119 2217
f 2119 2120 2217
f 2217 2120 2218
f 2120 2121 2218
f 2218 2121 2219
f 2121 2122 2219
f 2219 2122 2220
f 2122 2123 2220
f 2220 2123 2221
f 2123 2124 2221
f 2221 2124 2222
f 2124 2125 2222
f 2222 2125 2223
f 2125 2126 2223
f 2223 2126 2224
f 2126 2127 2224
f 2224 2127 2225
f 2127 2128 2225
f 2225 2128 2226
f 2128 2129 2226
f 2226 2129 2227
f 2129 2130 2227
f 2227 2130 2228
f 2130 2131 2228
f 2228 2131 2229
f 2131 2132 2229
f 2229 2132 2230
f 2132 2133 2230
f 2230 2133 2231
f 2133 2134 2231
f 2231 2134 2232
f 2134 2135 2232
f 2232 2135 2233
f 2135 2136 2233
f 2233 2136 2234
f 2136 2137 2234
f 2234 2137 2235
f 2137 2138 2235
f 2235 2138 2236
f 2138 2139 2236
f 2236 2139 2237
f 2139 2140 2237
f 2237 2140 2238
f 2140 2141 2238
f 2238 2141 2239
f 2141 2142 2239
f 2239 2142 2240
f 2142 2143 2240
f 2240 2143 2241
f 2143 2144 2241
f 2241 2144 2242
f 2144 2145 2242
f 2242 2145 2243
f 2145 2146 2243
f 2243 2146 2244
f 2146 2147 2244
f 2244 2147 2245
f 2147 2148 2245
f 2245 2148 2246
f 2148 2149 2246
f 2246 2149 2247
f 2149 2150 2247
f 2247 2150 2248
f 2150 2151 2248
f 2248 2151 2249
f 2151 2152 2249
f 2249 2152 2250
f 2152 2153 2250
f 2250 2153 2251
f 2153 2154 2251
f 2251 2154 2252
f 2154 2155 2252
f 2252 2155 2253
f 2155 2156 2253
f 2253 2156 2254
f 2156 2157 2254
f 2254 2157 2255
f 2157 2158 2255
f 2255 2158 2256
f 2158 2159 2256
f 2256 2159 2257
f 2159 2160 2257
f 2257 2160 2258
f 2160 2161 2258
f 2259 2162 2260
f 2162 2163 2260
f 2260 2163 2261
f 2163 2164 2261
f 2261 2164 2262
f 2164 2165 2262
f 2262 2165 2263
f 2165 2166 2263
f 2263 2166 2264
f 2166 2167 2264
f 2264 2167 2265
f 2167 2168 2265
f 2265 2168 2266
f 2168 2169 2266
f 2266 2169 2267
f 2169 2170 2267
f 2267 2170 2268
f 2170 2171 2268
f 2268 2171 2269
f 2171 2172 2269
f 2269 2172 2270
f 2172 2173 2270
f 2270 2173 2271
f 2173 2174 2271
f 2271 2174 2272
f 2174 2175 2272
f 2272 2175 2273
f 2175 2176 2273
f 2273 2176 2274
f 2176 2177 2274
f 2274 2177 2275
f 2177 2178 2275
f 2275 2178 2276
f 2178 2179 2276
f 2276 2179 2277
f 2179 2180 2277
f 2277 2180 2278
f 2180 2181 2278
f 2278 2181 2279
f 2181 2182 2279
f 2279 2182 2280
f 2182 2183 2280
f 2280 2183 2281
f 2183 2184 2281
f 2281 2184 2282
f 2184 2185 2282
f 2282 2185 2283
f 2185 2186 2283
f 2283 2186 2284
f 2186 2187 2284
f 2284 2187 2285
f 2187 2188 2285
f 2285 2188 2286
f 2188 2189 2286
f 2286 2189 2287
f 2189 2190 2287
f 2287 2190 2288
f 2190 2191 2288
f 2288 2191 2289
f 2191 2192 2289
f 2289 2192 2290
f 2192 2193 2290
f 2290 2193 2291
f 2193 2194 2291
f 2291 2194 2292
f 2194 2195 2292
f 2292 2195 2293
f 2195 2196 2293
f 2293 2196 2294
f 2196 2197 2294
f 2294 2197 2295
f 2197 2198 2295
f 2295 2198 2296
f 2198 2199 2296
f 2296 2199 2297
f 2199 2200 2297
f 2297 2200 2298
f 2200 2201 2298
f 2298 2201 2299
f 2201 2202 2299
f 2299 2202 2300
f 2202 2203 2300
f 2300 2203 2301
f 2203 2204 2301
f 2301 2204 2302
f 2204 2205 2302
f 2302 2205 2303
f 2205 2206 2303
f 2303 2206 2304
f 2206 2207 2304
f 2304 2207 2305
f 2207 2208 2305
f 2305 2208 2306
f 2208 2209 2306
f 2306 2209 2307
f 2209 2210 2307
f 2307 2210 2308
f 2210 2211 2308
f 2308 2211 2309
f 2211 2212 2309
f 2309 2212 2310
f 2212 2213 2310
f 2310 2213 2311
f 2213 2214 2311
f 2311 2214 2312
f 2214 2215 2312
f 2312 2215 2313
f 2215 2216 2313
f 2313 2216 2314
f 2216 2217 2314
f 2314 2217 2315
f 2217 2218 2315
f 2315 2218 2316
f 2218 2219 2316
f 2316 2219 2317
f 2219 2220 2317
f 2317 2220 2318
f 2220 2221 2318
f 2318 2221 2319
f 2221 2222 2319
f 2319 2222 2320
f 2222 2223 2320
f 2320 2223 2321
f 2223 2224 2321
f 2321 2224 2322
f 2224 2225 2322
f 2322 2225 2323
f 2225 2226 2323
f 2323 2226 2324
f 2226 2227 2324
f 2324 2227 2325
f 2227 2228 2325
f 2325 2228 2326
f 2228 2229 2326
f 2326 2229 2327
f 2229 2230 2327
f 2327 2230 2328
f 2230 2231 2328
f 2328 2231 2329
f 2231 2232 2329
f 2329 2232 2330
f 2232 2233 2330
f 2330 2233 2331
f 2233 2234 2331
f 2331 2234 2332
f 2234 2235 2332
f 2332 2235 2333
f 2235 2236 2333
f 2333 2236 2334
f 2236 2237 2334
f 2334 2237 2335
f 2237 2238 2335
f 2335 2238 2336
f 2238 2239 2336
f 2336 2239 2337
f 2239 2240 2337
f 2337 2240 2338
f 2240 2241 2338
f 2338 2241 2339
f 2241 2242 2339
f 2339 2242 2340
f 2242 2243 2340
f 2340 2243 2341
f 2243 2244 2341
f 2341 2244 2342
f 2244 2245 2342
f 2342 2245 2343
f 2245 2246 2343
f 2343 2246 2344
f 2246 2247 2344
f 2344 2247 2345
f 2247 2248 2345
f 2345 2248 2346
f 2248 2249 2346
f 2346 2249 2347
f 2249 2250 2347
f 2347 2250 2348
f 2250 2251 2348
f 2348 2251 2349
f 2251 2252 2349
f 2349 2252 2350
f 2252 2253 2350
f 2350 2253 2351
f 2253 2254 2351
f 2351 2254 2352
f 2254 2255 2352
f 2352 2255 2353
f 2255 2256 2353
f 2353 2256 2354
f 2256 2257 2354
f 2354 2257 2355
f 2257 2258 2355
f 2356 2259 2357
f 2259 2260 2357
f 2357 2260 2358
f 2260 2261 2358
f 2358 2261 2359
f 2261 2262 2359
f 2359 2262 2360
f 2262 2263 2360
f 2360 2263 2361
f 2263 2264 2361
f 2361 2264 2362
f 2264 2265 2362
f 2362 2265 2363
f 2265 2266 2363
f 2363 2266 2364
f 2266 2267 2364
f 2364 2267 2365
f 2267 2268 2365
f 2365 2268 2366
f 2268 2269 2366
f 2366 2269 2367
f 2269 2270 2367
f 2367 2270 2368
f 2270 2271 2368
f 2368 2271 2369
f 2271 2272 2369
f 2369 2272 2370
f 2272 2273 2370
f 2370 2273 2371
f 2273 2274 2371
f 2371 2274 2372
f 2274 2275 2372
f 2372 2275 2373
f 2275 2276 2373
f 2373 2276 2374
f 2276 2277 2374
f 2374 2277 2375
f 2277 2278 2375
f 2375 2278 2376
f 2278 2279 2376
f 2376 2279 2377
f 2279 2280 2377
f 2377 2280 2378
f 2280 2281 2378
f 2378 2281 2379
f 2281 2282 2379
f 2379 2282 2380
f 2282 2283 2380
f 2380 2283 2381
f 2283 2284 2381
f 2381 2284 2382
f 2284 2285 2382
f 2382 2285 2383
f 2285 2286 2383
f 2383 2286 2384
f 2286 2287 2384
f 2384 2287 2385
f 2287 2288 2385
f 2385 2288 2386
f 2288 2289 2386
f 2386 2289 2387
f 2289 2290 2387
f 2387 2290 2388
f 2290 2291 2388
f 2388 2291 2389
f 2291 2292 2389
f 2389 2292 2390
f 2292 2293 2390
f 2390 2293 2391
f 2293 2294 2391
f 2391 2294 2392
f 2294 2295 2392
f 2392 2295 2393
f 2295 2296 2393
f 2393 2296 2394
f 2296 2297 2394
f 2394 2297 2395
f 2297 2298 2395
f 2395 2298 2396
f 2298 2299 2396
f 2396 2299 2397
f 2299 2300 2397
f 2397 2300 2398
f 2300 2301 2398
f 2398 2301 2399
f 2301 2302 2399
f 2399 2302 2400
f 2302 2303 2400
f 2400 2303 2401
f 2303 2304 2401
f 2401 2304 2402
f 2304 2305 2402
f 2402 2305 2403
f 2305 2306 2403
f 2403 2306 2404
f 2306 2307 2404
f 2404 2307 2405
f 2307 2308 2405
f 2405 2308 2406
f 2308 2309 2406
f 2406 2309 2407
f 2309 2310 2407
f 2407 2310 2408
f 2310 2311 2408
f 2408 2311 2409
f 2311 2312 2409
f 2409 2312 2410
f 2312 2313 2410
f 2410 2313 2411
f 2313 2314 2411
f 2411 2314 2412
f 2314 2315 2412
f 2412 2315 2413
f 2315 2316 2413
f 2413 2316 2414
f 2316 2317 2414
f 2414 2317 2415
f 2317 2318 2415
f 2415 2318 2416
f 2318 2319 2416
f 2416 2319 2417
f 2319 2320 2417
f 2417 2320 2418
f 2320 2321 2418
f 2418 2321 2419
f 2321 2322 2419
f 2419 2322 2420
f 2322 2323 2420
f 2420 2323 2421
f 2323 2324 2421
f 2421 2324 2422
f 2324 2325 2422
f 2422 2325 2423
f 2325 2326 2423
f 2423 2326 2424
f 2326 2327 2424
f 2424 2327 2425
f 2327 2328 2425
f 2425 2328 2426
f 2328 2329 2426
f 2426 2329 2427
f 2329 2330 2427
f 2427 2330 2428
f 2330 2331 2428
f 2428 2331 2429
f 2331 2332 2429
f 2429 2332 2430
f 2332 2333 2430
f 2430 2333 2431
f 2333 2334 2431
f 2431 2334 2432
f 2334 2335 2432
f 2432 2335 2433
f 2335 2336 2433
f 2433 2336 2434
f 2336 2337 2434
f 2434 2337 2435
f 2337 2338 2435
f 2435 2338 2436
f 2338 2339 2436
f 2436 2339 2437
f 2339 2340 2437
f 2437 2340 2438
f 2340 2341 2438
f 2438 2341 2439
f 2341 2342 2439
f 2439 2342 2440
f 2342 2343 2440
f 2440 2343 2441
f 2343 2344 2441
f 2441 2344 2442
f 2344 2345 2442
f 2442 2345 2443
f 2345 2346 2443
f 2443 2346 2444
f 2346 2347 2444
f 2444 2347 2445
f 2347 2348 2445
f 2445 2348 2446
f 2348 2349 2446
f 2446 2349 2447
f 2349 2350 2447
f 2447 2350 2448
f 2350 2351 2448
f 2448 2351 2449
f 2351 2352 2449
f 2449 2352 2450
f 2352 2353 2450
f 2450 2353 2451
f 2353 2354 2451
f 2451 2354 2452
f 2354 2355 2452
f 2453 2356 2454
f 2356 2357 2454
f 2454 2357 2455
f 2357 2358 2455
f 2455 2358 2456
f 2358 2359 2456
f 2456 2359 2457
f 2359 2360 2457
f 2457 2360 2458
f 2360 2361 2458
f 2458 2361 2459
f 2361 2362 2459
f 2459 2362 2460
f 2362 2363 2460
f 2460 2363 2461
f 2363 2364 2461
f 2461 2364 2462
f 2364 2365 2462
f 2462 2365 2463
f 2365 2366 2463
f 2463 2366 2464
f 2366 2367 2464
f 2464 2367 2465
f 2367 2368 2465
f 2465 2368 2466
f 2368 2369 2466
f 2466 2369 2467
f 2369 2370 2467
f 2467 2370 2468
f 2370 2371 2468
f 2468 2371 2469
f 2371 2372 2469
f 2469 2372 2470
f 2372 2373 2470
f 2470 2373 2471
f 2373 2374 2471
f 2471 2374 2472
f 2374 2375 2472
f 2472 2375 2473
f 2375 2376 2473
f 2473 2376 2474
f 2376 2377 2474
f 2474 2377 2475
f 2377 2378 2475
f 2475 2378 2476
f 2378 2379 2476
f 2476 2379 2477
f 2379 2380 2477
f 2477 2380 2478
f 2380 2381 2478
f 2478 2381 2479
f 2381 2382 2479
f 2479 2382 2480
f 2382 2383 2480
f 2480 2383 2481
f 2383 2384 2481
f 2481 2384 2482
f 2384 2385 2482
f 2482 2385 2483
f 2385 2386 2483
f 2483 2386 2484
f 2386 2387 2484
f 2484 2387 2485
f 2387 2388 2485
f 2485 2388 2486
f 2388 2389 2486
f 2486 2389 2487
f 2389 2390 2487
f 2487 2390 2488
f 2390 2391 2488
f 2488 2391 2489
f 2391 2392 2489
f 2489 2392 2490
f 2392 2393 2490
f 2490 2393 2491
f 2393 2394 2491
f 2491 2394 2492
f 2394 2395 2492
f 2492 2395 2493
f 2395 2396 2493
f 2493 2396 2494
f 2396 2397 2494
f 2494 2397 2495
f 2397 2398 2495
f 2495 2398 2496
f 2398 2399 2496
f 2496 2399 2497
f 2399 2400 2497
f 2497 2400 2498
f 2400 2401 2498
f 2498 2401 2499
f 2401 2402 2499
f 2499 2402 2500
f 2402 2403 2500
f 2500 2403 2501
f 2403 2404 2501
f 2501 2404 2502
f 2404 2405 2502
f 2502 2405 2503
f 2405 2406 2503
f 2503 2406 2504
f 2406 2407 2504
f 2504 2407 2505
f 2407 2408 2505
f 2505 2408 2506
f 2408 2409 2506
f 2506 2409 2507
f 2409 2410 2507
f 2507 2410 2508
f 2410 2411 2508
f 2508 2411 2509
f 2411 2412 2509
f 2509 2412 2510
f 2412 2413 2510
f 2510 2413 2511
f 2413 2414 2511
f 2511 2414 2512
f 2414 2415 2512
f 2512 2415 2513
f 2415 2416 2513
f 2513 2416 2514
f 2416 2417 2514
f 2514 2417 2515
f 2417 2418 2515
f 2515 2418 2516
f 2418 2419 2516
f 2516 2419 2517
f 2419 2420 2517
f 2517 2420 2518
f 2420 2421 2518
f 2518 2421 2519
f 2421 2422 2519
f 2519 2422 2520
f 2422 2423 2520
f 2520 2423 2521
f 2423 2424 2521
f 2521 2424 2522
f 2424 2425 2522
f 2522 2425 2523
f 2425 2426 2523
f 2523 2426 2524
f 2426 2427 2524
f 2524 2427 2525
f 2427 2428 2525
f 2525 2428 2526
f 2428 2429 2526
f 2526 2429 2527
f 2429 2430 2527
f 2527 2430 2528
f 2430 2431 2528
f 2528 2431 2529
f 2431 2432 2529
f 2529 2432 2530
f 2432 2433 2530
f 2530 2433 2531
f 2433 2434 2531
f 2531 2434 2532
f 2434 2435 2532
f 2532 2435 2533
f 2435 2436 2533
f 2533 2436 2534
f 2436 2437 2534
f 2534 2437 2535
f 2437 2438 2535
f 2535 2438 2536
f 2438 2439 2536
f 2536 2439 2537
f 2439 2440 2537
f 2537 2440 2538
f 2440 2441 2538
f 2538 2441 2539
f 2441 2442 2539
f 2539 2442 2540
f 2442 2443 2540
f 2540 2443 2541
f 2443 2444 2541
f 2541 2444 2542
f 2444 2445 2542
f 2542 2445 2543
f 2445 2446 2543
f 2543 2446 2544
f 2446 2447 2544
f 2544 2447 2545
f 2447 2448 2545
f 2545 2448 2546
f 2448 2449 2546
f 2546 2449 2547
f 2449 2450 2547
f 2547 2450 2548
f 2450 2451 2548
f 2548 2451 2549
f 2451 2452 2549
f 2550 2453 2551
f 2453 2454 2551
f 2551 2454 2552
f 2454 2455 2552
f 2552 2455 2553
f 2455 2456 2553
f 2553 2456 2554
f 2456 2457 2554
f 2554 2457 2555
f 2457 2458 2555
f 2555 2458 2556
f 2458 2459 2556
f 2556 2459 2557
f 2459 2460 2557
f 2557 2460 2558
f 2460 2461 2558
f 2558 2461 2559
f 2461 2462 2559
f 2559 2462 2560
f 2462 2463 2560
f 2560 2463 2561
f 2463 2464 2561
f 2561 2464 2562
f 2464 2465 2562
f 2562 2465 2563
f 2465 2466 2563
f 2563 2466 2564
f 2466 2467 2564
f 2564 2467 2565
f 2467 2468 2565
f 2565 2468 2566
f 2468 2469 2566
f 2566 2469 2567
f 2469 2470 2567
f 2567 2470 2568
f 2470 2471 2568
f 2568 2471 2569
f 2471 2472 2569
f 2569 2472 2570
f 2472 2473 2570
f 2570 2473 2571
f 2473 2474 2571
f 2571 2474 2572
f 2474 2475 2572
f 2572 2475 2573
f 2475 2476 2573
f 2573 2476 2574
f 2476 2477 2574
f 2574 2477 2575
f 2477 2478 2575
f 2575 2478 2576
f 2478 2479 2576
f 2576 2479 2577
f 2479 2480 2577
f 2577 2480 2578
f 2480 2481 2578
f 2578 2481 2579
f 2481 2482 2579
f 2579 2482 2580
f 2482 2483 2580
f 2580 2483 2581
f 2483 2484 2581
f 2581 2484 2582
f 2484 2485 2582
f 2582 2485 2583
f 2485 2486 2583
f 2583 2486 2584
f 2486 2487 2584
f 2584 2487 2585
f 2487 2488 2585
f 2585 2488 2586
f 2488 2489 2586
f 2586 2489 2587
f 2489 2490 2587
f 2587 2490 2588
f 2490 2491 2588
f 2588 2491 2589
f 2491 2492 2589
f 2589 2492 2590
f 2492 2493 2590
f 2590 2493 2591
f 2493 2494 2591
f 2591 2494 2592
f 2494 2495 2592
f 2592 2495 2593
f 2495 2496 2593
f 2593 2496 2594
f 2496 2497 2594
f 2594 2497 2595
f 2497 2498 2595
f 2595 2498 2596
f 2498 2499 2596
f 2596 2499 2597
f 2499 2500 2597
f 2597 2500 2598
f 2500 2501 2598
f 2598 2501 2599
f 2501 2502 2599
f 2599 2502 2600
f 2502 2503 2600
f 2600 2503 2601
f 2503 2504 2601
f 2601 2504 2602
f 2504 2505 2602
f 2602 2505 2603
f 2505 2506 2603
f 2603 2506 2604
f 2506 2507 2604
f 2604 2507 2605
f 2507 2508 2605
f 2605 2508 2606
f 2508 2509 2606
f 2606 2509 2607
f 2509 2510 2607
f 2607 2510 2608
f 2510 2511 2608
f 2608 2511 2609
f 2511 2512 2609
f 2609 2512 2610
f 2512 2513 2610
f 2610 2513 2611
f 2513 2514 2611
f 2611 2514 2612
f 2514 2515 2612
f 2612 2515 2613
f 2515 2516 2613
f 2613 2516 2614
f 2516 2517 2614
f 2614 2517 2615
f 2517 2518 2615
f 2615 2518 2616
f 2518 2519 2616
f 2616 2519 2617
f 2519 2520 2617
f 2617 2520 2618
f 2520 2521 2618
f 2618 2521 2619
f 2521 2522 2619
f 2619 2522 2620
f 2522 2523 2620
f 2620 2523 2621
f 2523 2524 2621
f 2621 2524 2622
f 2524 2525 2622
f 2622 2525 2623
f 2525 2526 2623
f 2623 2526 2624
f 2526 2527 2624
f 2624 2527 2625
f 2527 2528 2625
f 2625 2528 2626
f 2528 2529 2626
f 2626 2529 2627
f 2529 2530 2627
f 2627 2530 2628
f 2530 2531 2628
f 2628 2531 2629
f 2531 2532 2629
f 2629 2532 2630
f 2532 2533 2630
f 2630 2533 2631
f 2533 2534 2631
f 2631 2534 2632
f 2534 2535 2632
f 2632 2535 2633
f 2535 2536 2633
f 2633 2536 2634
f 2536 2537 2634
f 2634 2537 2635
f 2537 2538 2635
f 2635 2538 2636
f 2538 2539 2636
f 2636 2539 2637
f 2539 2540 2637
f 2637 2540 2638
f 2540 2541 2638
f 2638 2541 2639
f 2541 2542 2639
f 2639 2542 2640
f 2542 2543 2640
f 2640 2543 2641
f 2543 2544 2641
f 2641 2544 2642
f 2544 2545 2642
f 2642 2545 2643
f 2545 2546 2643
f 2643 2546 2644
f 2546 2547 2644
f 2644 2547 2645
f 2547 2548 2645
f 2645 2548 2646
f 2548 2549 2646
f 2647 2550 2648
f 2550 2551 2648
f 2648 2551 2649
f 2551 2552 2649
f 2649 2552 2650
f 2552 2553 2650
f 2650 2553 2651
f 2553 2554 2651
f 2651 2554 2652
f 2554 2555 2652
f 2652 2555 2653
f 2555 2556 2653
f 2653 2556 2654
f 2556 2557 2654
f 2654 2557 2655
f 2557 2558 2655
f 2655 2558 2656
f 2558 2559 2656
f 2656 2559 2657
f 2559 2560 2657
f 2657 2560 2658
f 2560 2561 2658
f 2658 2561 2659
f 2561 2562 2659
f 2659 2562 2660
f 2562 2563 2660
f 2660 2563 2661
f 2563 2564 2661
f 2661 2564 2662
f 2564 2565 2662
f 2662 2565 2663
f 2565 2566 2663
f 2663 2566 2664
f 2566 2567 2664
f 2664 2567 2665
f 2567 2568 2665
f 2665 2568 2666
f 2568 2569 2666
f 2666 2569 2667
f 2569 2570 2667
f 2667 2570 2668
f 2570 2571 2668
f 2668 2571 2669
f 2571 2572 2669
f 2669 2572 2670
f 2572 2573 2670
f 2670 2573 2671
f 2573 2574 2671
f 2671 2574 2672
f 2574 2575 2672
f 2672 2575 2673
f 2575 2576 2673
f 2673 2576 2674
f 2576 2577 2674
f 2674 2577 2675
f 2577 2578 2675
f 2675 2578 2676
f 2578 2579 2676
f 2676 2579 2677
f 2579 2580 2677
f 2677 2580 2678
f 2580 2581 2678
f 2678 2581 2679
f 2581 2582 2679
f 2679 2582 2680
f 2582 2583 2680
f 2680 2583 2681
f 2583 2584 2681
f 2681 2584 2682
f 2584 2585 2682
f 2682 2585 2683
f 2585 2586 2683
f 2683 2586 2684
f 2586 2587 2684
f 2684 2587 2685
f 2587 2588 2685
f 2685 2588 2686
f 2588 2589 2686
f 2686 2589 2687
f 2589 2590 2687
f 2687 2590 2688
f 2590 2591 2688
f 2688 2591 2689
f 2591 2592 2689
f 2689 2592 2690
f 2592 2593 2690
f 2690 2593 2691
f 2593 2594 2691
f 2691 2594 2692
f 2594 2595 2692
f 2692 2595 2693
f 2595 2596 2693
f 2693 2596 2694
f 2596 2597 2694
f 2694 2597 2695
f 2597 2598 2695
f 2695 2598 2696
f 2598 2599 2696
f 2696 2599 2697
f 2599 2600 2697
f 2697 2600 2698
f 2600 2601 2698
f 2698 2601 2699
f 2601 2602 2699
f 2699 2602 2700
f 2602 2603 2700
f 2700 2603 2701
f 2603 2604 2701
f 2701 2604 2702
f 2604 2605 2702
f 2702 2605 2703
f 2605 2606 2703
f 2703 2606 2704
f 2606 2607 2704
f 2704 2607 2705
f 2607 2608 2705
f 2705 2608 2706
f 2608 2609 2706
f 2706 2609 2707
f 2609 2610 2707
f 2707 2610 2708
f 2610 2611 2708
f 2708 2611 2709
f 2611 2612 2709
f 2709 2612 2710
f 2612 2613 2710
f 2710 2613 2711
f 2613 2614 2711
f 2711 2614 2712
f 2614 2615 2712
f 2712 2615 2713
f 2615 2616 2713
f 2713 2616 2714
f 2616 2617 2714
f 2714 2617 2715
f 2617 2618 2715
f 2715 2618 2716
f 2618 2619 2716
f 2716 2619 2717
f 2619 2620 2717
f 2717 2620 2718
f 2620 2621 2718
f 2718 2621 2719
f 2621 2622 2719
f 2719 2622 2720
f 2622 2623 2720
f 2720 2623 2721
f 2623 2624 2721
f 2721 2624 2722
f 2624 2625 2722
f 2722 2625 2723
f 2625 2626 2723
f 2723 2626 2724
f 2626 2627 2724
f 2724 2627 2725
f 2627 2628 2725
f 2725 2628 2726
f 2628 2629 2726
f 2726 2629 2727
f 2629 2630 2727
f 2727 2630 2728
f 2630 2631 2728
f 2728 2631 2729
f 2631 2632 2729
f 2729 2632 2730
f 2632 2633 2730
f 2730 2633 2731
f 2633 2634 2731
f 2731 2634 2732
f 2634 2635 2732
f 2732 2635 2733
f 2635 2636 2733
f 2733 2636 2734
f 2636 2637 2734
f 2734 2637 2735
f 2637 2638 2735
f 2735 2638 2736
f 2638 2639 2736
f 2736 2639 2737
f 2639 2640 2737
f 2737 2640 2738
f 2640 2641 2738
f 2738 2641 2739
f 2641 2642 2739
f 2739 2642 2740
f 2642 2643 2740
f 2740 2643 2741
f 2643 2644 2741
f 2741 2644 2742
f 2644 2645 2742
f 2742 2645 2743
f 2645 2646 2743
f 2744 2647 2745
f 2647 2648 2745
f 2745 2648 2746
f 2648 2649 2746
f 2746 2649 2747
f 2649 2650 2747
f 2747 2650 2748
f 2650 2651 2748
f 2748 2651 2749
f 2651 2652 2749
f 2749 2652 2750
f 2652 2653 2750
f 2750 2653 2751
f 2653 2654 2751
f 2751 2654 2752
f 2654 2655 2752
f 2752 2655 2753
f 2655 2656 2753
f 2753 2656 2754
f 2656 2657 2754
f 2754 2657 2755
f 2657 2658 2755
f 2755 2658 2756
f 2658 2659 2756
f 2756 2659 2757
f 2659 2660 2757
f 2757 2660 2758
f 2660 2661 2758
f 2758 2661 2759
f 2661 2662 2759
f 2759 2662 2760
f 2662 2663 2760
f 2760 2663 2761
f 2663 2664 2761
f 2761 2664 2762
f 2664 2665 2762
f 2762 2665 2763
f 2665 2666 2763
f 2763 2666 2764
f 2666 2667 2764
f 2764 2667 2765
f 2667 2668 2765
f 2765 2668 2766
f 2668 2669 2766
f 2766 2669 2767
f 2669 2670 2767
f 2767 2670 2768
f 2670 2671 2768
f 2768 2671 2769
f 2671 2672 2769
f 2769 2672 2770
f 2672 2673 2770
f 2770 2673 2771
f 2673 2674 2771
f 2771 2674 2772
f 2674 2675 2772
f 2772 2675 2773
f 2675 2676 2773
f 2773 2676 2774
f 2676 2677 2774
f 2774 2677 2775
f 2677 2678 2775
f 2775 2678 2776
f 2678 2679 2776
f 2776 2679 2777
f 2679 2680 2777
f 2777 2680 2778
f 2680 2681 2778
f 2778 2681 2779
f 2681 2682 2779
f 2779 2682 2780
f 2682 2683 2780
f 2780 2683 2781
f 2683 2684 2781
f 2781 2684 2782
f 2684 2685 2782
f 2782 2685 2783
f 2685 2686 2783
f 2783 2686 2784
f 2686 2687 2784
f 2784 2687 2785
f 2687 2688 2785
f 2785 2688 2786
f 2688 2689 2786
f 2786 2689 2787
f 2689 2690 2787
f 2787 2690 2788
f 2690 2691 2788
f 2788 2691 2789
f 2691 2692 2789
f 2789 2692 2790
f 2692 2693 2790
f 2790 2693 2791
f 2693 2694 2791
f 2791 2694 2792
f 2694 2695 2792
f 2792 2695 2793
f 2695 2696 2793
f 2793 2696 2794
f 2696 2697 2794
f 2794 2697 2795
f 2697 2698 2795
f 2795 2698 2796
f 2698 2699 2796
f 2796 2699 2797
f 2699 2700 2797
f 2797 2700 2798
f 2700 2701 2798
f 2798 2701 2799
f 2701 2702 2799
f 2799 2702 2800
f 2702 2703 2800
f 2800 2703 2801
f 2703 2704 2801
f 2801 2704 2802
f 2704 2705 2802
f 2802 2705 2803
f 2705 2706 2803
f 2803 2706 2804
f 2706 2707 2804
f 2804 2707 2805
f 2707 2708 2805
f 2805 2708 2806
f 2708 2709 2806
f 2806 2709 2807
f 2709 2710 2807
f 2807 2710 2808
f 2710 2711 2808
f 2808 2711 2809
f 2711 2712 2809
f 2809 2712 2810
f 2712 2713 2810
f 2810 2713 2811
f 2713 2714 2811
f 2811 2714 2812
f 2714 2715 2812
f 2812 2715 2813
f 2715 2716 2813
f 2813 2716 2814
f 2716 2717 2814
f 2814 2717 2815
f 2717 2718 2815
f 2815 2718 2816
f 2718 2719 2816
f 2816 2719 2817
f 2719 2720 2817
f 2817 2720 2818
f 2720 2721 2818
f 2818 2721 2819
f 2721 2722 2819
f 2819 2722 2820
f 2722 2723 2820
f 2820 2723 2821
f 2723 2724 2821
f 2821 2724 2822
f 2724 2725 2822
f 2822 2725 2823
f 2725 2726 2823
f 2823 2726 2824
f 2726 2727 2824
f 2824 2727 2825
f 2727 2728 2825
f 2825 2728 2826
f 2728 2729 2826
f 2826 2729 2827
f 2729 2730 2827
f 2827 2730 2828
f 2730 2731 2828
f 2828 2731 2829
f 2731 2732 2829
f 2829 2732 2830
f 2732 2733 2830
f 2830 2733 2831
f 2733 2734 2831
f 2831 2734 2832
f 2734 2735 2832
f 2832 2735 2833
f 2735 2736 2833
f 2833 2736 2834
f 2736 2737 2834
f 2834 2737 2835
f 2737 2738 2835
f 2835 2738 2836
f 2738 2739 2836
f 2836 2739 2837
f 2739 2740 2837
f 2837 2740 2838
f 2740 2741 2838
f 2838 2741 2839
f 2741 2742 2839
f 2839 2742 2840
f 2742 2743 2840
f 2841 2744 2842
f 2744 2745 2842
f 2842 2745 2843
f 2745 2746 2843
f 2843 2746 2844
f 2746 2747 2844
f 2844 2747 2845
f 2747 2748 2845
f 2845 2748 2846
f 2748 2749 2846
f 2846 2749 2847
f 2749 2750 2847
f 2847 2750 2848
f 2750 2751 2848
f 2848 2751 2849
f 2751 2752 2849
f 2849 2752 2850
f 2752 2753 2850
f 2850 2753 2851
f 2753 2754 2851
f 2851 2754 2852
f 2754 2755 2852
f 2852 2755 2853
f 2755 2756 2853
f 2853 2756 2854
f 2756 2757 2854
f 2854 2757 2855
f 2757 2758 2855
f 2855 2758 2856
f 2758 2759 2856
f 2856 2759 2857
f 2759 2760 2857
f 2857 2760 2858
f 2760 2761 2858
f 2858 2761 2859
f 2761 2762 2859
f 2859 2762 2860
f 2762 2763 2860
f 2860 2763 2861
f 2763 2764 2861
f 2861 2764 2862
f 2764 2765 2862
f 2862 2765 2863
f 2765 2766 2863
f 2863 2766 2864
f 2766 2767 2864
f 2864 2767 2865
f 2767 2768 2865
f 2865 2768 2866
f 2768 2769 2866
f 2866 2769 2867
f 2769 2770 2867
f 2867 2770 2868
f 2770 2771 2868
f 2868 2771 2869
f 2771 2772 2869
f 2869 2772 2870
f 2772 2773 2870
f 2870 2773 2871
f 2773 2774 2871
f 2871 2774 2872
f 2774 2775 2872
f 2872 2775 2873
f 2775 2776 2873
f 2873 2776 2874
f 2776 2777 2874
f 2874 2777 2875
f 2777 2778 2875
f 2875 2778 2876
f 2778 2779 2876
f 2876 2779 2877
f 2779 2780 2877
f 2877 2780 2878
f 2780 2781 2878
f 2878 2781 2879
f 2781 2782 2879
f 2879 2782 2880
f 2782 2783 2880
f 2880 2783 2881
f 2783 2784 2881
f 2881 2784 2882
f 2784 2785 2882
f 2882 2785 2883
f 2785 2786 2883
f 2883 2786 2884
f 2786 2787 2884
f 2884 2787 2885
f 2787 2788 2885
f 2885 2788 2886
f 2788 2789 2886
f 2886 2789 2887
f 2789 2790 2887
f 2887 2790 2888
f 2790 2791 2888
f 2888 2791 2889
f 2791 2792 2889
f 2889 2792 2890
f 2792 2793 2890
f 2890 2793 2891
f 2793 2794 2891
f 2891 2794 2892
f 2794 2795 2892
f 2892 2795 2893
f 2795 2796 2893
f 2893 2796 2894
f 2796 2797 2894
f 2894 2797 2895
f 2797 2798 2895
f 2895 2798 2896
f 2798 2799 2896
f 2896 2799 2897
f 2799 2800 2897
f 2897 2800 2898
f 2800 2801 2898
f 2898 2801 2899
f 2801 2802 2899
f 2899 2802 2900
f 2802 2803 2900
f 2900 2803 2901
f 2803 2804 2901
f 2901 2804 2902
f 2804 2805 2902
f 2902 2805 2903
f 2805 2806 2903
f 2903 2806 2904
f 2806 2807 2904
f 2904 2807 2905
f 2807 2808 2905
f 2905 2808 2906
f 2808 2809 2906
f 2906 2809 2907
f 2809 2810 2907
f 2907 2810 2908
f 2810 2811 2908
f 2908 2811 2909
f 2811 2812 2909
f 2909 2812 2910
f 2812 2813 2910
f 2910 2813 2911
f 2813 2814 2911
f 2911 2814 2912
f 2814 2815 2912
f 2912 2815 2913
f 2815 2816 2913
f 2913 2816 2914
f 2816 2817 2914
f 2914 2817 2915
f 2817 2818 2915
f 2915 2818 2916
f 2818 2819 2916
f 2916 2819 2917
f 2819 2820 2917
f 2917 2820 2918
f 2820 2821 2918
f 2918 2821 2919
f 2821 2822 2919
f 2919 2822 2920
f 2822 2823 2920
f 2920 2823 2921
f 2823 2824 2921
f 2921 2824 2922
f 2824 2825 2922
f 2922 2825 2923
f 2825 2826 2923
f 2923 2826 2924
f 2826 2827 2924
f 2924 2827 2925
f 2827 2828 2925
f 2925 2828 2926
f 2828 2829 2926
f 2926 2829 2927
f 2829 2830 2927
f 2927 2830 2928
f 2830 2831 2928
f 2928 2831 2929
f 2831 2832 2929
f 2929 2832 2930
f 2832 2833 2930
f 2930 2833 2931
f 2833 2834 2931
f 2931 2834 2932
f 2834 2835 2932
f 2932 2835 2933
f 2835 2836 2933
f 2933 2836 2934
f 2836 2837 2934
f 2934 2837 2935
f 2837 2838 2935
f 2935 2838 2936
f 2838 2839 2936
f 2936 2839 2937
f 2839 2840 2937
f 2938 2971 2939
f 2971 2972 2939
f 2939 2972 2940
f 2972 2973 2940
f 2940 2973 2941
f 2973 2974 2941
f 2941 2974 2942
f 2974 2975 2942
f 2942 2975 2943
f 2975 2976 2943
f 2943 2976 2944
f 2976 2977 2944
f 2944 2977 2945
f 2977 2978 2945
f 2945 2978 2946
f 2978 2979 2946
f 2946 2979 2947
f 2979 2980 2947
f 2947 2980 2948
f 2980 2981 2948
f 2948 2981 2949
f 2981 2982 2949
f 2949 2982 2950
f 2982 2983 2950
f 2950 2983 2951
f 2983 2984 2951
f 2951 2984 2952
f 2984 2985 2952
f 2952 2985 2953
f 2985 2986 2953
f 2953 2986 2954
f 2986 2987 2954
f 2954 2987 2955
f 2987 2988 2955
f 2955 2988 2956
f 2988 2989 2956
f 2956 2989 2957
f 2989 2990 2957
f 2957 2990 2958
f 2990 2991 2958
f 2958 2991 2959
f 2991 2992 2959
f 2959 2992 2960
f 2992 2993 2960
f 2960 2993 2961
f 2993 2994 2961
f 2961 2994 2962
f 2994 2995 2962
f 2962 2995 2963
f 2995 2996 2963
f 2963 2996 2964
f 2996 2997 2964
f 2964 2997 2965
f 2997 2998 2965
f 2965 2998 2966
f 2998 2999 2966
f 2966 2999 2967
f 2999 3000 2967
f 2967 3000 2968
f 3000 3001 2968
f 2968 3001 2969
f 3001 3002 2969
f 2969 3002 2970
f 3002 3003 2970
f 3036 3037 3004
f 3037 3038 3005
f 3038 3039 3006
f 3039 3040 3007
f 3040 3041 3008
f 3041 3042 3009
f 3042 3043 3010
f 3043 3044 3011
f 3044 3045 3012
f 3045 3046 3013
f 3046 3047 3014
f 3047 3048 3015
f 3048 3049 3016
f 3049 3050 3017
f 3050 3051 3018
f 3051 3052 3019
f 3052 3053 3020
f 3053 3054 3021
f 3054 3055 3022
f 3055 3056 3023
f 3056 3057 3024
f 3057 3058 3025
f 3058 3059 3026
f 3059 3060 3027
f 3060 3061 3028
f 3061 3062 3029
f 3062 3063 3030
f 3063 3064 3031
f 3064 3065 3032
f 3065 3066 3033
f 3066 3067 3034
f 3067 3068 3035
f 3102 3101 3069
f 3103 3102 3070
f 3104 3103 3071
f 3105 3104 3072
f 3106 3105 3073
f 3107 3106 3074
f 3108 3107 3075
f 3109 3108 3076
f 3110 3109 3077
f 3111 3110 3078
f 3112 3111 3079
f 3113 3112 3080
f 3114 3113 3081
f 3115 3114 3082
f 3116 3115 3083
f 3117 3116 3084
f 3118 3117 3085
f 3119 3118 3086
f 3120 3119 3087
f 3121 3120 3088
f 3122 3121 3089
f 3123 3122 3090
f 3124 3123 3091
f 3125 3124 3092
f 3126 3125 3093
f 3127 3126 3094
f 3128 3127 3095
f 3129 3128 3096
f 3130 3129 3097
f 3131 3130 3098
f 3132 3131 3099
f 3133 3132 3100
f 3134 3151 3135
f 3151 3152 3135
f 3135 3152 3136
f 3152 3153 3136
f 3136 3153 3137
f 3153 3154 3137
f 3137 3154 3138
f 3154 3155 3138
f 3138 3155 3139
f 3155 3156 3139
f 3139 3156 3140
f 3156 3157 3140
f 3140 3157 3141
f 3157 3158 3141
f 3141 3158 3142
f 3158 3159 3142
f 3142 3159 3143
f 3159 3160 3143
f 3143 3160 3144
f 3160 3161 3144
f 3144 3161 3145
f 3161 3162 3145
f 3145 3162 3146
f 3162 3163 3146
f 3146 3163 3147
f 3163 3164 3147
f 3147 3164 3148
f 3164 3165 3148
f 3148 3165 3149
f 3165 3166 3149
f 3149 3166 3150
f 3166 3167 3150
f 3184 3185 3168
f 3185 3186 3169
f 3186 3187 3170
f 3187 3188 3171
f 3188 3189 3172
f 3189 3190 3173
f 3190 3191 3174
f 3191 3192 3175
f 3192 3193 3176
f 3193 3194 3177
f 3194 3195 3178
f 3195 3196 3179
f 3196 3197 3180
f 3197 3198 3181
f 3198 3199 3182
f 3199 3200 3183
f 3218 3217 3201
f 3219 3218 3202
f 3220 3219 3203
f 3221 3220 3204
f 3222 3221 3205
f 3223 3222 3206
f 3224 3223 3207
f 3225 3224 3208
f 3226 3225 3209
f 3227 3226 3210
f 3228 3227 3211
f 3229 3228 3212
f 3230 3229 3213
f 3231 3230 3214
f 3232 3231 3215
f 3233 3232 3216
f 3234 3283 3284
f 3235 3284 3285
f 3236 3285 3286
f 3237 3286 3287
f 3238 3287 3288
f 3239 3288 3289
f 3240 3289 3290
f 3241 3290 3291
f 3242 3291 3292
f 3243 3292 3293
f 3244 3293 3294
f 3245 3294 3295
f 3246 3295 3296
f 3247 3296 3297
f 3248 3297 3298
f 3249 3298 3299
f 3250 3299 3300
f 3251 3300 3301
f 3252 3301 3302
f 3253 3302 3303
f 3254 3303 3304
f 3255 3304 3305
f 3256 3305 3306
f 3257 3306 3307
f 3258 3307 3308
f 3259 3308 3309
f 3260 3309 3310
f 3261 3310 3311
f 3262 3311 3312
f 3263 3312 3313
f 3264 3313 3314
f 3265 3314 3315
f 3266 3315 3316
f 3267 3316 3317
f 3268 3317 3318
f 3269 3318 3319
f 3270 3319 3320
f 3271 3320 3321
f 3272 3321 3322
f 3273 3322 3323
f 3274 3323 3324
f 3275 3324 3325
f 3276 3325 3326
f 3277 3326 3327
f 3278 3327 3328
f 3279 3328 3329
f 3280 3329 3330
f 3281 3330 3331
f 3284 3283 3333
f 3283 3332 3333
f 3285 3284 3334
f 3284 3333 3334
f 3286 3285 3335
f 3285 3334 3335
f 3287 3286 3336
f 3286 3335 3336
f 3288 3287 3337
f 3287 3336 3337
f 3289 3288 3338
f 3288 3337 3338
f 3290 3289 3339
f 3289 3338 3339
f 3291 3290 3340
f 3290 3339 3340
f 3292 3291 3341
f 3291 3340 3341
f 3293 3292 3342
f 3292 3341 3342
f 3294 3293 3343
f 3293 3342 3343
f 3295 3294 3344
f 3294 3343 3344
f 3296 3295 3345
f 3295 3344 3345
f 3297 3296 3346
f 3296 3345 3346
f 3298 3297 3347
f 3297 3346 3347
f 3299 3298 3348
f 3298 3347 3348
f 3300 3299 3349
f 3299 3348 3349
f 3301 3300 3350
f 3300 3349 3350
f 3302 3301 3351
f 3301 3350 3351
f 3303 3302 3352
f 3302 3351 3352
f 3304 3303 3353
f 3303 3352 3353
f 3305 3304 3354
f 3304 3353 3354
f 3306 3305 3355
f 3305 3354 3355
f 3307 3306 3356
f 3306 3355 3356
f 3308 3307 3357
f 3307 3356 3357
f 3309 3308 3358
f 3308 3357 3358
f 3310 3309 3359
f 3309 3358 3359
f 3311 3310 3360
f 3310 3359 3360
f 3312 3311 3361
f 3311 3360 3361
f 3313 3312 3362
f 3312 3361 3362
f 3314 3313 3363
f 3313 3362 3363
f 3315 3314 3364
f 3314 3363 3364
f 3316 3315 3365
f 3315 3364 3365
f 3317 3316 3366
f 3316 3365 3366
f 3318 3317 3367
f 3317 3366 3367
f 3319 3318 3368
f 3318 3367 3368
f 3320 3319 3369
f 3319 3368 3369
f 3321 3320 3370
f 3320 3369 3370
f 3322 3321 3371
f 3321 3370 3371
f 3323 3322 3372
f 3322 3371 3372
f 3324 3323 3373
f 3323 3372 3373
f 3325 3324 3374
f 3324 3373 3374
f 3326 3325 3375
f 3325 3374 3375
f 3327 3326 3376
f 3326 3375 3376
f 3328 3327 3377
f 3327 3376 3377
f 3329 3328 3378
f 3328 3377 3378
f 3330 3329 3379
f 3329 3378 3379
f 3331 3330 3380
f 3330 3379 3380
f 3333 3332 3382
f 3332 3381 3382
f 3334 3333 3383
f 3333 3382 3383
f 3335 3334 3384
f 3334 3383 3384
f 3336 3335 3385
f 3335 3384 3385
f 3337 3336 3386
f 3336 3385 3386
f 3338 3337 3387
f 3337 3386 3387
f 3339 3338 3388
f 3338 3387 3388
f 3340 3339 3389
f 3339 3388 3389
f 3341 3340 3390
f 3340 3389 3390
f 3342 3341 3391
f 3341 3390 3391
f 3343 3342 3392
f 3342 3391 3392
f 3344 3343 3393
f 3343 3392 3393
f 3345 3344 3394
f 3344 3393 3394
f 3346 3345 3395
f 3345 3394 3395
f 3347 3346 3396
f 3346 3395 3396
f 3348 3347 3397
f 3347 3396 3397
f 3349 3348 3398
f 3348 3397 3398
f 3350 3349 3399
f 3349 3398 3399
f 3351 3350 3400
f 3350 3399 3400
f 3352 3351 3401
f 3351 3400 3401
f 3353 3352 3402
f 3352 3401 3402
f 3354 3353 3403
f 3353 3402 3403
f 3355 3354 3404
f 3354 3403 3404
f 3356 3355 3405
f 3355 3404 3405
f 3357 3356 3406
f 3356 3405 3406
f 3358 3357 3407
f 3357 3406 3407
f 3359 3358 3408
f 3358 3407 3408
f 3360 3359 3409
f 3359 3408 3409
f 3361 3360 3410
f 3360 3409 3410
f 3362 3361 3411
f 3361 3410 3411
f 3363 3362 3412
f 3362 3411 3412
f 3364 3363 3413
f 3363 3412 3413
f 3365 3364 3414
f 3364 3413 3414
f 3366 3365 3415
f 3365 3414 3415
f 3367 3366 3416
f 3366 3415 3416
f 3368 3367 3417
f 3367 3416 3417
f 3369 3368 3418
f 3368 3417 3418
f 3370 3369 3419
f 3369 3418 3419
f 3371 3370 3420
f 3370 3419 3420
f 3372 3371 3421
f 3371 3420 3421
f 3373 3372 3422
f 3372 3421 3422
f 3374 3373 3423
f 3373 3422 3423
f 3375 3374 3424
f 3374 3423 3424
f 3376 3375 3425
f 3375 3424 3425
f 3377 3376 3426
f 3376 3425 3426
f 3378 3377 3427
f 3377 3426 3427
f 3379 3378 3428
f 3378 3427 3428
f 3380 3379 3429
f 3379 3428 3429
f 3382 3381 3431
f 3381 3430 3431
f 3383 3382 3432
f 3382 3431 3432
f 3384 3383 3433
f 3383 3432 3433
f 3385 3384 3434
f 3384 3433 3434
f 3386 3385 3435
f 3385 3434 3435
f 3387 3386 3436
f 3386 3435 3436
f 3388 3387 3437
f 3387 3436 3437
f 3389 3388 3438
f 3388 3437 3438
f 3390 3389 3439
f 3389 3438 3439
f 3391 3390 3440
f 3390 3439 3440
f 3392 3391 3441
f 3391 3440 3441
f 3393 3392 3442
f 3392 3441 3442
f 3394 3393 3443
f 3393 3442 3443
f 3395 3394 3444
f 3394 3443 3444
f 3396 3395 3445
f 3395 3444 3445
f 3397 3396 3446
f 3396 3445 3446
f 3398 3397 3447
f 3397 3446 3447
f 3399 3398 3448
f 3398 3447 3448
f 3400 3399 3449
f 3399 3448 3449
f 3401 3400 3450
f 3400 3449 3450
f 3402 3401 3451
f 3401 3450 3451
f 3403 3402 3452
f 3402 3451 3452
f 3404 3403 3453
f 3403 3452 3453
f 3405 3404 3454
f 3404 3453 3454
f 3406 3405 3455
f 3405 3454 3455
f 3407 3406 3456
f 3406 3455 3456
f 3408 3407 3457
f 3407 3456 3457
f 3409 3408 3458
f 3408 3457 3458
f 3410 3409 3459
f 3409 3458 3459
f 3411 3410 3460
f 3410 3459 3460
f 3412 3411 3461
f 3411 3460 3461
f 3413 3412 3462
f 3412 3461 3462
f 3414 3413 3463
f 3413 3462 3463
f 3415 3414 3464
f 3414 3463 3464
f 3416 3415 3465
f 3415 3464 3465
f 3417 3416 3466
f 3416 3465 3466
f 3418 3417 3467
f 3417 3466 3467
f 3419 3418 3468
f 3418 3467 3468
f 3420 3419 3469
f 3419 3468 3469
f 3421 3420 3470
f 3420 3469 3470
f 3422 3421 3471
f 3421 3470 3471
f 3423 3422 3472
f 3422 3471 3472
f 3424 3423 3473
f 3423 3472 3473
f 3425 3424 3474
f 3424 3473 3474
f 3426 3425 3475
f 3425 3474 3475
f 3427 3426 3476
f 3426 3475 3476
f 3428 3427 3477
f 3427 3476 3477
f 3429 3428 3478
f 3428 3477 3478
f 3431 3430 3480
f 3430 3479 3480
f 3432 3431 3481
f 3431 3480 3481
f 3433 3432 3482
f 3432 3481 3482
f 3434 3433 3483
f 3433 3482 3483
f 3435 3434 3484
f 3434 3483 3484
f 3436 3435 3485
f 3435 3484 3485
f 3437 3436 3486
f 3436 3485 3486
f 3438 3437 3487
f 3437 3486 3487
f 3439 3438 3488
f 3438 3487 3488
f 3440 3439 3489
f 3439 3488 3489
f 3441 3440 3490
f 3440 3489 3490
f 3442 3441 3491
f 3441 3490 3491
f 3443 3442 3492
f 3442 3491 3492
f 3444 3443 3493
f 3443 3492 3493
f 3445 3444 3494
f 3444 3493 3494
f 3446 3445 3495
f 3445 3494 3495
f 3447 3446 3496
f 3446 3495 3496
f 3448 3447 3497
f 3447 3496 3497
f 3449 3448 3498
f 3448 3497 3498
f 3450 3449 3499
f 3449 3498 3499
f 3451 3450 3500
f 3450 3499 3500
f 3452 3451 3501
f 3451 3500 3501
f 3453 3452 3502
f 3452 3501 3502
f 3454 3453 3503
f 3453 3502 3503
f 3455 3454 3504
f 3454 3503 3504
f 3456 3455 3505
f 3455 3504 3505
f 3457 3456 3506
f 3456 3505 3506
f 3458 3457 3507
f 3457 3506 3507
f 3459 3458 3508
f 3458 3507 3508
f 3460 3459 3509
f 3459 3508 3509
f 3461 3460 3510
f 3460 3509 3510
f 3462 3461 3511
f 3461 3510 3511
f 3463 3462 3512
f 3462 3511 3512
f 3464 3463 3513
f 3463 3512 3513
f 3465 3464 3514
f 3464 3513 3514
f 3466 3465 3515
f 3465 3514 3515
f 3467 3466 3516
f 3466 3515 3516
f 3468 3467 3517
f 3467 3516 3517
f 3469 3468 3518
f 3468 3517 3518
f 3470 3469 3519
f 3469 3518 3519
f 3471 3470 3520
f 3470 3519 3520
f 3472 3471 3521
f 3471 3520 3521
f 3473 3472 3522
f 3472 3521 3522
f 3474 3473 3523
f 3473 3522 3523
f 3475 3474 3524
f 3474 3523 3524
f 3476 3475 3525
f 3475 3524 3525
f 3477 3476 3526
f 3476 3525 3526
f 3478 3477 3527
f 3477 3526 3527
f 3480 3479 3529
f 3479 3528 3529
f 3481 3480 3530
f 3480 3529 3530
f 3482 3481 3531
f 3481 3530 3531
f 3483 3482 3532
f 3482 3531 3532
f 3484 3483 3533
f 3483 3532 3533
f 3485 3484 3534
f 3484 3533 3534
f 3486 3485 3535
f 3485 3534 3535
f 3487 3486 3536
f 3486 3535 3536
f 3488 3487 3537
f 3487 3536 3537
f 3489 3488 3538
f 3488 3537 3538
f 3490 3489 3539
f 3489 3538 3539
f 3491 3490 3540
f 3490 3539 3540
f 3492 3491 3541
f 3491 3540 3541
f 3493 3492 3542
f 3492 3541 3542
f 3494 3493 3543
f 3493 3542 3543
f 3495 3494 3544
f 3494 3543 3544
f 3496 3495 3545
f 3495 3544 3545
f 3497 3496 3546
f 3496 3545 3546
f 3498 3497 3547
f 3497 3546 3547
f 3499 3498 3548
f 3498 3547 3548
f 3500 3499 3549
f 3499 3548 3549
f 3501 3500 3550
f 3500 3549 3550
f 3502 3501 3551
f 3501 3550 3551
f 3503 3502 3552
f 3502 3551 3552
f 3504 3503 3553
f 3503 3552 3553
f 3505 3504 3554
f 3504 3553 3554
f 3506 3505 3555
f 3505 3554 3555
f 3507 3506 3556
f 3506 3555 3556
f 3508 3507 3557
f 3507 3556 3557
f 3509 3508 3558
f 3508 3557 3558
f 3510 3509 3559
f 3509 3558 3559
f 3511 3510 3560
f 3510 3559 3560
f 3512 3511 3561
f 3511 3560 3561
f 3513 3512 3562
f 3512 3561 3562
f 3514 3513 3563
f 3513 3562 3563
f 3515 3514 3564
f 3514 3563 3564
f 3516 3515 3565
f 3515 3564 3565
f 3517 3516 3566
f 3516 3565 3566
f 3518 3517 3567
f 3517 3566 3567
f 3519 3518 3568
f 3518 3567 3568
f 3520 3519 3569
f 3519 3568 3569
f 3521 3520 3570
f 3520 3569 3570
f 3522 3521 3571
f 3521 3570 3571
f 3523 3522 3572
f 3522 3571 3572
f 3524 3523 3573
f 3523 3572 3573
f 3525 3524 3574
f 3524 3573 3574
f 3526 3525 3575
f 3525 3574 3575
f 3527 3526 3576
f 3526 3575 3576
f 3529 3528 3578
f 3528 3577 3578
f 3530 3529 3579
f 3529 3578 3579
f 3531 3530 3580
f 3530 3579 3580
f 3532 3531 3581
f 3531 3580 3581
f 3533 3532 3582
f 3532 3581 3582
f 3534 3533 3583
f 3533 3582 3583
f 3535 3534 3584
f 3534 3583 3584
f 3536 3535 3585
f 3535 3584 3585
f 3537 3536 3586
f 3536 3585 3586
f 3538 3537 3587
f 3537 3586 3587
f 3539 3538 3588
f 3538 3587 3588
f 3540 3539 3589
f 3539 3588 3589
f 3541 3540 3590
f 3540 3589 3590
f 3542 3541 3591
f 3541 3590 3591
f 3543 3542 3592
f 3542 3591 3592
f 3544 3543 3593
f 3543 3592 3593
f 3545 3544 3594
f 3544 3593 3594
f 3546 3545 3595
f 3545 3594 3595
f 3547 3546 3596
f 3546 3595 3596
f 3548 3547 3597
f 3547 3596 3597
f 3549 3548 3598
f 3548 3597 3598
f 3550 3549 3599
f 3549 3598 3599
f 3551 3550 3600
f 3550 3599 3600
f 3552 3551 3601
f 3551 3600 3601
f 3553 3552 3602
f 3552 3601 3602
f 3554 3553 3603
f 3553 3602 3603
f 3555 3554 3604
f 3554 3603 3604
f 3556 3555 3605
f 3555 3604 3605
f 3557 3556 3606
f 3556 3605 3606
f 3558 3557 3607
f 3557 3606 3607
f 3559 3558 3608
f 3558 3607 3608
f 3560 3559 3609
f 3559 3608 3609
f 3561 3560 3610
f 3560 3609 3610
f 3562 3561 3611
f 3561 3610 3611
f 3563 3562 3612
f 3562 3611 3612
f 3564 3563 3613
f 3563 3612 3613
f 3565 3564 3614
f 3564 3613 3614
f 3566 3565 3615
f 3565 3614 3615
f 3567 3566 3616
f 3566 3615 3616
f 3568 3567 3617
f 3567 3616 3617
f 3569 3568 3618
f 3568 3617 3618
f 3570 3569 3619
f 3569 3618 3619
f 3571 3570 3620
f 3570 3619 3620
f 3572 3571 3621
f 3571 3620 3621
f 3573 3572 3622
f 3572 3621 3622
f 3574 3573 3623
f 3573 3622 3623
f 3575 3574 3624
f 3574 3623 3624
f 3576 3575 3625
f 3575 3624 3625
f 3578 3577 3627
f 3577 3626 3627
f 3579 3578 3628
f 3578 3627 3628
f 3580 3579 3629
f 3579 3628 3629
f 3581 3580 3630
f 3580 3629 3630
f 3582 3581 3631
f 3581 3630 3631
f 3583 3582 3632
f 3582 3631 3632
f 3584 3583 3633
f 3583 3632 3633
f 3585 3584 3634
f 3584 3633 3634
f 3586 3585 3635
f 3585 3634 3635
f 3587 3586 3636
f 3586 3635 3636
f 3588 3587 3637
f 3587 3636 3637
f 3589 3588 3638
f 3588 3637 3638
f 3590 3589 3639
f 3589 3638 3639
f 3591 3590 3640
f 3590 3639 3640
f 3592 3591 3641
f 3591 3640 3641
f 3593 3592 3642
f 3592 3641 3642
f 3594 3593 3643
f 3593 3642 3643
f 3595 3594 3644
f 3594 3643 3644
f 3596 3595 3645
f 3595 3644 3645
f 3597 3596 3646
f 3596 3645 3646
f 3598 3597 3647
f 3597 3646 3647
f 3599 3598 3648
f 3598 3647 3648
f 3600 3599 3649
f 3599 3648 3649
f 3601 3600 3650
f 3600 3649 3650
f 3602 3601 3651
f 3601 3650 3651
f 3603 3602 3652
f 3602 3651 3652
f 3604 3603 3653
f 3603 3652 3653
f 3605 3604 3654
f 3604 3653 3654
f 3606 3605 3655
f 3605 3654 3655
f 3607 3606 3656
f 3606 3655 3656
f 3608 3607 3657
f 3607 3656 3657
f 3609 3608 3658
f 3608 3657 3658
f 3610 3609 3659
f 3609 3658 3659
f 3611 3610 3660
f 3610 3659 3660
f 3612 3611 3661
f 3611 3660 3661
f 3613 3612 3662
f 3612 3661 3662
f 3614 3613 3663
f 3613 3662 3663
f 3615 3614 3664
f 3614 3663 3664
f 3616 3615 3665
f 3615 3664 3665
f 3617 3616 3666
f 3616 3665 3666
f 3618 3617 3667
f 3617 3666 3667
f 3619 3618 3668
f 3618 3667 3668
f 3620 3619 3669
f 3619 3668 3669
f 3621 3620 3670
f 3620 3669 3670
f 3622 3621 3671
f 3621 3670 3671
f 3623 3622 3672
f 3622 3671 3672
f 3624 3623 3673
f 3623 3672 3673
f 3625 3624 3674
f 3624 3673 3674
f 3627 3626 3676
f 3626 3675 3676
f 3628 3627 3677
f 3627 3676 3677
f 3629 3628 3678
f 3628 3677 3678
f 3630 3629 3679
f 3629 3678 3679
f 3631 3630 3680
f 3630 3679 3680
f 3632 3631 3681
f 3631 3680 3681
f 3633 3632 3682
f 3632 3681 3682
f 3634 3633 3683
f 3633 3682 3683
f 3635 3634 3684
f 3634 3683 3684
f 3636 3635 3685
f 3635 3684 3685
f 3637 3636 3686
f 3636 3685 3686
f 3638 3637 3687
f 3637 3686 3687
f 3639 3638 3688
f 3638 3687 3688
f 3640 3639 3689
f 3639 3688 3689
f 3641 3640 3690
f 3640 3689 3690
f 3642 3641 3691
f 3641 3690 3691
f 3643 3642 3692
f 3642 3691 3692
f 3644 3643 3693
f 3643 3692 3693
f 3645 3644 3694
f 3644 3693 3694
f 3646 3645 3695
f 3645 3694 3695
f 3647 3646 3696
f 3646 3695 3696
f 3648 3647 3697
f 3647 3696 3697
f 3649 3648 3698
f 3648 3697 3698
f 3650 3649 3699
f 3649 3698 3699
f 3651 3650 3700
f 3650 3699 3700
f 3652 3651 3701
f 3651 3700 3701
f 3653 3652 3702
f 3652 3701 3702
f 3654 3653 3703
f 3653 3702 3703
f 3655 3654 3704
f 3654 3703 3704
f 3656 3655 3705
f 3655 3704 3705
f 3657 3656 3706
f 3656 3705 3706
f 3658 3657 3707
f 3657 3706 3707
f 3659 3658 3708
f 3658 3707 3708
f 3660 3659 3709
f 3659 3708 3709
f 3661 3660 3710
f 3660 3709 3710
f 3662 3661 3711
f 3661 3710 3711
f 3663 3662 3712
f 3662 3711 3712
f 3664 3663 3713
f 3663 3712 3713
f 3665 3664 3714
f 3664 3713 3714
f 3666 3665 3715
f 3665 3714 3715
f 3667 3666 3716
f 3666 3715 3716
f 3668 3667 3717
f 3667 3716 3717
f 3669 3668 3718
f 3668 3717 3718
f 3670 3669 3719
f 3669 3718 3719
f 3671 3670 3720
f 3670 3719 3720
f 3672 3671 3721
f 3671 3720 3721
f 3673 3672 3722
f 3672 3721 3722
f 3674 3673 3723
f 3673 3722 3723
f 3676 3675 3725
f 3675 3724 3725
f 3677 3676 3726
f 3676 3725 3726
f 3678 3677 3727
f 3677 3726 3727
f 3679 3678 3728
f 3678 3727 3728
f 3680 3679 3729
f 3679 3728 3729
f 3681 3680 3730
f 3680 3729 3730
f 3682 3681 3731
f 3681 3730 3731
f 3683 3682 3732
f 3682 3731 3732
f 3684 3683 3733
f 3683 3732 3733
f 3685 3684 3734
f 3684 3733 3734
f 3686 3685 3735
f 3685 3734 3735
f 3687 3686 3736
f 3686 3735 3736
f 3688 3687 3737
f 3687 3736 3737
f 3689 3688 3738
f 3688 3737 3738
f 3690 3689 3739
f 3689 3738 3739
f 3691 3690 3740
f 3690 3739 3740
f 3692 3691 3741
f 3691 3740 3741
f 3693 3692 3742
f 3692 3741 3742
f 3694 3693 3743
f 3693 3742 3743
f 3695 3694 3744
f 3694 3743 3744
f 3696 3695 3745
f 3695 3744 3745
f 3697 3696 3746
f 3696 3745 3746
f 3698 3697 3747
f 3697 3746 3747
f 3699 3698 3748
f 3698 3747 3748
f 3700 3699 3749
f 3699 3748 3749
f 3701 3700 3750
f 3700 3749 3750
f 3702 3701 3751
f 3701 3750 3751
f 3703 3702 3752
f 3702 3751 3752
f 3704 3703 3753
f 3703 3752 3753
f 3705 3704 3754
f 3704 3753 3754
f 3706 3705 3755
f 3705 3754 3755
f 3707 3706 3756
f 3706 3755 3756
f 3708 3707 3757
f 3707 3756 3757
f 3709 3708 3758
f 3708 3757 3758
f 3710 3709 3759
f 3709 3758 3759
f 3711 3710 3760
f 3710 3759 3760
f 3712 3711 3761
f 3711 3760 3761
f 3713 3712 3762
f 3712 3761 3762
f 3714 3713 3763
f 3713 3762 3763
f 3715 3714 3764
f 3714 3763 3764
f 3716 3715 3765
f 3715 3764 3765
f 3717 3716 3766
f 3716 3765 3766
f 3718 3717 3767
f 3717 3766 3767
f 3719 3718 3768
f 3718 3767 3768
f 3720 3719 3769
f 3719 3768 3769
f 3721 3720 3770
f 3720 3769 3770
f 3722 3721 3771
f 3721 3770 3771
f 3723 3722 3772
f 3722 3771 3772
f 3725 3724 3774
f 3724 3773 3774
f 3726 3725 3775
f 3725 3774 3775
f 3727 3726 3776
f 3726 3775 3776
f 3728 3727 3777
f 3727 3776 3777
f 3729 3728 3778
f 3728 3777 3778
f 3730 3729 3779
f 3729 3778 3779
f 3731 3730 3780
f 3730 3779 3780
f 3732 3731 3781
f 3731 3780 3781
f 3733 3732 3782
f 3732 3781 3782
f 3734 3733 3783
f 3733 3782 3783
f 3735 3734 3784
f 3734 3783 3784
f 3736 3735 3785
f 3735 3784 3785
f 3737 3736 3786
f 3736 3785 3786
f 3738 3737 3787
f 3737 3786 3787
f 3739 3738 3788
f 3738 3787 3788
f 3740 3739 3789
f 3739 3788 3789
f 3741 3740 3790
f 3740 3789 3790
f 3742 3741 3791
f 3741 3790 3791
f 3743 3742 3792
f 3742 3791 3792
f 3744 3743 3793
f 3743 3792 3793
f 3745 3744 3794
f 3744 3793 3794
f 3746 3745 3795
f 3745 3794 3795
f 3747 3746 3796
f 3746 3795 3796
f 3748 3747 3797
f 3747 3796 3797
f 3749 3748 3798
f 3748 3797 3798
f 3750 3749 3799
f 3749 3798 3799
f 3751 3750 3800
f 3750 3799 3800
f 3752 3751 3801
f 3751 3800 3801
f 3753 3752 3802
f 3752 3801 3802
f 3754 3753 3803
f 3753 3802 3803
f 3755 3754 3804
f 3754 3803 3804
f 3756 3755 3805
f 3755 3804 3805
f 3757 3756 3806
f 3756 3805 3806
f 3758 3757 3807
f 3757 3806 3807
f 3759 3758 3808
f 3758 3807 3808
f 3760 3759 3809
f 3759 3808 3809
f 3761 3760 3810
f 3760 3809 3810
f 3762 3761 3811
f 3761 3810 3811
f 3763 3762 3812
f 3762 3811 3812
f 3764 3763 3813
f 3763 3812 3813
f 3765 3764 3814
f 3764 3813 3814
f 3766 3765 3815
f 3765 3814 3815
f 3767 3766 3816
f 3766 3815 3816
f 3768 3767 3817
f 3767 3816 3817
f 3769 3768 3818
f 3768 3817 3818
f 3770 3769 3819
f 3769 3818 3819
f 3771 3770 3820
f 3770 3819 3820
f 3772 3771 3821
f 3771 3820 3821
f 3774 3773 3823
f 3773 3822 3823
f 3775 3774 3824
f 3774 3823 3824
f 3776 3775 3825
f 3775 3824 3825
f 3777 3776 3826
f 3776 3825 3826
f 3778 3777 3827
f 3777 3826 3827
f 3779 3778 3828
f 3778 3827 3828
f 3780 3779 3829
f 3779 3828 3829
f 3781 3780 3830
f 3780 3829 3830
f 3782 3781 3831
f 3781 3830 3831
f 3783 3782 3832
f 3782 3831 3832
f 3784 3783 3833
f 3783 3832 3833
f 3785 3784 3834
f 3784 3833 3834
f 3786 3785 3835
f 3785 3834 3835
f 3787 3786 3836
f 3786 3835 3836
f 3788 3787 3837
f 3787 3836 3837
f 3789 3788 3838
f 3788 3837 3838
f 3790 3789 3839
f 3789 3838 3839
f 3791 3790 3840
f 3790 3839 3840
f 3792 3791 3841
f 3791 3840 3841
f 3793 3792 3842
f 3792 3841 3842
f 3794 3793 3843
f 3793 3842 3843
f 3795 3794 3844
f 3794 3843 3844
f 3796 3795 3845
f 3795 3844 3845
f 3797 3796 3846
f 3796 3845 3846
f 3798 3797 3847
f 3797 3846 3847
f 3799 3798 3848
f 3798 3847 3848
f 3800 3799 3849
f 3799 3848 3849
f 3801 3800 3850
f 3800 3849 3850
f 3802 3801 3851
f 3801 3850 3851
f 3803 3802 3852
f 3802 3851 3852
f 3804 3803 3853
f 3803 3852 3853
f 3805 3804 3854
f 3804 3853 3854
f 3806 3805 3855
f 3805 3854 3855
f 3807 3806 3856
f 3806 3855 3856
f 3808 3807 3857
f 3807 3856 3857
f 3809 3808 3858
f 3808 3857 3858
f 3810 3809 3859
f 3809 3858 3859
f 3811 3810 3860
f 3810 3859 3860
f 3812 3811 3861
f 3811 3860 3861
f 3813 3812 3862
f 3812 3861 3862
f 3814 3813 3863
f 3813 3862 3863
f 3815 3814 3864
f 3814 3863 3864
f 3816 3815 3865
f 3815 3864 3865
f 3817 3816 3866
f 3816 3865 3866
f 3818 3817 3867
f 3817 3866 3867
f 3819 3818 3868
f 3818 3867 3868
f 3820 3819 3869
f 3819 3868 3869
f 3821 3820 3870
f 3820 3869 3870
f 3823 3822 3872
f 3822 3871 3872
f 3824 3823 3873
f 3823 3872 3873
f 3825 3824 3874
f 3824 3873 3874
f 3826 3825 3875
f 3825 3874 3875
f 3827 3826 3876
f 3826 3875 3876
f 3828 3827 3877
f 3827 3876 3877
f 3829 3828 3878
f 3828 3877 3878
f 3830 3829 3879
f 3829 3878 3879
f 3831 3830 3880
f 3830 3879 3880
f 3832 3831 3881
f 3831 3880 3881
f 3833 3832 3882
f 3832 3881 3882
f 3834 3833 3883
f 3833 3882 3883
f 3835 3834 3884
f 3834 3883 3884
f 3836 3835 3885
f 3835 3884 3885
f 3837 3836 3886
f 3836 3885 3886
f 3838 3837 3887
f 3837 3886 3887
f 3839 3838 3888
f 3838 3887 3888
f 3840 3839 3889
f 3839 3888 3889
f 3841 3840 3890
f 3840 3889 3890
f 3842 3841 3891
f 3841 3890 3891
f 3843 3842 3892
f 3842 3891 3892
f 3844 3843 3893
f 3843 3892 3893
f 3845 3844 3894
f 3844 3893 3894
f 3846 3845 3895
f 3845 3894 3895
f 3847 3846 3896
f 3846 3895 3896
f 3848 3847 3897
f 3847 3896 3897
f 3849 3848 3898
f 3848 3897 3898
f 3850 3849 3899
f 3849 3898 3899
f 3851 3850 3900
f 3850 3899 3900
f 3852 3851 3901
f 3851 3900 3901
f 3853 3852 3902
f 3852 3901 3902
f 3854 3853 3903
f 3853 3902 3903
f 3855 3854 3904
f 3854 3903 3904
f 3856 3855 3905
f 3855 3904 3905
f 3857 3856 3906
f 3856 3905 3906
f 3858 3857 3907
f 3857 3906 3907
f 3859 3858 3908
f 3858 3907 3908
f 3860 3859 3909
f 3859 3908 3909
f 3861 3860 3910
f 3860 3909 3910
f 3862 3861 3911
f 3861 3910 3911
f 3863 3862 3912
f 3862 3911 3912
f 3864 3863 3913
f 3863 3912 3913
f 3865 3864 3914
f 3864 3913 3914
f 3866 3865 3915
f 3865 3914 3915
f 3867 3866 3916
f 3866 3915 3916
f 3868 3867 3917
f 3867 3916 3917
f 3869 3868 3918
f 3868 3917 3918
f 3870 3869 3919
f 3869 3918 3919
f 3872 3871 3921
f 3871 3920 3921
f 3873 3872 3922
f 3872 3921 3922
f 3874 3873 3923
f 3873 3922 3923
f 3875 3874 3924
f 3874 3923 3924
f 3876 3875 3925
f 3875 3924 3925
f 3877 3876 3926
f 3876 3925 3926
f 3878 3877 3927
f 3877 3926 3927
f 3879 3878 3928
f 3878 3927 3928
f 3880 3879 3929
f 3879 3928 3929
f 3881 3880 3930
f 3880 3929 3930
f 3882 3881 3931
f 3881 3930 3931
f 3883 3882 3932
f 3882 3931 3932
f 3884 3883 3933
f 3883 3932 3933
f 3885 3884 3934
f 3884 3933 3934
f 3886 3885 3935
f 3885 3934 3935
f 3887 3886 3936
f 3886 3935 3936
f 3888 3887 3937
f 3887 3936 3937
f 3889 3888 3938
f 3888 3937 3938
f 3890 3889 3939
f 3889 3938 3939
f 3891 3890 3940
f 3890 3939 3940
f 3892 3891 3941
f 3891 3940 3941
f 3893 3892 3942
f 3892 3941 3942
f 3894 3893 3943
f 3893 3942 3943
f 3895 3894 3944
f 3894 3943 3944
f 3896 3895 3945
f 3895 3944 3945
f 3897 3896 3946
f 3896 3945 3946
f 3898 3897 3947
f 3897 3946 3947
f 3899 3898 3948
f 3898 3947 3948
f 3900 3899 3949
f 3899 3948 3949
f 3901 3900 3950
f 3900 3949 3950
f 3902 3901 3951
f 3901 3950 3951
f 3903 3902 3952
f 3902 3951 3952
f 3904 3903 3953
f 3903 3952 3953
f 3905 3904 3954
f 3904 3953 3954
f 3906 3905 3955
f 3905 3954 3955
f 3907 3906 3956
f 3906 3955 3956
f 3908 3907 3957
f 3907 3956 3957
f 3909 3908 3958
f 3908 3957 3958
f 3910 3909 3959
f 3909 3958 3959
f 3911 3910 3960
f 3910 3959 3960
f 3912 3911 3961
f 3911 3960 3961
f 3913 3912 3962
f 3912 3961 3962
f 3914 3913 3963
f 3913 3962 3963
f 3915 3914 3964
f 3914 3963 3964
f 3916 3915 3965
f 3915 3964 3965
f 3917 3916 3966
f 3916 3965 3966
f 3918 3917 3967
f 3917 3966 3967
f 3919 3918 3968
f 3918 3967 3968
f 3921 3920 3970
f 3920 3969 3970
f 3922 3921 3971
f 3921 3970 3971
f 3923 3922 3972
f 3922 3971 3972
f 3924 3923 3973
f 3923 3972 3973
f 3925 3924 3974
f 3924 3973 3974
f 3926 3925 3975
f 3925 3974 3975
f 3927 3926 3976
f 3926 3975 3976
f 3928 3927 3977
f 3927 3976 3977
f 3929 3928 3978
f 3928 3977 3978
f 3930 3929 3979
f 3929 3978 3979
f 3931 3930 3980
f 3930 3979 3980
f 3932 3931 3981
f 3931 3980 3981
f 3933 3932 3982
f 3932 3981 3982
f 3934 3933 3983
f 3933 3982 3983
f 3935 3934 3984
f 3934 3983 3984
f 3936 3935 3985
f 3935 3984 3985
f 3937 3936 3986
f 3936 3985 3986
f 3938 3937 3987
f 3937 3986 3987
f 3939 3938 3988
f 3938 3987 3988
f 3940 3939 3989
f 3939 3988 3989
f 3941 3940 3990
f 3940 3989 3990
f 3942 3941 3991
f 3941 3990 3991
f 3943 3942 3992
f 3942 3991 3992
f 3944 3943 3993
f 3943 3992 3993
f 3945 3944 3994
f 3944 3993 3994
f 3946 3945 3995
f 3945 3994 3995
f 3947 3946 3996
f 3946 3995 3996
f 3948 3947 3997
f 3947 3996 3997
f 3949 3948 3998
f 3948 3997 3998
f 3950 3949 3999
f 3949 3998 3999
f 3951 3950 4000
f 3950 3999 4000
f 3952 3951 4001
f 3951 4000 4001
f 3953 3952 4002
f 3952 4001 4002
f 3954 3953 4003
f 3953 4002 4003
f 3955 3954 4004
f 3954 4003 4004
f 3956 3955 4005
f 3955 4004 4005
f 3957 3956 4006
f 3956 4005 4006
f 3958 3957 4007
f 3957 4006 4007
f 3959 3958 4008
f 3958 4007 4008
f 3960 3959 4009
f 3959 4008 4009
f 3961 3960 4010
f 3960 4009 4010
f 3962 3961 4011
f 3961 4010 4011
f 3963 3962 4012
f 3962 4011 4012
f 3964 3963 4013
f 3963 4012 4013
f 3965 3964 4014
f 3964 4013 4014
f 3966 3965 4015
f 3965 4014 4015
f 3967 3966 4016
f 3966 4015 4016
f 3968 3967 4017
f 3967 4016 4017
f 3970 3969 4019
f 3969 4018 4019
f 3971 3970 4020
f 3970 4019 4020
f 3972 3971 4021
f 3971 4020 4021
f 3973 3972 4022
f 3972 4021 4022
f 3974 3973 4023
f 3973 4022 4023
f 3975 3974 4024
f 3974 4023 4024
f 3976 3975 4025
f 3975 4024 4025
f 3977 3976 4026
f 3976 4025 4026
f 3978 3977 4027
f 3977 4026 4027
f 3979 3978 4028
f 3978 4027 4028
f 3980 3979 4029
f 3979 4028 4029
f 3981 3980 4030
f 3980 4029 4030
f 3982 3981 4031
f 3981 4030 4031
f 3983 3982 4032
f 3982 4031 4032
f 3984 3983 4033
f 3983 4032 4033
f 3985 3984 4034
f 3984 4033 4034
f 3986 3985 4035
f 3985 4034 4035
f 3987 3986 4036
f 3986 4035 4036
f 3988 3987 4037
f 3987 4036 4037
f 3989 3988 4038
f 3988 4037 4038
f 3990 3989 4039
f 3989 4038 4039
f 3991 3990 4040
f 3990 4039 4040
f 3992 3991 4041
f 3991 4040 4041
f 3993 3992 4042
f 3992 4041 4042
f 3994 3993 4043
f 3993 4042 4043
f 3995 3994 4044
f 3994 4043 4044
f 3996 3995 4045
f 3995 4044 4045
f 3997 3996 4046
f 3996 4045 4046
f 3998 3997 4047
f 3997 4046 4047
f 3999 3998 4048
f 3998 4047 4048
f 4000 3999 4049
f 3999 4048 4049
f 4001 4000 4050
f 4000 4049 4050
f 4002 4001 4051
f 4001 4050 4051
f 4003 4002 4052
f 4002 4051 4052
f 4004 4003 4053
f 4003 4052 4053
f 4005 4004 4054
f 4004 4053 4054
f 4006 4005 4055
f 4005 4054 4055
f 4007 4006 4056
f 4006 4055 4056
f 4008 4007 4057
f 4007 4056 4057
f 4009 4008 4058
f 4008 4057 4058
f 4010 4009 4059
f 4009 4058 4059
f 4011 4010 4060
f 4010 4059 4060
f 4012 4011 4061
f 4011 4060 4061
f 4013 4012 4062
f 4012 4061 4062
f 4014 4013 4063
f 4013 4062 4063
f 4015 4014 4064
f 4014 4063 4064
f 4016 4015 4065
f 4015 4064 4065
f 4017 4016 4066
f 4016 4065 4066
f 4019 4018 4068
f 4018 4067 4068
f 4020 4019 4069
f 4019 4068 4069
f 4021 4020 4070
f 4020 4069 4070
f 4022 4021 4071
f 4021 4070 4071
f 4023 4022 4072
f 4022 4071 4072
f 4024 4023 4073
f 4023 4072 4073
f 4025 4024 4074
f 4024 4073 4074
f 4026 4025 4075
f 4025 4074 4075
f 4027 4026 4076
f 4026 4075 4076
f 4028 4027 4077
f 4027 4076 4077
f 4029 4028 4078
f 4028 4077 4078
f 4030 4029 4079
f 4029 4078 4079
f 4031 4030 4080
f 4030 4079 4080
f 4032 4031 4081
f 4031 4080 4081
f 4033 4032 4082
f 4032 4081 4082
f 4034 4033 4083
f 4033 4082 4083
f 4035 4034 4084
f 4034 4083 4084
f 4036 4035 4085
f 4035 4084 4085
f 4037 4036 4086
f 4036 4085 4086
f 4038 4037 4087
f 4037 4086 4087
f 4039 4038 4088
f 4038 4087 4088
f 4040 4039 4089
f 4039 4088 4089
f 4041 4040 4090
f 4040 4089 4090
f 4042 4041 4091
f 4041 4090 4091
f 4043 4042 4092
f 4042 4091 4092
f 4044 4043 4093
f 4043 4092 4093
f 4045 4044 4094
f 4044 4093 4094
f 4046 4045 4095
f 4045 4094 4095
f 4047 4046 4096
f 4046 4095 4096
f 4048 4047 4097
f 4047 4096 4097
f 4049 4048 4098
f 4048 4097 4098
f 4050 4049 4099
f 4049 4098 4099
f 4051 4050 4100
f 4050 4099 4100
f 4052 4051 4101
f 4051 4100 4101
f 4053 4052 4102
f 4052 4101 4102
f 4054 4053 4103
f 4053 4102 4103
f 4055 4054 4104
f 4054 4103 4104
f 4056 4055 4105
f 4055 4104 4105
f 4057 4056 4106
f 4056 4105 4106
f 4058 4057 4107
f 4057 4106 4107
f 4059 4058 4108
f 4058 4107 4108
f 4060 4059 4109
f 4059 4108 4109
f 4061 4060 4110
f 4060 4109 4110
f 4062 4061 4111
f 4061 4110 4111
f 4063 4062 4112
f 4062 4111 4112
f 4064 4063 4113
f 4063 4112 4113
f 4065 4064 4114
f 4064 4113 4114
f 4066 4065 4115
f 4065 4114 4115
f 4068 4067 4117
f 4067 4116 4117
f 4069 4068 4118
f 4068 4117 4118
f 4070 4069 4119
f 4069 4118 4119
f 4071 4070 4120
f 4070 4119 4120
f 4072 4071 4121
f 4071 4120 4121
f 4073 4072 4122
f 4072 4121 4122
f 4074 4073 4123
f 4073 4122 4123
f 4075 4074 4124
f 4074 4123 4124
f 4076 4075 4125
f 4075 4124 4125
f 4077 4076 4126
f 4076 4125 4126
f 4078 4077 4127
f 4077 4126 4127
f 4079 4078 4128
f 4078 4127 4128
f 4080 4079 4129
f 4079 4128 4129
f 4081 4080 4130
f 4080 4129 4130
f 4082 4081 4131
f 4081 4130 4131
f 4083 4082 4132
f 4082 4131 4132
f 4084 4083 4133
f 4083 4132 4133
f 4085 4084 4134
f 4084 4133 4134
f 4086 4085 4135
f 4085 4134 4135
f 4087 4086 4136
f 4086 4135 4136
f 4088 4087 4137
f 4087 4136 4137
f 4089 4088 4138
f 4088 4137 4138
f 4090 4089 4139
f 4089 4138 4139
f 4091 4090 4140
f 4090 4139 4140
f 4092 4091 4141
f 4091 4140 4141
f 4093 4092 4142
f 4092 4141 4142
f 4094 4093 4143
f 4093 4142 4143
f 4095 4094 4144
f 4094 4143 4144
f 4096 4095 4145
f 4095 4144 4145
f 4097 4096 4146
f 4096 4145 4146
f 4098 4097 4147
f 4097 4146 4147
f 4099 4098 4148
f 4098 4147 4148
f 4100 4099 4149
f 4099 4148 4149
f 4101 4100 4150
f 4100 4149 4150
f 4102 4101 4151
f 4101 4150 4151
f 4103 4102 4152
f 4102 4151 4152
f 4104 4103 4153
f 4103 4152 4153
f 4105 4104 4154
f 4104 4153 4154
f 4106 4105 4155
f 4105 4154 4155
f 4107 4106 4156
f 4106 4155 4156
f 4108 4107 4157
f 4107 4156 4157
f 4109 4108 4158
f 4108 4157 4158
f 4110 4109 4159
f 4109 4158 4159
f 4111 4110 4160
f 4110 4159 4160
f 4112 4111 4161
f 4111 4160 4161
f 4113 4112 4162
f 4112 4161 4162
f 4114 4113 4163
f 4113 4162 4163
f 4115 4114 4164
f 4114 4163 4164
f 4117 4116 4166
f 4116 4165 4166
f 4118 4117 4167
f 4117 4166 4167
f 4119 4118 4168
f 4118 4167 4168
f 4120 4119 4169
f 4119 4168 4169
f 4121 4120 4170
f 4120 4169 4170
f 4122 4121 4171
f 4121 4170 4171
f 4123 4122 4172
f 4122 4171 4172
f 4124 4123 4173
f 4123 4172 4173
f 4125 4124 4174
f 4124 4173 4174
f 4126 4125 4175
f 4125 4174 4175
f 4127 4126 4176
f 4126 4175 4176
f 4128 4127 4177
f 4127 4176 4177
f 4129 4128 4178
f 4128 4177 4178
f 4130 4129 4179
f 4129 4178 4179
f 4131 4130 4180
f 4130 4179 4180
f 4132 4131 4181
f 4131 4180 4181
f 4133 4132 4182
f 4132 4181 4182
f 4134 4133 4183
f 4133 4182 4183
f 4135 4134 4184
f 4134 4183 4184
f 4136 4135 4185
f 4135 4184 4185
f 4137 4136 4186
f 4136 4185 4186
f 4138 4137 4187
f 4137 4186 4187
f 4139 4138 4188
f 4138 4187 4188
f 4140 4139 4189
f 4139 4188 4189
f 4141 4140 4190
f 4140 4189 4190
f 4142 4141 4191
f 4141 4190 4191
f 4143 4142 4192
f 4142 4191 4192
f 4144 4143 4193
f 4143 4192 4193
f 4145 4144 4194
f 4144 4193 4194
f 4146 4145 4195
f 4145 4194 4195
f 4147 4146 4196
f 4146 4195 4196
f 4148 4147 4197
f 4147 4196 4197
f 4149 4148 4198
f 4148 4197 4198
f 4150 4149 4199
f 4149 4198 4199
f 4151 4150 4200
f 4150 4199 4200
f 4152 4151 4201
f 4151 4200 4201
f 4153 4152 4202
f 4152 4201 4202
f 4154 4153 4203
f 4153 4202 4203
f 4155 4154 4204
f 4154 4203 4204
f 4156 4155 4205
f 4155 4204 4205
f 4157 4156 4206
f 4156 4205 4206
f 4158 4157 4207
f 4157 4206 4207
f 4159 4158 4208
f 4158 4207 4208
f 4160 4159 4209
f 4159 4208 4209
f 4161 4160 4210
f 4160 4209 4210
f 4162 4161 4211
f 4161 4210 4211
f 4163 4162 4212
f 4162 4211 4212
f 4164 4163 4213
f 4163 4212 4213
f 4166 4165 4215
f 4165 4214 4215
f 4167 4166 4216
f 4166 4215 4216
f 4168 4167 4217
f 4167 4216 4217
f 4169 4168 4218
f 4168 4217 4218
f 4170 4169 4219
f 4169 4218 4219
f 4171 4170 4220
f 4170 4219 4220
f 4172 4171 4221
f 4171 4220 4221
f 4173 4172 4222
f 4172 4221 4222
f 4174 4173 4223
f 4173 4222 4223
f 4175 4174 4224
f 4174 4223 4224
f 4176 4175 4225
f 4175 4224 4225
f 4177 4176 4226
f 4176 4225 4226
f 4178 4177 4227
f 4177 4226 4227
f 4179 4178 4228
f 4178 4227 4228
f 4180 4179 4229
f 4179 4228 4229
f 4181 4180 4230
f 4180 4229 4230
f 4182 4181 4231
f 4181 4230 4231
f 4183 4182 4232
f 4182 4231 4232
f 4184 4183 4233
f 4183 4232 4233
f 4185 4184 4234
f 4184 4233 4234
f 4186 4185 4235
f 4185 4234 4235
f 4187 4186 4236
f 4186 4235 4236
f 4188 4187 4237
f 4187 4236 4237
f 4189 4188 4238
f 4188 4237 4238
f 4190 4189 4239
f 4189 4238 4239
f 4191 4190 4240
f 4190 4239 4240
f 4192 4191 4241
f 4191 4240 4241
f 4193 4192 4242
f 4192 4241 4242
f 4194 4193 4243
f 4193 4242 4243
f 4195 4194 4244
f 4194 4243 4244
f 4196 4195 4245
f 4195 4244 4245
f 4197 4196 4246
f 4196 4245 4246
f 4198 4197 4247
f 4197 4246 4247
f 4199 4198 4248
f 4198 4247 4248
f 4200 4199 4249
f 4199 4248 4249
f 4201 4200 4250
f 4200 4249 4250
f 4202 4201 4251
f 4201 4250 4251
f 4203 4202 4252
f 4202 4251 4252
f 4204 4203 4253
f 4203 4252 4253
f 4205 4204 4254
f 4204 4253 4254
f 4206 4205 4255
f 4205 4254 4255
f 4207 4206 4256
f 4206 4255 4256
f 4208 4207 4257
f 4207 4256 4257
f 4209 4208 4258
f 4208 4257 4258
f 4210 4209 4259
f 4209 4258 4259
f 4211 4210 4260
f 4210 4259 4260
f 4212 4211 4261
f 4211 4260 4261
f 4213 4212 4262
f 4212 4261 4262
f 4215 4214 4264
f 4214 4263 4264
f 4216 4215 4265
f 4215 4264 4265
f 4217 4216 4266
f 4216 4265 4266
f 4218 4217 4267
f 4217 4266 4267
f 4219 4218 4268
f 4218 4267 4268
f 4220 4219 4269
f 4219 4268 4269
f 4221 4220 4270
f 4220 4269 4270
f 4222 4221 4271
f 4221 4270 4271
f 4223 4222 4272
f 4222 4271 4272
f 4224 4223 4273
f 4223 4272 4273
f 4225 4224 4274
f 4224 4273 4274
f 4226 4225 4275
f 4225 4274 4275
f 4227 4226 4276
f 4226 4275 4276
f 4228 4227 4277
f 4227 4276 4277
f 4229 4228 4278
f 4228 4277 4278
f 4230 4229 4279
f 4229 4278 4279
f 4231 4230 4280
f 4230 4279 4280
f 4232 4231 4281
f 4231 4280 4281
f 4233 4232 4282
f 4232 4281 4282
f 4234 4233 4283
f 4233 4282 4283
f 4235 4234 4284
f 4234 4283 4284
f 4236 4235 4285
f 4235 4284 4285
f 4237 4236 4286
f 4236 4285 4286
f 4238 4237 4287
f 4237 4286 4287
f 4239 4238 4288
f 4238 4287 4288
f 4240 4239 4289
f 4239 4288 4289
f 4241 4240 4290
f 4240 4289 4290
f 4242 4241 4291
f 4241 4290 4291
f 4243 4242 4292
f 4242 4291 4292
f 4244 4243 4293
f 4243 4292 4293
f 4245 4244 4294
f 4244 4293 4294
f 4246 4245 4295
f 4245 4294 4295
f 4247 4246 4296
f 4246 4295 4296
f 4248 4247 4297
f 4247 4296 4297
f 4249 4248 4298
f 4248 4297 4298
f 4250 4249 4299
f 4249 4298 4299
f 4251 4250 4300
f 4250 4299 4300
f 4252 4251 4301
f 4251 4300 4301
f 4253 4252 4302
f 4252 4301 4302
f 4254 4253 4303
f 4253 4302 4303
f 4255 4254 4304
f 4254 4303 4304
f 4256 4255 4305
f 4255 4304 4305
f 4257 4256 4306
f 4256 4305 4306
f 4258 4257 4307
f 4257 4306 4307
f 4259 4258 4308
f 4258 4307 4308
f 4260 4259 4309
f 4259 4308 4309
f 4261 4260 4310
f 4260 4309 4310
f 4262 4261 4311
f 4261 4310 4311
f 4264 4263 4313
f 4263 4312 4313
f 4265 4264 4314
f 4264 4313 4314
f 4266 4265 4315
f 4265 4314 4315
f 4267 4266 4316
f 4266 4315 4316
f 4268 4267 4317
f 4267 4316 4317
f 4269 4268 4318
f 4268 4317 4318
f 4270 4269 4319
f 4269 4318 4319
f 4271 4270 4320
f 4270 4319 4320
f 4272 4271 4321
f 4271 4320 4321
f 4273 4272 4322
f 4272 4321 4322
f 4274 4273 4323
f 4273 4322 4323
f 4275 4274 4324
f 4274 4323 4324
f 4276 4275 4325
f 4275 4324 4325
f 4277 4276 4326
f 4276 4325 4326
f 4278 4277 4327
f 4277 4326 4327
f 4279 4278 4328
f 4278 4327 4328
f 4280 4279 4329
f 4279 4328 4329
f 4281 4280 4330
f 4280 4329 4330
f 4282 4281 4331
f 4281 4330 4331
f 4283 4282 4332
f 4282 4331 4332
f 4284 4283 4333
f 4283 4332 4333
f 4285 4284 4334
f 4284 4333 4334
f 4286 4285 4335
f 4285 4334 4335
f 4287 4286 4336
f 4286 4335 4336
f 4288 4287 4337
f 4287 4336 4337
f 4289 4288 4338
f 4288 4337 4338
f 4290 4289 4339
f 4289 4338 4339
f 4291 4290 4340
f 4290 4339 4340
f 4292 4291 4341
f 4291 4340 4341
f 4293 4292 4342
f 4292 4341 4342
f 4294 4293 4343
f 4293 4342 4343
f 4295 4294 4344
f 4294 4343 4344
f 4296 4295 4345
f 4295 4344 4345
f 4297 4296 4346
f 4296 4345 4346
f 4298 4297 4347
f 4297 4346 4347
f 4299 4298 4348
f 4298 4347 4348
f 4300 4299 4349
f 4299 4348 4349
f 4301 4300 4350
f 4300 4349 4350
f 4302 4301 4351
f 4301 4350 4351
f 4303 4302 4352
f 4302 4351 4352
f 4304 4303 4353
f 4303 4352 4353
f 4305 4304 4354
f 4304 4353 4354
f 4306 4305 4355
f 4305 4354 4355
f 4307 4306 4356
f 4306 4355 4356
f 4308 4307 4357
f 4307 4356 4357
f 4309 4308 4358
f 4308 4357 4358
f 4310 4309 4359
f 4309 4358 4359
f 4311 4310 4360
f 4310 4359 4360
f 4313 4312 4362
f 4312 4361 4362
f 4314 4313 4363
f 4313 4362 4363
f 4315 4314 4364
f 4314 4363 4364
f 4316 4315 4365
f 4315 4364 4365
f 4317 4316 4366
f 4316 4365 4366
f 4318 4317 4367
f 4317 4366 4367
f 4319 4318 4368
f 4318 4367 4368
f 4320 4319 4369
f 4319 4368 4369
f 4321 4320 4370
f 4320 4369 4370
f 4322 4321 4371
f 4321 4370 4371
f 4323 4322 4372
f 4322 4371 4372
f 4324 4323 4373
f 4323 4372 4373
f 4325 4324 4374
f 4324 4373 4374
f 4326 4325 4375
f 4325 4374 4375
f 4327 4326 4376
f 4326 4375 4376
f 4328 4327 4377
f 4327 4376 4377
f 4329 4328 4378
f 4328 4377 4378
f 4330 4329 4379
f 4329 4378 4379
f 4331 4330 4380
f 4330 4379 4380
f 4332 4331 4381
f 4331 4380 4381
f 4333 4332 4382
f 4332 4381 4382
f 4334 4333 4383
f 4333 4382 4383
f 4335 4334 4384
f 4334 4383 4384
f 4336 4335 4385
f 4335 4384 4385
f 4337 4336 4386
f 4336 4385 4386
f 4338 4337 4387
f 4337 4386 4387
f 4339 4338 4388
f 4338 4387 4388
f 4340 4339 4389
f 4339 4388 4389
f 4341 4340 4390
f 4340 4389 4390
f 4342 4341 4391
f 4341 4390 4391
f 4343 4342 4392
f 4342 4391 4392
f 4344 4343 4393
f 4343 4392 4393
f 4345 4344 4394
f 4344 4393 4394
f 4346 4345 4395
f 4345 4394 4395
f 4347 4346 4396
f 4346 4395 4396
f 4348 4347 4397
f 4347 4396 4397
f 4349 4348 4398
f 4348 4397 4398
f 4350 4349 4399
f 4349 4398 4399
f 4351 4350 4400
f 4350 4399 4400
f 4352 4351 4401
f 4351 4400 4401
f 4353 4352 4402
f 4352 4401 4402
f 4354 4353 4403
f 4353 4402 4403
f 4355 4354 4404
f 4354 4403 4404
f 4356 4355 4405
f 4355 4404 4405
f 4357 4356 4406
f 4356 4405 4406
f 4358 4357 4407
f 4357 4406 4407
f 4359 4358 4408
f 4358 4407 4408
f 4360 4359 4409
f 4359 4408 4409
f 4362 4361 4411
f 4361 4410 4411
f 4363 4362 4412
f 4362 4411 4412
f 4364 4363 4413
f 4363 4412 4413
f 4365 4364 4414
f 4364 4413 4414
f 4366 4365 4415
f 4365 4414 4415
f 4367 4366 4416
f 4366 4415 4416
f 4368 4367 4417
f 4367 4416 4417
f 4369 4368 4418
f 4368 4417 4418
f 4370 4369 4419
f 4369 4418 4419
f 4371 4370 4420
f 4370 4419 4420
f 4372 4371 4421
f 4371 4420 4421
f 4373 4372 4422
f 4372 4421 4422
f 4374 4373 4423
f 4373 4422 4423
f 4375 4374 4424
f 4374 4423 4424
f 4376 4375 4425
f 4375 4424 4425
f 4377 4376 4426
f 4376 4425 4426
f 4378 4377 4427
f 4377 4426 4427
f 4379 4378 4428
f 4378 4427 4428
f 4380 4379 4429
f 4379 4428 4429
f 4381 4380 4430
f 4380 4429 4430
f 4382 4381 4431
f 4381 4430 4431
f 4383 4382 4432
f 4382 4431 4432
f 4384 4383 4433
f 4383 4432 4433
f 4385 4384 4434
f 4384 4433 4434
f 4386 4385 4435
f 4385 4434 4435
f 4387 4386 4436
f 4386 4435 4436
f 4388 4387 4437
f 4387 4436 4437
f 4389 4388 4438
f 4388 4437 4438
f 4390 4389 4439
f 4389 4438 4439
f 4391 4390 4440
f 4390 4439 4440
f 4392 4391 4441
f 4391 4440 4441
f 4393 4392 4442
f 4392 4441 4442
f 4394 4393 4443
f 4393 4442 4443
f 4395 4394 4444
f 4394 4443 4444
f 4396 4395 4445
f 4395 4444 4445
f 4397 4396 4446
f 4396 4445 4446
f 4398 4397 4447
f 4397 4446 4447
f 4399 4398 4448
f 4398 4447 4448
f 4400 4399 4449
f 4399 4448 4449
f 4401 4400 4450
f 4400 4449 4450
f 4402 4401 4451
f 4401 4450 4451
f 4403 4402 4452
f 4402 4451 4452
f 4404 4403 4453
f 4403 4452 4453
f 4405 4404 4454
f 4404 4453 4454
f 4406 4405 4455
f 4405 4454 4455
f 4407 4406 4456
f 4406 4455 4456
f 4408 4407 4457
f 4407 4456 4457
f 4409 4408 4458
f 4408 4457 4458
f 4411 4410 4460
f 4410 4459 4460
f 4412 4411 4461
f 4411 4460 4461
f 4413 4412 4462
f 4412 4461 4462
f 4414 4413 4463
f 4413 4462 4463
f 4415 4414 4464
f 4414 4463 4464
f 4416 4415 4465
f 4415 4464 4465
f 4417 4416 4466
f 4416 4465 4466
f 4418 4417 4467
f 4417 4466 4467
f 4419 4418 4468
f 4418 4467 4468
f 4420 4419 4469
f 4419 4468 4469
f 4421 4420 4470
f 4420 4469 4470
f 4422 4421 4471
f 4421 4470 4471
f 4423 4422 4472
f 4422 4471 4472
f 4424 4423 4473
f 4423 4472 4473
f 4425 4424 4474
f 4424 4473 4474
f 4426 4425 4475
f 4425 4474 4475
f 4427 4426 4476
f 4426 4475 4476
f 4428 4427 4477
f 4427 4476 4477
f 4429 4428 4478
f 4428 4477 4478
f 4430 4429 4479
f 4429 4478 4479
f 4431 4430 4480
f 4430 4479 4480
f 4432 4431 4481
f 4431 4480 4481
f 4433 4432 4482
f 4432 4481 4482
f 4434 4433 4483
f 4433 4482 4483
f 4435 4434 4484
f 4434 4483 4484
f 4436 4435 4485
f 4435 4484 4485
f 4437 4436 4486
f 4436 4485 4486
f 4438 4437 4487
f 4437 4486 4487
f 4439 4438 4488
f 4438 4487 4488
f 4440 4439 4489
f 4439 4488 4489
f 4441 4440 4490
f 4440 4489 4490
f 4442 4441 4491
f 4441 4490 4491
f 4443 4442 4492
f 4442 4491 4492
f 4444 4443 4493
f 4443 4492 4493
f 4445 4444 4494
f 4444 4493 4494
f 4446 4445 4495
f 4445 4494 4495
f 4447 4446 4496
f 4446 4495 4496
f 4448 4447 4497
f 4447 4496 4497
f 4449 4448 4498
f 4448 4497 4498
f 4450 4449 4499
f 4449 4498 4499
f 4451 4450 4500
f 4450 4499 4500
f 4452 4451 4501
f 4451 4500 4501
f 4453 4452 4502
f 4452 4501 4502
f 4454 4453 4503
f 4453 4502 4503
f 4455 4454 4504
f 4454 4503 4504
f 4456 4455 4505
f 4455 4504 4505
f 4457 4456 4506
f 4456 4505 4506
f 4458 4457 4507
f 4457 4506 4507
f 4460 4459 4509
f 4459 4508 4509
f 4461 4460 4510
f 4460 4509 4510
f 4462 4461 4511
f 4461 4510 4511
f 4463 4462 4512
f 4462 4511 4512
f 4464 4463 4513
f 4463 4512 4513
f 4465 4464 4514
f 4464 4513 4514
f 4466 4465 4515
f 4465 4514 4515
f 4467 4466 4516
f 4466 4515 4516
f 4468 4467 4517
f 4467 4516 4517
f 4469 4468 4518
f 4468 4517 4518
f 4470 4469 4519
f 4469 4518 4519
f 4471 4470 4520
f 4470 4519 4520
f 4472 4471 4521
f 4471 4520 4521
f 4473 4472 4522
f 4472 4521 4522
f 4474 4473 4523
f 4473 4522 4523
f 4475 4474 4524
f 4474 4523 4524
f 4476 4475 4525
f 4475 4524 4525
f 4477 4476 4526
f 4476 4525 4526
f 4478 4477 4527
f 4477 4526 4527
f 4479 4478 4528
f 4478 4527 4528
f 4480 4479 4529
f 4479 4528 4529
f 4481 4480 4530
f 4480 4529 4530
f 4482 4481 4531
f 4481 4530 4531
f 4483 4482 4532
f 4482 4531 4532
f 4484 4483 4533
f 4483 4532 4533
f 4485 4484 4534
f 4484 4533 4534
f 4486 4485 4535
f 4485 4534 4535
f 4487 4486 4536
f 4486 4535 4536
f 4488 4487 4537
f 4487 4536 4537
f 4489 4488 4538
f 4488 4537 4538
f 4490 4489 4539
f 4489 4538 4539
f 4491 4490 4540
f 4490 4539 4540
f 4492 4491 4541
f 4491 4540 4541
f 4493 4492 4542
f 4492 4541 4542
f 4494 4493 4543
f 4493 4542 4543
f 4495 4494 4544
f 4494 4543 4544
f 4496 4495 4545
f 4495 4544 4545
f 4497 4496 4546
f 4496 4545 4546
f 4498 4497 4547
f 4497 4546 4547
f 4499 4498 4548
f 4498 4547 4548
f 4500 4499 4549
f 4499 4548 4549
f 4501 4500 4550
f 4500 4549 4550
f 4502 4501 4551
f 4501 4550 4551
f 4503 4502 4552
f 4502 4551 4552
f 4504 4503 4553
f 4503 4552 4553
f 4505 4504 4554
f 4504 4553 4554
f 4506 4505 4555
f 4505 4554 4555
f 4507 4506 4556
f 4506 4555 4556
f 4509 4508 4558
f 4508 4557 4558
f 4510 4509 4559
f 4509 4558 4559
f 4511 4510 4560
f 4510 4559 4560
f 4512 4511 4561
f 4511 4560 4561
f 4513 4512 4562
f 4512 4561 4562
f 4514 4513 4563
f 4513 4562 4563
f 4515 4514 4564
f 4514 4563 4564
f 4516 4515 4565
f 4515 4564 4565
f 4517 4516 4566
f 4516 4565 4566
f 4518 4517 4567
f 4517 4566 4567
f 4519 4518 4568
f 4518 4567 4568
f 4520 4519 4569
f 4519 4568 4569
f 4521 4520 4570
f 4520 4569 4570
f 4522 4521 4571
f 4521 4570 4571
f 4523 4522 4572
f 4522 4571 4572
f 4524 4523 4573
f 4523 4572 4573
f 4525 4524 4574
f 4524 4573 4574
f 4526 4525 4575
f 4525 4574 4575
f 4527 4526 4576
f 4526 4575 4576
f 4528 4527 4577
f 4527 4576 4577
f 4529 4528 4578
f 4528 4577 4578
f 4530 4529 4579
f 4529 4578 4579
f 4531 4530 4580
f 4530 4579 4580
f 4532 4531 4581
f 4531 4580 4581
f 4533 4532 4582
f 4532 4581 4582
f 4534 4533 4583
f 4533 4582 4583
f 4535 4534 4584
f 4534 4583 4584
f 4536 4535 4585
f 4535 4584 4585
f 4537 4536 4586
f 4536 4585 4586
f 4538 4537 4587
f 4537 4586 4587
f 4539 4538 4588
f 4538 4587 4588
f 4540 4539 4589
f 4539 4588 4589
f 4541 4540 4590
f 4540 4589 4590
f 4542 4541 4591
f 4541 4590 4591
f 4543 4542 4592
f 4542 4591 4592
f 4544 4543 4593
f 4543 4592 4593
f 4545 4544 4594
f 4544 4593 4594
f 4546 4545 4595
f 4545 4594 4595
f 4547 4546 4596
f 4546 4595 4596
f 4548 4547 4597
f 4547 4596 4597
f 4549 4548 4598
f 4548 4597 4598
f 4550 4549 4599
f 4549 4598 4599
f 4551 4550 4600
f 4550 4599 4600
f 4552 4551 4601
f 4551 4600 4601
f 4553 4552 4602
f 4552 4601 4602
f 4554 4553 4603
f 4553 4602 4603
f 4555 4554 4604
f 4554 4603 4604
f 4556 4555 4605
f 4555 4604 4605
f 4558 4557 4607
f 4557 4606 4607
f 4559 4558 4608
f 4558 4607 4608
f 4560 4559 4609
f 4559 4608 4609
f 4561 4560 4610
f 4560 4609 4610
f 4562 4561 4611
f 4561 4610 4611
f 4563 4562 4612
f 4562 4611 4612
f 4564 4563 4613
f 4563 4612 4613
f 4565 4564 4614
f 4564 4613 4614
f 4566 4565 4615
f 4565 4614 4615
f 4567 4566 4616
f 4566 4615 4616
f 4568 4567 4617
f 4567 4616 4617
f 4569 4568 4618
f 4568 4617 4618
f 4570 4569 4619
f 4569 4618 4619
f 4571 4570 4620
f 4570 4619 4620
f 4572 4571 4621
f 4571 4620 4621
f 4573 4572 4622
f 4572 4621 4622
f 4574 4573 4623
f 4573 4622 4623
f 4575 4574 4624
f 4574 4623 4624
f 4576 4575 4625
f 4575 4624 4625
f 4577 4576 4626
f 4576 4625 4626
f 4578 4577 4627
f 4577 4626 4627
f 4579 4578 4628
f 4578 4627 4628
f 4580 4579 4629
f 4579 4628 4629
f 4581 4580 4630
f 4580 4629 4630
f 4582 4581 4631
f 4581 4630 4631
f 4583 4582 4632
f 4582 4631 4632
f 4584 4583 4633
f 4583 4632 4633
f 4585 4584 4634
f 4584 4633 4634
f 4586 4585 4635
f 4585 4634 4635
f 4587 4586 4636
f 4586 4635 4636
f 4588 4587 4637
f 4587 4636 4637
f 4589 4588 4638
f 4588 4637 4638
f 4590 4589 4639
f 4589 4638 4639
f 4591 4590 4640
f 4590 4639 4640
f 4592 4591 4641
f 4591 4640 4641
f 4593 4592 4642
f 4592 4641 4642
f 4594 4593 4643
f 4593 4642 4643
f 4595 4594 4644
f 4594 4643 4644
f 4596 4595 4645
f 4595 4644 4645
f 4597 4596 4646
f 4596 4645 4646
f 4598 4597 4647
f 4597 4646 4647
f 4599 4598 4648
f 4598 4647 4648
f 4600 4599 4649
f 4599 4648 4649
f 4601 4600 4650
f 4600 4649 4650
f 4602 4601 4651
f 4601 4650 4651
f 4603 4602 4652
f 4602 4651 4652
f 4604 4603 4653
f 4603 4652 4653
f 4605 4604 4654
f 4604 4653 4654
f 4607 4606 4656
f 4606 4655 4656
f 4608 4607 4657
f 4607 4656 4657
f 4609 4608 4658
f 4608 4657 4658
f 4610 4609 4659
f 4609 4658 4659
f 4611 4610 4660
f 4610 4659 4660
f 4612 4611 4661
f 4611 4660 4661
f 4613 4612 4662
f 4612 4661 4662
f 4614 4613 4663
f 4613 4662 4663
f 4615 4614 4664
f 4614 4663 4664
f 4616 4615 4665
f 4615 4664 4665
f 4617 4616 4666
f 4616 4665 4666
f 4618 4617 4667
f 4617 4666 4667
f 4619 4618 4668
f 4618 4667 4668
f 4620 4619 4669
f 4619 4668 4669
f 4621 4620 4670
f 4620 4669 4670
f 4622 4621 4671
f 4621 4670 4671
f 4623 4622 4672
f 4622 4671 4672
f 4624 4623 4673
f 4623 4672 4673
f 4625 4624 4674
f 4624 4673 4674
f 4626 4625 4675
f 4625 4674 4675
f 4627 4626 4676
f 4626 4675 4676
f 4628 4627 4677
f 4627 4676 4677
f 4629 4628 4678
f 4628 4677 4678
f 4630 4629 4679
f 4629 4678 4679
f 4631 4630 4680
f 4630 4679 4680
f 4632 4631 4681
f 4631 4680 4681
f 4633 4632 4682
f 4632 4681 4682
f 4634 4633 4683
f 4633 4682 4683
f 4635 4634 4684
f 4634 4683 4684
f 4636 4635 4685
f 4635 4684 4685
f 4637 4636 4686
f 4636 4685 4686
f 4638 4637 4687
f 4637 4686 4687
f 4639 4638 4688
f 4638 4687 4688
f 4640 4639 4689
f 4639 4688 4689
f 4641 4640 4690
f 4640 4689 4690
f 4642 4641 4691
f 4641 4690 4691
f 4643 4642 4692
f 4642 4691 4692
f 4644 4643 4693
f 4643 4692 4693
f 4645 4644 4694
f 4644 4693 4694
f 4646 4645 4695
f 4645 4694 4695
f 4647 4646 4696
f 4646 4695 4696
f 4648 4647 4697
f 4647 4696 4697
f 4649 4648 4698
f 4648 4697 4698
f 4650 4649 4699
f 4649 4698 4699
f 4651 4650 4700
f 4650 4699 4700
f 4652 4651 4701
f 4651 4700 4701
f 4653 4652 4702
f 4652 4701 4702
f 4654 4653 4703
f 4653 4702 4703
f 4656 4655 4705
f 4655 4704 4705
f 4657 4656 4706
f 4656 4705 4706
f 4658 4657 4707
f 4657 4706 4707
f 4659 4658 4708
f 4658 4707 4708
f 4660 4659 4709
f 4659 4708 4709
f 4661 4660 4710
f 4660 4709 4710
f 4662 4661 4711
f 4661 4710 4711
f 4663 4662 4712
f 4662 4711 4712
f 4664 4663 4713
f 4663 4712 4713
f 4665 4664 4714
f 4664 4713 4714
f 4666 4665 4715
f 4665 4714 4715
f 4667 4666 4716
f 4666 4715 4716
f 4668 4667 4717
f 4667 4716 4717
f 4669 4668 4718
f 4668 4717 4718
f 4670 4669 4719
f 4669 4718 4719
f 4671 4670 4720
f 4670 4719 4720
f 4672 4671 4721
f 4671 4720 4721
f 4673 4672 4722
f 4672 4721 4722
f 4674 4673 4723
f 4673 4722 4723
f 4675 4674 4724
f 4674 4723 4724
f 4676 4675 4725
f 4675 4724 4725
f 4677 4676 4726
f 4676 4725 4726
f 4678 4677 4727
f 4677 4726 4727
f 4679 4678 4728
f 4678 4727 4728
f 4680 4679 4729
f 4679 4728 4729
f 4681 4680 4730
f 4680 4729 4730
f 4682 4681 4731
f 4681 4730 4731
f 4683 4682 4732
f 4682 4731 4732
f 4684 4683 4733
f 4683 4732 4733
f 4685 4684 4734
f 4684 4733 4734
f 4686 4685 4735
f 4685 4734 4735
f 4687 4686 4736
f 4686 4735 4736
f 4688 4687 4737
f 4687 4736 4737
f 4689 4688 4738
f 4688 4737 4738
f 4690 4689 4739
f 4689 4738 4739
f 4691 4690 4740
f 4690 4739 4740
f 4692 4691 4741
f 4691 4740 4741
f 4693 4692 4742
f 4692 4741 4742
f 4694 4693 4743
f 4693 4742 4743
f 4695 4694 4744
f 4694 4743 4744
f 4696 4695 4745
f 4695 4744 4745
f 4697 4696 4746
f 4696 4745 4746
f 4698 4697 4747
f 4697 4746 4747
f 4699 4698 4748
f 4698 4747 4748
f 4700 4699 4749
f 4699 4748 4749
f 4701 4700 4750
f 4700 4749 4750
f 4702 4701 4751
f 4701 4750 4751
f 4703 4702 4752
f 4702 4751 4752
f 4705 4704 4754
f 4704 4753 4754
f 4706 4705 4755
f 4705 4754 4755
f 4707 4706 4756
f 4706 4755 4756
f 4708 4707 4757
f 4707 4756 4757
f 4709 4708 4758
f 4708 4757 4758
f 4710 4709 4759
f 4709 4758 4759
f 4711 4710 4760
f 4710 4759 4760
f 4712 4711 4761
f 4711 4760 4761
f 4713 4712 4762
f 4712 4761 4762
f 4714 4713 4763
f 4713 4762 4763
f 4715 4714 4764
f 4714 4763 4764
f 4716 4715 4765
f 4715 4764 4765
f 4717 4716 4766
f 4716 4765 4766
f 4718 4717 4767
f 4717 4766 4767
f 4719 4718 4768
f 4718 4767 4768
f 4720 4719 4769
f 4719 4768 4769
f 4721 4720 4770
f 4720 4769 4770
f 4722 4721 4771
f 4721 4770 4771
f 4723 4722 4772
f 4722 4771 4772
f 4724 4723 4773
f 4723 4772 4773
f 4725 4724 4774
f 4724 4773 4774
f 4726 4725 4775
f 4725 4774 4775
f 4727 4726 4776
f 4726 4775 4776
f 4728 4727 4777
f 4727 4776 4777
f 4729 4728 4778
f 4728 4777 4778
f 4730 4729 4779
f 4729 4778 4779
f 4731 4730 4780
f 4730 4779 4780
f 4732 4731 4781
f 4731 4780 4781
f 4733 4732 4782
f 4732 4781 4782
f 4734 4733 4783
f 4733 4782 4783
f 4735 4734 4784
f 4734 4783 4784
f 4736 4735 4785
f 4735 4784 4785
f 4737 4736 4786
f 4736 4785 4786
f 4738 4737 4787
f 4737 4786 4787
f 4739 4738 4788
f 4738 4787 4788
f 4740 4739 4789
f 4739 4788 4789
f 4741 4740 4790
f 4740 4789 4790
f 4742 4741 4791
f 4741 4790 4791
f 4743 4742 4792
f 4742 4791 4792
f 4744 4743 4793
f 4743 4792 4793
f 4745 4744 4794
f 4744 4793 4794
f 4746 4745 4795
f 4745 4794 4795
f 4747 4746 4796
f 4746 4795 4796
f 4748 4747 4797
f 4747 4796 4797
f 4749 4748 4798
f 4748 4797 4798
f 4750 4749 4799
f 4749 4798 4799
f 4751 4750 4800
f 4750 4799 4800
f 4752 4751 4801
f 4751 4800 4801
f 4754 4753 4803
f 4755 4754 4804
f 4756 4755 4805
f 4757 4756 4806
f 4758 4757 4807
f 4759 4758 4808
f 4760 4759 4809
f 4761 4760 4810
f 4762 4761 4811
f 4763 4762 4812
f 4764 4763 4813
f 4765 4764 4814
f 4766 4765 4815
f 4767 4766 4816
f 4768 4767 4817
f 4769 4768 4818
f 4770 4769 4819
f 4771 4770 4820
f 4772 4771 4821
f 4773 4772 4822
f 4774 4773 4823
f 4775 4774 4824
f 4776 4775 4825
f 4777 4776 4826
f 4778 4777 4827
f 4779 4778 4828
f 4780 4779 4829
f 4781 4780 4830
f 4782 4781 4831
f 4783 4782 4832
f 4784 4783 4833
f 4785 4784 4834
f 4786 4785 4835
f 4787 4786 4836
f 4788 4787 4837
f 4789 4788 4838
f 4790 4789 4839
f 4791 4790 4840
f 4792 4791 4841
f 4793 4792 4842
f 4794 4793 4843
f 4795 4794 4844
f 4796 4795 4845
f 4797 4796 4846
f 4798 4797 4847
f 4799 4798 4848
f 4800 4799 4849
f 4801 4800 4850