# Exported from Three.js to OBJ (Blender Z-up)
o base_disc
v 0 4 -0.8000000059604643
v 0.5221047401428223 3.9657795429229736 -0.8000000059604643
v 1.035276174545288 3.8637032508850098 -0.8000000059604643
v 1.5307337045669556 3.6955180168151855 -0.8000000059604643
v 2 3.464101552963257 -0.8000000059604643
v 2.4350457191467285 3.1734132766723633 -0.8000000059604643
v 2.8284270763397217 2.8284270763397217 -0.8000000059604644
v 3.1734132766723633 2.4350457191467285 -0.8000000059604644
v 3.464101552963257 2 -0.8000000059604644
v 3.6955180168151855 1.5307337045669556 -0.8000000059604644
v 3.8637032508850098 1.035276174545288 -0.8000000059604644
v 3.9657795429229736 0.5221047401428223 -0.8000000059604644
v 4 2.939152428479009e-16 -0.8000000059604645
v 3.9657795429229736 -0.5221047401428223 -0.8000000059604646
v 3.8637032508850098 -1.035276174545288 -0.8000000059604646
v 3.6955180168151855 -1.5307337045669556 -0.8000000059604646
v 3.464101552963257 -2 -0.8000000059604646
v 3.1734132766723633 -2.4350457191467285 -0.8000000059604646
v 2.8284270763397217 -2.8284270763397217 -0.8000000059604646
v 2.4350457191467285 -3.1734132766723633 -0.8000000059604647
v 2 -3.464101552963257 -0.8000000059604647
v 1.5307337045669556 -3.6955180168151855 -0.8000000059604647
v 1.035276174545288 -3.8637032508850098 -0.8000000059604647
v 0.5221047401428223 -3.9657795429229736 -0.8000000059604647
v 4.898587410340671e-16 -4 -0.8000000059604647
v -0.5221047401428223 -3.9657795429229736 -0.8000000059604647
v -1.035276174545288 -3.8637032508850098 -0.8000000059604647
v -1.5307337045669556 -3.6955180168151855 -0.8000000059604647
v -2 -3.464101552963257 -0.8000000059604647
v -2.4350457191467285 -3.1734132766723633 -0.8000000059604647
v -2.8284270763397217 -2.8284270763397217 -0.8000000059604646
v -3.1734132766723633 -2.4350457191467285 -0.8000000059604646
v -3.464101552963257 -2 -0.8000000059604646
v -3.6955180168151855 -1.5307337045669556 -0.8000000059604646
v -3.8637032508850098 -1.035276174545288 -0.8000000059604646
v -3.9657795429229736 -0.5221047401428223 -0.8000000059604646
v -4 -6.858021862806742e-16 -0.8000000059604645
v -3.9657795429229736 0.5221047401428223 -0.8000000059604644
v -3.8637032508850098 1.035276174545288 -0.8000000059604644
v -3.6955180168151855 1.5307337045669556 -0.8000000059604644
v -3.464101552963257 2 -0.8000000059604644
v -3.1734132766723633 2.4350457191467285 -0.8000000059604644
v -2.8284270763397217 2.8284270763397217 -0.8000000059604644
v -2.4350457191467285 3.1734132766723633 -0.8000000059604643
v -2 3.464101552963257 -0.8000000059604643
v -1.5307337045669556 3.6955180168151855 -0.8000000059604643
v -1.035276174545288 3.8637032508850098 -0.8000000059604643
v -0.5221047401428223 3.9657795429229736 -0.8000000059604643
v -9.797174820681343e-16 4 -0.8000000059604643
v 0 4 5.960464677379207e-9
v 0.5221047401428223 3.9657795429229736 5.960464677379207e-9
v 1.035276174545288 3.8637032508850098 5.960464677379207e-9
v 1.5307337045669556 3.6955180168151855 5.960464677379207e-9
v 2 3.464101552963257 5.960464677379207e-9
v 2.4350457191467285 3.1734132766723633 5.960464677379207e-9
v 2.8284270763397217 2.8284270763397217 5.960464621868056e-9
v 3.1734132766723633 2.4350457191467285 5.960464621868056e-9
v 3.464101552963257 2 5.9604645663569045e-9
v 3.6955180168151855 1.5307337045669556 5.9604645663569045e-9
v 3.8637032508850098 1.035276174545288 5.960464510845753e-9
v 3.9657795429229736 0.5221047401428223 5.960464510845753e-9
v 4 2.4492937015206037e-16 5.960464455334602e-9
v 3.9657795429229736 -0.5221047401428223 5.960464399823451e-9
v 3.8637032508850098 -1.035276174545288 5.960464399823451e-9
v 3.6955180168151855 -1.5307337045669556 5.9604643443122995e-9
v 3.464101552963257 -2 5.9604643443122995e-9
v 3.1734132766723633 -2.4350457191467285 5.960464288801148e-9
v 2.8284270763397217 -2.8284270763397217 5.960464288801148e-9
v 2.4350457191467285 -3.1734132766723633 5.960464233289997e-9
v 2 -3.464101552963257 5.960464233289997e-9
v 1.5307337045669556 -3.6955180168151855 5.960464233289997e-9
v 1.035276174545288 -3.8637032508850098 5.960464233289997e-9
v 0.5221047401428223 -3.9657795429229736 5.960464233289997e-9
v 4.898587410340671e-16 -4 5.960464233289997e-9
v -0.5221047401428223 -3.9657795429229736 5.960464233289997e-9
v -1.035276174545288 -3.8637032508850098 5.960464233289997e-9
v -1.5307337045669556 -3.6955180168151855 5.960464233289997e-9
v -2 -3.464101552963257 5.960464233289997e-9
v -2.4350457191467285 -3.1734132766723633 5.960464233289997e-9
v -2.8284270763397217 -2.8284270763397217 5.960464288801148e-9
v -3.1734132766723633 -2.4350457191467285 5.960464288801148e-9
v -3.464101552963257 -2 5.9604643443122995e-9
v -3.6955180168151855 -1.5307337045669556 5.9604643443122995e-9
v -3.8637032508850098 -1.035276174545288 5.960464399823451e-9
v -3.9657795429229736 -0.5221047401428223 5.960464399823451e-9
v -4 -7.347880589765146e-16 5.960464455334602e-9
v -3.9657795429229736 0.5221047401428223 5.960464510845753e-9
v -3.8637032508850098 1.035276174545288 5.960464510845753e-9
v -3.6955180168151855 1.5307337045669556 5.9604645663569045e-9
v -3.464101552963257 2 5.9604645663569045e-9
v -3.1734132766723633 2.4350457191467285 5.960464621868056e-9
v -2.8284270763397217 2.8284270763397217 5.960464621868056e-9
v -2.4350457191467285 3.1734132766723633 5.960464677379207e-9
v -2 3.464101552963257 5.960464677379207e-9
v -1.5307337045669556 3.6955180168151855 5.960464677379207e-9
v -1.035276174545288 3.8637032508850098 5.960464677379207e-9
v -0.5221047401428223 3.9657795429229736 5.960464677379207e-9
v -9.797174820681343e-16 4 5.960464677379207e-9
v 0 4.8985872330867315e-17 -0.8000000059604645
v 0 4.8985872330867315e-17 -0.8000000059604645
v 0 4.8985872330867315e-17 -0.8000000059604645
v 0 4.8985872330867315e-17 -0.8000000059604645
v 0 4.8985872330867315e-17 -0.8000000059604645
v 0 4.8985872330867315e-17 -0.8000000059604645
v 0 4.8985872330867315e-17 -0.8000000059604645
v 0 4.8985872330867315e-17 -0.8000000059604645
v 0 4.8985872330867315e-17 -0.8000000059604645
v 0 4.8985872330867315e-17 -0.8000000059604645
v 0 4.8985872330867315e-17 -0.8000000059604645
v 0 4.8985872330867315e-17 -0.8000000059604645
v 0 4.8985872330867315e-17 -0.8000000059604645
v 0 4.8985872330867315e-17 -0.8000000059604645
v 0 4.8985872330867315e-17 -0.8000000059604645
v 0 4.8985872330867315e-17 -0.8000000059604645
v 0 4.8985872330867315e-17 -0.8000000059604645
v 0 4.8985872330867315e-17 -0.8000000059604645
v 0 4.8985872330867315e-17 -0.8000000059604645
v 0 4.8985872330867315e-17 -0.8000000059604645
v 0 4.8985872330867315e-17 -0.8000000059604645
v 0 4.8985872330867315e-17 -0.8000000059604645
v 0 4.8985872330867315e-17 -0.8000000059604645
v 0 4.8985872330867315e-17 -0.8000000059604645
v 0 4.8985872330867315e-17 -0.8000000059604645
v 0 4.8985872330867315e-17 -0.8000000059604645
v 0 4.8985872330867315e-17 -0.8000000059604645
v 0 4.8985872330867315e-17 -0.8000000059604645
v 0 4.8985872330867315e-17 -0.8000000059604645
v 0 4.8985872330867315e-17 -0.8000000059604645
v 0 4.8985872330867315e-17 -0.8000000059604645
v 0 4.8985872330867315e-17 -0.8000000059604645
v 0 4.8985872330867315e-17 -0.8000000059604645
v 0 4.8985872330867315e-17 -0.8000000059604645
v 0 4.8985872330867315e-17 -0.8000000059604645
v 0 4.8985872330867315e-17 -0.8000000059604645
v 0 4.8985872330867315e-17 -0.8000000059604645
v 0 4.8985872330867315e-17 -0.8000000059604645
v 0 4.8985872330867315e-17 -0.8000000059604645
v 0 4.8985872330867315e-17 -0.8000000059604645
v 0 4.8985872330867315e-17 -0.8000000059604645
v 0 4.8985872330867315e-17 -0.8000000059604645
v 0 4.8985872330867315e-17 -0.8000000059604645
v 0 4.8985872330867315e-17 -0.8000000059604645
v 0 4.8985872330867315e-17 -0.8000000059604645
v 0 4.8985872330867315e-17 -0.8000000059604645
v 0 4.8985872330867315e-17 -0.8000000059604645
v 0 4.8985872330867315e-17 -0.8000000059604645
v 0 4 -0.8000000059604643
v 0.5221047401428223 3.9657795429229736 -0.8000000059604643
v 1.035276174545288 3.8637032508850098 -0.8000000059604643
v 1.5307337045669556 3.6955180168151855 -0.8000000059604643
v 2 3.464101552963257 -0.8000000059604643
v 2.4350457191467285 3.1734132766723633 -0.8000000059604643
v 2.8284270763397217 2.8284270763397217 -0.8000000059604644
v 3.1734132766723633 2.4350457191467285 -0.8000000059604644
v 3.464101552963257 2 -0.8000000059604644
v 3.6955180168151855 1.5307337045669556 -0.8000000059604644
v 3.8637032508850098 1.035276174545288 -0.8000000059604644
v 3.9657795429229736 0.5221047401428223 -0.8000000059604644
v 4 2.939152428479009e-16 -0.8000000059604645
v 3.9657795429229736 -0.5221047401428223 -0.8000000059604646
v 3.8637032508850098 -1.035276174545288 -0.8000000059604646
v 3.6955180168151855 -1.5307337045669556 -0.8000000059604646
v 3.464101552963257 -2 -0.8000000059604646
v 3.1734132766723633 -2.4350457191467285 -0.8000000059604646
v 2.8284270763397217 -2.8284270763397217 -0.8000000059604646
v 2.4350457191467285 -3.1734132766723633 -0.8000000059604647
v 2 -3.464101552963257 -0.8000000059604647
v 1.5307337045669556 -3.6955180168151855 -0.8000000059604647
v 1.035276174545288 -3.8637032508850098 -0.8000000059604647
v 0.5221047401428223 -3.9657795429229736 -0.8000000059604647
v 4.898587410340671e-16 -4 -0.8000000059604647
v -0.5221047401428223 -3.9657795429229736 -0.8000000059604647
v -1.035276174545288 -3.8637032508850098 -0.8000000059604647
v -1.5307337045669556 -3.6955180168151855 -0.8000000059604647
v -2 -3.464101552963257 -0.8000000059604647
v -2.4350457191467285 -3.1734132766723633 -0.8000000059604647
v -2.8284270763397217 -2.8284270763397217 -0.8000000059604646
v -3.1734132766723633 -2.4350457191467285 -0.8000000059604646
v -3.464101552963257 -2 -0.8000000059604646
v -3.6955180168151855 -1.5307337045669556 -0.8000000059604646
v -3.8637032508850098 -1.035276174545288 -0.8000000059604646
v -3.9657795429229736 -0.5221047401428223 -0.8000000059604646
v -4 -6.858021862806742e-16 -0.8000000059604645
v -3.9657795429229736 0.5221047401428223 -0.8000000059604644
v -3.8637032508850098 1.035276174545288 -0.8000000059604644
v -3.6955180168151855 1.5307337045669556 -0.8000000059604644
v -3.464101552963257 2 -0.8000000059604644
v -3.1734132766723633 2.4350457191467285 -0.8000000059604644
v -2.8284270763397217 2.8284270763397217 -0.8000000059604644
v -2.4350457191467285 3.1734132766723633 -0.8000000059604643
v -2 3.464101552963257 -0.8000000059604643
v -1.5307337045669556 3.6955180168151855 -0.8000000059604643
v -1.035276174545288 3.8637032508850098 -0.8000000059604643
v -0.5221047401428223 3.9657795429229736 -0.8000000059604643
v -9.797174820681343e-16 4 -0.8000000059604643
v 0 -3.6497318462926802e-25 5.960464455334602e-9
v 0 -3.6497318462926802e-25 5.960464455334602e-9
v 0 -3.6497318462926802e-25 5.960464455334602e-9
v 0 -3.6497318462926802e-25 5.960464455334602e-9
v 0 -3.6497318462926802e-25 5.960464455334602e-9
v 0 -3.6497318462926802e-25 5.960464455334602e-9
v 0 -3.6497318462926802e-25 5.960464455334602e-9
v 0 -3.6497318462926802e-25 5.960464455334602e-9
v 0 -3.6497318462926802e-25 5.960464455334602e-9
v 0 -3.6497318462926802e-25 5.960464455334602e-9
v 0 -3.6497318462926802e-25 5.960464455334602e-9
v 0 -3.6497318462926802e-25 5.960464455334602e-9
v 0 -3.6497318462926802e-25 5.960464455334602e-9
v 0 -3.6497318462926802e-25 5.960464455334602e-9
v 0 -3.6497318462926802e-25 5.960464455334602e-9
v 0 -3.6497318462926802e-25 5.960464455334602e-9
v 0 -3.6497318462926802e-25 5.960464455334602e-9
v 0 -3.6497318462926802e-25 5.960464455334602e-9
v 0 -3.6497318462926802e-25 5.960464455334602e-9
v 0 -3.6497318462926802e-25 5.960464455334602e-9
v 0 -3.6497318462926802e-25 5.960464455334602e-9
v 0 -3.6497318462926802e-25 5.960464455334602e-9
v 0 -3.6497318462926802e-25 5.960464455334602e-9
v 0 -3.6497318462926802e-25 5.960464455334602e-9
v 0 -3.6497318462926802e-25 5.960464455334602e-9
v 0 -3.6497318462926802e-25 5.960464455334602e-9
v 0 -3.6497318462926802e-25 5.960464455334602e-9
v 0 -3.6497318462926802e-25 5.960464455334602e-9
v 0 -3.6497318462926802e-25 5.960464455334602e-9
v 0 -3.6497318462926802e-25 5.960464455334602e-9
v 0 -3.6497318462926802e-25 5.960464455334602e-9
v 0 -3.6497318462926802e-25 5.960464455334602e-9
v 0 -3.6497318462926802e-25 5.960464455334602e-9
v 0 -3.6497318462926802e-25 5.960464455334602e-9
v 0 -3.6497318462926802e-25 5.960464455334602e-9
v 0 -3.6497318462926802e-25 5.960464455334602e-9
v 0 -3.6497318462926802e-25 5.960464455334602e-9
v 0 -3.6497318462926802e-25 5.960464455334602e-9
v 0 -3.6497318462926802e-25 5.960464455334602e-9
v 0 -3.6497318462926802e-25 5.960464455334602e-9
v 0 -3.6497318462926802e-25 5.960464455334602e-9
v 0 -3.6497318462926802e-25 5.960464455334602e-9
v 0 -3.6497318462926802e-25 5.960464455334602e-9
v 0 -3.6497318462926802e-25 5.960464455334602e-9
v 0 -3.6497318462926802e-25 5.960464455334602e-9
v 0 -3.6497318462926802e-25 5.960464455334602e-9
v 0 -3.6497318462926802e-25 5.960464455334602e-9
v 0 -3.6497318462926802e-25 5.960464455334602e-9
v 0 4 5.960464677379207e-9
v 0.5221047401428223 3.9657795429229736 5.960464677379207e-9
v 1.035276174545288 3.8637032508850098 5.960464677379207e-9
v 1.5307337045669556 3.6955180168151855 5.960464677379207e-9
v 2 3.464101552963257 5.960464677379207e-9
v 2.4350457191467285 3.1734132766723633 5.960464677379207e-9
v 2.8284270763397217 2.8284270763397217 5.960464621868056e-9
v 3.1734132766723633 2.4350457191467285 5.960464621868056e-9
v 3.464101552963257 2 5.9604645663569045e-9
v 3.6955180168151855 1.5307337045669556 5.9604645663569045e-9
v 3.8637032508850098 1.035276174545288 5.960464510845753e-9
v 3.9657795429229736 0.5221047401428223 5.960464510845753e-9
v 4 2.4492937015206037e-16 5.960464455334602e-9
v 3.9657795429229736 -0.5221047401428223 5.960464399823451e-9
v 3.8637032508850098 -1.035276174545288 5.960464399823451e-9
v 3.6955180168151855 -1.5307337045669556 5.9604643443122995e-9
v 3.464101552963257 -2 5.9604643443122995e-9
v 3.1734132766723633 -2.4350457191467285 5.960464288801148e-9
v 2.8284270763397217 -2.8284270763397217 5.960464288801148e-9
v 2.4350457191467285 -3.1734132766723633 5.960464233289997e-9
v 2 -3.464101552963257 5.960464233289997e-9
v 1.5307337045669556 -3.6955180168151855 5.960464233289997e-9
v 1.035276174545288 -3.8637032508850098 5.960464233289997e-9
v 0.5221047401428223 -3.9657795429229736 5.960464233289997e-9
v 4.898587410340671e-16 -4 5.960464233289997e-9
v -0.5221047401428223 -3.9657795429229736 5.960464233289997e-9
v -1.035276174545288 -3.8637032508850098 5.960464233289997e-9
v -1.5307337045669556 -3.6955180168151855 5.960464233289997e-9
v -2 -3.464101552963257 5.960464233289997e-9
v -2.4350457191467285 -3.1734132766723633 5.960464233289997e-9
v -2.8284270763397217 -2.8284270763397217 5.960464288801148e-9
v -3.1734132766723633 -2.4350457191467285 5.960464288801148e-9
v -3.464101552963257 -2 5.9604643443122995e-9
v -3.6955180168151855 -1.5307337045669556 5.9604643443122995e-9
v -3.8637032508850098 -1.035276174545288 5.960464399823451e-9
v -3.9657795429229736 -0.5221047401428223 5.960464399823451e-9
v -4 -7.347880589765146e-16 5.960464455334602e-9
v -3.9657795429229736 0.5221047401428223 5.960464510845753e-9
v -3.8637032508850098 1.035276174545288 5.960464510845753e-9
v -3.6955180168151855 1.5307337045669556 5.9604645663569045e-9
v -3.464101552963257 2 5.9604645663569045e-9
v -3.1734132766723633 2.4350457191467285 5.960464621868056e-9
v -2.8284270763397217 2.8284270763397217 5.960464621868056e-9
v -2.4350457191467285 3.1734132766723633 5.960464677379207e-9
v -2 3.464101552963257 5.960464677379207e-9
v -1.5307337045669556 3.6955180168151855 5.960464677379207e-9
v -1.035276174545288 3.8637032508850098 5.960464677379207e-9
v -0.5221047401428223 3.9657795429229736 5.960464677379207e-9
v -9.797174820681343e-16 4 5.960464677379207e-9
vn 0 1 6.123233995736766e-17
vn 0.13052618200608704 0.9914448627185043 6.070848888296516e-17
vn 0.2588190471264927 0.9659258257467466 5.914589853572587e-17
vn 0.3826834370613369 0.9238795305660377 5.657130549527286e-17
vn 0.5000000067305869 0.8660253998985324 5.302876169830221e-17
vn 0.6087614397000725 0.7933533320874723 4.85788809366905e-17
vn 0.7071067811865476 0.7071067811865476 4.3297802811774664e-17
vn 0.7933533320874723 0.6087614397000725 3.7275887428651414e-17
vn 0.8660253998985324 0.5000000067305869 3.061617039081341e-17
vn 0.9238795305660377 0.3826834370613369 2.3432602314193692e-17
vn 0.9659258257467466 0.2588190471264927 1.584809588109136e-17
vn 0.9914448627185043 0.13052618200608704 7.992423549933969e-18
vn 1 6.123234262925839e-17 3.749399620260766e-33
vn 0.9914448627185043 -0.13052618200608704 -7.992423549933969e-18
vn 0.9659258257467466 -0.2588190471264927 -1.584809588109136e-17
vn 0.9238795305660377 -0.3826834370613369 -2.3432602314193692e-17
vn 0.8660253998985324 -0.5000000067305869 -3.061617039081341e-17
vn 0.7933533320874723 -0.6087614397000725 -3.7275887428651414e-17
vn 0.7071067811865476 -0.7071067811865476 -4.3297802811774664e-17
vn 0.6087614397000725 -0.7933533320874723 -4.85788809366905e-17
vn 0.5000000067305869 -0.8660253998985324 -5.302876169830221e-17
vn 0.3826834370613369 -0.9238795305660377 -5.657130549527286e-17
vn 0.2588190471264927 -0.9659258257467466 -5.914589853572587e-17
vn 0.13052618200608704 -0.9914448627185043 -6.070848888296516e-17
vn 1.2246468525851679e-16 -1 -6.123233995736766e-17
vn -0.13052618200608704 -0.9914448627185043 -6.070848888296516e-17
vn -0.2588190471264927 -0.9659258257467466 -5.914589853572587e-17
vn -0.3826834370613369 -0.9238795305660377 -5.657130549527286e-17
vn -0.5000000067305869 -0.8660253998985324 -5.302876169830221e-17
vn -0.6087614397000725 -0.7933533320874723 -4.85788809366905e-17
vn -0.7071067811865476 -0.7071067811865476 -4.3297802811774664e-17
vn -0.7933533320874723 -0.6087614397000725 -3.7275887428651414e-17
vn -0.8660253998985324 -0.5000000067305869 -3.061617039081341e-17
vn -0.9238795305660377 -0.3826834370613369 -2.3432602314193692e-17
vn -0.9659258257467466 -0.2588190471264927 -1.584809588109136e-17
vn -0.9914448627185043 -0.13052618200608704 -7.992423549933969e-18
vn -1 -1.8369701465288538e-16 -1.1248198050379026e-32
vn -0.9914448627185043 0.13052618200608704 7.992423549933969e-18
vn -0.9659258257467466 0.2588190471264927 1.584809588109136e-17
vn -0.9238795305660377 0.3826834370613369 2.3432602314193692e-17
vn -0.8660253998985324 0.5000000067305869 3.061617039081341e-17
vn -0.7933533320874723 0.6087614397000725 3.7275887428651414e-17
vn -0.7071067811865476 0.7071067811865476 4.3297802811774664e-17
vn -0.6087614397000725 0.7933533320874723 4.85788809366905e-17
vn -0.5000000067305869 0.8660253998985324 5.302876169830221e-17
vn -0.3826834370613369 0.9238795305660377 5.657130549527286e-17
vn -0.2588190471264927 0.9659258257467466 5.914589853572587e-17
vn -0.13052618200608704 0.9914448627185043 6.070848888296516e-17
vn -2.4492937051703357e-16 1 6.123233995736766e-17
vn 0 1 6.123233995736766e-17
vn 0.13052618200608704 0.9914448627185043 6.070848888296516e-17
vn 0.2588190471264927 0.9659258257467466 5.914589853572587e-17
vn 0.3826834370613369 0.9238795305660377 5.657130549527286e-17
vn 0.5000000067305869 0.8660253998985324 5.302876169830221e-17
vn 0.6087614397000725 0.7933533320874723 4.85788809366905e-17
vn 0.7071067811865476 0.7071067811865476 4.3297802811774664e-17
vn 0.7933533320874723 0.6087614397000725 3.7275887428651414e-17
vn 0.8660253998985324 0.5000000067305869 3.061617039081341e-17
vn 0.9238795305660377 0.3826834370613369 2.3432602314193692e-17
vn 0.9659258257467466 0.2588190471264927 1.584809588109136e-17
vn 0.9914448627185043 0.13052618200608704 7.992423549933969e-18
vn 1 6.123234262925839e-17 3.749399620260766e-33
vn 0.9914448627185043 -0.13052618200608704 -7.992423549933969e-18
vn 0.9659258257467466 -0.2588190471264927 -1.584809588109136e-17
vn 0.9238795305660377 -0.3826834370613369 -2.3432602314193692e-17
vn 0.8660253998985324 -0.5000000067305869 -3.061617039081341e-17
vn 0.7933533320874723 -0.6087614397000725 -3.7275887428651414e-17
vn 0.7071067811865476 -0.7071067811865476 -4.3297802811774664e-17
vn 0.6087614397000725 -0.7933533320874723 -4.85788809366905e-17
vn 0.5000000067305869 -0.8660253998985324 -5.302876169830221e-17
vn 0.3826834370613369 -0.9238795305660377 -5.657130549527286e-17
vn 0.2588190471264927 -0.9659258257467466 -5.914589853572587e-17
vn 0.13052618200608704 -0.9914448627185043 -6.070848888296516e-17
vn 1.2246468525851679e-16 -1 -6.123233995736766e-17
vn -0.13052618200608704 -0.9914448627185043 -6.070848888296516e-17
vn -0.2588190471264927 -0.9659258257467466 -5.914589853572587e-17
vn -0.3826834370613369 -0.9238795305660377 -5.657130549527286e-17
vn -0.5000000067305869 -0.8660253998985324 -5.302876169830221e-17
vn -0.6087614397000725 -0.7933533320874723 -4.85788809366905e-17
vn -0.7071067811865476 -0.7071067811865476 -4.3297802811774664e-17
vn -0.7933533320874723 -0.6087614397000725 -3.7275887428651414e-17
vn -0.8660253998985324 -0.5000000067305869 -3.061617039081341e-17
vn -0.9238795305660377 -0.3826834370613369 -2.3432602314193692e-17
vn -0.9659258257467466 -0.2588190471264927 -1.584809588109136e-17
vn -0.9914448627185043 -0.13052618200608704 -7.992423549933969e-18
vn -1 -1.8369701465288538e-16 -1.1248198050379026e-32
vn -0.9914448627185043 0.13052618200608704 7.992423549933969e-18
vn -0.9659258257467466 0.2588190471264927 1.584809588109136e-17
vn -0.9238795305660377 0.3826834370613369 2.3432602314193692e-17
vn -0.8660253998985324 0.5000000067305869 3.061617039081341e-17
vn -0.7933533320874723 0.6087614397000725 3.7275887428651414e-17
vn -0.7071067811865476 0.7071067811865476 4.3297802811774664e-17
vn -0.6087614397000725 0.7933533320874723 4.85788809366905e-17
vn -0.5000000067305869 0.8660253998985324 5.302876169830221e-17
vn -0.3826834370613369 0.9238795305660377 5.657130549527286e-17
vn -0.2588190471264927 0.9659258257467466 5.914589853572587e-17
vn -0.13052618200608704 0.9914448627185043 6.070848888296516e-17
vn -2.4492937051703357e-16 1 6.123233995736766e-17
vn 0 6.123233995736766e-17 -1
vn 0 6.123233995736766e-17 -1
vn 0 6.123233995736766e-17 -1
vn 0 6.123233995736766e-17 -1
vn 0 6.123233995736766e-17 -1
vn 0 6.123233995736766e-17 -1
vn 0 6.123233995736766e-17 -1
vn 0 6.123233995736766e-17 -1
vn 0 6.123233995736766e-17 -1
vn 0 6.123233995736766e-17 -1
vn 0 6.123233995736766e-17 -1
vn 0 6.123233995736766e-17 -1
vn 0 6.123233995736766e-17 -1
vn 0 6.123233995736766e-17 -1
vn 0 6.123233995736766e-17 -1
vn 0 6.123233995736766e-17 -1
vn 0 6.123233995736766e-17 -1
vn 0 6.123233995736766e-17 -1
vn 0 6.123233995736766e-17 -1
vn 0 6.123233995736766e-17 -1
vn 0 6.123233995736766e-17 -1
vn 0 6.123233995736766e-17 -1
vn 0 6.123233995736766e-17 -1
vn 0 6.123233995736766e-17 -1
vn 0 6.123233995736766e-17 -1
vn 0 6.123233995736766e-17 -1
vn 0 6.123233995736766e-17 -1
vn 0 6.123233995736766e-17 -1
vn 0 6.123233995736766e-17 -1
vn 0 6.123233995736766e-17 -1
vn 0 6.123233995736766e-17 -1
vn 0 6.123233995736766e-17 -1
vn 0 6.123233995736766e-17 -1
vn 0 6.123233995736766e-17 -1
vn 0 6.123233995736766e-17 -1
vn 0 6.123233995736766e-17 -1
vn 0 6.123233995736766e-17 -1
vn 0 6.123233995736766e-17 -1
vn 0 6.123233995736766e-17 -1
vn 0 6.123233995736766e-17 -1
vn 0 6.123233995736766e-17 -1
vn 0 6.123233995736766e-17 -1
vn 0 6.123233995736766e-17 -1
vn 0 6.123233995736766e-17 -1
vn 0 6.123233995736766e-17 -1
vn 0 6.123233995736766e-17 -1
vn 0 6.123233995736766e-17 -1
vn 0 6.123233995736766e-17 -1
vn 0 6.123233995736766e-17 -1
vn 0 6.123233995736766e-17 -1
vn 0 6.123233995736766e-17 -1
vn 0 6.123233995736766e-17 -1
vn 0 6.123233995736766e-17 -1
vn 0 6.123233995736766e-17 -1
vn 0 6.123233995736766e-17 -1
vn 0 6.123233995736766e-17 -1
vn 0 6.123233995736766e-17 -1
vn 0 6.123233995736766e-17 -1
vn 0 6.123233995736766e-17 -1
vn 0 6.123233995736766e-17 -1
vn 0 6.123233995736766e-17 -1
vn 0 6.123233995736766e-17 -1
vn 0 6.123233995736766e-17 -1
vn 0 6.123233995736766e-17 -1
vn 0 6.123233995736766e-17 -1
vn 0 6.123233995736766e-17 -1
vn 0 6.123233995736766e-17 -1
vn 0 6.123233995736766e-17 -1
vn 0 6.123233995736766e-17 -1
vn 0 6.123233995736766e-17 -1
vn 0 6.123233995736766e-17 -1
vn 0 6.123233995736766e-17 -1
vn 0 6.123233995736766e-17 -1
vn 0 6.123233995736766e-17 -1
vn 0 6.123233995736766e-17 -1
vn 0 6.123233995736766e-17 -1
vn 0 6.123233995736766e-17 -1
vn 0 6.123233995736766e-17 -1
vn 0 6.123233995736766e-17 -1
vn 0 6.123233995736766e-17 -1
vn 0 6.123233995736766e-17 -1
vn 0 6.123233995736766e-17 -1
vn 0 6.123233995736766e-17 -1
vn 0 6.123233995736766e-17 -1
vn 0 6.123233995736766e-17 -1
vn 0 6.123233995736766e-17 -1
vn 0 6.123233995736766e-17 -1
vn 0 6.123233995736766e-17 -1
vn 0 6.123233995736766e-17 -1
vn 0 6.123233995736766e-17 -1
vn 0 6.123233995736766e-17 -1
vn 0 6.123233995736766e-17 -1
vn 0 6.123233995736766e-17 -1
vn 0 6.123233995736766e-17 -1
vn 0 6.123233995736766e-17 -1
vn 0 6.123233995736766e-17 -1
vn 0 6.123233995736766e-17 -1
vn 0 -6.123233995736766e-17 1
vn 0 -6.123233995736766e-17 1
vn 0 -6.123233995736766e-17 1
vn 0 -6.123233995736766e-17 1
vn 0 -6.123233995736766e-17 1
vn 0 -6.123233995736766e-17 1
vn 0 -6.123233995736766e-17 1
vn 0 -6.123233995736766e-17 1
vn 0 -6.123233995736766e-17 1
vn 0 -6.123233995736766e-17 1
vn 0 -6.123233995736766e-17 1
vn 0 -6.123233995736766e-17 1
vn 0 -6.123233995736766e-17 1
vn 0 -6.123233995736766e-17 1
vn 0 -6.123233995736766e-17 1
vn 0 -6.123233995736766e-17 1
vn 0 -6.123233995736766e-17 1
vn 0 -6.123233995736766e-17 1
vn 0 -6.123233995736766e-17 1
vn 0 -6.123233995736766e-17 1
vn 0 -6.123233995736766e-17 1
vn 0 -6.123233995736766e-17 1
vn 0 -6.123233995736766e-17 1
vn 0 -6.123233995736766e-17 1
vn 0 -6.123233995736766e-17 1
vn 0 -6.123233995736766e-17 1
vn 0 -6.123233995736766e-17 1
vn 0 -6.123233995736766e-17 1
vn 0 -6.123233995736766e-17 1
vn 0 -6.123233995736766e-17 1
vn 0 -6.123233995736766e-17 1
vn 0 -6.123233995736766e-17 1
vn 0 -6.123233995736766e-17 1
vn 0 -6.123233995736766e-17 1
vn 0 -6.123233995736766e-17 1
vn 0 -6.123233995736766e-17 1
vn 0 -6.123233995736766e-17 1
vn 0 -6.123233995736766e-17 1
vn 0 -6.123233995736766e-17 1
vn 0 -6.123233995736766e-17 1
vn 0 -6.123233995736766e-17 1
vn 0 -6.123233995736766e-17 1
vn 0 -6.123233995736766e-17 1
vn 0 -6.123233995736766e-17 1
vn 0 -6.123233995736766e-17 1
vn 0 -6.123233995736766e-17 1
vn 0 -6.123233995736766e-17 1
vn 0 -6.123233995736766e-17 1
vn 0 -6.123233995736766e-17 1
vn 0 -6.123233995736766e-17 1
vn 0 -6.123233995736766e-17 1
vn 0 -6.123233995736766e-17 1
vn 0 -6.123233995736766e-17 1
vn 0 -6.123233995736766e-17 1
vn 0 -6.123233995736766e-17 1
vn 0 -6.123233995736766e-17 1
vn 0 -6.123233995736766e-17 1
vn 0 -6.123233995736766e-17 1
vn 0 -6.123233995736766e-17 1
vn 0 -6.123233995736766e-17 1
vn 0 -6.123233995736766e-17 1
vn 0 -6.123233995736766e-17 1
vn 0 -6.123233995736766e-17 1
vn 0 -6.123233995736766e-17 1
vn 0 -6.123233995736766e-17 1
vn 0 -6.123233995736766e-17 1
vn 0 -6.123233995736766e-17 1
vn 0 -6.123233995736766e-17 1
vn 0 -6.123233995736766e-17 1
vn 0 -6.123233995736766e-17 1
vn 0 -6.123233995736766e-17 1
vn 0 -6.123233995736766e-17 1
vn 0 -6.123233995736766e-17 1
vn 0 -6.123233995736766e-17 1
vn 0 -6.123233995736766e-17 1
vn 0 -6.123233995736766e-17 1
vn 0 -6.123233995736766e-17 1
vn 0 -6.123233995736766e-17 1
vn 0 -6.123233995736766e-17 1
vn 0 -6.123233995736766e-17 1
vn 0 -6.123233995736766e-17 1
vn 0 -6.123233995736766e-17 1
vn 0 -6.123233995736766e-17 1
vn 0 -6.123233995736766e-17 1
vn 0 -6.123233995736766e-17 1
vn 0 -6.123233995736766e-17 1
vn 0 -6.123233995736766e-17 1
vn 0 -6.123233995736766e-17 1
vn 0 -6.123233995736766e-17 1
vn 0 -6.123233995736766e-17 1
vn 0 -6.123233995736766e-17 1
vn 0 -6.123233995736766e-17 1
vn 0 -6.123233995736766e-17 1
vn 0 -6.123233995736766e-17 1
vn 0 -6.123233995736766e-17 1
vn 0 -6.123233995736766e-17 1
vn 0 -6.123233995736766e-17 1
f 1//1 50//50 2//2
f 50//50 51//51 2//2
f 2//2 51//51 3//3
f 51//51 52//52 3//3
f 3//3 52//52 4//4
f 52//52 53//53 4//4
f 4//4 53//53 5//5
f 53//53 54//54 5//5
f 5//5 54//54 6//6
f 54//54 55//55 6//6
f 6//6 55//55 7//7
f 55//55 56//56 7//7
f 7//7 56//56 8//8
f 56//56 57//57 8//8
f 8//8 57//57 9//9
f 57//57 58//58 9//9
f 9//9 58//58 10//10
f 58//58 59//59 10//10
f 10//10 59//59 11//11
f 59//59 60//60 11//11
f 11//11 60//60 12//12
f 60//60 61//61 12//12
f 12//12 61//61 13//13
f 61//61 62//62 13//13
f 13//13 62//62 14//14
f 62//62 63//63 14//14
f 14//14 63//63 15//15
f 63//63 64//64 15//15
f 15//15 64//64 16//16
f 64//64 65//65 16//16
f 16//16 65//65 17//17
f 65//65 66//66 17//17
f 17//17 66//66 18//18
f 66//66 67//67 18//18
f 18//18 67//67 19//19
f 67//67 68//68 19//19
f 19//19 68//68 20//20
f 68//68 69//69 20//20
f 20//20 69//69 21//21
f 69//69 70//70 21//21
f 21//21 70//70 22//22
f 70//70 71//71 22//22
f 22//22 71//71 23//23
f 71//71 72//72 23//23
f 23//23 72//72 24//24
f 72//72 73//73 24//24
f 24//24 73//73 25//25
f 73//73 74//74 25//25
f 25//25 74//74 26//26
f 74//74 75//75 26//26
f 26//26 75//75 27//27
f 75//75 76//76 27//27
f 27//27 76//76 28//28
f 76//76 77//77 28//28
f 28//28 77//77 29//29
f 77//77 78//78 29//29
f 29//29 78//78 30//30
f 78//78 79//79 30//30
f 30//30 79//79 31//31
f 79//79 80//80 31//31
f 31//31 80//80 32//32
f 80//80 81//81 32//32
f 32//32 81//81 33//33
f 81//81 82//82 33//33
f 33//33 82//82 34//34
f 82//82 83//83 34//34
f 34//34 83//83 35//35
f 83//83 84//84 35//35
f 35//35 84//84 36//36
f 84//84 85//85 36//36
f 36//36 85//85 37//37
f 85//85 86//86 37//37
f 37//37 86//86 38//38
f 86//86 87//87 38//38
f 38//38 87//87 39//39
f 87//87 88//88 39//39
f 39//39 88//88 40//40
f 88//88 89//89 40//40
f 40//40 89//89 41//41
f 89//89 90//90 41//41
f 41//41 90//90 42//42
f 90//90 91//91 42//42
f 42//42 91//91 43//43
f 91//91 92//92 43//43
f 43//43 92//92 44//44
f 92//92 93//93 44//44
f 44//44 93//93 45//45
f 93//93 94//94 45//45
f 45//45 94//94 46//46
f 94//94 95//95 46//46
f 46//46 95//95 47//47
f 95//95 96//96 47//47
f 47//47 96//96 48//48
f 96//96 97//97 48//48
f 48//48 97//97 49//49
f 97//97 98//98 49//49
f 147//147 148//148 99//99
f 148//148 149//149 100//100
f 149//149 150//150 101//101
f 150//150 151//151 102//102
f 151//151 152//152 103//103
f 152//152 153//153 104//104
f 153//153 154//154 105//105
f 154//154 155//155 106//106
f 155//155 156//156 107//107
f 156//156 157//157 108//108
f 157//157 158//158 109//109
f 158//158 159//159 110//110
f 159//159 160//160 111//111
f 160//160 161//161 112//112
f 161//161 162//162 113//113
f 162//162 163//163 114//114
f 163//163 164//164 115//115
f 164//164 165//165 116//116
f 165//165 166//166 117//117
f 166//166 167//167 118//118
f 167//167 168//168 119//119
f 168//168 169//169 120//120
f 169//169 170//170 121//121
f 170//170 171//171 122//122
f 171//171 172//172 123//123
f 172//172 173//173 124//124
f 173//173 174//174 125//125
f 174//174 175//175 126//126
f 175//175 176//176 127//127
f 176//176 177//177 128//128
f 177//177 178//178 129//129
f 178//178 179//179 130//130
f 179//179 180//180 131//131
f 180//180 181//181 132//132
f 181//181 182//182 133//133
f 182//182 183//183 134//134
f 183//183 184//184 135//135
f 184//184 185//185 136//136
f 185//185 186//186 137//137
f 186//186 187//187 138//138
f 187//187 188//188 139//139
f 188//188 189//189 140//140
f 189//189 190//190 141//141
f 190//190 191//191 142//142
f 191//191 192//192 143//143
f 192//192 193//193 144//144
f 193//193 194//194 145//145
f 194//194 195//195 146//146
f 245//245 244//244 196//196
f 246//246 245//245 197//197
f 247//247 246//246 198//198
f 248//248 247//247 199//199
f 249//249 248//248 200//200
f 250//250 249//249 201//201
f 251//251 250//250 202//202
f 252//252 251//251 203//203
f 253//253 252//252 204//204
f 254//254 253//253 205//205
f 255//255 254//254 206//206
f 256//256 255//255 207//207
f 257//257 256//256 208//208
f 258//258 257//257 209//209
f 259//259 258//258 210//210
f 260//260 259//259 211//211
f 261//261 260//260 212//212
f 262//262 261//261 213//213
f 263//263 262//262 214//214
f 264//264 263//263 215//215
f 265//265 264//264 216//216
f 266//266 265//265 217//217
f 267//267 266//266 218//218
f 268//268 267//267 219//219
f 269//269 268//268 220//220
f 270//270 269//269 221//221
f 271//271 270//270 222//222
f 272//272 271//271 223//223
f 273//273 272//272 224//224
f 274//274 273//273 225//225
f 275//275 274//274 226//226
f 276//276 275//275 227//227
f 277//277 276//276 228//228
f 278//278 277//277 229//229
f 279//279 278//278 230//230
f 280//280 279//279 231//231
f 281//281 280//280 232//232
f 282//282 281//281 233//233
f 283//283 282//282 234//234
f 284//284 283//283 235//235
f 285//285 284//284 236//236
f 286//286 285//285 237//237
f 287//287 286//286 238//238
f 288//288 287//287 239//239
f 289//289 288//288 240//240
f 290//290 289//289 241//241
f 291//291 290//290 242//242
f 292//292 291//291 243//243
o pivot_assembly
v 0 0.6000000238418581 -2.8
v 0.11705419421195984 0.5884711742401125 -2.8
v 0.22961005568504333 0.554327726364136 -2.8
v 0.33334213495254517 0.49888175725936906 -2.8
v 0.4242640733718872 0.4242640733718874 -2.8
v 0.4988817572593689 0.33334213495254533 -2.8
v 0.5543277263641357 0.2296100556850435 -2.8
v 0.5884711742401123 0.11705419421196 -2.8
v 0.6000000238418579 2.081899574581845e-16 -2.8
v 0.5884711742401123 -0.11705419421195967 -2.8
v 0.5543277263641357 -0.22961005568504317 -2.8
v 0.4988817572593689 -0.333342134952545 -2.8
v 0.4242640733718872 -0.42426407337188704 -2.8
v 0.33334213495254517 -0.49888175725936873 -2.8
v 0.22961005568504333 -0.5543277263641355 -2.8
v 0.11705419421195984 -0.5884711742401121 -2.8
v 7.347881115511007e-17 -0.6000000238418577 -2.8
v -0.11705419421195984 -0.5884711742401121 -2.8
v -0.22961005568504333 -0.5543277263641355 -2.8
v -0.33334213495254517 -0.49888175725936873 -2.8
v -0.4242640733718872 -0.42426407337188704 -2.8
v -0.4988817572593689 -0.333342134952545 -2.8
v -0.5543277263641357 -0.22961005568504317 -2.8
v -0.5884711742401123 -0.11705419421195967 -2.8
v -0.6000000238418579 6.123234176540924e-17 -2.8
v -0.5884711742401123 0.11705419421196 -2.8
v -0.5543277263641357 0.2296100556850435 -2.8
v -0.4988817572593689 0.33334213495254533 -2.8
v -0.4242640733718872 0.4242640733718874 -2.8
v -0.33334213495254517 0.49888175725936906 -2.8
v -0.22961005568504333 0.554327726364136 -2.8
v -0.11705419421195984 0.5884711742401125 -2.8
v -1.4695762231022014e-16 0.6000000238418581 -2.8
v 0 0.6000000238418579 -0.8
v 0.11705419421195984 0.5884711742401123 -0.8
v 0.22961005568504333 0.5543277263641357 -0.8
v 0.33334213495254517 0.49888175725936895 -0.8
v 0.4242640733718872 0.42426407337188726 -0.8
v 0.4988817572593689 0.3333421349525452 -0.8
v 0.5543277263641357 0.2296100556850434 -0.8
v 0.5884711742401123 0.1170541942119599 -0.8
v 0.6000000238418579 8.572527754344917e-17 -0.8
v 0.5884711742401123 -0.11705419421195978 -0.8
v 0.5543277263641357 -0.22961005568504328 -0.8
v 0.4988817572593689 -0.3333421349525451 -0.8
v 0.4242640733718872 -0.42426407337188715 -0.8
v 0.33334213495254517 -0.49888175725936884 -0.8
v 0.22961005568504333 -0.5543277263641357 -0.8
v 0.11705419421195984 -0.5884711742401123 -0.8
v 7.347881115511007e-17 -0.6000000238418579 -0.8
v -0.11705419421195984 -0.5884711742401123 -0.8
v -0.22961005568504333 -0.5543277263641357 -0.8
v -0.33334213495254517 -0.49888175725936884 -0.8
v -0.4242640733718872 -0.42426407337188715 -0.8
v -0.4988817572593689 -0.3333421349525451 -0.8
v -0.5543277263641357 -0.22961005568504328 -0.8
v -0.5884711742401123 -0.11705419421195978 -0.8
v -0.6000000238418579 -6.123233814932609e-17 -0.8
v -0.5884711742401123 0.1170541942119599 -0.8
v -0.5543277263641357 0.2296100556850434 -0.8
v -0.4988817572593689 0.3333421349525452 -0.8
v -0.4242640733718872 0.42426407337188726 -0.8
v -0.33334213495254517 0.49888175725936895 -0.8
v -0.22961005568504333 0.5543277263641357 -0.8
v -0.11705419421195984 0.5884711742401123 -0.8
v -1.4695762231022014e-16 0.6000000238418579 -0.8
v 0 1.7145055188062946e-16 -2.8
v 0 1.7145055188062946e-16 -2.8
v 0 1.7145055188062946e-16 -2.8
v 0 1.7145055188062946e-16 -2.8
v 0 1.7145055188062946e-16 -2.8
v 0 1.7145055188062946e-16 -2.8
v 0 1.7145055188062946e-16 -2.8
v 0 1.7145055188062946e-16 -2.8
v 0 1.7145055188062946e-16 -2.8
v 0 1.7145055188062946e-16 -2.8
v 0 1.7145055188062946e-16 -2.8
v 0 1.7145055188062946e-16 -2.8
v 0 1.7145055188062946e-16 -2.8
v 0 1.7145055188062946e-16 -2.8
v 0 1.7145055188062946e-16 -2.8
v 0 1.7145055188062946e-16 -2.8
v 0 1.7145055188062946e-16 -2.8
v 0 1.7145055188062946e-16 -2.8
v 0 1.7145055188062946e-16 -2.8
v 0 1.7145055188062946e-16 -2.8
v 0 1.7145055188062946e-16 -2.8
v 0 1.7145055188062946e-16 -2.8
v 0 1.7145055188062946e-16 -2.8
v 0 1.7145055188062946e-16 -2.8
v 0 1.7145055188062946e-16 -2.8
v 0 1.7145055188062946e-16 -2.8
v 0 1.7145055188062946e-16 -2.8
v 0 1.7145055188062946e-16 -2.8
v 0 1.7145055188062946e-16 -2.8
v 0 1.7145055188062946e-16 -2.8
v 0 1.7145055188062946e-16 -2.8
v 0 1.7145055188062946e-16 -2.8
v 0 0.6000000238418581 -2.8
v 0.11705419421195984 0.5884711742401125 -2.8
v 0.22961005568504333 0.554327726364136 -2.8
v 0.33334213495254517 0.49888175725936906 -2.8
v 0.4242640733718872 0.4242640733718874 -2.8
v 0.4988817572593689 0.33334213495254533 -2.8
v 0.5543277263641357 0.2296100556850435 -2.8
v 0.5884711742401123 0.11705419421196 -2.8
v 0.6000000238418579 2.081899574581845e-16 -2.8
v 0.5884711742401123 -0.11705419421195967 -2.8
v 0.5543277263641357 -0.22961005568504317 -2.8
v 0.4988817572593689 -0.333342134952545 -2.8
v 0.4242640733718872 -0.42426407337188704 -2.8
v 0.33334213495254517 -0.49888175725936873 -2.8
v 0.22961005568504333 -0.5543277263641355 -2.8
v 0.11705419421195984 -0.5884711742401121 -2.8
v 7.347881115511007e-17 -0.6000000238418577 -2.8
v -0.11705419421195984 -0.5884711742401121 -2.8
v -0.22961005568504333 -0.5543277263641355 -2.8
v -0.33334213495254517 -0.49888175725936873 -2.8
v -0.4242640733718872 -0.42426407337188704 -2.8
v -0.4988817572593689 -0.333342134952545 -2.8
v -0.5543277263641357 -0.22961005568504317 -2.8
v -0.5884711742401123 -0.11705419421195967 -2.8
v -0.6000000238418579 6.123234176540924e-17 -2.8
v -0.5884711742401123 0.11705419421196 -2.8
v -0.5543277263641357 0.2296100556850435 -2.8
v -0.4988817572593689 0.33334213495254533 -2.8
v -0.4242640733718872 0.4242640733718874 -2.8
v -0.33334213495254517 0.49888175725936906 -2.8
v -0.22961005568504333 0.554327726364136 -2.8
v -0.11705419421195984 0.5884711742401125 -2.8
v -1.4695762231022014e-16 0.6000000238418581 -2.8
v 0 4.898587196589413e-17 -0.8
v 0 4.898587196589413e-17 -0.8
v 0 4.898587196589413e-17 -0.8
v 0 4.898587196589413e-17 -0.8
v 0 4.898587196589413e-17 -0.8
v 0 4.898587196589413e-17 -0.8
v 0 4.898587196589413e-17 -0.8
v 0 4.898587196589413e-17 -0.8
v 0 4.898587196589413e-17 -0.8
v 0 4.898587196589413e-17 -0.8
v 0 4.898587196589413e-17 -0.8
v 0 4.898587196589413e-17 -0.8
v 0 4.898587196589413e-17 -0.8
v 0 4.898587196589413e-17 -0.8
v 0 4.898587196589413e-17 -0.8
v 0 4.898587196589413e-17 -0.8
v 0 4.898587196589413e-17 -0.8
v 0 4.898587196589413e-17 -0.8
v 0 4.898587196589413e-17 -0.8
v 0 4.898587196589413e-17 -0.8
v 0 4.898587196589413e-17 -0.8
v 0 4.898587196589413e-17 -0.8
v 0 4.898587196589413e-17 -0.8
v 0 4.898587196589413e-17 -0.8
v 0 4.898587196589413e-17 -0.8
v 0 4.898587196589413e-17 -0.8
v 0 4.898587196589413e-17 -0.8
v 0 4.898587196589413e-17 -0.8
v 0 4.898587196589413e-17 -0.8
v 0 4.898587196589413e-17 -0.8
v 0 4.898587196589413e-17 -0.8
v 0 4.898587196589413e-17 -0.8
v 0 0.6000000238418579 -0.8
v 0.11705419421195984 0.5884711742401123 -0.8
v 0.22961005568504333 0.5543277263641357 -0.8
v 0.33334213495254517 0.49888175725936895 -0.8
v 0.4242640733718872 0.42426407337188726 -0.8
v 0.4988817572593689 0.3333421349525452 -0.8
v 0.5543277263641357 0.2296100556850434 -0.8
v 0.5884711742401123 0.1170541942119599 -0.8
v 0.6000000238418579 8.572527754344917e-17 -0.8
v 0.5884711742401123 -0.11705419421195978 -0.8
v 0.5543277263641357 -0.22961005568504328 -0.8
v 0.4988817572593689 -0.3333421349525451 -0.8
v 0.4242640733718872 -0.42426407337188715 -0.8
v 0.33334213495254517 -0.49888175725936884 -0.8
v 0.22961005568504333 -0.5543277263641357 -0.8
v 0.11705419421195984 -0.5884711742401123 -0.8
v 7.347881115511007e-17 -0.6000000238418579 -0.8
v -0.11705419421195984 -0.5884711742401123 -0.8
v -0.22961005568504333 -0.5543277263641357 -0.8
v -0.33334213495254517 -0.49888175725936884 -0.8
v -0.4242640733718872 -0.42426407337188715 -0.8
v -0.4988817572593689 -0.3333421349525451 -0.8
v -0.5543277263641357 -0.22961005568504328 -0.8
v -0.5884711742401123 -0.11705419421195978 -0.8
v -0.6000000238418579 -6.123233814932609e-17 -0.8
v -0.5884711742401123 0.1170541942119599 -0.8
v -0.5543277263641357 0.2296100556850434 -0.8
v -0.4988817572593689 0.3333421349525452 -0.8
v -0.4242640733718872 0.42426407337188726 -0.8
v -0.33334213495254517 0.49888175725936895 -0.8
v -0.22961005568504333 0.5543277263641357 -0.8
v -0.11705419421195984 0.5884711742401123 -0.8
v -1.4695762231022014e-16 0.6000000238418579 -0.8
vn 0 1 6.123233995736766e-17
vn 0.19509032931342324 0.9807852789517083 6.005577762595267e-17
vn 0.3826834370613369 0.9238795305660377 5.657130549527286e-17
vn 0.555570248949409 0.8314696016585884 5.091282931297575e-17
vn 0.7071067811865476 0.7071067811865476 4.3297802811774664e-17
vn 0.8314696016585884 0.555570248949409 3.401886635386959e-17
vn 0.9238795305660377 0.3826834370613369 2.3432602314193692e-17
vn 0.9807852789517083 0.19509032931342324 1.194583736691434e-17
vn 1 6.123234262925839e-17 3.749399620260766e-33
vn 0.9807852789517083 -0.19509032931342324 -1.194583736691434e-17
vn 0.9238795305660377 -0.3826834370613369 -2.3432602314193692e-17
vn 0.8314696016585884 -0.555570248949409 -3.401886635386959e-17
vn 0.7071067811865476 -0.7071067811865476 -4.3297802811774664e-17
vn 0.555570248949409 -0.8314696016585884 -5.091282931297575e-17
vn 0.3826834370613369 -0.9238795305660377 -5.657130549527286e-17
vn 0.19509032931342324 -0.9807852789517083 -6.005577762595267e-17
vn 1.2246468525851679e-16 -1 -6.123233995736766e-17
vn -0.19509032931342324 -0.9807852789517083 -6.005577762595267e-17
vn -0.3826834370613369 -0.9238795305660377 -5.657130549527286e-17
vn -0.555570248949409 -0.8314696016585884 -5.091282931297575e-17
vn -0.7071067811865476 -0.7071067811865476 -4.3297802811774664e-17
vn -0.8314696016585884 -0.555570248949409 -3.401886635386959e-17
vn -0.9238795305660377 -0.3826834370613369 -2.3432602314193692e-17
vn -0.9807852789517083 -0.19509032931342324 -1.194583736691434e-17
vn -1 -1.8369701465288538e-16 -1.1248198050379026e-32
vn -0.9807852789517083 0.19509032931342324 1.194583736691434e-17
vn -0.9238795305660377 0.3826834370613369 2.3432602314193692e-17
vn -0.8314696016585884 0.555570248949409 3.401886635386959e-17
vn -0.7071067811865476 0.7071067811865476 4.3297802811774664e-17
vn -0.555570248949409 0.8314696016585884 5.091282931297575e-17
vn -0.3826834370613369 0.9238795305660377 5.657130549527286e-17
vn -0.19509032931342324 0.9807852789517083 6.005577762595267e-17
vn -2.4492937051703357e-16 1 6.123233995736766e-17
vn 0 1 6.123233995736766e-17
vn 0.19509032931342324 0.9807852789517083 6.005577762595267e-17
vn 0.3826834370613369 0.9238795305660377 5.657130549527286e-17
vn 0.555570248949409 0.8314696016585884 5.091282931297575e-17
vn 0.7071067811865476 0.7071067811865476 4.3297802811774664e-17
vn 0.8314696016585884 0.555570248949409 3.401886635386959e-17
vn 0.9238795305660377 0.3826834370613369 2.3432602314193692e-17
vn 0.9807852789517083 0.19509032931342324 1.194583736691434e-17
vn 1 6.123234262925839e-17 3.749399620260766e-33
vn 0.9807852789517083 -0.19509032931342324 -1.194583736691434e-17
vn 0.9238795305660377 -0.3826834370613369 -2.3432602314193692e-17
vn 0.8314696016585884 -0.555570248949409 -3.401886635386959e-17
vn 0.7071067811865476 -0.7071067811865476 -4.3297802811774664e-17
vn 0.555570248949409 -0.8314696016585884 -5.091282931297575e-17
vn 0.3826834370613369 -0.9238795305660377 -5.657130549527286e-17
vn 0.19509032931342324 -0.9807852789517083 -6.005577762595267e-17
vn 1.2246468525851679e-16 -1 -6.123233995736766e-17
vn -0.19509032931342324 -0.9807852789517083 -6.005577762595267e-17
vn -0.3826834370613369 -0.9238795305660377 -5.657130549527286e-17
vn -0.555570248949409 -0.8314696016585884 -5.091282931297575e-17
vn -0.7071067811865476 -0.7071067811865476 -4.3297802811774664e-17
vn -0.8314696016585884 -0.555570248949409 -3.401886635386959e-17
vn -0.9238795305660377 -0.3826834370613369 -2.3432602314193692e-17
vn -0.9807852789517083 -0.19509032931342324 -1.194583736691434e-17
vn -1 -1.8369701465288538e-16 -1.1248198050379026e-32
vn -0.9807852789517083 0.19509032931342324 1.194583736691434e-17
vn -0.9238795305660377 0.3826834370613369 2.3432602314193692e-17
vn -0.8314696016585884 0.555570248949409 3.401886635386959e-17
vn -0.7071067811865476 0.7071067811865476 4.3297802811774664e-17
vn -0.555570248949409 0.8314696016585884 5.091282931297575e-17
vn -0.3826834370613369 0.9238795305660377 5.657130549527286e-17
vn -0.19509032931342324 0.9807852789517083 6.005577762595267e-17
vn -2.4492937051703357e-16 1 6.123233995736766e-17
vn 0 6.123233995736766e-17 -1
vn 0 6.123233995736766e-17 -1
vn 0 6.123233995736766e-17 -1
vn 0 6.123233995736766e-17 -1
vn 0 6.123233995736766e-17 -1
vn 0 6.123233995736766e-17 -1
vn 0 6.123233995736766e-17 -1
vn 0 6.123233995736766e-17 -1
vn 0 6.123233995736766e-17 -1
vn 0 6.123233995736766e-17 -1
vn 0 6.123233995736766e-17 -1
vn 0 6.123233995736766e-17 -1
vn 0 6.123233995736766e-17 -1
vn 0 6.123233995736766e-17 -1
vn 0 6.123233995736766e-17 -1
vn 0 6.123233995736766e-17 -1
vn 0 6.123233995736766e-17 -1
vn 0 6.123233995736766e-17 -1
vn 0 6.123233995736766e-17 -1
vn 0 6.123233995736766e-17 -1
vn 0 6.123233995736766e-17 -1
vn 0 6.123233995736766e-17 -1
vn 0 6.123233995736766e-17 -1
vn 0 6.123233995736766e-17 -1
vn 0 6.123233995736766e-17 -1
vn 0 6.123233995736766e-17 -1
vn 0 6.123233995736766e-17 -1
vn 0 6.123233995736766e-17 -1
vn 0 6.123233995736766e-17 -1
vn 0 6.123233995736766e-17 -1
vn 0 6.123233995736766e-17 -1
vn 0 6.123233995736766e-17 -1
vn 0 6.123233995736766e-17 -1
vn 0 6.123233995736766e-17 -1
vn 0 6.123233995736766e-17 -1
vn 0 6.123233995736766e-17 -1
vn 0 6.123233995736766e-17 -1
vn 0 6.123233995736766e-17 -1
vn 0 6.123233995736766e-17 -1
vn 0 6.123233995736766e-17 -1
vn 0 6.123233995736766e-17 -1
vn 0 6.123233995736766e-17 -1
vn 0 6.123233995736766e-17 -1
vn 0 6.123233995736766e-17 -1
vn 0 6.123233995736766e-17 -1
vn 0 6.123233995736766e-17 -1
vn 0 6.123233995736766e-17 -1
vn 0 6.123233995736766e-17 -1
vn 0 6.123233995736766e-17 -1
vn 0 6.123233995736766e-17 -1
vn 0 6.123233995736766e-17 -1
vn 0 6.123233995736766e-17 -1
vn 0 6.123233995736766e-17 -1
vn 0 6.123233995736766e-17 -1
vn 0 6.123233995736766e-17 -1
vn 0 6.123233995736766e-17 -1
vn 0 6.123233995736766e-17 -1
vn 0 6.123233995736766e-17 -1
vn 0 6.123233995736766e-17 -1
vn 0 6.123233995736766e-17 -1
vn 0 6.123233995736766e-17 -1
vn 0 6.123233995736766e-17 -1
vn 0 6.123233995736766e-17 -1
vn 0 6.123233995736766e-17 -1
vn 0 6.123233995736766e-17 -1
vn 0 -6.123233995736766e-17 1
vn 0 -6.123233995736766e-17 1
vn 0 -6.123233995736766e-17 1
vn 0 -6.123233995736766e-17 1
vn 0 -6.123233995736766e-17 1
vn 0 -6.123233995736766e-17 1
vn 0 -6.123233995736766e-17 1
vn 0 -6.123233995736766e-17 1
vn 0 -6.123233995736766e-17 1
vn 0 -6.123233995736766e-17 1
vn 0 -6.123233995736766e-17 1
vn 0 -6.123233995736766e-17 1
vn 0 -6.123233995736766e-17 1
vn 0 -6.123233995736766e-17 1
vn 0 -6.123233995736766e-17 1
vn 0 -6.123233995736766e-17 1
vn 0 -6.123233995736766e-17 1
vn 0 -6.123233995736766e-17 1
vn 0 -6.123233995736766e-17 1
vn 0 -6.123233995736766e-17 1
vn 0 -6.123233995736766e-17 1
vn 0 -6.123233995736766e-17 1
vn 0 -6.123233995736766e-17 1
vn 0 -6.123233995736766e-17 1
vn 0 -6.123233995736766e-17 1
vn 0 -6.123233995736766e-17 1
vn 0 -6.123233995736766e-17 1
vn 0 -6.123233995736766e-17 1
vn 0 -6.123233995736766e-17 1
vn 0 -6.123233995736766e-17 1
vn 0 -6.123233995736766e-17 1
vn 0 -6.123233995736766e-17 1
vn 0 -6.123233995736766e-17 1
vn 0 -6.123233995736766e-17 1
vn 0 -6.123233995736766e-17 1
vn 0 -6.123233995736766e-17 1
vn 0 -6.123233995736766e-17 1
vn 0 -6.123233995736766e-17 1
vn 0 -6.123233995736766e-17 1
vn 0 -6.123233995736766e-17 1
vn 0 -6.123233995736766e-17 1
vn 0 -6.123233995736766e-17 1
vn 0 -6.123233995736766e-17 1
vn 0 -6.123233995736766e-17 1
vn 0 -6.123233995736766e-17 1
vn 0 -6.123233995736766e-17 1
vn 0 -6.123233995736766e-17 1
vn 0 -6.123233995736766e-17 1
vn 0 -6.123233995736766e-17 1
vn 0 -6.123233995736766e-17 1
vn 0 -6.123233995736766e-17 1
vn 0 -6.123233995736766e-17 1
vn 0 -6.123233995736766e-17 1
vn 0 -6.123233995736766e-17 1
vn 0 -6.123233995736766e-17 1
vn 0 -6.123233995736766e-17 1
vn 0 -6.123233995736766e-17 1
vn 0 -6.123233995736766e-17 1
vn 0 -6.123233995736766e-17 1
vn 0 -6.123233995736766e-17 1
vn 0 -6.123233995736766e-17 1
vn 0 -6.123233995736766e-17 1
vn 0 -6.123233995736766e-17 1
vn 0 -6.123233995736766e-17 1
vn 0 -6.123233995736766e-17 1
f 293//293 326//326 294//294
f 326//326 327//327 294//294
f 294//294 327//327 295//295
f 327//327 328//328 295//295
f 295//295 328//328 296//296
f 328//328 329//329 296//296
f 296//296 329//329 297//297
f 329//329 330//330 297//297
f 297//297 330//330 298//298
f 330//330 331//331 298//298
f 298//298 331//331 299//299
f 331//331 332//332 299//299
f 299//299 332//332 300//300
f 332//332 333//333 300//300
f 300//300 333//333 301//301
f 333//333 334//334 301//301
f 301//301 334//334 302//302
f 334//334 335//335 302//302
f 302//302 335//335 303//303
f 335//335 336//336 303//303
f 303//303 336//336 304//304
f 336//336 337//337 304//304
f 304//304 337//337 305//305
f 337//337 338//338 305//305
f 305//305 338//338 306//306
f 338//338 339//339 306//306
f 306//306 339//339 307//307
f 339//339 340//340 307//307
f 307//307 340//340 308//308
f 340//340 341//341 308//308
f 308//308 341//341 309//309
f 341//341 342//342 309//309
f 309//309 342//342 310//310
f 342//342 343//343 310//310
f 310//310 343//343 311//311
f 343//343 344//344 311//311
f 311//311 344//344 312//312
f 344//344 345//345 312//312
f 312//312 345//345 313//313
f 345//345 346//346 313//313
f 313//313 346//346 314//314
f 346//346 347//347 314//314
f 314//314 347//347 315//315
f 347//347 348//348 315//315
f 315//315 348//348 316//316
f 348//348 349//349 316//316
f 316//316 349//349 317//317
f 349//349 350//350 317//317
f 317//317 350//350 318//318
f 350//350 351//351 318//318
f 318//318 351//351 319//319
f 351//351 352//352 319//319
f 319//319 352//352 320//320
f 352//352 353//353 320//320
f 320//320 353//353 321//321
f 353//353 354//354 321//321
f 321//321 354//354 322//322
f 354//354 355//355 322//322
f 322//322 355//355 323//323
f 355//355 356//356 323//323
f 323//323 356//356 324//324
f 356//356 357//357 324//324
f 324//324 357//357 325//325
f 357//357 358//358 325//325
f 391//391 392//392 359//359
f 392//392 393//393 360//360
f 393//393 394//394 361//361
f 394//394 395//395 362//362
f 395//395 396//396 363//363
f 396//396 397//397 364//364
f 397//397 398//398 365//365
f 398//398 399//399 366//366
f 399//399 400//400 367//367
f 400//400 401//401 368//368
f 401//401 402//402 369//369
f 402//402 403//403 370//370
f 403//403 404//404 371//371
f 404//404 405//405 372//372
f 405//405 406//406 373//373
f 406//406 407//407 374//374
f 407//407 408//408 375//375
f 408//408 409//409 376//376
f 409//409 410//410 377//377
f 410//410 411//411 378//378
f 411//411 412//412 379//379
f 412//412 413//413 380//380
f 413//413 414//414 381//381
f 414//414 415//415 382//382
f 415//415 416//416 383//383
f 416//416 417//417 384//384
f 417//417 418//418 385//385
f 418//418 419//419 386//386
f 419//419 420//420 387//387
f 420//420 421//421 388//388
f 421//421 422//422 389//389
f 422//422 423//423 390//390
f 457//457 456//456 424//424
f 458//458 457//457 425//425
f 459//459 458//458 426//426
f 460//460 459//459 427//427
f 461//461 460//460 428//428
f 462//462 461//461 429//429
f 463//463 462//462 430//430
f 464//464 463//463 431//431
f 465//465 464//464 432//432
f 466//466 465//465 433//433
f 467//467 466//466 434//434
f 468//468 467//467 435//435
f 469//469 468//468 436//436
f 470//470 469//469 437//437
f 471//471 470//470 438//438
f 472//472 471//471 439//439
f 473//473 472//472 440//440
f 474//474 473//473 441//441
f 475//475 474//474 442//442
f 476//476 475//475 443//443
f 477//477 476//476 444//444
f 478//478 477//477 445//445
f 479//479 478//478 446//446
f 480//480 479//479 447//447
f 481//481 480//480 448//448
f 482//482 481//481 449//449
f 483//483 482//482 450//450
f 484//484 483//483 451//451
f 485//485 484//484 452//452
f 486//486 485//485 453//453
f 487//487 486//486 454//454
f 488//488 487//487 455//455
o nameplate
v 3.4371138676620916 -2.3039296502747515 -0.7388114707996429
v 3.6973431142123374 -1.6756806739270163 -0.6249310892575839
v 3.466879492393512 -2.3736436188485937 -0.61514880742358
v 3.7271087389437576 -1.7453946425008582 -0.501268425881521
v 1.309308008176186 -0.7705852071233883 -0.4437813218030969
v 1.0490787616259403 -1.3988341834711238 -0.5576617033451559
v 1.3390736329076063 -0.8402991756972304 -0.3201186584270339
v 1.0788443863573605 -1.4685481520449657 -0.43399903996909295
v 1.309308008176186 -0.7705852071233883 -0.4437813218030969
v 3.6973431142123374 -1.6756806739270163 -0.6249310892575839
v 1.0490787616259403 -1.3988341834711238 -0.5576617033451559
v 3.4371138676620916 -2.3039296502747515 -0.7388114707996429
v 1.0788443863573605 -1.4685481520449657 -0.43399903996909295
v 3.466879492393512 -2.3736436188485937 -0.61514880742358
v 1.3390736329076063 -0.8402991756972304 -0.3201186584270339
v 3.7271087389437576 -1.7453946425008582 -0.501268425881521
v 1.0490787616259403 -1.3988341834711238 -0.5576617033451559
v 3.4371138676620916 -2.3039296502747515 -0.7388114707996429
v 1.0788443863573605 -1.4685481520449657 -0.43399903996909295
v 3.466879492393512 -2.3736436188485937 -0.61514880742358
v 3.6973431142123374 -1.6756806739270163 -0.6249310892575839
v 1.309308008176186 -0.7705852071233883 -0.4437813218030969
v 3.7271087389437576 -1.7453946425008582 -0.501268425881521
v 1.3390736329076063 -0.8402991756972304 -0.3201186584270339
vn 0.8776802398655326 -0.2950977920457438 -0.37761712047960444
vn 0.8776802398655326 -0.2950977920457438 -0.37761712047960444
vn 0.8776802398655326 -0.2950977920457438 -0.37761712047960444
vn 0.8776802398655326 -0.2950977920457438 -0.37761712047960444
vn -0.8776802398655326 0.2950977920457438 0.37761712047960444
vn -0.8776802398655326 0.2950977920457438 0.37761712047960444
vn -0.8776802398655326 0.2950977920457438 0.37761712047960444
vn -0.8776802398655326 0.2950977920457438 0.37761712047960444
vn -0.0060821302232035995 0.18079508782005363 -0.9835019796177774
vn -0.0060821302232035995 0.18079508782005363 -0.9835019796177774
vn -0.0060821302232035995 0.18079508782005363 -0.9835019796177774
vn -0.0060821302232035995 0.18079508782005363 -0.9835019796177774
vn 0.0060821302232035995 -0.18079508782005363 0.9835019796177774
vn 0.0060821302232035995 -0.18079508782005363 0.9835019796177774
vn 0.0060821302232035995 -0.18079508782005363 0.9835019796177774
vn 0.0060821302232035995 -0.18079508782005363 0.9835019796177774
vn -0.35172281649181825 -0.8491339937706109 -0.3940336546314726
vn -0.35172281649181825 -0.8491339937706109 -0.3940336546314726
vn -0.35172281649181825 -0.8491339937706109 -0.3940336546314726
vn -0.35172281649181825 -0.8491339937706109 -0.3940336546314726
vn 0.35172281649181825 0.8491339937706109 0.3940336546314726
vn 0.35172281649181825 0.8491339937706109 0.3940336546314726
vn 0.35172281649181825 0.8491339937706109 0.3940336546314726
vn 0.35172281649181825 0.8491339937706109 0.3940336546314726
f 489//489 490//490 491//491
f 491//491 490//490 492//492
f 493//493 494//494 495//495
f 495//495 494//494 496//496
f 497//497 498//498 499//499
f 499//499 498//498 500//500
f 501//501 502//502 503//503
f 503//503 502//502 504//504
f 505//505 506//506 507//507
f 507//507 506//506 508//508
f 509//509 510//510 511//511
f 511//511 510//510 512//512
o arch_band
v -8.46771531710954e-16 3.8135199546813965 -3.315545368194581
v -7.753262613737443e-16 3.4917590618133545 -3.1601298332214363
v -7.02477933898967e-16 3.163679361343384 -3.018539237976075
v -6.283584217285979e-16 2.8298747539520264 -2.891029644012452
v -5.531018737056582e-16 2.4909493923187256 -2.7778318405151374
v -4.7684439743686e-16 2.1475162506103516 -2.679151344299317
v -3.997240063530465e-16 1.8001968860626223 -2.595166969299317
v -3.2188030207183703e-16 1.4496200084686282 -2.526028442382813
v -2.434541302904922e-16 1.096419930458069 -2.4718626022338874
v -1.6458746167190573e-16 0.7412360310554506 -2.4327676773071296
v -8.542290215368177e-17 0.3847105503082277 -2.408814239501954
v -6.1037632584869536e-18 0.027488905936479718 -2.4000452041625984
v 7.322636886704869e-17 -0.3297822475433348 -2.4064758300781257
v 1.5242409501911358e-16 -0.6864570975303649 -2.4280956268310554
v 2.313459531281696e-16 -1.0418895483016966 -2.4648654937744148
v 3.0984912549837575e-16 -1.3954364061355589 -2.516717720031739
v 3.8779158852727917e-16 -1.746458053588867 -2.5835597991943366
v 4.650324171082804e-16 -2.0943198204040527 -2.665270614624024
v 5.414316125770661e-16 -2.4383912086486816 -2.761701393127442
v 6.168511085632338e-16 -2.778050422668457 -2.872677612304688
v 6.911543210040387e-16 -3.112682342529297 -2.9979994773864753
v 7.642068892982226e-16 -3.4416818618774414 -3.1374400138854988
v 8.358765174873363e-16 -3.764453172683716 -3.2907460212707527
v 9.060335565908907e-16 -4.0804123878479 -3.4576414108276374
v 9.74551110485475e-16 -4.388988018035888 -3.6378224372863777
v 1.041305141783876e-15 -4.689621448516845 -3.8309648513793952
v 1.106174736532873e-15 -4.981768131256103 -4.036717700958253
v 1.1690426865483897e-15 -5.26490020751953 -4.25470952987671
v 1.2297950658990203e-15 -5.5385046005249015 -4.484545516967774
v 1.288322077938977e-15 -5.802086830139159 -4.725810337066651
v 1.3445178435498532e-15 -6.055170059204101 -4.97806625366211
v 1.3982805070197413e-15 -6.297295570373534 -5.240857887268067
v 1.4495130830761808e-15 -6.528026580810546 -5.513708400726319
v 1.4981222922158554e-15 -6.746942996978759 -5.7961261749267585
v 1.5440207841660794e-15 -6.953651428222655 -6.087597656250001
v 1.5871252320606667e-15 -7.14777660369873 -6.387597370147706
v 1.627357497110233e-15 -7.328966617584228 -6.695581245422365
v 1.6646449462395514e-15 -7.496894359588622 -7.010993051528931
v 1.6989201344501967e-15 -7.651256084442138 -7.333260822296143
v 1.7301211224579009e-15 -7.791772842407226 -7.661802101135255
v 1.7581909472969611e-15 -7.9181880950927725 -7.996022510528565
v 1.783079528144371e-15 -8.03027629852295 -8.335316467285157
v 1.8047413369792157e-15 -8.127832412719727 -8.67907099723816
v 1.8231371985276846e-15 -8.21068000793457 -9.026663112640382
v 1.8382340785048348e-15 -8.278670310974121 -9.37746422290802
v 1.8500046600981174e-15 -8.331680297851562 -9.73083941936493
v 1.8584273439673773e-15 -8.369612693786621 -10.086149680614472
v 1.863487095277801e-15 -8.392399787902832 -10.442751634120942
v 1.8651745966669683e-15 -8.399999618530273 -10.800000073604853
v 1.863487095277801e-15 -8.392399787902832 -11.157248336076737
v 1.8584273439673773e-15 -8.369612693786621 -11.51385031938553
v 1.8500046600981174e-15 -8.331680297851562 -11.869160461425782
v 1.8382342902630716e-15 -8.278671264648438 -12.22253577709198
v 1.8231371985276846e-15 -8.21068000793457 -12.57333700656891
v 1.8047413369792157e-15 -8.127832412719727 -12.92092924118042
v 1.783079528144371e-15 -8.03027629852295 -13.264683532714844
v 1.7581910531760795e-15 -7.918188571929931 -13.603977727890015
v 1.7301210165787824e-15 -7.7917723655700675 -13.938197660446168
v 1.6989201344501967e-15 -7.651256084442138 -14.266739177703858
v 1.6646449462395514e-15 -7.496894359588622 -14.58900694847107
v 1.627357497110233e-15 -7.328966617584228 -14.904418754577637
v 1.5871251261815483e-15 -7.147776126861571 -15.212402629852296
v 1.5440207841660794e-15 -6.953651428222655 -15.51240234375
v 1.4981222922158554e-15 -6.746942996978759 -15.803873825073243
v 1.4495129771970624e-15 -6.528026103973388 -16.086291122436524
v 1.3982806128988597e-15 -6.2972960472106925 -16.359142589569093
v 1.3445178435498532e-15 -6.055170059204101 -16.62193374633789
v 1.288322077938977e-15 -5.802086830139159 -16.87418966293335
v 1.2297951717781387e-15 -5.53850507736206 -17.115454483032227
v 1.1690425806692713e-15 -5.264899730682372 -17.345289993286134
v 1.106174736532873e-15 -4.981768131256103 -17.56328182220459
v 1.0413050359047576e-15 -4.689620971679687 -17.769035148620606
v 9.74551110485475e-16 -4.388988018035888 -17.962177085876466
v 9.060335565908907e-16 -4.080412387847899 -18.142358589172364
v 8.358765704268955e-16 -3.764453411102294 -18.30925397872925
v 7.642068892982226e-16 -3.4416818618774405 -18.46256046295166
v 6.911543739435979e-16 -3.112682580947875 -18.602000045776368
v 6.168511085632338e-16 -2.778050422668456 -18.727321910858155
v 5.414316125770661e-16 -2.4383912086486808 -18.83829860687256
v 4.650323641687212e-16 -2.0943195819854727 -18.934729385375977
v 3.87791667936618e-16 -1.7464584112167347 -19.016440200805665
v 3.0984915196815535e-16 -1.3954365253448475 -19.083282279968262
v 2.313459531281696e-16 -1.0418895483016957 -19.135134506225587
v 1.5242409501911358e-16 -0.6864570975303638 -19.171904373168946
v 7.322642842405279e-17 -0.3297825157642353 -19.193524169921876
v -6.103805444698194e-18 0.027489095926285966 -19.199954795837403
v -8.542286906645726e-17 0.38471040129661677 -19.191185760498048
v -1.6458744843701593e-16 0.7412359714508069 -19.167231369018555
v -2.434541832300514e-16 1.096420168876649 -19.128136444091798
v -3.2188032854161663e-16 1.4496201276779186 -19.073971557617188
v -3.997240063530465e-16 1.8001968860626232 -19.004833984375
v -4.768443444973008e-16 2.1475160121917733 -18.920848655700684
v -5.53101820766099e-16 2.4909491539001474 -18.822167205810548
v -6.283584746681571e-16 2.8298749923706064 -18.70896987915039
v -7.02477933898967e-16 3.1636793613433847 -18.581460762023926
v -7.753263143133035e-16 3.4917593002319345 -18.439870166778565
v -8.467716375900724e-16 3.8135204315185556 -18.28445463180542
v 0.1035276204347602 3.8073325157165527 -3.3276889801025398
v 0.10352762043476027 3.486093521118164 -3.172526168823243
v 0.10352762043476034 3.158545970916748 -3.0311654090881355
v 0.10352762043476042 2.8252828121185303 -2.903863239288331
v 0.10352762043476049 2.4869072437286377 -2.7908494949340827
v 0.10352762043476058 2.144031524658203 -2.6923282623291023
v 0.10352762043476064 1.79727578163147 -2.6084802627563484
v 0.10352762043476073 1.4472678899765017 -2.5394542694091804
v 0.1035276204347608 1.0946409702301028 -2.485376167297364
v 0.10352762043476088 0.7400332093238832 -2.446344184875489
v 0.10352762043476096 0.3840862214565279 -2.422429847717286
v 0.10352762043476105 0.02744429744780081 -2.41367416381836
v 0.10352762043476112 -0.32924735546112044 -2.4200952529907234
v 0.1035276204347612 -0.6853429675102233 -2.441679763793946
v 0.10352762043476128 -1.0401988029479978 -2.478389549255372
v 0.10352762043476135 -1.3931723833084104 -2.5301588058471687
v 0.10352762043476144 -1.743624448776245 -2.596892166137696
v 0.1035276204347615 -2.090921401977539 -2.6784694671630866
v 0.10352762043476159 -2.434434652328491 -2.774743843078614
v 0.10352762043476166 -2.773542642593384 -2.8855407714843757
v 0.10352762043476174 -3.1076321601867676 -3.01065902709961
v 0.10352762043476181 -3.4360976219177246 -3.149873065948487
v 0.10352762043476188 -3.758345127105713 -3.302930641174317
v 0.10352762043476195 -4.07379150390625 -3.4695547103881843
v 0.10352762043476202 -4.381866455078124 -3.6494439125061042
v 0.10352762043476209 -4.682012081146239 -3.842272567749024
v 0.10352762043476216 -4.973684787750243 -4.047691631317139
v 0.10352762043476221 -5.256357669830321 -4.26532964706421
v 0.10352762043476227 -5.529518127441405 -4.494792747497559
v 0.10352762043476234 -5.792672634124755 -4.7356660842895515
v 0.1035276204347624 -6.0453453063964835 -4.987512397766114
v 0.10352762043476245 -6.287078380584716 -5.249877738952637
v 0.10352762043476249 -6.517433643341064 -5.522286224365235
v 0.10352762043476255 -6.7359957695007315 -5.804245281219483
v 0.10352762043476259 -6.942368984222411 -6.095244216918946
v 0.10352762043476263 -7.136178493499755 -6.3947566032409675
v 0.10352762043476267 -7.3170747756958 -6.702241230010988
v 0.10352762043476271 -7.48473024368286 -7.017140674591065
v 0.10352762043476274 -7.638841152191161 -7.3388860702514656
v 0.10352762043476277 -7.779129981994628 -7.666894006729127
v 0.1035276204347628 -7.905340671539306 -8.000572013854981
v 0.10352762043476282 -8.01724624633789 -8.339315938949586
v 0.10352762043476285 -8.114645004272461 -8.682512092590333
v 0.10352762043476287 -8.197358131408691 -9.0295401096344
v 0.10352762043476288 -8.265237808227539 -9.379772591590882
v 0.1035276204347629 -8.318161010742188 -9.732574391365052
v 0.10352762043476291 -8.356032371520996 -10.087308156490327
v 0.10352762043476291 -8.378782272338867 -10.443331408500672
v 0.10352762043476291 -8.386370658874512 -10.800000113604927
v 0.10352762043476291 -8.378782272338867 -11.156668651103974
v 0.10352762043476291 -8.356032371520996 -11.512692022323609
v 0.1035276204347629 -8.318161964416504 -11.86742548942566
v 0.10352762043476288 -8.265237808227539 -12.220227766036988
v 0.10352762043476287 -8.197358131408691 -12.570459413528443
v 0.10352762043476285 -8.114644050598145 -12.91748766899109
v 0.10352762043476282 -8.01724624633789 -13.260684537887574
v 0.1035276204347628 -7.905340671539306 -13.59942798614502
v 0.10352762043476277 -7.77912950515747 -13.933105754852296
v 0.10352762043476274 -7.638841629028319 -14.261113929748536
v 0.10352762043476271 -7.48473024368286 -14.582859086990357
v 0.10352762043476267 -7.3170747756958 -14.897758293151856
v 0.10352762043476263 -7.136178016662597 -15.205242919921876
v 0.10352762043476259 -6.942368507385253 -15.504755783081055
v 0.10352762043476255 -6.7359957695007315 -15.795755195617676
v 0.10352762043476249 -6.517434120178222 -16.077713775634766
v 0.10352762043476245 -6.287077903747558 -16.350122261047364
v 0.1035276204347624 -6.0453453063964835 -16.61248712539673
v 0.10352762043476234 -5.792672634124755 -16.86433391571045
v 0.10352762043476227 -5.529518127441405 -17.105206775665284
v 0.10352762043476221 -5.256357192993163 -17.334669876098634
v 0.10352762043476216 -4.973684787750243 -17.55230884552002
v 0.10352762043476209 -4.682011604309081 -17.757727432250977
v 0.10352762043476202 -4.381866455078124 -17.95055561065674
v 0.10352762043476195 -4.073791980743406 -18.130445766448975
v 0.10352762043476188 -3.758344888687133 -18.297069358825684
v 0.10352762043476181 -3.4360973834991446 -18.450126934051514
v 0.10352762043476174 -3.1076316833496085 -18.589340496063233
v 0.10352762043476166 -2.773542881011962 -18.714459228515626
v 0.10352762043476159 -2.4344348907470694 -18.825256156921387
v 0.1035276204347615 -2.090921163558959 -18.9215295791626
v 0.10352762043476144 -1.7436245679855336 -19.003107833862305
v 0.10352762043476135 -1.39317226409912 -19.06984214782715
v 0.10352762043476128 -1.040199041366576 -19.12161045074463
v 0.1035276204347612 -0.6853431463241565 -19.158320236206055
v 0.10352762043476112 -0.32924729585647466 -19.179904747009278
v 0.10352762043476105 0.027444349601866015 -19.18632583618164
v 0.10352762043476096 0.3840863406658184 -19.177570152282716
v 0.10352762043476088 0.740033268928529 -19.153655815124512
v 0.1035276204347608 1.0946409702301036 -19.114623832702637
v 0.10352762043476073 1.4472681283950817 -19.06054573059082
v 0.10352762043476064 1.7972761392593395 -18.99152069091797
v 0.10352762043476058 2.144031524658204 -18.907670783996583
v 0.10352762043476049 2.4869074821472177 -18.809151458740235
v 0.10352762043476042 2.8252830505371103 -18.69613723754883
v 0.10352762043476034 3.158546209335328 -18.568834590911866
v 0.10352762043476027 3.486093282699586 -18.42747383117676
v 0.1035276204347602 3.8073325157165536 -18.272310543060303
v 0.2000000029802314 3.7891907691955566 -3.363294410705567
v 0.20000000298023146 3.469482660293579 -3.2088697433471687
v 0.20000000298023154 3.143495798110962 -3.0681832313537605
v 0.20000000298023163 2.8118209838867188 -2.941487121582032
v 0.20000000298023168 2.475057601928711 -2.8290122032165534
v 0.20000000298023177 2.1338155269622803 -2.730960655212403
v 0.20000000298023185 1.7887122631073 -2.647511291503907
v 0.2000000029802319 1.440371870994568 -2.578814315795899
v 0.200000002980232 1.0894250869750979 -2.524994659423829
v 0.20000000298023207 0.7365068793296815 -2.486148643493653
v 0.20000000298023216 0.38225629925727866 -2.4623477935791023
v 0.20000000298023224 0.02731346525251885 -2.4536340713500984
v 0.20000000298023232 -0.3276785314083097 -2.4600246429443366
v 0.20000000298023238 -0.6820775270462035 -2.4815061569213874
v 0.20000000298023246 -1.035242438316345 -2.518041419982911
v 0.20000000298023254 -1.386533737182617 -2.5695636749267585
v 0.20000000298023263 -1.7353163957595823 -2.635978507995606
v 0.2000000029802327 -2.080958366394043 -2.7171676635742195
v 0.20000000298023277 -2.422835111618042 -2.8129837989807136
v 0.20000000298023285 -2.760327100753784 -2.9232523918151863
v 0.20000000298023293 -3.0928242206573486 -3.0477746009826667
v 0.200000002980233 -3.419724941253662 -3.186325359344483
v 0.20000000298023307 -3.7404370307922363 -3.3386533737182624
v 0.20000000298023313 -4.054380416870117 -3.504483032226563
v 0.2000000029802332 -4.360987663269042 -3.683515357971192
v 0.20000000298023327 -4.659702777862548 -3.875425624847413
v 0.20000000298023335 -4.94998550415039 -4.079865741729737
v 0.2000000029802334 -5.231311321258544 -4.296467113494874
v 0.20000000298023346 -5.503170490264892 -4.524836349487305
v 0.20000000298023352 -5.765071392059325 -4.764561939239503
v 0.20000000298023357 -6.016540050506591 -5.015208530426026
v 0.20000000298023363 -6.257121086120605 -5.276323604583741
v 0.20000000298023368 -6.486379146575927 -5.5474336624145515
v 0.20000000298023374 -6.703899383544921 -5.828049468994141
v 0.20000000298023377 -6.909288883209228 -6.1176617622375495
v 0.20000000298023382 -7.102175712585448 -6.415747451782227
v 0.20000000298023385 -7.282209396362304 -6.7217667579650895
v 0.2000000029802339 -7.449066638946532 -7.0351655960083015
v 0.20000000298023393 -7.6024432182312 -7.3553777217865
v 0.20000000298023396 -7.742063045501708 -7.681823062896729
v 0.200000002980234 -7.867672443389892 -8.013911056518555
v 0.20000000298023402 -7.979045391082763 -8.351040649414063
v 0.20000000298023404 -8.075979232788086 -8.692601728439332
v 0.20000000298023404 -8.15829849243164 -9.03797631263733
v 0.20000000298023407 -8.225854873657227 -9.386539506912232
v 0.20000000298023407 -8.278526306152344 -9.737660694122315
v 0.2000000029802341 -8.316217422485352 -10.090703892707825
v 0.2000000029802341 -8.338858604431152 -10.44503088593483
v 0.2000000029802341 -8.346410751342773 -10.800000005800891
v 0.2000000029802341 -8.338858604431152 -11.154969054460526
v 0.2000000029802341 -8.316216468811035 -11.509296047687531
v 0.20000000298023407 -8.278526306152344 -11.862339425086976
v 0.20000000298023407 -8.225854873657227 -12.21346049308777
v 0.20000000298023404 -8.15829849243164 -12.562023568153382
v 0.20000000298023404 -8.075979232788086 -12.90739803314209
v 0.20000000298023402 -7.979044914245605 -13.248959589004517
v 0.200000002980234 -7.86767292022705 -13.586088943481446
v 0.20000000298023396 -7.742063045501708 -13.918176937103272
v 0.20000000298023393 -7.6024432182312 -14.24462251663208
v 0.2000000029802339 -7.449066162109374 -14.56483416557312
v 0.20000000298023385 -7.282209873199462 -14.878233242034913
v 0.20000000298023382 -7.10217523574829 -15.184252548217774
v 0.20000000298023377 -6.909288883209228 -15.482338237762452
v 0.20000000298023374 -6.703899860382079 -15.771951007843018
v 0.20000000298023368 -6.486379146575927 -16.05256586074829
v 0.20000000298023363 -6.257121086120605 -16.32367639541626
v 0.20000000298023357 -6.016540050506591 -16.584791469573975
v 0.20000000298023352 -5.765071392059325 -16.835438537597657
v 0.20000000298023346 -5.503170490264892 -17.075163173675538
v 0.2000000029802334 -5.231311321258544 -17.303532886505128
v 0.20000000298023335 -4.94998550415039 -17.520134258270264
v 0.20000000298023327 -4.659702777862548 -17.724574851989747
v 0.2000000029802332 -4.360987186431884 -17.91648416519165
v 0.20000000298023313 -4.054380893707274 -18.095516967773438
v 0.20000000298023307 -3.7404370307922354 -18.26134662628174
v 0.200000002980233 -3.419724702835082 -18.41367464065552
v 0.20000000298023293 -3.092824459075927 -18.552225875854493
v 0.20000000298023285 -2.7603271007537833 -18.676747608184815
v 0.20000000298023277 -2.422834873199462 -18.787016677856446
v 0.2000000029802327 -2.080958366394042 -18.882831382751466
v 0.20000000298023263 -1.7353160381317128 -18.96402053833008
v 0.20000000298023254 -1.386533737182616 -19.030436325073243
v 0.20000000298023246 -1.035242438316344 -19.08195858001709
v 0.20000000298023238 -0.6820776462554919 -19.118492889404298
v 0.20000000298023232 -0.3276785016059863 -19.139975357055665
v 0.20000000298023224 0.0273135192692292 -19.146364974975587
v 0.20000000298023216 0.3822564184665692 -19.1376522064209
v 0.20000000298023207 0.7365071177482617 -19.11385135650635
v 0.200000002980232 1.0894253253936779 -19.075005340576173
v 0.2000000029802319 1.4403719902038585 -19.021185684204102
v 0.20000000298023185 1.7887121438980114 -18.952488708496094
v 0.20000000298023177 2.133815526962281 -18.8690393447876
v 0.20000000298023168 2.4750573635101327 -18.770988273620606
v 0.20000000298023163 2.8118209838867196 -18.65851287841797
v 0.20000000298023154 3.143496036529542 -18.5318172454834
v 0.20000000298023146 3.46948266029358 -18.391129779815675
v 0.2000000029802314 3.7891907691955575 -18.236705589294434
v 0.28284272551536477 3.760331869125366 -3.4199331283569343
v 0.2828427255153648 3.443058490753174 -3.266684818267823
v 0.28284272551536493 3.1195545196533203 -3.127069759368897
v 0.282842725515365 2.790405750274658 -3.0013382911682136
v 0.28284272551536505 2.456207275390625 -2.889719772338868
v 0.28284272551536516 2.1175639629364014 -2.792415428161622
v 0.2828427255153652 1.7750890254974367 -2.7096021652221687
v 0.28284272551536527 1.4294016361236574 -2.641428756713868
v 0.2828427255153654 1.0811278820037844 -2.588018226623536
v 0.28284272551536543 0.7308978438377383 -2.549467849731446
v 0.2828427255153655 0.37934482097625755 -2.5258481979370124
v 0.2828427255153656 0.027105571702122907 -2.517201232910157
v 0.28284272551536566 -0.32518306374549844 -2.5235431671142585
v 0.28284272551536577 -0.6768829226493833 -2.544861602783204
v 0.2828427255153658 -1.0273580551147459 -2.5811183929443366
v 0.28284272551536593 -1.3759737014770506 -2.632247734069825
v 0.282842725515366 -1.7220996618270872 -2.6981571197509773
v 0.28284272551536604 -2.0651097297668457 -2.7787282943725593
v 0.28284272551536616 -2.4043822288513184 -2.8738139152526863
v 0.2828427255153662 -2.7393040657043457 -2.983242797851563
v 0.28284272551536627 -3.0692689418792725 -3.106817054748536
v 0.2828427255153664 -3.393679618835449 -3.2443116188049324
v 0.28284272551536643 -3.711949586868286 -3.3954799652099616
v 0.2828427255153665 -4.0235018730163565 -3.5600469589233406
v 0.28284272551536654 -4.327773571014403 -3.7377155303955085
v 0.2828427255153666 -4.624213695526122 -3.9281638145446784
v 0.2828427255153667 -4.912285804748534 -4.1310470581054695
v 0.28284272551536677 -5.191468715667724 -4.345998573303223
v 0.2828427255153668 -5.461257457733153 -4.572629261016846
v 0.2828427255153669 -5.721163749694823 -4.810528564453126
v 0.28284272551536693 -5.970716953277587 -5.059266376495362
v 0.282842725515367 -6.209465503692626 -5.31839303970337
v 0.28284272551536704 -6.436977863311767 -5.587438392639161
v 0.2828427255153671 -6.652841567993163 -5.865916538238526
v 0.2828427255153671 -6.856666564941405 -6.153323459625245
v 0.28284272551536715 -7.048083782196044 -6.449138450622559
v 0.2828427255153672 -7.226747035980224 -6.752826976776124
v 0.28284272551536727 -7.392333507537841 -7.06383924484253
v 0.28284272551536727 -7.544542312622069 -7.381612348556519
v 0.2828427255153673 -7.683097839355468 -7.705571699142457
v 0.2828427255153673 -7.807751178741454 -8.035130310058594
v 0.2828427255153674 -7.918275833129882 -8.369692134857178
v 0.2828427255153674 -8.014471054077148 -8.708652067184449
v 0.2828427255153674 -8.096163749694824 -9.05139594078064
v 0.28284272551536743 -8.163206100463867 -9.397304821014405
v 0.28284272551536743 -8.215476036071777 -9.745751667022706
v 0.28284272551536743 -8.25287914276123 -10.096105980873109
v 0.28284272551536743 -8.275348663330078 -10.44773428440094
v 0.28284272551536743 -8.282842636108398 -10.799999981335633
v 0.28284272551536743 -8.275348663330078 -11.152265805006028
v 0.28284272551536743 -8.25287914276123 -11.503893840312958
v 0.28284272551536743 -8.215476036071777 -11.854248452186585
v 0.28284272551536743 -8.163206100463867 -12.202695417404176
v 0.2828427255153674 -8.096163749694824 -12.548603701591492
v 0.2828427255153674 -8.014471054077148 -12.891347932815552
v 0.2828427255153674 -7.918275833129882 -13.230307865142823
v 0.2828427255153673 -7.807751655578612 -13.564869928359986
v 0.2828427255153673 -7.683097839355468 -13.894428300857545
v 0.28284272551536727 -7.544541835784911 -14.218387413024903
v 0.28284272551536727 -7.392333030700683 -14.536160516738892
v 0.2828427255153672 -7.226747035980224 -14.847173023223878
v 0.28284272551536715 -7.048083782196044 -15.150861549377442
v 0.2828427255153671 -6.856666564941405 -15.446677017211915
v 0.2828427255153671 -6.652841567993163 -15.734083461761475
v 0.28284272551536704 -6.436977863311767 -16.012562084198
v 0.282842725515367 -6.209465503692626 -16.28160743713379
v 0.28284272551536693 -5.970716953277587 -16.54073362350464
v 0.2828427255153669 -5.721163749694823 -16.789471435546876
v 0.2828427255153668 -5.461257934570312 -17.027371215820313
v 0.28284272551536677 -5.191469192504882 -17.254001426696778
v 0.2828427255153667 -4.912285804748534 -17.468952941894532
v 0.2828427255153666 -4.624213218688964 -17.671835708618165
v 0.28284272551536654 -4.327773571014403 -17.86228494644165
v 0.2828427255153665 -4.023501396179198 -18.039952564239503
v 0.28284272551536643 -3.711949348449706 -18.20452003479004
v 0.2828427255153664 -3.3936796188354483 -18.35568790435791
v 0.28284272551536627 -3.0692689418792716 -18.493183422088624
v 0.2828427255153662 -2.739304065704345 -18.616757202148438
v 0.28284272551536616 -2.4043824672698966 -18.726186561584473
v 0.28284272551536604 -2.065109729766845 -18.82127265930176
v 0.282842725515366 -1.7220997810363758 -18.901841926574708
v 0.28284272551536593 -1.3759737014770497 -18.967752265930176
v 0.2828427255153658 -1.0273576974868763 -19.018881607055665
v 0.28284272551536577 -0.6768826842308031 -19.055138397216798
v 0.28284272551536566 -0.32518276572227356 -19.076456832885743
v 0.2828427255153656 0.02710556797683362 -19.082797813415528
v 0.2828427255153655 0.37934476137161377 -19.074150848388673
v 0.28284272551536543 0.7308979034423841 -19.050532150268555
v 0.2828427255153654 1.0811281204223644 -19.011981773376466
v 0.28284272551536527 1.4294018745422374 -18.958571243286134
v 0.2828427255153652 1.7750892639160167 -18.890397834777833
v 0.28284272551536516 2.1175639629364023 -18.80758457183838
v 0.28284272551536505 2.456207513809205 -18.710280227661134
v 0.282842725515365 2.790405750274659 -18.59866123199463
v 0.28284272551536493 3.119554519653321 -18.472930240631104
v 0.2828427255153648 3.443058729171754 -18.33331470489502
v 0.28284272551536477 3.760332107543946 -18.180066871643067
v 0.34641015529632485 3.722722053527832 -3.4937465667724616
v 0.3464101552963249 3.4086222648620605 -3.342030811309815
v 0.346410155296325 3.0883538722991943 -3.20381145477295
v 0.3464101552963251 2.7624964714050293 -3.0793388366699226
v 0.34641015529632513 2.431641101837158 -2.968836116790772
v 0.34641015529632524 2.0963847637176514 -2.872505474090577
v 0.3464101552963253 1.7573349475860598 -2.790519523620606
v 0.34641015529632535 1.4151051044464114 -2.723027992248536
v 0.34641015529632546 1.0703146457672121 -2.6701524734497077
v 0.3464101552963255 0.7235875725746157 -2.631987380981446
v 0.3464101552963256 0.3755506277084353 -2.608604240417481
v 0.3464101552963257 0.026834519580006835 -2.6000440597534187
v 0.34641015529632574 -0.32193067669868447 -2.606322097778321
v 0.34641015529632585 -0.6701127886772154 -2.6274269104003913
v 0.3464101552963259 -1.0170824527740476 -2.6633213043212898
v 0.34641015529632596 -1.3622115850448606 -2.7139394760131843
v 0.34641015529632607 -1.704875826835632 -2.7791898727417
v 0.3464101552963261 -2.044455051422119 -2.8589542388916023
v 0.34641015529632624 -2.3803343772888184 -2.9530895233154304
v 0.3464101552963263 -2.7119064331054688 -3.061423587799073
v 0.34641015529632635 -3.0385708808898926 -3.183761882781983
v 0.3464101552963264 -3.359736919403076 -3.31988172531128
v 0.3464101552963265 -3.67482328414917 -3.469538021087647
v 0.34641015529632657 -3.983259916305542 -3.632459449768067
v 0.3464101552963266 -4.2844882011413565 -3.808350849151612
v 0.3464101552963267 -4.5779638290405265 -3.9968936920166023
v 0.34641015529632674 -4.863154411315917 -4.197748470306397
v 0.34641015529632685 -5.139545440673827 -4.410549449920655
v 0.3464101552963269 -5.406635761260985 -4.634913730621339
v 0.34641015529632696 -5.663942337036132 -4.870433616638184
v 0.346410155296327 -5.91099977493286 -5.116683292388917
v 0.34641015529632707 -6.147360324859618 -5.373217868804932
v 0.34641015529632707 -6.372596740722655 -5.639572906494141
v 0.3464101552963271 -6.586301326751708 -5.915265846252442
v 0.3464101552963272 -6.788087844848632 -6.199797916412354
v 0.34641015529632724 -6.977591037750243 -6.4926546096801765
v 0.3464101552963273 -7.154467105865478 -6.793305683135987
v 0.3464101552963273 -7.318396568298339 -7.101207542419434
v 0.34641015529632735 -7.469083309173583 -7.415802288055421
v 0.34641015529632735 -7.6062536239624015 -7.736521530151368
v 0.3464101552963274 -7.729660034179687 -8.062784004211426
v 0.3464101552963274 -7.839078903198241 -8.39399962425232
v 0.34641015529632746 -7.934312820434569 -8.729569005966187
v 0.34641015529632746 -8.015188217163086 -9.068885254859925
v 0.34641015529632746 -8.081559181213379 -9.411334085464478
v 0.3464101552963275 -8.133306503295898 -9.756295728683472
v 0.3464101552963275 -8.170336723327637 -10.10314600467682
v 0.3464101552963275 -8.192581176757812 -10.451257514953614
v 0.3464101552963275 -8.199999809265137 -10.799999990058469
v 0.3464101552963275 -8.192580223083496 -11.14874251484871
v 0.3464101552963275 -8.170336723327637 -11.496853756904603
v 0.3464101552963275 -8.133306503295898 -11.84370403289795
v 0.34641015529632746 -8.081559181213379 -12.188666272163392
v 0.34641015529632746 -8.015188217163086 -12.531114864349366
v 0.34641015529632746 -7.934312343597411 -12.870430994033814
v 0.3464101552963274 -7.839078903198241 -13.206000375747681
v 0.3464101552963274 -7.729660034179687 -13.537216472625733
v 0.34641015529632735 -7.60625410079956 -13.863478469848634
v 0.34641015529632735 -7.469083309173583 -14.18419771194458
v 0.3464101552963273 -7.318397045135497 -14.498792695999146
v 0.3464101552963273 -7.154467105865478 -14.806694316864014
v 0.34641015529632724 -6.977591037750243 -15.107345390319825
v 0.3464101552963272 -6.78808832168579 -15.400202083587647
v 0.3464101552963271 -6.586301803588866 -15.684734630584718
v 0.34641015529632707 -6.372596740722655 -15.96042709350586
v 0.34641015529632707 -6.147360324859618 -16.22678165435791
v 0.346410155296327 -5.910999298095702 -16.483316230773926
v 0.34641015529632696 -5.663942337036132 -16.729566383361817
v 0.3464101552963269 -5.406635761260985 -16.965086269378663
v 0.34641015529632685 -5.139545440673827 -17.189450073242188
v 0.34641015529632674 -4.863154411315917 -17.402251529693604
v 0.3464101552963267 -4.5779638290405265 -17.6031063079834
v 0.3464101552963266 -4.2844882011413565 -17.79164915084839
v 0.34641015529632657 -3.983259916305541 -17.967541027069093
v 0.3464101552963265 -3.674823284149169 -18.130461978912354
v 0.3464101552963264 -3.3597369194030753 -18.280117797851563
v 0.34641015529632635 -3.038571119308471 -18.416238594055176
v 0.3464101552963263 -2.711906433105468 -18.53857641220093
v 0.34641015529632624 -2.3803343772888175 -18.64691095352173
v 0.3464101552963261 -2.0444550514221183 -18.7410457611084
v 0.34641015529632607 -1.7048759460449208 -18.8208101272583
v 0.34641015529632596 -1.3622115850448597 -18.886060523986817
v 0.3464101552963259 -1.0170824527740467 -18.93667869567871
v 0.34641015529632585 -0.6701126694679247 -18.97257308959961
v 0.34641015529632574 -0.32193046808242676 -18.99367790222168
v 0.3464101552963257 0.02683452703058844 -18.999955940246583
v 0.3464101552963256 0.37555071711540344 -18.99139575958252
v 0.3464101552963255 0.7235874533653273 -18.96801166534424
v 0.34641015529632546 1.0703147649765026 -18.92984848022461
v 0.34641015529632535 1.4151053428649913 -18.876972007751466
v 0.3464101552963253 1.7573351860046398 -18.809480476379395
v 0.34641015529632524 2.0963850021362314 -18.727494525909425
v 0.34641015529632513 2.431641101837159 -18.63116340637207
v 0.3464101552963251 2.76249647140503 -18.52066116333008
v 0.346410155296325 3.088353395462037 -18.396188068389893
v 0.3464101552963249 3.4086217880249032 -18.257968711853028
v 0.34641015529632485 3.722722053527833 -18.10625343322754
v 0.3863703310489646 3.678924798965454 -3.579703617095948
v 0.38637033104896473 3.3685195446014404 -3.4297740936279304
v 0.3863703310489648 3.0520195960998535 -3.2931802749633796
v 0.38637033104896484 2.7299964427948 -3.1701710700988777
v 0.3863703310489649 2.4030327796936035 -3.0609696388244636
v 0.386370331048965 2.071721076965332 -2.9657714843750007
v 0.38637033104896507 1.7366600036621096 -2.8847511291503913
v 0.3863703310489651 1.3984565734863283 -2.818053054809571
v 0.38637033104896523 1.0577226877212527 -2.7657993316650398
v 0.3863703310489653 0.7150745391845706 -2.7280834197998054
v 0.3863703310489654 0.3711324930191043 -2.704975891113282
v 0.38637033104896545 0.02651864476501967 -2.696515846252442
v 0.3863703310489655 -0.31814298033714267 -2.702720451354981
v 0.3863703310489656 -0.6622291803359982 -2.7235763549804695
v 0.3863703310489657 -1.0051167011260984 -2.7590482711792
v 0.38637033104896573 -1.3461854457855222 -2.809071350097657
v 0.38637033104896584 -1.6848182678222654 -2.8735540390014656
v 0.3863703310489659 -2.020401954650879 -2.9523804664611824
v 0.38637033104896595 -2.352329969406128 -3.0454075813293464
v 0.38637033104896606 -2.6800012588500977 -3.1524675369262702
v 0.3863703310489661 -3.0028223991394043 -3.273366260528565
v 0.3863703310489662 -3.3202097415924072 -3.407884883880616
v 0.3863703310489663 -3.631589412689209 -3.555780696868897
v 0.38637033104896634 -3.936396837234497 -3.7167847633361824
v 0.3863703310489664 -4.234081745147704 -3.8906066894531257
v 0.38637033104896645 -4.524104118347167 -4.076932239532471
v 0.3863703310489665 -4.805940151214599 -4.2754233360290534
v 0.38637033104896656 -5.079079151153564 -4.485721397399903
v 0.3863703310489666 -5.343027114868163 -4.707445430755616
v 0.3863703310489667 -5.597306251525878 -4.940194416046143
v 0.38637033104896673 -5.8414568901062 -5.183547306060792
v 0.3863703310489668 -6.075037002563476 -5.43706398010254
v 0.38637033104896684 -6.297623634338378 -5.70028476715088
v 0.3863703310489669 -6.508814811706542 -5.972734260559083
v 0.38637033104896695 -6.7082271575927725 -6.253918933868409
v 0.386370331048967 -6.895500659942626 -6.543330001831055
v 0.386370331048967 -7.070295810699462 -6.840444135665894
v 0.38637033104896706 -7.232296466827392 -7.144723463058472
v 0.3863703310489671 -7.381209850311278 -7.455617237091065
v 0.3863703310489671 -7.516766548156737 -7.772563028335572
v 0.3863703310489672 -7.638720989227294 -8.094986963272095
v 0.3863703310489672 -7.7468528747558585 -8.422305870056153
v 0.3863703310489672 -7.840966224670409 -8.753927516937257
v 0.38637033104896723 -7.9208898544311515 -9.089251923561097
v 0.38637033104896723 -7.986480712890624 -9.427671599388123
v 0.38637033104896723 -8.037619590759277 -9.768574762344361
v 0.38637033104896723 -8.074213027954102 -10.11134456396103
v 0.38637033104896723 -8.096196174621582 -10.455360341072083
v 0.38637033104896723 -8.103528022766113 -10.800000038781377
v 0.38637033104896723 -8.096195220947266 -11.144639509916306
v 0.38637033104896723 -8.074213027954102 -11.488655555248261
v 0.38637033104896723 -8.037619590759277 -11.83142511844635
v 0.38637033104896723 -7.986480712890624 -12.172328281402589
v 0.38637033104896723 -7.92089033126831 -12.510748434066773
v 0.3863703310489672 -7.840966224670409 -12.846072483062745
v 0.3863703310489672 -7.746853351593017 -13.17769389152527
v 0.3863703310489672 -7.638721466064452 -13.505013275146485
v 0.3863703310489671 -7.516766548156737 -13.82743697166443
v 0.3863703310489671 -7.381210327148437 -14.144383001327515
v 0.38637033104896706 -7.232296466827392 -14.455276775360108
v 0.386370331048967 -7.070295333862304 -14.759555625915528
v 0.386370331048967 -6.895500183105468 -15.056669521331788
v 0.38637033104896695 -6.7082271575927725 -15.346081066131593
v 0.3863703310489669 -6.508814811706542 -15.627265739440919
v 0.38637033104896684 -6.297623634338378 -15.899715232849122
v 0.3863703310489668 -6.075037002563476 -16.16293601989746
v 0.38637033104896673 -5.8414568901062 -16.41645269393921
v 0.3863703310489667 -5.597306728363036 -16.659805583953858
v 0.3863703310489666 -5.343027114868163 -16.892554569244385
v 0.38637033104896656 -5.079079151153564 -17.1142786026001
v 0.3863703310489665 -4.805940151214599 -17.324577140808106
v 0.38637033104896645 -4.524104118347167 -17.523068237304688
v 0.3863703310489664 -4.234081745147704 -17.709393310546876
v 0.38637033104896634 -3.9363970756530753 -17.88321523666382
v 0.3863703310489663 -3.631589651107787 -18.04422025680542
v 0.3863703310489662 -3.3202097415924063 -18.192114639282227
v 0.3863703310489661 -3.0028221607208243 -18.326633739471436
v 0.38637033104896606 -2.6800012588500968 -18.44753293991089
v 0.38637033104896595 -2.352329969406127 -18.554592418670655
v 0.3863703310489659 -2.020401954650878 -18.64761953353882
v 0.38637033104896584 -1.6848180294036854 -18.726445960998536
v 0.38637033104896573 -1.3461854457855214 -18.790929126739503
v 0.3863703310489657 -1.005116581916808 -18.8409517288208
v 0.3863703310489656 -0.6622289419174182 -18.876422691345216
v 0.3863703310489655 -0.3181429505348193 -18.897280502319337
v 0.38637033104896545 0.026518741622568422 -18.90348415374756
v 0.3863703310489654 0.3711322247982038 -18.89502410888672
v 0.3863703310489653 0.7150744795799268 -18.87191562652588
v 0.38637033104896523 1.057722568511964 -18.83420066833496
v 0.3863703310489651 1.3984564542770397 -18.78194694519043
v 0.38637033104896507 1.7366600036621105 -18.71524934768677
v 0.386370331048965 2.071721076965333 -18.634228515625
v 0.3863703310489649 2.4030330181121835 -18.539030361175538
v 0.38637033104896484 2.7299962043762216 -18.429828453063966
v 0.3863703310489648 3.0520193576812753 -18.306819248199464
v 0.38637033104896473 3.3685200214385995 -18.17022590637207
v 0.3863703310489646 3.678924560546876 -18.020295906066895
v 0.40000000596046364 3.6319239139556885 -3.6719477653503425
v 0.40000000596046376 3.3254847526550293 -3.5239332199096687
v 0.4000000059604638 3.0130279064178467 -3.3890851020812995
v 0.40000000596046387 2.6951189041137695 -3.267647552490235
v 0.400000005960464 2.3723325729370117 -3.159840393066407
v 0.40000000596046403 2.0452535152435303 -3.0658586502075202
v 0.4000000059604641 1.714473366737366 -2.9858730316162116
v 0.40000000596046414 1.3805904388427737 -2.9200275421142585
v 0.40000000596046426 1.0442094802856448 -2.8684409141540534
v 0.4000000059604643 0.7059389352798465 -2.831208038330079
v 0.4000000059604644 0.36639091372489957 -2.8083947181701667
v 0.4000000059604645 0.02617970667779472 -2.800042915344239
v 0.40000000596046453 -0.314078480005264 -2.806167888641358
v 0.40000000596046464 -0.6537685394287106 -2.8267581939697273
v 0.4000000059604647 -0.9922753572463986 -2.8617766380310066
v 0.40000000596046476 -1.328987121582031 -2.911160278320313
v 0.40000000596046487 -1.6632933616638181 -2.974818992614747
v 0.4000000059604649 -1.9945900440216062 -3.052638816833497
v 0.400000005960465 -2.322277307510376 -3.1444776535034187
v 0.4000000059604651 -2.6457622051239014 -3.2501695632934577
v 0.40000000596046514 -2.9644596576690674 -3.3695238113403327
v 0.4000000059604652 -3.277792453765869 -3.5023234367370613
v 0.40000000596046525 -3.585193634033203 -3.6483295440673835
v 0.40000000596046537 -3.8861072063446045 -3.807277488708497
v 0.4000000059604654 -4.179988384246825 -3.978878784179688
v 0.4000000059604655 -4.46630573272705 -4.162823486328126
v 0.40000000596046553 -4.74454116821289 -4.3587787628173835
v 0.4000000059604656 -5.014190673828124 -4.566390323638917
v 0.40000000596046564 -5.274766445159911 -4.785281944274903
v 0.4000000059604657 -5.525797367095946 -5.015057373046876
v 0.40000000596046575 -5.766829013824462 -5.25530128479004
v 0.4000000059604658 -5.997424602508544 -5.505578327178956
v 0.40000000596046587 -6.217167854309081 -5.765436935424805
v 0.4000000059604659 -6.4256601333618155 -6.034405517578126
v 0.4000000059604659 -6.622525215148925 -6.311998176574708
v 0.400000005960466 -6.807405948638915 -6.597711849212647
v 0.40000000596046603 -6.979968070983886 -6.89103012084961
v 0.4000000059604661 -7.139899253845214 -7.191422033309937
v 0.4000000059604661 -7.286910533905028 -7.498343753814698
v 0.40000000596046614 -7.420735836029052 -7.811240243911744
v 0.40000000596046614 -7.541131973266601 -8.12954502105713
v 0.4000000059604662 -7.647882461547851 -8.452682304382325
v 0.4000000059604662 -7.740792751312255 -8.780067491531373
v 0.4000000059604662 -7.819695472717284 -9.111107754707337
v 0.40000000596046625 -7.884448528289794 -9.445203948020936
v 0.40000000596046625 -7.93493366241455 -9.781752038002015
v 0.40000000596046625 -7.971059799194335 -10.120142567157746
v 0.40000000596046625 -7.992761611938476 -10.459763634204865
v 0.40000000596046625 -7.999999999999999 -10.799999906512081
v 0.40000000596046625 -7.992761611938476 -11.140236455202103
v 0.40000000596046625 -7.971059322357177 -11.47985737323761
v 0.40000000596046625 -7.93493366241455 -11.818248081207276
v 0.40000000596046625 -7.884448528289794 -12.154796051979066
v 0.4000000059604662 -7.819695472717284 -12.488892245292664
v 0.4000000059604662 -7.740792751312255 -12.819932746887208
v 0.4000000059604662 -7.6478819847106925 -13.147317457199097
v 0.40000000596046614 -7.541131973266601 -13.470455217361451
v 0.40000000596046614 -7.420735836029052 -13.788759756088258
v 0.4000000059604661 -7.286910533905028 -14.101656007766724
v 0.4000000059604661 -7.139899253845214 -14.408578205108643
v 0.40000000596046603 -6.979968070983886 -14.708969879150391
v 0.400000005960466 -6.807405948638915 -15.002287673950196
v 0.4000000059604659 -6.622525215148925 -15.288001823425294
v 0.4000000059604659 -6.4256601333618155 -15.565594482421876
v 0.40000000596046587 -6.217167377471923 -15.834563064575196
v 0.4000000059604658 -5.997424602508544 -16.094421195983887
v 0.40000000596046575 -5.766829013824462 -16.34469871520996
v 0.4000000059604657 -5.525797367095946 -16.584942626953126
v 0.40000000596046564 -5.274766445159911 -16.814718532562257
v 0.4000000059604656 -5.014190673828124 -17.033610153198243
v 0.40000000596046553 -4.74454116821289 -17.241221237182618
v 0.4000000059604655 -4.46630573272705 -17.437176513671876
v 0.4000000059604654 -4.179988384246825 -17.621121215820313
v 0.40000000596046537 -3.8861072063446036 -17.792722511291505
v 0.40000000596046525 -3.5851936340332022 -17.951670455932618
v 0.4000000059604652 -3.277792215347289 -18.097676086425782
v 0.40000000596046514 -2.9644594192504874 -18.23047618865967
v 0.4000000059604651 -2.6457622051239005 -18.349830436706544
v 0.400000005960465 -2.322277307510375 -18.45552282333374
v 0.4000000059604649 -1.9945901632308949 -18.547361183166505
v 0.40000000596046487 -1.6632934808731068 -18.625180530548096
v 0.40000000596046476 -1.3289870023727406 -18.688839721679688
v 0.4000000059604647 -0.9922754764556873 -18.738223361968995
v 0.40000000596046464 -0.6537684798240649 -18.773241806030274
v 0.40000000596046453 -0.31407842040061823 -18.793832111358643
v 0.4000000059604645 0.026179958134890845 -18.799957084655762
v 0.4000000059604644 0.3663908541202558 -18.791605281829835
v 0.4000000059604643 0.7059389352798474 -18.76879243850708
v 0.40000000596046426 1.0442095994949352 -18.731559085845948
v 0.40000000596046414 1.3805906772613536 -18.679972457885743
v 0.4000000059604641 1.7144732475280773 -18.61412696838379
v 0.40000000596046403 2.045253515243531 -18.53414134979248
v 0.400000005960464 2.3723325729370126 -18.440159130096436
v 0.40000000596046387 2.6951186656951913 -18.332352447509766
v 0.4000000059604638 3.0130281448364267 -18.21091537475586
v 0.40000000596046376 3.32548475265503 -18.07606725692749
v 0.40000000596046364 3.6319241523742685 -17.92805223464966
v 0.3863703310489647 3.584923505783081 -3.764191436767579
v 0.38637033104896473 3.282449722290039 -3.618092346191407
v 0.3863703310489648 2.974036455154419 -3.4849894523620613
v 0.38637033104896484 2.6602416038513184 -3.365123081207276
v 0.38637033104896495 2.34163236618042 -3.2587111473083503
v 0.386370331048965 2.0187859535217285 -3.1659458160400398
v 0.38637033104896507 1.692286252975464 -3.08699541091919
v 0.3863703310489652 1.362724304199219 -3.022001552581788
v 0.38637033104896523 1.0306963920593264 -2.9710829734802253
v 0.3863703310489653 0.6968035101890567 -2.9343312263488777
v 0.3863703310489654 0.3616495132446292 -2.9118135452270515
v 0.38637033104896545 0.025841196998954086 -2.903569984436036
v 0.3863703310489655 -0.31001394987106295 -2.909615325927735
v 0.3863703310489656 -0.6453083157539364 -2.9299390792846687
v 0.3863703310489657 -0.9794346690177914 -2.964505004882813
v 0.38637033104896573 -1.3117887973785398 -3.0132492065429695
v 0.38637033104896584 -1.6417688131332395 -3.0760844230651863
v 0.3863703310489659 -1.9687781333923338 -3.152896690368653
v 0.38637033104896595 -2.292224884033203 -3.2435467720031745
v 0.386370331048966 -2.6115236282348633 -3.347871112823487
v 0.3863703310489661 -2.9260966777801514 -3.465680885314942
v 0.3863703310489662 -3.235374689102173 -3.5967624664306648
v 0.38637033104896623 -3.5387978553771973 -3.740878868103028
v 0.3863703310489663 -3.835817337036133 -3.897769260406495
v 0.3863703310489664 -4.125895500183105 -4.0671504020690925
v 0.38637033104896645 -4.408507347106933 -4.24871473312378
v 0.3863703310489665 -4.683142185211181 -4.442134666442872
v 0.38637033104896656 -4.949302196502685 -4.647058773040772
v 0.3863703310489666 -5.2065062522888175 -4.863117504119874
v 0.3863703310489667 -5.4542880058288565 -5.08991985321045
v 0.38637033104896673 -5.692200183868407 -5.32705478668213
v 0.3863703310489668 -5.919812202453612 -5.574093627929688
v 0.38637033104896684 -6.136711597442626 -5.830589103698731
v 0.38637033104896684 -6.342505931854247 -6.096076774597169
v 0.3863703310489669 -6.536823272705077 -6.370076942443848
v 0.38637033104896695 -6.719311237335204 -6.652093696594239
v 0.386370331048967 -6.889640808105468 -6.941615867614747
v 0.386370331048967 -7.047502040863036 -7.238120365142823
v 0.38637033104896706 -7.192611217498778 -7.541070270538331
v 0.38637033104896706 -7.324703693389892 -7.849917697906495
v 0.3863703310489671 -7.443542480468749 -8.164103317260743
v 0.3863703310489671 -7.5489110946655265 -8.483058977127076
v 0.3863703310489672 -7.640619277954101 -8.80620722770691
v 0.3863703310489672 -7.718501091003417 -9.132963585853577
v 0.3863703310489672 -7.782416343688964 -9.462736177444459
v 0.3863703310489672 -7.8322482109069815 -9.7949289560318
v 0.3863703310489672 -7.867906570434569 -10.128940570354462
v 0.38637033104896723 -7.889327526092528 -10.464166480302811
v 0.38637033104896723 -7.896472454071044 -10.799999986675292
v 0.38637033104896723 -7.889328002929687 -11.135833430290223
v 0.3863703310489672 -7.867906570434569 -11.471059548854829
v 0.3863703310489672 -7.832247734069823 -11.805071163177491
v 0.3863703310489672 -7.782416343688964 -12.137263584136964
v 0.3863703310489672 -7.718501567840575 -12.467036294937134
v 0.3863703310489672 -7.640619754791259 -12.793792891502381
v 0.3863703310489671 -7.5489110946655265 -13.116941261291505
v 0.3863703310489671 -7.443542480468749 -13.43589644432068
v 0.38637033104896706 -7.32470417022705 -13.750082540512086
v 0.38637033104896706 -7.19261074066162 -14.05892972946167
v 0.386370331048967 -7.047502517700194 -14.361879634857178
v 0.386370331048967 -6.88964033126831 -14.658384132385255
v 0.38637033104896695 -6.719311714172362 -14.94790678024292
v 0.3863703310489669 -6.536823272705077 -15.229923057556153
v 0.38637033104896684 -6.342505931854247 -15.503922748565675
v 0.38637033104896684 -6.136711597442626 -15.769411373138428
v 0.3863703310489668 -5.919812202453612 -16.025906372070313
v 0.38637033104896673 -5.6922006607055655 -16.272945213317872
v 0.3863703310489667 -5.4542880058288565 -16.51008014678955
v 0.3863703310489666 -5.2065062522888175 -16.736882495880128
v 0.38637033104896656 -4.949302196502685 -16.95294075012207
v 0.3863703310489665 -4.683142185211181 -17.157865810394288
v 0.38637033104896645 -4.408507347106933 -17.35128526687622
v 0.3863703310489664 -4.125895500183105 -17.53284959793091
v 0.3863703310489663 -3.835817337036132 -17.70223026275635
v 0.38637033104896623 -3.5387976169586173 -17.859120655059815
v 0.3863703310489662 -3.235374450683593 -18.00323705673218
v 0.3863703310489661 -2.9260964393615714 -18.13431911468506
v 0.386370331048966 -2.6115236282348624 -18.252128410339356
v 0.38637033104896595 -2.2922248840332022 -18.35645275115967
v 0.3863703310489659 -1.9687782526016224 -18.44710330963135
v 0.38637033104896584 -1.6417689323425282 -18.523915576934815
v 0.38637033104896573 -1.3117884397506703 -18.586750793457032
v 0.3863703310489657 -0.9794346094131458 -18.635494995117188
v 0.3863703310489656 -0.6453082561492908 -18.670060443878175
v 0.3863703310489655 -0.3100138902664172 -18.690384197235108
v 0.38637033104896545 0.0258409604430211 -18.696430015563966
v 0.3863703310489654 0.3616494834423078 -18.68818645477295
v 0.3863703310489653 0.6968035101890576 -18.665668773651124
v 0.38637033104896523 1.030696749687196 -18.628917026519776
v 0.3863703310489652 1.3627243041992199 -18.577998447418214
v 0.38637033104896507 1.692286252975465 -18.51300506591797
v 0.386370331048965 2.0187857151031503 -18.434053707122803
v 0.38637033104896495 2.341632366180421 -18.34128885269165
v 0.38637033104896484 2.66024136543274 -18.234876918792725
v 0.3863703310489648 2.97403645515442 -18.1150110244751
v 0.38637033104896473 3.282449960708619 -17.981907653808594
v 0.3863703310489647 3.584923744201661 -17.835808563232423
v 0.3464101552963249 3.541126012802124 -3.8501489639282234
v 0.34641015529632496 3.2423477172851562 -3.705834674835206
v 0.346410155296325 2.9377024173736572 -3.5743577957153327
v 0.3464101552963251 2.6277408599853516 -3.4559562683105476
v 0.3464101552963252 2.3130242824554443 -3.3508441925048835
v 0.34641015529632524 1.9941220283508303 -3.25921277999878
v 0.3464101552963253 1.671611309051514 -3.181226539611817
v 0.3464101552963254 1.3460758924484255 -3.117026615142823
v 0.34641015529632546 1.0181041955947878 -3.0667303085327156
v 0.3464101552963255 0.6882904767990116 -3.0304277420043952
v 0.34641015529632563 0.35723116993904136 -3.008184719085694
v 0.3464101552963257 0.025525322183966897 -3.0000417709350593
v 0.34641015529632574 -0.30622649192810036 -3.006013202667237
v 0.34641015529632585 -0.6374242305755612 -3.026089000701905
v 0.3464101552963259 -0.9674687385559079 -3.0602319717407234
v 0.34641015529632596 -1.2957624197006223 -3.108381080627442
v 0.346410155296326 -1.6217111349105833 -3.170448589324952
v 0.3464101552963261 -1.9447253942489622 -3.246322917938233
v 0.3464101552963262 -2.2642202377319336 -3.3358653068542488
v 0.34641015529632624 -2.579618215560913 -3.4389150619506843
v 0.34641015529632635 -2.890347957611084 -3.5552857398986824
v 0.3464101552963264 -3.195847511291504 -3.6847656250000007
v 0.34641015529632646 -3.495563507080078 -3.827121543884278
v 0.3464101552963265 -3.788954496383667 -3.9820955276489265
v 0.34641015529632657 -4.075489044189452 -4.149406719207764
v 0.3464101552963266 -4.3546481132507315 -4.328752803802491
v 0.34641015529632674 -4.625927448272704 -4.519809532165528
v 0.3464101552963268 -4.888835906982421 -4.722230243682862
v 0.34641015529632685 -5.142897605895995 -4.935649681091309
v 0.3464101552963269 -5.387652397155761 -5.159680652618409
v 0.3464101552963269 -5.622658252716064 -5.393918323516846
v 0.34641015529632696 -5.847489356994628 -5.637939262390137
v 0.346410155296327 -6.061738491058349 -5.8913009643554695
v 0.34641015529632707 -6.265018939971923 -6.153545188903809
v 0.3464101552963271 -6.4569616317749015 -6.424197959899903
v 0.3464101552963272 -6.637220859527587 -6.702769088745118
v 0.3464101552963272 -6.805468559265136 -6.988754320144654
v 0.34641015529632724 -6.961401939392089 -7.281636285781861
v 0.34641015529632724 -7.104737758636474 -7.580885219573975
v 0.3464101552963273 -7.235217094421386 -7.885959196090699
v 0.3464101552963273 -7.3526034355163565 -8.196306514739991
v 0.34641015529632735 -7.456685066223144 -8.511365461349488
v 0.34641015529632735 -7.547273159027099 -8.83056573867798
v 0.34641015529632735 -7.6242036819458 -9.15332989692688
v 0.3464101552963274 -7.687336921691894 -9.479073929786683
v 0.3464101552963274 -7.736560344696044 -9.807208168506623
v 0.3464101552963274 -7.7717833518981925 -10.137139129638673
v 0.3464101552963274 -7.792942523956298 -10.46826930642128
v 0.3464101552963274 -7.800000190734862 -10.800000035398202
v 0.3464101552963274 -7.792942523956298 -11.131730663776398
v 0.3464101552963274 -7.7717833518981925 -11.462861168384553
v 0.3464101552963274 -7.736559867858886 -11.792791831493378
v 0.3464101552963274 -7.687337398529052 -12.120926308631898
v 0.34641015529632735 -7.624203205108642 -12.44667010307312
v 0.34641015529632735 -7.547273159027099 -12.769434261322022
v 0.34641015529632735 -7.456685066223144 -13.088634777069093
v 0.3464101552963273 -7.352603912353515 -13.403693246841431
v 0.3464101552963273 -7.235217094421386 -13.714041042327882
v 0.34641015529632724 -7.104737758636474 -14.019114780426026
v 0.34641015529632724 -6.961401939392089 -14.318363475799561
v 0.3464101552963272 -6.805469036102294 -14.611245679855347
v 0.3464101552963272 -6.637220382690429 -14.897230911254884
v 0.3464101552963271 -6.45696210861206 -15.175802040100098
v 0.34641015529632707 -6.265018463134765 -15.446454334259034
v 0.346410155296327 -6.061738491058349 -15.708699035644532
v 0.34641015529632696 -5.84748888015747 -15.962060737609864
v 0.3464101552963269 -5.622657775878905 -16.206081676483155
v 0.3464101552963269 -5.387652397155761 -16.440319347381593
v 0.34641015529632685 -5.142897129058837 -16.664350318908692
v 0.3464101552963268 -4.888835906982421 -16.87776975631714
v 0.34641015529632674 -4.625927448272704 -17.080190467834473
v 0.3464101552963266 -4.3546481132507315 -17.27124719619751
v 0.34641015529632657 -4.075489044189452 -17.450593280792237
v 0.3464101552963265 -3.788954496383666 -17.617904472351075
v 0.34641015529632646 -3.4955637454986563 -17.772878456115723
v 0.3464101552963264 -3.195847511291503 -17.915234375
v 0.34641015529632635 -2.890348196029662 -18.044714736938477
v 0.34641015529632624 -2.579618215560912 -18.16108446121216
v 0.3464101552963262 -2.264220476150512 -18.264134693145753
v 0.3464101552963261 -1.9447253942489613 -18.353677558898926
v 0.346410155296326 -1.621711254119872 -18.42955141067505
v 0.34641015529632596 -1.295762300491332 -18.49161891937256
v 0.3464101552963259 -0.9674687981605518 -18.539768028259278
v 0.34641015529632585 -0.6374245285987842 -18.573910999298096
v 0.34641015529632574 -0.30622658133506653 -18.593986320495606
v 0.3464101552963257 0.025525391101838376 -18.599958229064942
v 0.34641015529632563 0.35723119974136475 -18.591815280914307
v 0.3464101552963255 0.688290596008302 -18.569572734832764
v 0.34641015529632546 1.0181043148040783 -18.533270168304444
v 0.3464101552963254 1.3460758924484264 -18.48297338485718
v 0.3464101552963253 1.6716113090515148 -18.418773460388184
v 0.34641015529632524 1.9941219091415416 -18.34078769683838
v 0.3464101552963252 2.3130242824554452 -18.249155807495118
v 0.3464101552963251 2.6277408599853525 -18.144043731689454
v 0.346410155296325 2.937702417373658 -18.02564220428467
v 0.34641015529632496 3.2423479557037362 -17.894165325164796
v 0.3464101552963249 3.541126012802125 -17.749851036071778
v 0.2828427255153648 3.50351619720459 -3.9239624023437507
v 0.2828427255153649 3.207911252975464 -3.781180667877198
v 0.28284272551536493 2.906501531600952 -3.6510999679565437
v 0.28284272551536505 2.599832057952881 -3.5339563369750984
v 0.2828427255153651 2.2884578704833984 -3.429961013793946
v 0.28284272551536516 1.9729428291320803 -3.339302349090577
v 0.2828427255153652 1.653857469558716 -3.2621438980102546
v 0.2828427255153653 1.3317793607711794 -3.198626327514649
v 0.2828427255153654 1.0072911977767947 -3.1488640785217292
v 0.28284272551536543 0.680980205535889 -3.1129472732543952
v 0.28284272551536555 0.3534369766712191 -3.090940761566163
v 0.2828427255153656 0.0252542700618508 -3.082884120941163
v 0.28284272551536566 -0.302974075078964 -3.0887921333312995
v 0.28284272551536577 -0.6306543350219723 -3.1086547851562507
v 0.2828427255153658 -0.957193315029144 -3.1424353599548347
v 0.2828427255153659 -1.2820001840591428 -3.1900728225708015
v 0.28284272551536593 -1.6044871807098386 -3.2514808654785163
v 0.28284272551536604 -1.9240708351135252 -3.326548862457276
v 0.2828427255153661 -2.2401726245880127 -3.415140914916993
v 0.28284272551536616 -2.552220582962036 -3.5170963287353523
v 0.2828427255153662 -2.859649896621704 -3.6322305679321296
v 0.2828427255153663 -3.1619045734405518 -3.7603357315063484
v 0.2828427255153664 -3.45843768119812 -3.9011795997619636
v 0.28284272551536643 -3.7487123012542725 -4.054507064819337
v 0.2828427255153665 -4.032203674316405 -4.22004156112671
v 0.28284272551536654 -4.308397769927978 -4.397483158111573
v 0.2828427255153666 -4.576796054840087 -4.586510467529298
v 0.28284272551536666 -4.836912155151366 -4.786781597137452
v 0.2828427255153667 -5.088275432586669 -4.997933673858643
v 0.28284272551536677 -5.330430984497069 -5.2195857048034675
v 0.2828427255153668 -5.562940597534179 -5.451335716247559
v 0.2828427255153669 -5.785383701324462 -5.692764568328858
v 0.28284272551536693 -5.997357368469237 -5.94343547821045
v 0.282842725515367 -6.198478698730468 -6.2028949737548835
v 0.28284272551536704 -6.388383388519286 -6.470672893524171
v 0.28284272551536704 -6.566727638244628 -6.746285247802735
v 0.2828427255153671 -6.733189105987548 -7.029233026504517
v 0.28284272551536715 -6.887465953826903 -7.319004344940186
v 0.28284272551536715 -7.029279708862304 -7.615074920654298
v 0.2828427255153672 -7.158372879028319 -7.91690902709961
v 0.2828427255153672 -7.274512767791747 -8.223959970474244
v 0.28284272551536727 -7.377488613128661 -8.535672473907471
v 0.28284272551536727 -7.467114448547362 -8.851482677459718
v 0.28284272551536727 -7.543228149414062 -9.170818853378297
v 0.28284272551536727 -7.605690956115722 -9.493103194236756
v 0.2828427255153673 -7.654391288757323 -9.817752528190614
v 0.2828427255153673 -7.689239978790282 -10.144179153442384
v 0.2828427255153673 -7.710175037384032 -10.471792566776276
v 0.2828427255153673 -7.717157363891601 -10.800000044121038
v 0.2828427255153673 -7.710175037384032 -11.128207343816758
v 0.2828427255153673 -7.689239978790282 -11.455820667743684
v 0.2828427255153673 -7.654391288757323 -11.782247292995454
v 0.28284272551536727 -7.605690956115722 -12.106896686553956
v 0.28284272551536727 -7.543227672576903 -12.429181265830994
v 0.28284272551536727 -7.467114448547362 -12.748517203330994
v 0.28284272551536727 -7.377488613128661 -13.06432752609253
v 0.2828427255153672 -7.274512290954589 -13.376039791107178
v 0.2828427255153672 -7.158372879028319 -13.68309121131897
v 0.28284272551536715 -7.029279708862304 -13.984924840927125
v 0.28284272551536715 -6.887465953826903 -14.280995893478394
v 0.2828427255153671 -6.73318862915039 -14.570766973495484
v 0.28284272551536704 -6.566727638244628 -14.853714752197266
v 0.28284272551536704 -6.388383388519286 -15.12932710647583
v 0.282842725515367 -6.198478698730468 -15.397105503082276
v 0.28284272551536693 -5.997357845306396 -15.656564521789551
v 0.2828427255153669 -5.785383701324462 -15.907235431671143
v 0.2828427255153668 -5.562940597534179 -16.148664283752442
v 0.28284272551536677 -5.330430984497069 -16.380414295196534
v 0.2828427255153667 -5.088275432586669 -16.6020658493042
v 0.28284272551536666 -4.836912155151366 -16.81321840286255
v 0.2828427255153666 -4.576796054840087 -17.013489532470704
v 0.28284272551536654 -4.308398246765136 -17.20251684188843
v 0.2828427255153665 -4.032203674316405 -17.37995843887329
v 0.28284272551536643 -3.7487125396728507 -17.545492458343507
v 0.2828427255153664 -3.4584376811981192 -17.698820400238038
v 0.2828427255153663 -3.161904573440551 -17.839664268493653
v 0.2828427255153662 -2.8596501350402823 -17.967769432067872
v 0.28284272551536616 -2.5522205829620352 -18.08290367126465
v 0.2828427255153661 -2.240172624588012 -18.18485908508301
v 0.28284272551536604 -1.9240707159042347 -18.273451137542725
v 0.28284272551536593 -1.6044872999191273 -18.348519134521485
v 0.2828427255153659 -1.282000184059142 -18.4099271774292
v 0.2828427255153658 -0.9571933150291431 -18.457564640045167
v 0.28284272551536577 -0.6306542754173267 -18.49134521484375
v 0.28284272551536566 -0.302974075078963 -18.511207389831544
v 0.2828427255153656 0.025254348292948012 -18.51711587905884
v 0.28284272551536555 0.3534369468688977 -18.509059715270997
v 0.28284272551536543 0.6809801459312451 -18.487052726745606
v 0.2828427255153654 1.0072911977767955 -18.451135921478272
v 0.2828427255153653 1.3317794799804699 -18.401373672485352
v 0.2828427255153652 1.6538575887680065 -18.337856101989747
v 0.28284272551536516 1.9729427099227916 -18.260698127746583
v 0.2828427255153651 2.2884578704833993 -18.170038986206055
v 0.28284272551536505 2.5998318195343026 -18.066043663024903
v 0.28284272551536493 2.906501293182374 -17.9488995552063
v 0.2828427255153649 3.2079110145568857 -17.818818855285645
v 0.2828427255153648 3.5035161972045907 -17.67603759765625
v 0.20000000298023146 3.4746570587158203 -3.980601596832276
v 0.20000000298023154 3.1814873218536377 -3.8389957427978523
v 0.2000000029802316 2.8825600147247314 -3.7099869728088386
v 0.20000000298023166 2.5784168243408203 -3.593807983398438
v 0.20000000298023174 2.2696075439453125 -3.4906690597534187
v 0.2000000029802318 1.9566912651062014 -3.4007571220397956
v 0.20000000298023188 1.6402344703674319 -3.324234294891358
v 0.20000000298023193 1.3208091259002688 -3.2612402915954597
v 0.20000000298023202 0.9989939928054812 -3.2118876457214363
v 0.2000000029802321 0.6753709912300112 -3.176266479492188
v 0.20000000298023216 0.35052594542503385 -3.154441165924073
v 0.20000000298023224 0.02504637651145482 -3.1464512825012214
v 0.2000000029802323 -0.30047839879989596 -3.1523106575012214
v 0.20000000298023238 -0.6254594922065733 -3.1720092773437507
v 0.20000000298023246 -0.9493089914321897 -3.2055118560791023
v 0.20000000298023252 -1.2714400291442869 -3.252757358551026
v 0.2000000029802326 -1.5912708044052122 -3.3136594772338874
v 0.20000000298023266 -1.9082217216491697 -3.3881090164184577
v 0.20000000298023274 -2.221719741821289 -3.4759710311889656
v 0.2000000029802328 -2.5311975479125977 -3.5770867347717292
v 0.20000000298023288 -2.836094617843628 -3.6912725448608406
v 0.20000000298023293 -3.135859966278076 -3.818322467803956
v 0.200000002980233 -3.42995023727417 -3.958006191253663
v 0.20000000298023307 -3.7178335189819336 -4.110070991516114
v 0.20000000298023313 -3.9989898204803467 -4.274241733551026
v 0.20000000298023318 -4.27290916442871 -4.450221824645997
v 0.20000000298023324 -4.5390963554382315 -4.63769178390503
v 0.2000000029802333 -4.797069549560546 -4.8363130569458015
v 0.20000000298023335 -5.046362400054931 -5.045726585388184
v 0.2000000029802334 -5.2865233421325675 -5.2655523300170906
v 0.20000000298023346 -5.517117977142333 -5.495393562316895
v 0.20000000298023352 -5.737728595733642 -5.734834003448487
v 0.20000000298023357 -5.947956562042235 -5.983439731597901
v 0.2000000029802336 -6.14742088317871 -6.240762042999268
v 0.20000000298023365 -6.335761070251464 -6.506334114074708
v 0.20000000298023368 -6.512636184692382 -6.779676246643067
v 0.2000000029802337 -6.677726745605468 -7.060293483734132
v 0.20000000298023377 -6.830732822418212 -7.347677993774415
v 0.2000000029802338 -6.971378326416015 -7.641309547424317
v 0.20000000298023382 -7.099408149719237 -7.9406574249267585
v 0.20000000298023385 -7.21459150314331 -8.245179224014283
v 0.20000000298023388 -7.31671905517578 -8.554324436187745
v 0.20000000298023388 -7.405606269836425 -8.867533135414124
v 0.2000000029802339 -7.481092929840087 -9.184238839149476
v 0.2000000029802339 -7.543041706085204 -9.50386826992035
v 0.20000000298023393 -7.591341018676757 -9.825843501091004
v 0.20000000298023393 -7.625902652740478 -10.149581241607667
v 0.20000000298023393 -7.6466646194458 -10.474496173858643
v 0.20000000298023393 -7.653589725494384 -10.80000001965578
v 0.20000000298023393 -7.6466646194458 -11.125503885746003
v 0.20000000298023393 -7.625902652740478 -11.450418639183045
v 0.20000000298023393 -7.591340541839599 -11.774156498908997
v 0.2000000029802339 -7.543041706085204 -12.096131372451783
v 0.2000000029802339 -7.481092929840087 -12.415761399269105
v 0.20000000298023388 -7.405606746673583 -12.732466864585877
v 0.20000000298023388 -7.31671905517578 -13.045675802230836
v 0.20000000298023385 -7.2145910263061515 -13.354820775985718
v 0.20000000298023382 -7.099408149719237 -13.659342575073243
v 0.2000000029802338 -6.9713778495788565 -13.958690214157105
v 0.20000000298023377 -6.830732822418212 -14.252322006225587
v 0.2000000029802337 -6.677726745605468 -14.539706754684449
v 0.20000000298023368 -6.512636184692382 -14.820323753356934
v 0.20000000298023365 -6.335761547088622 -15.093665885925294
v 0.2000000029802336 -6.147421360015868 -15.359238433837891
v 0.20000000298023357 -5.947956562042235 -15.6165602684021
v 0.20000000298023352 -5.737728595733642 -15.865166473388673
v 0.20000000298023346 -5.517117500305175 -16.104606437683106
v 0.2000000029802334 -5.2865233421325675 -16.33444766998291
v 0.20000000298023335 -5.046362400054931 -16.554273891448975
v 0.2000000029802333 -4.797069549560546 -16.7636869430542
v 0.20000000298023324 -4.5390963554382315 -16.96230821609497
v 0.20000000298023318 -4.27290916442871 -17.149778652191163
v 0.20000000298023313 -3.9989895820617667 -17.325758266448975
v 0.20000000298023307 -3.717833757400512 -17.489929008483887
v 0.200000002980233 -3.42994999885559 -17.64199380874634
v 0.20000000298023293 -3.135859489440917 -17.781677532196046
v 0.20000000298023288 -2.836094617843627 -17.90872745513916
v 0.2000000029802328 -2.5311975479125968 -18.022913265228272
v 0.20000000298023274 -2.2217199802398673 -18.124028968811036
v 0.20000000298023266 -1.908221960067748 -18.211890983581544
v 0.2000000029802326 -1.5912706851959217 -18.286340522766114
v 0.20000000298023252 -1.2714401483535755 -18.347243118286134
v 0.20000000298023246 -0.9493087530136097 -18.3944881439209
v 0.20000000298023238 -0.6254595518112172 -18.42799072265625
v 0.2000000029802323 -0.300478547811507 -18.44768934249878
v 0.20000000298023224 0.0250463970005524 -18.45354871749878
v 0.20000000298023216 0.35052594542503474 -18.44555883407593
v 0.2000000029802321 0.6753709316253673 -18.423733520507813
v 0.20000000298023202 0.9989939928054821 -18.388112354278565
v 0.20000000298023193 1.3208091259002697 -18.33875970840454
v 0.20000000298023188 1.640234112739564 -18.275765228271485
v 0.2000000029802318 1.9566912651062023 -18.199242877960206
v 0.20000000298023174 2.2696075439453134 -18.109330940246583
v 0.20000000298023166 2.578416585922242 -18.006192016601563
v 0.2000000029802316 2.8825602531433114 -17.890013027191163
v 0.20000000298023154 3.1814870834350595 -17.76100425720215
v 0.20000000298023146 3.474656820297242 -17.619398403167725
v 0.10352762043476028 3.4565155506134033 -4.016206073760987
v 0.10352762043476034 3.1648762226104736 -3.8753402709960945
v 0.10352762043476041 2.8675098419189453 -3.7470047950744636
v 0.10352762043476048 2.5649545192718506 -3.6314318656921394
v 0.10352762043476055 2.2577576637268066 -3.5288317680358894
v 0.10352762043476062 1.946475148200989 -3.4393895149230964
v 0.10352762043476069 1.6316704750061037 -3.363266277313233
v 0.10352762043476076 1.3139131069183352 -3.3006008148193366
v 0.10352762043476083 0.9937781691551211 -3.251506137847901
v 0.1035276204347609 0.6718448400497439 -3.216070461273194
v 0.10352762043476096 0.3486955761909487 -3.1943595886230476
v 0.10352762043476105 0.024915544316172822 -3.1864111900329597
v 0.10352762043476112 -0.29890978336334206 -3.1922400474548347
v 0.10352762043476119 -0.6221939325332639 -3.2118361473083503
v 0.10352762043476126 -0.9443526268005369 -3.2451637268066413
v 0.10352762043476132 -1.2648018598556516 -3.292162227630616
v 0.1035276204347614 -1.5829625129699705 -3.352746295928956
v 0.10352762043476146 -1.8982590436935423 -3.4268072128295906
v 0.10352762043476153 -2.2101199626922607 -3.514210987091065
v 0.1035276204347616 -2.517981767654419 -3.6147983551025398
v 0.10352762043476167 -2.821287155151367 -3.728388118743897
v 0.10352762043476174 -3.1194868087768555 -3.854774761199952
v 0.10352762043476181 -3.4120421409606934 -3.993728923797608
v 0.10352762043476187 -3.69842267036438 -4.144999790191651
v 0.10352762043476194 -3.9781105518341064 -4.308313655853272
v 0.10352762043476199 -4.250599861145019 -4.483374404907227
v 0.10352762043476205 -4.515397548675536 -4.669865894317628
v 0.1035276204347621 -4.772024154663085 -4.867450046539307
v 0.10352762043476216 -5.020014762878417 -5.07577018737793
v 0.10352762043476221 -5.25892162322998 -5.2944486618042
v 0.10352762043476227 -5.4883127212524405 -5.523089694976807
v 0.10352762043476231 -5.70777130126953 -5.761279392242432
v 0.10352762043476237 -5.9169015884399405 -6.008587646484376
v 0.10352762043476241 -6.115324974060058 -6.2645662307739265
v 0.10352762043476245 -6.302681922912597 -6.528751659393311
v 0.10352762043476249 -6.478633403778075 -6.800666856765748
v 0.10352762043476252 -6.642861366271972 -7.079818773269654
v 0.10352762043476256 -6.795068740844726 -7.365702915191651
v 0.10352762043476259 -6.934979915618896 -7.6578016757965095
v 0.10352762043476262 -7.0623412132263175 -7.955586242675782
v 0.10352762043476264 -7.176923274993896 -8.258518266677857
v 0.10352762043476266 -7.278517723083495 -8.566049146652222
v 0.10352762043476268 -7.366940975189208 -8.877622532844544
v 0.1035276204347627 -7.442033767700194 -9.192674684524537
v 0.10352762043476271 -7.503658771514892 -9.510635542869569
v 0.10352762043476273 -7.551705360412597 -9.830929625034333
v 0.10352762043476273 -7.586086750030517 -10.1529771566391
v 0.10352762043476274 -7.606740951538085 -10.47619562149048
v 0.10352762043476274 -7.613629817962646 -10.799999911851739
v 0.10352762043476274 -7.606740951538085 -11.123804497718812
v 0.10352762043476273 -7.586087226867675 -11.447022843360902
v 0.10352762043476273 -7.551705360412597 -11.769070374965668
v 0.10352762043476271 -7.50365924835205 -12.089364218711854
v 0.1035276204347627 -7.442033290863036 -12.407325077056885
v 0.10352762043476268 -7.366941452026366 -12.722377347946168
v 0.10352762043476266 -7.278517723083495 -13.033950853347779
v 0.10352762043476264 -7.176923274993896 -13.341481733322144
v 0.10352762043476262 -7.062341690063476 -13.644413995742799
v 0.10352762043476259 -6.934979915618896 -13.942198562622071
v 0.10352762043476256 -6.795068740844726 -14.23429732322693
v 0.10352762043476252 -6.642861366271972 -14.520180988311768
v 0.10352762043476249 -6.478633403778075 -14.799333381652833
v 0.10352762043476245 -6.302681446075439 -15.07124834060669
v 0.10352762043476241 -6.1153244972228995 -15.335433769226075
v 0.10352762043476237 -5.9169015884399405 -15.591412353515626
v 0.10352762043476231 -5.70777130126953 -15.838720607757569
v 0.10352762043476227 -5.488312244415282 -16.076910305023194
v 0.10352762043476221 -5.25892162322998 -16.30555181503296
v 0.10352762043476216 -5.020014762878417 -16.52423028945923
v 0.1035276204347621 -4.772023677825927 -16.732549953460694
v 0.10352762043476205 -4.515397548675536 -16.930134105682374
v 0.10352762043476199 -4.250599861145019 -17.116625595092774
v 0.10352762043476194 -3.9781105518341056 -17.29168634414673
v 0.10352762043476187 -3.698422670364379 -17.45500020980835
v 0.10352762043476181 -3.4120421409606925 -17.606271076202393
v 0.10352762043476174 -3.1194870471954337 -17.745225715637208
v 0.10352762043476167 -2.8212871551513663 -17.871611881256104
v 0.1035276204347616 -2.517981767654418 -17.98520164489746
v 0.10352762043476153 -2.21011996269226 -18.085789489746094
v 0.10352762043476146 -1.8982588052749623 -18.173192310333253
v 0.1035276204347614 -1.5829625129699696 -18.247253227233887
v 0.10352762043476132 -1.2648018598556507 -18.307837772369385
v 0.10352762043476126 -0.9443524479866017 -18.35483675003052
v 0.10352762043476119 -0.6221940517425526 -18.38816385269165
v 0.10352762043476112 -0.2989095449447621 -18.40775947570801
v 0.10352762043476105 0.02491535060107823 -18.41358880996704
v 0.10352762043476096 0.3486955761909496 -18.405640888214112
v 0.1035276204347609 0.6718447804451 -18.38392906188965
v 0.10352762043476083 0.9937782883644115 -18.3484938621521
v 0.10352762043476076 1.313913106918336 -18.299399662017823
v 0.10352762043476069 1.6316705942153942 -18.236734199523926
v 0.10352762043476062 1.9464755058288585 -18.160610485076905
v 0.10352762043476055 2.2577576637268075 -18.071167755126954
v 0.10352762043476048 2.5649547576904306 -17.968567657470704
v 0.10352762043476041 2.867509841918946 -17.852995204925538
v 0.10352762043476034 3.1648764610290536 -17.724659729003907
v 0.10352762043476028 3.456515550613404 -17.583793926239014
v -7.171408186784903e-16 3.4503278732299805 -4.028350639343262
v -6.524998169461335e-16 3.159210681915283 -3.887736606597901
v -5.865894304631979e-16 2.8623766899108887 -3.759630489349366
v -5.195288791170092e-16 2.5603628158569336 -3.64426498413086
v -4.514396062563803e-16 2.253715991973877 -3.5418484687805183
v -3.8244472282623845e-16 1.9429906606674197 -3.4525659561157234
v -3.126691661863038e-16 1.628749489784241 -3.376579093933106
v -2.4223919718527636e-16 1.3115611076354983 -3.3140256881713874
v -1.7128214869793015e-16 0.9919989705085757 -3.2650187492370613
v -9.99265712089008e-17 0.6706420183181765 -3.2296469688415534
v -2.830151812863636e-17 0.3480714559555056 -3.2079747200012214
v 4.3463413674752626e-17 0.024870935827493865 -3.2000406265258796
v 1.1523836594408208e-16 -0.2983747124671934 -3.2058594703674324
v 1.8689332987529643e-16 -0.6210799813270567 -3.2254198074340827
v 2.58298802898875e-16 -0.942661643028259 -3.2586877822875984
v 3.2932553308102267e-16 -1.262537598609924 -3.3056023597717292
v 3.998449699371038e-16 -1.5801289081573484 -3.366078186035157
v 4.697294232503199e-16 -1.894860506057739 -3.4400065422058113
v 5.388526057021911e-16 -2.2061636447906494 -3.527253437042237
v 6.070892622956423e-16 -2.513474225997925 -3.627661037445069
v 6.743159909181704e-16 -2.8162364959716797 -3.7410471916198738
v 7.404111364627259e-16 -3.1139025688171387 -3.867207336425782
v 8.052551084650685e-16 -3.4059338569641113 -4.005913066864014
v 8.6873059286200325e-16 -3.6918020248413086 -4.156913566589356
v 9.307226049309405e-16 -3.970989227294922 -4.3199346542358406
v 9.911190186854875e-16 -4.242990493774413 -4.494682598114014
v 1.0498106727545669e-15 -4.507314205169677 -4.680839824676514
v 1.1066910527450613e-15 -4.76348066329956 -4.8780706405639656
v 1.161657667670353e-15 -5.011028289794921 -5.0860174179077156
v 1.2146106735217844e-15 -5.249507427215575 -5.3043044090271
v 1.2654544614554342e-15 -5.478487491607665 -5.532535839080811
v 1.3140969166382885e-15 -5.697553634643554 -5.770299720764161
v 1.3604499476438329e-15 -5.906309127807616 -6.0171649932861335
v 1.4044299099685259e-15 -6.104377269744872 -6.272685337066651
v 1.4459570766362072e-15 -6.291399002075194 -6.536398220062257
v 1.4849561675936897e-15 -6.467035293579101 -6.807826328277589
v 1.5213568791063513e-15 -6.630969524383544 -7.086478519439698
v 1.5550932484834244e-15 -6.782904624938964 -7.371850776672364
v 1.58610407759447e-15 -6.922564983367919 -7.663426446914674
v 1.6143334622649693e-15 -7.049698829650878 -7.960678386688233
v 1.6397301570016134e-15 -7.164075374603271 -8.263068008422852
v 1.6622482102670137e-15 -7.265487670898437 -8.570048379898072
v 1.6818470703588205e-15 -7.353753089904784 -8.881063985824586
v 1.6984910560141307e-15 -7.428710937499999 -9.195552158355714
v 1.7121500975633167e-15 -7.4902257919311515 -9.51294379234314
v 1.7227996310509082e-15 -7.538187026977538 -9.832664239406586
v 1.7304201747191184e-15 -7.57250690460205 -10.15413545370102
v 1.7349979642825542e-15 -7.59312343597412 -10.476775425672532
v 1.7365248470490985e-15 -7.5999999046325675 -10.800000168331355
v 1.7349979642825542e-15 -7.59312343597412 -11.123224842548371
v 1.7304201747191184e-15 -7.57250690460205 -11.445864546298981
v 1.7227996310509082e-15 -7.538187026977538 -11.76733582019806
v 1.7121502034424352e-15 -7.49022626876831 -12.087056207656861
v 1.6984910560141307e-15 -7.428710937499999 -12.404447960853577
v 1.6818470703588205e-15 -7.353753089904784 -12.718935894966126
v 1.6622483161461321e-15 -7.265488147735595 -13.029951858520509
v 1.6397301570016134e-15 -7.164075374603271 -13.33693199157715
v 1.6143334622649693e-15 -7.049698829650878 -13.639321851730347
v 1.58610407759447e-15 -6.922564983367919 -13.936573314666749
v 1.5550932484834244e-15 -6.782904624938964 -14.228148984909058
v 1.5213569849854697e-15 -6.630970001220702 -14.513521480560303
v 1.4849562734728081e-15 -6.467035770416259 -14.792173910140992
v 1.4459569707570888e-15 -6.291398525238036 -15.063601779937745
v 1.4044299099685259e-15 -6.104377269744872 -15.32731466293335
v 1.3604499476438329e-15 -5.906309127807616 -15.582835006713868
v 1.3140969166382885e-15 -5.697553634643554 -15.82970027923584
v 1.2654543555763158e-15 -5.478487014770507 -16.067463684082032
v 1.2146106735217844e-15 -5.249507427215575 -16.2956955909729
v 1.161657667670353e-15 -5.011028289794921 -16.513982582092286
v 1.1066911586241797e-15 -4.763481140136718 -16.721929836273194
v 1.0498106727545669e-15 -4.507314205169677 -16.919160175323487
v 9.911190186854875e-16 -4.242990493774413 -17.105317878723145
v 9.307226049309405e-16 -3.970989227294921 -17.28006534576416
v 8.68730539922444e-16 -3.6918017864227286 -17.443086910247803
v 8.052551084650685e-16 -3.4059338569641104 -17.594086933135987
v 7.404111894022851e-16 -3.113902807235717 -17.73279266357422
v 6.743160438577296e-16 -2.816236734390258 -17.858952808380128
v 6.070892622956423e-16 -2.513474225997924 -17.972338962554932
v 5.388525527626319e-16 -2.2061634063720694 -18.072746562957764
v 4.697294497200995e-16 -1.8948606252670277 -18.15999345779419
v 3.998449699371038e-16 -1.5801289081573475 -18.233921813964844
v 3.2932558602058187e-16 -1.2625378370285023 -18.29439811706543
v 2.582988558384342e-16 -0.9426618814468373 -18.341312217712403
v 1.8689335634507603e-16 -0.6210801005363453 -18.37457971572876
v 1.1523832623941268e-16 -0.29837453365325817 -18.39414052963257
v 4.3463391754466393e-17 0.024871034547687704 -18.399959373474122
v -2.830148504141186e-17 0.34807130694389454 -18.39202527999878
v -9.99265844437906e-17 0.6706420779228222 -18.370353031158448
v -1.7128218840259956e-16 0.9919991493225109 -18.33498125076294
v -2.4223919718527636e-16 1.3115611076354992 -18.285974311828614
v -3.126691397165242e-16 1.6287493705749523 -18.223420429229737
v -3.8244474929601805e-16 1.94299077987671 -18.147434043884278
v -4.514395533168211e-16 2.2537157535552987 -18.058151531219483
v -5.195289320565684e-16 2.5603630542755136 -17.95573501586914
v -5.865893775236387e-16 2.8623764514923105 -17.840369033813477
v -6.524997640065743e-16 3.159210443496705 -17.7122633934021
v -7.171407657389311e-16 3.4503276348114023 -17.57164936065674
v -0.10352762043476181 3.4565155506134033 -4.016206073760987
v -0.10352762043476176 3.1648762226104736 -3.8753402709960945
v -0.10352762043476169 2.8675098419189453 -3.7470047950744636
v -0.10352762043476162 2.5649545192718506 -3.6314318656921394
v -0.10352762043476155 2.2577576637268066 -3.5288317680358894
v -0.10352762043476148 1.946475148200989 -3.4393895149230964
v -0.10352762043476141 1.6316704750061037 -3.363266277313233
v -0.10352762043476134 1.3139131069183352 -3.3006008148193366
v -0.10352762043476127 0.9937781691551211 -3.251506137847901
v -0.1035276204347612 0.6718448400497439 -3.216070461273194
v -0.10352762043476113 0.3486955761909487 -3.1943595886230476
v -0.10352762043476105 0.024915544316172773 -3.1864111900329597
v -0.10352762043476098 -0.29890978336334206 -3.1922400474548347
v -0.10352762043476091 -0.6221939325332639 -3.2118361473083503
v -0.10352762043476084 -0.9443526268005369 -3.2451637268066413
v -0.10352762043476077 -1.2648018598556516 -3.292162227630616
v -0.1035276204347607 -1.5829625129699705 -3.352746295928956
v -0.10352762043476063 -1.8982590436935423 -3.4268072128295906
v -0.10352762043476056 -2.2101199626922607 -3.514210987091065
v -0.10352762043476049 -2.517981767654419 -3.6147983551025398
v -0.10352762043476042 -2.821287155151367 -3.728388118743897
v -0.10352762043476035 -3.1194868087768555 -3.854774761199952
v -0.10352762043476028 -3.4120421409606934 -3.993728923797608
v -0.10352762043476023 -3.69842267036438 -4.144999790191651
v -0.10352762043476016 -3.9781105518341064 -4.308313655853272
v -0.1035276204347601 -4.250599861145019 -4.483374404907227
v -0.10352762043476005 -4.515397548675536 -4.669865894317628
v -0.10352762043475999 -4.772024154663085 -4.867450046539307
v -0.10352762043475994 -5.020014762878417 -5.07577018737793
v -0.10352762043475988 -5.25892162322998 -5.2944486618042
v -0.10352762043475983 -5.4883127212524405 -5.523089694976807
v -0.10352762043475978 -5.70777130126953 -5.761279392242432
v -0.10352762043475973 -5.9169015884399405 -6.008587646484376
v -0.10352762043475969 -6.115324974060058 -6.2645662307739265
v -0.10352762043475965 -6.302681922912597 -6.528751659393311
v -0.1035276204347596 -6.478633403778075 -6.800666856765748
v -0.10352762043475958 -6.642861366271972 -7.079818773269654
v -0.10352762043475953 -6.795068740844726 -7.365702915191651
v -0.1035276204347595 -6.934979915618896 -7.6578016757965095
v -0.10352762043475948 -7.0623412132263175 -7.955586242675782
v -0.10352762043475945 -7.176923274993896 -8.258518266677857
v -0.10352762043475944 -7.278517723083495 -8.566049146652222
v -0.10352762043475941 -7.366940975189208 -8.877622532844544
v -0.1035276204347594 -7.442033767700194 -9.192674684524537
v -0.10352762043475938 -7.503658771514892 -9.510635542869569
v -0.10352762043475937 -7.551705360412597 -9.830929625034333
v -0.10352762043475937 -7.586086750030517 -10.1529771566391
v -0.10352762043475935 -7.606740951538085 -10.47619562149048
v -0.10352762043475935 -7.613629817962646 -10.799999911851739
v -0.10352762043475935 -7.606740951538085 -11.123804497718812
v -0.10352762043475937 -7.586087226867675 -11.447022843360902
v -0.10352762043475937 -7.551705360412597 -11.769070374965668
v -0.10352762043475938 -7.50365924835205 -12.089364218711854
v -0.1035276204347594 -7.442033290863036 -12.407325077056885
v -0.10352762043475941 -7.366941452026366 -12.722377347946168
v -0.10352762043475944 -7.278517723083495 -13.033950853347779
v -0.10352762043475945 -7.176923274993896 -13.341481733322144
v -0.10352762043475948 -7.062341690063476 -13.644413995742799
v -0.1035276204347595 -6.934979915618896 -13.942198562622071
v -0.10352762043475953 -6.795068740844726 -14.23429732322693
v -0.10352762043475958 -6.642861366271972 -14.520180988311768
v -0.1035276204347596 -6.478633403778075 -14.799333381652833
v -0.10352762043475965 -6.302681446075439 -15.07124834060669
v -0.10352762043475969 -6.1153244972228995 -15.335433769226075
v -0.10352762043475973 -5.9169015884399405 -15.591412353515626
v -0.10352762043475978 -5.70777130126953 -15.838720607757569
v -0.10352762043475983 -5.488312244415282 -16.076910305023194
v -0.10352762043475988 -5.25892162322998 -16.30555181503296
v -0.10352762043475994 -5.020014762878417 -16.52423028945923
v -0.10352762043475999 -4.772023677825927 -16.732549953460694
v -0.10352762043476005 -4.515397548675536 -16.930134105682374
v -0.1035276204347601 -4.250599861145019 -17.116625595092774
v -0.10352762043476016 -3.9781105518341056 -17.29168634414673
v -0.10352762043476023 -3.698422670364379 -17.45500020980835
v -0.10352762043476028 -3.4120421409606925 -17.606271076202393
v -0.10352762043476035 -3.1194870471954337 -17.745225715637208
v -0.10352762043476042 -2.8212871551513663 -17.871611881256104
v -0.10352762043476049 -2.517981767654418 -17.98520164489746
v -0.10352762043476056 -2.21011996269226 -18.085789489746094
v -0.10352762043476063 -1.8982588052749623 -18.173192310333253
v -0.1035276204347607 -1.5829625129699696 -18.247253227233887
v -0.10352762043476077 -1.2648018598556507 -18.307837772369385
v -0.10352762043476084 -0.9443524479866017 -18.35483675003052
v -0.10352762043476091 -0.6221940517425526 -18.38816385269165
v -0.10352762043476098 -0.2989095449447621 -18.40775947570801
v -0.10352762043476105 0.024915350601078183 -18.41358880996704
v -0.10352762043476113 0.3486955761909496 -18.405640888214112
v -0.1035276204347612 0.6718447804451 -18.38392906188965
v -0.10352762043476127 0.9937782883644115 -18.3484938621521
v -0.10352762043476134 1.313913106918336 -18.299399662017823
v -0.10352762043476141 1.6316705942153942 -18.236734199523926
v -0.10352762043476148 1.9464755058288585 -18.160610485076905
v -0.10352762043476155 2.2577576637268075 -18.071167755126954
v -0.10352762043476162 2.5649547576904306 -17.968567657470704
v -0.10352762043476169 2.867509841918946 -17.852995204925538
v -0.10352762043476176 3.1648764610290536 -17.724659729003907
v -0.10352762043476181 3.456515550613404 -17.583793926239014
v -0.20000000298023302 3.4746570587158203 -3.980601596832276
v -0.20000000298023293 3.1814873218536377 -3.8389957427978523
v -0.20000000298023288 2.8825600147247314 -3.7099869728088386
v -0.20000000298023282 2.5784168243408203 -3.593807983398438
v -0.20000000298023274 2.2696075439453125 -3.4906690597534187
v -0.20000000298023268 1.9566912651062014 -3.4007571220397956
v -0.2000000029802326 1.6402344703674319 -3.324234294891358
v -0.20000000298023254 1.3208091259002688 -3.2612402915954597
v -0.20000000298023246 0.9989939928054812 -3.2118876457214363
v -0.20000000298023238 0.6753709912300112 -3.176266479492188
v -0.20000000298023232 0.35052594542503374 -3.154441165924073
v -0.20000000298023224 0.02504637651145473 -3.1464512825012214
v -0.20000000298023218 -0.3004783987998961 -3.1523106575012214
v -0.2000000029802321 -0.6254594922065733 -3.1720092773437507
v -0.20000000298023202 -0.9493089914321897 -3.2055118560791023
v -0.20000000298023196 -1.2714400291442869 -3.252757358551026
v -0.20000000298023188 -1.5912708044052122 -3.3136594772338874
v -0.20000000298023182 -1.9082217216491697 -3.3881090164184577
v -0.20000000298023174 -2.221719741821289 -3.4759710311889656
v -0.20000000298023168 -2.5311975479125977 -3.5770867347717292
v -0.2000000029802316 -2.836094617843628 -3.6912725448608406
v -0.20000000298023154 -3.135859966278076 -3.818322467803956
v -0.2000000029802315 -3.42995023727417 -3.958006191253663
v -0.2000000029802314 -3.7178335189819336 -4.110070991516114
v -0.20000000298023135 -3.9989898204803467 -4.274241733551026
v -0.2000000029802313 -4.27290916442871 -4.450221824645997
v -0.20000000298023124 -4.5390963554382315 -4.63769178390503
v -0.20000000298023118 -4.797069549560546 -4.8363130569458015
v -0.20000000298023113 -5.046362400054931 -5.045726585388184
v -0.20000000298023107 -5.2865233421325675 -5.2655523300170906
v -0.20000000298023102 -5.517117977142333 -5.495393562316895
v -0.20000000298023096 -5.737728595733642 -5.734834003448487
v -0.2000000029802309 -5.947956562042235 -5.983439731597901
v -0.20000000298023088 -6.14742088317871 -6.240762042999268
v -0.20000000298023082 -6.335761070251464 -6.506334114074708
v -0.2000000029802308 -6.512636184692382 -6.779676246643067
v -0.20000000298023077 -6.677726745605468 -7.060293483734132
v -0.2000000029802307 -6.830732822418212 -7.347677993774415
v -0.20000000298023068 -6.971378326416015 -7.641309547424317
v -0.20000000298023066 -7.099408149719237 -7.9406574249267585
v -0.20000000298023063 -7.21459150314331 -8.245179224014283
v -0.2000000029802306 -7.31671905517578 -8.554324436187745
v -0.2000000029802306 -7.405606269836425 -8.867533135414124
v -0.20000000298023057 -7.481092929840087 -9.184238839149476
v -0.20000000298023057 -7.543041706085204 -9.50386826992035
v -0.20000000298023055 -7.591341018676757 -9.825843501091004
v -0.20000000298023055 -7.625902652740478 -10.149581241607667
v -0.20000000298023055 -7.6466646194458 -10.474496173858643
v -0.20000000298023055 -7.653589725494384 -10.80000001965578
v -0.20000000298023055 -7.6466646194458 -11.125503885746003
v -0.20000000298023055 -7.625902652740478 -11.450418639183045
v -0.20000000298023055 -7.591340541839599 -11.774156498908997
v -0.20000000298023057 -7.543041706085204 -12.096131372451783
v -0.20000000298023057 -7.481092929840087 -12.415761399269105
v -0.2000000029802306 -7.405606746673583 -12.732466864585877
v -0.2000000029802306 -7.31671905517578 -13.045675802230836
v -0.20000000298023063 -7.2145910263061515 -13.354820775985718
v -0.20000000298023066 -7.099408149719237 -13.659342575073243
v -0.20000000298023068 -6.9713778495788565 -13.958690214157105
v -0.2000000029802307 -6.830732822418212 -14.252322006225587
v -0.20000000298023077 -6.677726745605468 -14.539706754684449
v -0.2000000029802308 -6.512636184692382 -14.820323753356934
v -0.20000000298023082 -6.335761547088622 -15.093665885925294
v -0.20000000298023088 -6.147421360015868 -15.359238433837891
v -0.2000000029802309 -5.947956562042235 -15.6165602684021
v -0.20000000298023096 -5.737728595733642 -15.865166473388673
v -0.20000000298023102 -5.517117500305175 -16.104606437683106
v -0.20000000298023107 -5.2865233421325675 -16.33444766998291
v -0.20000000298023113 -5.046362400054931 -16.554273891448975
v -0.20000000298023118 -4.797069549560546 -16.7636869430542
v -0.20000000298023124 -4.5390963554382315 -16.96230821609497
v -0.2000000029802313 -4.27290916442871 -17.149778652191163
v -0.20000000298023135 -3.9989895820617667 -17.325758266448975
v -0.2000000029802314 -3.717833757400512 -17.489929008483887
v -0.2000000029802315 -3.42994999885559 -17.64199380874634
v -0.20000000298023154 -3.135859489440917 -17.781677532196046
v -0.2000000029802316 -2.836094617843627 -17.90872745513916
v -0.20000000298023168 -2.5311975479125968 -18.022913265228272
v -0.20000000298023174 -2.2217199802398673 -18.124028968811036
v -0.20000000298023182 -1.908221960067748 -18.211890983581544
v -0.20000000298023188 -1.5912706851959217 -18.286340522766114
v -0.20000000298023196 -1.2714401483535755 -18.347243118286134
v -0.20000000298023202 -0.9493087530136097 -18.3944881439209
v -0.2000000029802321 -0.6254595518112172 -18.42799072265625
v -0.20000000298023218 -0.3004785478115071 -18.44768934249878
v -0.20000000298023224 0.02504639700055231 -18.45354871749878
v -0.20000000298023232 0.3505259454250346 -18.44555883407593
v -0.20000000298023238 0.6753709316253673 -18.423733520507813
v -0.20000000298023246 0.9989939928054821 -18.388112354278565
v -0.20000000298023254 1.3208091259002697 -18.33875970840454
v -0.2000000029802326 1.640234112739564 -18.275765228271485
v -0.20000000298023268 1.9566912651062023 -18.199242877960206
v -0.20000000298023274 2.2696075439453134 -18.109330940246583
v -0.20000000298023282 2.578416585922242 -18.006192016601563
v -0.20000000298023288 2.8825602531433114 -17.890013027191163
v -0.20000000298023293 3.1814870834350595 -17.76100425720215
v -0.20000000298023302 3.474656820297242 -17.619398403167725
v -0.2828427255153664 3.50351619720459 -3.9239624023437507
v -0.2828427255153663 3.207911252975464 -3.781180667877198
v -0.28284272551536627 2.906501531600952 -3.6510999679565437
v -0.28284272551536616 2.599832057952881 -3.5339563369750984
v -0.2828427255153661 2.2884578704833984 -3.429961013793946
v -0.28284272551536604 1.9729428291320803 -3.339302349090577
v -0.282842725515366 1.653857469558716 -3.2621438980102546
v -0.2828427255153659 1.3317793607711794 -3.198626327514649
v -0.2828427255153658 1.0072911977767947 -3.1488640785217292
v -0.28284272551536577 0.6809802055358888 -3.1129472732543952
v -0.28284272551536566 0.353436976671219 -3.090940761566163
v -0.2828427255153656 0.025254270061850676 -3.082884120941163
v -0.28284272551536555 -0.3029740750789641 -3.0887921333312995
v -0.28284272551536543 -0.6306543350219725 -3.1086547851562507
v -0.2828427255153654 -0.9571933150291442 -3.1424353599548347
v -0.2828427255153653 -1.2820001840591428 -3.1900728225708015
v -0.28284272551536527 -1.6044871807098386 -3.2514808654785163
v -0.28284272551536516 -1.9240708351135252 -3.326548862457276
v -0.2828427255153651 -2.2401726245880127 -3.415140914916993
v -0.28284272551536505 -2.552220582962036 -3.5170963287353523
v -0.282842725515365 -2.859649896621704 -3.6322305679321296
v -0.2828427255153649 -3.1619045734405518 -3.7603357315063484
v -0.2828427255153648 -3.45843768119812 -3.9011795997619636
v -0.28284272551536477 -3.7487123012542725 -4.054507064819337
v -0.2828427255153647 -4.032203674316405 -4.22004156112671
v -0.28284272551536466 -4.308397769927978 -4.397483158111573
v -0.2828427255153646 -4.576796054840087 -4.586510467529298
v -0.28284272551536455 -4.836912155151366 -4.786781597137452
v -0.2828427255153645 -5.088275432586669 -4.997933673858643
v -0.28284272551536443 -5.330430984497069 -5.2195857048034675
v -0.2828427255153644 -5.562940597534179 -5.451335716247559
v -0.2828427255153643 -5.785383701324462 -5.692764568328858
v -0.28284272551536427 -5.997357368469237 -5.94343547821045
v -0.2828427255153642 -6.198478698730468 -6.2028949737548835
v -0.28284272551536416 -6.388383388519286 -6.470672893524171
v -0.28284272551536416 -6.566727638244628 -6.746285247802735
v -0.2828427255153641 -6.733189105987548 -7.029233026504517
v -0.28284272551536405 -6.887465953826903 -7.319004344940186
v -0.28284272551536405 -7.029279708862304 -7.615074920654298
v -0.282842725515364 -7.158372879028319 -7.91690902709961
v -0.282842725515364 -7.274512767791747 -8.223959970474244
v -0.28284272551536394 -7.377488613128661 -8.535672473907471
v -0.28284272551536394 -7.467114448547362 -8.851482677459718
v -0.28284272551536394 -7.543228149414062 -9.170818853378297
v -0.28284272551536394 -7.605690956115722 -9.493103194236756
v -0.2828427255153639 -7.654391288757323 -9.817752528190614
v -0.2828427255153639 -7.689239978790282 -10.144179153442384
v -0.2828427255153639 -7.710175037384032 -10.471792566776276
v -0.2828427255153639 -7.717157363891601 -10.800000044121038
v -0.2828427255153639 -7.710175037384032 -11.128207343816758
v -0.2828427255153639 -7.689239978790282 -11.455820667743684
v -0.2828427255153639 -7.654391288757323 -11.782247292995454
v -0.28284272551536394 -7.605690956115722 -12.106896686553956
v -0.28284272551536394 -7.543227672576903 -12.429181265830994
v -0.28284272551536394 -7.467114448547362 -12.748517203330994
v -0.28284272551536394 -7.377488613128661 -13.06432752609253
v -0.282842725515364 -7.274512290954589 -13.376039791107178
v -0.282842725515364 -7.158372879028319 -13.68309121131897
v -0.28284272551536405 -7.029279708862304 -13.984924840927125
v -0.28284272551536405 -6.887465953826903 -14.280995893478394
v -0.2828427255153641 -6.73318862915039 -14.570766973495484
v -0.28284272551536416 -6.566727638244628 -14.853714752197266
v -0.28284272551536416 -6.388383388519286 -15.12932710647583
v -0.2828427255153642 -6.198478698730468 -15.397105503082276
v -0.28284272551536427 -5.997357845306396 -15.656564521789551
v -0.2828427255153643 -5.785383701324462 -15.907235431671143
v -0.2828427255153644 -5.562940597534179 -16.148664283752442
v -0.28284272551536443 -5.330430984497069 -16.380414295196534
v -0.2828427255153645 -5.088275432586669 -16.6020658493042
v -0.28284272551536455 -4.836912155151366 -16.81321840286255
v -0.2828427255153646 -4.576796054840087 -17.013489532470704
v -0.28284272551536466 -4.308398246765136 -17.20251684188843
v -0.2828427255153647 -4.032203674316405 -17.37995843887329
v -0.28284272551536477 -3.7487125396728507 -17.545492458343507
v -0.2828427255153648 -3.4584376811981192 -17.698820400238038
v -0.2828427255153649 -3.161904573440551 -17.839664268493653
v -0.282842725515365 -2.8596501350402823 -17.967769432067872
v -0.28284272551536505 -2.5522205829620352 -18.08290367126465
v -0.2828427255153651 -2.240172624588012 -18.18485908508301
v -0.28284272551536516 -1.9240707159042347 -18.273451137542725
v -0.28284272551536527 -1.6044872999191273 -18.348519134521485
v -0.2828427255153653 -1.282000184059142 -18.4099271774292
v -0.2828427255153654 -0.9571933150291433 -18.457564640045167
v -0.28284272551536543 -0.6306542754173269 -18.49134521484375
v -0.28284272551536555 -0.3029740750789631 -18.511207389831544
v -0.2828427255153656 0.025254348292947888 -18.51711587905884
v -0.28284272551536566 0.3534369468688976 -18.509059715270997
v -0.28284272551536577 0.6809801459312449 -18.487052726745606
v -0.2828427255153658 1.0072911977767955 -18.451135921478272
v -0.2828427255153659 1.3317794799804699 -18.401373672485352
v -0.282842725515366 1.6538575887680065 -18.337856101989747
v -0.28284272551536604 1.9729427099227916 -18.260698127746583
v -0.2828427255153661 2.2884578704833993 -18.170038986206055
v -0.28284272551536616 2.5998318195343026 -18.066043663024903
v -0.28284272551536627 2.906501293182374 -17.9488995552063
v -0.2828427255153663 3.2079110145568857 -17.818818855285645
v -0.2828427255153664 3.5035161972045907 -17.67603759765625
v -0.34641015529632646 3.541126012802124 -3.8501489639282234
v -0.3464101552963264 3.2423477172851562 -3.705834674835206
v -0.34641015529632635 2.9377024173736572 -3.5743577957153327
v -0.3464101552963263 2.6277408599853516 -3.4559562683105476
v -0.3464101552963262 2.3130242824554443 -3.3508441925048835
v -0.3464101552963261 1.9941220283508303 -3.25921277999878
v -0.34641015529632607 1.671611309051514 -3.181226539611817
v -0.34641015529632596 1.3460758924484255 -3.117026615142823
v -0.3464101552963259 1.0181041955947878 -3.0667303085327156
v -0.34641015529632585 0.6882904767990113 -3.0304277420043952
v -0.34641015529632574 0.35723116993904125 -3.008184719085694
v -0.3464101552963257 0.025525322183966744 -3.0000417709350593
v -0.34641015529632563 -0.3062264919281005 -3.006013202667237
v -0.3464101552963255 -0.6374242305755614 -3.026089000701905
v -0.34641015529632546 -0.9674687385559081 -3.0602319717407234
v -0.3464101552963254 -1.2957624197006223 -3.108381080627442
v -0.34641015529632535 -1.6217111349105833 -3.170448589324952
v -0.34641015529632524 -1.9447253942489622 -3.246322917938233
v -0.3464101552963252 -2.2642202377319336 -3.3358653068542488
v -0.34641015529632513 -2.579618215560913 -3.4389150619506843
v -0.346410155296325 -2.890347957611084 -3.5552857398986824
v -0.34641015529632496 -3.195847511291504 -3.6847656250000007
v -0.3464101552963249 -3.495563507080078 -3.827121543884278
v -0.34641015529632485 -3.788954496383667 -3.9820955276489265
v -0.3464101552963248 -4.075489044189452 -4.149406719207764
v -0.34641015529632474 -4.3546481132507315 -4.328752803802491
v -0.34641015529632463 -4.625927448272704 -4.519809532165528
v -0.3464101552963246 -4.888835906982421 -4.722230243682862
v -0.3464101552963245 -5.142897605895995 -4.935649681091309
v -0.34641015529632446 -5.387652397155761 -5.159680652618409
v -0.34641015529632446 -5.622658252716064 -5.393918323516846
v -0.3464101552963244 -5.847489356994628 -5.637939262390137
v -0.34641015529632435 -6.061738491058349 -5.8913009643554695
v -0.3464101552963243 -6.265018939971923 -6.153545188903809
v -0.34641015529632424 -6.4569616317749015 -6.424197959899903
v -0.3464101552963242 -6.637220859527587 -6.702769088745118
v -0.3464101552963242 -6.805468559265136 -6.988754320144654
v -0.34641015529632413 -6.961401939392089 -7.281636285781861
v -0.34641015529632413 -7.104737758636474 -7.580885219573975
v -0.3464101552963241 -7.235217094421386 -7.885959196090699
v -0.3464101552963241 -7.3526034355163565 -8.196306514739991
v -0.346410155296324 -7.456685066223144 -8.511365461349488
v -0.346410155296324 -7.547273159027099 -8.83056573867798
v -0.346410155296324 -7.6242036819458 -9.15332989692688
v -0.34641015529632396 -7.687336921691894 -9.479073929786683
v -0.34641015529632396 -7.736560344696044 -9.807208168506623
v -0.34641015529632396 -7.7717833518981925 -10.137139129638673
v -0.34641015529632396 -7.792942523956298 -10.46826930642128
v -0.34641015529632396 -7.800000190734862 -10.800000035398202
v -0.34641015529632396 -7.792942523956298 -11.131730663776398
v -0.34641015529632396 -7.7717833518981925 -11.462861168384553
v -0.34641015529632396 -7.736559867858886 -11.792791831493378
v -0.34641015529632396 -7.687337398529052 -12.120926308631898
v -0.346410155296324 -7.624203205108642 -12.44667010307312
v -0.346410155296324 -7.547273159027099 -12.769434261322022
v -0.346410155296324 -7.456685066223144 -13.088634777069093
v -0.3464101552963241 -7.352603912353515 -13.403693246841431
v -0.3464101552963241 -7.235217094421386 -13.714041042327882
v -0.34641015529632413 -7.104737758636474 -14.019114780426026
v -0.34641015529632413 -6.961401939392089 -14.318363475799561
v -0.3464101552963242 -6.805469036102294 -14.611245679855347
v -0.3464101552963242 -6.637220382690429 -14.897230911254884
v -0.34641015529632424 -6.45696210861206 -15.175802040100098
v -0.3464101552963243 -6.265018463134765 -15.446454334259034
v -0.34641015529632435 -6.061738491058349 -15.708699035644532
v -0.3464101552963244 -5.84748888015747 -15.962060737609864
v -0.34641015529632446 -5.622657775878905 -16.206081676483155
v -0.34641015529632446 -5.387652397155761 -16.440319347381593
v -0.3464101552963245 -5.142897129058837 -16.664350318908692
v -0.3464101552963246 -4.888835906982421 -16.87776975631714
v -0.34641015529632463 -4.625927448272704 -17.080190467834473
v -0.34641015529632474 -4.3546481132507315 -17.27124719619751
v -0.3464101552963248 -4.075489044189452 -17.450593280792237
v -0.34641015529632485 -3.788954496383666 -17.617904472351075
v -0.3464101552963249 -3.4955637454986563 -17.772878456115723
v -0.34641015529632496 -3.195847511291503 -17.915234375
v -0.346410155296325 -2.890348196029662 -18.044714736938477
v -0.34641015529632513 -2.579618215560912 -18.16108446121216
v -0.3464101552963252 -2.264220476150512 -18.264134693145753
v -0.34641015529632524 -1.9447253942489613 -18.353677558898926
v -0.34641015529632535 -1.621711254119872 -18.42955141067505
v -0.3464101552963254 -1.295762300491332 -18.49161891937256
v -0.34641015529632546 -0.967468798160552 -18.539768028259278
v -0.3464101552963255 -0.6374245285987844 -18.573910999298096
v -0.34641015529632563 -0.30622658133506664 -18.593986320495606
v -0.3464101552963257 0.025525391101838223 -18.599958229064942
v -0.34641015529632574 0.35723119974136464 -18.591815280914307
v -0.34641015529632585 0.6882905960083018 -18.569572734832764
v -0.3464101552963259 1.0181043148040783 -18.533270168304444
v -0.34641015529632596 1.3460758924484264 -18.48297338485718
v -0.34641015529632607 1.6716113090515148 -18.418773460388184
v -0.3464101552963261 1.9941219091415416 -18.34078769683838
v -0.3464101552963262 2.3130242824554452 -18.249155807495118
v -0.3464101552963263 2.6277408599853525 -18.144043731689454
v -0.34641015529632635 2.937702417373658 -18.02564220428467
v -0.3464101552963264 3.2423479557037362 -17.894165325164796
v -0.34641015529632646 3.541126012802125 -17.749851036071778
v -0.38637033104896623 3.584923505783081 -3.764191436767579
v -0.3863703310489662 3.282449722290039 -3.618092346191407
v -0.3863703310489661 2.974036455154419 -3.4849894523620613
v -0.38637033104896606 2.6602416038513184 -3.365123081207276
v -0.38637033104896595 2.34163236618042 -3.2587111473083503
v -0.3863703310489659 2.0187859535217285 -3.1659458160400398
v -0.38637033104896584 1.692286252975464 -3.08699541091919
v -0.38637033104896573 1.362724304199219 -3.022001552581788
v -0.3863703310489657 1.0306963920593264 -2.9710829734802253
v -0.3863703310489656 0.6968035101890565 -2.9343312263488777
v -0.3863703310489655 0.36164951324462896 -2.9118135452270515
v -0.38637033104896545 0.025841196998953913 -2.903569984436036
v -0.3863703310489654 -0.3100139498710632 -2.909615325927735
v -0.3863703310489653 -0.6453083157539367 -2.9299390792846687
v -0.38637033104896523 -0.9794346690177916 -2.964505004882813
v -0.3863703310489652 -1.3117887973785398 -3.0132492065429695
v -0.38637033104896507 -1.6417688131332395 -3.0760844230651863
v -0.386370331048965 -1.9687781333923338 -3.152896690368653
v -0.38637033104896495 -2.292224884033203 -3.2435467720031745
v -0.3863703310489649 -2.6115236282348633 -3.347871112823487
v -0.3863703310489648 -2.9260966777801514 -3.465680885314942
v -0.38637033104896473 -3.235374689102173 -3.5967624664306648
v -0.3863703310489647 -3.5387978553771973 -3.740878868103028
v -0.3863703310489646 -3.835817337036133 -3.897769260406495
v -0.3863703310489645 -4.125895500183105 -4.0671504020690925
v -0.38637033104896445 -4.408507347106933 -4.24871473312378
v -0.3863703310489644 -4.683142185211181 -4.442134666442872
v -0.38637033104896434 -4.949302196502685 -4.647058773040772
v -0.3863703310489643 -5.2065062522888175 -4.863117504119874
v -0.38637033104896423 -5.4542880058288565 -5.08991985321045
v -0.3863703310489642 -5.692200183868407 -5.32705478668213
v -0.3863703310489641 -5.919812202453612 -5.574093627929688
v -0.38637033104896407 -6.136711597442626 -5.830589103698731
v -0.38637033104896407 -6.342505931854247 -6.096076774597169
v -0.386370331048964 -6.536823272705077 -6.370076942443848
v -0.38637033104896396 -6.719311237335204 -6.652093696594239
v -0.3863703310489639 -6.889640808105468 -6.941615867614747
v -0.3863703310489639 -7.047502040863036 -7.238120365142823
v -0.38637033104896384 -7.192611217498778 -7.541070270538331
v -0.38637033104896384 -7.324703693389892 -7.849917697906495
v -0.3863703310489638 -7.443542480468749 -8.164103317260743
v -0.3863703310489638 -7.5489110946655265 -8.483058977127076
v -0.38637033104896373 -7.640619277954101 -8.80620722770691
v -0.38637033104896373 -7.718501091003417 -9.132963585853577
v -0.38637033104896373 -7.782416343688964 -9.462736177444459
v -0.38637033104896373 -7.8322482109069815 -9.7949289560318
v -0.38637033104896373 -7.867906570434569 -10.128940570354462
v -0.3863703310489637 -7.889327526092528 -10.464166480302811
v -0.3863703310489637 -7.896472454071044 -10.799999986675292
v -0.3863703310489637 -7.889328002929687 -11.135833430290223
v -0.38637033104896373 -7.867906570434569 -11.471059548854829
v -0.38637033104896373 -7.832247734069823 -11.805071163177491
v -0.38637033104896373 -7.782416343688964 -12.137263584136964
v -0.38637033104896373 -7.718501567840575 -12.467036294937134
v -0.38637033104896373 -7.640619754791259 -12.793792891502381
v -0.3863703310489638 -7.5489110946655265 -13.116941261291505
v -0.3863703310489638 -7.443542480468749 -13.43589644432068
v -0.38637033104896384 -7.32470417022705 -13.750082540512086
v -0.38637033104896384 -7.19261074066162 -14.05892972946167
v -0.3863703310489639 -7.047502517700194 -14.361879634857178
v -0.3863703310489639 -6.88964033126831 -14.658384132385255
v -0.38637033104896396 -6.719311714172362 -14.94790678024292
v -0.386370331048964 -6.536823272705077 -15.229923057556153
v -0.38637033104896407 -6.342505931854247 -15.503922748565675
v -0.38637033104896407 -6.136711597442626 -15.769411373138428
v -0.3863703310489641 -5.919812202453612 -16.025906372070313
v -0.3863703310489642 -5.6922006607055655 -16.272945213317872
v -0.38637033104896423 -5.4542880058288565 -16.51008014678955
v -0.3863703310489643 -5.2065062522888175 -16.736882495880128
v -0.38637033104896434 -4.949302196502685 -16.95294075012207
v -0.3863703310489644 -4.683142185211181 -17.157865810394288
v -0.38637033104896445 -4.408507347106933 -17.35128526687622
v -0.3863703310489645 -4.125895500183105 -17.53284959793091
v -0.3863703310489646 -3.835817337036132 -17.70223026275635
v -0.3863703310489647 -3.5387976169586173 -17.859120655059815
v -0.38637033104896473 -3.235374450683593 -18.00323705673218
v -0.3863703310489648 -2.9260964393615714 -18.13431911468506
v -0.3863703310489649 -2.6115236282348624 -18.252128410339356
v -0.38637033104896495 -2.2922248840332022 -18.35645275115967
v -0.386370331048965 -1.9687782526016224 -18.44710330963135
v -0.38637033104896507 -1.6417689323425282 -18.523915576934815
v -0.3863703310489652 -1.3117884397506703 -18.586750793457032
v -0.38637033104896523 -0.979434609413146 -18.635494995117188
v -0.3863703310489653 -0.645308256149291 -18.670060443878175
v -0.3863703310489654 -0.3100138902664174 -18.690384197235108
v -0.38637033104896545 0.025840960443020925 -18.696430015563966
v -0.3863703310489655 0.3616494834423076 -18.68818645477295
v -0.3863703310489656 0.6968035101890574 -18.665668773651124
v -0.3863703310489657 1.030696749687196 -18.628917026519776
v -0.38637033104896573 1.3627243041992199 -18.577998447418214
v -0.38637033104896584 1.692286252975465 -18.51300506591797
v -0.3863703310489659 2.0187857151031503 -18.434053707122803
v -0.38637033104896595 2.341632366180421 -18.34128885269165
v -0.38637033104896606 2.66024136543274 -18.234876918792725
v -0.3863703310489661 2.97403645515442 -18.1150110244751
v -0.3863703310489662 3.282449960708619 -17.981907653808594
v -0.38637033104896623 3.584923744201661 -17.835808563232423
v -0.4000000059604653 3.6319239139556885 -3.6719477653503425
v -0.4000000059604652 3.3254847526550293 -3.5239332199096687
v -0.40000000596046514 3.0130279064178467 -3.3890851020812995
v -0.4000000059604651 2.6951189041137695 -3.267647552490235
v -0.400000005960465 2.3723325729370117 -3.159840393066407
v -0.4000000059604649 2.0452535152435303 -3.0658586502075202
v -0.40000000596046487 1.714473366737366 -2.9858730316162116
v -0.4000000059604648 1.3805904388427737 -2.9200275421142585
v -0.4000000059604647 1.0442094802856448 -2.8684409141540534
v -0.40000000596046464 0.7059389352798463 -2.831208038330079
v -0.40000000596046453 0.36639091372489935 -2.8083947181701667
v -0.4000000059604645 0.02617970667779454 -2.800042915344239
v -0.4000000059604644 -0.3140784800052642 -2.806167888641358
v -0.4000000059604643 -0.6537685394287108 -2.8267581939697273
v -0.40000000596046426 -0.9922753572463988 -2.8617766380310066
v -0.4000000059604642 -1.328987121582031 -2.911160278320313
v -0.4000000059604641 -1.6632933616638181 -2.974818992614747
v -0.40000000596046403 -1.9945900440216062 -3.052638816833497
v -0.400000005960464 -2.322277307510376 -3.1444776535034187
v -0.40000000596046387 -2.6457622051239014 -3.2501695632934577
v -0.4000000059604638 -2.9644596576690674 -3.3695238113403327
v -0.40000000596046376 -3.277792453765869 -3.5023234367370613
v -0.4000000059604637 -3.585193634033203 -3.6483295440673835
v -0.4000000059604636 -3.8861072063446045 -3.807277488708497
v -0.40000000596046353 -4.179988384246825 -3.978878784179688
v -0.4000000059604635 -4.46630573272705 -4.162823486328126
v -0.4000000059604634 -4.74454116821289 -4.3587787628173835
v -0.40000000596046337 -5.014190673828124 -4.566390323638917
v -0.4000000059604633 -5.274766445159911 -4.785281944274903
v -0.40000000596046326 -5.525797367095946 -5.015057373046876
v -0.4000000059604632 -5.766829013824462 -5.25530128479004
v -0.40000000596046315 -5.997424602508544 -5.505578327178956
v -0.4000000059604631 -6.217167854309081 -5.765436935424805
v -0.40000000596046303 -6.4256601333618155 -6.034405517578126
v -0.40000000596046303 -6.622525215148925 -6.311998176574708
v -0.400000005960463 -6.807405948638915 -6.597711849212647
v -0.4000000059604629 -6.979968070983886 -6.89103012084961
v -0.40000000596046287 -7.139899253845214 -7.191422033309937
v -0.40000000596046287 -7.286910533905028 -7.498343753814698
v -0.4000000059604628 -7.420735836029052 -7.811240243911744
v -0.4000000059604628 -7.541131973266601 -8.12954502105713
v -0.40000000596046276 -7.647882461547851 -8.452682304382325
v -0.40000000596046276 -7.740792751312255 -8.780067491531373
v -0.40000000596046276 -7.819695472717284 -9.111107754707337
v -0.4000000059604627 -7.884448528289794 -9.445203948020936
v -0.4000000059604627 -7.93493366241455 -9.781752038002015
v -0.4000000059604627 -7.971059799194335 -10.120142567157746
v -0.4000000059604627 -7.992761611938476 -10.459763634204865
v -0.4000000059604627 -7.999999999999999 -10.799999906512081
v -0.4000000059604627 -7.992761611938476 -11.140236455202103
v -0.4000000059604627 -7.971059322357177 -11.47985737323761
v -0.4000000059604627 -7.93493366241455 -11.818248081207276
v -0.4000000059604627 -7.884448528289794 -12.154796051979066
v -0.40000000596046276 -7.819695472717284 -12.488892245292664
v -0.40000000596046276 -7.740792751312255 -12.819932746887208
v -0.40000000596046276 -7.6478819847106925 -13.147317457199097
v -0.4000000059604628 -7.541131973266601 -13.470455217361451
v -0.4000000059604628 -7.420735836029052 -13.788759756088258
v -0.40000000596046287 -7.286910533905028 -14.101656007766724
v -0.40000000596046287 -7.139899253845214 -14.408578205108643
v -0.4000000059604629 -6.979968070983886 -14.708969879150391
v -0.400000005960463 -6.807405948638915 -15.002287673950196
v -0.40000000596046303 -6.622525215148925 -15.288001823425294
v -0.40000000596046303 -6.4256601333618155 -15.565594482421876
v -0.4000000059604631 -6.217167377471923 -15.834563064575196
v -0.40000000596046315 -5.997424602508544 -16.094421195983887
v -0.4000000059604632 -5.766829013824462 -16.34469871520996
v -0.40000000596046326 -5.525797367095946 -16.584942626953126
v -0.4000000059604633 -5.274766445159911 -16.814718532562257
v -0.40000000596046337 -5.014190673828124 -17.033610153198243
v -0.4000000059604634 -4.74454116821289 -17.241221237182618
v -0.4000000059604635 -4.46630573272705 -17.437176513671876
v -0.40000000596046353 -4.179988384246825 -17.621121215820313
v -0.4000000059604636 -3.8861072063446036 -17.792722511291505
v -0.4000000059604637 -3.5851936340332022 -17.951670455932618
v -0.40000000596046376 -3.277792215347289 -18.097676086425782
v -0.4000000059604638 -2.9644594192504874 -18.23047618865967
v -0.40000000596046387 -2.6457622051239005 -18.349830436706544
v -0.400000005960464 -2.322277307510375 -18.45552282333374
v -0.40000000596046403 -1.9945901632308949 -18.547361183166505
v -0.4000000059604641 -1.6632934808731068 -18.625180530548096
v -0.4000000059604642 -1.3289870023727406 -18.688839721679688
v -0.40000000596046426 -0.9922754764556875 -18.738223361968995
v -0.4000000059604643 -0.6537684798240652 -18.773241806030274
v -0.4000000059604644 -0.31407842040061845 -18.793832111358643
v -0.4000000059604645 0.026179958134890664 -18.799957084655762
v -0.40000000596046453 0.36639085412025557 -18.791605281829835
v -0.40000000596046464 0.7059389352798472 -18.76879243850708
v -0.4000000059604647 1.0442095994949352 -18.731559085845948
v -0.4000000059604648 1.3805906772613536 -18.679972457885743
v -0.40000000596046487 1.7144732475280773 -18.61412696838379
v -0.4000000059604649 2.045253515243531 -18.53414134979248
v -0.400000005960465 2.3723325729370126 -18.440159130096436
v -0.4000000059604651 2.6951186656951913 -18.332352447509766
v -0.40000000596046514 3.0130281448364267 -18.21091537475586
v -0.4000000059604652 3.32548475265503 -18.07606725692749
v -0.4000000059604653 3.6319241523742685 -17.92805223464966
v -0.3863703310489663 3.678924798965454 -3.579703617095948
v -0.3863703310489662 3.3685195446014404 -3.4297740936279304
v -0.3863703310489661 3.0520195960998535 -3.2931802749633796
v -0.38637033104896606 2.7299964427948 -3.1701710700988777
v -0.386370331048966 2.4030327796936035 -3.0609696388244636
v -0.3863703310489659 2.071721076965332 -2.9657714843750007
v -0.38637033104896584 1.7366600036621096 -2.8847511291503913
v -0.3863703310489658 1.3984565734863283 -2.818053054809571
v -0.3863703310489657 1.0577226877212527 -2.7657993316650398
v -0.3863703310489656 0.7150745391845704 -2.7280834197998054
v -0.3863703310489655 0.37113249301910406 -2.704975891113282
v -0.38637033104896545 0.026518644765019497 -2.696515846252442
v -0.3863703310489654 -0.3181429803371429 -2.702720451354981
v -0.3863703310489653 -0.6622291803359984 -2.7235763549804695
v -0.38637033104896523 -1.0051167011260984 -2.7590482711792
v -0.3863703310489652 -1.3461854457855222 -2.809071350097657
v -0.38637033104896507 -1.6848182678222654 -2.8735540390014656
v -0.386370331048965 -2.020401954650879 -2.9523804664611824
v -0.38637033104896495 -2.352329969406128 -3.0454075813293464
v -0.38637033104896484 -2.6800012588500977 -3.1524675369262702
v -0.3863703310489648 -3.0028223991394043 -3.273366260528565
v -0.38637033104896473 -3.3202097415924072 -3.407884883880616
v -0.3863703310489646 -3.631589412689209 -3.555780696868897
v -0.38637033104896457 -3.936396837234497 -3.7167847633361824
v -0.3863703310489645 -4.234081745147704 -3.8906066894531257
v -0.38637033104896445 -4.524104118347167 -4.076932239532471
v -0.3863703310489644 -4.805940151214599 -4.2754233360290534
v -0.38637033104896434 -5.079079151153564 -4.485721397399903
v -0.3863703310489643 -5.343027114868163 -4.707445430755616
v -0.38637033104896423 -5.597306251525878 -4.940194416046143
v -0.3863703310489642 -5.8414568901062 -5.183547306060792
v -0.3863703310489641 -6.075037002563476 -5.43706398010254
v -0.38637033104896407 -6.297623634338378 -5.70028476715088
v -0.386370331048964 -6.508814811706542 -5.972734260559083
v -0.38637033104896396 -6.7082271575927725 -6.253918933868409
v -0.3863703310489639 -6.895500659942626 -6.543330001831055
v -0.3863703310489639 -7.070295810699462 -6.840444135665894
v -0.38637033104896384 -7.232296466827392 -7.144723463058472
v -0.3863703310489638 -7.381209850311278 -7.455617237091065
v -0.3863703310489638 -7.516766548156737 -7.772563028335572
v -0.38637033104896373 -7.638720989227294 -8.094986963272095
v -0.38637033104896373 -7.7468528747558585 -8.422305870056153
v -0.38637033104896373 -7.840966224670409 -8.753927516937257
v -0.3863703310489637 -7.9208898544311515 -9.089251923561097
v -0.3863703310489637 -7.986480712890624 -9.427671599388123
v -0.3863703310489637 -8.037619590759277 -9.768574762344361
v -0.3863703310489637 -8.074213027954102 -10.11134456396103
v -0.3863703310489637 -8.096196174621582 -10.455360341072083
v -0.3863703310489637 -8.103528022766113 -10.800000038781377
v -0.3863703310489637 -8.096195220947266 -11.144639509916306
v -0.3863703310489637 -8.074213027954102 -11.488655555248261
v -0.3863703310489637 -8.037619590759277 -11.83142511844635
v -0.3863703310489637 -7.986480712890624 -12.172328281402589
v -0.3863703310489637 -7.92089033126831 -12.510748434066773
v -0.38637033104896373 -7.840966224670409 -12.846072483062745
v -0.38637033104896373 -7.746853351593017 -13.17769389152527
v -0.38637033104896373 -7.638721466064452 -13.505013275146485
v -0.3863703310489638 -7.516766548156737 -13.82743697166443
v -0.3863703310489638 -7.381210327148437 -14.144383001327515
v -0.38637033104896384 -7.232296466827392 -14.455276775360108
v -0.3863703310489639 -7.070295333862304 -14.759555625915528
v -0.3863703310489639 -6.895500183105468 -15.056669521331788
v -0.38637033104896396 -6.7082271575927725 -15.346081066131593
v -0.386370331048964 -6.508814811706542 -15.627265739440919
v -0.38637033104896407 -6.297623634338378 -15.899715232849122
v -0.3863703310489641 -6.075037002563476 -16.16293601989746
v -0.3863703310489642 -5.8414568901062 -16.41645269393921
v -0.38637033104896423 -5.597306728363036 -16.659805583953858
v -0.3863703310489643 -5.343027114868163 -16.892554569244385
v -0.38637033104896434 -5.079079151153564 -17.1142786026001
v -0.3863703310489644 -4.805940151214599 -17.324577140808106
v -0.38637033104896445 -4.524104118347167 -17.523068237304688
v -0.3863703310489645 -4.234081745147704 -17.709393310546876
v -0.38637033104896457 -3.9363970756530753 -17.88321523666382
v -0.3863703310489646 -3.631589651107787 -18.04422025680542
v -0.38637033104896473 -3.3202097415924063 -18.192114639282227
v -0.3863703310489648 -3.0028221607208243 -18.326633739471436
v -0.38637033104896484 -2.6800012588500968 -18.44753293991089
v -0.38637033104896495 -2.352329969406127 -18.554592418670655
v -0.386370331048965 -2.020401954650878 -18.64761953353882
v -0.38637033104896507 -1.6848180294036854 -18.726445960998536
v -0.3863703310489652 -1.3461854457855214 -18.790929126739503
v -0.38637033104896523 -1.005116581916808 -18.8409517288208
v -0.3863703310489653 -0.6622289419174184 -18.876422691345216
v -0.3863703310489654 -0.3181429505348195 -18.897280502319337
v -0.38637033104896545 0.02651874162256825 -18.90348415374756
v -0.3863703310489655 0.37113222479820357 -18.89502410888672
v -0.3863703310489656 0.7150744795799265 -18.87191562652588
v -0.3863703310489657 1.057722568511964 -18.83420066833496
v -0.3863703310489658 1.3984564542770397 -18.78194694519043
v -0.38637033104896584 1.7366600036621105 -18.71524934768677
v -0.3863703310489659 2.071721076965333 -18.634228515625
v -0.386370331048966 2.4030330181121835 -18.539030361175538
v -0.38637033104896606 2.7299962043762216 -18.429828453063966
v -0.3863703310489661 3.0520193576812753 -18.306819248199464
v -0.3863703310489662 3.3685200214385995 -18.17022590637207
v -0.3863703310489663 3.678924560546876 -18.020295906066895
v -0.3464101552963265 3.722722053527832 -3.4937465667724616
v -0.34641015529632646 3.4086222648620605 -3.342030811309815
v -0.34641015529632635 3.0883538722991943 -3.20381145477295
v -0.3464101552963263 2.7624964714050293 -3.0793388366699226
v -0.34641015529632624 2.431641101837158 -2.968836116790772
v -0.3464101552963261 2.0963847637176514 -2.872505474090577
v -0.34641015529632607 1.7573349475860598 -2.790519523620606
v -0.346410155296326 1.4151051044464114 -2.723027992248536
v -0.3464101552963259 1.0703146457672121 -2.6701524734497077
v -0.34641015529632585 0.7235875725746155 -2.631987380981446
v -0.3464101552963258 0.37555062770843517 -2.608604240417481
v -0.3464101552963257 0.026834519580006683 -2.6000440597534187
v -0.34641015529632563 -0.3219306766986846 -2.606322097778321
v -0.3464101552963255 -0.6701127886772156 -2.6274269104003913
v -0.34641015529632546 -1.0170824527740476 -2.6633213043212898
v -0.3464101552963254 -1.3622115850448606 -2.7139394760131843
v -0.3464101552963253 -1.704875826835632 -2.7791898727417
v -0.34641015529632524 -2.044455051422119 -2.8589542388916023
v -0.34641015529632513 -2.3803343772888184 -2.9530895233154304
v -0.3464101552963251 -2.7119064331054688 -3.061423587799073
v -0.346410155296325 -3.0385708808898926 -3.183761882781983
v -0.34641015529632496 -3.359736919403076 -3.31988172531128
v -0.34641015529632485 -3.67482328414917 -3.469538021087647
v -0.3464101552963248 -3.983259916305542 -3.632459449768067
v -0.34641015529632474 -4.2844882011413565 -3.808350849151612
v -0.3464101552963247 -4.5779638290405265 -3.9968936920166023
v -0.34641015529632463 -4.863154411315917 -4.197748470306397
v -0.3464101552963245 -5.139545440673827 -4.410549449920655
v -0.34641015529632446 -5.406635761260985 -4.634913730621339
v -0.3464101552963244 -5.663942337036132 -4.870433616638184
v -0.34641015529632435 -5.91099977493286 -5.116683292388917
v -0.3464101552963243 -6.147360324859618 -5.373217868804932
v -0.3464101552963243 -6.372596740722655 -5.639572906494141
v -0.34641015529632424 -6.586301326751708 -5.915265846252442
v -0.3464101552963242 -6.788087844848632 -6.199797916412354
v -0.34641015529632413 -6.977591037750243 -6.4926546096801765
v -0.3464101552963241 -7.154467105865478 -6.793305683135987
v -0.3464101552963241 -7.318396568298339 -7.101207542419434
v -0.346410155296324 -7.469083309173583 -7.415802288055421
v -0.346410155296324 -7.6062536239624015 -7.736521530151368
v -0.34641015529632396 -7.729660034179687 -8.062784004211426
v -0.34641015529632396 -7.839078903198241 -8.39399962425232
v -0.3464101552963239 -7.934312820434569 -8.729569005966187
v -0.3464101552963239 -8.015188217163086 -9.068885254859925
v -0.3464101552963239 -8.081559181213379 -9.411334085464478
v -0.34641015529632385 -8.133306503295898 -9.756295728683472
v -0.34641015529632385 -8.170336723327637 -10.10314600467682
v -0.34641015529632385 -8.192581176757812 -10.451257514953614
v -0.34641015529632385 -8.199999809265137 -10.799999990058469
v -0.34641015529632385 -8.192580223083496 -11.14874251484871
v -0.34641015529632385 -8.170336723327637 -11.496853756904603
v -0.34641015529632385 -8.133306503295898 -11.84370403289795
v -0.3464101552963239 -8.081559181213379 -12.188666272163392
v -0.3464101552963239 -8.015188217163086 -12.531114864349366
v -0.3464101552963239 -7.934312343597411 -12.870430994033814
v -0.34641015529632396 -7.839078903198241 -13.206000375747681
v -0.34641015529632396 -7.729660034179687 -13.537216472625733
v -0.346410155296324 -7.60625410079956 -13.863478469848634
v -0.346410155296324 -7.469083309173583 -14.18419771194458
v -0.3464101552963241 -7.318397045135497 -14.498792695999146
v -0.3464101552963241 -7.154467105865478 -14.806694316864014
v -0.34641015529632413 -6.977591037750243 -15.107345390319825
v -0.3464101552963242 -6.78808832168579 -15.400202083587647
v -0.34641015529632424 -6.586301803588866 -15.684734630584718
v -0.3464101552963243 -6.372596740722655 -15.96042709350586
v -0.3464101552963243 -6.147360324859618 -16.22678165435791
v -0.34641015529632435 -5.910999298095702 -16.483316230773926
v -0.3464101552963244 -5.663942337036132 -16.729566383361817
v -0.34641015529632446 -5.406635761260985 -16.965086269378663
v -0.3464101552963245 -5.139545440673827 -17.189450073242188
v -0.34641015529632463 -4.863154411315917 -17.402251529693604
v -0.3464101552963247 -4.5779638290405265 -17.6031063079834
v -0.34641015529632474 -4.2844882011413565 -17.79164915084839
v -0.3464101552963248 -3.983259916305541 -17.967541027069093
v -0.34641015529632485 -3.674823284149169 -18.130461978912354
v -0.34641015529632496 -3.3597369194030753 -18.280117797851563
v -0.346410155296325 -3.038571119308471 -18.416238594055176
v -0.3464101552963251 -2.711906433105468 -18.53857641220093
v -0.34641015529632513 -2.3803343772888175 -18.64691095352173
v -0.34641015529632524 -2.0444550514221183 -18.7410457611084
v -0.3464101552963253 -1.7048759460449208 -18.8208101272583
v -0.3464101552963254 -1.3622115850448597 -18.886060523986817
v -0.34641015529632546 -1.0170824527740467 -18.93667869567871
v -0.3464101552963255 -0.6701126694679249 -18.97257308959961
v -0.34641015529632563 -0.32193046808242687 -18.99367790222168
v -0.3464101552963257 0.026834527030588286 -18.999955940246583
v -0.3464101552963258 0.37555071711540333 -18.99139575958252
v -0.34641015529632585 0.723587453365327 -18.96801166534424
v -0.3464101552963259 1.0703147649765026 -18.92984848022461
v -0.346410155296326 1.4151053428649913 -18.876972007751466
v -0.34641015529632607 1.7573351860046398 -18.809480476379395
v -0.3464101552963261 2.0963850021362314 -18.727494525909425
v -0.34641015529632624 2.431641101837159 -18.63116340637207
v -0.3464101552963263 2.76249647140503 -18.52066116333008
v -0.34641015529632635 3.088353395462037 -18.396188068389893
v -0.34641015529632646 3.4086217880249032 -18.257968711853028
v -0.3464101552963265 3.722722053527833 -18.10625343322754
v -0.28284272551536643 3.760331869125366 -3.4199331283569343
v -0.2828427255153664 3.443058490753174 -3.266684818267823
v -0.28284272551536627 3.1195545196533203 -3.127069759368897
v -0.2828427255153662 2.790405750274658 -3.0013382911682136
v -0.28284272551536616 2.456207275390625 -2.889719772338868
v -0.28284272551536604 2.1175639629364014 -2.792415428161622
v -0.282842725515366 1.7750890254974367 -2.7096021652221687
v -0.28284272551536593 1.4294016361236574 -2.641428756713868
v -0.2828427255153658 1.0811278820037844 -2.588018226623536
v -0.28284272551536577 0.730897843837738 -2.549467849731446
v -0.2828427255153657 0.37934482097625744 -2.5258481979370124
v -0.2828427255153656 0.027105571702122782 -2.517201232910157
v -0.28284272551536555 -0.32518306374549855 -2.5235431671142585
v -0.28284272551536543 -0.6768829226493835 -2.544861602783204
v -0.2828427255153654 -1.0273580551147459 -2.5811183929443366
v -0.28284272551536527 -1.3759737014770506 -2.632247734069825
v -0.2828427255153652 -1.7220996618270872 -2.6981571197509773
v -0.28284272551536516 -2.0651097297668457 -2.7787282943725593
v -0.28284272551536505 -2.4043822288513184 -2.8738139152526863
v -0.282842725515365 -2.7393040657043457 -2.983242797851563
v -0.28284272551536493 -3.0692689418792725 -3.106817054748536
v -0.2828427255153648 -3.393679618835449 -3.2443116188049324
v -0.28284272551536477 -3.711949586868286 -3.3954799652099616
v -0.2828427255153647 -4.0235018730163565 -3.5600469589233406
v -0.28284272551536466 -4.327773571014403 -3.7377155303955085
v -0.2828427255153646 -4.624213695526122 -3.9281638145446784
v -0.2828427255153645 -4.912285804748534 -4.1310470581054695
v -0.28284272551536443 -5.191468715667724 -4.345998573303223
v -0.2828427255153644 -5.461257457733153 -4.572629261016846
v -0.2828427255153643 -5.721163749694823 -4.810528564453126
v -0.28284272551536427 -5.970716953277587 -5.059266376495362
v -0.2828427255153642 -6.209465503692626 -5.31839303970337
v -0.28284272551536416 -6.436977863311767 -5.587438392639161
v -0.2828427255153641 -6.652841567993163 -5.865916538238526
v -0.2828427255153641 -6.856666564941405 -6.153323459625245
v -0.28284272551536405 -7.048083782196044 -6.449138450622559
v -0.282842725515364 -7.226747035980224 -6.752826976776124
v -0.28284272551536394 -7.392333507537841 -7.06383924484253
v -0.28284272551536394 -7.544542312622069 -7.381612348556519
v -0.2828427255153639 -7.683097839355468 -7.705571699142457
v -0.2828427255153639 -7.807751178741454 -8.035130310058594
v -0.2828427255153638 -7.918275833129882 -8.369692134857178
v -0.2828427255153638 -8.014471054077148 -8.708652067184449
v -0.2828427255153638 -8.096163749694824 -9.05139594078064
v -0.28284272551536377 -8.163206100463867 -9.397304821014405
v -0.28284272551536377 -8.215476036071777 -9.745751667022706
v -0.28284272551536377 -8.25287914276123 -10.096105980873109
v -0.28284272551536377 -8.275348663330078 -10.44773428440094
v -0.28284272551536377 -8.282842636108398 -10.799999981335633
v -0.28284272551536377 -8.275348663330078 -11.152265805006028
v -0.28284272551536377 -8.25287914276123 -11.503893840312958
v -0.28284272551536377 -8.215476036071777 -11.854248452186585
v -0.28284272551536377 -8.163206100463867 -12.202695417404176
v -0.2828427255153638 -8.096163749694824 -12.548603701591492
v -0.2828427255153638 -8.014471054077148 -12.891347932815552
v -0.2828427255153638 -7.918275833129882 -13.230307865142823
v -0.2828427255153639 -7.807751655578612 -13.564869928359986
v -0.2828427255153639 -7.683097839355468 -13.894428300857545
v -0.28284272551536394 -7.544541835784911 -14.218387413024903
v -0.28284272551536394 -7.392333030700683 -14.536160516738892
v -0.282842725515364 -7.226747035980224 -14.847173023223878
v -0.28284272551536405 -7.048083782196044 -15.150861549377442
v -0.2828427255153641 -6.856666564941405 -15.446677017211915
v -0.2828427255153641 -6.652841567993163 -15.734083461761475
v -0.28284272551536416 -6.436977863311767 -16.012562084198
v -0.2828427255153642 -6.209465503692626 -16.28160743713379
v -0.28284272551536427 -5.970716953277587 -16.54073362350464
v -0.2828427255153643 -5.721163749694823 -16.789471435546876
v -0.2828427255153644 -5.461257934570312 -17.027371215820313
v -0.28284272551536443 -5.191469192504882 -17.254001426696778
v -0.2828427255153645 -4.912285804748534 -17.468952941894532
v -0.2828427255153646 -4.624213218688964 -17.671835708618165
v -0.28284272551536466 -4.327773571014403 -17.86228494644165
v -0.2828427255153647 -4.023501396179198 -18.039952564239503
v -0.28284272551536477 -3.711949348449706 -18.20452003479004
v -0.2828427255153648 -3.3936796188354483 -18.35568790435791
v -0.28284272551536493 -3.0692689418792716 -18.493183422088624
v -0.282842725515365 -2.739304065704345 -18.616757202148438
v -0.28284272551536505 -2.4043824672698966 -18.726186561584473
v -0.28284272551536516 -2.065109729766845 -18.82127265930176
v -0.2828427255153652 -1.7220997810363758 -18.901841926574708
v -0.28284272551536527 -1.3759737014770497 -18.967752265930176
v -0.2828427255153654 -1.0273576974868763 -19.018881607055665
v -0.28284272551536543 -0.6768826842308033 -19.055138397216798
v -0.28284272551536555 -0.32518276572227367 -19.076456832885743
v -0.2828427255153656 0.027105567976833497 -19.082797813415528
v -0.2828427255153657 0.37934476137161366 -19.074150848388673
v -0.28284272551536577 0.7308979034423839 -19.050532150268555
v -0.2828427255153658 1.0811281204223644 -19.011981773376466
v -0.28284272551536593 1.4294018745422374 -18.958571243286134
v -0.282842725515366 1.7750892639160167 -18.890397834777833
v -0.28284272551536604 2.1175639629364023 -18.80758457183838
v -0.28284272551536616 2.456207513809205 -18.710280227661134
v -0.2828427255153662 2.790405750274659 -18.59866123199463
v -0.28284272551536627 3.119554519653321 -18.472930240631104
v -0.2828427255153664 3.443058729171754 -18.33331470489502
v -0.28284272551536643 3.760332107543946 -18.180066871643067
v -0.20000000298023307 3.7891907691955566 -3.363294410705567
v -0.20000000298023302 3.469482660293579 -3.2088697433471687
v -0.20000000298023293 3.143495798110962 -3.0681832313537605
v -0.20000000298023285 2.8118209838867188 -2.941487121582032
v -0.2000000029802328 2.475057601928711 -2.8290122032165534
v -0.2000000029802327 2.1338155269622803 -2.730960655212403
v -0.20000000298023263 1.7887122631073 -2.647511291503907
v -0.20000000298023257 1.440371870994568 -2.578814315795899
v -0.2000000029802325 1.0894250869750979 -2.524994659423829
v -0.2000000029802324 0.7365068793296815 -2.486148643493653
v -0.20000000298023232 0.38225629925727855 -2.4623477935791023
v -0.20000000298023224 0.02731346525251876 -2.4536340713500984
v -0.20000000298023216 -0.3276785314083098 -2.4600246429443366
v -0.2000000029802321 -0.6820775270462035 -2.4815061569213874
v -0.20000000298023202 -1.035242438316345 -2.518041419982911
v -0.20000000298023193 -1.386533737182617 -2.5695636749267585
v -0.20000000298023185 -1.7353163957595823 -2.635978507995606
v -0.20000000298023177 -2.080958366394043 -2.7171676635742195
v -0.2000000029802317 -2.422835111618042 -2.8129837989807136
v -0.20000000298023163 -2.760327100753784 -2.9232523918151863
v -0.20000000298023154 -3.0928242206573486 -3.0477746009826667
v -0.2000000029802315 -3.419724941253662 -3.186325359344483
v -0.2000000029802314 -3.7404370307922363 -3.3386533737182624
v -0.20000000298023135 -4.054380416870117 -3.504483032226563
v -0.20000000298023127 -4.360987663269042 -3.683515357971192
v -0.2000000029802312 -4.659702777862548 -3.875425624847413
v -0.20000000298023113 -4.94998550415039 -4.079865741729737
v -0.20000000298023107 -5.231311321258544 -4.296467113494874
v -0.20000000298023102 -5.503170490264892 -4.524836349487305
v -0.20000000298023096 -5.765071392059325 -4.764561939239503
v -0.2000000029802309 -6.016540050506591 -5.015208530426026
v -0.20000000298023085 -6.257121086120605 -5.276323604583741
v -0.2000000029802308 -6.486379146575927 -5.5474336624145515
v -0.20000000298023074 -6.703899383544921 -5.828049468994141
v -0.2000000029802307 -6.909288883209228 -6.1176617622375495
v -0.20000000298023066 -7.102175712585448 -6.415747451782227
v -0.20000000298023063 -7.282209396362304 -6.7217667579650895
v -0.20000000298023057 -7.449066638946532 -7.0351655960083015
v -0.20000000298023055 -7.6024432182312 -7.3553777217865
v -0.20000000298023052 -7.742063045501708 -7.681823062896729
v -0.2000000029802305 -7.867672443389892 -8.013911056518555
v -0.20000000298023046 -7.979045391082763 -8.351040649414063
v -0.20000000298023043 -8.075979232788086 -8.692601728439332
v -0.20000000298023043 -8.15829849243164 -9.03797631263733
v -0.2000000029802304 -8.225854873657227 -9.386539506912232
v -0.2000000029802304 -8.278526306152344 -9.737660694122315
v -0.20000000298023038 -8.316217422485352 -10.090703892707825
v -0.20000000298023038 -8.338858604431152 -10.44503088593483
v -0.20000000298023038 -8.346410751342773 -10.800000005800891
v -0.20000000298023038 -8.338858604431152 -11.154969054460526
v -0.20000000298023038 -8.316216468811035 -11.509296047687531
v -0.2000000029802304 -8.278526306152344 -11.862339425086976
v -0.2000000029802304 -8.225854873657227 -12.21346049308777
v -0.20000000298023043 -8.15829849243164 -12.562023568153382
v -0.20000000298023043 -8.075979232788086 -12.90739803314209
v -0.20000000298023046 -7.979044914245605 -13.248959589004517
v -0.2000000029802305 -7.86767292022705 -13.586088943481446
v -0.20000000298023052 -7.742063045501708 -13.918176937103272
v -0.20000000298023055 -7.6024432182312 -14.24462251663208
v -0.20000000298023057 -7.449066162109374 -14.56483416557312
v -0.20000000298023063 -7.282209873199462 -14.878233242034913
v -0.20000000298023066 -7.10217523574829 -15.184252548217774
v -0.2000000029802307 -6.909288883209228 -15.482338237762452
v -0.20000000298023074 -6.703899860382079 -15.771951007843018
v -0.2000000029802308 -6.486379146575927 -16.05256586074829
v -0.20000000298023085 -6.257121086120605 -16.32367639541626
v -0.2000000029802309 -6.016540050506591 -16.584791469573975
v -0.20000000298023096 -5.765071392059325 -16.835438537597657
v -0.20000000298023102 -5.503170490264892 -17.075163173675538
v -0.20000000298023107 -5.231311321258544 -17.303532886505128
v -0.20000000298023113 -4.94998550415039 -17.520134258270264
v -0.2000000029802312 -4.659702777862548 -17.724574851989747
v -0.20000000298023127 -4.360987186431884 -17.91648416519165
v -0.20000000298023135 -4.054380893707274 -18.095516967773438
v -0.2000000029802314 -3.7404370307922354 -18.26134662628174
v -0.2000000029802315 -3.419724702835082 -18.41367464065552
v -0.20000000298023154 -3.092824459075927 -18.552225875854493
v -0.20000000298023163 -2.7603271007537833 -18.676747608184815
v -0.2000000029802317 -2.422834873199462 -18.787016677856446
v -0.20000000298023177 -2.080958366394042 -18.882831382751466
v -0.20000000298023185 -1.7353160381317128 -18.96402053833008
v -0.20000000298023193 -1.386533737182616 -19.030436325073243
v -0.20000000298023202 -1.035242438316344 -19.08195858001709
v -0.2000000029802321 -0.6820776462554919 -19.118492889404298
v -0.20000000298023216 -0.32767850160598644 -19.139975357055665
v -0.20000000298023224 0.02731351926922911 -19.146364974975587
v -0.20000000298023232 0.3822564184665691 -19.1376522064209
v -0.2000000029802324 0.7365071177482617 -19.11385135650635
v -0.2000000029802325 1.0894253253936779 -19.075005340576173
v -0.20000000298023257 1.4403719902038585 -19.021185684204102
v -0.20000000298023263 1.7887121438980114 -18.952488708496094
v -0.2000000029802327 2.133815526962281 -18.8690393447876
v -0.2000000029802328 2.4750573635101327 -18.770988273620606
v -0.20000000298023285 2.8118209838867196 -18.65851287841797
v -0.20000000298023293 3.143496036529542 -18.5318172454834
v -0.20000000298023302 3.46948266029358 -18.391129779815675
v -0.20000000298023307 3.7891907691955575 -18.236705589294434
v -0.1035276204347619 3.8073325157165527 -3.3276889801025398
v -0.10352762043476182 3.486093521118164 -3.172526168823243
v -0.10352762043476176 3.158545970916748 -3.0311654090881355
v -0.10352762043476167 2.8252828121185303 -2.903863239288331
v -0.1035276204347616 2.4869072437286377 -2.7908494949340827
v -0.10352762043476152 2.144031524658203 -2.6923282623291023
v -0.10352762043476145 1.79727578163147 -2.6084802627563484
v -0.10352762043476137 1.4472678899765017 -2.5394542694091804
v -0.1035276204347613 1.0946409702301028 -2.485376167297364
v -0.10352762043476121 0.7400332093238832 -2.446344184875489
v -0.10352762043476113 0.3840862214565279 -2.422429847717286
v -0.10352762043476105 0.02744429744780076 -2.41367416381836
v -0.10352762043476098 -0.32924735546112044 -2.4200952529907234
v -0.1035276204347609 -0.6853429675102233 -2.441679763793946
v -0.10352762043476081 -1.0401988029479978 -2.478389549255372
v -0.10352762043476074 -1.3931723833084104 -2.5301588058471687
v -0.10352762043476066 -1.743624448776245 -2.596892166137696
v -0.10352762043476059 -2.090921401977539 -2.6784694671630866
v -0.1035276204347605 -2.434434652328491 -2.774743843078614
v -0.10352762043476044 -2.773542642593384 -2.8855407714843757
v -0.10352762043476035 -3.1076321601867676 -3.01065902709961
v -0.10352762043476028 -3.4360976219177246 -3.149873065948487
v -0.10352762043476021 -3.758345127105713 -3.302930641174317
v -0.10352762043476015 -4.07379150390625 -3.4695547103881843
v -0.10352762043476008 -4.381866455078124 -3.6494439125061042
v -0.10352762043476 -4.682012081146239 -3.842272567749024
v -0.10352762043475994 -4.973684787750243 -4.047691631317139
v -0.10352762043475988 -5.256357669830321 -4.26532964706421
v -0.10352762043475983 -5.529518127441405 -4.494792747497559
v -0.10352762043475976 -5.792672634124755 -4.7356660842895515
v -0.1035276204347597 -6.0453453063964835 -4.987512397766114
v -0.10352762043475965 -6.287078380584716 -5.249877738952637
v -0.1035276204347596 -6.517433643341064 -5.522286224365235
v -0.10352762043475955 -6.7359957695007315 -5.804245281219483
v -0.1035276204347595 -6.942368984222411 -6.095244216918946
v -0.10352762043475947 -7.136178493499755 -6.3947566032409675
v -0.10352762043475942 -7.3170747756958 -6.702241230010988
v -0.10352762043475938 -7.48473024368286 -7.017140674591065
v -0.10352762043475935 -7.638841152191161 -7.3388860702514656
v -0.10352762043475933 -7.779129981994628 -7.666894006729127
v -0.1035276204347593 -7.905340671539306 -8.000572013854981
v -0.10352762043475927 -8.01724624633789 -8.339315938949586
v -0.10352762043475924 -8.114645004272461 -8.682512092590333
v -0.10352762043475923 -8.197358131408691 -9.0295401096344
v -0.10352762043475922 -8.265237808227539 -9.379772591590882
v -0.1035276204347592 -8.318161010742188 -9.732574391365052
v -0.10352762043475919 -8.356032371520996 -10.087308156490327
v -0.10352762043475919 -8.378782272338867 -10.443331408500672
v -0.10352762043475919 -8.386370658874512 -10.800000113604927
v -0.10352762043475919 -8.378782272338867 -11.156668651103974
v -0.10352762043475919 -8.356032371520996 -11.512692022323609
v -0.1035276204347592 -8.318161964416504 -11.86742548942566
v -0.10352762043475922 -8.265237808227539 -12.220227766036988
v -0.10352762043475923 -8.197358131408691 -12.570459413528443
v -0.10352762043475924 -8.114644050598145 -12.91748766899109
v -0.10352762043475927 -8.01724624633789 -13.260684537887574
v -0.1035276204347593 -7.905340671539306 -13.59942798614502
v -0.10352762043475933 -7.77912950515747 -13.933105754852296
v -0.10352762043475935 -7.638841629028319 -14.261113929748536
v -0.10352762043475938 -7.48473024368286 -14.582859086990357
v -0.10352762043475942 -7.3170747756958 -14.897758293151856
v -0.10352762043475947 -7.136178016662597 -15.205242919921876
v -0.1035276204347595 -6.942368507385253 -15.504755783081055
v -0.10352762043475955 -6.7359957695007315 -15.795755195617676
v -0.1035276204347596 -6.517434120178222 -16.077713775634766
v -0.10352762043475965 -6.287077903747558 -16.350122261047364
v -0.1035276204347597 -6.0453453063964835 -16.61248712539673
v -0.10352762043475976 -5.792672634124755 -16.86433391571045
v -0.10352762043475983 -5.529518127441405 -17.105206775665284
v -0.10352762043475988 -5.256357192993163 -17.334669876098634
v -0.10352762043475994 -4.973684787750243 -17.55230884552002
v -0.10352762043476 -4.682011604309081 -17.757727432250977
v -0.10352762043476008 -4.381866455078124 -17.95055561065674
v -0.10352762043476015 -4.073791980743406 -18.130445766448975
v -0.10352762043476021 -3.758344888687133 -18.297069358825684
v -0.10352762043476028 -3.4360973834991446 -18.450126934051514
v -0.10352762043476035 -3.1076316833496085 -18.589340496063233
v -0.10352762043476044 -2.773542881011962 -18.714459228515626
v -0.1035276204347605 -2.4344348907470694 -18.825256156921387
v -0.10352762043476059 -2.090921163558959 -18.9215295791626
v -0.10352762043476066 -1.7436245679855336 -19.003107833862305
v -0.10352762043476074 -1.39317226409912 -19.06984214782715
v -0.10352762043476081 -1.040199041366576 -19.12161045074463
v -0.1035276204347609 -0.6853431463241565 -19.158320236206055
v -0.10352762043476098 -0.32924729585647466 -19.179904747009278
v -0.10352762043476105 0.027444349601865967 -19.18632583618164
v -0.10352762043476113 0.3840863406658184 -19.177570152282716
v -0.10352762043476121 0.740033268928529 -19.153655815124512
v -0.1035276204347613 1.0946409702301036 -19.114623832702637
v -0.10352762043476137 1.4472681283950817 -19.06054573059082
v -0.10352762043476145 1.7972761392593395 -18.99152069091797
v -0.10352762043476152 2.144031524658204 -18.907670783996583
v -0.1035276204347616 2.4869074821472177 -18.809151458740235
v -0.10352762043476167 2.8252830505371103 -18.69613723754883
v -0.10352762043476176 3.158546209335328 -18.568834590911866
v -0.10352762043476182 3.486093282699586 -18.42747383117676
v -0.1035276204347619 3.8073325157165536 -18.272310543060303
v -9.447432733003225e-16 3.8135199546813965 -3.315545368194581
v -8.732980029631128e-16 3.4917590618133545 -3.1601298332214363
v -8.004496754883355e-16 3.163679361343384 -3.018539237976075
v -7.263301633179664e-16 2.8298747539520264 -2.891029644012452
v -6.510736152950268e-16 2.4909493923187256 -2.7778318405151374
v -5.748161390262286e-16 2.1475162506103516 -2.679151344299317
v -4.97695747942415e-16 1.8001968860626223 -2.595166969299317
v -4.1985204366120556e-16 1.4496200084686282 -2.526028442382813
v -3.4142587187986073e-16 1.096419930458069 -2.4718626022338874
v -2.6255920326127426e-16 0.7412360310554506 -2.4327676773071296
v -1.833946437430503e-16 0.3847105503082277 -2.408814239501954
v -1.0407550484785548e-16 0.027488905936479718 -2.4000452041625984
v -2.474537272231984e-17 -0.3297822475433348 -2.4064758300781257
v 5.445235342974505e-17 -0.6864570975303649 -2.4280956268310554
v 1.3337421153880106e-16 -1.0418895483016966 -2.4648654937744148
v 2.1187738390900722e-16 -1.3954364061355589 -2.516717720031739
v 2.8981984693791064e-16 -1.746458053588867 -2.5835597991943366
v 3.670606755189119e-16 -2.0943198204040527 -2.665270614624024
v 4.4345987098769757e-16 -2.4383912086486816 -2.761701393127442
v 5.188793669738653e-16 -2.778050422668457 -2.872677612304688
v 5.931825794146702e-16 -3.112682342529297 -2.9979994773864753
v 6.662351477088541e-16 -3.4416818618774414 -3.1374400138854988
v 7.379047758979678e-16 -3.764453172683716 -3.2907460212707527
v 8.080618150015221e-16 -4.0804123878479 -3.4576414108276374
v 8.765793688961066e-16 -4.388988018035888 -3.6378224372863777
v 9.433334001945075e-16 -4.689621448516845 -3.8309648513793952
v 1.0082029949435045e-15 -4.981768131256103 -4.036717700958253
v 1.0710709449590211e-15 -5.26490020751953 -4.25470952987671
v 1.1318233243096518e-15 -5.5385046005249015 -4.484545516967774
v 1.1903503363496085e-15 -5.802086830139159 -4.725810337066651
v 1.2465461019604846e-15 -6.055170059204101 -4.97806625366211
v 1.3003087654303728e-15 -6.297295570373534 -5.240857887268067
v 1.3515413414868123e-15 -6.528026580810546 -5.513708400726319
v 1.4001505506264869e-15 -6.746942996978759 -5.7961261749267585
v 1.4460490425767109e-15 -6.953651428222655 -6.087597656250001
v 1.4891534904712982e-15 -7.14777660369873 -6.387597370147706
v 1.5293857555208645e-15 -7.328966617584228 -6.695581245422365
v 1.5666732046501829e-15 -7.496894359588622 -7.010993051528931
v 1.6009483928608281e-15 -7.651256084442138 -7.333260822296143
v 1.6321493808685323e-15 -7.791772842407226 -7.661802101135255
v 1.6602192057075926e-15 -7.9181880950927725 -7.996022510528565
v 1.6851077865550025e-15 -8.03027629852295 -8.335316467285157
v 1.7067695953898472e-15 -8.127832412719727 -8.67907099723816
v 1.725165456938316e-15 -8.21068000793457 -9.026663112640382
v 1.7402623369154663e-15 -8.278670310974121 -9.37746422290802
v 1.7520329185087488e-15 -8.331680297851562 -9.73083941936493
v 1.7604556023780088e-15 -8.369612693786621 -10.086149680614472
v 1.7655153536884324e-15 -8.392399787902832 -10.442751634120942
v 1.7672028550775997e-15 -8.399999618530273 -10.800000073604853
v 1.7655153536884324e-15 -8.392399787902832 -11.157248336076737
v 1.7604556023780088e-15 -8.369612693786621 -11.51385031938553
v 1.7520329185087488e-15 -8.331680297851562 -11.869160461425782
v 1.740262548673703e-15 -8.278671264648438 -12.22253577709198
v 1.725165456938316e-15 -8.21068000793457 -12.57333700656891
v 1.7067695953898472e-15 -8.127832412719727 -12.92092924118042
v 1.6851077865550025e-15 -8.03027629852295 -13.264683532714844
v 1.660219311586711e-15 -7.918188571929931 -13.603977727890015
v 1.632149274989414e-15 -7.7917723655700675 -13.938197660446168
v 1.6009483928608281e-15 -7.651256084442138 -14.266739177703858
v 1.5666732046501829e-15 -7.496894359588622 -14.58900694847107
v 1.5293857555208645e-15 -7.328966617584228 -14.904418754577637
v 1.4891533845921797e-15 -7.147776126861571 -15.212402629852296
v 1.4460490425767109e-15 -6.953651428222655 -15.51240234375
v 1.4001505506264869e-15 -6.746942996978759 -15.803873825073243
v 1.351541235607694e-15 -6.528026103973388 -16.086291122436524
v 1.3003088713094912e-15 -6.2972960472106925 -16.359142589569093
v 1.2465461019604846e-15 -6.055170059204101 -16.62193374633789
v 1.1903503363496085e-15 -5.802086830139159 -16.87418966293335
v 1.1318234301887702e-15 -5.53850507736206 -17.115454483032227
v 1.0710708390799027e-15 -5.264899730682372 -17.345289993286134
v 1.0082029949435045e-15 -4.981768131256103 -17.56328182220459
v 9.433332943153891e-16 -4.689620971679687 -17.769035148620606
v 8.765793688961066e-16 -4.388988018035888 -17.962177085876466
v 8.080618150015221e-16 -4.080412387847899 -18.142358589172364
v 7.37904828837527e-16 -3.764453411102294 -18.30925397872925
v 6.662351477088541e-16 -3.4416818618774405 -18.46256046295166
v 5.931826323542294e-16 -3.112682580947875 -18.602000045776368
v 5.188793669738653e-16 -2.778050422668456 -18.727321910858155
v 4.4345987098769757e-16 -2.4383912086486808 -18.83829860687256
v 3.670606225793527e-16 -2.0943195819854727 -18.934729385375977
v 2.8981992634724945e-16 -1.7464584112167347 -19.016440200805665
v 2.1187741037878682e-16 -1.3954365253448475 -19.083282279968262
v 1.3337421153880106e-16 -1.0418895483016957 -19.135134506225587
v 5.445235342974505e-17 -0.6864570975303638 -19.171904373168946
v -2.4745313165315736e-17 -0.3297825157642353 -19.193524169921876
v -1.0407554703406672e-16 0.027489095926285966 -19.199954795837403
v -1.833946106558258e-16 0.38471040129661677 -19.191185760498048
v -2.6255919002638446e-16 0.7412359714508069 -19.167231369018555
v -3.4142592481941993e-16 1.096420168876649 -19.128136444091798
v -4.1985207013098516e-16 1.4496201276779186 -19.073971557617188
v -4.97695747942415e-16 1.8001968860626232 -19.004833984375
v -5.748160860866694e-16 2.1475160121917733 -18.920848655700684
v -6.510735623554676e-16 2.4909491539001474 -18.822167205810548
v -7.263302162575256e-16 2.8298749923706064 -18.70896987915039
v -8.004496754883355e-16 3.1636793613433847 -18.581460762023926
v -8.73298055902672e-16 3.4917593002319345 -18.439870166778565
v -9.44743379179441e-16 3.8135204315185556 -18.28445463180542
vn -1.0080613884239161e-16 0.4539904893272533 0.8910065294936963
vn -9.230075141612955e-17 0.41568562968369777 0.9095083602004258
vn -8.36283259864455e-17 0.37662849775017426 0.9263643854782235
vn -7.480457694485028e-17 0.3368898648544353 0.9415440610817745
vn -6.58454557760954e-17 0.2965415700972637 0.9550199459719412
vn -5.676718993290139e-17 0.2556566954286848 0.9667676318963541
vn -4.7586195467657176e-17 0.2143091721761204 0.9767658771277722
vn -3.8319081298134917e-17 0.1725738002554601 0.9849965905856672
vn -2.8982634515914327e-17 0.13052618200608698 0.9914448627185043
vn -1.959374108359243e-17 0.08824236504286079 0.9960990337369285
vn -1.0169390926693149e-17 0.045798865188040105 0.9989506814390228
vn -7.266328354809065e-19 0.0032724633671069162 0.99999464547742
vn 8.717429197429478e-18 -0.03925981088517214 0.9992290364322189
vn 1.8145722386325476e-17 -0.08172106857742394 0.9966552397647663
vn 2.7541173595731706e-17 -0.12403441914308351 0.9922779161443824
vn 3.688680285543837e-17 -0.16612339159464123 0.9861049735018546
vn 4.616566373098293e-17 -0.2079116659761664 0.9781476060140489
vn 5.536099386578916e-17 -0.24932375134482843 0.9684201913505017
vn 6.445614866743547e-17 -0.29028468712039973 0.9569403327394095
vn 7.343465451203937e-17 -0.33072028269650167 0.9437288247230483
vn 8.228028582568779e-17 -0.3705574645845055 0.9288095420702261
vn 9.097701105759353e-17 -0.4097240330982598 0.9122095245620363
vn 9.950910483830022e-17 -0.44814916746974054 0.8939587930638518
vn 1.0786114465836368e-16 -0.4857634108911619 0.8740903320820934
vn 1.1601798590715935e-16 -0.5224985580997583 0.8526401684084991
vn 1.2396488748298208e-16 -0.5582882210753836 0.8296470708732018
vn 1.3168746917719373e-16 -0.5930676371157734 0.8051526425504132
vn 1.3917174442400208e-16 -0.6267738163284376 0.7792012468965164
vn 1.4640417883542366e-16 -0.6593458052486975 0.7518398161183981
vn 1.5337168936782988e-16 -0.6907246830861421 0.7231178411403971
vn 1.6006165785883888e-16 -0.7208536226893706 0.6930873355181225
vn 1.6646197509285486e-16 -0.7496780889995379 0.6618026615797199
vn 1.7256107063512613e-16 -0.7771459734110079 0.6293203762878308
vn 1.7834789721615755e-16 -0.8032075234449987 0.5956993153272476
vn 1.8381199852483906e-16 -0.8278156480626914 0.5610002253319925
vn 1.889434684106791e-16 -0.8509257339284235 0.5252860128904763
vn 1.9373303190964898e-16 -0.8724960103176516 0.48862123570285043
vn 1.9817201669750312e-16 -0.8924874205541348 0.45107228262511007
vn 2.0225239775477675e-16 -0.9108638231632019 0.4127070336843256
vn 2.059667843612407e-16 -0.9275919332999829 0.37359497490838905
vn 2.0930845669556116e-16 -0.9426414875796228 0.33380686915292157
vn 2.1227136802583732e-16 -0.9559852539425864 0.2934147137488651
vn 2.1485015894093819e-16 -0.9675990957469011 0.25249156403685913
vn 2.170401592353126e-16 -0.9774619802565869 0.21111152775931422
vn 2.1883740571131087e-16 -0.9855560588161857 0.1693495052567535
vn 2.2023864931231034e-16 -0.9918666989755022 0.12728099411711374
vn 2.2124135221315e-16 -0.996382471386087 0.08498217880563799
vn 2.2184370108319908e-16 -0.9990952095327871 0.042529546066659416
vn 2.220446049250313e-16 -1 1.1685989892259232e-8
vn 2.2184370097775574e-16 -0.9990952090579125 -0.04252955722231603
vn 2.2124135235323265e-16 -0.9963824720169632 -0.08498217140886541
vn 2.2023864931231034e-16 -0.9918666989755022 -0.12728099411711385
vn 2.1883740571131087e-16 -0.9855560588161857 -0.1693495052567536
vn 2.1704015855254619e-16 -0.9774619771816804 -0.21111154199635918
vn 2.1485015732422611e-16 -0.9675990884658772 -0.252491591939224
vn 2.1227136988203147e-16 -0.9559852623021416 -0.2934146865122896
vn 2.0930845461331456e-16 -0.9426414782020178 -0.3338068956344593
vn 2.059667843612407e-16 -0.9275919332999829 -0.37359497490838917
vn 2.0225240024240603e-16 -0.9108638343664882 -0.4127070089581458
vn 1.9817201669750312e-16 -0.8924874205541348 -0.4510722826251102
vn 1.9373303190964898e-16 -0.8724960103176516 -0.48862123570285054
vn 1.889434684106791e-16 -0.8509257339284235 -0.5252860128904763
vn 1.8381199852483906e-16 -0.8278156480626914 -0.5610002253319925
vn 1.7834789721615755e-16 -0.8032075234449987 -0.5956993153272476
vn 1.7256107063512613e-16 -0.7771459734110079 -0.6293203762878308
vn 1.6646197509285486e-16 -0.7496780889995379 -0.6618026615797199
vn 1.6006165785883888e-16 -0.7208536226893706 -0.6930873355181225
vn 1.5337168936782988e-16 -0.6907246830861421 -0.7231178411403971
vn 1.4640417883542366e-16 -0.6593458052486975 -0.7518398161183981
vn 1.3917174442400208e-16 -0.6267738163284376 -0.7792012468965164
vn 1.3168746917719373e-16 -0.5930676371157734 -0.8051526425504132
vn 1.2396488748298208e-16 -0.5582882210753836 -0.8296470708732018
vn 1.1601798590715935e-16 -0.5224985580997583 -0.8526401684084991
vn 1.0786114465836368e-16 -0.48576341089116176 -0.8740903320820934
vn 9.950911012671268e-17 -0.44814919128663283 -0.8939587811242401
vn 9.097701105759353e-17 -0.40972403309825967 -0.9122095245620363
vn 8.228028011690278e-17 -0.37055743887442333 -0.9288095523275091
vn 7.343465451203937e-17 -0.33072028269650156 -0.9437288247230483
vn 6.445614260761093e-17 -0.29028465982937607 -0.9569403410180507
vn 5.5360996968833625e-17 -0.24932376531969822 -0.9684201877526138
vn 4.616566689667829e-17 -0.20791168023319073 -0.9781476029836251
vn 3.688679963802664e-17 -0.16612337710470687 -0.98610497594289
vn 2.7541178482460594e-17 -0.1240344411509538 -0.9922779133934053
vn 1.8145720743012602e-17 -0.08172106117660058 -0.9966552403715991
vn 8.717427545618135e-18 -0.03925980344607507 -0.9992290367245016
vn -7.266398664408863e-19 0.0032724950317357835 -0.9999946453737977
vn -1.0169389275801972e-17 0.04579885775308734 -0.9989506817798929
vn -1.9593739442113275e-17 0.08824235765029599 -0.9960990343918206
vn -2.8982637768265714e-17 0.1305261966533756 -0.9914448607901523
vn -3.831908996822867e-17 0.1725738393020912 -0.9849965837446016
vn -4.7586192310899085e-17 0.21430915795934594 -0.9767658802470303
vn -5.676718993290139e-17 0.2556566954286849 -0.9667676318963541
vn -6.58454557760954e-17 0.2965415700972638 -0.9550199459719412
vn -7.480457694485028e-17 0.3368898648544354 -0.9415440610817745
vn -8.362833166521235e-17 0.37662852332506663 -0.9263643750803351
vn -9.230074594214285e-17 0.4156856050310534 -0.9095083714677766
vn -1.0080614409593228e-16 0.4539905129870972 -0.8910065174384036
vn 0.2588190494750181 0.4385211566668862 0.8606462076744336
vn 0.2588190418584176 0.4015214713648317 0.8785176216812678
vn 0.2588190421481115 0.36379518895775215 0.8947992869424558
vn 0.25881904242787207 0.32541060295755675 0.9094617324327169
vn 0.25881904260792504 0.28643715267808784 0.9224784337583112
vn 0.25881903876215934 0.24694537651399678 0.9338258329006498
vn 0.258819038980545 0.20700673386608692 0.9434833952938876
vn 0.25881904041203296 0.16669349164725245 0.9514336467471821
vn 0.2588190368216146 0.12607861723336564 0.9576621995543387
vn 0.2588190426260077 0.08523558791982261 0.9621577821366509
vn 0.2588190504350921 0.04423830401875452 0.9649122610835772
vn 0.25881905050298387 0.0031609650142928056 0.9659206527437502
vn 0.25881904874780404 -0.03792207390457407 0.9651811313510318
vn 0.25881903682491286 -0.07893650771064337 0.9626950368249917
vn 0.2588190377537787 -0.11980806763856819 0.958466865689639
vn 0.25881903994546757 -0.1604628689056264 0.9525042636462486
vn 0.2588190453607543 -0.2008272869854431 0.9448180261619771
vn 0.2588190447457196 -0.24082827671282417 0.9354220668834173
vn 0.2588190426732934 -0.2803934504089513 0.9243333901344486
vn 0.25881904670063494 -0.31945124646749157 0.9115720499199943
vn 0.25881904400418815 -0.3579310183844078 0.8971611274119375
vn 0.25881903709169507 -0.3957630295814672 0.8811267391558529
vn 0.25881905135164684 -0.43287886479456383 0.863497879019748
vn 0.2588190373786994 -0.46921138821080177 0.8443064485503208
vn 0.2588190358705377 -0.5046948639118111 0.8235871544724843
vn 0.2588190396999346 -0.5392650283812466 0.8013775226781552
vn 0.25881903624876845 -0.5728593305153022 0.7777177469473217
vn 0.2588190422398711 -0.605417009901824 0.7526506144922559
vn 0.25881904185034926 -0.6368791417043254 0.7262214968159706
vn 0.2588190475047867 -0.6671887735906721 0.6984782323331845
vn 0.2588190498243164 -0.6962911057052491 0.6694709818683702
vn 0.25881903923019706 -0.7241334195838496 0.6392522941482168
vn 0.2588190385498236 -0.7506653518970101 0.6078768253071364
vn 0.25881903772061327 -0.7758388938003591 0.5754013526053017
vn 0.2588190413965049 -0.7996085216942403 0.5418845964267168
vn 0.25881904591745264 -0.8219311309777019 0.507387344540732
vn 0.2588190494745371 -0.8427664231623081 0.4719718801150199
vn 0.25881904728066885 -0.8620766522677097 0.4357023598508795
vn 0.2588190403936346 -0.8798268923200402 0.3986443827274863
vn 0.2588190438777492 -0.8959850081218483 0.36086502704903317
vn 0.25881904732865163 -0.9105217586713253 0.3224326716168285
vn 0.2588190478570329 -0.9234108479405179 0.28341684207568313
vn 0.2588190408663018 -0.9346289534675576 0.24388813711450952
vn 0.25881904701495956 -0.9441557649839024 0.20391810206533884
vn 0.25881904704936337 -0.9519740468630481 0.16357907868566288
vn 0.2588190377951195 -0.9580696604989141 0.12294401696017586
vn 0.2588190465550793 -0.9624315608794839 0.08208648953025222
vn 0.25881903765503045 -0.9650518671172672 0.04108040312363434
vn 0.2588190471264929 -0.9659258257467465 -9.663763312519422e-9
vn 0.2588190375362042 -0.9650518666742028 -0.0410804142806447
vn 0.2588190465550793 -0.9624315608794839 -0.08208648953025233
vn 0.25881903755804014 -0.9580696596213181 -0.12294402429813914
vn 0.2588190483111156 -0.951974051503956 -0.16357904968079398
vn 0.25881904701495956 -0.9441557649839024 -0.20391810206533895
vn 0.25881904086630175 -0.9346289534675575 -0.24388813711450957
vn 0.2588190478570329 -0.9234108479405179 -0.28341684207568324
vn 0.25881904732865163 -0.9105217586713253 -0.3224326716168286
vn 0.2588190438777492 -0.8959850081218483 -0.3608650270490333
vn 0.25881904346854145 -0.8798269027728481 -0.39864435766126977
vn 0.2588190472806688 -0.8620766522677096 -0.4357023598508796
vn 0.25881904947453704 -0.8427664231623079 -0.4719718801150199
vn 0.25881904591745264 -0.8219311309777019 -0.507387344540732
vn 0.2588190413965049 -0.7996085216942403 -0.5418845964267168
vn 0.2588190465972243 -0.7758389204089895 -0.575401312734962
vn 0.2588190385498236 -0.7506653518970101 -0.6078768253071364
vn 0.25881903923019706 -0.7241334195838496 -0.6392522941482168
vn 0.2588190498243164 -0.6962911057052491 -0.6694709818683702
vn 0.2588190475047867 -0.6671887735906721 -0.6984782323331845
vn 0.25881904185034926 -0.6368791417043254 -0.7262214968159706
vn 0.2588190422398711 -0.605417009901824 -0.7526506144922559
vn 0.25881903624876845 -0.5728593305153022 -0.7777177469473217
vn 0.2588190396999346 -0.5392650283812466 -0.8013775226781552
vn 0.2588190358705377 -0.5046948639118111 -0.8235871544724843
vn 0.25881905040366054 -0.469211411823671 -0.8443064314350478
vn 0.2588190480126751 -0.4328788890124047 -0.863497867879938
vn 0.2588190401443768 -0.3957630044470342 -0.8811267495484405
vn 0.25881904676505624 -0.3579309924001979 -0.8971611369821126
vn 0.2588190442365768 -0.31945127322851363 -0.9115720412414734
vn 0.2588190426732934 -0.2803934504089512 -0.9243333901344486
vn 0.2588190447457196 -0.24082827671282406 -0.9354220668834173
vn 0.25881904613528567 -0.20082727268526926 -0.9448180289894013
vn 0.25881903994546757 -0.16046286890562628 -0.9525042636462486
vn 0.2588190370606822 -0.11980808966947298 -0.9584668631229422
vn 0.2588190372815649 -0.07893648549817506 -0.96269503852354
vn 0.2588190487112405 -0.03792207762450704 -0.9651811312146802
vn 0.25881905048869763 0.0031609824764171814 -0.9659206526904334
vn 0.2588190503924387 0.04423830773675455 -0.9649122609245593
vn 0.2588190432834645 0.08523555833401736 -0.9621577845807415
vn 0.2588190373078625 0.12607860256907102 -0.9576622013535155
vn 0.2588190416978079 0.1666934626730391 -0.9514336514737645
vn 0.25881903818218127 0.20700674812870654 -0.9434833923835803
vn 0.25881903876215934 0.2469453765139969 -0.9338258329006498
vn 0.2588190403985181 0.28643718003524127 -0.9224784258835806
vn 0.25881904242787207 0.32541060295755686 -0.9094617324327169
vn 0.2588190421481115 0.36379518895775226 -0.8947992869424558
vn 0.2588190418584176 0.4015214713648318 -0.8785176216812678
vn 0.2588190494750181 0.4385211566668863 -0.8606462076744336
vn 0.4999999994469827 0.3931673164787482 0.771634279828156
vn 0.49999999027709685 0.35999428525883714 0.7876573647874322
vn 0.4999999985089784 0.3261698474694252 0.8022550916590019
vn 0.5000000010450588 0.2917551702398534 0.8154010789747922
vn 0.4999999933065345 0.25681253923899394 0.8270715364362901
vn 0.49999999477508594 0.22140517599484097 0.8372453363665918
vn 0.5000000079306827 0.18559715446169237 0.8459040656747312
vn 0.5000000073294064 0.1494532994482314 0.8530320650213746
vn 0.5000000099915306 0.11303901153191771 0.8586164288437279
vn 0.50000000465487 0.07642013650752176 0.8626470646106097
vn 0.5000000048924244 0.03966298365659572 0.8651166642916042
vn 0.49999998610485347 0.0028340480434086174 0.8660207746161948
vn 0.4999999884886083 -0.03399998616380841 0.8653577366917409
vn 0.5000000149989081 -0.07077252332081689 0.8631287476059966
vn 0.500000005186322 -0.10741699598390722 0.8593378752199108
vn 0.4999999894745988 -0.1438670575135895 0.8539919673438283
vn 0.49999999781775184 -0.18005680959317097 0.8471006714088808
vn 0.5000000113833653 -0.21592073634109438 0.8386764717306395
vn 0.5000000006193198 -0.25139391453410365 0.8287346373332661
vn 0.49999998987776295 -0.2864121438694764 0.8172931505685873
vn 0.5000000002263788 -0.3209121526740581 0.8043726686304821
vn 0.4999999980636679 -0.35483142596159606 0.7899966209335281
vn 0.4999999918910806 -0.3881086048125895 0.7741910093635451
vn 0.5000000098251207 -0.42068345181282624 0.7569844275450618
vn 0.5000000106595901 -0.4524970151095115 0.738408044821691
vn 0.5000000048450729 -0.4834917830588239 0.7184954355244896
vn 0.4999999961673495 -0.5136116107671442 0.6972826665835241
vn 0.49999999959707087 -0.5428020353711415 0.6748080844209524
vn 0.49999999666572414 -0.5710102281639292 0.6511123733016085
vn 0.4999999860923586 -0.5981851053744034 0.6262384478901429
vn 0.4999999903957461 -0.6242775201092374 0.6002312783340389
vn 0.4999999984328759 -0.6492402533209546 0.5731379371799311
vn 0.4999999853940905 -0.6730281514020922 0.5450074513492379
vn 0.5000000038625921 -0.6955981308313871 0.5158907214917594
vn 0.5000000058667675 -0.7169093573765718 0.48584047529939617
vn 0.5000000042380944 -0.7369232836243829 0.45491105703660645
vn 0.4999999911477598 -0.7556037173009864 0.42315839971950375
vn 0.5000000010777372 -0.7729167954892442 0.39064002121249775
vn 0.49999998946860524 -0.7888312173632848 0.3574147745191192
vn 0.49999998959879244 -0.8033181857846158 0.3235427371908092
vn 0.5000000034283174 -0.8163514789288748 0.289085211351811
vn 0.5000000068031333 -0.8279075139159443 0.25410458791290463
vn 0.500000010147442 -0.8379653862309578 0.21866412904580274
vn 0.5000000022510624 -0.8465068974458754 0.18282798014936244
vn 0.5000000025498543 -0.8535165830270018 0.14666096940923637
vn 0.5000000123632058 -0.8589817497933072 0.11022858594222439
vn 0.5000000099935691 -0.8628925257535262 0.07359673229927316
vn 0.5000000022293374 -0.8652418294384283 0.036831703201244057
vn 0.5000000067305871 -0.8660253998985323 -1.1764847974060487e-8
vn 0.5000000025723592 -0.865241830032022 -0.036831684600060734
vn 0.5000000097193998 -0.8628925252803691 -0.0735967397094981
vn 0.4999999871741879 -0.8589817661241382 -0.11022857293854459
vn 0.5000000025498543 -0.8535165830270018 -0.14666096940923648
vn 0.5000000022510624 -0.8465068974458754 -0.18282798014936255
vn 0.49999998517412736 -0.8379654039820552 -0.2186641181242669
vn 0.5000000105895867 -0.8279075201856106 -0.25410456003489207
vn 0.5000000077360227 -0.8163514859620781 -0.289085184040076
vn 0.5000000087183767 -0.8033181568981901 -0.32354277936513776
vn 0.5000000076517115 -0.7888311864454434 -0.35741481731926406
vn 0.49999999525674715 -0.7729167864909622 -0.3906400464669966
vn 0.4999999911477598 -0.7556037173009864 -0.42315839971950386
vn 0.4999999890547715 -0.7369233208511382 -0.45491101342016194
vn 0.5000000131063549 -0.7169093677568276 -0.48584045253164215
vn 0.5000000038625921 -0.6955981308313871 -0.5158907214917594
vn 0.4999999853940905 -0.6730281514020922 -0.5450074513492379
vn 0.4999999984328759 -0.6492402533209546 -0.5731379371799311
vn 0.4999999903957461 -0.6242775201092374 -0.6002312783340389
vn 0.4999999860923586 -0.5981851053744034 -0.6262384478901429
vn 0.49999999666572414 -0.5710102281639292 -0.6511123733016085
vn 0.49999999959707087 -0.5428020353711415 -0.6748080844209524
vn 0.4999999961673495 -0.5136116107671442 -0.6972826665835241
vn 0.5000000048450729 -0.4834917830588238 -0.7184954355244896
vn 0.5000000039168587 -0.45249703880970255 -0.7384080348639169
vn 0.49999998726522643 -0.4206834328316781 -0.7569844529947284
vn 0.4999999976743491 -0.3881085794993398 -0.7741910183182542
vn 0.4999999980636679 -0.35483142596159595 -0.7899966209335281
vn 0.5000000002263788 -0.320912152674058 -0.8043726686304821
vn 0.5000000099671227 -0.2864121851794727 -0.8172931238017342
vn 0.5000000006193198 -0.25139391453410354 -0.8287346373332661
vn 0.5000000129921002 -0.21592072213465113 -0.8386764744290557
vn 0.49999999781775184 -0.18005680959317086 -0.8471006714088808
vn 0.4999999873308125 -0.14386708669907058 -0.8539919636822758
vn 0.5000000063868005 -0.10741697389006861 -0.859337877283144
vn 0.49999998901201825 -0.0707725270930818 -0.863128762350578
vn 0.4999999881086287 -0.03400000848971095 -0.8653577360341043
vn 0.4999999861229994 0.0028340352378265305 -0.8660207746476242
vn 0.5000000051879365 0.03966296877887627 -0.8651166648029092
vn 0.50000000465487 0.07642013650752187 -0.8626470646106097
vn 0.4999999865082821 0.11303896896996955 -0.858616448122166
vn 0.5000000039888642 0.14945334315320535 -0.8530320593221955
vn 0.5000000079306827 0.18559715446169248 -0.8459040656747312
vn 0.499999996424683 0.22140516182413866 -0.8372453391288267
vn 0.49999999713333926 0.2568125114022148 -0.8270715427663727
vn 0.49999999669756784 0.2917551975053697 -0.8154010718848944
vn 0.5000000033692876 0.3261698208376754 -0.8022550994574176
vn 0.5000000083867818 0.3599943280999266 -0.7876573337112406
vn 0.4999999994469827 0.3931673164787483 -0.771634279828156
vn 0.7071067662641324 0.3210197674342894 0.6300367687841054
vn 0.7071067862978241 0.29393411398193453 0.6431195296437656
vn 0.7071067769797167 0.2663165658644081 0.6550385429083891
vn 0.7071067720342686 0.23821710149466277 0.6657722024076693
vn 0.7071067764331043 0.20968656459797697 0.6753010819993421
vn 0.7071067832871916 0.18077656989791654 0.683607949635743
vn 0.7071067826138042 0.15153946272392382 0.6906777752460974
vn 0.707106760007117 0.12202811084490625 0.6964977890243876
vn 0.7071067799206917 0.0922959610062164 0.7010573852204464
vn 0.7071067730023537 0.06239678000209307 0.7043483892361566
vn 0.707106770240163 0.03238469367549758 0.7063648116207868
vn 0.7071067656042024 0.0023139926956682886 0.7071030105116001
vn 0.7071067764120037 -0.027760880355603944 0.7065616323252392
vn 0.7071067558035075 -0.05778553228321506 0.704741703147887
vn 0.7071067706958339 -0.08770561983300525 0.7016464487801657
vn 0.7071067916773486 -0.11746698248190035 0.6972815021140054
vn 0.7071067768594982 -0.14701575202459588 0.6916548089733884
vn 0.7071067712775538 -0.1762985443575175 0.6847764870896589
vn 0.7071067797380465 -0.20526227664247 0.6766589981933588
vn 0.7071067827468336 -0.23385456656241224 0.6673170457071576
vn 0.707106761233707 -0.2620237142556634 0.656767539838293
vn 0.7071067761704223 -0.28971863083278354 0.6450295512937755
vn 0.7071067772334969 -0.3168893492976781 0.6321243120559058
vn 0.707106785141015 -0.34348658507187296 0.618075206009108
vn 0.7071067676946712 -0.36946228073912174 0.6029076564379
vn 0.7071067753653388 -0.3947694038644782 0.586649065459851
vn 0.7071067767904545 -0.41936213235081093 0.5693289103560397
vn 0.7071067726518311 -0.4431960307066329 0.5509784845488951
vn 0.7071067678828803 -0.4662278882684072 0.5316310515902998
vn 0.7071067804288097 -0.4884160835419788 0.5113215528501787
vn 0.7071067864256534 -0.5097204571793823 0.49008677611584955
vn 0.7071067838850766 -0.5301024428694842 0.46796516563469637
vn 0.7071067670449684 -0.5495251997352997 0.4449967133081902
vn 0.7071067621162019 -0.5679535213763885 0.4212230104418575
vn 0.7071067792795044 -0.5853540385715211 0.3966870961160398
vn 0.7071067701103252 -0.601695359625739 0.3714333181999109
vn 0.7071067834275043 -0.6169478422371963 0.3455073903546437
vn 0.7071067789486307 -0.6310839145000973 0.31895626036202235
vn 0.7071067604104975 -0.6440780083799 0.29182794332132167
vn 0.707106769545661 -0.6559065584641739 0.26417154090927863
vn 0.7071067747890016 -0.6665481978779622 0.23603709232478098
vn 0.7071067726107411 -0.6759836707442801 0.20747551425435795
vn 0.707106777492238 -0.6841958842564241 0.17853850338543906
vn 0.7071067810694952 -0.6911699889025664 0.14927841975973255
vn 0.707106765221404 -0.6968933901856555 0.11974817448990925
vn 0.7071067612703773 -0.7013556879734916 0.0900012617297553
vn 0.7071067583216631 -0.7045488250300628 0.06009147597277853
vn 0.7071067872725831 -0.7064669909991075 0.030072945012294863
vn 0.7071067811865477 -0.7071067811865475 3.3720089631518666e-10
vn 0.7071067870745394 -0.7064669908012431 -0.03007295431709822
vn 0.7071067583216631 -0.7045488250300628 -0.06009147597277861
vn 0.70710679035615 -0.701355657218056 -0.09000127288240269
vn 0.70710676585228 -0.6968933908074192 -0.11974816714616732
vn 0.7071067550846654 -0.691170023108027 -0.14927838447171277
vn 0.7071067756110292 -0.684195882436168 -0.1785385178116111
vn 0.7071067704246313 -0.6759836686543914 -0.20747552851408252
vn 0.7071067723019466 -0.6665481955335609 -0.2360371063957463
vn 0.707106769545661 -0.6559065584641739 -0.26417154090927875
vn 0.7071067665603111 -0.6440780139815432 -0.2918279160570709
vn 0.7071067789486307 -0.6310839145000973 -0.31895626036202246
vn 0.7071067834275043 -0.6169478422371963 -0.3455073903546438
vn 0.7071067701103252 -0.601695359625739 -0.371433318199911
vn 0.7071067792795044 -0.5853540385715211 -0.3966870961160399
vn 0.7071067771770401 -0.5679534738687226 -0.42122304921591125
vn 0.7071067670449684 -0.5495251997352997 -0.4449967133081903
vn 0.7071067740234478 -0.5301024354764373 -0.46796518891056665
vn 0.7071067760978463 -0.5097204497345456 -0.4900867987600998
vn 0.7071067701362101 -0.48841610623494885 -0.5113215454074158
vn 0.7071067678828803 -0.4662278882684071 -0.5316310515902998
vn 0.7071067726518311 -0.44319603070663277 -0.5509784845488951
vn 0.7071067679530582 -0.41936215691195955 -0.5693289032405864
vn 0.7071067753653388 -0.39476940386447806 -0.586649065459851
vn 0.7071067676946712 -0.36946228073912163 -0.6029076564379
vn 0.707106777902576 -0.34348661135802705 -0.6180751996820586
vn 0.7071067772334969 -0.316889349297678 -0.6321243120559058
vn 0.7071067761704223 -0.28971863083278343 -0.6450295512937755
vn 0.7071067667554434 -0.26202368649946184 -0.6567675449669348
vn 0.7071067827468336 -0.23385456656241219 -0.6673170457071576
vn 0.707106781900836 -0.20526226236913314 -0.6766590002630193
vn 0.7071067731351608 -0.17629852991950173 -0.684776488888603
vn 0.7071067753104354 -0.14701576660368887 -0.6916548074581763
vn 0.7071067629079878 -0.11746697025205578 -0.6972815333490409
vn 0.7071067716199627 -0.08770560504646775 -0.7016464496971583
vn 0.7071067559557248 -0.05778552857036411 -0.7047417032995952
vn 0.7071067761560587 -0.027760893384071682 -0.7065616320694915
vn 0.7071067655977259 0.0023139966537681035 -0.7071030105051236
vn 0.7071067704107771 0.03238468623273098 -0.7063648117912218
vn 0.7071067728379895 0.062396783712879586 -0.7043483890724336
vn 0.7071067799206917 0.09229596100621648 -0.7010573852204464
vn 0.707106760007117 0.12202811084490633 -0.6964977890243876
vn 0.7071067842105319 0.15153944816495576 -0.6906777768057265
vn 0.7071067563800612 0.1807765481177682 -0.6836079832274439
vn 0.7071067764331043 0.20968656459797702 -0.6753010819993421
vn 0.7071067745442935 0.23821708743910341 -0.6657722047709683
vn 0.7071067769797167 0.2663165658644082 -0.6550385429083891
vn 0.7071067529981642 0.293934129942067 -0.64311955896209
vn 0.7071067662641324 0.3210197674342895 -0.6300367687841054
vn 0.8660253970086909 0.22699526182155366 0.4455032691759999
vn 0.8660254029191514 0.207842815464846 0.4547541814633125
vn 0.866025390945032 0.18831425964029969 0.4631822123685563
vn 0.8660253889307451 0.16844493164130472 0.47077205814672973
vn 0.8660253987888737 0.14827078761447937 0.4775099812493496
vn 0.8660253925234704 0.1278283453348557 0.4833838367524528
vn 0.8660254012461585 0.10715458703025575 0.4883829428581693
vn 0.8660253941276409 0.08628690301421063 0.4924983117679494
vn 0.8660253948732443 0.06526309301766843 0.4957224466618475
vn 0.866025395317475 0.04412118381552346 0.49804953147646647
vn 0.8660254044955195 0.02289943253761307 0.49947533948917555
vn 0.8660254020409717 0.001636231693435748 0.4999973257584671
vn 0.866025391881533 -0.0196299050828518 0.4996145388625871
vn 0.8660253900805583 -0.040860533801096485 0.4983276437378386
vn 0.8660253990035683 -0.06201721059863465 0.49613896628895715
vn 0.8660254017190767 -0.08306169639159562 0.49305249027853243
vn 0.866025395491786 -0.10395583597437963 0.48907381705644726
vn 0.8660253962879425 -0.12466187890971135 0.4842101082495206
vn 0.8660254095555853 -0.14514233529166726 0.47847015843222884
vn 0.8660254045177589 -0.165360140928187 0.471864411162849
vn 0.8660253922219611 -0.1852787294560489 0.46440479372843557
vn 0.8660253887485204 -0.20486202848046672 0.4561047854713245
vn 0.8660253936337662 -0.2240746035224424 0.4469794062792387
vn 0.8660254043992829 -0.2428817049282712 0.43704516511019176
vn 0.8660254040707582 -0.2612492787907615 0.4263200837814082
vn 0.8660254016376402 -0.27914411261361066 0.4148235385215311
vn 0.8660253966455257 -0.29653382589114397 0.4025763312308866
vn 0.8660253937153121 -0.3133869190953035 0.3896006370377138
vn 0.8660253997684041 -0.3296729072107421 0.3759199132889787
vn 0.8660254037223328 -0.34536234161737256 0.3615589206479848
vn 0.8660253986855242 -0.3604268177109608 0.34654367388011675
vn 0.8660253856361734 -0.37483906633174763 0.3309013535561029
vn 0.8660253975645958 -0.38857299507776255 0.3146601949236366
vn 0.8660254017246872 -0.4016037645880179 0.2978496597888374
vn 0.8660253916570079 -0.41390782757954186 0.28050014487288666
vn 0.8660253974428561 -0.4254628763107316 0.2626430122149499
vn 0.8660254002570205 -0.43624801048948614 0.24431062083673852
vn 0.8660254032519377 -0.4462437111002252 0.22553614172858752
vn 0.8660254014257305 -0.45543191530284644 0.2063535185282373
vn 0.8660253886454622 -0.46379598996852295 0.18679749974395782
vn 0.8660253978133319 -0.4713207535388551 0.1669034380287784
vn 0.8660253888874744 -0.47799265420365705 0.14670735608565091
vn 0.8660254003086485 -0.48379955369863425 0.12624578353849072
vn 0.866025396922098 -0.48873100174633044 0.10555576638891233
vn 0.8660253983124389 -0.4927780387489779 0.0846747542334344
vn 0.8660253979719091 -0.4959333594734647 0.06364049833997058
vn 0.8660253991351398 -0.498191243716734 0.042491090087165354
vn 0.8660254016409236 -0.49954760847571145 0.021264773191228187
vn 0.8660253998985326 -0.5000000067305866 5.842995024783186e-9
vn 0.8660253886106066 -0.4995476307617835 -0.021264780321856643
vn 0.8660253992722243 -0.49819124379559354 -0.04249108636860105
vn 0.8660253975612756 -0.49593335923831355 -0.06364050576037561
vn 0.8660253983124389 -0.4927780387489779 -0.08467475423343446
vn 0.8660253962410108 -0.48873100136196707 -0.10555577375647852
vn 0.866025386192816 -0.483799575615237 -0.12624579638190128
vn 0.8660254031174847 -0.4779926322554231 -0.14670734359509688
vn 0.8660253956594789 -0.4713207523666544 -0.16690345251484173
vn 0.8660253910560436 -0.46379599125949894 -0.1867974853627474
vn 0.8660254040886779 -0.4554319167032572 -0.20635350426159377
vn 0.8660253917345798 -0.44624373496790826 -0.22553613872916
vn 0.8660254002570205 -0.43624801048948614 -0.24431062083673857
vn 0.8660253974428561 -0.4254628763107316 -0.2626430122149499
vn 0.8660253916570079 -0.41390782757954186 -0.28050014487288666
vn 0.8660253913594671 -0.40160378958365517 -0.2978496562239566
vn 0.8660253975645958 -0.38857299507776255 -0.3146601949236366
vn 0.8660253941765939 -0.3748390700282712 -0.3309013270170065
vn 0.8660253986855242 -0.3604268177109608 -0.34654367388011675
vn 0.8660254037223328 -0.34536234161737256 -0.3615589206479848
vn 0.8660253997684041 -0.3296729072107421 -0.3759199132889787
vn 0.8660253937153121 -0.3133869190953035 -0.3896006370377138
vn 0.8660253966455257 -0.29653382589114397 -0.4025763312308866
vn 0.8660254016376402 -0.27914411261361066 -0.4148235385215311
vn 0.8660254040707582 -0.2612492787907615 -0.4263200837814082
vn 0.8660253931193355 -0.24288170176474633 -0.43704518922001795
vn 0.8660253936337662 -0.22407460352244235 -0.4469794062792387
vn 0.8660254031640878 -0.20486201698936965 -0.4561047632611685
vn 0.8660254065990302 -0.18527871763073836 -0.4644047716357939
vn 0.8660254045177589 -0.16536014092818693 -0.471864411162849
vn 0.8660253972064764 -0.1451423332220068 -0.47847018141179554
vn 0.8660253954835752 -0.12466188624450557 -0.4842101077997846
vn 0.8660253948210223 -0.10395584334444317 -0.48907381667764427
vn 0.8660254017190767 -0.08306169639159557 -0.49305249027853243
vn 0.8660253984033291 -0.062017221731521716 -0.496138965945085
vn 0.8660253902123825 -0.04086053008202581 -0.4983276438136927
vn 0.8660253919448629 -0.019629901358996903 -0.4996145388991225
vn 0.8660254020185366 0.0016362475258774416 -0.4999973257455143
vn 0.8660253916781544 0.02289942847340622 -0.499475361899154
vn 0.866025395317475 0.04412118381552352 -0.49804953147646647
vn 0.8660253940310382 0.0652631078553617 -0.4957224461797595
vn 0.86602539245737 0.08628692519953425 -0.49249831081808626
vn 0.8660254019375618 0.10715457966522345 -0.4883829432480766
vn 0.8660253925234704 0.12782834533485576 -0.4833838367524528
vn 0.8660253987888737 0.14827078761447943 -0.4775099812493496
vn 0.8660254010811683 0.16844493400460406 -0.47077203494938613
vn 0.866025390945032 0.18831425964029974 -0.4631822123685563
vn 0.8660253938643085 0.20784279839055678 -0.4547542065108927
vn 0.8660253970086909 0.22699526182155372 -0.4455032691759999
vn 0.9659258247530824 0.11750138697359665 0.23060946453768655
vn 0.9659258262479483 0.10758735390169677 0.23539808722173047
vn 0.9659258221702554 0.0974786365627181 0.23976075883803308
vn 0.9659258256242655 0.08719350514061515 0.2436895403035891
vn 0.9659258260579238 0.07675060735815309 0.24717735095366725
vn 0.9659258230588738 0.06616882305627617 0.2502178874568816
vn 0.9659258231666887 0.05546729699154418 0.25280562316571764
vn 0.9659258216403178 0.044665396625958385 0.254935892790173
vn 0.9659258232185122 0.0337826687788672 0.2566048232785525
vn 0.9659258253383585 0.02283880889445923 0.2578094039260269
vn 0.9659258270004685 0.011853616859906631 0.2585474588944925
vn 0.9659258220024233 0.0008469855610641396 0.2588176752163613
vn 0.9659258223561976 -0.010161188532440078 0.258619519667622
vn 0.9659258282889042 -0.0211509693097544 0.2579533499329917
vn 0.9659258205797442 -0.03210248451720541 0.25682044238177487
vn 0.9659258278597157 -0.04299589686425747 0.25522274178913
vn 0.965925820212195 -0.053811509579506096 0.2531632502638826
vn 0.9659258206407756 -0.06452973984935045 0.25064560976490136
vn 0.9659258234198891 -0.07513120853670043 0.2476743934168898
vn 0.9659258220766874 -0.08559671127253995 0.24425500867904584
vn 0.9659258236100408 -0.09590732414357367 0.24039361151845134
vn 0.9659258246709386 -0.10604438316881712 0.2360972046257907
vn 0.9659258244444554 -0.11598954490529864 0.23137356621697538
vn 0.9659258237904403 -0.12572482372355548 0.22623123487803412
vn 0.965925825129647 -0.13523256952438337 0.22067952439554356
vn 0.9659258212307925 -0.1444956374977132 0.21472847650870305
vn 0.9659258252752724 -0.15349720617951637 0.20838883790013096
vn 0.9659258233604052 -0.16222101628644123 0.2016721241037485
vn 0.9659258243216151 -0.17065125908756604 0.19459046657130172
vn 0.9659258239307595 -0.17877270488779404 0.187156679418035
vn 0.9659258232430656 -0.1865706464109727 0.1793842186202508
vn 0.9659258273448988 -0.19403095837137946 0.1712871368829453
vn 0.9659258265852679 -0.2011401682159612 0.16288011009826145
vn 0.9659258273221643 -0.20788540260318314 0.15417832369209764
vn 0.9659258291259171 -0.21425444251586548 0.14519754298756363
vn 0.9659258269058723 -0.22023578311563938 0.13595402440401644
vn 0.9659258237240116 -0.22581859190199507 0.12646448756267498
vn 0.9659258203703314 -0.23099276606375338 0.1167460987276176
vn 0.9659258260086812 -0.235748905206233 0.10681644229007786
vn 0.9659258241670221 -0.2400784669952462 0.09669349457161881
vn 0.9659258221244518 -0.24397358535807723 0.08639557743731309
vn 0.9659258206277492 -0.24742721223704628 0.07594131740503883
vn 0.9659258218040123 -0.2504330897038014 0.0653496316259794
vn 0.9659258249072877 -0.2529857786623797 0.05463969776421974
vn 0.9659258272555383 -0.25508067395653056 0.043830879692135075
vn 0.9659258267290772 -0.2567139901196472 0.03294274631232362
vn 0.965925821879238 -0.257882776321188 0.021995006337681235
vn 0.965925828110043 -0.25858486110668233 0.01100746094090758
vn 0.9659258257467467 -0.25881904712649245 3.6554770656287838e-9
vn 0.9659258280803364 -0.2585848610987297 -0.01100746373453685
vn 0.965925821879238 -0.257882776321188 -0.02199500633768127
vn 0.9659258269661565 -0.2567139901826557 -0.032942738869828486
vn 0.9659258274132574 -0.2550806739981808 -0.04383087597400157
vn 0.9659258253005136 -0.2529857787653696 -0.05463969033588276
vn 0.9659258218040123 -0.2504330897038014 -0.06534963162597943
vn 0.9659258252821269 -0.24742719852812933 -0.07594130286980576
vn 0.9659258256360651 -0.2439735713438793 -0.08639557775140334
vn 0.9659258241670221 -0.2400784669952462 -0.09669349457161884
vn 0.9659258267774079 -0.2357489053938525 -0.10681643492450646
vn 0.9659258253754813 -0.2309927523595301 -0.11674608443140096
vn 0.9659258237240116 -0.22581859190199507 -0.12646448756267498
vn 0.9659258269058723 -0.22023578311563938 -0.13595402440401644
vn 0.9659258239521746 -0.21425445626942602 -0.14519755711101032
vn 0.9659258243299828 -0.20788541686037076 -0.15417832321449415
vn 0.9659258236901735 -0.20114018251426077 -0.16288010961007357
vn 0.9659258220867231 -0.19403097221630144 -0.171287150851677
vn 0.9659258258250172 -0.18657064690968217 -0.1793842041985893
vn 0.9659258239307595 -0.17877270488779404 -0.187156679418035
vn 0.9659258243216151 -0.17065125908756604 -0.19459046657130172
vn 0.9659258204576542 -0.16222101579894288 -0.20167213839885503
vn 0.9659258222758449 -0.15349720570287137 -0.2083888521541958
vn 0.9659258264012545 -0.14449562337001615 -0.2147284627569523
vn 0.9659258231831883 -0.13523258415303457 -0.22067952395084733
vn 0.9659258237904403 -0.12572482372355548 -0.22623123487803412
vn 0.9659258236097124 -0.11598955225564234 -0.23137356601702477
vn 0.9659258246709386 -0.10604438316881709 -0.2360972046257907
vn 0.9659258236100408 -0.09590732414357364 -0.24039361151845134
vn 0.9659258255923516 -0.08559671158408486 -0.24425499466689535
vn 0.9659258275254671 -0.07513120140545791 -0.24767437956844537
vn 0.9659258201763739 -0.0645297472689062 -0.2506456096443949
vn 0.9659258276935956 -0.05381150627100285 -0.2531632224223891
vn 0.9659258206673752 -0.04299589281881714 -0.2552227696910491
vn 0.9659258206952602 -0.03210248079575422 -0.2568204424124883
vn 0.9659258207490806 -0.02115097473258963 -0.2579533777217822
vn 0.9659258223927611 -0.010161184807534345 -0.25861951967741154
vn 0.9659258220075189 0.0008469793328488617 -0.25881767521772664
vn 0.9659258269578151 0.011853620584673583 -0.25854745888307556
vn 0.9659258252972674 0.022838810756132862 -0.2578094039150596
vn 0.965925823583198 0.033782657615750875 -0.25660482337543383
vn 0.9659258218010397 0.044665392908100024 -0.2549358928325922
vn 0.9659258235658705 0.05546728956388613 -0.25280562327019296
vn 0.9659258230588738 0.0661688230562762 -0.2502178874568816
vn 0.9659258225001969 0.07675060707546298 -0.24717736494441758
vn 0.9659258249967593 0.08719351253455127 -0.24368954014527808
vn 0.9659258228717806 0.09747862918293348 -0.23976075901216468
vn 0.9659258270222231 0.10758734653735684 -0.23539808741042278
vn 0.9659258247530824 0.11750138697359667 -0.23060946453768655
vn 1 2.220446049250313e-16 1.359631073446891e-32
vn 1 2.220446049250313e-16 1.359631073446891e-32
vn 1 2.220446049250313e-16 1.359631073446891e-32
vn 1 2.220446049250313e-16 1.359631073446891e-32
vn 1 2.220446049250313e-16 1.359631073446891e-32
vn 1 2.220446049250313e-16 1.359631073446891e-32
vn 1 2.220446049250313e-16 1.359631073446891e-32
vn 1 2.220446049250313e-16 1.359631073446891e-32
vn 1 2.220446049250313e-16 1.359631073446891e-32
vn 1 2.220446049250313e-16 1.359631073446891e-32
vn 1 2.220446049250313e-16 1.359631073446891e-32
vn 1 2.220446049250313e-16 1.359631073446891e-32
vn 1 2.220446049250313e-16 1.359631073446891e-32
vn 1 2.220446049250313e-16 1.359631073446891e-32
vn 1 2.220446049250313e-16 1.359631073446891e-32
vn 1 2.220446049250313e-16 1.359631073446891e-32
vn 1 2.220446049250313e-16 1.359631073446891e-32
vn 1 2.220446049250313e-16 1.359631073446891e-32
vn 1 2.220446049250313e-16 1.359631073446891e-32
vn 1 2.220446049250313e-16 1.359631073446891e-32
vn 1 2.220446049250313e-16 1.359631073446891e-32
vn 1 2.220446049250313e-16 1.359631073446891e-32
vn 1 2.220446049250313e-16 1.359631073446891e-32
vn 1 2.220446049250313e-16 1.359631073446891e-32
vn 1 2.220446049250313e-16 1.359631073446891e-32
vn 1 2.220446049250313e-16 1.359631073446891e-32
vn 1 2.220446049250313e-16 1.359631073446891e-32
vn 1 2.220446049250313e-16 1.359631073446891e-32
vn 1 2.220446049250313e-16 1.359631073446891e-32
vn 1 2.220446049250313e-16 1.359631073446891e-32
vn 1 2.220446049250313e-16 1.359631073446891e-32
vn 1 2.220446049250313e-16 1.359631073446891e-32
vn 1 2.220446049250313e-16 1.359631073446891e-32
vn 1 2.220446049250313e-16 1.359631073446891e-32
vn 1 2.220446049250313e-16 1.359631073446891e-32
vn 1 2.220446049250313e-16 1.359631073446891e-32
vn 1 2.220446049250313e-16 1.359631073446891e-32
vn 1 2.220446049250313e-16 1.359631073446891e-32
vn 1 2.220446049250313e-16 1.359631073446891e-32
vn 1 2.220446049250313e-16 1.359631073446891e-32
vn 1 2.220446049250313e-16 1.359631073446891e-32
vn 1 2.220446049250313e-16 1.359631073446891e-32
vn 1 2.220446049250313e-16 1.359631073446891e-32
vn 1 2.220446049250313e-16 1.359631073446891e-32
vn 1 2.220446049250313e-16 1.359631073446891e-32
vn 1 2.220446049250313e-16 1.359631073446891e-32
vn 1 2.220446049250313e-16 1.359631073446891e-32
vn 1 2.220446049250313e-16 1.359631073446891e-32
vn 1 2.220446049250313e-16 1.359631073446891e-32
vn 1 2.220446049250313e-16 1.359631073446891e-32
vn 1 2.220446049250313e-16 1.359631073446891e-32
vn 1 2.220446049250313e-16 1.359631073446891e-32
vn 1 2.220446049250313e-16 1.359631073446891e-32
vn 1 2.220446049250313e-16 1.359631073446891e-32
vn 1 2.220446049250313e-16 1.359631073446891e-32
vn 1 2.220446049250313e-16 1.359631073446891e-32
vn 1 2.220446049250313e-16 1.359631073446891e-32
vn 1 2.220446049250313e-16 1.359631073446891e-32
vn 1 2.220446049250313e-16 1.359631073446891e-32
vn 1 2.220446049250313e-16 1.359631073446891e-32
vn 1 2.220446049250313e-16 1.359631073446891e-32
vn 1 2.220446049250313e-16 1.359631073446891e-32
vn 1 2.220446049250313e-16 1.359631073446891e-32
vn 1 2.220446049250313e-16 1.359631073446891e-32
vn 1 2.220446049250313e-16 1.359631073446891e-32
vn 1 2.220446049250313e-16 1.359631073446891e-32
vn 1 2.220446049250313e-16 1.359631073446891e-32
vn 1 2.220446049250313e-16 1.359631073446891e-32
vn 1 2.220446049250313e-16 1.359631073446891e-32
vn 1 2.220446049250313e-16 1.359631073446891e-32
vn 1 2.220446049250313e-16 1.359631073446891e-32
vn 1 2.220446049250313e-16 1.359631073446891e-32
vn 1 2.220446049250313e-16 1.359631073446891e-32
vn 1 2.220446049250313e-16 1.359631073446891e-32
vn 1 2.220446049250313e-16 1.359631073446891e-32
vn 1 2.220446049250313e-16 1.359631073446891e-32
vn 1 2.220446049250313e-16 1.359631073446891e-32
vn 1 2.220446049250313e-16 1.359631073446891e-32
vn 1 2.220446049250313e-16 1.359631073446891e-32
vn 1 2.220446049250313e-16 1.359631073446891e-32
vn 1 2.220446049250313e-16 1.359631073446891e-32
vn 1 2.220446049250313e-16 1.359631073446891e-32
vn 1 2.220446049250313e-16 1.359631073446891e-32
vn 1 2.220446049250313e-16 1.359631073446891e-32
vn 1 2.220446049250313e-16 1.359631073446891e-32
vn 1 2.220446049250313e-16 1.359631073446891e-32
vn 1 2.220446049250313e-16 1.359631073446891e-32
vn 1 2.220446049250313e-16 1.359631073446891e-32
vn 1 2.220446049250313e-16 1.359631073446891e-32
vn 1 2.220446049250313e-16 1.359631073446891e-32
vn 1 2.220446049250313e-16 1.359631073446891e-32
vn 1 2.220446049250313e-16 1.359631073446891e-32
vn 1 2.220446049250313e-16 1.359631073446891e-32
vn 1 2.220446049250313e-16 1.359631073446891e-32
vn 1 2.220446049250313e-16 1.359631073446891e-32
vn 1 2.220446049250313e-16 1.359631073446891e-32
vn 1 2.220446049250313e-16 1.359631073446891e-32
vn 0.9659258247530826 -0.11750138697359626 -0.2306094645376866
vn 0.9659258262479483 -0.10758735390169635 -0.23539808722173047
vn 0.9659258221702554 -0.09747863656271769 -0.23976075883803308
vn 0.9659258256242655 -0.08719350514061473 -0.2436895403035891
vn 0.9659258260579238 -0.07675060735815267 -0.24717735095366725
vn 0.9659258230588738 -0.06616882305627575 -0.2502178874568816
vn 0.9659258231666887 -0.05546729699154375 -0.25280562316571764
vn 0.9659258216403178 -0.044665396625957955 -0.254935892790173
vn 0.9659258232185122 -0.03378266877886677 -0.2566048232785525
vn 0.9659258253383585 -0.0228388088944588 -0.2578094039260269
vn 0.9659258270004685 -0.011853616859906201 -0.2585474588944925
vn 0.9659258220024233 -0.0008469855610637107 -0.2588176752163613
vn 0.9659258223561976 0.010161188532440508 -0.258619519667622
vn 0.9659258282889042 0.02115096930975483 -0.2579533499329917
vn 0.9659258205797442 0.03210248451720584 -0.25682044238177487
vn 0.9659258278597157 0.0429958968642579 -0.25522274178913
vn 0.965925820212195 0.053811509579506527 -0.2531632502638826
vn 0.9659258206407756 0.06452973984935087 -0.25064560976490136
vn 0.9659258234198891 0.07513120853670084 -0.2476743934168898
vn 0.9659258220766874 0.08559671127254037 -0.24425500867904584
vn 0.9659258236100408 0.09590732414357409 -0.24039361151845134
vn 0.9659258246709386 0.10604438316881754 -0.2360972046257907
vn 0.9659258244444552 0.11598954490529904 -0.23137356621697536
vn 0.9659258237904403 0.12572482372355592 -0.22623123487803412
vn 0.965925825129647 0.1352325695243838 -0.22067952439554356
vn 0.9659258212307923 0.1444956374977136 -0.214728476508703
vn 0.9659258252752722 0.1534972061795168 -0.2083888379001309
vn 0.965925823360405 0.16222101628644162 -0.20167212410374846
vn 0.9659258243216149 0.17065125908756645 -0.1945904665713017
vn 0.9659258239307593 0.17877270488779443 -0.18715667941803496
vn 0.9659258232430654 0.1865706464109731 -0.17938421862025075
vn 0.9659258273448988 0.1940309583713799 -0.1712871368829453
vn 0.9659258265852677 0.2011401682159616 -0.1628801100982614
vn 0.965925827322164 0.20788540260318353 -0.15417832369209758
vn 0.9659258291259171 0.21425444251586592 -0.14519754298756363
vn 0.965925826905872 0.2202357831156398 -0.1359540244040164
vn 0.9659258237240114 0.2258185919019955 -0.12646448756267495
vn 0.9659258203703311 0.23099276606375377 -0.11674609872761757
vn 0.9659258260086809 0.23574890520623343 -0.10681644229007783
vn 0.9659258241670219 0.2400784669952466 -0.0966934945716188
vn 0.9659258221244518 0.24397358535807767 -0.08639557743731309
vn 0.9659258206277492 0.24742721223704672 -0.07594131740503883
vn 0.9659258218040122 0.2504330897038019 -0.06534963162597941
vn 0.9659258249072875 0.25298577866238015 -0.05463969776421974
vn 0.9659258272555381 0.255080673956531 -0.043830879692135075
vn 0.9659258267290772 0.2567139901196477 -0.03294274631232363
vn 0.9659258218792378 0.25788277632118844 -0.021995006337681235
vn 0.9659258281100428 0.2585848611066828 -0.01100746094090758
vn 0.9659258257467465 0.2588190471264929 -3.6554770656287838e-9
vn 0.9659258280803362 0.25858486109873013 0.01100746373453685
vn 0.9659258218792378 0.25788277632118844 0.02199500633768127
vn 0.9659258269661565 0.2567139901826562 0.0329427388698285
vn 0.9659258274132572 0.25508067399818124 0.04383087597400157
vn 0.9659258253005134 0.25298577876537004 0.05463969033588276
vn 0.9659258218040121 0.25043308970380185 0.06534963162597943
vn 0.9659258252821269 0.24742719852812978 0.07594130286980576
vn 0.9659258256360651 0.24397357134387973 0.08639557775140334
vn 0.9659258241670219 0.2400784669952466 0.09669349457161883
vn 0.9659258267774077 0.23574890539385288 0.10681643492450645
vn 0.9659258253754813 0.23099275235953054 0.11674608443140096
vn 0.9659258237240114 0.2258185919019955 0.12646448756267495
vn 0.965925826905872 0.2202357831156398 0.1359540244040164
vn 0.9659258239521746 0.21425445626942646 0.14519755711101032
vn 0.9659258243299828 0.2078854168603712 0.15417832321449415
vn 0.9659258236901735 0.20114018251426122 0.16288010961007357
vn 0.9659258220867228 0.19403097221630183 0.17128715085167698
vn 0.9659258258250172 0.1865706469096826 0.1793842041985893
vn 0.9659258239307593 0.17877270488779443 0.18715667941803496
vn 0.9659258243216149 0.17065125908756645 0.1945904665713017
vn 0.965925820457654 0.1622210157989433 0.20167213839885498
vn 0.9659258222758448 0.15349720570287176 0.20838885215419578
vn 0.9659258264012545 0.1444956233700166 0.2147284627569523
vn 0.9659258231831882 0.135232584153035 0.2206795239508473
vn 0.9659258237904403 0.12572482372355592 0.22623123487803412
vn 0.9659258236097124 0.11598955225564275 0.23137356601702477
vn 0.9659258246709386 0.10604438316881751 0.2360972046257907
vn 0.9659258236100408 0.09590732414357406 0.24039361151845134
vn 0.9659258255923516 0.08559671158408527 0.24425499466689535
vn 0.9659258275254671 0.07513120140545833 0.24767437956844537
vn 0.9659258201763739 0.06452974726890662 0.2506456096443949
vn 0.9659258276935956 0.05381150627100328 0.2531632224223891
vn 0.9659258206673752 0.04299589281881757 0.2552227696910491
vn 0.9659258206952602 0.03210248079575465 0.2568204424124883
vn 0.9659258207490806 0.02115097473259006 0.2579533777217822
vn 0.9659258223927611 0.010161184807534775 0.25861951967741154
vn 0.9659258220075189 -0.0008469793328484328 0.25881767521772664
vn 0.9659258269578151 -0.011853620584673152 0.25854745888307556
vn 0.9659258252972674 -0.022838810756132432 0.2578094039150596
vn 0.965925823583198 -0.033782657615750444 0.25660482337543383
vn 0.9659258218010397 -0.044665392908099594 0.2549358928325922
vn 0.9659258235658705 -0.0554672895638857 0.25280562327019296
vn 0.9659258230588738 -0.06616882305627578 0.2502178874568816
vn 0.9659258225001969 -0.07675060707546257 0.24717736494441758
vn 0.9659258249967593 -0.08719351253455085 0.24368954014527808
vn 0.9659258228717806 -0.09747862918293307 0.23976075901216468
vn 0.9659258270222231 -0.10758734653735642 0.23539808741042278
vn 0.9659258247530826 -0.11750138697359629 0.2306094645376866
vn 0.8660253970086911 -0.22699526182155333 -0.445503269176
vn 0.8660254029191515 -0.20784281546484565 -0.4547541814633126
vn 0.8660253909450322 -0.18831425964029933 -0.4631822123685564
vn 0.8660253889307453 -0.16844493164130436 -0.47077205814672984
vn 0.8660253987888737 -0.14827078761447898 -0.4775099812493496
vn 0.8660253925234704 -0.12782834533485532 -0.4833838367524528
vn 0.8660254012461585 -0.10715458703025536 -0.4883829428581693
vn 0.8660253941276409 -0.08628690301421024 -0.4924983117679494
vn 0.8660253948732443 -0.06526309301766804 -0.4957224466618475
vn 0.866025395317475 -0.044121183815523074 -0.49804953147646647
vn 0.8660254044955197 -0.022899432537612695 -0.49947533948917566
vn 0.8660254020409717 -0.0016362316934353633 -0.4999973257584671
vn 0.866025391881533 0.019629905082852183 -0.4996145388625871
vn 0.8660253900805583 0.040860533801096874 -0.4983276437378386
vn 0.8660253990035683 0.06201721059863504 -0.49613896628895715
vn 0.8660254017190767 0.08306169639159601 -0.49305249027853243
vn 0.866025395491786 0.10395583597438002 -0.48907381705644726
vn 0.8660253962879425 0.12466187890971174 -0.4842101082495206
vn 0.866025409555585 0.1451423352916676 -0.47847015843222873
vn 0.8660254045177589 0.16536014092818738 -0.471864411162849
vn 0.8660253922219611 0.18527872945604928 -0.46440479372843557
vn 0.8660253887485202 0.20486202848046708 -0.4561047854713244
vn 0.8660253936337661 0.22407460352244274 -0.4469794062792386
vn 0.8660254043992829 0.2428817049282716 -0.43704516511019176
vn 0.8660254040707582 0.2612492787907619 -0.42632008378140823
vn 0.86602540163764 0.279144112613611 -0.4148235385215311
vn 0.8660253966455256 0.29653382589114435 -0.40257633123088665
vn 0.8660253937153121 0.31338691909530386 -0.38960063703771386
vn 0.8660253997684039 0.32967290721074244 -0.3759199132889787
vn 0.8660254037223326 0.3453623416173729 -0.3615589206479848
vn 0.866025398685524 0.36042681771096113 -0.34654367388011675
vn 0.8660253856361732 0.37483906633174796 -0.3309013535561029
vn 0.8660253975645956 0.3885729950777629 -0.3146601949236366
vn 0.866025401724687 0.4016037645880182 -0.2978496597888374
vn 0.8660253916570079 0.4139078275795423 -0.2805001448728867
vn 0.8660253974428559 0.42546287631073193 -0.2626430122149499
vn 0.8660254002570202 0.43624801048948647 -0.24431062083673852
vn 0.8660254032519374 0.44624371110022554 -0.22553614172858752
vn 0.8660254014257303 0.45543191530284677 -0.2063535185282373
vn 0.866025388645462 0.4637959899685233 -0.18679749974395782
vn 0.8660253978133317 0.47132075353885544 -0.1669034380287784
vn 0.8660253888874742 0.4779926542036574 -0.14670735608565091
vn 0.8660254003086483 0.4837995536986346 -0.12624578353849072
vn 0.8660253969220978 0.4887310017463308 -0.10555576638891233
vn 0.8660253983124386 0.49277803874897824 -0.0846747542334344
vn 0.8660253979719089 0.495933359473465 -0.06364049833997058
vn 0.8660253991351395 0.49819124371673434 -0.042491090087165354
vn 0.8660254016409233 0.4995476084757118 -0.021264773191228187
vn 0.8660253998985323 0.5000000067305871 -5.842995024783186e-9
vn 0.8660253886106064 0.4995476307617838 0.021264780321856643
vn 0.8660253992722241 0.4981912437955939 0.04249108636860105
vn 0.8660253975612754 0.4959333592383139 0.06364050576037561
vn 0.8660253983124386 0.49277803874897824 0.08467475423343446
vn 0.8660253962410106 0.4887310013619674 0.10555577375647852
vn 0.8660253861928158 0.48379957561523734 0.12624579638190128
vn 0.8660254031174844 0.47799263225542343 0.14670734359509688
vn 0.8660253956594787 0.4713207523666547 0.16690345251484173
vn 0.8660253910560434 0.4637959912594993 0.1867974853627474
vn 0.8660254040886777 0.45543191670325756 0.20635350426159377
vn 0.8660253917345797 0.44624373496790865 0.22553613872916006
vn 0.8660254002570202 0.43624801048948647 0.24431062083673857
vn 0.8660253974428559 0.42546287631073193 0.2626430122149499
vn 0.8660253916570079 0.4139078275795423 0.2805001448728867
vn 0.866025391359467 0.4016037895836556 0.29784965622395665
vn 0.8660253975645956 0.3885729950777629 0.3146601949236366
vn 0.8660253941765939 0.37483907002827166 0.33090132701700653
vn 0.866025398685524 0.36042681771096113 0.34654367388011675
vn 0.8660254037223326 0.3453623416173729 0.3615589206479848
vn 0.8660253997684039 0.32967290721074244 0.3759199132889787
vn 0.8660253937153121 0.31338691909530386 0.38960063703771386
vn 0.8660253966455256 0.29653382589114435 0.40257633123088665
vn 0.86602540163764 0.279144112613611 0.4148235385215311
vn 0.8660254040707582 0.2612492787907619 0.42632008378140823
vn 0.8660253931193355 0.24288170176474672 0.43704518922001795
vn 0.8660253936337661 0.22407460352244268 0.4469794062792386
vn 0.8660254031640876 0.20486201698937 0.4561047632611684
vn 0.86602540659903 0.1852787176307387 0.4644047716357938
vn 0.8660254045177589 0.16536014092818732 0.471864411162849
vn 0.8660253972064764 0.14514233322200717 0.47847018141179554
vn 0.8660253954835752 0.12466188624450596 0.4842101077997846
vn 0.8660253948210223 0.10395584334444356 0.48907381667764427
vn 0.8660254017190767 0.08306169639159595 0.49305249027853243
vn 0.8660253984033291 0.062017221731522104 0.496138965945085
vn 0.8660253902123825 0.0408605300820262 0.4983276438136927
vn 0.8660253919448629 0.019629901358997285 0.4996145388991225
vn 0.8660254020185366 -0.001636247525877057 0.4999973257455143
vn 0.8660253916781544 -0.02289942847340584 0.499475361899154
vn 0.866025395317475 -0.04412118381552313 0.49804953147646647
vn 0.8660253940310382 -0.06526310785536131 0.4957224461797595
vn 0.86602539245737 -0.08628692519953386 0.49249831081808626
vn 0.8660254019375618 -0.10715457966522306 0.4883829432480766
vn 0.8660253925234704 -0.12782834533485538 0.4833838367524528
vn 0.8660253987888737 -0.14827078761447904 0.4775099812493496
vn 0.8660254010811683 -0.16844493400460367 0.47077203494938613
vn 0.8660253909450322 -0.18831425964029938 0.4631822123685564
vn 0.8660253938643087 -0.20784279839055644 0.4547542065108928
vn 0.8660253970086911 -0.22699526182155338 0.445503269176
vn 0.7071067662641326 -0.32101976743428906 -0.6300367687841054
vn 0.7071067862978243 -0.2939341139819342 -0.6431195296437656
vn 0.7071067769797169 -0.2663165658644078 -0.6550385429083891
vn 0.7071067720342686 -0.23821710149466244 -0.6657722024076693
vn 0.7071067764331043 -0.20968656459797663 -0.6753010819993421
vn 0.7071067832871916 -0.1807765698979162 -0.683607949635743
vn 0.7071067826138042 -0.1515394627239235 -0.6906777752460974
vn 0.707106760007117 -0.12202811084490595 -0.6964977890243876
vn 0.7071067799206917 -0.09229596100621609 -0.7010573852204464
vn 0.7071067730023537 -0.06239678000209275 -0.7043483892361566
vn 0.707106770240163 -0.03238469367549726 -0.7063648116207868
vn 0.7071067656042024 -0.0023139926956679746 -0.7071030105116001
vn 0.7071067764120037 0.027760880355604256 -0.7065616323252392
vn 0.7071067558035075 0.05778553228321538 -0.704741703147887
vn 0.7071067706958339 0.08770561983300555 -0.7016464487801657
vn 0.7071067916773486 0.11746698248190066 -0.6972815021140054
vn 0.7071067768594982 0.1470157520245962 -0.6916548089733884
vn 0.7071067712775538 0.17629854435751782 -0.6847764870896589
vn 0.7071067797380465 0.20526227664247032 -0.6766589981933588
vn 0.7071067827468335 0.23385456656241255 -0.6673170457071574
vn 0.7071067612337067 0.26202371425566373 -0.656767539838293
vn 0.7071067761704221 0.2897186308327839 -0.6450295512937755
vn 0.7071067772334967 0.3168893492976784 -0.6321243120559058
vn 0.7071067851410148 0.3434865850718733 -0.618075206009108
vn 0.707106767694671 0.3694622807391221 -0.6029076564379
vn 0.7071067753653386 0.3947694038644785 -0.586649065459851
vn 0.7071067767904543 0.41936213235081127 -0.5693289103560397
vn 0.7071067726518309 0.4431960307066332 -0.5509784845488951
vn 0.7071067678828801 0.46622788826840755 -0.5316310515902998
vn 0.7071067804288095 0.48841608354197913 -0.5113215528501787
vn 0.7071067864256532 0.5097204571793825 -0.49008677611584955
vn 0.7071067838850764 0.5301024428694844 -0.46796516563469637
vn 0.7071067670449682 0.5495251997352999 -0.4449967133081902
vn 0.7071067621162017 0.5679535213763888 -0.4212230104418575
vn 0.7071067792795042 0.5853540385715214 -0.3966870961160398
vn 0.707106770110325 0.6016953596257392 -0.3714333181999109
vn 0.7071067834275041 0.6169478422371966 -0.3455073903546437
vn 0.7071067789486305 0.6310839145000975 -0.31895626036202235
vn 0.7071067604104972 0.6440780083799003 -0.29182794332132167
vn 0.7071067695456608 0.6559065584641741 -0.26417154090927863
vn 0.7071067747890014 0.6665481978779624 -0.23603709232478098
vn 0.7071067726107408 0.6759836707442803 -0.20747551425435795
vn 0.7071067774922378 0.6841958842564243 -0.17853850338543906
vn 0.707106781069495 0.6911699889025666 -0.14927841975973255
vn 0.7071067652214038 0.6968933901856558 -0.11974817448990925
vn 0.7071067612703771 0.7013556879734918 -0.0900012617297553
vn 0.7071067583216629 0.704548825030063 -0.06009147597277853
vn 0.7071067872725829 0.7064669909991077 -0.030072945012294863
vn 0.7071067811865475 0.7071067811865477 -3.3720089631518666e-10
vn 0.7071067870745392 0.7064669908012433 0.03007295431709822
vn 0.7071067583216629 0.704548825030063 0.06009147597277861
vn 0.7071067903561498 0.7013556572180563 0.09000127288240269
vn 0.7071067658522798 0.6968933908074194 0.11974816714616732
vn 0.7071067550846651 0.6911700231080272 0.14927838447171277
vn 0.707106775611029 0.6841958824361682 0.1785385178116111
vn 0.7071067704246311 0.6759836686543916 0.20747552851408252
vn 0.7071067723019464 0.6665481955335611 0.2360371063957463
vn 0.7071067695456608 0.6559065584641741 0.26417154090927875
vn 0.7071067665603109 0.6440780139815434 0.2918279160570709
vn 0.7071067789486305 0.6310839145000975 0.31895626036202246
vn 0.7071067834275041 0.6169478422371966 0.3455073903546438
vn 0.707106770110325 0.6016953596257392 0.371433318199911
vn 0.7071067792795042 0.5853540385715214 0.3966870961160399
vn 0.7071067771770398 0.5679534738687229 0.42122304921591125
vn 0.7071067670449682 0.5495251997352999 0.4449967133081903
vn 0.7071067740234476 0.5301024354764375 0.46796518891056665
vn 0.7071067760978461 0.5097204497345458 0.4900867987600998
vn 0.7071067701362099 0.4884161062349492 0.5113215454074158
vn 0.7071067678828801 0.46622788826840744 0.5316310515902998
vn 0.7071067726518309 0.4431960307066331 0.5509784845488951
vn 0.7071067679530579 0.4193621569119599 0.5693289032405864
vn 0.7071067753653388 0.39476940386447845 0.5866490654598512
vn 0.707106767694671 0.36946228073912196 0.6029076564379
vn 0.7071067779025758 0.3434866113580274 0.6180751996820586
vn 0.7071067772334967 0.3168893492976783 0.6321243120559058
vn 0.7071067761704223 0.2897186308327839 0.6450295512937756
vn 0.7071067667554432 0.26202368649946217 0.6567675449669348
vn 0.7071067827468335 0.2338545665624125 0.6673170457071574
vn 0.7071067819008358 0.20526226236913345 0.6766590002630192
vn 0.7071067731351607 0.17629852991950204 0.6847764888886029
vn 0.7071067753104354 0.1470157666036892 0.6916548074581763
vn 0.7071067629079878 0.11746697025205609 0.6972815333490409
vn 0.7071067716199627 0.08770560504646806 0.7016464496971583
vn 0.7071067559557248 0.05778552857036443 0.7047417032995952
vn 0.7071067761560587 0.027760893384071995 0.7065616320694915
vn 0.7071067655977259 -0.0023139966537677895 0.7071030105051236
vn 0.7071067704107771 -0.032384686232730664 0.7063648117912218
vn 0.7071067728379895 -0.06239678371287927 0.7043483890724336
vn 0.7071067799206917 -0.09229596100621618 0.7010573852204464
vn 0.707106760007117 -0.12202811084490603 0.6964977890243876
vn 0.7071067842105319 -0.15153944816495543 0.6906777768057265
vn 0.7071067563800612 -0.18077654811776786 0.6836079832274439
vn 0.7071067764331043 -0.2096865645979767 0.6753010819993421
vn 0.7071067745442936 -0.23821708743910314 0.6657722047709684
vn 0.7071067769797169 -0.2663165658644079 0.6550385429083891
vn 0.7071067529981644 -0.2939341299420667 0.64311955896209
vn 0.7071067662641326 -0.32101976743428917 0.6300367687841054
vn 0.4999999994469829 -0.393167316478748 -0.771634279828156
vn 0.499999990277097 -0.3599942852588369 -0.7876573647874322
vn 0.4999999985089786 -0.32616984746942496 -0.8022550916590019
vn 0.500000001045059 -0.2917551702398532 -0.8154010789747922
vn 0.49999999330653466 -0.2568125392389937 -0.8270715364362901
vn 0.499999994775086 -0.22140517599484075 -0.8372453363665918
vn 0.5000000079306828 -0.18559715446169214 -0.8459040656747312
vn 0.5000000073294065 -0.14945329944823119 -0.8530320650213746
vn 0.5000000099915306 -0.11303901153191749 -0.8586164288437279
vn 0.50000000465487 -0.07642013650752154 -0.8626470646106097
vn 0.5000000048924244 -0.0396629836565955 -0.8651166642916042
vn 0.49999998610485347 -0.0028340480434083954 -0.8660207746161948
vn 0.4999999884886083 0.03399998616380863 -0.8653577366917409
vn 0.5000000149989081 0.07077252332081711 -0.8631287476059966
vn 0.500000005186322 0.10741699598390744 -0.8593378752199108
vn 0.4999999894745987 0.14386705751358972 -0.8539919673438283
vn 0.4999999978177518 0.1800568095931712 -0.8471006714088808
vn 0.5000000113833651 0.2159207363410946 -0.8386764717306395
vn 0.5000000006193196 0.25139391453410387 -0.8287346373332661
vn 0.4999999898777628 0.2864121438694766 -0.8172931505685873
vn 0.5000000002263786 0.3209121526740583 -0.8043726686304821
vn 0.49999999806366774 0.3548314259615963 -0.7899966209335281
vn 0.49999999189108035 0.38810860481258974 -0.7741910093635451
vn 0.5000000098251205 0.42068345181282646 -0.7569844275450618
vn 0.5000000106595899 0.45249701510951174 -0.738408044821691
vn 0.5000000048450727 0.4834917830588241 -0.7184954355244896
vn 0.4999999961673493 0.5136116107671445 -0.6972826665835241
vn 0.49999999959707064 0.5428020353711417 -0.6748080844209524
vn 0.4999999966657239 0.5710102281639294 -0.6511123733016085
vn 0.49999998609235835 0.5981851053744036 -0.6262384478901429
vn 0.4999999903957459 0.6242775201092376 -0.6002312783340389
vn 0.4999999984328756 0.6492402533209548 -0.5731379371799311
vn 0.49999998539409024 0.6730281514020924 -0.5450074513492379
vn 0.5000000038625918 0.6955981308313873 -0.5158907214917594
vn 0.5000000058667672 0.716909357376572 -0.48584047529939617
vn 0.5000000042380941 0.7369232836243831 -0.45491105703660645
vn 0.4999999911477594 0.7556037173009866 -0.42315839971950375
vn 0.5000000010777368 0.7729167954892444 -0.39064002121249775
vn 0.49999998946860486 0.788831217363285 -0.3574147745191192
vn 0.49999998959879205 0.803318185784616 -0.3235427371908092
vn 0.500000003428317 0.816351478928875 -0.289085211351811
vn 0.5000000068031328 0.8279075139159445 -0.25410458791290463
vn 0.5000000101474416 0.8379653862309581 -0.21866412904580274
vn 0.500000002251062 0.8465068974458756 -0.18282798014936244
vn 0.5000000025498539 0.8535165830270021 -0.14666096940923637
vn 0.5000000123632053 0.8589817497933074 -0.11022858594222439
vn 0.5000000099935686 0.8628925257535264 -0.07359673229927316
vn 0.5000000022293369 0.8652418294384285 -0.036831703201244057
vn 0.5000000067305866 0.8660253998985326 1.1764847974060487e-8
vn 0.5000000025723588 0.8652418300320223 0.036831684600060734
vn 0.5000000097193994 0.8628925252803693 0.0735967397094981
vn 0.49999998717418753 0.8589817661241385 0.11022857293854459
vn 0.5000000025498539 0.8535165830270021 0.14666096940923648
vn 0.500000002251062 0.8465068974458756 0.18282798014936255
vn 0.49999998517412697 0.8379654039820554 0.2186641181242669
vn 0.5000000105895862 0.8279075201856109 0.25410456003489207
vn 0.5000000077360223 0.8163514859620783 0.289085184040076
vn 0.5000000087183762 0.8033181568981903 0.32354277936513776
vn 0.500000007651711 0.7888311864454436 0.35741481731926406
vn 0.49999999525674677 0.7729167864909624 0.3906400464669966
vn 0.4999999911477594 0.7556037173009866 0.42315839971950386
vn 0.4999999890547712 0.7369233208511384 0.45491101342016194
vn 0.5000000131063546 0.7169093677568278 0.48584045253164215
vn 0.5000000038625918 0.6955981308313873 0.5158907214917594
vn 0.49999998539409024 0.6730281514020924 0.5450074513492379
vn 0.4999999984328756 0.6492402533209548 0.5731379371799311
vn 0.4999999903957459 0.6242775201092376 0.6002312783340389
vn 0.49999998609235835 0.5981851053744036 0.6262384478901429
vn 0.4999999966657239 0.5710102281639294 0.6511123733016085
vn 0.49999999959707064 0.5428020353711417 0.6748080844209524
vn 0.4999999961673493 0.5136116107671445 0.6972826665835241
vn 0.5000000048450727 0.483491783058824 0.7184954355244896
vn 0.5000000039168585 0.45249703880970277 0.7384080348639169
vn 0.4999999872652262 0.4206834328316783 0.7569844529947284
vn 0.4999999976743489 0.38810857949934 0.7741910183182542
vn 0.49999999806366774 0.35483142596159617 0.7899966209335281
vn 0.5000000002263786 0.3209121526740582 0.8043726686304821
vn 0.5000000099671225 0.2864121851794729 0.8172931238017342
vn 0.5000000006193196 0.25139391453410376 0.8287346373332661
vn 0.5000000129921001 0.21592072213465135 0.8386764744290557
vn 0.4999999978177518 0.18005680959317108 0.8471006714088808
vn 0.49999998733081247 0.1438670866990708 0.8539919636822758
vn 0.5000000063868005 0.10741697389006884 0.859337877283144
vn 0.49999998901201825 0.07077252709308202 0.863128762350578
vn 0.4999999881086287 0.03400000848971117 0.8653577360341043
vn 0.4999999861229994 -0.0028340352378263085 0.8660207746476242
vn 0.5000000051879365 -0.03966296877887605 0.8651166648029092
vn 0.50000000465487 -0.07642013650752165 0.8626470646106097
vn 0.4999999865082821 -0.11303896896996933 0.858616448122166
vn 0.5000000039888643 -0.14945334315320513 0.8530320593221955
vn 0.5000000079306828 -0.18559715446169225 0.8459040656747312
vn 0.49999999642468307 -0.22140516182413844 0.8372453391288267
vn 0.4999999971333394 -0.25681251140221456 0.8270715427663727
vn 0.499999996697568 -0.2917551975053695 0.8154010718848944
vn 0.5000000033692878 -0.32616982083767515 0.8022550994574176
vn 0.500000008386782 -0.3599943280999264 0.7876573337112406
vn 0.4999999994469829 -0.3931673164787481 0.771634279828156
vn 0.2588190494750183 -0.43852115666688607 -0.8606462076744336
vn 0.2588190418584178 -0.4015214713648316 -0.8785176216812678
vn 0.25881904214811163 -0.36379518895775204 -0.8947992869424558
vn 0.2588190424278722 -0.32541060295755664 -0.9094617324327169
vn 0.25881904260792515 -0.2864371526780877 -0.9224784337583112
vn 0.25881903876215945 -0.24694537651399667 -0.9338258329006498
vn 0.2588190389805451 -0.2070067338660868 -0.9434833952938876
vn 0.2588190404120331 -0.16669349164725233 -0.9514336467471821
vn 0.2588190368216147 -0.12607861723336553 -0.9576621995543387
vn 0.2588190426260077 -0.0852355879198225 -0.9621577821366509
vn 0.2588190504350921 -0.04423830401875441 -0.9649122610835772
vn 0.25881905050298387 -0.0031609650142926903 -0.9659206527437502
vn 0.25881904874780404 0.03792207390457418 -0.9651811313510318
vn 0.25881903682491286 0.07893650771064348 -0.9626950368249917
vn 0.2588190377537787 0.1198080676385683 -0.958466865689639
vn 0.25881903994546746 0.1604628689056265 -0.9525042636462486
vn 0.2588190453607542 0.20082728698544322 -0.9448180261619771
vn 0.2588190447457195 0.24082827671282428 -0.9354220668834173
vn 0.2588190426732933 0.2803934504089514 -0.9243333901344486
vn 0.2588190467006348 0.3194512464674917 -0.9115720499199943
vn 0.25881904400418804 0.3579310183844079 -0.8971611274119375
vn 0.25881903709169485 0.3957630295814673 -0.8811267391558529
vn 0.2588190513516466 0.43287886479456394 -0.863497879019748
vn 0.25881903737869916 0.4692113882108019 -0.8443064485503208
vn 0.25881903587053745 0.5046948639118113 -0.8235871544724843
vn 0.25881903969993436 0.5392650283812468 -0.8013775226781552
vn 0.25881903624876823 0.5728593305153025 -0.7777177469473217
vn 0.2588190422398709 0.6054170099018242 -0.7526506144922559
vn 0.25881904185034893 0.6368791417043256 -0.7262214968159706
vn 0.25881904750478635 0.6671887735906723 -0.6984782323331845
vn 0.2588190498243161 0.6962911057052493 -0.6694709818683702
vn 0.2588190392301967 0.7241334195838498 -0.6392522941482168
vn 0.25881903854982324 0.7506653518970103 -0.6078768253071364
vn 0.25881903772061293 0.7758388938003593 -0.5754013526053017
vn 0.2588190413965046 0.7996085216942406 -0.5418845964267168
vn 0.25881904591745225 0.821931130977702 -0.5073873445407319
vn 0.2588190494745367 0.8427664231623081 -0.4719718801150198
vn 0.25881904728066846 0.8620766522677098 -0.43570235985087946
vn 0.2588190403936341 0.8798268923200402 -0.3986443827274862
vn 0.2588190438777487 0.8959850081218483 -0.3608650270490331
vn 0.2588190473286512 0.9105217586713256 -0.3224326716168285
vn 0.25881904785703247 0.9234108479405181 -0.28341684207568313
vn 0.2588190408663013 0.9346289534675577 -0.24388813711450946
vn 0.2588190470149591 0.9441557649839026 -0.20391810206533884
vn 0.2588190470493629 0.9519740468630483 -0.16357907868566288
vn 0.25881903779511906 0.9580696604989143 -0.12294401696017586
vn 0.2588190465550788 0.9624315608794839 -0.0820864895302522
vn 0.25881903765503 0.9650518671172674 -0.04108040312363434
vn 0.25881904712649245 0.9659258257467467 9.663763312519422e-9
vn 0.2588190375362038 0.9650518666742031 0.0410804142806447
vn 0.2588190465550788 0.9624315608794839 0.08208648953025231
vn 0.2588190375580397 0.9580696596213183 0.12294402429813914
vn 0.25881904831111513 0.9519740515039562 0.16357904968079398
vn 0.2588190470149591 0.9441557649839026 0.20391810206533895
vn 0.2588190408663013 0.9346289534675577 0.24388813711450957
vn 0.25881904785703247 0.9234108479405181 0.28341684207568324
vn 0.2588190473286512 0.9105217586713256 0.3224326716168286
vn 0.2588190438777487 0.8959850081218483 0.3608650270490332
vn 0.258819043468541 0.8798269027728484 0.39864435766126977
vn 0.25881904728066846 0.8620766522677098 0.4357023598508796
vn 0.2588190494745367 0.8427664231623081 0.4719718801150199
vn 0.25881904591745225 0.821931130977702 0.5073873445407319
vn 0.2588190413965046 0.7996085216942406 0.5418845964267168
vn 0.258819046597224 0.7758389204089897 0.575401312734962
vn 0.25881903854982324 0.7506653518970103 0.6078768253071364
vn 0.2588190392301967 0.7241334195838498 0.6392522941482168
vn 0.2588190498243161 0.6962911057052493 0.6694709818683702
vn 0.25881904750478635 0.6671887735906723 0.6984782323331845
vn 0.25881904185034893 0.6368791417043256 0.7262214968159706
vn 0.2588190422398709 0.6054170099018242 0.7526506144922559
vn 0.25881903624876823 0.5728593305153025 0.7777177469473217
vn 0.25881903969993436 0.5392650283812468 0.8013775226781552
vn 0.25881903587053745 0.5046948639118113 0.8235871544724843
vn 0.2588190504036603 0.4692114118236711 0.8443064314350478
vn 0.25881904801267486 0.4328788890124048 0.863497867879938
vn 0.25881904014437657 0.39576300444703433 0.8811267495484405
vn 0.2588190467650561 0.357930992400198 0.8971611369821126
vn 0.2588190442365767 0.31945127322851374 0.9115720412414734
vn 0.2588190426732933 0.2803934504089513 0.9243333901344486
vn 0.2588190447457195 0.24082827671282417 0.9354220668834173
vn 0.25881904613528556 0.20082727268526937 0.9448180289894013
vn 0.25881903994546746 0.1604628689056264 0.9525042636462486
vn 0.2588190370606822 0.1198080896694731 0.9584668631229422
vn 0.2588190372815649 0.07893648549817517 0.96269503852354
vn 0.2588190487112405 0.03792207762450715 0.9651811312146802
vn 0.25881905048869763 -0.003160982476417066 0.9659206526904334
vn 0.2588190503924387 -0.04423830773675444 0.9649122609245593
vn 0.2588190432834645 -0.08523555833401725 0.9621577845807415
vn 0.2588190373078626 -0.1260786025690709 0.9576622013535155
vn 0.258819041697808 -0.166693462673039 0.9514336514737645
vn 0.2588190381821814 -0.20700674812870642 0.9434833923835803
vn 0.25881903876215945 -0.24694537651399678 0.9338258329006498
vn 0.2588190403985182 -0.28643718003524116 0.9224784258835806
vn 0.2588190424278722 -0.32541060295755675 0.9094617324327169
vn 0.25881904214811163 -0.36379518895775215 0.8947992869424558
vn 0.2588190418584178 -0.4015214713648317 0.8785176216812678
vn 0.2588190494750183 -0.4385211566668862 0.8606462076744336
vn 2.2327082412324177e-16 -0.4539904893272533 -0.8910065294936963
vn 2.147654383832297e-16 -0.41568562968369777 -0.9095083602004258
vn 2.0609301431705976e-16 -0.37662849775017426 -0.9263643854782235
vn 1.9726926287231341e-16 -0.3368898648544353 -0.9415440610817745
vn 1.8831014040694467e-16 -0.2965415700972637 -0.9550199459719412
vn 1.7923187807667272e-16 -0.2556566954286848 -0.9667676318963541
vn 1.7005088148844527e-16 -0.2143091721761204 -0.9767658771277722
vn 1.6078376329240396e-16 -0.1725738002554601 -0.9849965905856672
vn 1.5144731693192654e-16 -0.13052618200608698 -0.9914448627185043
vn 1.4205842375087936e-16 -0.08824236504286079 -0.9960990337369285
vn 1.326340787854504e-16 -0.045798865188040105 -0.9989506814390228
vn 1.2319131930584734e-16 -0.0032724633671069162 -0.99999464547742
vn 1.1374725882018712e-16 0.03925981088517214 -0.9992290364322189
vn 1.0431896459380022e-16 0.08172106857742394 -0.9966552397647663
vn 9.492351115655742e-17 0.12403441914308351 -0.9922779161443824
vn 8.557788343285129e-17 0.16612339159464123 -0.9861049735018546
vn 7.62990190349013e-17 0.2079116659761664 -0.9781476060140489
vn 6.71036893504331e-17 0.24932375134482843 -0.9684201913505017
vn 5.800853400888518e-17 0.29028468712039973 -0.9569403327394095
vn 4.9030033359297345e-17 0.33072028269650167 -0.9437288247230483
vn 4.018440187046404e-17 0.3705574645845055 -0.9288095420702261
vn 3.1487676048052416e-17 0.4097240330982598 -0.9122095245620363
vn 2.295557851223771e-17 0.44814916746974054 -0.8939587930638518
vn 1.4603543145958234e-17 0.4857634108911619 -0.8740903320820934
vn 6.446701711335833e-18 0.5224985580997583 -0.8526401684084991
vn -1.500201240756279e-18 0.5582882210753836 -0.8296470708732018
vn -9.222785758708137e-18 0.5930676371157734 -0.8051526425504132
vn -1.670706266296284e-17 0.6267738163284376 -0.7792012468965164
vn -2.3939493650512745e-17 0.6593458052486975 -0.7518398161183981
vn -3.090700194641814e-17 0.6907246830861421 -0.7231178411403971
vn -3.75969732864483e-17 0.7208536226893706 -0.6930873355181225
vn -4.39972875986478e-17 0.7496780889995379 -0.6618026615797199
vn -5.0096386696777654e-17 0.7771459734110079 -0.6293203762878308
vn -5.588321092469442e-17 0.8032075234449987 -0.5956993153272476
vn -6.134731383305829e-17 0.8278156480626914 -0.5610002253319925
vn -6.64787845411915e-17 0.8509257339284235 -0.5252860128904763
vn -7.126834644835702e-17 0.8724960103176516 -0.48862123570285043
vn -7.570732954216575e-17 0.8924874205541348 -0.45107228262511007
vn -7.97877116324156e-17 0.9108638231632019 -0.4127070336843256
vn -8.350209733346662e-17 0.9275919332999829 -0.37359497490838905
vn -8.684377261651762e-17 0.9426414875796228 -0.33380686915292157
vn -8.980668201743699e-17 0.9559852539425864 -0.2934147137488651
vn -9.238547345044337e-17 0.9675990957469011 -0.25249156403685913
vn -9.457547566038656e-17 0.9774619802565869 -0.21111152775931422
vn -9.637272134995234e-17 0.9855560588161857 -0.1693495052567535
vn -9.777396514356911e-17 0.9918666989755022 -0.12728099411711374
vn -9.877666738643883e-17 0.996382471386087 -0.08498217880563799
vn -9.937901483911601e-17 0.9990952095327871 -0.042529546066659416
vn -9.957991966651452e-17 1 -1.1685989892259232e-8
vn -9.93790147918807e-17 0.9990952090579125 0.04252955722231603
vn -9.877666744898092e-17 0.9963824720169632 0.08498217140886541
vn -9.777396514356911e-17 0.9918666989755022 0.12728099411711385
vn -9.637272134995234e-17 0.9855560588161857 0.1693495052567536
vn -9.457547536287037e-17 0.9774619771816804 0.21111154199635918
vn -9.238547275525788e-17 0.9675990884658772 0.252491591939224
vn -8.980668280274608e-17 0.9559852623021416 0.2934146865122896
vn -8.684377175257665e-17 0.9426414782020178 0.3338068956344593
vn -8.350209733346662e-17 0.9275919332999829 0.37359497490838917
vn -7.978771261377479e-17 0.9108638343664882 0.4127070089581458
vn -7.570732954216575e-17 0.8924874205541348 0.4510722826251102
vn -7.126834644835702e-17 0.8724960103176516 0.48862123570285054
vn -6.64787845411915e-17 0.8509257339284235 0.5252860128904763
vn -6.134731383305829e-17 0.8278156480626914 0.5610002253319925
vn -5.588321092469442e-17 0.8032075234449987 0.5956993153272476
vn -5.0096386696777654e-17 0.7771459734110079 0.6293203762878308
vn -4.39972875986478e-17 0.7496780889995379 0.6618026615797199
vn -3.75969732864483e-17 0.7208536226893706 0.6930873355181225
vn -3.090700194641814e-17 0.6907246830861421 0.7231178411403971
vn -2.3939493650512745e-17 0.6593458052486975 0.7518398161183981
vn -1.670706266296284e-17 0.6267738163284376 0.7792012468965164
vn -9.222785758708137e-18 0.5930676371157734 0.8051526425504132
vn -1.500201240756279e-18 0.5582882210753836 0.8296470708732018
vn 6.446701711335833e-18 0.5224985580997583 0.8526401684084991
vn 1.4603543145958234e-17 0.48576341089116176 0.8740903320820934
vn 2.2955571588200913e-17 0.44814919128663283 0.8939587811242401
vn 3.1487676048052416e-17 0.40972403309825967 0.9122095245620363
vn 4.01844089316845e-17 0.37055743887442333 0.9288095523275091
vn 4.9030033359297345e-17 0.33072028269650156 0.9437288247230483
vn 5.800854112817094e-17 0.29028465982937607 0.9569403410180507
vn 6.710368579240618e-17 0.24932376531969822 0.9684201877526138
vn 7.629901548979502e-17 0.20791168023319073 0.9781476029836251
vn 8.557788695341598e-17 0.16612337710470687 0.98610497594289
vn 9.492350593030921e-17 0.1240344411509538 0.9922779133934053
vn 1.0431896631167809e-16 0.08172106117660058 0.9966552403715991
vn 1.1374726050782038e-16 0.03925980344607507 0.9992290367245016
vn 1.2319132632411717e-16 -0.0032724950317357835 0.9999946453737977
vn 1.326340771763476e-16 -0.04579885775308734 0.9989506817798929
vn 1.4205842218991544e-16 -0.08824235765029599 0.9960990343918206
vn 1.5144731994608514e-16 -0.1305261966533756 0.9914448607901523
vn 1.607837785225967e-16 -0.1725738393020912 0.9849965837446016
vn 1.7005087872277267e-16 -0.21430915795934594 0.9767658802470303
vn 1.7923187807667272e-16 -0.2556566954286849 0.9667676318963541
vn 1.8831014040694467e-16 -0.2965415700972638 0.9550199459719412
vn 1.9726926287231341e-16 -0.3368898648544354 0.9415440610817745
vn 2.060930186212334e-16 -0.37662852332506663 0.9263643750803351
vn 2.147654344263842e-16 -0.4156856050310534 0.9095083714677766
vn 2.2327082771983875e-16 -0.4539905129870972 0.8910065174384036
vn -0.2588190494750181 -0.4385211566668862 -0.8606462076744336
vn -0.2588190418584176 -0.4015214713648317 -0.8785176216812678
vn -0.2588190421481115 -0.36379518895775215 -0.8947992869424558
vn -0.25881904242787207 -0.32541060295755675 -0.9094617324327169
vn -0.25881904260792504 -0.28643715267808784 -0.9224784337583112
vn -0.25881903876215934 -0.24694537651399678 -0.9338258329006498
vn -0.258819038980545 -0.20700673386608692 -0.9434833952938876
vn -0.25881904041203296 -0.16669349164725245 -0.9514336467471821
vn -0.2588190368216146 -0.12607861723336564 -0.9576621995543387
vn -0.2588190426260077 -0.08523558791982261 -0.9621577821366509
vn -0.2588190504350921 -0.04423830401875452 -0.9649122610835772
vn -0.25881905050298387 -0.0031609650142928056 -0.9659206527437502
vn -0.25881904874780404 0.03792207390457407 -0.9651811313510318
vn -0.25881903682491286 0.07893650771064337 -0.9626950368249917
vn -0.2588190377537787 0.11980806763856819 -0.958466865689639
vn -0.25881903994546757 0.1604628689056264 -0.9525042636462486
vn -0.2588190453607543 0.2008272869854431 -0.9448180261619771
vn -0.2588190447457196 0.24082827671282417 -0.9354220668834173
vn -0.2588190426732934 0.2803934504089513 -0.9243333901344486
vn -0.25881904670063494 0.31945124646749157 -0.9115720499199943
vn -0.25881904400418815 0.3579310183844078 -0.8971611274119375
vn -0.25881903709169507 0.3957630295814672 -0.8811267391558529
vn -0.25881905135164684 0.43287886479456383 -0.863497879019748
vn -0.2588190373786994 0.46921138821080177 -0.8443064485503208
vn -0.2588190358705377 0.5046948639118111 -0.8235871544724843
vn -0.2588190396999346 0.5392650283812466 -0.8013775226781552
vn -0.25881903624876845 0.5728593305153022 -0.7777177469473217
vn -0.2588190422398711 0.605417009901824 -0.7526506144922559
vn -0.25881904185034926 0.6368791417043254 -0.7262214968159706
vn -0.2588190475047867 0.6671887735906721 -0.6984782323331845
vn -0.2588190498243164 0.6962911057052491 -0.6694709818683702
vn -0.25881903923019706 0.7241334195838496 -0.6392522941482168
vn -0.2588190385498236 0.7506653518970101 -0.6078768253071364
vn -0.25881903772061327 0.7758388938003591 -0.5754013526053017
vn -0.2588190413965049 0.7996085216942403 -0.5418845964267168
vn -0.25881904591745264 0.8219311309777019 -0.507387344540732
vn -0.2588190494745371 0.8427664231623081 -0.4719718801150199
vn -0.25881904728066885 0.8620766522677097 -0.4357023598508795
vn -0.2588190403936346 0.8798268923200402 -0.3986443827274863
vn -0.2588190438777492 0.8959850081218483 -0.36086502704903317
vn -0.25881904732865163 0.9105217586713253 -0.3224326716168285
vn -0.2588190478570329 0.9234108479405179 -0.28341684207568313
vn -0.2588190408663018 0.9346289534675576 -0.24388813711450952
vn -0.25881904701495956 0.9441557649839024 -0.20391810206533884
vn -0.25881904704936337 0.9519740468630481 -0.16357907868566288
vn -0.2588190377951195 0.9580696604989141 -0.12294401696017586
vn -0.2588190465550793 0.9624315608794839 -0.08208648953025222
vn -0.25881903765503045 0.9650518671172672 -0.04108040312363434
vn -0.2588190471264929 0.9659258257467465 9.663763312519422e-9
vn -0.2588190375362042 0.9650518666742028 0.0410804142806447
vn -0.2588190465550793 0.9624315608794839 0.08208648953025233
vn -0.25881903755804014 0.9580696596213181 0.12294402429813914
vn -0.2588190483111156 0.951974051503956 0.16357904968079398
vn -0.25881904701495956 0.9441557649839024 0.20391810206533895
vn -0.25881904086630175 0.9346289534675575 0.24388813711450957
vn -0.2588190478570329 0.9234108479405179 0.28341684207568324
vn -0.25881904732865163 0.9105217586713253 0.3224326716168286
vn -0.2588190438777492 0.8959850081218483 0.3608650270490333
vn -0.25881904346854145 0.8798269027728481 0.39864435766126977
vn -0.2588190472806688 0.8620766522677096 0.4357023598508796
vn -0.25881904947453704 0.8427664231623079 0.4719718801150199
vn -0.25881904591745264 0.8219311309777019 0.507387344540732
vn -0.2588190413965049 0.7996085216942403 0.5418845964267168
vn -0.2588190465972243 0.7758389204089895 0.575401312734962
vn -0.2588190385498236 0.7506653518970101 0.6078768253071364
vn -0.25881903923019706 0.7241334195838496 0.6392522941482168
vn -0.2588190498243164 0.6962911057052491 0.6694709818683702
vn -0.2588190475047867 0.6671887735906721 0.6984782323331845
vn -0.25881904185034926 0.6368791417043254 0.7262214968159706
vn -0.2588190422398711 0.605417009901824 0.7526506144922559
vn -0.25881903624876845 0.5728593305153022 0.7777177469473217
vn -0.2588190396999346 0.5392650283812466 0.8013775226781552
vn -0.2588190358705377 0.5046948639118111 0.8235871544724843
vn -0.25881905040366054 0.469211411823671 0.8443064314350478
vn -0.2588190480126751 0.4328788890124047 0.863497867879938
vn -0.2588190401443768 0.3957630044470342 0.8811267495484405
vn -0.25881904676505624 0.3579309924001979 0.8971611369821126
vn -0.2588190442365768 0.31945127322851363 0.9115720412414734
vn -0.2588190426732934 0.2803934504089512 0.9243333901344486
vn -0.2588190447457196 0.24082827671282406 0.9354220668834173
vn -0.25881904613528567 0.20082727268526926 0.9448180289894013
vn -0.25881903994546757 0.16046286890562628 0.9525042636462486
vn -0.2588190370606822 0.11980808966947298 0.9584668631229422
vn -0.2588190372815649 0.07893648549817506 0.96269503852354
vn -0.2588190487112405 0.03792207762450704 0.9651811312146802
vn -0.25881905048869763 -0.0031609824764171814 0.9659206526904334
vn -0.2588190503924387 -0.04423830773675455 0.9649122609245593
vn -0.2588190432834645 -0.08523555833401736 0.9621577845807415
vn -0.2588190373078625 -0.12607860256907102 0.9576622013535155
vn -0.2588190416978079 -0.1666934626730391 0.9514336514737645
vn -0.25881903818218127 -0.20700674812870654 0.9434833923835803
vn -0.25881903876215934 -0.2469453765139969 0.9338258329006498
vn -0.2588190403985181 -0.28643718003524127 0.9224784258835806
vn -0.25881904242787207 -0.32541060295755686 0.9094617324327169
vn -0.2588190421481115 -0.36379518895775226 0.8947992869424558
vn -0.2588190418584176 -0.4015214713648318 0.8785176216812678
vn -0.2588190494750181 -0.4385211566668863 0.8606462076744336
vn -0.4999999994469827 -0.3931673164787482 -0.771634279828156
vn -0.49999999027709685 -0.35999428525883714 -0.7876573647874322
vn -0.4999999985089784 -0.3261698474694252 -0.8022550916590019
vn -0.5000000010450588 -0.2917551702398534 -0.8154010789747922
vn -0.4999999933065345 -0.25681253923899394 -0.8270715364362901
vn -0.49999999477508594 -0.22140517599484097 -0.8372453363665918
vn -0.5000000079306827 -0.18559715446169237 -0.8459040656747312
vn -0.5000000073294064 -0.1494532994482314 -0.8530320650213746
vn -0.5000000099915306 -0.11303901153191771 -0.8586164288437279
vn -0.50000000465487 -0.07642013650752176 -0.8626470646106097
vn -0.5000000048924244 -0.03966298365659572 -0.8651166642916042
vn -0.49999998610485347 -0.0028340480434086174 -0.8660207746161948
vn -0.4999999884886083 0.03399998616380841 -0.8653577366917409
vn -0.5000000149989081 0.07077252332081689 -0.8631287476059966
vn -0.500000005186322 0.10741699598390722 -0.8593378752199108
vn -0.4999999894745988 0.1438670575135895 -0.8539919673438283
vn -0.49999999781775184 0.18005680959317097 -0.8471006714088808
vn -0.5000000113833653 0.21592073634109438 -0.8386764717306395
vn -0.5000000006193198 0.25139391453410365 -0.8287346373332661
vn -0.49999998987776295 0.2864121438694764 -0.8172931505685873
vn -0.5000000002263788 0.3209121526740581 -0.8043726686304821
vn -0.4999999980636679 0.35483142596159606 -0.7899966209335281
vn -0.4999999918910806 0.3881086048125895 -0.7741910093635451
vn -0.5000000098251207 0.42068345181282624 -0.7569844275450618
vn -0.5000000106595901 0.4524970151095115 -0.738408044821691
vn -0.5000000048450729 0.4834917830588239 -0.7184954355244896
vn -0.4999999961673495 0.5136116107671442 -0.6972826665835241
vn -0.49999999959707087 0.5428020353711415 -0.6748080844209524
vn -0.49999999666572414 0.5710102281639292 -0.6511123733016085
vn -0.4999999860923586 0.5981851053744034 -0.6262384478901429
vn -0.4999999903957461 0.6242775201092374 -0.6002312783340389
vn -0.4999999984328759 0.6492402533209546 -0.5731379371799311
vn -0.4999999853940905 0.6730281514020922 -0.5450074513492379
vn -0.5000000038625921 0.6955981308313871 -0.5158907214917594
vn -0.5000000058667675 0.7169093573765718 -0.48584047529939617
vn -0.5000000042380944 0.7369232836243829 -0.45491105703660645
vn -0.4999999911477598 0.7556037173009864 -0.42315839971950375
vn -0.5000000010777372 0.7729167954892442 -0.39064002121249775
vn -0.49999998946860524 0.7888312173632848 -0.3574147745191192
vn -0.49999998959879244 0.8033181857846158 -0.3235427371908092
vn -0.5000000034283174 0.8163514789288748 -0.289085211351811
vn -0.5000000068031333 0.8279075139159443 -0.25410458791290463
vn -0.500000010147442 0.8379653862309578 -0.21866412904580274
vn -0.5000000022510624 0.8465068974458754 -0.18282798014936244
vn -0.5000000025498543 0.8535165830270018 -0.14666096940923637
vn -0.5000000123632058 0.8589817497933072 -0.11022858594222439
vn -0.5000000099935691 0.8628925257535262 -0.07359673229927316
vn -0.5000000022293374 0.8652418294384283 -0.036831703201244057
vn -0.5000000067305871 0.8660253998985323 1.1764847974060487e-8
vn -0.5000000025723592 0.865241830032022 0.036831684600060734
vn -0.5000000097193998 0.8628925252803691 0.0735967397094981
vn -0.4999999871741879 0.8589817661241382 0.11022857293854459
vn -0.5000000025498543 0.8535165830270018 0.14666096940923648
vn -0.5000000022510624 0.8465068974458754 0.18282798014936255
vn -0.49999998517412736 0.8379654039820552 0.2186641181242669
vn -0.5000000105895867 0.8279075201856106 0.25410456003489207
vn -0.5000000077360227 0.8163514859620781 0.289085184040076
vn -0.5000000087183767 0.8033181568981901 0.32354277936513776
vn -0.5000000076517115 0.7888311864454434 0.35741481731926406
vn -0.49999999525674715 0.7729167864909622 0.3906400464669966
vn -0.4999999911477598 0.7556037173009864 0.42315839971950386
vn -0.4999999890547715 0.7369233208511382 0.45491101342016194
vn -0.5000000131063549 0.7169093677568276 0.48584045253164215
vn -0.5000000038625921 0.6955981308313871 0.5158907214917594
vn -0.4999999853940905 0.6730281514020922 0.5450074513492379
vn -0.4999999984328759 0.6492402533209546 0.5731379371799311
vn -0.4999999903957461 0.6242775201092374 0.6002312783340389
vn -0.4999999860923586 0.5981851053744034 0.6262384478901429
vn -0.49999999666572414 0.5710102281639292 0.6511123733016085
vn -0.49999999959707087 0.5428020353711415 0.6748080844209524
vn -0.4999999961673495 0.5136116107671442 0.6972826665835241
vn -0.5000000048450729 0.4834917830588238 0.7184954355244896
vn -0.5000000039168587 0.45249703880970255 0.7384080348639169
vn -0.49999998726522643 0.4206834328316781 0.7569844529947284
vn -0.4999999976743491 0.3881085794993398 0.7741910183182542
vn -0.4999999980636679 0.35483142596159595 0.7899966209335281
vn -0.5000000002263788 0.320912152674058 0.8043726686304821
vn -0.5000000099671227 0.2864121851794727 0.8172931238017342
vn -0.5000000006193198 0.25139391453410354 0.8287346373332661
vn -0.5000000129921002 0.21592072213465113 0.8386764744290557
vn -0.49999999781775184 0.18005680959317086 0.8471006714088808
vn -0.4999999873308125 0.14386708669907058 0.8539919636822758
vn -0.5000000063868005 0.10741697389006861 0.859337877283144
vn -0.49999998901201825 0.0707725270930818 0.863128762350578
vn -0.4999999881086287 0.03400000848971095 0.8653577360341043
vn -0.4999999861229994 -0.0028340352378265305 0.8660207746476242
vn -0.5000000051879365 -0.03966296877887627 0.8651166648029092
vn -0.50000000465487 -0.07642013650752187 0.8626470646106097
vn -0.4999999865082821 -0.11303896896996955 0.858616448122166
vn -0.5000000039888642 -0.14945334315320535 0.8530320593221955
vn -0.5000000079306827 -0.18559715446169248 0.8459040656747312
vn -0.499999996424683 -0.22140516182413866 0.8372453391288267
vn -0.49999999713333926 -0.2568125114022148 0.8270715427663727
vn -0.49999999669756784 -0.2917551975053697 0.8154010718848944
vn -0.5000000033692876 -0.3261698208376754 0.8022550994574176
vn -0.5000000083867818 -0.3599943280999266 0.7876573337112406
vn -0.4999999994469827 -0.3931673164787483 0.771634279828156
vn -0.7071067662641324 -0.3210197674342894 -0.6300367687841054
vn -0.7071067862978241 -0.29393411398193453 -0.6431195296437656
vn -0.7071067769797167 -0.2663165658644081 -0.6550385429083891
vn -0.7071067720342686 -0.23821710149466277 -0.6657722024076693
vn -0.7071067764331043 -0.20968656459797697 -0.6753010819993421
vn -0.7071067832871916 -0.18077656989791654 -0.683607949635743
vn -0.7071067826138042 -0.15153946272392382 -0.6906777752460974
vn -0.707106760007117 -0.12202811084490625 -0.6964977890243876
vn -0.7071067799206917 -0.0922959610062164 -0.7010573852204464
vn -0.7071067730023537 -0.06239678000209307 -0.7043483892361566
vn -0.707106770240163 -0.03238469367549758 -0.7063648116207868
vn -0.7071067656042024 -0.0023139926956682886 -0.7071030105116001
vn -0.7071067764120037 0.027760880355603944 -0.7065616323252392
vn -0.7071067558035075 0.05778553228321506 -0.704741703147887
vn -0.7071067706958339 0.08770561983300525 -0.7016464487801657
vn -0.7071067916773486 0.11746698248190035 -0.6972815021140054
vn -0.7071067768594982 0.14701575202459588 -0.6916548089733884
vn -0.7071067712775538 0.1762985443575175 -0.6847764870896589
vn -0.7071067797380465 0.20526227664247 -0.6766589981933588
vn -0.7071067827468336 0.23385456656241224 -0.6673170457071576
vn -0.707106761233707 0.2620237142556634 -0.656767539838293
vn -0.7071067761704223 0.28971863083278354 -0.6450295512937755
vn -0.7071067772334969 0.3168893492976781 -0.6321243120559058
vn -0.707106785141015 0.34348658507187296 -0.618075206009108
vn -0.7071067676946712 0.36946228073912174 -0.6029076564379
vn -0.7071067753653388 0.3947694038644782 -0.586649065459851
vn -0.7071067767904545 0.41936213235081093 -0.5693289103560397
vn -0.7071067726518311 0.4431960307066329 -0.5509784845488951
vn -0.7071067678828803 0.4662278882684072 -0.5316310515902998
vn -0.7071067804288097 0.4884160835419788 -0.5113215528501787
vn -0.7071067864256534 0.5097204571793823 -0.49008677611584955
vn -0.7071067838850766 0.5301024428694842 -0.46796516563469637
vn -0.7071067670449684 0.5495251997352997 -0.4449967133081902
vn -0.7071067621162019 0.5679535213763885 -0.4212230104418575
vn -0.7071067792795044 0.5853540385715211 -0.3966870961160398
vn -0.7071067701103252 0.601695359625739 -0.3714333181999109
vn -0.7071067834275043 0.6169478422371963 -0.3455073903546437
vn -0.7071067789486307 0.6310839145000973 -0.31895626036202235
vn -0.7071067604104975 0.6440780083799 -0.29182794332132167
vn -0.707106769545661 0.6559065584641739 -0.26417154090927863
vn -0.7071067747890016 0.6665481978779622 -0.23603709232478098
vn -0.7071067726107411 0.6759836707442801 -0.20747551425435795
vn -0.707106777492238 0.6841958842564241 -0.17853850338543906
vn -0.7071067810694952 0.6911699889025664 -0.14927841975973255
vn -0.707106765221404 0.6968933901856555 -0.11974817448990925
vn -0.7071067612703773 0.7013556879734916 -0.0900012617297553
vn -0.7071067583216631 0.7045488250300628 -0.06009147597277853
vn -0.7071067872725831 0.7064669909991075 -0.030072945012294863
vn -0.7071067811865477 0.7071067811865475 -3.3720089631518666e-10
vn -0.7071067870745394 0.7064669908012431 0.03007295431709822
vn -0.7071067583216631 0.7045488250300628 0.06009147597277861
vn -0.70710679035615 0.701355657218056 0.09000127288240269
vn -0.70710676585228 0.6968933908074192 0.11974816714616732
vn -0.7071067550846654 0.691170023108027 0.14927838447171277
vn -0.7071067756110292 0.684195882436168 0.1785385178116111
vn -0.7071067704246313 0.6759836686543914 0.20747552851408252
vn -0.7071067723019466 0.6665481955335609 0.2360371063957463
vn -0.707106769545661 0.6559065584641739 0.26417154090927875
vn -0.7071067665603111 0.6440780139815432 0.2918279160570709
vn -0.7071067789486307 0.6310839145000973 0.31895626036202246
vn -0.7071067834275043 0.6169478422371963 0.3455073903546438
vn -0.7071067701103252 0.601695359625739 0.371433318199911
vn -0.7071067792795044 0.5853540385715211 0.3966870961160399
vn -0.7071067771770401 0.5679534738687226 0.42122304921591125
vn -0.7071067670449684 0.5495251997352997 0.4449967133081903
vn -0.7071067740234478 0.5301024354764373 0.46796518891056665
vn -0.7071067760978463 0.5097204497345456 0.4900867987600998
vn -0.7071067701362101 0.48841610623494885 0.5113215454074158
vn -0.7071067678828803 0.4662278882684071 0.5316310515902998
vn -0.7071067726518311 0.44319603070663277 0.5509784845488951
vn -0.7071067679530582 0.41936215691195955 0.5693289032405864
vn -0.7071067753653388 0.39476940386447806 0.586649065459851
vn -0.7071067676946712 0.36946228073912163 0.6029076564379
vn -0.707106777902576 0.34348661135802705 0.6180751996820586
vn -0.7071067772334969 0.316889349297678 0.6321243120559058
vn -0.7071067761704223 0.28971863083278343 0.6450295512937755
vn -0.7071067667554434 0.26202368649946184 0.6567675449669348
vn -0.7071067827468336 0.23385456656241219 0.6673170457071576
vn -0.707106781900836 0.20526226236913314 0.6766590002630193
vn -0.7071067731351608 0.17629852991950173 0.684776488888603
vn -0.7071067753104354 0.14701576660368887 0.6916548074581763
vn -0.7071067629079878 0.11746697025205578 0.6972815333490409
vn -0.7071067716199627 0.08770560504646775 0.7016464496971583
vn -0.7071067559557248 0.05778552857036411 0.7047417032995952
vn -0.7071067761560587 0.027760893384071682 0.7065616320694915
vn -0.7071067655977259 -0.0023139966537681035 0.7071030105051236
vn -0.7071067704107771 -0.03238468623273098 0.7063648117912218
vn -0.7071067728379895 -0.062396783712879586 0.7043483890724336
vn -0.7071067799206917 -0.09229596100621648 0.7010573852204464
vn -0.707106760007117 -0.12202811084490633 0.6964977890243876
vn -0.7071067842105319 -0.15153944816495576 0.6906777768057265
vn -0.7071067563800612 -0.1807765481177682 0.6836079832274439
vn -0.7071067764331043 -0.20968656459797702 0.6753010819993421
vn -0.7071067745442935 -0.23821708743910341 0.6657722047709683
vn -0.7071067769797167 -0.2663165658644082 0.6550385429083891
vn -0.7071067529981642 -0.293934129942067 0.64311955896209
vn -0.7071067662641324 -0.3210197674342895 0.6300367687841054
vn -0.8660253970086909 -0.22699526182155366 -0.4455032691759999
vn -0.8660254029191514 -0.207842815464846 -0.4547541814633125
vn -0.866025390945032 -0.18831425964029969 -0.4631822123685563
vn -0.8660253889307451 -0.16844493164130472 -0.47077205814672973
vn -0.8660253987888737 -0.14827078761447937 -0.4775099812493496
vn -0.8660253925234704 -0.1278283453348557 -0.4833838367524528
vn -0.8660254012461585 -0.10715458703025575 -0.4883829428581693
vn -0.8660253941276409 -0.08628690301421063 -0.4924983117679494
vn -0.8660253948732443 -0.06526309301766843 -0.4957224466618475
vn -0.866025395317475 -0.04412118381552346 -0.49804953147646647
vn -0.8660254044955195 -0.02289943253761307 -0.49947533948917555
vn -0.8660254020409717 -0.001636231693435748 -0.4999973257584671
vn -0.866025391881533 0.0196299050828518 -0.4996145388625871
vn -0.8660253900805583 0.040860533801096485 -0.4983276437378386
vn -0.8660253990035683 0.06201721059863465 -0.49613896628895715
vn -0.8660254017190767 0.08306169639159562 -0.49305249027853243
vn -0.866025395491786 0.10395583597437963 -0.48907381705644726
vn -0.8660253962879425 0.12466187890971135 -0.4842101082495206
vn -0.8660254095555853 0.14514233529166726 -0.47847015843222884
vn -0.8660254045177589 0.165360140928187 -0.471864411162849
vn -0.8660253922219611 0.1852787294560489 -0.46440479372843557
vn -0.8660253887485204 0.20486202848046672 -0.4561047854713245
vn -0.8660253936337662 0.2240746035224424 -0.4469794062792387
vn -0.8660254043992829 0.2428817049282712 -0.43704516511019176
vn -0.8660254040707582 0.2612492787907615 -0.4263200837814082
vn -0.8660254016376402 0.27914411261361066 -0.4148235385215311
vn -0.8660253966455257 0.29653382589114397 -0.4025763312308866
vn -0.8660253937153121 0.3133869190953035 -0.3896006370377138
vn -0.8660253997684041 0.3296729072107421 -0.3759199132889787
vn -0.8660254037223328 0.34536234161737256 -0.3615589206479848
vn -0.8660253986855242 0.3604268177109608 -0.34654367388011675
vn -0.8660253856361734 0.37483906633174763 -0.3309013535561029
vn -0.8660253975645958 0.38857299507776255 -0.3146601949236366
vn -0.8660254017246872 0.4016037645880179 -0.2978496597888374
vn -0.8660253916570079 0.41390782757954186 -0.28050014487288666
vn -0.8660253974428561 0.4254628763107316 -0.2626430122149499
vn -0.8660254002570205 0.43624801048948614 -0.24431062083673852
vn -0.8660254032519377 0.4462437111002252 -0.22553614172858752
vn -0.8660254014257305 0.45543191530284644 -0.2063535185282373
vn -0.8660253886454622 0.46379598996852295 -0.18679749974395782
vn -0.8660253978133319 0.4713207535388551 -0.1669034380287784
vn -0.8660253888874744 0.47799265420365705 -0.14670735608565091
vn -0.8660254003086485 0.48379955369863425 -0.12624578353849072
vn -0.866025396922098 0.48873100174633044 -0.10555576638891233
vn -0.8660253983124389 0.4927780387489779 -0.0846747542334344
vn -0.8660253979719091 0.4959333594734647 -0.06364049833997058
vn -0.8660253991351398 0.498191243716734 -0.042491090087165354
vn -0.8660254016409236 0.49954760847571145 -0.021264773191228187
vn -0.8660253998985326 0.5000000067305866 -5.842995024783186e-9
vn -0.8660253886106066 0.4995476307617835 0.021264780321856643
vn -0.8660253992722243 0.49819124379559354 0.04249108636860105
vn -0.8660253975612756 0.49593335923831355 0.06364050576037561
vn -0.8660253983124389 0.4927780387489779 0.08467475423343446
vn -0.8660253962410108 0.48873100136196707 0.10555577375647852
vn -0.866025386192816 0.483799575615237 0.12624579638190128
vn -0.8660254031174847 0.4779926322554231 0.14670734359509688
vn -0.8660253956594789 0.4713207523666544 0.16690345251484173
vn -0.8660253910560436 0.46379599125949894 0.1867974853627474
vn -0.8660254040886779 0.4554319167032572 0.20635350426159377
vn -0.8660253917345798 0.44624373496790826 0.22553613872916
vn -0.8660254002570205 0.43624801048948614 0.24431062083673857
vn -0.8660253974428561 0.4254628763107316 0.2626430122149499
vn -0.8660253916570079 0.41390782757954186 0.28050014487288666
vn -0.8660253913594671 0.40160378958365517 0.2978496562239566
vn -0.8660253975645958 0.38857299507776255 0.3146601949236366
vn -0.8660253941765939 0.3748390700282712 0.3309013270170065
vn -0.8660253986855242 0.3604268177109608 0.34654367388011675
vn -0.8660254037223328 0.34536234161737256 0.3615589206479848
vn -0.8660253997684041 0.3296729072107421 0.3759199132889787
vn -0.8660253937153121 0.3133869190953035 0.3896006370377138
vn -0.8660253966455257 0.29653382589114397 0.4025763312308866
vn -0.8660254016376402 0.27914411261361066 0.4148235385215311
vn -0.8660254040707582 0.2612492787907615 0.4263200837814082
vn -0.8660253931193355 0.24288170176474633 0.43704518922001795
vn -0.8660253936337662 0.22407460352244235 0.4469794062792387
vn -0.8660254031640878 0.20486201698936965 0.4561047632611685
vn -0.8660254065990302 0.18527871763073836 0.4644047716357939
vn -0.8660254045177589 0.16536014092818693 0.471864411162849
vn -0.8660253972064764 0.1451423332220068 0.47847018141179554
vn -0.8660253954835752 0.12466188624450557 0.4842101077997846
vn -0.8660253948210223 0.10395584334444317 0.48907381667764427
vn -0.8660254017190767 0.08306169639159557 0.49305249027853243
vn -0.8660253984033291 0.062017221731521716 0.496138965945085
vn -0.8660253902123825 0.04086053008202581 0.4983276438136927
vn -0.8660253919448629 0.019629901358996903 0.4996145388991225
vn -0.8660254020185366 -0.0016362475258774416 0.4999973257455143
vn -0.8660253916781544 -0.02289942847340622 0.499475361899154
vn -0.866025395317475 -0.04412118381552352 0.49804953147646647
vn -0.8660253940310382 -0.0652631078553617 0.4957224461797595
vn -0.86602539245737 -0.08628692519953425 0.49249831081808626
vn -0.8660254019375618 -0.10715457966522345 0.4883829432480766
vn -0.8660253925234704 -0.12782834533485576 0.4833838367524528
vn -0.8660253987888737 -0.14827078761447943 0.4775099812493496
vn -0.8660254010811683 -0.16844493400460406 0.47077203494938613
vn -0.866025390945032 -0.18831425964029974 0.4631822123685563
vn -0.8660253938643085 -0.20784279839055678 0.4547542065108927
vn -0.8660253970086909 -0.22699526182155372 0.4455032691759999
vn -0.9659258247530824 -0.11750138697359665 -0.23060946453768655
vn -0.9659258262479483 -0.10758735390169677 -0.23539808722173047
vn -0.9659258221702554 -0.0974786365627181 -0.23976075883803308
vn -0.9659258256242655 -0.08719350514061515 -0.2436895403035891
vn -0.9659258260579238 -0.07675060735815309 -0.24717735095366725
vn -0.9659258230588738 -0.06616882305627617 -0.2502178874568816
vn -0.9659258231666887 -0.05546729699154418 -0.25280562316571764
vn -0.9659258216403178 -0.044665396625958385 -0.254935892790173
vn -0.9659258232185122 -0.0337826687788672 -0.2566048232785525
vn -0.9659258253383585 -0.02283880889445923 -0.2578094039260269
vn -0.9659258270004685 -0.011853616859906631 -0.2585474588944925
vn -0.9659258220024233 -0.0008469855610641396 -0.2588176752163613
vn -0.9659258223561976 0.010161188532440078 -0.258619519667622
vn -0.9659258282889042 0.0211509693097544 -0.2579533499329917
vn -0.9659258205797442 0.03210248451720541 -0.25682044238177487
vn -0.9659258278597157 0.04299589686425747 -0.25522274178913
vn -0.965925820212195 0.053811509579506096 -0.2531632502638826
vn -0.9659258206407756 0.06452973984935045 -0.25064560976490136
vn -0.9659258234198891 0.07513120853670043 -0.2476743934168898
vn -0.9659258220766874 0.08559671127253995 -0.24425500867904584
vn -0.9659258236100408 0.09590732414357367 -0.24039361151845134
vn -0.9659258246709386 0.10604438316881712 -0.2360972046257907
vn -0.9659258244444554 0.11598954490529864 -0.23137356621697538
vn -0.9659258237904403 0.12572482372355548 -0.22623123487803412
vn -0.965925825129647 0.13523256952438337 -0.22067952439554356
vn -0.9659258212307925 0.1444956374977132 -0.21472847650870305
vn -0.9659258252752724 0.15349720617951637 -0.20838883790013096
vn -0.9659258233604052 0.16222101628644123 -0.2016721241037485
vn -0.9659258243216151 0.17065125908756604 -0.19459046657130172
vn -0.9659258239307595 0.17877270488779404 -0.187156679418035
vn -0.9659258232430656 0.1865706464109727 -0.1793842186202508
vn -0.9659258273448988 0.19403095837137946 -0.1712871368829453
vn -0.9659258265852679 0.2011401682159612 -0.16288011009826145
vn -0.9659258273221643 0.20788540260318314 -0.15417832369209764
vn -0.9659258291259171 0.21425444251586548 -0.14519754298756363
vn -0.9659258269058723 0.22023578311563938 -0.13595402440401644
vn -0.9659258237240116 0.22581859190199507 -0.12646448756267498
vn -0.9659258203703314 0.23099276606375338 -0.1167460987276176
vn -0.9659258260086812 0.235748905206233 -0.10681644229007786
vn -0.9659258241670221 0.2400784669952462 -0.09669349457161881
vn -0.9659258221244518 0.24397358535807723 -0.08639557743731309
vn -0.9659258206277492 0.24742721223704628 -0.07594131740503883
vn -0.9659258218040123 0.2504330897038014 -0.0653496316259794
vn -0.9659258249072877 0.2529857786623797 -0.05463969776421974
vn -0.9659258272555383 0.25508067395653056 -0.043830879692135075
vn -0.9659258267290772 0.2567139901196472 -0.03294274631232362
vn -0.965925821879238 0.257882776321188 -0.021995006337681235
vn -0.965925828110043 0.25858486110668233 -0.01100746094090758
vn -0.9659258257467467 0.25881904712649245 -3.6554770656287838e-9
vn -0.9659258280803364 0.2585848610987297 0.01100746373453685
vn -0.965925821879238 0.257882776321188 0.02199500633768127
vn -0.9659258269661565 0.2567139901826557 0.032942738869828486
vn -0.9659258274132574 0.2550806739981808 0.04383087597400157
vn -0.9659258253005136 0.2529857787653696 0.05463969033588276
vn -0.9659258218040123 0.2504330897038014 0.06534963162597943
vn -0.9659258252821269 0.24742719852812933 0.07594130286980576
vn -0.9659258256360651 0.2439735713438793 0.08639557775140334
vn -0.9659258241670221 0.2400784669952462 0.09669349457161884
vn -0.9659258267774079 0.2357489053938525 0.10681643492450646
vn -0.9659258253754813 0.2309927523595301 0.11674608443140096
vn -0.9659258237240116 0.22581859190199507 0.12646448756267498
vn -0.9659258269058723 0.22023578311563938 0.13595402440401644
vn -0.9659258239521746 0.21425445626942602 0.14519755711101032
vn -0.9659258243299828 0.20788541686037076 0.15417832321449415
vn -0.9659258236901735 0.20114018251426077 0.16288010961007357
vn -0.9659258220867231 0.19403097221630144 0.171287150851677
vn -0.9659258258250172 0.18657064690968217 0.1793842041985893
vn -0.9659258239307595 0.17877270488779404 0.187156679418035
vn -0.9659258243216151 0.17065125908756604 0.19459046657130172
vn -0.9659258204576542 0.16222101579894288 0.20167213839885503
vn -0.9659258222758449 0.15349720570287137 0.2083888521541958
vn -0.9659258264012545 0.14449562337001615 0.2147284627569523
vn -0.9659258231831883 0.13523258415303457 0.22067952395084733
vn -0.9659258237904403 0.12572482372355548 0.22623123487803412
vn -0.9659258236097124 0.11598955225564234 0.23137356601702477
vn -0.9659258246709386 0.10604438316881709 0.2360972046257907
vn -0.9659258236100408 0.09590732414357364 0.24039361151845134
vn -0.9659258255923516 0.08559671158408486 0.24425499466689535
vn -0.9659258275254671 0.07513120140545791 0.24767437956844537
vn -0.9659258201763739 0.0645297472689062 0.2506456096443949
vn -0.9659258276935956 0.05381150627100285 0.2531632224223891
vn -0.9659258206673752 0.04299589281881714 0.2552227696910491
vn -0.9659258206952602 0.03210248079575422 0.2568204424124883
vn -0.9659258207490806 0.02115097473258963 0.2579533777217822
vn -0.9659258223927611 0.010161184807534345 0.25861951967741154
vn -0.9659258220075189 -0.0008469793328488617 0.25881767521772664
vn -0.9659258269578151 -0.011853620584673583 0.25854745888307556
vn -0.9659258252972674 -0.022838810756132862 0.2578094039150596
vn -0.965925823583198 -0.033782657615750875 0.25660482337543383
vn -0.9659258218010397 -0.044665392908100024 0.2549358928325922
vn -0.9659258235658705 -0.05546728956388613 0.25280562327019296
vn -0.9659258230588738 -0.0661688230562762 0.2502178874568816
vn -0.9659258225001969 -0.07675060707546298 0.24717736494441758
vn -0.9659258249967593 -0.08719351253455127 0.24368954014527808
vn -0.9659258228717806 -0.09747862918293348 0.23976075901216468
vn -0.9659258270222231 -0.10758734653735684 0.23539808741042278
vn -0.9659258247530824 -0.11750138697359667 0.23060946453768655
vn -1 -2.220446049250313e-16 -1.359631073446891e-32
vn -1 -2.220446049250313e-16 -1.359631073446891e-32
vn -1 -2.220446049250313e-16 -1.359631073446891e-32
vn -1 -2.220446049250313e-16 -1.359631073446891e-32
vn -1 -2.220446049250313e-16 -1.359631073446891e-32
vn -1 -2.220446049250313e-16 -1.359631073446891e-32
vn -1 -2.220446049250313e-16 -1.359631073446891e-32
vn -1 -2.220446049250313e-16 -1.359631073446891e-32
vn -1 -2.220446049250313e-16 -1.359631073446891e-32
vn -1 -2.220446049250313e-16 -1.359631073446891e-32
vn -1 -2.220446049250313e-16 -1.359631073446891e-32
vn -1 -2.220446049250313e-16 -1.359631073446891e-32
vn -1 -2.220446049250313e-16 -1.359631073446891e-32
vn -1 -2.220446049250313e-16 -1.359631073446891e-32
vn -1 -2.220446049250313e-16 -1.359631073446891e-32
vn -1 -2.220446049250313e-16 -1.359631073446891e-32
vn -1 -2.220446049250313e-16 -1.359631073446891e-32
vn -1 -2.220446049250313e-16 -1.359631073446891e-32
vn -1 -2.220446049250313e-16 -1.359631073446891e-32
vn -1 -2.220446049250313e-16 -1.359631073446891e-32
vn -1 -2.220446049250313e-16 -1.359631073446891e-32
vn -1 -2.220446049250313e-16 -1.359631073446891e-32
vn -1 -2.220446049250313e-16 -1.359631073446891e-32
vn -1 -2.220446049250313e-16 -1.359631073446891e-32
vn -1 -2.220446049250313e-16 -1.359631073446891e-32
vn -1 -2.220446049250313e-16 -1.359631073446891e-32
vn -1 -2.220446049250313e-16 -1.359631073446891e-32
vn -1 -2.220446049250313e-16 -1.359631073446891e-32
vn -1 -2.220446049250313e-16 -1.359631073446891e-32
vn -1 -2.220446049250313e-16 -1.359631073446891e-32
vn -1 -2.220446049250313e-16 -1.359631073446891e-32
vn -1 -2.220446049250313e-16 -1.359631073446891e-32
vn -1 -2.220446049250313e-16 -1.359631073446891e-32
vn -1 -2.220446049250313e-16 -1.359631073446891e-32
vn -1 -2.220446049250313e-16 -1.359631073446891e-32
vn -1 -2.220446049250313e-16 -1.359631073446891e-32
vn -1 -2.220446049250313e-16 -1.359631073446891e-32
vn -1 -2.220446049250313e-16 -1.359631073446891e-32
vn -1 -2.220446049250313e-16 -1.359631073446891e-32
vn -1 -2.220446049250313e-16 -1.359631073446891e-32
vn -1 -2.220446049250313e-16 -1.359631073446891e-32
vn -1 -2.220446049250313e-16 -1.359631073446891e-32
vn -1 -2.220446049250313e-16 -1.359631073446891e-32
vn -1 -2.220446049250313e-16 -1.359631073446891e-32
vn -1 -2.220446049250313e-16 -1.359631073446891e-32
vn -1 -2.220446049250313e-16 -1.359631073446891e-32
vn -1 -2.220446049250313e-16 -1.359631073446891e-32
vn -1 -2.220446049250313e-16 -1.359631073446891e-32
vn -1 -2.220446049250313e-16 -1.359631073446891e-32
vn -1 -2.220446049250313e-16 -1.359631073446891e-32
vn -1 -2.220446049250313e-16 -1.359631073446891e-32
vn -1 -2.220446049250313e-16 -1.359631073446891e-32
vn -1 -2.220446049250313e-16 -1.359631073446891e-32
vn -1 -2.220446049250313e-16 -1.359631073446891e-32
vn -1 -2.220446049250313e-16 -1.359631073446891e-32
vn -1 -2.220446049250313e-16 -1.359631073446891e-32
vn -1 -2.220446049250313e-16 -1.359631073446891e-32
vn -1 -2.220446049250313e-16 -1.359631073446891e-32
vn -1 -2.220446049250313e-16 -1.359631073446891e-32
vn -1 -2.220446049250313e-16 -1.359631073446891e-32
vn -1 -2.220446049250313e-16 -1.359631073446891e-32
vn -1 -2.220446049250313e-16 -1.359631073446891e-32
vn -1 -2.220446049250313e-16 -1.359631073446891e-32
vn -1 -2.220446049250313e-16 -1.359631073446891e-32
vn -1 -2.220446049250313e-16 -1.359631073446891e-32
vn -1 -2.220446049250313e-16 -1.359631073446891e-32
vn -1 -2.220446049250313e-16 -1.359631073446891e-32
vn -1 -2.220446049250313e-16 -1.359631073446891e-32
vn -1 -2.220446049250313e-16 -1.359631073446891e-32
vn -1 -2.220446049250313e-16 -1.359631073446891e-32
vn -1 -2.220446049250313e-16 -1.359631073446891e-32
vn -1 -2.220446049250313e-16 -1.359631073446891e-32
vn -1 -2.220446049250313e-16 -1.359631073446891e-32
vn -1 -2.220446049250313e-16 -1.359631073446891e-32
vn -1 -2.220446049250313e-16 -1.359631073446891e-32
vn -1 -2.220446049250313e-16 -1.359631073446891e-32
vn -1 -2.220446049250313e-16 -1.359631073446891e-32
vn -1 -2.220446049250313e-16 -1.359631073446891e-32
vn -1 -2.220446049250313e-16 -1.359631073446891e-32
vn -1 -2.220446049250313e-16 -1.359631073446891e-32
vn -1 -2.220446049250313e-16 -1.359631073446891e-32
vn -1 -2.220446049250313e-16 -1.359631073446891e-32
vn -1 -2.220446049250313e-16 -1.359631073446891e-32
vn -1 -2.220446049250313e-16 -1.359631073446891e-32
vn -1 -2.220446049250313e-16 -1.359631073446891e-32
vn -1 -2.220446049250313e-16 -1.359631073446891e-32
vn -1 -2.220446049250313e-16 -1.359631073446891e-32
vn -1 -2.220446049250313e-16 -1.359631073446891e-32
vn -1 -2.220446049250313e-16 -1.359631073446891e-32
vn -1 -2.220446049250313e-16 -1.359631073446891e-32
vn -1 -2.220446049250313e-16 -1.359631073446891e-32
vn -1 -2.220446049250313e-16 -1.359631073446891e-32
vn -1 -2.220446049250313e-16 -1.359631073446891e-32
vn -1 -2.220446049250313e-16 -1.359631073446891e-32
vn -1 -2.220446049250313e-16 -1.359631073446891e-32
vn -1 -2.220446049250313e-16 -1.359631073446891e-32
vn -1 -2.220446049250313e-16 -1.359631073446891e-32
vn -0.9659258247530826 0.11750138697359626 0.2306094645376866
vn -0.9659258262479483 0.10758735390169635 0.23539808722173047
vn -0.9659258221702554 0.09747863656271769 0.23976075883803308
vn -0.9659258256242655 0.08719350514061473 0.2436895403035891
vn -0.9659258260579238 0.07675060735815267 0.24717735095366725
vn -0.9659258230588738 0.06616882305627575 0.2502178874568816
vn -0.9659258231666887 0.05546729699154375 0.25280562316571764
vn -0.9659258216403178 0.044665396625957955 0.254935892790173
vn -0.9659258232185122 0.03378266877886677 0.2566048232785525
vn -0.9659258253383585 0.0228388088944588 0.2578094039260269
vn -0.9659258270004685 0.011853616859906201 0.2585474588944925
vn -0.9659258220024233 0.0008469855610637107 0.2588176752163613
vn -0.9659258223561976 -0.010161188532440508 0.258619519667622
vn -0.9659258282889042 -0.02115096930975483 0.2579533499329917
vn -0.9659258205797442 -0.03210248451720584 0.25682044238177487
vn -0.9659258278597157 -0.0429958968642579 0.25522274178913
vn -0.965925820212195 -0.053811509579506527 0.2531632502638826
vn -0.9659258206407756 -0.06452973984935087 0.25064560976490136
vn -0.9659258234198891 -0.07513120853670084 0.2476743934168898
vn -0.9659258220766874 -0.08559671127254037 0.24425500867904584
vn -0.9659258236100408 -0.09590732414357409 0.24039361151845134
vn -0.9659258246709386 -0.10604438316881754 0.2360972046257907
vn -0.9659258244444552 -0.11598954490529904 0.23137356621697536
vn -0.9659258237904403 -0.12572482372355592 0.22623123487803412
vn -0.965925825129647 -0.1352325695243838 0.22067952439554356
vn -0.9659258212307923 -0.1444956374977136 0.214728476508703
vn -0.9659258252752722 -0.1534972061795168 0.2083888379001309
vn -0.965925823360405 -0.16222101628644162 0.20167212410374846
vn -0.9659258243216149 -0.17065125908756645 0.1945904665713017
vn -0.9659258239307593 -0.17877270488779443 0.18715667941803496
vn -0.9659258232430654 -0.1865706464109731 0.17938421862025075
vn -0.9659258273448988 -0.1940309583713799 0.1712871368829453
vn -0.9659258265852677 -0.2011401682159616 0.1628801100982614
vn -0.965925827322164 -0.20788540260318353 0.15417832369209758
vn -0.9659258291259171 -0.21425444251586592 0.14519754298756363
vn -0.965925826905872 -0.2202357831156398 0.1359540244040164
vn -0.9659258237240114 -0.2258185919019955 0.12646448756267495
vn -0.9659258203703311 -0.23099276606375377 0.11674609872761757
vn -0.9659258260086809 -0.23574890520623343 0.10681644229007783
vn -0.9659258241670219 -0.2400784669952466 0.0966934945716188
vn -0.9659258221244518 -0.24397358535807767 0.08639557743731309
vn -0.9659258206277492 -0.24742721223704672 0.07594131740503883
vn -0.9659258218040122 -0.2504330897038019 0.06534963162597941
vn -0.9659258249072875 -0.25298577866238015 0.05463969776421974
vn -0.9659258272555381 -0.255080673956531 0.043830879692135075
vn -0.9659258267290772 -0.2567139901196477 0.03294274631232363
vn -0.9659258218792378 -0.25788277632118844 0.021995006337681235
vn -0.9659258281100428 -0.2585848611066828 0.01100746094090758
vn -0.9659258257467465 -0.2588190471264929 3.6554770656287838e-9
vn -0.9659258280803362 -0.25858486109873013 -0.01100746373453685
vn -0.9659258218792378 -0.25788277632118844 -0.02199500633768127
vn -0.9659258269661565 -0.2567139901826562 -0.0329427388698285
vn -0.9659258274132572 -0.25508067399818124 -0.04383087597400157
vn -0.9659258253005134 -0.25298577876537004 -0.05463969033588276
vn -0.9659258218040121 -0.25043308970380185 -0.06534963162597943
vn -0.9659258252821269 -0.24742719852812978 -0.07594130286980576
vn -0.9659258256360651 -0.24397357134387973 -0.08639557775140334
vn -0.9659258241670219 -0.2400784669952466 -0.09669349457161883
vn -0.9659258267774077 -0.23574890539385288 -0.10681643492450645
vn -0.9659258253754813 -0.23099275235953054 -0.11674608443140096
vn -0.9659258237240114 -0.2258185919019955 -0.12646448756267495
vn -0.965925826905872 -0.2202357831156398 -0.1359540244040164
vn -0.9659258239521746 -0.21425445626942646 -0.14519755711101032
vn -0.9659258243299828 -0.2078854168603712 -0.15417832321449415
vn -0.9659258236901735 -0.20114018251426122 -0.16288010961007357
vn -0.9659258220867228 -0.19403097221630183 -0.17128715085167698
vn -0.9659258258250172 -0.1865706469096826 -0.1793842041985893
vn -0.9659258239307593 -0.17877270488779443 -0.18715667941803496
vn -0.9659258243216149 -0.17065125908756645 -0.1945904665713017
vn -0.965925820457654 -0.1622210157989433 -0.20167213839885498
vn -0.9659258222758448 -0.15349720570287176 -0.20838885215419578
vn -0.9659258264012545 -0.1444956233700166 -0.2147284627569523
vn -0.9659258231831882 -0.135232584153035 -0.2206795239508473
vn -0.9659258237904403 -0.12572482372355592 -0.22623123487803412
vn -0.9659258236097124 -0.11598955225564275 -0.23137356601702477
vn -0.9659258246709386 -0.10604438316881751 -0.2360972046257907
vn -0.9659258236100408 -0.09590732414357406 -0.24039361151845134
vn -0.9659258255923516 -0.08559671158408527 -0.24425499466689535
vn -0.9659258275254671 -0.07513120140545833 -0.24767437956844537
vn -0.9659258201763739 -0.06452974726890662 -0.2506456096443949
vn -0.9659258276935956 -0.05381150627100328 -0.2531632224223891
vn -0.9659258206673752 -0.04299589281881757 -0.2552227696910491
vn -0.9659258206952602 -0.03210248079575465 -0.2568204424124883
vn -0.9659258207490806 -0.02115097473259006 -0.2579533777217822
vn -0.9659258223927611 -0.010161184807534775 -0.25861951967741154
vn -0.9659258220075189 0.0008469793328484328 -0.25881767521772664
vn -0.9659258269578151 0.011853620584673152 -0.25854745888307556
vn -0.9659258252972674 0.022838810756132432 -0.2578094039150596
vn -0.965925823583198 0.033782657615750444 -0.25660482337543383
vn -0.9659258218010397 0.044665392908099594 -0.2549358928325922
vn -0.9659258235658705 0.0554672895638857 -0.25280562327019296
vn -0.9659258230588738 0.06616882305627578 -0.2502178874568816
vn -0.9659258225001969 0.07675060707546257 -0.24717736494441758
vn -0.9659258249967593 0.08719351253455085 -0.24368954014527808
vn -0.9659258228717806 0.09747862918293307 -0.23976075901216468
vn -0.9659258270222231 0.10758734653735642 -0.23539808741042278
vn -0.9659258247530826 0.11750138697359629 -0.2306094645376866
vn -0.8660253970086911 0.22699526182155333 0.445503269176
vn -0.8660254029191515 0.20784281546484565 0.4547541814633126
vn -0.8660253909450322 0.18831425964029933 0.4631822123685564
vn -0.8660253889307453 0.16844493164130436 0.47077205814672984
vn -0.8660253987888737 0.14827078761447898 0.4775099812493496
vn -0.8660253925234704 0.12782834533485532 0.4833838367524528
vn -0.8660254012461585 0.10715458703025536 0.4883829428581693
vn -0.8660253941276409 0.08628690301421024 0.4924983117679494
vn -0.8660253948732443 0.06526309301766804 0.4957224466618475
vn -0.866025395317475 0.044121183815523074 0.49804953147646647
vn -0.8660254044955197 0.022899432537612695 0.49947533948917566
vn -0.8660254020409717 0.0016362316934353633 0.4999973257584671
vn -0.866025391881533 -0.019629905082852183 0.4996145388625871
vn -0.8660253900805583 -0.040860533801096874 0.4983276437378386
vn -0.8660253990035683 -0.06201721059863504 0.49613896628895715
vn -0.8660254017190767 -0.08306169639159601 0.49305249027853243
vn -0.866025395491786 -0.10395583597438002 0.48907381705644726
vn -0.8660253962879425 -0.12466187890971174 0.4842101082495206
vn -0.866025409555585 -0.1451423352916676 0.47847015843222873
vn -0.8660254045177589 -0.16536014092818738 0.471864411162849
vn -0.8660253922219611 -0.18527872945604928 0.46440479372843557
vn -0.8660253887485202 -0.20486202848046708 0.4561047854713244
vn -0.8660253936337661 -0.22407460352244274 0.4469794062792386
vn -0.8660254043992829 -0.2428817049282716 0.43704516511019176
vn -0.8660254040707582 -0.2612492787907619 0.42632008378140823
vn -0.86602540163764 -0.279144112613611 0.4148235385215311
vn -0.8660253966455256 -0.29653382589114435 0.40257633123088665
vn -0.8660253937153121 -0.31338691909530386 0.38960063703771386
vn -0.8660253997684039 -0.32967290721074244 0.3759199132889787
vn -0.8660254037223326 -0.3453623416173729 0.3615589206479848
vn -0.866025398685524 -0.36042681771096113 0.34654367388011675
vn -0.8660253856361732 -0.37483906633174796 0.3309013535561029
vn -0.8660253975645956 -0.3885729950777629 0.3146601949236366
vn -0.866025401724687 -0.4016037645880182 0.2978496597888374
vn -0.8660253916570079 -0.4139078275795423 0.2805001448728867
vn -0.8660253974428559 -0.42546287631073193 0.2626430122149499
vn -0.8660254002570202 -0.43624801048948647 0.24431062083673852
vn -0.8660254032519374 -0.44624371110022554 0.22553614172858752
vn -0.8660254014257303 -0.45543191530284677 0.2063535185282373
vn -0.866025388645462 -0.4637959899685233 0.18679749974395782
vn -0.8660253978133317 -0.47132075353885544 0.1669034380287784
vn -0.8660253888874742 -0.4779926542036574 0.14670735608565091
vn -0.8660254003086483 -0.4837995536986346 0.12624578353849072
vn -0.8660253969220978 -0.4887310017463308 0.10555576638891233
vn -0.8660253983124386 -0.49277803874897824 0.0846747542334344
vn -0.8660253979719089 -0.495933359473465 0.06364049833997058
vn -0.8660253991351395 -0.49819124371673434 0.042491090087165354
vn -0.8660254016409233 -0.4995476084757118 0.021264773191228187
vn -0.8660253998985323 -0.5000000067305871 5.842995024783186e-9
vn -0.8660253886106064 -0.4995476307617838 -0.021264780321856643
vn -0.8660253992722241 -0.4981912437955939 -0.04249108636860105
vn -0.8660253975612754 -0.4959333592383139 -0.06364050576037561
vn -0.8660253983124386 -0.49277803874897824 -0.08467475423343446
vn -0.8660253962410106 -0.4887310013619674 -0.10555577375647852
vn -0.8660253861928158 -0.48379957561523734 -0.12624579638190128
vn -0.8660254031174844 -0.47799263225542343 -0.14670734359509688
vn -0.8660253956594787 -0.4713207523666547 -0.16690345251484173
vn -0.8660253910560434 -0.4637959912594993 -0.1867974853627474
vn -0.8660254040886777 -0.45543191670325756 -0.20635350426159377
vn -0.8660253917345797 -0.44624373496790865 -0.22553613872916006
vn -0.8660254002570202 -0.43624801048948647 -0.24431062083673857
vn -0.8660253974428559 -0.42546287631073193 -0.2626430122149499
vn -0.8660253916570079 -0.4139078275795423 -0.2805001448728867
vn -0.866025391359467 -0.4016037895836556 -0.29784965622395665
vn -0.8660253975645956 -0.3885729950777629 -0.3146601949236366
vn -0.8660253941765939 -0.37483907002827166 -0.33090132701700653
vn -0.866025398685524 -0.36042681771096113 -0.34654367388011675
vn -0.8660254037223326 -0.3453623416173729 -0.3615589206479848
vn -0.8660253997684039 -0.32967290721074244 -0.3759199132889787
vn -0.8660253937153121 -0.31338691909530386 -0.38960063703771386
vn -0.8660253966455256 -0.29653382589114435 -0.40257633123088665
vn -0.86602540163764 -0.279144112613611 -0.4148235385215311
vn -0.8660254040707582 -0.2612492787907619 -0.42632008378140823
vn -0.8660253931193355 -0.24288170176474672 -0.43704518922001795
vn -0.8660253936337661 -0.22407460352244268 -0.4469794062792386
vn -0.8660254031640876 -0.20486201698937 -0.4561047632611684
vn -0.86602540659903 -0.1852787176307387 -0.4644047716357938
vn -0.8660254045177589 -0.16536014092818732 -0.471864411162849
vn -0.8660253972064764 -0.14514233322200717 -0.47847018141179554
vn -0.8660253954835752 -0.12466188624450596 -0.4842101077997846
vn -0.8660253948210223 -0.10395584334444356 -0.48907381667764427
vn -0.8660254017190767 -0.08306169639159595 -0.49305249027853243
vn -0.8660253984033291 -0.062017221731522104 -0.496138965945085
vn -0.8660253902123825 -0.0408605300820262 -0.4983276438136927
vn -0.8660253919448629 -0.019629901358997285 -0.4996145388991225
vn -0.8660254020185366 0.001636247525877057 -0.4999973257455143
vn -0.8660253916781544 0.02289942847340584 -0.499475361899154
vn -0.866025395317475 0.04412118381552313 -0.49804953147646647
vn -0.8660253940310382 0.06526310785536131 -0.4957224461797595
vn -0.86602539245737 0.08628692519953386 -0.49249831081808626
vn -0.8660254019375618 0.10715457966522306 -0.4883829432480766
vn -0.8660253925234704 0.12782834533485538 -0.4833838367524528
vn -0.8660253987888737 0.14827078761447904 -0.4775099812493496
vn -0.8660254010811683 0.16844493400460367 -0.47077203494938613
vn -0.8660253909450322 0.18831425964029938 -0.4631822123685564
vn -0.8660253938643087 0.20784279839055644 -0.4547542065108928
vn -0.8660253970086911 0.22699526182155338 -0.445503269176
vn -0.7071067662641326 0.32101976743428906 0.6300367687841054
vn -0.7071067862978243 0.2939341139819342 0.6431195296437656
vn -0.7071067769797169 0.2663165658644078 0.6550385429083891
vn -0.7071067720342686 0.23821710149466244 0.6657722024076693
vn -0.7071067764331043 0.20968656459797663 0.6753010819993421
vn -0.7071067832871916 0.1807765698979162 0.683607949635743
vn -0.7071067826138042 0.1515394627239235 0.6906777752460974
vn -0.707106760007117 0.12202811084490595 0.6964977890243876
vn -0.7071067799206917 0.09229596100621609 0.7010573852204464
vn -0.7071067730023537 0.06239678000209275 0.7043483892361566
vn -0.707106770240163 0.03238469367549726 0.7063648116207868
vn -0.7071067656042024 0.0023139926956679746 0.7071030105116001
vn -0.7071067764120037 -0.027760880355604256 0.7065616323252392
vn -0.7071067558035075 -0.05778553228321538 0.704741703147887
vn -0.7071067706958339 -0.08770561983300555 0.7016464487801657
vn -0.7071067916773486 -0.11746698248190066 0.6972815021140054
vn -0.7071067768594982 -0.1470157520245962 0.6916548089733884
vn -0.7071067712775538 -0.17629854435751782 0.6847764870896589
vn -0.7071067797380465 -0.20526227664247032 0.6766589981933588
vn -0.7071067827468335 -0.23385456656241255 0.6673170457071574
vn -0.7071067612337067 -0.26202371425566373 0.656767539838293
vn -0.7071067761704221 -0.2897186308327839 0.6450295512937755
vn -0.7071067772334967 -0.3168893492976784 0.6321243120559058
vn -0.7071067851410148 -0.3434865850718733 0.618075206009108
vn -0.707106767694671 -0.3694622807391221 0.6029076564379
vn -0.7071067753653386 -0.3947694038644785 0.586649065459851
vn -0.7071067767904543 -0.41936213235081127 0.5693289103560397
vn -0.7071067726518309 -0.4431960307066332 0.5509784845488951
vn -0.7071067678828801 -0.46622788826840755 0.5316310515902998
vn -0.7071067804288095 -0.48841608354197913 0.5113215528501787
vn -0.7071067864256532 -0.5097204571793825 0.49008677611584955
vn -0.7071067838850764 -0.5301024428694844 0.46796516563469637
vn -0.7071067670449682 -0.5495251997352999 0.4449967133081902
vn -0.7071067621162017 -0.5679535213763888 0.4212230104418575
vn -0.7071067792795042 -0.5853540385715214 0.3966870961160398
vn -0.707106770110325 -0.6016953596257392 0.3714333181999109
vn -0.7071067834275041 -0.6169478422371966 0.3455073903546437
vn -0.7071067789486305 -0.6310839145000975 0.31895626036202235
vn -0.7071067604104972 -0.6440780083799003 0.29182794332132167
vn -0.7071067695456608 -0.6559065584641741 0.26417154090927863
vn -0.7071067747890014 -0.6665481978779624 0.23603709232478098
vn -0.7071067726107408 -0.6759836707442803 0.20747551425435795
vn -0.7071067774922378 -0.6841958842564243 0.17853850338543906
vn -0.707106781069495 -0.6911699889025666 0.14927841975973255
vn -0.7071067652214038 -0.6968933901856558 0.11974817448990925
vn -0.7071067612703771 -0.7013556879734918 0.0900012617297553
vn -0.7071067583216629 -0.704548825030063 0.06009147597277853
vn -0.7071067872725829 -0.7064669909991077 0.030072945012294863
vn -0.7071067811865475 -0.7071067811865477 3.3720089631518666e-10
vn -0.7071067870745392 -0.7064669908012433 -0.03007295431709822
vn -0.7071067583216629 -0.704548825030063 -0.06009147597277861
vn -0.7071067903561498 -0.7013556572180563 -0.09000127288240269
vn -0.7071067658522798 -0.6968933908074194 -0.11974816714616732
vn -0.7071067550846651 -0.6911700231080272 -0.14927838447171277
vn -0.707106775611029 -0.6841958824361682 -0.1785385178116111
vn -0.7071067704246311 -0.6759836686543916 -0.20747552851408252
vn -0.7071067723019464 -0.6665481955335611 -0.2360371063957463
vn -0.7071067695456608 -0.6559065584641741 -0.26417154090927875
vn -0.7071067665603109 -0.6440780139815434 -0.2918279160570709
vn -0.7071067789486305 -0.6310839145000975 -0.31895626036202246
vn -0.7071067834275041 -0.6169478422371966 -0.3455073903546438
vn -0.707106770110325 -0.6016953596257392 -0.371433318199911
vn -0.7071067792795042 -0.5853540385715214 -0.3966870961160399
vn -0.7071067771770398 -0.5679534738687229 -0.42122304921591125
vn -0.7071067670449682 -0.5495251997352999 -0.4449967133081903
vn -0.7071067740234476 -0.5301024354764375 -0.46796518891056665
vn -0.7071067760978461 -0.5097204497345458 -0.4900867987600998
vn -0.7071067701362099 -0.4884161062349492 -0.5113215454074158
vn -0.7071067678828801 -0.46622788826840744 -0.5316310515902998
vn -0.7071067726518309 -0.4431960307066331 -0.5509784845488951
vn -0.7071067679530579 -0.4193621569119599 -0.5693289032405864
vn -0.7071067753653388 -0.39476940386447845 -0.5866490654598512
vn -0.707106767694671 -0.36946228073912196 -0.6029076564379
vn -0.7071067779025758 -0.3434866113580274 -0.6180751996820586
vn -0.7071067772334967 -0.3168893492976783 -0.6321243120559058
vn -0.7071067761704223 -0.2897186308327839 -0.6450295512937756
vn -0.7071067667554432 -0.26202368649946217 -0.6567675449669348
vn -0.7071067827468335 -0.2338545665624125 -0.6673170457071574
vn -0.7071067819008358 -0.20526226236913345 -0.6766590002630192
vn -0.7071067731351607 -0.17629852991950204 -0.6847764888886029
vn -0.7071067753104354 -0.1470157666036892 -0.6916548074581763
vn -0.7071067629079878 -0.11746697025205609 -0.6972815333490409
vn -0.7071067716199627 -0.08770560504646806 -0.7016464496971583
vn -0.7071067559557248 -0.05778552857036443 -0.7047417032995952
vn -0.7071067761560587 -0.027760893384071995 -0.7065616320694915
vn -0.7071067655977259 0.0023139966537677895 -0.7071030105051236
vn -0.7071067704107771 0.032384686232730664 -0.7063648117912218
vn -0.7071067728379895 0.06239678371287927 -0.7043483890724336
vn -0.7071067799206917 0.09229596100621618 -0.7010573852204464
vn -0.707106760007117 0.12202811084490603 -0.6964977890243876
vn -0.7071067842105319 0.15153944816495543 -0.6906777768057265
vn -0.7071067563800612 0.18077654811776786 -0.6836079832274439
vn -0.7071067764331043 0.2096865645979767 -0.6753010819993421
vn -0.7071067745442936 0.23821708743910314 -0.6657722047709684
vn -0.7071067769797169 0.2663165658644079 -0.6550385429083891
vn -0.7071067529981644 0.2939341299420667 -0.64311955896209
vn -0.7071067662641326 0.32101976743428917 -0.6300367687841054
vn -0.4999999994469829 0.393167316478748 0.771634279828156
vn -0.499999990277097 0.3599942852588369 0.7876573647874322
vn -0.4999999985089786 0.32616984746942496 0.8022550916590019
vn -0.500000001045059 0.2917551702398532 0.8154010789747922
vn -0.49999999330653466 0.2568125392389937 0.8270715364362901
vn -0.499999994775086 0.22140517599484075 0.8372453363665918
vn -0.5000000079306828 0.18559715446169214 0.8459040656747312
vn -0.5000000073294065 0.14945329944823119 0.8530320650213746
vn -0.5000000099915306 0.11303901153191749 0.8586164288437279
vn -0.50000000465487 0.07642013650752154 0.8626470646106097
vn -0.5000000048924244 0.0396629836565955 0.8651166642916042
vn -0.49999998610485347 0.0028340480434083954 0.8660207746161948
vn -0.4999999884886083 -0.03399998616380863 0.8653577366917409
vn -0.5000000149989081 -0.07077252332081711 0.8631287476059966
vn -0.500000005186322 -0.10741699598390744 0.8593378752199108
vn -0.4999999894745987 -0.14386705751358972 0.8539919673438283
vn -0.4999999978177518 -0.1800568095931712 0.8471006714088808
vn -0.5000000113833651 -0.2159207363410946 0.8386764717306395
vn -0.5000000006193196 -0.25139391453410387 0.8287346373332661
vn -0.4999999898777628 -0.2864121438694766 0.8172931505685873
vn -0.5000000002263786 -0.3209121526740583 0.8043726686304821
vn -0.49999999806366774 -0.3548314259615963 0.7899966209335281
vn -0.49999999189108035 -0.38810860481258974 0.7741910093635451
vn -0.5000000098251205 -0.42068345181282646 0.7569844275450618
vn -0.5000000106595899 -0.45249701510951174 0.738408044821691
vn -0.5000000048450727 -0.4834917830588241 0.7184954355244896
vn -0.4999999961673493 -0.5136116107671445 0.6972826665835241
vn -0.49999999959707064 -0.5428020353711417 0.6748080844209524
vn -0.4999999966657239 -0.5710102281639294 0.6511123733016085
vn -0.49999998609235835 -0.5981851053744036 0.6262384478901429
vn -0.4999999903957459 -0.6242775201092376 0.6002312783340389
vn -0.4999999984328756 -0.6492402533209548 0.5731379371799311
vn -0.49999998539409024 -0.6730281514020924 0.5450074513492379
vn -0.5000000038625918 -0.6955981308313873 0.5158907214917594
vn -0.5000000058667672 -0.716909357376572 0.48584047529939617
vn -0.5000000042380941 -0.7369232836243831 0.45491105703660645
vn -0.4999999911477594 -0.7556037173009866 0.42315839971950375
vn -0.5000000010777368 -0.7729167954892444 0.39064002121249775
vn -0.49999998946860486 -0.788831217363285 0.3574147745191192
vn -0.49999998959879205 -0.803318185784616 0.3235427371908092
vn -0.500000003428317 -0.816351478928875 0.289085211351811
vn -0.5000000068031328 -0.8279075139159445 0.25410458791290463
vn -0.5000000101474416 -0.8379653862309581 0.21866412904580274
vn -0.500000002251062 -0.8465068974458756 0.18282798014936244
vn -0.5000000025498539 -0.8535165830270021 0.14666096940923637
vn -0.5000000123632053 -0.8589817497933074 0.11022858594222439
vn -0.5000000099935686 -0.8628925257535264 0.07359673229927316
vn -0.5000000022293369 -0.8652418294384285 0.036831703201244057
vn -0.5000000067305866 -0.8660253998985326 -1.1764847974060487e-8
vn -0.5000000025723588 -0.8652418300320223 -0.036831684600060734
vn -0.5000000097193994 -0.8628925252803693 -0.0735967397094981
vn -0.49999998717418753 -0.8589817661241385 -0.11022857293854459
vn -0.5000000025498539 -0.8535165830270021 -0.14666096940923648
vn -0.500000002251062 -0.8465068974458756 -0.18282798014936255
vn -0.49999998517412697 -0.8379654039820554 -0.2186641181242669
vn -0.5000000105895862 -0.8279075201856109 -0.25410456003489207
vn -0.5000000077360223 -0.8163514859620783 -0.289085184040076
vn -0.5000000087183762 -0.8033181568981903 -0.32354277936513776
vn -0.500000007651711 -0.7888311864454436 -0.35741481731926406
vn -0.49999999525674677 -0.7729167864909624 -0.3906400464669966
vn -0.4999999911477594 -0.7556037173009866 -0.42315839971950386
vn -0.4999999890547712 -0.7369233208511384 -0.45491101342016194
vn -0.5000000131063546 -0.7169093677568278 -0.48584045253164215
vn -0.5000000038625918 -0.6955981308313873 -0.5158907214917594
vn -0.49999998539409024 -0.6730281514020924 -0.5450074513492379
vn -0.4999999984328756 -0.6492402533209548 -0.5731379371799311
vn -0.4999999903957459 -0.6242775201092376 -0.6002312783340389
vn -0.49999998609235835 -0.5981851053744036 -0.6262384478901429
vn -0.4999999966657239 -0.5710102281639294 -0.6511123733016085
vn -0.49999999959707064 -0.5428020353711417 -0.6748080844209524
vn -0.4999999961673493 -0.5136116107671445 -0.6972826665835241
vn -0.5000000048450727 -0.483491783058824 -0.7184954355244896
vn -0.5000000039168585 -0.45249703880970277 -0.7384080348639169
vn -0.4999999872652262 -0.4206834328316783 -0.7569844529947284
vn -0.4999999976743489 -0.38810857949934 -0.7741910183182542
vn -0.49999999806366774 -0.35483142596159617 -0.7899966209335281
vn -0.5000000002263786 -0.3209121526740582 -0.8043726686304821
vn -0.5000000099671225 -0.2864121851794729 -0.8172931238017342
vn -0.5000000006193196 -0.25139391453410376 -0.8287346373332661
vn -0.5000000129921001 -0.21592072213465135 -0.8386764744290557
vn -0.4999999978177518 -0.18005680959317108 -0.8471006714088808
vn -0.49999998733081247 -0.1438670866990708 -0.8539919636822758
vn -0.5000000063868005 -0.10741697389006884 -0.859337877283144
vn -0.49999998901201825 -0.07077252709308202 -0.863128762350578
vn -0.4999999881086287 -0.03400000848971117 -0.8653577360341043
vn -0.4999999861229994 0.0028340352378263085 -0.8660207746476242
vn -0.5000000051879365 0.03966296877887605 -0.8651166648029092
vn -0.50000000465487 0.07642013650752165 -0.8626470646106097
vn -0.4999999865082821 0.11303896896996933 -0.858616448122166
vn -0.5000000039888643 0.14945334315320513 -0.8530320593221955
vn -0.5000000079306828 0.18559715446169225 -0.8459040656747312
vn -0.49999999642468307 0.22140516182413844 -0.8372453391288267
vn -0.4999999971333394 0.25681251140221456 -0.8270715427663727
vn -0.499999996697568 0.2917551975053695 -0.8154010718848944
vn -0.5000000033692878 0.32616982083767515 -0.8022550994574176
vn -0.500000008386782 0.3599943280999264 -0.7876573337112406
vn -0.4999999994469829 0.3931673164787481 -0.771634279828156
vn -0.2588190494750183 0.43852115666688607 0.8606462076744336
vn -0.2588190418584178 0.4015214713648316 0.8785176216812678
vn -0.25881904214811163 0.36379518895775204 0.8947992869424558
vn -0.2588190424278722 0.32541060295755664 0.9094617324327169
vn -0.25881904260792515 0.2864371526780877 0.9224784337583112
vn -0.25881903876215945 0.24694537651399667 0.9338258329006498
vn -0.2588190389805451 0.2070067338660868 0.9434833952938876
vn -0.2588190404120331 0.16669349164725233 0.9514336467471821
vn -0.2588190368216147 0.12607861723336553 0.9576621995543387
vn -0.2588190426260077 0.0852355879198225 0.9621577821366509
vn -0.2588190504350921 0.04423830401875441 0.9649122610835772
vn -0.25881905050298387 0.0031609650142926903 0.9659206527437502
vn -0.25881904874780404 -0.03792207390457418 0.9651811313510318
vn -0.25881903682491286 -0.07893650771064348 0.9626950368249917
vn -0.2588190377537787 -0.1198080676385683 0.958466865689639
vn -0.25881903994546746 -0.1604628689056265 0.9525042636462486
vn -0.2588190453607542 -0.20082728698544322 0.9448180261619771
vn -0.2588190447457195 -0.24082827671282428 0.9354220668834173
vn -0.2588190426732933 -0.2803934504089514 0.9243333901344486
vn -0.2588190467006348 -0.3194512464674917 0.9115720499199943
vn -0.25881904400418804 -0.3579310183844079 0.8971611274119375
vn -0.25881903709169485 -0.3957630295814673 0.8811267391558529
vn -0.2588190513516466 -0.43287886479456394 0.863497879019748
vn -0.25881903737869916 -0.4692113882108019 0.8443064485503208
vn -0.25881903587053745 -0.5046948639118113 0.8235871544724843
vn -0.25881903969993436 -0.5392650283812468 0.8013775226781552
vn -0.25881903624876823 -0.5728593305153025 0.7777177469473217
vn -0.2588190422398709 -0.6054170099018242 0.7526506144922559
vn -0.25881904185034893 -0.6368791417043256 0.7262214968159706
vn -0.25881904750478635 -0.6671887735906723 0.6984782323331845
vn -0.2588190498243161 -0.6962911057052493 0.6694709818683702
vn -0.2588190392301967 -0.7241334195838498 0.6392522941482168
vn -0.25881903854982324 -0.7506653518970103 0.6078768253071364
vn -0.25881903772061293 -0.7758388938003593 0.5754013526053017
vn -0.2588190413965046 -0.7996085216942406 0.5418845964267168
vn -0.25881904591745225 -0.821931130977702 0.5073873445407319
vn -0.2588190494745367 -0.8427664231623081 0.4719718801150198
vn -0.25881904728066846 -0.8620766522677098 0.43570235985087946
vn -0.2588190403936341 -0.8798268923200402 0.3986443827274862
vn -0.2588190438777487 -0.8959850081218483 0.3608650270490331
vn -0.2588190473286512 -0.9105217586713256 0.3224326716168285
vn -0.25881904785703247 -0.9234108479405181 0.28341684207568313
vn -0.2588190408663013 -0.9346289534675577 0.24388813711450946
vn -0.2588190470149591 -0.9441557649839026 0.20391810206533884
vn -0.2588190470493629 -0.9519740468630483 0.16357907868566288
vn -0.25881903779511906 -0.9580696604989143 0.12294401696017586
vn -0.2588190465550788 -0.9624315608794839 0.0820864895302522
vn -0.25881903765503 -0.9650518671172674 0.04108040312363434
vn -0.25881904712649245 -0.9659258257467467 -9.663763312519422e-9
vn -0.2588190375362038 -0.9650518666742031 -0.0410804142806447
vn -0.2588190465550788 -0.9624315608794839 -0.08208648953025231
vn -0.2588190375580397 -0.9580696596213183 -0.12294402429813914
vn -0.25881904831111513 -0.9519740515039562 -0.16357904968079398
vn -0.2588190470149591 -0.9441557649839026 -0.20391810206533895
vn -0.2588190408663013 -0.9346289534675577 -0.24388813711450957
vn -0.25881904785703247 -0.9234108479405181 -0.28341684207568324
vn -0.2588190473286512 -0.9105217586713256 -0.3224326716168286
vn -0.2588190438777487 -0.8959850081218483 -0.3608650270490332
vn -0.258819043468541 -0.8798269027728484 -0.39864435766126977
vn -0.25881904728066846 -0.8620766522677098 -0.4357023598508796
vn -0.2588190494745367 -0.8427664231623081 -0.4719718801150199
vn -0.25881904591745225 -0.821931130977702 -0.5073873445407319
vn -0.2588190413965046 -0.7996085216942406 -0.5418845964267168
vn -0.258819046597224 -0.7758389204089897 -0.575401312734962
vn -0.25881903854982324 -0.7506653518970103 -0.6078768253071364
vn -0.2588190392301967 -0.7241334195838498 -0.6392522941482168
vn -0.2588190498243161 -0.6962911057052493 -0.6694709818683702
vn -0.25881904750478635 -0.6671887735906723 -0.6984782323331845
vn -0.25881904185034893 -0.6368791417043256 -0.7262214968159706
vn -0.2588190422398709 -0.6054170099018242 -0.7526506144922559
vn -0.25881903624876823 -0.5728593305153025 -0.7777177469473217
vn -0.25881903969993436 -0.5392650283812468 -0.8013775226781552
vn -0.25881903587053745 -0.5046948639118113 -0.8235871544724843
vn -0.2588190504036603 -0.4692114118236711 -0.8443064314350478
vn -0.25881904801267486 -0.4328788890124048 -0.863497867879938
vn -0.25881904014437657 -0.39576300444703433 -0.8811267495484405
vn -0.2588190467650561 -0.357930992400198 -0.8971611369821126
vn -0.2588190442365767 -0.31945127322851374 -0.9115720412414734
vn -0.2588190426732933 -0.2803934504089513 -0.9243333901344486
vn -0.2588190447457195 -0.24082827671282417 -0.9354220668834173
vn -0.25881904613528556 -0.20082727268526937 -0.9448180289894013
vn -0.25881903994546746 -0.1604628689056264 -0.9525042636462486
vn -0.2588190370606822 -0.1198080896694731 -0.9584668631229422
vn -0.2588190372815649 -0.07893648549817517 -0.96269503852354
vn -0.2588190487112405 -0.03792207762450715 -0.9651811312146802
vn -0.25881905048869763 0.003160982476417066 -0.9659206526904334
vn -0.2588190503924387 0.04423830773675444 -0.9649122609245593
vn -0.2588190432834645 0.08523555833401725 -0.9621577845807415
vn -0.2588190373078626 0.1260786025690709 -0.9576622013535155
vn -0.258819041697808 0.166693462673039 -0.9514336514737645
vn -0.2588190381821814 0.20700674812870642 -0.9434833923835803
vn -0.25881903876215945 0.24694537651399678 -0.9338258329006498
vn -0.2588190403985182 0.28643718003524116 -0.9224784258835806
vn -0.2588190424278722 0.32541060295755675 -0.9094617324327169
vn -0.25881904214811163 0.36379518895775215 -0.8947992869424558
vn -0.2588190418584178 0.4015214713648317 -0.8785176216812678
vn -0.2588190494750183 0.4385211566668862 -0.8606462076744336
vn -3.457355094040919e-16 0.4539904893272533 0.8910065294936963
vn -3.3723012535032986e-16 0.41568562968369777 0.9095083602004258
vn -3.2855770264767405e-16 0.37662849775017426 0.9263643854782235
vn -3.1973394879977653e-16 0.3368898648544353 0.9415440610817745
vn -3.1077482503779397e-16 0.2965415700972637 0.9550199459719412
vn -3.01696566220444e-16 0.2556566954286848 0.9667676318963541
vn -2.925155675092334e-16 0.2143091721761204 0.9767658771277722
vn -2.83248445286673e-16 0.1725738002554601 0.9849965905856672
vn -2.7391199934793875e-16 0.13052618200608698 0.9914448627185043
vn -2.645231064181663e-16 0.08824236504286079 0.9960990337369285
vn -2.550987666442076e-16 0.045798865188040105 0.9989506814390228
vn -2.4565600577621375e-16 0.0032724633671069162 0.99999464547742
vn -2.362119468378037e-16 -0.03925981088517214 0.9992290364322189
vn -2.267836515739259e-16 -0.08172106857742394 0.9966552397647663
vn -2.1738819590884655e-16 -0.12403441914308351 0.9922779161443824
vn -2.0804256972114095e-16 -0.16612339159464123 0.9861049735018546
vn -1.9876370180078552e-16 -0.2079116659761664 0.9781476060140489
vn -1.8956837256665538e-16 -0.24932375134482843 0.9684201913505017
vn -1.8047321668520582e-16 -0.29028468712039973 0.9569403327394095
vn -1.7149472123063405e-16 -0.33072028269650167 0.9437288247230483
vn -1.6264908956661587e-16 -0.3705574645845055 0.9288095420702261
vn -1.5395236315369835e-16 -0.4097240330982598 0.9122095245620363
vn -1.4542026186277565e-16 -0.44814916746974054 0.8939587930638518
vn -1.3706823095028014e-16 -0.4857634108911619 0.8740903320820934
vn -1.2891138932983101e-16 -0.5224985580997583 0.8526401684084991
vn -1.209644850014695e-16 -0.5582882210753836 0.8296470708732018
vn -1.1324189765977746e-16 -0.5930676371157734 0.8051526425504132
vn -1.0575761909807638e-16 -0.6267738163284376 0.7792012468965164
vn -9.852519153439817e-17 -0.6593458052486975 0.7518398161183981
vn -9.15576854749936e-17 -0.6907246830861421 0.7231178411403971
vn -8.486771128594227e-17 -0.7208536226893706 0.6930873355181225
vn -7.846739989555927e-17 -0.7496780889995379 0.6618026615797199
vn -7.236829724157081e-17 -0.7771459734110079 0.6293203762878308
vn -6.658147536676873e-17 -0.8032075234449987 0.5956993153272476
vn -6.111737085872246e-17 -0.8278156480626914 0.5610002253319925
vn -5.598589932829612e-17 -0.8509257339284235 0.5252860128904763
vn -5.1196339012934943e-17 -0.8724960103176516 0.48862123570285043
vn -4.6757357613171614e-17 -0.8924874205541348 0.45107228262511007
vn -4.2676974489945545e-17 -0.9108638231632019 0.4127070336843256
vn -3.896258969430746e-17 -0.9275919332999829 0.37359497490838905
vn -3.5620911462525916e-17 -0.9426414875796228 0.33380686915292157
vn -3.265800399096336e-17 -0.9559852539425864 0.2934147137488651
vn -3.007921204005145e-17 -0.9675990957469011 0.25249156403685913
vn -2.788920791453949e-17 -0.9774619802565869 0.21111152775931422
vn -2.6091963011406184e-17 -0.9855560588161857 0.1693495052567535
vn -2.4690719025172122e-17 -0.9918666989755022 0.12728099411711374
vn -2.368801744027235e-17 -0.996382471386087 0.08498217880563799
vn -2.3085671404967062e-17 -0.9990952095327871 0.042529546066659416
vn -2.2884765592002263e-17 -1 1.1685989892259232e-8
vn -2.3085671393994336e-17 -0.9990952090579125 -0.04252955722231603
vn -2.3688017455270812e-17 -0.9963824720169632 -0.08498217140886541
vn -2.4690719025172122e-17 -0.9918666989755022 -0.12728099411711385
vn -2.6091963011406184e-17 -0.9855560588161857 -0.1693495052567536
vn -2.788920782680542e-17 -0.9774619771816804 -0.21111154199635918
vn -3.007921181371033e-17 -0.9675990884658772 -0.252491591939224
vn -3.26580042765393e-17 -0.9559852623021416 -0.2934146865122896
vn -3.5620911108161246e-17 -0.9426414782020178 -0.3338068956344593
vn -3.896258969430746e-17 -0.9275919332999829 -0.37359497490838917
vn -4.2676975014856463e-17 -0.9108638343664882 -0.4127070089581458
vn -4.6757357613171614e-17 -0.8924874205541348 -0.4510722826251102
vn -5.1196339012934943e-17 -0.8724960103176516 -0.48862123570285054
vn -5.598589932829612e-17 -0.8509257339284235 -0.5252860128904763
vn -6.111737085872246e-17 -0.8278156480626914 -0.5610002253319925
vn -6.658147536676873e-17 -0.8032075234449987 -0.5956993153272476
vn -7.236829724157081e-17 -0.7771459734110079 -0.6293203762878308
vn -7.846739989555927e-17 -0.7496780889995379 -0.6618026615797199
vn -8.486771128594227e-17 -0.7208536226893706 -0.6930873355181225
vn -9.15576854749936e-17 -0.6907246830861421 -0.7231178411403971
vn -9.852519153439817e-17 -0.6593458052486975 -0.7518398161183981
vn -1.0575761909807638e-16 -0.6267738163284376 -0.7792012468965164
vn -1.1324189765977746e-16 -0.5930676371157734 -0.8051526425504132
vn -1.209644850014695e-16 -0.5582882210753836 -0.8296470708732018
vn -1.2891138932983101e-16 -0.5224985580997583 -0.8526401684084991
vn -1.3706823095028014e-16 -0.48576341089116176 -0.8740903320820934
vn -1.454202533031145e-16 -0.44814919128663283 -0.8939587811242401
vn -1.5395236315369835e-16 -0.40972403309825967 -0.9122095245620363
vn -1.6264909798027176e-16 -0.37055743887442333 -0.9288095523275091
vn -1.7149472123063405e-16 -0.33072028269650156 -0.9437288247230483
vn -1.8047322486395281e-16 -0.29028465982937607 -0.9569403410180507
vn -1.89568368553646e-16 -0.24932376531969822 -0.9684201877526138
vn -1.987636978762683e-16 -0.20791168023319073 -0.9781476029836251
vn -2.080425735448586e-16 -0.16612337710470687 -0.98610497594289
vn -2.17388190343079e-16 -0.1240344411509538 -0.9922779133934053
vn -2.267836533663688e-16 -0.08172106117660058 -0.9966552403715991
vn -2.362119485612589e-16 -0.03925980344607507 -0.9992290367245016
vn -2.4565601278179345e-16 0.0032724950317357835 -0.9999946453737977
vn -2.5509876507689325e-16 0.04579885775308734 -0.9989506817798929
vn -2.645231049377176e-16 0.08824235765029599 -0.9960990343918206
vn -2.739120021239046e-16 0.1305261966533756 -0.9914448607901523
vn -2.832484670769647e-16 0.1725738393020912 -0.9849965837446016
vn -2.925155651346463e-16 0.21430915795934594 -0.9767658802470303
vn -3.01696566220444e-16 0.2556566954286849 -0.9667676318963541
vn -3.1077482503779397e-16 0.2965415700972638 -0.9550199459719412
vn -3.1973394879977653e-16 0.3368898648544354 -0.9415440610817745
vn -3.2855770557725447e-16 0.37662852332506663 -0.9263643750803351
vn -3.3723012291062556e-16 0.4156856050310534 -0.9095083714677766
vn -3.4573551134374526e-16 0.4539905129870972 -0.8910065174384036
f 610//610 513//513 611//611
f 513//513 514//514 611//611
f 611//611 514//514 612//612
f 514//514 515//515 612//612
f 612//612 515//515 613//613
f 515//515 516//516 613//613
f 613//613 516//516 614//614
f 516//516 517//517 614//614
f 614//614 517//517 615//615
f 517//517 518//518 615//615
f 615//615 518//518 616//616
f 518//518 519//519 616//616
f 616//616 519//519 617//617
f 519//519 520//520 617//617
f 617//617 520//520 618//618
f 520//520 521//521 618//618
f 618//618 521//521 619//619
f 521//521 522//522 619//619
f 619//619 522//522 620//620
f 522//522 523//523 620//620
f 620//620 523//523 621//621
f 523//523 524//524 621//621
f 621//621 524//524 622//622
f 524//524 525//525 622//622
f 622//622 525//525 623//623
f 525//525 526//526 623//623
f 623//623 526//526 624//624
f 526//526 527//527 624//624
f 624//624 527//527 625//625
f 527//527 528//528 625//625
f 625//625 528//528 626//626
f 528//528 529//529 626//626
f 626//626 529//529 627//627
f 529//529 530//530 627//627
f 627//627 530//530 628//628
f 530//530 531//531 628//628
f 628//628 531//531 629//629
f 531//531 532//532 629//629
f 629//629 532//532 630//630
f 532//532 533//533 630//630
f 630//630 533//533 631//631
f 533//533 534//534 631//631
f 631//631 534//534 632//632
f 534//534 535//535 632//632
f 632//632 535//535 633//633
f 535//535 536//536 633//633
f 633//633 536//536 634//634
f 536//536 537//537 634//634
f 634//634 537//537 635//635
f 537//537 538//538 635//635
f 635//635 538//538 636//636
f 538//538 539//539 636//636
f 636//636 539//539 637//637
f 539//539 540//540 637//637
f 637//637 540//540 638//638
f 540//540 541//541 638//638
f 638//638 541//541 639//639
f 541//541 542//542 639//639
f 639//639 542//542 640//640
f 542//542 543//543 640//640
f 640//640 543//543 641//641
f 543//543 544//544 641//641
f 641//641 544//544 642//642
f 544//544 545//545 642//642
f 642//642 545//545 643//643
f 545//545 546//546 643//643
f 643//643 546//546 644//644
f 546//546 547//547 644//644
f 644//644 547//547 645//645
f 547//547 548//548 645//645
f 645//645 548//548 646//646
f 548//548 549//549 646//646
f 646//646 549//549 647//647
f 549//549 550//550 647//647
f 647//647 550//550 648//648
f 550//550 551//551 648//648
f 648//648 551//551 649//649
f 551//551 552//552 649//649
f 649//649 552//552 650//650
f 552//552 553//553 650//650
f 650//650 553//553 651//651
f 553//553 554//554 651//651
f 651//651 554//554 652//652
f 554//554 555//555 652//652
f 652//652 555//555 653//653
f 555//555 556//556 653//653
f 653//653 556//556 654//654
f 556//556 557//557 654//654
f 654//654 557//557 655//655
f 557//557 558//558 655//655
f 655//655 558//558 656//656
f 558//558 559//559 656//656
f 656//656 559//559 657//657
f 559//559 560//560 657//657
f 657//657 560//560 658//658
f 560//560 561//561 658//658
f 658//658 561//561 659//659
f 561//561 562//562 659//659
f 659//659 562//562 660//660
f 562//562 563//563 660//660
f 660//660 563//563 661//661
f 563//563 564//564 661//661
f 661//661 564//564 662//662
f 564//564 565//565 662//662
f 662//662 565//565 663//663
f 565//565 566//566 663//663
f 663//663 566//566 664//664
f 566//566 567//567 664//664
f 664//664 567//567 665//665
f 567//567 568//568 665//665
f 665//665 568//568 666//666
f 568//568 569//569 666//666
f 666//666 569//569 667//667
f 569//569 570//570 667//667
f 667//667 570//570 668//668
f 570//570 571//571 668//668
f 668//668 571//571 669//669
f 571//571 572//572 669//669
f 669//669 572//572 670//670
f 572//572 573//573 670//670
f 670//670 573//573 671//671
f 573//573 574//574 671//671
f 671//671 574//574 672//672
f 574//574 575//575 672//672
f 672//672 575//575 673//673
f 575//575 576//576 673//673
f 673//673 576//576 674//674
f 576//576 577//577 674//674
f 674//674 577//577 675//675
f 577//577 578//578 675//675
f 675//675 578//578 676//676
f 578//578 579//579 676//676
f 676//676 579//579 677//677
f 579//579 580//580 677//677
f 677//677 580//580 678//678
f 580//580 581//581 678//678
f 678//678 581//581 679//679
f 581//581 582//582 679//679
f 679//679 582//582 680//680
f 582//582 583//583 680//680
f 680//680 583//583 681//681
f 583//583 584//584 681//681
f 681//681 584//584 682//682
f 584//584 585//585 682//682
f 682//682 585//585 683//683
f 585//585 586//586 683//683
f 683//683 586//586 684//684
f 586//586 587//587 684//684
f 684//684 587//587 685//685
f 587//587 588//588 685//685
f 685//685 588//588 686//686
f 588//588 589//589 686//686
f 686//686 589//589 687//687
f 589//589 590//590 687//687
f 687//687 590//590 688//688
f 590//590 591//591 688//688
f 688//688 591//591 689//689
f 591//591 592//592 689//689
f 689//689 592//592 690//690
f 592//592 593//593 690//690
f 690//690 593//593 691//691
f 593//593 594//594 691//691
f 691//691 594//594 692//692
f 594//594 595//595 692//692
f 692//692 595//595 693//693
f 595//595 596//596 693//693
f 693//693 596//596 694//694
f 596//596 597//597 694//694
f 694//694 597//597 695//695
f 597//597 598//598 695//695
f 695//695 598//598 696//696
f 598//598 599//599 696//696
f 696//696 599//599 697//697
f 599//599 600//600 697//697
f 697//697 600//600 698//698
f 600//600 601//601 698//698
f 698//698 601//601 699//699
f 601//601 602//602 699//699
f 699//699 602//602 700//700
f 602//602 603//603 700//700
f 700//700 603//603 701//701
f 603//603 604//604 701//701
f 701//701 604//604 702//702
f 604//604 605//605 702//702
f 702//702 605//605 703//703
f 605//605 606//606 703//703
f 703//703 606//606 704//704
f 606//606 607//607 704//704
f 704//704 607//607 705//705
f 607//607 608//608 705//705
f 705//705 608//608 706//706
f 608//608 609//609 706//706
f 707//707 610//610 708//708
f 610//610 611//611 708//708
f 708//708 611//611 709//709
f 611//611 612//612 709//709
f 709//709 612//612 710//710
f 612//612 613//613 710//710
f 710//710 613//613 711//711
f 613//613 614//614 711//711
f 711//711 614//614 712//712
f 614//614 615//615 712//712
f 712//712 615//615 713//713
f 615//615 616//616 713//713
f 713//713 616//616 714//714
f 616//616 617//617 714//714
f 714//714 617//617 715//715
f 617//617 618//618 715//715
f 715//715 618//618 716//716
f 618//618 619//619 716//716
f 716//716 619//619 717//717
f 619//619 620//620 717//717
f 717//717 620//620 718//718
f 620//620 621//621 718//718
f 718//718 621//621 719//719
f 621//621 622//622 719//719
f 719//719 622//622 720//720
f 622//622 623//623 720//720
f 720//720 623//623 721//721
f 623//623 624//624 721//721
f 721//721 624//624 722//722
f 624//624 625//625 722//722
f 722//722 625//625 723//723
f 625//625 626//626 723//723
f 723//723 626//626 724//724
f 626//626 627//627 724//724
f 724//724 627//627 725//725
f 627//627 628//628 725//725
f 725//725 628//628 726//726
f 628//628 629//629 726//726
f 726//726 629//629 727//727
f 629//629 630//630 727//727
f 727//727 630//630 728//728
f 630//630 631//631 728//728
f 728//728 631//631 729//729
f 631//631 632//632 729//729
f 729//729 632//632 730//730
f 632//632 633//633 730//730
f 730//730 633//633 731//731
f 633//633 634//634 731//731
f 731//731 634//634 732//732
f 634//634 635//635 732//732
f 732//732 635//635 733//733
f 635//635 636//636 733//733
f 733//733 636//636 734//734
f 636//636 637//637 734//734
f 734//734 637//637 735//735
f 637//637 638//638 735//735
f 735//735 638//638 736//736
f 638//638 639//639 736//736
f 736//736 639//639 737//737
f 639//639 640//640 737//737
f 737//737 640//640 738//738
f 640//640 641//641 738//738
f 738//738 641//641 739//739
f 641//641 642//642 739//739
f 739//739 642//642 740//740
f 642//642 643//643 740//740
f 740//740 643//643 741//741
f 643//643 644//644 741//741
f 741//741 644//644 742//742
f 644//644 645//645 742//742
f 742//742 645//645 743//743
f 645//645 646//646 743//743
f 743//743 646//646 744//744
f 646//646 647//647 744//744
f 744//744 647//647 745//745
f 647//647 648//648 745//745
f 745//745 648//648 746//746
f 648//648 649//649 746//746
f 746//746 649//649 747//747
f 649//649 650//650 747//747
f 747//747 650//650 748//748
f 650//650 651//651 748//748
f 748//748 651//651 749//749
f 651//651 652//652 749//749
f 749//749 652//652 750//750
f 652//652 653//653 750//750
f 750//750 653//653 751//751
f 653//653 654//654 751//751
f 751//751 654//654 752//752
f 654//654 655//655 752//752
f 752//752 655//655 753//753
f 655//655 656//656 753//753
f 753//753 656//656 754//754
f 656//656 657//657 754//754
f 754//754 657//657 755//755
f 657//657 658//658 755//755
f 755//755 658//658 756//756
f 658//658 659//659 756//756
f 756//756 659//659 757//757
f 659//659 660//660 757//757
f 757//757 660//660 758//758
f 660//660 661//661 758//758
f 758//758 661//661 759//759
f 661//661 662//662 759//759
f 759//759 662//662 760//760
f 662//662 663//663 760//760
f 760//760 663//663 761//761
f 663//663 664//664 761//761
f 761//761 664//664 762//762
f 664//664 665//665 762//762
f 762//762 665//665 763//763
f 665//665 666//666 763//763
f 763//763 666//666 764//764
f 666//666 667//667 764//764
f 764//764 667//667 765//765
f 667//667 668//668 765//765
f 765//765 668//668 766//766
f 668//668 669//669 766//766
f 766//766 669//669 767//767
f 669//669 670//670 767//767
f 767//767 670//670 768//768
f 670//670 671//671 768//768
f 768//768 671//671 769//769
f 671//671 672//672 769//769
f 769//769 672//672 770//770
f 672//672 673//673 770//770
f 770//770 673//673 771//771
f 673//673 674//674 771//771
f 771//771 674//674 772//772
f 674//674 675//675 772//772
f 772//772 675//675 773//773
f 675//675 676//676 773//773
f 773//773 676//676 774//774
f 676//676 677//677 774//774
f 774//774 677//677 775//775
f 677//677 678//678 775//775
f 775//775 678//678 776//776
f 678//678 679//679 776//776
f 776//776 679//679 777//777
f 679//679 680//680 777//777
f 777//777 680//680 778//778
f 680//680 681//681 778//778
f 778//778 681//681 779//779
f 681//681 682//682 779//779
f 779//779 682//682 780//780
f 682//682 683//683 780//780
f 780//780 683//683 781//781
f 683//683 684//684 781//781
f 781//781 684//684 782//782
f 684//684 685//685 782//782
f 782//782 685//685 783//783
f 685//685 686//686 783//783
f 783//783 686//686 784//784
f 686//686 687//687 784//784
f 784//784 687//687 785//785
f 687//687 688//688 785//785
f 785//785 688//688 786//786
f 688//688 689//689 786//786
f 786//786 689//689 787//787
f 689//689 690//690 787//787
f 787//787 690//690 788//788
f 690//690 691//691 788//788
f 788//788 691//691 789//789
f 691//691 692//692 789//789
f 789//789 692//692 790//790
f 692//692 693//693 790//790
f 790//790 693//693 791//791
f 693//693 694//694 791//791
f 791//791 694//694 792//792
f 694//694 695//695 792//792
f 792//792 695//695 793//793
f 695//695 696//696 793//793
f 793//793 696//696 794//794
f 696//696 697//697 794//794
f 794//794 697//697 795//795
f 697//697 698//698 795//795
f 795//795 698//698 796//796
f 698//698 699//699 796//796
f 796//796 699//699 797//797
f 699//699 700//700 797//797
f 797//797 700//700 798//798
f 700//700 701//701 798//798
f 798//798 701//701 799//799
f 701//701 702//702 799//799
f 799//799 702//702 800//800
f 702//702 703//703 800//800
f 800//800 703//703 801//801
f 703//703 704//704 801//801
f 801//801 704//704 802//802
f 704//704 705//705 802//802
f 802//802 705//705 803//803
f 705//705 706//706 803//803
f 804//804 707//707 805//805
f 707//707 708//708 805//805
f 805//805 708//708 806//806
f 708//708 709//709 806//806
f 806//806 709//709 807//807
f 709//709 710//710 807//807
f 807//807 710//710 808//808
f 710//710 711//711 808//808
f 808//808 711//711 809//809
f 711//711 712//712 809//809
f 809//809 712//712 810//810
f 712//712 713//713 810//810
f 810//810 713//713 811//811
f 713//713 714//714 811//811
f 811//811 714//714 812//812
f 714//714 715//715 812//812
f 812//812 715//715 813//813
f 715//715 716//716 813//813
f 813//813 716//716 814//814
f 716//716 717//717 814//814
f 814//814 717//717 815//815
f 717//717 718//718 815//815
f 815//815 718//718 816//816
f 718//718 719//719 816//816
f 816//816 719//719 817//817
f 719//719 720//720 817//817
f 817//817 720//720 818//818
f 720//720 721//721 818//818
f 818//818 721//721 819//819
f 721//721 722//722 819//819
f 819//819 722//722 820//820
f 722//722 723//723 820//820
f 820//820 723//723 821//821
f 723//723 724//724 821//821
f 821//821 724//724 822//822
f 724//724 725//725 822//822
f 822//822 725//725 823//823
f 725//725 726//726 823//823
f 823//823 726//726 824//824
f 726//726 727//727 824//824
f 824//824 727//727 825//825
f 727//727 728//728 825//825
f 825//825 728//728 826//826
f 728//728 729//729 826//826
f 826//826 729//729 827//827
f 729//729 730//730 827//827
f 827//827 730//730 828//828
f 730//730 731//731 828//828
f 828//828 731//731 829//829
f 731//731 732//732 829//829
f 829//829 732//732 830//830
f 732//732 733//733 830//830
f 830//830 733//733 831//831
f 733//733 734//734 831//831
f 831//831 734//734 832//832
f 734//734 735//735 832//832
f 832//832 735//735 833//833
f 735//735 736//736 833//833
f 833//833 736//736 834//834
f 736//736 737//737 834//834
f 834//834 737//737 835//835
f 737//737 738//738 835//835
f 835//835 738//738 836//836
f 738//738 739//739 836//836
f 836//836 739//739 837//837
f 739//739 740//740 837//837
f 837//837 740//740 838//838
f 740//740 741//741 838//838
f 838//838 741//741 839//839
f 741//741 742//742 839//839
f 839//839 742//742 840//840
f 742//742 743//743 840//840
f 840//840 743//743 841//841
f 743//743 744//744 841//841
f 841//841 744//744 842//842
f 744//744 745//745 842//842
f 842//842 745//745 843//843
f 745//745 746//746 843//843
f 843//843 746//746 844//844
f 746//746 747//747 844//844
f 844//844 747//747 845//845
f 747//747 748//748 845//845
f 845//845 748//748 846//846
f 748//748 749//749 846//846
f 846//846 749//749 847//847
f 749//749 750//750 847//847
f 847//847 750//750 848//848
f 750//750 751//751 848//848
f 848//848 751//751 849//849
f 751//751 752//752 849//849
f 849//849 752//752 850//850
f 752//752 753//753 850//850
f 850//850 753//753 851//851
f 753//753 754//754 851//851
f 851//851 754//754 852//852
f 754//754 755//755 852//852
f 852//852 755//755 853//853
f 755//755 756//756 853//853
f 853//853 756//756 854//854
f 756//756 757//757 854//854
f 854//854 757//757 855//855
f 757//757 758//758 855//855
f 855//855 758//758 856//856
f 758//758 759//759 856//856
f 856//856 759//759 857//857
f 759//759 760//760 857//857
f 857//857 760//760 858//858
f 760//760 761//761 858//858
f 858//858 761//761 859//859
f 761//761 762//762 859//859
f 859//859 762//762 860//860
f 762//762 763//763 860//860
f 860//860 763//763 861//861
f 763//763 764//764 861//861
f 861//861 764//764 862//862
f 764//764 765//765 862//862
f 862//862 765//765 863//863
f 765//765 766//766 863//863
f 863//863 766//766 864//864
f 766//766 767//767 864//864
f 864//864 767//767 865//865
f 767//767 768//768 865//865
f 865//865 768//768 866//866
f 768//768 769//769 866//866
f 866//866 769//769 867//867
f 769//769 770//770 867//867
f 867//867 770//770 868//868
f 770//770 771//771 868//868
f 868//868 771//771 869//869
f 771//771 772//772 869//869
f 869//869 772//772 870//870
f 772//772 773//773 870//870
f 870//870 773//773 871//871
f 773//773 774//774 871//871
f 871//871 774//774 872//872
f 774//774 775//775 872//872
f 872//872 775//775 873//873
f 775//775 776//776 873//873
f 873//873 776//776 874//874
f 776//776 777//777 874//874
f 874//874 777//777 875//875
f 777//777 778//778 875//875
f 875//875 778//778 876//876
f 778//778 779//779 876//876
f 876//876 779//779 877//877
f 779//779 780//780 877//877
f 877//877 780//780 878//878
f 780//780 781//781 878//878
f 878//878 781//781 879//879
f 781//781 782//782 879//879
f 879//879 782//782 880//880
f 782//782 783//783 880//880
f 880//880 783//783 881//881
f 783//783 784//784 881//881
f 881//881 784//784 882//882
f 784//784 785//785 882//882
f 882//882 785//785 883//883
f 785//785 786//786 883//883
f 883//883 786//786 884//884
f 786//786 787//787 884//884
f 884//884 787//787 885//885
f 787//787 788//788 885//885
f 885//885 788//788 886//886
f 788//788 789//789 886//886
f 886//886 789//789 887//887
f 789//789 790//790 887//887
f 887//887 790//790 888//888
f 790//790 791//791 888//888
f 888//888 791//791 889//889
f 791//791 792//792 889//889
f 889//889 792//792 890//890
f 792//792 793//793 890//890
f 890//890 793//793 891//891
f 793//793 794//794 891//891
f 891//891 794//794 892//892
f 794//794 795//795 892//892
f 892//892 795//795 893//893
f 795//795 796//796 893//893
f 893//893 796//796 894//894
f 796//796 797//797 894//894
f 894//894 797//797 895//895
f 797//797 798//798 895//895
f 895//895 798//798 896//896
f 798//798 799//799 896//896
f 896//896 799//799 897//897
f 799//799 800//800 897//897
f 897//897 800//800 898//898
f 800//800 801//801 898//898
f 898//898 801//801 899//899
f 801//801 802//802 899//899
f 899//899 802//802 900//900
f 802//802 803//803 900//900
f 901//901 804//804 902//902
f 804//804 805//805 902//902
f 902//902 805//805 903//903
f 805//805 806//806 903//903
f 903//903 806//806 904//904
f 806//806 807//807 904//904
f 904//904 807//807 905//905
f 807//807 808//808 905//905
f 905//905 808//808 906//906
f 808//808 809//809 906//906
f 906//906 809//809 907//907
f 809//809 810//810 907//907
f 907//907 810//810 908//908
f 810//810 811//811 908//908
f 908//908 811//811 909//909
f 811//811 812//812 909//909
f 909//909 812//812 910//910
f 812//812 813//813 910//910
f 910//910 813//813 911//911
f 813//813 814//814 911//911
f 911//911 814//814 912//912
f 814//814 815//815 912//912
f 912//912 815//815 913//913
f 815//815 816//816 913//913
f 913//913 816//816 914//914
f 816//816 817//817 914//914
f 914//914 817//817 915//915
f 817//817 818//818 915//915
f 915//915 818//818 916//916
f 818//818 819//819 916//916
f 916//916 819//819 917//917
f 819//819 820//820 917//917
f 917//917 820//820 918//918
f 820//820 821//821 918//918
f 918//918 821//821 919//919
f 821//821 822//822 919//919
f 919//919 822//822 920//920
f 822//822 823//823 920//920
f 920//920 823//823 921//921
f 823//823 824//824 921//921
f 921//921 824//824 922//922
f 824//824 825//825 922//922
f 922//922 825//825 923//923
f 825//825 826//826 923//923
f 923//923 826//826 924//924
f 826//826 827//827 924//924
f 924//924 827//827 925//925
f 827//827 828//828 925//925
f 925//925 828//828 926//926
f 828//828 829//829 926//926
f 926//926 829//829 927//927
f 829//829 830//830 927//927
f 927//927 830//830 928//928
f 830//830 831//831 928//928
f 928//928 831//831 929//929
f 831//831 832//832 929//929
f 929//929 832//832 930//930
f 832//832 833//833 930//930
f 930//930 833//833 931//931
f 833//833 834//834 931//931
f 931//931 834//834 932//932
f 834//834 835//835 932//932
f 932//932 835//835 933//933
f 835//835 836//836 933//933
f 933//933 836//836 934//934
f 836//836 837//837 934//934
f 934//934 837//837 935//935
f 837//837 838//838 935//935
f 935//935 838//838 936//936
f 838//838 839//839 936//936
f 936//936 839//839 937//937
f 839//839 840//840 937//937
f 937//937 840//840 938//938
f 840//840 841//841 938//938
f 938//938 841//841 939//939
f 841//841 842//842 939//939
f 939//939 842//842 940//940
f 842//842 843//843 940//940
f 940//940 843//843 941//941
f 843//843 844//844 941//941
f 941//941 844//844 942//942
f 844//844 845//845 942//942
f 942//942 845//845 943//943
f 845//845 846//846 943//943
f 943//943 846//846 944//944
f 846//846 847//847 944//944
f 944//944 847//847 945//945
f 847//847 848//848 945//945
f 945//945 848//848 946//946
f 848//848 849//849 946//946
f 946//946 849//849 947//947
f 849//849 850//850 947//947
f 947//947 850//850 948//948
f 850//850 851//851 948//948
f 948//948 851//851 949//949
f 851//851 852//852 949//949
f 949//949 852//852 950//950
f 852//852 853//853 950//950
f 950//950 853//853 951//951
f 853//853 854//854 951//951
f 951//951 854//854 952//952
f 854//854 855//855 952//952
f 952//952 855//855 953//953
f 855//855 856//856 953//953
f 953//953 856//856 954//954
f 856//856 857//857 954//954
f 954//954 857//857 955//955
f 857//857 858//858 955//955
f 955//955 858//858 956//956
f 858//858 859//859 956//956
f 956//956 859//859 957//957
f 859//859 860//860 957//957
f 957//957 860//860 958//958
f 860//860 861//861 958//958
f 958//958 861//861 959//959
f 861//861 862//862 959//959
f 959//959 862//862 960//960
f 862//862 863//863 960//960
f 960//960 863//863 961//961
f 863//863 864//864 961//961
f 961//961 864//864 962//962
f 864//864 865//865 962//962
f 962//962 865//865 963//963
f 865//865 866//866 963//963
f 963//963 866//866 964//964
f 866//866 867//867 964//964
f 964//964 867//867 965//965
f 867//867 868//868 965//965
f 965//965 868//868 966//966
f 868//868 869//869 966//966
f 966//966 869//869 967//967
f 869//869 870//870 967//967
f 967//967 870//870 968//968
f 870//870 871//871 968//968
f 968//968 871//871 969//969
f 871//871 872//872 969//969
f 969//969 872//872 970//970
f 872//872 873//873 970//970
f 970//970 873//873 971//971
f 873//873 874//874 971//971
f 971//971 874//874 972//972
f 874//874 875//875 972//972
f 972//972 875//875 973//973
f 875//875 876//876 973//973
f 973//973 876//876 974//974
f 876//876 877//877 974//974
f 974//974 877//877 975//975
f 877//877 878//878 975//975
f 975//975 878//878 976//976
f 878//878 879//879 976//976
f 976//976 879//879 977//977
f 879//879 880//880 977//977
f 977//977 880//880 978//978
f 880//880 881//881 978//978
f 978//978 881//881 979//979
f 881//881 882//882 979//979
f 979//979 882//882 980//980
f 882//882 883//883 980//980
f 980//980 883//883 981//981
f 883//883 884//884 981//981
f 981//981 884//884 982//982
f 884//884 885//885 982//982
f 982//982 885//885 983//983
f 885//885 886//886 983//983
f 983//983 886//886 984//984
f 886//886 887//887 984//984
f 984//984 887//887 985//985
f 887//887 888//888 985//985
f 985//985 888//888 986//986
f 888//888 889//889 986//986
f 986//986 889//889 987//987
f 889//889 890//890 987//987
f 987//987 890//890 988//988
f 890//890 891//891 988//988
f 988//988 891//891 989//989
f 891//891 892//892 989//989
f 989//989 892//892 990//990
f 892//892 893//893 990//990
f 990//990 893//893 991//991
f 893//893 894//894 991//991
f 991//991 894//894 992//992
f 894//894 895//895 992//992
f 992//992 895//895 993//993
f 895//895 896//896 993//993
f 993//993 896//896 994//994
f 896//896 897//897 994//994
f 994//994 897//897 995//995
f 897//897 898//898 995//995
f 995//995 898//898 996//996
f 898//898 899//899 996//996
f 996//996 899//899 997//997
f 899//899 900//900 997//997
f 998//998 901//901 999//999
f 901//901 902//902 999//999
f 999//999 902//902 1000//1000
f 902//902 903//903 1000//1000
f 1000//1000 903//903 1001//1001
f 903//903 904//904 1001//1001
f 1001//1001 904//904 1002//1002
f 904//904 905//905 1002//1002
f 1002//1002 905//905 1003//1003
f 905//905 906//906 1003//1003
f 1003//1003 906//906 1004//1004
f 906//906 907//907 1004//1004
f 1004//1004 907//907 1005//1005
f 907//907 908//908 1005//1005
f 1005//1005 908//908 1006//1006
f 908//908 909//909 1006//1006
f 1006//1006 909//909 1007//1007
f 909//909 910//910 1007//1007
f 1007//1007 910//910 1008//1008
f 910//910 911//911 1008//1008
f 1008//1008 911//911 1009//1009
f 911//911 912//912 1009//1009
f 1009//1009 912//912 1010//1010
f 912//912 913//913 1010//1010
f 1010//1010 913//913 1011//1011
f 913//913 914//914 1011//1011
f 1011//1011 914//914 1012//1012
f 914//914 915//915 1012//1012
f 1012//1012 915//915 1013//1013
f 915//915 916//916 1013//1013
f 1013//1013 916//916 1014//1014
f 916//916 917//917 1014//1014
f 1014//1014 917//917 1015//1015
f 917//917 918//918 1015//1015
f 1015//1015 918//918 1016//1016
f 918//918 919//919 1016//1016
f 1016//1016 919//919 1017//1017
f 919//919 920//920 1017//1017
f 1017//1017 920//920 1018//1018
f 920//920 921//921 1018//1018
f 1018//1018 921//921 1019//1019
f 921//921 922//922 1019//1019
f 1019//1019 922//922 1020//1020
f 922//922 923//923 1020//1020
f 1020//1020 923//923 1021//1021
f 923//923 924//924 1021//1021
f 1021//1021 924//924 1022//1022
f 924//924 925//925 1022//1022
f 1022//1022 925//925 1023//1023
f 925//925 926//926 1023//1023
f 1023//1023 926//926 1024//1024
f 926//926 927//927 1024//1024
f 1024//1024 927//927 1025//1025
f 927//927 928//928 1025//1025
f 1025//1025 928//928 1026//1026
f 928//928 929//929 1026//1026
f 1026//1026 929//929 1027//1027
f 929//929 930//930 1027//1027
f 1027//1027 930//930 1028//1028
f 930//930 931//931 1028//1028
f 1028//1028 931//931 1029//1029
f 931//931 932//932 1029//1029
f 1029//1029 932//932 1030//1030
f 932//932 933//933 1030//1030
f 1030//1030 933//933 1031//1031
f 933//933 934//934 1031//1031
f 1031//1031 934//934 1032//1032
f 934//934 935//935 1032//1032
f 1032//1032 935//935 1033//1033
f 935//935 936//936 1033//1033
f 1033//1033 936//936 1034//1034
f 936//936 937//937 1034//1034
f 1034//1034 937//937 1035//1035
f 937//937 938//938 1035//1035
f 1035//1035 938//938 1036//1036
f 938//938 939//939 1036//1036
f 1036//1036 939//939 1037//1037
f 939//939 940//940 1037//1037
f 1037//1037 940//940 1038//1038
f 940//940 941//941 1038//1038
f 1038//1038 941//941 1039//1039
f 941//941 942//942 1039//1039
f 1039//1039 942//942 1040//1040
f 942//942 943//943 1040//1040
f 1040//1040 943//943 1041//1041
f 943//943 944//944 1041//1041
f 1041//1041 944//944 1042//1042
f 944//944 945//945 1042//1042
f 1042//1042 945//945 1043//1043
f 945//945 946//946 1043//1043
f 1043//1043 946//946 1044//1044
f 946//946 947//947 1044//1044
f 1044//1044 947//947 1045//1045
f 947//947 948//948 1045//1045
f 1045//1045 948//948 1046//1046
f 948//948 949//949 1046//1046
f 1046//1046 949//949 1047//1047
f 949//949 950//950 1047//1047
f 1047//1047 950//950 1048//1048
f 950//950 951//951 1048//1048
f 1048//1048 951//951 1049//1049
f 951//951 952//952 1049//1049
f 1049//1049 952//952 1050//1050
f 952//952 953//953 1050//1050
f 1050//1050 953//953 1051//1051
f 953//953 954//954 1051//1051
f 1051//1051 954//954 1052//1052
f 954//954 955//955 1052//1052
f 1052//1052 955//955 1053//1053
f 955//955 956//956 1053//1053
f 1053//1053 956//956 1054//1054
f 956//956 957//957 1054//1054
f 1054//1054 957//957 1055//1055
f 957//957 958//958 1055//1055
f 1055//1055 958//958 1056//1056
f 958//958 959//959 1056//1056
f 1056//1056 959//959 1057//1057
f 959//959 960//960 1057//1057
f 1057//1057 960//960 1058//1058
f 960//960 961//961 1058//1058
f 1058//1058 961//961 1059//1059
f 961//961 962//962 1059//1059
f 1059//1059 962//962 1060//1060
f 962//962 963//963 1060//1060
f 1060//1060 963//963 1061//1061
f 963//963 964//964 1061//1061
f 1061//1061 964//964 1062//1062
f 964//964 965//965 1062//1062
f 1062//1062 965//965 1063//1063
f 965//965 966//966 1063//1063
f 1063//1063 966//966 1064//1064
f 966//966 967//967 1064//1064
f 1064//1064 967//967 1065//1065
f 967//967 968//968 1065//1065
f 1065//1065 968//968 1066//1066
f 968//968 969//969 1066//1066
f 1066//1066 969//969 1067//1067
f 969//969 970//970 1067//1067
f 1067//1067 970//970 1068//1068
f 970//970 971//971 1068//1068
f 1068//1068 971//971 1069//1069
f 971//971 972//972 1069//1069
f 1069//1069 972//972 1070//1070
f 972//972 973//973 1070//1070
f 1070//1070 973//973 1071//1071
f 973//973 974//974 1071//1071
f 1071//1071 974//974 1072//1072
f 974//974 975//975 1072//1072
f 1072//1072 975//975 1073//1073
f 975//975 976//976 1073//1073
f 1073//1073 976//976 1074//1074
f 976//976 977//977 1074//1074
f 1074//1074 977//977 1075//1075
f 977//977 978//978 1075//1075
f 1075//1075 978//978 1076//1076
f 978//978 979//979 1076//1076
f 1076//1076 979//979 1077//1077
f 979//979 980//980 1077//1077
f 1077//1077 980//980 1078//1078
f 980//980 981//981 1078//1078
f 1078//1078 981//981 1079//1079
f 981//981 982//982 1079//1079
f 1079//1079 982//982 1080//1080
f 982//982 983//983 1080//1080
f 1080//1080 983//983 1081//1081
f 983//983 984//984 1081//1081
f 1081//1081 984//984 1082//1082
f 984//984 985//985 1082//1082
f 1082//1082 985//985 1083//1083
f 985//985 986//986 1083//1083
f 1083//1083 986//986 1084//1084
f 986//986 987//987 1084//1084
f 1084//1084 987//987 1085//1085
f 987//987 988//988 1085//1085
f 1085//1085 988//988 1086//1086
f 988//988 989//989 1086//1086
f 1086//1086 989//989 1087//1087
f 989//989 990//990 1087//1087
f 1087//1087 990//990 1088//1088
f 990//990 991//991 1088//1088
f 1088//1088 991//991 1089//1089
f 991//991 992//992 1089//1089
f 1089//1089 992//992 1090//1090
f 992//992 993//993 1090//1090
f 1090//1090 993//993 1091//1091
f 993//993 994//994 1091//1091
f 1091//1091 994//994 1092//1092
f 994//994 995//995 1092//1092
f 1092//1092 995//995 1093//1093
f 995//995 996//996 1093//1093
f 1093//1093 996//996 1094//1094
f 996//996 997//997 1094//1094
f 1095//1095 998//998 1096//1096
f 998//998 999//999 1096//1096
f 1096//1096 999//999 1097//1097
f 999//999 1000//1000 1097//1097
f 1097//1097 1000//1000 1098//1098
f 1000//1000 1001//1001 1098//1098
f 1098//1098 1001//1001 1099//1099
f 1001//1001 1002//1002 1099//1099
f 1099//1099 1002//1002 1100//1100
f 1002//1002 1003//1003 1100//1100
f 1100//1100 1003//1003 1101//1101
f 1003//1003 1004//1004 1101//1101
f 1101//1101 1004//1004 1102//1102
f 1004//1004 1005//1005 1102//1102
f 1102//1102 1005//1005 1103//1103
f 1005//1005 1006//1006 1103//1103
f 1103//1103 1006//1006 1104//1104
f 1006//1006 1007//1007 1104//1104
f 1104//1104 1007//1007 1105//1105
f 1007//1007 1008//1008 1105//1105
f 1105//1105 1008//1008 1106//1106
f 1008//1008 1009//1009 1106//1106
f 1106//1106 1009//1009 1107//1107
f 1009//1009 1010//1010 1107//1107
f 1107//1107 1010//1010 1108//1108
f 1010//1010 1011//1011 1108//1108
f 1108//1108 1011//1011 1109//1109
f 1011//1011 1012//1012 1109//1109
f 1109//1109 1012//1012 1110//1110
f 1012//1012 1013//1013 1110//1110
f 1110//1110 1013//1013 1111//1111
f 1013//1013 1014//1014 1111//1111
f 1111//1111 1014//1014 1112//1112
f 1014//1014 1015//1015 1112//1112
f 1112//1112 1015//1015 1113//1113
f 1015//1015 1016//1016 1113//1113
f 1113//1113 1016//1016 1114//1114
f 1016//1016 1017//1017 1114//1114
f 1114//1114 1017//1017 1115//1115
f 1017//1017 1018//1018 1115//1115
f 1115//1115 1018//1018 1116//1116
f 1018//1018 1019//1019 1116//1116
f 1116//1116 1019//1019 1117//1117
f 1019//1019 1020//1020 1117//1117
f 1117//1117 1020//1020 1118//1118
f 1020//1020 1021//1021 1118//1118
f 1118//1118 1021//1021 1119//1119
f 1021//1021 1022//1022 1119//1119
f 1119//1119 1022//1022 1120//1120
f 1022//1022 1023//1023 1120//1120
f 1120//1120 1023//1023 1121//1121
f 1023//1023 1024//1024 1121//1121
f 1121//1121 1024//1024 1122//1122
f 1024//1024 1025//1025 1122//1122
f 1122//1122 1025//1025 1123//1123
f 1025//1025 1026//1026 1123//1123
f 1123//1123 1026//1026 1124//1124
f 1026//1026 1027//1027 1124//1124
f 1124//1124 1027//1027 1125//1125
f 1027//1027 1028//1028 1125//1125
f 1125//1125 1028//1028 1126//1126
f 1028//1028 1029//1029 1126//1126
f 1126//1126 1029//1029 1127//1127
f 1029//1029 1030//1030 1127//1127
f 1127//1127 1030//1030 1128//1128
f 1030//1030 1031//1031 1128//1128
f 1128//1128 1031//1031 1129//1129
f 1031//1031 1032//1032 1129//1129
f 1129//1129 1032//1032 1130//1130
f 1032//1032 1033//1033 1130//1130
f 1130//1130 1033//1033 1131//1131
f 1033//1033 1034//1034 1131//1131
f 1131//1131 1034//1034 1132//1132
f 1034//1034 1035//1035 1132//1132
f 1132//1132 1035//1035 1133//1133
f 1035//1035 1036//1036 1133//1133
f 1133//1133 1036//1036 1134//1134
f 1036//1036 1037//1037 1134//1134
f 1134//1134 1037//1037 1135//1135
f 1037//1037 1038//1038 1135//1135
f 1135//1135 1038//1038 1136//1136
f 1038//1038 1039//1039 1136//1136
f 1136//1136 1039//1039 1137//1137
f 1039//1039 1040//1040 1137//1137
f 1137//1137 1040//1040 1138//1138
f 1040//1040 1041//1041 1138//1138
f 1138//1138 1041//1041 1139//1139
f 1041//1041 1042//1042 1139//1139
f 1139//1139 1042//1042 1140//1140
f 1042//1042 1043//1043 1140//1140
f 1140//1140 1043//1043 1141//1141
f 1043//1043 1044//1044 1141//1141
f 1141//1141 1044//1044 1142//1142
f 1044//1044 1045//1045 1142//1142
f 1142//1142 1045//1045 1143//1143
f 1045//1045 1046//1046 1143//1143
f 1143//1143 1046//1046 1144//1144
f 1046//1046 1047//1047 1144//1144
f 1144//1144 1047//1047 1145//1145
f 1047//1047 1048//1048 1145//1145
f 1145//1145 1048//1048 1146//1146
f 1048//1048 1049//1049 1146//1146
f 1146//1146 1049//1049 1147//1147
f 1049//1049 1050//1050 1147//1147
f 1147//1147 1050//1050 1148//1148
f 1050//1050 1051//1051 1148//1148
f 1148//1148 1051//1051 1149//1149
f 1051//1051 1052//1052 1149//1149
f 1149//1149 1052//1052 1150//1150
f 1052//1052 1053//1053 1150//1150
f 1150//1150 1053//1053 1151//1151
f 1053//1053 1054//1054 1151//1151
f 1151//1151 1054//1054 1152//1152
f 1054//1054 1055//1055 1152//1152
f 1152//1152 1055//1055 1153//1153
f 1055//1055 1056//1056 1153//1153
f 1153//1153 1056//1056 1154//1154
f 1056//1056 1057//1057 1154//1154
f 1154//1154 1057//1057 1155//1155
f 1057//1057 1058//1058 1155//1155
f 1155//1155 1058//1058 1156//1156
f 1058//1058 1059//1059 1156//1156
f 1156//1156 1059//1059 1157//1157
f 1059//1059 1060//1060 1157//1157
f 1157//1157 1060//1060 1158//1158
f 1060//1060 1061//1061 1158//1158
f 1158//1158 1061//1061 1159//1159
f 1061//1061 1062//1062 1159//1159
f 1159//1159 1062//1062 1160//1160
f 1062//1062 1063//1063 1160//1160
f 1160//1160 1063//1063 1161//1161
f 1063//1063 1064//1064 1161//1161
f 1161//1161 1064//1064 1162//1162
f 1064//1064 1065//1065 1162//1162
f 1162//1162 1065//1065 1163//1163
f 1065//1065 1066//1066 1163//1163
f 1163//1163 1066//1066 1164//1164
f 1066//1066 1067//1067 1164//1164
f 1164//1164 1067//1067 1165//1165
f 1067//1067 1068//1068 1165//1165
f 1165//1165 1068//1068 1166//1166
f 1068//1068 1069//1069 1166//1166
f 1166//1166 1069//1069 1167//1167
f 1069//1069 1070//1070 1167//1167
f 1167//1167 1070//1070 1168//1168
f 1070//1070 1071//1071 1168//1168
f 1168//1168 1071//1071 1169//1169
f 1071//1071 1072//1072 1169//1169
f 1169//1169 1072//1072 1170//1170
f 1072//1072 1073//1073 1170//1170
f 1170//1170 1073//1073 1171//1171
f 1073//1073 1074//1074 1171//1171
f 1171//1171 1074//1074 1172//1172
f 1074//1074 1075//1075 1172//1172
f 1172//1172 1075//1075 1173//1173
f 1075//1075 1076//1076 1173//1173
f 1173//1173 1076//1076 1174//1174
f 1076//1076 1077//1077 1174//1174
f 1174//1174 1077//1077 1175//1175
f 1077//1077 1078//1078 1175//1175
f 1175//1175 1078//1078 1176//1176
f 1078//1078 1079//1079 1176//1176
f 1176//1176 1079//1079 1177//1177
f 1079//1079 1080//1080 1177//1177
f 1177//1177 1080//1080 1178//1178
f 1080//1080 1081//1081 1178//1178
f 1178//1178 1081//1081 1179//1179
f 1081//1081 1082//1082 1179//1179
f 1179//1179 1082//1082 1180//1180
f 1082//1082 1083//1083 1180//1180
f 1180//1180 1083//1083 1181//1181
f 1083//1083 1084//1084 1181//1181
f 1181//1181 1084//1084 1182//1182
f 1084//1084 1085//1085 1182//1182
f 1182//1182 1085//1085 1183//1183
f 1085//1085 1086//1086 1183//1183
f 1183//1183 1086//1086 1184//1184
f 1086//1086 1087//1087 1184//1184
f 1184//1184 1087//1087 1185//1185
f 1087//1087 1088//1088 1185//1185
f 1185//1185 1088//1088 1186//1186
f 1088//1088 1089//1089 1186//1186
f 1186//1186 1089//1089 1187//1187
f 1089//1089 1090//1090 1187//1187
f 1187//1187 1090//1090 1188//1188
f 1090//1090 1091//1091 1188//1188
f 1188//1188 1091//1091 1189//1189
f 1091//1091 1092//1092 1189//1189
f 1189//1189 1092//1092 1190//1190
f 1092//1092 1093//1093 1190//1190
f 1190//1190 1093//1093 1191//1191
f 1093//1093 1094//1094 1191//1191
f 1192//1192 1095//1095 1193//1193
f 1095//1095 1096//1096 1193//1193
f 1193//1193 1096//1096 1194//1194
f 1096//1096 1097//1097 1194//1194
f 1194//1194 1097//1097 1195//1195
f 1097//1097 1098//1098 1195//1195
f 1195//1195 1098//1098 1196//1196
f 1098//1098 1099//1099 1196//1196
f 1196//1196 1099//1099 1197//1197
f 1099//1099 1100//1100 1197//1197
f 1197//1197 1100//1100 1198//1198
f 1100//1100 1101//1101 1198//1198
f 1198//1198 1101//1101 1199//1199
f 1101//1101 1102//1102 1199//1199
f 1199//1199 1102//1102 1200//1200
f 1102//1102 1103//1103 1200//1200
f 1200//1200 1103//1103 1201//1201
f 1103//1103 1104//1104 1201//1201
f 1201//1201 1104//1104 1202//1202
f 1104//1104 1105//1105 1202//1202
f 1202//1202 1105//1105 1203//1203
f 1105//1105 1106//1106 1203//1203
f 1203//1203 1106//1106 1204//1204
f 1106//1106 1107//1107 1204//1204
f 1204//1204 1107//1107 1205//1205
f 1107//1107 1108//1108 1205//1205
f 1205//1205 1108//1108 1206//1206
f 1108//1108 1109//1109 1206//1206
f 1206//1206 1109//1109 1207//1207
f 1109//1109 1110//1110 1207//1207
f 1207//1207 1110//1110 1208//1208
f 1110//1110 1111//1111 1208//1208
f 1208//1208 1111//1111 1209//1209
f 1111//1111 1112//1112 1209//1209
f 1209//1209 1112//1112 1210//1210
f 1112//1112 1113//1113 1210//1210
f 1210//1210 1113//1113 1211//1211
f 1113//1113 1114//1114 1211//1211
f 1211//1211 1114//1114 1212//1212
f 1114//1114 1115//1115 1212//1212
f 1212//1212 1115//1115 1213//1213
f 1115//1115 1116//1116 1213//1213
f 1213//1213 1116//1116 1214//1214
f 1116//1116 1117//1117 1214//1214
f 1214//1214 1117//1117 1215//1215
f 1117//1117 1118//1118 1215//1215
f 1215//1215 1118//1118 1216//1216
f 1118//1118 1119//1119 1216//1216
f 1216//1216 1119//1119 1217//1217
f 1119//1119 1120//1120 1217//1217
f 1217//1217 1120//1120 1218//1218
f 1120//1120 1121//1121 1218//1218
f 1218//1218 1121//1121 1219//1219
f 1121//1121 1122//1122 1219//1219
f 1219//1219 1122//1122 1220//1220
f 1122//1122 1123//1123 1220//1220
f 1220//1220 1123//1123 1221//1221
f 1123//1123 1124//1124 1221//1221
f 1221//1221 1124//1124 1222//1222
f 1124//1124 1125//1125 1222//1222
f 1222//1222 1125//1125 1223//1223
f 1125//1125 1126//1126 1223//1223
f 1223//1223 1126//1126 1224//1224
f 1126//1126 1127//1127 1224//1224
f 1224//1224 1127//1127 1225//1225
f 1127//1127 1128//1128 1225//1225
f 1225//1225 1128//1128 1226//1226
f 1128//1128 1129//1129 1226//1226
f 1226//1226 1129//1129 1227//1227
f 1129//1129 1130//1130 1227//1227
f 1227//1227 1130//1130 1228//1228
f 1130//1130 1131//1131 1228//1228
f 1228//1228 1131//1131 1229//1229
f 1131//1131 1132//1132 1229//1229
f 1229//1229 1132//1132 1230//1230
f 1132//1132 1133//1133 1230//1230
f 1230//1230 1133//1133 1231//1231
f 1133//1133 1134//1134 1231//1231
f 1231//1231 1134//1134 1232//1232
f 1134//1134 1135//1135 1232//1232
f 1232//1232 1135//1135 1233//1233
f 1135//1135 1136//1136 1233//1233
f 1233//1233 1136//1136 1234//1234
f 1136//1136 1137//1137 1234//1234
f 1234//1234 1137//1137 1235//1235
f 1137//1137 1138//1138 1235//1235
f 1235//1235 1138//1138 1236//1236
f 1138//1138 1139//1139 1236//1236
f 1236//1236 1139//1139 1237//1237
f 1139//1139 1140//1140 1237//1237
f 1237//1237 1140//1140 1238//1238
f 1140//1140 1141//1141 1238//1238
f 1238//1238 1141//1141 1239//1239
f 1141//1141 1142//1142 1239//1239
f 1239//1239 1142//1142 1240//1240
f 1142//1142 1143//1143 1240//1240
f 1240//1240 1143//1143 1241//1241
f 1143//1143 1144//1144 1241//1241
f 1241//1241 1144//1144 1242//1242
f 1144//1144 1145//1145 1242//1242
f 1242//1242 1145//1145 1243//1243
f 1145//1145 1146//1146 1243//1243
f 1243//1243 1146//1146 1244//1244
f 1146//1146 1147//1147 1244//1244
f 1244//1244 1147//1147 1245//1245
f 1147//1147 1148//1148 1245//1245
f 1245//1245 1148//1148 1246//1246
f 1148//1148 1149//1149 1246//1246
f 1246//1246 1149//1149 1247//1247
f 1149//1149 1150//1150 1247//1247
f 1247//1247 1150//1150 1248//1248
f 1150//1150 1151//1151 1248//1248
f 1248//1248 1151//1151 1249//1249
f 1151//1151 1152//1152 1249//1249
f 1249//1249 1152//1152 1250//1250
f 1152//1152 1153//1153 1250//1250
f 1250//1250 1153//1153 1251//1251
f 1153//1153 1154//1154 1251//1251
f 1251//1251 1154//1154 1252//1252
f 1154//1154 1155//1155 1252//1252
f 1252//1252 1155//1155 1253//1253
f 1155//1155 1156//1156 1253//1253
f 1253//1253 1156//1156 1254//1254
f 1156//1156 1157//1157 1254//1254
f 1254//1254 1157//1157 1255//1255
f 1157//1157 1158//1158 1255//1255
f 1255//1255 1158//1158 1256//1256
f 1158//1158 1159//1159 1256//1256
f 1256//1256 1159//1159 1257//1257
f 1159//1159 1160//1160 1257//1257
f 1257//1257 1160//1160 1258//1258
f 1160//1160 1161//1161 1258//1258
f 1258//1258 1161//1161 1259//1259
f 1161//1161 1162//1162 1259//1259
f 1259//1259 1162//1162 1260//1260
f 1162//1162 1163//1163 1260//1260
f 1260//1260 1163//1163 1261//1261
f 1163//1163 1164//1164 1261//1261
f 1261//1261 1164//1164 1262//1262
f 1164//1164 1165//1165 1262//1262
f 1262//1262 1165//1165 1263//1263
f 1165//1165 1166//1166 1263//1263
f 1263//1263 1166//1166 1264//1264
f 1166//1166 1167//1167 1264//1264
f 1264//1264 1167//1167 1265//1265
f 1167//1167 1168//1168 1265//1265
f 1265//1265 1168//1168 1266//1266
f 1168//1168 1169//1169 1266//1266
f 1266//1266 1169//1169 1267//1267
f 1169//1169 1170//1170 1267//1267
f 1267//1267 1170//1170 1268//1268
f 1170//1170 1171//1171 1268//1268
f 1268//1268 1171//1171 1269//1269
f 1171//1171 1172//1172 1269//1269
f 1269//1269 1172//1172 1270//1270
f 1172//1172 1173//1173 1270//1270
f 1270//1270 1173//1173 1271//1271
f 1173//1173 1174//1174 1271//1271
f 1271//1271 1174//1174 1272//1272
f 1174//1174 1175//1175 1272//1272
f 1272//1272 1175//1175 1273//1273
f 1175//1175 1176//1176 1273//1273
f 1273//1273 1176//1176 1274//1274
f 1176//1176 1177//1177 1274//1274
f 1274//1274 1177//1177 1275//1275
f 1177//1177 1178//1178 1275//1275
f 1275//1275 1178//1178 1276//1276
f 1178//1178 1179//1179 1276//1276
f 1276//1276 1179//1179 1277//1277
f 1179//1179 1180//1180 1277//1277
f 1277//1277 1180//1180 1278//1278
f 1180//1180 1181//1181 1278//1278
f 1278//1278 1181//1181 1279//1279
f 1181//1181 1182//1182 1279//1279
f 1279//1279 1182//1182 1280//1280
f 1182//1182 1183//1183 1280//1280
f 1280//1280 1183//1183 1281//1281
f 1183//1183 1184//1184 1281//1281
f 1281//1281 1184//1184 1282//1282
f 1184//1184 1185//1185 1282//1282
f 1282//1282 1185//1185 1283//1283
f 1185//1185 1186//1186 1283//1283
f 1283//1283 1186//1186 1284//1284
f 1186//1186 1187//1187 1284//1284
f 1284//1284 1187//1187 1285//1285
f 1187//1187 1188//1188 1285//1285
f 1285//1285 1188//1188 1286//1286
f 1188//1188 1189//1189 1286//1286
f 1286//1286 1189//1189 1287//1287
f 1189//1189 1190//1190 1287//1287
f 1287//1287 1190//1190 1288//1288
f 1190//1190 1191//1191 1288//1288
f 1289//1289 1192//1192 1290//1290
f 1192//1192 1193//1193 1290//1290
f 1290//1290 1193//1193 1291//1291
f 1193//1193 1194//1194 1291//1291
f 1291//1291 1194//1194 1292//1292
f 1194//1194 1195//1195 1292//1292
f 1292//1292 1195//1195 1293//1293
f 1195//1195 1196//1196 1293//1293
f 1293//1293 1196//1196 1294//1294
f 1196//1196 1197//1197 1294//1294
f 1294//1294 1197//1197 1295//1295
f 1197//1197 1198//1198 1295//1295
f 1295//1295 1198//1198 1296//1296
f 1198//1198 1199//1199 1296//1296
f 1296//1296 1199//1199 1297//1297
f 1199//1199 1200//1200 1297//1297
f 1297//1297 1200//1200 1298//1298
f 1200//1200 1201//1201 1298//1298
f 1298//1298 1201//1201 1299//1299
f 1201//1201 1202//1202 1299//1299
f 1299//1299 1202//1202 1300//1300
f 1202//1202 1203//1203 1300//1300
f 1300//1300 1203//1203 1301//1301
f 1203//1203 1204//1204 1301//1301
f 1301//1301 1204//1204 1302//1302
f 1204//1204 1205//1205 1302//1302
f 1302//1302 1205//1205 1303//1303
f 1205//1205 1206//1206 1303//1303
f 1303//1303 1206//1206 1304//1304
f 1206//1206 1207//1207 1304//1304
f 1304//1304 1207//1207 1305//1305
f 1207//1207 1208//1208 1305//1305
f 1305//1305 1208//1208 1306//1306
f 1208//1208 1209//1209 1306//1306
f 1306//1306 1209//1209 1307//1307
f 1209//1209 1210//1210 1307//1307
f 1307//1307 1210//1210 1308//1308
f 1210//1210 1211//1211 1308//1308
f 1308//1308 1211//1211 1309//1309
f 1211//1211 1212//1212 1309//1309
f 1309//1309 1212//1212 1310//1310
f 1212//1212 1213//1213 1310//1310
f 1310//1310 1213//1213 1311//1311
f 1213//1213 1214//1214 1311//1311
f 1311//1311 1214//1214 1312//1312
f 1214//1214 1215//1215 1312//1312
f 1312//1312 1215//1215 1313//1313
f 1215//1215 1216//1216 1313//1313
f 1313//1313 1216//1216 1314//1314
f 1216//1216 1217//1217 1314//1314
f 1314//1314 1217//1217 1315//1315
f 1217//1217 1218//1218 1315//1315
f 1315//1315 1218//1218 1316//1316
f 1218//1218 1219//1219 1316//1316
f 1316//1316 1219//1219 1317//1317
f 1219//1219 1220//1220 1317//1317
f 1317//1317 1220//1220 1318//1318
f 1220//1220 1221//1221 1318//1318
f 1318//1318 1221//1221 1319//1319
f 1221//1221 1222//1222 1319//1319
f 1319//1319 1222//1222 1320//1320
f 1222//1222 1223//1223 1320//1320
f 1320//1320 1223//1223 1321//1321
f 1223//1223 1224//1224 1321//1321
f 1321//1321 1224//1224 1322//1322
f 1224//1224 1225//1225 1322//1322
f 1322//1322 1225//1225 1323//1323
f 1225//1225 1226//1226 1323//1323
f 1323//1323 1226//1226 1324//1324
f 1226//1226 1227//1227 1324//1324
f 1324//1324 1227//1227 1325//1325
f 1227//1227 1228//1228 1325//1325
f 1325//1325 1228//1228 1326//1326
f 1228//1228 1229//1229 1326//1326
f 1326//1326 1229//1229 1327//1327
f 1229//1229 1230//1230 1327//1327
f 1327//1327 1230//1230 1328//1328
f 1230//1230 1231//1231 1328//1328
f 1328//1328 1231//1231 1329//1329
f 1231//1231 1232//1232 1329//1329
f 1329//1329 1232//1232 1330//1330
f 1232//1232 1233//1233 1330//1330
f 1330//1330 1233//1233 1331//1331
f 1233//1233 1234//1234 1331//1331
f 1331//1331 1234//1234 1332//1332
f 1234//1234 1235//1235 1332//1332
f 1332//1332 1235//1235 1333//1333
f 1235//1235 1236//1236 1333//1333
f 1333//1333 1236//1236 1334//1334
f 1236//1236 1237//1237 1334//1334
f 1334//1334 1237//1237 1335//1335
f 1237//1237 1238//1238 1335//1335
f 1335//1335 1238//1238 1336//1336
f 1238//1238 1239//1239 1336//1336
f 1336//1336 1239//1239 1337//1337
f 1239//1239 1240//1240 1337//1337
f 1337//1337 1240//1240 1338//1338
f 1240//1240 1241//1241 1338//1338
f 1338//1338 1241//1241 1339//1339
f 1241//1241 1242//1242 1339//1339
f 1339//1339 1242//1242 1340//1340
f 1242//1242 1243//1243 1340//1340
f 1340//1340 1243//1243 1341//1341
f 1243//1243 1244//1244 1341//1341
f 1341//1341 1244//1244 1342//1342
f 1244//1244 1245//1245 1342//1342
f 1342//1342 1245//1245 1343//1343
f 1245//1245 1246//1246 1343//1343
f 1343//1343 1246//1246 1344//1344
f 1246//1246 1247//1247 1344//1344
f 1344//1344 1247//1247 1345//1345
f 1247//1247 1248//1248 1345//1345
f 1345//1345 1248//1248 1346//1346
f 1248//1248 1249//1249 1346//1346
f 1346//1346 1249//1249 1347//1347
f 1249//1249 1250//1250 1347//1347
f 1347//1347 1250//1250 1348//1348
f 1250//1250 1251//1251 1348//1348
f 1348//1348 1251//1251 1349//1349
f 1251//1251 1252//1252 1349//1349
f 1349//1349 1252//1252 1350//1350
f 1252//1252 1253//1253 1350//1350
f 1350//1350 1253//1253 1351//1351
f 1253//1253 1254//1254 1351//1351
f 1351//1351 1254//1254 1352//1352
f 1254//1254 1255//1255 1352//1352
f 1352//1352 1255//1255 1353//1353
f 1255//1255 1256//1256 1353//1353
f 1353//1353 1256//1256 1354//1354
f 1256//1256 1257//1257 1354//1354
f 1354//1354 1257//1257 1355//1355
f 1257//1257 1258//1258 1355//1355
f 1355//1355 1258//1258 1356//1356
f 1258//1258 1259//1259 1356//1356
f 1356//1356 1259//1259 1357//1357
f 1259//1259 1260//1260 1357//1357
f 1357//1357 1260//1260 1358//1358
f 1260//1260 1261//1261 1358//1358
f 1358//1358 1261//1261 1359//1359
f 1261//1261 1262//1262 1359//1359
f 1359//1359 1262//1262 1360//1360
f 1262//1262 1263//1263 1360//1360
f 1360//1360 1263//1263 1361//1361
f 1263//1263 1264//1264 1361//1361
f 1361//1361 1264//1264 1362//1362
f 1264//1264 1265//1265 1362//1362
f 1362//1362 1265//1265 1363//1363
f 1265//1265 1266//1266 1363//1363
f 1363//1363 1266//1266 1364//1364
f 1266//1266 1267//1267 1364//1364
f 1364//1364 1267//1267 1365//1365
f 1267//1267 1268//1268 1365//1365
f 1365//1365 1268//1268 1366//1366
f 1268//1268 1269//1269 1366//1366
f 1366//1366 1269//1269 1367//1367
f 1269//1269 1270//1270 1367//1367
f 1367//1367 1270//1270 1368//1368
f 1270//1270 1271//1271 1368//1368
f 1368//1368 1271//1271 1369//1369
f 1271//1271 1272//1272 1369//1369
f 1369//1369 1272//1272 1370//1370
f 1272//1272 1273//1273 1370//1370
f 1370//1370 1273//1273 1371//1371
f 1273//1273 1274//1274 1371//1371
f 1371//1371 1274//1274 1372//1372
f 1274//1274 1275//1275 1372//1372
f 1372//1372 1275//1275 1373//1373
f 1275//1275 1276//1276 1373//1373
f 1373//1373 1276//1276 1374//1374
f 1276//1276 1277//1277 1374//1374
f 1374//1374 1277//1277 1375//1375
f 1277//1277 1278//1278 1375//1375
f 1375//1375 1278//1278 1376//1376
f 1278//1278 1279//1279 1376//1376
f 1376//1376 1279//1279 1377//1377
f 1279//1279 1280//1280 1377//1377
f 1377//1377 1280//1280 1378//1378
f 1280//1280 1281//1281 1378//1378
f 1378//1378 1281//1281 1379//1379
f 1281//1281 1282//1282 1379//1379
f 1379//1379 1282//1282 1380//1380
f 1282//1282 1283//1283 1380//1380
f 1380//1380 1283//1283 1381//1381
f 1283//1283 1284//1284 1381//1381
f 1381//1381 1284//1284 1382//1382
f 1284//1284 1285//1285 1382//1382
f 1382//1382 1285//1285 1383//1383
f 1285//1285 1286//1286 1383//1383
f 1383//1383 1286//1286 1384//1384
f 1286//1286 1287//1287 1384//1384
f 1384//1384 1287//1287 1385//1385
f 1287//1287 1288//1288 1385//1385
f 1386//1386 1289//1289 1387//1387
f 1289//1289 1290//1290 1387//1387
f 1387//1387 1290//1290 1388//1388
f 1290//1290 1291//1291 1388//1388
f 1388//1388 1291//1291 1389//1389
f 1291//1291 1292//1292 1389//1389
f 1389//1389 1292//1292 1390//1390
f 1292//1292 1293//1293 1390//1390
f 1390//1390 1293//1293 1391//1391
f 1293//1293 1294//1294 1391//1391
f 1391//1391 1294//1294 1392//1392
f 1294//1294 1295//1295 1392//1392
f 1392//1392 1295//1295 1393//1393
f 1295//1295 1296//1296 1393//1393
f 1393//1393 1296//1296 1394//1394
f 1296//1296 1297//1297 1394//1394
f 1394//1394 1297//1297 1395//1395
f 1297//1297 1298//1298 1395//1395
f 1395//1395 1298//1298 1396//1396
f 1298//1298 1299//1299 1396//1396
f 1396//1396 1299//1299 1397//1397
f 1299//1299 1300//1300 1397//1397
f 1397//1397 1300//1300 1398//1398
f 1300//1300 1301//1301 1398//1398
f 1398//1398 1301//1301 1399//1399
f 1301//1301 1302//1302 1399//1399
f 1399//1399 1302//1302 1400//1400
f 1302//1302 1303//1303 1400//1400
f 1400//1400 1303//1303 1401//1401
f 1303//1303 1304//1304 1401//1401
f 1401//1401 1304//1304 1402//1402
f 1304//1304 1305//1305 1402//1402
f 1402//1402 1305//1305 1403//1403
f 1305//1305 1306//1306 1403//1403
f 1403//1403 1306//1306 1404//1404
f 1306//1306 1307//1307 1404//1404
f 1404//1404 1307//1307 1405//1405
f 1307//1307 1308//1308 1405//1405
f 1405//1405 1308//1308 1406//1406
f 1308//1308 1309//1309 1406//1406
f 1406//1406 1309//1309 1407//1407
f 1309//1309 1310//1310 1407//1407
f 1407//1407 1310//1310 1408//1408
f 1310//1310 1311//1311 1408//1408
f 1408//1408 1311//1311 1409//1409
f 1311//1311 1312//1312 1409//1409
f 1409//1409 1312//1312 1410//1410
f 1312//1312 1313//1313 1410//1410
f 1410//1410 1313//1313 1411//1411
f 1313//1313 1314//1314 1411//1411
f 1411//1411 1314//1314 1412//1412
f 1314//1314 1315//1315 1412//1412
f 1412//1412 1315//1315 1413//1413
f 1315//1315 1316//1316 1413//1413
f 1413//1413 1316//1316 1414//1414
f 1316//1316 1317//1317 1414//1414
f 1414//1414 1317//1317 1415//1415
f 1317//1317 1318//1318 1415//1415
f 1415//1415 1318//1318 1416//1416
f 1318//1318 1319//1319 1416//1416
f 1416//1416 1319//1319 1417//1417
f 1319//1319 1320//1320 1417//1417
f 1417//1417 1320//1320 1418//1418
f 1320//1320 1321//1321 1418//1418
f 1418//1418 1321//1321 1419//1419
f 1321//1321 1322//1322 1419//1419
f 1419//1419 1322//1322 1420//1420
f 1322//1322 1323//1323 1420//1420
f 1420//1420 1323//1323 1421//1421
f 1323//1323 1324//1324 1421//1421
f 1421//1421 1324//1324 1422//1422
f 1324//1324 1325//1325 1422//1422
f 1422//1422 1325//1325 1423//1423
f 1325//1325 1326//1326 1423//1423
f 1423//1423 1326//1326 1424//1424
f 1326//1326 1327//1327 1424//1424
f 1424//1424 1327//1327 1425//1425
f 1327//1327 1328//1328 1425//1425
f 1425//1425 1328//1328 1426//1426
f 1328//1328 1329//1329 1426//1426
f 1426//1426 1329//1329 1427//1427
f 1329//1329 1330//1330 1427//1427
f 1427//1427 1330//1330 1428//1428
f 1330//1330 1331//1331 1428//1428
f 1428//1428 1331//1331 1429//1429
f 1331//1331 1332//1332 1429//1429
f 1429//1429 1332//1332 1430//1430
f 1332//1332 1333//1333 1430//1430
f 1430//1430 1333//1333 1431//1431
f 1333//1333 1334//1334 1431//1431
f 1431//1431 1334//1334 1432//1432
f 1334//1334 1335//1335 1432//1432
f 1432//1432 1335//1335 1433//1433
f 1335//1335 1336//1336 1433//1433
f 1433//1433 1336//1336 1434//1434
f 1336//1336 1337//1337 1434//1434
f 1434//1434 1337//1337 1435//1435
f 1337//1337 1338//1338 1435//1435
f 1435//1435 1338//1338 1436//1436
f 1338//1338 1339//1339 1436//1436
f 1436//1436 1339//1339 1437//1437
f 1339//1339 1340//1340 1437//1437
f 1437//1437 1340//1340 1438//1438
f 1340//1340 1341//1341 1438//1438
f 1438//1438 1341//1341 1439//1439
f 1341//1341 1342//1342 1439//1439
f 1439//1439 1342//1342 1440//1440
f 1342//1342 1343//1343 1440//1440
f 1440//1440 1343//1343 1441//1441
f 1343//1343 1344//1344 1441//1441
f 1441//1441 1344//1344 1442//1442
f 1344//1344 1345//1345 1442//1442
f 1442//1442 1345//1345 1443//1443
f 1345//1345 1346//1346 1443//1443
f 1443//1443 1346//1346 1444//1444
f 1346//1346 1347//1347 1444//1444
f 1444//1444 1347//1347 1445//1445
f 1347//1347 1348//1348 1445//1445
f 1445//1445 1348//1348 1446//1446
f 1348//1348 1349//1349 1446//1446
f 1446//1446 1349//1349 1447//1447
f 1349//1349 1350//1350 1447//1447
f 1447//1447 1350//1350 1448//1448
f 1350//1350 1351//1351 1448//1448
f 1448//1448 1351//1351 1449//1449
f 1351//1351 1352//1352 1449//1449
f 1449//1449 1352//1352 1450//1450
f 1352//1352 1353//1353 1450//1450
f 1450//1450 1353//1353 1451//1451
f 1353//1353 1354//1354 1451//1451
f 1451//1451 1354//1354 1452//1452
f 1354//1354 1355//1355 1452//1452
f 1452//1452 1355//1355 1453//1453
f 1355//1355 1356//1356 1453//1453
f 1453//1453 1356//1356 1454//1454
f 1356//1356 1357//1357 1454//1454
f 1454//1454 1357//1357 1455//1455
f 1357//1357 1358//1358 1455//1455
f 1455//1455 1358//1358 1456//1456
f 1358//1358 1359//1359 1456//1456
f 1456//1456 1359//1359 1457//1457
f 1359//1359 1360//1360 1457//1457
f 1457//1457 1360//1360 1458//1458
f 1360//1360 1361//1361 1458//1458
f 1458//1458 1361//1361 1459//1459
f 1361//1361 1362//1362 1459//1459
f 1459//1459 1362//1362 1460//1460
f 1362//1362 1363//1363 1460//1460
f 1460//1460 1363//1363 1461//1461
f 1363//1363 1364//1364 1461//1461
f 1461//1461 1364//1364 1462//1462
f 1364//1364 1365//1365 1462//1462
f 1462//1462 1365//1365 1463//1463
f 1365//1365 1366//1366 1463//1463
f 1463//1463 1366//1366 1464//1464
f 1366//1366 1367//1367 1464//1464
f 1464//1464 1367//1367 1465//1465
f 1367//1367 1368//1368 1465//1465
f 1465//1465 1368//1368 1466//1466
f 1368//1368 1369//1369 1466//1466
f 1466//1466 1369//1369 1467//1467
f 1369//1369 1370//1370 1467//1467
f 1467//1467 1370//1370 1468//1468
f 1370//1370 1371//1371 1468//1468
f 1468//1468 1371//1371 1469//1469
f 1371//1371 1372//1372 1469//1469
f 1469//1469 1372//1372 1470//1470
f 1372//1372 1373//1373 1470//1470
f 1470//1470 1373//1373 1471//1471
f 1373//1373 1374//1374 1471//1471
f 1471//1471 1374//1374 1472//1472
f 1374//1374 1375//1375 1472//1472
f 1472//1472 1375//1375 1473//1473
f 1375//1375 1376//1376 1473//1473
f 1473//1473 1376//1376 1474//1474
f 1376//1376 1377//1377 1474//1474
f 1474//1474 1377//1377 1475//1475
f 1377//1377 1378//1378 1475//1475
f 1475//1475 1378//1378 1476//1476
f 1378//1378 1379//1379 1476//1476
f 1476//1476 1379//1379 1477//1477
f 1379//1379 1380//1380 1477//1477
f 1477//1477 1380//1380 1478//1478
f 1380//1380 1381//1381 1478//1478
f 1478//1478 1381//1381 1479//1479
f 1381//1381 1382//1382 1479//1479
f 1479//1479 1382//1382 1480//1480
f 1382//1382 1383//1383 1480//1480
f 1480//1480 1383//1383 1481//1481
f 1383//1383 1384//1384 1481//1481
f 1481//1481 1384//1384 1482//1482
f 1384//1384 1385//1385 1482//1482
f 1483//1483 1386//1386 1484//1484
f 1386//1386 1387//1387 1484//1484
f 1484//1484 1387//1387 1485//1485
f 1387//1387 1388//1388 1485//1485
f 1485//1485 1388//1388 1486//1486
f 1388//1388 1389//1389 1486//1486
f 1486//1486 1389//1389 1487//1487
f 1389//1389 1390//1390 1487//1487
f 1487//1487 1390//1390 1488//1488
f 1390//1390 1391//1391 1488//1488
f 1488//1488 1391//1391 1489//1489
f 1391//1391 1392//1392 1489//1489
f 1489//1489 1392//1392 1490//1490
f 1392//1392 1393//1393 1490//1490
f 1490//1490 1393//1393 1491//1491
f 1393//1393 1394//1394 1491//1491
f 1491//1491 1394//1394 1492//1492
f 1394//1394 1395//1395 1492//1492
f 1492//1492 1395//1395 1493//1493
f 1395//1395 1396//1396 1493//1493
f 1493//1493 1396//1396 1494//1494
f 1396//1396 1397//1397 1494//1494
f 1494//1494 1397//1397 1495//1495
f 1397//1397 1398//1398 1495//1495
f 1495//1495 1398//1398 1496//1496
f 1398//1398 1399//1399 1496//1496
f 1496//1496 1399//1399 1497//1497
f 1399//1399 1400//1400 1497//1497
f 1497//1497 1400//1400 1498//1498
f 1400//1400 1401//1401 1498//1498
f 1498//1498 1401//1401 1499//1499
f 1401//1401 1402//1402 1499//1499
f 1499//1499 1402//1402 1500//1500
f 1402//1402 1403//1403 1500//1500
f 1500//1500 1403//1403 1501//1501
f 1403//1403 1404//1404 1501//1501
f 1501//1501 1404//1404 1502//1502
f 1404//1404 1405//1405 1502//1502
f 1502//1502 1405//1405 1503//1503
f 1405//1405 1406//1406 1503//1503
f 1503//1503 1406//1406 1504//1504
f 1406//1406 1407//1407 1504//1504
f 1504//1504 1407//1407 1505//1505
f 1407//1407 1408//1408 1505//1505
f 1505//1505 1408//1408 1506//1506
f 1408//1408 1409//1409 1506//1506
f 1506//1506 1409//1409 1507//1507
f 1409//1409 1410//1410 1507//1507
f 1507//1507 1410//1410 1508//1508
f 1410//1410 1411//1411 1508//1508
f 1508//1508 1411//1411 1509//1509
f 1411//1411 1412//1412 1509//1509
f 1509//1509 1412//1412 1510//1510
f 1412//1412 1413//1413 1510//1510
f 1510//1510 1413//1413 1511//1511
f 1413//1413 1414//1414 1511//1511
f 1511//1511 1414//1414 1512//1512
f 1414//1414 1415//1415 1512//1512
f 1512//1512 1415//1415 1513//1513
f 1415//1415 1416//1416 1513//1513
f 1513//1513 1416//1416 1514//1514
f 1416//1416 1417//1417 1514//1514
f 1514//1514 1417//1417 1515//1515
f 1417//1417 1418//1418 1515//1515
f 1515//1515 1418//1418 1516//1516
f 1418//1418 1419//1419 1516//1516
f 1516//1516 1419//1419 1517//1517
f 1419//1419 1420//1420 1517//1517
f 1517//1517 1420//1420 1518//1518
f 1420//1420 1421//1421 1518//1518
f 1518//1518 1421//1421 1519//1519
f 1421//1421 1422//1422 1519//1519
f 1519//1519 1422//1422 1520//1520
f 1422//1422 1423//1423 1520//1520
f 1520//1520 1423//1423 1521//1521
f 1423//1423 1424//1424 1521//1521
f 1521//1521 1424//1424 1522//1522
f 1424//1424 1425//1425 1522//1522
f 1522//1522 1425//1425 1523//1523
f 1425//1425 1426//1426 1523//1523
f 1523//1523 1426//1426 1524//1524
f 1426//1426 1427//1427 1524//1524
f 1524//1524 1427//1427 1525//1525
f 1427//1427 1428//1428 1525//1525
f 1525//1525 1428//1428 1526//1526
f 1428//1428 1429//1429 1526//1526
f 1526//1526 1429//1429 1527//1527
f 1429//1429 1430//1430 1527//1527
f 1527//1527 1430//1430 1528//1528
f 1430//1430 1431//1431 1528//1528
f 1528//1528 1431//1431 1529//1529
f 1431//1431 1432//1432 1529//1529
f 1529//1529 1432//1432 1530//1530
f 1432//1432 1433//1433 1530//1530
f 1530//1530 1433//1433 1531//1531
f 1433//1433 1434//1434 1531//1531
f 1531//1531 1434//1434 1532//1532
f 1434//1434 1435//1435 1532//1532
f 1532//1532 1435//1435 1533//1533
f 1435//1435 1436//1436 1533//1533
f 1533//1533 1436//1436 1534//1534
f 1436//1436 1437//1437 1534//1534
f 1534//1534 1437//1437 1535//1535
f 1437//1437 1438//1438 1535//1535
f 1535//1535 1438//1438 1536//1536
f 1438//1438 1439//1439 1536//1536
f 1536//1536 1439//1439 1537//1537
f 1439//1439 1440//1440 1537//1537
f 1537//1537 1440//1440 1538//1538
f 1440//1440 1441//1441 1538//1538
f 1538//1538 1441//1441 1539//1539
f 1441//1441 1442//1442 1539//1539
f 1539//1539 1442//1442 1540//1540
f 1442//1442 1443//1443 1540//1540
f 1540//1540 1443//1443 1541//1541
f 1443//1443 1444//1444 1541//1541
f 1541//1541 1444//1444 1542//1542
f 1444//1444 1445//1445 1542//1542
f 1542//1542 1445//1445 1543//1543
f 1445//1445 1446//1446 1543//1543
f 1543//1543 1446//1446 1544//1544
f 1446//1446 1447//1447 1544//1544
f 1544//1544 1447//1447 1545//1545
f 1447//1447 1448//1448 1545//1545
f 1545//1545 1448//1448 1546//1546
f 1448//1448 1449//1449 1546//1546
f 1546//1546 1449//1449 1547//1547
f 1449//1449 1450//1450 1547//1547
f 1547//1547 1450//1450 1548//1548
f 1450//1450 1451//1451 1548//1548
f 1548//1548 1451//1451 1549//1549
f 1451//1451 1452//1452 1549//1549
f 1549//1549 1452//1452 1550//1550
f 1452//1452 1453//1453 1550//1550
f 1550//1550 1453//1453 1551//1551
f 1453//1453 1454//1454 1551//1551
f 1551//1551 1454//1454 1552//1552
f 1454//1454 1455//1455 1552//1552
f 1552//1552 1455//1455 1553//1553
f 1455//1455 1456//1456 1553//1553
f 1553//1553 1456//1456 1554//1554
f 1456//1456 1457//1457 1554//1554
f 1554//1554 1457//1457 1555//1555
f 1457//1457 1458//1458 1555//1555
f 1555//1555 1458//1458 1556//1556
f 1458//1458 1459//1459 1556//1556
f 1556//1556 1459//1459 1557//1557
f 1459//1459 1460//1460 1557//1557
f 1557//1557 1460//1460 1558//1558
f 1460//1460 1461//1461 1558//1558
f 1558//1558 1461//1461 1559//1559
f 1461//1461 1462//1462 1559//1559
f 1559//1559 1462//1462 1560//1560
f 1462//1462 1463//1463 1560//1560
f 1560//1560 1463//1463 1561//1561
f 1463//1463 1464//1464 1561//1561
f 1561//1561 1464//1464 1562//1562
f 1464//1464 1465//1465 1562//1562
f 1562//1562 1465//1465 1563//1563
f 1465//1465 1466//1466 1563//1563
f 1563//1563 1466//1466 1564//1564
f 1466//1466 1467//1467 1564//1564
f 1564//1564 1467//1467 1565//1565
f 1467//1467 1468//1468 1565//1565
f 1565//1565 1468//1468 1566//1566
f 1468//1468 1469//1469 1566//1566
f 1566//1566 1469//1469 1567//1567
f 1469//1469 1470//1470 1567//1567
f 1567//1567 1470//1470 1568//1568
f 1470//1470 1471//1471 1568//1568
f 1568//1568 1471//1471 1569//1569
f 1471//1471 1472//1472 1569//1569
f 1569//1569 1472//1472 1570//1570
f 1472//1472 1473//1473 1570//1570
f 1570//1570 1473//1473 1571//1571
f 1473//1473 1474//1474 1571//1571
f 1571//1571 1474//1474 1572//1572
f 1474//1474 1475//1475 1572//1572
f 1572//1572 1475//1475 1573//1573
f 1475//1475 1476//1476 1573//1573
f 1573//1573 1476//1476 1574//1574
f 1476//1476 1477//1477 1574//1574
f 1574//1574 1477//1477 1575//1575
f 1477//1477 1478//1478 1575//1575
f 1575//1575 1478//1478 1576//1576
f 1478//1478 1479//1479 1576//1576
f 1576//1576 1479//1479 1577//1577
f 1479//1479 1480//1480 1577//1577
f 1577//1577 1480//1480 1578//1578
f 1480//1480 1481//1481 1578//1578
f 1578//1578 1481//1481 1579//1579
f 1481//1481 1482//1482 1579//1579
f 1580//1580 1483//1483 1581//1581
f 1483//1483 1484//1484 1581//1581
f 1581//1581 1484//1484 1582//1582
f 1484//1484 1485//1485 1582//1582
f 1582//1582 1485//1485 1583//1583
f 1485//1485 1486//1486 1583//1583
f 1583//1583 1486//1486 1584//1584
f 1486//1486 1487//1487 1584//1584
f 1584//1584 1487//1487 1585//1585
f 1487//1487 1488//1488 1585//1585
f 1585//1585 1488//1488 1586//1586
f 1488//1488 1489//1489 1586//1586
f 1586//1586 1489//1489 1587//1587
f 1489//1489 1490//1490 1587//1587
f 1587//1587 1490//1490 1588//1588
f 1490//1490 1491//1491 1588//1588
f 1588//1588 1491//1491 1589//1589
f 1491//1491 1492//1492 1589//1589
f 1589//1589 1492//1492 1590//1590
f 1492//1492 1493//1493 1590//1590
f 1590//1590 1493//1493 1591//1591
f 1493//1493 1494//1494 1591//1591
f 1591//1591 1494//1494 1592//1592
f 1494//1494 1495//1495 1592//1592
f 1592//1592 1495//1495 1593//1593
f 1495//1495 1496//1496 1593//1593
f 1593//1593 1496//1496 1594//1594
f 1496//1496 1497//1497 1594//1594
f 1594//1594 1497//1497 1595//1595
f 1497//1497 1498//1498 1595//1595
f 1595//1595 1498//1498 1596//1596
f 1498//1498 1499//1499 1596//1596
f 1596//1596 1499//1499 1597//1597
f 1499//1499 1500//1500 1597//1597
f 1597//1597 1500//1500 1598//1598
f 1500//1500 1501//1501 1598//1598
f 1598//1598 1501//1501 1599//1599
f 1501//1501 1502//1502 1599//1599
f 1599//1599 1502//1502 1600//1600
f 1502//1502 1503//1503 1600//1600
f 1600//1600 1503//1503 1601//1601
f 1503//1503 1504//1504 1601//1601
f 1601//1601 1504//1504 1602//1602
f 1504//1504 1505//1505 1602//1602
f 1602//1602 1505//1505 1603//1603
f 1505//1505 1506//1506 1603//1603
f 1603//1603 1506//1506 1604//1604
f 1506//1506 1507//1507 1604//1604
f 1604//1604 1507//1507 1605//1605
f 1507//1507 1508//1508 1605//1605
f 1605//1605 1508//1508 1606//1606
f 1508//1508 1509//1509 1606//1606
f 1606//1606 1509//1509 1607//1607
f 1509//1509 1510//1510 1607//1607
f 1607//1607 1510//1510 1608//1608
f 1510//1510 1511//1511 1608//1608
f 1608//1608 1511//1511 1609//1609
f 1511//1511 1512//1512 1609//1609
f 1609//1609 1512//1512 1610//1610
f 1512//1512 1513//1513 1610//1610
f 1610//1610 1513//1513 1611//1611
f 1513//1513 1514//1514 1611//1611
f 1611//1611 1514//1514 1612//1612
f 1514//1514 1515//1515 1612//1612
f 1612//1612 1515//1515 1613//1613
f 1515//1515 1516//1516 1613//1613
f 1613//1613 1516//1516 1614//1614
f 1516//1516 1517//1517 1614//1614
f 1614//1614 1517//1517 1615//1615
f 1517//1517 1518//1518 1615//1615
f 1615//1615 1518//1518 1616//1616
f 1518//1518 1519//1519 1616//1616
f 1616//1616 1519//1519 1617//1617
f 1519//1519 1520//1520 1617//1617
f 1617//1617 1520//1520 1618//1618
f 1520//1520 1521//1521 1618//1618
f 1618//1618 1521//1521 1619//1619
f 1521//1521 1522//1522 1619//1619
f 1619//1619 1522//1522 1620//1620
f 1522//1522 1523//1523 1620//1620
f 1620//1620 1523//1523 1621//1621
f 1523//1523 1524//1524 1621//1621
f 1621//1621 1524//1524 1622//1622
f 1524//1524 1525//1525 1622//1622
f 1622//1622 1525//1525 1623//1623
f 1525//1525 1526//1526 1623//1623
f 1623//1623 1526//1526 1624//1624
f 1526//1526 1527//1527 1624//1624
f 1624//1624 1527//1527 1625//1625
f 1527//1527 1528//1528 1625//1625
f 1625//1625 1528//1528 1626//1626
f 1528//1528 1529//1529 1626//1626
f 1626//1626 1529//1529 1627//1627
f 1529//1529 1530//1530 1627//1627
f 1627//1627 1530//1530 1628//1628
f 1530//1530 1531//1531 1628//1628
f 1628//1628 1531//1531 1629//1629
f 1531//1531 1532//1532 1629//1629
f 1629//1629 1532//1532 1630//1630
f 1532//1532 1533//1533 1630//1630
f 1630//1630 1533//1533 1631//1631
f 1533//1533 1534//1534 1631//1631
f 1631//1631 1534//1534 1632//1632
f 1534//1534 1535//1535 1632//1632
f 1632//1632 1535//1535 1633//1633
f 1535//1535 1536//1536 1633//1633
f 1633//1633 1536//1536 1634//1634
f 1536//1536 1537//1537 1634//1634
f 1634//1634 1537//1537 1635//1635
f 1537//1537 1538//1538 1635//1635
f 1635//1635 1538//1538 1636//1636
f 1538//1538 1539//1539 1636//1636
f 1636//1636 1539//1539 1637//1637
f 1539//1539 1540//1540 1637//1637
f 1637//1637 1540//1540 1638//1638
f 1540//1540 1541//1541 1638//1638
f 1638//1638 1541//1541 1639//1639
f 1541//1541 1542//1542 1639//1639
f 1639//1639 1542//1542 1640//1640
f 1542//1542 1543//1543 1640//1640
f 1640//1640 1543//1543 1641//1641
f 1543//1543 1544//1544 1641//1641
f 1641//1641 1544//1544 1642//1642
f 1544//1544 1545//1545 1642//1642
f 1642//1642 1545//1545 1643//1643
f 1545//1545 1546//1546 1643//1643
f 1643//1643 1546//1546 1644//1644
f 1546//1546 1547//1547 1644//1644
f 1644//1644 1547//1547 1645//1645
f 1547//1547 1548//1548 1645//1645
f 1645//1645 1548//1548 1646//1646
f 1548//1548 1549//1549 1646//1646
f 1646//1646 1549//1549 1647//1647
f 1549//1549 1550//1550 1647//1647
f 1647//1647 1550//1550 1648//1648
f 1550//1550 1551//1551 1648//1648
f 1648//1648 1551//1551 1649//1649
f 1551//1551 1552//1552 1649//1649
f 1649//1649 1552//1552 1650//1650
f 1552//1552 1553//1553 1650//1650
f 1650//1650 1553//1553 1651//1651
f 1553//1553 1554//1554 1651//1651
f 1651//1651 1554//1554 1652//1652
f 1554//1554 1555//1555 1652//1652
f 1652//1652 1555//1555 1653//1653
f 1555//1555 1556//1556 1653//1653
f 1653//1653 1556//1556 1654//1654
f 1556//1556 1557//1557 1654//1654
f 1654//1654 1557//1557 1655//1655
f 1557//1557 1558//1558 1655//1655
f 1655//1655 1558//1558 1656//1656
f 1558//1558 1559//1559 1656//1656
f 1656//1656 1559//1559 1657//1657
f 1559//1559 1560//1560 1657//1657
f 1657//1657 1560//1560 1658//1658
f 1560//1560 1561//1561 1658//1658
f 1658//1658 1561//1561 1659//1659
f 1561//1561 1562//1562 1659//1659
f 1659//1659 1562//1562 1660//1660
f 1562//1562 1563//1563 1660//1660
f 1660//1660 1563//1563 1661//1661
f 1563//1563 1564//1564 1661//1661
f 1661//1661 1564//1564 1662//1662
f 1564//1564 1565//1565 1662//1662
f 1662//1662 1565//1565 1663//1663
f 1565//1565 1566//1566 1663//1663
f 1663//1663 1566//1566 1664//1664
f 1566//1566 1567//1567 1664//1664
f 1664//1664 1567//1567 1665//1665
f 1567//1567 1568//1568 1665//1665
f 1665//1665 1568//1568 1666//1666
f 1568//1568 1569//1569 1666//1666
f 1666//1666 1569//1569 1667//1667
f 1569//1569 1570//1570 1667//1667
f 1667//1667 1570//1570 1668//1668
f 1570//1570 1571//1571 1668//1668
f 1668//1668 1571//1571 1669//1669
f 1571//1571 1572//1572 1669//1669
f 1669//1669 1572//1572 1670//1670
f 1572//1572 1573//1573 1670//1670
f 1670//1670 1573//1573 1671//1671
f 1573//1573 1574//1574 1671//1671
f 1671//1671 1574//1574 1672//1672
f 1574//1574 1575//1575 1672//1672
f 1672//1672 1575//1575 1673//1673
f 1575//1575 1576//1576 1673//1673
f 1673//1673 1576//1576 1674//1674
f 1576//1576 1577//1577 1674//1674
f 1674//1674 1577//1577 1675//1675
f 1577//1577 1578//1578 1675//1675
f 1675//1675 1578//1578 1676//1676
f 1578//1578 1579//1579 1676//1676
f 1677//1677 1580//1580 1678//1678
f 1580//1580 1581//1581 1678//1678
f 1678//1678 1581//1581 1679//1679
f 1581//1581 1582//1582 1679//1679
f 1679//1679 1582//1582 1680//1680
f 1582//1582 1583//1583 1680//1680
f 1680//1680 1583//1583 1681//1681
f 1583//1583 1584//1584 1681//1681
f 1681//1681 1584//1584 1682//1682
f 1584//1584 1585//1585 1682//1682
f 1682//1682 1585//1585 1683//1683
f 1585//1585 1586//1586 1683//1683
f 1683//1683 1586//1586 1684//1684
f 1586//1586 1587//1587 1684//1684
f 1684//1684 1587//1587 1685//1685
f 1587//1587 1588//1588 1685//1685
f 1685//1685 1588//1588 1686//1686
f 1588//1588 1589//1589 1686//1686
f 1686//1686 1589//1589 1687//1687
f 1589//1589 1590//1590 1687//1687
f 1687//1687 1590//1590 1688//1688
f 1590//1590 1591//1591 1688//1688
f 1688//1688 1591//1591 1689//1689
f 1591//1591 1592//1592 1689//1689
f 1689//1689 1592//1592 1690//1690
f 1592//1592 1593//1593 1690//1690
f 1690//1690 1593//1593 1691//1691
f 1593//1593 1594//1594 1691//1691
f 1691//1691 1594//1594 1692//1692
f 1594//1594 1595//1595 1692//1692
f 1692//1692 1595//1595 1693//1693
f 1595//1595 1596//1596 1693//1693
f 1693//1693 1596//1596 1694//1694
f 1596//1596 1597//1597 1694//1694
f 1694//1694 1597//1597 1695//1695
f 1597//1597 1598//1598 1695//1695
f 1695//1695 1598//1598 1696//1696
f 1598//1598 1599//1599 1696//1696
f 1696//1696 1599//1599 1697//1697
f 1599//1599 1600//1600 1697//1697
f 1697//1697 1600//1600 1698//1698
f 1600//1600 1601//1601 1698//1698
f 1698//1698 1601//1601 1699//1699
f 1601//1601 1602//1602 1699//1699
f 1699//1699 1602//1602 1700//1700
f 1602//1602 1603//1603 1700//1700
f 1700//1700 1603//1603 1701//1701
f 1603//1603 1604//1604 1701//1701
f 1701//1701 1604//1604 1702//1702
f 1604//1604 1605//1605 1702//1702
f 1702//1702 1605//1605 1703//1703
f 1605//1605 1606//1606 1703//1703
f 1703//1703 1606//1606 1704//1704
f 1606//1606 1607//1607 1704//1704
f 1704//1704 1607//1607 1705//1705
f 1607//1607 1608//1608 1705//1705
f 1705//1705 1608//1608 1706//1706
f 1608//1608 1609//1609 1706//1706
f 1706//1706 1609//1609 1707//1707
f 1609//1609 1610//1610 1707//1707
f 1707//1707 1610//1610 1708//1708
f 1610//1610 1611//1611 1708//1708
f 1708//1708 1611//1611 1709//1709
f 1611//1611 1612//1612 1709//1709
f 1709//1709 1612//1612 1710//1710
f 1612//1612 1613//1613 1710//1710
f 1710//1710 1613//1613 1711//1711
f 1613//1613 1614//1614 1711//1711
f 1711//1711 1614//1614 1712//1712
f 1614//1614 1615//1615 1712//1712
f 1712//1712 1615//1615 1713//1713
f 1615//1615 1616//1616 1713//1713
f 1713//1713 1616//1616 1714//1714
f 1616//1616 1617//1617 1714//1714
f 1714//1714 1617//1617 1715//1715
f 1617//1617 1618//1618 1715//1715
f 1715//1715 1618//1618 1716//1716
f 1618//1618 1619//1619 1716//1716
f 1716//1716 1619//1619 1717//1717
f 1619//1619 1620//1620 1717//1717
f 1717//1717 1620//1620 1718//1718
f 1620//1620 1621//1621 1718//1718
f 1718//1718 1621//1621 1719//1719
f 1621//1621 1622//1622 1719//1719
f 1719//1719 1622//1622 1720//1720
f 1622//1622 1623//1623 1720//1720
f 1720//1720 1623//1623 1721//1721
f 1623//1623 1624//1624 1721//1721
f 1721//1721 1624//1624 1722//1722
f 1624//1624 1625//1625 1722//1722
f 1722//1722 1625//1625 1723//1723
f 1625//1625 1626//1626 1723//1723
f 1723//1723 1626//1626 1724//1724
f 1626//1626 1627//1627 1724//1724
f 1724//1724 1627//1627 1725//1725
f 1627//1627 1628//1628 1725//1725
f 1725//1725 1628//1628 1726//1726
f 1628//1628 1629//1629 1726//1726
f 1726//1726 1629//1629 1727//1727
f 1629//1629 1630//1630 1727//1727
f 1727//1727 1630//1630 1728//1728
f 1630//1630 1631//1631 1728//1728
f 1728//1728 1631//1631 1729//1729
f 1631//1631 1632//1632 1729//1729
f 1729//1729 1632//1632 1730//1730
f 1632//1632 1633//1633 1730//1730
f 1730//1730 1633//1633 1731//1731
f 1633//1633 1634//1634 1731//1731
f 1731//1731 1634//1634 1732//1732
f 1634//1634 1635//1635 1732//1732
f 1732//1732 1635//1635 1733//1733
f 1635//1635 1636//1636 1733//1733
f 1733//1733 1636//1636 1734//1734
f 1636//1636 1637//1637 1734//1734
f 1734//1734 1637//1637 1735//1735
f 1637//1637 1638//1638 1735//1735
f 1735//1735 1638//1638 1736//1736
f 1638//1638 1639//1639 1736//1736
f 1736//1736 1639//1639 1737//1737
f 1639//1639 1640//1640 1737//1737
f 1737//1737 1640//1640 1738//1738
f 1640//1640 1641//1641 1738//1738
f 1738//1738 1641//1641 1739//1739
f 1641//1641 1642//1642 1739//1739
f 1739//1739 1642//1642 1740//1740
f 1642//1642 1643//1643 1740//1740
f 1740//1740 1643//1643 1741//1741
f 1643//1643 1644//1644 1741//1741
f 1741//1741 1644//1644 1742//1742
f 1644//1644 1645//1645 1742//1742
f 1742//1742 1645//1645 1743//1743
f 1645//1645 1646//1646 1743//1743
f 1743//1743 1646//1646 1744//1744
f 1646//1646 1647//1647 1744//1744
f 1744//1744 1647//1647 1745//1745
f 1647//1647 1648//1648 1745//1745
f 1745//1745 1648//1648 1746//1746
f 1648//1648 1649//1649 1746//1746
f 1746//1746 1649//1649 1747//1747
f 1649//1649 1650//1650 1747//1747
f 1747//1747 1650//1650 1748//1748
f 1650//1650 1651//1651 1748//1748
f 1748//1748 1651//1651 1749//1749
f 1651//1651 1652//1652 1749//1749
f 1749//1749 1652//1652 1750//1750
f 1652//1652 1653//1653 1750//1750
f 1750//1750 1653//1653 1751//1751
f 1653//1653 1654//1654 1751//1751
f 1751//1751 1654//1654 1752//1752
f 1654//1654 1655//1655 1752//1752
f 1752//1752 1655//1655 1753//1753
f 1655//1655 1656//1656 1753//1753
f 1753//1753 1656//1656 1754//1754
f 1656//1656 1657//1657 1754//1754
f 1754//1754 1657//1657 1755//1755
f 1657//1657 1658//1658 1755//1755
f 1755//1755 1658//1658 1756//1756
f 1658//1658 1659//1659 1756//1756
f 1756//1756 1659//1659 1757//1757
f 1659//1659 1660//1660 1757//1757
f 1757//1757 1660//1660 1758//1758
f 1660//1660 1661//1661 1758//1758
f 1758//1758 1661//1661 1759//1759
f 1661//1661 1662//1662 1759//1759
f 1759//1759 1662//1662 1760//1760
f 1662//1662 1663//1663 1760//1760
f 1760//1760 1663//1663 1761//1761
f 1663//1663 1664//1664 1761//1761
f 1761//1761 1664//1664 1762//1762
f 1664//1664 1665//1665 1762//1762
f 1762//1762 1665//1665 1763//1763
f 1665//1665 1666//1666 1763//1763
f 1763//1763 1666//1666 1764//1764
f 1666//1666 1667//1667 1764//1764
f 1764//1764 1667//1667 1765//1765
f 1667//1667 1668//1668 1765//1765
f 1765//1765 1668//1668 1766//1766
f 1668//1668 1669//1669 1766//1766
f 1766//1766 1669//1669 1767//1767
f 1669//1669 1670//1670 1767//1767
f 1767//1767 1670//1670 1768//1768
f 1670//1670 1671//1671 1768//1768
f 1768//1768 1671//1671 1769//1769
f 1671//1671 1672//1672 1769//1769
f 1769//1769 1672//1672 1770//1770
f 1672//1672 1673//1673 1770//1770
f 1770//1770 1673//1673 1771//1771
f 1673//1673 1674//1674 1771//1771
f 1771//1771 1674//1674 1772//1772
f 1674//1674 1675//1675 1772//1772
f 1772//1772 1675//1675 1773//1773
f 1675//1675 1676//1676 1773//1773
f 1774//1774 1677//1677 1775//1775
f 1677//1677 1678//1678 1775//1775
f 1775//1775 1678//1678 1776//1776
f 1678//1678 1679//1679 1776//1776
f 1776//1776 1679//1679 1777//1777
f 1679//1679 1680//1680 1777//1777
f 1777//1777 1680//1680 1778//1778
f 1680//1680 1681//1681 1778//1778
f 1778//1778 1681//1681 1779//1779
f 1681//1681 1682//1682 1779//1779
f 1779//1779 1682//1682 1780//1780
f 1682//1682 1683//1683 1780//1780
f 1780//1780 1683//1683 1781//1781
f 1683//1683 1684//1684 1781//1781
f 1781//1781 1684//1684 1782//1782
f 1684//1684 1685//1685 1782//1782
f 1782//1782 1685//1685 1783//1783
f 1685//1685 1686//1686 1783//1783
f 1783//1783 1686//1686 1784//1784
f 1686//1686 1687//1687 1784//1784
f 1784//1784 1687//1687 1785//1785
f 1687//1687 1688//1688 1785//1785
f 1785//1785 1688//1688 1786//1786
f 1688//1688 1689//1689 1786//1786
f 1786//1786 1689//1689 1787//1787
f 1689//1689 1690//1690 1787//1787
f 1787//1787 1690//1690 1788//1788
f 1690//1690 1691//1691 1788//1788
f 1788//1788 1691//1691 1789//1789
f 1691//1691 1692//1692 1789//1789
f 1789//1789 1692//1692 1790//1790
f 1692//1692 1693//1693 1790//1790
f 1790//1790 1693//1693 1791//1791
f 1693//1693 1694//1694 1791//1791
f 1791//1791 1694//1694 1792//1792
f 1694//1694 1695//1695 1792//1792
f 1792//1792 1695//1695 1793//1793
f 1695//1695 1696//1696 1793//1793
f 1793//1793 1696//1696 1794//1794
f 1696//1696 1697//1697 1794//1794
f 1794//1794 1697//1697 1795//1795
f 1697//1697 1698//1698 1795//1795
f 1795//1795 1698//1698 1796//1796
f 1698//1698 1699//1699 1796//1796
f 1796//1796 1699//1699 1797//1797
f 1699//1699 1700//1700 1797//1797
f 1797//1797 1700//1700 1798//1798
f 1700//1700 1701//1701 1798//1798
f 1798//1798 1701//1701 1799//1799
f 1701//1701 1702//1702 1799//1799
f 1799//1799 1702//1702 1800//1800
f 1702//1702 1703//1703 1800//1800
f 1800//1800 1703//1703 1801//1801
f 1703//1703 1704//1704 1801//1801
f 1801//1801 1704//1704 1802//1802
f 1704//1704 1705//1705 1802//1802
f 1802//1802 1705//1705 1803//1803
f 1705//1705 1706//1706 1803//1803
f 1803//1803 1706//1706 1804//1804
f 1706//1706 1707//1707 1804//1804
f 1804//1804 1707//1707 1805//1805
f 1707//1707 1708//1708 1805//1805
f 1805//1805 1708//1708 1806//1806
f 1708//1708 1709//1709 1806//1806
f 1806//1806 1709//1709 1807//1807
f 1709//1709 1710//1710 1807//1807
f 1807//1807 1710//1710 1808//1808
f 1710//1710 1711//1711 1808//1808
f 1808//1808 1711//1711 1809//1809
f 1711//1711 1712//1712 1809//1809
f 1809//1809 1712//1712 1810//1810
f 1712//1712 1713//1713 1810//1810
f 1810//1810 1713//1713 1811//1811
f 1713//1713 1714//1714 1811//1811
f 1811//1811 1714//1714 1812//1812
f 1714//1714 1715//1715 1812//1812
f 1812//1812 1715//1715 1813//1813
f 1715//1715 1716//1716 1813//1813
f 1813//1813 1716//1716 1814//1814
f 1716//1716 1717//1717 1814//1814
f 1814//1814 1717//1717 1815//1815
f 1717//1717 1718//1718 1815//1815
f 1815//1815 1718//1718 1816//1816
f 1718//1718 1719//1719 1816//1816
f 1816//1816 1719//1719 1817//1817
f 1719//1719 1720//1720 1817//1817
f 1817//1817 1720//1720 1818//1818
f 1720//1720 1721//1721 1818//1818
f 1818//1818 1721//1721 1819//1819
f 1721//1721 1722//1722 1819//1819
f 1819//1819 1722//1722 1820//1820
f 1722//1722 1723//1723 1820//1820
f 1820//1820 1723//1723 1821//1821
f 1723//1723 1724//1724 1821//1821
f 1821//1821 1724//1724 1822//1822
f 1724//1724 1725//1725 1822//1822
f 1822//1822 1725//1725 1823//1823
f 1725//1725 1726//1726 1823//1823
f 1823//1823 1726//1726 1824//1824
f 1726//1726 1727//1727 1824//1824
f 1824//1824 1727//1727 1825//1825
f 1727//1727 1728//1728 1825//1825
f 1825//1825 1728//1728 1826//1826
f 1728//1728 1729//1729 1826//1826
f 1826//1826 1729//1729 1827//1827
f 1729//1729 1730//1730 1827//1827
f 1827//1827 1730//1730 1828//1828
f 1730//1730 1731//1731 1828//1828
f 1828//1828 1731//1731 1829//1829
f 1731//1731 1732//1732 1829//1829
f 1829//1829 1732//1732 1830//1830
f 1732//1732 1733//1733 1830//1830
f 1830//1830 1733//1733 1831//1831
f 1733//1733 1734//1734 1831//1831
f 1831//1831 1734//1734 1832//1832
f 1734//1734 1735//1735 1832//1832
f 1832//1832 1735//1735 1833//1833
f 1735//1735 1736//1736 1833//1833
f 1833//1833 1736//1736 1834//1834
f 1736//1736 1737//1737 1834//1834
f 1834//1834 1737//1737 1835//1835
f 1737//1737 1738//1738 1835//1835
f 1835//1835 1738//1738 1836//1836
f 1738//1738 1739//1739 1836//1836
f 1836//1836 1739//1739 1837//1837
f 1739//1739 1740//1740 1837//1837
f 1837//1837 1740//1740 1838//1838
f 1740//1740 1741//1741 1838//1838
f 1838//1838 1741//1741 1839//1839
f 1741//1741 1742//1742 1839//1839
f 1839//1839 1742//1742 1840//1840
f 1742//1742 1743//1743 1840//1840
f 1840//1840 1743//1743 1841//1841
f 1743//1743 1744//1744 1841//1841
f 1841//1841 1744//1744 1842//1842
f 1744//1744 1745//1745 1842//1842
f 1842//1842 1745//1745 1843//1843
f 1745//1745 1746//1746 1843//1843
f 1843//1843 1746//1746 1844//1844
f 1746//1746 1747//1747 1844//1844
f 1844//1844 1747//1747 1845//1845
f 1747//1747 1748//1748 1845//1845
f 1845//1845 1748//1748 1846//1846
f 1748//1748 1749//1749 1846//1846
f 1846//1846 1749//1749 1847//1847
f 1749//1749 1750//1750 1847//1847
f 1847//1847 1750//1750 1848//1848
f 1750//1750 1751//1751 1848//1848
f 1848//1848 1751//1751 1849//1849
f 1751//1751 1752//1752 1849//1849
f 1849//1849 1752//1752 1850//1850
f 1752//1752 1753//1753 1850//1850
f 1850//1850 1753//1753 1851//1851
f 1753//1753 1754//1754 1851//1851
f 1851//1851 1754//1754 1852//1852
f 1754//1754 1755//1755 1852//1852
f 1852//1852 1755//1755 1853//1853
f 1755//1755 1756//1756 1853//1853
f 1853//1853 1756//1756 1854//1854
f 1756//1756 1757//1757 1854//1854
f 1854//1854 1757//1757 1855//1855
f 1757//1757 1758//1758 1855//1855
f 1855//1855 1758//1758 1856//1856
f 1758//1758 1759//1759 1856//1856
f 1856//1856 1759//1759 1857//1857
f 1759//1759 1760//1760 1857//1857
f 1857//1857 1760//1760 1858//1858
f 1760//1760 1761//1761 1858//1858
f 1858//1858 1761//1761 1859//1859
f 1761//1761 1762//1762 1859//1859
f 1859//1859 1762//1762 1860//1860
f 1762//1762 1763//1763 1860//1860
f 1860//1860 1763//1763 1861//1861
f 1763//1763 1764//1764 1861//1861
f 1861//1861 1764//1764 1862//1862
f 1764//1764 1765//1765 1862//1862
f 1862//1862 1765//1765 1863//1863
f 1765//1765 1766//1766 1863//1863
f 1863//1863 1766//1766 1864//1864
f 1766//1766 1767//1767 1864//1864
f 1864//1864 1767//1767 1865//1865
f 1767//1767 1768//1768 1865//1865
f 1865//1865 1768//1768 1866//1866
f 1768//1768 1769//1769 1866//1866
f 1866//1866 1769//1769 1867//1867
f 1769//1769 1770//1770 1867//1867
f 1867//1867 1770//1770 1868//1868
f 1770//1770 1771//1771 1868//1868
f 1868//1868 1771//1771 1869//1869
f 1771//1771 1772//1772 1869//1869
f 1869//1869 1772//1772 1870//1870
f 1772//1772 1773//1773 1870//1870
f 1871//1871 1774//1774 1872//1872
f 1774//1774 1775//1775 1872//1872
f 1872//1872 1775//1775 1873//1873
f 1775//1775 1776//1776 1873//1873
f 1873//1873 1776//1776 1874//1874
f 1776//1776 1777//1777 1874//1874
f 1874//1874 1777//1777 1875//1875
f 1777//1777 1778//1778 1875//1875
f 1875//1875 1778//1778 1876//1876
f 1778//1778 1779//1779 1876//1876
f 1876//1876 1779//1779 1877//1877
f 1779//1779 1780//1780 1877//1877
f 1877//1877 1780//1780 1878//1878
f 1780//1780 1781//1781 1878//1878
f 1878//1878 1781//1781 1879//1879
f 1781//1781 1782//1782 1879//1879
f 1879//1879 1782//1782 1880//1880
f 1782//1782 1783//1783 1880//1880
f 1880//1880 1783//1783 1881//1881
f 1783//1783 1784//1784 1881//1881
f 1881//1881 1784//1784 1882//1882
f 1784//1784 1785//1785 1882//1882
f 1882//1882 1785//1785 1883//1883
f 1785//1785 1786//1786 1883//1883
f 1883//1883 1786//1786 1884//1884
f 1786//1786 1787//1787 1884//1884
f 1884//1884 1787//1787 1885//1885
f 1787//1787 1788//1788 1885//1885
f 1885//1885 1788//1788 1886//1886
f 1788//1788 1789//1789 1886//1886
f 1886//1886 1789//1789 1887//1887
f 1789//1789 1790//1790 1887//1887
f 1887//1887 1790//1790 1888//1888
f 1790//1790 1791//1791 1888//1888
f 1888//1888 1791//1791 1889//1889
f 1791//1791 1792//1792 1889//1889
f 1889//1889 1792//1792 1890//1890
f 1792//1792 1793//1793 1890//1890
f 1890//1890 1793//1793 1891//1891
f 1793//1793 1794//1794 1891//1891
f 1891//1891 1794//1794 1892//1892
f 1794//1794 1795//1795 1892//1892
f 1892//1892 1795//1795 1893//1893
f 1795//1795 1796//1796 1893//1893
f 1893//1893 1796//1796 1894//1894
f 1796//1796 1797//1797 1894//1894
f 1894//1894 1797//1797 1895//1895
f 1797//1797 1798//1798 1895//1895
f 1895//1895 1798//1798 1896//1896
f 1798//1798 1799//1799 1896//1896
f 1896//1896 1799//1799 1897//1897
f 1799//1799 1800//1800 1897//1897
f 1897//1897 1800//1800 1898//1898
f 1800//1800 1801//1801 1898//1898
f 1898//1898 1801//1801 1899//1899
f 1801//1801 1802//1802 1899//1899
f 1899//1899 1802//1802 1900//1900
f 1802//1802 1803//1803 1900//1900
f 1900//1900 1803//1803 1901//1901
f 1803//1803 1804//1804 1901//1901
f 1901//1901 1804//1804 1902//1902
f 1804//1804 1805//1805 1902//1902
f 1902//1902 1805//1805 1903//1903
f 1805//1805 1806//1806 1903//1903
f 1903//1903 1806//1806 1904//1904
f 1806//1806 1807//1807 1904//1904
f 1904//1904 1807//1807 1905//1905
f 1807//1807 1808//1808 1905//1905
f 1905//1905 1808//1808 1906//1906
f 1808//1808 1809//1809 1906//1906
f 1906//1906 1809//1809 1907//1907
f 1809//1809 1810//1810 1907//1907
f 1907//1907 1810//1810 1908//1908
f 1810//1810 1811//1811 1908//1908
f 1908//1908 1811//1811 1909//1909
f 1811//1811 1812//1812 1909//1909
f 1909//1909 1812//1812 1910//1910
f 1812//1812 1813//1813 1910//1910
f 1910//1910 1813//1813 1911//1911
f 1813//1813 1814//1814 1911//1911
f 1911//1911 1814//1814 1912//1912
f 1814//1814 1815//1815 1912//1912
f 1912//1912 1815//1815 1913//1913
f 1815//1815 1816//1816 1913//1913
f 1913//1913 1816//1816 1914//1914
f 1816//1816 1817//1817 1914//1914
f 1914//1914 1817//1817 1915//1915
f 1817//1817 1818//1818 1915//1915
f 1915//1915 1818//1818 1916//1916
f 1818//1818 1819//1819 1916//1916
f 1916//1916 1819//1819 1917//1917
f 1819//1819 1820//1820 1917//1917
f 1917//1917 1820//1820 1918//1918
f 1820//1820 1821//1821 1918//1918
f 1918//1918 1821//1821 1919//1919
f 1821//1821 1822//1822 1919//1919
f 1919//1919 1822//1822 1920//1920
f 1822//1822 1823//1823 1920//1920
f 1920//1920 1823//1823 1921//1921
f 1823//1823 1824//1824 1921//1921
f 1921//1921 1824//1824 1922//1922
f 1824//1824 1825//1825 1922//1922
f 1922//1922 1825//1825 1923//1923
f 1825//1825 1826//1826 1923//1923
f 1923//1923 1826//1826 1924//1924
f 1826//1826 1827//1827 1924//1924
f 1924//1924 1827//1827 1925//1925
f 1827//1827 1828//1828 1925//1925
f 1925//1925 1828//1828 1926//1926
f 1828//1828 1829//1829 1926//1926
f 1926//1926 1829//1829 1927//1927
f 1829//1829 1830//1830 1927//1927
f 1927//1927 1830//1830 1928//1928
f 1830//1830 1831//1831 1928//1928
f 1928//1928 1831//1831 1929//1929
f 1831//1831 1832//1832 1929//1929
f 1929//1929 1832//1832 1930//1930
f 1832//1832 1833//1833 1930//1930
f 1930//1930 1833//1833 1931//1931
f 1833//1833 1834//1834 1931//1931
f 1931//1931 1834//1834 1932//1932
f 1834//1834 1835//1835 1932//1932
f 1932//1932 1835//1835 1933//1933
f 1835//1835 1836//1836 1933//1933
f 1933//1933 1836//1836 1934//1934
f 1836//1836 1837//1837 1934//1934
f 1934//1934 1837//1837 1935//1935
f 1837//1837 1838//1838 1935//1935
f 1935//1935 1838//1838 1936//1936
f 1838//1838 1839//1839 1936//1936
f 1936//1936 1839//1839 1937//1937
f 1839//1839 1840//1840 1937//1937
f 1937//1937 1840//1840 1938//1938
f 1840//1840 1841//1841 1938//1938
f 1938//1938 1841//1841 1939//1939
f 1841//1841 1842//1842 1939//1939
f 1939//1939 1842//1842 1940//1940
f 1842//1842 1843//1843 1940//1940
f 1940//1940 1843//1843 1941//1941
f 1843//1843 1844//1844 1941//1941
f 1941//1941 1844//1844 1942//1942
f 1844//1844 1845//1845 1942//1942
f 1942//1942 1845//1845 1943//1943
f 1845//1845 1846//1846 1943//1943
f 1943//1943 1846//1846 1944//1944
f 1846//1846 1847//1847 1944//1944
f 1944//1944 1847//1847 1945//1945
f 1847//1847 1848//1848 1945//1945
f 1945//1945 1848//1848 1946//1946
f 1848//1848 1849//1849 1946//1946
f 1946//1946 1849//1849 1947//1947
f 1849//1849 1850//1850 1947//1947
f 1947//1947 1850//1850 1948//1948
f 1850//1850 1851//1851 1948//1948
f 1948//1948 1851//1851 1949//1949
f 1851//1851 1852//1852 1949//1949
f 1949//1949 1852//1852 1950//1950
f 1852//1852 1853//1853 1950//1950
f 1950//1950 1853//1853 1951//1951
f 1853//1853 1854//1854 1951//1951
f 1951//1951 1854//1854 1952//1952
f 1854//1854 1855//1855 1952//1952
f 1952//1952 1855//1855 1953//1953
f 1855//1855 1856//1856 1953//1953
f 1953//1953 1856//1856 1954//1954
f 1856//1856 1857//1857 1954//1954
f 1954//1954 1857//1857 1955//1955
f 1857//1857 1858//1858 1955//1955
f 1955//1955 1858//1858 1956//1956
f 1858//1858 1859//1859 1956//1956
f 1956//1956 1859//1859 1957//1957
f 1859//1859 1860//1860 1957//1957
f 1957//1957 1860//1860 1958//1958
f 1860//1860 1861//1861 1958//1958
f 1958//1958 1861//1861 1959//1959
f 1861//1861 1862//1862 1959//1959
f 1959//1959 1862//1862 1960//1960
f 1862//1862 1863//1863 1960//1960
f 1960//1960 1863//1863 1961//1961
f 1863//1863 1864//1864 1961//1961
f 1961//1961 1864//1864 1962//1962
f 1864//1864 1865//1865 1962//1962
f 1962//1962 1865//1865 1963//1963
f 1865//1865 1866//1866 1963//1963
f 1963//1963 1866//1866 1964//1964
f 1866//1866 1867//1867 1964//1964
f 1964//1964 1867//1867 1965//1965
f 1867//1867 1868//1868 1965//1965
f 1965//1965 1868//1868 1966//1966
f 1868//1868 1869//1869 1966//1966
f 1966//1966 1869//1869 1967//1967
f 1869//1869 1870//1870 1967//1967
f 1968//1968 1871//1871 1969//1969
f 1871//1871 1872//1872 1969//1969
f 1969//1969 1872//1872 1970//1970
f 1872//1872 1873//1873 1970//1970
f 1970//1970 1873//1873 1971//1971
f 1873//1873 1874//1874 1971//1971
f 1971//1971 1874//1874 1972//1972
f 1874//1874 1875//1875 1972//1972
f 1972//1972 1875//1875 1973//1973
f 1875//1875 1876//1876 1973//1973
f 1973//1973 1876//1876 1974//1974
f 1876//1876 1877//1877 1974//1974
f 1974//1974 1877//1877 1975//1975
f 1877//1877 1878//1878 1975//1975
f 1975//1975 1878//1878 1976//1976
f 1878//1878 1879//1879 1976//1976
f 1976//1976 1879//1879 1977//1977
f 1879//1879 1880//1880 1977//1977
f 1977//1977 1880//1880 1978//1978
f 1880//1880 1881//1881 1978//1978
f 1978//1978 1881//1881 1979//1979
f 1881//1881 1882//1882 1979//1979
f 1979//1979 1882//1882 1980//1980
f 1882//1882 1883//1883 1980//1980
f 1980//1980 1883//1883 1981//1981
f 1883//1883 1884//1884 1981//1981
f 1981//1981 1884//1884 1982//1982
f 1884//1884 1885//1885 1982//1982
f 1982//1982 1885//1885 1983//1983
f 1885//1885 1886//1886 1983//1983
f 1983//1983 1886//1886 1984//1984
f 1886//1886 1887//1887 1984//1984
f 1984//1984 1887//1887 1985//1985
f 1887//1887 1888//1888 1985//1985
f 1985//1985 1888//1888 1986//1986
f 1888//1888 1889//1889 1986//1986
f 1986//1986 1889//1889 1987//1987
f 1889//1889 1890//1890 1987//1987
f 1987//1987 1890//1890 1988//1988
f 1890//1890 1891//1891 1988//1988
f 1988//1988 1891//1891 1989//1989
f 1891//1891 1892//1892 1989//1989
f 1989//1989 1892//1892 1990//1990
f 1892//1892 1893//1893 1990//1990
f 1990//1990 1893//1893 1991//1991
f 1893//1893 1894//1894 1991//1991
f 1991//1991 1894//1894 1992//1992
f 1894//1894 1895//1895 1992//1992
f 1992//1992 1895//1895 1993//1993
f 1895//1895 1896//1896 1993//1993
f 1993//1993 1896//1896 1994//1994
f 1896//1896 1897//1897 1994//1994
f 1994//1994 1897//1897 1995//1995
f 1897//1897 1898//1898 1995//1995
f 1995//1995 1898//1898 1996//1996
f 1898//1898 1899//1899 1996//1996
f 1996//1996 1899//1899 1997//1997
f 1899//1899 1900//1900 1997//1997
f 1997//1997 1900//1900 1998//1998
f 1900//1900 1901//1901 1998//1998
f 1998//1998 1901//1901 1999//1999
f 1901//1901 1902//1902 1999//1999
f 1999//1999 1902//1902 2000//2000
f 1902//1902 1903//1903 2000//2000
f 2000//2000 1903//1903 2001//2001
f 1903//1903 1904//1904 2001//2001
f 2001//2001 1904//1904 2002//2002
f 1904//1904 1905//1905 2002//2002
f 2002//2002 1905//1905 2003//2003
f 1905//1905 1906//1906 2003//2003
f 2003//2003 1906//1906 2004//2004
f 1906//1906 1907//1907 2004//2004
f 2004//2004 1907//1907 2005//2005
f 1907//1907 1908//1908 2005//2005
f 2005//2005 1908//1908 2006//2006
f 1908//1908 1909//1909 2006//2006
f 2006//2006 1909//1909 2007//2007
f 1909//1909 1910//1910 2007//2007
f 2007//2007 1910//1910 2008//2008
f 1910//1910 1911//1911 2008//2008
f 2008//2008 1911//1911 2009//2009
f 1911//1911 1912//1912 2009//2009
f 2009//2009 1912//1912 2010//2010
f 1912//1912 1913//1913 2010//2010
f 2010//2010 1913//1913 2011//2011
f 1913//1913 1914//1914 2011//2011
f 2011//2011 1914//1914 2012//2012
f 1914//1914 1915//1915 2012//2012
f 2012//2012 1915//1915 2013//2013
f 1915//1915 1916//1916 2013//2013
f 2013//2013 1916//1916 2014//2014
f 1916//1916 1917//1917 2014//2014
f 2014//2014 1917//1917 2015//2015
f 1917//1917 1918//1918 2015//2015
f 2015//2015 1918//1918 2016//2016
f 1918//1918 1919//1919 2016//2016
f 2016//2016 1919//1919 2017//2017
f 1919//1919 1920//1920 2017//2017
f 2017//2017 1920//1920 2018//2018
f 1920//1920 1921//1921 2018//2018
f 2018//2018 1921//1921 2019//2019
f 1921//1921 1922//1922 2019//2019
f 2019//2019 1922//1922 2020//2020
f 1922//1922 1923//1923 2020//2020
f 2020//2020 1923//1923 2021//2021
f 1923//1923 1924//1924 2021//2021
f 2021//2021 1924//1924 2022//2022
f 1924//1924 1925//1925 2022//2022
f 2022//2022 1925//1925 2023//2023
f 1925//1925 1926//1926 2023//2023
f 2023//2023 1926//1926 2024//2024
f 1926//1926 1927//1927 2024//2024
f 2024//2024 1927//1927 2025//2025
f 1927//1927 1928//1928 2025//2025
f 2025//2025 1928//1928 2026//2026
f 1928//1928 1929//1929 2026//2026
f 2026//2026 1929//1929 2027//2027
f 1929//1929 1930//1930 2027//2027
f 2027//2027 1930//1930 2028//2028
f 1930//1930 1931//1931 2028//2028
f 2028//2028 1931//1931 2029//2029
f 1931//1931 1932//1932 2029//2029
f 2029//2029 1932//1932 2030//2030
f 1932//1932 1933//1933 2030//2030
f 2030//2030 1933//1933 2031//2031
f 1933//1933 1934//1934 2031//2031
f 2031//2031 1934//1934 2032//2032
f 1934//1934 1935//1935 2032//2032
f 2032//2032 1935//1935 2033//2033
f 1935//1935 1936//1936 2033//2033
f 2033//2033 1936//1936 2034//2034
f 1936//1936 1937//1937 2034//2034
f 2034//2034 1937//1937 2035//2035
f 1937//1937 1938//1938 2035//2035
f 2035//2035 1938//1938 2036//2036
f 1938//1938 1939//1939 2036//2036
f 2036//2036 1939//1939 2037//2037
f 1939//1939 1940//1940 2037//2037
f 2037//2037 1940//1940 2038//2038
f 1940//1940 1941//1941 2038//2038
f 2038//2038 1941//1941 2039//2039
f 1941//1941 1942//1942 2039//2039
f 2039//2039 1942//1942 2040//2040
f 1942//1942 1943//1943 2040//2040
f 2040//2040 1943//1943 2041//2041
f 1943//1943 1944//1944 2041//2041
f 2041//2041 1944//1944 2042//2042
f 1944//1944 1945//1945 2042//2042
f 2042//2042 1945//1945 2043//2043
f 1945//1945 1946//1946 2043//2043
f 2043//2043 1946//1946 2044//2044
f 1946//1946 1947//1947 2044//2044
f 2044//2044 1947//1947 2045//2045
f 1947//1947 1948//1948 2045//2045
f 2045//2045 1948//1948 2046//2046
f 1948//1948 1949//1949 2046//2046
f 2046//2046 1949//1949 2047//2047
f 1949//1949 1950//1950 2047//2047
f 2047//2047 1950//1950 2048//2048
f 1950//1950 1951//1951 2048//2048
f 2048//2048 1951//1951 2049//2049
f 1951//1951 1952//1952 2049//2049
f 2049//2049 1952//1952 2050//2050
f 1952//1952 1953//1953 2050//2050
f 2050//2050 1953//1953 2051//2051
f 1953//1953 1954//1954 2051//2051
f 2051//2051 1954//1954 2052//2052
f 1954//1954 1955//1955 2052//2052
f 2052//2052 1955//1955 2053//2053
f 1955//1955 1956//1956 2053//2053
f 2053//2053 1956//1956 2054//2054
f 1956//1956 1957//1957 2054//2054
f 2054//2054 1957//1957 2055//2055
f 1957//1957 1958//1958 2055//2055
f 2055//2055 1958//1958 2056//2056
f 1958//1958 1959//1959 2056//2056
f 2056//2056 1959//1959 2057//2057
f 1959//1959 1960//1960 2057//2057
f 2057//2057 1960//1960 2058//2058
f 1960//1960 1961//1961 2058//2058
f 2058//2058 1961//1961 2059//2059
f 1961//1961 1962//1962 2059//2059
f 2059//2059 1962//1962 2060//2060
f 1962//1962 1963//1963 2060//2060
f 2060//2060 1963//1963 2061//2061
f 1963//1963 1964//1964 2061//2061
f 2061//2061 1964//1964 2062//2062
f 1964//1964 1965//1965 2062//2062
f 2062//2062 1965//1965 2063//2063
f 1965//1965 1966//1966 2063//2063
f 2063//2063 1966//1966 2064//2064
f 1966//1966 1967//1967 2064//2064
f 2065//2065 1968//1968 2066//2066
f 1968//1968 1969//1969 2066//2066
f 2066//2066 1969//1969 2067//2067
f 1969//1969 1970//1970 2067//2067
f 2067//2067 1970//1970 2068//2068
f 1970//1970 1971//1971 2068//2068
f 2068//2068 1971//1971 2069//2069
f 1971//1971 1972//1972 2069//2069
f 2069//2069 1972//1972 2070//2070
f 1972//1972 1973//1973 2070//2070
f 2070//2070 1973//1973 2071//2071
f 1973//1973 1974//1974 2071//2071
f 2071//2071 1974//1974 2072//2072
f 1974//1974 1975//1975 2072//2072
f 2072//2072 1975//1975 2073//2073
f 1975//1975 1976//1976 2073//2073
f 2073//2073 1976//1976 2074//2074
f 1976//1976 1977//1977 2074//2074
f 2074//2074 1977//1977 2075//2075
f 1977//1977 1978//1978 2075//2075
f 2075//2075 1978//1978 2076//2076
f 1978//1978 1979//1979 2076//2076
f 2076//2076 1979//1979 2077//2077
f 1979//1979 1980//1980 2077//2077
f 2077//2077 1980//1980 2078//2078
f 1980//1980 1981//1981 2078//2078
f 2078//2078 1981//1981 2079//2079
f 1981//1981 1982//1982 2079//2079
f 2079//2079 1982//1982 2080//2080
f 1982//1982 1983//1983 2080//2080
f 2080//2080 1983//1983 2081//2081
f 1983//1983 1984//1984 2081//2081
f 2081//2081 1984//1984 2082//2082
f 1984//1984 1985//1985 2082//2082
f 2082//2082 1985//1985 2083//2083
f 1985//1985 1986//1986 2083//2083
f 2083//2083 1986//1986 2084//2084
f 1986//1986 1987//1987 2084//2084
f 2084//2084 1987//1987 2085//2085
f 1987//1987 1988//1988 2085//2085
f 2085//2085 1988//1988 2086//2086
f 1988//1988 1989//1989 2086//2086
f 2086//2086 1989//1989 2087//2087
f 1989//1989 1990//1990 2087//2087
f 2087//2087 1990//1990 2088//2088
f 1990//1990 1991//1991 2088//2088
f 2088//2088 1991//1991 2089//2089
f 1991//1991 1992//1992 2089//2089
f 2089//2089 1992//1992 2090//2090
f 1992//1992 1993//1993 2090//2090
f 2090//2090 1993//1993 2091//2091
f 1993//1993 1994//1994 2091//2091
f 2091//2091 1994//1994 2092//2092
f 1994//1994 1995//1995 2092//2092
f 2092//2092 1995//1995 2093//2093
f 1995//1995 1996//1996 2093//2093
f 2093//2093 1996//1996 2094//2094
f 1996//1996 1997//1997 2094//2094
f 2094//2094 1997//1997 2095//2095
f 1997//1997 1998//1998 2095//2095
f 2095//2095 1998//1998 2096//2096
f 1998//1998 1999//1999 2096//2096
f 2096//2096 1999//1999 2097//2097
f 1999//1999 2000//2000 2097//2097
f 2097//2097 2000//2000 2098//2098
f 2000//2000 2001//2001 2098//2098
f 2098//2098 2001//2001 2099//2099
f 2001//2001 2002//2002 2099//2099
f 2099//2099 2002//2002 2100//2100
f 2002//2002 2003//2003 2100//2100
f 2100//2100 2003//2003 2101//2101
f 2003//2003 2004//2004 2101//2101
f 2101//2101 2004//2004 2102//2102
f 2004//2004 2005//2005 2102//2102
f 2102//2102 2005//2005 2103//2103
f 2005//2005 2006//2006 2103//2103
f 2103//2103 2006//2006 2104//2104
f 2006//2006 2007//2007 2104//2104
f 2104//2104 2007//2007 2105//2105
f 2007//2007 2008//2008 2105//2105
f 2105//2105 2008//2008 2106//2106
f 2008//2008 2009//2009 2106//2106
f 2106//2106 2009//2009 2107//2107
f 2009//2009 2010//2010 2107//2107
f 2107//2107 2010//2010 2108//2108
f 2010//2010 2011//2011 2108//2108
f 2108//2108 2011//2011 2109//2109
f 2011//2011 2012//2012 2109//2109
f 2109//2109 2012//2012 2110//2110
f 2012//2012 2013//2013 2110//2110
f 2110//2110 2013//2013 2111//2111
f 2013//2013 2014//2014 2111//2111
f 2111//2111 2014//2014 2112//2112
f 2014//2014 2015//2015 2112//2112
f 2112//2112 2015//2015 2113//2113
f 2015//2015 2016//2016 2113//2113
f 2113//2113 2016//2016 2114//2114
f 2016//2016 2017//2017 2114//2114
f 2114//2114 2017//2017 2115//2115
f 2017//2017 2018//2018 2115//2115
f 2115//2115 2018//2018 2116//2116
f 2018//2018 2019//2019 2116//2116
f 2116//2116 2019//2019 2117//2117
f 2019//2019 2020//2020 2117//2117
f 2117//2117 2020//2020 2118//2118
f 2020//2020 2021//2021 2118//2118
f 2118//2118 2021//2021 2119//2119
f 2021//2021 2022//2022 2119//2119
f 2119//2119 2022//2022 2120//2120
f 2022//2022 2023//2023 2120//2120
f 2120//2120 2023//2023 2121//2121
f 2023//2023 2024//2024 2121//2121
f 2121//2121 2024//2024 2122//2122
f 2024//2024 2025//2025 2122//2122
f 2122//2122 2025//2025 2123//2123
f 2025//2025 2026//2026 2123//2123
f 2123//2123 2026//2026 2124//2124
f 2026//2026 2027//2027 2124//2124
f 2124//2124 2027//2027 2125//2125
f 2027//2027 2028//2028 2125//2125
f 2125//2125 2028//2028 2126//2126
f 2028//2028 2029//2029 2126//2126
f 2126//2126 2029//2029 2127//2127
f 2029//2029 2030//2030 2127//2127
f 2127//2127 2030//2030 2128//2128
f 2030//2030 2031//2031 2128//2128
f 2128//2128 2031//2031 2129//2129
f 2031//2031 2032//2032 2129//2129
f 2129//2129 2032//2032 2130//2130
f 2032//2032 2033//2033 2130//2130
f 2130//2130 2033//2033 2131//2131
f 2033//2033 2034//2034 2131//2131
f 2131//2131 2034//2034 2132//2132
f 2034//2034 2035//2035 2132//2132
f 2132//2132 2035//2035 2133//2133
f 2035//2035 2036//2036 2133//2133
f 2133//2133 2036//2036 2134//2134
f 2036//2036 2037//2037 2134//2134
f 2134//2134 2037//2037 2135//2135
f 2037//2037 2038//2038 2135//2135
f 2135//2135 2038//2038 2136//2136
f 2038//2038 2039//2039 2136//2136
f 2136//2136 2039//2039 2137//2137
f 2039//2039 2040//2040 2137//2137
f 2137//2137 2040//2040 2138//2138
f 2040//2040 2041//2041 2138//2138
f 2138//2138 2041//2041 2139//2139
f 2041//2041 2042//2042 2139//2139
f 2139//2139 2042//2042 2140//2140
f 2042//2042 2043//2043 2140//2140
f 2140//2140 2043//2043 2141//2141
f 2043//2043 2044//2044 2141//2141
f 2141//2141 2044//2044 2142//2142
f 2044//2044 2045//2045 2142//2142
f 2142//2142 2045//2045 2143//2143
f 2045//2045 2046//2046 2143//2143
f 2143//2143 2046//2046 2144//2144
f 2046//2046 2047//2047 2144//2144
f 2144//2144 2047//2047 2145//2145
f 2047//2047 2048//2048 2145//2145
f 2145//2145 2048//2048 2146//2146
f 2048//2048 2049//2049 2146//2146
f 2146//2146 2049//2049 2147//2147
f 2049//2049 2050//2050 2147//2147
f 2147//2147 2050//2050 2148//2148
f 2050//2050 2051//2051 2148//2148
f 2148//2148 2051//2051 2149//2149
f 2051//2051 2052//2052 2149//2149
f 2149//2149 2052//2052 2150//2150
f 2052//2052 2053//2053 2150//2150
f 2150//2150 2053//2053 2151//2151
f 2053//2053 2054//2054 2151//2151
f 2151//2151 2054//2054 2152//2152
f 2054//2054 2055//2055 2152//2152
f 2152//2152 2055//2055 2153//2153
f 2055//2055 2056//2056 2153//2153
f 2153//2153 2056//2056 2154//2154
f 2056//2056 2057//2057 2154//2154
f 2154//2154 2057//2057 2155//2155
f 2057//2057 2058//2058 2155//2155
f 2155//2155 2058//2058 2156//2156
f 2058//2058 2059//2059 2156//2156
f 2156//2156 2059//2059 2157//2157
f 2059//2059 2060//2060 2157//2157
f 2157//2157 2060//2060 2158//2158
f 2060//2060 2061//2061 2158//2158
f 2158//2158 2061//2061 2159//2159
f 2061//2061 2062//2062 2159//2159
f 2159//2159 2062//2062 2160//2160
f 2062//2062 2063//2063 2160//2160
f 2160//2160 2063//2063 2161//2161
f 2063//2063 2064//2064 2161//2161
f 2162//2162 2065//2065 2163//2163
f 2065//2065 2066//2066 2163//2163
f 2163//2163 2066//2066 2164//2164
f 2066//2066 2067//2067 2164//2164
f 2164//2164 2067//2067 2165//2165
f 2067//2067 2068//2068 2165//2165
f 2165//2165 2068//2068 2166//2166
f 2068//2068 2069//2069 2166//2166
f 2166//2166 2069//2069 2167//2167
f 2069//2069 2070//2070 2167//2167
f 2167//2167 2070//2070 2168//2168
f 2070//2070 2071//2071 2168//2168
f 2168//2168 2071//2071 2169//2169
f 2071//2071 2072//2072 2169//2169
f 2169//2169 2072//2072 2170//2170
f 2072//2072 2073//2073 2170//2170
f 2170//2170 2073//2073 2171//2171
f 2073//2073 2074//2074 2171//2171
f 2171//2171 2074//2074 2172//2172
f 2074//2074 2075//2075 2172//2172
f 2172//2172 2075//2075 2173//2173
f 2075//2075 2076//2076 2173//2173
f 2173//2173 2076//2076 2174//2174
f 2076//2076 2077//2077 2174//2174
f 2174//2174 2077//2077 2175//2175
f 2077//2077 2078//2078 2175//2175
f 2175//2175 2078//2078 2176//2176
f 2078//2078 2079//2079 2176//2176
f 2176//2176 2079//2079 2177//2177
f 2079//2079 2080//2080 2177//2177
f 2177//2177 2080//2080 2178//2178
f 2080//2080 2081//2081 2178//2178
f 2178//2178 2081//2081 2179//2179
f 2081//2081 2082//2082 2179//2179
f 2179//2179 2082//2082 2180//2180
f 2082//2082 2083//2083 2180//2180
f 2180//2180 2083//2083 2181//2181
f 2083//2083 2084//2084 2181//2181
f 2181//2181 2084//2084 2182//2182
f 2084//2084 2085//2085 2182//2182
f 2182//2182 2085//2085 2183//2183
f 2085//2085 2086//2086 2183//2183
f 2183//2183 2086//2086 2184//2184
f 2086//2086 2087//2087 2184//2184
f 2184//2184 2087//2087 2185//2185
f 2087//2087 2088//2088 2185//2185
f 2185//2185 2088//2088 2186//2186
f 2088//2088 2089//2089 2186//2186
f 2186//2186 2089//2089 2187//2187
f 2089//2089 2090//2090 2187//2187
f 2187//2187 2090//2090 2188//2188
f 2090//2090 2091//2091 2188//2188
f 2188//2188 2091//2091 2189//2189
f 2091//2091 2092//2092 2189//2189
f 2189//2189 2092//2092 2190//2190
f 2092//2092 2093//2093 2190//2190
f 2190//2190 2093//2093 2191//2191
f 2093//2093 2094//2094 2191//2191
f 2191//2191 2094//2094 2192//2192
f 2094//2094 2095//2095 2192//2192
f 2192//2192 2095//2095 2193//2193
f 2095//2095 2096//2096 2193//2193
f 2193//2193 2096//2096 2194//2194
f 2096//2096 2097//2097 2194//2194
f 2194//2194 2097//2097 2195//2195
f 2097//2097 2098//2098 2195//2195
f 2195//2195 2098//2098 2196//2196
f 2098//2098 2099//2099 2196//2196
f 2196//2196 2099//2099 2197//2197
f 2099//2099 2100//2100 2197//2197
f 2197//2197 2100//2100 2198//2198
f 2100//2100 2101//2101 2198//2198
f 2198//2198 2101//2101 2199//2199
f 2101//2101 2102//2102 2199//2199
f 2199//2199 2102//2102 2200//2200
f 2102//2102 2103//2103 2200//2200
f 2200//2200 2103//2103 2201//2201
f 2103//2103 2104//2104 2201//2201
f 2201//2201 2104//2104 2202//2202
f 2104//2104 2105//2105 2202//2202
f 2202//2202 2105//2105 2203//2203
f 2105//2105 2106//2106 2203//2203
f 2203//2203 2106//2106 2204//2204
f 2106//2106 2107//2107 2204//2204
f 2204//2204 2107//2107 2205//2205
f 2107//2107 2108//2108 2205//2205
f 2205//2205 2108//2108 2206//2206
f 2108//2108 2109//2109 2206//2206
f 2206//2206 2109//2109 2207//2207
f 2109//2109 2110//2110 2207//2207
f 2207//2207 2110//2110 2208//2208
f 2110//2110 2111//2111 2208//2208
f 2208//2208 2111//2111 2209//2209
f 2111//2111 2112//2112 2209//2209
f 2209//2209 2112//2112 2210//2210
f 2112//2112 2113//2113 2210//2210
f 2210//2210 2113//2113 2211//2211
f 2113//2113 2114//2114 2211//2211
f 2211//2211 2114//2114 2212//2212
f 2114//2114 2115//2115 2212//2212
f 2212//2212 2115//2115 2213//2213
f 2115//2115 2116//2116 2213//2213
f 2213//2213 2116//2116 2214//2214
f 2116//2116 2117//2117 2214//2214
f 2214//2214 2117//2117 2215//2215
f 2117//2117 2118//2118 2215//2215
f 2215//2215 2118//2118 2216//2216
f 2118//2118 2119//2119 2216//2216
f 2216//2216 2119//2119 2217//2217
f 2119//2119 2120//2120 2217//2217
f 2217//2217 2120//2120 2218//2218
f 2120//2120 2121//2121 2218//2218
f 2218//2218 2121//2121 2219//2219
f 2121//2121 2122//2122 2219//2219
f 2219//2219 2122//2122 2220//2220
f 2122//2122 2123//2123 2220//2220
f 2220//2220 2123//2123 2221//2221
f 2123//2123 2124//2124 2221//2221
f 2221//2221 2124//2124 2222//2222
f 2124//2124 2125//2125 2222//2222
f 2222//2222 2125//2125 2223//2223
f 2125//2125 2126//2126 2223//2223
f 2223//2223 2126//2126 2224//2224
f 2126//2126 2127//2127 2224//2224
f 2224//2224 2127//2127 2225//2225
f 2127//2127 2128//2128 2225//2225
f 2225//2225 2128//2128 2226//2226
f 2128//2128 2129//2129 2226//2226
f 2226//2226 2129//2129 2227//2227
f 2129//2129 2130//2130 2227//2227
f 2227//2227 2130//2130 2228//2228
f 2130//2130 2131//2131 2228//2228
f 2228//2228 2131//2131 2229//2229
f 2131//2131 2132//2132 2229//2229
f 2229//2229 2132//2132 2230//2230
f 2132//2132 2133//2133 2230//2230
f 2230//2230 2133//2133 2231//2231
f 2133//2133 2134//2134 2231//2231
f 2231//2231 2134//2134 2232//2232
f 2134//2134 2135//2135 2232//2232
f 2232//2232 2135//2135 2233//2233
f 2135//2135 2136//2136 2233//2233
f 2233//2233 2136//2136 2234//2234
f 2136//2136 2137//2137 2234//2234
f 2234//2234 2137//2137 2235//2235
f 2137//2137 2138//2138 2235//2235
f 2235//2235 2138//2138 2236//2236
f 2138//2138 2139//2139 2236//2236
f 2236//2236 2139//2139 2237//2237
f 2139//2139 2140//2140 2237//2237
f 2237//2237 2140//2140 2238//2238
f 2140//2140 2141//2141 2238//2238
f 2238//2238 2141//2141 2239//2239
f 2141//2141 2142//2142 2239//2239
f 2239//2239 2142//2142 2240//2240
f 2142//2142 2143//2143 2240//2240
f 2240//2240 2143//2143 2241//2241
f 2143//2143 2144//2144 2241//2241
f 2241//2241 2144//2144 2242//2242
f 2144//2144 2145//2145 2242//2242
f 2242//2242 2145//2145 2243//2243
f 2145//2145 2146//2146 2243//2243
f 2243//2243 2146//2146 2244//2244
f 2146//2146 2147//2147 2244//2244
f 2244//2244 2147//2147 2245//2245
f 2147//2147 2148//2148 2245//2245
f 2245//2245 2148//2148 2246//2246
f 2148//2148 2149//2149 2246//2246
f 2246//2246 2149//2149 2247//2247
f 2149//2149 2150//2150 2247//2247
f 2247//2247 2150//2150 2248//2248
f 2150//2150 2151//2151 2248//2248
f 2248//2248 2151//2151 2249//2249
f 2151//2151 2152//2152 2249//2249
f 2249//2249 2152//2152 2250//2250
f 2152//2152 2153//2153 2250//2250
f 2250//2250 2153//2153 2251//2251
f 2153//2153 2154//2154 2251//2251
f 2251//2251 2154//2154 2252//2252
f 2154//2154 2155//2155 2252//2252
f 2252//2252 2155//2155 2253//2253
f 2155//2155 2156//2156 2253//2253
f 2253//2253 2156//2156 2254//2254
f 2156//2156 2157//2157 2254//2254
f 2254//2254 2157//2157 2255//2255
f 2157//2157 2158//2158 2255//2255
f 2255//2255 2158//2158 2256//2256
f 2158//2158 2159//2159 2256//2256
f 2256//2256 2159//2159 2257//2257
f 2159//2159 2160//2160 2257//2257
f 2257//2257 2160//2160 2258//2258
f 2160//2160 2161//2161 2258//2258
f 2259//2259 2162//2162 2260//2260
f 2162//2162 2163//2163 2260//2260
f 2260//2260 2163//2163 2261//2261
f 2163//2163 2164//2164 2261//2261
f 2261//2261 2164//2164 2262//2262
f 2164//2164 2165//2165 2262//2262
f 2262//2262 2165//2165 2263//2263
f 2165//2165 2166//2166 2263//2263
f 2263//2263 2166//2166 2264//2264
f 2166//2166 2167//2167 2264//2264
f 2264//2264 2167//2167 2265//2265
f 2167//2167 2168//2168 2265//2265
f 2265//2265 2168//2168 2266//2266
f 2168//2168 2169//2169 2266//2266
f 2266//2266 2169//2169 2267//2267
f 2169//2169 2170//2170 2267//2267
f 2267//2267 2170//2170 2268//2268
f 2170//2170 2171//2171 2268//2268
f 2268//2268 2171//2171 2269//2269
f 2171//2171 2172//2172 2269//2269
f 2269//2269 2172//2172 2270//2270
f 2172//2172 2173//2173 2270//2270
f 2270//2270 2173//2173 2271//2271
f 2173//2173 2174//2174 2271//2271
f 2271//2271 2174//2174 2272//2272
f 2174//2174 2175//2175 2272//2272
f 2272//2272 2175//2175 2273//2273
f 2175//2175 2176//2176 2273//2273
f 2273//2273 2176//2176 2274//2274
f 2176//2176 2177//2177 2274//2274
f 2274//2274 2177//2177 2275//2275
f 2177//2177 2178//2178 2275//2275
f 2275//2275 2178//2178 2276//2276
f 2178//2178 2179//2179 2276//2276
f 2276//2276 2179//2179 2277//2277
f 2179//2179 2180//2180 2277//2277
f 2277//2277 2180//2180 2278//2278
f 2180//2180 2181//2181 2278//2278
f 2278//2278 2181//2181 2279//2279
f 2181//2181 2182//2182 2279//2279
f 2279//2279 2182//2182 2280//2280
f 2182//2182 2183//2183 2280//2280
f 2280//2280 2183//2183 2281//2281
f 2183//2183 2184//2184 2281//2281
f 2281//2281 2184//2184 2282//2282
f 2184//2184 2185//2185 2282//2282
f 2282//2282 2185//2185 2283//2283
f 2185//2185 2186//2186 2283//2283
f 2283//2283 2186//2186 2284//2284
f 2186//2186 2187//2187 2284//2284
f 2284//2284 2187//2187 2285//2285
f 2187//2187 2188//2188 2285//2285
f 2285//2285 2188//2188 2286//2286
f 2188//2188 2189//2189 2286//2286
f 2286//2286 2189//2189 2287//2287
f 2189//2189 2190//2190 2287//2287
f 2287//2287 2190//2190 2288//2288
f 2190//2190 2191//2191 2288//2288
f 2288//2288 2191//2191 2289//2289
f 2191//2191 2192//2192 2289//2289
f 2289//2289 2192//2192 2290//2290
f 2192//2192 2193//2193 2290//2290
f 2290//2290 2193//2193 2291//2291
f 2193//2193 2194//2194 2291//2291
f 2291//2291 2194//2194 2292//2292
f 2194//2194 2195//2195 2292//2292
f 2292//2292 2195//2195 2293//2293
f 2195//2195 2196//2196 2293//2293
f 2293//2293 2196//2196 2294//2294
f 2196//2196 2197//2197 2294//2294
f 2294//2294 2197//2197 2295//2295
f 2197//2197 2198//2198 2295//2295
f 2295//2295 2198//2198 2296//2296
f 2198//2198 2199//2199 2296//2296
f 2296//2296 2199//2199 2297//2297
f 2199//2199 2200//2200 2297//2297
f 2297//2297 2200//2200 2298//2298
f 2200//2200 2201//2201 2298//2298
f 2298//2298 2201//2201 2299//2299
f 2201//2201 2202//2202 2299//2299
f 2299//2299 2202//2202 2300//2300
f 2202//2202 2203//2203 2300//2300
f 2300//2300 2203//2203 2301//2301
f 2203//2203 2204//2204 2301//2301
f 2301//2301 2204//2204 2302//2302
f 2204//2204 2205//2205 2302//2302
f 2302//2302 2205//2205 2303//2303
f 2205//2205 2206//2206 2303//2303
f 2303//2303 2206//2206 2304//2304
f 2206//2206 2207//2207 2304//2304
f 2304//2304 2207//2207 2305//2305
f 2207//2207 2208//2208 2305//2305
f 2305//2305 2208//2208 2306//2306
f 2208//2208 2209//2209 2306//2306
f 2306//2306 2209//2209 2307//2307
f 2209//2209 2210//2210 2307//2307
f 2307//2307 2210//2210 2308//2308
f 2210//2210 2211//2211 2308//2308
f 2308//2308 2211//2211 2309//2309
f 2211//2211 2212//2212 2309//2309
f 2309//2309 2212//2212 2310//2310
f 2212//2212 2213//2213 2310//2310
f 2310//2310 2213//2213 2311//2311
f 2213//2213 2214//2214 2311//2311
f 2311//2311 2214//2214 2312//2312
f 2214//2214 2215//2215 2312//2312
f 2312//2312 2215//2215 2313//2313
f 2215//2215 2216//2216 2313//2313
f 2313//2313 2216//2216 2314//2314
f 2216//2216 2217//2217 2314//2314
f 2314//2314 2217//2217 2315//2315
f 2217//2217 2218//2218 2315//2315
f 2315//2315 2218//2218 2316//2316
f 2218//2218 2219//2219 2316//2316
f 2316//2316 2219//2219 2317//2317
f 2219//2219 2220//2220 2317//2317
f 2317//2317 2220//2220 2318//2318
f 2220//2220 2221//2221 2318//2318
f 2318//2318 2221//2221 2319//2319
f 2221//2221 2222//2222 2319//2319
f 2319//2319 2222//2222 2320//2320
f 2222//2222 2223//2223 2320//2320
f 2320//2320 2223//2223 2321//2321
f 2223//2223 2224//2224 2321//2321
f 2321//2321 2224//2224 2322//2322
f 2224//2224 2225//2225 2322//2322
f 2322//2322 2225//2225 2323//2323
f 2225//2225 2226//2226 2323//2323
f 2323//2323 2226//2226 2324//2324
f 2226//2226 2227//2227 2324//2324
f 2324//2324 2227//2227 2325//2325
f 2227//2227 2228//2228 2325//2325
f 2325//2325 2228//2228 2326//2326
f 2228//2228 2229//2229 2326//2326
f 2326//2326 2229//2229 2327//2327
f 2229//2229 2230//2230 2327//2327
f 2327//2327 2230//2230 2328//2328
f 2230//2230 2231//2231 2328//2328
f 2328//2328 2231//2231 2329//2329
f 2231//2231 2232//2232 2329//2329
f 2329//2329 2232//2232 2330//2330
f 2232//2232 2233//2233 2330//2330
f 2330//2330 2233//2233 2331//2331
f 2233//2233 2234//2234 2331//2331
f 2331//2331 2234//2234 2332//2332
f 2234//2234 2235//2235 2332//2332
f 2332//2332 2235//2235 2333//2333
f 2235//2235 2236//2236 2333//2333
f 2333//2333 2236//2236 2334//2334
f 2236//2236 2237//2237 2334//2334
f 2334//2334 2237//2237 2335//2335
f 2237//2237 2238//2238 2335//2335
f 2335//2335 2238//2238 2336//2336
f 2238//2238 2239//2239 2336//2336
f 2336//2336 2239//2239 2337//2337
f 2239//2239 2240//2240 2337//2337
f 2337//2337 2240//2240 2338//2338
f 2240//2240 2241//2241 2338//2338
f 2338//2338 2241//2241 2339//2339
f 2241//2241 2242//2242 2339//2339
f 2339//2339 2242//2242 2340//2340
f 2242//2242 2243//2243 2340//2340
f 2340//2340 2243//2243 2341//2341
f 2243//2243 2244//2244 2341//2341
f 2341//2341 2244//2244 2342//2342
f 2244//2244 2245//2245 2342//2342
f 2342//2342 2245//2245 2343//2343
f 2245//2245 2246//2246 2343//2343
f 2343//2343 2246//2246 2344//2344
f 2246//2246 2247//2247 2344//2344
f 2344//2344 2247//2247 2345//2345
f 2247//2247 2248//2248 2345//2345
f 2345//2345 2248//2248 2346//2346
f 2248//2248 2249//2249 2346//2346
f 2346//2346 2249//2249 2347//2347
f 2249//2249 2250//2250 2347//2347
f 2347//2347 2250//2250 2348//2348
f 2250//2250 2251//2251 2348//2348
f 2348//2348 2251//2251 2349//2349
f 2251//2251 2252//2252 2349//2349
f 2349//2349 2252//2252 2350//2350
f 2252//2252 2253//2253 2350//2350
f 2350//2350 2253//2253 2351//2351
f 2253//2253 2254//2254 2351//2351
f 2351//2351 2254//2254 2352//2352
f 2254//2254 2255//2255 2352//2352
f 2352//2352 2255//2255 2353//2353
f 2255//2255 2256//2256 2353//2353
f 2353//2353 2256//2256 2354//2354
f 2256//2256 2257//2257 2354//2354
f 2354//2354 2257//2257 2355//2355
f 2257//2257 2258//2258 2355//2355
f 2356//2356 2259//2259 2357//2357
f 2259//2259 2260//2260 2357//2357
f 2357//2357 2260//2260 2358//2358
f 2260//2260 2261//2261 2358//2358
f 2358//2358 2261//2261 2359//2359
f 2261//2261 2262//2262 2359//2359
f 2359//2359 2262//2262 2360//2360
f 2262//2262 2263//2263 2360//2360
f 2360//2360 2263//2263 2361//2361
f 2263//2263 2264//2264 2361//2361
f 2361//2361 2264//2264 2362//2362
f 2264//2264 2265//2265 2362//2362
f 2362//2362 2265//2265 2363//2363
f 2265//2265 2266//2266 2363//2363
f 2363//2363 2266//2266 2364//2364
f 2266//2266 2267//2267 2364//2364
f 2364//2364 2267//2267 2365//2365
f 2267//2267 2268//2268 2365//2365
f 2365//2365 2268//2268 2366//2366
f 2268//2268 2269//2269 2366//2366
f 2366//2366 2269//2269 2367//2367
f 2269//2269 2270//2270 2367//2367
f 2367//2367 2270//2270 2368//2368
f 2270//2270 2271//2271 2368//2368
f 2368//2368 2271//2271 2369//2369
f 2271//2271 2272//2272 2369//2369
f 2369//2369 2272//2272 2370//2370
f 2272//2272 2273//2273 2370//2370
f 2370//2370 2273//2273 2371//2371
f 2273//2273 2274//2274 2371//2371
f 2371//2371 2274//2274 2372//2372
f 2274//2274 2275//2275 2372//2372
f 2372//2372 2275//2275 2373//2373
f 2275//2275 2276//2276 2373//2373
f 2373//2373 2276//2276 2374//2374
f 2276//2276 2277//2277 2374//2374
f 2374//2374 2277//2277 2375//2375
f 2277//2277 2278//2278 2375//2375
f 2375//2375 2278//2278 2376//2376
f 2278//2278 2279//2279 2376//2376
f 2376//2376 2279//2279 2377//2377
f 2279//2279 2280//2280 2377//2377
f 2377//2377 2280//2280 2378//2378
f 2280//2280 2281//2281 2378//2378
f 2378//2378 2281//2281 2379//2379
f 2281//2281 2282//2282 2379//2379
f 2379//2379 2282//2282 2380//2380
f 2282//2282 2283//2283 2380//2380
f 2380//2380 2283//2283 2381//2381
f 2283//2283 2284//2284 2381//2381
f 2381//2381 2284//2284 2382//2382
f 2284//2284 2285//2285 2382//2382
f 2382//2382 2285//2285 2383//2383
f 2285//2285 2286//2286 2383//2383
f 2383//2383 2286//2286 2384//2384
f 2286//2286 2287//2287 2384//2384
f 2384//2384 2287//2287 2385//2385
f 2287//2287 2288//2288 2385//2385
f 2385//2385 2288//2288 2386//2386
f 2288//2288 2289//2289 2386//2386
f 2386//2386 2289//2289 2387//2387
f 2289//2289 2290//2290 2387//2387
f 2387//2387 2290//2290 2388//2388
f 2290//2290 2291//2291 2388//2388
f 2388//2388 2291//2291 2389//2389
f 2291//2291 2292//2292 2389//2389
f 2389//2389 2292//2292 2390//2390
f 2292//2292 2293//2293 2390//2390
f 2390//2390 2293//2293 2391//2391
f 2293//2293 2294//2294 2391//2391
f 2391//2391 2294//2294 2392//2392
f 2294//2294 2295//2295 2392//2392
f 2392//2392 2295//2295 2393//2393
f 2295//2295 2296//2296 2393//2393
f 2393//2393 2296//2296 2394//2394
f 2296//2296 2297//2297 2394//2394
f 2394//2394 2297//2297 2395//2395
f 2297//2297 2298//2298 2395//2395
f 2395//2395 2298//2298 2396//2396
f 2298//2298 2299//2299 2396//2396
f 2396//2396 2299//2299 2397//2397
f 2299//2299 2300//2300 2397//2397
f 2397//2397 2300//2300 2398//2398
f 2300//2300 2301//2301 2398//2398
f 2398//2398 2301//2301 2399//2399
f 2301//2301 2302//2302 2399//2399
f 2399//2399 2302//2302 2400//2400
f 2302//2302 2303//2303 2400//2400
f 2400//2400 2303//2303 2401//2401
f 2303//2303 2304//2304 2401//2401
f 2401//2401 2304//2304 2402//2402
f 2304//2304 2305//2305 2402//2402
f 2402//2402 2305//2305 2403//2403
f 2305//2305 2306//2306 2403//2403
f 2403//2403 2306//2306 2404//2404
f 2306//2306 2307//2307 2404//2404
f 2404//2404 2307//2307 2405//2405
f 2307//2307 2308//2308 2405//2405
f 2405//2405 2308//2308 2406//2406
f 2308//2308 2309//2309 2406//2406
f 2406//2406 2309//2309 2407//2407
f 2309//2309 2310//2310 2407//2407
f 2407//2407 2310//2310 2408//2408
f 2310//2310 2311//2311 2408//2408
f 2408//2408 2311//2311 2409//2409
f 2311//2311 2312//2312 2409//2409
f 2409//2409 2312//2312 2410//2410
f 2312//2312 2313//2313 2410//2410
f 2410//2410 2313//2313 2411//2411
f 2313//2313 2314//2314 2411//2411
f 2411//2411 2314//2314 2412//2412
f 2314//2314 2315//2315 2412//2412
f 2412//2412 2315//2315 2413//2413
f 2315//2315 2316//2316 2413//2413
f 2413//2413 2316//2316 2414//2414
f 2316//2316 2317//2317 2414//2414
f 2414//2414 2317//2317 2415//2415
f 2317//2317 2318//2318 2415//2415
f 2415//2415 2318//2318 2416//2416
f 2318//2318 2319//2319 2416//2416
f 2416//2416 2319//2319 2417//2417
f 2319//2319 2320//2320 2417//2417
f 2417//2417 2320//2320 2418//2418
f 2320//2320 2321//2321 2418//2418
f 2418//2418 2321//2321 2419//2419
f 2321//2321 2322//2322 2419//2419
f 2419//2419 2322//2322 2420//2420
f 2322//2322 2323//2323 2420//2420
f 2420//2420 2323//2323 2421//2421
f 2323//2323 2324//2324 2421//2421
f 2421//2421 2324//2324 2422//2422
f 2324//2324 2325//2325 2422//2422
f 2422//2422 2325//2325 2423//2423
f 2325//2325 2326//2326 2423//2423
f 2423//2423 2326//2326 2424//2424
f 2326//2326 2327//2327 2424//2424
f 2424//2424 2327//2327 2425//2425
f 2327//2327 2328//2328 2425//2425
f 2425//2425 2328//2328 2426//2426
f 2328//2328 2329//2329 2426//2426
f 2426//2426 2329//2329 2427//2427
f 2329//2329 2330//2330 2427//2427
f 2427//2427 2330//2330 2428//2428
f 2330//2330 2331//2331 2428//2428
f 2428//2428 2331//2331 2429//2429
f 2331//2331 2332//2332 2429//2429
f 2429//2429 2332//2332 2430//2430
f 2332//2332 2333//2333 2430//2430
f 2430//2430 2333//2333 2431//2431
f 2333//2333 2334//2334 2431//2431
f 2431//2431 2334//2334 2432//2432
f 2334//2334 2335//2335 2432//2432
f 2432//2432 2335//2335 2433//2433
f 2335//2335 2336//2336 2433//2433
f 2433//2433 2336//2336 2434//2434
f 2336//2336 2337//2337 2434//2434
f 2434//2434 2337//2337 2435//2435
f 2337//2337 2338//2338 2435//2435
f 2435//2435 2338//2338 2436//2436
f 2338//2338 2339//2339 2436//2436
f 2436//2436 2339//2339 2437//2437
f 2339//2339 2340//2340 2437//2437
f 2437//2437 2340//2340 2438//2438
f 2340//2340 2341//2341 2438//2438
f 2438//2438 2341//2341 2439//2439
f 2341//2341 2342//2342 2439//2439
f 2439//2439 2342//2342 2440//2440
f 2342//2342 2343//2343 2440//2440
f 2440//2440 2343//2343 2441//2441
f 2343//2343 2344//2344 2441//2441
f 2441//2441 2344//2344 2442//2442
f 2344//2344 2345//2345 2442//2442
f 2442//2442 2345//2345 2443//2443
f 2345//2345 2346//2346 2443//2443
f 2443//2443 2346//2346 2444//2444
f 2346//2346 2347//2347 2444//2444
f 2444//2444 2347//2347 2445//2445
f 2347//2347 2348//2348 2445//2445
f 2445//2445 2348//2348 2446//2446
f 2348//2348 2349//2349 2446//2446
f 2446//2446 2349//2349 2447//2447
f 2349//2349 2350//2350 2447//2447
f 2447//2447 2350//2350 2448//2448
f 2350//2350 2351//2351 2448//2448
f 2448//2448 2351//2351 2449//2449
f 2351//2351 2352//2352 2449//2449
f 2449//2449 2352//2352 2450//2450
f 2352//2352 2353//2353 2450//2450
f 2450//2450 2353//2353 2451//2451
f 2353//2353 2354//2354 2451//2451
f 2451//2451 2354//2354 2452//2452
f 2354//2354 2355//2355 2452//2452
f 2453//2453 2356//2356 2454//2454
f 2356//2356 2357//2357 2454//2454
f 2454//2454 2357//2357 2455//2455
f 2357//2357 2358//2358 2455//2455
f 2455//2455 2358//2358 2456//2456
f 2358//2358 2359//2359 2456//2456
f 2456//2456 2359//2359 2457//2457
f 2359//2359 2360//2360 2457//2457
f 2457//2457 2360//2360 2458//2458
f 2360//2360 2361//2361 2458//2458
f 2458//2458 2361//2361 2459//2459
f 2361//2361 2362//2362 2459//2459
f 2459//2459 2362//2362 2460//2460
f 2362//2362 2363//2363 2460//2460
f 2460//2460 2363//2363 2461//2461
f 2363//2363 2364//2364 2461//2461
f 2461//2461 2364//2364 2462//2462
f 2364//2364 2365//2365 2462//2462
f 2462//2462 2365//2365 2463//2463
f 2365//2365 2366//2366 2463//2463
f 2463//2463 2366//2366 2464//2464
f 2366//2366 2367//2367 2464//2464
f 2464//2464 2367//2367 2465//2465
f 2367//2367 2368//2368 2465//2465
f 2465//2465 2368//2368 2466//2466
f 2368//2368 2369//2369 2466//2466
f 2466//2466 2369//2369 2467//2467
f 2369//2369 2370//2370 2467//2467
f 2467//2467 2370//2370 2468//2468
f 2370//2370 2371//2371 2468//2468
f 2468//2468 2371//2371 2469//2469
f 2371//2371 2372//2372 2469//2469
f 2469//2469 2372//2372 2470//2470
f 2372//2372 2373//2373 2470//2470
f 2470//2470 2373//2373 2471//2471
f 2373//2373 2374//2374 2471//2471
f 2471//2471 2374//2374 2472//2472
f 2374//2374 2375//2375 2472//2472
f 2472//2472 2375//2375 2473//2473
f 2375//2375 2376//2376 2473//2473
f 2473//2473 2376//2376 2474//2474
f 2376//2376 2377//2377 2474//2474
f 2474//2474 2377//2377 2475//2475
f 2377//2377 2378//2378 2475//2475
f 2475//2475 2378//2378 2476//2476
f 2378//2378 2379//2379 2476//2476
f 2476//2476 2379//2379 2477//2477
f 2379//2379 2380//2380 2477//2477
f 2477//2477 2380//2380 2478//2478
f 2380//2380 2381//2381 2478//2478
f 2478//2478 2381//2381 2479//2479
f 2381//2381 2382//2382 2479//2479
f 2479//2479 2382//2382 2480//2480
f 2382//2382 2383//2383 2480//2480
f 2480//2480 2383//2383 2481//2481
f 2383//2383 2384//2384 2481//2481
f 2481//2481 2384//2384 2482//2482
f 2384//2384 2385//2385 2482//2482
f 2482//2482 2385//2385 2483//2483
f 2385//2385 2386//2386 2483//2483
f 2483//2483 2386//2386 2484//2484
f 2386//2386 2387//2387 2484//2484
f 2484//2484 2387//2387 2485//2485
f 2387//2387 2388//2388 2485//2485
f 2485//2485 2388//2388 2486//2486
f 2388//2388 2389//2389 2486//2486
f 2486//2486 2389//2389 2487//2487
f 2389//2389 2390//2390 2487//2487
f 2487//2487 2390//2390 2488//2488
f 2390//2390 2391//2391 2488//2488
f 2488//2488 2391//2391 2489//2489
f 2391//2391 2392//2392 2489//2489
f 2489//2489 2392//2392 2490//2490
f 2392//2392 2393//2393 2490//2490
f 2490//2490 2393//2393 2491//2491
f 2393//2393 2394//2394 2491//2491
f 2491//2491 2394//2394 2492//2492
f 2394//2394 2395//2395 2492//2492
f 2492//2492 2395//2395 2493//2493
f 2395//2395 2396//2396 2493//2493
f 2493//2493 2396//2396 2494//2494
f 2396//2396 2397//2397 2494//2494
f 2494//2494 2397//2397 2495//2495
f 2397//2397 2398//2398 2495//2495
f 2495//2495 2398//2398 2496//2496
f 2398//2398 2399//2399 2496//2496
f 2496//2496 2399//2399 2497//2497
f 2399//2399 2400//2400 2497//2497
f 2497//2497 2400//2400 2498//2498
f 2400//2400 2401//2401 2498//2498
f 2498//2498 2401//2401 2499//2499
f 2401//2401 2402//2402 2499//2499
f 2499//2499 2402//2402 2500//2500
f 2402//2402 2403//2403 2500//2500
f 2500//2500 2403//2403 2501//2501
f 2403//2403 2404//2404 2501//2501
f 2501//2501 2404//2404 2502//2502
f 2404//2404 2405//2405 2502//2502
f 2502//2502 2405//2405 2503//2503
f 2405//2405 2406//2406 2503//2503
f 2503//2503 2406//2406 2504//2504
f 2406//2406 2407//2407 2504//2504
f 2504//2504 2407//2407 2505//2505
f 2407//2407 2408//2408 2505//2505
f 2505//2505 2408//2408 2506//2506
f 2408//2408 2409//2409 2506//2506
f 2506//2506 2409//2409 2507//2507
f 2409//2409 2410//2410 2507//2507
f 2507//2507 2410//2410 2508//2508
f 2410//2410 2411//2411 2508//2508
f 2508//2508 2411//2411 2509//2509
f 2411//2411 2412//2412 2509//2509
f 2509//2509 2412//2412 2510//2510
f 2412//2412 2413//2413 2510//2510
f 2510//2510 2413//2413 2511//2511
f 2413//2413 2414//2414 2511//2511
f 2511//2511 2414//2414 2512//2512
f 2414//2414 2415//2415 2512//2512
f 2512//2512 2415//2415 2513//2513
f 2415//2415 2416//2416 2513//2513
f 2513//2513 2416//2416 2514//2514
f 2416//2416 2417//2417 2514//2514
f 2514//2514 2417//2417 2515//2515
f 2417//2417 2418//2418 2515//2515
f 2515//2515 2418//2418 2516//2516
f 2418//2418 2419//2419 2516//2516
f 2516//2516 2419//2419 2517//2517
f 2419//2419 2420//2420 2517//2517
f 2517//2517 2420//2420 2518//2518
f 2420//2420 2421//2421 2518//2518
f 2518//2518 2421//2421 2519//2519
f 2421//2421 2422//2422 2519//2519
f 2519//2519 2422//2422 2520//2520
f 2422//2422 2423//2423 2520//2520
f 2520//2520 2423//2423 2521//2521
f 2423//2423 2424//2424 2521//2521
f 2521//2521 2424//2424 2522//2522
f 2424//2424 2425//2425 2522//2522
f 2522//2522 2425//2425 2523//2523
f 2425//2425 2426//2426 2523//2523
f 2523//2523 2426//2426 2524//2524
f 2426//2426 2427//2427 2524//2524
f 2524//2524 2427//2427 2525//2525
f 2427//2427 2428//2428 2525//2525
f 2525//2525 2428//2428 2526//2526
f 2428//2428 2429//2429 2526//2526
f 2526//2526 2429//2429 2527//2527
f 2429//2429 2430//2430 2527//2527
f 2527//2527 2430//2430 2528//2528
f 2430//2430 2431//2431 2528//2528
f 2528//2528 2431//2431 2529//2529
f 2431//2431 2432//2432 2529//2529
f 2529//2529 2432//2432 2530//2530
f 2432//2432 2433//2433 2530//2530
f 2530//2530 2433//2433 2531//2531
f 2433//2433 2434//2434 2531//2531
f 2531//2531 2434//2434 2532//2532
f 2434//2434 2435//2435 2532//2532
f 2532//2532 2435//2435 2533//2533
f 2435//2435 2436//2436 2533//2533
f 2533//2533 2436//2436 2534//2534
f 2436//2436 2437//2437 2534//2534
f 2534//2534 2437//2437 2535//2535
f 2437//2437 2438//2438 2535//2535
f 2535//2535 2438//2438 2536//2536
f 2438//2438 2439//2439 2536//2536
f 2536//2536 2439//2439 2537//2537
f 2439//2439 2440//2440 2537//2537
f 2537//2537 2440//2440 2538//2538
f 2440//2440 2441//2441 2538//2538
f 2538//2538 2441//2441 2539//2539
f 2441//2441 2442//2442 2539//2539
f 2539//2539 2442//2442 2540//2540
f 2442//2442 2443//2443 2540//2540
f 2540//2540 2443//2443 2541//2541
f 2443//2443 2444//2444 2541//2541
f 2541//2541 2444//2444 2542//2542
f 2444//2444 2445//2445 2542//2542
f 2542//2542 2445//2445 2543//2543
f 2445//2445 2446//2446 2543//2543
f 2543//2543 2446//2446 2544//2544
f 2446//2446 2447//2447 2544//2544
f 2544//2544 2447//2447 2545//2545
f 2447//2447 2448//2448 2545//2545
f 2545//2545 2448//2448 2546//2546
f 2448//2448 2449//2449 2546//2546
f 2546//2546 2449//2449 2547//2547
f 2449//2449 2450//2450 2547//2547
f 2547//2547 2450//2450 2548//2548
f 2450//2450 2451//2451 2548//2548
f 2548//2548 2451//2451 2549//2549
f 2451//2451 2452//2452 2549//2549
f 2550//2550 2453//2453 2551//2551
f 2453//2453 2454//2454 2551//2551
f 2551//2551 2454//2454 2552//2552
f 2454//2454 2455//2455 2552//2552
f 2552//2552 2455//2455 2553//2553
f 2455//2455 2456//2456 2553//2553
f 2553//2553 2456//2456 2554//2554
f 2456//2456 2457//2457 2554//2554
f 2554//2554 2457//2457 2555//2555
f 2457//2457 2458//2458 2555//2555
f 2555//2555 2458//2458 2556//2556
f 2458//2458 2459//2459 2556//2556
f 2556//2556 2459//2459 2557//2557
f 2459//2459 2460//2460 2557//2557
f 2557//2557 2460//2460 2558//2558
f 2460//2460 2461//2461 2558//2558
f 2558//2558 2461//2461 2559//2559
f 2461//2461 2462//2462 2559//2559
f 2559//2559 2462//2462 2560//2560
f 2462//2462 2463//2463 2560//2560
f 2560//2560 2463//2463 2561//2561
f 2463//2463 2464//2464 2561//2561
f 2561//2561 2464//2464 2562//2562
f 2464//2464 2465//2465 2562//2562
f 2562//2562 2465//2465 2563//2563
f 2465//2465 2466//2466 2563//2563
f 2563//2563 2466//2466 2564//2564
f 2466//2466 2467//2467 2564//2564
f 2564//2564 2467//2467 2565//2565
f 2467//2467 2468//2468 2565//2565
f 2565//2565 2468//2468 2566//2566
f 2468//2468 2469//2469 2566//2566
f 2566//2566 2469//2469 2567//2567
f 2469//2469 2470//2470 2567//2567
f 2567//2567 2470//2470 2568//2568
f 2470//2470 2471//2471 2568//2568
f 2568//2568 2471//2471 2569//2569
f 2471//2471 2472//2472 2569//2569
f 2569//2569 2472//2472 2570//2570
f 2472//2472 2473//2473 2570//2570
f 2570//2570 2473//2473 2571//2571
f 2473//2473 2474//2474 2571//2571
f 2571//2571 2474//2474 2572//2572
f 2474//2474 2475//2475 2572//2572
f 2572//2572 2475//2475 2573//2573
f 2475//2475 2476//2476 2573//2573
f 2573//2573 2476//2476 2574//2574
f 2476//2476 2477//2477 2574//2574
f 2574//2574 2477//2477 2575//2575
f 2477//2477 2478//2478 2575//2575
f 2575//2575 2478//2478 2576//2576
f 2478//2478 2479//2479 2576//2576
f 2576//2576 2479//2479 2577//2577
f 2479//2479 2480//2480 2577//2577
f 2577//2577 2480//2480 2578//2578
f 2480//2480 2481//2481 2578//2578
f 2578//2578 2481//2481 2579//2579
f 2481//2481 2482//2482 2579//2579
f 2579//2579 2482//2482 2580//2580
f 2482//2482 2483//2483 2580//2580
f 2580//2580 2483//2483 2581//2581
f 2483//2483 2484//2484 2581//2581
f 2581//2581 2484//2484 2582//2582
f 2484//2484 2485//2485 2582//2582
f 2582//2582 2485//2485 2583//2583
f 2485//2485 2486//2486 2583//2583
f 2583//2583 2486//2486 2584//2584
f 2486//2486 2487//2487 2584//2584
f 2584//2584 2487//2487 2585//2585
f 2487//2487 2488//2488 2585//2585
f 2585//2585 2488//2488 2586//2586
f 2488//2488 2489//2489 2586//2586
f 2586//2586 2489//2489 2587//2587
f 2489//2489 2490//2490 2587//2587
f 2587//2587 2490//2490 2588//2588
f 2490//2490 2491//2491 2588//2588
f 2588//2588 2491//2491 2589//2589
f 2491//2491 2492//2492 2589//2589
f 2589//2589 2492//2492 2590//2590
f 2492//2492 2493//2493 2590//2590
f 2590//2590 2493//2493 2591//2591
f 2493//2493 2494//2494 2591//2591
f 2591//2591 2494//2494 2592//2592
f 2494//2494 2495//2495 2592//2592
f 2592//2592 2495//2495 2593//2593
f 2495//2495 2496//2496 2593//2593
f 2593//2593 2496//2496 2594//2594
f 2496//2496 2497//2497 2594//2594
f 2594//2594 2497//2497 2595//2595
f 2497//2497 2498//2498 2595//2595
f 2595//2595 2498//2498 2596//2596
f 2498//2498 2499//2499 2596//2596
f 2596//2596 2499//2499 2597//2597
f 2499//2499 2500//2500 2597//2597
f 2597//2597 2500//2500 2598//2598
f 2500//2500 2501//2501 2598//2598
f 2598//2598 2501//2501 2599//2599
f 2501//2501 2502//2502 2599//2599
f 2599//2599 2502//2502 2600//2600
f 2502//2502 2503//2503 2600//2600
f 2600//2600 2503//2503 2601//2601
f 2503//2503 2504//2504 2601//2601
f 2601//2601 2504//2504 2602//2602
f 2504//2504 2505//2505 2602//2602
f 2602//2602 2505//2505 2603//2603
f 2505//2505 2506//2506 2603//2603
f 2603//2603 2506//2506 2604//2604
f 2506//2506 2507//2507 2604//2604
f 2604//2604 2507//2507 2605//2605
f 2507//2507 2508//2508 2605//2605
f 2605//2605 2508//2508 2606//2606
f 2508//2508 2509//2509 2606//2606
f 2606//2606 2509//2509 2607//2607
f 2509//2509 2510//2510 2607//2607
f 2607//2607 2510//2510 2608//2608
f 2510//2510 2511//2511 2608//2608
f 2608//2608 2511//2511 2609//2609
f 2511//2511 2512//2512 2609//2609
f 2609//2609 2512//2512 2610//2610
f 2512//2512 2513//2513 2610//2610
f 2610//2610 2513//2513 2611//2611
f 2513//2513 2514//2514 2611//2611
f 2611//2611 2514//2514 2612//2612
f 2514//2514 2515//2515 2612//2612
f 2612//2612 2515//2515 2613//2613
f 2515//2515 2516//2516 2613//2613
f 2613//2613 2516//2516 2614//2614
f 2516//2516 2517//2517 2614//2614
f 2614//2614 2517//2517 2615//2615
f 2517//2517 2518//2518 2615//2615
f 2615//2615 2518//2518 2616//2616
f 2518//2518 2519//2519 2616//2616
f 2616//2616 2519//2519 2617//2617
f 2519//2519 2520//2520 2617//2617
f 2617//2617 2520//2520 2618//2618
f 2520//2520 2521//2521 2618//2618
f 2618//2618 2521//2521 2619//2619
f 2521//2521 2522//2522 2619//2619
f 2619//2619 2522//2522 2620//2620
f 2522//2522 2523//2523 2620//2620
f 2620//2620 2523//2523 2621//2621
f 2523//2523 2524//2524 2621//2621
f 2621//2621 2524//2524 2622//2622
f 2524//2524 2525//2525 2622//2622
f 2622//2622 2525//2525 2623//2623
f 2525//2525 2526//2526 2623//2623
f 2623//2623 2526//2526 2624//2624
f 2526//2526 2527//2527 2624//2624
f 2624//2624 2527//2527 2625//2625
f 2527//2527 2528//2528 2625//2625
f 2625//2625 2528//2528 2626//2626
f 2528//2528 2529//2529 2626//2626
f 2626//2626 2529//2529 2627//2627
f 2529//2529 2530//2530 2627//2627
f 2627//2627 2530//2530 2628//2628
f 2530//2530 2531//2531 2628//2628
f 2628//2628 2531//2531 2629//2629
f 2531//2531 2532//2532 2629//2629
f 2629//2629 2532//2532 2630//2630
f 2532//2532 2533//2533 2630//2630
f 2630//2630 2533//2533 2631//2631
f 2533//2533 2534//2534 2631//2631
f 2631//2631 2534//2534 2632//2632
f 2534//2534 2535//2535 2632//2632
f 2632//2632 2535//2535 2633//2633
f 2535//2535 2536//2536 2633//2633
f 2633//2633 2536//2536 2634//2634
f 2536//2536 2537//2537 2634//2634
f 2634//2634 2537//2537 2635//2635
f 2537//2537 2538//2538 2635//2635
f 2635//2635 2538//2538 2636//2636
f 2538//2538 2539//2539 2636//2636
f 2636//2636 2539//2539 2637//2637
f 2539//2539 2540//2540 2637//2637
f 2637//2637 2540//2540 2638//2638
f 2540//2540 2541//2541 2638//2638
f 2638//2638 2541//2541 2639//2639
f 2541//2541 2542//2542 2639//2639
f 2639//2639 2542//2542 2640//2640
f 2542//2542 2543//2543 2640//2640
f 2640//2640 2543//2543 2641//2641
f 2543//2543 2544//2544 2641//2641
f 2641//2641 2544//2544 2642//2642
f 2544//2544 2545//2545 2642//2642
f 2642//2642 2545//2545 2643//2643
f 2545//2545 2546//2546 2643//2643
f 2643//2643 2546//2546 2644//2644
f 2546//2546 2547//2547 2644//2644
f 2644//2644 2547//2547 2645//2645
f 2547//2547 2548//2548 2645//2645
f 2645//2645 2548//2548 2646//2646
f 2548//2548 2549//2549 2646//2646
f 2647//2647 2550//2550 2648//2648
f 2550//2550 2551//2551 2648//2648
f 2648//2648 2551//2551 2649//2649
f 2551//2551 2552//2552 2649//2649
f 2649//2649 2552//2552 2650//2650
f 2552//2552 2553//2553 2650//2650
f 2650//2650 2553//2553 2651//2651
f 2553//2553 2554//2554 2651//2651
f 2651//2651 2554//2554 2652//2652
f 2554//2554 2555//2555 2652//2652
f 2652//2652 2555//2555 2653//2653
f 2555//2555 2556//2556 2653//2653
f 2653//2653 2556//2556 2654//2654
f 2556//2556 2557//2557 2654//2654
f 2654//2654 2557//2557 2655//2655
f 2557//2557 2558//2558 2655//2655
f 2655//2655 2558//2558 2656//2656
f 2558//2558 2559//2559 2656//2656
f 2656//2656 2559//2559 2657//2657
f 2559//2559 2560//2560 2657//2657
f 2657//2657 2560//2560 2658//2658
f 2560//2560 2561//2561 2658//2658
f 2658//2658 2561//2561 2659//2659
f 2561//2561 2562//2562 2659//2659
f 2659//2659 2562//2562 2660//2660
f 2562//2562 2563//2563 2660//2660
f 2660//2660 2563//2563 2661//2661
f 2563//2563 2564//2564 2661//2661
f 2661//2661 2564//2564 2662//2662
f 2564//2564 2565//2565 2662//2662
f 2662//2662 2565//2565 2663//2663
f 2565//2565 2566//2566 2663//2663
f 2663//2663 2566//2566 2664//2664
f 2566//2566 2567//2567 2664//2664
f 2664//2664 2567//2567 2665//2665
f 2567//2567 2568//2568 2665//2665
f 2665//2665 2568//2568 2666//2666
f 2568//2568 2569//2569 2666//2666
f 2666//2666 2569//2569 2667//2667
f 2569//2569 2570//2570 2667//2667
f 2667//2667 2570//2570 2668//2668
f 2570//2570 2571//2571 2668//2668
f 2668//2668 2571//2571 2669//2669
f 2571//2571 2572//2572 2669//2669
f 2669//2669 2572//2572 2670//2670
f 2572//2572 2573//2573 2670//2670
f 2670//2670 2573//2573 2671//2671
f 2573//2573 2574//2574 2671//2671
f 2671//2671 2574//2574 2672//2672
f 2574//2574 2575//2575 2672//2672
f 2672//2672 2575//2575 2673//2673
f 2575//2575 2576//2576 2673//2673
f 2673//2673 2576//2576 2674//2674
f 2576//2576 2577//2577 2674//2674
f 2674//2674 2577//2577 2675//2675
f 2577//2577 2578//2578 2675//2675
f 2675//2675 2578//2578 2676//2676
f 2578//2578 2579//2579 2676//2676
f 2676//2676 2579//2579 2677//2677
f 2579//2579 2580//2580 2677//2677
f 2677//2677 2580//2580 2678//2678
f 2580//2580 2581//2581 2678//2678
f 2678//2678 2581//2581 2679//2679
f 2581//2581 2582//2582 2679//2679
f 2679//2679 2582//2582 2680//2680
f 2582//2582 2583//2583 2680//2680
f 2680//2680 2583//2583 2681//2681
f 2583//2583 2584//2584 2681//2681
f 2681//2681 2584//2584 2682//2682
f 2584//2584 2585//2585 2682//2682
f 2682//2682 2585//2585 2683//2683
f 2585//2585 2586//2586 2683//2683
f 2683//2683 2586//2586 2684//2684
f 2586//2586 2587//2587 2684//2684
f 2684//2684 2587//2587 2685//2685
f 2587//2587 2588//2588 2685//2685
f 2685//2685 2588//2588 2686//2686
f 2588//2588 2589//2589 2686//2686
f 2686//2686 2589//2589 2687//2687
f 2589//2589 2590//2590 2687//2687
f 2687//2687 2590//2590 2688//2688
f 2590//2590 2591//2591 2688//2688
f 2688//2688 2591//2591 2689//2689
f 2591//2591 2592//2592 2689//2689
f 2689//2689 2592//2592 2690//2690
f 2592//2592 2593//2593 2690//2690
f 2690//2690 2593//2593 2691//2691
f 2593//2593 2594//2594 2691//2691
f 2691//2691 2594//2594 2692//2692
f 2594//2594 2595//2595 2692//2692
f 2692//2692 2595//2595 2693//2693
f 2595//2595 2596//2596 2693//2693
f 2693//2693 2596//2596 2694//2694
f 2596//2596 2597//2597 2694//2694
f 2694//2694 2597//2597 2695//2695
f 2597//2597 2598//2598 2695//2695
f 2695//2695 2598//2598 2696//2696
f 2598//2598 2599//2599 2696//2696
f 2696//2696 2599//2599 2697//2697
f 2599//2599 2600//2600 2697//2697
f 2697//2697 2600//2600 2698//2698
f 2600//2600 2601//2601 2698//2698
f 2698//2698 2601//2601 2699//2699
f 2601//2601 2602//2602 2699//2699
f 2699//2699 2602//2602 2700//2700
f 2602//2602 2603//2603 2700//2700
f 2700//2700 2603//2603 2701//2701
f 2603//2603 2604//2604 2701//2701
f 2701//2701 2604//2604 2702//2702
f 2604//2604 2605//2605 2702//2702
f 2702//2702 2605//2605 2703//2703
f 2605//2605 2606//2606 2703//2703
f 2703//2703 2606//2606 2704//2704
f 2606//2606 2607//2607 2704//2704
f 2704//2704 2607//2607 2705//2705
f 2607//2607 2608//2608 2705//2705
f 2705//2705 2608//2608 2706//2706
f 2608//2608 2609//2609 2706//2706
f 2706//2706 2609//2609 2707//2707
f 2609//2609 2610//2610 2707//2707
f 2707//2707 2610//2610 2708//2708
f 2610//2610 2611//2611 2708//2708
f 2708//2708 2611//2611 2709//2709
f 2611//2611 2612//2612 2709//2709
f 2709//2709 2612//2612 2710//2710
f 2612//2612 2613//2613 2710//2710
f 2710//2710 2613//2613 2711//2711
f 2613//2613 2614//2614 2711//2711
f 2711//2711 2614//2614 2712//2712
f 2614//2614 2615//2615 2712//2712
f 2712//2712 2615//2615 2713//2713
f 2615//2615 2616//2616 2713//2713
f 2713//2713 2616//2616 2714//2714
f 2616//2616 2617//2617 2714//2714
f 2714//2714 2617//2617 2715//2715
f 2617//2617 2618//2618 2715//2715
f 2715//2715 2618//2618 2716//2716
f 2618//2618 2619//2619 2716//2716
f 2716//2716 2619//2619 2717//2717
f 2619//2619 2620//2620 2717//2717
f 2717//2717 2620//2620 2718//2718
f 2620//2620 2621//2621 2718//2718
f 2718//2718 2621//2621 2719//2719
f 2621//2621 2622//2622 2719//2719
f 2719//2719 2622//2622 2720//2720
f 2622//2622 2623//2623 2720//2720
f 2720//2720 2623//2623 2721//2721
f 2623//2623 2624//2624 2721//2721
f 2721//2721 2624//2624 2722//2722
f 2624//2624 2625//2625 2722//2722
f 2722//2722 2625//2625 2723//2723
f 2625//2625 2626//2626 2723//2723
f 2723//2723 2626//2626 2724//2724
f 2626//2626 2627//2627 2724//2724
f 2724//2724 2627//2627 2725//2725
f 2627//2627 2628//2628 2725//2725
f 2725//2725 2628//2628 2726//2726
f 2628//2628 2629//2629 2726//2726
f 2726//2726 2629//2629 2727//2727
f 2629//2629 2630//2630 2727//2727
f 2727//2727 2630//2630 2728//2728
f 2630//2630 2631//2631 2728//2728
f 2728//2728 2631//2631 2729//2729
f 2631//2631 2632//2632 2729//2729
f 2729//2729 2632//2632 2730//2730
f 2632//2632 2633//2633 2730//2730
f 2730//2730 2633//2633 2731//2731
f 2633//2633 2634//2634 2731//2731
f 2731//2731 2634//2634 2732//2732
f 2634//2634 2635//2635 2732//2732
f 2732//2732 2635//2635 2733//2733
f 2635//2635 2636//2636 2733//2733
f 2733//2733 2636//2636 2734//2734
f 2636//2636 2637//2637 2734//2734
f 2734//2734 2637//2637 2735//2735
f 2637//2637 2638//2638 2735//2735
f 2735//2735 2638//2638 2736//2736
f 2638//2638 2639//2639 2736//2736
f 2736//2736 2639//2639 2737//2737
f 2639//2639 2640//2640 2737//2737
f 2737//2737 2640//2640 2738//2738
f 2640//2640 2641//2641 2738//2738
f 2738//2738 2641//2641 2739//2739
f 2641//2641 2642//2642 2739//2739
f 2739//2739 2642//2642 2740//2740
f 2642//2642 2643//2643 2740//2740
f 2740//2740 2643//2643 2741//2741
f 2643//2643 2644//2644 2741//2741
f 2741//2741 2644//2644 2742//2742
f 2644//2644 2645//2645 2742//2742
f 2742//2742 2645//2645 2743//2743
f 2645//2645 2646//2646 2743//2743
f 2744//2744 2647//2647 2745//2745
f 2647//2647 2648//2648 2745//2745
f 2745//2745 2648//2648 2746//2746
f 2648//2648 2649//2649 2746//2746
f 2746//2746 2649//2649 2747//2747
f 2649//2649 2650//2650 2747//2747
f 2747//2747 2650//2650 2748//2748
f 2650//2650 2651//2651 2748//2748
f 2748//2748 2651//2651 2749//2749
f 2651//2651 2652//2652 2749//2749
f 2749//2749 2652//2652 2750//2750
f 2652//2652 2653//2653 2750//2750
f 2750//2750 2653//2653 2751//2751
f 2653//2653 2654//2654 2751//2751
f 2751//2751 2654//2654 2752//2752
f 2654//2654 2655//2655 2752//2752
f 2752//2752 2655//2655 2753//2753
f 2655//2655 2656//2656 2753//2753
f 2753//2753 2656//2656 2754//2754
f 2656//2656 2657//2657 2754//2754
f 2754//2754 2657//2657 2755//2755
f 2657//2657 2658//2658 2755//2755
f 2755//2755 2658//2658 2756//2756
f 2658//2658 2659//2659 2756//2756
f 2756//2756 2659//2659 2757//2757
f 2659//2659 2660//2660 2757//2757
f 2757//2757 2660//2660 2758//2758
f 2660//2660 2661//2661 2758//2758
f 2758//2758 2661//2661 2759//2759
f 2661//2661 2662//2662 2759//2759
f 2759//2759 2662//2662 2760//2760
f 2662//2662 2663//2663 2760//2760
f 2760//2760 2663//2663 2761//2761
f 2663//2663 2664//2664 2761//2761
f 2761//2761 2664//2664 2762//2762
f 2664//2664 2665//2665 2762//2762
f 2762//2762 2665//2665 2763//2763
f 2665//2665 2666//2666 2763//2763
f 2763//2763 2666//2666 2764//2764
f 2666//2666 2667//2667 2764//2764
f 2764//2764 2667//2667 2765//2765
f 2667//2667 2668//2668 2765//2765
f 2765//2765 2668//2668 2766//2766
f 2668//2668 2669//2669 2766//2766
f 2766//2766 2669//2669 2767//2767
f 2669//2669 2670//2670 2767//2767
f 2767//2767 2670//2670 2768//2768
f 2670//2670 2671//2671 2768//2768
f 2768//2768 2671//2671 2769//2769
f 2671//2671 2672//2672 2769//2769
f 2769//2769 2672//2672 2770//2770
f 2672//2672 2673//2673 2770//2770
f 2770//2770 2673//2673 2771//2771
f 2673//2673 2674//2674 2771//2771
f 2771//2771 2674//2674 2772//2772
f 2674//2674 2675//2675 2772//2772
f 2772//2772 2675//2675 2773//2773
f 2675//2675 2676//2676 2773//2773
f 2773//2773 2676//2676 2774//2774
f 2676//2676 2677//2677 2774//2774
f 2774//2774 2677//2677 2775//2775
f 2677//2677 2678//2678 2775//2775
f 2775//2775 2678//2678 2776//2776
f 2678//2678 2679//2679 2776//2776
f 2776//2776 2679//2679 2777//2777
f 2679//2679 2680//2680 2777//2777
f 2777//2777 2680//2680 2778//2778
f 2680//2680 2681//2681 2778//2778
f 2778//2778 2681//2681 2779//2779
f 2681//2681 2682//2682 2779//2779
f 2779//2779 2682//2682 2780//2780
f 2682//2682 2683//2683 2780//2780
f 2780//2780 2683//2683 2781//2781
f 2683//2683 2684//2684 2781//2781
f 2781//2781 2684//2684 2782//2782
f 2684//2684 2685//2685 2782//2782
f 2782//2782 2685//2685 2783//2783
f 2685//2685 2686//2686 2783//2783
f 2783//2783 2686//2686 2784//2784
f 2686//2686 2687//2687 2784//2784
f 2784//2784 2687//2687 2785//2785
f 2687//2687 2688//2688 2785//2785
f 2785//2785 2688//2688 2786//2786
f 2688//2688 2689//2689 2786//2786
f 2786//2786 2689//2689 2787//2787
f 2689//2689 2690//2690 2787//2787
f 2787//2787 2690//2690 2788//2788
f 2690//2690 2691//2691 2788//2788
f 2788//2788 2691//2691 2789//2789
f 2691//2691 2692//2692 2789//2789
f 2789//2789 2692//2692 2790//2790
f 2692//2692 2693//2693 2790//2790
f 2790//2790 2693//2693 2791//2791
f 2693//2693 2694//2694 2791//2791
f 2791//2791 2694//2694 2792//2792
f 2694//2694 2695//2695 2792//2792
f 2792//2792 2695//2695 2793//2793
f 2695//2695 2696//2696 2793//2793
f 2793//2793 2696//2696 2794//2794
f 2696//2696 2697//2697 2794//2794
f 2794//2794 2697//2697 2795//2795
f 2697//2697 2698//2698 2795//2795
f 2795//2795 2698//2698 2796//2796
f 2698//2698 2699//2699 2796//2796
f 2796//2796 2699//2699 2797//2797
f 2699//2699 2700//2700 2797//2797
f 2797//2797 2700//2700 2798//2798
f 2700//2700 2701//2701 2798//2798
f 2798//2798 2701//2701 2799//2799
f 2701//2701 2702//2702 2799//2799
f 2799//2799 2702//2702 2800//2800
f 2702//2702 2703//2703 2800//2800
f 2800//2800 2703//2703 2801//2801
f 2703//2703 2704//2704 2801//2801
f 2801//2801 2704//2704 2802//2802
f 2704//2704 2705//2705 2802//2802
f 2802//2802 2705//2705 2803//2803
f 2705//2705 2706//2706 2803//2803
f 2803//2803 2706//2706 2804//2804
f 2706//2706 2707//2707 2804//2804
f 2804//2804 2707//2707 2805//2805
f 2707//2707 2708//2708 2805//2805
f 2805//2805 2708//2708 2806//2806
f 2708//2708 2709//2709 2806//2806
f 2806//2806 2709//2709 2807//2807
f 2709//2709 2710//2710 2807//2807
f 2807//2807 2710//2710 2808//2808
f 2710//2710 2711//2711 2808//2808
f 2808//2808 2711//2711 2809//2809
f 2711//2711 2712//2712 2809//2809
f 2809//2809 2712//2712 2810//2810
f 2712//2712 2713//2713 2810//2810
f 2810//2810 2713//2713 2811//2811
f 2713//2713 2714//2714 2811//2811
f 2811//2811 2714//2714 2812//2812
f 2714//2714 2715//2715 2812//2812
f 2812//2812 2715//2715 2813//2813
f 2715//2715 2716//2716 2813//2813
f 2813//2813 2716//2716 2814//2814
f 2716//2716 2717//2717 2814//2814
f 2814//2814 2717//2717 2815//2815
f 2717//2717 2718//2718 2815//2815
f 2815//2815 2718//2718 2816//2816
f 2718//2718 2719//2719 2816//2816
f 2816//2816 2719//2719 2817//2817
f 2719//2719 2720//2720 2817//2817
f 2817//2817 2720//2720 2818//2818
f 2720//2720 2721//2721 2818//2818
f 2818//2818 2721//2721 2819//2819
f 2721//2721 2722//2722 2819//2819
f 2819//2819 2722//2722 2820//2820
f 2722//2722 2723//2723 2820//2820
f 2820//2820 2723//2723 2821//2821
f 2723//2723 2724//2724 2821//2821
f 2821//2821 2724//2724 2822//2822
f 2724//2724 2725//2725 2822//2822
f 2822//2822 2725//2725 2823//2823
f 2725//2725 2726//2726 2823//2823
f 2823//2823 2726//2726 2824//2824
f 2726//2726 2727//2727 2824//2824
f 2824//2824 2727//2727 2825//2825
f 2727//2727 2728//2728 2825//2825
f 2825//2825 2728//2728 2826//2826
f 2728//2728 2729//2729 2826//2826
f 2826//2826 2729//2729 2827//2827
f 2729//2729 2730//2730 2827//2827
f 2827//2827 2730//2730 2828//2828
f 2730//2730 2731//2731 2828//2828
f 2828//2828 2731//2731 2829//2829
f 2731//2731 2732//2732 2829//2829
f 2829//2829 2732//2732 2830//2830
f 2732//2732 2733//2733 2830//2830
f 2830//2830 2733//2733 2831//2831
f 2733//2733 2734//2734 2831//2831
f 2831//2831 2734//2734 2832//2832
f 2734//2734 2735//2735 2832//2832
f 2832//2832 2735//2735 2833//2833
f 2735//2735 2736//2736 2833//2833
f 2833//2833 2736//2736 2834//2834
f 2736//2736 2737//2737 2834//2834
f 2834//2834 2737//2737 2835//2835
f 2737//2737 2738//2738 2835//2835
f 2835//2835 2738//2738 2836//2836
f 2738//2738 2739//2739 2836//2836
f 2836//2836 2739//2739 2837//2837
f 2739//2739 2740//2740 2837//2837
f 2837//2837 2740//2740 2838//2838
f 2740//2740 2741//2741 2838//2838
f 2838//2838 2741//2741 2839//2839
f 2741//2741 2742//2742 2839//2839
f 2839//2839 2742//2742 2840//2840
f 2742//2742 2743//2743 2840//2840
f 2841//2841 2744//2744 2842//2842
f 2744//2744 2745//2745 2842//2842
f 2842//2842 2745//2745 2843//2843
f 2745//2745 2746//2746 2843//2843
f 2843//2843 2746//2746 2844//2844
f 2746//2746 2747//2747 2844//2844
f 2844//2844 2747//2747 2845//2845
f 2747//2747 2748//2748 2845//2845
f 2845//2845 2748//2748 2846//2846
f 2748//2748 2749//2749 2846//2846
f 2846//2846 2749//2749 2847//2847
f 2749//2749 2750//2750 2847//2847
f 2847//2847 2750//2750 2848//2848
f 2750//2750 2751//2751 2848//2848
f 2848//2848 2751//2751 2849//2849
f 2751//2751 2752//2752 2849//2849
f 2849//2849 2752//2752 2850//2850
f 2752//2752 2753//2753 2850//2850
f 2850//2850 2753//2753 2851//2851
f 2753//2753 2754//2754 2851//2851
f 2851//2851 2754//2754 2852//2852
f 2754//2754 2755//2755 2852//2852
f 2852//2852 2755//2755 2853//2853
f 2755//2755 2756//2756 2853//2853
f 2853//2853 2756//2756 2854//2854
f 2756//2756 2757//2757 2854//2854
f 2854//2854 2757//2757 2855//2855
f 2757//2757 2758//2758 2855//2855
f 2855//2855 2758//2758 2856//2856
f 2758//2758 2759//2759 2856//2856
f 2856//2856 2759//2759 2857//2857
f 2759//2759 2760//2760 2857//2857
f 2857//2857 2760//2760 2858//2858
f 2760//2760 2761//2761 2858//2858
f 2858//2858 2761//2761 2859//2859
f 2761//2761 2762//2762 2859//2859
f 2859//2859 2762//2762 2860//2860
f 2762//2762 2763//2763 2860//2860
f 2860//2860 2763//2763 2861//2861
f 2763//2763 2764//2764 2861//2861
f 2861//2861 2764//2764 2862//2862
f 2764//2764 2765//2765 2862//2862
f 2862//2862 2765//2765 2863//2863
f 2765//2765 2766//2766 2863//2863
f 2863//2863 2766//2766 2864//2864
f 2766//2766 2767//2767 2864//2864
f 2864//2864 2767//2767 2865//2865
f 2767//2767 2768//2768 2865//2865
f 2865//2865 2768//2768 2866//2866
f 2768//2768 2769//2769 2866//2866
f 2866//2866 2769//2769 2867//2867
f 2769//2769 2770//2770 2867//2867
f 2867//2867 2770//2770 2868//2868
f 2770//2770 2771//2771 2868//2868
f 2868//2868 2771//2771 2869//2869
f 2771//2771 2772//2772 2869//2869
f 2869//2869 2772//2772 2870//2870
f 2772//2772 2773//2773 2870//2870
f 2870//2870 2773//2773 2871//2871
f 2773//2773 2774//2774 2871//2871
f 2871//2871 2774//2774 2872//2872
f 2774//2774 2775//2775 2872//2872
f 2872//2872 2775//2775 2873//2873
f 2775//2775 2776//2776 2873//2873
f 2873//2873 2776//2776 2874//2874
f 2776//2776 2777//2777 2874//2874
f 2874//2874 2777//2777 2875//2875
f 2777//2777 2778//2778 2875//2875
f 2875//2875 2778//2778 2876//2876
f 2778//2778 2779//2779 2876//2876
f 2876//2876 2779//2779 2877//2877
f 2779//2779 2780//2780 2877//2877
f 2877//2877 2780//2780 2878//2878
f 2780//2780 2781//2781 2878//2878
f 2878//2878 2781//2781 2879//2879
f 2781//2781 2782//2782 2879//2879
f 2879//2879 2782//2782 2880//2880
f 2782//2782 2783//2783 2880//2880
f 2880//2880 2783//2783 2881//2881
f 2783//2783 2784//2784 2881//2881
f 2881//2881 2784//2784 2882//2882
f 2784//2784 2785//2785 2882//2882
f 2882//2882 2785//2785 2883//2883
f 2785//2785 2786//2786 2883//2883
f 2883//2883 2786//2786 2884//2884
f 2786//2786 2787//2787 2884//2884
f 2884//2884 2787//2787 2885//2885
f 2787//2787 2788//2788 2885//2885
f 2885//2885 2788//2788 2886//2886
f 2788//2788 2789//2789 2886//2886
f 2886//2886 2789//2789 2887//2887
f 2789//2789 2790//2790 2887//2887
f 2887//2887 2790//2790 2888//2888
f 2790//2790 2791//2791 2888//2888
f 2888//2888 2791//2791 2889//2889
f 2791//2791 2792//2792 2889//2889
f 2889//2889 2792//2792 2890//2890
f 2792//2792 2793//2793 2890//2890
f 2890//2890 2793//2793 2891//2891
f 2793//2793 2794//2794 2891//2891
f 2891//2891 2794//2794 2892//2892
f 2794//2794 2795//2795 2892//2892
f 2892//2892 2795//2795 2893//2893
f 2795//2795 2796//2796 2893//2893
f 2893//2893 2796//2796 2894//2894
f 2796//2796 2797//2797 2894//2894
f 2894//2894 2797//2797 2895//2895
f 2797//2797 2798//2798 2895//2895
f 2895//2895 2798//2798 2896//2896
f 2798//2798 2799//2799 2896//2896
f 2896//2896 2799//2799 2897//2897
f 2799//2799 2800//2800 2897//2897
f 2897//2897 2800//2800 2898//2898
f 2800//2800 2801//2801 2898//2898
f 2898//2898 2801//2801 2899//2899
f 2801//2801 2802//2802 2899//2899
f 2899//2899 2802//2802 2900//2900
f 2802//2802 2803//2803 2900//2900
f 2900//2900 2803//2803 2901//2901
f 2803//2803 2804//2804 2901//2901
f 2901//2901 2804//2804 2902//2902
f 2804//2804 2805//2805 2902//2902
f 2902//2902 2805//2805 2903//2903
f 2805//2805 2806//2806 2903//2903
f 2903//2903 2806//2806 2904//2904
f 2806//2806 2807//2807 2904//2904
f 2904//2904 2807//2807 2905//2905
f 2807//2807 2808//2808 2905//2905
f 2905//2905 2808//2808 2906//2906
f 2808//2808 2809//2809 2906//2906
f 2906//2906 2809//2809 2907//2907
f 2809//2809 2810//2810 2907//2907
f 2907//2907 2810//2810 2908//2908
f 2810//2810 2811//2811 2908//2908
f 2908//2908 2811//2811 2909//2909
f 2811//2811 2812//2812 2909//2909
f 2909//2909 2812//2812 2910//2910
f 2812//2812 2813//2813 2910//2910
f 2910//2910 2813//2813 2911//2911
f 2813//2813 2814//2814 2911//2911
f 2911//2911 2814//2814 2912//2912
f 2814//2814 2815//2815 2912//2912
f 2912//2912 2815//2815 2913//2913
f 2815//2815 2816//2816 2913//2913
f 2913//2913 2816//2816 2914//2914
f 2816//2816 2817//2817 2914//2914
f 2914//2914 2817//2817 2915//2915
f 2817//2817 2818//2818 2915//2915
f 2915//2915 2818//2818 2916//2916
f 2818//2818 2819//2819 2916//2916
f 2916//2916 2819//2819 2917//2917
f 2819//2819 2820//2820 2917//2917
f 2917//2917 2820//2820 2918//2918
f 2820//2820 2821//2821 2918//2918
f 2918//2918 2821//2821 2919//2919
f 2821//2821 2822//2822 2919//2919
f 2919//2919 2822//2822 2920//2920
f 2822//2822 2823//2823 2920//2920
f 2920//2920 2823//2823 2921//2921
f 2823//2823 2824//2824 2921//2921
f 2921//2921 2824//2824 2922//2922
f 2824//2824 2825//2825 2922//2922
f 2922//2922 2825//2825 2923//2923
f 2825//2825 2826//2826 2923//2923
f 2923//2923 2826//2826 2924//2924
f 2826//2826 2827//2827 2924//2924
f 2924//2924 2827//2827 2925//2925
f 2827//2827 2828//2828 2925//2925
f 2925//2925 2828//2828 2926//2926
f 2828//2828 2829//2829 2926//2926
f 2926//2926 2829//2829 2927//2927
f 2829//2829 2830//2830 2927//2927
f 2927//2927 2830//2830 2928//2928
f 2830//2830 2831//2831 2928//2928
f 2928//2928 2831//2831 2929//2929
f 2831//2831 2832//2832 2929//2929
f 2929//2929 2832//2832 2930//2930
f 2832//2832 2833//2833 2930//2930
f 2930//2930 2833//2833 2931//2931
f 2833//2833 2834//2834 2931//2931
f 2931//2931 2834//2834 2932//2932
f 2834//2834 2835//2835 2932//2932
f 2932//2932 2835//2835 2933//2933
f 2835//2835 2836//2836 2933//2933
f 2933//2933 2836//2836 2934//2934
f 2836//2836 2837//2837 2934//2934
f 2934//2934 2837//2837 2935//2935
f 2837//2837 2838//2838 2935//2935
f 2935//2935 2838//2838 2936//2936
f 2838//2838 2839//2839 2936//2936
f 2936//2936 2839//2839 2937//2937
f 2839//2839 2840//2840 2937//2937
o connection_mount
v 0 0.8999999761581423 -3.200000005960465
v 0.17558129131793976 0.8827067613601687 -3.200000005960465
v 0.3444150984287262 0.8314915895462038 -3.200000005960465
v 0.5000132322311401 0.748322665691376 -3.200000005960465
v 0.6363961100578308 0.636396110057831 -3.200000005960465
v 0.7483226656913757 0.5000132322311404 -3.200000005960465
v 0.8314915895462036 0.34441509842872636 -3.200000005960465
v 0.8827067613601685 0.17558129131793995 -3.200000005960465
v 0.8999999761581421 2.5105259328615983e-16 -3.200000005960465
v 0.8827067613601685 -0.17558129131793956 -3.200000005960465
v 0.8314915895462036 -0.34441509842872603 -3.200000005960465
v 0.7483226656913757 -0.5000132322311399 -3.200000005960465
v 0.6363961100578308 -0.6363961100578306 -3.200000005960465
v 0.5000132322311401 -0.7483226656913755 -3.200000005960465
v 0.3444150984287262 -0.8314915895462034 -3.200000005960465
v 0.17558129131793976 -0.8827067613601682 -3.200000005960465
v 1.1021821011522021e-16 -0.8999999761581419 -3.200000005960465
v -0.17558129131793976 -0.8827067613601682 -3.200000005960465
v -0.3444150984287262 -0.8314915895462034 -3.200000005960465
v -0.5000132322311401 -0.7483226656913755 -3.200000005960465
v -0.6363961100578308 -0.6363961100578306 -3.200000005960465
v -0.7483226656913757 -0.5000132322311399 -3.200000005960465
v -0.8314915895462036 -0.34441509842872603 -3.200000005960465
v -0.8827067613601685 -0.17558129131793956 -3.200000005960465
v -0.8999999761581421 3.061616974699699e-17 -3.200000005960465
v -0.8827067613601685 0.17558129131793995 -3.200000005960465
v -0.8314915895462036 0.34441509842872636 -3.200000005960465
v -0.7483226656913757 0.5000132322311404 -3.200000005960465
v -0.6363961100578308 0.636396110057831 -3.200000005960465
v -0.5000132322311401 0.748322665691376 -3.200000005960465
v -0.3444150984287262 0.8314915895462038 -3.200000005960465
v -0.17558129131793976 0.8827067613601687 -3.200000005960465
v -2.2043642023044041e-16 0.8999999761581423 -3.200000005960465
v 0 0.8999999761581423 -2.3999999940395362
v 0.17558129131793976 0.8827067613601687 -2.3999999940395362
v 0.3444150984287262 0.8314915895462038 -2.3999999940395362
v 0.5000132322311401 0.748322665691376 -2.3999999940395362
v 0.6363961100578308 0.636396110057831 -2.3999999940395362
v 0.7483226656913757 0.5000132322311404 -2.3999999940395362
v 0.8314915895462036 0.34441509842872636 -2.3999999940395362
v 0.8827067613601685 0.1755812913179399 -2.3999999940395362
v 0.8999999761581421 2.0206672059031935e-16 -2.3999999940395362
v 0.8827067613601685 -0.17558129131793962 -2.3999999940395362
v 0.8314915895462036 -0.34441509842872603 -2.3999999940395362
v 0.7483226656913757 -0.5000132322311399 -2.3999999940395362
v 0.6363961100578308 -0.6363961100578306 -2.3999999940395362
v 0.5000132322311401 -0.7483226656913755 -2.3999999940395362
v 0.3444150984287262 -0.8314915895462034 -2.3999999940395362
v 0.17558129131793976 -0.8827067613601682 -2.3999999940395362
v 1.1021821011522021e-16 -0.8999999761581419 -2.3999999940395362
v -0.17558129131793976 -0.8827067613601682 -2.3999999940395362
v -0.3444150984287262 -0.8314915895462034 -2.3999999940395362
v -0.5000132322311401 -0.7483226656913755 -2.3999999940395362
v -0.6363961100578308 -0.6363961100578306 -2.3999999940395362
v -0.7483226656913757 -0.5000132322311399 -2.3999999940395362
v -0.8314915895462036 -0.34441509842872603 -2.3999999940395362
v -0.8827067613601685 -0.17558129131793962 -2.3999999940395362
v -0.8999999761581421 -1.8369702948843534e-17 -2.3999999940395362
v -0.8827067613601685 0.1755812913179399 -2.3999999940395362
v -0.8314915895462036 0.34441509842872636 -2.3999999940395362
v -0.7483226656913757 0.5000132322311404 -2.3999999940395362
v -0.6363961100578308 0.636396110057831 -2.3999999940395362
v -0.5000132322311401 0.748322665691376 -2.3999999940395362
v -0.3444150984287262 0.8314915895462038 -2.3999999940395362
v -0.17558129131793976 0.8827067613601687 -2.3999999940395362
v -2.2043642023044041e-16 0.8999999761581423 -2.3999999940395362
v 0 1.9594348822854973e-16 -3.200000005960465
v 0 1.9594348822854973e-16 -3.200000005960465
v 0 1.9594348822854973e-16 -3.200000005960465
v 0 1.9594348822854973e-16 -3.200000005960465
v 0 1.9594348822854973e-16 -3.200000005960465
v 0 1.9594348822854973e-16 -3.200000005960465
v 0 1.9594348822854973e-16 -3.200000005960465
v 0 1.9594348822854973e-16 -3.200000005960465
v 0 1.9594348822854973e-16 -3.200000005960465
v 0 1.9594348822854973e-16 -3.200000005960465
v 0 1.9594348822854973e-16 -3.200000005960465
v 0 1.9594348822854973e-16 -3.200000005960465
v 0 1.9594348822854973e-16 -3.200000005960465
v 0 1.9594348822854973e-16 -3.200000005960465
v 0 1.9594348822854973e-16 -3.200000005960465
v 0 1.9594348822854973e-16 -3.200000005960465
v 0 1.9594348822854973e-16 -3.200000005960465
v 0 1.9594348822854973e-16 -3.200000005960465
v 0 1.9594348822854973e-16 -3.200000005960465
v 0 1.9594348822854973e-16 -3.200000005960465
v 0 1.9594348822854973e-16 -3.200000005960465
v 0 1.9594348822854973e-16 -3.200000005960465
v 0 1.9594348822854973e-16 -3.200000005960465
v 0 1.9594348822854973e-16 -3.200000005960465
v 0 1.9594348822854973e-16 -3.200000005960465
v 0 1.9594348822854973e-16 -3.200000005960465
v 0 1.9594348822854973e-16 -3.200000005960465
v 0 1.9594348822854973e-16 -3.200000005960465
v 0 1.9594348822854973e-16 -3.200000005960465
v 0 1.9594348822854973e-16 -3.200000005960465
v 0 1.9594348822854973e-16 -3.200000005960465
v 0 1.9594348822854973e-16 -3.200000005960465
v 0 0.8999999761581423 -3.200000005960465
v 0.17558129131793976 0.8827067613601687 -3.200000005960465
v 0.3444150984287262 0.8314915895462038 -3.200000005960465
v 0.5000132322311401 0.748322665691376 -3.200000005960465
v 0.6363961100578308 0.636396110057831 -3.200000005960465
v 0.7483226656913757 0.5000132322311404 -3.200000005960465
v 0.8314915895462036 0.34441509842872636 -3.200000005960465
v 0.8827067613601685 0.17558129131793995 -3.200000005960465
v 0.8999999761581421 2.5105259328615983e-16 -3.200000005960465
v 0.8827067613601685 -0.17558129131793956 -3.200000005960465
v 0.8314915895462036 -0.34441509842872603 -3.200000005960465
v 0.7483226656913757 -0.5000132322311399 -3.200000005960465
v 0.6363961100578308 -0.6363961100578306 -3.200000005960465
v 0.5000132322311401 -0.7483226656913755 -3.200000005960465
v 0.3444150984287262 -0.8314915895462034 -3.200000005960465
v 0.17558129131793976 -0.8827067613601682 -3.200000005960465
v 1.1021821011522021e-16 -0.8999999761581419 -3.200000005960465
v -0.17558129131793976 -0.8827067613601682 -3.200000005960465
v -0.3444150984287262 -0.8314915895462034 -3.200000005960465
v -0.5000132322311401 -0.7483226656913755 -3.200000005960465
v -0.6363961100578308 -0.6363961100578306 -3.200000005960465
v -0.7483226656913757 -0.5000132322311399 -3.200000005960465
v -0.8314915895462036 -0.34441509842872603 -3.200000005960465
v -0.8827067613601685 -0.17558129131793956 -3.200000005960465
v -0.8999999761581421 3.061616974699699e-17 -3.200000005960465
v -0.8827067613601685 0.17558129131793995 -3.200000005960465
v -0.8314915895462036 0.34441509842872636 -3.200000005960465
v -0.7483226656913757 0.5000132322311404 -3.200000005960465
v -0.6363961100578308 0.636396110057831 -3.200000005960465
v -0.5000132322311401 0.748322665691376 -3.200000005960465
v -0.3444150984287262 0.8314915895462038 -3.200000005960465
v -0.17558129131793976 0.8827067613601687 -3.200000005960465
v -2.2043642023044041e-16 0.8999999761581423 -3.200000005960465
v 0 1.4695761553270925e-16 -2.3999999940395362
v 0 1.4695761553270925e-16 -2.3999999940395362
v 0 1.4695761553270925e-16 -2.3999999940395362
v 0 1.4695761553270925e-16 -2.3999999940395362
v 0 1.4695761553270925e-16 -2.3999999940395362
v 0 1.4695761553270925e-16 -2.3999999940395362
v 0 1.4695761553270925e-16 -2.3999999940395362
v 0 1.4695761553270925e-16 -2.3999999940395362
v 0 1.4695761553270925e-16 -2.3999999940395362
v 0 1.4695761553270925e-16 -2.3999999940395362
v 0 1.4695761553270925e-16 -2.3999999940395362
v 0 1.4695761553270925e-16 -2.3999999940395362
v 0 1.4695761553270925e-16 -2.3999999940395362
v 0 1.4695761553270925e-16 -2.3999999940395362
v 0 1.4695761553270925e-16 -2.3999999940395362
v 0 1.4695761553270925e-16 -2.3999999940395362
v 0 1.4695761553270925e-16 -2.3999999940395362
v 0 1.4695761553270925e-16 -2.3999999940395362
v 0 1.4695761553270925e-16 -2.3999999940395362
v 0 1.4695761553270925e-16 -2.3999999940395362
v 0 1.4695761553270925e-16 -2.3999999940395362
v 0 1.4695761553270925e-16 -2.3999999940395362
v 0 1.4695761553270925e-16 -2.3999999940395362
v 0 1.4695761553270925e-16 -2.3999999940395362
v 0 1.4695761553270925e-16 -2.3999999940395362
v 0 1.4695761553270925e-16 -2.3999999940395362
v 0 1.4695761553270925e-16 -2.3999999940395362
v 0 1.4695761553270925e-16 -2.3999999940395362
v 0 1.4695761553270925e-16 -2.3999999940395362
v 0 1.4695761553270925e-16 -2.3999999940395362
v 0 1.4695761553270925e-16 -2.3999999940395362
v 0 1.4695761553270925e-16 -2.3999999940395362
v 0 0.8999999761581423 -2.3999999940395362
v 0.17558129131793976 0.8827067613601687 -2.3999999940395362
v 0.3444150984287262 0.8314915895462038 -2.3999999940395362
v 0.5000132322311401 0.748322665691376 -2.3999999940395362
v 0.6363961100578308 0.636396110057831 -2.3999999940395362
v 0.7483226656913757 0.5000132322311404 -2.3999999940395362
v 0.8314915895462036 0.34441509842872636 -2.3999999940395362
v 0.8827067613601685 0.1755812913179399 -2.3999999940395362
v 0.8999999761581421 2.0206672059031935e-16 -2.3999999940395362
v 0.8827067613601685 -0.17558129131793962 -2.3999999940395362
v 0.8314915895462036 -0.34441509842872603 -2.3999999940395362
v 0.7483226656913757 -0.5000132322311399 -2.3999999940395362
v 0.6363961100578308 -0.6363961100578306 -2.3999999940395362
v 0.5000132322311401 -0.7483226656913755 -2.3999999940395362
v 0.3444150984287262 -0.8314915895462034 -2.3999999940395362
v 0.17558129131793976 -0.8827067613601682 -2.3999999940395362
v 1.1021821011522021e-16 -0.8999999761581419 -2.3999999940395362
v -0.17558129131793976 -0.8827067613601682 -2.3999999940395362
v -0.3444150984287262 -0.8314915895462034 -2.3999999940395362
v -0.5000132322311401 -0.7483226656913755 -2.3999999940395362
v -0.6363961100578308 -0.6363961100578306 -2.3999999940395362
v -0.7483226656913757 -0.5000132322311399 -2.3999999940395362
v -0.8314915895462036 -0.34441509842872603 -2.3999999940395362
v -0.8827067613601685 -0.17558129131793962 -2.3999999940395362
v -0.8999999761581421 -1.8369702948843534e-17 -2.3999999940395362
v -0.8827067613601685 0.1755812913179399 -2.3999999940395362
v -0.8314915895462036 0.34441509842872636 -2.3999999940395362
v -0.7483226656913757 0.5000132322311404 -2.3999999940395362
v -0.6363961100578308 0.636396110057831 -2.3999999940395362
v -0.5000132322311401 0.748322665691376 -2.3999999940395362
v -0.3444150984287262 0.8314915895462038 -2.3999999940395362
v -0.17558129131793976 0.8827067613601687 -2.3999999940395362
v -2.2043642023044041e-16 0.8999999761581423 -2.3999999940395362
vn 0 1 6.123233995736766e-17
vn 0.19509032931342324 0.9807852789517083 6.005577762595267e-17
vn 0.3826834370613369 0.9238795305660377 5.657130549527286e-17
vn 0.555570248949409 0.8314696016585884 5.091282931297575e-17
vn 0.7071067811865476 0.7071067811865476 4.3297802811774664e-17
vn 0.8314696016585884 0.555570248949409 3.401886635386959e-17
vn 0.9238795305660377 0.3826834370613369 2.3432602314193692e-17
vn 0.9807852789517083 0.19509032931342324 1.194583736691434e-17
vn 1 6.123234262925839e-17 3.749399620260766e-33
vn 0.9807852789517083 -0.19509032931342324 -1.194583736691434e-17
vn 0.9238795305660377 -0.3826834370613369 -2.3432602314193692e-17
vn 0.8314696016585884 -0.555570248949409 -3.401886635386959e-17
vn 0.7071067811865476 -0.7071067811865476 -4.3297802811774664e-17
vn 0.555570248949409 -0.8314696016585884 -5.091282931297575e-17
vn 0.3826834370613369 -0.9238795305660377 -5.657130549527286e-17
vn 0.19509032931342324 -0.9807852789517083 -6.005577762595267e-17
vn 1.2246468525851679e-16 -1 -6.123233995736766e-17
vn -0.19509032931342324 -0.9807852789517083 -6.005577762595267e-17
vn -0.3826834370613369 -0.9238795305660377 -5.657130549527286e-17
vn -0.555570248949409 -0.8314696016585884 -5.091282931297575e-17
vn -0.7071067811865476 -0.7071067811865476 -4.3297802811774664e-17
vn -0.8314696016585884 -0.555570248949409 -3.401886635386959e-17
vn -0.9238795305660377 -0.3826834370613369 -2.3432602314193692e-17
vn -0.9807852789517083 -0.19509032931342324 -1.194583736691434e-17
vn -1 -1.8369701465288538e-16 -1.1248198050379026e-32
vn -0.9807852789517083 0.19509032931342324 1.194583736691434e-17
vn -0.9238795305660377 0.3826834370613369 2.3432602314193692e-17
vn -0.8314696016585884 0.555570248949409 3.401886635386959e-17
vn -0.7071067811865476 0.7071067811865476 4.3297802811774664e-17
vn -0.555570248949409 0.8314696016585884 5.091282931297575e-17
vn -0.3826834370613369 0.9238795305660377 5.657130549527286e-17
vn -0.19509032931342324 0.9807852789517083 6.005577762595267e-17
vn -2.4492937051703357e-16 1 6.123233995736766e-17
vn 0 1 6.123233995736766e-17
vn 0.19509032931342324 0.9807852789517083 6.005577762595267e-17
vn 0.3826834370613369 0.9238795305660377 5.657130549527286e-17
vn 0.555570248949409 0.8314696016585884 5.091282931297575e-17
vn 0.7071067811865476 0.7071067811865476 4.3297802811774664e-17
vn 0.8314696016585884 0.555570248949409 3.401886635386959e-17
vn 0.9238795305660377 0.3826834370613369 2.3432602314193692e-17
vn 0.9807852789517083 0.19509032931342324 1.194583736691434e-17
vn 1 6.123234262925839e-17 3.749399620260766e-33
vn 0.9807852789517083 -0.19509032931342324 -1.194583736691434e-17
vn 0.9238795305660377 -0.3826834370613369 -2.3432602314193692e-17
vn 0.8314696016585884 -0.555570248949409 -3.401886635386959e-17
vn 0.7071067811865476 -0.7071067811865476 -4.3297802811774664e-17
vn 0.555570248949409 -0.8314696016585884 -5.091282931297575e-17
vn 0.3826834370613369 -0.9238795305660377 -5.657130549527286e-17
vn 0.19509032931342324 -0.9807852789517083 -6.005577762595267e-17
vn 1.2246468525851679e-16 -1 -6.123233995736766e-17
vn -0.19509032931342324 -0.9807852789517083 -6.005577762595267e-17
vn -0.3826834370613369 -0.9238795305660377 -5.657130549527286e-17
vn -0.555570248949409 -0.8314696016585884 -5.091282931297575e-17
vn -0.7071067811865476 -0.7071067811865476 -4.3297802811774664e-17
vn -0.8314696016585884 -0.555570248949409 -3.401886635386959e-17
vn -0.9238795305660377 -0.3826834370613369 -2.3432602314193692e-17
vn -0.9807852789517083 -0.19509032931342324 -1.194583736691434e-17
vn -1 -1.8369701465288538e-16 -1.1248198050379026e-32
vn -0.9807852789517083 0.19509032931342324 1.194583736691434e-17
vn -0.9238795305660377 0.3826834370613369 2.3432602314193692e-17
vn -0.8314696016585884 0.555570248949409 3.401886635386959e-17
vn -0.7071067811865476 0.7071067811865476 4.3297802811774664e-17
vn -0.555570248949409 0.8314696016585884 5.091282931297575e-17
vn -0.3826834370613369 0.9238795305660377 5.657130549527286e-17
vn -0.19509032931342324 0.9807852789517083 6.005577762595267e-17
vn -2.4492937051703357e-16 1 6.123233995736766e-17
vn 0 6.123233995736766e-17 -1
vn 0 6.123233995736766e-17 -1
vn 0 6.123233995736766e-17 -1
vn 0 6.123233995736766e-17 -1
vn 0 6.123233995736766e-17 -1
vn 0 6.123233995736766e-17 -1
vn 0 6.123233995736766e-17 -1
vn 0 6.123233995736766e-17 -1
vn 0 6.123233995736766e-17 -1
vn 0 6.123233995736766e-17 -1
vn 0 6.123233995736766e-17 -1
vn 0 6.123233995736766e-17 -1
vn 0 6.123233995736766e-17 -1
vn 0 6.123233995736766e-17 -1
vn 0 6.123233995736766e-17 -1
vn 0 6.123233995736766e-17 -1
vn 0 6.123233995736766e-17 -1
vn 0 6.123233995736766e-17 -1
vn 0 6.123233995736766e-17 -1
vn 0 6.123233995736766e-17 -1
vn 0 6.123233995736766e-17 -1
vn 0 6.123233995736766e-17 -1
vn 0 6.123233995736766e-17 -1
vn 0 6.123233995736766e-17 -1
vn 0 6.123233995736766e-17 -1
vn 0 6.123233995736766e-17 -1
vn 0 6.123233995736766e-17 -1
vn 0 6.123233995736766e-17 -1
vn 0 6.123233995736766e-17 -1
vn 0 6.123233995736766e-17 -1
vn 0 6.123233995736766e-17 -1
vn 0 6.123233995736766e-17 -1
vn 0 6.123233995736766e-17 -1
vn 0 6.123233995736766e-17 -1
vn 0 6.123233995736766e-17 -1
vn 0 6.123233995736766e-17 -1
vn 0 6.123233995736766e-17 -1
vn 0 6.123233995736766e-17 -1
vn 0 6.123233995736766e-17 -1
vn 0 6.123233995736766e-17 -1
vn 0 6.123233995736766e-17 -1
vn 0 6.123233995736766e-17 -1
vn 0 6.123233995736766e-17 -1
vn 0 6.123233995736766e-17 -1
vn 0 6.123233995736766e-17 -1
vn 0 6.123233995736766e-17 -1
vn 0 6.123233995736766e-17 -1
vn 0 6.123233995736766e-17 -1
vn 0 6.123233995736766e-17 -1
vn 0 6.123233995736766e-17 -1
vn 0 6.123233995736766e-17 -1
vn 0 6.123233995736766e-17 -1
vn 0 6.123233995736766e-17 -1
vn 0 6.123233995736766e-17 -1
vn 0 6.123233995736766e-17 -1
vn 0 6.123233995736766e-17 -1
vn 0 6.123233995736766e-17 -1
vn 0 6.123233995736766e-17 -1
vn 0 6.123233995736766e-17 -1
vn 0 6.123233995736766e-17 -1
vn 0 6.123233995736766e-17 -1
vn 0 6.123233995736766e-17 -1
vn 0 6.123233995736766e-17 -1
vn 0 6.123233995736766e-17 -1
vn 0 6.123233995736766e-17 -1
vn 0 -6.123233995736766e-17 1
vn 0 -6.123233995736766e-17 1
vn 0 -6.123233995736766e-17 1
vn 0 -6.123233995736766e-17 1
vn 0 -6.123233995736766e-17 1
vn 0 -6.123233995736766e-17 1
vn 0 -6.123233995736766e-17 1
vn 0 -6.123233995736766e-17 1
vn 0 -6.123233995736766e-17 1
vn 0 -6.123233995736766e-17 1
vn 0 -6.123233995736766e-17 1
vn 0 -6.123233995736766e-17 1
vn 0 -6.123233995736766e-17 1
vn 0 -6.123233995736766e-17 1
vn 0 -6.123233995736766e-17 1
vn 0 -6.123233995736766e-17 1
vn 0 -6.123233995736766e-17 1
vn 0 -6.123233995736766e-17 1
vn 0 -6.123233995736766e-17 1
vn 0 -6.123233995736766e-17 1
vn 0 -6.123233995736766e-17 1
vn 0 -6.123233995736766e-17 1
vn 0 -6.123233995736766e-17 1
vn 0 -6.123233995736766e-17 1
vn 0 -6.123233995736766e-17 1
vn 0 -6.123233995736766e-17 1
vn 0 -6.123233995736766e-17 1
vn 0 -6.123233995736766e-17 1
vn 0 -6.123233995736766e-17 1
vn 0 -6.123233995736766e-17 1
vn 0 -6.123233995736766e-17 1
vn 0 -6.123233995736766e-17 1
vn 0 -6.123233995736766e-17 1
vn 0 -6.123233995736766e-17 1
vn 0 -6.123233995736766e-17 1
vn 0 -6.123233995736766e-17 1
vn 0 -6.123233995736766e-17 1
vn 0 -6.123233995736766e-17 1
vn 0 -6.123233995736766e-17 1
vn 0 -6.123233995736766e-17 1
vn 0 -6.123233995736766e-17 1
vn 0 -6.123233995736766e-17 1
vn 0 -6.123233995736766e-17 1
vn 0 -6.123233995736766e-17 1
vn 0 -6.123233995736766e-17 1
vn 0 -6.123233995736766e-17 1
vn 0 -6.123233995736766e-17 1
vn 0 -6.123233995736766e-17 1
vn 0 -6.123233995736766e-17 1
vn 0 -6.123233995736766e-17 1
vn 0 -6.123233995736766e-17 1
vn 0 -6.123233995736766e-17 1
vn 0 -6.123233995736766e-17 1
vn 0 -6.123233995736766e-17 1
vn 0 -6.123233995736766e-17 1
vn 0 -6.123233995736766e-17 1
vn 0 -6.123233995736766e-17 1
vn 0 -6.123233995736766e-17 1
vn 0 -6.123233995736766e-17 1
vn 0 -6.123233995736766e-17 1
vn 0 -6.123233995736766e-17 1
vn 0 -6.123233995736766e-17 1
vn 0 -6.123233995736766e-17 1
vn 0 -6.123233995736766e-17 1
vn 0 -6.123233995736766e-17 1
f 2938//2938 2971//2971 2939//2939
f 2971//2971 2972//2972 2939//2939
f 2939//2939 2972//2972 2940//2940
f 2972//2972 2973//2973 2940//2940
f 2940//2940 2973//2973 2941//2941
f 2973//2973 2974//2974 2941//2941
f 2941//2941 2974//2974 2942//2942
f 2974//2974 2975//2975 2942//2942
f 2942//2942 2975//2975 2943//2943
f 2975//2975 2976//2976 2943//2943
f 2943//2943 2976//2976 2944//2944
f 2976//2976 2977//2977 2944//2944
f 2944//2944 2977//2977 2945//2945
f 2977//2977 2978//2978 2945//2945
f 2945//2945 2978//2978 2946//2946
f 2978//2978 2979//2979 2946//2946
f 2946//2946 2979//2979 2947//2947
f 2979//2979 2980//2980 2947//2947
f 2947//2947 2980//2980 2948//2948
f 2980//2980 2981//2981 2948//2948
f 2948//2948 2981//2981 2949//2949
f 2981//2981 2982//2982 2949//2949
f 2949//2949 2982//2982 2950//2950
f 2982//2982 2983//2983 2950//2950
f 2950//2950 2983//2983 2951//2951
f 2983//2983 2984//2984 2951//2951
f 2951//2951 2984//2984 2952//2952
f 2984//2984 2985//2985 2952//2952
f 2952//2952 2985//2985 2953//2953
f 2985//2985 2986//2986 2953//2953
f 2953//2953 2986//2986 2954//2954
f 2986//2986 2987//2987 2954//2954
f 2954//2954 2987//2987 2955//2955
f 2987//2987 2988//2988 2955//2955
f 2955//2955 2988//2988 2956//2956
f 2988//2988 2989//2989 2956//2956
f 2956//2956 2989//2989 2957//2957
f 2989//2989 2990//2990 2957//2957
f 2957//2957 2990//2990 2958//2958
f 2990//2990 2991//2991 2958//2958
f 2958//2958 2991//2991 2959//2959
f 2991//2991 2992//2992 2959//2959
f 2959//2959 2992//2992 2960//2960
f 2992//2992 2993//2993 2960//2960
f 2960//2960 2993//2993 2961//2961
f 2993//2993 2994//2994 2961//2961
f 2961//2961 2994//2994 2962//2962
f 2994//2994 2995//2995 2962//2962
f 2962//2962 2995//2995 2963//2963
f 2995//2995 2996//2996 2963//2963
f 2963//2963 2996//2996 2964//2964
f 2996//2996 2997//2997 2964//2964
f 2964//2964 2997//2997 2965//2965
f 2997//2997 2998//2998 2965//2965
f 2965//2965 2998//2998 2966//2966
f 2998//2998 2999//2999 2966//2966
f 2966//2966 2999//2999 2967//2967
f 2999//2999 3000//3000 2967//2967
f 2967//2967 3000//3000 2968//2968
f 3000//3000 3001//3001 2968//2968
f 2968//2968 3001//3001 2969//2969
f 3001//3001 3002//3002 2969//2969
f 2969//2969 3002//3002 2970//2970
f 3002//3002 3003//3003 2970//2970
f 3036//3036 3037//3037 3004//3004
f 3037//3037 3038//3038 3005//3005
f 3038//3038 3039//3039 3006//3006
f 3039//3039 3040//3040 3007//3007
f 3040//3040 3041//3041 3008//3008
f 3041//3041 3042//3042 3009//3009
f 3042//3042 3043//3043 3010//3010
f 3043//3043 3044//3044 3011//3011
f 3044//3044 3045//3045 3012//3012
f 3045//3045 3046//3046 3013//3013
f 3046//3046 3047//3047 3014//3014
f 3047//3047 3048//3048 3015//3015
f 3048//3048 3049//3049 3016//3016
f 3049//3049 3050//3050 3017//3017
f 3050//3050 3051//3051 3018//3018
f 3051//3051 3052//3052 3019//3019
f 3052//3052 3053//3053 3020//3020
f 3053//3053 3054//3054 3021//3021
f 3054//3054 3055//3055 3022//3022
f 3055//3055 3056//3056 3023//3023
f 3056//3056 3057//3057 3024//3024
f 3057//3057 3058//3058 3025//3025
f 3058//3058 3059//3059 3026//3026
f 3059//3059 3060//3060 3027//3027
f 3060//3060 3061//3061 3028//3028
f 3061//3061 3062//3062 3029//3029
f 3062//3062 3063//3063 3030//3030
f 3063//3063 3064//3064 3031//3031
f 3064//3064 3065//3065 3032//3032
f 3065//3065 3066//3066 3033//3033
f 3066//3066 3067//3067 3034//3034
f 3067//3067 3068//3068 3035//3035
f 3102//3102 3101//3101 3069//3069
f 3103//3103 3102//3102 3070//3070
f 3104//3104 3103//3103 3071//3071
f 3105//3105 3104//3104 3072//3072
f 3106//3106 3105//3105 3073//3073
f 3107//3107 3106//3106 3074//3074
f 3108//3108 3107//3107 3075//3075
f 3109//3109 3108//3108 3076//3076
f 3110//3110 3109//3109 3077//3077
f 3111//3111 3110//3110 3078//3078
f 3112//3112 3111//3111 3079//3079
f 3113//3113 3112//3112 3080//3080
f 3114//3114 3113//3113 3081//3081
f 3115//3115 3114//3114 3082//3082
f 3116//3116 3115//3115 3083//3083
f 3117//3117 3116//3116 3084//3084
f 3118//3118 3117//3117 3085//3085
f 3119//3119 3118//3118 3086//3086
f 3120//3120 3119//3119 3087//3087
f 3121//3121 3120//3120 3088//3088
f 3122//3122 3121//3121 3089//3089
f 3123//3123 3122//3122 3090//3090
f 3124//3124 3123//3123 3091//3091
f 3125//3125 3124//3124 3092//3092
f 3126//3126 3125//3125 3093//3093
f 3127//3127 3126//3126 3094//3094
f 3128//3128 3127//3127 3095//3095
f 3129//3129 3128//3128 3096//3096
f 3130//3130 3129//3129 3097//3097
f 3131//3131 3130//3130 3098//3098
f 3132//3132 3131//3131 3099//3099
f 3133//3133 3132//3132 3100//3100
o axis_pins_instances_0
v 0 3.122199011008521 -17.729781807866292
v 0.03826834261417389 3.115218304233457 -17.732817105658054
v 0.0707106813788414 3.095338944846421 -17.741460897410576
v 0.09238795191049576 3.065587371154658 -17.754397250252463
v 0.10000000149011612 3.030493001922955 -17.769656716788532
v 0.09238795191049576 2.995398632691252 -17.7849161833246
v 0.0707106813788414 2.965647058999489 -17.797852536166488
v 0.03826834261417389 2.945767699612453 -17.80649632791901
v 1.2246467698671066e-17 2.938786992837389 -17.809531625710772
v -0.03826834261417389 2.945767699612453 -17.80649632791901
v -0.0707106813788414 2.965647058999489 -17.797852536166488
v -0.09238795191049576 2.995398632691252 -17.7849161833246
v -0.10000000149011612 3.030493001922955 -17.769656716788532
v -0.09238795191049576 3.065587371154658 -17.754397250252463
v -0.0707106813788414 3.095338944846421 -17.741460897410576
v -0.03826834261417389 3.115218304233457 -17.732817105658054
v -2.4492935397342132e-17 3.122199011008521 -17.729781807866292
v 0 2.4842004682527006 -16.262485662497237
v 0.03826834261417389 2.477219761477637 -16.265520960289
v 0.0707106813788414 2.4573404020906007 -16.27416475204152
v 0.09238795191049576 2.4275888283988376 -16.28710110488341
v 0.10000000149011612 2.3924944591671347 -16.302360571419477
v 0.09238795191049576 2.3574000899354317 -16.317620037955546
v 0.0707106813788414 2.3276485162436686 -16.330556390797433
v 0.03826834261417389 2.3077691568566325 -16.339200182549956
v 1.2246467698671066e-17 2.3007884500815687 -16.342235480341717
v -0.03826834261417389 2.3077691568566325 -16.339200182549956
v -0.0707106813788414 2.3276485162436686 -16.330556390797433
v -0.09238795191049576 2.3574000899354317 -16.317620037955546
v -0.10000000149011612 2.3924944591671347 -16.302360571419477
v -0.09238795191049576 2.4275888283988376 -16.28710110488341
v -0.0707106813788414 2.4573404020906007 -16.27416475204152
v -0.03826834261417389 2.477219761477637 -16.265520960289
v -2.4492935397342132e-17 2.4842004682527006 -16.262485662497237
v 0 3.030493001922955 -17.769656716788532
v 0 3.030493001922955 -17.769656716788532
v 0 3.030493001922955 -17.769656716788532
v 0 3.030493001922955 -17.769656716788532
v 0 3.030493001922955 -17.769656716788532
v 0 3.030493001922955 -17.769656716788532
v 0 3.030493001922955 -17.769656716788532
v 0 3.030493001922955 -17.769656716788532
v 0 3.030493001922955 -17.769656716788532
v 0 3.030493001922955 -17.769656716788532
v 0 3.030493001922955 -17.769656716788532
v 0 3.030493001922955 -17.769656716788532
v 0 3.030493001922955 -17.769656716788532
v 0 3.030493001922955 -17.769656716788532
v 0 3.030493001922955 -17.769656716788532
v 0 3.030493001922955 -17.769656716788532
v 0 3.122199011008521 -17.729781807866292
v 0.03826834261417389 3.115218304233457 -17.732817105658054
v 0.0707106813788414 3.095338944846421 -17.741460897410576
v 0.09238795191049576 3.065587371154658 -17.754397250252463
v 0.10000000149011612 3.030493001922955 -17.769656716788532
v 0.09238795191049576 2.995398632691252 -17.7849161833246
v 0.0707106813788414 2.965647058999489 -17.797852536166488
v 0.03826834261417389 2.945767699612453 -17.80649632791901
v 1.2246467698671066e-17 2.938786992837389 -17.809531625710772
v -0.03826834261417389 2.945767699612453 -17.80649632791901
v -0.0707106813788414 2.965647058999489 -17.797852536166488
v -0.09238795191049576 2.995398632691252 -17.7849161833246
v -0.10000000149011612 3.030493001922955 -17.769656716788532
v -0.09238795191049576 3.065587371154658 -17.754397250252463
v -0.0707106813788414 3.095338944846421 -17.741460897410576
v -0.03826834261417389 3.115218304233457 -17.732817105658054
v -2.4492935397342132e-17 3.122199011008521 -17.729781807866292
v 0 2.3924944591671347 -16.302360571419477
v 0 2.3924944591671347 -16.302360571419477
v 0 2.3924944591671347 -16.302360571419477
v 0 2.3924944591671347 -16.302360571419477
v 0 2.3924944591671347 -16.302360571419477
v 0 2.3924944591671347 -16.302360571419477
v 0 2.3924944591671347 -16.302360571419477
v 0 2.3924944591671347 -16.302360571419477
v 0 2.3924944591671347 -16.302360571419477
v 0 2.3924944591671347 -16.302360571419477
v 0 2.3924944591671347 -16.302360571419477
v 0 2.3924944591671347 -16.302360571419477
v 0 2.3924944591671347 -16.302360571419477
v 0 2.3924944591671347 -16.302360571419477
v 0 2.3924944591671347 -16.302360571419477
v 0 2.3924944591671347 -16.302360571419477
v 0 2.4842004682527006 -16.262485662497237
v 0.03826834261417389 2.477219761477637 -16.265520960289
v 0.0707106813788414 2.4573404020906007 -16.27416475204152
v 0.09238795191049576 2.4275888283988376 -16.28710110488341
v 0.10000000149011612 2.3924944591671347 -16.302360571419477
v 0.09238795191049576 2.3574000899354317 -16.317620037955546
v 0.0707106813788414 2.3276485162436686 -16.330556390797433
v 0.03826834261417389 2.3077691568566325 -16.339200182549956
v 1.2246467698671066e-17 2.3007884500815687 -16.342235480341717
v -0.03826834261417389 2.3077691568566325 -16.339200182549956
v -0.0707106813788414 2.3276485162436686 -16.330556390797433
v -0.09238795191049576 2.3574000899354317 -16.317620037955546
v -0.10000000149011612 2.3924944591671347 -16.302360571419477
v -0.09238795191049576 2.4275888283988376 -16.28710110488341
v -0.0707106813788414 2.4573404020906007 -16.27416475204152
v -0.03826834261417389 2.477219761477637 -16.265520960289
v -2.4492935397342132e-17 2.4842004682527006 -16.262485662497237
vn 0 0.9170600695817579 0.3987490799722319
vn 0.38268343977140173 0.8472530255566104 0.3683961123707709
vn 0.7071067841199005 0.6484593912666071 0.2819581772705903
vn 0.9238795316885831 0.3509436969339636 0.15259466736818372
vn 1 5.615373592634682e-17 2.4416340085384373e-17
vn 0.9238795316885831 -0.3509436969339636 -0.15259466736818372
vn 0.7071067841199005 -0.6484593912666071 -0.2819581772705903
vn 0.38268343977140173 -0.8472530255566104 -0.3683961123707709
vn 1.2246468627457875e-16 -0.9170600695817579 -0.3987490799722319
vn -0.38268343977140173 -0.8472530255566104 -0.3683961123707709
vn -0.7071067841199005 -0.6484593912666071 -0.2819581772705903
vn -0.9238795316885831 -0.3509436969339636 -0.15259466736818372
vn -1 -1.6846119564185158e-16 -7.324901497875303e-17
vn -0.9238795316885831 0.3509436969339636 0.15259466736818372
vn -0.7071067841199005 0.6484593912666071 0.2819581772705903
vn -0.38268343977140173 0.8472530255566104 0.3683961123707709
vn -2.449293725491575e-16 0.9170600695817579 0.3987490799722319
vn 0 0.9170600695817579 0.3987490799722319
vn 0.38268343977140173 0.8472530255566104 0.3683961123707709
vn 0.7071067841199005 0.6484593912666071 0.2819581772705903
vn 0.9238795316885831 0.3509436969339636 0.15259466736818372
vn 1 5.615373592634682e-17 2.4416340085384373e-17
vn 0.9238795316885831 -0.3509436969339636 -0.15259466736818372
vn 0.7071067841199005 -0.6484593912666071 -0.2819581772705903
vn 0.38268343977140173 -0.8472530255566104 -0.3683961123707709
vn 1.2246468627457875e-16 -0.9170600695817579 -0.3987490799722319
vn -0.38268343977140173 -0.8472530255566104 -0.3683961123707709
vn -0.7071067841199005 -0.6484593912666071 -0.2819581772705903
vn -0.9238795316885831 -0.3509436969339636 -0.15259466736818372
vn -1 -1.6846119564185158e-16 -7.324901497875303e-17
vn -0.9238795316885831 0.3509436969339636 0.15259466736818372
vn -0.7071067841199005 0.6484593912666071 0.2819581772705903
vn -0.38268343977140173 0.8472530255566104 0.3683961123707709
vn -2.449293725491575e-16 0.9170600695817579 0.3987490799722319
vn 0 0.3987490799722319 -0.9170600695817579
vn 0 0.3987490799722319 -0.9170600695817579
vn 0 0.3987490799722319 -0.9170600695817579
vn 0 0.3987490799722319 -0.9170600695817579
vn 0 0.3987490799722319 -0.9170600695817579
vn 0 0.3987490799722319 -0.9170600695817579
vn 0 0.3987490799722319 -0.9170600695817579
vn 0 0.3987490799722319 -0.9170600695817579
vn 0 0.3987490799722319 -0.9170600695817579
vn 0 0.3987490799722319 -0.9170600695817579
vn 0 0.3987490799722319 -0.9170600695817579
vn 0 0.3987490799722319 -0.9170600695817579
vn 0 0.3987490799722319 -0.9170600695817579
vn 0 0.3987490799722319 -0.9170600695817579
vn 0 0.3987490799722319 -0.9170600695817579
vn 0 0.3987490799722319 -0.9170600695817579
vn 0 0.3987490799722319 -0.9170600695817579
vn 0 0.3987490799722319 -0.9170600695817579
vn 0 0.3987490799722319 -0.9170600695817579
vn 0 0.3987490799722319 -0.9170600695817579
vn 0 0.3987490799722319 -0.9170600695817579
vn 0 0.3987490799722319 -0.9170600695817579
vn 0 0.3987490799722319 -0.9170600695817579
vn 0 0.3987490799722319 -0.9170600695817579
vn 0 0.3987490799722319 -0.9170600695817579
vn 0 0.3987490799722319 -0.9170600695817579
vn 0 0.3987490799722319 -0.9170600695817579
vn 0 0.3987490799722319 -0.9170600695817579
vn 0 0.3987490799722319 -0.9170600695817579
vn 0 0.3987490799722319 -0.9170600695817579
vn 0 0.3987490799722319 -0.9170600695817579
vn 0 0.3987490799722319 -0.9170600695817579
vn 0 0.3987490799722319 -0.9170600695817579
vn 0 -0.3987490799722319 0.9170600695817579
vn 0 -0.3987490799722319 0.9170600695817579
vn 0 -0.3987490799722319 0.9170600695817579
vn 0 -0.3987490799722319 0.9170600695817579
vn 0 -0.3987490799722319 0.9170600695817579
vn 0 -0.3987490799722319 0.9170600695817579
vn 0 -0.3987490799722319 0.9170600695817579
vn 0 -0.3987490799722319 0.9170600695817579
vn 0 -0.3987490799722319 0.9170600695817579
vn 0 -0.3987490799722319 0.9170600695817579
vn 0 -0.3987490799722319 0.9170600695817579
vn 0 -0.3987490799722319 0.9170600695817579
vn 0 -0.3987490799722319 0.9170600695817579
vn 0 -0.3987490799722319 0.9170600695817579
vn 0 -0.3987490799722319 0.9170600695817579
vn 0 -0.3987490799722319 0.9170600695817579
vn 0 -0.3987490799722319 0.9170600695817579
vn 0 -0.3987490799722319 0.9170600695817579
vn 0 -0.3987490799722319 0.9170600695817579
vn 0 -0.3987490799722319 0.9170600695817579
vn 0 -0.3987490799722319 0.9170600695817579
vn 0 -0.3987490799722319 0.9170600695817579
vn 0 -0.3987490799722319 0.9170600695817579
vn 0 -0.3987490799722319 0.9170600695817579
vn 0 -0.3987490799722319 0.9170600695817579
vn 0 -0.3987490799722319 0.9170600695817579
vn 0 -0.3987490799722319 0.9170600695817579
vn 0 -0.3987490799722319 0.9170600695817579
vn 0 -0.3987490799722319 0.9170600695817579
vn 0 -0.3987490799722319 0.9170600695817579
vn 0 -0.3987490799722319 0.9170600695817579
vn 0 -0.3987490799722319 0.9170600695817579
vn 0 -0.3987490799722319 0.9170600695817579
f 3134//3134 3151//3151 3135//3135
f 3151//3151 3152//3152 3135//3135
f 3135//3135 3152//3152 3136//3136
f 3152//3152 3153//3153 3136//3136
f 3136//3136 3153//3153 3137//3137
f 3153//3153 3154//3154 3137//3137
f 3137//3137 3154//3154 3138//3138
f 3154//3154 3155//3155 3138//3138
f 3138//3138 3155//3155 3139//3139
f 3155//3155 3156//3156 3139//3139
f 3139//3139 3156//3156 3140//3140
f 3156//3156 3157//3157 3140//3140
f 3140//3140 3157//3157 3141//3141
f 3157//3157 3158//3158 3141//3141
f 3141//3141 3158//3158 3142//3142
f 3158//3158 3159//3159 3142//3142
f 3142//3142 3159//3159 3143//3143
f 3159//3159 3160//3160 3143//3143
f 3143//3143 3160//3160 3144//3144
f 3160//3160 3161//3161 3144//3144
f 3144//3144 3161//3161 3145//3145
f 3161//3161 3162//3162 3145//3145
f 3145//3145 3162//3162 3146//3146
f 3162//3162 3163//3163 3146//3146
f 3146//3146 3163//3163 3147//3147
f 3163//3163 3164//3164 3147//3147
f 3147//3147 3164//3164 3148//3148
f 3164//3164 3165//3165 3148//3148
f 3148//3148 3165//3165 3149//3149
f 3165//3165 3166//3166 3149//3149
f 3149//3149 3166//3166 3150//3150
f 3166//3166 3167//3167 3150//3150
f 3184//3184 3185//3185 3168//3168
f 3185//3185 3186//3186 3169//3169
f 3186//3186 3187//3187 3170//3170
f 3187//3187 3188//3188 3171//3171
f 3188//3188 3189//3189 3172//3172
f 3189//3189 3190//3190 3173//3173
f 3190//3190 3191//3191 3174//3174
f 3191//3191 3192//3192 3175//3175
f 3192//3192 3193//3193 3176//3176
f 3193//3193 3194//3194 3177//3177
f 3194//3194 3195//3195 3178//3178
f 3195//3195 3196//3196 3179//3179
f 3196//3196 3197//3197 3180//3180
f 3197//3197 3198//3198 3181//3181
f 3198//3198 3199//3199 3182//3182
f 3199//3199 3200//3200 3183//3183
f 3218//3218 3217//3217 3201//3201
f 3219//3219 3218//3218 3202//3202
f 3220//3220 3219//3219 3203//3203
f 3221//3221 3220//3220 3204//3204
f 3222//3222 3221//3221 3205//3205
f 3223//3223 3222//3222 3206//3206
f 3224//3224 3223//3223 3207//3207
f 3225//3225 3224//3224 3208//3208
f 3226//3226 3225//3225 3209//3209
f 3227//3227 3226//3226 3210//3210
f 3228//3228 3227//3227 3211//3211
f 3229//3229 3228//3228 3212//3212
f 3230//3230 3229//3229 3213//3213
f 3231//3231 3230//3230 3214//3214
f 3232//3232 3231//3231 3215//3215
f 3233//3233 3232//3232 3216//3216
o axis_pins_instances_1
v 0 -2.3007884500815674 -5.257764519658285
v 0.03826834261417389 -2.307769156856631 -5.260799817450045
v 0.0707106813788414 -2.3276485162436673 -5.269443609202567
v 0.09238795191049576 -2.3574000899354304 -5.282379962044455
v 0.10000000149011612 -2.3924944591671333 -5.297639428580524
v 0.09238795191049576 -2.4275888283988363 -5.312898895116593
v 0.0707106813788414 -2.4573404020905993 -5.325835247958481
v 0.03826834261417389 -2.4772197614776355 -5.334479039711003
v 1.2246467698671066e-17 -2.4842004682526992 -5.337514337502763
v -0.03826834261417389 -2.4772197614776355 -5.334479039711003
v -0.0707106813788414 -2.4573404020905993 -5.325835247958481
v -0.09238795191049576 -2.4275888283988363 -5.312898895116593
v -0.10000000149011612 -2.3924944591671333 -5.297639428580524
v -0.09238795191049576 -2.3574000899354304 -5.282379962044455
v -0.0707106813788414 -2.3276485162436673 -5.269443609202567
v -0.03826834261417389 -2.307769156856631 -5.260799817450045
v -2.4492935397342132e-17 -2.3007884500815674 -5.257764519658285
v 0 -2.9387869928373878 -3.7904683742892304
v 0.03826834261417389 -2.9457676996124516 -3.7935036720809903
v 0.0707106813788414 -2.9656470589994877 -3.8021474638335127
v 0.09238795191049576 -2.9953986326912507 -3.815083816675401
v 0.10000000149011612 -3.0304930019229537 -3.8303432832114694
v 0.09238795191049576 -3.0655873711546566 -3.845602749747538
v 0.0707106813788414 -3.0953389448464197 -3.8585391025894262
v 0.03826834261417389 -3.115218304233456 -3.8671828943419486
v 1.2246467698671066e-17 -3.1221990110085196 -3.8702181921337084
v -0.03826834261417389 -3.115218304233456 -3.8671828943419486
v -0.0707106813788414 -3.0953389448464197 -3.8585391025894262
v -0.09238795191049576 -3.0655873711546566 -3.845602749747538
v -0.10000000149011612 -3.0304930019229537 -3.8303432832114694
v -0.09238795191049576 -2.9953986326912507 -3.815083816675401
v -0.0707106813788414 -2.9656470589994877 -3.8021474638335127
v -0.03826834261417389 -2.9457676996124516 -3.7935036720809903
v -2.4492935397342132e-17 -2.9387869928373878 -3.7904683742892304
v 0 -2.3924944591671333 -5.297639428580524
v 0 -2.3924944591671333 -5.297639428580524
v 0 -2.3924944591671333 -5.297639428580524
v 0 -2.3924944591671333 -5.297639428580524
v 0 -2.3924944591671333 -5.297639428580524
v 0 -2.3924944591671333 -5.297639428580524
v 0 -2.3924944591671333 -5.297639428580524
v 0 -2.3924944591671333 -5.297639428580524
v 0 -2.3924944591671333 -5.297639428580524
v 0 -2.3924944591671333 -5.297639428580524
v 0 -2.3924944591671333 -5.297639428580524
v 0 -2.3924944591671333 -5.297639428580524
v 0 -2.3924944591671333 -5.297639428580524
v 0 -2.3924944591671333 -5.297639428580524
v 0 -2.3924944591671333 -5.297639428580524
v 0 -2.3924944591671333 -5.297639428580524
v 0 -2.3007884500815674 -5.257764519658285
v 0.03826834261417389 -2.307769156856631 -5.260799817450045
v 0.0707106813788414 -2.3276485162436673 -5.269443609202567
v 0.09238795191049576 -2.3574000899354304 -5.282379962044455
v 0.10000000149011612 -2.3924944591671333 -5.297639428580524
v 0.09238795191049576 -2.4275888283988363 -5.312898895116593
v 0.0707106813788414 -2.4573404020905993 -5.325835247958481
v 0.03826834261417389 -2.4772197614776355 -5.334479039711003
v 1.2246467698671066e-17 -2.4842004682526992 -5.337514337502763
v -0.03826834261417389 -2.4772197614776355 -5.334479039711003
v -0.0707106813788414 -2.4573404020905993 -5.325835247958481
v -0.09238795191049576 -2.4275888283988363 -5.312898895116593
v -0.10000000149011612 -2.3924944591671333 -5.297639428580524
v -0.09238795191049576 -2.3574000899354304 -5.282379962044455
v -0.0707106813788414 -2.3276485162436673 -5.269443609202567
v -0.03826834261417389 -2.307769156856631 -5.260799817450045
v -2.4492935397342132e-17 -2.3007884500815674 -5.257764519658285
v 0 -3.0304930019229537 -3.8303432832114694
v 0 -3.0304930019229537 -3.8303432832114694
v 0 -3.0304930019229537 -3.8303432832114694
v 0 -3.0304930019229537 -3.8303432832114694
v 0 -3.0304930019229537 -3.8303432832114694
v 0 -3.0304930019229537 -3.8303432832114694
v 0 -3.0304930019229537 -3.8303432832114694
v 0 -3.0304930019229537 -3.8303432832114694
v 0 -3.0304930019229537 -3.8303432832114694
v 0 -3.0304930019229537 -3.8303432832114694
v 0 -3.0304930019229537 -3.8303432832114694
v 0 -3.0304930019229537 -3.8303432832114694
v 0 -3.0304930019229537 -3.8303432832114694
v 0 -3.0304930019229537 -3.8303432832114694
v 0 -3.0304930019229537 -3.8303432832114694
v 0 -3.0304930019229537 -3.8303432832114694
v 0 -2.9387869928373878 -3.7904683742892304
v 0.03826834261417389 -2.9457676996124516 -3.7935036720809903
v 0.0707106813788414 -2.9656470589994877 -3.8021474638335127
v 0.09238795191049576 -2.9953986326912507 -3.815083816675401
v 0.10000000149011612 -3.0304930019229537 -3.8303432832114694
v 0.09238795191049576 -3.0655873711546566 -3.845602749747538
v 0.0707106813788414 -3.0953389448464197 -3.8585391025894262
v 0.03826834261417389 -3.115218304233456 -3.8671828943419486
v 1.2246467698671066e-17 -3.1221990110085196 -3.8702181921337084
v -0.03826834261417389 -3.115218304233456 -3.8671828943419486
v -0.0707106813788414 -3.0953389448464197 -3.8585391025894262
v -0.09238795191049576 -3.0655873711546566 -3.845602749747538
v -0.10000000149011612 -3.0304930019229537 -3.8303432832114694
v -0.09238795191049576 -2.9953986326912507 -3.815083816675401
v -0.0707106813788414 -2.9656470589994877 -3.8021474638335127
v -0.03826834261417389 -2.9457676996124516 -3.7935036720809903
v -2.4492935397342132e-17 -2.9387869928373878 -3.7904683742892304
vn 0 0.9170600695817579 0.3987490799722319
vn 0.38268343977140173 0.8472530255566104 0.3683961123707709
vn 0.7071067841199005 0.6484593912666071 0.2819581772705903
vn 0.9238795316885831 0.3509436969339636 0.15259466736818372
vn 1 5.615373592634682e-17 2.4416340085384373e-17
vn 0.9238795316885831 -0.3509436969339636 -0.15259466736818372
vn 0.7071067841199005 -0.6484593912666071 -0.2819581772705903
vn 0.38268343977140173 -0.8472530255566104 -0.3683961123707709
vn 1.2246468627457875e-16 -0.9170600695817579 -0.3987490799722319
vn -0.38268343977140173 -0.8472530255566104 -0.3683961123707709
vn -0.7071067841199005 -0.6484593912666071 -0.2819581772705903
vn -0.9238795316885831 -0.3509436969339636 -0.15259466736818372
vn -1 -1.6846119564185158e-16 -7.324901497875303e-17
vn -0.9238795316885831 0.3509436969339636 0.15259466736818372
vn -0.7071067841199005 0.6484593912666071 0.2819581772705903
vn -0.38268343977140173 0.8472530255566104 0.3683961123707709
vn -2.449293725491575e-16 0.9170600695817579 0.3987490799722319
vn 0 0.9170600695817579 0.3987490799722319
vn 0.38268343977140173 0.8472530255566104 0.3683961123707709
vn 0.7071067841199005 0.6484593912666071 0.2819581772705903
vn 0.9238795316885831 0.3509436969339636 0.15259466736818372
vn 1 5.615373592634682e-17 2.4416340085384373e-17
vn 0.9238795316885831 -0.3509436969339636 -0.15259466736818372
vn 0.7071067841199005 -0.6484593912666071 -0.2819581772705903
vn 0.38268343977140173 -0.8472530255566104 -0.3683961123707709
vn 1.2246468627457875e-16 -0.9170600695817579 -0.3987490799722319
vn -0.38268343977140173 -0.8472530255566104 -0.3683961123707709
vn -0.7071067841199005 -0.6484593912666071 -0.2819581772705903
vn -0.9238795316885831 -0.3509436969339636 -0.15259466736818372
vn -1 -1.6846119564185158e-16 -7.324901497875303e-17
vn -0.9238795316885831 0.3509436969339636 0.15259466736818372
vn -0.7071067841199005 0.6484593912666071 0.2819581772705903
vn -0.38268343977140173 0.8472530255566104 0.3683961123707709
vn -2.449293725491575e-16 0.9170600695817579 0.3987490799722319
vn 0 0.3987490799722319 -0.9170600695817579
vn 0 0.3987490799722319 -0.9170600695817579
vn 0 0.3987490799722319 -0.9170600695817579
vn 0 0.3987490799722319 -0.9170600695817579
vn 0 0.3987490799722319 -0.9170600695817579
vn 0 0.3987490799722319 -0.9170600695817579
vn 0 0.3987490799722319 -0.9170600695817579
vn 0 0.3987490799722319 -0.9170600695817579
vn 0 0.3987490799722319 -0.9170600695817579
vn 0 0.3987490799722319 -0.9170600695817579
vn 0 0.3987490799722319 -0.9170600695817579
vn 0 0.3987490799722319 -0.9170600695817579
vn 0 0.3987490799722319 -0.9170600695817579
vn 0 0.3987490799722319 -0.9170600695817579
vn 0 0.3987490799722319 -0.9170600695817579
vn 0 0.3987490799722319 -0.9170600695817579
vn 0 0.3987490799722319 -0.9170600695817579
vn 0 0.3987490799722319 -0.9170600695817579
vn 0 0.3987490799722319 -0.9170600695817579
vn 0 0.3987490799722319 -0.9170600695817579
vn 0 0.3987490799722319 -0.9170600695817579
vn 0 0.3987490799722319 -0.9170600695817579
vn 0 0.3987490799722319 -0.9170600695817579
vn 0 0.3987490799722319 -0.9170600695817579
vn 0 0.3987490799722319 -0.9170600695817579
vn 0 0.3987490799722319 -0.9170600695817579
vn 0 0.3987490799722319 -0.9170600695817579
vn 0 0.3987490799722319 -0.9170600695817579
vn 0 0.3987490799722319 -0.9170600695817579
vn 0 0.3987490799722319 -0.9170600695817579
vn 0 0.3987490799722319 -0.9170600695817579
vn 0 0.3987490799722319 -0.9170600695817579
vn 0 0.3987490799722319 -0.9170600695817579
vn 0 -0.3987490799722319 0.9170600695817579
vn 0 -0.3987490799722319 0.9170600695817579
vn 0 -0.3987490799722319 0.9170600695817579
vn 0 -0.3987490799722319 0.9170600695817579
vn 0 -0.3987490799722319 0.9170600695817579
vn 0 -0.3987490799722319 0.9170600695817579
vn 0 -0.3987490799722319 0.9170600695817579
vn 0 -0.3987490799722319 0.9170600695817579
vn 0 -0.3987490799722319 0.9170600695817579
vn 0 -0.3987490799722319 0.9170600695817579
vn 0 -0.3987490799722319 0.9170600695817579
vn 0 -0.3987490799722319 0.9170600695817579
vn 0 -0.3987490799722319 0.9170600695817579
vn 0 -0.3987490799722319 0.9170600695817579
vn 0 -0.3987490799722319 0.9170600695817579
vn 0 -0.3987490799722319 0.9170600695817579
vn 0 -0.3987490799722319 0.9170600695817579
vn 0 -0.3987490799722319 0.9170600695817579
vn 0 -0.3987490799722319 0.9170600695817579
vn 0 -0.3987490799722319 0.9170600695817579
vn 0 -0.3987490799722319 0.9170600695817579
vn 0 -0.3987490799722319 0.9170600695817579
vn 0 -0.3987490799722319 0.9170600695817579
vn 0 -0.3987490799722319 0.9170600695817579
vn 0 -0.3987490799722319 0.9170600695817579
vn 0 -0.3987490799722319 0.9170600695817579
vn 0 -0.3987490799722319 0.9170600695817579
vn 0 -0.3987490799722319 0.9170600695817579
vn 0 -0.3987490799722319 0.9170600695817579
vn 0 -0.3987490799722319 0.9170600695817579
vn 0 -0.3987490799722319 0.9170600695817579
vn 0 -0.3987490799722319 0.9170600695817579
vn 0 -0.3987490799722319 0.9170600695817579
f 3234//3234 3251//3251 3235//3235
f 3251//3251 3252//3252 3235//3235
f 3235//3235 3252//3252 3236//3236
f 3252//3252 3253//3253 3236//3236
f 3236//3236 3253//3253 3237//3237
f 3253//3253 3254//3254 3237//3237
f 3237//3237 3254//3254 3238//3238
f 3254//3254 3255//3255 3238//3238
f 3238//3238 3255//3255 3239//3239
f 3255//3255 3256//3256 3239//3239
f 3239//3239 3256//3256 3240//3240
f 3256//3256 3257//3257 3240//3240
f 3240//3240 3257//3257 3241//3241
f 3257//3257 3258//3258 3241//3241
f 3241//3241 3258//3258 3242//3242
f 3258//3258 3259//3259 3242//3242
f 3242//3242 3259//3259 3243//3243
f 3259//3259 3260//3260 3243//3243
f 3243//3243 3260//3260 3244//3244
f 3260//3260 3261//3261 3244//3244
f 3244//3244 3261//3261 3245//3245
f 3261//3261 3262//3262 3245//3245
f 3245//3245 3262//3262 3246//3246
f 3262//3262 3263//3263 3246//3246
f 3246//3246 3263//3263 3247//3247
f 3263//3263 3264//3264 3247//3247
f 3247//3247 3264//3264 3248//3248
f 3264//3264 3265//3265 3248//3248
f 3248//3248 3265//3265 3249//3249
f 3265//3265 3266//3266 3249//3249
f 3249//3249 3266//3266 3250//3250
f 3266//3266 3267//3267 3250//3250
f 3284//3284 3285//3285 3268//3268
f 3285//3285 3286//3286 3269//3269
f 3286//3286 3287//3287 3270//3270
f 3287//3287 3288//3288 3271//3271
f 3288//3288 3289//3289 3272//3272
f 3289//3289 3290//3290 3273//3273
f 3290//3290 3291//3291 3274//3274
f 3291//3291 3292//3292 3275//3275
f 3292//3292 3293//3293 3276//3276
f 3293//3293 3294//3294 3277//3277
f 3294//3294 3295//3295 3278//3278
f 3295//3295 3296//3296 3279//3279
f 3296//3296 3297//3297 3280//3280
f 3297//3297 3298//3298 3281//3281
f 3298//3298 3299//3299 3282//3282
f 3299//3299 3300//3300 3283//3283
f 3318//3318 3317//3317 3301//3301
f 3319//3319 3318//3318 3302//3302
f 3320//3320 3319//3319 3303//3303
f 3321//3321 3320//3320 3304//3304
f 3322//3322 3321//3321 3305//3305
f 3323//3323 3322//3322 3306//3306
f 3324//3324 3323//3323 3307//3307
f 3325//3325 3324//3324 3308//3308
f 3326//3326 3325//3325 3309//3309
f 3327//3327 3326//3326 3310//3310
f 3328//3328 3327//3327 3311//3311
f 3329//3329 3328//3328 3312//3312
f 3330//3330 3329//3329 3313//3313
f 3331//3331 3330//3330 3314//3314
f 3332//3332 3331//3331 3315//3315
f 3333//3333 3332//3332 3316//3316
o globe_map_surface
v 0 2.392494413551478 -16.302360446310743
v 0 2.392494413551478 -16.302360446310743
v 0 2.392494413551478 -16.302360446310743
v 0 2.392494413551478 -16.302360446310743
v 0 2.392494413551478 -16.302360446310743
v 0 2.392494413551478 -16.302360446310743
v 0 2.392494413551478 -16.302360446310743
v 0 2.392494413551478 -16.302360446310743
v 0 2.392494413551478 -16.302360446310743
v 0 2.392494413551478 -16.302360446310743
v 0 2.392494413551478 -16.302360446310743
v 0 2.392494413551478 -16.302360446310743
v 0 2.392494413551478 -16.302360446310743
v 0 2.392494413551478 -16.302360446310743
v 0 2.392494413551478 -16.302360446310743
v 0 2.392494413551478 -16.302360446310743
v 0 2.392494413551478 -16.302360446310743
v 0 2.392494413551478 -16.302360446310743
v 0 2.392494413551478 -16.302360446310743
v 0 2.392494413551478 -16.302360446310743
v 0 2.392494413551478 -16.302360446310743
v 0 2.392494413551478 -16.302360446310743
v 0 2.392494413551478 -16.302360446310743
v 0 2.392494413551478 -16.302360446310743
v 0 2.392494413551478 -16.302360446310743
v 0 2.392494413551478 -16.302360446310743
v 0 2.392494413551478 -16.302360446310743
v 0 2.392494413551478 -16.302360446310743
v 0 2.392494413551478 -16.302360446310743
v 0 2.392494413551478 -16.302360446310743
v 0 2.392494413551478 -16.302360446310743
v 0 2.392494413551478 -16.302360446310743
v 0 2.392494413551478 -16.302360446310743
v 0 2.392494413551478 -16.302360446310743
v 0 2.392494413551478 -16.302360446310743
v 0 2.392494413551478 -16.302360446310743
v 0 2.392494413551478 -16.302360446310743
v 0 2.392494413551478 -16.302360446310743
v 0 2.392494413551478 -16.302360446310743
v 0 2.392494413551478 -16.302360446310743
v 0 2.392494413551478 -16.302360446310743
v 0 2.392494413551478 -16.302360446310743
v 0 2.392494413551478 -16.302360446310743
v 0 2.392494413551478 -16.302360446310743
v 0 2.392494413551478 -16.302360446310743
v 0 2.392494413551478 -16.302360446310743
v 0 2.392494413551478 -16.302360446310743
v 0 2.392494413551478 -16.302360446310743
v 0 2.392494413551478 -16.302360446310743
v -0.5881028175354004 2.3809739295397416 -16.2758651470158
v -0.5830715298652649 2.451370051774093 -16.245256041919042
v -0.5680637359619141 2.5205616769968935 -16.21517066702851
v -0.5433361530303955 2.587364915408663 -16.186123792279606
v -0.5093119740486145 2.650636736337299 -16.15861242155352
v -0.4665733575820923 2.709294564220908 -16.133107272101398
v -0.41585150361061096 2.762334740374054 -16.110044747139902
v -0.358014315366745 2.808849727550092 -16.089819455094613
v -0.2940514087677002 2.8480436063459984 -16.072777471571435
v -0.2250572144985199 2.8792458224539232 -16.059210361881505
v -0.1522122174501419 2.901922501496466 -16.04935026121079
v -0.07676282525062561 2.9156855500898295 -16.043365917365207
v -3.6010914229524485e-17 2.920299543134857 -16.041359696091245
v 0.07676282525062561 2.9156855500898295 -16.043365917365207
v 0.1522122174501419 2.901922501496466 -16.04935026121079
v 0.2250572144985199 2.8792458224539232 -16.059210361881505
v 0.2940514087677002 2.8480436063459984 -16.072777471571435
v 0.358014315366745 2.808849727550092 -16.089819455094613
v 0.41585150361061096 2.762334740374054 -16.110044747139902
v 0.4665733575820923 2.709294564220908 -16.133107272101398
v 0.5093119740486145 2.650636736337299 -16.15861242155352
v 0.5433361530303955 2.587364915408663 -16.186123792279606
v 0.5680637359619141 2.5205616769968935 -16.21517066702851
v 0.5830715298652649 2.451370051774093 -16.245256041919042
v 0.5881028175354004 2.3809739295397416 -16.2758651470158
v 0.5830715298652649 2.3105778073053904 -16.306474252112558
v 0.5680637359619141 2.2413861820825898 -16.33655962700309
v 0.5433361530303955 2.17458294367082 -16.365606501751994
v 0.5093119740486145 2.111311122742184 -16.393117872478076
v 0.4665733575820923 2.052653294858575 -16.4186230219302
v 0.41585150361061096 1.9996131187054293 -16.441685546891694
v 0.358014315366745 1.9530981315293912 -16.461910838936983
v 0.2940514087677002 1.913904252733485 -16.478952822460165
v 0.2250572144985199 1.8827020366255602 -16.492519932150095
v 0.1522122174501419 1.8600253575830175 -16.50238003282081
v 0.07676282525062561 1.846262308989654 -16.508364376666393
v 1.08032739379851e-16 1.8416483159446264 -16.510370597940355
v -0.07676282525062561 1.846262308989654 -16.508364376666393
v -0.1522122174501419 1.8600253575830175 -16.50238003282081
v -0.2250572144985199 1.8827020366255602 -16.492519932150095
v -0.2940514087677002 1.913904252733485 -16.478952822460165
v -0.358014315366745 1.9530981315293912 -16.461910838936983
v -0.41585150361061096 1.9996131187054293 -16.441685546891694
v -0.4665733575820923 2.052653294858575 -16.4186230219302
v -0.5093119740486145 2.111311122742184 -16.393117872478076
v -0.5433361530303955 2.17458294367082 -16.365606501751994
v -0.5680637359619141 2.2413861820825898 -16.33655962700309
v -0.5830715298652649 2.3105778073053904 -16.306474252112558
v -0.5881028175354004 2.3809739295397416 -16.2758651470158
v -1.1705418825149536 2.3465233281759117 -16.19663418822139
v -1.1605278253555298 2.486637611765848 -16.135710763807698
v -1.1306567192077637 2.6243545168036784 -16.07582974925593
v -1.081439733505249 2.7573176331867537 -16.018015740839196
v -1.013719081878662 2.8832519411009447 -15.963257945325966
v -0.928653359413147 3.0000027296810976 -15.912493257664867
v -0.8276981115341187 3.1055722199078173 -15.866590336895973
v -0.7125808000564575 3.1981542470373276 -15.826334525801093
v -0.5852709412574768 3.2761646248091774 -15.792414648170515
v -0.4479469954967499 3.338268530627264 -15.765411101387404
v -0.30295854806900024 3.3834034631966237 -15.745785874163218
v -0.15278637409210205 3.41079706202246 -15.733874798399029
v -7.167502140670754e-17 3.4199805540259782 -15.729881702430545
v 0.15278637409210205 3.41079706202246 -15.733874798399029
v 0.30295854806900024 3.3834034631966237 -15.745785874163218
v 0.4479469954967499 3.338268530627264 -15.765411101387404
v 0.5852709412574768 3.2761646248091774 -15.792414648170515
v 0.7125808000564575 3.1981542470373276 -15.826334525801093
v 0.8276981115341187 3.1055722199078173 -15.866590336895973
v 0.928653359413147 3.0000027296810976 -15.912493257664867
v 1.013719081878662 2.8832519411009447 -15.963257945325966
v 1.081439733505249 2.7573176331867537 -16.018015740839196
v 1.1306567192077637 2.6243545168036784 -16.07582974925593
v 1.1605278253555298 2.486637611765848 -16.135710763807698
v 1.1705418825149536 2.3465233281759117 -16.19663418822139
v 1.1605278253555298 2.206409044585975 -16.257557612635075
v 1.1306567192077637 2.068692139548145 -16.317438627186846
v 1.081439733505249 1.9357290231650697 -16.375252635603577
v 1.013719081878662 1.8097947152508786 -16.43001043111681
v 0.928653359413147 1.6930439266707258 -16.480775118777906
v 0.8276981115341187 1.5874744364440063 -16.526678039546802
v 0.7125808000564575 1.494892409314496 -16.566933850641682
v 0.5852709412574768 1.4168820315426462 -16.60085372827226
v 0.4479469954967499 1.3547781257245595 -16.627857275055373
v 0.30295854806900024 1.3096431931552 -16.64748250227956
v 0.15278637409210205 1.2822495943293635 -16.659393578043748
v 2.150250708375675e-16 1.2730661023258454 -16.66338667401223
v -0.15278637409210205 1.2822495943293635 -16.659393578043748
v -0.30295854806900024 1.3096431931552 -16.64748250227956
v -0.4479469954967499 1.3547781257245595 -16.627857275055373
v -0.5852709412574768 1.4168820315426462 -16.60085372827226
v -0.7125808000564575 1.494892409314496 -16.566933850641682
v -0.8276981115341187 1.5874744364440063 -16.526678039546802
v -0.928653359413147 1.6930439266707258 -16.480775118777906
v -1.013719081878662 1.8097947152508786 -16.43001043111681
v -1.081439733505249 1.9357290231650697 -16.375252635603577
v -1.1306567192077637 2.068692139548145 -16.317438627186846
v -1.1605278253555298 2.206409044585975 -16.257557612635075
v -1.1705418825149536 2.3465233281759112 -16.19663418822139
v -1.7417080402374268 2.2894744009206334 -16.065430638045513
v -1.7268074750900269 2.497957483433421 -15.974779613798951
v -1.6823607683181763 2.7028733591471537 -15.885679655212662
v -1.609128475189209 2.900715850313905 -15.79965529176026
v -1.5083634853363037 3.0880998533892847 -15.718178408353367
v -1.3817899227142334 3.26181919774325 -15.642643087658163
v -1.2315735816955566 3.418901361361114 -15.574341819031478
v -1.0602847337722778 3.556658770229563 -15.514443192912923
v -0.8708540201187134 3.672734330982949 -15.46397210266682
v -0.6665228009223938 3.765141880072871 -15.423792156782714
v -0.450787216424942 3.8323002922571145 -15.394590848082277
v -0.2273385226726532 3.8730605924754817 -15.376867765140208
v -1.0664885959760489e-16 3.8867253058579365 -15.370926178661222
v 0.2273385226726532 3.8730605924754817 -15.376867765140208
v 0.450787216424942 3.8323002922571145 -15.394590848082277
v 0.6665228009223938 3.765141880072871 -15.423792156782714
v 0.8708540201187134 3.672734330982949 -15.46397210266682
v 1.0602847337722778 3.556658770229563 -15.514443192912923
v 1.2315735816955566 3.418901361361114 -15.574341819031478
v 1.3817899227142334 3.26181919774325 -15.642643087658163
v 1.5083634853363037 3.0880998533892847 -15.718178408353367
v 1.609128475189209 2.900715850313905 -15.79965529176026
v 1.6823607683181763 2.7028733591471537 -15.885679655212662
v 1.7268074750900269 2.497957483433421 -15.974779613798951
v 1.7417080402374268 2.2894744009206334 -16.065430638045513
v 1.7268074750900269 2.080991318407846 -16.156081662292074
v 1.6823607683181763 1.8760754426941133 -16.245181620878363
v 1.609128475189209 1.678232951527362 -16.331205984330765
v 1.5083634853363037 1.490848948451982 -16.412682867737658
v 1.3817899227142334 1.3171296040980172 -16.48821818843286
v 1.2315735816955566 1.1600474404801528 -16.556519457059544
v 1.0602847337722778 1.0222900316117038 -16.6164180831781
v 0.8708540201187134 0.906214470858318 -16.666889173424202
v 0.6665228009223938 0.8138069217683963 -16.707069119308308
v 0.450787216424942 0.7466485095841524 -16.736270428008744
v 0.2273385226726532 0.7058882093657852 -16.753993510950814
v 3.1994657879281466e-16 0.6922234959833304 -16.7599350974298
v -0.2273385226726532 0.7058882093657852 -16.753993510950814
v -0.450787216424942 0.7466485095841524 -16.736270428008744
v -0.6665228009223938 0.8138069217683963 -16.707069119308308
v -0.8708540201187134 0.906214470858318 -16.666889173424202
v -1.0602847337722778 1.0222900316117038 -16.6164180831781
v -1.2315735816955566 1.1600474404801528 -16.556519457059544
v -1.3817899227142334 1.3171296040980172 -16.48821818843286
v -1.5083634853363037 1.490848948451982 -16.412682867737658
v -1.609128475189209 1.678232951527362 -16.331205984330765
v -1.6823607683181763 1.8760754426941133 -16.245181620878363
v -1.7268074750900269 2.080991318407846 -16.156081662292074
v -1.7417080402374268 2.289474400920633 -16.065430638045513
v -2.296100616455078 2.2103766476714783 -15.88351825973231
v -2.2764570713043213 2.485220719786887 -15.764012655991877
v -2.217862844467163 2.755362138650434 -15.6465518240805
v -2.1213202476501465 3.0161786574000575 -15.533145574133934
v -1.9884814023971558 3.26320774873249 -15.425734268247238
v -1.8216190338134766 3.492222529087782 -15.326155807699797
v -1.6235883235931396 3.6993046764766215 -15.236113927381645
v -1.3977774381637573 3.880910734321823 -15.15714936606268
v -1.148050308227539 4.033933550467251 -15.090613151951278
v -0.878679633140564 4.155754751776192 -15.037643786089543
v -0.5942745804786682 4.2442901127945385 -14.999147515497132
v -0.2997012734413147 4.298024538816361 -14.975783122101419
v -1.405956107829523e-16 4.316038849793502 -14.967950276762163
v 0.2997012734413147 4.298024538816361 -14.975783122101419
v 0.5942745804786682 4.2442901127945385 -14.999147515497132
v 0.878679633140564 4.155754751776192 -15.037643786089543
v 1.148050308227539 4.033933550467251 -15.090613151951278
v 1.3977774381637573 3.880910734321823 -15.15714936606268
v 1.6235883235931396 3.6993046764766215 -15.236113927381645
v 1.8216190338134766 3.492222529087782 -15.326155807699797
v 1.9884814023971558 3.26320774873249 -15.425734268247238
v 2.1213202476501465 3.0161786574000575 -15.533145574133934
v 2.217862844467163 2.755362138650434 -15.6465518240805
v 2.2764570713043213 2.485220719786887 -15.764012655991877
v 2.296100616455078 2.210376647671479 -15.88351825973231
v 2.2764570713043213 1.9355325755560702 -16.003023863472745
v 2.217862844467163 1.6653911566925228 -16.12048469538412
v 2.1213202476501465 1.4045746379428994 -16.233890945330685
v 1.9884814023971558 1.157545546610467 -16.341302251217385
v 1.8216190338134766 0.9285307662551752 -16.440880711764827
v 1.6235883235931396 0.7214486188663352 -16.530922592082977
v 1.3977774381637573 0.5398425610211339 -16.609887153401942
v 1.148050308227539 0.38681974487570714 -16.676423367513344
v 0.878679633140564 0.26499854356676544 -16.72939273337508
v 0.5942745804786682 0.1764631825484193 -16.76788900396749
v 0.2997012734413147 0.1227287565265962 -16.791253397363203
v 4.217868323488569e-16 0.1047144455494553 -16.799086242702458
v -0.2997012734413147 0.1227287565265962 -16.791253397363203
v -0.5942745804786682 0.1764631825484193 -16.76788900396749
v -0.878679633140564 0.26499854356676544 -16.72939273337508
v -1.148050308227539 0.38681974487570714 -16.676423367513344
v -1.3977774381637573 0.5398425610211339 -16.609887153401942
v -1.6235883235931396 0.7214486188663352 -16.530922592082977
v -1.8216190338134766 0.9285307662551752 -16.440880711764827
v -1.9884814023971558 1.157545546610467 -16.341302251217385
v -2.1213202476501465 1.4045746379428994 -16.233890945330685
v -2.217862844467163 1.6653911566925228 -16.12048469538412
v -2.2764570713043213 1.9355325755560702 -16.003023863472745
v -2.296100616455078 2.210376647671478 -15.88351825973231
v -2.8283803462982178 2.1099917627501346 -15.65264883029079
v -2.8041832447052 2.4485499182685877 -15.505439554627417
v -2.7320055961608887 2.78131526075399 -15.36074906575665
v -2.6130828857421875 3.1025940503082388 -15.221053072245994
v -2.449449300765991 3.4068891081329675 -15.08874181546435
v -2.2439050674438477 3.6889939701708996 -14.96607913041361
v -1.9999669790267944 3.9440816293042382 -14.855163859522618
v -1.721808910369873 4.167787510813347 -14.757893773890913
v -1.4141901731491089 4.356283920713185 -14.675933202230755
v -1.0823743343353271 4.50634574832336 -14.610684462576597
v -0.7320387363433838 4.615405017986014 -14.563264142523073
v -0.3691777288913727 4.681596257729004 -14.534483372368815
v -1.731883533323341e-16 4.703786453515801 -14.524834800637908
v 0.3691777288913727 4.681596257729004 -14.534483372368815
v 0.7320387363433838 4.615405017986014 -14.563264142523073
v 1.0823743343353271 4.50634574832336 -14.610684462576597
v 1.4141901731491089 4.356283920713185 -14.675933202230755
v 1.721808910369873 4.167787510813347 -14.757893773890913
v 1.9999669790267944 3.9440816293042382 -14.855163859522618
v 2.2439050674438477 3.6889939701708996 -14.96607913041361
v 2.449449300765991 3.4068891081329675 -15.08874181546435
v 2.6130828857421875 3.1025940503082388 -15.221053072245994
v 2.7320055961608887 2.78131526075399 -15.36074906575665
v 2.8041832447052 2.4485499182685877 -15.505439554627417
v 2.8283803462982178 2.109991762750135 -15.65264883029079
v 2.8041832447052 1.7714336072316814 -15.799858105954161
v 2.7320055961608887 1.4386682647462792 -15.944548594824926
v 2.6130828857421875 1.1173894751920306 -16.084244588335583
v 2.449449300765991 0.8130944173673016 -16.216555845117227
v 2.2439050674438477 0.5309895553293695 -16.33921853016797
v 1.9999669790267944 0.2759018961960309 -16.45013380105896
v 1.721808910369873 0.05219601468692291 -16.547403886690667
v 1.4141901731491089 -0.13630039521291537 -16.629364458350825
v 1.0823743343353271 -0.28636222282309043 -16.69461319800498
v 0.7320387363433838 -0.3954214924857451 -16.742033518058506
v 0.3691777288913727 -0.46161273222873445 -16.77081428821276
v 5.195650335272227e-16 -0.4838029280155316 -16.78046285994367
v -0.3691777288913727 -0.46161273222873445 -16.77081428821276
v -0.7320387363433838 -0.3954214924857451 -16.742033518058506
v -1.0823743343353271 -0.28636222282309043 -16.69461319800498
v -1.4141901731491089 -0.13630039521291537 -16.629364458350825
v -1.721808910369873 0.05219601468692291 -16.547403886690667
v -1.9999669790267944 0.2759018961960309 -16.45013380105896
v -2.2439050674438477 0.5309895553293695 -16.33921853016797
v -2.449449300765991 0.8130944173673016 -16.216555845117227
v -2.6130828857421875 1.1173894751920306 -16.084244588335583
v -2.7320055961608887 1.4386682647462792 -15.944548594824926
v -2.8041832447052 1.7714336072316814 -15.799858105954161
v -2.8283803462982178 2.109991762750134 -15.65264883029079
v -3.333421468734741 1.9892864096442344 -15.375045523538663
v -3.304903507232666 2.3882981448619574 -15.201550283311363
v -3.2198379039764404 2.7804826615262104 -15.031023602197672
v -3.0796797275543213 3.159129633717502 -14.86638321294741
v -2.8868277072906494 3.5177602796816596 -14.71044617004196
v -2.6445810794830322 3.8502383510714924 -14.565880590198518
v -2.3570849895477295 4.150874945490934 -14.435160078578832
v -2.0292584896087646 4.414526131112436 -14.320521280397482
v -1.6667107343673706 4.636680841629235 -14.223925663108913
v -1.275645136833191 4.813537729677559 -14.147026099588421
v -0.8627529144287109 4.942071197372911 -14.091138157237841
v -0.435098797082901 5.020081465822681 -14.057218327141857
v -2.041131953643436e-16 5.046234149719086 -14.045846816545257
v 0.435098797082901 5.020081465822681 -14.057218327141857
v 0.8627529144287109 4.942071197372911 -14.091138157237841
v 1.275645136833191 4.813537729677559 -14.147026099588421
v 1.6667107343673706 4.636680841629235 -14.223925663108913
v 2.0292584896087646 4.414526131112436 -14.320521280397482
v 2.3570849895477295 4.150874945490934 -14.435160078578832
v 2.6445810794830322 3.8502383510714924 -14.565880590198518
v 2.8868277072906494 3.5177602796816596 -14.71044617004196
v 3.0796797275543213 3.159129633717502 -14.86638321294741
v 3.2198379039764404 2.7804826615262104 -15.031023602197672
v 3.304903507232666 2.3882981448619574 -15.201550283311363
v 3.333421468734741 1.9892864096442349 -15.375045523538663
v 3.304903507232666 1.5902746744265113 -15.548540763765963
v 3.2198379039764404 1.1980901577622582 -15.719067444879654
v 3.0796797275543213 0.8194431855709665 -15.883707834129916
v 2.8868277072906494 0.4608125396068088 -16.039644877035364
v 2.6445810794830322 0.12833446821697625 -16.18421045687881
v 2.3570849895477295 -0.17230212620246554 -16.314930968498494
v 2.0292584896087646 -0.4359533118239667 -16.429569766679844
v 1.6667107343673706 -0.6581080223407656 -16.52616538396841
v 1.275645136833191 -0.8349649103890902 -16.603064947488903
v 0.8627529144287109 -0.9634983780844419 -16.658952889839483
v 0.435098797082901 -1.0415086465342118 -16.69287271993547
v 6.123395993279206e-16 -1.0676613304306168 -16.70424423053207
v -0.435098797082901 -1.0415086465342118 -16.69287271993547
v -0.8627529144287109 -0.9634983780844419 -16.658952889839483
v -1.275645136833191 -0.8349649103890902 -16.603064947488903
v -1.6667107343673706 -0.6581080223407656 -16.52616538396841
v -2.0292584896087646 -0.4359533118239667 -16.429569766679844
v -2.3570849895477295 -0.17230212620246554 -16.314930968498494
v -2.6445810794830322 0.12833446821697625 -16.18421045687881
v -2.8868277072906494 0.4608125396068088 -16.039644877035364
v -3.0796797275543213 0.8194431855709665 -15.883707834129916
v -3.2198379039764404 1.1980901577622582 -15.719067444879654
v -3.304903507232666 1.5902746744265113 -15.548540763765963
v -3.333421468734741 1.9892864096442338 -15.375045523538663
v -3.8063597679138184 1.8494232845038316 -15.053382357551335
v -3.7737958431243896 2.3050459009803137 -14.855272005595282
v -3.676661252975464 2.752872705275032 -14.66055136924873
v -3.516617774963379 3.1852412581437535 -14.472552171917458
v -3.2964041233062744 3.594753570453626 -14.29449115082626
v -3.0197882652282715 3.9744026981517537 -14.12941501195999
v -2.691502809524536 4.317693051214174 -13.980148118243742
v -2.317164897918701 4.618750535641396 -13.849244598440176
v -1.9031798839569092 4.872423895026514 -13.738944282581617
v -1.456630825996399 5.074373042795798 -13.651134294018718
v -0.985158383846283 5.221142526646414 -13.58731710617384
v -0.496829628944397 5.310220781113757 -13.54858477879152
v -2.3307231215379226e-16 5.340083856403422 -13.535599944101184
v 0.496829628944397 5.310220781113757 -13.54858477879152
v 0.985158383846283 5.221142526646414 -13.58731710617384
v 1.456630825996399 5.074373042795798 -13.651134294018718
v 1.9031798839569092 4.872423895026514 -13.738944282581617
v 2.317164897918701 4.618750535641396 -13.849244598440176
v 2.691502809524536 4.317693051214174 -13.980148118243742
v 3.0197882652282715 3.9744026981517537 -14.12941501195999
v 3.2964041233062744 3.594753570453626 -14.29449115082626
v 3.516617774963379 3.1852412581437535 -14.472552171917458
v 3.676661252975464 2.752872705275032 -14.66055136924873
v 3.7737958431243896 2.3050459009803137 -14.855272005595282
v 3.8063597679138184 1.849423284503832 -15.053382357551335
v 3.7737958431243896 1.3938006680273494 -15.251492709507389
v 3.676661252975464 0.9459738637326308 -15.446213345853941
v 3.516617774963379 0.5136053108639094 -15.634212543185212
v 3.2964041233062744 0.10409299855403686 -15.81227356427641
v 3.0197882652282715 -0.27555612914409067 -15.97734970314268
v 2.691502809524536 -0.6188464822065096 -16.12661659685893
v 2.317164897918701 -0.9199039666337316 -16.257520116662494
v 1.9031798839569092 -1.1735773260188498 -16.367820432521054
v 1.456630825996399 -1.375526473788134 -16.455630421083953
v 0.985158383846283 -1.5222959576387505 -16.51944760892883
v 0.496829628944397 -1.611374212106093 -16.55817993631115
v 6.992169099915972e-16 -1.641237287395758 -16.571164771001484
v -0.496829628944397 -1.611374212106093 -16.55817993631115
v -0.985158383846283 -1.5222959576387505 -16.51944760892883
v -1.456630825996399 -1.375526473788134 -16.455630421083953
v -1.9031798839569092 -1.1735773260188498 -16.367820432521054
v -2.317164897918701 -0.9199039666337316 -16.257520116662494
v -2.691502809524536 -0.6188464822065096 -16.12661659685893
v -3.0197882652282715 -0.27555612914409067 -15.97734970314268
v -3.2964041233062744 0.10409299855403686 -15.81227356427641
v -3.516617774963379 0.5136053108639094 -15.634212543185212
v -3.676661252975464 0.9459738637326308 -15.446213345853941
v -3.7737958431243896 1.3938006680273494 -15.251492709507389
v -3.8063597679138184 1.8494232845038308 -15.053382357551335
v -4.242640495300293 1.691748947285538 -14.690756208209427
v -4.206344127655029 2.1995945573675937 -14.469938652376165
v -4.098076343536377 2.6987508112474727 -14.252899336150051
v -3.9196889400482178 3.1806769760906812 -14.043351875858761
v -3.674234628677368 3.637127051390251 -13.844881734566659
v -3.365913152694702 4.060291395721306 -13.660884641009286
v -3 4.442929170440911 -13.494509001433688
v -2.5827560424804688 4.778493513469609 -13.348601472489175
v -2.1213202476501465 5.061242829168804 -13.22565857101143
v -1.6235883235931396 5.286339178212705 -13.127783892888615
v -1.0980762243270874 5.449931143724926 -13.056652081839719
v -0.5537757277488708 5.549219205882289 -13.013480403727808
v -2.5978680486790683e-16 5.582505155494965 -12.99900726092389
v 0.5537757277488708 5.549219205882289 -13.013480403727808
v 1.0980762243270874 5.449931143724926 -13.056652081839719
v 1.6235883235931396 5.286339178212705 -13.127783892888615
v 2.1213202476501465 5.061242829168804 -13.22565857101143
v 2.5827560424804688 4.778493513469609 -13.348601472489175
v 3 4.442929170440911 -13.494509001433688
v 3.365913152694702 4.060291395721306 -13.660884641009286
v 3.674234628677368 3.637127051390251 -13.844881734566659
v 3.9196889400482178 3.1806769760906812 -14.043351875858761
v 4.098076343536377 2.6987508112474727 -14.252899336150051
v 4.206344127655029 2.1995945573675937 -14.469938652376165
v 4.242640495300293 1.6917489472855385 -14.690756208209427
v 4.206344127655029 1.1839033372034822 -14.91157376404269
v 4.098076343536377 0.6847470833236031 -15.128613080268803
v 3.9196889400482178 0.20282091848039463 -15.338160540560093
v 3.674234628677368 -0.2536291568191751 -15.536630681852195
v 3.365913152694702 -0.6767935011502293 -15.720627775409568
v 3 -1.059431275869834 -15.887003414985166
v 2.5827560424804688 -1.394995618898533 -16.03291094392968
v 2.1213202476501465 -1.6777449345977278 -16.155853845407425
v 1.6235883235931396 -1.9028412836416284 -16.25372852353024
v 1.0980762243270874 -2.066433249153849 -16.324860334579135
v 0.5537757277488708 -2.1657213113112133 -16.368032012691046
v 7.793604675432797e-16 -2.199007260923888 -16.382505155494965
v -0.5537757277488708 -2.1657213113112133 -16.368032012691046
v -1.0980762243270874 -2.066433249153849 -16.324860334579135
v -1.6235883235931396 -1.9028412836416284 -16.25372852353024
v -2.1213202476501465 -1.6777449345977278 -16.155853845407425
v -2.5827560424804688 -1.394995618898533 -16.03291094392968
v -3 -1.059431275869834 -15.887003414985166
v -3.365913152694702 -0.6767935011502293 -15.720627775409568
v -3.674234628677368 -0.2536291568191751 -15.536630681852195
v -3.9196889400482178 0.20282091848039463 -15.338160540560093
v -4.098076343536377 0.6847470833236031 -15.128613080268803
v -4.206344127655029 1.1839033372034822 -14.91157376404269
v -4.242640495300293 1.6917489472855372 -14.690756208209427
v -4.638062953948975 1.517782413450152 -14.29066057189959
v -4.59838342666626 2.072960165925298 -14.049262414820399
v -4.480024337768555 2.618638704230052 -13.811994633614898
v -4.285011291503906 3.1454812668048144 -13.582916967751261
v -4.0166802406311035 3.644473592225819 -13.365948929647676
v -3.6796226501464844 4.107077407405371 -13.164803066103465
v -3.2796056270599365 4.525377793755609 -12.982920881667443
v -2.8234736919403076 4.892217434702674 -12.823414466157432
v -2.3190314769744873 5.2013194937045695 -12.689013065777504
v -1.7749097347259521 5.447395187177821 -12.582016309078242
v -1.2004189491271973 5.62623386589135 -12.504255038451936
v -0.6053886413574219 5.734776260760033 -12.457059461955136
v -2.839994269536282e-16 5.771164771001486 -12.44123728739576
v 0.6053886413574219 5.734776260760033 -12.457059461955136
v 1.2004189491271973 5.62623386589135 -12.504255038451936
v 1.7749097347259521 5.447395187177821 -12.582016309078242
v 2.3190314769744873 5.2013194937045695 -12.689013065777504
v 2.8234736919403076 4.892217434702674 -12.823414466157432
v 3.2796056270599365 4.525377793755609 -12.982920881667443
v 3.6796226501464844 4.107077407405371 -13.164803066103465
v 4.0166802406311035 3.644473592225819 -13.365948929647676
v 4.285011291503906 3.1454812668048144 -13.582916967751261
v 4.480024337768555 2.618638704230052 -13.811994633614898
v 4.59838342666626 2.072960165925298 -14.049262414820399
v 4.638062953948975 1.5177824134501525 -14.29066057189959
v 4.59838342666626 0.9626046609750056 -14.532058728978782
v 4.480024337768555 0.4169261226702521 -14.769326510184282
v 4.285011291503906 -0.10991643990451028 -14.99840417604792
v 4.0166802406311035 -0.6089087653255152 -15.215372214151506
v 3.6796226501464844 -1.0715125805050671 -15.416518077695716
v 3.2796056270599365 -1.4898129668553046 -15.598400262131738
v 2.8234736919403076 -1.85665260780237 -15.75790667764175
v 2.3190314769744873 -2.1657546668042658 -15.892308078021678
v 1.7749097347259521 -2.411830360277517 -15.99930483472094
v 1.2004189491271973 -2.590669038991045 -16.077066105347242
v 0.6053886413574219 -2.6992114338597295 -16.124261681844047
v 8.519983073306643e-16 -2.7355999441011827 -16.14008385640342
v -0.6053886413574219 -2.6992114338597295 -16.124261681844047
v -1.2004189491271973 -2.590669038991045 -16.077066105347242
v -1.7749097347259521 -2.411830360277517 -15.99930483472094
v -2.3190314769744873 -2.1657546668042658 -15.892308078021678
v -2.8234736919403076 -1.85665260780237 -15.75790667764175
v -3.2796056270599365 -1.4898129668553046 -15.598400262131738
v -3.6796226501464844 -1.0715125805050671 -15.416518077695716
v -4.0166802406311035 -0.6089087653255152 -15.215372214151506
v -4.285011291503906 -0.10991643990451028 -14.99840417604792
v -4.480024337768555 0.4169261226702521 -14.769326510184282
v -4.59838342666626 0.9626046609750056 -14.532058728978782
v -4.638062953948975 1.517782413450151 -14.29066057189959
v -4.9888176918029785 1.3291987069934055 -13.856947740074851
v -4.946137428283691 1.9263619868978783 -13.597293756100127
v -4.8188276290893555 2.5133075879225735 -13.342082545345708
v -4.609066486358643 3.079992801176663 -13.095680801915453
v -4.3204426765441895 3.6167214687627367 -12.862304535252735
v -3.957895278930664 4.114309880033116 -12.645946936395223
v -3.5276267528533936 4.564244359368092 -12.450309856858771
v -3.0369997024536133 4.958826445898092 -12.278740682697622
v -2.4944088459014893 5.291304189321685 -12.134175245457957
v -1.9091378450393677 5.555989561819445 -12.019086770024787
v -1.2912009954452515 5.748353130975182 -11.93544470966422
v -0.6511713862419128 5.865103864894294 -11.884680045770418
v -3.0547697965266547e-16 5.904244230532068 -11.867661330430618
v 0.6511713862419128 5.865103864894294 -11.884680045770418
v 1.2912009954452515 5.748353130975182 -11.93544470966422
v 1.9091378450393677 5.555989561819445 -12.019086770024787
v 2.4944088459014893 5.291304189321685 -12.134175245457957
v 3.0369997024536133 4.958826445898092 -12.278740682697622
v 3.5276267528533936 4.564244359368092 -12.450309856858771
v 3.957895278930664 4.114309880033116 -12.645946936395223
v 4.3204426765441895 3.6167214687627367 -12.862304535252735
v 4.609066486358643 3.079992801176663 -13.095680801915453
v 4.8188276290893555 2.5133075879225735 -13.342082545345708
v 4.946137428283691 1.9263619868978783 -13.597293756100127
v 4.9888176918029785 1.3291987069934061 -13.856947740074851
v 4.946137428283691 0.7320354270889325 -14.116601724049577
v 4.8188276290893555 0.14508982606423704 -14.371812934803998
v 4.609066486358643 -0.42159538718985257 -14.618214678234251
v 4.3204426765441895 -0.9583240547759257 -14.85159094489697
v 3.957895278930664 -1.4559124660463048 -15.06794854375448
v 3.5276267528533936 -1.9058469453812812 -15.263585623290933
v 3.0369997024536133 -2.3004290319112806 -15.435154797452082
v 2.4944088459014893 -2.6329067753348734 -15.579720234691745
v 1.9091378450393677 -2.897592147832633 -15.694808710124917
v 1.2912009954452515 -3.0899557169883702 -15.778450770485485
v 0.6511713862419128 -3.206706450907483 -15.829215434379286
v 9.164309918975556e-16 -3.245846816545257 -15.846234149719086
v -0.6511713862419128 -3.206706450907483 -15.829215434379286
v -1.2912009954452515 -3.0899557169883702 -15.778450770485485
v -1.9091378450393677 -2.897592147832633 -15.694808710124917
v -2.4944088459014893 -2.6329067753348734 -15.579720234691745
v -3.0369997024536133 -2.3004290319112806 -15.435154797452082
v -3.5276267528533936 -1.9058469453812812 -15.263585623290933
v -3.957895278930664 -1.4559124660463048 -15.06794854375448
v -4.3204426765441895 -0.9583240547759257 -14.85159094489697
v -4.609066486358643 -0.42159538718985257 -14.618214678234251
v -4.8188276290893555 0.14508982606423704 -14.371812934803998
v -4.946137428283691 0.7320354270889325 -14.116601724049577
v -4.9888176918029785 1.3291987069934044 -13.856947740074853
v -5.29152774810791 1.1278140296528805 -13.393794690765667
v -5.246257781982422 1.761211784988167 -13.118385508473407
v -5.111223220825195 2.38377189592832 -12.847688668079577
v -4.888733863830566 2.98484218298683 -12.586335869045215
v -4.582597255706787 3.5541384447982742 -12.3387988093906
v -4.1980509757995605 4.081919428107266 -12.109313106578801
v -3.7416751384735107 4.559154910466368 -11.901805213078614
v -3.221277952194214 4.977678969792168 -11.719825772864871
v -2.645763874053955 5.330331009848412 -11.566488301793196
v -2.024979829788208 5.6110766704664155 -11.444416614339907
v -1.3695480823516846 5.815112776741808 -11.355699190392523
v -0.6906829476356506 5.938947581441217 -11.301854284858349
v -3.240126281072109e-16 5.980462859943669 -11.283802928015533
v 0.6906829476356506 5.938947581441217 -11.301854284858349
v 1.3695480823516846 5.815112776741808 -11.355699190392523
v 2.024979829788208 5.6110766704664155 -11.444416614339907
v 2.645763874053955 5.330331009848412 -11.566488301793196
v 3.221277952194214 4.977678969792168 -11.719825772864871
v 3.7416751384735107 4.559154910466368 -11.901805213078614
v 4.1980509757995605 4.081919428107266 -12.109313106578801
v 4.582597255706787 3.5541384447982742 -12.3387988093906
v 4.888733863830566 2.98484218298683 -12.586335869045215
v 5.111223220825195 2.38377189592832 -12.847688668079577
v 5.246257781982422 1.761211784988167 -13.118385508473407
v 5.29152774810791 1.1278140296528811 -13.393794690765667
v 5.246257781982422 0.49441627431759394 -13.669203873057928
v 5.111223220825195 -0.12814383662255935 -13.939900713451758
v 4.888733863830566 -0.7292141236810694 -14.201253512486119
v 4.582597255706787 -1.2985103854925137 -14.448790572140734
v 4.1980509757995605 -1.8262913688015052 -14.678276274952534
v 3.7416751384735107 -2.303526851160607 -14.885784168452721
v 3.221277952194214 -2.722050910486407 -15.067763608666464
v 2.645763874053955 -3.0747029505426506 -15.221101079738137
v 2.024979829788208 -3.355448611160654 -15.343172767191426
v 1.3695480823516846 -3.5594847174360464 -15.431890191138812
v 0.6906829476356506 -3.6833195221354553 -15.485735096672986
v 9.720378578518532e-16 -3.724834800637908 -15.5037864535158
v -0.6906829476356506 -3.6833195221354553 -15.485735096672986
v -1.3695480823516846 -3.5594847174360464 -15.431890191138812
v -2.024979829788208 -3.355448611160654 -15.343172767191426
v -2.645763874053955 -3.0747029505426506 -15.221101079738137
v -3.221277952194214 -2.722050910486407 -15.067763608666464
v -3.7416751384735107 -2.303526851160607 -14.885784168452721
v -4.1980509757995605 -1.8262913688015052 -14.678276274952534
v -4.582597255706787 -1.2985103854925137 -14.448790572140734
v -4.888733863830566 -0.7292141236810694 -14.201253512486119
v -5.111223220825195 -0.12814383662255935 -13.939900713451758
v -5.246257781982422 0.49441627431759394 -13.669203873057928
v -5.29152774810791 1.1278140296528794 -13.393794690765667
v -5.543277263641357 0.9155679829701471 -12.905662202122024
v -5.495853900909424 1.5791002603195967 -12.617150156744472
v -5.354394435882568 2.231279330344903 -12.333574626406957
v -5.1213202476501465 2.86094608707486 -12.059787728479256
v -4.800618648529053 3.457327112836302 -11.800473878286285
v -4.397777557373047 4.010217847399045 -11.560070144897164
v -3.9196889400482178 4.510158213897314 -11.342689886801212
v -3.3745334148406982 4.948594196863903 -11.152052495779177
v -2.7716386318206787 5.318023677884814 -10.99141998575589
v -2.1213202476501465 5.612126310230233 -10.863540521703516
v -1.4347057342529297 5.82586934262791 -10.77060240615533
v -0.7235428690910339 5.955596170147918 -10.714195576185208
v -3.3942783365385114e-16 5.999086242702457 -10.695285554450546
v 0.7235428690910339 5.955596170147918 -10.714195576185208
v 1.4347057342529297 5.82586934262791 -10.77060240615533
v 2.1213202476501465 5.612126310230233 -10.863540521703516
v 2.7716386318206787 5.318023677884814 -10.99141998575589
v 3.3745334148406982 4.948594196863903 -11.152052495779177
v 3.9196889400482178 4.510158213897314 -11.342689886801212
v 4.397777557373047 4.010217847399045 -11.560070144897164
v 4.800618648529053 3.457327112836302 -11.800473878286285
v 5.1213202476501465 2.86094608707486 -12.059787728479256
v 5.354394435882568 2.231279330344903 -12.333574626406957
v 5.495853900909424 1.5791002603195967 -12.617150156744472
v 5.543277263641357 0.9155679829701477 -12.905662202122024
v 5.495853900909424 0.25203570562069744 -13.194174247499575
v 5.354394435882568 -0.4001433644046086 -13.477749777837092
v 5.1213202476501465 -1.029810121134566 -13.751536675764793
v 4.800618648529053 -1.626191146896008 -14.010850525957764
v 4.397777557373047 -2.1790818814587505 -14.251254259346883
v 3.9196889400482178 -2.6790222479570196 -14.468634517442837
v 3.3745334148406982 -3.1174582309236087 -14.65927190846487
v 2.7716386318206787 -3.48688771194452 -14.819904418488157
v 2.1213202476501465 -3.7809903442899384 -14.94778388254053
v 1.4347057342529297 -3.994733376687616 -15.040721998088717
v 0.7235428690910339 -4.124460204207623 -15.097128828058839
v 1.018283527431333e-15 -4.167950276762163 -15.116038849793501
v -0.7235428690910339 -4.124460204207623 -15.097128828058839
v -1.4347057342529297 -3.994733376687616 -15.040721998088717
v -2.1213202476501465 -3.7809903442899384 -14.94778388254053
v -2.7716386318206787 -3.48688771194452 -14.819904418488157
v -3.3745334148406982 -3.1174582309236087 -14.65927190846487
v -3.9196889400482178 -2.6790222479570196 -14.468634517442837
v -4.397777557373047 -2.1790818814587505 -14.251254259346883
v -4.800618648529053 -1.626191146896008 -14.010850525957764
v -5.1213202476501465 -1.029810121134566 -13.751536675764793
v -5.354394435882568 -0.4001433644046086 -13.477749777837092
v -5.495853900909424 0.25203570562069744 -13.194174247499575
v -5.543277263641357 0.9155679829701459 -12.905662202122024
v -5.741641998291016 0.69450445938429 -12.397250904937303
v -5.692521572113037 1.381781055209004 -12.098414536051694
v -5.5460004806518555 2.057298202860507 -11.80469132075451
v -5.3045854568481445 2.709497552131642 -11.521106972749951
v -4.972407817840576 3.3272197784070454 -11.252513704476987
v -4.555150985717773 3.899895622997842 -11.003507160407704
v -4.0599541664123535 4.417726329234597 -10.778347961201204
v -3.4952902793884277 4.871851561182102 -10.580888690568424
v -2.870820999145508 5.254501142686341 -10.414507917256758
v -2.1972312927246094 5.559127993023696 -10.282052392984705
v -1.486046314239502 5.780520072710814 -10.185788377018408
v -0.7494346499443054 5.914888715745195 -10.127363228220352
v -3.515741802383594e-16 5.959935097429801 -10.107776504016671
v 0.7494346499443054 5.914888715745195 -10.127363228220352
v 1.486046314239502 5.780520072710814 -10.185788377018408
v 2.1972312927246094 5.559127993023696 -10.282052392984705
v 2.870820999145508 5.254501142686341 -10.414507917256758
v 3.4952902793884277 4.871851561182102 -10.580888690568424
v 4.0599541664123535 4.417726329234597 -10.778347961201204
v 4.555150985717773 3.899895622997842 -11.003507160407704
v 4.972407817840576 3.3272197784070454 -11.252513704476987
v 5.3045854568481445 2.709497552131642 -11.521106972749951
v 5.5460004806518555 2.057298202860507 -11.80469132075451
v 5.692521572113037 1.381781055209004 -12.098414536051694
v 5.741641998291016 0.6945044593842906 -12.397250904937303
v 5.692521572113037 0.007227863559575826 -12.696087273822913
v 5.5460004806518555 -0.6682892840919272 -12.9898104891201
v 5.3045854568481445 -1.3204886333630625 -13.273394837124657
v 4.972407817840576 -1.9382108596384655 -13.541988105397621
v 4.555150985717773 -2.510886704229263 -13.790994649466903
v 4.0599541664123535 -3.0287174104660175 -14.016153848673405
v 3.4952902793884277 -3.4828426424135226 -14.213613119306183
v 2.870820999145508 -3.865492223917762 -14.379993892617849
v 2.1972312927246094 -4.170119074255116 -14.512449416889904
v 1.486046314239502 -4.3915111539422345 -14.608713432856199
v 0.7494346499443054 -4.525879796976615 -14.667138581654257
v 1.0547225671848578e-15 -4.570926178661221 -14.686725305857937
v -0.7494346499443054 -4.525879796976615 -14.667138581654257
v -1.486046314239502 -4.3915111539422345 -14.608713432856199
v -2.1972312927246094 -4.170119074255116 -14.512449416889904
v -2.870820999145508 -3.865492223917762 -14.379993892617849
v -3.4952902793884277 -3.4828426424135226 -14.213613119306183
v -4.0599541664123535 -3.0287174104660175 -14.016153848673405
v -4.555150985717773 -2.510886704229263 -13.790994649466903
v -4.972407817840576 -1.9382108596384655 -13.541988105397621
v -5.3045854568481445 -1.3204886333630625 -13.273394837124657
v -5.5460004806518555 -0.6682892840919272 -12.9898104891201
v -5.692521572113037 0.007227863559575826 -12.696087273822913
v -5.741641998291016 0.6945044593842886 -12.397250904937305
v -5.884711742401123 0.4667524857908434 -11.873457225850068
v -5.834367275238037 1.1711546040827627 -11.567174467868046
v -5.684195041656494 1.8635041817051443 -11.266132303718859
v -5.436764717102051 2.531955023414342 -10.975481605690646
v -5.096309661865234 3.1650695799015365 -10.700195561762111
v -4.668655872344971 3.752015235587272 -10.444984327240395
v -4.16111946105957 4.282749008275521 -10.214214715065841
v -3.582385540008545 4.748190387362069 -10.011835043620128
v -2.9423558712005615 5.140374603390602 -9.841308493226569
v -2.251981735229492 5.452592341670869 -9.705552356939995
v -1.5230754613876343 5.679500813511901 -9.60688974540004
v -0.7681090235710144 5.817217773210771 -9.547008707080973
v -3.603346714348962e-16 5.86338667401223 -9.526933897674155
v 0.7681090235710144 5.817217773210771 -9.547008707080973
v 1.5230754613876343 5.679500813511901 -9.60688974540004
v 2.251981735229492 5.452592341670869 -9.705552356939995
v 2.9423558712005615 5.140374603390602 -9.841308493226569
v 3.582385540008545 4.748190387362069 -10.011835043620128
v 4.16111946105957 4.282749008275521 -10.214214715065841
v 4.668655872344971 3.752015235587272 -10.444984327240395
v 5.096309661865234 3.1650695799015365 -10.700195561762111
v 5.436764717102051 2.531955023414342 -10.975481605690646
v 5.684195041656494 1.8635041817051443 -11.266132303718859
v 5.834367275238037 1.1711546040827627 -11.567174467868046
v 5.884711742401123 0.46675248579084405 -11.873457225850068
v 5.834367275238037 -0.23764963250107607 -12.17973998383209
v 5.684195041656494 -0.9299992101234575 -12.480782147981277
v 5.436764717102051 -1.5984500518326554 -12.771432846009487
v 5.096309661865234 -2.23156460831985 -13.046718889938024
v 4.668655872344971 -2.8185102640055857 -13.30193012445974
v 4.16111946105957 -3.349244036693834 -13.532699736634292
v 3.582385540008545 -3.814685415780382 -13.735079408080008
v 2.9423558712005615 -4.206869631808915 -13.905605958473565
v 2.251981735229492 -4.519087370089181 -14.041362094760139
v 1.5230754613876343 -4.745995841930214 -14.140024706300096
v 0.7681090235710144 -4.883712801629084 -14.19990574461916
v 1.081003987834909e-15 -4.929881702430543 -14.219980554025978
v -0.7681090235710144 -4.883712801629084 -14.19990574461916
v -1.5230754613876343 -4.745995841930214 -14.140024706300096
v -2.251981735229492 -4.519087370089181 -14.041362094760139
v -2.9423558712005615 -4.206869631808915 -13.905605958473565
v -3.582385540008545 -3.814685415780382 -13.735079408080008
v -4.16111946105957 -3.349244036693834 -13.532699736634292
v -4.668655872344971 -2.8185102640055857 -13.30193012445974
v -5.096309661865234 -2.23156460831985 -13.046718889938024
v -5.436764717102051 -1.5984500518326554 -12.771432846009487
v -5.684195041656494 -0.9299992101234575 -12.480782147981277
v -5.834367275238037 -0.23764963250107607 -12.17973998383209
v -5.884711742401123 0.46675248579084205 -11.873457225850068
v -5.971108436584473 0.23450545092455555 -11.339325613595117
v -5.920024871826172 0.9492492739959475 -11.028546154396787
v -5.767647743225098 1.6517636732724539 -10.723084200003115
v -5.516584873199463 2.33002824877604 -10.428166369076532
v -5.171131610870361 2.9724380244324546 -10.148838648825246
v -4.737198829650879 3.5680008837476045 -9.8898805475279
v -4.2222113609313965 4.106526915650018 -9.655722764618124
v -3.6349804401397705 4.578801362021314 -9.450371990958061
v -2.9855542182922363 4.976743790644596 -9.27734169847065
v -2.2850441932678223 5.2935451850927056 -9.139592531759732
v -1.5454366207122803 5.523784919353757 -9.03948144609531
v -0.779386043548584 5.663523900243249 -8.97872120794013
v -3.6562494805587094e-16 5.710370597940354 -8.958351684055375
v 0.779386043548584 5.663523900243249 -8.97872120794013
v 1.5454366207122803 5.523784919353757 -9.03948144609531
v 2.2850441932678223 5.2935451850927056 -9.139592531759732
v 2.9855542182922363 4.976743790644596 -9.27734169847065
v 3.6349804401397705 4.578801362021314 -9.450371990958061
v 4.2222113609313965 4.106526915650018 -9.655722764618124
v 4.737198829650879 3.5680008837476045 -9.8898805475279
v 5.171131610870361 2.9724380244324546 -10.148838648825246
v 5.516584873199463 2.33002824877604 -10.428166369076532
v 5.767647743225098 1.6517636732724539 -10.723084200003115
v 5.920024871826172 0.9492492739959475 -11.028546154396787
v 5.971108436584473 0.2345054509245562 -11.339325613595115
v 5.920024871826172 -0.4802383721468364 -11.650105072793446
v 5.767647743225098 -1.182752771423343 -11.955567027187117
v 5.516584873199463 -1.861017346926929 -12.250484858113701
v 5.171131610870361 -2.5034271225833438 -12.529812578364986
v 4.737198829650879 -3.0989899818984936 -12.788770679662331
v 4.2222113609313965 -3.637516013800907 -13.022928462572107
v 3.6349804401397705 -4.109790460172202 -13.22827923623217
v 2.9855542182922363 -4.507732888795484 -13.401309528719581
v 2.2850441932678223 -4.824534283243594 -13.5390586954305
v 1.5454366207122803 -5.054774017504645 -13.639169781094921
v 0.779386043548584 -5.194512998394138 -13.699930019250102
v 1.0968748441676128e-15 -5.2413596960912425 -13.720299543134857
v -0.779386043548584 -5.194512998394138 -13.699930019250102
v -1.5454366207122803 -5.054774017504645 -13.639169781094921
v -2.2850441932678223 -4.824534283243594 -13.5390586954305
v -2.9855542182922363 -4.507732888795484 -13.401309528719581
v -3.6349804401397705 -4.109790460172202 -13.22827923623217
v -4.2222113609313965 -3.637516013800907 -13.022928462572107
v -4.737198829650879 -3.0989899818984936 -12.788770679662331
v -5.171131610870361 -2.5034271225833438 -12.529812578364986
v -5.516584873199463 -1.861017346926929 -12.250484858113701
v -5.767647743225098 -1.182752771423343 -11.955567027187117
v -5.920024871826172 -0.4802383721468364 -11.650105072793446
v -5.971108436584473 0.23450545092455422 -11.339325613595117
v -6 8.078072986539415e-16 -10.8
v -5.948668956756592 0.7182021724093445 -10.487716807712593
v -5.795555114746094 1.4241156684564737 -10.180776883979364
v -5.543277263641357 2.1056622021220237 -9.884432017029855
v -5.196152210235596 2.7511802231553726 -9.603752793224263
v -4.760119915008545 3.3496248124978156 -9.343541680049753
v -4.242640495300293 3.8907562082094267 -9.108251052714463
v -3.6525685787200928 4.365315923339847 -8.901906615917822
v -3 4.765183732435083 -8.728039144174698
v -2.296100616455078 5.083518259732311 -8.589623352328523
v -1.5529142618179321 5.31487220463214 -8.489027794090047
v -0.7831571698188782 5.455286795975679 -8.427973792148794
v -3.6739402930577075e-16 5.502360446310745 -8.407505586448524
v 0.7831571698188782 5.455286795975679 -8.427973792148794
v 1.5529142618179321 5.31487220463214 -8.489027794090047
v 2.296100616455078 5.083518259732311 -8.589623352328523
v 3 4.765183732435083 -8.728039144174698
v 3.6525685787200928 4.365315923339847 -8.901906615917822
v 4.242640495300293 3.8907562082094267 -9.108251052714463
v 4.760119915008545 3.3496248124978156 -9.343541680049753
v 5.196152210235596 2.7511802231553726 -9.603752793224263
v 5.543277263641357 2.1056622021220237 -9.884432017029855
v 5.795555114746094 1.4241156684564737 -10.180776883979364
v 5.948668956756592 0.7182021724093445 -10.487716807712593
v 6 1.4816520903415426e-15 -10.8
v 5.948668956756592 -0.7182021724093429 -11.11228319228741
v 5.795555114746094 -1.424115668456472 -11.419223116020637
v 5.543277263641357 -2.105662202122023 -11.715567982970148
v 5.196152210235596 -2.7511802231553717 -11.99624720677574
v 4.760119915008545 -3.3496248124978147 -12.256458319950248
v 4.242640495300293 -3.890756208209426 -12.491748947285538
v 3.6525685787200928 -4.365315923339845 -12.698093384082181
v 3 -4.765183732435081 -12.871960855825305
v 2.296100616455078 -5.083518259732309 -13.010376647671478
v 1.5529142618179321 -5.314872204632138 -13.110972205909954
v 0.7831571698188782 -5.4552867959756774 -13.172026207851207
v 1.1021821408568715e-15 -5.502360446310743 -13.19249441355148
v -0.7831571698188782 -5.4552867959756774 -13.172026207851207
v -1.5529142618179321 -5.314872204632138 -13.110972205909954
v -2.296100616455078 -5.083518259732309 -13.010376647671478
v -3 -4.765183732435081 -12.871960855825305
v -3.6525685787200928 -4.365315923339845 -12.698093384082181
v -4.242640495300293 -3.890756208209426 -12.491748947285538
v -4.760119915008545 -3.3496248124978147 -12.256458319950248
v -5.196152210235596 -2.7511802231553717 -11.99624720677574
v -5.543277263641357 -2.105662202122023 -11.715567982970148
v -5.795555114746094 -1.424115668456472 -11.419223116020637
v -5.948668956756592 -0.7182021724093429 -11.11228319228741
v -6 -5.398822847212607e-16 -10.800000000000002
v -5.971108436584473 -0.23450545092455422 -10.260674386404885
v -5.920024871826172 0.48023837214683773 -9.949894927206556
v -5.767647743225098 1.1827527714233443 -9.644432972812885
v -5.516584873199463 1.8610173469269304 -9.3495151418863
v -5.171131610870361 2.5034271225833447 -9.070187421635016
v -4.737198829650879 3.0989899818984945 -8.81122932033767
v -4.2222113609313965 3.6375160138009077 -8.577071537427894
v -3.6349804401397705 4.109790460172204 -8.371720763767831
v -2.9855542182922363 4.507732888795486 -8.19869047128042
v -2.2850441932678223 4.824534283243596 -8.060941304569502
v -1.5454366207122803 5.054774017504647 -7.96083021890508
v -0.779386043548584 5.194512998394139 -7.900069980749899
v -3.6562494805587094e-16 5.241359696091244 -7.8797004568651445
v 0.779386043548584 5.194512998394139 -7.900069980749899
v 1.5454366207122803 5.054774017504647 -7.96083021890508
v 2.2850441932678223 4.824534283243596 -8.060941304569502
v 2.9855542182922363 4.507732888795486 -8.19869047128042
v 3.6349804401397705 4.109790460172204 -8.371720763767831
v 4.2222113609313965 3.6375160138009077 -8.577071537427894
v 4.737198829650879 3.0989899818984945 -8.81122932033767
v 5.171131610870361 2.5034271225833447 -9.070187421635016
v 5.516584873199463 1.8610173469269304 -9.3495151418863
v 5.767647743225098 1.1827527714233443 -9.644432972812885
v 5.920024871826172 0.48023837214683773 -9.949894927206556
v 5.971108436584473 -0.23450545092455355 -10.260674386404885
v 5.920024871826172 -0.9492492739959462 -10.571453845603214
v 5.767647743225098 -1.6517636732724525 -10.876915799996887
v 5.516584873199463 -2.3300282487760393 -11.17183363092347
v 5.171131610870361 -2.9724380244324538 -11.451161351174756
v 4.737198829650879 -3.5680008837476036 -11.710119452472101
v 4.2222113609313965 -4.106526915650016 -11.944277235381877
v 3.6349804401397705 -4.578801362021312 -12.14962800904194
v 2.9855542182922363 -4.976743790644594 -12.322658301529351
v 2.2850441932678223 -5.293545185092704 -12.46040746824027
v 1.5454366207122803 -5.523784919353755 -12.560518553904691
v 0.779386043548584 -5.663523900243248 -12.621278792059872
v 1.0968748441676128e-15 -5.7103705979403525 -12.641648315944627
v -0.779386043548584 -5.663523900243248 -12.621278792059872
v -1.5454366207122803 -5.523784919353755 -12.560518553904691
v -2.2850441932678223 -5.293545185092704 -12.46040746824027
v -2.9855542182922363 -4.976743790644594 -12.322658301529351
v -3.6349804401397705 -4.578801362021312 -12.14962800904194
v -4.2222113609313965 -4.106526915650016 -11.944277235381877
v -4.737198829650879 -3.5680008837476036 -11.710119452472101
v -5.171131610870361 -2.9724380244324538 -11.451161351174756
v -5.516584873199463 -2.3300282487760393 -11.17183363092347
v -5.767647743225098 -1.6517636732724525 -10.876915799996887
v -5.920024871826172 -0.9492492739959462 -10.571453845603214
v -5.971108436584473 -0.23450545092455555 -10.260674386404887
v -5.884711742401123 -0.46675248579084205 -9.726542774149934
v -5.834367275238037 0.2376496325010774 -9.420260016167912
v -5.684195041656494 0.9299992101234589 -9.119217852018725
v -5.436764717102051 1.5984500518326568 -8.828567153990514
v -5.096309661865234 2.231564608319851 -8.553281110061977
v -4.668655872344971 2.8185102640055866 -8.29806987554026
v -4.16111946105957 3.3492440366938347 -8.06730026336571
v -3.582385540008545 3.814685415780383 -7.864920591919994
v -2.9423558712005615 4.2068696318089165 -7.694394041526436
v -2.251981735229492 4.519087370089183 -7.558637905239862
v -1.5230754613876343 4.745995841930216 -7.459975293699905
v -0.7681090235710144 4.883712801629086 -7.400094255380841
v -3.603346714348962e-16 4.929881702430545 -7.380019445974023
v 0.7681090235710144 4.883712801629086 -7.400094255380841
v 1.5230754613876343 4.745995841930216 -7.459975293699905
v 2.251981735229492 4.519087370089183 -7.558637905239862
v 2.9423558712005615 4.2068696318089165 -7.694394041526436
v 3.582385540008545 3.814685415780383 -7.864920591919994
v 4.16111946105957 3.3492440366938347 -8.06730026336571
v 4.668655872344971 2.8185102640055866 -8.29806987554026
v 5.096309661865234 2.231564608319851 -8.553281110061977
v 5.436764717102051 1.5984500518326568 -8.828567153990514
v 5.684195041656494 0.9299992101234589 -9.119217852018725
v 5.834367275238037 0.2376496325010774 -9.420260016167912
v 5.884711742401123 -0.4667524857908414 -9.726542774149934
v 5.834367275238037 -1.1711546040827614 -10.032825532131955
v 5.684195041656494 -1.863504181705143 -10.333867696281143
v 5.436764717102051 -2.531955023414341 -10.624518394309355
v 5.096309661865234 -3.1650695799015356 -10.89980443823789
v 4.668655872344971 -3.752015235587271 -11.155015672759607
v 4.16111946105957 -4.282749008275519 -11.38578528493416
v 3.582385540008545 -4.748190387362067 -11.588164956379874
v 2.9423558712005615 -5.1403746033906 -11.758691506773433
v 2.251981735229492 -5.452592341670867 -11.894447643060007
v 1.5230754613876343 -5.6795008135119 -11.993110254599962
v 0.7681090235710144 -5.8172177732107695 -12.052991292919028
v 1.081003987834909e-15 -5.8633866740122285 -12.073066102325846
v -0.7681090235710144 -5.8172177732107695 -12.052991292919028
v -1.5230754613876343 -5.6795008135119 -11.993110254599962
v -2.251981735229492 -5.452592341670867 -11.894447643060007
v -2.9423558712005615 -5.1403746033906 -11.758691506773433
v -3.582385540008545 -4.748190387362067 -11.588164956379874
v -4.16111946105957 -4.282749008275519 -11.38578528493416
v -4.668655872344971 -3.752015235587271 -11.155015672759607
v -5.096309661865234 -3.1650695799015356 -10.89980443823789
v -5.436764717102051 -2.531955023414341 -10.624518394309355
v -5.684195041656494 -1.863504181705143 -10.333867696281143
v -5.834367275238037 -1.1711546040827614 -10.032825532131955
v -5.884711742401123 -0.4667524857908434 -9.726542774149936
v -5.741641998291016 -0.6945044593842886 -9.202749095062698
v -5.692521572113037 -0.007227863559574504 -8.903912726177088
v -5.5460004806518555 0.6682892840919286 -8.610189510879902
v -5.3045854568481445 1.3204886333630639 -8.326605162875344
v -4.972407817840576 1.9382108596384668 -8.05801189460238
v -4.555150985717773 2.510886704229264 -7.8090053505330985
v -4.0599541664123535 3.0287174104660184 -7.583846151326597
v -3.4952902793884277 3.4828426424135235 -7.386386880693818
v -2.870820999145508 3.8654922239177627 -7.220006107382153
v -2.1972312927246094 4.170119074255118 -7.087550583110097
v -1.486046314239502 4.391511153942236 -6.991286567143802
v -0.7494346499443054 4.525879796976617 -6.932861418345745
v -3.515741802383594e-16 4.570926178661223 -6.913274694142064
v 0.7494346499443054 4.525879796976617 -6.932861418345745
v 1.486046314239502 4.391511153942236 -6.991286567143802
v 2.1972312927246094 4.170119074255118 -7.087550583110097
v 2.870820999145508 3.8654922239177627 -7.220006107382153
v 3.4952902793884277 3.4828426424135235 -7.386386880693818
v 4.0599541664123535 3.0287174104660184 -7.583846151326597
v 4.555150985717773 2.510886704229264 -7.8090053505330985
v 4.972407817840576 1.9382108596384668 -8.05801189460238
v 5.3045854568481445 1.3204886333630639 -8.326605162875344
v 5.5460004806518555 0.6682892840919286 -8.610189510879902
v 5.692521572113037 -0.007227863559574504 -8.903912726177088
v 5.741641998291016 -0.694504459384288 -9.202749095062698
v 5.692521572113037 -1.3817810552090026 -9.501585463948308
v 5.5460004806518555 -2.057298202860506 -9.795308679245492
v 5.3045854568481445 -2.709497552131641 -10.07889302725005
v 4.972407817840576 -3.3272197784070445 -10.347486295523014
v 4.555150985717773 -3.899895622997841 -10.596492839592297
v 4.0599541664123535 -4.417726329234595 -10.821652038798797
v 3.4952902793884277 -4.8718515611821 -11.019111309431578
v 2.870820999145508 -5.2545011426863395 -11.185492082743243
v 2.1972312927246094 -5.5591279930236945 -11.317947607015297
v 1.486046314239502 -5.780520072710813 -11.414211622981593
v 0.7494346499443054 -5.914888715745193 -11.47263677177965
v 1.0547225671848578e-15 -5.959935097429799 -11.49222349598333
v -0.7494346499443054 -5.914888715745193 -11.47263677177965
v -1.486046314239502 -5.780520072710813 -11.414211622981593
v -2.1972312927246094 -5.5591279930236945 -11.317947607015297
v -2.870820999145508 -5.2545011426863395 -11.185492082743243
v -3.4952902793884277 -4.8718515611821 -11.019111309431578
v -4.0599541664123535 -4.417726329234595 -10.821652038798797
v -4.555150985717773 -3.899895622997841 -10.596492839592297
v -4.972407817840576 -3.3272197784070445 -10.347486295523014
v -5.3045854568481445 -2.709497552131641 -10.07889302725005
v -5.5460004806518555 -2.057298202860506 -9.795308679245492
v -5.692521572113037 -1.3817810552090026 -9.501585463948308
v -5.741641998291016 -0.69450445938429 -9.202749095062698
v -5.543277263641357 -0.9155679829701457 -8.694337797877978
v -5.495853900909424 -0.2520357056206961 -8.405825752500427
v -5.354394435882568 0.40014336440460996 -8.12225022216291
v -5.1213202476501465 1.0298101211345674 -7.848463324235208
v -4.800618648529053 1.6261911468960093 -7.589149474042238
v -4.397777557373047 2.1790818814587514 -7.348745740653118
v -3.9196889400482178 2.6790222479570205 -7.1313654825571655
v -3.3745334148406982 3.1174582309236096 -6.9407280915351315
v -2.7716386318206787 3.486887711944521 -6.780095581511844
v -2.1213202476501465 3.7809903442899393 -6.65221611745947
v -1.4347057342529297 3.9947333766876167 -6.559278001911284
v -0.7235428690910339 4.124460204207625 -6.5028711719411625
v -3.3942783365385114e-16 4.167950276762165 -6.4839611502064995
v 0.7235428690910339 4.124460204207625 -6.5028711719411625
v 1.4347057342529297 3.9947333766876167 -6.559278001911284
v 2.1213202476501465 3.7809903442899393 -6.65221611745947
v 2.7716386318206787 3.486887711944521 -6.780095581511844
v 3.3745334148406982 3.1174582309236096 -6.9407280915351315
v 3.9196889400482178 2.6790222479570205 -7.1313654825571655
v 4.397777557373047 2.1790818814587514 -7.348745740653118
v 4.800618648529053 1.6261911468960093 -7.589149474042238
v 5.1213202476501465 1.0298101211345674 -7.848463324235208
v 5.354394435882568 0.40014336440460996 -8.12225022216291
v 5.495853900909424 -0.2520357056206961 -8.405825752500427
v 5.543277263641357 -0.9155679829701451 -8.694337797877978
v 5.495853900909424 -1.5791002603195954 -8.98284984325553
v 5.354394435882568 -2.231279330344902 -9.266425373593044
v 5.1213202476501465 -2.860946087074859 -9.540212271520746
v 4.800618648529053 -3.457327112836301 -9.799526121713717
v 4.397777557373047 -4.010217847399043 -10.039929855102837
v 3.9196889400482178 -4.510158213897312 -10.25731011319879
v 3.3745334148406982 -4.948594196863901 -10.447947504220824
v 2.7716386318206787 -5.3180236778848125 -10.608580014244112
v 2.1213202476501465 -5.612126310230231 -10.736459478296485
v 1.4347057342529297 -5.825869342627908 -10.829397593844671
v 0.7235428690910339 -5.955596170147916 -10.885804423814793
v 1.018283527431333e-15 -5.999086242702456 -10.904714445549455
v -0.7235428690910339 -5.955596170147916 -10.885804423814793
v -1.4347057342529297 -5.825869342627908 -10.829397593844671
v -2.1213202476501465 -5.612126310230231 -10.736459478296485
v -2.7716386318206787 -5.3180236778848125 -10.608580014244112
v -3.3745334148406982 -4.948594196863901 -10.447947504220824
v -3.9196889400482178 -4.510158213897312 -10.25731011319879
v -4.397777557373047 -4.010217847399043 -10.039929855102837
v -4.800618648529053 -3.457327112836301 -9.799526121713717
v -5.1213202476501465 -2.860946087074859 -9.540212271520746
v -5.354394435882568 -2.231279330344902 -9.266425373593044
v -5.495853900909424 -1.5791002603195954 -8.98284984325553
v -5.543277263641357 -0.915567982970147 -8.694337797877978
v -5.29152774810791 -1.1278140296528791 -8.206205309234335
v -5.246257781982422 -0.4944162743175926 -7.930796126942074
v -5.111223220825195 0.12814383662256068 -7.660099286548244
v -4.888733863830566 0.7292141236810707 -7.398746487513883
v -4.582597255706787 1.298510385492515 -7.151209427859268
v -4.1980509757995605 1.8262913688015066 -6.9217237250474675
v -3.7416751384735107 2.303526851160608 -6.71421583154728
v -3.221277952194214 2.722050910486408 -6.532236391333538
v -2.645763874053955 3.0747029505426515 -6.3788989202618644
v -2.024979829788208 3.355448611160655 -6.256827232808575
v -1.3695480823516846 3.5594847174360473 -6.168109808861189
v -0.6906829476356506 3.683319522135456 -6.114264903327016
v -3.240126281072109e-16 3.724834800637909 -6.096213546484201
v 0.6906829476356506 3.683319522135456 -6.114264903327016
v 1.3695480823516846 3.5594847174360473 -6.168109808861189
v 2.024979829788208 3.355448611160655 -6.256827232808575
v 2.645763874053955 3.0747029505426515 -6.3788989202618644
v 3.221277952194214 2.722050910486408 -6.532236391333538
v 3.7416751384735107 2.303526851160608 -6.71421583154728
v 4.1980509757995605 1.8262913688015066 -6.9217237250474675
v 4.582597255706787 1.298510385492515 -7.151209427859268
v 4.888733863830566 0.7292141236810707 -7.398746487513883
v 5.111223220825195 0.12814383662256068 -7.660099286548244
v 5.246257781982422 -0.4944162743175926 -7.930796126942074
v 5.29152774810791 -1.1278140296528785 -8.206205309234335
v 5.246257781982422 -1.7612117849881657 -8.481614491526594
v 5.111223220825195 -2.383771895928319 -8.752311331920424
v 4.888733863830566 -2.9848421829868292 -9.013664130954787
v 4.582597255706787 -3.5541384447982733 -9.261201190609402
v 4.1980509757995605 -4.081919428107264 -9.4906868934212
v 3.7416751384735107 -4.559154910466366 -9.698194786921388
v 3.221277952194214 -4.977678969792167 -9.88017422713513
v 2.645763874053955 -5.33033100984841 -10.033511698206805
v 2.024979829788208 -5.611076670466414 -10.155583385660094
v 1.3695480823516846 -5.815112776741806 -10.244300809607479
v 0.6906829476356506 -5.938947581441215 -10.298145715141652
v 9.720378578518532e-16 -5.9804628599436676 -10.316197071984469
v -0.6906829476356506 -5.938947581441215 -10.298145715141652
v -1.3695480823516846 -5.815112776741806 -10.244300809607479
v -2.024979829788208 -5.611076670466414 -10.155583385660094
v -2.645763874053955 -5.33033100984841 -10.033511698206805
v -3.221277952194214 -4.977678969792167 -9.88017422713513
v -3.7416751384735107 -4.559154910466366 -9.698194786921388
v -4.1980509757995605 -4.081919428107264 -9.4906868934212
v -4.582597255706787 -3.5541384447982733 -9.261201190609402
v -4.888733863830566 -2.9848421829868292 -9.013664130954787
v -5.111223220825195 -2.383771895928319 -8.752311331920424
v -5.246257781982422 -1.7612117849881657 -8.481614491526594
v -5.29152774810791 -1.1278140296528802 -8.206205309234335
v -4.9888176918029785 -1.3291987069934041 -7.7430522599251494
v -4.946137428283691 -0.7320354270889312 -7.4833982759504245
v -4.8188276290893555 -0.1450898260642357 -7.228187065196004
v -4.609066486358643 0.4215953871898539 -6.98178532176575
v -4.3204426765441895 0.9583240547759271 -6.748409055103033
v -3.957895278930664 1.455912466046306 -6.532051456245521
v -3.5276267528533936 1.9058469453812825 -6.336414376709069
v -3.0369997024536133 2.3004290319112815 -6.1648452025479195
v -2.4944088459014893 2.6329067753348743 -6.020279765308255
v -1.9091378450393677 2.897592147832634 -5.905191289875084
v -1.2912009954452515 3.089955716988371 -5.821549229514517
v -0.6511713862419128 3.206706450907484 -5.7707845656207155
v -3.0547697965266547e-16 3.245846816545258 -5.7537658502809155
v 0.6511713862419128 3.206706450907484 -5.7707845656207155
v 1.2912009954452515 3.089955716988371 -5.821549229514517
v 1.9091378450393677 2.897592147832634 -5.905191289875084
v 2.4944088459014893 2.6329067753348743 -6.020279765308255
v 3.0369997024536133 2.3004290319112815 -6.1648452025479195
v 3.5276267528533936 1.9058469453812825 -6.336414376709069
v 3.957895278930664 1.455912466046306 -6.532051456245521
v 4.3204426765441895 0.9583240547759271 -6.748409055103033
v 4.609066486358643 0.4215953871898539 -6.98178532176575
v 4.8188276290893555 -0.1450898260642357 -7.228187065196004
v 4.946137428283691 -0.7320354270889312 -7.4833982759504245
v 4.9888176918029785 -1.3291987069934035 -7.743052259925149
v 4.946137428283691 -1.926361986897877 -8.002706243899874
v 4.8188276290893555 -2.5133075879225726 -8.257917454654294
v 4.609066486358643 -3.079992801176662 -8.504319198084549
v 4.3204426765441895 -3.616721468762736 -8.737695464747267
v 3.957895278930664 -4.114309880033114 -8.954053063604778
v 3.5276267528533936 -4.56424435936809 -9.14969014314123
v 3.0369997024536133 -4.95882644589809 -9.32125931730238
v 2.4944088459014893 -5.291304189321683 -9.465824754542044
v 1.9091378450393677 -5.555989561819443 -9.580913229975215
v 1.2912009954452515 -5.74835313097518 -9.664555290335782
v 0.6511713862419128 -5.865103864894293 -9.715319954229583
v 9.164309918975556e-16 -5.904244230532067 -9.732338669569383
v -0.6511713862419128 -5.865103864894293 -9.715319954229583
v -1.2912009954452515 -5.74835313097518 -9.664555290335782
v -1.9091378450393677 -5.555989561819443 -9.580913229975215
v -2.4944088459014893 -5.291304189321683 -9.465824754542044
v -3.0369997024536133 -4.95882644589809 -9.32125931730238
v -3.5276267528533936 -4.56424435936809 -9.14969014314123
v -3.957895278930664 -4.114309880033114 -8.954053063604778
v -4.3204426765441895 -3.616721468762736 -8.737695464747267
v -4.609066486358643 -3.079992801176662 -8.504319198084549
v -4.8188276290893555 -2.5133075879225726 -8.257917454654294
v -4.946137428283691 -1.926361986897877 -8.002706243899874
v -4.9888176918029785 -1.3291987069934053 -7.74305225992515
v -4.638062953948975 -1.5177824134501507 -7.309339428100412
v -4.59838342666626 -0.9626046609750043 -7.067941271021219
v -4.480024337768555 -0.41692612267025075 -6.830673489815719
v -4.285011291503906 0.10991643990451161 -6.601595823952082
v -4.0166802406311035 0.6089087653255165 -6.384627785848496
v -3.6796226501464844 1.0715125805050685 -6.183481922304286
v -3.2796056270599365 1.489812966855306 -6.001599737868263
v -2.8234736919403076 1.8566526078023713 -5.842093322358253
v -2.3190314769744873 2.1657546668042666 -5.707691921978324
v -1.7749097347259521 2.4118303602775177 -5.6006951652790615
v -1.2004189491271973 2.590669038991046 -5.522933894652757
v -0.6053886413574219 2.6992114338597304 -5.4757383181559565
v -2.839994269536282e-16 2.7355999441011836 -5.45991614359658
v 0.6053886413574219 2.6992114338597304 -5.4757383181559565
v 1.2004189491271973 2.590669038991046 -5.522933894652757
v 1.7749097347259521 2.4118303602775177 -5.6006951652790615
v 2.3190314769744873 2.1657546668042666 -5.707691921978324
v 2.8234736919403076 1.8566526078023713 -5.842093322358253
v 3.2796056270599365 1.489812966855306 -6.001599737868263
v 3.6796226501464844 1.0715125805050685 -6.183481922304286
v 4.0166802406311035 0.6089087653255165 -6.384627785848496
v 4.285011291503906 0.10991643990451161 -6.601595823952082
v 4.480024337768555 -0.41692612267025075 -6.830673489815719
v 4.59838342666626 -0.9626046609750043 -7.067941271021219
v 4.638062953948975 -1.5177824134501503 -7.309339428100411
v 4.59838342666626 -2.072960165925297 -7.550737585179602
v 4.480024337768555 -2.618638704230051 -7.788005366385104
v 4.285011291503906 -3.1454812668048135 -8.01708303224874
v 4.0166802406311035 -3.6444735922258182 -8.234051070352326
v 3.6796226501464844 -4.107077407405369 -8.435196933896536
v 3.2796056270599365 -4.525377793755607 -8.617079118332558
v 2.8234736919403076 -4.892217434702673 -8.77658553384257
v 2.3190314769744873 -5.201319493704568 -8.910986934222498
v 1.7749097347259521 -5.447395187177819 -9.01798369092176
v 1.2004189491271973 -5.626233865891348 -9.095744961548066
v 0.6053886413574219 -5.734776260760031 -9.142940538044865
v 8.519983073306643e-16 -5.771164771001485 -9.158762712604242
v -0.6053886413574219 -5.734776260760031 -9.142940538044865
v -1.2004189491271973 -5.626233865891348 -9.095744961548066
v -1.7749097347259521 -5.447395187177819 -9.01798369092176
v -2.3190314769744873 -5.201319493704568 -8.910986934222498
v -2.8234736919403076 -4.892217434702673 -8.77658553384257
v -3.2796056270599365 -4.525377793755607 -8.617079118332558
v -3.6796226501464844 -4.107077407405369 -8.435196933896536
v -4.0166802406311035 -3.6444735922258182 -8.234051070352326
v -4.285011291503906 -3.1454812668048135 -8.01708303224874
v -4.480024337768555 -2.618638704230051 -7.788005366385104
v -4.59838342666626 -2.072960165925297 -7.550737585179602
v -4.638062953948975 -1.5177824134501519 -7.309339428100412
v -4.242640495300293 -1.6917489472855367 -6.9092437917905745
v -4.206344127655029 -1.1839033372034808 -6.688426235957311
v -4.098076343536377 -0.6847470833236018 -6.471386919731199
v -3.9196889400482178 -0.2028209184803933 -6.2618394594399085
v -3.674234628677368 0.2536291568191764 -6.063369318147806
v -3.365913152694702 0.6767935011502306 -5.879372224590433
v -3 1.0594312758698354 -5.712996585014835
v -2.5827560424804688 1.3949956188985344 -5.567089056070322
v -2.1213202476501465 1.677744934597729 -5.444146154592576
v -1.6235883235931396 1.9028412836416297 -5.346271476469762
v -1.0980762243270874 2.06643324915385 -5.275139665420866
v -0.5537757277488708 2.165721311311214 -5.231967987308955
v -2.5978680486790683e-16 2.199007260923889 -5.217494844505037
v 0.5537757277488708 2.165721311311214 -5.231967987308955
v 1.0980762243270874 2.06643324915385 -5.275139665420866
v 1.6235883235931396 1.9028412836416297 -5.346271476469762
v 2.1213202476501465 1.677744934597729 -5.444146154592576
v 2.5827560424804688 1.3949956188985344 -5.567089056070322
v 3 1.0594312758698354 -5.712996585014835
v 3.365913152694702 0.6767935011502306 -5.879372224590433
v 3.674234628677368 0.2536291568191764 -6.063369318147806
v 3.9196889400482178 -0.2028209184803933 -6.2618394594399085
v 4.098076343536377 -0.6847470833236018 -6.471386919731199
v 4.206344127655029 -1.1839033372034808 -6.688426235957311
v 4.242640495300293 -1.6917489472855363 -6.9092437917905745
v 4.206344127655029 -2.199594557367593 -7.130061347623837
v 4.098076343536377 -2.698750811247472 -7.34710066384995
v 3.9196889400482178 -3.1806769760906803 -7.55664812414124
v 3.674234628677368 -3.6371270513902503 -7.755118265433343
v 3.365913152694702 -4.060291395721304 -7.9391153589907155
v 3 -4.442929170440909 -8.105490998566314
v 2.5827560424804688 -4.778493513469607 -8.251398527510826
v 2.1213202476501465 -5.061242829168802 -8.374341428988572
v 1.6235883235931396 -5.286339178212703 -8.472216107111386
v 1.0980762243270874 -5.449931143724924 -8.543347918160283
v 0.5537757277488708 -5.549219205882287 -8.586519596272193
v 7.793604675432797e-16 -5.582505155494963 -8.600992739076112
v -0.5537757277488708 -5.549219205882287 -8.586519596272193
v -1.0980762243270874 -5.449931143724924 -8.543347918160283
v -1.6235883235931396 -5.286339178212703 -8.472216107111386
v -2.1213202476501465 -5.061242829168802 -8.374341428988572
v -2.5827560424804688 -4.778493513469607 -8.251398527510826
v -3 -4.442929170440909 -8.105490998566314
v -3.365913152694702 -4.060291395721304 -7.9391153589907155
v -3.674234628677368 -3.6371270513902503 -7.755118265433343
v -3.9196889400482178 -3.1806769760906803 -7.55664812414124
v -4.098076343536377 -2.698750811247472 -7.34710066384995
v -4.206344127655029 -2.199594557367593 -7.130061347623837
v -4.242640495300293 -1.6917489472855376 -6.9092437917905745
v -3.8063597679138184 -1.8494232845038303 -6.546617642448666
v -3.7737958431243896 -1.393800668027348 -6.348507290492613
v -3.676661252975464 -0.9459738637326295 -6.15378665414606
v -3.516617774963379 -0.513605310863908 -5.965787456814789
v -3.2964041233062744 -0.10409299855403553 -5.787726435723591
v -3.0197882652282715 0.275556129144092 -5.622650296857321
v -2.691502809524536 0.618846482206511 -5.473383403141073
v -2.317164897918701 0.919903966633733 -5.342479883337508
v -1.9031798839569092 1.1735773260188511 -5.232179567478947
v -1.456630825996399 1.3755264737881354 -5.144369578916048
v -0.985158383846283 1.5222959576387518 -5.080552391071171
v -0.496829628944397 1.6113742121060943 -5.041820063688851
v -2.3307231215379226e-16 1.6412372873957592 -5.028835228998515
v 0.496829628944397 1.6113742121060943 -5.041820063688851
v 0.985158383846283 1.5222959576387518 -5.080552391071171
v 1.456630825996399 1.3755264737881354 -5.144369578916048
v 1.9031798839569092 1.1735773260188511 -5.232179567478947
v 2.317164897918701 0.919903966633733 -5.342479883337508
v 2.691502809524536 0.618846482206511 -5.473383403141073
v 3.0197882652282715 0.275556129144092 -5.622650296857321
v 3.2964041233062744 -0.10409299855403553 -5.787726435723591
v 3.516617774963379 -0.513605310863908 -5.965787456814789
v 3.676661252975464 -0.9459738637326295 -6.15378665414606
v 3.7737958431243896 -1.393800668027348 -6.348507290492613
v 3.8063597679138184 -1.8494232845038299 -6.546617642448666
v 3.7737958431243896 -2.305045900980313 -6.74472799440472
v 3.676661252975464 -2.7528727052750313 -6.939448630751272
v 3.516617774963379 -3.1852412581437526 -7.127447828082543
v 3.2964041233062744 -3.594753570453625 -7.305508849173742
v 3.0197882652282715 -3.974402698151753 -7.470584988040011
v 2.691502809524536 -4.317693051214172 -7.61985188175626
v 2.317164897918701 -4.618750535641394 -7.750755401559824
v 1.9031798839569092 -4.872423895026512 -7.8610557174183855
v 1.456630825996399 -5.074373042795796 -7.948865705981285
v 0.985158383846283 -5.221142526646412 -8.012682893826161
v 0.496829628944397 -5.310220781113755 -8.051415221208481
v 6.992169099915972e-16 -5.34008385640342 -8.064400055898817
v -0.496829628944397 -5.310220781113755 -8.051415221208481
v -0.985158383846283 -5.221142526646412 -8.012682893826161
v -1.456630825996399 -5.074373042795796 -7.948865705981285
v -1.9031798839569092 -4.872423895026512 -7.8610557174183855
v -2.317164897918701 -4.618750535641394 -7.750755401559824
v -2.691502809524536 -4.317693051214172 -7.61985188175626
v -3.0197882652282715 -3.974402698151753 -7.470584988040011
v -3.2964041233062744 -3.594753570453625 -7.305508849173742
v -3.516617774963379 -3.1852412581437526 -7.127447828082543
v -3.676661252975464 -2.7528727052750313 -6.939448630751272
v -3.7737958431243896 -2.305045900980313 -6.74472799440472
v -3.8063597679138184 -1.8494232845038312 -6.546617642448666
v -3.333421468734741 -1.989286409644233 -6.224954476461338
v -3.304903507232666 -1.59027467442651 -6.051459236234037
v -3.2198379039764404 -1.198090157762257 -5.8809325551203475
v -3.0796797275543213 -0.8194431855709652 -5.716292165870085
v -2.8868277072906494 -0.46081253960680746 -5.560355122964636
v -2.6445810794830322 -0.12833446821697492 -5.415789543121192
v -2.3570849895477295 0.17230212620246688 -5.285069031501507
v -2.0292584896087646 0.435953311823968 -5.170430233320157
v -1.6667107343673706 0.6581080223407669 -5.073834616031588
v -1.275645136833191 0.8349649103890915 -4.9969350525110965
v -0.8627529144287109 0.9634983780844433 -4.9410471101605165
v -0.435098797082901 1.0415086465342132 -4.907127280064532
v -2.041131953643436e-16 1.0676613304306182 -4.895755769467933
v 0.435098797082901 1.0415086465342132 -4.907127280064532
v 0.8627529144287109 0.9634983780844433 -4.9410471101605165
v 1.275645136833191 0.8349649103890915 -4.9969350525110965
v 1.6667107343673706 0.6581080223407669 -5.073834616031588
v 2.0292584896087646 0.435953311823968 -5.170430233320157
v 2.3570849895477295 0.17230212620246688 -5.285069031501507
v 2.6445810794830322 -0.12833446821697492 -5.415789543121192
v 2.8868277072906494 -0.46081253960680746 -5.560355122964636
v 3.0796797275543213 -0.8194431855709652 -5.716292165870085
v 3.2198379039764404 -1.198090157762257 -5.8809325551203475
v 3.304903507232666 -1.59027467442651 -6.051459236234037
v 3.333421468734741 -1.9892864096442326 -6.224954476461338
v 3.304903507232666 -2.3882981448619565 -6.398449716688639
v 3.2198379039764404 -2.7804826615262095 -6.568976397802329
v 3.0796797275543213 -3.159129633717501 -6.733616787052592
v 2.8868277072906494 -3.5177602796816587 -6.889553829958041
v 2.6445810794830322 -3.8502383510714915 -7.034119409801485
v 2.3570849895477295 -4.150874945490933 -7.164839921421169
v 2.0292584896087646 -4.414526131112434 -7.27947871960252
v 1.6667107343673706 -4.636680841629233 -7.376074336891088
v 1.275645136833191 -4.813537729677558 -7.45297390041158
v 0.8627529144287109 -4.9420711973729095 -7.50886184276216
v 0.435098797082901 -5.020081465822679 -7.542781672858145
v 6.123395993279206e-16 -5.046234149719084 -7.554153183454743
v -0.435098797082901 -5.020081465822679 -7.542781672858145
v -0.8627529144287109 -4.9420711973729095 -7.50886184276216
v -1.275645136833191 -4.813537729677558 -7.45297390041158
v -1.6667107343673706 -4.636680841629233 -7.376074336891088
v -2.0292584896087646 -4.414526131112434 -7.27947871960252
v -2.3570849895477295 -4.150874945490933 -7.164839921421169
v -2.6445810794830322 -3.8502383510714915 -7.034119409801485
v -2.8868277072906494 -3.5177602796816587 -6.889553829958041
v -3.0796797275543213 -3.159129633717501 -6.733616787052592
v -3.2198379039764404 -2.7804826615262095 -6.568976397802329
v -3.304903507232666 -2.3882981448619565 -6.398449716688639
v -3.333421468734741 -1.9892864096442338 -6.224954476461338
v -2.8283803462982178 -2.1099917627501337 -5.947351169709212
v -2.8041832447052 -1.77143360723168 -5.80014189404584
v -2.7320055961608887 -1.4386682647462778 -5.655451405175074
v -2.6130828857421875 -1.1173894751920292 -5.515755411664418
v -2.449449300765991 -0.8130944173673003 -5.383444154882772
v -2.2439050674438477 -0.5309895553293682 -5.2607814698320325
v -1.9999669790267944 -0.27590189619602956 -5.149866198941041
v -1.721808910369873 -0.052196014686921595 -5.0525961133093364
v -1.4141901731491089 0.1363003952129167 -4.970635541649178
v -1.0823743343353271 0.28636222282309176 -4.90538680199502
v -0.7320387363433838 0.39542149248574643 -4.857966481941496
v -0.3691777288913727 0.4616127322287358 -4.829185711787238
v -1.731883533323341e-16 0.48380292801553293 -4.819537140056332
v 0.3691777288913727 0.4616127322287358 -4.829185711787238
v 0.7320387363433838 0.39542149248574643 -4.857966481941496
v 1.0823743343353271 0.28636222282309176 -4.90538680199502
v 1.4141901731491089 0.1363003952129167 -4.970635541649178
v 1.721808910369873 -0.052196014686921595 -5.0525961133093364
v 1.9999669790267944 -0.27590189619602956 -5.149866198941041
v 2.2439050674438477 -0.5309895553293682 -5.2607814698320325
v 2.449449300765991 -0.8130944173673003 -5.383444154882772
v 2.6130828857421875 -1.1173894751920292 -5.515755411664418
v 2.7320055961608887 -1.4386682647462778 -5.655451405175074
v 2.8041832447052 -1.77143360723168 -5.80014189404584
v 2.8283803462982178 -2.1099917627501332 -5.947351169709212
v 2.8041832447052 -2.448549918268587 -6.094560445372585
v 2.7320055961608887 -2.7813152607539893 -6.23925093424335
v 2.6130828857421875 -3.102594050308238 -6.378946927754007
v 2.449449300765991 -3.4068891081329666 -6.511258184535652
v 2.2439050674438477 -3.6889939701708987 -6.633920869586392
v 1.9999669790267944 -3.9440816293042373 -6.744836140477384
v 1.721808910369873 -4.167787510813345 -6.842106226109088
v 1.4141901731491089 -4.356283920713183 -6.924066797769247
v 1.0823743343353271 -4.506345748323358 -6.989315537423405
v 0.7320387363433838 -4.615405017986013 -7.036735857476929
v 0.3691777288913727 -4.6815962577290025 -7.065516627631187
v 5.195650335272227e-16 -4.703786453515799 -7.075165199362092
v -0.3691777288913727 -4.6815962577290025 -7.065516627631187
v -0.7320387363433838 -4.615405017986013 -7.036735857476929
v -1.0823743343353271 -4.506345748323358 -6.989315537423405
v -1.4141901731491089 -4.356283920713183 -6.924066797769247
v -1.721808910369873 -4.167787510813345 -6.842106226109088
v -1.9999669790267944 -3.9440816293042373 -6.744836140477384
v -2.2439050674438477 -3.6889939701708987 -6.633920869586392
v -2.449449300765991 -3.4068891081329666 -6.511258184535652
v -2.6130828857421875 -3.102594050308238 -6.378946927754007
v -2.7320055961608887 -2.7813152607539893 -6.23925093424335
v -2.8041832447052 -2.448549918268587 -6.094560445372585
v -2.8283803462982178 -2.109991762750134 -5.947351169709212
v -2.296100616455078 -2.2103766476714775 -5.716481740267691
v -2.2764570713043213 -1.9355325755560688 -5.596976136527256
v -2.217862844467163 -1.6653911566925215 -5.47951530461588
v -2.1213202476501465 -1.404574637942898 -5.366109054669314
v -1.9884814023971558 -1.1575455466104656 -5.258697748782618
v -1.8216190338134766 -0.9285307662551738 -5.159119288235177
v -1.6235883235931396 -0.7214486188663338 -5.069077407917025
v -1.3977774381637573 -0.5398425610211326 -4.99011284659806
v -1.148050308227539 -0.3868197448757058 -4.923576632486657
v -0.878679633140564 -0.2649985435667641 -4.870607266624922
v -0.5942745804786682 -0.17646318254841797 -4.832110996032511
v -0.2997012734413147 -0.12272875652659487 -4.808746602636799
v -1.405956107829523e-16 -0.10471444554945397 -4.800913757297544
v 0.2997012734413147 -0.12272875652659487 -4.808746602636799
v 0.5942745804786682 -0.17646318254841797 -4.832110996032511
v 0.878679633140564 -0.2649985435667641 -4.870607266624922
v 1.148050308227539 -0.3868197448757058 -4.923576632486657
v 1.3977774381637573 -0.5398425610211326 -4.99011284659806
v 1.6235883235931396 -0.7214486188663338 -5.069077407917025
v 1.8216190338134766 -0.9285307662551738 -5.159119288235177
v 1.9884814023971558 -1.1575455466104656 -5.258697748782618
v 2.1213202476501465 -1.404574637942898 -5.366109054669314
v 2.217862844467163 -1.6653911566925215 -5.47951530461588
v 2.2764570713043213 -1.9355325755560688 -5.596976136527256
v 2.296100616455078 -2.210376647671477 -5.716481740267691
v 2.2764570713043213 -2.485220719786886 -5.835987344008125
v 2.217862844467163 -2.7553621386504332 -5.953448175919501
v 2.1213202476501465 -3.0161786574000566 -6.066854425866067
v 1.9884814023971558 -3.2632077487324893 -6.174265731752763
v 1.8216190338134766 -3.492222529087781 -6.273844192300205
v 1.6235883235931396 -3.6993046764766206 -6.363886072618357
v 1.3977774381637573 -3.880910734321822 -6.442850633937321
v 1.148050308227539 -4.033933550467249 -6.509386848048725
v 0.878679633140564 -4.155754751776191 -6.562356213910459
v 0.5942745804786682 -4.244290112794537 -6.60085248450287
v 0.2997012734413147 -4.298024538816359 -6.624216877898582
v 4.217868323488569e-16 -4.3160388497935 -6.632049723237837
v -0.2997012734413147 -4.298024538816359 -6.624216877898582
v -0.5942745804786682 -4.244290112794537 -6.60085248450287
v -0.878679633140564 -4.155754751776191 -6.562356213910459
v -1.148050308227539 -4.033933550467249 -6.509386848048725
v -1.3977774381637573 -3.880910734321822 -6.442850633937321
v -1.6235883235931396 -3.6993046764766206 -6.363886072618357
v -1.8216190338134766 -3.492222529087781 -6.273844192300205
v -1.9884814023971558 -3.2632077487324893 -6.174265731752763
v -2.1213202476501465 -3.0161786574000566 -6.066854425866067
v -2.217862844467163 -2.7553621386504332 -5.953448175919501
v -2.2764570713043213 -2.485220719786886 -5.835987344008125
v -2.296100616455078 -2.210376647671478 -5.716481740267691
v -1.7417080402374268 -2.2894744009206325 -5.53456936195449
v -1.7268074750900269 -2.080991318407845 -5.443918337707928
v -1.6823607683181763 -1.876075442694112 -5.354818379121641
v -1.609128475189209 -1.6782329515273606 -5.268794015669238
v -1.5083634853363037 -1.4908489484519807 -5.187317132262345
v -1.3817899227142334 -1.3171296040980158 -5.111781811567141
v -1.2315735816955566 -1.1600474404801515 -5.043480542940456
v -1.0602847337722778 -1.0222900316117025 -4.983581916821901
v -0.8708540201187134 -0.9062144708583166 -4.933110826575799
v -0.6665228009223938 -0.813806921768395 -4.892930880691692
v -0.450787216424942 -0.7466485095841511 -4.863729571991255
v -0.2273385226726532 -0.7058882093657839 -4.846006489049186
v -1.0664885959760489e-16 -0.6922234959833291 -4.840064902570201
v 0.2273385226726532 -0.7058882093657839 -4.846006489049186
v 0.450787216424942 -0.7466485095841511 -4.863729571991255
v 0.6665228009223938 -0.813806921768395 -4.892930880691692
v 0.8708540201187134 -0.9062144708583166 -4.933110826575799
v 1.0602847337722778 -1.0222900316117025 -4.983581916821901
v 1.2315735816955566 -1.1600474404801515 -5.043480542940456
v 1.3817899227142334 -1.3171296040980158 -5.111781811567141
v 1.5083634853363037 -1.4908489484519807 -5.187317132262345
v 1.609128475189209 -1.6782329515273606 -5.268794015669238
v 1.6823607683181763 -1.876075442694112 -5.354818379121641
v 1.7268074750900269 -2.080991318407845 -5.443918337707928
v 1.7417080402374268 -2.2894744009206325 -5.53456936195449
v 1.7268074750900269 -2.49795748343342 -5.625220386201051
v 1.6823607683181763 -2.7028733591471528 -5.714320344787339
v 1.609128475189209 -2.900715850313904 -5.8003447082397415
v 1.5083634853363037 -3.088099853389284 -5.881821591646634
v 1.3817899227142334 -3.261819197743249 -5.957356912341838
v 1.2315735816955566 -3.418901361361113 -6.025658180968524
v 1.0602847337722778 -3.556658770229562 -6.0855568070870785
v 0.8708540201187134 -3.6727343309829483 -6.1360278973331805
v 0.6665228009223938 -3.76514188007287 -6.176207843217288
v 0.450787216424942 -3.8323002922571137 -6.205409151917724
v 0.2273385226726532 -3.873060592475481 -6.2231322348597935
v 3.1994657879281466e-16 -3.8867253058579356 -6.229073821338779
v -0.2273385226726532 -3.873060592475481 -6.2231322348597935
v -0.450787216424942 -3.8323002922571137 -6.205409151917724
v -0.6665228009223938 -3.76514188007287 -6.176207843217288
v -0.8708540201187134 -3.6727343309829483 -6.1360278973331805
v -1.0602847337722778 -3.556658770229562 -6.0855568070870785
v -1.2315735816955566 -3.418901361361113 -6.025658180968524
v -1.3817899227142334 -3.261819197743249 -5.957356912341838
v -1.5083634853363037 -3.088099853389284 -5.881821591646634
v -1.609128475189209 -2.900715850313904 -5.8003447082397415
v -1.6823607683181763 -2.7028733591471528 -5.714320344787339
v -1.7268074750900269 -2.49795748343342 -5.625220386201051
v -1.7417080402374268 -2.289474400920633 -5.53456936195449
v -1.1705418825149536 -2.346523328175911 -5.403365811778614
v -1.1605278253555298 -2.2064090445859743 -5.342442387364924
v -1.1306567192077637 -2.068692139548144 -5.282561372813156
v -1.081439733505249 -1.9357290231650683 -5.224747364396424
v -1.013719081878662 -1.8097947152508773 -5.169989568883192
v -0.928653359413147 -1.6930439266707245 -5.119224881222094
v -0.8276981115341187 -1.587474436444005 -5.0733219604532
v -0.7125808000564575 -1.4948924093144946 -5.033066149358319
v -0.5852709412574768 -1.416882031542645 -4.999146271727742
v -0.4479469954967499 -1.3547781257245581 -4.9721427249446295
v -0.30295854806900024 -1.3096431931551986 -4.952517497720445
v -0.15278637409210205 -1.2822495943293621 -4.9406064219562555
v -7.167502140670754e-17 -1.273066102325844 -4.936613325987771
v 0.15278637409210205 -1.2822495943293621 -4.9406064219562555
v 0.30295854806900024 -1.3096431931551986 -4.952517497720445
v 0.4479469954967499 -1.3547781257245581 -4.9721427249446295
v 0.5852709412574768 -1.416882031542645 -4.999146271727742
v 0.7125808000564575 -1.4948924093144946 -5.033066149358319
v 0.8276981115341187 -1.587474436444005 -5.0733219604532
v 0.928653359413147 -1.6930439266707245 -5.119224881222094
v 1.013719081878662 -1.8097947152508773 -5.169989568883192
v 1.081439733505249 -1.9357290231650683 -5.224747364396424
v 1.1306567192077637 -2.068692139548144 -5.282561372813156
v 1.1605278253555298 -2.2064090445859743 -5.342442387364924
v 1.1705418825149536 -2.346523328175911 -5.403365811778614
v 1.1605278253555298 -2.4866376117658473 -5.464289236192304
v 1.1306567192077637 -2.6243545168036775 -5.524170250744072
v 1.081439733505249 -2.757317633186753 -5.581984259160804
v 1.013719081878662 -2.883251941100944 -5.636742054674036
v 0.928653359413147 -3.0000027296810967 -5.687506742335134
v 0.8276981115341187 -3.1055722199078164 -5.7334096631040286
v 0.7125808000564575 -3.1981542470373268 -5.773665474198909
v 0.5852709412574768 -3.2761646248091765 -5.807585351829486
v 0.4479469954967499 -3.3382685306272633 -5.834588898612599
v 0.30295854806900024 -3.3834034631966228 -5.8542141258367835
v 0.15278637409210205 -3.4107970620224592 -5.866125201600973
v 2.150250708375675e-16 -3.4199805540259773 -5.870118297569457
v -0.15278637409210205 -3.4107970620224592 -5.866125201600973
v -0.30295854806900024 -3.3834034631966228 -5.8542141258367835
v -0.4479469954967499 -3.3382685306272633 -5.834588898612599
v -0.5852709412574768 -3.2761646248091765 -5.807585351829486
v -0.7125808000564575 -3.1981542470373268 -5.773665474198909
v -0.8276981115341187 -3.1055722199078164 -5.7334096631040286
v -0.928653359413147 -3.0000027296810967 -5.687506742335134
v -1.013719081878662 -2.883251941100944 -5.636742054674036
v -1.081439733505249 -2.757317633186753 -5.581984259160804
v -1.1306567192077637 -2.6243545168036775 -5.524170250744072
v -1.1605278253555298 -2.4866376117658473 -5.464289236192304
v -1.1705418825149536 -2.3465233281759112 -5.403365811778614
v -0.5881028175354004 -2.3809739295397407 -5.324134852984202
v -0.5830715298652649 -2.3105778073053895 -5.293525747887444
v -0.5680637359619141 -2.241386182082589 -5.263440372996911
v -0.5433361530303955 -2.1745829436708193 -5.234393498248008
v -0.5093119740486145 -2.1113111227421832 -5.206882127521925
v -0.4665733575820923 -2.0526532948585743 -5.181376978069803
v -0.41585150361061096 -1.999613118705428 -5.158314453108307
v -0.358014315366745 -1.9530981315293898 -5.138089161063017
v -0.2940514087677002 -1.9139042527334837 -5.121047177539838
v -0.2250572144985199 -1.882702036625559 -5.107480067849907
v -0.1522122174501419 -1.8600253575830161 -5.097619967179192
v -0.07676282525062561 -1.8462623089896526 -5.091635623333609
v -3.6010914229524485e-17 -1.841648315944625 -5.089629402059647
v 0.07676282525062561 -1.8462623089896526 -5.091635623333609
v 0.1522122174501419 -1.8600253575830161 -5.097619967179192
v 0.2250572144985199 -1.882702036625559 -5.107480067849907
v 0.2940514087677002 -1.9139042527334837 -5.121047177539838
v 0.358014315366745 -1.9530981315293898 -5.138089161063017
v 0.41585150361061096 -1.999613118705428 -5.158314453108307
v 0.4665733575820923 -2.0526532948585743 -5.181376978069803
v 0.5093119740486145 -2.1113111227421832 -5.206882127521925
v 0.5433361530303955 -2.1745829436708193 -5.234393498248008
v 0.5680637359619141 -2.241386182082589 -5.263440372996911
v 0.5830715298652649 -2.3105778073053895 -5.293525747887444
v 0.5881028175354004 -2.3809739295397407 -5.324134852984202
v 0.5830715298652649 -2.451370051774092 -5.35474395808096
v 0.5680637359619141 -2.5205616769968926 -5.384829332971494
v 0.5433361530303955 -2.587364915408662 -5.413876207720397
v 0.5093119740486145 -2.6506367363372982 -5.44138757844648
v 0.4665733575820923 -2.709294564220907 -5.4668927278986015
v 0.41585150361061096 -2.7623347403740532 -5.4899552528600974
v 0.358014315366745 -2.808849727550091 -5.510180544905388
v 0.2940514087677002 -2.8480436063459975 -5.527222528428567
v 0.2250572144985199 -2.8792458224539224 -5.540789638118498
v 0.1522122174501419 -2.901922501496465 -5.550649738789213
v 0.07676282525062561 -2.9156855500898287 -5.556634082634796
v 1.08032739379851e-16 -2.920299543134856 -5.558640303908757
v -0.07676282525062561 -2.9156855500898287 -5.556634082634796
v -0.1522122174501419 -2.901922501496465 -5.550649738789213
v -0.2250572144985199 -2.8792458224539224 -5.540789638118498
v -0.2940514087677002 -2.8480436063459975 -5.527222528428567
v -0.358014315366745 -2.808849727550091 -5.510180544905388
v -0.41585150361061096 -2.7623347403740532 -5.4899552528600974
v -0.4665733575820923 -2.709294564220907 -5.4668927278986015
v -0.5093119740486145 -2.6506367363372982 -5.44138757844648
v -0.5433361530303955 -2.587364915408662 -5.413876207720397
v -0.5680637359619141 -2.5205616769968926 -5.384829332971494
v -0.5830715298652649 -2.451370051774092 -5.35474395808096
v -0.5881028175354004 -2.3809739295397407 -5.324134852984202
v -7.347880586115415e-16 -2.392494413551477 -5.297639553689256
v -7.285018565330529e-16 -2.392494413551477 -5.297639553689256
v -7.097507705423293e-16 -2.392494413551477 -5.297639553689256
v -6.788556673077023e-16 -2.3924944135514767 -5.297639553689256
v -6.363451483278179e-16 -2.3924944135514767 -5.297639553689256
v -5.829466031461307e-16 -2.3924944135514767 -5.297639553689256
v -5.195736097358137e-16 -2.3924944135514767 -5.297639553689256
v -4.473106349671483e-16 -2.3924944135514767 -5.297639553689256
v -3.6739402930577075e-16 -2.3924944135514767 -5.297639553689256
v -2.811912215659046e-16 -2.3924944135514767 -5.297639553689256
v -1.901771475716258e-16 -2.3924944135514767 -5.297639553689256
v -9.59090906313512e-17 -2.3924944135514763 -5.297639553689256
v -4.4992792716635827e-32 -2.3924944135514763 -5.297639553689256
v 9.59090906313512e-17 -2.3924944135514763 -5.297639553689256
v 1.901771475716258e-16 -2.3924944135514767 -5.297639553689256
v 2.811912215659046e-16 -2.3924944135514767 -5.297639553689256
v 3.6739402930577075e-16 -2.3924944135514767 -5.297639553689256
v 4.473106349671483e-16 -2.3924944135514767 -5.297639553689256
v 5.195736097358137e-16 -2.3924944135514767 -5.297639553689256
v 5.829466031461307e-16 -2.3924944135514767 -5.297639553689256
v 6.363451483278179e-16 -2.3924944135514767 -5.297639553689256
v 6.788556673077023e-16 -2.3924944135514767 -5.297639553689256
v 7.097507705423293e-16 -2.392494413551477 -5.297639553689256
v 7.285018565330529e-16 -2.392494413551477 -5.297639553689256
v 7.347880586115415e-16 -2.392494413551477 -5.297639553689256
v 7.285018565330529e-16 -2.392494413551477 -5.297639553689256
v 7.097507705423293e-16 -2.392494413551477 -5.297639553689256
v 6.788556673077023e-16 -2.3924944135514776 -5.297639553689256
v 6.363451483278179e-16 -2.3924944135514776 -5.297639553689256
v 5.829466031461307e-16 -2.3924944135514776 -5.297639553689256
v 5.195736097358137e-16 -2.3924944135514776 -5.297639553689256
v 4.473106349671483e-16 -2.3924944135514776 -5.297639553689256
v 3.6739402930577075e-16 -2.3924944135514776 -5.297639553689256
v 2.811912215659046e-16 -2.3924944135514776 -5.297639553689256
v 1.901771475716258e-16 -2.3924944135514776 -5.297639553689256
v 9.59090906313512e-17 -2.392494413551478 -5.297639553689256
v 1.3497838402737923e-31 -2.392494413551478 -5.297639553689256
v -9.59090906313512e-17 -2.392494413551478 -5.297639553689256
v -1.901771475716258e-16 -2.3924944135514776 -5.297639553689256
v -2.811912215659046e-16 -2.3924944135514776 -5.297639553689256
v -3.6739402930577075e-16 -2.3924944135514776 -5.297639553689256
v -4.473106349671483e-16 -2.3924944135514776 -5.297639553689256
v -5.195736097358137e-16 -2.3924944135514776 -5.297639553689256
v -5.829466031461307e-16 -2.3924944135514776 -5.297639553689256
v -6.363451483278179e-16 -2.3924944135514776 -5.297639553689256
v -6.788556673077023e-16 -2.3924944135514776 -5.297639553689256
v -7.097507705423293e-16 -2.392494413551477 -5.297639553689256
v -7.285018565330529e-16 -2.392494413551477 -5.297639553689256
v -7.347880586115415e-16 -2.392494413551477 -5.297639553689256
vn 0 0.39874906892524625 -0.917060074385124
vn 0 0.39874906892524625 -0.917060074385124
vn 0 0.39874906892524625 -0.917060074385124
vn 0 0.39874906892524625 -0.917060074385124
vn 0 0.39874906892524625 -0.917060074385124
vn 0 0.39874906892524625 -0.917060074385124
vn 0 0.39874906892524625 -0.917060074385124
vn 0 0.39874906892524625 -0.917060074385124
vn 0 0.39874906892524625 -0.917060074385124
vn 0 0.39874906892524625 -0.917060074385124
vn 0 0.39874906892524625 -0.917060074385124
vn 0 0.39874906892524625 -0.917060074385124
vn 0 0.39874906892524625 -0.917060074385124
vn 0 0.39874906892524625 -0.917060074385124
vn 0 0.39874906892524625 -0.917060074385124
vn 0 0.39874906892524625 -0.917060074385124
vn 0 0.39874906892524625 -0.917060074385124
vn 0 0.39874906892524625 -0.917060074385124
vn 0 0.39874906892524625 -0.917060074385124
vn 0 0.39874906892524625 -0.917060074385124
vn 0 0.39874906892524625 -0.917060074385124
vn 0 0.39874906892524625 -0.917060074385124
vn 0 0.39874906892524625 -0.917060074385124
vn 0 0.39874906892524625 -0.917060074385124
vn 0 0.39874906892524625 -0.917060074385124
vn 0 0.39874906892524625 -0.917060074385124
vn 0 0.39874906892524625 -0.917060074385124
vn 0 0.39874906892524625 -0.917060074385124
vn 0 0.39874906892524625 -0.917060074385124
vn 0 0.39874906892524625 -0.917060074385124
vn 0 0.39874906892524625 -0.917060074385124
vn 0 0.39874906892524625 -0.917060074385124
vn 0 0.39874906892524625 -0.917060074385124
vn 0 0.39874906892524625 -0.917060074385124
vn 0 0.39874906892524625 -0.917060074385124
vn 0 0.39874906892524625 -0.917060074385124
vn 0 0.39874906892524625 -0.917060074385124
vn 0 0.39874906892524625 -0.917060074385124
vn 0 0.39874906892524625 -0.917060074385124
vn 0 0.39874906892524625 -0.917060074385124
vn 0 0.39874906892524625 -0.917060074385124
vn 0 0.39874906892524625 -0.917060074385124
vn 0 0.39874906892524625 -0.917060074385124
vn 0 0.39874906892524625 -0.917060074385124
vn 0 0.39874906892524625 -0.917060074385124
vn 0 0.39874906892524625 -0.917060074385124
vn 0 0.39874906892524625 -0.917060074385124
vn 0 0.39874906892524625 -0.917060074385124
vn 0 0.39874906892524625 -0.917060074385124
vn -0.09801714190788421 0.3968289831071781 -0.9126441793263861
vn -0.09717859393503842 0.408561670420576 -0.9075426614457072
vn -0.09467728505376127 0.42009360855836675 -0.9025284326508827
vn -0.09055603357439675 0.4312274797867261 -0.8976872871217801
vn -0.08488533703633468 0.4417727867509609 -0.893102057125902
vn -0.07776222433895806 0.4515490916367814 -0.8888511991935744
vn -0.06930858689154026 0.46038912089214845 -0.8850074446846492
vn -0.05966905547343558 0.46814161442246005 -0.88163656495454
vn -0.04900857094498423 0.4746739365313924 -0.8787962300509272
vn -0.037509534764284605 0.47987430593139796 -0.8765350451115037
vn -0.025368703715149713 0.4836537413162812 -0.8748917003735814
vn -0.012793804605388264 0.48594759160019796 -0.8738943052690561
vn -6.001819080193974e-18 0.48671659055623967 -0.8735599352519035
vn 0.012793804605388264 0.48594759160019796 -0.8738943052690561
vn 0.025368703715149713 0.4836537413162812 -0.8748917003735814
vn 0.037509534764284605 0.47987430593139796 -0.8765350451115037
vn 0.04900857094498423 0.4746739365313924 -0.8787962300509272
vn 0.05966905547343558 0.46814161442246005 -0.88163656495454
vn 0.06930858689154026 0.46038912089214845 -0.8850074446846492
vn 0.07776222433895806 0.4515490916367814 -0.8888511991935744
vn 0.08488533703633468 0.4417727867509609 -0.893102057125902
vn 0.09055603357439675 0.4312274797867261 -0.8976872871217801
vn 0.09467728505376127 0.42009360855836675 -0.9025284326508827
vn 0.09717859393503842 0.408561670420576 -0.9075426614457072
vn 0.09801714190788421 0.3968289831071781 -0.9126441793263861
vn 0.09717859393503842 0.3850962956144038 -0.9177456967945273
vn 0.09467728505376125 0.3735643579262279 -0.9227599266233952
vn 0.09055603357439676 0.3624304863045537 -0.9276010712479356
vn 0.08488533703633468 0.35188517931832913 -0.9321863011932406
vn 0.07776222433895806 0.3421088747348635 -0.9364371598209369
vn 0.06930858689154026 0.33326884519158095 -0.9402809136677017
vn 0.05966905547343558 0.3255163519491849 -0.9436517940599712
vn 0.04900857094498423 0.3189840295378976 -0.9464921282682155
vn 0.03750953476428461 0.31378366015988185 -0.948753313258212
vn 0.02536870371514972 0.31000422516831344 -0.9503966589006965
vn 0.012793804605388264 0.30771037443478183 -0.9513940529711784
vn 1.800545724058192e-17 0.3069413756581166 -0.9517284234008686
vn -0.012793804605388264 0.30771037443478183 -0.9513940529711784
vn -0.02536870371514972 0.31000422516831344 -0.9503966589006965
vn -0.03750953476428461 0.31378366015988185 -0.948753313258212
vn -0.04900857094498423 0.3189840295378976 -0.9464921282682155
vn -0.05966905547343558 0.3255163519491849 -0.9436517940599712
vn -0.06930858689154026 0.33326884519158095 -0.9402809136677017
vn -0.07776222433895806 0.3421088747348635 -0.9364371598209369
vn -0.08488533703633468 0.35188517931832913 -0.9321863011932406
vn -0.09055603357439676 0.3624304863045537 -0.9276010712479356
vn -0.09467728505376125 0.3735643579262279 -0.9227599266233952
vn -0.09717859393503842 0.3850962956144038 -0.9177456967945273
vn -0.09801714190788421 0.3968289831071781 -0.9126441793263861
vn -0.19509032931342324 0.39108721679758157 -0.8994390208712882
vn -0.19342130960702653 0.41443959878485737 -0.8892851151059198
vn -0.1884427870212915 0.4373924162809781 -0.8793049472165704
vn -0.18023996563079556 0.4595529382482867 -0.8696692772179412
vn -0.1689531850728157 0.4805419924314175 -0.8605429767093533
vn -0.15477556441392087 0.5000004491219826 -0.8520821999890431
vn -0.1379496942243388 0.517595373709092 -0.8444317088896869
vn -0.11876346517099441 0.5330257075324653 -0.8377224089458827
vn -0.09754516459131696 0.5460274370058752 -0.8320690950285606
vn -0.07465783717033021 0.5563780928279808 -0.827568501799185
vn -0.050493092806152697 0.5639005731193184 -0.8242976350897614
vn -0.025464397632216317 0.5684661769739725 -0.8223124528364046
vn -1.1945837521388368e-17 0.5699967687095678 -0.821646933701241
vn 0.025464397632216317 0.5684661769739725 -0.8223124528364046
vn 0.050493092806152697 0.5639005731193184 -0.8242976350897614
vn 0.07465783717033021 0.5563780928279808 -0.827568501799185
vn 0.09754516459131696 0.5460274370058752 -0.8320690950285606
vn 0.11876346517099441 0.5330257075324653 -0.8377224089458827
vn 0.1379496942243388 0.517595373709092 -0.8444317088896869
vn 0.15477556441392087 0.5000004491219826 -0.8520821999890431
vn 0.1689531850728157 0.4805419924314175 -0.8605429767093533
vn 0.18023996563079556 0.4595529382482867 -0.8696692772179412
vn 0.1884427870212915 0.4373924162809781 -0.8793049472165704
vn 0.19342130960702653 0.41443959878485737 -0.8892851151059198
vn 0.19509032931342324 0.39108721679758157 -0.8994390208712882
vn 0.19342130960702653 0.367734834011312 -0.9095929247990968
vn 0.1884427870212915 0.3447820173914874 -0.9195730947037893
vn 0.18023996563079556 0.3226214948305757 -0.9292087633372248
vn 0.1689531850728157 0.30163244063937283 -0.9383350638272483
vn 0.15477556441392087 0.2821739847140882 -0.9467958423075831
vn 0.1379496942243388 0.2645790600155375 -0.9544463331506419
vn 0.11876346517099441 0.2491487263036056 -0.9611556333507435
vn 0.09754516459131696 0.23614699606491518 -0.9668089455080409
vn 0.07465783717033021 0.2257963402508816 -0.971309538755981
vn 0.050493092806152697 0.2182738605531471 -0.9745804068305983
vn 0.025464397632216317 0.21370825582219682 -0.976565587068612
vn 3.583751173698446e-17 0.21217766488559525 -0.9772311080413353
vn -0.025464397632216317 0.21370825582219682 -0.976565587068612
vn -0.050493092806152697 0.2182738605531471 -0.9745804068305983
vn -0.07465783717033021 0.2257963402508816 -0.971309538755981
vn -0.09754516459131696 0.23614699606491518 -0.9668089455080409
vn -0.11876346517099441 0.2491487263036056 -0.9611556333507435
vn -0.1379496942243388 0.2645790600155375 -0.9544463331506419
vn -0.15477556441392087 0.2821739847140882 -0.9467958423075831
vn -0.1689531850728157 0.30163244063937283 -0.9383350638272483
vn -0.18023996563079556 0.3226214948305757 -0.9292087633372248
vn -0.1884427870212915 0.3447820173914874 -0.9195730947037893
vn -0.19342130960702653 0.367734834011312 -0.9095929247990968
vn -0.19509032931342324 0.3910872167975815 -0.8994390208712882
vn -0.2902846598293761 0.3815790699979553 -0.8775717803161396
vn -0.28780125982587434 0.41632624550125297 -0.8624632700292053
vn -0.28039347555950106 0.45047888968639677 -0.84761327786354
vn -0.26818805584545874 0.48345264563753065 -0.8332758883634551
vn -0.25139390974721004 0.5146833031027725 -0.8196964070003181
vn -0.2302983209573972 0.5436365303466855 -0.8071071838590096
vn -0.2052622557042165 0.5698168887530392 -0.7957236452908908
vn -0.17671411887154448 0.5927764626974049 -0.7857405331681735
vn -0.1451423291354634 0.612122385522118 -0.7773286881595484
vn -0.11108713452725374 0.6275236282275752 -0.7706320422605225
vn -0.07513119872797243 0.6387167285459783 -0.7657651360914919
vn -0.03788975176148964 0.6455101116764762 -0.7628112888748279
vn -1.7774809160467117e-17 0.6477875417339435 -0.761821042485894
vn 0.03788975176148964 0.6455101116764762 -0.7628112888748279
vn 0.07513119872797243 0.6387167285459783 -0.7657651360914919
vn 0.11108713452725374 0.6275236282275752 -0.7706320422605225
vn 0.1451423291354634 0.612122385522118 -0.7773286881595484
vn 0.17671411887154448 0.5927764626974049 -0.7857405331681735
vn 0.2052622557042165 0.5698168887530392 -0.7957236452908908
vn 0.2302983209573972 0.5436365303466855 -0.8071071838590096
vn 0.25139390974721004 0.5146833031027725 -0.8196964070003181
vn 0.26818805584545874 0.48345264563753065 -0.8332758883634551
vn 0.28039347555950106 0.45047888968639677 -0.84761327786354
vn 0.28780125982587434 0.41632624550125297 -0.8624632700292053
vn 0.2902846598293761 0.3815790699979554 -0.8775717803161396
vn 0.28780125982587434 0.34683188836360185 -0.8926802765026106
vn 0.28039347555950095 0.3126792442981608 -0.9075302689435732
vn 0.26818805584545874 0.2797054939319435 -0.9218676712880871
vn 0.25139390974721004 0.2484748327959761 -0.9354471442091334
vn 0.23029832095739716 0.2195216043522049 -0.9480363645909567
vn 0.2052622557042165 0.19334124978390493 -0.959419911985995
vn 0.17671411887154448 0.17038167200148532 -0.9694030152817927
vn 0.1451423291354634 0.15103575037663075 -0.9778148630499032
vn 0.11108713452725374 0.1356345113418989 -0.9845115173910197
vn 0.07513119872797243 0.12444140543857933 -0.9893784107156216
vn 0.037889751761489635 0.11764802218837869 -0.9923322576569883
vn 5.3324429135762554e-17 0.11537059826196723 -0.9933225181463851
vn -0.037889751761489635 0.11764802218837869 -0.9923322576569883
vn -0.07513119872797243 0.12444140543857933 -0.9893784107156216
vn -0.11108713452725374 0.1356345113418989 -0.9845115173910197
vn -0.1451423291354634 0.15103575037663075 -0.9778148630499032
vn -0.17671411887154448 0.17038167200148532 -0.9694030152817927
vn -0.2052622557042165 0.19334124978390493 -0.959419911985995
vn -0.23029832095739716 0.2195216043522049 -0.9480363645909567
vn -0.25139390974721004 0.2484748327959761 -0.9354471442091334
vn -0.26818805584545874 0.2797054939319435 -0.9218676712880871
vn -0.28039347555950095 0.3126792442981608 -0.9075302689435732
vn -0.28780125982587434 0.34683188836360185 -0.8926802765026106
vn -0.2902846598293761 0.38157906999795527 -0.8775717803161396
vn -0.38268343706133684 0.368396102612301 -0.8472530310237838
vn -0.3794095318275573 0.41420344838026235 -0.8273354280509769
vn -0.3696438175018387 0.4592270175221111 -0.8077586239467915
vn -0.3535533942319051 0.5026964499421542 -0.7888575769064111
vn -0.3314135766963612 0.5438679535257681 -0.7709556993167752
vn -0.3036031813708991 0.5820370897219301 -0.7543592873753825
vn -0.2705980604439119 0.6165507784046982 -0.7393523025814919
vn -0.23296291331924837 0.646818459195962 -0.7261915462611569
vn -0.19134171863084992 0.6723222621025885 -0.7151021763305235
vn -0.1464466194710324 0.6926258042100231 -0.7062739433024023
vn -0.09904576363336468 0.7073816889312038 -0.6998579019137537
vn -0.04995021355798117 0.7163374352994321 -0.6959638316422371
vn -2.3432603017245014e-17 0.7193398038697255 -0.6946583668024628
vn 0.04995021355798117 0.7163374352994321 -0.6959638316422371
vn 0.09904576363336468 0.7073816889312038 -0.6998579019137537
vn 0.1464466194710324 0.6926258042100231 -0.7062739433024023
vn 0.19134171863084992 0.6723222621025885 -0.7151021763305235
vn 0.23296291331924837 0.646818459195962 -0.7261915462611569
vn 0.2705980604439119 0.6165507784046982 -0.7393523025814919
vn 0.3036031813708991 0.5820370897219301 -0.7543592873753825
vn 0.3314135766963612 0.5438679535257681 -0.7709556993167752
vn 0.3535533942319051 0.5026964499421542 -0.7888575769064111
vn 0.3696438175018387 0.4592270175221111 -0.8077586239467915
vn 0.3794095318275573 0.41420344838026235 -0.8273354280509769
vn 0.38268343706133684 0.36839610261230105 -0.8472530310237838
vn 0.3794095318275573 0.32258875525819225 -0.8671706303487015
vn 0.3696438175018386 0.2775651867918214 -0.8867474360063796
vn 0.3535533942319051 0.23409575445104425 -0.9056484832290592
vn 0.3314135766963612 0.19292425208459882 -0.923550363617991
vn 0.3036031813708991 0.15475511648687992 -0.9401467769357087
vn 0.2705980604439119 0.12024142352636993 -0.9551537518914665
vn 0.23296291331924837 0.08997374701284803 -0.9683145180499343
vn 0.1913417186308499 0.06446994350777849 -0.9794038866042428
vn 0.14644661947103244 0.04416640018317524 -0.9882321168330678
vn 0.09904576363336466 0.029410515382728868 -0.9946481580394173
vn 0.04995021355798117 0.02045476833902254 -0.9985422267574413
vn 7.029780739737376e-17 0.017452401354876544 -0.9998476952451049
vn -0.04995021355798117 0.02045476833902254 -0.9985422267574413
vn -0.09904576363336466 0.029410515382728868 -0.9946481580394173
vn -0.14644661947103244 0.04416640018317524 -0.9882321168330678
vn -0.1913417186308499 0.06446994350777849 -0.9794038866042428
vn -0.23296291331924837 0.08997374701284803 -0.9683145180499343
vn -0.2705980604439119 0.12024142352636993 -0.9551537518914665
vn -0.3036031813708991 0.15475511648687992 -0.9401467769357087
vn -0.3314135766963612 0.19292425208459882 -0.923550363617991
vn -0.3535533942319051 0.23409575445104425 -0.9056484832290592
vn -0.3696438175018386 0.2775651867918214 -0.8867474360063796
vn -0.3794095318275573 0.32258875525819225 -0.8671706303487015
vn -0.3826834370613369 0.368396102612301 -0.847253031023784
vn -0.47139673137517785 0.35166528418604753 -0.8087747829570017
vn -0.46736385483546045 0.40809164488233063 -0.7842399100852827
vn -0.45533426646327185 0.46355253151238285 -0.7601248294279142
vn -0.4355137844212106 0.517098996510282 -0.7368421617871597
vn -0.4082415316406824 0.5678148485696474 -0.7147902836409419
vn -0.3739841782489085 0.6148323034815025 -0.6943465078871773
vn -0.3333278217666775 0.657346922300529 -0.675860626888639
vn -0.2869681344336158 0.6946312430954542 -0.6596489414342709
vn -0.23569836718762052 0.726047295797617 -0.6459888574658679
vn -0.18039571824669656 0.7510575892532708 -0.6351140704340628
vn -0.12200645102881598 0.7692341627293359 -0.6272106733765385
vn -0.06152962025121243 0.7802660182381911 -0.622413886906824
vn -2.886472476695692e-17 0.7839644057258724 -0.6208057752267451
vn 0.06152962025121243 0.7802660182381911 -0.622413886906824
vn 0.12200645102881598 0.7692341627293359 -0.6272106733765385
vn 0.18039571824669656 0.7510575892532708 -0.6351140704340628
vn 0.23569836718762052 0.726047295797617 -0.6459888574658679
vn 0.2869681344336158 0.6946312430954542 -0.6596489414342709
vn 0.3333278217666775 0.657346922300529 -0.675860626888639
vn 0.3739841782489085 0.6148323034815025 -0.6943465078871773
vn 0.4082415316406824 0.5678148485696474 -0.7147902836409419
vn 0.4355137844212106 0.517098996510282 -0.7368421617871597
vn 0.45533426646327185 0.46355253151238285 -0.7601248294279142
vn 0.46736385483546045 0.40809164488233063 -0.7842399100852827
vn 0.47139673137517785 0.3516652841860476 -0.8087747829570017
vn 0.46736385483546045 0.29523892863340007 -0.8333096676582726
vn 0.45533426646327185 0.2397780414004809 -0.8574247469291422
vn 0.4355137844212106 0.1862315749221351 -0.8807074111651022
vn 0.4082415316406824 0.1355157242785843 -0.9027592925674709
vn 0.3739841782489086 0.08849826606179867 -0.9232030607204158
vn 0.3333278217666775 0.04598364825256782 -0.9416889440413251
vn 0.2869681344336158 0.00869932644784708 -0.957900627173322
vn 0.23569836718762052 -0.022716722949385287 -0.9715607187425449
vn 0.18039571824669656 -0.0477270178208538 -0.9824355025181991
vn 0.12200645102881598 -0.06590358981647214 -0.9903389029805177
vn 0.06152962025121242 -0.0769354447224603 -0.9951356908367315
vn 8.659417430087076e-17 -0.08063383735377737 -0.9967437906872582
vn -0.06152962025121242 -0.0769354447224603 -0.9951356908367315
vn -0.12200645102881598 -0.06590358981647214 -0.9903389029805177
vn -0.18039571824669656 -0.0477270178208538 -0.9824355025181991
vn -0.23569836718762052 -0.022716722949385287 -0.9715607187425449
vn -0.2869681344336158 0.00869932644784708 -0.957900627173322
vn -0.3333278217666775 0.04598364825256782 -0.9416889440413251
vn -0.3739841782489086 0.08849826606179867 -0.9232030607204158
vn -0.4082415316406824 0.1355157242785843 -0.9027592925674709
vn -0.4355137844212106 0.1862315749221351 -0.8807074111651022
vn -0.45533426646327185 0.2397780414004809 -0.8574247469291422
vn -0.46736385483546045 0.29523892863340007 -0.8333096676582726
vn -0.47139673137517785 0.3516652841860474 -0.8087747829570017
vn -0.555570248949409 0.3315477295010075 -0.7625075747459945
vn -0.5508172595059975 0.3980496866087693 -0.733591707710061
vn -0.536639640303563 0.463413777210108 -0.7051705946412703
vn -0.5132799803756309 0.5265215992096902 -0.6777305270616505
vn -0.48113793824331974 0.5862933804281908 -0.6517410194617583
vn -0.44076351044332973 0.6417063669732296 -0.6276467688498776
vn -0.3928474841483584 0.691812474913422 -0.6058600116796545
vn -0.3382097239370496 0.7357543500551548 -0.5867535419657399
vn -0.27778512637621555 0.7727801252054615 -0.5706542750664199
vn -0.2126075202885633 0.8022563078226946 -0.557837663550469
vn -0.14379215495272413 0.8236785213479573 -0.548523025627999
vn -0.07251646478974513 0.8366802489897196 -0.5428697111507501
vn -3.401886504589378e-17 0.8410390233287144 -0.5409744552548504
vn 0.07251646478974513 0.8366802489897196 -0.5428697111507501
vn 0.14379215495272413 0.8236785213479573 -0.548523025627999
vn 0.2126075202885633 0.8022563078226946 -0.557837663550469
vn 0.27778512637621555 0.7727801252054615 -0.5706542750664199
vn 0.3382097239370496 0.7357543500551548 -0.5867535419657399
vn 0.3928474841483584 0.691812474913422 -0.6058600116796545
vn 0.44076351044332973 0.6417063669732296 -0.6276467688498776
vn 0.48113793824331974 0.5862933804281908 -0.6517410194617583
vn 0.5132799803756309 0.5265215992096902 -0.6777305270616505
vn 0.536639640303563 0.463413777210108 -0.7051705946412703
vn 0.5508172595059975 0.3980496866087693 -0.733591707710061
vn 0.555570248949409 0.3315477295010076 -0.7625075747459945
vn 0.5508172595059975 0.2650457774203096 -0.7914234533433835
vn 0.536639640303563 0.19968168857622307 -0.8198445704535773
vn 0.5132799803756308 0.13657386246835682 -0.8472846285847905
vn 0.48113793824331974 0.07680208311288424 -0.8732741404693539
vn 0.44076351044332973 0.021389097790263458 -0.8973683938926039
vn 0.3928474841483584 -0.028717011156782896 -0.9191551487472212
vn 0.33820972393704973 -0.0726588852916618 -0.9382616207767415
vn 0.27778512637621555 -0.10968466166438648 -0.9543608848646925
vn 0.21260752028856325 -0.13916084614464766 -0.9671774920959719
vn 0.14379215495272413 -0.16058305556162628 -0.9764921394668487
vn 0.07251646478974513 -0.17358478496064067 -0.9821454499026944
vn 1.0205659844640382e-16 -0.1779435643266993 -0.9840406942371386
vn -0.07251646478974513 -0.17358478496064067 -0.9821454499026944
vn -0.14379215495272413 -0.16058305556162628 -0.9764921394668487
vn -0.21260752028856325 -0.13916084614464766 -0.9671774920959719
vn -0.27778512637621555 -0.10968466166438648 -0.9543608848646925
vn -0.33820972393704973 -0.0726588852916618 -0.9382616207767415
vn -0.3928474841483584 -0.028717011156782896 -0.9191551487472212
vn -0.44076351044332973 0.021389097790263458 -0.8973683938926039
vn -0.48113793824331974 0.07680208311288424 -0.8732741404693539
vn -0.5132799803756308 0.13657386246835682 -0.8472846285847905
vn -0.536639640303563 0.19968168857622307 -0.8198445704535773
vn -0.5508172595059975 0.2650457774203096 -0.7914234533433835
vn -0.555570248949409 0.3315477295010074 -0.7625075747459945
vn -0.6343932886818924 0.3082371970693006 -0.7088970204608243
vn -0.628965979025742 0.3841742984991747 -0.675878617505286
vn -0.612776878408417 0.4588120959592593 -0.6434251766052581
vn -0.5861029740057387 0.5308735296837248 -0.6120919860141708
vn -0.5494007006828752 0.5991255768819952 -0.5824151553788607
vn -0.5032980474845025 0.6624004484616057 -0.5549024430259349
vn -0.4485837934861758 0.7196154854245531 -0.5300246535386226
vn -0.38619417203800355 0.7697917371893582 -0.5082073817241056
vn -0.3171966451661595 0.8120706453066818 -0.4898240044409041
vn -0.24277180910109447 0.8457288333099091 -0.4751890036754236
vn -0.16419306475478418 0.8701904014764225 -0.46455279857593584
vn -0.08280494132179056 0.8850367803622169 -0.4580974122375891
vn -3.884538510705295e-17 0.8900139535773404 -0.45593328726649474
vn 0.08280494132179056 0.8850367803622169 -0.4580974122375891
vn 0.16419306475478418 0.8701904014764225 -0.46455279857593584
vn 0.24277180910109447 0.8457288333099091 -0.4751890036754236
vn 0.3171966451661595 0.8120706453066818 -0.4898240044409041
vn 0.38619417203800355 0.7697917371893582 -0.5082073817241056
vn 0.4485837934861758 0.7196154854245531 -0.5300246535386226
vn 0.5032980474845025 0.6624004484616057 -0.5549024430259349
vn 0.5494007006828752 0.5991255768819952 -0.5824151553788607
vn 0.5861029740057387 0.5308735296837248 -0.6120919860141708
vn 0.612776878408417 0.4588120959592593 -0.6434251766052581
vn 0.628965979025742 0.3841742984991747 -0.675878617505286
vn 0.6343932886818924 0.30823719706930064 -0.7088970204608243
vn 0.628965979025742 0.23230008720314058 -0.7419154040142334
vn 0.612776878408417 0.15766228760417159 -0.7743688399951639
vn 0.5861029740057387 0.08560086305800303 -0.805702051694889
vn 0.5494007006828752 0.017348818860415147 -0.8353788892312963
vn 0.5032980474845025 -0.04592606381094016 -0.8628915760749556
vn 0.4485837934861758 -0.10314108862023386 -0.8877693935137577
vn 0.38619417203800355 -0.15331735253869272 -0.909586637376785
vn 0.3171966451661595 -0.19559624956427163 -0.9279700401692529
vn 0.24277180910109447 -0.2292544405681813 -0.9426050340336358
vn 0.16419306475478418 -0.25371601791299153 -0.9532412180244861
vn 0.08280494132179056 -0.26856239465990167 -0.9596966092819302
vn 1.1653615862988138e-16 -0.2735395594387391 -0.9618607536551539
vn -0.08280494132179056 -0.26856239465990167 -0.9596966092819302
vn -0.16419306475478418 -0.25371601791299153 -0.9532412180244861
vn -0.24277180910109447 -0.2292544405681813 -0.9426050340336358
vn -0.3171966451661595 -0.19559624956427163 -0.9279700401692529
vn -0.38619417203800355 -0.15331735253869272 -0.909586637376785
vn -0.4485837934861758 -0.10314108862023386 -0.8877693935137577
vn -0.5032980474845025 -0.04592606381094016 -0.8628915760749556
vn -0.5494007006828752 0.017348818860415147 -0.8353788892312963
vn -0.5861029740057387 0.08560086305800303 -0.805702051694889
vn -0.612776878408417 0.15766228760417159 -0.7743688399951639
vn -0.628965979025742 0.23230008720314058 -0.7419154040142334
vn -0.6343932886818924 0.3082371970693004 -0.7088970204608244
vn -0.7071067811865476 0.28195817062886364 -0.6484593973531609
vn -0.7010573857025344 0.3665991044093769 -0.6116564710670284
vn -0.68301271859882 0.4497918108460854 -0.575483234445669
vn -0.6532815030743456 0.530112831751394 -0.5405586585685608
vn -0.6123724561743086 0.6061878571424272 -0.5074803018562561
vn -0.5609855204465076 0.6767152402546407 -0.4768141456128005
vn -0.5000000042785677 0.7404882093323749 -0.4490848556355078
vn -0.43045933195197694 0.7964155963846418 -0.42476694948024524
vn -0.3535533834993082 0.8435404951820519 -0.404276437607004
vn -0.2705980511147485 0.8810565466714182 -0.3879639884065722
vn -0.18301270759503102 0.9083218581297829 -0.37610869559529525
vn -0.09229595361910369 0.9248699085986026 -0.3689134168261609
vn -4.329780375814312e-17 0.9304175679820246 -0.36650122672429725
vn 0.09229595361910369 0.9248699085986026 -0.3689134168261609
vn 0.18301270759503102 0.9083218581297829 -0.37610869559529525
vn 0.2705980511147485 0.8810565466714182 -0.3879639884065722
vn 0.3535533834993082 0.8435404951820519 -0.404276437607004
vn 0.43045933195197694 0.7964155963846418 -0.42476694948024524
vn 0.5000000042785677 0.7404882093323749 -0.4490848556355078
vn 0.5609855204465076 0.6767152402546407 -0.4768141456128005
vn 0.6123724561743086 0.6061878571424272 -0.5074803018562561
vn 0.6532815030743456 0.530112831751394 -0.5405586585685608
vn 0.68301271859882 0.4497918108460854 -0.575483234445669
vn 0.7010573857025344 0.3665991044093769 -0.6116564710670284
vn 0.7071067811865476 0.2819581706288637 -0.6484593973531609
vn 0.7010573857025345 0.19731723622661462 -0.685262322209399
vn 0.68301271859882 0.11412451636504116 -0.7214355279556829
vn 0.6532815030743456 0.033803493983872356 -0.756360100438545
vn 0.6123724561743087 -0.042271527199548554 -0.7894384668276955
vn 0.5609855204465076 -0.11279889370466077 -0.8201046612648691
vn 0.5000000042785677 -0.17657187290015636 -0.8478339279729038
vn 0.43045933195197694 -0.23249924983466183 -0.8721518573974244
vn 0.3535533834993082 -0.2796241652391733 -0.8926423310769475
vn 0.2705980511147485 -0.31714022093615185 -0.9089547706005336
vn 0.18301270759503102 -0.3444055309186564 -0.9208100668060566
vn 0.09229595361910369 -0.3609535679626111 -0.9280053764502666
vn 1.2989340465698435e-16 -0.36650122672429725 -0.9304175679820246
vn -0.09229595361910369 -0.3609535679626111 -0.9280053764502666
vn -0.18301270759503102 -0.3444055309186564 -0.9208100668060566
vn -0.2705980511147485 -0.31714022093615185 -0.9089547706005336
vn -0.3535533834993082 -0.2796241652391733 -0.8926423310769475
vn -0.43045933195197694 -0.23249924983466183 -0.8721518573974244
vn -0.5000000042785677 -0.17657187290015636 -0.8478339279729038
vn -0.5609855204465076 -0.11279889370466077 -0.8201046612648691
vn -0.6123724561743087 -0.042271527199548554 -0.7894384668276955
vn -0.6532815030743456 0.033803493983872356 -0.756360100438545
vn -0.68301271859882 0.11412451636504116 -0.7214355279556829
vn -0.7010573857025345 0.19731723622661462 -0.685262322209399
vn -0.7071067811865476 0.28195817062886347 -0.648459397353161
vn -0.7730104496547076 0.2529637331943295 -0.5817767565080396
vn -0.7663972448131134 0.3454933585142343 -0.5415437215640333
vn -0.74667077456402 0.4364397759936831 -0.5019990800216175
vn -0.7141685453939054 0.5242468766468148 -0.4638194703718384
vn -0.6694467059107689 0.6074122293367283 -0.42765814805450175
vn -0.6132704171103425 0.6845129011179231 -0.39413383983163774
vn -0.5466009385009712 0.7542296252776283 -0.3638201291619609
vn -0.47057895035198183 0.8153695482374677 -0.3372357503181638
vn -0.3865052158629465 0.8668865732466223 -0.31483549233761066
vn -0.2958182977337255 0.9078991858850943 -0.2970026986326955
vn -0.2000698276774436 0.9377056810044658 -0.2840424613769372
vn -0.10089811030265894 0.9557960443116275 -0.27617656130743234
vn -4.73332410683602e-17 0.9618607536551539 -0.2735395594387391
vn 0.10089811030265894 0.9557960443116275 -0.27617656130743234
vn 0.2000698276774436 0.9377056810044658 -0.2840424613769372
vn 0.2958182977337255 0.9078991858850943 -0.2970026986326955
vn 0.3865052158629465 0.8668865732466223 -0.31483549233761066
vn 0.47057895035198183 0.8153695482374677 -0.3372357503181638
vn 0.5466009385009712 0.7542296252776283 -0.3638201291619609
vn 0.6132704171103425 0.6845129011179231 -0.39413383983163774
vn 0.6694467059107689 0.6074122293367283 -0.42765814805450175
vn 0.7141685453939054 0.5242468766468148 -0.4638194703718384
vn 0.74667077456402 0.4364397759936831 -0.5019990800216175
vn 0.7663972448131134 0.3454933585142343 -0.5415437215640333
vn 0.7730104496547076 0.25296373319432963 -0.5817767565080396
vn 0.7663972448131134 0.16043410143528458 -0.6220097766430374
vn 0.74667077456402 0.0694876738894922 -0.6615543950344478
vn 0.7141685453939054 -0.018319423601527322 -0.6997340119565871
vn 0.6694467059107689 -0.10148477468229586 -0.7358953379747042
vn 0.6132704171103425 -0.1785854333098011 -0.7694196764489827
vn 0.5466009385009712 -0.2483021693637304 -0.7997333597638171
vn 0.47057895035198183 -0.3094420804293458 -0.8263177659624567
vn 0.3865052158629465 -0.36095911859218976 -0.8487179936915953
vn 0.2958182977337255 -0.4019717328398069 -0.86655078369573
vn 0.2000698276774436 -0.43177823112129066 -0.8795110136791279
vn 0.10089811030265894 -0.4498685843621085 -0.8873769368996385
vn 1.4199971658763557e-16 -0.45593328726649474 -0.8900139535773404
vn -0.10089811030265894 -0.4498685843621085 -0.8873769368996385
vn -0.2000698276774436 -0.43177823112129066 -0.8795110136791279
vn -0.2958182977337255 -0.4019717328398069 -0.86655078369573
vn -0.3865052158629465 -0.36095911859218976 -0.8487179936915953
vn -0.47057895035198183 -0.3094420804293458 -0.8263177659624567
vn -0.5466009385009712 -0.2483021693637304 -0.7997333597638171
vn -0.6132704171103425 -0.1785854333098011 -0.7694196764489827
vn -0.6694467059107689 -0.10148477468229586 -0.7358953379747042
vn -0.7141685453939054 -0.018319423601527322 -0.6997340119565871
vn -0.74667077456402 0.0694876738894922 -0.6615543950344478
vn -0.7663972448131134 0.16043410143528458 -0.6220097766430374
vn -0.7730104496547076 0.25296373319432935 -0.5817767565080397
vn -0.8314696016585884 0.22153311949114407 -0.5094912938277069
vn -0.8243562638486253 0.3210603311828662 -0.4662156303624793
vn -0.8031379620253624 0.4188846046156898 -0.4236804243409235
vn -0.7681777466291774 0.5133321419063749 -0.3826134624781685
vn -0.7200738105312913 0.6027868951266472 -0.3437174223843217
vn -0.6596491868704508 0.6857183248891783 -0.3076578118175
vn -0.5879377884340418 0.7607073959164286 -0.2750516582922814
vn -0.5061666320203058 0.8264710480568713 -0.24645678597473664
vn -0.4157347927340872 0.8818840574260468 -0.2223625224000626
vn -0.3181896503195008 0.9259982589805472 -0.20318112804724092
vn -0.21520017193985125 0.9580588781253339 -0.18924077795835906
vn -0.10852856267123648 0.9775173360715349 -0.18078000100709618
vn -5.091283142626975e-17 0.9840406942371386 -0.1779435643266993
vn 0.10852856267123648 0.9775173360715349 -0.18078000100709618
vn 0.21520017193985125 0.9580588781253339 -0.18924077795835906
vn 0.3181896503195008 0.9259982589805472 -0.20318112804724092
vn 0.4157347927340872 0.8818840574260468 -0.2223625224000626
vn 0.5061666320203058 0.8264710480568713 -0.24645678597473664
vn 0.5879377884340418 0.7607073959164286 -0.2750516582922814
vn 0.6596491868704508 0.6857183248891783 -0.3076578118175
vn 0.7200738105312913 0.6027868951266472 -0.3437174223843217
vn 0.7681777466291774 0.5133321419063749 -0.3826134624781685
vn 0.8031379620253624 0.4188846046156898 -0.4236804243409235
vn 0.8243562638486253 0.3210603311828662 -0.4662156303624793
vn 0.8314696016585884 0.22153311949114415 -0.5094912938277069
vn 0.8243562638486253 0.12200590767047682 -0.5527669569963809
vn 0.8031379620253624 0.0241816332419868 -0.5953021607280606
vn 0.7681777466291774 -0.07026590687478122 -0.6363691160912698
vn 0.7200738105312913 -0.15972066477176505 -0.6752651454294166
vn 0.6596491868704508 -0.24265209353444026 -0.7113247582957494
vn 0.5879377884340418 -0.3176411480738667 -0.7439309497403666
vn 0.5061666320203058 -0.3834048167021333 -0.7725257841385128
vn 0.4157347927340872 -0.43881782707116457 -0.7966200454136757
vn 0.3181896503195008 -0.4829320239489535 -0.8158014505221974
vn 0.2152001719398513 -0.5149926402676575 -0.8297418071106251
vn 0.10852856267123648 -0.5344510972181917 -0.8382025863517641
vn 1.5273849097008678e-16 -0.5409744552548504 -0.8410390233287144
vn -0.10852856267123648 -0.5344510972181917 -0.8382025863517641
vn -0.2152001719398513 -0.5149926402676575 -0.8297418071106251
vn -0.3181896503195008 -0.4829320239489535 -0.8158014505221974
vn -0.4157347927340872 -0.43881782707116457 -0.7966200454136757
vn -0.5061666320203058 -0.3834048167021333 -0.7725257841385128
vn -0.5879377884340418 -0.3176411480738667 -0.7439309497403666
vn -0.6596491868704508 -0.24265209353444026 -0.7113247582957494
vn -0.7200738105312913 -0.15972066477176505 -0.6752651454294166
vn -0.7681777466291774 -0.07026590687478122 -0.6363691160912698
vn -0.8031379620253624 0.0241816332419868 -0.5953021607280606
vn -0.8243562638486253 0.12200590767047682 -0.5527669569963809
vn -0.8314696016585884 0.22153311949114388 -0.509491293827707
vn -0.881921267261879 0.18796900773025657 -0.4322991215398249
vn -0.8743763005573575 0.29353530661567756 -0.3863976045392489
vn -0.8518705270947644 0.3972953193821999 -0.34128145901042417
vn -0.8147889966093901 0.49747373207311996 -0.29772265097151224
vn -0.763766216046651 0.5923564052241302 -0.25646648205121547
vn -0.6996751858480713 0.6803198965423995 -0.21821886416395248
vn -0.6236125079961052 0.759859141288726 -0.18363421595870255
vn -0.536879646021552 0.8296131864052739 -0.15330429423294506
vn -0.44096063810889 0.8883885125396664 -0.12774805840465728
vn -0.33749666786677407 0.9351794705732726 -0.10740277928023159
vn -0.22825801112364563 0.9691854596661685 -0.09261654889681031
vn -0.11511382507466247 0.9898246088596714 -0.08364239937064666
vn -5.4002101003667496e-17 0.9967437906872582 -0.08063383735377737
vn 0.11511382507466247 0.9898246088596714 -0.08364239937064666
vn 0.22825801112364563 0.9691854596661685 -0.09261654889681031
vn 0.33749666786677407 0.9351794705732726 -0.10740277928023159
vn 0.44096063810889 0.8883885125396664 -0.12774805840465728
vn 0.536879646021552 0.8296131864052739 -0.15330429423294506
vn 0.6236125079961052 0.759859141288726 -0.18363421595870255
vn 0.6996751858480713 0.6803198965423995 -0.21821886416395248
vn 0.763766216046651 0.5923564052241302 -0.25646648205121547
vn 0.8147889966093901 0.49747373207311996 -0.29772265097151224
vn 0.8518705270947644 0.3972953193821999 -0.34128145901042417
vn 0.8743763005573575 0.29353530661567756 -0.3863976045392489
vn 0.881921267261879 0.18796900773025668 -0.43229912153982486
vn 0.8743763005573575 0.08240272064422532 -0.4782006656771395
vn 0.8518705270947644 -0.02135729793790198 -0.5233167978309886
vn 0.8147889966093901 -0.12153570660415071 -0.5668756151260107
vn 0.7637662160466511 -0.21641838594597063 -0.6081317698084202
vn 0.6996751858480713 -0.3043818796903675 -0.6463793821159717
vn 0.6236125079961052 -0.3839211246520781 -0.6809640298258718
vn 0.5368796460215519 -0.4536751695532417 -0.7112939520469791
vn 0.44096063810889 -0.5124504932615066 -0.7368501934549784
vn 0.33749666786677407 -0.5592414451043032 -0.7571954868172914
vn 0.22825801112364563 -0.5932474382218704 -0.7719817079446025
vn 0.11511382507466247 -0.6138865815997684 -0.7809558708457418
vn 1.6200630962844722e-16 -0.6208057752267451 -0.7839644057258724
vn -0.11511382507466247 -0.6138865815997684 -0.7809558708457418
vn -0.22825801112364563 -0.5932474382218704 -0.7719817079446025
vn -0.33749666786677407 -0.5592414451043032 -0.7571954868172914
vn -0.44096063810889 -0.5124504932615066 -0.7368501934549784
vn -0.5368796460215519 -0.4536751695532417 -0.7112939520469791
vn -0.6236125079961052 -0.3839211246520781 -0.6809640298258718
vn -0.6996751858480713 -0.3043818796903675 -0.6463793821159717
vn -0.7637662160466511 -0.21641838594597063 -0.6081317698084202
vn -0.8147889966093901 -0.12153570660415071 -0.5668756151260107
vn -0.8518705270947644 -0.02135729793790198 -0.5233167978309886
vn -0.8743763005573575 0.08240272064422532 -0.4782006656771395
vn -0.881921267261879 0.18796900773025638 -0.432299121539825
vn -0.9238795305660377 0.15259466422132117 -0.3509437012574245
vn -0.9159756195917699 0.2631833696867488 -0.3028583468121707
vn -0.8923990963690794 0.3718798943150089 -0.25559576875196577
vn -0.8535534008993343 0.4768243454836736 -0.20996460503438827
vn -0.8001031461262758 0.5762211763768078 -0.16674564898000463
vn -0.7329629152568005 0.6683696271637988 -0.12667835783264972
vn -0.653281488012237 0.7516930247510327 -0.09044829440714088
vn -0.5624222227648427 0.8247656873061643 -0.05867541548761481
vn -0.4619397625922863 0.8863373140348135 -0.03190331465121542
vn -0.35355337897317635 0.9353544027838396 -0.010590061828730055
vn -0.23911762873177525 0.9709782456208981 0.004899608214527682
vn -0.12059047677426503 0.9925993279237924 0.014300738323283333
vn -5.657130722319694e-17 0.9998476952451049 0.017452401354876544
vn 0.12059047677426503 0.9925993279237924 0.014300738323283333
vn 0.23911762873177525 0.9709782456208981 0.004899608214527682
vn 0.35355337897317635 0.9353544027838396 -0.010590061828730055
vn 0.4619397625922863 0.8863373140348135 -0.03190331465121542
vn 0.5624222227648427 0.8247656873061643 -0.05867541548761481
vn 0.653281488012237 0.7516930247510327 -0.09044829440714088
vn 0.7329629152568005 0.6683696271637988 -0.12667835783264972
vn 0.8001031461262758 0.5762211763768078 -0.16674564898000463
vn 0.8535534008993343 0.4768243454836736 -0.20996460503438827
vn 0.8923990963690794 0.3718798943150089 -0.25559576875196577
vn 0.9159756195917699 0.2631833696867488 -0.3028583468121707
vn 0.9238795305660377 0.15259466422132129 -0.35094370125742447
vn 0.9159756195917699 0.042005946485258676 -0.39902902748215024
vn 0.8923990963690794 -0.06669056646810362 -0.4462916323927819
vn 0.8535534008993343 -0.17163503055683255 -0.4919227663962459
vn 0.8001031461262758 -0.2710318497118494 -0.5351417494464517
vn 0.7329629152568005 -0.3631803037253481 -0.5752090331733466
vn 0.653281488012237 -0.4465037152308204 -0.6114390645890987
vn 0.5624222227648427 -0.5195763638677136 -0.6432119755183815
vn 0.4619397625922864 -0.5811479873698552 -0.6699840837752409
vn 0.35355337897317635 -0.6301650878569987 -0.691297309601904
vn 0.23911762873177525 -0.6657889177739928 -0.7067870093592753
vn 0.12059047677426503 -0.6874100117517848 -0.7161881126176043
vn 1.6971392166959086e-16 -0.6946583668024628 -0.7193398038697255
vn -0.12059047677426503 -0.6874100117517848 -0.7161881126176043
vn -0.23911762873177525 -0.6657889177739928 -0.7067870093592753
vn -0.35355337897317635 -0.6301650878569987 -0.691297309601904
vn -0.4619397625922864 -0.5811479873698552 -0.6699840837752409
vn -0.5624222227648427 -0.5195763638677136 -0.6432119755183815
vn -0.653281488012237 -0.4465037152308204 -0.6114390645890987
vn -0.7329629152568005 -0.3631803037253481 -0.5752090331733466
vn -0.8001031461262758 -0.2710318497118494 -0.5351417494464517
vn -0.8535534008993343 -0.17163503055683255 -0.4919227663962459
vn -0.8923990963690794 -0.06669056646810362 -0.4462916323927819
vn -0.9159756195917699 0.042005946485258676 -0.39902902748215024
vn -0.9238795305660377 0.15259466422132098 -0.35094370125742463
vn -0.9569403410180507 0.11575073783024556 -0.2662084717359881
vn -0.948753583782925 0.23029684032042919 -0.2164024089456565
vn -0.9243333879820439 0.342883032329698 -0.16744854135533016
vn -0.8840975894945095 0.45158292821463436 -0.12018448816338313
vn -0.8287346392063515 0.5545366368236856 -0.07541893793865194
vn -0.759191808515725 0.6499825976722873 -0.03391785084300302
vn -0.6766590022401527 0.7362876966333457 0.0036086664743909566
vn -0.5825483779267911 0.8119752352678185 0.03651855263609573
vn -0.4784701781324373 0.875750189550595 0.0642486897921746
vn -0.3662052209851584 0.9265213422033078 0.08632461158321111
vn -0.2476743891753413 0.9634199841087363 0.10236860439873179
vn -0.12490577843465092 0.9858147699751385 0.11210613637307529
vn -5.859569377199509e-17 0.9933225181463851 0.11537059826196723
vn 0.12490577843465092 0.9858147699751385 0.11210613637307529
vn 0.2476743891753413 0.9634199841087363 0.10236860439873179
vn 0.3662052209851584 0.9265213422033078 0.08632461158321111
vn 0.4784701781324373 0.875750189550595 0.0642486897921746
vn 0.5825483779267911 0.8119752352678185 0.03651855263609573
vn 0.6766590022401527 0.7362876966333457 0.0036086664743909566
vn 0.759191808515725 0.6499825976722873 -0.03391785084300302
vn 0.8287346392063515 0.5545366368236856 -0.07541893793865194
vn 0.8840975894945095 0.45158292821463436 -0.12018448816338313
vn 0.9243333879820439 0.342883032329698 -0.16744854135533016
vn 0.948753583782925 0.23029684032042919 -0.2164024089456565
vn 0.9569403410180507 0.11575073783024567 -0.26620847173598805
vn 0.948753583782925 0.0012046353956035765 -0.31601453465405677
vn 0.9243333879820439 -0.11138155519115923 -0.364968405515923
vn 0.8840975894945095 -0.2200814461791059 -0.41223246997017504
vn 0.8287346392063515 -0.32303515747470724 -0.45699801401626405
vn 0.759191808515725 -0.4184811199166656 -0.49849909744744386
vn 0.6766590022401525 -0.5047862132220908 -0.536025627771903
vn 0.5825483779267911 -0.5804737575121968 -0.5689355009265427
vn 0.4784701781324372 -0.6442487102016166 -0.5966656417470905
vn 0.3662052209851584 -0.6950198601677795 -0.6187415697167694
vn 0.24767438917534124 -0.7319185069701973 -0.6347855512699848
vn 0.12490577843465092 -0.7543132942591058 -0.6445230799727885
vn 1.7578708793343008e-16 -0.761821042485894 -0.6477875417339435
vn -0.12490577843465092 -0.7543132942591058 -0.6445230799727885
vn -0.24767438917534124 -0.7319185069701973 -0.6347855512699848
vn -0.3662052209851584 -0.6950198601677795 -0.6187415697167694
vn -0.4784701781324372 -0.6442487102016166 -0.5966656417470905
vn -0.5825483779267911 -0.5804737575121968 -0.5689355009265427
vn -0.6766590022401525 -0.5047862132220908 -0.536025627771903
vn -0.759191808515725 -0.4184811199166656 -0.49849909744744386
vn -0.8287346392063515 -0.32303515747470724 -0.45699801401626405
vn -0.8840975894945095 -0.2200814461791059 -0.41223246997017504
vn -0.9243333879820439 -0.11138155519115923 -0.364968405515923
vn -0.948753583782925 0.0012046353956035765 -0.31601453465405677
vn -0.9569403410180507 0.11575073783024535 -0.2662084717359882
vn -0.9807852789517083 0.0777920871700472 -0.17890955191198626
vn -0.9723945257117316 0.19519243791618282 -0.127862420382979
vn -0.9473658331163575 0.31058402930157963 -0.07768873140002536
vn -0.9061274500025868 0.4219924883170321 -0.029246951222463277
vn -0.8493849730182996 0.5275115882947634 0.016634056193202438
vn -0.7781092642258399 0.6253358860205845 0.05916927057834038
vn -0.6935199234722761 0.7137915145675506 0.09763088383483107
vn -0.5970642657018237 0.7913650258340732 0.13136079517336435
vn -0.4903926308201003 0.8567291323347339 0.1597819183960278
vn -0.3753302681571217 0.9087653913836485 0.1824079308265605
vn -0.2538459037023945 0.9465834673575145 0.1988516947348949
vn -0.12801817055658704 0.9695362809837996 0.20883186505762796
vn -6.005578251043523e-17 0.9772311080413353 0.21217766488559525
vn 0.12801817055658704 0.9695362809837996 0.20883186505762796
vn 0.2538459037023945 0.9465834673575145 0.1988516947348949
vn 0.3753302681571217 0.9087653913836485 0.1824079308265605
vn 0.4903926308201003 0.8567291323347339 0.1597819183960278
vn 0.5970642657018237 0.7913650258340732 0.13136079517336435
vn 0.6935199234722761 0.7137915145675506 0.09763088383483107
vn 0.7781092642258399 0.6253358860205845 0.05916927057834038
vn 0.8493849730182996 0.5275115882947634 0.016634056193202438
vn 0.9061274500025868 0.4219924883170321 -0.029246951222463277
vn 0.9473658331163575 0.31058402930157963 -0.07768873140002536
vn 0.9723945257117316 0.19519243791618282 -0.127862420382979
vn 0.9807852789517083 0.0777920871700473 -0.1789095519119862
vn 0.9723945257117316 -0.03960826811035957 -0.2299566730128839
vn 0.9473658331163575 -0.1549998573617742 -0.28013036690366044
vn 0.9061274500025868 -0.2664083189532851 -0.32857214115669386
vn 0.8493849730182996 -0.37192741670083235 -0.37445315370143156
vn 0.7781092642258399 -0.46975171381384356 -0.4169883694959358
vn 0.6935199234722761 -0.5582073506465514 -0.4554499636965252
vn 0.5970642657018238 -0.6357808536273324 -0.48917989409095985
vn 0.4903926308201003 -0.7011449607408029 -0.5176010159042569
vn 0.3753302681571217 -0.7531812220199015 -0.5402270232057176
vn 0.2538459037023945 -0.7909992954177091 -0.5566707930385807
vn 0.12801817055658704 -0.8139521111779764 -0.5666509584534908
vn 1.801673409138606e-16 -0.821646933701241 -0.5699967687095678
vn -0.12801817055658704 -0.8139521111779764 -0.5666509584534908
vn -0.2538459037023945 -0.7909992954177091 -0.5566707930385807
vn -0.3753302681571217 -0.7531812220199015 -0.5402270232057176
vn -0.4903926308201003 -0.7011449607408029 -0.5176010159042569
vn -0.5970642657018238 -0.6357808536273324 -0.48917989409095985
vn -0.6935199234722761 -0.5582073506465514 -0.4554499636965252
vn -0.7781092642258399 -0.46975171381384356 -0.4169883694959358
vn -0.8493849730182996 -0.37192741670083235 -0.37445315370143156
vn -0.9061274500025868 -0.2664083189532851 -0.32857214115669386
vn -0.9473658331163575 -0.1549998573617742 -0.28013036690366044
vn -0.9723945257117316 -0.03960826811035957 -0.2299566730128839
vn -0.9807852789517083 0.07779208717004697 -0.17890955191198635
vn -0.9951847265167456 0.03908424407448256 -0.08988760744906155
vn -0.9866707840303859 0.1582082084638018 -0.038091031956851346
vn -0.9612746265729006 0.2752939482998419 0.012819295480428051
vn -0.9194307946687412 0.38833806265072107 0.06197227534544734
vn -0.8618552597347977 0.4954063252499039 0.1085268822451419
vn -0.7895331326728484 0.5946668117189589 0.1516865697806061
vn -0.7037018685573528 0.6844211325478192 0.19071285617611167
vn -0.605830069057834 0.7631335569025193 0.22493799535580838
vn -0.497592354733148 0.8294572920064582 0.25377637645855516
vn -0.38084071971422134 0.8822575168516026 0.27673456626594073
vn -0.2575727708427258 0.9206308244607059 0.2934197552538032
vn -0.12989766789495502 0.9439206260781345 0.3035464503823336
vn -6.093748956265305e-17 0.9517284234008686 0.3069413756581166
vn 0.12989766789495502 0.9439206260781345 0.3035464503823336
vn 0.2575727708427258 0.9206308244607059 0.2934197552538032
vn 0.38084071971422134 0.8822575168516026 0.27673456626594073
vn 0.497592354733148 0.8294572920064582 0.25377637645855516
vn 0.605830069057834 0.7631335569025193 0.22493799535580838
vn 0.7037018685573528 0.6844211325478192 0.19071285617611167
vn 0.7895331326728484 0.5946668117189589 0.1516865697806061
vn 0.8618552597347977 0.4954063252499039 0.1085268822451419
vn 0.9194307946687412 0.38833806265072107 0.06197227534544734
vn 0.9612746265729006 0.2752939482998419 0.012819295480428051
vn 0.9866707840303859 0.1582082084638018 -0.038091031956851346
vn 0.9951847265167456 0.039084244074482674 -0.08988760744906149
vn 0.9866707840303859 -0.08003972150060136 -0.14168418021419968
vn 0.9612746265729006 -0.19712546047738339 -0.19259450962763744
vn 0.9194307946687412 -0.31016957484929486 -0.24174748944428553
vn 0.8618552597347977 -0.4172378384401955 -0.2883020940631853
vn 0.7895331326728484 -0.5164983246708853 -0.3314617821468518
vn 0.7037018685573528 -0.6062526433004943 -0.37048807360028935
vn 0.605830069057834 -0.6849650698544457 -0.4047132077220541
vn 0.4975923547331479 -0.7512888051967497 -0.4335515882765985
vn 0.38084071971422134 -0.8040890290501763 -0.4565097803647789
vn 0.2575727708427258 -0.8424623366382473 -0.4731949694010126
vn 0.12989766789495502 -0.8657521391149341 -0.4833216625533846
vn 1.828124753054041e-16 -0.8735599352519035 -0.48671659055623967
vn -0.12989766789495502 -0.8657521391149341 -0.4833216625533846
vn -0.2575727708427258 -0.8424623366382473 -0.4731949694010126
vn -0.38084071971422134 -0.8040890290501763 -0.4565097803647789
vn -0.4975923547331479 -0.7512888051967497 -0.4335515882765985
vn -0.605830069057834 -0.6849650698544457 -0.4047132077220541
vn -0.7037018685573528 -0.6062526433004943 -0.37048807360028935
vn -0.7895331326728484 -0.5164983246708853 -0.3314617821468518
vn -0.8618552597347977 -0.4172378384401955 -0.2883020940631853
vn -0.9194307946687412 -0.31016957484929486 -0.24174748944428553
vn -0.9612746265729006 -0.19712546047738339 -0.19259450962763744
vn -0.9866707840303859 -0.08003972150060136 -0.14168418021419968
vn -0.9951847265167456 0.03908424407448234 -0.08988760744906164
vn -1 2.441633961152845e-17 -5.615373668636311e-17
vn -0.9914448627185043 0.11970035017970845 0.052047193545294385
vn -0.9659258257467466 0.23735261461010834 0.10320385406180833
vn -0.9238795305660377 0.3509437012574245 0.15259466422132112
vn -0.8660253998985324 0.45853004336491454 0.19937453714643832
vn -0.7933533320874723 0.5582708111741437 0.2427430572779963
vn -0.7071067811865476 0.6484593973531609 0.2819581706288636
vn -0.6087614397000725 0.7275526657378234 0.3163489024986212
vn -0.5000000067305869 0.794197317650355 0.34532682187515384
vn -0.38268343706133684 0.8472530310237838 0.36839610261230094
vn -0.2588190471264927 0.8858120096098238 0.3851620236673648
vn -0.13052618200608704 0.9092144995533806 0.3953377158997221
vn -6.123234262925839e-17 0.917060074385124 0.3987490689252462
vn 0.13052618200608704 0.9092144995533806 0.3953377158997221
vn 0.2588190471264927 0.8858120096098238 0.3851620236673648
vn 0.38268343706133684 0.8472530310237838 0.36839610261230094
vn 0.5000000067305869 0.794197317650355 0.34532682187515384
vn 0.6087614397000725 0.7275526657378234 0.3163489024986212
vn 0.7071067811865476 0.6484593973531609 0.2819581706288636
vn 0.7933533320874723 0.5582708111741437 0.2427430572779963
vn 0.8660253998985324 0.45853004336491454 0.19937453714643832
vn 0.9238795305660377 0.3509437012574245 0.15259466422132112
vn 0.9659258257467466 0.23735261461010834 0.10320385406180833
vn 0.9914448627185043 0.11970035017970845 0.052047193545294385
vn 1 1.3672381298425468e-16 -7.32105746330621e-18
vn 0.9914448627185043 -0.1197003501797084 -0.052047193545294496
vn 0.9659258257467466 -0.2373526146101083 -0.10320385406180844
vn 0.9238795305660377 -0.3509437012574245 -0.15259466422132123
vn 0.8660253998985324 -0.45853004336491454 -0.19937453714643844
vn 0.7933533320874723 -0.5582708111741437 -0.24274305727799642
vn 0.7071067811865476 -0.6484593973531609 -0.2819581706288637
vn 0.6087614397000723 -0.7275526657378233 -0.31634890249862124
vn 0.5000000067305869 -0.794197317650355 -0.34532682187515396
vn 0.38268343706133684 -0.8472530310237838 -0.36839610261230105
vn 0.2588190471264927 -0.8858120096098238 -0.3851620236673649
vn 0.13052618200608704 -0.9092144995533806 -0.3953377158997222
vn 1.8369701465288538e-16 -0.917060074385124 -0.3987490689252463
vn -0.13052618200608704 -0.9092144995533806 -0.3953377158997222
vn -0.2588190471264927 -0.8858120096098238 -0.3851620236673649
vn -0.38268343706133684 -0.8472530310237838 -0.36839610261230105
vn -0.5000000067305869 -0.794197317650355 -0.34532682187515396
vn -0.6087614397000723 -0.7275526657378233 -0.31634890249862124
vn -0.7071067811865476 -0.6484593973531609 -0.2819581706288637
vn -0.7933533320874723 -0.5582708111741437 -0.24274305727799642
vn -0.8660253998985324 -0.45853004336491454 -0.19937453714643844
vn -0.9238795305660377 -0.3509437012574245 -0.15259466422132123
vn -0.9659258257467466 -0.2373526146101083 -0.10320385406180844
vn -0.9914448627185043 -0.1197003501797084 -0.052047193545294496
vn -1 -2.0019860713392398e-16 -1.538190951324769e-16
vn -0.9951847265167456 -0.03908424407448256 0.08988760744906155
vn -0.9866707840303859 0.08003972150060136 0.14168418021419968
vn -0.9612746265729006 0.19712546047738339 0.19259450962763744
vn -0.9194307946687412 0.31016957484929486 0.24174748944428553
vn -0.8618552597347977 0.4172378384401955 0.2883020940631853
vn -0.7895331326728484 0.5164983246708853 0.3314617821468518
vn -0.7037018685573528 0.6062526433004943 0.37048807360028935
vn -0.605830069057834 0.6849650698544457 0.4047132077220541
vn -0.4975923547331479 0.7512888051967497 0.4335515882765985
vn -0.38084071971422134 0.8040890290501763 0.4565097803647789
vn -0.2575727708427258 0.8424623366382473 0.4731949694010126
vn -0.12989766789495502 0.8657521391149341 0.4833216625533846
vn -6.093748956265305e-17 0.8735599352519035 0.48671659055623967
vn 0.12989766789495502 0.8657521391149341 0.4833216625533846
vn 0.2575727708427258 0.8424623366382473 0.4731949694010126
vn 0.38084071971422134 0.8040890290501763 0.4565097803647789
vn 0.4975923547331479 0.7512888051967497 0.4335515882765985
vn 0.605830069057834 0.6849650698544457 0.4047132077220541
vn 0.7037018685573528 0.6062526433004943 0.37048807360028935
vn 0.7895331326728484 0.5164983246708853 0.3314617821468518
vn 0.8618552597347977 0.4172378384401955 0.2883020940631853
vn 0.9194307946687412 0.31016957484929486 0.24174748944428553
vn 0.9612746265729006 0.19712546047738339 0.19259450962763744
vn 0.9866707840303859 0.08003972150060136 0.14168418021419968
vn 0.9951847265167456 -0.03908424407448245 0.0898876074490616
vn 0.9866707840303859 -0.1582082084638018 0.038091031956851346
vn 0.9612746265729006 -0.2752939482998419 -0.012819295480428051
vn 0.9194307946687412 -0.38833806265072107 -0.06197227534544734
vn 0.8618552597347977 -0.4954063252499039 -0.1085268822451419
vn 0.7895331326728484 -0.5946668117189589 -0.1516865697806061
vn 0.7037018685573528 -0.6844211325478192 -0.19071285617611167
vn 0.605830069057834 -0.7631335569025193 -0.22493799535580838
vn 0.497592354733148 -0.8294572920064582 -0.25377637645855516
vn 0.38084071971422134 -0.8822575168516026 -0.27673456626594073
vn 0.2575727708427258 -0.9206308244607059 -0.2934197552538032
vn 0.12989766789495502 -0.9439206260781345 -0.3035464503823336
vn 1.828124753054041e-16 -0.9517284234008686 -0.3069413756581166
vn -0.12989766789495502 -0.9439206260781345 -0.3035464503823336
vn -0.2575727708427258 -0.9206308244607059 -0.2934197552538032
vn -0.38084071971422134 -0.8822575168516026 -0.27673456626594073
vn -0.497592354733148 -0.8294572920064582 -0.25377637645855516
vn -0.605830069057834 -0.7631335569025193 -0.22493799535580838
vn -0.7037018685573528 -0.6844211325478192 -0.19071285617611167
vn -0.7895331326728484 -0.5946668117189589 -0.1516865697806061
vn -0.8618552597347977 -0.4954063252499039 -0.1085268822451419
vn -0.9194307946687412 -0.38833806265072107 -0.06197227534544734
vn -0.9612746265729006 -0.2752939482998419 -0.012819295480428051
vn -0.9866707840303859 -0.1582082084638018 0.038091031956851346
vn -0.9951847265167456 -0.039084244074482785 0.08988760744906145
vn -0.9807852789517083 -0.0777920871700472 0.17890955191198626
vn -0.9723945257117316 0.03960826811035957 0.2299566730128839
vn -0.9473658331163575 0.1549998573617742 0.28013036690366044
vn -0.9061274500025868 0.2664083189532851 0.32857214115669386
vn -0.8493849730182996 0.37192741670083235 0.37445315370143156
vn -0.7781092642258399 0.46975171381384356 0.4169883694959358
vn -0.6935199234722761 0.5582073506465514 0.4554499636965252
vn -0.5970642657018238 0.6357808536273324 0.48917989409095985
vn -0.4903926308201003 0.7011449607408029 0.5176010159042569
vn -0.3753302681571217 0.7531812220199015 0.5402270232057176
vn -0.2538459037023945 0.7909992954177091 0.5566707930385807
vn -0.12801817055658704 0.8139521111779764 0.5666509584534908
vn -6.005578251043524e-17 0.821646933701241 0.5699967687095678
vn 0.12801817055658704 0.8139521111779764 0.5666509584534908
vn 0.2538459037023945 0.7909992954177091 0.5566707930385807
vn 0.3753302681571217 0.7531812220199015 0.5402270232057176
vn 0.4903926308201003 0.7011449607408029 0.5176010159042569
vn 0.5970642657018238 0.6357808536273324 0.48917989409095985
vn 0.6935199234722761 0.5582073506465514 0.4554499636965252
vn 0.7781092642258399 0.46975171381384356 0.4169883694959358
vn 0.8493849730182996 0.37192741670083235 0.37445315370143156
vn 0.9061274500025868 0.2664083189532851 0.32857214115669386
vn 0.9473658331163575 0.1549998573617742 0.28013036690366044
vn 0.9723945257117316 0.03960826811035957 0.2299566730128839
vn 0.9807852789517083 -0.07779208717004708 0.17890955191198632
vn 0.9723945257117316 -0.19519243791618282 0.127862420382979
vn 0.9473658331163575 -0.31058402930157963 0.07768873140002536
vn 0.9061274500025868 -0.4219924883170321 0.029246951222463277
vn 0.8493849730182996 -0.5275115882947634 -0.016634056193202438
vn 0.7781092642258399 -0.6253358860205845 -0.05916927057834038
vn 0.6935199234722761 -0.7137915145675506 -0.09763088383483107
vn 0.5970642657018237 -0.7913650258340732 -0.13136079517336435
vn 0.4903926308201003 -0.8567291323347339 -0.1597819183960278
vn 0.3753302681571217 -0.9087653913836485 -0.1824079308265605
vn 0.2538459037023945 -0.9465834673575145 -0.1988516947348949
vn 0.12801817055658704 -0.9695362809837996 -0.20883186505762796
vn 1.8016734091386059e-16 -0.9772311080413353 -0.21217766488559525
vn -0.12801817055658704 -0.9695362809837996 -0.20883186505762796
vn -0.2538459037023945 -0.9465834673575145 -0.1988516947348949
vn -0.3753302681571217 -0.9087653913836485 -0.1824079308265605
vn -0.4903926308201003 -0.8567291323347339 -0.1597819183960278
vn -0.5970642657018237 -0.7913650258340732 -0.13136079517336435
vn -0.6935199234722761 -0.7137915145675506 -0.09763088383483107
vn -0.7781092642258399 -0.6253358860205845 -0.05916927057834038
vn -0.8493849730182996 -0.5275115882947634 -0.016634056193202438
vn -0.9061274500025868 -0.4219924883170321 0.029246951222463277
vn -0.9473658331163575 -0.31058402930157963 0.07768873140002536
vn -0.9723945257117316 -0.19519243791618282 0.127862420382979
vn -0.9807852789517083 -0.07779208717004742 0.17890955191198618
vn -0.9569403410180507 -0.11575073783024556 0.2662084717359881
vn -0.948753583782925 -0.0012046353956035765 0.31601453465405677
vn -0.9243333879820439 0.11138155519115923 0.364968405515923
vn -0.8840975894945095 0.2200814461791059 0.41223246997017504
vn -0.8287346392063515 0.32303515747470724 0.45699801401626405
vn -0.759191808515725 0.4184811199166656 0.49849909744744386
vn -0.6766590022401525 0.5047862132220908 0.536025627771903
vn -0.5825483779267911 0.5804737575121968 0.5689355009265427
vn -0.4784701781324372 0.6442487102016166 0.5966656417470905
vn -0.3662052209851584 0.6950198601677795 0.6187415697167694
vn -0.24767438917534124 0.7319185069701973 0.6347855512699848
vn -0.12490577843465092 0.7543132942591058 0.6445230799727885
vn -5.859569377199509e-17 0.761821042485894 0.6477875417339435
vn 0.12490577843465092 0.7543132942591058 0.6445230799727885
vn 0.24767438917534124 0.7319185069701973 0.6347855512699848
vn 0.3662052209851584 0.6950198601677795 0.6187415697167694
vn 0.4784701781324372 0.6442487102016166 0.5966656417470905
vn 0.5825483779267911 0.5804737575121968 0.5689355009265427
vn 0.6766590022401525 0.5047862132220908 0.536025627771903
vn 0.759191808515725 0.4184811199166656 0.49849909744744386
vn 0.8287346392063515 0.32303515747470724 0.45699801401626405
vn 0.8840975894945095 0.2200814461791059 0.41223246997017504
vn 0.9243333879820439 0.11138155519115923 0.364968405515923
vn 0.948753583782925 -0.0012046353956035765 0.31601453465405677
vn 0.9569403410180507 -0.11575073783024545 0.26620847173598816
vn 0.948753583782925 -0.23029684032042919 0.2164024089456565
vn 0.9243333879820439 -0.342883032329698 0.16744854135533016
vn 0.8840975894945095 -0.45158292821463436 0.12018448816338313
vn 0.8287346392063515 -0.5545366368236856 0.07541893793865194
vn 0.759191808515725 -0.6499825976722873 0.03391785084300302
vn 0.6766590022401527 -0.7362876966333457 -0.0036086664743909566
vn 0.5825483779267911 -0.8119752352678185 -0.03651855263609573
vn 0.4784701781324373 -0.875750189550595 -0.0642486897921746
vn 0.3662052209851584 -0.9265213422033078 -0.08632461158321111
vn 0.2476743891753413 -0.9634199841087363 -0.10236860439873179
vn 0.12490577843465092 -0.9858147699751385 -0.11210613637307529
vn 1.7578708793343008e-16 -0.9933225181463851 -0.11537059826196723
vn -0.12490577843465092 -0.9858147699751385 -0.11210613637307529
vn -0.2476743891753413 -0.9634199841087363 -0.10236860439873179
vn -0.3662052209851584 -0.9265213422033078 -0.08632461158321111
vn -0.4784701781324373 -0.875750189550595 -0.0642486897921746
vn -0.5825483779267911 -0.8119752352678185 -0.03651855263609573
vn -0.6766590022401527 -0.7362876966333457 -0.0036086664743909566
vn -0.759191808515725 -0.6499825976722873 0.03391785084300302
vn -0.8287346392063515 -0.5545366368236856 0.07541893793865194
vn -0.8840975894945095 -0.45158292821463436 0.12018448816338313
vn -0.9243333879820439 -0.342883032329698 0.16744854135533016
vn -0.948753583782925 -0.23029684032042919 0.2164024089456565
vn -0.9569403410180507 -0.11575073783024577 0.266208471735988
vn -0.9238795305660377 -0.15259466422132117 0.3509437012574245
vn -0.9159756195917699 -0.042005946485258676 0.39902902748215024
vn -0.8923990963690794 0.06669056646810362 0.4462916323927819
vn -0.8535534008993343 0.17163503055683255 0.4919227663962459
vn -0.8001031461262758 0.2710318497118494 0.5351417494464517
vn -0.7329629152568005 0.3631803037253481 0.5752090331733466
vn -0.653281488012237 0.4465037152308204 0.6114390645890987
vn -0.5624222227648427 0.5195763638677136 0.6432119755183815
vn -0.4619397625922864 0.5811479873698552 0.6699840837752409
vn -0.35355337897317635 0.6301650878569987 0.691297309601904
vn -0.23911762873177525 0.6657889177739928 0.7067870093592753
vn -0.12059047677426503 0.6874100117517848 0.7161881126176043
vn -5.657130722319695e-17 0.6946583668024628 0.7193398038697255
vn 0.12059047677426503 0.6874100117517848 0.7161881126176043
vn 0.23911762873177525 0.6657889177739928 0.7067870093592753
vn 0.35355337897317635 0.6301650878569987 0.691297309601904
vn 0.4619397625922864 0.5811479873698552 0.6699840837752409
vn 0.5624222227648427 0.5195763638677136 0.6432119755183815
vn 0.653281488012237 0.4465037152308204 0.6114390645890987
vn 0.7329629152568005 0.3631803037253481 0.5752090331733466
vn 0.8001031461262758 0.2710318497118494 0.5351417494464517
vn 0.8535534008993343 0.17163503055683255 0.4919227663962459
vn 0.8923990963690794 0.06669056646810362 0.4462916323927819
vn 0.9159756195917699 -0.042005946485258676 0.39902902748215024
vn 0.9238795305660377 -0.15259466422132106 0.3509437012574246
vn 0.9159756195917699 -0.2631833696867488 0.3028583468121707
vn 0.8923990963690794 -0.3718798943150089 0.25559576875196577
vn 0.8535534008993343 -0.4768243454836736 0.20996460503438827
vn 0.8001031461262758 -0.5762211763768078 0.16674564898000463
vn 0.7329629152568005 -0.6683696271637988 0.12667835783264972
vn 0.653281488012237 -0.7516930247510327 0.09044829440714088
vn 0.5624222227648427 -0.8247656873061643 0.05867541548761481
vn 0.4619397625922863 -0.8863373140348135 0.03190331465121542
vn 0.35355337897317635 -0.9353544027838396 0.010590061828730055
vn 0.23911762873177525 -0.9709782456208981 -0.004899608214527682
vn 0.12059047677426503 -0.9925993279237924 -0.014300738323283333
vn 1.6971392166959084e-16 -0.9998476952451049 -0.017452401354876544
vn -0.12059047677426503 -0.9925993279237924 -0.014300738323283333
vn -0.23911762873177525 -0.9709782456208981 -0.004899608214527682
vn -0.35355337897317635 -0.9353544027838396 0.010590061828730055
vn -0.4619397625922863 -0.8863373140348135 0.03190331465121542
vn -0.5624222227648427 -0.8247656873061643 0.05867541548761481
vn -0.653281488012237 -0.7516930247510327 0.09044829440714088
vn -0.7329629152568005 -0.6683696271637988 0.12667835783264972
vn -0.8001031461262758 -0.5762211763768078 0.16674564898000463
vn -0.8535534008993343 -0.4768243454836736 0.20996460503438827
vn -0.8923990963690794 -0.3718798943150089 0.25559576875196577
vn -0.9159756195917699 -0.2631833696867488 0.3028583468121707
vn -0.9238795305660377 -0.15259466422132137 0.3509437012574244
vn -0.881921267261879 -0.18796900773025657 0.4322991215398249
vn -0.8743763005573575 -0.08240272064422532 0.4782006656771395
vn -0.8518705270947644 0.02135729793790198 0.5233167978309886
vn -0.8147889966093901 0.12153570660415071 0.5668756151260107
vn -0.7637662160466511 0.21641838594597063 0.6081317698084202
vn -0.6996751858480713 0.3043818796903675 0.6463793821159717
vn -0.6236125079961052 0.3839211246520781 0.6809640298258718
vn -0.5368796460215519 0.4536751695532417 0.7112939520469791
vn -0.44096063810889 0.5124504932615066 0.7368501934549784
vn -0.33749666786677407 0.5592414451043032 0.7571954868172914
vn -0.22825801112364563 0.5932474382218704 0.7719817079446025
vn -0.11511382507466247 0.6138865815997684 0.7809558708457418
vn -5.4002101003667496e-17 0.6208057752267451 0.7839644057258724
vn 0.11511382507466247 0.6138865815997684 0.7809558708457418
vn 0.22825801112364563 0.5932474382218704 0.7719817079446025
vn 0.33749666786677407 0.5592414451043032 0.7571954868172914
vn 0.44096063810889 0.5124504932615066 0.7368501934549784
vn 0.5368796460215519 0.4536751695532417 0.7112939520469791
vn 0.6236125079961052 0.3839211246520781 0.6809640298258718
vn 0.6996751858480713 0.3043818796903675 0.6463793821159717
vn 0.7637662160466511 0.21641838594597063 0.6081317698084202
vn 0.8147889966093901 0.12153570660415071 0.5668756151260107
vn 0.8518705270947644 0.02135729793790198 0.5233167978309886
vn 0.8743763005573575 -0.08240272064422532 0.4782006656771395
vn 0.881921267261879 -0.18796900773025646 0.43229912153982497
vn 0.8743763005573575 -0.29353530661567756 0.3863976045392489
vn 0.8518705270947644 -0.3972953193821999 0.34128145901042417
vn 0.8147889966093901 -0.49747373207311996 0.29772265097151224
vn 0.763766216046651 -0.5923564052241302 0.25646648205121547
vn 0.6996751858480713 -0.6803198965423995 0.21821886416395248
vn 0.6236125079961052 -0.759859141288726 0.18363421595870255
vn 0.536879646021552 -0.8296131864052739 0.15330429423294506
vn 0.44096063810889 -0.8883885125396664 0.12774805840465728
vn 0.33749666786677407 -0.9351794705732726 0.10740277928023159
vn 0.22825801112364563 -0.9691854596661685 0.09261654889681031
vn 0.11511382507466247 -0.9898246088596714 0.08364239937064666
vn 1.6200630962844722e-16 -0.9967437906872582 0.08063383735377737
vn -0.11511382507466247 -0.9898246088596714 0.08364239937064666
vn -0.22825801112364563 -0.9691854596661685 0.09261654889681031
vn -0.33749666786677407 -0.9351794705732726 0.10740277928023159
vn -0.44096063810889 -0.8883885125396664 0.12774805840465728
vn -0.536879646021552 -0.8296131864052739 0.15330429423294506
vn -0.6236125079961052 -0.759859141288726 0.18363421595870255
vn -0.6996751858480713 -0.6803198965423995 0.21821886416395248
vn -0.763766216046651 -0.5923564052241302 0.25646648205121547
vn -0.8147889966093901 -0.49747373207311996 0.29772265097151224
vn -0.8518705270947644 -0.3972953193821999 0.34128145901042417
vn -0.8743763005573575 -0.29353530661567756 0.3863976045392489
vn -0.881921267261879 -0.18796900773025677 0.4322991215398248
vn -0.8314696016585884 -0.22153311949114407 0.5094912938277069
vn -0.8243562638486253 -0.12200590767047682 0.5527669569963809
vn -0.8031379620253624 -0.0241816332419868 0.5953021607280606
vn -0.7681777466291774 0.07026590687478122 0.6363691160912698
vn -0.7200738105312913 0.15972066477176505 0.6752651454294166
vn -0.6596491868704508 0.24265209353444026 0.7113247582957494
vn -0.5879377884340418 0.3176411480738667 0.7439309497403666
vn -0.5061666320203058 0.3834048167021333 0.7725257841385128
vn -0.4157347927340872 0.43881782707116457 0.7966200454136757
vn -0.3181896503195008 0.4829320239489535 0.8158014505221974
vn -0.2152001719398513 0.5149926402676575 0.8297418071106251
vn -0.10852856267123648 0.5344510972181917 0.8382025863517641
vn -5.091283142626975e-17 0.5409744552548504 0.8410390233287144
vn 0.10852856267123648 0.5344510972181917 0.8382025863517641
vn 0.2152001719398513 0.5149926402676575 0.8297418071106251
vn 0.3181896503195008 0.4829320239489535 0.8158014505221974
vn 0.4157347927340872 0.43881782707116457 0.7966200454136757
vn 0.5061666320203058 0.3834048167021333 0.7725257841385128
vn 0.5879377884340418 0.3176411480738667 0.7439309497403666
vn 0.6596491868704508 0.24265209353444026 0.7113247582957494
vn 0.7200738105312913 0.15972066477176505 0.6752651454294166
vn 0.7681777466291774 0.07026590687478122 0.6363691160912698
vn 0.8031379620253624 -0.0241816332419868 0.5953021607280606
vn 0.8243562638486253 -0.12200590767047682 0.5527669569963809
vn 0.8314696016585884 -0.221533119491144 0.5094912938277069
vn 0.8243562638486253 -0.3210603311828662 0.4662156303624793
vn 0.8031379620253624 -0.4188846046156898 0.4236804243409235
vn 0.7681777466291774 -0.5133321419063749 0.3826134624781685
vn 0.7200738105312913 -0.6027868951266472 0.3437174223843217
vn 0.6596491868704508 -0.6857183248891783 0.3076578118175
vn 0.5879377884340418 -0.7607073959164286 0.2750516582922814
vn 0.5061666320203058 -0.8264710480568713 0.24645678597473664
vn 0.4157347927340872 -0.8818840574260468 0.2223625224000626
vn 0.3181896503195008 -0.9259982589805472 0.20318112804724092
vn 0.21520017193985125 -0.9580588781253339 0.18924077795835906
vn 0.10852856267123648 -0.9775173360715349 0.18078000100709618
vn 1.5273849097008678e-16 -0.9840406942371386 0.1779435643266993
vn -0.10852856267123648 -0.9775173360715349 0.18078000100709618
vn -0.21520017193985125 -0.9580588781253339 0.18924077795835906
vn -0.3181896503195008 -0.9259982589805472 0.20318112804724092
vn -0.4157347927340872 -0.8818840574260468 0.2223625224000626
vn -0.5061666320203058 -0.8264710480568713 0.24645678597473664
vn -0.5879377884340418 -0.7607073959164286 0.2750516582922814
vn -0.6596491868704508 -0.6857183248891783 0.3076578118175
vn -0.7200738105312913 -0.6027868951266472 0.3437174223843217
vn -0.7681777466291774 -0.5133321419063749 0.3826134624781685
vn -0.8031379620253624 -0.4188846046156898 0.4236804243409235
vn -0.8243562638486253 -0.3210603311828662 0.4662156303624793
vn -0.8314696016585884 -0.22153311949114426 0.5094912938277067
vn -0.7730104496547076 -0.2529637331943295 0.5817767565080396
vn -0.7663972448131134 -0.16043410143528458 0.6220097766430374
vn -0.74667077456402 -0.0694876738894922 0.6615543950344478
vn -0.7141685453939054 0.018319423601527322 0.6997340119565871
vn -0.6694467059107689 0.10148477468229586 0.7358953379747042
vn -0.6132704171103425 0.1785854333098011 0.7694196764489827
vn -0.5466009385009712 0.2483021693637304 0.7997333597638171
vn -0.47057895035198183 0.3094420804293458 0.8263177659624567
vn -0.3865052158629465 0.36095911859218976 0.8487179936915953
vn -0.2958182977337255 0.4019717328398069 0.86655078369573
vn -0.2000698276774436 0.43177823112129066 0.8795110136791279
vn -0.10089811030265894 0.4498685843621085 0.8873769368996385
vn -4.73332410683602e-17 0.45593328726649474 0.8900139535773404
vn 0.10089811030265894 0.4498685843621085 0.8873769368996385
vn 0.2000698276774436 0.43177823112129066 0.8795110136791279
vn 0.2958182977337255 0.4019717328398069 0.86655078369573
vn 0.3865052158629465 0.36095911859218976 0.8487179936915953
vn 0.47057895035198183 0.3094420804293458 0.8263177659624567
vn 0.5466009385009712 0.2483021693637304 0.7997333597638171
vn 0.6132704171103425 0.1785854333098011 0.7694196764489827
vn 0.6694467059107689 0.10148477468229586 0.7358953379747042
vn 0.7141685453939054 0.018319423601527322 0.6997340119565871
vn 0.74667077456402 -0.0694876738894922 0.6615543950344478
vn 0.7663972448131134 -0.16043410143528458 0.6220097766430374
vn 0.7730104496547076 -0.2529637331943294 0.5817767565080396
vn 0.7663972448131134 -0.3454933585142343 0.5415437215640333
vn 0.74667077456402 -0.4364397759936831 0.5019990800216175
vn 0.7141685453939054 -0.5242468766468148 0.4638194703718384
vn 0.6694467059107689 -0.6074122293367283 0.42765814805450175
vn 0.6132704171103425 -0.6845129011179231 0.39413383983163774
vn 0.5466009385009712 -0.7542296252776283 0.3638201291619609
vn 0.47057895035198183 -0.8153695482374677 0.3372357503181638
vn 0.3865052158629465 -0.8668865732466223 0.31483549233761066
vn 0.2958182977337255 -0.9078991858850943 0.2970026986326955
vn 0.2000698276774436 -0.9377056810044658 0.2840424613769372
vn 0.10089811030265894 -0.9557960443116275 0.27617656130743234
vn 1.4199971658763557e-16 -0.9618607536551539 0.2735395594387391
vn -0.10089811030265894 -0.9557960443116275 0.27617656130743234
vn -0.2000698276774436 -0.9377056810044658 0.2840424613769372
vn -0.2958182977337255 -0.9078991858850943 0.2970026986326955
vn -0.3865052158629465 -0.8668865732466223 0.31483549233761066
vn -0.47057895035198183 -0.8153695482374677 0.3372357503181638
vn -0.5466009385009712 -0.7542296252776283 0.3638201291619609
vn -0.6132704171103425 -0.6845129011179231 0.39413383983163774
vn -0.6694467059107689 -0.6074122293367283 0.42765814805450175
vn -0.7141685453939054 -0.5242468766468148 0.4638194703718384
vn -0.74667077456402 -0.4364397759936831 0.5019990800216175
vn -0.7663972448131134 -0.3454933585142343 0.5415437215640333
vn -0.7730104496547076 -0.2529637331943297 0.5817767565080395
vn -0.7071067811865476 -0.28195817062886364 0.6484593973531609
vn -0.7010573857025345 -0.19731723622661462 0.685262322209399
vn -0.68301271859882 -0.11412451636504116 0.7214355279556829
vn -0.6532815030743456 -0.033803493983872356 0.756360100438545
vn -0.6123724561743087 0.042271527199548554 0.7894384668276955
vn -0.5609855204465076 0.11279889370466077 0.8201046612648691
vn -0.5000000042785677 0.17657187290015636 0.8478339279729038
vn -0.43045933195197694 0.23249924983466183 0.8721518573974244
vn -0.3535533834993082 0.2796241652391733 0.8926423310769475
vn -0.2705980511147485 0.31714022093615185 0.9089547706005336
vn -0.18301270759503102 0.3444055309186564 0.9208100668060566
vn -0.09229595361910369 0.3609535679626111 0.9280053764502666
vn -4.329780375814312e-17 0.36650122672429725 0.9304175679820246
vn 0.09229595361910369 0.3609535679626111 0.9280053764502666
vn 0.18301270759503102 0.3444055309186564 0.9208100668060566
vn 0.2705980511147485 0.31714022093615185 0.9089547706005336
vn 0.3535533834993082 0.2796241652391733 0.8926423310769475
vn 0.43045933195197694 0.23249924983466183 0.8721518573974244
vn 0.5000000042785677 0.17657187290015636 0.8478339279729038
vn 0.5609855204465076 0.11279889370466077 0.8201046612648691
vn 0.6123724561743087 0.042271527199548554 0.7894384668276955
vn 0.6532815030743456 -0.033803493983872356 0.756360100438545
vn 0.68301271859882 -0.11412451636504116 0.7214355279556829
vn 0.7010573857025345 -0.19731723622661462 0.685262322209399
vn 0.7071067811865476 -0.2819581706288636 0.6484593973531609
vn 0.7010573857025344 -0.3665991044093769 0.6116564710670284
vn 0.68301271859882 -0.4497918108460854 0.575483234445669
vn 0.6532815030743456 -0.530112831751394 0.5405586585685608
vn 0.6123724561743086 -0.6061878571424272 0.5074803018562561
vn 0.5609855204465076 -0.6767152402546407 0.4768141456128005
vn 0.5000000042785677 -0.7404882093323749 0.4490848556355078
vn 0.43045933195197694 -0.7964155963846418 0.42476694948024524
vn 0.3535533834993082 -0.8435404951820519 0.404276437607004
vn 0.2705980511147485 -0.8810565466714182 0.3879639884065722
vn 0.18301270759503102 -0.9083218581297829 0.37610869559529525
vn 0.09229595361910369 -0.9248699085986026 0.3689134168261609
vn 1.2989340465698435e-16 -0.9304175679820246 0.36650122672429725
vn -0.09229595361910369 -0.9248699085986026 0.3689134168261609
vn -0.18301270759503102 -0.9083218581297829 0.37610869559529525
vn -0.2705980511147485 -0.8810565466714182 0.3879639884065722
vn -0.3535533834993082 -0.8435404951820519 0.404276437607004
vn -0.43045933195197694 -0.7964155963846418 0.42476694948024524
vn -0.5000000042785677 -0.7404882093323749 0.4490848556355078
vn -0.5609855204465076 -0.6767152402546407 0.4768141456128005
vn -0.6123724561743086 -0.6061878571424272 0.5074803018562561
vn -0.6532815030743456 -0.530112831751394 0.5405586585685608
vn -0.68301271859882 -0.4497918108460854 0.575483234445669
vn -0.7010573857025344 -0.3665991044093769 0.6116564710670284
vn -0.7071067811865476 -0.2819581706288638 0.6484593973531608
vn -0.6343932886818924 -0.3082371970693006 0.7088970204608243
vn -0.628965979025742 -0.23230008720314058 0.7419154040142334
vn -0.612776878408417 -0.15766228760417159 0.7743688399951639
vn -0.5861029740057387 -0.08560086305800303 0.805702051694889
vn -0.5494007006828752 -0.017348818860415147 0.8353788892312963
vn -0.5032980474845025 0.04592606381094016 0.8628915760749556
vn -0.4485837934861758 0.10314108862023386 0.8877693935137577
vn -0.38619417203800355 0.15331735253869272 0.909586637376785
vn -0.3171966451661595 0.19559624956427163 0.9279700401692529
vn -0.24277180910109447 0.2292544405681813 0.9426050340336358
vn -0.16419306475478418 0.25371601791299153 0.9532412180244861
vn -0.08280494132179056 0.26856239465990167 0.9596966092819302
vn -3.884538510705295e-17 0.2735395594387391 0.9618607536551539
vn 0.08280494132179056 0.26856239465990167 0.9596966092819302
vn 0.16419306475478418 0.25371601791299153 0.9532412180244861
vn 0.24277180910109447 0.2292544405681813 0.9426050340336358
vn 0.3171966451661595 0.19559624956427163 0.9279700401692529
vn 0.38619417203800355 0.15331735253869272 0.909586637376785
vn 0.4485837934861758 0.10314108862023386 0.8877693935137577
vn 0.5032980474845025 0.04592606381094016 0.8628915760749556
vn 0.5494007006828752 -0.017348818860415147 0.8353788892312963
vn 0.5861029740057387 -0.08560086305800303 0.805702051694889
vn 0.612776878408417 -0.15766228760417159 0.7743688399951639
vn 0.628965979025742 -0.23230008720314058 0.7419154040142334
vn 0.6343932886818924 -0.30823719706930053 0.7088970204608243
vn 0.628965979025742 -0.3841742984991747 0.675878617505286
vn 0.612776878408417 -0.4588120959592593 0.6434251766052581
vn 0.5861029740057387 -0.5308735296837248 0.6120919860141708
vn 0.5494007006828752 -0.5991255768819952 0.5824151553788607
vn 0.5032980474845025 -0.6624004484616057 0.5549024430259349
vn 0.4485837934861758 -0.7196154854245531 0.5300246535386226
vn 0.38619417203800355 -0.7697917371893582 0.5082073817241056
vn 0.3171966451661595 -0.8120706453066818 0.4898240044409041
vn 0.24277180910109447 -0.8457288333099091 0.4751890036754236
vn 0.16419306475478418 -0.8701904014764225 0.46455279857593584
vn 0.08280494132179056 -0.8850367803622169 0.4580974122375891
vn 1.1653615862988138e-16 -0.8900139535773404 0.45593328726649474
vn -0.08280494132179056 -0.8850367803622169 0.4580974122375891
vn -0.16419306475478418 -0.8701904014764225 0.46455279857593584
vn -0.24277180910109447 -0.8457288333099091 0.4751890036754236
vn -0.3171966451661595 -0.8120706453066818 0.4898240044409041
vn -0.38619417203800355 -0.7697917371893582 0.5082073817241056
vn -0.4485837934861758 -0.7196154854245531 0.5300246535386226
vn -0.5032980474845025 -0.6624004484616057 0.5549024430259349
vn -0.5494007006828752 -0.5991255768819952 0.5824151553788607
vn -0.5861029740057387 -0.5308735296837248 0.6120919860141708
vn -0.612776878408417 -0.4588120959592593 0.6434251766052581
vn -0.628965979025742 -0.3841742984991747 0.675878617505286
vn -0.6343932886818924 -0.30823719706930075 0.7088970204608241
vn -0.555570248949409 -0.3315477295010075 0.7625075747459945
vn -0.5508172595059975 -0.2650457774203096 0.7914234533433835
vn -0.536639640303563 -0.19968168857622307 0.8198445704535773
vn -0.5132799803756308 -0.13657386246835682 0.8472846285847905
vn -0.48113793824331974 -0.07680208311288424 0.8732741404693539
vn -0.44076351044332973 -0.021389097790263458 0.8973683938926039
vn -0.3928474841483584 0.028717011156782896 0.9191551487472212
vn -0.33820972393704973 0.0726588852916618 0.9382616207767415
vn -0.27778512637621555 0.10968466166438648 0.9543608848646925
vn -0.21260752028856325 0.13916084614464766 0.9671774920959719
vn -0.14379215495272413 0.16058305556162628 0.9764921394668487
vn -0.07251646478974513 0.17358478496064067 0.9821454499026944
vn -3.401886504589378e-17 0.1779435643266993 0.9840406942371386
vn 0.07251646478974513 0.17358478496064067 0.9821454499026944
vn 0.14379215495272413 0.16058305556162628 0.9764921394668487
vn 0.21260752028856325 0.13916084614464766 0.9671774920959719
vn 0.27778512637621555 0.10968466166438648 0.9543608848646925
vn 0.33820972393704973 0.0726588852916618 0.9382616207767415
vn 0.3928474841483584 0.028717011156782896 0.9191551487472212
vn 0.44076351044332973 -0.021389097790263458 0.8973683938926039
vn 0.48113793824331974 -0.07680208311288424 0.8732741404693539
vn 0.5132799803756308 -0.13657386246835682 0.8472846285847905
vn 0.536639640303563 -0.19968168857622307 0.8198445704535773
vn 0.5508172595059975 -0.2650457774203096 0.7914234533433835
vn 0.555570248949409 -0.33154772950100747 0.7625075747459945
vn 0.5508172595059975 -0.3980496866087693 0.733591707710061
vn 0.536639640303563 -0.463413777210108 0.7051705946412703
vn 0.5132799803756309 -0.5265215992096902 0.6777305270616505
vn 0.48113793824331974 -0.5862933804281908 0.6517410194617583
vn 0.44076351044332973 -0.6417063669732296 0.6276467688498776
vn 0.3928474841483584 -0.691812474913422 0.6058600116796545
vn 0.3382097239370496 -0.7357543500551548 0.5867535419657399
vn 0.27778512637621555 -0.7727801252054615 0.5706542750664199
vn 0.2126075202885633 -0.8022563078226946 0.557837663550469
vn 0.14379215495272413 -0.8236785213479573 0.548523025627999
vn 0.07251646478974513 -0.8366802489897196 0.5428697111507501
vn 1.0205659844640382e-16 -0.8410390233287144 0.5409744552548504
vn -0.07251646478974513 -0.8366802489897196 0.5428697111507501
vn -0.14379215495272413 -0.8236785213479573 0.548523025627999
vn -0.2126075202885633 -0.8022563078226946 0.557837663550469
vn -0.27778512637621555 -0.7727801252054615 0.5706542750664199
vn -0.3382097239370496 -0.7357543500551548 0.5867535419657399
vn -0.3928474841483584 -0.691812474913422 0.6058600116796545
vn -0.44076351044332973 -0.6417063669732296 0.6276467688498776
vn -0.48113793824331974 -0.5862933804281908 0.6517410194617583
vn -0.5132799803756309 -0.5265215992096902 0.6777305270616505
vn -0.536639640303563 -0.463413777210108 0.7051705946412703
vn -0.5508172595059975 -0.3980496866087693 0.733591707710061
vn -0.555570248949409 -0.33154772950100764 0.7625075747459945
vn -0.47139673137517785 -0.35166528418604753 0.8087747829570017
vn -0.46736385483546045 -0.29523892863340007 0.8333096676582726
vn -0.45533426646327185 -0.2397780414004809 0.8574247469291422
vn -0.4355137844212106 -0.1862315749221351 0.8807074111651022
vn -0.4082415316406824 -0.1355157242785843 0.9027592925674709
vn -0.3739841782489086 -0.08849826606179867 0.9232030607204158
vn -0.3333278217666775 -0.04598364825256782 0.9416889440413251
vn -0.2869681344336158 -0.00869932644784708 0.957900627173322
vn -0.23569836718762052 0.022716722949385287 0.9715607187425449
vn -0.18039571824669656 0.0477270178208538 0.9824355025181991
vn -0.12200645102881598 0.06590358981647214 0.9903389029805177
vn -0.06152962025121242 0.0769354447224603 0.9951356908367315
vn -2.886472476695692e-17 0.08063383735377737 0.9967437906872582
vn 0.06152962025121242 0.0769354447224603 0.9951356908367315
vn 0.12200645102881598 0.06590358981647214 0.9903389029805177
vn 0.18039571824669656 0.0477270178208538 0.9824355025181991
vn 0.23569836718762052 0.022716722949385287 0.9715607187425449
vn 0.2869681344336158 -0.00869932644784708 0.957900627173322
vn 0.3333278217666775 -0.04598364825256782 0.9416889440413251
vn 0.3739841782489086 -0.08849826606179867 0.9232030607204158
vn 0.4082415316406824 -0.1355157242785843 0.9027592925674709
vn 0.4355137844212106 -0.1862315749221351 0.8807074111651022
vn 0.45533426646327185 -0.2397780414004809 0.8574247469291422
vn 0.46736385483546045 -0.29523892863340007 0.8333096676582726
vn 0.47139673137517785 -0.3516652841860475 0.8087747829570017
vn 0.46736385483546045 -0.40809164488233063 0.7842399100852827
vn 0.45533426646327185 -0.46355253151238285 0.7601248294279142
vn 0.4355137844212106 -0.517098996510282 0.7368421617871597
vn 0.4082415316406824 -0.5678148485696474 0.7147902836409419
vn 0.3739841782489085 -0.6148323034815025 0.6943465078871773
vn 0.3333278217666775 -0.657346922300529 0.675860626888639
vn 0.2869681344336158 -0.6946312430954542 0.6596489414342709
vn 0.23569836718762052 -0.726047295797617 0.6459888574658679
vn 0.18039571824669656 -0.7510575892532708 0.6351140704340628
vn 0.12200645102881598 -0.7692341627293359 0.6272106733765385
vn 0.06152962025121243 -0.7802660182381911 0.622413886906824
vn 8.659417430087076e-17 -0.7839644057258724 0.6208057752267451
vn -0.06152962025121243 -0.7802660182381911 0.622413886906824
vn -0.12200645102881598 -0.7692341627293359 0.6272106733765385
vn -0.18039571824669656 -0.7510575892532708 0.6351140704340628
vn -0.23569836718762052 -0.726047295797617 0.6459888574658679
vn -0.2869681344336158 -0.6946312430954542 0.6596489414342709
vn -0.3333278217666775 -0.657346922300529 0.675860626888639
vn -0.3739841782489085 -0.6148323034815025 0.6943465078871773
vn -0.4082415316406824 -0.5678148485696474 0.7147902836409419
vn -0.4355137844212106 -0.517098996510282 0.7368421617871597
vn -0.45533426646327185 -0.46355253151238285 0.7601248294279142
vn -0.46736385483546045 -0.40809164488233063 0.7842399100852827
vn -0.47139673137517785 -0.35166528418604764 0.8087747829570017
vn -0.38268343706133684 -0.368396102612301 0.8472530310237838
vn -0.3794095318275573 -0.32258875525819225 0.8671706303487015
vn -0.3696438175018386 -0.2775651867918214 0.8867474360063796
vn -0.3535533942319051 -0.23409575445104425 0.9056484832290592
vn -0.3314135766963612 -0.19292425208459882 0.923550363617991
vn -0.3036031813708991 -0.15475511648687992 0.9401467769357087
vn -0.2705980604439119 -0.12024142352636993 0.9551537518914665
vn -0.23296291331924837 -0.08997374701284803 0.9683145180499343
vn -0.1913417186308499 -0.06446994350777849 0.9794038866042428
vn -0.14644661947103244 -0.04416640018317524 0.9882321168330678
vn -0.09904576363336466 -0.029410515382728868 0.9946481580394173
vn -0.04995021355798117 -0.02045476833902254 0.9985422267574413
vn -2.343260301724501e-17 -0.017452401354876544 0.9998476952451049
vn 0.04995021355798117 -0.02045476833902254 0.9985422267574413
vn 0.09904576363336466 -0.029410515382728868 0.9946481580394173
vn 0.14644661947103244 -0.04416640018317524 0.9882321168330678
vn 0.1913417186308499 -0.06446994350777849 0.9794038866042428
vn 0.23296291331924837 -0.08997374701284803 0.9683145180499343
vn 0.2705980604439119 -0.12024142352636993 0.9551537518914665
vn 0.3036031813708991 -0.15475511648687992 0.9401467769357087
vn 0.3314135766963612 -0.19292425208459882 0.923550363617991
vn 0.3535533942319051 -0.23409575445104425 0.9056484832290592
vn 0.3696438175018386 -0.2775651867918214 0.8867474360063796
vn 0.3794095318275573 -0.32258875525819225 0.8671706303487015
vn 0.38268343706133684 -0.36839610261230094 0.8472530310237838
vn 0.3794095318275573 -0.41420344838026235 0.8273354280509769
vn 0.3696438175018387 -0.4592270175221111 0.8077586239467915
vn 0.3535533942319051 -0.5026964499421542 0.7888575769064111
vn 0.3314135766963612 -0.5438679535257681 0.7709556993167752
vn 0.3036031813708991 -0.5820370897219301 0.7543592873753825
vn 0.2705980604439119 -0.6165507784046982 0.7393523025814919
vn 0.23296291331924837 -0.646818459195962 0.7261915462611569
vn 0.19134171863084992 -0.6723222621025885 0.7151021763305235
vn 0.1464466194710324 -0.6926258042100231 0.7062739433024023
vn 0.09904576363336468 -0.7073816889312038 0.6998579019137537
vn 0.04995021355798117 -0.7163374352994321 0.6959638316422371
vn 7.029780739737377e-17 -0.7193398038697255 0.6946583668024628
vn -0.04995021355798117 -0.7163374352994321 0.6959638316422371
vn -0.09904576363336468 -0.7073816889312038 0.6998579019137537
vn -0.1464466194710324 -0.6926258042100231 0.7062739433024023
vn -0.19134171863084992 -0.6723222621025885 0.7151021763305235
vn -0.23296291331924837 -0.646818459195962 0.7261915462611569
vn -0.2705980604439119 -0.6165507784046982 0.7393523025814919
vn -0.3036031813708991 -0.5820370897219301 0.7543592873753825
vn -0.3314135766963612 -0.5438679535257681 0.7709556993167752
vn -0.3535533942319051 -0.5026964499421542 0.7888575769064111
vn -0.3696438175018387 -0.4592270175221111 0.8077586239467915
vn -0.3794095318275573 -0.41420344838026235 0.8273354280509769
vn -0.38268343706133684 -0.3683961026123011 0.8472530310237838
vn -0.2902846598293761 -0.3815790699979553 0.8775717803161396
vn -0.28780125982587434 -0.34683188836360185 0.8926802765026106
vn -0.28039347555950095 -0.3126792442981608 0.9075302689435732
vn -0.26818805584545874 -0.2797054939319435 0.9218676712880871
vn -0.25139390974721004 -0.2484748327959761 0.9354471442091334
vn -0.23029832095739716 -0.2195216043522049 0.9480363645909567
vn -0.2052622557042165 -0.19334124978390493 0.959419911985995
vn -0.17671411887154448 -0.17038167200148532 0.9694030152817927
vn -0.1451423291354634 -0.15103575037663075 0.9778148630499032
vn -0.11108713452725374 -0.1356345113418989 0.9845115173910197
vn -0.07513119872797243 -0.12444140543857933 0.9893784107156216
vn -0.037889751761489635 -0.11764802218837869 0.9923322576569883
vn -1.7774809160467117e-17 -0.11537059826196723 0.9933225181463851
vn 0.037889751761489635 -0.11764802218837869 0.9923322576569883
vn 0.07513119872797243 -0.12444140543857933 0.9893784107156216
vn 0.11108713452725374 -0.1356345113418989 0.9845115173910197
vn 0.1451423291354634 -0.15103575037663075 0.9778148630499032
vn 0.17671411887154448 -0.17038167200148532 0.9694030152817927
vn 0.2052622557042165 -0.19334124978390493 0.959419911985995
vn 0.23029832095739716 -0.2195216043522049 0.9480363645909567
vn 0.25139390974721004 -0.2484748327959761 0.9354471442091334
vn 0.26818805584545874 -0.2797054939319435 0.9218676712880871
vn 0.28039347555950095 -0.3126792442981608 0.9075302689435732
vn 0.28780125982587434 -0.34683188836360185 0.8926802765026106
vn 0.2902846598293761 -0.38157906999795527 0.8775717803161396
vn 0.28780125982587434 -0.41632624550125297 0.8624632700292053
vn 0.28039347555950106 -0.45047888968639677 0.84761327786354
vn 0.26818805584545874 -0.48345264563753065 0.8332758883634551
vn 0.25139390974721004 -0.5146833031027725 0.8196964070003181
vn 0.2302983209573972 -0.5436365303466855 0.8071071838590096
vn 0.2052622557042165 -0.5698168887530392 0.7957236452908908
vn 0.17671411887154448 -0.5927764626974049 0.7857405331681735
vn 0.1451423291354634 -0.612122385522118 0.7773286881595484
vn 0.11108713452725374 -0.6275236282275752 0.7706320422605225
vn 0.07513119872797243 -0.6387167285459783 0.7657651360914919
vn 0.03788975176148964 -0.6455101116764762 0.7628112888748279
vn 5.3324429135762554e-17 -0.6477875417339435 0.761821042485894
vn -0.03788975176148964 -0.6455101116764762 0.7628112888748279
vn -0.07513119872797243 -0.6387167285459783 0.7657651360914919
vn -0.11108713452725374 -0.6275236282275752 0.7706320422605225
vn -0.1451423291354634 -0.612122385522118 0.7773286881595484
vn -0.17671411887154448 -0.5927764626974049 0.7857405331681735
vn -0.2052622557042165 -0.5698168887530392 0.7957236452908908
vn -0.2302983209573972 -0.5436365303466855 0.8071071838590096
vn -0.25139390974721004 -0.5146833031027725 0.8196964070003181
vn -0.26818805584545874 -0.48345264563753065 0.8332758883634551
vn -0.28039347555950106 -0.45047888968639677 0.84761327786354
vn -0.28780125982587434 -0.41632624550125297 0.8624632700292053
vn -0.2902846598293761 -0.3815790699979554 0.8775717803161396
vn -0.19509032931342324 -0.39108721679758157 0.8994390208712882
vn -0.19342130960702653 -0.367734834011312 0.9095929247990968
vn -0.1884427870212915 -0.3447820173914874 0.9195730947037893
vn -0.18023996563079556 -0.3226214948305757 0.9292087633372248
vn -0.1689531850728157 -0.30163244063937283 0.9383350638272483
vn -0.15477556441392087 -0.2821739847140882 0.9467958423075831
vn -0.1379496942243388 -0.2645790600155375 0.9544463331506419
vn -0.11876346517099441 -0.2491487263036056 0.9611556333507435
vn -0.09754516459131696 -0.23614699606491518 0.9668089455080409
vn -0.07465783717033021 -0.2257963402508816 0.971309538755981
vn -0.050493092806152697 -0.2182738605531471 0.9745804068305983
vn -0.025464397632216317 -0.21370825582219682 0.976565587068612
vn -1.1945837521388365e-17 -0.21217766488559525 0.9772311080413353
vn 0.025464397632216317 -0.21370825582219682 0.976565587068612
vn 0.050493092806152697 -0.2182738605531471 0.9745804068305983
vn 0.07465783717033021 -0.2257963402508816 0.971309538755981
vn 0.09754516459131696 -0.23614699606491518 0.9668089455080409
vn 0.11876346517099441 -0.2491487263036056 0.9611556333507435
vn 0.1379496942243388 -0.2645790600155375 0.9544463331506419
vn 0.15477556441392087 -0.2821739847140882 0.9467958423075831
vn 0.1689531850728157 -0.30163244063937283 0.9383350638272483
vn 0.18023996563079556 -0.3226214948305757 0.9292087633372248
vn 0.1884427870212915 -0.3447820173914874 0.9195730947037893
vn 0.19342130960702653 -0.367734834011312 0.9095929247990968
vn 0.19509032931342324 -0.39108721679758157 0.8994390208712882
vn 0.19342130960702653 -0.41443959878485737 0.8892851151059198
vn 0.1884427870212915 -0.4373924162809781 0.8793049472165704
vn 0.18023996563079556 -0.4595529382482867 0.8696692772179412
vn 0.1689531850728157 -0.4805419924314175 0.8605429767093533
vn 0.15477556441392087 -0.5000004491219826 0.8520821999890431
vn 0.1379496942243388 -0.517595373709092 0.8444317088896869
vn 0.11876346517099441 -0.5330257075324653 0.8377224089458827
vn 0.09754516459131696 -0.5460274370058752 0.8320690950285606
vn 0.07465783717033021 -0.5563780928279808 0.827568501799185
vn 0.050493092806152697 -0.5639005731193184 0.8242976350897614
vn 0.025464397632216317 -0.5684661769739725 0.8223124528364046
vn 3.583751173698447e-17 -0.5699967687095678 0.821646933701241
vn -0.025464397632216317 -0.5684661769739725 0.8223124528364046
vn -0.050493092806152697 -0.5639005731193184 0.8242976350897614
vn -0.07465783717033021 -0.5563780928279808 0.827568501799185
vn -0.09754516459131696 -0.5460274370058752 0.8320690950285606
vn -0.11876346517099441 -0.5330257075324653 0.8377224089458827
vn -0.1379496942243388 -0.517595373709092 0.8444317088896869
vn -0.15477556441392087 -0.5000004491219826 0.8520821999890431
vn -0.1689531850728157 -0.4805419924314175 0.8605429767093533
vn -0.18023996563079556 -0.4595529382482867 0.8696692772179412
vn -0.1884427870212915 -0.4373924162809781 0.8793049472165704
vn -0.19342130960702653 -0.41443959878485737 0.8892851151059198
vn -0.1950903293134232 -0.39108721679758157 0.899439020871288
vn -0.09801714190788421 -0.3968289831071781 0.9126441793263861
vn -0.09717859393503842 -0.3850962956144038 0.9177456967945273
vn -0.09467728505376125 -0.3735643579262279 0.9227599266233952
vn -0.09055603357439676 -0.3624304863045537 0.9276010712479356
vn -0.08488533703633468 -0.35188517931832913 0.9321863011932406
vn -0.07776222433895806 -0.3421088747348635 0.9364371598209369
vn -0.06930858689154026 -0.33326884519158095 0.9402809136677017
vn -0.05966905547343558 -0.3255163519491849 0.9436517940599712
vn -0.04900857094498423 -0.3189840295378976 0.9464921282682155
vn -0.03750953476428461 -0.31378366015988185 0.948753313258212
vn -0.02536870371514972 -0.31000422516831344 0.9503966589006965
vn -0.012793804605388264 -0.30771037443478183 0.9513940529711784
vn -6.001819080193974e-18 -0.3069413756581166 0.9517284234008686
vn 0.012793804605388264 -0.30771037443478183 0.9513940529711784
vn 0.02536870371514972 -0.31000422516831344 0.9503966589006965
vn 0.03750953476428461 -0.31378366015988185 0.948753313258212
vn 0.04900857094498423 -0.3189840295378976 0.9464921282682155
vn 0.05966905547343558 -0.3255163519491849 0.9436517940599712
vn 0.06930858689154026 -0.33326884519158095 0.9402809136677017
vn 0.07776222433895806 -0.3421088747348635 0.9364371598209369
vn 0.08488533703633468 -0.35188517931832913 0.9321863011932406
vn 0.09055603357439676 -0.3624304863045537 0.9276010712479356
vn 0.09467728505376125 -0.3735643579262279 0.9227599266233952
vn 0.09717859393503842 -0.3850962956144038 0.9177456967945273
vn 0.09801714190788421 -0.3968289831071781 0.9126441793263861
vn 0.09717859393503842 -0.408561670420576 0.9075426614457072
vn 0.09467728505376127 -0.42009360855836675 0.9025284326508827
vn 0.09055603357439675 -0.4312274797867261 0.8976872871217801
vn 0.08488533703633468 -0.4417727867509609 0.893102057125902
vn 0.07776222433895806 -0.4515490916367814 0.8888511991935744
vn 0.06930858689154026 -0.46038912089214845 0.8850074446846492
vn 0.05966905547343558 -0.46814161442246005 0.88163656495454
vn 0.04900857094498423 -0.4746739365313924 0.8787962300509272
vn 0.037509534764284605 -0.47987430593139796 0.8765350451115037
vn 0.025368703715149713 -0.4836537413162812 0.8748917003735814
vn 0.012793804605388264 -0.48594759160019796 0.8738943052690561
vn 1.800545724058192e-17 -0.48671659055623967 0.8735599352519035
vn -0.012793804605388264 -0.48594759160019796 0.8738943052690561
vn -0.025368703715149713 -0.4836537413162812 0.8748917003735814
vn -0.037509534764284605 -0.47987430593139796 0.8765350451115037
vn -0.04900857094498423 -0.4746739365313924 0.8787962300509272
vn -0.05966905547343558 -0.46814161442246005 0.88163656495454
vn -0.06930858689154026 -0.46038912089214845 0.8850074446846492
vn -0.07776222433895806 -0.4515490916367814 0.8888511991935744
vn -0.08488533703633468 -0.4417727867509609 0.893102057125902
vn -0.09055603357439675 -0.4312274797867261 0.8976872871217801
vn -0.09467728505376127 -0.42009360855836675 0.9025284326508827
vn -0.09717859393503842 -0.408561670420576 0.9075426614457072
vn -0.09801714190788421 -0.3968289831071781 0.9126441793263861
vn -1.2246468525851679e-16 -0.39874906892524625 0.917060074385124
vn -1.2141697167721222e-16 -0.39874906892524625 0.917060074385124
vn -1.1829179067875828e-16 -0.3987490689252462 0.917060074385124
vn -1.1314261121795038e-16 -0.3987490689252462 0.917060074385124
vn -1.0605752472130298e-16 -0.3987490689252462 0.917060074385124
vn -9.715776277939185e-17 -0.3987490689252462 0.917060074385124
vn -8.659560603426554e-17 -0.3987490689252462 0.917060074385124
vn -7.455177028870975e-17 -0.39874906892524614 0.917060074385124
vn -6.123234262925839e-17 -0.39874906892524614 0.917060074385124
vn -4.6865204697224915e-17 -0.39874906892524614 0.917060074385124
vn -3.169619126193763e-17 -0.39874906892524614 0.917060074385124
vn -1.5984848438558533e-17 -0.39874906892524614 0.917060074385124
vn -7.498798786105971e-33 -0.39874906892524614 0.917060074385124
vn 1.5984848438558533e-17 -0.39874906892524614 0.917060074385124
vn 3.169619126193763e-17 -0.39874906892524614 0.917060074385124
vn 4.6865204697224915e-17 -0.39874906892524614 0.917060074385124
vn 6.123234262925839e-17 -0.39874906892524614 0.917060074385124
vn 7.455177028870975e-17 -0.39874906892524614 0.917060074385124
vn 8.659560603426554e-17 -0.3987490689252462 0.917060074385124
vn 9.715776277939185e-17 -0.3987490689252462 0.917060074385124
vn 1.0605752472130298e-16 -0.3987490689252462 0.917060074385124
vn 1.1314261121795038e-16 -0.3987490689252462 0.917060074385124
vn 1.1829179067875828e-16 -0.3987490689252462 0.917060074385124
vn 1.2141697167721222e-16 -0.39874906892524625 0.917060074385124
vn 1.2246468525851679e-16 -0.39874906892524625 0.917060074385124
vn 1.2141697167721222e-16 -0.39874906892524625 0.917060074385124
vn 1.1829179067875828e-16 -0.3987490689252463 0.917060074385124
vn 1.1314261121795038e-16 -0.3987490689252463 0.917060074385124
vn 1.0605752472130298e-16 -0.3987490689252463 0.917060074385124
vn 9.715776277939185e-17 -0.3987490689252463 0.917060074385124
vn 8.659560603426554e-17 -0.3987490689252463 0.917060074385124
vn 7.455177028870975e-17 -0.39874906892524636 0.917060074385124
vn 6.123234262925839e-17 -0.39874906892524636 0.917060074385124
vn 4.6865204697224915e-17 -0.39874906892524636 0.917060074385124
vn 3.169619126193763e-17 -0.39874906892524636 0.917060074385124
vn 1.5984848438558533e-17 -0.39874906892524636 0.917060074385124
vn 2.2496396358317913e-32 -0.39874906892524636 0.917060074385124
vn -1.5984848438558533e-17 -0.39874906892524636 0.917060074385124
vn -3.169619126193763e-17 -0.39874906892524636 0.917060074385124
vn -4.6865204697224915e-17 -0.39874906892524636 0.917060074385124
vn -6.123234262925839e-17 -0.39874906892524636 0.917060074385124
vn -7.455177028870975e-17 -0.39874906892524636 0.917060074385124
vn -8.659560603426554e-17 -0.3987490689252463 0.917060074385124
vn -9.715776277939185e-17 -0.3987490689252463 0.917060074385124
vn -1.0605752472130298e-16 -0.3987490689252463 0.917060074385124
vn -1.1314261121795038e-16 -0.3987490689252463 0.917060074385124
vn -1.1829179067875828e-16 -0.3987490689252463 0.917060074385124
vn -1.2141697167721222e-16 -0.39874906892524625 0.917060074385124
vn -1.2246468525851679e-16 -0.39874906892524625 0.917060074385124
f 3334//3334 3383//3383 3384//3384
f 3335//3335 3384//3384 3385//3385
f 3336//3336 3385//3385 3386//3386
f 3337//3337 3386//3386 3387//3387
f 3338//3338 3387//3387 3388//3388
f 3339//3339 3388//3388 3389//3389
f 3340//3340 3389//3389 3390//3390
f 3341//3341 3390//3390 3391//3391
f 3342//3342 3391//3391 3392//3392
f 3343//3343 3392//3392 3393//3393
f 3344//3344 3393//3393 3394//3394
f 3345//3345 3394//3394 3395//3395
f 3346//3346 3395//3395 3396//3396
f 3347//3347 3396//3396 3397//3397
f 3348//3348 3397//3397 3398//3398
f 3349//3349 3398//3398 3399//3399
f 3350//3350 3399//3399 3400//3400
f 3351//3351 3400//3400 3401//3401
f 3352//3352 3401//3401 3402//3402
f 3353//3353 3402//3402 3403//3403
f 3354//3354 3403//3403 3404//3404
f 3355//3355 3404//3404 3405//3405
f 3356//3356 3405//3405 3406//3406
f 3357//3357 3406//3406 3407//3407
f 3358//3358 3407//3407 3408//3408
f 3359//3359 3408//3408 3409//3409
f 3360//3360 3409//3409 3410//3410
f 3361//3361 3410//3410 3411//3411
f 3362//3362 3411//3411 3412//3412
f 3363//3363 3412//3412 3413//3413
f 3364//3364 3413//3413 3414//3414
f 3365//3365 3414//3414 3415//3415
f 3366//3366 3415//3415 3416//3416
f 3367//3367 3416//3416 3417//3417
f 3368//3368 3417//3417 3418//3418
f 3369//3369 3418//3418 3419//3419
f 3370//3370 3419//3419 3420//3420
f 3371//3371 3420//3420 3421//3421
f 3372//3372 3421//3421 3422//3422
f 3373//3373 3422//3422 3423//3423
f 3374//3374 3423//3423 3424//3424
f 3375//3375 3424//3424 3425//3425
f 3376//3376 3425//3425 3426//3426
f 3377//3377 3426//3426 3427//3427
f 3378//3378 3427//3427 3428//3428
f 3379//3379 3428//3428 3429//3429
f 3380//3380 3429//3429 3430//3430
f 3381//3381 3430//3430 3431//3431
f 3384//3384 3383//3383 3433//3433
f 3383//3383 3432//3432 3433//3433
f 3385//3385 3384//3384 3434//3434
f 3384//3384 3433//3433 3434//3434
f 3386//3386 3385//3385 3435//3435
f 3385//3385 3434//3434 3435//3435
f 3387//3387 3386//3386 3436//3436
f 3386//3386 3435//3435 3436//3436
f 3388//3388 3387//3387 3437//3437
f 3387//3387 3436//3436 3437//3437
f 3389//3389 3388//3388 3438//3438
f 3388//3388 3437//3437 3438//3438
f 3390//3390 3389//3389 3439//3439
f 3389//3389 3438//3438 3439//3439
f 3391//3391 3390//3390 3440//3440
f 3390//3390 3439//3439 3440//3440
f 3392//3392 3391//3391 3441//3441
f 3391//3391 3440//3440 3441//3441
f 3393//3393 3392//3392 3442//3442
f 3392//3392 3441//3441 3442//3442
f 3394//3394 3393//3393 3443//3443
f 3393//3393 3442//3442 3443//3443
f 3395//3395 3394//3394 3444//3444
f 3394//3394 3443//3443 3444//3444
f 3396//3396 3395//3395 3445//3445
f 3395//3395 3444//3444 3445//3445
f 3397//3397 3396//3396 3446//3446
f 3396//3396 3445//3445 3446//3446
f 3398//3398 3397//3397 3447//3447
f 3397//3397 3446//3446 3447//3447
f 3399//3399 3398//3398 3448//3448
f 3398//3398 3447//3447 3448//3448
f 3400//3400 3399//3399 3449//3449
f 3399//3399 3448//3448 3449//3449
f 3401//3401 3400//3400 3450//3450
f 3400//3400 3449//3449 3450//3450
f 3402//3402 3401//3401 3451//3451
f 3401//3401 3450//3450 3451//3451
f 3403//3403 3402//3402 3452//3452
f 3402//3402 3451//3451 3452//3452
f 3404//3404 3403//3403 3453//3453
f 3403//3403 3452//3452 3453//3453
f 3405//3405 3404//3404 3454//3454
f 3404//3404 3453//3453 3454//3454
f 3406//3406 3405//3405 3455//3455
f 3405//3405 3454//3454 3455//3455
f 3407//3407 3406//3406 3456//3456
f 3406//3406 3455//3455 3456//3456
f 3408//3408 3407//3407 3457//3457
f 3407//3407 3456//3456 3457//3457
f 3409//3409 3408//3408 3458//3458
f 3408//3408 3457//3457 3458//3458
f 3410//3410 3409//3409 3459//3459
f 3409//3409 3458//3458 3459//3459
f 3411//3411 3410//3410 3460//3460
f 3410//3410 3459//3459 3460//3460
f 3412//3412 3411//3411 3461//3461
f 3411//3411 3460//3460 3461//3461
f 3413//3413 3412//3412 3462//3462
f 3412//3412 3461//3461 3462//3462
f 3414//3414 3413//3413 3463//3463
f 3413//3413 3462//3462 3463//3463
f 3415//3415 3414//3414 3464//3464
f 3414//3414 3463//3463 3464//3464
f 3416//3416 3415//3415 3465//3465
f 3415//3415 3464//3464 3465//3465
f 3417//3417 3416//3416 3466//3466
f 3416//3416 3465//3465 3466//3466
f 3418//3418 3417//3417 3467//3467
f 3417//3417 3466//3466 3467//3467
f 3419//3419 3418//3418 3468//3468
f 3418//3418 3467//3467 3468//3468
f 3420//3420 3419//3419 3469//3469
f 3419//3419 3468//3468 3469//3469
f 3421//3421 3420//3420 3470//3470
f 3420//3420 3469//3469 3470//3470
f 3422//3422 3421//3421 3471//3471
f 3421//3421 3470//3470 3471//3471
f 3423//3423 3422//3422 3472//3472
f 3422//3422 3471//3471 3472//3472
f 3424//3424 3423//3423 3473//3473
f 3423//3423 3472//3472 3473//3473
f 3425//3425 3424//3424 3474//3474
f 3424//3424 3473//3473 3474//3474
f 3426//3426 3425//3425 3475//3475
f 3425//3425 3474//3474 3475//3475
f 3427//3427 3426//3426 3476//3476
f 3426//3426 3475//3475 3476//3476
f 3428//3428 3427//3427 3477//3477
f 3427//3427 3476//3476 3477//3477
f 3429//3429 3428//3428 3478//3478
f 3428//3428 3477//3477 3478//3478
f 3430//3430 3429//3429 3479//3479
f 3429//3429 3478//3478 3479//3479
f 3431//3431 3430//3430 3480//3480
f 3430//3430 3479//3479 3480//3480
f 3433//3433 3432//3432 3482//3482
f 3432//3432 3481//3481 3482//3482
f 3434//3434 3433//3433 3483//3483
f 3433//3433 3482//3482 3483//3483
f 3435//3435 3434//3434 3484//3484
f 3434//3434 3483//3483 3484//3484
f 3436//3436 3435//3435 3485//3485
f 3435//3435 3484//3484 3485//3485
f 3437//3437 3436//3436 3486//3486
f 3436//3436 3485//3485 3486//3486
f 3438//3438 3437//3437 3487//3487
f 3437//3437 3486//3486 3487//3487
f 3439//3439 3438//3438 3488//3488
f 3438//3438 3487//3487 3488//3488
f 3440//3440 3439//3439 3489//3489
f 3439//3439 3488//3488 3489//3489
f 3441//3441 3440//3440 3490//3490
f 3440//3440 3489//3489 3490//3490
f 3442//3442 3441//3441 3491//3491
f 3441//3441 3490//3490 3491//3491
f 3443//3443 3442//3442 3492//3492
f 3442//3442 3491//3491 3492//3492
f 3444//3444 3443//3443 3493//3493
f 3443//3443 3492//3492 3493//3493
f 3445//3445 3444//3444 3494//3494
f 3444//3444 3493//3493 3494//3494
f 3446//3446 3445//3445 3495//3495
f 3445//3445 3494//3494 3495//3495
f 3447//3447 3446//3446 3496//3496
f 3446//3446 3495//3495 3496//3496
f 3448//3448 3447//3447 3497//3497
f 3447//3447 3496//3496 3497//3497
f 3449//3449 3448//3448 3498//3498
f 3448//3448 3497//3497 3498//3498
f 3450//3450 3449//3449 3499//3499
f 3449//3449 3498//3498 3499//3499
f 3451//3451 3450//3450 3500//3500
f 3450//3450 3499//3499 3500//3500
f 3452//3452 3451//3451 3501//3501
f 3451//3451 3500//3500 3501//3501
f 3453//3453 3452//3452 3502//3502
f 3452//3452 3501//3501 3502//3502
f 3454//3454 3453//3453 3503//3503
f 3453//3453 3502//3502 3503//3503
f 3455//3455 3454//3454 3504//3504
f 3454//3454 3503//3503 3504//3504
f 3456//3456 3455//3455 3505//3505
f 3455//3455 3504//3504 3505//3505
f 3457//3457 3456//3456 3506//3506
f 3456//3456 3505//3505 3506//3506
f 3458//3458 3457//3457 3507//3507
f 3457//3457 3506//3506 3507//3507
f 3459//3459 3458//3458 3508//3508
f 3458//3458 3507//3507 3508//3508
f 3460//3460 3459//3459 3509//3509
f 3459//3459 3508//3508 3509//3509
f 3461//3461 3460//3460 3510//3510
f 3460//3460 3509//3509 3510//3510
f 3462//3462 3461//3461 3511//3511
f 3461//3461 3510//3510 3511//3511
f 3463//3463 3462//3462 3512//3512
f 3462//3462 3511//3511 3512//3512
f 3464//3464 3463//3463 3513//3513
f 3463//3463 3512//3512 3513//3513
f 3465//3465 3464//3464 3514//3514
f 3464//3464 3513//3513 3514//3514
f 3466//3466 3465//3465 3515//3515
f 3465//3465 3514//3514 3515//3515
f 3467//3467 3466//3466 3516//3516
f 3466//3466 3515//3515 3516//3516
f 3468//3468 3467//3467 3517//3517
f 3467//3467 3516//3516 3517//3517
f 3469//3469 3468//3468 3518//3518
f 3468//3468 3517//3517 3518//3518
f 3470//3470 3469//3469 3519//3519
f 3469//3469 3518//3518 3519//3519
f 3471//3471 3470//3470 3520//3520
f 3470//3470 3519//3519 3520//3520
f 3472//3472 3471//3471 3521//3521
f 3471//3471 3520//3520 3521//3521
f 3473//3473 3472//3472 3522//3522
f 3472//3472 3521//3521 3522//3522
f 3474//3474 3473//3473 3523//3523
f 3473//3473 3522//3522 3523//3523
f 3475//3475 3474//3474 3524//3524
f 3474//3474 3523//3523 3524//3524
f 3476//3476 3475//3475 3525//3525
f 3475//3475 3524//3524 3525//3525
f 3477//3477 3476//3476 3526//3526
f 3476//3476 3525//3525 3526//3526
f 3478//3478 3477//3477 3527//3527
f 3477//3477 3526//3526 3527//3527
f 3479//3479 3478//3478 3528//3528
f 3478//3478 3527//3527 3528//3528
f 3480//3480 3479//3479 3529//3529
f 3479//3479 3528//3528 3529//3529
f 3482//3482 3481//3481 3531//3531
f 3481//3481 3530//3530 3531//3531
f 3483//3483 3482//3482 3532//3532
f 3482//3482 3531//3531 3532//3532
f 3484//3484 3483//3483 3533//3533
f 3483//3483 3532//3532 3533//3533
f 3485//3485 3484//3484 3534//3534
f 3484//3484 3533//3533 3534//3534
f 3486//3486 3485//3485 3535//3535
f 3485//3485 3534//3534 3535//3535
f 3487//3487 3486//3486 3536//3536
f 3486//3486 3535//3535 3536//3536
f 3488//3488 3487//3487 3537//3537
f 3487//3487 3536//3536 3537//3537
f 3489//3489 3488//3488 3538//3538
f 3488//3488 3537//3537 3538//3538
f 3490//3490 3489//3489 3539//3539
f 3489//3489 3538//3538 3539//3539
f 3491//3491 3490//3490 3540//3540
f 3490//3490 3539//3539 3540//3540
f 3492//3492 3491//3491 3541//3541
f 3491//3491 3540//3540 3541//3541
f 3493//3493 3492//3492 3542//3542
f 3492//3492 3541//3541 3542//3542
f 3494//3494 3493//3493 3543//3543
f 3493//3493 3542//3542 3543//3543
f 3495//3495 3494//3494 3544//3544
f 3494//3494 3543//3543 3544//3544
f 3496//3496 3495//3495 3545//3545
f 3495//3495 3544//3544 3545//3545
f 3497//3497 3496//3496 3546//3546
f 3496//3496 3545//3545 3546//3546
f 3498//3498 3497//3497 3547//3547
f 3497//3497 3546//3546 3547//3547
f 3499//3499 3498//3498 3548//3548
f 3498//3498 3547//3547 3548//3548
f 3500//3500 3499//3499 3549//3549
f 3499//3499 3548//3548 3549//3549
f 3501//3501 3500//3500 3550//3550
f 3500//3500 3549//3549 3550//3550
f 3502//3502 3501//3501 3551//3551
f 3501//3501 3550//3550 3551//3551
f 3503//3503 3502//3502 3552//3552
f 3502//3502 3551//3551 3552//3552
f 3504//3504 3503//3503 3553//3553
f 3503//3503 3552//3552 3553//3553
f 3505//3505 3504//3504 3554//3554
f 3504//3504 3553//3553 3554//3554
f 3506//3506 3505//3505 3555//3555
f 3505//3505 3554//3554 3555//3555
f 3507//3507 3506//3506 3556//3556
f 3506//3506 3555//3555 3556//3556
f 3508//3508 3507//3507 3557//3557
f 3507//3507 3556//3556 3557//3557
f 3509//3509 3508//3508 3558//3558
f 3508//3508 3557//3557 3558//3558
f 3510//3510 3509//3509 3559//3559
f 3509//3509 3558//3558 3559//3559
f 3511//3511 3510//3510 3560//3560
f 3510//3510 3559//3559 3560//3560
f 3512//3512 3511//3511 3561//3561
f 3511//3511 3560//3560 3561//3561
f 3513//3513 3512//3512 3562//3562
f 3512//3512 3561//3561 3562//3562
f 3514//3514 3513//3513 3563//3563
f 3513//3513 3562//3562 3563//3563
f 3515//3515 3514//3514 3564//3564
f 3514//3514 3563//3563 3564//3564
f 3516//3516 3515//3515 3565//3565
f 3515//3515 3564//3564 3565//3565
f 3517//3517 3516//3516 3566//3566
f 3516//3516 3565//3565 3566//3566
f 3518//3518 3517//3517 3567//3567
f 3517//3517 3566//3566 3567//3567
f 3519//3519 3518//3518 3568//3568
f 3518//3518 3567//3567 3568//3568
f 3520//3520 3519//3519 3569//3569
f 3519//3519 3568//3568 3569//3569
f 3521//3521 3520//3520 3570//3570
f 3520//3520 3569//3569 3570//3570
f 3522//3522 3521//3521 3571//3571
f 3521//3521 3570//3570 3571//3571
f 3523//3523 3522//3522 3572//3572
f 3522//3522 3571//3571 3572//3572
f 3524//3524 3523//3523 3573//3573
f 3523//3523 3572//3572 3573//3573
f 3525//3525 3524//3524 3574//3574
f 3524//3524 3573//3573 3574//3574
f 3526//3526 3525//3525 3575//3575
f 3525//3525 3574//3574 3575//3575
f 3527//3527 3526//3526 3576//3576
f 3526//3526 3575//3575 3576//3576
f 3528//3528 3527//3527 3577//3577
f 3527//3527 3576//3576 3577//3577
f 3529//3529 3528//3528 3578//3578
f 3528//3528 3577//3577 3578//3578
f 3531//3531 3530//3530 3580//3580
f 3530//3530 3579//3579 3580//3580
f 3532//3532 3531//3531 3581//3581
f 3531//3531 3580//3580 3581//3581
f 3533//3533 3532//3532 3582//3582
f 3532//3532 3581//3581 3582//3582
f 3534//3534 3533//3533 3583//3583
f 3533//3533 3582//3582 3583//3583
f 3535//3535 3534//3534 3584//3584
f 3534//3534 3583//3583 3584//3584
f 3536//3536 3535//3535 3585//3585
f 3535//3535 3584//3584 3585//3585
f 3537//3537 3536//3536 3586//3586
f 3536//3536 3585//3585 3586//3586
f 3538//3538 3537//3537 3587//3587
f 3537//3537 3586//3586 3587//3587
f 3539//3539 3538//3538 3588//3588
f 3538//3538 3587//3587 3588//3588
f 3540//3540 3539//3539 3589//3589
f 3539//3539 3588//3588 3589//3589
f 3541//3541 3540//3540 3590//3590
f 3540//3540 3589//3589 3590//3590
f 3542//3542 3541//3541 3591//3591
f 3541//3541 3590//3590 3591//3591
f 3543//3543 3542//3542 3592//3592
f 3542//3542 3591//3591 3592//3592
f 3544//3544 3543//3543 3593//3593
f 3543//3543 3592//3592 3593//3593
f 3545//3545 3544//3544 3594//3594
f 3544//3544 3593//3593 3594//3594
f 3546//3546 3545//3545 3595//3595
f 3545//3545 3594//3594 3595//3595
f 3547//3547 3546//3546 3596//3596
f 3546//3546 3595//3595 3596//3596
f 3548//3548 3547//3547 3597//3597
f 3547//3547 3596//3596 3597//3597
f 3549//3549 3548//3548 3598//3598
f 3548//3548 3597//3597 3598//3598
f 3550//3550 3549//3549 3599//3599
f 3549//3549 3598//3598 3599//3599
f 3551//3551 3550//3550 3600//3600
f 3550//3550 3599//3599 3600//3600
f 3552//3552 3551//3551 3601//3601
f 3551//3551 3600//3600 3601//3601
f 3553//3553 3552//3552 3602//3602
f 3552//3552 3601//3601 3602//3602
f 3554//3554 3553//3553 3603//3603
f 3553//3553 3602//3602 3603//3603
f 3555//3555 3554//3554 3604//3604
f 3554//3554 3603//3603 3604//3604
f 3556//3556 3555//3555 3605//3605
f 3555//3555 3604//3604 3605//3605
f 3557//3557 3556//3556 3606//3606
f 3556//3556 3605//3605 3606//3606
f 3558//3558 3557//3557 3607//3607
f 3557//3557 3606//3606 3607//3607
f 3559//3559 3558//3558 3608//3608
f 3558//3558 3607//3607 3608//3608
f 3560//3560 3559//3559 3609//3609
f 3559//3559 3608//3608 3609//3609
f 3561//3561 3560//3560 3610//3610
f 3560//3560 3609//3609 3610//3610
f 3562//3562 3561//3561 3611//3611
f 3561//3561 3610//3610 3611//3611
f 3563//3563 3562//3562 3612//3612
f 3562//3562 3611//3611 3612//3612
f 3564//3564 3563//3563 3613//3613
f 3563//3563 3612//3612 3613//3613
f 3565//3565 3564//3564 3614//3614
f 3564//3564 3613//3613 3614//3614
f 3566//3566 3565//3565 3615//3615
f 3565//3565 3614//3614 3615//3615
f 3567//3567 3566//3566 3616//3616
f 3566//3566 3615//3615 3616//3616
f 3568//3568 3567//3567 3617//3617
f 3567//3567 3616//3616 3617//3617
f 3569//3569 3568//3568 3618//3618
f 3568//3568 3617//3617 3618//3618
f 3570//3570 3569//3569 3619//3619
f 3569//3569 3618//3618 3619//3619
f 3571//3571 3570//3570 3620//3620
f 3570//3570 3619//3619 3620//3620
f 3572//3572 3571//3571 3621//3621
f 3571//3571 3620//3620 3621//3621
f 3573//3573 3572//3572 3622//3622
f 3572//3572 3621//3621 3622//3622
f 3574//3574 3573//3573 3623//3623
f 3573//3573 3622//3622 3623//3623
f 3575//3575 3574//3574 3624//3624
f 3574//3574 3623//3623 3624//3624
f 3576//3576 3575//3575 3625//3625
f 3575//3575 3624//3624 3625//3625
f 3577//3577 3576//3576 3626//3626
f 3576//3576 3625//3625 3626//3626
f 3578//3578 3577//3577 3627//3627
f 3577//3577 3626//3626 3627//3627
f 3580//3580 3579//3579 3629//3629
f 3579//3579 3628//3628 3629//3629
f 3581//3581 3580//3580 3630//3630
f 3580//3580 3629//3629 3630//3630
f 3582//3582 3581//3581 3631//3631
f 3581//3581 3630//3630 3631//3631
f 3583//3583 3582//3582 3632//3632
f 3582//3582 3631//3631 3632//3632
f 3584//3584 3583//3583 3633//3633
f 3583//3583 3632//3632 3633//3633
f 3585//3585 3584//3584 3634//3634
f 3584//3584 3633//3633 3634//3634
f 3586//3586 3585//3585 3635//3635
f 3585//3585 3634//3634 3635//3635
f 3587//3587 3586//3586 3636//3636
f 3586//3586 3635//3635 3636//3636
f 3588//3588 3587//3587 3637//3637
f 3587//3587 3636//3636 3637//3637
f 3589//3589 3588//3588 3638//3638
f 3588//3588 3637//3637 3638//3638
f 3590//3590 3589//3589 3639//3639
f 3589//3589 3638//3638 3639//3639
f 3591//3591 3590//3590 3640//3640
f 3590//3590 3639//3639 3640//3640
f 3592//3592 3591//3591 3641//3641
f 3591//3591 3640//3640 3641//3641
f 3593//3593 3592//3592 3642//3642
f 3592//3592 3641//3641 3642//3642
f 3594//3594 3593//3593 3643//3643
f 3593//3593 3642//3642 3643//3643
f 3595//3595 3594//3594 3644//3644
f 3594//3594 3643//3643 3644//3644
f 3596//3596 3595//3595 3645//3645
f 3595//3595 3644//3644 3645//3645
f 3597//3597 3596//3596 3646//3646
f 3596//3596 3645//3645 3646//3646
f 3598//3598 3597//3597 3647//3647
f 3597//3597 3646//3646 3647//3647
f 3599//3599 3598//3598 3648//3648
f 3598//3598 3647//3647 3648//3648
f 3600//3600 3599//3599 3649//3649
f 3599//3599 3648//3648 3649//3649
f 3601//3601 3600//3600 3650//3650
f 3600//3600 3649//3649 3650//3650
f 3602//3602 3601//3601 3651//3651
f 3601//3601 3650//3650 3651//3651
f 3603//3603 3602//3602 3652//3652
f 3602//3602 3651//3651 3652//3652
f 3604//3604 3603//3603 3653//3653
f 3603//3603 3652//3652 3653//3653
f 3605//3605 3604//3604 3654//3654
f 3604//3604 3653//3653 3654//3654
f 3606//3606 3605//3605 3655//3655
f 3605//3605 3654//3654 3655//3655
f 3607//3607 3606//3606 3656//3656
f 3606//3606 3655//3655 3656//3656
f 3608//3608 3607//3607 3657//3657
f 3607//3607 3656//3656 3657//3657
f 3609//3609 3608//3608 3658//3658
f 3608//3608 3657//3657 3658//3658
f 3610//3610 3609//3609 3659//3659
f 3609//3609 3658//3658 3659//3659
f 3611//3611 3610//3610 3660//3660
f 3610//3610 3659//3659 3660//3660
f 3612//3612 3611//3611 3661//3661
f 3611//3611 3660//3660 3661//3661
f 3613//3613 3612//3612 3662//3662
f 3612//3612 3661//3661 3662//3662
f 3614//3614 3613//3613 3663//3663
f 3613//3613 3662//3662 3663//3663
f 3615//3615 3614//3614 3664//3664
f 3614//3614 3663//3663 3664//3664
f 3616//3616 3615//3615 3665//3665
f 3615//3615 3664//3664 3665//3665
f 3617//3617 3616//3616 3666//3666
f 3616//3616 3665//3665 3666//3666
f 3618//3618 3617//3617 3667//3667
f 3617//3617 3666//3666 3667//3667
f 3619//3619 3618//3618 3668//3668
f 3618//3618 3667//3667 3668//3668
f 3620//3620 3619//3619 3669//3669
f 3619//3619 3668//3668 3669//3669
f 3621//3621 3620//3620 3670//3670
f 3620//3620 3669//3669 3670//3670
f 3622//3622 3621//3621 3671//3671
f 3621//3621 3670//3670 3671//3671
f 3623//3623 3622//3622 3672//3672
f 3622//3622 3671//3671 3672//3672
f 3624//3624 3623//3623 3673//3673
f 3623//3623 3672//3672 3673//3673
f 3625//3625 3624//3624 3674//3674
f 3624//3624 3673//3673 3674//3674
f 3626//3626 3625//3625 3675//3675
f 3625//3625 3674//3674 3675//3675
f 3627//3627 3626//3626 3676//3676
f 3626//3626 3675//3675 3676//3676
f 3629//3629 3628//3628 3678//3678
f 3628//3628 3677//3677 3678//3678
f 3630//3630 3629//3629 3679//3679
f 3629//3629 3678//3678 3679//3679
f 3631//3631 3630//3630 3680//3680
f 3630//3630 3679//3679 3680//3680
f 3632//3632 3631//3631 3681//3681
f 3631//3631 3680//3680 3681//3681
f 3633//3633 3632//3632 3682//3682
f 3632//3632 3681//3681 3682//3682
f 3634//3634 3633//3633 3683//3683
f 3633//3633 3682//3682 3683//3683
f 3635//3635 3634//3634 3684//3684
f 3634//3634 3683//3683 3684//3684
f 3636//3636 3635//3635 3685//3685
f 3635//3635 3684//3684 3685//3685
f 3637//3637 3636//3636 3686//3686
f 3636//3636 3685//3685 3686//3686
f 3638//3638 3637//3637 3687//3687
f 3637//3637 3686//3686 3687//3687
f 3639//3639 3638//3638 3688//3688
f 3638//3638 3687//3687 3688//3688
f 3640//3640 3639//3639 3689//3689
f 3639//3639 3688//3688 3689//3689
f 3641//3641 3640//3640 3690//3690
f 3640//3640 3689//3689 3690//3690
f 3642//3642 3641//3641 3691//3691
f 3641//3641 3690//3690 3691//3691
f 3643//3643 3642//3642 3692//3692
f 3642//3642 3691//3691 3692//3692
f 3644//3644 3643//3643 3693//3693
f 3643//3643 3692//3692 3693//3693
f 3645//3645 3644//3644 3694//3694
f 3644//3644 3693//3693 3694//3694
f 3646//3646 3645//3645 3695//3695
f 3645//3645 3694//3694 3695//3695
f 3647//3647 3646//3646 3696//3696
f 3646//3646 3695//3695 3696//3696
f 3648//3648 3647//3647 3697//3697
f 3647//3647 3696//3696 3697//3697
f 3649//3649 3648//3648 3698//3698
f 3648//3648 3697//3697 3698//3698
f 3650//3650 3649//3649 3699//3699
f 3649//3649 3698//3698 3699//3699
f 3651//3651 3650//3650 3700//3700
f 3650//3650 3699//3699 3700//3700
f 3652//3652 3651//3651 3701//3701
f 3651//3651 3700//3700 3701//3701
f 3653//3653 3652//3652 3702//3702
f 3652//3652 3701//3701 3702//3702
f 3654//3654 3653//3653 3703//3703
f 3653//3653 3702//3702 3703//3703
f 3655//3655 3654//3654 3704//3704
f 3654//3654 3703//3703 3704//3704
f 3656//3656 3655//3655 3705//3705
f 3655//3655 3704//3704 3705//3705
f 3657//3657 3656//3656 3706//3706
f 3656//3656 3705//3705 3706//3706
f 3658//3658 3657//3657 3707//3707
f 3657//3657 3706//3706 3707//3707
f 3659//3659 3658//3658 3708//3708
f 3658//3658 3707//3707 3708//3708
f 3660//3660 3659//3659 3709//3709
f 3659//3659 3708//3708 3709//3709
f 3661//3661 3660//3660 3710//3710
f 3660//3660 3709//3709 3710//3710
f 3662//3662 3661//3661 3711//3711
f 3661//3661 3710//3710 3711//3711
f 3663//3663 3662//3662 3712//3712
f 3662//3662 3711//3711 3712//3712
f 3664//3664 3663//3663 3713//3713
f 3663//3663 3712//3712 3713//3713
f 3665//3665 3664//3664 3714//3714
f 3664//3664 3713//3713 3714//3714
f 3666//3666 3665//3665 3715//3715
f 3665//3665 3714//3714 3715//3715
f 3667//3667 3666//3666 3716//3716
f 3666//3666 3715//3715 3716//3716
f 3668//3668 3667//3667 3717//3717
f 3667//3667 3716//3716 3717//3717
f 3669//3669 3668//3668 3718//3718
f 3668//3668 3717//3717 3718//3718
f 3670//3670 3669//3669 3719//3719
f 3669//3669 3718//3718 3719//3719
f 3671//3671 3670//3670 3720//3720
f 3670//3670 3719//3719 3720//3720
f 3672//3672 3671//3671 3721//3721
f 3671//3671 3720//3720 3721//3721
f 3673//3673 3672//3672 3722//3722
f 3672//3672 3721//3721 3722//3722
f 3674//3674 3673//3673 3723//3723
f 3673//3673 3722//3722 3723//3723
f 3675//3675 3674//3674 3724//3724
f 3674//3674 3723//3723 3724//3724
f 3676//3676 3675//3675 3725//3725
f 3675//3675 3724//3724 3725//3725
f 3678//3678 3677//3677 3727//3727
f 3677//3677 3726//3726 3727//3727
f 3679//3679 3678//3678 3728//3728
f 3678//3678 3727//3727 3728//3728
f 3680//3680 3679//3679 3729//3729
f 3679//3679 3728//3728 3729//3729
f 3681//3681 3680//3680 3730//3730
f 3680//3680 3729//3729 3730//3730
f 3682//3682 3681//3681 3731//3731
f 3681//3681 3730//3730 3731//3731
f 3683//3683 3682//3682 3732//3732
f 3682//3682 3731//3731 3732//3732
f 3684//3684 3683//3683 3733//3733
f 3683//3683 3732//3732 3733//3733
f 3685//3685 3684//3684 3734//3734
f 3684//3684 3733//3733 3734//3734
f 3686//3686 3685//3685 3735//3735
f 3685//3685 3734//3734 3735//3735
f 3687//3687 3686//3686 3736//3736
f 3686//3686 3735//3735 3736//3736
f 3688//3688 3687//3687 3737//3737
f 3687//3687 3736//3736 3737//3737
f 3689//3689 3688//3688 3738//3738
f 3688//3688 3737//3737 3738//3738
f 3690//3690 3689//3689 3739//3739
f 3689//3689 3738//3738 3739//3739
f 3691//3691 3690//3690 3740//3740
f 3690//3690 3739//3739 3740//3740
f 3692//3692 3691//3691 3741//3741
f 3691//3691 3740//3740 3741//3741
f 3693//3693 3692//3692 3742//3742
f 3692//3692 3741//3741 3742//3742
f 3694//3694 3693//3693 3743//3743
f 3693//3693 3742//3742 3743//3743
f 3695//3695 3694//3694 3744//3744
f 3694//3694 3743//3743 3744//3744
f 3696//3696 3695//3695 3745//3745
f 3695//3695 3744//3744 3745//3745
f 3697//3697 3696//3696 3746//3746
f 3696//3696 3745//3745 3746//3746
f 3698//3698 3697//3697 3747//3747
f 3697//3697 3746//3746 3747//3747
f 3699//3699 3698//3698 3748//3748
f 3698//3698 3747//3747 3748//3748
f 3700//3700 3699//3699 3749//3749
f 3699//3699 3748//3748 3749//3749
f 3701//3701 3700//3700 3750//3750
f 3700//3700 3749//3749 3750//3750
f 3702//3702 3701//3701 3751//3751
f 3701//3701 3750//3750 3751//3751
f 3703//3703 3702//3702 3752//3752
f 3702//3702 3751//3751 3752//3752
f 3704//3704 3703//3703 3753//3753
f 3703//3703 3752//3752 3753//3753
f 3705//3705 3704//3704 3754//3754
f 3704//3704 3753//3753 3754//3754
f 3706//3706 3705//3705 3755//3755
f 3705//3705 3754//3754 3755//3755
f 3707//3707 3706//3706 3756//3756
f 3706//3706 3755//3755 3756//3756
f 3708//3708 3707//3707 3757//3757
f 3707//3707 3756//3756 3757//3757
f 3709//3709 3708//3708 3758//3758
f 3708//3708 3757//3757 3758//3758
f 3710//3710 3709//3709 3759//3759
f 3709//3709 3758//3758 3759//3759
f 3711//3711 3710//3710 3760//3760
f 3710//3710 3759//3759 3760//3760
f 3712//3712 3711//3711 3761//3761
f 3711//3711 3760//3760 3761//3761
f 3713//3713 3712//3712 3762//3762
f 3712//3712 3761//3761 3762//3762
f 3714//3714 3713//3713 3763//3763
f 3713//3713 3762//3762 3763//3763
f 3715//3715 3714//3714 3764//3764
f 3714//3714 3763//3763 3764//3764
f 3716//3716 3715//3715 3765//3765
f 3715//3715 3764//3764 3765//3765
f 3717//3717 3716//3716 3766//3766
f 3716//3716 3765//3765 3766//3766
f 3718//3718 3717//3717 3767//3767
f 3717//3717 3766//3766 3767//3767
f 3719//3719 3718//3718 3768//3768
f 3718//3718 3767//3767 3768//3768
f 3720//3720 3719//3719 3769//3769
f 3719//3719 3768//3768 3769//3769
f 3721//3721 3720//3720 3770//3770
f 3720//3720 3769//3769 3770//3770
f 3722//3722 3721//3721 3771//3771
f 3721//3721 3770//3770 3771//3771
f 3723//3723 3722//3722 3772//3772
f 3722//3722 3771//3771 3772//3772
f 3724//3724 3723//3723 3773//3773
f 3723//3723 3772//3772 3773//3773
f 3725//3725 3724//3724 3774//3774
f 3724//3724 3773//3773 3774//3774
f 3727//3727 3726//3726 3776//3776
f 3726//3726 3775//3775 3776//3776
f 3728//3728 3727//3727 3777//3777
f 3727//3727 3776//3776 3777//3777
f 3729//3729 3728//3728 3778//3778
f 3728//3728 3777//3777 3778//3778
f 3730//3730 3729//3729 3779//3779
f 3729//3729 3778//3778 3779//3779
f 3731//3731 3730//3730 3780//3780
f 3730//3730 3779//3779 3780//3780
f 3732//3732 3731//3731 3781//3781
f 3731//3731 3780//3780 3781//3781
f 3733//3733 3732//3732 3782//3782
f 3732//3732 3781//3781 3782//3782
f 3734//3734 3733//3733 3783//3783
f 3733//3733 3782//3782 3783//3783
f 3735//3735 3734//3734 3784//3784
f 3734//3734 3783//3783 3784//3784
f 3736//3736 3735//3735 3785//3785
f 3735//3735 3784//3784 3785//3785
f 3737//3737 3736//3736 3786//3786
f 3736//3736 3785//3785 3786//3786
f 3738//3738 3737//3737 3787//3787
f 3737//3737 3786//3786 3787//3787
f 3739//3739 3738//3738 3788//3788
f 3738//3738 3787//3787 3788//3788
f 3740//3740 3739//3739 3789//3789
f 3739//3739 3788//3788 3789//3789
f 3741//3741 3740//3740 3790//3790
f 3740//3740 3789//3789 3790//3790
f 3742//3742 3741//3741 3791//3791
f 3741//3741 3790//3790 3791//3791
f 3743//3743 3742//3742 3792//3792
f 3742//3742 3791//3791 3792//3792
f 3744//3744 3743//3743 3793//3793
f 3743//3743 3792//3792 3793//3793
f 3745//3745 3744//3744 3794//3794
f 3744//3744 3793//3793 3794//3794
f 3746//3746 3745//3745 3795//3795
f 3745//3745 3794//3794 3795//3795
f 3747//3747 3746//3746 3796//3796
f 3746//3746 3795//3795 3796//3796
f 3748//3748 3747//3747 3797//3797
f 3747//3747 3796//3796 3797//3797
f 3749//3749 3748//3748 3798//3798
f 3748//3748 3797//3797 3798//3798
f 3750//3750 3749//3749 3799//3799
f 3749//3749 3798//3798 3799//3799
f 3751//3751 3750//3750 3800//3800
f 3750//3750 3799//3799 3800//3800
f 3752//3752 3751//3751 3801//3801
f 3751//3751 3800//3800 3801//3801
f 3753//3753 3752//3752 3802//3802
f 3752//3752 3801//3801 3802//3802
f 3754//3754 3753//3753 3803//3803
f 3753//3753 3802//3802 3803//3803
f 3755//3755 3754//3754 3804//3804
f 3754//3754 3803//3803 3804//3804
f 3756//3756 3755//3755 3805//3805
f 3755//3755 3804//3804 3805//3805
f 3757//3757 3756//3756 3806//3806
f 3756//3756 3805//3805 3806//3806
f 3758//3758 3757//3757 3807//3807
f 3757//3757 3806//3806 3807//3807
f 3759//3759 3758//3758 3808//3808
f 3758//3758 3807//3807 3808//3808
f 3760//3760 3759//3759 3809//3809
f 3759//3759 3808//3808 3809//3809
f 3761//3761 3760//3760 3810//3810
f 3760//3760 3809//3809 3810//3810
f 3762//3762 3761//3761 3811//3811
f 3761//3761 3810//3810 3811//3811
f 3763//3763 3762//3762 3812//3812
f 3762//3762 3811//3811 3812//3812
f 3764//3764 3763//3763 3813//3813
f 3763//3763 3812//3812 3813//3813
f 3765//3765 3764//3764 3814//3814
f 3764//3764 3813//3813 3814//3814
f 3766//3766 3765//3765 3815//3815
f 3765//3765 3814//3814 3815//3815
f 3767//3767 3766//3766 3816//3816
f 3766//3766 3815//3815 3816//3816
f 3768//3768 3767//3767 3817//3817
f 3767//3767 3816//3816 3817//3817
f 3769//3769 3768//3768 3818//3818
f 3768//3768 3817//3817 3818//3818
f 3770//3770 3769//3769 3819//3819
f 3769//3769 3818//3818 3819//3819
f 3771//3771 3770//3770 3820//3820
f 3770//3770 3819//3819 3820//3820
f 3772//3772 3771//3771 3821//3821
f 3771//3771 3820//3820 3821//3821
f 3773//3773 3772//3772 3822//3822
f 3772//3772 3821//3821 3822//3822
f 3774//3774 3773//3773 3823//3823
f 3773//3773 3822//3822 3823//3823
f 3776//3776 3775//3775 3825//3825
f 3775//3775 3824//3824 3825//3825
f 3777//3777 3776//3776 3826//3826
f 3776//3776 3825//3825 3826//3826
f 3778//3778 3777//3777 3827//3827
f 3777//3777 3826//3826 3827//3827
f 3779//3779 3778//3778 3828//3828
f 3778//3778 3827//3827 3828//3828
f 3780//3780 3779//3779 3829//3829
f 3779//3779 3828//3828 3829//3829
f 3781//3781 3780//3780 3830//3830
f 3780//3780 3829//3829 3830//3830
f 3782//3782 3781//3781 3831//3831
f 3781//3781 3830//3830 3831//3831
f 3783//3783 3782//3782 3832//3832
f 3782//3782 3831//3831 3832//3832
f 3784//3784 3783//3783 3833//3833
f 3783//3783 3832//3832 3833//3833
f 3785//3785 3784//3784 3834//3834
f 3784//3784 3833//3833 3834//3834
f 3786//3786 3785//3785 3835//3835
f 3785//3785 3834//3834 3835//3835
f 3787//3787 3786//3786 3836//3836
f 3786//3786 3835//3835 3836//3836
f 3788//3788 3787//3787 3837//3837
f 3787//3787 3836//3836 3837//3837
f 3789//3789 3788//3788 3838//3838
f 3788//3788 3837//3837 3838//3838
f 3790//3790 3789//3789 3839//3839
f 3789//3789 3838//3838 3839//3839
f 3791//3791 3790//3790 3840//3840
f 3790//3790 3839//3839 3840//3840
f 3792//3792 3791//3791 3841//3841
f 3791//3791 3840//3840 3841//3841
f 3793//3793 3792//3792 3842//3842
f 3792//3792 3841//3841 3842//3842
f 3794//3794 3793//3793 3843//3843
f 3793//3793 3842//3842 3843//3843
f 3795//3795 3794//3794 3844//3844
f 3794//3794 3843//3843 3844//3844
f 3796//3796 3795//3795 3845//3845
f 3795//3795 3844//3844 3845//3845
f 3797//3797 3796//3796 3846//3846
f 3796//3796 3845//3845 3846//3846
f 3798//3798 3797//3797 3847//3847
f 3797//3797 3846//3846 3847//3847
f 3799//3799 3798//3798 3848//3848
f 3798//3798 3847//3847 3848//3848
f 3800//3800 3799//3799 3849//3849
f 3799//3799 3848//3848 3849//3849
f 3801//3801 3800//3800 3850//3850
f 3800//3800 3849//3849 3850//3850
f 3802//3802 3801//3801 3851//3851
f 3801//3801 3850//3850 3851//3851
f 3803//3803 3802//3802 3852//3852
f 3802//3802 3851//3851 3852//3852
f 3804//3804 3803//3803 3853//3853
f 3803//3803 3852//3852 3853//3853
f 3805//3805 3804//3804 3854//3854
f 3804//3804 3853//3853 3854//3854
f 3806//3806 3805//3805 3855//3855
f 3805//3805 3854//3854 3855//3855
f 3807//3807 3806//3806 3856//3856
f 3806//3806 3855//3855 3856//3856
f 3808//3808 3807//3807 3857//3857
f 3807//3807 3856//3856 3857//3857
f 3809//3809 3808//3808 3858//3858
f 3808//3808 3857//3857 3858//3858
f 3810//3810 3809//3809 3859//3859
f 3809//3809 3858//3858 3859//3859
f 3811//3811 3810//3810 3860//3860
f 3810//3810 3859//3859 3860//3860
f 3812//3812 3811//3811 3861//3861
f 3811//3811 3860//3860 3861//3861
f 3813//3813 3812//3812 3862//3862
f 3812//3812 3861//3861 3862//3862
f 3814//3814 3813//3813 3863//3863
f 3813//3813 3862//3862 3863//3863
f 3815//3815 3814//3814 3864//3864
f 3814//3814 3863//3863 3864//3864
f 3816//3816 3815//3815 3865//3865
f 3815//3815 3864//3864 3865//3865
f 3817//3817 3816//3816 3866//3866
f 3816//3816 3865//3865 3866//3866
f 3818//3818 3817//3817 3867//3867
f 3817//3817 3866//3866 3867//3867
f 3819//3819 3818//3818 3868//3868
f 3818//3818 3867//3867 3868//3868
f 3820//3820 3819//3819 3869//3869
f 3819//3819 3868//3868 3869//3869
f 3821//3821 3820//3820 3870//3870
f 3820//3820 3869//3869 3870//3870
f 3822//3822 3821//3821 3871//3871
f 3821//3821 3870//3870 3871//3871
f 3823//3823 3822//3822 3872//3872
f 3822//3822 3871//3871 3872//3872
f 3825//3825 3824//3824 3874//3874
f 3824//3824 3873//3873 3874//3874
f 3826//3826 3825//3825 3875//3875
f 3825//3825 3874//3874 3875//3875
f 3827//3827 3826//3826 3876//3876
f 3826//3826 3875//3875 3876//3876
f 3828//3828 3827//3827 3877//3877
f 3827//3827 3876//3876 3877//3877
f 3829//3829 3828//3828 3878//3878
f 3828//3828 3877//3877 3878//3878
f 3830//3830 3829//3829 3879//3879
f 3829//3829 3878//3878 3879//3879
f 3831//3831 3830//3830 3880//3880
f 3830//3830 3879//3879 3880//3880
f 3832//3832 3831//3831 3881//3881
f 3831//3831 3880//3880 3881//3881
f 3833//3833 3832//3832 3882//3882
f 3832//3832 3881//3881 3882//3882
f 3834//3834 3833//3833 3883//3883
f 3833//3833 3882//3882 3883//3883
f 3835//3835 3834//3834 3884//3884
f 3834//3834 3883//3883 3884//3884
f 3836//3836 3835//3835 3885//3885
f 3835//3835 3884//3884 3885//3885
f 3837//3837 3836//3836 3886//3886
f 3836//3836 3885//3885 3886//3886
f 3838//3838 3837//3837 3887//3887
f 3837//3837 3886//3886 3887//3887
f 3839//3839 3838//3838 3888//3888
f 3838//3838 3887//3887 3888//3888
f 3840//3840 3839//3839 3889//3889
f 3839//3839 3888//3888 3889//3889
f 3841//3841 3840//3840 3890//3890
f 3840//3840 3889//3889 3890//3890
f 3842//3842 3841//3841 3891//3891
f 3841//3841 3890//3890 3891//3891
f 3843//3843 3842//3842 3892//3892
f 3842//3842 3891//3891 3892//3892
f 3844//3844 3843//3843 3893//3893
f 3843//3843 3892//3892 3893//3893
f 3845//3845 3844//3844 3894//3894
f 3844//3844 3893//3893 3894//3894
f 3846//3846 3845//3845 3895//3895
f 3845//3845 3894//3894 3895//3895
f 3847//3847 3846//3846 3896//3896
f 3846//3846 3895//3895 3896//3896
f 3848//3848 3847//3847 3897//3897
f 3847//3847 3896//3896 3897//3897
f 3849//3849 3848//3848 3898//3898
f 3848//3848 3897//3897 3898//3898
f 3850//3850 3849//3849 3899//3899
f 3849//3849 3898//3898 3899//3899
f 3851//3851 3850//3850 3900//3900
f 3850//3850 3899//3899 3900//3900
f 3852//3852 3851//3851 3901//3901
f 3851//3851 3900//3900 3901//3901
f 3853//3853 3852//3852 3902//3902
f 3852//3852 3901//3901 3902//3902
f 3854//3854 3853//3853 3903//3903
f 3853//3853 3902//3902 3903//3903
f 3855//3855 3854//3854 3904//3904
f 3854//3854 3903//3903 3904//3904
f 3856//3856 3855//3855 3905//3905
f 3855//3855 3904//3904 3905//3905
f 3857//3857 3856//3856 3906//3906
f 3856//3856 3905//3905 3906//3906
f 3858//3858 3857//3857 3907//3907
f 3857//3857 3906//3906 3907//3907
f 3859//3859 3858//3858 3908//3908
f 3858//3858 3907//3907 3908//3908
f 3860//3860 3859//3859 3909//3909
f 3859//3859 3908//3908 3909//3909
f 3861//3861 3860//3860 3910//3910
f 3860//3860 3909//3909 3910//3910
f 3862//3862 3861//3861 3911//3911
f 3861//3861 3910//3910 3911//3911
f 3863//3863 3862//3862 3912//3912
f 3862//3862 3911//3911 3912//3912
f 3864//3864 3863//3863 3913//3913
f 3863//3863 3912//3912 3913//3913
f 3865//3865 3864//3864 3914//3914
f 3864//3864 3913//3913 3914//3914
f 3866//3866 3865//3865 3915//3915
f 3865//3865 3914//3914 3915//3915
f 3867//3867 3866//3866 3916//3916
f 3866//3866 3915//3915 3916//3916
f 3868//3868 3867//3867 3917//3917
f 3867//3867 3916//3916 3917//3917
f 3869//3869 3868//3868 3918//3918
f 3868//3868 3917//3917 3918//3918
f 3870//3870 3869//3869 3919//3919
f 3869//3869 3918//3918 3919//3919
f 3871//3871 3870//3870 3920//3920
f 3870//3870 3919//3919 3920//3920
f 3872//3872 3871//3871 3921//3921
f 3871//3871 3920//3920 3921//3921
f 3874//3874 3873//3873 3923//3923
f 3873//3873 3922//3922 3923//3923
f 3875//3875 3874//3874 3924//3924
f 3874//3874 3923//3923 3924//3924
f 3876//3876 3875//3875 3925//3925
f 3875//3875 3924//3924 3925//3925
f 3877//3877 3876//3876 3926//3926
f 3876//3876 3925//3925 3926//3926
f 3878//3878 3877//3877 3927//3927
f 3877//3877 3926//3926 3927//3927
f 3879//3879 3878//3878 3928//3928
f 3878//3878 3927//3927 3928//3928
f 3880//3880 3879//3879 3929//3929
f 3879//3879 3928//3928 3929//3929
f 3881//3881 3880//3880 3930//3930
f 3880//3880 3929//3929 3930//3930
f 3882//3882 3881//3881 3931//3931
f 3881//3881 3930//3930 3931//3931
f 3883//3883 3882//3882 3932//3932
f 3882//3882 3931//3931 3932//3932
f 3884//3884 3883//3883 3933//3933
f 3883//3883 3932//3932 3933//3933
f 3885//3885 3884//3884 3934//3934
f 3884//3884 3933//3933 3934//3934
f 3886//3886 3885//3885 3935//3935
f 3885//3885 3934//3934 3935//3935
f 3887//3887 3886//3886 3936//3936
f 3886//3886 3935//3935 3936//3936
f 3888//3888 3887//3887 3937//3937
f 3887//3887 3936//3936 3937//3937
f 3889//3889 3888//3888 3938//3938
f 3888//3888 3937//3937 3938//3938
f 3890//3890 3889//3889 3939//3939
f 3889//3889 3938//3938 3939//3939
f 3891//3891 3890//3890 3940//3940
f 3890//3890 3939//3939 3940//3940
f 3892//3892 3891//3891 3941//3941
f 3891//3891 3940//3940 3941//3941
f 3893//3893 3892//3892 3942//3942
f 3892//3892 3941//3941 3942//3942
f 3894//3894 3893//3893 3943//3943
f 3893//3893 3942//3942 3943//3943
f 3895//3895 3894//3894 3944//3944
f 3894//3894 3943//3943 3944//3944
f 3896//3896 3895//3895 3945//3945
f 3895//3895 3944//3944 3945//3945
f 3897//3897 3896//3896 3946//3946
f 3896//3896 3945//3945 3946//3946
f 3898//3898 3897//3897 3947//3947
f 3897//3897 3946//3946 3947//3947
f 3899//3899 3898//3898 3948//3948
f 3898//3898 3947//3947 3948//3948
f 3900//3900 3899//3899 3949//3949
f 3899//3899 3948//3948 3949//3949
f 3901//3901 3900//3900 3950//3950
f 3900//3900 3949//3949 3950//3950
f 3902//3902 3901//3901 3951//3951
f 3901//3901 3950//3950 3951//3951
f 3903//3903 3902//3902 3952//3952
f 3902//3902 3951//3951 3952//3952
f 3904//3904 3903//3903 3953//3953
f 3903//3903 3952//3952 3953//3953
f 3905//3905 3904//3904 3954//3954
f 3904//3904 3953//3953 3954//3954
f 3906//3906 3905//3905 3955//3955
f 3905//3905 3954//3954 3955//3955
f 3907//3907 3906//3906 3956//3956
f 3906//3906 3955//3955 3956//3956
f 3908//3908 3907//3907 3957//3957
f 3907//3907 3956//3956 3957//3957
f 3909//3909 3908//3908 3958//3958
f 3908//3908 3957//3957 3958//3958
f 3910//3910 3909//3909 3959//3959
f 3909//3909 3958//3958 3959//3959
f 3911//3911 3910//3910 3960//3960
f 3910//3910 3959//3959 3960//3960
f 3912//3912 3911//3911 3961//3961
f 3911//3911 3960//3960 3961//3961
f 3913//3913 3912//3912 3962//3962
f 3912//3912 3961//3961 3962//3962
f 3914//3914 3913//3913 3963//3963
f 3913//3913 3962//3962 3963//3963
f 3915//3915 3914//3914 3964//3964
f 3914//3914 3963//3963 3964//3964
f 3916//3916 3915//3915 3965//3965
f 3915//3915 3964//3964 3965//3965
f 3917//3917 3916//3916 3966//3966
f 3916//3916 3965//3965 3966//3966
f 3918//3918 3917//3917 3967//3967
f 3917//3917 3966//3966 3967//3967
f 3919//3919 3918//3918 3968//3968
f 3918//3918 3967//3967 3968//3968
f 3920//3920 3919//3919 3969//3969
f 3919//3919 3968//3968 3969//3969
f 3921//3921 3920//3920 3970//3970
f 3920//3920 3969//3969 3970//3970
f 3923//3923 3922//3922 3972//3972
f 3922//3922 3971//3971 3972//3972
f 3924//3924 3923//3923 3973//3973
f 3923//3923 3972//3972 3973//3973
f 3925//3925 3924//3924 3974//3974
f 3924//3924 3973//3973 3974//3974
f 3926//3926 3925//3925 3975//3975
f 3925//3925 3974//3974 3975//3975
f 3927//3927 3926//3926 3976//3976
f 3926//3926 3975//3975 3976//3976
f 3928//3928 3927//3927 3977//3977
f 3927//3927 3976//3976 3977//3977
f 3929//3929 3928//3928 3978//3978
f 3928//3928 3977//3977 3978//3978
f 3930//3930 3929//3929 3979//3979
f 3929//3929 3978//3978 3979//3979
f 3931//3931 3930//3930 3980//3980
f 3930//3930 3979//3979 3980//3980
f 3932//3932 3931//3931 3981//3981
f 3931//3931 3980//3980 3981//3981
f 3933//3933 3932//3932 3982//3982
f 3932//3932 3981//3981 3982//3982
f 3934//3934 3933//3933 3983//3983
f 3933//3933 3982//3982 3983//3983
f 3935//3935 3934//3934 3984//3984
f 3934//3934 3983//3983 3984//3984
f 3936//3936 3935//3935 3985//3985
f 3935//3935 3984//3984 3985//3985
f 3937//3937 3936//3936 3986//3986
f 3936//3936 3985//3985 3986//3986
f 3938//3938 3937//3937 3987//3987
f 3937//3937 3986//3986 3987//3987
f 3939//3939 3938//3938 3988//3988
f 3938//3938 3987//3987 3988//3988
f 3940//3940 3939//3939 3989//3989
f 3939//3939 3988//3988 3989//3989
f 3941//3941 3940//3940 3990//3990
f 3940//3940 3989//3989 3990//3990
f 3942//3942 3941//3941 3991//3991
f 3941//3941 3990//3990 3991//3991
f 3943//3943 3942//3942 3992//3992
f 3942//3942 3991//3991 3992//3992
f 3944//3944 3943//3943 3993//3993
f 3943//3943 3992//3992 3993//3993
f 3945//3945 3944//3944 3994//3994
f 3944//3944 3993//3993 3994//3994
f 3946//3946 3945//3945 3995//3995
f 3945//3945 3994//3994 3995//3995
f 3947//3947 3946//3946 3996//3996
f 3946//3946 3995//3995 3996//3996
f 3948//3948 3947//3947 3997//3997
f 3947//3947 3996//3996 3997//3997
f 3949//3949 3948//3948 3998//3998
f 3948//3948 3997//3997 3998//3998
f 3950//3950 3949//3949 3999//3999
f 3949//3949 3998//3998 3999//3999
f 3951//3951 3950//3950 4000//4000
f 3950//3950 3999//3999 4000//4000
f 3952//3952 3951//3951 4001//4001
f 3951//3951 4000//4000 4001//4001
f 3953//3953 3952//3952 4002//4002
f 3952//3952 4001//4001 4002//4002
f 3954//3954 3953//3953 4003//4003
f 3953//3953 4002//4002 4003//4003
f 3955//3955 3954//3954 4004//4004
f 3954//3954 4003//4003 4004//4004
f 3956//3956 3955//3955 4005//4005
f 3955//3955 4004//4004 4005//4005
f 3957//3957 3956//3956 4006//4006
f 3956//3956 4005//4005 4006//4006
f 3958//3958 3957//3957 4007//4007
f 3957//3957 4006//4006 4007//4007
f 3959//3959 3958//3958 4008//4008
f 3958//3958 4007//4007 4008//4008
f 3960//3960 3959//3959 4009//4009
f 3959//3959 4008//4008 4009//4009
f 3961//3961 3960//3960 4010//4010
f 3960//3960 4009//4009 4010//4010
f 3962//3962 3961//3961 4011//4011
f 3961//3961 4010//4010 4011//4011
f 3963//3963 3962//3962 4012//4012
f 3962//3962 4011//4011 4012//4012
f 3964//3964 3963//3963 4013//4013
f 3963//3963 4012//4012 4013//4013
f 3965//3965 3964//3964 4014//4014
f 3964//3964 4013//4013 4014//4014
f 3966//3966 3965//3965 4015//4015
f 3965//3965 4014//4014 4015//4015
f 3967//3967 3966//3966 4016//4016
f 3966//3966 4015//4015 4016//4016
f 3968//3968 3967//3967 4017//4017
f 3967//3967 4016//4016 4017//4017
f 3969//3969 3968//3968 4018//4018
f 3968//3968 4017//4017 4018//4018
f 3970//3970 3969//3969 4019//4019
f 3969//3969 4018//4018 4019//4019
f 3972//3972 3971//3971 4021//4021
f 3971//3971 4020//4020 4021//4021
f 3973//3973 3972//3972 4022//4022
f 3972//3972 4021//4021 4022//4022
f 3974//3974 3973//3973 4023//4023
f 3973//3973 4022//4022 4023//4023
f 3975//3975 3974//3974 4024//4024
f 3974//3974 4023//4023 4024//4024
f 3976//3976 3975//3975 4025//4025
f 3975//3975 4024//4024 4025//4025
f 3977//3977 3976//3976 4026//4026
f 3976//3976 4025//4025 4026//4026
f 3978//3978 3977//3977 4027//4027
f 3977//3977 4026//4026 4027//4027
f 3979//3979 3978//3978 4028//4028
f 3978//3978 4027//4027 4028//4028
f 3980//3980 3979//3979 4029//4029
f 3979//3979 4028//4028 4029//4029
f 3981//3981 3980//3980 4030//4030
f 3980//3980 4029//4029 4030//4030
f 3982//3982 3981//3981 4031//4031
f 3981//3981 4030//4030 4031//4031
f 3983//3983 3982//3982 4032//4032
f 3982//3982 4031//4031 4032//4032
f 3984//3984 3983//3983 4033//4033
f 3983//3983 4032//4032 4033//4033
f 3985//3985 3984//3984 4034//4034
f 3984//3984 4033//4033 4034//4034
f 3986//3986 3985//3985 4035//4035
f 3985//3985 4034//4034 4035//4035
f 3987//3987 3986//3986 4036//4036
f 3986//3986 4035//4035 4036//4036
f 3988//3988 3987//3987 4037//4037
f 3987//3987 4036//4036 4037//4037
f 3989//3989 3988//3988 4038//4038
f 3988//3988 4037//4037 4038//4038
f 3990//3990 3989//3989 4039//4039
f 3989//3989 4038//4038 4039//4039
f 3991//3991 3990//3990 4040//4040
f 3990//3990 4039//4039 4040//4040
f 3992//3992 3991//3991 4041//4041
f 3991//3991 4040//4040 4041//4041
f 3993//3993 3992//3992 4042//4042
f 3992//3992 4041//4041 4042//4042
f 3994//3994 3993//3993 4043//4043
f 3993//3993 4042//4042 4043//4043
f 3995//3995 3994//3994 4044//4044
f 3994//3994 4043//4043 4044//4044
f 3996//3996 3995//3995 4045//4045
f 3995//3995 4044//4044 4045//4045
f 3997//3997 3996//3996 4046//4046
f 3996//3996 4045//4045 4046//4046
f 3998//3998 3997//3997 4047//4047
f 3997//3997 4046//4046 4047//4047
f 3999//3999 3998//3998 4048//4048
f 3998//3998 4047//4047 4048//4048
f 4000//4000 3999//3999 4049//4049
f 3999//3999 4048//4048 4049//4049
f 4001//4001 4000//4000 4050//4050
f 4000//4000 4049//4049 4050//4050
f 4002//4002 4001//4001 4051//4051
f 4001//4001 4050//4050 4051//4051
f 4003//4003 4002//4002 4052//4052
f 4002//4002 4051//4051 4052//4052
f 4004//4004 4003//4003 4053//4053
f 4003//4003 4052//4052 4053//4053
f 4005//4005 4004//4004 4054//4054
f 4004//4004 4053//4053 4054//4054
f 4006//4006 4005//4005 4055//4055
f 4005//4005 4054//4054 4055//4055
f 4007//4007 4006//4006 4056//4056
f 4006//4006 4055//4055 4056//4056
f 4008//4008 4007//4007 4057//4057
f 4007//4007 4056//4056 4057//4057
f 4009//4009 4008//4008 4058//4058
f 4008//4008 4057//4057 4058//4058
f 4010//4010 4009//4009 4059//4059
f 4009//4009 4058//4058 4059//4059
f 4011//4011 4010//4010 4060//4060
f 4010//4010 4059//4059 4060//4060
f 4012//4012 4011//4011 4061//4061
f 4011//4011 4060//4060 4061//4061
f 4013//4013 4012//4012 4062//4062
f 4012//4012 4061//4061 4062//4062
f 4014//4014 4013//4013 4063//4063
f 4013//4013 4062//4062 4063//4063
f 4015//4015 4014//4014 4064//4064
f 4014//4014 4063//4063 4064//4064
f 4016//4016 4015//4015 4065//4065
f 4015//4015 4064//4064 4065//4065
f 4017//4017 4016//4016 4066//4066
f 4016//4016 4065//4065 4066//4066
f 4018//4018 4017//4017 4067//4067
f 4017//4017 4066//4066 4067//4067
f 4019//4019 4018//4018 4068//4068
f 4018//4018 4067//4067 4068//4068
f 4021//4021 4020//4020 4070//4070
f 4020//4020 4069//4069 4070//4070
f 4022//4022 4021//4021 4071//4071
f 4021//4021 4070//4070 4071//4071
f 4023//4023 4022//4022 4072//4072
f 4022//4022 4071//4071 4072//4072
f 4024//4024 4023//4023 4073//4073
f 4023//4023 4072//4072 4073//4073
f 4025//4025 4024//4024 4074//4074
f 4024//4024 4073//4073 4074//4074
f 4026//4026 4025//4025 4075//4075
f 4025//4025 4074//4074 4075//4075
f 4027//4027 4026//4026 4076//4076
f 4026//4026 4075//4075 4076//4076
f 4028//4028 4027//4027 4077//4077
f 4027//4027 4076//4076 4077//4077
f 4029//4029 4028//4028 4078//4078
f 4028//4028 4077//4077 4078//4078
f 4030//4030 4029//4029 4079//4079
f 4029//4029 4078//4078 4079//4079
f 4031//4031 4030//4030 4080//4080
f 4030//4030 4079//4079 4080//4080
f 4032//4032 4031//4031 4081//4081
f 4031//4031 4080//4080 4081//4081
f 4033//4033 4032//4032 4082//4082
f 4032//4032 4081//4081 4082//4082
f 4034//4034 4033//4033 4083//4083
f 4033//4033 4082//4082 4083//4083
f 4035//4035 4034//4034 4084//4084
f 4034//4034 4083//4083 4084//4084
f 4036//4036 4035//4035 4085//4085
f 4035//4035 4084//4084 4085//4085
f 4037//4037 4036//4036 4086//4086
f 4036//4036 4085//4085 4086//4086
f 4038//4038 4037//4037 4087//4087
f 4037//4037 4086//4086 4087//4087
f 4039//4039 4038//4038 4088//4088
f 4038//4038 4087//4087 4088//4088
f 4040//4040 4039//4039 4089//4089
f 4039//4039 4088//4088 4089//4089
f 4041//4041 4040//4040 4090//4090
f 4040//4040 4089//4089 4090//4090
f 4042//4042 4041//4041 4091//4091
f 4041//4041 4090//4090 4091//4091
f 4043//4043 4042//4042 4092//4092
f 4042//4042 4091//4091 4092//4092
f 4044//4044 4043//4043 4093//4093
f 4043//4043 4092//4092 4093//4093
f 4045//4045 4044//4044 4094//4094
f 4044//4044 4093//4093 4094//4094
f 4046//4046 4045//4045 4095//4095
f 4045//4045 4094//4094 4095//4095
f 4047//4047 4046//4046 4096//4096
f 4046//4046 4095//4095 4096//4096
f 4048//4048 4047//4047 4097//4097
f 4047//4047 4096//4096 4097//4097
f 4049//4049 4048//4048 4098//4098
f 4048//4048 4097//4097 4098//4098
f 4050//4050 4049//4049 4099//4099
f 4049//4049 4098//4098 4099//4099
f 4051//4051 4050//4050 4100//4100
f 4050//4050 4099//4099 4100//4100
f 4052//4052 4051//4051 4101//4101
f 4051//4051 4100//4100 4101//4101
f 4053//4053 4052//4052 4102//4102
f 4052//4052 4101//4101 4102//4102
f 4054//4054 4053//4053 4103//4103
f 4053//4053 4102//4102 4103//4103
f 4055//4055 4054//4054 4104//4104
f 4054//4054 4103//4103 4104//4104
f 4056//4056 4055//4055 4105//4105
f 4055//4055 4104//4104 4105//4105
f 4057//4057 4056//4056 4106//4106
f 4056//4056 4105//4105 4106//4106
f 4058//4058 4057//4057 4107//4107
f 4057//4057 4106//4106 4107//4107
f 4059//4059 4058//4058 4108//4108
f 4058//4058 4107//4107 4108//4108
f 4060//4060 4059//4059 4109//4109
f 4059//4059 4108//4108 4109//4109
f 4061//4061 4060//4060 4110//4110
f 4060//4060 4109//4109 4110//4110
f 4062//4062 4061//4061 4111//4111
f 4061//4061 4110//4110 4111//4111
f 4063//4063 4062//4062 4112//4112
f 4062//4062 4111//4111 4112//4112
f 4064//4064 4063//4063 4113//4113
f 4063//4063 4112//4112 4113//4113
f 4065//4065 4064//4064 4114//4114
f 4064//4064 4113//4113 4114//4114
f 4066//4066 4065//4065 4115//4115
f 4065//4065 4114//4114 4115//4115
f 4067//4067 4066//4066 4116//4116
f 4066//4066 4115//4115 4116//4116
f 4068//4068 4067//4067 4117//4117
f 4067//4067 4116//4116 4117//4117
f 4070//4070 4069//4069 4119//4119
f 4069//4069 4118//4118 4119//4119
f 4071//4071 4070//4070 4120//4120
f 4070//4070 4119//4119 4120//4120
f 4072//4072 4071//4071 4121//4121
f 4071//4071 4120//4120 4121//4121
f 4073//4073 4072//4072 4122//4122
f 4072//4072 4121//4121 4122//4122
f 4074//4074 4073//4073 4123//4123
f 4073//4073 4122//4122 4123//4123
f 4075//4075 4074//4074 4124//4124
f 4074//4074 4123//4123 4124//4124
f 4076//4076 4075//4075 4125//4125
f 4075//4075 4124//4124 4125//4125
f 4077//4077 4076//4076 4126//4126
f 4076//4076 4125//4125 4126//4126
f 4078//4078 4077//4077 4127//4127
f 4077//4077 4126//4126 4127//4127
f 4079//4079 4078//4078 4128//4128
f 4078//4078 4127//4127 4128//4128
f 4080//4080 4079//4079 4129//4129
f 4079//4079 4128//4128 4129//4129
f 4081//4081 4080//4080 4130//4130
f 4080//4080 4129//4129 4130//4130
f 4082//4082 4081//4081 4131//4131
f 4081//4081 4130//4130 4131//4131
f 4083//4083 4082//4082 4132//4132
f 4082//4082 4131//4131 4132//4132
f 4084//4084 4083//4083 4133//4133
f 4083//4083 4132//4132 4133//4133
f 4085//4085 4084//4084 4134//4134
f 4084//4084 4133//4133 4134//4134
f 4086//4086 4085//4085 4135//4135
f 4085//4085 4134//4134 4135//4135
f 4087//4087 4086//4086 4136//4136
f 4086//4086 4135//4135 4136//4136
f 4088//4088 4087//4087 4137//4137
f 4087//4087 4136//4136 4137//4137
f 4089//4089 4088//4088 4138//4138
f 4088//4088 4137//4137 4138//4138
f 4090//4090 4089//4089 4139//4139
f 4089//4089 4138//4138 4139//4139
f 4091//4091 4090//4090 4140//4140
f 4090//4090 4139//4139 4140//4140
f 4092//4092 4091//4091 4141//4141
f 4091//4091 4140//4140 4141//4141
f 4093//4093 4092//4092 4142//4142
f 4092//4092 4141//4141 4142//4142
f 4094//4094 4093//4093 4143//4143
f 4093//4093 4142//4142 4143//4143
f 4095//4095 4094//4094 4144//4144
f 4094//4094 4143//4143 4144//4144
f 4096//4096 4095//4095 4145//4145
f 4095//4095 4144//4144 4145//4145
f 4097//4097 4096//4096 4146//4146
f 4096//4096 4145//4145 4146//4146
f 4098//4098 4097//4097 4147//4147
f 4097//4097 4146//4146 4147//4147
f 4099//4099 4098//4098 4148//4148
f 4098//4098 4147//4147 4148//4148
f 4100//4100 4099//4099 4149//4149
f 4099//4099 4148//4148 4149//4149
f 4101//4101 4100//4100 4150//4150
f 4100//4100 4149//4149 4150//4150
f 4102//4102 4101//4101 4151//4151
f 4101//4101 4150//4150 4151//4151
f 4103//4103 4102//4102 4152//4152
f 4102//4102 4151//4151 4152//4152
f 4104//4104 4103//4103 4153//4153
f 4103//4103 4152//4152 4153//4153
f 4105//4105 4104//4104 4154//4154
f 4104//4104 4153//4153 4154//4154
f 4106//4106 4105//4105 4155//4155
f 4105//4105 4154//4154 4155//4155
f 4107//4107 4106//4106 4156//4156
f 4106//4106 4155//4155 4156//4156
f 4108//4108 4107//4107 4157//4157
f 4107//4107 4156//4156 4157//4157
f 4109//4109 4108//4108 4158//4158
f 4108//4108 4157//4157 4158//4158
f 4110//4110 4109//4109 4159//4159
f 4109//4109 4158//4158 4159//4159
f 4111//4111 4110//4110 4160//4160
f 4110//4110 4159//4159 4160//4160
f 4112//4112 4111//4111 4161//4161
f 4111//4111 4160//4160 4161//4161
f 4113//4113 4112//4112 4162//4162
f 4112//4112 4161//4161 4162//4162
f 4114//4114 4113//4113 4163//4163
f 4113//4113 4162//4162 4163//4163
f 4115//4115 4114//4114 4164//4164
f 4114//4114 4163//4163 4164//4164
f 4116//4116 4115//4115 4165//4165
f 4115//4115 4164//4164 4165//4165
f 4117//4117 4116//4116 4166//4166
f 4116//4116 4165//4165 4166//4166
f 4119//4119 4118//4118 4168//4168
f 4118//4118 4167//4167 4168//4168
f 4120//4120 4119//4119 4169//4169
f 4119//4119 4168//4168 4169//4169
f 4121//4121 4120//4120 4170//4170
f 4120//4120 4169//4169 4170//4170
f 4122//4122 4121//4121 4171//4171
f 4121//4121 4170//4170 4171//4171
f 4123//4123 4122//4122 4172//4172
f 4122//4122 4171//4171 4172//4172
f 4124//4124 4123//4123 4173//4173
f 4123//4123 4172//4172 4173//4173
f 4125//4125 4124//4124 4174//4174
f 4124//4124 4173//4173 4174//4174
f 4126//4126 4125//4125 4175//4175
f 4125//4125 4174//4174 4175//4175
f 4127//4127 4126//4126 4176//4176
f 4126//4126 4175//4175 4176//4176
f 4128//4128 4127//4127 4177//4177
f 4127//4127 4176//4176 4177//4177
f 4129//4129 4128//4128 4178//4178
f 4128//4128 4177//4177 4178//4178
f 4130//4130 4129//4129 4179//4179
f 4129//4129 4178//4178 4179//4179
f 4131//4131 4130//4130 4180//4180
f 4130//4130 4179//4179 4180//4180
f 4132//4132 4131//4131 4181//4181
f 4131//4131 4180//4180 4181//4181
f 4133//4133 4132//4132 4182//4182
f 4132//4132 4181//4181 4182//4182
f 4134//4134 4133//4133 4183//4183
f 4133//4133 4182//4182 4183//4183
f 4135//4135 4134//4134 4184//4184
f 4134//4134 4183//4183 4184//4184
f 4136//4136 4135//4135 4185//4185
f 4135//4135 4184//4184 4185//4185
f 4137//4137 4136//4136 4186//4186
f 4136//4136 4185//4185 4186//4186
f 4138//4138 4137//4137 4187//4187
f 4137//4137 4186//4186 4187//4187
f 4139//4139 4138//4138 4188//4188
f 4138//4138 4187//4187 4188//4188
f 4140//4140 4139//4139 4189//4189
f 4139//4139 4188//4188 4189//4189
f 4141//4141 4140//4140 4190//4190
f 4140//4140 4189//4189 4190//4190
f 4142//4142 4141//4141 4191//4191
f 4141//4141 4190//4190 4191//4191
f 4143//4143 4142//4142 4192//4192
f 4142//4142 4191//4191 4192//4192
f 4144//4144 4143//4143 4193//4193
f 4143//4143 4192//4192 4193//4193
f 4145//4145 4144//4144 4194//4194
f 4144//4144 4193//4193 4194//4194
f 4146//4146 4145//4145 4195//4195
f 4145//4145 4194//4194 4195//4195
f 4147//4147 4146//4146 4196//4196
f 4146//4146 4195//4195 4196//4196
f 4148//4148 4147//4147 4197//4197
f 4147//4147 4196//4196 4197//4197
f 4149//4149 4148//4148 4198//4198
f 4148//4148 4197//4197 4198//4198
f 4150//4150 4149//4149 4199//4199
f 4149//4149 4198//4198 4199//4199
f 4151//4151 4150//4150 4200//4200
f 4150//4150 4199//4199 4200//4200
f 4152//4152 4151//4151 4201//4201
f 4151//4151 4200//4200 4201//4201
f 4153//4153 4152//4152 4202//4202
f 4152//4152 4201//4201 4202//4202
f 4154//4154 4153//4153 4203//4203
f 4153//4153 4202//4202 4203//4203
f 4155//4155 4154//4154 4204//4204
f 4154//4154 4203//4203 4204//4204
f 4156//4156 4155//4155 4205//4205
f 4155//4155 4204//4204 4205//4205
f 4157//4157 4156//4156 4206//4206
f 4156//4156 4205//4205 4206//4206
f 4158//4158 4157//4157 4207//4207
f 4157//4157 4206//4206 4207//4207
f 4159//4159 4158//4158 4208//4208
f 4158//4158 4207//4207 4208//4208
f 4160//4160 4159//4159 4209//4209
f 4159//4159 4208//4208 4209//4209
f 4161//4161 4160//4160 4210//4210
f 4160//4160 4209//4209 4210//4210
f 4162//4162 4161//4161 4211//4211
f 4161//4161 4210//4210 4211//4211
f 4163//4163 4162//4162 4212//4212
f 4162//4162 4211//4211 4212//4212
f 4164//4164 4163//4163 4213//4213
f 4163//4163 4212//4212 4213//4213
f 4165//4165 4164//4164 4214//4214
f 4164//4164 4213//4213 4214//4214
f 4166//4166 4165//4165 4215//4215
f 4165//4165 4214//4214 4215//4215
f 4168//4168 4167//4167 4217//4217
f 4167//4167 4216//4216 4217//4217
f 4169//4169 4168//4168 4218//4218
f 4168//4168 4217//4217 4218//4218
f 4170//4170 4169//4169 4219//4219
f 4169//4169 4218//4218 4219//4219
f 4171//4171 4170//4170 4220//4220
f 4170//4170 4219//4219 4220//4220
f 4172//4172 4171//4171 4221//4221
f 4171//4171 4220//4220 4221//4221
f 4173//4173 4172//4172 4222//4222
f 4172//4172 4221//4221 4222//4222
f 4174//4174 4173//4173 4223//4223
f 4173//4173 4222//4222 4223//4223
f 4175//4175 4174//4174 4224//4224
f 4174//4174 4223//4223 4224//4224
f 4176//4176 4175//4175 4225//4225
f 4175//4175 4224//4224 4225//4225
f 4177//4177 4176//4176 4226//4226
f 4176//4176 4225//4225 4226//4226
f 4178//4178 4177//4177 4227//4227
f 4177//4177 4226//4226 4227//4227
f 4179//4179 4178//4178 4228//4228
f 4178//4178 4227//4227 4228//4228
f 4180//4180 4179//4179 4229//4229
f 4179//4179 4228//4228 4229//4229
f 4181//4181 4180//4180 4230//4230
f 4180//4180 4229//4229 4230//4230
f 4182//4182 4181//4181 4231//4231
f 4181//4181 4230//4230 4231//4231
f 4183//4183 4182//4182 4232//4232
f 4182//4182 4231//4231 4232//4232
f 4184//4184 4183//4183 4233//4233
f 4183//4183 4232//4232 4233//4233
f 4185//4185 4184//4184 4234//4234
f 4184//4184 4233//4233 4234//4234
f 4186//4186 4185//4185 4235//4235
f 4185//4185 4234//4234 4235//4235
f 4187//4187 4186//4186 4236//4236
f 4186//4186 4235//4235 4236//4236
f 4188//4188 4187//4187 4237//4237
f 4187//4187 4236//4236 4237//4237
f 4189//4189 4188//4188 4238//4238
f 4188//4188 4237//4237 4238//4238
f 4190//4190 4189//4189 4239//4239
f 4189//4189 4238//4238 4239//4239
f 4191//4191 4190//4190 4240//4240
f 4190//4190 4239//4239 4240//4240
f 4192//4192 4191//4191 4241//4241
f 4191//4191 4240//4240 4241//4241
f 4193//4193 4192//4192 4242//4242
f 4192//4192 4241//4241 4242//4242
f 4194//4194 4193//4193 4243//4243
f 4193//4193 4242//4242 4243//4243
f 4195//4195 4194//4194 4244//4244
f 4194//4194 4243//4243 4244//4244
f 4196//4196 4195//4195 4245//4245
f 4195//4195 4244//4244 4245//4245
f 4197//4197 4196//4196 4246//4246
f 4196//4196 4245//4245 4246//4246
f 4198//4198 4197//4197 4247//4247
f 4197//4197 4246//4246 4247//4247
f 4199//4199 4198//4198 4248//4248
f 4198//4198 4247//4247 4248//4248
f 4200//4200 4199//4199 4249//4249
f 4199//4199 4248//4248 4249//4249
f 4201//4201 4200//4200 4250//4250
f 4200//4200 4249//4249 4250//4250
f 4202//4202 4201//4201 4251//4251
f 4201//4201 4250//4250 4251//4251
f 4203//4203 4202//4202 4252//4252
f 4202//4202 4251//4251 4252//4252
f 4204//4204 4203//4203 4253//4253
f 4203//4203 4252//4252 4253//4253
f 4205//4205 4204//4204 4254//4254
f 4204//4204 4253//4253 4254//4254
f 4206//4206 4205//4205 4255//4255
f 4205//4205 4254//4254 4255//4255
f 4207//4207 4206//4206 4256//4256
f 4206//4206 4255//4255 4256//4256
f 4208//4208 4207//4207 4257//4257
f 4207//4207 4256//4256 4257//4257
f 4209//4209 4208//4208 4258//4258
f 4208//4208 4257//4257 4258//4258
f 4210//4210 4209//4209 4259//4259
f 4209//4209 4258//4258 4259//4259
f 4211//4211 4210//4210 4260//4260
f 4210//4210 4259//4259 4260//4260
f 4212//4212 4211//4211 4261//4261
f 4211//4211 4260//4260 4261//4261
f 4213//4213 4212//4212 4262//4262
f 4212//4212 4261//4261 4262//4262
f 4214//4214 4213//4213 4263//4263
f 4213//4213 4262//4262 4263//4263
f 4215//4215 4214//4214 4264//4264
f 4214//4214 4263//4263 4264//4264
f 4217//4217 4216//4216 4266//4266
f 4216//4216 4265//4265 4266//4266
f 4218//4218 4217//4217 4267//4267
f 4217//4217 4266//4266 4267//4267
f 4219//4219 4218//4218 4268//4268
f 4218//4218 4267//4267 4268//4268
f 4220//4220 4219//4219 4269//4269
f 4219//4219 4268//4268 4269//4269
f 4221//4221 4220//4220 4270//4270
f 4220//4220 4269//4269 4270//4270
f 4222//4222 4221//4221 4271//4271
f 4221//4221 4270//4270 4271//4271
f 4223//4223 4222//4222 4272//4272
f 4222//4222 4271//4271 4272//4272
f 4224//4224 4223//4223 4273//4273
f 4223//4223 4272//4272 4273//4273
f 4225//4225 4224//4224 4274//4274
f 4224//4224 4273//4273 4274//4274
f 4226//4226 4225//4225 4275//4275
f 4225//4225 4274//4274 4275//4275
f 4227//4227 4226//4226 4276//4276
f 4226//4226 4275//4275 4276//4276
f 4228//4228 4227//4227 4277//4277
f 4227//4227 4276//4276 4277//4277
f 4229//4229 4228//4228 4278//4278
f 4228//4228 4277//4277 4278//4278
f 4230//4230 4229//4229 4279//4279
f 4229//4229 4278//4278 4279//4279
f 4231//4231 4230//4230 4280//4280
f 4230//4230 4279//4279 4280//4280
f 4232//4232 4231//4231 4281//4281
f 4231//4231 4280//4280 4281//4281
f 4233//4233 4232//4232 4282//4282
f 4232//4232 4281//4281 4282//4282
f 4234//4234 4233//4233 4283//4283
f 4233//4233 4282//4282 4283//4283
f 4235//4235 4234//4234 4284//4284
f 4234//4234 4283//4283 4284//4284
f 4236//4236 4235//4235 4285//4285
f 4235//4235 4284//4284 4285//4285
f 4237//4237 4236//4236 4286//4286
f 4236//4236 4285//4285 4286//4286
f 4238//4238 4237//4237 4287//4287
f 4237//4237 4286//4286 4287//4287
f 4239//4239 4238//4238 4288//4288
f 4238//4238 4287//4287 4288//4288
f 4240//4240 4239//4239 4289//4289
f 4239//4239 4288//4288 4289//4289
f 4241//4241 4240//4240 4290//4290
f 4240//4240 4289//4289 4290//4290
f 4242//4242 4241//4241 4291//4291
f 4241//4241 4290//4290 4291//4291
f 4243//4243 4242//4242 4292//4292
f 4242//4242 4291//4291 4292//4292
f 4244//4244 4243//4243 4293//4293
f 4243//4243 4292//4292 4293//4293
f 4245//4245 4244//4244 4294//4294
f 4244//4244 4293//4293 4294//4294
f 4246//4246 4245//4245 4295//4295
f 4245//4245 4294//4294 4295//4295
f 4247//4247 4246//4246 4296//4296
f 4246//4246 4295//4295 4296//4296
f 4248//4248 4247//4247 4297//4297
f 4247//4247 4296//4296 4297//4297
f 4249//4249 4248//4248 4298//4298
f 4248//4248 4297//4297 4298//4298
f 4250//4250 4249//4249 4299//4299
f 4249//4249 4298//4298 4299//4299
f 4251//4251 4250//4250 4300//4300
f 4250//4250 4299//4299 4300//4300
f 4252//4252 4251//4251 4301//4301
f 4251//4251 4300//4300 4301//4301
f 4253//4253 4252//4252 4302//4302
f 4252//4252 4301//4301 4302//4302
f 4254//4254 4253//4253 4303//4303
f 4253//4253 4302//4302 4303//4303
f 4255//4255 4254//4254 4304//4304
f 4254//4254 4303//4303 4304//4304
f 4256//4256 4255//4255 4305//4305
f 4255//4255 4304//4304 4305//4305
f 4257//4257 4256//4256 4306//4306
f 4256//4256 4305//4305 4306//4306
f 4258//4258 4257//4257 4307//4307
f 4257//4257 4306//4306 4307//4307
f 4259//4259 4258//4258 4308//4308
f 4258//4258 4307//4307 4308//4308
f 4260//4260 4259//4259 4309//4309
f 4259//4259 4308//4308 4309//4309
f 4261//4261 4260//4260 4310//4310
f 4260//4260 4309//4309 4310//4310
f 4262//4262 4261//4261 4311//4311
f 4261//4261 4310//4310 4311//4311
f 4263//4263 4262//4262 4312//4312
f 4262//4262 4311//4311 4312//4312
f 4264//4264 4263//4263 4313//4313
f 4263//4263 4312//4312 4313//4313
f 4266//4266 4265//4265 4315//4315
f 4265//4265 4314//4314 4315//4315
f 4267//4267 4266//4266 4316//4316
f 4266//4266 4315//4315 4316//4316
f 4268//4268 4267//4267 4317//4317
f 4267//4267 4316//4316 4317//4317
f 4269//4269 4268//4268 4318//4318
f 4268//4268 4317//4317 4318//4318
f 4270//4270 4269//4269 4319//4319
f 4269//4269 4318//4318 4319//4319
f 4271//4271 4270//4270 4320//4320
f 4270//4270 4319//4319 4320//4320
f 4272//4272 4271//4271 4321//4321
f 4271//4271 4320//4320 4321//4321
f 4273//4273 4272//4272 4322//4322
f 4272//4272 4321//4321 4322//4322
f 4274//4274 4273//4273 4323//4323
f 4273//4273 4322//4322 4323//4323
f 4275//4275 4274//4274 4324//4324
f 4274//4274 4323//4323 4324//4324
f 4276//4276 4275//4275 4325//4325
f 4275//4275 4324//4324 4325//4325
f 4277//4277 4276//4276 4326//4326
f 4276//4276 4325//4325 4326//4326
f 4278//4278 4277//4277 4327//4327
f 4277//4277 4326//4326 4327//4327
f 4279//4279 4278//4278 4328//4328
f 4278//4278 4327//4327 4328//4328
f 4280//4280 4279//4279 4329//4329
f 4279//4279 4328//4328 4329//4329
f 4281//4281 4280//4280 4330//4330
f 4280//4280 4329//4329 4330//4330
f 4282//4282 4281//4281 4331//4331
f 4281//4281 4330//4330 4331//4331
f 4283//4283 4282//4282 4332//4332
f 4282//4282 4331//4331 4332//4332
f 4284//4284 4283//4283 4333//4333
f 4283//4283 4332//4332 4333//4333
f 4285//4285 4284//4284 4334//4334
f 4284//4284 4333//4333 4334//4334
f 4286//4286 4285//4285 4335//4335
f 4285//4285 4334//4334 4335//4335
f 4287//4287 4286//4286 4336//4336
f 4286//4286 4335//4335 4336//4336
f 4288//4288 4287//4287 4337//4337
f 4287//4287 4336//4336 4337//4337
f 4289//4289 4288//4288 4338//4338
f 4288//4288 4337//4337 4338//4338
f 4290//4290 4289//4289 4339//4339
f 4289//4289 4338//4338 4339//4339
f 4291//4291 4290//4290 4340//4340
f 4290//4290 4339//4339 4340//4340
f 4292//4292 4291//4291 4341//4341
f 4291//4291 4340//4340 4341//4341
f 4293//4293 4292//4292 4342//4342
f 4292//4292 4341//4341 4342//4342
f 4294//4294 4293//4293 4343//4343
f 4293//4293 4342//4342 4343//4343
f 4295//4295 4294//4294 4344//4344
f 4294//4294 4343//4343 4344//4344
f 4296//4296 4295//4295 4345//4345
f 4295//4295 4344//4344 4345//4345
f 4297//4297 4296//4296 4346//4346
f 4296//4296 4345//4345 4346//4346
f 4298//4298 4297//4297 4347//4347
f 4297//4297 4346//4346 4347//4347
f 4299//4299 4298//4298 4348//4348
f 4298//4298 4347//4347 4348//4348
f 4300//4300 4299//4299 4349//4349
f 4299//4299 4348//4348 4349//4349
f 4301//4301 4300//4300 4350//4350
f 4300//4300 4349//4349 4350//4350
f 4302//4302 4301//4301 4351//4351
f 4301//4301 4350//4350 4351//4351
f 4303//4303 4302//4302 4352//4352
f 4302//4302 4351//4351 4352//4352
f 4304//4304 4303//4303 4353//4353
f 4303//4303 4352//4352 4353//4353
f 4305//4305 4304//4304 4354//4354
f 4304//4304 4353//4353 4354//4354
f 4306//4306 4305//4305 4355//4355
f 4305//4305 4354//4354 4355//4355
f 4307//4307 4306//4306 4356//4356
f 4306//4306 4355//4355 4356//4356
f 4308//4308 4307//4307 4357//4357
f 4307//4307 4356//4356 4357//4357
f 4309//4309 4308//4308 4358//4358
f 4308//4308 4357//4357 4358//4358
f 4310//4310 4309//4309 4359//4359
f 4309//4309 4358//4358 4359//4359
f 4311//4311 4310//4310 4360//4360
f 4310//4310 4359//4359 4360//4360
f 4312//4312 4311//4311 4361//4361
f 4311//4311 4360//4360 4361//4361
f 4313//4313 4312//4312 4362//4362
f 4312//4312 4361//4361 4362//4362
f 4315//4315 4314//4314 4364//4364
f 4314//4314 4363//4363 4364//4364
f 4316//4316 4315//4315 4365//4365
f 4315//4315 4364//4364 4365//4365
f 4317//4317 4316//4316 4366//4366
f 4316//4316 4365//4365 4366//4366
f 4318//4318 4317//4317 4367//4367
f 4317//4317 4366//4366 4367//4367
f 4319//4319 4318//4318 4368//4368
f 4318//4318 4367//4367 4368//4368
f 4320//4320 4319//4319 4369//4369
f 4319//4319 4368//4368 4369//4369
f 4321//4321 4320//4320 4370//4370
f 4320//4320 4369//4369 4370//4370
f 4322//4322 4321//4321 4371//4371
f 4321//4321 4370//4370 4371//4371
f 4323//4323 4322//4322 4372//4372
f 4322//4322 4371//4371 4372//4372
f 4324//4324 4323//4323 4373//4373
f 4323//4323 4372//4372 4373//4373
f 4325//4325 4324//4324 4374//4374
f 4324//4324 4373//4373 4374//4374
f 4326//4326 4325//4325 4375//4375
f 4325//4325 4374//4374 4375//4375
f 4327//4327 4326//4326 4376//4376
f 4326//4326 4375//4375 4376//4376
f 4328//4328 4327//4327 4377//4377
f 4327//4327 4376//4376 4377//4377
f 4329//4329 4328//4328 4378//4378
f 4328//4328 4377//4377 4378//4378
f 4330//4330 4329//4329 4379//4379
f 4329//4329 4378//4378 4379//4379
f 4331//4331 4330//4330 4380//4380
f 4330//4330 4379//4379 4380//4380
f 4332//4332 4331//4331 4381//4381
f 4331//4331 4380//4380 4381//4381
f 4333//4333 4332//4332 4382//4382
f 4332//4332 4381//4381 4382//4382
f 4334//4334 4333//4333 4383//4383
f 4333//4333 4382//4382 4383//4383
f 4335//4335 4334//4334 4384//4384
f 4334//4334 4383//4383 4384//4384
f 4336//4336 4335//4335 4385//4385
f 4335//4335 4384//4384 4385//4385
f 4337//4337 4336//4336 4386//4386
f 4336//4336 4385//4385 4386//4386
f 4338//4338 4337//4337 4387//4387
f 4337//4337 4386//4386 4387//4387
f 4339//4339 4338//4338 4388//4388
f 4338//4338 4387//4387 4388//4388
f 4340//4340 4339//4339 4389//4389
f 4339//4339 4388//4388 4389//4389
f 4341//4341 4340//4340 4390//4390
f 4340//4340 4389//4389 4390//4390
f 4342//4342 4341//4341 4391//4391
f 4341//4341 4390//4390 4391//4391
f 4343//4343 4342//4342 4392//4392
f 4342//4342 4391//4391 4392//4392
f 4344//4344 4343//4343 4393//4393
f 4343//4343 4392//4392 4393//4393
f 4345//4345 4344//4344 4394//4394
f 4344//4344 4393//4393 4394//4394
f 4346//4346 4345//4345 4395//4395
f 4345//4345 4394//4394 4395//4395
f 4347//4347 4346//4346 4396//4396
f 4346//4346 4395//4395 4396//4396
f 4348//4348 4347//4347 4397//4397
f 4347//4347 4396//4396 4397//4397
f 4349//4349 4348//4348 4398//4398
f 4348//4348 4397//4397 4398//4398
f 4350//4350 4349//4349 4399//4399
f 4349//4349 4398//4398 4399//4399
f 4351//4351 4350//4350 4400//4400
f 4350//4350 4399//4399 4400//4400
f 4352//4352 4351//4351 4401//4401
f 4351//4351 4400//4400 4401//4401
f 4353//4353 4352//4352 4402//4402
f 4352//4352 4401//4401 4402//4402
f 4354//4354 4353//4353 4403//4403
f 4353//4353 4402//4402 4403//4403
f 4355//4355 4354//4354 4404//4404
f 4354//4354 4403//4403 4404//4404
f 4356//4356 4355//4355 4405//4405
f 4355//4355 4404//4404 4405//4405
f 4357//4357 4356//4356 4406//4406
f 4356//4356 4405//4405 4406//4406
f 4358//4358 4357//4357 4407//4407
f 4357//4357 4406//4406 4407//4407
f 4359//4359 4358//4358 4408//4408
f 4358//4358 4407//4407 4408//4408
f 4360//4360 4359//4359 4409//4409
f 4359//4359 4408//4408 4409//4409
f 4361//4361 4360//4360 4410//4410
f 4360//4360 4409//4409 4410//4410
f 4362//4362 4361//4361 4411//4411
f 4361//4361 4410//4410 4411//4411
f 4364//4364 4363//4363 4413//4413
f 4363//4363 4412//4412 4413//4413
f 4365//4365 4364//4364 4414//4414
f 4364//4364 4413//4413 4414//4414
f 4366//4366 4365//4365 4415//4415
f 4365//4365 4414//4414 4415//4415
f 4367//4367 4366//4366 4416//4416
f 4366//4366 4415//4415 4416//4416
f 4368//4368 4367//4367 4417//4417
f 4367//4367 4416//4416 4417//4417
f 4369//4369 4368//4368 4418//4418
f 4368//4368 4417//4417 4418//4418
f 4370//4370 4369//4369 4419//4419
f 4369//4369 4418//4418 4419//4419
f 4371//4371 4370//4370 4420//4420
f 4370//4370 4419//4419 4420//4420
f 4372//4372 4371//4371 4421//4421
f 4371//4371 4420//4420 4421//4421
f 4373//4373 4372//4372 4422//4422
f 4372//4372 4421//4421 4422//4422
f 4374//4374 4373//4373 4423//4423
f 4373//4373 4422//4422 4423//4423
f 4375//4375 4374//4374 4424//4424
f 4374//4374 4423//4423 4424//4424
f 4376//4376 4375//4375 4425//4425
f 4375//4375 4424//4424 4425//4425
f 4377//4377 4376//4376 4426//4426
f 4376//4376 4425//4425 4426//4426
f 4378//4378 4377//4377 4427//4427
f 4377//4377 4426//4426 4427//4427
f 4379//4379 4378//4378 4428//4428
f 4378//4378 4427//4427 4428//4428
f 4380//4380 4379//4379 4429//4429
f 4379//4379 4428//4428 4429//4429
f 4381//4381 4380//4380 4430//4430
f 4380//4380 4429//4429 4430//4430
f 4382//4382 4381//4381 4431//4431
f 4381//4381 4430//4430 4431//4431
f 4383//4383 4382//4382 4432//4432
f 4382//4382 4431//4431 4432//4432
f 4384//4384 4383//4383 4433//4433
f 4383//4383 4432//4432 4433//4433
f 4385//4385 4384//4384 4434//4434
f 4384//4384 4433//4433 4434//4434
f 4386//4386 4385//4385 4435//4435
f 4385//4385 4434//4434 4435//4435
f 4387//4387 4386//4386 4436//4436
f 4386//4386 4435//4435 4436//4436
f 4388//4388 4387//4387 4437//4437
f 4387//4387 4436//4436 4437//4437
f 4389//4389 4388//4388 4438//4438
f 4388//4388 4437//4437 4438//4438
f 4390//4390 4389//4389 4439//4439
f 4389//4389 4438//4438 4439//4439
f 4391//4391 4390//4390 4440//4440
f 4390//4390 4439//4439 4440//4440
f 4392//4392 4391//4391 4441//4441
f 4391//4391 4440//4440 4441//4441
f 4393//4393 4392//4392 4442//4442
f 4392//4392 4441//4441 4442//4442
f 4394//4394 4393//4393 4443//4443
f 4393//4393 4442//4442 4443//4443
f 4395//4395 4394//4394 4444//4444
f 4394//4394 4443//4443 4444//4444
f 4396//4396 4395//4395 4445//4445
f 4395//4395 4444//4444 4445//4445
f 4397//4397 4396//4396 4446//4446
f 4396//4396 4445//4445 4446//4446
f 4398//4398 4397//4397 4447//4447
f 4397//4397 4446//4446 4447//4447
f 4399//4399 4398//4398 4448//4448
f 4398//4398 4447//4447 4448//4448
f 4400//4400 4399//4399 4449//4449
f 4399//4399 4448//4448 4449//4449
f 4401//4401 4400//4400 4450//4450
f 4400//4400 4449//4449 4450//4450
f 4402//4402 4401//4401 4451//4451
f 4401//4401 4450//4450 4451//4451
f 4403//4403 4402//4402 4452//4452
f 4402//4402 4451//4451 4452//4452
f 4404//4404 4403//4403 4453//4453
f 4403//4403 4452//4452 4453//4453
f 4405//4405 4404//4404 4454//4454
f 4404//4404 4453//4453 4454//4454
f 4406//4406 4405//4405 4455//4455
f 4405//4405 4454//4454 4455//4455
f 4407//4407 4406//4406 4456//4456
f 4406//4406 4455//4455 4456//4456
f 4408//4408 4407//4407 4457//4457
f 4407//4407 4456//4456 4457//4457
f 4409//4409 4408//4408 4458//4458
f 4408//4408 4457//4457 4458//4458
f 4410//4410 4409//4409 4459//4459
f 4409//4409 4458//4458 4459//4459
f 4411//4411 4410//4410 4460//4460
f 4410//4410 4459//4459 4460//4460
f 4413//4413 4412//4412 4462//4462
f 4412//4412 4461//4461 4462//4462
f 4414//4414 4413//4413 4463//4463
f 4413//4413 4462//4462 4463//4463
f 4415//4415 4414//4414 4464//4464
f 4414//4414 4463//4463 4464//4464
f 4416//4416 4415//4415 4465//4465
f 4415//4415 4464//4464 4465//4465
f 4417//4417 4416//4416 4466//4466
f 4416//4416 4465//4465 4466//4466
f 4418//4418 4417//4417 4467//4467
f 4417//4417 4466//4466 4467//4467
f 4419//4419 4418//4418 4468//4468
f 4418//4418 4467//4467 4468//4468
f 4420//4420 4419//4419 4469//4469
f 4419//4419 4468//4468 4469//4469
f 4421//4421 4420//4420 4470//4470
f 4420//4420 4469//4469 4470//4470
f 4422//4422 4421//4421 4471//4471
f 4421//4421 4470//4470 4471//4471
f 4423//4423 4422//4422 4472//4472
f 4422//4422 4471//4471 4472//4472
f 4424//4424 4423//4423 4473//4473
f 4423//4423 4472//4472 4473//4473
f 4425//4425 4424//4424 4474//4474
f 4424//4424 4473//4473 4474//4474
f 4426//4426 4425//4425 4475//4475
f 4425//4425 4474//4474 4475//4475
f 4427//4427 4426//4426 4476//4476
f 4426//4426 4475//4475 4476//4476
f 4428//4428 4427//4427 4477//4477
f 4427//4427 4476//4476 4477//4477
f 4429//4429 4428//4428 4478//4478
f 4428//4428 4477//4477 4478//4478
f 4430//4430 4429//4429 4479//4479
f 4429//4429 4478//4478 4479//4479
f 4431//4431 4430//4430 4480//4480
f 4430//4430 4479//4479 4480//4480
f 4432//4432 4431//4431 4481//4481
f 4431//4431 4480//4480 4481//4481
f 4433//4433 4432//4432 4482//4482
f 4432//4432 4481//4481 4482//4482
f 4434//4434 4433//4433 4483//4483
f 4433//4433 4482//4482 4483//4483
f 4435//4435 4434//4434 4484//4484
f 4434//4434 4483//4483 4484//4484
f 4436//4436 4435//4435 4485//4485
f 4435//4435 4484//4484 4485//4485
f 4437//4437 4436//4436 4486//4486
f 4436//4436 4485//4485 4486//4486
f 4438//4438 4437//4437 4487//4487
f 4437//4437 4486//4486 4487//4487
f 4439//4439 4438//4438 4488//4488
f 4438//4438 4487//4487 4488//4488
f 4440//4440 4439//4439 4489//4489
f 4439//4439 4488//4488 4489//4489
f 4441//4441 4440//4440 4490//4490
f 4440//4440 4489//4489 4490//4490
f 4442//4442 4441//4441 4491//4491
f 4441//4441 4490//4490 4491//4491
f 4443//4443 4442//4442 4492//4492
f 4442//4442 4491//4491 4492//4492
f 4444//4444 4443//4443 4493//4493
f 4443//4443 4492//4492 4493//4493
f 4445//4445 4444//4444 4494//4494
f 4444//4444 4493//4493 4494//4494
f 4446//4446 4445//4445 4495//4495
f 4445//4445 4494//4494 4495//4495
f 4447//4447 4446//4446 4496//4496
f 4446//4446 4495//4495 4496//4496
f 4448//4448 4447//4447 4497//4497
f 4447//4447 4496//4496 4497//4497
f 4449//4449 4448//4448 4498//4498
f 4448//4448 4497//4497 4498//4498
f 4450//4450 4449//4449 4499//4499
f 4449//4449 4498//4498 4499//4499
f 4451//4451 4450//4450 4500//4500
f 4450//4450 4499//4499 4500//4500
f 4452//4452 4451//4451 4501//4501
f 4451//4451 4500//4500 4501//4501
f 4453//4453 4452//4452 4502//4502
f 4452//4452 4501//4501 4502//4502
f 4454//4454 4453//4453 4503//4503
f 4453//4453 4502//4502 4503//4503
f 4455//4455 4454//4454 4504//4504
f 4454//4454 4503//4503 4504//4504
f 4456//4456 4455//4455 4505//4505
f 4455//4455 4504//4504 4505//4505
f 4457//4457 4456//4456 4506//4506
f 4456//4456 4505//4505 4506//4506
f 4458//4458 4457//4457 4507//4507
f 4457//4457 4506//4506 4507//4507
f 4459//4459 4458//4458 4508//4508
f 4458//4458 4507//4507 4508//4508
f 4460//4460 4459//4459 4509//4509
f 4459//4459 4508//4508 4509//4509
f 4462//4462 4461//4461 4511//4511
f 4461//4461 4510//4510 4511//4511
f 4463//4463 4462//4462 4512//4512
f 4462//4462 4511//4511 4512//4512
f 4464//4464 4463//4463 4513//4513
f 4463//4463 4512//4512 4513//4513
f 4465//4465 4464//4464 4514//4514
f 4464//4464 4513//4513 4514//4514
f 4466//4466 4465//4465 4515//4515
f 4465//4465 4514//4514 4515//4515
f 4467//4467 4466//4466 4516//4516
f 4466//4466 4515//4515 4516//4516
f 4468//4468 4467//4467 4517//4517
f 4467//4467 4516//4516 4517//4517
f 4469//4469 4468//4468 4518//4518
f 4468//4468 4517//4517 4518//4518
f 4470//4470 4469//4469 4519//4519
f 4469//4469 4518//4518 4519//4519
f 4471//4471 4470//4470 4520//4520
f 4470//4470 4519//4519 4520//4520
f 4472//4472 4471//4471 4521//4521
f 4471//4471 4520//4520 4521//4521
f 4473//4473 4472//4472 4522//4522
f 4472//4472 4521//4521 4522//4522
f 4474//4474 4473//4473 4523//4523
f 4473//4473 4522//4522 4523//4523
f 4475//4475 4474//4474 4524//4524
f 4474//4474 4523//4523 4524//4524
f 4476//4476 4475//4475 4525//4525
f 4475//4475 4524//4524 4525//4525
f 4477//4477 4476//4476 4526//4526
f 4476//4476 4525//4525 4526//4526
f 4478//4478 4477//4477 4527//4527
f 4477//4477 4526//4526 4527//4527
f 4479//4479 4478//4478 4528//4528
f 4478//4478 4527//4527 4528//4528
f 4480//4480 4479//4479 4529//4529
f 4479//4479 4528//4528 4529//4529
f 4481//4481 4480//4480 4530//4530
f 4480//4480 4529//4529 4530//4530
f 4482//4482 4481//4481 4531//4531
f 4481//4481 4530//4530 4531//4531
f 4483//4483 4482//4482 4532//4532
f 4482//4482 4531//4531 4532//4532
f 4484//4484 4483//4483 4533//4533
f 4483//4483 4532//4532 4533//4533
f 4485//4485 4484//4484 4534//4534
f 4484//4484 4533//4533 4534//4534
f 4486//4486 4485//4485 4535//4535
f 4485//4485 4534//4534 4535//4535
f 4487//4487 4486//4486 4536//4536
f 4486//4486 4535//4535 4536//4536
f 4488//4488 4487//4487 4537//4537
f 4487//4487 4536//4536 4537//4537
f 4489//4489 4488//4488 4538//4538
f 4488//4488 4537//4537 4538//4538
f 4490//4490 4489//4489 4539//4539
f 4489//4489 4538//4538 4539//4539
f 4491//4491 4490//4490 4540//4540
f 4490//4490 4539//4539 4540//4540
f 4492//4492 4491//4491 4541//4541
f 4491//4491 4540//4540 4541//4541
f 4493//4493 4492//4492 4542//4542
f 4492//4492 4541//4541 4542//4542
f 4494//4494 4493//4493 4543//4543
f 4493//4493 4542//4542 4543//4543
f 4495//4495 4494//4494 4544//4544
f 4494//4494 4543//4543 4544//4544
f 4496//4496 4495//4495 4545//4545
f 4495//4495 4544//4544 4545//4545
f 4497//4497 4496//4496 4546//4546
f 4496//4496 4545//4545 4546//4546
f 4498//4498 4497//4497 4547//4547
f 4497//4497 4546//4546 4547//4547
f 4499//4499 4498//4498 4548//4548
f 4498//4498 4547//4547 4548//4548
f 4500//4500 4499//4499 4549//4549
f 4499//4499 4548//4548 4549//4549
f 4501//4501 4500//4500 4550//4550
f 4500//4500 4549//4549 4550//4550
f 4502//4502 4501//4501 4551//4551
f 4501//4501 4550//4550 4551//4551
f 4503//4503 4502//4502 4552//4552
f 4502//4502 4551//4551 4552//4552
f 4504//4504 4503//4503 4553//4553
f 4503//4503 4552//4552 4553//4553
f 4505//4505 4504//4504 4554//4554
f 4504//4504 4553//4553 4554//4554
f 4506//4506 4505//4505 4555//4555
f 4505//4505 4554//4554 4555//4555
f 4507//4507 4506//4506 4556//4556
f 4506//4506 4555//4555 4556//4556
f 4508//4508 4507//4507 4557//4557
f 4507//4507 4556//4556 4557//4557
f 4509//4509 4508//4508 4558//4558
f 4508//4508 4557//4557 4558//4558
f 4511//4511 4510//4510 4560//4560
f 4510//4510 4559//4559 4560//4560
f 4512//4512 4511//4511 4561//4561
f 4511//4511 4560//4560 4561//4561
f 4513//4513 4512//4512 4562//4562
f 4512//4512 4561//4561 4562//4562
f 4514//4514 4513//4513 4563//4563
f 4513//4513 4562//4562 4563//4563
f 4515//4515 4514//4514 4564//4564
f 4514//4514 4563//4563 4564//4564
f 4516//4516 4515//4515 4565//4565
f 4515//4515 4564//4564 4565//4565
f 4517//4517 4516//4516 4566//4566
f 4516//4516 4565//4565 4566//4566
f 4518//4518 4517//4517 4567//4567
f 4517//4517 4566//4566 4567//4567
f 4519//4519 4518//4518 4568//4568
f 4518//4518 4567//4567 4568//4568
f 4520//4520 4519//4519 4569//4569
f 4519//4519 4568//4568 4569//4569
f 4521//4521 4520//4520 4570//4570
f 4520//4520 4569//4569 4570//4570
f 4522//4522 4521//4521 4571//4571
f 4521//4521 4570//4570 4571//4571
f 4523//4523 4522//4522 4572//4572
f 4522//4522 4571//4571 4572//4572
f 4524//4524 4523//4523 4573//4573
f 4523//4523 4572//4572 4573//4573
f 4525//4525 4524//4524 4574//4574
f 4524//4524 4573//4573 4574//4574
f 4526//4526 4525//4525 4575//4575
f 4525//4525 4574//4574 4575//4575
f 4527//4527 4526//4526 4576//4576
f 4526//4526 4575//4575 4576//4576
f 4528//4528 4527//4527 4577//4577
f 4527//4527 4576//4576 4577//4577
f 4529//4529 4528//4528 4578//4578
f 4528//4528 4577//4577 4578//4578
f 4530//4530 4529//4529 4579//4579
f 4529//4529 4578//4578 4579//4579
f 4531//4531 4530//4530 4580//4580
f 4530//4530 4579//4579 4580//4580
f 4532//4532 4531//4531 4581//4581
f 4531//4531 4580//4580 4581//4581
f 4533//4533 4532//4532 4582//4582
f 4532//4532 4581//4581 4582//4582
f 4534//4534 4533//4533 4583//4583
f 4533//4533 4582//4582 4583//4583
f 4535//4535 4534//4534 4584//4584
f 4534//4534 4583//4583 4584//4584
f 4536//4536 4535//4535 4585//4585
f 4535//4535 4584//4584 4585//4585
f 4537//4537 4536//4536 4586//4586
f 4536//4536 4585//4585 4586//4586
f 4538//4538 4537//4537 4587//4587
f 4537//4537 4586//4586 4587//4587
f 4539//4539 4538//4538 4588//4588
f 4538//4538 4587//4587 4588//4588
f 4540//4540 4539//4539 4589//4589
f 4539//4539 4588//4588 4589//4589
f 4541//4541 4540//4540 4590//4590
f 4540//4540 4589//4589 4590//4590
f 4542//4542 4541//4541 4591//4591
f 4541//4541 4590//4590 4591//4591
f 4543//4543 4542//4542 4592//4592
f 4542//4542 4591//4591 4592//4592
f 4544//4544 4543//4543 4593//4593
f 4543//4543 4592//4592 4593//4593
f 4545//4545 4544//4544 4594//4594
f 4544//4544 4593//4593 4594//4594
f 4546//4546 4545//4545 4595//4595
f 4545//4545 4594//4594 4595//4595
f 4547//4547 4546//4546 4596//4596
f 4546//4546 4595//4595 4596//4596
f 4548//4548 4547//4547 4597//4597
f 4547//4547 4596//4596 4597//4597
f 4549//4549 4548//4548 4598//4598
f 4548//4548 4597//4597 4598//4598
f 4550//4550 4549//4549 4599//4599
f 4549//4549 4598//4598 4599//4599
f 4551//4551 4550//4550 4600//4600
f 4550//4550 4599//4599 4600//4600
f 4552//4552 4551//4551 4601//4601
f 4551//4551 4600//4600 4601//4601
f 4553//4553 4552//4552 4602//4602
f 4552//4552 4601//4601 4602//4602
f 4554//4554 4553//4553 4603//4603
f 4553//4553 4602//4602 4603//4603
f 4555//4555 4554//4554 4604//4604
f 4554//4554 4603//4603 4604//4604
f 4556//4556 4555//4555 4605//4605
f 4555//4555 4604//4604 4605//4605
f 4557//4557 4556//4556 4606//4606
f 4556//4556 4605//4605 4606//4606
f 4558//4558 4557//4557 4607//4607
f 4557//4557 4606//4606 4607//4607
f 4560//4560 4559//4559 4609//4609
f 4559//4559 4608//4608 4609//4609
f 4561//4561 4560//4560 4610//4610
f 4560//4560 4609//4609 4610//4610
f 4562//4562 4561//4561 4611//4611
f 4561//4561 4610//4610 4611//4611
f 4563//4563 4562//4562 4612//4612
f 4562//4562 4611//4611 4612//4612
f 4564//4564 4563//4563 4613//4613
f 4563//4563 4612//4612 4613//4613
f 4565//4565 4564//4564 4614//4614
f 4564//4564 4613//4613 4614//4614
f 4566//4566 4565//4565 4615//4615
f 4565//4565 4614//4614 4615//4615
f 4567//4567 4566//4566 4616//4616
f 4566//4566 4615//4615 4616//4616
f 4568//4568 4567//4567 4617//4617
f 4567//4567 4616//4616 4617//4617
f 4569//4569 4568//4568 4618//4618
f 4568//4568 4617//4617 4618//4618
f 4570//4570 4569//4569 4619//4619
f 4569//4569 4618//4618 4619//4619
f 4571//4571 4570//4570 4620//4620
f 4570//4570 4619//4619 4620//4620
f 4572//4572 4571//4571 4621//4621
f 4571//4571 4620//4620 4621//4621
f 4573//4573 4572//4572 4622//4622
f 4572//4572 4621//4621 4622//4622
f 4574//4574 4573//4573 4623//4623
f 4573//4573 4622//4622 4623//4623
f 4575//4575 4574//4574 4624//4624
f 4574//4574 4623//4623 4624//4624
f 4576//4576 4575//4575 4625//4625
f 4575//4575 4624//4624 4625//4625
f 4577//4577 4576//4576 4626//4626
f 4576//4576 4625//4625 4626//4626
f 4578//4578 4577//4577 4627//4627
f 4577//4577 4626//4626 4627//4627
f 4579//4579 4578//4578 4628//4628
f 4578//4578 4627//4627 4628//4628
f 4580//4580 4579//4579 4629//4629
f 4579//4579 4628//4628 4629//4629
f 4581//4581 4580//4580 4630//4630
f 4580//4580 4629//4629 4630//4630
f 4582//4582 4581//4581 4631//4631
f 4581//4581 4630//4630 4631//4631
f 4583//4583 4582//4582 4632//4632
f 4582//4582 4631//4631 4632//4632
f 4584//4584 4583//4583 4633//4633
f 4583//4583 4632//4632 4633//4633
f 4585//4585 4584//4584 4634//4634
f 4584//4584 4633//4633 4634//4634
f 4586//4586 4585//4585 4635//4635
f 4585//4585 4634//4634 4635//4635
f 4587//4587 4586//4586 4636//4636
f 4586//4586 4635//4635 4636//4636
f 4588//4588 4587//4587 4637//4637
f 4587//4587 4636//4636 4637//4637
f 4589//4589 4588//4588 4638//4638
f 4588//4588 4637//4637 4638//4638
f 4590//4590 4589//4589 4639//4639
f 4589//4589 4638//4638 4639//4639
f 4591//4591 4590//4590 4640//4640
f 4590//4590 4639//4639 4640//4640
f 4592//4592 4591//4591 4641//4641
f 4591//4591 4640//4640 4641//4641
f 4593//4593 4592//4592 4642//4642
f 4592//4592 4641//4641 4642//4642
f 4594//4594 4593//4593 4643//4643
f 4593//4593 4642//4642 4643//4643
f 4595//4595 4594//4594 4644//4644
f 4594//4594 4643//4643 4644//4644
f 4596//4596 4595//4595 4645//4645
f 4595//4595 4644//4644 4645//4645
f 4597//4597 4596//4596 4646//4646
f 4596//4596 4645//4645 4646//4646
f 4598//4598 4597//4597 4647//4647
f 4597//4597 4646//4646 4647//4647
f 4599//4599 4598//4598 4648//4648
f 4598//4598 4647//4647 4648//4648
f 4600//4600 4599//4599 4649//4649
f 4599//4599 4648//4648 4649//4649
f 4601//4601 4600//4600 4650//4650
f 4600//4600 4649//4649 4650//4650
f 4602//4602 4601//4601 4651//4651
f 4601//4601 4650//4650 4651//4651
f 4603//4603 4602//4602 4652//4652
f 4602//4602 4651//4651 4652//4652
f 4604//4604 4603//4603 4653//4653
f 4603//4603 4652//4652 4653//4653
f 4605//4605 4604//4604 4654//4654
f 4604//4604 4653//4653 4654//4654
f 4606//4606 4605//4605 4655//4655
f 4605//4605 4654//4654 4655//4655
f 4607//4607 4606//4606 4656//4656
f 4606//4606 4655//4655 4656//4656
f 4609//4609 4608//4608 4658//4658
f 4608//4608 4657//4657 4658//4658
f 4610//4610 4609//4609 4659//4659
f 4609//4609 4658//4658 4659//4659
f 4611//4611 4610//4610 4660//4660
f 4610//4610 4659//4659 4660//4660
f 4612//4612 4611//4611 4661//4661
f 4611//4611 4660//4660 4661//4661
f 4613//4613 4612//4612 4662//4662
f 4612//4612 4661//4661 4662//4662
f 4614//4614 4613//4613 4663//4663
f 4613//4613 4662//4662 4663//4663
f 4615//4615 4614//4614 4664//4664
f 4614//4614 4663//4663 4664//4664
f 4616//4616 4615//4615 4665//4665
f 4615//4615 4664//4664 4665//4665
f 4617//4617 4616//4616 4666//4666
f 4616//4616 4665//4665 4666//4666
f 4618//4618 4617//4617 4667//4667
f 4617//4617 4666//4666 4667//4667
f 4619//4619 4618//4618 4668//4668
f 4618//4618 4667//4667 4668//4668
f 4620//4620 4619//4619 4669//4669
f 4619//4619 4668//4668 4669//4669
f 4621//4621 4620//4620 4670//4670
f 4620//4620 4669//4669 4670//4670
f 4622//4622 4621//4621 4671//4671
f 4621//4621 4670//4670 4671//4671
f 4623//4623 4622//4622 4672//4672
f 4622//4622 4671//4671 4672//4672
f 4624//4624 4623//4623 4673//4673
f 4623//4623 4672//4672 4673//4673
f 4625//4625 4624//4624 4674//4674
f 4624//4624 4673//4673 4674//4674
f 4626//4626 4625//4625 4675//4675
f 4625//4625 4674//4674 4675//4675
f 4627//4627 4626//4626 4676//4676
f 4626//4626 4675//4675 4676//4676
f 4628//4628 4627//4627 4677//4677
f 4627//4627 4676//4676 4677//4677
f 4629//4629 4628//4628 4678//4678
f 4628//4628 4677//4677 4678//4678
f 4630//4630 4629//4629 4679//4679
f 4629//4629 4678//4678 4679//4679
f 4631//4631 4630//4630 4680//4680
f 4630//4630 4679//4679 4680//4680
f 4632//4632 4631//4631 4681//4681
f 4631//4631 4680//4680 4681//4681
f 4633//4633 4632//4632 4682//4682
f 4632//4632 4681//4681 4682//4682
f 4634//4634 4633//4633 4683//4683
f 4633//4633 4682//4682 4683//4683
f 4635//4635 4634//4634 4684//4684
f 4634//4634 4683//4683 4684//4684
f 4636//4636 4635//4635 4685//4685
f 4635//4635 4684//4684 4685//4685
f 4637//4637 4636//4636 4686//4686
f 4636//4636 4685//4685 4686//4686
f 4638//4638 4637//4637 4687//4687
f 4637//4637 4686//4686 4687//4687
f 4639//4639 4638//4638 4688//4688
f 4638//4638 4687//4687 4688//4688
f 4640//4640 4639//4639 4689//4689
f 4639//4639 4688//4688 4689//4689
f 4641//4641 4640//4640 4690//4690
f 4640//4640 4689//4689 4690//4690
f 4642//4642 4641//4641 4691//4691
f 4641//4641 4690//4690 4691//4691
f 4643//4643 4642//4642 4692//4692
f 4642//4642 4691//4691 4692//4692
f 4644//4644 4643//4643 4693//4693
f 4643//4643 4692//4692 4693//4693
f 4645//4645 4644//4644 4694//4694
f 4644//4644 4693//4693 4694//4694
f 4646//4646 4645//4645 4695//4695
f 4645//4645 4694//4694 4695//4695
f 4647//4647 4646//4646 4696//4696
f 4646//4646 4695//4695 4696//4696
f 4648//4648 4647//4647 4697//4697
f 4647//4647 4696//4696 4697//4697
f 4649//4649 4648//4648 4698//4698
f 4648//4648 4697//4697 4698//4698
f 4650//4650 4649//4649 4699//4699
f 4649//4649 4698//4698 4699//4699
f 4651//4651 4650//4650 4700//4700
f 4650//4650 4699//4699 4700//4700
f 4652//4652 4651//4651 4701//4701
f 4651//4651 4700//4700 4701//4701
f 4653//4653 4652//4652 4702//4702
f 4652//4652 4701//4701 4702//4702
f 4654//4654 4653//4653 4703//4703
f 4653//4653 4702//4702 4703//4703
f 4655//4655 4654//4654 4704//4704
f 4654//4654 4703//4703 4704//4704
f 4656//4656 4655//4655 4705//4705
f 4655//4655 4704//4704 4705//4705
f 4658//4658 4657//4657 4707//4707
f 4657//4657 4706//4706 4707//4707
f 4659//4659 4658//4658 4708//4708
f 4658//4658 4707//4707 4708//4708
f 4660//4660 4659//4659 4709//4709
f 4659//4659 4708//4708 4709//4709
f 4661//4661 4660//4660 4710//4710
f 4660//4660 4709//4709 4710//4710
f 4662//4662 4661//4661 4711//4711
f 4661//4661 4710//4710 4711//4711
f 4663//4663 4662//4662 4712//4712
f 4662//4662 4711//4711 4712//4712
f 4664//4664 4663//4663 4713//4713
f 4663//4663 4712//4712 4713//4713
f 4665//4665 4664//4664 4714//4714
f 4664//4664 4713//4713 4714//4714
f 4666//4666 4665//4665 4715//4715
f 4665//4665 4714//4714 4715//4715
f 4667//4667 4666//4666 4716//4716
f 4666//4666 4715//4715 4716//4716
f 4668//4668 4667//4667 4717//4717
f 4667//4667 4716//4716 4717//4717
f 4669//4669 4668//4668 4718//4718
f 4668//4668 4717//4717 4718//4718
f 4670//4670 4669//4669 4719//4719
f 4669//4669 4718//4718 4719//4719
f 4671//4671 4670//4670 4720//4720
f 4670//4670 4719//4719 4720//4720
f 4672//4672 4671//4671 4721//4721
f 4671//4671 4720//4720 4721//4721
f 4673//4673 4672//4672 4722//4722
f 4672//4672 4721//4721 4722//4722
f 4674//4674 4673//4673 4723//4723
f 4673//4673 4722//4722 4723//4723
f 4675//4675 4674//4674 4724//4724
f 4674//4674 4723//4723 4724//4724
f 4676//4676 4675//4675 4725//4725
f 4675//4675 4724//4724 4725//4725
f 4677//4677 4676//4676 4726//4726
f 4676//4676 4725//4725 4726//4726
f 4678//4678 4677//4677 4727//4727
f 4677//4677 4726//4726 4727//4727
f 4679//4679 4678//4678 4728//4728
f 4678//4678 4727//4727 4728//4728
f 4680//4680 4679//4679 4729//4729
f 4679//4679 4728//4728 4729//4729
f 4681//4681 4680//4680 4730//4730
f 4680//4680 4729//4729 4730//4730
f 4682//4682 4681//4681 4731//4731
f 4681//4681 4730//4730 4731//4731
f 4683//4683 4682//4682 4732//4732
f 4682//4682 4731//4731 4732//4732
f 4684//4684 4683//4683 4733//4733
f 4683//4683 4732//4732 4733//4733
f 4685//4685 4684//4684 4734//4734
f 4684//4684 4733//4733 4734//4734
f 4686//4686 4685//4685 4735//4735
f 4685//4685 4734//4734 4735//4735
f 4687//4687 4686//4686 4736//4736
f 4686//4686 4735//4735 4736//4736
f 4688//4688 4687//4687 4737//4737
f 4687//4687 4736//4736 4737//4737
f 4689//4689 4688//4688 4738//4738
f 4688//4688 4737//4737 4738//4738
f 4690//4690 4689//4689 4739//4739
f 4689//4689 4738//4738 4739//4739
f 4691//4691 4690//4690 4740//4740
f 4690//4690 4739//4739 4740//4740
f 4692//4692 4691//4691 4741//4741
f 4691//4691 4740//4740 4741//4741
f 4693//4693 4692//4692 4742//4742
f 4692//4692 4741//4741 4742//4742
f 4694//4694 4693//4693 4743//4743
f 4693//4693 4742//4742 4743//4743
f 4695//4695 4694//4694 4744//4744
f 4694//4694 4743//4743 4744//4744
f 4696//4696 4695//4695 4745//4745
f 4695//4695 4744//4744 4745//4745
f 4697//4697 4696//4696 4746//4746
f 4696//4696 4745//4745 4746//4746
f 4698//4698 4697//4697 4747//4747
f 4697//4697 4746//4746 4747//4747
f 4699//4699 4698//4698 4748//4748
f 4698//4698 4747//4747 4748//4748
f 4700//4700 4699//4699 4749//4749
f 4699//4699 4748//4748 4749//4749
f 4701//4701 4700//4700 4750//4750
f 4700//4700 4749//4749 4750//4750
f 4702//4702 4701//4701 4751//4751
f 4701//4701 4750//4750 4751//4751
f 4703//4703 4702//4702 4752//4752
f 4702//4702 4751//4751 4752//4752
f 4704//4704 4703//4703 4753//4753
f 4703//4703 4752//4752 4753//4753
f 4705//4705 4704//4704 4754//4754
f 4704//4704 4753//4753 4754//4754
f 4707//4707 4706//4706 4756//4756
f 4706//4706 4755//4755 4756//4756
f 4708//4708 4707//4707 4757//4757
f 4707//4707 4756//4756 4757//4757
f 4709//4709 4708//4708 4758//4758
f 4708//4708 4757//4757 4758//4758
f 4710//4710 4709//4709 4759//4759
f 4709//4709 4758//4758 4759//4759
f 4711//4711 4710//4710 4760//4760
f 4710//4710 4759//4759 4760//4760
f 4712//4712 4711//4711 4761//4761
f 4711//4711 4760//4760 4761//4761
f 4713//4713 4712//4712 4762//4762
f 4712//4712 4761//4761 4762//4762
f 4714//4714 4713//4713 4763//4763
f 4713//4713 4762//4762 4763//4763
f 4715//4715 4714//4714 4764//4764
f 4714//4714 4763//4763 4764//4764
f 4716//4716 4715//4715 4765//4765
f 4715//4715 4764//4764 4765//4765
f 4717//4717 4716//4716 4766//4766
f 4716//4716 4765//4765 4766//4766
f 4718//4718 4717//4717 4767//4767
f 4717//4717 4766//4766 4767//4767
f 4719//4719 4718//4718 4768//4768
f 4718//4718 4767//4767 4768//4768
f 4720//4720 4719//4719 4769//4769
f 4719//4719 4768//4768 4769//4769
f 4721//4721 4720//4720 4770//4770
f 4720//4720 4769//4769 4770//4770
f 4722//4722 4721//4721 4771//4771
f 4721//4721 4770//4770 4771//4771
f 4723//4723 4722//4722 4772//4772
f 4722//4722 4771//4771 4772//4772
f 4724//4724 4723//4723 4773//4773
f 4723//4723 4772//4772 4773//4773
f 4725//4725 4724//4724 4774//4774
f 4724//4724 4773//4773 4774//4774
f 4726//4726 4725//4725 4775//4775
f 4725//4725 4774//4774 4775//4775
f 4727//4727 4726//4726 4776//4776
f 4726//4726 4775//4775 4776//4776
f 4728//4728 4727//4727 4777//4777
f 4727//4727 4776//4776 4777//4777
f 4729//4729 4728//4728 4778//4778
f 4728//4728 4777//4777 4778//4778
f 4730//4730 4729//4729 4779//4779
f 4729//4729 4778//4778 4779//4779
f 4731//4731 4730//4730 4780//4780
f 4730//4730 4779//4779 4780//4780
f 4732//4732 4731//4731 4781//4781
f 4731//4731 4780//4780 4781//4781
f 4733//4733 4732//4732 4782//4782
f 4732//4732 4781//4781 4782//4782
f 4734//4734 4733//4733 4783//4783
f 4733//4733 4782//4782 4783//4783
f 4735//4735 4734//4734 4784//4784
f 4734//4734 4783//4783 4784//4784
f 4736//4736 4735//4735 4785//4785
f 4735//4735 4784//4784 4785//4785
f 4737//4737 4736//4736 4786//4786
f 4736//4736 4785//4785 4786//4786
f 4738//4738 4737//4737 4787//4787
f 4737//4737 4786//4786 4787//4787
f 4739//4739 4738//4738 4788//4788
f 4738//4738 4787//4787 4788//4788
f 4740//4740 4739//4739 4789//4789
f 4739//4739 4788//4788 4789//4789
f 4741//4741 4740//4740 4790//4790
f 4740//4740 4789//4789 4790//4790
f 4742//4742 4741//4741 4791//4791
f 4741//4741 4790//4790 4791//4791
f 4743//4743 4742//4742 4792//4792
f 4742//4742 4791//4791 4792//4792
f 4744//4744 4743//4743 4793//4793
f 4743//4743 4792//4792 4793//4793
f 4745//4745 4744//4744 4794//4794
f 4744//4744 4793//4793 4794//4794
f 4746//4746 4745//4745 4795//4795
f 4745//4745 4794//4794 4795//4795
f 4747//4747 4746//4746 4796//4796
f 4746//4746 4795//4795 4796//4796
f 4748//4748 4747//4747 4797//4797
f 4747//4747 4796//4796 4797//4797
f 4749//4749 4748//4748 4798//4798
f 4748//4748 4797//4797 4798//4798
f 4750//4750 4749//4749 4799//4799
f 4749//4749 4798//4798 4799//4799
f 4751//4751 4750//4750 4800//4800
f 4750//4750 4799//4799 4800//4800
f 4752//4752 4751//4751 4801//4801
f 4751//4751 4800//4800 4801//4801
f 4753//4753 4752//4752 4802//4802
f 4752//4752 4801//4801 4802//4802
f 4754//4754 4753//4753 4803//4803
f 4753//4753 4802//4802 4803//4803
f 4756//4756 4755//4755 4805//4805
f 4755//4755 4804//4804 4805//4805
f 4757//4757 4756//4756 4806//4806
f 4756//4756 4805//4805 4806//4806
f 4758//4758 4757//4757 4807//4807
f 4757//4757 4806//4806 4807//4807
f 4759//4759 4758//4758 4808//4808
f 4758//4758 4807//4807 4808//4808
f 4760//4760 4759//4759 4809//4809
f 4759//4759 4808//4808 4809//4809
f 4761//4761 4760//4760 4810//4810
f 4760//4760 4809//4809 4810//4810
f 4762//4762 4761//4761 4811//4811
f 4761//4761 4810//4810 4811//4811
f 4763//4763 4762//4762 4812//4812
f 4762//4762 4811//4811 4812//4812
f 4764//4764 4763//4763 4813//4813
f 4763//4763 4812//4812 4813//4813
f 4765//4765 4764//4764 4814//4814
f 4764//4764 4813//4813 4814//4814
f 4766//4766 4765//4765 4815//4815
f 4765//4765 4814//4814 4815//4815
f 4767//4767 4766//4766 4816//4816
f 4766//4766 4815//4815 4816//4816
f 4768//4768 4767//4767 4817//4817
f 4767//4767 4816//4816 4817//4817
f 4769//4769 4768//4768 4818//4818
f 4768//4768 4817//4817 4818//4818
f 4770//4770 4769//4769 4819//4819
f 4769//4769 4818//4818 4819//4819
f 4771//4771 4770//4770 4820//4820
f 4770//4770 4819//4819 4820//4820
f 4772//4772 4771//4771 4821//4821
f 4771//4771 4820//4820 4821//4821
f 4773//4773 4772//4772 4822//4822
f 4772//4772 4821//4821 4822//4822
f 4774//4774 4773//4773 4823//4823
f 4773//4773 4822//4822 4823//4823
f 4775//4775 4774//4774 4824//4824
f 4774//4774 4823//4823 4824//4824
f 4776//4776 4775//4775 4825//4825
f 4775//4775 4824//4824 4825//4825
f 4777//4777 4776//4776 4826//4826
f 4776//4776 4825//4825 4826//4826
f 4778//4778 4777//4777 4827//4827
f 4777//4777 4826//4826 4827//4827
f 4779//4779 4778//4778 4828//4828
f 4778//4778 4827//4827 4828//4828
f 4780//4780 4779//4779 4829//4829
f 4779//4779 4828//4828 4829//4829
f 4781//4781 4780//4780 4830//4830
f 4780//4780 4829//4829 4830//4830
f 4782//4782 4781//4781 4831//4831
f 4781//4781 4830//4830 4831//4831
f 4783//4783 4782//4782 4832//4832
f 4782//4782 4831//4831 4832//4832
f 4784//4784 4783//4783 4833//4833
f 4783//4783 4832//4832 4833//4833
f 4785//4785 4784//4784 4834//4834
f 4784//4784 4833//4833 4834//4834
f 4786//4786 4785//4785 4835//4835
f 4785//4785 4834//4834 4835//4835
f 4787//4787 4786//4786 4836//4836
f 4786//4786 4835//4835 4836//4836
f 4788//4788 4787//4787 4837//4837
f 4787//4787 4836//4836 4837//4837
f 4789//4789 4788//4788 4838//4838
f 4788//4788 4837//4837 4838//4838
f 4790//4790 4789//4789 4839//4839
f 4789//4789 4838//4838 4839//4839
f 4791//4791 4790//4790 4840//4840
f 4790//4790 4839//4839 4840//4840
f 4792//4792 4791//4791 4841//4841
f 4791//4791 4840//4840 4841//4841
f 4793//4793 4792//4792 4842//4842
f 4792//4792 4841//4841 4842//4842
f 4794//4794 4793//4793 4843//4843
f 4793//4793 4842//4842 4843//4843
f 4795//4795 4794//4794 4844//4844
f 4794//4794 4843//4843 4844//4844
f 4796//4796 4795//4795 4845//4845
f 4795//4795 4844//4844 4845//4845
f 4797//4797 4796//4796 4846//4846
f 4796//4796 4845//4845 4846//4846
f 4798//4798 4797//4797 4847//4847
f 4797//4797 4846//4846 4847//4847
f 4799//4799 4798//4798 4848//4848
f 4798//4798 4847//4847 4848//4848
f 4800//4800 4799//4799 4849//4849
f 4799//4799 4848//4848 4849//4849
f 4801//4801 4800//4800 4850//4850
f 4800//4800 4849//4849 4850//4850
f 4802//4802 4801//4801 4851//4851
f 4801//4801 4850//4850 4851//4851
f 4803//4803 4802//4802 4852//4852
f 4802//4802 4851//4851 4852//4852
f 4805//4805 4804//4804 4854//4854
f 4804//4804 4853//4853 4854//4854
f 4806//4806 4805//4805 4855//4855
f 4805//4805 4854//4854 4855//4855
f 4807//4807 4806//4806 4856//4856
f 4806//4806 4855//4855 4856//4856
f 4808//4808 4807//4807 4857//4857
f 4807//4807 4856//4856 4857//4857
f 4809//4809 4808//4808 4858//4858
f 4808//4808 4857//4857 4858//4858
f 4810//4810 4809//4809 4859//4859
f 4809//4809 4858//4858 4859//4859
f 4811//4811 4810//4810 4860//4860
f 4810//4810 4859//4859 4860//4860
f 4812//4812 4811//4811 4861//4861
f 4811//4811 4860//4860 4861//4861
f 4813//4813 4812//4812 4862//4862
f 4812//4812 4861//4861 4862//4862
f 4814//4814 4813//4813 4863//4863
f 4813//4813 4862//4862 4863//4863
f 4815//4815 4814//4814 4864//4864
f 4814//4814 4863//4863 4864//4864
f 4816//4816 4815//4815 4865//4865
f 4815//4815 4864//4864 4865//4865
f 4817//4817 4816//4816 4866//4866
f 4816//4816 4865//4865 4866//4866
f 4818//4818 4817//4817 4867//4867
f 4817//4817 4866//4866 4867//4867
f 4819//4819 4818//4818 4868//4868
f 4818//4818 4867//4867 4868//4868
f 4820//4820 4819//4819 4869//4869
f 4819//4819 4868//4868 4869//4869
f 4821//4821 4820//4820 4870//4870
f 4820//4820 4869//4869 4870//4870
f 4822//4822 4821//4821 4871//4871
f 4821//4821 4870//4870 4871//4871
f 4823//4823 4822//4822 4872//4872
f 4822//4822 4871//4871 4872//4872
f 4824//4824 4823//4823 4873//4873
f 4823//4823 4872//4872 4873//4873
f 4825//4825 4824//4824 4874//4874
f 4824//4824 4873//4873 4874//4874
f 4826//4826 4825//4825 4875//4875
f 4825//4825 4874//4874 4875//4875
f 4827//4827 4826//4826 4876//4876
f 4826//4826 4875//4875 4876//4876
f 4828//4828 4827//4827 4877//4877
f 4827//4827 4876//4876 4877//4877
f 4829//4829 4828//4828 4878//4878
f 4828//4828 4877//4877 4878//4878
f 4830//4830 4829//4829 4879//4879
f 4829//4829 4878//4878 4879//4879
f 4831//4831 4830//4830 4880//4880
f 4830//4830 4879//4879 4880//4880
f 4832//4832 4831//4831 4881//4881
f 4831//4831 4880//4880 4881//4881
f 4833//4833 4832//4832 4882//4882
f 4832//4832 4881//4881 4882//4882
f 4834//4834 4833//4833 4883//4883
f 4833//4833 4882//4882 4883//4883
f 4835//4835 4834//4834 4884//4884
f 4834//4834 4883//4883 4884//4884
f 4836//4836 4835//4835 4885//4885
f 4835//4835 4884//4884 4885//4885
f 4837//4837 4836//4836 4886//4886
f 4836//4836 4885//4885 4886//4886
f 4838//4838 4837//4837 4887//4887
f 4837//4837 4886//4886 4887//4887
f 4839//4839 4838//4838 4888//4888
f 4838//4838 4887//4887 4888//4888
f 4840//4840 4839//4839 4889//4889
f 4839//4839 4888//4888 4889//4889
f 4841//4841 4840//4840 4890//4890
f 4840//4840 4889//4889 4890//4890
f 4842//4842 4841//4841 4891//4891
f 4841//4841 4890//4890 4891//4891
f 4843//4843 4842//4842 4892//4892
f 4842//4842 4891//4891 4892//4892
f 4844//4844 4843//4843 4893//4893
f 4843//4843 4892//4892 4893//4893
f 4845//4845 4844//4844 4894//4894
f 4844//4844 4893//4893 4894//4894
f 4846//4846 4845//4845 4895//4895
f 4845//4845 4894//4894 4895//4895
f 4847//4847 4846//4846 4896//4896
f 4846//4846 4895//4895 4896//4896
f 4848//4848 4847//4847 4897//4897
f 4847//4847 4896//4896 4897//4897
f 4849//4849 4848//4848 4898//4898
f 4848//4848 4897//4897 4898//4898
f 4850//4850 4849//4849 4899//4899
f 4849//4849 4898//4898 4899//4899
f 4851//4851 4850//4850 4900//4900
f 4850//4850 4899//4899 4900//4900
f 4852//4852 4851//4851 4901//4901
f 4851//4851 4900//4900 4901//4901
f 4854//4854 4853//4853 4903//4903
f 4855//4855 4854//4854 4904//4904
f 4856//4856 4855//4855 4905//4905
f 4857//4857 4856//4856 4906//4906
f 4858//4858 4857//4857 4907//4907
f 4859//4859 4858//4858 4908//4908
f 4860//4860 4859//4859 4909//4909
f 4861//4861 4860//4860 4910//4910
f 4862//4862 4861//4861 4911//4911
f 4863//4863 4862//4862 4912//4912
f 4864//4864 4863//4863 4913//4913
f 4865//4865 4864//4864 4914//4914
f 4866//4866 4865//4865 4915//4915
f 4867//4867 4866//4866 4916//4916
f 4868//4868 4867//4867 4917//4917
f 4869//4869 4868//4868 4918//4918
f 4870//4870 4869//4869 4919//4919
f 4871//4871 4870//4870 4920//4920
f 4872//4872 4871//4871 4921//4921
f 4873//4873 4872//4872 4922//4922
f 4874//4874 4873//4873 4923//4923
f 4875//4875 4874//4874 4924//4924
f 4876//4876 4875//4875 4925//4925
f 4877//4877 4876//4876 4926//4926
f 4878//4878 4877//4877 4927//4927
f 4879//4879 4878//4878 4928//4928
f 4880//4880 4879//4879 4929//4929
f 4881//4881 4880//4880 4930//4930
f 4882//4882 4881//4881 4931//4931
f 4883//4883 4882//4882 4932//4932
f 4884//4884 4883//4883 4933//4933
f 4885//4885 4884//4884 4934//4934
f 4886//4886 4885//4885 4935//4935
f 4887//4887 4886//4886 4936//4936
f 4888//4888 4887//4887 4937//4937
f 4889//4889 4888//4888 4938//4938
f 4890//4890 4889//4889 4939//4939
f 4891//4891 4890//4890 4940//4940
f 4892//4892 4891//4891 4941//4941
f 4893//4893 4892//4892 4942//4942
f 4894//4894 4893//4893 4943//4943
f 4895//4895 4894//4894 4944//4944
f 4896//4896 4895//4895 4945//4945
f 4897//4897 4896//4896 4946//4946
f 4898//4898 4897//4897 4947//4947
f 4899//4899 4898//4898 4948//4948
f 4900//4900 4899//4899 4949//4949
f 4901//4901 4900//4900 4950//4950
