time,ego_speed,acceleration_cmd,mode,distance_error,distance,ttc
0.0,0.0,3.0,cruise,,,
0.1,0.30000000000000004,3.0,cruise,,,
0.2,0.6000000000000001,3.0,cruise,,,
0.3,0.9000000000000001,3.0,cruise,,,
0.4,1.2000000000000002,3.0,cruise,,,
0.5,1.5000000000000002,3.0,cruise,,,
0.6,1.8000000000000003,3.0,cruise,,,
0.7,2.1000000000000005,3.0,cruise,,,
0.8,2.4000000000000004,3.0,cruise,,,
0.9,2.7,3.0,cruise,,,
1.0,3.0,3.0,cruise,,,
1.1,3.3,3.0,cruise,,,
1.2,3.5999999999999996,3.0,cruise,,,
1.3,3.8999999999999995,3.0,cruise,,,
1.4,4.199999999999999,3.0,cruise,,,
1.5,4.499999999999999,3.0,cruise,,,
1.6,4.799999999999999,3.0,cruise,,,
1.7,5.099999999999999,3.0,cruise,,,
1.8,5.399999999999999,3.0,cruise,,,
1.9,5.699999999999998,3.0,cruise,,,
2.0,5.999999999999998,3.0,cruise,,,
2.1,6.299999999999998,3.0,cruise,,,
2.2,6.599999999999998,3.0,cruise,,,
2.3,6.899999999999998,3.0,cruise,,,
2.4,7.1999999999999975,3.0,cruise,,,
2.5,7.499999999999997,3.0,cruise,,,
2.6,7.799999999999997,3.0,cruise,,,
2.7,8.099999999999998,3.0,cruise,,,
2.8,8.399999999999999,3.0,cruise,,,
2.9,8.7,3.0,cruise,,,
3.0,9.0,3.0,cruise,,,
3.1,9.3,3.0,cruise,,,
3.2,9.600000000000001,3.0,cruise,,,
3.3,9.900000000000002,3.0,cruise,,,
3.4,10.200000000000003,3.0,cruise,,,
3.5,10.500000000000004,3.0,cruise,,,
3.6,10.800000000000004,3.0,cruise,,,
3.7,11.100000000000005,3.0,cruise,,,
3.8,11.400000000000006,3.0,cruise,,,
3.9,11.700000000000006,3.0,cruise,,,
4.0,12.000000000000007,3.0,cruise,,,
4.1,12.300000000000008,3.0,cruise,,,
4.2,12.600000000000009,3.0,cruise,,,
4.3,12.90000000000001,3.0,cruise,,,
4.4,13.20000000000001,3.0,cruise,,,
4.5,13.50000000000001,3.0,cruise,,,
4.6,13.800000000000011,3.0,cruise,,,
4.7,14.100000000000012,3.0,cruise,,,
4.8,14.400000000000013,3.0,cruise,,,
4.9,14.700000000000014,3.0,cruise,,,
5.0,15.000000000000014,3.0,cruise,,,
5.1,15.300000000000015,3.0,cruise,,,
5.2,15.600000000000016,3.0,cruise,,,
5.3,15.900000000000016,3.0,cruise,,,
5.4,16.200000000000017,3.0,cruise,,,
5.5,16.500000000000018,3.0,cruise,,,
5.6,16.80000000000002,3.0,cruise,,,
5.7,17.10000000000002,3.0,cruise,,,
5.8,17.40000000000002,3.0,cruise,,,
5.9,17.70000000000002,3.0,cruise,,,
6.0,18.00000000000002,3.0,cruise,,,
6.1,18.300000000000022,3.0,cruise,,,
6.2,18.600000000000023,3.0,cruise,,,
6.3,18.900000000000023,3.0,cruise,,,
6.4,19.200000000000024,3.0,cruise,,,
6.5,19.500000000000025,3.0,cruise,,,
6.6,19.800000000000026,3.0,cruise,,,
6.7,20.100000000000026,3.0,cruise,,,
6.8,20.400000000000027,3.0,cruise,,,
6.9,20.700000000000028,3.0,cruise,,,
7.0,21.00000000000003,3.0,cruise,,,
7.1,21.30000000000003,3.0,cruise,,,
7.2,21.60000000000003,3.0,cruise,,,
7.3,21.90000000000003,3.0,cruise,,,
7.4,22.20000000000003,2.9699999999999873,cruise,,,
7.5,22.49700000000003,2.8526999999999902,cruise,,,
7.6,22.78227000000003,2.744456999999988,cruise,,,
7.7,23.056715700000026,2.640090869999991,cruise,,,
7.8,23.320724787000024,2.539705541699991,cruise,,,
7.9,23.574695341170024,2.443136586446991,cruise,,,
8.0,23.819008999814724,2.3502395707517607,cruise,,,
8.1,24.0540329568899,2.2608748387064534,cruise,,,
8.2,24.280120440760545,2.174908081760459,cruise,,,
8.3,24.49761124893659,2.092210096337342,cruise,,,
8.4,24.706832258570323,2.0126565917550043,cruise,,,
8.5,24.908097917745824,1.9361280033139199,cruise,,,
8.6,25.101710718077214,1.8625093126034191,cruise,,,
8.7,25.287961649337557,1.7916898746348058,cruise,,,
8.8,25.467130636801038,1.7235632515478447,cruise,,,
8.9,25.63948696195582,1.6580270526402796,cruise,,,
9.0,25.80528966721985,1.5949827804800465,cruise,,,
9.1,25.964787945267854,1.5343356828688557,cruise,,,
9.2,26.11822151355474,1.475994610434661,cruise,,,
9.3,26.265820974598206,1.4198718796389844,cruise,,,
9.4,26.407808162562105,1.3658831409932084,cruise,,,
9.5,26.544396476661426,1.3139472522857696,cruise,,,
9.6,26.675791201890004,1.2639861566297097,cruise,,,
9.7,26.802189817552975,1.2159247651473244,cruise,,,
9.8,26.923782294067706,1.1696908441155518,cruise,,,
9.9,27.04075137847926,1.1252149064025188,cruise,,,
10.0,27.15327286911951,1.0824301070320697,cruise,,,
10.1,27.261515879822717,1.0412721427193106,cruise,,,
10.2,27.365643094094647,1.0016791552261761,cruise,,,
10.3,27.465811009617266,0.9635916383917846,cruise,,,
10.4,27.562170173456444,0.9269523486978333,cruise,,,
10.5,27.654865408326227,0.8917062192346177,cruise,,,
10.6,27.74403603024969,0.857800276938394,cruise,,,
10.7,27.82981605794353,0.8251835629756687,cruise,,,
10.8,27.912334414241094,0.7938070561547793,cruise,,,
10.9,27.991715119856572,0.7636235992496325,cruise,,,
11.0,28.068077479781536,0.7345878281249036,cruise,,,
11.1,28.141536262594027,0.7066561035561438,cruise,,,
11.2,28.21220187294964,0.6797864456423359,cruise,,,
11.3,28.280180517513877,0.6539384707123319,cruise,,,
11.4,28.34557436458511,0.6290733306303381,cruise,,,
11.5,28.408481697648146,0.6051536544092248,cruise,,,
11.6,28.468997063089066,0.5821434920439131,cruise,,,
11.7,28.527211412293457,0.5600082604804214,cruise,,,
11.8,28.5832122383415,0.5387146916393796,cruise,,,
11.9,28.637083707505436,0.5182307824158571,cruise,,,
12.0,28.688906785747022,0.49852574658039794,cruise,,,
12.1,28.738759360405062,0.4795699685089553,cruise,,,
12.2,28.78671635725596,0.4613349586721686,cruise,,,
12.3,28.832849853123175,0.44379331081712153,cruise,,,
12.4,28.877229184204886,0.4269186607771904,cruise,,,
12.5,28.919921050282603,0.4106856468480999,cruise,,,
12.6,28.960989614967414,0.39506987167062957,cruise,,,
12.7,29.000496602134476,0.38004786556267867,cruise,,,
12.8,29.038501388690744,0.3655970512455685,cruise,,,
12.9,29.0750610938153,0.35169570991160165,cruise,,,
13.0,29.110230664806462,0.3383229485818344,cruise,,,
13.1,29.144062959664645,0.3254586687050509,cruise,,,
13.2,29.17660882653515,0.3130835359506861,cruise,,,
13.3,29.20791718013022,0.3011789511503775,cruise,,,
13.4,29.238035075245257,0.2897270223443787,cruise,,,
13.5,29.267007777479694,0.2787105378909036,cruise,,,
13.6,29.294878831268786,0.26811294059793983,cruise,,,
13.7,29.32169012532858,0.25791830283867123,cruise,,,
13.8,29.347481955612448,0.24811130261308673,cruise,,,
13.9,29.372293085873757,0.2386772005198427,cruise,,,
14.0,29.396160805925742,0.2296018176037105,cruise,,,
14.1,29.419120987686114,0.22087151404536876,cruise,,,
14.2,29.44120813909065,0.21247316866147054,cruise,,,
14.3,29.4624554559568,0.204394159184206,cruise,,,
14.4,29.48289487187522,0.1966223432907011,cruise,,,
14.5,29.50255710620429,0.18914604035375007,cruise,,,
14.6,29.521471710239663,0.18195401388644827,cruise,,,
14.7,29.539667111628308,0.1750354546543541,cruise,,,
14.8,29.557170657093742,0.168379964429786,cruise,,,
14.9,29.574008653536723,0.1619775403638208,cruise,,,
15.0,29.590206407573106,0.15581855995256577,cruise,,,
15.1,29.605788263568364,0.14989376657502548,cruise,,,
15.2,29.620777640225867,0.1441942555809014,cruise,,,
15.3,29.635197065783956,0.1387114609073734,cruise,,,
15.4,29.64906821187469,0.13343714220475533,cruise,,,
15.5,29.662411926095167,0.12836337245169532,cruise,,,
15.6,29.675248263340336,0.12348252604128121,cruise,,,
15.7,29.687596515944463,0.1187872673201511,cruise,,,
15.8,29.699475242676478,0.11427053956340175,cruise,,,
15.9,29.710902296632817,0.10992555436870362,cruise,,,
16.0,29.72189485206969,0.1057457814536889,cruise,,,
16.1,29.73246943021506,0.10172493884129175,cruise,,,
16.2,29.74264192409919,0.09785698341825899,cruise,,,
16.3,29.752427622441015,0.09413610185268091,cruise,,,
16.4,29.761841232626285,0.09055670185685116,cruise,,,
16.5,29.77089690281197,0.08711340378236976,cruise,,,
16.6,29.779608243190207,0.08380103253479838,cruise,,,
16.7,29.787988346443687,0.0806146097957857,cruise,,,
16.8,29.796049807423266,0.07754934654090384,cruise,,,
16.9,29.803804742077357,0.07460063584201145,cruise,,,
17.0,29.81126480566156,0.07176404594327615,cruise,,,
17.1,29.818441210255887,0.06903531360048057,cruise,,,
17.2,29.825344741615936,0.0664103376736012,cruise,,,
17.3,29.831985775383295,0.06388517296300265,cruise,,,
17.4,29.838374292679596,0.061456024280010985,cruise,,,
17.5,29.8445198951076,0.059119240742959184,cruise,,,
17.6,29.850431819181896,0.05687131029009294,cruise,,,
17.7,29.856118950210906,0.05470885440113271,cruise,,,
17.8,29.86158983565102,0.05262862301953426,cruise,,,
17.9,29.866852697952975,0.05062748966783275,cruise,,,
18.0,29.871915446919758,0.0487024467487057,cruise,,,
18.1,29.876785691594627,0.04685060102471468,cruise,,,
18.2,29.881470751697098,0.045069169269925526,cruise,,,
18.3,29.88597766862409,0.043355474086867934,cruise,,,
18.4,29.890313216032776,0.041706939882546125,cruise,,,
18.5,29.89448391002103,0.04012108899746103,cruise,,,
18.6,29.898496018920778,0.0385955379818153,cruise,,,
18.7,29.90235557271896,0.03712799401332454,cruise,,,
18.8,29.90606837212029,0.03571625145121793,cruise,,,
18.9,29.909639997265412,0.03435818852127497,cruise,,,
19.0,29.91307581611754,0.033051764126919285,cruise,,,
19.1,29.916380992530232,0.031795014781561194,cruise,,,
19.2,29.919560494008387,0.030586051657568093,cruise,,,
19.3,29.922619099174142,0.02942305774746572,cruise,,,
19.4,29.925561404948887,0.028304285133072683,cruise,,,
19.5,29.928391833462193,0.02722805235846977,cruise,,,
19.6,29.93111463869804,0.026192741902859498,cruise,,,
19.7,29.93373391288833,0.025196797749524793,cruise,,,
19.8,29.93625359266328,0.02423872304721151,cruise,,,
19.9,29.938677464968002,0.023317077860438573,cruise,,,
20.0,29.941009172754047,0.022430477005358898,cruise,,,
20.1,29.943252220454582,0.021577587967899704,cruise,,,
20.2,29.945409979251373,0.020757128901055213,cruise,,,
20.3,29.947485692141477,0.019967866698357286,cruise,,,
20.4,29.949482478811312,0.019208615140557585,cruise,,,
20.5,29.951403340325367,0.01847823311282575,cruise,,,
20.6,29.95325116363665,0.01777562288969783,cruise,,,
20.7,29.955028725925622,0.017099728485265333,cruise,,,
20.8,29.95673869877415,0.016449534066076767,cruise,,,
20.9,29.958383652180757,0.015824062424393406,cruise,,,
21.0,29.959966058423195,0.015222373509503128,cruise,,,
21.1,29.961488295774146,0.014643563014866245,cruise,,,
21.2,29.962952652075632,0.014086761019003902,cruise,,,
21.3,29.96436132817753,0.013551130678037638,cruise,,,
21.4,29.965716441245334,0.013035866967965149,cruise,,,
21.5,29.96702002794213,0.012540195474749894,cruise,,,
21.6,29.968274047489604,0.012063371230421184,cruise,,,
21.7,29.969480384612645,0.011604677593421897,cruise,,,
21.8,29.970640852371986,0.011163425171535124,cruise,,,
21.9,29.97175719488914,0.010738950785767188,cruise,,,
22.0,29.972831089967716,0.0103306164736253,cruise,,,
22.1,29.97386415161508,0.009937808530287385,cruise,,,
22.2,29.974857932468108,0.009559936586241947,cruise,,,
22.3,29.975813926126733,0.009196432719994263,cruise,,,
22.4,29.976733569398732,0.008846750604507748,cruise,,,
22.5,29.977618244459183,0.008510364686101113,cruise,,,
22.6,29.978469280927794,0.008186769394577454,cruise,,,
22.7,29.97928795786725,0.00787547838337197,cruise,,,
22.8,29.980075505705585,0.007576023798598187,cruise,,,
22.9,29.980833108085445,0.007287955575892013,cruise,,,
23.0,29.981561903643033,0.007010840763992477,cruise,,,
23.1,29.982262987719434,0.006744262874026319,cruise,,,
23.2,29.982937414006837,0.006487821253563198,cruise,,,
23.3,29.983586196132194,0.006241130484444213,cruise,,,
23.4,29.98421030918064,0.006003819803521538,cruise,,,
23.5,29.98481069116099,0.005775532545427709,cruise,,,
23.6,29.985388244415535,0.005555925606513768,cruise,,,
23.7,29.985943836976187,0.0053446689291995145,cruise,,,
23.8,29.986478303869106,0.005141445005898149,cruise,,,
23.9,29.986992448369694,0.004945948401828205,cruise,,,
24.0,29.987487043209878,0.004757885295956755,cruise,,,
24.1,29.987962831739473,0.004576973039413091,cruise,,,
24.2,29.988420529043413,0.004402939730664812,cruise,,,
24.3,29.98886082301648,0.004235523806874042,cruise,,,
24.4,29.98928437539717,0.004074473650788235,cruise,,,
24.5,29.989691822762246,0.003919547212562691,cruise,,,
24.6,29.990083777483502,0.003770511645971553,cruise,,,
24.7,29.9904608286481,0.003627142958460894,cruise,,,
24.8,29.990823542943946,0.0034892256744981868,cruise,,,
24.9,29.991172465511397,0.0033565525117158048,cruise,,,
25.0,29.991508120762568,0.003228924069387773,cruise,,,
25.1,29.991831013169506,0.0031061485287285254,cruise,,,
25.2,29.992141628022377,0.002988041364613281,cruise,,,
25.3,29.992440432158837,0.0028744250682354536,cruise,,,
25.4,29.99272787466566,0.002765128880323431,cruise,,,
25.5,29.993004387553693,0.002659988534506752,cruise,,,
25.6,29.993270386407143,0.002558846010417426,cruise,,,
25.7,29.993526271008186,0.002461549296204524,cruise,,,
25.8,29.993772425937806,0.002367952160067688,cruise,,,
25.9,29.994009221153814,0.0022779139304706323,cruise,,,
26.0,29.99423701254686,0.002191299284731585,cruise,,,
26.1,29.994456142475336,0.0021079780456283006,cruise,,,
26.2,29.9946669402799,0.002027824985758997,cruise,,,
26.3,29.994869722778475,0.001950719639322074,cruise,,,
26.4,29.995064794742408,0.0018765461210701775,cruise,,,
26.5,29.995252449354513,0.0018051929521419653,cruise,,,
26.6,29.995432968649727,0.0017365528925026297,cruise,,,
26.7,29.995606623938976,0.001670522779785344,cruise,,,
26.8,29.995773676216952,0.0016070033742305867,cruise,,,
26.9,29.995934376554377,0.0015458992095368274,cruise,,,
27.0,29.99608896647533,0.0014871184493912893,cruise,,,
27.1,29.99623767832027,0.0014305727494221543,cruise,,,
27.2,29.996380735595213,0.0013761771244428901,cruise,,,
27.3,29.996518353307657,0.001323849820715495,cruise,,,
27.4,29.996650738289727,0.0012735121930742112,cruise,,,
27.5,29.996778089509036,0.00122508858673136,cruise,,,
27.6,29.99690059836771,0.0011785062235794897,cruise,,,
27.7,29.99701844899007,0.0011336950927926638,cruise,,,
27.8,29.997131818499348,0.0010905878456213714,cruise,,,
27.9,29.99724087728391,0.0010491196941540438,cruise,,,
28.0,29.997345789253327,0.00100922831396133,cruise,,,
28.1,29.997446712084724,0.000970853750412104,cruise,,,
28.2,29.997543797459766,0.0009339383285723814,cruise,,,
28.3,29.997637191292622,0.0008984265665233694,cruise,,,
28.4,29.997727033949275,0.0008642650919636453,cruise,,,
28.5,29.99781346045847,0.0008314025620141053,cruise,,,
28.6,29.99789660071467,0.0007997895860306415,cruise,,,
28.7,29.997976579673274,0.0007693786513890189,cruise,,,
28.8,29.998053517538413,0.0007401240520657382,cruise,,,
28.9,29.99812752994362,0.0007119818199484485,cruise,,,
29.0,29.998198728125615,0.0006849096587561832,cruise,,,
29.1,29.998267219091492,0.0006588668804649701,cruise,,,
29.2,29.998333105779537,0.0006338143441627864,cruise,,,
29.3,29.998396487213952,0.0006097143972112918,cruise,,,
29.4,29.998457458653675,0.000586530818668507,cruise,,,
29.5,29.99851611173554,0.0005642287648512934,cruise,,,
29.6,29.998572534612027,0.0005427747169459707,cruise,,,
29.7,29.99862681208372,0.0005221364306645882,cruise,,,
29.8,29.998679025726787,0.0005022828877521591,cruise,,,
29.9,29.99872925401556,0.00048318424938820215,cruise,,,
30.0,29.9987775724405,-1.1592665434642981,follow,2.8981663586607453,52.1,11.255671542785011
30.1,29.882850918094068,-1.2890245875802038,follow,3.2225614689505093,51.601714908190594,10.355861685688993
30.2,29.753948459336048,-1.382241050698835,follow,3.455602626747087,51.175320062256986,12.001861783813782
30.3,29.615724354266163,-1.4383355618275488,follow,3.595838904568872,50.82774762683037,14.623641706352098
30.4,29.471890798083408,-1.5381110600412313,follow,3.8452776501030783,50.36255854702203,10.826255544900485
30.5,29.318079692079284,-1.6257475841219304,follow,4.064368960304826,49.9127505778141,11.096457598496087
30.6,29.15550493366709,-1.6472229264212956,follow,4.118057316053239,49.615200084447395,16.674548081928513
30.7,28.99078264102496,-1.6848208564770175,follow,4.212052141192544,49.274121820344895,14.44657341329077
30.8,28.822300555377257,-1.7506236273034887,follow,4.376559068258722,48.856891764807166,11.70982078504398
30.9,28.64723819264691,-1.7750757373711565,follow,4.437689343427891,48.53316794554247,14.992152278377638
31.0,28.469730618909793,-1.8213604178852791,follow,4.553401044713198,48.15119488365149,12.605913790170504
31.1,28.287594577121265,-1.8575825758970126,follow,4.6439564397425315,47.787435425939364,13.137097720152632
31.2,28.101836319531564,-1.8630010741244547,follow,4.657502685311137,47.495251793986206,16.25527462866255
31.3,27.915536212119118,-1.9250424581617525,follow,4.812606145404381,47.060698172774295,10.829664252141846
31.4,27.723031966302944,-1.9700611893241673,follow,4.925152973310418,46.659394976144,11.626968179655334
31.5,27.526025847370526,-1.9696985518595342,follow,4.924246379648835,46.36479239140695,15.738080652886936
31.6,27.32905599218457,-1.9750788784353432,follow,4.937697196088358,46.055886792188495,14.9093726072663
31.7,27.131548104341036,-1.9322360699028651,follow,4.8305901747571625,45.86673198175439,24.24825034927308
31.8,26.93832449735075,-1.9210348856027224,follow,4.802587214006806,45.60489953201932,17.417588835212324
31.9,26.746221008790478,-1.9180216328181787,follow,4.795054082045446,45.32427743114027,16.151357034660542
32.0,26.55441884550866,-1.8211170886694363,follow,4.55279272167359,45.2788355465894,99.64119224832325
32.1,26.372307136641716,-1.7735423488149367,follow,4.433855872037341,45.12460483292523,29.257859061186334
32.2,26.19495290176022,-1.7129279239564512,follow,4.282319809891128,45.010109542749206,39.311756381901695
32.3,26.023660109364577,-1.6938986528936455,follow,4.234746632234113,44.80074353181275,21.398288734368492
32.4,25.854270244075213,-1.6428355434830366,follow,4.107088858707591,44.67431650740523,35.33604995985929
32.5,25.689986689726908,-1.5686648784631303,follow,3.9216621961578255,44.613317838432536,73.1381825042869
32.6,25.533120201880596,-1.5302697938305672,follow,3.8256744845764175,44.47400581824448,31.924026195448388
32.7,25.38009322249754,-1.4424573351006331,follow,3.6061433377515826,44.46399649599473,444.2258465311019
32.8,25.235847488987474,-1.3833437945540936,follow,3.458359486385234,44.39541174709598,64.73073454367757
32.9,25.097513109532066,-1.3130436912621322,follow,3.28260922815533,44.36366043614277,139.72229525112743
33.0,24.966208740405854,-1.2509094194026376,follow,3.1272735485065937,44.32203956210219,106.48992983396484
33.1,24.84111779846559,-1.113899566177102,follow,2.784748915442755,44.47692778225563,
33.2,24.72972784184788,-1.0366547058803917,follow,2.5916367647009793,44.50295499807084,
33.3,24.626062371259838,-0.9910979183779602,follow,2.4777447959449006,44.46134876094486,106.86222026355291
33.4,24.52695257942204,-0.8879101464521626,follow,2.2197753661304063,44.57065350300265,
33.5,24.438161564776824,-0.8489620002561055,follow,2.1224050006402635,44.534837346524974,124.34287128010277
33.6,24.353265364751213,-0.7657548948307863,follow,1.9143872370769657,44.615510810049855,
33.7,24.276689875268133,-0.749677196151663,follow,1.8741929903791572,44.54084182252304,59.651059024375684
33.8,24.201722155652966,-0.7127654506086828,follow,1.7819136265217068,44.520669606957746,220.70292409302382
33.9,24.130445610592098,-0.629217347995845,follow,1.5730433699896125,44.62262504589854,
34.0,24.067523875792514,-0.5321652621477938,follow,1.3304131553694845,44.770872658319284,
34.1,24.014307349577734,-0.45560764040203594,follow,1.1390191010050899,44.88244192336151,
34.2,23.96874658553753,-0.39062104539941633,follow,0.9765526134985407,44.976567264807755,
34.3,23.92968448099759,-0.3335711619153557,follow,0.8339279047883892,45.060598816707994,
34.4,23.896327364806055,-0.3138099867926769,follow,0.7845249669816923,45.05996608022739,7121.442727169925
34.5,23.864946366126787,-0.2711792422301869,follow,0.6779481055754673,45.119471443614714,
34.6,23.837828441903767,-0.22242162537252455,follow,0.5560540634313114,45.20068859942434,
34.7,23.815586279366514,-0.13009977902483172,follow,0.3252494475620793,45.39812997148769,
34.8,23.80257630146403,-0.06399684434190078,follow,0.15999211085475196,45.54387234134129,
34.9,23.79617661702984,-0.06480409836258048,follow,0.1620102459064512,45.53225467963831,391.92271081489105
35.0,23.789696207193582,-0.002903700748569804,follow,0.00725925187142451,45.67728505891895,
35.1,23.789405837118725,2.48423766515251,follow,0.0,45.76934447520708,
35.2,24.037829603633977,-0.09687315624291273,follow,0.24218289060728182,45.81456151484368,
35.3,24.028142288009686,-0.033786458388726716,follow,0.08446614597181679,45.95774728604271,
35.4,24.024763642170814,2.2724156406056295,follow,0.0,46.13227092182563,
35.5,24.252005206231377,-0.04037496325782968,follow,0.10093740814457419,46.277070401202494,
35.6,24.247967709905595,-0.033071173858581916,follow,0.08267793464645479,46.28927363021194,
35.7,24.244660592519736,-0.010073327127855691,follow,0.025183317819639228,46.341807570959965,
35.8,24.24365325980695,2.193093887259151,follow,0.0,46.44244224497927,
35.9,24.462962648532866,-0.05011919706932702,follow,0.12529799267331754,46.56914598012598,
36.0,24.45795072882593,-0.03983007439820199,follow,0.09957518599550497,46.58735090724339,
36.1,24.45396772138611,-0.021198978789755074,follow,0.052997446974387685,46.62795413510478,
36.2,24.451847823507133,-0.03120095300265291,follow,0.07800238250663227,46.599769352754066,165.336630146356
36.3,24.44872772820687,-0.043278004950767016,follow,0.10819501237691753,46.56489657993338,133.52794404782975
36.4,24.444399927711792,2.1218666949628626,follow,0.0,46.6814565871622,
36.5,24.65658659720808,-0.06683278734828946,follow,0.16708196837072364,46.8177979274414,
36.6,24.64990331847325,-0.050818952846321964,follow,0.1270473821158049,46.84780759559407,
36.7,24.644821423188617,-0.0035626726030869808,follow,0.008906681507717451,46.95832545327521,
36.8,24.64446515592831,2.0421813235204183,follow,0.0,47.020878937682376,
36.9,24.848683288280352,-0.11400572942647501,follow,0.2850143235661875,46.98801060885434,142.95831970859328
37.0,24.837282715337704,-0.08985669427439405,follow,0.2246417356859851,47.03128233732057,
37.1,24.828297045910265,-0.03159717445434183,follow,0.07899293613585456,47.163452632729545,
37.2,24.82513732846483,-0.02390683712567352,follow,0.0597670928141838,47.17793889988306,
37.3,24.822746644752264,1.9817605976871167,follow,0.0,47.31266423540784,
37.4,25.020922704520977,-0.16672483673029037,follow,0.41681209182572587,47.114571964955736,23.78415465551891
37.5,25.004250220847947,-0.13209135536039016,follow,0.33022838840097535,47.17614694287094,
37.6,24.99104108531191,-0.12100751745124683,follow,0.30251879362811707,47.18404283433975,
37.7,24.978940333566786,-0.12170467974684414,follow,0.30426169936711034,47.16414880098307,237.0768559365557
37.8,24.966769865592102,-0.11027319358571788,follow,0.2756829839642947,47.17447181442386,
37.9,24.95574254623353,-0.16148650381991558,follow,0.40371625954978896,47.02989755980051,32.5299256650664
38.0,24.939593895851537,-0.15578106942477918,follow,0.3894526735619479,47.019938170215354,472.11666707271905
38.1,24.92401578890906,-0.13259483681565598,follow,0.33148709203913995,47.05453659132445,
38.2,24.910756305227494,-0.07666939881581528,follow,0.19167349703953818,47.1744609608017,
38.3,24.903089365345913,-0.08379280950070155,follow,0.20948202375175384,47.14515202426711,160.8558944765016
38.4,24.894710084395843,-0.09895364430649636,follow,0.2473841107662409,47.094681015827526,93.31036266533425
38.5,24.884814719965192,-0.10360901444671243,follow,0.25902253611678105,47.06819954383101,177.74011788324296
38.6,24.87445381852052,-0.06477062632073115,follow,0.16192656580182785,47.149754161978954,
38.7,24.86797675588845,-0.04560345897702689,follow,0.11400864744256722,47.18795648639011,
38.8,24.863416409990748,-0.05340390783803742,follow,0.13350976959509353,47.16161484539103,179.03825675495216
38.9,24.858076019206944,-0.029322714136031894,follow,0.07330678534007973,47.213807243470335,
39.0,24.855143747793342,-0.01896910119960751,follow,0.04742275299901877,47.235292868691,
39.1,24.85324683767338,2.0434511684700887,follow,0.0,47.32296818492366,
39.2,25.05759195452039,-0.12887157692358642,follow,0.32217894230896604,47.26420898947162,80.4371275438071
39.3,25.044704796828032,-0.1329274741812924,follow,0.33231868545323096,47.23473850978882,160.27814619302407
39.4,25.0314120494099,-0.13780830770680838,follow,0.3445207692670209,47.20259730484783,146.86007382582534
39.5,25.01763121863922,-0.17424505798996962,follow,0.435612644974924,47.090834182983905,42.13450143269944
39.6,25.000206712840225,-0.15499862302418138,follow,0.3874965575604534,47.11281351169988,
39.7,24.984706850537805,-0.13708697966424097,follow,0.3427174491606024,47.134342826646105,
39.8,24.97099815257138,-0.1277016869872398,follow,0.31925421746809945,47.13724301138897,
39.9,24.958227983872657,-0.12556870512291313,follow,0.3139217628072828,47.1234202130017,340.9108553331313
40.0,24.945671113360365,-0.15826142734995302,follow,0.3956535683748825,47.02285310166567,46.75768496973411
40.1,24.92984497062537,-0.15875954053397268,follow,0.39689885133493163,46.99786860460313,188.10812355744304
40.2,24.913969016571976,-0.15619272876481605,follow,0.39048182191204006,46.98047170294593,270.0507977149393
40.3,24.898349743695494,-0.16675515478674754,follow,0.41688788696686885,46.930636728576374,94.17208962638134
40.4,24.88167422821682,-0.15681681462821473,follow,0.3920420365705368,46.93046930575469,28031.10641323856
40.5,24.865992546753997,-0.13004750762068226,follow,0.32511876905170567,46.97387005107929,
40.6,24.85298779599193,-0.05996416900311772,follow,0.1499104225077943,47.129571271480096,
40.7,24.846991379091616,-0.04504597402659556,follow,0.1126149350664889,47.15787213357093,
40.8,24.842486781688958,-0.028442686852559976,follow,0.07110671713139993,47.192623455402035,
40.9,24.839642513003703,-0.0227218261615576,follow,0.056804565403894,47.202659204101664,
41.0,24.837370330387547,-0.07245332980736521,follow,0.18113332451841302,47.07492217106291,36.85299482161967
41.1,24.83012499740681,-0.06211112991519485,follow,0.15527782478798713,47.089909671322225,
41.2,24.82391388441529,-0.04934101749689717,follow,0.12335254374224291,47.11251828288069,
41.3,24.8189797826656,2.0895416144376506,follow,0.0,47.315620304614136,
41.4,25.027933944109364,-0.09722960238433985,follow,0.2430740059608496,47.298826910203196,281.6513788266684
41.5,25.01821098387093,-0.08292426559611671,follow,0.20731066399029174,47.3200058118161,
41.6,25.009918557311316,-0.0795455519527991,follow,0.19886387988199772,47.31601395608497,1185.313727324272
41.7,25.001964002116036,-0.11005137892027222,follow,0.27512844730068053,47.22781755587337,53.54846393113883
41.8,24.99095886422401,-0.06868665075401736,follow,0.1717166268850434,47.31472166945097,
41.9,24.984090199148607,-0.04152905967472123,follow,0.10382264918680306,47.372312649536106,
42.0,24.979937293181134,-0.01463480782148281,follow,0.03658701955370702,47.43331892021799,
42.1,24.978473812398985,-0.040095671848152395,follow,0.10023917962038098,47.367471538978094,71.93523971197362
42.2,24.97446424521417,1.9324720706400487,follow,0.0,47.47502511445668,
42.3,25.167711452278173,-0.15932528367536067,follow,0.39831320918840163,47.35325396922886,38.887089285920176
42.4,25.151778923910637,-0.13823692361126236,follow,0.34559230902815585,47.3820760768378,
42.5,25.137955231549512,-0.06986091745656893,follow,0.17465229364142232,47.532280553682845,
42.6,25.130969139803856,-0.10050802800132885,follow,0.25127007000332213,47.44518363970246,54.47401230586345
42.7,25.120918337003722,-0.1161142798013941,follow,0.29028569950348526,47.391091806002095,87.61228555961456
42.8,25.109306909023584,-0.1107196993742548,follow,0.27679924843563697,47.38716111509974,1205.5682395852696
42.9,25.098234939086158,-0.12320591497524731,follow,0.3080147874381183,47.33933762119112,98.98761832761586
43.0,25.085914347588634,-0.1656501339802759,follow,0.4141253349506897,47.21474618643226,37.89565974403662
43.1,25.069349334190605,-0.15648509930908291,follow,0.39121274827270724,47.2128112530132,2440.0225241827343
43.2,25.053700824259696,-0.1812440263209254,follow,0.4531100658023135,47.12744117058723,55.20369646058934
43.3,25.035576421627603,-0.15739244160677118,follow,0.39348110401692793,47.15988352842447,
43.4,25.019837177466925,-0.17634238220904308,follow,0.4408559555226077,47.08889981067778,66.3376071379014
43.5,25.002202939246022,-0.11944995684634137,follow,0.2986248921158534,47.20467951675318,
43.6,24.99025794356139,-0.13549327717801704,follow,0.33873319294504256,47.14665372239704,81.25119913573255
43.7,24.976708615843588,-0.13603202518108048,follow,0.3400800629527012,47.12498286081268,217.45781854296933
43.8,24.96310541332548,-0.10199432020323514,follow,0.25498580050808783,47.18967231948013,
43.9,24.952905981305157,-0.13079090024324955,follow,0.3269772506081239,47.102381721349616,53.960429565304004
44.0,24.939826891280834,-0.1137365218798891,follow,0.28434130469972274,47.12539903222153,
44.1,24.928453239092846,-0.06485046013081046,follow,0.16212615032702615,47.23055370831224,
44.2,24.921968193079763,-0.10623816024614996,follow,0.2655954006153749,47.11735688900427,41.62427635074384
44.3,24.911344377055148,-0.09071764571358756,follow,0.2267941142839689,47.140222451298754,
44.4,24.902272612483788,-0.07376549147012383,follow,0.18441372867530959,47.168995190050374,
44.5,24.894896063336777,-0.04153540451538902,follow,0.10383851128847255,47.238505583716695,
44.6,24.890742522885237,-0.07187298115987346,follow,0.17968245289968365,47.15643133142817,57.45581594292758
44.7,24.88355522476925,-0.10250281128105031,follow,0.25625702820262575,47.06907580895125,53.88219825642353
44.8,24.873304943641145,-0.07568484034983386,follow,0.18921210087458462,47.12074531458713,
44.9,24.86573645960616,-0.056973208313092986,follow,0.14243302078273246,47.15617166862651,
45.0,24.86003913877485,-0.0403563813652994,follow,0.1008909534132485,47.18916775474903,
45.1,24.856003500638323,-0.021775138508914438,follow,0.054437846272286095,47.2295674046852,
45.2,24.85382598678743,-0.03502166966987659,follow,0.08755417417469147,47.19318480600646,129.71361727819448
45.3,24.850323819820442,-0.020133322282498513,follow,0.05033330570624628,47.225152424024415,
45.4,24.848310487592194,-0.004057742449239754,follow,0.010144356123099385,47.262321375265195,
45.5,24.84790471334727,-0.01933046643617331,follow,0.048326166090433276,47.22353090393047,121.74002861794058
45.6,24.84597166670365,2.125857622573798,follow,0.0,47.3789337372601,
45.7,25.05855742896103,-0.07150325963102092,follow,0.17875814907755228,47.409077994364,
45.8,25.051407102997928,-0.10486934817307372,follow,0.2621733704326843,47.31493728406421,50.25980485317024
45.9,25.04092016818062,-0.08061399400991434,follow,0.20153498502478584,47.35984526724614,
46.0,25.03285876877963,-0.10629150512050388,follow,0.2657287628012597,47.28355939036818,61.98206185138206
46.1,25.02222961826758,-0.07720319954397895,follow,0.19300799885994735,47.34033642854143,
46.2,25.014509298313182,-0.038351379503865246,follow,0.09587844875966312,47.42588549871011,
46.3,25.010674160362797,-0.06127726314814766,follow,0.15319315787036913,47.362818082673826,75.09871350275107
46.4,25.00454643404798,-0.028982484721177572,follow,0.07245621180294393,47.43436343926903,
46.5,25.001648185575863,-0.014909463060942586,follow,0.03727365765235646,47.46519862071144,
46.6,25.000157239269768,1.9228443180090342,follow,0.0,47.52718289678447,
46.7,25.19244167107067,-0.05548951077144296,follow,0.13872377692860738,47.6499387296774,
46.8,25.186892719993526,-0.06683584892489591,follow,0.16708962231223978,47.61324945767805,129.7743096633757
46.9,25.180209135101038,-0.09283406339344254,follow,0.23208515848360634,47.53822854416795,63.36663514203346
47.0,25.170925728761695,-0.12090104874030771,follow,0.3022526218507693,47.45413597129178,56.43082896413487
47.1,25.158835623887665,-0.1444004107713937,follow,0.36100102692848424,47.37725240890301,61.622082714295985
47.2,25.144395582810525,-0.14391220943753355,follow,0.35978052359383383,47.35681285062196,231.6919583067614
47.3,25.13000436186677,-0.13007765134595103,follow,0.3251941283648776,47.36981241443528,
47.4,25.116996596732175,-0.11855285613447962,follow,0.29638214033619903,47.37911275476206,
47.5,25.10514131111873,-0.09084533721116089,follow,0.2271133430279022,47.43059862365019,
47.6,25.096056777397614,-0.088836888074394,follow,0.22209222018598496,47.42199294591043,551.054715037775
47.7,25.087173088590173,-0.0433935983335374,follow,0.1084839958338435,47.522275637051415,
47.8,25.08283372875682,-0.05210333158379968,follow,0.13025832895949918,47.49399226417573,167.92195355530222
47.9,25.07762339559844,1.930217563596288,follow,0.0,47.690229924615885,
48.0,25.270645151958067,-0.07832092740680992,follow,0.1958023185170248,47.71016540942008,
48.1,25.262813059217386,-0.10973419413109582,follow,0.27433548532773955,47.619884103498336,52.74611794470292
48.2,25.251839639804277,-0.1452237280754048,follow,0.36305932018851195,47.514700139517906,45.17295064897843
48.3,25.237317266996737,-0.1316029950707474,follow,0.3290074876768685,47.526968412818235,
48.4,25.224156967489662,-0.13947309406609065,follow,0.34868273516522663,47.48755271606927,120.47878544050987
48.5,25.210209658083052,-0.11791309474544676,follow,0.2947827368636169,47.520531750260965,
48.6,25.198418348608506,-0.10477504300505985,follow,0.2619376075126496,47.53568991540011,
48.7,25.187940844308,-0.10800617419707237,follow,0.2700154354926809,47.511895830969316,199.67944540647312
48.8,25.17714022688829,-0.13421141282077828,follow,0.33552853205194566,47.43018180828049,58.044115621252494
48.9,25.163719085606214,-0.17830749147578048,follow,0.44576872868945117,47.29980989971987,36.28067612259123
49.0,25.145888336458636,-0.18664457544557822,follow,0.4666114386139455,47.25222106607401,99.29266478288923
49.1,25.12722387891408,-0.15493485607540836,follow,0.38733714018852083,47.3034986781826,
49.2,25.11173039330654,-0.14370798044314484,follow,0.3592699511078621,47.30832563885195,
49.3,25.097359595262226,-0.17617988542704666,follow,0.44044971356761664,47.205589679325726,45.94845845312503
49.4,25.079741606719523,-0.16359875657020384,follow,0.40899689142550955,47.210615518653775,
49.5,25.063381731062503,-0.14471810041848984,follow,0.36179525104622456,47.23327734554753,
49.6,25.048909921020655,-0.16439141123420883,follow,0.41097852808552204,47.16238635344546,66.52803826689751
49.7,25.032470779897235,-0.15102675775604554,follow,0.3775668943901138,47.17113927545574,
49.8,25.01736810412163,-0.14105987645554877,follow,0.3526496911388719,47.17340246504357,
49.9,25.003262116476076,-0.16712676852725963,follow,0.41781692131814907,47.08707625339596,54.545514455806575
50.0,24.98654943962335,-0.14576114000055895,follow,0.3644028500013974,47.11542130943363,
50.1,24.971973325623292,-0.11909440462545434,follow,0.2977360115636358,47.1602239768713,
50.2,24.960063885160746,-0.07795129575435739,follow,0.19487823938589344,47.245217588355224,
50.3,24.95226875558531,-0.03976496823250955,follow,0.09941242058127386,47.328990712796696,
50.4,24.94829225876206,-0.07651076048904032,follow,0.19127690122260077,47.23116148692049,48.27919373162292
50.5,24.940641182713154,-0.09754576216822386,follow,0.24386440542055965,47.16709736864917,73.62482875186654
50.6,24.930886606496333,-0.07332848069798388,follow,0.1833212017449597,47.21300870799954,
50.7,24.923553758426536,-0.050270922193166714,follow,0.12567730548291678,47.25965333215689,
50.8,24.91852666620722,-0.028395733509867682,follow,0.0709893337746692,47.306800665536166,
50.9,24.915687092856235,2.114693314228609,follow,0.0,47.604231956250544,
51.0,25.127156424279097,-0.022487329038403916,follow,0.056218322596009784,47.63451631382264,
51.1,25.124907691375256,1.8454266241903872,follow,0.0,47.70702554468511,
51.2,25.309450353794293,-0.08643800855430471,follow,0.21609502138576175,47.74808050930568,
51.3,25.300806552938862,-0.0736839901585995,follow,0.18420997539649875,47.76699985401179,
51.4,25.293438153923002,-0.0906004769060047,follow,0.22650119226501175,47.71365603861949,89.44552557353578
51.5,25.284378106232403,-0.07373957254094421,follow,0.18434893135236052,47.74221822799625,
51.6,25.277004148978307,-0.10359536414761693,follow,0.2589884103690423,47.65651781309842,55.60826965646911
51.7,25.266644612563546,-0.1152454268013031,follow,0.28811356700325774,47.611853351842065,106.59896484269842
51.8,25.255120069883414,-0.13293550398855986,follow,0.3323387599713996,47.55034134485372,77.30253599734785
51.9,25.241826519484558,-0.13223243452862904,follow,0.33058108632157257,47.53215869290526,261.41488506544096
52.0,25.228603276031695,-0.0638426194981804,follow,0.159606548745451,47.68329836530209,
52.1,25.222219014081876,-0.12490082289156419,follow,0.3122520572289105,47.521076463893905,29.293872190734586
52.2,25.20972893179272,-0.10539593078977988,follow,0.26348982697444967,47.55110357071463,
52.3,25.199189338713744,-0.155439748490943,follow,0.38859937122735744,47.410184636843255,33.64358736925834
52.4,25.18364536386465,-0.16745917813607322,follow,0.418647945340183,47.35682010045679,88.74211846890138
52.5,25.16689944605104,-0.13128760528994973,follow,0.32821901322487435,47.42213015585168,
52.6,25.153770685522044,-0.1275611763934336,follow,0.31890294098358396,47.41175308729948,456.88965866210873
52.7,25.1410145678827,-0.15794808852513428,follow,0.39487022131283567,47.31665163051121,49.75386626921517
52.8,25.125219759030188,-0.17507999357483756,follow,0.43769998393709386,47.25012965460819,71.02935385366995
52.9,25.107711759672704,-0.1484836643472562,follow,0.3712091608681405,47.29035847864092,
53.0,25.092863393237977,-0.16528918021593883,follow,0.41322295053984703,47.22607213931712,73.46206462534538
53.1,25.076334475216385,-0.1520252084116379,follow,0.3800630210290947,47.23443869179548,
53.2,25.06113195437522,-0.14414897408194918,follow,0.36037243520487294,47.23132549635796,1517.1333263276879
53.3,25.046717056967026,-0.15696871791571143,follow,0.3924217947892785,47.17765379066126,87.90041825251669
53.4,25.031020185175453,-0.08439140224778613,follow,0.2109785056194653,47.33555177214372,
53.5,25.022581044950673,-0.061031159910945126,follow,0.1525778997773628,47.38129366764865,
53.6,25.016477928959578,-0.11882840747467185,follow,0.2970710186866796,47.22764587475269,30.737601227199395
53.7,25.00459508821211,-0.1062825065546747,follow,0.2657062663866867,47.241186365931476,
53.8,24.99396683755664,-0.11966422966366111,follow,0.29916057415915276,47.19178968217581,95.5363520263939
53.9,24.982000414590274,-0.08616439246745244,follow,0.2154109811686311,47.25758964071678,
54.0,24.97338397534353,-0.10352988793314921,follow,0.25882471983287303,47.201251243182426,83.78167166434025
54.1,24.963030986550216,-0.09943933411916533,follow,0.2485983352979133,47.19594814452741,889.9692654187608
54.2,24.953087053138297,-0.07639645619754845,follow,0.19099114049387111,47.23863943921358,
54.3,24.945447407518543,-0.04363056512643766,follow,0.10907641281609415,47.30909469846172,
54.4,24.941084351005898,-0.07465610525908631,follow,0.18664026314771576,47.22498626336113,56.14774095711364
54.5,24.93361874047999,-0.07752148856274062,follow,0.19380372140685154,47.206624389313134,257.09044875219405
54.6,24.925866591623716,-0.0843048629139247,follow,0.21076215728481174,47.17803773015076,165.03515665185142
54.7,24.917436105332325,-0.09554401535238242,follow,0.23886003838095604,47.13729411961753,115.69248160069235
54.8,24.907881703797088,-0.033326642583125475,follow,0.08331660645781369,47.27850594923782,
54.9,24.904549039538775,-0.015509005609689553,follow,0.03877251402422388,47.31805104528394,
55.0,24.902998138977807,-0.04869839083222303,follow,0.12174597708055757,47.23275123138615,55.37263104464412
55.1,24.898128299894584,-0.014101619378072883,follow,0.03525404844518221,47.311938401396695,
55.2,24.896718137956775,2.1554075215265307,follow,0.0,47.48126658760102,
55.3,25.112258890109427,-0.048539054629623025,follow,0.12134763657405756,47.54704069859008,
55.4,25.107404984646465,-0.09552291073770505,follow,0.23880727684426262,47.422300200125434,38.01676342793009
55.5,25.097852693572694,-0.1081056438363504,follow,0.270264109590876,47.37651493076817,103.47545312244883
55.6,25.087042129189058,-0.0671009903737314,follow,0.16775247593432852,47.46281071784926,
55.7,25.080332030151684,-0.08748821215737622,follow,0.21872053039344053,47.40177751483409,77.66555771790867
55.8,25.071583208935948,-0.07190224778537128,follow,0.17975561946342822,47.427619193940494,
55.9,25.06439298415741,-0.046963832284546925,follow,0.11740958071136731,47.47917989552475,
56.0,25.059696600928955,-0.07453386638462974,follow,0.18633466596157433,47.40321023543186,62.39755473101678
56.1,25.052243214290492,-0.0737515629731746,follow,0.1843789074329365,47.393985914002805,513.7937384179866
56.2,25.044868057993174,-0.16832119151451083,follow,0.42080297878627704,47.146499108203486,19.050106108053996
56.3,25.02803593884172,-0.19014335757730694,follow,0.4753583939432673,47.06669551431931,58.97816529745824
56.4,25.00902160308399,-0.18669562024602726,follow,0.46673905061506815,47.046793354010916,236.3903848877957
56.5,24.99035204105939,-0.2127079646736405,follow,0.5317699116841013,46.95375814990498,50.46880758861865
56.6,24.969081244592026,-0.14990873657690715,follow,0.37477184144226783,47.078850025445774,
56.7,24.954090370934335,-0.18187782721966245,follow,0.4546945680491561,46.976440988352344,45.871382371746265
56.8,24.935902588212368,-0.18160126111497732,follow,0.4540031527874433,46.94985072953111,176.56785909896453
56.9,24.917742462100872,-0.16341488393211423,follow,0.4085372098302855,46.96807648332102,
57.0,24.90140097370766,-0.10646602984449204,follow,0.26616507461123007,47.085936385950255,
57.1,24.89075437072321,-0.13890824288275214,follow,0.3472706072068803,46.988860948877935,48.40448043913656
57.2,24.876863546434937,-0.0908482901671846,follow,0.22712072541796147,47.088174594234445,
57.3,24.86777871741822,-0.07970854145388273,follow,0.19927135363470683,47.10239672249262,
57.4,24.85980786327283,-0.09891834349756153,follow,0.2472958587439038,47.04241593616534,78.42914175796253
57.5,24.849916028923076,-0.07297988404463354,follow,0.18244971011158384,47.09242433327303,
57.6,24.842618040518612,-0.05630581262269914,follow,0.14076453155674784,47.12316252922117,
57.7,24.836987459256342,-0.06440696223559143,follow,0.1610174055889786,47.09446378329554,164.09937878585174
57.8,24.830546763032782,-0.051764415022765325,follow,0.1294110375569133,47.11640910699226,
57.9,24.825370321530507,-0.05327336298262253,follow,0.13318340745655632,47.10487207483921,408.2928039893165
58.0,24.820042985232245,-0.039278680612952144,follow,0.09819670153238036,47.131867776315985,
58.1,24.81611511717095,-0.009566564463011674,follow,0.023916411157529183,47.20025626459889,
58.2,24.815158460724646,2.114716454326206,follow,0.0,47.33774041852643,
58.3,25.026630106157267,-0.11914710053007696,follow,0.2978677513251924,47.242077407910706,49.3838497281668
58.4,25.014715396104258,-0.048586890342440375,follow,0.12146722585610092,47.40060586830028,
58.5,25.009856707070014,-0.10446594520469717,follow,0.2611648630117429,47.25362019759328,32.14845363517629
58.6,24.999410112549544,-0.10257439299439852,follow,0.2564359824859963,47.24267918633832,431.79444829604506
58.7,24.989152673250103,-0.07838603634473884,follow,0.1959650908618471,47.28776391901331,
58.8,24.981314069615628,-0.06453543694867961,follow,0.161338592371699,47.31063251205175,
58.9,24.97486052592076,-0.07845773176858871,follow,0.19614432942147175,47.26614645945967,106.24936065439735
59.0,24.967014752743903,-0.07883085797222976,follow,0.19707714493057438,47.25344498418528,372.0311535736413
59.1,24.959131666946682,-0.08726627317176394,follow,0.21816568292940985,47.22053181749061,143.47003512469675
59.2,24.950405039629505,-0.09764649836664036,follow,0.24411624591660086,47.18149131352766,120.85266972553126
59.3,24.94064038979284,-0.06381332405635476,follow,0.1595333101408869,47.25142727454838,
59.4,24.934259057387205,-0.046554886908458576,follow,0.11638721727114643,47.28500136880966,
59.5,24.929603568696358,-0.061745736441804415,follow,0.15436434110451103,47.24004101194002,105.07043160025246
59.6,24.923428995052177,-0.02817815205738441,follow,0.07044538014346102,47.314698112434805,
59.7,24.92061117984644,-0.014111910127797956,follow,0.03527977531949489,47.34563699445016,
59.8,24.91919998883366,1.980299240412028,follow,0.0,47.41471699556679,
59.9,25.117229912874866,-0.09034034601319832,follow,0.22585086503299578,47.449994004279304,
60.0,25.108195878273545,-0.11404776038334603,follow,0.2851194009583651,47.37717441645195,65.06103073362189
60.1,25.096791102235212,-0.12667653884975608,follow,0.3166913471243902,47.328495306228426,97.22547328599235
60.2,25.084123448350237,-0.09724088445278199,follow,0.24310221113195496,47.3830829613934,
60.3,25.07439935990496,-0.07198240578181299,follow,0.17995601445453246,47.431643025402906,
60.4,25.06720111932678,-0.06595150620797484,follow,0.16487876551993708,47.43592291347023,
60.5,25.060605968705982,-0.054018654583737204,follow,0.135046636459343,47.45586231659963,
60.6,25.055204103247608,-0.006185699438617576,follow,0.015464248596543939,47.56734190627487,
60.7,25.054585533303747,-0.016797978804450508,follow,0.04199494701112627,47.53988335294449,173.13324114696144
60.8,25.052905735423302,1.911984832535859,follow,0.0,47.602592779402165,
60.9,25.24410421867689,-0.10918958819234491,follow,0.27297397048086225,47.593182357534474,505.74972117825484
61.0,25.233185259857652,-0.10556562329510939,follow,0.2639140582377735,47.58586383154871,650.2110387269886
61.1,25.22262869752814,-0.0597368337985273,follow,0.14934208449631825,47.684600961795894,
61.2,25.216655014148287,-0.02361882433654614,follow,0.05904706084136535,47.765935460381066,
61.3,25.214293131714633,1.8335890491684808,follow,0.0,47.8495061472096,
61.4,25.39765203663148,-0.05589484456030505,follow,0.13973711140076261,47.95674094354646,
61.5,25.39206255217545,-0.047423655973705084,follow,0.1185591399342627,47.96953468832891,
61.6,25.38732018657808,-0.01807104407840541,follow,0.04517761019601352,48.03580266967111,
61.7,25.385513082170238,-0.01920730472050991,follow,0.048018261801274775,48.030251361454084,865.2059926011949
61.8,25.383592351698187,1.7619134493289483,follow,0.0,48.076892126284264,
61.9,25.559783696631083,-0.10630471533018807,follow,0.26576178832547015,48.07391375662115,1614.1016460143476
62.0,25.549153225098063,-0.09229256141429971,follow,0.23073140353574928,48.092998434111344,
62.1,25.539923968956632,-0.06195196648770889,follow,0.15487991621927222,48.15500603721568,
62.2,25.53372877230786,-0.0755839993907614,follow,0.18895999847690348,48.11163315998489,110.92562041476799
62.3,25.526170372368785,1.718242840717187,follow,0.0,48.29801612274801,
62.4,25.697994656440503,-0.126710131022719,follow,0.3167753275567975,48.23021665710396,71.13657342126312
62.5,25.685323643338233,-0.15092046889488417,follow,0.3773011722372104,48.15068429277014,60.542251819229264
62.6,25.670231596448744,-0.09787450461914204,follow,0.2446862615478551,48.26066113312526,
62.7,25.66044414598683,-0.057619800181467444,follow,0.1440495004536686,48.346616718526576,
62.8,25.654682165968683,-0.02354989880932692,follow,0.0588747470233173,48.42314850192971,
62.9,25.652327176087752,1.6759907277054158,follow,0.0,48.50391578432094,
63.0,25.819926248858295,-0.08358648554093406,follow,0.20896621385233516,48.52092315943511,
63.1,25.8115676003042,-0.09783400042064727,follow,0.24458500105161818,48.472766399404684,100.65620355020724
63.2,25.801784200262137,-0.07883532840589567,follow,0.19708832101473917,48.50558797937847,
63.3,25.793900667421546,-0.08306123539840088,follow,0.20765308849600217,48.483197912636314,216.5388717727903
63.4,25.785594543881707,-0.03390134302976833,follow,0.08475335757442082,48.593638458248144,
63.5,25.782204409578732,-0.02115543883113276,follow,0.05288859707783189,48.62041801729027,
63.6,25.780088865695618,-0.029089667129088073,follow,0.07272416782272018,48.597409130720706,211.211476851774
63.7,25.77717989898271,-0.01923148306065059,follow,0.04807870765162647,48.61769114082244,
63.8,25.775256750676643,1.6284325124348973,follow,0.0,48.70016546575477,
63.9,25.938100001920134,-0.08591781492697806,follow,0.21479453731744513,48.692355465562756,623.4616423614937
64.0,25.929508220427437,-0.09074307484845577,follow,0.2268576871211394,48.667404643520015,195.05331151072718
64.1,25.920433912942592,-0.05971584687525251,follow,0.14928961718813127,48.73136125222575,
64.2,25.914462328255066,-0.029111389192939898,follow,0.07277847298234974,48.79891501940025,
64.3,25.91155118933577,-0.022626753414795076,follow,0.05656688353698769,48.81075990046667,
64.4,25.90928851399429,-0.013640688769677924,follow,0.034101721924194806,48.829831049067245,
64.5,25.907924445117324,1.5704963747327303,follow,0.0,48.90703860455551,
64.6,26.064974082590595,-0.10356797103577833,follow,0.2589199275894458,48.83854119629645,71.29983810714029
64.7,26.054617285487016,-0.12153858419311235,follow,0.30384646048278086,48.778079467747745,80.67595922014904
64.8,26.042463427067705,-0.11474480622423472,follow,0.28686201556058677,48.77683312504097,3913.597188002465
64.9,26.03098894644528,-0.09069967570859205,follow,0.22674918927148013,48.81973423039644,
65.0,26.02191897887442,-0.049334454321052594,follow,0.12333613580263147,48.909542332509,
65.1,26.016985533442316,1.5386752424605774,follow,0.0,49.09584377916477,
65.2,26.170853057688372,-0.01420844525464986,follow,0.03552111313662465,49.22075847339593,
65.3,26.169432213162906,1.4560037748745422,follow,0.0,49.26781525207964,
65.4,26.31503259065036,-0.06329475718437437,follow,0.1582368929609359,49.314311993014606,
65.5,26.308703114931923,-0.07104519635059035,follow,0.17761299087647586,49.28544168152141,170.7132314562764
65.6,26.301598595296863,-0.04444642838142557,follow,0.1111160709535639,49.34128182199173,
65.7,26.29715395245872,-0.02686580077688916,follow,0.0671645019422229,49.378566426745856,
65.8,26.294467372381032,1.4196954714385246,follow,0.0,49.46811968950775,
65.9,26.436436919524883,-0.08007175269282528,follow,0.20017938173206318,49.454475997555264,362.4713616356312
66.0,26.428429744255602,-0.03560463730148058,follow,0.08901159325370145,49.553633023129706,
66.1,26.424869280525453,1.3648513337176085,follow,0.0,49.73814609507716,
66.2,26.561354413897213,-0.024808386863350053,follow,0.06202096715837513,49.78001065368744,
66.3,26.558873575210878,1.3094484225729361,follow,0.0,49.867123296166355,
66.4,26.68981841746817,-0.02703446871308586,follow,0.06758617178271464,49.96714145441954,
66.5,26.687114970596863,-0.01929699941417482,follow,0.04824249853543705,49.982429957359855,
66.6,26.685185270655445,1.2627700440155385,follow,0.0,50.05191143029431,
66.7,26.811462275057,-0.04897128391875754,follow,0.12242820979689384,50.09476520278861,
66.8,26.806565146665125,-0.024295612750236728,follow,0.06073903187559182,50.1491086881221,
66.9,26.804135585390103,-0.028203299400826155,follow,0.07050824850206538,50.13569512958309,373.76878763212136
67.0,26.80131525545002,-0.004563711654776626,follow,0.011409279136941564,50.19056360403809,
67.1,26.800858884284544,1.221819639471633,follow,0.0,50.28847771560964,
67.2,26.923040848231707,1.1696926787337354,follow,0.0,50.45517363078647,
67.3,27.04001011610508,1.1255113196212818,follow,0.0,50.57317261917596,
67.4,27.152561248067208,1.0826999347920527,follow,0.0,50.78191649436924,
67.5,27.260831241546413,-0.059365396842008526,follow,0.1484134921050213,50.7428333702146,129.8331043583905
67.6,27.254894701862213,-0.01599926110597778,follow,0.03999815276494445,50.842343900028375,
67.7,27.253294775751616,1.0483153258571496,follow,0.0,50.889014422453215,
67.8,27.35812630833733,1.0043337103722116,follow,0.0,51.09420179161948,
67.9,27.458559679374552,-0.05739747815191834,follow,0.14349369537979584,51.04434582368203,102.38362213269576
68.0,27.45281993155936,-0.07326642672518062,follow,0.18316606681295156,50.99606383052609,105.62128963032707
68.1,27.445493288886844,-0.07869017267714469,follow,0.19672543169286172,50.97151450163741,207.6289528433166
68.2,27.43762427161913,-0.13307373318127988,follow,0.33268433295319966,50.82375207447549,34.39558556979079
68.3,27.424316898301,-0.12886198512244393,follow,0.3221549628061098,50.81432038464539,538.7615718922052
68.4,27.411430699788756,-0.13078749400664832,follow,0.3269687350166208,50.790177314666515,210.37166093254348
68.5,27.39835195038809,-0.10047432238177123,follow,0.2511858059544281,50.84634211962771,
68.6,27.388304518149912,-0.06357804376486058,follow,0.15894510941215145,50.92351166781272,
68.7,27.381946713773427,1.0353111117725804,follow,0.0,51.13231699643538,
68.8,27.485477824950685,0.9540433144310971,follow,0.0,51.25676921394031,
68.9,27.580882156393795,-0.04945689451590454,follow,0.12364223628976134,51.24768099830093,563.8915605858045
69.0,27.575936466942203,-0.059526939522635304,follow,0.14881734880658826,51.21508735160671,157.13211790041439
69.1,27.56998377298994,-0.021154674070874083,follow,0.0528866851771852,51.30208897430772,
69.2,27.567868305582852,-0.044200125849937426,follow,0.11050031462484355,51.24130214374944,84.29671636624809
69.3,27.563448292997858,0.9356354487772702,follow,0.0,51.44895731444965,
69.4,27.657011837875586,0.8904134924109013,follow,0.0,51.59625613066209,
69.5,27.746053187116676,-0.008171587489837862,follow,0.020428968724594654,51.59865081195042,
69.6,27.745236028367692,-0.04749073337515597,follow,0.11872683343788992,51.49912720911365,51.74564197960001
69.7,27.74048695503018,0.8620676594106329,follow,0.0,51.663078513610635,
69.8,27.826693720971242,-0.0170525759773426,follow,0.0426314399433565,51.69740914151351,
69.9,27.824988463373508,0.8277538604789321,follow,0.0,51.84991029517616,
70.0,27.9077638494214,-0.04220474555923204,follow,0.1055118638980801,51.75613391023402,55.191009913815165
70.1,27.903543374865478,-0.04141419582029755,follow,0.10353548955074388,51.75177957274747,1188.5109900789141
70.2,27.899401955283448,-0.01890542228241543,follow,0.047263555706038574,51.80183937721913,
70.3,27.897511413055206,0.8047339599370688,follow,0.0,51.85908823591361,
70.4,27.977984809048912,-0.03867498342586089,follow,0.09668745856465222,51.87028975500872,
70.5,27.974117310706326,0.7720501268919094,follow,0.0,51.97587802393809,
70.6,28.051322323395517,-0.05769507739789788,follow,0.1442376934947447,51.932745791598535,120.40356590580858
70.7,28.04555281565573,-0.03805548538025221,follow,0.09513871345063052,51.973190510032964,
70.8,28.041747267117703,-0.009442046942146476,follow,0.02360511735536619,52.03901578332119,
70.9,28.04080306242349,0.750335899172023,follow,0.0,52.14193547707884,
71.0,28.11583665234069,0.7161485441051237,follow,0.0,52.25835181184477,
71.1,28.187451506751202,-0.02742823958286067,follow,0.06857059895715167,52.21260666116965,114.13801439191016
71.2,28.184708682792916,-0.05677089251960581,follow,0.14192723129901452,52.13513579289036,67.29643923046926
71.3,28.179031593540955,0.6967898919834852,follow,0.0,52.304232633536266,
71.4,28.248710582739303,0.665676272305105,follow,0.0,52.38836157526234,
71.5,28.315278209969815,-0.0392334242757471,follow,0.09808356068936774,52.37483375426535,387.1638585841117
71.6,28.31135486754224,0.6441359105816368,follow,0.0,52.564698267511126,
71.7,28.3757684586004,0.6174858210307583,follow,0.0,52.62712142165108,
71.8,28.437517040703476,0.5941188926670723,follow,0.0,52.77836971758074,
71.9,28.49692892997018,0.5715224833785748,follow,0.0,52.83167682458372,
72.0,28.55408117830804,0.5497914045078559,follow,0.0,53.05526870675291,
72.1,28.609060318758825,0.5288863022710768,follow,0.0,53.25036267487703,
72.2,28.661948948985934,0.508776105292072,follow,0.0,53.26916777997844,
72.3,28.71282655951514,0.4894305709293413,follow,0.0,53.392885124026925,
72.4,28.761769616608074,0.47082062481030323,follow,0.0,53.485708162366116,
72.5,28.808851679089106,0.452918297123842,follow,0.0,53.64182299445721,
72.6,28.85414350880149,0.43569668162321307,follow,0.0,53.59140864357706,106.30189163990477
72.7,28.89771317696381,0.41912989513331667,follow,0.0,53.68463732588068,
72.8,28.93962616647714,0.40319303865247813,follow,0.0,53.81067470923296,
72.9,28.979945470342386,0.3878621599304225,follow,0.0,53.687680162198724,43.65045561512041
73.0,29.01873168633543,0.3731142174693076,follow,0.0,53.61480699356518,73.57276758909414
73.1,29.05604310808236,-0.0471447917466378,follow,0.11786197936659448,53.46620268275694,35.97890424036995
73.2,29.051328628907697,-0.03996924939814903,follow,0.09992312349537258,53.47706981986617,
73.3,29.04733170396788,0.3667673095966212,follow,0.0,53.578336649469385,
73.4,29.084008434927544,0.34805826054915134,follow,0.0,53.749935805976634,
73.5,29.118814260982457,0.33507138257956015,follow,0.0,53.79505437987839,
73.6,29.152321399240414,0.32231787117485633,follow,0.0,53.976822239954345,
73.7,29.1845531863579,0.31006283189809775,follow,0.0,53.89336692131855,64.57751022018914
73.8,29.21555946954771,-0.01701129198311264,follow,0.042528229957781605,53.78081097436378,47.781403319342004
73.9,29.2138583403494,-0.001344948078101993,follow,0.0033623701952549823,53.817425140328844,
74.0,29.21372384554159,0.2999251321915182,follow,0.0,53.89705275577469,
74.1,29.243716358760743,0.28751719988612656,follow,0.0,53.939681119898616,
74.2,29.272468078749355,-0.042907122440141165,follow,0.10726780610035291,53.80143431202368,38.9169450919221
74.3,29.26817736650534,-0.023459789753945873,follow,0.058649474384864675,53.84361657537315,
74.4,29.265831387529946,-0.047485457869908036,follow,0.11871364467477008,53.78003343662015,84.58222492844008
74.5,29.261082841742954,0.28688362181171245,follow,0.0,53.89692515244585,
74.6,29.289771203924126,0.26974733733976425,follow,0.0,53.98794803205344,
74.7,29.3167459376581,-0.005138187279811746,follow,0.012845468199529364,53.962273438287625,210.17771081600057
74.8,29.31623211893012,0.2602766949249546,follow,0.0,53.977650226394616,
74.9,29.342259788422616,-0.027186174032630107,follow,0.06796543508157527,53.94542424755235,167.39731789560858
75.0,29.339541171019352,-0.0015366504314442864,follow,0.003841626078610716,54.00547013045042,
75.1,29.33938750597621,0.2526673040864722,follow,0.0,54.1605313798528,
75.2,29.364654236384855,0.24150494024173524,follow,0.0,54.14206595621431,293.2078191987529
75.3,29.388804730409028,0.23240286082430225,follow,0.0,54.259185483173404,
75.4,29.412045016491458,0.22356185036220177,follow,0.0,54.28298098152426,
75.5,29.434401201527677,0.21506142687081928,follow,0.0,54.2845408613715,
75.6,29.455907344214758,0.20688399097055665,follow,0.0,54.34895012695002,
75.7,29.47659574331181,0.19901750312674837,follow,0.0,54.33029055261884,291.16575538290647
75.8,29.496497493624485,0.19145012739386935,follow,0.0,54.357640803256395,
75.9,29.51564250636387,0.18417049108475825,follow,0.0,54.32707655262001,177.74712424306276
76.0,29.534059555472346,0.17716765325682396,follow,0.0,54.58567059707277,
76.1,29.55177632079803,0.17043108901794604,follow,0.0,54.67049296499297,
76.2,29.568819429699825,0.16395067366917218,follow,0.0,54.68961102202299,
76.3,29.585214497066744,0.15771666748984325,follow,0.0,54.79408957231631,
76.4,29.60098616381573,0.15171970109921526,follow,0.0,54.87099095593474,
76.5,29.61615813392565,0.14595076137477855,follow,0.0,54.93937514254217,
76.6,29.63075321006313,0.1404011779060088,follow,0.0,55.085299821535855,
76.7,29.64479332785373,0.13506260996320804,follow,0.0,55.24682048875048,
76.8,29.65829958885005,0.12992703396182073,follow,0.0,55.29199052986547,
76.9,29.671292292246232,0.12498673140341587,follow,0.0,55.33486130064085,
77.0,29.683790965386574,0.12023427727519903,follow,0.0,55.40848220410219,
77.1,29.695814393114095,0.11566252889060209,follow,0.0,55.296900764790784,49.557436349663995
77.2,29.707380646003156,0.1112646151542073,follow,0.0,55.259162700190466,146.4281840773789
77.3,29.718507107518576,0.10703392623485933,follow,0.0,55.49031198943861,
77.4,29.729210500142063,0.10296410363143133,follow,0.0,55.7493909394244,
77.5,29.739506910505206,0.0990490306163462,follow,0.0,55.83544024837388,
77.6,29.74941181356684,0.0952828230424462,follow,0.0,56.000499067017195,
77.7,29.758940095871086,0.0916598204994429,follow,0.0,56.143605057430086,
77.8,29.76810607792103,0.08817457780661685,follow,0.0,56.54579444963798,
77.9,29.77692353570169,0.08482185682899264,follow,0.0,56.76910209606781,
78.0,29.785405721384592,0.08159661860471275,follow,0.0,56.87856152392935,
78.1,29.793565383245063,0.078494015771739,follow,0.0,56.91320498560484,
78.2,29.80141478482224,0.07550938528251692,follow,0.0,56.89006350712262,245.8359069444194
78.3,29.80896572335049,0.07263824139567882,follow,0.0,57.03816693478757,
78.4,29.816229547490057,0.06987626893419367,follow,0.0,57.09854398003856,
78.5,29.823217174383476,0.06721931679989979,follow,0.0,57.10022226260021,
78.6,29.829939106063467,0.06466339173461791,follow,0.0,57.17622835199386,
78.7,29.836405445236927,0.062204652318498796,follow,0.0,57.21458780747017,
78.8,29.842625910468776,0.0598394031965654,follow,0.0,57.51532521642329,
78.9,29.84860985078843,0.05756408952479966,follow,0.0,57.74346423134445,
79.0,29.85436625974091,0.055375291627396454,follow,0.0,57.890027605370356,
79.1,29.85990378890365,0.05326971985716931,follow,0.0,58.18003722647999,
79.2,29.865230760889368,0.05124420965139436,follow,0.0,58.34051415039105,
79.3,29.870355181854507,0.04929571677562805,follow,0.0,58.4154786322056,
79.4,29.87528475353207,0.04742131274838926,follow,0.0,58.718950156852394,
79.5,29.88002688480691,0.045618180439817024,follow,0.0,58.9319474683717,
79.6,29.88458870285089,0.04388360983765267,follow,0.0,58.99848859808662,
79.7,29.888977063834655,0.04221499397425568,follow,0.0,59.14859089170315,
79.8,29.89319856323208,0.04060982500845611,follow,0.0,59.23627103537994,
79.9,29.897259545732926,0.0390656904564068,follow,0.0,59.27854508080665,
80.0,29.901166114778565,0.03758026956575407,follow,0.0,59.543428469328795,
80.1,29.90492414173514,0.0361513298276563,follow,0.0,59.90493605515528,
80.2,29.908539274717906,0.03477672362145441,follow,0.0,59.95408212768349,
80.3,29.91201694708005,0.033454384986907115,follow,0.0,60.19388043297549,
80.4,29.915362385578742,0.032182326519157554,follow,0.0,60.320344194417615,
80.5,29.918580618230656,0.030958636381780383,follow,0.0,60.46448613259455,
80.6,29.921676481868836,0.029781475433375705,follow,0.0,60.60231848440767,
80.7,29.924654629412174,0.028649074463461235,follow,0.0,60.71685302146645,
80.8,29.92751953685852,0.027559731533420263,follow,0.0,60.922101067780595,
80.9,29.93027551001186,0.026511809418585133,follow,0.0,61.04607351677941,
81.0,29.932926690953717,0.025503733147584386,follow,0.0,61.27878084768404,
81.1,29.935477064268476,0.02453398763523076,follow,0.0,61.483233141257195,
81.2,29.937930463032,0.02360111540543777,follow,0.0,61.673440094953996,
81.3,29.940290574572543,0.02270371440071095,follow,0.0,61.80241103749674,
81.4,29.942560946012616,0.02184043587491722,follow,0.0,61.96515494289548,
81.5,29.944744989600107,0.021009982366211946,follow,0.0,62.26068044393547,
81.6,29.946845987836728,0.02021110574699847,follow,0.0,62.5339958451518,
81.7,29.948867098411426,0.019442605348080025,follow,0.0,62.66710913531066,
81.8,29.950811358946236,0.01870332615410071,follow,0.0,62.90902799941604,
81.9,29.952681691561647,0.017992157067635618,follow,0.0,63.216759830259875,
82.0,29.95448090726841,0.017308029239253033,follow,0.0,63.292311739533034,
82.1,29.95621171019234,0.01664991446110129,follow,0.0,63.5866905685138,
82.2,29.957876701638448,0.016016823621566447,follow,0.0,63.766902898349954,
82.3,29.959478384000604,0.015407805218679727,follow,0.0,64.06995505994989,
82.4,29.961019164522472,0.014821943930077098,follow,0.0,64.24685314349765,
82.5,29.962501358915482,0.014258359237302544,follow,0.0,64.3246030076061,
82.6,29.96392719483921,0.013716204102450648,follow,0.0,64.42221028812217,
82.7,29.965298815249458,0.013194663695093568,follow,0.0,64.68768040659722,
82.8,29.966618281618967,0.012692954167658855,follow,0.0,64.97601857843533,
82.9,29.967887577035732,0.01221032147732437,follow,0.0,65.15322982073175,
83.0,29.969108609183465,0.011746040252747747,follow,0.0,65.4863189598134,
83.1,29.970283213208738,0.01129941270386823,follow,0.0,65.59629063849253,
83.2,29.971413154479126,0.010869767573155187,follow,0.0,65.86614932304462,
83.3,29.97250013123644,0.01045645912676676,follow,0.0,66.02689930992098,
83.4,29.973545777149116,0.010058866184015615,follow,0.0,66.24554473220607,
83.5,29.974551663767517,0.009676391183792533,follow,0.0,66.53608956582931,
83.6,29.975519302885896,0.00930845928645212,follow,0.0,66.74053763554072,
83.7,29.976450148814543,0.008954517509859629,follow,0.0,66.99489262065927,
83.8,29.977345600565528,0.00861403389829647,follow,0.0,67.38915806060272,
83.9,29.978207003955358,0.00828649672294155,follow,0.0,67.63133736020718,
84.0,29.97903565362765,0.007971413712792952,follow,0.0,68.01643379484442,
84.1,29.97983279499893,0.007668311314787957,follow,0.0,68.20945051534453,
84.2,29.98059962613041,0.007376733982096795,follow,0.0,68.57139055273149,
84.3,29.98133729952862,0.007096243489447929,follow,0.0,69.02625682277862,
84.4,29.982046923877565,0.0068264182745007675,follow,0.0,69.09505213039087,
84.5,29.982729565705014,0.00656685280426963,follow,0.0,69.33477917382037,
84.6,29.98338625098544,0.006317156965611304,follow,0.0,69.71344054872182,
84.7,29.984017966682,0.006076955478919999,follow,0.0,70.01803875205363,
84.8,29.98462566222989,0.0058458873340974556,follow,0.0,70.38357618583063,
84.9,29.985210250963302,0.0056236052479739845,follow,0.0,70.6550551607343,
85.0,29.9857726114881,0.0054097751423626056,follow,0.0,70.9984778995855,
85.1,29.986313589002336,0.005204075641946915,follow,0.0,71.32084654068527,
85.2,29.98683399656653,0.0050061975912896635,follow,0.0,71.77916314102862,
85.3,29.98733461632566,0.004815843590170488,follow,0.0,72.14942967939605,
85.4,29.98781620068468,0.004632727546618654,follow,0.0,72.53164805932758,
85.5,29.98827947343934,0.0044565742469327325,follow,0.0,72.84182011198365,
85.6,29.988725130864033,0.004287118942040991,follow,0.0,73.14694759889724,
85.7,29.98915384275824,0.00412410694960208,follow,0.0,73.46103221462141,
85.8,29.989566253453198,0.003967293271240991,follow,0.0,73.86207558927609,
85.9,29.989962982780323,0.0038164422243081473,follow,0.0,74.18407929099806,
86.0,29.990344627002752,0.0036713270876845175,follow,0.0,74.58104482829778,
86.1,29.99071175971152,0.0035317297610085066,follow,0.0,75.16197365232662,
86.2,29.99106493268762,0.0033974404369008226,follow,0.0,75.62386715905787,
86.3,29.99140467673131,0.003268257285631293,follow,0.0,75.96872669138473,
86.4,29.991731502459874,0.0031439861517682747,follow,0.0,76.47155354113875,
86.5,29.992045901075052,0.0030244402623903714,follow,0.0,76.81434895103123,
86.6,29.99234834510129,0.00290943994636379,follow,0.0,76.99511411652111,
86.7,29.992639289095926,0.0027988123643119425,follow,0.0,77.28285018761152,
86.8,29.992919170332357,0.0026923912488420855,follow,0.0,77.48655827057829,
86.9,29.99318840945724,0.002590016654662719,follow,0.0,77.84823942963256,
87.0,29.993447411122705,0.0024915347181849513,follow,0.0,78.25089468852029,
87.1,29.993696564594522,0.00239679742628276,follow,0.0,78.82552503206084,
87.2,29.99393624433715,0.0023056623938266796,follow,0.0,79.26613140762713,
87.3,29.99416681057653,0.0022179926496974645,follow,0.0,79.65471472656948,
87.4,29.9943886098415,0.0021336564309144992,follow,0.0,80.15327586558533,
87.5,29.994601975484592,0.0020525269846174868,follow,0.0,80.34381566803687,
87.6,29.994807228183053,0.0019744823775486252,follow,0.0,80.78833494521857,
87.7,29.99500467642081,0.001899405312798308,follow,0.0,81.29083447757648,
87.8,29.995194616952087,0.0018271829535258634,follow,0.0,81.56631501588127,
87.9,29.99537733524744,0.0017577067533476765,follow,0.0,82.11477728235653,
88.0,29.995553105922774,0.0016908722932235777,follow,0.0,82.58322197176425,
88.1,29.995722193152098,0.001626579124499017,follow,0.0,82.97764975244904,
88.2,29.99588485106455,0.0015647306179548794,follow,0.0,83.48306126734258,
88.3,29.996041324126345,0.0015052338185636673,follow,0.0,84.16145713492995,
88.4,29.9961918475082,0.0014479993057925356,follow,0.0,84.62783795017913,
88.5,29.99633664743878,0.0013929410591970283,follow,0.0,85.10420428543524,
88.6,29.996475941544702,0.0013399763291587876,follow,0.0,85.50955669128078,
88.7,29.996609939177617,0.0012890255124958117,follow,0.0,85.87889569736302,
88.8,29.996738841728867,0.001240012032828375,follow,0.0,86.42522181319013,
88.9,29.99686284293215,0.0011928622254991695,follow,0.0,86.79953552889693,
89.0,29.9969821291547,0.0011475052268458798,follow,0.0,87.27383731598145,
89.1,29.997096879677382,0.0011038728677050357,follow,0.0,87.69412762801372,
89.2,29.997207266964153,0.0010618995709531732,follow,0.0,88.2174069013173,
89.3,29.997313456921248,0.0010215222529538438,follow,0.0,88.72967555562518,
89.4,29.997415609146543,0.0009826802287349779,follow,0.0,89.31793399471053,
89.5,29.997513877169418,0.0009453151207956978,follow,0.0,89.74818260699358,
89.6,29.997608408681497,0.0009093707713613953,follow,0.0,90.20742176612544,
89.7,29.997699345758633,0.000874793157978715,follow,0.0,90.59565183154957,
89.8,29.99778682507443,0.0008415303123282315,follow,0.0,91.04187314904213,
89.9,29.997870978105663,0.0008095322421191042,follow,0.0,91.57908605123157,
90.0,29.997951931329876,0.0007787508559431444,follow,0.0,92.15829085809858,
90.1,29.99802980641547,0.0007491398910147496,follow,0.0,92.55648787745703,
90.2,29.998104720404573,0.0007206548436194283,follow,0.0,93.13767740541657,
90.3,29.998176785888933,0.0006932529022463997,follow,0.0,93.76485972682768,
90.4,29.998246111179157,0.0006668928832258558,follow,0.0,94.28803511570976,
90.5,29.998312800467478,0.0006415351688485061,follow,0.0,94.95920383566302,
90.6,29.998376953984362,0.0006171416478128578,follow,0.0,95.34836614026459,
90.7,29.998438668149145,0.0005936756579504988,follow,0.0,95.68452227344967,
90.8,29.998498035714942,0.0005711019311249289,follow,0.0,95.95967246987819,
90.9,29.998555145908053,0.0005493865402229403,follow,0.0,96.56981695528738,
91.0,29.998610084562074,0.0005284968481600316,follow,0.0,97.08795594683117,
91.1,29.99866293424689,0.0005084014588351949,follow,0.0,97.52708965340648,
91.2,29.998713774392776,0.0004890701699469702,follow,0.0,97.9962182759672,
91.3,29.998762681409772,0.0004704739275929626,follow,0.0,98.31534200782622,
91.4,29.99880972880253,0.00045258478260841174,follow,0.0,98.99746103494597,
91.5,29.99885498728079,0.00043537584855428695,follow,0.0,99.4355755362179,
91.6,29.998898524865645,0.00041882126131476127,follow,0.0,99.86668568373133,
91.7,29.998940406991775,0.0004028961402251952,follow,0.0,100.35579164303216,
91.8,29.9989806966058,0.00038757655066881116,follow,0.0,100.81489357337158,
91.9,29.999019454260864,0.0003728394681214553,follow,0.0,101.24299162794549,
92.0,29.999056738207678,0.0003586627435222312,follow,0.0,101.56208595412471,
92.1,29.99909260448203,0.00034502507001192844,follow,0.0,102.0051766936765,
92.2,29.999127106989032,0.0003319059508857692,follow,0.0,102.5862639829776,
92.3,29.999160297584123,0.0003192856688059465,follow,0.0,103.10834795321918,
92.4,29.999192226151003,0.00030714525615884727,follow,0.0,103.65042873060408,
92.5,29.999222940676617,0.0002954664665459461,follow,0.0,103.97350643653641,
92.6,29.99925248732327,0.0002842317473639611,follow,0.0,104.24358118780408,
92.7,29.99928091049801,0.0002734242134284415,follow,0.0,104.59565309675428,
92.8,29.999308252919352,0.0002630276215871419,follow,0.0,104.96172227146234,
92.9,29.99933455568151,0.00025302634631643175,follow,0.0,105.42678881589418,
93.0,29.999359858316144,0.00024340535622613402,follow,0.0,105.60685283006256,
93.1,29.999384198851764,0.00023415019148380621,follow,0.0,106.10491441017739,
93.2,29.99940761387091,0.000225246942062185,follow,0.0,106.42897364879029,
93.3,29.999430138565117,0.0002166822268502955,follow,0.0,106.72103063493378,
93.4,29.999451806787803,0.0002084431735354997,follow,0.0,106.950085454255,
93.5,29.999472651105158,0.00020051739925932568,follow,0.0,107.1101381891445,
93.6,29.999492702845085,0.0001928929920023137,follow,0.0,107.51218891885999,
93.7,29.999511992144285,0.00018555849268615533,follow,0.0,107.83423771964556,
93.8,29.999530547993555,0.00017850287794338727,follow,0.0,108.0162846648462,
93.9,29.99954839828135,0.0001717155435638773,follow,0.0,108.19332982501807,
94.0,29.999565569835706,0.00016518628853852136,follow,0.0,108.4603732680345,
94.1,29.99958208846456,0.00015890529974882384,follow,0.0,108.92041505918804,
94.2,29.999597978994537,0.00015286313719720113,follow,0.0,109.18445526128859,
94.3,29.999613265308255,0.00014705071983840413,follow,0.0,109.32149393475777,
94.4,29.99962797038024,0.00014145931191293927,follow,0.0,109.57753113771975,
94.5,29.99964211631143,0.00013608050983116016,follow,0.0,109.8255669260886,
94.6,29.999655724362416,0.00013090622954123888,follow,0.0,109.83060135365236,
94.7,29.99966881498537,0.00012592869437533238,follow,0.0,110.09063447215382,
94.8,29.99968140785481,0.00012114042335724663,follow,0.0,110.32766633136835,
94.9,29.999693521897143,0.00011653421997550594,follow,0.0,110.65069697917863,
95.0,29.99970517531914,0.0001121031613461554,follow,0.0,111.08072646164672,
95.1,29.999716385635274,0.00010784058782284945,follow,0.0,111.43575482308319,
95.2,29.999727169694058,0.00010374009298494969,follow,0.0,111.64978210611378,
95.3,29.999737543703358,9.979551400718378e-05,follow,0.0,111.77780835174345,
95.4,29.999747523254758,9.600092239665515e-05,follow,0.0,112.25683359941797,
95.5,29.999757123347,9.235061507979482e-05,follow,0.0,112.48785788708328,
95.6,29.999766358408507,8.883910584280842e-05,follow,0.0,112.70888125124243,
95.7,29.999775242319092,8.546111707055105e-05,follow,0.0,112.92190372701052,
95.8,29.9997837884308,8.221157182575212e-05,follow,0.0,113.15092534816743,
95.9,29.999792009587985,7.90855862138784e-05,follow,0.0,113.34194614720863,
96.0,29.999799918146607,7.607846204606973e-05,follow,0.0,113.48696615539397,
96.1,29.99980752599281,7.318567977385726e-05,follow,0.0,113.62998540279469,
96.2,29.999814844560788,7.040289169601976e-05,follow,0.0,113.81700391833861,
96.3,29.999821884849958,6.772591543224848e-05,follow,0.0,113.95002172985362,
96.4,29.9998286574415,6.515072762773855e-05,follow,0.0,114.06203886410947,
96.5,29.999835172514263,6.267345791357571e-05,follow,0.0,114.24705534685805,
96.6,29.999841439860056,6.029038308135171e-05,follow,0.0,114.39307120287204,
96.7,29.999847468898363,5.799792150149586e-05,follow,0.0,114.7010864559822,
96.8,29.99985326869051,5.579262772101857e-05,follow,0.0,114.61010112911316,125.96547715222641
96.9,29.999858847953284,5.367118729999732e-05,follow,0.0,114.86811524431783,
97.0,29.999864215072016,5.163041182782991e-05,follow,0.0,115.13612882281063,
97.1,29.9998693781132,4.9667234128136784e-05,follow,0.0,115.08514188499932,225.7149513682857
97.2,29.999874344836613,4.777870364840453e-05,follow,0.0,115.19315445051565,
97.3,29.99987912270698,4.5961982025488626e-05,follow,0.0,115.29316653824495,
97.4,29.99988371890518,4.4214338826265026e-05,follow,0.0,115.29117816635443,5798.270369649747
97.5,29.999888140339063,4.253314743358772e-05,follow,0.0,115.34318935232052,
97.6,29.999892393653806,4.091588110668454e-05,follow,0.0,115.35920011295514,
97.7,29.999896485241916,3.936010917868771e-05,follow,0.0,115.63821046443094,
97.8,29.999900421252832,3.78634934090627e-05,follow,0.0,115.83522042230565,
97.9,29.999904207602174,3.6423784458961e-05,follow,0.0,116.05823000154544,
98.0,29.99990784998062,3.5038818529642414e-05,follow,0.0,116.22523921654738,
98.1,29.999911353862473,3.3706514084386184e-05,follow,0.0,116.21524808116114,1163.183598143701
98.2,29.999914724513882,3.24248687423534e-05,follow,0.0,116.25625660870975,
98.3,29.999917967000755,3.1191956261622526e-05,follow,0.0,116.38626481200967,
98.4,29.99992108619638,3.000592363520127e-05,follow,0.0,116.35327270339003,352.6700098038996
98.5,29.999924086788745,2.886498831955464e-05,follow,0.0,116.49428029471116,
98.6,29.99992697328758,2.7767435551595557e-05,follow,0.0,116.5422875973824,
98.7,29.999929750031136,2.6711615767283092e-05,follow,0.0,116.57329462237928,
98.8,29.999932421192714,2.5695942125381067e-05,follow,0.0,116.69830138026,
98.9,29.999934990786926,2.4718888123587137e-05,follow,0.0,116.79430788118131,
99.0,29.99993746267574,2.37789852981507e-05,follow,0.0,116.81131413491374,
99.1,29.999939840574267,2.2874821028651127e-05,follow,0.0,116.96232015085631,
99.2,29.99994212805637,2.20050363992641e-05,follow,0.0,116.90332593805067,198.16066759497477
99.3,29.999944328560012,2.1168324174780652e-05,follow,0.0,116.99433150519467,
99.4,29.99994644539243,2.036342682067982e-05,follow,0.0,117.07833686065543,
99.5,29.99994848173511,1.9589134614861337e-05,follow,0.0,117.07534201248191,3909.2246160586965
99.6,29.999950440648572,1.8844283840380173e-05,follow,0.0,117.12534696841705,
99.7,29.999952325076958,1.8127755024011097e-05,follow,0.0,117.02735173590935,119.42147463828803
99.8,29.99995413785246,1.7438471265762703e-05,follow,0.0,117.12035632212411,
99.9,29.999955881699584,1.677539660356331e-05,follow,0.0,117.10836073395416,976.2619312593401
100.0,29.999957559239245,1.613753447138322e-05,follow,0.0,117.06136497803023,249.0892266261794
100.1,29.999959172992693,1.5523926199279005e-05,follow,0.0,117.15036906073095,
100.2,29.999960725385314,1.493364956353105e-05,follow,0.0,117.07737298819242,160.3885920388283
100.3,29.99996221875027,1.4365817414585537e-05,follow,0.0,116.9363767663174,82.93582282649021
100.4,29.99996365533201,1.3819576325602157e-05,follow,0.0,116.7773804007842,73.44657219626772
100.5,29.99996503728964,1.3294105328043317e-05,follow,0.0,116.80638389705523,
100.6,29.999966366700175,1.2788614663250542e-05,follow,0.0,116.6623872603852,81.01743898902895
100.7,29.99996764556164,1.2302344611825335e-05,follow,0.0,116.78339049582904,
100.8,29.9999688757961,1.1834564330115428e-05,follow,0.0,116.55839360824943,51.80444710241066
100.9,29.999970059252533,1.138457077018984e-05,follow,0.0,116.66339660232418,
101.0,29.99997119770961,1.095168761828802e-05,follow,0.0,116.63239948255323,376.2685060559035
101.1,29.999972292878372,1.0535264269861955e-05,follow,0.0,116.56840225326539,182.1460140547356
101.2,29.9999733464048,1.0134674865369676e-05,follow,0.0,116.4604049186249,107.83636957922928
101.3,29.999974359872287,9.749317342411246e-06,follow,0.0,116.43040748263768,388.1345310052746
101.4,29.99997533480402,9.378612525168252e-06,follow,0.0,116.35740994915727,159.39909802623157
101.5,29.999976272665272,9.022003265357625e-06,follow,0.0,116.37941232189074,
101.6,29.9999771748656,8.678953597041072e-06,follow,0.0,116.30941460440418,166.16172466871743
101.7,29.999978042760958,8.348947937264485e-06,follow,0.0,116.23741680012809,161.44578014404894
101.8,29.999978877655753,8.031490301263489e-06,follow,0.0,116.11541891236251,95.17822073729988
101.9,29.999979680804785,7.726103570249165e-06,follow,0.0,116.01542094428204,116.01777833216842
102.0,29.99998045341514,7.432328765588637e-06,follow,0.0,115.94242289894052,158.82948968909423
102.1,29.99998119664802,7.149724353539e-06,follow,0.0,115.68842477927572,45.54696110819573
102.2,29.999981911620456,6.877865599363986e-06,follow,0.0,115.46142658811368,50.864469887202794
102.3,29.999982599407016,6.616343913634637e-06,follow,0.0,115.41042832817298,226.302678684266
102.4,29.999983261041407,6.364766241162556e-06,follow,0.0,115.30543000206885,109.81644591905695
102.5,29.99998389751803,6.122754475157422e-06,follow,0.0,115.16443161231705,81.67783462991231
102.6,29.999984509793478,5.889944885595355e-06,follow,0.0,115.0364331613377,89.8733010291651
102.7,29.999985098787967,5.665987568903574e-06,follow,0.0,114.9314346514589,109.46006260862944
102.8,29.999985665386724,5.450545931751094e-06,follow,0.0,114.74543608492023,61.69157011275281
102.9,29.999986210441318,5.243296176260515e-06,follow,0.0,114.5334374638761,54.02555776060148
103.0,29.999986734770935,5.043926816838962e-06,follow,0.0,114.40043879039901,86.01622542506217
103.1,29.999987239163616,4.8521382133515095e-06,follow,0.0,114.16144006648264,47.766547952964714
103.2,29.999987724377437,4.66764211459747e-06,follow,0.0,114.03644129404489,91.23004895975386
103.3,29.99998819114165,4.490161233405843e-06,follow,0.0,113.72644247493072,36.68608893411558
103.4,29.999988640157774,4.319428828480909e-06,follow,0.0,113.64344361091494,136.92168556585605
103.5,29.999989072100657,4.155188295484891e-06,follow,0.0,113.50844470370488,84.0810100240881
103.6,29.999989487619487,3.997192790095028e-06,follow,0.0,113.35044575494294,71.74126577621985
103.7,29.999989887338767,3.8452048531922856e-06,follow,0.0,113.24844676620906,111.02898976938202
103.8,29.999990271859254,3.6989960552347156e-06,follow,0.0,113.19844773902314,226.40130040547726
103.9,29.99999064175886,3.5583466530653143e-06,follow,0.0,113.08844867484726,102.80855525645316
104.0,29.999990997593525,3.4230452577332928e-06,follow,0.0,112.7334495750879,31.755981818406827
104.1,29.99999133989805,3.2928885183025614e-06,follow,0.0,112.4214504410981,36.03261618180377
104.2,29.9999916691869,3.1676808134761815e-06,follow,0.0,112.15945127417942,42.809086988046566
104.3,29.99999198595498,3.0472339673792703e-06,follow,0.0,111.94645207558392,52.557217498352614
104.4,29.999992290678378,2.931366950420511e-06,follow,0.0,111.76945284651609,63.14685856833799
104.5,29.99999258381507,2.8199056245625798e-06,follow,0.0,111.48445358813458,39.117453926458516
104.6,29.999992865805634,2.712682465144667e-06,follow,0.0,111.27045430155403,51.995712733212535
104.7,29.99999313707388,2.6095363256928295e-06,follow,0.0,110.97245498784663,37.23916461660476
104.8,29.999993398027513,2.5103121778613516e-06,follow,0.0,110.68145564804388,38.034950774481935
104.9,29.99999364905873,2.414860899335736e-06,follow,0.0,110.320456283138,30.55973694355473
105.0,29.999993890544822,2.3230390254980194e-06,follow,0.0,109.99445689408351,33.74069418139332
105.1,29.999994122848726,2.234708557580234e-06,follow,0.0,109.62845748179863,29.95317855769403
105.2,29.999994346319582,2.1497367391987155e-06,follow,0.0,109.28845804716667,32.14371758160981
105.3,29.999994561293256,2.0679958602443095e-06,follow,0.0,109.10945859103734,60.95519000471527
105.4,29.999994768092844,1.989363068943817e-06,follow,0.0,108.76145911422806,31.25333983586218
105.5,29.99999496702915,1.913720187474155e-06,follow,0.0,108.70145961752515,181.17061907328284
105.6,29.99999515840117,1.8409535218921748e-06,follow,0.0,108.46146010168503,45.19236621041353
105.7,29.999995342496522,1.7709537150523149e-06,follow,0.0,108.19146056743539,40.07098044376526
105.8,29.999995519591895,1.7036155554706057e-06,follow,0.0,107.8314610154762,29.95322089392495
105.9,29.99999568995345,1.6388378416110072e-06,follow,0.0,107.59346144648084,45.2074186103191
106.0,29.999995853837234,1.5765232149078658e-06,follow,0.0,107.24646186109712,30.906798272539874
106.1,29.999996011489557,1.516578015525738e-06,follow,0.0,106.95146225994816,36.254781987296525
106.2,29.999996163147358,1.458912156238057e-06,follow,0.0,106.84846264363343,103.736757928434
106.3,29.999996309038576,1.4034389611339294e-06,follow,0.0,106.52546301272957,32.980057195309115
106.4,29.999996449382472,1.3500750629447113e-06,follow,0.0,106.29746336779132,46.62176706309412
106.5,29.99999658438998,1.2987402545405759e-06,follow,0.0,105.91646370935233,27.799621696067927
106.6,29.999996714264004,1.2493573862570885e-06,follow,0.0,105.58346403792592,31.706777242650237
106.7,29.999996839199742,1.2018522340895289e-06,follow,0.0,105.39046435400594,54.60654764476468
106.8,29.999996959384966,1.1561534019932652e-06,follow,0.0,105.00046465806744,26.923217056719498
106.9,29.999997075000305,1.1121922081969161e-06,follow,0.0,104.79946495056741,52.13911316291414
107.0,29.999997186219527,1.0699025779103976e-06,follow,0.0,104.50546523194546,35.546110629556935
107.1,29.999997293209784,1.0292209580597955e-06,follow,0.0,104.10546550262448,26.026383987646504
107.2,29.99999739613188,9.900861986267273e-07,follow,0.0,103.7954657630113,33.48243643447097
107.3,29.9999974951405,9.524394894100397e-07,follow,0.0,103.50746601349724,35.94012362446434
107.4,29.99999759038445,9.162242463389704e-07,follow,0.0,103.1864662544588,32.145340720365
107.5,29.999997682006875,8.813860375767036e-07,follow,0.0,102.6874664862581,20.578660157805793
107.6,29.999997770145477,8.478725082028404e-07,follow,0.0,102.25046670924355,23.39828807414692
107.7,29.999997854932726,8.15633285000672e-07,follow,0.0,101.84646692375028,25.209534900965004
107.8,29.999997936496055,7.846199139294185e-07,follow,0.0,101.45046713010068,25.618818180462892
107.9,29.999998014958045,7.547857865830566e-07,follow,0.0,101.10446732860487,29.22096107902848
108.0,29.999998090436623,7.260860616753462e-07,follow,0.0,100.7184675195612,26.092880141339258
108.1,29.99999816304523,6.984776042884278e-07,follow,0.0,100.20946770325668,19.687525317946996
108.2,29.99999823289299,6.71918922634518e-07,follow,0.0,99.82946787996738,26.270924816711243
108.3,29.999998300084883,6.463701012648926e-07,follow,0.0,99.4614680499589,27.027585324608633
108.4,29.999998364721893,6.217927374763122e-07,follow,0.0,99.0844682134867,26.28236371152803
108.5,29.99999842690117,5.981498951257436e-07,follow,0.0,98.74246837079659,28.872080055389457
108.6,29.99999848671616,5.754060413920571e-07,follow,0.0,98.37646852212497,26.878827649568446
108.7,29.999998544256762,5.535269934853205e-07,follow,0.0,97.9764686676993,24.494126081214425
108.8,29.999998599609462,5.324798650008233e-07,follow,0.0,97.53146880773835,21.917190898958452
108.9,29.99999865285745,5.122330264839548e-07,follow,0.0,96.9594689424526,16.950960101016125
109.0,29.999998704080753,4.927560475209702e-07,follow,0.0,96.54246907204453,23.15167843519189
109.1,29.99999875335636,4.740196537511565e-07,follow,0.0,96.10346919670889,21.89145705866848
109.2,29.999998800758323,4.559956881422523e-07,follow,0.0,95.66446931663306,21.79145682229072
109.3,29.999998846357894,4.3865705734447147e-07,follow,0.0,95.10246943199726,16.922151059448975
109.4,29.9999988902236,4.2197770575569395e-07,follow,0.0,94.55046954297491,17.1287116942056
109.5,29.99999893242137,4.059325675598302e-07,follow,0.0,94.15546964973277,23.8368342018804
109.6,29.999998973014627,3.9049752089681536e-07,follow,0.0,93.6724697524313,19.393890200760435
109.7,29.99999901206438,3.7564937258594e-07,follow,0.0,93.23846985122486,21.483523289300184
109.8,29.999999049629317,3.61365804479874e-07,follow,0.0,92.75046994626193,19.006247542877546
109.9,29.999999085765896,3.4762535143784136e-07,follow,0.0,92.25747003768534,18.713486236550235
110.0,29.999999120528432,3.3440735904832767e-07,follow,0.0,91.82747012563249,21.355229978360477
110.1,29.999999153969167,3.2169196586551155e-07,follow,0.0,91.28347021023558,16.780052280639186
110.2,29.999999186138364,3.094600558029015e-07,follow,0.0,90.78047029162174,18.047810135197217
110.3,29.99999921708437,2.9769324996209437e-07,follow,0.0,90.2314703699133,16.435607147105113
110.4,29.999999246853694,2.8637386009222613e-07,follow,0.0,89.67947044522792,16.246283094394208
110.5,29.99999927549108,2.7548487366857446e-07,follow,0.0,89.1314705176788,16.264869033160853
110.6,29.99999930303957,2.650099283130203e-07,follow,0.0,88.61747058737485,17.24075537033057
110.7,29.99999932954056,2.5493327981962466e-07,follow,0.0,88.04747065442079,15.44692649315061
110.8,29.99999935503389,2.452397801278039e-07,follow,0.0,87.6004707189174,19.597423570154696
110.9,29.999999379557867,2.3591486453256039e-07,follow,0.0,86.98947078096162,14.237230706111198
111.0,29.999999403149353,2.269445158020744e-07,follow,0.0,86.4254708406467,15.323666664288485
111.1,29.999999425843804,2.183152531642918e-07,follow,0.0,85.83847089806231,14.623250305637491
111.2,29.99999944767533,2.1001410601684257e-07,follow,0.0,85.38447095329478,18.80715448038551
111.3,29.99999946867674,2.0202859758455817e-07,follow,0.0,84.8334710064271,15.396275714487563
111.4,29.9999994888796,1.9434673141915938e-07,follow,0.0,84.33847105753914,17.038076720413688
111.5,29.99999950831427,1.8695695516157685e-07,follow,0.0,83.65547110670771,12.248239696777802
111.6,29.999999527009965,1.798481669368357e-07,follow,0.0,83.09447115400671,14.811849939369722
111.7,29.999999544994782,1.7300967840583327e-07,follow,0.0,82.57347119950724,15.8490361633208
111.8,29.999999562295752,1.664312144100677e-07,follow,0.0,81.98947124327766,14.03929407334526
111.9,29.999999578938873,1.6010289058954188e-07,follow,0.0,81.47147128538377,15.728084538198607
112.0,29.999999594949163,1.5401518993485297e-07,follow,0.0,80.83447132588886,12.68987071678675
112.1,29.99999961035068,1.4815896847153455e-07,follow,0.0,80.33047136485379,15.938586820498672
112.2,29.999999625166577,1.4252542115400502e-07,follow,0.0,79.88547140233713,17.95179283848744
112.3,29.99999963941912,1.371060811550251e-07,follow,0.0,79.24447143839522,12.362632745105183
112.4,29.999999653129727,1.318928052995716e-07,follow,0.0,78.59247147308226,12.054060683171407
112.5,29.999999666319006,1.268777580776259e-07,follow,0.0,78.07147150645035,14.984928312214224
112.6,29.99999967900678,1.2205340063076165e-07,follow,0.0,77.55347153854967,14.971713579993866
112.7,29.99999969121212,1.1741248115981761e-07,follow,0.0,76.88147156942846,11.440695699728664
112.8,29.99999970295337,1.1294802675365646e-07,follow,0.0,76.21147159913312,11.37484701164076
112.9,29.999999714248172,1.0865333024412394e-07,follow,0.0,75.5464716277083,11.360372161497056
113.0,29.999999725113504,1.0452193244248065e-07,follow,0.0,74.80147165519695,10.040466364454439
113.1,29.999999735565698,1.0054762391575878e-07,follow,0.0,74.08147168164038,10.289093667004124
113.2,29.99999974562046,9.672443468389247e-08,follow,0.0,73.35147170707833,10.048147159331695
113.3,29.999999755292905,9.304661610087806e-08,follow,0.0,72.63247173154905,10.10187401996513
113.4,29.999999764597565,8.950864405221637e-08,follow,0.0,71.96047175508929,10.708403910100246
113.5,29.999999773548428,8.610519728335931e-08,follow,0.0,71.30147177773445,10.819647075547882
113.6,29.999999782158948,8.283116059715212e-08,follow,0.0,70.72947179951855,12.36529274356415
113.7,29.999999790442065,7.968161597204926e-08,follow,0.0,69.97547182047434,9.280566812372781
113.8,29.999999798410226,7.665182906180235e-08,follow,0.0,69.35347184063332,11.15007621999593
113.9,29.999999806075408,7.373724564274653e-08,follow,0.0,68.64347186002578,9.66809489224044
114.0,29.999999813449133,7.093348450837312e-08,follow,0.0,67.94047187868087,9.664363254847254
114.1,29.99999982054248,6.823633356134452e-08,follow,0.0,67.28147189662661,10.209631825314387
114.2,29.999999827366114,6.564173773426774e-08,follow,0.0,66.49447191389,8.449107162959617
114.3,29.99999983393029,6.31457968580662e-08,follow,0.0,65.80547193049696,9.550866983542333
114.4,29.999999840244868,6.074476317508015e-08,follow,0.0,65.09647194647248,9.18144900045925
114.5,29.999999846319344,5.8435024286040976e-08,follow,0.0,64.40547196184055,9.320618436214081
114.6,29.999999852162848,5.621310918968448e-08,follow,0.0,63.69547197662426,8.971193422943653
114.7,29.999999857784157,5.4075682243137636e-08,follow,0.0,63.12747199084585,11.113991825956262
114.8,29.999999863191725,5.2019526108892934e-08,follow,0.0,62.34447200452668,7.962257100105919
114.9,29.999999868393676,5.004155418930623e-08,follow,0.0,61.56347201768731,7.882646998091359
115.0,29.999999873397833,4.813878824450058e-08,follow,0.0,60.771472030347525,7.673165783053905
115.1,29.99999987821171,4.6308377221748743e-08,follow,0.0,59.97947204252635,7.573165778390057
115.2,29.99999988284255,4.4547561728336406e-08,follow,0.0,59.1764720542421,7.369423775544832
115.3,29.999999887297303,4.285370138745748e-08,follow,0.0,58.49147206551237,8.538901171951759
115.4,29.99999989158267,4.122424712704742e-08,follow,0.0,57.8164720763541,8.565403408147
115.5,29.999999895705095,3.9656750416838805e-08,follow,0.0,57.003472086783596,7.011497271592503
115.6,29.99999989967077,3.814885545239122e-08,follow,0.0,56.168472096816515,6.726763206192513
115.7,29.999999903485655,3.669829489183485e-08,follow,0.0,55.41447210646795,7.34939957769104
115.8,29.999999907155484,-0.1650110979923312,follow,0.412527744980828,54.5874721157524,6.600661756782062
115.9,29.98349879735625,-0.4556503840070434,follow,1.1391259600176085,53.83612223601677,7.1652533244511725
116.0,29.93793375895555,-0.7406287113248425,follow,1.8515717783121062,53.055328860121215,6.795053659269045
116.1,29.863870887823065,-1.0527458241582763,follow,2.631864560395691,52.163941771338905,5.851996559945498
116.2,29.758596305407238,-1.2631249269250704,follow,3.1578123173126755,51.48008214079818,7.527872657155269
116.3,29.632283812714732,-1.451428783818156,follow,3.62857195954539,50.81985375952671,7.697314323515967
116.4,29.487140934332917,-1.6878286941623857,follow,4.219571735405964,50.01113966609341,6.184032165654186
116.5,29.31835806491668,-1.899293295109311,follow,4.748233237773277,49.22930385960174,6.296629477806652
116.6,29.12842873540575,-2.0748728468189825,follow,5.187182117047456,48.505460986061166,6.701103617806387
116.7,28.92094145072385,-2.2324181340387983,follow,5.581045335096995,47.80036684098878,6.7792885779928875
116.8,28.697699637319968,-2.3651810314892656,follow,5.912952578723164,47.133596877256785,7.068944229797639
116.9,28.46118153417104,-2.4477174309667533,follow,6.119293577416883,46.57247872383968,8.299941543545163
117.0,28.216409791074366,-2.5739107767517226,follow,6.434776941879306,45.88983774473224,6.722397153000381
117.1,27.959018713399193,-2.7002368786825883,follow,6.750592196706471,45.18793587339232,6.437927824174238
117.2,27.688995025530932,-2.8253824669828704,follow,7.063456167457176,44.470036370839225,6.194465410922944
117.3,27.406456778832645,-2.916917790117202,follow,7.292294475293005,43.81739069295596,6.71380998569845
117.4,27.114764999820924,-2.975293322703007,follow,7.4382333067575175,43.23391419297387,7.409709593154271
117.5,26.817235667550623,-2.973865150042852,follow,7.434662875107129,42.79119062621881,9.665442239692906
117.6,26.51984915254634,-3.0214272071421338,follow,7.5535680178553335,42.22620571096417,7.473864269797927
117.7,26.217706431832127,-3.037249831986893,follow,7.593124579967231,41.73343506778096,8.46913988183026
117.8,25.91398144863344,-3.047974100013019,follow,7.6199352500325475,41.25103692291761,8.551242860729367
117.9,25.609184038632137,-3.0174630155575217,follow,7.543657538893804,40.8701185190544,10.729363061631098
118.0,25.307437737076384,-2.9451127441071265,follow,7.362781860267816,40.59837474534676,14.939946623772666
118.1,25.01292646266567,-2.9441230379673247,follow,7.360307594918311,40.159082099080194,9.14176061001287
118.2,24.71851415886894,-2.9326162220440413,follow,7.331540555110102,39.7462306831933,9.627248243247472
118.3,24.425252536664534,-2.8736693501879813,follow,7.184173375469953,39.45370542952685,13.487281844908072
118.4,24.137885601645735,-2.81756461324253,follow,7.043911533106325,39.16291686936228,13.467832726018452
118.5,23.85612914032148,-2.726755902060836,follow,6.81688975515209,38.96730395533013,19.920619325228184
118.6,23.583453550115397,-2.6640886899418037,follow,6.660221724854509,38.71495860031859,15.342053194737085
118.7,23.317044681121217,-2.619725155790144,follow,6.54931288947536,38.426254132206466,13.30989242510898
118.8,23.055072165542203,-2.5459445330644233,follow,6.364861332661057,38.21774691565225,18.329220229034167
118.9,22.80047771223576,-2.456006969569987,follow,6.1400174239249665,38.060699144428675,24.235109386076402
119.0,22.554877015278763,-2.3708416320069374,follow,5.927104080017344,37.9052114429008,24.37826983769842
119.1,22.317792852078068,-2.2909028481696425,follow,5.727257120424106,37.74943215769299,24.232639216013844
119.2,22.0887025672611,-2.1949967799699097,follow,5.487491949924774,37.64556190096688,36.24286979499092
119.3,21.86920288926411,-2.0956650887422796,follow,5.239162721855699,37.56464161204047,46.421783844842395
119.4,21.65963638038988,-1.9907106386333369,follow,4.976776596583342,37.51267797400148,72.19024569807056
119.5,21.460565316526548,-1.9040906129763984,follow,4.760226532440996,37.43062144234882,45.615651415529754
119.6,21.27015625522891,-1.8366514264069709,follow,4.591628566017427,37.313605816825934,31.887712132536194
119.7,21.08649111258821,-1.760311985326081,follow,4.400779963315202,37.228956705567114,43.9803279112249
119.8,20.9104599140556,-1.6579116627687398,follow,4.1447791569218495,37.220910714161555,462.60191986334826
119.9,20.744668747778725,-1.6058237129137638,follow,4.014559282284409,37.10244383938368,31.31883398540848
120.0,20.58408637648735,-8.0,emergency,5.3260943629960735,35.55003520173495,2.289992102567706
120.1,19.78408637648735,-8.0,emergency,5.659503000644804,34.016626564086216,2.2183666981455055
120.2,18.984086376487348,-8.0,emergency,5.957911638293545,32.51821792643748,2.170183560705059
120.3,18.184086376487347,-8.0,emergency,6.2133202759422765,31.062809288788745,2.1343015621352803
120.4,17.384086376487346,-8.0,emergency,6.449728913591009,29.62640065114001,2.0625328945136134
120.5,16.584086376487345,-8.0,emergency,6.65813755123974,28.217992013491276,2.0035372731453673
120.6,15.784086376487345,-8.0,emergency,6.844546188888472,26.83158337584254,1.9353300785363896
120.7,14.984086376487344,-8.0,emergency,6.989954826537211,25.486174738193807,1.8943073520572904
120.8,14.184086376487343,-8.0,emergency,7.106363464185943,24.169766100545072,1.8360382490132554
120.9,13.384086376487343,-8.0,emergency,7.191772101834676,22.884357462896336,1.7803176976277626
121.0,12.584086376487342,-8.0,emergency,7.250180739483412,21.6259488252476,1.7185156060001678
121.1,11.784086376487341,-8.0,emergency,7.228589377132145,20.447540187598868,1.735182476971454
121.2,10.98408637648734,-8.0,emergency,7.126998014780877,19.349131549950133,1.7615603962628246
121.3,10.18408637648734,-8.0,emergency,6.945406652429607,18.3307229123014,1.7999378868803322
121.4,9.384086376487339,-8.0,emergency,6.683815290078343,17.392314274652666,1.8533838646488434
121.5,8.584086376487338,-8.0,emergency,6.292223927727079,16.58390563700393,2.0514260813984393
121.6,7.7840863764873385,-8.0,emergency,5.76863256537581,15.907496999355196,2.3517584066713426
121.7,6.984086376487339,-2.026416481209818,follow,5.066041203024545,15.410088361706462,3.0980741377050527
121.8,6.781444728366357,-2.057689281471884,follow,5.14422320367971,15.027943888869826,3.9325294377067115
121.9,6.575675800219169,-2.0364549565923378,follow,5.091137391480844,14.772376308847909,5.780223104816762
122.0,6.372030304559935,-1.962748871379195,follow,4.906872178447987,14.651173278391916,12.088124548759923
122.1,6.175755417422016,-1.8592141557933233,follow,4.648035389483308,14.615597736649715,41.08327525287391
122.2,5.989834001842683,-1.7060546665194316,follow,4.265136666298579,14.719614336465446,
122.3,5.8192285351907405,-1.5232605279358957,follow,3.808151319839739,14.920691482946372,
122.4,5.666902482397151,-1.2857409955556278,follow,3.2143524888890695,15.286001234706657,
122.5,5.538328382841589,-1.0485296711359546,follow,2.6213241778398864,15.686168396422497,
122.6,5.433475415727993,-0.7701569074969172,follow,1.9253922687422929,16.224820854849696,
122.7,5.3564597249783015,-0.4526058820462353,follow,1.1315147051155883,16.903174882351866,
122.8,5.311199136773678,-0.11429749459440758,follow,0.2857437364860189,17.6810549686745,
122.9,5.299769387314237,3.0,follow,0.0,18.448078029943076,
123.0,5.599769387314237,3.0,follow,0.0,19.21610109121165,
123.1,5.899769387314237,3.0,follow,0.0,20.10512415248023,
123.2,6.1997693873142365,3.0,follow,0.0,20.872147213748807,
123.3,6.499769387314236,3.0,follow,0.0,21.623170275017383,
123.4,6.799769387314236,3.0,follow,0.0,22.51319333628596,
123.5,7.099769387314236,3.0,follow,0.0,23.379216397554536,
123.6,7.399769387314236,3.0,follow,0.0,24.238239458823113,
123.7,7.699769387314236,3.0,follow,0.0,25.20426252009169,
123.8,7.9997693873142355,3.0,follow,0.0,26.167285581360265,
123.9,8.299769387314235,3.0,follow,0.0,27.10730864262884,
124.0,8.599769387314236,3.0,follow,0.0,28.026331703897416,
124.1,8.899769387314237,3.0,follow,0.0,29.086354765165993,
124.2,9.199769387314237,3.0,follow,0.0,30.15437782643457,
124.3,9.499769387314238,3.0,follow,0.0,31.198400887703144,
124.4,9.799769387314239,3.0,follow,0.0,32.38242394897172,
124.5,10.09976938731424,3.0,follow,0.0,33.405447010240295,
124.6,10.39976938731424,3.0,follow,0.0,34.41747007150887,
124.7,10.699769387314241,3.0,follow,0.0,35.50149313277745,
124.8,10.999769387314242,3.0,follow,0.0,36.648516194046024,
124.9,11.299769387314242,3.0,follow,0.0,37.8355392553146,
125.0,11.599769387314243,3.0,follow,0.0,39.00856231658317,
125.1,11.899769387314244,3.0,follow,0.0,40.24358537785175,
125.2,12.199769387314245,3.0,follow,0.0,41.38160843912033,
125.3,12.499769387314245,3.0,follow,0.0,42.7396315003889,
125.4,12.799769387314246,3.0,follow,0.0,44.00365456165748,
125.5,13.099769387314247,3.0,follow,0.0,45.38067762292605,
125.6,13.399769387314247,3.0,follow,0.0,46.717700684194625,
125.7,13.699769387314248,3.0,follow,0.0,48.0847237454632,
125.8,13.999769387314249,3.0,follow,0.0,49.48174680673178,
125.9,14.29976938731425,3.0,follow,0.0,50.88976986800035,
126.0,14.59976938731425,3.0,follow,0.0,52.33479292926893,
126.1,14.899769387314251,3.0,follow,0.0,53.8608159905375,
126.2,15.199769387314252,3.0,follow,0.0,55.30783905180608,
126.3,15.499769387314252,3.0,follow,0.0,56.82186211307465,
126.4,15.799769387314253,3.0,follow,0.0,58.23388517434323,
126.5,16.099769387314254,3.0,follow,0.0,59.7539082356118,
126.6,16.399769387314254,3.0,follow,0.0,61.05293129688038,
126.7,16.699769387314255,3.0,follow,0.0,62.544954358148956,
126.8,16.999769387314256,3.0,follow,0.0,63.840977419417534,
126.9,17.299769387314257,3.0,follow,0.0,64.98200048068611,
127.0,17.599769387314257,3.0,follow,0.0,66.23402354195468,
127.1,17.899769387314258,3.0,follow,0.0,67.38304660322326,
127.2,18.19976938731426,3.0,follow,0.0,68.63906966449184,
127.3,18.49976938731426,3.0,follow,0.0,69.73009272576041,
127.4,18.79976938731426,3.0,follow,0.0,70.81011578702899,
127.5,19.09976938731426,3.0,follow,0.0,71.73013884829757,
127.6,19.39976938731426,3.0,follow,0.0,72.74916190956614,
127.7,19.699769387314262,3.0,follow,0.0,73.56118497083472,
127.8,19.999769387314263,3.0,follow,0.0,74.4182080321033,
127.9,20.299769387314264,3.0,follow,0.0,75.45623109337187,
128.0,20.599769387314264,3.0,follow,0.0,76.46725415464044,
128.1,20.899769387314265,3.0,follow,0.0,77.41527721590901,
128.2,21.199769387314266,3.0,follow,0.0,78.20830027717759,
128.3,21.499769387314267,3.0,follow,0.0,79.05432333844615,
128.4,21.799769387314267,3.0,follow,0.0,79.87434639971472,
128.5,22.099769387314268,3.0,follow,0.0,80.5603694609833,
128.6,22.39976938731427,2.8900922450742925,follow,0.0,81.45539252225187,
128.7,22.688778611821697,2.7799839430176077,follow,0.0,82.2655146610697,
128.8,22.966777006123458,2.6742900003997363,follow,0.0,82.94883696045736,
128.9,23.234206006163433,2.5726030975146394,follow,0.0,83.627416359841,
129.0,23.491466315914895,2.474783318758311,follow,0.0,84.29726972824952,
129.1,23.738944647790728,2.3806829749457927,follow,0.0,84.73937526347045,
129.2,23.977012945285306,2.2901606731385886,follow,0.0,85.31967396894191,
129.3,24.206029012599164,2.2030803613034062,follow,0.0,85.838071067682,
129.4,24.426337048729504,2.119311162443028,follow,0.0,86.30543736280904,
129.5,24.638268164973805,2.038727175888327,follow,0.0,86.81661054631167,
129.6,24.84214088256264,1.9612072881805278,follow,0.0,87.4943964580554,
129.7,25.03826161138069,1.8866349910386981,follow,0.0,88.04857029691733,
129.8,25.22692511048456,1.8148982062542398,follow,0.0,88.47487778586887,
129.9,25.408414931109984,1.745889117243295,follow,0.0,88.98603629275787,
130.0,25.583003842834312,1.7667984628662752,cruise,,,
130.1,25.75968368912094,1.6077866012083097,cruise,,,
130.2,25.92046234924177,1.551425730242877,cruise,,,
130.3,26.07560492226606,1.4921867445814319,cruise,,,
130.4,26.224823596724203,1.435461224081247,cruise,,,
130.5,26.36836971913233,1.3808790511430062,cruise,,,
130.6,26.50645762424663,1.3283729977441983,cruise,,,
130.7,26.639294924021048,1.2778633805043715,cruise,,,
130.8,26.767081262071486,1.229274326146187,cruise,,,
130.9,26.890008694686106,1.1825328058182476,cruise,,,
131.0,27.00826197526793,1.1375685696019147,cruise,,,
131.1,27.12201883222812,1.0943140386286563,cruise,,,
131.2,27.231450236090986,1.0527042036321739,cruise,,,
131.3,27.336720656454204,1.0126765272367089,cruise,,,
131.4,27.437988309177875,0.9741708499670148,cruise,,,
131.5,27.535405394174578,0.9371292998318173,cruise,,,
131.6,27.62911832415776,0.9014962053453065,cruise,,,
131.7,27.719267944692287,0.8672180118558206,cruise,,,
131.8,27.80598974587787,0.8342432010560608,cruise,,,
131.9,27.889414065983477,0.8025222135538059,cruise,,,
132.0,27.969666287338857,0.7720073743867673,cruise,,,
132.1,28.046867024777534,0.7426528213696483,cruise,,,
132.2,28.121132306914497,0.7144144361657198,cruise,,,
132.3,28.192573750531068,0.6872497779792873,cruise,,,
132.4,28.261298728328995,0.6611180197694382,cruise,,,
132.5,28.32741053030594,0.6359798868891517,cruise,,,
132.6,28.391008518994855,0.6117975980576003,cruise,,,
132.7,28.452188278800616,0.5885348085768733,cruise,,,
132.8,28.511041759658305,0.5661565557078337,cruise,,,
132.9,28.56765741522909,0.5446292061229724,cruise,,,
133.0,28.622120335841387,0.5239204053572959,cruise,,,
133.1,28.674512376377116,0.5039990291812891,cruise,,,
133.2,28.724912279295246,0.4848351368228364,cruise,,,
133.3,28.77339579297753,0.46639992596784485,cruise,,,
133.4,28.820035785574316,0.4486656894718817,cruise,,,
133.5,28.864902354521504,0.43160577371780384,cruise,,,
133.6,28.908062931893284,0.415194538556797,cruise,,,
133.7,28.949582385748965,0.39940731877257357,cruise,,,
133.8,28.989523117626224,0.3842203870108811,cruise,,,
133.9,29.027945156327313,0.3696109181185303,cruise,,,
134.0,29.064906248139167,0.3555569548384064,cruise,,,
134.1,29.100461943623007,0.34203737480887747,cruise,,,
134.2,29.134665681103893,0.3290318588179993,cruise,,,
134.3,29.167568866985693,0.31652086026482285,cruise,,,
134.4,29.199220953012176,0.304485575781888,cruise,,,
134.5,29.229669510590366,0.2929079169747588,cruise,,,
134.6,29.258960302287843,0.2817704832361244,cruise,,,
134.7,29.287137350611456,0.27105653559361115,cruise,,,
134.8,29.314243004170816,0.2607499715519936,cruise,,,
134.9,29.340318001326015,0.25083530089199474,cruise,,,
135.0,29.365401531415213,0.24129762238931607,cruise,,,
135.1,29.389531293654144,0.23212260141887633,cruise,,,
135.2,29.412743553796034,0.2232964484106418,cruise,,,
135.3,29.4350731986371,0.21480589812462797,cruise,,,
135.4,29.45655378844956,0.20663818971394435,cruise,,,
135.5,29.477217607420954,0.19878104754592202,cruise,,,
135.6,29.497095712175547,0.19122266275248487,cruise,,,
135.7,29.516217978450797,0.18395167548205615,cruise,,,
135.8,29.534613145999003,0.1769571578262955,cruise,,,
135.9,29.552308861781633,0.17022859739603222,cruise,,,
136.0,29.569331721521237,0.16375588152170267,cruise,,,
136.1,29.585707309673406,0.15752928205455313,cruise,,,
136.2,29.60146023787886,0.15153944074572828,cruise,,,
136.3,29.616614181953434,0.14577735518134,cruise,,,
136.4,29.63119191747157,0.14023436525230545,cruise,,,
136.5,29.6452153539968,0.134902140138664,cruise,,,
136.6,29.658705568010667,0.12977266578879956,cruise,,,
136.7,29.671682834589546,0.1248382328747418,cruise,,,
136.8,29.68416665787702,0.12009142520545382,cruise,,,
136.9,29.696175800397565,0.115525108580702,cruise,,,
137.0,29.707728311255636,0.11113242006871041,cruise,,,
137.1,29.718841553262507,0.10690675769156144,cruise,,,
137.2,29.729532229031662,0.10284177050275788,cruise,,,
137.3,29.73981640608194,0.09893134904208588,cruise,,,
137.4,29.749709540986146,0.09516961615343825,cruise,,,
137.5,29.75922650260149,0.09155091815173258,cruise,,,
137.6,29.768381594416663,0.08806981632574776,cruise,,,
137.7,29.777188576049237,0.08472107876401794,cruise,,,
137.8,29.785660683925638,0.08149967249154458,cruise,,,
137.9,29.79381065117479,0.07840075590550698,cruise,,,
138.0,29.80165072676534,0.07541967149858807,cruise,,,
138.1,29.8091926939152,0.07255193885899054,cruise,,,
138.2,29.8164478878011,0.06979324793660986,cruise,,,
138.3,29.823427212594762,0.06713945256526443,cruise,,,
138.4,29.830141157851287,0.0645865642312227,cruise,,,
138.5,29.836599814274408,0.06213074607867668,cruise,,,
138.6,29.842812888882275,0.059768307143156466,cruise,,,
138.7,29.848789719596592,0.0574956968042045,cruise,,,
138.8,29.854539289277014,0.055309499448983605,cruise,,,
138.9,29.860070239221912,0.053206429338786165,cruise,,,
139.0,29.86539088215579,0.05118332567074511,cruise,,,
139.1,29.870509214722865,0.04923714782731601,cruise,,,
139.2,29.875432929505596,0.0473649708063963,cruise,,,
139.3,29.880169426586235,0.04556398082518634,cruise,,,
139.4,29.884725824668752,0.04383147109124046,cruise,,,
139.5,29.889108971777876,0.042164837734287634,cruise,,,
139.6,29.893325455551306,0.04056157589276275,cruise,,,
139.7,29.89738161314058,0.039019275949129906,cruise,,,
139.8,29.901283540735495,0.0375356199083452,cruise,,,
139.9,29.90503710272633,0.036108377914051464,cruise,,,
140.0,29.908647940517735,0.03473540489720293,cruise,,,
140.1,29.912121481007457,0.033414637352156266,cruise,,,
140.2,29.91546294474267,0.032144090235324184,cruise,,,
140.3,29.918677353766203,0.030921853981753247,cruise,,,
140.4,29.921769539164377,0.029746091635162487,cruise,,,
140.5,29.924744148327893,0.02861503608708489,cruise,,,
140.6,29.927605651936602,0.02752698742100428,cruise,,,
140.7,29.930358350678702,0.026480310357469252,cruise,,,
140.8,29.93300638171445,0.025473431796346802,cruise,,,
140.9,29.935553724894085,0.02450483845254823,cruise,,,
141.0,29.93800420873934,0.023573074581636533,cruise,,,
141.1,29.940361516197502,0.02267673979191827,cruise,,,
141.2,29.942629190176692,0.02181448693972783,cruise,,,
141.3,29.944810638870663,0.0209850201047491,cruise,,,
141.4,29.94690914088114,0.020187092642306226,cruise,,,
141.5,29.94892785014537,0.01941950530973635,cruise,,,
141.6,29.950869800676344,0.01868110446397573,cruise,,,
141.7,29.952737911122743,0.01797078032770365,cruise,,,
141.8,29.954534989155512,0.01728746532141052,cruise,,,
141.9,29.956263735687653,0.016630132458868376,cruise,,,
142.0,29.95792674893354,0.015997793803639127,cruise,,,
142.1,29.959526528313905,0.015389498984256279,cruise,,,
142.2,29.96106547821233,0.01480433376585566,cruise,,,
142.3,29.962545911588915,0.014241418676141393,cruise,,,
142.4,29.963970053456528,0.013699907683582424,cruise,,,
142.5,29.965340044224885,0.013178986925867876,cruise,,,
142.6,29.96665794291747,0.012677873486717672,cruise,,,
142.7,29.967925730266142,0.012195814219208146,cruise,,,
142.8,29.969145311688063,0.01173208461381421,cruise,,,
142.9,29.970318520149444,0.011285987709531754,cruise,,,
143.0,29.9714471189204,0.010856853046363569,cruise,,,
143.1,29.972532804225036,0.010444035657666717,cruise,,,
143.2,29.973577207790804,0.010046915100794607,cruise,,,
143.3,29.974581899300883,0.009664894524606994,cruise,,,
143.4,29.975548388753342,0.00929739977243358,cruise,,,
143.5,29.976478128730587,0.008943878519142601,cruise,,,
143.6,29.977372516582502,0.008603799441041815,cruise,,,
143.7,29.978232896526606,0.00827665141730556,cruise,,,
143.8,29.979060561668337,0.007961942761799535,cruise,,,
143.9,29.979856755944517,0.007659200484102869,cruise,,,
144.0,29.98062267599293,0.00736796957862218,cruise,,,
144.1,29.981359472950793,0.007087812340751398,cruise,,,
144.2,29.982068254184867,0.006818307709016125,cruise,,,
144.3,29.982750084955768,0.006559050632242248,cruise,,,
144.4,29.98340599001899,0.00630965146079241,cruise,,,
144.5,29.98403695516507,0.006069735360932072,cruise,,,
144.6,29.984643928701164,0.0058389417514874255,cruise,,,
144.7,29.98522782287631,0.005616923761902016,cruise,,,
144.8,29.985789515252502,0.0054033477109033615,cruise,,,
144.9,29.986329850023594,0.005197892605016463,cruise,,,
145.0,29.986849639284095,0.005000249656111322,cruise,,,
145.1,29.987349664249706,0.004810121817312308,cruise,,,
145.2,29.987830676431436,0.004627223336560605,cruise,,,
145.3,29.98829339876509,0.0044512793271362485,cruise,,,
145.4,29.988738526697805,0.0042820253545208685,cruise,,,
145.5,29.989166729233258,0.00411920703897053,cruise,,,
145.6,29.989578649937155,0.0039625796731897365,cruise,,,
145.7,29.989974907904475,0.0038119078545495455,cruise,,,
145.8,29.99035609868993,0.0036669651313012254,cruise,,,
145.9,29.99072279520306,0.003527533662211724,cruise,,,
146.0,29.99107554856928,0.003393403889176483,cruise,,,
146.1,29.9914148889582,0.003264374222260358,cruise,,,
146.2,29.991741326380428,0.003140250736715089,cruise,,,
146.3,29.9920553514541,0.00302084688152533,cruise,,,
146.4,29.99235743614225,0.0029059831990245755,cruise,,,
146.5,29.992648034462153,0.002795487055186996,cruise,,,
146.6,29.99292758316767,0.0026891923801731113,cruise,,,
146.7,29.993196502405688,0.0025869394187161276,cruise,,,
146.8,29.99345519634756,0.0024885744900387864,cruise,,,
146.9,29.993704053796566,0.0023939497568708393,cruise,,,
147.0,29.993943448772253,0.002302923003255586,cruise,,,
147.1,29.99417374107258,0.0022153574208051197,cruise,,,
147.2,29.99439527681466,0.002131121403094838,cruise,,,
147.3,29.99460838895497,0.0020500883478582923,cruise,,,
147.4,29.994813397789756,0.001972136466704555,cruise,,,
147.5,29.995010611436427,0.0018971486020930685,cruise,,,
147.6,29.995200326296636,0.001825012051240904,cruise,,,
147.7,29.99538282750176,0.0017556183967336382,cruise,,,
147.8,29.995558389341433,0.0016888633435907963,cruise,,,
147.9,29.99572727567579,0.0016246465625052054,cruise,,,
148.0,29.99588974033204,0.0015628715390597848,cruise,,,
148.1,29.996046027485946,0.0015034454286684707,cruise,,,
148.2,29.996196372028813,0.0014462789170416102,cruise,,,
148.3,29.996340999920516,0.001391286085941701,cruise,,,
148.4,29.99648012852911,0.001338384284058236,cruise,,,
148.5,29.99661396695752,0.0012874940027888472,cruise,,,
148.6,29.996742716357797,0.0012385387567416474,cruise,,,
148.7,29.996866570233472,0.0011914449687740359,cruise,,,
148.8,29.99698571473035,0.0011461418594208796,cruise,,,
148.9,29.997100328916293,0.0011025613405113432,cruise,,,
149.0,29.997210585050343,0.001060637912837592,cruise,,,
149.1,29.997316648841625,0.0010203085677087387,cruise,,,
149.2,29.997418679698395,0.0009815126922571693,cruise,,,
149.3,29.99751683096762,0.0009441919783402142,cruise,,,
149.4,29.997611250165452,0.0009082903349028727,cruise,,,
149.5,29.99770207919894,0.0008737538036790228,cruise,,,
149.6,29.99778945457931,0.0008405304780929158,cruise,,,
149.7,29.99787350762712,0.0008085704252469129,cruise,,,
149.8,29.997954364669646,0.0007778256108785797,cruise,,,
149.9,29.998032147230735,0.0007482498271617289,cruise,,,
150.0,29.99810697221345,0.0007197986232629461,cruise,,,
