time,ego_speed,acceleration_cmd,mode,distance_error,distance,ttc
0.0,0.30000000000000004,3.0,cruise,,,
0.1,0.6000000000000001,3.0,cruise,,,
0.2,0.9000000000000001,3.0,cruise,,,
0.3,1.2000000000000002,3.0,cruise,,,
0.4,1.5000000000000002,3.0,cruise,,,
0.5,1.8000000000000003,3.0,cruise,,,
0.6,2.1000000000000005,3.0,cruise,,,
0.7,2.4000000000000004,3.0,cruise,,,
0.8,2.7,3.0,cruise,,,
0.9,3.0,3.0,cruise,,,
1.0,3.3,3.0,cruise,,,
1.1,3.5999999999999996,3.0,cruise,,,
1.2,3.8999999999999995,3.0,cruise,,,
1.3,4.199999999999999,3.0,cruise,,,
1.4,4.499999999999999,3.0,cruise,,,
1.5,4.799999999999999,3.0,cruise,,,
1.6,5.099999999999999,3.0,cruise,,,
1.7,5.399999999999999,3.0,cruise,,,
1.8,5.699999999999998,3.0,cruise,,,
1.9,5.999999999999998,3.0,cruise,,,
2.0,6.299999999999998,3.0,cruise,,,
2.1,6.599999999999998,3.0,cruise,,,
2.2,6.899999999999998,3.0,cruise,,,
2.3,7.1999999999999975,3.0,cruise,,,
2.4,7.499999999999997,3.0,cruise,,,
2.5,7.799999999999997,3.0,cruise,,,
2.6,8.099999999999998,3.0,cruise,,,
2.7,8.399999999999999,3.0,cruise,,,
2.8,8.7,3.0,cruise,,,
2.9,9.0,3.0,cruise,,,
3.0,9.3,3.0,cruise,,,
3.1,9.600000000000001,3.0,cruise,,,
3.2,9.900000000000002,3.0,cruise,,,
3.3,10.200000000000003,3.0,cruise,,,
3.4,10.500000000000004,3.0,cruise,,,
3.5,10.800000000000004,3.0,cruise,,,
3.6,11.100000000000005,3.0,cruise,,,
3.7,11.400000000000006,3.0,cruise,,,
3.8,11.700000000000006,3.0,cruise,,,
3.9,12.000000000000007,3.0,cruise,,,
4.0,12.300000000000008,3.0,cruise,,,
4.1,12.600000000000009,3.0,cruise,,,
4.2,12.90000000000001,3.0,cruise,,,
4.3,13.20000000000001,3.0,cruise,,,
4.4,13.50000000000001,3.0,cruise,,,
4.5,13.800000000000011,3.0,cruise,,,
4.6,14.100000000000012,3.0,cruise,,,
4.7,14.400000000000013,3.0,cruise,,,
4.8,14.700000000000014,3.0,cruise,,,
4.9,15.000000000000014,3.0,cruise,,,
5.0,15.300000000000015,3.0,cruise,,,
5.1,15.600000000000016,3.0,cruise,,,
5.2,15.900000000000016,3.0,cruise,,,
5.3,16.200000000000017,3.0,cruise,,,
5.4,16.500000000000018,3.0,cruise,,,
5.5,16.80000000000002,3.0,cruise,,,
5.6,17.10000000000002,3.0,cruise,,,
5.7,17.40000000000002,3.0,cruise,,,
5.8,17.70000000000002,3.0,cruise,,,
5.9,18.00000000000002,3.0,cruise,,,
6.0,18.300000000000022,3.0,cruise,,,
6.1,18.600000000000023,3.0,cruise,,,
6.2,18.900000000000023,3.0,cruise,,,
6.3,19.200000000000024,3.0,cruise,,,
6.4,19.500000000000025,3.0,cruise,,,
6.5,19.800000000000026,3.0,cruise,,,
6.6,20.100000000000026,3.0,cruise,,,
6.7,20.400000000000027,3.0,cruise,,,
6.8,20.700000000000028,3.0,cruise,,,
6.9,21.00000000000003,3.0,cruise,,,
7.0,21.30000000000003,3.0,cruise,,,
7.1,21.60000000000003,3.0,cruise,,,
7.2,21.90000000000003,3.0,cruise,,,
7.3,22.20000000000003,3.0,cruise,,,
7.4,22.500000000000032,3.0,cruise,,,
7.5,22.800000000000033,3.0,cruise,,,
7.6,23.100000000000033,3.0,cruise,,,
7.7,23.400000000000034,3.0,cruise,,,
7.8,23.700000000000035,3.0,cruise,,,
7.9,24.000000000000036,3.0,cruise,,,
8.0,24.300000000000036,3.0,cruise,,,
8.1,24.600000000000037,3.0,cruise,,,
8.2,24.900000000000038,3.0,cruise,,,
8.3,25.20000000000004,3.0,cruise,,,
8.4,25.50000000000004,3.0,cruise,,,
8.5,25.80000000000004,3.0,cruise,,,
8.6,26.10000000000004,3.0,cruise,,,
8.7,26.40000000000004,3.0,cruise,,,
8.8,26.700000000000042,3.0,cruise,,,
8.9,27.000000000000043,3.0,cruise,,,
9.0,27.300000000000043,3.0,cruise,,,
9.1,27.600000000000044,3.0,cruise,,,
9.2,27.900000000000045,3.0,cruise,,,
9.3,28.200000000000045,3.0,cruise,,,
9.4,28.500000000000046,3.0,cruise,,,
9.5,28.800000000000047,3.0,cruise,,,
9.6,29.100000000000048,3.0,cruise,,,
9.7,29.40000000000005,3.0,cruise,,,
9.8,29.70000000000005,3.0,cruise,,,
9.9,30.00000000000005,3.0,cruise,,,
10.0,30.30000000000005,3.0,cruise,,,
10.1,30.60000000000005,3.0,cruise,,,
10.2,30.900000000000052,3.0,cruise,,,
10.3,31.200000000000053,3.0,cruise,,,
10.4,31.500000000000053,3.0,cruise,,,
10.5,31.800000000000054,3.0,cruise,,,
10.6,32.074350000000045,2.7434999999999308,cruise,,,
10.7,32.34587782500005,2.7152782500000345,cruise,,,
10.8,32.591902103587536,2.460242785874872,cruise,,,
10.9,32.837531549677,2.4562944608946786,cruise,,,
11.0,33.057574117880705,2.2004256820369976,cruise,,,
11.1,33.27967052009086,2.220964022101538,cruise,,,
11.2,33.4758636128135,1.961930927226395,cruise,,,
11.3,33.676602773944985,2.007391611314869,cruise,,,
11.4,33.8508836491675,1.7428087522251605,cruise,,,
11.5,34.03226928095215,1.8138563178465361,cruise,,,
11.6,34.186395458355726,1.5412617740357692,cruise,,,
11.7,34.35027527467084,1.6387981631511552,cruise,,,
11.8,34.48583833280557,1.355630581347281,cruise,,,
11.9,34.63391892414081,1.4808059133524045,cruise,,,
12.0,34.752356963679944,1.1843803953913783,cruise,,,
12.1,34.886217572579426,1.3386060889948546,cruise,,,
12.2,34.988826442442324,1.0260886986290103,cruise,,,
12.3,35.1099317511343,1.2110530869197422,cruise,,,
12.4,35.197875124252434,0.8794337311813454,cruise,,,
12.5,35.30758715807047,1.0971203381803152,cruise,,,
12.6,35.38190553422776,0.7431837615729471,cruise,,,
12.7,35.48149477766295,0.9958924343519246,cruise,,,
12.8,35.5431134820879,0.6161870442494548,cruise,,,
12.9,35.63376929833955,0.9065581625165295,cruise,,,
13.0,35.68350553649016,0.4973623815060737,cruise,,,
13.1,35.766345976158505,0.8284043966834815,cruise,,,
13.2,35.8049149973542,0.3856902119569696,cruise,,,
13.3,35.8809960774043,0.7608108005009697,cruise,,,
13.4,35.90901649255629,0.2802041515198894,cruise,,,
13.5,35.979341022844906,0.7032453028861383,cruise,,,
13.6,35.99733931445661,0.17998291611706385,cruise,,,
13.7,36.06286534592683,0.655260314702196,cruise,,,
13.8,36.07127960171855,0.08414255791717906,cruise,,,
13.9,36.13292856780874,0.6164896609018662,cruise,,,
14.0,36.132111462707535,-0.008171051012054065,cruise,,,
14.1,36.19077608357649,0.5866462086895616,cruise,,,
14.2,36.180997128346604,-0.09778955229885966,cruise,,,
14.3,36.237549146174366,0.5655201782776551,cruise,,,
14.4,36.21899621458862,-0.18552931585743782,cruise,,,
14.5,36.27429402746767,0.5529781287904392,cruise,,,
14.6,36.24707416758028,-0.2721985988738691,cruise,,,
14.7,36.301970429364275,0.5489626178399734,cruise,,,
14.8,36.26610995808381,-0.35860471280467543,cruise,,,
14.9,36.321459212016805,0.5534925393299659,cruise,,,
15.0,36.27690308573703,-0.445561262797713,cruise,,,
15.1,36.33356950075514,0.566664150181051,cruise,,,
15.2,36.28017994822318,-0.5338955253196254,cruise,,,
15.3,36.33904522852037,0.5886528029718967,cruise,,,
15.4,36.27659962534443,-0.6244560317594114,cruise,,,
15.5,36.338571166146544,0.6197154080210918,cruise,,,
15.6,36.26675912330732,-0.718120428392254,cruise,,,
15.7,36.3327784888317,0.6601936552438268,cruise,,,
15.8,36.25119812019562,-0.8158036863608134,cruise,,,
15.9,36.322249923523515,0.7105180332789445,cruise,,,
16.0,36.230403249592875,-0.9184667393063668,cruise,,,
16.1,36.30752451868904,0.7712126909616774,cruise,,,
16.2,36.20481195558944,-1.0271256309960073,cruise,,,
16.3,36.28910207501777,0.8429011942833338,cruise,,,
16.4,36.174815948937834,-1.1428612607994113,cruise,,,
16.5,36.26744727299969,0.926313240618545,cruise,,,
16.6,36.140764290877065,-1.2668298212262563,cruise,,,
16.7,36.242993531005745,1.0222924012867765,cruise,,,
16.8,36.10296612810475,-1.4002740290099602,cruise,,,
16.9,36.21614662545947,1.1318049735472826,cruise,,,
17.0,36.06169309951027,-1.5445352594919806,cruise,,,
17.1,36.187288102910166,1.2559500339989382,cruise,,,
17.2,36.01718143256952,-1.7010667034064575,cruise,,,
17.3,36.1567785122872,1.3959707971767212,cruise,,,
17.4,35.96963374471864,-1.8714476756855731,cruise,,,
17.5,36.12496048432081,1.5532673960216767,cruise,,,
17.6,35.91922056254988,-2.057399217709306,cruise,,,
17.7,36.092161684047866,1.7294112149798142,cruise,,,
17.8,35.866081569285114,-2.2608011476275323,cruise,,,
17.9,36.05869766147473,1.9261609218961597,cruise,,,
18.0,35.81032658866228,-2.4837107281245183,cruise,,,
18.1,36.02487462483881,2.145480361765329,cruise,,,
18.2,35.75203631109628,-2.72838313742524,cruise,,,
18.3,35.99099216049152,2.389558493952367,cruise,,,
18.4,35.69126276572923,-2.9972939476229774,cruise,,,
18.5,35.95734592321783,2.6608315748860143,cruise,,,
18.6,35.628029539745064,-3.293163834727644,cruise,,,
18.7,35.92423032081107,2.9620078106600634,cruise,,,
18.8,35.5623317440713,-3.618985767397702,cruise,,,
18.9,35.8623317440713,3.0,cruise,,,
19.0,35.49711147432744,-3.65220269743856,cruise,,,
19.1,35.79711147432744,3.0,cruise,,,
19.2,35.43276612008364,-3.6434535424379737,cruise,,,
19.3,35.73276612008364,3.0,cruise,,,
19.4,35.36927253514414,-3.6349358493950117,cruise,,,
19.5,35.66927253514414,3.0,cruise,,,
19.6,35.306609036163444,-3.626634989806952,cruise,,,
19.7,35.60660903616344,3.0,cruise,,,
19.8,35.24475527804465,-3.6185375811878897,cruise,,,
19.9,35.54475527804465,3.0,cruise,,,
20.0,35.18369214045969,-3.610631375849543,cruise,,,
20.1,35.48369214045969,3.0,cruise,,,
20.2,35.12340162449277,-3.602905159669181,cruise,,,
20.3,35.42340162449277,3.0,cruise,,,
20.4,35.06386675849805,-3.595348659947189,cruise,,,
20.5,35.36386675849805,3.0,cruise,,,
20.6,35.0050715123443,-3.5879524615374487,cruise,,,
20.7,35.3050715123443,3.0,cruise,,,
20.8,34.947000719293584,-3.5807079305071428,cruise,,,
20.9,35.24700071929358,3.0,cruise,,,
21.0,34.88964000482864,-3.573607144649361,cruise,,,
21.1,35.18964000482864,3.0,cruise,,,
21.2,34.83297572180537,-3.5666428302327065,cruise,,,
21.3,35.132975721805366,3.0,cruise,,,
21.4,34.77699489136262,-3.5598083044274853,cruise,,,
21.5,35.07699489136262,3.0,cruise,,,
21.6,34.72168514907278,-3.553097422898362,cruise,,,
21.7,35.02168514907278,3.0,cruise,,,
21.8,34.66703469586285,-3.546504532099254,cruise,,,
21.9,34.96703469586285,3.0,cruise,,,
22.0,34.61303225327806,-3.5400244258479523,cruise,,,
22.1,34.913032253278054,3.0,cruise,,,
22.2,34.55966702269846,-3.533652305795937,cruise,,,
22.3,34.85966702269846,3.0,cruise,,,
22.4,34.50692864815413,-3.527383745443328,cruise,,,
22.5,34.80692864815413,3.0,cruise,,,
22.6,34.454807182416076,-3.5212146573805363,cruise,,,
22.7,34.75480718241607,3.0,cruise,,,
22.8,34.40329305606941,-3.515141263466643,cruise,,,
22.9,34.703293056069406,3.0,cruise,,,
23.0,34.35237704930134,-3.5091600676806696,cruise,,,
23.1,34.652377049301336,3.0,cruise,,,
23.2,34.30205026616078,-3.503267831405613,cruise,,,
23.3,34.602050266160774,3.0,cruise,,,
23.4,34.252304111068106,-3.4974615509266593,cruise,,,
23.5,34.5523041110681,3.0,cruise,,,
23.6,34.20313026737364,-3.4917384369446696,cruise,,,
23.7,34.503130267373635,3.0,cruise,,,
23.8,34.15452067778124,-3.4860958959239374,cruise,,,
23.9,34.45452067778124,3.0,cruise,,,
24.0,34.106467526470304,-3.480531513109354,cruise,,,
24.1,34.4064675264703,3.0,cruise,,,
24.2,34.05896322276399,-3.4750430370631182,cruise,,,
24.3,34.35896322276399,3.0,cruise,,,
24.4,34.01200038620554,-3.4696283655844464,cruise,,,
24.5,34.31200038620554,3.0,cruise,,,
24.6,33.96557183291674,-3.4642855328880526,cruise,,,
24.7,34.265571832916734,3.0,cruise,,,
24.8,33.919670563123894,-3.459012697928415,cruise,,,
24.9,34.21967056312389,3.0,cruise,,,
25.0,33.87428974974721,-3.453808133766811,cruise,,,
25.1,34.17428974974721,3.0,cruise,,,
25.2,33.82942272795845,-3.448670217887602,cruise,,,
25.3,34.12942272795845,3.0,cruise,,,
25.4,33.785062985620606,-3.4435974233784257,cruise,,,
25.5,34.0850629856206,3.0,cruise,,,
25.6,33.74120415453093,-3.438588310896785,cruise,,,
25.7,34.041204154530924,3.0,cruise,,,
25.8,33.69784000239568,-3.433641521352415,cruise,,,
25.9,33.99784000239568,3.0,cruise,,,
26.0,33.65496442547156,-3.428755769241125,cruise,,,
26.1,33.95496442547156,3.0,cruise,,,
26.2,33.61257144181439,-3.4239298365717223,cruise,,,
26.3,33.912571441814386,3.0,cruise,,,
26.4,33.570655185081115,-3.419162567332693,cruise,,,
26.5,33.87065518508111,3.0,cruise,,,
26.6,33.529209898836086,-3.4144528624502306,cruise,,,
26.7,33.82920989883608,3.0,cruise,,,
26.8,33.488229931316724,-3.4097996751935624,cruise,,,
26.9,33.78822993131672,3.0,cruise,,,
27.0,33.44770973061799,-3.4052020069873676,cruise,,,
27.1,33.747709730617984,3.0,cruise,,,
27.2,33.4076438402585,-3.400658903594811,cruise,,,
27.3,33.7076438402585,3.0,cruise,,,
27.4,33.36802689509471,-3.3961694516379097,cruise,,,
27.5,33.668026895094705,3.0,cruise,,,
27.6,33.3288536175522,-3.3917327754250635,cruise,,,
27.7,33.628853617552195,3.0,cruise,,,
27.8,33.29011881414639,-3.3873480340580753,cruise,,,
27.9,33.590118814146386,3.0,cruise,,,
28.0,33.25181737226701,-3.3830144187937305,cruise,,,
28.1,33.55181737226701,3.0,cruise,,,
28.2,33.21394425720331,-3.3787311506370243,cruise,,,
28.3,33.513944257203306,3.0,cruise,,,
28.4,33.17649450938877,-3.3744974781453534,cruise,,,
28.5,33.476494509388765,3.0,cruise,,,
28.6,33.13946324184629,-3.3703126754246995,cruise,,,
28.7,33.43946324184629,3.0,cruise,,,
28.8,33.10284563781622,-3.366176040300688,cruise,,,
28.9,33.40284563781622,3.0,cruise,,,
29.0,33.06663694855134,-3.36208689264878,cruise,,,
29.1,33.36663694855134,3.0,cruise,,,
29.2,33.0308324912644,-3.3580445728694115,cruise,,,
29.3,33.330832491264395,3.0,cruise,,,
29.4,32.99542764721488,-3.354048440495112,cruise,,,
29.5,33.29542764721488,3.0,cruise,,,
29.6,32.960417859923105,-3.3500978729177446,cruise,,,
29.7,33.2604178599231,3.0,cruise,,,
29.8,32.925798633500584,-3.3461922642251984,cruise,,,
29.9,33.22579863350058,3.0,cruise,,,
30.0,32.425798633500584,-8.0,follow,-176.5693457629933,-116.7306478127424,-16.543931293406118
30.1,31.625798633500583,-8.0,follow,-176.8519256263434,-118.21322767609252,-17.576087854798878
30.2,30.825798633500582,-8.0,follow,-177.60450548969342,-120.16580753944254,-22.520678869885877
30.3,30.02579863350058,-8.0,follow,-178.0270853530434,-121.78838740279252,-31.341919355475603
30.4,29.22579863350058,-8.0,follow,-175.38966521639344,-120.35096726614256,-27.316492939787167
30.5,28.42579863350058,-8.0,follow,-175.07224507974354,-121.23354712949265,-33.62182957282801
30.6,27.62579863350058,-8.0,follow,-173.5148249430935,-120.87612699284261,-83.60509146434612
30.7,26.82579863350058,-8.0,follow,-172.96740480644354,-121.52870685619268,-97.5508429598354
30.8,26.025798633500578,-8.0,follow,-171.38998466979365,-121.15128671954278,-88.05887996216835
30.9,25.225798633500577,-8.0,follow,-172.5025645331437,-123.46386658289282,
31.0,24.425798633500577,-8.0,follow,-168.79514439649378,-120.95644644624292,
31.1,23.625798633500576,-8.0,follow,-169.0777242598438,-122.43902630959292,
31.2,22.825798633500575,-8.0,follow,-165.24030412319388,-119.80160617294302,
31.3,22.025798633500575,-8.0,follow,-167.532883986544,-123.29418603629313,
31.4,21.225798633500574,-8.0,follow,-162.83546384989398,-119.7967658996431,
31.5,20.425798633500573,-8.0,follow,-163.29804371324403,-121.45934576299317,
31.6,19.625798633500573,-8.0,follow,-162.75062357659408,-122.11192562634324,
31.7,18.825798633500572,-8.0,follow,-160.80320343994407,-121.36450548969322,
31.8,18.02579863350057,-8.0,follow,-158.78578330329412,-120.54708535304326,
31.9,17.22579863350057,-8.0,follow,-155.9483631666442,-118.90966521639336,
32.0,16.42579863350057,-8.0,follow,-153.86094302999433,-118.02224507974347,
32.1,15.625798633500569,-8.0,follow,-153.19352289334438,-118.55482494309354,
32.2,14.825798633500568,-8.0,follow,-150.37610275669448,-116.93740480644362,
32.3,14.025798633500568,-8.0,follow,-145.49868262004463,-113.25998466979377,
32.4,13.225798633500567,-8.0,follow,-143.74126248339465,-112.7025645331438,
32.5,12.425798633500566,-8.0,follow,-142.95384234674472,-113.11514439649386,
32.6,11.625798633500565,-8.0,follow,-140.98642221009482,-112.34772425984397,
32.7,10.825798633500565,-8.0,follow,-138.36900207344485,-110.93030412319399,
32.8,10.025798633500564,-8.0,follow,-135.1715819367948,-108.93288398654397,
32.9,9.225798633500563,-8.0,follow,-134.42416180014484,-109.385463849894,
33.0,8.425798633500563,-8.0,follow,-130.7467416634949,-106.90804371324407,
33.1,7.625798633500563,-8.0,follow,-129.55932152684477,-106.92062357659393,
33.2,6.825798633500563,-8.0,follow,-124.201901390195,-102.76320343994416,
33.3,6.025798633500563,-8.0,follow,-120.91448125354506,-100.67578330329422,
33.4,5.225798633500563,-8.0,follow,-119.13706111689513,-100.09836316664428,
33.5,4.4257986335005635,-8.0,follow,-113.58964098024519,-95.75094302999435,
33.6,3.6257986335005636,-8.0,follow,-113.57222084359523,-96.93352289334439,
33.7,2.825798633500564,-8.0,follow,-110.51480070694531,-95.07610275669447,
33.8,2.025798633500564,-8.0,follow,-105.16738057029542,-90.92868262004458,
33.9,1.225798633500564,-8.0,follow,-100.74996043364538,-87.71126248339453,
34.0,0.4257986335005639,-8.0,follow,-96.46254029699544,-84.6238423467446,
34.1,0.0,-8.0,follow,-95.24512016034555,-84.6064222100947,
34.2,0.0,-8.0,follow,-90.37642221009457,-80.37642221009457,
34.3,0.0,-8.0,follow,-89.14642221009456,-79.14642221009456,
34.4,0.0,-8.0,follow,-86.80642221009464,-76.80642221009464,
34.5,0.0,-8.0,follow,-83.13642221009468,-73.13642221009468,
34.6,0.0,-8.0,follow,-80.90642221009466,-70.90642221009466,
34.7,0.0,-8.0,follow,-80.90642221009477,-70.90642221009477,
34.8,0.02283945971106718,0.22839459711067178,follow,-75.0064222100948,-65.0064222100948,
34.9,0.0,-8.0,follow,-72.66296534563256,-62.62870615606596,
35.0,0.0,-8.0,follow,-72.37870615606596,-62.37870615606596,
35.1,0.0,-8.0,follow,-68.73870615606586,-58.73870615606586,
35.2,0.0,-8.0,follow,-66.12870615606596,-56.12870615606596,
35.3,0.0,-8.0,follow,-63.88870615606595,-53.88870615606595,
35.4,0.0,-8.0,follow,-62.28870615606593,-52.28870615606593,
35.5,0.0,-8.0,follow,-59.928706156065914,-49.928706156065914,
35.6,0.0,-8.0,follow,-56.70870615606589,-46.70870615606589,
35.7,0.0,-4.0058832012751395,follow,-52.86870615606597,-42.86870615606597,
35.8,0.0,-8.0,follow,-51.0687061560659,-41.0687061560659,
35.9,0.0,-8.0,follow,-49.58870615606588,-39.58870615606588,
36.0,0.0,-2.3873593197429983,follow,-45.8187061560659,-35.8187061560659,
36.1,0.0,-8.0,follow,-47.358706156065864,-37.358706156065864,
36.2,0.30000000000000004,3.0,follow,-40.39870615606594,-30.39870615606594,
36.3,0.0,-8.0,follow,-41.598706156065944,-31.14870615606594,
36.4,0.30000000000000004,3.0,follow,-37.118706156065855,-27.118706156065855,
36.5,0.0,-8.0,follow,-35.93870615606586,-25.48870615606586,
36.6,0.0,-3.933961556679513,follow,-33.188706156065905,-23.188706156065905,
36.7,0.30000000000000004,3.0,follow,-27.938706156065905,-17.938706156065905,
36.8,0.0,-8.0,follow,-27.738706156065813,-17.288706156065814,
36.9,0.30000000000000004,3.0,follow,-23.878706156065846,-13.878706156065846,
37.0,0.0,-6.618816381303088,follow,-22.29870615606576,-11.84870615606576,
37.1,0.30000000000000004,3.0,follow,-18.768706156065832,-8.768706156065832,
37.2,0.0,-5.121773793615214,follow,-17.188706156065745,-6.738706156065746,
37.3,0.0,-5.458532499771621,follow,-15.758706156065728,-5.7587061560657276,
37.4,0.30000000000000004,3.0,follow,-10.718706156065764,-0.7187061560657639,
37.5,0.0,-8.0,follow,-10.358706156065704,0.09129384393429518,
37.6,0.0,-1.6902086182401934,follow,-8.59870615606576,1.4012938439342406,
37.7,0.30000000000000004,3.0,follow,-4.8387061560657685,5.1612938439342315,
37.8,0.6000000000000001,3.0,follow,-0.6587061560657723,9.791293843934227,
37.9,0.4564895263292672,-1.4351047367073289,follow,0.6012938439343767,11.501293843934377,
38.0,0.38786902539138035,-0.6862050093788685,follow,1.9309106018074704,12.615644891301372,
38.1,0.6878690253913804,3.0,follow,4.495054450675115,15.076857988762185,
38.2,0.9878690253913804,3.0,follow,6.506267548135929,17.538071086223,
38.3,1.2878690253913805,3.0,follow,11.13748064559686,22.61928418368393,
38.4,0.8505109381235969,-4.373580872677836,follow,11.168693743057656,23.100497281144726,
38.5,1.150510938123597,3.0,follow,14.289679780147045,25.56544618733244,
38.6,1.450510938123597,3.0,follow,16.894628686334677,28.620395093520074,
38.7,1.7174576593090507,2.6694672118545366,follow,17.91957759252227,30.095343999707666,
38.8,2.0174576593090507,3.0,follow,19.287411744813195,31.86359823377677,
38.9,2.317457659309051,3.0,follow,21.20566597888221,34.23185246784578,
39.0,2.617457659309051,3.0,follow,23.163920212951297,36.640106701914874,
39.1,2.9174576593090507,3.0,follow,24.992174447020506,38.91836093598408,
39.2,3.2174576593090505,3.0,follow,27.60042868108946,41.97661517005304,
39.3,3.5174576593090503,3.0,follow,28.578682915158534,43.40486940412211,
39.4,3.81745765930905,3.0,follow,31.03693714922774,46.313123638191314,
39.5,4.11745765930905,3.0,follow,31.795191383296782,47.52137787226036,
39.6,4.41745765930905,3.0,follow,33.61344561736589,49.789632106329464,
39.7,4.292938268000717,-1.2451939130833232,follow,32.901699851434905,49.52788634039848,
39.8,4.592938268000717,3.0,follow,38.409185111597345,54.84859251359842,
39.9,4.892938268000717,3.0,follow,39.36989128479731,56.25929868679839,
40.0,5.192938268000717,3.0,follow,41.66059745799721,59.000004859998285,
40.1,4.392938268000717,-8.0,follow,38.8313036311971,56.62071103319818,
40.2,4.692938268000717,3.0,follow,47.6620098043971,64.25141720639817,
40.3,4.910443900369481,2.1750563236876426,follow,46.75271597759706,63.79212337959814,
40.4,5.210443900369481,3.0,follow,49.83541313900699,67.20107898956121,
40.5,5.510443900369481,3.0,follow,48.96436874897002,66.78003459952424,
40.6,5.8104439003694806,3.0,follow,52.303324358932976,70.5689902094872,
40.7,6.11044390036948,3.0,follow,51.912279968896144,70.62794581945036,
40.8,6.41044390036948,3.0,follow,53.831235578859136,72.99690142941336,
40.9,6.71044390036948,3.0,follow,58.08019118882217,77.69585703937639,
41.0,7.01044390036948,3.0,follow,57.10914679878518,77.1748126493394,
41.1,7.31044390036948,3.0,follow,58.908102408748285,79.4237682593025,
41.2,7.6104439003694795,3.0,follow,60.95705801871139,81.92272386926561,
41.3,7.910443900369479,3.0,follow,61.82601362867432,83.24167947922854,
41.4,8.21044390036948,3.0,follow,62.70496923863735,84.57063508919157,
41.5,8.51044390036948,3.0,follow,64.17392484860042,86.48959069915463,
41.6,8.810443900369481,3.0,follow,67.65288045856357,90.4185463091178,
41.7,9.110443900369482,3.0,follow,66.07183606852658,89.2875019190808,
41.8,9.410443900369483,3.0,follow,67.49079167848957,91.15645752904379,
41.9,9.710443900369484,3.0,follow,69.54974728845266,93.66541313900689,
42.0,10.010443900369484,3.0,follow,70.69870289841568,95.2643687489699,
42.1,10.310443900369485,3.0,follow,71.8376585083787,96.85332435893292,
42.2,10.610443900369486,3.0,follow,72.23661411834182,97.70227996889605,
42.3,10.910443900369486,3.0,follow,71.23556972830485,97.15123557885909,
42.4,11.210443900369487,3.0,follow,75.30452533826784,101.67019118882206,
42.5,11.510443900369488,3.0,follow,73.12348094823102,99.93914679878526,
42.6,11.810443900369489,3.0,follow,75.64243655819394,102.90810240874816,
42.7,12.11044390036949,3.0,follow,75.33139216815714,103.04705801871137,
42.8,12.41044390036949,3.0,follow,76.94034777812018,105.10601362867442,
42.9,12.71044390036949,3.0,follow,78.1893033880831,106.80496923863734,
43.0,13.010443900369491,3.0,follow,78.95825899804612,108.02392484860036,
43.1,13.310443900369492,3.0,follow,79.8172146080093,109.33288045856352,
43.2,13.610443900369493,3.0,follow,81.86617021797227,111.83183606852651,
43.3,13.910443900369494,3.0,follow,81.2651258279354,111.68079167848964,
43.4,14.210443900369494,3.0,follow,81.14408143789844,112.00974728845267,
43.5,14.510443900369495,3.0,follow,83.12303704786137,114.43870289841561,
43.6,14.810443900369496,3.0,follow,83.97199265782443,115.73765850837867,
43.7,15.110443900369496,3.0,follow,81.8409482677877,114.05661411834194,
43.8,15.410443900369497,3.0,follow,84.41990387775066,117.0855697283049,
43.9,15.710443900369498,3.0,follow,85.03885948771358,118.15452533826783,
44.0,16.0104439003695,3.0,follow,84.40781509767675,117.97348094823099,
44.1,16.3104439003695,3.0,follow,86.7267707076397,120.74243655819396,
44.2,16.6104439003695,3.0,follow,85.43572631760267,119.90139216815692,
44.3,16.9104439003695,3.0,follow,86.13468192756586,121.05034777812011,
44.4,17.2104439003695,3.0,follow,86.16363753752876,121.52930338808301,
44.5,17.510443900369502,3.0,follow,86.70259314749187,122.51825899804612,
44.6,17.810443900369503,3.0,follow,85.75154875745497,122.01721460800923,
44.7,18.110443900369503,3.0,follow,85.64050436741812,122.35617021797236,
44.8,18.410443900369504,3.0,follow,89.26945997738102,126.43512582793528,
44.9,18.710443900369505,3.0,follow,86.74841558734408,124.36408143789834,
45.0,19.010443900369506,3.0,follow,86.76737119730733,124.83303704786158,
45.1,19.310443900369506,3.0,follow,85.61632680727016,124.13199265782441,
45.2,19.610443900369507,3.0,follow,87.43528241723324,126.4009482677875,
45.3,19.910443900369508,3.0,follow,86.75423802719632,126.16990387775058,
45.4,20.21044390036951,3.0,follow,90.12319363715936,129.98885948771363,
45.5,20.51044390036951,3.0,follow,89.45214924712255,129.76781509767682,
45.6,20.81044390036951,3.0,follow,87.5511048570855,128.31677070763976,
45.7,21.11044390036951,3.0,follow,90.81006046704852,132.0257263176028,
45.8,21.41044390036951,3.0,follow,89.32901607701154,130.9946819275658,
45.9,21.710443900369512,3.0,follow,87.77797168697474,129.893637537529,
46.0,22.010443900369513,3.0,follow,85.2269272969377,127.79259314749197,
46.1,22.310443900369513,3.0,follow,90.42588290690067,133.44154875745494,
46.2,22.47051216968271,1.6006826931319722,follow,86.13483851686385,129.60050436741813,
46.3,22.77051216968271,3.0,follow,85.85768489592579,129.56345315044985,
46.4,23.07051216968271,3.0,follow,88.61063367895751,132.76640193348157,
46.5,23.370512169682712,3.0,follow,89.94358246198917,134.54935071651323,
46.6,23.670512169682713,3.0,follow,88.47653124502087,133.53229949954493,
46.7,23.970512169682713,3.0,follow,87.2394800280527,132.74524828257677,
46.8,24.270512169682714,3.0,follow,86.92242881108437,132.87819706560845,
46.9,24.570512169682715,3.0,follow,86.83537759411607,133.24114584864014,948.2534228138855
47.0,24.870512169682716,3.0,follow,86.3283263771477,133.18409463167177,246.4035078245349
47.1,25.170512169682716,3.0,follow,85.3512751601794,132.65704341470348,169.96153111697106
47.2,25.470512169682717,3.0,follow,84.69422394321106,132.44999219773513,249.6643805116661
47.3,25.770512169682718,3.0,follow,84.00717272624284,132.21294098076692,258.98097799105824
47.4,26.07051216968272,3.0,follow,82.7101215092745,131.36588976379858,152.6601184643733
47.5,26.37051216968272,3.0,follow,82.68307029230614,131.78883854683022,175.59853640020847
47.6,26.67051216968272,3.0,follow,80.51601907533768,130.07178732986176,78.33233005134505
47.7,26.97051216968272,3.0,follow,81.67896785836962,131.6847361128937,149.55470310006538
47.8,27.27051216968272,3.0,follow,80.04191664140134,130.49768489592543,52.822117817247914
47.9,27.570512169682722,3.0,follow,79.23486542443302,130.1406336789571,245.31130691457798
48.0,27.870512169682723,3.0,follow,79.95781420746489,131.31358246198897,54.70231899692669
48.1,28.170512169682723,3.0,follow,80.58076299049662,132.3865312450207,34.74245071261474
48.2,28.470512169682724,3.0,follow,79.28371177352828,131.53948002805237,30.80180428049805
48.3,28.770512169682725,3.0,follow,75.69666055655998,128.40242881108406,37.64901645931647
48.4,29.070512169682726,3.0,follow,75.51960933959175,128.67537759411584,30.34430098186542
48.5,29.370512169682726,3.0,follow,76.82255812262332,130.4283263771474,34.049839969037485
48.6,29.670512169682727,3.0,follow,73.78550690565521,127.8412751601793,29.589379716888345
48.7,29.970512169682728,3.0,follow,73.71845568868687,128.22422394321097,25.54006834551984
48.8,30.27051216968273,3.0,follow,73.63140447171858,128.58717272624267,21.75567345683092
48.9,30.57051216968273,3.0,follow,70.96435325475058,126.37012150927467,18.831665648443252
49.0,30.87051216968273,3.0,follow,71.15730203778202,127.01307029230611,20.48428691315756
49.1,31.17051216968273,3.0,follow,68.51025082081377,124.81601907533786,22.56861846531263
49.2,31.47051216968273,3.0,follow,68.26319960384538,125.01896785836948,19.81122363712278
49.3,31.770512169682732,3.0,follow,68.19614838687707,125.40191664140116,16.284880002542458
49.4,32.06061963642695,2.9010746674421455,follow,64.92909716990891,122.58486542443302,17.687432272308495
49.5,32.36061963642695,3.0,follow,66.05787400614989,124.1488034607903,17.55840504008888
49.6,32.660619636426944,3.0,follow,64.36181204250722,122.90274149714764,14.77086405429353
49.7,32.96061963642694,3.0,follow,63.78575007886446,122.77667953350488,15.659053139511256
49.8,33.26061963642694,3.0,follow,62.16968811522196,121.61061756986237,14.793363876244245
49.9,33.560619636426935,3.0,follow,62.16362615157936,122.05455560621976,12.95610695651786
50.0,33.86061963642693,3.0,follow,59.47756418793669,119.8184936425771,13.94759618206223
50.1,34.16061963642693,3.0,follow,57.52150222429382,118.31243167893422,13.535931844678586
50.2,34.46061963642693,3.0,follow,56.77544026065121,118.0163697152916,13.642533676817324
50.3,34.760619636426924,3.0,follow,55.84937829700831,117.5403077516487,13.10280811309329
50.4,35.06061963642692,3.0,follow,53.86331633336569,116.00424578800607,10.459672190631478
50.5,35.36061963642692,3.0,follow,52.40725436972304,114.99818382436342,10.397083310380706
50.6,35.660619636426915,3.0,follow,50.091192406080495,113.13212186072087,11.015121371983632
50.7,35.96061963642691,3.0,follow,48.61513044243787,112.10605989707824,10.605438825057602
50.8,36.21545872883989,2.5483909241298157,follow,46.23906847879515,110.17999793343552,10.177859497067516
50.9,36.51545872883989,3.0,follow,48.26526396729156,112.58845206055139,13.05303933390849
51.0,35.71545872883989,-8.0,follow,43.31371809440735,108.08690618766718,10.508710310080493
51.1,36.01545872883989,3.0,follow,44.06217222152355,107.63536031478338,10.588342659777544
51.2,36.315458728839886,3.0,follow,42.48062634863969,106.50381444189952,10.051836090117147
51.3,36.61545872883988,3.0,follow,42.69908047575555,107.17226856901539,9.633065132963813
51.4,36.41916768992558,-1.9629103891430617,follow,39.75753460287157,104.6807226961314,8.978404417888562
51.5,36.71916768992558,3.0,follow,40.63005439225047,105.25880592713884,9.440956388363503
51.6,36.03375911277006,-6.854085771555104,follow,36.86813762325781,101.94688915814618,8.778112940714358
51.7,36.33375911277006,3.0,follow,37.85287457771403,101.90351324686912,8.850585829422696
51.8,36.069750033092184,-2.640090796778784,follow,35.02949866643705,99.53013733559214,8.707988980286164
51.9,36.36975003309218,3.0,follow,37.64853728264491,101.75316233228318,8.99694175685181
52.0,35.569750033092184,-8.0,follow,32.33156227933557,96.88618732897385,10.97269877016487
52.1,35.86975003309218,3.0,follow,34.15458727602625,97.50921232566452,7.947122970123833
52.2,36.16975003309218,3.0,follow,32.97761227271724,96.78223732235551,9.079222028837853
52.3,36.30970285912539,1.3995282603321098,follow,31.16063726940814,95.4152623190464,7.62120821817268
52.4,36.2952814123575,-0.14421446767889456,follow,29.1497377444457,93.61429203313378,8.03881750197931
52.5,36.595281412357494,3.0,follow,28.101841773361656,92.5447638918979,8.588616886215531
52.6,36.81330234962391,2.1802093726641623,follow,26.692313632125916,91.58523575066215,7.785673871894508
52.7,36.827853083050435,0.145507334265222,follow,24.97395199126386,90.19390551569973,7.136805984607108
52.8,37.12785308305043,3.0,follow,25.00934058281905,90.2511202073947,7.124421132429344
52.9,37.42785308305043,3.0,follow,24.73655527451416,90.4283348990898,7.587636319136791
53.0,36.62785308305043,-8.0,follow,19.953769966209265,86.09554959078491,7.069846302433698
53.1,36.89728102780277,2.6942794475234058,follow,19.08098465790414,84.02276428247978,7.158622519427647
53.2,37.19728102780277,3.0,follow,18.917114637995454,84.26303617969961,6.925379301025012
53.3,37.497281027802764,3.0,follow,20.227386535215274,86.02330807691942,6.623658015312322
53.4,36.69728102780277,-8.0,follow,14.74765843243489,80.99357997413904,8.029277636947251
53.5,36.997281027802764,3.0,follow,17.507930329654656,82.5538518713588,7.167824738501515
53.6,36.81148393160286,-1.8579709619990483,follow,15.898202226874389,81.39412376857854,6.105406133793572
53.7,36.01148393160286,-8.0,follow,12.50574947801411,77.7229753754184,7.149251736414897
53.8,36.31148393160286,3.0,follow,13.864601084853902,77.88182698225819,6.593737707577727
53.9,36.611483931602855,3.0,follow,13.463452691693561,77.93067858909785,7.103020801463521
54.0,35.81148393160286,-8.0,follow,9.61230429853319,74.52953019593747,6.5368271922354815
54.1,36.111483931602855,3.0,follow,9.921155905373013,73.6383818027773,6.57398450530475
54.2,35.507961575870176,-6.035223557326793,follow,7.940007512212759,72.10723340961704,7.119619567022469
54.3,35.564223175492806,0.562615996226294,follow,7.314494888224758,70.57643725203002,7.118705722349433
54.4,35.5412666551255,-0.22956520367308952,follow,6.5736801712416195,69.92001493448083,6.111212774081953
54.5,35.00957219304883,-5.316944620766637,follow,4.913988286280201,68.22588826896845,6.6499739935738775
54.6,35.30957219304883,3.0,follow,6.120572760090212,68.63493104966346,6.432772543062107
54.7,34.50957219304883,-8.0,follow,3.7396155407855503,66.70397383035879,6.670682759481235
54.8,34.80957219304883,3.0,follow,5.108658321480547,66.8730166110538,7.877077323850159
54.9,34.00957219304883,-8.0,follow,1.6777011021757033,63.892059391748944,7.335843595480112
55.0,34.30957219304883,3.0,follow,4.086743882870664,65.10110217244392,6.345401245536523
55.1,34.15019892294619,-1.5937327010264348,follow,3.2657866635659474,64.73014495313919,7.651137466469583
55.2,33.35019892294619,-8.0,follow,-0.570173323574771,60.65512506084451,8.972387610512818
55.3,33.65019892294619,3.0,follow,2.4448067841306482,62.470105168549935,7.927478199394754
55.4,33.68360976523183,0.33410842285641573,follow,2.0797868918358304,62.55508527625511,6.367830845403992
55.5,32.88360976523183,-8.0,follow,-1.5586903481156895,58.96672429973205,7.153022277744094
55.6,33.18360976523183,3.0,follow,2.0729486753609905,61.39836332320874,8.487928615989004
55.7,32.38360976523183,-8.0,follow,-0.595412301161943,59.1800023466858,7.4782563333728005
55.8,32.09599576759251,-2.8761399763931577,follow,-1.3937732776850993,57.18164137016265,8.45132680159939
55.9,32.39599576759251,3.0,follow,-0.941951857985373,57.202041793403396,8.392323549462505
56.0,32.25078977479401,-1.4520599279850408,follow,-1.451551434744779,57.142442216643985,7.187014602976904
56.1,31.80508059444367,-4.457091803503397,follow,-2.4988214230263566,55.87736323916465,8.16314175826093
56.2,32.10508059444367,3.0,follow,-1.9907657119451372,55.71685517972037,5.843354403547252
56.3,31.30508059444367,-8.0,follow,-4.781273771389479,53.37634712027602,7.544274076848609
56.4,31.60508059444367,3.0,follow,-2.991781830833766,53.96583906083174,7.941898305806635
56.5,30.80508059444367,-8.0,follow,-5.872289890278026,51.535331001387476,7.640432205337952
56.6,31.10508059444367,3.0,follow,-3.792797949722349,52.41482294194316,10.729571790803243
56.7,30.30508059444367,-8.0,follow,-5.743306009166773,50.91431488249873,7.986458230327963
56.8,30.60508059444367,3.0,follow,-4.883814068611123,50.57380682305438,8.52116597547147
56.9,30.90508059444367,3.0,follow,-3.694322128055447,52.213298763610055,8.994414102292739
57.0,30.30700759742295,-5.980729970207222,follow,-4.894830187499878,51.46279070416563,12.174757087150867
57.1,30.21667841794733,-0.9032917947561983,follow,-5.068421451711089,50.39208994442333,8.002963880256537
57.2,29.416678417947328,-8.0,follow,-7.354595524292378,47.97042210262862,13.525450139455257
57.3,29.71667841794733,3.0,follow,-5.726263366086954,48.39875426083404,10.28299576964548
57.4,30.01667841794733,3.0,follow,-4.937931207881817,49.63708641903918,8.62252201969246
57.5,29.21667841794733,-8.0,follow,-7.0895990496762735,47.93541857724472,12.397053335170247
57.6,29.51667841794733,3.0,follow,-3.8812668914711566,49.94375073544984,11.43746938867259
57.7,28.71667841794733,-8.0,follow,-6.932934733265704,47.34208289365529,11.362067849953704
57.8,28.970099796644668,2.5342137869733885,follow,-6.334602575060487,46.74041505186051,11.92327172177276
57.9,28.21490263649057,-7.55197160154097,follow,-7.671744622770959,45.78340507219605,13.062675292469349
58.0,28.51490263649057,3.0,follow,-6.360439146188952,45.96191480854691,13.4199186624596
58.1,27.871841587899453,-6.430610485911171,follow,-7.481929409838223,45.29042454489763,19.095046134597744
58.2,28.171841587899454,3.0,follow,-5.844521995741353,45.96324038610783,23.192186836095264
58.3,27.879222666582113,-2.9261892131734077,follow,-6.331706154531425,45.92605622731776,12.056542829649196
58.4,27.079222666582112,-8.0,follow,-8.1307000392136,43.68813396065957,91.16458174286714
58.5,27.177139274556033,0.9791660797392168,follow,-7.748622305871713,42.870211694001455,11.786794086744008
58.6,26.593117609853756,-5.840216647022774,follow,-8.673211145288178,42.092497766545875,24.714968316345633
58.7,26.893117609853757,3.0,follow,-5.336490409220346,44.55318600556029,30.660412965502637
58.8,26.093117609853756,-8.0,follow,-7.775802170205743,42.56387424457489,48.19728852607014
58.9,25.948879660138882,-1.4423794971487451,follow,-7.865113931191104,41.274562483589534,29.08954412634934
59.0,26.248879660138883,3.0,follow,-4.903644972632499,44.01967451757582,31.244453137492595
59.1,26.548879660138883,3.0,follow,-3.1185329386464318,46.25478655156189,24.1051002376116
59.2,25.748879660138883,-8.0,follow,-6.523420904660192,43.299898585548135,36.42075816192353
59.3,26.048879660138883,3.0,follow,-4.448308870674019,44.175010619534305,108.03914923165783
59.4,25.30472641029246,-7.441532498464252,follow,-5.8531968366880065,43.22012265352032,1244.5894144982765
59.5,25.60472641029246,3.0,follow,-4.967439602947479,42.98965001249121,38.2223175512636
59.6,25.90472641029246,3.0,follow,-4.337912243976874,44.06917737146182,187.74699155733424
59.7,25.10472641029246,-8.0,follow,-6.228384885006022,42.62870473043267,
59.8,25.40472641029246,3.0,follow,-4.418857526035438,43.238232089403255,
59.9,25.175416630584554,-2.293097797079076,follow,-4.849330167064778,43.25775944837392,
60.0,24.745484074122142,-4.299325564624102,follow,-5.632907160561224,42.13021778531561,115.27237646813536
60.1,25.045484074122143,3.0,follow,-3.1025567332798616,44.01566937790335,101.07297142066766
60.2,24.245484074122142,-8.0,follow,-4.85210514069184,42.716120970491374,
60.3,24.545484074122143,3.0,follow,-4.201653548103813,42.1665725630794,
60.4,24.845484074122144,3.0,follow,-3.1612019555160558,43.65702415566716,
60.5,24.045484074122143,-8.0,follow,-5.180750362928016,42.0874757482552,
60.6,24.345484074122144,3.0,follow,-2.8252987703402894,43.242927340842925,
60.7,24.174502268817267,-1.7098180530487515,follow,-3.229847177752468,43.28837893343075,
60.8,24.474502268817268,3.0,follow,-1.6508246966769278,44.610928706548975,
60.9,23.99758181144135,-4.769204573759197,follow,-2.6982749235587704,44.01347847966713,
61.0,24.203476629872046,2.0589481843069617,follow,-2.397652418638849,43.598720298523176,
61.1,24.503476629872047,3.0,follow,-1.6518423092722827,44.65337263553579,
61.2,24.72669733451247,2.2322070464042136,follow,-1.377189972259373,45.3780249725487,
61.3,24.180309482651843,-5.463878518606256,follow,-2.569690762671307,44.5203552390974,
61.4,24.403019651652638,2.2271016900079506,follow,-2.2431399331453292,44.02732429083244,
61.5,23.603019651652637,-8.0,follow,-3.9175071518117974,42.68702232566716,
61.6,23.903019651652638,3.0,follow,-2.2578091169771284,43.14672036050183,
61.7,24.20301965165264,3.0,follow,-1.6981110821424963,44.15641839533646,
61.8,23.933123045843157,-2.6989660580948027,follow,-2.3484130473076803,43.95611643017128,
61.9,24.233123045843158,3.0,follow,-1.2918804431776252,44.60780412558711,
62.0,24.294204671991466,0.6108162614830815,follow,-1.3401927477617974,45.00949182100294,
62.1,24.594204671991466,3.0,follow,-0.7562356541834205,45.68507135380378,
62.2,24.159065626446093,-4.351390455453727,follow,-1.7706561213825935,45.12065088660461,
62.3,24.459065626446094,3.0,follow,-0.3388541157088909,45.89974432396025,
62.4,24.16271503498935,-2.963505914567438,follow,-1.1147606783537256,45.57383776131542,
62.5,23.373314897579146,-7.89400137410206,follow,-2.776506294667712,43.467566257816316,
62.6,23.673314897579147,3.0,follow,-0.19973757831045447,44.86023476805826,
62.7,23.973314897579147,3.0,follow,0.4629309319317443,45.972903278300464,
62.8,23.35276437483173,-6.205505227474192,follow,-0.9694005578263116,44.99057178854241,
62.9,23.65276437483173,3.0,follow,2.2411487888117136,47.2702953510593,
63.0,23.95276437483173,3.0,follow,3.0508723513286213,48.530018913576214,
63.1,23.862217534077413,-0.9054684075431614,follow,2.4705959138456564,48.39974247609325,
63.2,23.396567640600306,-4.656498934771076,follow,1.2151944215693717,47.00852072268549,
63.3,23.696567640600307,3.0,follow,4.1040124977249945,49.19886395862545,
63.4,23.0451157874173,-6.514518531830076,follow,2.4043557336649,47.94920719456536,
63.5,23.3451157874173,3.0,follow,3.137021934697593,47.70469561582354,
63.6,23.319862118791228,-0.2525366862607168,follow,2.6725103559557866,47.690184037081735,
63.7,23.61986211879123,3.0,follow,3.3534046470155943,48.33319782520243,
63.8,23.695830358280148,0.7596823948891998,follow,3.066418435136498,48.49621161332334,
63.9,23.99583035828015,3.0,follow,3.8378830400748996,49.38162857749512,
64.0,24.114850751172327,1.1902039289217705,follow,3.603300004246833,49.59704554166706,
64.1,24.27995118825103,1.651004370787021,follow,3.4682843397911967,49.64056046654969,
64.2,24.57995118825103,3.0,follow,3.9326385653482063,50.35256534772475,
64.3,24.87995118825103,3.0,follow,4.49464344652322,51.364570228899765,
64.4,24.848849210816162,-0.311019774348674,follow,3.9366483276981157,51.256575110074664,
64.5,24.04884921081616,-8.0,follow,1.438416372769069,48.711690188993316,
64.6,24.348849210816162,3.0,follow,1.7085314516872785,47.78180526791152,
64.7,24.648849210816163,3.0,follow,5.358646530605455,51.8819203468297,
64.8,23.848849210816162,-8.0,follow,2.5387616095238386,49.51203542574808,
64.9,24.148849210816163,3.0,follow,5.288876688442059,51.062150504666306,
65.0,23.77160885788492,-3.7724035293124363,follow,4.028991767360388,50.25226558358463,
65.1,24.07160885788492,3.0,follow,4.2076914109687635,49.86510469779614,
65.2,24.371608857884922,3.0,follow,6.620530525180271,52.72794381200765,
65.3,24.671608857884923,3.0,follow,6.643369639391906,53.20078292621929,
65.4,24.094886812220537,-5.767220456643864,follow,4.926208753603532,51.93362204043092,
65.5,23.799743915019913,-2.9514289720062274,follow,3.8368031408780396,49.979133359208845,
65.6,24.099743915019914,3.0,follow,6.844543095176967,52.544158967706835,
65.7,24.399743915019915,3.0,follow,7.719568703675172,53.86918457620504,
65.8,23.599743915019914,-8.0,follow,5.444594312173059,52.04421018470293,
65.9,23.899743915019915,3.0,follow,8.81961992067118,54.21923579320105,
66.0,24.117031697235895,2.17287782215981,follow,8.469645529169249,54.31926140169912,
66.1,24.417031697235895,3.0,follow,9.092010686121654,55.2675582319755,
66.2,24.457823181778245,0.40791484542348844,follow,8.390307516398217,55.01585506225206,
66.3,24.31651072613402,-1.4131245564422596,follow,7.3833379714068315,54.070072744074196,
66.4,24.61651072613402,3.0,follow,10.298655582259684,56.77342167146071,
66.5,24.163506568835096,-4.530041572989255,follow,8.59200450964616,55.51677059884719,
66.6,24.463506568835097,3.0,follow,9.720160088711125,55.96541994196377,
66.7,24.27868366401869,-1.848229048164061,follow,8.548809431827642,55.244069285080286,
66.8,24.57868366401869,3.0,follow,9.65317542265015,56.07120091867819,
66.9,24.67116268142355,0.9247901740485869,follow,9.005307056248185,55.873332552276224,
67.0,24.97116268142355,3.0,follow,9.91947226199862,56.92621628413394,
67.1,25.27116268142355,3.0,follow,11.792355993856091,59.24910001599142,
67.2,24.47116268142355,-8.0,follow,8.135239725713816,56.041983747849144,
67.3,24.77116268142355,3.0,follow,9.373123457571438,56.07986747970676,
67.4,25.07116268142355,3.0,follow,12.601007189429382,59.75775121156471,
67.5,24.508761272864422,-5.624014085591282,follow,10.538890921287134,58.145634943422465,
67.6,24.808761272864423,3.0,follow,11.166616906839565,57.9297588161362,
67.7,25.108761272864424,3.0,follow,12.880740779553179,60.09388268884982,
67.8,24.585400868896535,-5.233604039678896,follow,10.869864652266891,58.533006561563525,
67.9,24.885400868896536,3.0,follow,14.646365171329194,61.524466474674,
68.0,24.715831717117666,-1.6956915177887106,follow,13.197825084439437,60.52592638778424,
68.1,24.881047063004722,1.6521534588705613,follow,12.460595640396058,59.53434321607256,
68.2,25.181047063004723,3.0,follow,15.439667915265204,62.761238509772284,
68.3,24.381047063004722,-8.0,follow,12.186563208964955,59.95813380347204,
68.4,24.681047063004723,3.0,follow,15.213458502664594,61.78502909717167,
68.5,24.972960526784657,2.9191346377993312,follow,14.590353796364226,61.61192439087131,
68.6,25.272960526784658,3.0,follow,15.540187548015922,62.999628338192906,
68.7,25.57296052678466,3.0,follow,15.662891495337462,63.57233228551445,
68.8,25.202231434212884,-3.707290925717749,follow,13.755595442658802,62.11503623283579,
68.9,25.502231434212884,3.0,follow,13.711465938095145,61.514813089414474,
69.0,25.802231434212885,3.0,follow,14.85124279467366,63.104589945992984,
69.1,25.640345395366012,-1.6188603884687254,follow,13.376019651252385,62.07936680257171,
69.2,25.940345395366013,3.0,follow,16.819814169986216,65.28033226303523,
69.3,25.404030517217524,-5.363148781484876,follow,14.52077963044978,63.4312977234988,
69.4,25.704030517217525,3.0,follow,15.039848895950826,63.145894671777114,
69.5,26.004030517217526,3.0,follow,15.434445844229018,63.99049162005531,
69.6,25.636529111591315,-3.675014056262122,follow,13.524042792507153,62.53008856833344,
69.7,25.936529111591316,3.0,follow,14.751641989787352,63.206435657174325,
69.8,26.236529111591317,3.0,follow,16.91798907862806,65.82278274601504,
69.9,25.72034197421893,-5.161871373723882,follow,14.634336167468959,63.98912983485593,
70.0,26.02034197421893,3.0,follow,15.2515826761055,63.832095637433895,
70.1,26.32034197421893,3.0,follow,16.77454847868357,65.80506144001197,
70.2,26.62034197421893,3.0,follow,17.247514281261694,66.72802724259009,
70.3,26.91382192375827,2.9347994953934036,follow,16.46048008383982,66.39099304516822,
70.4,27.21382192375827,3.0,follow,16.473877967154948,66.84461085279236,
70.5,26.721659983923047,-4.921619398352249,follow,14.242495774779194,65.0632286604166,
70.6,27.021659983923048,3.0,follow,14.418572686139626,64.5010626620242,
70.7,27.32165998392305,3.0,follow,17.336406687747285,67.86889666363186,
70.8,26.806634410523007,-5.150255734000421,follow,15.004240689354717,65.98673066523929,
70.9,27.106634410523007,3.0,follow,16.05111560840266,66.26106722418717,
71.0,27.406634410523008,3.0,follow,17.485452167350445,68.14540378313495,
71.1,27.519312192551578,1.126777820285687,follow,16.319788726298086,67.4297403420826,
71.2,27.81931219255158,3.0,follow,16.153840834000256,67.43280912282762,164.74664168312137
71.3,28.11931219255158,3.0,follow,17.676909614745078,69.40587790357245,
71.4,27.31931219255158,-8.0,follow,14.21497839549,66.39394668431737,
71.5,27.61931219255158,3.0,follow,17.293047176235028,68.2720154650624,
71.6,27.667429891597028,0.4811769904544887,follow,16.001115956980023,67.4300842458074,
71.7,27.96742989159703,3.0,follow,16.29219641925232,67.79334125664786,
71.8,28.26742989159703,3.0,follow,17.33045343009256,69.2815982674881,
71.9,28.210414676237736,-0.5701521535929404,follow,15.828710440932845,68.22985527832839,
72.0,28.510414676237737,3.0,follow,16.018191796348063,68.33381381070467,
72.1,28.810414676237738,3.0,follow,16.21215032872408,68.97777234308069,
72.2,28.451914819350048,-3.5849985688768857,follow,14.196108861100292,67.4117308754569,
72.3,28.75191481935005,3.0,follow,14.29866716449692,66.97653939352199,
72.4,29.05191481935005,3.0,follow,13.653475682562018,66.78134791158709,
72.5,28.917920258197405,-1.3399456115264385,follow,12.198284200627171,65.77615642965225,
72.6,29.217920258197406,3.0,follow,16.847484016536512,70.22436440383262,80.91107880081353
72.7,28.417920258197405,-8.0,follow,12.940691990716694,66.7675723780128,
72.8,28.717920258197406,3.0,follow,15.183899964896867,67.81078035219298,
72.9,29.017920258197407,3.0,follow,14.737107939076857,67.81398832637296,53.48442686985981
73.0,29.317920258197407,3.0,follow,14.95031591325715,68.47719630055326,66.6172261461574
73.1,29.617920258197408,3.0,follow,15.063523887437306,69.04040427473342,33.712447542026474
73.2,29.91792025819741,3.0,follow,14.651731861617606,69.07861224891371,91.14232203425472
73.3,29.488168563698476,-4.297516944989319,follow,12.559939835798062,67.43682022309417,
73.4,29.788168563698477,3.0,follow,13.65575052117672,67.88800336672443,
73.5,30.088168563698478,3.0,follow,13.666933664806969,68.34918651035468,131.90531286287586
73.6,30.172391343202918,0.8422277950444093,follow,12.593116808436953,67.72536965398467,
73.7,30.47239134320292,3.0,follow,14.43454350485986,69.69313051966424,32.83707820561018
73.8,30.217489295382777,-2.549020478201414,follow,12.67230437053945,68.38089138534383,32.141591280270475
73.9,30.517489295382777,3.0,follow,13.26790851273153,68.5941424558057,73.16792073641605
74.0,30.817489295382778,3.0,follow,12.641159583193065,68.41739352626723,84.72854552682973
74.1,31.11748929538278,3.0,follow,12.659410653654817,68.88564459672898,47.58974371448649
74.2,30.856947684608492,-2.6054161077428493,follow,10.977661724116743,67.65389566719091,22.802523960282866
74.3,30.725456169821815,-1.3149151478667687,follow,9.632779371817477,65.91820089873022,63.6610247926513
74.4,31.025456169821815,3.0,follow,11.597471027015317,67.68565528174804,28.255852114707142
74.5,30.722496143483806,-3.029600263380088,follow,9.889925410033044,66.42810966476577,227.107642766044
74.6,31.022496143483806,3.0,follow,10.377115835191589,66.4608600504173,80.80385613592331
74.7,31.322496143483807,3.0,follow,11.039866220843038,67.57361043606875,29.866840052163976
74.8,31.622496143483808,3.0,follow,11.162616606494524,68.14636082172024,31.659225512676432
74.9,31.17832586249145,-4.441702809923549,follow,9.205366992145855,66.63911120737157,30.875370751683928
75.0,31.478325862491452,3.0,follow,10.073789827385276,66.84127862112246,43.450662990783535
75.1,31.778325862491453,3.0,follow,10.995957241136239,68.21344603487341,76.78876515376672
75.2,31.188730612603322,-5.8959524988813055,follow,8.768124654886876,66.43561344862405,33.07343106725657
75.3,31.488730612603323,3.0,follow,12.133644468458932,68.91674038736392,74.20530717102501
75.4,30.688730612603322,-8.0,follow,9.314771407198656,66.54786732610364,64.06653132068354
75.5,30.485683767363316,-2.0304684524000507,follow,7.905898345938148,63.93899426484313,61.73602047237013
75.6,30.785683767363317,3.0,follow,10.941900237062072,66.67042588810705,97.23203182201216
75.7,30.89340879302675,1.0772502566343451,follow,10.023331860325712,66.20185751137069,41.28819662164978
75.8,31.19340879302675,3.0,follow,10.792403442527892,67.13251663206802,47.16320213908241
75.9,31.139276035094685,-0.5413275793206598,follow,9.573062563225399,66.36317575276553,34.39796822516825
76.0,31.222535662919466,0.8325962782477996,follow,8.680334096613961,65.38924814925599,
76.1,31.00180004890339,-2.2073561401607353,follow,7.263191088584847,64.09699458296404,106.50878925610326
76.2,31.30180004890339,3.0,follow,8.654114504718777,65.15681457807386,42.26022344753254
76.3,31.170374043694483,-1.3142600520890824,follow,7.403934499828466,64.35663457318356,119.09645795194668
76.4,31.470374043694484,3.0,follow,7.824036103272462,64.57959716881419,58.68876818648823
76.5,31.770374043694485,3.0,follow,8.566998698902893,65.77255976444462,44.73185584749816
76.6,32.070374043694486,3.0,follow,9.18996129453344,66.84552236007517,68.18369253042593
76.7,31.551864412454822,-5.185096312396629,follow,7.172923890164107,65.27848495570584,223.66030995920278
76.8,31.466148376564853,-0.8571603588997139,follow,6.085501895778158,63.413298514460394,46.75985283784902
76.9,31.766148376564853,3.0,follow,7.947461111956557,65.14668367680383,39.10016934453263
77.0,32.066148376564854,3.0,follow,8.220846274300229,65.8700688391475,40.01466075409543
77.1,31.266148376564853,-8.0,follow,5.6242314366437824,63.72345400149106,23.722983643585227
77.2,31.566148376564854,3.0,follow,7.29761659898746,64.19683916383474,28.708667026135874
77.3,31.866148376564855,3.0,follow,6.931001761331032,64.28022432617831,
77.4,31.58165202428715,-2.8449635227770553,follow,5.474386923674459,63.27360948852174,
77.5,31.88165202428715,3.0,follow,7.432966249662286,64.805444286093,50.56399323532272
77.6,31.628636690059828,-2.530153342273211,follow,6.004801047233556,63.82727908366428,279.16463917913603
77.7,31.92863669005983,3.0,follow,6.9214603795686855,64.36441541465842,87.13947774439025
77.8,31.340966998152773,-5.876696919070568,follow,4.888596710562709,62.78155174565245,
77.9,31.640966998152773,3.0,follow,6.236004548607951,63.247455045837114,
78.0,31.940966998152774,3.0,follow,7.04190784879281,64.50335834602197,60.79676225398835
78.1,31.485309796348265,-4.556572018045078,follow,5.247811148977753,63.159261646206915,46.94774528338951
78.2,31.785309796348265,3.0,follow,8.292765972049637,65.52073066657204,29.57632868079081
78.3,30.985309796348265,-8.0,follow,5.334234992414636,63.01219968693704,
78.4,31.285309796348265,3.0,follow,7.265704012779878,63.74366870730228,73.66571946406947
78.5,31.585309796348266,3.0,follow,7.617173033144823,64.54513772766722,36.9820520475596
78.6,30.785309796348265,-8.0,follow,4.408642053510057,61.786606748032455,316.35180571208025
78.7,31.085309796348266,3.0,follow,5.2401110738751555,61.41807576839756,70.97813526160311
78.8,31.385309796348267,3.0,follow,5.071580094240126,61.69954478876252,
78.9,31.685309796348267,3.0,follow,7.873049114605344,64.95101380912774,
79.0,30.885309796348267,-8.0,follow,5.254518134970489,62.78248282949289,
79.1,31.185309796348267,3.0,follow,10.15598715533553,66.48395184985793,
79.2,30.385309796348267,-8.0,follow,6.047456175700667,62.82542087022307,
79.3,30.685309796348267,3.0,follow,8.2389251960659,63.8168898905883,977.1411558272631
79.4,30.985309796348268,3.0,follow,9.480394216431172,65.50835891095358,
79.5,31.28530979634827,3.0,follow,9.641863236796297,66.1198279313187,
79.6,31.58530979634827,3.0,follow,9.283332257161433,66.21129695168383,63.95312512759316
79.7,31.37584621228992,-2.0946358405834857,follow,7.804801277526451,65.18276597204886,
79.8,31.675846212289922,3.0,follow,7.931412032384969,64.99518135081985,71.7507900005632
79.9,31.692815115387845,0.16968903097920318,follow,6.953827411156041,64.46759672959092,46.960144892764895
80.0,31.992815115387845,3.0,follow,7.149092544970145,64.68831521805191,
80.1,31.393034972356872,-5.99780143030972,follow,5.04981103343124,63.03903370651301,
80.2,31.693034972356873,3.0,follow,5.650177750741932,62.73973020927724,48.52129412626685
80.3,31.993034972356874,3.0,follow,6.200874253506342,63.74042671204165,
80.4,32.11913389043891,1.260989180820335,follow,5.521570756270961,63.511123214806275,67.62733606080806
80.5,32.28271687196909,1.635829815301837,follow,4.950508990103884,63.129209825762246,68.41666359805845
80.6,32.58271687196909,3.0,follow,6.086862830611864,64.5109381385655,50.292421927479
80.7,32.88271687196909,3.0,follow,5.898591143415018,64.77266645136865,35.73236805646791
80.8,32.49361378431081,-3.891030876582793,follow,4.260319456218113,63.58439476417175,123.79806910652174
80.9,32.79361378431081,3.0,follow,6.544612709274247,65.28503338574046,40.20970628396874
81.0,31.993613784310806,-8.0,follow,2.695251330843284,61.885672007309495,
81.1,32.29361378431081,3.0,follow,5.095889952412229,63.08631062887844,201.15924039345416
81.2,32.141380352824825,-1.5223343148598323,follow,3.9465285739808493,62.38694925044706,207.00403548438646
81.3,31.893228103954872,-2.4815224886995155,follow,2.680740685927546,60.892811215164784,91.81277278821128
81.4,32.19322810395487,3.0,follow,5.373646248836813,63.21348840476912,101.42913646485104
81.5,32.389839673458184,1.9661156950331176,follow,4.86432343844173,63.154165594374035,
81.6,32.68983967345818,3.0,follow,6.6904221168406295,65.2751816270279,6633.87681557208
81.7,32.323107291844224,-3.6673238161395894,follow,5.041438149494567,64.07619765968184,61.428194549761585
81.8,31.905533373417978,-4.175739184262478,follow,3.389225992731184,61.87388693049752,
81.9,32.20553337341798,3.0,follow,7.885033533028775,65.74333359315574,
82.0,32.07169544216405,-1.33837931253926,follow,6.604480195686946,64.91278025581391,47.670557046627486
82.1,32.246733283248105,1.7503784108405407,follow,5.978067548351532,64.08561071159761,
82.2,32.02670958407179,-2.2002369917631572,follow,4.640837458400746,63.0109373832729,236.25299256705003
82.3,32.145705982965204,1.1899639889341787,follow,4.018202048758226,62.058266424865906,
82.4,32.4457059829652,3.0,follow,4.655136852121672,62.873695826569474,87.84849829825518
82.5,32.7457059829652,3.0,follow,6.2105662538252915,64.8791252282731,32.347276110906826
82.6,33.045705982965195,3.0,follow,6.845995655528398,65.96455462997619,31.32657415784459
82.7,33.05199079016778,0.06284807202581799,follow,5.881425057232036,65.44998403167983,151.507822669691
82.8,32.25199079016778,-8.0,follow,3.006798767411418,62.584784952663085,
82.9,32.55199079016778,3.0,follow,3.3515996883944297,61.7295858736461,76.02251973928307
83.0,32.851990790167775,3.0,follow,4.676400609378014,63.50438679462968,
83.1,32.05199079016778,-8.0,follow,1.5012015303611435,60.77918771561281,61.89384699344113
83.2,32.351990790167775,3.0,follow,5.736002451344483,63.81398863659615,
83.3,32.26333498710497,-0.8865580306280627,follow,4.650803372327758,63.17878955757942,92.45654144718074
83.4,32.563334987104966,3.0,follow,4.377453578211103,62.772456058868556,155.633550437646
83.5,31.909289332776385,-6.540456543285812,follow,2.3011200795008975,61.14612256015835,
83.6,32.209289332776386,3.0,follow,6.441259627716157,64.30519362688074,339.71905697849184
83.7,31.705919438644507,-5.033698941318782,follow,4.5303306944386605,62.844264693603236,
83.8,32.005919438644504,3.0,follow,4.454793591772059,62.01367274973882,
83.9,31.205919438644504,-8.0,follow,1.554201647907746,59.563080805874506,
84.0,31.505919438644504,3.0,follow,7.163609704043111,63.97248886200987,
84.1,31.805919438644505,3.0,follow,9.573017760178743,66.8318969181455,
84.2,32.105919438644506,3.0,follow,9.092425816314055,66.80130497428081,
84.3,31.305919438644505,-8.0,follow,5.521833872449669,63.68071303041643,
84.4,31.605919438644506,3.0,follow,6.681241928585216,63.64012108655197,67.99743488469716
84.5,31.905919438644506,3.0,follow,8.020649984720684,65.42952914268744,
84.6,31.105919438644506,-8.0,follow,5.430058040856316,63.28893719882308,
84.7,31.405919438644506,3.0,follow,8.859466096991845,65.5183452549586,
84.8,31.705919438644507,3.0,follow,9.318874153127204,66.42775331109397,
84.9,32.005919438644504,3.0,follow,9.768282209262807,67.32716136722956,
85.0,31.34151744085518,-6.644019977893214,follow,7.347690265398512,65.35656942336527,
85.1,31.641517440855182,3.0,follow,8.3701415179968,65.38241767927957,
85.2,31.50192314134005,-1.3959429951513034,follow,7.015989773911713,64.47826593519449,
85.3,31.80192314134005,3.0,follow,7.485188909050194,64.73807362106027,
85.4,32.10192314134005,3.0,follow,8.164996594916317,65.86788130692639,
85.5,32.40192314134005,3.0,follow,8.824804280782459,66.97768899279254,
85.6,32.701923141340046,3.0,follow,9.394611966648007,67.99749667865808,
85.7,31.901923141340045,-8.0,follow,6.174419652514047,65.22730436452412,
85.8,32.201923141340046,3.0,follow,11.384227338380285,69.23711205039035,
85.9,31.401923141340045,-8.0,follow,8.114035024246135,66.4169197362562,
86.0,31.701923141340046,3.0,follow,9.953842710112482,67.05672742212255,
86.1,31.550835353149626,-1.5108778819041957,follow,8.473650395978297,66.02653510798837,
86.2,30.842766759775014,-7.08068593374612,follow,6.0251985429489,63.35145157267334,
86.3,31.142766759775014,3.0,follow,13.063024757033332,69.32717489669585,
86.4,31.442766759775015,3.0,follow,12.628748081055804,69.34289822071833,
86.5,31.10899756521468,-3.3376919456033534,follow,10.644471405078548,67.80862154474107,
86.6,31.40899756521468,3.0,follow,12.02422544039726,68.68772178821928,
86.7,31.70899756521468,3.0,follow,12.62332568387599,69.73682203169801,
86.8,30.90899756521468,-8.0,follow,8.682425927354302,66.24592227517633,
86.9,31.20899756521468,3.0,follow,12.021526170832729,68.38502251865475,
87.0,31.50899756521468,3.0,follow,14.240626414311805,71.05412276213383,
87.1,30.70899756521468,-8.0,follow,10.319726657790106,67.58322300561213,
87.2,31.00899756521468,3.0,follow,14.66882690126829,70.73232324909031,
87.3,30.20899756521468,-8.0,follow,11.487927144747282,68.0014234925693,
87.4,30.50899756521468,3.0,follow,16.447027388225592,71.76052373604762,
87.5,30.80785969371711,2.988621285024278,follow,15.41612763170422,71.17962397952624,
87.6,30.00785969371711,-8.0,follow,12.337048469578548,68.54883801015421,
87.7,30.30785969371711,3.0,follow,19.206262500206705,74.21805204078237,
87.8,29.50785969371711,-8.0,follow,15.535476530834984,70.99726607141065,
87.9,29.80785969371711,3.0,follow,17.054690561463232,71.3164801020389,
88.0,30.10785969371711,3.0,follow,19.003904592091402,73.71569413266707,
88.1,30.40785969371711,3.0,follow,20.823118622719463,75.98490816329513,
88.2,29.60785969371711,-8.0,follow,16.54233265334762,72.15412219392329,
88.3,29.90785969371711,3.0,follow,20.3315466839763,74.74333622455197,
88.4,30.20785969371711,3.0,follow,21.060760714604676,75.92255025518034,
88.5,30.507859693717112,3.0,follow,21.579974745232555,76.89176428580822,
88.6,30.807859693717113,3.0,follow,20.49918877586098,76.26097831643665,
88.7,31.107859693717113,3.0,follow,19.318402806489047,75.53019234706471,
88.8,31.407859693717114,3.0,follow,18.26761683711767,74.92940637769334,
88.9,31.707859693717115,3.0,follow,20.006830867745805,77.11862040832148,
89.0,31.330577553820497,-3.772821398966194,follow,17.44604489837421,75.00783443894989,
89.1,30.66785598051027,-6.627215733102252,follow,14.488910352837067,71.48477668356782,
89.2,30.967855980510272,3.0,follow,22.88620711475125,78.88799108551666,
89.3,31.267855980510273,3.0,follow,23.799421516700136,80.25120548746554,
89.4,30.467855980510272,-8.0,follow,16.772635918649414,73.67441988941482,
89.5,30.767855980510273,3.0,follow,21.265850320598133,76.96763429136354,
89.6,31.067855980510274,3.0,follow,24.70906472254721,80.86084869331262,
89.7,31.367855980510274,3.0,follow,27.77227912449618,84.37406309526159,
89.8,30.567855980510274,-8.0,follow,23.265493526444985,80.3172774972104,
89.9,30.867855980510274,3.0,follow,23.24870792839394,79.10049189915935,
90.0,31.167855980510275,3.0,follow,24.41192233034282,80.71370630110823,
90.1,31.467855980510276,3.0,follow,27.805136732291714,84.55692070305713,
90.2,30.667855980510275,-8.0,follow,23.198351134241072,80.40013510500648,
90.3,30.967855980510276,3.0,follow,24.471565536189985,80.4733495069554,
90.4,31.267855980510276,3.0,follow,25.10477993813867,81.55656390890408,
90.5,31.567855980510277,3.0,follow,23.927994340087857,80.82977831085327,
90.6,31.867855980510278,3.0,follow,26.261208742036807,83.61299271280222,
90.7,32.167855980510275,3.0,follow,29.574423143985783,87.3762071147512,
90.8,31.772853964697756,-3.950020158125202,follow,26.357637545935006,84.60942151670042,
90.9,32.07285396469776,3.0,follow,25.89285517318381,83.55213612023044,
91.0,32.372853964697754,3.0,follow,25.59556977671432,83.70485072376096,
91.1,31.849705125638046,-5.2314883905970895,follow,22.348284380244564,80.9075653272912,
91.2,32.14970512563804,3.0,follow,29.18803712627019,86.96259481472725,
91.3,32.128043305909145,-0.21661819728896958,follow,26.673066613706354,84.89762430216342,
91.4,32.42804330590914,3.0,follow,26.692755012708425,84.88481997157214,
91.5,32.72804330590914,3.0,follow,34.599950682117495,93.24201564098121,
91.6,31.92804330590914,-8.0,follow,27.287146351526765,86.37921131039047,
91.7,32.22804330590914,3.0,follow,26.14434202093556,84.03640697979927,
91.8,32.52804330590914,3.0,follow,26.681537690344733,85.02360264920844,
91.9,32.828043305909134,3.0,follow,30.278733359753858,89.07079831861756,
92.0,32.658757489044945,-1.6928581686418855,follow,27.385929029162746,86.62799398802645,
92.1,32.09283231316469,-5.659251758802537,follow,23.903982005554866,82.89211823912228,
92.2,32.39283231316469,3.0,follow,30.843586538058496,88.98283500780553,
92.3,31.59283231316469,-8.0,follow,26.554303306741915,85.14355177648895,
92.4,31.89283231316469,3.0,follow,34.395020075425805,91.78426854517284,
92.5,32.192832313164686,3.0,follow,32.14573684410918,89.98498531385621,
92.6,31.415303691684993,-7.775286214796921,follow,27.966453612792726,86.25570208253976,
92.7,31.715303691684994,3.0,follow,33.79121617584367,90.91417171337116,
92.8,31.416368557294117,-2.989351343908776,follow,30.409685806675384,87.98264134420288,
92.9,31.716368557294118,3.0,follow,33.116451652532035,90.24100448847321,
93.0,32.016368557294115,3.0,follow,31.90481479680284,89.47936763274402,413.55069679146095
93.1,31.463400388093564,-5.529681692005514,follow,28.13317794107325,86.15773077701442,
93.2,31.763400388093565,3.0,follow,29.676290156064915,86.87139073820526,
93.3,32.06340038809356,3.0,follow,33.78995011725567,91.43505069939602,
93.4,31.50492857650956,-5.58471811584001,follow,29.883610078446438,87.97871066058678,
93.5,31.80492857650956,3.0,follow,30.710824938171328,87.96821780293567,429.2628158612733
93.6,32.10492857650956,3.0,follow,28.9303320805205,86.63772494528484,
93.7,32.404928576509555,3.0,follow,32.259839222869815,90.41723208763415,
93.8,32.70492857650955,3.0,follow,36.279346365218714,94.88673922998305,107.22530806299358
93.9,31.90492857650955,-8.0,follow,27.478853507567464,86.53624637233179,641.3485461043598
94.0,32.20492857650955,3.0,follow,31.728360649916745,89.58575351468107,
94.1,32.50492857650955,3.0,follow,35.107867792265324,93.41526065702965,
94.2,31.728209581138984,-7.767189953705646,follow,30.667374934614642,89.42476779937897,
94.3,32.02820958113898,3.0,follow,33.39963246955649,90.99194684126496,138.24160183723026
94.4,31.22820958113898,-8.0,follow,28.896811511442593,86.93912588315106,
94.5,31.52820958113898,3.0,follow,34.32399055332844,91.16630492503691,
94.6,31.82820958113898,3.0,follow,32.321169595215,89.61348396692347,50.3953442369398
94.7,32.12820958113898,3.0,follow,35.18834863710099,92.93066300880946,
94.8,32.42820958113898,3.0,follow,35.34552767898694,93.53784205069542,1606.9148793110737
94.9,32.72820958113898,3.0,follow,38.81270672087331,97.45502109258177,
95.0,31.928209581138976,-8.0,follow,32.77988576275966,91.87220013446813,
95.1,32.22820958113898,3.0,follow,33.33706480464562,91.22937917635409,
95.2,32.528209581138974,3.0,follow,32.53424384653154,90.87655821824,234.0914872621538
95.3,32.82820958113897,3.0,follow,30.54142288841787,89.33373726012633,57.70132051140406
95.4,33.12820958113897,3.0,follow,31.98860193030424,91.2309163020127,
95.5,33.428209581138965,3.0,follow,29.675780972189955,89.3680953438984,79.9207025688974
95.6,33.72820958113896,3.0,follow,30.41296001407629,90.55527438578474,59.64609597434508
95.7,34.02820958113896,3.0,follow,33.06013905596204,93.65245342767048,49.337256727719954
95.8,33.22820958113896,-8.0,follow,25.847318097848103,86.88963246955655,92.61217772267331
95.9,33.52820958113896,3.0,follow,33.02449713973441,92.86681151144285,57.38861800959029
96.0,33.82820958113896,3.0,follow,32.93167618162036,93.2239905533288,39.19923260450517
96.1,33.02820958113896,-8.0,follow,28.208855223506674,88.9511695952151,55.656761569295746
96.2,32.22820958113896,-8.0,follow,23.576034265392565,83.11834863710101,232.03831782728514
96.3,32.52820958113896,3.0,follow,29.07321330727858,87.41552767898702,72.95512325639557
96.4,32.82820958113896,3.0,follow,34.01039234916473,92.80270672087318,54.32747114027811
96.5,32.14322821366974,-6.8498136746921805,follow,29.667571391051155,88.90988576275959,303.2105425670237
96.6,32.443228213669734,3.0,follow,27.850720620888126,86.06556294139273,87.53365876287009
96.7,32.74322821366973,3.0,follow,28.74639779952132,87.41124012002592,
96.8,33.04322821366973,3.0,follow,32.07207497815391,91.1869172986585,23.06644402246915
96.9,33.343228213669725,3.0,follow,30.627752156786954,90.19259447729155,118.17251100248338
97.0,33.33917469039407,-0.04053523275659465,follow,27.733429335420198,87.74827165592478,133.11838718119952
97.1,33.639174690394064,3.0,follow,27.175592151294126,87.18435418688523,21.012456860090637
97.2,33.93917469039406,3.0,follow,26.431674682254567,86.89043671784566,30.3900412275509
97.3,34.15643218202064,2.172574916265779,follow,24.17775721321523,85.08651924880633,26.956549148582344
97.4,34.456432182020635,3.0,follow,30.976227757573184,92.21087603060414,20.59918977460767
97.5,33.65643218202064,-8.0,follow,24.560584539371312,86.24523281240226,27.497879057228335
97.6,33.956432182020635,3.0,follow,30.014941321169232,90.49958959420019,23.838063016848672
97.7,34.25643218202063,3.0,follow,30.18929810296705,91.123946375998,62.13989811000745
97.8,34.55643218202063,3.0,follow,27.903654884765288,89.28830315779624,34.521803346894814
97.9,33.75643218202063,-8.0,follow,22.908011666563034,84.74265993959398,55.51681950744432
98.0,34.05643218202063,3.0,follow,26.29236844836079,86.92701672139174,36.4255131054214
98.1,34.356432182020626,3.0,follow,24.27672523015901,85.36137350318995,19.154644347013388
98.2,33.93832883242446,-4.181033495961632,follow,20.9010820119571,82.43573028498804,23.363959029958966
98.3,34.23832883242446,3.0,follow,24.84440415310859,85.75189740174528,29.183900881165222
98.4,33.43832883242446,-8.0,follow,19.610571269866384,80.96806451850307,21.48646472192556
98.5,33.73832883242446,3.0,follow,27.536738386623476,87.69423163526017,37.66402340340619
98.6,32.93832883242446,-8.0,follow,21.912905503381396,82.52039875201808,33.56768128966481
98.7,33.23832883242446,3.0,follow,24.849072620138706,84.2565658687754,28.772918169513307
98.8,33.538328832424455,3.0,follow,24.385239736896025,84.24273298553271,36.814085367389545
98.9,33.68155742941147,1.4322859698701311,follow,22.031406853653927,82.33890010229061,30.25433129298184
99.0,33.98155742941147,3.0,follow,24.018408215231787,84.54074435934899,22.180105094835934
99.1,33.2731988311769,-7.083585982345667,follow,20.07025247229081,81.04258861640801,45.963386081825966
99.2,33.573198831176896,3.0,follow,24.835470486525338,84.74526873329069,20.355806236939692
99.3,32.7731988311769,-8.0,follow,17.498150603407417,77.85794885017276,41.787246507123136
99.4,33.073198831176896,3.0,follow,22.830830720289924,81.99062896705527,36.71443304662944
99.5,33.37319883117689,3.0,follow,27.48351083717224,87.09330908393758,25.591601726608193
99.6,32.573198831176896,-8.0,follow,17.986190954054464,78.0459892008198,37.64520220017456
99.7,32.87319883117689,3.0,follow,19.908871070936662,78.768669317702,20.442409740284145
99.8,33.17319883117689,3.0,follow,22.73155118781905,82.04134943458439,36.57337383309064
99.9,33.47319883117689,3.0,follow,20.97423130470151,80.73402955146685,22.468567241803274
100.0,33.773198831176884,3.0,follow,20.686911421583773,80.8967096683491,19.065029211914585
100.1,34.07319883117688,3.0,follow,20.269591538465924,80.92938978523125,25.423919169796353
100.2,34.37319883117688,3.0,follow,19.847271655347967,80.95706990211329,15.863985037683372
100.3,34.673198831176876,3.0,follow,20.34995177223019,81.90975001899551,13.464914149970168
100.4,34.37805356190279,-2.9514526927408617,follow,17.337631889112544,79.34743013587786,13.295361597019514
100.5,34.549109138923285,1.7105557702049445,follow,15.372544436833437,76.93962477968762,18.064722520620396
100.6,34.84910913892328,3.0,follow,17.35605015740991,79.17971386579484,12.589972938416945
100.7,35.14910913892328,3.0,follow,20.021139243517588,82.29480295190251,20.891729588989527
100.8,34.34910913892328,-8.0,follow,12.991228329625102,75.71489203801002,11.473502020359637
100.9,34.491423648018824,1.4231450909553942,follow,11.206317415732862,72.72998112411778,21.13369017092312
101.0,34.79142364801882,3.0,follow,16.678703287287412,78.41583875931565,15.371363793667498
101.1,33.991423648018824,-8.0,follow,12.039560922485279,74.22669639451351,16.02675592552742
101.2,33.19142364801883,-8.0,follow,6.695418557683574,67.68255402971181,15.845432250932166
101.3,33.491423648018824,3.0,follow,16.47627619288187,76.26341166491011,20.114716461390667
101.4,32.69142364801883,-8.0,follow,11.5021338280797,71.73926930010794,20.967666293429787
101.5,32.991423648018824,3.0,follow,13.672991463277413,72.71012693530565,26.235659419043742
101.6,33.29142364801882,3.0,follow,14.108849098476007,73.59598457050424,18.4385299733929
101.7,33.59142364801882,3.0,follow,12.819706733674238,72.75684220570247,16.875363718695485
101.8,33.891423648018815,3.0,follow,13.465564368872414,73.85269984090064,14.4485577652179
101.9,33.09142364801882,-8.0,follow,9.126422004070008,69.96355747609823,17.100052083332056
102.0,33.391423648018815,3.0,follow,12.732279639268121,72.36941511129635,17.55932446936985
102.1,32.79661313175884,-5.948105162599754,follow,9.543137274466716,69.63027274649494,13.047652326925604
102.2,33.096613131758836,3.0,follow,13.010691735680808,72.20561143331906,13.454595973392745
102.3,33.39661313175883,3.0,follow,11.77103042250424,71.4159501201425,18.280783817462268
102.4,32.596613131758836,-8.0,follow,6.256369109328958,66.3512888069672,18.195318891687478
102.5,32.89661313175883,3.0,follow,13.066707796152926,71.96162749379118,16.709563940887776
102.6,32.096613131758836,-8.0,follow,7.392046482977335,66.73696618061558,19.764469181535492
102.7,32.39661313175883,3.0,follow,12.232385169801503,70.37730486743976,20.419264413214158
102.8,32.35306343423359,-0.43549697525245534,follow,10.097723856625421,68.69264355426367,16.30467820543503
102.9,32.65306343423359,3.0,follow,14.137742059489902,72.66733721084029,15.224465002843294
103.0,31.853063434233587,-8.0,follow,7.167435716066635,66.14703086741702,20.780933912912683
103.1,32.15306343423359,3.0,follow,7.6421293726434385,65.42172452399382,14.400354622173666
103.2,32.453063434233584,3.0,follow,7.801823029219818,66.0314181805702,17.831565500642466
103.3,32.508439571146376,0.5537613691279084,follow,6.096516685796878,64.77611183714725,11.54975657942355
103.4,32.80843957114637,3.0,follow,8.867608523312967,67.63026788003253,18.587712275436836
103.5,32.008439571146376,-8.0,follow,0.7967645661983482,60.009423922917904,17.868245848006776
103.6,32.30843957114637,3.0,follow,3.2909206090836705,61.30357996580324,15.765599244668218
103.7,32.60843957114637,3.0,follow,2.3700766519691427,60.8327360086887,16.76553648362654
103.8,32.90843957114637,3.0,follow,7.4642326948544735,66.37689205157403,19.47427573998308
103.9,33.208439571146364,3.0,follow,8.773388737739964,68.13604809445951,15.814553498850687
104.0,32.40843957114637,-8.0,follow,2.42754478062524,62.24020413734479,10.445722138182255
104.1,32.708439571146364,3.0,follow,2.986700823511086,61.59936018023063,10.568756770710582
104.2,33.00843957114636,3.0,follow,2.770856866396471,61.83351622311602,10.985907451169844
104.3,33.30843957114636,3.0,follow,5.03001290928178,64.54267226600132,11.867866034300073
104.4,32.50843957114636,-8.0,follow,-2.1558310478330895,57.80682830888645,13.511194291192886
104.5,32.80843957114636,3.0,follow,2.023324995052647,60.785984351772186,10.742534860977118
104.6,33.108439571146356,3.0,follow,3.247481037938087,62.46014039465763,11.900706781123361
104.7,32.66342448498704,-4.450150861593166,follow,0.846637080823541,60.50929643754307,10.722088440894948
104.8,32.96342448498704,3.0,follow,0.08281726156353386,59.07795398904409,10.058519376566817
104.9,33.263424484987034,3.0,follow,1.4964748130650776,60.94161154054564,8.866266251073915
105.0,32.46342448498704,-8.0,follow,-10.504867635433328,49.39026909204722,8.629496068586475
105.1,32.763424484987034,3.0,follow,0.208789916068298,58.90392664354886,9.170175002636114
105.2,31.963424484987033,-8.0,follow,-4.7225525324308535,54.422584195049694,10.146984328274975
105.3,31.163424484987033,-8.0,follow,-7.468894980929711,50.47624174655084,17.09075075497401
105.4,31.463424484987033,3.0,follow,0.2797625705713287,57.02489929805188,11.535505290155443
105.5,31.763424484987034,3.0,follow,1.9634201220728542,59.158556849553406,25.03086399643436
105.6,30.963424484987033,-8.0,follow,-3.4179223264261225,54.227214401054425,16.122619860532858
105.7,31.263424484987034,3.0,follow,0.6257352250749832,57.070871952555535,14.39938421149009
105.8,31.563424484987035,3.0,follow,1.7243927765764795,58.61952950405703,11.352839510773672
105.9,31.39112207110692,-1.7230241388011258,follow,-0.07194967192246793,57.27318705555808,15.187306582930887
106.0,31.69112207110692,3.0,follow,0.7223917417869998,57.80907484844738,11.200873386055934
106.1,30.89112207110692,-8.0,follow,-2.866720465323887,54.6699626413365,14.232810524967752
106.2,30.910249771766047,0.191277006591279,follow,-4.0408326724344406,52.29585043422594,26.95315376155173
106.3,30.110249771766046,-8.0,follow,-9.440549200599733,46.92482545704934,14.048298379866182
106.4,30.410249771766047,3.0,follow,-4.556574177776042,50.608800479873025,18.811933750913486
106.5,29.62560362066304,-7.846461511030087,follow,-7.147599154953085,48.467775502695986,14.107499250260476
106.6,29.92560362066304,3.0,follow,2.6718097096357596,57.11021514063032,17.542127910829397
106.7,29.12560362066304,-8.0,follow,-5.060750652430549,49.82765477856401,47.20299722661674
106.8,29.42560362066304,3.0,follow,-3.2283110144968887,50.46009441649767,15.173213699604178
106.9,29.72560362066304,3.0,follow,-2.700871376563434,51.437534054431126,29.63668284742386
107.0,29.16673614409793,-5.588674765651131,follow,-4.968431738629597,49.619973692364965,23.553008207210226
107.1,29.46673614409793,3.0,follow,0.48319586180849683,54.23330007795539,15.64390764791455
107.2,28.66673614409793,-8.0,follow,-7.128477752601626,47.07162646354527,26.643269070367815
107.3,28.96673614409793,3.0,follow,-3.7451513670114878,49.25495284913541,26.67135367797487
107.4,28.16673614409793,-8.0,follow,-7.23682498142081,46.21327923472609,33.567273898373706
107.5,28.29650295996135,1.2976681586342238,follow,-7.9434985958308175,44.30660562031608,13.48138314801248
107.6,28.596502959961352,3.0,follow,-6.242799115621679,46.20195532432035,15.574552241445348
107.7,28.896502959961353,3.0,follow,-5.2424494116180185,47.65230502832401,16.227569213467152
107.8,28.459912166854497,-4.365907931068545,follow,-7.127099707614583,46.217654732327446,19.09889762338071
107.9,28.759912166854498,3.0,follow,-7.498204734639572,45.191663515642176,20.357410617590528
108.0,27.959912166854497,-8.0,follow,-10.329195951325318,42.81067229895643,23.52348265957781
108.1,28.259912166854498,3.0,follow,-5.4251871680105666,46.51468108227118,13.885343485273394
108.2,27.459912166854497,-8.0,follow,-10.30617838469604,42.08368986558571,33.4020822821737
108.3,27.759912166854498,3.0,follow,-2.5721696013813613,48.61769864890039,33.76435019304422
108.4,26.99313367042382,-7.667784964306787,follow,-5.223160818066816,46.416707432214935,60.82382317954418
108.5,26.19313367042382,-8.0,follow,-8.752306440463393,41.73739406517234,
108.6,26.49313367042382,3.0,follow,-4.196619807505677,45.09308069813005,294.46875121146326
108.7,26.10061144217798,-3.9252222824584004,follow,-6.045933174548075,43.693767331087656,434.28228822915355
108.8,26.40061144217798,3.0,follow,-2.3422109763969274,46.80870618687004,55.02948098960086
108.9,26.70061144217798,3.0,follow,0.1377278793850536,49.738645042652024,20.547967416818864
109.0,25.90061144217798,-8.0,follow,-9.937333264832802,40.11358389843417,568.0890045741481
109.1,26.20061144217798,3.0,follow,-2.8973944090509605,45.95352275421601,77.8066923064588
109.2,26.1176924873505,-0.8291895482748171,follow,-4.232455553268579,45.068461609998394,88.77118084846526
109.3,26.4176924873505,3.0,follow,-1.7298463697621926,47.44669236126356,23.284520434658848
109.4,26.060957032108355,-3.567354552421434,follow,-3.6466156184977336,45.97992311252801,29.08360074227284
109.5,25.38947540463584,-6.714816274725157,follow,-6.047608138845391,43.043827409317146,
109.6,25.68947540463584,3.0,follow,-3.7743332380999135,44.30987986885384,85.29735859182001
109.7,25.26869932651199,-4.207760781238509,follow,-5.693280778563803,42.840932328389954,
109.8,25.56869932651199,3.0,follow,0.45601340597043816,48.35906239573842,107.77609757443294
109.9,24.76869932651199,-8.0,follow,-3.1708565266803532,45.18219246308763,
110.0,25.06869932651199,3.0,follow,3.617273540668279,50.77032253043626,
110.1,24.26869932651199,-8.0,follow,-2.64959639198284,44.953452597785144,
110.2,24.558012622682465,2.8931329617047776,follow,-3.2914663246344986,43.11158266513348,
110.3,23.758012622682465,-8.0,follow,-6.081237531158628,40.75578140286507,
110.4,24.058012622682465,3.0,follow,-5.632038793427029,40.00498014059667,
110.5,24.358012622682466,3.0,follow,-5.3678400556948205,40.719178878328876,
110.6,24.658012622682467,3.0,follow,-0.3086413179634562,46.22837761606024,
110.7,24.958012622682467,3.0,follow,-0.05444258023192816,46.932576353791774,71.32473562963814
110.8,24.158012622682467,-8.0,follow,-6.705243842499684,40.731775091524014,
110.9,24.458012622682467,3.0,follow,1.8389548952317156,48.07597382925542,84.63891806174011
111.0,23.658012622682467,-8.0,follow,-2.671846367036167,44.01517256698753,
111.1,23.958012622682467,3.0,follow,0.4623523706953776,45.94937130471908,
111.2,24.258012622682468,3.0,follow,4.391551108427095,50.32857004245079,
111.3,23.74234747094185,-5.156651517406151,follow,1.835749846159132,48.22276878018283,
111.4,23.123465331291634,-6.188821396502169,follow,-0.7699871733243597,44.84353403308842,
111.5,23.38116193879691,2.5769660750527885,follow,-1.5740104969782323,43.111187499959215,204.16173362294506
111.6,22.58116193879691,-8.0,follow,-5.603671602115604,39.468071306079764,
111.7,22.88116193879691,3.0,follow,-0.01178779599519686,43.85995511220017,
111.8,23.18116193879691,3.0,follow,1.165096010124877,45.486838918320245,
111.9,22.508346482228795,-6.728154565681167,follow,-1.5030201837548418,43.26872272444052,
112.0,22.808346482228796,3.0,follow,2.1903683528745432,45.95288807621773,
112.1,23.108346482228797,3.0,follow,2.4695337046518233,46.682053427995015,
112.2,23.22376073580617,1.1541425357737403,follow,1.213699056429249,45.876218779772444,
112.3,23.238062483063118,0.1430174725694755,follow,-0.16179839751784897,44.67384270619141,
112.4,23.53806248306312,3.0,follow,2.29794273329054,47.15503645788522,812.1429530773662
112.5,23.83806248306312,3.0,follow,2.6641364849843825,47.97123020957906,
112.6,23.03806248306312,-8.0,follow,-2.31466976332203,43.44242396127265,
112.7,23.33806248306312,3.0,follow,6.321523988371709,50.87861771296639,876.2735423777475
112.8,22.53806248306312,-8.0,follow,1.4527177400649691,46.45981146465965,
112.9,22.83806248306312,3.0,follow,3.098911491758926,46.906005216353606,
113.0,23.13806248306312,3.0,follow,4.750105243452168,49.00719896804685,83.33672080690566
113.1,23.022972451611803,-1.150900314513171,follow,2.926298995145963,47.63339271974064,213.6290486802867
113.2,23.322972451611804,3.0,follow,5.26163679716133,49.79609547457903,79.93306180031324
113.3,22.912139236073795,-4.10833215538009,follow,2.849339552000629,47.833798229418335,468.3195221360193
113.4,22.64755860750225,-2.6458062857154365,follow,0.8493754517005243,45.217584305811215,
113.5,22.947558607502252,3.0,follow,4.181490533807626,48.152828445061004,
113.6,22.14755860750225,-8.0,follow,-0.6782653269428351,43.74307258431054,
113.7,22.447558607502252,3.0,follow,4.306978812306859,47.52831672356024,
113.8,22.747558607502253,3.0,follow,3.5072229515567983,47.17856086281017,
113.9,23.047558607502253,3.0,follow,2.572467090806512,46.69380500205989,316.4424345855011
114.0,23.347558607502254,3.0,follow,2.3527112300559168,46.9240491413093,124.28282181602498
114.1,22.547558607502253,-8.0,follow,-3.312044630693933,41.70929328055945,
114.2,22.847558607502254,3.0,follow,1.858199508555714,45.679537419809094,63.65966060781388
114.3,23.147558607502255,3.0,follow,3.2934436478057734,47.564781559059156,1266.414937140652
114.4,23.447558607502256,3.0,follow,3.0136877870556873,47.73502569830907,88.79966766806686
114.5,22.647558607502255,-8.0,follow,-1.0110680736947373,44.160269837558644,
114.6,22.947558607502256,3.0,follow,6.959176065555539,50.930513976808925,1070.9000252875776
114.7,22.147558607502255,-8.0,follow,0.19442020480487798,44.61575811605826,
114.8,22.447558607502256,3.0,follow,6.854664344054754,50.07600225530814,180.41595865443128
114.9,22.283288388916752,-1.6427021858550486,follow,4.8099084833048025,48.481246394558184,519.6921820337388
115.0,21.606217938366356,-6.770704505503971,follow,1.9129849722914116,45.337917555666536,
115.1,21.906217938366357,3.0,follow,10.147968854280585,52.55729576183012,
115.2,21.106217938366356,-8.0,follow,1.0023470604437463,43.86167396799328,
115.3,21.406217938366357,3.0,follow,8.551725266606532,50.211052174156066,
115.4,21.706217938366358,3.0,follow,8.436103472770348,50.545430380319885,
115.5,20.906217938366357,-8.0,follow,3.1054816789335717,45.664808586483105,
115.6,21.206217938366358,3.0,follow,10.519859885096587,51.879186792646124,
115.7,20.406217938366357,-8.0,follow,5.319238091259919,47.12856499880945,
115.8,20.706217938366358,3.0,follow,8.28361629742357,48.89294320497311,
115.9,21.00621793836636,3.0,follow,7.88299450358663,48.94232141113616,
116.0,21.16039164931006,1.541737109437035,follow,6.367372709749901,47.87669961729944,
116.1,21.46039164931006,3.0,follow,9.00007297840341,50.7406604523685,99.41514623320893
116.2,21.760391649310062,3.0,follow,8.549033813472235,50.73962128743733,
116.3,20.96039164931006,-8.0,follow,0.6129946485413953,43.25358212250649,
116.4,21.260391649310062,3.0,follow,10.891955483610602,52.3325429575757,
116.5,20.46039164931006,-8.0,follow,1.7459163186792708,43.63650379264436,
116.6,20.760391649310062,3.0,follow,11.014877153748259,51.705464627713354,
116.7,21.060391649310063,3.0,follow,10.928837988817783,52.069425462782874,
116.8,20.260391649310062,-8.0,follow,4.007798823886354,45.59838629785145,
116.9,20.560391649310063,3.0,follow,7.331759658955185,47.72234713292028,
117.0,20.23565850497132,-3.247331443387445,follow,4.930720494024648,45.77130796798974,
117.1,20.53565850497132,3.0,follow,8.164254360035642,48.51774211749262,
117.2,20.83565850497132,3.0,follow,7.525688509538568,48.329176266995546,148.40446519660824
117.3,21.13565850497132,3.0,follow,10.332122659041204,51.585610416498184,201.77545207144465
117.4,21.43565850497132,3.0,follow,11.463556808544112,53.167044566001096,341.5620918098686
117.5,21.735658504971322,3.0,follow,11.239990958047457,53.39347871550444,
117.6,20.93565850497132,-8.0,follow,4.971425107549827,47.57491286500681,724.5811168832926
117.7,21.235658504971322,3.0,follow,7.227859257052643,48.63134701450963,
117.8,20.43565850497132,-8.0,follow,2.429293406555267,44.28278116401225,
117.9,20.735658504971322,3.0,follow,6.275727556058683,46.92921531351567,
118.0,21.035658504971323,3.0,follow,11.067161705560999,52.17064946301798,
118.1,21.335658504971324,3.0,follow,12.52359585506418,54.077083612521164,75.5626925927305
118.2,20.535658504971323,-8.0,follow,3.645030004566415,45.6485177620234,
118.3,20.835658504971324,3.0,follow,6.761464154069365,47.56495191152635,
118.4,21.135658504971325,3.0,follow,7.972898303572656,49.22638606102964,
118.5,21.435658504971325,3.0,follow,8.379332453075207,50.08282021053219,
118.6,20.635658504971325,-8.0,follow,4.660766602577752,46.81425436003474,
118.7,20.935658504971325,3.0,follow,9.487200752081193,50.44068850953818,99.75247724232092
118.8,20.309349050411303,-6.2630945456002145,follow,6.368634901583647,47.77212265904063,
118.9,20.609349050411303,3.0,follow,8.677164178382519,49.141187753999475,
119.0,20.909349050411304,3.0,follow,9.871229273341456,50.78525284895841,
119.1,20.841837721363103,-0.6751132904820167,follow,7.780294368300531,49.144317943917486,600.5093632296035
119.2,21.141837721363103,3.0,follow,6.54237758973634,47.80513417178099,520.5392017814977
119.3,21.441837721363104,3.0,follow,6.968193817599989,48.680950399644644,127.49120287503476
119.4,21.741837721363105,3.0,follow,6.469010045463911,48.63176662750857,80.80544788279859
119.5,21.92283935669055,1.8100163532744507,follow,5.03482627332744,47.64758285537209,37.142283331790416
119.6,22.22283935669055,3.0,follow,4.926039884667375,47.8102989197032,22.521863827811362
119.7,22.52283935669055,3.0,follow,9.723755948998061,53.05801498403389,23.242115056642646
119.8,21.72283935669055,-8.0,follow,5.9864720133293545,49.77073104836518,55.74432922944636
119.9,21.86108480997423,1.3824545328367854,follow,4.494188077660439,47.07844711269627,20.459240315103152
120.0,21.06108480997423,-8.0,follow,-67.53928858326248,-24.747661368301124,-1.5466239734492713
120.1,20.26108480997423,-8.0,follow,-68.75539706426,-27.16376984929866,-1.7180206276651384
120.2,19.461084809974228,-8.0,follow,-68.17150554525736,-27.779878330296015,-1.796761266866262
120.3,18.661084809974227,-8.0,follow,-69.1076140262547,-29.91598681129335,-1.9902746335009631
120.4,17.861084809974226,-8.0,follow,-69.76372250725183,-31.772095292290487,-2.140820276893604
120.5,17.061084809974226,-8.0,follow,-69.79983098824952,-33.00820377328819,-2.26687806602691
120.6,16.261084809974225,-8.0,follow,-71.09593946924699,-35.50431225428565,-2.475706177373165
120.7,15.461084809974224,-8.0,follow,-71.11204795024426,-36.720420735282914,-2.6358622631449515
120.8,14.661084809974223,-8.0,follow,-71.338156431242,-38.14652921628067,-2.796443959382784
120.9,13.861084809974223,-8.0,follow,-71.03426491223911,-39.04263769727777,-2.928691719676582
121.0,13.061084809974222,-8.0,follow,-70.75037339323664,-39.958746178275305,-3.0593742219452116
121.1,12.261084809974221,-8.0,follow,-70.85648187423405,-41.264854659272714,-3.3655141693257296
121.2,11.46108480997422,-8.0,follow,-71.42259035523149,-43.03096314027016,-3.7545279398702007
121.3,10.66108480997422,-8.0,follow,-71.56869883622932,-44.37707162126799,-4.162528711876488
121.4,9.86108480997422,-8.0,follow,-71.74480731722689,-45.75318010226556,-4.639771483963657
121.5,9.061084809974219,-8.0,follow,-71.30091579822411,-46.50928858326279,-5.432639626356283
121.6,8.261084809974218,-8.0,follow,-70.80702427922162,-47.21539706426029,-6.5204866816673
121.7,7.572854186248315,-6.88230623725903,follow,-69.27313276021869,-46.88150554525737,-8.427599209979485
121.8,7.120623069787463,-4.522311164608517,follow,-67.36807224325483,-46.00879096388235,-11.058149270472754
121.9,6.597723230945099,-5.228998388423641,follow,-65.69178787554168,-45.01085327086048,-17.46147636430217
122.0,6.149611527841876,-4.481117031032223,follow,-63.95721044037233,-44.06062559395468,-44.523153130644275
122.1,6.103875499741643,-0.45736028100233383,follow,-61.55000403850155,-42.325586746738736,-149.099118399649
122.2,5.488856832804666,-6.150186669369763,follow,-60.34178754632555,-41.185974296713084,
122.3,5.788856832804666,3.0,follow,-57.42814522920045,-39.19485997999345,
122.4,5.653434259540745,-1.3542257326392075,follow,-55.5270309124807,-36.843745663273694,
122.5,5.371783533858053,-2.8165072568269274,follow,-53.999240478539264,-35.519089089228146,
122.6,5.405049996553612,0.33266462695559795,follow,-51.953942743400944,-33.89626744261386,
122.7,5.705049996553612,3.0,follow,-48.98434743709957,-30.876772442269157,
122.8,6.005049996553612,3.0,follow,-46.56485243675496,-28.007277441924543,
122.9,6.3050499965536115,3.0,follow,-44.25535743641002,-25.247782441579602,
123.0,5.67637945909758,-6.286705374560314,follow,-43.97586243606573,-24.518287441235316,
123.1,5.97637945909758,3.0,follow,-39.670494575791004,-21.155925387144634,
123.2,6.088483483235705,1.1210402413812472,follow,-38.2381325217008,-19.273563333054426,
123.3,6.388483483235705,3.0,follow,-35.695136906231866,-16.562411681378308,
123.4,6.6884834832357045,3.0,follow,-31.703985254555274,-12.121260029701716,
123.5,5.888483483235705,-8.0,follow,-32.61283360287923,-12.58010837802567,
123.6,6.1884834832357045,3.0,follow,-27.42168195120291,-8.588956726349352,
123.7,6.488483483235704,3.0,follow,-25.000530299526027,-5.717805074672469,
123.8,6.788483483235704,3.0,follow,-22.179378647849507,-2.4466534229959507,
123.9,7.088483483235704,3.0,follow,-20.77822699617306,-0.5955017713195048,
124.0,7.388483483235704,3.0,follow,-18.277075344496705,2.35564988035685,
124.1,7.688483483235704,3.0,follow,-16.665923692820677,4.416801532032878,
124.2,7.9884834832357035,3.0,follow,-13.644772041143888,7.887953183709669,
124.3,8.288483483235703,3.0,follow,-11.963620389467692,10.01910483538586,
124.4,8.588483483235704,3.0,follow,-8.492468737791086,13.94025648706247,
124.5,8.888483483235705,3.0,follow,-7.261317086114712,15.621408138738843,
124.6,9.188483483235705,3.0,follow,-3.9401654344386507,19.392559790414907,
124.7,9.488483483235706,3.0,follow,-2.0190137827617676,21.76371144209179,
124.8,9.788483483235707,3.0,follow,1.9721378689143663,26.204863093767926,
124.9,10.088483483235708,3.0,follow,2.873289520590813,27.556014745444372,
125.0,10.388483483235708,3.0,follow,2.9044411722669103,28.037166397120473,
125.1,10.688483483235709,3.0,follow,9.805592823943812,35.38831804879737,
125.2,10.98848348323571,3.0,follow,9.106744475620346,35.13946970047391,
125.3,11.28848348323571,3.0,follow,12.007896127296792,38.490621352150356,
125.4,11.588483483235711,3.0,follow,14.639047778973254,41.57177300382682,
125.5,11.888483483235712,3.0,follow,20.46019943064932,47.842924655502884,
125.6,11.288896271299151,-5.9958721193656,follow,17.181351082325925,45.014076307179494,
125.7,11.588896271299152,3.0,follow,30.33184227310101,57.26518668004974,
125.8,11.888896271299153,3.0,follow,29.502952645970687,56.88629705291942,
125.9,12.188896271299154,3.0,follow,30.78406301884095,58.61740742578968,
126.0,12.488896271299154,3.0,follow,33.055173391710994,61.33851779865972,
126.1,12.788896271299155,3.0,follow,36.506283764581326,65.23962817153006,
126.2,13.088896271299156,3.0,follow,39.74739413745117,68.9307385443999,
126.3,13.388896271299156,3.0,follow,42.76850451032166,72.4018489172704,
126.4,13.688896271299157,3.0,follow,45.319614883191456,75.40295929014019,
126.5,13.988896271299158,3.0,follow,47.05072525606153,77.58406966301027,
126.6,14.288896271299159,3.0,follow,49.58183562893179,80.56518003588053,
126.7,14.58889627129916,3.0,follow,52.79294600180144,84.22629040875017,
126.8,14.88889627129916,3.0,follow,55.784056374671735,87.66740078162047,
126.9,15.18889627129916,3.0,follow,61.935166747541885,94.26851115449062,
127.0,15.488896271299161,3.0,follow,63.736277120412126,96.51962152736087,
127.1,14.999167934612753,-4.897283366864073,follow,58.087387493282094,91.32073190023084,
127.2,15.299167934612754,3.0,follow,71.2020632048507,103.70081510676982,
127.3,15.599167934612755,3.0,follow,73.07214641138927,106.02089831330841,
127.4,15.899167934612755,3.0,follow,75.51222961792803,108.91098151984716,
127.5,16.199167934612756,3.0,follow,77.47231282446675,111.32106472638588,
127.6,16.499167934612757,3.0,follow,84.55239603100537,118.8511479329245,
127.7,16.799167934612758,3.0,follow,87.02247923754432,121.77123113946345,
127.8,17.09916793461276,3.0,follow,84.99256244408281,120.19131434600195,
127.9,17.39916793461276,3.0,follow,91.26264565062148,126.91139755254062,
128.0,17.69916793461276,3.0,follow,89.96272885716044,126.06148075907959,
128.1,17.99916793461276,3.0,follow,91.4328120636994,127.98156396561853,
128.2,18.29916793461276,3.0,follow,96.44289527023784,133.441647172157,
128.3,18.599167934612762,3.0,follow,103.86297847677662,141.31173037869576,
128.4,18.899167934612763,3.0,follow,106.90306168331573,144.80181358523487,
128.5,19.199167934612763,3.0,follow,108.16314488985418,146.51189679177332,
128.6,19.499167934612764,3.0,follow,111.54322809639298,150.34197999831213,
128.7,19.799167934612765,3.0,follow,113.4733113029315,152.72206320485066,
128.8,20.099167934612765,3.0,follow,112.04339450947037,151.7421464113895,
128.9,20.399167934612766,3.0,follow,118.34347771600923,158.4922296179284,
129.0,20.699167934612767,3.0,follow,122.20356092254806,162.8023128244672,
129.1,20.999167934612768,3.0,follow,124.56364412908688,165.61239603100603,
129.2,21.29916793461277,3.0,follow,128.67372733562524,170.1724792375444,
129.3,21.59916793461277,3.0,follow,129.35381054216379,171.30256244408292,
129.4,21.89916793461277,3.0,follow,130.4138937487024,172.81264565062156,
129.5,22.19916793461277,3.0,follow,135.59397695524137,178.44272885716055,
129.6,22.49916793461277,3.0,follow,133.6440601617798,176.94281206369897,
129.7,22.799167934612772,3.0,follow,132.50414336831864,176.2528952702378,
129.8,23.099167934612773,3.0,follow,137.6542265748574,181.85297847677657,
129.9,23.399167934612773,3.0,follow,137.4843097813965,182.13306168331565,
130.0,23.699167934612774,3.0,cruise,,,
130.1,23.999167934612775,3.0,cruise,,,
130.2,24.299167934612775,3.0,cruise,,,
130.3,24.58155280528227,2.823848706694962,cruise,,,
130.4,24.856023541812682,2.7447073653041016,cruise,,,
130.5,25.11353332705823,2.575097852455479,cruise,,,
130.6,25.364696318400558,2.5116299134232545,cruise,,,
130.7,25.599407456352672,2.347111379521155,cruise,,,
130.8,25.82929963017161,2.298921738189395,cruise,,,
130.9,26.043106900926748,2.13807270755135,cruise,,,
131.0,26.25359679421971,2.104898932929606,cruise,,,
131.1,26.44822827724844,1.9463148302872897,cruise,,,
131.2,26.641030908099903,1.928026308514648,cruise,,,
131.3,26.81806161258944,1.770307044895338,cruise,,,
131.4,26.994752142185654,1.7669052959621405,cruise,,,
131.5,27.155616417644474,1.6086427545882045,cruise,,,
131.6,27.317642711485984,1.6202629384151055,cruise,,,
131.7,27.46364553620491,1.4600282471892663,cruise,,,
131.8,27.612339724806425,1.4869418860151455,cruise,,,
131.9,27.7446669608028,1.3232723599637324,cruise,,,
132.0,27.881256092324275,1.3658913152147374,cruise,,,
132.1,28.000983787122337,1.1972769479806322,cruise,,,
132.2,28.126599657270447,1.2561587014810933,cruise,,,
132.3,28.234702465225062,1.0810280795461518,cruise,,,
132.4,28.3503907033451,1.1568823812003508,cruise,,,
132.5,28.447749492136037,0.9735878879093858,cruise,,,
132.6,28.55447797663091,1.0672848449487473,cruise,,,
132.7,28.641886677984047,0.874087013531371,cruise,,,
132.8,28.740553349004614,0.9866667102056712,cruise,,,
132.9,28.818725106581194,0.7817175757657859,cruise,,,
133.0,28.910165239290812,0.9144013270961642,cruise,,,
133.1,28.979737900976783,0.6957266168597163,cruise,,,
133.2,29.064730898567316,0.849929975905332,cruise,,,
133.3,29.12627189504495,0.615409964776346,cruise,,,
133.4,29.205547657040196,0.7927576199524571,cruise,,,
133.5,29.259558303489786,0.5401064644959193,cruise,,,
133.6,29.333803221688328,0.7424491819854198,cruise,,,
133.7,29.38072247470722,0.46919253018892926,cruise,,,
133.8,29.450585106366518,0.6986263165929953,cruise,,,
133.9,29.4907928036663,0.4020769729978062,cruise,,,
134.0,29.556889269193785,0.6609646552748607,cruise,,,
134.1,29.59070887530622,0.3381960611243492,cruise,,,
134.2,29.653628025784812,0.6291915047859081,cruise,,,
134.3,29.681328902836494,0.2770087705168127,cruise,,,
134.4,29.741637301158498,0.6030839832200477,cruise,,,
134.5,29.763436519727403,0.2179921856890351,cruise,,,
134.6,29.82168327793265,0.582467582052483,cruise,,,
134.7,29.837746979042066,0.16063701109415585,cruise,,,
134.8,29.894468493646848,0.5672151460478281,cruise,,,
134.9,29.904912809048962,0.10444315402116444,cruise,,,
135.0,29.96063743570901,0.5572462666004719,cruise,,,
135.1,29.965528969727266,0.04891534018254706,cruise,,,
135.2,30.020781678500622,0.552527087733574,cruise,,,
135.3,30.020137550802293,-0.006441276983283228,cruise,,,
135.4,30.07544460357008,0.553070527677889,cruise,,,
135.5,30.069232048293188,-0.06212555276891918,cruise,,,
135.6,30.125125740564517,0.558936922713308,cruise,,,
135.7,30.11326125319021,-0.1186448737430631,cruise,,,
135.8,30.170284763572376,0.5702351038216588,cruise,,,
135.9,30.152632782778067,-0.1765198079431004,cruise,,,
136.0,30.211345174848272,0.5871239207020644,cruise,,,
136.1,30.18771628225952,-0.23628892588752493,cruise,,,
136.2,30.24869770544747,0.6098142318795218,cruise,,,
136.3,30.2188463216872,-0.2985138376027058,cruise,,,
136.4,30.28270346009033,0.6385713840313382,cruise,,,
136.5,30.246325010759705,-0.3637844933062818,cruise,,,
136.6,30.31369683159052,0.6737182083081462,cruise,,,
136.7,30.270424351761015,-0.4327247982950354,cruise,,,
136.8,30.3419882083989,0.7156385663788497,cruise,,,
136.9,30.29138834880141,-0.505998595974905,cruise,,,
137.0,30.36786649722464,0.764781484232315,cruise,,,
137.1,30.309434889536213,-0.5843160768842491,cruise,,,
137.2,30.39160148128352,0.8216659174730685,cruise,,,
137.3,30.32475741367972,-0.6684406760379812,cruise,,,
137.4,30.413446033480568,0.8868861980084778,cruise,,,
137.5,30.337526380879943,-0.7591965260062521,cruise,,,
137.6,30.433638202750412,0.9611182187047056,cruise,,,
137.7,30.34789054886137,-0.8574765388904557,cruise,,,
137.8,30.452403190846308,1.0451264198494101,cruise,,,
137.9,30.35597807116335,-0.964251196829595,cruise,,,
138.0,30.469955236081002,1.139771649176529,cruise,,,
138.1,30.361897422288237,-1.0805781379276462,cruise,,,
138.2,30.486499419874022,1.2460199758578612,cruise,,,
138.3,30.365738156612743,-1.2076126326127947,cruise,,,
138.4,30.502233411446348,1.3649525483360627,cruise,,,
138.5,30.367571505995986,-1.3466190545036165,cruise,,,
138.6,30.517349165621628,1.497776596256427,cruise,,,
138.7,30.367450819625894,-1.4989834599573504,cruise,,,
138.8,30.532034588441295,1.6458376881540056,cruise,,,
138.9,30.3654118482698,-1.6662274017149494,cruise,,,
139.0,30.546475185178217,1.8106333690841478,cruise,,,
139.1,30.36147287372329,-1.8500231145492587,cruise,,,
139.2,30.560855705340337,1.9938283161704757,cruise,,,
139.3,30.355634682871035,-2.052210224693011,cruise,,,
139.4,30.57536179939358,2.1972711652254358,cruise,,,
139.5,30.347880384372324,-2.2748141502125563,cruise,,,
139.6,30.59018170220481,2.4230131783248456,cruise,,,
139.7,30.3381750645492,-2.5200663765560707,cruise,,,
139.8,30.605507958614975,2.6733289406577225,cruise,,,
139.9,30.32646527757348,-2.790426810414947,cruise,,,
140.0,30.621539207104618,2.950739295311378,cruise,,,
140.1,30.312678363506457,-3.0886084359816266,cruise,,,
140.2,30.612678363506458,3.0,cruise,,,
140.3,30.299314855435743,-3.133635080707151,cruise,,,
140.4,30.599314855435743,3.0,cruise,,,
140.5,30.286838383316663,-3.1247647211907945,cruise,,,
140.6,30.586838383316664,3.0,cruise,,,
140.7,30.275172720026177,-3.1166566329048817,cruise,,,
140.8,30.575172720026178,3.0,cruise,,,
140.9,30.264248450344713,-3.109242696814657,cruise,,,
141.0,30.564248450344714,3.0,cruise,,,
141.1,30.25400235918105,-3.10246091163664,cruise,,,
141.2,30.55400235918105,3.0,cruise,,,
141.3,30.244376874774574,-3.096254844064789,cruise,,,
141.4,30.544376874774574,3.0,cruise,,,
141.5,30.23531956193397,-3.0905731284060574,cruise,,,
141.6,30.53531956193397,3.0,cruise,,,
141.7,30.22678266081549,-3.0853690111847936,cruise,,,
141.8,30.526782660815492,3.0,cruise,,,
141.9,30.218722667148047,-3.0805999366744694,cruise,,,
142.0,30.518722667148047,3.0,cruise,,,
142.1,30.2110999501802,-3.0762271696785053,cruise,,,
142.2,30.5110999501802,3.0,cruise,,,
142.3,30.203878404958953,-3.0722154522124594,cruise,,,
142.4,30.503878404958954,3.0,cruise,,,
142.5,30.197025135854872,-3.0685326910408035,cruise,,,
142.6,30.497025135854873,3.0,cruise,,,
142.7,30.190510168525346,-3.065149673295271,cruise,,,
142.8,30.490510168525347,3.0,cruise,,,
142.9,30.184306187760246,-3.062039807650999,cruise,,,
143.0,30.484306187760247,3.0,cruise,,,
143.1,30.178388298883895,-3.0591788887635007,cruise,,,
143.2,30.478388298883896,3.0,cruise,,,
143.3,30.1727338105963,-3.0565448828759894,cruise,,,
143.4,30.4727338105963,3.0,cruise,,,
143.5,30.167322037326862,-3.0541177326943556,cruise,,,
143.6,30.467322037326863,3.0,cruise,,,
143.7,30.162134119347044,-3.0518791797981875,cruise,,,
143.8,30.462134119347045,3.0,cruise,,,
143.9,30.157152859045862,-3.04981260301184,cruise,,,
144.0,30.457152859045863,3.0,cruise,,,
144.1,30.152362571915752,-3.0479028713011163,cruise,,,
144.2,30.452362571915753,3.0,cruise,,,
144.3,30.147748950926736,-3.046136209890164,cruise,,,
144.4,30.447748950926737,3.0,cruise,,,
144.5,30.143298943085696,-3.0445000784104157,cruise,,,
144.6,30.443298943085697,3.0,cruise,,,
144.7,30.139000637085672,-3.0429830600002328,cruise,,,
144.8,30.439000637085673,3.0,cruise,,,
144.9,30.13484316104857,-3.0415747603710654,cruise,,,
145.0,30.43484316104857,3.0,cruise,,,
145.1,30.130816589454124,-3.040265715944447,cruise,,,
145.2,30.430816589454125,3.0,cruise,,,
145.3,30.126911858429672,-3.039047310244544,cruise,,,
145.4,30.426911858429673,3.0,cruise,,,
145.5,30.123120688649234,-3.0379116978043887,cruise,,,
145.6,30.423120688649234,3.0,cruise,,,
145.7,30.11943551515819,-3.036851734910443,cruise,,,
145.8,30.41943551515819,3.0,cruise,,,
145.9,30.115849423501093,-3.0358609165709822,cruise,,,
146.0,30.415849423501093,3.0,cruise,,,
146.1,30.112356091586204,-3.0349333191488945,cruise,,,
146.2,30.412356091586204,3.0,cruise,,,
146.3,30.10894973677122,-3.0340635481498675,cruise,,,
146.4,30.40894973677122,3.0,cruise,,,
146.5,30.10562506770096,-3.0332466907025952,cruise,,,
146.6,30.40562506770096,3.0,cruise,,,
146.7,30.102377240470027,-3.032478272309345,cruise,,,
146.8,30.402377240470027,3.0,cruise,,,
146.9,30.099201818721717,-3.0317542174831127,cruise,,,
147.0,30.399201818721718,3.0,cruise,,,
147.1,30.096094737329516,-3.03107081392202,cruise,,,
147.2,30.396094737329516,3.0,cruise,,,
147.3,30.093052269339204,-3.0304246799031143,cruise,,,
147.4,30.393052269339204,3.0,cruise,,,
147.5,30.090070995878584,-3.0298127346061943,cruise,,,
147.6,30.390070995878585,3.0,cruise,,,
147.7,30.08714777876815,-3.0292321711043604,cruise,,,
147.8,30.38714777876815,3.0,cruise,,,
147.9,30.084279735589988,-3.0286804317816065,cruise,,,
148.0,30.38427973558999,3.0,cruise,,,
148.1,30.081464216994053,-3.028155185959345,cruise,,,
148.2,30.381464216994054,3.0,cruise,,,
148.3,30.078698786040718,-3.027654309533352,cruise,,,
148.4,30.37869878604072,3.0,cruise,,,
148.5,30.075981199396676,-3.0271758664404236,cruise,,,
148.6,30.375981199396676,3.0,cruise,,,
148.7,30.07330939021764,-3.026718091790348,cruise,,,
148.8,30.373309390217642,3.0,cruise,,,
148.9,30.070681452566294,-3.02627937651349,cruise,,,
149.0,30.370681452566295,3.0,cruise,,,
149.1,30.068095627227514,-3.025858253387806,cruise,,,
149.2,30.368095627227515,3.0,cruise,,,
149.3,30.065550288795386,-3.0254533843213007,cruise,,,
149.4,30.365550288795387,3.0,cruise,,,
149.5,30.063043933917672,-3.0250635487771262,cruise,,,
149.6,30.363043933917673,3.0,cruise,,,
149.7,30.060575170593815,-3.0246876332385897,cruise,,,
149.8,30.360575170593815,3.0,cruise,,,
149.9,30.05814270843175,-3.02432462162067,cruise,,,
150.0,30.35814270843175,3.0,cruise,,,
