time,ego_speed,acceleration_cmd,mode,distance_error,distance,ttc
0.0,0.0,3.0,cruise,,,
0.1,0.30000000000000004,3.0,cruise,,,
0.2,0.6000000000000001,3.0,cruise,,,
0.3,0.9000000000000001,3.0,cruise,,,
0.4,1.2000000000000002,3.0,cruise,,,
0.5,1.5000000000000002,3.0,cruise,,,
0.6,1.8000000000000003,3.0,cruise,,,
0.7,2.1000000000000005,3.0,cruise,,,
0.8,2.4000000000000004,3.0,cruise,,,
0.9,2.7,3.0,cruise,,,
1.0,3.0,3.0,cruise,,,
1.1,3.3,3.0,cruise,,,
1.2,3.5999999999999996,3.0,cruise,,,
1.3,3.8999999999999995,3.0,cruise,,,
1.4,4.199999999999999,3.0,cruise,,,
1.5,4.499999999999999,3.0,cruise,,,
1.6,4.799999999999999,3.0,cruise,,,
1.7,5.099999999999999,3.0,cruise,,,
1.8,5.399999999999999,3.0,cruise,,,
1.9,5.699999999999998,3.0,cruise,,,
2.0,5.999999999999998,3.0,cruise,,,
2.1,6.299999999999998,3.0,cruise,,,
2.2,6.599999999999998,3.0,cruise,,,
2.3,6.899999999999998,3.0,cruise,,,
2.4,7.1999999999999975,3.0,cruise,,,
2.5,7.499999999999997,3.0,cruise,,,
2.6,7.799999999999997,3.0,cruise,,,
2.7,8.099999999999998,3.0,cruise,,,
2.8,8.399999999999999,3.0,cruise,,,
2.9,8.7,3.0,cruise,,,
3.0,9.0,3.0,cruise,,,
3.1,9.3,3.0,cruise,,,
3.2,9.600000000000001,3.0,cruise,,,
3.3,9.900000000000002,3.0,cruise,,,
3.4,10.200000000000003,3.0,cruise,,,
3.5,10.500000000000004,3.0,cruise,,,
3.6,10.800000000000004,3.0,cruise,,,
3.7,11.100000000000005,3.0,cruise,,,
3.8,11.400000000000006,3.0,cruise,,,
3.9,11.700000000000006,3.0,cruise,,,
4.0,12.000000000000007,3.0,cruise,,,
4.1,12.300000000000008,3.0,cruise,,,
4.2,12.600000000000009,3.0,cruise,,,
4.3,12.90000000000001,3.0,cruise,,,
4.4,13.20000000000001,3.0,cruise,,,
4.5,13.50000000000001,3.0,cruise,,,
4.6,13.800000000000011,3.0,cruise,,,
4.7,14.100000000000012,3.0,cruise,,,
4.8,14.400000000000013,3.0,cruise,,,
4.9,14.700000000000014,3.0,cruise,,,
5.0,15.000000000000014,3.0,cruise,,,
5.1,15.300000000000015,3.0,cruise,,,
5.2,15.600000000000016,3.0,cruise,,,
5.3,15.900000000000016,3.0,cruise,,,
5.4,16.200000000000017,3.0,cruise,,,
5.5,16.500000000000018,3.0,cruise,,,
5.6,16.80000000000002,3.0,cruise,,,
5.7,17.10000000000002,3.0,cruise,,,
5.8,17.40000000000002,3.0,cruise,,,
5.9,17.70000000000002,3.0,cruise,,,
6.0,18.00000000000002,3.0,cruise,,,
6.1,18.300000000000022,3.0,cruise,,,
6.2,18.600000000000023,3.0,cruise,,,
6.3,18.900000000000023,3.0,cruise,,,
6.4,19.200000000000024,3.0,cruise,,,
6.5,19.500000000000025,3.0,cruise,,,
6.6,19.800000000000026,3.0,cruise,,,
6.7,20.100000000000026,3.0,cruise,,,
6.8,20.400000000000027,3.0,cruise,,,
6.9,20.700000000000028,3.0,cruise,,,
7.0,21.00000000000003,3.0,cruise,,,
7.1,21.30000000000003,3.0,cruise,,,
7.2,21.60000000000003,3.0,cruise,,,
7.3,21.90000000000003,3.0,cruise,,,
7.4,22.20000000000003,3.0,cruise,,,
7.5,22.500000000000032,3.0,cruise,,,
7.6,22.800000000000033,3.0,cruise,,,
7.7,23.100000000000033,3.0,cruise,,,
7.8,23.400000000000034,3.0,cruise,,,
7.9,23.700000000000035,3.0,cruise,,,
8.0,24.000000000000036,3.0,cruise,,,
8.1,24.300000000000036,3.0,cruise,,,
8.2,24.600000000000037,3.0,cruise,,,
8.3,24.900000000000038,3.0,cruise,,,
8.4,25.20000000000004,3.0,cruise,,,
8.5,25.50000000000004,3.0,cruise,,,
8.6,25.80000000000004,2.8487699999999565,cruise,,,
8.7,26.084877000000034,2.6398995122999933,cruise,,,
8.8,26.348866951230033,2.4807099182248527,cruise,,,
8.9,26.596937943052517,2.3125740296456354,cruise,,,
9.0,26.82819534601708,2.1657017514360786,cruise,,,
9.1,27.044765521160688,2.0228632388451215,cruise,,,
9.2,27.2470518450452,1.8922714660715942,cruise,,,
9.3,27.436278991652358,1.7685965779520303,cruise,,,
9.4,27.61313864944756,1.6538130503516708,cruise,,,
9.5,27.77851995448273,1.546045657121219,cruise,,,
9.6,27.933124520194852,1.4455314755723032,cruise,,,
9.7,28.07767766775208,1.3514276510227714,cruise,,,
9.8,28.212820432854357,1.2635155161519698,cruise,,,
9.9,28.339171984469555,1.1812861147737208,cruise,,,
10.0,28.457300595946926,1.104426473925891,cruise,,,
10.1,28.567743243339514,1.0325568726328795,cruise,,,
10.2,28.670998930602803,0.9653688861230281,cruise,,,
10.3,28.767535819215105,0.9025492371837367,cruise,,,
10.4,28.857790742933478,0.8438183588607187,cruise,,,
10.5,28.942172578819548,0.7889077448782793,cruise,,,
10.6,29.021063353307376,0.7375701710463314,cruise,,,
10.7,29.09482037041201,0.6895724588206329,cruise,,,
10.8,29.163777616294073,0.6446976912897828,cruise,,,
10.9,29.228247385423053,0.6027424811876818,cruise,,,
11.0,29.288521633541823,0.5635169859566092,cruise,,,
11.1,29.344873332137485,0.5268435476432691,cruise,,,
11.2,29.397557686901813,0.4925561562669267,cruise,,,
11.3,29.446813302528504,0.4604995549981623,cruise,,,
11.4,29.492863258028322,0.430528613806909,cruise,,,
11.5,29.535916119409013,0.40250763140991397,cruise,,,
11.6,29.576166882550005,0.3763097427791571,cruise,,,
11.7,29.613797856827922,0.3518163330309345,cruise,,,
11.8,29.648979490131016,0.32891650665294747,cruise,,,
11.9,29.68187114079631,0.30750658206256265,cruise,,,
12.0,29.712621799002566,0.2874896239716077,cruise,,,
12.1,29.741370761399725,0.2687750035437862,cruise,,,
12.2,29.768248261754103,0.25127798857714456,cruise,,,
12.3,29.793376060611816,0.23491935959668797,cruise,,,
12.4,29.816867996571485,0.21962505132758625,cruise,,,
12.5,29.838830501704244,0.2053258172792059,cruise,,,
12.6,29.859363083432164,0.19195691626713596,cruise,,,
12.7,29.878558775058877,0.179457819268953,cruise,,,
12.8,29.89650455698577,0.16777193538545582,cruise,,,
12.9,29.913281750524316,0.15684635561360596,cruise,,,
13.0,29.928966386085676,0.14663161329955882,cruise,,,
13.1,29.943629547415632,0.1370814601718815,cruise,,,
13.2,29.95733769343282,0.12815265694919664,cruise,,,
13.3,29.970152959127738,0.11980477756970931,cruise,,,
13.4,29.98213343688471,0.11200002615878521,cruise,,,
13.5,29.99333343950059,0.10470306590441344,cruise,,,
13.6,30.00380374609103,0.09788085906655233,cruise,,,
13.7,30.013591831997687,0.09150251739562276,cruise,,,
13.8,30.02274208373725,0.08553916228315572,cruise,,,
13.9,30.031295999965565,0.07996379401107895,cruise,,,
14.0,30.03929237936667,0.07475116950808108,cruise,,,
14.1,30.04676749631748,0.06987768805913583,cruise,,,
14.2,30.053755265123392,0.06532128445117946,cruise,,,
14.3,30.06028739356851,0.06106132907067452,cruise,,,
14.4,30.06639352647558,0.057078534501218886,cruise,,,
14.5,30.0721013799257,0.05335486819783036,cruise,,,
14.6,30.077436866745483,0.049873470843078305,cruise,,,
14.7,30.082424213829793,0.046618580014745115,cruise,,,
14.8,30.087086071831266,0.04357545882027189,cruise,,,
14.9,30.091443617713292,0.040730329173707114,cruise,,,
15.0,30.095516650630664,0.038070309414544506,cruise,,,
15.1,30.09932368157212,0.03558335598451254,cruise,,,
15.2,30.10288201717057,0.033258208899361624,cruise,,,
15.3,30.10620783806051,0.031084340768190416,cruise,,,
15.4,30.109316272137328,0.02905190912975575,cruise,,,
15.5,30.112221463050304,0.027151711889684016,cruise,,,
15.6,30.11493663423927,0.025375145657337866,cruise,,,
15.7,30.117474148805005,0.02371416679288807,cruise,,,
15.8,30.119845565484294,0.022161254989279733,cruise,,,
15.9,30.122061690983223,0.02070937922304858,cruise,,,
16.0,30.124132628905528,0.019351965920974545,cruise,,,
16.1,30.126067825497625,0.018082869197368456,cruise,,,
16.2,30.12787611241736,0.016896343028192262,cruise,,,
16.3,30.129565746720182,0.015787015235277896,cruise,,,
16.4,30.13114444824371,0.014749863163391913,cruise,,,
16.5,30.13261943456005,0.01378019093954097,cruise,,,
16.6,30.133997453654004,0.01287360821213579,cruise,,,
16.7,30.135284814475217,0.012026010273191418,cruise,,,
16.8,30.136487415502536,0.011233559473785987,cruise,,,
16.9,30.137610771449914,0.010492667848971043,cruise,,,
17.0,30.13866003823481,0.009799980872658737,cruise,,,
17.1,30.139640036322078,0.009152362269906178,cruise,,,
17.2,30.14055527254907,0.008546879817041747,cruise,,,
17.3,30.141409960530773,0.007980792065719194,cruise,,,
17.4,30.142208039737344,0.007451535930835668,cruise,,,
17.5,30.142953193330428,0.006956715085860488,cruise,,,
17.6,30.143648864839015,0.00649408911326696,cruise,,,
17.7,30.14429827375034,0.0060615633608784025,cruise,,,
17.8,30.144904430086427,0.005657179457976835,cruise,,,
17.9,30.145470148032224,0.005279106448824983,cruise,,,
18.0,30.145998058677108,0.004925632502638777,cruise,,,
18.1,30.146490621927374,0.004595157163272606,cruise,,,
18.2,30.1469501376437,0.004286184102880508,cruise,,,
18.3,30.14737875605399,0.003997314347167269,cruise,,,
18.4,30.147778487488704,0.003727239941574312,cruise,,,
18.5,30.148151211482862,0.003474738029057123,cruise,,,
18.6,30.148498685285766,0.003238665313891581,cruise,,,
18.7,30.148822551817155,0.003017952884898173,cruise,,,
18.8,30.149124347105644,0.00281160137619349,cruise,,,
18.9,30.149405507243262,0.0026186764422090614,cruise,,,
19.0,30.149667374887482,0.002438304527492552,cruise,,,
19.1,30.14991120534023,0.00226966891156008,cruise,,,
19.2,30.150138172231387,0.002112006011152967,cruise,,,
19.3,30.1503493728325,0.0019646019229583034,cruise,,,
19.4,30.150545833024797,0.001826789191454542,cruise,,,
19.5,30.150728511943942,0.0016979437868657465,cruise,,,
19.6,30.150898306322627,0.0015774822798500232,cruise,,,
19.7,30.15105605455061,0.001464859199915458,cruise,,,
19.8,30.151202540470603,0.001359564565841409,cruise,,,
19.9,30.15133849692719,0.0012611215765937767,cruise,,,
20.0,30.151464609084847,0.001169084452657565,cruise,,,
20.1,30.15158151753011,0.0010830364176148133,cruise,,,
20.2,30.15168982117187,0.001002587811259864,cruise,,,
20.3,30.151790079952995,0.0009273743253174482,cruise,,,
20.4,30.151882817385527,0.000857055354011621,cruise,,,
20.5,30.151968522920928,0.0007913124519702275,cruise,,,
20.6,30.152047654166125,0.0007298478923752072,cruise,,,
20.7,30.152120638955363,0.0006723833190382111,cruise,,,
20.8,30.15218787728727,0.0006186584860700117,cruise,,,
20.9,30.152249743135876,0.0005684300796356123,cruise,,,
21.0,30.15230658614384,0.0005214706162714744,cruise,,,
21.1,30.152358733205467,0.00047756741301172023,cruise,,,
21.2,30.15240648994677,0.00043652162433505115,cruise,,,
21.3,30.152450142109203,0.00039814734204465796,cruise,,,
21.4,30.152489956843407,0.00036227075329378633,cruise,,,
21.5,30.152526183918738,0.00032872935394112623,cruise,,,
21.6,30.15255905685413,0.00029737121255446475,cruise,,,
21.7,30.152588793975386,0.000268054282582586,cruise,,,
21.8,30.152615599403646,0.0002406457593669975,cruise,,,
21.9,30.15263966397958,0.00021502147865237742,cruise,,,
22.0,30.152661166127448,0.00019106535451718365,cruise,,,
22.1,30.1526802726629,0.00016866885388017172,cruise,,,
22.2,30.152697139548287,0.00014773050484578887,cruise,,,
22.3,30.15271191259877,0.00012815543762451087,cruise,,,
22.4,30.152724728142534,0.00010985495465831718,cruise,,,
22.5,30.152735713638,9.274612931906012e-05,cruise,,,
22.6,30.15274498825093,7.675143022478625e-05,cruise,,,
22.7,30.152752663393954,6.179837039932412e-05,cruise,,,
22.8,30.152758843230995,4.781917895552157e-05,cruise,,,
22.9,30.15276362514889,3.47504942749266e-05,cruise,,,
23.0,30.152767100198318,2.253307715588404e-05,cruise,,,
23.1,30.152769353506034,1.111154265007186e-05,cruise,,,
23.2,30.1527704646603,4.341091731918656e-07,cruise,,,
23.3,30.152770508071217,-9.547635811651967e-06,cruise,,,
23.4,30.152769553307635,-1.8878955062945346e-05,cruise,,,
23.5,30.152767665412128,-2.7602166469131717e-05,cruise,,,
23.6,30.152764905195482,-3.575683465326107e-05,cruise,,,
23.7,30.152761329512018,-4.337995004258244e-05,cruise,,,
23.8,30.152756991517013,-5.050609648873938e-05,cruise,,,
23.9,30.152751940907365,-5.716760771737328e-05,cruise,,,
24.0,30.152746224146593,-6.339471374264272e-05,cruise,,,
24.1,30.15273988467522,-6.921567783088611e-05,cruise,,,
24.2,30.152732963107436,-7.465692429711734e-05,cruise,,,
24.3,30.152725497415005,-7.974315837921964e-05,cruise,,,
24.4,30.152717523099167,-8.449747780897576e-05,cruise,,,
24.5,30.152709073351385,-8.89414776491515e-05,cruise,,,
24.6,30.15270017920362,-9.309534788715101e-05,cruise,,,
24.7,30.15269086966883,-9.697796494309574e-05,cruise,,,
24.8,30.152681171872338,-0.00010060697711899991,cruise,,,
24.9,30.152671111174627,-0.00010399888443304861,cruise,,,
25.0,30.152660711286185,-0.00010716911346661528,cruise,,,
25.1,30.152649994374837,-0.00011013208702789767,cruise,,,
25.2,30.152638981166135,-0.00011290128966889856,cruise,,,
25.3,30.152627691037168,-0.00011548932848329252,cruise,,,
25.4,30.152616142104318,-0.00011790799042762923,cruise,,,
25.5,30.152604351305275,-0.00012016829555100417,cruise,,,
25.6,30.15259233447572,-0.0001222805468858168,cruise,,,
25.7,30.15258010642103,-0.00012425437716243048,cruise,,,
25.8,30.152567680983314,-0.00012609879240751964,cruise,,,
25.9,30.15255507110407,-0.00012782221264998062,cruise,,,
26.0,30.152542288882806,-0.00012943251015620771,cruise,,,
26.1,30.15252934563179,-0.00013093704495673042,cruise,,,
26.2,30.152516251927295,-0.00013234269824977107,cruise,,,
26.3,30.15250301765747,-0.00013365590353950352,cruise,,,
26.4,30.152489652067114,-0.00013488267574304769,cruise,,,
26.5,30.15247616379954,-0.0001360286384613496,cruise,,,
26.6,30.152462560935696,-0.00013709904934966488,cruise,,,
26.7,30.152448851030762,-0.0001380988240743397,cruise,,,
26.8,30.152435041148355,-0.0001390325584147145,cruise,,,
26.9,30.152421137892514,-0.0001399045491959905,cruise,,,
27.0,30.152407147437593,-0.00014071881361918392,cruise,,,
27.1,30.15239307555623,-0.00014147910759912397,cruise,,,
27.2,30.15237892764547,-0.00014218894261308623,cruise,,,
27.3,30.152364708751207,-0.0001428516017272785,cruise,,,
27.4,30.152350423591034,-0.0001434701543540362,cruise,,,
27.5,30.152336076575597,-0.0001440474702544825,cruise,,,
27.6,30.15232167182857,-0.00014458623245927615,cruise,,,
27.7,30.152307213205326,-0.00014508894944903483,cruise,,,
27.8,30.15229270431038,-0.00014555796642681806,cruise,,,
27.9,30.152278148513737,-0.00014599547615179453,cruise,,,
28.0,30.152263548966122,-0.0001464035285700105,cruise,,,
28.1,30.152248908613267,-0.00014678404037560266,cruise,,,
28.2,30.152234230209228,-0.0001471388034399168,cruise,,,
28.3,30.152219516328884,-0.00014746949320654235,cruise,,,
28.4,30.152204769379562,-0.00014777767592905056,cruise,,,
28.5,30.15218999161197,-0.0001480648161445164,cruise,,,
28.6,30.152175185130353,-0.00014833228292585043,cruise,,,
28.7,30.15216035190206,-0.00014858135644424397,cruise,,,
28.8,30.15214549376642,-0.00014881323342394448,cruise,,,
28.9,30.152130612443077,-0.0001490290328322874,cruise,,,
29.0,30.152115709539792,-0.00014922980078566073,cruise,,,
29.1,30.152100786559714,-0.0001494165153954896,cruise,,,
29.2,30.152085844908175,-0.00014959009104303922,cruise,,,
29.3,30.15207088589907,-0.00014975138270814647,cruise,,,
29.4,30.1520559107608,-0.00014990118967678212,cruise,,,
29.5,30.152040920641834,-0.0001500402592954364,cruise,,,
29.6,30.152025916615905,-0.00015016929021433034,cruise,,,
29.7,30.152010899686882,-0.00015028893569155044,cruise,,,
29.8,30.151995870793314,-0.00015039980647846285,cruise,,,
29.9,30.151980830812665,-0.00015050247350301138,cruise,,,
30.0,30.151965780565316,-8.0,follow,-3.1279486708479496,52.10000000000002,10.895100967000408
30.1,29.351965780565315,1.400321751420817,follow,-2.3731452489044926,51.654803421943484,11.602695521029878
30.2,29.491997955707397,-6.0354820473304205,follow,-2.983393307188365,51.25460362637273,12.807253825124178
30.3,28.888449750974356,0.7983869445044993,follow,-2.3529159751861854,50.97975865127535,18.5485503721516
30.4,28.968288445424808,-5.5618097831016975,follow,-2.8875028614043785,50.564929806732835,12.189347600093106
30.5,28.412107467114637,-0.03875227170215245,follow,-2.4124421406506045,50.20571906002135,13.976675118895908
30.6,28.40823223994442,-3.7163811201578367,follow,-2.6294525238896753,49.982895836026955,22.43163658617275
30.7,28.036594127928637,-0.7607744380544683,follow,-2.317654768658862,49.737236423234094,20.24641997543637
30.8,27.960516684123192,-3.621629689460634,follow,-2.5345902713630224,49.406184754821766,14.924010198096083
30.9,27.59835371517713,-0.5907187026503324,follow,-2.210181189461615,49.18734938330408,22.47687338759254
31.0,27.539281844912097,-3.414927436875936,follow,-2.410501568555233,48.89842119881291,16.92407450139243
31.1,27.197789101224505,-0.8687796130906489,follow,-2.153041363146315,48.643642288690444,19.0924917079328
31.2,27.11091113991544,-2.5329472538561606,follow,-2.2158155351742153,48.450551174698944,25.092066731160244
31.3,26.857616414529826,-1.9122101774727174,follow,-2.1646350885487493,48.12178953324599,14.637288377247645
31.4,26.666395396782555,-2.221177833254548,follow,-2.1734431016061393,47.8261499935677,16.177183216296747
31.5,26.4442776134571,-1.2968469555316235,follow,-2.0266941879636775,47.63972223222197,25.553985033312312
31.6,26.314592917903937,-2.108388977151691,follow,-2.0396264364243635,47.43226294043154,22.863407336970305
31.7,26.103754020188767,-0.6646110418743896,follow,-1.8097434918705204,47.345887538412626,54.8140864549209
31.8,26.037292916001327,-2.246439754670446,follow,-1.8817811271895408,47.17415824681245,27.47007095135307
31.9,25.81264894053428,-0.9882183711983838,follow,-1.7320800580424134,46.98689335275901,25.09113819237968
32.0,25.71382710341444,-0.6157779679055129,follow,-1.545230012704117,47.025510642417544,
32.1,25.65224930662389,-1.4893311162812206,follow,-1.535088248180685,46.94328571175515,57.091304709640404
32.2,25.50331619499577,-0.471767353263046,follow,-1.357020200238125,46.89795409225553,103.45528046420965
32.3,25.456139459669465,-1.853344537744784,follow,-1.4388690432155613,46.74534014628864,30.62979588799364
32.4,25.27080500589499,-0.1846961372108007,follow,-1.2289478631433752,46.67725964569911,68.5618631495475
32.5,25.252335392173908,-1.1715985970845009,follow,-1.2184769817791405,46.66002610648172,270.75126889429333
32.6,25.135175532465457,-0.76673381148333,follow,-1.142254745462992,46.560508553235195,46.78622718736442
32.7,25.058502151317125,-0.32498636300778294,follow,-1.0050948888721294,46.582658338103556,
32.8,25.026003515016345,-1.0040004229933819,follow,-1.0039472859225782,46.53505798660194,97.76200494024515
32.9,24.925603472717007,-0.1935869314346058,follow,-0.8679075697453271,46.52049763933019,319.5012919076939
33.0,24.906244779573548,-0.913391591174318,follow,-0.8744940079874368,46.48487316137289,130.48576660412792
33.1,24.814905620456116,0.8865916622366733,follow,-0.5799758313568404,46.642382599327334,
33.2,24.903564786679784,-1.3321410210430664,follow,-0.7043210593603106,46.65102612065937,
33.3,24.770350684575476,0.152245573670575,follow,-0.5605349746613513,46.59499105220186,83.15326872046653
33.4,24.785575241942535,-0.20310100422654076,follow,-0.499929334906156,46.678433528007645,
33.5,24.76526514151988,-0.7345511831800429,follow,-0.5379906984241032,46.60990701385572,68.01733254733699
33.6,24.691810023201874,0.3977275864481609,follow,-0.3809890232673041,46.65672601153551,
33.7,24.73158278184669,-1.4662413668912961,follow,-0.560806439419224,46.53656773335081,38.72938963208983
33.8,24.58495864515756,0.4014478203660634,follow,-0.3993660989012824,46.47807186883506,79.45531236027139
33.9,24.625103427194166,-0.4521596862309482,follow,-0.40709361467558836,46.53056152611566,
34.0,24.579887458571072,0.5754649092650889,follow,-0.24225840759804385,46.62757278025856,
34.1,24.63743394949758,-0.471117846313746,follow,-0.27932153893758027,46.67682938530879,
34.2,24.590322164866205,0.3299929045384342,follow,-0.1766860784771893,46.708797168822116,
34.3,24.62332145532005,-0.39219203675659126,follow,-0.2115171596900396,46.72346502329003,
34.4,24.58410225164439,-0.2815473584560842,follow,-0.22209857934100796,46.65405479812557,67.21495959363062
34.5,24.55594751579878,-0.03283509319239303,follow,-0.18946122715241387,46.64446004654576,486.1455730064736
34.6,24.552664006479542,-0.10808615438595698,follow,-0.1748023638214491,46.65419364589786,
34.7,24.541855391040947,0.6647804557839124,follow,-0.03377497976767074,46.77900810679375,
34.8,24.60833343661934,-0.2476657692018607,follow,-0.0683253917972877,46.84417476313172,
34.9,24.583566859699154,-0.39416678581232234,follow,-0.12153221238683898,46.753818077161895,51.743617614228064
35.0,24.54415018111792,0.6441280334742878,follow,0.007177787373180422,46.823403059050065,
35.1,24.60856298446535,-0.5182829159033392,follow,-0.079297716094473,46.833546760603554,
35.2,24.55673469287502,0.3405075871478958,follow,-0.008228747996511743,46.82687329131602,701.6871026740613
35.3,24.59078545158981,0.2002374089284901,follow,0.02761656877240881,46.91379474615712,
35.4,24.61080919248266,0.5363229915624121,follow,0.11350003818485987,47.029713826908846,
35.5,24.6644414916389,0.2455637178551152,follow,0.13660744028668148,47.133269677745034,
35.6,24.68899786342441,-0.28237256946880607,follow,0.06787309626594151,47.101369891402555,147.65418609947412
35.7,24.66076060647753,0.38099021456218374,follow,0.12115292103847253,47.112293830754766,
35.8,24.69885962793375,0.1023960326759785,follow,0.11911842606077983,47.1674078679614,
35.9,24.709099231201346,0.63297312434461,follow,0.20584909803917384,47.26949794484119,
36.0,24.772396543635807,-0.4497842072908609,follow,0.09766347502400663,47.25625829047772,356.92969765486606
36.1,24.72741812290672,0.5755166595320368,follow,0.17838929382695312,47.26951647818703,
36.2,24.78496978885992,-0.7150562448959118,follow,0.030564816011150242,47.20801949930103,76.76477829393704
36.3,24.71346416437033,0.299545913650327,follow,0.07647683630841584,47.14667308286391,76.85318201309484
36.4,24.743418755735362,0.32035505674538206,follow,0.11820307368741823,47.23333120729046,
36.5,24.7754542614099,0.5701512223724181,follow,0.19460438903460897,47.35778578114946,
36.6,24.832469383647144,-0.2544610012100677,follow,0.12083476731406506,47.36953884278478,
36.7,24.80702328352614,0.9092133685248757,follow,0.25330158914295,47.46383651443216,
36.8,24.897944620378627,-0.3481641320064308,follow,0.15412512182643923,47.50104205239438,
36.9,24.863128207177983,0.25520620276729306,follow,0.17203692090961908,47.466729231676595,138.33525847979973
37.0,24.888648827454713,0.16478951749903745,follow,0.17189110774909722,47.504864348931164,
37.1,24.905127779204616,0.7641585160200478,follow,0.271659902203794,47.629351571010716,
37.2,24.98154363080662,-0.42933871097936777,follow,0.15588176172011003,47.62819720793004,4125.928661943442
37.3,24.938609759708683,1.2748253176544309,follow,0.34342159239613324,47.75133623195916,
37.4,25.066092291474128,-2.0258770376429664,follow,-0.050411434399507016,47.54872700281169,23.468194022009012
37.5,24.86350458770983,2.2205075895544164,follow,0.329119662475982,47.62437654404073,
37.6,25.08555534666527,-1.6849384846228472,follow,-0.005512010623810681,47.62282100937409,3061.508176844484
37.7,24.917061498202987,1.4224509703758503,follow,0.23352261224927418,47.609114859553756,347.3558620309659
37.8,25.05930659524057,-1.0465098520419962,follow,0.02122430716875101,47.61018420002961,
37.9,24.954655610036372,0.09005054769928209,follow,0.03373522397146189,47.46571863902602,32.85607885316766
38.0,24.9636606648063,-0.12774514196958825,follow,0.00786157533598697,47.45335257254544,383.7384559340267
38.1,24.950886150609342,0.30806793208829336,follow,0.058934731570545296,47.48526395748456,
38.2,24.98169294381817,0.45243780126997785,follow,0.12555524737550172,47.598094663102756,
38.3,25.02693672394517,-0.5380192336746736,follow,0.01599590479044366,47.5564009907082,114.0614348880483
38.4,24.973134800577704,0.14411774774202257,follow,0.03838530978384824,47.49808751065041,81.45301474649558
38.5,24.987546575351907,-0.31806519410500644,follow,-0.01998700991265423,47.46133285311521,129.13011856435773
38.6,24.955740055941405,0.7006211603835167,follow,0.10114876360895408,47.53475884752106,
38.7,25.025802171979755,-0.40109620722048533,follow,0.01847537235342145,47.55717863032305,
38.8,24.985692551257706,0.14184581185615988,follow,0.04007054831077994,47.51860937519734,123.20333701090128
38.9,24.999877132443324,0.13428810252867168,follow,0.05680596328794252,47.55662166195293,
39.0,25.013305942696192,-0.03622759703465301,follow,0.0423321536391299,47.56229106768342,
39.1,25.009683182992728,0.500948358542677,follow,0.11979797489509281,47.63432274938418,
39.2,25.059778018846995,-0.691102513942382,follow,-0.014322080771101753,47.57534494749939,80.66652779041888
39.3,24.990667767452756,0.45709589411643825,follow,0.0652765195748799,47.55127817075402,197.5805845296195
39.4,25.0363773568644,-0.5481134189968125,follow,-0.035925600229006704,47.518640435067596,145.5941701703602
39.5,24.981566014964717,-0.19774653837736497,follow,-0.06186518887585635,47.41048383357122,43.835034734442736
39.6,24.96179136112698,0.26484783448558935,follow,-0.006382344232001458,47.43630469745847,
39.7,24.98827614457554,-0.12389762022972793,follow,-0.024937133862444227,47.45747708300087,
39.8,24.975886382552567,0.09485196248485983,follow,-0.003941129083230521,47.459888444745616,
39.9,24.985371578801054,-0.19472124553683884,follow,-0.03470608133614661,47.443351286865436,286.88938952406704
40.0,24.96589945424737,-0.48119784462137843,follow,-0.10808783993033444,47.340761341440725,46.145615094581885
40.1,24.917779669785233,0.17611523802539752,follow,-0.05968613021552471,47.316983374462325,198.995075639561
40.2,24.935391193587773,-0.3416423051778043,follow,-0.10564253527812895,47.29744425510353,242.06538373929556
40.3,24.90122696306999,-0.10512883493517994,follow,-0.1045188858084316,47.24732155879656,94.26332787328288
40.4,24.890714079576473,-0.022568560684599115,follow,-0.08982096852577826,47.24625015083893,4409.7348553005395
40.5,24.888457223508013,0.17117469527271015,follow,-0.04528140677390269,47.28740442848812,
40.6,24.905574693035284,0.697082793438973,follow,0.07948491963171023,47.43784695918464,
40.7,24.97528297237918,-0.4612940966914682,follow,-0.009605796622075502,47.453318661946696,
40.8,24.929153562710034,0.5558406012703447,follow,0.0856729616107117,47.47940330567576,
40.9,24.98473762283707,-0.4476525224291138,follow,-0.002176890863694325,47.47492954339191,1061.185787995316
41.0,24.93997237059416,-0.433506714852124,follow,-0.0730262495587084,47.33693230633253,34.30281164683838
41.1,24.896621699108948,0.36092313628383027,follow,0.00033758775830960985,47.34527013642173,
41.2,24.932714012737332,-0.26035948782640145,follow,-0.042072283957814705,47.35699873514818,
41.3,24.906678063954693,1.352025702807634,follow,0.1913138328205406,47.55133092875258,
41.4,25.041880634235458,-1.1408593619600258,follow,-0.029678086024006234,47.53314286532918,261.3425176635017
41.5,24.927794698039456,1.1722140063372883,follow,0.17167134846594934,47.56336339552513,
41.6,25.045016098673184,-0.9345365972553458,follow,-0.011662362351820832,47.55586178565795,633.9420821234623
41.7,24.95156243894765,0.3242819671828683,follow,0.045361883341684006,47.47270554176316,57.0885640311512
41.8,24.983990635665936,0.2729210189031552,follow,0.08432052469757423,47.56030647819648,
41.9,25.01128273755625,0.16173907798788795,follow,0.09825409810663643,47.61517820444101,
42.0,25.027456645355038,0.2840450782975157,follow,0.13024757187292835,47.67143253990548,
42.1,25.05586115318479,-0.573078147442931,follow,0.014054694809850332,47.59784642458703,64.68318951011983
42.2,24.998553338440498,1.1545450836145839,follow,0.20516108308215308,47.7029910907429,
42.3,25.114007846801957,-1.538490583228352,follow,-0.08442146414034823,47.58659030606259,40.8816748416292
42.4,24.960158788479124,1.5819878383275474,follow,0.19433624449614229,47.63457442721483,
42.5,25.11835757231188,-0.32259338250588415,follow,0.10920231151578719,47.786738669983606,
42.6,25.08609823406129,-0.10224111563703508,follow,0.0749814954853747,47.704128846577305,57.746315001852636
42.7,25.075874122497584,-0.1366404318841623,follow,0.040730250581333394,47.65454143432771,96.10209380216186
42.8,25.062210079309168,0.1622723342775814,follow,0.06200530743313237,47.655320426396884,
42.9,25.078437312736927,-0.36521125640046875,follow,-0.008179273982143798,47.60947669512325,103.85166166097808
43.0,25.04191618709688,-0.4067552897420728,follow,-0.07358920423173743,47.48928507641358,39.511311675666526
43.1,25.001240658122672,0.31562895740284697,follow,-0.00769997658263577,47.494161010601374,
43.2,25.032803553862955,-0.7975792072902789,follow,-0.13832467557931238,47.410880655215124,56.92924872294307
43.3,24.95304563313393,0.817540395139051,follow,0.022007642200975397,47.45157609190187,
43.4,25.034799672647832,-1.1548046633148863,follow,-0.17310338433470207,47.379096124637044,65.36853962909785
43.5,24.919319206316345,1.6044955610959548,follow,0.12418539453079802,47.503164204005316,
43.6,25.07976876242594,-1.7278739422545055,follow,-0.18346581587609734,47.43618732776281,70.8247233805685
43.7,24.906981368200487,1.277285938602807,follow,0.061017138642064594,47.42148919094279,322.6360576958227
43.8,25.034709962060766,-0.7495194606420542,follow,-0.07304674835447145,47.47901819473668,
43.9,24.95975801599656,0.06750781985740217,follow,-0.04859463085782778,47.39104239313701,53.86827005998233
44.0,24.9665087979823,0.006581078545564258,follow,-0.038371683634537135,47.41139151333891,
44.1,24.967166905836855,0.5572494206817137,follow,0.06192446399982998,47.512674822755116,
44.2,25.022891847905026,-1.1855054000604044,follow,-0.14495213389298556,47.38938563796455,38.43758535551214
44.3,24.904341307898985,1.0572333086723353,follow,0.05643954532603601,47.41295150717451,
44.4,25.01006463876622,-0.7932822636788968,follow,-0.08415191485140383,47.430945043297925,
44.5,24.930736412398332,1.019197303758712,follow,0.10076678346060675,47.496871402058105,
44.6,25.032656142774204,-1.400282284691237,follow,-0.14837842638060295,47.400605787780705,49.239394713859696
44.7,24.89262791430508,0.5761184122667115,follow,-0.026598875107367803,47.31234299635025,53.60395046377018
44.8,24.95023975553175,-0.28743667251921623,follow,-0.06904061250045146,47.35631902079717,
44.9,24.92149608827983,0.3625677592733046,follow,0.0039252795494064685,47.38616941196915,
45.0,24.957752864207162,-0.1892271263630202,follow,-0.027235170762253347,47.40939412554849,
45.1,24.93883015157086,0.3295847745683808,follow,0.03326588303521305,47.4415111103915,
45.2,24.971788629027696,-0.5586264040160297,follow,-0.06435069605269916,47.39333224748884,98.36955335192077
45.3,24.915925988626093,0.5846691469295369,follow,0.04485066568720697,47.41873964862634,
45.4,24.974392903319046,-0.34017746489771056,follow,-0.018288996684134418,47.44330035829444,
45.5,24.940375156829276,-0.006546058720706037,follow,-0.015299892632540946,47.39526284261137,98.66301820319902
45.6,24.939720550957205,0.8605807142918189,follow,0.13170996107985644,47.54129078751566,
45.7,25.025778622386387,-0.44845476606546947,follow,0.03604499169744457,47.574712925277026,
45.8,24.98093314577984,-0.08907889517291633,follow,0.016219892029326388,47.487619610699085,54.52498833096803
45.9,24.972025256262548,0.40101059298524433,follow,0.08137920067891002,47.53941708507273,
46.0,25.012126315561073,-0.7309765717891499,follow,-0.05298501982517223,47.465204453516435,63.958390180020906
46.1,24.939028658382156,0.9893184261720718,follow,0.12175860010496109,47.530301587678196,
46.2,25.037960500999365,-0.27555690115455467,follow,0.05656478607919979,47.61350553757825,
46.3,25.01040481088391,-0.0798260207327956,follow,0.03485784016402249,47.550465056489884,75.42846157823246
46.4,25.00242220881063,0.5311106611676286,follow,0.1185895223927389,47.62222283560868,
46.5,25.05553327492739,-0.2128608730233412,follow,0.06436959572491219,47.647669508115996,
46.6,25.03424718762506,0.6012807208618307,follow,0.15487400791578665,47.70624478935338,
46.7,25.094375259711242,0.4030005797424424,follow,0.19724437381538706,47.83880726338225,
46.8,25.134675317685485,-0.3603464294598868,follow,0.10532675508541445,47.80733973161364,151.9259282337381
46.9,25.098640674739496,0.022378297325406332,follow,0.09251465203045228,47.740475664139694,71.39929930637182
47.0,25.100878504472036,-0.3962275506704041,follow,0.012070056984399002,47.66338781369245,61.82996093053129
47.1,25.061255749404996,-0.04015279161844188,follow,0.004378614644437562,47.59626223875193,70.90630103495056
47.2,25.05724047024315,-0.03590248186019905,follow,-0.0013225136372625457,47.58453819172746,405.87126691866615
47.3,25.053650222057133,0.1487277297719746,follow,0.024697836436075704,47.60517316952178,
47.4,25.068522995034332,-0.030341120772456792,follow,0.0165363774668279,47.61932087001833,
47.5,25.065488882957087,0.3704875068592388,follow,0.07653865728678255,47.674771981722415,
47.6,25.10253763364301,-0.3184840574229186,follow,0.011711767893586966,47.6655182183581,515.0933338347737
47.7,25.07068922790072,0.9038886460283433,follow,0.1614154537169057,47.767449295567985,
47.8,25.16107809250355,-0.874777447580949,follow,-0.010275652437670146,47.73134148631766,132.19118655294298
47.9,25.073600347745458,1.9508493354599235,follow,0.31758092992483,47.92798145154302,
48.0,25.26868528129145,-1.3234046385412102,follow,0.045085001476699915,47.94811292341387,
48.1,25.13634481743733,0.7643488840448496,follow,0.16596121551400955,47.87047844167,61.66136150646012
48.2,25.212779705841815,-1.1356190021953234,follow,-0.04996908767679997,47.769200471085924,47.16642740326289
48.3,25.09921780562228,1.1225735775592645,follow,0.14645198209025523,47.79527869052367,
48.4,25.211475163378207,-1.098739097263592,follow,-0.06008157088149346,47.757131174185815,125.1906696920072
48.5,25.101601253651847,1.185847959858276,follow,0.14856916834288825,47.80097104882066,
48.6,25.220186049637675,-0.8467821625808993,follow,-0.016326630599479586,47.81395244385703,
48.7,25.135507833379584,0.6285052924167375,follow,0.09213991044964587,47.79540166051902,257.6462718030904
48.8,25.19835836262126,-0.9825057907485264,follow,-0.08597171967496564,47.71156582425692,56.910705435178265
48.9,25.100107783546406,0.04823664075731021,follow,-0.06260662941734552,47.58755504590226,38.37372499172083
49.0,25.104931447622135,-0.37297198931212866,follow,-0.11333527029306367,47.54406190114014,109.31392098932837
49.1,25.067634248690922,0.5597654409431108,follow,-0.0001528967653428026,47.60129847627104,
49.2,25.123610792785232,-0.48810984709366567,follow,-0.0804787921851684,47.60493739699268,
49.3,25.074799808075866,-0.2500721666858863,follow,-0.10774229592879436,47.504457416185005,47.27753432512424
49.4,25.04979259140728,0.15942852613136155,follow,-0.06221073006677358,47.51247815704414,
49.5,25.065735444020415,-0.07716261296459931,follow,-0.06369855338852659,47.534904612642094,
49.6,25.058019182723957,-0.431101046930778,follow,-0.12392607971635528,47.46310269436958,66.10283379102536
49.7,25.01490907803088,0.3210772049438296,follow,-0.048751830479936586,47.47361178656638,
49.8,25.047016798525263,-0.34798336631293025,follow,-0.09761509107419641,47.4729101067137,6765.608266474884
49.9,25.01221846189397,-0.3138263747391645,follow,-0.13263943231658004,47.385688260524375,54.32777489899638
50.0,24.98083582442005,0.3172319091807428,follow,-0.056649058547606046,47.41460467808247,
50.1,25.012559015338127,-0.10377043610473911,follow,-0.0634897464586004,47.45534877654859,
50.2,25.00218197172765,0.5085204986700823,follow,0.032857621784344815,47.53613057937582,
50.3,25.05303402159466,0.011297823310245737,follow,0.030276144824412654,47.6098271772164,
50.4,25.054163803925682,-0.6364690987155102,follow,-0.07983490906467239,47.50141079682385,43.81386892351918
50.5,24.99051689405413,0.07259288151845646,follow,-0.05341623366268777,47.432359107418506,68.69109143577333
50.6,24.99777618220598,0.11049769353978288,follow,-0.02508278411107767,47.47158148919789,
50.7,25.008825951559956,0.09808659665591994,follow,-0.0035400332981581073,47.509698894041776,
50.8,25.018634611225547,0.12491602721671129,follow,0.018883516080805407,47.546835432919124,
50.9,25.031126213947218,1.6157267308081065,follow,0.2860334906036641,47.83272281152449,
51.0,25.19269888702803,-1.0317897912921044,follow,0.06740459227947326,47.85645292282152,
51.1,25.08951990789882,1.4462833898595262,follow,0.29822107018341626,47.932500932031644,
51.2,25.23414824688477,-0.7179300122912268,follow,0.12986373701595966,47.98108610734312,
51.3,25.16235524565565,0.9666075489853991,follow,0.27031771429394524,48.01385058277742,
51.4,25.25901600055419,-0.9050111893253514,follow,0.07542498189077662,47.96394898272206,96.11705622556202
51.5,25.168514881621654,1.1248787466269858,follow,0.2513251721273235,48.0040974945598,
51.6,25.28100275628435,-1.2836150809825746,follow,-0.003506915495222529,47.917997218931305,55.65370943261671
51.7,25.152641248186093,0.9462297582241873,follow,0.15577122183341885,47.88473309411256,143.95308265354973
51.8,25.24726422400851,-1.066130934192422,follow,-0.04688966430107655,47.824006671711686,78.753209527195
51.9,25.14065113058927,0.8583111553865891,follow,0.10496486276896633,47.81594155865287,592.8737912201578
52.0,25.22648224612793,0.23468188950799937,follow,0.1275699648481563,47.96729333404005,
52.1,25.24995043507873,-1.079534845229625,follow,-0.072627362086088,47.80229829053201,28.971960171792112
52.2,25.141996950555768,1.1138475901312272,follow,0.12610316964268975,47.839098595476344,
52.3,25.25338170956889,-1.7603156565870757,follow,-0.1873121398340487,47.69276042451929,32.59078619929548
52.4,25.077350143910184,1.134638295397489,follow,0.03400019426285894,47.65002541012814,111.50113341284504
52.5,25.190813973449934,-0.6155935527086578,follow,-0.07327694739161927,47.71294401278328,
52.6,25.12925461817907,0.4272746957566161,follow,0.011136623696799575,47.705018550965406,601.9209939688413
52.7,25.17198208775473,-0.9685447537973554,follow,-0.1511527894420226,47.606820342190076,48.4803347595082
52.8,25.075127612374995,0.3455092845055857,follow,-0.06738383760992406,47.54530758095257,77.29340485526436
52.9,25.109678540825556,-0.14410887301403438,follow,-0.07917808436837248,47.58533972686996,
53.0,25.095267653524154,-0.3426124544754995,follow,-0.12208851876867755,47.52081296151755,73.64511873790788
53.1,25.061006408076604,0.23968100197880865,follow,-0.06079729140502366,47.53071232070988,
53.2,25.084974508274485,-0.31548296627484795,follow,-0.10224689252937935,47.52521486988235,864.4954973056352
53.3,25.053426211647,-0.1503669447012354,follow,-0.1092670687529278,47.47087224871757,87.35477095380506
53.4,25.038389517176878,0.9630375212443184,follow,0.07044902123468688,47.628033297,
53.5,25.13469326930131,-0.5950966069878327,follow,-0.039475933882094694,47.66256397006987,
53.6,25.075183608602526,-0.4670060232574846,follow,-0.10972980369429308,47.503045609209494,29.77904571801923
53.7,25.028483006276776,0.37147609024864336,follow,-0.028527200833423194,47.51419730858174,
53.8,25.06563061530164,-0.7082578556278956,follow,-0.14081167590085641,47.4576342470516,83.90216682621289
53.9,24.99480482973885,0.8777166865832554,follow,0.029946519469483235,47.52215376407776,
54.0,25.082576498397177,-1.1695821040941963,follow,-0.16896863335758638,47.45489611423818,70.55687528084664
54.1,24.96561828798776,0.844246671618342,follow,0.000906853457721013,47.44933428543936,853.1246825843062
54.2,25.050042955149593,-0.5669878134485099,follow,-0.09273444279995147,47.48232998992444,
54.3,24.99334417380474,0.8055069935926717,follow,0.05797931183698779,47.547995572544096,
54.4,25.073894873164008,-1.2573710213461617,follow,-0.1602362245182931,47.45060608522772,48.722513479375216
54.5,24.948157771029393,0.8464467723884941,follow,0.008553651580555766,47.43079030812464,239.35871937663794
54.6,25.032802448268242,-0.9950019415773699,follow,-0.15769360910456243,47.3915100632978,120.64973187472219
54.7,24.933302254110504,0.47774967944765157,follow,-0.05077354327893602,47.34917983788682,111.85666832174802
54.8,24.98107722205527,0.3165294512120655,follow,0.011456282598445,47.48307211568135,
54.9,25.012730167176475,-0.1071350141874169,follow,-0.007296151801121198,47.51179909896359,
55.0,25.002016665757733,-0.4881699716323335,follow,-0.08642756624880832,47.41659743238779,49.80647832950259
55.1,24.9531996685945,0.7889263217149668,follow,0.06047796263662519,47.49027746552838,
55.2,25.032092300765996,0.27911940026344473,follow,0.09792978430282773,47.64606823545182,
55.3,25.060004240792342,0.26666299336466365,follow,0.12706145018402992,47.717067811372544,
55.4,25.086670540128807,-0.8549979146524265,follow,-0.03560505283360271,47.59440075735961,38.79966070788812
55.5,25.001170748663565,0.5111359271797302,follow,0.05652755949773791,47.558283682493084,131.67811584540664
55.6,25.052284341381537,0.12908688910592925,follow,0.0696287362826169,47.64805524835492,
55.7,25.06519303029213,-0.40971393854910026,follow,-0.009253600112486993,47.5885359453257,79.9547936943558
55.8,25.02422163643722,0.5369155843898189,follow,0.08278132702596253,47.61911378168179,
55.9,25.0779131948762,-0.10522574891144451,follow,0.05245266987996189,47.66932246219426,
56.0,25.067390619985055,-0.31931451140529327,follow,-0.008502529781850399,47.592583400195736,62.018719229487914
56.1,25.035459168844525,0.22757223073586397,follow,0.03184873004466482,47.58503748331145,630.6064354002532
56.2,25.058216391918112,-1.6719540220832583,follow,-0.2511087437573636,47.336215844119806,19.02415561519123
56.3,24.891020989709787,0.8509727312019554,follow,-0.06641773941586138,47.27011374514882,71.51076059763578
56.4,24.97611826282998,-0.938049773832812,follow,-0.21067547537914777,47.25350191886582,284.4569953589537
56.5,24.8823132854467,0.13408051123043482,follow,-0.15219933784904782,47.171270590321,57.36411100873365
56.6,24.895721336569743,0.5155905731760473,follow,-0.03988354819055928,47.30369845666405,
56.7,24.947280393887347,-1.1204100223244942,follow,-0.21895017355568314,47.201970417275334,46.40015742061224
56.8,24.8352393916549,0.6841417483399046,follow,-0.06741260937239701,47.18544647810995,285.55809849903716
56.9,24.903653566488888,-0.5714808258987651,follow,-0.150399228272299,47.205081121461035,
57.0,24.846505483899012,1.0978875888044166,follow,0.0586723472225259,47.328430573071046,
57.1,24.956294242779453,-1.5573666282824328,follow,-0.2096402153760053,47.224801148793176,45.57084194748707
57.2,24.80055757995121,1.827504693095461,follow,0.1309090208711865,47.331745390798005,
57.3,24.983308049260756,-1.503994596232098,follow,-0.14054748801927985,47.334414585871855,
57.4,24.832908589637547,0.8631407071304338,follow,0.02776084245171262,47.27712372690803,82.52123389669929
57.5,24.91922266035059,-0.4967670411049804,follow,-0.05863252965286847,47.32020146087302,
57.6,24.869545956240092,0.550566975462383,follow,0.043927930889026356,47.348246865249166,
57.7,24.92460265378633,-0.6825148091737265,follow,-0.07611738080906605,47.310786599870426,126.29591948074172
57.8,24.85635117286896,0.6481689363249493,follow,0.04562472328024825,47.33015148258369,
57.9,24.921168066501455,-0.6706017384568945,follow,-0.07271742381856683,47.30903467593362,224.03498530687114
58.0,24.854107892655765,0.6661909722593845,follow,0.05146204768433904,47.33262388666799,
58.1,24.920726989881704,-0.20671350814698577,follow,0.009460702857317926,47.390551187679876,
58.2,24.900055639067006,0.9633189360967788,follow,0.16946216517267487,47.51954562377318,
58.3,24.996387532676682,-1.2595147050161093,follow,-0.06767442850953387,47.42690687050549,51.195536638399425
58.4,24.87043606217507,2.097499281522581,follow,0.29420917102555677,47.59986326428816,
58.5,25.08018599032733,-2.5237971071516103,follow,-0.17443432023556227,47.445844665255436,30.80526959940204
58.6,24.82780627961217,2.1281750132856994,follow,0.21035461787609222,47.45206403729435,
58.7,25.040623780940738,-1.471508351194188,follow,-0.0689340122106401,47.49200165920047,
58.8,24.89347294582132,1.4392268923159621,follow,0.1834449458863432,47.523654364618324,
58.9,25.037395635052917,-1.4224178001496923,follow,-0.08317865146625536,47.47291480111312,93.56192982653903
59.0,24.895153855037947,1.1577963605876935,follow,0.12466863305225928,47.46739941560918,860.6361129779724
59.1,25.010933491096715,-1.1520255906087373,follow,-0.08709417014554788,47.42930606649952,124.50810226727376
59.2,24.895730932035843,0.7421781113641478,follow,0.05213657524217297,47.395732973295935,141.17177909670767
59.3,24.969948743172257,-0.21990438020605896,follow,0.007814984220502197,47.46273809897889,
59.4,24.94795830515165,0.392849834478115,follow,0.07300481073629328,47.494942268463774,
59.5,24.987243288599462,-0.591013786989343,follow,-0.036646993295235575,47.44421793960396,93.53345624463788
59.6,24.92814190990053,0.9342851146072948,follow,0.12619088376320065,47.51840374861399,
59.7,25.021570421361258,-0.5957024375411687,follow,0.006891074435912969,47.5392467064778,
59.8,24.96200017760714,0.9257448009601152,follow,0.1610464223063488,47.60404668871706,
59.9,25.054574657703153,-0.42894068115478756,follow,0.06372723639195499,47.64558922294668,
60.0,25.011680589587673,0.06469999773295262,follow,0.06490027960659006,47.5824211639881,75.3267109173756
60.1,25.018150589360967,-0.24428413189377898,follow,0.014380221010647176,47.5416061050521,116.48055238505692
60.2,24.99372217617159,0.6099500391508408,follow,0.1146506231777451,47.60523388743513,
60.3,25.054717180086676,-0.13717994633258285,follow,0.0736863992964345,47.65576216942645,
60.4,25.04099918545342,0.23251372984852542,follow,0.10116347270098203,47.66266225088111,
60.5,25.06425055843827,0.003324257034763675,follow,0.08586135737985501,47.68223719503726,
60.6,25.064582984141747,0.7401128022660529,follow,0.1959044204104572,47.792778896623076,
60.7,25.138594264368354,-0.6913556907391153,follow,0.049028073633870406,47.7569194701864,133.17814648906327
60.8,25.069458695294443,1.0315923261874287,follow,0.21378555771517682,47.81797360065684,
60.9,25.172617927913187,-0.7341932660431331,follow,0.056784915995905294,47.81571180786568,2114.062437168906
61.0,25.099198601308874,0.7480820206121135,follow,0.17299404577162392,47.82179194773494,
61.1,25.174006803370087,0.11537490926739691,follow,0.16438106234289762,47.92539126739803,
61.2,25.185544294296825,0.5612989835319501,follow,0.23152039652310918,48.00983683796835,
61.3,25.24167419265002,0.20545152767500843,follow,0.22815812972829974,48.09066941870333,
61.4,25.26221934541752,0.7620566913369002,follow,0.31811846603517324,48.211447484161454,
61.5,25.33842501455121,-0.264628824386244,follow,0.22196746087936248,48.22960498270618,
61.6,25.311962132112583,0.8971484106307319,follow,0.3354655713261607,48.303408769495036,
61.7,25.401676973175658,-0.5207625225162233,follow,0.19372561241379316,48.29624107217728,673.8041372620096
61.8,25.349600720924034,0.9568952977478116,follow,0.3218799186988477,48.3462810000849,
61.9,25.445290250698815,-0.49423747040857136,follow,0.1868165989670132,48.35475197501523,
62.0,25.395866503657956,0.832402485980303,follow,0.29536556916247747,48.38916532464941,
62.1,25.479106752255987,-0.050944794281444494,follow,0.23859452103972245,48.4572546494237,
62.2,25.474012272827842,0.05437428099031816,follow,0.20883501289917206,48.41985342214093,129.46060046652204
62.3,25.479449700926875,1.3006043216360827,follow,0.3917339006579965,48.61090845204831,
62.4,25.60951013309048,-1.1381263172610177,follow,0.13769223910351513,48.55195743873924,82.35983524864567
62.5,25.49569750136438,0.7930019593713263,follow,0.2478414365562287,48.4913876886028,80.05875470737843
62.6,25.574997697301512,0.24558042942936514,follow,0.24839137292028113,48.61088791887255,
62.7,25.599555740244448,0.5741052768503578,follow,0.30359873448158226,48.70293234484825,
62.8,25.656966267929484,0.23922333775276577,follow,0.2937863161611318,48.77923571805536,
62.9,25.680888601704762,0.5404848457497118,follow,0.3358139553276587,48.8571468578848,
63.0,25.734937086279732,-0.003023938273455762,follow,0.28024751983723917,48.88265314925684,
63.1,25.734634692452385,0.034772991916378615,follow,0.24023764133283976,48.842189680011415,120.70687608121656
63.2,25.738111991644022,0.4386869177774327,follow,0.27421049338112624,48.88137848084716,
63.3,25.781980683421764,-0.25316525757737407,follow,0.18720938737244097,48.86018041250509,230.49355075099544
63.4,25.756664157664027,1.0897243614640268,follow,0.33851776024276603,48.9735139967388,
63.5,25.86563659381043,-0.5369320349464844,follow,0.19349544664217433,48.99195033735782,
63.6,25.81194339031578,0.5142771144108398,follow,0.24784091285268772,48.96575599832636,186.9325885234099
63.7,25.86337110175686,-0.15030404444233647,follow,0.1823622355153276,48.97741888815062,
63.8,25.84834069731263,0.7633865712332114,follow,0.28007377245057796,49.05258481841952,
63.9,25.924679354435952,-0.45101073042974604,follow,0.15909785132193832,49.046116882975866,758.2963267133848
64.0,25.879578281392977,0.44005224292806994,follow,0.20679163274716217,49.026159054836626,245.64876855664605
64.1,25.923583505685784,0.187406656300099,follow,0.20442544573942456,49.0898007042681,
64.2,25.942324171315793,0.41920120608346717,follow,0.2410820301630352,49.154568287136726,
64.3,25.98424429192414,-0.11389109892162622,follow,0.1827774200581942,49.1591438579444,
64.4,25.972855182031974,0.35644208896828167,follow,0.21257556669303312,49.17185833974099,
64.5,26.0084993909288,0.2895764670968209,follow,0.22625931425491785,49.23900840064812,
64.6,26.037457037638482,-0.43392360596922264,follow,0.1170771404264741,49.173262696884194,74.79311937021677
64.7,25.99406467704156,0.17609247824274007,follow,0.12775921361787113,49.11885622918021,90.28128143931686
64.8,26.011673924865836,-0.02479515525676397,follow,0.10317794939496139,49.120688836693716,
64.9,26.00919440934016,0.39092535776324094,follow,0.15197778174950827,49.16576939575975,
65.0,26.048286945116484,0.31813925796151776,follow,0.18051028357328391,49.25294070124801,
65.1,26.080100870912634,0.9691221720602141,follow,0.31277930778774987,49.4329306141567,
65.2,26.177013088118656,0.18138841423013902,follow,0.2917096731669062,49.55722930534489,
65.3,26.19515192954167,0.39042675542394867,follow,0.3089862180782035,49.60171411239071,
65.4,26.234194605084063,0.2801736882110595,follow,0.30500274425639873,49.65629465188249,
65.5,26.26221197390517,-0.09736857086348183,follow,0.23875549363424398,49.632073454492,204.91172527219317
65.6,26.25247511681882,0.6860457372594031,follow,0.3141132675818028,49.69282594281003,
65.7,26.321079690544764,-0.09880750049535428,follow,0.2460984379383433,49.72771797375549,
65.8,26.311198940495228,0.8575089138376122,follow,0.34879966896313874,49.81559807970598,
65.9,26.396949831878988,-0.48590411503173075,follow,0.21047834869976612,49.80590309651825,513.7286174842044
66.0,26.348359420375814,1.2860395903901156,follow,0.3905280239168647,49.913067154480586,
66.1,26.476963379414826,0.3042152478798632,follow,0.37692574741694784,50.09237081653919,
66.2,26.507384904202812,0.3820398202634158,follow,0.378554969814779,50.139632326119,
66.3,26.545588886229154,0.5607455073103127,follow,0.40969010815231854,50.22807343749605,
66.4,26.601663436960187,0.5534442380604947,follow,0.4344119383596592,50.33690709379994,
66.5,26.657007860766235,0.041567525761752155,follow,0.36969451657404306,50.35520630772339,
66.6,26.66116461334241,0.7590886277917515,follow,0.4353429263755899,50.42708984638921,
66.7,26.737073476121587,0.049459905326272646,follow,0.3717722845945559,50.47738249877693,
66.8,26.742019466654213,0.6876300345803933,follow,0.42515135213017885,50.5381805521115,
66.9,26.81078247011225,-0.2825710234285196,follow,0.3079285999317136,50.52410230510009,358.8806352439759
67.0,26.7825253677694,0.8983821441592252,follow,0.4070617166690056,50.580849768323105,
67.1,26.872363582185322,0.13879078822186897,follow,0.36306803682657574,50.671613410104555,
67.2,26.886242661007508,1.2561531439445803,follow,0.5126251524924612,50.84198914400372,
67.3,27.011857975401966,0.10275945246195406,follow,0.4450163833605387,50.96280334646349,
67.4,27.022133920648162,1.6791045774243383,follow,0.6513890734264436,51.18458995439869,
67.5,27.190044378390596,-1.0559428677266431,follow,0.36751894897371784,51.15258551655961,159.82966416654568
67.6,27.08445009161793,2.013150527057543,follow,0.6424653699709779,51.26914050739788,
67.7,27.285765144323687,-0.9128377472480376,follow,0.3839162764798232,51.31256399296535,
67.8,27.194481369598883,2.530847110351604,follow,0.7423938016071077,51.53411585600543,
67.9,27.447566080634044,-1.8318111619696578,follow,0.3140101269908513,51.485359247941915,105.59667969721993
68.0,27.264384964437077,1.7821622125517438,follow,0.5593433048424572,51.45592075149807,174.79126642860925
68.1,27.44260118569225,-1.19398360353229,follow,0.26775885439055,51.431660632928924,212.00086259335885
68.2,27.32320282533902,0.520633250314062,follow,0.3105361123864796,51.29534035039501,37.628546095213814
68.3,27.375266150370425,-0.18895986371983176,follow,0.22791450980227523,51.290813735357915,1133.0942285930919
68.4,27.35637016399844,0.28241369029825014,follow,0.23762147296056924,51.272176718958235,275.1093609564428
68.5,27.384611533028266,0.32496491324876703,follow,0.25279826611313183,51.32971556565553,
68.6,27.417108024353144,0.40237554522272606,follow,0.2783427266904823,51.4040047632202,
68.7,27.457345578875415,1.1201498294933232,follow,0.4192518370194236,51.605270205332545,
68.8,27.569360561824748,0.10388982354090814,follow,0.36729330641303193,51.72133414915015,
68.9,27.57974954417884,0.21636618236643784,follow,0.3427348784639861,51.712359194732244,576.1852014723021
69.0,27.601386162415483,-0.06637542533509222,follow,0.27514133486727843,51.677220578490505,147.0667490809917
69.1,27.594748619881976,0.8385179658003574,follow,0.36962278667948567,51.761745716502446,
69.2,27.67860041646201,-0.8196985138533706,follow,0.17198505016320098,51.689885674856214,71.93133275562035
69.3,27.596630565076673,2.1322904198270174,follow,0.4992767707335162,51.89422261834852,
69.4,27.809859607059373,-0.6311141803798189,follow,0.3114472470535219,52.026236657642585,
69.5,27.746748189021393,0.8900281309044925,follow,0.4084395552083251,52.028561838740416,
69.6,27.83575100211184,-1.0473926929277364,follow,0.1663602353613669,51.91998673852913,47.81942327250179
69.7,27.731011732819066,2.095099127047697,follow,0.488367966018707,52.084885565247305,
69.8,27.940521645523837,-1.2628220228027327,follow,0.197050932409212,52.10783340069497,
69.9,27.814239443243565,2.251813304849711,follow,0.5400502915051817,52.26140945637053,
70.0,28.039420773728537,-2.131458395610312,follow,0.09533621840484585,52.15446737899765,48.76889308701286
70.1,27.826274934167508,2.0307014081883987,follow,0.4184274843296123,52.15783988558087,
70.2,28.02934507498635,-1.1899781450202382,follow,0.1508877656027181,52.19490537808224,
70.3,27.910347260484325,1.5545309578184279,follow,0.3853497613073955,52.25087065203388,
70.4,28.06580035626617,-1.002321637493562,follow,0.15459008200792823,52.253290616407185,
70.5,27.965568192516812,1.6922664553888116,follow,0.41138150838029475,52.35973379715551,
70.6,28.134794838055694,-1.423596782951386,follow,0.10606205626629617,52.308254313349835,101.60990446390396
70.7,27.992435159760554,1.6588130222244608,follow,0.36535805773297625,52.3540107973738,
70.8,28.158316461983,-0.8055715118560776,follow,0.1707044582008166,52.40817915117532,
70.9,28.07775931079739,1.4880943364217714,follow,0.3907642538994267,52.50740322009551,
71.0,28.226568744439568,-0.31940350219112645,follow,0.2728932289923023,52.61274634565166,
71.1,28.194628394220455,0.27866517187455,follow,0.2743409148987297,52.56628350622941,113.13618401308466
71.2,28.22249491140791,-0.46685373002501873,follow,0.15129164797669148,52.48503401508856,64.59736950738716
71.3,28.175809538405407,1.585114312440947,follow,0.39073875364009325,52.654453061248205,
71.4,28.3343209696495,-0.5852938249112783,follow,0.22853950980906035,52.73002096428331,
71.5,28.275791587158373,0.6950225598108362,follow,0.30675442482980486,52.72044180556736,550.3660954944182
71.6,28.34529384313946,0.7972902721586703,follow,0.3889716565441219,52.90691242125331,
71.7,28.425022870355324,0.013661834014182861,follow,0.3268758286848268,52.964410134217815,
71.8,28.426389053756743,1.2260596092079634,follow,0.4771876482069075,53.116771228842026,
71.9,28.54899501467754,-0.34031600757571817,follow,0.34137920535793853,53.16487172737425,
72.0,28.51496341391997,1.9932198971117339,follow,0.6199302651022265,53.39237538598218,
72.1,28.71428540363114,-0.06907933826447221,follow,0.5055187401724908,53.576946845619204,
72.2,28.707377469804694,0.6507762232287904,follow,0.5301428939316892,53.59120909863873,
72.3,28.772455092127572,0.648538826344562,follow,0.5502809512344626,53.70896358942582,
72.4,28.837308974762028,0.4758320381866814,follow,0.5382692298066303,53.794232691949674,
72.5,28.884892178580696,0.9987680443305429,follow,0.6154052062206432,53.942743474091685,
72.6,28.98476898301375,-0.6666242561350639,follow,0.40211310126969835,53.879266575790325,84.8801186220267
72.7,28.918106557400243,1.546993494308892,follow,0.5932960839498378,53.9704559200502,
72.8,29.07280590683113,-0.12485171142135898,follow,0.47396646912042684,54.08317532936712,
72.9,29.060320735688997,-0.20199337219267466,follow,0.36166215226482734,53.95214325579832,41.174761099563185
73.0,29.04012139846973,0.0912811028778896,follow,0.3169490182466177,53.877131115951215,71.82454896749
73.1,29.04924950875752,-0.6548403916849954,follow,0.15533190193926316,53.72920616507554,36.32193612165189
73.2,28.98376546958902,0.8483693787561909,follow,0.2711814137331032,53.746829618116635,
73.3,29.06860240746464,0.10045224100467398,follow,0.2430657661732809,53.84596937737024,
73.4,29.078647631565104,1.1834748962764376,follow,0.4001331668659418,54.0181046142136,
73.5,29.19699512119275,-0.4431605953083579,follow,0.2599124203053549,54.05540510209448,
73.6,29.152679061661914,1.4085743050460509,follow,0.508118603435328,54.2371371959282,
73.7,29.29353649216652,-1.327618389475312,follow,0.20247880846181943,54.1427835467116,57.38281878466685
73.8,29.16077465321899,0.7530017983985455,follow,0.29454410156117916,54.03570608138966,50.4641251256239
73.9,29.236074833058844,-0.17864958685693488,follow,0.21598634849559062,54.07009859808386,
74.0,29.21820987437315,0.8500300782982869,follow,0.321962799086819,54.14927761064655,
74.1,29.30321288220298,-0.22478386074749365,follow,0.2311369991218939,54.185956322426364,
74.2,29.280734496128233,-0.40277750581438876,follow,0.12578112862116342,54.04688287281351,38.86211424486744
74.3,29.240456745546794,0.7562506698023646,follow,0.23115207993868125,54.09183719825887,
74.4,29.31608181252703,-0.8628738664928789,follow,0.04910629821576862,54.023229017006315,78.74167195603624
74.5,29.229794425877742,1.5419876888009798,follow,0.2985579356017922,54.143249574418405,
74.6,29.38399319475784,-0.6013334154283627,follow,0.148860462805807,54.22485025494257,
74.7,29.323859853215,0.5300593779574381,follow,0.2126744897986228,54.19846426962113,205.40625490857914
74.8,29.376865791010744,-0.2101694238756691,follow,0.14247900400371805,54.20777769051983,
74.9,29.355848848623175,0.12846521936705935,follow,0.14041953272287344,54.17419280565764,161.3052807170448
75.0,29.36869537055988,0.3659444840253835,follow,0.1782802127616776,54.2313232686015,
75.1,29.40528981896242,0.7381443427864869,follow,0.2718595582615606,54.37979428670519,
75.2,29.47910425324107,-0.5735317224181482,follow,0.13122748151933195,54.34988386138093,181.70882985597868
75.3,29.421751080999254,1.2058484208209586,follow,0.3310821317821464,54.463708753281026,
75.4,29.54233592308135,-0.6911326156914982,follow,0.1609712763507929,54.474475160972816,
75.5,29.4732226615122,0.7675336505694811,follow,0.26231890255311896,54.47215289482142,2345.6464224052893
75.6,29.549976026569148,-0.0999501627711048,follow,0.20219125231075452,54.52715529216448,
75.7,29.53998101029204,0.14067384732804591,follow,0.192185675697381,54.50215719113544,218.02518970326398
75.8,29.554048395024843,0.19368549876088717,follow,0.192679759095725,54.52375235163299,
75.9,29.57341694490093,-0.20113930553251755,follow,0.12728523979144768,54.487410657142846,149.9308478089719
76.0,29.55330301434768,0.8884216506321405,follow,0.4141258341865708,54.74408035570809,
76.1,29.642145179410893,0.06788436955810839,follow,0.3566480686505429,54.81986583776688,
76.2,29.648933616366705,0.3608528520211721,follow,0.3575720515801706,54.83097247613023,
76.3,29.68501890156882,0.4758120748644311,follow,0.39794223362024184,54.92547058597347,
76.4,29.732600109055262,0.35089101186678395,follow,0.39031041148510326,54.989210575068,
76.5,29.76768921024194,0.39267377650131297,follow,0.39090783868093126,55.04244165404384,
76.6,29.80695658789207,0.33803320171039064,follow,0.4603111134163882,55.17074599525449,
76.7,29.84075990806311,0.33156609294400363,follow,0.5515301423534709,55.31267000444814,
76.8,29.87391651735751,0.3016556463810525,follow,0.5254035766760055,55.33627835271227,
76.9,29.904082081995615,0.28645489681623915,follow,0.4997470215192408,55.355870144512664,
77.0,29.932727571677237,0.26541650915985504,follow,0.5055060298290357,55.40459738734489,
77.1,29.95926922259322,-0.5618645336781063,follow,0.3277666311957219,55.266670465085554,40.06953070494557
77.2,29.90308276922541,0.48869635206634293,follow,0.35473803432479656,55.20936218816291,96.337501584256
77.3,29.951952404432046,0.14508951834035555,follow,0.48923834107151265,55.41716694771958,
77.4,29.96646135626608,0.30238733723369743,follow,0.7028287776937958,55.65252081209292,
77.5,29.99670008998945,0.19350002405465933,follow,0.7178006681097671,55.71285080309394,
77.6,30.016050092394917,0.22859207322946173,follow,0.8271706552621865,55.85124579385456,
77.7,30.03890929971786,0.18818295038915567,follow,0.9079909143062039,55.966354863883,
77.8,30.057727594756777,0.1895634440109118,follow,1.2529907122721653,56.33958210440733,
77.9,30.076683939157867,0.16990918440503328,follow,1.4178878017547873,56.532913710491584,
78.0,30.09367485759837,0.16273602828171085,follow,1.471033938334358,56.61154622473191,
78.1,30.10994846042654,0.1500380086691508,follow,1.4496286880495717,56.614551378689384,
78.2,30.124952261293455,0.141370722382393,follow,1.3716277606196527,56.55905615255983,101.91697574262489
78.3,30.139089333531693,0.13155338435418085,follow,1.4655132189090523,56.67414721920659,
78.4,30.15224467196711,0.12329149046566956,follow,1.4725557440591075,56.700922752009774,
78.5,30.16457382101368,0.11507683098124738,follow,1.4216046383877696,56.66846536990829,174.59345671479764
78.6,30.176081504111803,0.10765886947493469,follow,1.4457349633295777,56.70985721949728,
78.7,30.186847391059295,0.1005832785414928,follow,1.4329013938022825,56.71317248039122,
78.8,30.196905718913445,0.09404305558216414,follow,1.6831233301296464,56.978481908499816,
78.9,30.206310024471662,0.08788823050116523,follow,1.8613858693454262,57.17085090605292,
79.0,30.21509884752178,0.08215531010679056,follow,1.958692750018031,57.281341021300705,
79.1,30.22331437853246,0.07678390785544281,follow,2.200038015648701,57.53500958344739,
79.2,30.230992769318004,0.07176811891865675,follow,2.312421152538505,57.65891030651551,
79.3,30.23816958120987,0.06707538453704875,follow,2.3398389765796423,57.697093348394446,
79.4,30.244877119663574,0.06268972556219649,follow,2.596289956932793,57.963605636428156,
79.5,30.251146092219795,0.058588467884166606,follow,2.762771888876614,58.139491027206304,
79.6,30.257004939008212,0.05475454944086744,follow,2.78328312479281,58.16879053330513,
79.7,30.2624803939523,0.05116980567903845,follow,2.8878219029814645,58.28154249390991,
79.8,30.267597374520204,0.04781843725458773,follow,2.9303866946780204,58.331782756458324,
79.9,30.272379218245664,0.04468503981952604,follow,2.927976007265471,58.33654483463397,
80.0,30.276847722227618,0.04175554978288143,follow,3.148588479069666,58.563860062411095,
80.1,30.281023277205907,0.039016637495196405,follow,3.466222818881377,58.88775773469024,
80.2,30.284924940955428,0.036455937395425575,follow,3.4718778291614143,58.89926524059456,
80.3,30.28857053469497,0.034061836652307054,follow,3.66855238508289,59.101408187125344,
80.4,30.2919767183602,0.03182350568679565,follow,3.7522454377491385,59.190210515289436,
80.5,30.29515906892888,0.029730804693983204,follow,3.853956005003276,59.29669460839659,
80.6,30.298132149398278,0.027774261506042952,follow,3.949683169359659,59.39688139345708,
80.7,30.300909575548882,0.025945015991855613,follow,4.0224260725788525,59.473790435902174,
80.8,30.30350407714807,0.02423478674204016,follow,4.186183912465282,59.64144002818739,
80.9,30.305927555822272,0.02263582993717761,follow,4.268955938871827,59.72784727260523,
81.0,30.30819113881599,0.021140906232010703,follow,4.460741450499825,59.92302815872381,
81.1,30.31030522943919,0.019743246938437486,follow,4.624539791620798,60.08999763577958,
81.2,30.312279554133035,0.01843652393597045,follow,4.774350349167008,60.242769680366564,
81.3,30.31412320652663,0.0172148207229611,follow,4.86317254992403,60.33435735971398,
81.4,30.315844688598926,0.016072605788312544,follow,4.986005857955924,60.45977289085431,
81.5,30.317451949177755,0.0150047074818917,follow,5.241849772169964,60.7180276959366,
81.6,30.318952419925946,0.014006290644902608,follow,5.475703824055195,60.95413245394411,
81.7,30.320353048990437,0.013072834694008328,follow,5.569567575559432,61.05009714904509,
81.8,30.32166033245984,0.01220011316681091,follow,5.772440617109325,61.25493111579908,
81.9,30.32288034377652,0.01138417457934432,follow,6.04132256575631,61.525643081421094,
82.0,30.324018761234456,0.010621324539029864,follow,6.078213063445865,61.56424120529755,
82.1,30.32508089368836,0.009908109015912991,follow,6.334111775395968,61.82173311592851,
82.2,30.32607170458995,0.009241298705423173,follow,6.476018388584556,61.96512594546948,
82.3,30.326995834460494,0.008617874406668169,follow,6.740932610332543,62.231426362023285,
82.4,30.32785762190116,0.008035013353202114,follow,6.879854166981232,62.37164059983297,
82.5,30.32866112323648,0.007490076432292325,follow,6.919782802654808,62.41277448750952,
82.6,30.329410130879708,0.006980596236426884,follow,6.979718278101991,62.47383347442155,
82.7,30.33010819050335,0.006504265891675798,follow,7.207660369616143,62.702822655371165,
82.8,30.330758617092517,0.006058928613164705,follow,7.4586088680230205,62.9547467936618,
82.9,30.331364509953833,0.005642567940113918,follow,7.598563577735781,63.09561034266653,
83.0,30.331928766747843,0.005253298605953471,follow,7.894524315869688,63.39241746599146,
83.1,30.332454096608437,0.004889358002784616,follow,7.967490911417727,63.46617205633038,
83.2,30.332943032408714,0.004549098200849255,follow,8.200463204476293,63.69987775308937,
83.3,30.3333979422288,0.0042309784874991485,follow,8.324441045523386,63.824537958866586,
83.4,30.33382104007755,0.003933558391423675,follow,8.506424294742544,64.00715585485887,
83.5,30.334214395916693,0.003655491160715063,follow,8.760412821392215,64.26173441526726,
83.6,30.334579945032765,0.00339551766549806,follow,8.928406503214987,64.43027642076413,
83.7,30.334919496799316,0.0031524606968727498,follow,9.146405225885154,64.64878447108413,
83.8,30.335234742869,0.002925219637224641,follow,9.504408882493458,65.00726099679696,
83.9,30.335527264832724,0.002712765476839629,follow,9.710417373064331,65.21370827031342,
84.0,30.335798541380406,0.002514136155218172,follow,10.059430604104392,65.563128416175,
84.1,30.33604995499593,0.0023284322049932915,follow,10.21644848818147,65.72052342067536,
84.2,30.336282798216427,0.002154812679795337,follow,10.54247094352921,66.04689514085385,
84.3,30.336498279484406,0.0019924913464638982,follow,10.961497893678747,66.46624531290536,
84.4,30.33669752861905,0.0018407331256236614,follow,10.994529267114892,66.49957556004347,
84.5,30.336881601931616,0.0016988507632748062,follow,11.198564996952499,66.70388739984992,
84.6,30.337051487007944,0.0015662017194240652,follow,11.541605020637107,67.04718225114902,
84.7,30.337208107179887,0.0014421852586912198,follow,11.810649279661057,67.31646144043088,
84.8,30.337352325705755,0.0013262397306250673,follow,12.140697719301777,67.64672620786041,
84.9,30.337484949678817,0.001217840026624173,follow,12.376750288374396,67.88297771289263,
85.0,30.33760673368148,0.0011164952025961572,follow,12.6848069390022,68.19121703952442,
85.1,30.33771838320174,0.001021746256024414,follow,12.971867626401462,68.47844520120407,
85.2,30.337820557827342,0.0009331640479252612,follow,13.394932308680012,68.90166314542103,
85.3,30.337913874232136,0.0008503473597550326,follow,13.730000946649753,69.23687175799796,
85.4,30.33799890896811,0.0007729210769795714,follow,14.077073503648933,69.5840718671011,
85.5,30.338076201075808,0.0007005344905606226,follow,14.352149945380205,69.85926424699392,
85.6,30.338146254524865,0.0006328597092485899,follow,14.622230239754131,70.12944962154143,
85.7,30.33820954049579,0.000569590174942014,follow,14.901314356748259,70.40862866749194,
85.8,30.338266499513285,0.0005104392746388409,follow,15.26740226827095,70.77480201754088,
85.9,30.33831754344075,0.000455139042991326,follow,15.554493948035478,71.0619702631966,
86.0,30.33836305734505,0.0004034389487710399,follow,15.916589371444772,71.42413395746235,
86.1,30.338403401239926,0.0003551047608859048,follow,16.462688515478597,71.97029361733848,
86.2,30.338438911716015,0.0003099174875695887,follow,16.889791358592518,72.39744972616654,
86.3,30.338469903464773,0.00026767238511515856,follow,17.199897880623112,72.70760273582027,
86.4,30.338496670703286,0.00022817803076013998,follow,17.668008062695122,73.17575306875005,
86.5,30.33851948850636,0.00019125545602616256,follow,17.976121887140117,73.48390111989966,
86.6,30.338538614051963,0.00015673733637966425,follow,18.122239337416474,73.63004725849441,
86.7,30.338554287785602,0.00012446723377901314,follow,18.375360398037138,73.88319182971554,
86.8,30.33856673450898,9.429888825385202e-05,follow,18.544485054501223,74.05233515626469,
86.9,30.338576164397807,6.609555574227377e-05,follow,18.87161329322791,74.37947753982462,
87.0,30.33858277395338,3.97293890441186e-05,follow,19.23974510149938,74.74761926242945,
87.1,30.338586746892286,1.508085878515475e-05,follow,19.779880467401767,75.2877605877402,
87.2,30.338588254978166,-7.961787464427772e-06,follow,20.186019379775352,75.6939017622426,
87.3,30.33858745879942,-2.9503031467259522e-05,follow,20.54016182816337,76.0480430163625,
87.4,30.33858450849627,-4.964055715639404e-05,follow,21.004307802768643,76.51218456551305,
87.5,30.338579544440556,-6.846569304780337e-05,follow,21.160457294408175,76.668326611069,
87.6,30.33857269787125,-8.606382557702075e-05,follow,21.570610294475145,77.07846934128202,
87.7,30.338564091488692,-0.0001025147859103348,follow,22.038766794899992,77.54661293213303,
87.8,30.3385538400101,-0.00011789321114658025,follow,22.279926788116896,77.78775754813205,
87.9,30.338542050688986,-0.00013226888249262547,follow,22.794090267029326,78.3019033430628,
88.0,30.338528823800736,-0.00014570704094535314,follow,23.22825722498159,78.73605046068269,
88.1,30.33851425309664,-0.00015826868292850849,follow,23.588427655727628,79.09619903537259,
88.2,30.338498426228348,-0.00017001083627565805,follow,24.059601553407518,79.56734919275004,
88.3,30.33848142514472,-0.00018098681848932596,follow,24.703778912518175,80.21150105023526,
88.4,30.338463326462872,-0.00019124647817597706,follow,25.135959727894708,80.64365471758902,
88.5,30.338444201815054,-0.00020083642069912422,follow,25.57814399468495,81.08581029740753,
88.6,30.338424118172984,-0.00020980021918165503,follow,25.94933170833105,81.45696788559053,
88.7,30.338403138151065,-0.0002181786118350959,follow,26.284522864548784,81.79212757177538,
88.8,30.33838132028988,-0.0002260096863467287,follow,26.79671745931148,82.3042894397463,
88.9,30.338358719321246,-0.00023332905239892288,follow,27.13691548883193,82.6444535678138,
89.0,30.338335386416006,-0.00024017000277287703,follow,27.577116949548575,83.08462002917258,
89.1,30.338311369415727,-0.0002465636642441371,follow,27.963321838107618,83.47078889223121,
89.2,30.338286713049303,-0.00025253913839595743,follow,28.45253015135245,83.9599602209264,
89.3,30.338261459135463,-0.000258123633389451,follow,28.930741886309647,84.43813407501284,
89.4,30.338235646772123,-0.00026334258722665593,follow,29.48495704017757,84.99231051033576,
89.5,30.3382093125134,-0.00026821978283514403,follow,29.88117561031421,85.38848957908431,
89.6,30.338182490535115,-0.00027277745580034374,follow,30.306397594227832,85.8136713300305,
89.7,30.338155212789534,-0.0002770363950191923,follow,30.66062298956718,86.16785580875148,
89.8,30.33812750915003,-0.0002810160368169057,follow,31.07285179411147,86.58004305783652,
89.9,30.33809940754635,-0.00028473455299454775,follow,31.576084005762297,87.08323311708182,
90.0,30.33807093409105,-0.000288208933024392,follow,32.121319622536426,87.628426023673,
90.1,30.338042113197748,-0.0002914550610235156,follow,32.48555864255664,87.99262181235326,
90.2,30.338012967691647,-0.0002944877876973617,follow,33.03280106404685,88.53982051558432,
90.3,30.33798351891288,-0.00029732099748308594,follow,33.626046885323795,89.13302216369311,
90.4,30.33795378681313,-0.0002999676715212396,follow,34.11529610479242,89.62222678501212,
90.5,30.337923790045977,-0.00030243994634099325,follow,34.752548720938165,90.25943440600713,
90.6,30.337893546051344,-0.0003047491689160964,follow,35.10780473232501,90.61464505140202,
90.7,30.337863071134453,-0.00030690594785254266,follow,35.41006413758654,90.91685874428822,
90.8,30.33783238053967,-0.00030892020165607104,follow,35.65132693542462,91.15807550623413,
90.9,30.337801488519503,-0.00031080120342602546,follow,36.22759312460325,91.7342953573825,
91.0,30.33777040839916,-0.00031255762303589174,follow,36.71186270394375,92.21851831654249,
91.1,30.337739152636857,-0.0003141975662083185,follow,37.117135672323315,92.6237444012786,
91.2,30.337707732880236,-0.0003157286112830948,follow,37.552412028670425,93.05897362799078,
91.3,30.337676160019107,-0.00031715784361274757,follow,37.83769177196005,93.34420601198872,
91.4,30.337644444234748,-0.000318491887523642,follow,38.48597490121291,93.99244156756504,
91.5,30.337612595045996,-0.0003197369363193703,follow,38.8902614154917,94.3966803080607,
91.6,30.337580621352366,-0.0003208987804276253,follow,39.28755131389684,94.79392224592539,
91.7,30.337548531474322,-0.0003219828334653507,follow,39.74284459556648,95.24916739277796,
91.8,30.337516333190976,-0.00032299415692566,follow,40.16814125967203,95.6744157594585,
91.9,30.337484033775283,-0.00032393748287529167,follow,40.5624413054179,96.06866735608082,
92.0,30.337451640026995,-0.00032481723561444964,follow,40.847744732037754,96.35392219207824,
92.1,30.337419158303433,-0.00032563755151676643,follow,41.25705153879287,96.76318027624802,
92.2,30.33738659454828,-0.0003264022978676784,follow,41.804361724971045,97.31044161679347,
92.3,30.337353954318495,-0.00032711509033983566,follow,42.29267528988376,97.7987062213615,
92.4,30.33732124280946,-0.0003277793093392489,follow,42.800992232866264,98.30697409708046,
92.5,30.337288464878526,-0.0003283981154074689,follow,43.09031255327456,98.59624525059235,
92.6,30.337255625066984,-0.0003289744633266367,follow,43.326636250485066,98.83251968808554,
92.7,30.337222727620652,-0.00032951111581025483,follow,43.64496332389229,99.15079741532327,
92.8,30.33718977650907,-0.00033001065562954235,follow,43.97729377290864,99.48307843767225,
92.9,30.337156775443507,-0.0003304754976986568,follow,44.40862759696265,99.91436276012791,
93.0,30.337123727893736,-0.0003309078996839854,follow,44.554964795497625,100.06065038733823,
93.1,30.337090637103767,-0.00033130997242997173,follow,45.01930536797225,100.5249413236279,
93.2,30.337057506106525,-0.0003316836894380337,follow,45.30964931385738,100.81523557301716,
93.3,30.33702433773758,-0.0003320308957571183,follow,45.56799663263703,101.07353313924341,
93.4,30.336991134648006,-0.0003323533164878434,follow,45.76334732380622,101.26883402577823,
93.5,30.336957899316356,-0.00033265256440051516,follow,45.889701386871856,101.39513823584639,
93.6,30.336924634059915,-0.00033293014740787275,follow,46.25805882135039,101.76344577244026,
93.7,30.336891341045174,-0.0003331874752681152,follow,46.54641962676821,102.05175663833597,
93.8,30.336858022297648,-0.0003334258660476208,follow,46.69478380265961,102.20007083610608,
93.9,30.336824679711043,-0.0003336465520227816,follow,46.83815134856847,102.34338836813504,
94.0,30.33679131505584,-0.0003338506853380885,follow,47.07152226404533,102.57670923662909,
94.1,30.336757929987307,-0.00033403934314579775,follow,47.49789654864959,103.00303344363056,
94.2,30.336724526052993,-0.00033421353253715314,follow,47.72827420194567,103.23336099102517,
94.3,30.33669110469974,-0.00033437419504767085,follow,47.831655223505855,103.33669188055546,
94.4,30.336657667280235,-0.0003345222110283097,follow,48.054039612906905,103.55902611382726,
94.5,30.336624215059132,-0.00033465840343116504,follow,48.26842736973256,103.77336369232125,
94.6,30.33659074921879,-0.000334783541815209,follow,48.23981849357111,103.7447046173993,361.99599917371603
94.7,30.336557270864606,-0.00033489834551542197,follow,48.466212984015975,103.97104889031289,
94.8,30.336523781030056,-0.0003350034872340313,follow,48.66961084066494,104.17439651221002,
94.9,30.336490280681332,-0.00033509959570565684,follow,48.95901206311955,104.46374748414155,
95.0,30.33645677072176,-0.00033518725897002666,follow,49.35541665098634,104.86010180706899,
95.1,30.336423251995864,-0.0003352670266506541,follow,49.6768246038755,105.1814594818693,
95.2,30.3363897252932,-0.00033533941266700174,follow,49.857235921400054,105.36182050933985,
95.3,30.336356191351932,-0.0003354048975315327,follow,49.951650603177,105.4561848902049,
95.4,30.33632265086218,-0.00033546393043409894,follow,50.39706864882544,105.90155262511871,
95.5,30.336289104469135,-0.0003355169313758455,follow,50.59449005796815,106.09892371467186,
95.6,30.336255552775995,-0.0003355642930411573,follow,50.7819148302304,106.28629815939439,
95.7,30.33622199634669,-0.000335606382545095,follow,50.961342965240085,106.46567595976012,
95.8,30.336188435708436,-0.0003356435431135507,follow,51.15677446262646,106.66105711618911,
95.9,30.336154871354125,-0.0003356760956539917,follow,51.314209322022535,106.81844162905372,
96.0,30.33612130374456,-0.00033570434018370676,follow,51.425647543062446,106.92982949867928,
96.1,30.336087733310542,-0.0003357285572481161,follow,51.53508912538224,107.03922072534806,
96.2,30.336054160454818,-0.00033574900903327043,follow,51.68853406862003,107.19261530930225,
96.3,30.336020585553914,-0.00033576594078460476,follow,51.78798237241568,107.29201325074655,
96.4,30.335987008959837,-0.00033577958173508504,follow,51.86643403641071,107.37041454985047,
96.5,30.335953431001663,-0.0003357901461793489,follow,52.017889060247526,107.52181920675002,
96.6,30.335919851987043,-0.0003357978345305268,follow,52.13034744357099,107.63422722155155,
96.7,30.33588627220359,-0.0003358028341386987,follow,52.40480918602564,107.90863859433102,
96.8,30.335852691920177,-0.0003358053201026334,follow,52.28027428725895,107.78405332513921,86.51428377059285
96.9,30.335819111388165,-0.0003358054562415669,follow,52.50474274691802,108.00847141400027,
97.0,30.335785530842543,-0.00033580339565114636,follow,52.73921456465226,108.24289286091607,
97.1,30.335751950502978,-0.0003357992814233546,follow,52.654689740111515,108.15831766586598,127.88420718573911
97.2,30.335718370574835,-0.00033579324744786865,follow,52.729168272946424,108.23274582880867,
97.3,30.33568479125009,-0.00033578541882983703,follow,52.79565016280862,108.29917734968376,
97.4,30.33565121270821,-0.0003357759125283133,follow,52.76013540935065,108.26361222841297,304.40951235343204
97.5,30.335617635116957,-0.0003357648379268552,follow,52.77862401222577,108.2820504649012,
97.6,30.335584058633163,-0.0003357522972909921,follow,52.761115971088074,108.26449205903782,616.5963635982935
97.7,30.335550483403434,-0.00033573838622891206,follow,53.006611285592136,108.50993701069729,
97.8,30.335516909564813,-0.0003357231941025218,follow,53.17010995539388,108.6733853197411,
97.9,30.335483337245403,-0.0003357068044743672,follow,53.35961198014854,108.86283698601665,
98.0,30.335449766564956,-0.00033568929549754323,follow,53.49311735951244,108.99629200935988,
98.1,30.335416197635407,-0.0003356707402025205,follow,53.44962609314297,108.95275038959608,250.2266819224456
98.2,30.335382630561387,-0.0003356512068840578,follow,53.457138180698145,108.96021212654023,
98.3,30.3353490654407,-0.0003356307593985197,follow,53.553653621835295,109.05667721999635,
98.4,30.335315502364757,-0.00033560945742638904,follow,53.4871724162127,108.99014566975984,163.8172345035883
98.5,30.335281941419016,-0.0003355873568268164,follow,53.594694563489355,109.09761747561788,
98.6,30.335248382683332,-0.00033556450970101404,follow,53.60922006332418,109.11209263734918,
98.7,30.335214826232363,-0.000335540964928438,follow,53.60674891537738,109.10957115472593,4327.199011773432
98.8,30.33518127213587,-0.0003355167680273441,follow,53.69828111930864,109.20105302751244,
98.9,30.335147720459066,-0.0003354919617160057,follow,53.760816674778155,109.26353825546676,
99.0,30.335114171262894,-0.0003354665858338879,follow,53.744355581446044,109.24702683834039,661.6453693995692
99.1,30.335080624604313,-0.00033544067766111407,follow,53.86189783897332,109.36451877587979,
99.2,30.335047080536548,-0.0003354142720317643,follow,53.76944344702133,109.27201406782615,118.12589474305028
99.3,30.335013539109344,-0.0003353874015467606,follow,53.82699240525092,109.32951271391494,
99.4,30.33498000036919,-0.00033536009667278766,follow,53.877544713323914,109.3800147138777,
99.5,30.334946464359522,-0.0003353323858809043,follow,53.841100370902375,109.34352006744166,299.6152333174081
99.6,30.334912931120932,-0.00033530429579148313,follow,53.857659377648346,109.36002877432975,
99.7,30.334879400691353,-0.00033527585133058535,follow,53.726221733223426,109.22854083426046,83.07114764808769
99.8,30.33484587310622,-0.00033524707575105506,follow,53.785787437290175,109.28805624694951,
99.9,30.334812348398646,-0.00033521799079549996,follow,53.74035648951171,109.24257501210968,240.1926319651232
100.0,30.334778826599567,-0.0003351886168594387,follow,53.6599288895503,109.16209712944965,135.64235728056178
100.1,30.334745307737883,-0.00033515897292041297,follow,53.71550463706909,109.21762259867592,
100.2,30.33471179184059,-0.0003351290767684145,follow,53.60908373173133,109.11115141949222,102.47951817164474
100.3,30.334678278932913,-0.0003350989450626174,follow,53.43466617319955,108.93668359159892,62.43941069652522
100.4,30.334644769038405,-0.00033506859330995065,follow,53.24225196113756,108.74421911469517,56.50092986719111
100.5,30.334611262179074,-0.000335038036074653,follow,53.23784109520871,108.73975798847732,2437.4956608935136
100.6,30.334577758375467,-0.00033500728692797965,follow,53.060433575076715,108.56230021263991,61.176412079019265
100.7,30.334544257646773,-0.0003349763585622223,follow,53.148029400405015,108.64984578687518,
100.8,30.334510760010918,-0.000334945262907671,follow,52.88962857085763,108.39139471087401,41.93884443739601
100.9,30.334477265484626,-0.00033491401097596185,follow,52.96123108609881,108.46294698432575,
101.0,30.334443774083528,-0.0003348826132581473,follow,52.89683694579235,108.39850260691765,168.20474797987268
101.1,30.3344102858222,-0.0003348510793692583,follow,52.79944614960222,108.30106157833552,111.14523641029884
101.2,30.334376800714264,-0.0003348194184459863,follow,52.65805869719242,108.15962389826382,76.47157662911545
101.3,30.33434331877242,-0.0003347876389442339,follow,52.594674588227704,108.09618956638633,170.40644453475755
101.4,30.334309840008526,-0.000334755748812976,follow,52.48829382237276,107.98975858238555,101.4645872122355
101.5,30.334276364433645,-0.00033472375543397437,follow,52.476916399291696,107.97833094594216,944.8876981787346
101.6,30.3342428920581,-0.0003346916657742671,follow,52.37354231864898,107.87490665673613,104.30326133745011
101.7,30.334209422891522,-0.00033465948632221965,follow,52.268171580109716,107.769485714447,102.22777692391824
101.8,30.33417595694289,-0.00033462722310884097,follow,52.1128041833387,107.61406811875304,69.24188193622118
101.9,30.33414249422058,-0.0003345948818320732,follow,51.979440128000164,107.48065386933104,80.56159993024016
102.0,30.334109034732396,-0.00033456246776070175,follow,51.87307941375918,107.37424296585777,100.90530148807576
102.1,30.33407557848562,-0.00033452998586930294,follow,51.58572204028096,107.08683540800939,37.25957529079126
102.2,30.334042125487034,-0.00033449744077801435,follow,51.325368007230274,106.82643119546083,41.02331147023249
102.3,30.334008675742957,-0.0003344648368232006,follow,51.24101731427238,106.74203032788682,126.47029988634249
102.4,30.333975229259273,-0.00033443217802942016,follow,51.10266996107194,106.60363280496085,77.02712487276007
102.5,30.33394178604147,-0.00033439946824032063,follow,50.928325947294226,106.42923862635644,61.0279766665477
102.6,30.333908346094645,-0.00033436671090586456,follow,50.76698527260462,106.26784779174659,65.84503268038405
102.7,30.333874909423553,-0.0003343339094232234,follow,50.628647936668784,106.12946030080411,76.69006756182306
102.8,30.33384147603261,-0.000334301066831022,follow,50.40931393915194,105.91007615320086,48.27608435260825
102.9,30.333808045925927,-0.00033426818604059827,follow,50.16398327971946,105.66469534860835,43.06151637412879
103.0,30.333774619107324,-0.0003342352697432993,follow,49.997655958036816,105.4983178866978,63.409019872716684
103.1,30.333741195580348,-0.00033420232046743603,follow,49.72533197376907,105.2259437671396,38.63287155838573
103.2,30.3337077753483,-0.00033416934059948833,follow,49.56701132658229,105.06757298960474,66.34277776813809
103.3,30.333674358414243,-0.0003341363323202118,follow,49.223694016142204,104.72420555376357,30.499166380509013
103.4,30.33364094478101,-0.0003341032976969527,follow,49.10738004211377,104.60784145928528,89.89700983663136
103.5,30.33360753445124,-0.00033407023868375907,follow,48.93906940416288,104.43948070583974,62.033151176102926
103.6,30.333574127427372,-0.00033403715707480686,follow,48.74776210195619,104.24812329309725,54.47822574464337
103.7,30.333540723711664,-0.00033400405453321014,follow,48.612458135158526,104.11276922072602,76.91883029217561
103.8,30.33350732330621,-0.0003339709326867779,follow,48.529157503435776,104.0294184883951,124.80924351780064
103.9,30.333473926212942,-0.0003339377929609255,follow,48.385860206454375,103.88607109577379,72.47154565986952
104.0,30.333440532433645,-0.0003339046367635268,follow,47.99756624387972,103.49772704253019,26.651039504310628
104.1,30.333407141969968,-0.00033387146538182977,follow,47.6522756153783,103.15238632833325,29.869743730677175
104.2,30.33337375482343,-0.00033383828002869764,follow,47.35698832061547,102.85704895285062,34.82696654457132
104.3,30.333340370995426,-0.00033380508178904034,follow,47.110704359257895,102.61071491575103,41.65511032252782
104.4,30.333306990487248,-0.0003337718717907334,follow,46.900423730971276,102.40038421670215,48.68541999804807
104.5,30.33327361330007,-0.0003337386509342233,follow,46.582146435422125,102.08205685537223,32.06826344705717
104.6,30.333240239434975,-0.0003337054202126044,follow,46.33487247227647,101.83473283142894,41.174622346712916
104.7,30.333206868892955,-0.00033367218044838554,follow,46.00360184120022,101.50341214453965,30.636001964602677
104.8,30.33317350167491,-0.0003336389324500866,follow,45.67933454185948,101.17909479437185,31.19755842298253
104.9,30.333140137781665,-0.0003336056769836504,follow,45.285070573921296,100.78478078059379,25.559522933235993
105.0,30.333106777213967,-0.00033357241473674915,follow,44.92580993705122,100.42547010287217,27.949481139756248
105.1,30.333073419972493,-0.0003335391463832882,follow,44.526552630916,100.02616276087474,25.049918256089512
105.2,30.333040066057855,-0.00033350587252928277,follow,44.15329865518211,99.65285875426889,26.694827001817803
105.3,30.333006715470603,-0.0003334725937563787,follow,43.94104800951606,99.44055808272196,46.839492950298656
105.4,30.332973368211228,-0.0003334393105854927,follow,43.55980069358386,99.0592607459007,25.979531242404704
105.5,30.33294002428017,-0.0003334060235413716,follow,43.466556707052305,98.96596674347256,106.07966661075751
105.6,30.332906683677816,-0.0003333727330776526,follow,43.193316049588105,98.69267607510483,36.112713494589194
105.7,30.332873346404508,-0.00033333943963742563,follow,42.890078720857495,98.38938874046426,32.44098170373833
105.8,30.332840012460544,-0.00033330614363885624,follow,42.49684472052721,97.99610473921803,24.917389069663088
105.9,30.33280668184618,-0.0003332728454574774,follow,42.22561404826444,97.72482407103371,36.02351200511195
106.0,30.332773354561635,-0.0003332395454689885,follow,41.845386703734846,97.3445467355773,25.59830356936924
106.1,30.332740030607088,-0.00033320624397081833,follow,41.51716268660579,97.01627273251643,29.55344371713008
106.2,30.33270670998269,-0.0003331729413244,follow,41.38094199654406,96.8800020615181,71.09380276167317
106.3,30.33267339268856,-0.000333139637781088,follow,41.02472463321634,96.52373472224917,27.09306301283146
106.4,30.33264007872478,-0.0003331063336384221,follow,40.76351059628966,96.26247071437683,36.844903168354584
106.5,30.332606768091416,-0.0003330730291689621,follow,40.34929988543057,95.8482100375677,23.137173138382852
106.6,30.3325734607885,-0.00033303972455661635,follow,39.983092500306164,95.48195269148891,26.06963483837757
106.7,30.332540156816044,-0.00033300642009881365,follow,39.75688844058318,95.25569867580725,42.10121901653037
106.8,30.332506856174035,-0.00033297311593327716,follow,39.333687705928796,94.83244799018985,22.405739958071432
106.9,30.332473558862443,-0.00033293981231125036,follow,39.09949029601013,94.5982006343038,40.38389260634503
107.0,30.33244026488121,-0.0003329065093669592,follow,38.77229621049379,94.2709566078156,28.807540849408785
107.1,30.332406974230274,-0.00033287320733377257,follow,38.33910544904708,93.83771591039249,21.659487778630115
107.2,30.33237368690954,-0.0003328399063103893,follow,37.99591801133717,93.49447854170148,27.239015057792994
107.3,30.33234040291891,-0.00033280660647339033,follow,37.67473389703113,93.1732445014095,29.00478555035674
107.4,30.33230712225826,-0.0003327733079675488,follow,37.320553105796435,92.81901378918383,26.20298313659789
107.5,30.332273844927464,-0.00033274001092331584,follow,36.788375637299964,92.28678640469116,17.33972905070407
107.6,30.33224057092637,-0.0003327067154356711,follow,36.318201491209294,91.81656234759885,19.52613035481305
107.7,30.332207300254826,-0.00033267342166698466,follow,35.88103066719133,91.37934161757357,20.900047811604843
107.8,30.332174032912658,-0.00033264012966954803,follow,35.45186316491293,90.95012421428191,21.18975687306029
107.9,30.33214076889969,-0.00033260683960223414,follow,35.07269898404228,90.57091013739182,23.883847055517247
108.0,30.33210750821573,-0.00033257355149590717,follow,34.65353812424667,90.15169938657027,21.50510195883339
108.1,30.332074250860583,-0.00033254026548806825,follow,34.11138058519344,89.60949196148431,16.526791743447934
108.2,30.332040996834035,-0.00033250698163089787,follow,33.69822636654996,89.19628786180101,21.586496341673058
108.3,30.332007746135872,-0.0003324737000050537,follow,33.297075467983504,88.79508708718731,22.132331916036176
108.4,30.33197449876587,-0.00033244042068392154,follow,32.886927889161804,88.38488963731061,21.54691348371432
108.5,30.3319412547238,-0.0003324071437552645,follow,32.51178362975264,88.00969551183834,23.45710914344183
108.6,30.331908014009425,-0.00033237386923912204,follow,32.11264268942332,87.61050471043745,21.947024932180863
108.7,30.331874776622502,-0.00033234059724795983,follow,31.67950506784154,87.1773172327753,20.124616183098937
108.8,30.331841542562778,-0.000332307327769954,follow,31.201370764674863,86.69913307851903,18.130908836442444
108.9,30.331808311830002,-0.00033227406092456446,follow,30.59623977959089,86.09395224733589,14.226153210940353
109.0,30.33177508442391,-0.0003322407966893093,follow,30.14611211225776,85.64377473889363,19.024445498225816
109.1,30.33174186034424,-0.00033220753517287926,follow,29.673987762342854,85.17160055285922,18.038173850242995
109.2,30.331708639590722,-0.000332174276363284,follow,29.201866729514094,84.69942968890018,17.938300762293945
109.3,30.331675422163087,-0.00033214102036227544,follow,28.60674901343942,84.10426214668405,14.131190997663149
109.4,30.33164220806105,-0.0003321077671292749,follow,28.021634613786183,83.51909792587776,14.272762236013728
109.5,30.331608997284338,-0.00033207451675532074,follow,27.593523530222768,83.09093702614928,19.40647478059083
109.6,30.331575789832662,-0.00033204126925312494,follow,27.077415762416848,82.57477944716584,15.99797868120482
109.7,30.331542585705737,-0.00033200802464966594,follow,26.610311310036586,82.1076251885952,17.576126875056854
109.8,30.33150938490327,-0.00033197478296825844,follow,26.08921017274995,81.58647425010486,15.655056572755107
109.9,30.331476187424975,-0.00033194154427129696,follow,25.563112350224927,81.06032663136239,15.406384775644915
110.0,30.33144299327055,-0.00033190830851820285,follow,25.100017842129745,80.59718233203557,17.402175185820628
110.1,30.331409802439698,-0.0003318750757819733,follow,24.522926648132312,80.02004135179186,13.864903739458194
110.2,30.33137661493212,-0.0003318418460573347,follow,23.986838767900394,79.48390369029858,14.825278916039164
110.3,30.331343430747513,-0.000331808619396079,follow,23.40475420110249,78.90176934722376,13.553876400845173
110.4,30.331310249885572,-0.0003317753957680081,follow,22.819672947406765,78.31663832223512,13.3844617662799
110.5,30.331277072345994,-0.0003317421752388472,follow,22.23859500648176,77.73551061500075,13.37666568763674
110.6,30.33124389812847,-0.00033170895779627285,follow,21.69152037799526,77.18838622518797,14.108014130313498
110.7,30.33121072723269,-0.0003316757434633222,follow,21.088449061615634,76.58526515246467,12.69815773583564
110.8,30.331177559658343,-0.00033164253224182705,follow,20.60838105701101,76.10514739649852,15.851350309550782
110.9,30.33114439540512,-0.0003316093241724771,follow,19.96431636385053,75.4610329569582,11.715469848927686
111.0,30.3311112344727,-0.00033157611923562147,follow,19.367254981802034,74.86392183351109,12.537686687413082
111.1,30.331078076860777,-0.00033154291746850806,follow,18.747196910533866,74.24381402582503,11.972726855813123
111.2,30.33104492256903,-0.000331509718869194,follow,18.260142149714483,73.75670953356803,15.14186600740034
111.3,30.331011771597144,-0.0003314765234321282,follow,17.676090699012832,73.17260835640855,12.527385873834747
111.4,30.3309786239448,-0.00033144333121215563,follow,17.148042558096755,72.64451049401396,13.755880428038875
111.5,30.33094547961168,-0.00033141014216464537,follow,16.43199772663509,71.92841594605261,10.044541764888999
111.6,30.330912338597464,-0.0003313769563194624,follow,15.837956204296745,71.33432471219294,12.007301344734808
111.7,30.330879200901833,-0.00033134377371002444,follow,15.283917990749892,70.78023679210264,12.774188757008535
111.8,30.33084606652446,-0.0003313105942880923,follow,14.66688308566345,70.16315218545014,11.37010248336455
111.9,30.330812935465033,-0.0003312774181224998,follow,14.115851488705836,69.61207089190339,12.631905983219358
112.0,30.33077980772322,-0.0003312442451648412,follow,13.445823199546076,68.94199291113091,10.288652200102048
112.1,30.330746683298706,-0.0003312110754626896,follow,12.908798217853104,68.40491824280116,12.736575056782785
112.2,30.33071356219116,-0.00033117790898534727,follow,12.430776543295359,67.9268468865821,14.20851636537893
112.3,30.33068044440026,-0.00033114474575896,follow,11.756758175541712,67.2527788421421,9.977149843679586
112.4,30.330647329925686,-0.000331111585791799,follow,11.07174311426109,66.56771410914962,9.71699620536031
112.5,30.330614218767106,-0.0003310784290709856,follow,10.51773135912184,66.0136526872725,11.914500826220996
112.6,30.3305811109242,-0.00033104527562238806,follow,9.966722909793681,65.46259457617998,11.879435808758291
112.7,30.330548006396636,-0.00033101212541175595,follow,9.261717765945455,64.75753977554041,9.184752691108393
112.8,30.330514905184096,-0.00033097897850403735,follow,8.558715927245615,64.05448828502176,9.1109241853381
112.9,30.330481807286244,-0.00033094583482567996,follow,7.860717393363778,63.35644010429314,9.076227379915458
113.0,30.33044871270276,-0.00033091269445950644,follow,7.08272216396886,62.578395233023,8.043031648143158
113.1,30.330415621433314,-0.000330879557331909,follow,6.32973023872988,61.82535367087985,8.210085177093084
113.2,30.330382533477582,-0.0003308464235254882,follow,5.566741617315486,61.06231541753186,8.002523484193187
113.3,30.33034944883523,-0.00033081329294537554,follow,4.814756299395327,60.310280472648174,8.019611439996206
113.4,30.330316367505933,-0.0003307801656918796,follow,4.109774284638426,59.60524883589733,8.454265841262218
113.5,30.330283289489365,-0.00033074704171254243,follow,3.4177955727141125,58.913220506948164,8.513122663117922
113.6,30.330250214785195,-0.00033071392100825214,follow,2.812820163291903,58.308195485469696,9.637319683569459
113.7,30.330217143393096,-0.8019015985650846,follow,2.025848056040992,57.521173771130634,7.308714959588964
113.8,30.250026983536586,-0.027195900662541295,follow,1.4991305974723659,56.874171072777244,8.790407090650065
113.9,30.247307393470333,-1.7774398853808904,follow,0.768479243224732,56.13944033343023,7.640818238164667
114.0,30.069563404932243,-0.7841927463701939,follow,0.3251388855387276,55.429483992937094,7.8074496742192405
114.1,29.991144130295222,-1.810425499045994,follow,-0.2153466155353172,54.771369579907514,8.322469238711315
114.2,29.810101580390622,-2.0867471720634514,follow,-0.7117929487174521,54.00335942186848,7.031594420541737
114.3,29.601426863184276,-1.6214039615601978,follow,-1.0479235592260352,53.35421673555038,8.219181677628612
114.4,29.439286467028257,-2.399204987989572,follow,-1.4576416116945552,52.70128808884783,8.071523336428877
114.5,29.1993659682293,-1.857120687138829,follow,-1.7086974603188594,52.09035149202509,8.526310547266595
114.6,29.01365389951542,-2.5988293147761743,follow,-2.0414947471995504,51.47898610207358,8.42033045183567
114.7,28.753770968037802,-1.2563685826425188,follow,-2.0950474467870706,51.035609005269635,11.510655235278385
114.8,28.62813410977355,-3.7330090667462645,follow,-2.552405570367789,50.389795594292536,7.802531619471034
114.9,28.254833203098926,-1.7256701043838947,follow,-2.5989375306658147,49.783312273982574,8.208521258019921
115.0,28.082266192660537,-3.541560955906892,follow,-2.940313634274098,49.183085654716706,8.194086046176507
115.1,27.728110097069848,-2.0364390248399946,follow,-2.973890500594841,48.61827464500993,8.607883665410899
115.2,27.524466194585848,-3.368761674757967,follow,-3.2238712663273503,48.062828025551426,8.65300576901523
115.3,27.18759002711005,-1.5098385866810964,follow,-3.122316017824666,47.65906902284041,11.803840583822943
115.4,27.036606168441942,-2.931051252331204,follow,-3.274500846666669,47.28040840599624,12.486222834589238
115.5,26.743501043208823,-2.456613826276622,follow,-3.322193263138189,46.793058301675046,9.601528323643375
115.6,26.49783966058116,-2.9162469451355526,follow,-3.438485155255023,46.308274335616716,9.552352713345568
115.7,26.206214966067606,-1.9582317805310785,follow,-3.375669610091471,45.93365283900994,12.261349990608364
115.8,26.0103917880145,-3.078486974082374,follow,-3.5099740218133633,45.50561366020838,10.631179554083905
115.9,25.702543090606262,-1.576189638691801,follow,-3.3714552847617654,45.182359351147625,13.977341704259748
116.0,25.544924126737083,-2.8995147770944767,follow,-3.476519251631686,44.84086693847394,13.13085306563423
116.1,25.254972649027636,-2.347962441707237,follow,-3.4720892999704134,44.41036967357104,10.316063142376063
116.2,25.02017640485691,-1.5173848366481213,follow,-3.3299125741999305,44.20035203308544,21.046018768169578
116.3,24.8684379211921,-1.96601348009656,follow,-3.2861486408219207,44.01650824096623,23.94234133966546
116.4,24.671836573182446,-2.378854801838492,follow,-3.318430276125966,43.6893245836477,13.353150014198906
116.5,24.433951092998598,-1.8371734591776319,follow,-3.254997165149774,43.39592947434812,14.790951893474137
116.6,24.250233747080834,-1.9173446934994622,follow,-3.2154445209812366,43.15990609964001,18.286284633045653
116.7,24.05849927773089,-1.7029119261059433,follow,-3.1466927447294566,42.941056171866876,19.62123387876539
116.8,23.888208085120294,-1.6292826326169214,follow,-3.0770767643253976,42.75523536335504,23.008852294702642
116.9,23.725279821858603,-1.0364680796343766,follow,-2.920212351619064,42.66770738116884,48.747504872860716
117.0,23.621633013895167,-2.2272474703755103,follow,-2.9879054410632904,42.44454407977946,19.01949998745329
117.1,23.398908266857617,-1.3598942308459938,follow,-2.899709147192773,42.19865325309365,17.161540274547047
117.2,23.26291884377302,-2.2290193003922703,follow,-2.971016896943439,41.92336136871609,15.228694977167565
117.3,23.04001691373379,-1.1626585960937785,follow,-2.8526656932576913,41.70735967734299,19.30881161724235
117.4,22.923751054124413,-1.6945567747116124,follow,-2.8426420092557194,41.5429845719309,25.273282391328955
117.5,22.75429537665325,-0.4384138122758712,follow,-2.624888030714274,41.5065550342656,113.93654076969848
117.6,22.710453995425663,-2.2371579883247716,follow,-2.743171358415246,41.32250963472325,22.45234585457059
117.7,22.486738196593187,-0.35059480543266264,follow,-2.527271479826041,41.202835815063736,34.42928113463565
117.8,22.45167871604992,-1.9318271881339821,follow,-2.610850130616413,41.06666794345847,30.15885278914278
117.9,22.258495997236523,-0.050623755768488765,follow,-2.3669256521199387,41.020818343734845,89.46821475209882
118.0,22.253433621659674,-1.0229775085994026,follow,-2.3256754509205138,41.054474981569,
118.1,22.151135870799735,-1.227462813578476,follow,-2.3253424117106434,40.90136139448896,26.71308417137769
118.2,22.028389589441886,-0.9876737372653848,follow,-2.2850619486177592,40.75752243554507,28.33552379321621
118.3,21.929622215715348,-0.5581610059311983,follow,-2.179873109599498,40.71456021397353,94.76828414513255
118.4,21.87380611512223,-0.9682600177146856,follow,-2.1605295702220246,40.65017960246132,63.14040616831328
118.5,21.77698011335076,-0.11993206552635693,follow,-2.0029885788997603,40.66248159112638,
118.6,21.764986906798125,-1.222895856986417,follow,-2.055497459750221,40.591982900446965,57.57835005022373
118.7,21.642697321099483,-0.5875629073864268,follow,-1.9933328133120511,40.47071316833717,33.3724767624989
118.8,21.58394103036084,-0.7381408003937342,follow,-1.9665924802401236,40.40931906530113,65.81954465814202
118.9,21.510126950321467,-0.37578030399642137,follow,-1.883884055213045,40.38130637026916,144.15359294751377
119.0,21.472548919921824,-0.734836984679895,follow,-1.8747719016060316,40.334051478276706,85.35423482705109
119.1,21.399065221453835,-0.5026664446625462,follow,-1.8284528760493615,40.27014495613139,63.01413940899385
119.2,21.34879857698758,-0.4613192117184559,follow,-1.7829327670486705,40.2402650984327,134.67355000189795
119.3,21.302666655815734,-0.41950625981824907,follow,-1.7380015508722124,40.21599843285139,165.72527567771255
119.4,21.260716029833908,-0.33920503948520664,follow,-1.6871472148827422,40.203926829868124,333.04546948060204
119.5,21.226795525885386,-0.6404389940293398,follow,-1.69494601154868,40.145247277279395,68.4143717979211
119.6,21.162751626482454,-0.6628714074951112,follow,-1.7051553250925053,40.03897211463118,37.67481612533885
119.7,21.09646448573294,-0.5292884015760746,follow,-1.691371062541478,39.953325666057935,46.64913295484377
119.8,21.043535645575332,-0.2501348733947524,follow,-1.6333313668626204,39.93197210150038,187.00377631992433
119.9,21.018522158235857,-1.1904994270108558,follow,-1.7416633516770617,39.786119885676726,27.27837877608911
120.0,20.89947221553477,-8.0,emergency,-3.1470356591788757,38.20217266412328,2.411833686393666
120.1,20.09947221553477,-8.0,emergency,-3.5119828807320843,36.63722544257007,2.3411157218581065
120.2,19.29947221553477,-8.0,emergency,-3.8419301022854455,35.10727822101671,2.2946725041514506
120.3,18.49947221553477,-8.0,emergency,-4.128877323839134,33.62033099946302,2.261030553884652
120.4,17.69947221553477,-8.0,emergency,-4.39682454539259,32.15238377790956,2.1902956254710455
120.5,16.899472215534768,-8.0,emergency,-4.636771766946254,30.712436556355897,2.1328862680968266
120.6,16.099472215534767,-8.0,emergency,-4.854718988499528,29.29448933480262,2.0659788241418546
120.7,15.299472215534767,-8.0,emergency,-5.031666210053096,27.917542113249056,2.0274954389139466
120.8,14.499472215534766,-8.0,emergency,-5.179613431606661,26.569594891695488,1.9711153720896186
120.9,13.699472215534765,-8.0,emergency,-5.296560653160277,25.25264767014187,1.9175140246207998
121.0,12.899472215534765,-8.0,emergency,-5.386507874713853,23.962700448588294,1.8576496811807652
121.1,12.099472215534764,-8.0,emergency,-5.396455096267502,22.752753227034646,1.8804748522685075
121.2,11.299472215534763,-8.0,emergency,-5.326402317820765,21.62280600548138,1.9136120336447104
121.3,10.499472215534762,-8.0,emergency,-5.176349539374101,20.57285878392804,1.9594183747149634
121.4,9.699472215534762,-8.0,emergency,-4.946296760927513,19.60291156237463,2.0210286834966578
121.5,8.899472215534761,-8.0,emergency,-4.586243982480816,18.762964340821327,2.2338265856894397
121.6,8.09947221553476,-8.0,emergency,-4.094191204034509,18.05501711926763,2.5503337776577197
121.7,7.2994722155347604,-8.0,follow,-3.4231384255881174,17.526069897714024,3.3133872688169808
121.8,6.499472215534761,1.6525782226813206,follow,-2.577085647141999,17.172122676160143,4.851605445803929
121.9,6.664730037802893,-5.652153037181127,follow,-3.089445384324236,16.907649672380103,6.392958612299846
122.0,6.09951473408478,1.4326409843536725,follow,-2.3355739021552644,16.813698198971906,17.896151692980983
122.1,6.2427788325201465,-3.8800198867157194,follow,-2.592747933060469,16.77142031571975,39.6694891646936
122.2,5.854776843848574,1.6028127372818204,follow,-1.8932226344379757,16.888942631334885,
122.3,6.015058117576756,-2.24857530496713,follow,-1.9521503567881098,17.070436819577026,
122.4,5.790200587080043,2.187534540592676,follow,-1.261884119751258,17.423416760868804,
122.5,6.008954041139311,-1.114073846778412,follow,-1.2369097049539803,17.776521356754984,
122.6,5.897546656461469,2.7171347921292632,follow,-0.57755329358341,18.268766691108794,
122.7,6.169260135674396,0.5573365360019052,follow,-0.3880495259703949,18.8658406775412,
122.8,6.224993789274587,3.0,follow,0.2148506147021294,19.55234129861401,
122.9,6.524993789274586,1.3797839852290377,follow,0.4093512357745688,20.19684191968645,
123.0,6.66297218779749,3.0,follow,0.8640864192105688,20.858544700906805,
123.1,6.96297218779749,2.8584388381847843,follow,1.1967892004305654,21.6412474821268,
123.2,7.248816071615969,2.595183348927417,follow,1.4301417675415422,22.303365874965493,
123.3,7.508334406508711,2.993923958515164,follow,1.6910308245515715,22.95353243431464,
123.4,7.807726802360227,3.0,follow,2.0311695505382943,23.742759754078634,
123.5,8.107726802360228,3.0,follow,2.3463968703023994,24.50798707384274,
123.6,8.407726802360228,3.0,follow,2.6546241900664462,25.266214393606788,
123.7,8.707726802360229,3.0,follow,3.0698515098304604,26.131441713370805,
123.8,9.00772680236023,3.0,follow,3.4820788295943217,26.993669033134665,
123.9,9.30772680236023,3.0,follow,3.871306149358496,27.832896352898842,
124.0,9.607726802360231,3.0,follow,4.239533469122488,28.651123672662834,
124.1,9.907726802360232,3.0,follow,4.7487607888860985,29.610350992426447,
124.2,10.207726802360233,3.0,follow,5.265988108649978,30.577578312190326,
124.3,10.507726802360233,3.0,follow,5.759215428413967,31.520805631954318,
124.4,10.807726802360234,3.0,follow,6.392442748178286,32.60403295171864,
124.5,11.107726802360235,3.0,follow,6.86467006794209,33.52626027148244,
124.6,11.407726802360235,3.0,follow,7.325897387706384,34.437487591246736,
124.7,11.707726802360236,3.0,follow,7.859124707470336,35.42071491101069,
124.8,12.007726802360237,3.0,follow,8.455352027233939,36.46694223077429,
124.9,12.307726802360238,3.0,follow,9.091579346997957,37.553169550538314,
125.0,12.607726802360238,3.0,follow,9.713806666761855,38.62539687030221,
125.1,12.907726802360239,3.0,follow,10.398033986526102,39.75962419006646,
125.2,13.20772680236024,3.0,follow,10.985261306290145,40.7968515098305,
125.3,13.50772680236024,3.0,follow,11.792488626054439,42.0540788295948,
125.4,13.807726802360241,3.0,follow,12.505715945818231,43.21730614935859,
125.5,14.107726802360242,3.0,follow,13.331943265582304,44.49353346912267,
125.6,14.407726802360243,3.0,follow,14.118170585346416,45.72976078888678,
125.7,14.707726802360243,3.0,follow,14.934397905110274,46.995988108650636,
125.8,15.007726802360244,3.0,follow,15.780625224874328,48.29221542841469,
125.9,15.307726802360245,3.0,follow,16.63785254463835,49.59944274817872,
126.0,15.607726802360245,3.0,follow,17.532079864402633,50.943670067943,
126.1,15.907726802360246,3.0,follow,18.507307184166592,52.368897387706966,
126.2,16.207726802360245,3.0,follow,19.403534503930835,53.715124707471205,
126.3,16.507726802360246,3.0,follow,20.36676182369463,55.128352027234996,
126.4,16.807726802360246,3.0,follow,21.227989143459013,56.43957934699938,
126.5,17.107726802360247,3.0,follow,22.197216463223114,57.858806666763485,
126.6,17.407726802360248,3.0,follow,22.945443782986757,59.05703398652713,
126.7,17.70772680236025,3.0,follow,23.88667110275061,60.44826130629099,
126.8,18.00772680236025,3.0,follow,24.63189842251456,61.64348862605493,
126.9,18.30772680236025,3.0,follow,25.222125742278756,62.68371594581913,
127.0,18.60772680236025,3.0,follow,25.92335306204283,63.834943265583206,
127.1,18.90772680236025,3.0,follow,26.521580381806842,64.88317058534722,
127.2,19.207726802360252,3.0,follow,27.22680770157082,66.0383979051112,
127.3,19.507726802360253,3.0,follow,27.76703502133438,67.02862522487476,
127.4,19.807726802360254,3.0,follow,28.296262341098426,68.00785254463881,
127.5,20.107726802360254,3.0,follow,28.665489660862164,68.82707986440255,
127.6,20.407726802360255,3.0,follow,29.13371698062607,69.74530718416645,
127.7,20.707726802360256,3.0,follow,29.394944300390087,70.45653450393047,
127.8,21.007726802360256,3.0,follow,29.701171620154177,71.21276182369456,
127.9,21.307726802360257,3.0,follow,30.188398939918315,72.1499891434587,
128.0,21.607726802360258,3.0,follow,30.648626259682402,73.06021646322279,
128.1,21.90772680236026,3.0,follow,31.045853579446387,73.90744378298677,
128.2,22.20772680236026,3.0,follow,31.288080899210172,74.59967110275056,
128.3,22.50772680236026,3.0,follow,31.583308218974295,75.34489842251469,
128.4,22.80772680236026,3.0,follow,31.85253553873813,76.06412574227852,
128.5,23.10772680236026,3.0,follow,31.9877628585024,76.64935306204279,
128.6,23.407726802360262,3.0,follow,32.3319901782665,77.4435803818069,
128.7,23.707726802360263,3.0,follow,32.590217498030825,78.15180770157122,
128.8,24.007726802360263,3.0,follow,32.71944481779478,78.73103502133517,
128.9,24.307726802360264,3.0,follow,32.840672137558926,79.30226234109932,
129.0,24.607726802360265,3.0,follow,32.948899457322696,79.8604896608631,
129.1,24.907726802360266,3.0,follow,32.82412677708629,80.1857169806267,
129.2,25.207726802360266,3.0,follow,32.83135409685041,80.64294430039081,
129.3,25.507726802360267,3.0,follow,32.76958141661411,81.03117162015451,
129.4,25.807726802360268,2.812778579460378,follow,32.648808736378065,81.36039893991847,
129.5,26.089004660306305,2.625502531318129,follow,32.5929914834282,81.72649847388766,
129.6,26.351554913438118,2.4569551467660906,follow,32.7260106123863,82.25334298254347,
129.7,26.597250428114727,2.2958735993226953,follow,32.75574229756012,82.6516179397322,
129.8,26.826837788046998,2.147144329333306,follow,32.67767747885692,82.91793416092742,
129.9,27.04155222098033,2.0070903761725787,follow,32.703450607359,83.2657789388295,
130.0,27.242261258597587,1.8766840890098222,cruise,,,
130.1,27.42992966749857,1.754475830723468,cruise,,,
130.2,27.605377250570918,1.6403718390692377,cruise,,,
130.3,27.76941443447784,1.5336097095459857,cruise,,,
130.4,27.92277540543244,1.4338375258124754,cruise,,,
130.5,28.066159158013686,1.34053324918218,cruise,,,
130.6,28.200212482931903,1.2533120413308232,cruise,,,
130.7,28.325543687064986,1.1717588867547017,cruise,,,
130.8,28.442719575740455,1.0955153034097296,cruise,,,
130.9,28.552271106081427,1.0242303376306297,cruise,,,
131.0,28.65469413984449,0.957584317343128,cruise,,,
131.1,28.750452571578805,0.8952738504954025,cruise,,,
131.2,28.839979956628344,0.8370177008740745,cruise,,,
131.3,28.923681726715753,0.7825516374246482,cruise,,,
131.4,29.001936890458218,0.731629311717853,cruise,,,
131.5,29.075099821630005,0.6840200334172963,cruise,,,
131.6,29.143501824971736,0.6395083190433456,cruise,,,
131.7,29.20745265687607,0.597892599060299,cruise,,,
131.8,29.2672419167821,0.5589844749541232,cruise,,,
131.9,29.323140364277513,0.5226077754753691,cruise,,,
132.0,29.37540114182505,0.4885978075530206,cruise,,,
132.1,29.424260922580352,0.4568005846666483,cruise,,,
132.2,29.469940981047017,0.4270721435450553,cruise,,,
132.3,29.51264819540152,0.3992778849318175,cruise,,,
132.4,29.5525759838947,0.3732919681468645,cruise,,,
132.5,29.589905180709387,0.34899673920658536,cruise,,,
132.6,29.624804854630046,0.32628219927059376,cruise,,,
132.7,29.657433074557105,0.3050455060040814,cruise,,,
132.8,29.687937625157513,0.2851905082744082,cruise,,,
132.9,29.716456675984954,0.2666273106442054,cruise,,,
133.0,29.743119407049374,0.2492718664541882,cruise,,,
133.1,29.76804659369479,0.23304559724441332,cruise,,,
133.2,29.79135115341923,0.21787503700951433,cruise,,,
133.3,29.813138657120184,0.20369149956028876,cruise,,,
133.4,29.833507807076213,0.19043076754817334,cruise,,,
133.5,29.85255088383103,0.17803280171103852,cruise,,,
133.6,29.870354164002134,0.16644146904208845,cruise,,,
133.7,29.886998310906343,0.155604288641267,cruise,,,
133.8,29.90255873977047,0.14547219410357284,cruise,,,
133.9,29.917105959180827,0.1359993113661492,cruise,,,
134.0,29.93070589031744,0.1271427510092167,cruise,,,
134.1,29.943420165418363,0.11886241407021148,cruise,,,
134.2,29.955306406825386,0.11112081049200356,cruise,,,
134.3,29.966418487874588,0.10388288938311965,cruise,,,
134.4,29.9768067768129,0.09711588032157403,cruise,,,
134.5,29.986518364845058,0.09078914498370605,cruise,,,
134.6,29.99559727934343,0.08487403842633318,cruise,,,
134.7,30.00408468318606,0.07934377939407253,cruise,,,
134.8,30.012019061125468,0.07417332906468471,cruise,,,
134.9,30.019436394031935,0.06933927768351184,cruise,,,
135.0,30.026370321800286,0.06481973857356046,cruise,,,
135.1,30.03285229565764,0.06059424904162197,cruise,,,
135.2,30.038911720561803,0.05664367773136669,cruise,,,
135.3,30.04457608833494,0.052950138004528746,cruise,,,
135.4,30.04987110213539,0.049496906957278736,cruise,,,
135.5,30.05482079283112,0.046268349705890444,cruise,,,
135.6,30.05944762780171,0.04324984859820766,cruise,,,
135.7,30.06377261266153,0.040427737030969024,cruise,,,
135.8,30.06781538636463,0.03778923757284777,cruise,,,
135.9,30.071594310121913,0.03532240411361923,cruise,,,
136.0,30.075126550533277,0.03301606777680696,cruise,,,
136.1,30.078428157310956,0.030859786351818463,cruise,,,
136.2,30.081514135946136,0.028843797015537187,cruise,,,
136.3,30.084398515647692,0.026958972130542186,cruise,,,
136.4,30.087094412860747,0.02519677791870273,cruise,,,
136.5,30.089614090652617,0.023549235823692116,cruise,,,
136.6,30.091969014234987,0.02200888638739862,cruise,,,
136.7,30.094169902873727,0.020568755476523648,cruise,,,
136.8,30.09622677842138,0.019222322706469314,cruise,,,
136.9,30.098149010692026,0.01796349191977345,cruise,,,
137.0,30.099945359884003,0.016786563585159536,cruise,,,
137.1,30.101624016242518,0.01568620899233583,cruise,,,
137.2,30.103192637141753,0.014657446125783458,cruise,,,
137.3,30.10465838175433,0.013695617108318126,cruise,,,
137.4,30.10602794346516,0.012796367111871931,cruise,,,
137.5,30.10730758017635,0.011955624640876489,cruise,,,
137.6,30.108503142640437,0.01116958309803548,cruise,,,
137.7,30.10962010095024,0.010434683549547963,cruise,,,
137.8,30.110663569305196,0.009747598611915681,cruise,,,
137.9,30.111638329166386,0.009105217386628006,cruise,,,
138.0,30.11254885090505,0.008504631375504501,cruise,,,
138.1,30.1133993140426,0.007943121312123685,cruise,,,
138.2,30.11419362617381,0.007418144849979158,cruise,,,
138.3,30.114935440658808,0.006927325051996586,cruise,,,
138.4,30.11562817316401,0.0064684396284599155,cruise,,,
138.5,30.116275017126856,0.00603941087566276,cruise,,,
138.6,30.11687895821442,0.005638296268689391,cruise,,,
138.7,30.11744278784129,0.005263279666511078,cruise,,,
138.8,30.11796911580794,0.004912663089379571,cruise,,,
138.9,30.11846038211688,0.004584859030791477,cruise,,,
139.0,30.118918868019957,0.004278383270211461,cruise,,,
139.1,30.119346706346978,0.003991848152843425,cruise,,,
139.2,30.11974589116226,0.003723956307131987,cruise,,,
139.3,30.120118286792973,0.0034734947705911123,cruise,,,
139.4,30.120465636270033,0.0032393294981657994,cruise,,,
139.5,30.12078956921985,0.0030204002276550124,cruise,,,
139.6,30.121091609242615,0.0028157156792044946,cruise,,,
139.7,30.121373180810536,0.002624349067430809,cruise,,,
139.8,30.12163561571728,0.002445433904997407,cruise,,,
139.9,30.121880159107782,0.0022781600798039425,cruise,,,
140.0,30.122107975115764,0.0021217701869061523,cruise,,,
140.1,30.122320152134453,0.0019755560994683397,cruise,,,
140.2,30.1225177077444,0.0018388557624541835,cruise,,,
140.3,30.122701593320645,0.0017110501953887802,cruise,,,
140.4,30.122872698340185,0.0015915606895420542,cruise,,,
140.5,30.123031854409138,0.0014798461880793923,cruise,,,
140.6,30.123179839027948,0.0013754008360850056,cruise,,,
140.7,30.123317379111555,0.001277751690581752,cruise,,,
140.8,30.123445154280613,0.0011864565788353432,cruise,,,
140.9,30.1235637999385,0.0011011020968250407,cruise,,,
141.0,30.12367391014818,0.0010213017371399347,cruise,,,
141.1,30.123776040321896,0.0009466941392280159,cruise,,,
141.2,30.12387070973582,0.0008769414532974751,cruise,,,
141.3,30.123958403881147,0.0008117278105500281,cruise,,,
141.4,30.124039576662202,0.0007507578931962022,cruise,,,
141.5,30.12411465245152,0.0006937555973142717,cruise,,,
141.6,30.124184028011253,0.0006404627827112375,cruise,,,
141.7,30.124248074289525,0.0005906381043132292,cruise,,,
141.8,30.124307138099958,0.000544055919266484,cruise,,,
141.9,30.124361543691883,0.0005005052655114306,cruise,,,
142.0,30.124411594218433,0.00045978890641462655,cruise,,,
142.1,30.124457573109073,0.0004217224380150264,cruise,,,
142.2,30.124499745352875,0.00038613345386645515,cruise,,,
142.3,30.12453835869826,0.0003528607646957893,cruise,,,
142.4,30.124573644774728,0.00032175366833683827,cruise,,,
142.5,30.12460582014156,0.0002926712676634413,cruise,,,
142.6,30.124635087268327,0.0002654818325028008,cruise,,,
142.7,30.124661635451577,0.00024006220329042538,cruise,,,
142.8,30.124685641671906,0.00021629723339949836,cruise,,,
142.9,30.124707271395245,0.00019407926787287644,cruise,,,
143.0,30.12472667932203,0.00017330765591980213,cruise,,,
143.1,30.12474401008762,0.00015388829529563997,cruise,,,
143.2,30.12475939891715,0.00013573320618903706,cruise,,,
143.3,30.124772972237768,0.00011876013289383036,cruise,,,
143.4,30.124784848251057,0.0001028921714262554,cruise,,,
143.5,30.1247951374682,8.805742126108407e-05,cruise,,,
143.6,30.124803943210328,7.418865990094226e-05,cruise,,,
143.7,30.12481136207632,6.122303838100585e-05,cruise,,,
143.8,30.124817484380156,4.910179687395155e-05,cruise,,,
143.9,30.124822394559843,3.77699984830393e-05,cruise,,,
144.0,30.12482617155969,2.71762806786785e-05,cruise,,,
144.1,30.124828889187757,1.7272622590588926e-05,cruise,,,
144.2,30.124830616450016,8.014127731617582e-06,cruise,,,
144.3,30.12483141786279,-6.411794080812827e-07,cruise,,,
144.4,30.12483135374485,-8.732543263653691e-06,cruise,,,
144.5,30.124830480490523,-1.6296655064168553e-05,cruise,,,
144.6,30.12482885082502,-2.336781874677507e-05,cruise,,,
144.7,30.124826514043143,-2.997810642157983e-05,cruise,,,
144.8,30.1248235162325,-3.6157503562936344e-05,cruise,,,
144.9,30.124819900482144,-4.193404469679529e-05,cruise,,,
145.0,30.124815707077676,-4.7333940371513394e-05,cruise,,,
145.1,30.12481097368364,-5.2381695865397204e-05,cruise,,,
145.2,30.124805735514055,-5.7100222084813246e-05,cruise,,,
145.3,30.124800025491847,-6.151093931228147e-05,cruise,,,
145.4,30.124793874397916,-6.563387420525923e-05,cruise,,,
145.5,30.124787311010497,-6.948775044578193e-05,cruise,,,
145.6,30.12478036223545,-7.309007349512453e-05,cruise,,,
145.7,30.124773053228104,-7.645720995685945e-05,cruise,,,
145.8,30.12476540750711,-7.960446147664557e-05,cruise,,,
145.9,30.12475744706096,-8.254613427212398e-05,cruise,,,
146.0,30.124749192447535,-8.529560369539835e-05,cruise,,,
146.1,30.124740662887167,-8.78653749075975e-05,cruise,,,
146.2,30.124731876349674,-9.026713943018072e-05,cruise,,,
146.3,30.12472284963573,-9.251182819447479e-05,cruise,,,
146.4,30.12471359845291,-9.460966083275901e-05,cruise,,,
146.5,30.124704137486827,-9.657019218418939e-05,cruise,,,
146.6,30.124694480467607,-9.840235532913855e-05,cruise,,,
146.7,30.124684640232076,-0.00010011450226377061,cruise,,,
146.8,30.12467462878185,-0.00010171444144679853,cruise,,,
146.9,30.124664457337705,-0.00010320947343328557,cruise,,,
147.0,30.12465413639036,-0.00010460642374243712,cruise,,,
147.1,30.124643675747986,-0.00010591167377965727,cruise,,,
147.2,30.12463308458061,-0.00010713118984813363,cruise,,,
147.3,30.124622371461623,-0.00010827054996898067,cruise,,,
147.4,30.124611544406626,-0.00010933496935883191,cruise,,,
147.5,30.12460061090969,-0.00011032932382566696,cruise,,,
147.6,30.12458957797731,-0.00011125817200965948,cruise,,,
147.7,30.124578452160108,-0.00011212577591496187,cruise,,,
147.8,30.124567239582518,-0.00011293612034665723,cruise,,,
147.9,30.124555945970485,-0.00011369293069481146,cruise,,,
148.0,30.124544576677415,-0.00011439969011015072,cruise,,,
148.1,30.124533136708404,-0.00011505965506206084,cruise,,,
148.2,30.124521630742898,-0.00011567587015286207,cruise,,,
148.3,30.12451006315588,-0.00011625118190383699,cruise,,,
148.4,30.12449843803769,-0.00011678825164439244,cruise,,,
148.5,30.124486759212527,-0.0001172895675363439,cruise,,,
148.6,30.124475030255773,-0.00011775745586080355,cruise,,,
148.7,30.124463254510186,-0.00011819409155360006,cruise,,,
148.8,30.12445143510103,-0.00011860150806361491,cruise,,,
148.9,30.124439574950223,-0.00011898160650203327,cruise,,,
149.0,30.124427676789573,-0.00011933616430968852,cruise,,,
149.1,30.12441574317314,-0.0001196668432932868,cruise,,,
149.2,30.124403776488812,-0.0001199751971192875,cruise,,,
149.3,30.1243917789691,-0.00012026267838237403,cruise,,,
149.4,30.12437975270126,-0.00012053064518485757,cruise,,,
149.5,30.12436769963674,-0.00012078036722658336,cruise,,,
149.6,30.124355621600017,-0.00012101303165429345,cruise,,,
149.7,30.12434352029685,-0.00012122974829348321,cruise,,,
149.8,30.12433139732202,-0.00012143155487757962,cruise,,,
149.9,30.124319254166533,-0.0001216194215211408,cruise,,,
150.0,30.12430709222438,-0.00012179425526820387,cruise,,,
