time,ego_speed,acceleration_cmd,mode,distance_error,distance,ttc
0.0,0.0,3.0,cruise,,,
0.1,0.30000000000000004,3.0,cruise,,,
0.2,0.6000000000000001,3.0,cruise,,,
0.3,0.9000000000000001,3.0,cruise,,,
0.4,1.2000000000000002,3.0,cruise,,,
0.5,1.5000000000000002,3.0,cruise,,,
0.6,1.8000000000000003,3.0,cruise,,,
0.7,2.1000000000000005,3.0,cruise,,,
0.8,2.4000000000000004,3.0,cruise,,,
0.9,2.7,3.0,cruise,,,
1.0,3.0,3.0,cruise,,,
1.1,3.3,3.0,cruise,,,
1.2,3.5999999999999996,3.0,cruise,,,
1.3,3.8999999999999995,3.0,cruise,,,
1.4,4.199999999999999,3.0,cruise,,,
1.5,4.499999999999999,3.0,cruise,,,
1.6,4.799999999999999,3.0,cruise,,,
1.7,5.099999999999999,3.0,cruise,,,
1.8,5.399999999999999,3.0,cruise,,,
1.9,5.699999999999998,3.0,cruise,,,
2.0,5.999999999999998,3.0,cruise,,,
2.1,6.299999999999998,3.0,cruise,,,
2.2,6.599999999999998,3.0,cruise,,,
2.3,6.899999999999998,3.0,cruise,,,
2.4,7.1999999999999975,3.0,cruise,,,
2.5,7.499999999999997,3.0,cruise,,,
2.6,7.799999999999997,3.0,cruise,,,
2.7,8.099999999999998,3.0,cruise,,,
2.8,8.399999999999999,3.0,cruise,,,
2.9,8.7,3.0,cruise,,,
3.0,9.0,3.0,cruise,,,
3.1,9.3,3.0,cruise,,,
3.2,9.600000000000001,3.0,cruise,,,
3.3,9.900000000000002,3.0,cruise,,,
3.4,10.200000000000003,3.0,cruise,,,
3.5,10.500000000000004,3.0,cruise,,,
3.6,10.800000000000004,3.0,cruise,,,
3.7,11.100000000000005,3.0,cruise,,,
3.8,11.400000000000006,3.0,cruise,,,
3.9,11.700000000000006,3.0,cruise,,,
4.0,12.000000000000007,3.0,cruise,,,
4.1,12.300000000000008,3.0,cruise,,,
4.2,12.600000000000009,3.0,cruise,,,
4.3,12.90000000000001,3.0,cruise,,,
4.4,13.20000000000001,3.0,cruise,,,
4.5,13.50000000000001,3.0,cruise,,,
4.6,13.800000000000011,3.0,cruise,,,
4.7,14.100000000000012,3.0,cruise,,,
4.8,14.400000000000013,3.0,cruise,,,
4.9,14.700000000000014,3.0,cruise,,,
5.0,15.000000000000014,3.0,cruise,,,
5.1,15.300000000000015,3.0,cruise,,,
5.2,15.600000000000016,3.0,cruise,,,
5.3,15.900000000000016,3.0,cruise,,,
5.4,16.200000000000017,3.0,cruise,,,
5.5,16.500000000000018,3.0,cruise,,,
5.6,16.80000000000002,3.0,cruise,,,
5.7,17.10000000000002,3.0,cruise,,,
5.8,17.40000000000002,3.0,cruise,,,
5.9,17.70000000000002,3.0,cruise,,,
6.0,18.00000000000002,3.0,cruise,,,
6.1,18.300000000000022,3.0,cruise,,,
6.2,18.600000000000023,3.0,cruise,,,
6.3,18.900000000000023,3.0,cruise,,,
6.4,19.200000000000024,3.0,cruise,,,
6.5,19.500000000000025,3.0,cruise,,,
6.6,19.800000000000026,3.0,cruise,,,
6.7,20.100000000000026,3.0,cruise,,,
6.8,20.400000000000027,3.0,cruise,,,
6.9,20.700000000000028,3.0,cruise,,,
7.0,21.00000000000003,3.0,cruise,,,
7.1,21.30000000000003,3.0,cruise,,,
7.2,21.60000000000003,3.0,cruise,,,
7.3,21.90000000000003,3.0,cruise,,,
7.4,22.20000000000003,3.0,cruise,,,
7.5,22.500000000000032,3.0,cruise,,,
7.6,22.800000000000033,3.0,cruise,,,
7.7,23.100000000000033,3.0,cruise,,,
7.8,23.400000000000034,3.0,cruise,,,
7.9,23.700000000000035,3.0,cruise,,,
8.0,24.000000000000036,3.0,cruise,,,
8.1,24.300000000000036,3.0,cruise,,,
8.2,24.600000000000037,3.0,cruise,,,
8.3,24.900000000000038,3.0,cruise,,,
8.4,25.20000000000004,3.0,cruise,,,
8.5,25.50000000000004,3.0,cruise,,,
8.6,25.80000000000004,3.0,cruise,,,
8.7,26.10000000000004,3.0,cruise,,,
8.8,26.40000000000004,3.0,cruise,,,
8.9,26.700000000000042,3.0,cruise,,,
9.0,27.000000000000043,3.0,cruise,,,
9.1,27.300000000000043,3.0,cruise,,,
9.2,27.600000000000044,3.0,cruise,,,
9.3,27.900000000000045,3.0,cruise,,,
9.4,28.200000000000045,3.0,cruise,,,
9.5,28.500000000000046,3.0,cruise,,,
9.6,28.800000000000047,3.0,cruise,,,
9.7,29.100000000000048,3.0,cruise,,,
9.8,29.40000000000005,3.0,cruise,,,
9.9,29.70000000000005,2.714999999999753,cruise,,,
10.0,29.971500000000024,1.3860284999999049,cruise,,,
10.1,30.110102850000015,0.825801297149934,cruise,,,
10.2,30.19268297971501,0.46873068588024336,cruise,,,
10.3,30.239556048303033,0.2698328480187917,cruise,,,
10.4,30.266539333104912,0.15453966846243428,cruise,,,
10.5,30.281993299951157,0.08851715888689382,cruise,,,
10.6,30.290845015839846,0.05056998538516666,cruise,,,
10.7,30.295902014378363,0.02878380802837266,cruise,,,
10.8,30.2987803951812,0.016271741354685787,cruise,,,
10.9,30.30040756931667,0.00908666977539907,cruise,,,
11.0,30.30131623629421,0.00496052580932882,cruise,,,
11.1,30.30181228887514,0.002591065012404581,cruise,,,
11.2,30.30207139537638,0.0012304071905220315,cruise,,,
11.3,30.302194436095434,0.00044907494134616144,cruise,,,
11.4,30.30223934358957,4.313519952336975e-07,cruise,,,
11.5,30.302239386724768,-0.0002571593517848303,cruise,,,
11.6,30.30221367078959,-0.00040503427631466415,cruise,,,
11.7,30.30217316736196,-0.0004899028130702643,cruise,,,
11.8,30.302124177080653,-0.000538588729938061,cruise,,,
11.9,30.302070318207658,-0.0005664960914815165,cruise,,,
12.0,30.30201366859851,-0.0005824709781787618,cruise,,,
12.1,30.30195542150069,-0.000591593421916059,cruise,,,
12.2,30.301896262158497,-0.0005967807287352578,cruise,,,
12.3,30.301836584085624,-0.0005997082177771063,cruise,,,
12.4,30.301776613263847,-0.000601337973251681,cruise,,,
12.5,30.30171647946652,-0.0006022224905362084,cruise,,,
12.6,30.301656257217466,-0.0006026790507547286,cruise,,,
12.7,30.30159598931239,-0.0006028898586583065,cruise,,,
12.8,30.301535700326525,-0.0006029595488774575,cruise,,,
12.9,30.301475404371637,-0.0006029482097817951,cruise,,,
13.0,30.301415109550657,-0.0006028903483437098,cruise,,,
13.1,30.301354820515822,-0.0006028057808309395,cruise,,,
13.2,30.30129453993774,-0.0006027058871056479,cruise,,,
13.3,30.301234269349028,-0.0006025972022665194,cruise,,,
13.4,30.301174009628802,-0.0006024834792555112,cruise,,,
13.5,30.301113761280877,-0.0006023668732126897,cruise,,,
13.6,30.301053524593556,-0.0006022486218006939,cruise,,,
13.7,30.300993299731374,-0.0006021294357634321,cruise,,,
13.8,30.300933086787797,-0.0006020097232712907,cruise,,,
13.9,30.30087288581547,-0.0006018897186952366,cruise,,,
14.0,30.3008126968436,-0.0006017695566542525,cruise,,,
14.1,30.300752519887936,-0.0006016493144278545,cruise,,,
14.2,30.300692354956492,-0.0006015290363841075,cruise,,,
14.3,30.300632202052853,-0.0006014087480441521,cruise,,,
14.4,30.30057206117805,-0.0006012884640338445,cruise,,,
14.5,30.300511932331645,-0.0006011681927504675,cruise,,,
14.6,30.30045181551237,-0.0006010479390234913,cruise,,,
14.7,30.30039171071847,-0.0006009277055987194,cruise,,,
14.8,30.300331617947908,-0.0006008074940864194,cruise,,,
14.9,30.300271537198498,-0.0006006873053840955,cruise,,,
15.0,30.30021146846796,-0.0006005671400390877,cruise,,,
15.1,30.300151411753955,-0.0006004469982976435,cruise,,,
15.2,30.300091367054126,-0.0006003268803824735,cruise,,,
15.3,30.30003133436609,-0.0006002067863577487,cruise,,,
15.4,30.299971313687454,-0.0006000867162707646,cruise,,,
15.5,30.299911305015826,-0.0005999666701521633,cruise,,,
15.6,30.29985130834881,-0.0005998466480343634,cruise,,,
15.7,30.299791323684005,-0.0005997266499038201,cruise,,,
15.8,30.299731351019016,-0.0005996066757949503,cruise,,,
15.9,30.29967139035144,-0.0005994867256686742,cruise,,,
16.0,30.29961144167887,-0.0005993667995154439,cruise,,,
16.1,30.29955150499892,-0.0005992468973834431,cruise,,,
16.2,30.299491580309184,-0.0005991270192229337,cruise,,,
16.3,30.299431667607262,-0.0005990071650383566,cruise,,,
16.4,30.299371766890758,-0.0005988873348248269,cruise,,,
16.5,30.299311878157276,-0.0005987675285958893,cruise,,,
16.6,30.299252001404415,-0.000598647746317349,cruise,,,
16.7,30.299192136629784,-0.0005985279880227345,cruise,,,
16.8,30.299132283830982,-0.0005984082536696356,cruise,,,
16.9,30.299072443005613,-0.0005982885432656015,cruise,,,
17.0,30.299012614151287,-0.0005981688568303944,cruise,,,
17.1,30.298952797265603,-0.0005980491943136101,cruise,,,
17.2,30.298892992346172,-0.0005979295557589914,cruise,,,
17.3,30.298833199390597,-0.0005978099411290128,cruise,,,
17.4,30.298773418396483,-0.0005976903504161246,cruise,,,
17.5,30.298713649361442,-0.0005975707836496369,cruise,,,
17.6,30.298653892283077,-0.0005974512407849186,cruise,,,
17.7,30.298594147158997,-0.0005973317218286311,cruise,,,
17.8,30.298534413986815,-0.0005972122267987601,cruise,,,
17.9,30.298474692764135,-0.0005970927556651073,cruise,,,
18.0,30.29841498348857,-0.0005969733084452145,cruise,,,
18.1,30.298355286157726,-0.0005968538851035543,cruise,,,
18.2,30.298295600769215,-0.0005967344856530055,cruise,,,
18.3,30.29823592732065,-0.0005966151100960104,cruise,,,
18.4,30.29817626580964,-0.000596495758411697,cruise,,,
18.5,30.2981166162338,-0.0005963764306016195,cruise,,,
18.6,30.29805697859074,-0.0005962571266828753,cruise,,,
18.7,30.29799735287807,-0.0005961378466026179,cruise,,,
18.8,30.29793773909341,-0.0005960185904014814,cruise,,,
18.9,30.29787813723437,-0.0005958993580608141,cruise,,,
19.0,30.297818547298565,-0.0005957801495666271,cruise,,,
19.1,30.29775896928361,-0.0005956609649238054,cruise,,,
19.2,30.297699403187117,-0.0005955418041105887,cruise,,,
19.3,30.297639849006707,-0.0005954226671485152,cruise,,,
19.4,30.29758030673999,-0.0005953035540067209,cruise,,,
19.5,30.29752077638459,-0.000595184464702081,cruise,,,
19.6,30.29746125793812,-0.0005950653992210508,cruise,,,
19.7,30.297401751398198,-0.0005949463575503078,cruise,,,
19.8,30.29734225676244,-0.000594827339696069,cruise,,,
19.9,30.29728277402847,-0.0005947083456590008,cruise,,,
20.0,30.297223303193906,-0.0005945893754364384,cruise,,,
20.1,30.297163844256364,-0.0005944704290026248,cruise,,,
20.2,30.297104397213463,-0.0005943515063542293,cruise,,,
20.3,30.297044962062827,-0.0005942326075030202,cruise,,,
20.4,30.296985538802076,-0.0005941137324338985,cruise,,,
20.5,30.296926127428833,-0.0005939948811541917,cruise,,,
20.6,30.296866727940717,-0.0005938760536436938,cruise,,,
20.7,30.296807340335352,-0.0005937572499052912,cruise,,,
20.8,30.29674796461036,-0.0005936384699349873,cruise,,,
20.9,30.296688600763368,-0.0005935197137270087,cruise,,,
21.0,30.296629248791994,-0.0005934009812735841,cruise,,,
21.1,30.29656990869387,-0.0005932822725853715,cruise,,,
21.2,30.29651058046661,-0.0005931635876239572,cruise,,,
21.3,30.296451264107848,-0.0005930449264208715,cruise,,,
21.4,30.296391959615207,-0.0005929262889510234,cruise,,,
21.5,30.296332666986313,-0.0005928076752155231,cruise,,,
21.6,30.29627338621879,-0.0005926890851886135,cruise,,,
21.7,30.29621411731027,-0.0005925705189091524,cruise,,,
21.8,30.29615486025838,-0.0005924519763396141,cruise,,,
21.9,30.296095615060747,-0.0005923334574928774,cruise,,,
22.0,30.296036381715,-0.0005922149623511785,cruise,,,
22.1,30.29597716021876,-0.0005920964908978643,cruise,,,
22.2,30.29591795056967,-0.0005919780431569155,cruise,,,
22.3,30.295858752765355,-0.0005918596191210046,cruise,,,
22.4,30.295799566803442,-0.0005917412187630422,cruise,,,
22.5,30.295740392681566,-0.0005916228420999037,cruise,,,
22.6,30.295681230397356,-0.000591504489116712,cruise,,,
22.7,30.295622079948444,-0.0005913861598012549,cruise,,,
22.8,30.295562941332463,-0.0005912678541588612,cruise,,,
22.9,30.295503814547047,-0.0005911495721897531,cruise,,,
23.0,30.29544469958983,-0.00059103131389171,cruise,,,
23.1,30.29538559645844,-0.000590913079238975,cruise,,,
23.2,30.295326505150516,-0.000590794868227329,cruise,,,
23.3,30.295267425663692,-0.0005906766808689845,cruise,,,
23.4,30.295208357995605,-0.0005905585171701588,cruise,,,
23.5,30.295149302143887,-0.0005904403770915501,cruise,,,
23.6,30.29509025810618,-0.0005903222606629122,cruise,,,
23.7,30.295031225880113,-0.0005902041678580439,cruise,,,
23.8,30.294972205463328,-0.0005900860986773893,cruise,,,
23.9,30.29491319685346,-0.0005899680531147311,cruise,,,
24.0,30.29485420004815,-0.0005898500311620758,cruise,,,
24.1,30.294795215045035,-0.0005897320328298594,cruise,,,
24.2,30.29473624184175,-0.0005896140580805564,cruise,,,
24.3,30.29467728043594,-0.000589496106944809,cruise,,,
24.4,30.294618330825248,-0.0005893781794197306,cruise,,,
24.5,30.294559393007304,-0.000589260275459802,cruise,,,
24.6,30.29450046697976,-0.0005891423951103203,cruise,,,
24.7,30.29444155274025,-0.0005890245383362025,cruise,,,
24.8,30.294382650286416,-0.0005889067051312313,cruise,,,
24.9,30.294323759615903,-0.0005887888955051768,cruise,,,
25.0,30.294264880726352,-0.0005886711094407193,cruise,,,
25.1,30.29420601361541,-0.0005885533469422999,cruise,,,
25.2,30.294147158280715,-0.0005884356080092523,cruise,,,
25.3,30.294088314719914,-0.0005883178926169297,cruise,,,
25.4,30.294029482930654,-0.0005882002007842058,cruise,,,
25.5,30.293970662910574,-0.000588082532478662,cruise,,,
25.6,30.293911854657328,-0.0005879648877353816,cruise,,,
25.7,30.293853058168555,-0.0005878472665135082,cruise,,,
25.8,30.293794273441904,-0.0005877296688230338,cruise,,,
25.9,30.293735500475023,-0.0005876120946637364,cruise,,,
26.0,30.293676739265557,-0.0005874945440125234,cruise,,,
26.1,30.293617989811157,-0.000587377016890045,cruise,,,
26.2,30.293559252109468,-0.0005872595132645486,cruise,,,
26.3,30.29350052615814,-0.0005871420331515775,cruise,,,
26.4,30.293441811954825,-0.0005870245765362547,cruise,,,
26.5,30.29338310949717,-0.0005869071434259077,cruise,,,
26.6,30.293324418782827,-0.0005867897338012185,cruise,,,
26.7,30.293265739809446,-0.0005866723476644076,cruise,,,
26.8,30.293207072574678,-0.0005865549850125884,cruise,,,
26.9,30.293148417076175,-0.0005864376458406539,cruise,,,
27.0,30.29308977331159,-0.0005863203301403885,cruise,,,
27.1,30.293031141278576,-0.0005862030379231165,cruise,,,
27.2,30.292972520974782,-0.0005860857691515342,cruise,,,
27.3,30.292913912397868,-0.0005859685238569501,cruise,,,
27.4,30.29285531554548,-0.0005858513019934009,cruise,,,
27.5,30.292796730415283,-0.0005857341036092922,cruise,,,
27.6,30.292738157004923,-0.0005856169286508894,cruise,,,
27.7,30.29267959531206,-0.0005854997771397308,cruise,,,
27.8,30.292621045334347,-0.0005853826490638259,cruise,,,
27.9,30.29256250706944,-0.0005852655444116284,cruise,,,
28.0,30.292503980515,-0.0005851484631913539,cruise,,,
28.1,30.29244546566868,-0.0005850314053832406,cruise,,,
28.2,30.29238696252814,-0.0005849143709908411,cruise,,,
28.3,30.292328471091043,-0.000584797360032363,cruise,,,
28.4,30.292269991355038,-0.0005846803724569583,cruise,,,
28.5,30.292211523317793,-0.0005845634083065931,cruise,,,
28.6,30.29215306697696,-0.000584446467542854,cruise,,,
28.7,30.292094622330207,-0.0005843295501788415,cruise,,,
28.8,30.29203618937519,-0.0005842126561965699,cruise,,,
28.9,30.291977768109568,-0.0005840957856002582,cruise,,,
29.0,30.291919358531008,-0.0005839789383890182,cruise,,,
29.1,30.29186096063717,-0.0005838621145586309,cruise,,,
29.2,30.291802574425713,-0.000583745314082007,cruise,,,
29.3,30.291744199894303,-0.0005836285369757999,cruise,,,
29.4,30.291685837040607,-0.0005835117832466707,cruise,,,
29.5,30.291627485862282,-0.0005833950528570941,cruise,,,
29.6,30.291569146356995,-0.0005832783458161739,cruise,,,
29.7,30.291510818522415,-0.0005831616621454483,cruise,,,
29.8,30.2914525023562,-0.0005830450017962896,cruise,,,
29.9,30.29139419785602,-0.0005829283647926786,cruise,,,
30.0,30.291335905019544,-5.03887582486927,follow,-3.337003857529318,52.1,10.586556375243626
30.1,29.787448322532615,-1.3319413282847727,follow,-3.0699173160521838,51.61125516774674,10.559959259273029
30.2,29.654254189704137,-1.9568447147112478,follow,-3.2865515357798785,51.19482974877633,12.293877226647785
30.3,29.45856971823301,-1.8309547099124353,follow,-3.32488180039649,50.86297277695303,15.326775416981528
30.4,29.275474247241768,-2.0839386328381284,follow,-3.495786018633801,50.417425352228854,11.31583812507514
30.5,29.067080383957954,-2.1172893124269563,follow,-3.607903262103868,49.99271731383306,11.771078669164174
30.6,28.855351452715258,-1.9656631416732266,follow,-3.5578450105113504,49.72518216856154,18.58641118649837
30.7,28.658785138547934,-2.070973697702613,follow,-3.570874053115162,49.41730365470674,16.05091015802866
30.8,28.451687768777674,-2.1986327061857374,follow,-3.6403967753375355,49.037134877828976,12.898780189304045
30.9,28.2318244981591,-2.093619142987696,follow,-3.5927843192255864,48.75495242801306,17.27781173486154
31.0,28.022462583860328,-2.212196556568088,follow,-3.615987706163459,48.41770616962703,14.356780828745364
31.1,27.801242928203518,-2.199928208787904,follow,-3.5992825154985937,48.10258187680668,15.264637786661947
31.2,27.581250107324728,-2.1169312515233223,follow,-3.5094182949128765,47.86245686607421,19.932308059071183
31.3,27.369556982172394,-2.3361378308961647,follow,-3.571834305401616,47.482501167856974,12.49685197264995
31.4,27.135943199082778,-2.297622367824968,follow,-3.5640079506754745,47.139906847948694,13.759687218564919
31.5,26.90618096230028,-2.1719306610528406,follow,-3.45198269173175,46.90728875171867,20.16493536484524
31.6,26.688987896194995,-2.196330624510862,follow,-3.3710918821933262,46.66238996209917,19.05374462429918
31.7,26.469354833743907,-1.9990960463148308,follow,-3.164577771891082,46.53945447872478,37.856811720495976
31.8,26.269445229112424,-2.078826909441657,follow,-3.059657887855103,46.344509955813535,23.773178781182807
31.9,26.061562538168257,-2.063845020631055,follow,-2.9599901052556774,46.132353701996706,21.744517482773382
32.0,25.85517803610515,-1.6886836905619882,follow,-2.6259311557715392,46.15683589838619,inf
32.1,25.686309667048953,-1.7958178554159363,follow,-2.4582595688921316,46.071204931681294,53.80203763254661
32.2,25.50672788150736,-1.6502852038401779,follow,-2.2345596787304842,46.025532143530555,100.77232857260766
32.3,25.341699361123343,-1.7357076956489548,follow,-2.128186834266792,45.88436220741822,32.50292765657007
32.4,25.168128591558446,-1.5575220327161552,follow,-1.9256435390752955,45.826549348262375,79.2670523779648
32.5,25.01237638828683,-1.416331857519499,follow,-1.68525287299655,45.833311709433694,inf
32.6,24.870743202534882,-1.463118110182819,follow,-1.5458774146221188,45.760237389180205,62.62150264339388
32.7,24.7244313915166,-1.2026652308660633,follow,-1.270852837246352,45.815794250028546,inf
32.8,24.604164868429994,-1.2261735569560612,follow,-1.0958695394594429,45.81037776318555,845.758128673286
32.9,24.481547512734387,-1.0893209139099147,follow,-0.882098257189476,45.84022301191211,inf
33.0,24.372615421343397,-1.0383969203740295,follow,-0.7009616622373258,45.85796146977777,inf
33.1,24.268775729305993,-0.6710413646090398,follow,-0.3330796971118204,46.07008389684717,inf
33.2,24.201671592845088,-0.7712256681413145,follow,-0.15359065170496677,46.148916737562665,inf
33.3,24.124549026030955,-0.7646649091618761,follow,-0.029361704086859675,46.15746183495957,inf
33.4,24.048082535114766,-0.47863133469802566,follow,0.24252977877593906,46.31465358144809,inf
33.5,24.000219401644962,-0.6276406521123525,follow,0.322302538816146,46.32263164128359,inf
33.6,23.937455336433725,-0.3774255348624277,follow,0.5387031029896363,46.44488610764022,inf
33.7,23.899712782947482,-0.5587788145847509,follow,0.5583456549242527,46.40791482934547,125.52423656916913
33.8,23.843834901489007,-0.4226935785915269,follow,0.6577789869630593,46.42353133919657,inf
33.9,23.801565543629856,-0.21619542229782118,follow,0.8560264693888087,46.55837478483359,inf
34.0,23.779946001400074,-0.08963622309063846,follow,1.0654611825934737,46.73538018469358,inf
34.1,23.77098237909101,-0.06290205918208791,follow,1.2148083781479642,46.87128194678448,inf
34.2,23.7646921731728,-0.012912372699445451,follow,1.3387744697079995,46.9858127294672,inf
34.3,23.763400935902855,0.03143039153269489,follow,1.4413712320226324,47.086472635876916,inf
34.4,23.766543975056123,-0.04522978237734154,follow,1.449002275787116,47.0988182383713,inf
34.5,23.76202099681839,0.07726857180494451,follow,1.5255846434618832,47.168616138689465,inf
34.6,23.769747853998883,0.1313587930971365,follow,1.6020195722912476,47.256641353289574,inf
34.7,23.782883733308598,0.3442658496245813,follow,1.783027379995815,47.45735297995871,inf
34.8,23.817310318271055,0.3209582427210811,follow,1.8756564707250263,47.60162194813161,inf
34.9,23.849406142543163,0.14880834719877378,follow,1.8105721200625453,47.58468133387729,280.8911212989403
35.0,23.864286977263042,0.4060259948546481,follow,1.9258221702564313,47.72225263615099,inf
35.1,23.904889576748506,0.33964095243971826,follow,1.9454293133533795,47.80276367847614,inf
35.2,23.938853671992476,0.34578252227784945,follow,1.949597803288178,47.85787831127689,inf
35.3,23.97343192422026,0.5072620485227392,follow,2.0463872325244736,48.00653511885486,inf
35.4,24.024158129072536,0.5796637601313298,follow,2.1448821123388058,48.18111930594761,inf
35.5,24.08212450508567,0.6156230595027108,follow,2.2197200978105442,48.34290685543905,inf
35.6,24.14368681103594,0.45771694356528114,follow,2.15000795778154,48.365538174335455,inf
35.7,24.18945850539247,0.5329180411403025,follow,2.139404565707501,48.42359232379621,inf
35.8,24.2427503095065,0.5963042458176612,follow,2.160191828585809,48.52431729284556,inf
35.9,24.302380734088267,0.6776264987001819,follow,2.2135081183043326,48.66707921943673,inf
36.0,24.370143383958286,0.5337112372314081,follow,2.138849805103476,48.6940648810409,inf
36.1,24.42351450768143,0.5747817625904792,follow,2.1024416687506147,48.737713430272755,inf
36.2,24.480992683940475,0.455066351129095,follow,1.9851251359679978,48.70661416187871,156.61659156972854
36.3,24.526499319053386,0.42476020956359073,follow,1.874215251393295,48.663964229973374,114.10091893694717
36.4,24.568975340009747,0.6153987828445974,follow,1.914603685957779,48.7680666959724,inf
36.5,24.630515218294207,0.6645807628629616,follow,1.9612423467016669,48.90701517414298,inf
36.6,24.696973294580502,0.5252340153159718,follow,1.886857902814171,48.932317844684924,inf
36.7,24.7494966961121,0.6505975326496147,follow,1.9081231309055653,49.032368175073714,inf
36.8,24.81455644937706,0.5698251708661971,follow,1.8560778560704136,49.077912530136004,inf
36.9,24.87153896646368,0.45828343912483016,follow,1.7354501837941072,49.04275863348963,139.50874102759332
37.0,24.917367310376164,0.5457119504105061,follow,1.7019709368877685,49.078021902452015,inf
37.1,24.971938505417214,0.650494435599752,follow,1.7379202937844767,49.1958280519103,inf
37.2,25.03698794897719,0.47447211168199255,follow,1.6336473335467971,49.18912925701258,734.2981835995959
37.3,25.084435160145386,0.651533902777222,follow,1.671033000779964,49.29768574099804,inf
37.4,25.149588550423108,0.1647382654589155,follow,1.362344060321064,49.08672688595573,23.26838893589495
37.5,25.166062376969,0.518282010472264,follow,1.3830270828053273,49.13212064825883,inf
37.6,25.217890578016224,0.3717069061636421,follow,1.2904957234328691,49.117331590457205,332.11941050814625
37.7,25.255061268632588,0.3212173569608401,follow,1.187233560645062,49.06982546359394,103.29157248461073
37.8,25.28718300432867,0.33080149034983797,follow,1.1173326566680686,49.04810716316108,225.837686124531
37.9,25.320263153363655,0.06359944717136168,follow,0.8866861177792273,48.86708084782471,26.994462521664154
38.0,25.32662309808079,0.2152274846434783,follow,0.8284838908954413,48.81841853801663,100.32080008234952
38.1,25.34814584654514,0.22116550233615584,follow,0.7883851835444062,48.81060395336212,624.6090625580052
38.2,25.370262396778756,0.33075445332990827,follow,0.8291841185161104,48.884577713684244,inf
38.3,25.403337842111746,0.1035374617052664,follow,0.700237166305449,48.80524392947307,61.51886540488326
38.4,25.413691588282273,0.06145812067212841,follow,0.5823373882214398,48.70287477064485,47.57573015947801
38.5,25.419837400349486,0.05048556085333464,follow,0.49313493008566667,48.6228910306099,60.790969526261655
38.6,25.42488595643482,0.17321660933503075,follow,0.5120735003141874,48.64940243496642,inf
38.7,25.442207617368325,0.09114186187264756,follow,0.46687024717709846,48.630181673229586,253.0086077704202
38.8,25.45132180355559,-0.008179406569542733,follow,0.36806678754064137,48.54504949287403,57.023148344284344
38.9,25.450503862898636,0.0855112732326396,follow,0.36224331223621675,48.53799910658417,688.4445349663648
39.0,25.4590549902219,0.01684157474871452,follow,0.3105111222291228,48.499093607561974,124.6587110472484
39.1,25.460739147696774,0.1085226479952954,follow,0.3349109712471332,48.526019692792296,inf
39.2,25.471591412496302,-0.08834877436810284,follow,0.21847343279821985,48.42586055154267,48.348917480082136
39.3,25.46275653505949,-0.05734174099081353,follow,0.16045009544748723,48.35458489803672,67.84165773239916
39.4,25.45702236096041,-0.09752637485621722,follow,0.09434912050006261,48.279882661940675,64.62976904716714
39.5,25.447269723474786,-0.24202991304354293,follow,-0.04574889561897777,48.1251556895932,31.103274987838528
39.6,25.423066732170433,-0.07823268713406438,follow,-0.02975108187948905,48.10484901637616,236.89182616087837
39.7,25.415243463457028,-0.10931007103849434,follow,-0.03954052515508266,48.08332467003046,223.390405904846
39.8,25.40431245635318,-0.13620848283356335,follow,-0.06357526013462689,48.04289342439514,118.8261520748901
39.9,25.390691608069822,-0.16813271191210458,follow,-0.10021314851657337,47.98582426358816,84.08363393652226
40.0,25.37387833687861,-0.310930524635901,follow,-0.21838107541761786,47.842436429900296,33.365757191121126
40.1,25.342785284415022,-0.22460122260567994,follow,-0.23802002516374188,47.776157901458795,72.08391469286506
40.2,25.320325162154454,-0.24409939567632155,follow,-0.2623623579883301,47.71812538524335,82.22653177416942
40.3,25.29591522258682,-0.3023753719215447,follow,-0.31533897089556717,47.62853386298467,53.16187588091688
40.4,25.265677685394667,-0.24230145747762566,follow,-0.30855043364680057,47.5899660944452,123.39310231481463
40.5,25.241447539646906,-0.1884527974308543,follow,-0.266349968989843,47.59582134048051,inf
40.6,25.22260225990382,-0.011335144405098307,follow,-0.1193422753655966,47.71456111449013,inf
40.7,25.22146874546331,-0.17078063114020425,follow,-0.12678887825116192,47.7054142399438,521.548797879595
40.8,25.20439068234929,-0.12809309711864425,follow,-0.10261085181506502,47.70397517170887,3314.9210033166
40.9,25.191581372637422,-0.16227293284377287,follow,-0.10855502451101273,47.678817034445125,189.51648341294245
41.0,25.175354079353045,-0.36457795708612767,follow,-0.24574949251974942,47.51728162650982,29.41601611303734
41.1,25.13889628364443,-0.17125741555288346,follow,-0.20695242732126928,47.50139199814538,298.94589671109793
41.2,25.12177054208914,-0.1841715522573087,follow,-0.188440869197251,47.49421494393646,661.7508181134763
41.3,25.10335338686341,0.10089097609659807,follow,0.013849524954999026,47.66887960525012,inf
41.4,25.113442484473072,-0.16238254404741173,follow,-0.026628369906795513,47.643535356802815,187.98559150750717
41.5,25.097204230068332,-0.06533912539826092,follow,0.011008588693485422,47.656814933795985,inf
41.6,25.090670317528506,-0.10628790415570076,follow,0.008742425750376981,47.644747902043136,394.83403108463324
41.7,25.080041527112936,-0.22482637725787524,follow,-0.07131854133756121,47.54874374933184,49.527798961282244
41.8,25.05755888938715,0.026613186568132538,follow,0.042649526312402486,47.628987860393124,inf
41.9,25.06022020804396,-0.01748952399103286,follow,0.08863552752278281,47.67896583958873,inf
42.0,25.058471255644857,0.021633047655414073,follow,0.1444118305569546,47.73211871402424,inf
42.1,25.0606345604104,-0.14943484098911708,follow,0.06710341736759773,47.6580552579832,64.347598404772
42.2,25.04569107631149,0.1140422453349127,follow,0.18994953588481422,47.75848615035205,inf
42.3,25.05709530084498,-0.1999063368194104,follow,0.062133669000076,47.64777662026755,43.03855014459979
42.4,25.03710466716304,0.03464684730331166,follow,0.1324091528066873,47.68806615355125,inf
42.5,25.04056935189337,0.19936197197466443,follow,0.287155190521851,47.84800921836191,inf
42.6,25.060505549090838,-0.11854433840026245,follow,0.17720033981656513,47.76795866345282,59.67223927142624
42.7,25.048651115250813,-0.050733510052027156,follow,0.14811687905152127,47.721093551927744,101.82648029416974
42.8,25.04357776424561,-0.004687982870763885,follow,0.15836912913476908,47.72373577550319,inf
42.9,25.043108965958535,-0.07618416740216616,follow,0.11676142996953587,47.681424878907336,112.6930146017759
43.0,25.035490549218316,-0.1966722129526198,follow,0.008640000158024463,47.5618758239855,39.78440135313852
43.1,25.015823327923055,-0.03875744942213763,follow,0.041558499308614216,47.565293491193195,inf
43.2,25.01194758298084,-0.18508588631563688,follow,-0.03382264157615111,47.48409873289511,58.48172927440747
43.3,24.993438994349276,-0.012770306742871107,follow,0.03059634193627403,47.52075483346019,inf
43.4,24.992161963674988,-0.17699730887359838,follow,-0.03570430841979544,47.45253863709269,69.56198258468288
43.5,24.97446223278763,0.10805239170720443,follow,0.10939906463247695,47.57109241381392,inf
43.6,24.985267471958352,-0.14729624568614197,follow,0.03566445868055723,47.513565666618085,82.59386803997494
43.7,24.97053784738974,-0.07163361045536275,follow,0.03670511079450023,47.49251188187911,225.57707543177867
43.8,24.963374486344204,0.0415582538688061,follow,0.11211270372838555,47.55717443324469,inf
43.9,24.967530311731085,-0.17615823360047647,follow,0.017125934474954363,47.468421402071584,53.48371855546726
44.0,24.94991448837104,-0.007867452835815358,follow,0.0655582206779215,47.49042995323448,inf
44.1,24.94912774308746,0.1017995320291032,follow,0.16982556429454831,47.59351717892574,inf
44.2,24.95930769629037,-0.2003926120890191,follow,0.03762486486114369,47.4765864092967,40.60230387597395
44.3,24.93926843508147,0.00788372893386155,follow,0.08775691316635204,47.496659565788555,inf
44.4,24.940056807974855,-0.005414992847409775,follow,0.11156867302878481,47.52165388499107,inf
44.5,24.939515308690115,0.07133861828817212,follow,0.17742939108688205,47.58670235412205,inf
44.6,24.94664917051893,-0.14128002764969527,follow,0.0790636812917569,47.49903743707016,54.18249287677211
44.7,24.93252116775396,-0.14942445110984193,follow,0.008003568663816907,47.40678532029476,51.38829002234705
44.8,24.917578722642975,0.02689594826202353,follow,0.07765936406599394,47.45402744803046,inf
44.9,24.920268317469176,-0.00281570171868388,follow,0.10359814007977519,47.48400061628354,inf
45.0,24.91998674729731,0.013691261265723828,follow,0.13102182060784884,47.51100194155381,inf
45.1,24.92135587342388,0.035611991380030905,follow,0.16283254407559866,47.54486635421142,inf
45.2,24.924917072561882,-0.06830900065137668,follow,0.11399903811241074,47.501374646955234,109.21938374860255
45.3,24.918086172496746,0.03517547229346228,follow,0.14943677096044183,47.52656602970556,inf
45.4,24.921603719726093,0.0383227010019256,follow,0.1740000781438127,47.55640565773295,inf
45.5,24.925435989826287,-0.0634615316407207,follow,0.12170807401088979,47.50986205875032,102.07603859014502
45.6,24.919089836662216,0.22803902481293534,follow,0.2793183200907734,47.6579530750841,inf
45.7,24.94189373914351,0.08470516820316633,follow,0.28692309245448655,47.69976370116975,inf
45.8,24.950364255963827,-0.06611109648456043,follow,0.19018089162762664,47.61572727557337,56.66081932645045
45.9,24.94375314631537,0.12999035151871227,follow,0.25472224146877664,47.67035196094183,inf
46.0,24.95675218146724,-0.06514616992829537,follow,0.16654847059424327,47.60167674279511,69.31419808684763
46.1,24.95023756447441,0.1360528209053082,follow,0.24029663963604975,47.665652986347666,inf
46.2,24.96384284656494,0.17072138449350568,follow,0.31050443184376064,47.75626870169117,inf
46.3,24.98091498501429,-0.025787919720703267,follow,0.22480472566830656,47.69617720318974,79.37258745853269
46.4,24.97833619304222,0.17999203237879827,follow,0.30283929432219026,47.77034358388552,inf
46.5,24.996335396280102,0.11158101649603971,follow,0.30720694983735797,47.80171004425751,inf
46.6,25.007493497929705,0.17750081205550686,follow,0.35172044756998133,47.86296069446454,inf
46.7,25.025243579135257,0.3069088044185915,follow,0.46457096784813245,48.002436336551014,inf
46.8,25.055934459577117,0.0935630462219541,follow,0.3949412012276241,47.9788428905933,203.3566566604536
46.9,25.06529076419931,0.050021289491375354,follow,0.31737766787440336,47.915313814173366,75.4226513501474
47.0,25.070292893148448,0.00764455058812602,follow,0.23584518513585095,47.84128452485852,64.62480589458394
47.1,25.071057348207262,-0.013035665109473113,follow,0.1665927677269039,47.7731787900378,70.14560362029796
47.2,25.069753781696313,0.0412424370878975,follow,0.15557273932369498,47.76020341186817,368.0833251060891
47.3,25.073878025405104,0.07258119904776941,follow,0.1679985712200036,47.77881560932766,inf
47.4,25.08113614530988,0.06485415333754738,follow,0.16999777683184902,47.79170199479667,inf
47.5,25.087621560643637,0.13025460410586903,follow,0.21350749776684808,47.8449398387323,inf
47.6,25.100647021054225,0.04568959013937175,follow,0.18490460504554562,47.83587513662688,527.715909252132
47.7,25.105215980068163,0.2144952237542686,follow,0.27652956851782307,47.934353538620066,inf
47.8,25.12666550244359,0.027725896917842136,follow,0.21168873471032157,47.90168698837571,146.6383399228013
47.9,25.129438092135373,0.37689855050811705,follow,0.39858604095910977,48.09274317916217,inf
48.0,25.167127947186184,0.1543532629537235,follow,0.3723384636642777,48.12303038444355,inf
48.1,25.182563273481556,0.025156156530460494,follow,0.2669291468730606,48.0407740570954,58.403743038221826
48.2,25.1850788891346,-0.021210016923059308,follow,0.16464783448003573,47.94226616818194,48.66845355938905
48.3,25.182957887442296,0.11425520164405151,follow,0.1855335482742646,47.959970379437706,inf
48.4,25.1943834076067,0.0143241256115713,follow,0.13195692726698383,47.92353203867704,131.5195232226473
48.5,25.19581582016786,0.11794771259515871,follow,0.16422672640846514,47.95795045666025,inf
48.6,25.207610591427375,0.0821058245094102,follow,0.16077351037644405,47.97218939751751,inf
48.7,25.215821173878318,0.028430809138183993,follow,0.12187551931219787,47.94560728012968,180.36790140004828
48.8,25.218664254792138,-0.06755032534784702,follow,0.03174447246226464,47.85974085465047,55.73743239869247
48.9,25.211909222257354,-0.165939977642861,follow,-0.09331390096129155,47.724549932424736,35.301593588315434
49.0,25.19531522449307,-0.08355193719126688,follow,-0.12095442676417179,47.67201840997543,90.74935617177151
49.1,25.186960030773943,0.03021259347092618,follow,-0.06311763926287739,47.717322406898035,inf
49.2,25.189981290121036,-0.03962569765244345,follow,-0.07064765729562339,47.71432427788593,1591.470016308869
49.3,25.18601872035579,-0.1923457624480971,follow,-0.17630567468333425,47.60272240585035,42.65405367991899
49.4,25.16678414411098,-0.05043889237348771,follow,-0.15113222472722043,47.59904399143925,1294.0098279255265
49.5,25.16174025487363,-0.04633203394019034,follow,-0.13074041635855593,47.61186996595189,inf
49.6,25.157107051479613,-0.18092020555841515,follow,-0.20550131641549285,47.53015926080393,58.16882766430243
49.7,25.139015030923773,-0.07010716177614269,follow,-0.18026478867410844,47.52825775771155,2499.5098850086188
49.8,25.13200431474616,-0.09515971678864722,follow,-0.17894914588230648,47.51905732623693,516.4872697258006
49.9,25.122488343067293,-0.22506691498980402,follow,-0.2629240226707381,47.4208084919302,48.26602659109848
50.0,25.099981651568314,-0.06707085156970158,follow,-0.21216215057909693,47.43781032677337,inf
50.1,25.093274566411342,-0.0554272568147116,follow,-0.16942897948477764,47.47048287013224,inf
50.2,25.08773184072987,0.021762048014446915,follow,-0.0888880750355554,47.54270968605925,inf
50.3,25.089908045531313,0.041117044064375406,follow,-0.022143186790849256,47.61271888150612,inf
50.4,25.09401974993775,-0.204889268769414,follow,-0.14071271839427624,47.500316906512346,42.25932587852031
50.5,25.07353082306081,-0.15812259925585329,follow,-0.18733241038495407,47.42296382420626,61.30714175882063
50.6,25.057718563135225,-0.027386965670988056,follow,-0.13038587681009517,47.45619196789274,inf
50.7,25.054979866568125,-0.028846170141257718,follow,-0.09277581861626061,47.48969398123593,inf
50.8,25.052095249554,-0.009826711666914595,follow,-0.054658418050472335,47.52348445628053,inf
50.9,25.051112578387308,0.38240705444286105,follow,0.23070433086083142,47.807373198441795,inf
51.0,25.089353283831592,0.064173805150297,follow,0.20740794431124954,47.841437870058634,inf
51.1,25.09577066434662,0.1888975339601,follow,0.2732048071040367,47.91686080362397,inf
51.2,25.11466041774263,0.1744537047172576,follow,0.3054041352357615,47.97739476184971,inf
51.3,25.132105788214357,0.15983667979906593,follow,0.3150255007067386,48.01318418302827,inf
51.4,25.148089456194263,0.058561053475332595,follow,0.2522410531174515,47.97437523740884,123.61679626100127
51.5,25.153945561541796,0.1734280531908165,follow,0.28506233894196953,48.01598068125466,inf
51.6,25.17128836686088,-0.009268606688004208,follow,0.18391929427725273,47.94085184456857,63.81151893098093
51.7,25.170361506192076,0.04290838289932297,follow,0.15027343466125131,47.905815693949364,136.73253153468949
51.8,25.17465234448201,-0.01239427588154881,follow,0.0903719427781482,47.85235045950116,89.50180608646227
51.9,25.173412916893856,0.034092888465528486,follow,0.08088979247099104,47.84100916781178,421.83033888975854
52.0,25.176822205740407,0.27270174439316097,follow,0.23209363862712706,47.99732694723774,inf
52.1,25.204092380179723,-0.18016605988888293,follow,0.030779138950187246,47.83691770921977,29.82179723580517
52.2,25.186075774190837,0.11117640183957307,follow,0.09019647051443513,47.86931013180069,inf
52.3,25.197193414374794,-0.18500662560679507,follow,-0.06719933119898513,47.72859079036321,33.91757686100929
52.4,25.178692751814115,-0.06621142202936439,follow,-0.09231761253938231,47.67572151518179,90.1766126953527
52.5,25.17207160961118,0.07081775722399748,follow,-0.01759306019609852,47.74051435422067,inf
52.6,25.17915338533358,-0.03962510891786393,follow,-0.04113106231306318,47.72759901568731,369.54198987827726
52.7,25.175190874441796,-0.1562871522948471,follow,-0.13370638341956465,47.62907992824313,48.345027510764936
52.8,25.15956215921231,-0.13528374106881136,follow,-0.1802195264965647,47.5591237123219,67.98412848098067
52.9,25.14603378510543,-0.004972127455614261,follow,-0.12353034384678807,47.59552033381136,inf
53.0,25.14553657235987,-0.16679644910149888,follow,-0.19233818196443053,47.52596667657537,68.32993197658261
53.1,25.12885692744972,-0.05742999312693242,follow,-0.16420440734418662,47.5290809838304,inf
53.2,25.123113928137027,-0.0882581215260469,follow,-0.1649013011888414,47.5197695910167,510.3400806062762
53.3,25.114288115984422,-0.16046728168128083,follow,-0.212091394558378,47.459340779418255,78.53760404025853
53.4,25.098241387816294,0.14922328748322522,follow,-0.03684544108781296,47.610516640636625,inf
53.5,25.113163716564618,-0.004797916214433956,follow,-0.022545305866763954,47.647200268980164,inf
53.6,25.112683924943173,-0.2647720491379973,follow,-0.1850940109289141,47.48393187648585,29.083358481733427
53.7,25.086206720029374,-0.03598062977981939,follow,-0.13999887556115453,47.48931120448291,inf
53.8,25.08260865705139,-0.1623000484728092,follow,-0.19286264679931264,47.43105033877777,81.41150970675314
53.9,25.06637865220411,0.012012880793617467,follow,-0.1111555047488082,47.48841247355736,inf
54.0,25.067579940283473,-0.17282130478692195,follow,-0.17871543089619024,47.422654479529015,72.11694209997623
54.1,25.050297809804782,-0.08908947669479089,follow,-0.16682201615863335,47.408624698548536,337.9142180802077
54.2,25.041388862135303,-0.03134206330499502,follow,-0.1195974808679452,47.44248581233501,inf
54.3,25.038254655804803,0.019709950907698122,follow,-0.05372163695267318,47.50366034675453,inf
54.4,25.04022565089557,-0.19314148654293567,follow,-0.15070069467839176,47.40963778166497,50.42368046065008
54.5,25.02091150224128,-0.09483052590046384,follow,-0.14882062192108236,47.38254663144084,174.90046099718916
54.6,25.011428449651234,-0.13280538665786656,follow,-0.171738888001137,47.345403786475714,127.468436601807
54.7,24.99814791098545,-0.15523442393861628,follow,-0.20063287110099992,47.29658899537717,96.88987278445454
54.8,24.982624468591588,0.10875753271498995,follow,-0.04361015436937521,47.43032654851801,inf
54.9,24.993500221863087,-0.027053400221599078,follow,-0.029273806462931873,47.4609765263317,inf
55.0,24.990794881840927,-0.17761491820045883,follow,-0.11929528461378425,47.366897038147606,50.347740992660526
55.1,24.97303339002088,0.05970534418350697,follow,-0.020956385885803286,47.43859369914552,inf
55.2,24.97900392443923,0.1908940285487829,follow,0.13118742004274964,47.599693306701596,inf
55.3,24.998093327294107,0.1133825069329516,follow,0.1797439830310239,47.67688397397219,inf
55.4,25.009431577987403,-0.13262192232142417,follow,0.04779344919234063,47.56194081617345,41.37866205089997
55.5,24.99616938575526,-0.023936165834063185,follow,0.0320697989650256,47.52632387759792,133.4374198860977
55.6,24.99377576917185,0.14191958279937533,follow,0.13128264692295488,47.62194630068073,inf
55.7,25.00796772745179,-0.0693583510386046,follow,0.05619793675786866,47.56814952793555,88.42193890189893
55.8,25.001031892347928,0.07167218925976893,follow,0.09949850017886774,47.60104633870076,inf
55.9,25.008199111273907,0.09947479417085733,follow,0.14592776066250934,47.65822642757337,inf
56.0,25.018146590690993,-0.0764663647802019,follow,0.05919188246777907,47.58641176850427,66.26281094326048
56.1,25.01049995421297,0.020555570775774773,follow,0.06561184176351986,47.581361773082975,942.2060378989871
56.2,25.01255551129055,-0.35868998908793287,follow,-0.18172704498191194,47.33710622195392,19.38015574390891
56.3,24.976686512381757,-0.14467475363354387,follow,-0.20259219785689453,47.26243757071574,63.29622510517769
56.4,24.962219037018404,-0.1160517656289216,follow,-0.19611288851371,47.2472156670139,310.38966342495786
56.5,24.950613860455512,-0.2326891718710663,follow,-0.26776650971491733,47.15815428096835,52.950168838433356
56.6,24.927344943268405,0.08418179522825775,follow,-0.10359762826109886,47.28741978664151,inf
56.7,24.935763122791233,-0.2519604706688582,follow,-0.21680120982446738,47.186843474362384,46.91645816502758
56.8,24.910567075724348,-0.12018148303161594,follow,-0.2030638467965744,47.16278676678995,196.04838536105999
56.9,24.898548927421185,-0.07830926666140342,follow,-0.16489151708394445,47.18293187404783,inf
57.0,24.890718000755044,0.07918811923992501,follow,-0.034216927160237276,47.30186007397233,inf
57.1,24.898636812679037,-0.2175389076777673,follow,-0.14395882631413315,47.203996392704425,48.23443772106087
57.2,24.87688292191126,0.08999664459340423,follow,-0.01201628235359209,47.3033081005133,inf
57.3,24.885882586370602,-0.043708572733046784,follow,-0.013104037679667613,47.31571984187624,inf
57.4,24.881511729097298,-0.12670013715342165,follow,-0.06869892467943828,47.25356866896651,76.03005133563468
57.5,24.868841715381954,0.029560242642135977,follow,-0.0015780756446162059,47.30168449742831,inf
57.6,24.87179773964617,-0.0022632407941591617,follow,0.021808113994438827,47.32950472346369,inf
57.7,24.871571415566752,-0.07347600900396997,follow,-0.010009541443110948,47.29734758190702,147.08193978792593
57.8,24.864223814666357,0.0029360710439289145,follow,0.01958947844084946,47.31592520044038,inf
57.9,24.86451742177075,-0.050464204834456926,follow,0.0036973256071846095,47.300473458263305,306.1174132742211
58.0,24.859471001287304,0.011704942455891834,follow,0.03431985620361644,47.32352635813457,inf
58.1,24.860641495532892,0.07531757512976918,follow,0.09649996528194293,47.38746220858128,inf
58.2,24.868173253045867,0.1966388737274518,follow,0.21738500370789637,47.5196448832767,inf
58.3,24.88783714041861,-0.09010442776389851,follow,0.106105458606919,47.437861169234836,58.00404362285835
58.4,24.87882669764222,0.30254199346769883,follow,0.29173845300728374,47.609978499470614,inf
58.5,24.909080896988993,-0.15543059336836762,follow,0.10944906428822776,47.473070409771715,34.675139003238435
58.6,24.893537837652158,0.06262410190603014,follow,0.13240986952826717,47.4727166260065,13418.568428955858
58.7,24.899800247842762,0.1083731988552939,follow,0.17703622945808206,47.526736601222225,inf
58.8,24.91063756772829,0.08617439895236118,follow,0.19071649285695713,47.556672844449395,inf
58.9,24.919255007623526,-0.003894707031809677,follow,0.13886483225174828,47.51774734368704,122.07356723242121
59.0,24.918865536920347,0.03831905696365873,follow,0.13156248461449138,47.50986078999501,602.4159936675428
59.1,24.922697442616712,-0.0059395507903328496,follow,0.09654488180827059,47.48059104573334,162.2173074737419
59.2,24.92210348753768,-0.02328881753020609,follow,0.0612254656730542,47.44438069697957,131.02436825340567
59.3,24.91977460578466,0.12667180495883487,follow,0.13674132772410985,47.5164032364011,inf
59.4,24.932441786280542,0.0748034826334996,follow,0.15149637835224183,47.55015905777305,inf
59.5,24.93992213454389,-0.024827835343731966,follow,0.09428364250282328,47.50416684431866,103.28741166464829
59.6,24.93743935100952,0.14956789963362838,follow,0.1712638827034283,47.57742290921771,inf
59.7,24.952396140972883,0.08234135170613009,follow,0.17658908366109216,47.60518329512042,inf
59.8,24.960630276143497,0.15818655372596852,follow,0.22917485329082155,47.67012026750607,inf
59.9,24.976448931516096,0.1465894895512891,follow,0.2548019770803194,47.71947537435446,inf
60.0,24.991107880471226,-0.001969423801943357,follow,0.17170276560049302,47.658364586307336,77.98682705508205
60.1,24.99091093809103,0.025775338173297954,follow,0.1339070853616917,47.620273492498235,125.01681818629704
60.2,24.99348847190836,0.15518521591130133,follow,0.19369193744486068,47.6839246453074,inf
60.3,25.00900699349949,0.14538777578024936,follow,0.22551345570821724,47.73902394595745,inf
60.4,25.023545771077515,0.09594564942704666,follow,0.21235071223343027,47.7476693688497,inf
60.5,25.03314033602022,0.12375601968988556,follow,0.22064483121734924,47.77035533524768,inf
60.6,25.045515937989208,0.25943470392201573,follow,0.314529834464949,47.88280374144876,inf
60.7,25.07145940838141,0.06592266791513432,follow,0.24646868803850452,47.85365780061062,164.18635468438293
60.8,25.078051675172926,0.21241121398807197,follow,0.2967751203339404,47.91385263309333,inf
60.9,25.09929279657173,0.12461818064534991,follow,0.2699841585785592,47.918923353436156,inf
61.0,25.111754614636265,0.13316801926027821,follow,0.25611597001813635,47.92374789197253,inf
61.1,25.125071416562292,0.2832590272575247,follow,0.34463362547286636,48.032240750316305,inf
61.2,25.153397319288043,0.26639654317120787,follow,0.3898050394554389,48.1199010183875,inf
61.3,25.180036973605162,0.2961487795405283,follow,0.43684186061923924,48.206897321026986,inf
61.4,25.209651851559215,0.3767152488315496,follow,0.5184543585322388,48.33293213587106,inf
61.5,25.24732337644237,0.2561354608007232,follow,0.4892147335632657,48.36019979822682,inf
61.6,25.272936922522444,0.34958907593307564,follow,0.5285007221909126,48.43790610597458,inf
61.7,25.30789583011575,0.23974389848102107,follow,0.47827277778937827,48.440116522963,inf
61.8,25.331870219963854,0.318690174439961,follow,0.49412417102084305,48.49192950096662,inf
61.9,25.36373923740785,0.2607020735594698,follow,0.462946721114065,48.508555577225835,inf
62.0,25.389809444763795,0.29033874485683275,follow,0.45886046560376315,48.543574632749454,inf
62.1,25.41884331924948,0.34516653810642134,follow,0.48942532195028576,48.617690300824506,inf
62.2,25.45335997306012,0.1879583581662187,follow,0.40231434392831034,48.58235430351849,137.4868632765402
62.3,25.472155808876742,0.5261143843624452,follow,0.5659050093157063,48.774138722630816,inf
62.4,25.524767247312987,0.1727980066658436,follow,0.4365111269300357,48.72366199789952,96.52698794794784
62.5,25.542047047979572,0.16895914756608355,follow,0.3453867211322006,48.65845729310156,74.6241508858514
62.6,25.558942962736182,0.4081377862783562,follow,0.4411485527236678,48.77956299682794,inf
62.7,25.59975674136402,0.3633009636761098,follow,0.4719522106455116,48.87158732269154,inf
62.8,25.63608683773163,0.37330004709060166,follow,0.4958483823209292,48.949978638918374,inf
62.9,25.673416842440687,0.38858395536383317,follow,0.5185116910132734,49.028636954674305,inf
63.0,25.71227523797707,0.32502793675717456,follow,0.4879965739109906,49.0564094308766,inf
63.1,25.74477803165279,0.22417270914349502,follow,0.3977645802321348,49.01493162771132,118.17147458942945
63.2,25.76719530256714,0.32239073931603457,follow,0.40041914360389796,49.05121209745461,inf
63.3,25.79943437649874,0.2160742740739267,follow,0.329117095056624,49.02826865980474,213.69190357607016
63.4,25.821041803906134,0.4031393581041909,follow,0.403601773554918,49.13516447941412,inf
63.5,25.861355739716554,0.2698649160336509,follow,0.36199529586763646,49.154028905442466,inf
63.6,25.88834223131992,0.20287726626867808,follow,0.28768133533059626,49.120194682310476,145.1790232945078
63.7,25.90862995794679,0.2448932156991931,follow,0.2643867495956087,49.127331686515795,inf
63.8,25.93311927951671,0.316062344367253,follow,0.2943408392890632,49.194019758564124,inf
63.9,25.964725513953436,0.20164998946053037,follow,0.2364589362386269,49.18354720716878,469.6424524499064
64.0,25.98489051289949,0.17018429181271125,follow,0.1757223865295927,49.15305815587883,161.21543989163922
64.1,26.00190894208076,0.27840307303727296,follow,0.20600384854961362,49.208867261670754,inf
64.2,26.029749249384487,0.2717212168027393,follow,0.220268462655568,49.2648923367323,inf
64.3,26.05692137106476,0.1940493046867443,follow,0.17681814302868304,49.26220019962582,1829.8548049847107
64.4,26.076326301533435,0.19889036670083005,follow,0.15007811717233466,49.26456756947248,inf
64.5,26.096215338203518,0.2702339896024283,follow,0.1786230283468555,49.32294603565213,inf
64.6,26.12323873716376,0.07003826075470004,follow,0.06376405619011649,49.24862216193576,66.26218427455913
64.7,26.13024256323923,0.0669545803632744,follow,-0.014765939247013193,49.18059790561183,72.29861899764113
64.8,26.136938021275554,0.11402406274305266,follow,-0.03550292842905378,49.16990410348428,459.7981477213365
64.9,26.14834042754986,0.15564016786947593,follow,-0.021440580595495362,49.20107006072929,inf
65.0,26.163904444336808,0.22028134511266156,follow,0.030822949790398013,49.27667961629561,inf
65.1,26.185932578848075,0.3742365001505995,follow,0.16718749013869427,49.4460863584108,inf
65.2,26.223356228863135,0.33547247686124093,follow,0.23071639222978746,49.56575073552449,inf
65.3,26.256903476549258,0.2561137977244392,follow,0.21870517304567727,49.604060387869566,inf
65.4,26.2825148563217,0.2874225501498437,follow,0.2300366177548412,49.653808902237394,inf
65.5,26.311257111336683,0.16931044019746164,follow,0.1577975240987044,49.62468319110373,170.38101821225305
65.6,26.32818815535643,0.285082282931038,follow,0.18558214253344119,49.677864375568085,inf
65.7,26.35669638364953,0.24189119490668665,follow,0.17415016172883924,49.709194737203134,inf
65.8,26.3808855031402,0.3224526107080435,follow,0.21877793217881703,49.79010618688911,inf
65.9,26.413130764211004,0.18989435785860764,follow,0.15909696415150165,49.77879311046801,440.01110977756684
66.0,26.432120199996866,0.35732507327293406,follow,0.2294007904730222,49.877581090468325,inf
66.1,26.46785270732416,0.4805053669538787,follow,0.35601675874966787,50.05779581973591,inf
66.2,26.515903244019547,0.3186937108027157,follow,0.33035062930462544,50.10420549533395,inf
66.3,26.54777261509982,0.40869555616391606,follow,0.37076931117423584,50.19242823382397,inf
66.4,26.588642170716213,0.445720056156777,follow,0.41960076067802987,50.30256401675235,inf
66.5,26.63321417633189,0.3313536809141414,follow,0.37342133462132665,50.32324259911916,inf
66.6,26.666349544423305,0.4139769303820793,follow,0.39508332804187063,50.39460764467683,inf
66.7,26.70774723746151,0.3828701626537374,follow,0.38621206473841596,50.44783292093068,inf
66.8,26.746034253726886,0.4000822824507396,follow,0.3891781149676632,50.50822949555799,inf
66.9,26.78604248197196,0.2928669616183085,follow,0.3175615244028549,50.4966252473608,435.1563702296787
67.0,26.81532917813379,0.3820600947224027,follow,0.32709856234673396,50.55009232954742,inf
67.1,26.85353518760603,0.42915361761885307,follow,0.3624360293777684,50.64273881078682,inf
67.2,26.896450549367916,0.5559631835363763,follow,0.4674179317981526,50.81209375585003,inf
67.3,26.952046867721553,0.5211907223370333,follow,0.5108187674955431,50.938889069077874,inf
67.4,27.004165939955257,0.7024593187720133,follow,0.6562235651494603,51.162472475082346,inf
67.5,27.07441187183246,0.3736435284210319,follow,0.5304134801504148,51.1420312878991,250.19110108152802
67.6,27.111776224674564,0.5919992791083554,follow,0.5881893284198014,51.255853665431644,inf
67.7,27.1709761525854,0.4889200883647208,follow,0.5542918212950028,51.310756050173104,inf
67.8,27.21986816142187,0.748330021313159,follow,0.6999669918981084,51.529769234030915,inf
67.9,27.29470116355319,0.3896178951050684,follow,0.554247372345813,51.4962991176756,153.85754435685507
68.0,27.333662953063694,0.3977184292269075,follow,0.45943839277368426,51.459932822369225,141.50446832387698
68.1,27.373434795986384,0.3808499143129391,follow,0.38243714879101276,51.44258934277059,296.610544903625
68.2,27.411519787417678,0.15623353629157177,follow,0.18015768290230483,51.29743736402882,35.34050159611631
68.3,27.427143141046834,0.31025906874118875,follow,0.14700833835388494,51.28772304992414,527.9603119400559
68.4,27.458169047920954,0.2310912913672129,follow,0.07165257325061702,51.258906145132045,177.87790366435487
68.5,27.481278177057675,0.3271083999726037,follow,0.08486106183976716,51.30677832742628,inf
68.6,27.513989017054936,0.3382061278327681,follow,0.10039590013838762,51.37137942572079,inf
68.7,27.547809629838213,0.5373223064758383,follow,0.24188401797965042,51.56359846273697,inf
68.8,27.601541860485796,0.44694670546424653,follow,0.2741314859596997,51.67644427668839,inf
68.9,27.64623653103222,0.2926154073702813,follow,0.19146582703684345,51.660820623585174,330.6577551503058
69.0,27.675498071769248,0.24666812595698712,follow,0.1050237087543806,51.61827081640825,121.31258457124436
69.1,27.700164884364945,0.3900052532586206,follow,0.1420070014243322,51.69225432797175,inf
69.2,27.739165409690806,0.1484518638765306,follow,0.005589672466463469,51.614337787002675,66.2431072337833
69.3,27.75401059607846,0.5360851423831878,follow,0.17192083327714158,51.80293672739483,inf
69.4,27.80761911031678,0.44972941949765205,follow,0.22374615088798322,51.93517481636315,inf
69.5,27.852592052266544,0.2858064499872177,follow,0.1480275327366769,51.926915611136494,628.7156474034034
69.6,27.881172697265267,0.12746310525672638,follow,-0.007960704487935288,51.813798341409964,45.80538273835237
69.7,27.893919007790938,0.4788995719193861,follow,0.12152792894446662,51.96240644063087,inf
69.8,27.941808964982876,0.27661231102426453,follow,0.07251209665826508,51.98522554413258,inf
69.9,27.969470196085304,0.47216057622117075,follow,0.16907323039609423,52.12327852452405,inf
70.0,28.01668625370742,0.11229617996339541,follow,-0.006419481407817784,52.01860989915331,49.69837877864596
70.1,28.027915871703758,0.23693431556425448,follow,-0.040055495572701716,52.00181831198294,309.689714166662
70.2,28.051609303260182,0.2691111475058182,follow,-0.04075657323335946,52.036657381656916,inf
70.3,28.078520418010765,0.2675644014044543,follow,-0.041975287160305186,52.07580533985584,inf
70.4,28.10527685815121,0.20545321996085691,follow,-0.0836376331860933,52.07427765404072,3408.703356318991
70.5,28.125822180147296,0.3362748861314114,follow,-0.024037834194949426,52.164695436025994,inf
70.6,28.159449668760438,0.11881154710671737,follow,-0.12842403399071145,52.11075046914995,96.59983773628329
70.7,28.17133082347111,0.23708173679876499,follow,-0.11837884840382884,52.138617386802835,inf
70.8,28.195038997150984,0.24840286077313334,follow,-0.10344500863873662,52.18911348708774,inf
70.9,28.2198792832283,0.30453955118905857,follow,-0.055693366077541384,52.27412555876491,inf
71.0,28.250333238347203,0.34273244763234023,follow,0.0015923774093806742,52.37709223493019,inf
71.1,28.284606483110437,0.12408814958112041,follow,-0.10527813804650776,52.32163158661915,94.3401009183669
71.2,28.297015298068548,0.06786060776807007,follow,-0.21259289029053008,52.23293005681229,58.88616596641357
71.3,28.303801358845355,0.3941749982640749,follow,-0.06615211734027326,52.389549920927756,inf
71.4,28.34321885867176,0.2705560193741621,follow,-0.050600252947063495,52.46422803506058,inf
71.5,28.370274460609178,0.1644857705112514,follow,-0.11021110191410344,52.44520058899966,275.6292169800004
71.6,28.386723037660303,0.4610533027516415,follow,0.047443728743175484,52.62752828523363,inf
71.7,28.432828367935468,0.28508725275028923,follow,0.03500289653688071,52.68424544844008,inf
71.8,28.461337093210496,0.4580939500992251,follow,0.14110609930328621,52.83311173911903,inf
71.9,28.507146488220418,0.3285944089070976,follow,0.12467735796636248,52.88539709029699,inf
72.0,28.54000592911113,0.6115923949104505,follow,0.30038760371918727,53.11039649738588,inf
72.1,28.601165168602172,0.5961444072886642,follow,0.40453222762239704,53.30627998052566,inf
72.2,28.660779609331037,0.38959067640180906,follow,0.33403260559599346,53.32520201959255,inf
72.3,28.69973867697122,0.5639777960565151,follow,0.4006201364386044,53.45022815189543,inf
72.4,28.75613645657687,0.5146688908283853,follow,0.4094098213724422,53.543614506237745,inf
72.5,28.807603345659707,0.6293226951410309,follow,0.4884491531822164,53.699854171671774,inf
72.6,28.87053561517381,0.33402538652237856,follow,0.34199718739367313,53.64780061015439,103.06268974936734
72.7,28.903938153826047,0.5480759129098127,follow,0.38449956403271557,53.740406794771786,inf
72.8,28.958745745117028,0.5727087301243505,follow,0.42641360258453886,53.86453222026008,inf
72.9,29.016016618129463,0.21417179088766125,follow,0.21390563125294193,53.73793055844713,42.44646538514228
73.0,29.037433797218227,0.2674464045157766,follow,0.10703648289796774,53.66318717872531,71.79657566790128
73.1,29.064178437669806,0.08918836298876281,follow,-0.0824983215463817,53.513769334958326,35.814845125468324
73.2,29.07309727396868,0.27081933163142674,follow,-0.08718630339156164,53.52245960756146,inf
73.3,29.100179207131823,0.3582278115512641,follow,-0.03182712384946029,53.61844168684828,inf
73.4,29.13600198828695,0.4726754612229792,follow,0.08083850558915628,53.78484148801958,inf
73.5,29.18326953440925,0.3121535251774513,follow,0.048610232964783506,53.823514534578656,inf
73.6,29.214484886926993,0.5392479087528028,follow,0.1773387154954662,53.999066045885954,inf
73.7,29.268409677802275,0.15147330069641823,follow,0.004610561402316193,53.907225078105725,58.69627289545128
73.8,29.283557007871917,0.10971174960719532,follow,-0.13746613448933687,53.787869377318536,45.06518668364321
73.9,29.294528182832636,0.2686703172601991,follow,-0.12537571521367852,53.816416559035275,inf
74.0,29.321395214558656,0.2984516365746118,follow,-0.09681578425857396,53.88527703757941,inf
74.1,29.35124037821612,0.24945695498213188,follow,-0.10970756756638167,53.917152999757796,inf
74.2,29.376186073714333,-0.019664434820039656,follow,-0.2957447181851336,53.768534392386364,36.17887110057895
74.3,29.37421963023233,0.21555209893852045,follow,-0.26121701598535907,53.80011242936313,inf
74.4,29.39577484012618,0.013957675310265594,follow,-0.3701273148387543,53.723534945350515,70.15578487339467
74.5,29.397170607657205,0.2719625258012541,follow,-0.26893802690101865,53.82681788458479,inf
74.6,29.42436686023733,0.22360494960468102,follow,-0.23216909179494394,53.904381198561055,inf
74.7,29.4467273551978,0.07547197186031912,follow,-0.30438256975543254,53.86570846304127,139.2860053447478
74.8,29.454274552383833,0.12992176508693803,follow,-0.3141308207728599,53.86728100780289,inf
74.9,29.467266728892525,0.03956415204167113,follow,-0.37834575842515505,53.82255433491363,120.33659303964616
75.0,29.471223144096694,0.1618196569136764,follow,-0.3374026956410745,53.869432020503965,inf
75.1,29.48740510978806,0.29264224330424254,follow,-0.22141615515693047,54.00969150952516,inf
75.2,29.516669334118486,0.05732100370822507,follow,-0.29897942506441666,53.97602457611331,160.3235552101611
75.3,29.522401434489307,0.2755886554172761,follow,-0.20381771906957624,54.07978443266438,inf
75.4,29.549960300031035,0.1310739364750314,follow,-0.23515204738527729,54.08978840266128,inf
75.5,29.563067693678537,0.11329527595982541,follow,-0.26611990722438605,54.07848163329342,478.2841134713839
75.6,29.57439722127452,0.1953065763093471,follow,-0.23055392074580539,54.13104191116597,inf
75.7,29.593927878905454,0.0673050013745064,follow,-0.29024269508276035,54.100649123275424,178.0048915489747
75.8,29.600658379042905,0.1344173507138277,follow,-0.28340428319322797,54.11758328537113,inf
75.9,29.614100114114287,0.03328024882442182,follow,-0.3439768972117321,54.0771732739597,133.82122742649324
76.0,29.61742813899673,0.4607634685235762,follow,-0.0987117484350648,54.32743046006003,inf
76.1,29.663504485849085,0.22135909927876746,follow,-0.09417671729850241,54.40108001147512,inf
76.2,29.68564039577696,0.17697276522025857,follow,-0.11994462176801335,54.40851597189743,inf
76.3,29.703337672298986,0.30138290363255593,follow,-0.05382430378094938,54.50118220466753,inf
76.4,29.73347596266224,0.26257624457291384,follow,-0.03537933559205442,54.564834608401306,inf
76.5,29.75973358711953,0.26588419197728363,follow,-0.020739130989944954,54.61886124968935,inf
76.6,29.78632200631726,0.3876692036285149,follow,0.0697460395817373,54.749229049057625,inf
76.7,29.82508892668011,0.42674599090209686,follow,0.1550867663694504,54.892720156389615,inf
76.8,29.867763525770318,0.2828758724474402,follow,0.11529851515710732,54.916943803812586,inf
76.9,29.896051113015062,0.2905420056367321,follow,0.0932620229884833,54.93733869251108,inf
77.0,29.925105313578737,0.32243245140813576,follow,0.09917019078510236,54.986828161153205,inf
77.1,29.95734855871955,0.036505402908771856,follow,-0.0869295327980737,54.84909330528125,39.82223160437444
77.2,29.960999099010426,0.11818649345455817,follow,-0.15550525313543062,54.78599339538021,86.82420225527905
77.3,29.972817748355883,0.46907244049136027,follow,0.032484998010794186,54.99171162054462,inf
77.4,30.01972499240502,0.5225036577007887,follow,0.19215163269658575,55.22173912130412,inf
77.5,30.0719753581751,0.32614318178829793,follow,0.1665785482239599,55.27454158548661,inf
77.6,30.10458967635393,0.4751175799386703,follow,0.2471981033203221,55.404082617851216,inf
77.7,30.152101434347795,0.44607855743289243,follow,0.2797203228947467,55.50787247441644,inf
77.8,30.196709290091086,0.8579036450251067,follow,0.5721376102707012,55.867201545407326,inf
77.9,30.282499654593597,0.6377451103100318,follow,0.6162020980575704,56.03995157994797,inf
78.0,30.3462741656246,0.535985977009215,follow,0.5739129149486146,56.09332416338551,inf
78.1,30.399872763325522,0.42337267821290814,follow,0.46752774206467507,56.06733688705296,215.7491849841222
78.2,30.442210031146814,0.306835502199107,follow,0.31680083721806085,55.98011588393828,64.1819216529
78.3,30.472893581366726,0.5146152433834155,follow,0.3524861537515136,56.06182652580161,inf
78.4,30.52435510570507,0.3501368147996664,follow,0.2648583566734928,56.0513910152311,537.1216926716129
78.5,30.559368787185036,0.25248252002735727,follow,0.1404009557350392,55.979454136512594,77.81746321739357
78.6,30.584617039187773,0.3219694668196144,follow,0.10306687381216051,55.97999243259382,inf
78.7,30.616813985869733,0.22748922137964,follow,0.01509005520224349,55.94031103400685,140.97363758839614
78.8,30.639562908007697,0.5978666327899262,follow,0.2020103811945262,56.161354743206076,inf
78.9,30.69934957128669,0.4935778330183832,follow,0.2553954291473701,56.3044197860774,inf
79.0,30.74870735458853,0.4172165496354788,follow,0.2384880187357581,56.36154905061855,inf
79.1,30.790429009552078,0.6394145112996419,follow,0.372862635335224,56.558506149663344,inf
79.2,30.85437046068204,0.45690119468118673,follow,0.3385134125720839,56.62006910359514,inf
79.3,30.90006058015016,0.34885828337207186,follow,0.24197217535488136,56.592063045580126,202.0707913096418
79.4,30.934946408487367,0.667035933477464,follow,0.3871487920003389,56.78956840473139,inf
79.5,31.001650001835113,0.5269080155422721,follow,0.3879284017952145,56.89040340454788,inf
79.6,31.05434080338934,0.3345075629332318,follow,0.25845811912493843,56.83996932420895,112.70150846853006
79.7,31.087791559682664,0.4364299382783027,follow,0.23850282871669037,56.87019016824068,inf
79.8,31.131434553510495,0.30534225837359213,follow,0.13689488262389204,56.83404671288963,157.24574798087005
79.9,31.161968779347855,0.2120218460894771,follow,0.006896665933062707,56.749849834954844,67.40137072411437
80.0,31.183170963956805,0.500457265742878,follow,0.11177629262395072,56.88653273855916,inf
80.1,31.233216690531094,0.6286461110172754,follow,0.2653860337094116,57.11521106950605,inf
80.2,31.29608130163282,0.19999360957694012,follow,0.08148098689353844,57.02560293934277,63.63887164639168
80.3,31.316080662590515,0.48949673364139246,follow,0.15087387919793827,57.124994873083715,inf
80.4,31.365030335954653,0.282801989230055,follow,0.05894633555627138,57.10649183948825,308.63313058829243
80.5,31.39331053487766,0.3062344549001474,follow,0.013194983683995076,57.10316078600049,1714.2673029935722
80.6,31.423933980367675,0.2640416215388717,follow,-0.04513358258778766,57.09076738796372,460.6546745177785
80.7,31.450338142521563,0.20468236518545413,follow,-0.12277364007078262,57.05273357371156,150.00529054347226
80.8,31.47080637904011,0.31162236731818305,follow,-0.10255663275260929,57.10365293580755,inf
80.9,31.50196861577193,0.16967006649334315,follow,-0.18249684942753674,57.07045607423036,171.91521536312786
81.0,31.518935622421264,0.32125576562764874,follow,-0.13384092164366024,57.144562511988234,inf
81.1,31.55106119898403,0.2632667566660754,follow,-0.1391354063862167,57.18745639208983,inf
81.2,31.577387874650636,0.24719439788765873,follow,-0.15236420735119083,57.21371760462476,inf
81.3,31.6021073144394,0.14672182117720878,follow,-0.226654098478285,57.17650687318082,153.6559606717763
81.4,31.616779496557122,0.17844897484275257,follow,-0.2533403213105814,57.171828923525105,1222.1557120375094
81.5,31.634624394041396,0.35325481815981213,follow,-0.1535701069411317,57.29836648412096,inf
81.6,31.669949875857377,0.32445425515329523,follow,-0.10555331725083761,57.399371496535224,inf
81.7,31.702395301372707,0.13811135299097854,follow,-0.19646098566111192,57.35713196639795,135.79017517476623
81.8,31.716206436671804,0.29449501815474194,follow,-0.15179833227693962,57.42251132273077,inf
81.9,31.74565593848728,0.3755472131241736,follow,-0.0675381788488778,57.55094572888204,inf
82.0,31.783210659799696,0.043495424505246294,follow,-0.23119132679747167,57.443624662902074,53.525022453302306
82.1,31.78756020225022,0.36296335499564675,follow,-0.12647166069827875,57.55486864267705,inf
82.2,31.823856537749784,0.1651254351827372,follow,-0.1873018177226058,57.54848298890207,901.215208604049
82.3,31.840369081268058,0.3602759316894679,follow,-0.09710754112682451,57.663446080775266,inf
82.4,31.876396674437004,0.1654021833147703,follow,-0.16578859832394244,57.64880641333156,393.78494515009425
82.5,31.892936892768482,0.020868289199817647,follow,-0.3058926150980028,57.53351272405472,49.90170154578251
82.6,31.895023721688464,0.008978130344175494,follow,-0.40452523064682566,57.43801035188587,60.143019537081905
82.7,31.89592153472288,0.21086779532041577,follow,-0.3334641036707424,57.51041819841358,inf
82.8,31.91700831425492,0.22959221621507409,follow,-0.2717951043942861,57.60371736698809,inf
82.9,31.93996753587643,0.08300753100461661,follow,-0.3262306904141923,57.58372061340045,287.96534577984556
83.0,31.94826828897689,0.31949109271232223,follow,-0.20350864896257548,57.71889378450276,inf
83.1,31.980217398248122,-0.015073594863717787,follow,-0.34245405269422946,57.62787204467795,63.31220668336292
83.2,31.97871003876175,0.22824622172458942,follow,-0.27106401734085495,57.69700104080177,inf
83.3,32.00153466093421,0.03879604317611424,follow,-0.34745441669296895,57.65484757470835,136.7736817820213
83.4,32.00541426525182,0.12626704052888915,follow,-0.33781524969456456,57.670306148183165,inf
83.5,32.018040969304714,0.21480604998871972,follow,-0.2705594027043787,57.756502051252696,inf
83.6,32.039521574303585,0.09324328092921513,follow,-0.30473246763303763,57.754549893822336,2958.49858191129
83.7,32.04884590239651,0.17439368678919887,follow,-0.2716035500120739,57.80166530358269,inf
83.8,32.06628527107543,0.37895948767796533,follow,-0.1123911301380005,57.98703677647514,inf
83.9,32.10418121984323,0.17745746834712212,follow,-0.1396531752740202,58.01661865449082,inf
84.0,32.12192696667794,0.4210478931813993,follow,0.004535507806110672,58.187425957823024,inf
84.1,32.16403175599608,0.14317842221834598,follow,-0.08402485177069963,58.16202278222342,228.95571679283069
84.2,32.17834959821791,0.4131378313140882,follow,0.03666342507475662,58.30418782240162,inf
84.3,32.21966338134932,0.5481012993429912,follow,0.20572641224271138,58.53522148426669,inf
84.4,32.27447351128362,0.014675131792457219,follow,-0.03693613378709415,58.37477413313833,36.38251035159639
84.5,32.27594102446286,0.26935730443952466,follow,-0.02873150600223795,58.38518003069205,inf
84.6,32.30287675490681,0.4213915421481508,follow,0.07757722284114266,58.531892355201364,inf
84.7,32.34501590912163,0.3238459989592637,follow,0.08286690060675994,58.6003907642892,inf
84.8,32.377400509017555,0.43668639457377767,follow,0.1605499498611067,58.72665071338744,inf
84.9,32.421069148474935,0.30381793502737175,follow,0.12294007582755029,58.75454379853995,inf
85.0,32.45145094197767,0.4200933552968761,follow,0.17422229137567768,58.85139870434218,inf
85.1,32.49346027750735,0.38359971578416163,follow,0.18286226033041686,58.923052676591446,inf
85.2,32.53182024908577,0.5976681761956671,follow,0.3291402780542185,59.12687065168287,inf
85.3,32.59158706670534,0.48517007227157505,follow,0.3493313449543294,59.23671194501234,inf
85.4,32.64010407393249,0.5352355822877003,follow,0.3935454267203511,59.35370153761909,inf
85.5,32.69362763216126,0.4335783229443679,follow,0.35289732616107017,59.39333877440296,inf
85.6,32.7369854644557,0.4253051014855467,follow,0.3181620312738431,59.42364022795739,inf
85.7,32.77951597460425,0.419813499033797,follow,0.28941466859058806,59.458688630496965,inf
85.8,32.82149732450763,0.5343211548711481,follow,0.3442929112847537,59.5765388980462,inf
85.9,32.874929439994744,0.41245775427231124,follow,0.29765179405460884,59.610045954046726,inf
86.0,32.91617521542197,0.5262712505716094,follow,0.34016560937156726,59.714428432504526,inf
86.1,32.96880234047914,0.7954694996815359,follow,0.5443446877379046,59.99754819845661,inf
86.2,33.04834929044729,0.6523692836571678,follow,0.5811893337409444,60.15371326941188,inf
86.3,33.113586218813005,0.5228633692024233,follow,0.5159753193110674,60.18635464753058,inf
86.4,33.165872555733245,0.754781827785357,follow,0.6229585583573893,60.371767391957256,inf
86.5,33.24135073851178,0.5100461288139639,follow,0.5276062103384191,60.38963231810608,inf
86.6,33.29235535139318,0.2698034326995769,follow,0.301863755877001,60.24039678296676,40.36598704640275
86.7,33.31933569466313,0.3696043573191695,follow,0.21645967150574563,60.195463213500446,133.96546040845675
86.8,33.35629613039505,0.17318693578303535,follow,0.0283894048683635,60.06283360046094,45.28614102385312
86.9,33.373614823973355,0.3580084170942645,follow,0.026049882103571065,60.086472118063604,inf
87.0,33.40941566568278,0.37171776669015777,follow,0.033407052971163864,60.14753055149533,inf
87.1,33.44658744235179,0.6268058884018344,follow,0.20699064373246046,60.37687180726015,inf
87.2,33.50926803119197,0.44782119764486783,follow,0.20204295735299382,60.465945004140956,inf
87.3,33.554050150956456,0.40257623953689176,follow,0.16746476261062782,60.49853998904531,inf
87.4,33.59430777491015,0.556885089638816,follow,0.24564754918907283,60.6371092115543,inf
87.5,33.64999628387403,0.0907748668840877,follow,-0.012884842644155015,60.46210958316689,34.54985027129294
87.6,33.65907377056244,0.4465377635866941,follow,0.05159155026698414,60.54020220611065,inf
87.7,33.703727546921115,0.4801936231407462,follow,0.11623813103686587,60.67182945141854,inf
87.8,33.75174690923519,0.1566817847453444,follow,-0.05596560335776246,60.57165476049502,60.466026101083955
87.9,33.76741508770972,0.5514377606174081,follow,0.09179062015946471,60.74291325172405,inf
88.0,33.82255886377146,0.40917240209243966,follow,0.09481906968970577,60.8286573653469,inf
88.1,33.86347610398071,0.32596970248406043,follow,0.04109559897776194,60.83630975494883,inf
88.2,33.896073074229115,0.48051495736455757,follow,0.10759283618224913,60.95170244752592,inf
88.3,33.944124569965574,0.7344742006139998,follow,0.31910313558099546,61.23528999052936,inf
88.4,34.01757199002697,0.4568031556379164,follow,0.2731748064861961,61.29953279152666,inf
88.5,34.063252305590765,0.5072062199013854,follow,0.27432910258143295,61.36920756096758,inf
88.6,34.1139729275809,0.3842530939595884,follow,0.19185087683813862,61.36281026820949,959.1996581773514
88.7,34.152398236976865,0.31179436890590023,follow,0.08797308904650691,61.316570444511804,132.60554548260396
88.8,34.183577673867454,0.5386702342768321,follow,0.16884616632388116,61.44421267712506,inf
88.9,34.23744469729514,0.262362661307418,follow,0.038301161452835686,61.39446820739555,123.41968572834105
89.0,34.263680963425884,0.4057897095295507,follow,0.046578665914132955,61.44210011105296,inf
89.1,34.30425993437884,0.29032337242774653,follow,-0.024715783953183745,61.431674117615074,589.216504725558
89.2,34.333292271621616,0.43101528758577085,follow,0.021406483020484757,61.52134489045291,inf
89.3,34.37639380038019,0.39976665894671437,follow,0.03111480984459547,61.59570551041489,inf
89.4,34.41637046627486,0.5208303915621217,follow,0.11751276437510683,61.742068463787405,inf
89.5,34.46845350543108,0.2922030016664514,follow,0.022542855097682946,61.7252231132443,366.4229067557021
89.6,34.49767380559772,0.3351556149721382,follow,-0.012054975712061378,61.73445573268452,inf
89.7,34.53118936709493,0.19539055480224055,follow,-0.1274472546673735,61.66933679597503,94.70261633891973
89.8,34.550728422575155,0.2515524087393341,follow,-0.1658286801452178,61.66026395371751,679.6135345860544
89.9,34.57588366344909,0.35121049365544443,follow,-0.12414990780103352,61.7396755873726,inf
90.0,34.61100471281463,0.4067693337852885,follow,-0.058931953130809234,61.85757511609114,inf
90.1,34.65168164619316,0.14740487690622622,follow,-0.18711551781791513,61.79040695147182,91.99359146059196
90.2,34.666422133883785,0.4130103395794318,follow,-0.09486846274223382,61.90476473808344,inf
90.3,34.70772316784173,0.4621715596174773,follow,-0.0005923304633270732,62.06099242129927,inf
90.4,34.75394032380348,0.3350926568862573,follow,-0.022312096786293978,62.10859838891892,inf
90.5,34.787449589492105,0.570995927443308,follow,0.11967904573155153,62.30085342996971,inf
90.6,34.844549182236435,0.15673407129917405,follow,-0.061425261608583526,62.20539851174607,65.1673058542711
90.7,34.86022258936635,0.07519024787963363,follow,-0.23495763124009983,62.05537625280943,41.364112694116756
90.8,34.86774161415431,-0.09043653368328142,follow,-0.4580103298374709,61.843602091394,29.202619279921127
90.9,34.85869796078598,0.3359565444162967,follow,-0.3203146458635757,61.9677322953154,inf
91.0,34.89229361522761,0.16240722077411557,follow,-0.3419374890487745,61.99650293379264,inf
91.1,34.90853433730502,0.06552676863043183,follow,-0.4181520058953936,61.94464950006214,119.46103670203833
91.2,34.915087014168066,0.0887298131839318,follow,-0.45048972260676123,61.92214079864534,275.1031241296281
91.3,34.923959995486456,-0.16536262933537738,follow,-0.6371951941329925,61.74874479909669,35.61140104721576
91.4,34.90742373255292,0.3412245421784947,follow,-0.4211331729879788,61.9400024258414,inf
91.5,34.94154618677077,-0.04112964370221728,follow,-0.5284714729918321,61.88384780716432,110.20259644720218
91.6,34.93743322240055,-0.02450261071220894,follow,-0.5850453486765517,61.82110448492427,98.53017385403643
91.7,34.93498296132933,0.02497822565131852,follow,-0.585868253202662,61.81660618879134,1374.222691481251
91.8,34.937480783894465,-0.03818471883267888,follow,-0.6243630654398018,61.78185811040189,177.79935171657317
91.9,34.933662312011194,-0.09598770754802155,follow,-0.6840015888160167,61.716491879200774,94.41647582420815
92.0,34.924063541256395,-0.2832915790300564,follow,-0.8430097868094535,61.543085525075135,35.4906749728933
92.1,34.895734383353386,-0.13887382814076182,follow,-0.8470894882902797,61.4965120867398,132.04202713991597
92.2,34.88184700053931,0.028341003449606217,follow,-0.7334431141230979,61.589327386685866,inf
92.3,34.88468110088427,-0.048425885373667765,follow,-0.7041623747289663,61.62285927659744,inf
92.4,34.87983851234691,0.007784599157649341,follow,-0.6428823431576163,61.676875425362745,inf
92.5,34.88061697226267,-0.31093063036615276,follow,-0.8091117302575341,61.511813728136474,37.26595252671838
92.6,34.84952390922606,-0.40694468308400644,follow,-0.9774245266252137,61.29686133721387,28.516482684430372
92.7,34.808829440917656,-0.3508464068426117,follow,-1.0452657682543744,61.167978393122105,47.460103293086036
92.8,34.773744800233395,-0.3821665765813821,follow,-1.1040132872513198,61.05660391309877,54.82100019708612
92.9,34.735528142575255,-0.26081321039014005,follow,-1.0552411150216443,61.04805109884124,713.7773516491935
93.0,34.70944682153624,-0.7003900716686315,follow,-1.3070638156167433,60.75710641668762,20.882700438775093
93.1,34.63940781436938,-0.25157023796653355,follow,-1.1679460863033881,60.79116563525068,inf
93.2,34.614250790572726,-0.5528986386199886,follow,-1.2676356296656834,60.653740556193405,44.135860042631485
93.3,34.558960926710725,-0.5881370098402398,follow,-1.348596926543756,60.48984446352233,36.90743536206266
93.4,34.5001472257267,-0.7211808805835225,follow,-1.4813910976403903,60.26882974094966,27.269147068305895
93.5,34.42802913766835,-0.8668855507990401,follow,-1.6560168793196937,59.986026827182826,21.21124780087667
93.6,34.341340582588444,-0.5609927886278142,follow,-1.5581181049586874,59.95389276892398,186.57429536595552
93.7,34.28524130372566,-0.7082593142767826,follow,-1.5804933170370816,59.847368638551416,56.18198283265608
93.8,34.214415372297985,-0.9028250219020593,follow,-1.7136959571253598,59.607927101321614,24.894564155806552
93.9,34.12413287010778,-0.9377435373104943,follow,-1.8136854908508298,59.372513814310835,25.220544926842884
94.0,34.03035851637673,-0.8489060832655901,follow,-1.8090598118919274,59.23647796267316,43.5447547463059
94.1,33.94546790805017,-0.5805107865993258,follow,-1.6162706902071022,59.30193117186815,inf
94.2,33.88741682939024,-0.8463368632594098,follow,-1.6539357551562333,59.17718948892912,47.439787643282024
94.3,33.802783143064296,-1.0008661109362982,follow,-1.7702635399737545,58.93391117462269,24.224892934924924
94.4,33.702696531970666,-0.8480919637190073,follow,-1.7344032765303723,58.81964152142562,51.47442026448338
94.5,33.617887335598766,-0.8810244178207626,follow,-1.720978215532405,58.705852787865744,51.59197308138952
94.6,33.52978489381669,-1.2375547493039618,follow,-1.9368030422409532,58.35787429848408,16.770540731463473
94.7,33.40602941888629,-0.8825022445523053,follow,-1.8317727717339878,58.27727135659545,72.30166789336121
94.8,33.31777919443106,-0.9490781427445959,follow,-1.794175354494243,58.182493437152345,61.38823660512862
94.9,33.222871380156604,-0.7885746926012905,follow,-1.6511007710982213,58.183206299136685,inf
95.0,33.144013910896476,-0.594994216379469,follow,-1.4172159582976747,58.29880490804704,inf
95.1,33.08451448925853,-0.6379966866310818,follow,-1.281418274766608,58.345353459121185,inf
95.2,33.02071482059542,-0.7750902412977795,follow,-1.2737902538314856,58.257281977061645,66.14772525080915
95.3,32.94320579646565,-0.8710423003835974,follow,-1.3238472972833932,58.09096139741508,34.92710374197817
95.4,32.85610156642729,-0.3449139853981579,follow,-0.9998011088685814,58.28435124077235,inf
95.5,32.82161016788748,-0.6780883025599853,follow,-0.9992250278476078,58.233190223983605,113.82336372327829
95.6,32.75380133763148,-0.6171836353119603,follow,-0.9518919162267636,58.17881009022046,106.985411885189
95.7,32.69208297410028,-0.6191181017860422,follow,-0.9155226683399889,58.12260179281043,103.40573273162533
95.8,32.63017116392167,-0.5757781720538445,follow,-0.8566720694642456,58.088584676418265,170.76281248164054
95.9,32.57259334671629,-0.6128333310081924,follow,-0.8365646783277967,58.02232534174664,87.56852997286556
96.0,32.51131001361547,-0.6627574315105031,follow,-0.8507706800381172,57.91619434038509,54.5704776148178
96.1,32.44503427046442,-0.6602147532035512,follow,-0.8528604923579763,57.81469091333865,56.95836347169452
96.2,32.379012795144064,-0.5939758362734213,follow,-0.8047295588918502,57.763789633824246,113.48199924419524
96.3,32.31961521151672,-0.6650504353515558,follow,-0.8145947046025057,57.66482811267257,58.269949210151395
96.4,32.25311016798156,-0.6837969484450077,follow,-0.8281481560979245,57.551517095874416,50.79075161631682
96.5,32.18473047313706,-0.5741892711314718,follow,-0.7590516611448805,57.51804404856071,171.8339041841872
96.6,32.12731154602391,-0.6215864562342899,follow,-0.7396544250775463,57.45131289395832,86.0936892764325
96.7,32.065152900400484,-0.35434899217582716,follow,-0.5449317466824652,57.552797603918265,inf
96.8,32.0297180011829,-0.9181583594885205,follow,-0.7857511979743776,57.25882580379997,19.477659347175425
96.9,31.937902165234046,-0.38027677870254184,follow,-0.5838176605745033,57.323035587276564,inf
97.0,31.899874487363792,-0.3841168499239771,follow,-0.44876359250550735,57.40104813854018,inf
97.1,31.861462802371395,-0.7947469705683321,follow,-0.628292345254053,57.16390185830304,24.10491187175305
97.2,31.78198810531456,-0.5474911563411011,follow,-0.579279110200261,57.093703047771584,81.33143940122427
97.3,31.72723898968045,-0.5881035230273824,follow,-0.5698793357171397,57.02097914880354,78.40748358920986
97.4,31.668428637377712,-0.7249493671459994,follow,-0.6505066710007981,56.85213628506577,33.671625217967446
97.5,31.59593370066311,-0.649092055713909,follow,-0.6493576359952087,56.74454291499946,52.73981368928877
97.6,31.53102449509172,-0.7167400152191082,follow,-0.6890962771472999,56.607440465490285,41.28842385248797
97.7,31.45935049356981,-0.3206226479204002,follow,-0.44852032422141264,56.7405054161333,inf
97.8,31.427288228777773,-0.4111132968799802,follow,-0.3461557499111336,56.79477659325553,inf
97.9,31.386176899089776,-0.2964049787086107,follow,-0.20010644528811383,56.87915890334655,inf
98.0,31.356536401218914,-0.3299866166910661,follow,-0.12429933860371278,56.91050526322466,inf
98.1,31.323537739549806,-0.5472489467529971,follow,-0.21715512005503257,56.76815148926968,39.87822023406457
98.2,31.268812844874507,-0.4622935696387256,follow,-0.2209490625295345,56.68227020478223,66.0007247714895
98.3,31.222583487910633,-0.34430973094083944,follow,-0.14386337587477982,56.690011855991166,inf
98.4,31.188152514816547,-0.5740889270335436,follow,-0.24403216771531078,56.53819660450951,37.24144712255186
98.5,31.130743622113194,-0.30416160183616536,follow,-0.12999319087160188,56.56612224229819,inf
98.6,31.100327461929577,-0.444277354524053,follow,-0.14640169678912685,56.50408949610524,91.08751903445459
98.7,31.055899726477172,-0.4413349034727677,follow,-0.15435006625823178,56.42949952345752,75.65292963703003
98.8,31.011766236129894,-0.2989943806852801,follow,-0.06432645435030793,56.45332289984454,inf
98.9,30.981866798061365,-0.32524091641875186,follow,-0.021663977053648864,56.4511362200384,2581.5913267970045
99.0,30.94934270641949,-0.4121337145864406,follow,-0.050812110232783425,56.37320194939645,72.33429078766933
99.1,30.908129334960847,-0.19926294573489534,follow,0.0711950134590964,56.43338901590037,inf
99.2,30.888203040387356,-0.4986337211817253,follow,-0.04673584871940761,56.28556871186163,38.077021338768354
99.3,30.838339668269185,-0.2574089695514068,follow,0.03522524263092919,56.29273474503471,inf
99.4,30.812598771314043,-0.2765770913404597,follow,0.07657671093223684,56.2954748679033,inf
99.5,30.784941062179996,-0.37757418173301227,follow,0.03656916841530489,56.2139807616853,68.97919784691035
99.6,30.747183644006697,-0.2890051256144149,follow,0.0684869312745846,56.18926239728463,227.31788190549688
99.7,30.718283131445254,-0.5112191110575245,follow,-0.05799061302778341,56.0194340841401,32.985921515022675
99.8,30.6671612203395,-0.2298416885021668,follow,0.04497613159689706,56.04571796210615,inf
99.9,30.644177051489283,-0.39569026414001074,follow,0.003034679723299405,55.969300256957226,73.24127327283666
100.0,30.604608025075283,-0.42636043242783267,follow,-0.04507258316322549,55.8618394544497,51.98345643336908
100.1,30.5619719818325,-0.2326010266847401,follow,0.0516842835177016,55.89464225626645,inf
100.2,30.538711879164026,-0.46773241174016233,follow,-0.04029675039598857,55.76777106835005,43.95621416037838
100.3,30.49193863799001,-0.5574056884077752,follow,-0.1603307524339641,55.57757720455105,29.221540639863143
100.4,30.43619806914923,-0.6186785139113188,follow,-0.2793397060877254,55.37495739763612,27.32948878037733
100.5,30.3743302177581,-0.37506613679898976,follow,-0.19497095077683468,55.366524375860315,656.5443069846896
100.6,30.3368236040782,-0.6447324858484869,follow,-0.3163933906648069,55.188842015452494,31.06039445265242
100.7,30.27235035549335,-0.23885697550197277,follow,-0.12591855333686652,55.28260697990316,inf
100.8,30.248464657943153,-0.753758056761505,follow,-0.33993647280588846,55.032760514108844,22.0266315711723
100.9,30.173088852267004,-0.23999971885637894,follow,-0.13918164951836332,55.120451628882144,inf
101.0,30.149088880381367,-0.45710884325569806,follow,-0.14909057972803907,55.07454274084401,119.96488064597325
101.1,30.103377996055798,-0.45740574325031735,follow,-0.15486205284526733,55.00020494123843,73.98686164112675
101.2,30.057637421730767,-0.5213637404966998,follow,-0.20001493353080235,54.88644119906535,48.24598782586006
101.3,30.005501047681097,-0.4062527801238136,follow,-0.1523604772244056,54.85589109429724,179.56040252784814
101.4,29.964875769668716,-0.4683408277243886,follow,-0.1609101371727064,54.78640351733037,78.84345074149002
101.5,29.918041686896277,-0.309725366389577,follow,-0.06046318170367471,54.81659934864074,inf
101.6,29.887069150257318,-0.42927159987725333,follow,-0.07271129177096469,54.75789243361501,93.27332633577181
101.7,29.84414199026959,-0.40570602588618204,follow,-0.06473475081633495,54.70147823458805,96.96402533065746
101.8,29.80357138768097,-0.47699677902557813,follow,-0.1062359857015025,54.59912109581995,53.341781289452726
101.9,29.755871709778415,-0.4426547617246732,follow,-0.11027363982550753,54.52353392484211,72.13331735993374
102.0,29.71160623360595,-0.4061410817427911,follow,-0.0880360489274068,54.479373301481516,123.3664046284595
102.1,29.67099212543167,-0.6711278890556092,follow,-0.24821409920915727,54.25827408893835,24.54023850417155
102.2,29.60387933652611,-0.6443772927102934,follow,-0.3349328495034243,54.07088615528574,28.855052244465778
102.3,29.53944160725508,-0.4225220968076947,follow,-0.24322041632238722,54.065941994560234,1093.5312380850091
102.4,29.49718939757431,-0.503591078258722,follow,-0.2345610415586563,54.011223054802805,98.70663301269072
102.5,29.446830289748437,-0.5299140579644561,follow,-0.24470540879469382,53.925540025827964,62.93608042458482
102.6,29.393838883951993,-0.5039408821641725,follow,-0.2326021884952283,53.858156137432765,79.92734972722313
102.7,29.343444795735575,-0.46363767869446754,follow,-0.19635553574415354,53.81881165785921,136.7887242154029
102.8,29.297081027866128,-0.571553187786473,follow,-0.24251798672659675,53.703103555072595,46.41256944132177
102.9,29.23992570908748,-0.6037079017098623,follow,-0.29277757946736926,53.56711098416385,39.389733296613485
103.0,29.179554918916494,-0.4965790377828775,follow,-0.2531768861025441,53.5161554922722,105.02529463569475
103.1,29.129897015138205,-0.655740797236776,follow,-0.3306797319489334,53.36416579075838,35.1103826504363
103.2,29.064322935414527,-0.4804822213833311,follow,-0.26375090590486394,53.33273349721693,169.67496637457296
103.3,29.016274713276193,-0.7607768150478242,follow,-0.4033060440249798,53.12110602588931,25.10123364071803
103.4,28.94019703177141,-0.4182385405571045,follow,-0.26620922494494437,53.14408632271217,inf
103.5,28.8983731777157,-0.5007707722854847,follow,-0.2283107616329545,53.1192490049406,213.86870149780395
103.6,28.848296100487154,-0.4922004744647046,follow,-0.19602475583884882,53.076419394891886,123.92459173576815
103.7,28.799076053040682,-0.3876438043600775,follow,-0.10410228997320559,53.09451178958782,inf
103.8,28.760311672604676,-0.2811130340012052,follow,0.028013113420335856,53.16848062232735,inf
103.9,28.732200369204556,-0.3239384598091641,follow,0.08696003160005716,53.185260585406894,inf
104.0,28.69980652322364,-0.6483645015328731,follow,-0.08942985175092844,52.96027993308453,23.539926383180845
104.1,28.634970073070352,-0.5910148381358331,follow,-0.1676721838280386,52.78478292577749,30.07731227771281
104.2,28.575868589256768,-0.5611605240370037,follow,-0.19860681703333682,52.66519606685181,44.03928369720221
104.3,28.519752536853066,-0.5032217333724684,follow,-0.17940799211309155,52.60022081316651,80.9542369282993
104.4,28.46943036351582,-0.4463889004958735,follow,-0.1278677684588061,52.576277776814926,219.5890153812563
104.5,28.424791473466232,-0.5905942283658361,follow,-0.18838858073105058,52.4487986294683,41.1430416041746
104.6,28.36573205062965,-0.4745532488211224,follow,-0.15037265153914348,52.39822542440533,103.60867055819014
104.7,28.318276725747538,-0.6026263792583163,follow,-0.20901733679072976,52.26839775183058,40.25982805917962
104.8,28.258014087821707,-0.5859471197337114,follow,-0.23542478868415628,52.1515963430484,44.64980079162296
104.9,28.199419375848336,-0.7023992188605415,follow,-0.3284746583089344,51.97065440546357,28.722282462072915
105.0,28.129179453962283,-0.663306770295253,follow,-0.36203272087608696,51.83173646006734,37.31104452504703
105.1,28.062848776932757,-0.7432802167818356,follow,-0.43482158302507656,51.65945158237406,29.984901910163604
105.2,27.988520755254573,-0.7161532354054485,follow,-0.4621816260332565,51.520599506848605,37.10466646744709
105.3,27.916905431714028,-0.48694902102707893,follow,-0.3254491838938378,51.549908963677204,inf
105.4,27.86821052961132,-0.7202217917141136,follow,-0.3872278837009091,51.415087910716075,38.13580059008932
105.5,27.79618835043991,-0.2570095758372315,follow,-0.11881344998778332,51.57546907567208,inf
105.6,27.770487392856186,-0.49414307144438907,follow,-0.09731075289781899,51.55842033638646,302.41778862721435
105.7,27.721073085711748,-0.46827750632364806,follow,-0.06529660075233323,51.516313027815286,122.34530008190005
105.8,27.674245335079384,-0.5872908148913527,follow,-0.12247950831173426,51.388888494307345,40.32888100869981
105.9,27.615516253590247,-0.3976342871342997,follow,-0.03393751143705259,51.38933686894832,inf
106.0,27.575752824876815,-0.5543601696438234,follow,-0.07886765085458336,51.28476158646064,49.040997419731376
106.1,27.520316807912433,-0.4556739663052864,follow,-0.042745306199250876,51.2377299056694,108.94301254742584
106.2,27.474749411281906,-0.1632307717580368,follow,0.17513084761834818,51.38725496454121,inf
106.3,27.4584263341061,-0.44633622374628185,follow,0.13077282997144124,51.318412331130595,74.54452246915552
106.4,27.41379271173147,-0.25333802259256777,follow,0.22834399236024439,51.34903305995745,inf
106.5,27.388458909472213,-0.4722119782708564,follow,0.14649880480190802,51.22918716901023,42.745885373384226
106.6,27.341237711645128,-0.38330268404455387,follow,0.15020683037803195,51.16206339784572,76.22048420440113
106.7,27.302907443240674,-0.18285960731016282,follow,0.2844114886606377,51.23877265352165,inf
106.8,27.284621482509657,-0.4516802935093542,follow,0.19337828150620595,51.12031050527069,43.1532867333883
106.9,27.23945345315872,-0.1430751884869606,follow,0.3361849802167356,51.19536515995482,inf
107.0,27.225145934310024,-0.27505054328384343,follow,0.341131665058775,51.17885056652381,309.90076007833545
107.1,27.19764087998164,-0.39513073629873646,follow,0.2626251585531847,51.05908647852565,42.633052471712844
107.2,27.158127806351768,-0.2634781651950622,follow,0.29608198836282185,51.03327369789047,197.7054483945978
107.3,27.13177998983226,-0.23607514916905148,follow,0.33442571415886135,51.03209569890725,4332.1001482663405
107.4,27.108172474915357,-0.2656476402489382,follow,0.3380197390426787,51.00027845141571,160.29129630079782
107.5,27.081607710890463,-0.5185050415704029,follow,0.17070611399097402,50.79311768032667,24.518695027686356
107.6,27.02975720673342,-0.4434063016798375,follow,0.10850614955319315,50.653141959653325,36.18709138698508
107.7,26.985416576565438,-0.43452765147742173,follow,0.07247543714862559,50.55060030199678,49.29762348031526
107.8,26.941963811417697,-0.43554820716581716,follow,0.047458203728460546,50.46040392085501,55.94504267476302
107.9,26.898408990701114,-0.36552448038116947,follow,0.07694953573322749,50.4245630217849,140.69000591515592
108.0,26.861856542663,-0.42045536016438967,follow,0.05959255352409798,50.3523773675186,69.7539945842478
108.1,26.81981100664656,-0.5956507753464144,follow,-0.0683202431158989,50.16139626685394,26.265110051351318
108.2,26.760245929111917,-0.41810341581751187,follow,-0.03499721972512759,50.10537167394275,89.43460196733244
108.3,26.718435587530166,-0.41723976143991764,follow,-0.012125266105513788,50.065528115189736,125.65526193465142
108.4,26.676711611386175,-0.4131816150737617,follow,0.005789536971853693,50.02085695405112,111.97572590251966
108.5,26.635393449878798,-0.3458172978989021,follow,0.06222743424503818,50.01531760906324,902.9103209584591
108.6,26.600811720088906,-0.36268787258896085,follow,0.0880188569209821,49.989236437054345,191.66790671835562
108.7,26.56454293283001,-0.39069628641162163,follow,0.08596774452632872,49.93278214377134,88.4481573322729
108.8,26.525473304188846,-0.44658925663198534,follow,0.04702485706918935,49.83523481335246,51.08826105168805
108.9,26.480814378525647,-0.6383466251343781,follow,-0.10606819228857489,49.615153375499894,22.543997285558326
109.0,26.41697971601221,-0.4303626842244137,follow,-0.06901417011964384,49.556455403898674,84.42618041484012
109.1,26.37394344758977,-0.4859851607037639,follow,-0.08085411224495687,49.4800610591397,64.76927214344005
109.2,26.325344931519393,-0.4728952054609142,follow,-0.07949083129132362,49.40852656598776,69.06951372541917
109.3,26.2780554109733,-0.6545489977475283,follow,-0.19836209156951412,49.218721024890435,25.931129692178793
109.4,26.21260051119855,-0.6510286875862046,follow,-0.27343979302724364,49.04546097377058,28.30742612435383
109.5,26.147497642439927,-0.4459495303288912,follow,-0.18553525413329908,49.03571120952659,502.94253258216395
109.6,26.10290268940704,-0.5755701592451401,follow,-0.21193309352467082,48.94242094058588,52.462514575549385
109.7,26.045345673482526,-0.47911220641585506,follow,-0.16413213698615436,48.90388637323763,126.90913571514452
109.8,25.997434452840942,-0.5525281719500399,follow,-0.18000875130788074,48.816142927953535,55.63508792012616
109.9,25.942181635645937,-0.5450034411772374,follow,-0.18434768907996357,48.72892476438894,55.87015682610691
110.0,25.887681291528214,-0.44740457589007865,follow,-0.12136530205620488,48.71015663523612,259.5365592308567
110.1,25.842940833939206,-0.6039875454201079,follow,-0.18254869906660787,48.5818625518422,37.86757835330095
110.2,25.782542079397196,-0.5305203103517055,follow,-0.17320477519331945,48.50060834390248,59.689965078342496
110.3,25.729490048362024,-0.6055764289849246,follow,-0.2155757334767614,48.378659339066274,39.67122110102239
110.4,25.668932405463533,-0.6077269600961628,follow,-0.24363250967537908,48.25976609851992,40.590840889482486
110.5,25.608159709453915,-0.6087684686600607,follow,-0.2612894366063472,48.150950127574525,44.2498924645342
110.6,25.54728286258791,-0.5596180901944288,follow,-0.23870245256613032,48.082221841315736,69.95987308670243
110.7,25.491321053568466,-0.6377280804201015,follow,-0.273891844393809,47.96308973595889,40.260423159895446
110.8,25.427548245526456,-0.4453619818957113,follow,-0.16798745688344496,47.97333491140624,inf
110.9,25.383012047336884,-0.677516574223402,follow,-0.25048436433277743,47.82403370667255,32.03191413758334
111.0,25.315260389914542,-0.5883113252328793,follow,-0.2443829171907126,47.7285076676811,49.963871810858706
111.1,25.256429257391254,-0.6336949042476754,follow,-0.2687791441449008,47.61586474194198,42.27150922217483
111.2,25.193059766966485,-0.42814659773478203,follow,-0.14703088520440133,47.642558765245326,inf
111.3,25.150245107193008,-0.5540869723265522,follow,-0.14883340626349195,47.576534254526024,72.05889712200162
111.4,25.094836409960354,-0.4350423840021467,follow,-0.07020400141054495,47.57205061352999,1061.0138201429418
111.5,25.05133217156014,-0.6999178867982889,follow,-0.19308086096623356,47.383917396373974,25.186364275629085
111.6,24.981340382880312,-0.5097328323073739,follow,-0.14722721623451918,47.324783358085945,80.02968295108741
111.7,24.930367099649576,-0.46279969473090754,follow,-0.08480400135337618,47.31074664812099,337.0501119295841
111.8,24.884087130176486,-0.530583975425688,follow,-0.08779276016139193,47.23833793510334,65.2384719551495
111.9,24.831028732633918,-0.40996121241309447,follow,-0.009308037110933753,47.23723506183995,4283.1063758466125
112.0,24.790032611392608,-0.5708477255433779,follow,-0.06381711638822907,47.121231800700684,40.62060957418436
112.1,24.73294783883827,-0.35339493125896954,follow,0.04451525855944993,47.14393701681686,inf
112.2,24.697608345712375,-0.2525270618934662,follow,0.18276366367705776,47.22917618224562,inf
112.3,24.67235563952303,-0.49518615242342084,follow,0.11240715900876808,47.12094061829331,43.53554312246062
112.4,24.622837024280688,-0.4841143033075282,follow,0.07240137944420866,47.00665691586524,41.13154887106643
112.5,24.574425593949936,-0.3011808849358055,follow,0.16657596554534848,47.02821435647025,inf
112.6,24.544307505456356,-0.2838426742674394,follow,0.2393223477400852,47.05578360592462,inf
112.7,24.51592323802961,-0.476529876205668,follow,0.15830642507724235,46.93219128212166,37.9733868884479
112.8,24.468270250409045,-0.46240568014323746,follow,0.11295888146718625,46.81536425708075,40.07237558320892
112.9,24.422029682394722,-0.47307014320767077,follow,0.07511676524919864,46.70816128884128,43.569839581776954
113.0,24.374722668073954,-0.6028595947798135,follow,-0.03639498007704134,46.52568902203389,25.4974028854166
113.1,24.314436708595974,-0.5838440440347141,follow,-0.09740971171967061,46.37424535117429,30.621448283677456
113.2,24.2560523041925,-0.6265266314684772,follow,-0.16543833553370746,46.21864012075504,29.70249778637085
113.3,24.19339964104565,-0.6271374547800599,follow,-0.20979930491800047,46.08030015665047,33.309463722153595
113.4,24.130685895567645,-0.5712814151679828,follow,-0.20079727625775945,45.99523156709371,54.06840739542547
113.5,24.073557754050846,-0.5530933969169208,follow,-0.1814608393876398,45.928875791688625,69.21609386870232
113.6,24.018248414359153,-0.40944429834747,follow,-0.0723216712860193,45.95505095025271,inf
113.7,23.977303984524404,-0.6556804512494258,follow,-0.162635424986334,45.80332055180027,30.18730657730214
113.8,23.911735939399463,-0.4383735564403073,follow,-0.0774569512388723,45.79014695786032,347.59039307421733
113.9,23.867898583755434,-0.5711876753135022,follow,-0.10849077614837199,45.69335709948478,47.20882731555934
114.0,23.810779816224084,-0.5388225019568141,follow,-0.1068906064737547,45.60927911786237,54.24640106454049
114.1,23.756897566028403,-0.47182981347323916,follow,-0.0607569877830727,45.574589361259534,131.3776567620195
114.2,23.70971458468108,-0.6502384515769113,follow,-0.14795397423019807,45.41661790279142,28.749888329960754
114.3,23.64469073952339,-0.4979802972579528,follow,-0.1038872804460027,45.36314882883909,84.83997472870871
114.4,23.594892709797595,-0.5337121256971165,follow,-0.09767950683706772,45.294659557859326,66.13394902574623
114.5,23.541521497227883,-0.4881906439854393,follow,-0.06277483770529102,45.24950740813654,100.2156213733918
114.6,23.49270243282934,-0.5026459479887945,follow,-0.04881648439040731,45.190237164853606,76.24439290578275
114.7,23.44243783803046,-0.2707312724707232,follow,0.11433662400486355,45.27799338105056,inf
114.8,23.41536471078339,-0.5594704527396115,follow,0.030409843797137626,45.15345690997222,36.2572156726432
114.9,23.35941766550943,-0.5251015840403253,follow,-0.002611354842869673,45.036515143421276,38.511916205577606
115.0,23.306907507105397,-0.5584340237365268,follow,-0.046536867947359895,44.91382439271074,36.60734336745108
115.1,23.251064104731743,-0.5653192527496815,follow,-0.0798781748600561,44.79671798223756,38.25300237726878
115.2,23.194532179456775,-0.5896362759357553,follow,-0.11753350489328085,44.674264764291884,36.48272010631044
115.3,23.1355685518632,-0.4174245157833627,follow,-0.027644918689240683,44.67570790910556,inf
115.4,23.093826100284865,-0.3894606394923666,follow,0.050586148649784946,44.69132529907708,inf
115.5,23.05488003633563,-0.5578898959865609,follow,-0.009482759059928014,44.57283729544351,37.61801695409599
115.6,22.99909104673697,-0.575266502483778,follow,-0.06070837933564377,44.43792819076982,32.93916174023332
115.7,22.941564396488594,-0.46706632705861795,follow,-0.022574843611934625,44.38977175112096,92.17826748571181
115.8,22.89485776378273,-0.5755286104708528,follow,-0.06900067093140905,44.273285974742684,38.007460954692604
115.9,22.837304902735646,-0.454898599902134,follow,-0.019401869634350533,44.23655548446912,120.43551598413217
116.0,22.791815042745434,-0.5015909584722589,follow,-0.01734858392357097,44.170373980194576,66.74126625614431
116.1,22.74165594689821,-0.6607474259099481,follow,-0.12127553484256026,43.991208385504756,24.553379493235955
116.2,22.675581204307214,-0.37146670022116846,follow,0.0022784586132118534,44.015650265074036,inf
116.3,22.638434534285096,-0.3517343161677559,follow,0.09715501021788242,44.05480681164553,inf
116.4,22.60326110266832,-0.5476639215611687,follow,0.029589047376212818,43.934480701378696,36.5128404832091
116.5,22.548494710512202,-0.5140788912994623,follow,0.0068891645591762085,43.82963123032748,41.80243428115741
116.6,22.497086821382254,-0.4665413579862249,follow,0.023292316115870904,43.76892254818925,72.09664418103067
116.7,22.450432685583632,-0.4646853043210091,follow,0.03523025125544166,43.71087927963089,75.30740491583303
116.8,22.40396415515153,-0.42748830294720497,follow,0.06753663138843535,43.67348286411573,116.78521126287971
116.9,22.36121532485681,-0.28848673020214455,follow,0.18053834434483917,43.722361331630054,inf
117.0,22.332366651836598,-0.4766381797516446,follow,0.12957468869149835,43.628124666446396,46.29633761065153
117.1,22.284702833861434,-0.5194703574107207,follow,0.0666001322680998,43.49365438306025,32.34443572797744
117.2,22.232755798120362,-0.598305889227283,follow,-0.02775489393232533,43.321378803248216,25.146558119563252
117.3,22.172925209197633,-0.5639438346450456,follow,-0.06730153146799722,43.192086282328454,33.406484748744816
117.4,22.11653082573313,-0.5236530885626587,follow,-0.06636303884455685,43.10843319975514,51.53239052724125
117.5,22.064165516876862,-0.3574467800634926,follow,0.044768372752166385,43.141016648067456,inf
117.6,22.028420838870513,-0.5620903589177657,follow,-0.017456694125364436,43.0251745641804,37.14122978496396
117.7,21.972211802978737,-0.4757403749364141,follow,-0.0013643205855800034,42.95695338388253,62.96717998181764
117.8,21.924637765485095,-0.5101214993471994,follow,-0.01346704089362305,42.873489607334015,51.36778058732554
117.9,21.873625615550374,-0.3937283977940624,follow,0.05568862245341677,42.86612704577898,582.2175709546474
118.0,21.834252775770967,-0.25902986195762967,follow,0.19032260454542893,42.94170176820188,inf
118.1,21.808349789575203,-0.5125311724966397,follow,0.11034210488155338,42.82286678924436,36.03557400767681
118.2,21.757096672325538,-0.49159053873462144,follow,0.07051211352349185,42.7061571220118,36.59179066710575
118.3,21.707937618452075,-0.37110874960418183,follow,0.12345693248848733,42.6853633601666,205.27965876460533
118.4,21.670826743491656,-0.40532770572617915,follow,0.1350405705799531,42.641280685817435,96.73024904993002
118.5,21.630293972919038,-0.28302860267564445,follow,0.22281032914697363,42.66825128852553,inf
118.6,21.601991112651472,-0.38630493745552824,follow,0.21106550828317694,42.61405217726038,78.62500174364168
118.7,21.563360618905918,-0.456088846630017,follow,0.15567518701091387,42.50071611536979,37.499729041580395
118.8,21.517751734242918,-0.37854816159662347,follow,0.16931334058112668,42.4459409419455,77.4912032010499
118.9,21.479896918083256,-0.3424864577899602,follow,0.20110587301229543,42.42095125013718,169.7537991885289
119.0,21.44564827230426,-0.3619876379195288,follow,0.20791401445035973,42.376386422906755,95.08930934208755
119.1,21.40944950851231,-0.38279331500966846,follow,0.19726720928706243,42.31144147205553,65.14970127389608
119.2,21.371170177011344,-0.3319678486325163,follow,0.22256918883738308,42.279324454354395,131.6415018598106
119.3,21.337973392148093,-0.32182740079357075,follow,0.24456702691744425,42.25152711513959,151.9984585165958
119.4,21.305790652068737,-0.29352005078709287,follow,0.27626207182960627,42.23494804993271,254.74866961993882
119.5,21.276438646990027,-0.3520724191731721,follow,0.25664621474867033,42.17130418523371,66.26138180746682
119.6,21.24123140507271,-0.42247163916801544,follow,0.19533393711736835,42.057181044726434,36.852456791659115
119.7,21.19898424115591,-0.4083228163085207,follow,0.16280625887698363,41.961282620610845,43.75596680299237
119.8,21.158151959525057,-0.3312329034737773,follow,0.19123948537075108,41.928467424658336,127.77149795278477
119.9,21.12502866917768,-0.5190488115228618,follow,0.08442155397404605,41.77196455774057,26.69086220617859
120.0,21.073123788025395,-8.0,emergency,,40.17065217893803,2.508608108617609
120.1,20.273123788025394,-8.0,emergency,,38.588339800135486,2.4387308294546948
120.2,19.473123788025394,-8.0,emergency,,37.04102742133295,2.393894596125373
120.3,18.673123788025393,-8.0,emergency,,35.53671504253041,2.3623228488499373
120.4,17.873123788025392,-8.0,emergency,,34.05140266372787,2.2925414983197108
120.5,17.07312378802539,-8.0,emergency,,32.59409028492533,2.236589132091749
120.6,16.27312378802539,-8.0,emergency,,31.15877790612279,2.1708708408212933
120.7,15.47312378802539,-8.0,emergency,,29.76446552732025,2.134705678571291
120.8,14.67312378802539,-8.0,emergency,,28.399153148517712,2.0800480233999985
120.9,13.873123788025389,-8.0,emergency,,27.064840769715172,2.0283736552009026
121.0,13.073123788025388,-8.0,emergency,,25.757528390912633,1.9702657764554943
121.1,12.273123788025387,-8.0,emergency,,24.530216012110095,1.9986937666222906
121.2,11.473123788025386,-8.0,emergency,,23.382903633307556,2.0380590382640627
121.3,10.673123788025386,-8.0,emergency,,22.31559125450502,2.0908209909025692
121.4,9.873123788025385,-8.0,emergency,,21.32827887570248,2.1602361454811776
121.5,9.073123788025384,-8.0,emergency,,20.47096649689994,2.387807175430386
121.6,8.273123788025384,-8.0,emergency,,19.745654118097402,2.722365520728694
121.7,7.473123788025384,-3.5744825646294816,follow,-2.0103439427432157,19.199341739294862,3.514352316412431
121.8,7.115675531562435,-1.317707211716999,follow,-1.889739111205035,18.78377418613862,4.520029064703318
121.9,6.983904810390736,-1.6062983772823283,follow,-1.988473510486557,18.487383705099546,6.237509261527979
122.0,6.823274972662503,-1.4147766515232663,follow,-1.9138562511604604,18.321056207833294,11.015049531170238
122.1,6.681797307510177,-1.318216955224981,follow,-1.787819484182986,18.234876477082278,21.159124446286288
122.2,6.549975611987679,-1.091072094095972,follow,-1.5420845020980103,18.282878915883508,inf
122.3,6.440868402578082,-0.8953412206784783,follow,-1.2395105282414214,18.4217920756257,inf
122.4,6.351334280510234,-0.5592469896908581,follow,-0.8083427731906774,18.718658647574674,inf
122.5,6.295409581541149,-0.3818955761212435,follow,-0.39999668289116386,19.04311768942056,inf
122.6,6.257220023929024,-0.018762508871489447,follow,0.11356565113412032,19.499395687027658,inf
122.7,6.255343773041876,0.36164361214463725,follow,0.7048456501606566,20.087861309723472,inf
122.8,6.29150813425634,0.7220720631962415,follow,1.330448294913328,20.767710496297838,inf
122.9,6.363715340575964,0.9437735626517795,follow,1.8827659513762924,21.42833896224024,inf
123.0,6.458092696841142,1.2266268565389375,follow,2.4233906472944113,22.110529692556124,inf
123.1,6.5807553824950356,1.6720010213309409,follow,3.0603210805640657,22.93145415430662,inf
123.2,6.74795548462813,1.7623942893566198,follow,3.5217253789016105,23.643658605843807,inf
123.3,6.924194913563792,2.006981506320691,follow,3.9659467441417426,24.35223911448743,inf
123.4,7.124893064195861,2.442679444646757,follow,4.522410211774048,25.20974980806784,inf
123.5,7.369161008660537,2.6451898726119643,follow,4.995092194210983,26.048833707201787,inf
123.6,7.633679995921733,2.8851276265863444,follow,5.433945713727013,26.884465707609614,inf
123.7,7.922192758580368,3.0,follow,5.944957293881025,27.828246431751577,inf
123.8,8.222192758580368,3.0,follow,6.435738018022988,28.76902715589354,inf
123.9,8.522192758580369,3.0,follow,6.903518742164948,29.686807880035502,inf
124.0,8.82219275858037,3.0,follow,7.350299466306911,30.583588604177464,inf
124.1,9.12219275858037,3.0,follow,7.938080190448872,31.621369328319428,inf
124.2,9.42219275858037,3.0,follow,8.533860914590832,32.66715005246139,inf
124.3,9.722192758580372,3.0,follow,9.105641638732791,33.68893077660335,inf
124.4,10.022192758580372,3.0,follow,9.817422362874755,34.85071150074531,inf
124.5,10.322192758580373,3.0,follow,10.368203087016713,35.851492224887274,inf
124.6,10.622192758580374,3.0,follow,10.90798381115868,36.84127294902924,inf
124.7,10.922192758580374,3.0,follow,11.519764535300638,37.9030536731712,inf
124.8,11.222192758580375,3.0,follow,12.194545259442602,39.027834397313164,inf
124.9,11.522192758580376,3.0,follow,12.909325983584562,40.19261512145513,inf
125.0,11.822192758580377,3.0,follow,13.610106707726523,41.34339584559709,inf
125.1,12.122192758580377,3.0,follow,14.372887431868484,42.55617656973905,inf
125.2,12.422192758580378,3.0,follow,15.038668156010448,43.671957293881015,inf
125.3,12.722192758580379,3.0,follow,15.924448880152408,45.00773801802298,inf
125.4,13.02219275858038,3.0,follow,16.71622960429437,46.24951874216494,inf
125.5,13.32219275858038,3.0,follow,17.621010328436327,47.6042994663069,inf
125.6,13.62219275858038,3.0,follow,18.48579105257829,48.91908019044886,inf
125.7,13.922192758580382,3.0,follow,19.38057177672025,50.26386091459082,inf
125.8,14.222192758580382,3.0,follow,20.305352500862213,51.638641638732786,inf
125.9,14.522192758580383,3.0,follow,21.24113322500417,53.024422362874745,inf
126.0,14.822192758580384,3.0,follow,22.213913949146132,54.4472030870167,inf
126.1,15.122192758580384,3.0,follow,23.26769467328809,55.950983811158665,inf
126.2,15.422192758580385,3.0,follow,24.24247539743005,57.375764535300625,inf
126.3,15.722192758580386,3.0,follow,25.284256121572007,58.867545259442586,inf
126.4,16.022192758580385,3.0,follow,26.224036845713975,60.25732598358455,inf
126.5,16.322192758580385,3.0,follow,27.271817569855934,61.75510670772651,inf
126.6,16.622192758580386,3.0,follow,28.098598293997895,63.031887431868476,inf
126.7,16.922192758580387,3.0,follow,29.118379018139862,64.50166815601044,inf
126.8,17.222192758580388,3.0,follow,29.942159742281817,65.7754488801524,inf
126.9,17.52219275858039,3.0,follow,30.61094046642377,66.89422960429435,inf
127.0,17.82219275858039,3.0,follow,31.390721190565728,68.12401032843631,inf
127.1,18.12219275858039,3.0,follow,32.06750191470769,69.25079105257828,inf
127.2,18.42219275858039,3.0,follow,32.85128263884966,70.48457177672024,inf
127.3,18.72219275858039,3.0,follow,33.47006336299162,71.5533525008622,inf
127.4,19.022192758580392,3.0,follow,34.07784408713358,72.61113322500417,inf
127.5,19.322192758580393,3.0,follow,34.52562481127555,73.50891394914613,inf
127.6,19.622192758580393,3.0,follow,35.0724055354175,74.50569467328809,inf
127.7,19.922192758580394,3.0,follow,35.41218625955946,75.29547539743005,inf
127.8,20.222192758580395,3.0,follow,35.796966983701424,76.13025612157202,inf
127.9,20.522192758580395,3.0,follow,36.36274770784338,77.14603684571398,inf
128.0,20.822192758580396,3.0,follow,36.90152843198535,78.13481756985594,inf
128.1,21.122192758580397,3.0,follow,37.3773091561273,79.0605982939979,inf
128.2,21.422192758580398,3.0,follow,37.69808988026926,79.83137901813986,inf
128.3,21.722192758580398,3.0,follow,38.07187060441122,80.65515974228181,inf
128.4,22.0221927585804,3.0,follow,38.41965132855317,81.45294046642377,inf
128.5,22.3221927585804,3.0,follow,38.63343205269513,82.11672119056573,inf
128.6,22.6221927585804,3.0,follow,39.056212776837086,82.98950191470769,inf
128.7,22.9221927585804,3.0,follow,39.392993500979046,83.77628263884965,inf
128.8,23.2221927585804,3.0,follow,39.60077422512101,84.43406336299161,inf
128.9,23.522192758580402,3.0,follow,39.80055494926297,85.08384408713357,inf
129.0,23.822192758580403,3.0,follow,39.98733567340492,85.72062481127553,inf
129.1,24.122192758580404,3.0,follow,39.94111639754688,86.12440553541748,inf
129.2,24.422192758580405,3.0,follow,40.02689712168883,86.66018625955944,inf
129.3,24.722192758580405,3.0,follow,40.043677845830786,87.1269669837014,inf
129.4,25.022192758580406,3.0,follow,40.00145856997274,87.53474770784335,inf
129.5,25.322192758580407,3.0,follow,39.99423929411469,87.9775284319853,inf
129.6,25.622192758580407,3.0,follow,40.14402001825666,88.57730915612727,inf
129.7,25.922192758580408,3.0,follow,40.15980074239862,89.04308988026924,inf
129.8,26.22219275858041,3.0,follow,40.036581466540575,89.36987060441119,inf
129.9,26.52219275858041,3.0,follow,39.98636219068254,89.76965132855315,inf
130.0,26.82219275858041,3.0,cruise,,,
130.1,27.12219275858041,3.0,cruise,,,
130.2,27.42219275858041,3.0,cruise,,,
130.3,27.722192758580412,3.0,cruise,,,
130.4,28.022192758580413,3.0,cruise,,,
130.5,28.322192758580414,3.0,cruise,,,
130.6,28.622192758580415,3.0,cruise,,,
130.7,28.922192758580415,3.0,cruise,,,
130.8,29.222192758580416,3.0,cruise,,,
130.9,29.522192758580417,3.0,cruise,,,
131.0,29.822192758580417,2.0638218431686637,cruise,,,
131.1,30.028574942897283,1.1255001623245748,cruise,,,
131.2,30.14112495912974,0.6564411242875641,cruise,,,
131.3,30.206769071558497,0.3749196968759225,cruise,,,
131.4,30.24426104124609,0.21536773013787225,cruise,,,
131.5,30.265797814259876,0.1233732639284919,cruise,,,
131.6,30.278135140652726,0.07060794344452925,cruise,,,
131.7,30.28519593499718,0.0402953078356556,cruise,,,
131.8,30.289225465780746,0.022889692012935337,cruise,,,
131.9,30.29151443498204,0.012893893153747449,cruise,,,
132.0,30.292803824297415,0.007153722638498561,cruise,,,
132.1,30.293519196561267,0.0038573591742037117,cruise,,,
132.2,30.293904932478686,0.0019644110010619276,cruise,,,
132.3,30.29410137357879,0.000877398944273855,cruise,,,
132.4,30.29418911347322,0.0002532115643310018,cruise,,,
132.5,30.29421443462965,-0.00010518991446195614,cruise,,,
132.6,30.294203915638207,-0.00031095872499831145,cruise,,,
132.7,30.294172819765706,-0.00042907530120350756,cruise,,,
132.8,30.294129912235586,-0.0004968559052249688,cruise,,,
132.9,30.294080226645065,-0.000535730118857991,cruise,,,
133.0,30.29402665363318,-0.0005580042916955019,cruise,,,
133.1,30.29397085320401,-0.0005707455817671736,cruise,,,
133.2,30.29391377864583,-0.0005780124405132536,cruise,,,
133.3,30.29385597740178,-0.0005821355117894278,cruise,,,
133.4,30.293797763850602,-0.0005844532126242363,cruise,,,
133.5,30.29373931852934,-0.0005857341547608197,cruise,,,
133.6,30.293680745113864,-0.0005864197282798855,cruise,,,
133.7,30.293622103141036,-0.0005867634099294694,cruise,,,
133.8,30.293563426800045,-0.000586910763609616,cruise,,,
133.9,30.293504735723683,-0.0005869453821552018,cruise,,,
134.0,30.29344604118547,-0.0005869152704145453,cruise,,,
134.1,30.293387349658428,-0.0005868479960411399,cruise,,,
134.2,30.293328664858823,-0.0005867593903128299,cruise,,,
134.3,30.293269988919793,-0.0005866585446561157,cruise,,,
134.4,30.29321132306533,-0.0005865506799669351,cruise,,,
134.5,30.293152667997333,-0.0005864387944551908,cruise,,,
134.6,30.293094024117888,-0.000586324609898714,cruise,,,
134.7,30.293035391656897,-0.0005862091150530269,cruise,,,
134.8,30.29297677074539,-0.0005860928777519092,cruise,,,
134.9,30.292918161457614,-0.0005859762240549848,cruise,,,
135.0,30.292859563835208,-0.0005858593412315649,cruise,,,
135.1,30.292800977901084,-0.0005857423367974235,cruise,,,
135.2,30.292742403667404,-0.0005856252725064959,cruise,,,
135.3,30.292683841140153,-0.0005855081838228582,cruise,,,
135.4,30.29262529032177,-0.0005853910910917914,cruise,,,
135.5,30.29256675121266,-0.0005852740060368067,cruise,,,
135.6,30.292508223812057,-0.0005851569353325647,cruise,,,
135.7,30.292449708118525,-0.0005850398828659564,cruise,,,
135.8,30.29239120413024,-0.0005849228508176818,cruise,,,
135.9,30.29233271184516,-0.0005848058404602785,cruise,,,
136.0,30.292274231261114,-0.0005846888525347094,cruise,,,
136.1,30.29221576237586,-0.0005845718874346595,cruise,,,
136.2,30.292157305187118,-0.0005844549454172565,cruise,,,
136.3,30.292098859692576,-0.0005843380266019604,cruise,,,
136.4,30.292040425889915,-0.0005842211310702616,cruise,,,
136.5,30.29198200377681,-0.0005841042588696777,cruise,,,
136.6,30.291923593350923,-0.0005839874100093123,cruise,,,
136.7,30.291865194609922,-0.0005838705845033765,cruise,,,
136.8,30.29180680755147,-0.0005837537823427663,cruise,,,
136.9,30.291748432173236,-0.0005836370035618987,cruise,,,
137.0,30.291690068472878,-0.0005835202481216939,cruise,,,
137.1,30.291631716448066,-0.0005834035160550144,cruise,,,
137.2,30.291573376096462,-0.0005832868073400999,cruise,,,
137.3,30.29151504741573,-0.0005831701219591867,cruise,,,
137.4,30.29145673040353,-0.0005830534599138293,cruise,,,
137.5,30.29139842505754,-0.0005829368212206809,cruise,,,
137.6,30.291340131375417,-0.0005828202058482113,cruise,,,
137.7,30.29128184935483,-0.0005827036138121855,cruise,,,
137.8,30.29122357899345,-0.0005825870450977266,cruise,,,
137.9,30.29116532028894,-0.0005824704997119401,cruise,,,
138.0,30.29110707323897,-0.000582353977635508,cruise,,,
138.1,30.291048837841206,-0.0005822374788713169,cruise,,,
138.2,30.290990614093317,-0.00058212100339472,cruise,,,
138.3,30.29093240199298,-0.0005820045512467953,cruise,,,
138.4,30.290874201537854,-0.0005818881223698114,cruise,,,
138.5,30.290816012725617,-0.0005817717168039582,cruise,,,
138.6,30.290757835553936,-0.0005816553345079356,cruise,,,
138.7,30.290699670020487,-0.0005815389755137179,cruise,,,
138.8,30.290641516122935,-0.000581422639775786,cruise,,,
138.9,30.290583373858958,-0.0005813063273207852,cruise,,,
139.0,30.290525243226227,-0.0005811900381413881,cruise,,,
139.1,30.290467124222413,-0.0005810737722100612,cruise,,,
139.2,30.290409016845192,-0.0005809575295432357,cruise,,,
139.3,30.290350921092237,-0.0005808413101262566,cruise,,,
139.4,30.290292836961225,-0.0005807251139675618,cruise,,,
139.5,30.290234764449828,-0.0005806089410480553,cruise,,,
139.6,30.290176703555723,-0.0005804927913708458,cruise,,,
139.7,30.290118654276586,-0.0005803766649339348,cruise,,,
139.8,30.29006061661009,-0.0005802605617108991,cruise,,,
139.9,30.29000259055392,-0.0005801444817410406,cruise,,,
140.0,30.289944576105746,-0.0005800284249650733,cruise,,,
140.1,30.28988657326325,-0.000579912391421411,cruise,,,
140.2,30.289828582024107,-0.0005797963810887374,cruise,,,
140.3,30.289770602386,-0.0005796803939719375,cruise,,,
140.4,30.289712634346603,-0.0005795644300490288,cruise,,,
140.5,30.2896546779036,-0.0005794484893202334,cruise,,,
140.6,30.289596733054665,-0.0005793325717800002,cruise,,,
140.7,30.289538799797487,-0.0005792166774418739,cruise,,,
140.8,30.289480878129744,-0.0005791008062918657,cruise,,,
140.9,30.289422968049116,-0.000578984958317541,cruise,,,
141.0,30.289365069553284,-0.000578869133504023,cruise,,,
141.1,30.289307182639934,-0.0005787533318775129,cruise,,,
141.2,30.289249307306747,-0.0005786375534106991,cruise,,,
141.3,30.289191443551406,-0.0005785217981033597,cruise,,,
141.4,30.289133591371595,-0.0005784060659492773,cruise,,,
141.5,30.289075750765,-0.0005782903569606646,cruise,,,
141.6,30.289017921729304,-0.0005781746711022162,cruise,,,
141.7,30.288960104262195,-0.0005780590084067949,cruise,,,
141.8,30.288902298361354,-0.0005779433688302138,cruise,,,
141.9,30.28884450402447,-0.0005778277524011166,cruise,,,
142.0,30.28878672124923,-0.0005777121590919698,cruise,,,
142.1,30.28872895003332,-0.0005775965889014412,cruise,,,
142.2,30.28867119037443,-0.0005774810418439635,cruise,,,
142.3,30.288613442270247,-0.0005773655179064363,cruise,,,
142.4,30.288555705718455,-0.0005772500170559969,cruise,,,
142.5,30.28849798071675,-0.0005771345393246197,cruise,,,
142.6,30.288440267262814,-0.0005770190846894341,cruise,,,
142.7,30.288382565354347,-0.0005769036531739768,cruise,,,
142.8,30.28832487498903,-0.0005767882447289541,cruise,,,
142.9,30.288267196164558,-0.0005766728593774584,cruise,,,
143.0,30.28820952887862,-0.0005765574971079435,cruise,,,
143.1,30.28815187312891,-0.0005764421579106394,cruise,,,
143.2,30.28809422891312,-0.0005763268417939837,cruise,,,
143.3,30.28803659622894,-0.0005762115487402131,cruise,,,
143.4,30.28797897507407,-0.0005760962787533241,cruise,,,
143.5,30.28792136544619,-0.0005759810318104464,cruise,,,
143.6,30.287863767343012,-0.0005758658079542123,cruise,,,
143.7,30.287806180762217,-0.0005757506071282226,cruise,,,
143.8,30.287748605701506,-0.0005756354293526833,cruise,,,
143.9,30.28769104215857,-0.0005755202746133836,cruise,,,
144.0,30.28763349013111,-0.0005754051429183171,cruise,,,
144.1,30.28757594961682,-0.0005752900342490541,cruise,,,
144.2,30.287518420613395,-0.0005751749486087032,cruise,,,
144.3,30.287460903118536,-0.000575059885995044,cruise,,,
144.4,30.287403397129935,-0.0005749448463823192,cruise,,,
144.5,30.287345902645296,-0.0005748298297885146,cruise,,,
144.6,30.287288419662318,-0.0005747148362225118,cruise,,,
144.7,30.287230948178696,-0.0005745998656478957,cruise,,,
144.8,30.28717348819213,-0.0005744849180757683,cruise,,,
144.9,30.287116039700322,-0.0005743699934865898,cruise,,,
145.0,30.287058602700974,-0.000574255091904341,cruise,,,
145.1,30.287001177191783,-0.0005741402133017104,cruise,,,
145.2,30.286943763170452,-0.0005740253576769216,cruise,,,
145.3,30.286886360634686,-0.0005739105250437415,cruise,,,
145.4,30.28682896958218,-0.0005737957153677531,cruise,,,
145.5,30.286771590010645,-0.0005736809286613909,cruise,,,
145.6,30.28671422191778,-0.0005735661649284296,cruise,,,
145.7,30.286656865301286,-0.000573451424127347,cruise,,,
145.8,30.286599520158873,-0.0005733367063063266,cruise,,,
145.9,30.286542186488244,-0.0005732220114336162,cruise,,,
146.0,30.2864848642871,-0.000573107339485901,cruise,,,
146.1,30.286427553553153,-0.0005729926905011506,cruise,,,
146.2,30.286370254284105,-0.0005728780644407294,cruise,,,
146.3,30.28631296647766,-0.0005727634612950894,cruise,,,
146.4,30.28625569013153,-0.0005726488810922081,cruise,,,
146.5,30.28619842524342,-0.0005725343238076608,cruise,,,
146.6,30.28614117181104,-0.0005724197894432237,cruise,,,
146.7,30.286083929832095,-0.0005723052779951221,cruise,,,
146.8,30.286026699304294,-0.0005721907894351563,cruise,,,
146.9,30.28596948022535,-0.000572076323801296,cruise,,,
147.0,30.28591227259297,-0.0005719618810540172,cruise,,,
147.1,30.285855076404864,-0.0005718474612050883,cruise,,,
147.2,30.285797891658746,-0.0005717330642565077,cruise,,,
147.3,30.28574071835232,-0.0005716186901658649,cruise,,,
147.4,30.285683556483303,-0.0005715043389804553,cruise,,,
147.5,30.285626406049406,-0.0005713900106674163,cruise,,,
147.6,30.285569267048338,-0.000571275705201657,cruise,,,
147.7,30.285512139477817,-0.0005711614226204809,cruise,,,
147.8,30.285455023335555,-0.000571047162905236,cruise,,,
147.9,30.285397918619264,-0.0005709329260421558,cruise,,,
148.0,30.28534082532666,-0.0005708187120365693,cruise,,,
148.1,30.285283743455455,-0.000570704520866494,cruise,,,
148.2,30.28522667300337,-0.0005705903525539124,cruise,,,
148.3,30.28516961396811,-0.0005704762070688485,cruise,,,
148.4,30.285112566347404,-0.0005703620844288437,cruise,,,
148.5,30.285055530138962,-0.0005702479846205755,cruise,,,
148.6,30.2849985053405,-0.0005701339076318312,cruise,,,
148.7,30.284941491949738,-0.0005700198534701606,cruise,,,
148.8,30.28488448996439,-0.0005699058221149134,cruise,,,
148.9,30.284827499382178,-0.000569791813568532,cruise,,,
149.0,30.284770520200823,-0.0005696778278496684,cruise,,,
149.1,30.284713552418037,-0.0005695638649061419,cruise,,,
149.2,30.284656596031546,-0.0005694499247792528,cruise,,,
149.3,30.284599651039066,-0.0005693360074312537,cruise,,,
149.4,30.284542717438324,-0.0005692221128952291,cruise,,,
149.5,30.284485795227035,-0.0005691082411285464,cruise,,,
149.6,30.28442888440292,-0.0005689943921380891,cruise,,,
149.7,30.284371984963705,-0.000568880565923191,cruise,,,
149.8,30.284315096907115,-0.0005687667625011716,cruise,,,
149.9,30.284258220230864,-0.0005686529818194064,cruise,,,
150.0,30.284201354932684,-0.0005685392239196396,cruise,,,
