v -2.000000 37.000000 0.000000
v -2.000000 36.961571 0.390181
v -2.000000 36.847759 0.765367
v -2.000000 36.662939 1.111140
v -2.000000 36.414214 1.414214
v -2.000000 36.111140 1.662939
v -2.000000 35.765367 1.847759
v -2.000000 35.390181 1.961571
v -2.000000 35.000000 2.000000
v -2.000000 34.609819 1.961571
v -2.000000 34.234633 1.847759
v -2.000000 33.888860 1.662939
v -2.000000 33.585786 1.414214
v -2.000000 33.337061 1.111140
v -2.000000 33.152241 0.765367
v -2.000000 33.038429 0.390181
v -2.000000 33.000000 0.000000
v -2.000000 33.038429 -0.390181
v -2.000000 33.152241 -0.765367
v -2.000000 33.337061 -1.111140
v -2.000000 33.585786 -1.414214
v -2.000000 33.888860 -1.662939
v -2.000000 34.234633 -1.847759
v -2.000000 34.609819 -1.961571
v -2.000000 35.000000 -2.000000
v -2.000000 35.390181 -1.961571
v -2.000000 35.765367 -1.847759
v -2.000000 36.111140 -1.662939
v -2.000000 36.414214 -1.414214
v -2.000000 36.662939 -1.111140
v -2.000000 36.847759 -0.765367
v -2.000000 36.961571 -0.390181
v 2.000000 37.000000 0.000000
v 2.000000 36.961571 0.390181
v 2.000000 36.847759 0.765367
v 2.000000 36.662939 1.111140
v 2.000000 36.414214 1.414214
v 2.000000 36.111140 1.662939
v 2.000000 35.765367 1.847759
v 2.000000 35.390181 1.961571
v 2.000000 35.000000 2.000000
v 2.000000 34.609819 1.961571
v 2.000000 34.234633 1.847759
v 2.000000 33.888860 1.662939
v 2.000000 33.585786 1.414214
v 2.000000 33.337061 1.111140
v 2.000000 33.152241 0.765367
v 2.000000 33.038429 0.390181
v 2.000000 33.000000 0.000000
v 2.000000 33.038429 -0.390181
v 2.000000 33.152241 -0.765367
v 2.000000 33.337061 -1.111140
v 2.000000 33.585786 -1.414214
v 2.000000 33.888860 -1.662939
v 2.000000 34.234633 -1.847759
v 2.000000 34.609819 -1.961571
v 2.000000 35.000000 -2.000000
v 2.000000 35.390181 -1.961571
v 2.000000 35.765367 -1.847759
v 2.000000 36.111140 -1.662939
v 2.000000 36.414214 -1.414214
v 2.000000 36.662939 -1.111140
v 2.000000 36.847759 -0.765367
v 2.000000 36.961571 -0.390181
v -2.000000 35.000000 0.000000
v 2.000000 35.000000 0.000000
v 0.000000 35.000000 -31.000000
v 0.000000 35.382683 -30.923880
v 0.000000 35.707107 -30.707107
v 0.000000 35.923880 -30.382683
v 0.000000 36.000000 -30.000000
v 0.000000 35.923880 -29.617317
v 0.000000 35.707107 -29.292893
v 0.000000 35.382683 -29.076120
v 0.000000 35.000000 -29.000000
v 0.000000 34.617317 -29.076120
v 0.000000 34.292893 -29.292893
v 0.000000 34.076120 -29.617317
v 0.000000 34.000000 -30.000000
v 0.000000 34.076120 -30.382683
v 0.000000 34.292893 -30.707107
v 0.000000 34.617317 -30.923880
v 1.946506 35.000000 -30.938829
v 1.941726 35.382683 -30.862858
v 1.928115 35.707107 -30.646513
v 1.907744 35.923880 -30.322730
v 1.883716 36.000000 -29.940802
v 1.859687 35.923880 -29.558874
v 1.839316 35.707107 -29.235090
v 1.825705 35.382683 -29.018745
v 1.820925 35.000000 -28.942775
v 1.825705 34.617317 -29.018745
v 1.839316 34.292893 -29.235090
v 1.859687 34.076120 -29.558874
v 1.883716 34.000000 -29.940802
v 1.907744 34.076120 -30.322730
v 1.928115 34.292893 -30.646513
v 1.941726 34.617317 -30.862858
v 3.885330 35.000000 -30.755556
v 3.875790 35.382683 -30.680036
v 3.848621 35.707107 -30.464972
v 3.807960 35.923880 -30.143107
v 3.759997 36.000000 -29.763441
v 3.712034 35.923880 -29.383775
v 3.671373 35.707107 -29.061910
v 3.644204 35.382683 -28.846847
v 3.634664 35.000000 -28.771326
v 3.644204 34.617317 -28.846847
v 3.671373 34.292893 -29.061910
v 3.712034 34.076120 -29.383775
v 3.759997 34.000000 -29.763441
v 3.807960 34.076120 -30.143107
v 3.848621 34.292893 -30.464972
v 3.875790 34.617317 -30.680036
v 5.808821 35.000000 -30.450905
v 5.794557 35.382683 -30.376133
v 5.753938 35.707107 -30.163199
v 5.693147 35.923880 -29.844523
v 5.621439 36.000000 -29.468618
v 5.549732 35.923880 -29.092712
v 5.488941 35.707107 -28.774036
v 5.448322 35.382683 -28.561102
v 5.434058 35.000000 -28.486330
v 5.448322 34.617317 -28.561102
v 5.488941 34.292893 -28.774036
v 5.549732 34.076120 -29.092712
v 5.621439 34.000000 -29.468618
v 5.693147 34.076120 -29.844523
v 5.753938 34.292893 -30.163199
v 5.794557 34.617317 -30.376133
v 7.709387 35.000000 -30.026078
v 7.690456 35.382683 -29.952349
v 7.636547 35.707107 -29.742387
v 7.555866 35.923880 -29.428156
v 7.460697 36.000000 -29.057495
v 7.365527 35.923880 -28.686834
v 7.284846 35.707107 -28.372603
v 7.230937 35.382683 -28.162641
v 7.212007 35.000000 -28.088912
v 7.230937 34.617317 -28.162641
v 7.284846 34.292893 -28.372603
v 7.365527 34.076120 -28.686834
v 7.460697 34.000000 -29.057495
v 7.555866 34.076120 -29.428156
v 7.636547 34.292893 -29.742387
v 7.690456 34.617317 -29.952349
v 9.579527 35.000000 -29.482752
v 9.556004 35.382683 -29.410357
v 9.489018 35.707107 -29.204194
v 9.388766 35.923880 -28.895649
v 9.270510 36.000000 -28.531695
v 9.152254 35.923880 -28.167742
v 9.052002 35.707107 -27.859197
v 8.985015 35.382683 -27.653034
v 8.961493 35.000000 -27.580639
v 8.985015 34.617317 -27.653034
v 9.052002 34.292893 -27.859197
v 9.152254 34.076120 -28.167742
v 9.270510 34.000000 -28.531695
v 9.388766 34.076120 -28.895649
v 9.489018 34.292893 -29.204194
v 9.556004 34.617317 -29.410357
v 11.411861 35.000000 -28.823071
v 11.383839 35.382683 -28.752296
v 11.304040 35.707107 -28.550746
v 11.184612 35.923880 -28.249105
v 11.043737 36.000000 -27.893295
v 10.902861 35.923880 -27.537485
v 10.783433 35.707107 -27.235843
v 10.703634 35.382683 -27.034293
v 10.675612 35.000000 -26.963518
v 10.703634 34.617317 -27.034293
v 10.783433 34.292893 -27.235843
v 10.902861 34.076120 -27.537485
v 11.043737 34.000000 -27.893295
v 11.184612 34.076120 -28.249105
v 11.304040 34.292893 -28.550746
v 11.383839 34.617317 -28.752296
v 13.199158 35.000000 -28.049639
v 13.166748 35.382683 -27.980763
v 13.074450 35.707107 -27.784621
v 12.936317 35.923880 -27.491074
v 12.773379 36.000000 -27.144812
v 12.610440 35.923880 -26.798549
v 12.472307 35.707107 -26.505002
v 12.380010 35.382683 -26.308860
v 12.347599 35.000000 -26.239985
v 12.380010 34.617317 -26.308860
v 12.472307 34.292893 -26.505002
v 12.610440 34.076120 -26.798549
v 12.773379 34.000000 -27.144812
v 12.936317 34.076120 -27.491074
v 13.074450 34.292893 -27.784621
v 13.166748 34.617317 -27.980763
v 14.934364 35.000000 -27.165507
v 14.897693 35.382683 -27.098802
v 14.793262 35.707107 -26.908843
v 14.636969 35.923880 -26.624548
v 14.452610 36.000000 -26.289200
v 14.268251 35.923880 -25.953852
v 14.111959 35.707107 -25.669558
v 14.007528 35.382683 -25.479599
v 13.970857 35.000000 -25.412894
v 14.007528 34.617317 -25.479599
v 14.111959 34.292893 -25.669558
v 14.268251 34.076120 -25.953852
v 14.452610 34.000000 -26.289200
v 14.636969 34.076120 -26.624548
v 14.793262 34.292893 -26.908843
v 14.897693 34.617317 -27.098802
v 16.610631 35.000000 -26.174166
v 16.569843 35.382683 -26.109895
v 16.453691 35.707107 -25.926868
v 16.279856 35.923880 -25.652948
v 16.074804 36.000000 -25.329838
v 15.869752 35.923880 -25.006727
v 15.695917 35.707107 -24.732808
v 15.579764 35.382683 -24.549780
v 15.538977 35.000000 -24.485510
v 15.579764 34.617317 -24.549780
v 15.695917 34.292893 -24.732808
v 15.869752 34.076120 -25.006727
v 16.074804 34.000000 -25.329838
v 16.279856 34.076120 -25.652948
v 16.453691 34.292893 -25.926868
v 16.569843 34.617317 -26.109895
v 18.221343 35.000000 -25.079527
v 18.176600 35.382683 -25.017944
v 18.049185 35.707107 -24.842571
v 17.858493 35.923880 -24.580107
v 17.633558 36.000000 -24.270510
v 17.408622 35.923880 -23.960912
v 17.217931 35.707107 -23.698448
v 17.090515 35.382683 -23.523076
v 17.045772 35.000000 -23.461493
v 17.090515 34.617317 -23.523076
v 17.217931 34.292893 -23.698448
v 17.408622 34.076120 -23.960912
v 17.633558 34.000000 -24.270510
v 17.858493 34.076120 -24.580107
v 18.049185 34.292893 -24.842571
v 18.176600 34.617317 -25.017944
v 19.760144 35.000000 -23.885911
v 19.711623 35.382683 -23.827259
v 19.573447 35.707107 -23.660232
v 19.366651 35.923880 -23.410260
v 19.122720 36.000000 -23.115397
v 18.878788 35.923880 -22.820535
v 18.671993 35.707107 -22.570562
v 18.533817 35.382683 -22.403536
v 18.485296 35.000000 -22.344884
v 18.533817 34.617317 -22.403536
v 18.671993 34.292893 -22.570562
v 18.878788 34.076120 -22.820535
v 19.122720 34.000000 -23.115397
v 19.366651 34.076120 -23.410260
v 19.573447 34.292893 -23.660232
v 19.711623 34.617317 -23.827259
v 21.220960 35.000000 -22.598027
v 21.168852 35.382683 -22.542538
v 21.020461 35.707107 -22.384517
v 20.798378 35.923880 -22.148023
v 20.536413 36.000000 -21.869059
v 20.274448 35.923880 -21.590095
v 20.052365 35.707107 -21.353600
v 19.903974 35.382683 -21.195580
v 19.851866 35.000000 -21.140090
v 19.903974 34.617317 -21.195580
v 20.052365 34.292893 -21.353600
v 20.274448 34.076120 -21.590095
v 20.536413 34.000000 -21.869059
v 20.798378 34.076120 -22.148023
v 21.020461 34.292893 -22.384517
v 21.168852 34.617317 -22.542538
v 22.598027 35.000000 -21.220960
v 22.542538 35.382683 -21.168852
v 22.384517 35.707107 -21.020461
v 22.148023 35.923880 -20.798378
v 21.869059 36.000000 -20.536413
v 21.590095 35.923880 -20.274448
v 21.353600 35.707107 -20.052365
v 21.195580 35.382683 -19.903974
v 21.140090 35.000000 -19.851866
v 21.195580 34.617317 -19.903974
v 21.353600 34.292893 -20.052365
v 21.590095 34.076120 -20.274448
v 21.869059 34.000000 -20.536413
v 22.148023 34.076120 -20.798378
v 22.384517 34.292893 -21.020461
v 22.542538 34.617317 -21.168852
v 23.885911 35.000000 -19.760144
v 23.827259 35.382683 -19.711623
v 23.660232 35.707107 -19.573447
v 23.410260 35.923880 -19.366651
v 23.115397 36.000000 -19.122720
v 22.820535 35.923880 -18.878788
v 22.570562 35.707107 -18.671993
v 22.403536 35.382683 -18.533817
v 22.344884 35.000000 -18.485296
v 22.403536 34.617317 -18.533817
v 22.570562 34.292893 -18.671993
v 22.820535 34.076120 -18.878788
v 23.115397 34.000000 -19.122720
v 23.410260 34.076120 -19.366651
v 23.660232 34.292893 -19.573447
v 23.827259 34.617317 -19.711623
v 25.079527 35.000000 -18.221343
v 25.017944 35.382683 -18.176600
v 24.842571 35.707107 -18.049185
v 24.580107 35.923880 -17.858493
v 24.270510 36.000000 -17.633558
v 23.960912 35.923880 -17.408622
v 23.698448 35.707107 -17.217931
v 23.523076 35.382683 -17.090515
v 23.461493 35.000000 -17.045772
v 23.523076 34.617317 -17.090515
v 23.698448 34.292893 -17.217931
v 23.960912 34.076120 -17.408622
v 24.270510 34.000000 -17.633558
v 24.580107 34.076120 -17.858493
v 24.842571 34.292893 -18.049185
v 25.017944 34.617317 -18.176600
v 26.174166 35.000000 -16.610631
v 26.109895 35.382683 -16.569843
v 25.926868 35.707107 -16.453691
v 25.652948 35.923880 -16.279856
v 25.329838 36.000000 -16.074804
v 25.006727 35.923880 -15.869752
v 24.732808 35.707107 -15.695917
v 24.549780 35.382683 -15.579764
v 24.485510 35.000000 -15.538977
v 24.549780 34.617317 -15.579764
v 24.732808 34.292893 -15.695917
v 25.006727 34.076120 -15.869752
v 25.329838 34.000000 -16.074804
v 25.652948 34.076120 -16.279856
v 25.926868 34.292893 -16.453691
v 26.109895 34.617317 -16.569843
v 27.165507 35.000000 -14.934364
v 27.098802 35.382683 -14.897693
v 26.908843 35.707107 -14.793262
v 26.624548 35.923880 -14.636969
v 26.289200 36.000000 -14.452610
v 25.953852 35.923880 -14.268251
v 25.669558 35.707107 -14.111959
v 25.479599 35.382683 -14.007528
v 25.412894 35.000000 -13.970857
v 25.479599 34.617317 -14.007528
v 25.669558 34.292893 -14.111959
v 25.953852 34.076120 -14.268251
v 26.289200 34.000000 -14.452610
v 26.624548 34.076120 -14.636969
v 26.908843 34.292893 -14.793262
v 27.098802 34.617317 -14.897693
v 28.049639 35.000000 -13.199158
v 27.980763 35.382683 -13.166748
v 27.784621 35.707107 -13.074450
v 27.491074 35.923880 -12.936317
v 27.144812 36.000000 -12.773379
v 26.798549 35.923880 -12.610440
v 26.505002 35.707107 -12.472307
v 26.308860 35.382683 -12.380010
v 26.239985 35.000000 -12.347599
v 26.308860 34.617317 -12.380010
v 26.505002 34.292893 -12.472307
v 26.798549 34.076120 -12.610440
v 27.144812 34.000000 -12.773379
v 27.491074 34.076120 -12.936317
v 27.784621 34.292893 -13.074450
v 27.980763 34.617317 -13.166748
v 28.823071 35.000000 -11.411861
v 28.752296 35.382683 -11.383839
v 28.550746 35.707107 -11.304040
v 28.249105 35.923880 -11.184612
v 27.893295 36.000000 -11.043737
v 27.537485 35.923880 -10.902861
v 27.235843 35.707107 -10.783433
v 27.034293 35.382683 -10.703634
v 26.963518 35.000000 -10.675612
v 27.034293 34.617317 -10.703634
v 27.235843 34.292893 -10.783433
v 27.537485 34.076120 -10.902861
v 27.893295 34.000000 -11.043737
v 28.249105 34.076120 -11.184612
v 28.550746 34.292893 -11.304040
v 28.752296 34.617317 -11.383839
v 29.482752 35.000000 -9.579527
v 29.410357 35.382683 -9.556004
v 29.204194 35.707107 -9.489018
v 28.895649 35.923880 -9.388766
v 28.531695 36.000000 -9.270510
v 28.167742 35.923880 -9.152254
v 27.859197 35.707107 -9.052002
v 27.653034 35.382683 -8.985015
v 27.580639 35.000000 -8.961493
v 27.653034 34.617317 -8.985015
v 27.859197 34.292893 -9.052002
v 28.167742 34.076120 -9.152254
v 28.531695 34.000000 -9.270510
v 28.895649 34.076120 -9.388766
v 29.204194 34.292893 -9.489018
v 29.410357 34.617317 -9.556004
v 30.026078 35.000000 -7.709387
v 29.952349 35.382683 -7.690456
v 29.742387 35.707107 -7.636547
v 29.428156 35.923880 -7.555866
v 29.057495 36.000000 -7.460697
v 28.686834 35.923880 -7.365527
v 28.372603 35.707107 -7.284846
v 28.162641 35.382683 -7.230937
v 28.088912 35.000000 -7.212007
v 28.162641 34.617317 -7.230937
v 28.372603 34.292893 -7.284846
v 28.686834 34.076120 -7.365527
v 29.057495 34.000000 -7.460697
v 29.428156 34.076120 -7.555866
v 29.742387 34.292893 -7.636547
v 29.952349 34.617317 -7.690456
v 30.450905 35.000000 -5.808821
v 30.376133 35.382683 -5.794557
v 30.163199 35.707107 -5.753938
v 29.844523 35.923880 -5.693147
v 29.468618 36.000000 -5.621439
v 29.092712 35.923880 -5.549732
v 28.774036 35.707107 -5.488941
v 28.561102 35.382683 -5.448322
v 28.486330 35.000000 -5.434058
v 28.561102 34.617317 -5.448322
v 28.774036 34.292893 -5.488941
v 29.092712 34.076120 -5.549732
v 29.468618 34.000000 -5.621439
v 29.844523 34.076120 -5.693147
v 30.163199 34.292893 -5.753938
v 30.376133 34.617317 -5.794557
v 30.755556 35.000000 -3.885330
v 30.680036 35.382683 -3.875790
v 30.464972 35.707107 -3.848621
v 30.143107 35.923880 -3.807960
v 29.763441 36.000000 -3.759997
v 29.383775 35.923880 -3.712034
v 29.061910 35.707107 -3.671373
v 28.846847 35.382683 -3.644204
v 28.771326 35.000000 -3.634664
v 28.846847 34.617317 -3.644204
v 29.061910 34.292893 -3.671373
v 29.383775 34.076120 -3.712034
v 29.763441 34.000000 -3.759997
v 30.143107 34.076120 -3.807960
v 30.464972 34.292893 -3.848621
v 30.680036 34.617317 -3.875790
v 30.938829 35.000000 -1.946506
v 30.862858 35.382683 -1.941726
v 30.646513 35.707107 -1.928115
v 30.322730 35.923880 -1.907744
v 29.940802 36.000000 -1.883716
v 29.558874 35.923880 -1.859687
v 29.235090 35.707107 -1.839316
v 29.018745 35.382683 -1.825705
v 28.942775 35.000000 -1.820925
v 29.018745 34.617317 -1.825705
v 29.235090 34.292893 -1.839316
v 29.558874 34.076120 -1.859687
v 29.940802 34.000000 -1.883716
v 30.322730 34.076120 -1.907744
v 30.646513 34.292893 -1.928115
v 30.862858 34.617317 -1.941726
v 31.000000 35.000000 0.000000
v 30.923880 35.382683 0.000000
v 30.707107 35.707107 0.000000
v 30.382683 35.923880 0.000000
v 30.000000 36.000000 0.000000
v 29.617317 35.923880 0.000000
v 29.292893 35.707107 0.000000
v 29.076120 35.382683 0.000000
v 29.000000 35.000000 0.000000
v 29.076120 34.617317 0.000000
v 29.292893 34.292893 0.000000
v 29.617317 34.076120 0.000000
v 30.000000 34.000000 0.000000
v 30.382683 34.076120 0.000000
v 30.707107 34.292893 0.000000
v 30.923880 34.617317 0.000000
v 30.938829 35.000000 1.946506
v 30.862858 35.382683 1.941726
v 30.646513 35.707107 1.928115
v 30.322730 35.923880 1.907744
v 29.940802 36.000000 1.883716
v 29.558874 35.923880 1.859687
v 29.235090 35.707107 1.839316
v 29.018745 35.382683 1.825705
v 28.942775 35.000000 1.820925
v 29.018745 34.617317 1.825705
v 29.235090 34.292893 1.839316
v 29.558874 34.076120 1.859687
v 29.940802 34.000000 1.883716
v 30.322730 34.076120 1.907744
v 30.646513 34.292893 1.928115
v 30.862858 34.617317 1.941726
v 30.755556 35.000000 3.885330
v 30.680036 35.382683 3.875790
v 30.464972 35.707107 3.848621
v 30.143107 35.923880 3.807960
v 29.763441 36.000000 3.759997
v 29.383775 35.923880 3.712034
v 29.061910 35.707107 3.671373
v 28.846847 35.382683 3.644204
v 28.771326 35.000000 3.634664
v 28.846847 34.617317 3.644204
v 29.061910 34.292893 3.671373
v 29.383775 34.076120 3.712034
v 29.763441 34.000000 3.759997
v 30.143107 34.076120 3.807960
v 30.464972 34.292893 3.848621
v 30.680036 34.617317 3.875790
v 30.450905 35.000000 5.808821
v 30.376133 35.382683 5.794557
v 30.163199 35.707107 5.753938
v 29.844523 35.923880 5.693147
v 29.468618 36.000000 5.621439
v 29.092712 35.923880 5.549732
v 28.774036 35.707107 5.488941
v 28.561102 35.382683 5.448322
v 28.486330 35.000000 5.434058
v 28.561102 34.617317 5.448322
v 28.774036 34.292893 5.488941
v 29.092712 34.076120 5.549732
v 29.468618 34.000000 5.621439
v 29.844523 34.076120 5.693147
v 30.163199 34.292893 5.753938
v 30.376133 34.617317 5.794557
v 30.026078 35.000000 7.709387
v 29.952349 35.382683 7.690456
v 29.742387 35.707107 7.636547
v 29.428156 35.923880 7.555866
v 29.057495 36.000000 7.460697
v 28.686834 35.923880 7.365527
v 28.372603 35.707107 7.284846
v 28.162641 35.382683 7.230937
v 28.088912 35.000000 7.212007
v 28.162641 34.617317 7.230937
v 28.372603 34.292893 7.284846
v 28.686834 34.076120 7.365527
v 29.057495 34.000000 7.460697
v 29.428156 34.076120 7.555866
v 29.742387 34.292893 7.636547
v 29.952349 34.617317 7.690456
v 29.482752 35.000000 9.579527
v 29.410357 35.382683 9.556004
v 29.204194 35.707107 9.489018
v 28.895649 35.923880 9.388766
v 28.531695 36.000000 9.270510
v 28.167742 35.923880 9.152254
v 27.859197 35.707107 9.052002
v 27.653034 35.382683 8.985015
v 27.580639 35.000000 8.961493
v 27.653034 34.617317 8.985015
v 27.859197 34.292893 9.052002
v 28.167742 34.076120 9.152254
v 28.531695 34.000000 9.270510
v 28.895649 34.076120 9.388766
v 29.204194 34.292893 9.489018
v 29.410357 34.617317 9.556004
v 28.823071 35.000000 11.411861
v 28.752296 35.382683 11.383839
v 28.550746 35.707107 11.304040
v 28.249105 35.923880 11.184612
v 27.893295 36.000000 11.043737
v 27.537485 35.923880 10.902861
v 27.235843 35.707107 10.783433
v 27.034293 35.382683 10.703634
v 26.963518 35.000000 10.675612
v 27.034293 34.617317 10.703634
v 27.235843 34.292893 10.783433
v 27.537485 34.076120 10.902861
v 27.893295 34.000000 11.043737
v 28.249105 34.076120 11.184612
v 28.550746 34.292893 11.304040
v 28.752296 34.617317 11.383839
v 28.049639 35.000000 13.199158
v 27.980763 35.382683 13.166748
v 27.784621 35.707107 13.074450
v 27.491074 35.923880 12.936317
v 27.144812 36.000000 12.773379
v 26.798549 35.923880 12.610440
v 26.505002 35.707107 12.472307
v 26.308860 35.382683 12.380010
v 26.239985 35.000000 12.347599
v 26.308860 34.617317 12.380010
v 26.505002 34.292893 12.472307
v 26.798549 34.076120 12.610440
v 27.144812 34.000000 12.773379
v 27.491074 34.076120 12.936317
v 27.784621 34.292893 13.074450
v 27.980763 34.617317 13.166748
v 27.165507 35.000000 14.934364
v 27.098802 35.382683 14.897693
v 26.908843 35.707107 14.793262
v 26.624548 35.923880 14.636969
v 26.289200 36.000000 14.452610
v 25.953852 35.923880 14.268251
v 25.669558 35.707107 14.111959
v 25.479599 35.382683 14.007528
v 25.412894 35.000000 13.970857
v 25.479599 34.617317 14.007528
v 25.669558 34.292893 14.111959
v 25.953852 34.076120 14.268251
v 26.289200 34.000000 14.452610
v 26.624548 34.076120 14.636969
v 26.908843 34.292893 14.793262
v 27.098802 34.617317 14.897693
v 26.174166 35.000000 16.610631
v 26.109895 35.382683 16.569843
v 25.926868 35.707107 16.453691
v 25.652948 35.923880 16.279856
v 25.329838 36.000000 16.074804
v 25.006727 35.923880 15.869752
v 24.732808 35.707107 15.695917
v 24.549780 35.382683 15.579764
v 24.485510 35.000000 15.538977
v 24.549780 34.617317 15.579764
v 24.732808 34.292893 15.695917
v 25.006727 34.076120 15.869752
v 25.329838 34.000000 16.074804
v 25.652948 34.076120 16.279856
v 25.926868 34.292893 16.453691
v 26.109895 34.617317 16.569843
v 25.079527 35.000000 18.221343
v 25.017944 35.382683 18.176600
v 24.842571 35.707107 18.049185
v 24.580107 35.923880 17.858493
v 24.270510 36.000000 17.633558
v 23.960912 35.923880 17.408622
v 23.698448 35.707107 17.217931
v 23.523076 35.382683 17.090515
v 23.461493 35.000000 17.045772
v 23.523076 34.617317 17.090515
v 23.698448 34.292893 17.217931
v 23.960912 34.076120 17.408622
v 24.270510 34.000000 17.633558
v 24.580107 34.076120 17.858493
v 24.842571 34.292893 18.049185
v 25.017944 34.617317 18.176600
v 23.885911 35.000000 19.760144
v 23.827259 35.382683 19.711623
v 23.660232 35.707107 19.573447
v 23.410260 35.923880 19.366651
v 23.115397 36.000000 19.122720
v 22.820535 35.923880 18.878788
v 22.570562 35.707107 18.671993
v 22.403536 35.382683 18.533817
v 22.344884 35.000000 18.485296
v 22.403536 34.617317 18.533817
v 22.570562 34.292893 18.671993
v 22.820535 34.076120 18.878788
v 23.115397 34.000000 19.122720
v 23.410260 34.076120 19.366651
v 23.660232 34.292893 19.573447
v 23.827259 34.617317 19.711623
v 22.598027 35.000000 21.220960
v 22.542538 35.382683 21.168852
v 22.384517 35.707107 21.020461
v 22.148023 35.923880 20.798378
v 21.869059 36.000000 20.536413
v 21.590095 35.923880 20.274448
v 21.353600 35.707107 20.052365
v 21.195580 35.382683 19.903974
v 21.140090 35.000000 19.851866
v 21.195580 34.617317 19.903974
v 21.353600 34.292893 20.052365
v 21.590095 34.076120 20.274448
v 21.869059 34.000000 20.536413
v 22.148023 34.076120 20.798378
v 22.384517 34.292893 21.020461
v 22.542538 34.617317 21.168852
v 21.220960 35.000000 22.598027
v 21.168852 35.382683 22.542538
v 21.020461 35.707107 22.384517
v 20.798378 35.923880 22.148023
v 20.536413 36.000000 21.869059
v 20.274448 35.923880 21.590095
v 20.052365 35.707107 21.353600
v 19.903974 35.382683 21.195580
v 19.851866 35.000000 21.140090
v 19.903974 34.617317 21.195580
v 20.052365 34.292893 21.353600
v 20.274448 34.076120 21.590095
v 20.536413 34.000000 21.869059
v 20.798378 34.076120 22.148023
v 21.020461 34.292893 22.384517
v 21.168852 34.617317 22.542538
v 19.760144 35.000000 23.885911
v 19.711623 35.382683 23.827259
v 19.573447 35.707107 23.660232
v 19.366651 35.923880 23.410260
v 19.122720 36.000000 23.115397
v 18.878788 35.923880 22.820535
v 18.671993 35.707107 22.570562
v 18.533817 35.382683 22.403536
v 18.485296 35.000000 22.344884
v 18.533817 34.617317 22.403536
v 18.671993 34.292893 22.570562
v 18.878788 34.076120 22.820535
v 19.122720 34.000000 23.115397
v 19.366651 34.076120 23.410260
v 19.573447 34.292893 23.660232
v 19.711623 34.617317 23.827259
v 18.221343 35.000000 25.079527
v 18.176600 35.382683 25.017944
v 18.049185 35.707107 24.842571
v 17.858493 35.923880 24.580107
v 17.633558 36.000000 24.270510
v 17.408622 35.923880 23.960912
v 17.217931 35.707107 23.698448
v 17.090515 35.382683 23.523076
v 17.045772 35.000000 23.461493
v 17.090515 34.617317 23.523076
v 17.217931 34.292893 23.698448
v 17.408622 34.076120 23.960912
v 17.633558 34.000000 24.270510
v 17.858493 34.076120 24.580107
v 18.049185 34.292893 24.842571
v 18.176600 34.617317 25.017944
v 16.610631 35.000000 26.174166
v 16.569843 35.382683 26.109895
v 16.453691 35.707107 25.926868
v 16.279856 35.923880 25.652948
v 16.074804 36.000000 25.329838
v 15.869752 35.923880 25.006727
v 15.695917 35.707107 24.732808
v 15.579764 35.382683 24.549780
v 15.538977 35.000000 24.485510
v 15.579764 34.617317 24.549780
v 15.695917 34.292893 24.732808
v 15.869752 34.076120 25.006727
v 16.074804 34.000000 25.329838
v 16.279856 34.076120 25.652948
v 16.453691 34.292893 25.926868
v 16.569843 34.617317 26.109895
v 14.934364 35.000000 27.165507
v 14.897693 35.382683 27.098802
v 14.793262 35.707107 26.908843
v 14.636969 35.923880 26.624548
v 14.452610 36.000000 26.289200
v 14.268251 35.923880 25.953852
v 14.111959 35.707107 25.669558
v 14.007528 35.382683 25.479599
v 13.970857 35.000000 25.412894
v 14.007528 34.617317 25.479599
v 14.111959 34.292893 25.669558
v 14.268251 34.076120 25.953852
v 14.452610 34.000000 26.289200
v 14.636969 34.076120 26.624548
v 14.793262 34.292893 26.908843
v 14.897693 34.617317 27.098802
v 13.199158 35.000000 28.049639
v 13.166748 35.382683 27.980763
v 13.074450 35.707107 27.784621
v 12.936317 35.923880 27.491074
v 12.773379 36.000000 27.144812
v 12.610440 35.923880 26.798549
v 12.472307 35.707107 26.505002
v 12.380010 35.382683 26.308860
v 12.347599 35.000000 26.239985
v 12.380010 34.617317 26.308860
v 12.472307 34.292893 26.505002
v 12.610440 34.076120 26.798549
v 12.773379 34.000000 27.144812
v 12.936317 34.076120 27.491074
v 13.074450 34.292893 27.784621
v 13.166748 34.617317 27.980763
v 11.411861 35.000000 28.823071
v 11.383839 35.382683 28.752296
v 11.304040 35.707107 28.550746
v 11.184612 35.923880 28.249105
v 11.043737 36.000000 27.893295
v 10.902861 35.923880 27.537485
v 10.783433 35.707107 27.235843
v 10.703634 35.382683 27.034293
v 10.675612 35.000000 26.963518
v 10.703634 34.617317 27.034293
v 10.783433 34.292893 27.235843
v 10.902861 34.076120 27.537485
v 11.043737 34.000000 27.893295
v 11.184612 34.076120 28.249105
v 11.304040 34.292893 28.550746
v 11.383839 34.617317 28.752296
v 9.579527 35.000000 29.482752
v 9.556004 35.382683 29.410357
v 9.489018 35.707107 29.204194
v 9.388766 35.923880 28.895649
v 9.270510 36.000000 28.531695
v 9.152254 35.923880 28.167742
v 9.052002 35.707107 27.859197
v 8.985015 35.382683 27.653034
v 8.961493 35.000000 27.580639
v 8.985015 34.617317 27.653034
v 9.052002 34.292893 27.859197
v 9.152254 34.076120 28.167742
v 9.270510 34.000000 28.531695
v 9.388766 34.076120 28.895649
v 9.489018 34.292893 29.204194
v 9.556004 34.617317 29.410357
v 7.709387 35.000000 30.026078
v 7.690456 35.382683 29.952349
v 7.636547 35.707107 29.742387
v 7.555866 35.923880 29.428156
v 7.460697 36.000000 29.057495
v 7.365527 35.923880 28.686834
v 7.284846 35.707107 28.372603
v 7.230937 35.382683 28.162641
v 7.212007 35.000000 28.088912
v 7.230937 34.617317 28.162641
v 7.284846 34.292893 28.372603
v 7.365527 34.076120 28.686834
v 7.460697 34.000000 29.057495
v 7.555866 34.076120 29.428156
v 7.636547 34.292893 29.742387
v 7.690456 34.617317 29.952349
v 5.808821 35.000000 30.450905
v 5.794557 35.382683 30.376133
v 5.753938 35.707107 30.163199
v 5.693147 35.923880 29.844523
v 5.621439 36.000000 29.468618
v 5.549732 35.923880 29.092712
v 5.488941 35.707107 28.774036
v 5.448322 35.382683 28.561102
v 5.434058 35.000000 28.486330
v 5.448322 34.617317 28.561102
v 5.488941 34.292893 28.774036
v 5.549732 34.076120 29.092712
v 5.621439 34.000000 29.468618
v 5.693147 34.076120 29.844523
v 5.753938 34.292893 30.163199
v 5.794557 34.617317 30.376133
v 3.885330 35.000000 30.755556
v 3.875790 35.382683 30.680036
v 3.848621 35.707107 30.464972
v 3.807960 35.923880 30.143107
v 3.759997 36.000000 29.763441
v 3.712034 35.923880 29.383775
v 3.671373 35.707107 29.061910
v 3.644204 35.382683 28.846847
v 3.634664 35.000000 28.771326
v 3.644204 34.617317 28.846847
v 3.671373 34.292893 29.061910
v 3.712034 34.076120 29.383775
v 3.759997 34.000000 29.763441
v 3.807960 34.076120 30.143107
v 3.848621 34.292893 30.464972
v 3.875790 34.617317 30.680036
v 1.946506 35.000000 30.938829
v 1.941726 35.382683 30.862858
v 1.928115 35.707107 30.646513
v 1.907744 35.923880 30.322730
v 1.883716 36.000000 29.940802
v 1.859687 35.923880 29.558874
v 1.839316 35.707107 29.235090
v 1.825705 35.382683 29.018745
v 1.820925 35.000000 28.942775
v 1.825705 34.617317 29.018745
v 1.839316 34.292893 29.235090
v 1.859687 34.076120 29.558874
v 1.883716 34.000000 29.940802
v 1.907744 34.076120 30.322730
v 1.928115 34.292893 30.646513
v 1.941726 34.617317 30.862858
v 0.000000 35.000000 31.000000
v 0.000000 35.382683 30.923880
v 0.000000 35.707107 30.707107
v 0.000000 35.923880 30.382683
v 0.000000 36.000000 30.000000
v 0.000000 35.923880 29.617317
v 0.000000 35.707107 29.292893
v 0.000000 35.382683 29.076120
v 0.000000 35.000000 29.000000
v 0.000000 34.617317 29.076120
v 0.000000 34.292893 29.292893
v 0.000000 34.076120 29.617317
v 0.000000 34.000000 30.000000
v 0.000000 34.076120 30.382683
v 0.000000 34.292893 30.707107
v 0.000000 34.617317 30.923880
v -1.946506 35.000000 30.938829
v -1.941726 35.382683 30.862858
v -1.928115 35.707107 30.646513
v -1.907744 35.923880 30.322730
v -1.883716 36.000000 29.940802
v -1.859687 35.923880 29.558874
v -1.839316 35.707107 29.235090
v -1.825705 35.382683 29.018745
v -1.820925 35.000000 28.942775
v -1.825705 34.617317 29.018745
v -1.839316 34.292893 29.235090
v -1.859687 34.076120 29.558874
v -1.883716 34.000000 29.940802
v -1.907744 34.076120 30.322730
v -1.928115 34.292893 30.646513
v -1.941726 34.617317 30.862858
v -3.885330 35.000000 30.755556
v -3.875790 35.382683 30.680036
v -3.848621 35.707107 30.464972
v -3.807960 35.923880 30.143107
v -3.759997 36.000000 29.763441
v -3.712034 35.923880 29.383775
v -3.671373 35.707107 29.061910
v -3.644204 35.382683 28.846847
v -3.634664 35.000000 28.771326
v -3.644204 34.617317 28.846847
v -3.671373 34.292893 29.061910
v -3.712034 34.076120 29.383775
v -3.759997 34.000000 29.763441
v -3.807960 34.076120 30.143107
v -3.848621 34.292893 30.464972
v -3.875790 34.617317 30.680036
v -5.808821 35.000000 30.450905
v -5.794557 35.382683 30.376133
v -5.753938 35.707107 30.163199
v -5.693147 35.923880 29.844523
v -5.621439 36.000000 29.468618
v -5.549732 35.923880 29.092712
v -5.488941 35.707107 28.774036
v -5.448322 35.382683 28.561102
v -5.434058 35.000000 28.486330
v -5.448322 34.617317 28.561102
v -5.488941 34.292893 28.774036
v -5.549732 34.076120 29.092712
v -5.621439 34.000000 29.468618
v -5.693147 34.076120 29.844523
v -5.753938 34.292893 30.163199
v -5.794557 34.617317 30.376133
v -7.709387 35.000000 30.026078
v -7.690456 35.382683 29.952349
v -7.636547 35.707107 29.742387
v -7.555866 35.923880 29.428156
v -7.460697 36.000000 29.057495
v -7.365527 35.923880 28.686834
v -7.284846 35.707107 28.372603
v -7.230937 35.382683 28.162641
v -7.212007 35.000000 28.088912
v -7.230937 34.617317 28.162641
v -7.284846 34.292893 28.372603
v -7.365527 34.076120 28.686834
v -7.460697 34.000000 29.057495
v -7.555866 34.076120 29.428156
v -7.636547 34.292893 29.742387
v -7.690456 34.617317 29.952349
v -9.579527 35.000000 29.482752
v -9.556004 35.382683 29.410357
v -9.489018 35.707107 29.204194
v -9.388766 35.923880 28.895649
v -9.270510 36.000000 28.531695
v -9.152254 35.923880 28.167742
v -9.052002 35.707107 27.859197
v -8.985015 35.382683 27.653034
v -8.961493 35.000000 27.580639
v -8.985015 34.617317 27.653034
v -9.052002 34.292893 27.859197
v -9.152254 34.076120 28.167742
v -9.270510 34.000000 28.531695
v -9.388766 34.076120 28.895649
v -9.489018 34.292893 29.204194
v -9.556004 34.617317 29.410357
v -11.411861 35.000000 28.823071
v -11.383839 35.382683 28.752296
v -11.304040 35.707107 28.550746
v -11.184612 35.923880 28.249105
v -11.043737 36.000000 27.893295
v -10.902861 35.923880 27.537485
v -10.783433 35.707107 27.235843
v -10.703634 35.382683 27.034293
v -10.675612 35.000000 26.963518
v -10.703634 34.617317 27.034293
v -10.783433 34.292893 27.235843
v -10.902861 34.076120 27.537485
v -11.043737 34.000000 27.893295
v -11.184612 34.076120 28.249105
v -11.304040 34.292893 28.550746
v -11.383839 34.617317 28.752296
v -13.199158 35.000000 28.049639
v -13.166748 35.382683 27.980763
v -13.074450 35.707107 27.784621
v -12.936317 35.923880 27.491074
v -12.773379 36.000000 27.144812
v -12.610440 35.923880 26.798549
v -12.472307 35.707107 26.505002
v -12.380010 35.382683 26.308860
v -12.347599 35.000000 26.239985
v -12.380010 34.617317 26.308860
v -12.472307 34.292893 26.505002
v -12.610440 34.076120 26.798549
v -12.773379 34.000000 27.144812
v -12.936317 34.076120 27.491074
v -13.074450 34.292893 27.784621
v -13.166748 34.617317 27.980763
v -14.934364 35.000000 27.165507
v -14.897693 35.382683 27.098802
v -14.793262 35.707107 26.908843
v -14.636969 35.923880 26.624548
v -14.452610 36.000000 26.289200
v -14.268251 35.923880 25.953852
v -14.111959 35.707107 25.669558
v -14.007528 35.382683 25.479599
v -13.970857 35.000000 25.412894
v -14.007528 34.617317 25.479599
v -14.111959 34.292893 25.669558
v -14.268251 34.076120 25.953852
v -14.452610 34.000000 26.289200
v -14.636969 34.076120 26.624548
v -14.793262 34.292893 26.908843
v -14.897693 34.617317 27.098802
v -16.610631 35.000000 26.174166
v -16.569843 35.382683 26.109895
v -16.453691 35.707107 25.926868
v -16.279856 35.923880 25.652948
v -16.074804 36.000000 25.329838
v -15.869752 35.923880 25.006727
v -15.695917 35.707107 24.732808
v -15.579764 35.382683 24.549780
v -15.538977 35.000000 24.485510
v -15.579764 34.617317 24.549780
v -15.695917 34.292893 24.732808
v -15.869752 34.076120 25.006727
v -16.074804 34.000000 25.329838
v -16.279856 34.076120 25.652948
v -16.453691 34.292893 25.926868
v -16.569843 34.617317 26.109895
v -18.221343 35.000000 25.079527
v -18.176600 35.382683 25.017944
v -18.049185 35.707107 24.842571
v -17.858493 35.923880 24.580107
v -17.633558 36.000000 24.270510
v -17.408622 35.923880 23.960912
v -17.217931 35.707107 23.698448
v -17.090515 35.382683 23.523076
v -17.045772 35.000000 23.461493
v -17.090515 34.617317 23.523076
v -17.217931 34.292893 23.698448
v -17.408622 34.076120 23.960912
v -17.633558 34.000000 24.270510
v -17.858493 34.076120 24.580107
v -18.049185 34.292893 24.842571
v -18.176600 34.617317 25.017944
v -19.760144 35.000000 23.885911
v -19.711623 35.382683 23.827259
v -19.573447 35.707107 23.660232
v -19.366651 35.923880 23.410260
v -19.122720 36.000000 23.115397
v -18.878788 35.923880 22.820535
v -18.671993 35.707107 22.570562
v -18.533817 35.382683 22.403536
v -18.485296 35.000000 22.344884
v -18.533817 34.617317 22.403536
v -18.671993 34.292893 22.570562
v -18.878788 34.076120 22.820535
v -19.122720 34.000000 23.115397
v -19.366651 34.076120 23.410260
v -19.573447 34.292893 23.660232
v -19.711623 34.617317 23.827259
v -21.220960 35.000000 22.598027
v -21.168852 35.382683 22.542538
v -21.020461 35.707107 22.384517
v -20.798378 35.923880 22.148023
v -20.536413 36.000000 21.869059
v -20.274448 35.923880 21.590095
v -20.052365 35.707107 21.353600
v -19.903974 35.382683 21.195580
v -19.851866 35.000000 21.140090
v -19.903974 34.617317 21.195580
v -20.052365 34.292893 21.353600
v -20.274448 34.076120 21.590095
v -20.536413 34.000000 21.869059
v -20.798378 34.076120 22.148023
v -21.020461 34.292893 22.384517
v -21.168852 34.617317 22.542538
v -22.598027 35.000000 21.220960
v -22.542538 35.382683 21.168852
v -22.384517 35.707107 21.020461
v -22.148023 35.923880 20.798378
v -21.869059 36.000000 20.536413
v -21.590095 35.923880 20.274448
v -21.353600 35.707107 20.052365
v -21.195580 35.382683 19.903974
v -21.140090 35.000000 19.851866
v -21.195580 34.617317 19.903974
v -21.353600 34.292893 20.052365
v -21.590095 34.076120 20.274448
v -21.869059 34.000000 20.536413
v -22.148023 34.076120 20.798378
v -22.384517 34.292893 21.020461
v -22.542538 34.617317 21.168852
v -23.885911 35.000000 19.760144
v -23.827259 35.382683 19.711623
v -23.660232 35.707107 19.573447
v -23.410260 35.923880 19.366651
v -23.115397 36.000000 19.122720
v -22.820535 35.923880 18.878788
v -22.570562 35.707107 18.671993
v -22.403536 35.382683 18.533817
v -22.344884 35.000000 18.485296
v -22.403536 34.617317 18.533817
v -22.570562 34.292893 18.671993
v -22.820535 34.076120 18.878788
v -23.115397 34.000000 19.122720
v -23.410260 34.076120 19.366651
v -23.660232 34.292893 19.573447
v -23.827259 34.617317 19.711623
v -25.079527 35.000000 18.221343
v -25.017944 35.382683 18.176600
v -24.842571 35.707107 18.049185
v -24.580107 35.923880 17.858493
v -24.270510 36.000000 17.633558
v -23.960912 35.923880 17.408622
v -23.698448 35.707107 17.217931
v -23.523076 35.382683 17.090515
v -23.461493 35.000000 17.045772
v -23.523076 34.617317 17.090515
v -23.698448 34.292893 17.217931
v -23.960912 34.076120 17.408622
v -24.270510 34.000000 17.633558
v -24.580107 34.076120 17.858493
v -24.842571 34.292893 18.049185
v -25.017944 34.617317 18.176600
v -26.174166 35.000000 16.610631
v -26.109895 35.382683 16.569843
v -25.926868 35.707107 16.453691
v -25.652948 35.923880 16.279856
v -25.329838 36.000000 16.074804
v -25.006727 35.923880 15.869752
v -24.732808 35.707107 15.695917
v -24.549780 35.382683 15.579764
v -24.485510 35.000000 15.538977
v -24.549780 34.617317 15.579764
v -24.732808 34.292893 15.695917
v -25.006727 34.076120 15.869752
v -25.329838 34.000000 16.074804
v -25.652948 34.076120 16.279856
v -25.926868 34.292893 16.453691
v -26.109895 34.617317 16.569843
v -27.165507 35.000000 14.934364
v -27.098802 35.382683 14.897693
v -26.908843 35.707107 14.793262
v -26.624548 35.923880 14.636969
v -26.289200 36.000000 14.452610
v -25.953852 35.923880 14.268251
v -25.669558 35.707107 14.111959
v -25.479599 35.382683 14.007528
v -25.412894 35.000000 13.970857
v -25.479599 34.617317 14.007528
v -25.669558 34.292893 14.111959
v -25.953852 34.076120 14.268251
v -26.289200 34.000000 14.452610
v -26.624548 34.076120 14.636969
v -26.908843 34.292893 14.793262
v -27.098802 34.617317 14.897693
v -28.049639 35.000000 13.199158
v -27.980763 35.382683 13.166748
v -27.784621 35.707107 13.074450
v -27.491074 35.923880 12.936317
v -27.144812 36.000000 12.773379
v -26.798549 35.923880 12.610440
v -26.505002 35.707107 12.472307
v -26.308860 35.382683 12.380010
v -26.239985 35.000000 12.347599
v -26.308860 34.617317 12.380010
v -26.505002 34.292893 12.472307
v -26.798549 34.076120 12.610440
v -27.144812 34.000000 12.773379
v -27.491074 34.076120 12.936317
v -27.784621 34.292893 13.074450
v -27.980763 34.617317 13.166748
v -28.823071 35.000000 11.411861
v -28.752296 35.382683 11.383839
v -28.550746 35.707107 11.304040
v -28.249105 35.923880 11.184612
v -27.893295 36.000000 11.043737
v -27.537485 35.923880 10.902861
v -27.235843 35.707107 10.783433
v -27.034293 35.382683 10.703634
v -26.963518 35.000000 10.675612
v -27.034293 34.617317 10.703634
v -27.235843 34.292893 10.783433
v -27.537485 34.076120 10.902861
v -27.893295 34.000000 11.043737
v -28.249105 34.076120 11.184612
v -28.550746 34.292893 11.304040
v -28.752296 34.617317 11.383839
v -29.482752 35.000000 9.579527
v -29.410357 35.382683 9.556004
v -29.204194 35.707107 9.489018
v -28.895649 35.923880 9.388766
v -28.531695 36.000000 9.270510
v -28.167742 35.923880 9.152254
v -27.859197 35.707107 9.052002
v -27.653034 35.382683 8.985015
v -27.580639 35.000000 8.961493
v -27.653034 34.617317 8.985015
v -27.859197 34.292893 9.052002
v -28.167742 34.076120 9.152254
v -28.531695 34.000000 9.270510
v -28.895649 34.076120 9.388766
v -29.204194 34.292893 9.489018
v -29.410357 34.617317 9.556004
v -30.026078 35.000000 7.709387
v -29.952349 35.382683 7.690456
v -29.742387 35.707107 7.636547
v -29.428156 35.923880 7.555866
v -29.057495 36.000000 7.460697
v -28.686834 35.923880 7.365527
v -28.372603 35.707107 7.284846
v -28.162641 35.382683 7.230937
v -28.088912 35.000000 7.212007
v -28.162641 34.617317 7.230937
v -28.372603 34.292893 7.284846
v -28.686834 34.076120 7.365527
v -29.057495 34.000000 7.460697
v -29.428156 34.076120 7.555866
v -29.742387 34.292893 7.636547
v -29.952349 34.617317 7.690456
v -30.450905 35.000000 5.808821
v -30.376133 35.382683 5.794557
v -30.163199 35.707107 5.753938
v -29.844523 35.923880 5.693147
v -29.468618 36.000000 5.621439
v -29.092712 35.923880 5.549732
v -28.774036 35.707107 5.488941
v -28.561102 35.382683 5.448322
v -28.486330 35.000000 5.434058
v -28.561102 34.617317 5.448322
v -28.774036 34.292893 5.488941
v -29.092712 34.076120 5.549732
v -29.468618 34.000000 5.621439
v -29.844523 34.076120 5.693147
v -30.163199 34.292893 5.753938
v -30.376133 34.617317 5.794557
v -30.755556 35.000000 3.885330
v -30.680036 35.382683 3.875790
v -30.464972 35.707107 3.848621
v -30.143107 35.923880 3.807960
v -29.763441 36.000000 3.759997
v -29.383775 35.923880 3.712034
v -29.061910 35.707107 3.671373
v -28.846847 35.382683 3.644204
v -28.771326 35.000000 3.634664
v -28.846847 34.617317 3.644204
v -29.061910 34.292893 3.671373
v -29.383775 34.076120 3.712034
v -29.763441 34.000000 3.759997
v -30.143107 34.076120 3.807960
v -30.464972 34.292893 3.848621
v -30.680036 34.617317 3.875790
v -30.938829 35.000000 1.946506
v -30.862858 35.382683 1.941726
v -30.646513 35.707107 1.928115
v -30.322730 35.923880 1.907744
v -29.940802 36.000000 1.883716
v -29.558874 35.923880 1.859687
v -29.235090 35.707107 1.839316
v -29.018745 35.382683 1.825705
v -28.942775 35.000000 1.820925
v -29.018745 34.617317 1.825705
v -29.235090 34.292893 1.839316
v -29.558874 34.076120 1.859687
v -29.940802 34.000000 1.883716
v -30.322730 34.076120 1.907744
v -30.646513 34.292893 1.928115
v -30.862858 34.617317 1.941726
v -31.000000 35.000000 0.000000
v -30.923880 35.382683 0.000000
v -30.707107 35.707107 0.000000
v -30.382683 35.923880 0.000000
v -30.000000 36.000000 0.000000
v -29.617317 35.923880 0.000000
v -29.292893 35.707107 0.000000
v -29.076120 35.382683 0.000000
v -29.000000 35.000000 0.000000
v -29.076120 34.617317 0.000000
v -29.292893 34.292893 0.000000
v -29.617317 34.076120 0.000000
v -30.000000 34.000000 0.000000
v -30.382683 34.076120 0.000000
v -30.707107 34.292893 0.000000
v -30.923880 34.617317 0.000000
v -30.938829 35.000000 -1.946506
v -30.862858 35.382683 -1.941726
v -30.646513 35.707107 -1.928115
v -30.322730 35.923880 -1.907744
v -29.940802 36.000000 -1.883716
v -29.558874 35.923880 -1.859687
v -29.235090 35.707107 -1.839316
v -29.018745 35.382683 -1.825705
v -28.942775 35.000000 -1.820925
v -29.018745 34.617317 -1.825705
v -29.235090 34.292893 -1.839316
v -29.558874 34.076120 -1.859687
v -29.940802 34.000000 -1.883716
v -30.322730 34.076120 -1.907744
v -30.646513 34.292893 -1.928115
v -30.862858 34.617317 -1.941726
v -30.755556 35.000000 -3.885330
v -30.680036 35.382683 -3.875790
v -30.464972 35.707107 -3.848621
v -30.143107 35.923880 -3.807960
v -29.763441 36.000000 -3.759997
v -29.383775 35.923880 -3.712034
v -29.061910 35.707107 -3.671373
v -28.846847 35.382683 -3.644204
v -28.771326 35.000000 -3.634664
v -28.846847 34.617317 -3.644204
v -29.061910 34.292893 -3.671373
v -29.383775 34.076120 -3.712034
v -29.763441 34.000000 -3.759997
v -30.143107 34.076120 -3.807960
v -30.464972 34.292893 -3.848621
v -30.680036 34.617317 -3.875790
v -30.450905 35.000000 -5.808821
v -30.376133 35.382683 -5.794557
v -30.163199 35.707107 -5.753938
v -29.844523 35.923880 -5.693147
v -29.468618 36.000000 -5.621439
v -29.092712 35.923880 -5.549732
v -28.774036 35.707107 -5.488941
v -28.561102 35.382683 -5.448322
v -28.486330 35.000000 -5.434058
v -28.561102 34.617317 -5.448322
v -28.774036 34.292893 -5.488941
v -29.092712 34.076120 -5.549732
v -29.468618 34.000000 -5.621439
v -29.844523 34.076120 -5.693147
v -30.163199 34.292893 -5.753938
v -30.376133 34.617317 -5.794557
v -30.026078 35.000000 -7.709387
v -29.952349 35.382683 -7.690456
v -29.742387 35.707107 -7.636547
v -29.428156 35.923880 -7.555866
v -29.057495 36.000000 -7.460697
v -28.686834 35.923880 -7.365527
v -28.372603 35.707107 -7.284846
v -28.162641 35.382683 -7.230937
v -28.088912 35.000000 -7.212007
v -28.162641 34.617317 -7.230937
v -28.372603 34.292893 -7.284846
v -28.686834 34.076120 -7.365527
v -29.057495 34.000000 -7.460697
v -29.428156 34.076120 -7.555866
v -29.742387 34.292893 -7.636547
v -29.952349 34.617317 -7.690456
v -29.482752 35.000000 -9.579527
v -29.410357 35.382683 -9.556004
v -29.204194 35.707107 -9.489018
v -28.895649 35.923880 -9.388766
v -28.531695 36.000000 -9.270510
v -28.167742 35.923880 -9.152254
v -27.859197 35.707107 -9.052002
v -27.653034 35.382683 -8.985015
v -27.580639 35.000000 -8.961493
v -27.653034 34.617317 -8.985015
v -27.859197 34.292893 -9.052002
v -28.167742 34.076120 -9.152254
v -28.531695 34.000000 -9.270510
v -28.895649 34.076120 -9.388766
v -29.204194 34.292893 -9.489018
v -29.410357 34.617317 -9.556004
v -28.823071 35.000000 -11.411861
v -28.752296 35.382683 -11.383839
v -28.550746 35.707107 -11.304040
v -28.249105 35.923880 -11.184612
v -27.893295 36.000000 -11.043737
v -27.537485 35.923880 -10.902861
v -27.235843 35.707107 -10.783433
v -27.034293 35.382683 -10.703634
v -26.963518 35.000000 -10.675612
v -27.034293 34.617317 -10.703634
v -27.235843 34.292893 -10.783433
v -27.537485 34.076120 -10.902861
v -27.893295 34.000000 -11.043737
v -28.249105 34.076120 -11.184612
v -28.550746 34.292893 -11.304040
v -28.752296 34.617317 -11.383839
v -28.049639 35.000000 -13.199158
v -27.980763 35.382683 -13.166748
v -27.784621 35.707107 -13.074450
v -27.491074 35.923880 -12.936317
v -27.144812 36.000000 -12.773379
v -26.798549 35.923880 -12.610440
v -26.505002 35.707107 -12.472307
v -26.308860 35.382683 -12.380010
v -26.239985 35.000000 -12.347599
v -26.308860 34.617317 -12.380010
v -26.505002 34.292893 -12.472307
v -26.798549 34.076120 -12.610440
v -27.144812 34.000000 -12.773379
v -27.491074 34.076120 -12.936317
v -27.784621 34.292893 -13.074450
v -27.980763 34.617317 -13.166748
v -27.165507 35.000000 -14.934364
v -27.098802 35.382683 -14.897693
v -26.908843 35.707107 -14.793262
v -26.624548 35.923880 -14.636969
v -26.289200 36.000000 -14.452610
v -25.953852 35.923880 -14.268251
v -25.669558 35.707107 -14.111959
v -25.479599 35.382683 -14.007528
v -25.412894 35.000000 -13.970857
v -25.479599 34.617317 -14.007528
v -25.669558 34.292893 -14.111959
v -25.953852 34.076120 -14.268251
v -26.289200 34.000000 -14.452610
v -26.624548 34.076120 -14.636969
v -26.908843 34.292893 -14.793262
v -27.098802 34.617317 -14.897693
v -26.174166 35.000000 -16.610631
v -26.109895 35.382683 -16.569843
v -25.926868 35.707107 -16.453691
v -25.652948 35.923880 -16.279856
v -25.329838 36.000000 -16.074804
v -25.006727 35.923880 -15.869752
v -24.732808 35.707107 -15.695917
v -24.549780 35.382683 -15.579764
v -24.485510 35.000000 -15.538977
v -24.549780 34.617317 -15.579764
v -24.732808 34.292893 -15.695917
v -25.006727 34.076120 -15.869752
v -25.329838 34.000000 -16.074804
v -25.652948 34.076120 -16.279856
v -25.926868 34.292893 -16.453691
v -26.109895 34.617317 -16.569843
v -25.079527 35.000000 -18.221343
v -25.017944 35.382683 -18.176600
v -24.842571 35.707107 -18.049185
v -24.580107 35.923880 -17.858493
v -24.270510 36.000000 -17.633558
v -23.960912 35.923880 -17.408622
v -23.698448 35.707107 -17.217931
v -23.523076 35.382683 -17.090515
v -23.461493 35.000000 -17.045772
v -23.523076 34.617317 -17.090515
v -23.698448 34.292893 -17.217931
v -23.960912 34.076120 -17.408622
v -24.270510 34.000000 -17.633558
v -24.580107 34.076120 -17.858493
v -24.842571 34.292893 -18.049185
v -25.017944 34.617317 -18.176600
v -23.885911 35.000000 -19.760144
v -23.827259 35.382683 -19.711623
v -23.660232 35.707107 -19.573447
v -23.410260 35.923880 -19.366651
v -23.115397 36.000000 -19.122720
v -22.820535 35.923880 -18.878788
v -22.570562 35.707107 -18.671993
v -22.403536 35.382683 -18.533817
v -22.344884 35.000000 -18.485296
v -22.403536 34.617317 -18.533817
v -22.570562 34.292893 -18.671993
v -22.820535 34.076120 -18.878788
v -23.115397 34.000000 -19.122720
v -23.410260 34.076120 -19.366651
v -23.660232 34.292893 -19.573447
v -23.827259 34.617317 -19.711623
v -22.598027 35.000000 -21.220960
v -22.542538 35.382683 -21.168852
v -22.384517 35.707107 -21.020461
v -22.148023 35.923880 -20.798378
v -21.869059 36.000000 -20.536413
v -21.590095 35.923880 -20.274448
v -21.353600 35.707107 -20.052365
v -21.195580 35.382683 -19.903974
v -21.140090 35.000000 -19.851866
v -21.195580 34.617317 -19.903974
v -21.353600 34.292893 -20.052365
v -21.590095 34.076120 -20.274448
v -21.869059 34.000000 -20.536413
v -22.148023 34.076120 -20.798378
v -22.384517 34.292893 -21.020461
v -22.542538 34.617317 -21.168852
v -21.220960 35.000000 -22.598027
v -21.168852 35.382683 -22.542538
v -21.020461 35.707107 -22.384517
v -20.798378 35.923880 -22.148023
v -20.536413 36.000000 -21.869059
v -20.274448 35.923880 -21.590095
v -20.052365 35.707107 -21.353600
v -19.903974 35.382683 -21.195580
v -19.851866 35.000000 -21.140090
v -19.903974 34.617317 -21.195580
v -20.052365 34.292893 -21.353600
v -20.274448 34.076120 -21.590095
v -20.536413 34.000000 -21.869059
v -20.798378 34.076120 -22.148023
v -21.020461 34.292893 -22.384517
v -21.168852 34.617317 -22.542538
v -19.760144 35.000000 -23.885911
v -19.711623 35.382683 -23.827259
v -19.573447 35.707107 -23.660232
v -19.366651 35.923880 -23.410260
v -19.122720 36.000000 -23.115397
v -18.878788 35.923880 -22.820535
v -18.671993 35.707107 -22.570562
v -18.533817 35.382683 -22.403536
v -18.485296 35.000000 -22.344884
v -18.533817 34.617317 -22.403536
v -18.671993 34.292893 -22.570562
v -18.878788 34.076120 -22.820535
v -19.122720 34.000000 -23.115397
v -19.366651 34.076120 -23.410260
v -19.573447 34.292893 -23.660232
v -19.711623 34.617317 -23.827259
v -18.221343 35.000000 -25.079527
v -18.176600 35.382683 -25.017944
v -18.049185 35.707107 -24.842571
v -17.858493 35.923880 -24.580107
v -17.633558 36.000000 -24.270510
v -17.408622 35.923880 -23.960912
v -17.217931 35.707107 -23.698448
v -17.090515 35.382683 -23.523076
v -17.045772 35.000000 -23.461493
v -17.090515 34.617317 -23.523076
v -17.217931 34.292893 -23.698448
v -17.408622 34.076120 -23.960912
v -17.633558 34.000000 -24.270510
v -17.858493 34.076120 -24.580107
v -18.049185 34.292893 -24.842571
v -18.176600 34.617317 -25.017944
v -16.610631 35.000000 -26.174166
v -16.569843 35.382683 -26.109895
v -16.453691 35.707107 -25.926868
v -16.279856 35.923880 -25.652948
v -16.074804 36.000000 -25.329838
v -15.869752 35.923880 -25.006727
v -15.695917 35.707107 -24.732808
v -15.579764 35.382683 -24.549780
v -15.538977 35.000000 -24.485510
v -15.579764 34.617317 -24.549780
v -15.695917 34.292893 -24.732808
v -15.869752 34.076120 -25.006727
v -16.074804 34.000000 -25.329838
v -16.279856 34.076120 -25.652948
v -16.453691 34.292893 -25.926868
v -16.569843 34.617317 -26.109895
v -14.934364 35.000000 -27.165507
v -14.897693 35.382683 -27.098802
v -14.793262 35.707107 -26.908843
v -14.636969 35.923880 -26.624548
v -14.452610 36.000000 -26.289200
v -14.268251 35.923880 -25.953852
v -14.111959 35.707107 -25.669558
v -14.007528 35.382683 -25.479599
v -13.970857 35.000000 -25.412894
v -14.007528 34.617317 -25.479599
v -14.111959 34.292893 -25.669558
v -14.268251 34.076120 -25.953852
v -14.452610 34.000000 -26.289200
v -14.636969 34.076120 -26.624548
v -14.793262 34.292893 -26.908843
v -14.897693 34.617317 -27.098802
v -13.199158 35.000000 -28.049639
v -13.166748 35.382683 -27.980763
v -13.074450 35.707107 -27.784621
v -12.936317 35.923880 -27.491074
v -12.773379 36.000000 -27.144812
v -12.610440 35.923880 -26.798549
v -12.472307 35.707107 -26.505002
v -12.380010 35.382683 -26.308860
v -12.347599 35.000000 -26.239985
v -12.380010 34.617317 -26.308860
v -12.472307 34.292893 -26.505002
v -12.610440 34.076120 -26.798549
v -12.773379 34.000000 -27.144812
v -12.936317 34.076120 -27.491074
v -13.074450 34.292893 -27.784621
v -13.166748 34.617317 -27.980763
v -11.411861 35.000000 -28.823071
v -11.383839 35.382683 -28.752296
v -11.304040 35.707107 -28.550746
v -11.184612 35.923880 -28.249105
v -11.043737 36.000000 -27.893295
v -10.902861 35.923880 -27.537485
v -10.783433 35.707107 -27.235843
v -10.703634 35.382683 -27.034293
v -10.675612 35.000000 -26.963518
v -10.703634 34.617317 -27.034293
v -10.783433 34.292893 -27.235843
v -10.902861 34.076120 -27.537485
v -11.043737 34.000000 -27.893295
v -11.184612 34.076120 -28.249105
v -11.304040 34.292893 -28.550746
v -11.383839 34.617317 -28.752296
v -9.579527 35.000000 -29.482752
v -9.556004 35.382683 -29.410357
v -9.489018 35.707107 -29.204194
v -9.388766 35.923880 -28.895649
v -9.270510 36.000000 -28.531695
v -9.152254 35.923880 -28.167742
v -9.052002 35.707107 -27.859197
v -8.985015 35.382683 -27.653034
v -8.961493 35.000000 -27.580639
v -8.985015 34.617317 -27.653034
v -9.052002 34.292893 -27.859197
v -9.152254 34.076120 -28.167742
v -9.270510 34.000000 -28.531695
v -9.388766 34.076120 -28.895649
v -9.489018 34.292893 -29.204194
v -9.556004 34.617317 -29.410357
v -7.709387 35.000000 -30.026078
v -7.690456 35.382683 -29.952349
v -7.636547 35.707107 -29.742387
v -7.555866 35.923880 -29.428156
v -7.460697 36.000000 -29.057495
v -7.365527 35.923880 -28.686834
v -7.284846 35.707107 -28.372603
v -7.230937 35.382683 -28.162641
v -7.212007 35.000000 -28.088912
v -7.230937 34.617317 -28.162641
v -7.284846 34.292893 -28.372603
v -7.365527 34.076120 -28.686834
v -7.460697 34.000000 -29.057495
v -7.555866 34.076120 -29.428156
v -7.636547 34.292893 -29.742387
v -7.690456 34.617317 -29.952349
v -5.808821 35.000000 -30.450905
v -5.794557 35.382683 -30.376133
v -5.753938 35.707107 -30.163199
v -5.693147 35.923880 -29.844523
v -5.621439 36.000000 -29.468618
v -5.549732 35.923880 -29.092712
v -5.488941 35.707107 -28.774036
v -5.448322 35.382683 -28.561102
v -5.434058 35.000000 -28.486330
v -5.448322 34.617317 -28.561102
v -5.488941 34.292893 -28.774036
v -5.549732 34.076120 -29.092712
v -5.621439 34.000000 -29.468618
v -5.693147 34.076120 -29.844523
v -5.753938 34.292893 -30.163199
v -5.794557 34.617317 -30.376133
v -3.885330 35.000000 -30.755556
v -3.875790 35.382683 -30.680036
v -3.848621 35.707107 -30.464972
v -3.807960 35.923880 -30.143107
v -3.759997 36.000000 -29.763441
v -3.712034 35.923880 -29.383775
v -3.671373 35.707107 -29.061910
v -3.644204 35.382683 -28.846847
v -3.634664 35.000000 -28.771326
v -3.644204 34.617317 -28.846847
v -3.671373 34.292893 -29.061910
v -3.712034 34.076120 -29.383775
v -3.759997 34.000000 -29.763441
v -3.807960 34.076120 -30.143107
v -3.848621 34.292893 -30.464972
v -3.875790 34.617317 -30.680036
v -1.946506 35.000000 -30.938829
v -1.941726 35.382683 -30.862858
v -1.928115 35.707107 -30.646513
v -1.907744 35.923880 -30.322730
v -1.883716 36.000000 -29.940802
v -1.859687 35.923880 -29.558874
v -1.839316 35.707107 -29.235090
v -1.825705 35.382683 -29.018745
v -1.820925 35.000000 -28.942775
v -1.825705 34.617317 -29.018745
v -1.839316 34.292893 -29.235090
v -1.859687 34.076120 -29.558874
v -1.883716 34.000000 -29.940802
v -1.907744 34.076120 -30.322730
v -1.928115 34.292893 -30.646513
v -1.941726 34.617317 -30.862858
v 1.199778 35.006663 30.006659
v 1.187119 34.929662 30.006237
v 1.145973 34.863369 30.004866
v 1.082604 34.817876 30.002753
v 1.006659 34.800111 30.000222
v 0.929701 34.812777 29.997657
v 0.863444 34.853946 29.995448
v 0.817978 34.917350 29.993933
v 0.800222 34.993337 29.993341
v 0.812881 35.070338 29.993763
v 0.854027 35.136631 29.995134
v 0.917396 35.182124 29.997247
v 0.993341 35.199889 29.999778
v 1.070299 35.187223 30.002343
v 1.136556 35.146054 30.004552
v 1.182022 35.082650 30.006067
v 2.199778 35.006663 0.006659
v 2.187119 34.929662 0.006237
v 2.145973 34.863369 0.004866
v 2.082604 34.817876 0.002753
v 2.006659 34.800111 0.000222
v 1.929701 34.812777 -0.002343
v 1.863444 34.853946 -0.004552
v 1.817978 34.917350 -0.006067
v 1.800222 34.993337 -0.006659
v 1.812881 35.070338 -0.006237
v 1.854027 35.136631 -0.004866
v 1.917396 35.182124 -0.002753
v 1.993341 35.199889 -0.000222
v 2.070299 35.187223 0.002343
v 2.136556 35.146054 0.004552
v 2.182022 35.082650 0.006067
v 1.000000 35.000000 30.000000
v 2.000000 35.000000 0.000000
v -0.800222 34.993337 29.993341
v -0.817978 34.917350 29.993933
v -0.863444 34.853946 29.995448
v -0.929701 34.812777 29.997657
v -1.006659 34.800111 30.000222
v -1.082604 34.817876 30.002753
v -1.145973 34.863369 30.004866
v -1.187119 34.929662 30.006237
v -1.199778 35.006663 30.006659
v -1.182022 35.082650 30.006067
v -1.136556 35.146054 30.004552
v -1.070299 35.187223 30.002343
v -0.993341 35.199889 29.999778
v -0.917396 35.182124 29.997247
v -0.854027 35.136631 29.995134
v -0.812881 35.070338 29.993763
v -1.800222 34.993337 -0.006659
v -1.817978 34.917350 -0.006067
v -1.863444 34.853946 -0.004552
v -1.929701 34.812777 -0.002343
v -2.006659 34.800111 0.000222
v -2.082604 34.817876 0.002753
v -2.145973 34.863369 0.004866
v -2.187119 34.929662 0.006237
v -2.199778 35.006663 0.006659
v -2.182022 35.082650 0.006067
v -2.136556 35.146054 0.004552
v -2.070299 35.187223 0.002343
v -1.993341 35.199889 -0.000222
v -1.917396 35.182124 -0.002753
v -1.854027 35.136631 -0.004866
v -1.812881 35.070338 -0.006237
v -1.000000 35.000000 30.000000
v -2.000000 35.000000 0.000000
v 1.199814 40.859373 29.429024
v 1.186696 40.783841 29.443602
v 1.145155 40.718794 29.455129
v 1.081515 40.674135 29.461850
v 1.005466 40.656661 29.462741
v 0.928584 40.669035 29.457666
v 0.862575 40.709371 29.447400
v 0.817487 40.771529 29.433503
v 0.800186 40.846047 29.418093
v 0.813304 40.921578 29.403514
v 0.854845 40.986625 29.391988
v 0.918485 41.031285 29.385267
v 0.994534 41.048758 29.384376
v 1.071416 41.036384 29.389450
v 1.137425 40.996048 29.399717
v 1.182513 40.933890 29.413614
v 2.199814 35.006663 0.005466
v 2.186696 34.931131 0.020044
v 2.145155 34.866084 0.031571
v 2.081515 34.821425 0.038291
v 2.005466 34.803952 0.039182
v 1.928584 34.816325 0.034108
v 1.862575 34.856662 0.023841
v 1.817487 34.918820 0.009945
v 1.800186 34.993337 -0.005466
v 1.813304 35.068869 -0.020044
v 1.854845 35.133916 -0.031571
v 1.918485 35.178575 -0.038291
v 1.994534 35.196048 -0.039182
v 2.071416 35.183675 -0.034108
v 2.137425 35.143338 -0.023841
v 2.182513 35.081180 -0.009945
v 1.000000 40.852710 29.423558
v 2.000000 35.000000 0.000000
v -0.800186 40.846047 29.418093
v -0.817487 40.771529 29.433503
v -0.862575 40.709371 29.447400
v -0.928584 40.669035 29.457666
v -1.005466 40.656661 29.462741
v -1.081515 40.674135 29.461850
v -1.145155 40.718794 29.455129
v -1.186696 40.783841 29.443602
v -1.199814 40.859373 29.429024
v -1.182513 40.933890 29.413614
v -1.137425 40.996048 29.399717
v -1.071416 41.036384 29.389450
v -0.994534 41.048758 29.384376
v -0.918485 41.031285 29.385267
v -0.854845 40.986625 29.391988
v -0.813304 40.921578 29.403514
v -1.800186 34.993337 -0.005466
v -1.817487 34.918820 0.009945
v -1.862575 34.856662 0.023841
v -1.928584 34.816325 0.034108
v -2.005466 34.803952 0.039182
v -2.081515 34.821425 0.038291
v -2.145155 34.866084 0.031571
v -2.186696 34.931131 0.020044
v -2.199814 35.006663 0.005466
v -2.182513 35.081180 -0.009945
v -2.137425 35.143338 -0.023841
v -2.071416 35.183675 -0.034108
v -1.994534 35.196048 -0.039182
v -1.918485 35.178575 -0.038291
v -1.854845 35.133916 -0.031571
v -1.813304 35.068869 -0.020044
v -1.000000 40.852710 29.423558
v -2.000000 35.000000 0.000000
v 1.199839 46.487166 27.720836
v 1.186331 46.415987 27.749832
v 1.144455 46.354631 27.773736
v 1.080587 46.312437 27.788909
v 1.004450 46.295830 27.793041
v 0.927636 46.307337 27.785503
v 0.861839 46.345208 27.767442
v 0.817075 46.403676 27.741609
v 0.800161 46.473840 27.711936
v 0.813669 46.545019 27.682940
v 0.855545 46.606375 27.659036
v 0.919413 46.648569 27.643863
v 0.995550 46.665176 27.639731
v 1.072364 46.653669 27.647269
v 1.138161 46.615798 27.665330
v 1.182925 46.557330 27.691163
v 2.199839 35.006663 0.004450
v 2.186331 34.935484 0.033446
v 2.144455 34.874128 0.057350
v 2.080587 34.831934 0.072523
v 2.004450 34.815327 0.076655
v 1.927636 34.826834 0.069117
v 1.861839 34.864705 0.051056
v 1.817075 34.923173 0.025223
v 1.800161 34.993337 -0.004450
v 1.813669 35.064516 -0.033446
v 1.855545 35.125872 -0.057350
v 1.919413 35.168066 -0.072523
v 1.995550 35.184673 -0.076655
v 2.072364 35.173166 -0.069117
v 2.138161 35.135295 -0.051056
v 2.182925 35.076827 -0.025223
v 1.000000 46.480503 27.716386
v 2.000000 35.000000 -0.000000
v -0.800161 46.473840 27.711936
v -0.817075 46.403676 27.741609
v -0.861839 46.345208 27.767442
v -0.927636 46.307337 27.785503
v -1.004450 46.295830 27.793041
v -1.080587 46.312437 27.788909
v -1.144455 46.354631 27.773736
v -1.186331 46.415987 27.749832
v -1.199839 46.487166 27.720836
v -1.182925 46.557330 27.691163
v -1.138161 46.615798 27.665330
v -1.072364 46.653669 27.647269
v -0.995550 46.665176 27.639731
v -0.919413 46.648569 27.643863
v -0.855545 46.606375 27.659036
v -0.813669 46.545019 27.682940
v -1.800161 34.993337 -0.004450
v -1.817075 34.923173 0.025223
v -1.861839 34.864705 0.051056
v -1.927636 34.826834 0.069117
v -2.004450 34.815327 0.076655
v -2.080587 34.831934 0.072523
v -2.144455 34.874128 0.057350
v -2.186331 34.935484 0.033446
v -2.199839 35.006663 0.004450
v -2.182925 35.076827 -0.025223
v -2.138161 35.135295 -0.051056
v -2.072364 35.173166 -0.069117
v -1.995550 35.184673 -0.076655
v -1.919413 35.168066 -0.072523
v -1.855545 35.125872 -0.057350
v -1.813669 35.064516 -0.033446
v -1.000000 46.480503 27.716386
v -2.000000 35.000000 -0.000000
v 1.199857 51.673770 24.947649
v 1.186006 51.609660 24.989930
v 1.143838 51.554296 25.025233
v 1.079771 51.516107 25.048182
v 1.003560 51.500905 25.055283
v 0.926807 51.511007 25.045457
v 0.861197 51.544873 25.020198
v 0.816718 51.597349 24.983352
v 0.800143 51.660444 24.940528
v 0.813994 51.724554 24.898247
v 0.856162 51.779918 24.862944
v 0.920229 51.818107 24.839995
v 0.996440 51.833309 24.832893
v 1.073193 51.823207 24.842720
v 1.138803 51.789341 24.867979
v 1.183282 51.736865 24.904825
v 2.199857 35.006663 0.003560
v 2.186006 34.942553 0.045842
v 2.143838 34.887189 0.081144
v 2.079771 34.849000 0.104093
v 2.003560 34.833798 0.111195
v 1.926807 34.843900 0.101368
v 1.861197 34.877766 0.076109
v 1.816718 34.930242 0.039263
v 1.800143 34.993337 -0.003560
v 1.813994 35.057447 -0.045842
v 1.856162 35.112811 -0.081144
v 1.920229 35.151000 -0.104093
v 1.996440 35.166202 -0.111195
v 2.073193 35.156100 -0.101368
v 2.138803 35.122234 -0.076109
v 2.183282 35.069758 -0.039263
v 1.000000 51.667107 24.944088
v 2.000000 35.000000 0.000000
v -0.800143 51.660444 24.940528
v -0.816718 51.597349 24.983352
v -0.861197 51.544873 25.020198
v -0.926807 51.511007 25.045457
v -1.003560 51.500905 25.055283
v -1.079771 51.516107 25.048182
v -1.143838 51.554296 25.025233
v -1.186006 51.609660 24.989930
v -1.199857 51.673770 24.947649
v -1.183282 51.736865 24.904825
v -1.138803 51.789341 24.867979
v -1.073193 51.823207 24.842720
v -0.996440 51.833309 24.832893
v -0.920229 51.818107 24.839995
v -0.856162 51.779918 24.862944
v -0.813994 51.724554 24.898247
v -1.800143 34.993337 -0.003560
v -1.816718 34.930242 0.039263
v -1.861197 34.877766 0.076109
v -1.926807 34.843900 0.101368
v -2.003560 34.833798 0.111195
v -2.079771 34.849000 0.104093
v -2.143838 34.887189 0.081144
v -2.186006 34.942553 0.045842
v -2.199857 35.006663 0.003560
v -2.183282 35.069758 -0.039263
v -2.138803 35.122234 -0.076109
v -2.073193 35.156100 -0.101368
v -1.996440 35.166202 -0.111195
v -1.920229 35.151000 -0.104093
v -1.856162 35.112811 -0.081144
v -1.813994 35.057447 -0.045842
v -1.000000 51.667107 24.944088
v -2.000000 35.000000 0.000000
v 1.199870 56.219866 21.215962
v 1.185712 56.165270 21.269892
v 1.143280 56.117970 21.315191
v 1.079036 56.085169 21.344963
v 1.002759 56.071861 21.354676
v 0.926062 56.080070 21.342852
v 0.860622 56.108548 21.311289
v 0.816400 56.152958 21.264794
v 0.800130 56.206540 21.210444
v 0.814288 56.261137 21.156515
v 0.856720 56.308436 21.111216
v 0.920964 56.341237 21.081444
v 0.997241 56.354546 21.071731
v 1.073938 56.346337 21.083555
v 1.139378 56.317859 21.115118
v 1.183600 56.273449 21.161613
v 2.199870 35.006663 0.002759
v 2.185712 34.952066 0.056688
v 2.143280 34.904767 0.101987
v 2.079036 34.871966 0.131760
v 2.002759 34.858657 0.141473
v 1.926062 34.866866 0.129648
v 1.860622 34.895344 0.098086
v 1.816400 34.939755 0.051590
v 1.800130 34.993337 -0.002759
v 1.814288 35.047934 -0.056688
v 1.856720 35.095233 -0.101987
v 1.920964 35.128034 -0.131760
v 1.997241 35.141343 -0.141473
v 2.073938 35.133134 -0.129648
v 2.139378 35.104656 -0.098086
v 2.183600 35.060245 -0.051590
v 1.000000 56.213203 21.213203
v 2.000000 35.000000 -0.000000
v -0.800130 56.206540 21.210444
v -0.816400 56.152958 21.264794
v -0.860622 56.108548 21.311289
v -0.926062 56.080070 21.342852
v -1.002759 56.071861 21.354676
v -1.079036 56.085169 21.344963
v -1.143280 56.117970 21.315191
v -1.185712 56.165270 21.269892
v -1.199870 56.219866 21.215962
v -1.183600 56.273449 21.161613
v -1.139378 56.317859 21.115118
v -1.073938 56.346337 21.083555
v -0.997241 56.354546 21.071731
v -0.920964 56.341237 21.081444
v -0.856720 56.308436 21.111216
v -0.814288 56.261137 21.156515
v -1.800130 34.993337 -0.002759
v -1.816400 34.939755 0.051590
v -1.860622 34.895344 0.098086
v -1.926062 34.866866 0.129648
v -2.002759 34.858657 0.141473
v -2.079036 34.871966 0.131760
v -2.143280 34.904767 0.101987
v -2.185712 34.952066 0.056688
v -2.199870 35.006663 0.002759
v -2.183600 35.060245 -0.051590
v -2.139378 35.104656 -0.098086
v -2.073938 35.133134 -0.129648
v -1.997241 35.141343 -0.141473
v -1.920964 35.128034 -0.131760
v -1.856720 35.095233 -0.101987
v -1.814288 35.047934 -0.056688
v -1.000000 56.213203 21.213203
v -2.000000 35.000000 -0.000000
v 1.199879 59.950751 16.669128
v 1.185437 59.907746 16.732623
v 1.142764 59.870274 16.786144
v 1.078357 59.844039 16.821543
v 1.002021 59.833036 16.833430
v 0.925376 59.838940 16.819996
v 0.860093 59.860851 16.783286
v 0.816109 59.895435 16.728889
v 0.800121 59.937425 16.665086
v 0.814563 59.980430 16.601591
v 0.857236 60.017903 16.548070
v 0.921643 60.044138 16.512671
v 0.997979 60.055141 16.500784
v 1.074624 60.049237 16.514218
v 1.139907 60.027326 16.550928
v 1.183891 59.992742 16.605325
v 2.199879 35.006663 0.002021
v 2.185437 34.963658 0.065516
v 2.142764 34.926186 0.119037
v 2.078357 34.899951 0.154436
v 2.002021 34.888948 0.166323
v 1.925376 34.894851 0.152889
v 1.860093 34.916763 0.116179
v 1.816109 34.951346 0.061782
v 1.800121 34.993337 -0.002021
v 1.814563 35.036342 -0.065516
v 1.857236 35.073814 -0.119037
v 1.921643 35.100049 -0.154436
v 1.997979 35.111052 -0.166323
v 2.074624 35.105149 -0.152889
v 2.139907 35.083237 -0.116179
v 2.183891 35.048654 -0.061782
v 1.000000 59.944088 16.667107
v 2.000000 35.000000 0.000000
v -0.800121 59.937425 16.665086
v -0.816109 59.895435 16.728889
v -0.860093 59.860851 16.783286
v -0.925376 59.838940 16.819996
v -1.002021 59.833036 16.833430
v -1.078357 59.844039 16.821543
v -1.142764 59.870274 16.786144
v -1.185437 59.907746 16.732623
v -1.199879 59.950751 16.669128
v -1.183891 59.992742 16.605325
v -1.139907 60.027326 16.550928
v -1.074624 60.049237 16.514218
v -0.997979 60.055141 16.500784
v -0.921643 60.044138 16.512671
v -0.857236 60.017903 16.548070
v -0.814563 59.980430 16.601591
v -1.800121 34.993337 -0.002021
v -1.816109 34.951346 0.061782
v -1.860093 34.916763 0.116179
v -1.925376 34.894851 0.152889
v -2.002021 34.888948 0.166323
v -2.078357 34.899951 0.154436
v -2.142764 34.926186 0.119037
v -2.185437 34.963658 0.065516
v -2.199879 35.006663 0.002021
v -2.183891 35.048654 -0.061782
v -2.139907 35.083237 -0.116179
v -2.074624 35.105149 -0.152889
v -1.997979 35.111052 -0.166323
v -1.921643 35.100049 -0.154436
v -1.857236 35.073814 -0.119037
v -1.814563 35.036342 -0.065516
v -1.000000 59.944088 16.667107
v -2.000000 35.000000 0.000000
v 1.199885 62.723049 11.481828
v 1.185176 62.693269 11.552443
v 1.142277 62.667008 11.612105
v 1.077717 62.648264 11.651733
v 1.001325 62.639892 11.665292
v 0.924732 62.643165 11.650718
v 0.859597 62.657585 11.610231
v 0.815838 62.680957 11.549994
v 0.800115 62.709723 11.479178
v 0.814824 62.739503 11.408563
v 0.857723 62.765764 11.348901
v 0.922283 62.784508 11.309273
v 0.998675 62.792880 11.295714
v 1.075268 62.789607 11.310287
v 1.140403 62.775187 11.350774
v 1.184162 62.751815 11.411011
v 2.199885 35.006663 0.001325
v 2.185176 34.976883 0.071940
v 2.142277 34.950622 0.131602
v 2.077717 34.931878 0.171230
v 2.001325 34.923506 0.184789
v 1.924732 34.926779 0.170216
v 1.859597 34.941199 0.129728
v 1.815838 34.964571 0.069491
v 1.800115 34.993337 -0.001325
v 1.814824 35.023117 -0.071940
v 1.857723 35.049378 -0.131602
v 1.922283 35.068122 -0.171230
v 1.998675 35.076494 -0.184789
v 2.075268 35.073221 -0.170216
v 2.140403 35.058801 -0.129728
v 2.184162 35.035429 -0.069491
v 1.000000 62.716386 11.480503
v 2.000000 35.000000 -0.000000
v -0.800115 62.709723 11.479178
v -0.815838 62.680957 11.549994
v -0.859597 62.657585 11.610231
v -0.924732 62.643165 11.650718
v -1.001325 62.639892 11.665292
v -1.077717 62.648264 11.651733
v -1.142277 62.667008 11.612105
v -1.185176 62.693269 11.552443
v -1.199885 62.723049 11.481828
v -1.184162 62.751815 11.411011
v -1.140403 62.775187 11.350774
v -1.075268 62.789607 11.310287
v -0.998675 62.792880 11.295714
v -0.922283 62.784508 11.309273
v -0.857723 62.765764 11.348901
v -0.814824 62.739503 11.408563
v -1.800115 34.993337 -0.001325
v -1.815838 34.964571 0.069491
v -1.859597 34.941199 0.129728
v -1.924732 34.926779 0.170216
v -2.001325 34.923506 0.184789
v -2.077717 34.931878 0.171230
v -2.142277 34.950622 0.131602
v -2.185176 34.976883 0.071940
v -2.199885 35.006663 0.001325
v -2.184162 35.035429 -0.069491
v -2.140403 35.058801 -0.129728
v -2.075268 35.073221 -0.170216
v -1.998675 35.076494 -0.184789
v -1.922283 35.068122 -0.171230
v -1.857723 35.049378 -0.131602
v -1.814824 35.023117 -0.071940
v -1.000000 62.716386 11.480503
v -2.000000 35.000000 -0.000000
v 1.199888 64.430221 5.853366
v 1.184923 64.414791 5.928383
v 1.141806 64.400695 5.991880
v 1.077100 64.390080 6.034189
v 1.000656 64.384562 6.048870
v 0.924112 64.384981 6.033687
v 0.859122 64.391272 5.990952
v 0.815579 64.402479 5.927171
v 0.800112 64.416895 5.852054
v 0.815077 64.432326 5.777036
v 0.858194 64.446422 5.713540
v 0.922900 64.457037 5.671230
v 0.999344 64.462555 5.656549
v 1.075888 64.462136 5.671732
v 1.140878 64.455844 5.714467
v 1.184421 64.444637 5.778248
v 2.199888 35.006663 0.000656
v 2.184923 34.991232 0.075673
v 2.141806 34.977137 0.139170
v 2.077100 34.966522 0.181480
v 2.000656 34.961004 0.196160
v 1.924112 34.961422 0.180977
v 1.859122 34.967714 0.138242
v 1.815579 34.978921 0.074461
v 1.800112 34.993337 -0.000656
v 1.815077 35.008768 -0.075673
v 1.858194 35.022863 -0.139170
v 1.922900 35.033478 -0.181480
v 1.999344 35.038996 -0.196160
v 2.075888 35.038578 -0.180977
v 2.140878 35.032286 -0.138242
v 2.184421 35.021079 -0.074461
v 1.000000 64.423558 5.852710
v 2.000000 35.000000 0.000000
v -0.800112 64.416895 5.852054
v -0.815579 64.402479 5.927171
v -0.859122 64.391272 5.990952
v -0.924112 64.384981 6.033687
v -1.000656 64.384562 6.048870
v -1.077100 64.390080 6.034189
v -1.141806 64.400695 5.991880
v -1.184923 64.414791 5.928383
v -1.199888 64.430221 5.853366
v -1.184421 64.444637 5.778248
v -1.140878 64.455844 5.714467
v -1.075888 64.462136 5.671732
v -0.999344 64.462555 5.656549
v -0.922900 64.457037 5.671230
v -0.858194 64.446422 5.713540
v -0.815077 64.432326 5.777036
v -1.800112 34.993337 -0.000656
v -1.815579 34.978921 0.074461
v -1.859122 34.967714 0.138242
v -1.924112 34.961422 0.180977
v -2.000656 34.961004 0.196160
v -2.077100 34.966522 0.181480
v -2.141806 34.977137 0.139170
v -2.184923 34.991232 0.075673
v -2.199888 35.006663 0.000656
v -2.184421 35.021079 -0.074461
v -2.140878 35.032286 -0.138242
v -2.075888 35.038578 -0.180977
v -1.999344 35.038996 -0.196160
v -1.922900 35.033478 -0.181480
v -1.858194 35.022863 -0.139170
v -1.815077 35.008768 -0.075673
v -1.000000 64.423558 5.852710
v -2.000000 35.000000 0.000000
v 1.199889 65.006663 0.000000
v 1.184673 65.006156 0.076537
v 1.141343 65.004711 0.141421
v 1.076494 65.002550 0.184776
v 1.000000 65.000000 0.200000
v 0.923506 64.997450 0.184776
v 0.858657 64.995289 0.141421
v 0.815327 64.993844 0.076537
v 0.800111 64.993337 0.000000
v 0.815327 64.993844 -0.076537
v 0.858657 64.995289 -0.141421
v 0.923506 64.997450 -0.184776
v 1.000000 65.000000 -0.200000
v 1.076494 65.002550 -0.184776
v 1.141343 65.004711 -0.141421
v 1.184673 65.006156 -0.076537
v 2.199889 35.006663 0.000000
v 2.184673 35.006156 0.076537
v 2.141343 35.004711 0.141421
v 2.076494 35.002550 0.184776
v 2.000000 35.000000 0.200000
v 1.923506 34.997450 0.184776
v 1.858657 34.995289 0.141421
v 1.815327 34.993844 0.076537
v 1.800111 34.993337 0.000000
v 1.815327 34.993844 -0.076537
v 1.858657 34.995289 -0.141421
v 1.923506 34.997450 -0.184776
v 2.000000 35.000000 -0.200000
v 2.076494 35.002550 -0.184776
v 2.141343 35.004711 -0.141421
v 2.184673 35.006156 -0.076537
v 1.000000 65.000000 0.000000
v 2.000000 35.000000 -0.000000
v -0.800111 64.993337 0.000000
v -0.815327 64.993844 0.076537
v -0.858657 64.995289 0.141421
v -0.923506 64.997450 0.184776
v -1.000000 65.000000 0.200000
v -1.076494 65.002550 0.184776
v -1.141343 65.004711 0.141421
v -1.184673 65.006156 0.076537
v -1.199889 65.006663 0.000000
v -1.184673 65.006156 -0.076537
v -1.141343 65.004711 -0.141421
v -1.076494 65.002550 -0.184776
v -1.000000 65.000000 -0.200000
v -0.923506 64.997450 -0.184776
v -0.858657 64.995289 -0.141421
v -0.815327 64.993844 -0.076537
v -1.800111 34.993337 -0.000000
v -1.815327 34.993844 0.076537
v -1.858657 34.995289 0.141421
v -1.923506 34.997450 0.184776
v -2.000000 35.000000 0.200000
v -2.076494 35.002550 0.184776
v -2.141343 35.004711 0.141421
v -2.184673 35.006156 0.076537
v -2.199889 35.006663 0.000000
v -2.184673 35.006156 -0.076537
v -2.141343 35.004711 -0.141421
v -2.076494 35.002550 -0.184776
v -2.000000 35.000000 -0.200000
v -1.923506 34.997450 -0.184776
v -1.858657 34.995289 -0.141421
v -1.815327 34.993844 -0.076537
v -1.000000 65.000000 0.000000
v -2.000000 35.000000 -0.000000
v 1.199888 64.430221 -5.853366
v 1.184421 64.444637 -5.778248
v 1.140878 64.455844 -5.714467
v 1.075888 64.462136 -5.671732
v 0.999344 64.462555 -5.656549
v 0.922900 64.457037 -5.671230
v 0.858194 64.446422 -5.713540
v 0.815077 64.432326 -5.777036
v 0.800112 64.416895 -5.852054
v 0.815579 64.402479 -5.927171
v 0.859122 64.391272 -5.990952
v 0.924112 64.384981 -6.033687
v 1.000656 64.384562 -6.048870
v 1.077100 64.390080 -6.034189
v 1.141806 64.400695 -5.991880
v 1.184923 64.414791 -5.928383
v 2.199888 35.006663 -0.000656
v 2.184421 35.021079 0.074461
v 2.140878 35.032286 0.138242
v 2.075888 35.038578 0.180977
v 1.999344 35.038996 0.196160
v 1.922900 35.033478 0.181480
v 1.858194 35.022863 0.139170
v 1.815077 35.008768 0.075673
v 1.800112 34.993337 0.000656
v 1.815579 34.978921 -0.074461
v 1.859122 34.967714 -0.138242
v 1.924112 34.961422 -0.180977
v 2.000656 34.961004 -0.196160
v 2.077100 34.966522 -0.181480
v 2.141806 34.977137 -0.139170
v 2.184923 34.991232 -0.075673
v 1.000000 64.423558 -5.852710
v 2.000000 35.000000 0.000000
v -0.800112 64.416895 -5.852054
v -0.815077 64.432326 -5.777036
v -0.858194 64.446422 -5.713540
v -0.922900 64.457037 -5.671230
v -0.999344 64.462555 -5.656549
v -1.075888 64.462136 -5.671732
v -1.140878 64.455844 -5.714467
v -1.184421 64.444637 -5.778248
v -1.199888 64.430221 -5.853366
v -1.184923 64.414791 -5.928383
v -1.141806 64.400695 -5.991880
v -1.077100 64.390080 -6.034189
v -1.000656 64.384562 -6.048870
v -0.924112 64.384981 -6.033687
v -0.859122 64.391272 -5.990952
v -0.815579 64.402479 -5.927171
v -1.800112 34.993337 0.000656
v -1.815077 35.008768 0.075673
v -1.858194 35.022863 0.139170
v -1.922900 35.033478 0.181480
v -1.999344 35.038996 0.196160
v -2.075888 35.038578 0.180977
v -2.140878 35.032286 0.138242
v -2.184421 35.021079 0.074461
v -2.199888 35.006663 -0.000656
v -2.184923 34.991232 -0.075673
v -2.141806 34.977137 -0.139170
v -2.077100 34.966522 -0.181480
v -2.000656 34.961004 -0.196160
v -1.924112 34.961422 -0.180977
v -1.859122 34.967714 -0.138242
v -1.815579 34.978921 -0.074461
v -1.000000 64.423558 -5.852710
v -2.000000 35.000000 0.000000
v 1.199885 62.723049 -11.481828
v 1.184162 62.751815 -11.411011
v 1.140403 62.775187 -11.350774
v 1.075268 62.789607 -11.310287
v 0.998675 62.792880 -11.295714
v 0.922283 62.784508 -11.309273
v 0.857723 62.765764 -11.348901
v 0.814824 62.739503 -11.408563
v 0.800115 62.709723 -11.479178
v 0.815838 62.680957 -11.549994
v 0.859597 62.657585 -11.610231
v 0.924732 62.643165 -11.650718
v 1.001325 62.639892 -11.665292
v 1.077717 62.648264 -11.651733
v 1.142277 62.667008 -11.612105
v 1.185176 62.693269 -11.552443
v 2.199885 35.006663 -0.001325
v 2.184162 35.035429 0.069491
v 2.140403 35.058801 0.129728
v 2.075268 35.073221 0.170216
v 1.998675 35.076494 0.184789
v 1.922283 35.068122 0.171230
v 1.857723 35.049378 0.131602
v 1.814824 35.023117 0.071940
v 1.800115 34.993337 0.001325
v 1.815838 34.964571 -0.069491
v 1.859597 34.941199 -0.129728
v 1.924732 34.926779 -0.170216
v 2.001325 34.923506 -0.184789
v 2.077717 34.931878 -0.171230
v 2.142277 34.950622 -0.131602
v 2.185176 34.976883 -0.071940
v 1.000000 62.716386 -11.480503
v 2.000000 35.000000 -0.000000
v -0.800115 62.709723 -11.479178
v -0.814824 62.739503 -11.408563
v -0.857723 62.765764 -11.348901
v -0.922283 62.784508 -11.309273
v -0.998675 62.792880 -11.295714
v -1.075268 62.789607 -11.310287
v -1.140403 62.775187 -11.350774
v -1.184162 62.751815 -11.411011
v -1.199885 62.723049 -11.481828
v -1.185176 62.693269 -11.552443
v -1.142277 62.667008 -11.612105
v -1.077717 62.648264 -11.651733
v -1.001325 62.639892 -11.665292
v -0.924732 62.643165 -11.650718
v -0.859597 62.657585 -11.610231
v -0.815838 62.680957 -11.549994
v -1.800115 34.993337 0.001325
v -1.814824 35.023117 0.071940
v -1.857723 35.049378 0.131602
v -1.922283 35.068122 0.171230
v -1.998675 35.076494 0.184789
v -2.075268 35.073221 0.170216
v -2.140403 35.058801 0.129728
v -2.184162 35.035429 0.069491
v -2.199885 35.006663 -0.001325
v -2.185176 34.976883 -0.071940
v -2.142277 34.950622 -0.131602
v -2.077717 34.931878 -0.171230
v -2.001325 34.923506 -0.184789
v -1.924732 34.926779 -0.170216
v -1.859597 34.941199 -0.129728
v -1.815838 34.964571 -0.069491
v -1.000000 62.716386 -11.480503
v -2.000000 35.000000 -0.000000
v 1.199879 59.950751 -16.669128
v 1.183891 59.992742 -16.605325
v 1.139907 60.027326 -16.550928
v 1.074624 60.049237 -16.514218
v 0.997979 60.055141 -16.500784
v 0.921643 60.044138 -16.512671
v 0.857236 60.017903 -16.548070
v 0.814563 59.980430 -16.601591
v 0.800121 59.937425 -16.665086
v 0.816109 59.895435 -16.728889
v 0.860093 59.860851 -16.783286
v 0.925376 59.838940 -16.819996
v 1.002021 59.833036 -16.833430
v 1.078357 59.844039 -16.821543
v 1.142764 59.870274 -16.786144
v 1.185437 59.907746 -16.732623
v 2.199879 35.006663 -0.002021
v 2.183891 35.048654 0.061782
v 2.139907 35.083237 0.116179
v 2.074624 35.105149 0.152889
v 1.997979 35.111052 0.166323
v 1.921643 35.100049 0.154436
v 1.857236 35.073814 0.119037
v 1.814563 35.036342 0.065516
v 1.800121 34.993337 0.002021
v 1.816109 34.951346 -0.061782
v 1.860093 34.916763 -0.116179
v 1.925376 34.894851 -0.152889
v 2.002021 34.888948 -0.166323
v 2.078357 34.899951 -0.154436
v 2.142764 34.926186 -0.119037
v 2.185437 34.963658 -0.065516
v 1.000000 59.944088 -16.667107
v 2.000000 35.000000 0.000000
v -0.800121 59.937425 -16.665086
v -0.814563 59.980430 -16.601591
v -0.857236 60.017903 -16.548070
v -0.921643 60.044138 -16.512671
v -0.997979 60.055141 -16.500784
v -1.074624 60.049237 -16.514218
v -1.139907 60.027326 -16.550928
v -1.183891 59.992742 -16.605325
v -1.199879 59.950751 -16.669128
v -1.185437 59.907746 -16.732623
v -1.142764 59.870274 -16.786144
v -1.078357 59.844039 -16.821543
v -1.002021 59.833036 -16.833430
v -0.925376 59.838940 -16.819996
v -0.860093 59.860851 -16.783286
v -0.816109 59.895435 -16.728889
v -1.800121 34.993337 0.002021
v -1.814563 35.036342 0.065516
v -1.857236 35.073814 0.119037
v -1.921643 35.100049 0.154436
v -1.997979 35.111052 0.166323
v -2.074624 35.105149 0.152889
v -2.139907 35.083237 0.116179
v -2.183891 35.048654 0.061782
v -2.199879 35.006663 -0.002021
v -2.185437 34.963658 -0.065516
v -2.142764 34.926186 -0.119037
v -2.078357 34.899951 -0.154436
v -2.002021 34.888948 -0.166323
v -1.925376 34.894851 -0.152889
v -1.860093 34.916763 -0.116179
v -1.816109 34.951346 -0.061782
v -1.000000 59.944088 -16.667107
v -2.000000 35.000000 0.000000
v 1.199870 56.219866 -21.215962
v 1.183600 56.273449 -21.161613
v 1.139378 56.317859 -21.115118
v 1.073938 56.346337 -21.083555
v 0.997241 56.354546 -21.071731
v 0.920964 56.341237 -21.081444
v 0.856720 56.308436 -21.111216
v 0.814288 56.261137 -21.156515
v 0.800130 56.206540 -21.210444
v 0.816400 56.152958 -21.264794
v 0.860622 56.108548 -21.311289
v 0.926062 56.080070 -21.342852
v 1.002759 56.071861 -21.354676
v 1.079036 56.085169 -21.344963
v 1.143280 56.117970 -21.315191
v 1.185712 56.165270 -21.269892
v 2.199870 35.006663 -0.002759
v 2.183600 35.060245 0.051590
v 2.139378 35.104656 0.098086
v 2.073938 35.133134 0.129648
v 1.997241 35.141343 0.141473
v 1.920964 35.128034 0.131760
v 1.856720 35.095233 0.101987
v 1.814288 35.047934 0.056688
v 1.800130 34.993337 0.002759
v 1.816400 34.939755 -0.051590
v 1.860622 34.895344 -0.098086
v 1.926062 34.866866 -0.129648
v 2.002759 34.858657 -0.141473
v 2.079036 34.871966 -0.131760
v 2.143280 34.904767 -0.101987
v 2.185712 34.952066 -0.056688
v 1.000000 56.213203 -21.213203
v 2.000000 35.000000 0.000000
v -0.800130 56.206540 -21.210444
v -0.814288 56.261137 -21.156515
v -0.856720 56.308436 -21.111216
v -0.920964 56.341237 -21.081444
v -0.997241 56.354546 -21.071731
v -1.073938 56.346337 -21.083555
v -1.139378 56.317859 -21.115118
v -1.183600 56.273449 -21.161613
v -1.199870 56.219866 -21.215962
v -1.185712 56.165270 -21.269892
v -1.143280 56.117970 -21.315191
v -1.079036 56.085169 -21.344963
v -1.002759 56.071861 -21.354676
v -0.926062 56.080070 -21.342852
v -0.860622 56.108548 -21.311289
v -0.816400 56.152958 -21.264794
v -1.800130 34.993337 0.002759
v -1.814288 35.047934 0.056688
v -1.856720 35.095233 0.101987
v -1.920964 35.128034 0.131760
v -1.997241 35.141343 0.141473
v -2.073938 35.133134 0.129648
v -2.139378 35.104656 0.098086
v -2.183600 35.060245 0.051590
v -2.199870 35.006663 -0.002759
v -2.185712 34.952066 -0.056688
v -2.143280 34.904767 -0.101987
v -2.079036 34.871966 -0.131760
v -2.002759 34.858657 -0.141473
v -1.926062 34.866866 -0.129648
v -1.860622 34.895344 -0.098086
v -1.816400 34.939755 -0.051590
v -1.000000 56.213203 -21.213203
v -2.000000 35.000000 0.000000
v 1.199857 51.673770 -24.947649
v 1.183282 51.736865 -24.904825
v 1.138803 51.789341 -24.867979
v 1.073193 51.823207 -24.842720
v 0.996440 51.833309 -24.832893
v 0.920229 51.818107 -24.839995
v 0.856162 51.779918 -24.862944
v 0.813994 51.724554 -24.898247
v 0.800143 51.660444 -24.940528
v 0.816718 51.597349 -24.983352
v 0.861197 51.544873 -25.020198
v 0.926807 51.511007 -25.045457
v 1.003560 51.500905 -25.055283
v 1.079771 51.516107 -25.048182
v 1.143838 51.554296 -25.025233
v 1.186006 51.609660 -24.989930
v 2.199857 35.006663 -0.003560
v 2.183282 35.069758 0.039263
v 2.138803 35.122234 0.076109
v 2.073193 35.156100 0.101368
v 1.996440 35.166202 0.111195
v 1.920229 35.151000 0.104093
v 1.856162 35.112811 0.081144
v 1.813994 35.057447 0.045842
v 1.800143 34.993337 0.003560
v 1.816718 34.930242 -0.039263
v 1.861197 34.877766 -0.076109
v 1.926807 34.843900 -0.101368
v 2.003560 34.833798 -0.111195
v 2.079771 34.849000 -0.104093
v 2.143838 34.887189 -0.081144
v 2.186006 34.942553 -0.045842
v 1.000000 51.667107 -24.944088
v 2.000000 35.000000 0.000000
v -0.800143 51.660444 -24.940528
v -0.813994 51.724554 -24.898247
v -0.856162 51.779918 -24.862944
v -0.920229 51.818107 -24.839995
v -0.996440 51.833309 -24.832893
v -1.073193 51.823207 -24.842720
v -1.138803 51.789341 -24.867979
v -1.183282 51.736865 -24.904825
v -1.199857 51.673770 -24.947649
v -1.186006 51.609660 -24.989930
v -1.143838 51.554296 -25.025233
v -1.079771 51.516107 -25.048182
v -1.003560 51.500905 -25.055283
v -0.926807 51.511007 -25.045457
v -0.861197 51.544873 -25.020198
v -0.816718 51.597349 -24.983352
v -1.800143 34.993337 0.003560
v -1.813994 35.057447 0.045842
v -1.856162 35.112811 0.081144
v -1.920229 35.151000 0.104093
v -1.996440 35.166202 0.111195
v -2.073193 35.156100 0.101368
v -2.138803 35.122234 0.076109
v -2.183282 35.069758 0.039263
v -2.199857 35.006663 -0.003560
v -2.186006 34.942553 -0.045842
v -2.143838 34.887189 -0.081144
v -2.079771 34.849000 -0.104093
v -2.003560 34.833798 -0.111195
v -1.926807 34.843900 -0.101368
v -1.861197 34.877766 -0.076109
v -1.816718 34.930242 -0.039263
v -1.000000 51.667107 -24.944088
v -2.000000 35.000000 0.000000
v 1.199839 46.487166 -27.720836
v 1.182925 46.557330 -27.691163
v 1.138161 46.615798 -27.665330
v 1.072364 46.653669 -27.647269
v 0.995550 46.665176 -27.639731
v 0.919413 46.648569 -27.643863
v 0.855545 46.606375 -27.659036
v 0.813669 46.545019 -27.682940
v 0.800161 46.473840 -27.711936
v 0.817075 46.403676 -27.741609
v 0.861839 46.345208 -27.767442
v 0.927636 46.307337 -27.785503
v 1.004450 46.295830 -27.793041
v 1.080587 46.312437 -27.788909
v 1.144455 46.354631 -27.773736
v 1.186331 46.415987 -27.749832
v 2.199839 35.006663 -0.004450
v 2.182925 35.076827 0.025223
v 2.138161 35.135295 0.051056
v 2.072364 35.173166 0.069117
v 1.995550 35.184673 0.076655
v 1.919413 35.168066 0.072523
v 1.855545 35.125872 0.057350
v 1.813669 35.064516 0.033446
v 1.800161 34.993337 0.004450
v 1.817075 34.923173 -0.025223
v 1.861839 34.864705 -0.051056
v 1.927636 34.826834 -0.069117
v 2.004450 34.815327 -0.076655
v 2.080587 34.831934 -0.072523
v 2.144455 34.874128 -0.057350
v 2.186331 34.935484 -0.033446
v 1.000000 46.480503 -27.716386
v 2.000000 35.000000 0.000000
v -0.800161 46.473840 -27.711936
v -0.813669 46.545019 -27.682940
v -0.855545 46.606375 -27.659036
v -0.919413 46.648569 -27.643863
v -0.995550 46.665176 -27.639731
v -1.072364 46.653669 -27.647269
v -1.138161 46.615798 -27.665330
v -1.182925 46.557330 -27.691163
v -1.199839 46.487166 -27.720836
v -1.186331 46.415987 -27.749832
v -1.144455 46.354631 -27.773736
v -1.080587 46.312437 -27.788909
v -1.004450 46.295830 -27.793041
v -0.927636 46.307337 -27.785503
v -0.861839 46.345208 -27.767442
v -0.817075 46.403676 -27.741609
v -1.800161 34.993337 0.004450
v -1.813669 35.064516 0.033446
v -1.855545 35.125872 0.057350
v -1.919413 35.168066 0.072523
v -1.995550 35.184673 0.076655
v -2.072364 35.173166 0.069117
v -2.138161 35.135295 0.051056
v -2.182925 35.076827 0.025223
v -2.199839 35.006663 -0.004450
v -2.186331 34.935484 -0.033446
v -2.144455 34.874128 -0.057350
v -2.080587 34.831934 -0.072523
v -2.004450 34.815327 -0.076655
v -1.927636 34.826834 -0.069117
v -1.861839 34.864705 -0.051056
v -1.817075 34.923173 -0.025223
v -1.000000 46.480503 -27.716386
v -2.000000 35.000000 0.000000
v 1.199814 40.859373 -29.429024
v 1.182513 40.933890 -29.413614
v 1.137425 40.996048 -29.399717
v 1.071416 41.036384 -29.389450
v 0.994534 41.048758 -29.384376
v 0.918485 41.031285 -29.385267
v 0.854845 40.986625 -29.391988
v 0.813304 40.921578 -29.403514
v 0.800186 40.846047 -29.418093
v 0.817487 40.771529 -29.433503
v 0.862575 40.709371 -29.447400
v 0.928584 40.669035 -29.457666
v 1.005466 40.656661 -29.462741
v 1.081515 40.674135 -29.461850
v 1.145155 40.718794 -29.455129
v 1.186696 40.783841 -29.443602
v 2.199814 35.006663 -0.005466
v 2.182513 35.081180 0.009945
v 2.137425 35.143338 0.023841
v 2.071416 35.183675 0.034108
v 1.994534 35.196048 0.039182
v 1.918485 35.178575 0.038291
v 1.854845 35.133916 0.031571
v 1.813304 35.068869 0.020044
v 1.800186 34.993337 0.005466
v 1.817487 34.918820 -0.009945
v 1.862575 34.856662 -0.023841
v 1.928584 34.816325 -0.034108
v 2.005466 34.803952 -0.039182
v 2.081515 34.821425 -0.038291
v 2.145155 34.866084 -0.031571
v 2.186696 34.931131 -0.020044
v 1.000000 40.852710 -29.423558
v 2.000000 35.000000 0.000000
v -0.800186 40.846047 -29.418093
v -0.813304 40.921578 -29.403514
v -0.854845 40.986625 -29.391988
v -0.918485 41.031285 -29.385267
v -0.994534 41.048758 -29.384376
v -1.071416 41.036384 -29.389450
v -1.137425 40.996048 -29.399717
v -1.182513 40.933890 -29.413614
v -1.199814 40.859373 -29.429024
v -1.186696 40.783841 -29.443602
v -1.145155 40.718794 -29.455129
v -1.081515 40.674135 -29.461850
v -1.005466 40.656661 -29.462741
v -0.928584 40.669035 -29.457666
v -0.862575 40.709371 -29.447400
v -0.817487 40.771529 -29.433503
v -1.800186 34.993337 0.005466
v -1.813304 35.068869 0.020044
v -1.854845 35.133916 0.031571
v -1.918485 35.178575 0.038291
v -1.994534 35.196048 0.039182
v -2.071416 35.183675 0.034108
v -2.137425 35.143338 0.023841
v -2.182513 35.081180 0.009945
v -2.199814 35.006663 -0.005466
v -2.186696 34.931131 -0.020044
v -2.145155 34.866084 -0.031571
v -2.081515 34.821425 -0.038291
v -2.005466 34.803952 -0.039182
v -1.928584 34.816325 -0.034108
v -1.862575 34.856662 -0.023841
v -1.817487 34.918820 -0.009945
v -1.000000 40.852710 -29.423558
v -2.000000 35.000000 0.000000
v 1.199778 35.006663 -30.006659
v 1.182022 35.082650 -30.006067
v 1.136556 35.146054 -30.004552
v 1.070299 35.187223 -30.002343
v 0.993341 35.199889 -29.999778
v 0.917396 35.182124 -29.997247
v 0.854027 35.136631 -29.995134
v 0.812881 35.070338 -29.993763
v 0.800222 34.993337 -29.993341
v 0.817978 34.917350 -29.993933
v 0.863444 34.853946 -29.995448
v 0.929701 34.812777 -29.997657
v 1.006659 34.800111 -30.000222
v 1.082604 34.817876 -30.002753
v 1.145973 34.863369 -30.004866
v 1.187119 34.929662 -30.006237
v 2.199778 35.006663 -0.006659
v 2.182022 35.082650 -0.006067
v 2.136556 35.146054 -0.004552
v 2.070299 35.187223 -0.002343
v 1.993341 35.199889 0.000222
v 1.917396 35.182124 0.002753
v 1.854027 35.136631 0.004866
v 1.812881 35.070338 0.006237
v 1.800222 34.993337 0.006659
v 1.817978 34.917350 0.006067
v 1.863444 34.853946 0.004552
v 1.929701 34.812777 0.002343
v 2.006659 34.800111 -0.000222
v 2.082604 34.817876 -0.002753
v 2.145973 34.863369 -0.004866
v 2.187119 34.929662 -0.006237
v 1.000000 35.000000 -30.000000
v 2.000000 35.000000 0.000000
v -0.800222 34.993337 -29.993341
v -0.812881 35.070338 -29.993763
v -0.854027 35.136631 -29.995134
v -0.917396 35.182124 -29.997247
v -0.993341 35.199889 -29.999778
v -1.070299 35.187223 -30.002343
v -1.136556 35.146054 -30.004552
v -1.182022 35.082650 -30.006067
v -1.199778 35.006663 -30.006659
v -1.187119 34.929662 -30.006237
v -1.145973 34.863369 -30.004866
v -1.082604 34.817876 -30.002753
v -1.006659 34.800111 -30.000222
v -0.929701 34.812777 -29.997657
v -0.863444 34.853946 -29.995448
v -0.817978 34.917350 -29.993933
v -1.800222 34.993337 0.006659
v -1.812881 35.070338 0.006237
v -1.854027 35.136631 0.004866
v -1.917396 35.182124 0.002753
v -1.993341 35.199889 0.000222
v -2.070299 35.187223 -0.002343
v -2.136556 35.146054 -0.004552
v -2.182022 35.082650 -0.006067
v -2.199778 35.006663 -0.006659
v -2.187119 34.929662 -0.006237
v -2.145973 34.863369 -0.004866
v -2.082604 34.817876 -0.002753
v -2.006659 34.800111 -0.000222
v -1.929701 34.812777 0.002343
v -1.863444 34.853946 0.004552
v -1.817978 34.917350 0.006067
v -1.000000 35.000000 -30.000000
v -2.000000 35.000000 0.000000
v 1.199724 29.153953 -29.431672
v 1.181416 29.228471 -29.445872
v 1.135489 29.290629 -29.456675
v 1.068936 29.330965 -29.462436
v 0.991887 29.343339 -29.462279
v 0.916073 29.325865 -29.456227
v 0.853037 29.281206 -29.445201
v 0.812374 29.216159 -29.430881
v 0.800276 29.140627 -29.415445
v 0.818584 29.066110 -29.401245
v 0.864511 29.003952 -29.390442
v 0.931064 28.963616 -29.384680
v 1.008113 28.951242 -29.384838
v 1.083927 28.968715 -29.390890
v 1.146963 29.013375 -29.401916
v 1.187626 29.078422 -29.416236
v 2.199724 35.006663 -0.008113
v 2.181416 35.081180 -0.022313
v 2.135489 35.143338 -0.033117
v 2.068936 35.183675 -0.038878
v 1.991887 35.196048 -0.038721
v 1.916073 35.178575 -0.032668
v 1.853037 35.133916 -0.021643
v 1.812374 35.068869 -0.007322
v 1.800276 34.993337 0.008113
v 1.818584 34.918820 0.022313
v 1.864511 34.856662 0.033117
v 1.931064 34.816325 0.038878
v 2.008113 34.803952 0.038721
v 2.083927 34.821425 0.032668
v 2.146963 34.866084 0.021643
v 2.187626 34.931131 0.007322
v 1.000000 29.147290 -29.423558
v 2.000000 35.000000 0.000000
v -0.800276 29.140627 -29.415445
v -0.812374 29.216159 -29.430881
v -0.853037 29.281206 -29.445201
v -0.916073 29.325865 -29.456227
v -0.991887 29.343339 -29.462279
v -1.068936 29.330965 -29.462436
v -1.135489 29.290629 -29.456675
v -1.181416 29.228471 -29.445872
v -1.199724 29.153953 -29.431672
v -1.187626 29.078422 -29.416236
v -1.146963 29.013375 -29.401916
v -1.083927 28.968715 -29.390890
v -1.008113 28.951242 -29.384838
v -0.931064 28.963616 -29.384680
v -0.864511 29.003952 -29.390442
v -0.818584 29.066110 -29.401245
v -1.800276 34.993337 0.008113
v -1.812374 35.068869 -0.007322
v -1.853037 35.133916 -0.021643
v -1.916073 35.178575 -0.032668
v -1.991887 35.196048 -0.038721
v -2.068936 35.183675 -0.038878
v -2.135489 35.143338 -0.033117
v -2.181416 35.081180 -0.022313
v -2.199724 35.006663 -0.008113
v -2.187626 34.931131 0.007322
v -2.146963 34.866084 0.021643
v -2.083927 34.821425 0.032668
v -2.008113 34.803952 0.038721
v -1.931064 34.816325 0.038878
v -1.864511 34.856662 0.033117
v -1.818584 34.918820 0.022313
v -1.000000 29.147290 -29.423558
v -2.000000 35.000000 0.000000
v 1.199641 23.526160 -27.726349
v 1.180631 23.596324 -27.754726
v 1.134122 23.654792 -27.777266
v 1.067195 23.692663 -27.790538
v 0.990037 23.704170 -27.792521
v 0.914396 23.687563 -27.782913
v 0.851788 23.645369 -27.763177
v 0.811744 23.584013 -27.736317
v 0.800359 23.512834 -27.706423
v 0.819369 23.442670 -27.678046
v 0.865878 23.384202 -27.655506
v 0.932805 23.346331 -27.642234
v 1.009963 23.334824 -27.640251
v 1.085604 23.351431 -27.649859
v 1.148212 23.393625 -27.669595
v 1.188256 23.454981 -27.696455
v 2.199641 35.006663 -0.009963
v 2.180631 35.076827 -0.038340
v 2.134122 35.135295 -0.060880
v 2.067195 35.173166 -0.074152
v 1.990037 35.184673 -0.076135
v 1.914396 35.168066 -0.066527
v 1.851788 35.125872 -0.046791
v 1.811744 35.064516 -0.019931
v 1.800359 34.993337 0.009963
v 1.819369 34.923173 0.038340
v 1.865878 34.864705 0.060880
v 1.932805 34.826834 0.074152
v 2.009963 34.815327 0.076135
v 2.085604 34.831934 0.066527
v 2.148212 34.874128 0.046791
v 2.188256 34.935484 0.019931
v 1.000000 23.519497 -27.716386
v 2.000000 35.000000 0.000000
v -0.800359 23.512834 -27.706423
v -0.811744 23.584013 -27.736317
v -0.851788 23.645369 -27.763177
v -0.914396 23.687563 -27.782913
v -0.990037 23.704170 -27.792521
v -1.067195 23.692663 -27.790538
v -1.134122 23.654792 -27.777266
v -1.180631 23.596324 -27.754726
v -1.199641 23.526160 -27.726349
v -1.188256 23.454981 -27.696455
v -1.148212 23.393625 -27.669595
v -1.085604 23.351431 -27.649859
v -1.009963 23.334824 -27.640251
v -0.932805 23.346331 -27.642234
v -0.865878 23.384202 -27.655506
v -0.819369 23.442670 -27.678046
v -1.800359 34.993337 0.009963
v -1.811744 35.064516 -0.019931
v -1.851788 35.125872 -0.046791
v -1.914396 35.168066 -0.066527
v -1.990037 35.184673 -0.076135
v -2.067195 35.173166 -0.074152
v -2.134122 35.135295 -0.060880
v -2.180631 35.076827 -0.038340
v -2.199641 35.006663 -0.009963
v -2.188256 34.935484 0.019931
v -2.148212 34.874128 0.046791
v -2.085604 34.831934 0.066527
v -2.009963 34.815327 0.076135
v -1.932805 34.826834 0.074152
v -1.865878 34.864705 0.060880
v -1.819369 34.923173 0.038340
v -1.000000 23.519497 -27.716386
v -2.000000 35.000000 0.000000
v 1.199501 18.339556 -24.956538
v 1.179550 18.402651 -24.997898
v 1.132265 18.455127 -25.031065
v 1.064843 18.488993 -25.050991
v 0.987550 18.499095 -25.054642
v 0.912152 18.483893 -25.041462
v 0.850128 18.445704 -25.013458
v 0.810921 18.390340 -24.974893
v 0.800499 18.326230 -24.931638
v 0.820450 18.263135 -24.890279
v 0.867735 18.210659 -24.857112
v 0.935157 18.176793 -24.837186
v 1.012450 18.166691 -24.833535
v 1.087848 18.181893 -24.846715
v 1.149872 18.220082 -24.874719
v 1.189079 18.275446 -24.913284
v 2.199501 35.006663 -0.012450
v 2.179550 35.069758 -0.053809
v 2.132265 35.122234 -0.086976
v 2.064843 35.156100 -0.106902
v 1.987550 35.166202 -0.110553
v 1.912152 35.151000 -0.097373
v 1.850128 35.112811 -0.069369
v 1.810921 35.057447 -0.030805
v 1.800499 34.993337 0.012450
v 1.820450 34.930242 0.053809
v 1.867735 34.877766 0.086976
v 1.935157 34.843900 0.106902
v 2.012450 34.833798 0.110553
v 2.087848 34.849000 0.097373
v 2.149872 34.887189 0.069369
v 2.189079 34.942553 0.030805
v 1.000000 18.332893 -24.944088
v 2.000000 35.000000 0.000000
v -0.800499 18.326230 -24.931638
v -0.810921 18.390340 -24.974893
v -0.850128 18.445704 -25.013458
v -0.912152 18.483893 -25.041462
v -0.987550 18.499095 -25.054642
v -1.064843 18.488993 -25.050991
v -1.132265 18.455127 -25.031065
v -1.179550 18.402651 -24.997898
v -1.199501 18.339556 -24.956538
v -1.189079 18.275446 -24.913284
v -1.149872 18.220082 -24.874719
v -1.087848 18.181893 -24.846715
v -1.012450 18.166691 -24.833535
v -0.935157 18.176793 -24.837186
v -0.867735 18.210659 -24.857112
v -0.820450 18.263135 -24.890279
v -1.800499 34.993337 0.012450
v -1.810921 35.057447 -0.030805
v -1.850128 35.112811 -0.069369
v -1.912152 35.151000 -0.097373
v -1.987550 35.166202 -0.110553
v -2.064843 35.156100 -0.106902
v -2.132265 35.122234 -0.086976
v -2.179550 35.069758 -0.053809
v -2.199501 35.006663 -0.012450
v -2.189079 34.942553 0.030805
v -2.149872 34.887189 0.069369
v -2.087848 34.849000 0.097373
v -2.012450 34.833798 0.110553
v -1.935157 34.843900 0.106902
v -1.867735 34.877766 0.086976
v -1.820450 34.930242 0.053809
v -1.000000 18.332893 -24.944088
v -2.000000 35.000000 0.000000
v 1.199243 13.793460 -21.229259
v 1.177933 13.847042 -21.281837
v 1.129533 13.891452 -21.323966
v 1.061414 13.919930 -21.349232
v 0.983945 13.928139 -21.353789
v 0.908920 13.914831 -21.336944
v 0.847761 13.882030 -21.301260
v 0.809779 13.834730 -21.252170
v 0.800757 13.780134 -21.197148
v 0.822067 13.726551 -21.144570
v 0.870467 13.682141 -21.102441
v 0.938586 13.653663 -21.077175
v 1.016055 13.645454 -21.072617
v 1.091080 13.658763 -21.089463
v 1.152239 13.691564 -21.125147
v 1.190221 13.738863 -21.174237
v 2.199243 35.006663 -0.016055
v 2.177933 35.060245 -0.068633
v 2.129533 35.104656 -0.110762
v 2.061414 35.133134 -0.136029
v 1.983945 35.141343 -0.140586
v 1.908920 35.128034 -0.123740
v 1.847761 35.095233 -0.088056
v 1.809779 35.047934 -0.038967
v 1.800757 34.993337 0.016055
v 1.822067 34.939755 0.068633
v 1.870467 34.895344 0.110762
v 1.938586 34.866866 0.136029
v 2.016055 34.858657 0.140586
v 2.091080 34.871966 0.123740
v 2.152239 34.904767 0.088056
v 2.190221 34.952066 0.038967
v 1.000000 13.786797 -21.213203
v 2.000000 35.000000 0.000000
v -0.800757 13.780134 -21.197148
v -0.809779 13.834730 -21.252170
v -0.847761 13.882030 -21.301260
v -0.908920 13.914831 -21.336944
v -0.983945 13.928139 -21.353789
v -1.061414 13.919930 -21.349232
v -1.129533 13.891452 -21.323966
v -1.177933 13.847042 -21.281837
v -1.199243 13.793460 -21.229259
v -1.190221 13.738863 -21.174237
v -1.152239 13.691564 -21.125147
v -1.091080 13.658763 -21.089463
v -1.016055 13.645454 -21.072617
v -0.938586 13.653663 -21.077175
v -0.870467 13.682141 -21.102441
v -0.822067 13.726551 -21.144570
v -1.800757 34.993337 0.016055
v -1.809779 35.047934 -0.038967
v -1.847761 35.095233 -0.088056
v -1.908920 35.128034 -0.123740
v -1.983945 35.141343 -0.140586
v -2.061414 35.133134 -0.136029
v -2.129533 35.104656 -0.110762
v -2.177933 35.060245 -0.068633
v -2.199243 35.006663 -0.016055
v -2.190221 34.952066 0.038967
v -2.152239 34.904767 0.088056
v -2.091080 34.871966 0.123740
v -2.016055 34.858657 0.140586
v -1.938586 34.866866 0.136029
v -1.870467 34.895344 0.110762
v -1.822067 34.939755 0.068633
v -1.000000 13.786797 -21.213203
v -2.000000 35.000000 0.000000
v 1.198686 10.062575 -16.689000
v 1.175184 10.104565 -16.750433
v 1.125012 10.139149 -16.799181
v 1.055808 10.161060 -16.827822
v 0.978107 10.166964 -16.831995
v 0.903740 10.155961 -16.811066
v 0.844027 10.129726 -16.768220
v 0.808060 10.092254 -16.709981
v 0.801314 10.049249 -16.645214
v 0.824816 10.007258 -16.583781
v 0.874988 9.972674 -16.535033
v 0.944192 9.950763 -16.506392
v 1.021893 9.944859 -16.502219
v 1.096260 9.955862 -16.523148
v 1.155973 9.982097 -16.565994
v 1.191940 10.019570 -16.624233
v 2.198686 35.006663 -0.021893
v 2.175184 35.048654 -0.083326
v 2.125012 35.083237 -0.132074
v 2.055808 35.105149 -0.160715
v 1.978107 35.111052 -0.164888
v 1.903740 35.100049 -0.143959
v 1.844027 35.073814 -0.101113
v 1.808060 35.036342 -0.042874
v 1.801314 34.993337 0.021893
v 1.824816 34.951346 0.083326
v 1.874988 34.916763 0.132074
v 1.944192 34.894851 0.160715
v 2.021893 34.888948 0.164888
v 2.096260 34.899951 0.143959
v 2.155973 34.926186 0.101113
v 2.191940 34.963658 0.042874
v 1.000000 10.055912 -16.667107
v 2.000000 35.000000 -0.000000
v -0.801314 10.049249 -16.645214
v -0.808060 10.092254 -16.709981
v -0.844027 10.129726 -16.768220
v -0.903740 10.155961 -16.811066
v -0.978107 10.166964 -16.831995
v -1.055808 10.161060 -16.827822
v -1.125012 10.139149 -16.799181
v -1.175184 10.104565 -16.750433
v -1.198686 10.062575 -16.689000
v -1.191940 10.019570 -16.624233
v -1.155973 9.982097 -16.565994
v -1.096260 9.955862 -16.523148
v -1.021893 9.944859 -16.502219
v -0.944192 9.950763 -16.506392
v -0.874988 9.972674 -16.535033
v -0.824816 10.007258 -16.583781
v -1.801314 34.993337 0.021893
v -1.808060 35.036342 -0.042874
v -1.844027 35.073814 -0.101113
v -1.903740 35.100049 -0.143959
v -1.978107 35.111052 -0.164888
v -2.055808 35.105149 -0.160715
v -2.125012 35.083237 -0.132074
v -2.175184 35.048654 -0.083326
v -2.198686 35.006663 -0.021893
v -2.191940 34.963658 0.042874
v -2.155973 34.926186 0.101113
v -2.096260 34.899951 0.143959
v -2.021893 34.888948 0.164888
v -1.944192 34.894851 0.160715
v -1.874988 34.916763 0.132074
v -1.824816 34.951346 0.083326
v -1.000000 10.055912 -16.667107
v -2.000000 35.000000 -0.000000
v 1.197103 7.290277 -11.513757
v 1.169374 7.319043 -11.580789
v 1.115859 7.342415 -11.632553
v 1.044705 7.356835 -11.661169
v 0.966746 7.360108 -11.662280
v 0.893849 7.351736 -11.635717
v 0.837112 7.332992 -11.585524
v 0.805174 7.306731 -11.519343
v 0.802897 7.276951 -11.447249
v 0.830626 7.248185 -11.380217
v 0.884141 7.224813 -11.328453
v 0.955295 7.210393 -11.299837
v 1.033254 7.207120 -11.298726
v 1.106151 7.215492 -11.325289
v 1.162888 7.234236 -11.375482
v 1.194826 7.260497 -11.441663
v 2.197103 35.006663 -0.033254
v 2.169374 35.035429 -0.100286
v 2.115859 35.058801 -0.152050
v 2.044705 35.073221 -0.180666
v 1.966746 35.076494 -0.181777
v 1.893849 35.068122 -0.155214
v 1.837112 35.049378 -0.105021
v 1.805174 35.023117 -0.038840
v 1.802897 34.993337 0.033254
v 1.830626 34.964571 0.100286
v 1.884141 34.941199 0.152050
v 1.955295 34.926779 0.180666
v 2.033254 34.923506 0.181777
v 2.106151 34.931878 0.155214
v 2.162888 34.950622 0.105021
v 2.194826 34.976883 0.038840
v 1.000000 7.283614 -11.480503
v 2.000000 35.000000 -0.000000
v -0.802897 7.276951 -11.447249
v -0.805174 7.306731 -11.519343
v -0.837112 7.332992 -11.585524
v -0.893849 7.351736 -11.635717
v -0.966746 7.360108 -11.662280
v -1.044705 7.356835 -11.661169
v -1.115859 7.342415 -11.632553
v -1.169374 7.319043 -11.580789
v -1.197103 7.290277 -11.513757
v -1.194826 7.260497 -11.441663
v -1.162888 7.234236 -11.375482
v -1.106151 7.215492 -11.325289
v -1.033254 7.207120 -11.298726
v -0.955295 7.210393 -11.299837
v -0.884141 7.224813 -11.328453
v -0.830626 7.248185 -11.380217
v -1.802897 34.993337 0.033254
v -1.805174 35.023117 -0.038840
v -1.837112 35.049378 -0.105021
v -1.893849 35.068122 -0.155214
v -1.966746 35.076494 -0.181777
v -2.044705 35.073221 -0.180666
v -2.115859 35.058801 -0.152050
v -2.169374 35.035429 -0.100286
v -2.197103 35.006663 -0.033254
v -2.194826 34.976883 0.038840
v -2.162888 34.950622 0.105021
v -2.106151 34.931878 0.155214
v -2.033254 34.923506 0.181777
v -1.955295 34.926779 0.180666
v -1.884141 34.941199 0.152050
v -1.830626 34.964571 0.100286
v -1.000000 7.283614 -11.480503
v -2.000000 35.000000 -0.000000
v 1.188766 5.583105 -5.918459
v 1.149236 5.597521 -5.984180
v 1.086986 5.608728 -6.029885
v 1.011493 5.615019 -6.048617
v 0.934250 5.615438 -6.037524
v 0.867018 5.609920 -5.998294
v 0.820030 5.599305 -5.936901
v 0.800442 5.585209 -5.862690
v 0.811234 5.569779 -5.786960
v 0.850764 5.555363 -5.721240
v 0.913014 5.544156 -5.675534
v 0.988507 5.537864 -5.656802
v 1.065750 5.537445 -5.667896
v 1.132982 5.542963 -5.707125
v 1.179970 5.553578 -5.768518
v 1.199558 5.567674 -5.842729
v 2.188766 35.006663 -0.065750
v 2.149236 35.021079 -0.131470
v 2.086986 35.032286 -0.177175
v 2.011493 35.038578 -0.195907
v 1.934250 35.038996 -0.184814
v 1.867018 35.033478 -0.145585
v 1.820030 35.022863 -0.084191
v 1.800442 35.008768 -0.009980
v 1.811234 34.993337 0.065750
v 1.850764 34.978921 0.131470
v 1.913014 34.967714 0.177175
v 1.988507 34.961422 0.195907
v 2.065750 34.961004 0.184814
v 2.132982 34.966522 0.145585
v 2.179970 34.977137 0.084191
v 2.199558 34.991232 0.009980
v 1.000000 5.576442 -5.852710
v 2.000000 35.000000 -0.000000
v -0.811234 5.569779 -5.786960
v -0.800442 5.585209 -5.862690
v -0.820030 5.599305 -5.936901
v -0.867018 5.609920 -5.998294
v -0.934250 5.615438 -6.037524
v -1.011493 5.615019 -6.048617
v -1.086986 5.608728 -6.029885
v -1.149236 5.597521 -5.984180
v -1.188766 5.583105 -5.918459
v -1.199558 5.567674 -5.842729
v -1.179970 5.553578 -5.768518
v -1.132982 5.542963 -5.707125
v -1.065750 5.537445 -5.667896
v -0.988507 5.537864 -5.656802
v -0.913014 5.544156 -5.675534
v -0.850764 5.555363 -5.721240
v -1.811234 34.993337 0.065750
v -1.800442 35.008768 -0.009980
v -1.820030 35.022863 -0.084191
v -1.867018 35.033478 -0.145585
v -1.934250 35.038996 -0.184814
v -2.011493 35.038578 -0.195907
v -2.086986 35.032286 -0.177175
v -2.149236 35.021079 -0.131470
v -2.188766 35.006663 -0.065750
v -2.199558 34.991232 0.009980
v -2.179970 34.977137 0.084191
v -2.132982 34.966522 0.145585
v -2.065750 34.961004 0.184814
v -1.988507 34.961422 0.195907
v -1.913014 34.967714 0.177175
v -1.850764 34.978921 0.131470
v -1.000000 5.576442 -5.852710
v -2.000000 35.000000 -0.000000
v 0.800111 5.006663 -0.000000
v 0.815327 5.006156 0.076537
v 0.858657 5.004711 0.141421
v 0.923506 5.002550 0.184776
v 1.000000 5.000000 0.200000
v 1.076494 4.997450 0.184776
v 1.141343 4.995289 0.141421
v 1.184673 4.993844 0.076537
v 1.199889 4.993337 -0.000000
v 1.184673 4.993844 -0.076537
v 1.141343 4.995289 -0.141421
v 1.076494 4.997450 -0.184776
v 1.000000 5.000000 -0.200000
v 0.923506 5.002550 -0.184776
v 0.858657 5.004711 -0.141421
v 0.815327 5.006156 -0.076537
v 1.800111 35.006663 -0.000000
v 1.815327 35.006156 0.076537
v 1.858657 35.004711 0.141421
v 1.923506 35.002550 0.184776
v 2.000000 35.000000 0.200000
v 2.076494 34.997450 0.184776
v 2.141343 34.995289 0.141421
v 2.184673 34.993844 0.076537
v 2.199889 34.993337 0.000000
v 2.184673 34.993844 -0.076537
v 2.141343 34.995289 -0.141421
v 2.076494 34.997450 -0.184776
v 2.000000 35.000000 -0.200000
v 1.923506 35.002550 -0.184776
v 1.858657 35.004711 -0.141421
v 1.815327 35.006156 -0.076537
v 1.000000 5.000000 -0.000000
v 2.000000 35.000000 0.000000
v -1.199889 4.993337 -0.000000
v -1.184673 4.993844 0.076537
v -1.141343 4.995289 0.141421
v -1.076494 4.997450 0.184776
v -1.000000 5.000000 0.200000
v -0.923506 5.002550 0.184776
v -0.858657 5.004711 0.141421
v -0.815327 5.006156 0.076537
v -0.800111 5.006663 -0.000000
v -0.815327 5.006156 -0.076537
v -0.858657 5.004711 -0.141421
v -0.923506 5.002550 -0.184776
v -1.000000 5.000000 -0.200000
v -1.076494 4.997450 -0.184776
v -1.141343 4.995289 -0.141421
v -1.184673 4.993844 -0.076537
v -2.199889 34.993337 0.000000
v -2.184673 34.993844 0.076537
v -2.141343 34.995289 0.141421
v -2.076494 34.997450 0.184776
v -2.000000 35.000000 0.200000
v -1.923506 35.002550 0.184776
v -1.858657 35.004711 0.141421
v -1.815327 35.006156 0.076537
v -1.800111 35.006663 -0.000000
v -1.815327 35.006156 -0.076537
v -1.858657 35.004711 -0.141421
v -1.923506 35.002550 -0.184776
v -2.000000 35.000000 -0.200000
v -2.076494 34.997450 -0.184776
v -2.141343 34.995289 -0.141421
v -2.184673 34.993844 -0.076537
v -1.000000 5.000000 -0.000000
v -2.000000 35.000000 0.000000
v 1.188766 5.583105 5.918459
v 1.199558 5.567674 5.842729
v 1.179970 5.553578 5.768518
v 1.132982 5.542963 5.707125
v 1.065750 5.537445 5.667896
v 0.988507 5.537864 5.656802
v 0.913014 5.544156 5.675534
v 0.850764 5.555363 5.721240
v 0.811234 5.569779 5.786960
v 0.800442 5.585209 5.862690
v 0.820030 5.599305 5.936901
v 0.867018 5.609920 5.998294
v 0.934250 5.615438 6.037524
v 1.011493 5.615019 6.048617
v 1.086986 5.608728 6.029885
v 1.149236 5.597521 5.984180
v 2.188766 35.006663 0.065750
v 2.199558 34.991232 -0.009980
v 2.179970 34.977137 -0.084191
v 2.132982 34.966522 -0.145585
v 2.065750 34.961004 -0.184814
v 1.988507 34.961422 -0.195907
v 1.913014 34.967714 -0.177175
v 1.850764 34.978921 -0.131470
v 1.811234 34.993337 -0.065750
v 1.800442 35.008768 0.009980
v 1.820030 35.022863 0.084191
v 1.867018 35.033478 0.145585
v 1.934250 35.038996 0.184814
v 2.011493 35.038578 0.195907
v 2.086986 35.032286 0.177175
v 2.149236 35.021079 0.131470
v 1.000000 5.576442 5.852710
v 2.000000 35.000000 0.000000
v -0.811234 5.569779 5.786960
v -0.850764 5.555363 5.721240
v -0.913014 5.544156 5.675534
v -0.988507 5.537864 5.656802
v -1.065750 5.537445 5.667896
v -1.132982 5.542963 5.707125
v -1.179970 5.553578 5.768518
v -1.199558 5.567674 5.842729
v -1.188766 5.583105 5.918459
v -1.149236 5.597521 5.984180
v -1.086986 5.608728 6.029885
v -1.011493 5.615019 6.048617
v -0.934250 5.615438 6.037524
v -0.867018 5.609920 5.998294
v -0.820030 5.599305 5.936901
v -0.800442 5.585209 5.862690
v -1.811234 34.993337 -0.065750
v -1.850764 34.978921 -0.131470
v -1.913014 34.967714 -0.177175
v -1.988507 34.961422 -0.195907
v -2.065750 34.961004 -0.184814
v -2.132982 34.966522 -0.145585
v -2.179970 34.977137 -0.084191
v -2.199558 34.991232 -0.009980
v -2.188766 35.006663 0.065750
v -2.149236 35.021079 0.131470
v -2.086986 35.032286 0.177175
v -2.011493 35.038578 0.195907
v -1.934250 35.038996 0.184814
v -1.867018 35.033478 0.145585
v -1.820030 35.022863 0.084191
v -1.800442 35.008768 0.009980
v -1.000000 5.576442 5.852710
v -2.000000 35.000000 0.000000
v 1.197103 7.290277 11.513757
v 1.194826 7.260497 11.441663
v 1.162888 7.234236 11.375482
v 1.106151 7.215492 11.325289
v 1.033254 7.207120 11.298726
v 0.955295 7.210393 11.299837
v 0.884141 7.224813 11.328453
v 0.830626 7.248185 11.380217
v 0.802897 7.276951 11.447249
v 0.805174 7.306731 11.519343
v 0.837112 7.332992 11.585524
v 0.893849 7.351736 11.635717
v 0.966746 7.360108 11.662280
v 1.044705 7.356835 11.661169
v 1.115859 7.342415 11.632553
v 1.169374 7.319043 11.580789
v 2.197103 35.006663 0.033254
v 2.194826 34.976883 -0.038840
v 2.162888 34.950622 -0.105021
v 2.106151 34.931878 -0.155214
v 2.033254 34.923506 -0.181777
v 1.955295 34.926779 -0.180666
v 1.884141 34.941199 -0.152050
v 1.830626 34.964571 -0.100286
v 1.802897 34.993337 -0.033254
v 1.805174 35.023117 0.038840
v 1.837112 35.049378 0.105021
v 1.893849 35.068122 0.155214
v 1.966746 35.076494 0.181777
v 2.044705 35.073221 0.180666
v 2.115859 35.058801 0.152050
v 2.169374 35.035429 0.100286
v 1.000000 7.283614 11.480503
v 2.000000 35.000000 -0.000000
v -0.802897 7.276951 11.447249
v -0.830626 7.248185 11.380217
v -0.884141 7.224813 11.328453
v -0.955295 7.210393 11.299837
v -1.033254 7.207120 11.298726
v -1.106151 7.215492 11.325289
v -1.162888 7.234236 11.375482
v -1.194826 7.260497 11.441663
v -1.197103 7.290277 11.513757
v -1.169374 7.319043 11.580789
v -1.115859 7.342415 11.632553
v -1.044705 7.356835 11.661169
v -0.966746 7.360108 11.662280
v -0.893849 7.351736 11.635717
v -0.837112 7.332992 11.585524
v -0.805174 7.306731 11.519343
v -1.802897 34.993337 -0.033254
v -1.830626 34.964571 -0.100286
v -1.884141 34.941199 -0.152050
v -1.955295 34.926779 -0.180666
v -2.033254 34.923506 -0.181777
v -2.106151 34.931878 -0.155214
v -2.162888 34.950622 -0.105021
v -2.194826 34.976883 -0.038840
v -2.197103 35.006663 0.033254
v -2.169374 35.035429 0.100286
v -2.115859 35.058801 0.152050
v -2.044705 35.073221 0.180666
v -1.966746 35.076494 0.181777
v -1.893849 35.068122 0.155214
v -1.837112 35.049378 0.105021
v -1.805174 35.023117 0.038840
v -1.000000 7.283614 11.480503
v -2.000000 35.000000 -0.000000
v 1.198686 10.062575 16.689000
v 1.191940 10.019570 16.624233
v 1.155973 9.982097 16.565994
v 1.096260 9.955862 16.523148
v 1.021893 9.944859 16.502219
v 0.944192 9.950763 16.506392
v 0.874988 9.972674 16.535033
v 0.824816 10.007258 16.583781
v 0.801314 10.049249 16.645214
v 0.808060 10.092254 16.709981
v 0.844027 10.129726 16.768220
v 0.903740 10.155961 16.811066
v 0.978107 10.166964 16.831995
v 1.055808 10.161060 16.827822
v 1.125012 10.139149 16.799181
v 1.175184 10.104565 16.750433
v 2.198686 35.006663 0.021893
v 2.191940 34.963658 -0.042874
v 2.155973 34.926186 -0.101113
v 2.096260 34.899951 -0.143959
v 2.021893 34.888948 -0.164888
v 1.944192 34.894851 -0.160715
v 1.874988 34.916763 -0.132074
v 1.824816 34.951346 -0.083326
v 1.801314 34.993337 -0.021893
v 1.808060 35.036342 0.042874
v 1.844027 35.073814 0.101113
v 1.903740 35.100049 0.143959
v 1.978107 35.111052 0.164888
v 2.055808 35.105149 0.160715
v 2.125012 35.083237 0.132074
v 2.175184 35.048654 0.083326
v 1.000000 10.055912 16.667107
v 2.000000 35.000000 0.000000
v -0.801314 10.049249 16.645214
v -0.824816 10.007258 16.583781
v -0.874988 9.972674 16.535033
v -0.944192 9.950763 16.506392
v -1.021893 9.944859 16.502219
v -1.096260 9.955862 16.523148
v -1.155973 9.982097 16.565994
v -1.191940 10.019570 16.624233
v -1.198686 10.062575 16.689000
v -1.175184 10.104565 16.750433
v -1.125012 10.139149 16.799181
v -1.055808 10.161060 16.827822
v -0.978107 10.166964 16.831995
v -0.903740 10.155961 16.811066
v -0.844027 10.129726 16.768220
v -0.808060 10.092254 16.709981
v -1.801314 34.993337 -0.021893
v -1.824816 34.951346 -0.083326
v -1.874988 34.916763 -0.132074
v -1.944192 34.894851 -0.160715
v -2.021893 34.888948 -0.164888
v -2.096260 34.899951 -0.143959
v -2.155973 34.926186 -0.101113
v -2.191940 34.963658 -0.042874
v -2.198686 35.006663 0.021893
v -2.175184 35.048654 0.083326
v -2.125012 35.083237 0.132074
v -2.055808 35.105149 0.160715
v -1.978107 35.111052 0.164888
v -1.903740 35.100049 0.143959
v -1.844027 35.073814 0.101113
v -1.808060 35.036342 0.042874
v -1.000000 10.055912 16.667107
v -2.000000 35.000000 0.000000
v 1.199243 13.793460 21.229259
v 1.190221 13.738863 21.174237
v 1.152239 13.691564 21.125147
v 1.091080 13.658763 21.089463
v 1.016055 13.645454 21.072617
v 0.938586 13.653663 21.077175
v 0.870467 13.682141 21.102441
v 0.822067 13.726551 21.144570
v 0.800757 13.780134 21.197148
v 0.809779 13.834730 21.252170
v 0.847761 13.882030 21.301260
v 0.908920 13.914831 21.336944
v 0.983945 13.928139 21.353789
v 1.061414 13.919930 21.349232
v 1.129533 13.891452 21.323966
v 1.177933 13.847042 21.281837
v 2.199243 35.006663 0.016055
v 2.190221 34.952066 -0.038967
v 2.152239 34.904767 -0.088056
v 2.091080 34.871966 -0.123740
v 2.016055 34.858657 -0.140586
v 1.938586 34.866866 -0.136029
v 1.870467 34.895344 -0.110762
v 1.822067 34.939755 -0.068633
v 1.800757 34.993337 -0.016055
v 1.809779 35.047934 0.038967
v 1.847761 35.095233 0.088056
v 1.908920 35.128034 0.123740
v 1.983945 35.141343 0.140586
v 2.061414 35.133134 0.136029
v 2.129533 35.104656 0.110762
v 2.177933 35.060245 0.068633
v 1.000000 13.786797 21.213203
v 2.000000 35.000000 -0.000000
v -0.800757 13.780134 21.197148
v -0.822067 13.726551 21.144570
v -0.870467 13.682141 21.102441
v -0.938586 13.653663 21.077175
v -1.016055 13.645454 21.072617
v -1.091080 13.658763 21.089463
v -1.152239 13.691564 21.125147
v -1.190221 13.738863 21.174237
v -1.199243 13.793460 21.229259
v -1.177933 13.847042 21.281837
v -1.129533 13.891452 21.323966
v -1.061414 13.919930 21.349232
v -0.983945 13.928139 21.353789
v -0.908920 13.914831 21.336944
v -0.847761 13.882030 21.301260
v -0.809779 13.834730 21.252170
v -1.800757 34.993337 -0.016055
v -1.822067 34.939755 -0.068633
v -1.870467 34.895344 -0.110762
v -1.938586 34.866866 -0.136029
v -2.016055 34.858657 -0.140586
v -2.091080 34.871966 -0.123740
v -2.152239 34.904767 -0.088056
v -2.190221 34.952066 -0.038967
v -2.199243 35.006663 0.016055
v -2.177933 35.060245 0.068633
v -2.129533 35.104656 0.110762
v -2.061414 35.133134 0.136029
v -1.983945 35.141343 0.140586
v -1.908920 35.128034 0.123740
v -1.847761 35.095233 0.088056
v -1.809779 35.047934 0.038967
v -1.000000 13.786797 21.213203
v -2.000000 35.000000 -0.000000
v 1.199501 18.339556 24.956538
v 1.189079 18.275446 24.913284
v 1.149872 18.220082 24.874719
v 1.087848 18.181893 24.846715
v 1.012450 18.166691 24.833535
v 0.935157 18.176793 24.837186
v 0.867735 18.210659 24.857112
v 0.820450 18.263135 24.890279
v 0.800499 18.326230 24.931638
v 0.810921 18.390340 24.974893
v 0.850128 18.445704 25.013458
v 0.912152 18.483893 25.041462
v 0.987550 18.499095 25.054642
v 1.064843 18.488993 25.050991
v 1.132265 18.455127 25.031065
v 1.179550 18.402651 24.997898
v 2.199501 35.006663 0.012450
v 2.189079 34.942553 -0.030805
v 2.149872 34.887189 -0.069369
v 2.087848 34.849000 -0.097373
v 2.012450 34.833798 -0.110553
v 1.935157 34.843900 -0.106902
v 1.867735 34.877766 -0.086976
v 1.820450 34.930242 -0.053809
v 1.800499 34.993337 -0.012450
v 1.810921 35.057447 0.030805
v 1.850128 35.112811 0.069369
v 1.912152 35.151000 0.097373
v 1.987550 35.166202 0.110553
v 2.064843 35.156100 0.106902
v 2.132265 35.122234 0.086976
v 2.179550 35.069758 0.053809
v 1.000000 18.332893 24.944088
v 2.000000 35.000000 0.000000
v -0.800499 18.326230 24.931638
v -0.820450 18.263135 24.890279
v -0.867735 18.210659 24.857112
v -0.935157 18.176793 24.837186
v -1.012450 18.166691 24.833535
v -1.087848 18.181893 24.846715
v -1.149872 18.220082 24.874719
v -1.189079 18.275446 24.913284
v -1.199501 18.339556 24.956538
v -1.179550 18.402651 24.997898
v -1.132265 18.455127 25.031065
v -1.064843 18.488993 25.050991
v -0.987550 18.499095 25.054642
v -0.912152 18.483893 25.041462
v -0.850128 18.445704 25.013458
v -0.810921 18.390340 24.974893
v -1.800499 34.993337 -0.012450
v -1.820450 34.930242 -0.053809
v -1.867735 34.877766 -0.086976
v -1.935157 34.843900 -0.106902
v -2.012450 34.833798 -0.110553
v -2.087848 34.849000 -0.097373
v -2.149872 34.887189 -0.069369
v -2.189079 34.942553 -0.030805
v -2.199501 35.006663 0.012450
v -2.179550 35.069758 0.053809
v -2.132265 35.122234 0.086976
v -2.064843 35.156100 0.106902
v -1.987550 35.166202 0.110553
v -1.912152 35.151000 0.097373
v -1.850128 35.112811 0.069369
v -1.810921 35.057447 0.030805
v -1.000000 18.332893 24.944088
v -2.000000 35.000000 0.000000
v 1.199641 23.526160 27.726349
v 1.188256 23.454981 27.696455
v 1.148212 23.393625 27.669595
v 1.085604 23.351431 27.649859
v 1.009963 23.334824 27.640251
v 0.932805 23.346331 27.642234
v 0.865878 23.384202 27.655506
v 0.819369 23.442670 27.678046
v 0.800359 23.512834 27.706423
v 0.811744 23.584013 27.736317
v 0.851788 23.645369 27.763177
v 0.914396 23.687563 27.782913
v 0.990037 23.704170 27.792521
v 1.067195 23.692663 27.790538
v 1.134122 23.654792 27.777266
v 1.180631 23.596324 27.754726
v 2.199641 35.006663 0.009963
v 2.188256 34.935484 -0.019931
v 2.148212 34.874128 -0.046791
v 2.085604 34.831934 -0.066527
v 2.009963 34.815327 -0.076135
v 1.932805 34.826834 -0.074152
v 1.865878 34.864705 -0.060880
v 1.819369 34.923173 -0.038340
v 1.800359 34.993337 -0.009963
v 1.811744 35.064516 0.019931
v 1.851788 35.125872 0.046791
v 1.914396 35.168066 0.066527
v 1.990037 35.184673 0.076135
v 2.067195 35.173166 0.074152
v 2.134122 35.135295 0.060880
v 2.180631 35.076827 0.038340
v 1.000000 23.519497 27.716386
v 2.000000 35.000000 0.000000
v -0.800359 23.512834 27.706423
v -0.819369 23.442670 27.678046
v -0.865878 23.384202 27.655506
v -0.932805 23.346331 27.642234
v -1.009963 23.334824 27.640251
v -1.085604 23.351431 27.649859
v -1.148212 23.393625 27.669595
v -1.188256 23.454981 27.696455
v -1.199641 23.526160 27.726349
v -1.180631 23.596324 27.754726
v -1.134122 23.654792 27.777266
v -1.067195 23.692663 27.790538
v -0.990037 23.704170 27.792521
v -0.914396 23.687563 27.782913
v -0.851788 23.645369 27.763177
v -0.811744 23.584013 27.736317
v -1.800359 34.993337 -0.009963
v -1.819369 34.923173 -0.038340
v -1.865878 34.864705 -0.060880
v -1.932805 34.826834 -0.074152
v -2.009963 34.815327 -0.076135
v -2.085604 34.831934 -0.066527
v -2.148212 34.874128 -0.046791
v -2.188256 34.935484 -0.019931
v -2.199641 35.006663 0.009963
v -2.180631 35.076827 0.038340
v -2.134122 35.135295 0.060880
v -2.067195 35.173166 0.074152
v -1.990037 35.184673 0.076135
v -1.914396 35.168066 0.066527
v -1.851788 35.125872 0.046791
v -1.811744 35.064516 0.019931
v -1.000000 23.519497 27.716386
v -2.000000 35.000000 0.000000
v 1.199724 29.153953 29.431672
v 1.187626 29.078422 29.416236
v 1.146963 29.013375 29.401916
v 1.083927 28.968715 29.390890
v 1.008113 28.951242 29.384838
v 0.931064 28.963616 29.384680
v 0.864511 29.003952 29.390442
v 0.818584 29.066110 29.401245
v 0.800276 29.140627 29.415445
v 0.812374 29.216159 29.430881
v 0.853037 29.281206 29.445201
v 0.916073 29.325865 29.456227
v 0.991887 29.343339 29.462279
v 1.068936 29.330965 29.462436
v 1.135489 29.290629 29.456675
v 1.181416 29.228471 29.445872
v 2.199724 35.006663 0.008113
v 2.187626 34.931131 -0.007322
v 2.146963 34.866084 -0.021643
v 2.083927 34.821425 -0.032668
v 2.008113 34.803952 -0.038721
v 1.931064 34.816325 -0.038878
v 1.864511 34.856662 -0.033117
v 1.818584 34.918820 -0.022313
v 1.800276 34.993337 -0.008113
v 1.812374 35.068869 0.007322
v 1.853037 35.133916 0.021643
v 1.916073 35.178575 0.032668
v 1.991887 35.196048 0.038721
v 2.068936 35.183675 0.038878
v 2.135489 35.143338 0.033117
v 2.181416 35.081180 0.022313
v 1.000000 29.147290 29.423558
v 2.000000 35.000000 0.000000
v -0.800276 29.140627 29.415445
v -0.818584 29.066110 29.401245
v -0.864511 29.003952 29.390442
v -0.931064 28.963616 29.384680
v -1.008113 28.951242 29.384838
v -1.083927 28.968715 29.390890
v -1.146963 29.013375 29.401916
v -1.187626 29.078422 29.416236
v -1.199724 29.153953 29.431672
v -1.181416 29.228471 29.445872
v -1.135489 29.290629 29.456675
v -1.068936 29.330965 29.462436
v -0.991887 29.343339 29.462279
v -0.916073 29.325865 29.456227
v -0.853037 29.281206 29.445201
v -0.812374 29.216159 29.430881
v -1.800276 34.993337 -0.008113
v -1.818584 34.918820 -0.022313
v -1.864511 34.856662 -0.033117
v -1.931064 34.816325 -0.038878
v -2.008113 34.803952 -0.038721
v -2.083927 34.821425 -0.032668
v -2.146963 34.866084 -0.021643
v -2.187626 34.931131 -0.007322
v -2.199724 35.006663 0.008113
v -2.181416 35.081180 0.022313
v -2.135489 35.143338 0.033117
v -2.068936 35.183675 0.038878
v -1.991887 35.196048 0.038721
v -1.916073 35.178575 0.032668
v -1.853037 35.133916 0.021643
v -1.812374 35.068869 0.007322
v -1.000000 29.147290 29.423558
v -2.000000 35.000000 0.000000
f 1 33 34
f 1 34 2
f 65 2 1
f 66 33 34
f 2 34 35
f 2 35 3
f 65 3 2
f 66 34 35
f 3 35 36
f 3 36 4
f 65 4 3
f 66 35 36
f 4 36 37
f 4 37 5
f 65 5 4
f 66 36 37
f 5 37 38
f 5 38 6
f 65 6 5
f 66 37 38
f 6 38 39
f 6 39 7
f 65 7 6
f 66 38 39
f 7 39 40
f 7 40 8
f 65 8 7
f 66 39 40
f 8 40 41
f 8 41 9
f 65 9 8
f 66 40 41
f 9 41 42
f 9 42 10
f 65 10 9
f 66 41 42
f 10 42 43
f 10 43 11
f 65 11 10
f 66 42 43
f 11 43 44
f 11 44 12
f 65 12 11
f 66 43 44
f 12 44 45
f 12 45 13
f 65 13 12
f 66 44 45
f 13 45 46
f 13 46 14
f 65 14 13
f 66 45 46
f 14 46 47
f 14 47 15
f 65 15 14
f 66 46 47
f 15 47 48
f 15 48 16
f 65 16 15
f 66 47 48
f 16 48 49
f 16 49 17
f 65 17 16
f 66 48 49
f 17 49 50
f 17 50 18
f 65 18 17
f 66 49 50
f 18 50 51
f 18 51 19
f 65 19 18
f 66 50 51
f 19 51 52
f 19 52 20
f 65 20 19
f 66 51 52
f 20 52 53
f 20 53 21
f 65 21 20
f 66 52 53
f 21 53 54
f 21 54 22
f 65 22 21
f 66 53 54
f 22 54 55
f 22 55 23
f 65 23 22
f 66 54 55
f 23 55 56
f 23 56 24
f 65 24 23
f 66 55 56
f 24 56 57
f 24 57 25
f 65 25 24
f 66 56 57
f 25 57 58
f 25 58 26
f 65 26 25
f 66 57 58
f 26 58 59
f 26 59 27
f 65 27 26
f 66 58 59
f 27 59 60
f 27 60 28
f 65 28 27
f 66 59 60
f 28 60 61
f 28 61 29
f 65 29 28
f 66 60 61
f 29 61 62
f 29 62 30
f 65 30 29
f 66 61 62
f 30 62 63
f 30 63 31
f 65 31 30
f 66 62 63
f 31 63 64
f 31 64 32
f 65 32 31
f 66 63 64
f 32 64 33
f 32 33 1
f 65 1 32
f 66 64 33
f 67 83 68
f 83 84 68
f 68 84 69
f 84 85 69
f 69 85 70
f 85 86 70
f 70 86 71
f 86 87 71
f 71 87 72
f 87 88 72
f 72 88 73
f 88 89 73
f 73 89 74
f 89 90 74
f 74 90 75
f 90 91 75
f 75 91 76
f 91 92 76
f 76 92 77
f 92 93 77
f 77 93 78
f 93 94 78
f 78 94 79
f 94 95 79
f 79 95 80
f 95 96 80
f 80 96 81
f 96 97 81
f 81 97 82
f 97 98 82
f 82 98 67
f 98 83 67
f 83 99 84
f 99 100 84
f 84 100 85
f 100 101 85
f 85 101 86
f 101 102 86
f 86 102 87
f 102 103 87
f 87 103 88
f 103 104 88
f 88 104 89
f 104 105 89
f 89 105 90
f 105 106 90
f 90 106 91
f 106 107 91
f 91 107 92
f 107 108 92
f 92 108 93
f 108 109 93
f 93 109 94
f 109 110 94
f 94 110 95
f 110 111 95
f 95 111 96
f 111 112 96
f 96 112 97
f 112 113 97
f 97 113 98
f 113 114 98
f 98 114 83
f 114 99 83
f 99 115 100
f 115 116 100
f 100 116 101
f 116 117 101
f 101 117 102
f 117 118 102
f 102 118 103
f 118 119 103
f 103 119 104
f 119 120 104
f 104 120 105
f 120 121 105
f 105 121 106
f 121 122 106
f 106 122 107
f 122 123 107
f 107 123 108
f 123 124 108
f 108 124 109
f 124 125 109
f 109 125 110
f 125 126 110
f 110 126 111
f 126 127 111
f 111 127 112
f 127 128 112
f 112 128 113
f 128 129 113
f 113 129 114
f 129 130 114
f 114 130 99
f 130 115 99
f 115 131 116
f 131 132 116
f 116 132 117
f 132 133 117
f 117 133 118
f 133 134 118
f 118 134 119
f 134 135 119
f 119 135 120
f 135 136 120
f 120 136 121
f 136 137 121
f 121 137 122
f 137 138 122
f 122 138 123
f 138 139 123
f 123 139 124
f 139 140 124
f 124 140 125
f 140 141 125
f 125 141 126
f 141 142 126
f 126 142 127
f 142 143 127
f 127 143 128
f 143 144 128
f 128 144 129
f 144 145 129
f 129 145 130
f 145 146 130
f 130 146 115
f 146 131 115
f 131 147 132
f 147 148 132
f 132 148 133
f 148 149 133
f 133 149 134
f 149 150 134
f 134 150 135
f 150 151 135
f 135 151 136
f 151 152 136
f 136 152 137
f 152 153 137
f 137 153 138
f 153 154 138
f 138 154 139
f 154 155 139
f 139 155 140
f 155 156 140
f 140 156 141
f 156 157 141
f 141 157 142
f 157 158 142
f 142 158 143
f 158 159 143
f 143 159 144
f 159 160 144
f 144 160 145
f 160 161 145
f 145 161 146
f 161 162 146
f 146 162 131
f 162 147 131
f 147 163 148
f 163 164 148
f 148 164 149
f 164 165 149
f 149 165 150
f 165 166 150
f 150 166 151
f 166 167 151
f 151 167 152
f 167 168 152
f 152 168 153
f 168 169 153
f 153 169 154
f 169 170 154
f 154 170 155
f 170 171 155
f 155 171 156
f 171 172 156
f 156 172 157
f 172 173 157
f 157 173 158
f 173 174 158
f 158 174 159
f 174 175 159
f 159 175 160
f 175 176 160
f 160 176 161
f 176 177 161
f 161 177 162
f 177 178 162
f 162 178 147
f 178 163 147
f 163 179 164
f 179 180 164
f 164 180 165
f 180 181 165
f 165 181 166
f 181 182 166
f 166 182 167
f 182 183 167
f 167 183 168
f 183 184 168
f 168 184 169
f 184 185 169
f 169 185 170
f 185 186 170
f 170 186 171
f 186 187 171
f 171 187 172
f 187 188 172
f 172 188 173
f 188 189 173
f 173 189 174
f 189 190 174
f 174 190 175
f 190 191 175
f 175 191 176
f 191 192 176
f 176 192 177
f 192 193 177
f 177 193 178
f 193 194 178
f 178 194 163
f 194 179 163
f 179 195 180
f 195 196 180
f 180 196 181
f 196 197 181
f 181 197 182
f 197 198 182
f 182 198 183
f 198 199 183
f 183 199 184
f 199 200 184
f 184 200 185
f 200 201 185
f 185 201 186
f 201 202 186
f 186 202 187
f 202 203 187
f 187 203 188
f 203 204 188
f 188 204 189
f 204 205 189
f 189 205 190
f 205 206 190
f 190 206 191
f 206 207 191
f 191 207 192
f 207 208 192
f 192 208 193
f 208 209 193
f 193 209 194
f 209 210 194
f 194 210 179
f 210 195 179
f 195 211 196
f 211 212 196
f 196 212 197
f 212 213 197
f 197 213 198
f 213 214 198
f 198 214 199
f 214 215 199
f 199 215 200
f 215 216 200
f 200 216 201
f 216 217 201
f 201 217 202
f 217 218 202
f 202 218 203
f 218 219 203
f 203 219 204
f 219 220 204
f 204 220 205
f 220 221 205
f 205 221 206
f 221 222 206
f 206 222 207
f 222 223 207
f 207 223 208
f 223 224 208
f 208 224 209
f 224 225 209
f 209 225 210
f 225 226 210
f 210 226 195
f 226 211 195
f 211 227 212
f 227 228 212
f 212 228 213
f 228 229 213
f 213 229 214
f 229 230 214
f 214 230 215
f 230 231 215
f 215 231 216
f 231 232 216
f 216 232 217
f 232 233 217
f 217 233 218
f 233 234 218
f 218 234 219
f 234 235 219
f 219 235 220
f 235 236 220
f 220 236 221
f 236 237 221
f 221 237 222
f 237 238 222
f 222 238 223
f 238 239 223
f 223 239 224
f 239 240 224
f 224 240 225
f 240 241 225
f 225 241 226
f 241 242 226
f 226 242 211
f 242 227 211
f 227 243 228
f 243 244 228
f 228 244 229
f 244 245 229
f 229 245 230
f 245 246 230
f 230 246 231
f 246 247 231
f 231 247 232
f 247 248 232
f 232 248 233
f 248 249 233
f 233 249 234
f 249 250 234
f 234 250 235
f 250 251 235
f 235 251 236
f 251 252 236
f 236 252 237
f 252 253 237
f 237 253 238
f 253 254 238
f 238 254 239
f 254 255 239
f 239 255 240
f 255 256 240
f 240 256 241
f 256 257 241
f 241 257 242
f 257 258 242
f 242 258 227
f 258 243 227
f 243 259 244
f 259 260 244
f 244 260 245
f 260 261 245
f 245 261 246
f 261 262 246
f 246 262 247
f 262 263 247
f 247 263 248
f 263 264 248
f 248 264 249
f 264 265 249
f 249 265 250
f 265 266 250
f 250 266 251
f 266 267 251
f 251 267 252
f 267 268 252
f 252 268 253
f 268 269 253
f 253 269 254
f 269 270 254
f 254 270 255
f 270 271 255
f 255 271 256
f 271 272 256
f 256 272 257
f 272 273 257
f 257 273 258
f 273 274 258
f 258 274 243
f 274 259 243
f 259 275 260
f 275 276 260
f 260 276 261
f 276 277 261
f 261 277 262
f 277 278 262
f 262 278 263
f 278 279 263
f 263 279 264
f 279 280 264
f 264 280 265
f 280 281 265
f 265 281 266
f 281 282 266
f 266 282 267
f 282 283 267
f 267 283 268
f 283 284 268
f 268 284 269
f 284 285 269
f 269 285 270
f 285 286 270
f 270 286 271
f 286 287 271
f 271 287 272
f 287 288 272
f 272 288 273
f 288 289 273
f 273 289 274
f 289 290 274
f 274 290 259
f 290 275 259
f 275 291 276
f 291 292 276
f 276 292 277
f 292 293 277
f 277 293 278
f 293 294 278
f 278 294 279
f 294 295 279
f 279 295 280
f 295 296 280
f 280 296 281
f 296 297 281
f 281 297 282
f 297 298 282
f 282 298 283
f 298 299 283
f 283 299 284
f 299 300 284
f 284 300 285
f 300 301 285
f 285 301 286
f 301 302 286
f 286 302 287
f 302 303 287
f 287 303 288
f 303 304 288
f 288 304 289
f 304 305 289
f 289 305 290
f 305 306 290
f 290 306 275
f 306 291 275
f 291 307 292
f 307 308 292
f 292 308 293
f 308 309 293
f 293 309 294
f 309 310 294
f 294 310 295
f 310 311 295
f 295 311 296
f 311 312 296
f 296 312 297
f 312 313 297
f 297 313 298
f 313 314 298
f 298 314 299
f 314 315 299
f 299 315 300
f 315 316 300
f 300 316 301
f 316 317 301
f 301 317 302
f 317 318 302
f 302 318 303
f 318 319 303
f 303 319 304
f 319 320 304
f 304 320 305
f 320 321 305
f 305 321 306
f 321 322 306
f 306 322 291
f 322 307 291
f 307 323 308
f 323 324 308
f 308 324 309
f 324 325 309
f 309 325 310
f 325 326 310
f 310 326 311
f 326 327 311
f 311 327 312
f 327 328 312
f 312 328 313
f 328 329 313
f 313 329 314
f 329 330 314
f 314 330 315
f 330 331 315
f 315 331 316
f 331 332 316
f 316 332 317
f 332 333 317
f 317 333 318
f 333 334 318
f 318 334 319
f 334 335 319
f 319 335 320
f 335 336 320
f 320 336 321
f 336 337 321
f 321 337 322
f 337 338 322
f 322 338 307
f 338 323 307
f 323 339 324
f 339 340 324
f 324 340 325
f 340 341 325
f 325 341 326
f 341 342 326
f 326 342 327
f 342 343 327
f 327 343 328
f 343 344 328
f 328 344 329
f 344 345 329
f 329 345 330
f 345 346 330
f 330 346 331
f 346 347 331
f 331 347 332
f 347 348 332
f 332 348 333
f 348 349 333
f 333 349 334
f 349 350 334
f 334 350 335
f 350 351 335
f 335 351 336
f 351 352 336
f 336 352 337
f 352 353 337
f 337 353 338
f 353 354 338
f 338 354 323
f 354 339 323
f 339 355 340
f 355 356 340
f 340 356 341
f 356 357 341
f 341 357 342
f 357 358 342
f 342 358 343
f 358 359 343
f 343 359 344
f 359 360 344
f 344 360 345
f 360 361 345
f 345 361 346
f 361 362 346
f 346 362 347
f 362 363 347
f 347 363 348
f 363 364 348
f 348 364 349
f 364 365 349
f 349 365 350
f 365 366 350
f 350 366 351
f 366 367 351
f 351 367 352
f 367 368 352
f 352 368 353
f 368 369 353
f 353 369 354
f 369 370 354
f 354 370 339
f 370 355 339
f 355 371 356
f 371 372 356
f 356 372 357
f 372 373 357
f 357 373 358
f 373 374 358
f 358 374 359
f 374 375 359
f 359 375 360
f 375 376 360
f 360 376 361
f 376 377 361
f 361 377 362
f 377 378 362
f 362 378 363
f 378 379 363
f 363 379 364
f 379 380 364
f 364 380 365
f 380 381 365
f 365 381 366
f 381 382 366
f 366 382 367
f 382 383 367
f 367 383 368
f 383 384 368
f 368 384 369
f 384 385 369
f 369 385 370
f 385 386 370
f 370 386 355
f 386 371 355
f 371 387 372
f 387 388 372
f 372 388 373
f 388 389 373
f 373 389 374
f 389 390 374
f 374 390 375
f 390 391 375
f 375 391 376
f 391 392 376
f 376 392 377
f 392 393 377
f 377 393 378
f 393 394 378
f 378 394 379
f 394 395 379
f 379 395 380
f 395 396 380
f 380 396 381
f 396 397 381
f 381 397 382
f 397 398 382
f 382 398 383
f 398 399 383
f 383 399 384
f 399 400 384
f 384 400 385
f 400 401 385
f 385 401 386
f 401 402 386
f 386 402 371
f 402 387 371
f 387 403 388
f 403 404 388
f 388 404 389
f 404 405 389
f 389 405 390
f 405 406 390
f 390 406 391
f 406 407 391
f 391 407 392
f 407 408 392
f 392 408 393
f 408 409 393
f 393 409 394
f 409 410 394
f 394 410 395
f 410 411 395
f 395 411 396
f 411 412 396
f 396 412 397
f 412 413 397
f 397 413 398
f 413 414 398
f 398 414 399
f 414 415 399
f 399 415 400
f 415 416 400
f 400 416 401
f 416 417 401
f 401 417 402
f 417 418 402
f 402 418 387
f 418 403 387
f 403 419 404
f 419 420 404
f 404 420 405
f 420 421 405
f 405 421 406
f 421 422 406
f 406 422 407
f 422 423 407
f 407 423 408
f 423 424 408
f 408 424 409
f 424 425 409
f 409 425 410
f 425 426 410
f 410 426 411
f 426 427 411
f 411 427 412
f 427 428 412
f 412 428 413
f 428 429 413
f 413 429 414
f 429 430 414
f 414 430 415
f 430 431 415
f 415 431 416
f 431 432 416
f 416 432 417
f 432 433 417
f 417 433 418
f 433 434 418
f 418 434 403
f 434 419 403
f 419 435 420
f 435 436 420
f 420 436 421
f 436 437 421
f 421 437 422
f 437 438 422
f 422 438 423
f 438 439 423
f 423 439 424
f 439 440 424
f 424 440 425
f 440 441 425
f 425 441 426
f 441 442 426
f 426 442 427
f 442 443 427
f 427 443 428
f 443 444 428
f 428 444 429
f 444 445 429
f 429 445 430
f 445 446 430
f 430 446 431
f 446 447 431
f 431 447 432
f 447 448 432
f 432 448 433
f 448 449 433
f 433 449 434
f 449 450 434
f 434 450 419
f 450 435 419
f 435 451 436
f 451 452 436
f 436 452 437
f 452 453 437
f 437 453 438
f 453 454 438
f 438 454 439
f 454 455 439
f 439 455 440
f 455 456 440
f 440 456 441
f 456 457 441
f 441 457 442
f 457 458 442
f 442 458 443
f 458 459 443
f 443 459 444
f 459 460 444
f 444 460 445
f 460 461 445
f 445 461 446
f 461 462 446
f 446 462 447
f 462 463 447
f 447 463 448
f 463 464 448
f 448 464 449
f 464 465 449
f 449 465 450
f 465 466 450
f 450 466 435
f 466 451 435
f 451 467 452
f 467 468 452
f 452 468 453
f 468 469 453
f 453 469 454
f 469 470 454
f 454 470 455
f 470 471 455
f 455 471 456
f 471 472 456
f 456 472 457
f 472 473 457
f 457 473 458
f 473 474 458
f 458 474 459
f 474 475 459
f 459 475 460
f 475 476 460
f 460 476 461
f 476 477 461
f 461 477 462
f 477 478 462
f 462 478 463
f 478 479 463
f 463 479 464
f 479 480 464
f 464 480 465
f 480 481 465
f 465 481 466
f 481 482 466
f 466 482 451
f 482 467 451
f 467 483 468
f 483 484 468
f 468 484 469
f 484 485 469
f 469 485 470
f 485 486 470
f 470 486 471
f 486 487 471
f 471 487 472
f 487 488 472
f 472 488 473
f 488 489 473
f 473 489 474
f 489 490 474
f 474 490 475
f 490 491 475
f 475 491 476
f 491 492 476
f 476 492 477
f 492 493 477
f 477 493 478
f 493 494 478
f 478 494 479
f 494 495 479
f 479 495 480
f 495 496 480
f 480 496 481
f 496 497 481
f 481 497 482
f 497 498 482
f 482 498 467
f 498 483 467
f 483 499 484
f 499 500 484
f 484 500 485
f 500 501 485
f 485 501 486
f 501 502 486
f 486 502 487
f 502 503 487
f 487 503 488
f 503 504 488
f 488 504 489
f 504 505 489
f 489 505 490
f 505 506 490
f 490 506 491
f 506 507 491
f 491 507 492
f 507 508 492
f 492 508 493
f 508 509 493
f 493 509 494
f 509 510 494
f 494 510 495
f 510 511 495
f 495 511 496
f 511 512 496
f 496 512 497
f 512 513 497
f 497 513 498
f 513 514 498
f 498 514 483
f 514 499 483
f 499 515 500
f 515 516 500
f 500 516 501
f 516 517 501
f 501 517 502
f 517 518 502
f 502 518 503
f 518 519 503
f 503 519 504
f 519 520 504
f 504 520 505
f 520 521 505
f 505 521 506
f 521 522 506
f 506 522 507
f 522 523 507
f 507 523 508
f 523 524 508
f 508 524 509
f 524 525 509
f 509 525 510
f 525 526 510
f 510 526 511
f 526 527 511
f 511 527 512
f 527 528 512
f 512 528 513
f 528 529 513
f 513 529 514
f 529 530 514
f 514 530 499
f 530 515 499
f 515 531 516
f 531 532 516
f 516 532 517
f 532 533 517
f 517 533 518
f 533 534 518
f 518 534 519
f 534 535 519
f 519 535 520
f 535 536 520
f 520 536 521
f 536 537 521
f 521 537 522
f 537 538 522
f 522 538 523
f 538 539 523
f 523 539 524
f 539 540 524
f 524 540 525
f 540 541 525
f 525 541 526
f 541 542 526
f 526 542 527
f 542 543 527
f 527 543 528
f 543 544 528
f 528 544 529
f 544 545 529
f 529 545 530
f 545 546 530
f 530 546 515
f 546 531 515
f 531 547 532
f 547 548 532
f 532 548 533
f 548 549 533
f 533 549 534
f 549 550 534
f 534 550 535
f 550 551 535
f 535 551 536
f 551 552 536
f 536 552 537
f 552 553 537
f 537 553 538
f 553 554 538
f 538 554 539
f 554 555 539
f 539 555 540
f 555 556 540
f 540 556 541
f 556 557 541
f 541 557 542
f 557 558 542
f 542 558 543
f 558 559 543
f 543 559 544
f 559 560 544
f 544 560 545
f 560 561 545
f 545 561 546
f 561 562 546
f 546 562 531
f 562 547 531
f 547 563 548
f 563 564 548
f 548 564 549
f 564 565 549
f 549 565 550
f 565 566 550
f 550 566 551
f 566 567 551
f 551 567 552
f 567 568 552
f 552 568 553
f 568 569 553
f 553 569 554
f 569 570 554
f 554 570 555
f 570 571 555
f 555 571 556
f 571 572 556
f 556 572 557
f 572 573 557
f 557 573 558
f 573 574 558
f 558 574 559
f 574 575 559
f 559 575 560
f 575 576 560
f 560 576 561
f 576 577 561
f 561 577 562
f 577 578 562
f 562 578 547
f 578 563 547
f 563 579 564
f 579 580 564
f 564 580 565
f 580 581 565
f 565 581 566
f 581 582 566
f 566 582 567
f 582 583 567
f 567 583 568
f 583 584 568
f 568 584 569
f 584 585 569
f 569 585 570
f 585 586 570
f 570 586 571
f 586 587 571
f 571 587 572
f 587 588 572
f 572 588 573
f 588 589 573
f 573 589 574
f 589 590 574
f 574 590 575
f 590 591 575
f 575 591 576
f 591 592 576
f 576 592 577
f 592 593 577
f 577 593 578
f 593 594 578
f 578 594 563
f 594 579 563
f 579 595 580
f 595 596 580
f 580 596 581
f 596 597 581
f 581 597 582
f 597 598 582
f 582 598 583
f 598 599 583
f 583 599 584
f 599 600 584
f 584 600 585
f 600 601 585
f 585 601 586
f 601 602 586
f 586 602 587
f 602 603 587
f 587 603 588
f 603 604 588
f 588 604 589
f 604 605 589
f 589 605 590
f 605 606 590
f 590 606 591
f 606 607 591
f 591 607 592
f 607 608 592
f 592 608 593
f 608 609 593
f 593 609 594
f 609 610 594
f 594 610 579
f 610 595 579
f 595 611 596
f 611 612 596
f 596 612 597
f 612 613 597
f 597 613 598
f 613 614 598
f 598 614 599
f 614 615 599
f 599 615 600
f 615 616 600
f 600 616 601
f 616 617 601
f 601 617 602
f 617 618 602
f 602 618 603
f 618 619 603
f 603 619 604
f 619 620 604
f 604 620 605
f 620 621 605
f 605 621 606
f 621 622 606
f 606 622 607
f 622 623 607
f 607 623 608
f 623 624 608
f 608 624 609
f 624 625 609
f 609 625 610
f 625 626 610
f 610 626 595
f 626 611 595
f 611 627 612
f 627 628 612
f 612 628 613
f 628 629 613
f 613 629 614
f 629 630 614
f 614 630 615
f 630 631 615
f 615 631 616
f 631 632 616
f 616 632 617
f 632 633 617
f 617 633 618
f 633 634 618
f 618 634 619
f 634 635 619
f 619 635 620
f 635 636 620
f 620 636 621
f 636 637 621
f 621 637 622
f 637 638 622
f 622 638 623
f 638 639 623
f 623 639 624
f 639 640 624
f 624 640 625
f 640 641 625
f 625 641 626
f 641 642 626
f 626 642 611
f 642 627 611
f 627 643 628
f 643 644 628
f 628 644 629
f 644 645 629
f 629 645 630
f 645 646 630
f 630 646 631
f 646 647 631
f 631 647 632
f 647 648 632
f 632 648 633
f 648 649 633
f 633 649 634
f 649 650 634
f 634 650 635
f 650 651 635
f 635 651 636
f 651 652 636
f 636 652 637
f 652 653 637
f 637 653 638
f 653 654 638
f 638 654 639
f 654 655 639
f 639 655 640
f 655 656 640
f 640 656 641
f 656 657 641
f 641 657 642
f 657 658 642
f 642 658 627
f 658 643 627
f 643 659 644
f 659 660 644
f 644 660 645
f 660 661 645
f 645 661 646
f 661 662 646
f 646 662 647
f 662 663 647
f 647 663 648
f 663 664 648
f 648 664 649
f 664 665 649
f 649 665 650
f 665 666 650
f 650 666 651
f 666 667 651
f 651 667 652
f 667 668 652
f 652 668 653
f 668 669 653
f 653 669 654
f 669 670 654
f 654 670 655
f 670 671 655
f 655 671 656
f 671 672 656
f 656 672 657
f 672 673 657
f 657 673 658
f 673 674 658
f 658 674 643
f 674 659 643
f 659 675 660
f 675 676 660
f 660 676 661
f 676 677 661
f 661 677 662
f 677 678 662
f 662 678 663
f 678 679 663
f 663 679 664
f 679 680 664
f 664 680 665
f 680 681 665
f 665 681 666
f 681 682 666
f 666 682 667
f 682 683 667
f 667 683 668
f 683 684 668
f 668 684 669
f 684 685 669
f 669 685 670
f 685 686 670
f 670 686 671
f 686 687 671
f 671 687 672
f 687 688 672
f 672 688 673
f 688 689 673
f 673 689 674
f 689 690 674
f 674 690 659
f 690 675 659
f 675 691 676
f 691 692 676
f 676 692 677
f 692 693 677
f 677 693 678
f 693 694 678
f 678 694 679
f 694 695 679
f 679 695 680
f 695 696 680
f 680 696 681
f 696 697 681
f 681 697 682
f 697 698 682
f 682 698 683
f 698 699 683
f 683 699 684
f 699 700 684
f 684 700 685
f 700 701 685
f 685 701 686
f 701 702 686
f 686 702 687
f 702 703 687
f 687 703 688
f 703 704 688
f 688 704 689
f 704 705 689
f 689 705 690
f 705 706 690
f 690 706 675
f 706 691 675
f 691 707 692
f 707 708 692
f 692 708 693
f 708 709 693
f 693 709 694
f 709 710 694
f 694 710 695
f 710 711 695
f 695 711 696
f 711 712 696
f 696 712 697
f 712 713 697
f 697 713 698
f 713 714 698
f 698 714 699
f 714 715 699
f 699 715 700
f 715 716 700
f 700 716 701
f 716 717 701
f 701 717 702
f 717 718 702
f 702 718 703
f 718 719 703
f 703 719 704
f 719 720 704
f 704 720 705
f 720 721 705
f 705 721 706
f 721 722 706
f 706 722 691
f 722 707 691
f 707 723 708
f 723 724 708
f 708 724 709
f 724 725 709
f 709 725 710
f 725 726 710
f 710 726 711
f 726 727 711
f 711 727 712
f 727 728 712
f 712 728 713
f 728 729 713
f 713 729 714
f 729 730 714
f 714 730 715
f 730 731 715
f 715 731 716
f 731 732 716
f 716 732 717
f 732 733 717
f 717 733 718
f 733 734 718
f 718 734 719
f 734 735 719
f 719 735 720
f 735 736 720
f 720 736 721
f 736 737 721
f 721 737 722
f 737 738 722
f 722 738 707
f 738 723 707
f 723 739 724
f 739 740 724
f 724 740 725
f 740 741 725
f 725 741 726
f 741 742 726
f 726 742 727
f 742 743 727
f 727 743 728
f 743 744 728
f 728 744 729
f 744 745 729
f 729 745 730
f 745 746 730
f 730 746 731
f 746 747 731
f 731 747 732
f 747 748 732
f 732 748 733
f 748 749 733
f 733 749 734
f 749 750 734
f 734 750 735
f 750 751 735
f 735 751 736
f 751 752 736
f 736 752 737
f 752 753 737
f 737 753 738
f 753 754 738
f 738 754 723
f 754 739 723
f 739 755 740
f 755 756 740
f 740 756 741
f 756 757 741
f 741 757 742
f 757 758 742
f 742 758 743
f 758 759 743
f 743 759 744
f 759 760 744
f 744 760 745
f 760 761 745
f 745 761 746
f 761 762 746
f 746 762 747
f 762 763 747
f 747 763 748
f 763 764 748
f 748 764 749
f 764 765 749
f 749 765 750
f 765 766 750
f 750 766 751
f 766 767 751
f 751 767 752
f 767 768 752
f 752 768 753
f 768 769 753
f 753 769 754
f 769 770 754
f 754 770 739
f 770 755 739
f 755 771 756
f 771 772 756
f 756 772 757
f 772 773 757
f 757 773 758
f 773 774 758
f 758 774 759
f 774 775 759
f 759 775 760
f 775 776 760
f 760 776 761
f 776 777 761
f 761 777 762
f 777 778 762
f 762 778 763
f 778 779 763
f 763 779 764
f 779 780 764
f 764 780 765
f 780 781 765
f 765 781 766
f 781 782 766
f 766 782 767
f 782 783 767
f 767 783 768
f 783 784 768
f 768 784 769
f 784 785 769
f 769 785 770
f 785 786 770
f 770 786 755
f 786 771 755
f 771 787 772
f 787 788 772
f 772 788 773
f 788 789 773
f 773 789 774
f 789 790 774
f 774 790 775
f 790 791 775
f 775 791 776
f 791 792 776
f 776 792 777
f 792 793 777
f 777 793 778
f 793 794 778
f 778 794 779
f 794 795 779
f 779 795 780
f 795 796 780
f 780 796 781
f 796 797 781
f 781 797 782
f 797 798 782
f 782 798 783
f 798 799 783
f 783 799 784
f 799 800 784
f 784 800 785
f 800 801 785
f 785 801 786
f 801 802 786
f 786 802 771
f 802 787 771
f 787 803 788
f 803 804 788
f 788 804 789
f 804 805 789
f 789 805 790
f 805 806 790
f 790 806 791
f 806 807 791
f 791 807 792
f 807 808 792
f 792 808 793
f 808 809 793
f 793 809 794
f 809 810 794
f 794 810 795
f 810 811 795
f 795 811 796
f 811 812 796
f 796 812 797
f 812 813 797
f 797 813 798
f 813 814 798
f 798 814 799
f 814 815 799
f 799 815 800
f 815 816 800
f 800 816 801
f 816 817 801
f 801 817 802
f 817 818 802
f 802 818 787
f 818 803 787
f 803 819 804
f 819 820 804
f 804 820 805
f 820 821 805
f 805 821 806
f 821 822 806
f 806 822 807
f 822 823 807
f 807 823 808
f 823 824 808
f 808 824 809
f 824 825 809
f 809 825 810
f 825 826 810
f 810 826 811
f 826 827 811
f 811 827 812
f 827 828 812
f 812 828 813
f 828 829 813
f 813 829 814
f 829 830 814
f 814 830 815
f 830 831 815
f 815 831 816
f 831 832 816
f 816 832 817
f 832 833 817
f 817 833 818
f 833 834 818
f 818 834 803
f 834 819 803
f 819 835 820
f 835 836 820
f 820 836 821
f 836 837 821
f 821 837 822
f 837 838 822
f 822 838 823
f 838 839 823
f 823 839 824
f 839 840 824
f 824 840 825
f 840 841 825
f 825 841 826
f 841 842 826
f 826 842 827
f 842 843 827
f 827 843 828
f 843 844 828
f 828 844 829
f 844 845 829
f 829 845 830
f 845 846 830
f 830 846 831
f 846 847 831
f 831 847 832
f 847 848 832
f 832 848 833
f 848 849 833
f 833 849 834
f 849 850 834
f 834 850 819
f 850 835 819
f 835 851 836
f 851 852 836
f 836 852 837
f 852 853 837
f 837 853 838
f 853 854 838
f 838 854 839
f 854 855 839
f 839 855 840
f 855 856 840
f 840 856 841
f 856 857 841
f 841 857 842
f 857 858 842
f 842 858 843
f 858 859 843
f 843 859 844
f 859 860 844
f 844 860 845
f 860 861 845
f 845 861 846
f 861 862 846
f 846 862 847
f 862 863 847
f 847 863 848
f 863 864 848
f 848 864 849
f 864 865 849
f 849 865 850
f 865 866 850
f 850 866 835
f 866 851 835
f 851 867 852
f 867 868 852
f 852 868 853
f 868 869 853
f 853 869 854
f 869 870 854
f 854 870 855
f 870 871 855
f 855 871 856
f 871 872 856
f 856 872 857
f 872 873 857
f 857 873 858
f 873 874 858
f 858 874 859
f 874 875 859
f 859 875 860
f 875 876 860
f 860 876 861
f 876 877 861
f 861 877 862
f 877 878 862
f 862 878 863
f 878 879 863
f 863 879 864
f 879 880 864
f 864 880 865
f 880 881 865
f 865 881 866
f 881 882 866
f 866 882 851
f 882 867 851
f 867 883 868
f 883 884 868
f 868 884 869
f 884 885 869
f 869 885 870
f 885 886 870
f 870 886 871
f 886 887 871
f 871 887 872
f 887 888 872
f 872 888 873
f 888 889 873
f 873 889 874
f 889 890 874
f 874 890 875
f 890 891 875
f 875 891 876
f 891 892 876
f 876 892 877
f 892 893 877
f 877 893 878
f 893 894 878
f 878 894 879
f 894 895 879
f 879 895 880
f 895 896 880
f 880 896 881
f 896 897 881
f 881 897 882
f 897 898 882
f 882 898 867
f 898 883 867
f 883 899 884
f 899 900 884
f 884 900 885
f 900 901 885
f 885 901 886
f 901 902 886
f 886 902 887
f 902 903 887
f 887 903 888
f 903 904 888
f 888 904 889
f 904 905 889
f 889 905 890
f 905 906 890
f 890 906 891
f 906 907 891
f 891 907 892
f 907 908 892
f 892 908 893
f 908 909 893
f 893 909 894
f 909 910 894
f 894 910 895
f 910 911 895
f 895 911 896
f 911 912 896
f 896 912 897
f 912 913 897
f 897 913 898
f 913 914 898
f 898 914 883
f 914 899 883
f 899 915 900
f 915 916 900
f 900 916 901
f 916 917 901
f 901 917 902
f 917 918 902
f 902 918 903
f 918 919 903
f 903 919 904
f 919 920 904
f 904 920 905
f 920 921 905
f 905 921 906
f 921 922 906
f 906 922 907
f 922 923 907
f 907 923 908
f 923 924 908
f 908 924 909
f 924 925 909
f 909 925 910
f 925 926 910
f 910 926 911
f 926 927 911
f 911 927 912
f 927 928 912
f 912 928 913
f 928 929 913
f 913 929 914
f 929 930 914
f 914 930 899
f 930 915 899
f 915 931 916
f 931 932 916
f 916 932 917
f 932 933 917
f 917 933 918
f 933 934 918
f 918 934 919
f 934 935 919
f 919 935 920
f 935 936 920
f 920 936 921
f 936 937 921
f 921 937 922
f 937 938 922
f 922 938 923
f 938 939 923
f 923 939 924
f 939 940 924
f 924 940 925
f 940 941 925
f 925 941 926
f 941 942 926
f 926 942 927
f 942 943 927
f 927 943 928
f 943 944 928
f 928 944 929
f 944 945 929
f 929 945 930
f 945 946 930
f 930 946 915
f 946 931 915
f 931 947 932
f 947 948 932
f 932 948 933
f 948 949 933
f 933 949 934
f 949 950 934
f 934 950 935
f 950 951 935
f 935 951 936
f 951 952 936
f 936 952 937
f 952 953 937
f 937 953 938
f 953 954 938
f 938 954 939
f 954 955 939
f 939 955 940
f 955 956 940
f 940 956 941
f 956 957 941
f 941 957 942
f 957 958 942
f 942 958 943
f 958 959 943
f 943 959 944
f 959 960 944
f 944 960 945
f 960 961 945
f 945 961 946
f 961 962 946
f 946 962 931
f 962 947 931
f 947 963 948
f 963 964 948
f 948 964 949
f 964 965 949
f 949 965 950
f 965 966 950
f 950 966 951
f 966 967 951
f 951 967 952
f 967 968 952
f 952 968 953
f 968 969 953
f 953 969 954
f 969 970 954
f 954 970 955
f 970 971 955
f 955 971 956
f 971 972 956
f 956 972 957
f 972 973 957
f 957 973 958
f 973 974 958
f 958 974 959
f 974 975 959
f 959 975 960
f 975 976 960
f 960 976 961
f 976 977 961
f 961 977 962
f 977 978 962
f 962 978 947
f 978 963 947
f 963 979 964
f 979 980 964
f 964 980 965
f 980 981 965
f 965 981 966
f 981 982 966
f 966 982 967
f 982 983 967
f 967 983 968
f 983 984 968
f 968 984 969
f 984 985 969
f 969 985 970
f 985 986 970
f 970 986 971
f 986 987 971
f 971 987 972
f 987 988 972
f 972 988 973
f 988 989 973
f 973 989 974
f 989 990 974
f 974 990 975
f 990 991 975
f 975 991 976
f 991 992 976
f 976 992 977
f 992 993 977
f 977 993 978
f 993 994 978
f 978 994 963
f 994 979 963
f 979 995 980
f 995 996 980
f 980 996 981
f 996 997 981
f 981 997 982
f 997 998 982
f 982 998 983
f 998 999 983
f 983 999 984
f 999 1000 984
f 984 1000 985
f 1000 1001 985
f 985 1001 986
f 1001 1002 986
f 986 1002 987
f 1002 1003 987
f 987 1003 988
f 1003 1004 988
f 988 1004 989
f 1004 1005 989
f 989 1005 990
f 1005 1006 990
f 990 1006 991
f 1006 1007 991
f 991 1007 992
f 1007 1008 992
f 992 1008 993
f 1008 1009 993
f 993 1009 994
f 1009 1010 994
f 994 1010 979
f 1010 995 979
f 995 1011 996
f 1011 1012 996
f 996 1012 997
f 1012 1013 997
f 997 1013 998
f 1013 1014 998
f 998 1014 999
f 1014 1015 999
f 999 1015 1000
f 1015 1016 1000
f 1000 1016 1001
f 1016 1017 1001
f 1001 1017 1002
f 1017 1018 1002
f 1002 1018 1003
f 1018 1019 1003
f 1003 1019 1004
f 1019 1020 1004
f 1004 1020 1005
f 1020 1021 1005
f 1005 1021 1006
f 1021 1022 1006
f 1006 1022 1007
f 1022 1023 1007
f 1007 1023 1008
f 1023 1024 1008
f 1008 1024 1009
f 1024 1025 1009
f 1009 1025 1010
f 1025 1026 1010
f 1010 1026 995
f 1026 1011 995
f 1011 1027 1012
f 1027 1028 1012
f 1012 1028 1013
f 1028 1029 1013
f 1013 1029 1014
f 1029 1030 1014
f 1014 1030 1015
f 1030 1031 1015
f 1015 1031 1016
f 1031 1032 1016
f 1016 1032 1017
f 1032 1033 1017
f 1017 1033 1018
f 1033 1034 1018
f 1018 1034 1019
f 1034 1035 1019
f 1019 1035 1020
f 1035 1036 1020
f 1020 1036 1021
f 1036 1037 1021
f 1021 1037 1022
f 1037 1038 1022
f 1022 1038 1023
f 1038 1039 1023
f 1023 1039 1024
f 1039 1040 1024
f 1024 1040 1025
f 1040 1041 1025
f 1025 1041 1026
f 1041 1042 1026
f 1026 1042 1011
f 1042 1027 1011
f 1027 1043 1028
f 1043 1044 1028
f 1028 1044 1029
f 1044 1045 1029
f 1029 1045 1030
f 1045 1046 1030
f 1030 1046 1031
f 1046 1047 1031
f 1031 1047 1032
f 1047 1048 1032
f 1032 1048 1033
f 1048 1049 1033
f 1033 1049 1034
f 1049 1050 1034
f 1034 1050 1035
f 1050 1051 1035
f 1035 1051 1036
f 1051 1052 1036
f 1036 1052 1037
f 1052 1053 1037
f 1037 1053 1038
f 1053 1054 1038
f 1038 1054 1039
f 1054 1055 1039
f 1039 1055 1040
f 1055 1056 1040
f 1040 1056 1041
f 1056 1057 1041
f 1041 1057 1042
f 1057 1058 1042
f 1042 1058 1027
f 1058 1043 1027
f 1043 1059 1044
f 1059 1060 1044
f 1044 1060 1045
f 1060 1061 1045
f 1045 1061 1046
f 1061 1062 1046
f 1046 1062 1047
f 1062 1063 1047
f 1047 1063 1048
f 1063 1064 1048
f 1048 1064 1049
f 1064 1065 1049
f 1049 1065 1050
f 1065 1066 1050
f 1050 1066 1051
f 1066 1067 1051
f 1051 1067 1052
f 1067 1068 1052
f 1052 1068 1053
f 1068 1069 1053
f 1053 1069 1054
f 1069 1070 1054
f 1054 1070 1055
f 1070 1071 1055
f 1055 1071 1056
f 1071 1072 1056
f 1056 1072 1057
f 1072 1073 1057
f 1057 1073 1058
f 1073 1074 1058
f 1058 1074 1043
f 1074 1059 1043
f 1059 1075 1060
f 1075 1076 1060
f 1060 1076 1061
f 1076 1077 1061
f 1061 1077 1062
f 1077 1078 1062
f 1062 1078 1063
f 1078 1079 1063
f 1063 1079 1064
f 1079 1080 1064
f 1064 1080 1065
f 1080 1081 1065
f 1065 1081 1066
f 1081 1082 1066
f 1066 1082 1067
f 1082 1083 1067
f 1067 1083 1068
f 1083 1084 1068
f 1068 1084 1069
f 1084 1085 1069
f 1069 1085 1070
f 1085 1086 1070
f 1070 1086 1071
f 1086 1087 1071
f 1071 1087 1072
f 1087 1088 1072
f 1072 1088 1073
f 1088 1089 1073
f 1073 1089 1074
f 1089 1090 1074
f 1074 1090 1059
f 1090 1075 1059
f 1075 1091 1076
f 1091 1092 1076
f 1076 1092 1077
f 1092 1093 1077
f 1077 1093 1078
f 1093 1094 1078
f 1078 1094 1079
f 1094 1095 1079
f 1079 1095 1080
f 1095 1096 1080
f 1080 1096 1081
f 1096 1097 1081
f 1081 1097 1082
f 1097 1098 1082
f 1082 1098 1083
f 1098 1099 1083
f 1083 1099 1084
f 1099 1100 1084
f 1084 1100 1085
f 1100 1101 1085
f 1085 1101 1086
f 1101 1102 1086
f 1086 1102 1087
f 1102 1103 1087
f 1087 1103 1088
f 1103 1104 1088
f 1088 1104 1089
f 1104 1105 1089
f 1089 1105 1090
f 1105 1106 1090
f 1090 1106 1075
f 1106 1091 1075
f 1091 1107 1092
f 1107 1108 1092
f 1092 1108 1093
f 1108 1109 1093
f 1093 1109 1094
f 1109 1110 1094
f 1094 1110 1095
f 1110 1111 1095
f 1095 1111 1096
f 1111 1112 1096
f 1096 1112 1097
f 1112 1113 1097
f 1097 1113 1098
f 1113 1114 1098
f 1098 1114 1099
f 1114 1115 1099
f 1099 1115 1100
f 1115 1116 1100
f 1100 1116 1101
f 1116 1117 1101
f 1101 1117 1102
f 1117 1118 1102
f 1102 1118 1103
f 1118 1119 1103
f 1103 1119 1104
f 1119 1120 1104
f 1104 1120 1105
f 1120 1121 1105
f 1105 1121 1106
f 1121 1122 1106
f 1106 1122 1091
f 1122 1107 1091
f 1107 1123 1108
f 1123 1124 1108
f 1108 1124 1109
f 1124 1125 1109
f 1109 1125 1110
f 1125 1126 1110
f 1110 1126 1111
f 1126 1127 1111
f 1111 1127 1112
f 1127 1128 1112
f 1112 1128 1113
f 1128 1129 1113
f 1113 1129 1114
f 1129 1130 1114
f 1114 1130 1115
f 1130 1131 1115
f 1115 1131 1116
f 1131 1132 1116
f 1116 1132 1117
f 1132 1133 1117
f 1117 1133 1118
f 1133 1134 1118
f 1118 1134 1119
f 1134 1135 1119
f 1119 1135 1120
f 1135 1136 1120
f 1120 1136 1121
f 1136 1137 1121
f 1121 1137 1122
f 1137 1138 1122
f 1122 1138 1107
f 1138 1123 1107
f 1123 1139 1124
f 1139 1140 1124
f 1124 1140 1125
f 1140 1141 1125
f 1125 1141 1126
f 1141 1142 1126
f 1126 1142 1127
f 1142 1143 1127
f 1127 1143 1128
f 1143 1144 1128
f 1128 1144 1129
f 1144 1145 1129
f 1129 1145 1130
f 1145 1146 1130
f 1130 1146 1131
f 1146 1147 1131
f 1131 1147 1132
f 1147 1148 1132
f 1132 1148 1133
f 1148 1149 1133
f 1133 1149 1134
f 1149 1150 1134
f 1134 1150 1135
f 1150 1151 1135
f 1135 1151 1136
f 1151 1152 1136
f 1136 1152 1137
f 1152 1153 1137
f 1137 1153 1138
f 1153 1154 1138
f 1138 1154 1123
f 1154 1139 1123
f 1139 1155 1140
f 1155 1156 1140
f 1140 1156 1141
f 1156 1157 1141
f 1141 1157 1142
f 1157 1158 1142
f 1142 1158 1143
f 1158 1159 1143
f 1143 1159 1144
f 1159 1160 1144
f 1144 1160 1145
f 1160 1161 1145
f 1145 1161 1146
f 1161 1162 1146
f 1146 1162 1147
f 1162 1163 1147
f 1147 1163 1148
f 1163 1164 1148
f 1148 1164 1149
f 1164 1165 1149
f 1149 1165 1150
f 1165 1166 1150
f 1150 1166 1151
f 1166 1167 1151
f 1151 1167 1152
f 1167 1168 1152
f 1152 1168 1153
f 1168 1169 1153
f 1153 1169 1154
f 1169 1170 1154
f 1154 1170 1139
f 1170 1155 1139
f 1155 1171 1156
f 1171 1172 1156
f 1156 1172 1157
f 1172 1173 1157
f 1157 1173 1158
f 1173 1174 1158
f 1158 1174 1159
f 1174 1175 1159
f 1159 1175 1160
f 1175 1176 1160
f 1160 1176 1161
f 1176 1177 1161
f 1161 1177 1162
f 1177 1178 1162
f 1162 1178 1163
f 1178 1179 1163
f 1163 1179 1164
f 1179 1180 1164
f 1164 1180 1165
f 1180 1181 1165
f 1165 1181 1166
f 1181 1182 1166
f 1166 1182 1167
f 1182 1183 1167
f 1167 1183 1168
f 1183 1184 1168
f 1168 1184 1169
f 1184 1185 1169
f 1169 1185 1170
f 1185 1186 1170
f 1170 1186 1155
f 1186 1171 1155
f 1171 1187 1172
f 1187 1188 1172
f 1172 1188 1173
f 1188 1189 1173
f 1173 1189 1174
f 1189 1190 1174
f 1174 1190 1175
f 1190 1191 1175
f 1175 1191 1176
f 1191 1192 1176
f 1176 1192 1177
f 1192 1193 1177
f 1177 1193 1178
f 1193 1194 1178
f 1178 1194 1179
f 1194 1195 1179
f 1179 1195 1180
f 1195 1196 1180
f 1180 1196 1181
f 1196 1197 1181
f 1181 1197 1182
f 1197 1198 1182
f 1182 1198 1183
f 1198 1199 1183
f 1183 1199 1184
f 1199 1200 1184
f 1184 1200 1185
f 1200 1201 1185
f 1185 1201 1186
f 1201 1202 1186
f 1186 1202 1171
f 1202 1187 1171
f 1187 1203 1188
f 1203 1204 1188
f 1188 1204 1189
f 1204 1205 1189
f 1189 1205 1190
f 1205 1206 1190
f 1190 1206 1191
f 1206 1207 1191
f 1191 1207 1192
f 1207 1208 1192
f 1192 1208 1193
f 1208 1209 1193
f 1193 1209 1194
f 1209 1210 1194
f 1194 1210 1195
f 1210 1211 1195
f 1195 1211 1196
f 1211 1212 1196
f 1196 1212 1197
f 1212 1213 1197
f 1197 1213 1198
f 1213 1214 1198
f 1198 1214 1199
f 1214 1215 1199
f 1199 1215 1200
f 1215 1216 1200
f 1200 1216 1201
f 1216 1217 1201
f 1201 1217 1202
f 1217 1218 1202
f 1202 1218 1187
f 1218 1203 1187
f 1203 1219 1204
f 1219 1220 1204
f 1204 1220 1205
f 1220 1221 1205
f 1205 1221 1206
f 1221 1222 1206
f 1206 1222 1207
f 1222 1223 1207
f 1207 1223 1208
f 1223 1224 1208
f 1208 1224 1209
f 1224 1225 1209
f 1209 1225 1210
f 1225 1226 1210
f 1210 1226 1211
f 1226 1227 1211
f 1211 1227 1212
f 1227 1228 1212
f 1212 1228 1213
f 1228 1229 1213
f 1213 1229 1214
f 1229 1230 1214
f 1214 1230 1215
f 1230 1231 1215
f 1215 1231 1216
f 1231 1232 1216
f 1216 1232 1217
f 1232 1233 1217
f 1217 1233 1218
f 1233 1234 1218
f 1218 1234 1203
f 1234 1219 1203
f 1219 1235 1220
f 1235 1236 1220
f 1220 1236 1221
f 1236 1237 1221
f 1221 1237 1222
f 1237 1238 1222
f 1222 1238 1223
f 1238 1239 1223
f 1223 1239 1224
f 1239 1240 1224
f 1224 1240 1225
f 1240 1241 1225
f 1225 1241 1226
f 1241 1242 1226
f 1226 1242 1227
f 1242 1243 1227
f 1227 1243 1228
f 1243 1244 1228
f 1228 1244 1229
f 1244 1245 1229
f 1229 1245 1230
f 1245 1246 1230
f 1230 1246 1231
f 1246 1247 1231
f 1231 1247 1232
f 1247 1248 1232
f 1232 1248 1233
f 1248 1249 1233
f 1233 1249 1234
f 1249 1250 1234
f 1234 1250 1219
f 1250 1235 1219
f 1235 1251 1236
f 1251 1252 1236
f 1236 1252 1237
f 1252 1253 1237
f 1237 1253 1238
f 1253 1254 1238
f 1238 1254 1239
f 1254 1255 1239
f 1239 1255 1240
f 1255 1256 1240
f 1240 1256 1241
f 1256 1257 1241
f 1241 1257 1242
f 1257 1258 1242
f 1242 1258 1243
f 1258 1259 1243
f 1243 1259 1244
f 1259 1260 1244
f 1244 1260 1245
f 1260 1261 1245
f 1245 1261 1246
f 1261 1262 1246
f 1246 1262 1247
f 1262 1263 1247
f 1247 1263 1248
f 1263 1264 1248
f 1248 1264 1249
f 1264 1265 1249
f 1249 1265 1250
f 1265 1266 1250
f 1250 1266 1235
f 1266 1251 1235
f 1251 1267 1252
f 1267 1268 1252
f 1252 1268 1253
f 1268 1269 1253
f 1253 1269 1254
f 1269 1270 1254
f 1254 1270 1255
f 1270 1271 1255
f 1255 1271 1256
f 1271 1272 1256
f 1256 1272 1257
f 1272 1273 1257
f 1257 1273 1258
f 1273 1274 1258
f 1258 1274 1259
f 1274 1275 1259
f 1259 1275 1260
f 1275 1276 1260
f 1260 1276 1261
f 1276 1277 1261
f 1261 1277 1262
f 1277 1278 1262
f 1262 1278 1263
f 1278 1279 1263
f 1263 1279 1264
f 1279 1280 1264
f 1264 1280 1265
f 1280 1281 1265
f 1265 1281 1266
f 1281 1282 1266
f 1266 1282 1251
f 1282 1267 1251
f 1267 1283 1268
f 1283 1284 1268
f 1268 1284 1269
f 1284 1285 1269
f 1269 1285 1270
f 1285 1286 1270
f 1270 1286 1271
f 1286 1287 1271
f 1271 1287 1272
f 1287 1288 1272
f 1272 1288 1273
f 1288 1289 1273
f 1273 1289 1274
f 1289 1290 1274
f 1274 1290 1275
f 1290 1291 1275
f 1275 1291 1276
f 1291 1292 1276
f 1276 1292 1277
f 1292 1293 1277
f 1277 1293 1278
f 1293 1294 1278
f 1278 1294 1279
f 1294 1295 1279
f 1279 1295 1280
f 1295 1296 1280
f 1280 1296 1281
f 1296 1297 1281
f 1281 1297 1282
f 1297 1298 1282
f 1282 1298 1267
f 1298 1283 1267
f 1283 1299 1284
f 1299 1300 1284
f 1284 1300 1285
f 1300 1301 1285
f 1285 1301 1286
f 1301 1302 1286
f 1286 1302 1287
f 1302 1303 1287
f 1287 1303 1288
f 1303 1304 1288
f 1288 1304 1289
f 1304 1305 1289
f 1289 1305 1290
f 1305 1306 1290
f 1290 1306 1291
f 1306 1307 1291
f 1291 1307 1292
f 1307 1308 1292
f 1292 1308 1293
f 1308 1309 1293
f 1293 1309 1294
f 1309 1310 1294
f 1294 1310 1295
f 1310 1311 1295
f 1295 1311 1296
f 1311 1312 1296
f 1296 1312 1297
f 1312 1313 1297
f 1297 1313 1298
f 1313 1314 1298
f 1298 1314 1283
f 1314 1299 1283
f 1299 1315 1300
f 1315 1316 1300
f 1300 1316 1301
f 1316 1317 1301
f 1301 1317 1302
f 1317 1318 1302
f 1302 1318 1303
f 1318 1319 1303
f 1303 1319 1304
f 1319 1320 1304
f 1304 1320 1305
f 1320 1321 1305
f 1305 1321 1306
f 1321 1322 1306
f 1306 1322 1307
f 1322 1323 1307
f 1307 1323 1308
f 1323 1324 1308
f 1308 1324 1309
f 1324 1325 1309
f 1309 1325 1310
f 1325 1326 1310
f 1310 1326 1311
f 1326 1327 1311
f 1311 1327 1312
f 1327 1328 1312
f 1312 1328 1313
f 1328 1329 1313
f 1313 1329 1314
f 1329 1330 1314
f 1314 1330 1299
f 1330 1315 1299
f 1315 1331 1316
f 1331 1332 1316
f 1316 1332 1317
f 1332 1333 1317
f 1317 1333 1318
f 1333 1334 1318
f 1318 1334 1319
f 1334 1335 1319
f 1319 1335 1320
f 1335 1336 1320
f 1320 1336 1321
f 1336 1337 1321
f 1321 1337 1322
f 1337 1338 1322
f 1322 1338 1323
f 1338 1339 1323
f 1323 1339 1324
f 1339 1340 1324
f 1324 1340 1325
f 1340 1341 1325
f 1325 1341 1326
f 1341 1342 1326
f 1326 1342 1327
f 1342 1343 1327
f 1327 1343 1328
f 1343 1344 1328
f 1328 1344 1329
f 1344 1345 1329
f 1329 1345 1330
f 1345 1346 1330
f 1330 1346 1315
f 1346 1331 1315
f 1331 1347 1332
f 1347 1348 1332
f 1332 1348 1333
f 1348 1349 1333
f 1333 1349 1334
f 1349 1350 1334
f 1334 1350 1335
f 1350 1351 1335
f 1335 1351 1336
f 1351 1352 1336
f 1336 1352 1337
f 1352 1353 1337
f 1337 1353 1338
f 1353 1354 1338
f 1338 1354 1339
f 1354 1355 1339
f 1339 1355 1340
f 1355 1356 1340
f 1340 1356 1341
f 1356 1357 1341
f 1341 1357 1342
f 1357 1358 1342
f 1342 1358 1343
f 1358 1359 1343
f 1343 1359 1344
f 1359 1360 1344
f 1344 1360 1345
f 1360 1361 1345
f 1345 1361 1346
f 1361 1362 1346
f 1346 1362 1331
f 1362 1347 1331
f 1347 1363 1348
f 1363 1364 1348
f 1348 1364 1349
f 1364 1365 1349
f 1349 1365 1350
f 1365 1366 1350
f 1350 1366 1351
f 1366 1367 1351
f 1351 1367 1352
f 1367 1368 1352
f 1352 1368 1353
f 1368 1369 1353
f 1353 1369 1354
f 1369 1370 1354
f 1354 1370 1355
f 1370 1371 1355
f 1355 1371 1356
f 1371 1372 1356
f 1356 1372 1357
f 1372 1373 1357
f 1357 1373 1358
f 1373 1374 1358
f 1358 1374 1359
f 1374 1375 1359
f 1359 1375 1360
f 1375 1376 1360
f 1360 1376 1361
f 1376 1377 1361
f 1361 1377 1362
f 1377 1378 1362
f 1362 1378 1347
f 1378 1363 1347
f 1363 1379 1364
f 1379 1380 1364
f 1364 1380 1365
f 1380 1381 1365
f 1365 1381 1366
f 1381 1382 1366
f 1366 1382 1367
f 1382 1383 1367
f 1367 1383 1368
f 1383 1384 1368
f 1368 1384 1369
f 1384 1385 1369
f 1369 1385 1370
f 1385 1386 1370
f 1370 1386 1371
f 1386 1387 1371
f 1371 1387 1372
f 1387 1388 1372
f 1372 1388 1373
f 1388 1389 1373
f 1373 1389 1374
f 1389 1390 1374
f 1374 1390 1375
f 1390 1391 1375
f 1375 1391 1376
f 1391 1392 1376
f 1376 1392 1377
f 1392 1393 1377
f 1377 1393 1378
f 1393 1394 1378
f 1378 1394 1363
f 1394 1379 1363
f 1379 1395 1380
f 1395 1396 1380
f 1380 1396 1381
f 1396 1397 1381
f 1381 1397 1382
f 1397 1398 1382
f 1382 1398 1383
f 1398 1399 1383
f 1383 1399 1384
f 1399 1400 1384
f 1384 1400 1385
f 1400 1401 1385
f 1385 1401 1386
f 1401 1402 1386
f 1386 1402 1387
f 1402 1403 1387
f 1387 1403 1388
f 1403 1404 1388
f 1388 1404 1389
f 1404 1405 1389
f 1389 1405 1390
f 1405 1406 1390
f 1390 1406 1391
f 1406 1407 1391
f 1391 1407 1392
f 1407 1408 1392
f 1392 1408 1393
f 1408 1409 1393
f 1393 1409 1394
f 1409 1410 1394
f 1394 1410 1379
f 1410 1395 1379
f 1395 1411 1396
f 1411 1412 1396
f 1396 1412 1397
f 1412 1413 1397
f 1397 1413 1398
f 1413 1414 1398
f 1398 1414 1399
f 1414 1415 1399
f 1399 1415 1400
f 1415 1416 1400
f 1400 1416 1401
f 1416 1417 1401
f 1401 1417 1402
f 1417 1418 1402
f 1402 1418 1403
f 1418 1419 1403
f 1403 1419 1404
f 1419 1420 1404
f 1404 1420 1405
f 1420 1421 1405
f 1405 1421 1406
f 1421 1422 1406
f 1406 1422 1407
f 1422 1423 1407
f 1407 1423 1408
f 1423 1424 1408
f 1408 1424 1409
f 1424 1425 1409
f 1409 1425 1410
f 1425 1426 1410
f 1410 1426 1395
f 1426 1411 1395
f 1411 1427 1412
f 1427 1428 1412
f 1412 1428 1413
f 1428 1429 1413
f 1413 1429 1414
f 1429 1430 1414
f 1414 1430 1415
f 1430 1431 1415
f 1415 1431 1416
f 1431 1432 1416
f 1416 1432 1417
f 1432 1433 1417
f 1417 1433 1418
f 1433 1434 1418
f 1418 1434 1419
f 1434 1435 1419
f 1419 1435 1420
f 1435 1436 1420
f 1420 1436 1421
f 1436 1437 1421
f 1421 1437 1422
f 1437 1438 1422
f 1422 1438 1423
f 1438 1439 1423
f 1423 1439 1424
f 1439 1440 1424
f 1424 1440 1425
f 1440 1441 1425
f 1425 1441 1426
f 1441 1442 1426
f 1426 1442 1411
f 1442 1427 1411
f 1427 1443 1428
f 1443 1444 1428
f 1428 1444 1429
f 1444 1445 1429
f 1429 1445 1430
f 1445 1446 1430
f 1430 1446 1431
f 1446 1447 1431
f 1431 1447 1432
f 1447 1448 1432
f 1432 1448 1433
f 1448 1449 1433
f 1433 1449 1434
f 1449 1450 1434
f 1434 1450 1435
f 1450 1451 1435
f 1435 1451 1436
f 1451 1452 1436
f 1436 1452 1437
f 1452 1453 1437
f 1437 1453 1438
f 1453 1454 1438
f 1438 1454 1439
f 1454 1455 1439
f 1439 1455 1440
f 1455 1456 1440
f 1440 1456 1441
f 1456 1457 1441
f 1441 1457 1442
f 1457 1458 1442
f 1442 1458 1427
f 1458 1443 1427
f 1443 1459 1444
f 1459 1460 1444
f 1444 1460 1445
f 1460 1461 1445
f 1445 1461 1446
f 1461 1462 1446
f 1446 1462 1447
f 1462 1463 1447
f 1447 1463 1448
f 1463 1464 1448
f 1448 1464 1449
f 1464 1465 1449
f 1449 1465 1450
f 1465 1466 1450
f 1450 1466 1451
f 1466 1467 1451
f 1451 1467 1452
f 1467 1468 1452
f 1452 1468 1453
f 1468 1469 1453
f 1453 1469 1454
f 1469 1470 1454
f 1454 1470 1455
f 1470 1471 1455
f 1455 1471 1456
f 1471 1472 1456
f 1456 1472 1457
f 1472 1473 1457
f 1457 1473 1458
f 1473 1474 1458
f 1458 1474 1443
f 1474 1459 1443
f 1459 1475 1460
f 1475 1476 1460
f 1460 1476 1461
f 1476 1477 1461
f 1461 1477 1462
f 1477 1478 1462
f 1462 1478 1463
f 1478 1479 1463
f 1463 1479 1464
f 1479 1480 1464
f 1464 1480 1465
f 1480 1481 1465
f 1465 1481 1466
f 1481 1482 1466
f 1466 1482 1467
f 1482 1483 1467
f 1467 1483 1468
f 1483 1484 1468
f 1468 1484 1469
f 1484 1485 1469
f 1469 1485 1470
f 1485 1486 1470
f 1470 1486 1471
f 1486 1487 1471
f 1471 1487 1472
f 1487 1488 1472
f 1472 1488 1473
f 1488 1489 1473
f 1473 1489 1474
f 1489 1490 1474
f 1474 1490 1459
f 1490 1475 1459
f 1475 1491 1476
f 1491 1492 1476
f 1476 1492 1477
f 1492 1493 1477
f 1477 1493 1478
f 1493 1494 1478
f 1478 1494 1479
f 1494 1495 1479
f 1479 1495 1480
f 1495 1496 1480
f 1480 1496 1481
f 1496 1497 1481
f 1481 1497 1482
f 1497 1498 1482
f 1482 1498 1483
f 1498 1499 1483
f 1483 1499 1484
f 1499 1500 1484
f 1484 1500 1485
f 1500 1501 1485
f 1485 1501 1486
f 1501 1502 1486
f 1486 1502 1487
f 1502 1503 1487
f 1487 1503 1488
f 1503 1504 1488
f 1488 1504 1489
f 1504 1505 1489
f 1489 1505 1490
f 1505 1506 1490
f 1490 1506 1475
f 1506 1491 1475
f 1491 1507 1492
f 1507 1508 1492
f 1492 1508 1493
f 1508 1509 1493
f 1493 1509 1494
f 1509 1510 1494
f 1494 1510 1495
f 1510 1511 1495
f 1495 1511 1496
f 1511 1512 1496
f 1496 1512 1497
f 1512 1513 1497
f 1497 1513 1498
f 1513 1514 1498
f 1498 1514 1499
f 1514 1515 1499
f 1499 1515 1500
f 1515 1516 1500
f 1500 1516 1501
f 1516 1517 1501
f 1501 1517 1502
f 1517 1518 1502
f 1502 1518 1503
f 1518 1519 1503
f 1503 1519 1504
f 1519 1520 1504
f 1504 1520 1505
f 1520 1521 1505
f 1505 1521 1506
f 1521 1522 1506
f 1506 1522 1491
f 1522 1507 1491
f 1507 1523 1508
f 1523 1524 1508
f 1508 1524 1509
f 1524 1525 1509
f 1509 1525 1510
f 1525 1526 1510
f 1510 1526 1511
f 1526 1527 1511
f 1511 1527 1512
f 1527 1528 1512
f 1512 1528 1513
f 1528 1529 1513
f 1513 1529 1514
f 1529 1530 1514
f 1514 1530 1515
f 1530 1531 1515
f 1515 1531 1516
f 1531 1532 1516
f 1516 1532 1517
f 1532 1533 1517
f 1517 1533 1518
f 1533 1534 1518
f 1518 1534 1519
f 1534 1535 1519
f 1519 1535 1520
f 1535 1536 1520
f 1520 1536 1521
f 1536 1537 1521
f 1521 1537 1522
f 1537 1538 1522
f 1522 1538 1507
f 1538 1523 1507
f 1523 1539 1524
f 1539 1540 1524
f 1524 1540 1525
f 1540 1541 1525
f 1525 1541 1526
f 1541 1542 1526
f 1526 1542 1527
f 1542 1543 1527
f 1527 1543 1528
f 1543 1544 1528
f 1528 1544 1529
f 1544 1545 1529
f 1529 1545 1530
f 1545 1546 1530
f 1530 1546 1531
f 1546 1547 1531
f 1531 1547 1532
f 1547 1548 1532
f 1532 1548 1533
f 1548 1549 1533
f 1533 1549 1534
f 1549 1550 1534
f 1534 1550 1535
f 1550 1551 1535
f 1535 1551 1536
f 1551 1552 1536
f 1536 1552 1537
f 1552 1553 1537
f 1537 1553 1538
f 1553 1554 1538
f 1538 1554 1523
f 1554 1539 1523
f 1539 1555 1540
f 1555 1556 1540
f 1540 1556 1541
f 1556 1557 1541
f 1541 1557 1542
f 1557 1558 1542
f 1542 1558 1543
f 1558 1559 1543
f 1543 1559 1544
f 1559 1560 1544
f 1544 1560 1545
f 1560 1561 1545
f 1545 1561 1546
f 1561 1562 1546
f 1546 1562 1547
f 1562 1563 1547
f 1547 1563 1548
f 1563 1564 1548
f 1548 1564 1549
f 1564 1565 1549
f 1549 1565 1550
f 1565 1566 1550
f 1550 1566 1551
f 1566 1567 1551
f 1551 1567 1552
f 1567 1568 1552
f 1552 1568 1553
f 1568 1569 1553
f 1553 1569 1554
f 1569 1570 1554
f 1554 1570 1539
f 1570 1555 1539
f 1555 1571 1556
f 1571 1572 1556
f 1556 1572 1557
f 1572 1573 1557
f 1557 1573 1558
f 1573 1574 1558
f 1558 1574 1559
f 1574 1575 1559
f 1559 1575 1560
f 1575 1576 1560
f 1560 1576 1561
f 1576 1577 1561
f 1561 1577 1562
f 1577 1578 1562
f 1562 1578 1563
f 1578 1579 1563
f 1563 1579 1564
f 1579 1580 1564
f 1564 1580 1565
f 1580 1581 1565
f 1565 1581 1566
f 1581 1582 1566
f 1566 1582 1567
f 1582 1583 1567
f 1567 1583 1568
f 1583 1584 1568
f 1568 1584 1569
f 1584 1585 1569
f 1569 1585 1570
f 1585 1586 1570
f 1570 1586 1555
f 1586 1571 1555
f 1571 1587 1572
f 1587 1588 1572
f 1572 1588 1573
f 1588 1589 1573
f 1573 1589 1574
f 1589 1590 1574
f 1574 1590 1575
f 1590 1591 1575
f 1575 1591 1576
f 1591 1592 1576
f 1576 1592 1577
f 1592 1593 1577
f 1577 1593 1578
f 1593 1594 1578
f 1578 1594 1579
f 1594 1595 1579
f 1579 1595 1580
f 1595 1596 1580
f 1580 1596 1581
f 1596 1597 1581
f 1581 1597 1582
f 1597 1598 1582
f 1582 1598 1583
f 1598 1599 1583
f 1583 1599 1584
f 1599 1600 1584
f 1584 1600 1585
f 1600 1601 1585
f 1585 1601 1586
f 1601 1602 1586
f 1586 1602 1571
f 1602 1587 1571
f 1587 1603 1588
f 1603 1604 1588
f 1588 1604 1589
f 1604 1605 1589
f 1589 1605 1590
f 1605 1606 1590
f 1590 1606 1591
f 1606 1607 1591
f 1591 1607 1592
f 1607 1608 1592
f 1592 1608 1593
f 1608 1609 1593
f 1593 1609 1594
f 1609 1610 1594
f 1594 1610 1595
f 1610 1611 1595
f 1595 1611 1596
f 1611 1612 1596
f 1596 1612 1597
f 1612 1613 1597
f 1597 1613 1598
f 1613 1614 1598
f 1598 1614 1599
f 1614 1615 1599
f 1599 1615 1600
f 1615 1616 1600
f 1600 1616 1601
f 1616 1617 1601
f 1601 1617 1602
f 1617 1618 1602
f 1602 1618 1587
f 1618 1603 1587
f 1603 1619 1604
f 1619 1620 1604
f 1604 1620 1605
f 1620 1621 1605
f 1605 1621 1606
f 1621 1622 1606
f 1606 1622 1607
f 1622 1623 1607
f 1607 1623 1608
f 1623 1624 1608
f 1608 1624 1609
f 1624 1625 1609
f 1609 1625 1610
f 1625 1626 1610
f 1610 1626 1611
f 1626 1627 1611
f 1611 1627 1612
f 1627 1628 1612
f 1612 1628 1613
f 1628 1629 1613
f 1613 1629 1614
f 1629 1630 1614
f 1614 1630 1615
f 1630 1631 1615
f 1615 1631 1616
f 1631 1632 1616
f 1616 1632 1617
f 1632 1633 1617
f 1617 1633 1618
f 1633 1634 1618
f 1618 1634 1603
f 1634 1619 1603
f 1619 1635 1620
f 1635 1636 1620
f 1620 1636 1621
f 1636 1637 1621
f 1621 1637 1622
f 1637 1638 1622
f 1622 1638 1623
f 1638 1639 1623
f 1623 1639 1624
f 1639 1640 1624
f 1624 1640 1625
f 1640 1641 1625
f 1625 1641 1626
f 1641 1642 1626
f 1626 1642 1627
f 1642 1643 1627
f 1627 1643 1628
f 1643 1644 1628
f 1628 1644 1629
f 1644 1645 1629
f 1629 1645 1630
f 1645 1646 1630
f 1630 1646 1631
f 1646 1647 1631
f 1631 1647 1632
f 1647 1648 1632
f 1632 1648 1633
f 1648 1649 1633
f 1633 1649 1634
f 1649 1650 1634
f 1634 1650 1619
f 1650 1635 1619
f 1635 1651 1636
f 1651 1652 1636
f 1636 1652 1637
f 1652 1653 1637
f 1637 1653 1638
f 1653 1654 1638
f 1638 1654 1639
f 1654 1655 1639
f 1639 1655 1640
f 1655 1656 1640
f 1640 1656 1641
f 1656 1657 1641
f 1641 1657 1642
f 1657 1658 1642
f 1642 1658 1643
f 1658 1659 1643
f 1643 1659 1644
f 1659 1660 1644
f 1644 1660 1645
f 1660 1661 1645
f 1645 1661 1646
f 1661 1662 1646
f 1646 1662 1647
f 1662 1663 1647
f 1647 1663 1648
f 1663 1664 1648
f 1648 1664 1649
f 1664 1665 1649
f 1649 1665 1650
f 1665 1666 1650
f 1650 1666 1635
f 1666 1651 1635
f 1651 67 1652
f 67 68 1652
f 1652 68 1653
f 68 69 1653
f 1653 69 1654
f 69 70 1654
f 1654 70 1655
f 70 71 1655
f 1655 71 1656
f 71 72 1656
f 1656 72 1657
f 72 73 1657
f 1657 73 1658
f 73 74 1658
f 1658 74 1659
f 74 75 1659
f 1659 75 1660
f 75 76 1660
f 1660 76 1661
f 76 77 1661
f 1661 77 1662
f 77 78 1662
f 1662 78 1663
f 78 79 1663
f 1663 79 1664
f 79 80 1664
f 1664 80 1665
f 80 81 1665
f 1665 81 1666
f 81 82 1666
f 1666 82 1651
f 82 67 1651
f 1667 1683 1684
f 1667 1684 1668
f 1699 1668 1667
f 1700 1683 1684
f 1668 1684 1685
f 1668 1685 1669
f 1699 1669 1668
f 1700 1684 1685
f 1669 1685 1686
f 1669 1686 1670
f 1699 1670 1669
f 1700 1685 1686
f 1670 1686 1687
f 1670 1687 1671
f 1699 1671 1670
f 1700 1686 1687
f 1671 1687 1688
f 1671 1688 1672
f 1699 1672 1671
f 1700 1687 1688
f 1672 1688 1689
f 1672 1689 1673
f 1699 1673 1672
f 1700 1688 1689
f 1673 1689 1690
f 1673 1690 1674
f 1699 1674 1673
f 1700 1689 1690
f 1674 1690 1691
f 1674 1691 1675
f 1699 1675 1674
f 1700 1690 1691
f 1675 1691 1692
f 1675 1692 1676
f 1699 1676 1675
f 1700 1691 1692
f 1676 1692 1693
f 1676 1693 1677
f 1699 1677 1676
f 1700 1692 1693
f 1677 1693 1694
f 1677 1694 1678
f 1699 1678 1677
f 1700 1693 1694
f 1678 1694 1695
f 1678 1695 1679
f 1699 1679 1678
f 1700 1694 1695
f 1679 1695 1696
f 1679 1696 1680
f 1699 1680 1679
f 1700 1695 1696
f 1680 1696 1697
f 1680 1697 1681
f 1699 1681 1680
f 1700 1696 1697
f 1681 1697 1698
f 1681 1698 1682
f 1699 1682 1681
f 1700 1697 1698
f 1682 1698 1683
f 1682 1683 1667
f 1699 1667 1682
f 1700 1698 1683
f 1701 1717 1718
f 1701 1718 1702
f 1733 1702 1701
f 1734 1717 1718
f 1702 1718 1719
f 1702 1719 1703
f 1733 1703 1702
f 1734 1718 1719
f 1703 1719 1720
f 1703 1720 1704
f 1733 1704 1703
f 1734 1719 1720
f 1704 1720 1721
f 1704 1721 1705
f 1733 1705 1704
f 1734 1720 1721
f 1705 1721 1722
f 1705 1722 1706
f 1733 1706 1705
f 1734 1721 1722
f 1706 1722 1723
f 1706 1723 1707
f 1733 1707 1706
f 1734 1722 1723
f 1707 1723 1724
f 1707 1724 1708
f 1733 1708 1707
f 1734 1723 1724
f 1708 1724 1725
f 1708 1725 1709
f 1733 1709 1708
f 1734 1724 1725
f 1709 1725 1726
f 1709 1726 1710
f 1733 1710 1709
f 1734 1725 1726
f 1710 1726 1727
f 1710 1727 1711
f 1733 1711 1710
f 1734 1726 1727
f 1711 1727 1728
f 1711 1728 1712
f 1733 1712 1711
f 1734 1727 1728
f 1712 1728 1729
f 1712 1729 1713
f 1733 1713 1712
f 1734 1728 1729
f 1713 1729 1730
f 1713 1730 1714
f 1733 1714 1713
f 1734 1729 1730
f 1714 1730 1731
f 1714 1731 1715
f 1733 1715 1714
f 1734 1730 1731
f 1715 1731 1732
f 1715 1732 1716
f 1733 1716 1715
f 1734 1731 1732
f 1716 1732 1717
f 1716 1717 1701
f 1733 1701 1716
f 1734 1732 1717
f 1735 1751 1752
f 1735 1752 1736
f 1767 1736 1735
f 1768 1751 1752
f 1736 1752 1753
f 1736 1753 1737
f 1767 1737 1736
f 1768 1752 1753
f 1737 1753 1754
f 1737 1754 1738
f 1767 1738 1737
f 1768 1753 1754
f 1738 1754 1755
f 1738 1755 1739
f 1767 1739 1738
f 1768 1754 1755
f 1739 1755 1756
f 1739 1756 1740
f 1767 1740 1739
f 1768 1755 1756
f 1740 1756 1757
f 1740 1757 1741
f 1767 1741 1740
f 1768 1756 1757
f 1741 1757 1758
f 1741 1758 1742
f 1767 1742 1741
f 1768 1757 1758
f 1742 1758 1759
f 1742 1759 1743
f 1767 1743 1742
f 1768 1758 1759
f 1743 1759 1760
f 1743 1760 1744
f 1767 1744 1743
f 1768 1759 1760
f 1744 1760 1761
f 1744 1761 1745
f 1767 1745 1744
f 1768 1760 1761
f 1745 1761 1762
f 1745 1762 1746
f 1767 1746 1745
f 1768 1761 1762
f 1746 1762 1763
f 1746 1763 1747
f 1767 1747 1746
f 1768 1762 1763
f 1747 1763 1764
f 1747 1764 1748
f 1767 1748 1747
f 1768 1763 1764
f 1748 1764 1765
f 1748 1765 1749
f 1767 1749 1748
f 1768 1764 1765
f 1749 1765 1766
f 1749 1766 1750
f 1767 1750 1749
f 1768 1765 1766
f 1750 1766 1751
f 1750 1751 1735
f 1767 1735 1750
f 1768 1766 1751
f 1769 1785 1786
f 1769 1786 1770
f 1801 1770 1769
f 1802 1785 1786
f 1770 1786 1787
f 1770 1787 1771
f 1801 1771 1770
f 1802 1786 1787
f 1771 1787 1788
f 1771 1788 1772
f 1801 1772 1771
f 1802 1787 1788
f 1772 1788 1789
f 1772 1789 1773
f 1801 1773 1772
f 1802 1788 1789
f 1773 1789 1790
f 1773 1790 1774
f 1801 1774 1773
f 1802 1789 1790
f 1774 1790 1791
f 1774 1791 1775
f 1801 1775 1774
f 1802 1790 1791
f 1775 1791 1792
f 1775 1792 1776
f 1801 1776 1775
f 1802 1791 1792
f 1776 1792 1793
f 1776 1793 1777
f 1801 1777 1776
f 1802 1792 1793
f 1777 1793 1794
f 1777 1794 1778
f 1801 1778 1777
f 1802 1793 1794
f 1778 1794 1795
f 1778 1795 1779
f 1801 1779 1778
f 1802 1794 1795
f 1779 1795 1796
f 1779 1796 1780
f 1801 1780 1779
f 1802 1795 1796
f 1780 1796 1797
f 1780 1797 1781
f 1801 1781 1780
f 1802 1796 1797
f 1781 1797 1798
f 1781 1798 1782
f 1801 1782 1781
f 1802 1797 1798
f 1782 1798 1799
f 1782 1799 1783
f 1801 1783 1782
f 1802 1798 1799
f 1783 1799 1800
f 1783 1800 1784
f 1801 1784 1783
f 1802 1799 1800
f 1784 1800 1785
f 1784 1785 1769
f 1801 1769 1784
f 1802 1800 1785
f 1803 1819 1820
f 1803 1820 1804
f 1835 1804 1803
f 1836 1819 1820
f 1804 1820 1821
f 1804 1821 1805
f 1835 1805 1804
f 1836 1820 1821
f 1805 1821 1822
f 1805 1822 1806
f 1835 1806 1805
f 1836 1821 1822
f 1806 1822 1823
f 1806 1823 1807
f 1835 1807 1806
f 1836 1822 1823
f 1807 1823 1824
f 1807 1824 1808
f 1835 1808 1807
f 1836 1823 1824
f 1808 1824 1825
f 1808 1825 1809
f 1835 1809 1808
f 1836 1824 1825
f 1809 1825 1826
f 1809 1826 1810
f 1835 1810 1809
f 1836 1825 1826
f 1810 1826 1827
f 1810 1827 1811
f 1835 1811 1810
f 1836 1826 1827
f 1811 1827 1828
f 1811 1828 1812
f 1835 1812 1811
f 1836 1827 1828
f 1812 1828 1829
f 1812 1829 1813
f 1835 1813 1812
f 1836 1828 1829
f 1813 1829 1830
f 1813 1830 1814
f 1835 1814 1813
f 1836 1829 1830
f 1814 1830 1831
f 1814 1831 1815
f 1835 1815 1814
f 1836 1830 1831
f 1815 1831 1832
f 1815 1832 1816
f 1835 1816 1815
f 1836 1831 1832
f 1816 1832 1833
f 1816 1833 1817
f 1835 1817 1816
f 1836 1832 1833
f 1817 1833 1834
f 1817 1834 1818
f 1835 1818 1817
f 1836 1833 1834
f 1818 1834 1819
f 1818 1819 1803
f 1835 1803 1818
f 1836 1834 1819
f 1837 1853 1854
f 1837 1854 1838
f 1869 1838 1837
f 1870 1853 1854
f 1838 1854 1855
f 1838 1855 1839
f 1869 1839 1838
f 1870 1854 1855
f 1839 1855 1856
f 1839 1856 1840
f 1869 1840 1839
f 1870 1855 1856
f 1840 1856 1857
f 1840 1857 1841
f 1869 1841 1840
f 1870 1856 1857
f 1841 1857 1858
f 1841 1858 1842
f 1869 1842 1841
f 1870 1857 1858
f 1842 1858 1859
f 1842 1859 1843
f 1869 1843 1842
f 1870 1858 1859
f 1843 1859 1860
f 1843 1860 1844
f 1869 1844 1843
f 1870 1859 1860
f 1844 1860 1861
f 1844 1861 1845
f 1869 1845 1844
f 1870 1860 1861
f 1845 1861 1862
f 1845 1862 1846
f 1869 1846 1845
f 1870 1861 1862
f 1846 1862 1863
f 1846 1863 1847
f 1869 1847 1846
f 1870 1862 1863
f 1847 1863 1864
f 1847 1864 1848
f 1869 1848 1847
f 1870 1863 1864
f 1848 1864 1865
f 1848 1865 1849
f 1869 1849 1848
f 1870 1864 1865
f 1849 1865 1866
f 1849 1866 1850
f 1869 1850 1849
f 1870 1865 1866
f 1850 1866 1867
f 1850 1867 1851
f 1869 1851 1850
f 1870 1866 1867
f 1851 1867 1868
f 1851 1868 1852
f 1869 1852 1851
f 1870 1867 1868
f 1852 1868 1853
f 1852 1853 1837
f 1869 1837 1852
f 1870 1868 1853
f 1871 1887 1888
f 1871 1888 1872
f 1903 1872 1871
f 1904 1887 1888
f 1872 1888 1889
f 1872 1889 1873
f 1903 1873 1872
f 1904 1888 1889
f 1873 1889 1890
f 1873 1890 1874
f 1903 1874 1873
f 1904 1889 1890
f 1874 1890 1891
f 1874 1891 1875
f 1903 1875 1874
f 1904 1890 1891
f 1875 1891 1892
f 1875 1892 1876
f 1903 1876 1875
f 1904 1891 1892
f 1876 1892 1893
f 1876 1893 1877
f 1903 1877 1876
f 1904 1892 1893
f 1877 1893 1894
f 1877 1894 1878
f 1903 1878 1877
f 1904 1893 1894
f 1878 1894 1895
f 1878 1895 1879
f 1903 1879 1878
f 1904 1894 1895
f 1879 1895 1896
f 1879 1896 1880
f 1903 1880 1879
f 1904 1895 1896
f 1880 1896 1897
f 1880 1897 1881
f 1903 1881 1880
f 1904 1896 1897
f 1881 1897 1898
f 1881 1898 1882
f 1903 1882 1881
f 1904 1897 1898
f 1882 1898 1899
f 1882 1899 1883
f 1903 1883 1882
f 1904 1898 1899
f 1883 1899 1900
f 1883 1900 1884
f 1903 1884 1883
f 1904 1899 1900
f 1884 1900 1901
f 1884 1901 1885
f 1903 1885 1884
f 1904 1900 1901
f 1885 1901 1902
f 1885 1902 1886
f 1903 1886 1885
f 1904 1901 1902
f 1886 1902 1887
f 1886 1887 1871
f 1903 1871 1886
f 1904 1902 1887
f 1905 1921 1922
f 1905 1922 1906
f 1937 1906 1905
f 1938 1921 1922
f 1906 1922 1923
f 1906 1923 1907
f 1937 1907 1906
f 1938 1922 1923
f 1907 1923 1924
f 1907 1924 1908
f 1937 1908 1907
f 1938 1923 1924
f 1908 1924 1925
f 1908 1925 1909
f 1937 1909 1908
f 1938 1924 1925
f 1909 1925 1926
f 1909 1926 1910
f 1937 1910 1909
f 1938 1925 1926
f 1910 1926 1927
f 1910 1927 1911
f 1937 1911 1910
f 1938 1926 1927
f 1911 1927 1928
f 1911 1928 1912
f 1937 1912 1911
f 1938 1927 1928
f 1912 1928 1929
f 1912 1929 1913
f 1937 1913 1912
f 1938 1928 1929
f 1913 1929 1930
f 1913 1930 1914
f 1937 1914 1913
f 1938 1929 1930
f 1914 1930 1931
f 1914 1931 1915
f 1937 1915 1914
f 1938 1930 1931
f 1915 1931 1932
f 1915 1932 1916
f 1937 1916 1915
f 1938 1931 1932
f 1916 1932 1933
f 1916 1933 1917
f 1937 1917 1916
f 1938 1932 1933
f 1917 1933 1934
f 1917 1934 1918
f 1937 1918 1917
f 1938 1933 1934
f 1918 1934 1935
f 1918 1935 1919
f 1937 1919 1918
f 1938 1934 1935
f 1919 1935 1936
f 1919 1936 1920
f 1937 1920 1919
f 1938 1935 1936
f 1920 1936 1921
f 1920 1921 1905
f 1937 1905 1920
f 1938 1936 1921
f 1939 1955 1956
f 1939 1956 1940
f 1971 1940 1939
f 1972 1955 1956
f 1940 1956 1957
f 1940 1957 1941
f 1971 1941 1940
f 1972 1956 1957
f 1941 1957 1958
f 1941 1958 1942
f 1971 1942 1941
f 1972 1957 1958
f 1942 1958 1959
f 1942 1959 1943
f 1971 1943 1942
f 1972 1958 1959
f 1943 1959 1960
f 1943 1960 1944
f 1971 1944 1943
f 1972 1959 1960
f 1944 1960 1961
f 1944 1961 1945
f 1971 1945 1944
f 1972 1960 1961
f 1945 1961 1962
f 1945 1962 1946
f 1971 1946 1945
f 1972 1961 1962
f 1946 1962 1963
f 1946 1963 1947
f 1971 1947 1946
f 1972 1962 1963
f 1947 1963 1964
f 1947 1964 1948
f 1971 1948 1947
f 1972 1963 1964
f 1948 1964 1965
f 1948 1965 1949
f 1971 1949 1948
f 1972 1964 1965
f 1949 1965 1966
f 1949 1966 1950
f 1971 1950 1949
f 1972 1965 1966
f 1950 1966 1967
f 1950 1967 1951
f 1971 1951 1950
f 1972 1966 1967
f 1951 1967 1968
f 1951 1968 1952
f 1971 1952 1951
f 1972 1967 1968
f 1952 1968 1969
f 1952 1969 1953
f 1971 1953 1952
f 1972 1968 1969
f 1953 1969 1970
f 1953 1970 1954
f 1971 1954 1953
f 1972 1969 1970
f 1954 1970 1955
f 1954 1955 1939
f 1971 1939 1954
f 1972 1970 1955
f 1973 1989 1990
f 1973 1990 1974
f 2005 1974 1973
f 2006 1989 1990
f 1974 1990 1991
f 1974 1991 1975
f 2005 1975 1974
f 2006 1990 1991
f 1975 1991 1992
f 1975 1992 1976
f 2005 1976 1975
f 2006 1991 1992
f 1976 1992 1993
f 1976 1993 1977
f 2005 1977 1976
f 2006 1992 1993
f 1977 1993 1994
f 1977 1994 1978
f 2005 1978 1977
f 2006 1993 1994
f 1978 1994 1995
f 1978 1995 1979
f 2005 1979 1978
f 2006 1994 1995
f 1979 1995 1996
f 1979 1996 1980
f 2005 1980 1979
f 2006 1995 1996
f 1980 1996 1997
f 1980 1997 1981
f 2005 1981 1980
f 2006 1996 1997
f 1981 1997 1998
f 1981 1998 1982
f 2005 1982 1981
f 2006 1997 1998
f 1982 1998 1999
f 1982 1999 1983
f 2005 1983 1982
f 2006 1998 1999
f 1983 1999 2000
f 1983 2000 1984
f 2005 1984 1983
f 2006 1999 2000
f 1984 2000 2001
f 1984 2001 1985
f 2005 1985 1984
f 2006 2000 2001
f 1985 2001 2002
f 1985 2002 1986
f 2005 1986 1985
f 2006 2001 2002
f 1986 2002 2003
f 1986 2003 1987
f 2005 1987 1986
f 2006 2002 2003
f 1987 2003 2004
f 1987 2004 1988
f 2005 1988 1987
f 2006 2003 2004
f 1988 2004 1989
f 1988 1989 1973
f 2005 1973 1988
f 2006 2004 1989
f 2007 2023 2024
f 2007 2024 2008
f 2039 2008 2007
f 2040 2023 2024
f 2008 2024 2025
f 2008 2025 2009
f 2039 2009 2008
f 2040 2024 2025
f 2009 2025 2026
f 2009 2026 2010
f 2039 2010 2009
f 2040 2025 2026
f 2010 2026 2027
f 2010 2027 2011
f 2039 2011 2010
f 2040 2026 2027
f 2011 2027 2028
f 2011 2028 2012
f 2039 2012 2011
f 2040 2027 2028
f 2012 2028 2029
f 2012 2029 2013
f 2039 2013 2012
f 2040 2028 2029
f 2013 2029 2030
f 2013 2030 2014
f 2039 2014 2013
f 2040 2029 2030
f 2014 2030 2031
f 2014 2031 2015
f 2039 2015 2014
f 2040 2030 2031
f 2015 2031 2032
f 2015 2032 2016
f 2039 2016 2015
f 2040 2031 2032
f 2016 2032 2033
f 2016 2033 2017
f 2039 2017 2016
f 2040 2032 2033
f 2017 2033 2034
f 2017 2034 2018
f 2039 2018 2017
f 2040 2033 2034
f 2018 2034 2035
f 2018 2035 2019
f 2039 2019 2018
f 2040 2034 2035
f 2019 2035 2036
f 2019 2036 2020
f 2039 2020 2019
f 2040 2035 2036
f 2020 2036 2037
f 2020 2037 2021
f 2039 2021 2020
f 2040 2036 2037
f 2021 2037 2038
f 2021 2038 2022
f 2039 2022 2021
f 2040 2037 2038
f 2022 2038 2023
f 2022 2023 2007
f 2039 2007 2022
f 2040 2038 2023
f 2041 2057 2058
f 2041 2058 2042
f 2073 2042 2041
f 2074 2057 2058
f 2042 2058 2059
f 2042 2059 2043
f 2073 2043 2042
f 2074 2058 2059
f 2043 2059 2060
f 2043 2060 2044
f 2073 2044 2043
f 2074 2059 2060
f 2044 2060 2061
f 2044 2061 2045
f 2073 2045 2044
f 2074 2060 2061
f 2045 2061 2062
f 2045 2062 2046
f 2073 2046 2045
f 2074 2061 2062
f 2046 2062 2063
f 2046 2063 2047
f 2073 2047 2046
f 2074 2062 2063
f 2047 2063 2064
f 2047 2064 2048
f 2073 2048 2047
f 2074 2063 2064
f 2048 2064 2065
f 2048 2065 2049
f 2073 2049 2048
f 2074 2064 2065
f 2049 2065 2066
f 2049 2066 2050
f 2073 2050 2049
f 2074 2065 2066
f 2050 2066 2067
f 2050 2067 2051
f 2073 2051 2050
f 2074 2066 2067
f 2051 2067 2068
f 2051 2068 2052
f 2073 2052 2051
f 2074 2067 2068
f 2052 2068 2069
f 2052 2069 2053
f 2073 2053 2052
f 2074 2068 2069
f 2053 2069 2070
f 2053 2070 2054
f 2073 2054 2053
f 2074 2069 2070
f 2054 2070 2071
f 2054 2071 2055
f 2073 2055 2054
f 2074 2070 2071
f 2055 2071 2072
f 2055 2072 2056
f 2073 2056 2055
f 2074 2071 2072
f 2056 2072 2057
f 2056 2057 2041
f 2073 2041 2056
f 2074 2072 2057
f 2075 2091 2092
f 2075 2092 2076
f 2107 2076 2075
f 2108 2091 2092
f 2076 2092 2093
f 2076 2093 2077
f 2107 2077 2076
f 2108 2092 2093
f 2077 2093 2094
f 2077 2094 2078
f 2107 2078 2077
f 2108 2093 2094
f 2078 2094 2095
f 2078 2095 2079
f 2107 2079 2078
f 2108 2094 2095
f 2079 2095 2096
f 2079 2096 2080
f 2107 2080 2079
f 2108 2095 2096
f 2080 2096 2097
f 2080 2097 2081
f 2107 2081 2080
f 2108 2096 2097
f 2081 2097 2098
f 2081 2098 2082
f 2107 2082 2081
f 2108 2097 2098
f 2082 2098 2099
f 2082 2099 2083
f 2107 2083 2082
f 2108 2098 2099
f 2083 2099 2100
f 2083 2100 2084
f 2107 2084 2083
f 2108 2099 2100
f 2084 2100 2101
f 2084 2101 2085
f 2107 2085 2084
f 2108 2100 2101
f 2085 2101 2102
f 2085 2102 2086
f 2107 2086 2085
f 2108 2101 2102
f 2086 2102 2103
f 2086 2103 2087
f 2107 2087 2086
f 2108 2102 2103
f 2087 2103 2104
f 2087 2104 2088
f 2107 2088 2087
f 2108 2103 2104
f 2088 2104 2105
f 2088 2105 2089
f 2107 2089 2088
f 2108 2104 2105
f 2089 2105 2106
f 2089 2106 2090
f 2107 2090 2089
f 2108 2105 2106
f 2090 2106 2091
f 2090 2091 2075
f 2107 2075 2090
f 2108 2106 2091
f 2109 2125 2126
f 2109 2126 2110
f 2141 2110 2109
f 2142 2125 2126
f 2110 2126 2127
f 2110 2127 2111
f 2141 2111 2110
f 2142 2126 2127
f 2111 2127 2128
f 2111 2128 2112
f 2141 2112 2111
f 2142 2127 2128
f 2112 2128 2129
f 2112 2129 2113
f 2141 2113 2112
f 2142 2128 2129
f 2113 2129 2130
f 2113 2130 2114
f 2141 2114 2113
f 2142 2129 2130
f 2114 2130 2131
f 2114 2131 2115
f 2141 2115 2114
f 2142 2130 2131
f 2115 2131 2132
f 2115 2132 2116
f 2141 2116 2115
f 2142 2131 2132
f 2116 2132 2133
f 2116 2133 2117
f 2141 2117 2116
f 2142 2132 2133
f 2117 2133 2134
f 2117 2134 2118
f 2141 2118 2117
f 2142 2133 2134
f 2118 2134 2135
f 2118 2135 2119
f 2141 2119 2118
f 2142 2134 2135
f 2119 2135 2136
f 2119 2136 2120
f 2141 2120 2119
f 2142 2135 2136
f 2120 2136 2137
f 2120 2137 2121
f 2141 2121 2120
f 2142 2136 2137
f 2121 2137 2138
f 2121 2138 2122
f 2141 2122 2121
f 2142 2137 2138
f 2122 2138 2139
f 2122 2139 2123
f 2141 2123 2122
f 2142 2138 2139
f 2123 2139 2140
f 2123 2140 2124
f 2141 2124 2123
f 2142 2139 2140
f 2124 2140 2125
f 2124 2125 2109
f 2141 2109 2124
f 2142 2140 2125
f 2143 2159 2160
f 2143 2160 2144
f 2175 2144 2143
f 2176 2159 2160
f 2144 2160 2161
f 2144 2161 2145
f 2175 2145 2144
f 2176 2160 2161
f 2145 2161 2162
f 2145 2162 2146
f 2175 2146 2145
f 2176 2161 2162
f 2146 2162 2163
f 2146 2163 2147
f 2175 2147 2146
f 2176 2162 2163
f 2147 2163 2164
f 2147 2164 2148
f 2175 2148 2147
f 2176 2163 2164
f 2148 2164 2165
f 2148 2165 2149
f 2175 2149 2148
f 2176 2164 2165
f 2149 2165 2166
f 2149 2166 2150
f 2175 2150 2149
f 2176 2165 2166
f 2150 2166 2167
f 2150 2167 2151
f 2175 2151 2150
f 2176 2166 2167
f 2151 2167 2168
f 2151 2168 2152
f 2175 2152 2151
f 2176 2167 2168
f 2152 2168 2169
f 2152 2169 2153
f 2175 2153 2152
f 2176 2168 2169
f 2153 2169 2170
f 2153 2170 2154
f 2175 2154 2153
f 2176 2169 2170
f 2154 2170 2171
f 2154 2171 2155
f 2175 2155 2154
f 2176 2170 2171
f 2155 2171 2172
f 2155 2172 2156
f 2175 2156 2155
f 2176 2171 2172
f 2156 2172 2173
f 2156 2173 2157
f 2175 2157 2156
f 2176 2172 2173
f 2157 2173 2174
f 2157 2174 2158
f 2175 2158 2157
f 2176 2173 2174
f 2158 2174 2159
f 2158 2159 2143
f 2175 2143 2158
f 2176 2174 2159
f 2177 2193 2194
f 2177 2194 2178
f 2209 2178 2177
f 2210 2193 2194
f 2178 2194 2195
f 2178 2195 2179
f 2209 2179 2178
f 2210 2194 2195
f 2179 2195 2196
f 2179 2196 2180
f 2209 2180 2179
f 2210 2195 2196
f 2180 2196 2197
f 2180 2197 2181
f 2209 2181 2180
f 2210 2196 2197
f 2181 2197 2198
f 2181 2198 2182
f 2209 2182 2181
f 2210 2197 2198
f 2182 2198 2199
f 2182 2199 2183
f 2209 2183 2182
f 2210 2198 2199
f 2183 2199 2200
f 2183 2200 2184
f 2209 2184 2183
f 2210 2199 2200
f 2184 2200 2201
f 2184 2201 2185
f 2209 2185 2184
f 2210 2200 2201
f 2185 2201 2202
f 2185 2202 2186
f 2209 2186 2185
f 2210 2201 2202
f 2186 2202 2203
f 2186 2203 2187
f 2209 2187 2186
f 2210 2202 2203
f 2187 2203 2204
f 2187 2204 2188
f 2209 2188 2187
f 2210 2203 2204
f 2188 2204 2205
f 2188 2205 2189
f 2209 2189 2188
f 2210 2204 2205
f 2189 2205 2206
f 2189 2206 2190
f 2209 2190 2189
f 2210 2205 2206
f 2190 2206 2207
f 2190 2207 2191
f 2209 2191 2190
f 2210 2206 2207
f 2191 2207 2208
f 2191 2208 2192
f 2209 2192 2191
f 2210 2207 2208
f 2192 2208 2193
f 2192 2193 2177
f 2209 2177 2192
f 2210 2208 2193
f 2211 2227 2228
f 2211 2228 2212
f 2243 2212 2211
f 2244 2227 2228
f 2212 2228 2229
f 2212 2229 2213
f 2243 2213 2212
f 2244 2228 2229
f 2213 2229 2230
f 2213 2230 2214
f 2243 2214 2213
f 2244 2229 2230
f 2214 2230 2231
f 2214 2231 2215
f 2243 2215 2214
f 2244 2230 2231
f 2215 2231 2232
f 2215 2232 2216
f 2243 2216 2215
f 2244 2231 2232
f 2216 2232 2233
f 2216 2233 2217
f 2243 2217 2216
f 2244 2232 2233
f 2217 2233 2234
f 2217 2234 2218
f 2243 2218 2217
f 2244 2233 2234
f 2218 2234 2235
f 2218 2235 2219
f 2243 2219 2218
f 2244 2234 2235
f 2219 2235 2236
f 2219 2236 2220
f 2243 2220 2219
f 2244 2235 2236
f 2220 2236 2237
f 2220 2237 2221
f 2243 2221 2220
f 2244 2236 2237
f 2221 2237 2238
f 2221 2238 2222
f 2243 2222 2221
f 2244 2237 2238
f 2222 2238 2239
f 2222 2239 2223
f 2243 2223 2222
f 2244 2238 2239
f 2223 2239 2240
f 2223 2240 2224
f 2243 2224 2223
f 2244 2239 2240
f 2224 2240 2241
f 2224 2241 2225
f 2243 2225 2224
f 2244 2240 2241
f 2225 2241 2242
f 2225 2242 2226
f 2243 2226 2225
f 2244 2241 2242
f 2226 2242 2227
f 2226 2227 2211
f 2243 2211 2226
f 2244 2242 2227
f 2245 2261 2262
f 2245 2262 2246
f 2277 2246 2245
f 2278 2261 2262
f 2246 2262 2263
f 2246 2263 2247
f 2277 2247 2246
f 2278 2262 2263
f 2247 2263 2264
f 2247 2264 2248
f 2277 2248 2247
f 2278 2263 2264
f 2248 2264 2265
f 2248 2265 2249
f 2277 2249 2248
f 2278 2264 2265
f 2249 2265 2266
f 2249 2266 2250
f 2277 2250 2249
f 2278 2265 2266
f 2250 2266 2267
f 2250 2267 2251
f 2277 2251 2250
f 2278 2266 2267
f 2251 2267 2268
f 2251 2268 2252
f 2277 2252 2251
f 2278 2267 2268
f 2252 2268 2269
f 2252 2269 2253
f 2277 2253 2252
f 2278 2268 2269
f 2253 2269 2270
f 2253 2270 2254
f 2277 2254 2253
f 2278 2269 2270
f 2254 2270 2271
f 2254 2271 2255
f 2277 2255 2254
f 2278 2270 2271
f 2255 2271 2272
f 2255 2272 2256
f 2277 2256 2255
f 2278 2271 2272
f 2256 2272 2273
f 2256 2273 2257
f 2277 2257 2256
f 2278 2272 2273
f 2257 2273 2274
f 2257 2274 2258
f 2277 2258 2257
f 2278 2273 2274
f 2258 2274 2275
f 2258 2275 2259
f 2277 2259 2258
f 2278 2274 2275
f 2259 2275 2276
f 2259 2276 2260
f 2277 2260 2259
f 2278 2275 2276
f 2260 2276 2261
f 2260 2261 2245
f 2277 2245 2260
f 2278 2276 2261
f 2279 2295 2296
f 2279 2296 2280
f 2311 2280 2279
f 2312 2295 2296
f 2280 2296 2297
f 2280 2297 2281
f 2311 2281 2280
f 2312 2296 2297
f 2281 2297 2298
f 2281 2298 2282
f 2311 2282 2281
f 2312 2297 2298
f 2282 2298 2299
f 2282 2299 2283
f 2311 2283 2282
f 2312 2298 2299
f 2283 2299 2300
f 2283 2300 2284
f 2311 2284 2283
f 2312 2299 2300
f 2284 2300 2301
f 2284 2301 2285
f 2311 2285 2284
f 2312 2300 2301
f 2285 2301 2302
f 2285 2302 2286
f 2311 2286 2285
f 2312 2301 2302
f 2286 2302 2303
f 2286 2303 2287
f 2311 2287 2286
f 2312 2302 2303
f 2287 2303 2304
f 2287 2304 2288
f 2311 2288 2287
f 2312 2303 2304
f 2288 2304 2305
f 2288 2305 2289
f 2311 2289 2288
f 2312 2304 2305
f 2289 2305 2306
f 2289 2306 2290
f 2311 2290 2289
f 2312 2305 2306
f 2290 2306 2307
f 2290 2307 2291
f 2311 2291 2290
f 2312 2306 2307
f 2291 2307 2308
f 2291 2308 2292
f 2311 2292 2291
f 2312 2307 2308
f 2292 2308 2309
f 2292 2309 2293
f 2311 2293 2292
f 2312 2308 2309
f 2293 2309 2310
f 2293 2310 2294
f 2311 2294 2293
f 2312 2309 2310
f 2294 2310 2295
f 2294 2295 2279
f 2311 2279 2294
f 2312 2310 2295
f 2313 2329 2330
f 2313 2330 2314
f 2345 2314 2313
f 2346 2329 2330
f 2314 2330 2331
f 2314 2331 2315
f 2345 2315 2314
f 2346 2330 2331
f 2315 2331 2332
f 2315 2332 2316
f 2345 2316 2315
f 2346 2331 2332
f 2316 2332 2333
f 2316 2333 2317
f 2345 2317 2316
f 2346 2332 2333
f 2317 2333 2334
f 2317 2334 2318
f 2345 2318 2317
f 2346 2333 2334
f 2318 2334 2335
f 2318 2335 2319
f 2345 2319 2318
f 2346 2334 2335
f 2319 2335 2336
f 2319 2336 2320
f 2345 2320 2319
f 2346 2335 2336
f 2320 2336 2337
f 2320 2337 2321
f 2345 2321 2320
f 2346 2336 2337
f 2321 2337 2338
f 2321 2338 2322
f 2345 2322 2321
f 2346 2337 2338
f 2322 2338 2339
f 2322 2339 2323
f 2345 2323 2322
f 2346 2338 2339
f 2323 2339 2340
f 2323 2340 2324
f 2345 2324 2323
f 2346 2339 2340
f 2324 2340 2341
f 2324 2341 2325
f 2345 2325 2324
f 2346 2340 2341
f 2325 2341 2342
f 2325 2342 2326
f 2345 2326 2325
f 2346 2341 2342
f 2326 2342 2343
f 2326 2343 2327
f 2345 2327 2326
f 2346 2342 2343
f 2327 2343 2344
f 2327 2344 2328
f 2345 2328 2327
f 2346 2343 2344
f 2328 2344 2329
f 2328 2329 2313
f 2345 2313 2328
f 2346 2344 2329
f 2347 2363 2364
f 2347 2364 2348
f 2379 2348 2347
f 2380 2363 2364
f 2348 2364 2365
f 2348 2365 2349
f 2379 2349 2348
f 2380 2364 2365
f 2349 2365 2366
f 2349 2366 2350
f 2379 2350 2349
f 2380 2365 2366
f 2350 2366 2367
f 2350 2367 2351
f 2379 2351 2350
f 2380 2366 2367
f 2351 2367 2368
f 2351 2368 2352
f 2379 2352 2351
f 2380 2367 2368
f 2352 2368 2369
f 2352 2369 2353
f 2379 2353 2352
f 2380 2368 2369
f 2353 2369 2370
f 2353 2370 2354
f 2379 2354 2353
f 2380 2369 2370
f 2354 2370 2371
f 2354 2371 2355
f 2379 2355 2354
f 2380 2370 2371
f 2355 2371 2372
f 2355 2372 2356
f 2379 2356 2355
f 2380 2371 2372
f 2356 2372 2373
f 2356 2373 2357
f 2379 2357 2356
f 2380 2372 2373
f 2357 2373 2374
f 2357 2374 2358
f 2379 2358 2357
f 2380 2373 2374
f 2358 2374 2375
f 2358 2375 2359
f 2379 2359 2358
f 2380 2374 2375
f 2359 2375 2376
f 2359 2376 2360
f 2379 2360 2359
f 2380 2375 2376
f 2360 2376 2377
f 2360 2377 2361
f 2379 2361 2360
f 2380 2376 2377
f 2361 2377 2378
f 2361 2378 2362
f 2379 2362 2361
f 2380 2377 2378
f 2362 2378 2363
f 2362 2363 2347
f 2379 2347 2362
f 2380 2378 2363
f 2381 2397 2398
f 2381 2398 2382
f 2413 2382 2381
f 2414 2397 2398
f 2382 2398 2399
f 2382 2399 2383
f 2413 2383 2382
f 2414 2398 2399
f 2383 2399 2400
f 2383 2400 2384
f 2413 2384 2383
f 2414 2399 2400
f 2384 2400 2401
f 2384 2401 2385
f 2413 2385 2384
f 2414 2400 2401
f 2385 2401 2402
f 2385 2402 2386
f 2413 2386 2385
f 2414 2401 2402
f 2386 2402 2403
f 2386 2403 2387
f 2413 2387 2386
f 2414 2402 2403
f 2387 2403 2404
f 2387 2404 2388
f 2413 2388 2387
f 2414 2403 2404
f 2388 2404 2405
f 2388 2405 2389
f 2413 2389 2388
f 2414 2404 2405
f 2389 2405 2406
f 2389 2406 2390
f 2413 2390 2389
f 2414 2405 2406
f 2390 2406 2407
f 2390 2407 2391
f 2413 2391 2390
f 2414 2406 2407
f 2391 2407 2408
f 2391 2408 2392
f 2413 2392 2391
f 2414 2407 2408
f 2392 2408 2409
f 2392 2409 2393
f 2413 2393 2392
f 2414 2408 2409
f 2393 2409 2410
f 2393 2410 2394
f 2413 2394 2393
f 2414 2409 2410
f 2394 2410 2411
f 2394 2411 2395
f 2413 2395 2394
f 2414 2410 2411
f 2395 2411 2412
f 2395 2412 2396
f 2413 2396 2395
f 2414 2411 2412
f 2396 2412 2397
f 2396 2397 2381
f 2413 2381 2396
f 2414 2412 2397
f 2415 2431 2432
f 2415 2432 2416
f 2447 2416 2415
f 2448 2431 2432
f 2416 2432 2433
f 2416 2433 2417
f 2447 2417 2416
f 2448 2432 2433
f 2417 2433 2434
f 2417 2434 2418
f 2447 2418 2417
f 2448 2433 2434
f 2418 2434 2435
f 2418 2435 2419
f 2447 2419 2418
f 2448 2434 2435
f 2419 2435 2436
f 2419 2436 2420
f 2447 2420 2419
f 2448 2435 2436
f 2420 2436 2437
f 2420 2437 2421
f 2447 2421 2420
f 2448 2436 2437
f 2421 2437 2438
f 2421 2438 2422
f 2447 2422 2421
f 2448 2437 2438
f 2422 2438 2439
f 2422 2439 2423
f 2447 2423 2422
f 2448 2438 2439
f 2423 2439 2440
f 2423 2440 2424
f 2447 2424 2423
f 2448 2439 2440
f 2424 2440 2441
f 2424 2441 2425
f 2447 2425 2424
f 2448 2440 2441
f 2425 2441 2442
f 2425 2442 2426
f 2447 2426 2425
f 2448 2441 2442
f 2426 2442 2443
f 2426 2443 2427
f 2447 2427 2426
f 2448 2442 2443
f 2427 2443 2444
f 2427 2444 2428
f 2447 2428 2427
f 2448 2443 2444
f 2428 2444 2445
f 2428 2445 2429
f 2447 2429 2428
f 2448 2444 2445
f 2429 2445 2446
f 2429 2446 2430
f 2447 2430 2429
f 2448 2445 2446
f 2430 2446 2431
f 2430 2431 2415
f 2447 2415 2430
f 2448 2446 2431
f 2449 2465 2466
f 2449 2466 2450
f 2481 2450 2449
f 2482 2465 2466
f 2450 2466 2467
f 2450 2467 2451
f 2481 2451 2450
f 2482 2466 2467
f 2451 2467 2468
f 2451 2468 2452
f 2481 2452 2451
f 2482 2467 2468
f 2452 2468 2469
f 2452 2469 2453
f 2481 2453 2452
f 2482 2468 2469
f 2453 2469 2470
f 2453 2470 2454
f 2481 2454 2453
f 2482 2469 2470
f 2454 2470 2471
f 2454 2471 2455
f 2481 2455 2454
f 2482 2470 2471
f 2455 2471 2472
f 2455 2472 2456
f 2481 2456 2455
f 2482 2471 2472
f 2456 2472 2473
f 2456 2473 2457
f 2481 2457 2456
f 2482 2472 2473
f 2457 2473 2474
f 2457 2474 2458
f 2481 2458 2457
f 2482 2473 2474
f 2458 2474 2475
f 2458 2475 2459
f 2481 2459 2458
f 2482 2474 2475
f 2459 2475 2476
f 2459 2476 2460
f 2481 2460 2459
f 2482 2475 2476
f 2460 2476 2477
f 2460 2477 2461
f 2481 2461 2460
f 2482 2476 2477
f 2461 2477 2478
f 2461 2478 2462
f 2481 2462 2461
f 2482 2477 2478
f 2462 2478 2479
f 2462 2479 2463
f 2481 2463 2462
f 2482 2478 2479
f 2463 2479 2480
f 2463 2480 2464
f 2481 2464 2463
f 2482 2479 2480
f 2464 2480 2465
f 2464 2465 2449
f 2481 2449 2464
f 2482 2480 2465
f 2483 2499 2500
f 2483 2500 2484
f 2515 2484 2483
f 2516 2499 2500
f 2484 2500 2501
f 2484 2501 2485
f 2515 2485 2484
f 2516 2500 2501
f 2485 2501 2502
f 2485 2502 2486
f 2515 2486 2485
f 2516 2501 2502
f 2486 2502 2503
f 2486 2503 2487
f 2515 2487 2486
f 2516 2502 2503
f 2487 2503 2504
f 2487 2504 2488
f 2515 2488 2487
f 2516 2503 2504
f 2488 2504 2505
f 2488 2505 2489
f 2515 2489 2488
f 2516 2504 2505
f 2489 2505 2506
f 2489 2506 2490
f 2515 2490 2489
f 2516 2505 2506
f 2490 2506 2507
f 2490 2507 2491
f 2515 2491 2490
f 2516 2506 2507
f 2491 2507 2508
f 2491 2508 2492
f 2515 2492 2491
f 2516 2507 2508
f 2492 2508 2509
f 2492 2509 2493
f 2515 2493 2492
f 2516 2508 2509
f 2493 2509 2510
f 2493 2510 2494
f 2515 2494 2493
f 2516 2509 2510
f 2494 2510 2511
f 2494 2511 2495
f 2515 2495 2494
f 2516 2510 2511
f 2495 2511 2512
f 2495 2512 2496
f 2515 2496 2495
f 2516 2511 2512
f 2496 2512 2513
f 2496 2513 2497
f 2515 2497 2496
f 2516 2512 2513
f 2497 2513 2514
f 2497 2514 2498
f 2515 2498 2497
f 2516 2513 2514
f 2498 2514 2499
f 2498 2499 2483
f 2515 2483 2498
f 2516 2514 2499
f 2517 2533 2534
f 2517 2534 2518
f 2549 2518 2517
f 2550 2533 2534
f 2518 2534 2535
f 2518 2535 2519
f 2549 2519 2518
f 2550 2534 2535
f 2519 2535 2536
f 2519 2536 2520
f 2549 2520 2519
f 2550 2535 2536
f 2520 2536 2537
f 2520 2537 2521
f 2549 2521 2520
f 2550 2536 2537
f 2521 2537 2538
f 2521 2538 2522
f 2549 2522 2521
f 2550 2537 2538
f 2522 2538 2539
f 2522 2539 2523
f 2549 2523 2522
f 2550 2538 2539
f 2523 2539 2540
f 2523 2540 2524
f 2549 2524 2523
f 2550 2539 2540
f 2524 2540 2541
f 2524 2541 2525
f 2549 2525 2524
f 2550 2540 2541
f 2525 2541 2542
f 2525 2542 2526
f 2549 2526 2525
f 2550 2541 2542
f 2526 2542 2543
f 2526 2543 2527
f 2549 2527 2526
f 2550 2542 2543
f 2527 2543 2544
f 2527 2544 2528
f 2549 2528 2527
f 2550 2543 2544
f 2528 2544 2545
f 2528 2545 2529
f 2549 2529 2528
f 2550 2544 2545
f 2529 2545 2546
f 2529 2546 2530
f 2549 2530 2529
f 2550 2545 2546
f 2530 2546 2547
f 2530 2547 2531
f 2549 2531 2530
f 2550 2546 2547
f 2531 2547 2548
f 2531 2548 2532
f 2549 2532 2531
f 2550 2547 2548
f 2532 2548 2533
f 2532 2533 2517
f 2549 2517 2532
f 2550 2548 2533
f 2551 2567 2568
f 2551 2568 2552
f 2583 2552 2551
f 2584 2567 2568
f 2552 2568 2569
f 2552 2569 2553
f 2583 2553 2552
f 2584 2568 2569
f 2553 2569 2570
f 2553 2570 2554
f 2583 2554 2553
f 2584 2569 2570
f 2554 2570 2571
f 2554 2571 2555
f 2583 2555 2554
f 2584 2570 2571
f 2555 2571 2572
f 2555 2572 2556
f 2583 2556 2555
f 2584 2571 2572
f 2556 2572 2573
f 2556 2573 2557
f 2583 2557 2556
f 2584 2572 2573
f 2557 2573 2574
f 2557 2574 2558
f 2583 2558 2557
f 2584 2573 2574
f 2558 2574 2575
f 2558 2575 2559
f 2583 2559 2558
f 2584 2574 2575
f 2559 2575 2576
f 2559 2576 2560
f 2583 2560 2559
f 2584 2575 2576
f 2560 2576 2577
f 2560 2577 2561
f 2583 2561 2560
f 2584 2576 2577
f 2561 2577 2578
f 2561 2578 2562
f 2583 2562 2561
f 2584 2577 2578
f 2562 2578 2579
f 2562 2579 2563
f 2583 2563 2562
f 2584 2578 2579
f 2563 2579 2580
f 2563 2580 2564
f 2583 2564 2563
f 2584 2579 2580
f 2564 2580 2581
f 2564 2581 2565
f 2583 2565 2564
f 2584 2580 2581
f 2565 2581 2582
f 2565 2582 2566
f 2583 2566 2565
f 2584 2581 2582
f 2566 2582 2567
f 2566 2567 2551
f 2583 2551 2566
f 2584 2582 2567
f 2585 2601 2602
f 2585 2602 2586
f 2617 2586 2585
f 2618 2601 2602
f 2586 2602 2603
f 2586 2603 2587
f 2617 2587 2586
f 2618 2602 2603
f 2587 2603 2604
f 2587 2604 2588
f 2617 2588 2587
f 2618 2603 2604
f 2588 2604 2605
f 2588 2605 2589
f 2617 2589 2588
f 2618 2604 2605
f 2589 2605 2606
f 2589 2606 2590
f 2617 2590 2589
f 2618 2605 2606
f 2590 2606 2607
f 2590 2607 2591
f 2617 2591 2590
f 2618 2606 2607
f 2591 2607 2608
f 2591 2608 2592
f 2617 2592 2591
f 2618 2607 2608
f 2592 2608 2609
f 2592 2609 2593
f 2617 2593 2592
f 2618 2608 2609
f 2593 2609 2610
f 2593 2610 2594
f 2617 2594 2593
f 2618 2609 2610
f 2594 2610 2611
f 2594 2611 2595
f 2617 2595 2594
f 2618 2610 2611
f 2595 2611 2612
f 2595 2612 2596
f 2617 2596 2595
f 2618 2611 2612
f 2596 2612 2613
f 2596 2613 2597
f 2617 2597 2596
f 2618 2612 2613
f 2597 2613 2614
f 2597 2614 2598
f 2617 2598 2597
f 2618 2613 2614
f 2598 2614 2615
f 2598 2615 2599
f 2617 2599 2598
f 2618 2614 2615
f 2599 2615 2616
f 2599 2616 2600
f 2617 2600 2599
f 2618 2615 2616
f 2600 2616 2601
f 2600 2601 2585
f 2617 2585 2600
f 2618 2616 2601
f 2619 2635 2636
f 2619 2636 2620
f 2651 2620 2619
f 2652 2635 2636
f 2620 2636 2637
f 2620 2637 2621
f 2651 2621 2620
f 2652 2636 2637
f 2621 2637 2638
f 2621 2638 2622
f 2651 2622 2621
f 2652 2637 2638
f 2622 2638 2639
f 2622 2639 2623
f 2651 2623 2622
f 2652 2638 2639
f 2623 2639 2640
f 2623 2640 2624
f 2651 2624 2623
f 2652 2639 2640
f 2624 2640 2641
f 2624 2641 2625
f 2651 2625 2624
f 2652 2640 2641
f 2625 2641 2642
f 2625 2642 2626
f 2651 2626 2625
f 2652 2641 2642
f 2626 2642 2643
f 2626 2643 2627
f 2651 2627 2626
f 2652 2642 2643
f 2627 2643 2644
f 2627 2644 2628
f 2651 2628 2627
f 2652 2643 2644
f 2628 2644 2645
f 2628 2645 2629
f 2651 2629 2628
f 2652 2644 2645
f 2629 2645 2646
f 2629 2646 2630
f 2651 2630 2629
f 2652 2645 2646
f 2630 2646 2647
f 2630 2647 2631
f 2651 2631 2630
f 2652 2646 2647
f 2631 2647 2648
f 2631 2648 2632
f 2651 2632 2631
f 2652 2647 2648
f 2632 2648 2649
f 2632 2649 2633
f 2651 2633 2632
f 2652 2648 2649
f 2633 2649 2650
f 2633 2650 2634
f 2651 2634 2633
f 2652 2649 2650
f 2634 2650 2635
f 2634 2635 2619
f 2651 2619 2634
f 2652 2650 2635
f 2653 2669 2670
f 2653 2670 2654
f 2685 2654 2653
f 2686 2669 2670
f 2654 2670 2671
f 2654 2671 2655
f 2685 2655 2654
f 2686 2670 2671
f 2655 2671 2672
f 2655 2672 2656
f 2685 2656 2655
f 2686 2671 2672
f 2656 2672 2673
f 2656 2673 2657
f 2685 2657 2656
f 2686 2672 2673
f 2657 2673 2674
f 2657 2674 2658
f 2685 2658 2657
f 2686 2673 2674
f 2658 2674 2675
f 2658 2675 2659
f 2685 2659 2658
f 2686 2674 2675
f 2659 2675 2676
f 2659 2676 2660
f 2685 2660 2659
f 2686 2675 2676
f 2660 2676 2677
f 2660 2677 2661
f 2685 2661 2660
f 2686 2676 2677
f 2661 2677 2678
f 2661 2678 2662
f 2685 2662 2661
f 2686 2677 2678
f 2662 2678 2679
f 2662 2679 2663
f 2685 2663 2662
f 2686 2678 2679
f 2663 2679 2680
f 2663 2680 2664
f 2685 2664 2663
f 2686 2679 2680
f 2664 2680 2681
f 2664 2681 2665
f 2685 2665 2664
f 2686 2680 2681
f 2665 2681 2682
f 2665 2682 2666
f 2685 2666 2665
f 2686 2681 2682
f 2666 2682 2683
f 2666 2683 2667
f 2685 2667 2666
f 2686 2682 2683
f 2667 2683 2684
f 2667 2684 2668
f 2685 2668 2667
f 2686 2683 2684
f 2668 2684 2669
f 2668 2669 2653
f 2685 2653 2668
f 2686 2684 2669
f 2687 2703 2704
f 2687 2704 2688
f 2719 2688 2687
f 2720 2703 2704
f 2688 2704 2705
f 2688 2705 2689
f 2719 2689 2688
f 2720 2704 2705
f 2689 2705 2706
f 2689 2706 2690
f 2719 2690 2689
f 2720 2705 2706
f 2690 2706 2707
f 2690 2707 2691
f 2719 2691 2690
f 2720 2706 2707
f 2691 2707 2708
f 2691 2708 2692
f 2719 2692 2691
f 2720 2707 2708
f 2692 2708 2709
f 2692 2709 2693
f 2719 2693 2692
f 2720 2708 2709
f 2693 2709 2710
f 2693 2710 2694
f 2719 2694 2693
f 2720 2709 2710
f 2694 2710 2711
f 2694 2711 2695
f 2719 2695 2694
f 2720 2710 2711
f 2695 2711 2712
f 2695 2712 2696
f 2719 2696 2695
f 2720 2711 2712
f 2696 2712 2713
f 2696 2713 2697
f 2719 2697 2696
f 2720 2712 2713
f 2697 2713 2714
f 2697 2714 2698
f 2719 2698 2697
f 2720 2713 2714
f 2698 2714 2715
f 2698 2715 2699
f 2719 2699 2698
f 2720 2714 2715
f 2699 2715 2716
f 2699 2716 2700
f 2719 2700 2699
f 2720 2715 2716
f 2700 2716 2717
f 2700 2717 2701
f 2719 2701 2700
f 2720 2716 2717
f 2701 2717 2718
f 2701 2718 2702
f 2719 2702 2701
f 2720 2717 2718
f 2702 2718 2703
f 2702 2703 2687
f 2719 2687 2702
f 2720 2718 2703
f 2721 2737 2738
f 2721 2738 2722
f 2753 2722 2721
f 2754 2737 2738
f 2722 2738 2739
f 2722 2739 2723
f 2753 2723 2722
f 2754 2738 2739
f 2723 2739 2740
f 2723 2740 2724
f 2753 2724 2723
f 2754 2739 2740
f 2724 2740 2741
f 2724 2741 2725
f 2753 2725 2724
f 2754 2740 2741
f 2725 2741 2742
f 2725 2742 2726
f 2753 2726 2725
f 2754 2741 2742
f 2726 2742 2743
f 2726 2743 2727
f 2753 2727 2726
f 2754 2742 2743
f 2727 2743 2744
f 2727 2744 2728
f 2753 2728 2727
f 2754 2743 2744
f 2728 2744 2745
f 2728 2745 2729
f 2753 2729 2728
f 2754 2744 2745
f 2729 2745 2746
f 2729 2746 2730
f 2753 2730 2729
f 2754 2745 2746
f 2730 2746 2747
f 2730 2747 2731
f 2753 2731 2730
f 2754 2746 2747
f 2731 2747 2748
f 2731 2748 2732
f 2753 2732 2731
f 2754 2747 2748
f 2732 2748 2749
f 2732 2749 2733
f 2753 2733 2732
f 2754 2748 2749
f 2733 2749 2750
f 2733 2750 2734
f 2753 2734 2733
f 2754 2749 2750
f 2734 2750 2751
f 2734 2751 2735
f 2753 2735 2734
f 2754 2750 2751
f 2735 2751 2752
f 2735 2752 2736
f 2753 2736 2735
f 2754 2751 2752
f 2736 2752 2737
f 2736 2737 2721
f 2753 2721 2736
f 2754 2752 2737
f 2755 2771 2772
f 2755 2772 2756
f 2787 2756 2755
f 2788 2771 2772
f 2756 2772 2773
f 2756 2773 2757
f 2787 2757 2756
f 2788 2772 2773
f 2757 2773 2774
f 2757 2774 2758
f 2787 2758 2757
f 2788 2773 2774
f 2758 2774 2775
f 2758 2775 2759
f 2787 2759 2758
f 2788 2774 2775
f 2759 2775 2776
f 2759 2776 2760
f 2787 2760 2759
f 2788 2775 2776
f 2760 2776 2777
f 2760 2777 2761
f 2787 2761 2760
f 2788 2776 2777
f 2761 2777 2778
f 2761 2778 2762
f 2787 2762 2761
f 2788 2777 2778
f 2762 2778 2779
f 2762 2779 2763
f 2787 2763 2762
f 2788 2778 2779
f 2763 2779 2780
f 2763 2780 2764
f 2787 2764 2763
f 2788 2779 2780
f 2764 2780 2781
f 2764 2781 2765
f 2787 2765 2764
f 2788 2780 2781
f 2765 2781 2782
f 2765 2782 2766
f 2787 2766 2765
f 2788 2781 2782
f 2766 2782 2783
f 2766 2783 2767
f 2787 2767 2766
f 2788 2782 2783
f 2767 2783 2784
f 2767 2784 2768
f 2787 2768 2767
f 2788 2783 2784
f 2768 2784 2785
f 2768 2785 2769
f 2787 2769 2768
f 2788 2784 2785
f 2769 2785 2786
f 2769 2786 2770
f 2787 2770 2769
f 2788 2785 2786
f 2770 2786 2771
f 2770 2771 2755
f 2787 2755 2770
f 2788 2786 2771
f 2789 2805 2806
f 2789 2806 2790
f 2821 2790 2789
f 2822 2805 2806
f 2790 2806 2807
f 2790 2807 2791
f 2821 2791 2790
f 2822 2806 2807
f 2791 2807 2808
f 2791 2808 2792
f 2821 2792 2791
f 2822 2807 2808
f 2792 2808 2809
f 2792 2809 2793
f 2821 2793 2792
f 2822 2808 2809
f 2793 2809 2810
f 2793 2810 2794
f 2821 2794 2793
f 2822 2809 2810
f 2794 2810 2811
f 2794 2811 2795
f 2821 2795 2794
f 2822 2810 2811
f 2795 2811 2812
f 2795 2812 2796
f 2821 2796 2795
f 2822 2811 2812
f 2796 2812 2813
f 2796 2813 2797
f 2821 2797 2796
f 2822 2812 2813
f 2797 2813 2814
f 2797 2814 2798
f 2821 2798 2797
f 2822 2813 2814
f 2798 2814 2815
f 2798 2815 2799
f 2821 2799 2798
f 2822 2814 2815
f 2799 2815 2816
f 2799 2816 2800
f 2821 2800 2799
f 2822 2815 2816
f 2800 2816 2817
f 2800 2817 2801
f 2821 2801 2800
f 2822 2816 2817
f 2801 2817 2818
f 2801 2818 2802
f 2821 2802 2801
f 2822 2817 2818
f 2802 2818 2819
f 2802 2819 2803
f 2821 2803 2802
f 2822 2818 2819
f 2803 2819 2820
f 2803 2820 2804
f 2821 2804 2803
f 2822 2819 2820
f 2804 2820 2805
f 2804 2805 2789
f 2821 2789 2804
f 2822 2820 2805
f 2823 2839 2840
f 2823 2840 2824
f 2855 2824 2823
f 2856 2839 2840
f 2824 2840 2841
f 2824 2841 2825
f 2855 2825 2824
f 2856 2840 2841
f 2825 2841 2842
f 2825 2842 2826
f 2855 2826 2825
f 2856 2841 2842
f 2826 2842 2843
f 2826 2843 2827
f 2855 2827 2826
f 2856 2842 2843
f 2827 2843 2844
f 2827 2844 2828
f 2855 2828 2827
f 2856 2843 2844
f 2828 2844 2845
f 2828 2845 2829
f 2855 2829 2828
f 2856 2844 2845
f 2829 2845 2846
f 2829 2846 2830
f 2855 2830 2829
f 2856 2845 2846
f 2830 2846 2847
f 2830 2847 2831
f 2855 2831 2830
f 2856 2846 2847
f 2831 2847 2848
f 2831 2848 2832
f 2855 2832 2831
f 2856 2847 2848
f 2832 2848 2849
f 2832 2849 2833
f 2855 2833 2832
f 2856 2848 2849
f 2833 2849 2850
f 2833 2850 2834
f 2855 2834 2833
f 2856 2849 2850
f 2834 2850 2851
f 2834 2851 2835
f 2855 2835 2834
f 2856 2850 2851
f 2835 2851 2852
f 2835 2852 2836
f 2855 2836 2835
f 2856 2851 2852
f 2836 2852 2853
f 2836 2853 2837
f 2855 2837 2836
f 2856 2852 2853
f 2837 2853 2854
f 2837 2854 2838
f 2855 2838 2837
f 2856 2853 2854
f 2838 2854 2839
f 2838 2839 2823
f 2855 2823 2838
f 2856 2854 2839
f 2857 2873 2874
f 2857 2874 2858
f 2889 2858 2857
f 2890 2873 2874
f 2858 2874 2875
f 2858 2875 2859
f 2889 2859 2858
f 2890 2874 2875
f 2859 2875 2876
f 2859 2876 2860
f 2889 2860 2859
f 2890 2875 2876
f 2860 2876 2877
f 2860 2877 2861
f 2889 2861 2860
f 2890 2876 2877
f 2861 2877 2878
f 2861 2878 2862
f 2889 2862 2861
f 2890 2877 2878
f 2862 2878 2879
f 2862 2879 2863
f 2889 2863 2862
f 2890 2878 2879
f 2863 2879 2880
f 2863 2880 2864
f 2889 2864 2863
f 2890 2879 2880
f 2864 2880 2881
f 2864 2881 2865
f 2889 2865 2864
f 2890 2880 2881
f 2865 2881 2882
f 2865 2882 2866
f 2889 2866 2865
f 2890 2881 2882
f 2866 2882 2883
f 2866 2883 2867
f 2889 2867 2866
f 2890 2882 2883
f 2867 2883 2884
f 2867 2884 2868
f 2889 2868 2867
f 2890 2883 2884
f 2868 2884 2885
f 2868 2885 2869
f 2889 2869 2868
f 2890 2884 2885
f 2869 2885 2886
f 2869 2886 2870
f 2889 2870 2869
f 2890 2885 2886
f 2870 2886 2887
f 2870 2887 2871
f 2889 2871 2870
f 2890 2886 2887
f 2871 2887 2888
f 2871 2888 2872
f 2889 2872 2871
f 2890 2887 2888
f 2872 2888 2873
f 2872 2873 2857
f 2889 2857 2872
f 2890 2888 2873
f 2891 2907 2908
f 2891 2908 2892
f 2923 2892 2891
f 2924 2907 2908
f 2892 2908 2909
f 2892 2909 2893
f 2923 2893 2892
f 2924 2908 2909
f 2893 2909 2910
f 2893 2910 2894
f 2923 2894 2893
f 2924 2909 2910
f 2894 2910 2911
f 2894 2911 2895
f 2923 2895 2894
f 2924 2910 2911
f 2895 2911 2912
f 2895 2912 2896
f 2923 2896 2895
f 2924 2911 2912
f 2896 2912 2913
f 2896 2913 2897
f 2923 2897 2896
f 2924 2912 2913
f 2897 2913 2914
f 2897 2914 2898
f 2923 2898 2897
f 2924 2913 2914
f 2898 2914 2915
f 2898 2915 2899
f 2923 2899 2898
f 2924 2914 2915
f 2899 2915 2916
f 2899 2916 2900
f 2923 2900 2899
f 2924 2915 2916
f 2900 2916 2917
f 2900 2917 2901
f 2923 2901 2900
f 2924 2916 2917
f 2901 2917 2918
f 2901 2918 2902
f 2923 2902 2901
f 2924 2917 2918
f 2902 2918 2919
f 2902 2919 2903
f 2923 2903 2902
f 2924 2918 2919
f 2903 2919 2920
f 2903 2920 2904
f 2923 2904 2903
f 2924 2919 2920
f 2904 2920 2921
f 2904 2921 2905
f 2923 2905 2904
f 2924 2920 2921
f 2905 2921 2922
f 2905 2922 2906
f 2923 2906 2905
f 2924 2921 2922
f 2906 2922 2907
f 2906 2907 2891
f 2923 2891 2906
f 2924 2922 2907
f 2925 2941 2942
f 2925 2942 2926
f 2957 2926 2925
f 2958 2941 2942
f 2926 2942 2943
f 2926 2943 2927
f 2957 2927 2926
f 2958 2942 2943
f 2927 2943 2944
f 2927 2944 2928
f 2957 2928 2927
f 2958 2943 2944
f 2928 2944 2945
f 2928 2945 2929
f 2957 2929 2928
f 2958 2944 2945
f 2929 2945 2946
f 2929 2946 2930
f 2957 2930 2929
f 2958 2945 2946
f 2930 2946 2947
f 2930 2947 2931
f 2957 2931 2930
f 2958 2946 2947
f 2931 2947 2948
f 2931 2948 2932
f 2957 2932 2931
f 2958 2947 2948
f 2932 2948 2949
f 2932 2949 2933
f 2957 2933 2932
f 2958 2948 2949
f 2933 2949 2950
f 2933 2950 2934
f 2957 2934 2933
f 2958 2949 2950
f 2934 2950 2951
f 2934 2951 2935
f 2957 2935 2934
f 2958 2950 2951
f 2935 2951 2952
f 2935 2952 2936
f 2957 2936 2935
f 2958 2951 2952
f 2936 2952 2953
f 2936 2953 2937
f 2957 2937 2936
f 2958 2952 2953
f 2937 2953 2954
f 2937 2954 2938
f 2957 2938 2937
f 2958 2953 2954
f 2938 2954 2955
f 2938 2955 2939
f 2957 2939 2938
f 2958 2954 2955
f 2939 2955 2956
f 2939 2956 2940
f 2957 2940 2939
f 2958 2955 2956
f 2940 2956 2941
f 2940 2941 2925
f 2957 2925 2940
f 2958 2956 2941
f 2959 2975 2976
f 2959 2976 2960
f 2991 2960 2959
f 2992 2975 2976
f 2960 2976 2977
f 2960 2977 2961
f 2991 2961 2960
f 2992 2976 2977
f 2961 2977 2978
f 2961 2978 2962
f 2991 2962 2961
f 2992 2977 2978
f 2962 2978 2979
f 2962 2979 2963
f 2991 2963 2962
f 2992 2978 2979
f 2963 2979 2980
f 2963 2980 2964
f 2991 2964 2963
f 2992 2979 2980
f 2964 2980 2981
f 2964 2981 2965
f 2991 2965 2964
f 2992 2980 2981
f 2965 2981 2982
f 2965 2982 2966
f 2991 2966 2965
f 2992 2981 2982
f 2966 2982 2983
f 2966 2983 2967
f 2991 2967 2966
f 2992 2982 2983
f 2967 2983 2984
f 2967 2984 2968
f 2991 2968 2967
f 2992 2983 2984
f 2968 2984 2985
f 2968 2985 2969
f 2991 2969 2968
f 2992 2984 2985
f 2969 2985 2986
f 2969 2986 2970
f 2991 2970 2969
f 2992 2985 2986
f 2970 2986 2987
f 2970 2987 2971
f 2991 2971 2970
f 2992 2986 2987
f 2971 2987 2988
f 2971 2988 2972
f 2991 2972 2971
f 2992 2987 2988
f 2972 2988 2989
f 2972 2989 2973
f 2991 2973 2972
f 2992 2988 2989
f 2973 2989 2990
f 2973 2990 2974
f 2991 2974 2973
f 2992 2989 2990
f 2974 2990 2975
f 2974 2975 2959
f 2991 2959 2974
f 2992 2990 2975
f 2993 3009 3010
f 2993 3010 2994
f 3025 2994 2993
f 3026 3009 3010
f 2994 3010 3011
f 2994 3011 2995
f 3025 2995 2994
f 3026 3010 3011
f 2995 3011 3012
f 2995 3012 2996
f 3025 2996 2995
f 3026 3011 3012
f 2996 3012 3013
f 2996 3013 2997
f 3025 2997 2996
f 3026 3012 3013
f 2997 3013 3014
f 2997 3014 2998
f 3025 2998 2997
f 3026 3013 3014
f 2998 3014 3015
f 2998 3015 2999
f 3025 2999 2998
f 3026 3014 3015
f 2999 3015 3016
f 2999 3016 3000
f 3025 3000 2999
f 3026 3015 3016
f 3000 3016 3017
f 3000 3017 3001
f 3025 3001 3000
f 3026 3016 3017
f 3001 3017 3018
f 3001 3018 3002
f 3025 3002 3001
f 3026 3017 3018
f 3002 3018 3019
f 3002 3019 3003
f 3025 3003 3002
f 3026 3018 3019
f 3003 3019 3020
f 3003 3020 3004
f 3025 3004 3003
f 3026 3019 3020
f 3004 3020 3021
f 3004 3021 3005
f 3025 3005 3004
f 3026 3020 3021
f 3005 3021 3022
f 3005 3022 3006
f 3025 3006 3005
f 3026 3021 3022
f 3006 3022 3023
f 3006 3023 3007
f 3025 3007 3006
f 3026 3022 3023
f 3007 3023 3024
f 3007 3024 3008
f 3025 3008 3007
f 3026 3023 3024
f 3008 3024 3009
f 3008 3009 2993
f 3025 2993 3008
f 3026 3024 3009
f 3027 3043 3044
f 3027 3044 3028
f 3059 3028 3027
f 3060 3043 3044
f 3028 3044 3045
f 3028 3045 3029
f 3059 3029 3028
f 3060 3044 3045
f 3029 3045 3046
f 3029 3046 3030
f 3059 3030 3029
f 3060 3045 3046
f 3030 3046 3047
f 3030 3047 3031
f 3059 3031 3030
f 3060 3046 3047
f 3031 3047 3048
f 3031 3048 3032
f 3059 3032 3031
f 3060 3047 3048
f 3032 3048 3049
f 3032 3049 3033
f 3059 3033 3032
f 3060 3048 3049
f 3033 3049 3050
f 3033 3050 3034
f 3059 3034 3033
f 3060 3049 3050
f 3034 3050 3051
f 3034 3051 3035
f 3059 3035 3034
f 3060 3050 3051
f 3035 3051 3052
f 3035 3052 3036
f 3059 3036 3035
f 3060 3051 3052
f 3036 3052 3053
f 3036 3053 3037
f 3059 3037 3036
f 3060 3052 3053
f 3037 3053 3054
f 3037 3054 3038
f 3059 3038 3037
f 3060 3053 3054
f 3038 3054 3055
f 3038 3055 3039
f 3059 3039 3038
f 3060 3054 3055
f 3039 3055 3056
f 3039 3056 3040
f 3059 3040 3039
f 3060 3055 3056
f 3040 3056 3057
f 3040 3057 3041
f 3059 3041 3040
f 3060 3056 3057
f 3041 3057 3058
f 3041 3058 3042
f 3059 3042 3041
f 3060 3057 3058
f 3042 3058 3043
f 3042 3043 3027
f 3059 3027 3042
f 3060 3058 3043
f 3061 3077 3078
f 3061 3078 3062
f 3093 3062 3061
f 3094 3077 3078
f 3062 3078 3079
f 3062 3079 3063
f 3093 3063 3062
f 3094 3078 3079
f 3063 3079 3080
f 3063 3080 3064
f 3093 3064 3063
f 3094 3079 3080
f 3064 3080 3081
f 3064 3081 3065
f 3093 3065 3064
f 3094 3080 3081
f 3065 3081 3082
f 3065 3082 3066
f 3093 3066 3065
f 3094 3081 3082
f 3066 3082 3083
f 3066 3083 3067
f 3093 3067 3066
f 3094 3082 3083
f 3067 3083 3084
f 3067 3084 3068
f 3093 3068 3067
f 3094 3083 3084
f 3068 3084 3085
f 3068 3085 3069
f 3093 3069 3068
f 3094 3084 3085
f 3069 3085 3086
f 3069 3086 3070
f 3093 3070 3069
f 3094 3085 3086
f 3070 3086 3087
f 3070 3087 3071
f 3093 3071 3070
f 3094 3086 3087
f 3071 3087 3088
f 3071 3088 3072
f 3093 3072 3071
f 3094 3087 3088
f 3072 3088 3089
f 3072 3089 3073
f 3093 3073 3072
f 3094 3088 3089
f 3073 3089 3090
f 3073 3090 3074
f 3093 3074 3073
f 3094 3089 3090
f 3074 3090 3091
f 3074 3091 3075
f 3093 3075 3074
f 3094 3090 3091
f 3075 3091 3092
f 3075 3092 3076
f 3093 3076 3075
f 3094 3091 3092
f 3076 3092 3077
f 3076 3077 3061
f 3093 3061 3076
f 3094 3092 3077
f 3095 3111 3112
f 3095 3112 3096
f 3127 3096 3095
f 3128 3111 3112
f 3096 3112 3113
f 3096 3113 3097
f 3127 3097 3096
f 3128 3112 3113
f 3097 3113 3114
f 3097 3114 3098
f 3127 3098 3097
f 3128 3113 3114
f 3098 3114 3115
f 3098 3115 3099
f 3127 3099 3098
f 3128 3114 3115
f 3099 3115 3116
f 3099 3116 3100
f 3127 3100 3099
f 3128 3115 3116
f 3100 3116 3117
f 3100 3117 3101
f 3127 3101 3100
f 3128 3116 3117
f 3101 3117 3118
f 3101 3118 3102
f 3127 3102 3101
f 3128 3117 3118
f 3102 3118 3119
f 3102 3119 3103
f 3127 3103 3102
f 3128 3118 3119
f 3103 3119 3120
f 3103 3120 3104
f 3127 3104 3103
f 3128 3119 3120
f 3104 3120 3121
f 3104 3121 3105
f 3127 3105 3104
f 3128 3120 3121
f 3105 3121 3122
f 3105 3122 3106
f 3127 3106 3105
f 3128 3121 3122
f 3106 3122 3123
f 3106 3123 3107
f 3127 3107 3106
f 3128 3122 3123
f 3107 3123 3124
f 3107 3124 3108
f 3127 3108 3107
f 3128 3123 3124
f 3108 3124 3125
f 3108 3125 3109
f 3127 3109 3108
f 3128 3124 3125
f 3109 3125 3126
f 3109 3126 3110
f 3127 3110 3109
f 3128 3125 3126
f 3110 3126 3111
f 3110 3111 3095
f 3127 3095 3110
f 3128 3126 3111
f 3129 3145 3146
f 3129 3146 3130
f 3161 3130 3129
f 3162 3145 3146
f 3130 3146 3147
f 3130 3147 3131
f 3161 3131 3130
f 3162 3146 3147
f 3131 3147 3148
f 3131 3148 3132
f 3161 3132 3131
f 3162 3147 3148
f 3132 3148 3149
f 3132 3149 3133
f 3161 3133 3132
f 3162 3148 3149
f 3133 3149 3150
f 3133 3150 3134
f 3161 3134 3133
f 3162 3149 3150
f 3134 3150 3151
f 3134 3151 3135
f 3161 3135 3134
f 3162 3150 3151
f 3135 3151 3152
f 3135 3152 3136
f 3161 3136 3135
f 3162 3151 3152
f 3136 3152 3153
f 3136 3153 3137
f 3161 3137 3136
f 3162 3152 3153
f 3137 3153 3154
f 3137 3154 3138
f 3161 3138 3137
f 3162 3153 3154
f 3138 3154 3155
f 3138 3155 3139
f 3161 3139 3138
f 3162 3154 3155
f 3139 3155 3156
f 3139 3156 3140
f 3161 3140 3139
f 3162 3155 3156
f 3140 3156 3157
f 3140 3157 3141
f 3161 3141 3140
f 3162 3156 3157
f 3141 3157 3158
f 3141 3158 3142
f 3161 3142 3141
f 3162 3157 3158
f 3142 3158 3159
f 3142 3159 3143
f 3161 3143 3142
f 3162 3158 3159
f 3143 3159 3160
f 3143 3160 3144
f 3161 3144 3143
f 3162 3159 3160
f 3144 3160 3145
f 3144 3145 3129
f 3161 3129 3144
f 3162 3160 3145
f 3163 3179 3180
f 3163 3180 3164
f 3195 3164 3163
f 3196 3179 3180
f 3164 3180 3181
f 3164 3181 3165
f 3195 3165 3164
f 3196 3180 3181
f 3165 3181 3182
f 3165 3182 3166
f 3195 3166 3165
f 3196 3181 3182
f 3166 3182 3183
f 3166 3183 3167
f 3195 3167 3166
f 3196 3182 3183
f 3167 3183 3184
f 3167 3184 3168
f 3195 3168 3167
f 3196 3183 3184
f 3168 3184 3185
f 3168 3185 3169
f 3195 3169 3168
f 3196 3184 3185
f 3169 3185 3186
f 3169 3186 3170
f 3195 3170 3169
f 3196 3185 3186
f 3170 3186 3187
f 3170 3187 3171
f 3195 3171 3170
f 3196 3186 3187
f 3171 3187 3188
f 3171 3188 3172
f 3195 3172 3171
f 3196 3187 3188
f 3172 3188 3189
f 3172 3189 3173
f 3195 3173 3172
f 3196 3188 3189
f 3173 3189 3190
f 3173 3190 3174
f 3195 3174 3173
f 3196 3189 3190
f 3174 3190 3191
f 3174 3191 3175
f 3195 3175 3174
f 3196 3190 3191
f 3175 3191 3192
f 3175 3192 3176
f 3195 3176 3175
f 3196 3191 3192
f 3176 3192 3193
f 3176 3193 3177
f 3195 3177 3176
f 3196 3192 3193
f 3177 3193 3194
f 3177 3194 3178
f 3195 3178 3177
f 3196 3193 3194
f 3178 3194 3179
f 3178 3179 3163
f 3195 3163 3178
f 3196 3194 3179
f 3197 3213 3214
f 3197 3214 3198
f 3229 3198 3197
f 3230 3213 3214
f 3198 3214 3215
f 3198 3215 3199
f 3229 3199 3198
f 3230 3214 3215
f 3199 3215 3216
f 3199 3216 3200
f 3229 3200 3199
f 3230 3215 3216
f 3200 3216 3217
f 3200 3217 3201
f 3229 3201 3200
f 3230 3216 3217
f 3201 3217 3218
f 3201 3218 3202
f 3229 3202 3201
f 3230 3217 3218
f 3202 3218 3219
f 3202 3219 3203
f 3229 3203 3202
f 3230 3218 3219
f 3203 3219 3220
f 3203 3220 3204
f 3229 3204 3203
f 3230 3219 3220
f 3204 3220 3221
f 3204 3221 3205
f 3229 3205 3204
f 3230 3220 3221
f 3205 3221 3222
f 3205 3222 3206
f 3229 3206 3205
f 3230 3221 3222
f 3206 3222 3223
f 3206 3223 3207
f 3229 3207 3206
f 3230 3222 3223
f 3207 3223 3224
f 3207 3224 3208
f 3229 3208 3207
f 3230 3223 3224
f 3208 3224 3225
f 3208 3225 3209
f 3229 3209 3208
f 3230 3224 3225
f 3209 3225 3226
f 3209 3226 3210
f 3229 3210 3209
f 3230 3225 3226
f 3210 3226 3227
f 3210 3227 3211
f 3229 3211 3210
f 3230 3226 3227
f 3211 3227 3228
f 3211 3228 3212
f 3229 3212 3211
f 3230 3227 3228
f 3212 3228 3213
f 3212 3213 3197
f 3229 3197 3212
f 3230 3228 3213
f 3231 3247 3248
f 3231 3248 3232
f 3263 3232 3231
f 3264 3247 3248
f 3232 3248 3249
f 3232 3249 3233
f 3263 3233 3232
f 3264 3248 3249
f 3233 3249 3250
f 3233 3250 3234
f 3263 3234 3233
f 3264 3249 3250
f 3234 3250 3251
f 3234 3251 3235
f 3263 3235 3234
f 3264 3250 3251
f 3235 3251 3252
f 3235 3252 3236
f 3263 3236 3235
f 3264 3251 3252
f 3236 3252 3253
f 3236 3253 3237
f 3263 3237 3236
f 3264 3252 3253
f 3237 3253 3254
f 3237 3254 3238
f 3263 3238 3237
f 3264 3253 3254
f 3238 3254 3255
f 3238 3255 3239
f 3263 3239 3238
f 3264 3254 3255
f 3239 3255 3256
f 3239 3256 3240
f 3263 3240 3239
f 3264 3255 3256
f 3240 3256 3257
f 3240 3257 3241
f 3263 3241 3240
f 3264 3256 3257
f 3241 3257 3258
f 3241 3258 3242
f 3263 3242 3241
f 3264 3257 3258
f 3242 3258 3259
f 3242 3259 3243
f 3263 3243 3242
f 3264 3258 3259
f 3243 3259 3260
f 3243 3260 3244
f 3263 3244 3243
f 3264 3259 3260
f 3244 3260 3261
f 3244 3261 3245
f 3263 3245 3244
f 3264 3260 3261
f 3245 3261 3262
f 3245 3262 3246
f 3263 3246 3245
f 3264 3261 3262
f 3246 3262 3247
f 3246 3247 3231
f 3263 3231 3246
f 3264 3262 3247
f 3265 3281 3282
f 3265 3282 3266
f 3297 3266 3265
f 3298 3281 3282
f 3266 3282 3283
f 3266 3283 3267
f 3297 3267 3266
f 3298 3282 3283
f 3267 3283 3284
f 3267 3284 3268
f 3297 3268 3267
f 3298 3283 3284
f 3268 3284 3285
f 3268 3285 3269
f 3297 3269 3268
f 3298 3284 3285
f 3269 3285 3286
f 3269 3286 3270
f 3297 3270 3269
f 3298 3285 3286
f 3270 3286 3287
f 3270 3287 3271
f 3297 3271 3270
f 3298 3286 3287
f 3271 3287 3288
f 3271 3288 3272
f 3297 3272 3271
f 3298 3287 3288
f 3272 3288 3289
f 3272 3289 3273
f 3297 3273 3272
f 3298 3288 3289
f 3273 3289 3290
f 3273 3290 3274
f 3297 3274 3273
f 3298 3289 3290
f 3274 3290 3291
f 3274 3291 3275
f 3297 3275 3274
f 3298 3290 3291
f 3275 3291 3292
f 3275 3292 3276
f 3297 3276 3275
f 3298 3291 3292
f 3276 3292 3293
f 3276 3293 3277
f 3297 3277 3276
f 3298 3292 3293
f 3277 3293 3294
f 3277 3294 3278
f 3297 3278 3277
f 3298 3293 3294
f 3278 3294 3295
f 3278 3295 3279
f 3297 3279 3278
f 3298 3294 3295
f 3279 3295 3296
f 3279 3296 3280
f 3297 3280 3279
f 3298 3295 3296
f 3280 3296 3281
f 3280 3281 3265
f 3297 3265 3280
f 3298 3296 3281
f 3299 3315 3316
f 3299 3316 3300
f 3331 3300 3299
f 3332 3315 3316
f 3300 3316 3317
f 3300 3317 3301
f 3331 3301 3300
f 3332 3316 3317
f 3301 3317 3318
f 3301 3318 3302
f 3331 3302 3301
f 3332 3317 3318
f 3302 3318 3319
f 3302 3319 3303
f 3331 3303 3302
f 3332 3318 3319
f 3303 3319 3320
f 3303 3320 3304
f 3331 3304 3303
f 3332 3319 3320
f 3304 3320 3321
f 3304 3321 3305
f 3331 3305 3304
f 3332 3320 3321
f 3305 3321 3322
f 3305 3322 3306
f 3331 3306 3305
f 3332 3321 3322
f 3306 3322 3323
f 3306 3323 3307
f 3331 3307 3306
f 3332 3322 3323
f 3307 3323 3324
f 3307 3324 3308
f 3331 3308 3307
f 3332 3323 3324
f 3308 3324 3325
f 3308 3325 3309
f 3331 3309 3308
f 3332 3324 3325
f 3309 3325 3326
f 3309 3326 3310
f 3331 3310 3309
f 3332 3325 3326
f 3310 3326 3327
f 3310 3327 3311
f 3331 3311 3310
f 3332 3326 3327
f 3311 3327 3328
f 3311 3328 3312
f 3331 3312 3311
f 3332 3327 3328
f 3312 3328 3329
f 3312 3329 3313
f 3331 3313 3312
f 3332 3328 3329
f 3313 3329 3330
f 3313 3330 3314
f 3331 3314 3313
f 3332 3329 3330
f 3314 3330 3315
f 3314 3315 3299
f 3331 3299 3314
f 3332 3330 3315
f 3333 3349 3350
f 3333 3350 3334
f 3365 3334 3333
f 3366 3349 3350
f 3334 3350 3351
f 3334 3351 3335
f 3365 3335 3334
f 3366 3350 3351
f 3335 3351 3352
f 3335 3352 3336
f 3365 3336 3335
f 3366 3351 3352
f 3336 3352 3353
f 3336 3353 3337
f 3365 3337 3336
f 3366 3352 3353
f 3337 3353 3354
f 3337 3354 3338
f 3365 3338 3337
f 3366 3353 3354
f 3338 3354 3355
f 3338 3355 3339
f 3365 3339 3338
f 3366 3354 3355
f 3339 3355 3356
f 3339 3356 3340
f 3365 3340 3339
f 3366 3355 3356
f 3340 3356 3357
f 3340 3357 3341
f 3365 3341 3340
f 3366 3356 3357
f 3341 3357 3358
f 3341 3358 3342
f 3365 3342 3341
f 3366 3357 3358
f 3342 3358 3359
f 3342 3359 3343
f 3365 3343 3342
f 3366 3358 3359
f 3343 3359 3360
f 3343 3360 3344
f 3365 3344 3343
f 3366 3359 3360
f 3344 3360 3361
f 3344 3361 3345
f 3365 3345 3344
f 3366 3360 3361
f 3345 3361 3362
f 3345 3362 3346
f 3365 3346 3345
f 3366 3361 3362
f 3346 3362 3363
f 3346 3363 3347
f 3365 3347 3346
f 3366 3362 3363
f 3347 3363 3364
f 3347 3364 3348
f 3365 3348 3347
f 3366 3363 3364
f 3348 3364 3349
f 3348 3349 3333
f 3365 3333 3348
f 3366 3364 3349
f 3367 3383 3384
f 3367 3384 3368
f 3399 3368 3367
f 3400 3383 3384
f 3368 3384 3385
f 3368 3385 3369
f 3399 3369 3368
f 3400 3384 3385
f 3369 3385 3386
f 3369 3386 3370
f 3399 3370 3369
f 3400 3385 3386
f 3370 3386 3387
f 3370 3387 3371
f 3399 3371 3370
f 3400 3386 3387
f 3371 3387 3388
f 3371 3388 3372
f 3399 3372 3371
f 3400 3387 3388
f 3372 3388 3389
f 3372 3389 3373
f 3399 3373 3372
f 3400 3388 3389
f 3373 3389 3390
f 3373 3390 3374
f 3399 3374 3373
f 3400 3389 3390
f 3374 3390 3391
f 3374 3391 3375
f 3399 3375 3374
f 3400 3390 3391
f 3375 3391 3392
f 3375 3392 3376
f 3399 3376 3375
f 3400 3391 3392
f 3376 3392 3393
f 3376 3393 3377
f 3399 3377 3376
f 3400 3392 3393
f 3377 3393 3394
f 3377 3394 3378
f 3399 3378 3377
f 3400 3393 3394
f 3378 3394 3395
f 3378 3395 3379
f 3399 3379 3378
f 3400 3394 3395
f 3379 3395 3396
f 3379 3396 3380
f 3399 3380 3379
f 3400 3395 3396
f 3380 3396 3397
f 3380 3397 3381
f 3399 3381 3380
f 3400 3396 3397
f 3381 3397 3398
f 3381 3398 3382
f 3399 3382 3381
f 3400 3397 3398
f 3382 3398 3383
f 3382 3383 3367
f 3399 3367 3382
f 3400 3398 3383
f 3401 3417 3418
f 3401 3418 3402
f 3433 3402 3401
f 3434 3417 3418
f 3402 3418 3419
f 3402 3419 3403
f 3433 3403 3402
f 3434 3418 3419
f 3403 3419 3420
f 3403 3420 3404
f 3433 3404 3403
f 3434 3419 3420
f 3404 3420 3421
f 3404 3421 3405
f 3433 3405 3404
f 3434 3420 3421
f 3405 3421 3422
f 3405 3422 3406
f 3433 3406 3405
f 3434 3421 3422
f 3406 3422 3423
f 3406 3423 3407
f 3433 3407 3406
f 3434 3422 3423
f 3407 3423 3424
f 3407 3424 3408
f 3433 3408 3407
f 3434 3423 3424
f 3408 3424 3425
f 3408 3425 3409
f 3433 3409 3408
f 3434 3424 3425
f 3409 3425 3426
f 3409 3426 3410
f 3433 3410 3409
f 3434 3425 3426
f 3410 3426 3427
f 3410 3427 3411
f 3433 3411 3410
f 3434 3426 3427
f 3411 3427 3428
f 3411 3428 3412
f 3433 3412 3411
f 3434 3427 3428
f 3412 3428 3429
f 3412 3429 3413
f 3433 3413 3412
f 3434 3428 3429
f 3413 3429 3430
f 3413 3430 3414
f 3433 3414 3413
f 3434 3429 3430
f 3414 3430 3431
f 3414 3431 3415
f 3433 3415 3414
f 3434 3430 3431
f 3415 3431 3432
f 3415 3432 3416
f 3433 3416 3415
f 3434 3431 3432
f 3416 3432 3417
f 3416 3417 3401
f 3433 3401 3416
f 3434 3432 3417
f 3435 3451 3452
f 3435 3452 3436
f 3467 3436 3435
f 3468 3451 3452
f 3436 3452 3453
f 3436 3453 3437
f 3467 3437 3436
f 3468 3452 3453
f 3437 3453 3454
f 3437 3454 3438
f 3467 3438 3437
f 3468 3453 3454
f 3438 3454 3455
f 3438 3455 3439
f 3467 3439 3438
f 3468 3454 3455
f 3439 3455 3456
f 3439 3456 3440
f 3467 3440 3439
f 3468 3455 3456
f 3440 3456 3457
f 3440 3457 3441
f 3467 3441 3440
f 3468 3456 3457
f 3441 3457 3458
f 3441 3458 3442
f 3467 3442 3441
f 3468 3457 3458
f 3442 3458 3459
f 3442 3459 3443
f 3467 3443 3442
f 3468 3458 3459
f 3443 3459 3460
f 3443 3460 3444
f 3467 3444 3443
f 3468 3459 3460
f 3444 3460 3461
f 3444 3461 3445
f 3467 3445 3444
f 3468 3460 3461
f 3445 3461 3462
f 3445 3462 3446
f 3467 3446 3445
f 3468 3461 3462
f 3446 3462 3463
f 3446 3463 3447
f 3467 3447 3446
f 3468 3462 3463
f 3447 3463 3464
f 3447 3464 3448
f 3467 3448 3447
f 3468 3463 3464
f 3448 3464 3465
f 3448 3465 3449
f 3467 3449 3448
f 3468 3464 3465
f 3449 3465 3466
f 3449 3466 3450
f 3467 3450 3449
f 3468 3465 3466
f 3450 3466 3451
f 3450 3451 3435
f 3467 3435 3450
f 3468 3466 3451
f 3469 3485 3486
f 3469 3486 3470
f 3501 3470 3469
f 3502 3485 3486
f 3470 3486 3487
f 3470 3487 3471
f 3501 3471 3470
f 3502 3486 3487
f 3471 3487 3488
f 3471 3488 3472
f 3501 3472 3471
f 3502 3487 3488
f 3472 3488 3489
f 3472 3489 3473
f 3501 3473 3472
f 3502 3488 3489
f 3473 3489 3490
f 3473 3490 3474
f 3501 3474 3473
f 3502 3489 3490
f 3474 3490 3491
f 3474 3491 3475
f 3501 3475 3474
f 3502 3490 3491
f 3475 3491 3492
f 3475 3492 3476
f 3501 3476 3475
f 3502 3491 3492
f 3476 3492 3493
f 3476 3493 3477
f 3501 3477 3476
f 3502 3492 3493
f 3477 3493 3494
f 3477 3494 3478
f 3501 3478 3477
f 3502 3493 3494
f 3478 3494 3495
f 3478 3495 3479
f 3501 3479 3478
f 3502 3494 3495
f 3479 3495 3496
f 3479 3496 3480
f 3501 3480 3479
f 3502 3495 3496
f 3480 3496 3497
f 3480 3497 3481
f 3501 3481 3480
f 3502 3496 3497
f 3481 3497 3498
f 3481 3498 3482
f 3501 3482 3481
f 3502 3497 3498
f 3482 3498 3499
f 3482 3499 3483
f 3501 3483 3482
f 3502 3498 3499
f 3483 3499 3500
f 3483 3500 3484
f 3501 3484 3483
f 3502 3499 3500
f 3484 3500 3485
f 3484 3485 3469
f 3501 3469 3484
f 3502 3500 3485
f 3503 3519 3520
f 3503 3520 3504
f 3535 3504 3503
f 3536 3519 3520
f 3504 3520 3521
f 3504 3521 3505
f 3535 3505 3504
f 3536 3520 3521
f 3505 3521 3522
f 3505 3522 3506
f 3535 3506 3505
f 3536 3521 3522
f 3506 3522 3523
f 3506 3523 3507
f 3535 3507 3506
f 3536 3522 3523
f 3507 3523 3524
f 3507 3524 3508
f 3535 3508 3507
f 3536 3523 3524
f 3508 3524 3525
f 3508 3525 3509
f 3535 3509 3508
f 3536 3524 3525
f 3509 3525 3526
f 3509 3526 3510
f 3535 3510 3509
f 3536 3525 3526
f 3510 3526 3527
f 3510 3527 3511
f 3535 3511 3510
f 3536 3526 3527
f 3511 3527 3528
f 3511 3528 3512
f 3535 3512 3511
f 3536 3527 3528
f 3512 3528 3529
f 3512 3529 3513
f 3535 3513 3512
f 3536 3528 3529
f 3513 3529 3530
f 3513 3530 3514
f 3535 3514 3513
f 3536 3529 3530
f 3514 3530 3531
f 3514 3531 3515
f 3535 3515 3514
f 3536 3530 3531
f 3515 3531 3532
f 3515 3532 3516
f 3535 3516 3515
f 3536 3531 3532
f 3516 3532 3533
f 3516 3533 3517
f 3535 3517 3516
f 3536 3532 3533
f 3517 3533 3534
f 3517 3534 3518
f 3535 3518 3517
f 3536 3533 3534
f 3518 3534 3519
f 3518 3519 3503
f 3535 3503 3518
f 3536 3534 3519
f 3537 3553 3554
f 3537 3554 3538
f 3569 3538 3537
f 3570 3553 3554
f 3538 3554 3555
f 3538 3555 3539
f 3569 3539 3538
f 3570 3554 3555
f 3539 3555 3556
f 3539 3556 3540
f 3569 3540 3539
f 3570 3555 3556
f 3540 3556 3557
f 3540 3557 3541
f 3569 3541 3540
f 3570 3556 3557
f 3541 3557 3558
f 3541 3558 3542
f 3569 3542 3541
f 3570 3557 3558
f 3542 3558 3559
f 3542 3559 3543
f 3569 3543 3542
f 3570 3558 3559
f 3543 3559 3560
f 3543 3560 3544
f 3569 3544 3543
f 3570 3559 3560
f 3544 3560 3561
f 3544 3561 3545
f 3569 3545 3544
f 3570 3560 3561
f 3545 3561 3562
f 3545 3562 3546
f 3569 3546 3545
f 3570 3561 3562
f 3546 3562 3563
f 3546 3563 3547
f 3569 3547 3546
f 3570 3562 3563
f 3547 3563 3564
f 3547 3564 3548
f 3569 3548 3547
f 3570 3563 3564
f 3548 3564 3565
f 3548 3565 3549
f 3569 3549 3548
f 3570 3564 3565
f 3549 3565 3566
f 3549 3566 3550
f 3569 3550 3549
f 3570 3565 3566
f 3550 3566 3567
f 3550 3567 3551
f 3569 3551 3550
f 3570 3566 3567
f 3551 3567 3568
f 3551 3568 3552
f 3569 3552 3551
f 3570 3567 3568
f 3552 3568 3553
f 3552 3553 3537
f 3569 3537 3552
f 3570 3568 3553
f 3571 3587 3588
f 3571 3588 3572
f 3603 3572 3571
f 3604 3587 3588
f 3572 3588 3589
f 3572 3589 3573
f 3603 3573 3572
f 3604 3588 3589
f 3573 3589 3590
f 3573 3590 3574
f 3603 3574 3573
f 3604 3589 3590
f 3574 3590 3591
f 3574 3591 3575
f 3603 3575 3574
f 3604 3590 3591
f 3575 3591 3592
f 3575 3592 3576
f 3603 3576 3575
f 3604 3591 3592
f 3576 3592 3593
f 3576 3593 3577
f 3603 3577 3576
f 3604 3592 3593
f 3577 3593 3594
f 3577 3594 3578
f 3603 3578 3577
f 3604 3593 3594
f 3578 3594 3595
f 3578 3595 3579
f 3603 3579 3578
f 3604 3594 3595
f 3579 3595 3596
f 3579 3596 3580
f 3603 3580 3579
f 3604 3595 3596
f 3580 3596 3597
f 3580 3597 3581
f 3603 3581 3580
f 3604 3596 3597
f 3581 3597 3598
f 3581 3598 3582
f 3603 3582 3581
f 3604 3597 3598
f 3582 3598 3599
f 3582 3599 3583
f 3603 3583 3582
f 3604 3598 3599
f 3583 3599 3600
f 3583 3600 3584
f 3603 3584 3583
f 3604 3599 3600
f 3584 3600 3601
f 3584 3601 3585
f 3603 3585 3584
f 3604 3600 3601
f 3585 3601 3602
f 3585 3602 3586
f 3603 3586 3585
f 3604 3601 3602
f 3586 3602 3587
f 3586 3587 3571
f 3603 3571 3586
f 3604 3602 3587
f 3605 3621 3622
f 3605 3622 3606
f 3637 3606 3605
f 3638 3621 3622
f 3606 3622 3623
f 3606 3623 3607
f 3637 3607 3606
f 3638 3622 3623
f 3607 3623 3624
f 3607 3624 3608
f 3637 3608 3607
f 3638 3623 3624
f 3608 3624 3625
f 3608 3625 3609
f 3637 3609 3608
f 3638 3624 3625
f 3609 3625 3626
f 3609 3626 3610
f 3637 3610 3609
f 3638 3625 3626
f 3610 3626 3627
f 3610 3627 3611
f 3637 3611 3610
f 3638 3626 3627
f 3611 3627 3628
f 3611 3628 3612
f 3637 3612 3611
f 3638 3627 3628
f 3612 3628 3629
f 3612 3629 3613
f 3637 3613 3612
f 3638 3628 3629
f 3613 3629 3630
f 3613 3630 3614
f 3637 3614 3613
f 3638 3629 3630
f 3614 3630 3631
f 3614 3631 3615
f 3637 3615 3614
f 3638 3630 3631
f 3615 3631 3632
f 3615 3632 3616
f 3637 3616 3615
f 3638 3631 3632
f 3616 3632 3633
f 3616 3633 3617
f 3637 3617 3616
f 3638 3632 3633
f 3617 3633 3634
f 3617 3634 3618
f 3637 3618 3617
f 3638 3633 3634
f 3618 3634 3635
f 3618 3635 3619
f 3637 3619 3618
f 3638 3634 3635
f 3619 3635 3636
f 3619 3636 3620
f 3637 3620 3619
f 3638 3635 3636
f 3620 3636 3621
f 3620 3621 3605
f 3637 3605 3620
f 3638 3636 3621
f 3639 3655 3656
f 3639 3656 3640
f 3671 3640 3639
f 3672 3655 3656
f 3640 3656 3657
f 3640 3657 3641
f 3671 3641 3640
f 3672 3656 3657
f 3641 3657 3658
f 3641 3658 3642
f 3671 3642 3641
f 3672 3657 3658
f 3642 3658 3659
f 3642 3659 3643
f 3671 3643 3642
f 3672 3658 3659
f 3643 3659 3660
f 3643 3660 3644
f 3671 3644 3643
f 3672 3659 3660
f 3644 3660 3661
f 3644 3661 3645
f 3671 3645 3644
f 3672 3660 3661
f 3645 3661 3662
f 3645 3662 3646
f 3671 3646 3645
f 3672 3661 3662
f 3646 3662 3663
f 3646 3663 3647
f 3671 3647 3646
f 3672 3662 3663
f 3647 3663 3664
f 3647 3664 3648
f 3671 3648 3647
f 3672 3663 3664
f 3648 3664 3665
f 3648 3665 3649
f 3671 3649 3648
f 3672 3664 3665
f 3649 3665 3666
f 3649 3666 3650
f 3671 3650 3649
f 3672 3665 3666
f 3650 3666 3667
f 3650 3667 3651
f 3671 3651 3650
f 3672 3666 3667
f 3651 3667 3668
f 3651 3668 3652
f 3671 3652 3651
f 3672 3667 3668
f 3652 3668 3669
f 3652 3669 3653
f 3671 3653 3652
f 3672 3668 3669
f 3653 3669 3670
f 3653 3670 3654
f 3671 3654 3653
f 3672 3669 3670
f 3654 3670 3655
f 3654 3655 3639
f 3671 3639 3654
f 3672 3670 3655
f 3673 3689 3690
f 3673 3690 3674
f 3705 3674 3673
f 3706 3689 3690
f 3674 3690 3691
f 3674 3691 3675
f 3705 3675 3674
f 3706 3690 3691
f 3675 3691 3692
f 3675 3692 3676
f 3705 3676 3675
f 3706 3691 3692
f 3676 3692 3693
f 3676 3693 3677
f 3705 3677 3676
f 3706 3692 3693
f 3677 3693 3694
f 3677 3694 3678
f 3705 3678 3677
f 3706 3693 3694
f 3678 3694 3695
f 3678 3695 3679
f 3705 3679 3678
f 3706 3694 3695
f 3679 3695 3696
f 3679 3696 3680
f 3705 3680 3679
f 3706 3695 3696
f 3680 3696 3697
f 3680 3697 3681
f 3705 3681 3680
f 3706 3696 3697
f 3681 3697 3698
f 3681 3698 3682
f 3705 3682 3681
f 3706 3697 3698
f 3682 3698 3699
f 3682 3699 3683
f 3705 3683 3682
f 3706 3698 3699
f 3683 3699 3700
f 3683 3700 3684
f 3705 3684 3683
f 3706 3699 3700
f 3684 3700 3701
f 3684 3701 3685
f 3705 3685 3684
f 3706 3700 3701
f 3685 3701 3702
f 3685 3702 3686
f 3705 3686 3685
f 3706 3701 3702
f 3686 3702 3703
f 3686 3703 3687
f 3705 3687 3686
f 3706 3702 3703
f 3687 3703 3704
f 3687 3704 3688
f 3705 3688 3687
f 3706 3703 3704
f 3688 3704 3689
f 3688 3689 3673
f 3705 3673 3688
f 3706 3704 3689
f 3707 3723 3724
f 3707 3724 3708
f 3739 3708 3707
f 3740 3723 3724
f 3708 3724 3725
f 3708 3725 3709
f 3739 3709 3708
f 3740 3724 3725
f 3709 3725 3726
f 3709 3726 3710
f 3739 3710 3709
f 3740 3725 3726
f 3710 3726 3727
f 3710 3727 3711
f 3739 3711 3710
f 3740 3726 3727
f 3711 3727 3728
f 3711 3728 3712
f 3739 3712 3711
f 3740 3727 3728
f 3712 3728 3729
f 3712 3729 3713
f 3739 3713 3712
f 3740 3728 3729
f 3713 3729 3730
f 3713 3730 3714
f 3739 3714 3713
f 3740 3729 3730
f 3714 3730 3731
f 3714 3731 3715
f 3739 3715 3714
f 3740 3730 3731
f 3715 3731 3732
f 3715 3732 3716
f 3739 3716 3715
f 3740 3731 3732
f 3716 3732 3733
f 3716 3733 3717
f 3739 3717 3716
f 3740 3732 3733
f 3717 3733 3734
f 3717 3734 3718
f 3739 3718 3717
f 3740 3733 3734
f 3718 3734 3735
f 3718 3735 3719
f 3739 3719 3718
f 3740 3734 3735
f 3719 3735 3736
f 3719 3736 3720
f 3739 3720 3719
f 3740 3735 3736
f 3720 3736 3737
f 3720 3737 3721
f 3739 3721 3720
f 3740 3736 3737
f 3721 3737 3738
f 3721 3738 3722
f 3739 3722 3721
f 3740 3737 3738
f 3722 3738 3723
f 3722 3723 3707
f 3739 3707 3722
f 3740 3738 3723
f 3741 3757 3758
f 3741 3758 3742
f 3773 3742 3741
f 3774 3757 3758
f 3742 3758 3759
f 3742 3759 3743
f 3773 3743 3742
f 3774 3758 3759
f 3743 3759 3760
f 3743 3760 3744
f 3773 3744 3743
f 3774 3759 3760
f 3744 3760 3761
f 3744 3761 3745
f 3773 3745 3744
f 3774 3760 3761
f 3745 3761 3762
f 3745 3762 3746
f 3773 3746 3745
f 3774 3761 3762
f 3746 3762 3763
f 3746 3763 3747
f 3773 3747 3746
f 3774 3762 3763
f 3747 3763 3764
f 3747 3764 3748
f 3773 3748 3747
f 3774 3763 3764
f 3748 3764 3765
f 3748 3765 3749
f 3773 3749 3748
f 3774 3764 3765
f 3749 3765 3766
f 3749 3766 3750
f 3773 3750 3749
f 3774 3765 3766
f 3750 3766 3767
f 3750 3767 3751
f 3773 3751 3750
f 3774 3766 3767
f 3751 3767 3768
f 3751 3768 3752
f 3773 3752 3751
f 3774 3767 3768
f 3752 3768 3769
f 3752 3769 3753
f 3773 3753 3752
f 3774 3768 3769
f 3753 3769 3770
f 3753 3770 3754
f 3773 3754 3753
f 3774 3769 3770
f 3754 3770 3771
f 3754 3771 3755
f 3773 3755 3754
f 3774 3770 3771
f 3755 3771 3772
f 3755 3772 3756
f 3773 3756 3755
f 3774 3771 3772
f 3756 3772 3757
f 3756 3757 3741
f 3773 3741 3756
f 3774 3772 3757
f 3775 3791 3792
f 3775 3792 3776
f 3807 3776 3775
f 3808 3791 3792
f 3776 3792 3793
f 3776 3793 3777
f 3807 3777 3776
f 3808 3792 3793
f 3777 3793 3794
f 3777 3794 3778
f 3807 3778 3777
f 3808 3793 3794
f 3778 3794 3795
f 3778 3795 3779
f 3807 3779 3778
f 3808 3794 3795
f 3779 3795 3796
f 3779 3796 3780
f 3807 3780 3779
f 3808 3795 3796
f 3780 3796 3797
f 3780 3797 3781
f 3807 3781 3780
f 3808 3796 3797
f 3781 3797 3798
f 3781 3798 3782
f 3807 3782 3781
f 3808 3797 3798
f 3782 3798 3799
f 3782 3799 3783
f 3807 3783 3782
f 3808 3798 3799
f 3783 3799 3800
f 3783 3800 3784
f 3807 3784 3783
f 3808 3799 3800
f 3784 3800 3801
f 3784 3801 3785
f 3807 3785 3784
f 3808 3800 3801
f 3785 3801 3802
f 3785 3802 3786
f 3807 3786 3785
f 3808 3801 3802
f 3786 3802 3803
f 3786 3803 3787
f 3807 3787 3786
f 3808 3802 3803
f 3787 3803 3804
f 3787 3804 3788
f 3807 3788 3787
f 3808 3803 3804
f 3788 3804 3805
f 3788 3805 3789
f 3807 3789 3788
f 3808 3804 3805
f 3789 3805 3806
f 3789 3806 3790
f 3807 3790 3789
f 3808 3805 3806
f 3790 3806 3791
f 3790 3791 3775
f 3807 3775 3790
f 3808 3806 3791
f 3809 3825 3826
f 3809 3826 3810
f 3841 3810 3809
f 3842 3825 3826
f 3810 3826 3827
f 3810 3827 3811
f 3841 3811 3810
f 3842 3826 3827
f 3811 3827 3828
f 3811 3828 3812
f 3841 3812 3811
f 3842 3827 3828
f 3812 3828 3829
f 3812 3829 3813
f 3841 3813 3812
f 3842 3828 3829
f 3813 3829 3830
f 3813 3830 3814
f 3841 3814 3813
f 3842 3829 3830
f 3814 3830 3831
f 3814 3831 3815
f 3841 3815 3814
f 3842 3830 3831
f 3815 3831 3832
f 3815 3832 3816
f 3841 3816 3815
f 3842 3831 3832
f 3816 3832 3833
f 3816 3833 3817
f 3841 3817 3816
f 3842 3832 3833
f 3817 3833 3834
f 3817 3834 3818
f 3841 3818 3817
f 3842 3833 3834
f 3818 3834 3835
f 3818 3835 3819
f 3841 3819 3818
f 3842 3834 3835
f 3819 3835 3836
f 3819 3836 3820
f 3841 3820 3819
f 3842 3835 3836
f 3820 3836 3837
f 3820 3837 3821
f 3841 3821 3820
f 3842 3836 3837
f 3821 3837 3838
f 3821 3838 3822
f 3841 3822 3821
f 3842 3837 3838
f 3822 3838 3839
f 3822 3839 3823
f 3841 3823 3822
f 3842 3838 3839
f 3823 3839 3840
f 3823 3840 3824
f 3841 3824 3823
f 3842 3839 3840
f 3824 3840 3825
f 3824 3825 3809
f 3841 3809 3824
f 3842 3840 3825
