time,ego_speed,acceleration_cmd,mode,distance_error,distance,ttc
0.0,0.0,3.0,cruise,,,
0.1,0.30000000000000004,3.0,cruise,,,
0.2,0.6000000000000001,3.0,cruise,,,
0.3,0.9000000000000001,3.0,cruise,,,
0.4,1.2000000000000002,3.0,cruise,,,
0.5,1.5000000000000002,3.0,cruise,,,
0.6,1.8000000000000003,3.0,cruise,,,
0.7,2.1000000000000005,3.0,cruise,,,
0.8,2.4000000000000004,3.0,cruise,,,
0.9,2.7,3.0,cruise,,,
1.0,3.0,3.0,cruise,,,
1.1,3.3,3.0,cruise,,,
1.2,3.5999999999999996,3.0,cruise,,,
1.3,3.8999999999999995,3.0,cruise,,,
1.4,4.199999999999999,3.0,cruise,,,
1.5,4.499999999999999,3.0,cruise,,,
1.6,4.799999999999999,3.0,cruise,,,
1.7,5.099999999999999,3.0,cruise,,,
1.8,5.399999999999999,3.0,cruise,,,
1.9,5.699999999999998,3.0,cruise,,,
2.0,5.999999999999998,3.0,cruise,,,
2.1,6.299999999999998,3.0,cruise,,,
2.2,6.599999999999998,3.0,cruise,,,
2.3,6.899999999999998,3.0,cruise,,,
2.4,7.1999999999999975,3.0,cruise,,,
2.5,7.499999999999997,3.0,cruise,,,
2.6,7.799999999999997,3.0,cruise,,,
2.7,8.099999999999998,3.0,cruise,,,
2.8,8.399999999999999,3.0,cruise,,,
2.9,8.7,3.0,cruise,,,
3.0,9.0,3.0,cruise,,,
3.1,9.3,3.0,cruise,,,
3.2,9.600000000000001,3.0,cruise,,,
3.3,9.900000000000002,3.0,cruise,,,
3.4,10.200000000000003,3.0,cruise,,,
3.5,10.500000000000004,3.0,cruise,,,
3.6,10.800000000000004,3.0,cruise,,,
3.7,11.100000000000005,3.0,cruise,,,
3.8,11.400000000000006,3.0,cruise,,,
3.9,11.700000000000006,3.0,cruise,,,
4.0,12.000000000000007,3.0,cruise,,,
4.1,12.300000000000008,3.0,cruise,,,
4.2,12.600000000000009,3.0,cruise,,,
4.3,12.90000000000001,3.0,cruise,,,
4.4,13.20000000000001,3.0,cruise,,,
4.5,13.50000000000001,3.0,cruise,,,
4.6,13.800000000000011,3.0,cruise,,,
4.7,14.100000000000012,3.0,cruise,,,
4.8,14.400000000000013,3.0,cruise,,,
4.9,14.700000000000014,3.0,cruise,,,
5.0,15.000000000000014,3.0,cruise,,,
5.1,15.300000000000015,3.0,cruise,,,
5.2,15.600000000000016,3.0,cruise,,,
5.3,15.900000000000016,3.0,cruise,,,
5.4,16.200000000000017,3.0,cruise,,,
5.5,16.500000000000018,3.0,cruise,,,
5.6,16.80000000000002,3.0,cruise,,,
5.7,17.10000000000002,3.0,cruise,,,
5.8,17.40000000000002,3.0,cruise,,,
5.9,17.70000000000002,3.0,cruise,,,
6.0,18.00000000000002,3.0,cruise,,,
6.1,18.300000000000022,3.0,cruise,,,
6.2,18.600000000000023,3.0,cruise,,,
6.3,18.900000000000023,3.0,cruise,,,
6.4,19.200000000000024,3.0,cruise,,,
6.5,19.500000000000025,3.0,cruise,,,
6.6,19.800000000000026,3.0,cruise,,,
6.7,20.100000000000026,3.0,cruise,,,
6.8,20.400000000000027,3.0,cruise,,,
6.9,20.700000000000028,3.0,cruise,,,
7.0,21.00000000000003,3.0,cruise,,,
7.1,21.30000000000003,3.0,cruise,,,
7.2,21.60000000000003,3.0,cruise,,,
7.3,21.90000000000003,3.0,cruise,,,
7.4,22.20000000000003,3.0,cruise,,,
7.5,22.500000000000032,3.0,cruise,,,
7.6,22.800000000000033,3.0,cruise,,,
7.7,23.100000000000033,3.0,cruise,,,
7.8,23.400000000000034,3.0,cruise,,,
7.9,23.700000000000035,3.0,cruise,,,
8.0,24.000000000000036,3.0,cruise,,,
8.1,24.300000000000036,3.0,cruise,,,
8.2,24.600000000000037,3.0,cruise,,,
8.3,24.900000000000038,3.0,cruise,,,
8.4,25.20000000000004,3.0,cruise,,,
8.5,25.50000000000004,3.0,cruise,,,
8.6,25.80000000000004,3.0,cruise,,,
8.7,26.10000000000004,3.0,cruise,,,
8.8,26.40000000000004,3.0,cruise,,,
8.9,26.700000000000042,3.0,cruise,,,
9.0,27.000000000000043,3.0,cruise,,,
9.1,27.300000000000043,3.0,cruise,,,
9.2,27.600000000000044,3.0,cruise,,,
9.3,27.900000000000045,3.0,cruise,,,
9.4,28.200000000000045,3.0,cruise,,,
9.5,28.500000000000046,3.0,cruise,,,
9.6,28.800000000000047,3.0,cruise,,,
9.7,29.100000000000048,3.0,cruise,,,
9.8,29.40000000000005,2.9999999999997584,cruise,,,
9.9,29.700000000000024,1.4999999999998792,cruise,,,
10.0,29.850000000000012,0.7499999999999396,cruise,,,
10.1,29.925000000000004,0.3749999999999787,cruise,,,
10.2,29.962500000000002,0.18749999999998934,cruise,,,
10.3,29.981250000000003,0.09374999999998579,cruise,,,
10.4,29.990625,0.046874999999992895,cruise,,,
10.5,29.9953125,0.023437499999996447,cruise,,,
10.6,29.99765625,0.011718750000007105,cruise,,,
10.7,29.998828125,0.005859375000003553,cruise,,,
10.8,29.9994140625,0.0029296874999928946,cruise,,,
10.9,29.99970703125,0.0014648437499964473,cruise,,,
11.0,29.999853515625,0.0007324218750071054,cruise,,,
11.1,29.9999267578125,0.0003662109375035527,cruise,,,
11.2,29.99996337890625,0.00018310546874289457,cruise,,,
11.3,29.999981689453126,9.155273437144729e-05,cruise,,,
11.4,29.99999084472656,4.577636719460543e-05,cruise,,,
11.5,29.99999542236328,2.2888183597302714e-05,cruise,,,
11.6,29.999997711181642,1.1444091789769573e-05,cruise,,,
11.7,29.99999885559082,5.722045894884786e-06,cruise,,,
11.8,29.99999942779541,2.8610229563241774e-06,cruise,,,
11.9,29.999999713897704,1.4305114781620887e-06,cruise,,,
12.0,29.999999856948854,7.152557301992601e-07,cruise,,,
12.1,29.999999928474427,3.5762786509963007e-07,cruise,,,
12.2,29.99999996423721,1.7881394143159923e-07,cruise,,,
12.3,29.999999982118606,8.940697071579962e-08,cruise,,,
12.4,29.999999991059305,4.470347647611561e-08,cruise,,,
12.5,29.999999995529652,2.2351738238057806e-08,cruise,,,
12.6,29.999999997764824,1.11758780008131e-08,cruise,,,
12.7,29.999999998882412,5.58793900040655e-09,cruise,,,
12.8,29.999999999441208,2.793960618419078e-09,cruise,,,
12.9,29.999999999720604,1.396980309209539e-09,cruise,,,
13.0,29.9999999998603,6.984990363889665e-10,cruise,,,
13.1,29.99999999993015,3.4924951819448324e-10,cruise,,,
13.2,29.999999999965077,1.7461587731304462e-10,cruise,,,
13.3,29.99999999998254,8.730793865652231e-11,cruise,,,
13.4,29.999999999991267,4.3662851112458156e-11,cruise,,,
13.5,29.999999999995634,2.1831425556229078e-11,cruise,,,
13.6,29.99999999999782,1.0906830993917538e-11,cruise,,,
13.7,29.99999999999891,5.453415496958769e-12,cruise,,,
13.8,29.999999999999453,2.7355895326763857e-12,cruise,,,
13.9,29.999999999999726,1.3677947663381929e-12,cruise,,,
14.0,29.999999999999865,6.750155989720952e-13,cruise,,,
14.1,29.999999999999932,3.375077994860476e-13,cruise,,,
14.2,29.999999999999964,1.7763568394002505e-13,cruise,,,
14.3,29.999999999999982,8.881784197001252e-14,cruise,,,
14.4,29.999999999999993,3.552713678800501e-14,cruise,,,
14.5,29.999999999999996,1.7763568394002505e-14,cruise,,,
14.6,30.0,0.0,cruise,,,
14.7,30.0,0.0,cruise,,,
14.8,30.0,0.0,cruise,,,
14.9,30.0,0.0,cruise,,,
15.0,30.0,0.0,cruise,,,
15.1,30.0,0.0,cruise,,,
15.2,30.0,0.0,cruise,,,
15.3,30.0,0.0,cruise,,,
15.4,30.0,0.0,cruise,,,
15.5,30.0,0.0,cruise,,,
15.6,30.0,0.0,cruise,,,
15.7,30.0,0.0,cruise,,,
15.8,30.0,0.0,cruise,,,
15.9,30.0,0.0,cruise,,,
16.0,30.0,0.0,cruise,,,
16.1,30.0,0.0,cruise,,,
16.2,30.0,0.0,cruise,,,
16.3,30.0,0.0,cruise,,,
16.4,30.0,0.0,cruise,,,
16.5,30.0,0.0,cruise,,,
16.6,30.0,0.0,cruise,,,
16.7,30.0,0.0,cruise,,,
16.8,30.0,0.0,cruise,,,
16.9,30.0,0.0,cruise,,,
17.0,30.0,0.0,cruise,,,
17.1,30.0,0.0,cruise,,,
17.2,30.0,0.0,cruise,,,
17.3,30.0,0.0,cruise,,,
17.4,30.0,0.0,cruise,,,
17.5,30.0,0.0,cruise,,,
17.6,30.0,0.0,cruise,,,
17.7,30.0,0.0,cruise,,,
17.8,30.0,0.0,cruise,,,
17.9,30.0,0.0,cruise,,,
18.0,30.0,0.0,cruise,,,
18.1,30.0,0.0,cruise,,,
18.2,30.0,0.0,cruise,,,
18.3,30.0,0.0,cruise,,,
18.4,30.0,0.0,cruise,,,
18.5,30.0,0.0,cruise,,,
18.6,30.0,0.0,cruise,,,
18.7,30.0,0.0,cruise,,,
18.8,30.0,0.0,cruise,,,
18.9,30.0,0.0,cruise,,,
19.0,30.0,0.0,cruise,,,
19.1,30.0,0.0,cruise,,,
19.2,30.0,0.0,cruise,,,
19.3,30.0,0.0,cruise,,,
19.4,30.0,0.0,cruise,,,
19.5,30.0,0.0,cruise,,,
19.6,30.0,0.0,cruise,,,
19.7,30.0,0.0,cruise,,,
19.8,30.0,0.0,cruise,,,
19.9,30.0,0.0,cruise,,,
20.0,30.0,0.0,cruise,,,
20.1,30.0,0.0,cruise,,,
20.2,30.0,0.0,cruise,,,
20.3,30.0,0.0,cruise,,,
20.4,30.0,0.0,cruise,,,
20.5,30.0,0.0,cruise,,,
20.6,30.0,0.0,cruise,,,
20.7,30.0,0.0,cruise,,,
20.8,30.0,0.0,cruise,,,
20.9,30.0,0.0,cruise,,,
21.0,30.0,0.0,cruise,,,
21.1,30.0,0.0,cruise,,,
21.2,30.0,0.0,cruise,,,
21.3,30.0,0.0,cruise,,,
21.4,30.0,0.0,cruise,,,
21.5,30.0,0.0,cruise,,,
21.6,30.0,0.0,cruise,,,
21.7,30.0,0.0,cruise,,,
21.8,30.0,0.0,cruise,,,
21.9,30.0,0.0,cruise,,,
22.0,30.0,0.0,cruise,,,
22.1,30.0,0.0,cruise,,,
22.2,30.0,0.0,cruise,,,
22.3,30.0,0.0,cruise,,,
22.4,30.0,0.0,cruise,,,
22.5,30.0,0.0,cruise,,,
22.6,30.0,0.0,cruise,,,
22.7,30.0,0.0,cruise,,,
22.8,30.0,0.0,cruise,,,
22.9,30.0,0.0,cruise,,,
23.0,30.0,0.0,cruise,,,
23.1,30.0,0.0,cruise,,,
23.2,30.0,0.0,cruise,,,
23.3,30.0,0.0,cruise,,,
23.4,30.0,0.0,cruise,,,
23.5,30.0,0.0,cruise,,,
23.6,30.0,0.0,cruise,,,
23.7,30.0,0.0,cruise,,,
23.8,30.0,0.0,cruise,,,
23.9,30.0,0.0,cruise,,,
24.0,30.0,0.0,cruise,,,
24.1,30.0,0.0,cruise,,,
24.2,30.0,0.0,cruise,,,
24.3,30.0,0.0,cruise,,,
24.4,30.0,0.0,cruise,,,
24.5,30.0,0.0,cruise,,,
24.6,30.0,0.0,cruise,,,
24.7,30.0,0.0,cruise,,,
24.8,30.0,0.0,cruise,,,
24.9,30.0,0.0,cruise,,,
25.0,30.0,0.0,cruise,,,
25.1,30.0,0.0,cruise,,,
25.2,30.0,0.0,cruise,,,
25.3,30.0,0.0,cruise,,,
25.4,30.0,0.0,cruise,,,
25.5,30.0,0.0,cruise,,,
25.6,30.0,0.0,cruise,,,
25.7,30.0,0.0,cruise,,,
25.8,30.0,0.0,cruise,,,
25.9,30.0,0.0,cruise,,,
26.0,30.0,0.0,cruise,,,
26.1,30.0,0.0,cruise,,,
26.2,30.0,0.0,cruise,,,
26.3,30.0,0.0,cruise,,,
26.4,30.0,0.0,cruise,,,
26.5,30.0,0.0,cruise,,,
26.6,30.0,0.0,cruise,,,
26.7,30.0,0.0,cruise,,,
26.8,30.0,0.0,cruise,,,
26.9,30.0,0.0,cruise,,,
27.0,30.0,0.0,cruise,,,
27.1,30.0,0.0,cruise,,,
27.2,30.0,0.0,cruise,,,
27.3,30.0,0.0,cruise,,,
27.4,30.0,0.0,cruise,,,
27.5,30.0,0.0,cruise,,,
27.6,30.0,0.0,cruise,,,
27.7,30.0,0.0,cruise,,,
27.8,30.0,0.0,cruise,,,
27.9,30.0,0.0,cruise,,,
28.0,30.0,0.0,cruise,,,
28.1,30.0,0.0,cruise,,,
28.2,30.0,0.0,cruise,,,
28.3,30.0,0.0,cruise,,,
28.4,30.0,0.0,cruise,,,
28.5,30.0,0.0,cruise,,,
28.6,30.0,0.0,cruise,,,
28.7,30.0,0.0,cruise,,,
28.8,30.0,0.0,cruise,,,
28.9,30.0,0.0,cruise,,,
29.0,30.0,0.0,cruise,,,
29.1,30.0,0.0,cruise,,,
29.2,30.0,0.0,cruise,,,
29.3,30.0,0.0,cruise,,,
29.4,30.0,0.0,cruise,,,
29.5,30.0,0.0,cruise,,,
29.6,30.0,0.0,cruise,,,
29.7,30.0,0.0,cruise,,,
29.8,30.0,0.0,cruise,,,
29.9,30.0,0.0,cruise,,,
30.0,30.0,-5.7999999999999545,follow,-2.8999999999999773,52.10000000000002,11.252699784017286
30.1,29.420000000000005,-4.869999999999919,follow,-2.4349999999999596,51.69500000000005,11.436946902654862
30.2,28.933000000000014,-4.215599999999824,follow,-2.107799999999912,51.291700000000105,14.897386000580852
30.3,28.511440000000032,-3.5552079999998796,follow,-1.7776039999999398,50.98955600000011,21.50151637823408
30.4,28.155919200000046,-2.8918294399998103,follow,-1.4459147199999052,50.787964080000165,15.224578604901303
30.5,27.866736256000063,-2.633627859199862,follow,-1.316813929599931,50.48329045440016,16.569629338601708
30.6,27.603373470080076,-2.4002141954559164,follow,-1.2001070977279582,50.20495310739216,35.27180614415114
30.7,27.363352050534484,-1.916820346925988,follow,-0.958410173462994,50.08661790233873,28.08565918733059
30.8,27.171670015841887,-1.660108246016705,follow,-0.8300541230083525,49.92745090075448,19.79935938766581
30.9,27.005659191240216,-1.6332076104597775,follow,-0.8166038052298887,49.69188498163044,31.141916302946704
31.0,26.84233843019424,-1.4297130133606402,follow,-0.7148565066803201,49.548651138611035,22.60082223446726
31.1,26.699367128858174,-1.4106725351240499,follow,-0.7053362675620249,49.34371442572524,24.07753775831154
31.2,26.55829987534577,-1.3691307496560086,follow,-0.6845653748280043,49.152884438190654,35.66196683131802
31.3,26.42138680038017,-1.2066688848351248,follow,-0.6033344424175624,49.028745758152695,17.19470180321232
31.4,26.300719911896657,-1.3908122017639357,follow,-0.6954061008819679,48.755673766963014,18.819353471240035
31.5,26.161638691720263,-1.4638962795789041,follow,-0.7319481397894521,48.51050989779094,30.671043994901652
31.6,26.015249063762372,-1.3117772084576984,follow,-0.6558886042288492,48.36698499141471,27.245182649981604
31.7,25.884071342916602,-1.2470583145036898,follow,-0.6235291572518449,48.20257785712306,74.84043248818239
31.8,25.759365511466232,-0.9768139224457428,follow,-0.4884069612228714,48.15064130597648,33.45268517440514
31.9,25.661684119221658,-0.9521065695562783,follow,-0.47605328477813913,48.016472894054345,27.889246556889752
32.0,25.56647346226603,-0.9917692911424894,follow,-0.4958846455712447,47.853825547827796,
32.1,25.467296533151778,-0.5676978104301043,follow,-0.2838489052150521,47.91709589451261,75.1880692925417
32.2,25.41052675210877,-0.5134938177228605,follow,-0.25674690886143026,47.859043219301725,132.7475504643356
32.3,25.359177370336482,-0.4212811464732624,follow,-0.2106405732366312,47.82812548226809,33.465493139600675
32.4,25.317049255689156,-0.5723066536689743,follow,-0.28615332683448713,47.68942055669925,65.59310828465858
32.5,25.259818590322258,-0.534578375632762,follow,-0.267289187816381,47.62243869766701,264.83601396452434
32.6,25.206360752758982,-0.39947701349463216,follow,-0.19973850674731608,47.60980262239116,44.64699446149993
32.7,25.16641305140952,-0.48491651972823036,follow,-0.24245825986411518,47.507161317250166,
32.8,25.117921399436696,-0.3070258436969624,follow,-0.1535129218484812,47.52336917730656,83.67948315461189
32.9,25.087218815067,-0.32236185360127934,follow,-0.16118092680063967,47.46964729579986,154.51412793662232
33.0,25.054982629706874,-0.28064982346243994,follow,-0.14032491173121997,47.44214903282909,93.94808106640772
33.1,25.02691764736063,-0.29183840589567467,follow,-0.14591920294783733,47.394457268093106,
33.2,24.997733806771063,0.07416635451887998,follow,0.03708317725943999,47.53368388741603,6146.220780335766
33.3,25.005150442222952,0.04888635971863664,follow,0.02444317985931832,47.532168843193745,59.77757958646304
33.4,25.010039078194815,-0.12578736383585465,follow,-0.06289368191792732,47.4521649353743,
33.5,24.99746034181123,0.03645677695261895,follow,0.018228388476309476,47.51441890119315,51.789071130193086
33.6,25.00110601950649,-0.15870146003435082,follow,-0.07935073001717541,47.42230829924256,
33.7,24.985235873503054,-0.07613819672469901,follow,-0.03806909836234951,47.43978471189223,32.59937826965115
33.8,24.977622053830583,-0.34282114847354705,follow,-0.17141057423677353,47.2950225065091,48.37761415180298
33.9,24.94333993898323,-0.42864279172812303,follow,-0.21432139586406151,47.20068851261078,
34.0,24.900475659810418,-0.25014508617184106,follow,-0.12507254308592053,47.22564094662971,
34.1,24.875461151193235,-0.04019379055910122,follow,-0.02009689527955061,47.2930948315103,
34.2,24.871441772137324,0.02357599218123596,follow,0.01178799609061798,47.3189506542966,
34.3,24.873799371355446,0.023743320255775302,follow,0.011871660127887651,47.32257071716106,455.90421309115214
34.4,24.876173703381024,-0.004614416497119578,follow,-0.002307208248559789,47.311953346822975,47.975273711535245
34.5,24.875712261731312,-0.20037254389426096,follow,-0.10018627194713048,47.21338212064984,113.57226251643598
34.6,24.855675007341887,-0.21939578219431155,follow,-0.10969789109715578,47.173814619915674,229.36094778642627
34.7,24.833735429122456,-0.19032413336036313,follow,-0.09516206668018157,47.1554410770035,
34.8,24.81470301578642,0.061832503490421686,follow,0.030916251745210843,47.25297077542484,
34.9,24.820886266135464,0.13110549921616155,follow,0.06555274960808077,47.29688214881128,41.45626391754237
35.0,24.83399681605708,-0.13902551376010308,follow,-0.06951275688005154,47.18148246720557,
35.1,24.82009426468107,-0.013336712568374764,follow,-0.006668356284187382,47.22347304073742,428.9367223400617
35.2,24.818760593424233,-0.03108781748271383,follow,-0.015543908741356915,47.212596981394995,143.60783477620603
35.3,24.815651811675963,-0.08689183457326521,follow,-0.04344591728663261,47.18003180022731,
35.4,24.806962628218635,0.06978319015505008,follow,0.03489159507752504,47.24533553740548,
35.5,24.81394094723414,0.24006004366165712,follow,0.12003002183082856,47.34094144268204,
35.6,24.837946951600305,0.34045264024328503,follow,0.17022632012164252,47.4271467475221,101.35154548037728
35.7,24.871992215624633,0.13791840504534036,follow,0.06895920252267018,47.37694752595962,464.51532831018187
35.8,24.885784056129168,0.07338607230592231,follow,0.036693036152961156,47.36536912034671,
35.9,24.89312266335976,0.12274571794206679,follow,0.061372858971033395,47.401056854010676,
36.0,24.90539723515397,0.2508425555285214,follow,0.1254212777642607,47.483517130495215,178.91488998725936
36.1,24.93048149070682,0.11749349072876214,follow,0.05874674536438107,47.45446898142461,673.2898028337463
36.2,24.942230839779697,0.06579927555411302,follow,0.03289963777705651,47.4462458974466,61.440496096973085
36.3,24.948810767335107,-0.10970266057898925,follow,-0.054851330289494626,47.36836482071317,55.80556543766414
36.4,24.937840501277208,-0.24435996266078064,follow,-0.12217998133039032,47.28458077058542,
36.5,24.91340450501113,-0.03173287486461618,follow,-0.01586643743230809,47.354240320084386,
36.6,24.910231217524668,0.1997407440897092,follow,0.0998703720448546,47.46521719833186,
36.7,24.93020529193364,0.1437774624760948,follow,0.0718887312380474,47.4671966691385,
36.8,24.94458303818125,0.26172761609718975,follow,0.13086380804859488,47.54773836532047,
36.9,24.970755799790968,0.24305817130995422,follow,0.12152908565497711,47.57766278534143,105.55086103696253
37.0,24.995061616921962,0.07512839653249159,follow,0.037564198266245796,47.53015662364919,
37.1,25.00257445657521,0.10607498625773815,follow,0.05303749312886907,47.55689917799168,
37.2,25.013181955200984,0.30161609934029343,follow,0.15080804967014672,47.67058098247162,1103.9467935297107
37.3,25.043343565135014,0.1964625565111504,follow,0.0982312782555752,47.663246625958095,
37.4,25.06298982078613,0.3589258254004335,follow,0.17946291270021675,47.77394764387941,23.61551558638815
37.5,25.098882403326172,-0.16052840288506331,follow,-0.08026420144253166,47.56805940354673,
37.6,25.082829563037667,-0.004935794627101586,follow,-0.002467897313550793,47.62177644724295,3711.878285131803
37.7,25.082335983574957,-0.005922252954064788,follow,-0.002961126477032394,47.62054284888541,157.50868383511218
37.8,25.08174375827955,-0.06449432872381067,follow,-0.032247164361905334,47.590368473057424,4052.3968000880636
37.9,25.07529432540717,-0.04620489518829629,follow,-0.023102447594148146,47.58983904051661,30.403125002154074
38.0,25.070673835888343,-0.3444781938094792,follow,-0.1722390969047396,47.433771656927775,205.6313472841713
38.1,25.036226016507396,-0.2803799389679682,follow,-0.1401899694839841,47.41414905527711,
38.2,25.0081880226106,-0.14390356179960406,follow,-0.07195178089980203,47.4403302530161,
38.3,24.99379766643064,0.12250797345410547,follow,0.061253986727052734,47.551950486373016,123.89848778553322
38.4,25.00604846377605,0.006545888662600419,follow,0.0032729443313002093,47.512345639995374,77.12436347746076
38.5,25.00670305264231,-0.11875848846462134,follow,-0.05937924423231067,47.45067533473116,122.70571698491781
38.6,24.99482720379585,-0.15809638268434867,follow,-0.07904819134217433,47.4131926143516,
38.7,24.979017565527414,0.031529019015323456,follow,0.015764509507661728,47.48429085779878,
38.8,24.982170467428947,0.0756362198249434,follow,0.0378181099124717,47.511073811055894,124.31906141436558
38.9,24.989734089411442,-0.02500146400485903,follow,-0.012500732002429515,47.472100402114734,
39.0,24.987233943010956,0.06105218659436673,follow,0.030526093297183365,47.51137700781362,
39.1,24.99333916167039,0.05806869828204242,follow,0.02903434914102121,47.51904309164661,
39.2,24.999146031498597,0.18681888249797396,follow,0.09340944124898698,47.59212848849688,89.9413879259585
39.3,25.017827919748395,0.021207633798667302,follow,0.010603816899333651,47.537345696521925,177.4921215875469
39.4,25.019948683128263,-0.03914439296684691,follow,-0.019572196483423454,47.51035082820897,153.2845706866527
39.5,25.016034243831577,-0.0886079238430284,follow,-0.0443039619215142,47.479747403825854,42.54327111040786
39.6,25.007173451447272,-0.2834602369793515,follow,-0.14173011848967576,47.36903005868123,
39.7,24.978827427749337,-0.1501876514354592,follow,-0.0750938257177296,47.393147315906276,
39.8,24.963808662605793,-0.05789308852595809,follow,-0.028946544262979046,47.416766449645706,
39.9,24.958019353753198,-0.03212903271879952,follow,-0.01606451635939976,47.420964514270395,343.5819921245781
40.0,24.954806450481318,-0.049451612999490635,follow,-0.024725806499745318,47.40748386922223,46.715788854847304
40.1,24.949861289181367,-0.23658838693599193,follow,-0.11829419346799597,47.30649774030405,175.29930981879534
40.2,24.926202450487768,-0.2148523609526194,follow,-0.1074261804763097,47.281877495255344,253.92725697968726
40.3,24.904717214392505,-0.1833400955454323,follow,-0.09167004777271615,47.26540577381604,93.64730273903209
40.4,24.886383204837962,-0.22561470784930293,follow,-0.11280735392465147,47.216767453332295,7397.0315307004275
40.5,24.863821734053033,-0.15469464230505992,follow,-0.07734732115252996,47.21838527992702,
40.6,24.848352269822527,-0.017956703578050792,follow,-0.008978351789025396,47.263550052944765,
40.7,24.846556599464723,0.30011898760251654,follow,0.15005949380125827,47.419894392998344,
40.8,24.876568498224973,0.2607695916767483,follow,0.13038479583837415,47.445237543175836,
40.9,24.902645457392648,0.24000962269501258,follow,0.12000481134750629,47.473972997436476,
41.0,24.92664641966215,0.17067745195382145,follow,0.08533872597691072,47.47530835547013,34.73854515142736
41.1,24.943714164857532,-0.15726861660397162,follow,-0.07863430830198581,47.33693693898431,
41.2,24.927987303197135,-0.09968549226206846,follow,-0.04984274613103423,47.342138208664664,
41.3,24.918018753970927,-0.04338359537760539,follow,-0.021691797688802694,47.35533633326759,
41.4,24.913680394433165,0.35689540434879063,follow,0.17844770217439532,47.548968293824146,885.779040856807
41.5,24.949369934868045,0.23195279607072905,follow,0.11597639803536453,47.54003130033743,
41.6,24.972565214475118,0.21385391435427437,follow,0.10692695717713718,47.56577477888982,18542.611247615267
41.7,24.993950605910545,0.14490761886605696,follow,0.07245380943302848,47.56337971829885,54.42341866534201
41.8,25.00844136779715,-0.07625294035315733,follow,-0.038126470176578664,47.47453558151915,
41.9,25.000816073761836,0.11845972700049856,follow,0.05922986350024928,47.560453974143,
42.0,25.012662046461887,0.1923893996078192,follow,0.0961946998039096,47.61518776949674,
42.1,25.03190098642267,0.24629238244074259,follow,0.12314619122037129,47.670997670854376,66.96296055214503
42.2,25.056530224666744,0.025098622775090007,follow,0.012549311387545004,47.59734464838766,
42.3,25.059040086944254,0.2157610185537635,follow,0.10788050927688175,47.696440639693265,43.00695818048523
42.4,25.08061618879963,-0.07509052477237788,follow,-0.03754526238618894,47.583379020813254,
42.5,25.073107136322392,0.02081520539502435,follow,0.010407602697512175,47.6200683071811,
42.6,25.075188656861894,0.3275329124039388,follow,0.1637664562019694,47.77654944149481,58.6079664373802
42.7,25.107941948102287,0.05968464906229087,follow,0.029842324531145437,47.69175524668458,90.33522609467722
42.8,25.113910413008515,-0.06500282825790293,follow,-0.03250141412895147,47.63836420538382,1084.899023749699
42.9,25.107410130182725,-0.052984005817066304,follow,-0.026492002908533152,47.63462319236555,97.73006394944632
43.0,25.102111729601017,-0.13351114999196056,follow,-0.06675557499598028,47.58641201940554,37.70380300201213
43.1,25.08876061460182,-0.3432099279145717,follow,-0.17160496395728586,47.46153595794544,1224.478415667766
43.2,25.054439621810364,-0.2411348739021122,follow,-0.1205674369510561,47.46109199576449,55.54645499140732
43.3,25.030326134420154,-0.3348596386152849,follow,-0.16742981930764245,47.37805938232259,
43.4,24.996840170558624,-0.16176978114231133,follow,-0.08088489057115567,47.41437536526678,69.0326183553059
43.5,24.980663192444393,-0.24737148528822672,follow,-0.12368574264411336,47.347309046022474,
43.6,24.95592604391557,0.0676547515151924,follow,0.0338273757575962,47.467716441630955,86.9489869015517
43.7,24.96269151906709,-0.06317997775278172,follow,-0.03158998887639086,47.41244728972424,233.91431229064628
43.8,24.956373521291813,-0.08350068868529092,follow,-0.04175034434264546,47.392809937595075,
43.9,24.948023452423282,0.07394482743553965,follow,0.036972413717769825,47.45900759235269,54.67479877399642
44.0,24.955417935166835,-0.12332220782856496,follow,-0.06166110391428248,47.37146579883597,
44.1,24.94308571438398,-0.04094268835648052,follow,-0.02047134417824026,47.39415722739773,
44.2,24.938991445548332,0.17954182904054505,follow,0.08977091452027253,47.49825808284277,41.339087655413465
44.3,24.956945628452388,-0.10770984536242167,follow,-0.05385492268121084,47.38156351999737,
44.4,24.946174643916144,-0.036631820537280646,follow,-0.018315910268640323,47.40094605560557,
44.5,24.942511461862416,0.023855433251213753,follow,0.011927716625606877,47.425694909419235,
44.6,24.94489700518754,0.1457194022384556,follow,0.0728597011192278,47.490205208900534,54.28090955542908
44.7,24.959468945411384,-0.07589020751572662,follow,-0.03794510375786331,47.40125831435921,49.92396912341495
44.8,24.95187992465981,-0.24149913019302005,follow,-0.12074956509651003,47.30707032189321,
44.9,24.92773001164051,-0.07659539346333588,follow,-0.03829769673166794,47.3532973207291,
45.0,24.920070472294174,0.0063691301166670655,follow,0.0031845650583335328,47.3832902734996,
45.1,24.920707385305843,0.05831691402042338,follow,0.02915845701021169,47.410219534968974,
45.2,24.926539076707886,0.10751402447296243,follow,0.053757012236481216,47.44356562729831,108.6811425567874
45.3,24.937290479155184,-0.014198278700035871,follow,-0.007099139350017936,47.39883657938276,
45.4,24.93587065128518,0.03688707465283869,follow,0.018443537326419346,47.42224951425419,
45.5,24.939559358750465,0.08190908050693224,follow,0.04095454025346612,47.45029357837916,98.94561061641097
45.6,24.947750266801158,-0.04021369700561195,follow,-0.020106848502805974,47.40151855169893,
45.7,24.9437288971006,0.26310463267601847,follow,0.13155231633800923,47.54714566198891,
45.8,24.9700393603682,0.2621653707995506,follow,0.1310826853997753,47.586141725952075,55.33019059218338
45.9,24.996255897448155,0.006264580070379111,follow,0.0031322900351895555,47.49751613620742,
46.0,24.99688235545519,0.10300873495805263,follow,0.051504367479026314,47.54682790066181,65.41199898969452
46.1,25.007183228950996,-0.07533053131992062,follow,-0.03766526565996031,47.473109577766536,
46.2,24.999650175819003,0.06533859291225497,follow,0.03266929645612748,47.53214456018463,
46.3,25.006184035110227,0.21850020801656456,follow,0.10925010400828228,47.618526156673624,76.04557683795193
46.4,25.028034055911885,0.02334333442921377,follow,0.011671667214606884,47.55372275108243,
46.5,25.030368389354805,0.15426665622925384,follow,0.07713332811462692,47.622685912146835,
46.6,25.04579505497773,0.16082764836485808,follow,0.08041382418242904,47.649106406649025,
46.7,25.061877819814217,0.22420378989228595,follow,0.11210189494614298,47.70491862466747,
46.8,25.084298198803445,0.4240830131640223,follow,0.21204150658201115,47.838488804787175,181.0019478807119
46.9,25.126706500119848,0.23551680919061369,follow,0.11775840459530684,47.80781815477508,68.61973893820584
47.0,25.15025818103891,0.02081013022574041,follow,0.010405065112870204,47.73579233667124,58.19605758300468
47.1,25.152339194061486,-0.14990074765445627,follow,-0.07495037382722813,47.653558417265,62.50965290579241
47.2,25.13734911929604,-0.25440034721702887,follow,-0.12720017360851443,47.57882350533555,241.08961658938878
47.3,25.111909084574336,-0.21246205996681056,follow,-0.10623102998340528,47.5616325968781,
47.4,25.090662878577653,-0.11485601769237519,follow,-0.057428008846187595,47.57856630902029,
47.5,25.079177276808416,-0.054234667746612786,follow,-0.027117333873306393,47.591648581339314,
47.6,25.073753810033754,0.07128497057038885,follow,0.035642485285194425,47.64627320033583,747.3478553691326
47.7,25.080882307090793,0.03572301798109834,follow,0.01786150899054917,47.63918496962674,
47.8,25.0844546088889,0.22611519080886922,follow,0.11305759540443461,47.739739508737784,167.82902444510407
47.9,25.107066127969787,0.09686740797251048,follow,0.04843370398625524,47.709032895940936,
48.0,25.116752868767037,0.4524566118273583,follow,0.22622830591367915,47.901357609064235,
48.1,25.161998529949773,0.3783199222892222,follow,0.1891599611446111,47.93215775606927,59.76589228794605
48.2,25.199830522178697,0.09685784116656748,follow,0.04842892058328374,47.84817470385133,47.85628528281667
48.3,25.209516306295352,-0.13410277244224744,follow,-0.06705138622112372,47.7472230732219,
48.4,25.196106029051126,-0.06109314651946818,follow,-0.03054657325973409,47.76361247031696,130.46387844010786
48.5,25.18999671439918,-0.11476454544336434,follow,-0.05738227272168217,47.72761279887709,
48.6,25.178520259854842,-0.00803923378131799,follow,-0.004019616890658995,47.7637607728916,
48.7,25.17771633647671,0.028829269057780493,follow,0.014414634528890247,47.78098913924396,209.82679538290708
48.8,25.180599263382486,-0.025939364336380777,follow,-0.012969682168190388,47.75792921290554,58.19884484912733
48.9,25.17800532694885,-0.18175862042561164,follow,-0.09087931021280582,47.67612868021047,36.17294081092946
49.0,25.159829464906288,-0.3871969272791205,follow,-0.19359846363956024,47.54614573371987,97.06673268995029
49.1,25.121109772178375,-0.36125980353088494,follow,-0.18062990176544247,47.50103475650212,
49.2,25.084983791825287,-0.1418786208366214,follow,-0.0709393104183107,47.55653637731962,
49.3,25.070795929741625,-0.08147422053379216,follow,-0.04073711026689608,47.56545678434554,47.52762813156677
49.4,25.062648507688245,-0.255561655911265,follow,-0.1277808279556325,47.46619193357674,
49.5,25.037092342097118,-0.16031162755751893,follow,-0.08015581377875947,47.47548269936692,
49.6,25.021061179341366,-0.0584303751584514,follow,-0.0292151875792257,47.50237658143283,69.74759099816985
49.7,25.01521814182552,-0.1759448909760124,follow,-0.0879724454880062,47.43485476725027,
49.8,24.99762365272792,-0.09868615422887217,follow,-0.049343077114436085,47.44709240197744,
49.9,24.987755037305032,-0.05863131542136557,follow,-0.029315657710682785,47.45231689824686,55.974090167715524
50.0,24.981891905762897,-0.2094203019476737,follow,-0.10471015097383685,47.36812770767051,
50.1,24.96094987556813,-0.08478418647671049,follow,-0.042392093238355244,47.39903272011384,
50.2,24.95247145692046,0.03415677808209239,follow,0.017078389041046194,47.445785574421734,
50.3,24.95588713472867,0.1947323177114697,follow,0.09736615885573485,47.53119686094874,
50.4,24.975360366499817,0.29924054909794506,follow,0.14962027454897253,47.6126608242987,47.358800297711255
50.5,25.005284421409613,0.0024115000866800074,follow,0.0012057500433400037,47.50913238215776,67.3616642307283
50.6,25.005525571418282,-0.13941706422295397,follow,-0.06970853211147698,47.43857982501595,
50.7,24.991583864995988,-0.01790871795535054,follow,-0.00895435897767527,47.47842143851631,
50.8,24.989792993200453,0.06750529879097655,follow,0.03375264939548828,47.51844213919617,
50.9,24.996543523079552,0.12594500453771218,follow,0.06297250226885609,47.557787786888184,
51.0,25.009138023533325,0.6643338984696641,follow,0.33216694923483203,47.84587398453482,
51.1,25.075571413380292,0.535919446252322,follow,0.267959723126161,47.8813168431966,
51.2,25.129163358005524,0.5193109407755401,follow,0.25965547038777004,47.953400507396054,
51.3,25.181094452083077,0.47129876812623195,follow,0.23564938406311597,48.00729106218773,
51.4,25.2282243288957,0.38226427190912204,follow,0.19113213595456102,48.03346862929811,102.58644343104635
51.5,25.266450756086613,0.16629483911918896,follow,0.08314741955959448,47.982823553689514,
51.6,25.283080239998533,0.1737903393836575,follow,0.08689516969182876,48.01151552968963,55.62810188977485
51.7,25.300459273936898,-0.05443861721893484,follow,-0.02721930860946742,47.92346960229588,99.74512347240073
51.8,25.295015412215005,-0.13311011449611954,follow,-0.06655505724805977,47.875968061074445,73.09136116229202
51.9,25.281704400765392,-0.22151796030053106,follow,-0.11075898015026553,47.81179762099782,215.6556092523941
52.0,25.25955260473534,-0.19497309315707412,follow,-0.09748654657853706,47.79184236052447,
52.1,25.240055295419634,0.16350777570617936,follow,0.08175388785308968,47.94183683098254,29.231841734162945
52.2,25.256406072990252,-0.21682577160390792,follow,-0.10841288580195396,47.77619622368343,
52.3,25.23472349582986,-0.09672273928890718,follow,-0.04836136964445359,47.80372387410034,33.088493412119284
52.4,25.22505122190097,-0.35471616188254984,follow,-0.17735808094127492,47.66021875191018,82.87995388368677
52.5,25.189579605712716,-0.35621723446044484,follow,-0.17810861723022242,47.606260791338855,
52.6,25.15395788226667,-0.11614364057543014,follow,-0.05807182028771507,47.67286500311229,458.5786470796242
52.7,25.142343518209127,-0.09976925204449572,follow,-0.04988462602224786,47.66363065129144,50.04877939519396
52.8,25.13236659300468,-0.2583117950318581,follow,-0.12915589751592904,47.56939399199109,70.74919320338702
52.9,25.106535413501494,-0.3101253392228074,follow,-0.1550626696114037,47.50474045064084,
53.0,25.075522879579214,-0.13019231337186454,follow,-0.06509615668593227,47.54818816268289,76.01350760290053
53.1,25.06250364824203,-0.21363534900874015,follow,-0.10681767450437007,47.48693779785867,
53.2,25.041140113341154,-0.12577276697435025,follow,-0.06288638348717512,47.498823786524554,4263.764858752334
53.3,25.02856283664372,-0.08775350421102246,follow,-0.04387675210551123,47.49896750286007,91.59732272811254
53.4,25.019787486222615,-0.16338495019196841,follow,-0.08169247509598421,47.44798875423794,
53.5,25.003448991203417,0.20694073662501467,follow,0.10347036831250733,47.608643855117634,
53.6,25.024143064865918,0.23602990266437018,follow,0.11801495133218509,47.654229548631065,30.86127874606556
53.7,25.047746055132354,-0.1483282791613192,follow,-0.0741641395806596,47.49745494311787,
53.8,25.032913227216223,-0.08241244085648702,follow,-0.04120622042824351,47.50816362039609,89.14802859850991
53.9,25.024671983130574,-0.16262310522559176,follow,-0.08131155261279588,47.455696422083065,
54.0,25.008409672608014,0.01248189182078363,follow,0.006240945910391815,47.518855454822415,79.40856846067304
54.1,25.009657861790092,-0.11119424808337897,follow,-0.05559712404168948,47.45888966864345,476.2182211836466
54.2,24.998538436981754,-0.09554366105487588,follow,-0.04777183052743794,47.45003582494519,
54.3,24.988984070876267,0.011322623086385875,follow,0.005661311543192937,47.48913741785759,
54.4,24.990116333184904,0.13990256952345703,follow,0.06995128476172852,47.55512578453909,53.42574224470558
54.5,25.00410659013725,-0.08288951936106059,follow,-0.041444759680530296,47.464715125525345,186.79057123189173
54.6,24.995817638201146,-0.10718619119305117,follow,-0.053593095596525586,47.44013336170519,133.32709868330662
54.7,24.98509901908184,-0.14405013765157548,follow,-0.07202506882578774,47.40562345979697,99.78051217914867
54.8,24.970694005316684,-0.19297389741946347,follow,-0.09648694870973173,47.35955405926529,
54.9,24.951396615574737,0.1386389486915789,follow,0.06931947434578944,47.496414397707895,
55.0,24.965260510443894,0.16399516199528819,follow,0.08199758099764409,47.52988834666348,51.930448002844464
55.1,24.98166002664342,-0.0715353919322439,follow,-0.03576769596612195,47.43672234399901,
55.2,24.974506487450196,0.09302392815752114,follow,0.04651196407876057,47.50827169525405,
55.3,24.983808880265947,0.38635497365740434,follow,0.19317748682870217,47.668890807227626,
55.4,25.022444377631686,0.4199596060337143,follow,0.20997980301685715,47.743646369464386,41.071768497633585
55.5,25.06444033823506,0.053083656576475846,follow,0.026541828288237923,47.623202335640826,112.20234752820956
55.6,25.069748703892706,-0.04879118117514736,follow,-0.02439559058757368,47.58022746525148,
55.7,25.06486958577519,0.14287225602220133,follow,0.07143612801110066,47.668740506673885,80.13309412105055
55.8,25.079156811377413,-0.02182078306023527,follow,-0.010910391530117636,47.607824825536,
55.9,25.07697473307139,0.035330505243251764,follow,0.017665252621625882,47.63312735222871,
56.0,25.080507783595714,0.12462979695112608,follow,0.06231489847556304,47.68307657386913,61.09237803394924
56.1,25.092970763290825,-0.0713532947924449,follow,-0.03567664739622245,47.60377949754002,358.0018518313254
56.2,25.08583543381158,-0.07511439311664958,follow,-0.03755719655832479,47.59119595415905,18.916656993759194
56.3,25.078323994499918,-0.5542448740816894,follow,-0.2771224370408447,47.34036355470903,55.80457921930631
56.4,25.02289950709175,-0.5465513132755007,follow,-0.27327565663775033,47.261073603999876,221.9877079547774
56.5,24.9682443757642,-0.41423479444561906,follow,-0.20711739722280953,47.24524916642349,52.01821274882223
56.6,24.92682089631964,-0.46332853537583674,follow,-0.23166426768791837,47.15856707679154,
56.7,24.880488042782055,-0.05642758331924824,follow,-0.02821379165962412,47.29251827251346,49.75603705028147
56.8,24.87484528445013,-0.2284683652135442,follow,-0.1142341826067721,47.198033744068425,230.40820232090292
56.9,24.85199844792878,-0.1963275452352633,follow,-0.09816377261763165,47.179833899275536,
57.0,24.83236569340525,-0.08390242034576545,follow,-0.041951210172882725,47.20659732993499,
57.1,24.823975451370675,0.19247321548381535,follow,0.09623660774190768,47.33219978479792,52.3600499471854
57.2,24.843222772919056,-0.049913303745199755,follow,-0.024956651872599878,47.23987750750598,
57.3,24.838231442544537,0.171414398869274,follow,0.085707199434637,47.34305436325144,
57.4,24.855372882431464,0.15091550272200038,follow,0.07545775136100019,47.358517075008194,79.54429647786314
57.5,24.870464432703663,-0.016452034635534574,follow,-0.008226017317767287,47.297470631737724,
57.6,24.86881922924011,0.08471972990705012,follow,0.04235986495352506,47.34558870881369,
57.7,24.877291202230815,0.11384557048896227,follow,0.05692278524448113,47.3728595885907,144.74223341690117
57.8,24.88867575927971,0.011956747486124186,follow,0.005978373743062093,47.33899201266263,
57.9,24.889871434028322,0.04039543643463617,follow,0.020197718217318084,47.3550048692598,263.27140340585515
58.0,24.893910977671787,-0.008505390029966975,follow,-0.0042526950149834875,47.336613771492694,
58.1,24.89306043866879,0.03343413924520178,follow,0.01671706962260089,47.35630772762579,
58.2,24.89640385259331,0.14412312695309026,follow,0.07206156347654513,47.41666734236651,
58.3,24.91081616528862,0.35672295580930324,follow,0.17836147790465162,47.54458572583758,56.54575600305856
58.4,24.94648846086955,0.07440837689260604,follow,0.03720418844630302,47.45693687975063,
58.5,24.95392929855881,0.3813000041133421,follow,0.19065000205667104,47.621543949894885,33.680286559189774
58.6,24.992059298970144,-0.02350185691460638,follow,-0.01175092845730319,47.47633801999791,465.1838538875983
58.7,24.989709113278682,-0.03639312249593729,follow,-0.018196561247968646,47.466367108670056,
58.8,24.98606980102909,0.06531085404708392,follow,0.03265542702354196,47.511760128567175,
58.9,24.9926008864338,0.08919742054632707,follow,0.04459871027316353,47.533500039923865,102.75272147954766
59.0,25.001520628488432,-0.03186593131538018,follow,-0.01593296565769009,47.486347977074956,293.99556218589015
59.1,24.998334035356894,-0.05397295899213361,follow,-0.026986479496066806,47.470514573539276,128.87897945011517
59.2,24.99293673945768,-0.1103684191858747,follow,-0.05518420959293735,47.43422089959358,109.56386136000421
59.3,24.98189989753909,-0.16163787293805854,follow,-0.08081893646902927,47.392030909839605,
59.4,24.965736110245285,0.021706266894341297,follow,0.010853133447170649,47.459457298815096,
59.5,24.96790673693472,0.07561303943899134,follow,0.03780651971949567,47.48966662512157,97.33349230526339
59.6,24.975468040878617,-0.04616448056845002,follow,-0.02308224028422501,47.440119821033704,
59.7,24.970851592821774,0.10751454503754587,follow,0.053757272518772936,47.51003466175143,
59.8,24.981603047325528,0.12493957206078221,follow,0.062469786030391106,47.53487435701868,
59.9,24.994097004531607,0.21063829953584445,follow,0.10531914976792223,47.59646465656533,
60.0,25.01516083448519,0.23841464277823832,follow,0.11920732138911916,47.641948573116906,75.00769251890591
60.1,25.039002298763013,0.035089790192358805,follow,0.017544895096179403,47.5760483432407,110.89928534280973
60.2,25.04251127778225,-0.06193940242164331,follow,-0.030969701210821654,47.53279721546255,
60.3,25.036317337540087,0.07537895079705947,follow,0.03768947539852974,47.59216548170866,
60.4,25.043855232619794,0.15599421903392852,follow,0.07799710951696426,47.64377995844666,
60.5,25.059454654523186,0.11930502241926888,follow,0.05965251120963444,47.64883449299441,
60.6,25.071385156765114,0.12123648434038614,follow,0.06061824217019307,47.66769597731786,
60.7,25.083508805199152,0.30216377799848715,follow,0.15108188899924357,47.77634509679797,157.41337410441508
60.8,25.113725182999,0.14476960799942162,follow,0.07238480399971081,47.74297257849821,
60.9,25.128202143798944,0.21169829683981334,follow,0.10584914841990667,47.79815236411832,
61.0,25.149371973482925,0.14831441309164006,follow,0.07415720654582003,47.798215166770206,
61.1,25.164203414792087,0.10297940620577606,follow,0.05148970310288803,47.79779482529102,
61.2,25.174501355412666,0.2791853132615074,follow,0.1395926566307537,47.90134468974975,
61.3,25.202419886738817,0.36094574193541007,follow,0.18047287096770503,47.984102701075926,
61.4,25.238514460932358,0.41495912716840166,follow,0.20747956358420083,48.06525125498274,
61.5,25.280010373649198,0.5284693142879462,follow,0.2642346571439731,48.18425021761777,
61.6,25.332857305077994,0.4073570589859514,follow,0.2036785294929757,48.202964487109966,
61.7,25.373593010976588,0.42043133909481867,follow,0.21021566954740933,48.27060518601229,1107.3014711448673
61.8,25.41563614488607,0.27717470838918246,follow,0.13858735419459123,48.262041571523696,
61.9,25.443353615724988,0.2753515727277147,follow,0.13767578636385736,48.30270620995134,
62.0,25.47088877299776,0.20456834631011134,follow,0.10228417315505567,48.30861733265169,
62.1,25.491345607628773,0.19292872089135926,follow,0.09646436044567963,48.33348277188884,
62.2,25.510638479717908,0.2649224086802917,follow,0.13246120434014585,48.398418923917006,117.86138249188167
62.3,25.53713072058594,0.09801954195897622,follow,0.04900977097948811,48.3547058518584,
62.4,25.546932674781836,0.4372271444151181,follow,0.21861357220755906,48.539012584380316,92.11615621384028
62.5,25.590655389223347,0.19192792324575692,follow,0.09596396162287846,48.4819470454579,69.19513899578874
62.6,25.60984818154792,-0.009620090037486762,follow,-0.004810045018743381,48.40996222730314,
62.7,25.60888617254417,0.22548870246463082,follow,0.11274435123231541,48.52607361004857,
62.8,25.631435042790635,0.33555508316737814,follow,0.16777754158368907,48.614930105769645,
62.9,25.664990551107373,0.3858904479960188,follow,0.1929452239980094,48.69043105065907,
63.0,25.703579595906973,0.4214073944158656,follow,0.2107036972079328,48.76607309106839,
63.1,25.745720335348558,0.3438411090212128,follow,0.1719205545106064,48.79050105753345,117.36375853883872
63.2,25.78010444625068,0.1506678870645004,follow,0.0753339435322502,48.74549061290827,
63.3,25.795171234957127,0.17243327395399888,follow,0.08621663697699944,48.77897348941269,216.63057227847187
63.4,25.812414562352526,0.07222037929754777,follow,0.03611018964877388,48.75473203317756,
63.5,25.81963660028228,0.2646269454521928,follow,0.1323134727260964,48.861768373149516,
63.6,25.8460992948275,0.22601900285123122,follow,0.11300950142561561,48.88215844366687,165.0870478166607
63.7,25.868701195112624,0.09447306297332148,follow,0.04723653148666074,48.8502883241556,
63.8,25.878148501409957,0.08650144379912206,follow,0.04325072189956103,48.8604734740145,
63.9,25.88679864578987,0.20319128150147492,follow,0.10159564075073746,48.931793609435545,1825.905457802294
64.0,25.90711777394002,0.13281034226292832,follow,0.06640517113146416,48.927081832041495,215.4260363830568
64.1,25.92039880816631,0.0448874779507662,follow,0.0224437389753831,48.90304195122485,
64.2,25.924887555961387,0.15844372337313928,follow,0.07922186168656964,48.96655319562865,
64.3,25.9407319282987,0.24076422070159254,follow,0.12038211035079627,49.031480002798844,
64.4,25.96480835036886,0.1815732844176381,follow,0.09078664220881905,49.03799916776211,
64.5,25.982965678810622,0.15050816332993122,follow,0.07525408166496561,49.0497025998809,
64.6,25.998016495143617,0.24175241530204516,follow,0.12087620765102258,49.11790095036645,79.47668280108317
64.7,26.022191736673822,0.04078834337657611,follow,0.020394171688288054,49.05368177669902,85.72944807251217
64.8,26.02627057101148,-0.08670227383873907,follow,-0.04335113691936954,48.99605471959785,
64.9,26.017600343627606,-0.05821166041252468,follow,-0.02910583020626234,48.99729468523515,
65.0,26.011779177586355,0.04889600219394197,follow,0.024448001096970984,49.0421167674765,
65.1,26.016668777805748,0.21489344597448223,follow,0.10744672298724112,49.13244988969586,
65.2,26.038158122403196,0.5187937877014974,follow,0.2593968938507487,49.31663407745555,
65.3,26.090037501173345,0.6291481511562154,follow,0.3145740755781077,49.44963032733813,
65.4,26.152952316288967,0.5378132425517208,follow,0.2689066212758604,49.49833509570931,
65.5,26.20673364054414,0.4911225416774556,follow,0.2455612708387278,49.555661731654936,265.3815433965195
65.6,26.255845894711886,0.2966166002320989,follow,0.14830830011604945,49.53207714218388,
65.7,26.285507554735094,0.32253010921532166,follow,0.16126505460766083,49.589526386710304,
65.8,26.317760565656627,0.2962189633190775,follow,0.14810948165953874,49.62475033014448,
65.9,26.347382461988534,0.3758767819258111,follow,0.18793839096290554,49.70901208394571,1049.1015029142063
66.0,26.384970140181114,0.24611971931192045,follow,0.12305985965596022,49.70051506992763,
66.1,26.409582112112307,0.3743673810958086,follow,0.1871836905479043,49.80155685871637,
66.2,26.447018850221887,0.6266533967227019,follow,0.31332669836135096,49.98385497369418,
66.3,26.50968418989416,0.5327205397273644,follow,0.2663602698636822,50.03088655470492,
66.4,26.562956243866896,0.5463131290355108,follow,0.2731565645177554,50.1175909303181,
66.5,26.61758755677045,0.5969016789707524,follow,0.2984508394853762,50.22483217464105,
66.6,26.677277724667523,0.4503756303458033,follow,0.22518781517290165,50.24110440217419,
66.7,26.722315287702102,0.4467998837017291,follow,0.22339994185086454,50.30687287340402,
66.8,26.766995276072276,0.40736086337648203,follow,0.20368043168824101,50.35417334579665,
66.9,26.807731362409925,0.3936063318813581,follow,0.19680316594067904,50.408400209555566,365.99071792761004
67.0,26.84709199559806,0.2401060331970939,follow,0.12005301659854695,50.390691009995635,
67.1,26.87110259891777,0.2638537034541173,follow,0.13192685172705865,50.43858075010371,
67.2,26.89748796926318,0.36119999856526874,follow,0.18059999928263437,50.52683195317741,
67.3,26.93360796911971,0.58411840517158,follow,0.29205920258579,50.692471156265356,
67.4,26.99201980963687,0.6544789216926716,follow,0.3272394608463358,50.81526917530164,
67.5,27.057467701806136,0.8946417048234849,follow,0.44732085241174246,51.03352240512095,272.2256789486651
67.6,27.146931872288484,0.5708628189183855,follow,0.28543140945919276,51.005829217891915,
67.7,27.20401815418032,0.6088003424070081,follow,0.30440017120350404,51.11042740247399,
67.8,27.26489818842102,0.5171806020006215,follow,0.2585903010003108,51.15593758363184,
67.9,27.316616248621084,0.7807031716764925,follow,0.39035158583824625,51.36527595876987,144.03515307387792
68.0,27.394686565788735,0.45955490701582846,follow,0.22977745350791423,51.32180730219102,120.84631687577674
68.1,27.44064205649032,0.22756002361283834,follow,0.11378001180641917,51.2747430965419,213.0747378258239
68.2,27.463398058851602,0.1066124047588346,follow,0.0533062023794173,51.248403290656825,34.08837931439386
68.3,27.474059299327486,-0.22818317653423037,follow,-0.11409158826711518,51.09699736072412,354.6941960655116
68.4,27.45124098167406,-0.18397641990901548,follow,-0.09198820995450774,51.084873262556584,181.64092927879435
68.5,27.43284333968316,-0.18135216187292258,follow,-0.09067608093646129,51.05858892858828,
68.6,27.414708123495867,-0.01788813801032063,follow,-0.008944069005160316,51.11311811623864,
68.7,27.412919309694836,0.13689444145381913,follow,0.06844722072690956,51.18782618526916,
68.8,27.426608753840217,0.5045043582494628,follow,0.2522521791247314,51.39216530988506,
68.9,27.477059189665162,0.6037412128419248,follow,0.3018706064209624,51.5174593909187,
69.0,27.537433310949353,0.41313218679951547,follow,0.20656609339975773,51.51271605982379,179.21623589723905
69.1,27.578746529629306,0.22344322483351675,follow,0.11172161241675838,51.479841406860714,
69.2,27.60109085211266,0.3241920869609629,follow,0.16209604348048146,51.56373232164947,80.43124020835077
69.3,27.633510060808756,0.09223244871061809,follow,0.04611622435530904,51.49638131556844,
69.4,27.64273330567982,0.4640160529615116,follow,0.2320080264807558,51.69610798500048,
69.5,27.68913491097597,0.6129842548776878,follow,0.3064921274388439,51.8401944939028,
69.6,27.75043333646374,0.43300231112165477,follow,0.21650115556082739,51.842151160256435,51.8196957965279
69.7,27.793733567575906,0.09435490426994875,follow,0.047177452134974374,51.73777780349883,
69.8,27.8031690580029,0.38141462138878524,follow,0.19070731069439262,51.89546089769874,
69.9,27.84131052014178,0.33272813094392006,follow,0.16636406547196003,51.92832984568463,
70.0,27.87458333323617,0.5279930250132736,follow,0.2639965125066368,52.07587151236089,57.56890448783533
70.1,27.927382635737498,0.1781185903616489,follow,0.08905929518082445,51.98013324878707,771.4173344492682
70.2,27.945194494773663,0.10764411429862264,follow,0.05382205714931132,51.97161379930981,
70.3,27.955958906203524,0.16415909876795354,follow,0.08207954938397677,52.016017908689264,
70.4,27.97237481608032,0.214436405921262,follow,0.107218202960631,52.06578042708111,
70.5,27.993818456672443,0.1693417928102008,follow,0.0846708964051004,52.075398581413765,
70.6,28.010752635953462,0.3223887277765982,follow,0.1611943638882991,52.17732331781849,133.5303169241648
70.7,28.042991508731124,0.14107380769745248,follow,0.07053690384872624,52.13502416694541,
70.8,28.057098889500868,0.17733188748806583,follow,0.08866594374403292,52.174314277995336,
70.9,28.074832078249674,0.24916590559134022,follow,0.12458295279567011,52.23683107017018,
71.0,28.099748668808807,0.3684664001522151,follow,0.18423320007610755,52.333856203289315,
71.1,28.136595308824027,0.48660741834190446,follow,0.24330370917095223,52.44819667240699,128.99360994621406
71.2,28.185256050658218,0.24957398270751696,follow,0.12478699135375848,52.40267106734109,67.59401751569627
71.3,28.210213448928968,0.014659098109504498,follow,0.007329549054752249,52.322649722448205,
71.4,28.211679358739918,0.34192549692886587,follow,0.17096274846443293,52.48848178657431,
71.5,28.245871908432804,0.4081734661640155,follow,0.20408673308200775,52.57289459573121,798.1079620512406
71.6,28.286689255049204,0.26438357530503254,follow,0.13219178765251627,52.562225670226326,
71.7,28.313127612579706,0.5644429801974411,follow,0.28222149009872055,52.75191290896828,
71.8,28.36957191059945,0.5211957040183108,follow,0.2605978520091554,52.81495571790833,
71.9,28.421691481001282,0.6704986966124409,follow,0.33524934830622044,52.96778656980814,
72.0,28.488741350662526,0.5776008174960339,follow,0.28880040874801693,53.02191243474181,
72.1,28.54650143241213,0.8530202857645008,follow,0.4265101428822504,53.24626229150044,
72.2,28.63180346098858,0.9827535078373444,follow,0.4913767539186722,53.43908194540154,
72.3,28.730078811772312,0.711911693131583,follow,0.3559558465657915,53.45107406422426,
72.4,28.801269981085472,0.7280841889746625,follow,0.36404209448733127,53.56594706611554,
72.5,28.87407839998294,0.672843252285702,follow,0.336421626142851,53.64753922611726,
72.6,28.94136272521151,0.7567177315578419,follow,0.37835886577892097,53.790402953596185,90.96008365146365
72.7,29.01703449836729,0.39629551241705485,follow,0.19814775620852743,53.72369950375946,
72.8,29.056664049608997,0.43207404877020394,follow,0.21603702438510197,53.8010330987986,
72.9,29.099871454486017,0.5224775432417772,follow,0.2612387716208886,53.91104595334991,39.93791095751211
73.0,29.152119208810195,0.08531043850717879,follow,0.042655219253589394,53.77083403246888,62.37053238458474
73.1,29.16065025266091,-0.11441274357727593,follow,-0.057206371788637966,53.68376900720273,33.74957437525824
73.2,29.149208978303182,-0.3959307161647132,follow,-0.1979653580823566,53.52584810937242,
73.3,29.10961590668671,-0.26707468265270506,follow,-0.13353734132635253,53.53088651870371,
73.4,29.082908438421438,0.008466034458834315,follow,0.0042330172294171575,53.62859567486157,
73.5,29.08375504186732,0.34917521574747923,follow,0.17458760787373961,53.80022017067472,
73.6,29.11867256344207,0.33468813833485456,follow,0.16734406916742728,53.84535291433053,
73.7,29.152141377275555,0.5978534213791278,follow,0.2989267106895639,54.0271387766029,67.35363653736984
73.8,29.21192671941347,0.24611205108286072,follow,0.12305602554143036,53.940946104661634,48.078849688918496
73.9,29.236537924521755,-0.057029149146288205,follow,-0.028514574573144102,53.82629231220949,
74.0,29.230835009607127,0.029912593676300503,follow,0.014956296838150251,53.861208811248844,
74.1,29.233826268974756,0.17617356177863996,follow,0.08808678088931998,53.938826184351456,
74.2,29.25144362515262,0.20703276821461714,follow,0.10351638410730857,53.98068182183624,39.649590203035324
74.3,29.272146901974082,-0.13150644264456446,follow,-0.06575322132228223,53.84246713163884,
74.4,29.258996257709626,-0.0058537613927995835,follow,-0.0029268806963997918,53.88556750586804,85.66913848117687
74.5,29.258410881570345,-0.129779809289019,follow,-0.0648899046445095,53.82272641771101,
74.6,29.245432900641443,0.1460675533692921,follow,0.07303377668464606,53.94118312764681,
74.7,29.26003965597837,0.2902393561628145,follow,0.14511967808140724,54.03517916204896,270.1223359826767
74.8,29.28906359159465,0.15735483099476255,follow,0.07867741549738128,54.012272802889356,
74.9,29.304799074694127,0.143188566757388,follow,0.071594283378694,54.02879289541988,189.70845657924426
75.0,29.319117931369867,0.04040841045619459,follow,0.020204205228097294,53.998881102282894,
75.1,29.323158772415486,0.15165413283608586,follow,0.07582706641804293,54.06056522504127,
75.2,29.338324185699094,0.4164930558454216,follow,0.2082465279227108,54.21573280647135,342.4349385855181
75.3,29.379973491283636,0.2515504408347624,follow,0.1257752204173812,54.195735457342835,
75.4,29.405128535367112,0.40705960151080944,follow,0.20352980075540472,54.31122260380607,
75.5,29.44583449551819,0.3257748219537575,follow,0.16288741097687875,54.33163915425416,
75.6,29.478411977713566,0.22235997982475908,follow,0.11117998991237954,54.32879795648273,
75.7,29.500647975696044,0.2755223907379758,follow,0.1377611953689879,54.388733158913055,258.19727428757017
75.8,29.528200214769843,0.1452256305627344,follow,0.0726128152813672,54.36491313743613,
75.9,29.542722777826118,0.1471133858289022,follow,0.0735566929144511,54.38764085965363,163.4623310583112
76.0,29.55743411640901,0.03349254679848457,follow,0.016746273399242284,54.352897448012754,
76.1,29.560783371088856,0.5352881085410814,follow,0.2676440542705407,54.60881911090382,
76.2,29.614312181942964,0.5318392395900418,follow,0.2659196197950209,54.68738789270947,
76.3,29.667496105901968,0.39078824653302036,follow,0.19539412326651018,54.696638282119466,
76.4,29.70657493055527,0.45823678646218013,follow,0.22911839323109007,54.788980789064,
76.5,29.75239860920149,0.4442860286834929,follow,0.22214301434174644,54.85074092814398,
76.6,29.79682721206984,0.41163477766453127,follow,0.20581738883226564,54.90105820693702,
76.7,29.837990689836293,0.5385462063976689,follow,0.26927310319883446,55.026259137953275,
76.8,29.89184531047606,0.650613282383091,follow,0.3253066411915455,55.16307460690564,
76.9,29.95690663871437,0.4860479699250533,follow,0.24302398496252664,55.17838394303408,
77.0,30.005511435706875,0.3591312918062215,follow,0.17956564590311075,55.18783279946342,
77.1,30.041424564887496,0.32710699128656984,follow,0.16355349564328492,55.22569034297453,37.78894352116345
77.2,30.074135264016153,-0.0698521589029184,follow,-0.0349260794514592,55.07627681657277,74.01379759819729
77.3,30.06715004812586,-0.19632652085721247,follow,-0.09816326042860624,55.00256181176019,
77.4,30.04751739604014,0.25906795619192735,follow,0.12953397809596368,55.20081007215617,
77.5,30.07342419165933,0.6306627310023316,follow,0.3153313655011658,55.425467652990164,
77.6,30.136490464759564,0.5341658187498268,follow,0.2670829093749134,55.47181860651426,
77.7,30.18990704663455,0.6159346637974892,follow,0.3079673318987446,55.59282790185057,
77.8,30.251500513014296,0.6188541620558254,follow,0.3094270810279127,55.68667785054936,
77.9,30.31338592921988,1.1285207275951166,follow,0.5642603637975583,56.03433925762738,
78.0,30.426238001979392,1.1067169089205322,follow,0.5533584544602661,56.19271545742936,
78.1,30.536909692871447,0.8433198976705256,follow,0.4216599488352628,56.22702448814243,141.66200901108655
78.2,30.621241682638498,0.4940755918419484,follow,0.2470377959209742,56.17890031987872,53.44051824398366
78.3,30.670649241822694,0.12572306592471705,follow,0.06286153296235852,56.0688353956964,
78.4,30.683221548415165,0.20936183646399797,follow,0.10468091823199899,56.12951324085475,213.24057083778345
78.5,30.704157732061564,0.08972173911233483,follow,0.044860869556167415,56.101097467648515,64.91997396564611
78.6,30.713129905972796,-0.11182076381618344,follow,-0.05591038190809172,56.013784477051104,454.91616382316306
78.7,30.701947829591177,-0.10066410058914244,follow,-0.05033205029457122,56.002589694092194,116.20052266154521
78.8,30.691881419532262,-0.164841154318907,follow,-0.0824205771594535,55.95540155213894,
78.9,30.675397304100372,0.31953173115628886,follow,0.15976586557814443,56.1728618217287,
79.0,30.707350477216,0.5082021163664763,follow,0.25410105818323814,56.31512677400724,
79.1,30.758170688852648,0.46810734368611406,follow,0.23405367184305703,56.37130970512203,
79.2,30.80498142322126,0.7186788559357922,follow,0.3593394279678961,56.566811562799785,
79.3,30.87684930881484,0.6217053373918162,follow,0.3108526686959081,56.62612663191817,220.46439172137113
79.4,30.93901984255402,0.3713897676633593,follow,0.18569488383167965,56.59422464766271,
79.5,30.976158819320357,0.646741073500408,follow,0.323370536750204,56.78760876573074,
79.6,31.040832926670397,0.6465521661160096,follow,0.3232760830580048,56.884525473063604,115.89386608381027
79.7,31.105488143282,0.3414888876248625,follow,0.17074444381243126,56.82897665873543,
79.8,31.139637032044487,0.28911481492912117,follow,0.14455740746456058,56.85401295553129,153.8103816088663
79.9,31.1685485135374,0.12267066774330715,follow,0.061335333871653575,56.81415810417775,66.95451962708995
80.0,31.18081558031173,-0.08629364864140143,follow,-0.043146824320700716,56.728076546146895,
80.1,31.17218621544759,0.21515720286143392,follow,0.10757860143071696,56.865857924602096,
80.2,31.19370193573373,0.6158696548556009,follow,0.30793482742780043,57.0984877310284,71.93945883254533
80.3,31.25528890121929,0.26005097815476574,follow,0.13002548907738287,57.01295884090632,
80.4,31.28129399903477,0.38777688490152684,follow,0.19388844245076342,57.115829441002916,563.861926523383
80.5,31.320071687524923,0.2434294819262277,follow,0.12171474096311385,57.1018222722505,
80.6,31.344414635717545,0.17351771020454976,follow,0.08675885510227488,57.103380808678594,1285.688374702178
80.7,31.361766406738,0.10910911579547644,follow,0.05455455789773822,57.09720416800474,195.69492186013395
80.8,31.372677318317546,0.01584091739317728,follow,0.00792045869658864,57.06693643617291,
80.9,31.374261410056864,0.1322363601638301,follow,0.06611818008191506,57.12751029516721,279.67842912307384
81.0,31.387485046073248,0.049068442900022546,follow,0.024534221450011273,57.10576179055988,
81.1,31.39239189036325,0.20786953195766955,follow,0.10393476597883478,57.192522601523706,
81.2,31.413178843559017,0.2588729036583288,follow,0.1294364518291644,57.249204717167686,
81.3,31.43906613392485,0.2613978057760704,follow,0.1306989028880352,57.28929810377531,274.02476445261243
81.4,31.46520591450246,0.13593728114314274,follow,0.06796864057157137,57.26577751232526,
81.5,31.478799642616774,0.11339616827680743,follow,0.056698084138403715,57.274897548063564,
81.6,31.490139259444454,0.3613494659047376,follow,0.1806747329523688,57.415883622119054,
81.7,31.526274206034927,0.4836897849263977,follow,0.24184489246319885,57.53125620151559,233.60650361149362
81.8,31.574643184527567,0.2796542125435053,follow,0.13982710627175265,57.501791883063106,
81.9,31.602608605781917,0.34923622762443074,follow,0.17461811381221537,57.578531022485095,
82.0,31.63753222854436,0.5229589136284574,follow,0.2614794568142287,57.71777779963077,62.227247769289235
82.1,31.689828119907204,0.17010561555845527,follow,0.08505280777922763,57.619794987640034,
82.2,31.70683868146305,0.3577061945985065,follow,0.17885309729925325,57.73911111949383,
82.3,31.7426093009229,0.25387247603430296,follow,0.12693623801715148,57.7408501894015,
82.4,31.76799654852633,0.4221114235182455,follow,0.21105571175912274,57.86305053454862,1522.8501739954677
82.5,31.810207690878155,0.2794364582867104,follow,0.1397182291433552,57.855029765460586,54.05962810637978
82.6,31.838151336706826,-0.024024746540320052,follow,-0.012012373270160026,57.74521463179008,64.29341278221504
82.7,31.835748862052792,-0.19596709498893006,follow,-0.09798354749446503,57.65563974558472,
82.8,31.8161521525539,0.023592602997013046,follow,0.011796301498506523,57.73602453032936,
82.9,31.818511412853603,0.22281253952706948,follow,0.11140626976353474,57.839173389043935,736.6976505300347
83.0,31.84079266680631,0.13581024430733635,follow,0.06790512215366817,57.82909412236313,
83.1,31.854373691237043,0.38419243276794646,follow,0.19209621638397323,57.97365675323954,73.91076141501985
83.2,31.89279293451384,0.10437611603477137,follow,0.052188058017385686,57.891377459788146,
83.3,31.903230546117317,0.22641717200042422,follow,0.11320858600021211,57.96805440517619,179.33965431638455
83.4,31.92587226331736,0.08931756773640132,follow,0.04465878386820066,57.93346717884424,
83.5,31.934804020091,0.10756149339667331,follow,0.05378074669833666,57.955986776834834,
83.6,31.945560169430667,0.2621810114918901,follow,0.13109050574594505,58.04943075989195,
83.7,31.971778270579858,0.19317105392855183,follow,0.09658552696427591,58.05425293283406,
83.8,31.991095375972712,0.24100066255499542,follow,0.12050033127749771,58.10714339523656,
83.9,32.01519544222821,0.5496613753427084,follow,0.2748306876713542,58.29762385101367,
84.0,32.070161579762484,0.45073064678676644,follow,0.22536532339338322,58.33060769303711,
84.1,32.11523464444116,0.65846452386171,follow,0.329232261930855,58.502084228592594,285.04975067874176
84.2,32.18108109682733,0.40670894733717944,follow,0.20335447366858972,58.47497611890958,
84.3,32.22175199156104,0.5603458648242281,follow,0.28017293241211405,58.61280091975368,
84.4,32.27778657804347,0.8426847897683842,follow,0.4213423948841921,58.83802226194939,36.59566702786513
84.5,32.36205505702031,0.2514683414339913,follow,0.12573417071699566,58.66881675624745,
84.6,32.387201891163706,0.17458746077039677,follow,0.08729373038519839,58.66809656713076,
84.7,32.404660637240745,0.395279095091297,follow,0.1976395475456485,58.80463050340677,
84.8,32.44418854674988,0.3938576572134025,follow,0.19692882860670125,58.86321164873152,
84.9,32.48357431247122,0.5069854975548225,follow,0.25349274877741124,58.97885421748424,
85.0,32.5342728622267,0.3880352758430803,follow,0.19401763792154014,58.99542693126159,
85.1,32.57307638981101,0.4410094151278088,follow,0.2205047075639044,59.080119292280415,
85.2,32.61717733132379,0.42727112432494607,follow,0.21363556216247304,59.139401559148155,
85.3,32.65990444375628,0.6811088982756246,follow,0.3405544491378123,59.33041111477223,
85.4,32.72801533358385,0.6691731620767314,follow,0.3345865810383657,59.42660958141414,
85.5,32.79493264979152,0.6714346834954199,follow,0.33571734174770995,59.52811631643499,
85.6,32.86207611814106,0.5155890548191735,follow,0.25779452740958675,59.55090870462118,
85.7,32.91363502362298,0.3861853336487968,follow,0.1930926668243984,59.563545202258865,
85.8,32.95225355698786,0.3058790221570007,follow,0.15293951107850035,59.58131984656029,
85.9,32.98284145920356,0.41754702366966967,follow,0.20877351183483484,59.683035700640175,
86.0,33.02459616157053,0.32936368425420426,follow,0.16468184212710213,59.701576084482895,
86.1,33.057532529995946,0.41104807297892876,follow,0.20552403648946438,59.79182283148339,
86.2,33.09863733729384,0.8280061836264281,follow,0.41400309181321404,60.06195909775397,
86.3,33.18143795565648,0.8653167374071842,follow,0.4326583687035921,60.20481530218831,
86.4,33.26796962939719,0.6401277903058826,follow,0.3200638951529413,60.222018339248734,
86.5,33.331982408427784,0.7856929715287322,follow,0.3928464857643661,60.39082009840604,
86.6,33.41055170558066,0.5518747389545666,follow,0.2759373694772833,60.39176492784827,37.49756354830907
86.7,33.46573917947612,0.053164481372249384,follow,0.026582240686124692,60.2251910099003,101.09321844982746
86.8,33.47105562761334,-0.0829959885628,follow,-0.0414979942814,60.16508544713861,41.75070295293419
86.9,33.462756028757056,-0.34464839774544487,follow,-0.17232419887272243,60.02180984426286,
87.0,33.42829118898251,-0.20491211621887828,follow,-0.10245605810943914,60.03998072536433,
87.1,33.407799977360625,-0.020998476825653256,follow,-0.010499238412826628,60.10120072762811,
87.2,33.40570012967806,0.4521610402864269,follow,0.22608052014321345,60.33463071466031,
87.3,33.4509162337067,0.5063294814595451,follow,0.2531647407297726,60.429539091289826,
87.4,33.50154918185265,0.4301208006512809,follow,0.21506040032564044,60.46738417310462,
87.5,33.54456126191778,0.5881723080720747,follow,0.29408615403603733,60.610928046912704,36.855378665694836
87.6,33.603378492724985,0.07104491710539662,follow,0.03552245855269831,60.44059019764018,
87.7,33.61048298443553,0.21563484508644137,follow,0.10781742254322069,60.523541899196516,
87.8,33.632046468944175,0.42853509777191334,follow,0.21426754888595667,60.66233725230222,68.7745367031695
87.9,33.67489997872136,0.11499457269587765,follow,0.057497286347938825,60.56984725442999,
88.0,33.68639943599095,0.4392163136882914,follow,0.2196081568441457,60.74920731083057,
88.1,33.73032106735978,0.49738720610950793,follow,0.24869360305475396,60.84417520409443,
88.2,33.780059787970735,0.38015908668248244,follow,0.19007954334124122,60.86016922529734,
88.3,33.818075696638985,0.5124962213498776,follow,0.2562481106749388,60.983361655633416,
88.4,33.869325318773974,0.9408822911898937,follow,0.4704411455949469,61.27442912375591,
88.5,33.96341354789296,0.7979348942538138,follow,0.3989674471269069,61.34408776896635,
88.6,34.043207037318346,0.701913018514631,follow,0.3509565092573155,61.41576706523483,
88.7,34.11339833916981,0.478659445126965,follow,0.2393297225634825,61.409427231318205,145.03936730533184
88.8,34.161264283682506,0.24080875485228148,follow,0.12040437742614074,61.3623008029499,
88.9,34.18534515916773,0.42349709656286905,follow,0.21174854828143452,61.489766287033035,138.0721559923239
89.0,34.22769486882402,0.19890899382897942,follow,0.09945449691448971,61.440996800150515,
89.1,34.24758576820692,0.23771914203909716,follow,0.11885957101954858,61.490238223329925,1292.1980781303162
89.2,34.27135768241083,0.15213186294553793,follow,0.07606593147276897,61.48310245508901,
89.3,34.28657086870538,0.2951781303215171,follow,0.14758906516075854,61.57744536821883,
89.4,34.31608868173753,0.3674069548775094,follow,0.1837034774387547,61.65783650004505,
89.5,34.352829377225284,0.5626189929694192,follow,0.2813094964847096,61.81055356232264,1170.0034490040753
89.6,34.409091276522226,0.37201503977416905,follow,0.18600751988708453,61.79964443467043,
89.7,34.44629278049964,0.2891519717418305,follow,0.14457598587091525,61.81401515662037,109.15557691214461
89.8,34.475207977673826,0.0833647846840222,follow,0.0416823923420111,61.75449435885275,4060.664454100405
89.9,34.483544456142226,0.0536464580500251,follow,0.02682322902501255,61.75213991323835,
90.0,34.48890910194723,0.2137707002452771,follow,0.10688535012263856,61.84024900304348,
90.1,34.51028617197176,0.40558225577774465,follow,0.20279112788887232,61.96822038584651,116.85807335957954
90.2,34.55084439754953,0.1697386995347756,follow,0.0848693497673878,61.91113594609169,
90.3,34.56781826750301,0.36725343617442263,follow,0.18362671808721132,62.03535411934172,
90.4,34.60454361112045,0.5901686830976587,follow,0.29508434154882934,62.2018997582295,
90.5,34.66356047943022,0.5264059822826113,follow,0.26320299114130563,62.25854371028663,
90.6,34.716201077658475,0.7672439720658133,follow,0.38362198603290665,62.45792360252062,75.59651674569561
90.7,34.79292547486506,0.3564856854729328,follow,0.1782428427364664,62.36763105503405,43.52468579072987
90.8,34.82857404341235,-0.0441748288519932,follow,-0.0220874144259966,62.220773650692536,29.934355164248064
90.9,34.82415656052715,-0.4457536923013663,follow,-0.22287684615068315,62.013357994640046,
91.0,34.77958119129701,-0.04794382286999621,follow,-0.023971911434998106,62.14539987551052,
91.1,34.77478680901001,0.047481962188697935,follow,0.023740981094348967,62.185921194609364,161.61136436720145
91.2,34.77953500522888,-0.04466962751369863,follow,-0.022334813756849314,62.14696769408647,694.1080478547769
91.3,34.77506804247751,-0.04828234775487772,follow,-0.02414117387743886,62.138460889838825,39.20239335133812
91.4,34.77023980770202,-0.3498456049692038,follow,-0.1749228024846019,61.98043690906843,
91.5,34.735255247205096,0.17205702708000103,follow,0.08602851354000052,62.18891138434765,175.05416703513234
91.6,34.75246094991309,0.04594772897374355,follow,0.022973864486871776,62.151665289356515,140.46813690917688
91.7,34.75705572281047,-0.0572477342806792,follow,-0.0286238671403396,62.10695971707537,
91.8,34.7513309493824,-0.012339603873243732,follow,-0.006169801936621866,62.120826622136974,385.0521357491952
91.9,34.750096988995075,-0.04065712051084347,follow,-0.020328560255421735,62.104816923237195,132.1106460519958
92.0,34.74603127694399,-0.1216662397468724,follow,-0.0608331198734362,62.05821379554254,39.88236914968923
92.1,34.7338646529693,-0.39393929841720876,follow,-0.19696964920860438,61.90382733024535,203.72171203637524
92.2,34.69447072312758,-0.32865165351753944,follow,-0.16432582675876972,61.8773802579326,
92.3,34.66160555777583,-0.0003772690172354487,follow,-0.00018863450861772435,61.992219702155126,
92.4,34.661567830874105,0.11142234551255115,follow,0.05571117275627557,62.04806291906743,
92.5,34.67271006542536,0.22745362877374475,follow,0.11372681438687238,62.12279191252492,43.05978962876975
92.6,34.695455428302736,-0.13387354551959163,follow,-0.06693677275979582,61.97624636969431,31.058697423479508
92.7,34.68206807375078,-0.4901250966143209,follow,-0.24506254830716045,61.77803956231901,53.16215199245582
92.8,34.63305556408935,-0.5656986804484347,follow,-0.28284934022421737,61.6667340059098,63.37431929041137
92.9,34.5764856960445,-0.5792862155225578,follow,-0.2896431077612789,61.57508543630547,
93.0,34.51855707449224,-0.3792117657641825,follow,-0.18960588288209124,61.58822972885628,22.654749575327347
93.1,34.480635897915825,-0.8015754156186006,follow,-0.4007877078093003,61.32016613906444,
93.2,34.400478356353965,-0.44519846220410386,follow,-0.22259923110205193,61.37811830342889,52.890360227199
93.3,34.355958510133554,-0.5348306255691568,follow,-0.2674153127845784,61.26652245241576,42.66594196145515
93.4,34.30247544757664,-0.6508765274136721,follow,-0.32543826370683604,61.128274907658124,30.37466866056272
93.5,34.23738779483527,-0.8450911281565396,follow,-0.4225455640782698,60.93353612817464,23.103745398192576
93.6,34.15287868201962,-1.102139526114044,follow,-0.551069763057022,60.678248259972406,456.6439652901961
93.7,34.042664729408216,-0.7760306141615274,follow,-0.3880153070807637,60.67598178703156,73.7554189671882
93.8,33.96506166799206,-0.6922337635110267,follow,-0.34611688175551336,60.60147562023258,28.251623962382464
93.9,33.895838291640956,-0.8997312927864698,follow,-0.4498656463932349,60.3938917910682,28.409447712247918
94.0,33.80586516236231,-1.03698493742273,follow,-0.518492468711365,60.1903052748321,52.99071339563909
94.1,33.70216666862004,-0.932322789919823,follow,-0.4661613949599115,60.087088607970145,
94.2,33.608934389628054,-0.4544128308691029,follow,-0.22720641543455145,60.18619516900753,62.11586234658398
94.3,33.563493106541145,-0.5027876029160581,follow,-0.25139380145802903,60.09384585835369,27.39641427600105
94.4,33.51321434624954,-0.7805941912906604,follow,-0.3902970956453302,59.87952442372898,62.818530437909864
94.5,33.43515492712047,-0.7214469193276614,follow,-0.3607234596638307,59.79200893101688,62.599278120538074
94.6,33.36301023518771,-0.6816148905670616,follow,-0.3408074452835308,59.70370790749803,18.020985046584183
94.7,33.294848746131,-1.1261001726230688,follow,-0.5630500863115344,59.379223032884966,85.45632896873661
94.8,33.1822387288687,-0.9047178666094169,follow,-0.45235893330470844,59.32099915999834,73.03394562657913
94.9,33.091766942207755,-0.7776558950678236,follow,-0.3888279475339118,59.24882246577772,
95.0,33.01400135270097,-0.5011593970875197,follow,-0.25057969854375983,59.2704223305077,
95.1,32.96388541299222,-0.08358866055991143,follow,-0.041794330279955716,59.40403378920837,
95.2,32.95552654693623,0.06038262822121965,follow,0.030191314110609824,59.46348113451495,72.91421886621302
95.3,32.96156480975835,-0.12204512219665276,follow,-0.06102256109832638,59.381324653539195,35.31313471175259
95.4,32.94936029753868,-0.4193036450451473,follow,-0.20965182252257364,59.21438862378545,
95.5,32.907429933034166,0.08300146186121538,follow,0.04150073093060769,59.40264563048186,99.43031365836326
95.6,32.91573007922029,-0.0630449925409664,follow,-0.0315224962704832,59.342072622559954,84.08607535634994
95.7,32.90942557996619,-0.18401661077157883,follow,-0.09200830538578941,59.2721300645635,76.04591328287538
95.8,32.89102391888903,-0.2810164113171538,follow,-0.1405082056585769,59.19602767267497,98.49196647963065
95.9,32.86292227775732,-0.3112959434741924,follow,-0.1556479717370962,59.138735444898884,62.060397605647836
96.0,32.8317926834099,-0.40226569711427373,follow,-0.20113284855713687,59.046556176557715,42.73184891299779
96.1,32.79156611369847,-0.5498992107193601,follow,-0.27494960535968005,58.912399565188025,43.268115277312596
96.2,32.736576192626536,-0.6462446860292062,follow,-0.3231223430146031,58.781741945925205,67.83216807256338
96.3,32.671951724023614,-0.6127616250253425,follow,-0.30638081251267124,58.70154677352275,43.743411720889675
96.4,32.61067556152108,-0.6850682498226774,follow,-0.3425341249113387,58.57347921737028,39.29324443851635
96.5,32.54216873653881,-0.7639815221838404,follow,-0.3819907610919202,58.4312623437163,84.41765607025502
96.6,32.46577058432043,-0.6579411823931878,follow,-0.3289705911965939,58.36968528528405,58.03479063242114
96.7,32.399976466081114,-0.6485541208911059,follow,-0.32427706044555293,58.27568763867612,
96.8,32.335121053992005,-0.3050120954224269,follow,-0.15250604771121345,58.3501755332768,17.980893335703758
96.9,32.30461984444976,-0.8564324356852779,follow,-0.42821621784263897,58.028713548832,
97.0,32.218976600881234,-0.527298025156,follow,-0.263649012578,58.06481588874385,
97.1,32.166246798365634,-0.26635797728216914,follow,-0.13317898864108457,58.11619120890737,21.71555749058663
97.2,32.139611000637416,-0.7163727842251717,follow,-0.35818639211258585,57.85123010884354,54.59666809238736
97.3,32.0679737222149,-0.6990556934001688,follow,-0.3495278467000844,57.75243273662227,54.076642088953115
97.4,31.998068152874886,-0.6889526159553157,follow,-0.3444763079776578,57.652625921334675,28.56822542846449
97.5,31.929172891279354,-0.8721014094241468,follow,-0.4360507047120734,57.45770863220696,40.77406611196053
97.6,31.84196275033694,-0.874863536663895,follow,-0.4374317683319475,57.325512357173466,34.08251005897112
97.7,31.75447639667055,-0.931299754999074,follow,-0.465649877499537,57.16606471750629,
97.8,31.661346421170645,-0.4261791127332799,follow,-0.21308955636663995,57.278930075389326,
97.9,31.618728509897316,-0.22807108089259032,follow,-0.11403554044629516,57.314057224399676,
98.0,31.595921401808056,-0.03283403698659981,follow,-0.016417018493299906,57.377465084218784,
98.1,31.592637998109396,-0.007511425512817027,follow,-0.0037557127564085135,57.385201284407685,33.90281994644126
98.2,31.591886855558116,-0.34363536897105007,follow,-0.17181768448552504,57.21601259885165,48.410736044469225
98.3,31.557523318661012,-0.4700494220115985,follow,-0.23502471100579925,57.10126026698572,221.73238743537044
98.4,31.510518376459853,-0.3711382706995181,follow,-0.18556913534975905,57.08020842934002,31.013115195910764
98.5,31.4734045493899,-0.6204776993670436,follow,-0.3102388496835218,56.89986797440133,897.4098628869735
98.6,31.411356779453197,-0.4346057454475414,follow,-0.2173028727237707,56.89973229645602,61.093378554523554
98.7,31.367896204908444,-0.4818032627949691,follow,-0.24090163139748455,56.81094267596518,53.701811588294554
98.8,31.319715878628948,-0.5392054596827052,follow,-0.2696027298413526,56.709971088102066,813.4441134986234
98.9,31.265795332660677,-0.38060288831003675,follow,-0.19030144415501837,56.708391554836,185.44557584128395
99.0,31.22773504382967,-0.3199690305831666,follow,-0.1599845152915833,56.681618050452926,53.58772821332422
99.1,31.195738140771354,-0.42912594956312944,follow,-0.21456297478156472,56.579044236375466,
99.2,31.15282554581504,-0.2289532738573712,follow,-0.1144766369286856,56.61476168179388,32.48446857904972
99.3,31.129930218429305,-0.5042533353866787,follow,-0.25212666769333936,56.442768659950616,256.6394425607041
99.4,31.079504884890635,-0.38687831174932796,follow,-0.19343915587466398,56.42581817146129,235.59360051143358
99.5,31.040817053715703,-0.3109782289683807,follow,-0.15548911448419034,56.405736466089365,52.675418523045664
99.6,31.009719230818863,-0.4256286064420607,follow,-0.21281430322103034,56.301764543007266,110.45642608492241
99.7,30.967156370174656,-0.3913712985440725,follow,-0.19568564927203624,56.25504890598995,28.890873772476713
99.8,30.92801924032025,-0.6555637570444475,follow,-0.32778187852222374,56.06424698195815,
99.9,30.862462864615804,-0.4453872028545618,follow,-0.2226936014272809,56.07100069549642,57.07187794565973
100.0,30.817924144330348,-0.4993558708646191,follow,-0.24967793543230954,55.97720828106321,43.463125159570964
100.1,30.767988557243886,-0.5971468210543236,follow,-0.2985734105271618,55.85340942533867,
100.2,30.708273875138453,-0.3816575497658903,follow,-0.19082877488294514,55.87158203782474,38.846274693299534
100.3,30.670108120161863,-0.5471819088681968,follow,-0.2735909544340984,55.73157122580869,26.792631924090532
100.4,30.615389929275043,-0.7881053220630605,follow,-0.39405266103153025,55.529032232881036,25.178781990327927
100.5,30.53657939706874,-0.9769896048577209,follow,-0.48849480242886045,55.31637429317425,224.33494018867123
100.6,30.438880436582966,-0.7136688107167544,follow,-0.3568344053583772,55.301486249516074,29.43321201964842
100.7,30.36751355551129,-0.8610708786035417,follow,-0.43053543930177085,55.120734893965164,
100.8,30.281406467650935,-0.41703090855273217,follow,-0.20851545427636609,55.213594247200035,21.811429714184342
100.9,30.239703376795664,-0.7898623113460559,follow,-0.39493115567302794,54.96462390952047,
101.0,30.160717145661057,-0.3750470470739913,follow,-0.18752352353699564,55.05355219495459,116.95675991924982
101.1,30.123212440953658,-0.34917542114237676,follow,-0.17458771057118838,55.010230950859295,72.07721991811641
101.2,30.088294898839422,-0.3900817745668519,follow,-0.19504088728342595,54.93740146097571,47.02357385583924
101.3,30.049286721382735,-0.4989145864736315,follow,-0.24945729323681576,54.824472788837284,156.96122821904407
101.4,29.999395262735373,-0.40911926307887825,follow,-0.20455963153943912,54.79453326256362,75.12323710065449
101.5,29.958483336427484,-0.42408015144033584,follow,-0.21204007572016792,54.725684928921055,
101.6,29.91607532128345,-0.23607117026529068,follow,-0.11803558513264534,54.756077396792534,88.8788683869384
101.7,29.89246820425692,-0.2837434600374422,follow,-0.1418717300187211,54.696830576366665,89.3055838592108
101.8,29.864093858253177,-0.31543919367740614,follow,-0.15771959683870307,54.63842119054107,50.40008369624114
101.9,29.832549938885435,-0.43131742335135925,follow,-0.21565871167567963,54.53316619665247,65.50137553268935
102.0,29.7894181965503,-0.4598058356560131,follow,-0.22990291782800654,54.454224376997445,104.83695938774068
102.1,29.7434376129847,-0.41655160755556153,follow,-0.20827580377778077,54.406880615699265,23.826742761140565
102.2,29.701782452229143,-0.7399426157347051,follow,-0.36997130786735255,54.18270237047636,27.479046843743667
102.3,29.62778819065567,-0.8975174691450718,follow,-0.4487587345725359,53.99292355141097,391.8545072294115
102.4,29.538036443741163,-0.63786951714971,follow,-0.318934758574855,53.98811990703689,91.81084009616397
102.5,29.474249492026193,-0.5513585604103213,follow,-0.27567928020516064,53.93569495783413,60.99601463637197
102.6,29.41911363598516,-0.551773719484558,follow,-0.275886859742279,53.85278359423546,77.03008612948665
102.7,29.363936264036703,-0.51502885644652,follow,-0.25751442822326,53.78838996783179,129.9436522987569
102.8,29.31243337839205,-0.4330068751907561,follow,-0.21650343759537805,53.752146629992694,45.846653311518494
102.9,29.269132690872976,-0.5289313508087048,follow,-0.2644656754043524,53.63923336090511,38.61346991063644
103.0,29.216239555792104,-0.6374998567249435,follow,-0.31874992836247173,53.505609405325686,97.95264520478968
103.1,29.15248957011961,-0.5427478137309834,follow,-0.2713739068654917,53.45736044831392,34.65654581001066
103.2,29.09821478874651,-0.6775664273610005,follow,-0.33878321368050024,53.30853896943927,153.09096767927983
103.3,29.03045814601041,-0.5303881283551561,follow,-0.26519406417757807,53.28049315483804,25.008936812306498
103.4,28.977419333174893,-0.7867555564831292,follow,-0.3933777782415646,53.072751221520775,
103.5,28.89874377752658,-0.4964776450437114,follow,-0.2482388225218557,53.099876843768016,213.47218158288885
103.6,28.84909601302221,-0.387353554135629,follow,-0.1936767770678145,53.0799672424655,123.70184208567437
103.7,28.810360657608644,-0.34921961941630286,follow,-0.17460980970815143,53.04093117670482,
103.8,28.775438695667013,-0.20354147272428236,follow,-0.10177073636214118,53.061387307138375,
103.9,28.755084548394585,0.006504059414055519,follow,0.0032520297070277593,53.1358788522989,
104.0,28.755734954335992,0.03340585072277236,follow,0.01670292536138618,53.150305356865374,23.051350831505975
104.1,28.75907553940827,-0.43843101237615656,follow,-0.21921550618807828,52.91939780292432,28.16246430390388
104.2,28.715232438170652,-0.6739481962973741,follow,-0.33697409814868706,52.73587455910729,39.495651132741
104.3,28.647837618540915,-0.7253312611167928,follow,-0.3626656305583964,52.609090797252975,67.63505588214969
104.4,28.575304492429236,-0.6487927812678578,follow,-0.3243963906339289,52.53856034800992,152.15139536238965
104.5,28.51042521430245,-0.510239989748527,follow,-0.2551199948742635,52.51051782657942,38.598606725694786
104.6,28.4594012153276,-0.6190482358891671,follow,-0.30952411794458357,52.37957770504681,87.38650567536642
104.7,28.39749639173868,-0.540833043470272,follow,-0.270416521735136,52.325828065872884,37.986181582535416
104.8,28.343413087391653,-0.6432657479069661,follow,-0.32163287395348306,52.193486757133996,41.6410896632238
104.9,28.279086512600955,-0.6881033260557246,follow,-0.3440516630278623,52.07457810587357,27.566010216321768
105.0,28.210276179995383,-0.8457275642374213,follow,-0.4228637821187107,51.89255048787436,35.29442372387294
105.1,28.12570342357164,-0.8691499796803441,follow,-0.43457498984017207,51.75398014551729,28.982405175660457
105.2,28.038788425603606,-0.9481626708965223,follow,-0.47408133544826114,51.58410130295715,35.85245779365819
105.3,27.943972158513954,-0.9325083013306568,follow,-0.4662541506653284,51.4497040871056,
105.4,27.85072132838089,-0.5809000766080317,follow,-0.29045003830401583,51.48563195426732,38.69001785438484
105.5,27.792631320720087,-0.6611563177698798,follow,-0.3305781588849399,51.35836882219519,
105.6,27.7265156889431,-0.12811256022713735,follow,-0.06405628011356868,51.52571725330108,407.26741231655126
105.7,27.713704432920384,-0.11241967874295256,follow,-0.05620983937147628,51.5143468100091,124.51968775476709
105.8,27.70246246504609,-0.15918626812899106,follow,-0.07959313406449553,51.474100563504635,39.520601894414746
105.9,27.68654383823319,-0.36873915533676893,follow,-0.18436957766838447,51.3454461796814,771.603315092086
106.0,27.649669922699516,-0.26405139327503946,follow,-0.13202569663751973,51.342479187411755,45.8550132914399
106.1,27.62326478337201,-0.40348893196774327,follow,-0.20174446598387163,51.23315270907415,89.37083559836822
106.2,27.582915890175236,-0.38902543041260174,follow,-0.19451271520630087,51.17986112005656,
106.3,27.544013347133976,0.012879529284475666,follow,0.006439764642237833,51.3224597853432,66.30694415720406
106.4,27.545301300062423,-0.14604458951272647,follow,-0.07302229475636324,51.24492965533727,
106.5,27.53069684111115,-0.06437058088168612,follow,-0.03218529044084306,51.263859971225884,38.23672764734729
106.6,27.524259783022984,-0.31191136322129864,follow,-0.15595568161064932,51.13043399292383,59.853495399242334
106.7,27.493068646700856,-0.382951683594996,follow,-0.191475841797498,51.04812712825378,
106.8,27.454773478341355,-0.14502087418475185,follow,-0.07251043709237592,51.10964978041966,37.7256054960517
106.9,27.44027139092288,-0.36956889011386806,follow,-0.18478444505693403,50.97562264132739,
107.0,27.403314501911495,-0.14136112346216123,follow,-0.07068056173108062,51.03429119113616,148.65171994479957
107.1,27.38917838956528,-0.1647884643366524,follow,-0.0823942321683262,51.0013733521796,36.71333626787816
107.2,27.372699543131617,-0.3898918336617925,follow,-0.19494591683089624,50.86410339786653,107.60345368834838
107.3,27.333710359765437,-0.3596663555165236,follow,-0.1798331777582618,50.820732361889895,237.8019129146087
107.4,27.297743724213785,-0.287315193703904,follow,-0.143657596851952,50.80295798946872,100.05629920514417
107.5,27.269012204843396,-0.29692307656107175,follow,-0.14846153828053588,50.75505676898456,22.467809895034698
107.6,27.23931989718729,-0.6537101330302448,follow,-0.3268550665151224,50.532124779265814,31.399676886853864
107.7,27.173948883884265,-0.7663868698975591,follow,-0.38319343494877955,50.37772989087762,41.4990536748832
107.8,27.097310196894508,-0.7639328483074195,follow,-0.38196642415370974,50.26399887118805,47.53950072440571
107.9,27.020916912063765,-0.7309363762286267,follow,-0.36546818811431336,50.16590717998133,104.31304435667207
108.0,26.947823274440903,-0.5932201182481407,follow,-0.29661005912407035,50.12512485253728,62.049617086396836
108.1,26.88850126261609,-0.5649543352966617,follow,-0.28247716764833086,50.0502747262758,25.297064839926584
108.2,26.832005829086423,-0.7798692005251695,follow,-0.38993460026258475,49.85807414336705,78.88863021317037
108.3,26.754018909033906,-0.6567122221743062,follow,-0.3283561110871531,49.80267225246371,114.74770157669117
108.4,26.688347686816474,-0.5333680928854676,follow,-0.2666840464427338,49.76583748378198,108.57660879547241
108.5,26.63501087752793,-0.4543598405249156,follow,-0.2271799202624578,49.725336396029434,903.9182545448853
108.6,26.589574893475437,-0.3199668670623623,follow,-0.15998343353118116,49.72437890668198,199.23630223476735
108.7,26.5575782067692,-0.2674924482977872,follow,-0.1337462241488936,49.70262108600491,89.14017887104836
108.8,26.53082896193942,-0.29341050619675,follow,-0.146705253098375,49.649538189810755,50.6199756700061
108.9,26.501487911319746,-0.39568493660179627,follow,-0.19784246830089813,49.55438939867872,22.306846301603045
109.0,26.461919417659566,-0.713363339153716,follow,-0.356681669576858,49.33619745691249,78.07355823886279
109.1,26.390583083744193,-0.6114709541562178,follow,-0.3057354770781089,49.28013914853818,63.1324713215126
109.2,26.329435988328573,-0.5719168655745648,follow,-0.2859584327872824,49.20819554970558,68.39829581507078
109.3,26.272244301771117,-0.5327906662562896,follow,-0.2663953331281448,49.141971119528534,25.970204308995534
109.4,26.21896523514549,-0.740746513407899,follow,-0.3703732567039495,48.958074596014285,28.15356719418157
109.5,26.1448905838047,-0.8515006761468271,follow,-0.42575033807341356,48.79158553763364,514.1878528016584
109.6,26.059740516190015,-0.5979985765405047,follow,-0.29899928827025235,48.79061148601477,54.83689974571759
109.7,25.999940658535966,-0.5845871352856733,follow,-0.29229356764283665,48.707617420161114,143.28270595795135
109.8,25.9414819450074,-0.4655073837015209,follow,-0.23275369185076045,48.67946922566034,59.25811214904047
109.9,25.89493120663725,-0.48084140991775826,follow,-0.24042070495887913,48.60197610499699,58.91639898449008
110.0,25.846847065645473,-0.4919584000713684,follow,-0.2459792000356842,48.524291398432524,330.44100122219953
110.1,25.797651225638337,-0.3639011251774633,follow,-0.18195056258873166,48.514526275868775,39.19886739565636
110.2,25.76126111312059,-0.4949830102481201,follow,-0.24749150512406004,48.39440016455683,61.161100124961365
110.3,25.711762812095778,-0.4948406695935432,follow,-0.2474203347967716,48.3202238833469,40.20778759086444
110.4,25.662278745136422,-0.5768442177424618,follow,-0.2884221088712309,48.204996008833405,40.77295325415926
110.5,25.604594323362175,-0.6287098170925844,follow,-0.3143549085462922,48.09253657649697,44.34149759092698
110.6,25.541723341652915,-0.6444415402949346,follow,-0.3222207701474673,47.99036424233191,70.39565951486101
110.7,25.47727918762342,-0.5745649157309316,follow,-0.2872824578654658,47.92863632356966,40.71135957166073
110.8,25.41982269605033,-0.6261599802217575,follow,-0.3130799901108787,47.81665405396461,
110.9,25.357206698028154,-0.4037533257608459,follow,-0.20187666288042294,47.83393338416181,32.60204131323012
111.0,25.31683136545207,-0.5679936011229927,follow,-0.28399680056149634,47.69125024761661,49.842900190760425
111.1,25.26003200533977,-0.5776019218537556,follow,-0.2888009609268778,47.60124704708278,42.12380430125103
111.2,25.202271813154393,-0.618775707928549,follow,-0.3093878539642745,47.494019865767314,
111.3,25.140394242361538,-0.3692218440227748,follow,-0.1846109220113874,47.52598044153092,73.07257251996447
111.4,25.10347205795926,-0.3811497024074413,follow,-0.19057485120372064,47.464633235735164,887.6530106976601
111.5,25.065357087718514,-0.2698762092288689,follow,-0.13493810461443445,47.46309752696334,25.041770669238815
111.6,25.038369466795626,-0.5625872398196066,follow,-0.2812936199098033,47.27626058028363,72.91561833399192
111.7,24.982110742813664,-0.5122332164365133,follow,-0.25611660821825666,47.21704950600224,245.78037029298193
111.8,24.930887421170013,-0.3867407357397781,follow,-0.19337036786988904,47.20296076388513,61.231976897797786
111.9,24.892213347596034,-0.4171611845371217,follow,-0.20858059226856085,47.12973942912549,652.6458196173459
112.0,24.85049722914232,-0.29811227500408677,follow,-0.14905613750204338,47.12668970621144,38.612697006554235
112.1,24.82068600164191,-0.4468157928311598,follow,-0.2234078964155799,47.00762110604728,
112.2,24.776004422358795,-0.2759719394537399,follow,-0.13798596972686994,47.02602066381132,
112.3,24.74840722841342,-0.032861803300420434,follow,-0.016430901650210217,47.10617994096992,40.664611533448024
112.4,24.745121048083377,-0.2540274719266904,follow,-0.1270137359633452,46.99066783616172,37.143218751558436
112.5,24.719718300890708,-0.4257628905266415,follow,-0.21288144526332076,46.86669600607274,
112.6,24.677142011838043,-0.2754624257365208,follow,-0.1377312128682604,46.877981804888805,
112.7,24.64959576926439,-0.1587428518686238,follow,-0.0793714259343119,46.89502222796227,34.24004606348164
112.8,24.63372148407753,-0.38186429312384007,follow,-0.19093214656192004,46.759650079554376,35.059531272299914
112.9,24.595535054765147,-0.526412016139588,follow,-0.263206008069794,46.630096574077925,37.43780345296693
113.0,24.542893853151188,-0.6070671819275475,follow,-0.30353359096377375,46.51080718876301,23.338326381618153
113.1,24.482187134958433,-0.8113844543407822,follow,-0.4056922271703911,46.31758847526726,27.534147368456587
113.2,24.401048689524355,-0.8881788559429538,follow,-0.4440894279714769,46.157483606315054,27.134722180833943
113.3,24.31223080393006,-0.9441713599461252,follow,-0.4720856799730626,45.996260525922025,30.618637565937874
113.4,24.21781366793545,-0.9424826855499333,follow,-0.47124134277496665,45.85547915912821,48.896151471194564
113.5,24.123565399380457,-0.828450959761355,follow,-0.4142254798806775,45.77112261919001,64.14425735739171
113.6,24.04072030340432,-0.7060597325142624,follow,-0.3530298662571312,45.708050588849346,
113.7,23.970114330152896,-0.4322646787911282,follow,-0.2161323393955641,45.73903915583378,30.28846110691687
113.8,23.926887862273784,-0.5959628476079075,follow,-0.29798142380395376,45.59235036960672,310.388820858647
113.9,23.867291577512994,-0.43463230882770176,follow,-0.21731615441385088,45.58362121185564,47.12500581164551
114.0,23.823828346630222,-0.48900828550560504,follow,-0.24450414275280252,45.49123837719253,53.27913808054199
114.1,23.77492751807966,-0.5032913034697657,follow,-0.25164565173488285,45.41074562538461,124.43771262947567
114.2,23.724598387732684,-0.4152235899759802,follow,-0.2076117949879901,45.379285786611035,28.458128476559285
114.3,23.683076028735087,-0.6012717187294072,follow,-0.3006358593647036,45.22397818373793,78.91444750107205
114.4,23.622948856862145,-0.5234799744831378,follow,-0.2617399872415689,45.17268329805165,63.360341857994186
114.5,23.57060085941383,-0.4985561540201644,follow,-0.2492780770100822,45.10662321211066,93.85464534359231
114.6,23.520745244011813,-0.4351383566164486,follow,-0.2175691783082243,45.0635486877095,72.5958823243949
114.7,23.477231408350168,-0.42004313130181004,follow,-0.21002156565090502,45.00582554687435,
114.8,23.435227095219986,-0.11707561095558106,follow,-0.05853780547779053,45.09430283735219,35.64127183785269
114.9,23.423519534124427,-0.332656834493946,follow,-0.166328417246973,44.96895088393967,36.45580766247
115.0,23.390253850675034,-0.4729105542807446,follow,-0.2364552771403723,44.84892549887218,34.22918808883199
115.1,23.342962795246958,-0.583629947045452,follow,-0.291814973522726,44.72262921934771,35.410884142951055
115.2,23.284599800542413,-0.6494609230397543,follow,-0.32473046151987717,44.602169239293744,33.928324970755774
115.3,23.219653708238436,-0.7045533877752206,follow,-0.3522766938876103,44.47720386847004,638.5475374292553
115.4,23.149198369460915,-0.49302704533464237,follow,-0.24651352266732118,44.47728403152405,
115.5,23.099895664927452,-0.3150980647200754,follow,-0.1575490323600377,44.49229446503114,36.17566573637419
115.6,23.068385858455443,-0.460245816995311,follow,-0.2301229084976555,44.37245587918551,31.283769232939925
115.7,23.022361276755912,-0.5966443272483275,follow,-0.29832216362416375,44.2352197515097,78.65978967593396
115.8,22.96269684403108,-0.5181903978794082,follow,-0.2590951989397041,44.18495006710691,35.84413335773327
115.9,22.91087780424314,-0.5989088393645972,follow,-0.2994544196822986,44.06686228668241,99.9525534344658
116.0,22.850986920306678,-0.49543357161695667,follow,-0.24771678580847833,44.02876359465154,61.06735414274017
116.1,22.801443563144982,-0.4810922127602737,follow,-0.24054610638013685,43.961619238337335,23.744509480840595
116.2,22.753334341868953,-0.6974314173064045,follow,-0.3487157086532022,43.78128580415023,
116.3,22.683591200138313,-0.4409202321424175,follow,-0.22046011607120874,43.80492668413626,
116.4,22.639499176924073,-0.2305439978850643,follow,-0.11527199894253215,43.843976766443575,35.37233229573113
116.5,22.616444777135566,-0.404669753947033,follow,-0.2023348769735165,43.72233228872983,39.162109209653075
116.6,22.575977801740862,-0.4984643881105626,follow,-0.2492321940552813,43.61473450855601,63.580387583783846
116.7,22.526131362929807,-0.47615134426348504,follow,-0.23807567213174252,43.55112137226297,66.37561292268568
116.8,22.47851622850346,-0.455009186685146,follow,-0.227504593342573,43.49026974941262,96.96476289057476
116.9,22.433015309834943,-0.39910949264653084,follow,-0.19955474632326542,43.44996821842915,
117.0,22.39310436057029,-0.1879975169672008,follow,-0.0939987584836004,43.495657782371836,43.3610494501723
117.1,22.374304608873572,-0.3284591836517592,follow,-0.1642295918258796,43.39722732148448,30.256632414760503
117.2,22.341458690508397,-0.5102131666575929,follow,-0.25510658332879643,43.257081452433795,23.618922816340483
117.3,22.290437373842636,-0.713236691429401,follow,-0.3566183457147005,43.07903771504925,30.543034745090075
117.4,22.219113704699694,-0.7670884249402405,follow,-0.38354421247012027,42.94512634457942,45.729421399842394
117.5,22.14240486220567,-0.7094428698991777,follow,-0.35472143494958885,42.85888585835892,
117.6,22.071460575215752,-0.4329021239726387,follow,-0.21645106198631936,42.89073980083731,35.698832475743316
117.7,22.02817036281849,-0.5346655593446457,follow,-0.26733277967232283,42.77492276455541,57.94722318738419
117.8,21.974703806884026,-0.5112066529187018,follow,-0.2556033264593509,42.70645238386669,48.272034156020055
117.9,21.923583141592157,-0.52456128536177,follow,-0.262280642680885,42.62309406970735,344.89408118762753
118.0,21.87112701305598,-0.38141830236460805,follow,-0.19070915118230403,42.61598136840166,
118.1,21.832985182819517,-0.11558984821888885,follow,-0.05779492410944442,42.69168285011983,35.19555181283041
118.2,21.821426197997628,-0.3211981333530929,follow,-0.16059906667654644,42.5715402303199,34.570922966836136
118.3,21.789306384662318,-0.46469997027921295,follow,-0.23234998513960647,42.45160959185387,146.73582002486373
118.4,21.742836387634398,-0.37385725672213255,follow,-0.18692862836106627,42.42732595309053,82.730724605558
118.5,21.705450661962185,-0.35679021209770667,follow,-0.17839510604885334,42.37978088689442,
118.6,21.669771640752415,-0.203707476619158,follow,-0.101853738309579,42.402803722819044,69.53882550276833
118.7,21.6494008930905,-0.2604754122506847,follow,-0.13023770612534236,42.34386363351041,34.725137461718866
118.8,21.623353351865433,-0.4210034589482916,follow,-0.2105017294741458,42.224528298324,64.62739982547862
118.9,21.581253005970602,-0.4169530224574203,follow,-0.20847651122871014,42.16340299772719,120.03713073207433
119.0,21.53955770372486,-0.3537786564655221,follow,-0.17688932823276105,42.13244722735453,78.08700892692544
119.1,21.504179838078308,-0.34848102714201445,follow,-0.17424051357100723,42.08202924354646,56.54819855401455
119.2,21.469331735364108,-0.38580306607252624,follow,-0.19290153303626312,42.0110960700099,100.18582551003809
119.3,21.430751428756857,-0.3462124320020621,follow,-0.17310621600103104,41.97302092713426,113.21067883101955
119.4,21.39613018555665,-0.3095747395125841,follow,-0.15478736975629204,41.93940790857869,163.74254294717912
119.5,21.365172711605393,-0.2617368599802461,follow,-0.13086842999012305,41.916890637417964,57.802630968589646
119.6,21.338999025607368,-0.323015607107763,follow,-0.1615078035538815,41.84699073485717,33.774837485722365
119.7,21.30669746489659,-0.46745041795445275,follow,-0.23372520897722637,41.72632098836766,39.11729647957184
119.8,21.259952423101144,-0.5312057771887027,follow,-0.2656028885943513,41.624325746057366,96.8114691524028
119.9,21.206831845382272,-0.44721041310870646,follow,-0.22360520655435323,41.58664256151906,25.252512986148684
120.0,21.1621108040714,-8.0,emergency,-0.3167347249949941,41.426431481112104,2.572732978004193
120.1,20.3621108040714,-8.0,emergency,-0.6469458054022965,39.896220400704806,2.5072864871263114
120.2,19.5621108040714,-8.0,emergency,-0.958156885809359,38.38500932029774,2.4665683083464076
120.3,18.762110804071398,-8.0,emergency,-1.234367966216567,36.90879823989053,2.439104412978523
120.4,17.962110804071397,-8.0,emergency,-1.467579046623655,35.47558715948344,2.3742018530485747
120.5,17.162110804071396,-8.0,emergency,-1.68179012703051,34.06137607907658,2.3230881647421713
120.6,16.362110804071396,-8.0,emergency,-1.8680012074375796,32.675164998669516,2.262492335224157
120.7,15.562110804071395,-8.0,emergency,-2.0322122878447075,31.310953918262385,2.2313787537351515
120.8,14.762110804071394,-8.0,emergency,-2.155423368252123,29.987742837854967,2.182178798105052
120.9,13.962110804071393,-8.0,emergency,-2.2496344486595454,28.693531757447545,2.136189328392845
121.0,13.162110804071393,-8.0,emergency,-2.312845529067019,27.430320677040072,2.0840366021349053
121.1,12.362110804071392,-8.0,emergency,-2.3490566094739904,26.194109596633098,2.1189026705703213
121.2,11.562110804071391,-8.0,emergency,-2.3052676898810347,25.03789851622605,2.1655127632412414
121.3,10.76211080407139,-8.0,emergency,-2.1814787702881553,23.96168743581893,2.2264858513400583
121.4,9.96211080407139,-8.0,emergency,-1.9776898506953486,22.965476355411738,2.305282164300565
121.5,9.16211080407139,-8.0,emergency,-1.6939009311026112,22.049265275004473,2.545484094320384
121.6,8.362110804071389,-8.0,emergency,-1.2801120115097646,21.263054194597316,2.8960410380631147
121.7,7.562110804071389,-1.4686461838337266,follow,-0.7343230919168633,20.608843114190222,3.7118933395705396
121.8,7.415246185688016,-2.1091015658210495,follow,-1.0545507829105247,20.068318495621497,4.504424146097413
121.9,7.204336029105911,-2.325238301896732,follow,-1.162619150948366,19.643884892710503,6.1689107911849534
122.0,6.971812198916238,-2.218029251111055,follow,-1.1090146255555275,19.34870367281883,10.679199358737367
122.1,6.750009273805133,-1.8706223305386942,follow,-0.9353111652693471,19.189702745438353,20.63388321594224
122.2,6.562947040751263,-1.4580250395277403,follow,-0.7290125197638702,19.115408041363025,
122.3,6.417144536798489,-0.8980464350293147,follow,-0.44902321751465735,19.176693587683076,
122.4,6.327339893295557,-0.3281004831799308,follow,-0.1640502415899654,19.32695959835337,
122.5,6.294529844977564,0.3754236927782699,follow,0.18771184638913496,19.629506613855483,
122.6,6.332072214255391,0.9043821420942777,follow,0.45219107104713885,19.950299392430225,
122.7,6.422510428464819,1.5125654137727338,follow,0.7562827068863669,20.390048349583594,
122.8,6.573766969842093,2.172042395672591,follow,1.0860211978362955,20.946671652599434,
122.9,6.790971209409352,2.7802354350889047,follow,1.3901177175444523,21.57657453165848,
123.0,7.068994752918242,3.0,follow,1.5631829269894197,22.166675056366785,
123.1,7.368994752918242,3.0,follow,1.7042834516974743,22.75777558107484,
123.2,7.668994752918242,3.0,follow,1.9663839764056235,23.469876105782987,
123.3,7.968994752918242,3.0,follow,2.106484501113929,24.059976630491292,
123.4,8.268994752918243,3.0,follow,2.2305850258221582,24.63407715519952,
123.5,8.568994752918243,3.0,follow,2.4936855505305076,25.347177679907873,
123.6,8.868994752918244,3.0,follow,2.732786075238515,26.036278204615883,
123.7,9.168994752918245,3.0,follow,2.9648865999469187,26.718378729324286,
123.8,9.468994752918245,3.0,follow,3.3039871246548387,27.507479254032205,
123.9,9.768994752918246,3.0,follow,3.6400876493630534,28.293579778740423,
124.0,10.068994752918247,3.0,follow,3.95318817407113,29.056680303448502,
124.1,10.368994752918248,3.0,follow,4.245288698779479,29.79878082815685,
124.2,10.668994752918248,3.0,follow,4.67838922348745,30.68188135286482,
124.3,10.968994752918249,3.0,follow,5.119489748195228,31.5729818775726,
124.4,11.26899475291825,3.0,follow,5.536590272903574,32.44008240228095,
124.5,11.56899475291825,3.0,follow,6.093690797611796,33.44718292698917,
124.6,11.868994752918251,3.0,follow,6.4897913223199595,34.293283451697334,
124.7,12.168994752918252,3.0,follow,6.874891847028152,35.12838397640553,
124.8,12.468994752918253,3.0,follow,7.331992371736462,36.03548450111384,
124.9,12.768994752918253,3.0,follow,7.852092896444422,37.0055850258218,
125.0,13.068994752918254,3.0,follow,8.4121934211528,38.01568555053018,
125.1,13.368994752918255,3.0,follow,8.958293945861051,39.01178607523843,
125.2,13.668994752918255,3.0,follow,9.5663944705692,40.069886599946585,
125.3,13.968994752918256,3.0,follow,10.0774949952776,41.030987124654985,
125.4,14.268994752918257,3.0,follow,10.8085955199858,42.212087649363184,
125.5,14.568994752918258,3.0,follow,11.445696044693946,43.29918817407133,
125.6,14.868994752918258,3.0,follow,12.19579656940192,44.49928869877931,
125.7,15.168994752918259,3.0,follow,12.905897094110387,45.65938922348778,
125.8,15.46899475291826,3.0,follow,13.645997618818605,46.84948974819599,
125.9,15.76899475291826,3.0,follow,14.416098143527016,48.069590272904406,
126.0,16.06899475291826,3.0,follow,15.197198668235394,49.30069079761279,
126.1,16.368994752918262,3.0,follow,16.015299192943587,50.568791322320976,
126.2,16.668994752918262,3.0,follow,16.914399717651904,51.917891847029296,
126.3,16.968994752918263,3.0,follow,17.734500242360042,53.18799237173744,
126.4,17.268994752918264,3.0,follow,18.621600767068188,54.525092896445585,
126.5,17.568994752918265,3.0,follow,19.40670129177647,55.76019342115387,
126.6,17.868994752918265,3.0,follow,20.299801816484937,57.10329394586233,
126.7,18.168994752918266,3.0,follow,20.971902341192937,58.225394470570336,
126.8,18.468994752918267,3.0,follow,21.837002865900693,59.540494995278095,
126.9,18.768994752918267,3.0,follow,22.506103390609,60.6595955199864,
127.0,19.068994752918268,3.0,follow,23.020203915317097,61.6236960446945,
127.1,19.36899475291827,3.0,follow,23.645304440025527,62.69879656940293,
127.2,19.66899475291827,3.0,follow,24.167404964733436,63.67089709411084,
127.3,19.96899475291827,3.0,follow,24.79650548944177,64.74999761881918,
127.4,20.26899475291827,3.0,follow,25.260606014149694,65.6640981435271,
127.5,20.56899475291827,3.0,follow,25.713706538858098,66.5671986682355,
127.6,20.868994752918272,3.0,follow,26.006807063566193,67.3102991929436,
127.7,21.168994752918273,3.0,follow,26.398907588274,68.1523997176514,
127.8,21.468994752918274,3.0,follow,26.584008112982374,68.78750024235978,
127.9,21.768994752918275,3.0,follow,26.814108637690367,69.46760076706778,
128.0,22.068994752918275,3.0,follow,27.225209162398855,70.32870129177627,
128.1,22.368994752918276,3.0,follow,27.609309687106844,71.16280181648426,
128.2,22.668994752918277,3.0,follow,27.930410211815193,71.9339023411926,
128.3,22.968994752918277,3.0,follow,28.096510736523335,72.55000286590075,
128.4,23.268994752918278,3.0,follow,28.315611261231815,73.21910339060923,
128.5,23.56899475291828,3.0,follow,28.508711785940008,73.86220391531742,
128.6,23.86899475291828,3.0,follow,28.56781231064818,74.3713044400256,
128.7,24.16899475291828,3.0,follow,28.835912835356638,75.08940496473406,
128.8,24.46899475291828,3.0,follow,29.018013360064856,75.72150548944228,
128.9,24.76899475291828,3.0,follow,29.07111388477317,76.2246060141506,
129.0,25.068994752918282,3.0,follow,29.116214409481223,76.71970653885865,
129.1,25.368994752918283,3.0,follow,29.14831493418935,77.20180706356678,
129.2,25.668994752918284,3.0,follow,28.947415458897304,77.45090758827473,
129.3,25.968994752918285,3.0,follow,28.878515983605325,77.83200811298275,
129.4,26.268994752918285,3.0,follow,28.74061650831338,78.1441086376908,
129.5,26.568994752918286,3.0,follow,28.543717033021238,78.39720916239867,
129.6,26.868994752918287,3.0,follow,28.381817557729406,78.68530968710684,
129.7,27.168994752918287,3.0,follow,28.37691808243727,79.1304102118147,
129.8,27.468994752918288,3.0,follow,28.238018607145584,79.44151073652301,
129.9,27.76899475291829,3.0,follow,27.960119131853766,79.6136112612312,
130.0,28.06899475291829,3.0,cruise,,,
130.1,28.36899475291829,3.0,cruise,,,
130.2,28.66899475291829,3.0,cruise,,,
130.3,28.96899475291829,3.0,cruise,,,
130.4,29.268994752918292,3.0,cruise,,,
130.5,29.568994752918293,2.1550262354085348,cruise,,,
130.6,29.784497376459147,1.0775131177042674,cruise,,,
130.7,29.89224868822957,0.5387565588521426,cruise,,,
130.8,29.946124344114786,0.2693782794260713,cruise,,,
130.9,29.973062172057393,0.13468913971303564,cruise,,,
131.0,29.986531086028698,0.06734456985650894,cruise,,,
131.1,29.99326554301435,0.03367228492825447,cruise,,,
131.2,29.996632771507173,0.016836142464136117,cruise,,,
131.3,29.998316385753586,0.008418071232068058,cruise,,,
131.4,29.99915819287679,0.004209035616042911,cruise,,,
131.5,29.999579096438396,0.0021045178080214555,cruise,,,
131.6,29.999789548219198,0.0010522589040107277,cruise,,,
131.7,29.9998947741096,0.0005261294520053639,cruise,,,
131.8,29.9999473870548,0.00026306472600268194,cruise,,,
131.9,29.9999736935274,0.00013153236299245918,cruise,,,
132.0,29.9999868467637,6.576618149622959e-05,cruise,,,
132.1,29.999993423381852,3.288309073923301e-05,cruise,,,
132.2,29.999996711690926,1.6441545369616506e-05,cruise,,,
132.3,29.999998355845463,8.220772684808253e-06,cruise,,,
132.4,29.99999917792273,4.1103863424041265e-06,cruise,,,
132.5,29.999999588961366,2.0551931712020632e-06,cruise,,,
132.6,29.999999794480683,1.0275965856010316e-06,cruise,,,
132.7,29.999999897240343,5.137982839187316e-07,cruise,,,
132.8,29.99999994862017,2.568991419593658e-07,cruise,,,
132.9,29.999999974310086,1.284495709796829e-07,cruise,,,
133.0,29.999999987155043,6.422478548984145e-08,cruise,,,
133.1,29.99999999357752,3.2112392744920726e-08,cruise,,,
133.2,29.99999999678876,1.605620525424456e-08,cruise,,,
133.3,29.99999999839438,8.02810262712228e-09,cruise,,,
133.4,29.99999999919719,4.01405131356114e-09,cruise,,,
133.5,29.999999999598593,2.007034538564767e-09,cruise,,,
133.6,29.999999999799297,1.0035172692823835e-09,cruise,,,
133.7,29.99999999989965,5.017497528569947e-10,cruise,,,
133.8,29.999999999949825,2.5087487642849737e-10,cruise,,,
133.9,29.99999999997491,1.254463199984457e-10,cruise,,,
134.0,29.999999999987455,6.272315999922284e-11,cruise,,,
134.1,29.999999999993726,3.137046178380842e-11,cruise,,,
134.2,29.999999999996863,1.568523089190421e-11,cruise,,,
134.3,29.99999999999843,7.851497230149107e-12,cruise,,,
134.4,29.999999999999215,3.9257486150745535e-12,cruise,,,
134.5,29.99999999999961,1.9539925233402755e-12,cruise,,,
134.6,29.999999999999805,9.769962616701378e-13,cruise,,,
134.7,29.9999999999999,4.973799150320701e-13,cruise,,,
134.8,29.99999999999995,2.4868995751603507e-13,cruise,,,
134.9,29.999999999999975,1.2434497875801753e-13,cruise,,,
135.0,29.999999999999986,7.105427357601002e-14,cruise,,,
135.1,29.999999999999993,3.552713678800501e-14,cruise,,,
135.2,29.999999999999996,1.7763568394002505e-14,cruise,,,
135.3,30.0,0.0,cruise,,,
135.4,30.0,0.0,cruise,,,
135.5,30.0,0.0,cruise,,,
135.6,30.0,0.0,cruise,,,
135.7,30.0,0.0,cruise,,,
135.8,30.0,0.0,cruise,,,
135.9,30.0,0.0,cruise,,,
136.0,30.0,0.0,cruise,,,
136.1,30.0,0.0,cruise,,,
136.2,30.0,0.0,cruise,,,
136.3,30.0,0.0,cruise,,,
136.4,30.0,0.0,cruise,,,
136.5,30.0,0.0,cruise,,,
136.6,30.0,0.0,cruise,,,
136.7,30.0,0.0,cruise,,,
136.8,30.0,0.0,cruise,,,
136.9,30.0,0.0,cruise,,,
137.0,30.0,0.0,cruise,,,
137.1,30.0,0.0,cruise,,,
137.2,30.0,0.0,cruise,,,
137.3,30.0,0.0,cruise,,,
137.4,30.0,0.0,cruise,,,
137.5,30.0,0.0,cruise,,,
137.6,30.0,0.0,cruise,,,
137.7,30.0,0.0,cruise,,,
137.8,30.0,0.0,cruise,,,
137.9,30.0,0.0,cruise,,,
138.0,30.0,0.0,cruise,,,
138.1,30.0,0.0,cruise,,,
138.2,30.0,0.0,cruise,,,
138.3,30.0,0.0,cruise,,,
138.4,30.0,0.0,cruise,,,
138.5,30.0,0.0,cruise,,,
138.6,30.0,0.0,cruise,,,
138.7,30.0,0.0,cruise,,,
138.8,30.0,0.0,cruise,,,
138.9,30.0,0.0,cruise,,,
139.0,30.0,0.0,cruise,,,
139.1,30.0,0.0,cruise,,,
139.2,30.0,0.0,cruise,,,
139.3,30.0,0.0,cruise,,,
139.4,30.0,0.0,cruise,,,
139.5,30.0,0.0,cruise,,,
139.6,30.0,0.0,cruise,,,
139.7,30.0,0.0,cruise,,,
139.8,30.0,0.0,cruise,,,
139.9,30.0,0.0,cruise,,,
140.0,30.0,0.0,cruise,,,
140.1,30.0,0.0,cruise,,,
140.2,30.0,0.0,cruise,,,
140.3,30.0,0.0,cruise,,,
140.4,30.0,0.0,cruise,,,
140.5,30.0,0.0,cruise,,,
140.6,30.0,0.0,cruise,,,
140.7,30.0,0.0,cruise,,,
140.8,30.0,0.0,cruise,,,
140.9,30.0,0.0,cruise,,,
141.0,30.0,0.0,cruise,,,
141.1,30.0,0.0,cruise,,,
141.2,30.0,0.0,cruise,,,
141.3,30.0,0.0,cruise,,,
141.4,30.0,0.0,cruise,,,
141.5,30.0,0.0,cruise,,,
141.6,30.0,0.0,cruise,,,
141.7,30.0,0.0,cruise,,,
141.8,30.0,0.0,cruise,,,
141.9,30.0,0.0,cruise,,,
142.0,30.0,0.0,cruise,,,
142.1,30.0,0.0,cruise,,,
142.2,30.0,0.0,cruise,,,
142.3,30.0,0.0,cruise,,,
142.4,30.0,0.0,cruise,,,
142.5,30.0,0.0,cruise,,,
142.6,30.0,0.0,cruise,,,
142.7,30.0,0.0,cruise,,,
142.8,30.0,0.0,cruise,,,
142.9,30.0,0.0,cruise,,,
143.0,30.0,0.0,cruise,,,
143.1,30.0,0.0,cruise,,,
143.2,30.0,0.0,cruise,,,
143.3,30.0,0.0,cruise,,,
143.4,30.0,0.0,cruise,,,
143.5,30.0,0.0,cruise,,,
143.6,30.0,0.0,cruise,,,
143.7,30.0,0.0,cruise,,,
143.8,30.0,0.0,cruise,,,
143.9,30.0,0.0,cruise,,,
144.0,30.0,0.0,cruise,,,
144.1,30.0,0.0,cruise,,,
144.2,30.0,0.0,cruise,,,
144.3,30.0,0.0,cruise,,,
144.4,30.0,0.0,cruise,,,
144.5,30.0,0.0,cruise,,,
144.6,30.0,0.0,cruise,,,
144.7,30.0,0.0,cruise,,,
144.8,30.0,0.0,cruise,,,
144.9,30.0,0.0,cruise,,,
145.0,30.0,0.0,cruise,,,
145.1,30.0,0.0,cruise,,,
145.2,30.0,0.0,cruise,,,
145.3,30.0,0.0,cruise,,,
145.4,30.0,0.0,cruise,,,
145.5,30.0,0.0,cruise,,,
145.6,30.0,0.0,cruise,,,
145.7,30.0,0.0,cruise,,,
145.8,30.0,0.0,cruise,,,
145.9,30.0,0.0,cruise,,,
146.0,30.0,0.0,cruise,,,
146.1,30.0,0.0,cruise,,,
146.2,30.0,0.0,cruise,,,
146.3,30.0,0.0,cruise,,,
146.4,30.0,0.0,cruise,,,
146.5,30.0,0.0,cruise,,,
146.6,30.0,0.0,cruise,,,
146.7,30.0,0.0,cruise,,,
146.8,30.0,0.0,cruise,,,
146.9,30.0,0.0,cruise,,,
147.0,30.0,0.0,cruise,,,
147.1,30.0,0.0,cruise,,,
147.2,30.0,0.0,cruise,,,
147.3,30.0,0.0,cruise,,,
147.4,30.0,0.0,cruise,,,
147.5,30.0,0.0,cruise,,,
147.6,30.0,0.0,cruise,,,
147.7,30.0,0.0,cruise,,,
147.8,30.0,0.0,cruise,,,
147.9,30.0,0.0,cruise,,,
148.0,30.0,0.0,cruise,,,
148.1,30.0,0.0,cruise,,,
148.2,30.0,0.0,cruise,,,
148.3,30.0,0.0,cruise,,,
148.4,30.0,0.0,cruise,,,
148.5,30.0,0.0,cruise,,,
148.6,30.0,0.0,cruise,,,
148.7,30.0,0.0,cruise,,,
148.8,30.0,0.0,cruise,,,
148.9,30.0,0.0,cruise,,,
149.0,30.0,0.0,cruise,,,
149.1,30.0,0.0,cruise,,,
149.2,30.0,0.0,cruise,,,
149.3,30.0,0.0,cruise,,,
149.4,30.0,0.0,cruise,,,
149.5,30.0,0.0,cruise,,,
149.6,30.0,0.0,cruise,,,
149.7,30.0,0.0,cruise,,,
149.8,30.0,0.0,cruise,,,
149.9,30.0,0.0,cruise,,,
150.0,30.0,0.0,cruise,,,
