time,ego_speed,acceleration_cmd,mode,distance_error,distance,ttc
0.0,0.0,3.0,cruise,,,
0.1,0.30000000000000004,3.0,cruise,,,
0.2,0.6000000000000001,3.0,cruise,,,
0.3,0.9000000000000001,3.0,cruise,,,
0.4,1.2000000000000002,3.0,cruise,,,
0.5,1.5000000000000002,3.0,cruise,,,
0.6,1.8000000000000003,3.0,cruise,,,
0.7,2.1000000000000005,3.0,cruise,,,
0.8,2.4000000000000004,3.0,cruise,,,
0.9,2.7,3.0,cruise,,,
1.0,3.0,3.0,cruise,,,
1.1,3.3,3.0,cruise,,,
1.2,3.5999999999999996,3.0,cruise,,,
1.3,3.8999999999999995,3.0,cruise,,,
1.4,4.199999999999999,3.0,cruise,,,
1.5,4.499999999999999,3.0,cruise,,,
1.6,4.799999999999999,3.0,cruise,,,
1.7,5.099999999999999,3.0,cruise,,,
1.8,5.399999999999999,3.0,cruise,,,
1.9,5.699999999999998,3.0,cruise,,,
2.0,5.999999999999998,3.0,cruise,,,
2.1,6.299999999999998,3.0,cruise,,,
2.2,6.599999999999998,3.0,cruise,,,
2.3,6.899999999999998,3.0,cruise,,,
2.4,7.1999999999999975,3.0,cruise,,,
2.5,7.499999999999997,3.0,cruise,,,
2.6,7.799999999999997,3.0,cruise,,,
2.7,8.099999999999998,3.0,cruise,,,
2.8,8.399999999999999,3.0,cruise,,,
2.9,8.7,3.0,cruise,,,
3.0,9.0,3.0,cruise,,,
3.1,9.3,3.0,cruise,,,
3.2,9.600000000000001,3.0,cruise,,,
3.3,9.900000000000002,3.0,cruise,,,
3.4,10.200000000000003,3.0,cruise,,,
3.5,10.500000000000004,3.0,cruise,,,
3.6,10.800000000000004,3.0,cruise,,,
3.7,11.100000000000005,3.0,cruise,,,
3.8,11.400000000000006,3.0,cruise,,,
3.9,11.700000000000006,3.0,cruise,,,
4.0,12.000000000000007,3.0,cruise,,,
4.1,12.300000000000008,3.0,cruise,,,
4.2,12.600000000000009,3.0,cruise,,,
4.3,12.90000000000001,3.0,cruise,,,
4.4,13.20000000000001,3.0,cruise,,,
4.5,13.50000000000001,3.0,cruise,,,
4.6,13.800000000000011,3.0,cruise,,,
4.7,14.100000000000012,3.0,cruise,,,
4.8,14.400000000000013,3.0,cruise,,,
4.9,14.700000000000014,3.0,cruise,,,
5.0,15.000000000000014,3.0,cruise,,,
5.1,15.300000000000015,3.0,cruise,,,
5.2,15.600000000000016,3.0,cruise,,,
5.3,15.900000000000016,3.0,cruise,,,
5.4,16.200000000000017,3.0,cruise,,,
5.5,16.500000000000018,3.0,cruise,,,
5.6,16.80000000000002,3.0,cruise,,,
5.7,17.10000000000002,3.0,cruise,,,
5.8,17.40000000000002,3.0,cruise,,,
5.9,17.70000000000002,3.0,cruise,,,
6.0,18.00000000000002,3.0,cruise,,,
6.1,18.300000000000022,3.0,cruise,,,
6.2,18.600000000000023,3.0,cruise,,,
6.3,18.900000000000023,3.0,cruise,,,
6.4,19.200000000000024,3.0,cruise,,,
6.5,19.500000000000025,3.0,cruise,,,
6.6,19.800000000000026,3.0,cruise,,,
6.7,20.100000000000026,3.0,cruise,,,
6.8,20.400000000000027,3.0,cruise,,,
6.9,20.700000000000028,3.0,cruise,,,
7.0,21.00000000000003,3.0,cruise,,,
7.1,21.30000000000003,3.0,cruise,,,
7.2,21.60000000000003,3.0,cruise,,,
7.3,21.90000000000003,3.0,cruise,,,
7.4,22.20000000000003,3.0,cruise,,,
7.5,22.500000000000032,3.0,cruise,,,
7.6,22.800000000000033,3.0,cruise,,,
7.7,23.100000000000033,2.9549999999999845,cruise,,,
7.8,23.39550000000003,2.824274999999988,cruise,,,
7.9,23.677927500000028,2.703718874999989,cruise,,,
8.0,23.948299387500025,2.5880793318749897,cruise,,,
8.1,24.207107320687523,2.477397739096866,cruise,,,
8.2,24.45484709459721,2.371448920476413,cruise,,,
8.3,24.69199198664485,2.2700311599859964,cruise,,,
8.4,24.91899510264345,2.1729506458111483,cruise,,,
8.5,25.136290167224566,2.080021892458388,cruise,,,
8.6,25.344292356470405,1.9910673449653986,cruise,,,
8.7,25.543399090966943,1.9059170418166063,cruise,,,
8.8,25.733990795148603,1.8244082900922984,cruise,,,
8.9,25.916431624157834,1.7463853546243593,cruise,,,
9.0,26.09107015962027,1.6716991604396614,cruise,,,
9.1,26.258240075664236,1.60020700792911,cruise,,,
9.2,26.418260776457146,1.5317723001978298,cruise,,,
9.3,26.571438006476928,1.4662642820754914,cruise,,,
9.4,26.71806443468448,1.4035577902882093,cruise,,,
9.5,26.8584202137133,1.343533014314606,cruise,,,
9.6,26.99277351514476,1.2860752674691287,cruise,,,
9.7,27.12138104189167,1.2310747677752927,cruise,,,
9.8,27.2444885186692,1.1784264282100947,cruise,,,
9.9,27.36233116149021,1.1280296559189,cruise,,,
10.0,27.4751341270821,1.0797881600171102,cruise,,,
10.1,27.583112943083812,1.0336097676114289,cruise,,,
10.2,27.686473919844953,0.9894062476892003,cruise,,,
10.3,27.785414544613875,0.9470931425392953,cruise,,,
10.4,27.880123858867805,0.9065896063825232,cruise,,,
10.5,27.970782819506056,0.8678182509031495,cruise,,,
10.6,28.057564644596372,0.8307049973864745,cruise,,,
10.7,28.14063514433502,0.7951789351799187,cruise,,,
10.8,28.22015303785301,0.7611721862071502,cruise,,,
10.9,28.296270256473726,0.7286197752764654,cruise,,,
11.0,28.369132234001373,0.697459505935558,cruise,,,
11.1,28.43887818459493,0.6676318416355029,cruise,,,
11.2,28.505641368758482,0.6390797919769071,cruise,,,
11.3,28.569549347956173,0.6117488038208772,cruise,,,
11.4,28.63072422833826,0.5855866570567401,cruise,,,
11.5,28.689282894043934,0.560543364827392,cruise,,,
11.6,28.745337230526673,0.5365710780216283,cruise,,,
11.7,28.798994338328836,0.5136239938509425,cruise,,,
11.8,28.85035673771393,0.49165826833618387,cruise,,,
11.9,28.89952256454755,0.4706319325367934,cruise,,,
12.0,28.946585757801227,0.45050481236260914,cruise,,,
12.1,28.991636239037486,0.43123845181500137,cruise,,,
12.2,29.034760084218988,0.4127960395107049,cruise,,,
12.3,29.07603968817006,0.3951423383479375,cruise,,,
12.4,29.115553922004853,0.3782436181804192,cruise,,,
12.5,29.153378283822896,0.3620675913706755,cruise,,,
12.6,29.189585042959962,0.3465833510994841,cruise,,,
12.7,29.22424337806991,0.3317613123135656,cruise,,,
12.8,29.25741950930127,0.31757315519875057,cruise,,,
12.9,29.289176824821144,0.30399177107054726,cruise,,,
13.0,29.319576001928198,0.2909912105787843,cruise,,,
13.1,29.348675122986077,0.27854663412732616,cruise,,,
13.2,29.37652978639881,0.2666342644141699,cruise,,,
13.3,29.403193212840225,0.2552313410011903,cruise,,,
13.4,29.428716346940345,0.24431607682678536,cruise,,,
13.5,29.453147954623024,0.23386761657829977,cruise,,,
13.6,29.476534716280852,0.22386599684470207,cruise,,,
13.7,29.498921315965323,0.2142921079733698,cruise,,,
13.8,29.52035052676266,0.2051276575581353,cruise,,,
13.9,29.540863292518473,0.1963551354887798,cruise,,,
14.0,29.56049880606735,0.1879577804952536,cruise,,,
14.1,29.579294584116877,0.17991954812264252,cruise,,,
14.2,29.59728653892914,0.17222508007575535,cruise,,,
14.3,29.614509046936714,0.16485967487469164,cruise,,,
14.4,29.630995014424183,0.15780925976538304,cruise,,,
14.5,29.646775940400723,0.1510603638314052,cruise,,,
14.6,29.661881976783864,0.1446000922556907,cruise,,,
14.7,29.676341986009433,0.13841610168297044,cruise,,,
14.8,29.69018359617773,0.13249657663587425,cruise,,,
14.9,29.703433253841315,0.1268302069396155,cruise,,,
15.0,29.716116274535278,0.12140616611214358,cruise,,,
15.1,29.728256891146494,0.11621409067846998,cruise,,,
15.2,29.73987830021434,0.11124406036962409,cruise,,,
15.3,29.751002706251302,0.10648657916843245,cruise,,,
15.4,29.761651364168145,0.10193255716591346,cruise,,,
15.5,29.771844619884735,0.097573293193574,cruise,,,
15.6,29.78160194920409,0.09340045819848068,cruise,,,
15.7,29.79094199502394,0.0894060793293038,cruise,,,
15.8,29.79988260295687,0.08558252470294257,cruise,,,
15.9,29.808440855427165,0.08192248882262874,cruise,,,
16.0,29.816633104309428,0.07841897861962562,cruise,,,
16.1,29.82447500217139,0.07506530009189376,cruise,,,
16.2,29.831981532180578,0.07185504551414611,cruise,,,
16.3,29.839167036731993,0.06878208119489529,cruise,,,
16.4,29.84604524485148,0.06584053575708922,cruise,,,
16.5,29.85262929842719,0.06302478891991115,cruise,,,
16.6,29.85893177731918,0.06032946076037203,cruise,,,
16.7,29.864964723395218,0.05774940143413367,cruise,,,
16.8,29.870739663538632,0.055279681335908215,cruise,,,
16.9,29.876267631672224,0.052915581680703205,cruise,,,
17.0,29.881559189840296,0.050652585487831206,cruise,,,
17.1,29.886624448389078,0.048486368950523585,cruise,,,
17.2,29.89147308528413,0.046412793174616065,cruise,,,
17.3,29.89611436460159,0.04442789627055373,cruise,,,
17.4,29.900557154228647,0.04252788578358082,cruise,,,
17.5,29.904809942807006,0.040709131447667704,cruise,,,
17.6,29.90888085595177,0.038968158249319984,cruise,,,
17.7,29.912777671776702,0.037301639788018905,cruise,,,
17.8,29.916507835755503,0.03570639192062295,cruise,,,
17.9,29.920078474947566,0.03417936667756401,cruise,,,
18.0,29.92349641161532,0.032717646439227546,cruise,,,
18.1,29.926768176259245,0.031318438361378396,cruise,,,
18.2,29.92990002009538,0.029979069039010042,cruise,,,
18.3,29.93289792699928,0.0286969793983733,cruise,,,
18.4,29.935767624939118,0.02746971980747901,cruise,,,
18.5,29.938514596919866,0.026294945395686043,cruise,,,
18.6,29.941144091459435,0.025170411573469664,cruise,,,
18.7,29.943661132616782,0.02409396974377458,cruise,,,
18.8,29.94607052959116,0.023063563196788196,cruise,,,
18.9,29.94837688591084,0.02207722318028296,cruise,,,
19.0,29.95058460822887,0.021133065137994046,cruise,,,
19.1,29.952697914742668,0.02022928510890001,cruise,,,
19.2,29.954720843253558,0.019364156280454205,cruise,,,
19.3,29.956657258881602,0.018536025689256698,cruise,,,
19.4,29.958510861450527,0.017743311062800162,cruise,,,
19.5,29.960285192556807,0.016984497796297227,cruise,,,
19.6,29.961983642336435,0.016258136058790385,cruise,,,
19.7,29.963609455942315,0.015562838023018166,cruise,,,
19.8,29.965165739744617,0.0148972752137718,cruise,,,
19.9,29.966655467265994,0.014260175969613797,cruise,,,
20.0,29.968081484862957,0.01365032301318827,cruise,,,
20.1,29.969446517164275,0.013066551125416659,cruise,,,
20.2,29.97075317227682,0.01250774491915987,cruise,,,
20.3,29.972003946768734,0.01197283670811249,cruise,,,
20.4,29.973201230439546,0.011460804466798003,cruise,,,
20.5,29.974347310886227,0.010970669877857553,cruise,,,
20.6,29.975444377874013,0.010501496462801541,cruise,,,
20.7,29.97649452752029,0.010052387792729612,cruise,,,
20.8,29.977499766299566,0.009622485775557977,cruise,,,
20.9,29.97846201487712,0.00921096901651861,cruise,,,
21.0,29.979383111778773,0.008817051248725605,cruise,,,
21.1,29.980264816903645,0.008439979830923683,cruise,,,
21.2,29.98110881488674,0.008079034309421118,cruise,,,
21.3,29.98191671831768,0.0077335250415723426,cruise,,,
21.4,29.98269007082184,0.007402791878093495,cruise,,,
21.5,29.983430350009648,0.00708620290175368,cruise,,,
21.6,29.984138970299824,0.006783153219991078,cruise,,,
21.7,29.984817285621823,0.006493063809180555,cruise,,,
21.8,29.98546659200274,0.0062153804083076025,cruise,,,
21.9,29.986088130043573,0.005949572459976161,cruise,,,
22.0,29.98668308728957,0.005695132096694522,cruise,,,
22.1,29.98725260049924,0.005451573170507729,cruise,,,
22.2,29.987797757816292,0.005218430324142354,cruise,,,
22.3,29.988319600848705,0.004995258101876488,cruise,,,
22.4,29.988819126658893,0.0047816300984043995,cruise,,,
22.5,29.989297289668734,0.004577138144149018,cruise,,,
22.6,29.98975500348315,0.004381391525374134,cruise,,,
22.7,29.990193142635686,0.004194016237673459,cruise,,,
22.8,29.990612544259452,0.004014654271363405,cruise,,,
22.9,29.991014009686587,0.0038429629274681076,cruise,,,
23.0,29.991398305979335,0.0036786141629258752,cruise,,,
23.1,29.991766167395628,0.0035212939638205043,cruise,,,
23.2,29.99211829679201,0.003370701745403615,cruise,,,
23.3,29.992455366966553,0.003226549777780363,cruise,,,
23.4,29.992778021944332,0.00308856263616093,cruise,,,
23.5,29.993086878207947,0.0029564766746162266,cruise,,,
23.6,29.993382525875408,0.002830039522336314,cruise,,,
23.7,29.99366552982764,0.0027090096014445566,cruise,,,
23.8,29.993936430787787,0.0025931556654226642,cruise,,,
23.9,29.99419574635433,0.0024822563572811872,cruise,,,
24.0,29.99444397199006,0.0023760997866087764,cruise,,,
24.1,29.99468158196872,0.002274483124745075,cruise,,,
24.2,29.994909030281196,0.0021772122172238895,cruise,,,
24.3,29.99512675150292,0.0020841012128245853,cruise,,,
24.4,29.9953351616242,0.0019949722084687594,cruise,,,
24.5,29.99553465884505,0.0019096549093040593,cruise,,,
24.6,29.99572562433598,0.0018279863033447087,cruise,,,
24.7,29.995908422966313,0.001749810349992309,cruise,,,
24.8,29.99608340400131,0.001674977681910761,cruise,,,
24.9,29.996250901769503,0.0016033453196273584,cruise,,,
25.0,29.996411236301466,0.0015347763983593055,cruise,,,
25.1,29.9965647139413,0.0014691399064977518,cruise,,,
25.2,29.99671162793195,0.0014063104352963762,cruise,,,
25.3,29.99685225897548,0.0013461679392698046,cruise,,,
25.4,29.996986875769405,0.0012885975068050116,cruise,,,
25.5,29.997115735520087,0.0012334891406203142,cruise,,,
25.6,29.99723908443415,0.0011807375476017513,cruise,,,
25.7,29.99735715818891,0.0011302419376116647,cruise,,,
25.8,29.99747018238267,0.0010819058309170515,cruise,,,
25.9,29.997578372965762,0.0010356368738612786,cruise,,,
26.0,29.997681936653148,0.000991346662390491,cruise,,,
26.1,29.997781071319388,0.0009489505731558269,cruise,,,
26.2,29.997875966376704,0.0009083676018253328,cruise,,,
26.3,29.997966803136887,0.00086952020830946,cruise,,,
26.4,29.998053755157716,0.000832334168612725,cruise,,,
26.5,29.99813698857458,0.0007967384330079596,cruise,,,
26.6,29.99821666241788,0.0007626649903020422,cruise,,,
26.7,29.99829292891691,0.0007300487378756771,cruise,,,
26.8,29.998365933790698,0.0006988273572924086,cruise,,,
26.9,29.998435816526428,0.0006689411952427449,cruise,,,
27.0,29.99850271064595,0.000640333149560135,cruise,,,
27.1,29.998566743960907,0.0006129485601135799,cruise,,,
27.2,29.998628038816918,0.0005867351043818303,cruise,,,
27.3,29.998686712327356,0.000561642697471143,cruise,,,
27.4,29.998742876597102,0.0005376233964303978,cruise,,,
27.5,29.998796638936746,0.0005146313086427768,cruise,,,
27.6,29.99884810206761,0.0004926225041449684,cruise,,,
27.7,29.998897364318022,0.00047155493168293816,cruise,,,
27.8,29.99894451981119,0.00045138833838116456,cruise,,,
27.9,29.998989658645026,0.00043208419281963727,cruise,,,
28.0,29.999032867064308,0.0004136056114205644,cruise,,,
28.1,29.99907422762545,0.0003959172879770989,cruise,,,
28.2,29.999113819354246,0.00037898542619085873,cruise,,,
28.3,29.999151717896865,0.0003627776751013556,cruise,,,
28.4,29.999187995664375,0.0003472630672762378,cruise,,,
28.5,29.9992227219711,0.00033241195964137663,cruise,,,
28.6,29.999255963167066,0.0003181959768379983,cruise,,,
28.7,29.99928778276475,0.00030458795702070773,cruise,,,
28.8,29.999318241560452,0.0002915618999452363,cruise,,,
28.9,29.999347397750448,0.00027909291730061626,cruise,,,
29.0,29.99937530704218,0.0002671571851539767,cruise,,,
29.1,29.999402022760695,0.0002557318984296231,cruise,,,
29.2,29.999427595950536,0.0002447952273382015,cruise,,,
29.3,29.99945207547327,0.00023432627566304375,cruise,,,
29.4,29.999475508100833,0.00022430504084294255,cruise,,,
29.5,29.999497938604918,0.0002147123757442415,cruise,,,
29.6,29.99951940984249,0.0002055299520918652,cruise,,,
29.7,29.9995399628377,0.00019674022542943704,cruise,,,
29.8,29.999559636860244,0.000188326401618788,cruise,,,
29.9,29.999578469500406,0.00018027240473621477,cruise,,,
30.0,29.999596496740878,-0.8756172130236173,follow,-2.899394745111316,52.1,11.253680539260198
30.1,29.912034775438517,-0.9731212034918909,follow,-3.2222556407016256,51.64579652245615,10.30435717955239
30.2,29.814722655089327,-2.4659242883793846,follow,-3.56775972568677,51.15432425694722,11.828347928103291
30.3,29.568130226251387,-1.2541941479323278,follow,-3.605684105055005,50.74651123432208,14.802970682304764
30.4,29.442710811458156,-1.7212027060980708,follow,-3.7478260640109724,50.41624015317626,10.906206814454247
30.5,29.27059054084835,-1.9640824668301182,follow,-3.9347047121811016,49.971181099091424,11.227988879328848
30.6,29.074182294165336,-1.7871640906784003,follow,-4.065510571573114,49.54576286967489,17.119088514071493
30.7,28.895465885097497,-1.287008110307694,follow,-4.068982546481109,49.27421628116514,14.861928304750485
30.8,28.76676507406673,-1.8216981770506275,follow,-4.1946078373416285,48.95553977375847,11.89174968524447
30.9,28.584595256361666,-1.844707274919249,follow,-4.3148126364202,48.5620802481223,15.29709343287378
31.0,28.400124528869743,-1.4684796716922026,follow,-4.337118998069293,48.26306779523532,12.869724038145849
31.1,28.253276561700524,-1.9904481077925615,follow,-4.477174703485517,47.90274013906527,13.294216893653624
31.2,28.054231750921268,-1.6192439708223996,follow,-4.519030662408753,47.562316963973146,16.547836460552684
31.3,27.892307353839026,-1.582794685704123,follow,-4.547374802169294,47.29108622858924,10.941166917846742
31.4,27.734027885268613,-2.2485002618239704,follow,-4.726358387840534,46.874683440062384,11.64869746844048
31.5,27.509177859086215,-1.7254677319385983,follow,-4.769001134475566,46.49476565415376,15.87297456517653
31.6,27.336631085892353,-1.6368931133983158,follow,-4.785844083274007,46.219102545564525,14.925608270268198
31.7,27.172941774552523,-1.7845574317076534,follow,-4.83360429371951,45.92580836810927,23.759540495595672
31.8,26.994486031381758,-1.2063887785325913,follow,-4.7413692821015445,45.750359764971094,17.106224982350884
31.9,26.873847153528498,-1.904993930229502,follow,-4.815795680674498,45.49497504961825,15.506934297821916
32.0,26.683347760505548,-1.5678155506914362,follow,-4.804381367190629,45.220640273567696,77.51918038457566
32.1,26.526566205436403,-0.7948789740788023,follow,-4.6118656551305435,45.17798365302406,26.629072009248826
32.2,26.447078308028523,-1.7568972397702505,follow,-4.654341639821581,45.0162758222212,32.221726988049525
32.3,26.271388584051497,-0.9880175643209612,follow,-4.512945912261195,44.89413696381605,19.17415044628433
32.4,26.1725868276194,-1.8898194853725905,follow,-4.589001960374993,44.66987828105411,28.225862557094928
32.5,25.983604879082144,-0.9748016019083328,follow,-4.444889525477315,44.5305177931459,49.28096209305405
32.6,25.88612471889131,-1.2778965009056138,follow,-4.3792817570802,44.449905321256765,25.45631754728262
32.7,25.758335068800747,-1.4206672725719016,follow,-4.349430788824428,44.28807181437669,92.58796752120472
32.8,25.616268341543556,-0.7766760567140096,follow,-4.169957532092994,44.25444498022234,41.50404101481487
32.9,25.538600735872155,-1.4270159758786096,follow,-4.152316197173114,44.15558490663512,58.2066201871924
33.0,25.395899138284292,-0.8499923480078861,follow,-3.9998537146197464,44.09399499280669,52.126776109786604
33.1,25.310899903483502,-1.2466810619597017,follow,-3.9484448527669116,44.01790500245834,
33.2,25.186231797287533,-0.1378690289870823,follow,-3.641065873201711,44.13828182272959,224.92930520355276
33.3,25.172444894388825,-1.3641879881549912,follow,-3.6386300082925302,44.1200373332907,45.84162437820194
33.4,25.036026095573327,-0.8562546253675414,follow,-3.516604419626617,44.03743472373337,
33.5,24.950400633036573,-0.5107874314531387,follow,-3.3212062891251506,44.10439466042971,50.67137245358189
33.6,24.899321889891258,-1.3218835135517628,follow,-3.3265203633963054,44.02246247144058,
33.7,24.767133538536083,-0.2852576741771877,follow,-3.088951190217145,44.06174911758698,35.61600081566449
33.8,24.738607771118364,-1.5775785552628454,follow,-3.1670233162024033,43.94088834047514,59.49150558481397
33.9,24.58084991559208,-0.5034942899308039,follow,-2.988471524472182,43.882803348915935,
34.0,24.530500486599,-0.6322648439432086,follow,-2.8509974296424687,43.94475330025603,
34.1,24.46727400220468,-0.31407399007324877,follow,-2.647885103271456,44.053025900035564,
34.2,24.435866603197354,-0.6305309326650606,follow,-2.5313606650802,44.12243923971583,
34.3,24.372813509930847,-0.46371216788370506,follow,-2.3830623761735197,44.17615788872275,
34.4,24.326442293142478,-0.5716194608373182,follow,-2.269149780305213,44.2205136594085,101.32041361301499
34.5,24.269280347058746,-0.8261085110975108,follow,-2.221334895885491,44.182585624702625,
34.6,24.186669495948994,-0.37113611351423226,follow,-2.07008556881577,44.20991867510772,
34.7,24.14955588459757,-0.5254884004338818,follow,-1.9643707402483912,44.259963086647964,
34.8,24.097007044554182,0.11514677804887041,follow,-1.7162481846387294,44.42926238219255,
34.9,24.108521722359068,-0.4597142015928435,follow,-1.6183723735819626,44.54441020995664,103.94901328393296
35.0,24.062550302199785,-0.722373756285585,follow,-1.5876702735630204,44.50615517973666,
35.1,23.990312926571228,0.1554056670116617,follow,-1.3543455027773064,44.63112388707954,
35.2,24.005853493272394,-0.577961556865136,follow,-1.3072417021562899,44.7015385377523,
35.3,23.94805733758588,-0.1628889167379005,follow,-1.1663532023851104,44.75573280399371,
35.4,23.93176844591209,0.03378181031219607,follow,-0.9890967094656347,44.9085559594025,
35.5,23.93514662694331,0.09033216410986422,follow,-0.810678643706801,45.09204129670817,
35.6,23.9441798433543,0.07210102967600385,follow,-0.6486464526587099,45.267623312372734,
35.7,23.9513899463219,-0.44376577677932805,follow,-0.6176006017423106,45.30948431774054,
35.8,23.907013368643966,0.08843452291664333,follow,-0.46473707208981097,45.39578298087614,
35.9,23.91585682093563,-0.007067471842143291,follow,-0.3445879326208683,45.52919729878258,
36.0,23.915150073751416,0.2969558722687329,follow,-0.16204281921968544,45.71068229140744,
36.1,23.944845660978288,-0.3261188947023209,follow,-0.13707076615782654,45.780197725309606,
36.2,23.912233771508056,0.19189230576657407,follow,0.006623690896716994,45.8749743481588,
36.3,23.931423002084713,-0.4040645554778248,follow,0.0016975448232585677,45.89883204795033,
36.4,23.89101654653693,-0.033709036764712264,follow,0.08320557349123447,45.91973039329663,
36.5,23.88764564286046,0.40313454557606865,follow,0.26049736471989604,46.09196582901058,
36.6,23.927959097418064,0.33434164942136946,follow,0.4092312731416783,46.30116991926877,
36.7,23.9613932623602,-0.050227569558439156,follow,0.457940699492454,46.40003059303275,
36.8,23.956370505404358,0.5598818656485248,follow,0.6448377843857784,46.57939354249232,
36.9,24.01235869196921,-0.006671275544148425,follow,0.6866196353415788,46.705157673295396,
37.0,24.011691564414797,0.05055382300075065,follow,0.7384511702317269,46.75598851685392,
37.1,24.01674694671487,0.3512316673215091,follow,0.8561934021101294,46.881313822182435,
37.2,24.051870113447023,0.5579408088846394,follow,1.0133216406672005,47.091126810837736,
37.3,24.107664194335488,-0.057607842438711754,follow,1.015864099900952,47.177360391404186,
37.4,24.101903410091616,0.8611235425303858,follow,1.2313149352576005,47.38417005039503,44.62192097707541
37.5,24.188015764344655,-1.0477765728416144,follow,0.9873448274435788,47.26936847396056,
37.6,24.083238107060495,1.2673237368666326,follow,1.2981875026637724,47.423044663254515,
37.7,24.20997048074716,-0.4212698972263024,follow,1.1940918940590564,47.509047615179796,
37.8,24.16784349102453,0.5326959158220327,follow,1.3184980295405424,47.57026326607734,
37.9,24.221113082606735,0.05915084733781362,follow,1.3234823339065684,47.65515195781667,67.01487164759617
38.0,24.227028167340517,-0.30477496483546446,follow,1.2429068900718434,47.58344914108262,
38.1,24.196550670856972,0.493495810489203,follow,1.3529680677114584,47.64779407399692,
38.2,24.24590025190589,0.1780719011876058,follow,1.3813536709474974,47.75020404880633,
38.3,24.26370744202465,0.7466574561899726,follow,1.5392721415668902,47.93483330460386,
38.4,24.338373187643647,-0.2469020838081647,follow,1.4544362043740264,47.9619959858395,
38.5,24.31368297926283,0.2875080343746158,follow,1.499103219018977,47.96962768791322,
38.6,24.34243378270029,0.045718234333218755,follow,1.483733635592749,47.99738430964319,
38.7,24.347005606133614,0.6584182469354246,follow,1.6111753398294084,48.131683749029825,
38.8,24.412847430827156,0.08713952117916984,follow,1.5961278597063782,48.21539900594711,
38.9,24.42156138294507,0.17105485743082954,follow,1.6009007932349988,48.233242867652606,
39.0,24.438666868688156,0.449744738493044,follow,1.6693758777515555,48.32737618078379,
39.1,24.48364134253746,0.14121436687311995,follow,1.6605500327238474,48.38601204653004,
39.2,24.49776277922477,0.6188216684837116,follow,1.7625915997704098,48.50923576860757,1747.2759256509414
39.3,24.559644946073142,-0.2237102949761735,follow,1.6608038548905455,48.500271274000255,
39.4,24.537273916575526,0.422637306690396,follow,1.7156330074794184,48.521543882342705,
39.5,24.579537647244564,-0.00985098750205049,follow,1.665283646751405,48.53459011761825,71.42295988223691
39.6,24.578552548494358,-0.09067944142367712,follow,1.5989060400272805,48.46673486276882,
39.7,24.56948460435199,0.5163959643113416,follow,1.6775594958056317,48.531786402333616,
39.8,24.621124200783125,0.12093931324254714,follow,1.6579876810806198,48.589673982255306,
39.9,24.63321813210738,0.28228996823671015,follow,1.6765249708834915,48.626352169044566,
40.0,24.66144712893105,0.09754158759773307,follow,1.6500367627548869,48.64220745615146,67.42310767557336
40.1,24.671201287690824,-0.17071188680377136,follow,1.5622853958461391,48.56908732738238,
40.2,24.654130099010448,0.3047077635830806,follow,1.5904791689656577,48.57167431748133,
40.3,24.684600875368755,0.022318413019175865,follow,1.550312916891329,48.57721422994446,170.68539992016235
40.4,24.686832716670672,0.048286540517243126,follow,1.5182818832713778,48.54853095827739,
40.5,24.691661370722397,0.22931121248304392,follow,1.529872765121553,48.567364821205146,
40.6,24.714592491970702,0.28987521515149123,follow,1.5540168340520282,48.62590557200808,
40.7,24.74358001348585,0.7262443749588265,follow,1.67717755043072,48.792547570659494,
40.8,24.816204450981733,-0.09669478542837201,follow,1.599620449088718,48.82392712556132,
40.9,24.806534972438897,0.4440966607315408,follow,1.652471169659087,48.86227362831743,
41.0,24.85094463851205,-0.012265237868570256,follow,1.5947622066981495,48.87117916446623,37.856913229676024
41.1,24.849718114725192,-0.3251618365695903,follow,1.4676301809059211,48.74220735299371,
41.2,24.817201931068233,0.4661641893539405,follow,1.532684263284537,48.75848715988688,
41.3,24.863818350003626,-0.011707177195623086,follow,1.4813777998810806,48.77710532488652,
41.4,24.862647632284062,1.0589950620537287,follow,1.6818691132320254,48.97584056165812,18497.97679853856
41.5,24.968547138489434,-0.4696729456449946,follow,1.5121651400750267,48.964985847809174,
41.6,24.921579843924935,0.6479295802313263,follow,1.613458097529275,48.99582786341668,
41.7,24.986372801948068,-0.1791678709119463,follow,1.5146313802997682,48.99419058322187,56.550933354621534
41.8,24.968456014856873,-0.030220489725271416,follow,1.456660959450872,48.90934498173618,
41.9,24.965433965884344,0.6089181054854939,follow,1.5506506363212296,48.998801585147746,
42.0,25.026325776432895,0.07271249678547131,follow,1.5126803428551128,49.05216900750445,
42.1,25.03359702611144,0.4200622165268336,follow,1.557413765726146,49.10780930489331,68.81728413652932
42.2,25.075603247764125,-0.3518833129387413,follow,1.418844108470708,49.0322489801169,
42.3,25.04041491647025,0.8666268090738309,follow,1.5725851137644966,49.13320748846987,45.05918503712096
42.4,25.127077597377635,-0.8108051041610044,follow,1.3248833326656566,49.01549972873211,
42.5,25.045997086961535,0.8753643738039427,follow,1.4859043895936566,49.05490002003596,
42.6,25.133533524341928,0.3174612022835551,follow,1.5052463810888739,49.205546667601766,56.32931684524713
42.7,25.165279644570283,-0.35120528786284694,follow,1.367099236289313,49.115018703144735,83.91718242517251
42.8,25.130159115784,0.1940718104555556,follow,1.3647641178903314,49.06000279156633,815.5040537449948
42.9,25.149566296829555,0.04667785210423481,follow,1.3276967166390463,49.052046161883375,92.62682775613129
43.0,25.154234082039977,-0.062345869513814406,follow,1.2672716306194118,48.99862275367938,37.28302546957453
43.1,25.147999495088595,-0.34058057536388325,follow,1.1458235615376253,48.867822804170515,498.65382224666416
43.2,25.113941437552207,0.3397723869336574,follow,1.190516504086979,48.86142866041529,53.46231897667313
43.3,25.147918676245574,-0.4636680860647005,follow,1.044758778422377,48.766636792790734,
43.4,25.101551867639103,0.5318417366297608,follow,1.1401538045681718,48.792481606026826,61.64154694190302
43.5,25.15473604130208,-0.5540609779596521,follow,0.9759039399434926,48.708008001896616,
43.6,25.099329943506113,0.9187260958000139,follow,1.1650800922868356,48.814075007546,70.81380326997663
43.7,25.191202553086114,-0.764575641346195,follow,0.9491509226082187,48.73595475223739,113.02334460553307
43.8,25.114744988951493,0.44180870632725777,follow,1.0283627699149989,48.70048025334224,
43.9,25.15892585958422,0.03597097965387752,follow,1.0071988780074932,48.74558766738382,45.17973800921653
44.0,25.162522957549605,-0.36627250446853,follow,0.8935509353044608,48.637335371628865,
44.1,25.125895707102753,0.34543568215214304,follow,0.9529022402644642,48.64174580091859,
44.2,25.160439275317966,0.23960164485809476,follow,0.983042960409847,48.723701873386794,35.55334610654822
44.3,25.184399439803776,-0.6334807302331595,follow,0.8076627697007481,48.584261929406416,1094.2539397822447
44.4,25.12105136678046,0.48659217537315547,follow,0.9045797425576794,48.58615679272837,
44.5,25.169710584317777,-0.2045359807112697,follow,0.8336198578199259,48.58818573429659,
44.6,25.149256986246648,0.4025655108250542,follow,0.9083745563019505,48.63226003567192,45.060871187687404
44.7,25.189513537329155,-0.6360267818848486,follow,0.7360383759452773,48.52030868193901,41.13586419008516
44.8,25.12591085914067,-0.014846752958286635,follow,0.7198513073139381,48.40871759602494,
44.9,25.124426183844843,0.17517168957563403,follow,0.748635701873198,48.43527497764046,
45.0,25.141943352802407,-0.01792693891643035,follow,0.7301656131566077,48.44308064236022,
45.1,25.140150658910763,0.09042718739562475,follow,0.7378395881030002,48.44806557646915,
45.2,25.149193377650324,0.05052331169470811,follow,0.7353561722286273,48.459146238704115,73.51279287943586
45.3,25.154245708819793,-0.2564335094342065,follow,0.6613531045924432,48.39272166782214,
45.4,25.12860235787637,0.22418727659922041,follow,0.7039578952199435,48.3968614320345,
45.5,25.151021085536293,-0.05981729070754885,follow,0.6772276951764269,48.40375932348087,70.0467183080461
45.6,25.14503935646554,-0.20764586860102704,follow,0.6176963531360045,48.335255387834316,
45.7,25.124274769605435,0.7145257653909293,follow,0.7764157564656173,48.46282791087377,
45.8,25.19572734614453,-0.30921239713273885,follow,0.6856641570425239,48.479255176259315,44.65140842994465
45.9,25.164806106431257,-0.1990774982432809,follow,0.626565405969302,48.37377456561619,
46.0,25.14489835660693,0.315498073465636,follow,0.6909371950451018,48.4082847299555,55.33018134551612
46.1,25.176448163953495,-0.5341521153876383,follow,0.5529676676299076,48.31763991356015,
46.2,25.123032952414732,0.5644095135392055,follow,0.6797871896965759,48.364336618318674,
46.3,25.179473903768653,-0.008658132836195098,follow,0.6641783722888306,48.43338922794181,60.58157620859272
46.4,25.17860809048503,-0.28286861386810447,follow,0.5856162831657556,48.353528418893305,
46.5,25.15032122909822,0.46016189896158477,follow,0.685014452336155,48.410496295983485,
46.6,25.19633741899438,-0.1841055798666561,follow,0.627356425592474,48.42186255408404,
46.7,25.177926861007712,0.35676443504168215,follow,0.6991795764716997,48.46606986798327,
46.8,25.21360330451188,0.35964195914433084,follow,0.7663045807642632,48.58670953753209,123.44080697641974
46.9,25.249567500426316,-0.3242023437836634,follow,0.6694015368499748,48.54375278748945,59.23093919931955
47.0,25.21714726604795,-0.06467434646301987,follow,0.639317161812734,48.46503806088466,54.630206185254835
47.1,25.210679831401645,-0.28019231968680247,follow,0.5609503306420294,48.376970077744495,58.94743385507738
47.2,25.182660599432964,-0.12579758032485658,follow,0.5237131186517558,48.2977040178012,199.03397638784745
47.3,25.170080841400477,0.006395094486706526,follow,0.5195746715604415,48.27469593366116,
47.4,25.170720350849148,0.058269382787526025,follow,0.5275433723025245,48.283623898576245,
47.5,25.1765472891279,0.004239790068189198,follow,0.5221482359716063,48.28696916966346,
47.6,25.176971268134718,0.21471965578127852,follow,0.5658151406479135,48.33127204284999,289.45861514242773
47.7,25.198443233712847,-0.17844320566158406,follow,0.5147628689094361,48.312427719478706,
47.8,25.18059891314669,0.533169155207867,follow,0.6324694584440067,48.403367828164036,127.17684196199666
47.9,25.233915828667474,-0.4671169093619052,follow,0.5091025022960807,48.35997624529729,
48.0,25.187204137731282,1.1258724417936294,follow,0.7644496249272379,48.54525583152416,
48.1,25.299791381910644,-0.5472888886685445,follow,0.6125896204671264,48.5622766933331,51.67346458807002
48.2,25.24506249304379,0.0337879437632195,follow,0.6061767044630315,48.473770444028716,46.38360936947104
48.3,25.24844128742011,-0.4121908407700035,follow,0.4962643841565395,48.36892631528671,
48.4,25.20722220334311,0.36016272689494405,follow,0.5733707899377265,48.384204094952395,128.26446499211823
48.5,25.243238476032605,-0.357304354704454,follow,0.47802253330022637,48.342880247349136,
48.6,25.20750804056216,0.3986512579530828,follow,0.5648673824496768,48.37612944329292,
48.7,25.24737316635747,-0.1606979968039168,follow,0.5153323771209699,48.38639212665717,162.7127044425125
48.8,25.23130336667708,0.021154398258229623,follow,0.5113067399738469,48.35826178998946,55.50106155840428
48.9,25.2334188065029,-0.35111614342693304,follow,0.420791699584818,48.27091990933917,35.14654064789611
49.0,25.198307192160208,-0.3373789051855831,follow,0.33962840188283394,48.13708919012315,91.11571809820427
49.1,25.16456930164165,-0.007099563623830379,follow,0.34077830749651383,48.08763225995899,
49.2,25.163859345279267,0.19839942860375248,follow,0.3894573075121599,48.13524632543106,12472.38659469617
49.3,25.183699288139643,-0.13376024187945562,follow,0.3573274644076392,48.1328763966171,43.21891637106076
49.4,25.170323263951698,-0.3915697985997806,follow,0.26735917429438416,48.02284407022193,1190.9463511621057
49.5,25.13116628409172,0.22101633582199445,follow,0.3259780156751759,48.022727441812755,
49.6,25.15326791767392,-0.09660677335907145,follow,0.30649877353448574,48.036400650045366,59.06589895668999
49.7,25.14360724033801,-0.3014482911940272,follow,0.24062906550454954,47.95603992601156,2031.412364993768
49.8,25.113462411218606,0.15984885205797972,follow,0.28650006806179107,47.9566936848897,652.805875676771
49.9,25.129447296424402,-0.16469284918962873,follow,0.25357801061066,47.94774895524726,48.459123723433905
50.0,25.11297801150544,-0.344796308331455,follow,0.18098413683856052,47.85045115409672,
50.1,25.078498380672293,0.25082220943169675,follow,0.2518537450210516,47.86960131602949,
50.2,25.103580601615462,-0.05788446236949328,follow,0.24587235344474578,47.90124325586794,
50.3,25.097792155378514,0.31027750696581347,follow,0.3257758072623176,47.97246404033009,
50.4,25.128819906075094,0.07553284447150885,follow,0.3453521906099368,48.03858204972258,41.454743569627226
50.5,25.136373190522246,-0.552597075637877,follow,0.21738494488698734,47.921944730670354,57.29732286223463
50.6,25.081113482958457,-0.019737450315927982,follow,0.2221631579368193,47.843833382374505,
50.7,25.079139737926866,0.10806268523333445,follow,0.25620980169151863,47.87491940858182,
50.8,25.089946006450198,0.03173890706195252,follow,0.2700057982614936,47.904924807936794,
50.9,25.09311989715639,0.08433163589482603,follow,0.29493297248656347,47.934612818221154,
51.0,25.101553060745875,1.1303834735637233,follow,0.5611279210277544,48.21345751214657,
51.1,25.214591408102248,-0.570041744015221,follow,0.4131112591829762,48.234998371336346,
51.2,25.157587233700724,0.6885750353572152,follow,0.5678587974151839,48.30423964796627,
51.3,25.226444737236445,-0.16128939625189392,follow,0.5139280683879619,48.35359517424263,
51.4,25.210315797611255,0.2798615672627752,follow,0.5660898980646252,48.381563594481506,107.43918790130506
51.5,25.238301954337533,-0.31401374175844804,follow,0.47628046754145004,48.33373339904775,
51.6,25.206900580161687,0.4050149792405202,follow,0.5596924707890523,48.37004334103158,61.46906554712789
51.7,25.247402078085738,-0.544818188904703,follow,0.4162000160944004,48.287303133223006,112.97863442661239
51.8,25.19292025919527,0.2211249117004637,follow,0.460630718510572,48.25001110730348,87.26395950390308
51.9,25.215032750365314,-0.34574763125465063,follow,0.36995870671897535,48.19250783226695,310.8537242531491
52.0,25.180457987239848,0.1889702536632447,follow,0.4097750526831945,48.180462033542966,
52.1,25.199355012606173,0.5713673887996618,follow,0.5354940133730892,48.33452653228235,30.221261790726853
52.2,25.256491751486138,-1.0117635934149383,follow,0.2841397299045241,48.16887735713373,
52.3,25.155315392144644,0.799698185049175,follow,0.4713727297023027,48.20434581791927,35.306381291285106
52.4,25.23528521064956,-1.086098005116199,follow,0.2068894808799726,48.05981729685431,82.11350026001249
52.5,25.126675410137942,0.4680420503950243,follow,0.3221366406336088,48.01214975584052,
52.6,25.173479615177445,-0.016196780907518096,follow,0.3165823715566063,48.076801794322776,389.3501103419757
52.7,25.171859937086694,-0.035318902071465624,follow,0.30682589498406543,48.064615800614106,48.95261939623296
52.8,25.168328046879548,-0.3937647822521916,follow,0.21429092560683216,47.96678299592615,67.71831668566276
52.9,25.12895156865433,-0.05688287373981961,follow,0.20646048607922296,47.89988783906072,
53.0,25.123263281280348,0.17793246016028175,follow,0.25366658901216255,47.938561510932686,71.20329125890787
53.1,25.141056527296378,-0.42249695297781087,follow,0.15787106725847622,47.86945585820305,
53.2,25.098806831998598,0.25996346080224425,follow,0.22736492700528999,47.875575175003185,695.7968240127617
53.3,25.12480317807882,-0.22609599679620923,follow,0.17889009007706846,47.8660948571953,77.85596523227265
53.4,25.1021935783992,-0.14070079959791634,follow,0.15358513175657862,47.80687549935538,
53.5,25.08812349843941,0.7063317008994682,follow,0.32687790185232757,47.95906314951144,
53.6,25.158756668529357,-0.3037825890716082,follow,0.2530524798644649,47.9911874826585,28.58733989405403
53.7,25.128378409622197,-0.5210762832519805,follow,0.13378202726298838,47.82634964169628,
53.8,25.076270781296998,0.31993992667699306,follow,0.2183163916210873,47.832722563566584,83.00390045094895
53.9,25.1082647739647,-0.4858936384164536,follow,0.1094989252230647,47.771896086170116,
54.0,25.059675410123052,0.5127980284613053,follow,0.24041542997323262,47.82992854515781,73.62126963693848
54.1,25.110955212969184,-0.6428466600648458,follow,0.09340020440711783,47.75983302386089,237.66406612793236
54.2,25.046670546962698,0.30143432304492734,follow,0.17616014872057661,47.74616596916462,
54.3,25.07681397926719,-0.09333807645311756,follow,0.16126360233711523,47.7764845712379,
54.4,25.067480171621877,0.2774017271888743,follow,0.23351629664289675,47.83473655407571,49.44260146839593
54.5,25.095220344340763,-0.6182931441313374,follow,0.09238400313049056,47.73521451964164,138.27462750145082
54.6,25.03339102992763,0.2234905427576626,follow,0.15678887175743483,47.70687541664888,121.270877542443
54.7,25.055740084203393,-0.35688518547241344,follow,0.08169128192344743,47.66530140822854,87.34066415114967
54.8,25.02005156565615,-0.04545761693254445,follow,0.0842189031786944,47.61429625166292,
54.9,25.015505803962895,0.5351275391945511,follow,0.22148696532228485,47.74474567126663,
55.0,25.06901855788235,-0.25945132009241806,follow,0.16431597865486225,47.76784381547839,46.87632373913385
55.1,25.04307342587311,-0.2902349924203902,follow,0.1039263340814145,47.668536472891084,
55.2,25.01404992663107,0.42961380071377664,follow,0.21505659028137103,47.736131480227975,
55.3,25.05701130670245,0.3677848393504935,follow,0.30391338950405355,47.88943034955773,
55.4,25.093789790637498,0.06653954447366277,follow,0.31636668453773353,47.95705137049398,38.8697100060413
55.5,25.100443745084863,-0.5592177694763542,follow,0.18234137835819553,47.83300699598549,103.88458417905004
55.6,25.04452196813723,0.16408601394897362,follow,0.22577184696592667,47.79255479917177,
55.7,25.060930569532125,0.26740864739799763,follow,0.29006588792037036,47.881461742218555,81.02722081230125
55.8,25.087671434271925,-0.4274684358336514,follow,0.18818744738347704,47.819694598791365,
55.9,25.04492459068856,0.378906523937949,follow,0.2808152536896742,47.84820213972251,
56.0,25.082815243082354,-0.021662568250682412,follow,0.2736977507907383,47.89792061541427,61.18675005204941
56.1,25.080648986257287,-0.31450149974906727,follow,0.19888223740261424,47.819855716788545,396.35522187324193
56.2,25.04919883628238,0.14973279669765488,follow,0.23713757873674268,47.81093583316031,19.284833121676524
56.3,25.064172115952143,-1.1724297114729976,follow,-0.03473955236312065,47.56151862156509,57.016433074219115
56.4,24.946929144804844,0.3631553085401794,follow,0.06943198987733723,47.489825707084606,346.8204360347688
56.5,24.983244675658863,-0.36226597651130166,follow,-0.0023657739695721602,47.47250123951872,51.41919849756019
56.6,24.947018078007734,-0.22290459518780997,follow,-0.036727685293655554,47.38379943171795,
56.7,24.92472761848895,0.6155361085387154,follow,0.1262352421356283,47.51332666986905,47.76516283125276
56.8,24.986281229342822,-0.8876807663974821,follow,-0.07172329707946545,47.40769854693477,149.8909645869281
56.9,24.897513152703073,0.3789541841321712,follow,0.03867750260985048,47.38494723166446,
57.0,24.93540857111629,-0.23630356193459556,follow,-0.0017064821216052906,47.401406374552835,
57.1,24.91177821492283,0.5802846644836149,follow,0.15056123067630978,47.51822855306055,47.912151969135586
57.2,24.969806681371193,-0.8545695925638535,follow,-0.04146213713335101,47.413247884923436,
57.3,24.884349722114806,0.8889214620281808,follow,0.18528832953974472,47.51181291271195,
57.4,24.973241868317622,-0.5755174992021607,follow,0.05562592340375261,47.51548872588019,66.61904023940532
57.5,24.915690118397407,0.03254693048920916,follow,0.07638453644433696,47.44991971404045,
57.6,24.918944811446327,0.11410265527087565,follow,0.11460801572632562,47.49302523289582,
57.7,24.930355076973413,-0.017701243385872138,follow,0.11945710973835588,47.514989725198475,124.92271722330626
57.8,24.928584952634825,-0.18830333948112996,follow,0.0842538009827507,47.47713122993499,
57.9,24.909754618686712,0.13452411115143723,follow,0.12652384003625627,47.49115576806632,237.74747277583577
58.0,24.923207029801855,-0.21283307052928688,follow,0.08502452038335662,47.46983506508614,
58.1,24.901923722748926,0.17158585200906137,follow,0.13575710868786217,47.48864269281125,
58.2,24.919082307949832,0.10811345382692515,follow,0.16811100009151403,47.54673446201626,
58.3,24.929893653332524,0.4513662487943431,follow,0.27790461668422495,47.67274509668301,55.44028021596271
58.4,24.975030278211957,-0.6678630743768827,follow,0.11969665154388309,47.58224206886182,
58.5,24.90824397077427,1.1239736651558618,follow,0.38905171562298335,47.75141767178439,34.89978300051456
58.6,25.020641337289856,-1.3149405971564638,follow,0.07239153212061922,47.6033535380554,364.3820135768919
58.7,24.88914727757421,0.8007429284498634,follow,0.2697178939366651,47.60343881029798,
58.8,24.969221570419197,-0.30221361434948846,follow,0.19668429762726447,47.65051665325606,
58.9,24.939000208984247,0.30191669491811657,follow,0.26911631888127374,47.67761663235764,116.57113024652301
59.0,24.96919187847606,-0.37104034681123355,follow,0.17990962679594702,47.633697444510034,368.7050455987966
59.1,24.932087843794935,0.18596238618035077,follow,0.22635689443813334,47.62448866013054,157.6511257846544
59.2,24.95068408241297,-0.2573337906557167,follow,0.16639412826979338,47.592420251889244,121.81817072747253
59.3,24.9249507033474,-0.008094235195730347,follow,0.16849912653341192,47.55592518155451,
59.4,24.924141279827825,0.2970084013927122,follow,0.24129913382998325,47.62751105357172,
59.5,24.953842119967096,-0.04935743095445637,follow,0.22836366162437116,47.659126841575016,100.5801823714713
59.6,24.94890637687165,-0.16703198794403146,follow,0.18887663858037484,47.61223620388785,
59.7,24.93220317807725,0.4164797921205601,follow,0.2877111189642534,47.68601588608013,
59.8,24.973851157289303,-0.13684188489825777,follow,0.2508540344172445,47.7116307703512,
59.9,24.960166968799477,0.3789503997059363,follow,0.3363636202720386,47.77661407347125,
60.0,24.99806200877007,-0.003924185575843661,follow,0.3267148594391358,47.823807872594244,77.37703853981012
60.1,24.997669590212485,-0.22786489328266374,follow,0.2655365282542661,47.762040913572996,123.20295973536153
60.2,24.97488310088422,0.007448010148245671,follow,0.2632279521582461,47.72555260348457,
60.3,24.975627901899045,0.29391344609097614,follow,0.3275479604460969,47.790989813294665,
60.4,25.005019246508144,0.08637888225013449,follow,0.3389590188816314,47.84648788864385,
60.5,25.013657134733158,0.02711897446756098,follow,0.33563647307079947,47.85612217517053,
60.6,25.016369032179913,0.1283905987893097,follow,0.3559317236826729,47.880485271952544,
60.7,25.029208092058845,0.45583968518671053,follow,0.45075232465838866,47.99456446274666,192.58830668874944
60.8,25.074792060577515,-0.343514107378228,follow,0.35289716582263964,47.96508525668891,
60.9,25.04044064983969,0.5454204082265518,follow,0.46838021694540544,48.02904119170494,
61.0,25.09498269066235,-0.2438663787821731,follow,0.392068886645184,48.03454292263871,
61.1,25.070596052784133,0.2579916325124004,follow,0.43758923818409556,48.04348331736029,
61.2,25.096395216035372,0.38937618243445227,follow,0.510250971703698,48.154843795756754,
61.3,25.135332834278817,0.23337111446774117,follow,0.5413112609106463,48.24431051232887,
61.4,25.158669945725592,0.3430683893445927,follow,0.5954385991679274,48.333443517756315,
61.5,25.19297678466005,0.45574326910898155,follow,0.6716806623002327,48.46114583929031,
61.6,25.23855111157095,-0.020893441849477945,follow,0.6314640607767927,48.48929072813321,
61.7,25.236461767386,0.5047025780618545,follow,0.7159519003156163,48.570644551394615,
61.8,25.286932025192186,-0.1389736071538196,follow,0.6445533110871153,48.574951348875395,
61.9,25.273034664476803,0.48580001242077686,follow,0.7230958857125032,48.63264788242771,
62.0,25.32161466571888,-0.05076347151670632,follow,0.6710644172775062,48.653486415855824,
62.1,25.316538318567208,0.3736354145799759,follow,0.7210251061482964,48.695832583999106,
62.2,25.353901860025207,0.2809111960977703,follow,0.7455896079587703,48.77644239799658,192.10746385691854
62.3,25.381992979634983,-0.11844100660903953,follow,0.6752536305806132,48.748243100033086,
62.4,25.370148878974078,1.1096233439949106,follow,0.8950048936745603,48.95022821213568,139.79832908663826
62.5,25.48111121337357,-0.6820016864667551,follow,0.6824502707379665,48.90411709079832,82.73251460024665
62.6,25.412911044726894,0.38472106265661415,follow,0.7324594192352976,48.851825986325636,
62.7,25.451383150992555,0.5051578542164269,follow,0.8066129447375445,48.98368767122638,
62.8,25.501898936414197,0.322165692325655,follow,0.8326493729636582,49.085497777584955,
62.9,25.534115505646763,0.3928992663801383,follow,0.872912968550132,49.174086227020275,
63.0,25.573405432284776,0.36146579640732635,follow,0.902637535364633,49.2627456837918,
63.1,25.60955201192551,0.1747876502680395,follow,0.8864624647109807,49.30079048259925,176.35641447551453
63.2,25.627030776952314,0.0006877468492203775,follow,0.8305412394755436,49.271087404904016,
63.3,25.627099551637237,0.44193770011375333,follow,0.880728122284431,49.32137744974029,863.778716916865
63.4,25.671293321648612,-0.08580715973382336,follow,0.8043081351025165,49.31124811757543,
63.5,25.662712605675228,0.8048318024787695,follow,0.9399079484950619,49.433976857007906,
63.6,25.743195785923106,-0.12305842443809864,follow,0.8498635995309343,49.464657278415594,256.0338313906246
63.7,25.730889943479298,0.24040944622258703,follow,0.8502333688487198,49.446568284067666,
63.8,25.754930888101555,0.18231935198042365,follow,0.8366788631051776,49.46907519525751,
63.9,25.773162823299597,0.47626540826437486,follow,0.8920146779781604,49.55175891292755,
64.0,25.820789364126036,-0.033759474271644746,follow,0.8244959303258952,49.55567997651495,351.9845428959555
64.1,25.81741341669887,0.20063424508174185,follow,0.8158185097967632,49.54193863484507,
64.2,25.837476841207042,0.4183357487793422,follow,0.8579756889137968,49.614190950724364,
64.3,25.879310416084977,0.2872095840019737,follow,0.866294284988399,49.685259909115864,
64.4,25.908031374485173,0.1228023464135658,follow,0.8354097099395901,49.69745677166735,
64.5,25.92031160912653,0.24606905764176326,follow,0.8349581970648998,49.71542561075469,
64.6,25.944918514890706,0.4069887175324419,follow,0.8715559869295646,49.788933759265625,88.13471756877746
64.7,25.98561738664395,-0.2608257491102549,follow,0.7499459406353068,49.72837202060123,92.84308773504787
64.8,25.959534811732922,0.17622330784137602,follow,0.7381163218285494,49.67741853942793,
64.9,25.97715714251706,0.13403411245117483,follow,0.7169671114006348,49.68270282517623,
65.0,25.99056055376218,0.33552552539241376,follow,0.7438059391567435,49.72964676980001,
65.1,26.02411310630142,0.3985537463797285,follow,0.7830657997177468,49.819235459169875,
65.2,26.063968480939394,0.7671504626961647,follow,0.9048858896668435,50.000838611075935,
65.3,26.14068352720901,0.33699962769595365,follow,0.9177449675415161,50.12877025835503,
65.4,26.174383489978606,0.27024116899134876,follow,0.913756674389262,50.17533190935717,
65.5,26.20140760687774,0.36254567612022215,follow,0.9310797383527856,50.2331911486694,276.9078541591912
65.6,26.237662174489763,-0.03247341252302721,follow,0.8549316694857794,50.21142493122042,
65.7,26.234414833237462,0.5639105581263084,follow,0.922361198040484,50.273983447896676,
65.8,26.290805889050095,0.09527498967528436,follow,0.8756940254165215,50.311902858991665,
65.9,26.300333388017624,0.6049486938593098,follow,0.9503694381634631,50.4008695201899,151177.80740760898
66.0,26.360828257403554,-0.10839392673454845,follow,0.8535443083442118,50.39478669444954,
66.1,26.3499888647301,0.8108790724740709,follow,0.9768045108813865,50.501787807976534,
66.2,26.43107677197751,0.5876363785748635,follow,1.0390649728125183,50.685680130778785,
66.3,26.489840409834994,0.17233756139061995,follow,0.9999354750427969,50.734696089795285,
66.4,26.507074165974057,0.6166886888521832,follow,1.0663774242367978,50.82698867319788,
66.5,26.568743034859274,0.4374691824118539,follow,1.085999817423037,50.93911436971195,
66.6,26.61248995310046,0.17672756806755796,follow,1.0431304447512133,50.9618653744019,
66.7,26.630162709907218,0.5588290221682333,follow,1.0916050385503482,51.03684910341118,
66.8,26.68604561212404,0.2448126667079199,follow,1.0631761240127204,51.09224454219878,
66.9,26.710526878794834,0.477778400022288,follow,1.0904015361270467,51.156191854319296,1262.2781071618665
67.0,26.758304718797064,0.024758463076352433,follow,1.009904304243996,51.14736138243959,
67.1,26.7607805651047,0.5862727638858184,follow,1.06511247827207,51.20628332592912,
67.2,26.81940784149328,0.40249522478414035,follow,1.0732307795398697,51.302342541779794,
67.3,26.859657363971696,0.8568317147381879,follow,1.185890759425078,51.47537680538262,
67.4,26.945340535445514,0.40400857284701175,follow,1.1848319486698031,51.602842751838075,
67.5,26.985741392730215,1.1196888005547487,follow,1.3496565234697329,51.828268612565054,447.7937183058902
67.6,27.09771027278569,-0.3574063279484069,follow,1.1589321761079532,51.80549758528649,
67.7,27.06196963999085,1.1495338901519616,follow,1.331346161301127,51.9243006212874,
67.8,27.176923029006044,-0.04562186469157348,follow,1.2132237748777328,51.9786083183868,
67.9,27.172360842536886,1.421366283377866,follow,1.443830970327781,52.20237223413311,245.81919910713322
68.0,27.314497470874674,-0.5678873111157231,follow,1.1951762807336266,52.16692248704564,151.42904345449753
68.1,27.2577087397631,0.6718071818392642,follow,1.2515885034246779,52.138151613069326,903.4706324744075
68.2,27.324889457947027,-0.038583151167789875,follow,1.1383284803540832,52.125662667274625,38.19039143703147
68.3,27.321031142830247,-0.14388429212167714,follow,1.0080128387462324,51.9895595529916,
68.4,27.30664271361808,0.482291138294835,follow,1.031931211202675,51.991895281629795,380.49519001027556
68.5,27.35487182744756,-0.0020728208180970653,follow,0.9411003577137009,51.97340809888504,
68.6,27.35466454536575,0.6248856977107706,follow,1.0019448262998338,52.03394164434846,
68.7,27.417153115136827,0.29984570215421047,follow,0.9824966601295344,52.108226332834775,
68.8,27.44713768535225,1.0563482963170034,follow,1.1398060362711746,52.31051256429955,
68.9,27.55277251498395,0.25417211226355446,follow,1.0990765403252354,52.42823531280116,835.2100489554256
69.0,27.578189726210304,0.21733176486859873,follow,1.0521317508646675,52.41941634018013,159.72290463044445
69.1,27.599922902697163,0.11643416560260544,follow,0.9845396958646688,52.384424049910415,
69.2,27.611566319257424,0.6700286673864204,follow,1.0499179390985347,52.46726741798467,80.52483050041714
69.3,27.678569185996064,-0.33088243255078853,follow,0.8775567203909702,52.395410499385065,
69.4,27.645480942740985,1.4318780878781059,follow,1.1266409909994906,52.594862405110966,
69.5,27.788668751528796,0.0908440604105869,follow,1.0459924026648935,52.728995529958084,2824.4521573188185
69.6,27.797753157569854,0.3449693179848004,follow,1.0295904778463196,52.7262202142011,50.32313177322572
69.7,27.832250089368333,-0.2755564911270743,follow,0.869620071211763,52.617995205264265,
69.8,27.804694440255627,1.2215774310799223,follow,1.0684841008552652,52.775525761238704,
69.9,27.926852183363618,-0.25542344485125745,follow,0.90956226785692,52.799840542902345,
70.0,27.901309838878493,1.1701342679548148,follow,1.0927448006967566,52.9447095590145,56.849726426998544
70.1,28.018323265673974,-0.7664866858073183,follow,0.8123923339361383,52.8398772324471,333.7467617757268
70.2,27.941674597093243,0.8160254125849591,follow,0.9191978770979077,52.831709772737774,
70.3,28.023277138351737,0.026126612032125407,follow,0.8344663513749992,52.8693820589026,
70.4,28.02588979955495,0.5409183531136255,follow,0.8749583796146823,52.91379307894711,
70.5,28.07998163486631,0.03595544433043191,follow,0.7948224631610117,52.914794915460476,
70.6,28.083577179299354,0.7420378043104061,follow,0.8840714285815068,53.00943719753054,114.34867712351283
70.7,28.157780959730395,-0.32338027851194145,follow,0.7189876619619042,52.9556591015575,
70.8,28.125442931879203,0.6866945077197284,follow,0.7999504105507782,52.98811480836958,
70.9,28.194112382651177,0.1389523013372413,follow,0.7475349961276976,53.03870357010446,
71.0,28.2080076127849,0.6312722339488257,follow,0.8128913896486196,53.12490280882597,
71.1,28.271134836179783,0.39812626355270964,follow,0.8190870709383162,53.22578932520799,98.35956912506856
71.2,28.310947462535054,-0.1318527637173314,follow,0.7012733851519073,53.16769457895449,59.01309098463201
71.3,28.29776218616332,0.04397382213794848,follow,0.6322750810931765,53.07891836033816,
71.4,28.302159568377117,0.9673402347936048,follow,0.7824630509347728,53.23570240350045,
71.5,28.398893591856478,0.04124260480010822,follow,0.7064726565300816,53.3048130443148,243.519294430808
71.6,28.40301785233649,0.22406099477924968,follow,0.6779844805764128,53.28251125908115,
71.7,28.425423951814416,0.9625077235534842,follow,0.822832936178088,53.46096886389971,
71.8,28.521674724169763,-0.03057113332773853,follow,0.726289305228093,53.508801391482734,
71.9,28.51861761083699,0.9925642252370037,follow,0.8740132141435524,53.651939630399035,
72.0,28.617874033360692,-0.059788487693773096,follow,0.7663411770219284,53.69315222706297,
72.1,28.611895184591315,1.348034545844371,follow,0.993119931716862,53.91096270860383,
72.2,28.74669863917575,0.35310131992127414,follow,0.9722448859226276,54.092292844686256,
72.3,28.782008771167877,0.23993953776847332,follow,0.926078810817657,54.09909196756947,
72.4,28.806002724944726,0.7637706398167783,follow,1.0044876076579143,54.213491695075,
72.5,28.882379788926404,0.3067214486011437,follow,0.9706840327927537,54.29425371618236,
72.6,28.91305193378652,0.8727288234300985,follow,1.0703706221239315,54.43994852280371,96.68725965772936
72.7,29.00032481612953,-0.36681843830873284,follow,0.8744288169964634,54.37491604119076,
72.8,28.963642972298658,1.0281123713928553,follow,1.0160872855129028,54.46155174396089,
72.9,29.066454209437943,0.2877211577381332,follow,0.9752250088601855,54.574906323017096,41.455985276022425
73.0,29.095226325211755,-0.3112621138277973,follow,0.7975442026782886,54.44038369049592,67.60879765844638
73.1,29.064100113828975,0.26889577238900486,follow,0.766823508369562,54.362973679113026,36.38509439624861
73.2,29.090989691067875,-0.434536010379372,follow,0.5743901734044243,54.21087471000624,
73.3,29.047536090029936,0.6651341713949397,follow,0.6508169659583416,54.222121101003246,
73.4,29.11404950716943,0.3384654563257439,follow,0.6456418895321576,54.316716150286304,
73.5,29.147896052802004,0.8527804049271144,follow,0.7600824658030945,54.481926545006104,
73.6,29.233174093294714,-0.00885842545986587,follow,0.6658479957345591,54.515609135676634,
73.7,29.232288250748727,1.1226910872829112,follow,0.8409479344786703,54.68938031060176,61.9858422280829
73.8,29.34455735947702,-0.7283579064952324,follow,0.5730885354385364,54.58992457465406,43.5132950775648
73.9,29.271721568827495,0.3058586048879768,follow,0.5641700645300745,54.47175241777131,
74.0,29.302307429316294,0.2647536148247994,follow,0.5460605308652475,54.499521674839684,
74.1,29.328782790798773,0.46049800629775506,follow,0.5744692095616486,54.56764339575981,
74.2,29.374832591428547,0.1778338856347898,follow,0.5349112494741348,54.59716013661696,36.76990958562504
74.3,29.392615979992026,-0.4240460525089033,follow,0.35797456862971444,54.44689853861775,
74.4,29.350211374741136,0.7042306042763835,follow,0.4555603390319334,54.48087740114364,75.64567752172135
74.5,29.420634435168775,-0.4797722996035964,follow,0.27086230487359586,54.40181395762676,
74.6,29.372657205208416,1.0240274968930239,follow,0.4485624292932897,54.507548237105915,
74.7,29.47505995489772,-0.03481161226925278,follow,0.3674523092695594,54.58004224161614,131.4991764384153
74.8,29.471578793670794,0.1357665088044177,follow,0.3315161717428765,54.538884362249064,34544.65606945357
74.9,29.485155444551236,0.18604409087719437,follow,0.30963565096708834,54.53736881779394,117.24547021138167
75.0,29.503759853638954,-0.05398229559625778,follow,0.23335305197161205,54.48899283243004,
75.1,29.49836162407933,0.47644241115892927,follow,0.285614233903118,54.53315667002211,
75.2,29.546005865195223,0.5387069007728693,follow,0.34854728570975624,54.66755608350259,149.36251377923557
75.3,29.59987655527251,-0.2405866690292155,follow,0.22575359506657833,54.62556842797534,
75.4,29.57581788836959,0.8296853226815646,follow,0.36025980658399703,54.72398663913838,
75.5,29.658786420637746,-0.24679486065973055,follow,0.23492836611798396,54.72310799707461,262.1008963605995
75.6,29.634106934571772,0.33505467826753443,follow,0.25353690175977306,54.70469730361743,
75.7,29.667612402398525,0.2309299701060339,follow,0.24651745977979544,54.74793606337758,144.98447539230312
75.8,29.69070539940913,-0.06190179958975567,follow,0.1718074243229708,54.707865523436666,
75.9,29.684515219450155,0.31400274095401004,follow,0.18964117231642064,54.71641400149165,115.3101349728981
76.0,29.715915493545555,-0.1772237827361024,follow,0.0919492118187577,54.66582245213709,
76.1,29.698193115271945,1.3699517864878277,follow,0.3607134677019843,54.9080031406099,
76.2,29.835188293920726,-0.3454317019749895,follow,0.21170187033673216,54.964484311217824,731.024491248197
76.3,29.80064512372323,0.4564596362854186,follow,0.2594521132606573,54.9604197988455,
76.4,29.84629108735177,0.3085757397425501,follow,0.26935405908267285,55.038790690110325,
76.5,29.877148661326025,0.2824073856143433,follow,0.272352831988691,55.088075823977725,
76.6,29.905389399887458,0.258480993885722,follow,0.2694527841577923,55.12753688398898,
76.7,29.93123749927603,0.6023219332346206,follow,0.3465568851473293,55.24341313406138,
76.8,29.99146969259949,0.451642037774194,follow,0.3830616259021937,55.37026616480143,
76.9,30.03663389637691,0.04650668880951553,follow,0.3226519305983757,55.37760277516374,
77.0,30.04128456525786,0.2840393876232455,follow,0.3215474707511561,55.38347431863795,
77.1,30.069688504020185,0.256513710690877,follow,0.31397271220565415,55.418505468235935,37.201405071381934
77.2,30.095339875089273,-0.5299868214749026,follow,0.12396166809310216,55.26697148072701,72.21232458883743
77.3,30.042341192941784,0.2658565930056989,follow,0.13222557202016105,55.19573736143283,
77.4,30.068926852242353,0.9051618371402714,follow,0.2884543978450722,55.3918446762086,
77.5,30.15944303595638,0.6261941150612425,follow,0.3687358186783882,55.60790037261296,
77.6,30.222062447462502,0.06431157601798532,follow,0.31260045667296055,55.64569412786671,
77.7,30.2284936050643,0.7519600160499456,follow,0.4201043597638261,55.76284476736028,
77.8,30.303689606669295,0.2188355452598686,follow,0.395941396689409,55.85147580669335,
77.9,30.325573161195283,1.665461129048479,follow,0.7095587487808928,56.19791849057382,
78.0,30.49211927410013,-0.009318940112729712,follow,0.6115276520136135,56.34970656316381,
78.1,30.491187380088856,0.5573092034009389,follow,0.6518067550216387,56.38858782515492,160.56553003381765
78.2,30.54691830042895,-0.13719147692026534,follow,0.5275185444686059,56.347895995112026,57.67923066890096
78.3,30.533199152736923,0.03517778693002693,follow,0.45177735073295366,56.25157607983834,
78.4,30.536716931429925,0.6404082667670006,follow,0.5218289895504569,56.32690438669535,482.59411635160893
78.5,30.600757758106624,-0.12977207260612345,follow,0.4076919737247451,56.30882861088468,74.01676553522925
78.6,30.587780550846013,0.08963810012296486,follow,0.3523797295310658,56.23405055580008,
78.7,30.59674436085831,0.250846946306134,follow,0.33825957842678633,56.23337611971425,149.26136118295605
78.8,30.621829055488924,-0.026734324242582375,follow,0.2604496309319728,56.19319321416536,
78.9,30.619155623064664,1.2619872753899082,follow,0.487544217261906,56.4162776518589,
79.0,30.745354350603655,0.13589818806588472,follow,0.4367106908930509,56.55474221679853,
79.1,30.758944169410245,0.49377683248384063,follow,0.47243154574213264,56.6108477998575,
79.2,30.80832185265863,0.8728160251634138,follow,0.5935328356036891,56.80601561459164,
79.3,30.89560345517497,0.07347514393419119,follow,0.5200500863116844,56.86345526907414,206.32344842329255
79.4,30.90295096956839,0.1993072237857677,follow,0.4807337177647142,56.8351601721173,
79.5,30.922881691946966,1.0837795100246383,follow,0.6495494650021527,57.0338720029226,
79.6,31.03125964294943,0.13150680378914248,follow,0.5848565742035134,57.131746038627654,118.71293775744904
79.7,31.044410323328343,0.09389141855111333,follow,0.5156895213023063,57.08230500629482,
79.8,31.053799465183456,0.45563634688557636,follow,0.5352258620012904,57.11592505977647,201.25451971114552
79.9,31.099363099872015,-0.057152704396554954,follow,0.43394409998125383,57.08298874978927,73.24312475040622
80.0,31.09364782943236,0.052899575808828314,follow,0.36515222269749614,57.00562396684604,
80.1,31.09893778701324,0.9189082571467352,follow,0.5023235076248511,57.15073018814471,
80.2,31.190828612727916,0.7802657969202181,follow,0.5974044077800471,57.38364732687192,72.56142026643465
80.3,31.268855192419938,-0.4761500174166885,follow,0.3934790190000186,57.29676180762993,
80.4,31.22124019067827,1.1159825719506482,follow,0.5737775025447007,57.4056377885621,1391.9828411174196
80.5,31.332838447873335,-0.38995846117785327,follow,0.3910962719647699,57.39035394377477,
80.6,31.29384260175555,0.6216497614086407,follow,0.45620578096589526,57.39696968359922,
80.7,31.356007577896413,-0.0631209140819981,follow,0.35735755896494936,57.39136892580957,200.66380530167532
80.8,31.349695486488212,0.2533936166096404,follow,0.3388561474284373,57.36339937716075,
80.9,31.375034848149177,0.42481808257852627,follow,0.36134362012206367,57.42389589234583,280.0689561345517
81.0,31.41751665640703,-0.04502589522994327,follow,0.2728692420945862,57.39914422670513,
81.1,31.41301406688404,0.7028459139825164,follow,0.36432171969067184,57.483842820016726,
81.2,31.48329865828229,0.09789909595157897,follow,0.3085649667650614,57.533512954188495,
81.3,31.493088567877447,0.40761024906913684,follow,0.32857124558458395,57.56820409740075,218.81682112549106
81.4,31.53384959278436,-0.06550471225792986,follow,0.23704474894577743,57.537819138122316,
81.5,31.527299121558567,0.36171547252072606,follow,0.25114054362860827,57.54208922596646,
81.6,31.56347066881064,0.6473944987366815,follow,0.3305361558694315,57.675742159085395,
81.7,31.628210118684308,0.36518945899237787,follow,0.33860596919050323,57.780921147216965,165.93693878150088
81.8,31.664729064583547,-0.06757978382513402,follow,0.24535464388329586,57.74244824075861,
81.9,31.657971086201034,0.655840299910115,follow,0.32669450283695767,57.81365113213851,
82.0,31.723555116192045,0.46995309658333306,follow,0.35896294623123737,57.944295620519306,57.16935832578861
82.1,31.770550425850377,-0.41791227752739146,follow,0.1824149391586971,57.838240577934265,
82.2,31.728759198097638,1.0621911663079133,follow,0.3622258609780431,57.9553646581245,
82.3,31.834978314728428,-0.3740156998621422,follow,0.19539935455902224,57.94786682665166,
82.4,31.797576744742212,1.0480139400560233,follow,0.3707440350641278,58.067109152177444,859.2765066398038
82.5,31.902378138747814,-0.4030637647017088,follow,0.19630413018094828,58.049871338302665,49.94060831257333
82.6,31.862071762277644,0.07247023832154192,follow,0.14455651865844032,57.9376641620749,62.834224549899446
82.7,31.869318786109798,-0.1668081891244232,follow,0.0407541042992321,57.84473228346393,
82.8,31.852637967197357,0.6862434474746631,follow,0.14251153594815236,57.92146848674419,
82.9,31.921262311944822,0.23620880069681116,follow,0.1324487876324696,58.01434225554971,320.0573888366225
83.0,31.944883192014505,0.03615840324052716,follow,0.07652914832650026,57.99385393634826,
83.1,31.948499032338557,0.8180727174379272,follow,0.20625548460657228,58.129004033114406,66.16854645630687
83.2,32.03030630408235,-0.6414462132920827,follow,-0.01248605341735498,58.03297340270617,
83.3,31.966161682753143,0.9502114522137435,follow,0.15411471030113688,58.10335723443085,150.46380785421871
83.4,32.06118282797452,-0.536059675947806,follow,-0.036535290328380654,58.0552389516334,
83.5,32.007576860379736,0.6379589995434028,follow,0.05911597502582566,58.070481265595426,
83.6,32.07137276033408,0.19166866617549239,follow,0.044284849060893805,58.151343989562015,1131.9489864162574
83.7,32.090539626951625,0.09705180193575444,follow,0.008480586439418403,58.144290026866855,
83.8,32.1002448071452,0.3582369697715103,follow,0.03589833543453125,58.186265546152335,
83.9,32.136068504122356,0.7849147833949229,follow,0.16055593955656633,58.3646586957401,
84.0,32.21455998246185,-0.14012373539395284,follow,0.06136272380113894,58.383202697493914,
84.1,32.200547608922456,1.0481841181666225,follow,0.2453265232179831,58.54614793660167,201.5027697310256
84.2,32.305366020739115,-0.5336601000291588,follow,0.0485623034190894,58.50661133452776,
84.3,32.2520000107362,1.1777743617033825,follow,0.26341131734984913,58.641411333454144,
84.4,32.36977744690653,0.488215075348696,follow,0.3027674184036968,58.85743358876349,34.626552844244216
84.5,32.4185989544414,-0.7358962523530934,follow,0.054675261657251895,58.682573693319355,1520.3151106700002
84.6,32.34500932920609,0.7465085633749844,follow,0.1685587665896051,58.686072760398744,
84.7,32.41966018554359,0.3905058734120345,follow,0.19161646352900163,58.82110674184439,
84.8,32.45871077288479,0.2924335039736805,follow,0.19016950522871667,58.87823566455591,
84.9,32.48795412328216,0.6055044722350913,follow,0.261509067304452,58.99344025222769,
85.0,32.54850457050567,-0.004889460098102871,follow,0.18583293941861712,59.00858979517712,
85.1,32.54801562449586,0.6764695642672522,follow,0.2737647959837446,59.095788232727536,
85.2,32.61566258092259,0.14444781546412822,follow,0.23172810325139181,59.155221974635275,
85.3,32.630107362469005,1.0543876799468683,follow,0.4040501946848707,59.34921123838838,
85.4,32.73554613046369,0.09611709940713303,follow,0.3413374296464724,59.444656625342006,
85.5,32.7451578404044,0.743721567230626,follow,0.43340408069496306,59.55114084130157,
85.6,32.81952999712747,0.012754439099866899,follow,0.34889284589761616,59.57818784158882,
85.7,32.82080544103746,0.43756422369559844,follow,0.368899135928892,59.600107297485074,
85.8,32.86456186340702,0.1901081546538423,follow,0.32980831603384075,59.62665111114437,
85.9,32.883572678872405,0.704741292217073,follow,0.41293482494852185,59.738293843257125,
86.0,32.95404680809411,0.028402633498465446,follow,0.33281895030654596,59.76388916244771,
86.1,32.95688707144396,0.762742732435236,follow,0.4288698481373814,59.86420045530332,
86.2,33.033161344687485,1.0774929850831436,follow,0.5911423038033448,60.14088432083457,
86.3,33.1409106431958,0.36628146504991843,follow,0.5764272917212949,60.287793256514995,
86.4,33.1775387897008,0.30284375123554585,follow,0.547731192993723,60.314039377544916,
86.5,33.207823164824354,1.0028970103520773,follow,0.6835223138259536,60.49525706106248,
86.6,33.30811286585956,-0.13793602402221156,follow,0.5442764756871767,60.506445774476525,40.12063496321301
86.7,33.29431926345734,-0.1337101493535126,follow,0.4155349529447818,60.35701384813079,142.24434063243672
86.8,33.28094824852199,0.2915802343855946,follow,0.39449665049560423,60.31591902327859,48.21615849779776
86.9,33.31010627196055,-0.3623360059631569,follow,0.22274898814170996,60.187908396082534,
87.0,33.27387267136423,0.7035175428558432,follow,0.31071212189976194,60.22152112894611,
87.1,33.34422442564981,0.18902521374801046,follow,0.27276204790640435,60.289098686381124,
87.2,33.36312694702461,1.241923850775703,follow,0.4820955711417483,60.526785991678665,
87.3,33.48731933210218,-0.0032242885993324366,follow,0.38707506031516914,60.618054058468445,
87.4,33.48699690324225,0.5487824704859299,follow,0.42685901328083986,60.65735436814422,
87.5,33.54187515029084,0.6550523587901548,follow,0.48835412767887476,60.801166853115134,37.03154094411183
87.6,33.60738038616986,-0.7471717198042017,follow,0.2193582352433623,60.630428814498146,
87.7,33.53266321418944,1.201736762453641,follow,0.42216767179503734,60.7211624930792,
87.8,33.652836890434806,0.20401618851413605,follow,0.378623468383509,60.85787880403572,67.40739046975209
87.9,33.67323850928622,-0.14987860404608844,follow,0.2556971891777664,60.7655549531071,
88.0,33.65825064888161,1.2227711411973265,follow,0.46035391489652255,60.94772988821894,
88.1,33.780527763001345,0.0029636850942686976,follow,0.36688546741678607,61.0376771119188,
88.2,33.78082413151077,0.44413623858079254,follow,0.3823585015015709,61.053594698767725,
88.3,33.825237755368846,0.6233004221288019,follow,0.4382142901775694,61.17607092323084,
88.4,33.887567797581724,1.2428622670858112,follow,0.6339624471000818,61.46531414347267,
88.5,34.01185402429031,-0.06204905791022275,follow,0.5123477046081746,61.53012874104364,
88.6,34.005649118499285,0.7899966137577368,follow,0.5970901514447888,61.60556382919371,
88.7,34.08464877987506,-0.07246971324595008,follow,0.47512578139362205,61.60209895120621,156.09347372290915
88.8,34.07740180855046,0.2964424664407219,follow,0.4472560575254718,61.563358770351165,
88.9,34.10704605519454,0.7995623374894396,follow,0.538085082039899,61.69865416483171,168.09512945761333
89.0,34.18700228894348,-0.2709355514895908,follow,0.3734505025221395,61.65395393593736,
89.1,34.15990873379452,0.8127396416842999,follow,0.472099961866121,61.711963062557906,
89.2,34.241182697962955,-0.1230916832104395,follow,0.34607074581717967,61.70784479276161,
89.3,34.22887352964191,0.8918329932006988,follow,0.46464714533455265,61.80795743979742,
89.4,34.31805682896198,0.18795281109002993,follow,0.41106651345825185,61.88815175690122,
89.5,34.33685211007098,0.9456737448732695,follow,0.5371883807876614,62.04246654589413,1683.5526222621536
89.6,34.431419484558305,-0.22451927750649875,follow,0.3821953706008401,62.0293245974383,
89.7,34.40896755680765,0.6189796008182924,follow,0.4339765065460526,62.04742784175753,117.29911795766327
89.8,34.47086551688948,-0.24089487172335455,follow,0.2820430147343629,61.98834129006858,5705.052223523584
89.9,34.44677602971715,0.5285415942915759,follow,0.31949964252113716,61.989663687096865,
90.0,34.49963018914631,0.4127192842624109,follow,0.3272553844627666,62.076700668182234,
90.1,34.54090211757255,0.6533849821506119,follow,0.3902572800661588,62.20161045642498,110.89565988022707
90.2,34.60624061578761,-0.28888012759646226,follow,0.2296254711648018,62.13898639484622,
90.3,34.57735260302797,1.0708056154666732,follow,0.39622223000147727,62.262251134543426,
90.4,34.684433164574635,0.3963310135193206,follow,0.3941580712240125,62.42080781808596,
90.5,34.72406626592657,0.3672762541459971,follow,0.38530179260345676,62.47140119149331,
90.6,34.760793891341166,1.0050170733580583,follow,0.5251309653474436,62.66632180235919,71.96458590889148
90.7,34.861295598676975,-0.6196382396759977,follow,0.27724884447603415,62.569192242491496,41.67679722609653
90.8,34.79933177470937,0.1530967680815687,follow,0.22626140295650288,62.42525906502056,30.461275150956677
90.9,34.81464145151753,-0.6295030399202921,follow,-0.0031672574074903537,62.218794919868806,
91.0,34.7516911475255,1.274466047015978,follow,0.22608908382800763,62.35362580511626,
91.1,34.879137752227095,-0.3350891409058306,follow,0.06500540155290935,62.38371202989355,127.53812549911373
91.2,34.84562883813651,0.32959709545788013,follow,0.06970588887513429,62.3381491460799,400.55654140010955
91.3,34.8785885476823,0.017114759034822624,follow,0.0014074697882193732,62.31929029131167,36.90614293034796
91.4,34.88030002358578,-0.44789997382969726,follow,-0.17018974642557794,62.15026028895309,
91.5,34.83551002620281,1.3809059513724946,follow,0.09544424702859544,62.34870928633281,136.87670018172767
91.6,34.97360062134006,-0.8279047316712862,follow,-0.1710517078112801,62.28934922419881,93.86571865832975
91.7,34.89081014817293,0.5221193818760834,follow,-0.10494701287787933,62.23126820938152,76814.67451098436
91.8,34.94302208636054,-0.10224303056022788,follow,-0.18856712879534854,62.225966000745466,176.26649551097623
91.9,34.93279778330452,0.15036612009495917,follow,-0.2075104525417686,62.191686222415015,95.26945068286703
92.0,34.94783439531402,-0.15860921998579847,follow,-0.29684881008741115,62.124902782883616,35.34172669990656
92.1,34.93197347331544,-0.44889594598685867,follow,-0.44725477442108286,61.950705435552074,123.41430121073851
92.2,34.88708387871675,0.2448684711203525,follow,-0.4256287703947308,61.904997047680396,
92.3,34.91157072582879,0.38600384680866096,follow,-0.3725161136456592,61.99483997509752,
92.4,34.95017111050966,0.03980029349817038,follow,-0.40343380171793086,62.021822864046555,
92.5,34.954151139859476,0.3373892284218939,follow,-0.36281895972860667,62.06840775006061,35.999400699360535
92.6,34.987890062701666,-0.79975735152976,follow,-0.5892163502620562,61.89261874379044,27.052269579205355
92.7,34.90791432754869,-0.3291075468657652,follow,-0.6900441802874582,61.67182731103557,44.43489492608631
92.8,34.87500357286211,-0.29772575217755737,follow,-0.7761784055438099,61.53632695374936,50.64703374393514
92.9,34.84523099764436,-0.27250515526965935,follow,-0.8500426424816112,61.41780385398492,314.59043182203203
93.0,34.81798048211739,0.12483408048517058,follow,-0.8259649174029065,61.40100580577318,20.345063915951744
93.1,34.83046389016591,-1.3573897473509355,follow,-1.1477364184922791,61.09795941675659,
93.2,34.69472491543082,0.9260497295167721,follow,-0.9156004479327251,61.126486925213506,42.01927544982683
93.3,34.787329888382494,-1.2675665620566186,follow,-1.2092408961984873,60.97175393637526,32.651838497154806
93.4,34.66057323217683,-0.02625715277326479,follow,-1.1931632351076686,60.79769661315758,25.64683334305971
93.5,34.657947516899505,-1.09470140469235,follow,-1.4260194138816331,60.56090186146763,19.804428142334892
93.6,34.54847737643027,-0.7281528793165627,follow,-1.5566619408208027,60.2660541238246,114.0371505227088
93.7,34.475662088498616,0.06515512710931198,follow,-1.493005217773188,60.22048791497474,47.95915116540611
93.8,34.48217760120955,-0.7774911830806804,follow,-1.62899624696054,60.09427015485379,22.573351277371653
93.9,34.40442848290148,-0.8468911317274054,follow,-1.770815417788576,59.835827306563644,22.713020184424312
94.0,34.31973936972874,-0.8335551088044307,follow,-1.8987556850023353,59.58085336959077,36.11531279597673
94.1,34.23638385884829,-0.46155677568445375,follow,-1.9303608045665044,59.42421498370594,
94.2,34.19022818127985,0.1351294047256793,follow,-1.8201501063418206,59.46519216557795,38.358993136406696
94.3,34.203741121752415,-1.069274123833103,follow,-1.9967936292259125,59.30881805340271,20.92951173208283
94.4,34.09681370936911,-0.8497662852162721,follow,-2.109083881587857,59.0361366824658,38.414634332421045
94.5,34.01183708084748,-0.4810495718622184,follow,-2.1268026468901695,58.89095297438105,38.444658188976554
94.6,33.96373212366126,-0.7423083868231303,follow,-2.203018423476962,58.74257976201493,15.009351152797297
94.7,33.88950128497895,-1.6145931681038985,follow,-2.475622293951389,58.35862963351703,45.25674407099938
94.8,33.72804196816856,0.02748438587721358,follow,-2.346237515552666,58.24582543670018,42.8895621799153
94.9,33.730790406756284,-1.0978949099419157,follow,-2.486439214109879,58.10974639602455,116.03606141821318
95.0,33.621000915762096,-0.0017980027166358825,follow,-2.3608550691948054,58.07064630444834,
95.1,33.62082111549043,-0.21551328524623758,follow,-2.2926674803363483,58.138564192899295,820.9213281984233
95.2,33.599269786965806,-0.37497411502403644,follow,-2.2652674662459944,58.133637214202714,39.83748429074064
95.3,33.561772375463406,-0.858780385817318,follow,-2.351198586538736,57.99145997665637,25.415094248776196
95.4,33.47589433688167,-0.9102610625780041,follow,-2.441970962354304,57.7718705429682,
95.5,33.38486823062387,0.6398236496267422,follow,-2.164918626029994,57.91238371990581,53.87858908648974
95.6,33.44885059558655,-1.3755272602480557,follow,-2.374777233032667,57.79849866034716,46.65493875230514
95.7,33.31129786956174,-0.1269929891507977,follow,-2.278577930951627,57.688368873390985,48.834735387098725
95.8,33.29859857064666,-0.9371298825300454,follow,-2.376388839643674,57.57150901632632,57.080696613930776
95.9,33.20488558239366,-0.3394928897902534,follow,-2.327307915503532,57.480020458086955,44.390038193052085
96.0,33.170936293414634,-0.8638512338271731,follow,-2.4024776113764617,57.35392682874549,33.327164432650434
96.1,33.084551170031915,-0.7137181177172218,follow,-2.436355043305568,57.190471711742305,34.565550312136395
96.2,33.013179358260196,-0.803602558648025,follow,-2.487615261474005,57.032153775916285,49.889068905787056
96.3,32.93281910239539,-0.5421969632521381,follow,-2.4733567879163374,56.92587186567675,35.516092727246466
96.4,32.87859940607018,-0.9205053351634529,follow,-2.5468871840355405,56.77101192506973,32.28194649054955
96.5,32.78654887255384,-0.7544247572464114,follow,-2.57546627101641,56.604357037814346,60.43929868119142
96.6,32.711106396829194,-0.5288770179297765,follow,-2.5484131971123674,56.518246398131424,45.17461228027558
96.7,32.65821869503622,-0.8163754828746755,follow,-2.5889035139265246,56.3984245286278,
96.8,32.57658114674875,0.08378586712180025,follow,-2.416105306170202,56.448766413952924,16.19029187563628
96.9,32.584959733460934,-2.1698378719044475,follow,-2.7781691595845714,56.09927044060683,11310.944606692769
97.0,32.36797594627049,0.7642703300882385,follow,-2.4314910734259527,56.12047284597978,
97.1,32.44440297927932,-1.0191348023849995,follow,-2.5225719208671222,56.144032548051854,19.003512026564273
97.2,32.342489499040816,-1.2293498509703449,follow,-2.654950650413447,55.858783598147774,44.24494907924916
97.3,32.219554513943784,-0.40208172715335533,follow,-2.5845036241622807,55.74482814675339,45.70917290649541
97.4,32.179346341228445,-0.9369302968707811,follow,-2.6421259992121264,55.626893512630545,25.292466434167956
97.5,32.085653311541364,-1.0129759827241651,follow,-2.712151785835637,55.41632818147641,35.39501866279693
97.6,31.984355713268947,-0.7145895659982135,follow,-2.706640959753912,55.26989261014951,30.295568023362566
97.7,31.912896756669127,-1.0350176900250176,follow,-2.7747422005210893,55.0946029344826,
97.8,31.809394987666625,0.32159098032159206,follow,-2.5214290457840036,55.192663435715936,
97.9,31.841554085698785,-0.8489697239874407,follow,-2.5568231014021165,55.20550802714606,
98.0,31.75665711330004,0.038965125029607806,follow,-2.3821433541340085,55.25284231581605,637.6030796746093
98.1,31.760553625803002,-0.7286185157531493,follow,-2.3970434854687497,55.243786953235755,29.69212291819478
98.2,31.687691774227687,-0.9726995504423445,follow,-2.466519885528541,55.06501777581299,43.097262490476275
98.3,31.590421819183454,-0.5798614366865188,follow,-2.438657134880536,54.94697559389464,189.19713315061122
98.4,31.5324356755148,-0.42199899606096236,follow,-2.37492148692904,54.92373202634316,29.490270589432082
98.5,31.490235775908705,-1.1924409094785975,follow,-2.4936452151107673,54.74170844875229,682.2605979537065
98.6,31.370991684960845,0.06373020883445812,follow,-2.310878247185066,54.745609280256204,61.44345699776314
98.7,31.37736470584429,-1.0991308195777871,follow,-2.410174249094659,54.65587280967178,51.20637070947432
98.8,31.26745162388651,-0.40939373116003075,follow,-2.3410497885466413,54.560127647283124,3126.36394195113
98.9,31.226512250770508,-0.41628746849309173,follow,-2.2772919539496854,54.562476422206075,204.72783620438392
99.0,31.1848835039212,-0.5039879707571469,follow,-2.2373371840678473,54.53998807181395,53.74014639225904
99.1,31.134484706845484,-0.7579796080079776,follow,-2.2581874591388242,54.4435396011294,
99.2,31.058686746044685,0.004184320256778062,follow,-2.099359192542096,54.48867092652493,33.04974159417916
99.3,31.059105178070364,-1.3474726539827928,follow,-2.2648973583876497,54.323760408717895,364.3318167198858
99.4,30.924357912672086,0.1734975442662282,follow,-2.0642122515574357,54.32232461745069,643.9505542131062
99.5,30.941707667098708,-0.7890839112585994,follow,-2.1004076499072397,54.31215385074082,55.893511690510955
99.6,30.862799275972847,-0.523389533747533,follow,-2.0713249908157323,54.22287392314354,149.456951857869
99.7,30.810460322598093,-0.4396795847496122,follow,-2.023862593013412,54.19182789088373,30.26698062331104
99.8,30.76649236412313,-1.1011926801517438,follow,-2.132559891713278,54.017178654471415,
99.9,30.656373096107956,0.15764532542055998,follow,-1.9400182993013146,54.04454134486062,69.61155868974829
100.0,30.672137628650013,-1.0589072171650487,follow,-2.042878860979407,53.965327581995616,47.24940867746539
100.1,30.566246906933507,-0.41403132030079426,follow,-1.9876674690979925,53.861702891302265,
100.2,30.524843774903427,-0.21458760373801655,follow,-1.88904714854322,53.89821851381192,42.952134434391965
100.3,30.503385014529627,-1.004975832812714,follow,-1.9801975094354844,53.774880012358956,28.104578850576285
100.4,30.402887431248356,-0.7757280522715324,follow,-2.0107398776384144,53.59359126923412,26.89243277311594
100.5,30.325314626021203,-0.9809710991986234,follow,-2.0859121323998124,53.402059806631996,1512.1796780338923
100.6,30.22721751610134,-0.02442422953171175,follow,-1.9324882191301427,53.408338055021865,32.03441514932802
100.7,30.22477509314817,-1.3424101488042108,follow,-2.09530209401521,53.24186054570705,
100.8,30.09053407826775,0.6525062551006018,follow,-1.7819939795213529,53.353807137880274,22.795569452835256
100.9,30.15578470377781,-2.060321056815517,follow,-2.1204483881642275,53.11322866750249,
101.0,29.94975259809626,1.0921072912417147,follow,-1.7013754894515216,53.223253407692866,204.89979233227663
101.1,30.058963327220432,-1.451051912996557,follow,-1.9020879158598305,53.18635707497082,76.09320117906182
101.2,29.913858135920776,0.046087646188549436,follow,-1.7398159425024176,53.13097126137875,53.45931108382463
101.3,29.91846690053963,-1.0657606978237428,follow,-1.8465757794846667,53.03112457132478,242.7421473931907
101.4,29.811890830757257,-0.002814558539843137,follow,-1.6979007578868348,53.019935488249054,97.84246656131299
101.5,29.811609374903274,-0.8320945649045837,follow,-1.7516395115961885,52.965774550758724,
101.6,29.728399918412816,0.12779414874137163,follow,-1.5776653187017828,53.01493455891744,123.75103794448245
101.7,29.741179333286954,-0.843518866836522,follow,-1.640952374341687,52.970816625588746,114.85947613491487
101.8,29.6568274466033,-0.2114409917847112,follow,-1.5521072889765364,52.933133880928416,60.36892901332357
101.9,29.63568334742483,-0.801597651886753,follow,-1.6059594749513124,52.84756554618593,83.13504791382813
102.0,29.555523582236155,-0.3111161072530062,follow,-1.541272185391911,52.79201318796232,184.8954568813801
102.1,29.524411971510855,-0.4816326159950236,follow,-1.5200459664550507,52.76657199081123,25.560097848199195
102.2,29.476248709911353,-1.1261702515776637,follow,-1.6494259450469357,52.5649471198201,30.1016383413612
102.3,29.363631684753585,-0.5880198765381124,follow,-1.6438635757856375,52.40158395134474,
102.4,29.304829697099773,-0.1544475900971528,follow,-1.5371435640148974,52.42010098163476,147.7331277795918
102.5,29.28938493809006,-0.6307402947848132,follow,-1.547914919309335,52.38616248782576,74.90318940937793
102.6,29.226310908611577,-0.45747494410571377,follow,-1.516934965952764,52.3225313969646,103.34071517527663
102.7,29.180563414201007,-0.4873544268217713,follow,-1.4943700657570105,52.2764750555445,226.7336092185436
102.8,29.13182797151883,-0.34433534945559763,follow,-1.4394496988856247,52.25829225839262,52.688867181641555
102.9,29.09739443657327,-0.7565672019490542,follow,-1.4835388401246163,52.16255281473529,42.84770099784807
103.0,29.021737716378365,-0.586140464841564,follow,-1.48422753147009,52.048379043097455,147.97497288322992
103.1,28.96312366989421,-0.3342195153488742,follow,-1.4256188287332847,52.01906667610803,38.443689836698375
103.2,28.929701718359322,-0.9235693899370885,follow,-1.50745607326688,51.8870965042721,288.74012434606465
103.3,28.837344779365612,-0.04083172070594254,follow,-1.3776551427128823,51.87836202633554,26.778074083087674
103.4,28.833261607295018,-1.3681311872941486,follow,-1.5648565453364967,51.68503586560603,
103.5,28.696448488565604,0.46412162548964797,follow,-1.31228171609893,51.732391016749474,1113.7583291581323
103.6,28.74286065111457,-0.8882485919307659,follow,-1.3911860250338322,51.72310495163802,160.20256656573514
103.7,28.65403579192149,-0.10290910955292143,follow,-1.281352315436365,51.69970137244587,
103.8,28.6437448809662,-0.33374245197082475,follow,-1.2322904371000476,51.73332688434925,
103.9,28.610370635769115,0.06562801055861789,follow,-1.0932661328813325,51.82228982077234,
104.0,28.616933436824976,-0.413230258317563,follow,-1.0748036781476173,51.850596477089844,23.928098388228353
104.1,28.57561041099322,-1.1370097977256894,follow,-1.2253801804993074,51.638035435990524,30.453950448289
104.2,28.46190943122065,-0.48397956351866334,follow,-1.2130196539625189,51.47984449286846,47.5823973868006
104.3,28.413511474868784,-0.6681523331236803,follow,-1.2437738669215932,51.37649334538158,94.52697085702768
104.4,28.346696241556415,-0.32153905157406737,follow,-1.1912206411086785,51.328823721225945,439.8498446619792
104.5,28.314542336399008,-0.36301535924606676,follow,-1.151444017012473,51.32036948758604,44.06913160948582
104.6,28.2782408004744,-0.7755401247074714,follow,-1.209815793172993,51.2075454075386,122.43555709881751
104.7,28.200686788003654,-0.19058006537721672,follow,-1.1275534532672467,51.17347672873824,43.34212701343434
104.8,28.181628781465932,-0.8986359175054626,follow,-1.2151293216072574,51.05731385059164,46.771681653563164
104.9,28.091765189715385,-0.40183232983790207,follow,-1.1805104529529729,50.9571373316201,29.943694723325805
105.0,28.051581956731596,-0.998178980702505,follow,-1.2863937991504528,50.79097913594694,38.724975496396546
105.1,27.951764058661347,-0.454394385299676,follow,-1.257843357911213,50.669802730080804,31.43748147118052
105.2,27.90632462013138,-0.9517239917190836,follow,-1.3463166621293965,50.51317026806767,38.668160646767525
105.3,27.81115222095947,-0.5074136017710572,follow,-1.3246732854674832,50.39205504597172,
105.4,27.760410860782365,-0.07578921007534833,follow,-1.2036023312800594,50.437013959893484,40.661538490626654
105.5,27.75283193977483,-1.0439377547171182,follow,-1.3155171437462414,50.313730765916,
105.6,27.648438164303116,0.828265395695877,follow,-0.9837702969689843,50.48888694948569,1042.3369191602424
105.7,27.731264703872704,-1.0916392674556616,follow,-1.121136576710633,50.47576047909842,117.04125105957532
105.8,27.622100777127137,0.021450643326563656,follow,-0.9896007643049956,50.44355040138571,41.27609714803243
105.9,27.624245841459793,-1.0471844689592422,follow,-1.1152429449499621,50.321125817239725,11851.861708399432
106.0,27.51952739456387,0.17212522040873313,follow,-0.9481180140624659,50.33117307778334,50.863850110957934
106.1,27.53673991660474,-1.042442656022455,follow,-1.0746107887842413,50.23049908612287,103.19782161386361
106.2,27.432495651002498,-0.030482161842931954,follow,-0.9564939554811289,50.19224952102262,
106.3,27.429447434818204,0.17755336961209056,follow,-0.7978663746865138,50.346304777540794,76.34619852819684
106.4,27.447202771779413,-0.8644605081459064,follow,-0.8922196573062635,50.278584500362854,
106.5,27.360756720964822,0.22355100756593232,follow,-0.7266262531808678,50.31450882826637,42.97605807191281
106.6,27.383111821721414,-1.0978100323288298,follow,-0.8794700864878919,50.19519764609423,70.38895740772578
106.7,27.27333081848853,-0.0393297435256853,follow,-0.7751316634874215,50.134864564245376,
106.8,27.269397844135963,-0.08843516790468309,follow,-0.689171986372159,50.21492477983178,42.94083919483735
106.9,27.260554327345496,-0.8758554781136418,follow,-0.7919621439210118,50.098869347097235,
107.0,27.17296877953413,0.4503975988650833,follow,-0.5788807001573772,50.18057246914382,444.1985889914168
107.1,27.218008539420637,-0.7617027817961423,follow,-0.6622411939291979,50.16477161520176,41.1858948370455
107.2,27.141838261241023,-0.4292773039895764,follow,-0.6621696027838837,50.05058778907765,206.95893003959128
107.3,27.098910530842065,-0.2394466738801903,follow,-0.6176690602696553,50.030696735993445,
107.4,27.074965863454047,-0.24479555786066076,follow,-0.5772486455330252,50.03520014964804,175.58313667179482
107.5,27.05048630766798,-0.36172635016956256,follow,-0.5665779426207322,50.00915151888124,24.508447486734394
107.6,27.014313672651024,-1.0343760459140217,follow,-0.7127503573603988,49.808720151616136,35.98080488234297
107.7,26.910876068059622,-0.33466190972101617,follow,-0.6856815572792598,49.68063254481017,52.247221497739005
107.8,26.87740987708752,-0.623020871940217,follow,-0.727223258529861,49.58889155710142,59.21698909209157
107.9,26.815107789893496,-0.38972451600402874,follow,-0.7112809067281773,49.51138077811207,179.97084269143951
108.0,26.77613533829309,-0.3050126773805045,follow,-0.6764357631568814,49.48776724428276,77.79440044483417
108.1,26.74563407055504,-0.5094652196311391,follow,-0.6912472686053093,49.42720383722725,26.92650165415699
108.2,26.69468754859193,-0.890616369550935,follow,-0.7932962405198367,49.24873508236806,99.5552348599612
108.3,26.605625911636835,-0.08379259828881447,follow,-0.7002663762508803,49.20817249120437,172.2818921056824
108.4,26.597246651807954,-0.5225127340491715,follow,-0.7154221516883581,49.180447826023574,133.91666767799927
108.5,26.544995378403037,-0.26165402110970615,follow,-0.6685447794212891,49.14894828818327,
108.6,26.518829976292068,-0.2553399157155736,follow,-0.6231796738840387,49.15506529055406,274.87038979568626
108.7,26.49329598472051,-0.33922378222786265,follow,-0.6002082849987573,49.13973569208201,99.61511387513791
108.8,26.459373606497724,-0.41103117318266,follow,-0.5952620783143487,49.09379833143224,53.98639017082044
108.9,26.41827048917946,-0.5402980724671499,follow,-0.6204344512548943,49.00697128251429,22.918976589028393
109.0,26.364240681932746,-0.9888354448119139,follow,-0.7478138085781012,48.79854721432102,91.34187804227162
109.1,26.265357137451556,-0.030008771130777268,follow,-0.6430242056014706,48.75501150057586,74.39456857091116
109.2,26.26235626033848,-0.7117322346354296,follow,-0.7037585159657027,48.689775874542015,74.63678795583112
109.3,26.191183036874936,-0.2609466416637949,follow,-0.6551169844578837,48.63165757085452,26.850769127544876
109.4,26.165088372708556,-1.0563791517375565,follow,-0.7944838254791691,48.45314873358367,28.754069827033263
109.5,26.0594504575348,-0.49829887551857466,follow,-0.7939719984720099,48.29520368783019,5110.356139899841
109.6,26.009620569982943,-0.16301063237869018,follow,-0.7151892241425202,48.299241630831894,57.52508139696151
109.7,25.993319506745074,-0.7285733988726859,follow,-0.7730695799602216,48.216909680157386,144.65672936757994
109.8,25.920462166857806,-0.14050052465150165,follow,-0.6898297868151033,48.19086346347161,60.20379907852942
109.9,25.906412114392655,-0.7224888598597177,follow,-0.7473959195566451,48.11222225203234,57.52214897911677
110.0,25.834163228406684,-0.3562400803257629,follow,-0.7154389134183603,48.03580592919167,358.0400270600396
110.1,25.798539220374106,-0.29800883147642887,follow,-0.6718568234068982,48.02595200715426,38.77628678779163
110.2,25.768738337226463,-0.8013750388921769,follow,-0.7480293324080804,47.90507817343161,59.97593447157806
110.3,25.688600833337244,-0.2901958274568187,follow,-0.6996831599079769,47.83321809009789,40.58474823461371
110.4,25.65958125059156,-0.7922663703236531,follow,-0.7711119108486102,47.71825996503873,40.45355921104036
110.5,25.580354613559194,-0.4702166563661174,follow,-0.7623074166559789,47.60822450368281,44.89839898360103
110.6,25.53333294792258,-0.639464273813154,follow,-0.7931082129933102,47.50689120889056,70.55482930912925
110.7,25.469386520541267,-0.36735909013507095,follow,-0.758127223975471,47.44595255683643,40.57337050103453
110.8,25.43265061152776,-0.7590087728694274,follow,-0.8162884216079789,47.33268749568366,
110.9,25.356749734240815,0.03632406627964602,follow,-0.6851120791016427,47.350012522259576,32.28227107657723
111.0,25.36038214086878,-1.1457498448759158,follow,-0.8375989031304698,47.2029743081727,47.18494301305636
111.1,25.245807156381186,-0.17919961034359944,follow,-0.7543171420371948,47.11439359253458,42.22449490764795
111.2,25.227887195346828,-0.8705088518842838,follow,-0.8372259200203445,47.0046048729999,
111.3,25.1408363101584,0.1584953896990674,follow,-0.6747332232535399,47.03652124198406,72.27089286173405
111.4,25.156685849128305,-0.8819101910824467,follow,-0.7651761166212268,46.96985265707123,440.2631936742012
111.5,25.06849483002006,0.03947120058591769,follow,-0.6347390709608689,46.968003174069224,24.73960025141231
111.6,25.07244195007865,-1.327447752859337,follow,-0.8309039460566154,46.77775897906136,68.54467105029262
111.7,24.93969717479272,0.0756722499557958,follow,-0.6867565006069967,46.722789261582086,312.11537109018394
111.8,24.9472643997883,-0.6187774925292753,follow,-0.7138337780791915,46.70706282160326,59.32830550214531
111.9,24.88538665053537,-0.4246602713278137,follow,-0.6935558192533335,46.63452415654972,713.2116995551502
112.0,24.842920623402588,-0.24298639736968985,follow,-0.6321488408944163,46.63223209420946,38.44623563526584
112.1,24.81862198366562,-0.8444246636374448,follow,-0.7145630796555267,46.5133698958429,
112.2,24.734179517301875,0.12585837234962594,follow,-0.5653173318401059,46.53595194411271,
112.3,24.746765354536837,-0.2079201167746796,follow,-0.5038726231462292,46.61627540865903,40.29881706417802
112.4,24.72597334285937,-0.8092315775398755,follow,-0.5862819399159633,46.502678074373094,37.32236996953296
112.5,24.645050185105383,-0.4597743269865983,follow,-0.5814022217955142,46.38617305586256,
112.6,24.599072752406723,-0.10162672879292589,follow,-0.49334334798820123,46.40526578062188,
112.7,24.58891007952743,-0.2898542988407754,follow,-0.45499034662200444,46.42837477266914,35.47101936095695
112.8,24.559924649643353,-0.8077568902334534,follow,-0.5395046667602301,46.3003823077048,36.74853279583908
112.9,24.47914896062001,-0.45680298060516467,follow,-0.536256029287216,46.1824674116428,40.900243477427765
113.0,24.43346866255949,-0.6422032978043712,follow,-0.5760824484523894,46.07412054538685,24.462377028761193
113.1,24.369248332779055,-0.8522766307289766,follow,-0.6616767870596405,45.89219571210894,29.244699359238027
113.2,24.284020669706155,-0.5996742121722716,follow,-0.6822373594209097,45.743793645138325,28.87828076992457
113.3,24.22405324848893,-0.7874743358312006,follow,-0.7446915524439603,45.59138832028943,32.24163472557261
113.4,24.145305814905807,-0.6054383195044815,follow,-0.7601009835598589,45.45785773879885,52.53386369967618
113.5,24.08476198295536,-0.5008400544991803,follow,-0.7497614339297272,45.377381540503315,67.24946379130155
113.6,24.034677977505442,-0.48924215464208176,follow,-0.7371032235053931,45.31491374275277,
113.7,23.985753762041234,-0.09905650882601458,follow,-0.6342922765132002,45.34433836654865,29.719303005934986
113.8,23.975848111158633,-1.0997655736228507,follow,-0.7710186113051662,45.19275355543279,230.75409452801784
113.9,23.86587155379635,0.11833451053804778,follow,-0.6146409306413716,45.18416640005315,46.78071967484406
114.0,23.877705004850153,-1.0053754467151297,follow,-0.7301616077070889,45.08639589956814,49.6707582955446
114.1,23.77716746017864,-0.24322772727123332,follow,-0.6600720367176791,45.005679153550275,122.57534785804165
114.2,23.752844687451514,-0.5154430874358182,follow,-0.6578723463721445,44.97139468480513,27.711459409851084
114.3,23.70130037870793,-0.868915592108517,follow,-0.7376859211275644,44.81426464693433,75.78933865197139
114.4,23.61440881949708,-0.20742210748913492,follow,-0.6577894642610005,44.76382376498462,63.548073967819256
114.5,23.593666608748165,-0.6885874030046133,follow,-0.6950428090124419,44.695457104109806,88.74016329015298
114.6,23.524807868447706,-0.28367300346418955,follow,-0.6352354854065183,44.65197631726504,71.46513123818342
114.7,23.49644056810129,-0.5977073121204391,follow,-0.652328591697021,44.59233226045491,
114.8,23.436669836889244,0.235069620539753,follow,-0.4743394785678774,44.680665276765986,35.274121144697986
114.9,23.46017679894322,-1.184559995973654,follow,-0.6386176015431673,44.55164759687166,35.075154603625606
115.0,23.341720799345854,-0.2597984617523931,follow,-0.5761056820817103,44.43647551693707,35.21894506294526
115.1,23.315740953170614,-0.8749661616475422,follow,-0.6607100081359079,44.31290142162001,35.85937757255976
115.2,23.22824433700586,-0.4672293271157919,follow,-0.6442895175893639,44.19807698791943,35.12678395445343
115.3,23.181521404294283,-0.7538932916767339,follow,-0.6953572589514252,44.07692484749,1398.317296906775
115.4,23.10613207512661,-0.04565371834687049,follow,-0.5778864727125779,44.081311639977336,
115.5,23.101566703291923,-0.42337628755462275,follow,-0.5561950852897368,44.09615496964815,35.80492623889647
115.6,23.05922907453646,-0.7496558569231491,follow,-0.6116115496101884,43.9772320621945,31.206588663847953
115.7,22.984263488844146,-0.6194604511687927,follow,-0.6325895199561273,43.84380571331009,83.62933266623901
115.8,22.922317443727266,-0.3359648839771976,follow,-0.5859021966535352,43.797573968937364,36.73314870914172
115.9,22.888720955329546,-0.8055695969331689,follow,-0.6513795595899126,43.68170187340441,104.32174773537533
116.0,22.808163995636228,-0.1706069943285624,follow,-0.5643605196135582,43.64788547384079,64.36184426584298
116.1,22.79110329620337,-0.6941258198596438,follow,-0.6048798000846034,43.58177514422045,23.671553483225274
116.2,22.721690714217406,-0.8475204112765281,follow,-0.6779299985273965,43.404606072798714,
116.3,22.63693867308975,0.11200242673116934,follow,-0.5224958041448815,43.43291220548974,
116.4,22.648138915762868,-0.4187778699379797,follow,-0.5011100597308413,43.47109831391346,34.82873401743402
116.5,22.60626112876907,-0.7540192458390974,follow,-0.5589194921170559,43.35047220103655,39.186473314191524
116.6,22.53085920418516,-0.480806365578923,follow,-0.5489025256596989,43.24738628061804,67.48344409846833
116.7,22.482778567627268,-0.4667210285448613,follow,-0.5360594275855917,43.18810842385531,70.47914321005634
116.8,22.43610646477278,-0.46152946112172355,follow,-0.5226619197811431,43.13149777737803,106.20736560180224
116.9,22.389953518660608,-0.3731918586450329,follow,-0.48942785247894705,43.09550242551197,
117.0,22.352634332796104,-0.05231956714400704,follow,-0.3837125069617997,43.14523899223236,44.81996696181727
117.1,22.347402376081703,-0.8540610597388293,follow,-0.47160480949836625,43.04949875462419,30.587911095103262
117.2,22.26199627010782,-0.5210322527624851,follow,-0.47569527754832563,42.917299127613404,24.49622745199811
117.3,22.20989304483157,-0.900693646296653,follow,-0.5675297441171097,42.747309823130244,32.14341934433089
117.4,22.119823680201904,-0.4866453767773933,follow,-0.5564080651928052,42.62332745511005,50.75270971742894
117.5,22.071159142524163,-0.5585693100844344,follow,-0.5625271729286112,42.54421154085763,
117.6,22.01530221151572,-0.013578169083678482,follow,-0.4412719975675259,42.58168131970606,37.17942818197519
117.7,22.013944394607353,-0.9828443005735288,follow,-0.5536297116657067,42.467286880245325,58.660978932336796
117.8,21.915659964550002,-0.16945019319345078,follow,-0.4687690630346779,42.404720883790326,51.35857702256589
117.9,21.898714945230658,-0.7483932856141233,follow,-0.5242230285787244,42.32384938926726,428.7481423443359
118.0,21.823875616669245,-0.05495897257941301,follow,-0.414351597403531,42.32146182760034,
118.1,21.818379719411304,-0.12785733076024264,follow,-0.32894572345774975,42.39862385565921,35.379957762041634
118.2,21.80559398633528,-0.8976749153721089,follow,-0.428326522477235,42.28006445702568,34.7814031101699
118.3,21.71582649479807,-0.406069307511646,follow,-0.4062579346512294,42.167481807545876,195.37676246374892
118.4,21.675219564046905,-0.3084991070007077,follow,-0.3628694949291784,42.14995985114118,94.67229936620795
118.5,21.644369653346835,-0.46196595600099194,follow,-0.35803159421374886,42.1085228858065,
118.6,21.598173057746735,-0.05408104008635667,follow,-0.25855400658827676,42.138705580031825,78.2995450505482
118.7,21.592764953738097,-0.6468054865318072,follow,-0.30371834594912883,42.08542908465802,36.194270346178136
118.8,21.52808440508492,-0.5217678963888928,follow,-0.31650596347785864,41.97562064414952,75.21374950042264
118.9,21.47590761544603,-0.3521950708260475,follow,-0.2888315405641251,41.92502988260492,170.49097811208887
119.0,21.440688108363425,-0.3268369705760179,follow,-0.257071090776563,41.90396107176858,95.08756936370838
119.1,21.40800441130582,-0.4190085125388611,follow,-0.24884598632073818,41.86316063063799,64.60320315764186
119.2,21.366103560051936,-0.44276618072781676,follow,-0.2466050654451024,41.8025502746328,132.24321253378065
119.3,21.321826941979154,-0.28344600837703915,follow,-0.2073728325338493,41.77536758043488,159.55335713221115
119.4,21.29348234114145,-0.3583260796404741,follow,-0.18820416539143991,41.752019346320736,272.0314209166413
119.5,21.257649733177402,-0.2547622525618004,follow,-0.14622022676310564,41.740254373003,67.57916684959426
119.6,21.23217350792122,-0.5133454090582545,follow,-0.1672232396709603,41.68103702221087,36.81506123451104
119.7,21.180838967015397,-0.5633829350508842,follow,-0.19830532501375586,41.572953125509336,44.1871080843837
119.8,21.12450067351031,-0.45641238608554296,follow,-0.2022479521071574,41.4845030581583,140.8638648043907
119.9,21.078859434901755,-0.2535827897698948,follow,-0.15867203768450366,41.45961711466813,27.296546449243895
120.0,21.053501155924767,-8.0,emergency,-0.2699847348115014,41.31026699907565,2.5829408205452453
120.1,20.253501155924766,-8.0,emergency,-0.5893348504039722,39.79091688348318,2.5178545241897536
120.2,19.453501155924766,-8.0,emergency,-0.8896849659964445,38.2905667678907,2.4777923385478484
120.3,18.653501155924765,-8.0,emergency,-1.1550350815889203,36.825216652298224,2.4511740818667684
120.4,17.853501155924764,-8.0,emergency,-1.377385197181404,35.402866536705744,2.386683100945808
120.5,17.053501155924764,-8.0,emergency,-1.580735312773875,33.99951642111327,2.3361743718467354
120.6,16.253501155924763,-8.0,emergency,-1.7560854283663474,32.624166305520795,2.2760779763871977
120.7,15.453501155924762,-8.0,emergency,-1.9094355439588284,31.27081618992832,2.24590179149171
120.8,14.653501155924761,-8.0,emergency,-2.021785659551302,29.958466074335842,2.1974154497589695
120.9,13.85350115592476,-8.0,emergency,-2.1051357751437756,28.675115958743365,2.1522207731405474
121.0,13.05350115592476,-8.0,emergency,-2.1574858907362504,27.422765843150888,2.1007977488632745
121.1,12.25350115592476,-8.0,emergency,-2.1828360063287278,26.19741572755841,2.1379535035904045
121.2,11.453501155924759,-8.0,emergency,-2.1281861219212033,25.052065611965936,2.187284505489992
121.3,10.653501155924758,-8.0,emergency,-1.993536237513677,23.98671549637346,2.2515335705420814
121.4,9.853501155924757,-8.0,emergency,-1.7788863531061487,23.001365380780985,2.3343342652322745
121.5,9.053501155924756,-8.0,emergency,-1.4842364686986258,22.09601526518851,2.583271441996972
121.6,8.253501155924756,-8.0,emergency,-1.0595865842911039,21.32066514959603,2.947489008435822
121.7,7.453501155924756,-0.15188688336484021,follow,-0.5029366998835769,20.677315034003556,3.7985323125169503
121.8,7.438312467588272,-0.3089414440695784,follow,-1.0229849141376768,20.13448378724473,4.495997975346247
121.9,7.407418323181314,-2.024906862672366,follow,-1.4213855298453737,19.689741954926596,5.81261009901926
122.0,7.204927636914078,-0.4976306418192319,follow,-1.4361422641359276,19.37124919123519,9.472828691614538
122.1,7.155164572732154,-0.9786747352087053,follow,-1.561014125136257,19.171732733961974,14.359078367942884
122.2,7.057297099211284,-0.38305572490817424,follow,-1.537942624776079,19.048003024040845,697.8031942737401
122.3,7.018991526720466,-0.22649590711032958,follow,-1.4793834187118975,19.0491038713688,
122.4,6.996341936009433,0.041106009782552355,follow,-1.3620432262462927,19.13246967776786,
122.5,7.000452536987688,0.5403647639428503,follow,-1.1362543814124457,19.36442442406909,
122.6,7.054489013381973,0.3555063201154076,follow,-0.9687579973420668,19.612975522730892,
122.7,7.090039645393514,1.0588039840204488,follow,-0.6490879098987286,19.98597155819154,
122.8,7.195920043795558,1.222522444698057,follow,-0.313500511881351,20.480379553811986,
122.9,7.318172288265364,1.5736923996293743,follow,0.08030389258740556,21.05756232498545,
123.0,7.475541528228302,1.3468477186148822,follow,0.3936958798201715,21.607008172162622,
123.1,7.61022630008979,1.6640829743226475,follow,0.7586460920189602,22.173985542153645,
123.2,7.776634597522055,2.1491164705271224,follow,1.2103701861183538,22.87532208240144,
123.3,7.991546244574768,1.4867267816545795,follow,1.4758480910818115,23.463167457943964,
123.4,8.140218922740226,1.9935618852183559,follow,1.8398171815595994,24.05014556566994,
123.5,8.339575111262063,2.421374460273977,follow,2.2768253876506392,24.786188054543732,
123.6,8.58171255728946,2.2034816053243937,follow,2.6314479628805962,25.504016798814785,
123.7,8.8020607178219,2.460598999607505,follow,3.019719650299745,26.222810727032595,
123.8,9.04812061778265,2.9014976650146878,follow,3.4818177385803537,27.05399866525433,
123.9,9.338270384284119,2.754834584816398,follow,3.8757660503997364,27.883171626825916,
124.0,9.613753842765759,2.8878012088998286,follow,4.271165478400704,28.69179624254934,
124.1,9.902533963655742,2.8444355965849932,follow,4.626741900700154,29.480542846183766,
124.2,10.18697752331424,3.0,follow,5.1313788088809815,30.411845093852342,
124.3,10.486977523314241,3.0,follow,5.620681056549554,31.351147341520917,
124.4,10.786977523314242,3.0,follow,6.085983304218129,32.26644958918949,
124.5,11.086977523314243,3.0,follow,6.691285551886708,33.32175183685807,
124.6,11.386977523314243,3.0,follow,7.135587799555282,34.21605408452665,
124.7,11.686977523314244,3.0,follow,7.568890047223853,35.09935633219522,
124.8,11.986977523314245,3.0,follow,8.07419229489243,36.0546585798638,
124.9,12.286977523314246,3.0,follow,8.642494542561003,37.07296082753237,
125.0,12.586977523314246,3.0,follow,9.250796790229579,38.13126307520095,
125.1,12.886977523314247,3.0,follow,9.845099037898152,39.175565322869524,
125.2,13.186977523314248,3.0,follow,10.501401285566725,40.2818675705381,
125.3,13.486977523314248,3.0,follow,11.060703533235298,41.29116981820667,
125.4,13.786977523314249,3.0,follow,11.840005780903873,42.520472065875246,
125.5,14.08697752331425,3.0,follow,12.525308028572447,43.65577431354382,
125.6,14.38697752331425,3.0,follow,13.323610276241023,44.9040765612124,
125.7,14.686977523314251,3.0,follow,14.081912523909601,46.112378808880976,
125.8,14.986977523314252,3.0,follow,14.870214771578176,47.350681056549554,
125.9,15.286977523314253,3.0,follow,15.688517019246746,48.618983304218126,
126.0,15.586977523314253,3.0,follow,16.517819266915325,49.8982855518867,
126.1,15.886977523314254,3.0,follow,17.384121514583896,51.214587799555275,
126.2,16.186977523314255,3.0,follow,18.33142376225247,52.61189004722385,
126.3,16.486977523314255,3.0,follow,19.199726009921044,53.93019229489243,
126.4,16.786977523314256,3.0,follow,20.135028257589617,55.315494542561005,
126.5,17.086977523314257,3.0,follow,20.968330505258194,56.59879679022958,
126.6,17.386977523314258,3.0,follow,21.90963275292677,57.990099037898155,
126.7,17.68697752331426,3.0,follow,22.62993500059534,59.16040128556673,
126.8,17.98697752331426,3.0,follow,23.543237248263914,60.5237035332353,
126.9,18.28697752331426,3.0,follow,24.260539495932484,61.69100578090387,
127.0,18.58697752331426,3.0,follow,24.822841743601053,62.703308028572444,
127.1,18.88697752331426,3.0,follow,25.496143991269626,63.82661027624102,
127.2,19.186977523314262,3.0,follow,26.066446238938198,64.8469125239096,
127.3,19.486977523314263,3.0,follow,26.743748486606783,65.97421477157818,
127.4,19.786977523314263,3.0,follow,27.256050734275355,66.93651701924675,
127.5,20.086977523314264,3.0,follow,27.75735298194393,67.88781926691533,
127.6,20.386977523314265,3.0,follow,28.098655229612504,68.6791215145839,
127.7,20.686977523314265,3.0,follow,28.538957477281073,69.56942376225247,
127.8,20.986977523314266,3.0,follow,28.77225972494965,70.25272600992105,
127.9,21.286977523314267,3.0,follow,29.050561972618226,70.98102825758963,
128.0,21.586977523314268,3.0,follow,29.5098642202868,71.8903305052582,
128.1,21.88697752331427,3.0,follow,29.94216646795538,72.77263275292678,
128.2,22.18697752331427,3.0,follow,30.311468715623953,73.59193500059536,
128.3,22.48697752331427,3.0,follow,30.525770963292523,74.25623724826393,
128.4,22.78697752331427,3.0,follow,30.793073210961097,74.9735394959325,
128.5,23.08697752331427,3.0,follow,31.03437545862967,75.66484174360107,
128.6,23.386977523314272,3.0,follow,31.14167770629824,76.22214399126965,
128.7,23.686977523314273,3.0,follow,31.457979953966813,76.98844623893822,
128.8,23.986977523314273,3.0,follow,31.68828220163539,77.6687484866068,
128.9,24.286977523314274,3.0,follow,31.789584449303966,78.22005073427538,
129.0,24.586977523314275,3.0,follow,31.88288669697254,78.76335298194395,
129.1,24.886977523314275,3.0,follow,31.96318894464111,79.29365522961253,
129.2,25.186977523314276,3.0,follow,31.810491192309684,79.5909574772811,
129.3,25.486977523314277,3.0,follow,31.789793439978254,80.02025972494967,
129.4,25.786977523314278,3.0,follow,31.700095687646822,80.38056197261824,
129.5,26.086977523314278,3.0,follow,31.551397935315393,80.68186422028681,
129.6,26.38697752331428,3.0,follow,31.43770018298396,81.01816646795538,
129.7,26.68697752331428,3.0,follow,31.48100243065253,81.51146871562395,
129.8,26.98697752331428,3.0,follow,31.390304678321094,81.87077096329251,
129.9,27.28697752331428,3.0,follow,31.16060692598966,82.09107321096108,
130.0,27.58697752331428,1.0858601145085733,cruise,,,
130.1,27.69556353476514,1.0369964093556876,cruise,,,
130.2,27.79926317570071,0.938481750466896,cruise,,,
130.3,27.8931113507474,0.9011758046403243,cruise,,,
130.4,27.983228931211432,0.8624881907228398,cruise,,,
130.5,28.069477750283717,0.8256106028361849,cruise,,,
130.6,28.152038810567337,0.7903020051028884,cruise,,,
130.7,28.231069011077626,0.756503844759924,cruise,,,
130.8,28.306719395553618,0.7241510797628762,cruise,,,
130.9,28.379134503529905,0.6931819194233996,cruise,,,
131.0,28.448452695472245,0.6635371910663198,cruise,,,
131.1,28.514806414578878,0.6351602538861884,cruise,,,
131.2,28.578322439967497,0.6079968893203168,cruise,,,
131.3,28.63912212889953,0.5819951975291954,cruise,,,
131.4,28.697321648652448,0.5571054982299394,cruise,,,
131.5,28.75303219847544,0.5332802357745544,cruise,,,
131.6,28.8063602220529,0.5104738882874672,cruise,,,
131.7,28.857407610881644,0.4886428806888873,cruise,,,
131.8,28.906271898950532,0.4677455014378166,cruise,,,
131.9,28.953046449094312,0.4477418228356692,cruise,,,
132.0,28.99782063137788,0.4285936247381697,cruise,,,
132.1,29.040679993851697,0.4102643215298283,cruise,,,
132.2,29.08170642600468,0.39271889222140327,cruise,,,
132.3,29.120978315226818,0.3759238135368625,cruise,,,
132.4,29.158570696580504,0.35984699586192975,cruise,,,
132.5,29.1945553961667,0.3444577219318884,cruise,,,
132.6,29.229001168359886,0.32972658814145744,cruise,,,
132.7,29.26197382717403,0.315625448364613,cruise,,,
132.8,29.293536372010493,0.30212736017704744,cruise,,,
132.9,29.3237491080282,0.2892065333784574,cruise,,,
133.0,29.352669761366045,0.27683828071635724,cruise,,,
133.1,29.38035358943768,0.2649989707172276,cruise,,,
133.2,29.4068534865094,0.25366598253490785,cruise,,,
133.3,29.432220084762893,0.2428176627299527,cruise,,,
133.4,29.45650185103589,0.23243328389735254,cruise,,,
133.5,29.479745179425624,0.22249300506360134,cruise,,,
133.6,29.501994479931984,0.21297783377742743,cruise,,,
133.7,29.523292263309727,0.20386958982175082,cruise,,,
133.8,29.543679222291903,0.19515087047755575,cruise,,,
133.9,29.563194309339657,0.18680501727327722,cruise,,,
134.0,29.581874811066985,0.17881608415619274,cruise,,,
134.1,29.599756419482606,0.17116880702501672,cruise,,,
134.2,29.61687330018511,0.16384857456544974,cruise,,,
134.3,29.633258157641652,0.15684140033298474,cruise,,,
134.4,29.64894229767495,0.15013389602962413,cruise,,,
134.5,29.663955687277912,0.14371324592345794,cruise,,,
134.6,29.67832701187026,0.13756718236221027,cruise,,,
134.7,29.69208373010648,0.13168396233397478,cruise,,,
134.8,29.705252126339875,0.12605234503035787,cruise,,,
134.9,29.71785736084291,0.12066157036917335,cruise,,,
135.0,29.729923517879826,0.11550133843562059,cruise,,,
135.1,29.74147365172339,0.11056178980269316,cruise,,,
135.2,29.752529830703658,0.10583348669321957,cruise,,,
135.3,29.76311317937298,0.10130739494749862,cruise,,,
135.4,29.773243918867728,0.09697486676214843,cruise,,,
135.5,29.78294140554394,0.09282762416712008,cruise,,,
135.6,29.792224167960654,0.08885774320934879,cruise,,,
135.7,29.801109942281588,0.0850576388128184,cruise,,,
135.8,29.80961570616287,0.08142005028606807,cruise,,,
135.9,29.817757711191476,0.07793802744953275,cruise,,,
136.0,29.82555151393643,0.07460491735613087,cruise,,,
136.1,29.833012005672042,0.07141435157977387,cruise,,,
136.2,29.84015344083002,0.06836023404750353,cruise,,,
136.3,29.84698946423477,0.06543672939197745,cruise,,,
136.4,29.85353313717397,0.06263825180211491,cruise,,,
136.5,29.85979696235418,0.059959454350511976,cruise,,,
136.6,29.86579290778923,0.05739521877732106,cruise,,,
136.7,29.871532429666964,0.05494064571100026,cruise,,,
136.8,29.877026494238063,0.05259104530732213,cruise,,,
136.9,29.882285598768796,0.05034192828867532,cruise,,,
137.0,29.887319791597662,0.04818899736661919,cruise,,,
137.1,29.892138691334324,0.046128139031223016,cruise,,,
137.2,29.896751505237447,0.04415541569158776,cruise,,,
137.3,29.901167046806606,0.04226705815244785,cruise,,,
137.4,29.90539375262185,0.04045945841254426,cruise,,,
137.5,29.909439698463107,0.038729162770974136,cruise,,,
137.6,29.913312614740203,0.037072865228360466,cruise,,,
137.7,29.91701990126304,0.035487401170214386,cruise,,,
137.8,29.92056864138006,0.03396974132046129,cruise,,,
137.9,29.923965615512106,0.03251698595352988,cruise,,,
138.0,29.92721731410746,0.031126359353967105,cruise,,,
138.1,29.930329950042857,0.029795204513015074,cruise,,,
138.2,29.93330947049416,0.028520978051977865,cruise,,,
138.3,29.936161568299358,0.02730124536268921,cruise,,,
138.4,29.938891692835625,0.026133675955835045,cruise,,,
138.5,29.941505060431208,0.02501603900816516,cruise,,,
138.6,29.944006664332026,0.023946199100179477,cruise,,,
138.7,29.946401284242043,0.02292211213607196,cruise,,,
138.8,29.94869349545565,0.021941821438153753,cruise,,,
138.9,29.950887677599464,0.021003454008334012,cruise,,,
139.0,29.952988023000298,0.020105216949449025,cruise,,,
139.1,29.954998544695243,0.01924539403966783,cruise,,,
139.2,29.95692308409921,0.01842234245337302,cruise,,,
139.3,29.958765318344547,0.017634489622285088,cruise,,,
139.4,29.960528767306776,0.01688033023083584,cruise,,,
139.5,29.96221680032986,0.016158423340022134,cruise,,,
139.6,29.96383264266386,0.015467389634262575,cruise,,,
139.7,29.965379381627287,0.01480590878600765,cruise,,,
139.8,29.966859972505887,0.014172716933050823,cruise,,,
139.9,29.968277244199193,0.013566604263710147,cruise,,,
140.0,29.969633904625564,0.01298641270531089,cruise,,,
140.1,29.970932545896094,0.012431033711492567,cruise,,,
140.2,29.972175649267243,0.01189940614416649,cruise,,,
140.3,29.97336558988166,0.011390514246044958,cruise,,,
140.4,29.974504641306265,0.010903385699878322,cruise,,,
140.5,29.975594979876252,0.010437089770692687,cruise,,,
140.6,29.97663868885332,0.009990735527471628,cruise,,,
140.7,29.97763776240607,0.009563470140895092,cruise,,,
140.8,29.978594109420158,0.009154477253884607,cruise,,,
140.9,29.979509557145548,0.008762975421808506,cruise,,,
141.0,29.98038585468773,0.00838821661943161,cruise,,,
141.1,29.981224676349672,0.00802948481167558,cruise,,,
141.2,29.982027624830838,0.0076860945855399265,cruise,,,
141.3,29.982796234289392,0.0073573898404967865,cruise,,,
141.4,29.983531973273443,0.007042742534924784,cruise,,,
141.5,29.984236247526937,0.00674155148613167,cruise,,,
141.6,29.98491040267555,0.006453241221696793,cruise,,,
141.7,29.98555572679772,0.00617726087994015,cruise,,,
141.8,29.986173452885716,0.0059130831574304215,cruise,,,
141.9,29.98676476120146,0.005660203301470723,cruise,,,
142.0,29.987330781531607,0.0054181381457029335,cruise,,,
142.1,29.98787259534618,0.005186425186933796,cruise,,,
142.2,29.98839123786487,0.0049646217014620575,cruise,,,
142.3,29.98888770003502,0.00475230389916792,cruise,,,
142.4,29.989362930424935,0.004549066113820821,cruise,,,
142.5,29.989817837036316,0.004354520027967191,cruise,,,
142.6,29.990253289039114,0.0041682939310002,cruise,,,
142.7,29.990670118432213,0.003990032008954358,cruise,,,
142.8,29.99106912163311,0.0038193936646518266,cruise,,,
142.9,29.991451060999577,0.00365605286695736,cruise,,,
143.0,29.991816666286272,0.003499697527829504,cruise,,,
143.1,29.992166636039055,0.003350028906033664,cruise,,,
143.2,29.99250163892966,0.003206761036350514,cruise,,,
143.3,29.992822315033294,0.003069620183200783,cruise,,,
143.4,29.993129277051615,0.002938344317612618,cruise,,,
143.5,29.993423111483377,0.0028126826165992824,cruise,,,
143.6,29.993704379745036,0.002692394983903945,cruise,,,
143.7,29.993973619243427,0.0025772515912628083,cruise,,,
143.8,29.994231344402554,0.0024670324392873865,cruise,,,
143.9,29.99447804764648,0.002361526937119507,cruise,,,
144.0,29.994714200340194,0.002260533500056106,cruise,,,
144.1,29.9949402536902,0.0021638591644078885,cruise,,,
144.2,29.99515663960664,0.002071319218790535,cruise,,,
144.3,29.99536377152852,0.0019827368512261856,cruise,,,
144.4,29.995562045213642,0.0018979428113000906,cruise,,,
144.5,29.995751839494773,0.0018167750867871036,cruise,,,
144.6,29.99593351700345,0.001739078594108179,cruise,,,
144.7,29.99610742486286,0.001664704882008472,cruise,,,
144.8,29.99627389535106,0.0015935118479234235,cruise,,,
144.9,29.99643324653585,0.0015253634664713189,cruise,,,
145.0,29.996585782882498,0.0014601295295523897,cruise,,,
145.1,29.996731795835455,0.0013976853975668391,cruise,,,
145.2,29.996871564375212,0.0013379117612760895,cruise,,,
145.3,29.99700535555134,0.0012806944138320732,cruise,,,
145.4,29.997133424992725,0.0012259240325814603,cruise,,,
145.5,29.997256017395983,0.001173495970178351,cruise,,,
145.6,29.997373366993003,0.0011233100546391484,cruise,,,
145.7,29.997485697998467,0.0010752703979575173,cruise,,,
145.8,29.997593225038262,0.001029285212884723,cruise,,,
145.9,29.997696153559552,0.0009852666375564922,cruise,,,
146.0,29.997794680223308,0.0009431305676336876,cruise,,,
146.1,29.99788899328007,0.0009027964955862444,cruise,,,
146.2,29.99797927292963,0.0008641873568871361,cruise,,,
146.3,29.998065691665317,0.0008272293827634059,cruise,,,
146.4,29.998148414603595,0.00079185195924385,cruise,,,
146.5,29.99822759979952,0.0007579874922530649,cruise,,,
146.6,29.998303398548746,0.0007255712784514757,cruise,,,
146.7,29.99837595567659,0.0006945413816128011,cruise,,,
146.8,29.99844540981475,0.0006648385142828062,cruise,,,
146.9,29.998511893666176,0.000636405924507244,cruise,,,
147.0,29.998575534258627,0.0006091892873921978,cruise,,,
147.1,29.998636453187366,0.0005831366013158146,cruise,,,
147.2,29.998694766847496,0.0005581980885617455,cruise,,,
147.3,29.998750586656353,0.0005343261002126454,cruise,,,
147.4,29.998804019266373,0.0005114750251220102,cruise,,,
147.5,29.998855166768884,0.0004896012027469255,cruise,,,
147.6,29.99890412688916,0.0004686628397415404,cruise,,,
147.7,29.998950993173132,0.00044861993010378857,cruise,,,
147.8,29.998995855166143,0.0004294341787300482,cruise,,,
147.9,29.999038798584017,0.00041106892825517607,cruise,,,
148.0,29.999079905476844,0.0003934890890070264,cruise,,,
148.1,29.999119254385743,0.0003766610719660335,cruise,,,
148.2,29.99915692049294,0.0003605527245786888,cruise,,,
148.3,29.999192975765396,0.0003451332693433784,cruise,,,
148.4,29.99922748909233,0.0003303732449841945,cruise,,,
148.5,29.99926052641683,0.00031624445017701673,cruise,,,
148.6,29.999292150861848,0.0003027198896592864,cruise,,,
148.7,29.999322422850813,0.0002897737226513542,cruise,,,
148.8,29.999351400223077,0.00027738121348370727,cruise,,,
148.9,29.999379138344427,0.0002655186843329105,cruise,,,
149.0,29.99940569021286,0.0002541634699959161,cruise,,,
149.1,29.99943110655986,0.00024329387456241137,cruise,,,
149.2,29.99945543594732,0.0002328891299779201,cruise,,,
149.3,29.999478724860317,0.00022292935635768175,cruise,,,
149.4,29.999501017795954,0.00021339552400281291,cruise,,,
149.5,29.999522357348354,0.00020426941704023704,cruise,,,
149.6,29.999542784290057,0.00019553359862314323,cruise,,,
149.7,29.99956233764992,0.00018717137760475568,cruise,,,
149.8,29.99958105478768,0.00017916677666445226,cruise,,,
149.9,29.999598971465346,0.0001715045017608219,cruise,,,
150.0,29.999616121915523,0.00016416991292658167,cruise,,,
