INFO: Instrumenting IPython
INFO: Instrumenting IPython.core
INFO: Instrumenting IPython.core.getipython
INFO: Instrumenting IPython.core.release
INFO: Instrumenting IPython.core.application
INFO: Instrumenting traitlets
INFO: Instrumenting traitlets.traitlets
INFO: Instrumenting traitlets.utils
INFO: Instrumenting traitlets.utils.bunch
INFO: Instrumenting traitlets.utils.descriptions
INFO: Instrumenting traitlets.utils.getargspec
INFO: Instrumenting traitlets.utils.importstring
INFO: Instrumenting traitlets.utils.sentinel
INFO: Instrumenting traitlets.utils.warnings
INFO: Instrumenting traitlets._version
INFO: Instrumenting traitlets.utils.decorators
INFO: Instrumenting traitlets.config
INFO: Instrumenting traitlets.config.application
INFO: Instrumenting json
INFO: Instrumenting json.decoder
INFO: Instrumenting json.scanner
INFO: Instrumenting json.encoder
INFO: Instrumenting pprint
INFO: Instrumenting logging.config
INFO: Instrumenting logging.handlers
INFO: Instrumenting socket
INFO: Instrumenting selectors
INFO: Instrumenting pickle
INFO: Instrumenting struct
INFO: Instrumenting _compat_pickle
INFO: Instrumenting queue
INFO: Instrumenting heapq
INFO: Instrumenting socketserver
INFO: Instrumenting traitlets.config.configurable
INFO: Instrumenting traitlets.utils.text
INFO: Instrumenting traitlets.config.loader
INFO: Instrumenting argparse
INFO: Instrumenting gettext
INFO: Instrumenting traitlets.utils.nested_update
INFO: Instrumenting IPython.core.crashhandler
INFO: Instrumenting IPython.core.ultratb
INFO: Instrumenting stack_data
INFO: Instrumenting stack_data.core
INFO: Instrumenting html
INFO: Instrumenting html.entities
INFO: Instrumenting executing
INFO: Instrumenting executing.executing
INFO: Instrumenting executing._utils
INFO: Instrumenting executing._position_node_finder
INFO: Instrumenting executing._exceptions
INFO: Instrumenting executing._pytest_utils
INFO: Instrumenting executing.version
INFO: Instrumenting asttokens
INFO: Instrumenting asttokens.line_numbers
INFO: Instrumenting asttokens.asttokens
INFO: Instrumenting asttokens.util
INFO: Instrumenting pure_eval
INFO: Instrumenting pure_eval.core
INFO: Instrumenting pure_eval.my_getattr_static
INFO: Instrumenting pure_eval.utils
INFO: Instrumenting datetime
INFO: Instrumenting decimal
INFO: Instrumenting numbers
INFO: Instrumenting fractions
INFO: Instrumenting pure_eval.version
INFO: Instrumenting stack_data.utils
INFO: Instrumenting stack_data.formatting
INFO: Instrumenting stack_data.serializing
INFO: Instrumenting stack_data.version
INFO: Instrumenting pygments
INFO: Instrumenting pygments.formatters
INFO: Instrumenting pygments.formatters._mapping
INFO: Instrumenting pygments.plugin
INFO: Instrumenting importlib.metadata
INFO: Instrumenting csv
INFO: Instrumenting email
INFO: Instrumenting zipfile
INFO: Instrumenting importlib.metadata._adapters
INFO: Instrumenting email.message
INFO: Instrumenting quopri
INFO: Instrumenting email.utils
INFO: Instrumenting email._parseaddr
INFO: Instrumenting calendar
INFO: Instrumenting locale
INFO: Instrumenting _locale
WARNING: It looks like this module is imported by a custom loader. Atheris has experimental support for this. However, it may be incompatible with certain libraries. If you experience unusual errors or poor coverage collection, try atheris.instrument_all() instead, add enable_loader_override=False to instrument_imports(), or file an issue on GitHub.
INFO: Instrumenting email.charset
INFO: Instrumenting email.base64mime
INFO: Instrumenting base64
INFO: Instrumenting email.quoprimime
INFO: Instrumenting email.errors
INFO: Instrumenting email.encoders
INFO: Instrumenting email._policybase
INFO: Instrumenting email.header
INFO: Instrumenting email._encoded_words
INFO: Instrumenting email.iterators
INFO: Instrumenting importlib.metadata._text
INFO: Instrumenting importlib.metadata._functools
INFO: Instrumenting importlib.metadata._meta
INFO: Instrumenting importlib.metadata._collections
INFO: Instrumenting importlib.metadata._itertools
INFO: Instrumenting pygments.util
INFO: Instrumenting pygments.formatters.terminal256
INFO: Instrumenting pygments.formatter
INFO: Instrumenting pygments.styles
INFO: Instrumenting pygments.styles._mapping
INFO: Instrumenting pygments.console
INFO: Instrumenting pygments.style
INFO: Instrumenting pygments.token
INFO: Instrumenting IPython.utils
INFO: Instrumenting IPython.utils.path
INFO: Instrumenting glob
INFO: Instrumenting IPython.utils.process
INFO: Instrumenting IPython.utils._process_posix
INFO: Instrumenting subprocess
INFO: Instrumenting signal
INFO: Instrumenting IPython.utils._process_common
INFO: Instrumenting shlex
INFO: Instrumenting IPython.utils.py3compat
INFO: Instrumenting platform
INFO: Instrumenting IPython.utils.encoding
INFO: Instrumenting IPython.utils.PyColorize
INFO: Instrumenting pygments.styles.monokai
INFO: Instrumenting pygments.styles.default
INFO: Instrumenting pygments.styles.pastie
INFO: Instrumenting pygments.styles.gruvbox
INFO: Instrumenting IPython.utils.terminal
INFO: Instrumenting IPython.core.display_trap
INFO: Instrumenting IPython.core.doctb
INFO: Instrumenting IPython.core.tbtools
INFO: Instrumenting pydoc
INFO: Instrumenting pkgutil
INFO: Instrumenting sysconfig
INFO: Instrumenting _sysconfigdata__linux_x86_64-linux-gnu
INFO: Instrumenting IPython.core.debugger
INFO: Instrumenting IPython.core.debugger_backport
INFO: Instrumenting codeop
INFO: Instrumenting pdb
INFO: Instrumenting cmd
INFO: Instrumenting bdb
INFO: Instrumenting code
INFO: Instrumenting IPython.utils.sysinfo
INFO: Instrumenting IPython.utils._sysinfo
INFO: Instrumenting IPython.core.profiledir
INFO: Instrumenting IPython.paths
INFO: Instrumenting IPython.utils.importstring
INFO: Instrumenting IPython.terminal
INFO: Instrumenting IPython.terminal.embed
INFO: Instrumenting IPython.core.compilerop
INFO: Instrumenting hashlib
INFO: Instrumenting IPython.core.magic_arguments
INFO: Instrumenting IPython.core.error
INFO: Instrumenting IPython.utils.decorators
INFO: Instrumenting IPython.utils.docs
INFO: Instrumenting IPython.utils.text
INFO: Instrumenting IPython.core.magic
INFO: Instrumenting getopt
INFO: Instrumenting IPython.core.oinspect
INFO: Instrumenting IPython.core.page
INFO: Instrumenting IPython.display
INFO: Instrumenting IPython.core.display_functions
INFO: Instrumenting IPython.core.display
INFO: Instrumenting mimetypes
INFO: Instrumenting IPython.testing
INFO: Instrumenting IPython.testing.skipdoctest
INFO: Instrumenting IPython.lib
INFO: Instrumenting IPython.lib.display
INFO: Instrumenting IPython.utils.data
INFO: Instrumenting IPython.lib.pretty
INFO: Instrumenting IPython.utils.openpy
INFO: Instrumenting IPython.utils.dir2
INFO: Instrumenting IPython.utils.wildcard
INFO: Instrumenting pygments.lexers
INFO: Instrumenting pygments.lexers._mapping
INFO: Instrumenting pygments.modeline
INFO: Instrumenting pygments.lexers.python
INFO: Instrumenting pygments.lexer
INFO: Instrumenting pygments.filter
INFO: Instrumenting pygments.filters
INFO: Instrumenting pygments.regexopt
INFO: Instrumenting pygments.unistring
INFO: Instrumenting pygments.formatters.html
INFO: Instrumenting IPython.core.inputtransformer2
INFO: Instrumenting IPython.utils.tokenutil
INFO: Instrumenting IPython.utils.ipstruct
INFO: Instrumenting IPython.core.interactiveshell
INFO: Instrumenting runpy
INFO: Instrumenting IPython.external
INFO: Instrumenting IPython.external.pickleshare
INFO: Instrumenting IPython.core.hooks
INFO: Instrumenting IPython.core.prefilter
INFO: Instrumenting IPython.core.autocall
INFO: Instrumenting IPython.core.macro
INFO: Instrumenting IPython.core.splitinput
INFO: Instrumenting IPython.core.alias
INFO: Instrumenting IPython.core.builtin_trap
INFO: Instrumenting IPython.core.displayhook
INFO: Instrumenting IPython.core.history
INFO: Instrumenting decorator
INFO: Instrumenting sqlite3
INFO: Instrumenting sqlite3.dbapi2
INFO: Instrumenting IPython.core.displaypub
INFO: Instrumenting IPython.core.events
INFO: Instrumenting IPython.core.extensions
INFO: Instrumenting IPython.core.formatters
INFO: Instrumenting IPython.utils.sentinel
INFO: Instrumenting IPython.core.logger
INFO: Instrumenting IPython.core.payload
INFO: Instrumenting IPython.core.tips
INFO: Instrumenting IPython.core.usage
INFO: Instrumenting IPython.utils.io
INFO: Instrumenting IPython.utils.capture
INFO: Instrumenting IPython.utils.strdispatch
INFO: Instrumenting IPython.utils.syspathcontext
INFO: Instrumenting IPython.core.async_helpers
INFO: Instrumenting asyncio
INFO: Instrumenting asyncio.base_events
INFO: Instrumenting concurrent
INFO: Instrumenting concurrent.futures
INFO: Instrumenting concurrent.futures._base
INFO: Instrumenting ssl
INFO: Instrumenting asyncio.constants
INFO: Instrumenting asyncio.coroutines
INFO: Instrumenting asyncio.events
INFO: Instrumenting contextvars
INFO: Instrumenting asyncio.format_helpers
INFO: Instrumenting asyncio.base_futures
INFO: Instrumenting asyncio.exceptions
INFO: Instrumenting asyncio.base_tasks
INFO: Instrumenting asyncio.futures
INFO: Instrumenting asyncio.protocols
INFO: Instrumenting asyncio.sslproto
INFO: Instrumenting asyncio.transports
INFO: Instrumenting asyncio.log
INFO: Instrumenting asyncio.staggered
INFO: Instrumenting asyncio.locks
INFO: Instrumenting asyncio.mixins
INFO: Instrumenting asyncio.tasks
INFO: Instrumenting asyncio.trsock
INFO: Instrumenting asyncio.runners
INFO: Instrumenting asyncio.queues
INFO: Instrumenting asyncio.streams
INFO: Instrumenting asyncio.subprocess
INFO: Instrumenting asyncio.taskgroups
INFO: Instrumenting asyncio.timeouts
INFO: Instrumenting asyncio.threads
INFO: Instrumenting asyncio.unix_events
INFO: Instrumenting asyncio.base_subprocess
INFO: Instrumenting asyncio.selector_events
INFO: Instrumenting IPython.terminal.interactiveshell
INFO: Instrumenting prompt_toolkit
INFO: Instrumenting prompt_toolkit.application
INFO: Instrumenting prompt_toolkit.application.application
INFO: Instrumenting prompt_toolkit.buffer
INFO: Instrumenting prompt_toolkit.application.current
INFO: Instrumenting prompt_toolkit.application.run_in_terminal
INFO: Instrumenting prompt_toolkit.eventloop
INFO: Instrumenting prompt_toolkit.eventloop.async_generator
INFO: Instrumenting prompt_toolkit.eventloop.utils
INFO: Instrumenting prompt_toolkit.eventloop.inputhook
INFO: Instrumenting prompt_toolkit.auto_suggest
INFO: Instrumenting prompt_toolkit.document
INFO: Instrumenting prompt_toolkit.clipboard
INFO: Instrumenting prompt_toolkit.clipboard.base
INFO: Instrumenting prompt_toolkit.selection
INFO: Instrumenting prompt_toolkit.clipboard.in_memory
INFO: Instrumenting prompt_toolkit.filters
INFO: Instrumenting prompt_toolkit.filters.app
INFO: Instrumenting prompt_toolkit.cache
INFO: Instrumenting prompt_toolkit.enums
INFO: Instrumenting prompt_toolkit.filters.base
INFO: Instrumenting prompt_toolkit.filters.cli
INFO: Instrumenting prompt_toolkit.filters.utils
INFO: Instrumenting prompt_toolkit.completion
INFO: Instrumenting prompt_toolkit.completion.base
INFO: Instrumenting prompt_toolkit.formatted_text
INFO: Instrumenting prompt_toolkit.formatted_text.ansi
INFO: Instrumenting prompt_toolkit.output
INFO: Instrumenting prompt_toolkit.output.base
INFO: Instrumenting prompt_toolkit.cursor_shapes
INFO: Instrumenting prompt_toolkit.key_binding
INFO: Instrumenting prompt_toolkit.key_binding.key_bindings
INFO: Instrumenting prompt_toolkit.keys
INFO: Instrumenting prompt_toolkit.key_binding.key_processor
INFO: Instrumenting prompt_toolkit.utils
INFO: Instrumenting wcwidth
INFO: Instrumenting wcwidth.wcwidth
INFO: Instrumenting wcwidth.bisearch
INFO: Instrumenting wcwidth.grapheme
INFO: Instrumenting wcwidth.table_grapheme
INFO: Instrumenting wcwidth.sgr_state
INFO: Instrumenting wcwidth.table_vs16
INFO: Instrumenting wcwidth.table_wide
INFO: Instrumenting wcwidth.table_zero
INFO: Instrumenting wcwidth.control_codes
INFO: Instrumenting wcwidth.table_ambiguous
INFO: Instrumenting wcwidth.escape_sequences
INFO: Instrumenting wcwidth.unicode_versions
INFO: Instrumenting wcwidth.textwrap
INFO: Instrumenting secrets
INFO: Instrumenting hmac
INFO: Instrumenting prompt_toolkit.key_binding.vi_state
INFO: Instrumenting prompt_toolkit.data_structures
INFO: Instrumenting prompt_toolkit.styles
INFO: Instrumenting prompt_toolkit.styles.base
INFO: Instrumenting prompt_toolkit.styles.defaults
INFO: Instrumenting prompt_toolkit.styles.named_colors
INFO: Instrumenting prompt_toolkit.styles.style
INFO: Instrumenting prompt_toolkit.styles.pygments
INFO: Instrumenting prompt_toolkit.styles.style_transformation
INFO: Instrumenting colorsys
INFO: Instrumenting prompt_toolkit.output.color_depth
INFO: Instrumenting prompt_toolkit.output.defaults
INFO: Instrumenting prompt_toolkit.output.plain_text
INFO: Instrumenting prompt_toolkit.output.flush_stdout
INFO: Instrumenting prompt_toolkit.output.vt100
INFO: Instrumenting prompt_toolkit.formatted_text.base
INFO: Instrumenting prompt_toolkit.mouse_events
INFO: Instrumenting prompt_toolkit.formatted_text.html
INFO: Instrumenting xml
INFO: Instrumenting xml.dom
INFO: Instrumenting xml.dom.domreg
INFO: Instrumenting xml.dom.minidom
INFO: Instrumenting xml.dom.minicompat
INFO: Instrumenting xml.dom.xmlbuilder
INFO: Instrumenting xml.dom.NodeFilter
INFO: Instrumenting prompt_toolkit.formatted_text.pygments
INFO: Instrumenting prompt_toolkit.formatted_text.utils
INFO: Instrumenting prompt_toolkit.completion.deduplicate
INFO: Instrumenting prompt_toolkit.completion.filesystem
INFO: Instrumenting prompt_toolkit.completion.fuzzy_completer
INFO: Instrumenting prompt_toolkit.completion.word_completer
INFO: Instrumenting prompt_toolkit.completion.nested
INFO: Instrumenting prompt_toolkit.history
INFO: Instrumenting prompt_toolkit.search
INFO: Instrumenting prompt_toolkit.validation
INFO: Instrumenting prompt_toolkit.input
INFO: Instrumenting prompt_toolkit.input.base
INFO: Instrumenting prompt_toolkit.input.defaults
INFO: Instrumenting prompt_toolkit.input.typeahead
INFO: Instrumenting prompt_toolkit.key_binding.bindings
INFO: Instrumenting prompt_toolkit.key_binding.bindings.page_navigation
INFO: Instrumenting prompt_toolkit.key_binding.bindings.scroll
INFO: Instrumenting prompt_toolkit.key_binding.defaults
INFO: Instrumenting prompt_toolkit.key_binding.bindings.basic
INFO: Instrumenting prompt_toolkit.key_binding.bindings.named_commands
INFO: Instrumenting prompt_toolkit.layout
INFO: Instrumenting prompt_toolkit.layout.containers
INFO: Instrumenting prompt_toolkit.layout.controls
INFO: Instrumenting prompt_toolkit.lexers
INFO: Instrumenting prompt_toolkit.lexers.base
INFO: Instrumenting prompt_toolkit.lexers.pygments
INFO: Instrumenting prompt_toolkit.layout.processors
INFO: Instrumenting prompt_toolkit.layout.utils
INFO: Instrumenting prompt_toolkit.layout.dimension
INFO: Instrumenting prompt_toolkit.layout.margins
INFO: Instrumenting prompt_toolkit.layout.mouse_handlers
INFO: Instrumenting prompt_toolkit.layout.screen
INFO: Instrumenting prompt_toolkit.layout.layout
INFO: Instrumenting prompt_toolkit.layout.menus
INFO: Instrumenting prompt_toolkit.layout.scrollable_pane
INFO: Instrumenting prompt_toolkit.key_binding.bindings.completion
INFO: Instrumenting prompt_toolkit.key_binding.bindings.cpr
INFO: Instrumenting prompt_toolkit.key_binding.bindings.emacs
INFO: Instrumenting prompt_toolkit.key_binding.bindings.mouse
INFO: Instrumenting prompt_toolkit.key_binding.bindings.vi
INFO: Instrumenting prompt_toolkit.input.vt100_parser
INFO: Instrumenting prompt_toolkit.input.ansi_escape_sequences
INFO: Instrumenting prompt_toolkit.key_binding.digraphs
INFO: Instrumenting prompt_toolkit.key_binding.emacs_state
INFO: Instrumenting prompt_toolkit.layout.dummy
INFO: Instrumenting prompt_toolkit.renderer
INFO: Instrumenting prompt_toolkit.application.dummy
INFO: Instrumenting prompt_toolkit.shortcuts
INFO: Instrumenting prompt_toolkit.shortcuts.choice_input
INFO: Instrumenting prompt_toolkit.widgets
INFO: Instrumenting prompt_toolkit.widgets.base
INFO: Instrumenting prompt_toolkit.widgets.toolbars
INFO: Instrumenting prompt_toolkit.widgets.dialogs
INFO: Instrumenting prompt_toolkit.key_binding.bindings.focus
INFO: Instrumenting prompt_toolkit.widgets.menus
INFO: Instrumenting prompt_toolkit.shortcuts.dialogs
INFO: Instrumenting prompt_toolkit.shortcuts.progress_bar
INFO: Instrumenting prompt_toolkit.shortcuts.progress_bar.base
INFO: Instrumenting prompt_toolkit.shortcuts.progress_bar.formatters
INFO: Instrumenting xml.dom.expatbuilder
INFO: Instrumenting xml.parsers
INFO: Instrumenting xml.parsers.expat
INFO: Instrumenting prompt_toolkit.shortcuts.prompt
INFO: Instrumenting prompt_toolkit.key_binding.bindings.auto_suggest
INFO: Instrumenting prompt_toolkit.key_binding.bindings.open_in_editor
INFO: Instrumenting prompt_toolkit.shortcuts.utils
INFO: Instrumenting email.parser
INFO: Instrumenting email.feedparser
INFO: Instrumenting prompt_toolkit.patch_stdout
INFO: Instrumenting IPython.terminal.debugger
INFO: Instrumenting IPython.core.completer
INFO: Instrumenting uuid
INFO: Instrumenting IPython.core.guarded_eval
INFO: Instrumenting typing_extensions
INFO: Instrumenting IPython.core.latex_symbols
INFO: Instrumenting IPython.utils.generics
INFO: Instrumenting jedi
INFO: Instrumenting jedi.api
INFO: Instrumenting parso
INFO: Instrumenting parso.parser
INFO: Instrumenting parso.tree
INFO: Instrumenting parso.utils
INFO: Instrumenting parso.pgen2
INFO: Instrumenting parso.pgen2.generator
INFO: Instrumenting parso.pgen2.grammar_parser
INFO: Instrumenting parso.python
INFO: Instrumenting parso.python.tokenize
INFO: Instrumenting parso.python.token
INFO: Instrumenting parso.grammar
INFO: Instrumenting parso._compatibility
INFO: Instrumenting parso.python.diff
INFO: Instrumenting difflib
INFO: Instrumenting parso.python.parser
INFO: Instrumenting parso.python.tree
INFO: Instrumenting parso.python.prefix
INFO: Instrumenting parso.cache
INFO: Instrumenting parso.python.errors
INFO: Instrumenting parso.normalizer
INFO: Instrumenting parso.python.pep8
INFO: Instrumenting parso.file_io
INFO: Instrumenting jedi.parser_utils
INFO: Instrumenting jedi.debug
INFO: Instrumenting jedi.settings
INFO: Instrumenting jedi.cache
INFO: Instrumenting jedi.file_io
INFO: Instrumenting jedi.api.classes
INFO: Instrumenting jedi.inference
INFO: Instrumenting jedi.inference.imports
INFO: Instrumenting jedi.inference.sys_path
INFO: Instrumenting jedi.inference.cache
INFO: Instrumenting jedi.inference.base_value
INFO: Instrumenting jedi.inference.helpers
INFO: Instrumenting jedi.inference.utils
INFO: Instrumenting jedi.inference.compiled
INFO: Instrumenting jedi.inference.compiled.value
INFO: Instrumenting jedi.inference.filters
INFO: Instrumenting jedi.inference.flow_analysis
INFO: Instrumenting jedi.inference.recursion
INFO: Instrumenting jedi.inference.names
INFO: Instrumenting jedi.inference.docstrings
INFO: Instrumenting jedi.inference.lazy_value
INFO: Instrumenting jedi.common
INFO: Instrumenting jedi.plugins
INFO: Instrumenting jedi.inference.compiled.access
INFO: Instrumenting jedi.inference.compiled.getattr_static
INFO: Instrumenting jedi.inference.signature
INFO: Instrumenting jedi.inference.context
INFO: Instrumenting jedi.inference.analysis
INFO: Instrumenting jedi.inference.gradual
INFO: Instrumenting jedi.inference.gradual.typeshed
INFO: Instrumenting jedi.inference.gradual.stub_value
INFO: Instrumenting jedi.inference.value
INFO: Instrumenting jedi.inference.value.module
INFO: Instrumenting jedi.inference.value.klass
INFO: Instrumenting jedi.inference.arguments
INFO: Instrumenting jedi.inference.value.iterable
INFO: Instrumenting jedi.inference.value.dynamic_arrays
INFO: Instrumenting jedi.inference.value.function
INFO: Instrumenting jedi.inference.parser_cache
INFO: Instrumenting jedi.inference.gradual.generics
INFO: Instrumenting jedi.inference.value.instance
INFO: Instrumenting jedi.inference.gradual.typing
INFO: Instrumenting jedi.inference.gradual.base
INFO: Instrumenting jedi.inference.gradual.type_var
INFO: Instrumenting jedi.inference.compiled.subprocess
INFO: Instrumenting jedi._compatibility
INFO: Instrumenting jedi.inference.compiled.subprocess.functions
INFO: Instrumenting jedi.api.exceptions
INFO: Instrumenting jedi.inference.syntax_tree
INFO: Instrumenting jedi.inference.gradual.annotation
INFO: Instrumenting jedi.inference.param
INFO: Instrumenting jedi.inference.value.decorator
INFO: Instrumenting jedi.inference.compiled.mixed
INFO: Instrumenting jedi.inference.gradual.conversion
INFO: Instrumenting jedi.api.keywords
INFO: Instrumenting pydoc_data
INFO: Instrumenting pydoc_data.topics
INFO: Instrumenting jedi.api.completion_cache
INFO: Instrumenting jedi.api.helpers
INFO: Instrumenting jedi.api.interpreter
INFO: Instrumenting jedi.api.completion
INFO: Instrumenting jedi.api.strings
INFO: Instrumenting jedi.api.file_name
INFO: Instrumenting jedi.inference.docstring_utils
INFO: Instrumenting jedi.api.environment
INFO: Instrumenting filecmp
INFO: Instrumenting jedi.api.project
INFO: Instrumenting jedi.inference.references
INFO: Instrumenting jedi.api.errors
INFO: Instrumenting jedi.api.refactoring
INFO: Instrumenting jedi.inference.value.namespace
INFO: Instrumenting jedi.api.refactoring.extract
INFO: Instrumenting jedi.inference.gradual.utils
INFO: Instrumenting jedi.plugins.registry
INFO: Instrumenting jedi.plugins.stdlib
INFO: Instrumenting jedi.plugins.flask
INFO: Instrumenting jedi.plugins.pytest
INFO: Instrumenting jedi.plugins.django
INFO: Instrumenting IPython.terminal.ptutils
INFO: Instrumenting IPython.terminal.shortcuts
INFO: Instrumenting IPython.terminal.shortcuts.auto_match
INFO: Instrumenting IPython.terminal.shortcuts.auto_suggest
INFO: Instrumenting IPython.terminal.shortcuts.filters
INFO: Instrumenting concurrent.futures.thread
INFO: Instrumenting IPython.terminal.magics
INFO: Instrumenting IPython.lib.clipboard
INFO: Instrumenting IPython.terminal.pt_inputhooks
INFO: Instrumenting IPython.terminal.prompts
INFO: Instrumenting IPython.terminal.ipapp
INFO: Instrumenting IPython.core.magics
INFO: Instrumenting IPython.core.magics.auto
INFO: Instrumenting IPython.core.magics.basic
INFO: Instrumenting IPython.core.magics.code
INFO: Instrumenting urllib.request
INFO: Instrumenting http
INFO: Instrumenting http.client
INFO: Instrumenting urllib.error
INFO: Instrumenting urllib.response
INFO: Instrumenting IPython.utils.contexts
INFO: Instrumenting IPython.core.magics.config
INFO: Instrumenting IPython.core.magics.display
INFO: Instrumenting IPython.core.magics.execution
INFO: Instrumenting cProfile
INFO: Instrumenting profile
INFO: Instrumenting pstats
INFO: Instrumenting timeit
INFO: Instrumenting IPython.utils.module_paths
INFO: Instrumenting IPython.utils.timing
INFO: Instrumenting IPython.core.magics.ast_mod
INFO: Instrumenting IPython.core.magics.extension
INFO: Instrumenting IPython.core.magics.history
INFO: Instrumenting IPython.core.magics.logging
INFO: Instrumenting IPython.core.magics.namespace
INFO: Instrumenting IPython.core.magics.osm
INFO: Instrumenting IPython.core.magics.packaging
INFO: Instrumenting IPython.core.magics.pylab
INFO: Instrumenting IPython.core.magics.script
INFO: Instrumenting IPython.core.shellapp
INFO: Instrumenting IPython.extensions
INFO: Instrumenting IPython.extensions.storemagic
INFO: Instrumenting IPython.utils.frame
INFO: Using built-in libfuzzer
WARNING: Failed to find function "__sanitizer_acquire_crash_state".
WARNING: Failed to find function "__sanitizer_print_stack_trace".
WARNING: Failed to find function "__sanitizer_set_death_callback".
INFO: Running with entropic power schedule (0xFF, 100).
INFO: Seed: 1988072272
INFO: -max_len is not provided; libFuzzer will not generate inputs larger than 4096 bytes
INFO: A corpus is not provided, starting from an empty corpus
#2	INITED cov: 187 ft: 187 corp: 1/1b exec/s: 0 rss: 83Mb
#107	NEW    cov: 409 ft: 463 corp: 2/5b lim: 4 exec/s: 0 rss: 83Mb L: 4/4 MS: 5 ShuffleBytes-ChangeByte-ChangeBit-CMP-InsertByte- DE: "\001\000"-
#108	NEW    cov: 409 ft: 471 corp: 3/6b lim: 4 exec/s: 0 rss: 83Mb L: 1/4 MS: 1 CopyPart-
#112	NEW    cov: 416 ft: 500 corp: 4/10b lim: 4 exec/s: 0 rss: 83Mb L: 4/4 MS: 4 EraseBytes-CopyPart-ChangeByte-CopyPart-
UsageError: Line magic function `%` not found.
#121	NEW    cov: 545 ft: 742 corp: 5/14b lim: 4 exec/s: 0 rss: 83Mb L: 4/4 MS: 4 ChangeBinInt-ChangeByte-ChangeByte-ChangeBinInt-
UsageError: Line magic function `%` not found.
#122	NEW    cov: 545 ft: 752 corp: 6/18b lim: 4 exec/s: 0 rss: 83Mb L: 4/4 MS: 1 ChangeBinInt-
#123	NEW    cov: 1342 ft: 1552 corp: 7/22b lim: 4 exec/s: 0 rss: 91Mb L: 4/4 MS: 1 ShuffleBytes-
UsageError: Line magic function `%` not found.
#134	NEW    cov: 1342 ft: 1715 corp: 8/26b lim: 4 exec/s: 0 rss: 91Mb L: 4/4 MS: 1 ChangeBinInt-
#141	NEW    cov: 1342 ft: 1747 corp: 9/30b lim: 4 exec/s: 0 rss: 91Mb L: 4/4 MS: 2 ChangeByte-PersAutoDict- DE: "\001\000"-
#145	NEW    cov: 1364 ft: 1794 corp: 10/34b lim: 4 exec/s: 0 rss: 91Mb L: 4/4 MS: 4 ShuffleBytes-ChangeBit-ChangeByte-ChangeBit-
  [36mFile [39m[32m<ipython-input-1-8c377ec00ce8>:1[39m
[31m    [39m[31m[39m
    ^
[31mSyntaxError[39m[31m:[39m invalid non-printable character U+0001

  [36mFile [39m[32m<ipython-input-1-4889648e8a44>:1[39m
[31m    [39m[31m[[39m
     ^
[31mSyntaxError[39m[31m:[39m incomplete input

[31m---------------------------------------------------------------------------[39m
[31mNameError[39m                                 Traceback (most recent call last)
[36mFile [39m[32m<ipython-input-1-79b915f4e442>:1[39m
[32m----> [39m[32m1[39m [43mO[49m

[31mNameError[39m: name 'O' is not defined
[31m---------------------------------------------------------------------------[39m
[31mNameError[39m                                 Traceback (most recent call last)
[36mFile [39m[32m<ipython-input-1-b4379bcb7951>:1[39m
[32m----> [39m[32m1[39m [43mZ[49m

[31mNameError[39m: name 'Z' is not defined
[31m---------------------------------------------------------------------------[39m
[31mNameError[39m                                 Traceback (most recent call last)
[36mFile [39m[32m<ipython-input-1-a5938ace3f42>:1[39m
[32m----> [39m[32m1[39m [43mg[49m

[31mNameError[39m: name 'g' is not defined
[31m---------------------------------------------------------------------------[39m
[31mNameError[39m                                 Traceback (most recent call last)
[36mFile [39m[32m<ipython-input-1-a5938ace3f42>:1[39m
[32m----> [39m[32m1[39m [43mg[49m

[31mNameError[39m: name 'g' is not defined
  [36mFile [39m[32m<ipython-input-1-4889648e8a44>:1[39m
[31m    [39m[31m[[39m
     ^
[31mSyntaxError[39m[31m:[39m incomplete input

  [36mFile [39m[32m<ipython-input-1-4889648e8a44>:1[39m
[31m    [39m[31m[[39m
     ^
[31mSyntaxError[39m[31m:[39m incomplete input

  [36mFile [39m[32m<ipython-input-1-4889648e8a44>:1[39m
[31m    [39m[31m[[39m
     ^
[31mSyntaxError[39m[31m:[39m incomplete input

[31m---------------------------------------------------------------------------[39m
[31mNameError[39m                                 Traceback (most recent call last)
[36mFile [39m[32m<ipython-input-1-b4379bcb7951>:1[39m
[32m----> [39m[32m1[39m [43mZ[49m

[31mNameError[39m: name 'Z' is not defined
  [36mFile [39m[32m<ipython-input-1-8c377ec00ce8>:1[39m
[31m    [39m[31m[39m
    ^
[31mSyntaxError[39m[31m:[39m invalid non-printable character U+0001

Out[0]: 1
#156	NEW    cov: 1665 ft: 2169 corp: 11/38b lim: 4 exec/s: 0 rss: 91Mb L: 4/4 MS: 1 ChangeBinInt-

IPython -- An enhanced Interactive Python
=========================================

IPython offers a fully compatible replacement for the standard Python
interpreter, with convenient shell features, special commands, command
history mechanism and output results caching.

At your system command line, type 'ipython -h' to see the command line
options available. This document only describes interactive features.

GETTING HELP
------------

Within IPython you have various way to access help:

  ?         -> Introduction and overview of IPython's features (this screen).
  object?   -> Details about 'object'.
  object??  -> More detailed, verbose information about 'object'.
  %quickref -> Quick reference of all IPython specific syntax and magics.
  help      -> Access Python's own help system.

If you are in terminal IPython you can quit this screen by pressing `q`.


MAIN FEATURES
-------------

* Access to the standard Python help with object docstrings and the Python
  manuals. Simply type 'help' (no quotes) to invoke it.

* Magic commands: type %magic for information on the magic subsystem.

* System command aliases, via the %alias command or the configuration file(s).

* Dynamic object information:

  Typing ?word or word? prints detailed information about an object. Certain
  long strings (code, etc.) get snipped in the center for brevity.

  Typing ??word or word?? gives access to the full information without
  snipping long strings. Strings that are longer than the screen are printed
  through the less pager.

  The ?/?? system gives access to the full source code for any object (if
  available), shows function prototypes and other useful information.

  If you just want to see an object's docstring, type '%pdoc object' (without
  quotes, and without % if you have automagic on).

* Tab completion in the local namespace:

  At any time, hitting tab will complete any available python commands or
  variable names, and show you a list of the possible completions if there's
  no unambiguous one. It will also complete filenames in the current directory.

* Search previous command history in multiple ways:

  - Start typing, and then use arrow keys up/down or (Ctrl-p/Ctrl-n) to search
    through the history items that match what you've typed so far.

  - Hit Ctrl-r: opens a search prompt. Begin typing and the system searches
    your history for lines that match what you've typed so far, completing as
    much as it can.

  - %hist: search history by index.

* Persistent command history across sessions.

* Logging of input with the ability to save and restore a working session.

* System shell with !. Typing !ls will run 'ls' in the current directory.

* The reload command does a 'deep' reload of a module: changes made to the
  module since you imported will actually be available without having to exit.

* Verbose and colored exception traceback printouts. See the magic xmode and
  xcolor functions for details (just type %magic).

* Input caching system:

  IPython offers numbered prompts (In/Out) with input and output caching. All
  input is saved and can be retrieved as variables (besides the usual arrow
  key recall).

  The following GLOBAL variables always exist (so don't overwrite them!):
  _i: stores previous input.
  _ii: next previous.
  _iii: next-next previous.
  _ih : a list of all input _ih[n] is the input from line n.

  Additionally, global variables named _i<n> are dynamically created (<n>
  being the prompt counter), such that _i<n> == _ih[<n>]

  For example, what you typed at prompt 14 is available as _i14 and _ih[14].

  You can create macros which contain multiple input lines from this history,
  for later re-execution, with the %macro function.

  The history function %hist allows you to see any part of your input history
  by printing a range of the _i variables. Note that inputs which contain
  magic functions (%) appear in the history with a prepended comment. This is
  because they aren't really valid Python code, so you can't exec them.

* Output caching system:

  For output that is returned from actions, a system similar to the input
  cache exists but using _ instead of _i. Only actions that produce a result
  (NOT assignments, for example) are cached. If you are familiar with
  Mathematica, IPython's _ variables behave exactly like Mathematica's %
  variables.

  The following GLOBAL variables always exist (so don't overwrite them!):
  _ (one underscore): previous output.
  __ (two underscores): next previous.
  ___ (three underscores): next-next previous.

  Global variables named _<n> are dynamically created (<n> being the prompt
  counter), such that the result of output <n> is always available as _<n>.

  Finally, a global dictionary named _oh exists with entries for all lines
  which generated output.

* Directory history:

  Your history of visited directories is kept in the global list _dh, and the
  magic %cd command can be used to go to any entry in that list.

* Auto-parentheses and auto-quotes (adapted from Nathan Gray's LazyPython)

  1. Auto-parentheses
        
     Callable objects (i.e. functions, methods, etc) can be invoked like
     this (notice the commas between the arguments)::
       
         In [1]: callable_ob arg1, arg2, arg3
       
     and the input will be translated to this::
       
         callable_ob(arg1, arg2, arg3)
       
     This feature is off by default (in rare cases it can produce
     undesirable side-effects), but you can activate it at the command-line
     by starting IPython with `--autocall 1`, set it permanently in your
     configuration file, or turn on at runtime with `%autocall 1`.

     You can force auto-parentheses by using '/' as the first character
     of a line.  For example::
       
          In [1]: /globals             # becomes 'globals()'
       
     Note that the '/' MUST be the first character on the line!  This
     won't work::
       
          In [2]: print /globals    # syntax error

     In most cases the automatic algorithm should work, so you should
     rarely need to explicitly invoke /. One notable exception is if you
     are trying to call a function with a list of tuples as arguments (the
     parenthesis will confuse IPython)::
       
          In [1]: zip (1,2,3),(4,5,6)  # won't work
       
     but this will work::
       
          In [2]: /zip (1,2,3),(4,5,6)
          ------> zip ((1,2,3),(4,5,6))
          Out[2]= [(1, 4), (2, 5), (3, 6)]

     IPython tells you that it has altered your command line by
     displaying the new command line preceded by -->.  e.g.::
       
          In [18]: callable list
          -------> callable (list)

  2. Auto-Quoting
    
     You can force auto-quoting of a function's arguments by using ',' as
     the first character of a line.  For example::
       
          In [1]: ,my_function /home/me   # becomes my_function("/home/me")

     If you use ';' instead, the whole argument is quoted as a single
     string (while ',' splits on whitespace)::
       
          In [2]: ,my_function a b c   # becomes my_function("a","b","c")
          In [3]: ;my_function a b c   # becomes my_function("a b c")

     Note that the ',' MUST be the first character on the line!  This
     won't work::
       
          In [4]: x = ,my_function /home/me    # syntax error
#163	NEW    cov: 1801 ft: 2313 corp: 12/42b lim: 4 exec/s: 0 rss: 91Mb L: 4/4 MS: 2 ChangeByte-CopyPart-
UsageError: Line magic function `%` not found.
UsageError: Line magic function `%` not found.
#187	NEW    cov: 1807 ft: 2330 corp: 13/46b lim: 4 exec/s: 0 rss: 91Mb L: 4/4 MS: 4 EraseBytes-CopyPart-CopyPart-PersAutoDict- DE: "\001\000"-

IPython -- An enhanced Interactive Python
=========================================

IPython offers a fully compatible replacement for the standard Python
interpreter, with convenient shell features, special commands, command
history mechanism and output results caching.

At your system command line, type 'ipython -h' to see the command line
options available. This document only describes interactive features.

GETTING HELP
------------

Within IPython you have various way to access help:

  ?         -> Introduction and overview of IPython's features (this screen).
  object?   -> Details about 'object'.
  object??  -> More detailed, verbose information about 'object'.
  %quickref -> Quick reference of all IPython specific syntax and magics.
  help      -> Access Python's own help system.

If you are in terminal IPython you can quit this screen by pressing `q`.


MAIN FEATURES
-------------

* Access to the standard Python help with object docstrings and the Python
  manuals. Simply type 'help' (no quotes) to invoke it.

* Magic commands: type %magic for information on the magic subsystem.

* System command aliases, via the %alias command or the configuration file(s).

* Dynamic object information:

  Typing ?word or word? prints detailed information about an object. Certain
  long strings (code, etc.) get snipped in the center for brevity.

  Typing ??word or word?? gives access to the full information without
  snipping long strings. Strings that are longer than the screen are printed
  through the less pager.

  The ?/?? system gives access to the full source code for any object (if
  available), shows function prototypes and other useful information.

  If you just want to see an object's docstring, type '%pdoc object' (without
  quotes, and without % if you have automagic on).

* Tab completion in the local namespace:

  At any time, hitting tab will complete any available python commands or
  variable names, and show you a list of the possible completions if there's
  no unambiguous one. It will also complete filenames in the current directory.

* Search previous command history in multiple ways:

  - Start typing, and then use arrow keys up/down or (Ctrl-p/Ctrl-n) to search
    through the history items that match what you've typed so far.

  - Hit Ctrl-r: opens a search prompt. Begin typing and the system searches
    your history for lines that match what you've typed so far, completing as
    much as it can.

  - %hist: search history by index.

* Persistent command history across sessions.

* Logging of input with the ability to save and restore a working session.

* System shell with !. Typing !ls will run 'ls' in the current directory.

* The reload command does a 'deep' reload of a module: changes made to the
  module since you imported will actually be available without having to exit.

* Verbose and colored exception traceback printouts. See the magic xmode and
  xcolor functions for details (just type %magic).

* Input caching system:

  IPython offers numbered prompts (In/Out) with input and output caching. All
  input is saved and can be retrieved as variables (besides the usual arrow
  key recall).

  The following GLOBAL variables always exist (so don't overwrite them!):
  _i: stores previous input.
  _ii: next previous.
  _iii: next-next previous.
  _ih : a list of all input _ih[n] is the input from line n.

  Additionally, global variables named _i<n> are dynamically created (<n>
  being the prompt counter), such that _i<n> == _ih[<n>]

  For example, what you typed at prompt 14 is available as _i14 and _ih[14].

  You can create macros which contain multiple input lines from this history,
  for later re-execution, with the %macro function.

  The history function %hist allows you to see any part of your input history
  by printing a range of the _i variables. Note that inputs which contain
  magic functions (%) appear in the history with a prepended comment. This is
  because they aren't really valid Python code, so you can't exec them.

* Output caching system:

  For output that is returned from actions, a system similar to the input
  cache exists but using _ instead of _i. Only actions that produce a result
  (NOT assignments, for example) are cached. If you are familiar with
  Mathematica, IPython's _ variables behave exactly like Mathematica's %
  variables.

  The following GLOBAL variables always exist (so don't overwrite them!):
  _ (one underscore): previous output.
  __ (two underscores): next previous.
  ___ (three underscores): next-next previous.

  Global variables named _<n> are dynamically created (<n> being the prompt
  counter), such that the result of output <n> is always available as _<n>.

  Finally, a global dictionary named _oh exists with entries for all lines
  which generated output.

* Directory history:

  Your history of visited directories is kept in the global list _dh, and the
  magic %cd command can be used to go to any entry in that list.

* Auto-parentheses and auto-quotes (adapted from Nathan Gray's LazyPython)

  1. Auto-parentheses
        
     Callable objects (i.e. functions, methods, etc) can be invoked like
     this (notice the commas between the arguments)::
       
         In [1]: callable_ob arg1, arg2, arg3
       
     and the input will be translated to this::
       
         callable_ob(arg1, arg2, arg3)
       
     This feature is off by default (in rare cases it can produce
     undesirable side-effects), but you can activate it at the command-line
     by starting IPython with `--autocall 1`, set it permanently in your
     configuration file, or turn on at runtime with `%autocall 1`.

     You can force auto-parentheses by using '/' as the first character
     of a line.  For example::
       
          In [1]: /globals             # becomes 'globals()'
       
     Note that the '/' MUST be the first character on the line!  This
     won't work::
       
          In [2]: print /globals    # syntax error

     In most cases the automatic algorithm should work, so you should
     rarely need to explicitly invoke /. One notable exception is if you
     are trying to call a function with a list of tuples as arguments (the
     parenthesis will confuse IPython)::
       
          In [1]: zip (1,2,3),(4,5,6)  # won't work
       
     but this will work::
       
          In [2]: /zip (1,2,3),(4,5,6)
          ------> zip ((1,2,3),(4,5,6))
          Out[2]= [(1, 4), (2, 5), (3, 6)]

     IPython tells you that it has altered your command line by
     displaying the new command line preceded by -->.  e.g.::
       
          In [18]: callable list
          -------> callable (list)

  2. Auto-Quoting
    
     You can force auto-quoting of a function's arguments by using ',' as
     the first character of a line.  For example::
       
          In [1]: ,my_function /home/me   # becomes my_function("/home/me")

     If you use ';' instead, the whole argument is quoted as a single
     string (while ',' splits on whitespace)::
       
          In [2]: ,my_function a b c   # becomes my_function("a","b","c")
          In [3]: ;my_function a b c   # becomes my_function("a b c")

     Note that the ',' MUST be the first character on the line!  This
     won't work::
       
          In [4]: x = ,my_function /home/me    # syntax error

IPython -- An enhanced Interactive Python
=========================================

IPython offers a fully compatible replacement for the standard Python
interpreter, with convenient shell features, special commands, command
history mechanism and output results caching.

At your system command line, type 'ipython -h' to see the command line
options available. This document only describes interactive features.

GETTING HELP
------------

Within IPython you have various way to access help:

  ?         -> Introduction and overview of IPython's features (this screen).
  object?   -> Details about 'object'.
  object??  -> More detailed, verbose information about 'object'.
  %quickref -> Quick reference of all IPython specific syntax and magics.
  help      -> Access Python's own help system.

If you are in terminal IPython you can quit this screen by pressing `q`.


MAIN FEATURES
-------------

* Access to the standard Python help with object docstrings and the Python
  manuals. Simply type 'help' (no quotes) to invoke it.

* Magic commands: type %magic for information on the magic subsystem.

* System command aliases, via the %alias command or the configuration file(s).

* Dynamic object information:

  Typing ?word or word? prints detailed information about an object. Certain
  long strings (code, etc.) get snipped in the center for brevity.

  Typing ??word or word?? gives access to the full information without
  snipping long strings. Strings that are longer than the screen are printed
  through the less pager.

  The ?/?? system gives access to the full source code for any object (if
  available), shows function prototypes and other useful information.

  If you just want to see an object's docstring, type '%pdoc object' (without
  quotes, and without % if you have automagic on).

* Tab completion in the local namespace:

  At any time, hitting tab will complete any available python commands or
  variable names, and show you a list of the possible completions if there's
  no unambiguous one. It will also complete filenames in the current directory.

* Search previous command history in multiple ways:

  - Start typing, and then use arrow keys up/down or (Ctrl-p/Ctrl-n) to search
    through the history items that match what you've typed so far.

  - Hit Ctrl-r: opens a search prompt. Begin typing and the system searches
    your history for lines that match what you've typed so far, completing as
    much as it can.

  - %hist: search history by index.

* Persistent command history across sessions.

* Logging of input with the ability to save and restore a working session.

* System shell with !. Typing !ls will run 'ls' in the current directory.

* The reload command does a 'deep' reload of a module: changes made to the
  module since you imported will actually be available without having to exit.

* Verbose and colored exception traceback printouts. See the magic xmode and
  xcolor functions for details (just type %magic).

* Input caching system:

  IPython offers numbered prompts (In/Out) with input and output caching. All
  input is saved and can be retrieved as variables (besides the usual arrow
  key recall).

  The following GLOBAL variables always exist (so don't overwrite them!):
  _i: stores previous input.
  _ii: next previous.
  _iii: next-next previous.
  _ih : a list of all input _ih[n] is the input from line n.

  Additionally, global variables named _i<n> are dynamically created (<n>
  being the prompt counter), such that _i<n> == _ih[<n>]

  For example, what you typed at prompt 14 is available as _i14 and _ih[14].

  You can create macros which contain multiple input lines from this history,
  for later re-execution, with the %macro function.

  The history function %hist allows you to see any part of your input history
  by printing a range of the _i variables. Note that inputs which contain
  magic functions (%) appear in the history with a prepended comment. This is
  because they aren't really valid Python code, so you can't exec them.

* Output caching system:

  For output that is returned from actions, a system similar to the input
  cache exists but using _ instead of _i. Only actions that produce a result
  (NOT assignments, for example) are cached. If you are familiar with
  Mathematica, IPython's _ variables behave exactly like Mathematica's %
  variables.

  The following GLOBAL variables always exist (so don't overwrite them!):
  _ (one underscore): previous output.
  __ (two underscores): next previous.
  ___ (three underscores): next-next previous.

  Global variables named _<n> are dynamically created (<n> being the prompt
  counter), such that the result of output <n> is always available as _<n>.

  Finally, a global dictionary named _oh exists with entries for all lines
  which generated output.

* Directory history:

  Your history of visited directories is kept in the global list _dh, and the
  magic %cd command can be used to go to any entry in that list.

* Auto-parentheses and auto-quotes (adapted from Nathan Gray's LazyPython)

  1. Auto-parentheses
        
     Callable objects (i.e. functions, methods, etc) can be invoked like
     this (notice the commas between the arguments)::
       
         In [1]: callable_ob arg1, arg2, arg3
       
     and the input will be translated to this::
       
         callable_ob(arg1, arg2, arg3)
       
     This feature is off by default (in rare cases it can produce
     undesirable side-effects), but you can activate it at the command-line
     by starting IPython with `--autocall 1`, set it permanently in your
     configuration file, or turn on at runtime with `%autocall 1`.

     You can force auto-parentheses by using '/' as the first character
     of a line.  For example::
       
          In [1]: /globals             # becomes 'globals()'
       
     Note that the '/' MUST be the first character on the line!  This
     won't work::
       
          In [2]: print /globals    # syntax error

     In most cases the automatic algorithm should work, so you should
     rarely need to explicitly invoke /. One notable exception is if you
     are trying to call a function with a list of tuples as arguments (the
     parenthesis will confuse IPython)::
       
          In [1]: zip (1,2,3),(4,5,6)  # won't work
       
     but this will work::
       
          In [2]: /zip (1,2,3),(4,5,6)
          ------> zip ((1,2,3),(4,5,6))
          Out[2]= [(1, 4), (2, 5), (3, 6)]

     IPython tells you that it has altered your command line by
     displaying the new command line preceded by -->.  e.g.::
       
          In [18]: callable list
          -------> callable (list)

  2. Auto-Quoting
    
     You can force auto-quoting of a function's arguments by using ',' as
     the first character of a line.  For example::
       
          In [1]: ,my_function /home/me   # becomes my_function("/home/me")

     If you use ';' instead, the whole argument is quoted as a single
     string (while ',' splits on whitespace)::
       
          In [2]: ,my_function a b c   # becomes my_function("a","b","c")
          In [3]: ;my_function a b c   # becomes my_function("a b c")

     Note that the ',' MUST be the first character on the line!  This
     won't work::
       
          In [4]: x = ,my_function /home/me    # syntax error
UsageError: Line magic function `%` not found.
UsageError: Line magic function `%` not found.
  [36mFile [39m[32m<ipython-input-1-8c377ec00ce8>:1[39m
[31m    [39m[31m[39m
    ^
[31mSyntaxError[39m[31m:[39m invalid non-printable character U+0001

  [36mFile [39m[32m<ipython-input-1-8c377ec00ce8>:1[39m
[31m    [39m[31m[39m
    ^
[31mSyntaxError[39m[31m:[39m invalid non-printable character U+0001

  [36mFile [39m[32m<ipython-input-1-8c377ec00ce8>:1[39m
[31m    [39m[31m[39m
    ^
[31mSyntaxError[39m[31m:[39m invalid non-printable character U+0001

[31m---------------------------------------------------------------------------[39m
[31mNameError[39m                                 Traceback (most recent call last)
[36mFile [39m[32m<ipython-input-1-7d157d7c000a>:1[39m
[32m----> [39m[32m1[39m [43mA[49m

[31mNameError[39m: name 'A' is not defined
[31m---------------------------------------------------------------------------[39m
[31mNameError[39m                                 Traceback (most recent call last)
[36mFile [39m[32m<ipython-input-1-b4379bcb7951>:1[39m
[32m----> [39m[32m1[39m [43mZ[49m

[31mNameError[39m: name 'Z' is not defined
  [36mFile [39m[32m<ipython-input-1-8c377ec00ce8>:1[39m
[31m    [39m[31m[39m
    ^
[31mSyntaxError[39m[31m:[39m invalid non-printable character U+0001

  [36mFile [39m[32m<ipython-input-1-f73ee080cfb5>:1[39m
[31m    [39m[31m~[39m
     ^
[31mSyntaxError[39m[31m:[39m invalid syntax

  [36mFile [39m[32m<string>[39m
[31m    [39m
[31mSyntaxError[39m[31m:[39m source code string cannot contain null bytes

  [36mFile [39m[32m<ipython-input-1-4889648e8a44>:1[39m
[31m    [39m[31m[[39m
     ^
[31mSyntaxError[39m[31m:[39m incomplete input

  [36mFile [39m[32m<ipython-input-1-8c377ec00ce8>:1[39m
[31m    [39m[31m[39m
    ^
[31mSyntaxError[39m[31m:[39m invalid non-printable character U+0001

[31m---------------------------------------------------------------------------[39m
[31mNameError[39m                                 Traceback (most recent call last)
[36mFile [39m[32m<ipython-input-1-6fcf9dfbd479>:1[39m
[32m----> [39m[32m1[39m [43mx[49m

[31mNameError[39m: name 'x' is not defined
  [36mFile [39m[32m<ipython-input-1-c15fc8d01b78>:1[39m
[31m    [39m[31m[39m
    ^
[31mSyntaxError[39m[31m:[39m invalid non-printable character U+0004

  [36mFile [39m[32m<string>[39m
[31m    [39m
[31mSyntaxError[39m[31m:[39m source code string cannot contain null bytes

  [36mFile [39m[32m<string>[39m
[31m    [39m
[31mSyntaxError[39m[31m:[39m source code string cannot contain null bytes

  [36mFile [39m[32m<string>[39m
[31m    [39m
[31mSyntaxError[39m[31m:[39m source code string cannot contain null bytes

  [36mFile [39m[32m<ipython-input-1-5a38b97a7478>:1[39m
[31m    [39m[31m[39m
    ^
[31mSyntaxError[39m[31m:[39m invalid non-printable character U+007F

Out[0]: 0
Out[0]: 4

IPython -- An enhanced Interactive Python
=========================================

IPython offers a fully compatible replacement for the standard Python
interpreter, with convenient shell features, special commands, command
history mechanism and output results caching.

At your system command line, type 'ipython -h' to see the command line
options available. This document only describes interactive features.

GETTING HELP
------------

Within IPython you have various way to access help:

  ?         -> Introduction and overview of IPython's features (this screen).
  object?   -> Details about 'object'.
  object??  -> More detailed, verbose information about 'object'.
  %quickref -> Quick reference of all IPython specific syntax and magics.
  help      -> Access Python's own help system.

If you are in terminal IPython you can quit this screen by pressing `q`.


MAIN FEATURES
-------------

* Access to the standard Python help with object docstrings and the Python
  manuals. Simply type 'help' (no quotes) to invoke it.

* Magic commands: type %magic for information on the magic subsystem.

* System command aliases, via the %alias command or the configuration file(s).

* Dynamic object information:

  Typing ?word or word? prints detailed information about an object. Certain
  long strings (code, etc.) get snipped in the center for brevity.

  Typing ??word or word?? gives access to the full information without
  snipping long strings. Strings that are longer than the screen are printed
  through the less pager.

  The ?/?? system gives access to the full source code for any object (if
  available), shows function prototypes and other useful information.

  If you just want to see an object's docstring, type '%pdoc object' (without
  quotes, and without % if you have automagic on).

* Tab completion in the local namespace:

  At any time, hitting tab will complete any available python commands or
  variable names, and show you a list of the possible completions if there's
  no unambiguous one. It will also complete filenames in the current directory.

* Search previous command history in multiple ways:

  - Start typing, and then use arrow keys up/down or (Ctrl-p/Ctrl-n) to search
    through the history items that match what you've typed so far.

  - Hit Ctrl-r: opens a search prompt. Begin typing and the system searches
    your history for lines that match what you've typed so far, completing as
    much as it can.

  - %hist: search history by index.

* Persistent command history across sessions.

* Logging of input with the ability to save and restore a working session.

* System shell with !. Typing !ls will run 'ls' in the current directory.

* The reload command does a 'deep' reload of a module: changes made to the
  module since you imported will actually be available without having to exit.

* Verbose and colored exception traceback printouts. See the magic xmode and
  xcolor functions for details (just type %magic).

* Input caching system:

  IPython offers numbered prompts (In/Out) with input and output caching. All
  input is saved and can be retrieved as variables (besides the usual arrow
  key recall).

  The following GLOBAL variables always exist (so don't overwrite them!):
  _i: stores previous input.
  _ii: next previous.
  _iii: next-next previous.
  _ih : a list of all input _ih[n] is the input from line n.

  Additionally, global variables named _i<n> are dynamically created (<n>
  being the prompt counter), such that _i<n> == _ih[<n>]

  For example, what you typed at prompt 14 is available as _i14 and _ih[14].

  You can create macros which contain multiple input lines from this history,
  for later re-execution, with the %macro function.

  The history function %hist allows you to see any part of your input history
  by printing a range of the _i variables. Note that inputs which contain
  magic functions (%) appear in the history with a prepended comment. This is
  because they aren't really valid Python code, so you can't exec them.

* Output caching system:

  For output that is returned from actions, a system similar to the input
  cache exists but using _ instead of _i. Only actions that produce a result
  (NOT assignments, for example) are cached. If you are familiar with
  Mathematica, IPython's _ variables behave exactly like Mathematica's %
  variables.

  The following GLOBAL variables always exist (so don't overwrite them!):
  _ (one underscore): previous output.
  __ (two underscores): next previous.
  ___ (three underscores): next-next previous.

  Global variables named _<n> are dynamically created (<n> being the prompt
  counter), such that the result of output <n> is always available as _<n>.

  Finally, a global dictionary named _oh exists with entries for all lines
  which generated output.

* Directory history:

  Your history of visited directories is kept in the global list _dh, and the
  magic %cd command can be used to go to any entry in that list.

* Auto-parentheses and auto-quotes (adapted from Nathan Gray's LazyPython)

  1. Auto-parentheses
        
     Callable objects (i.e. functions, methods, etc) can be invoked like
     this (notice the commas between the arguments)::
       
         In [1]: callable_ob arg1, arg2, arg3
       
     and the input will be translated to this::
       
         callable_ob(arg1, arg2, arg3)
       
     This feature is off by default (in rare cases it can produce
     undesirable side-effects), but you can activate it at the command-line
     by starting IPython with `--autocall 1`, set it permanently in your
     configuration file, or turn on at runtime with `%autocall 1`.

     You can force auto-parentheses by using '/' as the first character
     of a line.  For example::
       
          In [1]: /globals             # becomes 'globals()'
       
     Note that the '/' MUST be the first character on the line!  This
     won't work::
       
          In [2]: print /globals    # syntax error

     In most cases the automatic algorithm should work, so you should
     rarely need to explicitly invoke /. One notable exception is if you
     are trying to call a function with a list of tuples as arguments (the
     parenthesis will confuse IPython)::
       
          In [1]: zip (1,2,3),(4,5,6)  # won't work
       
     but this will work::
       
          In [2]: /zip (1,2,3),(4,5,6)
          ------> zip ((1,2,3),(4,5,6))
          Out[2]= [(1, 4), (2, 5), (3, 6)]

     IPython tells you that it has altered your command line by
     displaying the new command line preceded by -->.  e.g.::
       
          In [18]: callable list
          -------> callable (list)

  2. Auto-Quoting
    
     You can force auto-quoting of a function's arguments by using ',' as
     the first character of a line.  For example::
       
          In [1]: ,my_function /home/me   # becomes my_function("/home/me")

     If you use ';' instead, the whole argument is quoted as a single
     string (while ',' splits on whitespace)::
       
          In [2]: ,my_function a b c   # becomes my_function("a","b","c")
          In [3]: ;my_function a b c   # becomes my_function("a b c")

     Note that the ',' MUST be the first character on the line!  This
     won't work::
       
          In [4]: x = ,my_function /home/me    # syntax error

IPython -- An enhanced Interactive Python
=========================================

IPython offers a fully compatible replacement for the standard Python
interpreter, with convenient shell features, special commands, command
history mechanism and output results caching.

At your system command line, type 'ipython -h' to see the command line
options available. This document only describes interactive features.

GETTING HELP
------------

Within IPython you have various way to access help:

  ?         -> Introduction and overview of IPython's features (this screen).
  object?   -> Details about 'object'.
  object??  -> More detailed, verbose information about 'object'.
  %quickref -> Quick reference of all IPython specific syntax and magics.
  help      -> Access Python's own help system.

If you are in terminal IPython you can quit this screen by pressing `q`.


MAIN FEATURES
-------------

* Access to the standard Python help with object docstrings and the Python
  manuals. Simply type 'help' (no quotes) to invoke it.

* Magic commands: type %magic for information on the magic subsystem.

* System command aliases, via the %alias command or the configuration file(s).

* Dynamic object information:

  Typing ?word or word? prints detailed information about an object. Certain
  long strings (code, etc.) get snipped in the center for brevity.

  Typing ??word or word?? gives access to the full information without
  snipping long strings. Strings that are longer than the screen are printed
  through the less pager.

  The ?/?? system gives access to the full source code for any object (if
  available), shows function prototypes and other useful information.

  If you just want to see an object's docstring, type '%pdoc object' (without
  quotes, and without % if you have automagic on).

* Tab completion in the local namespace:

  At any time, hitting tab will complete any available python commands or
  variable names, and show you a list of the possible completions if there's
  no unambiguous one. It will also complete filenames in the current directory.

* Search previous command history in multiple ways:

  - Start typing, and then use arrow keys up/down or (Ctrl-p/Ctrl-n) to search
    through the history items that match what you've typed so far.

  - Hit Ctrl-r: opens a search prompt. Begin typing and the system searches
    your history for lines that match what you've typed so far, completing as
    much as it can.

  - %hist: search history by index.

* Persistent command history across sessions.

* Logging of input with the ability to save and restore a working session.

* System shell with !. Typing !ls will run 'ls' in the current directory.

* The reload command does a 'deep' reload of a module: changes made to the
  module since you imported will actually be available without having to exit.

* Verbose and colored exception traceback printouts. See the magic xmode and
  xcolor functions for details (just type %magic).

* Input caching system:

  IPython offers numbered prompts (In/Out) with input and output caching. All
  input is saved and can be retrieved as variables (besides the usual arrow
  key recall).

  The following GLOBAL variables always exist (so don't overwrite them!):
  _i: stores previous input.
  _ii: next previous.
  _iii: next-next previous.
  _ih : a list of all input _ih[n] is the input from line n.

  Additionally, global variables named _i<n> are dynamically created (<n>
  being the prompt counter), such that _i<n> == _ih[<n>]

  For example, what you typed at prompt 14 is available as _i14 and _ih[14].

  You can create macros which contain multiple input lines from this history,
  for later re-execution, with the %macro function.

  The history function %hist allows you to see any part of your input history
  by printing a range of the _i variables. Note that inputs which contain
  magic functions (%) appear in the history with a prepended comment. This is
  because they aren't really valid Python code, so you can't exec them.

* Output caching system:

  For output that is returned from actions, a system similar to the input
  cache exists but using _ instead of _i. Only actions that produce a result
  (NOT assignments, for example) are cached. If you are familiar with
  Mathematica, IPython's _ variables behave exactly like Mathematica's %
  variables.

  The following GLOBAL variables always exist (so don't overwrite them!):
  _ (one underscore): previous output.
  __ (two underscores): next previous.
  ___ (three underscores): next-next previous.

  Global variables named _<n> are dynamically created (<n> being the prompt
  counter), such that the result of output <n> is always available as _<n>.

  Finally, a global dictionary named _oh exists with entries for all lines
  which generated output.

* Directory history:

  Your history of visited directories is kept in the global list _dh, and the
  magic %cd command can be used to go to any entry in that list.

* Auto-parentheses and auto-quotes (adapted from Nathan Gray's LazyPython)

  1. Auto-parentheses
        
     Callable objects (i.e. functions, methods, etc) can be invoked like
     this (notice the commas between the arguments)::
       
         In [1]: callable_ob arg1, arg2, arg3
       
     and the input will be translated to this::
       
         callable_ob(arg1, arg2, arg3)
       
     This feature is off by default (in rare cases it can produce
     undesirable side-effects), but you can activate it at the command-line
     by starting IPython with `--autocall 1`, set it permanently in your
     configuration file, or turn on at runtime with `%autocall 1`.

     You can force auto-parentheses by using '/' as the first character
     of a line.  For example::
       
          In [1]: /globals             # becomes 'globals()'
       
     Note that the '/' MUST be the first character on the line!  This
     won't work::
       
          In [2]: print /globals    # syntax error

     In most cases the automatic algorithm should work, so you should
     rarely need to explicitly invoke /. One notable exception is if you
     are trying to call a function with a list of tuples as arguments (the
     parenthesis will confuse IPython)::
       
          In [1]: zip (1,2,3),(4,5,6)  # won't work
       
     but this will work::
       
          In [2]: /zip (1,2,3),(4,5,6)
          ------> zip ((1,2,3),(4,5,6))
          Out[2]= [(1, 4), (2, 5), (3, 6)]

     IPython tells you that it has altered your command line by
     displaying the new command line preceded by -->.  e.g.::
       
          In [18]: callable list
          -------> callable (list)

  2. Auto-Quoting
    
     You can force auto-quoting of a function's arguments by using ',' as
     the first character of a line.  For example::
       
          In [1]: ,my_function /home/me   # becomes my_function("/home/me")

     If you use ';' instead, the whole argument is quoted as a single
     string (while ',' splits on whitespace)::
       
          In [2]: ,my_function a b c   # becomes my_function("a","b","c")
          In [3]: ;my_function a b c   # becomes my_function("a b c")

     Note that the ',' MUST be the first character on the line!  This
     won't work::
       
          In [4]: x = ,my_function /home/me    # syntax error
UsageError: Line magic function `%` not found.
UsageError: Line magic function `%` not found.
UsageError: Line magic function `%` not found.
  [36mFile [39m[32m<ipython-input-1-5a38b97a7478>:1[39m
[31m    [39m[31m[39m
    ^
[31mSyntaxError[39m[31m:[39m invalid non-printable character U+007F

  [36mFile [39m[32m<ipython-input-1-5a38b97a7478>:1[39m
[31m    [39m[31m[39m
    ^
[31mSyntaxError[39m[31m:[39m invalid non-printable character U+007F

  [36mFile [39m[32m<ipython-input-1-137f554ee0f6>:1[39m
[31m    [39m[31m{[39m
     ^
[31mSyntaxError[39m[31m:[39m incomplete input

[31m---------------------------------------------------------------------------[39m
[31mNameError[39m                                 Traceback (most recent call last)
[36mFile [39m[32m<ipython-input-1-79b915f4e442>:1[39m
[32m----> [39m[32m1[39m [43mO[49m

[31mNameError[39m: name 'O' is not defined
  [36mFile [39m[32m<ipython-input-1-48dad12865d1>:1[39m
[31m    [39m[31m@[39m
     ^
[31mSyntaxError[39m[31m:[39m invalid syntax

  [36mFile [39m[32m<ipython-input-1-48dad12865d1>:1[39m
[31m    [39m[31m@[39m
     ^
[31mSyntaxError[39m[31m:[39m invalid syntax

  [36mFile [39m[32m<ipython-input-1-48dad12865d1>:1[39m
[31m    [39m[31m@[39m
     ^
[31mSyntaxError[39m[31m:[39m invalid syntax

[31m---------------------------------------------------------------------------[39m
[31mNameError[39m                                 Traceback (most recent call last)
[36mFile [39m[32m<ipython-input-1-b4379bcb7951>:1[39m
[32m----> [39m[32m1[39m [43mZ[49m

[31mNameError[39m: name 'Z' is not defined
  [36mFile [39m[32m<string>[39m
[31m    [39m
[31mSyntaxError[39m[31m:[39m source code string cannot contain null bytes

  [36mFile [39m[32m<string>[39m
[31m    [39m
[31mSyntaxError[39m[31m:[39m source code string cannot contain null bytes

  [36mFile [39m[32m<string>[39m
[31m    [39m
[31mSyntaxError[39m[31m:[39m source code string cannot contain null bytes

Out[0]: 1
  [36mFile [39m[32m<string>[39m
[31m    [39m
[31mSyntaxError[39m[31m:[39m source code string cannot contain null bytes

  [36mFile [39m[32m<string>[39m
[31m    [39m
[31mSyntaxError[39m[31m:[39m source code string cannot contain null bytes

  [36mFile [39m[32m<ipython-input-1-4889648e8a44>:1[39m
[31m    [39m[31m[[39m
     ^
[31mSyntaxError[39m[31m:[39m incomplete input

  [36mFile [39m[32m<ipython-input-1-8c377ec00ce8>:1[39m
[31m    [39m[31m[39m
    ^
[31mSyntaxError[39m[31m:[39m invalid non-printable character U+0001

  [36mFile [39m[32m<ipython-input-1-8c377ec00ce8>:1[39m
[31m    [39m[31m[39m
    ^
[31mSyntaxError[39m[31m:[39m invalid non-printable character U+0001

[31m---------------------------------------------------------------------------[39m
[31mNameError[39m                                 Traceback (most recent call last)
[36mFile [39m[32m<ipython-input-1-79b915f4e442>:1[39m
[32m----> [39m[32m1[39m [43mO[49m

[31mNameError[39m: name 'O' is not defined
[31m---------------------------------------------------------------------------[39m
[31mNameError[39m                                 Traceback (most recent call last)
[36mFile [39m[32m<ipython-input-1-79b915f4e442>:1[39m
[32m----> [39m[32m1[39m [43mO[49m

[31mNameError[39m: name 'O' is not defined
[31m---------------------------------------------------------------------------[39m
[31mNameError[39m                                 Traceback (most recent call last)
[36mFile [39m[32m<ipython-input-1-79b915f4e442>:1[39m
[32m----> [39m[32m1[39m [43mO[49m

[31mNameError[39m: name 'O' is not defined
[31m---------------------------------------------------------------------------[39m
[31mNameError[39m                                 Traceback (most recent call last)
[36mFile [39m[32m<ipython-input-1-a5938ace3f42>:1[39m
[32m----> [39m[32m1[39m [43mg[49m

[31mNameError[39m: name 'g' is not defined
Out[0]: 1
Out[0]: 1
Out[0]: 1
Out[0]: 1
  [36mFile [39m[32m<ipython-input-1-8c377ec00ce8>:1[39m
[31m    [39m[31m[39m
    ^
[31mSyntaxError[39m[31m:[39m invalid non-printable character U+0001

[31m---------------------------------------------------------------------------[39m
[31mNameError[39m                                 Traceback (most recent call last)
[36mFile [39m[32m<ipython-input-1-7d157d7c000a>:1[39m
[32m----> [39m[32m1[39m [43mA[49m

[31mNameError[39m: name 'A' is not defined
[31m---------------------------------------------------------------------------[39m
[31mNameError[39m                                 Traceback (most recent call last)
[36mFile [39m[32m<ipython-input-1-7d157d7c000a>:1[39m
[32m----> [39m[32m1[39m [43mA[49m

[31mNameError[39m: name 'A' is not defined
Out[0]: ''
#296	NEW    cov: 1808 ft: 2342 corp: 14/50b lim: 4 exec/s: 0 rss: 91Mb L: 4/4 MS: 4 ChangeBit-ChangeBit-ChangeBit-ChangeByte-
#307	NEW    cov: 1809 ft: 2344 corp: 15/54b lim: 4 exec/s: 0 rss: 91Mb L: 4/4 MS: 1 ShuffleBytes-
#318	NEW    cov: 1813 ft: 2350 corp: 16/58b lim: 4 exec/s: 0 rss: 91Mb L: 4/4 MS: 1 ChangeByte-
UsageError: Line magic function `%` not found.
  [36mFile [39m[32m<string>[39m
[31m    [39m
[31mSyntaxError[39m[31m:[39m source code string cannot contain null bytes

  [36mFile [39m[32m<string>[39m
[31m    [39m
[31mSyntaxError[39m[31m:[39m source code string cannot contain null bytes

  [36mFile [39m[32m<string>[39m
[31m    [39m
[31mSyntaxError[39m[31m:[39m source code string cannot contain null bytes

  [36mFile [39m[32m<string>[39m
[31m    [39m
[31mSyntaxError[39m[31m:[39m source code string cannot contain null bytes

  [36mFile [39m[32m<string>[39m
[31m    [39m
[31mSyntaxError[39m[31m:[39m source code string cannot contain null bytes

[31m---------------------------------------------------------------------------[39m
[31mNameError[39m                                 Traceback (most recent call last)
[36mFile [39m[32m<ipython-input-1-b4379bcb7951>:1[39m
[32m----> [39m[32m1[39m [43mZ[49m

[31mNameError[39m: name 'Z' is not defined
[31m---------------------------------------------------------------------------[39m
[31mNameError[39m                                 Traceback (most recent call last)
[36mFile [39m[32m<ipython-input-1-b4379bcb7951>:1[39m
[32m----> [39m[32m1[39m [43mZ[49m

[31mNameError[39m: name 'Z' is not defined
[31m---------------------------------------------------------------------------[39m
[31mNameError[39m                                 Traceback (most recent call last)
[36mFile [39m[32m<ipython-input-1-b4379bcb7951>:1[39m
[32m----> [39m[32m1[39m [43mZ[49m

[31mNameError[39m: name 'Z' is not defined
  [36mFile [39m[32m<string>[39m
[31m    [39m
[31mSyntaxError[39m[31m:[39m source code string cannot contain null bytes

  [36mFile [39m[32m<ipython-input-1-cd8fd8fd5a36>:1[39m
[31m    [39m[31m[39m
    ^
[31mSyntaxError[39m[31m:[39m invalid non-printable character U+0006

  [36mFile [39m[32m<ipython-input-1-cd8fd8fd5a36>:1[39m
[31m    [39m[31m[39m
    ^
[31mSyntaxError[39m[31m:[39m invalid non-printable character U+0006

  [36mFile [39m[32m<ipython-input-1-8f27084b6294>:1[39m
[31m    [39m[31m/[39m
    ^
[31mSyntaxError[39m[31m:[39m invalid syntax

  [36mFile [39m[32m<string>[39m
[31m    [39m
[31mSyntaxError[39m[31m:[39m source code string cannot contain null bytes

[31m---------------------------------------------------------------------------[39m
[31mNameError[39m                                 Traceback (most recent call last)
[36mFile [39m[32m<ipython-input-1-b4379bcb7951>:1[39m
[32m----> [39m[32m1[39m [43mZ[49m

[31mNameError[39m: name 'Z' is not defined
[31m---------------------------------------------------------------------------[39m
[31mNameError[39m                                 Traceback (most recent call last)
[36mFile [39m[32m<ipython-input-1-b4379bcb7951>:1[39m
[32m----> [39m[32m1[39m [43mZ[49m

[31mNameError[39m: name 'Z' is not defined
[31m---------------------------------------------------------------------------[39m
[31mNameError[39m                                 Traceback (most recent call last)
[36mFile [39m[32m<ipython-input-1-b4379bcb7951>:1[39m
[32m----> [39m[32m1[39m [43mZ[49m

[31mNameError[39m: name 'Z' is not defined
[31m---------------------------------------------------------------------------[39m
[31mNameError[39m                                 Traceback (most recent call last)
[36mFile [39m[32m<ipython-input-1-b4379bcb7951>:1[39m
[32m----> [39m[32m1[39m [43mZ[49m

[31mNameError[39m: name 'Z' is not defined
  [36mFile [39m[32m<ipython-input-1-8c377ec00ce8>:1[39m
[31m    [39m[31m[39m
    ^
[31mSyntaxError[39m[31m:[39m invalid non-printable character U+0001

  [36mFile [39m[32m<ipython-input-1-8c377ec00ce8>:1[39m
[31m    [39m[31m[39m
    ^
[31mSyntaxError[39m[31m:[39m invalid non-printable character U+0001

[31m---------------------------------------------------------------------------[39m
[31mNameError[39m                                 Traceback (most recent call last)
[36mFile [39m[32m<ipython-input-1-a5938ace3f42>:1[39m
[32m----> [39m[32m1[39m [43mg[49m

[31mNameError[39m: name 'g' is not defined
[31m---------------------------------------------------------------------------[39m
[31mNameError[39m                                 Traceback (most recent call last)
[36mFile [39m[32m<ipython-input-1-aa0a18d9cd83>:1[39m
[32m----> [39m[32m1[39m [43mo[49m

[31mNameError[39m: name 'o' is not defined
[31m---------------------------------------------------------------------------[39m
[31mNameError[39m                                 Traceback (most recent call last)
[36mFile [39m[32m<ipython-input-1-aa0a18d9cd83>:1[39m
[32m----> [39m[32m1[39m [43mo[49m

[31mNameError[39m: name 'o' is not defined
[31m---------------------------------------------------------------------------[39m
[31mNameError[39m                                 Traceback (most recent call last)
[36mFile [39m[32m<ipython-input-1-aa0a18d9cd83>:1[39m
[32m----> [39m[32m1[39m [43mo[49m

[31mNameError[39m: name 'o' is not defined
  [36mFile [39m[32m<ipython-input-1-8c377ec00ce8>:1[39m
[31m    [39m[31m[39m
    ^
[31mSyntaxError[39m[31m:[39m invalid non-printable character U+0001

  [36mFile [39m[32m<ipython-input-1-48dad12865d1>:1[39m
[31m    [39m[31m@[39m
     ^
[31mSyntaxError[39m[31m:[39m invalid syntax

  [36mFile [39m[32m<ipython-input-1-cd8fd8fd5a36>:1[39m
[31m    [39m[31m[39m
    ^
[31mSyntaxError[39m[31m:[39m invalid non-printable character U+0006

Out[0]: ''

IPython -- An enhanced Interactive Python
=========================================

IPython offers a fully compatible replacement for the standard Python
interpreter, with convenient shell features, special commands, command
history mechanism and output results caching.

At your system command line, type 'ipython -h' to see the command line
options available. This document only describes interactive features.

GETTING HELP
------------

Within IPython you have various way to access help:

  ?         -> Introduction and overview of IPython's features (this screen).
  object?   -> Details about 'object'.
  object??  -> More detailed, verbose information about 'object'.
  %quickref -> Quick reference of all IPython specific syntax and magics.
  help      -> Access Python's own help system.

If you are in terminal IPython you can quit this screen by pressing `q`.


MAIN FEATURES
-------------

* Access to the standard Python help with object docstrings and the Python
  manuals. Simply type 'help' (no quotes) to invoke it.

* Magic commands: type %magic for information on the magic subsystem.

* System command aliases, via the %alias command or the configuration file(s).

* Dynamic object information:

  Typing ?word or word? prints detailed information about an object. Certain
  long strings (code, etc.) get snipped in the center for brevity.

  Typing ??word or word?? gives access to the full information without
  snipping long strings. Strings that are longer than the screen are printed
  through the less pager.

  The ?/?? system gives access to the full source code for any object (if
  available), shows function prototypes and other useful information.

  If you just want to see an object's docstring, type '%pdoc object' (without
  quotes, and without % if you have automagic on).

* Tab completion in the local namespace:

  At any time, hitting tab will complete any available python commands or
  variable names, and show you a list of the possible completions if there's
  no unambiguous one. It will also complete filenames in the current directory.

* Search previous command history in multiple ways:

  - Start typing, and then use arrow keys up/down or (Ctrl-p/Ctrl-n) to search
    through the history items that match what you've typed so far.

  - Hit Ctrl-r: opens a search prompt. Begin typing and the system searches
    your history for lines that match what you've typed so far, completing as
    much as it can.

  - %hist: search history by index.

* Persistent command history across sessions.

* Logging of input with the ability to save and restore a working session.

* System shell with !. Typing !ls will run 'ls' in the current directory.

* The reload command does a 'deep' reload of a module: changes made to the
  module since you imported will actually be available without having to exit.

* Verbose and colored exception traceback printouts. See the magic xmode and
  xcolor functions for details (just type %magic).

* Input caching system:

  IPython offers numbered prompts (In/Out) with input and output caching. All
  input is saved and can be retrieved as variables (besides the usual arrow
  key recall).

  The following GLOBAL variables always exist (so don't overwrite them!):
  _i: stores previous input.
  _ii: next previous.
  _iii: next-next previous.
  _ih : a list of all input _ih[n] is the input from line n.

  Additionally, global variables named _i<n> are dynamically created (<n>
  being the prompt counter), such that _i<n> == _ih[<n>]

  For example, what you typed at prompt 14 is available as _i14 and _ih[14].

  You can create macros which contain multiple input lines from this history,
  for later re-execution, with the %macro function.

  The history function %hist allows you to see any part of your input history
  by printing a range of the _i variables. Note that inputs which contain
  magic functions (%) appear in the history with a prepended comment. This is
  because they aren't really valid Python code, so you can't exec them.

* Output caching system:

  For output that is returned from actions, a system similar to the input
  cache exists but using _ instead of _i. Only actions that produce a result
  (NOT assignments, for example) are cached. If you are familiar with
  Mathematica, IPython's _ variables behave exactly like Mathematica's %
  variables.

  The following GLOBAL variables always exist (so don't overwrite them!):
  _ (one underscore): previous output.
  __ (two underscores): next previous.
  ___ (three underscores): next-next previous.

  Global variables named _<n> are dynamically created (<n> being the prompt
  counter), such that the result of output <n> is always available as _<n>.

  Finally, a global dictionary named _oh exists with entries for all lines
  which generated output.

* Directory history:

  Your history of visited directories is kept in the global list _dh, and the
  magic %cd command can be used to go to any entry in that list.

* Auto-parentheses and auto-quotes (adapted from Nathan Gray's LazyPython)

  1. Auto-parentheses
        
     Callable objects (i.e. functions, methods, etc) can be invoked like
     this (notice the commas between the arguments)::
       
         In [1]: callable_ob arg1, arg2, arg3
       
     and the input will be translated to this::
       
         callable_ob(arg1, arg2, arg3)
       
     This feature is off by default (in rare cases it can produce
     undesirable side-effects), but you can activate it at the command-line
     by starting IPython with `--autocall 1`, set it permanently in your
     configuration file, or turn on at runtime with `%autocall 1`.

     You can force auto-parentheses by using '/' as the first character
     of a line.  For example::
       
          In [1]: /globals             # becomes 'globals()'
       
     Note that the '/' MUST be the first character on the line!  This
     won't work::
       
          In [2]: print /globals    # syntax error

     In most cases the automatic algorithm should work, so you should
     rarely need to explicitly invoke /. One notable exception is if you
     are trying to call a function with a list of tuples as arguments (the
     parenthesis will confuse IPython)::
       
          In [1]: zip (1,2,3),(4,5,6)  # won't work
       
     but this will work::
       
          In [2]: /zip (1,2,3),(4,5,6)
          ------> zip ((1,2,3),(4,5,6))
          Out[2]= [(1, 4), (2, 5), (3, 6)]

     IPython tells you that it has altered your command line by
     displaying the new command line preceded by -->.  e.g.::
       
          In [18]: callable list
          -------> callable (list)

  2. Auto-Quoting
    
     You can force auto-quoting of a function's arguments by using ',' as
     the first character of a line.  For example::
       
          In [1]: ,my_function /home/me   # becomes my_function("/home/me")

     If you use ';' instead, the whole argument is quoted as a single
     string (while ',' splits on whitespace)::
       
          In [2]: ,my_function a b c   # becomes my_function("a","b","c")
          In [3]: ;my_function a b c   # becomes my_function("a b c")

     Note that the ',' MUST be the first character on the line!  This
     won't work::
       
          In [4]: x = ,my_function /home/me    # syntax error

IPython -- An enhanced Interactive Python
=========================================

IPython offers a fully compatible replacement for the standard Python
interpreter, with convenient shell features, special commands, command
history mechanism and output results caching.

At your system command line, type 'ipython -h' to see the command line
options available. This document only describes interactive features.

GETTING HELP
------------

Within IPython you have various way to access help:

  ?         -> Introduction and overview of IPython's features (this screen).
  object?   -> Details about 'object'.
  object??  -> More detailed, verbose information about 'object'.
  %quickref -> Quick reference of all IPython specific syntax and magics.
  help      -> Access Python's own help system.

If you are in terminal IPython you can quit this screen by pressing `q`.


MAIN FEATURES
-------------

* Access to the standard Python help with object docstrings and the Python
  manuals. Simply type 'help' (no quotes) to invoke it.

* Magic commands: type %magic for information on the magic subsystem.

* System command aliases, via the %alias command or the configuration file(s).

* Dynamic object information:

  Typing ?word or word? prints detailed information about an object. Certain
  long strings (code, etc.) get snipped in the center for brevity.

  Typing ??word or word?? gives access to the full information without
  snipping long strings. Strings that are longer than the screen are printed
  through the less pager.

  The ?/?? system gives access to the full source code for any object (if
  available), shows function prototypes and other useful information.

  If you just want to see an object's docstring, type '%pdoc object' (without
  quotes, and without % if you have automagic on).

* Tab completion in the local namespace:

  At any time, hitting tab will complete any available python commands or
  variable names, and show you a list of the possible completions if there's
  no unambiguous one. It will also complete filenames in the current directory.

* Search previous command history in multiple ways:

  - Start typing, and then use arrow keys up/down or (Ctrl-p/Ctrl-n) to search
    through the history items that match what you've typed so far.

  - Hit Ctrl-r: opens a search prompt. Begin typing and the system searches
    your history for lines that match what you've typed so far, completing as
    much as it can.

  - %hist: search history by index.

* Persistent command history across sessions.

* Logging of input with the ability to save and restore a working session.

* System shell with !. Typing !ls will run 'ls' in the current directory.

* The reload command does a 'deep' reload of a module: changes made to the
  module since you imported will actually be available without having to exit.

* Verbose and colored exception traceback printouts. See the magic xmode and
  xcolor functions for details (just type %magic).

* Input caching system:

  IPython offers numbered prompts (In/Out) with input and output caching. All
  input is saved and can be retrieved as variables (besides the usual arrow
  key recall).

  The following GLOBAL variables always exist (so don't overwrite them!):
  _i: stores previous input.
  _ii: next previous.
  _iii: next-next previous.
  _ih : a list of all input _ih[n] is the input from line n.

  Additionally, global variables named _i<n> are dynamically created (<n>
  being the prompt counter), such that _i<n> == _ih[<n>]

  For example, what you typed at prompt 14 is available as _i14 and _ih[14].

  You can create macros which contain multiple input lines from this history,
  for later re-execution, with the %macro function.

  The history function %hist allows you to see any part of your input history
  by printing a range of the _i variables. Note that inputs which contain
  magic functions (%) appear in the history with a prepended comment. This is
  because they aren't really valid Python code, so you can't exec them.

* Output caching system:

  For output that is returned from actions, a system similar to the input
  cache exists but using _ instead of _i. Only actions that produce a result
  (NOT assignments, for example) are cached. If you are familiar with
  Mathematica, IPython's _ variables behave exactly like Mathematica's %
  variables.

  The following GLOBAL variables always exist (so don't overwrite them!):
  _ (one underscore): previous output.
  __ (two underscores): next previous.
  ___ (three underscores): next-next previous.

  Global variables named _<n> are dynamically created (<n> being the prompt
  counter), such that the result of output <n> is always available as _<n>.

  Finally, a global dictionary named _oh exists with entries for all lines
  which generated output.

* Directory history:

  Your history of visited directories is kept in the global list _dh, and the
  magic %cd command can be used to go to any entry in that list.

* Auto-parentheses and auto-quotes (adapted from Nathan Gray's LazyPython)

  1. Auto-parentheses
        
     Callable objects (i.e. functions, methods, etc) can be invoked like
     this (notice the commas between the arguments)::
       
         In [1]: callable_ob arg1, arg2, arg3
       
     and the input will be translated to this::
       
         callable_ob(arg1, arg2, arg3)
       
     This feature is off by default (in rare cases it can produce
     undesirable side-effects), but you can activate it at the command-line
     by starting IPython with `--autocall 1`, set it permanently in your
     configuration file, or turn on at runtime with `%autocall 1`.

     You can force auto-parentheses by using '/' as the first character
     of a line.  For example::
       
          In [1]: /globals             # becomes 'globals()'
       
     Note that the '/' MUST be the first character on the line!  This
     won't work::
       
          In [2]: print /globals    # syntax error

     In most cases the automatic algorithm should work, so you should
     rarely need to explicitly invoke /. One notable exception is if you
     are trying to call a function with a list of tuples as arguments (the
     parenthesis will confuse IPython)::
       
          In [1]: zip (1,2,3),(4,5,6)  # won't work
       
     but this will work::
       
          In [2]: /zip (1,2,3),(4,5,6)
          ------> zip ((1,2,3),(4,5,6))
          Out[2]= [(1, 4), (2, 5), (3, 6)]

     IPython tells you that it has altered your command line by
     displaying the new command line preceded by -->.  e.g.::
       
          In [18]: callable list
          -------> callable (list)

  2. Auto-Quoting
    
     You can force auto-quoting of a function's arguments by using ',' as
     the first character of a line.  For example::
       
          In [1]: ,my_function /home/me   # becomes my_function("/home/me")

     If you use ';' instead, the whole argument is quoted as a single
     string (while ',' splits on whitespace)::
       
          In [2]: ,my_function a b c   # becomes my_function("a","b","c")
          In [3]: ;my_function a b c   # becomes my_function("a b c")

     Note that the ',' MUST be the first character on the line!  This
     won't work::
       
          In [4]: x = ,my_function /home/me    # syntax error
[31m---------------------------------------------------------------------------[39m
[31mNameError[39m                                 Traceback (most recent call last)
[36mFile [39m[32m<ipython-input-1-9a40b379906c>:1[39m
[32m----> [39m[32m1[39m [43mm[49m

[31mNameError[39m: name 'm' is not defined
  [36mFile [39m[32m<ipython-input-1-8c377ec00ce8>:1[39m
[31m    [39m[31m[39m
    ^
[31mSyntaxError[39m[31m:[39m invalid non-printable character U+0001

  [36mFile [39m[32m<ipython-input-1-8c377ec00ce8>:1[39m
[31m    [39m[31m[39m
    ^
[31mSyntaxError[39m[31m:[39m invalid non-printable character U+0001

  [36mFile [39m[32m<ipython-input-1-2da6f45ca5db>:1[39m
[31m    [39m[31m[39m
    ^
[31mSyntaxError[39m[31m:[39m invalid non-printable character U+001A

  [36mFile [39m[32m<ipython-input-1-8f27084b6294>:1[39m
[31m    [39m[31m/[39m
    ^
[31mSyntaxError[39m[31m:[39m invalid syntax

  [36mFile [39m[32m<ipython-input-1-4889648e8a44>:1[39m
[31m    [39m[31m[[39m
     ^
[31mSyntaxError[39m[31m:[39m incomplete input

  [36mFile [39m[32m<ipython-input-1-4889648e8a44>:1[39m
[31m    [39m[31m[[39m
     ^
[31mSyntaxError[39m[31m:[39m incomplete input

[31m---------------------------------------------------------------------------[39m
[31mNameError[39m                                 Traceback (most recent call last)
[36mFile [39m[32m<ipython-input-1-e222fcdf3350>:1[39m
[32m----> [39m[32m1[39m [43mq[49m

[31mNameError[39m: name 'q' is not defined
[31m---------------------------------------------------------------------------[39m
[31mNameError[39m                                 Traceback (most recent call last)
[36mFile [39m[32m<ipython-input-1-e222fcdf3350>:1[39m
[32m----> [39m[32m1[39m [43mq[49m

[31mNameError[39m: name 'q' is not defined
  [36mFile [39m[32m<ipython-input-1-8c377ec00ce8>:1[39m
[31m    [39m[31m[39m
    ^
[31mSyntaxError[39m[31m:[39m invalid non-printable character U+0001

  [36mFile [39m[32m<ipython-input-1-c15fc8d01b78>:1[39m
[31m    [39m[31m[39m
    ^
[31mSyntaxError[39m[31m:[39m invalid non-printable character U+0004

  [36mFile [39m[32m<ipython-input-1-48dad12865d1>:1[39m
[31m    [39m[31m@[39m
     ^
[31mSyntaxError[39m[31m:[39m invalid syntax

  [36mFile [39m[32m<ipython-input-1-48dad12865d1>:1[39m
[31m    [39m[31m@[39m
     ^
[31mSyntaxError[39m[31m:[39m invalid syntax

  [36mFile [39m[32m<ipython-input-1-48dad12865d1>:1[39m
[31m    [39m[31m@[39m
     ^
[31mSyntaxError[39m[31m:[39m invalid syntax

  [36mFile [39m[32m<ipython-input-1-48dad12865d1>:1[39m
[31m    [39m[31m@[39m
     ^
[31mSyntaxError[39m[31m:[39m invalid syntax

  [36mFile [39m[32m<ipython-input-1-48dad12865d1>:1[39m
[31m    [39m[31m@[39m
     ^
[31mSyntaxError[39m[31m:[39m invalid syntax

  [36mFile [39m[32m<ipython-input-1-8c377ec00ce8>:1[39m
[31m    [39m[31m[39m
    ^
[31mSyntaxError[39m[31m:[39m invalid non-printable character U+0001

[31m---------------------------------------------------------------------------[39m
[31mNameError[39m                                 Traceback (most recent call last)
[36mFile [39m[32m<ipython-input-1-5f8475445b2f>:1[39m
[32m----> [39m[32m1[39m [43mu[49m

[31mNameError[39m: name 'u' is not defined
  [36mFile [39m[32m<string>[39m
[31m    [39m
[31mSyntaxError[39m[31m:[39m source code string cannot contain null bytes

  [36mFile [39m[32m<string>[39m
[31m    [39m
[31mSyntaxError[39m[31m:[39m source code string cannot contain null bytes

  [36mFile [39m[32m<string>[39m
[31m    [39m
[31mSyntaxError[39m[31m:[39m source code string cannot contain null bytes

  [36mFile [39m[32m<string>[39m
[31m    [39m
[31mSyntaxError[39m[31m:[39m source code string cannot contain null bytes

  [36mFile [39m[32m<string>[39m
[31m    [39m
[31mSyntaxError[39m[31m:[39m source code string cannot contain null bytes

  [36mFile [39m[32m<ipython-input-1-0b024bbfe84e>:1[39m
[31m    [39m[31m+[39m
     ^
[31mSyntaxError[39m[31m:[39m invalid syntax

Out[0]: ''
  [36mFile [39m[32m<ipython-input-1-8c377ec00ce8>:1[39m
[31m    [39m[31m[39m
    ^
[31mSyntaxError[39m[31m:[39m invalid non-printable character U+0001

  [36mFile [39m[32m<ipython-input-1-8c377ec00ce8>:1[39m
[31m    [39m[31m[39m
    ^
[31mSyntaxError[39m[31m:[39m invalid non-printable character U+0001

  [36mFile [39m[32m<ipython-input-1-8c377ec00ce8>:1[39m
[31m    [39m[31m[39m
    ^
[31mSyntaxError[39m[31m:[39m invalid non-printable character U+0001

[31m---------------------------------------------------------------------------[39m
[31mNameError[39m                                 Traceback (most recent call last)
[36mFile [39m[32m<ipython-input-1-c881daf1af41>:1[39m
[32m----> [39m[32m1[39m [43mY[49m

[31mNameError[39m: name 'Y' is not defined
  [36mFile [39m[32m<ipython-input-1-8c377ec00ce8>:1[39m
[31m    [39m[31m[39m
    ^
[31mSyntaxError[39m[31m:[39m invalid non-printable character U+0001

  [36mFile [39m[32m<ipython-input-1-8c377ec00ce8>:1[39m
[31m    [39m[31m[39m
    ^
[31mSyntaxError[39m[31m:[39m invalid non-printable character U+0001

  [36mFile [39m[32m<ipython-input-1-8c377ec00ce8>:1[39m
[31m    [39m[31m[39m
    ^
[31mSyntaxError[39m[31m:[39m invalid non-printable character U+0001

  [36mFile [39m[32m<ipython-input-1-8c377ec00ce8>:1[39m
[31m    [39m[31m[39m
    ^
[31mSyntaxError[39m[31m:[39m invalid non-printable character U+0001

  [36mFile [39m[32m<ipython-input-1-8c377ec00ce8>:1[39m
[31m    [39m[31m[39m
    ^
[31mSyntaxError[39m[31m:[39m invalid non-printable character U+0001

[31m---------------------------------------------------------------------------[39m
[31mNameError[39m                                 Traceback (most recent call last)
[36mFile [39m[32m<ipython-input-1-a5938ace3f42>:1[39m
[32m----> [39m[32m1[39m [43mg[49m

[31mNameError[39m: name 'g' is not defined
[31m---------------------------------------------------------------------------[39m
[31mNameError[39m                                 Traceback (most recent call last)
[36mFile [39m[32m<ipython-input-1-a5938ace3f42>:1[39m
[32m----> [39m[32m1[39m [43mg[49m

[31mNameError[39m: name 'g' is not defined
[31m---------------------------------------------------------------------------[39m
[31mNameError[39m                                 Traceback (most recent call last)
[36mFile [39m[32m<ipython-input-1-a5938ace3f42>:1[39m
[32m----> [39m[32m1[39m [43mg[49m

[31mNameError[39m: name 'g' is not defined
[31m---------------------------------------------------------------------------[39m
[31mNameError[39m                                 Traceback (most recent call last)
[36mFile [39m[32m<ipython-input-1-a5938ace3f42>:1[39m
[32m----> [39m[32m1[39m [43mg[49m

[31mNameError[39m: name 'g' is not defined
[31m---------------------------------------------------------------------------[39m
[31mNameError[39m                                 Traceback (most recent call last)
[36mFile [39m[32m<ipython-input-1-a5938ace3f42>:1[39m
[32m----> [39m[32m1[39m [43mg[49m

[31mNameError[39m: name 'g' is not defined
Out[0]: ''
[31m---------------------------------------------------------------------------[39m
[31mNameError[39m                                 Traceback (most recent call last)
[36mFile [39m[32m<ipython-input-1-b4379bcb7951>:1[39m
[32m----> [39m[32m1[39m [43mZ[49m

[31mNameError[39m: name 'Z' is not defined
  [36mFile [39m[32m<string>[39m
[31m    [39m
[31mSyntaxError[39m[31m:[39m source code string cannot contain null bytes

  [36mFile [39m[32m<string>[39m
[31m    [39m
[31mSyntaxError[39m[31m:[39m source code string cannot contain null bytes

  [36mFile [39m[32m<string>[39m
[31m    [39m
[31mSyntaxError[39m[31m:[39m source code string cannot contain null bytes

  [36mFile [39m[32m<string>[39m
[31m    [39m
[31mSyntaxError[39m[31m:[39m source code string cannot contain null bytes

[31m---------------------------------------------------------------------------[39m
[31mNameError[39m                                 Traceback (most recent call last)
[36mFile [39m[32m<ipython-input-1-b4379bcb7951>:1[39m
[32m----> [39m[32m1[39m [43mZ[49m

[31mNameError[39m: name 'Z' is not defined
Out[0]: 1
[31m---------------------------------------------------------------------------[39m
[31mNameError[39m                                 Traceback (most recent call last)
[36mFile [39m[32m<ipython-input-1-d0aa4386ac53>:1[39m
[32m----> [39m[32m1[39m [43mv[49m

[31mNameError[39m: name 'v' is not defined
  [36mFile [39m[32m<string>[39m
[31m    [39m
[31mSyntaxError[39m[31m:[39m source code string cannot contain null bytes

Out[0]: 2
Out[0]: 4
Out[0]: 8
Out[0]: 8
[31m---------------------------------------------------------------------------[39m
[31mNameError[39m                                 Traceback (most recent call last)
[36mFile [39m[32m<ipython-input-1-b4379bcb7951>:1[39m
[32m----> [39m[32m1[39m [43mZ[49m

[31mNameError[39m: name 'Z' is not defined
[31m---------------------------------------------------------------------------[39m
[31mNameError[39m                                 Traceback (most recent call last)
[36mFile [39m[32m<ipython-input-1-b4379bcb7951>:1[39m
[32m----> [39m[32m1[39m [43mZ[49m

[31mNameError[39m: name 'Z' is not defined
[31m---------------------------------------------------------------------------[39m
[31mNameError[39m                                 Traceback (most recent call last)
[36mFile [39m[32m<ipython-input-1-b4379bcb7951>:1[39m
[32m----> [39m[32m1[39m [43mZ[49m

[31mNameError[39m: name 'Z' is not defined
Out[0]: 1
#524	NEW    cov: 1813 ft: 2357 corp: 17/63b lim: 6 exec/s: 524 rss: 91Mb L: 5/5 MS: 1 InsertByte-
#529	NEW    cov: 1815 ft: 2359 corp: 18/69b lim: 6 exec/s: 529 rss: 91Mb L: 6/6 MS: 5 CrossOver-ShuffleBytes-PersAutoDict-InsertByte-ChangeBit- DE: "\001\000"-
UsageError: Line magic function `%` not found.
UsageError: Line magic function `%%` not found.
#531	NEW    cov: 1816 ft: 2365 corp: 19/75b lim: 6 exec/s: 531 rss: 91Mb L: 6/6 MS: 2 ChangeByte-CopyPart-
#538	NEW    cov: 1817 ft: 2409 corp: 20/80b lim: 6 exec/s: 538 rss: 91Mb L: 5/6 MS: 2 InsertByte-ChangeByte-
  [36mFile [39m[32m<ipython-input-1-e69f49baade6>:1[39m
[31m    [39m[31mg[39m
     ^
[31mSyntaxError[39m[31m:[39m invalid non-printable character U+0001

  [36mFile [39m[32m<ipython-input-1-e69f49baade6>:1[39m
[31m    [39m[31mg[39m
     ^
[31mSyntaxError[39m[31m:[39m invalid non-printable character U+0001

  [36mFile [39m[32m<ipython-input-1-e69f49baade6>:1[39m
[31m    [39m[31mg[39m
     ^
[31mSyntaxError[39m[31m:[39m invalid non-printable character U+0001

[31m---------------------------------------------------------------------------[39m
[31mNameError[39m                                 Traceback (most recent call last)
[36mFile [39m[32m<ipython-input-1-a5938ace3f42>:1[39m
[32m----> [39m[32m1[39m [43mg[49m

[31mNameError[39m: name 'g' is not defined
[31m---------------------------------------------------------------------------[39m
[31mNameError[39m                                 Traceback (most recent call last)
[36mFile [39m[32m<ipython-input-1-a5938ace3f42>:1[39m
[32m----> [39m[32m1[39m [43mg[49m

[31mNameError[39m: name 'g' is not defined
  [36mFile [39m[32m<ipython-input-1-43688015d627>:1[39m
[31m    [39m[31mg[39m
     ^
[31mSyntaxError[39m[31m:[39m invalid non-printable character U+000B

  [36mFile [39m[32m<ipython-input-1-8c377ec00ce8>:1[39m
[31m    [39m[31m[39m
    ^
[31mSyntaxError[39m[31m:[39m invalid non-printable character U+0001

  [36mFile [39m[32m<ipython-input-1-8c377ec00ce8>:1[39m
[31m    [39m[31m[39m
    ^
[31mSyntaxError[39m[31m:[39m invalid non-printable character U+0001

  [36mFile [39m[32m<string>[39m
[31m    [39m
[31mSyntaxError[39m[31m:[39m source code string cannot contain null bytes

  [36mFile [39m[32m<string>[39m
[31m    [39m
[31mSyntaxError[39m[31m:[39m source code string cannot contain null bytes

  [36mFile [39m[32m<string>[39m
[31m    [39m
[31mSyntaxError[39m[31m:[39m source code string cannot contain null bytes

  [36mFile [39m[32m<ipython-input-1-b8a7f54aca12>:1[39m
[31m    [39m[31m$,[39m
    ^
[31mSyntaxError[39m[31m:[39m invalid syntax

[31m---------------------------------------------------------------------------[39m
[31mNameError[39m                                 Traceback (most recent call last)
[36mFile [39m[32m<ipython-input-1-7efe06a79dd2>:1[39m
[32m----> [39m[32m1[39m [43mu[49m,

[31mNameError[39m: name 'u' is not defined
[31m---------------------------------------------------------------------------[39m
[31mNameError[39m                                 Traceback (most recent call last)
[36mFile [39m[32m<ipython-input-1-b1aa98ad3a02>:1[39m
[32m----> [39m[32m1[39m [43mR[49m

[31mNameError[39m: name 'R' is not defined
[31m---------------------------------------------------------------------------[39m
[31mNameError[39m                                 Traceback (most recent call last)
[36mFile [39m[32m<ipython-input-1-b1aa98ad3a02>:1[39m
[32m----> [39m[32m1[39m [43mR[49m

[31mNameError[39m: name 'R' is not defined
Out[0]: 1
Out[0]: 1
Out[0]: 1

IPython -- An enhanced Interactive Python
=========================================

IPython offers a fully compatible replacement for the standard Python
interpreter, with convenient shell features, special commands, command
history mechanism and output results caching.

At your system command line, type 'ipython -h' to see the command line
options available. This document only describes interactive features.

GETTING HELP
------------

Within IPython you have various way to access help:

  ?         -> Introduction and overview of IPython's features (this screen).
  object?   -> Details about 'object'.
  object??  -> More detailed, verbose information about 'object'.
  %quickref -> Quick reference of all IPython specific syntax and magics.
  help      -> Access Python's own help system.

If you are in terminal IPython you can quit this screen by pressing `q`.


MAIN FEATURES
-------------

* Access to the standard Python help with object docstrings and the Python
  manuals. Simply type 'help' (no quotes) to invoke it.

* Magic commands: type %magic for information on the magic subsystem.

* System command aliases, via the %alias command or the configuration file(s).

* Dynamic object information:

  Typing ?word or word? prints detailed information about an object. Certain
  long strings (code, etc.) get snipped in the center for brevity.

  Typing ??word or word?? gives access to the full information without
  snipping long strings. Strings that are longer than the screen are printed
  through the less pager.

  The ?/?? system gives access to the full source code for any object (if
  available), shows function prototypes and other useful information.

  If you just want to see an object's docstring, type '%pdoc object' (without
  quotes, and without % if you have automagic on).

* Tab completion in the local namespace:

  At any time, hitting tab will complete any available python commands or
  variable names, and show you a list of the possible completions if there's
  no unambiguous one. It will also complete filenames in the current directory.

* Search previous command history in multiple ways:

  - Start typing, and then use arrow keys up/down or (Ctrl-p/Ctrl-n) to search
    through the history items that match what you've typed so far.

  - Hit Ctrl-r: opens a search prompt. Begin typing and the system searches
    your history for lines that match what you've typed so far, completing as
    much as it can.

  - %hist: search history by index.

* Persistent command history across sessions.

* Logging of input with the ability to save and restore a working session.

* System shell with !. Typing !ls will run 'ls' in the current directory.

* The reload command does a 'deep' reload of a module: changes made to the
  module since you imported will actually be available without having to exit.

* Verbose and colored exception traceback printouts. See the magic xmode and
  xcolor functions for details (just type %magic).

* Input caching system:

  IPython offers numbered prompts (In/Out) with input and output caching. All
  input is saved and can be retrieved as variables (besides the usual arrow
  key recall).

  The following GLOBAL variables always exist (so don't overwrite them!):
  _i: stores previous input.
  _ii: next previous.
  _iii: next-next previous.
  _ih : a list of all input _ih[n] is the input from line n.

  Additionally, global variables named _i<n> are dynamically created (<n>
  being the prompt counter), such that _i<n> == _ih[<n>]

  For example, what you typed at prompt 14 is available as _i14 and _ih[14].

  You can create macros which contain multiple input lines from this history,
  for later re-execution, with the %macro function.

  The history function %hist allows you to see any part of your input history
  by printing a range of the _i variables. Note that inputs which contain
  magic functions (%) appear in the history with a prepended comment. This is
  because they aren't really valid Python code, so you can't exec them.

* Output caching system:

  For output that is returned from actions, a system similar to the input
  cache exists but using _ instead of _i. Only actions that produce a result
  (NOT assignments, for example) are cached. If you are familiar with
  Mathematica, IPython's _ variables behave exactly like Mathematica's %
  variables.

  The following GLOBAL variables always exist (so don't overwrite them!):
  _ (one underscore): previous output.
  __ (two underscores): next previous.
  ___ (three underscores): next-next previous.

  Global variables named _<n> are dynamically created (<n> being the prompt
  counter), such that the result of output <n> is always available as _<n>.

  Finally, a global dictionary named _oh exists with entries for all lines
  which generated output.

* Directory history:

  Your history of visited directories is kept in the global list _dh, and the
  magic %cd command can be used to go to any entry in that list.

* Auto-parentheses and auto-quotes (adapted from Nathan Gray's LazyPython)

  1. Auto-parentheses
        
     Callable objects (i.e. functions, methods, etc) can be invoked like
     this (notice the commas between the arguments)::
       
         In [1]: callable_ob arg1, arg2, arg3
       
     and the input will be translated to this::
       
         callable_ob(arg1, arg2, arg3)
       
     This feature is off by default (in rare cases it can produce
     undesirable side-effects), but you can activate it at the command-line
     by starting IPython with `--autocall 1`, set it permanently in your
     configuration file, or turn on at runtime with `%autocall 1`.

     You can force auto-parentheses by using '/' as the first character
     of a line.  For example::
       
          In [1]: /globals             # becomes 'globals()'
       
     Note that the '/' MUST be the first character on the line!  This
     won't work::
       
          In [2]: print /globals    # syntax error

     In most cases the automatic algorithm should work, so you should
     rarely need to explicitly invoke /. One notable exception is if you
     are trying to call a function with a list of tuples as arguments (the
     parenthesis will confuse IPython)::
       
          In [1]: zip (1,2,3),(4,5,6)  # won't work
       
     but this will work::
       
          In [2]: /zip (1,2,3),(4,5,6)
          ------> zip ((1,2,3),(4,5,6))
          Out[2]= [(1, 4), (2, 5), (3, 6)]

     IPython tells you that it has altered your command line by
     displaying the new command line preceded by -->.  e.g.::
       
          In [18]: callable list
          -------> callable (list)

  2. Auto-Quoting
    
     You can force auto-quoting of a function's arguments by using ',' as
     the first character of a line.  For example::
       
          In [1]: ,my_function /home/me   # becomes my_function("/home/me")

     If you use ';' instead, the whole argument is quoted as a single
     string (while ',' splits on whitespace)::
       
          In [2]: ,my_function a b c   # becomes my_function("a","b","c")
          In [3]: ;my_function a b c   # becomes my_function("a b c")

     Note that the ',' MUST be the first character on the line!  This
     won't work::
       
          In [4]: x = ,my_function /home/me    # syntax error
#549	NEW    cov: 1825 ft: 2422 corp: 21/85b lim: 6 exec/s: 549 rss: 92Mb L: 5/6 MS: 1 CopyPart-
#550	NEW    cov: 1890 ft: 2501 corp: 22/90b lim: 6 exec/s: 550 rss: 92Mb L: 5/6 MS: 1 InsertByte-

IPython -- An enhanced Interactive Python
=========================================

IPython offers a fully compatible replacement for the standard Python
interpreter, with convenient shell features, special commands, command
history mechanism and output results caching.

At your system command line, type 'ipython -h' to see the command line
options available. This document only describes interactive features.

GETTING HELP
------------

Within IPython you have various way to access help:

  ?         -> Introduction and overview of IPython's features (this screen).
  object?   -> Details about 'object'.
  object??  -> More detailed, verbose information about 'object'.
  %quickref -> Quick reference of all IPython specific syntax and magics.
  help      -> Access Python's own help system.

If you are in terminal IPython you can quit this screen by pressing `q`.


MAIN FEATURES
-------------

* Access to the standard Python help with object docstrings and the Python
  manuals. Simply type 'help' (no quotes) to invoke it.

* Magic commands: type %magic for information on the magic subsystem.

* System command aliases, via the %alias command or the configuration file(s).

* Dynamic object information:

  Typing ?word or word? prints detailed information about an object. Certain
  long strings (code, etc.) get snipped in the center for brevity.

  Typing ??word or word?? gives access to the full information without
  snipping long strings. Strings that are longer than the screen are printed
  through the less pager.

  The ?/?? system gives access to the full source code for any object (if
  available), shows function prototypes and other useful information.

  If you just want to see an object's docstring, type '%pdoc object' (without
  quotes, and without % if you have automagic on).

* Tab completion in the local namespace:

  At any time, hitting tab will complete any available python commands or
  variable names, and show you a list of the possible completions if there's
  no unambiguous one. It will also complete filenames in the current directory.

* Search previous command history in multiple ways:

  - Start typing, and then use arrow keys up/down or (Ctrl-p/Ctrl-n) to search
    through the history items that match what you've typed so far.

  - Hit Ctrl-r: opens a search prompt. Begin typing and the system searches
    your history for lines that match what you've typed so far, completing as
    much as it can.

  - %hist: search history by index.

* Persistent command history across sessions.

* Logging of input with the ability to save and restore a working session.

* System shell with !. Typing !ls will run 'ls' in the current directory.

* The reload command does a 'deep' reload of a module: changes made to the
  module since you imported will actually be available without having to exit.

* Verbose and colored exception traceback printouts. See the magic xmode and
  xcolor functions for details (just type %magic).

* Input caching system:

  IPython offers numbered prompts (In/Out) with input and output caching. All
  input is saved and can be retrieved as variables (besides the usual arrow
  key recall).

  The following GLOBAL variables always exist (so don't overwrite them!):
  _i: stores previous input.
  _ii: next previous.
  _iii: next-next previous.
  _ih : a list of all input _ih[n] is the input from line n.

  Additionally, global variables named _i<n> are dynamically created (<n>
  being the prompt counter), such that _i<n> == _ih[<n>]

  For example, what you typed at prompt 14 is available as _i14 and _ih[14].

  You can create macros which contain multiple input lines from this history,
  for later re-execution, with the %macro function.

  The history function %hist allows you to see any part of your input history
  by printing a range of the _i variables. Note that inputs which contain
  magic functions (%) appear in the history with a prepended comment. This is
  because they aren't really valid Python code, so you can't exec them.

* Output caching system:

  For output that is returned from actions, a system similar to the input
  cache exists but using _ instead of _i. Only actions that produce a result
  (NOT assignments, for example) are cached. If you are familiar with
  Mathematica, IPython's _ variables behave exactly like Mathematica's %
  variables.

  The following GLOBAL variables always exist (so don't overwrite them!):
  _ (one underscore): previous output.
  __ (two underscores): next previous.
  ___ (three underscores): next-next previous.

  Global variables named _<n> are dynamically created (<n> being the prompt
  counter), such that the result of output <n> is always available as _<n>.

  Finally, a global dictionary named _oh exists with entries for all lines
  which generated output.

* Directory history:

  Your history of visited directories is kept in the global list _dh, and the
  magic %cd command can be used to go to any entry in that list.

* Auto-parentheses and auto-quotes (adapted from Nathan Gray's LazyPython)

  1. Auto-parentheses
        
     Callable objects (i.e. functions, methods, etc) can be invoked like
     this (notice the commas between the arguments)::
       
         In [1]: callable_ob arg1, arg2, arg3
       
     and the input will be translated to this::
       
         callable_ob(arg1, arg2, arg3)
       
     This feature is off by default (in rare cases it can produce
     undesirable side-effects), but you can activate it at the command-line
     by starting IPython with `--autocall 1`, set it permanently in your
     configuration file, or turn on at runtime with `%autocall 1`.

     You can force auto-parentheses by using '/' as the first character
     of a line.  For example::
       
          In [1]: /globals             # becomes 'globals()'
       
     Note that the '/' MUST be the first character on the line!  This
     won't work::
       
          In [2]: print /globals    # syntax error

     In most cases the automatic algorithm should work, so you should
     rarely need to explicitly invoke /. One notable exception is if you
     are trying to call a function with a list of tuples as arguments (the
     parenthesis will confuse IPython)::
       
          In [1]: zip (1,2,3),(4,5,6)  # won't work
       
     but this will work::
       
          In [2]: /zip (1,2,3),(4,5,6)
          ------> zip ((1,2,3),(4,5,6))
          Out[2]= [(1, 4), (2, 5), (3, 6)]

     IPython tells you that it has altered your command line by
     displaying the new command line preceded by -->.  e.g.::
       
          In [18]: callable list
          -------> callable (list)

  2. Auto-Quoting
    
     You can force auto-quoting of a function's arguments by using ',' as
     the first character of a line.  For example::
       
          In [1]: ,my_function /home/me   # becomes my_function("/home/me")

     If you use ';' instead, the whole argument is quoted as a single
     string (while ',' splits on whitespace)::
       
          In [2]: ,my_function a b c   # becomes my_function("a","b","c")
          In [3]: ;my_function a b c   # becomes my_function("a b c")

     Note that the ',' MUST be the first character on the line!  This
     won't work::
       
          In [4]: x = ,my_function /home/me    # syntax error

IPython -- An enhanced Interactive Python
=========================================

IPython offers a fully compatible replacement for the standard Python
interpreter, with convenient shell features, special commands, command
history mechanism and output results caching.

At your system command line, type 'ipython -h' to see the command line
options available. This document only describes interactive features.

GETTING HELP
------------

Within IPython you have various way to access help:

  ?         -> Introduction and overview of IPython's features (this screen).
  object?   -> Details about 'object'.
  object??  -> More detailed, verbose information about 'object'.
  %quickref -> Quick reference of all IPython specific syntax and magics.
  help      -> Access Python's own help system.

If you are in terminal IPython you can quit this screen by pressing `q`.


MAIN FEATURES
-------------

* Access to the standard Python help with object docstrings and the Python
  manuals. Simply type 'help' (no quotes) to invoke it.

* Magic commands: type %magic for information on the magic subsystem.

* System command aliases, via the %alias command or the configuration file(s).

* Dynamic object information:

  Typing ?word or word? prints detailed information about an object. Certain
  long strings (code, etc.) get snipped in the center for brevity.

  Typing ??word or word?? gives access to the full information without
  snipping long strings. Strings that are longer than the screen are printed
  through the less pager.

  The ?/?? system gives access to the full source code for any object (if
  available), shows function prototypes and other useful information.

  If you just want to see an object's docstring, type '%pdoc object' (without
  quotes, and without % if you have automagic on).

* Tab completion in the local namespace:

  At any time, hitting tab will complete any available python commands or
  variable names, and show you a list of the possible completions if there's
  no unambiguous one. It will also complete filenames in the current directory.

* Search previous command history in multiple ways:

  - Start typing, and then use arrow keys up/down or (Ctrl-p/Ctrl-n) to search
    through the history items that match what you've typed so far.

  - Hit Ctrl-r: opens a search prompt. Begin typing and the system searches
    your history for lines that match what you've typed so far, completing as
    much as it can.

  - %hist: search history by index.

* Persistent command history across sessions.

* Logging of input with the ability to save and restore a working session.

* System shell with !. Typing !ls will run 'ls' in the current directory.

* The reload command does a 'deep' reload of a module: changes made to the
  module since you imported will actually be available without having to exit.

* Verbose and colored exception traceback printouts. See the magic xmode and
  xcolor functions for details (just type %magic).

* Input caching system:

  IPython offers numbered prompts (In/Out) with input and output caching. All
  input is saved and can be retrieved as variables (besides the usual arrow
  key recall).

  The following GLOBAL variables always exist (so don't overwrite them!):
  _i: stores previous input.
  _ii: next previous.
  _iii: next-next previous.
  _ih : a list of all input _ih[n] is the input from line n.

  Additionally, global variables named _i<n> are dynamically created (<n>
  being the prompt counter), such that _i<n> == _ih[<n>]

  For example, what you typed at prompt 14 is available as _i14 and _ih[14].

  You can create macros which contain multiple input lines from this history,
  for later re-execution, with the %macro function.

  The history function %hist allows you to see any part of your input history
  by printing a range of the _i variables. Note that inputs which contain
  magic functions (%) appear in the history with a prepended comment. This is
  because they aren't really valid Python code, so you can't exec them.

* Output caching system:

  For output that is returned from actions, a system similar to the input
  cache exists but using _ instead of _i. Only actions that produce a result
  (NOT assignments, for example) are cached. If you are familiar with
  Mathematica, IPython's _ variables behave exactly like Mathematica's %
  variables.

  The following GLOBAL variables always exist (so don't overwrite them!):
  _ (one underscore): previous output.
  __ (two underscores): next previous.
  ___ (three underscores): next-next previous.

  Global variables named _<n> are dynamically created (<n> being the prompt
  counter), such that the result of output <n> is always available as _<n>.

  Finally, a global dictionary named _oh exists with entries for all lines
  which generated output.

* Directory history:

  Your history of visited directories is kept in the global list _dh, and the
  magic %cd command can be used to go to any entry in that list.

* Auto-parentheses and auto-quotes (adapted from Nathan Gray's LazyPython)

  1. Auto-parentheses
        
     Callable objects (i.e. functions, methods, etc) can be invoked like
     this (notice the commas between the arguments)::
       
         In [1]: callable_ob arg1, arg2, arg3
       
     and the input will be translated to this::
       
         callable_ob(arg1, arg2, arg3)
       
     This feature is off by default (in rare cases it can produce
     undesirable side-effects), but you can activate it at the command-line
     by starting IPython with `--autocall 1`, set it permanently in your
     configuration file, or turn on at runtime with `%autocall 1`.

     You can force auto-parentheses by using '/' as the first character
     of a line.  For example::
       
          In [1]: /globals             # becomes 'globals()'
       
     Note that the '/' MUST be the first character on the line!  This
     won't work::
       
          In [2]: print /globals    # syntax error

     In most cases the automatic algorithm should work, so you should
     rarely need to explicitly invoke /. One notable exception is if you
     are trying to call a function with a list of tuples as arguments (the
     parenthesis will confuse IPython)::
       
          In [1]: zip (1,2,3),(4,5,6)  # won't work
       
     but this will work::
       
          In [2]: /zip (1,2,3),(4,5,6)
          ------> zip ((1,2,3),(4,5,6))
          Out[2]= [(1, 4), (2, 5), (3, 6)]

     IPython tells you that it has altered your command line by
     displaying the new command line preceded by -->.  e.g.::
       
          In [18]: callable list
          -------> callable (list)

  2. Auto-Quoting
    
     You can force auto-quoting of a function's arguments by using ',' as
     the first character of a line.  For example::
       
          In [1]: ,my_function /home/me   # becomes my_function("/home/me")

     If you use ';' instead, the whole argument is quoted as a single
     string (while ',' splits on whitespace)::
       
          In [2]: ,my_function a b c   # becomes my_function("a","b","c")
          In [3]: ;my_function a b c   # becomes my_function("a b c")

     Note that the ',' MUST be the first character on the line!  This
     won't work::
       
          In [4]: x = ,my_function /home/me    # syntax error
#573	NEW    cov: 1894 ft: 2505 corp: 23/96b lim: 6 exec/s: 573 rss: 92Mb L: 6/6 MS: 3 CrossOver-ChangeBinInt-InsertByte-
#578	NEW    cov: 1917 ft: 2554 corp: 24/101b lim: 6 exec/s: 578 rss: 92Mb L: 5/6 MS: 5 ChangeBit-ChangeByte-ShuffleBytes-ChangeByte-ChangeBit-
UsageError: Line magic function `%` not found.
UsageError: Line magic function `%%` not found.
UsageError: Line magic function `%%` not found.
UsageError: Line magic function `%%` not found.
UsageError: Line magic function `%%` not found.
UsageError: Line magic function `%@` not found.
#612	NEW    cov: 1917 ft: 2556 corp: 25/106b lim: 6 exec/s: 612 rss: 92Mb L: 5/6 MS: 4 CopyPart-CopyPart-ChangeBinInt-ChangeByte-
UsageError: Line magic function `%` not found.
  [36mFile [39m[32m<ipython-input-1-026968384959>:1[39m
[31m    [39m[31m:[39m
    ^
[31mSyntaxError[39m[31m:[39m invalid syntax

  [36mFile [39m[32m<ipython-input-1-026968384959>:1[39m
[31m    [39m[31m:[39m
    ^
[31mSyntaxError[39m[31m:[39m invalid syntax

  [36mFile [39m[32m<ipython-input-1-026968384959>:1[39m
[31m    [39m[31m:[39m
    ^
[31mSyntaxError[39m[31m:[39m invalid syntax

Object `Z` not found.
  [36mFile [39m[32m<string>[39m
[31m    [39m
[31mSyntaxError[39m[31m:[39m source code string cannot contain null bytes

  [36mFile [39m[32m<ipython-input-1-21a7a785969a>:1[39m
[31m    [39m[31m>[39m
    ^
[31mSyntaxError[39m[31m:[39m invalid non-printable character U+0001

  [36mFile [39m[32m<ipython-input-1-f435e11c28e0>:1[39m
[31m    [39m[31m>[39m
     ^
[31mSyntaxError[39m[31m:[39m invalid non-printable character U+0006

  [36mFile [39m[32m<ipython-input-1-5741e07d1759>:1[39m
[31m    [39m[31m<[39m
     ^
[31mSyntaxError[39m[31m:[39m invalid non-printable character U+0006

  [36mFile [39m[32m<ipython-input-1-c7fb10fd6de9>:1[39m
[31m    [39m[31m[39m
    ^
[31mSyntaxError[39m[31m:[39m invalid non-printable character U+007F

  [36mFile [39m[32m<string>[39m
[31m    [39m
[31mSyntaxError[39m[31m:[39m source code string cannot contain null bytes

  [36mFile [39m[32m<string>[39m
[31m    [39m
[31mSyntaxError[39m[31m:[39m source code string cannot contain null bytes

[31m---------------------------------------------------------------------------[39m
[31mNameError[39m                                 Traceback (most recent call last)
[36mFile [39m[32m<ipython-input-1-6f2516700471>:1[39m
[32m----> [39m[32m1[39m [43m씀[49m

[31mNameError[39m: name '씀' is not defined
  [36mFile [39m[32m<string>[39m
[31m    [39m
[31mSyntaxError[39m[31m:[39m source code string cannot contain null bytes

  [36mFile [39m[32m<string>[39m
[31m    [39m
[31mSyntaxError[39m[31m:[39m source code string cannot contain null bytes

Object `!` not found.
Object `Z` not found.
Object `Z` not found.
[31m---------------------------------------------------------------------------[39m
[31mNameError[39m                                 Traceback (most recent call last)
[36mFile [39m[32m<ipython-input-1-795b56efd673>:1[39m
[32m----> [39m[32m1[39m +[43mZ[49m

[31mNameError[39m: name 'Z' is not defined
[31m---------------------------------------------------------------------------[39m
[31mNameError[39m                                 Traceback (most recent call last)
[36mFile [39m[32m<ipython-input-1-795b56efd673>:1[39m
[32m----> [39m[32m1[39m +[43mZ[49m

[31mNameError[39m: name 'Z' is not defined
[31m---------------------------------------------------------------------------[39m
[31mNameError[39m                                 Traceback (most recent call last)
[36mFile [39m[32m<ipython-input-1-21cff4c5f03a>:1[39m
[32m----> [39m[32m1[39m [43mZ[49m([33m"[39m[33m"[39m)

[31mNameError[39m: name 'Z' is not defined
  [36mFile [39m[32m<string>[39m
[31m    [39m
[31mSyntaxError[39m[31m:[39m source code string cannot contain null bytes

[31m---------------------------------------------------------------------------[39m
[31mNameError[39m                                 Traceback (most recent call last)
[36mFile [39m[32m<ipython-input-1-a5938ace3f42>:1[39m
[32m----> [39m[32m1[39m [43mg[49m

[31mNameError[39m: name 'g' is not defined
  [36mFile [39m[32m<ipython-input-1-a3ba5177b78c>:1[39m
[31m    [39m[31mg[39m
     ^
[31mSyntaxError[39m[31m:[39m invalid non-printable character U+007F

  [36mFile [39m[32m<ipython-input-1-a3ba5177b78c>:1[39m
[31m    [39m[31mg[39m
     ^
[31mSyntaxError[39m[31m:[39m invalid non-printable character U+007F

  [36mFile [39m[32m<ipython-input-1-a3ba5177b78c>:1[39m
[31m    [39m[31mg[39m
     ^
[31mSyntaxError[39m[31m:[39m invalid non-printable character U+007F

  [36mFile [39m[32m<ipython-input-1-d3b3f530111b>:1[39m
[31m    [39m[31m[39m
    ^
[31mSyntaxError[39m[31m:[39m invalid non-printable character U+0013

  [36mFile [39m[32m<ipython-input-1-d3b3f530111b>:1[39m
[31m    [39m[31m[39m
    ^
[31mSyntaxError[39m[31m:[39m invalid non-printable character U+0013

  [36mFile [39m[32m<ipython-input-1-d3b3f530111b>:1[39m
[31m    [39m[31m[39m
    ^
[31mSyntaxError[39m[31m:[39m invalid non-printable character U+0013

  [36mFile [39m[32m<ipython-input-1-9fab72c65212>:1[39m
[31m    [39m[31m[39m
    ^
[31mSyntaxError[39m[31m:[39m invalid non-printable character U+0013

Object `K` not found.
[31m---------------------------------------------------------------------------[39m
[31mNameError[39m                                 Traceback (most recent call last)
[36mFile [39m[32m<ipython-input-1-0732132a7bc9>:1[39m
[32m----> [39m[32m1[39m [43mKK[49m

[31mNameError[39m: name 'KK' is not defined
[31m---------------------------------------------------------------------------[39m
[31mNameError[39m                                 Traceback (most recent call last)
[36mFile [39m[32m<ipython-input-1-0732132a7bc9>:1[39m
[32m----> [39m[32m1[39m [43mKK[49m

[31mNameError[39m: name 'KK' is not defined
[31m---------------------------------------------------------------------------[39m
[31mNameError[39m                                 Traceback (most recent call last)
[36mFile [39m[32m<ipython-input-1-9d60f706cc3c>:1[39m
[32m----> [39m[32m1[39m [43mK[49m

[31mNameError[39m: name 'K' is not defined
  [36mFile [39m[32m<ipython-input-1-8f27084b6294>:1[39m
[31m    [39m[31m/[39m
    ^
[31mSyntaxError[39m[31m:[39m invalid syntax

  [36mFile [39m[32m<ipython-input-1-8f27084b6294>:1[39m
[31m    [39m[31m/[39m
    ^
[31mSyntaxError[39m[31m:[39m invalid syntax

[31m---------------------------------------------------------------------------[39m
[31mNameError[39m                                 Traceback (most recent call last)
[36mFile [39m[32m<ipython-input-1-ab0680a89434>:1[39m
[32m----> [39m[32m1[39m [43mn[49m

[31mNameError[39m: name 'n' is not defined
[31m---------------------------------------------------------------------------[39m
[31mNameError[39m                                 Traceback (most recent call last)
[36mFile [39m[32m<ipython-input-1-ab0680a89434>:1[39m
[32m----> [39m[32m1[39m [43mn[49m

[31mNameError[39m: name 'n' is not defined
[31m---------------------------------------------------------------------------[39m
[31mNameError[39m                                 Traceback (most recent call last)
[36mFile [39m[32m<ipython-input-1-ab0680a89434>:1[39m
[32m----> [39m[32m1[39m [43mn[49m

[31mNameError[39m: name 'n' is not defined
[31m---------------------------------------------------------------------------[39m
[31mNameError[39m                                 Traceback (most recent call last)
[36mFile [39m[32m<ipython-input-1-a5938ace3f42>:1[39m
[32m----> [39m[32m1[39m [43mg[49m

[31mNameError[39m: name 'g' is not defined
  [36mFile [39m[32m<string>[39m
[31m    [39m
[31mSyntaxError[39m[31m:[39m source code string cannot contain null bytes

  [36mFile [39m[32m<string>[39m
[31m    [39m
[31mSyntaxError[39m[31m:[39m source code string cannot contain null bytes

  [36mFile [39m[32m<string>[39m
[31m    [39m
[31mSyntaxError[39m[31m:[39m source code string cannot contain null bytes

  [36mFile [39m[32m<ipython-input-1-026968384959>:1[39m
[31m    [39m[31m:[39m
    ^
[31mSyntaxError[39m[31m:[39m invalid syntax

  [36mFile [39m[32m<ipython-input-1-026968384959>:1[39m
[31m    [39m[31m:[39m
    ^
[31mSyntaxError[39m[31m:[39m invalid syntax

  [36mFile [39m[32m<string>[39m
[31m    [39m
[31mSyntaxError[39m[31m:[39m source code string cannot contain null bytes

  [36mFile [39m[32m<string>[39m
[31m    [39m
[31mSyntaxError[39m[31m:[39m source code string cannot contain null bytes

  [36mFile [39m[32m<string>[39m
[31m    [39m
[31mSyntaxError[39m[31m:[39m source code string cannot contain null bytes
#649	NEW    cov: 1917 ft: 2559 corp: 26/112b lim: 6 exec/s: 649 rss: 92Mb L: 6/6 MS: 2 CopyPart-InsertByte-
#656	NEW    cov: 1917 ft: 2562 corp: 27/118b lim: 6 exec/s: 328 rss: 92Mb L: 6/6 MS: 2 ChangeByte-CrossOver-

IPython -- An enhanced Interactive Python
=========================================

IPython offers a fully compatible replacement for the standard Python
interpreter, with convenient shell features, special commands, command
history mechanism and output results caching.

At your system command line, type 'ipython -h' to see the command line
options available. This document only describes interactive features.

GETTING HELP
------------

Within IPython you have various way to access help:

  ?         -> Introduction and overview of IPython's features (this screen).
  object?   -> Details about 'object'.
  object??  -> More detailed, verbose information about 'object'.
  %quickref -> Quick reference of all IPython specific syntax and magics.
  help      -> Access Python's own help system.

If you are in terminal IPython you can quit this screen by pressing `q`.


MAIN FEATURES
-------------

* Access to the standard Python help with object docstrings and the Python
  manuals. Simply type 'help' (no quotes) to invoke it.

* Magic commands: type %magic for information on the magic subsystem.

* System command aliases, via the %alias command or the configuration file(s).

* Dynamic object information:

  Typing ?word or word? prints detailed information about an object. Certain
  long strings (code, etc.) get snipped in the center for brevity.

  Typing ??word or word?? gives access to the full information without
  snipping long strings. Strings that are longer than the screen are printed
  through the less pager.

  The ?/?? system gives access to the full source code for any object (if
  available), shows function prototypes and other useful information.

  If you just want to see an object's docstring, type '%pdoc object' (without
  quotes, and without % if you have automagic on).

* Tab completion in the local namespace:

  At any time, hitting tab will complete any available python commands or
  variable names, and show you a list of the possible completions if there's
  no unambiguous one. It will also complete filenames in the current directory.

* Search previous command history in multiple ways:

  - Start typing, and then use arrow keys up/down or (Ctrl-p/Ctrl-n) to search
    through the history items that match what you've typed so far.

  - Hit Ctrl-r: opens a search prompt. Begin typing and the system searches
    your history for lines that match what you've typed so far, completing as
    much as it can.

  - %hist: search history by index.

* Persistent command history across sessions.

* Logging of input with the ability to save and restore a working session.

* System shell with !. Typing !ls will run 'ls' in the current directory.

* The reload command does a 'deep' reload of a module: changes made to the
  module since you imported will actually be available without having to exit.

* Verbose and colored exception traceback printouts. See the magic xmode and
  xcolor functions for details (just type %magic).

* Input caching system:

  IPython offers numbered prompts (In/Out) with input and output caching. All
  input is saved and can be retrieved as variables (besides the usual arrow
  key recall).

  The following GLOBAL variables always exist (so don't overwrite them!):
  _i: stores previous input.
  _ii: next previous.
  _iii: next-next previous.
  _ih : a list of all input _ih[n] is the input from line n.

  Additionally, global variables named _i<n> are dynamically created (<n>
  being the prompt counter), such that _i<n> == _ih[<n>]

  For example, what you typed at prompt 14 is available as _i14 and _ih[14].

  You can create macros which contain multiple input lines from this history,
  for later re-execution, with the %macro function.

  The history function %hist allows you to see any part of your input history
  by printing a range of the _i variables. Note that inputs which contain
  magic functions (%) appear in the history with a prepended comment. This is
  because they aren't really valid Python code, so you can't exec them.

* Output caching system:

  For output that is returned from actions, a system similar to the input
  cache exists but using _ instead of _i. Only actions that produce a result
  (NOT assignments, for example) are cached. If you are familiar with
  Mathematica, IPython's _ variables behave exactly like Mathematica's %
  variables.

  The following GLOBAL variables always exist (so don't overwrite them!):
  _ (one underscore): previous output.
  __ (two underscores): next previous.
  ___ (three underscores): next-next previous.

  Global variables named _<n> are dynamically created (<n> being the prompt
  counter), such that the result of output <n> is always available as _<n>.

  Finally, a global dictionary named _oh exists with entries for all lines
  which generated output.

* Directory history:

  Your history of visited directories is kept in the global list _dh, and the
  magic %cd command can be used to go to any entry in that list.

* Auto-parentheses and auto-quotes (adapted from Nathan Gray's LazyPython)

  1. Auto-parentheses
        
     Callable objects (i.e. functions, methods, etc) can be invoked like
     this (notice the commas between the arguments)::
       
         In [1]: callable_ob arg1, arg2, arg3
       
     and the input will be translated to this::
       
         callable_ob(arg1, arg2, arg3)
       
     This feature is off by default (in rare cases it can produce
     undesirable side-effects), but you can activate it at the command-line
     by starting IPython with `--autocall 1`, set it permanently in your
     configuration file, or turn on at runtime with `%autocall 1`.

     You can force auto-parentheses by using '/' as the first character
     of a line.  For example::
       
          In [1]: /globals             # becomes 'globals()'
       
     Note that the '/' MUST be the first character on the line!  This
     won't work::
       
          In [2]: print /globals    # syntax error

     In most cases the automatic algorithm should work, so you should
     rarely need to explicitly invoke /. One notable exception is if you
     are trying to call a function with a list of tuples as arguments (the
     parenthesis will confuse IPython)::
       
          In [1]: zip (1,2,3),(4,5,6)  # won't work
       
     but this will work::
       
          In [2]: /zip (1,2,3),(4,5,6)
          ------> zip ((1,2,3),(4,5,6))
          Out[2]= [(1, 4), (2, 5), (3, 6)]

     IPython tells you that it has altered your command line by
     displaying the new command line preceded by -->.  e.g.::
       
          In [18]: callable list
          -------> callable (list)

  2. Auto-Quoting
    
     You can force auto-quoting of a function's arguments by using ',' as
     the first character of a line.  For example::
       
          In [1]: ,my_function /home/me   # becomes my_function("/home/me")

     If you use ';' instead, the whole argument is quoted as a single
     string (while ',' splits on whitespace)::
       
          In [2]: ,my_function a b c   # becomes my_function("a","b","c")
          In [3]: ;my_function a b c   # becomes my_function("a b c")

     Note that the ',' MUST be the first character on the line!  This
     won't work::
       
          In [4]: x = ,my_function /home/me    # syntax error
#667	NEW    cov: 1917 ft: 2665 corp: 28/124b lim: 6 exec/s: 333 rss: 92Mb L: 6/6 MS: 1 CopyPart-
#669	NEW    cov: 1917 ft: 2666 corp: 29/130b lim: 6 exec/s: 334 rss: 92Mb L: 6/6 MS: 2 CrossOver-InsertByte-

  [36mFile [39m[32m<string>[39m
[31m    [39m
[31mSyntaxError[39m[31m:[39m source code string cannot contain null bytes

  [36mFile [39m[32m<ipython-input-1-8c377ec00ce8>:1[39m
[31m    [39m[31m[39m
    ^
[31mSyntaxError[39m[31m:[39m invalid non-printable character U+0001

  [36mFile [39m[32m<ipython-input-1-8c377ec00ce8>:1[39m
[31m    [39m[31m[39m
    ^
[31mSyntaxError[39m[31m:[39m invalid non-printable character U+0001

  [36mFile [39m[32m<ipython-input-1-e69f49baade6>:1[39m
[31m    [39m[31mg[39m
     ^
[31mSyntaxError[39m[31m:[39m invalid non-printable character U+0001

  [36mFile [39m[32m<ipython-input-1-e69f49baade6>:1[39m
[31m    [39m[31mg[39m
     ^
[31mSyntaxError[39m[31m:[39m invalid non-printable character U+0001

[31m---------------------------------------------------------------------------[39m
[31mNameError[39m                                 Traceback (most recent call last)
[36mFile [39m[32m<ipython-input-1-978d48cdbc68>:1[39m
[32m----> [39m[32m1[39m [43mg[49m	

[31mNameError[39m: name 'g' is not defined
[31m---------------------------------------------------------------------------[39m
[31mNameError[39m                                 Traceback (most recent call last)
[36mFile [39m[32m<ipython-input-1-978d48cdbc68>:1[39m
[32m----> [39m[32m1[39m [43mg[49m	

[31mNameError[39m: name 'g' is not defined
  [36mFile [39m[32m<ipython-input-1-635ea19d3f60>:1[39m
[31m    [39m[31m[39m
    ^
[31mSyntaxError[39m[31m:[39m invalid non-printable character U+0001

[31m---------------------------------------------------------------------------[39m
[31mNameError[39m                                 Traceback (most recent call last)
[36mFile [39m[32m<ipython-input-1-7efe06a79dd2>:1[39m
[32m----> [39m[32m1[39m [43mu[49m,

[31mNameError[39m: name 'u' is not defined
  [36mFile [39m[32m<ipython-input-1-27c7dc01f478>:1[39m
[31m    [39m[31mu%,[39m
      ^
[31mSyntaxError[39m[31m:[39m invalid syntax

[31m---------------------------------------------------------------------------[39m
[31mNameError[39m                                 Traceback (most recent call last)
[36mFile [39m[32m<ipython-input-1-9d60f706cc3c>:1[39m
[32m----> [39m[32m1[39m [43mK[49m

[31mNameError[39m: name 'K' is not defined
[31m---------------------------------------------------------------------------[39m
[31mNameError[39m                                 Traceback (most recent call last)
[36mFile [39m[32m<ipython-input-1-9d60f706cc3c>:1[39m
[32m----> [39m[32m1[39m [43mK[49m

[31mNameError[39m: name 'K' is not defined
  [36mFile [39m[32m<ipython-input-1-32476d7a92e6>:1[39m
[31m    [39m[31m+?K[39m
     ^
[31mSyntaxError[39m[31m:[39m invalid syntax

  [36mFile [39m[32m<ipython-input-1-32476d7a92e6>:1[39m
[31m    [39m[31m+?K[39m
     ^
[31mSyntaxError[39m[31m:[39m invalid syntax

  [36mFile [39m[32m<ipython-input-1-32476d7a92e6>:1[39m
[31m    [39m[31m+?K[39m
     ^
[31mSyntaxError[39m[31m:[39m invalid syntax

  [36mFile [39m[32m<ipython-input-1-9181d8f7ccec>:1[39m
[31m    [39m[31mg[39m
     ^
[31mSyntaxError[39m[31m:[39m invalid non-printable character U+000B

  [36mFile [39m[32m<ipython-input-1-8f3b0ede8b6f>:1[39m
[31m    [39m[31mg1:[39m
       ^
[31mSyntaxError[39m[31m:[39m invalid syntax

[31m---------------------------------------------------------------------------[39m
[31mNameError[39m                                 Traceback (most recent call last)
[36mFile [39m[32m<ipython-input-1-f0731c89dddc>:1[39m
[32m----> [39m[32m1[39m [43m뾻[49m

[31mNameError[39m: name '뾻' is not defined
[31m---------------------------------------------------------------------------[39m
[31mNameError[39m                                 Traceback (most recent call last)
[36mFile [39m[32m<ipython-input-1-f0731c89dddc>:1[39m
[32m----> [39m[32m1[39m [43m뾻[49m

[31mNameError[39m: name '뾻' is not defined
  [36mFile [39m[32m<string>[39m
[31m    [39m
[31mSyntaxError[39m[31m:[39m source code string cannot contain null bytes

  [36mFile [39m[32m<string>[39m
[31m    [39m
[31mSyntaxError[39m[31m:[39m source code string cannot contain null bytes

[31m---------------------------------------------------------------------------[39m
[31mNameError[39m                                 Traceback (most recent call last)
[36mFile [39m[32m<ipython-input-1-6387884615a3>:1[39m
[32m----> [39m[32m1[39m [43mZ[49m([33m"[39m[33m"[39m)([33m"[39m[33m"[39m)

[31mNameError[39m: name 'Z' is not defined
Object `K` not found.
  [36mFile [39m[32m<ipython-input-1-06d07bb56d65>:1[39m
[31m    [39m[31mK?[39m
     ^
[31mSyntaxError[39m[31m:[39m invalid non-printable character U+001F

Out[0]: 8
Out[0]: 0
Out[0]: 0
#681	NEW    cov: 1917 ft: 2672 corp: 30/134b lim: 6 exec/s: 340 rss: 92Mb L: 4/6 MS: 2 ShuffleBytes-EraseBytes-
/app/ipython/IPython/core/inputtransformer2.py:608: UserWarning: `make_tokens_by_line` received a list of lines which do not have lineending markers ('\n', '\r', '\r\n', '\x0b', '\x0c'), behavior will be unspecified
  tokens_by_line = make_tokens_by_line(lines)
#707	NEW    cov: 1918 ft: 2682 corp: 31/138b lim: 6 exec/s: 353 rss: 93Mb L: 4/6 MS: 1 EraseBytes-
#713	NEW    cov: 1918 ft: 2684 corp: 32/144b lim: 6 exec/s: 356 rss: 93Mb L: 6/6 MS: 1 ShuffleBytes-
#715	NEW    cov: 1918 ft: 2687 corp: 33/150b lim: 6 exec/s: 357 rss: 93Mb L: 6/6 MS: 2 ChangeByte-ChangeBit-
#717	NEW    cov: 1925 ft: 2694 corp: 34/155b lim: 6 exec/s: 358 rss: 93Mb L: 5/6 MS: 2 ChangeBinInt-InsertByte-
  [36mFile [39m[32m<string>[39m
[31m    [39m
[31mSyntaxError[39m[31m:[39m source code string cannot contain null bytes

  [36mFile [39m[32m<string>[39m
[31m    [39m
[31mSyntaxError[39m[31m:[39m source code string cannot contain null bytes

  [36mFile [39m[32m<string>[39m
[31m    [39m
[31mSyntaxError[39m[31m:[39m source code string cannot contain null bytes

  [36mFile [39m[32m<string>[39m
[31m    [39m
[31mSyntaxError[39m[31m:[39m source code string cannot contain null bytes

  [36mFile [39m[32m<ipython-input-1-8cb69c21665c>:1[39m
[31m    [39m[31m[39m
    ^
[31mSyntaxError[39m[31m:[39m invalid non-printable character U+0001

  [36mFile [39m[32m<ipython-input-1-1a7e521172d3>:1[39m
[31m    [39m[31m&@[39m
    ^
[31mSyntaxError[39m[31m:[39m invalid syntax

  [36mFile [39m[32m<ipython-input-1-f0fd520136fa>:1[39m
[31m    [39m[31m&@+[39m
    ^
[31mSyntaxError[39m[31m:[39m invalid syntax

  [36mFile [39m[32m<ipython-input-1-3c17c66d77d7>:1[39m
[31m    [39m[31m$@+[39m
    ^
[31mSyntaxError[39m[31m:[39m invalid syntax

  [36mFile [39m[32m<ipython-input-1-96fbf0048458>:1[39m
[31m    [39m[31m$d+[39m
    ^
[31mSyntaxError[39m[31m:[39m invalid syntax

  [36mFile [39m[32m<ipython-input-1-f2b438463ee6>:1[39m
[31m    [39m[31m$[39m
    ^
[31mSyntaxError[39m[31m:[39m invalid syntax

[31m---------------------------------------------------------------------------[39m
[31mNameError[39m                                 Traceback (most recent call last)
[36mFile [39m[32m<ipython-input-1-a5938ace3f42>:1[39m
[32m----> [39m[32m1[39m [43mg[49m

[31mNameError[39m: name 'g' is not defined
[31m---------------------------------------------------------------------------[39m
[31mNameError[39m                                 Traceback (most recent call last)
[36mFile [39m[32m<ipython-input-1-a5938ace3f42>:1[39m
[32m----> [39m[32m1[39m [43mg[49m

[31mNameError[39m: name 'g' is not defined
[31m---------------------------------------------------------------------------[39m
[31mNameError[39m                                 Traceback (most recent call last)
[36mFile [39m[32m<ipython-input-1-a5938ace3f42>:1[39m
[32m----> [39m[32m1[39m [43mg[49m

[31mNameError[39m: name 'g' is not defined
[31m---------------------------------------------------------------------------[39m
[31mNameError[39m                                 Traceback (most recent call last)
[36mFile [39m[32m<ipython-input-1-a5938ace3f42>:1[39m
[32m----> [39m[32m1[39m [43mg[49m

[31mNameError[39m: name 'g' is not defined
[31m---------------------------------------------------------------------------[39m
[31mNameError[39m                                 Traceback (most recent call last)
[36mFile [39m[32m<ipython-input-1-de66bcdfc952>:1[39m
[32m----> [39m[32m1[39m [43mꔓ[49m

[31mNameError[39m: name 'ꔓ' is not defined
  [36mFile [39m[32m<ipython-input-1-d3b3f530111b>:1[39m
[31m    [39m[31m[39m
    ^
[31mSyntaxError[39m[31m:[39m invalid non-printable character U+0013

  [36mFile [39m[32m<string>[39m
[31m    [39m
[31mSyntaxError[39m[31m:[39m source code string cannot contain null bytes

  [36mFile [39m[32m<string>[39m
[31m    [39m
[31mSyntaxError[39m[31m:[39m source code string cannot contain null bytes

  [36mFile [39m[32m<string>[39m
[31m    [39m
[31mSyntaxError[39m[31m:[39m source code string cannot contain null bytes

  [36mFile [39m[32m<string>[39m
[31m    [39m
[31mSyntaxError[39m[31m:[39m source code string cannot contain null bytes

Object `KW` not found.
Object `KV` not found.
Object `KV` not found.
[31m---------------------------------------------------------------------------[39m
[31mNameError[39m                                 Traceback (most recent call last)
[36mFile [39m[32m<ipython-input-1-25d9066a0d26>:1[39m
[32m----> [39m[32m1[39m [43mKV[49m

[31mNameError[39m: name 'KV' is not defined
Object `K` not found.
Object `Z("")` not found.
[31m---------------------------------------------------------------------------[39m
[31mNameError[39m                                 Traceback (most recent call last)
[36mFile [39m[32m<ipython-input-1-6387884615a3>:1[39m
[32m----> [39m[32m1[39m [43mZ[49m([33m"[39m[33m"[39m)([33m"[39m[33m"[39m)

[31mNameError[39m: name 'Z' is not defined
[31m---------------------------------------------------------------------------[39m
[31mNameError[39m                                 Traceback (most recent call last)
[36mFile [39m[32m<ipython-input-1-92bf7b85c10d>:1[39m
[32m----> [39m[32m1[39m +[43mZ[49m([33m"[39m[33m"[39m)

[31mNameError[39m: name 'Z' is not defined
  [36mFile [39m[32m<string>[39m
[31m    [39m
[31mSyntaxError[39m[31m:[39m source code string cannot contain null bytes

  [36mFile [39m[32m<string>[39m
[31m    [39m
[31mSyntaxError[39m[31m:[39m source code string cannot contain null bytes

Out[0]: (2,)
#723	NEW    cov: 1942 ft: 2732 corp: 35/160b lim: 6 exec/s: 361 rss: 93Mb L: 5/6 MS: 1 ChangeByte-
#730	NEW    cov: 1947 ft: 2739 corp: 36/165b lim: 6 exec/s: 365 rss: 93Mb L: 5/6 MS: 2 CopyPart-EraseBytes-
UsageError: Line magic function `%%` not found.
UsageError: Line magic function `%%` not found.
UsageError: Line magic function `%%` not found.

IPython -- An enhanced Interactive Python
=========================================

IPython offers a fully compatible replacement for the standard Python
interpreter, with convenient shell features, special commands, command
history mechanism and output results caching.

At your system command line, type 'ipython -h' to see the command line
options available. This document only describes interactive features.

GETTING HELP
------------

Within IPython you have various way to access help:

  ?         -> Introduction and overview of IPython's features (this screen).
  object?   -> Details about 'object'.
  object??  -> More detailed, verbose information about 'object'.
  %quickref -> Quick reference of all IPython specific syntax and magics.
  help      -> Access Python's own help system.

If you are in terminal IPython you can quit this screen by pressing `q`.


MAIN FEATURES
-------------

* Access to the standard Python help with object docstrings and the Python
  manuals. Simply type 'help' (no quotes) to invoke it.

* Magic commands: type %magic for information on the magic subsystem.

* System command aliases, via the %alias command or the configuration file(s).

* Dynamic object information:

  Typing ?word or word? prints detailed information about an object. Certain
  long strings (code, etc.) get snipped in the center for brevity.

  Typing ??word or word?? gives access to the full information without
  snipping long strings. Strings that are longer than the screen are printed
  through the less pager.

  The ?/?? system gives access to the full source code for any object (if
  available), shows function prototypes and other useful information.

  If you just want to see an object's docstring, type '%pdoc object' (without
  quotes, and without % if you have automagic on).

* Tab completion in the local namespace:

  At any time, hitting tab will complete any available python commands or
  variable names, and show you a list of the possible completions if there's
  no unambiguous one. It will also complete filenames in the current directory.

* Search previous command history in multiple ways:

  - Start typing, and then use arrow keys up/down or (Ctrl-p/Ctrl-n) to search
    through the history items that match what you've typed so far.

  - Hit Ctrl-r: opens a search prompt. Begin typing and the system searches
    your history for lines that match what you've typed so far, completing as
    much as it can.

  - %hist: search history by index.

* Persistent command history across sessions.

* Logging of input with the ability to save and restore a working session.

* System shell with !. Typing !ls will run 'ls' in the current directory.

* The reload command does a 'deep' reload of a module: changes made to the
  module since you imported will actually be available without having to exit.

* Verbose and colored exception traceback printouts. See the magic xmode and
  xcolor functions for details (just type %magic).

* Input caching system:

  IPython offers numbered prompts (In/Out) with input and output caching. All
  input is saved and can be retrieved as variables (besides the usual arrow
  key recall).

  The following GLOBAL variables always exist (so don't overwrite them!):
  _i: stores previous input.
  _ii: next previous.
  _iii: next-next previous.
  _ih : a list of all input _ih[n] is the input from line n.

  Additionally, global variables named _i<n> are dynamically created (<n>
  being the prompt counter), such that _i<n> == _ih[<n>]

  For example, what you typed at prompt 14 is available as _i14 and _ih[14].

  You can create macros which contain multiple input lines from this history,
  for later re-execution, with the %macro function.

  The history function %hist allows you to see any part of your input history
  by printing a range of the _i variables. Note that inputs which contain
  magic functions (%) appear in the history with a prepended comment. This is
  because they aren't really valid Python code, so you can't exec them.

* Output caching system:

  For output that is returned from actions, a system similar to the input
  cache exists but using _ instead of _i. Only actions that produce a result
  (NOT assignments, for example) are cached. If you are familiar with
  Mathematica, IPython's _ variables behave exactly like Mathematica's %
  variables.

  The following GLOBAL variables always exist (so don't overwrite them!):
  _ (one underscore): previous output.
  __ (two underscores): next previous.
  ___ (three underscores): next-next previous.

  Global variables named _<n> are dynamically created (<n> being the prompt
  counter), such that the result of output <n> is always available as _<n>.

  Finally, a global dictionary named _oh exists with entries for all lines
  which generated output.

* Directory history:

  Your history of visited directories is kept in the global list _dh, and the
  magic %cd command can be used to go to any entry in that list.

* Auto-parentheses and auto-quotes (adapted from Nathan Gray's LazyPython)

  1. Auto-parentheses
        
     Callable objects (i.e. functions, methods, etc) can be invoked like
     this (notice the commas between the arguments)::
       
         In [1]: callable_ob arg1, arg2, arg3
       
     and the input will be translated to this::
       
         callable_ob(arg1, arg2, arg3)
       
     This feature is off by default (in rare cases it can produce
     undesirable side-effects), but you can activate it at the command-line
     by starting IPython with `--autocall 1`, set it permanently in your
     configuration file, or turn on at runtime with `%autocall 1`.

     You can force auto-parentheses by using '/' as the first character
     of a line.  For example::
       
          In [1]: /globals             # becomes 'globals()'
       
     Note that the '/' MUST be the first character on the line!  This
     won't work::
       
          In [2]: print /globals    # syntax error

     In most cases the automatic algorithm should work, so you should
     rarely need to explicitly invoke /. One notable exception is if you
     are trying to call a function with a list of tuples as arguments (the
     parenthesis will confuse IPython)::
       
          In [1]: zip (1,2,3),(4,5,6)  # won't work
       
     but this will work::
       
          In [2]: /zip (1,2,3),(4,5,6)
          ------> zip ((1,2,3),(4,5,6))
          Out[2]= [(1, 4), (2, 5), (3, 6)]

     IPython tells you that it has altered your command line by
     displaying the new command line preceded by -->.  e.g.::
       
          In [18]: callable list
          -------> callable (list)

  2. Auto-Quoting
    
     You can force auto-quoting of a function's arguments by using ',' as
     the first character of a line.  For example::
       
          In [1]: ,my_function /home/me   # becomes my_function("/home/me")

     If you use ';' instead, the whole argument is quoted as a single
     string (while ',' splits on whitespace)::
       
          In [2]: ,my_function a b c   # becomes my_function("a","b","c")
          In [3]: ;my_function a b c   # becomes my_function("a b c")

     Note that the ',' MUST be the first character on the line!  This
     won't work::
       
          In [4]: x = ,my_function /home/me    # syntax error
#742	NEW    cov: 1949 ft: 2741 corp: 37/171b lim: 6 exec/s: 371 rss: 93Mb L: 6/6 MS: 2 CopyPart-CrossOver-
  [36mFile [39m[32m<ipython-input-1-27c7dc01f478>:1[39m
[31m    [39m[31mu%,[39m
      ^
[31mSyntaxError[39m[31m:[39m invalid syntax

  [36mFile [39m[32m<ipython-input-1-27c7dc01f478>:1[39m
[31m    [39m[31mu%,[39m
      ^
[31mSyntaxError[39m[31m:[39m invalid syntax

  [36mFile [39m[32m<ipython-input-1-099b32617da5>:1[39m
[31m    [39m[31mu,%[39m
      ^
[31mSyntaxError[39m[31m:[39m invalid syntax

  [36mFile [39m[32m<ipython-input-1-099b32617da5>:1[39m
[31m    [39m[31mu,%[39m
      ^
[31mSyntaxError[39m[31m:[39m invalid syntax

  [36mFile [39m[32m<ipython-input-1-099b32617da5>:1[39m
[31m    [39m[31mu,%[39m
      ^
[31mSyntaxError[39m[31m:[39m invalid syntax

[31m---------------------------------------------------------------------------[39m
[31mNameError[39m                                 Traceback (most recent call last)
[36mFile [39m[32m<ipython-input-1-92bf7b85c10d>:1[39m
[32m----> [39m[32m1[39m +[43mZ[49m([33m"[39m[33m"[39m)

[31mNameError[39m: name 'Z' is not defined
[31m---------------------------------------------------------------------------[39m
[31mTypeError[39m                                 Traceback (most recent call last)
[36mFile [39m[32m<ipython-input-1-5957840cc2ae>:1[39m
[32m----> [39m[32m1[39m [43m+[49m[43m([49m[33;43m"[39;49m[33;43m"[39;49m[43m)[49m

[31mTypeError[39m: bad operand type for unary +: 'str'
  [36mFile [39m[32m<string>[39m
[31m    [39m
[31mSyntaxError[39m[31m:[39m source code string cannot contain null bytes

  [36mFile [39m[32m<string>[39m
[31m    [39m
[31mSyntaxError[39m[31m:[39m source code string cannot contain null bytes

  [36mFile [39m[32m<ipython-input-1-2d0caf7f44e8>:1[39m
[31m    [39m[31m??[39m
    ^
[31mSyntaxError[39m[31m:[39m invalid non-printable character U+001F

  [36mFile [39m[32m<string>[39m
[31m    [39m
[31mSyntaxError[39m[31m:[39m source code string cannot contain null bytes

  [36mFile [39m[32m<string>[39m
[31m    [39m
[31mSyntaxError[39m[31m:[39m source code string cannot contain null bytes

  [36mFile [39m[32m<string>[39m
[31m    [39m
[31mSyntaxError[39m[31m:[39m source code string cannot contain null bytes

  [36mFile [39m[32m<string>[39m
[31m    [39m
[31mSyntaxError[39m[31m:[39m source code string cannot contain null bytes

  [36mFile [39m[32m<string>[39m
[31m    [39m
[31mSyntaxError[39m[31m:[39m source code string cannot contain null bytes

  [36mFile [39m[32m<ipython-input-1-f20d4d4bdd66>:1[39m
[31m    [39m[31m㈣[39m
    ^
[31mSyntaxError[39m[31m:[39m invalid character '㈣' (U+3223)

  [36mFile [39m[32m<ipython-input-1-27b4c235d3cb>:1[39m
[31m    [39m[31m᪄[39m
    ^
[31mSyntaxError[39m[31m:[39m invalid character '᪄' (U+1A84)

  [36mFile [39m[32m<ipython-input-1-ca95d72cb665>:1[39m
[31m    [39m[31m᪆[39m
    ^
[31mSyntaxError[39m[31m:[39m invalid character '᪆' (U+1A86)

  [36mFile [39m[32m<ipython-input-1-4889648e8a44>:1[39m
[31m    [39m[31m[[39m
     ^
[31mSyntaxError[39m[31m:[39m incomplete input

  [36mFile [39m[32m<ipython-input-1-4889648e8a44>:1[39m
[31m    [39m[31m[[39m
     ^
[31mSyntaxError[39m[31m:[39m incomplete input

  [36mFile [39m[32m<ipython-input-1-8225f70667cf>:1[39m
[31m    [39m[31m[;[39m
     ^
[31mSyntaxError[39m[31m:[39m invalid non-printable character U+0001

Out[0]: ''
  [36mFile [39m[32m<ipython-input-1-f6460d7d9d2b>:1[39m
[31m    [39m[31m`[39m
    ^
[31mSyntaxError[39m[31m:[39m invalid syntax

  [36mFile [39m[32m<string>[39m
[31m    [39m
[31mSyntaxError[39m[31m:[39m source code string cannot contain null bytes

  [36mFile [39m[32m<string>[39m
[31m    [39m
[31mSyntaxError[39m[31m:[39m source code string cannot contain null bytes

  [36mFile [39m[32m<string>[39m
[31m    [39m
[31mSyntaxError[39m[31m:[39m source code string cannot contain null bytes

  [36mFile [39m[32m<string>[39m
[31m    [39m
[31mSyntaxError[39m[31m:[39m source code string cannot contain null bytes

  [36mFile [39m[32m<string>[39m
[31m    [39m
[31mSyntaxError[39m[31m:[39m source code string cannot contain null bytes

  [36mFile [39m[32m<ipython-input-1-006b72ba0ae1>:1[39m
[31m    [39m[31mu%[39m
      ^
[31mSyntaxError[39m[31m:[39m invalid syntax

  [36mFile [39m[32m<string>[39m
[31m    [39m
[31mSyntaxError[39m[31m:[39m source code string cannot contain null bytes

  [36mFile [39m[32m<string>[39m
[31m    [39m
[31mSyntaxError[39m[31m:[39m source code string cannot contain null bytes

  [36mFile [39m[32m<ipython-input-1-512e07326c6c>:1[39m
[31m    [39m[31m[39m
    ^
[31mSyntaxError[39m[31m:[39m invalid non-printable character U+0002

  [36mFile [39m[32m<ipython-input-1-512e07326c6c>:1[39m
[31m    [39m[31m[39m
    ^
[31mSyntaxError[39m[31m:[39m invalid non-printable character U+0002

  [36mFile [39m[32m<ipython-input-1-512e07326c6c>:1[39m
[31m    [39m[31m[39m
    ^
[31mSyntaxError[39m[31m:[39m invalid non-printable character U+0002

  [36mFile [39m[32m<ipython-input-1-512e07326c6c>:1[39m
[31m    [39m[31m[39m
    ^
[31mSyntaxError[39m[31m:[39m invalid non-printable character U+0002

  [36mFile [39m[32m<ipython-input-1-512e07326c6c>:1[39m
[31m    [39m[31m[39m
    ^
[31mSyntaxError[39m[31m:[39m invalid non-printable character U+0002

Out[0]: (2,)
UsageError: Line magic function `%4` not found.
UsageError: Line magic function `%4` not found.
UsageError: Line magic function `%` not found.
#795	REDUCE cov: 1949 ft: 2741 corp: 37/170b lim: 6 exec/s: 397 rss: 93Mb L: 5/6 MS: 3 ChangeByte-ChangeByte-EraseBytes-
#796	NEW    cov: 1950 ft: 2743 corp: 38/174b lim: 6 exec/s: 398 rss: 93Mb L: 4/6 MS: 1 EraseBytes-
#814	NEW    cov: 1952 ft: 2745 corp: 39/180b lim: 6 exec/s: 407 rss: 93Mb L: 6/6 MS: 3 CrossOver-EraseBytes-CrossOver-
UsageError: Line magic function `%` not found.
UsageError: Line magic function `%j` not found.
  [36mFile [39m[32m<ipython-input-1-f20d4d4bdd66>:1[39m
[31m    [39m[31m㈣[39m
    ^
[31mSyntaxError[39m[31m:[39m invalid character '㈣' (U+3223)

  [36mFile [39m[32m<ipython-input-1-f20d4d4bdd66>:1[39m
[31m    [39m[31m㈣[39m
    ^
[31mSyntaxError[39m[31m:[39m invalid character '㈣' (U+3223)

  [36mFile [39m[32m<ipython-input-1-a6b18c271e8d>:1[39m
[31m    [39m[31m㈤[39m
    ^
[31mSyntaxError[39m[31m:[39m invalid character '㈤' (U+3224)

[31m---------------------------------------------------------------------------[39m
[31mNameError[39m                                 Traceback (most recent call last)
[36mFile [39m[32m<ipython-input-1-883d9ca62217>:1[39m
[32m----> [39m[32m1[39m [43m㠤[49m

[31mNameError[39m: name '㠤' is not defined
  [36mFile [39m[32m<ipython-input-1-3971971cf85f>:1[39m
[31m    [39m[31m[[39m
     ^
[31mSyntaxError[39m[31m:[39m invalid non-printable character U+001A

  [36mFile [39m[32m<ipython-input-1-4889648e8a44>:1[39m
[31m    [39m[31m[[39m
     ^
[31mSyntaxError[39m[31m:[39m incomplete input

[31m---------------------------------------------------------------------------[39m
[31mNameError[39m                                 Traceback (most recent call last)
[36mFile [39m[32m<ipython-input-1-c59de6b1cc95>:1[39m
[32m----> [39m[32m1[39m [43m嬁[49m

[31mNameError[39m: name '嬁' is not defined
[31m---------------------------------------------------------------------------[39m
[31mNameError[39m                                 Traceback (most recent call last)
[36mFile [39m[32m<ipython-input-1-c59de6b1cc95>:1[39m
[32m----> [39m[32m1[39m [43m嬁[49m

[31mNameError[39m: name '嬁' is not defined
[31m---------------------------------------------------------------------------[39m
[31mNameError[39m                                 Traceback (most recent call last)
[36mFile [39m[32m<ipython-input-1-60e62269f954>:1[39m
[32m----> [39m[32m1[39m [43mᨁ[49m

[31mNameError[39m: name 'ᨁ' is not defined
[31m---------------------------------------------------------------------------[39m
[31mNameError[39m                                 Traceback (most recent call last)
[36mFile [39m[32m<ipython-input-1-a5938ace3f42>:1[39m
[32m----> [39m[32m1[39m [43mg[49m

[31mNameError[39m: name 'g' is not defined
[31m---------------------------------------------------------------------------[39m
[31mNameError[39m                                 Traceback (most recent call last)
[36mFile [39m[32m<ipython-input-1-a5938ace3f42>:1[39m
[32m----> [39m[32m1[39m [43mg[49m

[31mNameError[39m: name 'g' is not defined
  [36mFile [39m[32m<ipython-input-1-1b02207ba9e9>:1[39m
[31m    [39m[31m[39m
    ^
[31mSyntaxError[39m[31m:[39m invalid non-printable character U+0008

  [36mFile [39m[32m<ipython-input-1-1b02207ba9e9>:1[39m
[31m    [39m[31m[39m
    ^
[31mSyntaxError[39m[31m:[39m invalid non-printable character U+0008

  [36mFile [39m[32m<ipython-input-1-1b02207ba9e9>:1[39m
[31m    [39m[31m[39m
    ^
[31mSyntaxError[39m[31m:[39m invalid non-printable character U+0008

  [36mFile [39m[32m<ipython-input-1-2d0caf7f44e8>:1[39m
[31m    [39m[31m??[39m
    ^
[31mSyntaxError[39m[31m:[39m invalid non-printable character U+001F

  [36mFile [39m[32m<string>[39m
[31m    [39m
[31mSyntaxError[39m[31m:[39m source code string cannot contain null bytes

  [36mFile [39m[32m<string>[39m
[31m    [39m
[31mSyntaxError[39m[31m:[39m source code string cannot contain null bytes

  [36mFile [39m[32m<string>[39m
[31m    [39m
[31mSyntaxError[39m[31m:[39m source code string cannot contain null bytes

  [36mFile [39m[32m<ipython-input-1-2510681d69bb>:1[39m
[31m    [39m[31mg[39m
    ^
[31mSyntaxError[39m[31m:[39m invalid non-printable character U+0001

Object `K` not found.
  [36mFile [39m[32m<ipython-input-1-82eddc4252ed>:1[39m
[31m    [39m[31m'[39m
    ^
[31mSyntaxError[39m[31m:[39m unterminated string literal (detected at line 1)

[31m---------------------------------------------------------------------------[39m
[31mNameError[39m                                 Traceback (most recent call last)
[36mFile [39m[32m<ipython-input-1-b5fec669aca1>:1[39m
[32m----> [39m[32m1[39m [43mX[49m

[31mNameError[39m: name 'X' is not defined
Object `X` not found.
[31m---------------------------------------------------------------------------[39m
[31mNameError[39m                                 Traceback (most recent call last)
[36mFile [39m[32m<ipython-input-1-b5fec669aca1>:1[39m
[32m----> [39m[32m1[39m [43mX[49m

[31mNameError[39m: name 'X' is not defined
[31m---------------------------------------------------------------------------[39m
[31mNameError[39m                                 Traceback (most recent call last)
[36mFile [39m[32m<ipython-input-1-7bff9e89bb1b>:1[39m
[32m----> [39m[32m1[39m [43m뾿[49m

[31mNameError[39m: name '뾿' is not defined
[31m---------------------------------------------------------------------------[39m
[31mNameError[39m                                 Traceback (most recent call last)
[36mFile [39m[32m<ipython-input-1-4862835d64c9>:1[39m
[32m----> [39m[32m1[39m [43m뽀[49m

[31mNameError[39m: name '뽀' is not defined
[31m---------------------------------------------------------------------------[39m
[31mNameError[39m                                 Traceback (most recent call last)
[36mFile [39m[32m<ipython-input-1-325df19672d9>:1[39m
[32m----> [39m[32m1[39m [43m䁂[49m

[31mNameError[39m: name '䁂' is not defined
[31m---------------------------------------------------------------------------[39m
[31mNameError[39m                                 Traceback (most recent call last)
[36mFile [39m[32m<ipython-input-1-325df19672d9>:1[39m
[32m----> [39m[32m1[39m [43m䁂[49m

[31mNameError[39m: name '䁂' is not defined
[31m---------------------------------------------------------------------------[39m
[31mNameError[39m                                 Traceback (most recent call last)
[36mFile [39m[32m<ipython-input-1-a38bf5106440>:1[39m
[32m----> [39m[32m1[39m [43m빂[49m

[31mNameError[39m: name '빂' is not defined
[31m---------------------------------------------------------------------------[39m
[31mNameError[39m                                 Traceback (most recent call last)
[36mFile [39m[32m<ipython-input-1-7acd6a2b3fe3>:1[39m
[32m----> [39m[32m1[39m [43mE[49m

[31mNameError[39m: name 'E' is not defined
[31m---------------------------------------------------------------------------[39m
[31mNameError[39m                                 Traceback (most recent call last)
[36mFile [39m[32m<ipython-input-1-5b4ed14b205e>:1[39m
[32m----> [39m[32m1[39m [43mEEE[49m

[31mNameError[39m: name 'EEE' is not defined
  [36mFile [39m[32m<string>[39m
[31m    [39m
[31mSyntaxError[39m[31m:[39m source code string cannot contain null bytes

  [36mFile [39m[32m<ipython-input-1-b801302b6ade>:1[39m
[31m    [39m[31m9[39m
     ^
[31mSyntaxError[39m[31m:[39m invalid non-printable character U+001D

[31m---------------------------------------------------------------------------[39m
[31mNameError[39m                                 Traceback (most recent call last)
[36mFile [39m[32m<ipython-input-1-4619f058402c>:1[39m
[32m----> [39m[32m1[39m +[43mA9[49m

[31mNameError[39m: name 'A9' is not defined
[31m---------------------------------------------------------------------------[39m
[31mNameError[39m                                 Traceback (most recent call last)
[36mFile [39m[32m<ipython-input-1-0359ea76887e>:1[39m
[32m----> [39m[32m1[39m [43mA9[49m

[31mNameError[39m: name 'A9' is not defined
[31m---------------------------------------------------------------------------[39m
[31mNameError[39m                                 Traceback (most recent call last)
[36mFile [39m[32m<ipython-input-1-83e894f07886>:1[39m
[32m----> [39m[32m1[39m [43mK9[49m

[31mNameError[39m: name 'K9' is not defined#840	NEW    cov: 1953 ft: 2746 corp: 40/186b lim: 6 exec/s: 420 rss: 93Mb L: 6/6 MS: 1 InsertByte-

[31m---------------------------------------------------------------------------[39m
[31mNameError[39m                                 Traceback (most recent call last)
[36mFile [39m[32m<ipython-input-1-7f121914c534>:1[39m
[32m----> [39m[32m1[39m [43meK9[49m

[31mNameError[39m: name 'eK9' is not defined
Object `+` not found.
Out[0]: 0
#862	NEW    cov: 1954 ft: 2747 corp: 41/192b lim: 6 exec/s: 431 rss: 93Mb L: 6/6 MS: 2 ChangeBit-ShuffleBytes-
#900	NEW    cov: 1959 ft: 2752 corp: 42/198b lim: 6 exec/s: 300 rss: 94Mb L: 6/6 MS: 3 CopyPart-ChangeBit-CrossOver-
  [36mFile [39m[32m<ipython-input-1-2d0caf7f44e8>:1[39m
[31m    [39m[31m??[39m
    ^
[31mSyntaxError[39m[31m:[39m invalid non-printable character U+001F

  [36mFile [39m[32m<ipython-input-1-3b7c3700c931>:1[39m
[31m    [39m[31ma@@[39m
      ^
[31mSyntaxError[39m[31m:[39m invalid syntax

  [36mFile [39m[32m<ipython-input-1-e602256aca33>:1[39m
[31m    [39m[31maH@[39m
       ^
[31mSyntaxError[39m[31m:[39m invalid syntax

  [36mFile [39m[32m<ipython-input-1-8b3854fdf440>:1[39m
[31m    [39m[31m?@[39m
    ^
[31mSyntaxError[39m[31m:[39m invalid non-printable character U+001F

  [36mFile [39m[32m<ipython-input-1-191ff3d02bcc>:1[39m
[31m    [39m[31mZ?[39m
      ^
[31mSyntaxError[39m[31m:[39m invalid non-printable character U+0001

  [36mFile [39m[32m<ipython-input-1-191ff3d02bcc>:1[39m
[31m    [39m[31mZ?[39m
      ^
[31mSyntaxError[39m[31m:[39m invalid non-printable character U+0001

  [36mFile [39m[32m<string>[39m
[31m    [39m
[31mSyntaxError[39m[31m:[39m source code string cannot contain null bytes

  [36mFile [39m[32m<string>[39m
[31m    [39m
[31mSyntaxError[39m[31m:[39m source code string cannot contain null bytes

  [36mFile [39m[32m<ipython-input-1-8c377ec00ce8>:1[39m
[31m    [39m[31m[39m
    ^
[31mSyntaxError[39m[31m:[39m invalid non-printable character U+0001

  [36mFile [39m[32m<ipython-input-1-2d0caf7f44e8>:1[39m
[31m    [39m[31m??[39m
    ^
[31mSyntaxError[39m[31m:[39m invalid non-printable character U+001F

  [36mFile [39m[32m<ipython-input-1-8130fc18a5d7>:1[39m
[31m    [39m[31m)?[39m
    ^
[31mSyntaxError[39m[31m:[39m unmatched ')'

  [36mFile [39m[32m<string>[39m
[31m    [39m
[31mSyntaxError[39m[31m:[39m source code string cannot contain null bytes

  [36mFile [39m[32m<string>[39m
[31m    [39m
[31mSyntaxError[39m[31m:[39m source code string cannot contain null bytes

  [36mFile [39m[32m<string>[39m
[31m    [39m
[31mSyntaxError[39m[31m:[39m source code string cannot contain null bytes

  [36mFile [39m[32m<string>[39m
[31m    [39m
[31mSyntaxError[39m[31m:[39m source code string cannot contain null bytes

  [36mFile [39m[32m<string>[39m
[31m    [39m
[31mSyntaxError[39m[31m:[39m source code string cannot contain null bytes

  [36mFile [39m[32m<ipython-input-1-8f27084b6294>:1[39m
[31m    [39m[31m/[39m
    ^
[31mSyntaxError[39m[31m:[39m invalid syntax

[31m---------------------------------------------------------------------------[39m
[31mNameError[39m                                 Traceback (most recent call last)
[36mFile [39m[32m<ipython-input-1-8ca5d47ea148>:1[39m
[32m----> [39m[32m1[39m [43mꔔ[49m

[31mNameError[39m: name 'ꔔ' is not defined
  [36mFile [39m[32m<ipython-input-1-8c377ec00ce8>:1[39m
[31m    [39m[31m[39m
    ^
[31mSyntaxError[39m[31m:[39m invalid non-printable character U+0001

  [36mFile [39m[32m<ipython-input-1-8c377ec00ce8>:1[39m
[31m    [39m[31m[39m
    ^
[31mSyntaxError[39m[31m:[39m invalid non-printable character U+0001

  [36mFile [39m[32m<ipython-input-1-8c377ec00ce8>:1[39m
[31m    [39m[31m[39m
    ^
[31mSyntaxError[39m[31m:[39m invalid non-printable character U+0001

  [36mFile [39m[32m<ipython-input-1-8f3b0ede8b6f>:1[39m
[31m    [39m[31mg1:[39m
       ^
[31mSyntaxError[39m[31m:[39m invalid syntax

  [36mFile [39m[32m<ipython-input-1-8f3b0ede8b6f>:1[39m
[31m    [39m[31mg1:[39m
       ^
[31mSyntaxError[39m[31m:[39m invalid syntax

[31m---------------------------------------------------------------------------[39m
[31mNameError[39m                                 Traceback (most recent call last)
[36mFile [39m[32m<ipython-input-1-5819d99e0ccb>:1[39m
[32m----> [39m[32m1[39m [43mDg1[49m

[31mNameError[39m: name 'Dg1' is not defined
  [36mFile [39m[32m<ipython-input-1-27d035eeb7ce>:1[39m
[31m    [39m[31mDg[39m
      ^
[31mSyntaxError[39m[31m:[39m invalid non-printable character U+0001

  [36mFile [39m[32m<string>[39m
[31m    [39m
[31mSyntaxError[39m[31m:[39m source code string cannot contain null bytes

Object `+` not found.
Object `+` not found.
  [36mFile [39m[32m<ipython-input-1-8aec60a66fe4>:1[39m
[31m    [39m[31m+??[39m
     ^
[31mSyntaxError[39m[31m:[39m invalid syntax

  [36mFile [39m[32m<ipython-input-1-8aec60a66fe4>:1[39m
[31m    [39m[31m+??[39m
     ^
[31mSyntaxError[39m[31m:[39m invalid syntax

  [36mFile [39m[32m<ipython-input-1-8aec60a66fe4>:1[39m
[31m    [39m[31m+??[39m
     ^
[31mSyntaxError[39m[31m:[39m invalid syntax

[31m---------------------------------------------------------------------------[39m
[31mNameError[39m                                 Traceback (most recent call last)
[36mFile [39m[32m<ipython-input-1-a5938ace3f42>:1[39m
[32m----> [39m[32m1[39m [43mg[49m

[31mNameError[39m: name 'g' is not defined
[31m---------------------------------------------------------------------------[39m
[31mNameError[39m                                 Traceback (most recent call last)
[36mFile [39m[32m<ipython-input-1-a5938ace3f42>:1[39m
[32m----> [39m[32m1[39m [43mg[49m

[31mNameError[39m: name 'g' is not defined
Object `!` not found.
Object `!` not found.
  [36mFile [39m[32m<string>[39m
[31m    [39m
[31mSyntaxError[39m[31m:[39m source code string cannot contain null bytes

Out[0]: ''

IPython -- An enhanced Interactive Python
=========================================

IPython offers a fully compatible replacement for the standard Python
interpreter, with convenient shell features, special commands, command
history mechanism and output results caching.

At your system command line, type 'ipython -h' to see the command line
options available. This document only describes interactive features.

GETTING HELP
------------

Within IPython you have various way to access help:

  ?         -> Introduction and overview of IPython's features (this screen).
  object?   -> Details about 'object'.
  object??  -> More detailed, verbose information about 'object'.
  %quickref -> Quick reference of all IPython specific syntax and magics.
  help      -> Access Python's own help system.

If you are in terminal IPython you can quit this screen by pressing `q`.


MAIN FEATURES
-------------

* Access to the standard Python help with object docstrings and the Python
  manuals. Simply type 'help' (no quotes) to invoke it.

* Magic commands: type %magic for information on the magic subsystem.

* System command aliases, via the %alias command or the configuration file(s).

* Dynamic object information:

  Typing ?word or word? prints detailed information about an object. Certain
  long strings (code, etc.) get snipped in the center for brevity.

  Typing ??word or word?? gives access to the full information without
  snipping long strings. Strings that are longer than the screen are printed
  through the less pager.

  The ?/?? system gives access to the full source code for any object (if
  available), shows function prototypes and other useful information.

  If you just want to see an object's docstring, type '%pdoc object' (without
  quotes, and without % if you have automagic on).

* Tab completion in the local namespace:

  At any time, hitting tab will complete any available python commands or
  variable names, and show you a list of the possible completions if there's
  no unambiguous one. It will also complete filenames in the current directory.

* Search previous command history in multiple ways:

  - Start typing, and then use arrow keys up/down or (Ctrl-p/Ctrl-n) to search
    through the history items that match what you've typed so far.

  - Hit Ctrl-r: opens a search prompt. Begin typing and the system searches
    your history for lines that match what you've typed so far, completing as
    much as it can.

  - %hist: search history by index.

* Persistent command history across sessions.

* Logging of input with the ability to save and restore a working session.

* System shell with !. Typing !ls will run 'ls' in the current directory.

* The reload command does a 'deep' reload of a module: changes made to the
  module since you imported will actually be available without having to exit.

* Verbose and colored exception traceback printouts. See the magic xmode and
  xcolor functions for details (just type %magic).

* Input caching system:

  IPython offers numbered prompts (In/Out) with input and output caching. All
  input is saved and can be retrieved as variables (besides the usual arrow
  key recall).

  The following GLOBAL variables always exist (so don't overwrite them!):
  _i: stores previous input.
  _ii: next previous.
  _iii: next-next previous.
  _ih : a list of all input _ih[n] is the input from line n.

  Additionally, global variables named _i<n> are dynamically created (<n>
  being the prompt counter), such that _i<n> == _ih[<n>]

  For example, what you typed at prompt 14 is available as _i14 and _ih[14].

  You can create macros which contain multiple input lines from this history,
  for later re-execution, with the %macro function.

  The history function %hist allows you to see any part of your input history
  by printing a range of the _i variables. Note that inputs which contain
  magic functions (%) appear in the history with a prepended comment. This is
  because they aren't really valid Python code, so you can't exec them.

* Output caching system:

  For output that is returned from actions, a system similar to the input
  cache exists but using _ instead of _i. Only actions that produce a result
  (NOT assignments, for example) are cached. If you are familiar with
  Mathematica, IPython's _ variables behave exactly like Mathematica's %
  variables.

  The following GLOBAL variables always exist (so don't overwrite them!):
  _ (one underscore): previous output.
  __ (two underscores): next previous.
  ___ (three underscores): next-next previous.

  Global variables named _<n> are dynamically created (<n> being the prompt
  counter), such that the result of output <n> is always available as _<n>.

  Finally, a global dictionary named _oh exists with entries for all lines
  which generated output.

* Directory history:

  Your history of visited directories is kept in the global list _dh, and the
  magic %cd command can be used to go to any entry in that list.

* Auto-parentheses and auto-quotes (adapted from Nathan Gray's LazyPython)

  1. Auto-parentheses
        
     Callable objects (i.e. functions, methods, etc) can be invoked like
     this (notice the commas between the arguments)::
       
         In [1]: callable_ob arg1, arg2, arg3
       
     and the input will be translated to this::
       
         callable_ob(arg1, arg2, arg3)
       
     This feature is off by default (in rare cases it can produce
     undesirable side-effects), but you can activate it at the command-line
     by starting IPython with `--autocall 1`, set it permanently in your
     configuration file, or turn on at runtime with `%autocall 1`.

     You can force auto-parentheses by using '/' as the first character
     of a line.  For example::
       
          In [1]: /globals             # becomes 'globals()'
       
     Note that the '/' MUST be the first character on the line!  This
     won't work::
       
          In [2]: print /globals    # syntax error

     In most cases the automatic algorithm should work, so you should
     rarely need to explicitly invoke /. One notable exception is if you
     are trying to call a function with a list of tuples as arguments (the
     parenthesis will confuse IPython)::
       
          In [1]: zip (1,2,3),(4,5,6)  # won't work
       
     but this will work::
       
          In [2]: /zip (1,2,3),(4,5,6)
          ------> zip ((1,2,3),(4,5,6))
          Out[2]= [(1, 4), (2, 5), (3, 6)]

     IPython tells you that it has altered your command line by
     displaying the new command line preceded by -->.  e.g.::
       
          In [18]: callable list
          -------> callable (list)

  2. Auto-Quoting
    
     You can force auto-quoting of a function's arguments by using ',' as
     the first character of a line.  For example::
       
          In [1]: ,my_function /home/me   # becomes my_function("/home/me")

     If you use ';' instead, the whole argument is quoted as a single
     string (while ',' splits on whitespace)::
       
          In [2]: ,my_function a b c   # becomes my_function("a","b","c")
          In [3]: ;my_function a b c   # becomes my_function("a b c")

     Note that the ',' MUST be the first character on the line!  This
     won't work::
       
          In [4]: x = ,my_function /home/me    # syntax error
  [36mFile [39m[32m<ipython-input-1-2e0dc27874e0>:1[39m
[31m    [39m[31m⌁[39m
    ^
[31mSyntaxError[39m[31m:[39m invalid character '⌁' (U+2301)

[31m---------------------------------------------------------------------------[39m
[31mNameError[39m                                 Traceback (most recent call last)
[36mFile [39m[32m<ipython-input-1-21cff4c5f03a>:1[39m
[32m----> [39m[32m1[39m [43mZ[49m([33m"[39m[33m"[39m)

[31mNameError[39m: name 'Z' is not defined
[31m---------------------------------------------------------------------------[39m
[31mNameError[39m                                 Traceback (most recent call last)
[36mFile [39m[32m<ipython-input-1-21cff4c5f03a>:1[39m
[32m----> [39m[32m1[39m [43mZ[49m([33m"[39m[33m"[39m)

[31mNameError[39m: name 'Z' is not defined
[31m---------------------------------------------------------------------------[39m
[31mNameError[39m                                 Traceback (most recent call last)
[36mFile [39m[32m<ipython-input-1-21cff4c5f03a>:1[39m
[32m----> [39m[32m1[39m [43mZ[49m([33m"[39m[33m"[39m)

[31mNameError[39m: name 'Z' is not defined
#917	NEW    cov: 1975 ft: 2770 corp: 43/203b lim: 6 exec/s: 305 rss: 94Mb L: 5/6 MS: 2 CMP-EraseBytes- DE: "\001\000"-
Out[0]: (2,)
Out[0]: 2
Out[0]: 1
Out[0]: 1

IPython -- An enhanced Interactive Python
=========================================

IPython offers a fully compatible replacement for the standard Python
interpreter, with convenient shell features, special commands, command
history mechanism and output results caching.

At your system command line, type 'ipython -h' to see the command line
options available. This document only describes interactive features.

GETTING HELP
------------

Within IPython you have various way to access help:

  ?         -> Introduction and overview of IPython's features (this screen).
  object?   -> Details about 'object'.
  object??  -> More detailed, verbose information about 'object'.
  %quickref -> Quick reference of all IPython specific syntax and magics.
  help      -> Access Python's own help system.

If you are in terminal IPython you can quit this screen by pressing `q`.


MAIN FEATURES
-------------

* Access to the standard Python help with object docstrings and the Python
  manuals. Simply type 'help' (no quotes) to invoke it.

* Magic commands: type %magic for information on the magic subsystem.

* System command aliases, via the %alias command or the configuration file(s).

* Dynamic object information:

  Typing ?word or word? prints detailed information about an object. Certain
  long strings (code, etc.) get snipped in the center for brevity.

  Typing ??word or word?? gives access to the full information without
  snipping long strings. Strings that are longer than the screen are printed
  through the less pager.

  The ?/?? system gives access to the full source code for any object (if
  available), shows function prototypes and other useful information.

  If you just want to see an object's docstring, type '%pdoc object' (without
  quotes, and without % if you have automagic on).

* Tab completion in the local namespace:

  At any time, hitting tab will complete any available python commands or
  variable names, and show you a list of the possible completions if there's
  no unambiguous one. It will also complete filenames in the current directory.

* Search previous command history in multiple ways:

  - Start typing, and then use arrow keys up/down or (Ctrl-p/Ctrl-n) to search
    through the history items that match what you've typed so far.

  - Hit Ctrl-r: opens a search prompt. Begin typing and the system searches
    your history for lines that match what you've typed so far, completing as
    much as it can.

  - %hist: search history by index.

* Persistent command history across sessions.

* Logging of input with the ability to save and restore a working session.

* System shell with !. Typing !ls will run 'ls' in the current directory.

* The reload command does a 'deep' reload of a module: changes made to the
  module since you imported will actually be available without having to exit.

* Verbose and colored exception traceback printouts. See the magic xmode and
  xcolor functions for details (just type %magic).

* Input caching system:

  IPython offers numbered prompts (In/Out) with input and output caching. All
  input is saved and can be retrieved as variables (besides the usual arrow
  key recall).

  The following GLOBAL variables always exist (so don't overwrite them!):
  _i: stores previous input.
  _ii: next previous.
  _iii: next-next previous.
  _ih : a list of all input _ih[n] is the input from line n.

  Additionally, global variables named _i<n> are dynamically created (<n>
  being the prompt counter), such that _i<n> == _ih[<n>]

  For example, what you typed at prompt 14 is available as _i14 and _ih[14].

  You can create macros which contain multiple input lines from this history,
  for later re-execution, with the %macro function.

  The history function %hist allows you to see any part of your input history
  by printing a range of the _i variables. Note that inputs which contain
  magic functions (%) appear in the history with a prepended comment. This is
  because they aren't really valid Python code, so you can't exec them.

* Output caching system:

  For output that is returned from actions, a system similar to the input
  cache exists but using _ instead of _i. Only actions that produce a result
  (NOT assignments, for example) are cached. If you are familiar with
  Mathematica, IPython's _ variables behave exactly like Mathematica's %
  variables.

  The following GLOBAL variables always exist (so don't overwrite them!):
  _ (one underscore): previous output.
  __ (two underscores): next previous.
  ___ (three underscores): next-next previous.

  Global variables named _<n> are dynamically created (<n> being the prompt
  counter), such that the result of output <n> is always available as _<n>.

  Finally, a global dictionary named _oh exists with entries for all lines
  which generated output.

* Directory history:

  Your history of visited directories is kept in the global list _dh, and the
  magic %cd command can be used to go to any entry in that list.

* Auto-parentheses and auto-quotes (adapted from Nathan Gray's LazyPython)

  1. Auto-parentheses
        
     Callable objects (i.e. functions, methods, etc) can be invoked like
     this (notice the commas between the arguments)::
       
         In [1]: callable_ob arg1, arg2, arg3
       
     and the input will be translated to this::
       
         callable_ob(arg1, arg2, arg3)
       
     This feature is off by default (in rare cases it can produce
     undesirable side-effects), but you can activate it at the command-line
     by starting IPython with `--autocall 1`, set it permanently in your
     configuration file, or turn on at runtime with `%autocall 1`.

     You can force auto-parentheses by using '/' as the first character
     of a line.  For example::
       
          In [1]: /globals             # becomes 'globals()'
       
     Note that the '/' MUST be the first character on the line!  This
     won't work::
       
          In [2]: print /globals    # syntax error

     In most cases the automatic algorithm should work, so you should
     rarely need to explicitly invoke /. One notable exception is if you
     are trying to call a function with a list of tuples as arguments (the
     parenthesis will confuse IPython)::
       
          In [1]: zip (1,2,3),(4,5,6)  # won't work
       
     but this will work::
       
          In [2]: /zip (1,2,3),(4,5,6)
          ------> zip ((1,2,3),(4,5,6))
          Out[2]= [(1, 4), (2, 5), (3, 6)]

     IPython tells you that it has altered your command line by
     displaying the new command line preceded by -->.  e.g.::
       
          In [18]: callable list
          -------> callable (list)

  2. Auto-Quoting
    
     You can force auto-quoting of a function's arguments by using ',' as
     the first character of a line.  For example::
       
          In [1]: ,my_function /home/me   # becomes my_function("/home/me")

     If you use ';' instead, the whole argument is quoted as a single
     string (while ',' splits on whitespace)::
       
          In [2]: ,my_function a b c   # becomes my_function("a","b","c")
          In [3]: ;my_function a b c   # becomes my_function("a b c")

     Note that the ',' MUST be the first character on the line!  This
     won't work::
       
          In [4]: x = ,my_function /home/me    # syntax error

IPython -- An enhanced Interactive Python
=========================================

IPython offers a fully compatible replacement for the standard Python
interpreter, with convenient shell features, special commands, command
history mechanism and output results caching.

At your system command line, type 'ipython -h' to see the command line
options available. This document only describes interactive features.

GETTING HELP
------------

Within IPython you have various way to access help:

  ?         -> Introduction and overview of IPython's features (this screen).
  object?   -> Details about 'object'.
  object??  -> More detailed, verbose information about 'object'.
  %quickref -> Quick reference of all IPython specific syntax and magics.
  help      -> Access Python's own help system.

If you are in terminal IPython you can quit this screen by pressing `q`.


MAIN FEATURES
-------------

* Access to the standard Python help with object docstrings and the Python
  manuals. Simply type 'help' (no quotes) to invoke it.

* Magic commands: type %magic for information on the magic subsystem.

* System command aliases, via the %alias command or the configuration file(s).

* Dynamic object information:

  Typing ?word or word? prints detailed information about an object. Certain
  long strings (code, etc.) get snipped in the center for brevity.

  Typing ??word or word?? gives access to the full information without
  snipping long strings. Strings that are longer than the screen are printed
  through the less pager.

  The ?/?? system gives access to the full source code for any object (if
  available), shows function prototypes and other useful information.

  If you just want to see an object's docstring, type '%pdoc object' (without
  quotes, and without % if you have automagic on).

* Tab completion in the local namespace:

  At any time, hitting tab will complete any available python commands or
  variable names, and show you a list of the possible completions if there's
  no unambiguous one. It will also complete filenames in the current directory.

* Search previous command history in multiple ways:

  - Start typing, and then use arrow keys up/down or (Ctrl-p/Ctrl-n) to search
    through the history items that match what you've typed so far.

  - Hit Ctrl-r: opens a search prompt. Begin typing and the system searches
    your history for lines that match what you've typed so far, completing as
    much as it can.

  - %hist: search history by index.

* Persistent command history across sessions.

* Logging of input with the ability to save and restore a working session.

* System shell with !. Typing !ls will run 'ls' in the current directory.

* The reload command does a 'deep' reload of a module: changes made to the
  module since you imported will actually be available without having to exit.

* Verbose and colored exception traceback printouts. See the magic xmode and
  xcolor functions for details (just type %magic).

* Input caching system:

  IPython offers numbered prompts (In/Out) with input and output caching. All
  input is saved and can be retrieved as variables (besides the usual arrow
  key recall).

  The following GLOBAL variables always exist (so don't overwrite them!):
  _i: stores previous input.
  _ii: next previous.
  _iii: next-next previous.
  _ih : a list of all input _ih[n] is the input from line n.

  Additionally, global variables named _i<n> are dynamically created (<n>
  being the prompt counter), such that _i<n> == _ih[<n>]

  For example, what you typed at prompt 14 is available as _i14 and _ih[14].

  You can create macros which contain multiple input lines from this history,
  for later re-execution, with the %macro function.

  The history function %hist allows you to see any part of your input history
  by printing a range of the _i variables. Note that inputs which contain
  magic functions (%) appear in the history with a prepended comment. This is
  because they aren't really valid Python code, so you can't exec them.

* Output caching system:

  For output that is returned from actions, a system similar to the input
  cache exists but using _ instead of _i. Only actions that produce a result
  (NOT assignments, for example) are cached. If you are familiar with
  Mathematica, IPython's _ variables behave exactly like Mathematica's %
  variables.

  The following GLOBAL variables always exist (so don't overwrite them!):
  _ (one underscore): previous output.
  __ (two underscores): next previous.
  ___ (three underscores): next-next previous.

  Global variables named _<n> are dynamically created (<n> being the prompt
  counter), such that the result of output <n> is always available as _<n>.

  Finally, a global dictionary named _oh exists with entries for all lines
  which generated output.

* Directory history:

  Your history of visited directories is kept in the global list _dh, and the
  magic %cd command can be used to go to any entry in that list.

* Auto-parentheses and auto-quotes (adapted from Nathan Gray's LazyPython)

  1. Auto-parentheses
        
     Callable objects (i.e. functions, methods, etc) can be invoked like
     this (notice the commas between the arguments)::
       
         In [1]: callable_ob arg1, arg2, arg3
       
     and the input will be translated to this::
       
         callable_ob(arg1, arg2, arg3)
       
     This feature is off by default (in rare cases it can produce
     undesirable side-effects), but you can activate it at the command-line
     by starting IPython with `--autocall 1`, set it permanently in your
     configuration file, or turn on at runtime with `%autocall 1`.

     You can force auto-parentheses by using '/' as the first character
     of a line.  For example::
       
          In [1]: /globals             # becomes 'globals()'
       
     Note that the '/' MUST be the first character on the line!  This
     won't work::
       
          In [2]: print /globals    # syntax error

     In most cases the automatic algorithm should work, so you should
     rarely need to explicitly invoke /. One notable exception is if you
     are trying to call a function with a list of tuples as arguments (the
     parenthesis will confuse IPython)::
       
          In [1]: zip (1,2,3),(4,5,6)  # won't work
       
     but this will work::
       
          In [2]: /zip (1,2,3),(4,5,6)
          ------> zip ((1,2,3),(4,5,6))
          Out[2]= [(1, 4), (2, 5), (3, 6)]

     IPython tells you that it has altered your command line by
     displaying the new command line preceded by -->.  e.g.::
       
          In [18]: callable list
          -------> callable (list)

  2. Auto-Quoting
    
     You can force auto-quoting of a function's arguments by using ',' as
     the first character of a line.  For example::
       
          In [1]: ,my_function /home/me   # becomes my_function("/home/me")

     If you use ';' instead, the whole argument is quoted as a single
     string (while ',' splits on whitespace)::
       
          In [2]: ,my_function a b c   # becomes my_function("a","b","c")
          In [3]: ;my_function a b c   # becomes my_function("a b c")

     Note that the ',' MUST be the first character on the line!  This
     won't work::
       
          In [4]: x = ,my_function /home/me    # syntax error

IPython -- An enhanced Interactive Python
=========================================

IPython offers a fully compatible replacement for the standard Python
interpreter, with convenient shell features, special commands, command
history mechanism and output results caching.

At your system command line, type 'ipython -h' to see the command line
options available. This document only describes interactive features.

GETTING HELP
------------

Within IPython you have various way to access help:

  ?         -> Introduction and overview of IPython's features (this screen).
  object?   -> Details about 'object'.
  object??  -> More detailed, verbose information about 'object'.
  %quickref -> Quick reference of all IPython specific syntax and magics.
  help      -> Access Python's own help system.

If you are in terminal IPython you can quit this screen by pressing `q`.


MAIN FEATURES
-------------

* Access to the standard Python help with object docstrings and the Python
  manuals. Simply type 'help' (no quotes) to invoke it.

* Magic commands: type %magic for information on the magic subsystem.

* System command aliases, via the %alias command or the configuration file(s).

* Dynamic object information:

  Typing ?word or word? prints detailed information about an object. Certain
  long strings (code, etc.) get snipped in the center for brevity.

  Typing ??word or word?? gives access to the full information without
  snipping long strings. Strings that are longer than the screen are printed
  through the less pager.

  The ?/?? system gives access to the full source code for any object (if
  available), shows function prototypes and other useful information.

  If you just want to see an object's docstring, type '%pdoc object' (without
  quotes, and without % if you have automagic on).

* Tab completion in the local namespace:

  At any time, hitting tab will complete any available python commands or
  variable names, and show you a list of the possible completions if there's
  no unambiguous one. It will also complete filenames in the current directory.

* Search previous command history in multiple ways:

  - Start typing, and then use arrow keys up/down or (Ctrl-p/Ctrl-n) to search
    through the history items that match what you've typed so far.

  - Hit Ctrl-r: opens a search prompt. Begin typing and the system searches
    your history for lines that match what you've typed so far, completing as
    much as it can.

  - %hist: search history by index.

* Persistent command history across sessions.

* Logging of input with the ability to save and restore a working session.

* System shell with !. Typing !ls will run 'ls' in the current directory.

* The reload command does a 'deep' reload of a module: changes made to the
  module since you imported will actually be available without having to exit.

* Verbose and colored exception traceback printouts. See the magic xmode and
  xcolor functions for details (just type %magic).

* Input caching system:

  IPython offers numbered prompts (In/Out) with input and output caching. All
  input is saved and can be retrieved as variables (besides the usual arrow
  key recall).

  The following GLOBAL variables always exist (so don't overwrite them!):
  _i: stores previous input.
  _ii: next previous.
  _iii: next-next previous.
  _ih : a list of all input _ih[n] is the input from line n.

  Additionally, global variables named _i<n> are dynamically created (<n>
  being the prompt counter), such that _i<n> == _ih[<n>]

  For example, what you typed at prompt 14 is available as _i14 and _ih[14].

  You can create macros which contain multiple input lines from this history,
  for later re-execution, with the %macro function.

  The history function %hist allows you to see any part of your input history
  by printing a range of the _i variables. Note that inputs which contain
  magic functions (%) appear in the history with a prepended comment. This is
  because they aren't really valid Python code, so you can't exec them.

* Output caching system:

  For output that is returned from actions, a system similar to the input
  cache exists but using _ instead of _i. Only actions that produce a result
  (NOT assignments, for example) are cached. If you are familiar with
  Mathematica, IPython's _ variables behave exactly like Mathematica's %
  variables.

  The following GLOBAL variables always exist (so don't overwrite them!):
  _ (one underscore): previous output.
  __ (two underscores): next previous.
  ___ (three underscores): next-next previous.

  Global variables named _<n> are dynamically created (<n> being the prompt
  counter), such that the result of output <n> is always available as _<n>.

  Finally, a global dictionary named _oh exists with entries for all lines
  which generated output.

* Directory history:

  Your history of visited directories is kept in the global list _dh, and the
  magic %cd command can be used to go to any entry in that list.

* Auto-parentheses and auto-quotes (adapted from Nathan Gray's LazyPython)

  1. Auto-parentheses
        
     Callable objects (i.e. functions, methods, etc) can be invoked like
     this (notice the commas between the arguments)::
       
         In [1]: callable_ob arg1, arg2, arg3
       
     and the input will be translated to this::
       
         callable_ob(arg1, arg2, arg3)
       
     This feature is off by default (in rare cases it can produce
     undesirable side-effects), but you can activate it at the command-line
     by starting IPython with `--autocall 1`, set it permanently in your
     configuration file, or turn on at runtime with `%autocall 1`.

     You can force auto-parentheses by using '/' as the first character
     of a line.  For example::
       
          In [1]: /globals             # becomes 'globals()'
       
     Note that the '/' MUST be the first character on the line!  This
     won't work::
       
          In [2]: print /globals    # syntax error

     In most cases the automatic algorithm should work, so you should
     rarely need to explicitly invoke /. One notable exception is if you
     are trying to call a function with a list of tuples as arguments (the
     parenthesis will confuse IPython)::
       
          In [1]: zip (1,2,3),(4,5,6)  # won't work
       
     but this will work::
       
          In [2]: /zip (1,2,3),(4,5,6)
          ------> zip ((1,2,3),(4,5,6))
          Out[2]= [(1, 4), (2, 5), (3, 6)]

     IPython tells you that it has altered your command line by
     displaying the new command line preceded by -->.  e.g.::
       
          In [18]: callable list
          -------> callable (list)

  2. Auto-Quoting
    
     You can force auto-quoting of a function's arguments by using ',' as
     the first character of a line.  For example::
       
          In [1]: ,my_function /home/me   # becomes my_function("/home/me")

     If you use ';' instead, the whole argument is quoted as a single
     string (while ',' splits on whitespace)::
       
          In [2]: ,my_function a b c   # becomes my_function("a","b","c")
          In [3]: ;my_function a b c   # becomes my_function("a b c")

     Note that the ',' MUST be the first character on the line!  This
     won't work::
       
          In [4]: x = ,my_function /home/me    # syntax error

IPython -- An enhanced Interactive Python
=========================================

IPython offers a fully compatible replacement for the standard Python
interpreter, with convenient shell features, special commands, command
history mechanism and output results caching.

At your system command line, type 'ipython -h' to see the command line
options available. This document only describes interactive features.

GETTING HELP
------------

Within IPython you have various way to access help:

  ?         -> Introduction and overview of IPython's features (this screen).
  object?   -> Details about 'object'.
  object??  -> More detailed, verbose information about 'object'.
  %quickref -> Quick reference of all IPython specific syntax and magics.
  help      -> Access Python's own help system.

If you are in terminal IPython you can quit this screen by pressing `q`.


MAIN FEATURES
-------------

* Access to the standard Python help with object docstrings and the Python
  manuals. Simply type 'help' (no quotes) to invoke it.

* Magic commands: type %magic for information on the magic subsystem.

* System command aliases, via the %alias command or the configuration file(s).

* Dynamic object information:

  Typing ?word or word? prints detailed information about an object. Certain
  long strings (code, etc.) get snipped in the center for brevity.

  Typing ??word or word?? gives access to the full information without
  snipping long strings. Strings that are longer than the screen are printed
  through the less pager.

  The ?/?? system gives access to the full source code for any object (if
  available), shows function prototypes and other useful information.

  If you just want to see an object's docstring, type '%pdoc object' (without
  quotes, and without % if you have automagic on).

* Tab completion in the local namespace:

  At any time, hitting tab will complete any available python commands or
  variable names, and show you a list of the possible completions if there's
  no unambiguous one. It will also complete filenames in the current directory.

* Search previous command history in multiple ways:

  - Start typing, and then use arrow keys up/down or (Ctrl-p/Ctrl-n) to search
    through the history items that match what you've typed so far.

  - Hit Ctrl-r: opens a search prompt. Begin typing and the system searches
    your history for lines that match what you've typed so far, completing as
    much as it can.

  - %hist: search history by index.

* Persistent command history across sessions.

* Logging of input with the ability to save and restore a working session.

* System shell with !. Typing !ls will run 'ls' in the current directory.

* The reload command does a 'deep' reload of a module: changes made to the
  module since you imported will actually be available without having to exit.

* Verbose and colored exception traceback printouts. See the magic xmode and
  xcolor functions for details (just type %magic).

* Input caching system:

  IPython offers numbered prompts (In/Out) with input and output caching. All
  input is saved and can be retrieved as variables (besides the usual arrow
  key recall).

  The following GLOBAL variables always exist (so don't overwrite them!):
  _i: stores previous input.
  _ii: next previous.
  _iii: next-next previous.
  _ih : a list of all input _ih[n] is the input from line n.

  Additionally, global variables named _i<n> are dynamically created (<n>
  being the prompt counter), such that _i<n> == _ih[<n>]

  For example, what you typed at prompt 14 is available as _i14 and _ih[14].

  You can create macros which contain multiple input lines from this history,
  for later re-execution, with the %macro function.

  The history function %hist allows you to see any part of your input history
  by printing a range of the _i variables. Note that inputs which contain
  magic functions (%) appear in the history with a prepended comment. This is
  because they aren't really valid Python code, so you can't exec them.

* Output caching system:

  For output that is returned from actions, a system similar to the input
  cache exists but using _ instead of _i. Only actions that produce a result
  (NOT assignments, for example) are cached. If you are familiar with
  Mathematica, IPython's _ variables behave exactly like Mathematica's %
  variables.

  The following GLOBAL variables always exist (so don't overwrite them!):
  _ (one underscore): previous output.
  __ (two underscores): next previous.
  ___ (three underscores): next-next previous.

  Global variables named _<n> are dynamically created (<n> being the prompt
  counter), such that the result of output <n> is always available as _<n>.

  Finally, a global dictionary named _oh exists with entries for all lines
  which generated output.

* Directory history:

  Your history of visited directories is kept in the global list _dh, and the
  magic %cd command can be used to go to any entry in that list.

* Auto-parentheses and auto-quotes (adapted from Nathan Gray's LazyPython)

  1. Auto-parentheses
        
     Callable objects (i.e. functions, methods, etc) can be invoked like
     this (notice the commas between the arguments)::
       
         In [1]: callable_ob arg1, arg2, arg3
       
     and the input will be translated to this::
       
         callable_ob(arg1, arg2, arg3)
       
     This feature is off by default (in rare cases it can produce
     undesirable side-effects), but you can activate it at the command-line
     by starting IPython with `--autocall 1`, set it permanently in your
     configuration file, or turn on at runtime with `%autocall 1`.

     You can force auto-parentheses by using '/' as the first character
     of a line.  For example::
       
          In [1]: /globals             # becomes 'globals()'
       
     Note that the '/' MUST be the first character on the line!  This
     won't work::
       
          In [2]: print /globals    # syntax error

     In most cases the automatic algorithm should work, so you should
     rarely need to explicitly invoke /. One notable exception is if you
     are trying to call a function with a list of tuples as arguments (the
     parenthesis will confuse IPython)::
       
          In [1]: zip (1,2,3),(4,5,6)  # won't work
       
     but this will work::
       
          In [2]: /zip (1,2,3),(4,5,6)
          ------> zip ((1,2,3),(4,5,6))
          Out[2]= [(1, 4), (2, 5), (3, 6)]

     IPython tells you that it has altered your command line by
     displaying the new command line preceded by -->.  e.g.::
       
          In [18]: callable list
          -------> callable (list)

  2. Auto-Quoting
    
     You can force auto-quoting of a function's arguments by using ',' as
     the first character of a line.  For example::
       
          In [1]: ,my_function /home/me   # becomes my_function("/home/me")

     If you use ';' instead, the whole argument is quoted as a single
     string (while ',' splits on whitespace)::
       
          In [2]: ,my_function a b c   # becomes my_function("a","b","c")
          In [3]: ;my_function a b c   # becomes my_function("a b c")

     Note that the ',' MUST be the first character on the line!  This
     won't work::
       
          In [4]: x = ,my_function /home/me    # syntax error
#939	NEW    cov: 1975 ft: 2773 corp: 44/209b lim: 6 exec/s: 313 rss: 94Mb L: 6/6 MS: 2 ShuffleBytes-CrossOver-
#980	REDUCE cov: 1975 ft: 2773 corp: 44/208b lim: 6 exec/s: 326 rss: 94Mb L: 4/6 MS: 1 EraseBytes-
Object `` not found.
[31m---------------------------------------------------------------------------[39m
[31mNameError[39m                                 Traceback (most recent call last)
[36mFile [39m[32m<ipython-input-1-7d157d7c000a>:1[39m
[32m----> [39m[32m1[39m [43mA[49m

[31mNameError[39m: name 'A' is not defined
[31m---------------------------------------------------------------------------[39m
[31mNameError[39m                                 Traceback (most recent call last)
[36mFile [39m[32m<ipython-input-1-6675bff3bc51>:1[39m
[32m----> [39m[32m1[39m [43meA[49m

[31mNameError[39m: name 'eA' is not defined
[31m---------------------------------------------------------------------------[39m
[31mNameError[39m                                 Traceback (most recent call last)
[36mFile [39m[32m<ipython-input-1-6675bff3bc51>:1[39m
[32m----> [39m[32m1[39m [43meA[49m

[31mNameError[39m: name 'eA' is not defined
[31m---------------------------------------------------------------------------[39m
[31mNameError[39m                                 Traceback (most recent call last)
[36mFile [39m[32m<ipython-input-1-6675bff3bc51>:1[39m
[32m----> [39m[32m1[39m [43meA[49m

[31mNameError[39m: name 'eA' is not defined
  [36mFile [39m[32m<ipython-input-1-e69f49baade6>:1[39m
[31m    [39m[31mg[39m
     ^
[31mSyntaxError[39m[31m:[39m invalid non-printable character U+0001

  [36mFile [39m[32m<ipython-input-1-141ac83d862d>:1[39m
[31m    [39m[31mg[39m
     ^
[31mSyntaxError[39m[31m:[39m invalid non-printable character U+0003

  [36mFile [39m[32m<string>[39m
[31m    [39m
[31mSyntaxError[39m[31m:[39m source code string cannot contain null bytes

  [36mFile [39m[32m<string>[39m
[31m    [39m
[31mSyntaxError[39m[31m:[39m source code string cannot contain null bytes

  [36mFile [39m[32m<string>[39m
[31m    [39m
[31mSyntaxError[39m[31m:[39m source code string cannot contain null bytes

Object ` ` not found.
Object ` ` not found.
  [36mFile [39m[32m<string>[39m
[31m    [39m
[31mSyntaxError[39m[31m:[39m source code string cannot contain null bytes

  [36mFile [39m[32m<string>[39m
[31m    [39m
[31mSyntaxError[39m[31m:[39m source code string cannot contain null bytes

  [36mFile [39m[32m<string>[39m
[31m    [39m
[31mSyntaxError[39m[31m:[39m source code string cannot contain null bytes

  [36mFile [39m[32m<string>[39m
[31m    [39m
[31mSyntaxError[39m[31m:[39m source code string cannot contain null bytes

  [36mFile [39m[32m<ipython-input-1-0dfc38f20bb0>:1[39m
[31m    [39m[31m+;Z[39m
     ^
[31mSyntaxError[39m[31m:[39m invalid syntax

  [36mFile [39m[32m<ipython-input-1-0dfc38f20bb0>:1[39m
[31m    [39m[31m+;Z[39m
     ^
[31mSyntaxError[39m[31m:[39m invalid syntax

  [36mFile [39m[32m<string>[39m
[31m    [39m
[31mSyntaxError[39m[31m:[39m source code string cannot contain null bytes

  [36mFile [39m[32m<string>[39m
[31m    [39m
[31mSyntaxError[39m[31m:[39m source code string cannot contain null bytes

  [36mFile [39m[32m<string>[39m
[31m    [39m
[31mSyntaxError[39m[31m:[39m source code string cannot contain null bytes

  [36mFile [39m[32m<ipython-input-1-2d0caf7f44e8>:1[39m
[31m    [39m[31m??[39m
    ^
[31mSyntaxError[39m[31m:[39m invalid non-printable character U+001F

  [36mFile [39m[32m<ipython-input-1-2d0caf7f44e8>:1[39m
[31m    [39m[31m??[39m
    ^
[31mSyntaxError[39m[31m:[39m invalid non-printable character U+001F

  [36mFile [39m[32m<ipython-input-1-a02be1dc9e88>:1[39m
[31m    [39m[31m?[39m
    ^
[31mSyntaxError[39m[31m:[39m invalid non-printable character U+001F

  [36mFile [39m[32m<ipython-input-1-a02be1dc9e88>:1[39m
[31m    [39m[31m?[39m
    ^
[31mSyntaxError[39m[31m:[39m invalid non-printable character U+001F

  [36mFile [39m[32m<ipython-input-1-f5f2cf66a249>:1[39m
[31m    [39m[31m=[39m
    ^
[31mSyntaxError[39m[31m:[39m invalid non-printable character U+001F

  [36mFile [39m[32m<string>[39m
[31m    [39m
[31mSyntaxError[39m[31m:[39m source code string cannot contain null bytes

  [36mFile [39m[32m<string>[39m
[31m    [39m
[31mSyntaxError[39m[31m:[39m source code string cannot contain null bytes

[31m---------------------------------------------------------------------------[39m
[31mNameError[39m                                 Traceback (most recent call last)
[36mFile [39m[32m<ipython-input-1-6387884615a3>:1[39m
[32m----> [39m[32m1[39m [43mZ[49m([33m"[39m[33m"[39m)([33m"[39m[33m"[39m)

[31mNameError[39m: name 'Z' is not defined
  [36mFile [39m[32m<ipython-input-1-de0eeb2a9085>:1[39m
[31m    [39m[31m;Z[39m
    ^
[31mSyntaxError[39m[31m:[39m invalid non-printable character U+0006

  [36mFile [39m[32m<ipython-input-1-de0eeb2a9085>:1[39m
[31m    [39m[31m;Z[39m
    ^
[31mSyntaxError[39m[31m:[39m invalid non-printable character U+0006

  [36mFile [39m[32m<ipython-input-1-de0eeb2a9085>:1[39m
[31m    [39m[31m;Z[39m
    ^
[31mSyntaxError[39m[31m:[39m invalid non-printable character U+0006

  [36mFile [39m[32m<ipython-input-1-8130fc18a5d7>:1[39m
[31m    [39m[31m)?[39m
    ^
[31mSyntaxError[39m[31m:[39m unmatched ')'

  [36mFile [39m[32m<ipython-input-1-8130fc18a5d7>:1[39m
[31m    [39m[31m)?[39m
    ^
[31mSyntaxError[39m[31m:[39m unmatched ')'

  [36mFile [39m[32m<ipython-input-1-8130fc18a5d7>:1[39m
[31m    [39m[31m)?[39m
    ^
[31mSyntaxError[39m[31m:[39m unmatched ')'

  [36mFile [39m[32m<ipython-input-1-8130fc18a5d7>:1[39m
[31m    [39m[31m)?[39m
    ^
[31mSyntaxError[39m[31m:[39m unmatched ')'

  [36mFile [39m[32m<string>[39m
[31m    [39m
[31mSyntaxError[39m[31m:[39m source code string cannot contain null bytes

  [36mFile [39m[32m<ipython-input-1-04477c839b00>:1[39m
[31m    [39m[31m/[39m
    ^
[31mSyntaxError[39m[31m:[39m invalid non-printable character U+0001

  [36mFile [39m[32m<ipython-input-1-3281e438f373>:1[39m
[31m    [39m[31m?[39m
    ^
[31mSyntaxError[39m[31m:[39m invalid non-printable character U+0001

  [36mFile [39m[32m<ipython-input-1-89bc170dd6f1>:1[39m
[31m    [39m[31m=[39m
    ^
[31mSyntaxError[39m[31m:[39m invalid non-printable character U+0001

  [36mFile [39m[32m<ipython-input-1-1a87aa75ba52>:1[39m
[31m    [39m[31m=[39m
    ^
[31mSyntaxError[39m[31m:[39m invalid non-printable character U+0001

  [36mFile [39m[32m<ipython-input-1-099b32617da5>:1[39m
[31m    [39m[31mu,%[39m
      ^
[31mSyntaxError[39m[31m:[39m invalid syntax

  [36mFile [39m[32m<ipython-input-1-82203c523ed3>:1[39m
[31m    [39m[31mn,%[39m
      ^
[31mSyntaxError[39m[31m:[39m invalid syntax

[31m---------------------------------------------------------------------------[39m
[31mNameError[39m                                 Traceback (most recent call last)
[36mFile [39m[32m<ipython-input-1-363bbc0b5d1a>:1[39m
[32m----> [39m[32m1[39m [43mnn[49m,

[31mNameError[39m: name 'nn' is not defined
[31m---------------------------------------------------------------------------[39m
[31mNameError[39m                                 Traceback (most recent call last)
[36mFile [39m[32m<ipython-input-1-36ff136b2a58>:1[39m
[32m----> [39m[32m1[39m [43mⱮ[49m

[31mNameError[39m: name 'Ɱ' is not defined
[31m---------------------------------------------------------------------------[39m
[31mNameError[39m                                 Traceback (most recent call last)
[36mFile [39m[32m<ipython-input-1-8d870b548647>:1[39m
[32m----> [39m[32m1[39m [43m湋[49m

[31mNameError[39m: name '湋' is not defined
  [36mFile [39m[32m<string>[39m
[31m    [39m
[31mSyntaxError[39m[31m:[39m source code string cannot contain null bytes

Object `B0` not found.
Object `B0` not found.
  [36mFile [39m[32m<string>[39m
[31m    [39m
[31mSyntaxError[39m[31m:[39m source code string cannot contain null bytes

  [36mFile [39m[32m<string>[39m
[31m    [39m
[31mSyntaxError[39m[31m:[39m source code string cannot contain null bytes
UsageError: Line magic function `% ` not found.
#1024	pulse  cov: 1975 ft: 2773 corp: 44/208b lim: 6 exec/s: 341 rss: 94Mb
UsageError: Line magic function `%` not found.
UsageError: Line magic function `%` not found.

[31m---------------------------------------------------------------------------[39m
[31mNameError[39m                                 Traceback (most recent call last)
[36mFile [39m[32m<ipython-input-1-9d60f706cc3c>:1[39m
[32m----> [39m[32m1[39m [43mK[49m

[31mNameError[39m: name 'K' is not defined
[31m---------------------------------------------------------------------------[39m
[31mNameError[39m                                 Traceback (most recent call last)
[36mFile [39m[32m<ipython-input-1-9d60f706cc3c>:1[39m
[32m----> [39m[32m1[39m [43mK[49m

[31mNameError[39m: name 'K' is not defined
[31m---------------------------------------------------------------------------[39m
[31mNameError[39m                                 Traceback (most recent call last)
[36mFile [39m[32m<ipython-input-1-9d60f706cc3c>:1[39m
[32m----> [39m[32m1[39m [43mK[49m

[31mNameError[39m: name 'K' is not defined
[31m---------------------------------------------------------------------------[39m
[31mNameError[39m                                 Traceback (most recent call last)
[36mFile [39m[32m<ipython-input-1-9d60f706cc3c>:1[39m
[32m----> [39m[32m1[39m [43mK[49m

[31mNameError[39m: name 'K' is not defined
  [36mFile [39m[32m<ipython-input-1-558f72b016cc>:1[39m
[31m    [39m[31mg[39m
     ^
[31mSyntaxError[39m[31m:[39m invalid non-printable character U+000B

  [36mFile [39m[32m<string>[39m
[31m    [39m
[31mSyntaxError[39m[31m:[39m source code string cannot contain null bytes

  [36mFile [39m[32m<string>[39m
[31m    [39m
[31mSyntaxError[39m[31m:[39m source code string cannot contain null bytes

  [36mFile [39m[32m<string>[39m
[31m    [39m
[31mSyntaxError[39m[31m:[39m source code string cannot contain null bytes

  [36mFile [39m[32m<ipython-input-1-b576bbf25941>:1[39m
[31m    [39m[31mK?A[39m
     ^
[31mSyntaxError[39m[31m:[39m invalid syntax

[31m---------------------------------------------------------------------------[39m
[31mNameError[39m                                 Traceback (most recent call last)
[36mFile [39m[32m<ipython-input-1-f8d267bed678>:1[39m
[32m----> [39m[32m1[39m [43mKCA[49m

[31mNameError[39m: name 'KCA' is not defined
  [36mFile [39m[32m<ipython-input-1-bd46791abc30>:1[39m
[31m    [39m[31mK[39m
     ^
[31mSyntaxError[39m[31m:[39m invalid non-printable character U+007F

  [36mFile [39m[32m<ipython-input-1-5592cb6343ce>:1[39m
[31m    [39m[31m?[39m
    ^
[31mSyntaxError[39m[31m:[39m invalid non-printable character U+001F

  [36mFile [39m[32m<ipython-input-1-5592cb6343ce>:1[39m
[31m    [39m[31m?[39m
    ^
[31mSyntaxError[39m[31m:[39m invalid non-printable character U+001F

Object `` not found.
Object `` not found.
  [36mFile [39m[32m<ipython-input-1-06d07bb56d65>:1[39m
[31m    [39m[31mK?[39m
     ^
[31mSyntaxError[39m[31m:[39m invalid non-printable character U+001F

  [36mFile [39m[32m<ipython-input-1-a1a380b0dd4a>:1[39m
[31m    [39m[31m?[39m
    ^
[31mSyntaxError[39m[31m:[39m invalid non-printable character U+0001

  [36mFile [39m[32m<ipython-input-1-a1a380b0dd4a>:1[39m
[31m    [39m[31m?[39m
    ^
[31mSyntaxError[39m[31m:[39m invalid non-printable character U+0001

  [36mFile [39m[32m<ipython-input-1-37b4b1803e9f>:1[39m
[31m    [39m[31m`@[39m
    ^
[31mSyntaxError[39m[31m:[39m invalid non-printable character U+007F

  [36mFile [39m[32m<string>[39m
[31m    [39m
[31mSyntaxError[39m[31m:[39m source code string cannot contain null bytes

Object `Z` not found.
  [36mFile [39m[32m<ipython-input-1-f67164bc192e>:1[39m
[31m    [39m[31mZ?[39m
      ^
[31mSyntaxError[39m[31m:[39m invalid non-printable character U+0004

  [36mFile [39m[32m<string>[39m
[31m    [39m
[31mSyntaxError[39m[31m:[39m source code string cannot contain null bytes

  [36mFile [39m[32m<string>[39m
[31m    [39m
[31mSyntaxError[39m[31m:[39m source code string cannot contain null bytes

Out[0]: ''
#1051	NEW    cov: 1980 ft: 2806 corp: 45/214b lim: 6 exec/s: 262 rss: 94Mb L: 6/6 MS: 1 InsertByte-

IPython -- An enhanced Interactive Python
=========================================

IPython offers a fully compatible replacement for the standard Python
interpreter, with convenient shell features, special commands, command
history mechanism and output results caching.

At your system command line, type 'ipython -h' to see the command line
options available. This document only describes interactive features.

GETTING HELP
------------

Within IPython you have various way to access help:

  ?         -> Introduction and overview of IPython's features (this screen).
  object?   -> Details about 'object'.
  object??  -> More detailed, verbose information about 'object'.
  %quickref -> Quick reference of all IPython specific syntax and magics.
  help      -> Access Python's own help system.

If you are in terminal IPython you can quit this screen by pressing `q`.


MAIN FEATURES
-------------

* Access to the standard Python help with object docstrings and the Python
  manuals. Simply type 'help' (no quotes) to invoke it.

* Magic commands: type %magic for information on the magic subsystem.

* System command aliases, via the %alias command or the configuration file(s).

* Dynamic object information:

  Typing ?word or word? prints detailed information about an object. Certain
  long strings (code, etc.) get snipped in the center for brevity.

  Typing ??word or word?? gives access to the full information without
  snipping long strings. Strings that are longer than the screen are printed
  through the less pager.

  The ?/?? system gives access to the full source code for any object (if
  available), shows function prototypes and other useful information.

  If you just want to see an object's docstring, type '%pdoc object' (without
  quotes, and without % if you have automagic on).

* Tab completion in the local namespace:

  At any time, hitting tab will complete any available python commands or
  variable names, and show you a list of the possible completions if there's
  no unambiguous one. It will also complete filenames in the current directory.

* Search previous command history in multiple ways:

  - Start typing, and then use arrow keys up/down or (Ctrl-p/Ctrl-n) to search
    through the history items that match what you've typed so far.

  - Hit Ctrl-r: opens a search prompt. Begin typing and the system searches
    your history for lines that match what you've typed so far, completing as
    much as it can.

  - %hist: search history by index.

* Persistent command history across sessions.

* Logging of input with the ability to save and restore a working session.

* System shell with !. Typing !ls will run 'ls' in the current directory.

* The reload command does a 'deep' reload of a module: changes made to the
  module since you imported will actually be available without having to exit.

* Verbose and colored exception traceback printouts. See the magic xmode and
  xcolor functions for details (just type %magic).

* Input caching system:

  IPython offers numbered prompts (In/Out) with input and output caching. All
  input is saved and can be retrieved as variables (besides the usual arrow
  key recall).

  The following GLOBAL variables always exist (so don't overwrite them!):
  _i: stores previous input.
  _ii: next previous.
  _iii: next-next previous.
  _ih : a list of all input _ih[n] is the input from line n.

  Additionally, global variables named _i<n> are dynamically created (<n>
  being the prompt counter), such that _i<n> == _ih[<n>]

  For example, what you typed at prompt 14 is available as _i14 and _ih[14].

  You can create macros which contain multiple input lines from this history,
  for later re-execution, with the %macro function.

  The history function %hist allows you to see any part of your input history
  by printing a range of the _i variables. Note that inputs which contain
  magic functions (%) appear in the history with a prepended comment. This is
  because they aren't really valid Python code, so you can't exec them.

* Output caching system:

  For output that is returned from actions, a system similar to the input
  cache exists but using _ instead of _i. Only actions that produce a result
  (NOT assignments, for example) are cached. If you are familiar with
  Mathematica, IPython's _ variables behave exactly like Mathematica's %
  variables.

  The following GLOBAL variables always exist (so don't overwrite them!):
  _ (one underscore): previous output.
  __ (two underscores): next previous.
  ___ (three underscores): next-next previous.

  Global variables named _<n> are dynamically created (<n> being the prompt
  counter), such that the result of output <n> is always available as _<n>.

  Finally, a global dictionary named _oh exists with entries for all lines
  which generated output.

* Directory history:

  Your history of visited directories is kept in the global list _dh, and the
  magic %cd command can be used to go to any entry in that list.

* Auto-parentheses and auto-quotes (adapted from Nathan Gray's LazyPython)

  1. Auto-parentheses
        
     Callable objects (i.e. functions, methods, etc) can be invoked like
     this (notice the commas between the arguments)::
       
         In [1]: callable_ob arg1, arg2, arg3
       
     and the input will be translated to this::
       
         callable_ob(arg1, arg2, arg3)
       
     This feature is off by default (in rare cases it can produce
     undesirable side-effects), but you can activate it at the command-line
     by starting IPython with `--autocall 1`, set it permanently in your
     configuration file, or turn on at runtime with `%autocall 1`.

     You can force auto-parentheses by using '/' as the first character
     of a line.  For example::
       
          In [1]: /globals             # becomes 'globals()'
       
     Note that the '/' MUST be the first character on the line!  This
     won't work::
       
          In [2]: print /globals    # syntax error

     In most cases the automatic algorithm should work, so you should
     rarely need to explicitly invoke /. One notable exception is if you
     are trying to call a function with a list of tuples as arguments (the
     parenthesis will confuse IPython)::
       
          In [1]: zip (1,2,3),(4,5,6)  # won't work
       
     but this will work::
       
          In [2]: /zip (1,2,3),(4,5,6)
          ------> zip ((1,2,3),(4,5,6))
          Out[2]= [(1, 4), (2, 5), (3, 6)]

     IPython tells you that it has altered your command line by
     displaying the new command line preceded by -->.  e.g.::
       
          In [18]: callable list
          -------> callable (list)

  2. Auto-Quoting
    
     You can force auto-quoting of a function's arguments by using ',' as
     the first character of a line.  For example::
       
          In [1]: ,my_function /home/me   # becomes my_function("/home/me")

     If you use ';' instead, the whole argument is quoted as a single
     string (while ',' splits on whitespace)::
       
          In [2]: ,my_function a b c   # becomes my_function("a","b","c")
          In [3]: ;my_function a b c   # becomes my_function("a b c")

     Note that the ',' MUST be the first character on the line!  This
     won't work::
       
          In [4]: x = ,my_function /home/me    # syntax error
#1077	NEW    cov: 1980 ft: 2807 corp: 46/220b lim: 6 exec/s: 269 rss: 94Mb L: 6/6 MS: 1 ChangeBit-
#1078	NEW    cov: 1980 ft: 2867 corp: 47/226b lim: 6 exec/s: 269 rss: 94Mb L: 6/6 MS: 1 CopyPart-
UsageError: Line magic function `%` not found.
UsageError: Line magic function `%@%` not found.
UsageError: Line magic function `%@%` not found.
UsageError: Cell magic `%%@` not found.
#1092	NEW    cov: 1986 ft: 2873 corp: 48/232b lim: 6 exec/s: 273 rss: 94Mb L: 6/6 MS: 4 CopyPart-CopyPart-ChangeBit-ShuffleBytes-
  [36mFile [39m[32m<ipython-input-1-137f554ee0f6>:1[39m
[31m    [39m[31m{[39m
     ^
[31mSyntaxError[39m[31m:[39m incomplete input

  [36mFile [39m[32m<ipython-input-1-137f554ee0f6>:1[39m
[31m    [39m[31m{[39m
     ^
[31mSyntaxError[39m[31m:[39m incomplete input

  [36mFile [39m[32m<ipython-input-1-137f554ee0f6>:1[39m
[31m    [39m[31m{[39m
     ^
[31mSyntaxError[39m[31m:[39m incomplete input

  [36mFile [39m[32m<ipython-input-1-137f554ee0f6>:1[39m
[31m    [39m[31m{[39m
     ^
[31mSyntaxError[39m[31m:[39m incomplete input

[31m---------------------------------------------------------------------------[39m
[31mNameError[39m                                 Traceback (most recent call last)
[36mFile [39m[32m<ipython-input-1-7b39dce284ec>:1[39m
[32m----> [39m[32m1[39m z;Z

[31mNameError[39m: name 'z' is not defined
Object `+` not found.
Object `+` not found.
  [36mFile [39m[32m<string>[39m
[31m    [39m
[31mSyntaxError[39m[31m:[39m source code string cannot contain null bytes

Object ` ` not found.
Object ` ` not found.
Object `A` not found.
Object `p` not found.
  [36mFile [39m[32m<string>[39m
[31m    [39m
[31mSyntaxError[39m[31m:[39m source code string cannot contain null bytes

  [36mFile [39m[32m<string>[39m
[31m    [39m
[31mSyntaxError[39m[31m:[39m source code string cannot contain null bytes

  [36mFile [39m[32m<string>[39m
[31m    [39m
[31mSyntaxError[39m[31m:[39m source code string cannot contain null bytes

  [36mFile [39m[32m<string>[39m
[31m    [39m
[31mSyntaxError[39m[31m:[39m source code string cannot contain null bytes

  [36mFile [39m[32m<ipython-input-1-512e07326c6c>:1[39m
[31m    [39m[31m[39m
    ^
[31mSyntaxError[39m[31m:[39m invalid non-printable character U+0002

  [36mFile [39m[32m<ipython-input-1-f73ee080cfb5>:1[39m
[31m    [39m[31m~[39m
     ^
[31mSyntaxError[39m[31m:[39m invalid syntax

  [36mFile [39m[32m<ipython-input-1-4b37ef281455>:1[39m
[31m    [39m[31m|[39m
    ^
[31mSyntaxError[39m[31m:[39m invalid syntax

  [36mFile [39m[32m<ipython-input-1-4b37ef281455>:1[39m
[31m    [39m[31m|[39m
    ^
[31mSyntaxError[39m[31m:[39m invalid syntax

  [36mFile [39m[32m<ipython-input-1-8c377ec00ce8>:1[39m
[31m    [39m[31m[39m
    ^
[31mSyntaxError[39m[31m:[39m invalid non-printable character U+0001

Object `#` not found.
Object `?` not found.
Object `'` not found.
Object `'` not found.
Object `("")("")` not found.
  [36mFile [39m[32m<ipython-input-1-74556f62fbeb>:1[39m
[31m    [39m[31m+Z`[39m
      ^
[31mSyntaxError[39m[31m:[39m invalid syntax

  [36mFile [39m[32m<ipython-input-1-7c73efcbef60>:1[39m
[31m    [39m[31m+`Z[39m
     ^
[31mSyntaxError[39m[31m:[39m invalid syntax

  [36mFile [39m[32m<ipython-input-1-7c73efcbef60>:1[39m
[31m    [39m[31m+`Z[39m
     ^
[31mSyntaxError[39m[31m:[39m invalid syntax

  [36mFile [39m[32m<ipython-input-1-8191052f892c>:1[39m
[31m    [39m[31m+`z[39m
     ^
[31mSyntaxError[39m[31m:[39m invalid syntax

  [36mFile [39m[32m<ipython-input-1-8191052f892c>:1[39m
[31m    [39m[31m+`z[39m
     ^
[31mSyntaxError[39m[31m:[39m invalid syntax

Object `!` not found.
  [36mFile [39m[32m<ipython-input-1-64b93b4b15bf>:1[39m
[31m    [39m[31m9^[39m
      ^
[31mSyntaxError[39m[31m:[39m invalid syntax

  [36mFile [39m[32m<ipython-input-1-64b93b4b15bf>:1[39m
[31m    [39m[31m9^[39m
      ^
[31mSyntaxError[39m[31m:[39m invalid syntax

Object `9^` not found.
[31m---------------------------------------------------------------------------[39m
[31mNameError[39m                                 Traceback (most recent call last)
[36mFile [39m[32m<ipython-input-1-fc4a1dcad93e>:1[39m
[32m----> [39m[32m1[39m [43m㦿[49m

[31mNameError[39m: name '㦿' is not defined
  [36mFile [39m[32m<string>[39m
[31m    [39m
[31mSyntaxError[39m[31m:[39m source code string cannot contain null bytes

  [36mFile [39m[32m<ipython-input-1-34efe1b2cfdc>:1[39m
[31m    [39m[31m("")[39m
    ^
[31mSyntaxError[39m[31m:[39m invalid non-printable character U+0006

  [36mFile [39m[32m<ipython-input-1-34efe1b2cfdc>:1[39m
[31m    [39m[31m("")[39m
    ^
[31mSyntaxError[39m[31m:[39m invalid non-printable character U+0006

Out[0]: ''
Out[0]: ''
  [36mFile [39m[32m<string>[39m
[31m    [39m
[31mSyntaxError[39m[31m:[39m source code string cannot contain null bytes

  [36mFile [39m[32m<ipython-input-1-93a42b83587d>:1[39m
[31m    [39m[31mA[39m
     ^
[31mSyntaxError[39m[31m:[39m invalid non-printable character U+001D

/usr/bin/sh: 1: ,: not found
#1103	NEW    cov: 1986 ft: 2875 corp: 49/237b lim: 6 exec/s: 275 rss: 94Mb L: 5/6 MS: 1 ChangeByte-
UsageError: Line magic function `% ` not found.
UsageError: Line magic function `%/:` not found.
UsageError: Line magic function `%  ` not found.

IPython -- An enhanced Interactive Python
=========================================

IPython offers a fully compatible replacement for the standard Python
interpreter, with convenient shell features, special commands, command
history mechanism and output results caching.

At your system command line, type 'ipython -h' to see the command line
options available. This document only describes interactive features.

GETTING HELP
------------

Within IPython you have various way to access help:

  ?         -> Introduction and overview of IPython's features (this screen).
  object?   -> Details about 'object'.
  object??  -> More detailed, verbose information about 'object'.
  %quickref -> Quick reference of all IPython specific syntax and magics.
  help      -> Access Python's own help system.

If you are in terminal IPython you can quit this screen by pressing `q`.


MAIN FEATURES
-------------

* Access to the standard Python help with object docstrings and the Python
  manuals. Simply type 'help' (no quotes) to invoke it.

* Magic commands: type %magic for information on the magic subsystem.

* System command aliases, via the %alias command or the configuration file(s).

* Dynamic object information:

  Typing ?word or word? prints detailed information about an object. Certain
  long strings (code, etc.) get snipped in the center for brevity.

  Typing ??word or word?? gives access to the full information without
  snipping long strings. Strings that are longer than the screen are printed
  through the less pager.

  The ?/?? system gives access to the full source code for any object (if
  available), shows function prototypes and other useful information.

  If you just want to see an object's docstring, type '%pdoc object' (without
  quotes, and without % if you have automagic on).

* Tab completion in the local namespace:

  At any time, hitting tab will complete any available python commands or
  variable names, and show you a list of the possible completions if there's
  no unambiguous one. It will also complete filenames in the current directory.

* Search previous command history in multiple ways:

  - Start typing, and then use arrow keys up/down or (Ctrl-p/Ctrl-n) to search
    through the history items that match what you've typed so far.

  - Hit Ctrl-r: opens a search prompt. Begin typing and the system searches
    your history for lines that match what you've typed so far, completing as
    much as it can.

  - %hist: search history by index.

* Persistent command history across sessions.

* Logging of input with the ability to save and restore a working session.

* System shell with !. Typing !ls will run 'ls' in the current directory.

* The reload command does a 'deep' reload of a module: changes made to the
  module since you imported will actually be available without having to exit.

* Verbose and colored exception traceback printouts. See the magic xmode and
  xcolor functions for details (just type %magic).

* Input caching system:

  IPython offers numbered prompts (In/Out) with input and output caching. All
  input is saved and can be retrieved as variables (besides the usual arrow
  key recall).

  The following GLOBAL variables always exist (so don't overwrite them!):
  _i: stores previous input.
  _ii: next previous.
  _iii: next-next previous.
  _ih : a list of all input _ih[n] is the input from line n.

  Additionally, global variables named _i<n> are dynamically created (<n>
  being the prompt counter), such that _i<n> == _ih[<n>]

  For example, what you typed at prompt 14 is available as _i14 and _ih[14].

  You can create macros which contain multiple input lines from this history,
  for later re-execution, with the %macro function.

  The history function %hist allows you to see any part of your input history
  by printing a range of the _i variables. Note that inputs which contain
  magic functions (%) appear in the history with a prepended comment. This is
  because they aren't really valid Python code, so you can't exec them.

* Output caching system:

  For output that is returned from actions, a system similar to the input
  cache exists but using _ instead of _i. Only actions that produce a result
  (NOT assignments, for example) are cached. If you are familiar with
  Mathematica, IPython's _ variables behave exactly like Mathematica's %
  variables.

  The following GLOBAL variables always exist (so don't overwrite them!):
  _ (one underscore): previous output.
  __ (two underscores): next previous.
  ___ (three underscores): next-next previous.

  Global variables named _<n> are dynamically created (<n> being the prompt
  counter), such that the result of output <n> is always available as _<n>.

  Finally, a global dictionary named _oh exists with entries for all lines
  which generated output.

* Directory history:

  Your history of visited directories is kept in the global list _dh, and the
  magic %cd command can be used to go to any entry in that list.

* Auto-parentheses and auto-quotes (adapted from Nathan Gray's LazyPython)

  1. Auto-parentheses
        
     Callable objects (i.e. functions, methods, etc) can be invoked like
     this (notice the commas between the arguments)::
       
         In [1]: callable_ob arg1, arg2, arg3
       
     and the input will be translated to this::
       
         callable_ob(arg1, arg2, arg3)
       
     This feature is off by default (in rare cases it can produce
     undesirable side-effects), but you can activate it at the command-line
     by starting IPython with `--autocall 1`, set it permanently in your
     configuration file, or turn on at runtime with `%autocall 1`.

     You can force auto-parentheses by using '/' as the first character
     of a line.  For example::
       
          In [1]: /globals             # becomes 'globals()'
       
     Note that the '/' MUST be the first character on the line!  This
     won't work::
       
          In [2]: print /globals    # syntax error

     In most cases the automatic algorithm should work, so you should
     rarely need to explicitly invoke /. One notable exception is if you
     are trying to call a function with a list of tuples as arguments (the
     parenthesis will confuse IPython)::
       
          In [1]: zip (1,2,3),(4,5,6)  # won't work
       
     but this will work::
       
          In [2]: /zip (1,2,3),(4,5,6)
          ------> zip ((1,2,3),(4,5,6))
          Out[2]= [(1, 4), (2, 5), (3, 6)]

     IPython tells you that it has altered your command line by
     displaying the new command line preceded by -->.  e.g.::
       
          In [18]: callable list
          -------> callable (list)

  2. Auto-Quoting
    
     You can force auto-quoting of a function's arguments by using ',' as
     the first character of a line.  For example::
       
          In [1]: ,my_function /home/me   # becomes my_function("/home/me")

     If you use ';' instead, the whole argument is quoted as a single
     string (while ',' splits on whitespace)::
       
          In [2]: ,my_function a b c   # becomes my_function("a","b","c")
          In [3]: ;my_function a b c   # becomes my_function("a b c")

     Note that the ',' MUST be the first character on the line!  This
     won't work::
       
          In [4]: x = ,my_function /home/me    # syntax error

IPython -- An enhanced Interactive Python
=========================================

IPython offers a fully compatible replacement for the standard Python
interpreter, with convenient shell features, special commands, command
history mechanism and output results caching.

At your system command line, type 'ipython -h' to see the command line
options available. This document only describes interactive features.

GETTING HELP
------------

Within IPython you have various way to access help:

  ?         -> Introduction and overview of IPython's features (this screen).
  object?   -> Details about 'object'.
  object??  -> More detailed, verbose information about 'object'.
  %quickref -> Quick reference of all IPython specific syntax and magics.
  help      -> Access Python's own help system.

If you are in terminal IPython you can quit this screen by pressing `q`.


MAIN FEATURES
-------------

* Access to the standard Python help with object docstrings and the Python
  manuals. Simply type 'help' (no quotes) to invoke it.

* Magic commands: type %magic for information on the magic subsystem.

* System command aliases, via the %alias command or the configuration file(s).

* Dynamic object information:

  Typing ?word or word? prints detailed information about an object. Certain
  long strings (code, etc.) get snipped in the center for brevity.

  Typing ??word or word?? gives access to the full information without
  snipping long strings. Strings that are longer than the screen are printed
  through the less pager.

  The ?/?? system gives access to the full source code for any object (if
  available), shows function prototypes and other useful information.

  If you just want to see an object's docstring, type '%pdoc object' (without
  quotes, and without % if you have automagic on).

* Tab completion in the local namespace:

  At any time, hitting tab will complete any available python commands or
  variable names, and show you a list of the possible completions if there's
  no unambiguous one. It will also complete filenames in the current directory.

* Search previous command history in multiple ways:

  - Start typing, and then use arrow keys up/down or (Ctrl-p/Ctrl-n) to search
    through the history items that match what you've typed so far.

  - Hit Ctrl-r: opens a search prompt. Begin typing and the system searches
    your history for lines that match what you've typed so far, completing as
    much as it can.

  - %hist: search history by index.

* Persistent command history across sessions.

* Logging of input with the ability to save and restore a working session.

* System shell with !. Typing !ls will run 'ls' in the current directory.

* The reload command does a 'deep' reload of a module: changes made to the
  module since you imported will actually be available without having to exit.

* Verbose and colored exception traceback printouts. See the magic xmode and
  xcolor functions for details (just type %magic).

* Input caching system:

  IPython offers numbered prompts (In/Out) with input and output caching. All
  input is saved and can be retrieved as variables (besides the usual arrow
  key recall).

  The following GLOBAL variables always exist (so don't overwrite them!):
  _i: stores previous input.
  _ii: next previous.
  _iii: next-next previous.
  _ih : a list of all input _ih[n] is the input from line n.

  Additionally, global variables named _i<n> are dynamically created (<n>
  being the prompt counter), such that _i<n> == _ih[<n>]

  For example, what you typed at prompt 14 is available as _i14 and _ih[14].

  You can create macros which contain multiple input lines from this history,
  for later re-execution, with the %macro function.

  The history function %hist allows you to see any part of your input history
  by printing a range of the _i variables. Note that inputs which contain
  magic functions (%) appear in the history with a prepended comment. This is
  because they aren't really valid Python code, so you can't exec them.

* Output caching system:

  For output that is returned from actions, a system similar to the input
  cache exists but using _ instead of _i. Only actions that produce a result
  (NOT assignments, for example) are cached. If you are familiar with
  Mathematica, IPython's _ variables behave exactly like Mathematica's %
  variables.

  The following GLOBAL variables always exist (so don't overwrite them!):
  _ (one underscore): previous output.
  __ (two underscores): next previous.
  ___ (three underscores): next-next previous.

  Global variables named _<n> are dynamically created (<n> being the prompt
  counter), such that the result of output <n> is always available as _<n>.

  Finally, a global dictionary named _oh exists with entries for all lines
  which generated output.

* Directory history:

  Your history of visited directories is kept in the global list _dh, and the
  magic %cd command can be used to go to any entry in that list.

* Auto-parentheses and auto-quotes (adapted from Nathan Gray's LazyPython)

  1. Auto-parentheses
        
     Callable objects (i.e. functions, methods, etc) can be invoked like
     this (notice the commas between the arguments)::
       
         In [1]: callable_ob arg1, arg2, arg3
       
     and the input will be translated to this::
       
         callable_ob(arg1, arg2, arg3)
       
     This feature is off by default (in rare cases it can produce
     undesirable side-effects), but you can activate it at the command-line
     by starting IPython with `--autocall 1`, set it permanently in your
     configuration file, or turn on at runtime with `%autocall 1`.

     You can force auto-parentheses by using '/' as the first character
     of a line.  For example::
       
          In [1]: /globals             # becomes 'globals()'
       
     Note that the '/' MUST be the first character on the line!  This
     won't work::
       
          In [2]: print /globals    # syntax error

     In most cases the automatic algorithm should work, so you should
     rarely need to explicitly invoke /. One notable exception is if you
     are trying to call a function with a list of tuples as arguments (the
     parenthesis will confuse IPython)::
       
          In [1]: zip (1,2,3),(4,5,6)  # won't work
       
     but this will work::
       
          In [2]: /zip (1,2,3),(4,5,6)
          ------> zip ((1,2,3),(4,5,6))
          Out[2]= [(1, 4), (2, 5), (3, 6)]

     IPython tells you that it has altered your command line by
     displaying the new command line preceded by -->.  e.g.::
       
          In [18]: callable list
          -------> callable (list)

  2. Auto-Quoting
    
     You can force auto-quoting of a function's arguments by using ',' as
     the first character of a line.  For example::
       
          In [1]: ,my_function /home/me   # becomes my_function("/home/me")

     If you use ';' instead, the whole argument is quoted as a single
     string (while ',' splits on whitespace)::
       
          In [2]: ,my_function a b c   # becomes my_function("a","b","c")
          In [3]: ;my_function a b c   # becomes my_function("a b c")

     Note that the ',' MUST be the first character on the line!  This
     won't work::
       
          In [4]: x = ,my_function /home/me    # syntax error

IPython -- An enhanced Interactive Python
=========================================

IPython offers a fully compatible replacement for the standard Python
interpreter, with convenient shell features, special commands, command
history mechanism and output results caching.

At your system command line, type 'ipython -h' to see the command line
options available. This document only describes interactive features.

GETTING HELP
------------

Within IPython you have various way to access help:

  ?         -> Introduction and overview of IPython's features (this screen).
  object?   -> Details about 'object'.
  object??  -> More detailed, verbose information about 'object'.
  %quickref -> Quick reference of all IPython specific syntax and magics.
  help      -> Access Python's own help system.

If you are in terminal IPython you can quit this screen by pressing `q`.


MAIN FEATURES
-------------

* Access to the standard Python help with object docstrings and the Python
  manuals. Simply type 'help' (no quotes) to invoke it.

* Magic commands: type %magic for information on the magic subsystem.

* System command aliases, via the %alias command or the configuration file(s).

* Dynamic object information:

  Typing ?word or word? prints detailed information about an object. Certain
  long strings (code, etc.) get snipped in the center for brevity.

  Typing ??word or word?? gives access to the full information without
  snipping long strings. Strings that are longer than the screen are printed
  through the less pager.

  The ?/?? system gives access to the full source code for any object (if
  available), shows function prototypes and other useful information.

  If you just want to see an object's docstring, type '%pdoc object' (without
  quotes, and without % if you have automagic on).

* Tab completion in the local namespace:

  At any time, hitting tab will complete any available python commands or
  variable names, and show you a list of the possible completions if there's
  no unambiguous one. It will also complete filenames in the current directory.

* Search previous command history in multiple ways:

  - Start typing, and then use arrow keys up/down or (Ctrl-p/Ctrl-n) to search
    through the history items that match what you've typed so far.

  - Hit Ctrl-r: opens a search prompt. Begin typing and the system searches
    your history for lines that match what you've typed so far, completing as
    much as it can.

  - %hist: search history by index.

* Persistent command history across sessions.

* Logging of input with the ability to save and restore a working session.

* System shell with !. Typing !ls will run 'ls' in the current directory.

* The reload command does a 'deep' reload of a module: changes made to the
  module since you imported will actually be available without having to exit.

* Verbose and colored exception traceback printouts. See the magic xmode and
  xcolor functions for details (just type %magic).

* Input caching system:

  IPython offers numbered prompts (In/Out) with input and output caching. All
  input is saved and can be retrieved as variables (besides the usual arrow
  key recall).

  The following GLOBAL variables always exist (so don't overwrite them!):
  _i: stores previous input.
  _ii: next previous.
  _iii: next-next previous.
  _ih : a list of all input _ih[n] is the input from line n.

  Additionally, global variables named _i<n> are dynamically created (<n>
  being the prompt counter), such that _i<n> == _ih[<n>]

  For example, what you typed at prompt 14 is available as _i14 and _ih[14].

  You can create macros which contain multiple input lines from this history,
  for later re-execution, with the %macro function.

  The history function %hist allows you to see any part of your input history
  by printing a range of the _i variables. Note that inputs which contain
  magic functions (%) appear in the history with a prepended comment. This is
  because they aren't really valid Python code, so you can't exec them.

* Output caching system:

  For output that is returned from actions, a system similar to the input
  cache exists but using _ instead of _i. Only actions that produce a result
  (NOT assignments, for example) are cached. If you are familiar with
  Mathematica, IPython's _ variables behave exactly like Mathematica's %
  variables.

  The following GLOBAL variables always exist (so don't overwrite them!):
  _ (one underscore): previous output.
  __ (two underscores): next previous.
  ___ (three underscores): next-next previous.

  Global variables named _<n> are dynamically created (<n> being the prompt
  counter), such that the result of output <n> is always available as _<n>.

  Finally, a global dictionary named _oh exists with entries for all lines
  which generated output.

* Directory history:

  Your history of visited directories is kept in the global list _dh, and the
  magic %cd command can be used to go to any entry in that list.

* Auto-parentheses and auto-quotes (adapted from Nathan Gray's LazyPython)

  1. Auto-parentheses
        
     Callable objects (i.e. functions, methods, etc) can be invoked like
     this (notice the commas between the arguments)::
       
         In [1]: callable_ob arg1, arg2, arg3
       
     and the input will be translated to this::
       
         callable_ob(arg1, arg2, arg3)
       
     This feature is off by default (in rare cases it can produce
     undesirable side-effects), but you can activate it at the command-line
     by starting IPython with `--autocall 1`, set it permanently in your
     configuration file, or turn on at runtime with `%autocall 1`.

     You can force auto-parentheses by using '/' as the first character
     of a line.  For example::
       
          In [1]: /globals             # becomes 'globals()'
       
     Note that the '/' MUST be the first character on the line!  This
     won't work::
       
          In [2]: print /globals    # syntax error

     In most cases the automatic algorithm should work, so you should
     rarely need to explicitly invoke /. One notable exception is if you
     are trying to call a function with a list of tuples as arguments (the
     parenthesis will confuse IPython)::
       
          In [1]: zip (1,2,3),(4,5,6)  # won't work
       
     but this will work::
       
          In [2]: /zip (1,2,3),(4,5,6)
          ------> zip ((1,2,3),(4,5,6))
          Out[2]= [(1, 4), (2, 5), (3, 6)]

     IPython tells you that it has altered your command line by
     displaying the new command line preceded by -->.  e.g.::
       
          In [18]: callable list
          -------> callable (list)

  2. Auto-Quoting
    
     You can force auto-quoting of a function's arguments by using ',' as
     the first character of a line.  For example::
       
          In [1]: ,my_function /home/me   # becomes my_function("/home/me")

     If you use ';' instead, the whole argument is quoted as a single
     string (while ',' splits on whitespace)::
       
          In [2]: ,my_function a b c   # becomes my_function("a","b","c")
          In [3]: ;my_function a b c   # becomes my_function("a b c")

     Note that the ',' MUST be the first character on the line!  This
     won't work::
       
          In [4]: x = ,my_function /home/me    # syntax error

IPython -- An enhanced Interactive Python
=========================================

IPython offers a fully compatible replacement for the standard Python
interpreter, with convenient shell features, special commands, command
history mechanism and output results caching.

At your system command line, type 'ipython -h' to see the command line
options available. This document only describes interactive features.

GETTING HELP
------------

Within IPython you have various way to access help:

  ?         -> Introduction and overview of IPython's features (this screen).
  object?   -> Details about 'object'.
  object??  -> More detailed, verbose information about 'object'.
  %quickref -> Quick reference of all IPython specific syntax and magics.
  help      -> Access Python's own help system.

If you are in terminal IPython you can quit this screen by pressing `q`.


MAIN FEATURES
-------------

* Access to the standard Python help with object docstrings and the Python
  manuals. Simply type 'help' (no quotes) to invoke it.

* Magic commands: type %magic for information on the magic subsystem.

* System command aliases, via the %alias command or the configuration file(s).

* Dynamic object information:

  Typing ?word or word? prints detailed information about an object. Certain
  long strings (code, etc.) get snipped in the center for brevity.

  Typing ??word or word?? gives access to the full information without
  snipping long strings. Strings that are longer than the screen are printed
  through the less pager.

  The ?/?? system gives access to the full source code for any object (if
  available), shows function prototypes and other useful information.

  If you just want to see an object's docstring, type '%pdoc object' (without
  quotes, and without % if you have automagic on).

* Tab completion in the local namespace:

  At any time, hitting tab will complete any available python commands or
  variable names, and show you a list of the possible completions if there's
  no unambiguous one. It will also complete filenames in the current directory.

* Search previous command history in multiple ways:

  - Start typing, and then use arrow keys up/down or (Ctrl-p/Ctrl-n) to search
    through the history items that match what you've typed so far.

  - Hit Ctrl-r: opens a search prompt. Begin typing and the system searches
    your history for lines that match what you've typed so far, completing as
    much as it can.

  - %hist: search history by index.

* Persistent command history across sessions.

* Logging of input with the ability to save and restore a working session.

* System shell with !. Typing !ls will run 'ls' in the current directory.

* The reload command does a 'deep' reload of a module: changes made to the
  module since you imported will actually be available without having to exit.

* Verbose and colored exception traceback printouts. See the magic xmode and
  xcolor functions for details (just type %magic).

* Input caching system:

  IPython offers numbered prompts (In/Out) with input and output caching. All
  input is saved and can be retrieved as variables (besides the usual arrow
  key recall).

  The following GLOBAL variables always exist (so don't overwrite them!):
  _i: stores previous input.
  _ii: next previous.
  _iii: next-next previous.
  _ih : a list of all input _ih[n] is the input from line n.

  Additionally, global variables named _i<n> are dynamically created (<n>
  being the prompt counter), such that _i<n> == _ih[<n>]

  For example, what you typed at prompt 14 is available as _i14 and _ih[14].

  You can create macros which contain multiple input lines from this history,
  for later re-execution, with the %macro function.

  The history function %hist allows you to see any part of your input history
  by printing a range of the _i variables. Note that inputs which contain
  magic functions (%) appear in the history with a prepended comment. This is
  because they aren't really valid Python code, so you can't exec them.

* Output caching system:

  For output that is returned from actions, a system similar to the input
  cache exists but using _ instead of _i. Only actions that produce a result
  (NOT assignments, for example) are cached. If you are familiar with
  Mathematica, IPython's _ variables behave exactly like Mathematica's %
  variables.

  The following GLOBAL variables always exist (so don't overwrite them!):
  _ (one underscore): previous output.
  __ (two underscores): next previous.
  ___ (three underscores): next-next previous.

  Global variables named _<n> are dynamically created (<n> being the prompt
  counter), such that the result of output <n> is always available as _<n>.

  Finally, a global dictionary named _oh exists with entries for all lines
  which generated output.

* Directory history:

  Your history of visited directories is kept in the global list _dh, and the
  magic %cd command can be used to go to any entry in that list.

* Auto-parentheses and auto-quotes (adapted from Nathan Gray's LazyPython)

  1. Auto-parentheses
        
     Callable objects (i.e. functions, methods, etc) can be invoked like
     this (notice the commas between the arguments)::
       
         In [1]: callable_ob arg1, arg2, arg3
       
     and the input will be translated to this::
       
         callable_ob(arg1, arg2, arg3)
       
     This feature is off by default (in rare cases it can produce
     undesirable side-effects), but you can activate it at the command-line
     by starting IPython with `--autocall 1`, set it permanently in your
     configuration file, or turn on at runtime with `%autocall 1`.

     You can force auto-parentheses by using '/' as the first character
     of a line.  For example::
       
          In [1]: /globals             # becomes 'globals()'
       
     Note that the '/' MUST be the first character on the line!  This
     won't work::
       
          In [2]: print /globals    # syntax error

     In most cases the automatic algorithm should work, so you should
     rarely need to explicitly invoke /. One notable exception is if you
     are trying to call a function with a list of tuples as arguments (the
     parenthesis will confuse IPython)::
       
          In [1]: zip (1,2,3),(4,5,6)  # won't work
       
     but this will work::
       
          In [2]: /zip (1,2,3),(4,5,6)
          ------> zip ((1,2,3),(4,5,6))
          Out[2]= [(1, 4), (2, 5), (3, 6)]

     IPython tells you that it has altered your command line by
     displaying the new command line preceded by -->.  e.g.::
       
          In [18]: callable list
          -------> callable (list)

  2. Auto-Quoting
    
     You can force auto-quoting of a function's arguments by using ',' as
     the first character of a line.  For example::
       
          In [1]: ,my_function /home/me   # becomes my_function("/home/me")

     If you use ';' instead, the whole argument is quoted as a single
     string (while ',' splits on whitespace)::
       
          In [2]: ,my_function a b c   # becomes my_function("a","b","c")
          In [3]: ;my_function a b c   # becomes my_function("a b c")

     Note that the ',' MUST be the first character on the line!  This
     won't work::
       
          In [4]: x = ,my_function /home/me    # syntax error

IPython -- An enhanced Interactive Python
=========================================

IPython offers a fully compatible replacement for the standard Python
interpreter, with convenient shell features, special commands, command
history mechanism and output results caching.

At your system command line, type 'ipython -h' to see the command line
options available. This document only describes interactive features.

GETTING HELP
------------

Within IPython you have various way to access help:

  ?         -> Introduction and overview of IPython's features (this screen).
  object?   -> Details about 'object'.
  object??  -> More detailed, verbose information about 'object'.
  %quickref -> Quick reference of all IPython specific syntax and magics.
  help      -> Access Python's own help system.

If you are in terminal IPython you can quit this screen by pressing `q`.


MAIN FEATURES
-------------

* Access to the standard Python help with object docstrings and the Python
  manuals. Simply type 'help' (no quotes) to invoke it.

* Magic commands: type %magic for information on the magic subsystem.

* System command aliases, via the %alias command or the configuration file(s).

* Dynamic object information:

  Typing ?word or word? prints detailed information about an object. Certain
  long strings (code, etc.) get snipped in the center for brevity.

  Typing ??word or word?? gives access to the full information without
  snipping long strings. Strings that are longer than the screen are printed
  through the less pager.

  The ?/?? system gives access to the full source code for any object (if
  available), shows function prototypes and other useful information.

  If you just want to see an object's docstring, type '%pdoc object' (without
  quotes, and without % if you have automagic on).

* Tab completion in the local namespace:

  At any time, hitting tab will complete any available python commands or
  variable names, and show you a list of the possible completions if there's
  no unambiguous one. It will also complete filenames in the current directory.

* Search previous command history in multiple ways:

  - Start typing, and then use arrow keys up/down or (Ctrl-p/Ctrl-n) to search
    through the history items that match what you've typed so far.

  - Hit Ctrl-r: opens a search prompt. Begin typing and the system searches
    your history for lines that match what you've typed so far, completing as
    much as it can.

  - %hist: search history by index.

* Persistent command history across sessions.

* Logging of input with the ability to save and restore a working session.

* System shell with !. Typing !ls will run 'ls' in the current directory.

* The reload command does a 'deep' reload of a module: changes made to the
  module since you imported will actually be available without having to exit.

* Verbose and colored exception traceback printouts. See the magic xmode and
  xcolor functions for details (just type %magic).

* Input caching system:

  IPython offers numbered prompts (In/Out) with input and output caching. All
  input is saved and can be retrieved as variables (besides the usual arrow
  key recall).

  The following GLOBAL variables always exist (so don't overwrite them!):
  _i: stores previous input.
  _ii: next previous.
  _iii: next-next previous.
  _ih : a list of all input _ih[n] is the input from line n.

  Additionally, global variables named _i<n> are dynamically created (<n>
  being the prompt counter), such that _i<n> == _ih[<n>]

  For example, what you typed at prompt 14 is available as _i14 and _ih[14].

  You can create macros which contain multiple input lines from this history,
  for later re-execution, with the %macro function.

  The history function %hist allows you to see any part of your input history
  by printing a range of the _i variables. Note that inputs which contain
  magic functions (%) appear in the history with a prepended comment. This is
  because they aren't really valid Python code, so you can't exec them.

* Output caching system:

  For output that is returned from actions, a system similar to the input
  cache exists but using _ instead of _i. Only actions that produce a result
  (NOT assignments, for example) are cached. If you are familiar with
  Mathematica, IPython's _ variables behave exactly like Mathematica's %
  variables.

  The following GLOBAL variables always exist (so don't overwrite them!):
  _ (one underscore): previous output.
  __ (two underscores): next previous.
  ___ (three underscores): next-next previous.

  Global variables named _<n> are dynamically created (<n> being the prompt
  counter), such that the result of output <n> is always available as _<n>.

  Finally, a global dictionary named _oh exists with entries for all lines
  which generated output.

* Directory history:

  Your history of visited directories is kept in the global list _dh, and the
  magic %cd command can be used to go to any entry in that list.

* Auto-parentheses and auto-quotes (adapted from Nathan Gray's LazyPython)

  1. Auto-parentheses
        
     Callable objects (i.e. functions, methods, etc) can be invoked like
     this (notice the commas between the arguments)::
       
         In [1]: callable_ob arg1, arg2, arg3
       
     and the input will be translated to this::
       
         callable_ob(arg1, arg2, arg3)
       
     This feature is off by default (in rare cases it can produce
     undesirable side-effects), but you can activate it at the command-line
     by starting IPython with `--autocall 1`, set it permanently in your
     configuration file, or turn on at runtime with `%autocall 1`.

     You can force auto-parentheses by using '/' as the first character
     of a line.  For example::
       
          In [1]: /globals             # becomes 'globals()'
       
     Note that the '/' MUST be the first character on the line!  This
     won't work::
       
          In [2]: print /globals    # syntax error

     In most cases the automatic algorithm should work, so you should
     rarely need to explicitly invoke /. One notable exception is if you
     are trying to call a function with a list of tuples as arguments (the
     parenthesis will confuse IPython)::
       
          In [1]: zip (1,2,3),(4,5,6)  # won't work
       
     but this will work::
       
          In [2]: /zip (1,2,3),(4,5,6)
          ------> zip ((1,2,3),(4,5,6))
          Out[2]= [(1, 4), (2, 5), (3, 6)]

     IPython tells you that it has altered your command line by
     displaying the new command line preceded by -->.  e.g.::
       
          In [18]: callable list
          -------> callable (list)

  2. Auto-Quoting
    
     You can force auto-quoting of a function's arguments by using ',' as
     the first character of a line.  For example::
       
          In [1]: ,my_function /home/me   # becomes my_function("/home/me")

     If you use ';' instead, the whole argument is quoted as a single
     string (while ',' splits on whitespace)::
       
          In [2]: ,my_function a b c   # becomes my_function("a","b","c")
          In [3]: ;my_function a b c   # becomes my_function("a b c")

     Note that the ',' MUST be the first character on the line!  This
     won't work::
       
          In [4]: x = ,my_function /home/me    # syntax error

IPython -- An enhanced Interactive Python
=========================================

IPython offers a fully compatible replacement for the standard Python
interpreter, with convenient shell features, special commands, command
history mechanism and output results caching.

At your system command line, type 'ipython -h' to see the command line
options available. This document only describes interactive features.

GETTING HELP
------------

Within IPython you have various way to access help:

  ?         -> Introduction and overview of IPython's features (this screen).
  object?   -> Details about 'object'.
  object??  -> More detailed, verbose information about 'object'.
  %quickref -> Quick reference of all IPython specific syntax and magics.
  help      -> Access Python's own help system.

If you are in terminal IPython you can quit this screen by pressing `q`.


MAIN FEATURES
-------------

* Access to the standard Python help with object docstrings and the Python
  manuals. Simply type 'help' (no quotes) to invoke it.

* Magic commands: type %magic for information on the magic subsystem.

* System command aliases, via the %alias command or the configuration file(s).

* Dynamic object information:

  Typing ?word or word? prints detailed information about an object. Certain
  long strings (code, etc.) get snipped in the center for brevity.

  Typing ??word or word?? gives access to the full information without
  snipping long strings. Strings that are longer than the screen are printed
  through the less pager.

  The ?/?? system gives access to the full source code for any object (if
  available), shows function prototypes and other useful information.

  If you just want to see an object's docstring, type '%pdoc object' (without
  quotes, and without % if you have automagic on).

* Tab completion in the local namespace:

  At any time, hitting tab will complete any available python commands or
  variable names, and show you a list of the possible completions if there's
  no unambiguous one. It will also complete filenames in the current directory.

* Search previous command history in multiple ways:

  - Start typing, and then use arrow keys up/down or (Ctrl-p/Ctrl-n) to search
    through the history items that match what you've typed so far.

  - Hit Ctrl-r: opens a search prompt. Begin typing and the system searches
    your history for lines that match what you've typed so far, completing as
    much as it can.

  - %hist: search history by index.

* Persistent command history across sessions.

* Logging of input with the ability to save and restore a working session.

* System shell with !. Typing !ls will run 'ls' in the current directory.

* The reload command does a 'deep' reload of a module: changes made to the
  module since you imported will actually be available without having to exit.

* Verbose and colored exception traceback printouts. See the magic xmode and
  xcolor functions for details (just type %magic).

* Input caching system:

  IPython offers numbered prompts (In/Out) with input and output caching. All
  input is saved and can be retrieved as variables (besides the usual arrow
  key recall).

  The following GLOBAL variables always exist (so don't overwrite them!):
  _i: stores previous input.
  _ii: next previous.
  _iii: next-next previous.
  _ih : a list of all input _ih[n] is the input from line n.

  Additionally, global variables named _i<n> are dynamically created (<n>
  being the prompt counter), such that _i<n> == _ih[<n>]

  For example, what you typed at prompt 14 is available as _i14 and _ih[14].

  You can create macros which contain multiple input lines from this history,
  for later re-execution, with the %macro function.

  The history function %hist allows you to see any part of your input history
  by printing a range of the _i variables. Note that inputs which contain
  magic functions (%) appear in the history with a prepended comment. This is
  because they aren't really valid Python code, so you can't exec them.

* Output caching system:

  For output that is returned from actions, a system similar to the input
  cache exists but using _ instead of _i. Only actions that produce a result
  (NOT assignments, for example) are cached. If you are familiar with
  Mathematica, IPython's _ variables behave exactly like Mathematica's %
  variables.

  The following GLOBAL variables always exist (so don't overwrite them!):
  _ (one underscore): previous output.
  __ (two underscores): next previous.
  ___ (three underscores): next-next previous.

  Global variables named _<n> are dynamically created (<n> being the prompt
  counter), such that the result of output <n> is always available as _<n>.

  Finally, a global dictionary named _oh exists with entries for all lines
  which generated output.

* Directory history:

  Your history of visited directories is kept in the global list _dh, and the
  magic %cd command can be used to go to any entry in that list.

* Auto-parentheses and auto-quotes (adapted from Nathan Gray's LazyPython)

  1. Auto-parentheses
        
     Callable objects (i.e. functions, methods, etc) can be invoked like
     this (notice the commas between the arguments)::
       
         In [1]: callable_ob arg1, arg2, arg3
       
     and the input will be translated to this::
       
         callable_ob(arg1, arg2, arg3)
       
     This feature is off by default (in rare cases it can produce
     undesirable side-effects), but you can activate it at the command-line
     by starting IPython with `--autocall 1`, set it permanently in your
     configuration file, or turn on at runtime with `%autocall 1`.

     You can force auto-parentheses by using '/' as the first character
     of a line.  For example::
       
          In [1]: /globals             # becomes 'globals()'
       
     Note that the '/' MUST be the first character on the line!  This
     won't work::
       
          In [2]: print /globals    # syntax error

     In most cases the automatic algorithm should work, so you should
     rarely need to explicitly invoke /. One notable exception is if you
     are trying to call a function with a list of tuples as arguments (the
     parenthesis will confuse IPython)::
       
          In [1]: zip (1,2,3),(4,5,6)  # won't work
       
     but this will work::
       
          In [2]: /zip (1,2,3),(4,5,6)
          ------> zip ((1,2,3),(4,5,6))
          Out[2]= [(1, 4), (2, 5), (3, 6)]

     IPython tells you that it has altered your command line by
     displaying the new command line preceded by -->.  e.g.::
       
          In [18]: callable list
          -------> callable (list)

  2. Auto-Quoting
    
     You can force auto-quoting of a function's arguments by using ',' as
     the first character of a line.  For example::
       
          In [1]: ,my_function /home/me   # becomes my_function("/home/me")

     If you use ';' instead, the whole argument is quoted as a single
     string (while ',' splits on whitespace)::
       
          In [2]: ,my_function a b c   # becomes my_function("a","b","c")
          In [3]: ;my_function a b c   # becomes my_function("a b c")

     Note that the ',' MUST be the first character on the line!  This
     won't work::
       
          In [4]: x = ,my_function /home/me    # syntax error

IPython -- An enhanced Interactive Python
=========================================

IPython offers a fully compatible replacement for the standard Python
interpreter, with convenient shell features, special commands, command
history mechanism and output results caching.

At your system command line, type 'ipython -h' to see the command line
options available. This document only describes interactive features.

GETTING HELP
------------

Within IPython you have various way to access help:

  ?         -> Introduction and overview of IPython's features (this screen).
  object?   -> Details about 'object'.
  object??  -> More detailed, verbose information about 'object'.
  %quickref -> Quick reference of all IPython specific syntax and magics.
  help      -> Access Python's own help system.

If you are in terminal IPython you can quit this screen by pressing `q`.


MAIN FEATURES
-------------

* Access to the standard Python help with object docstrings and the Python
  manuals. Simply type 'help' (no quotes) to invoke it.

* Magic commands: type %magic for information on the magic subsystem.

* System command aliases, via the %alias command or the configuration file(s).

* Dynamic object information:

  Typing ?word or word? prints detailed information about an object. Certain
  long strings (code, etc.) get snipped in the center for brevity.

  Typing ??word or word?? gives access to the full information without
  snipping long strings. Strings that are longer than the screen are printed
  through the less pager.

  The ?/?? system gives access to the full source code for any object (if
  available), shows function prototypes and other useful information.

  If you just want to see an object's docstring, type '%pdoc object' (without
  quotes, and without % if you have automagic on).

* Tab completion in the local namespace:

  At any time, hitting tab will complete any available python commands or
  variable names, and show you a list of the possible completions if there's
  no unambiguous one. It will also complete filenames in the current directory.

* Search previous command history in multiple ways:

  - Start typing, and then use arrow keys up/down or (Ctrl-p/Ctrl-n) to search
    through the history items that match what you've typed so far.

  - Hit Ctrl-r: opens a search prompt. Begin typing and the system searches
    your history for lines that match what you've typed so far, completing as
    much as it can.

  - %hist: search history by index.

* Persistent command history across sessions.

* Logging of input with the ability to save and restore a working session.

* System shell with !. Typing !ls will run 'ls' in the current directory.

* The reload command does a 'deep' reload of a module: changes made to the
  module since you imported will actually be available without having to exit.

* Verbose and colored exception traceback printouts. See the magic xmode and
  xcolor functions for details (just type %magic).

* Input caching system:

  IPython offers numbered prompts (In/Out) with input and output caching. All
  input is saved and can be retrieved as variables (besides the usual arrow
  key recall).

  The following GLOBAL variables always exist (so don't overwrite them!):
  _i: stores previous input.
  _ii: next previous.
  _iii: next-next previous.
  _ih : a list of all input _ih[n] is the input from line n.

  Additionally, global variables named _i<n> are dynamically created (<n>
  being the prompt counter), such that _i<n> == _ih[<n>]

  For example, what you typed at prompt 14 is available as _i14 and _ih[14].

  You can create macros which contain multiple input lines from this history,
  for later re-execution, with the %macro function.

  The history function %hist allows you to see any part of your input history
  by printing a range of the _i variables. Note that inputs which contain
  magic functions (%) appear in the history with a prepended comment. This is
  because they aren't really valid Python code, so you can't exec them.

* Output caching system:

  For output that is returned from actions, a system similar to the input
  cache exists but using _ instead of _i. Only actions that produce a result
  (NOT assignments, for example) are cached. If you are familiar with
  Mathematica, IPython's _ variables behave exactly like Mathematica's %
  variables.

  The following GLOBAL variables always exist (so don't overwrite them!):
  _ (one underscore): previous output.
  __ (two underscores): next previous.
  ___ (three underscores): next-next previous.

  Global variables named _<n> are dynamically created (<n> being the prompt
  counter), such that the result of output <n> is always available as _<n>.

  Finally, a global dictionary named _oh exists with entries for all lines
  which generated output.

* Directory history:

  Your history of visited directories is kept in the global list _dh, and the
  magic %cd command can be used to go to any entry in that list.

* Auto-parentheses and auto-quotes (adapted from Nathan Gray's LazyPython)

  1. Auto-parentheses
        
     Callable objects (i.e. functions, methods, etc) can be invoked like
     this (notice the commas between the arguments)::
       
         In [1]: callable_ob arg1, arg2, arg3
       
     and the input will be translated to this::
       
         callable_ob(arg1, arg2, arg3)
       
     This feature is off by default (in rare cases it can produce
     undesirable side-effects), but you can activate it at the command-line
     by starting IPython with `--autocall 1`, set it permanently in your
     configuration file, or turn on at runtime with `%autocall 1`.

     You can force auto-parentheses by using '/' as the first character
     of a line.  For example::
       
          In [1]: /globals             # becomes 'globals()'
       
     Note that the '/' MUST be the first character on the line!  This
     won't work::
       
          In [2]: print /globals    # syntax error

     In most cases the automatic algorithm should work, so you should
     rarely need to explicitly invoke /. One notable exception is if you
     are trying to call a function with a list of tuples as arguments (the
     parenthesis will confuse IPython)::
       
          In [1]: zip (1,2,3),(4,5,6)  # won't work
       
     but this will work::
       
          In [2]: /zip (1,2,3),(4,5,6)
          ------> zip ((1,2,3),(4,5,6))
          Out[2]= [(1, 4), (2, 5), (3, 6)]

     IPython tells you that it has altered your command line by
     displaying the new command line preceded by -->.  e.g.::
       
          In [18]: callable list
          -------> callable (list)

  2. Auto-Quoting
    
     You can force auto-quoting of a function's arguments by using ',' as
     the first character of a line.  For example::
       
          In [1]: ,my_function /home/me   # becomes my_function("/home/me")

     If you use ';' instead, the whole argument is quoted as a single
     string (while ',' splits on whitespace)::
       
          In [2]: ,my_function a b c   # becomes my_function("a","b","c")
          In [3]: ;my_function a b c   # becomes my_function("a b c")

     Note that the ',' MUST be the first character on the line!  This
     won't work::
       
          In [4]: x = ,my_function /home/me    # syntax error

IPython -- An enhanced Interactive Python
=========================================

IPython offers a fully compatible replacement for the standard Python
interpreter, with convenient shell features, special commands, command
history mechanism and output results caching.

At your system command line, type 'ipython -h' to see the command line
options available. This document only describes interactive features.

GETTING HELP
------------

Within IPython you have various way to access help:

  ?         -> Introduction and overview of IPython's features (this screen).
  object?   -> Details about 'object'.
  object??  -> More detailed, verbose information about 'object'.
  %quickref -> Quick reference of all IPython specific syntax and magics.
  help      -> Access Python's own help system.

If you are in terminal IPython you can quit this screen by pressing `q`.


MAIN FEATURES
-------------

* Access to the standard Python help with object docstrings and the Python
  manuals. Simply type 'help' (no quotes) to invoke it.

* Magic commands: type %magic for information on the magic subsystem.

* System command aliases, via the %alias command or the configuration file(s).

* Dynamic object information:

  Typing ?word or word? prints detailed information about an object. Certain
  long strings (code, etc.) get snipped in the center for brevity.

  Typing ??word or word?? gives access to the full information without
  snipping long strings. Strings that are longer than the screen are printed
  through the less pager.

  The ?/?? system gives access to the full source code for any object (if
  available), shows function prototypes and other useful information.

  If you just want to see an object's docstring, type '%pdoc object' (without
  quotes, and without % if you have automagic on).

* Tab completion in the local namespace:

  At any time, hitting tab will complete any available python commands or
  variable names, and show you a list of the possible completions if there's
  no unambiguous one. It will also complete filenames in the current directory.

* Search previous command history in multiple ways:

  - Start typing, and then use arrow keys up/down or (Ctrl-p/Ctrl-n) to search
    through the history items that match what you've typed so far.

  - Hit Ctrl-r: opens a search prompt. Begin typing and the system searches
    your history for lines that match what you've typed so far, completing as
    much as it can.

  - %hist: search history by index.

* Persistent command history across sessions.

* Logging of input with the ability to save and restore a working session.

* System shell with !. Typing !ls will run 'ls' in the current directory.

* The reload command does a 'deep' reload of a module: changes made to the
  module since you imported will actually be available without having to exit.

* Verbose and colored exception traceback printouts. See the magic xmode and
  xcolor functions for details (just type %magic).

* Input caching system:

  IPython offers numbered prompts (In/Out) with input and output caching. All
  input is saved and can be retrieved as variables (besides the usual arrow
  key recall).

  The following GLOBAL variables always exist (so don't overwrite them!):
  _i: stores previous input.
  _ii: next previous.
  _iii: next-next previous.
  _ih : a list of all input _ih[n] is the input from line n.

  Additionally, global variables named _i<n> are dynamically created (<n>
  being the prompt counter), such that _i<n> == _ih[<n>]

  For example, what you typed at prompt 14 is available as _i14 and _ih[14].

  You can create macros which contain multiple input lines from this history,
  for later re-execution, with the %macro function.

  The history function %hist allows you to see any part of your input history
  by printing a range of the _i variables. Note that inputs which contain
  magic functions (%) appear in the history with a prepended comment. This is
  because they aren't really valid Python code, so you can't exec them.

* Output caching system:

  For output that is returned from actions, a system similar to the input
  cache exists but using _ instead of _i. Only actions that produce a result
  (NOT assignments, for example) are cached. If you are familiar with
  Mathematica, IPython's _ variables behave exactly like Mathematica's %
  variables.

  The following GLOBAL variables always exist (so don't overwrite them!):
  _ (one underscore): previous output.
  __ (two underscores): next previous.
  ___ (three underscores): next-next previous.

  Global variables named _<n> are dynamically created (<n> being the prompt
  counter), such that the result of output <n> is always available as _<n>.

  Finally, a global dictionary named _oh exists with entries for all lines
  which generated output.

* Directory history:

  Your history of visited directories is kept in the global list _dh, and the
  magic %cd command can be used to go to any entry in that list.

* Auto-parentheses and auto-quotes (adapted from Nathan Gray's LazyPython)

  1. Auto-parentheses
        
     Callable objects (i.e. functions, methods, etc) can be invoked like
     this (notice the commas between the arguments)::
       
         In [1]: callable_ob arg1, arg2, arg3
       
     and the input will be translated to this::
       
         callable_ob(arg1, arg2, arg3)
       
     This feature is off by default (in rare cases it can produce
     undesirable side-effects), but you can activate it at the command-line
     by starting IPython with `--autocall 1`, set it permanently in your
     configuration file, or turn on at runtime with `%autocall 1`.

     You can force auto-parentheses by using '/' as the first character
     of a line.  For example::
       
          In [1]: /globals             # becomes 'globals()'
       
     Note that the '/' MUST be the first character on the line!  This
     won't work::
       
          In [2]: print /globals    # syntax error

     In most cases the automatic algorithm should work, so you should
     rarely need to explicitly invoke /. One notable exception is if you
     are trying to call a function with a list of tuples as arguments (the
     parenthesis will confuse IPython)::
       
          In [1]: zip (1,2,3),(4,5,6)  # won't work
       
     but this will work::
       
          In [2]: /zip (1,2,3),(4,5,6)
          ------> zip ((1,2,3),(4,5,6))
          Out[2]= [(1, 4), (2, 5), (3, 6)]

     IPython tells you that it has altered your command line by
     displaying the new command line preceded by -->.  e.g.::
       
          In [18]: callable list
          -------> callable (list)

  2. Auto-Quoting
    
     You can force auto-quoting of a function's arguments by using ',' as
     the first character of a line.  For example::
       
          In [1]: ,my_function /home/me   # becomes my_function("/home/me")

     If you use ';' instead, the whole argument is quoted as a single
     string (while ',' splits on whitespace)::
       
          In [2]: ,my_function a b c   # becomes my_function("a","b","c")
          In [3]: ;my_function a b c   # becomes my_function("a b c")

     Note that the ',' MUST be the first character on the line!  This
     won't work::
       
          In [4]: x = ,my_function /home/me    # syntax error
#1137	NEW    cov: 1986 ft: 2880 corp: 50/243b lim: 6 exec/s: 284 rss: 94Mb L: 6/6 MS: 4 ShuffleBytes-CrossOver-ChangeByte-ChangeBinInt-

IPython -- An enhanced Interactive Python
=========================================

IPython offers a fully compatible replacement for the standard Python
interpreter, with convenient shell features, special commands, command
history mechanism and output results caching.

At your system command line, type 'ipython -h' to see the command line
options available. This document only describes interactive features.

GETTING HELP
------------

Within IPython you have various way to access help:

  ?         -> Introduction and overview of IPython's features (this screen).
  object?   -> Details about 'object'.
  object??  -> More detailed, verbose information about 'object'.
  %quickref -> Quick reference of all IPython specific syntax and magics.
  help      -> Access Python's own help system.

If you are in terminal IPython you can quit this screen by pressing `q`.


MAIN FEATURES
-------------

* Access to the standard Python help with object docstrings and the Python
  manuals. Simply type 'help' (no quotes) to invoke it.

* Magic commands: type %magic for information on the magic subsystem.

* System command aliases, via the %alias command or the configuration file(s).

* Dynamic object information:

  Typing ?word or word? prints detailed information about an object. Certain
  long strings (code, etc.) get snipped in the center for brevity.

  Typing ??word or word?? gives access to the full information without
  snipping long strings. Strings that are longer than the screen are printed
  through the less pager.

  The ?/?? system gives access to the full source code for any object (if
  available), shows function prototypes and other useful information.

  If you just want to see an object's docstring, type '%pdoc object' (without
  quotes, and without % if you have automagic on).

* Tab completion in the local namespace:

  At any time, hitting tab will complete any available python commands or
  variable names, and show you a list of the possible completions if there's
  no unambiguous one. It will also complete filenames in the current directory.

* Search previous command history in multiple ways:

  - Start typing, and then use arrow keys up/down or (Ctrl-p/Ctrl-n) to search
    through the history items that match what you've typed so far.

  - Hit Ctrl-r: opens a search prompt. Begin typing and the system searches
    your history for lines that match what you've typed so far, completing as
    much as it can.

  - %hist: search history by index.

* Persistent command history across sessions.

* Logging of input with the ability to save and restore a working session.

* System shell with !. Typing !ls will run 'ls' in the current directory.

* The reload command does a 'deep' reload of a module: changes made to the
  module since you imported will actually be available without having to exit.

* Verbose and colored exception traceback printouts. See the magic xmode and
  xcolor functions for details (just type %magic).

* Input caching system:

  IPython offers numbered prompts (In/Out) with input and output caching. All
  input is saved and can be retrieved as variables (besides the usual arrow
  key recall).

  The following GLOBAL variables always exist (so don't overwrite them!):
  _i: stores previous input.
  _ii: next previous.
  _iii: next-next previous.
  _ih : a list of all input _ih[n] is the input from line n.

  Additionally, global variables named _i<n> are dynamically created (<n>
  being the prompt counter), such that _i<n> == _ih[<n>]

  For example, what you typed at prompt 14 is available as _i14 and _ih[14].

  You can create macros which contain multiple input lines from this history,
  for later re-execution, with the %macro function.

  The history function %hist allows you to see any part of your input history
  by printing a range of the _i variables. Note that inputs which contain
  magic functions (%) appear in the history with a prepended comment. This is
  because they aren't really valid Python code, so you can't exec them.

* Output caching system:

  For output that is returned from actions, a system similar to the input
  cache exists but using _ instead of _i. Only actions that produce a result
  (NOT assignments, for example) are cached. If you are familiar with
  Mathematica, IPython's _ variables behave exactly like Mathematica's %
  variables.

  The following GLOBAL variables always exist (so don't overwrite them!):
  _ (one underscore): previous output.
  __ (two underscores): next previous.
  ___ (three underscores): next-next previous.

  Global variables named _<n> are dynamically created (<n> being the prompt
  counter), such that the result of output <n> is always available as _<n>.

  Finally, a global dictionary named _oh exists with entries for all lines
  which generated output.

* Directory history:

  Your history of visited directories is kept in the global list _dh, and the
  magic %cd command can be used to go to any entry in that list.

* Auto-parentheses and auto-quotes (adapted from Nathan Gray's LazyPython)

  1. Auto-parentheses
        
     Callable objects (i.e. functions, methods, etc) can be invoked like
     this (notice the commas between the arguments)::
       
         In [1]: callable_ob arg1, arg2, arg3
       
     and the input will be translated to this::
       
         callable_ob(arg1, arg2, arg3)
       
     This feature is off by default (in rare cases it can produce
     undesirable side-effects), but you can activate it at the command-line
     by starting IPython with `--autocall 1`, set it permanently in your
     configuration file, or turn on at runtime with `%autocall 1`.

     You can force auto-parentheses by using '/' as the first character
     of a line.  For example::
       
          In [1]: /globals             # becomes 'globals()'
       
     Note that the '/' MUST be the first character on the line!  This
     won't work::
       
          In [2]: print /globals    # syntax error

     In most cases the automatic algorithm should work, so you should
     rarely need to explicitly invoke /. One notable exception is if you
     are trying to call a function with a list of tuples as arguments (the
     parenthesis will confuse IPython)::
       
          In [1]: zip (1,2,3),(4,5,6)  # won't work
       
     but this will work::
       
          In [2]: /zip (1,2,3),(4,5,6)
          ------> zip ((1,2,3),(4,5,6))
          Out[2]= [(1, 4), (2, 5), (3, 6)]

     IPython tells you that it has altered your command line by
     displaying the new command line preceded by -->.  e.g.::
       
          In [18]: callable list
          -------> callable (list)

  2. Auto-Quoting
    
     You can force auto-quoting of a function's arguments by using ',' as
     the first character of a line.  For example::
       
          In [1]: ,my_function /home/me   # becomes my_function("/home/me")

     If you use ';' instead, the whole argument is quoted as a single
     string (while ',' splits on whitespace)::
       
          In [2]: ,my_function a b c   # becomes my_function("a","b","c")
          In [3]: ;my_function a b c   # becomes my_function("a b c")

     Note that the ',' MUST be the first character on the line!  This
     won't work::
       
          In [4]: x = ,my_function /home/me    # syntax error
  [36mFile [39m[32m<string>[39m
[31m    [39m
[31mSyntaxError[39m[31m:[39m source code string cannot contain null bytes

[31m---------------------------------------------------------------------------[39m
[31mNameError[39m                                 Traceback (most recent call last)
[36mFile [39m[32m<ipython-input-1-b408860bc2c0>:1[39m
[32m----> [39m[32m1[39m [43mH[49m

[31mNameError[39m: name 'H' is not defined
[31m---------------------------------------------------------------------------[39m
[31mNameError[39m                                 Traceback (most recent call last)
[36mFile [39m[32m<ipython-input-1-7bff9e89bb1b>:1[39m
[32m----> [39m[32m1[39m [43m뾿[49m

[31mNameError[39m: name '뾿' is not defined
  [36mFile [39m[32m<string>[39m
[31m    [39m
[31mSyntaxError[39m[31m:[39m source code string cannot contain null bytes

  [36mFile [39m[32m<string>[39m
[31m    [39m
[31mSyntaxError[39m[31m:[39m source code string cannot contain null bytes

  [36mFile [39m[32m<ipython-input-1-e69f49baade6>:1[39m
[31m    [39m[31mg[39m
     ^
[31mSyntaxError[39m[31m:[39m invalid non-printable character U+0001

  [36mFile [39m[32m<ipython-input-1-270698ec6d12>:1[39m
[31m    [39m[31m~[39m
    ^
[31mSyntaxError[39m[31m:[39m invalid non-printable character U+0018

  [36mFile [39m[32m<ipython-input-1-270698ec6d12>:1[39m
[31m    [39m[31m~[39m
    ^
[31mSyntaxError[39m[31m:[39m invalid non-printable character U+0018

  [36mFile [39m[32m<ipython-input-1-5637c23d42b8>:1[39m
[31m    [39m[31m[39m
    ^
[31mSyntaxError[39m[31m:[39m invalid non-printable character U+0018

  [36mFile [39m[32m<ipython-input-1-13b0e6086733>:1[39m
[31m    [39m[31m@[39m
    ^
[31mSyntaxError[39m[31m:[39m invalid non-printable character U+0018

Object ``` not found.
Object ``+` not found.
  [36mFile [39m[32m<ipython-input-1-48b840068f98>:1[39m
[31m    [39m[31m`?+[39m
    ^
[31mSyntaxError[39m[31m:[39m invalid syntax

  [36mFile [39m[32m<ipython-input-1-6a5d356cfd65>:1[39m
[31m    [39m[31m`K`[39m
    ^
[31mSyntaxError[39m[31m:[39m invalid syntax

Object `K` not found.
Object `K` not found.
Object `K` not found.
Object `.` not found.
  [36mFile [39m[32m<string>[39m
[31m    [39m
[31mSyntaxError[39m[31m:[39m source code string cannot contain null bytes

Object `?` not found.
Object `A` not found.
Out[0]: ''
Out[0]: ''
  [36mFile [39m[32m<ipython-input-1-6a3f45f4c000>:1[39m
[31m    [39m[31m("")[39m
    ^
[31mSyntaxError[39m[31m:[39m invalid non-printable character U+007F

  [36mFile [39m[32m<ipython-input-1-a8151e6e97ae>:1[39m
[31m    [39m[31m("")[39m
    ^
[31mSyntaxError[39m[31m:[39m invalid non-printable character U+007F

  [36mFile [39m[32m<ipython-input-1-e0ddce823aa9>:1[39m
[31m    [39m[31m.[39m
     ^
[31mSyntaxError[39m[31m:[39m invalid non-printable character U+007F

  [36mFile [39m[32m<ipython-input-1-fcefde590eb2>:1[39m
[31m    [39m[31mg[39m
     ^
[31mSyntaxError[39m[31m:[39m invalid non-printable character U+000B

  [36mFile [39m[32m<ipython-input-1-e4c6d2c50dae>:1[39m
[31m    [39m[31mw[39m
     ^
[31mSyntaxError[39m[31m:[39m invalid non-printable character U+000B

  [36mFile [39m[32m<ipython-input-1-fc281505d932>:1[39m
[31m    [39m[31mwK[39m
      ^
[31mSyntaxError[39m[31m:[39m invalid non-printable character U+0008

[31m---------------------------------------------------------------------------[39m
[31mNameError[39m                                 Traceback (most recent call last)
[36mFile [39m[32m<ipython-input-1-b91308106cfd>:1[39m
[32m----> [39m[32m1[39m [43mwK0[49m

[31mNameError[39m: name 'wK0' is not defined
[31m---------------------------------------------------------------------------[39m
[31mNameError[39m                                 Traceback (most recent call last)
[36mFile [39m[32m<ipython-input-1-b91308106cfd>:1[39m
[32m----> [39m[32m1[39m [43mwK0[49m

[31mNameError[39m: name 'wK0' is not defined
  [36mFile [39m[32m<ipython-input-1-8f27084b6294>:1[39m
[31m    [39m[31m/[39m
    ^
[31mSyntaxError[39m[31m:[39m invalid syntax

  [36mFile [39m[32m<ipython-input-1-8c377ec00ce8>:1[39m
[31m    [39m[31m[39m
    ^
[31mSyntaxError[39m[31m:[39m invalid non-printable character U+0001

[31m---------------------------------------------------------------------------[39m
[31mNameError[39m                                 Traceback (most recent call last)
[36mFile [39m[32m<ipython-input-1-a3434af925c2>:1[39m
[32m----> [39m[32m1[39m [43mƥ[49m

[31mNameError[39m: name 'ƥ' is not defined
[31m---------------------------------------------------------------------------[39m
[31mNameError[39m                                 Traceback (most recent call last)
[36mFile [39m[32m<ipython-input-1-a3434af925c2>:1[39m
[32m----> [39m[32m1[39m [43mƥ[49m

[31mNameError[39m: name 'ƥ' is not defined
  [36mFile [39m[32m<ipython-input-1-5a3f0e1187a7>:1[39m
[31m    [39m[31m)?'[39m
    ^
[31mSyntaxError[39m[31m:[39m unmatched ')'

  [36mFile [39m[32m<ipython-input-1-5a3f0e1187a7>:1[39m
[31m    [39m[31m)?'[39m
    ^
[31mSyntaxError[39m[31m:[39m unmatched ')'

  [36mFile [39m[32m<ipython-input-1-7fa6a0514145>:1[39m
[31m    [39m[31m)?[39m
    ^
[31mSyntaxError[39m[31m:[39m unmatched ')'

  [36mFile [39m[32m<ipython-input-1-7fa6a0514145>:1[39m
[31m    [39m[31m)?[39m
    ^
[31mSyntaxError[39m[31m:[39m unmatched ')'

  [36mFile [39m[32m<ipython-input-1-e2ccf2988e1c>:1[39m
[31m    [39m[31m)??[39m
    ^
[31mSyntaxError[39m[31m:[39m unmatched ')'

  [36mFile [39m[32m<ipython-input-1-8c377ec00ce8>:1[39m
[31m    [39m[31m[39m
    ^
[31mSyntaxError[39m[31m:[39m invalid non-printable character U+0001

/usr/bin/sh: 1: ?: not found
/usr/bin/sh: 1: ?: not found
Object `` not found.
/usr/bin/sh: 1: ,: not found
/usr/bin/sh: 1: Syntax error: ";" unexpected
#1177	NEW    cov: 1987 ft: 2887 corp: 51/247b lim: 6 exec/s: 147 rss: 94Mb L: 4/6 MS: 5 EraseBytes-ShuffleBytes-InsertByte-InsertByte-EraseBytes-
  [36mFile [39m[32m<ipython-input-1-4889648e8a44>:1[39m
[31m    [39m[31m[[39m
     ^
[31mSyntaxError[39m[31m:[39m incomplete input

  [36mFile [39m[32m<ipython-input-1-4889648e8a44>:1[39m
[31m    [39m[31m[[39m
     ^
[31mSyntaxError[39m[31m:[39m incomplete input

  [36mFile [39m[32m<ipython-input-1-40d270655eea>:1[39m
[31m    [39m[31m[[39m
    ^
[31mSyntaxError[39m[31m:[39m invalid non-printable character U+0001

  [36mFile [39m[32m<ipython-input-1-8e18c2bf769b>:1[39m
[31m    [39m[31mJ[[39m
     ^
[31mSyntaxError[39m[31m:[39m invalid non-printable character U+0001

  [36mFile [39m[32m<string>[39m
[31m    [39m
[31mSyntaxError[39m[31m:[39m source code string cannot contain null bytes

  [36mFile [39m[32m<ipython-input-1-06d07bb56d65>:1[39m
[31m    [39m[31mK?[39m
     ^
[31mSyntaxError[39m[31m:[39m invalid non-printable character U+001F

  [36mFile [39m[32m<ipython-input-1-2d0caf7f44e8>:1[39m
[31m    [39m[31m??[39m
    ^
[31mSyntaxError[39m[31m:[39m invalid non-printable character U+001F

[31m---------------------------------------------------------------------------[39m
[31mNameError[39m                                 Traceback (most recent call last)
[36mFile [39m[32m<ipython-input-1-865102c35852>:1[39m
[32m----> [39m[32m1[39m [43m뼟[49m

[31mNameError[39m: name '뼟' is not defined
[31m---------------------------------------------------------------------------[39m
[31mNameError[39m                                 Traceback (most recent call last)
[36mFile [39m[32m<ipython-input-1-ddd8e7e5d114>:1[39m
[32m----> [39m[32m1[39m [43m뼦[49m

[31mNameError[39m: name '뼦' is not defined
[31m---------------------------------------------------------------------------[39m
[31mNameError[39m                                 Traceback (most recent call last)
[36mFile [39m[32m<ipython-input-1-e7f4afe92e56>:1[39m
[32m----> [39m[32m1[39m [43m뾦[49m

[31mNameError[39m: name '뾦' is not defined
Out[0]: 1
Out[0]: 1

IPython -- An enhanced Interactive Python
=========================================

IPython offers a fully compatible replacement for the standard Python
interpreter, with convenient shell features, special commands, command
history mechanism and output results caching.

At your system command line, type 'ipython -h' to see the command line
options available. This document only describes interactive features.

GETTING HELP
------------

Within IPython you have various way to access help:

  ?         -> Introduction and overview of IPython's features (this screen).
  object?   -> Details about 'object'.
  object??  -> More detailed, verbose information about 'object'.
  %quickref -> Quick reference of all IPython specific syntax and magics.
  help      -> Access Python's own help system.

If you are in terminal IPython you can quit this screen by pressing `q`.


MAIN FEATURES
-------------

* Access to the standard Python help with object docstrings and the Python
  manuals. Simply type 'help' (no quotes) to invoke it.

* Magic commands: type %magic for information on the magic subsystem.

* System command aliases, via the %alias command or the configuration file(s).

* Dynamic object information:

  Typing ?word or word? prints detailed information about an object. Certain
  long strings (code, etc.) get snipped in the center for brevity.

  Typing ??word or word?? gives access to the full information without
  snipping long strings. Strings that are longer than the screen are printed
  through the less pager.

  The ?/?? system gives access to the full source code for any object (if
  available), shows function prototypes and other useful information.

  If you just want to see an object's docstring, type '%pdoc object' (without
  quotes, and without % if you have automagic on).

* Tab completion in the local namespace:

  At any time, hitting tab will complete any available python commands or
  variable names, and show you a list of the possible completions if there's
  no unambiguous one. It will also complete filenames in the current directory.

* Search previous command history in multiple ways:

  - Start typing, and then use arrow keys up/down or (Ctrl-p/Ctrl-n) to search
    through the history items that match what you've typed so far.

  - Hit Ctrl-r: opens a search prompt. Begin typing and the system searches
    your history for lines that match what you've typed so far, completing as
    much as it can.

  - %hist: search history by index.

* Persistent command history across sessions.

* Logging of input with the ability to save and restore a working session.

* System shell with !. Typing !ls will run 'ls' in the current directory.

* The reload command does a 'deep' reload of a module: changes made to the
  module since you imported will actually be available without having to exit.

* Verbose and colored exception traceback printouts. See the magic xmode and
  xcolor functions for details (just type %magic).

* Input caching system:

  IPython offers numbered prompts (In/Out) with input and output caching. All
  input is saved and can be retrieved as variables (besides the usual arrow
  key recall).

  The following GLOBAL variables always exist (so don't overwrite them!):
  _i: stores previous input.
  _ii: next previous.
  _iii: next-next previous.
  _ih : a list of all input _ih[n] is the input from line n.

  Additionally, global variables named _i<n> are dynamically created (<n>
  being the prompt counter), such that _i<n> == _ih[<n>]

  For example, what you typed at prompt 14 is available as _i14 and _ih[14].

  You can create macros which contain multiple input lines from this history,
  for later re-execution, with the %macro function.

  The history function %hist allows you to see any part of your input history
  by printing a range of the _i variables. Note that inputs which contain
  magic functions (%) appear in the history with a prepended comment. This is
  because they aren't really valid Python code, so you can't exec them.

* Output caching system:

  For output that is returned from actions, a system similar to the input
  cache exists but using _ instead of _i. Only actions that produce a result
  (NOT assignments, for example) are cached. If you are familiar with
  Mathematica, IPython's _ variables behave exactly like Mathematica's %
  variables.

  The following GLOBAL variables always exist (so don't overwrite them!):
  _ (one underscore): previous output.
  __ (two underscores): next previous.
  ___ (three underscores): next-next previous.

  Global variables named _<n> are dynamically created (<n> being the prompt
  counter), such that the result of output <n> is always available as _<n>.

  Finally, a global dictionary named _oh exists with entries for all lines
  which generated output.

* Directory history:

  Your history of visited directories is kept in the global list _dh, and the
  magic %cd command can be used to go to any entry in that list.

* Auto-parentheses and auto-quotes (adapted from Nathan Gray's LazyPython)

  1. Auto-parentheses
        
     Callable objects (i.e. functions, methods, etc) can be invoked like
     this (notice the commas between the arguments)::
       
         In [1]: callable_ob arg1, arg2, arg3
       
     and the input will be translated to this::
       
         callable_ob(arg1, arg2, arg3)
       
     This feature is off by default (in rare cases it can produce
     undesirable side-effects), but you can activate it at the command-line
     by starting IPython with `--autocall 1`, set it permanently in your
     configuration file, or turn on at runtime with `%autocall 1`.

     You can force auto-parentheses by using '/' as the first character
     of a line.  For example::
       
          In [1]: /globals             # becomes 'globals()'
       
     Note that the '/' MUST be the first character on the line!  This
     won't work::
       
          In [2]: print /globals    # syntax error

     In most cases the automatic algorithm should work, so you should
     rarely need to explicitly invoke /. One notable exception is if you
     are trying to call a function with a list of tuples as arguments (the
     parenthesis will confuse IPython)::
       
          In [1]: zip (1,2,3),(4,5,6)  # won't work
       
     but this will work::
       
          In [2]: /zip (1,2,3),(4,5,6)
          ------> zip ((1,2,3),(4,5,6))
          Out[2]= [(1, 4), (2, 5), (3, 6)]

     IPython tells you that it has altered your command line by
     displaying the new command line preceded by -->.  e.g.::
       
          In [18]: callable list
          -------> callable (list)

  2. Auto-Quoting
    
     You can force auto-quoting of a function's arguments by using ',' as
     the first character of a line.  For example::
       
          In [1]: ,my_function /home/me   # becomes my_function("/home/me")

     If you use ';' instead, the whole argument is quoted as a single
     string (while ',' splits on whitespace)::
       
          In [2]: ,my_function a b c   # becomes my_function("a","b","c")
          In [3]: ;my_function a b c   # becomes my_function("a b c")

     Note that the ',' MUST be the first character on the line!  This
     won't work::
       
          In [4]: x = ,my_function /home/me    # syntax error

IPython -- An enhanced Interactive Python
=========================================

IPython offers a fully compatible replacement for the standard Python
interpreter, with convenient shell features, special commands, command
history mechanism and output results caching.

At your system command line, type 'ipython -h' to see the command line
options available. This document only describes interactive features.

GETTING HELP
------------

Within IPython you have various way to access help:

  ?         -> Introduction and overview of IPython's features (this screen).
  object?   -> Details about 'object'.
  object??  -> More detailed, verbose information about 'object'.
  %quickref -> Quick reference of all IPython specific syntax and magics.
  help      -> Access Python's own help system.

If you are in terminal IPython you can quit this screen by pressing `q`.


MAIN FEATURES
-------------

* Access to the standard Python help with object docstrings and the Python
  manuals. Simply type 'help' (no quotes) to invoke it.

* Magic commands: type %magic for information on the magic subsystem.

* System command aliases, via the %alias command or the configuration file(s).

* Dynamic object information:

  Typing ?word or word? prints detailed information about an object. Certain
  long strings (code, etc.) get snipped in the center for brevity.

  Typing ??word or word?? gives access to the full information without
  snipping long strings. Strings that are longer than the screen are printed
  through the less pager.

  The ?/?? system gives access to the full source code for any object (if
  available), shows function prototypes and other useful information.

  If you just want to see an object's docstring, type '%pdoc object' (without
  quotes, and without % if you have automagic on).

* Tab completion in the local namespace:

  At any time, hitting tab will complete any available python commands or
  variable names, and show you a list of the possible completions if there's
  no unambiguous one. It will also complete filenames in the current directory.

* Search previous command history in multiple ways:

  - Start typing, and then use arrow keys up/down or (Ctrl-p/Ctrl-n) to search
    through the history items that match what you've typed so far.

  - Hit Ctrl-r: opens a search prompt. Begin typing and the system searches
    your history for lines that match what you've typed so far, completing as
    much as it can.

  - %hist: search history by index.

* Persistent command history across sessions.

* Logging of input with the ability to save and restore a working session.

* System shell with !. Typing !ls will run 'ls' in the current directory.

* The reload command does a 'deep' reload of a module: changes made to the
  module since you imported will actually be available without having to exit.

* Verbose and colored exception traceback printouts. See the magic xmode and
  xcolor functions for details (just type %magic).

* Input caching system:

  IPython offers numbered prompts (In/Out) with input and output caching. All
  input is saved and can be retrieved as variables (besides the usual arrow
  key recall).

  The following GLOBAL variables always exist (so don't overwrite them!):
  _i: stores previous input.
  _ii: next previous.
  _iii: next-next previous.
  _ih : a list of all input _ih[n] is the input from line n.

  Additionally, global variables named _i<n> are dynamically created (<n>
  being the prompt counter), such that _i<n> == _ih[<n>]

  For example, what you typed at prompt 14 is available as _i14 and _ih[14].

  You can create macros which contain multiple input lines from this history,
  for later re-execution, with the %macro function.

  The history function %hist allows you to see any part of your input history
  by printing a range of the _i variables. Note that inputs which contain
  magic functions (%) appear in the history with a prepended comment. This is
  because they aren't really valid Python code, so you can't exec them.

* Output caching system:

  For output that is returned from actions, a system similar to the input
  cache exists but using _ instead of _i. Only actions that produce a result
  (NOT assignments, for example) are cached. If you are familiar with
  Mathematica, IPython's _ variables behave exactly like Mathematica's %
  variables.

  The following GLOBAL variables always exist (so don't overwrite them!):
  _ (one underscore): previous output.
  __ (two underscores): next previous.
  ___ (three underscores): next-next previous.

  Global variables named _<n> are dynamically created (<n> being the prompt
  counter), such that the result of output <n> is always available as _<n>.

  Finally, a global dictionary named _oh exists with entries for all lines
  which generated output.

* Directory history:

  Your history of visited directories is kept in the global list _dh, and the
  magic %cd command can be used to go to any entry in that list.

* Auto-parentheses and auto-quotes (adapted from Nathan Gray's LazyPython)

  1. Auto-parentheses
        
     Callable objects (i.e. functions, methods, etc) can be invoked like
     this (notice the commas between the arguments)::
       
         In [1]: callable_ob arg1, arg2, arg3
       
     and the input will be translated to this::
       
         callable_ob(arg1, arg2, arg3)
       
     This feature is off by default (in rare cases it can produce
     undesirable side-effects), but you can activate it at the command-line
     by starting IPython with `--autocall 1`, set it permanently in your
     configuration file, or turn on at runtime with `%autocall 1`.

     You can force auto-parentheses by using '/' as the first character
     of a line.  For example::
       
          In [1]: /globals             # becomes 'globals()'
       
     Note that the '/' MUST be the first character on the line!  This
     won't work::
       
          In [2]: print /globals    # syntax error

     In most cases the automatic algorithm should work, so you should
     rarely need to explicitly invoke /. One notable exception is if you
     are trying to call a function with a list of tuples as arguments (the
     parenthesis will confuse IPython)::
       
          In [1]: zip (1,2,3),(4,5,6)  # won't work
       
     but this will work::
       
          In [2]: /zip (1,2,3),(4,5,6)
          ------> zip ((1,2,3),(4,5,6))
          Out[2]= [(1, 4), (2, 5), (3, 6)]

     IPython tells you that it has altered your command line by
     displaying the new command line preceded by -->.  e.g.::
       
          In [18]: callable list
          -------> callable (list)

  2. Auto-Quoting
    
     You can force auto-quoting of a function's arguments by using ',' as
     the first character of a line.  For example::
       
          In [1]: ,my_function /home/me   # becomes my_function("/home/me")

     If you use ';' instead, the whole argument is quoted as a single
     string (while ',' splits on whitespace)::
       
          In [2]: ,my_function a b c   # becomes my_function("a","b","c")
          In [3]: ;my_function a b c   # becomes my_function("a b c")

     Note that the ',' MUST be the first character on the line!  This
     won't work::
       
          In [4]: x = ,my_function /home/me    # syntax error

IPython -- An enhanced Interactive Python
=========================================

IPython offers a fully compatible replacement for the standard Python
interpreter, with convenient shell features, special commands, command
history mechanism and output results caching.

At your system command line, type 'ipython -h' to see the command line
options available. This document only describes interactive features.

GETTING HELP
------------

Within IPython you have various way to access help:

  ?         -> Introduction and overview of IPython's features (this screen).
  object?   -> Details about 'object'.
  object??  -> More detailed, verbose information about 'object'.
  %quickref -> Quick reference of all IPython specific syntax and magics.
  help      -> Access Python's own help system.

If you are in terminal IPython you can quit this screen by pressing `q`.


MAIN FEATURES
-------------

* Access to the standard Python help with object docstrings and the Python
  manuals. Simply type 'help' (no quotes) to invoke it.

* Magic commands: type %magic for information on the magic subsystem.

* System command aliases, via the %alias command or the configuration file(s).

* Dynamic object information:

  Typing ?word or word? prints detailed information about an object. Certain
  long strings (code, etc.) get snipped in the center for brevity.

  Typing ??word or word?? gives access to the full information without
  snipping long strings. Strings that are longer than the screen are printed
  through the less pager.

  The ?/?? system gives access to the full source code for any object (if
  available), shows function prototypes and other useful information.

  If you just want to see an object's docstring, type '%pdoc object' (without
  quotes, and without % if you have automagic on).

* Tab completion in the local namespace:

  At any time, hitting tab will complete any available python commands or
  variable names, and show you a list of the possible completions if there's
  no unambiguous one. It will also complete filenames in the current directory.

* Search previous command history in multiple ways:

  - Start typing, and then use arrow keys up/down or (Ctrl-p/Ctrl-n) to search
    through the history items that match what you've typed so far.

  - Hit Ctrl-r: opens a search prompt. Begin typing and the system searches
    your history for lines that match what you've typed so far, completing as
    much as it can.

  - %hist: search history by index.

* Persistent command history across sessions.

* Logging of input with the ability to save and restore a working session.

* System shell with !. Typing !ls will run 'ls' in the current directory.

* The reload command does a 'deep' reload of a module: changes made to the
  module since you imported will actually be available without having to exit.

* Verbose and colored exception traceback printouts. See the magic xmode and
  xcolor functions for details (just type %magic).

* Input caching system:

  IPython offers numbered prompts (In/Out) with input and output caching. All
  input is saved and can be retrieved as variables (besides the usual arrow
  key recall).

  The following GLOBAL variables always exist (so don't overwrite them!):
  _i: stores previous input.
  _ii: next previous.
  _iii: next-next previous.
  _ih : a list of all input _ih[n] is the input from line n.

  Additionally, global variables named _i<n> are dynamically created (<n>
  being the prompt counter), such that _i<n> == _ih[<n>]

  For example, what you typed at prompt 14 is available as _i14 and _ih[14].

  You can create macros which contain multiple input lines from this history,
  for later re-execution, with the %macro function.

  The history function %hist allows you to see any part of your input history
  by printing a range of the _i variables. Note that inputs which contain
  magic functions (%) appear in the history with a prepended comment. This is
  because they aren't really valid Python code, so you can't exec them.

* Output caching system:

  For output that is returned from actions, a system similar to the input
  cache exists but using _ instead of _i. Only actions that produce a result
  (NOT assignments, for example) are cached. If you are familiar with
  Mathematica, IPython's _ variables behave exactly like Mathematica's %
  variables.

  The following GLOBAL variables always exist (so don't overwrite them!):
  _ (one underscore): previous output.
  __ (two underscores): next previous.
  ___ (three underscores): next-next previous.

  Global variables named _<n> are dynamically created (<n> being the prompt
  counter), such that the result of output <n> is always available as _<n>.

  Finally, a global dictionary named _oh exists with entries for all lines
  which generated output.

* Directory history:

  Your history of visited directories is kept in the global list _dh, and the
  magic %cd command can be used to go to any entry in that list.

* Auto-parentheses and auto-quotes (adapted from Nathan Gray's LazyPython)

  1. Auto-parentheses
        
     Callable objects (i.e. functions, methods, etc) can be invoked like
     this (notice the commas between the arguments)::
       
         In [1]: callable_ob arg1, arg2, arg3
       
     and the input will be translated to this::
       
         callable_ob(arg1, arg2, arg3)
       
     This feature is off by default (in rare cases it can produce
     undesirable side-effects), but you can activate it at the command-line
     by starting IPython with `--autocall 1`, set it permanently in your
     configuration file, or turn on at runtime with `%autocall 1`.

     You can force auto-parentheses by using '/' as the first character
     of a line.  For example::
       
          In [1]: /globals             # becomes 'globals()'
       
     Note that the '/' MUST be the first character on the line!  This
     won't work::
       
          In [2]: print /globals    # syntax error

     In most cases the automatic algorithm should work, so you should
     rarely need to explicitly invoke /. One notable exception is if you
     are trying to call a function with a list of tuples as arguments (the
     parenthesis will confuse IPython)::
       
          In [1]: zip (1,2,3),(4,5,6)  # won't work
       
     but this will work::
       
          In [2]: /zip (1,2,3),(4,5,6)
          ------> zip ((1,2,3),(4,5,6))
          Out[2]= [(1, 4), (2, 5), (3, 6)]

     IPython tells you that it has altered your command line by
     displaying the new command line preceded by -->.  e.g.::
       
          In [18]: callable list
          -------> callable (list)

  2. Auto-Quoting
    
     You can force auto-quoting of a function's arguments by using ',' as
     the first character of a line.  For example::
       
          In [1]: ,my_function /home/me   # becomes my_function("/home/me")

     If you use ';' instead, the whole argument is quoted as a single
     string (while ',' splits on whitespace)::
       
          In [2]: ,my_function a b c   # becomes my_function("a","b","c")
          In [3]: ;my_function a b c   # becomes my_function("a b c")

     Note that the ',' MUST be the first character on the line!  This
     won't work::
       
          In [4]: x = ,my_function /home/me    # syntax error
UsageError: Line magic function `%` not found.
  [36mFile [39m[32m<string>[39m
[31m    [39m
[31mSyntaxError[39m[31m:[39m source code string cannot contain null bytes

  [36mFile [39m[32m<string>[39m
[31m    [39m
[31mSyntaxError[39m[31m:[39m source code string cannot contain null bytes

  [36mFile [39m[32m<ipython-input-1-274a39c12666>:1[39m
[31m    [39m[31mxY[39m
    ^
[31mSyntaxError[39m[31m:[39m invalid non-printable character U+0001

Object `g` not found.
  [36mFile [39m[32m<ipython-input-1-0b024bbfe84e>:1[39m
[31m    [39m[31m+[39m
     ^
[31mSyntaxError[39m[31m:[39m invalid syntax

  [36mFile [39m[32m<string>[39m
[31m    [39m
[31mSyntaxError[39m[31m:[39m source code string cannot contain null bytes

Object `K` not found.
Object `K` not found.
Object `K` not found.
[31m---------------------------------------------------------------------------[39m
[31mNameError[39m                                 Traceback (most recent call last)
[36mFile [39m[32m<ipython-input-1-a5938ace3f42>:1[39m
[32m----> [39m[32m1[39m [43mg[49m

[31mNameError[39m: name 'g' is not defined
  [36mFile [39m[32m<ipython-input-1-ab78bedebcc9>:1[39m
[31m    [39m[31mg$[39m
      ^
[31mSyntaxError[39m[31m:[39m invalid non-printable character U+0001

  [36mFile [39m[32m<ipython-input-1-ab78bedebcc9>:1[39m
[31m    [39m[31mg$[39m
      ^
[31mSyntaxError[39m[31m:[39m invalid non-printable character U+0001

Object ``` not found.
  [36mFile [39m[32m<ipython-input-1-aa67d30b4ae0>:1[39m
[31m    [39m[31mK?`[39m
     ^
[31mSyntaxError[39m[31m:[39m invalid syntax

  [36mFile [39m[32m<ipython-input-1-aa67d30b4ae0>:1[39m
[31m    [39m[31mK?`[39m
     ^
[31mSyntaxError[39m[31m:[39m invalid syntax

  [36mFile [39m[32m<ipython-input-1-03ca2c8e5951>:1[39m
[31m    [39m[31mK?#[39m
     ^
[31mSyntaxError[39m[31m:[39m invalid syntax

[31m---------------------------------------------------------------------------[39m
[31mNameError[39m                                 Traceback (most recent call last)
[36mFile [39m[32m<ipython-input-1-9d60f706cc3c>:1[39m
[32m----> [39m[32m1[39m [43mK[49m

[31mNameError[39m: name 'K' is not defined
Object `ZZ` not found.
  [36mFile [39m[32m<ipython-input-1-4bffa97598c4>:1[39m
[31m    [39m[31mZ-?[39m
      ^
[31mSyntaxError[39m[31m:[39m invalid syntax

  [36mFile [39m[32m<ipython-input-1-1cee576ee880>:1[39m
[31m    [39m[31mZ-[39m
      ^
[31mSyntaxError[39m[31m:[39m invalid syntax

  [36mFile [39m[32m<ipython-input-1-eeb7a63d215d>:1[39m
[31m    [39m[31mcZ-[39m
       ^
[31mSyntaxError[39m[31m:[39m invalid syntax

  [36mFile [39m[32m<ipython-input-1-13d90426076a>:1[39m
[31m    [39m[31mcZ/[39m
       ^
[31mSyntaxError[39m[31m:[39m invalid syntax

  [36mFile [39m[32m<ipython-input-1-305c3c41f6ce>:1[39m
[31m    [39m[31m+;("")[39m
     ^
[31mSyntaxError[39m[31m:[39m invalid syntax

  [36mFile [39m[32m<string>[39m
[31m    [39m
[31mSyntaxError[39m[31m:[39m source code string cannot contain null bytes

  [36mFile [39m[32m<string>[39m
[31m    [39m
[31mSyntaxError[39m[31m:[39m source code string cannot contain null bytes

  [36mFile [39m[32m<string>[39m
[31m    [39m
[31mSyntaxError[39m[31m:[39m source code string cannot contain null bytes

  [36mFile [39m[32m<string>[39m
[31m    [39m
[31mSyntaxError[39m[31m:[39m source code string cannot contain null bytes

  [36mFile [39m[32m<string>[39m
[31m    [39m
[31mSyntaxError[39m[31m:[39m source code string cannot contain null bytes

  [36mFile [39m[32m<ipython-input-1-a1a1e27459d2>:1[39m
[31m    [39m[31m୧[39m
    ^
[31mSyntaxError[39m[31m:[39m invalid character '୧' (U+0B67)

  [36mFile [39m[32m<ipython-input-1-cd8fd8fd5a36>:1[39m
[31m    [39m[31m[39m
    ^
[31mSyntaxError[39m[31m:[39m invalid non-printable character U+0006

  [36mFile [39m[32m<ipython-input-1-01ec9890e7d9>:1[39m
[31m    [39m[31m[39m
    ^
[31mSyntaxError[39m[31m:[39m invalid non-printable character U+F805

[31m---------------------------------------------------------------------------[39m
[31mNameError[39m                                 Traceback (most recent call last)
[36mFile [39m[32m<ipython-input-1-6fcf9dfbd479>:1[39m
[32m----> [39m[32m1[39m [43mx[49m

[31mNameError[39m: name 'x' is not defined
[31m---------------------------------------------------------------------------[39m
[31mNameError[39m                                 Traceback (most recent call last)
[36mFile [39m[32m<ipython-input-1-6fcf9dfbd479>:1[39m
[32m----> [39m[32m1[39m [43mx[49m

[31mNameError[39m: name 'x' is not defined
  [36mFile [39m[32m<ipython-input-1-9216d4003687>:1[39m
[31m    [39m[31m[%[39m
     ^
[31mSyntaxError[39m[31m:[39m invalid syntax

  [36mFile [39m[32m<ipython-input-1-9216d4003687>:1[39m
[31m    [39m[31m[%[39m
     ^
[31mSyntaxError[39m[31m:[39m invalid syntax

  [36mFile [39m[32m<ipython-input-1-9216d4003687>:1[39m
[31m    [39m[31m[%[39m
     ^
[31mSyntaxError[39m[31m:[39m invalid syntax

  [36mFile [39m[32m<ipython-input-1-9216d4003687>:1[39m
[31m    [39m[31m[%[39m
     ^
[31mSyntaxError[39m[31m:[39m invalid syntax

Out[0]: ''
<>:1: SyntaxWarning: 'str' object is not callable; perhaps you missed a comma?
<ipython-input-1-72f854f54d1b>:1: SyntaxWarning: 'str' object is not callable; perhaps you missed a comma?
  ("")("")
#1249	NEW    cov: 1987 ft: 2898 corp: 52/252b lim: 6 exec/s: 156 rss: 94Mb L: 5/6 MS: 2 ChangeByte-CrossOver-
[31m---------------------------------------------------------------------------[39m
[31mTypeError[39m                                 Traceback (most recent call last)
[36mFile [39m[32m<ipython-input-1-72f854f54d1b>:1[39m
[32m----> [39m[32m1[39m [43m([49m[33;43m"[39;49m[33;43m"[39;49m[43m)[49m[43m([49m[33;43m"[39;49m[33;43m"[39;49m[43m)[49m

[31mTypeError[39m: 'str' object is not callable
[31m---------------------------------------------------------------------------[39m
[31mNameError[39m                                 Traceback (most recent call last)
[36mFile [39m[32m<ipython-input-1-6387884615a3>:1[39m
[32m----> [39m[32m1[39m [43mZ[49m([33m"[39m[33m"[39m)([33m"[39m[33m"[39m)

[31mNameError[39m: name 'Z' is not defined
[31m---------------------------------------------------------------------------[39m
[31mNameError[39m                                 Traceback (most recent call last)
[36mFile [39m[32m<ipython-input-1-6387884615a3>:1[39m
[32m----> [39m[32m1[39m [43mZ[49m([33m"[39m[33m"[39m)([33m"[39m[33m"[39m)

[31mNameError[39m: name 'Z' is not defined
[31m---------------------------------------------------------------------------[39m
[31mNameError[39m                                 Traceback (most recent call last)
[36mFile [39m[32m<ipython-input-1-6387884615a3>:1[39m
[32m----> [39m[32m1[39m [43mZ[49m([33m"[39m[33m"[39m)([33m"[39m[33m"[39m)

[31mNameError[39m: name 'Z' is not defined
[31m---------------------------------------------------------------------------[39m
[31mNameError[39m                                 Traceback (most recent call last)
[36mFile [39m[32m<ipython-input-1-6387884615a3>:1[39m
[32m----> [39m[32m1[39m [43mZ[49m([33m"[39m[33m"[39m)([33m"[39m[33m"[39m)

[31mNameError[39m: name 'Z' is not defined
Object `("")("")` not found.
/usr/bin/sh: 1: ,#: not found
/usr/bin/sh: 1: ,#: not found
  [36mFile [39m[32m<ipython-input-1-e9be7bbe0da1>:1[39m
[31m    [39m[31m4[39m
     ^
[31mSyntaxError[39m[31m:[39m invalid non-printable character U+0013

Out[0]: 43
Out[0]: 43
Out[0]: 44
  [36mFile [39m[32m<string>[39m
[31m    [39m
[31mSyntaxError[39m[31m:[39m source code string cannot contain null bytes

[31m---------------------------------------------------------------------------[39m
[31mNameError[39m                                 Traceback (most recent call last)
[36mFile [39m[32m<ipython-input-1-fdfaa56ff0ea>:1[39m
[32m----> [39m[32m1[39m [43m謹[49m

[31mNameError[39m: name '謹' is not defined
[31m---------------------------------------------------------------------------[39m
[31mNameError[39m                                 Traceback (most recent call last)
[36mFile [39m[32m<ipython-input-1-fdfaa56ff0ea>:1[39m
[32m----> [39m[32m1[39m [43m謹[49m

[31mNameError[39m: name '謹' is not defined
[31m---------------------------------------------------------------------------[39m
[31mNameError[39m                                 Traceback (most recent call last)
[36mFile [39m[32m<ipython-input-1-fdfaa56ff0ea>:1[39m
[32m----> [39m[32m1[39m [43m謹[49m

[31mNameError[39m: name '謹' is not defined
[31m---------------------------------------------------------------------------[39m
[31mNameError[39m                                 Traceback (most recent call last)
[36mFile [39m[32m<ipython-input-1-381404444bf3>:1[39m
[32m----> [39m[32m1[39m [43m䀘[49m

[31mNameError[39m: name '䀘' is not defined
  [36mFile [39m[32m<ipython-input-1-dafa24ee67c3>:1[39m
[31m    [39m[31m?+[39m
    ^
[31mSyntaxError[39m[31m:[39m invalid non-printable character U+001F

  [36mFile [39m[32m<ipython-input-1-dafa24ee67c3>:1[39m
[31m    [39m[31m?+[39m
    ^
[31mSyntaxError[39m[31m:[39m invalid non-printable character U+001F

[31m---------------------------------------------------------------------------[39m
[31mNameError[39m                                 Traceback (most recent call last)
[36mFile [39m[32m<ipython-input-1-865102c35852>:1[39m
[32m----> [39m[32m1[39m [43m뼟[49m

[31mNameError[39m: name '뼟' is not defined
[31m---------------------------------------------------------------------------[39m
[31mNameError[39m                                 Traceback (most recent call last)
[36mFile [39m[32m<ipython-input-1-865102c35852>:1[39m
[32m----> [39m[32m1[39m [43m뼟[49m

[31mNameError[39m: name '뼟' is not defined
[31m---------------------------------------------------------------------------[39m
[31mNameError[39m                                 Traceback (most recent call last)
[36mFile [39m[32m<ipython-input-1-0079f20b9074>:1[39m
[32m----> [39m[32m1[39m [43m㼟[49m

[31mNameError[39m: name '㼟' is not defined
  [36mFile [39m[32m<ipython-input-1-8c377ec00ce8>:1[39m
[31m    [39m[31m[39m
    ^
[31mSyntaxError[39m[31m:[39m invalid non-printable character U+0001

  [36mFile [39m[32m<ipython-input-1-8c377ec00ce8>:1[39m
[31m    [39m[31m[39m
    ^
[31mSyntaxError[39m[31m:[39m invalid non-printable character U+0001

[31m---------------------------------------------------------------------------[39m
[31mNameError[39m                                 Traceback (most recent call last)
[36mFile [39m[32m<ipython-input-1-79b915f4e442>:1[39m
[32m----> [39m[32m1[39m [43mO[49m

[31mNameError[39m: name 'O' is not defined
[31m---------------------------------------------------------------------------[39m
[31mNameError[39m                                 Traceback (most recent call last)
[36mFile [39m[32m<ipython-input-1-11d7d7ce0b68>:1[39m
[32m----> [39m[32m1[39m [43mJ[49m

[31mNameError[39m: name 'J' is not defined
Out[0]: ''
[31m---------------------------------------------------------------------------[39m
[31mNameError[39m                                 Traceback (most recent call last)
[36mFile [39m[32m<ipython-input-1-b4379bcb7951>:1[39m
[32m----> [39m[32m1[39m [43mZ[49m

[31mNameError[39m: name 'Z' is not defined
  [36mFile [39m[32m<ipython-input-1-b4145935cab7>:1[39m
[31m    [39m[31mZ[39m
     ^
[31mSyntaxError[39m[31m:[39m invalid non-printable character U+001A

  [36mFile [39m[32m<ipython-input-1-1cee576ee880>:1[39m
[31m    [39m[31mZ-[39m
      ^
[31mSyntaxError[39m[31m:[39m invalid syntax

[31m---------------------------------------------------------------------------[39m
[31mNameError[39m                                 Traceback (most recent call last)
[36mFile [39m[32m<ipython-input-1-b4379bcb7951>:1[39m
[32m----> [39m[32m1[39m [43mZ[49m

[31mNameError[39m: name 'Z' is not defined
[31m---------------------------------------------------------------------------[39m
[31mNameError[39m                                 Traceback (most recent call last)
[36mFile [39m[32m<ipython-input-1-b4379bcb7951>:1[39m
[32m----> [39m[32m1[39m [43mZ[49m

[31mNameError[39m: name 'Z' is not defined
[31m---------------------------------------------------------------------------[39m
[31mNameError[39m                                 Traceback (most recent call last)
[36mFile [39m[32m<ipython-input-1-b4379bcb7951>:1[39m
[32m----> [39m[32m1[39m [43mZ[49m

[31mNameError[39m: name 'Z' is not defined
[31m---------------------------------------------------------------------------[39m
[31mNameError[39m                                 Traceback (most recent call last)
[36mFile [39m[32m<ipython-input-1-b4379bcb7951>:1[39m
[32m----> [39m[32m1[39m [43mZ[49m

[31mNameError[39m: name 'Z' is not defined
Object `Z` not found.
Object `Z` not found.
Out[0]: 666
#1299	DONE   cov: 1987 ft: 2898 corp: 52/252b lim: 6 exec/s: 118 rss: 94Mb
###### Recommended dictionary. ######
"\001\000" # Uses: 91
###### End of recommended dictionary. ######
Done 1299 runs in 11 second(s)
