# Exported from Three.js
o outer_rim
v 6.8833827526759706e-15 0 -31
v 6.869800155850274e-15 1.946506142616272 -30.93882942199707
v 6.829105304932389e-15 3.8853302001953125 -30.755556106567383
v 6.761459136182292e-15 5.808820724487305 -30.450904846191406
v 6.66712846497837e-15 7.709386348724365 -30.026077270507812
v 6.546485985817413e-15 9.579526901245117 -29.482751846313477
v 6.400007307699306e-15 11.411861419677734 -28.823070526123047
v 6.228270954127023e-15 13.19915771484375 -28.049638748168945
v 6.031954127941894e-15 14.934364318847656 -27.16550636291504
v 5.81183228780713e-15 16.61063003540039 -26.174165725708008
v 5.568773642493667e-15 18.221342086791992 -25.079526901245117
v 5.30373745681427e-15 19.760143280029297 -23.885910034179688
v 5.017770239975272e-15 21.22096061706543 -22.5980281829834
v 4.711999816345942e-15 22.5980281829834 -21.22096061706543
v 4.3876332078761175e-15 23.885910034179688 -19.760143280029297
v 4.0459507048655734e-15 25.079526901245117 -18.221342086791992
v 3.6883007837663385e-15 26.174165725708008 -16.61063003540039
v 3.316095024985012e-15 27.16550636291504 -14.934364318847656
v 2.9308017601356595e-15 28.049638748168945 -13.19915771484375
v 2.5339422603915494e-15 28.823070526123047 -11.411861419677734
v 2.1270822661556815e-15 29.482751846313477 -9.579526901245117
v 1.7118276460169313e-15 30.026077270507812 -7.709386348724365
v 1.2898173028491177e-15 30.450904846191406 -5.808820724487305
v 8.62716609305661e-16 30.755556106567383 -3.8853302001953125
v 4.3221118742137676e-16 30.93882942199707 -1.946506142616272
v 4.214856305890317e-31 31 -1.8982025288627816e-15
v -4.3221118742137676e-16 30.93882942199707 1.946506142616272
v -8.62716609305661e-16 30.755556106567383 3.8853302001953125
v -1.2898173028491177e-15 30.450904846191406 5.808820724487305
v -1.7118276460169313e-15 30.026077270507812 7.709386348724365
v -2.1270822661556815e-15 29.482751846313477 9.579526901245117
v -2.5339422603915494e-15 28.823070526123047 11.411861419677734
v -2.9308017601356595e-15 28.049638748168945 13.19915771484375
v -3.316095024985012e-15 27.16550636291504 14.934364318847656
v -3.6883007837663385e-15 26.174165725708008 16.61063003540039
v -4.0459507048655734e-15 25.079526901245117 18.221342086791992
v -4.3876332078761175e-15 23.885910034179688 19.760143280029297
v -4.711999816345942e-15 22.5980281829834 21.22096061706543
v -5.017770239975272e-15 21.22096061706543 22.5980281829834
v -5.30373745681427e-15 19.760143280029297 23.885910034179688
v -5.568773642493667e-15 18.221342086791992 25.079526901245117
v -5.81183228780713e-15 16.61063003540039 26.174165725708008
v -6.031954127941894e-15 14.934364318847656 27.16550636291504
v -6.228270954127023e-15 13.19915771484375 28.049638748168945
v -6.400007307699306e-15 11.411861419677734 28.823070526123047
v -6.546485985817413e-15 9.579526901245117 29.482751846313477
v -6.66712846497837e-15 7.709386348724365 30.026077270507812
v -6.761459136182292e-15 5.808820724487305 30.450904846191406
v -6.829105304932389e-15 3.8853302001953125 30.755556106567383
v -6.869800155850274e-15 1.946506142616272 30.93882942199707
v -6.8833827526759706e-15 3.796405057725563e-15 31
v -6.869800155850274e-15 -1.946506142616272 30.93882942199707
v -6.829105304932389e-15 -3.8853302001953125 30.755556106567383
v -6.761459136182292e-15 -5.808820724487305 30.450904846191406
v -6.66712846497837e-15 -7.709386348724365 30.026077270507812
v -6.546485985817413e-15 -9.579526901245117 29.482751846313477
v -6.400007307699306e-15 -11.411861419677734 28.823070526123047
v -6.228270954127023e-15 -13.19915771484375 28.049638748168945
v -6.031954127941894e-15 -14.934364318847656 27.16550636291504
v -5.81183228780713e-15 -16.61063003540039 26.174165725708008
v -5.568773642493667e-15 -18.221342086791992 25.079526901245117
v -5.30373745681427e-15 -19.760143280029297 23.885910034179688
v -5.017770239975272e-15 -21.22096061706543 22.5980281829834
v -4.711999816345942e-15 -22.5980281829834 21.22096061706543
v -4.3876332078761175e-15 -23.885910034179688 19.760143280029297
v -4.0459507048655734e-15 -25.079526901245117 18.221342086791992
v -3.6883007837663385e-15 -26.174165725708008 16.61063003540039
v -3.316095024985012e-15 -27.16550636291504 14.934364318847656
v -2.9308017601356595e-15 -28.049638748168945 13.19915771484375
v -2.5339422603915494e-15 -28.823070526123047 11.411861419677734
v -2.1270822661556815e-15 -29.482751846313477 9.579526901245117
v -1.7118276460169313e-15 -30.026077270507812 7.709386348724365
v -1.2898173028491177e-15 -30.450904846191406 5.808820724487305
v -8.62716609305661e-16 -30.755556106567383 3.8853302001953125
v -4.3221118742137676e-16 -30.93882942199707 1.946506142616272
v -1.264456891767095e-30 -31 5.694607586588345e-15
v 4.3221118742137676e-16 -30.93882942199707 -1.946506142616272
v 8.62716609305661e-16 -30.755556106567383 -3.8853302001953125
v 1.2898173028491177e-15 -30.450904846191406 -5.808820724487305
v 1.7118276460169313e-15 -30.026077270507812 -7.709386348724365
v 2.1270822661556815e-15 -29.482751846313477 -9.579526901245117
v 2.5339422603915494e-15 -28.823070526123047 -11.411861419677734
v 2.9308017601356595e-15 -28.049638748168945 -13.19915771484375
v 3.316095024985012e-15 -27.16550636291504 -14.934364318847656
v 3.6883007837663385e-15 -26.174165725708008 -16.61063003540039
v 4.0459507048655734e-15 -25.079526901245117 -18.221342086791992
v 4.3876332078761175e-15 -23.885910034179688 -19.760143280029297
v 4.711999816345942e-15 -22.5980281829834 -21.22096061706543
v 5.017770239975272e-15 -21.22096061706543 -22.5980281829834
v 5.30373745681427e-15 -19.760143280029297 -23.885910034179688
v 5.568773642493667e-15 -18.221342086791992 -25.079526901245117
v 5.81183228780713e-15 -16.61063003540039 -26.174165725708008
v 6.031954127941894e-15 -14.934364318847656 -27.16550636291504
v 6.228270954127023e-15 -13.19915771484375 -28.049638748168945
v 6.400007307699306e-15 -11.411861419677734 -28.823070526123047
v 6.546485985817413e-15 -9.579526901245117 -29.482751846313477
v 6.66712846497837e-15 -7.709386348724365 -30.026077270507812
v 6.761459136182292e-15 -5.808820724487305 -30.450904846191406
v 6.829105304932389e-15 -3.8853302001953125 -30.755556106567383
v 6.869800155850274e-15 -1.946506142616272 -30.93882942199707
v 6.8833827526759706e-15 -7.592810115451126e-15 -31
v 0.3826834261417458 0 -30.923879623413086
v 0.3826834261417457 1.9417264461517334 -30.862857818603516
v 0.3826834261417457 3.8757898807525635 -30.680034637451172
v 0.38268342614174566 5.794557094573975 -30.37613296508789
v 0.38268342614174555 7.690455913543701 -29.952348709106445
v 0.38268342614174544 9.556004524230957 -29.410356521606445
v 0.3826834261417453 11.38383960723877 -28.752296447753906
v 0.3826834261417451 13.166747093200684 -27.980762481689453
v 0.3826834261417449 14.897692680358887 -27.09880256652832
v 0.38268342614174466 16.569843292236328 -26.109895706176758
v 0.38268342614174444 18.176599502563477 -25.0179443359375
v 0.38268342614174417 19.71162223815918 -23.827259063720703
v 0.3826834261417439 21.168851852416992 -22.542537689208984
v 0.3826834261417436 22.542537689208984 -21.168851852416992
v 0.3826834261417433 23.827259063720703 -19.71162223815918
v 0.38268342614174294 25.0179443359375 -18.176599502563477
v 0.38268342614174256 26.109895706176758 -16.569843292236328
v 0.3826834261417422 27.09880256652832 -14.897692680358887
v 0.38268342614174183 27.980762481689453 -13.166747093200684
v 0.38268342614174145 28.752296447753906 -11.38383960723877
v 0.382683426141741 29.410356521606445 -9.556004524230957
v 0.3826834261417406 29.952348709106445 -7.690455913543701
v 0.38268342614174017 30.37613296508789 -5.794557094573975
v 0.3826834261417398 30.680034637451172 -3.8757898807525635
v 0.38268342614173934 30.862857818603516 -1.9417264461517334
v 0.3826834261417389 30.923879623413086 -1.808568728143278e-15
v 0.38268342614173845 30.862857818603516 1.9417264461517334
v 0.382683426141738 30.680034637451172 3.8757898807525635
v 0.3826834261417376 30.37613296508789 5.794557094573975
v 0.38268342614173717 29.952348709106445 7.690455913543701
v 0.3826834261417368 29.410356521606445 9.556004524230957
v 0.38268342614173634 28.752296447753906 11.38383960723877
v 0.38268342614173595 27.980762481689453 13.166747093200684
v 0.38268342614173556 27.09880256652832 14.897692680358887
v 0.38268342614173523 26.109895706176758 16.569843292236328
v 0.38268342614173484 25.0179443359375 18.176599502563477
v 0.3826834261417345 23.827259063720703 19.71162223815918
v 0.3826834261417342 22.542537689208984 21.168851852416992
v 0.3826834261417339 21.168851852416992 22.542537689208984
v 0.3826834261417336 19.71162223815918 23.827259063720703
v 0.38268342614173334 18.176599502563477 25.0179443359375
v 0.3826834261417331 16.569843292236328 26.109895706176758
v 0.3826834261417329 14.897692680358887 27.09880256652832
v 0.3826834261417327 13.166747093200684 27.980762481689453
v 0.3826834261417325 11.38383960723877 28.752296447753906
v 0.38268342614173234 9.556004524230957 29.410356521606445
v 0.38268342614173223 7.690455913543701 29.952348709106445
v 0.3826834261417321 5.794557094573975 30.37613296508789
v 0.38268342614173206 3.8757898807525635 30.680034637451172
v 0.38268342614173206 1.9417264461517334 30.862857818603516
v 0.382683426141732 3.787083036624556e-15 30.923879623413086
v 0.38268342614173206 -1.9417264461517334 30.862857818603516
v 0.38268342614173206 -3.8757898807525635 30.680034637451172
v 0.3826834261417321 -5.794557094573975 30.37613296508789
v 0.38268342614173223 -7.690455913543701 29.952348709106445
v 0.38268342614173234 -9.556004524230957 29.410356521606445
v 0.3826834261417325 -11.38383960723877 28.752296447753906
v 0.3826834261417327 -13.166747093200684 27.980762481689453
v 0.3826834261417329 -14.897692680358887 27.09880256652832
v 0.3826834261417331 -16.569843292236328 26.109895706176758
v 0.38268342614173334 -18.176599502563477 25.0179443359375
v 0.3826834261417336 -19.71162223815918 23.827259063720703
v 0.3826834261417339 -21.168851852416992 22.542537689208984
v 0.3826834261417342 -22.542537689208984 21.168851852416992
v 0.3826834261417345 -23.827259063720703 19.71162223815918
v 0.38268342614173484 -25.0179443359375 18.176599502563477
v 0.38268342614173523 -26.109895706176758 16.569843292236328
v 0.38268342614173556 -27.09880256652832 14.897692680358887
v 0.38268342614173595 -27.980762481689453 13.166747093200684
v 0.38268342614173634 -28.752296447753906 11.38383960723877
v 0.3826834261417368 -29.410356521606445 9.556004524230957
v 0.38268342614173717 -29.952348709106445 7.690455913543701
v 0.3826834261417376 -30.37613296508789 5.794557094573975
v 0.382683426141738 -30.680034637451172 3.8757898807525635
v 0.38268342614173845 -30.862857818603516 1.9417264461517334
v 0.3826834261417389 -30.923879623413086 5.765597133347597e-15
v 0.38268342614173934 -30.862857818603516 -1.9417264461517334
v 0.3826834261417398 -30.680034637451172 -3.8757898807525635
v 0.38268342614174017 -30.37613296508789 -5.794557094573975
v 0.3826834261417406 -29.952348709106445 -7.690455913543701
v 0.382683426141741 -29.410356521606445 -9.556004524230957
v 0.38268342614174145 -28.752296447753906 -11.38383960723877
v 0.38268342614174183 -27.980762481689453 -13.166747093200684
v 0.3826834261417422 -27.09880256652832 -14.897692680358887
v 0.38268342614174256 -26.109895706176758 -16.569843292236328
v 0.38268342614174294 -25.0179443359375 -18.176599502563477
v 0.3826834261417433 -23.827259063720703 -19.71162223815918
v 0.3826834261417436 -22.542537689208984 -21.168851852416992
v 0.3826834261417439 -21.168851852416992 -22.542537689208984
v 0.38268342614174417 -19.71162223815918 -23.827259063720703
v 0.38268342614174444 -18.176599502563477 -25.0179443359375
v 0.38268342614174466 -16.569843292236328 -26.109895706176758
v 0.3826834261417449 -14.897692680358887 -27.09880256652832
v 0.3826834261417451 -13.166747093200684 -27.980762481689453
v 0.3826834261417453 -11.38383960723877 -28.752296447753906
v 0.38268342614174544 -9.556004524230957 -29.410356521606445
v 0.38268342614174555 -7.690455913543701 -29.952348709106445
v 0.38268342614174566 -5.794557094573975 -30.37613296508789
v 0.3826834261417457 -3.8757898807525635 -30.680034637451172
v 0.3826834261417457 -1.9417264461517334 -30.862857818603516
v 0.3826834261417458 -7.574166073249112e-15 -30.923879623413086
v 0.7071067690849372 0 -30.707107543945312
v 0.7071067690849372 1.9281151294708252 -30.646512985229492
v 0.7071067690849372 3.848620891571045 -30.4649715423584
v 0.7071067690849371 5.7539381980896 -30.16320037841797
v 0.707106769084937 7.636547088623047 -29.742385864257812
v 0.7071067690849369 9.489017486572266 -29.204193115234375
v 0.7071067690849367 11.30403995513916 -28.550745010375977
v 0.7071067690849366 13.074450492858887 -27.78462028503418
v 0.7071067690849364 14.793261528015137 -26.908842086791992
v 0.7071067690849362 16.453691482543945 -25.926868438720703
v 0.707106769084936 18.049184799194336 -24.842571258544922
v 0.7071067690849356 19.57344627380371 -23.660232543945312
v 0.7071067690849354 21.02046012878418 -22.384517669677734
v 0.7071067690849351 22.384517669677734 -21.02046012878418
v 0.7071067690849347 23.660232543945312 -19.57344627380371
v 0.7071067690849344 24.842571258544922 -18.049184799194336
v 0.7071067690849341 25.926868438720703 -16.453691482543945
v 0.7071067690849338 26.908842086791992 -14.793261528015137
v 0.7071067690849333 27.78462028503418 -13.074450492858887
v 0.707106769084933 28.550745010375977 -11.30403995513916
v 0.7071067690849325 29.204193115234375 -9.489017486572266
v 0.7071067690849321 29.742385864257812 -7.636547088623047
v 0.7071067690849318 30.16320037841797 -5.7539381980896
v 0.7071067690849313 30.4649715423584 -3.848620891571045
v 0.7071067690849309 30.646512985229492 -1.928115129470825
v 0.7071067690849304 30.707107543945312 -1.7232588453310507e-15
v 0.70710676908493 30.646512985229492 1.9281151294708254
v 0.7071067690849295 30.4649715423584 3.848620891571045
v 0.7071067690849291 30.16320037841797 5.7539381980896
v 0.7071067690849288 29.742385864257812 7.636547088623047
v 0.7071067690849283 29.204193115234375 9.489017486572266
v 0.7071067690849279 28.550745010375977 11.30403995513916
v 0.7071067690849275 27.78462028503418 13.074450492858887
v 0.7071067690849271 26.908842086791992 14.793261528015137
v 0.7071067690849268 25.926868438720703 16.453691482543945
v 0.7071067690849264 24.842571258544922 18.049184799194336
v 0.7071067690849261 23.660232543945312 19.57344627380371
v 0.7071067690849258 22.384517669677734 21.02046012878418
v 0.7071067690849254 21.02046012878418 22.384517669677734
v 0.7071067690849252 19.57344627380371 23.660232543945312
v 0.7071067690849249 18.049184799194336 24.842571258544922
v 0.7071067690849246 16.453691482543945 25.926868438720703
v 0.7071067690849244 14.793261528015137 26.908842086791992
v 0.7071067690849242 13.074450492858887 27.78462028503418
v 0.7071067690849241 11.30403995513916 28.550745010375977
v 0.707106769084924 9.489017486572266 29.204193115234375
v 0.7071067690849239 7.636547088623047 29.742385864257812
v 0.7071067690849238 5.7539381980896 30.16320037841797
v 0.7071067690849236 3.848620891571045 30.4649715423584
v 0.7071067690849236 1.9281151294708252 30.646512985229492
v 0.7071067690849236 3.760536177024659e-15 30.707107543945312
v 0.7071067690849236 -1.9281151294708252 30.646512985229492
v 0.7071067690849236 -3.848620891571045 30.4649715423584
v 0.7071067690849238 -5.7539381980896 30.16320037841797
v 0.7071067690849239 -7.636547088623047 29.742385864257812
v 0.707106769084924 -9.489017486572266 29.204193115234375
v 0.7071067690849241 -11.30403995513916 28.550745010375977
v 0.7071067690849242 -13.074450492858887 27.78462028503418
v 0.7071067690849244 -14.793261528015137 26.908842086791992
v 0.7071067690849246 -16.453691482543945 25.926868438720703
v 0.7071067690849249 -18.049184799194336 24.842571258544922
v 0.7071067690849252 -19.57344627380371 23.660232543945312
v 0.7071067690849254 -21.02046012878418 22.384517669677734
v 0.7071067690849258 -22.384517669677734 21.02046012878418
v 0.7071067690849261 -23.660232543945312 19.57344627380371
v 0.7071067690849264 -24.842571258544922 18.049184799194336
v 0.7071067690849268 -25.926868438720703 16.453691482543945
v 0.7071067690849271 -26.908842086791992 14.793261528015137
v 0.7071067690849275 -27.78462028503418 13.074450492858887
v 0.7071067690849279 -28.550745010375977 11.30403995513916
v 0.7071067690849283 -29.204193115234375 9.489017486572266
v 0.7071067690849288 -29.742385864257812 7.636547088623047
v 0.7071067690849291 -30.16320037841797 5.7539381980896
v 0.7071067690849295 -30.4649715423584 3.848620891571045
v 0.70710676908493 -30.646512985229492 1.9281151294708254
v 0.7071067690849304 -30.707107543945312 5.79781329696003e-15
v 0.7071067690849309 -30.646512985229492 -1.928115129470825
v 0.7071067690849313 -30.4649715423584 -3.848620891571045
v 0.7071067690849318 -30.16320037841797 -5.7539381980896
v 0.7071067690849321 -29.742385864257812 -7.636547088623047
v 0.7071067690849325 -29.204193115234375 -9.489017486572266
v 0.707106769084933 -28.550745010375977 -11.30403995513916
v 0.7071067690849333 -27.78462028503418 -13.074450492858887
v 0.7071067690849338 -26.908842086791992 -14.793261528015137
v 0.7071067690849341 -25.926868438720703 -16.453691482543945
v 0.7071067690849344 -24.842571258544922 -18.049184799194336
v 0.7071067690849347 -23.660232543945312 -19.57344627380371
v 0.7071067690849351 -22.384517669677734 -21.02046012878418
v 0.7071067690849354 -21.02046012878418 -22.384517669677734
v 0.7071067690849356 -19.57344627380371 -23.660232543945312
v 0.707106769084936 -18.049184799194336 -24.842571258544922
v 0.7071067690849362 -16.453691482543945 -25.926868438720703
v 0.7071067690849364 -14.793261528015137 -26.908842086791992
v 0.7071067690849366 -13.074450492858887 -27.78462028503418
v 0.7071067690849367 -11.30403995513916 -28.550745010375977
v 0.7071067690849369 -9.489017486572266 -29.204193115234375
v 0.707106769084937 -7.636547088623047 -29.742385864257812
v 0.7071067690849371 -5.7539381980896 -30.16320037841797
v 0.7071067690849372 -3.848620891571045 -30.4649715423584
v 0.7071067690849372 -1.9281151294708252 -30.646512985229492
v 0.7071067690849372 -7.521072354049318e-15 -30.707107543945312
v 0.9238795042038032 0 -30.38268280029297
v 0.9238795042038032 1.9077445268630981 -30.322731018066406
v 0.923879504203803 3.807960033416748 -30.14310646057129
v 0.923879504203803 5.6931471824646 -29.84452247619629
v 0.9238795042038029 7.555866241455078 -29.42815589904785
v 0.9238795042038028 9.388765335083008 -28.895648956298828
v 0.9238795042038026 11.184611320495605 -28.24910545349121
v 0.9238795042038025 12.936317443847656 -27.491073608398438
v 0.9238795042038023 14.636969566345215 -26.624547958374023
v 0.923879504203802 16.279855728149414 -25.6529483795166
v 0.9238795042038018 17.85849380493164 -24.580106735229492
v 0.9238795042038016 19.36665153503418 -23.410259246826172
v 0.9238795042038013 20.798377990722656 -22.14802360534668
v 0.923879504203801 22.14802360534668 -20.798377990722656
v 0.9238795042038007 23.410259246826172 -19.36665153503418
v 0.9238795042038004 24.580106735229492 -17.85849380493164
v 0.9238795042038 25.6529483795166 -16.279855728149414
v 0.9238795042037996 26.624547958374023 -14.636969566345215
v 0.9238795042037993 27.491073608398438 -12.936317443847656
v 0.9238795042037988 28.24910545349121 -11.184611320495605
v 0.9238795042037985 28.895648956298828 -9.388765335083008
v 0.923879504203798 29.42815589904785 -7.555866241455078
v 0.9238795042037976 29.84452247619629 -5.6931471824646
v 0.9238795042037973 30.14310646057129 -3.807960033416748
v 0.9238795042037968 30.322731018066406 -1.907744526863098
v 0.9238795042037964 30.38268280029297 -1.6552603770493454e-15
v 0.9238795042037959 30.322731018066406 1.9077445268630984
v 0.9238795042037955 30.14310646057129 3.807960033416748
v 0.9238795042037952 29.84452247619629 5.6931471824646
v 0.9238795042037947 29.42815589904785 7.555866241455078
v 0.9238795042037943 28.895648956298828 9.388765335083008
v 0.9238795042037939 28.24910545349121 11.184611320495605
v 0.9238795042037935 27.491073608398438 12.936317443847656
v 0.9238795042037932 26.624547958374023 14.636969566345215
v 0.9238795042037927 25.6529483795166 16.279855728149414
v 0.9238795042037924 24.580106735229492 17.85849380493164
v 0.9238795042037921 23.410259246826172 19.36665153503418
v 0.9238795042037917 22.14802360534668 20.798377990722656
v 0.9238795042037915 20.798377990722656 22.14802360534668
v 0.9238795042037912 19.36665153503418 23.410259246826172
v 0.923879504203791 17.85849380493164 24.580106735229492
v 0.9238795042037907 16.279855728149414 25.6529483795166
v 0.9238795042037905 14.636969566345215 26.624547958374023
v 0.9238795042037903 12.936317443847656 27.491073608398438
v 0.9238795042037902 11.184611320495605 28.24910545349121
v 0.92387950420379 9.388765335083008 28.895648956298828
v 0.9238795042037898 7.555866241455078 29.42815589904785
v 0.9238795042037897 5.6931471824646 29.84452247619629
v 0.9238795042037897 3.807960033416748 30.14310646057129
v 0.9238795042037896 1.9077445268630981 30.322731018066406
v 0.9238795042037896 3.720805673117222e-15 30.38268280029297
v 0.9238795042037896 -1.9077445268630981 30.322731018066406
v 0.9238795042037897 -3.807960033416748 30.14310646057129
v 0.9238795042037897 -5.6931471824646 29.84452247619629
v 0.9238795042037898 -7.555866241455078 29.42815589904785
v 0.92387950420379 -9.388765335083008 28.895648956298828
v 0.9238795042037902 -11.184611320495605 28.24910545349121
v 0.9238795042037903 -12.936317443847656 27.491073608398438
v 0.9238795042037905 -14.636969566345215 26.624547958374023
v 0.9238795042037907 -16.279855728149414 25.6529483795166
v 0.923879504203791 -17.85849380493164 24.580106735229492
v 0.9238795042037912 -19.36665153503418 23.410259246826172
v 0.9238795042037915 -20.798377990722656 22.14802360534668
v 0.9238795042037917 -22.14802360534668 20.798377990722656
v 0.9238795042037921 -23.410259246826172 19.36665153503418
v 0.9238795042037924 -24.580106735229492 17.85849380493164
v 0.9238795042037927 -25.6529483795166 16.279855728149414
v 0.9238795042037932 -26.624547958374023 14.636969566345215
v 0.9238795042037935 -27.491073608398438 12.936317443847656
v 0.9238795042037939 -28.24910545349121 11.184611320495605
v 0.9238795042037943 -28.895648956298828 9.388765335083008
v 0.9238795042037947 -29.42815589904785 7.555866241455078
v 0.9238795042037952 -29.84452247619629 5.6931471824646
v 0.9238795042037955 -30.14310646057129 3.807960033416748
v 0.9238795042037959 -30.322731018066406 1.9077445268630984
v 0.9238795042037964 -30.38268280029297 5.786350969185099e-15
v 0.9238795042037968 -30.322731018066406 -1.907744526863098
v 0.9238795042037973 -30.14310646057129 -3.807960033416748
v 0.9238795042037976 -29.84452247619629 -5.6931471824646
v 0.923879504203798 -29.42815589904785 -7.555866241455078
v 0.9238795042037985 -28.895648956298828 -9.388765335083008
v 0.9238795042037988 -28.24910545349121 -11.184611320495605
v 0.9238795042037993 -27.491073608398438 -12.936317443847656
v 0.9238795042037996 -26.624547958374023 -14.636969566345215
v 0.9238795042038 -25.6529483795166 -16.279855728149414
v 0.9238795042038004 -24.580106735229492 -17.85849380493164
v 0.9238795042038007 -23.410259246826172 -19.36665153503418
v 0.923879504203801 -22.14802360534668 -20.798377990722656
v 0.9238795042038013 -20.798377990722656 -22.14802360534668
v 0.9238795042038016 -19.36665153503418 -23.410259246826172
v 0.9238795042038018 -17.85849380493164 -24.580106735229492
v 0.923879504203802 -16.279855728149414 -25.6529483795166
v 0.9238795042038023 -14.636969566345215 -26.624547958374023
v 0.9238795042038025 -12.936317443847656 -27.491073608398438
v 0.9238795042038026 -11.184611320495605 -28.24910545349121
v 0.9238795042038028 -9.388765335083008 -28.895648956298828
v 0.9238795042038029 -7.555866241455078 -29.42815589904785
v 0.923879504203803 -5.6931471824646 -29.84452247619629
v 0.923879504203803 -3.807960033416748 -30.14310646057129
v 0.9238795042038032 -1.9077445268630981 -30.322731018066406
v 0.9238795042038032 -7.441611346234445e-15 -30.38268280029297
v 1.0000000000000067 0 -30
v 1.0000000000000067 1.8837156295776367 -29.9408016204834
v 1.0000000000000067 3.7599968910217285 -29.76344108581543
v 1.0000000000000064 5.621439456939697 -29.468618392944336
v 1.0000000000000064 7.460696697235107 -29.0574951171875
v 1.0000000000000064 9.270509719848633 -28.531696319580078
v 1.0000000000000062 11.043736457824707 -27.893295288085938
v 1.000000000000006 12.773378372192383 -27.144811630249023
v 1.0000000000000058 14.45261001586914 -26.289199829101562
v 1.0000000000000056 16.074804306030273 -25.329837799072266
v 1.0000000000000053 17.63355827331543 -24.270509719848633
v 1.000000000000005 19.122718811035156 -23.11539649963379
v 1.0000000000000049 20.536413192749023 -21.86905860900879
v 1.0000000000000047 21.86905860900879 -20.536413192749023
v 1.0000000000000042 23.11539649963379 -19.122718811035156
v 1.000000000000004 24.270509719848633 -17.63355827331543
v 1.0000000000000036 25.329837799072266 -16.074804306030273
v 1.000000000000003 26.289199829101562 -14.45261001586914
v 1.0000000000000029 27.144811630249023 -12.773378372192383
v 1.0000000000000024 27.893295288085938 -11.043736457824707
v 1.000000000000002 28.531696319580078 -9.270509719848633
v 1.0000000000000016 29.0574951171875 -7.460696697235107
v 1.0000000000000013 29.468618392944336 -5.621439456939697
v 1.0000000000000009 29.76344108581543 -3.7599968910217285
v 1.0000000000000004 29.9408016204834 -1.8837156295776365
v 1 30 -1.6149254886642633e-15
v 0.9999999999999996 29.9408016204834 1.883715629577637
v 0.9999999999999991 29.76344108581543 3.7599968910217285
v 0.9999999999999988 29.468618392944336 5.621439456939697
v 0.9999999999999983 29.0574951171875 7.460696697235107
v 0.9999999999999979 28.531696319580078 9.270509719848633
v 0.9999999999999976 27.893295288085938 11.043736457824707
v 0.9999999999999971 27.144811630249023 12.773378372192383
v 0.9999999999999968 26.289199829101562 14.45261001586914
v 0.9999999999999964 25.329837799072266 16.074804306030273
v 0.9999999999999961 24.270509719848633 17.63355827331543
v 0.9999999999999958 23.11539649963379 19.122718811035156
v 0.9999999999999954 21.86905860900879 20.536413192749023
v 0.9999999999999951 20.536413192749023 21.86905860900879
v 0.9999999999999949 19.122718811035156 23.11539649963379
v 0.9999999999999946 17.63355827331543 24.270509719848633
v 0.9999999999999943 16.074804306030273 25.329837799072266
v 0.9999999999999941 14.45261001586914 26.289199829101562
v 0.999999999999994 12.773378372192383 27.144811630249023
v 0.9999999999999938 11.043736457824707 27.893295288085938
v 0.9999999999999937 9.270509719848633 28.531696319580078
v 0.9999999999999936 7.460696697235107 29.0574951171875
v 0.9999999999999934 5.621439456939697 29.468618392944336
v 0.9999999999999933 3.7599968910217285 29.76344108581543
v 0.9999999999999933 1.8837156295776367 29.9408016204834
v 0.9999999999999933 3.673940187178589e-15 30
v 0.9999999999999933 -1.8837156295776367 29.9408016204834
v 0.9999999999999933 -3.7599968910217285 29.76344108581543
v 0.9999999999999934 -5.621439456939697 29.468618392944336
v 0.9999999999999936 -7.460696697235107 29.0574951171875
v 0.9999999999999937 -9.270509719848633 28.531696319580078
v 0.9999999999999938 -11.043736457824707 27.893295288085938
v 0.999999999999994 -12.773378372192383 27.144811630249023
v 0.9999999999999941 -14.45261001586914 26.289199829101562
v 0.9999999999999943 -16.074804306030273 25.329837799072266
v 0.9999999999999946 -17.63355827331543 24.270509719848633
v 0.9999999999999949 -19.122718811035156 23.11539649963379
v 0.9999999999999951 -20.536413192749023 21.86905860900879
v 0.9999999999999954 -21.86905860900879 20.536413192749023
v 0.9999999999999958 -23.11539649963379 19.122718811035156
v 0.9999999999999961 -24.270509719848633 17.63355827331543
v 0.9999999999999964 -25.329837799072266 16.074804306030273
v 0.9999999999999968 -26.289199829101562 14.45261001586914
v 0.9999999999999971 -27.144811630249023 12.773378372192383
v 0.9999999999999976 -27.893295288085938 11.043736457824707
v 0.9999999999999979 -28.531696319580078 9.270509719848633
v 0.9999999999999983 -29.0574951171875 7.460696697235107
v 0.9999999999999988 -29.468618392944336 5.621439456939697
v 0.9999999999999991 -29.76344108581543 3.7599968910217285
v 0.9999999999999996 -29.9408016204834 1.883715629577637
v 1 -30 5.732955309209389e-15
v 1.0000000000000004 -29.9408016204834 -1.8837156295776365
v 1.0000000000000009 -29.76344108581543 -3.7599968910217285
v 1.0000000000000013 -29.468618392944336 -5.621439456939697
v 1.0000000000000016 -29.0574951171875 -7.460696697235107
v 1.000000000000002 -28.531696319580078 -9.270509719848633
v 1.0000000000000024 -27.893295288085938 -11.043736457824707
v 1.0000000000000029 -27.144811630249023 -12.773378372192383
v 1.000000000000003 -26.289199829101562 -14.45261001586914
v 1.0000000000000036 -25.329837799072266 -16.074804306030273
v 1.000000000000004 -24.270509719848633 -17.63355827331543
v 1.0000000000000042 -23.11539649963379 -19.122718811035156
v 1.0000000000000047 -21.86905860900879 -20.536413192749023
v 1.0000000000000049 -20.536413192749023 -21.86905860900879
v 1.000000000000005 -19.122718811035156 -23.11539649963379
v 1.0000000000000053 -17.63355827331543 -24.270509719848633
v 1.0000000000000056 -16.074804306030273 -25.329837799072266
v 1.0000000000000058 -14.45261001586914 -26.289199829101562
v 1.000000000000006 -12.773378372192383 -27.144811630249023
v 1.0000000000000062 -11.043736457824707 -27.893295288085938
v 1.0000000000000064 -9.270509719848633 -28.531696319580078
v 1.0000000000000064 -7.460696697235107 -29.0574951171875
v 1.0000000000000064 -5.621439456939697 -29.468618392944336
v 1.0000000000000067 -3.7599968910217285 -29.76344108581543
v 1.0000000000000067 -1.8837156295776367 -29.9408016204834
v 1.0000000000000067 -7.347880374357178e-15 -30
v 0.9238795042038029 0 -29.61731719970703
v 0.9238795042038029 1.8596867322921753 -29.558874130249023
v 0.9238795042038029 3.712033987045288 -29.38377571105957
v 0.9238795042038028 5.549731731414795 -29.09271240234375
v 0.9238795042038027 7.365527153015137 -28.68683433532715
v 0.9238795042038026 9.152254104614258 -28.167741775512695
v 0.9238795042038025 10.902861595153809 -27.537485122680664
v 0.9238795042038024 12.610440254211426 -26.79854965209961
v 0.9238795042038022 14.268251419067383 -25.9538516998291
v 0.9238795042038019 15.869751930236816 -25.00672721862793
v 0.9238795042038017 17.40862274169922 -23.960912704467773
v 0.9238795042038015 18.878787994384766 -22.820533752441406
v 0.9238795042038012 20.27444839477539 -21.59009552001953
v 0.9238795042038009 21.59009552001953 -20.27444839477539
v 0.9238795042038006 22.820533752441406 -18.878787994384766
v 0.9238795042038003 23.960912704467773 -17.40862274169922
v 0.9238795042037999 25.00672721862793 -15.869751930236816
v 0.9238795042037996 25.9538516998291 -14.268251419067383
v 0.9238795042037992 26.79854965209961 -12.610440254211426
v 0.9238795042037988 27.537485122680664 -10.902861595153809
v 0.9238795042037984 28.167741775512695 -9.152254104614258
v 0.923879504203798 28.68683433532715 -7.365527153015137
v 0.9238795042037976 29.09271240234375 -5.549731731414795
v 0.9238795042037972 29.38377571105957 -3.712033987045288
v 0.9238795042037968 29.558874130249023 -1.859686732292175
v 0.9238795042037964 29.61731719970703 -1.608395102868949e-15
v 0.9238795042037959 29.558874130249023 1.8596867322921755
v 0.9238795042037956 29.38377571105957 3.712033987045288
v 0.9238795042037952 29.09271240234375 5.549731731414795
v 0.9238795042037947 28.68683433532715 7.365527153015137
v 0.9238795042037944 28.167741775512695 9.152254104614258
v 0.9238795042037939 27.537485122680664 10.902861595153809
v 0.9238795042037936 26.79854965209961 12.610440254211426
v 0.9238795042037932 25.9538516998291 14.268251419067383
v 0.9238795042037928 25.00672721862793 15.869751930236816
v 0.9238795042037925 23.960912704467773 17.40862274169922
v 0.9238795042037922 22.820533752441406 18.878787994384766
v 0.9238795042037918 21.59009552001953 20.27444839477539
v 0.9238795042037916 20.27444839477539 21.59009552001953
v 0.9238795042037913 18.878787994384766 22.820533752441406
v 0.9238795042037911 17.40862274169922 23.960912704467773
v 0.9238795042037908 15.869751930236816 25.00672721862793
v 0.9238795042037906 14.268251419067383 25.9538516998291
v 0.9238795042037904 12.610440254211426 26.79854965209961
v 0.9238795042037903 10.902861595153809 27.537485122680664
v 0.9238795042037902 9.152254104614258 28.167741775512695
v 0.9238795042037901 7.365527153015137 28.68683433532715
v 0.92387950420379 5.549731731414795 29.09271240234375
v 0.9238795042037898 3.712033987045288 29.38377571105957
v 0.9238795042037898 1.8596867322921753 29.558874130249023
v 0.9238795042037898 3.6270751247564296e-15 29.61731719970703
v 0.9238795042037898 -1.8596867322921753 29.558874130249023
v 0.9238795042037898 -3.712033987045288 29.38377571105957
v 0.92387950420379 -5.549731731414795 29.09271240234375
v 0.9238795042037901 -7.365527153015137 28.68683433532715
v 0.9238795042037902 -9.152254104614258 28.167741775512695
v 0.9238795042037903 -10.902861595153809 27.537485122680664
v 0.9238795042037904 -12.610440254211426 26.79854965209961
v 0.9238795042037906 -14.268251419067383 25.9538516998291
v 0.9238795042037908 -15.869751930236816 25.00672721862793
v 0.9238795042037911 -17.40862274169922 23.960912704467773
v 0.9238795042037913 -18.878787994384766 22.820533752441406
v 0.9238795042037916 -20.27444839477539 21.59009552001953
v 0.9238795042037918 -21.59009552001953 20.27444839477539
v 0.9238795042037922 -22.820533752441406 18.878787994384766
v 0.9238795042037925 -23.960912704467773 17.40862274169922
v 0.9238795042037928 -25.00672721862793 15.869751930236816
v 0.9238795042037932 -25.9538516998291 14.268251419067383
v 0.9238795042037936 -26.79854965209961 12.610440254211426
v 0.9238795042037939 -27.537485122680664 10.902861595153809
v 0.9238795042037944 -28.167741775512695 9.152254104614258
v 0.9238795042037947 -28.68683433532715 7.365527153015137
v 0.9238795042037952 -29.09271240234375 5.549731731414795
v 0.9238795042037956 -29.38377571105957 3.712033987045288
v 0.9238795042037959 -29.558874130249023 1.8596867322921755
v 0.9238795042037964 -29.61731719970703 5.645755358402147e-15
v 0.9238795042037968 -29.558874130249023 -1.859686732292175
v 0.9238795042037972 -29.38377571105957 -3.712033987045288
v 0.9238795042037976 -29.09271240234375 -5.549731731414795
v 0.923879504203798 -28.68683433532715 -7.365527153015137
v 0.9238795042037984 -28.167741775512695 -9.152254104614258
v 0.9238795042037988 -27.537485122680664 -10.902861595153809
v 0.9238795042037992 -26.79854965209961 -12.610440254211426
v 0.9238795042037996 -25.9538516998291 -14.268251419067383
v 0.9238795042037999 -25.00672721862793 -15.869751930236816
v 0.9238795042038003 -23.960912704467773 -17.40862274169922
v 0.9238795042038006 -22.820533752441406 -18.878787994384766
v 0.9238795042038009 -21.59009552001953 -20.27444839477539
v 0.9238795042038012 -20.27444839477539 -21.59009552001953
v 0.9238795042038015 -18.878787994384766 -22.820533752441406
v 0.9238795042038017 -17.40862274169922 -23.960912704467773
v 0.9238795042038019 -15.869751930236816 -25.00672721862793
v 0.9238795042038022 -14.268251419067383 -25.9538516998291
v 0.9238795042038024 -12.610440254211426 -26.79854965209961
v 0.9238795042038025 -10.902861595153809 -27.537485122680664
v 0.9238795042038026 -9.152254104614258 -28.167741775512695
v 0.9238795042038027 -7.365527153015137 -28.68683433532715
v 0.9238795042038028 -5.549731731414795 -29.09271240234375
v 0.9238795042038029 -3.712033987045288 -29.38377571105957
v 0.9238795042038029 -1.8596867322921753 -29.558874130249023
v 0.9238795042038029 -7.254150249512859e-15 -29.61731719970703
v 0.707106769084937 0 -29.292892456054688
v 0.7071067690849369 1.8393160104751587 -29.235090255737305
v 0.7071067690849369 3.671373128890991 -29.06191062927246
v 0.7071067690849369 5.488940715789795 -28.774036407470703
v 0.7071067690849367 7.284846305847168 -28.372602462768555
v 0.7071067690849366 9.052001953125 -27.85919761657715
v 0.7071067690849364 10.783432960510254 -27.235843658447266
v 0.7071067690849363 12.472307205200195 -26.505002975463867
v 0.7071067690849361 14.111958503723145 -25.669557571411133
v 0.7071067690849359 15.695917129516602 -24.732807159423828
v 0.7071067690849356 17.21792984008789 -23.698448181152344
v 0.7071067690849354 18.671993255615234 -22.5705623626709
v 0.7071067690849352 20.052364349365234 -21.353599548339844
v 0.7071067690849349 21.353599548339844 -20.052364349365234
v 0.7071067690849345 22.5705623626709 -18.671993255615234
v 0.7071067690849342 23.698448181152344 -17.21792984008789
v 0.7071067690849339 24.732807159423828 -15.695917129516602
v 0.7071067690849335 25.669557571411133 -14.111958503723145
v 0.7071067690849332 26.505002975463867 -12.472307205200195
v 0.7071067690849329 27.235843658447266 -10.783432960510254
v 0.7071067690849324 27.85919761657715 -9.052001953125
v 0.7071067690849321 28.372602462768555 -7.284846305847168
v 0.7071067690849316 28.774036407470703 -5.488940715789795
v 0.7071067690849312 29.06191062927246 -3.671373128890991
v 0.7071067690849309 29.235090255737305 -1.8393160104751585
v 0.7071067690849304 29.292892456054688 -1.6366630672432178e-15
v 0.70710676908493 29.235090255737305 1.839316010475159
v 0.7071067690849296 29.06191062927246 3.671373128890991
v 0.7071067690849292 28.774036407470703 5.488940715789795
v 0.7071067690849288 28.372602462768555 7.284846305847168
v 0.7071067690849284 27.85919761657715 9.052001953125
v 0.707106769084928 27.235843658447266 10.783432960510254
v 0.7071067690849276 26.505002975463867 12.472307205200195
v 0.7071067690849273 25.669557571411133 14.111958503723145
v 0.707106769084927 24.732807159423828 15.695917129516602
v 0.7071067690849266 23.698448181152344 17.21792984008789
v 0.7071067690849263 22.5705623626709 18.671993255615234
v 0.707106769084926 21.353599548339844 20.052364349365234
v 0.7071067690849256 20.052364349365234 21.353599548339844
v 0.7071067690849254 18.671993255615234 22.5705623626709
v 0.7071067690849252 17.21792984008789 23.698448181152344
v 0.707106769084925 15.695917129516602 24.732807159423828
v 0.7071067690849248 14.111958503723145 25.669557571411133
v 0.7071067690849245 12.472307205200195 26.505002975463867
v 0.7071067690849244 10.783432960510254 27.235843658447266
v 0.7071067690849242 9.052001953125 27.85919761657715
v 0.7071067690849241 7.284846305847168 28.372602462768555
v 0.707106769084924 5.488940715789795 28.774036407470703
v 0.707106769084924 3.671373128890991 29.06191062927246
v 0.707106769084924 1.8393160104751587 29.235090255737305
v 0.7071067690849239 3.587344620848993e-15 29.292892456054688
v 0.707106769084924 -1.8393160104751587 29.235090255737305
v 0.707106769084924 -3.671373128890991 29.06191062927246
v 0.707106769084924 -5.488940715789795 28.774036407470703
v 0.7071067690849241 -7.284846305847168 28.372602462768555
v 0.7071067690849242 -9.052001953125 27.85919761657715
v 0.7071067690849244 -10.783432960510254 27.235843658447266
v 0.7071067690849245 -12.472307205200195 26.505002975463867
v 0.7071067690849248 -14.111958503723145 25.669557571411133
v 0.707106769084925 -15.695917129516602 24.732807159423828
v 0.7071067690849252 -17.21792984008789 23.698448181152344
v 0.7071067690849254 -18.671993255615234 22.5705623626709
v 0.7071067690849256 -20.052364349365234 21.353599548339844
v 0.707106769084926 -21.353599548339844 20.052364349365234
v 0.7071067690849263 -22.5705623626709 18.671993255615234
v 0.7071067690849266 -23.698448181152344 17.21792984008789
v 0.707106769084927 -24.732807159423828 15.695917129516602
v 0.7071067690849273 -25.669557571411133 14.111958503723145
v 0.7071067690849276 -26.505002975463867 12.472307205200195
v 0.707106769084928 -27.235843658447266 10.783432960510254
v 0.7071067690849284 -27.85919761657715 9.052001953125
v 0.7071067690849288 -28.372602462768555 7.284846305847168
v 0.7071067690849292 -28.774036407470703 5.488940715789795
v 0.7071067690849296 -29.06191062927246 3.671373128890991
v 0.70710676908493 -29.235090255737305 1.839316010475159
v 0.7071067690849304 -29.292892456054688 5.538026597971242e-15
v 0.7071067690849309 -29.235090255737305 -1.8393160104751585
v 0.7071067690849312 -29.06191062927246 -3.671373128890991
v 0.7071067690849316 -28.774036407470703 -5.488940715789795
v 0.7071067690849321 -28.372602462768555 -7.284846305847168
v 0.7071067690849324 -27.85919761657715 -9.052001953125
v 0.7071067690849329 -27.235843658447266 -10.783432960510254
v 0.7071067690849332 -26.505002975463867 -12.472307205200195
v 0.7071067690849335 -25.669557571411133 -14.111958503723145
v 0.7071067690849339 -24.732807159423828 -15.695917129516602
v 0.7071067690849342 -23.698448181152344 -17.21792984008789
v 0.7071067690849345 -22.5705623626709 -18.671993255615234
v 0.7071067690849349 -21.353599548339844 -20.052364349365234
v 0.7071067690849352 -20.052364349365234 -21.353599548339844
v 0.7071067690849354 -18.671993255615234 -22.5705623626709
v 0.7071067690849356 -17.21792984008789 -23.698448181152344
v 0.7071067690849359 -15.695917129516602 -24.732807159423828
v 0.7071067690849361 -14.111958503723145 -25.669557571411133
v 0.7071067690849363 -12.472307205200195 -26.505002975463867
v 0.7071067690849364 -10.783432960510254 -27.235843658447266
v 0.7071067690849366 -9.052001953125 -27.85919761657715
v 0.7071067690849367 -7.284846305847168 -28.372602462768555
v 0.7071067690849369 -5.488940715789795 -28.774036407470703
v 0.7071067690849369 -3.671373128890991 -29.06191062927246
v 0.7071067690849369 -1.8393160104751587 -29.235090255737305
v 0.707106769084937 -7.174689241697986e-15 -29.292892456054688
v 0.38268342614174533 0 -29.076120376586914
v 0.38268342614174533 1.8257046937942505 -29.01874542236328
v 0.3826834261417453 3.6442041397094727 -28.846845626831055
v 0.3826834261417452 5.44832181930542 -28.56110191345215
v 0.38268342614174516 7.2309370040893555 -28.162641525268555
v 0.38268342614174505 8.985014915466309 -27.653034210205078
v 0.3826834261417449 10.703634262084961 -27.034292221069336
v 0.3826834261417447 12.380009651184082 -26.308860778808594
v 0.38268342614174455 14.007528305053711 -25.479598999023438
v 0.38268342614174433 15.579764366149902 -24.549779891967773
v 0.3826834261417441 17.09051513671875 -23.523075103759766
v 0.3826834261417439 18.533817291259766 -22.403535842895508
v 0.3826834261417436 19.903974533081055 -21.195579528808594
v 0.38268342614174333 21.195579528808594 -19.903974533081055
v 0.382683426141743 22.403535842895508 -18.533817291259766
v 0.38268342614174267 23.523075103759766 -17.09051513671875
v 0.38268342614174233 24.549779891967773 -15.579764366149902
v 0.382683426141742 25.479598999023438 -14.007528305053711
v 0.38268342614174167 26.308860778808594 -12.380009651184082
v 0.3826834261417413 27.034292221069336 -10.703634262084961
v 0.3826834261417409 27.653034210205078 -8.985014915466309
v 0.3826834261417405 28.162641525268555 -7.2309370040893555
v 0.3826834261417401 28.56110191345215 -5.44832181930542
v 0.3826834261417397 28.846845626831055 -3.6442041397094727
v 0.3826834261417393 29.01874542236328 -1.8257046937942505
v 0.3826834261417389 29.076120376586914 -1.6954260904555482e-15
v 0.3826834261417385 29.01874542236328 1.8257046937942505
v 0.38268342614173806 28.846845626831055 3.6442041397094727
v 0.38268342614173767 28.56110191345215 5.44832181930542
v 0.3826834261417373 28.162641525268555 7.2309370040893555
v 0.3826834261417369 27.653034210205078 8.985014915466309
v 0.3826834261417365 27.034292221069336 10.703634262084961
v 0.3826834261417361 26.308860778808594 12.380009651184082
v 0.3826834261417358 25.479598999023438 14.007528305053711
v 0.38268342614173545 24.549779891967773 15.579764366149902
v 0.3826834261417351 23.523075103759766 17.09051513671875
v 0.3826834261417348 22.403535842895508 18.533817291259766
v 0.38268342614173445 21.195579528808594 19.903974533081055
v 0.3826834261417342 19.903974533081055 21.195579528808594
v 0.3826834261417339 18.533817291259766 22.403535842895508
v 0.3826834261417337 17.09051513671875 23.523075103759766
v 0.38268342614173345 15.579764366149902 24.549779891967773
v 0.38268342614173323 14.007528305053711 25.479598999023438
v 0.38268342614173306 12.380009651184082 26.308860778808594
v 0.3826834261417329 10.703634262084961 27.034292221069336
v 0.38268342614173273 8.985014915466309 27.653034210205078
v 0.3826834261417326 7.2309370040893555 28.162641525268555
v 0.38268342614173256 5.44832181930542 28.56110191345215
v 0.3826834261417325 3.6442041397094727 28.846845626831055
v 0.38268342614173245 1.8257046937942505 29.01874542236328
v 0.38268342614173245 3.560797761249096e-15 29.076120376586914
v 0.38268342614173245 -1.8257046937942505 29.01874542236328
v 0.3826834261417325 -3.6442041397094727 28.846845626831055
v 0.38268342614173256 -5.44832181930542 28.56110191345215
v 0.3826834261417326 -7.2309370040893555 28.162641525268555
v 0.38268342614173273 -8.985014915466309 27.653034210205078
v 0.3826834261417329 -10.703634262084961 27.034292221069336
v 0.38268342614173306 -12.380009651184082 26.308860778808594
v 0.38268342614173323 -14.007528305053711 25.479598999023438
v 0.38268342614173345 -15.579764366149902 24.549779891967773
v 0.3826834261417337 -17.09051513671875 23.523075103759766
v 0.3826834261417339 -18.533817291259766 22.403535842895508
v 0.3826834261417342 -19.903974533081055 21.195579528808594
v 0.38268342614173445 -21.195579528808594 19.903974533081055
v 0.3826834261417348 -22.403535842895508 18.533817291259766
v 0.3826834261417351 -23.523075103759766 17.09051513671875
v 0.38268342614173545 -24.549779891967773 15.579764366149902
v 0.3826834261417358 -25.479598999023438 14.007528305053711
v 0.3826834261417361 -26.308860778808594 12.380009651184082
v 0.3826834261417365 -27.034292221069336 10.703634262084961
v 0.3826834261417369 -27.653034210205078 8.985014915466309
v 0.3826834261417373 -28.162641525268555 7.2309370040893555
v 0.38268342614173767 -28.56110191345215 5.44832181930542
v 0.38268342614173806 -28.846845626831055 3.6442041397094727
v 0.3826834261417385 -29.01874542236328 1.8257046937942505
v 0.3826834261417389 -29.076120376586914 5.426169432042644e-15
v 0.3826834261417393 -29.01874542236328 -1.8257046937942505
v 0.3826834261417397 -28.846845626831055 -3.6442041397094727
v 0.3826834261417401 -28.56110191345215 -5.44832181930542
v 0.3826834261417405 -28.162641525268555 -7.2309370040893555
v 0.3826834261417409 -27.653034210205078 -8.985014915466309
v 0.3826834261417413 -27.034292221069336 -10.703634262084961
v 0.38268342614174167 -26.308860778808594 -12.380009651184082
v 0.382683426141742 -25.479598999023438 -14.007528305053711
v 0.38268342614174233 -24.549779891967773 -15.579764366149902
v 0.38268342614174267 -23.523075103759766 -17.09051513671875
v 0.382683426141743 -22.403535842895508 -18.533817291259766
v 0.38268342614174333 -21.195579528808594 -19.903974533081055
v 0.3826834261417436 -19.903974533081055 -21.195579528808594
v 0.3826834261417439 -18.533817291259766 -22.403535842895508
v 0.3826834261417441 -17.09051513671875 -23.523075103759766
v 0.38268342614174433 -15.579764366149902 -24.549779891967773
v 0.38268342614174455 -14.007528305053711 -25.479598999023438
v 0.3826834261417447 -12.380009651184082 -26.308860778808594
v 0.3826834261417449 -10.703634262084961 -27.034292221069336
v 0.38268342614174505 -8.985014915466309 -27.653034210205078
v 0.38268342614174516 -7.2309370040893555 -28.162641525268555
v 0.3826834261417452 -5.44832181930542 -28.56110191345215
v 0.3826834261417453 -3.6442041397094727 -28.846845626831055
v 0.38268342614174533 -1.8257046937942505 -29.01874542236328
v 0.38268342614174533 -7.121595522498192e-15 -29.076120376586914
v 6.561758228084425e-15 0 -29
v 6.549051886842663e-15 1.8209251165390015 -28.94277572631836
v 6.510982414544792e-15 3.6346638202667236 -28.771326065063477
v 6.447700583055423e-15 5.43405818939209 -28.486330032348633
v 6.359455843577523e-15 7.212006568908691 -28.088911056518555
v 6.2465967501688864e-15 8.961492538452148 -27.580638885498047
v 6.1095684186432956e-15 10.675612449645996 -26.963518142700195
v 5.9489116795375725e-15 12.347599029541016 -26.2399845123291
v 5.765260537012737e-15 13.970856666564941 -25.412893295288086
v 5.559340051271638e-15 15.538976669311523 -24.485509872436523
v 5.331962526910694e-15 17.045772552490234 -23.46149253845215
v 5.084025818853993e-15 18.48529624938965 -22.344884872436523
v 4.816507826639141e-15 19.851865768432617 -21.140090942382812
v 4.53046437683489e-15 21.140090942382812 -19.851865768432617
v 4.227024987876404e-15 22.344884872436523 -18.48529624938965
v 3.907386517318153e-15 23.46149253845215 -17.045772552490234
v 3.572810620735073e-15 24.485509872436523 -15.538976669311523
v 3.224618034250169e-15 25.412893295288086 -13.970856666564941
v 2.8641824335456516e-15 26.2399845123291 -12.347599029541016
v 2.4929268339729077e-15 26.963518142700195 -10.675612449645996
v 2.11231575549774e-15 27.580638885498047 -8.961492538452148
v 1.7238518345685778e-15 28.088911056518555 -7.212006568908691
v 1.3290679890617143e-15 28.486330032348633 -5.43405818939209
v 9.295221772649464e-16 28.771326065063477 -3.6346638202667236
v 5.26791283358486e-16 28.94277572631836 -1.8209251165390015
v 1.2246468525851718e-16 29 -1.7757378700740444e-15
v -2.818619128414524e-16 28.94277572631836 1.8209251165390015
v -6.845928067479129e-16 28.771326065063477 3.6346638202667236
v -1.0841386185446808e-15 28.486330032348633 5.43405818939209
v -1.4789224640515442e-15 28.088911056518555 7.212006568908691
v -1.8673863849807065e-15 27.580638885498047 8.961492538452148
v -2.247997463455874e-15 26.963518142700195 10.675612449645996
v -2.619253063028618e-15 26.2399845123291 12.347599029541016
v -2.9796886637331355e-15 25.412893295288086 13.970856666564941
v -3.3278812502180393e-15 24.485509872436523 15.538976669311523
v -3.66245714680112e-15 23.46149253845215 17.045772552490234
v -3.982095617359371e-15 22.344884872436523 18.48529624938965
v -4.285535006317857e-15 21.140090942382812 19.851865768432617
v -4.571578456122108e-15 19.851865768432617 21.140090942382812
v -4.83909644833696e-15 18.48529624938965 22.344884872436523
v -5.0870331563936604e-15 17.045772552490234 23.46149253845215
v -5.314410680754605e-15 15.538976669311523 24.485509872436523
v -5.520331166495703e-15 13.970856666564941 25.412893295288086
v -5.703982309020539e-15 12.347599029541016 26.2399845123291
v -5.864639048126262e-15 10.675612449645996 26.963518142700195
v -6.001667379651853e-15 8.961492538452148 27.580638885498047
v -6.1145264730604894e-15 7.212006568908691 28.088911056518555
v -6.20277121253839e-15 5.43405818939209 28.486330032348633
v -6.2660530440277585e-15 3.6346638202667236 28.771326065063477
v -6.304122516325629e-15 1.8209251165390015 28.94277572631836
v -6.316828857567391e-15 3.5514757401480888e-15 29
v -6.304122516325629e-15 -1.8209251165390015 28.94277572631836
v -6.2660530440277585e-15 -3.6346638202667236 28.771326065063477
v -6.20277121253839e-15 -5.43405818939209 28.486330032348633
v -6.1145264730604894e-15 -7.212006568908691 28.088911056518555
v -6.001667379651853e-15 -8.961492538452148 27.580638885498047
v -5.864639048126262e-15 -10.675612449645996 26.963518142700195
v -5.703982309020539e-15 -12.347599029541016 26.2399845123291
v -5.520331166495703e-15 -13.970856666564941 25.412893295288086
v -5.314410680754605e-15 -15.538976669311523 24.485509872436523
v -5.0870331563936604e-15 -17.045772552490234 23.46149253845215
v -4.83909644833696e-15 -18.48529624938965 22.344884872436523
v -4.571578456122108e-15 -19.851865768432617 21.140090942382812
v -4.285535006317857e-15 -21.140090942382812 19.851865768432617
v -3.982095617359371e-15 -22.344884872436523 18.48529624938965
v -3.66245714680112e-15 -23.46149253845215 17.045772552490234
v -3.3278812502180393e-15 -24.485509872436523 15.538976669311523
v -2.9796886637331355e-15 -25.412893295288086 13.970856666564941
v -2.619253063028618e-15 -26.2399845123291 12.347599029541016
v -2.247997463455874e-15 -26.963518142700195 10.675612449645996
v -1.8673863849807065e-15 -27.580638885498047 8.961492538452148
v -1.4789224640515442e-15 -28.088911056518555 7.212006568908691
v -1.0841386185446808e-15 -28.486330032348633 5.43405818939209
v -6.845928067479129e-16 -28.771326065063477 3.6346638202667236
v -2.818619128414524e-16 -28.94277572631836 1.8209251165390015
v 1.224646852585156e-16 -29 5.327213398463896e-15
v 5.26791283358486e-16 -28.94277572631836 -1.8209251165390015
v 9.295221772649464e-16 -28.771326065063477 -3.6346638202667236
v 1.3290679890617143e-15 -28.486330032348633 -5.43405818939209
v 1.7238518345685778e-15 -28.088911056518555 -7.212006568908691
v 2.11231575549774e-15 -27.580638885498047 -8.961492538452148
v 2.4929268339729077e-15 -26.963518142700195 -10.675612449645996
v 2.8641824335456516e-15 -26.2399845123291 -12.347599029541016
v 3.224618034250169e-15 -25.412893295288086 -13.970856666564941
v 3.572810620735073e-15 -24.485509872436523 -15.538976669311523
v 3.907386517318153e-15 -23.46149253845215 -17.045772552490234
v 4.227024987876404e-15 -22.344884872436523 -18.48529624938965
v 4.53046437683489e-15 -21.140090942382812 -19.851865768432617
v 4.816507826639141e-15 -19.851865768432617 -21.140090942382812
v 5.084025818853993e-15 -18.48529624938965 -22.344884872436523
v 5.331962526910694e-15 -17.045772552490234 -23.46149253845215
v 5.559340051271638e-15 -15.538976669311523 -24.485509872436523
v 5.765260537012737e-15 -13.970856666564941 -25.412893295288086
v 5.9489116795375725e-15 -12.347599029541016 -26.2399845123291
v 6.1095684186432956e-15 -10.675612449645996 -26.963518142700195
v 6.2465967501688864e-15 -8.961492538452148 -27.580638885498047
v 6.359455843577523e-15 -7.212006568908691 -28.088911056518555
v 6.447700583055423e-15 -5.43405818939209 -28.486330032348633
v 6.510982414544792e-15 -3.6346638202667236 -28.771326065063477
v 6.549051886842663e-15 -1.8209251165390015 -28.94277572631836
v 6.561758228084425e-15 -7.1029514802961775e-15 -29
v -0.38268342614173245 0 -29.076120376586914
v -0.38268342614173245 1.8257046937942505 -29.01874542236328
v -0.3826834261417325 3.6442041397094727 -28.846845626831055
v -0.38268342614173256 5.44832181930542 -28.56110191345215
v -0.3826834261417326 7.2309370040893555 -28.162641525268555
v -0.38268342614173273 8.985014915466309 -27.653034210205078
v -0.3826834261417329 10.703634262084961 -27.034292221069336
v -0.38268342614173306 12.380009651184082 -26.308860778808594
v -0.38268342614173323 14.007528305053711 -25.479598999023438
v -0.38268342614173345 15.579764366149902 -24.549779891967773
v -0.3826834261417337 17.09051513671875 -23.523075103759766
v -0.3826834261417339 18.533817291259766 -22.403535842895508
v -0.3826834261417342 19.903974533081055 -21.195579528808594
v -0.38268342614173445 21.195579528808594 -19.903974533081055
v -0.3826834261417348 22.403535842895508 -18.533817291259766
v -0.3826834261417351 23.523075103759766 -17.09051513671875
v -0.38268342614173545 24.549779891967773 -15.579764366149902
v -0.3826834261417358 25.479598999023438 -14.007528305053711
v -0.3826834261417361 26.308860778808594 -12.380009651184082
v -0.3826834261417365 27.034292221069336 -10.703634262084961
v -0.3826834261417369 27.653034210205078 -8.985014915466309
v -0.3826834261417373 28.162641525268555 -7.2309370040893555
v -0.38268342614173767 28.56110191345215 -5.44832181930542
v -0.38268342614173806 28.846845626831055 -3.6442041397094727
v -0.3826834261417385 29.01874542236328 -1.8257046937942505
v -0.3826834261417389 29.076120376586914 -1.8653716707935478e-15
v -0.3826834261417393 29.01874542236328 1.8257046937942505
v -0.3826834261417397 28.846845626831055 3.6442041397094727
v -0.3826834261417401 28.56110191345215 5.44832181930542
v -0.3826834261417405 28.162641525268555 7.2309370040893555
v -0.3826834261417409 27.653034210205078 8.985014915466309
v -0.3826834261417413 27.034292221069336 10.703634262084961
v -0.38268342614174167 26.308860778808594 12.380009651184082
v -0.382683426141742 25.479598999023438 14.007528305053711
v -0.38268342614174233 24.549779891967773 15.579764366149902
v -0.38268342614174267 23.523075103759766 17.09051513671875
v -0.382683426141743 22.403535842895508 18.533817291259766
v -0.38268342614174333 21.195579528808594 19.903974533081055
v -0.3826834261417436 19.903974533081055 21.195579528808594
v -0.3826834261417439 18.533817291259766 22.403535842895508
v -0.3826834261417441 17.09051513671875 23.523075103759766
v -0.38268342614174433 15.579764366149902 24.549779891967773
v -0.38268342614174455 14.007528305053711 25.479598999023438
v -0.3826834261417447 12.380009651184082 26.308860778808594
v -0.3826834261417449 10.703634262084961 27.034292221069336
v -0.38268342614174505 8.985014915466309 27.653034210205078
v -0.38268342614174516 7.2309370040893555 28.162641525268555
v -0.3826834261417452 5.44832181930542 28.56110191345215
v -0.3826834261417453 3.6442041397094727 28.846845626831055
v -0.38268342614174533 1.8257046937942505 29.01874542236328
v -0.38268342614174533 3.560797761249096e-15 29.076120376586914
v -0.38268342614174533 -1.8257046937942505 29.01874542236328
v -0.3826834261417453 -3.6442041397094727 28.846845626831055
v -0.3826834261417452 -5.44832181930542 28.56110191345215
v -0.38268342614174516 -7.2309370040893555 28.162641525268555
v -0.38268342614174505 -8.985014915466309 27.653034210205078
v -0.3826834261417449 -10.703634262084961 27.034292221069336
v -0.3826834261417447 -12.380009651184082 26.308860778808594
v -0.38268342614174455 -14.007528305053711 25.479598999023438
v -0.38268342614174433 -15.579764366149902 24.549779891967773
v -0.3826834261417441 -17.09051513671875 23.523075103759766
v -0.3826834261417439 -18.533817291259766 22.403535842895508
v -0.3826834261417436 -19.903974533081055 21.195579528808594
v -0.38268342614174333 -21.195579528808594 19.903974533081055
v -0.382683426141743 -22.403535842895508 18.533817291259766
v -0.38268342614174267 -23.523075103759766 17.09051513671875
v -0.38268342614174233 -24.549779891967773 15.579764366149902
v -0.382683426141742 -25.479598999023438 14.007528305053711
v -0.38268342614174167 -26.308860778808594 12.380009651184082
v -0.3826834261417413 -27.034292221069336 10.703634262084961
v -0.3826834261417409 -27.653034210205078 8.985014915466309
v -0.3826834261417405 -28.162641525268555 7.2309370040893555
v -0.3826834261417401 -28.56110191345215 5.44832181930542
v -0.3826834261417397 -28.846845626831055 3.6442041397094727
v -0.3826834261417393 -29.01874542236328 1.8257046937942505
v -0.3826834261417389 -29.076120376586914 5.256223851704644e-15
v -0.3826834261417385 -29.01874542236328 -1.8257046937942505
v -0.38268342614173806 -28.846845626831055 -3.6442041397094727
v -0.38268342614173767 -28.56110191345215 -5.44832181930542
v -0.3826834261417373 -28.162641525268555 -7.2309370040893555
v -0.3826834261417369 -27.653034210205078 -8.985014915466309
v -0.3826834261417365 -27.034292221069336 -10.703634262084961
v -0.3826834261417361 -26.308860778808594 -12.380009651184082
v -0.3826834261417358 -25.479598999023438 -14.007528305053711
v -0.38268342614173545 -24.549779891967773 -15.579764366149902
v -0.3826834261417351 -23.523075103759766 -17.09051513671875
v -0.3826834261417348 -22.403535842895508 -18.533817291259766
v -0.38268342614173445 -21.195579528808594 -19.903974533081055
v -0.3826834261417342 -19.903974533081055 -21.195579528808594
v -0.3826834261417339 -18.533817291259766 -22.403535842895508
v -0.3826834261417337 -17.09051513671875 -23.523075103759766
v -0.38268342614173345 -15.579764366149902 -24.549779891967773
v -0.38268342614173323 -14.007528305053711 -25.479598999023438
v -0.38268342614173306 -12.380009651184082 -26.308860778808594
v -0.3826834261417329 -10.703634262084961 -27.034292221069336
v -0.38268342614173273 -8.985014915466309 -27.653034210205078
v -0.3826834261417326 -7.2309370040893555 -28.162641525268555
v -0.38268342614173256 -5.44832181930542 -28.56110191345215
v -0.3826834261417325 -3.6442041397094727 -28.846845626831055
v -0.38268342614173245 -1.8257046937942505 -29.01874542236328
v -0.38268342614173245 -7.121595522498192e-15 -29.076120376586914
v -0.7071067690849239 0 -29.292892456054688
v -0.707106769084924 1.8393160104751587 -29.235090255737305
v -0.707106769084924 3.671373128890991 -29.06191062927246
v -0.707106769084924 5.488940715789795 -28.774036407470703
v -0.7071067690849241 7.284846305847168 -28.372602462768555
v -0.7071067690849242 9.052001953125 -27.85919761657715
v -0.7071067690849244 10.783432960510254 -27.235843658447266
v -0.7071067690849245 12.472307205200195 -26.505002975463867
v -0.7071067690849248 14.111958503723145 -25.669557571411133
v -0.707106769084925 15.695917129516602 -24.732807159423828
v -0.7071067690849252 17.21792984008789 -23.698448181152344
v -0.7071067690849254 18.671993255615234 -22.5705623626709
v -0.7071067690849256 20.052364349365234 -21.353599548339844
v -0.707106769084926 21.353599548339844 -20.052364349365234
v -0.7071067690849263 22.5705623626709 -18.671993255615234
v -0.7071067690849266 23.698448181152344 -17.21792984008789
v -0.707106769084927 24.732807159423828 -15.695917129516602
v -0.7071067690849273 25.669557571411133 -14.111958503723145
v -0.7071067690849276 26.505002975463867 -12.472307205200195
v -0.707106769084928 27.235843658447266 -10.783432960510254
v -0.7071067690849284 27.85919761657715 -9.052001953125
v -0.7071067690849288 28.372602462768555 -7.284846305847168
v -0.7071067690849292 28.774036407470703 -5.488940715789795
v -0.7071067690849296 29.06191062927246 -3.671373128890991
v -0.70710676908493 29.235090255737305 -1.839316010475159
v -0.7071067690849304 29.292892456054688 -1.9506815536057752e-15
v -0.7071067690849309 29.235090255737305 1.8393160104751585
v -0.7071067690849312 29.06191062927246 3.671373128890991
v -0.7071067690849316 28.774036407470703 5.488940715789795
v -0.7071067690849321 28.372602462768555 7.284846305847168
v -0.7071067690849324 27.85919761657715 9.052001953125
v -0.7071067690849329 27.235843658447266 10.783432960510254
v -0.7071067690849332 26.505002975463867 12.472307205200195
v -0.7071067690849335 25.669557571411133 14.111958503723145
v -0.7071067690849339 24.732807159423828 15.695917129516602
v -0.7071067690849342 23.698448181152344 17.21792984008789
v -0.7071067690849345 22.5705623626709 18.671993255615234
v -0.7071067690849349 21.353599548339844 20.052364349365234
v -0.7071067690849352 20.052364349365234 21.353599548339844
v -0.7071067690849354 18.671993255615234 22.5705623626709
v -0.7071067690849356 17.21792984008789 23.698448181152344
v -0.7071067690849359 15.695917129516602 24.732807159423828
v -0.7071067690849361 14.111958503723145 25.669557571411133
v -0.7071067690849363 12.472307205200195 26.505002975463867
v -0.7071067690849364 10.783432960510254 27.235843658447266
v -0.7071067690849366 9.052001953125 27.85919761657715
v -0.7071067690849367 7.284846305847168 28.372602462768555
v -0.7071067690849369 5.488940715789795 28.774036407470703
v -0.7071067690849369 3.671373128890991 29.06191062927246
v -0.7071067690849369 1.8393160104751587 29.235090255737305
v -0.707106769084937 3.587344620848993e-15 29.292892456054688
v -0.7071067690849369 -1.8393160104751587 29.235090255737305
v -0.7071067690849369 -3.671373128890991 29.06191062927246
v -0.7071067690849369 -5.488940715789795 28.774036407470703
v -0.7071067690849367 -7.284846305847168 28.372602462768555
v -0.7071067690849366 -9.052001953125 27.85919761657715
v -0.7071067690849364 -10.783432960510254 27.235843658447266
v -0.7071067690849363 -12.472307205200195 26.505002975463867
v -0.7071067690849361 -14.111958503723145 25.669557571411133
v -0.7071067690849359 -15.695917129516602 24.732807159423828
v -0.7071067690849356 -17.21792984008789 23.698448181152344
v -0.7071067690849354 -18.671993255615234 22.5705623626709
v -0.7071067690849352 -20.052364349365234 21.353599548339844
v -0.7071067690849349 -21.353599548339844 20.052364349365234
v -0.7071067690849345 -22.5705623626709 18.671993255615234
v -0.7071067690849342 -23.698448181152344 17.21792984008789
v -0.7071067690849339 -24.732807159423828 15.695917129516602
v -0.7071067690849335 -25.669557571411133 14.111958503723145
v -0.7071067690849332 -26.505002975463867 12.472307205200195
v -0.7071067690849329 -27.235843658447266 10.783432960510254
v -0.7071067690849324 -27.85919761657715 9.052001953125
v -0.7071067690849321 -28.372602462768555 7.284846305847168
v -0.7071067690849316 -28.774036407470703 5.488940715789795
v -0.7071067690849312 -29.06191062927246 3.671373128890991
v -0.7071067690849309 -29.235090255737305 1.8393160104751585
v -0.7071067690849304 -29.292892456054688 5.2240081116086844e-15
v -0.70710676908493 -29.235090255737305 -1.839316010475159
v -0.7071067690849296 -29.06191062927246 -3.671373128890991
v -0.7071067690849292 -28.774036407470703 -5.488940715789795
v -0.7071067690849288 -28.372602462768555 -7.284846305847168
v -0.7071067690849284 -27.85919761657715 -9.052001953125
v -0.707106769084928 -27.235843658447266 -10.783432960510254
v -0.7071067690849276 -26.505002975463867 -12.472307205200195
v -0.7071067690849273 -25.669557571411133 -14.111958503723145
v -0.707106769084927 -24.732807159423828 -15.695917129516602
v -0.7071067690849266 -23.698448181152344 -17.21792984008789
v -0.7071067690849263 -22.5705623626709 -18.671993255615234
v -0.707106769084926 -21.353599548339844 -20.052364349365234
v -0.7071067690849256 -20.052364349365234 -21.353599548339844
v -0.7071067690849254 -18.671993255615234 -22.5705623626709
v -0.7071067690849252 -17.21792984008789 -23.698448181152344
v -0.707106769084925 -15.695917129516602 -24.732807159423828
v -0.7071067690849248 -14.111958503723145 -25.669557571411133
v -0.7071067690849245 -12.472307205200195 -26.505002975463867
v -0.7071067690849244 -10.783432960510254 -27.235843658447266
v -0.7071067690849242 -9.052001953125 -27.85919761657715
v -0.7071067690849241 -7.284846305847168 -28.372602462768555
v -0.707106769084924 -5.488940715789795 -28.774036407470703
v -0.707106769084924 -3.671373128890991 -29.06191062927246
v -0.707106769084924 -1.8393160104751587 -29.235090255737305
v -0.7071067690849239 -7.174689241697986e-15 -29.292892456054688
v -0.9238795042037898 0 -29.61731719970703
v -0.9238795042037898 1.8596867322921753 -29.558874130249023
v -0.9238795042037898 3.712033987045288 -29.38377571105957
v -0.92387950420379 5.549731731414795 -29.09271240234375
v -0.9238795042037901 7.365527153015137 -28.68683433532715
v -0.9238795042037902 9.152254104614258 -28.167741775512695
v -0.9238795042037903 10.902861595153809 -27.537485122680664
v -0.9238795042037904 12.610440254211426 -26.79854965209961
v -0.9238795042037906 14.268251419067383 -25.9538516998291
v -0.9238795042037908 15.869751930236816 -25.00672721862793
v -0.9238795042037911 17.40862274169922 -23.960912704467773
v -0.9238795042037913 18.878787994384766 -22.820533752441406
v -0.9238795042037916 20.27444839477539 -21.59009552001953
v -0.9238795042037918 21.59009552001953 -20.27444839477539
v -0.9238795042037922 22.820533752441406 -18.878787994384766
v -0.9238795042037925 23.960912704467773 -17.40862274169922
v -0.9238795042037928 25.00672721862793 -15.869751930236816
v -0.9238795042037932 25.9538516998291 -14.268251419067383
v -0.9238795042037936 26.79854965209961 -12.610440254211426
v -0.9238795042037939 27.537485122680664 -10.902861595153809
v -0.9238795042037944 28.167741775512695 -9.152254104614258
v -0.9238795042037947 28.68683433532715 -7.365527153015137
v -0.9238795042037952 29.09271240234375 -5.549731731414795
v -0.9238795042037956 29.38377571105957 -3.712033987045288
v -0.9238795042037959 29.558874130249023 -1.8596867322921755
v -0.9238795042037964 29.61731719970703 -2.0186800218874806e-15
v -0.9238795042037968 29.558874130249023 1.859686732292175
v -0.9238795042037972 29.38377571105957 3.712033987045288
v -0.9238795042037976 29.09271240234375 5.549731731414795
v -0.923879504203798 28.68683433532715 7.365527153015137
v -0.9238795042037984 28.167741775512695 9.152254104614258
v -0.9238795042037988 27.537485122680664 10.902861595153809
v -0.9238795042037992 26.79854965209961 12.610440254211426
v -0.9238795042037996 25.9538516998291 14.268251419067383
v -0.9238795042037999 25.00672721862793 15.869751930236816
v -0.9238795042038003 23.960912704467773 17.40862274169922
v -0.9238795042038006 22.820533752441406 18.878787994384766
v -0.9238795042038009 21.59009552001953 20.27444839477539
v -0.9238795042038012 20.27444839477539 21.59009552001953
v -0.9238795042038015 18.878787994384766 22.820533752441406
v -0.9238795042038017 17.40862274169922 23.960912704467773
v -0.9238795042038019 15.869751930236816 25.00672721862793
v -0.9238795042038022 14.268251419067383 25.9538516998291
v -0.9238795042038024 12.610440254211426 26.79854965209961
v -0.9238795042038025 10.902861595153809 27.537485122680664
v -0.9238795042038026 9.152254104614258 28.167741775512695
v -0.9238795042038027 7.365527153015137 28.68683433532715
v -0.9238795042038028 5.549731731414795 29.09271240234375
v -0.9238795042038029 3.712033987045288 29.38377571105957
v -0.9238795042038029 1.8596867322921753 29.558874130249023
v -0.9238795042038029 3.6270751247564296e-15 29.61731719970703
v -0.9238795042038029 -1.8596867322921753 29.558874130249023
v -0.9238795042038029 -3.712033987045288 29.38377571105957
v -0.9238795042038028 -5.549731731414795 29.09271240234375
v -0.9238795042038027 -7.365527153015137 28.68683433532715
v -0.9238795042038026 -9.152254104614258 28.167741775512695
v -0.9238795042038025 -10.902861595153809 27.537485122680664
v -0.9238795042038024 -12.610440254211426 26.79854965209961
v -0.9238795042038022 -14.268251419067383 25.9538516998291
v -0.9238795042038019 -15.869751930236816 25.00672721862793
v -0.9238795042038017 -17.40862274169922 23.960912704467773
v -0.9238795042038015 -18.878787994384766 22.820533752441406
v -0.9238795042038012 -20.27444839477539 21.59009552001953
v -0.9238795042038009 -21.59009552001953 20.27444839477539
v -0.9238795042038006 -22.820533752441406 18.878787994384766
v -0.9238795042038003 -23.960912704467773 17.40862274169922
v -0.9238795042037999 -25.00672721862793 15.869751930236816
v -0.9238795042037996 -25.9538516998291 14.268251419067383
v -0.9238795042037992 -26.79854965209961 12.610440254211426
v -0.9238795042037988 -27.537485122680664 10.902861595153809
v -0.9238795042037984 -28.167741775512695 9.152254104614258
v -0.923879504203798 -28.68683433532715 7.365527153015137
v -0.9238795042037976 -29.09271240234375 5.549731731414795
v -0.9238795042037972 -29.38377571105957 3.712033987045288
v -0.9238795042037968 -29.558874130249023 1.859686732292175
v -0.9238795042037964 -29.61731719970703 5.2354704393836154e-15
v -0.9238795042037959 -29.558874130249023 -1.8596867322921755
v -0.9238795042037956 -29.38377571105957 -3.712033987045288
v -0.9238795042037952 -29.09271240234375 -5.549731731414795
v -0.9238795042037947 -28.68683433532715 -7.365527153015137
v -0.9238795042037944 -28.167741775512695 -9.152254104614258
v -0.9238795042037939 -27.537485122680664 -10.902861595153809
v -0.9238795042037936 -26.79854965209961 -12.610440254211426
v -0.9238795042037932 -25.9538516998291 -14.268251419067383
v -0.9238795042037928 -25.00672721862793 -15.869751930236816
v -0.9238795042037925 -23.960912704467773 -17.40862274169922
v -0.9238795042037922 -22.820533752441406 -18.878787994384766
v -0.9238795042037918 -21.59009552001953 -20.27444839477539
v -0.9238795042037916 -20.27444839477539 -21.59009552001953
v -0.9238795042037913 -18.878787994384766 -22.820533752441406
v -0.9238795042037911 -17.40862274169922 -23.960912704467773
v -0.9238795042037908 -15.869751930236816 -25.00672721862793
v -0.9238795042037906 -14.268251419067383 -25.9538516998291
v -0.9238795042037904 -12.610440254211426 -26.79854965209961
v -0.9238795042037903 -10.902861595153809 -27.537485122680664
v -0.9238795042037902 -9.152254104614258 -28.167741775512695
v -0.9238795042037901 -7.365527153015137 -28.68683433532715
v -0.92387950420379 -5.549731731414795 -29.09271240234375
v -0.9238795042037898 -3.712033987045288 -29.38377571105957
v -0.9238795042037898 -1.8596867322921753 -29.558874130249023
v -0.9238795042037898 -7.254150249512859e-15 -29.61731719970703
v -0.9999999999999933 0 -30
v -0.9999999999999933 1.8837156295776367 -29.9408016204834
v -0.9999999999999933 3.7599968910217285 -29.76344108581543
v -0.9999999999999934 5.621439456939697 -29.468618392944336
v -0.9999999999999936 7.460696697235107 -29.0574951171875
v -0.9999999999999937 9.270509719848633 -28.531696319580078
v -0.9999999999999938 11.043736457824707 -27.893295288085938
v -0.999999999999994 12.773378372192383 -27.144811630249023
v -0.9999999999999941 14.45261001586914 -26.289199829101562
v -0.9999999999999943 16.074804306030273 -25.329837799072266
v -0.9999999999999946 17.63355827331543 -24.270509719848633
v -0.9999999999999949 19.122718811035156 -23.11539649963379
v -0.9999999999999951 20.536413192749023 -21.86905860900879
v -0.9999999999999954 21.86905860900879 -20.536413192749023
v -0.9999999999999958 23.11539649963379 -19.122718811035156
v -0.9999999999999961 24.270509719848633 -17.63355827331543
v -0.9999999999999964 25.329837799072266 -16.074804306030273
v -0.9999999999999968 26.289199829101562 -14.45261001586914
v -0.9999999999999971 27.144811630249023 -12.773378372192383
v -0.9999999999999976 27.893295288085938 -11.043736457824707
v -0.9999999999999979 28.531696319580078 -9.270509719848633
v -0.9999999999999983 29.0574951171875 -7.460696697235107
v -0.9999999999999988 29.468618392944336 -5.621439456939697
v -0.9999999999999991 29.76344108581543 -3.7599968910217285
v -0.9999999999999996 29.9408016204834 -1.883715629577637
v -1 30 -2.059014698514326e-15
v -1.0000000000000004 29.9408016204834 1.8837156295776365
v -1.0000000000000009 29.76344108581543 3.7599968910217285
v -1.0000000000000013 29.468618392944336 5.621439456939697
v -1.0000000000000016 29.0574951171875 7.460696697235107
v -1.000000000000002 28.531696319580078 9.270509719848633
v -1.0000000000000024 27.893295288085938 11.043736457824707
v -1.0000000000000029 27.144811630249023 12.773378372192383
v -1.000000000000003 26.289199829101562 14.45261001586914
v -1.0000000000000036 25.329837799072266 16.074804306030273
v -1.000000000000004 24.270509719848633 17.63355827331543
v -1.0000000000000042 23.11539649963379 19.122718811035156
v -1.0000000000000047 21.86905860900879 20.536413192749023
v -1.0000000000000049 20.536413192749023 21.86905860900879
v -1.000000000000005 19.122718811035156 23.11539649963379
v -1.0000000000000053 17.63355827331543 24.270509719848633
v -1.0000000000000056 16.074804306030273 25.329837799072266
v -1.0000000000000058 14.45261001586914 26.289199829101562
v -1.000000000000006 12.773378372192383 27.144811630249023
v -1.0000000000000062 11.043736457824707 27.893295288085938
v -1.0000000000000064 9.270509719848633 28.531696319580078
v -1.0000000000000064 7.460696697235107 29.0574951171875
v -1.0000000000000064 5.621439456939697 29.468618392944336
v -1.0000000000000067 3.7599968910217285 29.76344108581543
v -1.0000000000000067 1.8837156295776367 29.9408016204834
v -1.0000000000000067 3.673940187178589e-15 30
v -1.0000000000000067 -1.8837156295776367 29.9408016204834
v -1.0000000000000067 -3.7599968910217285 29.76344108581543
v -1.0000000000000064 -5.621439456939697 29.468618392944336
v -1.0000000000000064 -7.460696697235107 29.0574951171875
v -1.0000000000000064 -9.270509719848633 28.531696319580078
v -1.0000000000000062 -11.043736457824707 27.893295288085938
v -1.000000000000006 -12.773378372192383 27.144811630249023
v -1.0000000000000058 -14.45261001586914 26.289199829101562
v -1.0000000000000056 -16.074804306030273 25.329837799072266
v -1.0000000000000053 -17.63355827331543 24.270509719848633
v -1.000000000000005 -19.122718811035156 23.11539649963379
v -1.0000000000000049 -20.536413192749023 21.86905860900879
v -1.0000000000000047 -21.86905860900879 20.536413192749023
v -1.0000000000000042 -23.11539649963379 19.122718811035156
v -1.000000000000004 -24.270509719848633 17.63355827331543
v -1.0000000000000036 -25.329837799072266 16.074804306030273
v -1.000000000000003 -26.289199829101562 14.45261001586914
v -1.0000000000000029 -27.144811630249023 12.773378372192383
v -1.0000000000000024 -27.893295288085938 11.043736457824707
v -1.000000000000002 -28.531696319580078 9.270509719848633
v -1.0000000000000016 -29.0574951171875 7.460696697235107
v -1.0000000000000013 -29.468618392944336 5.621439456939697
v -1.0000000000000009 -29.76344108581543 3.7599968910217285
v -1.0000000000000004 -29.9408016204834 1.8837156295776365
v -1 -30 5.288866099359326e-15
v -0.9999999999999996 -29.9408016204834 -1.883715629577637
v -0.9999999999999991 -29.76344108581543 -3.7599968910217285
v -0.9999999999999988 -29.468618392944336 -5.621439456939697
v -0.9999999999999983 -29.0574951171875 -7.460696697235107
v -0.9999999999999979 -28.531696319580078 -9.270509719848633
v -0.9999999999999976 -27.893295288085938 -11.043736457824707
v -0.9999999999999971 -27.144811630249023 -12.773378372192383
v -0.9999999999999968 -26.289199829101562 -14.45261001586914
v -0.9999999999999964 -25.329837799072266 -16.074804306030273
v -0.9999999999999961 -24.270509719848633 -17.63355827331543
v -0.9999999999999958 -23.11539649963379 -19.122718811035156
v -0.9999999999999954 -21.86905860900879 -20.536413192749023
v -0.9999999999999951 -20.536413192749023 -21.86905860900879
v -0.9999999999999949 -19.122718811035156 -23.11539649963379
v -0.9999999999999946 -17.63355827331543 -24.270509719848633
v -0.9999999999999943 -16.074804306030273 -25.329837799072266
v -0.9999999999999941 -14.45261001586914 -26.289199829101562
v -0.999999999999994 -12.773378372192383 -27.144811630249023
v -0.9999999999999938 -11.043736457824707 -27.893295288085938
v -0.9999999999999937 -9.270509719848633 -28.531696319580078
v -0.9999999999999936 -7.460696697235107 -29.0574951171875
v -0.9999999999999934 -5.621439456939697 -29.468618392944336
v -0.9999999999999933 -3.7599968910217285 -29.76344108581543
v -0.9999999999999933 -1.8837156295776367 -29.9408016204834
v -0.9999999999999933 -7.347880374357178e-15 -30
v -0.9238795042037896 0 -30.38268280029297
v -0.9238795042037896 1.9077445268630981 -30.322731018066406
v -0.9238795042037897 3.807960033416748 -30.14310646057129
v -0.9238795042037897 5.6931471824646 -29.84452247619629
v -0.9238795042037898 7.555866241455078 -29.42815589904785
v -0.92387950420379 9.388765335083008 -28.895648956298828
v -0.9238795042037902 11.184611320495605 -28.24910545349121
v -0.9238795042037903 12.936317443847656 -27.491073608398438
v -0.9238795042037905 14.636969566345215 -26.624547958374023
v -0.9238795042037907 16.279855728149414 -25.6529483795166
v -0.923879504203791 17.85849380493164 -24.580106735229492
v -0.9238795042037912 19.36665153503418 -23.410259246826172
v -0.9238795042037915 20.798377990722656 -22.14802360534668
v -0.9238795042037917 22.14802360534668 -20.798377990722656
v -0.9238795042037921 23.410259246826172 -19.36665153503418
v -0.9238795042037924 24.580106735229492 -17.85849380493164
v -0.9238795042037927 25.6529483795166 -16.279855728149414
v -0.9238795042037932 26.624547958374023 -14.636969566345215
v -0.9238795042037935 27.491073608398438 -12.936317443847656
v -0.9238795042037939 28.24910545349121 -11.184611320495605
v -0.9238795042037943 28.895648956298828 -9.388765335083008
v -0.9238795042037947 29.42815589904785 -7.555866241455078
v -0.9238795042037952 29.84452247619629 -5.6931471824646
v -0.9238795042037955 30.14310646057129 -3.807960033416748
v -0.9238795042037959 30.322731018066406 -1.9077445268630984
v -0.9238795042037964 30.38268280029297 -2.065545296067877e-15
v -0.9238795042037968 30.322731018066406 1.907744526863098
v -0.9238795042037973 30.14310646057129 3.807960033416748
v -0.9238795042037976 29.84452247619629 5.6931471824646
v -0.923879504203798 29.42815589904785 7.555866241455078
v -0.9238795042037985 28.895648956298828 9.388765335083008
v -0.9238795042037988 28.24910545349121 11.184611320495605
v -0.9238795042037993 27.491073608398438 12.936317443847656
v -0.9238795042037996 26.624547958374023 14.636969566345215
v -0.9238795042038 25.6529483795166 16.279855728149414
v -0.9238795042038004 24.580106735229492 17.85849380493164
v -0.9238795042038007 23.410259246826172 19.36665153503418
v -0.923879504203801 22.14802360534668 20.798377990722656
v -0.9238795042038013 20.798377990722656 22.14802360534668
v -0.9238795042038016 19.36665153503418 23.410259246826172
v -0.9238795042038018 17.85849380493164 24.580106735229492
v -0.923879504203802 16.279855728149414 25.6529483795166
v -0.9238795042038023 14.636969566345215 26.624547958374023
v -0.9238795042038025 12.936317443847656 27.491073608398438
v -0.9238795042038026 11.184611320495605 28.24910545349121
v -0.9238795042038028 9.388765335083008 28.895648956298828
v -0.9238795042038029 7.555866241455078 29.42815589904785
v -0.923879504203803 5.6931471824646 29.84452247619629
v -0.923879504203803 3.807960033416748 30.14310646057129
v -0.9238795042038032 1.9077445268630981 30.322731018066406
v -0.9238795042038032 3.720805673117222e-15 30.38268280029297
v -0.9238795042038032 -1.9077445268630981 30.322731018066406
v -0.923879504203803 -3.807960033416748 30.14310646057129
v -0.923879504203803 -5.6931471824646 29.84452247619629
v -0.9238795042038029 -7.555866241455078 29.42815589904785
v -0.9238795042038028 -9.388765335083008 28.895648956298828
v -0.9238795042038026 -11.184611320495605 28.24910545349121
v -0.9238795042038025 -12.936317443847656 27.491073608398438
v -0.9238795042038023 -14.636969566345215 26.624547958374023
v -0.923879504203802 -16.279855728149414 25.6529483795166
v -0.9238795042038018 -17.85849380493164 24.580106735229492
v -0.9238795042038016 -19.36665153503418 23.410259246826172
v -0.9238795042038013 -20.798377990722656 22.14802360534668
v -0.923879504203801 -22.14802360534668 20.798377990722656
v -0.9238795042038007 -23.410259246826172 19.36665153503418
v -0.9238795042038004 -24.580106735229492 17.85849380493164
v -0.9238795042038 -25.6529483795166 16.279855728149414
v -0.9238795042037996 -26.624547958374023 14.636969566345215
v -0.9238795042037993 -27.491073608398438 12.936317443847656
v -0.9238795042037988 -28.24910545349121 11.184611320495605
v -0.9238795042037985 -28.895648956298828 9.388765335083008
v -0.923879504203798 -29.42815589904785 7.555866241455078
v -0.9238795042037976 -29.84452247619629 5.6931471824646
v -0.9238795042037973 -30.14310646057129 3.807960033416748
v -0.9238795042037968 -30.322731018066406 1.907744526863098
v -0.9238795042037964 -30.38268280029297 5.376066050166568e-15
v -0.9238795042037959 -30.322731018066406 -1.9077445268630984
v -0.9238795042037955 -30.14310646057129 -3.807960033416748
v -0.9238795042037952 -29.84452247619629 -5.6931471824646
v -0.9238795042037947 -29.42815589904785 -7.555866241455078
v -0.9238795042037943 -28.895648956298828 -9.388765335083008
v -0.9238795042037939 -28.24910545349121 -11.184611320495605
v -0.9238795042037935 -27.491073608398438 -12.936317443847656
v -0.9238795042037932 -26.624547958374023 -14.636969566345215
v -0.9238795042037927 -25.6529483795166 -16.279855728149414
v -0.9238795042037924 -24.580106735229492 -17.85849380493164
v -0.9238795042037921 -23.410259246826172 -19.36665153503418
v -0.9238795042037917 -22.14802360534668 -20.798377990722656
v -0.9238795042037915 -20.798377990722656 -22.14802360534668
v -0.9238795042037912 -19.36665153503418 -23.410259246826172
v -0.923879504203791 -17.85849380493164 -24.580106735229492
v -0.9238795042037907 -16.279855728149414 -25.6529483795166
v -0.9238795042037905 -14.636969566345215 -26.624547958374023
v -0.9238795042037903 -12.936317443847656 -27.491073608398438
v -0.9238795042037902 -11.184611320495605 -28.24910545349121
v -0.92387950420379 -9.388765335083008 -28.895648956298828
v -0.9238795042037898 -7.555866241455078 -29.42815589904785
v -0.9238795042037897 -5.6931471824646 -29.84452247619629
v -0.9238795042037897 -3.807960033416748 -30.14310646057129
v -0.9238795042037896 -1.9077445268630981 -30.322731018066406
v -0.9238795042037896 -7.441611346234445e-15 -30.38268280029297
v -0.7071067690849236 0 -30.707107543945312
v -0.7071067690849236 1.9281151294708252 -30.646512985229492
v -0.7071067690849236 3.848620891571045 -30.4649715423584
v -0.7071067690849238 5.7539381980896 -30.16320037841797
v -0.7071067690849239 7.636547088623047 -29.742385864257812
v -0.707106769084924 9.489017486572266 -29.204193115234375
v -0.7071067690849241 11.30403995513916 -28.550745010375977
v -0.7071067690849242 13.074450492858887 -27.78462028503418
v -0.7071067690849244 14.793261528015137 -26.908842086791992
v -0.7071067690849246 16.453691482543945 -25.926868438720703
v -0.7071067690849249 18.049184799194336 -24.842571258544922
v -0.7071067690849252 19.57344627380371 -23.660232543945312
v -0.7071067690849254 21.02046012878418 -22.384517669677734
v -0.7071067690849258 22.384517669677734 -21.02046012878418
v -0.7071067690849261 23.660232543945312 -19.57344627380371
v -0.7071067690849264 24.842571258544922 -18.049184799194336
v -0.7071067690849268 25.926868438720703 -16.453691482543945
v -0.7071067690849271 26.908842086791992 -14.793261528015137
v -0.7071067690849275 27.78462028503418 -13.074450492858887
v -0.7071067690849279 28.550745010375977 -11.30403995513916
v -0.7071067690849283 29.204193115234375 -9.489017486572266
v -0.7071067690849288 29.742385864257812 -7.636547088623047
v -0.7071067690849291 30.16320037841797 -5.7539381980896
v -0.7071067690849295 30.4649715423584 -3.848620891571045
v -0.70710676908493 30.646512985229492 -1.9281151294708254
v -0.7071067690849304 30.707107543945312 -2.037277331693608e-15
v -0.7071067690849309 30.646512985229492 1.928115129470825
v -0.7071067690849313 30.4649715423584 3.848620891571045
v -0.7071067690849318 30.16320037841797 5.7539381980896
v -0.7071067690849321 29.742385864257812 7.636547088623047
v -0.7071067690849325 29.204193115234375 9.489017486572266
v -0.707106769084933 28.550745010375977 11.30403995513916
v -0.7071067690849333 27.78462028503418 13.074450492858887
v -0.7071067690849338 26.908842086791992 14.793261528015137
v -0.7071067690849341 25.926868438720703 16.453691482543945
v -0.7071067690849344 24.842571258544922 18.049184799194336
v -0.7071067690849347 23.660232543945312 19.57344627380371
v -0.7071067690849351 22.384517669677734 21.02046012878418
v -0.7071067690849354 21.02046012878418 22.384517669677734
v -0.7071067690849356 19.57344627380371 23.660232543945312
v -0.707106769084936 18.049184799194336 24.842571258544922
v -0.7071067690849362 16.453691482543945 25.926868438720703
v -0.7071067690849364 14.793261528015137 26.908842086791992
v -0.7071067690849366 13.074450492858887 27.78462028503418
v -0.7071067690849367 11.30403995513916 28.550745010375977
v -0.7071067690849369 9.489017486572266 29.204193115234375
v -0.707106769084937 7.636547088623047 29.742385864257812
v -0.7071067690849371 5.7539381980896 30.16320037841797
v -0.7071067690849372 3.848620891571045 30.4649715423584
v -0.7071067690849372 1.9281151294708252 30.646512985229492
v -0.7071067690849372 3.760536177024659e-15 30.707107543945312
v -0.7071067690849372 -1.9281151294708252 30.646512985229492
v -0.7071067690849372 -3.848620891571045 30.4649715423584
v -0.7071067690849371 -5.7539381980896 30.16320037841797
v -0.707106769084937 -7.636547088623047 29.742385864257812
v -0.7071067690849369 -9.489017486572266 29.204193115234375
v -0.7071067690849367 -11.30403995513916 28.550745010375977
v -0.7071067690849366 -13.074450492858887 27.78462028503418
v -0.7071067690849364 -14.793261528015137 26.908842086791992
v -0.7071067690849362 -16.453691482543945 25.926868438720703
v -0.707106769084936 -18.049184799194336 24.842571258544922
v -0.7071067690849356 -19.57344627380371 23.660232543945312
v -0.7071067690849354 -21.02046012878418 22.384517669677734
v -0.7071067690849351 -22.384517669677734 21.02046012878418
v -0.7071067690849347 -23.660232543945312 19.57344627380371
v -0.7071067690849344 -24.842571258544922 18.049184799194336
v -0.7071067690849341 -25.926868438720703 16.453691482543945
v -0.7071067690849338 -26.908842086791992 14.793261528015137
v -0.7071067690849333 -27.78462028503418 13.074450492858887
v -0.707106769084933 -28.550745010375977 11.30403995513916
v -0.7071067690849325 -29.204193115234375 9.489017486572266
v -0.7071067690849321 -29.742385864257812 7.636547088623047
v -0.7071067690849318 -30.16320037841797 5.7539381980896
v -0.7071067690849313 -30.4649715423584 3.848620891571045
v -0.7071067690849309 -30.646512985229492 1.928115129470825
v -0.7071067690849304 -30.707107543945312 5.483794810597473e-15
v -0.70710676908493 -30.646512985229492 -1.9281151294708254
v -0.7071067690849295 -30.4649715423584 -3.848620891571045
v -0.7071067690849291 -30.16320037841797 -5.7539381980896
v -0.7071067690849288 -29.742385864257812 -7.636547088623047
v -0.7071067690849283 -29.204193115234375 -9.489017486572266
v -0.7071067690849279 -28.550745010375977 -11.30403995513916
v -0.7071067690849275 -27.78462028503418 -13.074450492858887
v -0.7071067690849271 -26.908842086791992 -14.793261528015137
v -0.7071067690849268 -25.926868438720703 -16.453691482543945
v -0.7071067690849264 -24.842571258544922 -18.049184799194336
v -0.7071067690849261 -23.660232543945312 -19.57344627380371
v -0.7071067690849258 -22.384517669677734 -21.02046012878418
v -0.7071067690849254 -21.02046012878418 -22.384517669677734
v -0.7071067690849252 -19.57344627380371 -23.660232543945312
v -0.7071067690849249 -18.049184799194336 -24.842571258544922
v -0.7071067690849246 -16.453691482543945 -25.926868438720703
v -0.7071067690849244 -14.793261528015137 -26.908842086791992
v -0.7071067690849242 -13.074450492858887 -27.78462028503418
v -0.7071067690849241 -11.30403995513916 -28.550745010375977
v -0.707106769084924 -9.489017486572266 -29.204193115234375
v -0.7071067690849239 -7.636547088623047 -29.742385864257812
v -0.7071067690849238 -5.7539381980896 -30.16320037841797
v -0.7071067690849236 -3.848620891571045 -30.4649715423584
v -0.7071067690849236 -1.9281151294708252 -30.646512985229492
v -0.7071067690849236 -7.521072354049318e-15 -30.707107543945312
v -0.382683426141732 0 -30.923879623413086
v -0.38268342614173206 1.9417264461517334 -30.862857818603516
v -0.38268342614173206 3.8757898807525635 -30.680034637451172
v -0.3826834261417321 5.794557094573975 -30.37613296508789
v -0.38268342614173223 7.690455913543701 -29.952348709106445
v -0.38268342614173234 9.556004524230957 -29.410356521606445
v -0.3826834261417325 11.38383960723877 -28.752296447753906
v -0.3826834261417327 13.166747093200684 -27.980762481689453
v -0.3826834261417329 14.897692680358887 -27.09880256652832
v -0.3826834261417331 16.569843292236328 -26.109895706176758
v -0.38268342614173334 18.176599502563477 -25.0179443359375
v -0.3826834261417336 19.71162223815918 -23.827259063720703
v -0.3826834261417339 21.168851852416992 -22.542537689208984
v -0.3826834261417342 22.542537689208984 -21.168851852416992
v -0.3826834261417345 23.827259063720703 -19.71162223815918
v -0.38268342614173484 25.0179443359375 -18.176599502563477
v -0.38268342614173523 26.109895706176758 -16.569843292236328
v -0.38268342614173556 27.09880256652832 -14.897692680358887
v -0.38268342614173595 27.980762481689453 -13.166747093200684
v -0.38268342614173634 28.752296447753906 -11.38383960723877
v -0.3826834261417368 29.410356521606445 -9.556004524230957
v -0.38268342614173717 29.952348709106445 -7.690455913543701
v -0.3826834261417376 30.37613296508789 -5.794557094573975
v -0.382683426141738 30.680034637451172 -3.8757898807525635
v -0.38268342614173845 30.862857818603516 -1.9417264461517334
v -0.3826834261417389 30.923879623413086 -1.9785143084812778e-15
v -0.38268342614173934 30.862857818603516 1.9417264461517334
v -0.3826834261417398 30.680034637451172 3.8757898807525635
v -0.38268342614174017 30.37613296508789 5.794557094573975
v -0.3826834261417406 29.952348709106445 7.690455913543701
v -0.382683426141741 29.410356521606445 9.556004524230957
v -0.38268342614174145 28.752296447753906 11.38383960723877
v -0.38268342614174183 27.980762481689453 13.166747093200684
v -0.3826834261417422 27.09880256652832 14.897692680358887
v -0.38268342614174256 26.109895706176758 16.569843292236328
v -0.38268342614174294 25.0179443359375 18.176599502563477
v -0.3826834261417433 23.827259063720703 19.71162223815918
v -0.3826834261417436 22.542537689208984 21.168851852416992
v -0.3826834261417439 21.168851852416992 22.542537689208984
v -0.38268342614174417 19.71162223815918 23.827259063720703
v -0.38268342614174444 18.176599502563477 25.0179443359375
v -0.38268342614174466 16.569843292236328 26.109895706176758
v -0.3826834261417449 14.897692680358887 27.09880256652832
v -0.3826834261417451 13.166747093200684 27.980762481689453
v -0.3826834261417453 11.38383960723877 28.752296447753906
v -0.38268342614174544 9.556004524230957 29.410356521606445
v -0.38268342614174555 7.690455913543701 29.952348709106445
v -0.38268342614174566 5.794557094573975 30.37613296508789
v -0.3826834261417457 3.8757898807525635 30.680034637451172
v -0.3826834261417457 1.9417264461517334 30.862857818603516
v -0.3826834261417458 3.787083036624556e-15 30.923879623413086
v -0.3826834261417457 -1.9417264461517334 30.862857818603516
v -0.3826834261417457 -3.8757898807525635 30.680034637451172
v -0.38268342614174566 -5.794557094573975 30.37613296508789
v -0.38268342614174555 -7.690455913543701 29.952348709106445
v -0.38268342614174544 -9.556004524230957 29.410356521606445
v -0.3826834261417453 -11.38383960723877 28.752296447753906
v -0.3826834261417451 -13.166747093200684 27.980762481689453
v -0.3826834261417449 -14.897692680358887 27.09880256652832
v -0.38268342614174466 -16.569843292236328 26.109895706176758
v -0.38268342614174444 -18.176599502563477 25.0179443359375
v -0.38268342614174417 -19.71162223815918 23.827259063720703
v -0.3826834261417439 -21.168851852416992 22.542537689208984
v -0.3826834261417436 -22.542537689208984 21.168851852416992
v -0.3826834261417433 -23.827259063720703 19.71162223815918
v -0.38268342614174294 -25.0179443359375 18.176599502563477
v -0.38268342614174256 -26.109895706176758 16.569843292236328
v -0.3826834261417422 -27.09880256652832 14.897692680358887
v -0.38268342614174183 -27.980762481689453 13.166747093200684
v -0.38268342614174145 -28.752296447753906 11.38383960723877
v -0.382683426141741 -29.410356521606445 9.556004524230957
v -0.3826834261417406 -29.952348709106445 7.690455913543701
v -0.38268342614174017 -30.37613296508789 5.794557094573975
v -0.3826834261417398 -30.680034637451172 3.8757898807525635
v -0.38268342614173934 -30.862857818603516 1.9417264461517334
v -0.3826834261417389 -30.923879623413086 5.595651553009597e-15
v -0.38268342614173845 -30.862857818603516 -1.9417264461517334
v -0.382683426141738 -30.680034637451172 -3.8757898807525635
v -0.3826834261417376 -30.37613296508789 -5.794557094573975
v -0.38268342614173717 -29.952348709106445 -7.690455913543701
v -0.3826834261417368 -29.410356521606445 -9.556004524230957
v -0.38268342614173634 -28.752296447753906 -11.38383960723877
v -0.38268342614173595 -27.980762481689453 -13.166747093200684
v -0.38268342614173556 -27.09880256652832 -14.897692680358887
v -0.38268342614173523 -26.109895706176758 -16.569843292236328
v -0.38268342614173484 -25.0179443359375 -18.176599502563477
v -0.3826834261417345 -23.827259063720703 -19.71162223815918
v -0.3826834261417342 -22.542537689208984 -21.168851852416992
v -0.3826834261417339 -21.168851852416992 -22.542537689208984
v -0.3826834261417336 -19.71162223815918 -23.827259063720703
v -0.38268342614173334 -18.176599502563477 -25.0179443359375
v -0.3826834261417331 -16.569843292236328 -26.109895706176758
v -0.3826834261417329 -14.897692680358887 -27.09880256652832
v -0.3826834261417327 -13.166747093200684 -27.980762481689453
v -0.3826834261417325 -11.38383960723877 -28.752296447753906
v -0.38268342614173234 -9.556004524230957 -29.410356521606445
v -0.38268342614173223 -7.690455913543701 -29.952348709106445
v -0.3826834261417321 -5.794557094573975 -30.37613296508789
v -0.38268342614173206 -3.8757898807525635 -30.680034637451172
v -0.38268342614173206 -1.9417264461517334 -30.862857818603516
v -0.382683426141732 -7.574166073249112e-15 -30.923879623413086
v 6.638453382158937e-15 0 -31
v 6.624870785333241e-15 1.946506142616272 -30.93882942199707
v 6.584175934415355e-15 3.8853302001953125 -30.755556106567383
v 6.5165297656652585e-15 5.808820724487305 -30.450904846191406
v 6.422199094461336e-15 7.709386348724365 -30.026077270507812
v 6.30155661530038e-15 9.579526901245117 -29.482751846313477
v 6.155077937182273e-15 11.411861419677734 -28.823070526123047
v 5.98334158360999e-15 13.19915771484375 -28.049638748168945
v 5.7870247574248604e-15 14.934364318847656 -27.16550636291504
v 5.5669029172900964e-15 16.61063003540039 -26.174165725708008
v 5.323844271976633e-15 18.221342086791992 -25.079526901245117
v 5.058808086297236e-15 19.760143280029297 -23.885910034179688
v 4.772840869458238e-15 21.22096061706543 -22.5980281829834
v 4.467070445828908e-15 22.5980281829834 -21.22096061706543
v 4.142703837359084e-15 23.885910034179688 -19.760143280029297
v 3.80102133434854e-15 25.079526901245117 -18.221342086791992
v 3.443371413249305e-15 26.174165725708008 -16.61063003540039
v 3.0711656544679786e-15 27.16550636291504 -14.934364318847656
v 2.685872389618626e-15 28.049638748168945 -13.19915771484375
v 2.289012889874516e-15 28.823070526123047 -11.411861419677734
v 1.882152895638648e-15 29.482751846313477 -9.579526901245117
v 1.4668982754998978e-15 30.026077270507812 -7.709386348724365
v 1.0448879323320841e-15 30.450904846191406 -5.808820724487305
v 6.177872387886274e-16 30.755556106567383 -3.8853302001953125
v 1.8728181690434319e-16 30.93882942199707 -1.946506142616272
v -2.4492937051703313e-16 31 -1.8982025288627816e-15
v -6.771405579384103e-16 30.93882942199707 1.946506142616272
v -1.1076459798226945e-15 30.755556106567383 3.8853302001953125
v -1.5347466733661513e-15 30.450904846191406 5.808820724487305
v -1.956757016533965e-15 30.026077270507812 7.709386348724365
v -2.372011636672715e-15 29.482751846313477 9.579526901245117
v -2.778871630908583e-15 28.823070526123047 11.411861419677734
v -3.175731130652693e-15 28.049638748168945 13.19915771484375
v -3.561024395502046e-15 27.16550636291504 14.934364318847656
v -3.933230154283372e-15 26.174165725708008 16.61063003540039
v -4.290880075382607e-15 25.079526901245117 18.221342086791992
v -4.632562578393151e-15 23.885910034179688 19.760143280029297
v -4.9569291868629755e-15 22.5980281829834 21.22096061706543
v -5.262699610492305e-15 21.22096061706543 22.5980281829834
v -5.548666827331303e-15 19.760143280029297 23.885910034179688
v -5.8137030130107e-15 18.221342086791992 25.079526901245117
v -6.0567616583241635e-15 16.61063003540039 26.174165725708008
v -6.2768834984589276e-15 14.934364318847656 27.16550636291504
v -6.473200324644057e-15 13.19915771484375 28.049638748168945
v -6.64493667821634e-15 11.411861419677734 28.823070526123047
v -6.791415356334447e-15 9.579526901245117 29.482751846313477
v -6.912057835495403e-15 7.709386348724365 30.026077270507812
v -7.006388506699326e-15 5.808820724487305 30.450904846191406
v -7.074034675449422e-15 3.8853302001953125 30.755556106567383
v -7.114729526367308e-15 1.946506142616272 30.93882942199707
v -7.128312123193004e-15 3.796405057725563e-15 31
v -7.114729526367308e-15 -1.946506142616272 30.93882942199707
v -7.074034675449422e-15 -3.8853302001953125 30.755556106567383
v -7.006388506699326e-15 -5.808820724487305 30.450904846191406
v -6.912057835495403e-15 -7.709386348724365 30.026077270507812
v -6.791415356334447e-15 -9.579526901245117 29.482751846313477
v -6.64493667821634e-15 -11.411861419677734 28.823070526123047
v -6.473200324644057e-15 -13.19915771484375 28.049638748168945
v -6.2768834984589276e-15 -14.934364318847656 27.16550636291504
v -6.0567616583241635e-15 -16.61063003540039 26.174165725708008
v -5.8137030130107e-15 -18.221342086791992 25.079526901245117
v -5.548666827331303e-15 -19.760143280029297 23.885910034179688
v -5.262699610492305e-15 -21.22096061706543 22.5980281829834
v -4.9569291868629755e-15 -22.5980281829834 21.22096061706543
v -4.632562578393151e-15 -23.885910034179688 19.760143280029297
v -4.290880075382607e-15 -25.079526901245117 18.221342086791992
v -3.933230154283372e-15 -26.174165725708008 16.61063003540039
v -3.561024395502046e-15 -27.16550636291504 14.934364318847656
v -3.175731130652693e-15 -28.049638748168945 13.19915771484375
v -2.778871630908583e-15 -28.823070526123047 11.411861419677734
v -2.372011636672715e-15 -29.482751846313477 9.579526901245117
v -1.956757016533965e-15 -30.026077270507812 7.709386348724365
v -1.5347466733661513e-15 -30.450904846191406 5.808820724487305
v -1.1076459798226945e-15 -30.755556106567383 3.8853302001953125
v -6.771405579384103e-16 -30.93882942199707 1.946506142616272
v -2.4492937051703485e-16 -31 5.694607586588345e-15
v 1.8728181690434319e-16 -30.93882942199707 -1.946506142616272
v 6.177872387886274e-16 -30.755556106567383 -3.8853302001953125
v 1.0448879323320841e-15 -30.450904846191406 -5.808820724487305
v 1.4668982754998978e-15 -30.026077270507812 -7.709386348724365
v 1.882152895638648e-15 -29.482751846313477 -9.579526901245117
v 2.289012889874516e-15 -28.823070526123047 -11.411861419677734
v 2.685872389618626e-15 -28.049638748168945 -13.19915771484375
v 3.0711656544679786e-15 -27.16550636291504 -14.934364318847656
v 3.443371413249305e-15 -26.174165725708008 -16.61063003540039
v 3.80102133434854e-15 -25.079526901245117 -18.221342086791992
v 4.142703837359084e-15 -23.885910034179688 -19.760143280029297
v 4.467070445828908e-15 -22.5980281829834 -21.22096061706543
v 4.772840869458238e-15 -21.22096061706543 -22.5980281829834
v 5.058808086297236e-15 -19.760143280029297 -23.885910034179688
v 5.323844271976633e-15 -18.221342086791992 -25.079526901245117
v 5.5669029172900964e-15 -16.61063003540039 -26.174165725708008
v 5.7870247574248604e-15 -14.934364318847656 -27.16550636291504
v 5.98334158360999e-15 -13.19915771484375 -28.049638748168945
v 6.155077937182273e-15 -11.411861419677734 -28.823070526123047
v 6.30155661530038e-15 -9.579526901245117 -29.482751846313477
v 6.422199094461336e-15 -7.709386348724365 -30.026077270507812
v 6.5165297656652585e-15 -5.808820724487305 -30.450904846191406
v 6.584175934415355e-15 -3.8853302001953125 -30.755556106567383
v 6.624870785333241e-15 -1.946506142616272 -30.93882942199707
v 6.638453382158937e-15 -7.592810115451126e-15 -31
f 102 1 103
f 1 2 103
f 103 2 104
f 2 3 104
f 104 3 105
f 3 4 105
f 105 4 106
f 4 5 106
f 106 5 107
f 5 6 107
f 107 6 108
f 6 7 108
f 108 7 109
f 7 8 109
f 109 8 110
f 8 9 110
f 110 9 111
f 9 10 111
f 111 10 112
f 10 11 112
f 112 11 113
f 11 12 113
f 113 12 114
f 12 13 114
f 114 13 115
f 13 14 115
f 115 14 116
f 14 15 116
f 116 15 117
f 15 16 117
f 117 16 118
f 16 17 118
f 118 17 119
f 17 18 119
f 119 18 120
f 18 19 120
f 120 19 121
f 19 20 121
f 121 20 122
f 20 21 122
f 122 21 123
f 21 22 123
f 123 22 124
f 22 23 124
f 124 23 125
f 23 24 125
f 125 24 126
f 24 25 126
f 126 25 127
f 25 26 127
f 127 26 128
f 26 27 128
f 128 27 129
f 27 28 129
f 129 28 130
f 28 29 130
f 130 29 131
f 29 30 131
f 131 30 132
f 30 31 132
f 132 31 133
f 31 32 133
f 133 32 134
f 32 33 134
f 134 33 135
f 33 34 135
f 135 34 136
f 34 35 136
f 136 35 137
f 35 36 137
f 137 36 138
f 36 37 138
f 138 37 139
f 37 38 139
f 139 38 140
f 38 39 140
f 140 39 141
f 39 40 141
f 141 40 142
f 40 41 142
f 142 41 143
f 41 42 143
f 143 42 144
f 42 43 144
f 144 43 145
f 43 44 145
f 145 44 146
f 44 45 146
f 146 45 147
f 45 46 147
f 147 46 148
f 46 47 148
f 148 47 149
f 47 48 149
f 149 48 150
f 48 49 150
f 150 49 151
f 49 50 151
f 151 50 152
f 50 51 152
f 152 51 153
f 51 52 153
f 153 52 154
f 52 53 154
f 154 53 155
f 53 54 155
f 155 54 156
f 54 55 156
f 156 55 157
f 55 56 157
f 157 56 158
f 56 57 158
f 158 57 159
f 57 58 159
f 159 58 160
f 58 59 160
f 160 59 161
f 59 60 161
f 161 60 162
f 60 61 162
f 162 61 163
f 61 62 163
f 163 62 164
f 62 63 164
f 164 63 165
f 63 64 165
f 165 64 166
f 64 65 166
f 166 65 167
f 65 66 167
f 167 66 168
f 66 67 168
f 168 67 169
f 67 68 169
f 169 68 170
f 68 69 170
f 170 69 171
f 69 70 171
f 171 70 172
f 70 71 172
f 172 71 173
f 71 72 173
f 173 72 174
f 72 73 174
f 174 73 175
f 73 74 175
f 175 74 176
f 74 75 176
f 176 75 177
f 75 76 177
f 177 76 178
f 76 77 178
f 178 77 179
f 77 78 179
f 179 78 180
f 78 79 180
f 180 79 181
f 79 80 181
f 181 80 182
f 80 81 182
f 182 81 183
f 81 82 183
f 183 82 184
f 82 83 184
f 184 83 185
f 83 84 185
f 185 84 186
f 84 85 186
f 186 85 187
f 85 86 187
f 187 86 188
f 86 87 188
f 188 87 189
f 87 88 189
f 189 88 190
f 88 89 190
f 190 89 191
f 89 90 191
f 191 90 192
f 90 91 192
f 192 91 193
f 91 92 193
f 193 92 194
f 92 93 194
f 194 93 195
f 93 94 195
f 195 94 196
f 94 95 196
f 196 95 197
f 95 96 197
f 197 96 198
f 96 97 198
f 198 97 199
f 97 98 199
f 199 98 200
f 98 99 200
f 200 99 201
f 99 100 201
f 201 100 202
f 100 101 202
f 203 102 204
f 102 103 204
f 204 103 205
f 103 104 205
f 205 104 206
f 104 105 206
f 206 105 207
f 105 106 207
f 207 106 208
f 106 107 208
f 208 107 209
f 107 108 209
f 209 108 210
f 108 109 210
f 210 109 211
f 109 110 211
f 211 110 212
f 110 111 212
f 212 111 213
f 111 112 213
f 213 112 214
f 112 113 214
f 214 113 215
f 113 114 215
f 215 114 216
f 114 115 216
f 216 115 217
f 115 116 217
f 217 116 218
f 116 117 218
f 218 117 219
f 117 118 219
f 219 118 220
f 118 119 220
f 220 119 221
f 119 120 221
f 221 120 222
f 120 121 222
f 222 121 223
f 121 122 223
f 223 122 224
f 122 123 224
f 224 123 225
f 123 124 225
f 225 124 226
f 124 125 226
f 226 125 227
f 125 126 227
f 227 126 228
f 126 127 228
f 228 127 229
f 127 128 229
f 229 128 230
f 128 129 230
f 230 129 231
f 129 130 231
f 231 130 232
f 130 131 232
f 232 131 233
f 131 132 233
f 233 132 234
f 132 133 234
f 234 133 235
f 133 134 235
f 235 134 236
f 134 135 236
f 236 135 237
f 135 136 237
f 237 136 238
f 136 137 238
f 238 137 239
f 137 138 239
f 239 138 240
f 138 139 240
f 240 139 241
f 139 140 241
f 241 140 242
f 140 141 242
f 242 141 243
f 141 142 243
f 243 142 244
f 142 143 244
f 244 143 245
f 143 144 245
f 245 144 246
f 144 145 246
f 246 145 247
f 145 146 247
f 247 146 248
f 146 147 248
f 248 147 249
f 147 148 249
f 249 148 250
f 148 149 250
f 250 149 251
f 149 150 251
f 251 150 252
f 150 151 252
f 252 151 253
f 151 152 253
f 253 152 254
f 152 153 254
f 254 153 255
f 153 154 255
f 255 154 256
f 154 155 256
f 256 155 257
f 155 156 257
f 257 156 258
f 156 157 258
f 258 157 259
f 157 158 259
f 259 158 260
f 158 159 260
f 260 159 261
f 159 160 261
f 261 160 262
f 160 161 262
f 262 161 263
f 161 162 263
f 263 162 264
f 162 163 264
f 264 163 265
f 163 164 265
f 265 164 266
f 164 165 266
f 266 165 267
f 165 166 267
f 267 166 268
f 166 167 268
f 268 167 269
f 167 168 269
f 269 168 270
f 168 169 270
f 270 169 271
f 169 170 271
f 271 170 272
f 170 171 272
f 272 171 273
f 171 172 273
f 273 172 274
f 172 173 274
f 274 173 275
f 173 174 275
f 275 174 276
f 174 175 276
f 276 175 277
f 175 176 277
f 277 176 278
f 176 177 278
f 278 177 279
f 177 178 279
f 279 178 280
f 178 179 280
f 280 179 281
f 179 180 281
f 281 180 282
f 180 181 282
f 282 181 283
f 181 182 283
f 283 182 284
f 182 183 284
f 284 183 285
f 183 184 285
f 285 184 286
f 184 185 286
f 286 185 287
f 185 186 287
f 287 186 288
f 186 187 288
f 288 187 289
f 187 188 289
f 289 188 290
f 188 189 290
f 290 189 291
f 189 190 291
f 291 190 292
f 190 191 292
f 292 191 293
f 191 192 293
f 293 192 294
f 192 193 294
f 294 193 295
f 193 194 295
f 295 194 296
f 194 195 296
f 296 195 297
f 195 196 297
f 297 196 298
f 196 197 298
f 298 197 299
f 197 198 299
f 299 198 300
f 198 199 300
f 300 199 301
f 199 200 301
f 301 200 302
f 200 201 302
f 302 201 303
f 201 202 303
f 304 203 305
f 203 204 305
f 305 204 306
f 204 205 306
f 306 205 307
f 205 206 307
f 307 206 308
f 206 207 308
f 308 207 309
f 207 208 309
f 309 208 310
f 208 209 310
f 310 209 311
f 209 210 311
f 311 210 312
f 210 211 312
f 312 211 313
f 211 212 313
f 313 212 314
f 212 213 314
f 314 213 315
f 213 214 315
f 315 214 316
f 214 215 316
f 316 215 317
f 215 216 317
f 317 216 318
f 216 217 318
f 318 217 319
f 217 218 319
f 319 218 320
f 218 219 320
f 320 219 321
f 219 220 321
f 321 220 322
f 220 221 322
f 322 221 323
f 221 222 323
f 323 222 324
f 222 223 324
f 324 223 325
f 223 224 325
f 325 224 326
f 224 225 326
f 326 225 327
f 225 226 327
f 327 226 328
f 226 227 328
f 328 227 329
f 227 228 329
f 329 228 330
f 228 229 330
f 330 229 331
f 229 230 331
f 331 230 332
f 230 231 332
f 332 231 333
f 231 232 333
f 333 232 334
f 232 233 334
f 334 233 335
f 233 234 335
f 335 234 336
f 234 235 336
f 336 235 337
f 235 236 337
f 337 236 338
f 236 237 338
f 338 237 339
f 237 238 339
f 339 238 340
f 238 239 340
f 340 239 341
f 239 240 341
f 341 240 342
f 240 241 342
f 342 241 343
f 241 242 343
f 343 242 344
f 242 243 344
f 344 243 345
f 243 244 345
f 345 244 346
f 244 245 346
f 346 245 347
f 245 246 347
f 347 246 348
f 246 247 348
f 348 247 349
f 247 248 349
f 349 248 350
f 248 249 350
f 350 249 351
f 249 250 351
f 351 250 352
f 250 251 352
f 352 251 353
f 251 252 353
f 353 252 354
f 252 253 354
f 354 253 355
f 253 254 355
f 355 254 356
f 254 255 356
f 356 255 357
f 255 256 357
f 357 256 358
f 256 257 358
f 358 257 359
f 257 258 359
f 359 258 360
f 258 259 360
f 360 259 361
f 259 260 361
f 361 260 362
f 260 261 362
f 362 261 363
f 261 262 363
f 363 262 364
f 262 263 364
f 364 263 365
f 263 264 365
f 365 264 366
f 264 265 366
f 366 265 367
f 265 266 367
f 367 266 368
f 266 267 368
f 368 267 369
f 267 268 369
f 369 268 370
f 268 269 370
f 370 269 371
f 269 270 371
f 371 270 372
f 270 271 372
f 372 271 373
f 271 272 373
f 373 272 374
f 272 273 374
f 374 273 375
f 273 274 375
f 375 274 376
f 274 275 376
f 376 275 377
f 275 276 377
f 377 276 378
f 276 277 378
f 378 277 379
f 277 278 379
f 379 278 380
f 278 279 380
f 380 279 381
f 279 280 381
f 381 280 382
f 280 281 382
f 382 281 383
f 281 282 383
f 383 282 384
f 282 283 384
f 384 283 385
f 283 284 385
f 385 284 386
f 284 285 386
f 386 285 387
f 285 286 387
f 387 286 388
f 286 287 388
f 388 287 389
f 287 288 389
f 389 288 390
f 288 289 390
f 390 289 391
f 289 290 391
f 391 290 392
f 290 291 392
f 392 291 393
f 291 292 393
f 393 292 394
f 292 293 394
f 394 293 395
f 293 294 395
f 395 294 396
f 294 295 396
f 396 295 397
f 295 296 397
f 397 296 398
f 296 297 398
f 398 297 399
f 297 298 399
f 399 298 400
f 298 299 400
f 400 299 401
f 299 300 401
f 401 300 402
f 300 301 402
f 402 301 403
f 301 302 403
f 403 302 404
f 302 303 404
f 405 304 406
f 304 305 406
f 406 305 407
f 305 306 407
f 407 306 408
f 306 307 408
f 408 307 409
f 307 308 409
f 409 308 410
f 308 309 410
f 410 309 411
f 309 310 411
f 411 310 412
f 310 311 412
f 412 311 413
f 311 312 413
f 413 312 414
f 312 313 414
f 414 313 415
f 313 314 415
f 415 314 416
f 314 315 416
f 416 315 417
f 315 316 417
f 417 316 418
f 316 317 418
f 418 317 419
f 317 318 419
f 419 318 420
f 318 319 420
f 420 319 421
f 319 320 421
f 421 320 422
f 320 321 422
f 422 321 423
f 321 322 423
f 423 322 424
f 322 323 424
f 424 323 425
f 323 324 425
f 425 324 426
f 324 325 426
f 426 325 427
f 325 326 427
f 427 326 428
f 326 327 428
f 428 327 429
f 327 328 429
f 429 328 430
f 328 329 430
f 430 329 431
f 329 330 431
f 431 330 432
f 330 331 432
f 432 331 433
f 331 332 433
f 433 332 434
f 332 333 434
f 434 333 435
f 333 334 435
f 435 334 436
f 334 335 436
f 436 335 437
f 335 336 437
f 437 336 438
f 336 337 438
f 438 337 439
f 337 338 439
f 439 338 440
f 338 339 440
f 440 339 441
f 339 340 441
f 441 340 442
f 340 341 442
f 442 341 443
f 341 342 443
f 443 342 444
f 342 343 444
f 444 343 445
f 343 344 445
f 445 344 446
f 344 345 446
f 446 345 447
f 345 346 447
f 447 346 448
f 346 347 448
f 448 347 449
f 347 348 449
f 449 348 450
f 348 349 450
f 450 349 451
f 349 350 451
f 451 350 452
f 350 351 452
f 452 351 453
f 351 352 453
f 453 352 454
f 352 353 454
f 454 353 455
f 353 354 455
f 455 354 456
f 354 355 456
f 456 355 457
f 355 356 457
f 457 356 458
f 356 357 458
f 458 357 459
f 357 358 459
f 459 358 460
f 358 359 460
f 460 359 461
f 359 360 461
f 461 360 462
f 360 361 462
f 462 361 463
f 361 362 463
f 463 362 464
f 362 363 464
f 464 363 465
f 363 364 465
f 465 364 466
f 364 365 466
f 466 365 467
f 365 366 467
f 467 366 468
f 366 367 468
f 468 367 469
f 367 368 469
f 469 368 470
f 368 369 470
f 470 369 471
f 369 370 471
f 471 370 472
f 370 371 472
f 472 371 473
f 371 372 473
f 473 372 474
f 372 373 474
f 474 373 475
f 373 374 475
f 475 374 476
f 374 375 476
f 476 375 477
f 375 376 477
f 477 376 478
f 376 377 478
f 478 377 479
f 377 378 479
f 479 378 480
f 378 379 480
f 480 379 481
f 379 380 481
f 481 380 482
f 380 381 482
f 482 381 483
f 381 382 483
f 483 382 484
f 382 383 484
f 484 383 485
f 383 384 485
f 485 384 486
f 384 385 486
f 486 385 487
f 385 386 487
f 487 386 488
f 386 387 488
f 488 387 489
f 387 388 489
f 489 388 490
f 388 389 490
f 490 389 491
f 389 390 491
f 491 390 492
f 390 391 492
f 492 391 493
f 391 392 493
f 493 392 494
f 392 393 494
f 494 393 495
f 393 394 495
f 495 394 496
f 394 395 496
f 496 395 497
f 395 396 497
f 497 396 498
f 396 397 498
f 498 397 499
f 397 398 499
f 499 398 500
f 398 399 500
f 500 399 501
f 399 400 501
f 501 400 502
f 400 401 502
f 502 401 503
f 401 402 503
f 503 402 504
f 402 403 504
f 504 403 505
f 403 404 505
f 506 405 507
f 405 406 507
f 507 406 508
f 406 407 508
f 508 407 509
f 407 408 509
f 509 408 510
f 408 409 510
f 510 409 511
f 409 410 511
f 511 410 512
f 410 411 512
f 512 411 513
f 411 412 513
f 513 412 514
f 412 413 514
f 514 413 515
f 413 414 515
f 515 414 516
f 414 415 516
f 516 415 517
f 415 416 517
f 517 416 518
f 416 417 518
f 518 417 519
f 417 418 519
f 519 418 520
f 418 419 520
f 520 419 521
f 419 420 521
f 521 420 522
f 420 421 522
f 522 421 523
f 421 422 523
f 523 422 524
f 422 423 524
f 524 423 525
f 423 424 525
f 525 424 526
f 424 425 526
f 526 425 527
f 425 426 527
f 527 426 528
f 426 427 528
f 528 427 529
f 427 428 529
f 529 428 530
f 428 429 530
f 530 429 531
f 429 430 531
f 531 430 532
f 430 431 532
f 532 431 533
f 431 432 533
f 533 432 534
f 432 433 534
f 534 433 535
f 433 434 535
f 535 434 536
f 434 435 536
f 536 435 537
f 435 436 537
f 537 436 538
f 436 437 538
f 538 437 539
f 437 438 539
f 539 438 540
f 438 439 540
f 540 439 541
f 439 440 541
f 541 440 542
f 440 441 542
f 542 441 543
f 441 442 543
f 543 442 544
f 442 443 544
f 544 443 545
f 443 444 545
f 545 444 546
f 444 445 546
f 546 445 547
f 445 446 547
f 547 446 548
f 446 447 548
f 548 447 549
f 447 448 549
f 549 448 550
f 448 449 550
f 550 449 551
f 449 450 551
f 551 450 552
f 450 451 552
f 552 451 553
f 451 452 553
f 553 452 554
f 452 453 554
f 554 453 555
f 453 454 555
f 555 454 556
f 454 455 556
f 556 455 557
f 455 456 557
f 557 456 558
f 456 457 558
f 558 457 559
f 457 458 559
f 559 458 560
f 458 459 560
f 560 459 561
f 459 460 561
f 561 460 562
f 460 461 562
f 562 461 563
f 461 462 563
f 563 462 564
f 462 463 564
f 564 463 565
f 463 464 565
f 565 464 566
f 464 465 566
f 566 465 567
f 465 466 567
f 567 466 568
f 466 467 568
f 568 467 569
f 467 468 569
f 569 468 570
f 468 469 570
f 570 469 571
f 469 470 571
f 571 470 572
f 470 471 572
f 572 471 573
f 471 472 573
f 573 472 574
f 472 473 574
f 574 473 575
f 473 474 575
f 575 474 576
f 474 475 576
f 576 475 577
f 475 476 577
f 577 476 578
f 476 477 578
f 578 477 579
f 477 478 579
f 579 478 580
f 478 479 580
f 580 479 581
f 479 480 581
f 581 480 582
f 480 481 582
f 582 481 583
f 481 482 583
f 583 482 584
f 482 483 584
f 584 483 585
f 483 484 585
f 585 484 586
f 484 485 586
f 586 485 587
f 485 486 587
f 587 486 588
f 486 487 588
f 588 487 589
f 487 488 589
f 589 488 590
f 488 489 590
f 590 489 591
f 489 490 591
f 591 490 592
f 490 491 592
f 592 491 593
f 491 492 593
f 593 492 594
f 492 493 594
f 594 493 595
f 493 494 595
f 595 494 596
f 494 495 596
f 596 495 597
f 495 496 597
f 597 496 598
f 496 497 598
f 598 497 599
f 497 498 599
f 599 498 600
f 498 499 600
f 600 499 601
f 499 500 601
f 601 500 602
f 500 501 602
f 602 501 603
f 501 502 603
f 603 502 604
f 502 503 604
f 604 503 605
f 503 504 605
f 605 504 606
f 504 505 606
f 607 506 608
f 506 507 608
f 608 507 609
f 507 508 609
f 609 508 610
f 508 509 610
f 610 509 611
f 509 510 611
f 611 510 612
f 510 511 612
f 612 511 613
f 511 512 613
f 613 512 614
f 512 513 614
f 614 513 615
f 513 514 615
f 615 514 616
f 514 515 616
f 616 515 617
f 515 516 617
f 617 516 618
f 516 517 618
f 618 517 619
f 517 518 619
f 619 518 620
f 518 519 620
f 620 519 621
f 519 520 621
f 621 520 622
f 520 521 622
f 622 521 623
f 521 522 623
f 623 522 624
f 522 523 624
f 624 523 625
f 523 524 625
f 625 524 626
f 524 525 626
f 626 525 627
f 525 526 627
f 627 526 628
f 526 527 628
f 628 527 629
f 527 528 629
f 629 528 630
f 528 529 630
f 630 529 631
f 529 530 631
f 631 530 632
f 530 531 632
f 632 531 633
f 531 532 633
f 633 532 634
f 532 533 634
f 634 533 635
f 533 534 635
f 635 534 636
f 534 535 636
f 636 535 637
f 535 536 637
f 637 536 638
f 536 537 638
f 638 537 639
f 537 538 639
f 639 538 640
f 538 539 640
f 640 539 641
f 539 540 641
f 641 540 642
f 540 541 642
f 642 541 643
f 541 542 643
f 643 542 644
f 542 543 644
f 644 543 645
f 543 544 645
f 645 544 646
f 544 545 646
f 646 545 647
f 545 546 647
f 647 546 648
f 546 547 648
f 648 547 649
f 547 548 649
f 649 548 650
f 548 549 650
f 650 549 651
f 549 550 651
f 651 550 652
f 550 551 652
f 652 551 653
f 551 552 653
f 653 552 654
f 552 553 654
f 654 553 655
f 553 554 655
f 655 554 656
f 554 555 656
f 656 555 657
f 555 556 657
f 657 556 658
f 556 557 658
f 658 557 659
f 557 558 659
f 659 558 660
f 558 559 660
f 660 559 661
f 559 560 661
f 661 560 662
f 560 561 662
f 662 561 663
f 561 562 663
f 663 562 664
f 562 563 664
f 664 563 665
f 563 564 665
f 665 564 666
f 564 565 666
f 666 565 667
f 565 566 667
f 667 566 668
f 566 567 668
f 668 567 669
f 567 568 669
f 669 568 670
f 568 569 670
f 670 569 671
f 569 570 671
f 671 570 672
f 570 571 672
f 672 571 673
f 571 572 673
f 673 572 674
f 572 573 674
f 674 573 675
f 573 574 675
f 675 574 676
f 574 575 676
f 676 575 677
f 575 576 677
f 677 576 678
f 576 577 678
f 678 577 679
f 577 578 679
f 679 578 680
f 578 579 680
f 680 579 681
f 579 580 681
f 681 580 682
f 580 581 682
f 682 581 683
f 581 582 683
f 683 582 684
f 582 583 684
f 684 583 685
f 583 584 685
f 685 584 686
f 584 585 686
f 686 585 687
f 585 586 687
f 687 586 688
f 586 587 688
f 688 587 689
f 587 588 689
f 689 588 690
f 588 589 690
f 690 589 691
f 589 590 691
f 691 590 692
f 590 591 692
f 692 591 693
f 591 592 693
f 693 592 694
f 592 593 694
f 694 593 695
f 593 594 695
f 695 594 696
f 594 595 696
f 696 595 697
f 595 596 697
f 697 596 698
f 596 597 698
f 698 597 699
f 597 598 699
f 699 598 700
f 598 599 700
f 700 599 701
f 599 600 701
f 701 600 702
f 600 601 702
f 702 601 703
f 601 602 703
f 703 602 704
f 602 603 704
f 704 603 705
f 603 604 705
f 705 604 706
f 604 605 706
f 706 605 707
f 605 606 707
f 708 607 709
f 607 608 709
f 709 608 710
f 608 609 710
f 710 609 711
f 609 610 711
f 711 610 712
f 610 611 712
f 712 611 713
f 611 612 713
f 713 612 714
f 612 613 714
f 714 613 715
f 613 614 715
f 715 614 716
f 614 615 716
f 716 615 717
f 615 616 717
f 717 616 718
f 616 617 718
f 718 617 719
f 617 618 719
f 719 618 720
f 618 619 720
f 720 619 721
f 619 620 721
f 721 620 722
f 620 621 722
f 722 621 723
f 621 622 723
f 723 622 724
f 622 623 724
f 724 623 725
f 623 624 725
f 725 624 726
f 624 625 726
f 726 625 727
f 625 626 727
f 727 626 728
f 626 627 728
f 728 627 729
f 627 628 729
f 729 628 730
f 628 629 730
f 730 629 731
f 629 630 731
f 731 630 732
f 630 631 732
f 732 631 733
f 631 632 733
f 733 632 734
f 632 633 734
f 734 633 735
f 633 634 735
f 735 634 736
f 634 635 736
f 736 635 737
f 635 636 737
f 737 636 738
f 636 637 738
f 738 637 739
f 637 638 739
f 739 638 740
f 638 639 740
f 740 639 741
f 639 640 741
f 741 640 742
f 640 641 742
f 742 641 743
f 641 642 743
f 743 642 744
f 642 643 744
f 744 643 745
f 643 644 745
f 745 644 746
f 644 645 746
f 746 645 747
f 645 646 747
f 747 646 748
f 646 647 748
f 748 647 749
f 647 648 749
f 749 648 750
f 648 649 750
f 750 649 751
f 649 650 751
f 751 650 752
f 650 651 752
f 752 651 753
f 651 652 753
f 753 652 754
f 652 653 754
f 754 653 755
f 653 654 755
f 755 654 756
f 654 655 756
f 756 655 757
f 655 656 757
f 757 656 758
f 656 657 758
f 758 657 759
f 657 658 759
f 759 658 760
f 658 659 760
f 760 659 761
f 659 660 761
f 761 660 762
f 660 661 762
f 762 661 763
f 661 662 763
f 763 662 764
f 662 663 764
f 764 663 765
f 663 664 765
f 765 664 766
f 664 665 766
f 766 665 767
f 665 666 767
f 767 666 768
f 666 667 768
f 768 667 769
f 667 668 769
f 769 668 770
f 668 669 770
f 770 669 771
f 669 670 771
f 771 670 772
f 670 671 772
f 772 671 773
f 671 672 773
f 773 672 774
f 672 673 774
f 774 673 775
f 673 674 775
f 775 674 776
f 674 675 776
f 776 675 777
f 675 676 777
f 777 676 778
f 676 677 778
f 778 677 779
f 677 678 779
f 779 678 780
f 678 679 780
f 780 679 781
f 679 680 781
f 781 680 782
f 680 681 782
f 782 681 783
f 681 682 783
f 783 682 784
f 682 683 784
f 784 683 785
f 683 684 785
f 785 684 786
f 684 685 786
f 786 685 787
f 685 686 787
f 787 686 788
f 686 687 788
f 788 687 789
f 687 688 789
f 789 688 790
f 688 689 790
f 790 689 791
f 689 690 791
f 791 690 792
f 690 691 792
f 792 691 793
f 691 692 793
f 793 692 794
f 692 693 794
f 794 693 795
f 693 694 795
f 795 694 796
f 694 695 796
f 796 695 797
f 695 696 797
f 797 696 798
f 696 697 798
f 798 697 799
f 697 698 799
f 799 698 800
f 698 699 800
f 800 699 801
f 699 700 801
f 801 700 802
f 700 701 802
f 802 701 803
f 701 702 803
f 803 702 804
f 702 703 804
f 804 703 805
f 703 704 805
f 805 704 806
f 704 705 806
f 806 705 807
f 705 706 807
f 807 706 808
f 706 707 808
f 809 708 810
f 708 709 810
f 810 709 811
f 709 710 811
f 811 710 812
f 710 711 812
f 812 711 813
f 711 712 813
f 813 712 814
f 712 713 814
f 814 713 815
f 713 714 815
f 815 714 816
f 714 715 816
f 816 715 817
f 715 716 817
f 817 716 818
f 716 717 818
f 818 717 819
f 717 718 819
f 819 718 820
f 718 719 820
f 820 719 821
f 719 720 821
f 821 720 822
f 720 721 822
f 822 721 823
f 721 722 823
f 823 722 824
f 722 723 824
f 824 723 825
f 723 724 825
f 825 724 826
f 724 725 826
f 826 725 827
f 725 726 827
f 827 726 828
f 726 727 828
f 828 727 829
f 727 728 829
f 829 728 830
f 728 729 830
f 830 729 831
f 729 730 831
f 831 730 832
f 730 731 832
f 832 731 833
f 731 732 833
f 833 732 834
f 732 733 834
f 834 733 835
f 733 734 835
f 835 734 836
f 734 735 836
f 836 735 837
f 735 736 837
f 837 736 838
f 736 737 838
f 838 737 839
f 737 738 839
f 839 738 840
f 738 739 840
f 840 739 841
f 739 740 841
f 841 740 842
f 740 741 842
f 842 741 843
f 741 742 843
f 843 742 844
f 742 743 844
f 844 743 845
f 743 744 845
f 845 744 846
f 744 745 846
f 846 745 847
f 745 746 847
f 847 746 848
f 746 747 848
f 848 747 849
f 747 748 849
f 849 748 850
f 748 749 850
f 850 749 851
f 749 750 851
f 851 750 852
f 750 751 852
f 852 751 853
f 751 752 853
f 853 752 854
f 752 753 854
f 854 753 855
f 753 754 855
f 855 754 856
f 754 755 856
f 856 755 857
f 755 756 857
f 857 756 858
f 756 757 858
f 858 757 859
f 757 758 859
f 859 758 860
f 758 759 860
f 860 759 861
f 759 760 861
f 861 760 862
f 760 761 862
f 862 761 863
f 761 762 863
f 863 762 864
f 762 763 864
f 864 763 865
f 763 764 865
f 865 764 866
f 764 765 866
f 866 765 867
f 765 766 867
f 867 766 868
f 766 767 868
f 868 767 869
f 767 768 869
f 869 768 870
f 768 769 870
f 870 769 871
f 769 770 871
f 871 770 872
f 770 771 872
f 872 771 873
f 771 772 873
f 873 772 874
f 772 773 874
f 874 773 875
f 773 774 875
f 875 774 876
f 774 775 876
f 876 775 877
f 775 776 877
f 877 776 878
f 776 777 878
f 878 777 879
f 777 778 879
f 879 778 880
f 778 779 880
f 880 779 881
f 779 780 881
f 881 780 882
f 780 781 882
f 882 781 883
f 781 782 883
f 883 782 884
f 782 783 884
f 884 783 885
f 783 784 885
f 885 784 886
f 784 785 886
f 886 785 887
f 785 786 887
f 887 786 888
f 786 787 888
f 888 787 889
f 787 788 889
f 889 788 890
f 788 789 890
f 890 789 891
f 789 790 891
f 891 790 892
f 790 791 892
f 892 791 893
f 791 792 893
f 893 792 894
f 792 793 894
f 894 793 895
f 793 794 895
f 895 794 896
f 794 795 896
f 896 795 897
f 795 796 897
f 897 796 898
f 796 797 898
f 898 797 899
f 797 798 899
f 899 798 900
f 798 799 900
f 900 799 901
f 799 800 901
f 901 800 902
f 800 801 902
f 902 801 903
f 801 802 903
f 903 802 904
f 802 803 904
f 904 803 905
f 803 804 905
f 905 804 906
f 804 805 906
f 906 805 907
f 805 806 907
f 907 806 908
f 806 807 908
f 908 807 909
f 807 808 909
f 910 809 911
f 809 810 911
f 911 810 912
f 810 811 912
f 912 811 913
f 811 812 913
f 913 812 914
f 812 813 914
f 914 813 915
f 813 814 915
f 915 814 916
f 814 815 916
f 916 815 917
f 815 816 917
f 917 816 918
f 816 817 918
f 918 817 919
f 817 818 919
f 919 818 920
f 818 819 920
f 920 819 921
f 819 820 921
f 921 820 922
f 820 821 922
f 922 821 923
f 821 822 923
f 923 822 924
f 822 823 924
f 924 823 925
f 823 824 925
f 925 824 926
f 824 825 926
f 926 825 927
f 825 826 927
f 927 826 928
f 826 827 928
f 928 827 929
f 827 828 929
f 929 828 930
f 828 829 930
f 930 829 931
f 829 830 931
f 931 830 932
f 830 831 932
f 932 831 933
f 831 832 933
f 933 832 934
f 832 833 934
f 934 833 935
f 833 834 935
f 935 834 936
f 834 835 936
f 936 835 937
f 835 836 937
f 937 836 938
f 836 837 938
f 938 837 939
f 837 838 939
f 939 838 940
f 838 839 940
f 940 839 941
f 839 840 941
f 941 840 942
f 840 841 942
f 942 841 943
f 841 842 943
f 943 842 944
f 842 843 944
f 944 843 945
f 843 844 945
f 945 844 946
f 844 845 946
f 946 845 947
f 845 846 947
f 947 846 948
f 846 847 948
f 948 847 949
f 847 848 949
f 949 848 950
f 848 849 950
f 950 849 951
f 849 850 951
f 951 850 952
f 850 851 952
f 952 851 953
f 851 852 953
f 953 852 954
f 852 853 954
f 954 853 955
f 853 854 955
f 955 854 956
f 854 855 956
f 956 855 957
f 855 856 957
f 957 856 958
f 856 857 958
f 958 857 959
f 857 858 959
f 959 858 960
f 858 859 960
f 960 859 961
f 859 860 961
f 961 860 962
f 860 861 962
f 962 861 963
f 861 862 963
f 963 862 964
f 862 863 964
f 964 863 965
f 863 864 965
f 965 864 966
f 864 865 966
f 966 865 967
f 865 866 967
f 967 866 968
f 866 867 968
f 968 867 969
f 867 868 969
f 969 868 970
f 868 869 970
f 970 869 971
f 869 870 971
f 971 870 972
f 870 871 972
f 972 871 973
f 871 872 973
f 973 872 974
f 872 873 974
f 974 873 975
f 873 874 975
f 975 874 976
f 874 875 976
f 976 875 977
f 875 876 977
f 977 876 978
f 876 877 978
f 978 877 979
f 877 878 979
f 979 878 980
f 878 879 980
f 980 879 981
f 879 880 981
f 981 880 982
f 880 881 982
f 982 881 983
f 881 882 983
f 983 882 984
f 882 883 984
f 984 883 985
f 883 884 985
f 985 884 986
f 884 885 986
f 986 885 987
f 885 886 987
f 987 886 988
f 886 887 988
f 988 887 989
f 887 888 989
f 989 888 990
f 888 889 990
f 990 889 991
f 889 890 991
f 991 890 992
f 890 891 992
f 992 891 993
f 891 892 993
f 993 892 994
f 892 893 994
f 994 893 995
f 893 894 995
f 995 894 996
f 894 895 996
f 996 895 997
f 895 896 997
f 997 896 998
f 896 897 998
f 998 897 999
f 897 898 999
f 999 898 1000
f 898 899 1000
f 1000 899 1001
f 899 900 1001
f 1001 900 1002
f 900 901 1002
f 1002 901 1003
f 901 902 1003
f 1003 902 1004
f 902 903 1004
f 1004 903 1005
f 903 904 1005
f 1005 904 1006
f 904 905 1006
f 1006 905 1007
f 905 906 1007
f 1007 906 1008
f 906 907 1008
f 1008 907 1009
f 907 908 1009
f 1009 908 1010
f 908 909 1010
f 1011 910 1012
f 910 911 1012
f 1012 911 1013
f 911 912 1013
f 1013 912 1014
f 912 913 1014
f 1014 913 1015
f 913 914 1015
f 1015 914 1016
f 914 915 1016
f 1016 915 1017
f 915 916 1017
f 1017 916 1018
f 916 917 1018
f 1018 917 1019
f 917 918 1019
f 1019 918 1020
f 918 919 1020
f 1020 919 1021
f 919 920 1021
f 1021 920 1022
f 920 921 1022
f 1022 921 1023
f 921 922 1023
f 1023 922 1024
f 922 923 1024
f 1024 923 1025
f 923 924 1025
f 1025 924 1026
f 924 925 1026
f 1026 925 1027
f 925 926 1027
f 1027 926 1028
f 926 927 1028
f 1028 927 1029
f 927 928 1029
f 1029 928 1030
f 928 929 1030
f 1030 929 1031
f 929 930 1031
f 1031 930 1032
f 930 931 1032
f 1032 931 1033
f 931 932 1033
f 1033 932 1034
f 932 933 1034
f 1034 933 1035
f 933 934 1035
f 1035 934 1036
f 934 935 1036
f 1036 935 1037
f 935 936 1037
f 1037 936 1038
f 936 937 1038
f 1038 937 1039
f 937 938 1039
f 1039 938 1040
f 938 939 1040
f 1040 939 1041
f 939 940 1041
f 1041 940 1042
f 940 941 1042
f 1042 941 1043
f 941 942 1043
f 1043 942 1044
f 942 943 1044
f 1044 943 1045
f 943 944 1045
f 1045 944 1046
f 944 945 1046
f 1046 945 1047
f 945 946 1047
f 1047 946 1048
f 946 947 1048
f 1048 947 1049
f 947 948 1049
f 1049 948 1050
f 948 949 1050
f 1050 949 1051
f 949 950 1051
f 1051 950 1052
f 950 951 1052
f 1052 951 1053
f 951 952 1053
f 1053 952 1054
f 952 953 1054
f 1054 953 1055
f 953 954 1055
f 1055 954 1056
f 954 955 1056
f 1056 955 1057
f 955 956 1057
f 1057 956 1058
f 956 957 1058
f 1058 957 1059
f 957 958 1059
f 1059 958 1060
f 958 959 1060
f 1060 959 1061
f 959 960 1061
f 1061 960 1062
f 960 961 1062
f 1062 961 1063
f 961 962 1063
f 1063 962 1064
f 962 963 1064
f 1064 963 1065
f 963 964 1065
f 1065 964 1066
f 964 965 1066
f 1066 965 1067
f 965 966 1067
f 1067 966 1068
f 966 967 1068
f 1068 967 1069
f 967 968 1069
f 1069 968 1070
f 968 969 1070
f 1070 969 1071
f 969 970 1071
f 1071 970 1072
f 970 971 1072
f 1072 971 1073
f 971 972 1073
f 1073 972 1074
f 972 973 1074
f 1074 973 1075
f 973 974 1075
f 1075 974 1076
f 974 975 1076
f 1076 975 1077
f 975 976 1077
f 1077 976 1078
f 976 977 1078
f 1078 977 1079
f 977 978 1079
f 1079 978 1080
f 978 979 1080
f 1080 979 1081
f 979 980 1081
f 1081 980 1082
f 980 981 1082
f 1082 981 1083
f 981 982 1083
f 1083 982 1084
f 982 983 1084
f 1084 983 1085
f 983 984 1085
f 1085 984 1086
f 984 985 1086
f 1086 985 1087
f 985 986 1087
f 1087 986 1088
f 986 987 1088
f 1088 987 1089
f 987 988 1089
f 1089 988 1090
f 988 989 1090
f 1090 989 1091
f 989 990 1091
f 1091 990 1092
f 990 991 1092
f 1092 991 1093
f 991 992 1093
f 1093 992 1094
f 992 993 1094
f 1094 993 1095
f 993 994 1095
f 1095 994 1096
f 994 995 1096
f 1096 995 1097
f 995 996 1097
f 1097 996 1098
f 996 997 1098
f 1098 997 1099
f 997 998 1099
f 1099 998 1100
f 998 999 1100
f 1100 999 1101
f 999 1000 1101
f 1101 1000 1102
f 1000 1001 1102
f 1102 1001 1103
f 1001 1002 1103
f 1103 1002 1104
f 1002 1003 1104
f 1104 1003 1105
f 1003 1004 1105
f 1105 1004 1106
f 1004 1005 1106
f 1106 1005 1107
f 1005 1006 1107
f 1107 1006 1108
f 1006 1007 1108
f 1108 1007 1109
f 1007 1008 1109
f 1109 1008 1110
f 1008 1009 1110
f 1110 1009 1111
f 1009 1010 1111
f 1112 1011 1113
f 1011 1012 1113
f 1113 1012 1114
f 1012 1013 1114
f 1114 1013 1115
f 1013 1014 1115
f 1115 1014 1116
f 1014 1015 1116
f 1116 1015 1117
f 1015 1016 1117
f 1117 1016 1118
f 1016 1017 1118
f 1118 1017 1119
f 1017 1018 1119
f 1119 1018 1120
f 1018 1019 1120
f 1120 1019 1121
f 1019 1020 1121
f 1121 1020 1122
f 1020 1021 1122
f 1122 1021 1123
f 1021 1022 1123
f 1123 1022 1124
f 1022 1023 1124
f 1124 1023 1125
f 1023 1024 1125
f 1125 1024 1126
f 1024 1025 1126
f 1126 1025 1127
f 1025 1026 1127
f 1127 1026 1128
f 1026 1027 1128
f 1128 1027 1129
f 1027 1028 1129
f 1129 1028 1130
f 1028 1029 1130
f 1130 1029 1131
f 1029 1030 1131
f 1131 1030 1132
f 1030 1031 1132
f 1132 1031 1133
f 1031 1032 1133
f 1133 1032 1134
f 1032 1033 1134
f 1134 1033 1135
f 1033 1034 1135
f 1135 1034 1136
f 1034 1035 1136
f 1136 1035 1137
f 1035 1036 1137
f 1137 1036 1138
f 1036 1037 1138
f 1138 1037 1139
f 1037 1038 1139
f 1139 1038 1140
f 1038 1039 1140
f 1140 1039 1141
f 1039 1040 1141
f 1141 1040 1142
f 1040 1041 1142
f 1142 1041 1143
f 1041 1042 1143
f 1143 1042 1144
f 1042 1043 1144
f 1144 1043 1145
f 1043 1044 1145
f 1145 1044 1146
f 1044 1045 1146
f 1146 1045 1147
f 1045 1046 1147
f 1147 1046 1148
f 1046 1047 1148
f 1148 1047 1149
f 1047 1048 1149
f 1149 1048 1150
f 1048 1049 1150
f 1150 1049 1151
f 1049 1050 1151
f 1151 1050 1152
f 1050 1051 1152
f 1152 1051 1153
f 1051 1052 1153
f 1153 1052 1154
f 1052 1053 1154
f 1154 1053 1155
f 1053 1054 1155
f 1155 1054 1156
f 1054 1055 1156
f 1156 1055 1157
f 1055 1056 1157
f 1157 1056 1158
f 1056 1057 1158
f 1158 1057 1159
f 1057 1058 1159
f 1159 1058 1160
f 1058 1059 1160
f 1160 1059 1161
f 1059 1060 1161
f 1161 1060 1162
f 1060 1061 1162
f 1162 1061 1163
f 1061 1062 1163
f 1163 1062 1164
f 1062 1063 1164
f 1164 1063 1165
f 1063 1064 1165
f 1165 1064 1166
f 1064 1065 1166
f 1166 1065 1167
f 1065 1066 1167
f 1167 1066 1168
f 1066 1067 1168
f 1168 1067 1169
f 1067 1068 1169
f 1169 1068 1170
f 1068 1069 1170
f 1170 1069 1171
f 1069 1070 1171
f 1171 1070 1172
f 1070 1071 1172
f 1172 1071 1173
f 1071 1072 1173
f 1173 1072 1174
f 1072 1073 1174
f 1174 1073 1175
f 1073 1074 1175
f 1175 1074 1176
f 1074 1075 1176
f 1176 1075 1177
f 1075 1076 1177
f 1177 1076 1178
f 1076 1077 1178
f 1178 1077 1179
f 1077 1078 1179
f 1179 1078 1180
f 1078 1079 1180
f 1180 1079 1181
f 1079 1080 1181
f 1181 1080 1182
f 1080 1081 1182
f 1182 1081 1183
f 1081 1082 1183
f 1183 1082 1184
f 1082 1083 1184
f 1184 1083 1185
f 1083 1084 1185
f 1185 1084 1186
f 1084 1085 1186
f 1186 1085 1187
f 1085 1086 1187
f 1187 1086 1188
f 1086 1087 1188
f 1188 1087 1189
f 1087 1088 1189
f 1189 1088 1190
f 1088 1089 1190
f 1190 1089 1191
f 1089 1090 1191
f 1191 1090 1192
f 1090 1091 1192
f 1192 1091 1193
f 1091 1092 1193
f 1193 1092 1194
f 1092 1093 1194
f 1194 1093 1195
f 1093 1094 1195
f 1195 1094 1196
f 1094 1095 1196
f 1196 1095 1197
f 1095 1096 1197
f 1197 1096 1198
f 1096 1097 1198
f 1198 1097 1199
f 1097 1098 1199
f 1199 1098 1200
f 1098 1099 1200
f 1200 1099 1201
f 1099 1100 1201
f 1201 1100 1202
f 1100 1101 1202
f 1202 1101 1203
f 1101 1102 1203
f 1203 1102 1204
f 1102 1103 1204
f 1204 1103 1205
f 1103 1104 1205
f 1205 1104 1206
f 1104 1105 1206
f 1206 1105 1207
f 1105 1106 1207
f 1207 1106 1208
f 1106 1107 1208
f 1208 1107 1209
f 1107 1108 1209
f 1209 1108 1210
f 1108 1109 1210
f 1210 1109 1211
f 1109 1110 1211
f 1211 1110 1212
f 1110 1111 1212
f 1213 1112 1214
f 1112 1113 1214
f 1214 1113 1215
f 1113 1114 1215
f 1215 1114 1216
f 1114 1115 1216
f 1216 1115 1217
f 1115 1116 1217
f 1217 1116 1218
f 1116 1117 1218
f 1218 1117 1219
f 1117 1118 1219
f 1219 1118 1220
f 1118 1119 1220
f 1220 1119 1221
f 1119 1120 1221
f 1221 1120 1222
f 1120 1121 1222
f 1222 1121 1223
f 1121 1122 1223
f 1223 1122 1224
f 1122 1123 1224
f 1224 1123 1225
f 1123 1124 1225
f 1225 1124 1226
f 1124 1125 1226
f 1226 1125 1227
f 1125 1126 1227
f 1227 1126 1228
f 1126 1127 1228
f 1228 1127 1229
f 1127 1128 1229
f 1229 1128 1230
f 1128 1129 1230
f 1230 1129 1231
f 1129 1130 1231
f 1231 1130 1232
f 1130 1131 1232
f 1232 1131 1233
f 1131 1132 1233
f 1233 1132 1234
f 1132 1133 1234
f 1234 1133 1235
f 1133 1134 1235
f 1235 1134 1236
f 1134 1135 1236
f 1236 1135 1237
f 1135 1136 1237
f 1237 1136 1238
f 1136 1137 1238
f 1238 1137 1239
f 1137 1138 1239
f 1239 1138 1240
f 1138 1139 1240
f 1240 1139 1241
f 1139 1140 1241
f 1241 1140 1242
f 1140 1141 1242
f 1242 1141 1243
f 1141 1142 1243
f 1243 1142 1244
f 1142 1143 1244
f 1244 1143 1245
f 1143 1144 1245
f 1245 1144 1246
f 1144 1145 1246
f 1246 1145 1247
f 1145 1146 1247
f 1247 1146 1248
f 1146 1147 1248
f 1248 1147 1249
f 1147 1148 1249
f 1249 1148 1250
f 1148 1149 1250
f 1250 1149 1251
f 1149 1150 1251
f 1251 1150 1252
f 1150 1151 1252
f 1252 1151 1253
f 1151 1152 1253
f 1253 1152 1254
f 1152 1153 1254
f 1254 1153 1255
f 1153 1154 1255
f 1255 1154 1256
f 1154 1155 1256
f 1256 1155 1257
f 1155 1156 1257
f 1257 1156 1258
f 1156 1157 1258
f 1258 1157 1259
f 1157 1158 1259
f 1259 1158 1260
f 1158 1159 1260
f 1260 1159 1261
f 1159 1160 1261
f 1261 1160 1262
f 1160 1161 1262
f 1262 1161 1263
f 1161 1162 1263
f 1263 1162 1264
f 1162 1163 1264
f 1264 1163 1265
f 1163 1164 1265
f 1265 1164 1266
f 1164 1165 1266
f 1266 1165 1267
f 1165 1166 1267
f 1267 1166 1268
f 1166 1167 1268
f 1268 1167 1269
f 1167 1168 1269
f 1269 1168 1270
f 1168 1169 1270
f 1270 1169 1271
f 1169 1170 1271
f 1271 1170 1272
f 1170 1171 1272
f 1272 1171 1273
f 1171 1172 1273
f 1273 1172 1274
f 1172 1173 1274
f 1274 1173 1275
f 1173 1174 1275
f 1275 1174 1276
f 1174 1175 1276
f 1276 1175 1277
f 1175 1176 1277
f 1277 1176 1278
f 1176 1177 1278
f 1278 1177 1279
f 1177 1178 1279
f 1279 1178 1280
f 1178 1179 1280
f 1280 1179 1281
f 1179 1180 1281
f 1281 1180 1282
f 1180 1181 1282
f 1282 1181 1283
f 1181 1182 1283
f 1283 1182 1284
f 1182 1183 1284
f 1284 1183 1285
f 1183 1184 1285
f 1285 1184 1286
f 1184 1185 1286
f 1286 1185 1287
f 1185 1186 1287
f 1287 1186 1288
f 1186 1187 1288
f 1288 1187 1289
f 1187 1188 1289
f 1289 1188 1290
f 1188 1189 1290
f 1290 1189 1291
f 1189 1190 1291
f 1291 1190 1292
f 1190 1191 1292
f 1292 1191 1293
f 1191 1192 1293
f 1293 1192 1294
f 1192 1193 1294
f 1294 1193 1295
f 1193 1194 1295
f 1295 1194 1296
f 1194 1195 1296
f 1296 1195 1297
f 1195 1196 1297
f 1297 1196 1298
f 1196 1197 1298
f 1298 1197 1299
f 1197 1198 1299
f 1299 1198 1300
f 1198 1199 1300
f 1300 1199 1301
f 1199 1200 1301
f 1301 1200 1302
f 1200 1201 1302
f 1302 1201 1303
f 1201 1202 1303
f 1303 1202 1304
f 1202 1203 1304
f 1304 1203 1305
f 1203 1204 1305
f 1305 1204 1306
f 1204 1205 1306
f 1306 1205 1307
f 1205 1206 1307
f 1307 1206 1308
f 1206 1207 1308
f 1308 1207 1309
f 1207 1208 1309
f 1309 1208 1310
f 1208 1209 1310
f 1310 1209 1311
f 1209 1210 1311
f 1311 1210 1312
f 1210 1211 1312
f 1312 1211 1313
f 1211 1212 1313
f 1314 1213 1315
f 1213 1214 1315
f 1315 1214 1316
f 1214 1215 1316
f 1316 1215 1317
f 1215 1216 1317
f 1317 1216 1318
f 1216 1217 1318
f 1318 1217 1319
f 1217 1218 1319
f 1319 1218 1320
f 1218 1219 1320
f 1320 1219 1321
f 1219 1220 1321
f 1321 1220 1322
f 1220 1221 1322
f 1322 1221 1323
f 1221 1222 1323
f 1323 1222 1324
f 1222 1223 1324
f 1324 1223 1325
f 1223 1224 1325
f 1325 1224 1326
f 1224 1225 1326
f 1326 1225 1327
f 1225 1226 1327
f 1327 1226 1328
f 1226 1227 1328
f 1328 1227 1329
f 1227 1228 1329
f 1329 1228 1330
f 1228 1229 1330
f 1330 1229 1331
f 1229 1230 1331
f 1331 1230 1332
f 1230 1231 1332
f 1332 1231 1333
f 1231 1232 1333
f 1333 1232 1334
f 1232 1233 1334
f 1334 1233 1335
f 1233 1234 1335
f 1335 1234 1336
f 1234 1235 1336
f 1336 1235 1337
f 1235 1236 1337
f 1337 1236 1338
f 1236 1237 1338
f 1338 1237 1339
f 1237 1238 1339
f 1339 1238 1340
f 1238 1239 1340
f 1340 1239 1341
f 1239 1240 1341
f 1341 1240 1342
f 1240 1241 1342
f 1342 1241 1343
f 1241 1242 1343
f 1343 1242 1344
f 1242 1243 1344
f 1344 1243 1345
f 1243 1244 1345
f 1345 1244 1346
f 1244 1245 1346
f 1346 1245 1347
f 1245 1246 1347
f 1347 1246 1348
f 1246 1247 1348
f 1348 1247 1349
f 1247 1248 1349
f 1349 1248 1350
f 1248 1249 1350
f 1350 1249 1351
f 1249 1250 1351
f 1351 1250 1352
f 1250 1251 1352
f 1352 1251 1353
f 1251 1252 1353
f 1353 1252 1354
f 1252 1253 1354
f 1354 1253 1355
f 1253 1254 1355
f 1355 1254 1356
f 1254 1255 1356
f 1356 1255 1357
f 1255 1256 1357
f 1357 1256 1358
f 1256 1257 1358
f 1358 1257 1359
f 1257 1258 1359
f 1359 1258 1360
f 1258 1259 1360
f 1360 1259 1361
f 1259 1260 1361
f 1361 1260 1362
f 1260 1261 1362
f 1362 1261 1363
f 1261 1262 1363
f 1363 1262 1364
f 1262 1263 1364
f 1364 1263 1365
f 1263 1264 1365
f 1365 1264 1366
f 1264 1265 1366
f 1366 1265 1367
f 1265 1266 1367
f 1367 1266 1368
f 1266 1267 1368
f 1368 1267 1369
f 1267 1268 1369
f 1369 1268 1370
f 1268 1269 1370
f 1370 1269 1371
f 1269 1270 1371
f 1371 1270 1372
f 1270 1271 1372
f 1372 1271 1373
f 1271 1272 1373
f 1373 1272 1374
f 1272 1273 1374
f 1374 1273 1375
f 1273 1274 1375
f 1375 1274 1376
f 1274 1275 1376
f 1376 1275 1377
f 1275 1276 1377
f 1377 1276 1378
f 1276 1277 1378
f 1378 1277 1379
f 1277 1278 1379
f 1379 1278 1380
f 1278 1279 1380
f 1380 1279 1381
f 1279 1280 1381
f 1381 1280 1382
f 1280 1281 1382
f 1382 1281 1383
f 1281 1282 1383
f 1383 1282 1384
f 1282 1283 1384
f 1384 1283 1385
f 1283 1284 1385
f 1385 1284 1386
f 1284 1285 1386
f 1386 1285 1387
f 1285 1286 1387
f 1387 1286 1388
f 1286 1287 1388
f 1388 1287 1389
f 1287 1288 1389
f 1389 1288 1390
f 1288 1289 1390
f 1390 1289 1391
f 1289 1290 1391
f 1391 1290 1392
f 1290 1291 1392
f 1392 1291 1393
f 1291 1292 1393
f 1393 1292 1394
f 1292 1293 1394
f 1394 1293 1395
f 1293 1294 1395
f 1395 1294 1396
f 1294 1295 1396
f 1396 1295 1397
f 1295 1296 1397
f 1397 1296 1398
f 1296 1297 1398
f 1398 1297 1399
f 1297 1298 1399
f 1399 1298 1400
f 1298 1299 1400
f 1400 1299 1401
f 1299 1300 1401
f 1401 1300 1402
f 1300 1301 1402
f 1402 1301 1403
f 1301 1302 1403
f 1403 1302 1404
f 1302 1303 1404
f 1404 1303 1405
f 1303 1304 1405
f 1405 1304 1406
f 1304 1305 1406
f 1406 1305 1407
f 1305 1306 1407
f 1407 1306 1408
f 1306 1307 1408
f 1408 1307 1409
f 1307 1308 1409
f 1409 1308 1410
f 1308 1309 1410
f 1410 1309 1411
f 1309 1310 1411
f 1411 1310 1412
f 1310 1311 1412
f 1412 1311 1413
f 1311 1312 1413
f 1413 1312 1414
f 1312 1313 1414
f 1415 1314 1416
f 1314 1315 1416
f 1416 1315 1417
f 1315 1316 1417
f 1417 1316 1418
f 1316 1317 1418
f 1418 1317 1419
f 1317 1318 1419
f 1419 1318 1420
f 1318 1319 1420
f 1420 1319 1421
f 1319 1320 1421
f 1421 1320 1422
f 1320 1321 1422
f 1422 1321 1423
f 1321 1322 1423
f 1423 1322 1424
f 1322 1323 1424
f 1424 1323 1425
f 1323 1324 1425
f 1425 1324 1426
f 1324 1325 1426
f 1426 1325 1427
f 1325 1326 1427
f 1427 1326 1428
f 1326 1327 1428
f 1428 1327 1429
f 1327 1328 1429
f 1429 1328 1430
f 1328 1329 1430
f 1430 1329 1431
f 1329 1330 1431
f 1431 1330 1432
f 1330 1331 1432
f 1432 1331 1433
f 1331 1332 1433
f 1433 1332 1434
f 1332 1333 1434
f 1434 1333 1435
f 1333 1334 1435
f 1435 1334 1436
f 1334 1335 1436
f 1436 1335 1437
f 1335 1336 1437
f 1437 1336 1438
f 1336 1337 1438
f 1438 1337 1439
f 1337 1338 1439
f 1439 1338 1440
f 1338 1339 1440
f 1440 1339 1441
f 1339 1340 1441
f 1441 1340 1442
f 1340 1341 1442
f 1442 1341 1443
f 1341 1342 1443
f 1443 1342 1444
f 1342 1343 1444
f 1444 1343 1445
f 1343 1344 1445
f 1445 1344 1446
f 1344 1345 1446
f 1446 1345 1447
f 1345 1346 1447
f 1447 1346 1448
f 1346 1347 1448
f 1448 1347 1449
f 1347 1348 1449
f 1449 1348 1450
f 1348 1349 1450
f 1450 1349 1451
f 1349 1350 1451
f 1451 1350 1452
f 1350 1351 1452
f 1452 1351 1453
f 1351 1352 1453
f 1453 1352 1454
f 1352 1353 1454
f 1454 1353 1455
f 1353 1354 1455
f 1455 1354 1456
f 1354 1355 1456
f 1456 1355 1457
f 1355 1356 1457
f 1457 1356 1458
f 1356 1357 1458
f 1458 1357 1459
f 1357 1358 1459
f 1459 1358 1460
f 1358 1359 1460
f 1460 1359 1461
f 1359 1360 1461
f 1461 1360 1462
f 1360 1361 1462
f 1462 1361 1463
f 1361 1362 1463
f 1463 1362 1464
f 1362 1363 1464
f 1464 1363 1465
f 1363 1364 1465
f 1465 1364 1466
f 1364 1365 1466
f 1466 1365 1467
f 1365 1366 1467
f 1467 1366 1468
f 1366 1367 1468
f 1468 1367 1469
f 1367 1368 1469
f 1469 1368 1470
f 1368 1369 1470
f 1470 1369 1471
f 1369 1370 1471
f 1471 1370 1472
f 1370 1371 1472
f 1472 1371 1473
f 1371 1372 1473
f 1473 1372 1474
f 1372 1373 1474
f 1474 1373 1475
f 1373 1374 1475
f 1475 1374 1476
f 1374 1375 1476
f 1476 1375 1477
f 1375 1376 1477
f 1477 1376 1478
f 1376 1377 1478
f 1478 1377 1479
f 1377 1378 1479
f 1479 1378 1480
f 1378 1379 1480
f 1480 1379 1481
f 1379 1380 1481
f 1481 1380 1482
f 1380 1381 1482
f 1482 1381 1483
f 1381 1382 1483
f 1483 1382 1484
f 1382 1383 1484
f 1484 1383 1485
f 1383 1384 1485
f 1485 1384 1486
f 1384 1385 1486
f 1486 1385 1487
f 1385 1386 1487
f 1487 1386 1488
f 1386 1387 1488
f 1488 1387 1489
f 1387 1388 1489
f 1489 1388 1490
f 1388 1389 1490
f 1490 1389 1491
f 1389 1390 1491
f 1491 1390 1492
f 1390 1391 1492
f 1492 1391 1493
f 1391 1392 1493
f 1493 1392 1494
f 1392 1393 1494
f 1494 1393 1495
f 1393 1394 1495
f 1495 1394 1496
f 1394 1395 1496
f 1496 1395 1497
f 1395 1396 1497
f 1497 1396 1498
f 1396 1397 1498
f 1498 1397 1499
f 1397 1398 1499
f 1499 1398 1500
f 1398 1399 1500
f 1500 1399 1501
f 1399 1400 1501
f 1501 1400 1502
f 1400 1401 1502
f 1502 1401 1503
f 1401 1402 1503
f 1503 1402 1504
f 1402 1403 1504
f 1504 1403 1505
f 1403 1404 1505
f 1505 1404 1506
f 1404 1405 1506
f 1506 1405 1507
f 1405 1406 1507
f 1507 1406 1508
f 1406 1407 1508
f 1508 1407 1509
f 1407 1408 1509
f 1509 1408 1510
f 1408 1409 1510
f 1510 1409 1511
f 1409 1410 1511
f 1511 1410 1512
f 1410 1411 1512
f 1512 1411 1513
f 1411 1412 1513
f 1513 1412 1514
f 1412 1413 1514
f 1514 1413 1515
f 1413 1414 1515
f 1516 1415 1517
f 1415 1416 1517
f 1517 1416 1518
f 1416 1417 1518
f 1518 1417 1519
f 1417 1418 1519
f 1519 1418 1520
f 1418 1419 1520
f 1520 1419 1521
f 1419 1420 1521
f 1521 1420 1522
f 1420 1421 1522
f 1522 1421 1523
f 1421 1422 1523
f 1523 1422 1524
f 1422 1423 1524
f 1524 1423 1525
f 1423 1424 1525
f 1525 1424 1526
f 1424 1425 1526
f 1526 1425 1527
f 1425 1426 1527
f 1527 1426 1528
f 1426 1427 1528
f 1528 1427 1529
f 1427 1428 1529
f 1529 1428 1530
f 1428 1429 1530
f 1530 1429 1531
f 1429 1430 1531
f 1531 1430 1532
f 1430 1431 1532
f 1532 1431 1533
f 1431 1432 1533
f 1533 1432 1534
f 1432 1433 1534
f 1534 1433 1535
f 1433 1434 1535
f 1535 1434 1536
f 1434 1435 1536
f 1536 1435 1537
f 1435 1436 1537
f 1537 1436 1538
f 1436 1437 1538
f 1538 1437 1539
f 1437 1438 1539
f 1539 1438 1540
f 1438 1439 1540
f 1540 1439 1541
f 1439 1440 1541
f 1541 1440 1542
f 1440 1441 1542
f 1542 1441 1543
f 1441 1442 1543
f 1543 1442 1544
f 1442 1443 1544
f 1544 1443 1545
f 1443 1444 1545
f 1545 1444 1546
f 1444 1445 1546
f 1546 1445 1547
f 1445 1446 1547
f 1547 1446 1548
f 1446 1447 1548
f 1548 1447 1549
f 1447 1448 1549
f 1549 1448 1550
f 1448 1449 1550
f 1550 1449 1551
f 1449 1450 1551
f 1551 1450 1552
f 1450 1451 1552
f 1552 1451 1553
f 1451 1452 1553
f 1553 1452 1554
f 1452 1453 1554
f 1554 1453 1555
f 1453 1454 1555
f 1555 1454 1556
f 1454 1455 1556
f 1556 1455 1557
f 1455 1456 1557
f 1557 1456 1558
f 1456 1457 1558
f 1558 1457 1559
f 1457 1458 1559
f 1559 1458 1560
f 1458 1459 1560
f 1560 1459 1561
f 1459 1460 1561
f 1561 1460 1562
f 1460 1461 1562
f 1562 1461 1563
f 1461 1462 1563
f 1563 1462 1564
f 1462 1463 1564
f 1564 1463 1565
f 1463 1464 1565
f 1565 1464 1566
f 1464 1465 1566
f 1566 1465 1567
f 1465 1466 1567
f 1567 1466 1568
f 1466 1467 1568
f 1568 1467 1569
f 1467 1468 1569
f 1569 1468 1570
f 1468 1469 1570
f 1570 1469 1571
f 1469 1470 1571
f 1571 1470 1572
f 1470 1471 1572
f 1572 1471 1573
f 1471 1472 1573
f 1573 1472 1574
f 1472 1473 1574
f 1574 1473 1575
f 1473 1474 1575
f 1575 1474 1576
f 1474 1475 1576
f 1576 1475 1577
f 1475 1476 1577
f 1577 1476 1578
f 1476 1477 1578
f 1578 1477 1579
f 1477 1478 1579
f 1579 1478 1580
f 1478 1479 1580
f 1580 1479 1581
f 1479 1480 1581
f 1581 1480 1582
f 1480 1481 1582
f 1582 1481 1583
f 1481 1482 1583
f 1583 1482 1584
f 1482 1483 1584
f 1584 1483 1585
f 1483 1484 1585
f 1585 1484 1586
f 1484 1485 1586
f 1586 1485 1587
f 1485 1486 1587
f 1587 1486 1588
f 1486 1487 1588
f 1588 1487 1589
f 1487 1488 1589
f 1589 1488 1590
f 1488 1489 1590
f 1590 1489 1591
f 1489 1490 1591
f 1591 1490 1592
f 1490 1491 1592
f 1592 1491 1593
f 1491 1492 1593
f 1593 1492 1594
f 1492 1493 1594
f 1594 1493 1595
f 1493 1494 1595
f 1595 1494 1596
f 1494 1495 1596
f 1596 1495 1597
f 1495 1496 1597
f 1597 1496 1598
f 1496 1497 1598
f 1598 1497 1599
f 1497 1498 1599
f 1599 1498 1600
f 1498 1499 1600
f 1600 1499 1601
f 1499 1500 1601
f 1601 1500 1602
f 1500 1501 1602
f 1602 1501 1603
f 1501 1502 1603
f 1603 1502 1604
f 1502 1503 1604
f 1604 1503 1605
f 1503 1504 1605
f 1605 1504 1606
f 1504 1505 1606
f 1606 1505 1607
f 1505 1506 1607
f 1607 1506 1608
f 1506 1507 1608
f 1608 1507 1609
f 1507 1508 1609
f 1609 1508 1610
f 1508 1509 1610
f 1610 1509 1611
f 1509 1510 1611
f 1611 1510 1612
f 1510 1511 1612
f 1612 1511 1613
f 1511 1512 1613
f 1613 1512 1614
f 1512 1513 1614
f 1614 1513 1615
f 1513 1514 1615
f 1615 1514 1616
f 1514 1515 1616
f 1617 1516 1618
f 1516 1517 1618
f 1618 1517 1619
f 1517 1518 1619
f 1619 1518 1620
f 1518 1519 1620
f 1620 1519 1621
f 1519 1520 1621
f 1621 1520 1622
f 1520 1521 1622
f 1622 1521 1623
f 1521 1522 1623
f 1623 1522 1624
f 1522 1523 1624
f 1624 1523 1625
f 1523 1524 1625
f 1625 1524 1626
f 1524 1525 1626
f 1626 1525 1627
f 1525 1526 1627
f 1627 1526 1628
f 1526 1527 1628
f 1628 1527 1629
f 1527 1528 1629
f 1629 1528 1630
f 1528 1529 1630
f 1630 1529 1631
f 1529 1530 1631
f 1631 1530 1632
f 1530 1531 1632
f 1632 1531 1633
f 1531 1532 1633
f 1633 1532 1634
f 1532 1533 1634
f 1634 1533 1635
f 1533 1534 1635
f 1635 1534 1636
f 1534 1535 1636
f 1636 1535 1637
f 1535 1536 1637
f 1637 1536 1638
f 1536 1537 1638
f 1638 1537 1639
f 1537 1538 1639
f 1639 1538 1640
f 1538 1539 1640
f 1640 1539 1641
f 1539 1540 1641
f 1641 1540 1642
f 1540 1541 1642
f 1642 1541 1643
f 1541 1542 1643
f 1643 1542 1644
f 1542 1543 1644
f 1644 1543 1645
f 1543 1544 1645
f 1645 1544 1646
f 1544 1545 1646
f 1646 1545 1647
f 1545 1546 1647
f 1647 1546 1648
f 1546 1547 1648
f 1648 1547 1649
f 1547 1548 1649
f 1649 1548 1650
f 1548 1549 1650
f 1650 1549 1651
f 1549 1550 1651
f 1651 1550 1652
f 1550 1551 1652
f 1652 1551 1653
f 1551 1552 1653
f 1653 1552 1654
f 1552 1553 1654
f 1654 1553 1655
f 1553 1554 1655
f 1655 1554 1656
f 1554 1555 1656
f 1656 1555 1657
f 1555 1556 1657
f 1657 1556 1658
f 1556 1557 1658
f 1658 1557 1659
f 1557 1558 1659
f 1659 1558 1660
f 1558 1559 1660
f 1660 1559 1661
f 1559 1560 1661
f 1661 1560 1662
f 1560 1561 1662
f 1662 1561 1663
f 1561 1562 1663
f 1663 1562 1664
f 1562 1563 1664
f 1664 1563 1665
f 1563 1564 1665
f 1665 1564 1666
f 1564 1565 1666
f 1666 1565 1667
f 1565 1566 1667
f 1667 1566 1668
f 1566 1567 1668
f 1668 1567 1669
f 1567 1568 1669
f 1669 1568 1670
f 1568 1569 1670
f 1670 1569 1671
f 1569 1570 1671
f 1671 1570 1672
f 1570 1571 1672
f 1672 1571 1673
f 1571 1572 1673
f 1673 1572 1674
f 1572 1573 1674
f 1674 1573 1675
f 1573 1574 1675
f 1675 1574 1676
f 1574 1575 1676
f 1676 1575 1677
f 1575 1576 1677
f 1677 1576 1678
f 1576 1577 1678
f 1678 1577 1679
f 1577 1578 1679
f 1679 1578 1680
f 1578 1579 1680
f 1680 1579 1681
f 1579 1580 1681
f 1681 1580 1682
f 1580 1581 1682
f 1682 1581 1683
f 1581 1582 1683
f 1683 1582 1684
f 1582 1583 1684
f 1684 1583 1685
f 1583 1584 1685
f 1685 1584 1686
f 1584 1585 1686
f 1686 1585 1687
f 1585 1586 1687
f 1687 1586 1688
f 1586 1587 1688
f 1688 1587 1689
f 1587 1588 1689
f 1689 1588 1690
f 1588 1589 1690
f 1690 1589 1691
f 1589 1590 1691
f 1691 1590 1692
f 1590 1591 1692
f 1692 1591 1693
f 1591 1592 1693
f 1693 1592 1694
f 1592 1593 1694
f 1694 1593 1695
f 1593 1594 1695
f 1695 1594 1696
f 1594 1595 1696
f 1696 1595 1697
f 1595 1596 1697
f 1697 1596 1698
f 1596 1597 1698
f 1698 1597 1699
f 1597 1598 1699
f 1699 1598 1700
f 1598 1599 1700
f 1700 1599 1701
f 1599 1600 1701
f 1701 1600 1702
f 1600 1601 1702
f 1702 1601 1703
f 1601 1602 1703
f 1703 1602 1704
f 1602 1603 1704
f 1704 1603 1705
f 1603 1604 1705
f 1705 1604 1706
f 1604 1605 1706
f 1706 1605 1707
f 1605 1606 1707
f 1707 1606 1708
f 1606 1607 1708
f 1708 1607 1709
f 1607 1608 1709
f 1709 1608 1710
f 1608 1609 1710
f 1710 1609 1711
f 1609 1610 1711
f 1711 1610 1712
f 1610 1611 1712
f 1712 1611 1713
f 1611 1612 1713
f 1713 1612 1714
f 1612 1613 1714
f 1714 1613 1715
f 1613 1614 1715
f 1715 1614 1716
f 1614 1615 1716
f 1716 1615 1717
f 1615 1616 1717
