time,ego_speed,acceleration_cmd,mode,distance_error,distance,ttc
0.0,0.0,3.0,cruise,,,
0.1,0.30000000000000004,3.0,cruise,,,
0.2,0.6000000000000001,3.0,cruise,,,
0.3,0.9000000000000001,3.0,cruise,,,
0.4,1.2000000000000002,3.0,cruise,,,
0.5,1.5000000000000002,3.0,cruise,,,
0.6,1.8000000000000003,3.0,cruise,,,
0.7,2.1000000000000005,3.0,cruise,,,
0.8,2.4000000000000004,3.0,cruise,,,
0.9,2.7,3.0,cruise,,,
1.0,3.0,3.0,cruise,,,
1.1,3.3,3.0,cruise,,,
1.2,3.5999999999999996,3.0,cruise,,,
1.3,3.8999999999999995,3.0,cruise,,,
1.4,4.199999999999999,3.0,cruise,,,
1.5,4.499999999999999,3.0,cruise,,,
1.6,4.799999999999999,3.0,cruise,,,
1.7,5.099999999999999,3.0,cruise,,,
1.8,5.399999999999999,3.0,cruise,,,
1.9,5.699999999999998,3.0,cruise,,,
2.0,5.999999999999998,3.0,cruise,,,
2.1,6.299999999999998,3.0,cruise,,,
2.2,6.599999999999998,3.0,cruise,,,
2.3,6.899999999999998,3.0,cruise,,,
2.4,7.1999999999999975,3.0,cruise,,,
2.5,7.499999999999997,3.0,cruise,,,
2.6,7.799999999999997,3.0,cruise,,,
2.7,8.099999999999998,3.0,cruise,,,
2.8,8.399999999999999,3.0,cruise,,,
2.9,8.7,3.0,cruise,,,
3.0,9.0,3.0,cruise,,,
3.1,9.3,3.0,cruise,,,
3.2,9.600000000000001,3.0,cruise,,,
3.3,9.900000000000002,3.0,cruise,,,
3.4,10.200000000000003,3.0,cruise,,,
3.5,10.500000000000004,3.0,cruise,,,
3.6,10.800000000000004,3.0,cruise,,,
3.7,11.100000000000005,3.0,cruise,,,
3.8,11.400000000000006,3.0,cruise,,,
3.9,11.700000000000006,3.0,cruise,,,
4.0,12.000000000000007,3.0,cruise,,,
4.1,12.300000000000008,3.0,cruise,,,
4.2,12.600000000000009,3.0,cruise,,,
4.3,12.90000000000001,3.0,cruise,,,
4.4,13.20000000000001,3.0,cruise,,,
4.5,13.50000000000001,3.0,cruise,,,
4.6,13.800000000000011,3.0,cruise,,,
4.7,14.100000000000012,3.0,cruise,,,
4.8,14.400000000000013,3.0,cruise,,,
4.9,14.700000000000014,3.0,cruise,,,
5.0,15.000000000000014,3.0,cruise,,,
5.1,15.300000000000015,3.0,cruise,,,
5.2,15.600000000000016,3.0,cruise,,,
5.3,15.900000000000016,3.0,cruise,,,
5.4,16.200000000000017,3.0,cruise,,,
5.5,16.500000000000018,3.0,cruise,,,
5.6,16.80000000000002,3.0,cruise,,,
5.7,17.10000000000002,3.0,cruise,,,
5.8,17.40000000000002,3.0,cruise,,,
5.9,17.70000000000002,3.0,cruise,,,
6.0,18.00000000000002,3.0,cruise,,,
6.1,18.300000000000022,3.0,cruise,,,
6.2,18.600000000000023,3.0,cruise,,,
6.3,18.900000000000023,3.0,cruise,,,
6.4,19.200000000000024,3.0,cruise,,,
6.5,19.500000000000025,3.0,cruise,,,
6.6,19.800000000000026,3.0,cruise,,,
6.7,20.100000000000026,3.0,cruise,,,
6.8,20.400000000000027,3.0,cruise,,,
6.9,20.700000000000028,3.0,cruise,,,
7.0,21.00000000000003,3.0,cruise,,,
7.1,21.30000000000003,3.0,cruise,,,
7.2,21.60000000000003,3.0,cruise,,,
7.3,21.90000000000003,3.0,cruise,,,
7.4,22.20000000000003,3.0,cruise,,,
7.5,22.500000000000032,3.0,cruise,,,
7.6,22.800000000000033,3.0,cruise,,,
7.7,23.100000000000033,3.0,cruise,,,
7.8,23.400000000000034,2.9699999999999847,cruise,,,
7.9,23.69700000000003,2.836349999999986,cruise,,,
8.0,23.98063500000003,2.708714249999986,cruise,,,
8.1,24.25150642500003,2.586822108749986,cruise,,,
8.2,24.51018863587503,2.4704151138562374,cruise,,,
8.3,24.757230147260653,2.359246433732706,cruise,,,
8.4,24.993154790633923,2.2530803442147347,cruise,,,
8.5,25.218462825055397,2.1516917287250714,cruise,,,
8.6,25.433631997927904,2.0548656009324433,cruise,,,
8.7,25.63911855802115,1.962396648890483,cruise,,,
8.8,25.835358222910198,1.874088799690411,cruise,,,
8.9,26.02276710287924,1.7897548037043423,cruise,,,
9.0,26.201742583249672,1.7092158375376476,cruise,,,
9.1,26.372664167003435,1.632301124848454,cruise,,,
9.2,26.535894279488282,1.558847574230273,cruise,,,
9.3,26.69177903691131,1.4886994333899106,cruise,,,
9.4,26.8406489802503,1.421707958887365,cruise,,,
9.5,26.98281977613904,1.3577311007374326,cruise,,,
9.6,27.11859288621278,1.2966332012042485,cruise,,,
9.7,27.248256206333206,1.2382847071500573,cruise,,,
9.8,27.37208467704821,1.1825618953283052,cruise,,,
9.9,27.49034086658104,1.1293466100385323,cruise,,,
10.0,27.60327552758489,1.078526012586799,cruise,,,
10.1,27.711128128843573,1.0299923420203922,cruise,,,
10.2,27.81412736304561,0.9836426866294753,cruise,,,
10.3,27.91249163170856,0.9393787657311486,cruise,,,
10.4,28.006429508281673,0.897106721273247,cruise,,,
10.5,28.096140180408998,0.8567369188159509,cruise,,,
10.6,28.181813872290594,0.8181837574692329,cruise,,,
10.7,28.263632248037517,0.7813654883831174,cruise,,,
10.8,28.34176879687583,0.7462040414058768,cruise,,,
10.9,28.41638920101642,0.7126248595426118,cruise,,,
11.0,28.48765168697068,0.6805567408631944,cruise,,,
11.1,28.555707361057,0.6499316875243503,cruise,,,
11.2,28.620700529809433,0.6206847615857551,cruise,,,
11.3,28.68276900596801,0.5927539473143961,cruise,,,
11.4,28.74204440069945,0.5660800196852481,cruise,,,
11.5,28.798652402667972,0.5406064187994124,cruise,,,
11.6,28.852713044547915,0.5162791299534382,cruise,,,
11.7,28.90434095754326,0.49304656910553374,cruise,,,
11.8,28.953645614453812,0.47085947349578455,cruise,,,
11.9,29.00073156180339,0.44967079718847386,cruise,,,
12.0,29.04569864152224,0.4294356113149922,cruise,,,
12.1,29.088642202653737,0.41011100880581813,cruise,,,
12.2,29.12965330353432,0.3916560134095565,cruise,,,
12.3,29.168818904875273,0.374031492806127,cruise,,,
12.4,29.206222054155887,0.35720007562985073,cruise,,,
12.5,29.241942061718873,0.341126072226507,cruise,,,
12.6,29.276054668941523,0.32577539897631475,cruise,,,
12.7,29.308632208839153,0.311115506022381,cruise,,,
12.8,29.33974375944139,0.29711530825137444,cruise,,,
12.9,29.36945529026653,0.2837451193800618,cruise,,,
13.0,29.397829802204537,0.27097658900795824,cruise,,,
13.1,29.424927461105334,0.2587826425025998,cruise,,,
13.2,29.450805725355593,0.24713742358998303,cruise,,,
13.3,29.47551946771459,0.23601623952843412,cruise,,,
13.4,29.499121091667433,0.225395508749655,cruise,,,
13.5,29.5216606425424,0.21525271085591982,cruise,,,
13.6,29.543185913627994,0.20556633886740272,cruise,,,
13.7,29.563742547514735,0.19631585361836912,cruise,,,
13.8,29.58337413287657,0.187481640205543,cruise,,,
13.9,29.602122296897125,0.1790449663962937,cruise,,,
14.0,29.620026793536756,0.17098794290845998,cruise,,,
14.1,29.6371255878276,0.16329348547757958,cruise,,,
14.2,29.653454936375358,0.15594527863108906,cruise,,,
14.3,29.669049464238466,0.14892774109269044,cruise,,,
14.4,29.683942238347736,0.1422259927435187,cruise,,,
14.5,29.698164837622087,0.13582582307006064,cruise,,,
14.6,29.711747419929093,0.12971366103190807,cruise,,,
14.7,29.724718786032284,0.12387654628547225,cruise,,,
14.8,29.73710644066083,0.11830210170262596,cruise,,,
14.9,29.748936650831094,0.11297850712600753,cruise,,,
15.0,29.760234501543696,0.10789447430533682,cruise,,,
15.1,29.77102394897423,0.10303922296159716,cruise,,,
15.2,29.78132787127039,0.09840245792832523,cruise,,,
15.3,29.791168117063222,0.09397434732155006,cruise,,,
15.4,29.800565551795376,0.08974550169208069,cruise,,,
15.5,29.809540101964583,0.08570695411593779,cruise,,,
15.6,29.818110797376175,0.08185014118072136,cruise,,,
15.7,29.826295811494248,0.07816688482758849,cruise,,,
15.8,29.834112499977007,0.074649375010347,cruise,,,
15.9,29.84157743747804,0.07129015313488178,cruise,,,
16.0,29.84870645279153,0.0680820962438121,cruise,,,
16.1,29.85551466241591,0.0650184019128405,cruise,,,
16.2,29.862016502607194,0.06209257382676281,cruise,,,
16.3,29.86822575998987,0.059298408004558927,cruise,,,
16.4,29.874155600790324,0.05662997964435412,cruise,,,
16.5,29.87981859875476,0.054081630560358106,cruise,,,
16.6,29.885226761810795,0.05164795718514217,cruise,,,
16.7,29.89039155752931,0.04932379911181091,cruise,,,
16.8,29.89532393744049,0.04710422815177911,cruise,,,
16.9,29.90003436025567,0.04498453788494832,cruise,,,
17.0,29.904532814044167,0.042960233680124915,cruise,,,
17.1,29.90882883741218,0.041027023164518894,cruise,,,
17.2,29.912931539728632,0.03918080712211563,cruise,,,
17.3,29.916849620440843,0.03741767080162078,cruise,,,
17.4,29.920591387521004,0.035733875615548354,cruise,,,
17.5,29.92416477508256,0.03412585121284835,cruise,,,
17.6,29.927577360203845,0.03259018790826982,cruise,,,
17.7,29.930836378994673,0.03112362945239706,cruise,,,
17.8,29.93394874193991,0.029723066127039923,cruise,,,
17.9,29.936921048552616,0.02838552815132278,cruise,,,
18.0,29.939759601367747,0.027108179384513775,cruise,,,
18.1,29.942470419306197,0.025888311312211344,cruise,,,
18.2,29.945059250437417,0.024723337303162295,cruise,,,
18.3,29.947531584167734,0.023610787124519562,cruise,,,
18.4,29.949892662880185,0.022548301703916886,cruise,,,
18.5,29.952147493050575,0.0215336281272414,cruise,,,
18.6,29.9543008558633,0.02056461486151573,cruise,,,
18.7,29.95635731734945,0.01963920719274732,cruise,,,
18.8,29.958321238068724,0.01875544286907438,cruise,,,
18.9,29.96019678235563,0.017911447939966154,cruise,,,
19.0,29.96198792714963,0.017105432782667053,cruise,,,
19.1,29.963698470427897,0.016335688307446538,cruise,,,
19.2,29.96533203925864,0.015600582333611612,cruise,,,
19.3,29.966892097492003,0.01489855612859845,cruise,,,
19.4,29.968381953104863,0.014228121102811464,cruise,,,
19.5,29.969804765215144,0.013587855653184988,cruise,,,
19.6,29.971163550780464,0.012976402148791344,cruise,,,
19.7,29.972461190995343,0.012392464052095598,cruise,,,
19.8,29.973700437400552,0.011834803169751495,cruise,,,
19.9,29.974883917717527,0.011302237027112838,cruise,,,
20.0,29.976014141420237,0.010793636360893545,cruise,,,
20.1,29.977093505056327,0.010307922724652663,cruise,,,
20.2,29.978124297328794,0.009844066202042789,cruise,,,
20.3,29.979108703949,0.009401083222950569,cruise,,,
20.4,29.980048812271292,0.008978034477918584,cruise,,,
20.5,29.980946615719084,0.008574022926412184,cruise,,,
20.6,29.981804018011726,0.008188191894723395,cruise,,,
20.7,29.9826228372012,0.007819723259460787,cruise,,,
20.8,29.983404809527144,0.007467835712785131,cruise,,,
20.9,29.984151593098424,0.007131783105709034,cruise,,,
21.0,29.984864771408994,0.00681085286595291,cruise,,,
21.1,29.985545856695587,0.006504364486985637,cruise,,,
21.2,29.986196293144285,0.006211668085071587,cruise,,,
21.3,29.986817459952793,0.005932143021243341,cruise,,,
21.4,29.987410674254917,0.005665196585287191,cruise,,,
21.5,29.987977193913444,0.005410262738950067,cruise,,,
21.6,29.988518220187338,0.005166800915698033,cruise,,,
21.7,29.989034900278906,0.004934294874492373,cruise,,,
21.8,29.989528329766355,0.004712251605140417,cruise,,,
21.9,29.989999554926868,0.004500200282909361,cruise,,,
22.0,29.99044957495516,0.004297691270177673,cruise,,,
22.1,29.990879344082177,0.004104295163020133,cruise,,,
22.2,29.991289773598478,0.003919601880684987,cruise,,,
22.3,29.991681733786546,0.003743219796054298,cruise,,,
22.4,29.992056055766152,0.0035747749052314147,cruise,,,
22.5,29.992413533256677,0.0034139100344953376,cruise,,,
22.6,29.992754924260126,0.003260284082943343,cruise,,,
22.7,29.99308095266842,0.0031135712992103495,cruise,,,
22.8,29.99339230979834,0.002973460590746235,cruise,,,
22.9,29.993689655857416,0.0028396548641627106,cruise,,,
23.0,29.993973621343834,0.0027118703952748293,cruise,,,
23.1,29.99424480838336,0.0025898362274878297,cruise,,,
23.2,29.99450379200611,0.0024732935972503257,cruise,,,
23.3,29.994751121365834,0.0023619953853748045,cruise,,,
23.4,29.99498732090437,0.0022557055930327863,cruise,,,
23.5,29.995212891463673,0.0021541988413471104,cruise,,,
23.6,29.99542831134781,0.0020572598934862187,cruise,,,
23.7,29.995634037337158,0.001964683198278827,cruise,,,
23.8,29.995830505656986,0.001876272454356176,cruise,,,
23.9,29.99601813290242,0.0017918401939105877,cruise,,,
24.0,29.996197316921812,0.0017112073851846433,cruise,,,
24.1,29.99636843766033,0.001634203052851646,cruise,,,
24.2,29.996531857965614,0.0015606639154736258,cruise,,,
24.3,29.99668792435716,0.0014904340392774885,cruise,,,
24.4,29.996836967761087,0.001423364507510705,cruise,,,
24.5,29.996979304211838,0.001359313104673099,cruise,,,
24.6,29.997115235522305,0.0012981440149628654,cruise,,,
24.7,29.9972450499238,0.0012397275342893367,cruise,,,
24.8,29.99736902267723,0.0011839397952465803,cruise,,,
24.9,29.997487416656753,0.0011306625044610996,cruise,,,
25.0,29.9976004829072,0.0010797826917604782,cruise,,,
25.1,29.997708461176376,0.001031192470630593,cruise,,,
25.2,29.997811580423438,0.0009847888094530078,cruise,,,
25.3,29.997910059304385,0.0009404733130269349,cruise,,,
25.4,29.998004106635687,0.0008981520139409227,cruise,,,
25.5,29.998093921837082,0.0008577351733130457,cruise,,,
25.6,29.998179695354413,0.0008191370905143103,cruise,,,
25.7,29.998261609063466,0.0007822759214404229,cruise,,,
25.8,29.99833983665561,0.0007470735049754041,cruise,,,
25.9,29.998414544006106,0.0007134551972521663,cruise,,,
26.0,29.99848588952583,0.0006813497133759228,cruise,,,
26.1,29.998554024497167,0.0006506889762746938,cruise,,,
26.2,29.998619093394794,0.0006214079723427801,cruise,,,
26.3,29.998681234192027,0.0005934446135878347,cruise,,,
26.4,29.998740578653386,0.0005667396059761742,cruise,,,
26.5,29.998797252613983,0.00054123632370775,cruise,,,
26.6,29.998851376246353,0.0005168806891409971,cruise,,,
26.7,29.998903064315268,0.0004936210581293565,cruise,,,
26.8,29.99895242642108,0.0004714081105136714,cruise,,,
26.9,29.998999567232133,0.0004501947455402444,cruise,,,
27.0,29.999044586706688,0.0004299359819903259,cruise,,,
27.1,29.999087580304888,0.00041058886280040955,cruise,,,
27.2,29.999128639191166,0.00039211236397509455,cruise,,,
27.3,29.999167850427565,0.00037446730759587153,cruise,,,
27.4,29.999205297158323,0.0003576162787547688,cruise,,,
27.5,29.999241058786197,0.00034152354621141967,cruise,,,
27.6,29.99927521114082,0.0003261549866312663,cruise,,,
27.7,29.999307826639484,0.0003114780122322358,cruise,,,
27.8,29.999338974440708,0.00029746150168161737,cruise,,,
27.9,29.999368720590876,0.0002840757341056488,cruise,,,
28.0,29.999397128164286,0.00027129232607112644,cruise,,,
28.1,29.999424257396893,0.00025908417139834937,cruise,,,
28.2,29.999450165814032,0.0002474253836854956,cruise,,,
28.3,29.9994749083524,0.00023629124141972825,cruise,,,
28.4,29.999498537476544,0.00022565813555512905,cruise,,,
28.5,29.9995211032901,0.00021550351945514025,cruise,,,
28.6,29.999542653642045,0.00020580586107961097,cruise,,,
28.7,29.99956323422815,0.00019654459733171593,cruise,,,
28.8,29.999582888687886,0.00018770009045123714,cruise,,,
28.9,29.999601658696932,0.0001792535863806677,cruise,,,
29.0,29.99961958405557,0.00017118717499382542,cruise,,,
29.1,29.999636702773067,0.00016348375211983068,cruise,,,
29.2,29.99965305114828,0.00015612698327451823,cruise,,,
29.3,29.999668663846606,0.00014910126902734078,cruise,,,
29.4,29.99968357397351,0.00014239171192063083,cruise,,,
29.5,29.999697813144703,0.00013598408488366687,cruise,,,
29.6,29.999711411553193,0.00012986480106320643,cruise,,,
29.7,29.999724398033297,0.00012402088501612952,cruise,,,
29.8,29.9997368001218,0.00011843994519065149,cruise,,,
29.9,29.999748644116316,0.00011311014765773564,cruise,,,
30.0,29.999759955131083,-8.0,follow,-2.8996399326966014,52.10000000000002,11.253283216607917
30.1,29.199759955131082,3.0,follow,-2.1296159282097307,51.67002400448689,12.016955491393627
30.2,29.499759955131083,-8.0,follow,-2.9805919237228693,51.269048008973755,12.786064149143737
30.3,28.699759955131082,3.0,follow,-2.0365679192359067,51.013072013460715,19.92884993423081
30.4,28.999759955131083,-8.0,follow,-2.904543914749098,50.595096017947526,12.104785097966422
30.5,28.199759955131082,3.0,follow,-2.042519910262243,50.25712002243438,14.870026478103883
30.6,28.499759955131083,-8.0,follow,-2.724495905775285,50.02514402692134,21.564793338323906
30.7,27.699759955131082,3.0,follow,-1.7364719012884535,49.81316803140817,23.49943818441828
30.8,27.999759955131083,-8.0,follow,-2.5214478968015612,49.47819203589506,14.770667957895169
30.9,27.199759955131082,3.0,follow,-1.5004238923146005,49.29921604038202,27.545155370721965
31.0,27.499759955131083,-8.0,follow,-2.23539988782764,49.014240044868984,17.19942760674185
31.1,26.699759955131082,3.0,follow,-1.2403758833407466,48.809264049355875,23.812185386475896
31.2,26.999759955131083,-8.0,follow,-1.8723518788538343,48.62728805384279,26.72181455401903
31.3,26.199759955131082,3.0,follow,-0.9353278743669335,48.36431205832969,18.391150859211766
31.4,26.499759955131083,-8.0,follow,-1.664303869880115,48.08533606281651,17.236370453441804
31.5,25.699759955131082,3.0,follow,-0.5762798653932606,47.97336006730336,42.84253946345795
31.6,25.999759955131083,-8.0,follow,-1.2022558609063765,47.79738407179025,27.161309093563176
31.7,25.199759955131082,3.0,follow,0.0017681435804632883,47.801408076277085,
31.8,25.499759955131083,-8.0,follow,-0.5662078519326599,47.683432080763964,40.41791033284045
31.9,24.699759955131082,3.0,follow,0.5578161525542527,47.607456085250874,62.66118102662728
32.0,24.999759955131083,-6.746636741441868,follow,0.21784015704119497,47.71748008973782,
32.1,24.325096280986894,3.0,follow,1.2803260401586982,47.76797046163904,
32.2,24.625096280986895,-7.431567425874992,follow,0.8728164120599899,47.81046083354033,
32.3,23.881939538399397,3.0,follow,1.9923575721013052,47.8152668797004,
32.4,24.181939538399398,-6.737029128547307,follow,1.5831636182613238,47.85607292586042,
32.5,23.50823662554467,3.0,follow,2.7508943249889626,48.013249263305966,
32.6,23.80823662554467,-6.1132914337269595,follow,2.3340706624344847,48.04642560075149,
32.7,23.196907482171973,3.0,follow,3.459373629276328,48.254734852534284,
32.8,23.496907482171974,-3.857150645804263,follow,3.114682881059167,48.360044104317126,
32.9,23.111192417591546,3.0,follow,3.8601362361706464,48.52692486255796,
33.0,23.411192417591547,-3.2394656371390926,follow,3.5240169944114825,48.6408056207988,
33.1,23.087245853877636,3.0,follow,4.340212254594633,48.97108103541109,
33.2,23.387245853877637,-1.7431483352971995,follow,4.050487669206845,49.131356450023304,
33.3,23.212931020347916,3.0,follow,4.411666817466667,49.23106334798854,
33.4,23.512931020347917,-0.5697124193474865,follow,4.172373715431888,49.44177024595376,
33.5,23.455959778413167,3.0,follow,4.320234600492725,49.50417426811248,
33.6,23.755959778413168,-2.09585066214275,follow,4.01063862265142,49.64457829027117,
33.7,23.546374712198894,3.0,follow,4.323378750752866,49.642940819051205,3031.6832574564805
33.8,23.846374712198894,-4.677517272681998,follow,3.888741279532951,49.65830334783129,
33.9,23.378622984930693,3.0,follow,4.767506571942178,49.835441049338215,
34.0,23.678622984930694,-0.5797500700024028,follow,4.504644273449088,50.02257875084513,
34.1,23.620647977930453,3.0,follow,4.7425419861563824,50.173513953052066,
34.2,23.920647977930454,-2.411297045215365,follow,4.391477188363304,50.27244915525898,
34.3,23.679518273408917,3.0,follow,4.86221991780468,50.381497327918055,
34.4,23.979518273408917,-4.5109192940293115,follow,4.403268090463811,50.37254550057719,562.7068483601878
34.5,23.528426344005986,3.0,follow,5.173063350167595,50.46570286617657,
34.6,23.828426344005987,-2.2368913895908413,follow,4.805220715767007,50.547860231775985,
34.7,23.604737205046902,3.0,follow,5.359280703700854,50.76638651127121,
34.8,23.904737205046903,-0.8779064058105002,follow,5.0448069831961035,50.90191279076646,
34.9,23.81694656446585,3.0,follow,5.162798287621136,50.888218134319914,371.59178350187153
35.0,24.116946564465852,-1.5120889670745026,follow,4.825103631174564,51.000523477873344,
35.1,23.9657376677584,3.0,follow,5.1263432094598755,51.074949711097474,
35.2,24.2657376677584,-3.386879798890777,follow,4.698769442683982,51.097375944321584,
35.3,23.927049687869324,3.0,follow,5.360096443730733,51.25067097553472,
35.4,24.227049687869325,-0.3317593672575452,follow,5.0643914749438395,51.40496600674783,
35.5,24.19387375114357,3.0,follow,5.2647680049181105,51.555578631633466,
35.6,24.49387375114357,-3.8770825957736728,follow,4.802380629803736,51.543191256519094,416.0945380331653
35.7,24.106165491566205,3.0,follow,5.450326470013103,51.60957470736241,
35.8,24.406165491566206,-1.6066616036120775,follow,5.084709920856454,51.69395815820576,
35.9,24.245499331205,3.0,follow,5.474159228277749,51.84240822508525,
36.0,24.545499331205,-3.1038910659690675,follow,5.033609295157348,51.851858291964845,
36.1,24.235110224608093,3.0,follow,5.561681932591853,51.91434726950399,
36.2,24.535110224608093,-3.9283669735894904,follow,5.075170910131064,51.877836247043206,142.08814968884732
36.3,24.142273527249145,3.0,follow,5.660198603444577,51.873608894318295,1227.094408010845
36.4,24.442273527249146,-0.5559573890129652,follow,5.3269712507196445,51.990381541593365,
36.5,24.38667778834785,3.0,follow,5.573697080236798,52.15371376275857,
36.6,24.68667778834785,-2.4880892286185174,follow,5.150029301402057,52.18004598392383,
36.7,24.437868865486,3.0,follow,5.654455799146227,52.31125909737523,
36.8,24.737868865486,-1.7882711481408995,follow,5.2576689125976515,52.36447221082665,
36.9,24.55904175067191,3.0,follow,5.522005409751593,52.36056803575946,1341.142933773015
37.0,24.85904175067191,-2.1220090632028175,follow,5.113101234684471,52.40166386069234,
37.1,24.64684084435163,3.0,follow,5.581718509729768,52.55197977625721,
37.2,24.94684084435163,-2.82309529527818,follow,5.134034425294615,52.55429569182206,
37.3,24.66453131482381,3.0,follow,5.708045588103957,52.70484256033967,
37.4,24.964531314823812,-6.733050014671617,follow,5.0655924566216015,52.51238942885732,27.28580669193461
37.5,24.29122631335665,3.0,follow,6.20842732748671,52.645266797521685,
37.6,24.59122631335665,-1.1256541120901762,follow,5.806304696151045,52.693144166186016,
37.7,24.47866090214763,3.0,follow,6.005286722749716,52.723278075971166,
37.8,24.77866090214763,-1.6644588165130543,follow,5.5844206325348935,52.75241198575634,
37.9,24.612215020496325,3.0,follow,5.723867952962223,52.64219048370671,47.760363907944296
38.0,24.912215020496326,-2.6543886628107316,follow,5.26664645091266,52.63496898165715,728.8645578150152
38.1,24.646776154215253,3.0,follow,5.727127134912735,52.69729136623562,
38.2,24.946776154215254,-0.0011049784000682905,follow,5.393449519491178,52.813613750814056,
38.3,24.946665656375245,3.0,follow,5.359948700613657,52.779947185176525,156.77259080548532
38.4,25.246665656375246,-4.559130213057163,follow,4.824282134976102,52.69428061953897,61.510905949587055
38.5,24.79075263506953,3.0,follow,5.491076403427712,52.677205356032005,308.5001021189635
38.6,25.09075263506953,-1.3176247777841175,follow,5.10100113992074,52.737130092525035,
38.7,24.95899015729112,3.0,follow,5.32774584085918,52.76623107679586,
38.8,25.25899015729112,-4.0725561736870315,follow,4.811846825130097,52.700332061066774,79.9713493107389
38.9,24.851734539922415,3.0,follow,5.47555679719089,52.75315860707451,
39.0,25.151734539922415,-2.66004372018097,follow,5.017383343198588,52.74498515308221,645.3206343750059
39.1,24.885730167904317,3.0,follow,5.500816884435331,52.82941213629181,
39.2,25.185730167904318,-3.913774147939887,follow,4.979243867644755,52.75783911950123,73.7119119541627
39.3,24.794352753110328,3.0,follow,5.561874714524585,52.753403844190075,1189.4053952629629
39.4,25.09435275311033,-3.103647176011547,follow,5.073439439213551,52.714968568879044,137.15257180360905
39.5,24.783988035509175,3.0,follow,5.450587712064447,52.62656976532821,59.53312448964917
39.6,25.083988035509176,-2.069844388407356,follow,5.014188908513482,52.640170961777244,
39.7,24.87700359666844,3.0,follow,5.356965207107706,52.672470602110366,
39.8,25.177003596668442,-2.7695684215246397,follow,4.88926484744087,52.65477024244353,297.47853282933556
39.9,24.900046754515976,3.0,follow,5.296695435217956,52.64676556699192,657.7001889125231
40.0,25.200046754515977,-5.054141893918618,follow,4.7206907597663985,52.52076089154036,41.681596895755874
40.1,24.694632565124117,3.0,follow,5.477348787341839,52.51929763502801,3589.20648495642
40.2,24.994632565124117,-2.709722572483038,follow,5.0018855308293695,52.493834378515544,206.15522744676338
40.3,24.723660307875814,3.0,follow,5.375977885914267,52.46146834772799,162.0880505615065
40.4,25.023660307875815,-2.526613784981693,follow,4.911611855126736,52.44710231694046,365.07719559028914
40.5,24.770998929377647,3.0,follow,5.343504029936199,52.50000242400267,
40.6,25.070998929377648,0.6063557947224005,follow,5.027404136998548,52.63390253106502,
40.7,25.13163450884989,3.0,follow,4.936287316905073,52.63373908017991,32201.56261848268
40.8,25.43163450884989,-3.073203579288318,follow,4.462123866020079,52.60957562929491,217.723767518562
40.9,25.12431415092106,3.0,follow,4.904672987821115,52.5911442142027,285.33427276958076
41.0,25.42431415092106,-6.466580583918846,follow,4.268241572729011,52.4047127991106,28.10937886901741
41.1,24.777656092529174,3.0,follow,5.258463051063913,52.424947189857676,
41.2,25.077656092529175,-2.2054877955870325,follow,4.805697441811077,52.42218158060484,1895.502104113423
41.3,24.85710731297047,3.0,follow,5.335809879852093,52.6214708493078,
41.4,25.15710731297047,-2.64302898458375,follow,4.856099148555117,52.591760118010825,177.0126746198192
41.5,24.892804414512096,3.0,follow,5.286273054791366,52.62547967655951,
41.6,25.192804414512096,-2.4860283945411226,follow,4.813992613340233,52.60319923510838,236.09585721315318
41.7,24.944201575057985,3.0,follow,5.104476715015608,52.52077907760258,63.723220953451424
41.8,25.244201575057986,-0.8576561051020812,follow,4.716056557509816,52.582358920096794,
41.9,25.158435964547778,3.0,follow,4.884861376820453,52.62251532364212,
42.0,25.45843596454778,-2.047499265438839,follow,4.448017780365731,52.6356717271874,
42.1,25.253686038003895,3.0,follow,4.661774066381156,52.542303123387,56.27405892854083
42.2,25.553686038003896,-1.459995832492015,follow,4.2614054625807825,52.59193451958663,
42.3,25.407686454754696,3.0,follow,4.334636191979058,52.4461658741111,35.97904453529197
42.4,25.707686454754697,-3.3505720633770144,follow,3.8578675465036696,52.41939722863572,195.82386892408203
42.5,25.372629248416995,3.0,follow,4.487190431168415,52.546134303793906,
42.6,25.672629248416996,-5.560482101195719,follow,3.895927506326572,52.404871378952066,37.097399361989325
42.7,25.116581038297426,3.0,follow,4.6763417176763795,52.35121327512252,97.5644115961179
42.8,25.416581038297426,-3.088289446776672,follow,4.191683613846607,52.31655517129275,150.9504254136262
42.9,25.10775209361976,3.0,follow,4.606151821501086,52.26777996193073,107.16054455868252
43.0,25.40775209361976,-5.679910916959763,follow,3.999376612139123,52.11100475256876,33.23931440732471
43.1,24.839761001923783,3.0,follow,4.872387149490777,52.13202865237645,
43.2,25.139761001923784,-4.048890305413712,follow,4.328411049298452,52.038052552184126,55.37370932147327
43.3,24.73487197138241,3.0,follow,4.998257397972381,52.100565355046,
43.4,25.03487197138241,-3.424382954799613,follow,4.475770200834269,52.028078157907885,71.77554135343989
43.5,24.69243367590245,3.0,follow,5.136184276463943,52.17483479031762,
43.6,24.99243367590245,-2.938515029875143,follow,4.627940908873747,52.116591422727424,89.48073159055492
43.7,24.698582172914936,3.0,follow,5.074859946063732,52.122733205436134,
43.8,24.998582172914936,-0.4439468956324104,follow,4.686001728772048,52.18387498814445,
43.9,24.954187483351696,3.0,follow,4.665175014781639,52.096456239809186,59.594145686080566
44.0,25.254187483351696,-2.270043322419772,follow,4.206756266446554,52.0880374914741,618.714747344037
44.1,25.027183151109718,3.0,follow,4.642544449698477,52.18331917636306,
44.2,25.32718315110972,-5.300557936876983,follow,4.038826134587417,52.02960086125199,33.84736608886906
44.3,24.79712735742202,3.0,follow,4.868197089376693,52.06388812550972,
44.4,25.09712735742202,-1.6053097232363704,follow,4.427484353634554,52.073175389767584,
44.5,24.936596385098383,3.0,follow,4.733621173610153,52.13851575125773,
44.6,25.236596385098384,-4.340267683581834,follow,4.166961535100278,52.021856112747855,44.59284871550553
44.7,24.8025696167402,3.0,follow,4.7387447259635636,51.942599151073864,65.53695480368187
44.8,25.1025696167402,-1.236406755224749,follow,4.317487764289517,51.97134218939982,
44.9,24.978928941217728,3.0,follow,4.527055883451332,51.99544929527792,
45.0,25.27892894121773,-2.195474084775956,follow,4.0681629893295295,51.98655640115612,584.5853519595619
45.1,25.059381532740133,3.0,follow,4.417545948772016,52.006618247882216,
45.2,25.359381532740134,-3.9024436929275392,follow,3.880607795498136,51.91968009460834,59.72024725550217
45.3,24.969137163447378,3.0,follow,4.486060633092521,51.939766378263585,
45.4,25.26913716344738,-2.068829795348159,follow,4.031146916747673,51.93485266191874,1056.9363190354825
45.5,25.062254183912565,3.0,follow,4.281245967658506,51.87462724352736,86.1341085362366
45.6,25.362254183912565,0.04989112882981672,follow,3.9350205492673425,51.97840182513619,
45.7,25.367243296795547,3.0,follow,3.926812550263328,51.977677495456646,7175.969584376308
45.8,25.667243296795547,-5.717779921766558,follow,3.3210882205838104,51.82195316577713,33.27800689360161
45.9,25.09546530461889,3.0,follow,4.218208678386901,51.861406635315234,
46.0,25.39546530461889,-4.480280655942373,follow,3.655662147924957,51.74886010485329,45.97996925580627
46.1,24.947437239024655,3.0,follow,4.391960522413775,51.81311638095076,
46.2,25.247437239024656,-0.593688987562162,follow,4.004216798511294,51.875372657048274,
46.3,25.18806834026844,3.0,follow,4.012463312618799,51.79456582302146,64.09676414969461
46.4,25.48806834026844,-1.7555209110160757,follow,3.585656478591794,51.817758988994456,
46.5,25.312516249166833,3.0,follow,3.8487329903275054,51.817507364077755,20593.15430564518
46.6,25.612516249166834,-2.354350770212836,follow,3.3994813654107787,51.81825573916103,
46.7,25.37708117214555,3.0,follow,3.8569258637281507,51.92254762194648,
46.8,25.677081172145552,-4.125853517016553,follow,3.3212177465135397,51.83683950473187,60.480665296809
46.9,25.264495820443898,3.0,follow,3.856646192021728,51.753389922687575,62.01755437811312
47.0,25.5644958204439,-4.883004736140423,follow,3.2831966099772387,51.62994034064309,41.82269351230204
47.1,25.076195346829856,3.0,follow,3.947027785715335,51.56132080596012,75.14087794994178
47.2,25.376195346829856,-3.0791899676738748,follow,3.4534082510322364,51.51770127127702,118.10694828748896
47.3,25.06827635006247,3.0,follow,3.9344591111772047,51.53687363627091,
47.4,25.36827635006247,-2.4711132960600892,follow,3.4686314761710193,51.52104600126472,325.5132303779456
47.5,25.12116502045646,3.0,follow,3.889181968534203,51.57092949921889,
47.6,25.42116502045646,-3.0110204093583626,follow,3.3980654664884753,51.52981299717317,125.32635422139488
47.7,25.120062979520625,3.0,follow,3.946712229940168,51.626806699221106,
47.8,25.420062979520626,-3.355268771173254,follow,3.4347059319882263,51.56480040126917,83.16058546364796
47.9,25.084536102403302,3.0,follow,4.133542637423773,51.760346791028724,
48.0,25.384536102403302,-1.6477037634230722,follow,3.692089027183428,51.76889318078838,
48.1,25.219765726060995,3.0,follow,3.853268019090777,51.68291660818227,60.11279007941711
48.2,25.519765726060996,-4.8433377941056674,follow,3.271291446484838,51.55094003557633,39.060674949815876
48.3,25.03543194665043,3.0,follow,4.030248920935648,51.58339684091129,
48.4,25.33543194665043,-2.918456182267721,follow,3.529705726270521,51.53285364624617,101.95804596001801
48.5,25.043586328423658,3.0,follow,4.0171155207683,51.582495013403786,
48.6,25.343586328423658,-1.8187894221135252,follow,3.5677568879259383,51.58313638056143,
48.7,25.161707386212306,3.0,follow,3.819404562621642,51.561965641940105,243.55298397681824
48.8,25.461707386212307,-4.308161409683926,follow,3.2592338240003826,51.45179490331884,46.701869795219544
48.9,25.030891245243915,3.0,follow,3.7883689109285115,51.33470577879439,43.84242002603799
49.0,25.330891245243915,-3.3781799218540804,follow,3.2722797864042192,51.26861665427009,77.57496717231972
49.1,24.99307325305851,3.0,follow,3.8436994493765724,51.33330932896433,
49.2,25.29307325305851,-2.1783111419490737,follow,3.3803921240708377,51.3200020036586,385.6522691385214
49.3,25.0752421388636,3.0,follow,3.6066145814766983,51.2194777897721,50.95237834704617
49.4,25.3752421388636,-2.617257145299316,follow,3.132090367590216,51.19495357588562,208.75267934422538
49.5,25.11351642433367,3.0,follow,3.542327296951825,51.21260193345233,
49.6,25.41351642433367,-4.388283914549783,follow,2.9849756545185357,51.10525029101905,47.60546660731335
49.7,24.974688032878692,3.0,follow,3.6577494384131484,51.11978148773119,
49.8,25.274688032878693,-2.4771120006670078,follow,3.184280635125276,51.09631268444332,217.720145580896
49.9,25.026976832811993,3.0,follow,3.467149751944106,51.007615001162094,57.50726863908282
50.0,25.326976832811994,-2.262125157891729,follow,3.011452068662962,51.00191731788095,895.1342993418293
50.1,25.100764317022822,3.0,follow,3.3826944106442625,51.033840886178496,
50.2,25.400764317022823,-1.3357526540909586,follow,2.9736179789418173,51.07476445447605,
50.3,25.267189051613727,3.0,follow,3.2262619718941536,51.127045549314744,
50.4,25.567189051613727,-5.676463010288691,follow,2.616543066732625,50.96732664415322,31.910641130840524
50.5,24.999542750584858,3.0,follow,3.398058243217392,50.89737236909468,72.75805849827131
50.6,25.29954275058486,-1.9288336957466452,follow,2.957103968158812,50.9064180940361,
50.7,25.106659381010193,3.0,follow,3.274763084419739,50.93475215593503,
50.8,25.406659381010193,-2.2465844772822052,follow,2.823097146318702,50.93308621783399,3057.3216487858053
50.9,25.182000933281973,3.0,follow,3.430884724582782,51.20388612450574,
51.0,25.482000933281974,-2.1326472501128197,follow,2.9756846312544667,51.19868603117743,984.572445143506
51.1,25.268736208270692,3.0,follow,3.3537080979444127,51.25681241035045,
51.2,25.568736208270693,-1.751605241350462,follow,2.918834477117308,51.27193878952335,
51.3,25.393575684135648,3.0,follow,3.1912176949062427,51.28158122110972,
51.4,25.69357568413565,-4.163063154595144,follow,2.6478601264927804,51.18822365269625,54.830288023288624
51.5,25.277269368676134,3.0,follow,3.3015926628144996,51.2174967158287,
51.6,25.577269368676134,-4.492257632278592,follow,2.735865725946965,51.10176977896117,44.15719551742689
51.7,25.128043605448276,3.0,follow,3.3789000102439246,51.070965418416336,165.79135068912095
51.8,25.428043605448277,-3.608431203772856,follow,2.8500956496990852,50.9921610578715,64.70728358853283
51.9,25.06720048507099,3.0,follow,3.3906402817580243,50.99144100936451,7081.667485818002
52.0,25.367200485070992,0.9734224231093513,follow,3.07792023325095,51.128720960857436,
52.1,25.464542727381925,0.259730295937878,follow,2.745452597046274,50.94226668811916,27.32158718596337
52.2,25.490515756975714,3.0,follow,2.7084414769579155,50.94421511242149,
52.3,25.790515756975715,-6.7551770328170235,follow,2.0583899012602416,50.74416353672382,25.365540541123465
52.4,25.114998053694013,3.0,follow,3.025166650813375,50.697663731354396,109.0276901776353
52.5,25.414998053694013,-1.3586605145824926,follow,2.615666845444167,50.73816392598519,
52.6,25.279132002235762,3.0,follow,2.7965527224080944,50.715250725761734,221.33639225820187
52.7,25.579132002235763,-5.32993477370378,follow,2.2076395221846496,50.57633752553829,36.408590000185264
52.8,25.046138524865384,3.0,follow,2.948515885753629,50.517723673051705,86.18734570407904
52.9,25.346138524865385,-1.889368218288241,follow,2.5149020332670844,50.53410982056516,
53.0,25.15720170303656,3.0,follow,2.727587095706596,50.46338965026143,71.35643117597617
53.1,25.45720170303656,-3.0536524123871596,follow,2.247866925403031,50.43366947995787,169.69508910840202
53.2,25.151836461797846,3.0,follow,2.6937311410812086,50.42148583377798,413.8456180501955
53.3,25.451836461797846,-4.4170249672328845,follow,2.149547494901441,50.32730218759821,53.435287577983395
53.4,25.01013396507456,3.0,follow,2.972087843478967,50.487288791090805,
53.5,25.31013396507456,-1.7765372102638617,follow,2.539074446971533,50.504275394583374,
53.6,25.132480244048175,3.0,follow,2.6403070041061625,50.33902737017843,30.462710553718978
53.7,25.432480244048175,-3.0552384055659747,follow,2.1610589797011883,50.30977934577345,172.01086353540805
53.8,25.12695640349158,3.0,follow,2.556649100186931,50.2470837054243,80.14446207996846
53.9,25.42695640349158,-2.053873231511525,follow,2.1279534598378405,50.268388065075214,
54.0,25.221569080340426,3.0,follow,2.3548775365305588,50.1872311570412,61.839752613528994
54.1,25.521569080340427,-3.9663384257266765,follow,1.84372062849652,50.12607424900716,81.9630616726155
54.2,25.124935237767758,3.0,follow,2.464177868578723,50.15158072523036,
54.3,25.42493523776776,-2.077602713208173,follow,2.0366843448019907,50.17408720145363,
54.4,25.21717496644694,3.0,follow,2.2366072551386367,50.06236970480904,44.811574917425254
54.5,25.51717496644694,-4.3691442718081674,follow,1.709889758493901,49.98565220816431,65.1554787295336
54.6,25.080260539266124,3.0,follow,2.3212353453384225,49.94162615423761,113.43652610221665
54.7,25.380260539266125,-4.48046866134369,follow,1.7842092914118268,49.85460010031102,57.286982289640065
54.8,24.932213673131756,3.0,follow,2.5950582233001924,49.993378732997826,
54.9,25.232213673131756,-2.2130128891053644,follow,2.151836855986936,50.00015736568457,
55.0,25.01091238422122,3.0,follow,2.387697550930639,49.90406612726247,51.934044088429175
55.1,25.310912384221222,-1.744824335443286,follow,1.9756063125085461,49.94197488884038,
55.2,25.136429950676895,3.0,follow,2.3826869677575573,50.0873318937729,
55.3,25.436429950676896,-1.8236781534737583,follow,1.9660439726897678,50.12068889870511,
55.4,25.25406213532952,3.0,follow,2.1001894821778393,49.98128268517212,35.8529805942673
55.5,25.55406213532952,-4.707908363068663,follow,1.558783268644845,49.88987647163913,54.58039945353805
55.6,25.083271299022655,3.0,follow,2.351642393202944,49.97654934173693,
55.7,25.383271299022656,-4.4339849075167495,follow,1.8103152633006303,49.885222211834616,54.62256644353062
55.8,24.93987280827098,3.0,follow,2.514425718601032,49.924234931007504,
55.9,25.23987280827098,-1.6160004307551272,follow,2.0984384377740355,49.95824765018051,
56.0,25.078272765195468,3.0,follow,2.263011225867878,49.88042037366108,64.09118063013982
56.1,25.37827276519547,-3.4398838571519628,follow,1.7711839493485115,49.83859309714171,119.15333065936308
56.2,25.034284379480273,3.0,follow,2.0407380899733027,49.59216465919371,20.12436757386455
56.3,25.334284379480273,-5.0851761443385515,follow,1.4803096520252694,49.48173622124568,44.80887092193957
56.4,24.825766765046417,3.0,follow,2.241509397171498,49.48015954474113,3138.2569220171868
56.5,25.125766765046418,-4.783885636243199,follow,1.6849327206667013,49.373582868236326,46.326817918820986
56.6,24.647378201422097,3.0,follow,2.559777745960936,49.53084504809408,
56.7,24.947378201422097,-4.341162215481684,follow,2.0080399258186716,49.42910722795182,48.58479094486151
56.8,24.513261979873928,3.0,follow,2.674888060153698,49.44478102996459,
56.9,24.81326197987393,-1.4627655864233278,follow,2.2535618621663858,49.47345483197728,
57.0,24.666985421231594,3.0,follow,2.614278158006698,49.614756289854085,
57.1,24.966985421231595,-4.300825426551639,follow,2.059579615883635,49.510057747731025,47.288201672847755
57.2,24.53690287857643,3.0,follow,2.838013142008741,49.64336745987339,
57.3,24.83690287857643,-1.4887004229944463,follow,2.405322854151123,49.66067717201577,
57.4,24.688032836276985,3.0,follow,2.5858246339725,49.617873888387976,115.92071841955563
57.5,24.988032836276986,-1.3204726122790493,follow,2.1720213503448846,49.65407060476036,
57.6,24.855985575049083,3.0,follow,2.3994936846818433,49.683472047255464,
57.7,25.155985575049083,-3.518062368936504,follow,1.888895127176795,49.62287348975042,81.88787907324551
57.8,24.804179338155432,3.0,follow,2.441186548701893,49.64745555593504,
57.9,25.104179338155433,-3.009611631617161,follow,1.9517686148864328,49.60803762211958,125.85144075349339
58.0,24.803218174993717,3.0,follow,2.4318885421297054,49.63671580462028,
58.1,25.103218174993717,-1.3356239192169692,follow,2.021566724630368,49.676393987120946,
58.2,24.96965578307202,3.0,follow,2.3439447342055786,49.798428408813606,
58.3,25.26965578307202,-4.75549708465788,follow,1.7739791558982745,49.678462830506305,41.410597549317075
58.4,24.794106074606233,3.0,follow,2.6678931111365145,49.859052223045865,
58.5,25.094106074606234,-5.152242441873851,follow,2.062482503675831,49.703641615585184,31.98214229242919
58.6,24.578881830418847,3.0,follow,2.8664306869150877,49.73475343254336,
58.7,24.878881830418848,-0.48503908734349377,follow,2.472542503873349,49.79086524950162,
58.8,24.830377921684498,3.0,follow,2.5832605748063457,49.82882745733309,
58.9,25.1303779216845,-3.1840685743267834,follow,2.073222782637856,49.768789665164604,82.89576926067981
59.0,24.81197106425182,3.0,follow,2.5536359623615255,49.77159255873926,
59.1,25.111971064251822,-2.941993412072722,follow,2.055438855936245,49.72339545231398,103.16676485444405
59.2,24.81777172304455,3.0,follow,2.470960695442642,49.697618280009465,192.79701315966273
59.3,25.11777172304455,-0.8931293413584527,follow,2.0731835231383258,49.74984110770515,
59.4,25.028458788908708,3.0,follow,2.231307045451267,49.77399522881433,
59.5,25.32845878890871,-3.9915869886048636,follow,1.6964611665605176,49.68914934992358,58.56401041449993
59.6,24.929300090048223,3.0,follow,2.3692692058464644,49.763219340918795,
59.7,25.229300090048223,-2.0489485185925345,follow,1.9193391968416051,49.76328933191394,
59.8,25.02440523818897,3.0,follow,2.285240950811499,49.821848808094956,
59.9,25.32440523818897,-1.808022377832236,follow,1.8498004269926511,49.836408284276104,
60.0,25.143603000405747,3.0,follow,2.0446434836269773,49.7600479842356,65.16481464556202
60.1,25.443603000405748,-4.087155512336864,follow,1.5112831835864071,49.67668768419503,59.59274098103698
60.2,25.03488744917206,3.0,follow,2.183867765519892,49.73619893927798,
60.3,25.33488744917206,-1.7049273389201414,follow,1.7563790206028074,49.7587101943609,
60.4,25.164394715280046,3.0,follow,2.0066786499128284,49.753270722832895,914.6710386603182
60.5,25.464394715280047,-2.766367124212465,follow,1.536239178384946,49.732831251305015,243.31759841816356
60.6,25.1877580028588,3.0,follow,2.049418446730783,49.83105545101898,
60.7,25.4877580028588,-3.762799925847081,follow,1.5286426464448795,49.76027965073308,70.30691203736265
60.8,25.11147801027409,3.0,follow,2.1499148342945347,49.817131849705675,
60.9,25.41147801027409,-2.7059971445139963,follow,1.673767033267275,49.79098404867841,190.42130539575876
61.0,25.14087829582269,3.0,follow,2.081578775362253,49.79289621909629,
61.1,25.440878295822692,-0.5911234544915551,follow,1.7084909457801842,49.86980838951422,
61.2,25.381765950373538,3.0,follow,1.8619828689165914,49.9346317944769,
61.3,25.68176595037354,-1.6360294897838283,follow,1.4488062738792564,49.97145519943956,
61.4,25.518163001395155,3.0,follow,1.789394397207225,50.06663889929996,
61.5,25.818163001395156,-3.0925569061693094,follow,1.3095780970676287,50.03682259916036,167.81700735848966
61.6,25.508907310778227,3.0,follow,1.8275709019152941,50.090931868082635,
61.7,25.808907310778228,-3.4181571958001085,follow,1.3296801708374772,50.04304113700482,104.49421007101428
61.8,25.467091591198216,3.0,follow,1.8806945910876038,50.08133197788493,
61.9,25.767091591198216,-2.8407820953940073,follow,1.4069854319678115,50.05762281876514,211.13200415832364
62.0,25.483013381658814,3.0,follow,1.858801408111134,50.08332148059935,
62.1,25.783013381658815,-1.5565845309473358,follow,1.4465000699452872,50.12102014243351,
62.2,25.62735492856408,3.0,follow,1.6272522567308556,50.06828464957698,94.9422901686091
62.3,25.927354928564082,0.5065029142726596,follow,1.3235167638744016,50.21454915672052,
62.4,25.97800521999135,2.979676333485717,follow,1.1517408047344162,50.11874863472144,52.31573647915404
62.5,26.275972853339923,-5.878496965863221,follow,0.566192069377486,49.98015134938737,36.061421570375664
62.6,25.6881231567536,3.0,follow,1.556154298581518,50.08833903371192,
62.7,25.988123156753602,-1.497041177294257,follow,1.159341982906227,50.14152671803663,
62.8,25.838419039024178,3.0,follow,1.4420562555980752,50.19968481413434,
62.9,26.13841903902418,-2.04042922000961,follow,1.0242143516957185,50.23184291023199,
63.0,25.934376117023216,3.0,follow,1.335841122994843,50.237405298529666,
63.1,26.234376117023217,-4.710497993240854,follow,0.7954035112925126,50.14696768682734,55.44923925223456
63.2,25.763326317699132,3.0,follow,1.5386455785087918,50.18363505505749,
63.3,26.063326317699133,-3.6315991665186456,follow,1.0393129467389386,50.134302423287636,101.62503119053808
63.4,25.70016640104727,3.0,follow,1.7030361816120418,50.253285783182946,
63.5,26.00016640104727,-2.311767459832118,follow,1.2580195415073163,50.25826914307822,
63.6,25.768989655064058,3.0,follow,1.5828856949757864,50.23637017757187,229.40065439564796
63.7,26.06898965506406,-2.7099124177820526,follow,1.123986729469351,50.22747121206544,564.4192145245416
63.8,25.797998413285853,3.0,follow,1.6106737508081181,50.3076713707369,
63.9,26.097998413285854,-2.981305015913428,follow,1.136873909479533,50.283871529408316,211.2781796953137
64.0,25.799867911694513,3.0,follow,1.5720828706971304,50.271884738238896,419.3940148582745
64.1,26.099867911694513,-1.5401209479310376,follow,1.1680960795277002,50.31789794706947,
64.2,25.94585581690141,3.0,follow,1.4635286400273344,50.38231236537945,
64.3,26.24585581690141,-3.05597242104173,follow,0.9919430583372986,50.360726783689415,233.3072488229084
64.4,25.940258574797237,3.0,follow,1.4663130640137965,50.37670092620965,
64.5,26.240258574797238,-1.663800787286469,follow,1.0602872065340492,50.420675068729906,
64.6,26.07387849606859,3.0,follow,1.2404694750202623,50.35128721912315,72.56499157187567
64.7,26.373878496068592,-4.74355345544797,follow,0.6980816254133657,50.25889936951626,54.399901700693796
64.8,25.899523150523795,3.0,follow,1.4226623286782143,50.27194705446391,
64.9,26.199523150523795,-2.062107514434743,follow,0.9987100136257823,50.29799473941148,
65.0,25.99331239908032,3.0,follow,1.4006949008830105,50.39066349950349,
65.1,26.29331239908032,0.713517928613224,follow,1.109363660975049,50.54933225959553,
65.2,26.364664191941642,3.0,follow,1.1078695524888076,50.65486584040127,
65.3,26.664664191941643,-2.9543298213632667,follow,0.6554031332945982,50.652399421207065,2053.6816912978375
65.4,26.369231209805317,3.0,follow,1.1396294855186468,50.69347630022662,
65.5,26.669231209805318,-4.225338946594013,follow,0.6247063645382056,50.62855317924618,77.98231572143291
65.6,26.246697315145916,3.0,follow,1.3198374750126476,50.68988344773152,
65.7,26.546697315145916,-2.411799752225755,follow,0.8821677434980018,50.702213716216875,
65.8,26.30551733992334,3.0,follow,1.3323859723394804,50.79066198222449,
65.9,26.605517339923342,-3.2888522058762266,follow,0.8518342383471804,50.760110248232195,166.14477679390856
66.0,26.27663211933572,3.0,follow,1.4594988572949532,50.874447036298534,
66.1,26.57663211933572,1.0491113148253746,follow,1.1788356453613602,51.04378382436494,
66.2,26.681543250818258,3.0,follow,1.051314623055859,51.07362949928324,
66.3,26.98154325081826,-1.9648989209214234,follow,0.6461602979740348,51.11847517420142,
66.4,26.785053358726117,3.0,follow,1.0313898002396371,51.20896983832881,
66.5,27.085053358726118,-3.433253599021345,follow,0.5568844643670161,51.184464502456194,208.87069154462066
66.6,26.741727998823983,3.0,follow,1.1356997043378811,51.24829170257385,
66.7,27.041727998823983,-2.3887543060853726,follow,0.7055269044554393,51.26811890269141,
66.8,26.802852568215446,3.0,follow,1.118554793546707,51.32283364586988,
66.9,27.102852568215447,-3.7225416909500595,follow,0.6252695367249856,51.27954838904816,118.46885557468761
67.0,26.730598399120442,3.0,follow,1.245590950455437,51.3414885491361,
67.1,27.030598399120443,-1.1021911686351276,follow,0.8705311105432969,51.416428709223965,
67.2,26.92037928225693,3.0,follow,1.2028218576127188,51.583390780998116,
67.3,27.220379282256932,-0.6092220871309495,follow,0.8527839293868595,51.68335285277226,
67.4,27.159457073543837,3.0,follow,1.1522215351020577,51.891407145417816,
67.5,27.459457073543838,-3.9879082845288023,follow,0.6432758277475585,51.83246143806332,87.93254634547804
67.6,27.060666245090957,3.0,follow,1.3603954459178809,51.951394813554316,
67.7,27.360666245090957,-1.775740012622749,follow,0.946328821408791,51.98732818904523,
67.8,27.183092243828682,3.0,follow,1.4353805989193447,52.21001896466237,
67.9,27.483092243828683,-3.54200719710518,follow,0.9330713745363894,52.157709740279415,99.7103481376826
68.0,27.128891524118163,3.0,follow,1.4484833016901675,52.141820587867414,328.1598617500236
68.1,27.428891524118164,-2.8989625956859078,follow,0.9755941492783364,52.11893143545558,227.7014478201005
68.2,27.138995264549575,3.0,follow,1.2925390121762703,52.00103190900063,44.1062262695917
68.3,27.438995264549575,-2.7925038476164543,follow,0.8316394857212899,51.99013238254565,476.9944143664853
68.4,27.15974487978793,3.0,follow,1.2515405748849702,51.99115789456687,
68.5,27.45974487978793,-1.5435609435990623,follow,0.8515660869061676,52.04118340658806,
68.6,27.305388785428025,3.0,follow,1.16856134990325,52.12664452804529,
68.7,27.605388785428026,1.2489755486798746,follow,0.9050224713603683,52.313105649502404,
68.8,27.730286340296015,3.0,follow,0.8176475050289156,52.413077015472936,
68.9,28.030286340296016,-4.146566829537389,follow,0.31361887099922114,52.359048381443245,96.90981332742241
69.0,27.615629657342275,3.0,follow,0.8990409296956159,52.322485415709025,143.1024107727909
69.1,27.915629657342276,-1.8223917761987165,follow,0.5014779639613351,52.37492244997475,
69.2,27.733390479722406,3.0,follow,0.6974976824187635,52.297583402002374,67.62118848524446
69.3,28.033390479722406,0.2542955311100936,follow,0.4081586344464512,52.45824435403006,
69.4,28.058820032833417,3.0,follow,0.47713230149655317,52.56536235074668,
69.5,28.358820032833417,-4.574244998344544,follow,-0.03174970178675807,52.506480347463366,89.17237427334251
69.6,27.90139553299896,3.0,follow,0.5392474946649557,52.3913407941634,45.502470083154876
69.7,28.201395532998962,-0.7968065783421885,follow,0.20710794136515887,52.509201240863604,
69.8,28.12171487516474,3.0,follow,0.331457440600019,52.51402975334713,
69.9,28.421714875164742,-1.5287385339896833,follow,-0.02571404691649093,52.606858265830624,
70.0,28.268841021765773,3.0,follow,0.0737126310052929,52.47697416365395,40.402923286416915
70.1,28.568841021765774,-5.226315545644635,follow,-0.4471714711711883,52.40609006147747,73.93207849473791
70.2,28.04620946720131,3.0,follow,0.37215491395521383,52.44146911475718,
70.3,28.346209467201312,-3.177813553706894,follow,-0.06546603276498786,52.453848168036984,
70.4,28.02842811183062,3.0,follow,0.41736318910786707,52.4600053568538,
70.5,28.328428111830622,-1.9169900144401524,follow,0.03752037792475704,52.53016254567069,
70.6,28.136729110386607,3.0,follow,0.2733959690521601,52.47848963463207,101.55899596089859
70.7,28.436729110386608,-3.505898736328792,follow,-0.1752769419865814,52.47981672359333,
70.8,28.08613923675373,3.0,follow,0.4119939447871559,52.541202799917755,
70.9,28.38613923675373,-1.956850156136423,follow,0.030380021111646727,52.60958887624224,
71.0,28.19045422114009,3.0,follow,0.43286212241825694,52.718543454128394,
71.1,28.49045422114009,-4.967345051600513,follow,-0.09318329969576666,52.64249803201437,69.22507176446668
71.2,27.99371971598004,3.0,follow,0.5935464864462787,52.58412606041634,90.08454677966468
71.3,28.29371971598004,0.10495537827238977,follow,0.30117451484836977,52.741754088818425,
71.4,28.30421525380728,3.0,follow,0.364009682726973,52.82033256343789,
71.5,28.60421525380728,-4.3244440656838,follow,-0.12841184265366223,52.777911038057255,124.41304400155825
71.6,28.1717708472389,3.0,follow,0.7240776824749844,52.98173395333333,
71.7,28.4717708472389,-1.958987920740384,follow,0.3269005977512194,53.03455686860957,
71.8,28.27587205516486,3.0,follow,0.7881615803457009,53.201969663092996,
71.9,28.57587205516486,-2.044657879739419,follow,0.383574374829287,53.24738245757658,
72.0,28.37140626719092,3.0,follow,0.9321324300711282,53.48924183085751,
72.1,28.67140626719092,1.1197067458997596,follow,0.6709918033521731,53.67810120413856,
72.2,28.783376941780897,2.9578999434414364,follow,0.5096980972891316,53.684763509960476,
72.3,29.07916693612504,-1.3040958409445933,follow,0.15309641216019543,53.77184681634776,
72.4,28.948757352030583,3.0,follow,0.4228350530989786,53.84597108114485,
72.5,29.248757352030584,-0.9951749648377834,follow,0.08495931789585143,53.95809534594173,
72.6,29.149239855546806,3.0,follow,0.15431157706690612,53.878171360387114,67.41176755196476
72.7,29.449239855546807,-2.8192282024095583,follow,-0.25761240848777334,53.91624737483244,
72.8,29.16731703530585,3.0,follow,0.26854011834308267,54.01951567130186,
72.9,29.46731703530585,-7.111384995958494,follow,-0.3531915851873535,53.84778396777142,31.355761842880252
73.0,28.75617853571,3.0,follow,0.666898310635446,53.80116611420044,115.40893025514374
73.1,29.05617853571,-6.2239600606761805,follow,0.06828045706460273,53.6525482606296,36.101011400355
73.2,28.433782529642382,3.0,follow,1.0744962132018117,53.72517000766538,
73.3,28.733782529642383,0.09882752550009233,follow,0.757117960237764,53.85779175470134,
73.4,28.743665282192392,3.0,follow,0.9479273031933815,54.06342522648197,
73.5,29.043665282192393,-1.7000027244749862,follow,0.5505607749742154,54.116058698262805,
73.6,28.873665009744894,3.0,follow,1.0151946826710514,54.32569219728839,
73.7,29.173665009744894,-4.460244658538773,follow,0.48282818169649033,54.24332569631383,65.85605198054265
73.8,28.727640543891017,3.0,follow,1.0881008260881657,54.17956164192469,84.96881536313484
73.9,29.027640543891017,-1.4887799488359468,follow,0.6933367716991654,54.234797587535695,
74.0,28.878762549007423,3.0,follow,1.0297775091238606,54.347921332634996,
74.1,29.178762549007423,-1.6671660827261112,follow,0.6289012542233081,54.39704507773445,
74.2,29.01204594073481,3.0,follow,0.7667715725586817,54.2848404836609,48.380229822061104
74.3,29.312045940734812,-2.162460449167087,follow,0.35456697848522367,54.322635889587445,
74.4,29.095799895818104,3.0,follow,0.6323560562786028,54.27605590000576,116.52225856486798
74.5,29.395799895818104,-0.9141686105080264,follow,0.28577606669677635,54.379475910423935,
74.6,29.3043830347673,3.0,follow,0.5124630547963136,54.46903760694727,
74.7,29.604383034767302,-4.346483764751561,follow,0.008024751319638312,54.414599303470595,99.95645681120483
74.8,29.169734658292146,3.0,follow,0.690023850203076,54.4446258376413,
74.9,29.469734658292147,-3.965736007573234,follow,0.19505038437395683,54.39965237181218,120.95943990261522
75.0,29.073161057534822,3.0,follow,0.8765946797562805,54.486336266058515,
75.1,29.373161057534823,0.3579137498343803,follow,0.5782785740026668,54.638020160304904,
75.2,29.408952432518262,3.0,follow,0.5016962682755874,54.61512491705298,238.54354512130618
75.3,29.708952432518263,-1.4119540626407172,follow,0.13680102502383562,54.70022967380123,
75.4,29.567757026254192,3.0,follow,0.35681843179439454,54.708453971175686,
75.5,29.867757026254193,-4.220212240165724,follow,-0.13495727083110154,54.666678268550186,130.85759145385876
75.6,29.44573580223762,3.0,follow,0.5635009849700126,54.732104688326444,
75.7,29.745735802237622,-4.090127974602137,follow,0.06792740474639203,54.68653110810283,119.99612679011997
75.8,29.336723004777408,3.0,follow,0.724774300458968,54.72985880762508,
75.9,29.63672300477741,-3.8631434029479985,follow,0.23210199998120373,54.68718650714732,128.15617132166074
76.0,29.25040866448261,3.0,follow,1.0985326439752185,54.974145640699135,
76.1,29.55040866448261,-0.7999648227078078,follow,0.7334917775268082,55.05910477425073,
76.2,29.47041218221183,3.0,follow,0.8824452827119913,55.08806355602974,
76.3,29.77041218221183,-0.9880553244588937,follow,0.5184040644910155,55.174022337808765,
76.4,29.67160664976594,3.0,follow,0.7364516981833731,55.24386167283228,
76.5,29.971606649765942,-2.244278577197009,follow,0.31929103320685215,55.27670100785576,
76.6,29.747178792046242,3.0,follow,0.7902149405816061,55.41098312865097,
76.7,30.047178792046243,-0.32695827358110474,follow,0.46149706137688895,55.532265249446255,
76.8,30.01448296468813,3.0,follow,0.5200925059451436,55.54181695297734,
76.9,30.314482964688132,-3.5915757871875478,follow,0.04864420947627934,55.52036865650848,258.85677558233124
77.0,29.955325385969378,3.0,follow,0.6338480389573391,55.56683611791141,
77.1,30.25532538596938,-6.54233852117,follow,0.01631550036032081,55.39930357931439,33.067787334493914
77.2,29.60109153385238,3.0,follow,0.9705571251505702,55.37219442592914,204.2564503548135
77.3,29.90109153385238,1.7917816799549904,follow,0.7334479717653224,55.58508527254389,
77.4,30.08026970184788,3.0,follow,0.688653749587246,55.80905830235906,
77.5,30.38026970184788,-2.4946494457546358,follow,0.26062677940241485,55.831031332174234,
77.6,30.130804757272415,3.0,follow,0.7617437205384192,55.95795085644704,
77.7,30.430804757272416,-1.2829360563696888,follow,0.3876632448110655,56.03387038071969,
77.8,30.302511151635446,3.0,follow,0.9288525381028876,56.38261926555606,
77.9,30.602511151635447,0.25333160283633394,follow,0.6196014229391693,56.52336815039234,
78.0,30.62784431191908,3.0,follow,0.606817251322056,56.54858371920068,
78.1,30.92784431191908,-4.675479070175058,follow,0.07803282013034618,56.46979928800897,71.67634319838687
78.2,30.460296404901577,3.0,follow,0.690325040166357,56.38076964751872,63.32808864228952
78.3,30.760296404901577,-1.8202025743999002,follow,0.29329539967615403,56.43374000702852,
78.4,30.578276147461587,3.0,follow,0.5504981710898562,56.41791239228223,356.45239852691856
78.5,30.878276147461587,-5.250051059216306,follow,-0.003329443656397757,56.31408477753598,54.2380607656398
78.6,30.35327104153996,3.0,follow,0.8078511110722175,56.33775767338216,
78.7,30.65327104153996,-3.7165755212078144,follow,0.3145240069181625,56.2944305692281,129.92890170813803
78.8,30.28161348941918,3.0,follow,1.1288489861572657,56.55126922028603,
78.9,30.58161348941918,0.7757158964534652,follow,0.8336876372155615,56.70610787134433,
79.0,30.659185079064525,3.0,follow,0.7834117448411888,56.772189363437974,
79.1,30.959185079064525,0.9668628417844438,follow,0.5134932369346359,56.952270855531424,
79.2,31.05587136324297,3.0,follow,0.40987667434249886,56.993683719206956,
79.3,31.355871363242972,-4.732232594428906,follow,-0.11371046198198087,56.92009658288248,77.3506069485252
79.4,30.882648103800083,3.0,follow,0.7988596168025239,57.12283177250265,
79.5,31.182648103800084,-1.054328535017488,follow,0.43159480642258075,57.2055669621227,
79.6,31.077215250298334,3.0,follow,0.5370225616452657,57.152845437092765,108.40514458705798
79.7,31.377215250298335,-3.0236299798267794,follow,0.08830103661563982,57.15412391206314,
79.8,31.074852252315658,3.0,follow,0.5113603083582916,57.12363868683178,187.3813896827741
79.9,31.37485225231566,-5.288993760393596,follow,-0.044124916873109044,57.01815346160038,54.05321298450242
80.0,30.8459528762763,3.0,follow,0.9196288595585287,57.18855817397298,
80.1,31.1459528762763,2.3280967926386724,follow,0.7070335719306797,57.42596288634513,
80.2,31.378762555540167,-2.8076040042665786,follow,0.25994279748069715,57.32808663079095,58.5720063628223
80.3,31.09800215511351,3.0,follow,0.8022831826095924,57.44928641527986,
80.4,31.39800215511351,-3.2255888251324896,follow,0.33048296709802116,57.42748619976828,263.4262315887052
80.5,31.07544327260026,3.0,follow,0.8427769636080598,57.45594187250845,
80.6,31.37544327260026,-2.879581342849061,follow,0.38523263634816374,57.448397545248554,761.4780690869735
80.7,31.087485138315355,3.0,follow,0.8154213239440793,57.44664903141711,3285.4557965361164
80.8,31.387485138315355,-1.498024429851748,follow,0.4246728101123267,57.50590051758536,
80.9,31.237682695330182,3.0,follow,0.6426082050570443,57.49913224805232,849.5396344302018
81.0,31.537682695330183,-1.3937151777592378,follow,0.2648399355241793,57.57136397851946,
81.1,31.39831117755426,3.0,follow,0.5320660944325155,57.6295328607639,
81.2,31.69831117755426,-2.720435595702021,follow,0.09623497667708847,57.64370174300848,
81.3,31.426267617984056,3.0,follow,0.4846735542339289,57.624074981210015,293.59950241965674
81.4,31.726267617984057,-3.391018059063364,follow,0.019046792435830184,57.60844821941191,368.6525011553546
81.5,31.387165812077722,3.0,follow,0.6789829200873214,57.7597316382039,
81.6,31.687165812077723,-0.7785586545165959,follow,0.3282663388796294,57.85901505699621,
81.7,31.609309946626063,3.0,follow,0.4121191423947579,57.82608406233385,175.59774508723427
81.8,31.909309946626063,-2.16082357831253,follow,0.008188147732113293,57.872153067671206,
81.9,31.69322758879481,3.0,follow,0.4659889255994898,58.0058303087917,
82.0,31.99322758879481,-5.767412568203927,follow,-0.11233383328018931,57.877507549912025,45.10307295081604
82.1,31.41648633197442,3.0,follow,0.9011294187530723,58.0258589167147,
82.2,31.71648633197442,-2.539332384704384,follow,0.4554807855555083,58.030210283517135,
82.3,31.46255309350398,3.0,follow,0.9891253339109625,58.18295497416693,
82.4,31.762553093503982,-2.6034516919680932,follow,0.5358700245603529,58.179699664816326,1787.2249117491856
82.5,31.50220792430717,3.0,follow,0.8501669859247372,58.103478872385494,76.23048386068673
82.6,31.802207924307172,-4.478864618736976,follow,0.31394619349413944,58.0172580799549,67.2891728831822
82.7,31.354321462433475,3.0,follow,1.1123437400617107,58.14382593371192,
82.8,31.654321462433476,0.11434498199854204,follow,0.7819115938182151,58.26339378746843,
82.9,31.66575596063333,3.0,follow,0.7721842504549485,58.27081819140494,
83.0,31.96575596063333,0.07131201070037463,follow,0.45560865439166065,58.40424259534166,
83.1,31.97288716170337,3.0,follow,0.3546231366160413,58.313953879171095,64.5860926509988
83.2,32.272887161703366,-2.3127298376036016,follow,-0.05566557955440743,58.35366516300064,
83.3,32.041614177943,3.0,follow,0.24508247829179908,58.307503745206304,126.31220298525025
83.4,32.341614177943,-3.6374872123398276,follow,-0.2230789395027415,58.28934232741176,320.9514972212395
83.5,31.97786545670902,3.0,follow,0.41275759667716727,58.37955578174069,
83.6,32.277865456709016,-3.628191136113319,follow,-0.06302894899343414,58.35376923607009,226.2954099428649
83.7,31.915046343097686,3.0,follow,0.5416950871138226,58.41426460176035,
83.8,32.21504634309768,0.6266859205941868,follow,0.2621904528037575,58.58475996745028,
83.9,32.2777149351571,3.0,follow,0.18041607119863556,58.59698847393429,
84.0,32.5777149351571,-0.6850168353948787,follow,-0.14435542231706222,58.72221698041858,
84.1,32.50921325161761,3.0,follow,-0.1015242221699566,58.66229565525646,97.89886237811723
84.2,32.80921325161761,-1.9389734421736549,follow,-0.47244554733149613,58.741374330094914,
84.3,32.615315907400245,3.0,follow,0.009868878254415847,58.93284273935478,
84.4,32.91531590740024,-8.0,follow,-0.6646627124854234,58.70831114861494,26.147016085852663
84.5,32.115315907400245,3.0,follow,0.5618056967744778,58.734779557874845,
84.6,32.41531590740024,-0.09068767053750104,follow,0.2472741060343111,58.870247967134674,
84.7,32.406247140346494,3.0,follow,0.3232525425800503,58.93262325309979,
84.8,32.70624714034649,-1.211747012056759,follow,-0.03337217145442395,59.02599853906531,
84.9,32.585072439140816,3.0,follow,0.15988263643986045,59.037491295151085,
85.0,32.885072439140814,-2.21303375551906,follow,-0.23662460747399194,59.09098405123723,
85.1,32.66376906358891,3.0,follow,0.14995354949498108,59.14560714487834,
85.2,32.963769063588906,0.026826897148518825,follow,-0.13942335686414253,59.30623023851922,
85.3,32.96645175330376,3.0,follow,-0.07109256676674391,59.37858506318889,
85.4,33.266451753303755,-2.428542019053303,follow,-0.46673774209709507,59.43293988785854,
85.5,33.023597551398424,3.0,follow,-0.09581619437896194,59.439580132718675,
85.6,33.32359755139842,-4.193621783381622,follow,-0.5741759495186756,59.41122037757896,209.49130232127052
85.7,32.90423537306026,3.0,follow,0.07744378068247215,59.43379684027286,
85.8,33.20423537306026,-1.7547789136886855,follow,-0.2929797566233745,59.51337330296701,
85.9,33.028757481691386,3.0,follow,-0.011638667739454434,59.531497554797625,
86.0,33.32875748169138,-2.1914085556520204,follow,-0.39851441590830916,59.594621806628766,
86.1,33.10961662612618,3.0,follow,0.1992352048269197,59.863660144016194,
86.2,33.40961662612618,-0.7849963426755888,follow,-0.13072645778598968,59.98369848140328,
86.3,33.33111699185862,3.0,follow,-0.0020887055703937563,59.99458678221754,
86.4,33.63111699185862,-0.5920474666601887,follow,-0.3132004047564294,60.1334750830315,
86.5,33.5719122451926,3.0,follow,-0.23958450927658248,60.118283858512314,395.74350166632644
86.6,33.8719122451926,-8.0,follow,-0.8967757337962325,59.911092633992666,28.915844661376372
86.7,33.0719122451926,3.0,follow,0.28303304168447596,59.89090140947337,296.61847082302495
86.8,33.3719122451926,-6.047368178325615,follow,-0.30115818283485396,59.756710184954045,44.53101191902274
86.9,32.76717542736004,3.0,follow,0.6902295011777113,59.84099264221777,
87.0,33.067175427360034,-0.8160956940810173,follow,0.3355119584418702,59.93627509948192,
87.1,32.98556585795193,3.0,follow,0.7333697267588235,60.21171851368672,
87.2,33.28556585795193,-0.4279344584028202,follow,0.394813140963862,60.32316192789176,
87.3,33.24277241211165,3.0,follow,0.5227260685128599,60.38688468668033,
87.4,33.542772412111646,0.04298399409260156,follow,0.21644882730181791,60.530607445469286,
87.5,33.5470708115209,2.5745070034683,follow,0.04529414703608836,60.36590036431744,36.65045846363799
87.6,33.80452151186773,-0.7789782973435342,follow,-0.27733405467120065,60.4294482131304,
87.7,33.72662368213338,3.0,follow,-0.031149678282957893,60.55878584491711,
87.8,34.026623682133376,-6.214339427913677,follow,-0.608812046496304,60.43112347670376,47.336677458244246
87.9,33.405189739342006,3.0,follow,0.5308198937563304,60.63860450276934,
88.0,33.705189739342,-0.9208129719516442,follow,0.17830091982178686,60.73608552883479,
88.1,33.61310844214684,3.0,follow,0.3491120213997263,60.768774684619984,
88.2,33.913108442146836,-0.7603405541980317,follow,0.012801177185053803,60.88246384040531,
88.3,33.83707438672703,3.0,follow,0.4211448216417466,61.17675640173229,
88.4,34.13707438672703,-1.9754133265526628,follow,0.023437382968992893,61.22904896305954,
88.5,33.93953305407176,3.0,follow,0.4017960765448194,61.31109565765246,
88.6,34.23953305407176,-3.489252078834344,follow,-0.06715722886237074,61.292142352245264,323.38497710821105
88.7,33.890607846188324,3.0,follow,0.4361697983441388,61.27208156762663,305.4321290609228
88.8,34.19060784618832,-0.3883890264257239,follow,0.11310901372499416,61.39902078300747,
88.9,34.15176894354575,3.0,follow,0.1301904733338759,61.357843888652496,149.01037305120613
89.0,34.451768943545744,-2.755610635613799,follow,-0.29098642102047734,61.38666699429814,
89.1,34.17620787998436,3.0,follow,0.12473438632301281,61.389046206299554,
89.2,34.47620787998436,-1.7840142492234783,follow,-0.24988640167524778,61.46442541830129,
89.3,34.29780645506201,3.0,follow,0.09993509020237923,61.54664477279539,
89.4,34.597806455062006,-0.699780105333847,follow,-0.22184555530370176,61.67486412728931,
89.5,34.52782844452862,3.0,follow,-0.139661383956728,61.65208128283621,270.6074801607566
89.6,34.82782844452862,-4.135188285436912,follow,-0.6134442284095769,61.628298438383354,259.1292162740772
89.7,34.414309615984926,3.0,follow,-0.046596947192711013,61.574867476784675,115.24192272542233
89.8,34.714309615984924,-4.079577433010101,follow,-0.522027908791145,61.549436515186244,242.0255965422689
89.9,34.30635187268391,3.0,follow,0.1962735188918714,61.65580132791774,
90.0,34.60635187268391,-0.8166911467405162,follow,-0.13536166837644714,61.77416614064941,
90.1,34.52468275800986,3.0,follow,-0.06732627216627662,61.71969786484851,113.31311108572108
90.2,34.82468275800986,-1.4992164010782627,follow,-0.4187945479669253,61.81822958904786,
90.3,34.67476111790203,3.0,follow,-0.03438819959558259,61.977753477257465,
90.4,34.97476111790203,-3.0019091468376544,follow,-0.4588643113855255,62.00327736546751,
90.5,34.67457020321826,3.0,follow,0.19496504031799589,62.20682034514539,
90.6,34.974570203218256,-5.586997620786354,follow,-0.363491980003559,62.09836332482382,57.25619525647924
90.7,34.415870441139624,3.0,follow,0.36897061900023687,61.99277628070968,58.712483904558844
90.8,34.71587044113962,-7.263265770776622,follow,-0.27761642511379137,61.79618923659564,31.434517729852118
90.9,33.98954386406196,3.0,follow,1.0229190540964979,62.007234850189434,
91.0,34.289543864061955,-0.602607105203731,follow,0.6619646676904551,62.09628046378339,
91.1,34.22928315354158,3.0,follow,0.7684274181168149,62.11235214842918,
91.2,34.52928315354158,-2.384036616490496,follow,0.3344991027626065,62.128423833074976,
91.3,34.290879491892525,3.0,follow,0.5820166460470233,62.01833588388581,56.3352631606115
91.4,34.59087949189252,1.7778850276124505,follow,0.35492869685749184,62.241247934696275,
91.5,34.76866799465377,-0.09664971863052862,follow,0.04937914325035564,62.20238113523101,160.0398849167973
91.6,34.759003022790715,3.0,follow,0.01897629876586393,62.15748083295193,138.43443735995626
91.7,35.05900302279071,-3.823112577351468,follow,-0.44792400351296635,62.140580530673105,367.68916617323583
91.8,34.676691765055565,3.0,follow,0.11687370658383855,62.13191135416719,716.6991157043104
91.9,34.97669176505556,-4.834791137112531,follow,-0.4027954699217702,62.062242177661574,89.08134886984358
92.0,34.49321265134431,3.0,follow,0.19210193551048604,61.93192091252695,47.522498226703036
92.1,34.793212651344305,-4.059767356355097,follow,-0.29421932962362973,61.89559964739283,170.41146396830553
92.2,34.38723591570879,3.0,follow,0.4570221822587399,62.037876055821926,
92.3,34.68723591570879,-1.9107093609134687,follow,0.060298590687892784,62.09115246425108,
92.4,34.49616497961744,3.0,follow,0.43928849686297156,62.18353596628913,
92.5,34.79616497961744,-6.3348342780394304,follow,-0.167328001098781,62.02691946832738,39.604333052753105
92.6,34.16268155181349,3.0,follow,0.6366289854255527,61.88065131314579,42.30630463372138
92.7,34.46268155181349,-4.824533642012121,follow,0.09236083024410391,61.78638315796434,65.54321874561207
92.8,33.980228187612276,3.0,follow,0.7840180577848201,61.75436033920323,192.8448610338235
92.9,34.28022818761227,-1.9152174383425233,follow,0.3709952390236708,61.791337520442084,
93.0,34.08870644377802,3.0,follow,0.42940721039722973,61.56246687606426,26.898367435205735
93.1,34.38870644377802,-1.8022929047978167,follow,0.0385365660194239,61.62159623168645,
93.2,34.20847715329824,3.0,follow,0.2120327864094378,61.524748516356794,63.52731017642347
93.3,34.50847715329824,-6.59810972949455,follow,-0.3968149289205769,61.36590080102678,38.63190646060578
93.4,33.84866618034878,3.0,follow,0.43703491246870385,61.210034182991876,39.27077840958544
93.5,34.148666180348776,-8.0,follow,-0.2678317055663513,60.95516756495681,23.916497199572575
93.6,33.34866618034878,3.0,follow,0.9993016763986873,61.02230094692186,
93.7,33.648666180348776,-3.3668630965935042,follow,0.506435058364076,60.97943432888724,142.2538962119015
93.8,33.31197987068943,3.0,follow,0.8622665357837676,60.83023634181791,40.77148595423673
93.9,33.611979870689424,-6.466405311502296,follow,0.22806854871504356,60.64603835474918,32.924376275648605
94.0,32.96533933953919,3.0,follow,1.1684954114862904,60.61650442079508,205.24358358548983
94.1,33.26533933953919,0.520870964052917,follow,0.851961477532214,60.74997048684099,
94.2,33.31742643594448,3.0,follow,0.7060881893301669,60.68222784324689,89.577590456213
94.3,33.61742643594448,-7.460231991871522,follow,0.03134554573591686,60.45748519965264,26.90076268247037
94.4,32.87140323675733,3.0,follow,1.1192400208406141,60.42634487597661,194.0453333279443
94.5,33.17140323675733,-3.770834743478953,follow,0.6000996971650352,60.35720455230103,87.29667630046863
94.6,32.79431976240943,3.0,follow,0.8912929324459071,60.08277257606005,21.89350286327757
94.7,33.09431976240943,-3.57849076629601,follow,0.39186095620529926,60.03334059981944,121.44636966809395
94.8,32.73647068577983,3.0,follow,0.8919875025716237,59.99669353124136,163.7148504895323
94.9,33.036470685779825,-2.1265464955735354,follow,0.46134043399358404,60.016046462663326,
95.0,32.823816036222475,3.0,follow,0.9279408047073758,60.16366485904109,
95.1,33.12381603622247,-1.5947759293370503,follow,0.5205592010851348,60.20628325541884,
95.2,32.96433844328877,3.0,follow,0.6773417461566993,60.12384941108985,72.93587955357361
95.3,33.264338443288764,-6.9039407944795625,follow,0.028907901828183924,59.92541556676133,30.19919095426249
95.4,32.57394436384081,3.0,follow,1.286104584615984,60.1470211303772,
95.5,32.873944363840806,-3.3020213155195606,follow,0.7797101482320627,60.09062669399327,106.55417545933003
95.6,32.54374223228885,3.0,follow,1.2416391223312502,60.057252470764524,179.951012069656
95.7,32.84374223228885,-3.6512527814386218,follow,0.7202648991024958,59.985878247535766,84.04417664227567
95.8,32.47861695414498,3.0,follow,1.2490911209036213,59.967016552121095,317.93015014984593
95.9,32.77861695414498,-3.9592310960428794,follow,0.7122294254887436,59.88015485670621,68.937354458674
96.0,32.38269384454069,3.0,follow,1.2128447054408866,59.786885472251925,64.10129735732767
96.1,32.68269384454069,-4.792786881194516,follow,0.6375753209869117,59.66161608779794,47.626653829111355
96.2,32.20341515642124,3.0,follow,1.3231518375236817,59.62827457215553,178.84092376658901
96.3,32.503415156421234,-4.505599693268279,follow,0.7558103218814409,59.510933056513295,50.71600850803219
96.4,32.05285518709441,3.0,follow,1.338364757162374,59.41764753780399,63.69439582886808
96.5,32.352855187094406,-3.0713286180668673,follow,0.8380792384527354,59.367362019094344,118.06055409735472
96.6,32.04572232528772,3.0,follow,1.2402062986341633,59.30878978656574,101.2575195207593
96.7,32.34572232528772,-0.5609888649779684,follow,0.8636340661051634,59.38221755403674,
96.8,32.28962343878992,2.021500589082211,follow,0.6278200519727974,59.06225521015767,18.459126937917027
96.9,32.49177349769814,0.5569967590162141,follow,0.33341761384029667,59.071077860387504,
97.0,32.54747317359976,3.0,follow,0.2631207826279507,59.08433054302759,
97.1,32.84747317359976,-8.0,follow,-0.522626534732126,58.74858322566752,17.4978563306522
97.2,32.04747317359976,3.0,follow,0.5806261479082906,58.65183590830793,60.623733565734746
97.3,32.34747317359976,-5.585854612695165,follow,-0.004121169451764217,58.51708859094788,43.42727539029229
97.4,31.788887712330244,3.0,follow,0.6528682512193313,58.33619981971469,32.249762891343266
97.5,32.08888771233024,-5.975088802056714,follow,0.04597947998648522,58.17931104848185,37.0831580815106
97.6,31.491378832124568,3.0,follow,0.8091049170826139,58.046173165269465,43.598539923187325
97.7,31.79137883212457,-0.42074312801491853,follow,0.4589670338699463,58.1460352820568,
97.8,31.749304519323076,3.0,follow,0.5441480511401622,58.168104830124776,
97.9,32.04930451932307,-2.4000621088196077,follow,0.1122175992077814,58.18617437819239,
98.0,31.80929830844111,3.0,follow,0.45829708468666297,58.17224454734833,417.6091238892656
98.1,32.10929830844111,-7.503671710732876,follow,-0.21263274615773753,57.95131471650393,26.230642776979508
98.2,31.358931137367826,3.0,follow,0.8180248967153716,57.856421602767114,60.97009500947671
98.3,31.658931137367826,-3.2524220560422137,follow,0.332131782978756,57.820528489030494,161.09086805076245
98.4,31.333688931763604,3.0,follow,0.6536261982088476,57.65415959585425,34.65441074656767
98.5,31.633688931763604,-3.128637705269381,follow,0.18125730503238202,57.63179070267779,257.6425675079151
98.6,31.320825161236666,3.0,follow,0.566470444698794,57.54770818655379,68.44194350929509
98.7,31.620825161236667,-5.4960202488023135,follow,-0.014612071424778605,57.41662567043022,43.801894690716665
98.8,31.071223136356437,3.0,follow,0.8276686522600656,57.43450335679472,
98.9,31.371223136356438,-3.339836714041283,follow,0.3365463386243661,57.393381043159025,139.56749017499837
99.0,31.03723946495231,3.0,follow,0.7507978992349891,57.30665709666346,66.07939261598852
99.1,31.33723946495231,-2.184997397857969,follow,0.3180739527396952,57.32393315016816,
99.2,31.118739725166513,3.0,follow,0.4749495899015841,57.15305917765136,33.44749252088811
99.3,31.418739725166514,-3.8897511276088066,follow,-0.025924382615322372,57.10218520513445,112.24243435372486
99.4,31.029764612405632,3.0,follow,0.5385618252854698,57.08320874389392,300.810609629763
99.5,31.329764612405633,-5.610835419478333,follow,-0.047414635955249196,56.947232282653204,41.88021350394223
99.6,30.7686810704578,3.0,follow,0.7673425699208778,56.920364175607574,211.8510398913569
99.7,31.0686810704578,-6.824380151579681,follow,0.11247446287536178,56.71549606856206,27.6839069225589
99.8,30.386243055299833,3.0,follow,1.1905071800821645,56.769871763031915,
99.9,30.686243055299833,-3.78284375932709,follow,0.6598828745517977,56.68924745750155,70.3128505540049
100.0,30.307958679367125,3.0,follow,1.149513570514003,56.611451589564695,72.7692268124299
100.1,30.607958679367126,-1.5290540230613336,follow,0.7277177025773724,56.63965572162806,
100.2,30.455053277060994,3.0,follow,0.8385704783307091,56.5211503939222,47.6950289813958
100.3,30.755053277060995,-6.973842592262394,follow,0.17206515062443373,56.304645066215926,26.006124497152356
100.4,30.057669017834755,3.0,follow,1.0533746376803705,56.1398781644325,34.072303088036094
100.5,30.357669017834755,-2.3462815766670744,follow,0.5966077358968462,56.13311126264898,829.5245454828778
100.6,30.123040860168047,3.0,follow,0.7922458863804493,55.97680717663252,35.81275998799818
100.7,30.423040860168047,-0.8066252584319011,follow,0.42094180036365714,56.05550309061573,
100.8,30.342378334324856,3.0,follow,0.2826977556959349,55.79626525718322,21.523195329324675
100.9,30.642378334324857,-2.112001296452732,follow,-0.12654007773638654,55.8370274237509,
101.0,30.431178204679583,3.0,follow,0.11614229626350436,55.76290960328288,75.23549566246317
101.1,30.731178204679583,-6.015810649767146,follow,-0.4709755242041638,55.62579178281521,40.56787920999212
101.2,30.12959713970287,3.0,follow,0.3104363592904278,55.504832068844735,45.88703978126075
101.3,30.42959713970287,-4.473706785280833,follow,-0.21252335468027184,55.43187235487403,75.97600009431049
101.4,29.982226461174786,3.0,follow,0.38731001699450474,55.36064970875668,77.72899874773213
101.5,30.282226461174787,-2.9937627157254925,follow,-0.06891262912324692,55.35442706263893,889.5641181836418
101.6,29.98285018960224,3.0,follow,0.31186675927504837,55.28614204367841,80.9637939412197
101.7,30.28285018960224,-5.044148560638774,follow,-0.23841825968516872,55.18585702471819,55.02901390147478
101.8,29.77843533353836,3.0,follow,0.4183604910570722,55.08601349136461,55.172339801061526
101.9,30.078435333538362,-5.094989243879166,follow,-0.13948304229677433,54.97816995801077,50.979570353677666
102.0,29.568936409150446,3.0,follow,0.5948717033701882,54.94827631709586,183.81259236121332
102.1,29.868936409150447,-7.710036041524134,follow,-0.09602193754495403,54.707382676180714,22.710181334954477
102.2,29.097932804998035,3.0,follow,0.9236901881840041,54.570589395681054,39.89274121966793
102.3,29.397932804998035,-2.1220770525115604,follow,0.4828969076840721,54.579796115181125,
102.4,29.18572509974688,3.0,follow,0.777635955586149,54.55622360520647,231.44002765844053
102.5,29.48572509974688,-4.337416607078118,follow,0.23806344561123183,54.466651095231555,60.80732929179178
102.6,29.051983439039066,3.0,follow,0.8554775927688212,54.43345275132742,163.96436192385414
102.7,29.351983439039067,-3.216613698192604,follow,0.3652792488650789,54.39325440742368,135.31217738086306
102.8,29.030322069219807,3.0,follow,0.7587390966717891,54.3042222005015,60.993907797982104
102.9,29.330322069219807,-5.51025108773615,follow,0.16370688975001713,54.15918999357973,37.34287103740642
103.0,28.779296960446192,3.0,follow,0.9793148568659262,54.14826029753522,495.42329518114667
103.1,29.079296960446193,-5.322714099030522,follow,0.3823851608214426,54.001330601490736,36.7531765566926
103.2,28.54702555054314,3.0,follow,1.2010897206217805,54.02162804643649,
103.3,28.84702555054314,-6.095381890051841,follow,0.5563871655673864,53.8269254913821,27.6457211752391
103.4,28.237487361537955,3.0,follow,1.563945712921182,53.92017675522811,
103.5,28.537487361537956,-1.3940499873929681,follow,1.1251969767673131,53.93142801907425,
103.6,28.398082362798657,3.0,follow,1.3364962385962826,53.93361978279427,
103.7,28.698082362798658,-1.2544930431554997,follow,0.9146880023165949,53.96181154651458,
103.8,28.57263305848311,3.0,follow,1.1955986529413423,54.05454824066601,
103.9,28.87263305848311,-1.920227419750434,follow,0.7483353470930751,54.057284934817744,
104.0,28.680610316508066,3.0,follow,0.8133084284046319,53.83422390316673,24.13430239462091
104.1,28.980610316508066,-6.766437107011222,follow,0.15324739675399002,53.62416287151609,25.52789655944268
104.2,28.303966605806945,3.0,follow,1.0758163022246592,53.531766210935075,57.93690580860671
104.3,28.603966605806946,-3.6258362610048884,follow,0.5524196416438727,53.45836955035429,72.83487985339683
104.4,28.241382979706458,3.0,follow,1.0951567828240485,53.457231252383735,4696.242339961097
104.5,28.54138297970646,-4.979064289250648,follow,0.5060184848535698,53.31809295441326,38.32021358034851
104.6,28.043476550781392,3.0,follow,1.2345304731628843,53.29974529933497,290.49894971505194
104.7,28.343476550781393,-4.687653531710746,follow,0.6521828180850164,53.16739764425711,40.17252713156615
104.8,27.874711197610317,3.0,follow,1.276859728080467,53.088926524495946,67.65409578220341
104.9,28.174711197610318,-5.604290793458327,follow,0.6483886083194008,52.910455404734876,29.646508340162054
105.0,27.614282118264484,3.0,follow,1.401604015511559,52.823027192908285,60.41874366339083
105.1,27.914282118264484,-5.02666654030122,follow,0.7941758036852562,52.665598981081985,33.453723681458975
105.2,27.411615464234362,3.0,follow,1.4670142383068665,52.58443743465841,64.78984168230954
105.3,27.711615464234363,-0.595987009400524,follow,1.066852691883156,52.6342758882347,
105.4,27.65201676329431,3.0,follow,1.0430490669637535,52.521074211905216,46.39602160931111
105.5,27.95201676329431,0.983109573528683,follow,0.7378473906345349,52.665872535576,
105.6,28.05032772064718,3.0,follow,0.5453481825406428,52.62083976351141,116.85010127266581
105.7,28.35032772064718,-4.75836600337085,follow,-0.009684589523885734,52.51580699144688,49.99944870453224
105.8,27.874491120310093,3.0,follow,0.5566211989505874,52.368357879415726,35.51622465410462
105.9,28.174491120310094,-3.7027971598286884,follow,0.05117208691952868,52.31290876738467,94.34399731798996
106.0,27.804211404327226,3.0,follow,0.47917052046088315,52.185487626951726,40.95512522469166
106.1,28.104211404327227,-4.827645835256816,follow,-0.07625061997212157,52.08006648651872,49.40191907689997
106.2,27.621446820801545,3.0,follow,0.78275157323597,52.21492180443829,
106.3,27.921446820801545,-4.723257364745992,follow,0.2176068911560023,52.09977712235832,45.247228253312294
106.4,27.449121084326947,3.0,follow,0.9531833874350326,52.12686501392545,
106.5,27.749121084326948,-5.402439230615949,follow,0.34727127900262644,51.97095290549305,33.33349374075605
106.6,27.208877161265352,3.0,follow,1.1037494474684095,51.91706518936644,96.34304238735727
106.7,27.508877161265353,-0.7902928762735897,follow,0.7098617313414763,51.9731774732395,
106.8,27.429847873637993,3.0,follow,0.6954208754190034,51.84019268587599,38.98204728038527
106.9,27.729847873637993,-1.8258256594811684,follow,0.27143608805513963,51.86620789851213,
107.0,27.547265307689877,3.0,follow,0.49658340620850083,51.81748136774331,106.34346535650097
107.1,27.847265307689877,-6.448447538796383,follow,-0.13814312456074163,51.63275483697407,27.95091458819422
107.2,27.20242055381024,3.0,follow,0.7988819508779486,51.602512781593305,170.63163244510278
107.3,27.50242055381024,-3.0644274017427318,follow,0.3106398954969123,51.56427072621227,134.8365568023289
107.4,27.195977813635967,3.0,follow,0.7297062243948886,51.52367294484884,126.91253367616075
107.5,27.495977813635967,-7.547269300520764,follow,0.03110844303137128,51.275075163485326,20.62571712516248
107.6,26.74125088358389,3.0,follow,1.0520737497512656,51.163950075127104,46.04176323362586
107.7,27.041250883583892,-4.267245110003629,follow,0.49394866139274995,51.055824986768584,47.219221516416276
107.8,26.61452637258353,3.0,follow,1.0765827906348946,50.99837234951019,88.76593796761784
107.9,26.91452637258353,-2.750286031297666,follow,0.5891301533764874,50.96091971225178,136.06764020572635
108.0,26.639497769453765,3.0,follow,0.951723281125993,50.91096993530664,101.92431888330816
108.1,26.939497769453766,-6.344332990306699,follow,0.2987735041806019,50.70802015836125,24.985501793386643
108.2,26.305064470423098,3.0,follow,1.2399170056839637,50.69751371131861,482.5371841418697
108.3,26.6050644704231,-2.382822699960533,follow,0.7614105586417423,50.66900726427639,177.74578217016136
108.4,26.366782200427046,3.0,follow,1.105155743593329,50.655329044233895,370.335678809696
108.5,26.666782200427047,-2.0924330287284745,follow,0.6464775235504874,50.646650824191056,583.6064374372015
108.6,26.4575388975542,3.0,follow,0.9485885881044993,50.6348969344358,430.7926821509132
108.7,26.757538897554202,-3.650732131752193,follow,0.42283469834893594,50.55914304468024,66.74131613296166
108.8,26.392465684378983,3.0,follow,0.886197949673587,50.474896476242066,59.9132966625807
108.9,26.692465684378984,-7.183063275856972,follow,0.1949513812357182,50.23364990780419,20.822534485391174
109.0,25.974159356793287,3.0,follow,1.2579949369351056,50.21923397212504,348.3591706373588
109.1,26.274159356793287,-3.1298251309742113,follow,0.7415790012558219,50.15281803644575,75.51322965409226
109.2,25.961176843695867,3.0,follow,1.1759350865322986,50.1177003520761,142.71356796941865
109.3,26.261176843695868,-5.759052941426983,follow,0.537817402162851,49.929582667706654,26.5416740776014
109.4,25.68527154955317,3.0,follow,1.2811481884212412,49.809055512751,41.32600286733447
109.5,25.985271549553172,-1.5568448757302669,follow,0.8376210334660001,49.815528357795756,
109.6,25.829587061980146,3.0,follow,1.005189058627323,49.74956965159754,75.42532672221397
109.7,26.129587061980146,-2.9472994845665568,follow,0.5082303524293366,49.702610945399556,105.8432290187351
109.8,25.83485711352349,3.0,follow,0.8788395637621988,49.63112523404743,69.42803575027528
109.9,26.13485711352349,-4.317710120594278,follow,0.322353852409762,49.524639522695,46.508248753509854
110.0,25.703086101464063,3.0,follow,0.9697017603528835,49.524330912548976,16047.538128360668
110.1,26.003086101464064,-5.014403324121016,follow,0.37539315020662656,49.38002230240272,34.21834792276417
110.2,25.50164576905196,3.0,follow,1.074389071919633,49.326857725497575,92.78143567935815
110.3,25.801645769051962,-4.583843246656796,follow,0.49522449501446175,49.19769314859241,38.089152867896914
110.4,25.343261444386282,3.0,follow,1.0964748375742133,49.111367004153635,56.89049050379906
110.5,25.643261444386283,-4.199997281550976,follow,0.5341486931355988,48.99904085971502,43.62211585254458
110.6,25.223261716231185,3.0,follow,1.1278221137448554,48.96271468809164,134.7863331046174
110.7,25.523261716231186,-4.370233985976615,follow,0.5554959421216878,48.840388516468465,39.92636070304196
110.8,25.086238317633523,3.0,follow,1.2554072082545247,48.884764684704805,
110.9,25.386238317633524,-4.806343801483224,follow,0.6557833764913568,48.73514085294164,32.57177702147209
111.0,24.9056039374852,3.0,follow,1.3221745529653504,48.68058045919315,89.22329388525283
111.1,25.2056039374852,-3.845810314900832,follow,0.7646141592169755,48.57302006544478,45.15883437449118
111.2,24.821022905995118,3.0,follow,1.405383415852512,48.63691777484519,
111.3,25.12102290599512,-2.8174929631827776,follow,0.8922811252529641,48.57381548424564,76.97631103841617
111.4,24.83927360967684,3.0,follow,1.3359777087627336,48.594888123278,
111.5,25.13927360967684,-5.68710000771652,follow,0.689050347795245,48.397960762310504,24.57655478877446
111.6,24.57056360890519,3.0,follow,1.5240589880621513,48.379904401419935,267.9382888654131
111.7,24.87056360890519,-1.5197774187306408,follow,1.0660026271713434,48.37184804052913,600.4180882394959
111.8,24.718585867032125,3.0,follow,1.2381106532780137,48.315989453826205,86.4969780036477
111.9,25.018585867032126,-2.0435406819782127,follow,0.7682520665746964,48.29613086712288,243.20024173376805
112.0,24.814231798834303,3.0,follow,0.9563599889880336,48.17770768723949,40.6826668010968
112.1,25.114231798834304,-2.2249113190578624,follow,0.49093680910470994,48.16228450735616,312.27207924287217
112.2,24.891740666928516,3.0,follow,0.8904994402701547,48.22811044066293,
112.3,25.191740666928517,-5.324686366707287,follow,0.28032537357726994,48.06793637397004,30.009812054122758
112.4,24.65927203025779,3.0,follow,0.9611011255575335,47.95000917094421,40.66068552517299
112.5,24.95927203025779,-2.2386241691785322,follow,0.4941739225313597,47.93308196791804,283.17189729997955
112.6,24.735409613339936,3.0,follow,0.838426586574073,47.941541006583975,
112.7,25.035409613339937,-5.6869310715633175,follow,0.21288562524026133,47.766000045250166,27.210743112183394
112.8,24.466716506183605,3.0,follow,0.9492536353561292,47.64932839463154,40.840536790291225
112.9,24.766716506183606,-4.858314319654346,follow,0.3575819847378625,47.507656744013275,33.53363678382692
113.0,24.280885074218173,3.0,follow,0.9132406252643648,47.33456823659162,27.34703126258819
113.1,24.580885074218173,-5.653089358904041,follow,0.28515211784259975,47.15647972916986,26.479237999044972
113.2,24.01557613832777,3.0,follow,1.0015579078455232,47.024922115337176,35.74473627585749
113.3,24.31557613832777,-4.979610519947824,follow,0.4010002940126043,46.87436450150426,31.133838607170766
113.4,23.81761508633299,3.0,follow,1.0941803633715637,46.820602992871045,87.08945151117157
113.5,24.11761508633299,-3.2029318591434004,follow,0.5734188547380654,46.74984148423755,66.06676763564369
113.6,23.79732190041865,3.0,follow,1.1021264435674851,46.798109294195456,
113.7,24.09732190041865,-5.139417485032801,follow,0.4883942535258541,46.63437710415383,28.482106720877457
113.8,23.583380151915367,3.0,follow,1.278968861089183,46.654039088962236,
113.9,23.883380151915368,-3.579249397124104,follow,0.7306308458976503,46.555701073770706,47.342526675052646
114.0,23.525455212202957,3.0,follow,1.2119727342460607,46.500155552550495,83.71540050570236
114.1,23.825455212202957,-2.4439411508401143,follow,0.7204272130255163,46.458610031329954,111.82579654009518
114.2,23.581061097118948,3.0,follow,0.9419122759396998,46.31350392161812,31.916990961698726
114.3,23.88106109711895,-3.4539903752483196,follow,0.4148061662280753,46.2363978119065,59.964635726880374
114.4,23.535662059594117,3.0,follow,0.870338516556096,46.17383160594727,73.79995462071243
114.5,23.835662059594117,-3.4661456016994974,follow,0.34577231059669344,46.09926539998787,61.823268070097136
114.6,23.489047499424167,3.0,follow,0.806789400909139,46.040360650045386,78.1606928049992
114.7,23.789047499424168,-0.8427207707301889,follow,0.4098846509667311,46.09345590010298,
114.8,23.704775422351148,3.0,follow,0.3828152243411367,45.93997835786786,29.932703957098624
114.9,24.00477542235115,-6.192052820908679,follow,-0.2486623178937819,45.75850081563294,25.214415101759613
115.0,23.38557014026028,3.0,follow,0.5495885912167964,45.627943801607216,34.94867291657779
115.1,23.685570140260282,-5.583505260802198,follow,-0.060968422809132505,45.46738678758129,28.318530375889054
115.2,23.127219614180063,3.0,follow,0.6608354048933194,45.351664826163415,39.190197150518266
115.3,23.427219614180064,-2.678502598120276,follow,0.18311344347517888,45.32394286474528,163.49471879470082
115.4,23.159369354368035,3.0,follow,0.5939518977564049,45.333005929308456,
115.5,23.459369354368036,-5.498005725351682,follow,-0.014985037680538937,45.174068993871515,28.422637488083208
115.6,22.909568781832867,3.0,follow,0.6837589429388231,45.04811211568813,35.76470992726266
115.7,23.209568781832868,-3.6404046727979242,follow,0.15880206475582526,44.973155237505125,59.998703691388386
115.8,22.845528314553075,3.0,follow,0.5933099342201587,44.86160240604977,40.21556586308894
115.9,23.145528314553076,-3.572023365053992,follow,0.07575710276466907,44.79404957459428,66.30965513892575
116.0,22.788325978047677,3.0,follow,0.5457280097180401,44.728216976789554,67.94235449956707
116.1,23.088325978047678,-6.68934226578494,follow,-0.11810458808682966,44.51438437898469,20.817398673530096
116.2,22.419391751469185,3.0,follow,0.9353575766339759,44.56444520383775,
116.3,22.719391751469185,-1.1496919431667703,follow,0.5164184014868027,44.59550602869058,
116.4,22.604422557152507,3.0,follow,0.568429937246556,44.47506377297532,36.92646198699825
116.5,22.904422557152508,-5.115452186389677,follow,-0.02201231846868268,44.334621517260075,31.567864879035646
116.6,22.39287733851354,3.0,follow,0.6950177756384761,44.28433378340878,88.0618997752203
116.7,22.69287733851354,-3.76333064977101,follow,0.16273004178702877,44.20204604955734,53.716445915748196
116.8,22.31654427353644,3.0,follow,0.6985752118991186,44.17339162220378,154.15904522198167
116.9,22.61654427353644,-1.536621297079109,follow,0.2719207845452445,44.1967371948499,
117.0,22.46288214382853,3.0,follow,0.39512576472449723,44.089448980467296,41.09440094056946
117.1,22.76288214382853,-6.157590455287417,follow,-0.23716244965837774,43.90716076608442,24.086670065168278
117.2,22.14712309829979,3.0,follow,0.5227638088048678,43.743448456254555,26.719706356647038
117.3,22.44712309829979,-5.490664339053627,follow,-0.08394850102493479,43.586736146424755,27.813217859983695
117.4,21.898056664394428,3.0,follow,0.6778454833937744,43.524930479985414,70.4222330854263
117.5,22.19805666439443,-1.6369187267605874,follow,0.2470398169545618,43.544124813546205,
117.6,22.03436479171837,3.0,follow,0.3761411467970248,43.42768833437458,37.297321804349636
117.7,22.33436479171837,-4.53388090167191,follow,-0.17829533237488704,43.32325185520267,41.48287284170088
117.8,21.88097670155118,3.0,follow,0.4226891327208193,43.24415418504759,54.67184317849274
117.9,22.18097670155118,-3.092431523424289,follow,-0.06540853743454988,43.206056514892225,113.40865816459367
118.0,21.871733549208752,3.0,follow,0.4702828361580984,43.277883159971225,
118.1,22.171733549208753,-5.5017502384754415,follow,-0.13489051876276648,43.12270980505036,27.7900222155016
118.2,21.62155852536121,3.0,follow,0.5872161644725296,43.01955395251434,41.70345442828915
118.3,21.92155852536121,-3.0080379776941424,follow,0.0950603119366562,42.97739809997847,101.94882920029565
118.4,21.620754727591795,3.0,follow,0.5071905358316542,42.93832262721935,109.8856126241812
118.5,21.920754727591795,-2.243564103032697,follow,0.05511506307234271,42.936247154460034,2068.745396178096
118.6,21.696398317288526,3.0,follow,0.3280098467984658,42.872607322731255,67.36756864065347
118.7,21.996398317288527,-5.668349431112203,follow,-0.2786299849301628,42.71596749100263,27.270182187724117
118.8,21.429563374177306,3.0,follow,0.5256660923192058,42.670011153585165,92.84902485967555
118.9,21.729563374177307,-3.227582925828548,follow,0.025709754901377835,42.62005481616734,85.31461075655344
119.0,21.406805081594452,3.0,follow,0.4691666856163508,42.57937430800803,104.66775425007052
119.1,21.706805081594453,-4.221321653789094,follow,-0.07551382254305139,42.48469379984863,44.871636861415
119.2,21.284672916215545,3.0,follow,0.5342171339035815,42.4612265082269,180.93790793150924
119.3,21.584672916215546,-3.2669638233202063,follow,0.03174984228230926,42.40875921660563,80.82894677030215
119.4,21.257976533883525,3.0,follow,0.5099967623919568,42.396961563217246,359.36775024323697
119.5,21.557976533883526,-4.114730812582598,follow,-0.03180089099635097,42.305163909828934,46.085234587485324
119.6,21.146503452625264,3.0,follow,0.4807583856288957,42.20051356456679,40.32525020218749
119.7,21.446503452625265,-4.7479213865774526,follow,-0.08989195963378194,42.079863219304116,34.87753236655999
119.8,20.97171131396752,3.0,follow,0.6081251169560531,42.06569208790734,296.8407455282493
119.9,21.271711313967522,-5.678515768547413,follow,-0.01304601444041964,41.89452095651086,24.47522582496977
120.0,20.70385973711278,-8.0,emergency,,40.330134982799336,2.5780169127393773
120.1,19.90385973711278,-8.0,emergency,,38.784749009088046,2.5097127623040105
120.2,19.103859737112778,-8.0,emergency,,37.274363035377064,2.4678700467396126
120.3,18.303859737112777,-8.0,emergency,,35.80697706166575,2.440188042080271
120.4,17.503859737112776,-8.0,emergency,,34.358591087954665,2.3721985514617896
120.5,16.703859737112776,-8.0,emergency,,32.938205114243374,2.318961586770691
120.6,15.903859737112775,-8.0,emergency,,31.539819140532018,2.2554444719454825
120.7,15.103859737112774,-8.0,emergency,,30.182433166820374,2.2235704325349337
120.8,14.303859737112774,-8.0,emergency,,28.85404719310918,2.1721132083694044
120.9,13.503859737112773,-8.0,emergency,,27.556661219397938,2.124014115904913
121.0,12.703859737112772,-8.0,emergency,,26.28627524568674,2.0691566019809398
121.1,11.903859737112771,-8.0,emergency,,25.095889271975466,2.1082144637284146
121.2,11.10385973711277,-8.0,emergency,,23.98550329826412,2.16010503249574
121.3,10.30385973711277,-8.0,emergency,,22.955117324552702,2.227817333525245
121.4,9.50385973711277,-8.0,emergency,,22.00473135084121,2.315346812717814
121.5,8.703859737112769,-8.0,emergency,,21.184345377130285,2.5822412932410534
121.6,7.903859737112769,-8.0,emergency,,20.495959403418965,2.977393524292723
121.7,7.103859737112769,-7.0380126134387755,follow,-0.6692161759614201,19.986573429707732,3.923659947699354
121.8,6.400058475768891,3.0,follow,0.042479868477258265,19.642567582130596,5.7099516535806165
121.9,6.700058475768891,-8.0,follow,-0.675525979099401,19.374561734553936,7.229156344805312
122.0,5.900058475768891,3.0,follow,0.4504681733238982,19.300555886977236,26.079771422014627
122.1,6.200058475768891,-3.0441484109102177,follow,-0.03753767425319765,19.26255003940014,50.683121854947046
122.2,5.895643634677869,3.0,follow,0.532520223915693,19.375985675932498,
122.3,6.195643634677869,1.2720671863962174,follow,0.24595586044777917,19.539421312464583,
122.4,6.322850353317491,3.0,follow,0.35486074715640115,19.83913627713264,
122.5,6.6228503533174905,3.0,follow,0.1965757118246465,20.130851241800883,
122.6,6.92285035331749,3.0,follow,0.1362906764928482,20.520566206469084,
122.7,7.22285035331749,3.0,follow,0.17800564116091167,21.012281171137147,
122.8,7.52285035331749,3.0,follow,0.28472060582948444,21.56899613580572,
122.9,7.82285035331749,3.0,follow,0.34943557049768614,22.08371110047392,
123.0,8.12285035331749,3.0,follow,0.415150535166088,22.599426065142325,
123.1,8.422850353317491,3.0,follow,0.6018654998341333,23.23614102981037,
123.2,8.722850353317492,3.0,follow,0.6665804645023314,23.75085599447857,
123.3,9.022850353317493,3.0,follow,0.7152954291704567,24.249570959146695,
123.4,9.322850353317493,3.0,follow,0.9030103938387022,24.887285923814943,
123.5,9.622850353317494,3.0,follow,1.066725358507064,25.501000888483304,
123.6,9.922850353317495,3.0,follow,1.2234403231753603,26.107715853151603,
123.7,10.222850353317495,3.0,follow,1.4871552878436312,26.821430817819873,
123.8,10.522850353317496,3.0,follow,1.747870252511742,27.532145782487987,
123.9,10.822850353317497,3.0,follow,1.985585217180173,28.219860747156417,
124.0,11.122850353317498,3.0,follow,2.2023001818484147,28.886575711824662,
124.1,11.422850353317498,3.0,follow,2.5600151465162817,29.69429067649253,
124.2,11.722850353317499,3.0,follow,2.9257301111844107,30.51000564116066,
124.3,12.0228503533175,3.0,follow,3.267445075852656,31.301720605828905,
124.4,12.3228503533175,3.0,follow,3.7491600405212253,32.23343557049748,
124.5,12.622850353317501,3.0,follow,4.069875005189285,33.004150535165536,
124.6,12.922850353317502,3.0,follow,4.379589969857829,33.76386549983408,
124.7,13.222850353317503,3.0,follow,4.761304934526038,34.59558046450229,
124.8,13.522850353317503,3.0,follow,5.206019899194345,35.4902954291706,
124.9,13.822850353317504,3.0,follow,5.69073486386262,36.425010393838875,
125.0,14.122850353317505,3.0,follow,6.161449828530767,37.345725358507025,
125.1,14.422850353317505,3.0,follow,6.6941647931992705,38.32844032317553,
125.2,14.722850353317506,3.0,follow,7.129879757867563,39.21415528784382,
125.3,15.022850353317507,3.0,follow,7.785594722536118,40.319870252512374,
125.4,15.322850353317508,3.0,follow,8.34730968720416,41.33158521718042,
125.5,15.622850353317508,3.0,follow,9.022024651872485,42.456300181848746,
125.6,15.922850353317509,3.0,follow,9.656739616540847,43.54101514651711,
125.7,16.222850353317508,3.0,follow,10.321454581208961,44.65573011118522,
125.8,16.52285035331751,3.0,follow,11.016169545877268,45.80044507585353,
125.9,16.82285035331751,3.0,follow,11.721884510545543,46.95616004052181,
126.0,17.12285035331751,3.0,follow,12.464599475214087,48.14887500519035,
126.1,17.42285035331751,3.0,follow,13.2883144398823,49.422589969858564,
126.2,17.72285035331751,3.0,follow,14.033029404550788,50.617304934527056,
126.3,18.022850353317512,3.0,follow,14.84474436921883,51.8790198991951,
126.4,18.322850353317513,3.0,follow,15.554459333887465,53.03873486386374,
126.5,18.622850353317514,3.0,follow,16.372174298555827,54.306449828532095,
126.6,18.922850353317514,3.0,follow,16.968889263223723,55.353164793199994,
126.7,19.222850353317515,3.0,follow,17.75860422789183,56.592879757868104,
126.8,19.522850353317516,3.0,follow,18.35231919256003,57.6365947225363,
126.9,19.822850353317516,3.0,follow,18.79103415722848,58.525309687204754,
127.0,20.122850353317517,3.0,follow,19.340749121896806,59.52502465187308,
127.1,20.422850353317518,3.0,follow,19.787464086565066,60.421739616541345,
127.2,20.72285035331752,3.0,follow,20.341179051233297,61.42545458120958,
127.3,21.02285035331752,3.0,follow,20.72989401590157,62.26416954587785,
127.4,21.32285035331752,3.0,follow,21.10760898056987,63.09188451054615,
127.5,21.62285035331752,3.0,follow,21.325323945237862,63.759599475214145,
127.6,21.92285035331752,3.0,follow,21.64203890990602,64.5263144398823,
127.7,22.222850353317522,3.0,follow,21.75175387457429,65.08602940455057,
127.8,22.522850353317523,3.0,follow,21.906468839242635,65.69074436921892,
127.9,22.822850353317524,3.0,follow,22.24218380391102,66.4764593338873,
128.0,23.122850353317524,3.0,follow,22.55089876857936,67.23517429855565,
128.1,23.422850353317525,3.0,follow,22.796613733247604,67.93088926322389,
128.2,23.722850353317526,3.0,follow,22.887328697915642,68.47160422789193,
128.3,24.022850353317526,3.0,follow,23.03104366258402,69.06531919256031,
128.4,24.322850353317527,3.0,follow,23.148758627252107,69.6330341572284,
128.5,24.622850353317528,3.0,follow,23.13247359192063,70.06674912189692,
128.6,24.92285035331753,3.0,follow,23.325188556588984,70.70946408656528,
128.7,25.22285035331753,3.0,follow,23.431903521257553,71.26617905123385,
128.8,25.52285035331753,3.0,follow,23.409618485925762,71.69389401590206,
128.9,25.82285035331753,3.0,follow,23.379333450594167,72.11360898057046,
129.0,26.12285035331753,3.0,follow,23.33604841526219,72.52032394523849,
129.1,26.422850353317532,3.0,follow,23.05976337993004,72.69403890990634,
129.2,26.722850353317533,3.0,follow,22.915478344598412,72.99975387457471,
129.3,27.022850353317533,3.0,follow,22.702193309266363,73.23646883924266,
129.4,27.322850353317534,3.0,follow,22.429908273934572,73.41418380391087,
129.5,27.622850353317535,3.0,follow,22.192623238602636,73.62689876857894,
129.6,27.922850353317536,3.0,follow,22.112338203270852,73.99661373324716,
129.7,28.222850353317536,3.0,follow,21.89805316793906,74.23232869791536,
129.8,28.522850353317537,3.0,follow,21.544768132607594,74.3290436625839,
129.9,28.822850353317538,3.0,follow,21.264483097275992,74.4987586272523,
130.0,29.12285035331754,0.3947173410071077,cruise,,,
130.1,29.16232208741825,0.37695506066178747,cruise,,,
130.2,29.20001759348443,0.35999208293200713,cruise,,,
130.3,29.23601680177763,0.34379243920006636,cruise,,,
130.4,29.270396045697638,0.3283217794360631,cruise,,,
130.5,29.303228223641245,0.3135472993614398,cruise,,,
130.6,29.33458295357739,0.2994376708901751,cruise,,,
130.7,29.364526720666408,0.2859629757001164,cruise,,,
130.8,29.39312301823642,0.2730946417936112,cruise,,,
130.9,29.42043248241578,0.26080538291289895,cruise,,,
131.0,29.44651302070707,0.24906914068181882,cruise,,,
131.1,29.471419934775252,0.23786102935113665,cruise,,,
131.2,29.495206037710364,0.2271572830303361,cruise,,,
131.3,29.517921766013398,0.21693520529397095,cruise,,,
131.4,29.539615286542794,0.20717312105574257,cruise,,,
131.5,29.56033259864837,0.19785033060823398,cruise,,,
131.6,29.580117631709193,0.18894706573086317,cruise,,,
131.7,29.59901233828228,0.18044444777297458,cruise,,,
131.8,29.617056783059578,0.17232444762318996,cruise,,,
131.9,29.634289227821895,0.16456984748014705,cruise,,,
132.0,29.65074621256991,0.15716420434354053,cruise,,,
132.1,29.666462633004265,0.1500918151480807,cruise,,,
132.2,29.681471814519075,0.14333768346641645,cruise,,,
132.3,29.695805582865717,0.13688748771042755,cruise,,,
132.4,29.70949433163676,0.13072755076345874,cruise,,,
132.5,29.722567086713106,0.12484481097910241,cruise,,,
132.6,29.735051567811016,0.11922679448504266,cruise,,,
132.7,29.74697424725952,0.1138615887332163,cruise,,,
132.8,29.75836040613284,0.10873781724022162,cruise,,,
132.9,29.769234187856863,0.10384461546441148,cruise,,,
133.0,29.779618649403304,0.09917160776851333,cruise,,,
133.1,29.789535810180155,0.09470888541893033,cruise,,,
133.2,29.79900669872205,0.09044698557507776,cruise,,,
133.3,29.808051397279556,0.0863768712241999,cruise,,,
133.4,29.816689084401975,0.08248991201911107,cruise,,,
133.5,29.824938075603885,0.07877786597825161,cruise,,,
133.6,29.83281586220171,0.07523286200923085,cruise,,,
133.7,29.84033914840263,0.07184738321881615,cruise,,,
133.8,29.847523886724513,0.06861425097396907,cruise,,,
133.9,29.85438531182191,0.06552660968014,cruise,,,
134.0,29.860937972789927,0.062577912244533,cruise,,,
134.1,29.86719576401438,0.05976190619352924,cruise,,,
134.2,29.873171954633733,0.057072620414820106,cruise,,,
134.3,29.878879216675216,0.05450435249615282,cruise,,,
134.4,29.88432965192483,0.05205165663382658,cruise,,,
134.5,29.889534817588213,0.049709332085303974,cruise,,,
134.6,29.894505750796743,0.0474724121414658,cruise,,,
134.7,29.89925299201089,0.04533615359509948,cruise,,,
134.8,29.9037866073704,0.04329602668332022,cruise,,,
134.9,29.90811621003873,0.04134770548257105,cruise,,,
135.0,29.91225098058699,0.039487058735854674,cruise,,,
135.1,29.916199686460576,0.037710141092740734,cruise,,,
135.2,29.91997070056985,0.03601318474356816,cruise,,,
135.3,29.923572019044204,0.03439259143010798,cruise,,,
135.4,29.927011278187216,0.03284492481575292,cruise,,,
135.5,29.930295770668792,0.03136690319904361,cruise,,,
135.6,29.933432460988698,0.029955392555086037,cruise,,,
135.7,29.936428000244206,0.02860739989010739,cruise,,,
135.8,29.939288740233216,0.02732006689505262,cruise,,,
135.9,29.942020746922722,0.026090663884775014,cruise,,,
136.0,29.9446298133112,0.024916584009960552,cruise,,,
136.1,29.947121471712194,0.023795337729512766,cruise,,,
136.2,29.949501005485146,0.02272454753168418,cruise,,,
136.3,29.951773460238314,0.021701942892758553,cruise,,,
136.4,29.953943654527592,0.02072535546258365,cruise,,,
136.5,29.95601619007385,0.019792714466767513,cruise,,,
136.6,29.957995461520525,0.018902042315763624,cruise,,,
136.7,29.9598856657521,0.018051450411554804,cruise,,,
136.8,29.961690810793257,0.01723913514303419,cruise,,,
136.9,29.96341472430756,0.016463374061597237,cruise,,,
137.0,29.965061061713723,0.015722522228824864,cruise,,,
137.1,29.966633313936605,0.015015008728527946,cruise,,,
137.2,29.968134814809456,0.01433933333574462,cruise,,,
137.3,29.969568748143033,0.013694063335635321,cruise,,,
137.4,29.970938154476595,0.013077830485532084,cruise,,,
137.5,29.972245937525148,0.012489328113683307,cruise,,,
137.6,29.973494870336516,0.011927308348567678,cruise,,,
137.7,29.97468760117137,0.011390579472882757,cruise,,,
137.8,29.97582665911866,0.01087800339660312,cruise,,,
137.9,29.97691445945832,0.010388493243755547,cruise,,,
138.0,29.977953308782695,0.009921011047787332,cruise,,,
138.1,29.978945409887473,0.009474565550637238,cruise,,,
138.2,29.979892866442537,0.009048210100858434,cruise,,,
138.3,29.980797687452622,0.008641040646320165,cruise,,,
138.4,29.981661791517254,0.008252193817235565,cruise,,,
138.5,29.98248701089898,0.007880845095459678,cruise,,,
138.6,29.983275095408523,0.007526207066164759,cruise,,,
138.7,29.98402771611514,0.007187527748187073,cruise,,,
138.8,29.98474646888996,0.006864088999518359,cruise,,,
138.9,29.98543287778991,0.00655520499453992,cruise,,,
139.0,29.986088398289365,0.006260220769785896,cruise,,,
139.1,29.986714420366344,0.0059785108351453784,cruise,,,
139.2,29.98731227144986,0.0057094778475633495,cruise,,,
139.3,29.987883219234615,0.005452551344423462,cruise,,,
139.4,29.98842847436906,0.0052071865339236465,cruise,,,
139.5,29.98894919302245,0.004972863139897754,cruise,,,
139.6,29.98944647933644,0.004749084298602035,cruise,,,
139.7,29.9899213877663,0.004535375505164296,cruise,,,
139.8,29.990374925316818,0.0043312836074319355,cruise,,,
139.9,29.99080805367756,0.004136375845097362,cruise,,,
140.0,29.991221691262073,0.00395023893206723,cruise,,,
140.1,29.99161671515528,0.003772478180123429,cruise,,,
140.2,29.991993962973293,0.003602716662018146,cruise,,,
140.3,29.992354234639496,0.003440594412226794,cruise,,,
140.4,29.992698294080718,0.003285767663676964,cruise,,,
140.5,29.993026870847086,0.0031379081188115166,cruise,,,
140.6,29.993340661658966,0.0029967022534654222,cruise,,,
140.7,29.99364033188431,0.00286185065205995,cruise,,,
140.8,29.993926516949518,0.002733067372716924,cruise,,,
140.9,29.994199823686788,0.002610079340945326,cruise,,,
141.0,29.994460831620884,0.002492625770602075,cruise,,,
141.1,29.994710094197945,0.0023804576109247577,cruise,,,
141.2,29.99494813995904,0.002273337018432464,cruise,,,
141.3,29.995175473660883,0.0021710368526028033,cruise,,,
141.4,29.99539257734614,0.002073340194236373,cruise,,,
141.5,29.995599911365566,0.0019800398854950886,cruise,,,
141.6,29.995797915354117,0.001890938090647154,cruise,,,
141.7,29.995987009163184,0.0018058458765674247,cruise,,,
141.8,29.99616759375084,0.0017245828121218666,cruise,,,
141.9,29.996340052032053,0.0016469765855759988,cruise,,,
142.0,29.99650474969061,0.0015728626392247592,cruise,,,
142.1,29.996662035954532,0.0015020838204604203,cruise,,,
142.2,29.996812244336578,0.0014344900485399493,cruise,,,
142.3,29.99695569334143,0.001369937996356363,cruise,,,
142.4,29.997092687141066,0.0013082907865202386,cruise,,,
142.5,29.99722351621972,0.0012494177011262765,cruise,,,
142.6,29.997348457989833,0.0011931939045750184,cruise,,,
142.7,29.99746777738029,0.0011395001788693903,cruise,,,
142.8,29.997581727398178,0.001088222670820116,cruise,,,
142.9,29.99769054966526,0.0010392526506324273,cruise,,,
143.0,29.997794474930323,0.0009924862813544878,cruise,,,
143.1,29.99789372355846,0.0009478243986935198,cruise,,,
143.2,29.99798850599833,0.0009051723007519997,cruise,,,
143.3,29.998079023228403,0.0008644395472186872,cruise,,,
143.4,29.998165467183124,0.0008255397675940301,cruise,,,
143.5,29.998248021159885,0.0007883904780518592,cruise,,,
143.6,29.99832686020769,0.0007529129065392937,cruise,,,
143.7,29.998402151498343,0.0007190318257455531,cruise,,,
143.8,29.99847405468092,0.0006866753935863557,cruise,,,
143.9,29.99854272222028,0.00065577500087457,cruise,,,
144.0,29.998608299720367,0.0006262651258349905,cruise,,,
144.1,29.99867092623295,0.000598083195172272,cruise,,,
144.2,29.998730734552467,0.0005711694513898636,cruise,,,
144.3,29.998787851497607,0.000545466826076968,cruise,,,
144.4,29.998842398180216,0.0005209208189029369,cruise,,,
144.5,29.998894490262106,0.0004974793820521128,cruise,,,
144.6,29.998944238200313,0.00047509280985931214,cruise,,,
144.7,29.9989917474813,0.000453713633415731,cruise,,,
144.8,29.99903711884464,0.00043329651991186324,cruise,,,
144.9,29.99908044849663,0.00041379817651598927,cruise,,,
145.0,29.999121828314284,0.00039517725857241004,cruise,,,
145.1,29.99916134604014,0.00037739428193717117,cruise,,,
145.2,29.999199085468334,0.0003604115392498386,cruise,,,
145.3,29.99923512662226,0.0003441930199830523,cruise,,,
145.4,29.999269545924257,0.0003287043340844065,cruise,,,
145.5,29.999302416357665,0.00031391263905078404,cruise,,,
145.6,29.99933380762157,0.0002997865702928593,cruise,,,
145.7,29.9993637862786,0.00028629617462989644,cruise,,,
145.8,29.999392415896065,0.00027341284677095956,cruise,,,
145.9,29.999419757180743,0.00026110926866582677,cruise,,,
146.0,29.99944586810761,0.00024935935157532896,cruise,,,
146.1,29.99947080404277,0.0002381381807539995,cruise,,,
146.2,29.999494617860844,0.00022742196262033333,cruise,,,
146.3,29.999517360057105,0.00021718797430274607,cruise,,,
146.4,29.999539078854536,0.00020741451545891465,cruise,,,
146.5,29.999559820306082,0.00019808086226298373,cruise,,,
146.6,29.999579628392308,0.00018916722346151715,cruise,,,
146.7,29.999598545114655,0.0001806546984054691,cruise,,,
146.8,29.999616610584496,0.00017252523697663946,cruise,,,
146.9,29.999633863108194,0.0001647616013126907,cruise,,,
147.0,29.999650339268324,0.0001573473292539873,cruise,,,
147.1,29.99966607400125,0.00015026669943711825,cruise,,,
147.2,29.999681100671193,0.00014350469796315936,cruise,,,
147.3,29.99969545114099,0.00013704698655434556,cruise,,,
147.4,29.999709155839646,0.00013087987215918418,cruise,,,
147.5,29.999722243826863,0.00012499027791168515,cruise,,,
147.6,29.999734742854653,0.00011936571540633878,cruise,,,
147.7,29.99974667942619,0.00011399425821370102,cruise,,,
147.8,29.999758078852015,0.000108864516593421,cruise,,,
147.9,29.999768965303673,0.00010396561334715671,cruise,,,
148.0,29.99977936186501,9.928716074583122e-05,cruise,,,
148.1,29.999789290581084,9.4819238512045e-05,cruise,,,
148.2,29.999798772504935,9.055237277930673e-05,cruise,,,
148.3,29.999807827742213,8.647751600410203e-05,cruise,,,
148.4,29.999816475493812,8.258602778443702e-05,cruise,,,
148.5,29.999824734096592,7.886965653369771e-05,cruise,,,
148.6,29.999832621062247,7.532052198904182e-05,cruise,,,
148.7,29.999840153114445,7.193109849996659e-05,cruise,,,
148.8,29.999847346224296,6.869419906667673e-05,cruise,,,
148.9,29.999854215644202,6.560296010906797e-05,cruise,,,
149.0,29.999860775940213,6.265082690397606e-05,cruise,,,
149.1,29.999867041022902,5.9831539693888657e-05,cruise,,,
149.2,29.99987302417687,5.713912040796743e-05,cruise,,,
149.3,29.999878738088913,5.4567859988985394e-05,cruise,,,
149.4,29.999884194874912,5.2112306289409104e-05,cruise,,,
149.5,29.99988940610554,4.97672525062498e-05,cruise,,,
149.6,29.999894382830792,4.7527726143492545e-05,cruise,,,
149.7,29.999899135603407,4.538897846693146e-05,cruise,,,
149.8,29.999903674501255,4.3346474435423946e-05,cruise,,,
149.9,29.999908009148697,4.1395883086181585e-05,cruise,,,
150.0,29.999912148737007,3.953306834691972e-05,cruise,,,
