time,ego_speed,acceleration_cmd,mode,distance_error,distance,ttc
0.0,0.0,3.0,cruise,,,
0.1,0.30000000000000004,3.0,cruise,,,
0.2,0.6000000000000001,3.0,cruise,,,
0.3,0.9000000000000001,3.0,cruise,,,
0.4,1.2000000000000002,3.0,cruise,,,
0.5,1.5000000000000002,3.0,cruise,,,
0.6,1.8000000000000003,3.0,cruise,,,
0.7,2.1000000000000005,3.0,cruise,,,
0.8,2.4000000000000004,3.0,cruise,,,
0.9,2.7,3.0,cruise,,,
1.0,3.0,3.0,cruise,,,
1.1,3.3,3.0,cruise,,,
1.2,3.5999999999999996,3.0,cruise,,,
1.3,3.8999999999999995,3.0,cruise,,,
1.4,4.199999999999999,3.0,cruise,,,
1.5,4.499999999999999,3.0,cruise,,,
1.6,4.799999999999999,3.0,cruise,,,
1.7,5.099999999999999,3.0,cruise,,,
1.8,5.399999999999999,3.0,cruise,,,
1.9,5.699999999999998,3.0,cruise,,,
2.0,5.999999999999998,3.0,cruise,,,
2.1,6.299999999999998,3.0,cruise,,,
2.2,6.599999999999998,3.0,cruise,,,
2.3,6.899999999999998,3.0,cruise,,,
2.4,7.1999999999999975,3.0,cruise,,,
2.5,7.499999999999997,3.0,cruise,,,
2.6,7.799999999999997,3.0,cruise,,,
2.7,8.099999999999998,3.0,cruise,,,
2.8,8.399999999999999,3.0,cruise,,,
2.9,8.7,3.0,cruise,,,
3.0,9.0,3.0,cruise,,,
3.1,9.3,3.0,cruise,,,
3.2,9.600000000000001,3.0,cruise,,,
3.3,9.900000000000002,3.0,cruise,,,
3.4,10.200000000000003,3.0,cruise,,,
3.5,10.500000000000004,3.0,cruise,,,
3.6,10.800000000000004,3.0,cruise,,,
3.7,11.100000000000005,3.0,cruise,,,
3.8,11.400000000000006,3.0,cruise,,,
3.9,11.700000000000006,3.0,cruise,,,
4.0,12.000000000000007,3.0,cruise,,,
4.1,12.300000000000008,3.0,cruise,,,
4.2,12.600000000000009,3.0,cruise,,,
4.3,12.90000000000001,3.0,cruise,,,
4.4,13.20000000000001,3.0,cruise,,,
4.5,13.50000000000001,3.0,cruise,,,
4.6,13.800000000000011,3.0,cruise,,,
4.7,14.100000000000012,3.0,cruise,,,
4.8,14.400000000000013,3.0,cruise,,,
4.9,14.700000000000014,3.0,cruise,,,
5.0,15.000000000000014,3.0,cruise,,,
5.1,15.300000000000015,3.0,cruise,,,
5.2,15.600000000000016,3.0,cruise,,,
5.3,15.900000000000016,3.0,cruise,,,
5.4,16.200000000000017,3.0,cruise,,,
5.5,16.500000000000018,3.0,cruise,,,
5.6,16.80000000000002,3.0,cruise,,,
5.7,17.10000000000002,3.0,cruise,,,
5.8,17.40000000000002,3.0,cruise,,,
5.9,17.70000000000002,3.0,cruise,,,
6.0,18.00000000000002,3.0,cruise,,,
6.1,18.300000000000022,3.0,cruise,,,
6.2,18.600000000000023,3.0,cruise,,,
6.3,18.900000000000023,3.0,cruise,,,
6.4,19.200000000000024,3.0,cruise,,,
6.5,19.500000000000025,3.0,cruise,,,
6.6,19.800000000000026,3.0,cruise,,,
6.7,20.100000000000026,3.0,cruise,,,
6.8,20.400000000000027,3.0,cruise,,,
6.9,20.700000000000028,3.0,cruise,,,
7.0,21.00000000000003,3.0,cruise,,,
7.1,21.30000000000003,3.0,cruise,,,
7.2,21.60000000000003,3.0,cruise,,,
7.3,21.90000000000003,3.0,cruise,,,
7.4,22.20000000000003,3.0,cruise,,,
7.5,22.500000000000032,3.0,cruise,,,
7.6,22.800000000000033,3.0,cruise,,,
7.7,23.100000000000033,3.0,cruise,,,
7.8,23.400000000000034,3.0,cruise,,,
7.9,23.700000000000035,3.0,cruise,,,
8.0,24.000000000000036,3.0,cruise,,,
8.1,24.300000000000036,3.0,cruise,,,
8.2,24.600000000000037,2.939999999999977,cruise,,,
8.3,24.894000000000034,2.7695999999999827,cruise,,,
8.4,25.170960000000033,2.620463999999981,cruise,,,
8.5,25.433006400000032,2.4781497599999818,cruise,,,
8.6,25.68082137600003,2.343692198399985,cruise,,,
8.7,25.915190595840027,2.2165164226559857,cruise,,,
8.8,26.136842238105626,2.096243014871026,cruise,,,
8.9,26.34646653959273,1.982495774757259,cruise,,,
9.0,26.544716117068454,1.8749207522832028,cruise,,,
9.1,26.732208192296774,1.7731830093936152,cruise,,,
9.2,26.909526493236136,1.6769658031189563,cruise,,,
9.3,27.07722307354803,1.585969575559288,cruise,,,
9.4,27.23582003110396,1.4999110237816957,cruise,,,
9.5,27.38581113348213,1.4185222175325527,cruise,,,
9.6,27.527663355235383,1.3415497651055162,cruise,,,
9.7,27.661818331745934,1.2687540244418882,cruise,,,
9.8,27.788693734190122,1.1999083570417384,cruise,,,
9.9,27.908684569894294,1.134798422359251,cruise,,,
10.0,28.02216441213022,1.0732215104859428,cruise,,,
10.1,28.129486563178816,1.0149859110441148,cruise,,,
10.2,28.23098515428323,0.9599103163256502,cruise,,,
10.3,28.326976185915793,0.9078232568179594,cruise,,,
10.4,28.41775851159759,0.8585625673596489,cruise,,,
10.5,28.503614768333556,0.811974882263901,cruise,,,
10.6,28.584812256559946,0.767915157837642,cruise,,,
10.7,28.66160377234371,0.7262462208100097,cruise,,,
10.8,28.73422839442471,0.686838341264172,cruise,,,
10.9,28.80291222855113,0.6495688287429047,cruise,,,
11.0,28.86786911142542,0.6143216502704562,cruise,,,
11.1,28.929301276452467,0.5809870691014737,cruise,,,
11.2,28.987399983362614,0.5494613030722838,cruise,,,
11.3,29.042346113669844,0.5196462014908647,cruise,,,
11.4,29.09431073381893,0.4914489395595566,cruise,,,
11.5,29.143455627774884,0.4647817293791149,cruise,,,
11.6,29.189933800712794,0.43956154663441394,cruise,,,
11.7,29.233889955376235,0.4157098721108184,cruise,,,
11.8,29.275460942587316,0.39315244723652965,cruise,,,
11.9,29.31477618731097,0.3718190428897657,cruise,,,
12.0,29.351958091599947,0.3516432407510535,cruise,,,
12.1,29.38712241567505,0.3325622265198646,cruise,,,
12.2,29.420378638327037,0.31451659435179236,cruise,,,
12.3,29.451830297762218,0.2974501619074886,cruise,,,
12.4,29.481575313952966,0.28130979543747187,cruise,,,
12.5,29.509706293496713,0.2660452443582258,cruise,,,
12.6,29.536310817932534,0.2516089848046576,cruise,,,
12.7,29.561471716413,0.2379560716717357,cruise,,,
12.8,29.585267323580172,0.22504399868472333,cruise,,,
12.9,29.607771723448646,0.2128325660623382,cruise,,,
13.0,29.62905498005488,0.20128375536083568,cruise,,,
13.1,29.649183355590964,0.19036161110933988,cruise,,,
13.2,29.668219516701896,0.18003212886792994,cruise,,,
13.3,29.68622272958869,0.1702631493599938,cruise,,,
13.4,29.70324904452469,0.16102425834918604,cruise,,,
13.5,29.71935147035961,0.1522866919493154,cruise,,,
13.6,29.73458013955454,0.1440232470723423,cruise,,,
13.7,29.748982464261776,0.13620819673570067,cruise,,,
13.8,29.762603283935345,0.1288172099652236,cruise,,,
13.9,29.775485004931866,0.12182727604435897,cruise,,,
14.0,29.787667732536303,0.11521663287378203,cruise,,,
14.1,29.79918939582368,0.10896469921841216,cruise,,,
14.2,29.810085865745524,0.10305201063084296,cruise,,,
14.3,29.820391066808607,0.09746015885175226,cruise,,,
14.4,29.83013708269378,0.09217173449855735,cruise,,,
14.5,29.839354256143636,0.0871702728639633,cruise,,,
14.6,29.848071283430034,0.08244020265558162,cruise,,,
14.7,29.85631530369559,0.07796679751708736,cruise,,,
14.8,29.8641119834473,0.07373613017990906,cruise,,,
14.9,29.87148559646529,0.0697350291028357,cruise,,,
15.0,29.878459099375576,0.06595103746437019,cruise,,,
15.1,29.885054203122014,0.062372374380353784,cruise,,,
15.2,29.89129144056005,0.05898789822593428,cruise,,,
15.3,29.897190230382645,0.05578707194781813,cruise,,,
15.4,29.902768937577427,0.052759930258761044,cruise,,,
15.5,29.908044930603303,0.04989704861214221,cruise,,,
15.6,29.913034635464516,0.04718951386007717,cruise,,,
15.7,29.917753586850523,0.04462889650367927,cruise,,,
15.8,29.922216476500893,0.04220722444909484,cruise,,,
15.9,29.926437198945802,0.03991695818760945,cruise,,,
16.0,29.930428894764564,0.03775096732249992,cruise,,,
16.1,29.934203991496815,0.03570250836965911,cruise,,,
16.2,29.93777424233378,0.0337652037627663,cruise,,,
16.3,29.94115076271006,0.03193302199768624,cruise,,,
16.4,29.944344064909828,0.030200258854334548,cruise,,,
16.5,29.94736409079526,0.028561519637409556,cruise,,,
16.6,29.950220242759002,0.02701170238085808,cruise,,,
16.7,29.95292141299709,0.02554598196365987,cruise,,,
16.8,29.955476011193454,0.02415979508756223,cruise,,,
16.9,29.957891990702212,0.022848826069915163,cruise,,,
17.0,29.960176873309205,0.021608993407483724,cruise,,,
17.1,29.962337772649953,0.020436437069280798,cruise,,,
17.2,29.96438141635688,0.019327506478946075,cruise,,,
17.3,29.966314167004775,0.018278749149239104,cruise,,,
17.4,29.968142041919698,0.01728689993325787,cruise,,,
17.5,29.969870731913023,0.01634887085886163,cruise,,,
17.6,29.971505618998908,0.015461741514770467,cruise,,,
17.7,29.973051793150386,0.014622749958289914,cruise,,,
17.8,29.974514068146217,0.01382928411643931,cruise,,,
17.9,29.97589699655786,0.013078873653639533,cruise,,,
18.0,29.977204883923225,0.012369182280701095,cruise,,,
18.1,29.978441802151295,0.011698000481153058,cruise,,,
18.2,29.97961160219941,0.011063238632240768,cruise,,,
18.3,29.98071792606263,0.010462920499198702,cruise,,,
18.4,29.981764218112552,0.009895177082547946,cruise,,,
18.5,29.982753735820808,0.009358240799259931,cruise,,,
18.6,29.983689559900732,0.008850439979636348,cruise,,,
18.7,29.984574603898697,0.00837019366281737,cruise,,,
18.8,29.98541162326498,0.007916006674728493,cruise,,,
18.9,29.986203223932453,0.0074864649730557176,cruise,,,
19.0,29.98695187042976,0.0070802312448371655,cruise,,,
19.1,29.987659893554245,0.006696040742968278,cruise,,,
19.2,29.98832949762854,0.00633269734857862,cruise,,,
19.3,29.9889627673634,0.005989069847100836,cruise,,,
19.4,29.98956167434811,0.005664088406424383,cruise,,,
19.5,29.990128083188754,0.005356741246103525,cruise,,,
19.6,29.990663757313364,0.00506607148737217,cruise,,,
19.7,29.9911703644621,0.0047911741740037424,cruise,,,
19.8,29.9916494818795,0.004531193454901938,cruise,,,
19.9,29.99210260122499,0.004285319919516439,cruise,,,
20.0,29.99253113321694,0.004052788077886049,cruise,,,
20.1,29.99293641202473,0.0038328739773724864,cruise,,,
20.2,29.993319699422468,0.0036248929487804555,cruise,,,
20.3,29.993682188717347,0.003428197474712391,cruise,,,
20.4,29.994025008464817,0.0032421751736400493,cruise,,,
20.5,29.99434922598218,0.003066246893328639,cruise,,,
20.6,29.994655850671514,0.002899864907758598,cruise,,,
20.7,29.99494583716229,0.0027425112118478977,cruise,,,
20.8,29.995220088283475,0.0025936959087317743,cruise,,,
20.9,29.995479457874346,0.0024529556845209297,cruise,,,
21.0,29.995724753442797,0.002319852365870645,cruise,,,
21.1,29.995956738679386,0.002193971555779939,cruise,,,
21.2,29.996176135834965,0.0020749213434420708,cruise,,,
21.3,29.99638362796931,0.0019623310840714225,cruise,,,
21.4,29.996579861077716,0.0018558502449621981,cruise,,,
21.5,29.996765446102213,0.0017551473141757866,cruise,,,
21.6,29.99694096083363,0.0016599087684049606,cruise,,,
21.7,29.99710695171047,0.0015698380968764524,cruise,,,
21.8,29.99726393552016,0.001484654878215963,cruise,,,
21.9,29.99741240100798,0.001404093907389381,cruise,,,
22.0,29.99755281039872,0.0013279043700300975,cruise,,,
22.1,29.997685600835723,0.001255849061562486,cruise,,,
22.2,29.99781118574188,0.0011877036487135228,cruise,,,
22.3,29.997929956106752,0.0011232559710776969,cruise,,,
22.4,29.99804228170386,0.0010623053805758787,cruise,,,
22.5,29.99814851224192,0.0010046621167902003,cruise,,,
22.6,29.9982489784536,0.0009501467161598498,cruise,,,
22.7,29.998343993125214,0.0008985894532564486,cruise,,,
22.8,29.99843385207054,0.0008498298123491566,cruise,,,
22.9,29.998518835051776,0.0008037159876991494,cruise,,,
23.0,29.998599206650546,0.0007601044109023291,cruise,,,
23.1,29.998675217091638,0.0007188593039259672,cruise,,,
23.2,29.99874710302203,0.0006798522563897791,cruise,,,
23.3,29.998815088247667,0.0006429618257620006,cruise,,,
23.4,29.998879384430243,0.0006080731592788879,cruise,,,
23.5,29.998940191746172,0.000575077636367638,cruise,,,
23.6,29.998997699509808,0.0005438725304799163,cruise,,,
23.7,29.999052086762855,0.000514360689238913,cruise,,,
23.8,29.999103522831778,0.0004864502320110375,cruise,,,
23.9,29.99915216785498,0.00046005426380943957,cruise,,,
24.0,29.99919817328136,0.00043509060480317885,cruise,,,
24.1,29.99924168234184,0.00041148153441739055,cruise,,,
24.2,29.999282830495282,0.00038915354938779957,cruise,,,
24.3,29.99932174585022,0.00036803713492901126,cruise,,,
24.4,29.999358549563713,0.0003480665482804568,cruise,,,
24.5,29.99939335621854,0.0003291796140480585,cruise,,,
24.6,29.999426274179946,0.000311317530626809,cruise,,,
24.7,29.999457405933008,0.0002944246871336986,cruise,,,
24.8,29.99948684840172,0.0002784484902562667,cruise,,,
24.9,29.999514693250745,0.0002633392005272128,cruise,,,
25.0,29.9995410271708,0.00024904977746587065,cruise,,,
25.1,29.999565932148545,0.00023553573312682372,cruise,,,
25.2,29.99958948572186,0.00022275499357036208,cruise,,,
25.3,29.999611761221217,0.00021066776791158758,cruise,,,
25.4,29.99963282799801,0.0001992364244017608,cruise,,,
25.5,29.99965275164045,0.00018842537328893626,cruise,,,
25.6,29.99967159417778,0.0001782009560024278,cruise,,,
25.7,29.99968941427338,0.00016853134037191352,cruise,,,
25.8,29.99970626740742,0.00015938642151027693,cruise,,,
25.9,29.99972220604957,0.00015073772810865192,cruise,,,
26.0,29.99973727982238,0.00014255833376068948,cruise,,,
26.1,29.999751535655758,0.00013482277316754221,cruise,,,
26.2,29.999765017933075,0.00012750696283703178,cruise,,,
26.3,29.999777768629357,0.00012058812610362679,cruise,,,
26.4,29.99978982744197,0.00011404472220704064,cruise,,,
26.5,29.99980123191419,0.00010785637926389312,cruise,,,
26.6,29.999812017552117,0.00010200383080416486,cruise,,,
26.7,29.999822217935197,9.646885580139042e-05,cruise,,,
26.8,29.999831864820777,9.123422195358443e-05,cruise,,,
26.9,29.999840988242973,8.628363202092259e-05,cruise,,,
27.0,29.999849616606173,8.16016730951219e-05,cruise,,,
27.1,29.99985777677348,7.717376860298941e-05,cruise,,,
27.2,29.99986549415034,7.29861329347159e-05,cruise,,,
27.3,29.999872792763636,6.902572852425237e-05,cruise,,,
27.4,29.99987969533649,6.5280225253872e-05,cruise,,,
27.5,29.999886223359013,6.173796206780935e-05,cruise,,,
27.6,29.99989239715522,5.838791065855275e-05,cruise,,,
27.7,29.999898235946286,5.521964116326216e-05,cruise,,,
27.8,29.999903757910403,5.222328964222811e-05,cruise,,,
27.9,29.99990898023937,4.9389527413268296e-05,cruise,,,
28.0,29.99991391919211,4.670953199195083e-05,cruise,,,
28.1,29.99991859014531,4.417495961490658e-05,cruise,,,
28.2,29.99992300764127,4.17779192751766e-05,cruise,,,
28.3,29.9999271854332,3.9510948150223156e-05,cruise,,,
28.4,29.999931136528016,3.736698837570884e-05,cruise,,,
28.5,29.999934873226852,3.533936505206725e-05,cruise,,,
28.6,29.999938407163356,3.3421765483154786e-05,cruise,,,
28.7,29.999941749339904,3.160821950984882e-05,cruise,,,
28.8,29.999944910161854,2.989308093646059e-05,cruise,,,
28.9,29.999947899469948,2.8271009937697042e-05,cruise,,,
29.0,29.99995072657094,2.6736956443329517e-05,cruise,,,
29.1,29.999953400266584,2.528614440606702e-05,cruise,,,
29.2,29.999955928881025,2.39140569433971e-05,cruise,,,
29.3,29.99995832028672,2.2616422274523984e-05,cruise,,,
29.4,29.999960581928946,2.1389200406218833e-05,cruise,,,
29.5,29.999962720848988,2.0228570565450355e-05,cruise,,,
29.6,29.999964743706045,1.913091931626809e-05,cruise,,,
29.7,29.999966656797977,1.8092829282068124e-05,cruise,,,
29.8,29.999968466080905,1.7111068529374052e-05,cruise,,,
29.9,29.99997017718776,1.6182580490209373e-05,cruise,,,
30.0,29.99997179544581,-8.0,emergency,-73.08000967122823,-18.080051978059508,-3.9050026170448033
30.1,29.19997179544581,-8.0,emergency,-73.11000685077283,-19.31004915760412,-4.4907385620658715
30.2,28.399971795445808,-8.0,emergency,-73.61000403031738,-21.010046337148673,-7.220017173372611
30.3,27.599971795445807,-8.0,emergency,-73.7800012098619,-22.380043516693178,-15.329093059540488
30.4,26.799971795445806,-8.0,emergency,-70.88999838940646,-20.69004069623775,-10.449664355738577
30.5,25.999971795445806,-8.0,emergency,-70.31999556895099,-21.320037875782276,-18.068260578827946
30.6,25.199971795445805,-8.0,follow,-68.50999274849556,-20.710035055326856,inf
30.7,24.399971795445804,-8.0,follow,-67.7099899280401,-21.11003223487139,inf
30.8,23.599971795445803,-8.0,follow,-65.8799871075847,-20.480029414415988,inf
30.9,22.799971795445803,-8.0,follow,-66.73998428712936,-22.540026593960654,inf
31.0,21.999971795445802,-8.0,follow,-62.779981466673966,-19.780023773505263,inf
31.1,21.1999717954458,-8.0,follow,-62.809978646218525,-21.010020953049825,inf
31.2,20.3999717954458,-8.0,follow,-58.71997582576316,-18.120018132594453,inf
31.3,19.5999717954458,-8.0,follow,-60.75997300530773,-21.360015312139026,inf
31.4,18.7999717954458,-8.0,follow,-55.80997018485225,-17.61001249168355,inf
31.5,17.9999717954458,-8.0,follow,-56.019967364396834,-19.020009671228138,inf
31.6,17.199971795445798,-8.0,follow,-55.21996454394137,-19.42000685077268,inf
31.7,16.399971795445797,-8.0,follow,-53.01996172348598,-18.42000403031728,inf
31.8,15.599971795445796,-8.0,follow,-50.74995890303053,-17.350001209861837,inf
31.9,14.799971795445796,-8.0,follow,-47.65995608257503,-15.459998389406337,inf
32.0,13.999971795445795,-8.0,follow,-45.31995326211971,-14.319995568951015,inf
32.1,13.199971795445794,-8.0,follow,-44.39995044166434,-14.599992748495644,inf
32.2,12.399971795445794,-8.0,follow,-41.329947621208916,-12.729989928040226,inf
32.3,11.599971795445793,-8.0,follow,-36.199944800753556,-8.799987107584869,inf
32.4,10.799971795445792,-8.0,follow,-34.18994198029816,-7.989984287129467,inf
32.5,9.999971795445791,-8.0,follow,-33.149939159842695,-8.149981466674006,inf
32.6,9.19997179544579,-8.0,follow,-30.929936339387304,-7.129978646218618,inf
32.7,8.39997179544579,-8.0,follow,-28.059933518931857,-5.459975825763173,inf
32.8,7.59997179544579,-8.0,follow,-24.60993069847637,-3.209973005307681,inf
32.9,6.79997179544579,-8.0,follow,-23.609927878020933,-3.4099701848522486,inf
33.0,5.9999717954457905,-8.0,follow,-19.67992505756546,-0.6799673643967736,inf
33.1,5.199971795445791,-8.0,follow,-18.239922237110044,-0.43996454394135753,inf
33.2,4.399971795445791,-7.01991659619911,follow,-12.629919416654577,3.97003827651411,inf
33.3,3.6979801358258797,-5.843938796884036,follow,-9.236929106769306,6.310041096969513,inf
33.4,3.1135862561374763,-5.84334349486932,follow,-7.540136300819313,7.130243083386901,inf
33.5,2.5292519066505443,3.0,follow,-2.0949934022026486,11.698884457773168,inf
33.6,2.829251906650544,-4.960843783532917,follow,-3.527918592867783,10.715959267108033,inf
33.7,2.3331675282972526,1.854484160861892,follow,-0.8367172160029455,12.663034076442933,inf
33.8,2.5186159443834417,3.0,follow,3.0917934070380184,16.86971732361318,inf
33.9,2.818615944383442,3.0,follow,5.819931812599714,20.047855729174877,inf
34.0,3.118615944383442,3.0,follow,8.308070218161332,22.985994134736494,inf
34.1,3.4186159443834416,3.0,follow,7.616208623722983,22.744132540298146,inf
34.2,3.7186159443834415,3.0,follow,11.064347029284672,26.642270945859835,inf
34.3,4.018615944383441,3.0,follow,11.482485434846403,27.510409351421565,inf
34.4,4.318615944383441,3.0,follow,12.980623840408168,29.45854775698333,inf
34.5,4.618615944383441,3.0,follow,15.778762245969737,32.7066861625449,inf
34.6,4.918615944383441,3.0,follow,17.10690065153134,34.484824568106504,inf
34.7,5.218615944383441,3.0,follow,16.175039057092988,34.00296297366815,inf
34.8,5.51861594438344,3.0,follow,21.11317746265467,39.39110137922983,inf
34.9,5.81861594438344,3.0,follow,22.50131586821627,41.22923978479143,inf
35.0,6.11861594438344,3.0,follow,21.72945427377791,40.90737819035307,inf
35.1,6.41861594438344,3.0,follow,24.30759267933959,43.93551659591475,inf
35.2,6.71861594438344,3.0,follow,25.825731084901292,45.90365500147645,inf
35.3,7.0186159443834395,3.0,follow,26.943869490462912,47.47179340703807,inf
35.4,7.318615944383439,3.0,follow,27.39200789602456,48.36993181259972,inf
35.5,7.618615944383439,3.0,follow,28.570146301586227,49.99807021816139,inf
35.6,7.918615944383439,3.0,follow,30.57828470714793,52.456208623723086,inf
35.7,8.218615944383439,3.0,follow,33.17642311270954,55.5043470292847,inf
35.8,8.51861594438344,3.0,follow,33.70456151827118,56.48248543484634,inf
35.9,8.81861594438344,3.0,follow,33.882699923832845,57.11062384040801,inf
36.0,9.118615944383441,3.0,follow,36.32083832939454,59.9987622459697,inf
36.1,9.418615944383442,3.0,follow,33.418976734956146,57.54690065153131,inf
36.2,9.718615944383442,3.0,follow,38.98711514051779,63.565039057092946,inf
36.3,10.018615944383443,3.0,follow,36.84525354607945,61.87317746265461,inf
36.4,10.318615944383444,3.0,follow,39.423391951641136,64.9013158682163,inf
36.5,10.618615944383444,3.0,follow,39.60153035720273,65.5294542737779,inf
36.6,10.918615944383445,3.0,follow,40.38966876276436,66.76759267933953,inf
36.7,11.218615944383446,3.0,follow,44.097807168326014,70.92573108490119,inf
36.8,11.518615944383447,3.0,follow,43.205945573887696,70.48386949046287,inf
36.9,11.818615944383447,3.0,follow,45.0140839794493,72.74200789602448,inf
37.0,12.118615944383448,3.0,follow,45.442222385010936,73.6201463015861,inf
37.1,12.418615944383449,3.0,follow,46.860360790572585,75.48828470714776,inf
37.2,12.71861594438345,3.0,follow,47.228499196134266,76.30642311270944,inf
37.3,13.01861594438345,3.0,follow,46.48663760169596,76.01456151827114,inf
37.4,13.31861594438345,3.0,follow,49.774776007257586,79.75269992383276,inf
37.5,13.618615944383452,3.0,follow,48.832914412819235,79.26083832939442,inf
37.6,13.918615944383452,3.0,follow,48.331052818380904,79.20897673495608,inf
37.7,14.218615944383453,3.0,follow,50.249191223942624,81.5771151405178,inf
37.8,14.518615944383454,3.0,follow,53.03732962950424,84.81525354607942,inf
37.9,14.818615944383454,3.0,follow,52.90546803506588,85.13339195164106,inf
38.0,15.118615944383455,3.0,follow,52.133606440627545,84.81153035720273,inf
38.1,15.418615944383456,3.0,follow,52.67174484618924,85.79966876276443,inf
38.2,15.718615944383457,3.0,follow,53.20988325175085,86.78780716832604,inf
38.3,16.018615944383455,3.0,follow,56.36802165731249,90.39594557388767,inf
38.4,16.318615944383456,3.0,follow,54.92616006287417,89.40408397944935,inf
38.5,16.618615944383457,3.0,follow,55.39429846843585,90.32222238501103,inf
38.6,16.918615944383458,3.0,follow,56.45243687399747,91.83036079057266,inf
38.7,17.21861594438346,3.0,follow,55.93057527955911,91.7584991961343,inf
38.8,17.51861594438346,3.0,follow,55.698713685120765,91.97663760169596,inf
38.9,17.81861594438346,3.0,follow,56.066852090682445,92.79477600725764,inf
39.0,18.11861594438346,3.0,follow,56.474990496244054,93.65291441281924,inf
39.1,18.41861594438346,3.0,follow,56.75312890180569,94.38105281838088,inf
39.2,18.718615944383462,3.0,follow,57.81126730736734,95.88919122394253,inf
39.3,19.018615944383463,3.0,follow,57.23940571292903,95.76732962950422,inf
39.4,19.318615944383463,3.0,follow,58.147544118490615,97.12546803506581,inf
39.5,19.618615944383464,3.0,follow,57.35568252405224,96.78360644062744,inf
39.6,19.918615944383465,3.0,follow,57.6238209296139,97.5017448461891,inf
39.7,20.218615944383465,3.0,follow,55.361959335175584,95.68988325175079,inf
39.8,20.518615944383466,3.0,follow,58.640097740737296,99.4180216573125,inf
39.9,20.818615944383467,3.0,follow,58.008236146298906,99.2361600628741,inf
40.0,21.118615944383468,3.0,follow,58.706374551860556,100.38429846843576,inf
40.1,21.41861594438347,3.0,follow,54.28451295742222,96.41243687399742,inf
40.2,21.71861594438347,3.0,follow,59.76265136298393,102.34057527955913,inf
40.3,22.01861594438347,3.0,follow,57.15078976854555,100.17871368512075,inf
40.4,22.31861594438347,3.0,follow,58.3989281741072,101.8768520906824,inf
40.5,22.61861594438347,3.0,follow,55.81706657966886,99.74499049624407,inf
40.6,22.918615944383472,3.0,follow,57.44520498523057,101.82312890180577,inf
40.7,23.218615944383473,3.0,follow,55.343343390792164,100.17126730736737,inf
40.8,23.518615944383473,3.0,follow,55.551481796353805,100.82940571292902,inf
40.9,23.818615944383474,3.0,follow,58.08962020191548,103.81754411849069,inf
41.0,24.118615944383475,3.0,follow,55.40775860747716,101.58568252405237,181.85245792826194
41.1,24.418615944383475,3.0,follow,55.495897013038785,102.123820929614,inf
41.2,24.718615944383476,2.8688304333699137,follow,55.83403541860041,102.91195933517562,inf
41.3,25.00549898772047,2.7098175640307267,follow,55.011849259156584,102.52009774073728,inf
41.4,25.276480744123543,2.5631297971228,follow,54.2248267257799,102.13954784196521,245.24434630684135
41.5,25.532793723835823,2.4240107859862254,follow,54.052709181799116,102.35189976755285,338.02516931641856
41.6,25.775194802434445,2.292482039940711,follow,55.91582819151758,104.57862039516925,129.87989996828546
41.7,26.004443006428517,2.1680859921488183,follow,52.74443640528298,101.75110091492576,53.995318811880225
41.8,26.2212516056434,2.050440437399078,follow,52.59877920581783,101.93065661428292,282.1597330556952
41.9,26.426295649383306,1.9391785666301096,follow,53.11908797964363,102.75853145371859,118.61831642219335
42.0,26.620213506046316,1.8339540397092007,follow,52.75558162971075,102.68590188878022,99.67438913013409
42.1,26.803608910017235,1.7344392500187389,follow,52.40846717314974,102.6138805381756,41.316440814936314
42.2,26.97705283501911,1.6403243739866618,follow,51.34794039464527,101.81351964717393,109.82493748058644
42.3,27.141085272417776,1.5513163991506673,follow,48.914186455045325,99.62581436367199,31.220041414997635
42.4,27.29621691233284,1.4671382126852293,follow,51.57738046793091,102.52170583643017,55.2315331011524
42.5,27.442930733601365,1.3875277385706575,follow,48.01768804479481,99.18208414519685,123.52508129852997
42.6,27.58168350745843,1.3122371216678785,follow,49.18526581064906,100.5577910718367,30.27314036573523
42.7,27.712907219625215,1.2410319560580845,follow,47.55026189165308,99.1196227210909,31.638224745432574
42.8,27.837010415231024,1.1736905552555768,follow,47.86281637628189,99.61833199912843,36.00215288340759
42.9,27.95437947075658,1.1100032620204934,follow,47.843061751470394,99.77463095760527,29.922998216806473
43.0,28.06537979695863,1.0497717956227723,follow,47.37112331509162,99.46919301052957,23.54088810717704
43.1,28.170356976520907,0.9928086345251799,follow,47.01711956605229,99.27265503083365,31.81451858803647
43.2,28.269637839973424,0.9389364325634288,follow,47.88116257322147,100.2856193331816,24.642394059771295
43.3,28.363531483229767,0.8879874668057958,follow,46.12335832433957,98.66865554918422,32.850881071199396
43.4,28.45233022991035,0.8398031153732098,follow,44.87380705599577,97.5523024008613,23.55010271669542
43.5,28.53631054144767,0.7942333635940777,follow,45.75260356569879,98.55706937787029,41.47482732531602
43.6,28.615733877807077,0.7511363369563454,follow,45.52983750701489,98.4534383237255,23.409336202475174
43.7,28.69084751150271,0.710377859402741,follow,42.35559366869073,95.3918649359448,24.267505838576223
43.8,28.761885297442984,0.6718310355939365,follow,43.91995223863009,97.06278018479456,30.795149894426125
43.9,28.829068401002377,0.6353758558391795,follow,43.55298905354664,96.79659165505021,20.38222730896432
44.0,28.892605986586297,0.6008988224643026,follow,41.96477583507057,95.30368481495002,25.60133550484762
44.1,28.952695868832727,0.5682925964539336,follow,43.355380413042255,96.78442421629134,32.557795511821126
44.2,29.00952512847812,0.537455663267734,follow,41.16486693669089,94.67915462940807,18.13941925728674
44.3,29.063270694804896,0.5082920167902877,follow,40.99329607435297,94.58820211656031,24.10952734967073
44.4,29.114099896483925,0.48071086043061584,follow,40.180725202353884,93.85187504707977,23.916790480072393
44.5,29.162170982526987,0.4546263244407448,follow,39.907208583640895,93.65046505743138,26.216680420818534
44.6,29.207633614971062,0.4299571985732882,follow,38.17279753672211,91.9842479591787,17.90401084482487
44.7,29.250629334828393,0.40662667924563395,follow,37.30754059543905,91.18348459768164,17.399338661807406
44.8,29.291292002752957,0.3845621304236609,follow,40.21148366006933,94.14842166419876,24.1326262165874
44.9,29.329748215795323,0.36369485748044,follow,36.994670140230504,90.98929246392349,22.139870300135918
45.0,29.366117701543367,0.34395989332593685,follow,36.34714109002897,90.39631764234402,21.64601768981183
45.1,29.40051369087596,0.3252957961418289,follow,34.55893533587579,88.65970587218973,21.41273100184655
45.2,29.433043270490145,0.30764445809172825,follow,35.77008959736696,89.91965450310218,18.191152612383632
45.3,29.463807716299318,0.2909509244112371,follow,34.510638601604256,88.70635017605323,20.65913427825924
45.4,29.492902808740443,0.2751632223146096,follow,37.33061519131261,91.56996940442328,21.43038901261975
45.5,29.520419130971902,0.2602321991853991,follow,36.14005042709138,90.42067912354923,17.868219367470278
45.6,29.54644235089044,0.24611136954719653,follow,33.748973684116464,88.06863721045212,27.98990967863394
45.7,29.57105348784516,0.23275677033818665,follow,36.547412743595345,90.90399297536308,21.586995567201786
45.8,29.594329164878978,0.22012682403879394,follow,34.63539387926002,89.02688762657849,16.232958480445806
45.9,29.616341847282857,0.20818220922640618,follow,32.68294193916629,87.10745471009058,21.110091682648562
46.0,29.6371600682055,0.19688573815405802,follow,29.760080423053957,84.2158205253622,15.690946320801572
46.1,29.656848642020904,0.1862022409720531,follow,34.61683155551034,89.1021045185417,21.90937316867169
46.2,29.67546886611811,0.17609845623192938,follow,30.013216355162427,84.52641965433959,22.21182793187939
46.3,29.6930787117413,0.1665429273320285,follow,29.22925470011573,83.76887276772769,15.76654089136831
46.4,29.709733004474504,0.1575059045820936,follow,31.714965389841808,86.27956489655357,21.625398190753767
46.5,29.725483594932715,0.14895925258215995,follow,32.81036620370704,87.39859159610612,19.793662396663915
46.6,29.74037952019093,0.1408763626272254,follow,31.13547395632652,85.74604323661292,20.810229450087068
46.7,29.754467156453654,0.13323206986508537,follow,29.72030454991345,84.35200528459393,25.29699688939383
46.8,29.767790363440163,0.1260025749493927,follow,29.254873023788306,83.90655856894855,16.958389989386884
46.9,29.7803906209351,0.11916536994400104,follow,29.049193601201964,83.71977953260462,15.64741445325962
47.0,29.7923071579295,0.11269916824790158,follow,28.453279733616803,83.14174047051105,15.220993266520386
47.1,29.80357707475429,0.10658383832263496,follow,27.417144142586686,82.12250975471812,15.169731329343913
47.2,29.814235458586555,0.10080034101580182,follow,26.730798859362913,81.45215204724275,16.710754484327374
47.3,29.824315492688136,0.09533067028553788,follow,26.044255262351882,80.78072850138409,17.698322701573073
47.4,29.83384855971669,0.09015779714143406,follow,24.777524112540277,79.52829695211531,17.199589459951554
47.5,29.842864339430832,0.08526561662735688,follow,24.81061558699733,79.57491209614358,18.84382393086037
47.6,29.851390901093566,0.08063889768112631,follow,22.733539310560232,77.51062566220058,16.009991187592934
47.7,29.85945479086168,0.07626323571487888,follow,24.01630438579862,78.80548657209114,20.906335516515526
47.8,29.867081114433166,0.07212500776861432,follow,22.528919421355155,77.3295410930049,15.261161080042324
47.9,29.87429361521003,0.06821133009712028,follow,21.901392558746622,76.71283298156166,27.065944251466345
48.0,29.88111474821974,0.06451001805844356,follow,22.833731497711064,77.65540362004067,17.604485045731625
48.1,29.887565750025583,0.06100954817880719,follow,23.695943520180236,78.52729214521861,14.206487212722012
48.2,29.893666704843465,0.05769902227603936,follow,22.668035512950887,77.50853557021608,13.613114287894904
48.3,29.89943660707107,0.054568133529752316,follow,19.380013989125196,74.2291688997318,16.352066418133294
48.4,29.904893420424045,0.05160713439259794,follow,19.531885108388714,74.38922523902478,14.658283253721805
48.5,29.910054133863305,0.04880680624275726,follow,21.19365469618748,76.05873589698244,17.404529455964294
48.6,29.91493481448758,0.04615843068317673,follow,18.545328261864732,73.4177304835961,16.082974558714998
48.7,29.9195506575559,0.04365376239814225,follow,18.896911015813508,73.77623700214735,14.845655489993863
48.8,29.923916033795713,0.041285003482757786,follow,19.25840788569826,74.14428193639183,13.325916761869331
48.9,29.92804453414399,0.03904477916533011,follow,17.06982353179638,71.96189033301236,11.859156591236838
49.0,29.93194901206052,0.03692611484715584,follow,17.771162361507123,72.6690858795979,13.810298372910594
49.1,29.935641623545237,0.034922414388141476,follow,15.66242854307388,70.56589097839174,16.42732265922896
49.2,29.93913386498405,0.0330274395707562,follow,15.98362601856121,70.89232681603728,14.833718581405309
49.3,29.942436608941126,0.031235290678249324,follow,16.51475851612716,71.42841342953885,12.163334946993714
49.4,29.94556013800895,0.02954038812680508,follow,13.875829561631221,68.79416976864465,14.285808461959814
49.5,29.948514176821632,0.02793745509433876,follow,15.64684248961121,70.56961375484366,15.14852398774736
49.6,29.951307922331065,0.026421501091928687,follow,14.637800453664859,69.56476233716145,12.397245579826007
49.7,29.953950072440257,0.024987806426653235,follow,14.778706436267967,69.70963154492836,14.42084227190576
49.8,29.95644885308292,0.02363190750758264,follow,13.909563258059926,68.84423653768431,14.00283794155911
49.9,29.95881204383368,0.022349582949031086,follow,14.680373586625436,69.61859165237595,11.964399456097272
50.0,29.961047002128584,0.02113684042794688,follow,12.801139944799772,67.74271044799265,14.440850926723623
50.1,29.963160686171378,0.019989904254379808,follow,11.681864718522839,66.6266057477799,14.665254070933521
50.2,29.965159676596816,0.018905203616472476,follow,11.802550164267636,66.75028967916286,16.064434311663582
50.3,29.967050196958464,0.017879361463273114,follow,11.773198416065505,66.7237737115032,15.973897981903203
50.4,29.968838133104793,0.016909183990795638,follow,10.7138114921502,65.66706869180739,10.946631203369435
50.5,29.970529051503874,0.015991650698594383,follow,10.214391301241143,65.17018487849695,11.492787407766345
50.6,29.972128216573733,0.015123904985901503,follow,8.884939648485918,63.843131973346516,13.933074099154073
50.7,29.973640607072323,0.014303245258016517,follow,8.425458241080747,63.38591915168923,13.828727988378498
50.8,29.975070931598125,0.013527116515322034,follow,7.095948693584802,62.05855509098199,13.53491712926489
50.9,29.976423643249657,0.012793102398674705,follow,10.126412532947704,65.09104799782219,31.197426375230908
51.0,29.977702953489523,0.012098917666420305,follow,6.276851203262922,61.243405633497204,13.466887846424575
51.1,29.978912845256165,0.011442401079658993,follow,6.397266070263925,61.365635338148174,14.862419633936586
51.2,29.98005708536413,0.010821508673556223,follow,5.867658425576366,60.83774405362256,14.280969206407338
51.3,29.981139236231485,0.010234307393754704,follow,7.168029490739016,62.13973834508624,13.836074785610005
51.4,29.98216266697086,0.009678969078106546,follow,5.338380421006832,60.31162442146312,11.549166172651448
51.5,29.98313056387867,0.009153764764987925,follow,6.558712308948117,61.53340815476612,13.943255760075411
51.6,29.98404594035517,0.008657059310399262,follow,3.919026187845553,58.895095098378306,10.58494047851425
51.7,29.98491164628621,0.008187306297232766,follow,4.479323034913499,59.456690504342816,11.511656844526021
51.8,29.985730376915935,0.00774304322071444,follow,2.73960377434031,57.71819933971421,10.797065184760228
51.9,29.986504681238006,0.007322886935124728,follow,5.569869280165612,60.549626302022624,12.290585358138092
52.0,29.98723696993152,-2.889628522162404,follow,1.340120379001604,56.320975833898885,17.34427648964794
52.1,29.69827411771528,0.4699983815870731,follow,2.9548409603327244,57.502252136905646,9.429266547704632
52.2,29.745273955873987,0.10583578831689947,follow,2.7745137913230877,57.39242472513407,13.551053679900772
52.3,29.755857534705676,0.1359019003449056,follow,2.034111027488258,56.66789732954677,9.498701066843772
52.4,29.769447724740168,-0.29783104955637185,follow,0.8681399889659431,55.5223115760762,10.845371329364275
52.5,29.73966461978453,0.1235997588846729,follow,0.495869873925308,55.1053668036021,14.058694339678308
52.6,29.752024595673,-0.08914297769718615,follow,0.20336344811406093,54.831400341623564,11.661232140742465
52.7,29.743110297903282,-1.1402985777113628,follow,-0.4684675647986509,54.14619788205627,9.7506073132566
52.8,29.629080440132146,0.3365815936918487,follow,0.46826619206782993,54.91188685226605,10.623144191360709
52.9,29.66273859950133,0.16869868093001586,follow,1.3448709090009032,55.838978808252904,13.446302354537359
53.0,29.67960846759433,-5.818286415178491,follow,-2.236707753088794,52.2827049483027,9.997441543143522
53.1,29.097779826076483,-3.2471435220543157,follow,-2.741925637571555,50.90474410154317,12.927270276627818
53.2,28.77306547387105,0.27266145382935747,follow,-1.2346320918710987,51.92496611893548,13.872310404775018
53.3,28.800331619253985,0.692534883064674,follow,1.327162142667298,54.52765957154828,12.709427711098407
53.4,28.869585107560454,-7.200664646102986,follow,-2.936751251717844,50.36762640962284,22.290652492395786
53.5,28.149518642950156,1.8303552788402044,follow,0.48638993444146905,52.7106678988667,19.745382950618676
53.6,28.332554170834175,-0.6126203778004466,follow,-0.0631152216794888,52.435716034571776,10.805797151061551
53.7,28.271292133054132,-5.5258399425060745,follow,-2.7944775820927816,49.612460617488416,15.84408560727245
53.8,27.718708138803525,0.729015974048238,follow,-1.0327308040222718,50.54533140418302,15.703608163420496
53.9,27.791609736208347,0.564822776002778,follow,-0.2339540140097469,51.453460590302775,23.913937422952984
54.0,27.848092013808625,-5.441722794052474,follow,-2.8378384040311104,48.93429961668183,14.232981380412138
54.1,27.303919734403376,-1.3949399685768853,follow,-2.116389186303998,48.839490415301064,20.40147366405878
54.2,27.164425737545688,-2.998691142611783,follow,-2.5575401644578903,48.189098441860644,27.00538185923066
54.3,26.86455662328451,-3.0508179691836546,follow,-2.8041790668207724,47.49265586810599,39.10287503901805
54.4,26.559474826366145,-1.4618450007224695,follow,-2.133012033771621,47.7062002057776,19.396905263821367
54.5,26.413290326293897,-3.2863534988279213,follow,-2.709682766299771,46.91025272314108,28.203285969723257
54.6,26.084654976411105,0.8135652180899982,follow,-0.9480587741048865,48.17892369051177,33.349778651094006
54.7,26.166011498220104,-3.2090593348142633,follow,-2.078559054459575,47.17045819287058,28.48437842585625
54.8,25.845105564738677,0.8909564463408657,follow,-0.5938013040593546,48.17385704304866,inf
54.9,25.934201209372763,-5.030109350909186,follow,-2.81195532748427,46.089346486574875,72.67306622161475
55.0,25.431190274281843,2.7302372359139895,follow,-0.040859045785140324,48.10592636563762,34.829326025084114
55.1,25.704213997873243,0.17383172858416174,follow,0.0664863413995107,48.62280733820938,3420.769284744555
55.2,25.72159717073166,-6.446505976750515,follow,-3.1900098176755023,45.39238593842199,inf
55.3,25.076946573056606,3.0,follow,0.3548063617638846,47.970226221348796,inf
55.4,25.376946573056607,1.3394170471527005,follow,0.8471117044582925,48.9125315640432,32.24407005019678
55.5,25.510888277771876,-5.070102724298657,follow,-2.111495509920182,46.154836906737636,52.997425829203365
55.6,25.00387800534201,3.0,follow,1.8179310709474024,49.32374807896041,inf
55.7,25.30387800534201,-1.8828445301207992,follow,-0.03245672958669843,47.923360278426316,57.47046926698918
55.8,25.11559355232993,-2.0483789716190586,follow,-1.0404178506028785,46.63297247789202,inf
55.9,24.910755655168025,1.0109771304168902,follow,-0.014720360092994156,47.35141312265904,inf
56.0,25.011853368209714,1.0598353697481429,follow,0.5225575048275743,48.040337557142145,67.48628257243757
56.1,25.11783690518453,-0.877763779738828,follow,-0.17760313745562684,47.499152220321164,300.93818783883074
56.2,25.030060527210647,1.102158615428941,follow,0.462277738986657,48.007368529802626,19.51471030846385
56.3,25.14027638875354,-3.134381951084137,follow,-1.33605210604874,46.374362477081576,50.94536456183697
56.4,24.826838193645127,2.0162072015257024,follow,0.3400775477384812,47.58033483820617,2825.7386653806752
56.5,25.028458913797696,-3.770152251448046,follow,-1.7150373518547823,45.82765101884176,47.32018092448966
56.6,24.65144368865289,2.33031654082,follow,0.3076395944826089,47.284805127461944,inf
56.7,24.88447534273489,-2.1017441054941344,follow,-0.8970522555057627,46.429660758596576,48.644169922252836
56.8,24.674300932185478,0.1365759075954358,follow,-0.38023817395516346,46.631213224323055,10842.117758050856
56.9,24.68795852294502,3.0,follow,1.831845346686947,48.863783131104476,inf
57.0,24.98795852294502,0.6742536420978666,follow,1.2530494943924069,48.73498727880994,inf
57.1,25.055383887154807,-0.026818302825965645,follow,0.6131155957832206,48.19619142651543,42.44924731783168
57.2,25.05270205687221,-3.189915690799829,follow,-1.2884000475083042,46.29065303780001,inf
57.3,24.733710487792226,1.398034248357419,follow,0.05481710042455745,47.1553828321129,inf
57.4,24.873513912627967,2.9360882275874793,follow,1.5817409143917516,48.8920117833337,79.6917735311111
57.5,25.167122735386716,-1.673788336410091,follow,-0.04602371100916969,47.704660392070906,inf
57.6,24.999743901745706,3.0,follow,2.6183322659137644,50.117948118532325,inf
57.7,25.299743901745707,-2.5816165144355665,follow,0.018357875739098972,47.96797372835766,63.979144900904
57.8,25.04158225030215,0.2728940497205343,follow,0.14562596272981665,47.707999338183036,inf
57.9,25.0688716552742,-1.0645587022470053,follow,-0.45946636975859434,47.14384111315271,131.3668561456377
58.0,24.9624157850495,0.8461269098607929,follow,0.19333027005109926,47.63695394762535,inf
58.1,25.04702847603558,-0.6929909599168482,follow,-0.24983034493287448,47.3207123691205,inf
58.2,24.977729380043897,1.8686612478351066,follow,0.809415451451116,48.27600952151696,inf
58.3,25.164595504827407,0.8132712010918937,follow,0.8113433262715048,48.55823658351262,44.36180887767228
58.4,25.245922624936597,-3.365557135021568,follow,-1.2771069043750316,46.591777033029864,inf
58.5,24.90936691143444,-1.5366242888557053,follow,-1.4068655966153685,45.957184770536294,33.56089911826129
58.6,24.755704482548868,-2.047751692245363,follow,-1.7273086444303658,45.40624807939294,inf
58.7,24.550929313324332,3.0,follow,1.2242836611514534,48.05067763113795,inf
58.8,24.850929313324333,-3.1859022015135494,follow,-0.980809270181048,46.29558469980545,inf
58.9,24.53233909317298,-2.3552244723919316,follow,-1.6680168712864898,45.13049176847298,19294.01200851608
59.0,24.296816645933784,3.0,follow,1.5720328902549952,48.01725785915567,inf
59.1,24.596816645933785,2.941910012439728,follow,3.552351225661674,50.44757619456235,inf
59.2,24.89100764717776,-2.8495851072568215,follow,0.3513830592024263,47.687894529969064,144.06886045251818
59.3,24.606049136452075,3.0,follow,1.7397200605732408,48.648793765251355,inf
59.4,24.906049136452076,-0.7814897667173071,follow,0.47911514692796686,47.83818885160608,inf
59.5,24.827900159780345,0.33235224965262944,follow,0.40573369829029815,47.64758393796082,136.9576374096646
59.6,24.86113538474561,2.6204479914384606,follow,1.5130908448643794,48.80479392198279,inf
59.7,25.123180183889456,-1.9452706295160738,follow,-0.2160898923258472,47.468680383508335,inf
59.8,24.92865312093785,1.5828552597511774,follow,0.6833826837126651,48.07636236511944,inf
59.9,25.086938646912966,0.3427954815998646,follow,0.5130890826562648,48.14349705302571,inf
60.0,25.121218195072952,-1.8271372912064834,follow,-0.6570241042751093,47.02480318833432,63.442591535014834
60.1,24.938504465952303,3.0,follow,1.464924669898636,48.87268136882709,148.77326317969482
60.2,25.238504465952303,-2.042776223291696,follow,-0.2889257766965301,47.568830922231925,inf
60.3,25.034226843623134,-0.9737938028990953,follow,-0.6313597897978127,46.91998047563689,inf
60.4,24.936847463333226,2.543932982347627,follow,0.9562865962749072,48.36155779127475,inf
60.5,25.19124076156799,-2.964262791096033,follow,-1.0039880974105628,46.78287304494142,inf
60.6,24.894814482458386,1.9370425876050703,follow,0.46652724509725374,47.80874896878483,inf
60.7,25.088518741218895,-0.13354842767613206,follow,0.16648940871056084,47.799267520538905,154.9314875708811
60.8,25.075163898451283,2.6688501887693405,follow,1.4176697987399507,49.03041564641688,inf
60.9,25.342048917328217,-0.698018037580951,follow,0.3598258805794998,48.37289925657183,251.87801071484722
61.0,25.27224711357012,-0.5591784916118101,follow,-0.09967630551615514,47.80869436483903,425.9235970016556
61.1,25.21632926440894,1.9636278192532899,follow,0.9319757568685674,48.75646965348198,inf
61.2,25.41269204633427,1.649621558211095,follow,1.2907986575398311,49.40983672704124,inf
61.3,25.57765420215538,-1.0566262191901714,follow,0.11708621917482986,48.4835675224079,inf
61.4,25.471991580236363,-0.8314567554988557,follow,-0.3571852681620129,47.85080210219253,inf
61.5,25.388845904686477,-3.0321465575595283,follow,-1.6946659128607706,46.388602944168944,inf
61.6,25.085631248930525,-0.22279112653016853,follow,-0.9587285196954696,46.66971835370032,inf
61.7,25.06335213627751,0.8909825684773836,follow,-0.03387297560904301,47.56115522880722,inf
61.8,25.152450393125246,-0.873838173408032,follow,-0.45385557450853753,47.27482001517933,inf
61.9,25.065066575784442,0.837805798888752,follow,0.1919751121901072,47.78957497586677,inf
62.0,25.148847155673316,0.5776200573666017,follow,0.38479758477835446,48.10806831828833,inf
62.1,25.206609161409975,1.3917421364336633,follow,0.8882698606060089,48.698183602720974,inf
62.2,25.34578337505334,-0.7805746126059248,follow,0.05384762400004206,48.07252268658005,195.58899244567516
62.3,25.26772591379275,1.6088633327712785,follow,0.8313554783856603,48.732944349074785,inf
62.4,25.428612247069875,-0.4948487042042444,follow,0.16825338709070792,48.31117175769552,118.2323146311226
62.5,25.37912737664945,-4.149014451062065,follow,-1.9903805319856787,46.078310532988496,94.2051349663304
62.6,24.964225931543243,1.638498328002754,follow,-0.1759411019914623,47.270397795323404,inf
62.7,25.128075764343517,1.299664213298719,follow,0.5618615556536284,48.2539752021689,inf
62.8,25.25804218567339,-2.053652861204945,follow,-0.7458956527756584,47.141167625734425,inf
62.9,25.052676899552896,3.0,follow,1.6513480578377226,49.23036340716707,inf
63.0,25.352676899552897,2.488393860268261,follow,2.3210803678825584,50.3500957172119,inf
63.1,25.601516285579724,1.0340268298913173,follow,1.677553598886938,50.079828027256525,184.44502479963248
63.2,25.704918968568855,-1.7629577071965414,follow,-0.04270205415480177,48.514676398698484,inf
63.3,25.5286231978492,2.859121852010135,follow,2.166249705067713,50.45918450184151,inf
63.4,25.814535383050213,-1.5572114901054164,follow,0.3045191074811484,49.02632218205647,inf
63.5,25.65881423403967,-0.27122452209727754,follow,0.016647292691935434,48.50486864375144,inf
63.6,25.631691781829943,-0.3937481974868646,follow,-0.1885504523974646,48.25898722034745,590.7447008660937
63.7,25.592316962081256,0.7232356504824082,follow,0.2673425990424718,48.655818042164356,inf
63.8,25.664640527129496,-0.01809148851855724,follow,0.12462555526195729,48.6215863459562,inf
63.9,25.66283137827764,1.5071248963916162,follow,0.8158752258267867,49.310122293243246,inf
64.0,25.813543867916803,0.461171481253956,follow,0.6385233535403714,49.35883915541557,369.60767967396214
64.1,25.8596610160422,0.2474631355808654,follow,0.4429932445606184,49.23248476862392,inf
64.2,25.884407329600286,1.4468221006777426,follow,0.9449076726191805,49.771518667019606,inf
64.3,26.02908953966806,2.2378640661313893,follow,1.609443624557656,50.653077934059745,inf
64.4,26.2528759462812,0.49226649678483625,follow,1.0508550606712461,50.43016898009305,329.8764142223664
64.5,26.302102595959685,-4.467400077620347,follow,-1.7082725084745505,47.74488138546498,inf
64.6,25.85536258819765,-2.7084730043801954,follow,-2.208372756427373,46.5746711258691,97.97714898527903
64.7,25.58451528775963,2.9201381277822436,follow,2.14736193540989,50.524134867049334,375.6014331793477
64.8,25.876529100537855,-3.655582560476873,follow,-0.7541103125334914,48.06068333827329,inf
64.9,25.510970844490167,3.0,follow,1.1415741614842645,49.40803042821951,inf
65.0,25.810970844490168,-1.650620007414041,follow,-0.2545229229648882,48.46193334377036,inf
65.1,25.645908843748764,-0.9715310896389084,follow,-0.6130270063018983,47.855836259321244,inf
65.2,25.548755734784873,2.767899668092967,follow,2.2381117727691304,50.56124537494644,inf
65.3,25.82554570159417,2.1179907253843453,follow,2.178051249076738,50.916369801467994,inf
65.4,26.037344774132603,-1.222455108857126,follow,0.4777980701098059,49.53381523130871,inf
65.5,25.91509926324689,-3.482934352059651,follow,-1.5025681409749225,47.370080753895415,inf
65.6,25.566805828040927,3.0,follow,1.3733620855092,49.72357082757059,inf
65.7,25.866805828040928,2.1799165031754426,follow,2.101681502705013,50.901890244766406,inf
65.8,26.08479747835847,-2.495654613855926,follow,-0.19698655557545663,48.93020966196225,inf
65.9,25.835232016972878,2.7484262512018667,follow,2.1038818886670043,50.85672991412632,inf
66.0,26.110074642093064,1.0623076099117412,follow,1.5830947492893728,50.74820671242897,inf
66.1,26.216305403084238,2.163985997158283,follow,2.1727411435933917,51.49719924821975,inf
66.2,26.432704002800065,0.6602842638292046,follow,1.4165127037112981,51.065568707911396,inf
66.3,26.498732429182986,-1.0681133759974344,follow,0.17419966385693186,49.922298307631415,inf
66.4,26.391921091583242,2.271658682649799,follow,2.804543427338217,52.39242506471308,inf
66.5,26.61908695984822,-0.7453383957735724,follow,1.0296025157823223,50.95823295555466,inf
66.6,26.544553120270866,1.6593866425447672,follow,1.3444945791635448,51.161324259569845,inf
66.7,26.710491784525342,-1.0122320376541367,follow,0.16613127075470402,50.231868947542715,inf
66.8,26.609268580759927,1.637702525145869,follow,0.9019168979502865,50.815819769090176,inf
66.9,26.773038833274516,-0.42124757574562466,follow,0.24033466110233093,50.399892911014106,489.1349339791116
67.0,26.730914075699953,2.0035763121545904,follow,1.146217914136841,51.24258902768677,inf
67.1,26.931271706915414,1.640879344635291,follow,2.9925900597437334,53.389497620116856,inf
67.2,27.09535964137894,-4.2459280850297745,follow,-0.6266690126430206,50.016370449425395,inf
67.3,26.670766832875962,0.16803748459035717,follow,-0.2293157640263317,49.776834485287615,inf
67.4,26.687570581335,1.970653902739964,follow,3.233401929997598,53.2647578020001,inf
67.5,26.884635971608994,-0.9053083570910871,follow,1.1640467864532553,51.49100074386675,3518.112915184254
67.6,26.794105135899883,0.5287120992588399,follow,0.8463794428560476,51.03753714670587,inf
67.7,26.846976345825766,1.8389429825786578,follow,2.7326621143773053,53.003126633115954,inf
67.8,27.03087064408363,-1.3184160495611934,follow,0.707123032408056,51.2534289985335,inf
67.9,26.899029039127512,1.992424181479611,follow,3.6517983754337493,54.00034193412502,inf
68.0,27.098271457275473,0.6542653131643235,follow,2.1530318442990364,52.800439030212246,411.6304605226296
68.1,27.163697988591906,-0.5029020411054148,follow,0.8250649015968108,51.57061188448467,inf
68.2,27.113407784481364,1.7822455334217238,follow,3.8841304089034026,54.55424208562545,47.29831272133827
68.3,27.291632337823536,-2.643224808019312,follow,0.6204528004420453,51.55790130717735,inf
68.4,27.027309857021606,2.047936566588966,follow,2.552773287862621,53.09373807339503,inf
68.5,27.232103513680503,1.1229303464818088,follow,1.837851817172215,52.68600708769297,inf
68.6,27.344396548328685,1.4810690363546064,follow,2.831201913831876,53.8477967363249,inf
68.7,27.492503451964147,1.3563910251860498,follow,2.9596019035459236,54.19835708149214,inf
68.8,27.628142554482753,-0.7458160944030325,follow,1.1068929045714455,52.54910673629558,inf
68.9,27.55356094504245,-0.3549907780044137,follow,0.3759510632835159,51.70629248084719,813.4915622527982
69.0,27.518061867242007,1.524661957455237,follow,1.8138435854797805,53.09093638634279,198.05478836873155
69.1,27.670528062987533,-1.0671673752053934,follow,0.37333810513719357,51.879130199618494,inf
69.2,27.563811325466993,1.5684299422403434,follow,3.5313604051192513,54.877077393319745,90.88447844345647
69.3,27.72065431969103,-0.9619308426461899,follow,1.2847147812365307,52.86569626077308,inf
69.4,27.62446123542641,0.5391631700921664,follow,0.9119389756643486,52.34863082880396,inf
69.5,27.678377552435627,1.3390571515294056,follow,1.4836183766080424,53.00118470526149,inf
69.6,27.81228326758857,-2.203774279337857,follow,-0.3600779513649073,51.358346950017946,48.3471297317934
69.7,27.591905839654782,1.2185976789187905,follow,0.4292598637769416,51.81711862325911,inf
69.8,27.713765607546662,1.249880867580122,follow,2.697279627973657,54.26792803929365,inf
69.9,27.838753694304675,-1.640437753809664,follow,0.5284209370819966,52.28655147853901,inf
70.0,27.674709918923707,0.2528015243638393,follow,0.3906112307229179,51.90267610910848,73.65112185220634
70.1,27.69999007136009,1.3547258047475614,follow,2.160220010175948,53.710205117216084,inf
70.2,27.835462651834845,1.1632498284243382,follow,2.742012132327851,54.49520611008012,inf
70.3,27.95178763467728,1.112602436351196,follow,2.1089783928806938,54.03665984489661,inf
70.4,28.0630478783124,1.0509110293774413,follow,2.2919092639603704,54.38648108142897,inf
70.5,28.168138981250145,-1.7859736205154704,follow,0.25296782172245,52.50517629359767,inf
70.6,27.989541619198597,-0.6248678883731316,follow,-0.18595003332534077,51.79836239547255,140.16922507349696
70.7,27.927054830361286,1.3062538906205403,follow,3.178825988010587,55.069408233552515,inf
70.8,28.05768021942334,-1.0984611452480237,follow,1.0401824213812816,53.126702750516294,inf
70.9,27.947834104898536,1.3411456515856812,follow,1.3391835712259805,53.26093472857379,inf
71.0,28.081948670057105,1.0167162328071675,follow,2.9382283129983264,55.061151318083986,inf
71.1,28.18362029333782,0.9881562007165918,follow,2.0025260110714598,54.27795645107819,119.65504464469858
71.2,28.28243591340948,0.9317228318826543,follow,1.7909405516302854,54.21459442174451,62.1416353779774
71.3,28.375608196597746,0.8814627988530859,follow,3.577938535507002,56.141350830403624,inf
71.4,28.463754476483054,-2.791621943468428,follow,0.393158296019287,53.08879001074387,inf
71.5,28.18459228213621,1.3684068250651151,follow,2.5755261398912808,54.8524145630956,11944.478352182156
71.6,28.321432964642725,0.36808563594460963,follow,1.4718058879179452,53.95395533488203,inf
71.7,28.358241528237187,0.9482465194632255,follow,1.7144497460621366,54.25181203841792,inf
71.8,28.45306618018351,0.8333356399435728,follow,3.006388615318997,55.68598788559426,inf
71.9,28.536399744177867,0.6157746872990373,follow,1.811081651309017,54.615681267575816,inf
72.0,28.59797721290777,0.7796362035254326,follow,1.7900754737963638,54.68704129315802,inf
72.1,28.675940833260317,0.7164718796912651,follow,2.3083323219767564,55.32224357186723,inf
72.2,28.747588021229443,-1.0117974085829573,follow,0.6482674566968996,53.76964948854106,inf
72.3,28.646408280371148,-0.007710924974006161,follow,0.3202782658614467,53.28989068641817,inf
72.4,28.645637187873746,-0.04669011272056878,follow,0.13679407657043896,53.10524985838106,inf
72.5,28.64096817660169,-1.77832632718804,follow,-0.8207661253088006,52.14068613959373,inf
72.6,28.463135543882885,1.0999513063890731,follow,3.9218860061093963,56.61658932193372,500.43149463746397
72.7,28.573130674521792,-3.200726494583556,follow,0.36057975576292023,53.22027576754561,inf
72.8,28.253058025063435,1.368237834420296,follow,1.8683756624982095,54.24796270009336,inf
72.9,28.389881808505464,0.8292471314546922,follow,1.7128341848287434,54.29765689758694,84.85575957286066
73.0,28.472806521650934,0.8333913738639693,follow,2.3144589342599957,55.023668716736395,300.9940138886447
73.1,28.55614565903733,0.7829734671912056,follow,2.8371695760151567,55.671388064571154,56.45351430022747
73.2,28.634443005756452,0.7410368498270067,follow,2.8491089900326187,55.8007734986673,inf
73.3,28.70854669073915,-0.400090666066518,follow,1.2245091619830504,54.287329198091776,inf
73.4,28.6685376241325,0.8388864921271498,follow,1.813668092819185,54.81647452901794,inf
73.5,28.752426273345215,0.6646555867801573,follow,2.2609813565869032,55.38962076660473,inf
73.6,28.81889183202323,0.6421993421080472,follow,1.656040391235429,54.884378139270275,inf
73.7,28.883111766234034,0.6059130060487753,follow,3.6628213067169,56.98748895606795,106.89595046576184
73.8,28.94370306683891,0.573186859291777,follow,2.4186231791861488,55.834177779444516,65.40233946468899
73.9,29.00102175276809,0.5420682624099676,follow,2.673274843608432,56.17480747276057,inf
74.0,29.055228579009086,0.5126560263535523,follow,2.5668624289701114,56.14970529748374,inf
74.1,29.10649418164444,0.48483788837798225,follow,3.1194411671160935,56.779182439582755,inf
74.2,29.15497797048224,0.45852942887285686,follow,2.0160660656949716,55.74853302141833,44.07075405444864
74.3,29.200830913369526,-1.2524883570631289,follow,0.38178885431592136,54.18303522437021,inf
74.4,29.075582077663213,0.6798995891083841,follow,2.4895790165385137,56.102952133033334,125.90935530274578
74.5,29.143572036574053,0.13049272427360847,follow,1.310035870406061,55.02539392526714,inf
74.6,29.156621309001412,0.49297794217179314,follow,1.4811047581075627,55.21603672160968,inf
74.7,29.20591910321859,0.4271507438516671,follow,2.706495935881641,56.51537459070953,387.3062083313895
74.8,29.24863417760376,0.4081044190525773,follow,3.426831413981837,57.29978268038747,inf
74.9,29.289444619509016,0.3855227863893326,follow,2.0957523333634,56.029919262626926,207.94595700120104
75.0,29.327996898147948,0.3646495824722997,follow,2.4239794534538888,56.41597480067581,inf
75.1,29.364461856395177,0.34485792791566394,follow,3.9564823262682225,58.00317511086099,inf
75.2,29.398947649186745,0.3261456176963854,follow,2.3683074514412397,56.46672892522136,257.9005946625152
75.3,29.431562210956383,0.3084481116565328,follow,4.979490843868227,59.1268341603028,inf
75.4,29.462407022122036,0.2917109755611243,follow,2.770067406024033,56.96367793920709,inf
75.5,29.49157811967815,-2.2899272910687145,follow,0.2400700574776593,54.47743723699488,1310.2429272583083
75.6,29.262585390571278,0.6714414947641039,follow,3.4144013391701833,57.3082794250271,inf
75.7,29.329729540047687,0.3350181264949789,follow,2.997426575898551,56.992020885970085,1434.4998914551222
75.8,29.363231352697184,0.3485593757321922,follow,4.034200902919558,58.079047931965334,inf
75.9,29.398087290270404,0.32629168826453847,follow,3.3955938612900027,57.492724796695605,305.67044011342546
76.0,29.430716459096857,0.3089409557154326,follow,2.546841379023384,56.69291606766867,inf
76.1,29.4616105546684,0.2280158004894659,follow,1.387428589756425,55.57984442175903,inf
76.2,29.484412134717346,0.2865511391206475,follow,2.5670651642162596,56.79368336629228,inf
76.3,29.51306724862941,0.2635045369102869,follow,1.9056412798763418,56.17524215282046,inf
76.4,29.539417702320442,0.24999892491670433,follow,2.2548088744769004,56.56393542795757,inf
76.5,29.564417594812113,0.23634955062106117,follow,3.603367265507451,57.94999365772562,inf
76.6,29.58805254987422,0.22353351501336077,follow,4.861473073432968,59.2435518982443,inf
76.7,29.610405901375557,0.21140310767332834,follow,3.509137791193446,57.92474664325678,inf
76.8,29.63154621214289,0.10363567861626422,follow,1.806386734904855,56.25370605311919,inf
76.9,29.641909780004518,0.20449056413566138,follow,3.7076867618981595,58.17055143190494,inf
77.0,29.662358836418083,0.1821356417355858,follow,4.612822199277325,59.10636045390445,inf
77.1,29.68057240059164,0.17344299547145922,follow,2.6792659693752654,57.20012457026272,51.97306832291388
77.2,29.697916700138787,0.16390568036958014,follow,3.285192279995421,57.8320673302036,157.1879376728147
77.3,29.714307268175745,0.15502507105759591,follow,3.5308147579261657,58.10227566018978,inf
77.4,29.729809775281502,0.14661162772534056,follow,2.7161302704500088,57.310844933372266,inf
77.5,29.744470938054036,0.13865627439504494,follow,4.411157548763114,59.02786395584417,inf
77.6,29.75833656549354,0.13113243326437213,follow,3.6259120137985192,58.26341686203883,inf
77.7,29.771449808819977,0.12401687138157697,follow,4.330408492259451,58.987583205489415,inf
77.8,29.783851495958135,0.11728741528696032,follow,2.944660980670186,57.62043822460739,inf
77.9,29.79558023748683,0.11092311597920528,follow,3.5486827187812864,58.24205307501153,inf
78.0,29.80667254908475,0.10490415895122851,follow,4.9724862276356845,59.68249505126281,inf
78.1,29.817162964979875,0.09921180511695127,follow,3.826083348884559,58.551827796354374,inf
78.2,29.827084145491572,0.09382833219336036,follow,6.339485281619005,61.080111499856365,237.58801377294137
78.3,29.83646697871091,0.08873697955411686,follow,4.012702617240954,58.767403085307315,inf
78.4,29.84534067666632,0.08392189604479512,follow,4.845745372436724,59.613756387436204,inf
78.5,29.8537328662708,0.07936809063304152,follow,5.778623020363433,60.55922231976963,4409.802085420113
78.6,29.861669675334102,0.07506138573623601,follow,3.181344520141465,57.97384903314262,inf
78.7,29.869175813907727,0.07098837308173885,follow,2.8939183447476964,57.697682065609285,inf
78.8,29.8762746512159,0.06713637196228532,follow,3.286352507394639,58.10076448421849,inf
78.9,29.88298828841213,0.06349338975649488,follow,6.678654586478814,61.50313701909701,inf
79.0,29.88933762738778,0.06004808459168344,follow,4.680831749174189,59.51483819025586,inf
79.1,29.895342435846946,0.05678973003266563,follow,8.472890773746713,63.31590442751713,inf
79.2,29.901021408850212,0.05370818168660563,follow,4.93483807065703,59.78637018393235,inf
79.3,29.906392227018873,0.05079384562001508,follow,5.966679702519009,60.82626804304732,inf
79.4,29.911471611580875,0.04803764848947267,follow,7.728421402974078,62.59562882034539,inf
79.5,29.916275376429823,0.045431009293158554,follow,8.44006859454256,63.314481659187294,inf
79.6,29.920818477359138,0.04296581265520274,follow,8.661626405505686,63.542854121544394,inf
79.7,29.92511505862466,0.04063438355968358,follow,7.79309968587139,62.68077227380838,inf
79.8,29.929178496980626,0.038429463455657495,follow,7.744493022474977,62.638260767945916,inf
79.9,29.93302144332619,0.036344187658721695,follow,7.385810753258667,62.28534291824795,inf
80.0,29.936655862092064,0.03437206397888843,follow,7.777056980777282,62.682040773915375,inf
80.1,29.94009306848995,0.03250695250814246,follow,6.328235584971132,61.23837518770606,inf
80.2,29.943343763740764,0.030743046504728963,follow,6.169350235245943,61.08436588085709,inf
80.3,29.946418068391235,0.029074854314787048,follow,7.340404401896116,62.26003150448297,inf
80.4,29.949325553822714,0.027497182274893103,follow,7.31140136690977,62.23538969764384,inf
80.5,29.9520752720502,0.026005118542391157,follow,7.142344234186211,62.07045714226152,inf
80.6,29.95467578390444,0.024594017803094913,follow,8.753235939199946,63.68524961505661,inf
80.7,29.957135185684752,0.023259486808838402,follow,9.274079258139082,64.20978203666621,inf
80.8,29.959461134365636,0.021997370699734373,follow,8.374876816549332,63.314068518097784,inf
80.9,29.96166087143561,0.02080374006866279,follow,10.325631097507873,65.26812240466128,inf
81.0,29.963741245442474,0.01967487872764977,follow,7.206344449353978,62.15195631751769,inf
81.1,29.96570873331524,0.018607272138091702,follow,8.60701909300061,63.55558219297347,inf
81.2,29.96756946052905,0.017597596468760912,follow,8.137657128848275,63.08901131964185,inf
81.3,29.969329220175926,0.016642708247567837,follow,6.858260543324974,61.812254373588864,inf
81.4,29.970993491000684,0.01573963457483174,follow,9.368831215070287,64.32532145157131,inf
81.5,29.972567454458165,0.014885563867619567,follow,9.529370920783904,64.48822210247116,inf
81.6,29.974056010844926,0.014077837106283651,follow,11.889881340757938,66.85096535702533,inf
81.7,29.975463794555555,0.013313939556037723,follow,10.960364064107324,65.92355975594066,inf
81.8,29.976795188511158,0.012591492937702497,follow,8.990820593718354,63.95601337648509,inf
81.9,29.978054337804927,0.011908248023274125,follow,13.051252350926603,68.01833385763399,inf
82.0,29.979245162607256,0.011262077633317347,follow,12.441660679942594,67.41052842385348,inf
82.1,29.980371370370587,0.010650970014316386,follow,11.822046852036785,66.79260390759266,inf
82.2,29.98143646737202,0.010073022575354428,follow,10.97241206949758,65.94456677055561,inf
82.3,29.982443769629555,0.009526435964733081,follow,10.222757469374116,65.19642312381845,inf
82.4,29.98339641322603,0.009009508467909199,follow,11.253084127016251,66.22817874685529,inf
82.5,29.98429736407282,0.008520630709517007,follow,13.503393059423388,68.47983910553262,inf
82.6,29.98514942714377,0.008058280642786285,follow,14.863685228409814,69.84140936912547,inf
82.7,29.98595525520805,0.007621018810889524,follow,14.653961543599053,69.63289442641113,inf
82.8,29.98671735708914,0.007207483865425246,follow,12.094222865256796,67.07429890089051,inf
82.9,29.987438105475682,0.006816388328049072,follow,11.464470006968256,66.44562716518178,inf
83.0,29.988119744308488,0.00644651458210177,follow,13.494703738171353,68.47688335463408,inf
83.1,29.988764395766697,0.006096711081772099,follow,11.0549247865533,66.03807138020335,inf
83.2,29.989374066874873,0.005765888766899962,follow,14.2951338403144,69.27919494062671,inf
83.3,29.989950655751564,0.005453017672371629,follow,13.895331550311695,68.88025753393904,inf
83.4,29.9904959575188,0.005157123721484425,follow,13.715518532085895,68.70126246836409,inf
83.5,29.99101166989095,0.004877285693282119,follow,12.345695367775882,67.3322128726123,inf
83.6,29.991499398460277,0.004612632354504598,follow,15.695862607932874,70.68311170562329,inf
83.7,29.991960661695728,0.004362339747112287,follow,14.456020773233583,69.44396176577717,inf
83.8,29.99239689567044,0.0041256286230265,follow,13.796170356101918,68.78476569960758,inf
83.9,29.99280945853274,0.003901762018054455,follow,11.546311822241648,66.53552601004075,inf
84.0,29.993199634734545,0.00369004295746862,follow,16.07644561208582,71.06624506418764,inf
84.1,29.99356863903029,0.003489812286080962,follow,19.086572142168528,74.07692510071396,inf
84.2,29.993917620258898,0.00330044661605271,follow,19.23669180642272,74.22756823681107,inf
84.3,29.994247664920504,0.0031213563860916335,follow,16.32680497740442,71.31817647478518,inf
84.4,29.994559800559113,0.0029519840259233376,follow,16.4169120074543,71.40875170829297,inf
84.5,29.994854998961706,0.0027918022203827775,follow,18.367013229794708,73.35929572823727,inf
84.6,29.995134179183744,0.002640312267716638,follow,16.41710895956534,71.40981022834096,inf
84.7,29.995398210410514,0.0024970425269216887,follow,18.7571994948067,73.75029681042247,inf
84.8,29.995647914663206,0.002361546949384774,follow,19.80728511738642,74.80075698938123,inf
84.9,29.995884069358144,0.0022334036901746402,follow,20.877366093877875,75.8711921979151,inf
85.0,29.996107409727163,0.0021122137946839813,follow,19.10744267638855,74.1016037909793,inf
85.1,29.996318631106632,0.0019975999565509995,follow,19.267515103346447,74.2619930500064,inf
85.2,29.99651839110229,0.0018892053429709677,follow,18.527583600242345,73.52236118689578,inf
85.3,29.996707311636584,0.0017866924837541373,follow,18.937648380330543,73.93270934778542,inf
85.4,29.996885980884958,0.0016897422206511691,follow,20.247709645294123,75.24303861662156,inf
85.5,29.99705495510702,0.0015980527137237743,follow,21.567767585872424,76.56335001853296,inf
85.6,29.997214760378395,0.0015113385015901315,follow,22.827822382454748,77.82364452302234,inf
85.7,29.997365894228555,0.001429329612707164,follow,20.327874205641656,75.32392304698449,inf
85.8,29.997508827189826,0.001351770724833301,follow,24.52792321677694,79.52418645756168,inf
85.9,29.99764400426231,0.0012784203701315278,follow,21.9279695684491,76.92443557484256,inf
86.0,29.997771846299322,0.0012090501833931454,follow,22.708013404967474,77.70467117441646,inf
86.1,29.99789275131766,0.0011434441910651572,follow,21.84805486280981,76.8448939897863,inf
86.2,29.998007095736767,0.0010813981388331229,follow,19.32809407104949,74.32510471465464,inf
86.3,29.99811523555065,0.0010227188557280441,follow,25.388131151754948,80.38530400508093,inf
86.4,29.998217507436223,0.0009672236526924393,follow,25.518166220371747,80.51549248152608,inf
86.5,29.998314229801494,0.0009147397538328049,follow,24.128199386080176,79.12567073078242,inf
86.6,29.99840570377688,0.000865103758488317,follow,25.11823075213696,80.11583930780228,inf
86.7,29.998492214152726,0.0008181611325163373,follow,26.308260416195452,81.30599873742455,inf
86.8,29.998574030265978,0.0007737657271619014,follow,22.9882884706102,77.98614951600916,inf
86.9,29.998651406838693,0.000731779324068782,follow,25.21831500272466,80.2162921129827,inf
87.0,29.9987245847711,0.000692071204932887,follow,28.00834009514199,83.00642697229864,inf
87.1,29.998793791891593,0.0006545177445509864,follow,24.688363825984197,79.68655451382159,inf
87.2,29.998859243666047,0.0006190020259182915,follow,27.908386269133295,82.90667513463237,inf
87.3,29.99892114386864,0.0005854134762245166,follow,25.278407494462932,80.27678921026589,inf
87.4,29.998979685216263,0.000553647522618661,follow,29.058427568054526,84.05689709587892,inf
87.5,29.999035049968526,0.0005236052666205637,follow,28.528446552404624,83.52699912735741,inf
87.6,29.99908741049519,0.0004951931762235517,follow,25.978464506617783,80.97709562236057,inf
87.7,29.99913692981281,0.00046832279469342095,follow,31.64848148659167,86.64718688131089,inf
87.8,29.99918376209228,0.00044291046516278245,follow,28.458497545191065,83.45727318832948,inf
87.9,29.999228053138797,0.0004188770702043598,follow,28.728512732411986,83.72735481212018,inf
88.0,29.999269940845817,0.00039614778548937576,follow,31.108527095537596,86.10743200680632,inf
88.1,29.999309555624365,0.0003746518468339843,follow,33.388540679285285,88.38750501272183,inf
88.2,29.999347020809047,0.0003543223298891007,follow,29.598553525945874,84.59757405715945,inf
88.3,29.999382453042035,0.0003350959417915078,follow,32.14856567551567,87.14763935507872,inf
88.4,29.999415962636213,0.00031691282409340715,follow,33.3185771658201,88.31770110977442,inf
88.5,29.999447653918622,0.0002997163664176128,follow,34.3085880326331,89.30775951351103,inf
88.6,29.999477625555265,0.00028345303019818854,follow,33.72859830978636,88.72781474811926,inf
88.7,29.999505970858284,0.0002680721820112808,follow,33.078608029276204,88.07786698556363,inf
88.8,29.999532778076485,0.00025352593590710626,follow,32.58861722136301,87.58791638847774,inf
88.9,29.999558130670074,0.00023976900436650794,follow,34.918625914665185,89.9179631106703,inf
89.0,29.99958210757051,0.00022675855725680095,follow,32.97863413624742,87.97800729760318,inf
89.1,29.999604783426236,0.0002144540885339552,follow,29.588641911706745,84.5880490868461,inf
89.2,29.99962622883509,0.00020281729009070658,follow,37.05864926525099,92.05808860850362,inf
89.3,29.999646510564098,0.00019181193253388072,follow,38.51865621977379,93.51812598561993,inf
89.4,29.99966569175735,0.0001814037523374168,follow,32.068662796927484,87.06816133456351,inf
89.5,29.999683832132582,0.0001715603452183245,follow,35.4086690171889,90.40819476538778,inf
89.6,29.999700988167103,0.00016225106521829957,follow,39.37867489992372,94.37822638217438,inf
89.7,29.999717213273623,0.00015344692930554515,follow,42.998680463447045,97.99825628335748,inf
89.8,29.999732557966553,0.00014512052713868683,follow,39.07868572508039,94.07828456203022,inf
89.9,29.999747070019268,0.00013724593572419507,follow,37.91869070120462,92.91831130623352,inf
90.0,29.99976079461284,0.00012979863872430997,follow,39.61869540731235,94.61833659923161,inf
90.1,29.99977377447671,0.00012275545010140832,follow,43.57869985805529,98.57836051977036,inf
90.2,29.999786050021722,0.00011609444195599393,follow,39.56870406729025,94.56838314232283,inf
90.3,29.99979765946592,0.00010979487625135675,follow,39.70870804812188,94.70840453732076,inf
90.4,29.999808638953546,0.00010383714024584378,follow,40.88871181294385,95.88842477137418,inf
90.5,29.99981902266757,9.820268543450083e-05,follow,40.28871537347741,95.28844390747877,inf
90.6,29.999828842936115,9.287396978621131e-05,follow,43.22871874080771,98.22846200521188,inf
90.7,29.999838130333092,8.783440316690871e-05,follow,47.17872192541846,102.1784791209181,inf
90.8,29.99984691377341,8.306829563551331e-05,follow,44.628724937224575,99.62849530788469,inf
90.9,29.999855220602974,7.856080865167314e-05,follow,43.74872778560278,98.74851061650725,inf
91.0,29.99986307668384,7.429790882866883e-05,follow,44.10873047942114,99.1085250944469,inf
91.1,29.999870506474725,7.02663242812207e-05,follow,41.54873302706659,96.54853878677868,inf
91.2,29.999877533107153,6.64535032804281e-05,follow,47.788735436470326,102.78855173613105,inf
91.3,29.99988417845748,6.284757518244532e-05,follow,45.938737715134316,100.93856398282054,inf
91.4,29.999890463215,5.943731348239112e-05,follow,46.1387398701525,101.138575564975,inf
91.5,29.99989640694635,5.6212100842145665e-05,follow,54.73874190823408,109.7385865186536,inf
91.6,29.999902028156434,5.3161896053666163e-05,follow,48.14874383572415,103.1485968779588,inf
91.7,29.99990734434604,5.0277202772974755e-05,follow,45.99874565862398,100.99860667514304,inf
91.8,29.999912372066316,4.754903993315906e-05,follow,47.208747382609054,102.20861594070853,inf
91.9,29.99991712697031,4.496891382004264e-05,follow,51.508749013046256,106.50862470350172,inf
92.0,29.99992162386169,4.252879160304701e-05,follow,49.34875055501217,104.3486329908047,inf
92.1,29.999925876740853,4.022107632621896e-05,follow,45.87875201330722,100.8786408284185,inf
92.2,29.999929898848485,3.803858327700027e-05,follow,52.17875339247166,107.1786482407444,inf
92.3,29.999933702706812,3.5974517585657396e-05,follow,48.57875469679921,103.57865525085943,inf
92.4,29.99993730015857,3.4022453098714324e-05,follow,55.378755930350906,110.37866188058877,inf
92.5,29.99994070240388,3.217631236367424e-05,follow,53.768757096967114,108.76866815057294,inf
92.6,29.999943920035115,3.0430347695897808e-05,follow,50.25875820027976,105.25867408033243,inf
92.7,29.999946963069885,2.877912329921628e-05,follow,55.058759243724225,110.05867968832905,inf
92.8,29.999949840982215,2.72174983415141e-05,follow,52.29876023054861,107.29868499202193,inf
92.9,29.999952562732048,2.5740610937674546e-05,follow,54.6987611638258,109.69869000792387,inf
93.0,29.99995513679314,2.4343863023545962e-05,follow,54.108762046461166,109.10869475165087,inf
93.1,29.999957571179444,2.3022906030689683e-05,follow,50.988762881202604,105.98869923797177,inf
93.2,29.999959873470047,2.177362736830446e-05,follow,51.848763670648616,106.84870348085369,inf
93.3,29.999962050832785,2.0592137590824678e-05,follow,56.588764417257394,111.58870749350658,inf
93.4,29.999964110046545,1.947475831372003e-05,follow,53.338765123353426,108.33871128842324,inf
93.5,29.999966057522375,1.8418010744625234e-05,follow,53.47876579113492,108.47871487741848,inf
93.6,29.99996789932345,1.7418604853247642e-05,follow,52.32876642268117,107.32871827166635,inf
93.7,29.999969641183938,1.6473429150209994e-05,follow,56.318767019957896,111.3187214817338,inf
93.8,29.999971288526854,1.5579540971089045e-05,follow,61.02876758482502,116.0287245176153,inf
93.9,29.99997284648095,1.4734157333151642e-05,follow,52.94876811904132,107.94872738876275,inf
94.0,29.999974319896683,1.3934646257496298e-05,follow,56.18876862426963,111.18873010411465,inf
94.1,29.99997571336131,1.3178518589285204e-05,follow,60.23876910208282,115.23873267212478,inf
94.2,29.999977031213167,1.2463420242170285e-05,follow,56.498769553968756,111.49873510078851,inf
94.3,29.99997827755519,1.1787124862649988e-05,follow,58.23876998133456,113.23873739766735,inf
94.4,29.999979456267678,1.1147526905830318e-05,follow,54.38877038551026,109.38873956991178,inf
94.5,29.99998057102037,1.0542635086352448e-05,follow,58.73877076775467,113.73874162428523,inf
94.6,29.99998162528388,9.970566161854321e-06,follow,57.338771129257466,112.33874356718329,inf
94.7,29.999982622340497,9.429539085203942e-06,follow,60.83877147114424,115.83874540465499,inf
94.8,29.999983565294404,8.917869450897342e-06,follow,61.65877179447944,116.65874714242105,inf
94.9,29.99998445708135,8.43396424343723e-06,follow,65.8187721002696,120.81874878589161,inf
95.0,29.999985300477775,7.976316910429659e-06,follow,60.50877238946685,115.50875034018351,inf
95.1,29.999986098109467,7.5435026275272324e-06,follow,60.05877266297148,115.05875181013567,inf
95.2,29.99998685245973,7.1341738973274e-06,follow,59.92877292163511,114.9287532003247,inf
95.3,29.99998756587712,6.747056338696211e-06,follow,58.63877316626319,113.63875451507887,inf
95.4,29.999988240582756,6.3809447112817e-06,follow,60.81877339761723,115.81875575849136,inf
95.5,29.999988878677225,6.034699195112125e-06,follow,59.268773616417164,114.268756934433,inf
95.6,29.999989482147146,5.707241790986473e-06,follow,60.798773823344675,115.7987580465654,inf
95.7,29.999990052871325,5.397553025687785e-06,follow,64.26877401904355,119.26875909835054,inf
95.8,29.999990592626627,5.104668721855887e-06,follow,57.908774204123596,112.90876009306353,inf
95.9,29.9999911030935,4.827677027918753e-06,follow,64.20877437916049,119.20876103380074,inf
96.0,29.999991585861203,4.565715575211016e-06,follow,64.9187745446994,119.9187619234912,inf
96.1,29.999992042432762,4.3179687835959156e-06,follow,61.02877470125608,116.02876276490522,inf
96.2,29.99999247422964,4.083665339038589e-06,follow,55.4987748493177,110.49876356066216,inf
96.3,29.999992882596175,3.862075759997196e-06,follow,60.01877498934474,115.018764313239,inf
96.4,29.99999326880375,3.6525101762663324e-06,follow,65.65877512177391,120.65876502497954,inf
96.5,29.999993634054768,3.454316120610201e-06,follow,62.04877524701715,117.0487656980993,inf
96.6,29.99999397948638,3.2668765598486967e-06,follow,59.418775365464185,114.41876633469376,inf
96.7,29.999994306174035,3.0896079245223974e-06,follow,61.00877547748409,116.00876693674515,inf
96.8,29.999994615134828,2.9219583105088986e-06,follow,65.0587755834257,120.05876750612794,131.933492252962
96.9,29.99999490733066,2.7634057722991655e-06,follow,64.3687756836183,119.36876804461428,inf
97.0,29.99999518367124,2.6134566780910974e-06,follow,62.25877577837444,117.2587685538813,inf
97.1,29.999995445016907,2.4716441870964445e-06,follow,62.028775867988855,117.02876903551422,229.4702240558917
97.2,29.999995692181326,2.3375267858227745e-06,follow,62.09877595274036,117.09876949101235,inf
97.3,29.999995925934005,2.210686917436533e-06,follow,60.68877603289305,115.68876992179406,inf
97.4,29.999996147002697,2.0907296892858086e-06,follow,68.2287761086968,123.22877032920086,6162.62574547887
97.5,29.999996356075666,1.9772816315821726e-06,follow,62.70877618038705,117.70877071450055,inf
97.6,29.99999655380383,1.869989539926564e-06,follow,67.32877624818704,122.32877107889279,inf
97.7,29.999996740802782,1.768519377520761e-06,follow,68.34877631230843,123.3487714235126,inf
97.8,29.99999691765472,1.672555230669559e-06,follow,66.93877637295023,121.9387717494323,inf
97.9,29.99999708491024,1.58179833391614e-06,follow,62.84877643030151,117.84877205766688,inf
98.0,29.999997243090075,1.495966121467518e-06,follow,65.40877648454074,120.40877234917585,inf
98.1,29.999997392686687,1.4147913752537987e-06,follow,64.24877653583685,119.24877262486689,1192.5188189505761
98.2,29.999997534165825,1.3380213673030994e-06,follow,61.75877658434937,116.7587728855981,inf
98.3,29.99999766796796,1.2654170880921355e-06,follow,65.46877663022973,120.46877313218167,inf
98.4,29.99999779450967,1.1967524869760381e-06,follow,61.10877667362024,116.10877336538475,351.8471192751643
98.5,29.99999791418492,1.1318137985938391e-06,follow,68.17877671465621,123.17877358593358,inf
98.6,29.9999980273663,1.0703988415627919e-06,follow,63.37877675346582,118.37877379451527,inf
98.7,29.999998134406184,1.0123164052799892e-06,follow,65.40877679016948,120.40877399177876,inf
98.8,29.999998235637825,9.573856630140653e-07,follow,65.71877682488122,120.71877417833795,inf
98.9,29.999998331376393,9.054355970761206e-07,follow,64.16877685770942,119.16877435477402,inf
99.0,29.99999842191995,8.563044708864709e-07,follow,66.73877688875635,121.73877452163627,inf
99.1,29.999998507550398,8.098393145417048e-07,follow,63.638776918118474,118.63877467944407,inf
99.2,29.99999858853433,7.65895472198963e-07,follow,67.66877694588747,122.66877482868897,207.91367507068472
99.3,29.999998665123876,7.243361274333892e-07,follow,61.13877697214991,116.13877496983572,inf
99.4,29.999998737557487,6.850318968076862e-07,follow,65.54877699698693,120.54877510332317,inf
99.5,29.999998806060677,6.478604028359313e-07,follow,70.95877702047638,125.9587752295674,4198.792944452204
99.6,29.999998870846717,6.127059300808924e-07,follow,62.248777042691245,117.24877534896132,inf
99.7,29.99999893211731,5.794590194341254e-07,follow,63.228777063700484,118.22877546187645,120.64173907459298
99.8,29.99999899006321,5.480161725301969e-07,follow,66.78877708356995,121.78877556866478,inf
99.9,29.99999904486483,5.182794851066319e-07,follow,65.798777102361,120.79877566965824,1006.6644764192001
100.0,29.99999909669278,4.901563826820166e-07,follow,66.30877712013239,121.30877576517156,258.10427428218424
100.1,29.99999914570842,4.6355930933827943e-07,follow,66.71877713693948,121.71877585550212,inf
100.2,29.99999919206435,4.384054570039097e-07,follow,67.15877715283489,122.1587759409314,167.34097416667112
100.3,29.999999235904898,4.146165139218283e-07,follow,68.55377716786755,123.5537760217249,87.62683899075415
100.4,29.99999927736655,3.9211842093322954e-07,follow,66.46377718208424,121.46377609813406,76.39234673069137
100.5,29.99999931657839,3.70841125629795e-07,follow,64.49877719553005,119.49877617039763,inf
100.6,29.999999353662503,3.507183848228124e-07,follow,67.19877720824606,122.19877623873981,84.86029936606474
100.7,29.99999938873434,3.316875563541544e-07,follow,70.8037772202719,125.80377630337341,inf
100.8,29.999999421903098,3.136893845123723e-07,follow,64.74377723164525,119.7437763644999,53.219469835782455
100.9,29.999999453272036,2.9666784087112317e-07,follow,62.19877724240175,117.1987764223098,inf
101.0,29.99999948293882,2.8056992604774674e-07,follow,68.33877725257452,123.33877647698274,397.8676845126395
101.1,29.99999951099581,2.653455226209189e-07,follow,64.6337772621951,119.63377652868881,186.92791865191276
101.2,29.99999953753036,2.50947233126908e-07,follow,58.49377727129343,113.49377657758897,105.08687516396151
101.3,29.999999562625085,2.373302244507158e-07,follow,67.39877727989841,122.39877662383604,407.9965169042588
101.4,29.999999586358108,2.2445211271815425e-07,follow,63.22877728803654,118.2287766675737,161.95732008206298
101.5,29.999999608803318,2.1227279916047335e-07,follow,64.47377729573294,119.47377670893792,inf
101.6,29.999999630030597,2.007543621118657e-07,follow,65.6637773030115,120.66377674805739,172.376915031774
101.7,29.999999650106034,1.8986094332262838e-07,follow,65.15877730989541,120.15877678505446,166.887271080422
101.8,29.999999669092126,1.795586314301545e-07,follow,66.6187773164055,121.61877682004369,99.68754902249071
101.9,29.99999968704799,1.6981534400883902e-07,follow,63.123777322562276,118.12377685313426,118.12381382021934
102.0,29.999999704029523,1.6060075154200603e-07,follow,65.84377732838509,120.84377688442937,165.53948750579494
102.1,29.999999720089598,1.518861672877847e-07,follow,63.44877733389241,118.44877691402681,46.63338187684864
102.2,29.999999735278216,1.4364445206638264e-07,follow,66.30877733910063,121.30877694201796,53.4399960743388
102.3,29.99999974964266,1.3584995741666717e-07,follow,65.83377734402615,120.83377696849014,236.9290907557379
102.4,29.999999763227656,1.284784119093274e-07,follow,61.113777348684195,116.11377699352568,110.58457445418523
102.5,29.999999776075498,1.2150685932965643e-07,follow,66.98877735308999,121.98877701720323,86.51687687266084
102.6,29.999999788226184,1.1491360396576056e-07,follow,62.05877735725673,117.05877703959601,91.45218469279223
102.7,29.999999799717543,1.0867811539583272e-07,follow,65.91377736119728,120.9137770607736,115.15600011857161
102.8,29.999999810585354,1.0278097590799006e-07,follow,64.47377736492389,119.47377708080192,64.23322002554548
102.9,29.99999982086345,9.720383289391065e-08,follow,68.68877736844811,123.68877709974329,58.343767712851154
103.0,29.999999830583835,9.192931429424788e-08,follow,62.438777371781526,117.43877711765728,88.29984366697616
103.1,29.999999839776766,8.694100941397664e-08,follow,61.90377737493376,116.90377713459891,48.91371756138614
103.2,29.999999848470868,8.222337797292311e-08,follow,62.733777377914635,117.73377715062094,94.18703313816027
103.3,29.999999856693204,7.776174086870924e-08,follow,61.728777380734016,116.72877716577382,37.65444598771347
103.4,29.999999864469377,7.354220130650901e-08,follow,64.83877738340036,119.83877718010443,144.38409246815746
103.5,29.999999871823597,6.955162135113824e-08,follow,57.50377738592191,112.5037771936573,83.3361391669509
103.6,29.99999987877876,6.577758284720402e-08,follow,59.0037773883066,114.00377720647474,72.1542949070304
103.7,29.999999885356516,6.220833341785692e-08,follow,58.76877739056198,113.76877721859675,111.53802941735793
103.8,29.99999989157735,5.8832756621995943e-08,follow,64.57877739269506,119.57877723006109,239.15760632032527
103.9,29.999999897460626,5.564034850635835e-08,follow,66.6337773947123,121.63377724090324,110.57617143574048
104.0,29.999999903024662,5.2621166446442656e-08,follow,61.06377739662028,116.06377725115728,32.69402265399187
104.1,29.999999908286778,4.976581706728211e-08,follow,60.66877739842443,115.6687772608546,37.07332713492591
104.2,29.99999991326336,4.706540366328227e-08,follow,61.178777400131096,116.17877727002613,44.34304622755457
104.3,29.999999917969898,4.451152193496455e-08,follow,64.19377740174521,119.19377727870005,55.95952200425606
104.4,29.99999992242105,4.209621735640212e-08,follow,57.79377740327163,112.79377728690321,63.72530069527973
104.5,29.99999992663067,3.9811975938164323e-08,follow,61.02877740471504,116.02877729466105,40.71185273040782
104.6,29.99999993061187,3.7651678042038836e-08,follow,62.98877740608033,117.98877730199814,55.13494445220035
104.7,29.99999993437704,3.560860619700179e-08,follow,61.353777407371666,116.35377730893723,39.04489257422101
104.8,29.9999999379379,3.367639962448265e-08,follow,60.19377740859281,115.19377731549966,39.58549133067297
104.9,29.99999994130554,3.1849037895881335e-08,follow,62.35877740974762,117.35877732170593,32.50935712737538
105.0,29.999999944490444,3.012082885334166e-08,follow,51.1387774108399,106.13877732757557,32.55790771007685
105.1,29.999999947502527,2.8486400793781286e-08,follow,60.903777411872994,115.90377733312678,31.667699179125947
105.2,29.999999950351167,2.6940659125784803e-08,follow,56.70377741284963,111.70377733837638,32.85405263810053
105.3,29.999999953045233,2.5478794896116594e-08,follow,52.95877741377336,107.95877734334121,60.31216769568997
105.4,29.99999995559311,2.409625494692591e-08,follow,59.628777414646585,114.62877734803625,32.93930425596789
105.5,29.999999958002736,2.2788734099776773e-08,follow,61.91377741547288,116.91377735247698,194.85630922651438
105.6,29.99999996028161,2.155216023425055e-08,follow,57.16377741625419,112.1637773566766,46.73490800537999
105.7,29.999999962436824,2.0382690735232243e-08,follow,60.108777416993036,115.10877736064828,42.632881097064704
105.8,29.999999964475094,1.9276673413060053e-08,follow,61.78877741769164,116.78877736440428,32.441327365799815
105.9,29.99999996640276,1.8230676346320252e-08,follow,60.60377741835278,115.60377736795692,48.57301638650261
106.0,29.99999996822583,1.7241434591142022e-08,follow,61.28377741897789,116.28377737131663,33.51117534181743
106.1,29.99999996994997,1.630587433965047e-08,follow,58.31877741956892,113.31877737449388,38.41314526400339
106.2,29.99999997158056,1.5421074550658885e-08,follow,56.03877742012782,111.03877737749866,107.80464120509319
106.3,29.99999997312267,1.4584289687036288e-08,follow,50.76377742065699,105.763777380341,32.744203795794974
106.4,29.999999974581097,1.3792913478027913e-08,follow,54.46377742115697,109.46377738302861,48.010429212017975
106.5,29.99999997596039,1.3044475366541519e-08,follow,52.368777421630014,107.3687773855706,28.180781643838756
106.6,29.999999977264835,1.2336652588373909e-08,follow,60.978777422076966,115.97877738797422,34.82846191585739
106.7,29.9999999784985,1.1667233934531395e-08,follow,53.69377742250039,108.69377739024814,56.31802000060623
106.8,29.999999979665223,1.1034144620225561e-08,follow,54.24377742290042,109.24377739239826,28.01122511846162
106.9,29.99999998076864,1.0435400810138161e-08,follow,55.1687774232789,110.16877739443186,54.81033753657173
107.0,29.999999981812177,9.869155093156222e-09,follow,53.32877742363657,108.32877739635484,36.84652315187511
107.1,29.999999982799093,9.333628980812136e-09,follow,57.863777423975385,112.86377739817402,28.21594447087847
107.2,29.999999983732454,8.827165487446108e-09,follow,50.65377742429574,105.65377739989442,34.08186385623311
107.3,29.999999984615172,8.348178681671925e-09,follow,52.708777424598274,107.70877740152103,37.39888124197792
107.4,29.99999998544999,7.895189924056467e-09,follow,49.56877742488433,104.56877740305931,32.575943263875274
107.5,29.99999998623951,7.466775286957272e-09,follow,47.483777425155466,102.48377740451473,20.53783119982473
107.6,29.999999986986186,7.061611029257619e-09,follow,49.21377742541163,104.21377740589091,23.847546388155244
107.7,29.999999987692348,6.6784288321741764e-09,follow,50.52877742565387,105.5287774071924,26.120984586307028
107.8,29.99999998836019,6.316042799880961e-09,follow,48.988777425882546,103.98877740842283,26.259792352040854
107.9,29.999999988991796,5.973317485086227e-09,follow,47.813777426099065,102.81377740958676,29.71496466378472
108.0,29.999999989589128,5.649191336942749e-09,follow,45.31377742630414,100.31377741068783,25.988025306022244
108.1,29.99999999015405,5.342650410966598e-09,follow,48.818777426497704,103.81877741172877,20.396616426827677
108.2,29.999999990688313,5.052748264233742e-09,follow,44.21877742668074,99.21877741271321,26.11020464627454
108.3,29.999999991193587,4.778573980956935e-09,follow,50.50377742685395,105.50377741364433,28.669504800576046
108.4,29.999999991671444,4.519275620396002e-09,follow,48.08377742701815,103.08377741452531,27.343177093436207
108.5,29.99999999212337,4.274050979802268e-09,follow,43.10877742717295,98.108777415358,28.686777088103234
108.6,29.999999992550777,4.0421284097647e-09,follow,46.088777427319386,101.08877741614555,27.61988459614542
108.7,29.99999999295499,3.822792393748386e-09,follow,44.343777427457766,99.34377741689025,24.83594439796493
108.8,29.99999999333727,3.6153593896415258e-09,follow,47.07377742758891,102.07377741759481,22.93792754391552
108.9,29.999999993698804,3.4191828035545765e-09,follow,49.64877742771287,104.64877741826108,18.295240827542482
109.0,29.99999999404072,3.2336508581920495e-09,follow,39.698777427830215,94.6987774188913,22.709538981828235
109.1,29.999999994364085,3.0581844612243e-09,follow,45.13377742794072,100.13377741948685,22.809516525749277
109.2,29.999999994669903,2.892240758001208e-09,follow,43.87377742804561,98.87377742005046,22.522500578609925
109.3,29.999999994959126,2.735301762868403e-09,follow,45.86877742814481,100.8687774205835,17.948181051789682
109.4,29.999999995232656,2.5868757802527395e-09,follow,44.04877742823834,99.04877742108732,17.94361911352006
109.5,29.999999995491343,2.4465066417178606e-09,follow,40.72377742832674,95.72377742156375,24.233867729323027
109.6,29.999999995735994,2.313753100224858e-09,follow,41.533777428410616,96.53377742201461,19.98628933897232
109.7,29.999999995967368,2.1882051726151985e-09,follow,39.6387774284902,94.63877742244125,21.80616993326671
109.8,29.99999999618619,2.069463533871385e-09,follow,44.68877742856531,99.6887774228446,20.428028176383858
109.9,29.999999996393136,1.9571729126255376e-09,follow,41.073777428636305,96.073777423226,19.487581641686628
110.0,29.999999996588855,1.8509680899114754e-09,follow,46.14377742870356,101.14377742358684,23.521808721819333
110.1,29.99999999677395,1.7505328742117852e-09,follow,39.83877742876708,94.83877742392801,17.43359880150177
110.2,29.999999996949004,1.655544679124432e-09,follow,37.42877742882692,92.42877742425043,18.375502481175744
110.3,29.999999997114557,1.56571289267049e-09,follow,34.53377742888362,89.53377742455545,16.308520486632567
110.4,29.99999999727113,1.4807511661274474e-09,follow,33.16377742893731,88.163777424844,15.971698816744333
110.5,29.999999997419202,1.4004051251959027e-09,follow,33.288777428988155,88.28877742511696,16.11109077859424
110.6,29.999999997559243,1.3244132901490957e-09,follow,38.238777429036425,93.23877742537529,18.13983997464012
110.7,29.999999997691685,1.2525475767688476e-09,follow,38.41377742908186,93.41377742561939,16.388382011131394
110.8,29.99999999781694,1.1845820324651868e-09,follow,31.71377742912479,86.7137774258502,19.399055362013318
110.9,29.999999997935397,1.120303494417385e-09,follow,38.47877742916553,93.47877742606863,15.299308912873263
111.0,29.99999999804743,1.0595115895739582e-09,follow,33.86877742920397,88.86877742627512,15.756875435645663
111.1,29.99999999815338,1.0020187346526655e-09,follow,35.17377742924007,90.17377742647014,15.361801951420361
111.2,29.999999998253582,9.476501361405098e-10,follow,38.95377742927421,93.95377742665458,20.69466463938241
111.3,29.999999998348347,8.962267372680798e-10,follow,36.27877742930684,91.27877742682936,16.566021316550028
111.4,29.99999999843797,8.475929291762441e-10,follow,32.27877742933754,87.2787774269945,17.63207625344168
111.5,29.999999998522732,8.016002084332285e-10,follow,29.86377742936631,84.86377742715041,12.425150431259986
111.6,29.999999998602892,7.581050454064097e-10,follow,25.56377742939371,80.56377742729805,14.360744643023454
111.7,29.999999998678703,7.169667526341072e-10,follow,29.218777429419774,84.21877742743783,16.164832523761298
111.8,29.9999999987504,6.780624062230345e-10,follow,30.13877742944463,85.13877742757023,14.578557781812943
111.9,29.999999998818208,6.412683717371692e-10,follow,27.243777429467954,82.24377742769526,15.877177113215984
112.0,29.999999998882334,6.064730939669971e-10,follow,29.18377742948985,84.18377742781335,13.215663648757305
112.1,29.999999998942982,5.735621755320608e-10,follow,29.198777429510947,84.19877742792542,16.706106636028586
112.2,29.999999999000337,5.424425353339757e-10,follow,27.708777429530507,82.70877742803101,18.586242122833934
112.3,29.99999999905458,5.130090130478492e-10,follow,25.83377742954916,80.83377742813103,12.61057370359646
112.4,29.99999999910588,4.851699486607685e-10,follow,27.64377742956667,82.64377742822549,12.675425987662397
112.5,29.999999999154397,4.588457613863284e-10,follow,27.818777429583704,82.8187774283153,15.896118510893874
112.6,29.99999999920028,4.339483439252945e-10,follow,22.678777429599577,77.6787774284,14.995902980770756
112.7,29.999999999243677,4.103974049485259e-10,follow,29.423777429614503,84.42377742848002,12.563062118747288
112.8,29.999999999284718,3.881282850670686e-10,follow,24.343777429628318,79.3437774285554,11.842354841347168
112.9,29.99999999932353,3.6706779837913926e-10,follow,24.048777429641284,79.04877742862658,11.887034201002677
113.0,29.999999999360238,3.471505749530479e-10,follow,25.43877742965411,80.43877742869446,10.797151333637864
113.1,29.99999999939495,3.2831550811351914e-10,follow,23.383777429666182,78.3837774287586,10.886635754909104
113.2,29.999999999427782,3.105000700998062e-10,follow,24.85377742967733,79.853777428819,10.938873621243618
113.3,29.999999999458833,2.936495491212554e-10,follow,22.228777429687838,77.22877742887609,10.741137334449071
113.4,29.999999999488196,2.7771918098551396e-10,follow,18.908777429698056,73.90877742893035,10.998329975380855
113.5,29.999999999515968,2.626478590173065e-10,follow,21.113777429707824,76.11377742898178,11.549890354259833
113.6,29.999999999542233,2.483950822806946e-10,follow,16.003777429716564,71.00377742902991,12.413247803271382
113.7,29.999999999567073,2.3491537604058977e-10,follow,19.008777429725043,74.00877742907565,9.815487723252659
113.8,29.999999999590564,2.2217108153199657e-10,follow,17.908777429733163,72.90877742911901,11.72166839773606
113.9,29.999999999612783,2.1011175022067618e-10,follow,16.703777429740825,71.70377742916,10.099123582122612
114.0,29.999999999633793,1.9871322365361264e-10,follow,16.243777429747908,71.2437774291986,10.134249990456588
114.1,29.999999999653664,1.879314481811889e-10,follow,10.368777429754772,65.36877742923527,9.919389595245935
114.2,29.999999999672458,1.7773160720935266e-10,follow,13.598777429761327,68.59877742927002,8.716490143853244
114.3,29.999999999690232,1.6808670011414505e-10,follow,14.773777429767478,69.77377742930283,10.126818204998518
114.4,29.99999999970704,1.589683051861357e-10,follow,14.263777429773157,69.26377742933371,9.769221076473302
114.5,29.999999999722938,1.5033876366032927e-10,follow,10.038777429778264,65.03877742936267,9.412268803468951
114.6,29.999999999737973,1.4218102251106757e-10,follow,16.078777429783656,71.07877742939061,10.011095412959687
114.7,29.99999999975219,1.344673705716559e-10,follow,9.063777429788786,64.06377742941707,11.278834054966914
114.8,29.999999999765638,1.2717009667539968e-10,follow,13.743777429793163,68.74377742944162,8.779537347573337
114.9,29.999999999778357,1.202671739974903e-10,follow,11.398777429797605,66.39877742946514,8.501764075716967
115.0,29.999999999790383,1.1374439168321259e-10,follow,7.48877742980207,62.48877742948764,7.889997150396655
115.1,29.99999999980176,1.0756906476672157e-10,follow,13.873777429806026,68.87377742950866,8.696184019095025
115.2,29.999999999812516,-5.126222570186229,follow,4.373777429809898,59.37377742952867,7.393994698744074
115.3,29.487377742793893,0.8201956113422881,follow,10.60771081535637,64.8387774295472,10.231168167823686
115.4,29.56939730392812,0.17634205650889995,follow,10.015943699375427,64.3700396552676,10.186104237385955
115.5,29.58703150957901,-1.3608383783622031,follow,4.327552660506612,58.70809992487513,7.607601427051561
115.6,29.45094767174279,0.4655152347905478,follow,9.882975266303248,64.05939677391743,8.211745478816432
115.7,29.49749919522184,-1.3968688384828738,follow,4.243053213910187,58.489302006742946,8.311091821716252
115.8,29.357812311373554,0.5249994970241558,follow,5.312833620160198,59.34955208722053,7.780678084950592
115.9,29.41031226107597,0.3013126936520031,follow,4.4233024644694225,58.538770856083374,8.434601881588538
116.0,29.44044353044117,0.3056026123700995,follow,2.4770743343141604,56.63773962997591,7.747510721358099
116.1,29.47100379167818,0.28683746375608266,follow,4.472189589414256,58.67869527693152,6.8863594843413365
116.2,29.499687538053788,0.27150373079211787,follow,3.632063590682911,57.88159489776359,8.797012709646765
116.3,29.526837911133,-8.0,follow,-4.663630722741225,49.626626143958276,7.63858154117066
116.4,28.726837911133,1.5638972533202007,follow,4.7636854861453415,57.85394235284484,7.896167904156416
116.5,28.88322763646502,-8.0,follow,-4.908582892965846,48.41625856173168,6.557600678950849
116.6,28.08322763646502,1.9500634181209897,follow,3.5230943433874273,55.64793579808496,8.985288296273216
116.7,28.278233978277118,0.8380532712216293,follow,2.8672620670228426,55.28461303443852,8.627121484927747
116.8,28.362039305399282,-8.0,follow,-4.4462693214879465,48.09678963661098,7.595781914303536
116.9,27.56203930539928,0.5913228174323848,follow,-1.9274732520277809,49.41558570607114,10.487091151690606
117.0,27.62117158714252,-7.3972779583375114,follow,-4.662375605182646,46.76938177553113,7.505712388346949
117.1,26.88144379130877,1.5825734648903733,follow,-1.5399010701461364,48.78226461681702,8.210506794354671
117.2,27.039701137797806,-3.650961867874649,follow,-2.595431469010393,47.964120237686316,7.345530710439622
117.3,26.67460495101034,2.3603332161812602,follow,0.5932426973911404,50.605150123906654,8.73314929175339
117.4,26.910638272628468,1.6175837148047925,follow,1.271732219862983,51.63768962880569,9.170841231237615
117.5,27.07239664410895,0.15432945089609973,follow,0.7130308353795414,51.321625801542964,10.960546425752314
117.6,27.08782958919856,-8.0,follow,-5.65735824666551,44.97438613713233,7.233132637674823
117.7,26.28782958919856,-2.3649241645054673,follow,-4.0111412055854885,45.420603178212346,9.088065602792168
117.8,26.051337172748013,-8.0,follow,-8.505185539829824,40.57182021929219,8.177597854495351
117.9,25.251337172748013,-1.9254529743799509,follow,-5.215319257104888,42.66168650201713,12.360915310992112
118.0,25.058791875310018,3.0,follow,-0.13163502822268214,47.45655278474234,19.222581400784545
118.1,25.35879187531002,1.986606596715724,follow,0.927485784246521,48.96567359721155,10.332944532198548
118.2,25.55745253498159,-8.0,follow,-8.196384392791934,40.13979440968045,8.080559225681503
118.3,24.75745253498159,-2.957874899788557,follow,-5.5771296462902455,41.55904915618214,12.758144197001181
118.4,24.461665045002732,-2.141257683349764,follow,-3.8591936648200047,42.833303902684094,13.254252314582896
118.5,24.247539276667755,-2.159149368815143,follow,-3.009171516817574,43.36213739818406,18.47131497613747
118.6,24.03162433978624,-8.0,follow,-6.230053039162016,39.81738347051734,13.399198188483517
118.7,23.23162433978624,2.7536220928803203,follow,-1.7382154731408477,43.109221036538514,15.387223913048842
118.8,23.506986549074274,-8.0,follow,-5.044421221051458,40.216058602559954,15.85190060122095
118.9,22.706986549074273,-0.5358185308659742,follow,-2.790119875958716,41.27035994765269,27.942272035936703
119.0,22.653404695987675,0.24922837348616866,follow,-1.2704457512362737,42.70966129274524,25.83134147156409
119.1,22.67832753333629,-4.965895202480176,follow,-3.118170476858225,40.89932082314621,21.32030120634068
119.2,22.18173801308827,-4.664067422780889,follow,-3.891118949819557,39.381488069812846,34.79735381720475
119.3,21.715331270810182,-0.938246325602563,follow,-2.41468263771106,40.15831426850421,61.27941097463066
119.4,21.621506638249926,-2.2762749941926543,follow,-2.345478815951857,40.08678114142303,83.2528109832954
119.5,21.39387913883066,-3.596897645344022,follow,-2.9711882306479396,39.11963047759805,51.891116841721455
119.6,21.034189374296258,-1.4508947648106698,follow,-2.2110414977293047,39.34024256371508,42.11163565561949
119.7,20.88909989781519,3.0,follow,3.37817377956285,44.711823626285636,68.88280798807924
119.8,21.18909989781519,-3.7596461999998,follow,-0.19073621021847487,41.592913636504306,115.82546775858407
119.9,20.81313527781521,-4.3306623297818305,follow,-2.2606992700001527,38.959003646722664,31.089224233353363
120.0,20.380069044837025,-8.0,emergency,-73.32241344831439,-32.75230988105885,-2.1378696000131026
120.1,19.580069044837025,-8.0,emergency,-74.42042035279799,-35.05031678554245,-2.3165999230851493
120.2,18.780069044837024,-8.0,emergency,-73.71842725728186,-35.54832369002632,-2.4051527487582387
120.3,17.980069044837023,-8.0,emergency,-74.53643416176551,-37.56633059450998,-2.617850163447532
120.4,17.180069044837023,-8.0,emergency,-75.07444106624943,-39.3043374989939,-2.7757165148375362
120.5,16.380069044837022,-8.0,emergency,-74.99244797073315,-40.422344403477624,-2.91225816477574
120.6,15.580069044837021,-8.0,emergency,-76.17045487521668,-42.80035130796114,-3.133245605675618
120.7,14.78006904483702,-8.0,emergency,-76.06846177970044,-43.89835821244491,-3.3130663745144937
120.8,13.98006904483702,-8.0,emergency,-76.17646868418402,-45.20636511692848,-3.488126873439583
120.9,13.180069044837019,-8.0,emergency,-75.75447558866784,-45.98437202141231,-3.6351083822882617
121.0,12.380069044837018,-8.0,emergency,-75.35248249315147,-46.78237892589594,-3.7788463664026217
121.1,11.580069044837018,-8.0,emergency,-75.34048939763534,-47.97038583037982,-4.142495666013965
121.2,10.780069044837017,-8.0,emergency,-75.78849630211903,-49.6183927348635,-4.602789882744547
121.3,9.980069044837016,-8.0,emergency,-75.8165032066025,-50.846399639346984,-5.094794375761491
121.4,9.180069044837015,-8.0,emergency,-75.87451011108624,-52.10440654383072,-5.675818590180962
121.5,8.380069044837015,-8.0,emergency,-75.31251701556977,-52.74241344831425,-6.69314103064501
121.6,7.580069044837015,-8.0,emergency,-74.70052392005357,-53.33042035279804,-8.129551684333384
121.7,6.780069044837015,-8.0,emergency,-73.04853082453761,-52.87842725728209,-11.085463702986893
121.8,5.980069044837015,-8.0,emergency,-70.84653772902101,-51.87643416176548,-17.177234490864134
121.9,5.1800690448370155,-8.0,emergency,-68.48454463350465,-50.71444106624913,-43.71674366448961
122.0,4.380069044837016,-8.0,follow,-66.1425515379881,-49.572447970732576,inf
122.1,3.580069044837016,-8.0,follow,-63.0305584424718,-47.660454875216274,inf
122.2,2.780069044837016,-8.0,follow,-60.48856534695557,-46.318461779700044,inf
122.3,1.980069044837016,-8.0,follow,-57.07657225143923,-44.10646868418371,inf
122.4,1.180069044837016,-8.0,follow,-53.19457915592324,-41.42447558866772,inf
122.5,0.38006904483701587,-8.0,follow,-50.27258606040669,-39.702482493151166,inf
122.6,0.0,-8.0,follow,-47.63048939763495,-37.63048939763495,inf
122.7,0.0,-8.0,follow,-44.120489397634955,-34.120489397634955,inf
122.8,0.0,-8.0,follow,-40.73048939763477,-30.730489397634773,inf
122.9,0.0,-8.0,follow,-37.42048939763487,-27.420489397634864,inf
123.0,0.0,-8.0,follow,-36.11048939763477,-26.110489397634773,inf
123.1,0.0,-8.0,follow,-32.230489397634955,-22.230489397634955,inf
123.2,0.0,-8.0,follow,-29.800489397634955,-19.800489397634955,inf
123.3,0.0,-8.0,follow,-26.530489397634774,-16.530489397634774,inf
123.4,0.0,-8.0,follow,-21.500489397634865,-11.500489397634865,inf
123.5,0.0,-8.0,follow,-21.340489397634773,-11.340489397634773,inf
123.6,0.0,-8.0,follow,-16.810489397634957,-6.8104893976349565,inf
123.7,0.0,-8.0,follow,-13.370489397634955,-3.3704893976349553,inf
123.8,0.0,-5.630489397634591,follow,-9.500489397634773,0.49951060236522693,inf
123.9,0.0,-4.540489397634957,follow,-7.020489397634865,2.979510602365135,inf
124.0,0.0,0.19951060236531148,follow,-3.4104893976347768,6.589510602365223,inf
124.1,0.01995106023653115,2.0296574216552727,follow,-0.690415987989752,9.339510602365046,inf
124.2,0.22291680240205844,3.0,follow,3.193140292738441,13.527515496341529,inf
124.3,0.5229168024020585,3.0,follow,5.600848612498208,16.385223816101295,inf
124.4,0.8229168024020586,3.0,follow,9.798556932257958,21.032932135861046,inf
124.5,1.1229168024020586,3.0,follow,11.756265252017693,23.44064045562078,inf
124.6,1.4229168024020586,3.0,follow,15.803973571777401,27.93834877538049,inf
124.7,1.7229168024020587,3.0,follow,18.4516818915371,31.036057095140187,inf
124.8,2.022916802402059,3.0,follow,23.169390211297227,36.20376541490032,inf
124.9,2.3229168024020588,3.0,follow,24.79709853105689,38.281473734659976,inf
125.0,2.6229168024020586,3.0,follow,25.55480685081698,39.48918205442007,inf
125.1,2.9229168024020584,3.0,follow,33.18251517057661,47.56689037417969,inf
125.2,3.2229168024020582,3.0,follow,33.21022349033621,48.0445986939393,inf
125.3,3.522916802402058,3.0,follow,36.83793181009625,52.122307013699334,inf
125.4,3.822916802402058,3.0,follow,40.19564012985582,55.930015333458904,inf
125.5,4.122916802402058,3.0,follow,46.74334844961582,62.92772365321891,inf
125.6,4.4229168024020575,3.0,follow,44.19105676937536,60.82543197297844,inf
125.7,4.722916802402057,3.0,follow,56.62876508913533,73.71314029273842,inf
125.8,5.022916802402057,3.0,follow,56.436473408895274,73.97084861249836,inf
125.9,5.322916802402057,3.0,follow,58.354181728654744,76.33855693225783,inf
126.0,5.622916802402057,3.0,follow,61.26189004841467,79.69626525201775,inf
126.1,5.922916802402057,3.0,follow,65.3495983681741,84.23397357177718,inf
126.2,6.2229168024020565,3.0,follow,69.27730668793397,88.61168189153706,inf
126.3,6.522916802402056,3.0,follow,72.98501500769365,92.76939021129674,inf
126.4,6.822916802402056,3.0,follow,76.2227233274536,96.45709853105667,inf
126.5,7.122916802402056,3.0,follow,78.64043164721332,99.3248068508164,inf
126.6,7.422916802402056,3.0,follow,81.8581399669733,102.99251517057638,inf
126.7,7.722916802402056,3.0,follow,85.75584828673308,107.34022349033617,inf
126.8,8.022916802402056,3.0,follow,89.43355660649269,111.46793181009576,inf
126.9,8.322916802402057,3.0,follow,96.27126492625251,118.7556401298556,inf
127.0,8.622916802402058,3.0,follow,98.75897324601216,121.69334844961524,inf
127.1,8.922916802402058,3.0,follow,93.79668156577205,117.18105676937513,inf
127.2,9.22291680240206,3.0,follow,106.33438988553175,130.16876508913484,inf
127.3,9.52291680240206,3.0,follow,108.81209820529169,133.09647340889478,inf
127.4,9.82291680240206,3.0,follow,111.85980652505143,136.59418172865452,inf
127.5,10.122916802402061,3.0,follow,114.42751484481143,139.61189004841452,inf
127.6,10.422916802402062,3.0,follow,122.11522316457123,147.74959836817433,inf
127.7,10.722916802402063,3.0,follow,125.19293148433087,151.27730668793396,inf
127.8,11.022916802402063,3.0,follow,123.77063980409069,150.30501500769378,inf
127.9,11.322916802402064,3.0,follow,130.64834812385035,157.63272332745345,inf
128.0,11.622916802402065,3.0,follow,129.9560564436103,157.39043164721338,inf
128.1,11.922916802402066,3.0,follow,132.03376476337,159.9181399669731,inf
128.2,12.222916802402066,3.0,follow,137.65147308312999,165.98584828673307,inf
128.3,12.522916802402067,3.0,follow,145.67918140288972,174.46355660649283,inf
128.4,12.822916802402068,3.0,follow,149.3268897226493,178.5612649262524,inf
128.5,13.122916802402068,3.0,follow,151.1945980424091,180.8789732460122,inf
128.6,13.422916802402069,3.0,follow,155.18230636216873,185.31668156577183,inf
128.7,13.72291680240207,3.0,follow,157.72001468192857,188.3043898855317,inf
128.8,14.02291680240207,3.0,follow,156.89772300168826,187.93209820529137,inf
128.9,14.322916802402071,3.0,follow,163.80543132144822,195.28980652505132,inf
129.0,14.622916802402072,3.0,follow,168.27313964120793,200.20751484481104,inf
129.1,14.922916802402073,3.0,follow,171.24084796096793,203.62522316457103,inf
129.2,15.222916802402073,3.0,follow,175.9585562807277,208.7929314843308,inf
129.3,15.522916802402074,3.0,follow,177.2462646004873,210.5306398040904,inf
129.4,15.822916802402075,3.0,follow,178.91397292024715,212.64834812385024,inf
129.5,16.122916802402074,3.0,follow,184.70168124000676,218.88605644360987,inf
129.6,16.422916802402074,3.0,follow,183.35938955976667,217.99376476336977,inf
129.7,16.722916802402075,3.0,follow,182.82709787952635,217.91147308312947,inf
129.8,17.022916802402076,3.0,follow,188.58480619928633,224.11918140288944,inf
129.9,17.322916802402077,3.0,follow,189.02251451904604,225.00688972264916,inf
130.0,17.622916802402077,3.0,cruise,,,
130.1,17.922916802402078,3.0,cruise,,,
130.2,18.22291680240208,3.0,cruise,,,
130.3,18.52291680240208,3.0,cruise,,,
130.4,18.82291680240208,3.0,cruise,,,
130.5,19.12291680240208,3.0,cruise,,,
130.6,19.42291680240208,3.0,cruise,,,
130.7,19.722916802402082,3.0,cruise,,,
130.8,20.022916802402083,3.0,cruise,,,
130.9,20.322916802402084,3.0,cruise,,,
131.0,20.622916802402084,3.0,cruise,,,
131.1,20.922916802402085,3.0,cruise,,,
131.2,21.222916802402086,3.0,cruise,,,
131.3,21.522916802402086,3.0,cruise,,,
131.4,21.822916802402087,3.0,cruise,,,
131.5,22.122916802402088,3.0,cruise,,,
131.6,22.42291680240209,3.0,cruise,,,
131.7,22.72291680240209,3.0,cruise,,,
131.8,23.02291680240209,3.0,cruise,,,
131.9,23.32291680240209,3.0,cruise,,,
132.0,23.62291680240209,3.0,cruise,,,
132.1,23.922916802402092,3.0,cruise,,,
132.2,24.222916802402093,3.0,cruise,,,
132.3,24.522916802402094,2.986249918558743,cruise,,,
132.4,24.821541794257968,2.808449931589345,cruise,,,
132.5,25.1023867874169,2.6577229343909266,cruise,,,
132.6,25.368159080855992,2.5133322580473125,cruise,,,
132.7,25.619492306660725,2.376971390198833,cruise,,,
132.8,25.857189445680607,2.2479891935717533,cruise,,,
132.9,26.081988365037784,2.1260080616201527,cruise,,,
133.0,26.2945891711998,2.0106456911181048,cruise,,,
133.1,26.49565374031161,1.9015431867012231,cruise,,,
133.2,26.68580805898173,1.79836084594084,cruise,,,
133.3,26.865644143575814,1.7007774292604287,cruise,,,
133.4,27.035721886501857,1.6084891251728421,cruise,,,
133.5,27.196570799019142,1.5212086080712304,cruise,,,
133.6,27.348691659826265,1.4386641432971174,cruise,,,
133.7,27.492558074155976,1.360598741176703,cruise,,,
133.8,27.628617948273646,1.286769356918142,cruise,,,
133.9,27.75729488396546,1.2169461339289092,cruise,,,
134.0,27.87898949735835,1.1509116881920995,cruise,,,
134.1,27.99408066617756,1.0884604314742552,cruise,,,
134.2,28.102926709324986,1.0293979312575814,cruise,,,
134.3,28.205866502450746,0.9735403054037923,cruise,,,
134.4,28.303220532991126,0.920713649664944,cruise,,,
134.5,28.39529189795762,0.870753496258935,cruise,,,
134.6,28.482367247583515,0.8235043018239963,cruise,,,
134.7,28.564717677765913,0.7788189631580543,cruise,,,
134.8,28.642599574081718,0.736558359235164,cruise,,,
134.9,28.716255410005235,0.6965909180733412,cruise,,,
135.0,28.78591450181257,0.6587922071051231,cruise,,,
135.1,28.851793722523084,0.6230445457756361,cruise,,,
135.2,28.914098177100648,0.589236639162047,cruise,,,
135.3,28.973021841016852,0.5572632314736851,cruise,,,
135.4,29.02874816416422,0.5270247783540994,cruise,,,
135.5,29.08145064199963,0.4984271369648112,cruise,,,
135.6,29.131293355696112,0.4713812728858514,cruise,,,
135.7,29.178431482984696,0.44580298292059906,cruise,,,
135.8,29.223011781276757,0.42161263294188484,cruise,,,
135.9,29.265173044570947,0.3987349099632418,cruise,,,
136.0,29.30504653556727,0.37709858766331267,cruise,,,
136.1,29.342756394333602,0.3566363046335084,cruise,,,
136.2,29.378420024796952,0.3372843546584782,cruise,,,
136.3,29.4121484602628,0.3189824883764743,cruise,,,
136.4,29.444046709100448,0.3016737257020821,cruise,,,
136.5,29.474214081670656,0.28530417842739836,cruise,,,
136.6,29.502744499513394,0.2698228824492254,cruise,,,
136.7,29.529726787758317,0.25518163910008623,cruise,,,
136.8,29.555244951668325,0.24133486508899793,cruise,,,
136.9,29.579378438177223,0.22823945058476836,cruise,,,
137.0,29.6022023832357,0.21585462500010377,cruise,,,
137.1,29.62378784573571,0.2041418300585647,cruise,,,
137.2,29.644202028741567,0.19306459974920145,cruise,,,
137.3,29.663508488716488,0.1825884467951866,cruise,,,
137.4,29.681767333396007,0.17268075528287738,cruise,,,
137.5,29.699035408924296,0.16331067911713362,cruise,,,
137.6,29.71536647683601,0.15444904598667933,cruise,,,
137.7,29.730811381434677,0.14606826654052724,cruise,,,
137.8,29.74541820808873,0.13814224849270998,cruise,,,
137.9,29.759232432938,0.13064631538793064,cruise,,,
138.0,29.772297064476792,0.12355712977513206,cruise,,,
138.1,29.784652777454305,0.11685262054990417,cruise,,,
138.2,29.796338039509294,0.11051191423943435,cruise,,,
138.3,29.807389230933236,0.1045152700161168,cruise,,,
138.4,29.817840757934846,0.09884401823748235,cruise,,,
138.5,29.827725159758593,0.09348050232109699,cruise,,,
138.6,29.837073209990702,0.08840802377346932,cruise,,,
138.7,29.84591401236805,0.08361079020182487,cruise,,,
138.8,29.85427509138823,0.07907386614687795,cruise,,,
138.9,29.862182478002918,0.07478312658356287,cruise,,,
139.0,29.869660790661275,0.07072521294487828,cruise,,,
139.1,29.876733311955764,0.06688749153205222,cruise,,,
139.2,29.88342206110897,0.06325801418141239,cruise,,,
139.3,29.889747862527113,0.059825481065589506,cruise,,,
139.4,29.89573041063367,0.056579205513238404,cruise,,,
139.5,29.901388331184997,0.05350908073767684,cruise,,,
139.6,29.906739239258766,0.05060554837097157,cruise,,,
139.7,29.911799794095863,0.0478595687053847,cruise,,,
139.8,29.9165857509664,0.04526259254962071,cruise,,,
139.9,29.921112010221364,0.04280653461221888,cruise,,,
140.0,29.925392663682587,0.04048374832922547,cruise,,,
140.1,29.92944103851551,0.03828700205777125,cruise,,,
140.2,29.933269738721286,0.036209456561451955,cruise,,,
140.3,29.93689068437743,0.03424464371739617,cruise,,,
140.4,29.94031514874917,0.032386446378757226,cruise,,,
140.5,29.943553793387046,0.030629079329897023,cruise,,,
140.6,29.946616701320036,0.028967071274989563,cruise,,,
140.7,29.949513408447533,0.027395247803982413,cruise,,,
140.8,29.952252933227932,0.02590871528284211,cruise,,,
140.9,29.954843804756216,0.024502845617986678,cruise,,,
141.0,29.957294089318015,0.0231732618473913,cruise,,,
141.1,29.959611415502753,0.021915824513610713,cruise,,,
141.2,29.961802997954113,0.0207266187761725,cruise,,,
141.3,29.96387565983173,0.019601942223346925,cruise,,,
141.4,29.965835854054063,0.01853829334522743,cruise,,,
141.5,29.967689683388585,0.017532360632327482,cruise,,,
141.6,29.96944291945182,0.0165810122656751,cruise,,,
141.7,29.971101020678386,0.015681286366400825,cruise,,,
141.8,29.972669149315028,0.014830381774341816,cruise,,,
141.9,29.97415218749246,0.014025649327090405,cruise,,,
142.0,29.975554752425168,0.01326458361219167,cruise,,,
142.1,29.976881210786388,0.012544815166947387,cruise,,,
142.2,29.978135692303084,0.011864103101453338,cruise,,,
142.3,29.979322102613228,0.011220328121919464,cruise,,,
142.4,29.98044413542542,0.01061148593255794,cruise,,,
142.5,29.981505284018674,0.01003568099554073,cruise,,,
142.6,29.98250885211823,0.00949112062950661,cruise,,,
142.7,29.98345796418118,0.00897610942834035,cruise,,,
142.8,29.984355575124013,0.008489043982759625,cruise,,,
142.9,29.985204479522288,0.008028407888352263,cruise,,,
143.0,29.986007320311124,0.007592767024489433,cruise,,,
143.1,29.986766597013574,0.007180765089405837,cruise,,,
143.2,29.987484673522516,0.006791119377547971,cruise,,,
143.3,29.98816378546027,0.0064226167860851995,cruise,,,
143.4,29.988806047138876,0.0060741100380674595,cruise,,,
143.5,29.989413458142682,0.005744514110585186,cruise,,,
143.6,29.98998790955374,0.005432802856697804,cruise,,,
143.7,29.99053118983941,0.005138005810685797,cruise,,,
143.8,29.991044990420477,0.004859205166646063,cruise,,,
143.9,29.99153091093714,0.004595532921052836,cruise,,,
144.0,29.991990464229247,0.004346168170345521,cruise,,,
144.1,29.99242508104628,0.004110334555196005,cruise,,,
144.2,29.992836114501802,0.0038872978433978746,cruise,,,
144.3,29.993224844286143,0.003676363643973701,cruise,,,
144.4,29.99359248065054,0.003476875245277,cruise,,,
144.5,29.99394016817507,0.0032882115704310874,cruise,,,
144.6,29.994268989332113,0.0031097852436879235,cruise,,,
144.7,29.99457996785648,0.002941040761743352,cruise,,,
144.8,29.994874071932657,0.0027814527642306074,cruise,,,
144.9,29.99515221720908,0.0026305243981312285,cruise,,,
145.0,29.99541526964889,0.0024877857708524684,cruise,,,
145.1,29.995664048225976,0.0023527924873299353,cruise,,,
145.2,29.99589932747471,0.0022251242664395932,cruise,,,
145.3,29.996121839901353,0.0021043836325461028,cruise,,,
145.4,29.996332278264607,0.0019901946779818046,cruise,,,
145.5,29.996531297732403,0.0018822018927615145,cruise,,,
145.6,29.99671951792168,0.001780069057716105,cruise,,,
145.7,29.99689752482745,0.0016834781977600243,cruise,,,
145.8,29.997065872647227,0.001592128591887132,cruise,,,
145.9,29.997225085506415,0.00150573583696314,cruise,,,
146.0,29.99737565909011,0.001424030962238021,cruise,,,
146.1,29.997518062186334,0.0013467595919763652,cruise,,,
146.2,29.997652738145533,0.0012736811534814763,cruise,,,
146.3,29.99778010626088,0.0012045681281250607,cruise,,,
146.4,29.997900563073692,0.0011392053429723603,cruise,,,
146.5,29.99801448360799,0.0010773893009101698,cruise,,,
146.6,29.99812222253808,0.001018927547062276,cruise,,,
146.7,29.998224115292786,0.0009636380696221635,cruise,,,
146.8,29.998320479099746,0.0009113487331916302,cruise,,,
146.9,29.998411613973065,0.00086189674284185,cruise,,,
147.0,29.99849780364735,0.0008151281373052654,cruise,,,
147.1,29.99857931646108,0.0007708973096235639,cruise,,,
147.2,29.99865640619204,0.0007290665538143059,cruise,,,
147.3,29.998729312847424,0.0006895056361628348,cruise,,,
147.4,29.99879826341104,0.0006520913897603009,cruise,,,
147.5,29.998863472550017,0.0006167073310123783,cruise,,,
147.6,29.998925143283117,0.0005832432970301226,cruise,,,
147.7,29.99898346761282,0.0005515951026040965,cruise,,,
147.8,29.99903862712308,0.0005216642158906382,cruise,,,
147.9,29.99909079354467,0.0004933574516080341,cruise,,,
148.0,29.99914012928983,0.00046658668094110565,cruise,,,
148.1,29.999186787957925,0.0004412685571516306,cruise,,,
148.2,29.99923091481364,0.00041732425609950494,cruise,,,
148.3,29.999272647239252,0.00039467923083762456,cruise,,,
148.4,29.999312115162336,0.0003732629795138109,cruise,,,
148.5,29.99934944146029,0.000353008825873502,cruise,,,
148.6,29.999384742342876,0.0003338537116874818,cruise,,,
148.7,29.999418127714044,0.0003157380004054744,cruise,,,
148.8,29.999449701514084,0.00029860529150909086,cruise,,,
148.9,29.999479562043234,0.00028240224490971855,cruise,,,
149.0,29.999507802267726,0.00026707841487336734,cruise,,,
149.1,29.999534510109214,0.00025258609298290936,cruise,,,
149.2,29.999559768718512,0.00023888015959414586,cruise,,,
149.3,29.999583656734472,0.00022591794335653504,cruise,,,
149.4,29.999606248528806,0.0002136590883822009,cruise,,,
149.5,29.999627614437646,0.00020206542857295062,cruise,,,
149.6,29.999647820980503,0.00019110086884168708,cruise,,,
149.7,29.999666931067388,0.0001807312726818111,cruise,,,
149.8,29.999685004194657,0.0001709243559375295,cruise,,,
149.9,29.99970209663025,0.00016164958625424218,cruise,,,
150.0,29.999718261588878,0.00015287808804629322,cruise,,,
