INFO: Instrumenting IPython
INFO: Instrumenting IPython.core
INFO: Instrumenting IPython.core.getipython
INFO: Instrumenting IPython.core.release
INFO: Instrumenting IPython.core.application
INFO: Instrumenting traitlets
INFO: Instrumenting traitlets.traitlets
INFO: Instrumenting traitlets.utils
INFO: Instrumenting traitlets.utils.bunch
INFO: Instrumenting traitlets.utils.descriptions
INFO: Instrumenting traitlets.utils.getargspec
INFO: Instrumenting traitlets.utils.importstring
INFO: Instrumenting traitlets.utils.sentinel
INFO: Instrumenting traitlets.utils.warnings
INFO: Instrumenting traitlets._version
INFO: Instrumenting traitlets.utils.decorators
INFO: Instrumenting traitlets.config
INFO: Instrumenting traitlets.config.application
INFO: Instrumenting json
INFO: Instrumenting json.decoder
INFO: Instrumenting json.scanner
INFO: Instrumenting json.encoder
INFO: Instrumenting pprint
INFO: Instrumenting logging.config
INFO: Instrumenting logging.handlers
INFO: Instrumenting socket
INFO: Instrumenting selectors
INFO: Instrumenting pickle
INFO: Instrumenting struct
INFO: Instrumenting _compat_pickle
INFO: Instrumenting queue
INFO: Instrumenting heapq
INFO: Instrumenting socketserver
INFO: Instrumenting traitlets.config.configurable
INFO: Instrumenting traitlets.utils.text
INFO: Instrumenting traitlets.config.loader
INFO: Instrumenting argparse
INFO: Instrumenting gettext
INFO: Instrumenting traitlets.utils.nested_update
INFO: Instrumenting IPython.core.crashhandler
INFO: Instrumenting IPython.core.ultratb
INFO: Instrumenting stack_data
INFO: Instrumenting stack_data.core
INFO: Instrumenting html
INFO: Instrumenting html.entities
INFO: Instrumenting executing
INFO: Instrumenting executing.executing
INFO: Instrumenting executing._utils
INFO: Instrumenting executing._position_node_finder
INFO: Instrumenting executing._exceptions
INFO: Instrumenting executing._pytest_utils
INFO: Instrumenting executing.version
INFO: Instrumenting asttokens
INFO: Instrumenting asttokens.line_numbers
INFO: Instrumenting asttokens.asttokens
INFO: Instrumenting asttokens.util
INFO: Instrumenting pure_eval
INFO: Instrumenting pure_eval.core
INFO: Instrumenting pure_eval.my_getattr_static
INFO: Instrumenting pure_eval.utils
INFO: Instrumenting datetime
INFO: Instrumenting decimal
INFO: Instrumenting numbers
INFO: Instrumenting fractions
INFO: Instrumenting pure_eval.version
INFO: Instrumenting stack_data.utils
INFO: Instrumenting stack_data.formatting
INFO: Instrumenting stack_data.serializing
INFO: Instrumenting stack_data.version
INFO: Instrumenting pygments
INFO: Instrumenting pygments.formatters
INFO: Instrumenting pygments.formatters._mapping
INFO: Instrumenting pygments.plugin
INFO: Instrumenting importlib.metadata
INFO: Instrumenting csv
INFO: Instrumenting email
INFO: Instrumenting zipfile
INFO: Instrumenting importlib.metadata._adapters
INFO: Instrumenting email.message
INFO: Instrumenting quopri
INFO: Instrumenting email.utils
INFO: Instrumenting email._parseaddr
INFO: Instrumenting calendar
INFO: Instrumenting locale
INFO: Instrumenting _locale
WARNING: It looks like this module is imported by a custom loader. Atheris has experimental support for this. However, it may be incompatible with certain libraries. If you experience unusual errors or poor coverage collection, try atheris.instrument_all() instead, add enable_loader_override=False to instrument_imports(), or file an issue on GitHub.
INFO: Instrumenting email.charset
INFO: Instrumenting email.base64mime
INFO: Instrumenting base64
INFO: Instrumenting email.quoprimime
INFO: Instrumenting email.errors
INFO: Instrumenting email.encoders
INFO: Instrumenting email._policybase
INFO: Instrumenting email.header
INFO: Instrumenting email._encoded_words
INFO: Instrumenting email.iterators
INFO: Instrumenting importlib.metadata._text
INFO: Instrumenting importlib.metadata._functools
INFO: Instrumenting importlib.metadata._meta
INFO: Instrumenting importlib.metadata._collections
INFO: Instrumenting importlib.metadata._itertools
INFO: Instrumenting pygments.util
INFO: Instrumenting pygments.formatters.terminal256
INFO: Instrumenting pygments.formatter
INFO: Instrumenting pygments.styles
INFO: Instrumenting pygments.styles._mapping
INFO: Instrumenting pygments.console
INFO: Instrumenting pygments.style
INFO: Instrumenting pygments.token
INFO: Instrumenting IPython.utils
INFO: Instrumenting IPython.utils.path
INFO: Instrumenting glob
INFO: Instrumenting IPython.utils.process
INFO: Instrumenting IPython.utils._process_posix
INFO: Instrumenting subprocess
INFO: Instrumenting signal
INFO: Instrumenting IPython.utils._process_common
INFO: Instrumenting shlex
INFO: Instrumenting IPython.utils.py3compat
INFO: Instrumenting platform
INFO: Instrumenting IPython.utils.encoding
INFO: Instrumenting IPython.utils.PyColorize
INFO: Instrumenting pygments.styles.monokai
INFO: Instrumenting pygments.styles.default
INFO: Instrumenting pygments.styles.pastie
INFO: Instrumenting pygments.styles.gruvbox
INFO: Instrumenting IPython.utils.terminal
INFO: Instrumenting IPython.core.display_trap
INFO: Instrumenting IPython.core.doctb
INFO: Instrumenting IPython.core.tbtools
INFO: Instrumenting pydoc
INFO: Instrumenting pkgutil
INFO: Instrumenting sysconfig
INFO: Instrumenting _sysconfigdata__linux_x86_64-linux-gnu
INFO: Instrumenting IPython.core.debugger
INFO: Instrumenting IPython.core.debugger_backport
INFO: Instrumenting codeop
INFO: Instrumenting pdb
INFO: Instrumenting cmd
INFO: Instrumenting bdb
INFO: Instrumenting code
INFO: Instrumenting IPython.utils.sysinfo
INFO: Instrumenting IPython.utils._sysinfo
INFO: Instrumenting IPython.core.profiledir
INFO: Instrumenting IPython.paths
INFO: Instrumenting IPython.utils.importstring
INFO: Instrumenting IPython.terminal
INFO: Instrumenting IPython.terminal.embed
INFO: Instrumenting IPython.core.compilerop
INFO: Instrumenting hashlib
INFO: Instrumenting IPython.core.magic_arguments
INFO: Instrumenting IPython.core.error
INFO: Instrumenting IPython.utils.decorators
INFO: Instrumenting IPython.utils.docs
INFO: Instrumenting IPython.utils.text
INFO: Instrumenting IPython.core.magic
INFO: Instrumenting getopt
INFO: Instrumenting IPython.core.oinspect
INFO: Instrumenting IPython.core.page
INFO: Instrumenting IPython.display
INFO: Instrumenting IPython.core.display_functions
INFO: Instrumenting IPython.core.display
INFO: Instrumenting mimetypes
INFO: Instrumenting IPython.testing
INFO: Instrumenting IPython.testing.skipdoctest
INFO: Instrumenting IPython.lib
INFO: Instrumenting IPython.lib.display
INFO: Instrumenting IPython.utils.data
INFO: Instrumenting IPython.lib.pretty
INFO: Instrumenting IPython.utils.openpy
INFO: Instrumenting IPython.utils.dir2
INFO: Instrumenting IPython.utils.wildcard
INFO: Instrumenting pygments.lexers
INFO: Instrumenting pygments.lexers._mapping
INFO: Instrumenting pygments.modeline
INFO: Instrumenting pygments.lexers.python
INFO: Instrumenting pygments.lexer
INFO: Instrumenting pygments.filter
INFO: Instrumenting pygments.filters
INFO: Instrumenting pygments.regexopt
INFO: Instrumenting pygments.unistring
INFO: Instrumenting pygments.formatters.html
INFO: Instrumenting IPython.core.inputtransformer2
INFO: Instrumenting IPython.utils.tokenutil
INFO: Instrumenting IPython.utils.ipstruct
INFO: Instrumenting IPython.core.interactiveshell
INFO: Instrumenting runpy
INFO: Instrumenting IPython.external
INFO: Instrumenting IPython.external.pickleshare
INFO: Instrumenting IPython.core.hooks
INFO: Instrumenting IPython.core.prefilter
INFO: Instrumenting IPython.core.autocall
INFO: Instrumenting IPython.core.macro
INFO: Instrumenting IPython.core.splitinput
INFO: Instrumenting IPython.core.alias
INFO: Instrumenting IPython.core.builtin_trap
INFO: Instrumenting IPython.core.displayhook
INFO: Instrumenting IPython.core.history
INFO: Instrumenting decorator
INFO: Instrumenting sqlite3
INFO: Instrumenting sqlite3.dbapi2
INFO: Instrumenting IPython.core.displaypub
INFO: Instrumenting IPython.core.events
INFO: Instrumenting IPython.core.extensions
INFO: Instrumenting IPython.core.formatters
INFO: Instrumenting IPython.utils.sentinel
INFO: Instrumenting IPython.core.logger
INFO: Instrumenting IPython.core.payload
INFO: Instrumenting IPython.core.tips
INFO: Instrumenting IPython.core.usage
INFO: Instrumenting IPython.utils.io
INFO: Instrumenting IPython.utils.capture
INFO: Instrumenting IPython.utils.strdispatch
INFO: Instrumenting IPython.utils.syspathcontext
INFO: Instrumenting IPython.core.async_helpers
INFO: Instrumenting asyncio
INFO: Instrumenting asyncio.base_events
INFO: Instrumenting concurrent
INFO: Instrumenting concurrent.futures
INFO: Instrumenting concurrent.futures._base
INFO: Instrumenting ssl
INFO: Instrumenting asyncio.constants
INFO: Instrumenting asyncio.coroutines
INFO: Instrumenting asyncio.events
INFO: Instrumenting contextvars
INFO: Instrumenting asyncio.format_helpers
INFO: Instrumenting asyncio.base_futures
INFO: Instrumenting asyncio.exceptions
INFO: Instrumenting asyncio.base_tasks
INFO: Instrumenting asyncio.futures
INFO: Instrumenting asyncio.protocols
INFO: Instrumenting asyncio.sslproto
INFO: Instrumenting asyncio.transports
INFO: Instrumenting asyncio.log
INFO: Instrumenting asyncio.staggered
INFO: Instrumenting asyncio.locks
INFO: Instrumenting asyncio.mixins
INFO: Instrumenting asyncio.tasks
INFO: Instrumenting asyncio.trsock
INFO: Instrumenting asyncio.runners
INFO: Instrumenting asyncio.queues
INFO: Instrumenting asyncio.streams
INFO: Instrumenting asyncio.subprocess
INFO: Instrumenting asyncio.taskgroups
INFO: Instrumenting asyncio.timeouts
INFO: Instrumenting asyncio.threads
INFO: Instrumenting asyncio.unix_events
INFO: Instrumenting asyncio.base_subprocess
INFO: Instrumenting asyncio.selector_events
INFO: Instrumenting IPython.terminal.interactiveshell
INFO: Instrumenting prompt_toolkit
INFO: Instrumenting prompt_toolkit.application
INFO: Instrumenting prompt_toolkit.application.application
INFO: Instrumenting prompt_toolkit.buffer
INFO: Instrumenting prompt_toolkit.application.current
INFO: Instrumenting prompt_toolkit.application.run_in_terminal
INFO: Instrumenting prompt_toolkit.eventloop
INFO: Instrumenting prompt_toolkit.eventloop.async_generator
INFO: Instrumenting prompt_toolkit.eventloop.utils
INFO: Instrumenting prompt_toolkit.eventloop.inputhook
INFO: Instrumenting prompt_toolkit.auto_suggest
INFO: Instrumenting prompt_toolkit.document
INFO: Instrumenting prompt_toolkit.clipboard
INFO: Instrumenting prompt_toolkit.clipboard.base
INFO: Instrumenting prompt_toolkit.selection
INFO: Instrumenting prompt_toolkit.clipboard.in_memory
INFO: Instrumenting prompt_toolkit.filters
INFO: Instrumenting prompt_toolkit.filters.app
INFO: Instrumenting prompt_toolkit.cache
INFO: Instrumenting prompt_toolkit.enums
INFO: Instrumenting prompt_toolkit.filters.base
INFO: Instrumenting prompt_toolkit.filters.cli
INFO: Instrumenting prompt_toolkit.filters.utils
INFO: Instrumenting prompt_toolkit.completion
INFO: Instrumenting prompt_toolkit.completion.base
INFO: Instrumenting prompt_toolkit.formatted_text
INFO: Instrumenting prompt_toolkit.formatted_text.ansi
INFO: Instrumenting prompt_toolkit.output
INFO: Instrumenting prompt_toolkit.output.base
INFO: Instrumenting prompt_toolkit.cursor_shapes
INFO: Instrumenting prompt_toolkit.key_binding
INFO: Instrumenting prompt_toolkit.key_binding.key_bindings
INFO: Instrumenting prompt_toolkit.keys
INFO: Instrumenting prompt_toolkit.key_binding.key_processor
INFO: Instrumenting prompt_toolkit.utils
INFO: Instrumenting wcwidth
INFO: Instrumenting wcwidth.wcwidth
INFO: Instrumenting wcwidth.bisearch
INFO: Instrumenting wcwidth.grapheme
INFO: Instrumenting wcwidth.table_grapheme
INFO: Instrumenting wcwidth.sgr_state
INFO: Instrumenting wcwidth.table_vs16
INFO: Instrumenting wcwidth.table_wide
INFO: Instrumenting wcwidth.table_zero
INFO: Instrumenting wcwidth.control_codes
INFO: Instrumenting wcwidth.table_ambiguous
INFO: Instrumenting wcwidth.escape_sequences
INFO: Instrumenting wcwidth.unicode_versions
INFO: Instrumenting wcwidth.textwrap
INFO: Instrumenting secrets
INFO: Instrumenting hmac
INFO: Instrumenting prompt_toolkit.key_binding.vi_state
INFO: Instrumenting prompt_toolkit.data_structures
INFO: Instrumenting prompt_toolkit.styles
INFO: Instrumenting prompt_toolkit.styles.base
INFO: Instrumenting prompt_toolkit.styles.defaults
INFO: Instrumenting prompt_toolkit.styles.named_colors
INFO: Instrumenting prompt_toolkit.styles.style
INFO: Instrumenting prompt_toolkit.styles.pygments
INFO: Instrumenting prompt_toolkit.styles.style_transformation
INFO: Instrumenting colorsys
INFO: Instrumenting prompt_toolkit.output.color_depth
INFO: Instrumenting prompt_toolkit.output.defaults
INFO: Instrumenting prompt_toolkit.output.plain_text
INFO: Instrumenting prompt_toolkit.output.flush_stdout
INFO: Instrumenting prompt_toolkit.output.vt100
INFO: Instrumenting prompt_toolkit.formatted_text.base
INFO: Instrumenting prompt_toolkit.mouse_events
INFO: Instrumenting prompt_toolkit.formatted_text.html
INFO: Instrumenting xml
INFO: Instrumenting xml.dom
INFO: Instrumenting xml.dom.domreg
INFO: Instrumenting xml.dom.minidom
INFO: Instrumenting xml.dom.minicompat
INFO: Instrumenting xml.dom.xmlbuilder
INFO: Instrumenting xml.dom.NodeFilter
INFO: Instrumenting prompt_toolkit.formatted_text.pygments
INFO: Instrumenting prompt_toolkit.formatted_text.utils
INFO: Instrumenting prompt_toolkit.completion.deduplicate
INFO: Instrumenting prompt_toolkit.completion.filesystem
INFO: Instrumenting prompt_toolkit.completion.fuzzy_completer
INFO: Instrumenting prompt_toolkit.completion.word_completer
INFO: Instrumenting prompt_toolkit.completion.nested
INFO: Instrumenting prompt_toolkit.history
INFO: Instrumenting prompt_toolkit.search
INFO: Instrumenting prompt_toolkit.validation
INFO: Instrumenting prompt_toolkit.input
INFO: Instrumenting prompt_toolkit.input.base
INFO: Instrumenting prompt_toolkit.input.defaults
INFO: Instrumenting prompt_toolkit.input.typeahead
INFO: Instrumenting prompt_toolkit.key_binding.bindings
INFO: Instrumenting prompt_toolkit.key_binding.bindings.page_navigation
INFO: Instrumenting prompt_toolkit.key_binding.bindings.scroll
INFO: Instrumenting prompt_toolkit.key_binding.defaults
INFO: Instrumenting prompt_toolkit.key_binding.bindings.basic
INFO: Instrumenting prompt_toolkit.key_binding.bindings.named_commands
INFO: Instrumenting prompt_toolkit.layout
INFO: Instrumenting prompt_toolkit.layout.containers
INFO: Instrumenting prompt_toolkit.layout.controls
INFO: Instrumenting prompt_toolkit.lexers
INFO: Instrumenting prompt_toolkit.lexers.base
INFO: Instrumenting prompt_toolkit.lexers.pygments
INFO: Instrumenting prompt_toolkit.layout.processors
INFO: Instrumenting prompt_toolkit.layout.utils
INFO: Instrumenting prompt_toolkit.layout.dimension
INFO: Instrumenting prompt_toolkit.layout.margins
INFO: Instrumenting prompt_toolkit.layout.mouse_handlers
INFO: Instrumenting prompt_toolkit.layout.screen
INFO: Instrumenting prompt_toolkit.layout.layout
INFO: Instrumenting prompt_toolkit.layout.menus
INFO: Instrumenting prompt_toolkit.layout.scrollable_pane
INFO: Instrumenting prompt_toolkit.key_binding.bindings.completion
INFO: Instrumenting prompt_toolkit.key_binding.bindings.cpr
INFO: Instrumenting prompt_toolkit.key_binding.bindings.emacs
INFO: Instrumenting prompt_toolkit.key_binding.bindings.mouse
INFO: Instrumenting prompt_toolkit.key_binding.bindings.vi
INFO: Instrumenting prompt_toolkit.input.vt100_parser
INFO: Instrumenting prompt_toolkit.input.ansi_escape_sequences
INFO: Instrumenting prompt_toolkit.key_binding.digraphs
INFO: Instrumenting prompt_toolkit.key_binding.emacs_state
INFO: Instrumenting prompt_toolkit.layout.dummy
INFO: Instrumenting prompt_toolkit.renderer
INFO: Instrumenting prompt_toolkit.application.dummy
INFO: Instrumenting prompt_toolkit.shortcuts
INFO: Instrumenting prompt_toolkit.shortcuts.choice_input
INFO: Instrumenting prompt_toolkit.widgets
INFO: Instrumenting prompt_toolkit.widgets.base
INFO: Instrumenting prompt_toolkit.widgets.toolbars
INFO: Instrumenting prompt_toolkit.widgets.dialogs
INFO: Instrumenting prompt_toolkit.key_binding.bindings.focus
INFO: Instrumenting prompt_toolkit.widgets.menus
INFO: Instrumenting prompt_toolkit.shortcuts.dialogs
INFO: Instrumenting prompt_toolkit.shortcuts.progress_bar
INFO: Instrumenting prompt_toolkit.shortcuts.progress_bar.base
INFO: Instrumenting prompt_toolkit.shortcuts.progress_bar.formatters
INFO: Instrumenting xml.dom.expatbuilder
INFO: Instrumenting xml.parsers
INFO: Instrumenting xml.parsers.expat
INFO: Instrumenting prompt_toolkit.shortcuts.prompt
INFO: Instrumenting prompt_toolkit.key_binding.bindings.auto_suggest
INFO: Instrumenting prompt_toolkit.key_binding.bindings.open_in_editor
INFO: Instrumenting prompt_toolkit.shortcuts.utils
INFO: Instrumenting email.parser
INFO: Instrumenting email.feedparser
INFO: Instrumenting prompt_toolkit.patch_stdout
INFO: Instrumenting IPython.terminal.debugger
INFO: Instrumenting IPython.core.completer
INFO: Instrumenting uuid
INFO: Instrumenting IPython.core.guarded_eval
INFO: Instrumenting typing_extensions
INFO: Instrumenting IPython.core.latex_symbols
INFO: Instrumenting IPython.utils.generics
INFO: Instrumenting jedi
INFO: Instrumenting jedi.api
INFO: Instrumenting parso
INFO: Instrumenting parso.parser
INFO: Instrumenting parso.tree
INFO: Instrumenting parso.utils
INFO: Instrumenting parso.pgen2
INFO: Instrumenting parso.pgen2.generator
INFO: Instrumenting parso.pgen2.grammar_parser
INFO: Instrumenting parso.python
INFO: Instrumenting parso.python.tokenize
INFO: Instrumenting parso.python.token
INFO: Instrumenting parso.grammar
INFO: Instrumenting parso._compatibility
INFO: Instrumenting parso.python.diff
INFO: Instrumenting difflib
INFO: Instrumenting parso.python.parser
INFO: Instrumenting parso.python.tree
INFO: Instrumenting parso.python.prefix
INFO: Instrumenting parso.cache
INFO: Instrumenting parso.python.errors
INFO: Instrumenting parso.normalizer
INFO: Instrumenting parso.python.pep8
INFO: Instrumenting parso.file_io
INFO: Instrumenting jedi.parser_utils
INFO: Instrumenting jedi.debug
INFO: Instrumenting jedi.settings
INFO: Instrumenting jedi.cache
INFO: Instrumenting jedi.file_io
INFO: Instrumenting jedi.api.classes
INFO: Instrumenting jedi.inference
INFO: Instrumenting jedi.inference.imports
INFO: Instrumenting jedi.inference.sys_path
INFO: Instrumenting jedi.inference.cache
INFO: Instrumenting jedi.inference.base_value
INFO: Instrumenting jedi.inference.helpers
INFO: Instrumenting jedi.inference.utils
INFO: Instrumenting jedi.inference.compiled
INFO: Instrumenting jedi.inference.compiled.value
INFO: Instrumenting jedi.inference.filters
INFO: Instrumenting jedi.inference.flow_analysis
INFO: Instrumenting jedi.inference.recursion
INFO: Instrumenting jedi.inference.names
INFO: Instrumenting jedi.inference.docstrings
INFO: Instrumenting jedi.inference.lazy_value
INFO: Instrumenting jedi.common
INFO: Instrumenting jedi.plugins
INFO: Instrumenting jedi.inference.compiled.access
INFO: Instrumenting jedi.inference.compiled.getattr_static
INFO: Instrumenting jedi.inference.signature
INFO: Instrumenting jedi.inference.context
INFO: Instrumenting jedi.inference.analysis
INFO: Instrumenting jedi.inference.gradual
INFO: Instrumenting jedi.inference.gradual.typeshed
INFO: Instrumenting jedi.inference.gradual.stub_value
INFO: Instrumenting jedi.inference.value
INFO: Instrumenting jedi.inference.value.module
INFO: Instrumenting jedi.inference.value.klass
INFO: Instrumenting jedi.inference.arguments
INFO: Instrumenting jedi.inference.value.iterable
INFO: Instrumenting jedi.inference.value.dynamic_arrays
INFO: Instrumenting jedi.inference.value.function
INFO: Instrumenting jedi.inference.parser_cache
INFO: Instrumenting jedi.inference.gradual.generics
INFO: Instrumenting jedi.inference.value.instance
INFO: Instrumenting jedi.inference.gradual.typing
INFO: Instrumenting jedi.inference.gradual.base
INFO: Instrumenting jedi.inference.gradual.type_var
INFO: Instrumenting jedi.inference.compiled.subprocess
INFO: Instrumenting jedi._compatibility
INFO: Instrumenting jedi.inference.compiled.subprocess.functions
INFO: Instrumenting jedi.api.exceptions
INFO: Instrumenting jedi.inference.syntax_tree
INFO: Instrumenting jedi.inference.gradual.annotation
INFO: Instrumenting jedi.inference.param
INFO: Instrumenting jedi.inference.value.decorator
INFO: Instrumenting jedi.inference.compiled.mixed
INFO: Instrumenting jedi.inference.gradual.conversion
INFO: Instrumenting jedi.api.keywords
INFO: Instrumenting pydoc_data
INFO: Instrumenting pydoc_data.topics
INFO: Instrumenting jedi.api.completion_cache
INFO: Instrumenting jedi.api.helpers
INFO: Instrumenting jedi.api.interpreter
INFO: Instrumenting jedi.api.completion
INFO: Instrumenting jedi.api.strings
INFO: Instrumenting jedi.api.file_name
INFO: Instrumenting jedi.inference.docstring_utils
INFO: Instrumenting jedi.api.environment
INFO: Instrumenting filecmp
INFO: Instrumenting jedi.api.project
INFO: Instrumenting jedi.inference.references
INFO: Instrumenting jedi.api.errors
INFO: Instrumenting jedi.api.refactoring
INFO: Instrumenting jedi.inference.value.namespace
INFO: Instrumenting jedi.api.refactoring.extract
INFO: Instrumenting jedi.inference.gradual.utils
INFO: Instrumenting jedi.plugins.registry
INFO: Instrumenting jedi.plugins.stdlib
INFO: Instrumenting jedi.plugins.flask
INFO: Instrumenting jedi.plugins.pytest
INFO: Instrumenting jedi.plugins.django
INFO: Instrumenting IPython.terminal.ptutils
INFO: Instrumenting IPython.terminal.shortcuts
INFO: Instrumenting IPython.terminal.shortcuts.auto_match
INFO: Instrumenting IPython.terminal.shortcuts.auto_suggest
INFO: Instrumenting IPython.terminal.shortcuts.filters
INFO: Instrumenting concurrent.futures.thread
INFO: Instrumenting IPython.terminal.magics
INFO: Instrumenting IPython.lib.clipboard
INFO: Instrumenting IPython.terminal.pt_inputhooks
INFO: Instrumenting IPython.terminal.prompts
INFO: Instrumenting IPython.terminal.ipapp
INFO: Instrumenting IPython.core.magics
INFO: Instrumenting IPython.core.magics.auto
INFO: Instrumenting IPython.core.magics.basic
INFO: Instrumenting IPython.core.magics.code
INFO: Instrumenting urllib.request
INFO: Instrumenting http
INFO: Instrumenting http.client
INFO: Instrumenting urllib.error
INFO: Instrumenting urllib.response
INFO: Instrumenting IPython.utils.contexts
INFO: Instrumenting IPython.core.magics.config
INFO: Instrumenting IPython.core.magics.display
INFO: Instrumenting IPython.core.magics.execution
INFO: Instrumenting cProfile
INFO: Instrumenting profile
INFO: Instrumenting pstats
INFO: Instrumenting timeit
INFO: Instrumenting IPython.utils.module_paths
INFO: Instrumenting IPython.utils.timing
INFO: Instrumenting IPython.core.magics.ast_mod
INFO: Instrumenting IPython.core.magics.extension
INFO: Instrumenting IPython.core.magics.history
INFO: Instrumenting IPython.core.magics.logging
INFO: Instrumenting IPython.core.magics.namespace
INFO: Instrumenting IPython.core.magics.osm
INFO: Instrumenting IPython.core.magics.packaging
INFO: Instrumenting IPython.core.magics.pylab
INFO: Instrumenting IPython.core.magics.script
INFO: Instrumenting IPython.core.shellapp
INFO: Instrumenting IPython.extensions
INFO: Instrumenting IPython.extensions.storemagic
INFO: Instrumenting IPython.utils.frame
INFO: Using built-in libfuzzer
WARNING: Failed to find function "__sanitizer_acquire_crash_state".
WARNING: Failed to find function "__sanitizer_print_stack_trace".
WARNING: Failed to find function "__sanitizer_set_death_callback".
INFO: Running with entropic power schedule (0xFF, 100).
INFO: Seed: 2698414328
INFO: -max_len is not provided; libFuzzer will not generate inputs larger than 4096 bytes
INFO: A corpus is not provided, starting from an empty corpus
#2	INITED cov: 150 ft: 150 corp: 1/1b exec/s: 0 rss: 84Mb
#4	NEW    cov: 152 ft: 152 corp: 2/3b lim: 4 exec/s: 0 rss: 84Mb L: 2/2 MS: 2 CrossOver-ChangeByte-
#5	NEW    cov: 185 ft: 245 corp: 3/6b lim: 4 exec/s: 0 rss: 84Mb L: 3/3 MS: 1 InsertByte-
#12	NEW    cov: 188 ft: 251 corp: 4/9b lim: 4 exec/s: 0 rss: 84Mb L: 3/3 MS: 2 InsertByte-ChangeBinInt-
#13	NEW    cov: 188 ft: 260 corp: 5/12b lim: 4 exec/s: 0 rss: 84Mb L: 3/3 MS: 1 CrossOver-
#14	NEW    cov: 194 ft: 280 corp: 6/15b lim: 4 exec/s: 0 rss: 84Mb L: 3/3 MS: 1 ChangeBit-
#22	NEW    cov: 194 ft: 282 corp: 7/18b lim: 4 exec/s: 0 rss: 84Mb L: 3/3 MS: 3 CopyPart-EraseBytes-InsertByte-
#36	REDUCE cov: 194 ft: 282 corp: 7/17b lim: 4 exec/s: 0 rss: 84Mb L: 2/3 MS: 4 ChangeBinInt-CrossOver-ChangeByte-ChangeByte-
#37	NEW    cov: 195 ft: 296 corp: 8/20b lim: 4 exec/s: 0 rss: 84Mb L: 3/3 MS: 1 CopyPart-
#41	NEW    cov: 196 ft: 297 corp: 9/24b lim: 4 exec/s: 0 rss: 84Mb L: 4/4 MS: 4 InsertByte-CrossOver-EraseBytes-CopyPart-
#62	NEW    cov: 203 ft: 318 corp: 10/27b lim: 4 exec/s: 0 rss: 84Mb L: 3/4 MS: 1 ChangeByte-
#129	NEW    cov: 206 ft: 332 corp: 11/30b lim: 4 exec/s: 0 rss: 84Mb L: 3/4 MS: 2 InsertByte-ChangeBinInt-
#131	NEW    cov: 213 ft: 339 corp: 12/34b lim: 4 exec/s: 0 rss: 84Mb L: 4/4 MS: 2 ChangeByte-InsertByte-
#157	NEW    cov: 213 ft: 346 corp: 13/37b lim: 4 exec/s: 0 rss: 84Mb L: 3/4 MS: 1 CopyPart-
#165	NEW    cov: 216 ft: 349 corp: 14/40b lim: 4 exec/s: 0 rss: 84Mb L: 3/4 MS: 3 ChangeByte-ChangeBit-ChangeByte-
#175	NEW    cov: 216 ft: 377 corp: 15/44b lim: 4 exec/s: 0 rss: 84Mb L: 4/4 MS: 5 CopyPart-CopyPart-InsertByte-EraseBytes-CrossOver-
#224	NEW    cov: 216 ft: 380 corp: 16/47b lim: 4 exec/s: 0 rss: 84Mb L: 3/4 MS: 4 CopyPart-CopyPart-ShuffleBytes-ChangeBit-
#241	NEW    cov: 216 ft: 381 corp: 17/51b lim: 4 exec/s: 0 rss: 84Mb L: 4/4 MS: 2 ShuffleBytes-InsertByte-
#258	NEW    cov: 216 ft: 385 corp: 18/55b lim: 4 exec/s: 0 rss: 84Mb L: 4/4 MS: 2 ChangeByte-InsertByte-
#335	REDUCE cov: 216 ft: 385 corp: 18/54b lim: 4 exec/s: 0 rss: 84Mb L: 3/4 MS: 2 ShuffleBytes-EraseBytes-
#406	NEW    cov: 218 ft: 387 corp: 19/58b lim: 4 exec/s: 0 rss: 84Mb L: 4/4 MS: 1 ChangeBit-
#421	NEW    cov: 230 ft: 403 corp: 20/61b lim: 4 exec/s: 0 rss: 84Mb L: 3/4 MS: 5 ChangeBit-ShuffleBytes-CrossOver-CopyPart-ChangeBit-
/app/ipython/IPython/core/inputtransformer2.py:608: UserWarning: `make_tokens_by_line` received a list of lines which do not have lineending markers ('\n', '\r', '\r\n', '\x0b', '\x0c'), behavior will be unspecified
  tokens_by_line = make_tokens_by_line(lines)
/app/ipython/IPython/core/inputtransformer2.py:714: UserWarning: `make_tokens_by_line` received a list of lines which do not have lineending markers ('\n', '\r', '\r\n', '\x0b', '\x0c'), behavior will be unspecified
  tokens_by_line = make_tokens_by_line(lines)
#427	NEW    cov: 231 ft: 404 corp: 21/65b lim: 4 exec/s: 0 rss: 84Mb L: 4/4 MS: 1 ChangeBit-
#428	NEW    cov: 233 ft: 406 corp: 22/68b lim: 4 exec/s: 0 rss: 84Mb L: 3/4 MS: 1 CopyPart-
#484	NEW    cov: 233 ft: 418 corp: 23/72b lim: 4 exec/s: 0 rss: 84Mb L: 4/4 MS: 1 InsertByte-
#538	NEW    cov: 233 ft: 419 corp: 24/74b lim: 4 exec/s: 0 rss: 84Mb L: 2/4 MS: 4 ChangeBit-CrossOver-EraseBytes-ChangeBit-
/app/ipython/IPython/core/inputtransformer2.py:608: UserWarning: `make_tokens_by_line` received a list of lines which do not have lineending markers ('\n', '\r', '\r\n', '\x0b', '\x0c'), behavior will be unspecified
  tokens_by_line = make_tokens_by_line(lines)
/app/ipython/IPython/core/inputtransformer2.py:714: UserWarning: `make_tokens_by_line` received a list of lines which do not have lineending markers ('\n', '\r', '\r\n', '\x0b', '\x0c'), behavior will be unspecified
  tokens_by_line = make_tokens_by_line(lines)
/app/ipython/IPython/core/inputtransformer2.py:608: UserWarning: `make_tokens_by_line` received a list of lines which do not have lineending markers ('\n', '\r', '\r\n', '\x0b', '\x0c'), behavior will be unspecified
  tokens_by_line = make_tokens_by_line(lines)
/app/ipython/IPython/core/inputtransformer2.py:714: UserWarning: `make_tokens_by_line` received a list of lines which do not have lineending markers ('\n', '\r', '\r\n', '\x0b', '\x0c'), behavior will be unspecified
  tokens_by_line = make_tokens_by_line(lines)
/app/ipython/IPython/core/inputtransformer2.py:608: UserWarning: `make_tokens_by_line` received a list of lines which do not have lineending markers ('\n', '\r', '\r\n', '\x0b', '\x0c'), behavior will be unspecified
  tokens_by_line = make_tokens_by_line(lines)
/app/ipython/IPython/core/inputtransformer2.py:714: UserWarning: `make_tokens_by_line` received a list of lines which do not have lineending markers ('\n', '\r', '\r\n', '\x0b', '\x0c'), behavior will be unspecified
  tokens_by_line = make_tokens_by_line(lines)
#560	NEW    cov: 234 ft: 420 corp: 25/78b lim: 4 exec/s: 0 rss: 84Mb L: 4/4 MS: 2 InsertByte-ChangeByte-
#566	NEW    cov: 237 ft: 424 corp: 26/81b lim: 4 exec/s: 0 rss: 84Mb L: 3/4 MS: 1 ShuffleBytes-
#607	NEW    cov: 238 ft: 425 corp: 27/83b lim: 4 exec/s: 0 rss: 84Mb L: 2/4 MS: 1 EraseBytes-
#613	NEW    cov: 239 ft: 432 corp: 28/85b lim: 4 exec/s: 0 rss: 84Mb L: 2/4 MS: 1 EraseBytes-
#621	REDUCE cov: 239 ft: 432 corp: 28/84b lim: 4 exec/s: 0 rss: 84Mb L: 2/4 MS: 3 CopyPart-ChangeByte-EraseBytes-
/app/ipython/IPython/core/inputtransformer2.py:608: UserWarning: `make_tokens_by_line` received a list of lines which do not have lineending markers ('\n', '\r', '\r\n', '\x0b', '\x0c'), behavior will be unspecified
  tokens_by_line = make_tokens_by_line(lines)
/app/ipython/IPython/core/inputtransformer2.py:714: UserWarning: `make_tokens_by_line` received a list of lines which do not have lineending markers ('\n', '\r', '\r\n', '\x0b', '\x0c'), behavior will be unspecified
  tokens_by_line = make_tokens_by_line(lines)
#668	NEW    cov: 240 ft: 433 corp: 29/88b lim: 4 exec/s: 0 rss: 84Mb L: 4/4 MS: 2 CopyPart-ChangeBit-
#704	NEW    cov: 241 ft: 434 corp: 30/92b lim: 4 exec/s: 0 rss: 84Mb L: 4/4 MS: 1 CrossOver-
#720	NEW    cov: 243 ft: 436 corp: 31/96b lim: 4 exec/s: 0 rss: 84Mb L: 4/4 MS: 1 CopyPart-
/app/ipython/IPython/core/inputtransformer2.py:608: UserWarning: `make_tokens_by_line` received a list of lines which do not have lineending markers ('\n', '\r', '\r\n', '\x0b', '\x0c'), behavior will be unspecified
  tokens_by_line = make_tokens_by_line(lines)
/app/ipython/IPython/core/inputtransformer2.py:714: UserWarning: `make_tokens_by_line` received a list of lines which do not have lineending markers ('\n', '\r', '\r\n', '\x0b', '\x0c'), behavior will be unspecified
  tokens_by_line = make_tokens_by_line(lines)
#736	NEW    cov: 243 ft: 441 corp: 32/100b lim: 4 exec/s: 0 rss: 84Mb L: 4/4 MS: 1 CopyPart-
#778	REDUCE cov: 243 ft: 442 corp: 33/102b lim: 4 exec/s: 0 rss: 84Mb L: 2/4 MS: 2 ChangeBit-ChangeByte-
#832	REDUCE cov: 243 ft: 442 corp: 33/101b lim: 4 exec/s: 0 rss: 84Mb L: 2/4 MS: 4 ChangeBit-ShuffleBytes-ChangeBit-EraseBytes-
#910	NEW    cov: 243 ft: 443 corp: 34/104b lim: 4 exec/s: 0 rss: 84Mb L: 3/4 MS: 3 ShuffleBytes-InsertByte-CopyPart-
#917	REDUCE cov: 243 ft: 443 corp: 34/103b lim: 4 exec/s: 0 rss: 84Mb L: 2/4 MS: 2 ChangeBinInt-EraseBytes-
#919	NEW    cov: 248 ft: 448 corp: 35/107b lim: 4 exec/s: 0 rss: 84Mb L: 4/4 MS: 2 ChangeBit-CopyPart-
#926	REDUCE cov: 248 ft: 448 corp: 35/106b lim: 4 exec/s: 0 rss: 84Mb L: 3/4 MS: 2 ChangeBinInt-EraseBytes-
/app/ipython/IPython/core/inputtransformer2.py:608: UserWarning: `make_tokens_by_line` received a list of lines which do not have lineending markers ('\n', '\r', '\r\n', '\x0b', '\x0c'), behavior will be unspecified
  tokens_by_line = make_tokens_by_line(lines)
/app/ipython/IPython/core/inputtransformer2.py:714: UserWarning: `make_tokens_by_line` received a list of lines which do not have lineending markers ('\n', '\r', '\r\n', '\x0b', '\x0c'), behavior will be unspecified
  tokens_by_line = make_tokens_by_line(lines)
/app/ipython/IPython/core/inputtransformer2.py:608: UserWarning: `make_tokens_by_line` received a list of lines which do not have lineending markers ('\n', '\r', '\r\n', '\x0b', '\x0c'), behavior will be unspecified
  tokens_by_line = make_tokens_by_line(lines)
/app/ipython/IPython/core/inputtransformer2.py:714: UserWarning: `make_tokens_by_line` received a list of lines which do not have lineending markers ('\n', '\r', '\r\n', '\x0b', '\x0c'), behavior will be unspecified
  tokens_by_line = make_tokens_by_line(lines)
/app/ipython/IPython/core/inputtransformer2.py:608: UserWarning: `make_tokens_by_line` received a list of lines which do not have lineending markers ('\n', '\r', '\r\n', '\x0b', '\x0c'), behavior will be unspecified
  tokens_by_line = make_tokens_by_line(lines)
/app/ipython/IPython/core/inputtransformer2.py:714: UserWarning: `make_tokens_by_line` received a list of lines which do not have lineending markers ('\n', '\r', '\r\n', '\x0b', '\x0c'), behavior will be unspecified
  tokens_by_line = make_tokens_by_line(lines)
#1004	NEW    cov: 248 ft: 449 corp: 36/109b lim: 4 exec/s: 0 rss: 84Mb L: 3/4 MS: 3 ShuffleBytes-EraseBytes-ChangeByte-
#1029	NEW    cov: 248 ft: 453 corp: 37/113b lim: 4 exec/s: 0 rss: 84Mb L: 4/4 MS: 5 ChangeBinInt-ChangeBit-CrossOver-ChangeByte-CopyPart-
/app/ipython/IPython/core/inputtransformer2.py:608: UserWarning: `make_tokens_by_line` received a list of lines which do not have lineending markers ('\n', '\r', '\r\n', '\x0b', '\x0c'), behavior will be unspecified
  tokens_by_line = make_tokens_by_line(lines)
/app/ipython/IPython/core/inputtransformer2.py:714: UserWarning: `make_tokens_by_line` received a list of lines which do not have lineending markers ('\n', '\r', '\r\n', '\x0b', '\x0c'), behavior will be unspecified
  tokens_by_line = make_tokens_by_line(lines)
/app/ipython/IPython/core/inputtransformer2.py:608: UserWarning: `make_tokens_by_line` received a list of lines which do not have lineending markers ('\n', '\r', '\r\n', '\x0b', '\x0c'), behavior will be unspecified
  tokens_by_line = make_tokens_by_line(lines)
/app/ipython/IPython/core/inputtransformer2.py:714: UserWarning: `make_tokens_by_line` received a list of lines which do not have lineending markers ('\n', '\r', '\r\n', '\x0b', '\x0c'), behavior will be unspecified
  tokens_by_line = make_tokens_by_line(lines)
/app/ipython/IPython/core/inputtransformer2.py:608: UserWarning: `make_tokens_by_line` received a list of lines which do not have lineending markers ('\n', '\r', '\r\n', '\x0b', '\x0c'), behavior will be unspecified
  tokens_by_line = make_tokens_by_line(lines)
/app/ipython/IPython/core/inputtransformer2.py:714: UserWarning: `make_tokens_by_line` received a list of lines which do not have lineending markers ('\n', '\r', '\r\n', '\x0b', '\x0c'), behavior will be unspecified
  tokens_by_line = make_tokens_by_line(lines)
/app/ipython/IPython/core/inputtransformer2.py:608: UserWarning: `make_tokens_by_line` received a list of lines which do not have lineending markers ('\n', '\r', '\r\n', '\x0b', '\x0c'), behavior will be unspecified
  tokens_by_line = make_tokens_by_line(lines)
/app/ipython/IPython/core/inputtransformer2.py:714: UserWarning: `make_tokens_by_line` received a list of lines which do not have lineending markers ('\n', '\r', '\r\n', '\x0b', '\x0c'), behavior will be unspecified
  tokens_by_line = make_tokens_by_line(lines)
#1077	NEW    cov: 248 ft: 455 corp: 38/116b lim: 4 exec/s: 0 rss: 84Mb L: 3/4 MS: 3 ShuffleBytes-ChangeBit-ChangeByte-
#1096	NEW    cov: 251 ft: 458 corp: 39/120b lim: 4 exec/s: 0 rss: 84Mb L: 4/4 MS: 4 ChangeBinInt-CrossOver-CopyPart-ChangeBinInt-
#1137	NEW    cov: 255 ft: 503 corp: 40/124b lim: 4 exec/s: 0 rss: 84Mb L: 4/4 MS: 1 CopyPart-
#1144	REDUCE cov: 255 ft: 504 corp: 41/128b lim: 4 exec/s: 0 rss: 84Mb L: 4/4 MS: 2 CrossOver-InsertByte-
#1164	REDUCE cov: 255 ft: 504 corp: 41/127b lim: 4 exec/s: 0 rss: 84Mb L: 3/4 MS: 5 CopyPart-CrossOver-ChangeBinInt-ChangeBit-EraseBytes-
#1181	REDUCE cov: 255 ft: 504 corp: 41/126b lim: 4 exec/s: 0 rss: 84Mb L: 3/4 MS: 2 CopyPart-EraseBytes-
#1183	REDUCE cov: 255 ft: 504 corp: 41/125b lim: 4 exec/s: 0 rss: 84Mb L: 3/4 MS: 2 CrossOver-EraseBytes-
#1213	NEW    cov: 257 ft: 506 corp: 42/128b lim: 4 exec/s: 0 rss: 84Mb L: 3/4 MS: 5 ChangeBit-EraseBytes-EraseBytes-InsertByte-InsertByte-
#1295	NEW    cov: 257 ft: 507 corp: 43/132b lim: 4 exec/s: 0 rss: 84Mb L: 4/4 MS: 2 ChangeBit-CopyPart-
#1355	NEW    cov: 257 ft: 514 corp: 44/136b lim: 4 exec/s: 0 rss: 84Mb L: 4/4 MS: 5 ChangeBit-CopyPart-CrossOver-ChangeBit-CopyPart-
#1379	REDUCE cov: 257 ft: 514 corp: 44/134b lim: 4 exec/s: 0 rss: 84Mb L: 2/4 MS: 4 ChangeBit-CopyPart-EraseBytes-EraseBytes-
/app/ipython/IPython/core/inputtransformer2.py:608: UserWarning: `make_tokens_by_line` received a list of lines which do not have lineending markers ('\n', '\r', '\r\n', '\x0b', '\x0c'), behavior will be unspecified
  tokens_by_line = make_tokens_by_line(lines)
/app/ipython/IPython/core/inputtransformer2.py:714: UserWarning: `make_tokens_by_line` received a list of lines which do not have lineending markers ('\n', '\r', '\r\n', '\x0b', '\x0c'), behavior will be unspecified
  tokens_by_line = make_tokens_by_line(lines)
/app/ipython/IPython/core/inputtransformer2.py:608: UserWarning: `make_tokens_by_line` received a list of lines which do not have lineending markers ('\n', '\r', '\r\n', '\x0b', '\x0c'), behavior will be unspecified
  tokens_by_line = make_tokens_by_line(lines)
/app/ipython/IPython/core/inputtransformer2.py:714: UserWarning: `make_tokens_by_line` received a list of lines which do not have lineending markers ('\n', '\r', '\r\n', '\x0b', '\x0c'), behavior will be unspecified
  tokens_by_line = make_tokens_by_line(lines)
/app/ipython/IPython/core/inputtransformer2.py:608: UserWarning: `make_tokens_by_line` received a list of lines which do not have lineending markers ('\n', '\r', '\r\n', '\x0b', '\x0c'), behavior will be unspecified
  tokens_by_line = make_tokens_by_line(lines)
/app/ipython/IPython/core/inputtransformer2.py:714: UserWarning: `make_tokens_by_line` received a list of lines which do not have lineending markers ('\n', '\r', '\r\n', '\x0b', '\x0c'), behavior will be unspecified
  tokens_by_line = make_tokens_by_line(lines)
/app/ipython/IPython/core/inputtransformer2.py:608: UserWarning: `make_tokens_by_line` received a list of lines which do not have lineending markers ('\n', '\r', '\r\n', '\x0b', '\x0c'), behavior will be unspecified
  tokens_by_line = make_tokens_by_line(lines)
/app/ipython/IPython/core/inputtransformer2.py:714: UserWarning: `make_tokens_by_line` received a list of lines which do not have lineending markers ('\n', '\r', '\r\n', '\x0b', '\x0c'), behavior will be unspecified
  tokens_by_line = make_tokens_by_line(lines)
#1690	NEW    cov: 259 ft: 516 corp: 45/138b lim: 6 exec/s: 0 rss: 84Mb L: 4/4 MS: 1 ChangeByte-
/app/ipython/IPython/core/inputtransformer2.py:608: UserWarning: `make_tokens_by_line` received a list of lines which do not have lineending markers ('\n', '\r', '\r\n', '\x0b', '\x0c'), behavior will be unspecified
  tokens_by_line = make_tokens_by_line(lines)
/app/ipython/IPython/core/inputtransformer2.py:714: UserWarning: `make_tokens_by_line` received a list of lines which do not have lineending markers ('\n', '\r', '\r\n', '\x0b', '\x0c'), behavior will be unspecified
  tokens_by_line = make_tokens_by_line(lines)
/app/ipython/IPython/core/inputtransformer2.py:608: UserWarning: `make_tokens_by_line` received a list of lines which do not have lineending markers ('\n', '\r', '\r\n', '\x0b', '\x0c'), behavior will be unspecified
  tokens_by_line = make_tokens_by_line(lines)
/app/ipython/IPython/core/inputtransformer2.py:714: UserWarning: `make_tokens_by_line` received a list of lines which do not have lineending markers ('\n', '\r', '\r\n', '\x0b', '\x0c'), behavior will be unspecified
  tokens_by_line = make_tokens_by_line(lines)
/app/ipython/IPython/core/inputtransformer2.py:608: UserWarning: `make_tokens_by_line` received a list of lines which do not have lineending markers ('\n', '\r', '\r\n', '\x0b', '\x0c'), behavior will be unspecified
  tokens_by_line = make_tokens_by_line(lines)
/app/ipython/IPython/core/inputtransformer2.py:714: UserWarning: `make_tokens_by_line` received a list of lines which do not have lineending markers ('\n', '\r', '\r\n', '\x0b', '\x0c'), behavior will be unspecified
  tokens_by_line = make_tokens_by_line(lines)
#1773	REDUCE cov: 259 ft: 516 corp: 45/137b lim: 6 exec/s: 0 rss: 84Mb L: 2/4 MS: 3 ShuffleBytes-ChangeByte-EraseBytes-
#1779	REDUCE cov: 259 ft: 517 corp: 46/140b lim: 6 exec/s: 0 rss: 84Mb L: 3/4 MS: 1 ChangeByte-
#1797	NEW    cov: 259 ft: 522 corp: 47/145b lim: 6 exec/s: 0 rss: 84Mb L: 5/5 MS: 3 ShuffleBytes-InsertByte-CrossOver-
/app/ipython/IPython/core/inputtransformer2.py:608: UserWarning: `make_tokens_by_line` received a list of lines which do not have lineending markers ('\n', '\r', '\r\n', '\x0b', '\x0c'), behavior will be unspecified
  tokens_by_line = make_tokens_by_line(lines)
/app/ipython/IPython/core/inputtransformer2.py:714: UserWarning: `make_tokens_by_line` received a list of lines which do not have lineending markers ('\n', '\r', '\r\n', '\x0b', '\x0c'), behavior will be unspecified
  tokens_by_line = make_tokens_by_line(lines)
/app/ipython/IPython/core/inputtransformer2.py:608: UserWarning: `make_tokens_by_line` received a list of lines which do not have lineending markers ('\n', '\r', '\r\n', '\x0b', '\x0c'), behavior will be unspecified
  tokens_by_line = make_tokens_by_line(lines)
/app/ipython/IPython/core/inputtransformer2.py:714: UserWarning: `make_tokens_by_line` received a list of lines which do not have lineending markers ('\n', '\r', '\r\n', '\x0b', '\x0c'), behavior will be unspecified
  tokens_by_line = make_tokens_by_line(lines)
/app/ipython/IPython/core/inputtransformer2.py:608: UserWarning: `make_tokens_by_line` received a list of lines which do not have lineending markers ('\n', '\r', '\r\n', '\x0b', '\x0c'), behavior will be unspecified
  tokens_by_line = make_tokens_by_line(lines)
/app/ipython/IPython/core/inputtransformer2.py:714: UserWarning: `make_tokens_by_line` received a list of lines which do not have lineending markers ('\n', '\r', '\r\n', '\x0b', '\x0c'), behavior will be unspecified
  tokens_by_line = make_tokens_by_line(lines)
#1832	NEW    cov: 259 ft: 523 corp: 48/148b lim: 6 exec/s: 0 rss: 84Mb L: 3/5 MS: 5 EraseBytes-CrossOver-CrossOver-ShuffleBytes-ShuffleBytes-
#1841	NEW    cov: 259 ft: 553 corp: 49/152b lim: 6 exec/s: 0 rss: 84Mb L: 4/5 MS: 4 EraseBytes-CopyPart-ChangeBinInt-CrossOver-
#1912	REDUCE cov: 259 ft: 553 corp: 49/151b lim: 6 exec/s: 0 rss: 84Mb L: 2/5 MS: 1 EraseBytes-
/app/ipython/IPython/core/inputtransformer2.py:608: UserWarning: `make_tokens_by_line` received a list of lines which do not have lineending markers ('\n', '\r', '\r\n', '\x0b', '\x0c'), behavior will be unspecified
  tokens_by_line = make_tokens_by_line(lines)
/app/ipython/IPython/core/inputtransformer2.py:714: UserWarning: `make_tokens_by_line` received a list of lines which do not have lineending markers ('\n', '\r', '\r\n', '\x0b', '\x0c'), behavior will be unspecified
  tokens_by_line = make_tokens_by_line(lines)
/app/ipython/IPython/core/inputtransformer2.py:608: UserWarning: `make_tokens_by_line` received a list of lines which do not have lineending markers ('\n', '\r', '\r\n', '\x0b', '\x0c'), behavior will be unspecified
  tokens_by_line = make_tokens_by_line(lines)
/app/ipython/IPython/core/inputtransformer2.py:714: UserWarning: `make_tokens_by_line` received a list of lines which do not have lineending markers ('\n', '\r', '\r\n', '\x0b', '\x0c'), behavior will be unspecified
  tokens_by_line = make_tokens_by_line(lines)
#1950	NEW    cov: 259 ft: 555 corp: 50/157b lim: 6 exec/s: 0 rss: 84Mb L: 6/6 MS: 3 CrossOver-InsertByte-CopyPart-
#2003	REDUCE cov: 259 ft: 555 corp: 50/156b lim: 6 exec/s: 0 rss: 84Mb L: 2/6 MS: 3 CrossOver-ShuffleBytes-EraseBytes-
#2004	NEW    cov: 259 ft: 557 corp: 51/162b lim: 6 exec/s: 0 rss: 84Mb L: 6/6 MS: 1 InsertByte-
/app/ipython/IPython/core/inputtransformer2.py:608: UserWarning: `make_tokens_by_line` received a list of lines which do not have lineending markers ('\n', '\r', '\r\n', '\x0b', '\x0c'), behavior will be unspecified
  tokens_by_line = make_tokens_by_line(lines)
/app/ipython/IPython/core/inputtransformer2.py:714: UserWarning: `make_tokens_by_line` received a list of lines which do not have lineending markers ('\n', '\r', '\r\n', '\x0b', '\x0c'), behavior will be unspecified
  tokens_by_line = make_tokens_by_line(lines)
#2040	REDUCE cov: 259 ft: 557 corp: 51/161b lim: 6 exec/s: 0 rss: 84Mb L: 2/6 MS: 1 EraseBytes-
/app/ipython/IPython/core/inputtransformer2.py:608: UserWarning: `make_tokens_by_line` received a list of lines which do not have lineending markers ('\n', '\r', '\r\n', '\x0b', '\x0c'), behavior will be unspecified
  tokens_by_line = make_tokens_by_line(lines)
/app/ipython/IPython/core/inputtransformer2.py:714: UserWarning: `make_tokens_by_line` received a list of lines which do not have lineending markers ('\n', '\r', '\r\n', '\x0b', '\x0c'), behavior will be unspecified
  tokens_by_line = make_tokens_by_line(lines)
/app/ipython/IPython/core/inputtransformer2.py:608: UserWarning: `make_tokens_by_line` received a list of lines which do not have lineending markers ('\n', '\r', '\r\n', '\x0b', '\x0c'), behavior will be unspecified
  tokens_by_line = make_tokens_by_line(lines)
/app/ipython/IPython/core/inputtransformer2.py:714: UserWarning: `make_tokens_by_line` received a list of lines which do not have lineending markers ('\n', '\r', '\r\n', '\x0b', '\x0c'), behavior will be unspecified
  tokens_by_line = make_tokens_by_line(lines)
/app/ipython/IPython/core/inputtransformer2.py:608: UserWarning: `make_tokens_by_line` received a list of lines which do not have lineending markers ('\n', '\r', '\r\n', '\x0b', '\x0c'), behavior will be unspecified
  tokens_by_line = make_tokens_by_line(lines)
/app/ipython/IPython/core/inputtransformer2.py:714: UserWarning: `make_tokens_by_line` received a list of lines which do not have lineending markers ('\n', '\r', '\r\n', '\x0b', '\x0c'), behavior will be unspecified
  tokens_by_line = make_tokens_by_line(lines)
/app/ipython/IPython/core/inputtransformer2.py:608: UserWarning: `make_tokens_by_line` received a list of lines which do not have lineending markers ('\n', '\r', '\r\n', '\x0b', '\x0c'), behavior will be unspecified
  tokens_by_line = make_tokens_by_line(lines)
/app/ipython/IPython/core/inputtransformer2.py:714: UserWarning: `make_tokens_by_line` received a list of lines which do not have lineending markers ('\n', '\r', '\r\n', '\x0b', '\x0c'), behavior will be unspecified
  tokens_by_line = make_tokens_by_line(lines)
/app/ipython/IPython/core/inputtransformer2.py:608: UserWarning: `make_tokens_by_line` received a list of lines which do not have lineending markers ('\n', '\r', '\r\n', '\x0b', '\x0c'), behavior will be unspecified
  tokens_by_line = make_tokens_by_line(lines)
/app/ipython/IPython/core/inputtransformer2.py:714: UserWarning: `make_tokens_by_line` received a list of lines which do not have lineending markers ('\n', '\r', '\r\n', '\x0b', '\x0c'), behavior will be unspecified
  tokens_by_line = make_tokens_by_line(lines)
/app/ipython/IPython/core/inputtransformer2.py:608: UserWarning: `make_tokens_by_line` received a list of lines which do not have lineending markers ('\n', '\r', '\r\n', '\x0b', '\x0c'), behavior will be unspecified
  tokens_by_line = make_tokens_by_line(lines)
/app/ipython/IPython/core/inputtransformer2.py:714: UserWarning: `make_tokens_by_line` received a list of lines which do not have lineending markers ('\n', '\r', '\r\n', '\x0b', '\x0c'), behavior will be unspecified
  tokens_by_line = make_tokens_by_line(lines)
/app/ipython/IPython/core/inputtransformer2.py:608: UserWarning: `make_tokens_by_line` received a list of lines which do not have lineending markers ('\n', '\r', '\r\n', '\x0b', '\x0c'), behavior will be unspecified
  tokens_by_line = make_tokens_by_line(lines)
/app/ipython/IPython/core/inputtransformer2.py:714: UserWarning: `make_tokens_by_line` received a list of lines which do not have lineending markers ('\n', '\r', '\r\n', '\x0b', '\x0c'), behavior will be unspecified
  tokens_by_line = make_tokens_by_line(lines)
#2196	REDUCE cov: 259 ft: 559 corp: 52/165b lim: 6 exec/s: 0 rss: 84Mb L: 4/6 MS: 1 CopyPart-
#2242	NEW    cov: 259 ft: 565 corp: 53/171b lim: 6 exec/s: 2242 rss: 84Mb L: 6/6 MS: 1 CopyPart-
#2245	NEW    cov: 259 ft: 569 corp: 54/177b lim: 6 exec/s: 2245 rss: 84Mb L: 6/6 MS: 3 ShuffleBytes-ChangeByte-ShuffleBytes-
#2257	NEW    cov: 259 ft: 570 corp: 55/182b lim: 6 exec/s: 2257 rss: 84Mb L: 5/6 MS: 2 ShuffleBytes-CopyPart-
#2336	NEW    cov: 259 ft: 573 corp: 56/185b lim: 6 exec/s: 2336 rss: 84Mb L: 3/6 MS: 4 CopyPart-EraseBytes-ShuffleBytes-EraseBytes-
#2387	NEW    cov: 259 ft: 578 corp: 57/191b lim: 6 exec/s: 2387 rss: 84Mb L: 6/6 MS: 1 CrossOver-
#2398	NEW    cov: 260 ft: 580 corp: 58/196b lim: 6 exec/s: 2398 rss: 84Mb L: 5/6 MS: 1 CrossOver-
/app/ipython/IPython/core/inputtransformer2.py:608: UserWarning: `make_tokens_by_line` received a list of lines which do not have lineending markers ('\n', '\r', '\r\n', '\x0b', '\x0c'), behavior will be unspecified
  tokens_by_line = make_tokens_by_line(lines)
/app/ipython/IPython/core/inputtransformer2.py:714: UserWarning: `make_tokens_by_line` received a list of lines which do not have lineending markers ('\n', '\r', '\r\n', '\x0b', '\x0c'), behavior will be unspecified
  tokens_by_line = make_tokens_by_line(lines)
/app/ipython/IPython/core/inputtransformer2.py:608: UserWarning: `make_tokens_by_line` received a list of lines which do not have lineending markers ('\n', '\r', '\r\n', '\x0b', '\x0c'), behavior will be unspecified
  tokens_by_line = make_tokens_by_line(lines)
/app/ipython/IPython/core/inputtransformer2.py:714: UserWarning: `make_tokens_by_line` received a list of lines which do not have lineending markers ('\n', '\r', '\r\n', '\x0b', '\x0c'), behavior will be unspecified
  tokens_by_line = make_tokens_by_line(lines)
/app/ipython/IPython/core/inputtransformer2.py:608: UserWarning: `make_tokens_by_line` received a list of lines which do not have lineending markers ('\n', '\r', '\r\n', '\x0b', '\x0c'), behavior will be unspecified
  tokens_by_line = make_tokens_by_line(lines)
/app/ipython/IPython/core/inputtransformer2.py:714: UserWarning: `make_tokens_by_line` received a list of lines which do not have lineending markers ('\n', '\r', '\r\n', '\x0b', '\x0c'), behavior will be unspecified
  tokens_by_line = make_tokens_by_line(lines)
/app/ipython/IPython/core/inputtransformer2.py:608: UserWarning: `make_tokens_by_line` received a list of lines which do not have lineending markers ('\n', '\r', '\r\n', '\x0b', '\x0c'), behavior will be unspecified
  tokens_by_line = make_tokens_by_line(lines)
/app/ipython/IPython/core/inputtransformer2.py:714: UserWarning: `make_tokens_by_line` received a list of lines which do not have lineending markers ('\n', '\r', '\r\n', '\x0b', '\x0c'), behavior will be unspecified
  tokens_by_line = make_tokens_by_line(lines)
/app/ipython/IPython/core/inputtransformer2.py:608: UserWarning: `make_tokens_by_line` received a list of lines which do not have lineending markers ('\n', '\r', '\r\n', '\x0b', '\x0c'), behavior will be unspecified
  tokens_by_line = make_tokens_by_line(lines)
/app/ipython/IPython/core/inputtransformer2.py:714: UserWarning: `make_tokens_by_line` received a list of lines which do not have lineending markers ('\n', '\r', '\r\n', '\x0b', '\x0c'), behavior will be unspecified
  tokens_by_line = make_tokens_by_line(lines)
#2574	NEW    cov: 260 ft: 585 corp: 59/201b lim: 6 exec/s: 2574 rss: 84Mb L: 5/6 MS: 1 CopyPart-
#2620	NEW    cov: 260 ft: 592 corp: 60/207b lim: 6 exec/s: 2620 rss: 84Mb L: 6/6 MS: 1 CrossOver-
/app/ipython/IPython/core/inputtransformer2.py:608: UserWarning: `make_tokens_by_line` received a list of lines which do not have lineending markers ('\n', '\r', '\r\n', '\x0b', '\x0c'), behavior will be unspecified
  tokens_by_line = make_tokens_by_line(lines)
/app/ipython/IPython/core/inputtransformer2.py:714: UserWarning: `make_tokens_by_line` received a list of lines which do not have lineending markers ('\n', '\r', '\r\n', '\x0b', '\x0c'), behavior will be unspecified
  tokens_by_line = make_tokens_by_line(lines)
/app/ipython/IPython/core/inputtransformer2.py:608: UserWarning: `make_tokens_by_line` received a list of lines which do not have lineending markers ('\n', '\r', '\r\n', '\x0b', '\x0c'), behavior will be unspecified
  tokens_by_line = make_tokens_by_line(lines)
/app/ipython/IPython/core/inputtransformer2.py:714: UserWarning: `make_tokens_by_line` received a list of lines which do not have lineending markers ('\n', '\r', '\r\n', '\x0b', '\x0c'), behavior will be unspecified
  tokens_by_line = make_tokens_by_line(lines)
/app/ipython/IPython/core/inputtransformer2.py:608: UserWarning: `make_tokens_by_line` received a list of lines which do not have lineending markers ('\n', '\r', '\r\n', '\x0b', '\x0c'), behavior will be unspecified
  tokens_by_line = make_tokens_by_line(lines)
/app/ipython/IPython/core/inputtransformer2.py:714: UserWarning: `make_tokens_by_line` received a list of lines which do not have lineending markers ('\n', '\r', '\r\n', '\x0b', '\x0c'), behavior will be unspecified
  tokens_by_line = make_tokens_by_line(lines)
#2816	NEW    cov: 260 ft: 594 corp: 61/211b lim: 6 exec/s: 2816 rss: 84Mb L: 4/6 MS: 1 CrossOver-
#2902	NEW    cov: 260 ft: 611 corp: 62/217b lim: 6 exec/s: 2902 rss: 84Mb L: 6/6 MS: 1 CopyPart-
#2965	REDUCE cov: 260 ft: 611 corp: 62/216b lim: 6 exec/s: 2965 rss: 84Mb L: 3/6 MS: 3 ShuffleBytes-ChangeByte-EraseBytes-
/app/ipython/IPython/core/inputtransformer2.py:608: UserWarning: `make_tokens_by_line` received a list of lines which do not have lineending markers ('\n', '\r', '\r\n', '\x0b', '\x0c'), behavior will be unspecified
  tokens_by_line = make_tokens_by_line(lines)
#2981	NEW    cov: 260 ft: 612 corp: 63/222b lim: 6 exec/s: 2981 rss: 84Mb L: 6/6 MS: 1 CrossOver-
#3016	NEW    cov: 260 ft: 615 corp: 64/227b lim: 6 exec/s: 3016 rss: 84Mb L: 5/6 MS: 5 CrossOver-CopyPart-InsertByte-EraseBytes-CrossOver-
#3036	REDUCE cov: 260 ft: 615 corp: 64/226b lim: 6 exec/s: 3036 rss: 84Mb L: 2/6 MS: 5 ShuffleBytes-ChangeByte-CrossOver-ChangeBit-EraseBytes-
#3042	NEW    cov: 260 ft: 617 corp: 65/230b lim: 6 exec/s: 3042 rss: 84Mb L: 4/6 MS: 1 CrossOver-
#3054	NEW    cov: 260 ft: 623 corp: 66/236b lim: 6 exec/s: 3054 rss: 84Mb L: 6/6 MS: 2 CrossOver-CopyPart-
#3084	NEW    cov: 260 ft: 624 corp: 67/242b lim: 6 exec/s: 3084 rss: 84Mb L: 6/6 MS: 5 ChangeBit-CrossOver-CopyPart-CrossOver-ChangeByte-
/app/ipython/IPython/core/inputtransformer2.py:608: UserWarning: `make_tokens_by_line` received a list of lines which do not have lineending markers ('\n', '\r', '\r\n', '\x0b', '\x0c'), behavior will be unspecified
  tokens_by_line = make_tokens_by_line(lines)
/app/ipython/IPython/core/inputtransformer2.py:714: UserWarning: `make_tokens_by_line` received a list of lines which do not have lineending markers ('\n', '\r', '\r\n', '\x0b', '\x0c'), behavior will be unspecified
  tokens_by_line = make_tokens_by_line(lines)
/app/ipython/IPython/core/inputtransformer2.py:608: UserWarning: `make_tokens_by_line` received a list of lines which do not have lineending markers ('\n', '\r', '\r\n', '\x0b', '\x0c'), behavior will be unspecified
  tokens_by_line = make_tokens_by_line(lines)
/app/ipython/IPython/core/inputtransformer2.py:714: UserWarning: `make_tokens_by_line` received a list of lines which do not have lineending markers ('\n', '\r', '\r\n', '\x0b', '\x0c'), behavior will be unspecified
  tokens_by_line = make_tokens_by_line(lines)
/app/ipython/IPython/core/inputtransformer2.py:608: UserWarning: `make_tokens_by_line` received a list of lines which do not have lineending markers ('\n', '\r', '\r\n', '\x0b', '\x0c'), behavior will be unspecified
  tokens_by_line = make_tokens_by_line(lines)
/app/ipython/IPython/core/inputtransformer2.py:714: UserWarning: `make_tokens_by_line` received a list of lines which do not have lineending markers ('\n', '\r', '\r\n', '\x0b', '\x0c'), behavior will be unspecified
  tokens_by_line = make_tokens_by_line(lines)
#3130	NEW    cov: 260 ft: 626 corp: 68/248b lim: 6 exec/s: 3130 rss: 84Mb L: 6/6 MS: 1 CopyPart-
/app/ipython/IPython/core/inputtransformer2.py:608: UserWarning: `make_tokens_by_line` received a list of lines which do not have lineending markers ('\n', '\r', '\r\n', '\x0b', '\x0c'), behavior will be unspecified
  tokens_by_line = make_tokens_by_line(lines)
/app/ipython/IPython/core/inputtransformer2.py:714: UserWarning: `make_tokens_by_line` received a list of lines which do not have lineending markers ('\n', '\r', '\r\n', '\x0b', '\x0c'), behavior will be unspecified
  tokens_by_line = make_tokens_by_line(lines)
#3242	NEW    cov: 260 ft: 627 corp: 69/254b lim: 6 exec/s: 3242 rss: 84Mb L: 6/6 MS: 2 ShuffleBytes-ChangeBinInt-
#3288	NEW    cov: 260 ft: 637 corp: 70/260b lim: 6 exec/s: 3288 rss: 84Mb L: 6/6 MS: 1 CrossOver-
/app/ipython/IPython/core/inputtransformer2.py:608: UserWarning: `make_tokens_by_line` received a list of lines which do not have lineending markers ('\n', '\r', '\r\n', '\x0b', '\x0c'), behavior will be unspecified
  tokens_by_line = make_tokens_by_line(lines)
#3309	REDUCE cov: 260 ft: 637 corp: 70/258b lim: 6 exec/s: 3309 rss: 84Mb L: 4/6 MS: 1 EraseBytes-
#3312	NEW    cov: 260 ft: 639 corp: 71/264b lim: 6 exec/s: 3312 rss: 84Mb L: 6/6 MS: 3 ChangeBit-ChangeBinInt-CrossOver-
/app/ipython/IPython/core/inputtransformer2.py:608: UserWarning: `make_tokens_by_line` received a list of lines which do not have lineending markers ('\n', '\r', '\r\n', '\x0b', '\x0c'), behavior will be unspecified
  tokens_by_line = make_tokens_by_line(lines)
/app/ipython/IPython/core/inputtransformer2.py:714: UserWarning: `make_tokens_by_line` received a list of lines which do not have lineending markers ('\n', '\r', '\r\n', '\x0b', '\x0c'), behavior will be unspecified
  tokens_by_line = make_tokens_by_line(lines)
/app/ipython/IPython/core/inputtransformer2.py:608: UserWarning: `make_tokens_by_line` received a list of lines which do not have lineending markers ('\n', '\r', '\r\n', '\x0b', '\x0c'), behavior will be unspecified
  tokens_by_line = make_tokens_by_line(lines)
/app/ipython/IPython/core/inputtransformer2.py:608: UserWarning: `make_tokens_by_line` received a list of lines which do not have lineending markers ('\n', '\r', '\r\n', '\x0b', '\x0c'), behavior will be unspecified
  tokens_by_line = make_tokens_by_line(lines)
/app/ipython/IPython/core/inputtransformer2.py:608: UserWarning: `make_tokens_by_line` received a list of lines which do not have lineending markers ('\n', '\r', '\r\n', '\x0b', '\x0c'), behavior will be unspecified
  tokens_by_line = make_tokens_by_line(lines)
#3420	REDUCE cov: 260 ft: 639 corp: 71/263b lim: 6 exec/s: 3420 rss: 84Mb L: 3/6 MS: 3 ShuffleBytes-CopyPart-EraseBytes-
#3421	NEW    cov: 263 ft: 642 corp: 72/269b lim: 6 exec/s: 3421 rss: 84Mb L: 6/6 MS: 1 CopyPart-
/app/ipython/IPython/core/inputtransformer2.py:608: UserWarning: `make_tokens_by_line` received a list of lines which do not have lineending markers ('\n', '\r', '\r\n', '\x0b', '\x0c'), behavior will be unspecified
  tokens_by_line = make_tokens_by_line(lines)
/app/ipython/IPython/core/inputtransformer2.py:714: UserWarning: `make_tokens_by_line` received a list of lines which do not have lineending markers ('\n', '\r', '\r\n', '\x0b', '\x0c'), behavior will be unspecified
  tokens_by_line = make_tokens_by_line(lines)
#3492	REDUCE cov: 263 ft: 642 corp: 72/268b lim: 6 exec/s: 3492 rss: 84Mb L: 5/6 MS: 1 EraseBytes-
#3504	NEW    cov: 264 ft: 643 corp: 73/274b lim: 6 exec/s: 3504 rss: 84Mb L: 6/6 MS: 2 CopyPart-CrossOver-
/app/ipython/IPython/core/inputtransformer2.py:608: UserWarning: `make_tokens_by_line` received a list of lines which do not have lineending markers ('\n', '\r', '\r\n', '\x0b', '\x0c'), behavior will be unspecified
  tokens_by_line = make_tokens_by_line(lines)
/app/ipython/IPython/core/inputtransformer2.py:608: UserWarning: `make_tokens_by_line` received a list of lines which do not have lineending markers ('\n', '\r', '\r\n', '\x0b', '\x0c'), behavior will be unspecified
  tokens_by_line = make_tokens_by_line(lines)
/app/ipython/IPython/core/inputtransformer2.py:714: UserWarning: `make_tokens_by_line` received a list of lines which do not have lineending markers ('\n', '\r', '\r\n', '\x0b', '\x0c'), behavior will be unspecified
  tokens_by_line = make_tokens_by_line(lines)
/app/ipython/IPython/core/inputtransformer2.py:608: UserWarning: `make_tokens_by_line` received a list of lines which do not have lineending markers ('\n', '\r', '\r\n', '\x0b', '\x0c'), behavior will be unspecified
  tokens_by_line = make_tokens_by_line(lines)
/app/ipython/IPython/core/inputtransformer2.py:714: UserWarning: `make_tokens_by_line` received a list of lines which do not have lineending markers ('\n', '\r', '\r\n', '\x0b', '\x0c'), behavior will be unspecified
  tokens_by_line = make_tokens_by_line(lines)
#3735	NEW    cov: 264 ft: 644 corp: 74/280b lim: 8 exec/s: 3735 rss: 84Mb L: 6/6 MS: 1 ChangeByte-
#3763	REDUCE cov: 265 ft: 649 corp: 75/286b lim: 8 exec/s: 3763 rss: 84Mb L: 6/6 MS: 3 EraseBytes-ShuffleBytes-InsertRepeatedBytes-
/app/ipython/IPython/core/inputtransformer2.py:608: UserWarning: `make_tokens_by_line` received a list of lines which do not have lineending markers ('\n', '\r', '\r\n', '\x0b', '\x0c'), behavior will be unspecified
  tokens_by_line = make_tokens_by_line(lines)
/app/ipython/IPython/core/inputtransformer2.py:714: UserWarning: `make_tokens_by_line` received a list of lines which do not have lineending markers ('\n', '\r', '\r\n', '\x0b', '\x0c'), behavior will be unspecified
  tokens_by_line = make_tokens_by_line(lines)
/app/ipython/IPython/core/inputtransformer2.py:608: UserWarning: `make_tokens_by_line` received a list of lines which do not have lineending markers ('\n', '\r', '\r\n', '\x0b', '\x0c'), behavior will be unspecified
  tokens_by_line = make_tokens_by_line(lines)
/app/ipython/IPython/core/inputtransformer2.py:714: UserWarning: `make_tokens_by_line` received a list of lines which do not have lineending markers ('\n', '\r', '\r\n', '\x0b', '\x0c'), behavior will be unspecified
  tokens_by_line = make_tokens_by_line(lines)
#3774	NEW    cov: 265 ft: 657 corp: 76/294b lim: 8 exec/s: 3774 rss: 84Mb L: 8/8 MS: 1 CopyPart-
/app/ipython/IPython/core/inputtransformer2.py:608: UserWarning: `make_tokens_by_line` received a list of lines which do not have lineending markers ('\n', '\r', '\r\n', '\x0b', '\x0c'), behavior will be unspecified
  tokens_by_line = make_tokens_by_line(lines)
/app/ipython/IPython/core/inputtransformer2.py:714: UserWarning: `make_tokens_by_line` received a list of lines which do not have lineending markers ('\n', '\r', '\r\n', '\x0b', '\x0c'), behavior will be unspecified
  tokens_by_line = make_tokens_by_line(lines)
/app/ipython/IPython/core/inputtransformer2.py:608: UserWarning: `make_tokens_by_line` received a list of lines which do not have lineending markers ('\n', '\r', '\r\n', '\x0b', '\x0c'), behavior will be unspecified
  tokens_by_line = make_tokens_by_line(lines)
/app/ipython/IPython/core/inputtransformer2.py:714: UserWarning: `make_tokens_by_line` received a list of lines which do not have lineending markers ('\n', '\r', '\r\n', '\x0b', '\x0c'), behavior will be unspecified
  tokens_by_line = make_tokens_by_line(lines)
/app/ipython/IPython/core/inputtransformer2.py:608: UserWarning: `make_tokens_by_line` received a list of lines which do not have lineending markers ('\n', '\r', '\r\n', '\x0b', '\x0c'), behavior will be unspecified
  tokens_by_line = make_tokens_by_line(lines)
/app/ipython/IPython/core/inputtransformer2.py:714: UserWarning: `make_tokens_by_line` received a list of lines which do not have lineending markers ('\n', '\r', '\r\n', '\x0b', '\x0c'), behavior will be unspecified
  tokens_by_line = make_tokens_by_line(lines)
/app/ipython/IPython/core/inputtransformer2.py:608: UserWarning: `make_tokens_by_line` received a list of lines which do not have lineending markers ('\n', '\r', '\r\n', '\x0b', '\x0c'), behavior will be unspecified
  tokens_by_line = make_tokens_by_line(lines)
/app/ipython/IPython/core/inputtransformer2.py:714: UserWarning: `make_tokens_by_line` received a list of lines which do not have lineending markers ('\n', '\r', '\r\n', '\x0b', '\x0c'), behavior will be unspecified
  tokens_by_line = make_tokens_by_line(lines)
/app/ipython/IPython/core/inputtransformer2.py:608: UserWarning: `make_tokens_by_line` received a list of lines which do not have lineending markers ('\n', '\r', '\r\n', '\x0b', '\x0c'), behavior will be unspecified
  tokens_by_line = make_tokens_by_line(lines)
/app/ipython/IPython/core/inputtransformer2.py:714: UserWarning: `make_tokens_by_line` received a list of lines which do not have lineending markers ('\n', '\r', '\r\n', '\x0b', '\x0c'), behavior will be unspecified
  tokens_by_line = make_tokens_by_line(lines)
/app/ipython/IPython/core/inputtransformer2.py:608: UserWarning: `make_tokens_by_line` received a list of lines which do not have lineending markers ('\n', '\r', '\r\n', '\x0b', '\x0c'), behavior will be unspecified
  tokens_by_line = make_tokens_by_line(lines)
/app/ipython/IPython/core/inputtransformer2.py:714: UserWarning: `make_tokens_by_line` received a list of lines which do not have lineending markers ('\n', '\r', '\r\n', '\x0b', '\x0c'), behavior will be unspecified
  tokens_by_line = make_tokens_by_line(lines)
/app/ipython/IPython/core/inputtransformer2.py:608: UserWarning: `make_tokens_by_line` received a list of lines which do not have lineending markers ('\n', '\r', '\r\n', '\x0b', '\x0c'), behavior will be unspecified
  tokens_by_line = make_tokens_by_line(lines)
/app/ipython/IPython/core/inputtransformer2.py:714: UserWarning: `make_tokens_by_line` received a list of lines which do not have lineending markers ('\n', '\r', '\r\n', '\x0b', '\x0c'), behavior will be unspecified
  tokens_by_line = make_tokens_by_line(lines)
/app/ipython/IPython/core/inputtransformer2.py:608: UserWarning: `make_tokens_by_line` received a list of lines which do not have lineending markers ('\n', '\r', '\r\n', '\x0b', '\x0c'), behavior will be unspecified
  tokens_by_line = make_tokens_by_line(lines)
/app/ipython/IPython/core/inputtransformer2.py:714: UserWarning: `make_tokens_by_line` received a list of lines which do not have lineending markers ('\n', '\r', '\r\n', '\x0b', '\x0c'), behavior will be unspecified
  tokens_by_line = make_tokens_by_line(lines)
#4001	NEW    cov: 265 ft: 662 corp: 77/300b lim: 8 exec/s: 4001 rss: 84Mb L: 6/8 MS: 2 ChangeBit-ChangeBit-
#4132	REDUCE cov: 266 ft: 686 corp: 78/302b lim: 8 exec/s: 4132 rss: 84Mb L: 2/8 MS: 1 ChangeBit-
/app/ipython/IPython/core/inputtransformer2.py:608: UserWarning: `make_tokens_by_line` received a list of lines which do not have lineending markers ('\n', '\r', '\r\n', '\x0b', '\x0c'), behavior will be unspecified
  tokens_by_line = make_tokens_by_line(lines)
/app/ipython/IPython/core/inputtransformer2.py:608: UserWarning: `make_tokens_by_line` received a list of lines which do not have lineending markers ('\n', '\r', '\r\n', '\x0b', '\x0c'), behavior will be unspecified
  tokens_by_line = make_tokens_by_line(lines)
/app/ipython/IPython/core/inputtransformer2.py:714: UserWarning: `make_tokens_by_line` received a list of lines which do not have lineending markers ('\n', '\r', '\r\n', '\x0b', '\x0c'), behavior will be unspecified
  tokens_by_line = make_tokens_by_line(lines)
/app/ipython/IPython/core/inputtransformer2.py:608: UserWarning: `make_tokens_by_line` received a list of lines which do not have lineending markers ('\n', '\r', '\r\n', '\x0b', '\x0c'), behavior will be unspecified
  tokens_by_line = make_tokens_by_line(lines)
/app/ipython/IPython/core/inputtransformer2.py:714: UserWarning: `make_tokens_by_line` received a list of lines which do not have lineending markers ('\n', '\r', '\r\n', '\x0b', '\x0c'), behavior will be unspecified
  tokens_by_line = make_tokens_by_line(lines)
/app/ipython/IPython/core/inputtransformer2.py:608: UserWarning: `make_tokens_by_line` received a list of lines which do not have lineending markers ('\n', '\r', '\r\n', '\x0b', '\x0c'), behavior will be unspecified
  tokens_by_line = make_tokens_by_line(lines)
/app/ipython/IPython/core/inputtransformer2.py:714: UserWarning: `make_tokens_by_line` received a list of lines which do not have lineending markers ('\n', '\r', '\r\n', '\x0b', '\x0c'), behavior will be unspecified
  tokens_by_line = make_tokens_by_line(lines)
/app/ipython/IPython/core/inputtransformer2.py:608: UserWarning: `make_tokens_by_line` received a list of lines which do not have lineending markers ('\n', '\r', '\r\n', '\x0b', '\x0c'), behavior will be unspecified
  tokens_by_line = make_tokens_by_line(lines)
/app/ipython/IPython/core/inputtransformer2.py:714: UserWarning: `make_tokens_by_line` received a list of lines which do not have lineending markers ('\n', '\r', '\r\n', '\x0b', '\x0c'), behavior will be unspecified
  tokens_by_line = make_tokens_by_line(lines)
/app/ipython/IPython/core/inputtransformer2.py:608: UserWarning: `make_tokens_by_line` received a list of lines which do not have lineending markers ('\n', '\r', '\r\n', '\x0b', '\x0c'), behavior will be unspecified
  tokens_by_line = make_tokens_by_line(lines)
/app/ipython/IPython/core/inputtransformer2.py:714: UserWarning: `make_tokens_by_line` received a list of lines which do not have lineending markers ('\n', '\r', '\r\n', '\x0b', '\x0c'), behavior will be unspecified
  tokens_by_line = make_tokens_by_line(lines)
/app/ipython/IPython/core/inputtransformer2.py:608: UserWarning: `make_tokens_by_line` received a list of lines which do not have lineending markers ('\n', '\r', '\r\n', '\x0b', '\x0c'), behavior will be unspecified
  tokens_by_line = make_tokens_by_line(lines)
/app/ipython/IPython/core/inputtransformer2.py:714: UserWarning: `make_tokens_by_line` received a list of lines which do not have lineending markers ('\n', '\r', '\r\n', '\x0b', '\x0c'), behavior will be unspecified
  tokens_by_line = make_tokens_by_line(lines)
/app/ipython/IPython/core/inputtransformer2.py:608: UserWarning: `make_tokens_by_line` received a list of lines which do not have lineending markers ('\n', '\r', '\r\n', '\x0b', '\x0c'), behavior will be unspecified
  tokens_by_line = make_tokens_by_line(lines)
/app/ipython/IPython/core/inputtransformer2.py:714: UserWarning: `make_tokens_by_line` received a list of lines which do not have lineending markers ('\n', '\r', '\r\n', '\x0b', '\x0c'), behavior will be unspecified
  tokens_by_line = make_tokens_by_line(lines)
/app/ipython/IPython/core/inputtransformer2.py:608: UserWarning: `make_tokens_by_line` received a list of lines which do not have lineending markers ('\n', '\r', '\r\n', '\x0b', '\x0c'), behavior will be unspecified
  tokens_by_line = make_tokens_by_line(lines)
/app/ipython/IPython/core/inputtransformer2.py:714: UserWarning: `make_tokens_by_line` received a list of lines which do not have lineending markers ('\n', '\r', '\r\n', '\x0b', '\x0c'), behavior will be unspecified
  tokens_by_line = make_tokens_by_line(lines)
/app/ipython/IPython/core/inputtransformer2.py:608: UserWarning: `make_tokens_by_line` received a list of lines which do not have lineending markers ('\n', '\r', '\r\n', '\x0b', '\x0c'), behavior will be unspecified
  tokens_by_line = make_tokens_by_line(lines)
/app/ipython/IPython/core/inputtransformer2.py:714: UserWarning: `make_tokens_by_line` received a list of lines which do not have lineending markers ('\n', '\r', '\r\n', '\x0b', '\x0c'), behavior will be unspecified
  tokens_by_line = make_tokens_by_line(lines)
/app/ipython/IPython/core/inputtransformer2.py:608: UserWarning: `make_tokens_by_line` received a list of lines which do not have lineending markers ('\n', '\r', '\r\n', '\x0b', '\x0c'), behavior will be unspecified
  tokens_by_line = make_tokens_by_line(lines)
/app/ipython/IPython/core/inputtransformer2.py:714: UserWarning: `make_tokens_by_line` received a list of lines which do not have lineending markers ('\n', '\r', '\r\n', '\x0b', '\x0c'), behavior will be unspecified
  tokens_by_line = make_tokens_by_line(lines)
/app/ipython/IPython/core/inputtransformer2.py:608: UserWarning: `make_tokens_by_line` received a list of lines which do not have lineending markers ('\n', '\r', '\r\n', '\x0b', '\x0c'), behavior will be unspecified
  tokens_by_line = make_tokens_by_line(lines)
/app/ipython/IPython/core/inputtransformer2.py:608: UserWarning: `make_tokens_by_line` received a list of lines which do not have lineending markers ('\n', '\r', '\r\n', '\x0b', '\x0c'), behavior will be unspecified
  tokens_by_line = make_tokens_by_line(lines)
/app/ipython/IPython/core/inputtransformer2.py:714: UserWarning: `make_tokens_by_line` received a list of lines which do not have lineending markers ('\n', '\r', '\r\n', '\x0b', '\x0c'), behavior will be unspecified
  tokens_by_line = make_tokens_by_line(lines)
/app/ipython/IPython/core/inputtransformer2.py:608: UserWarning: `make_tokens_by_line` received a list of lines which do not have lineending markers ('\n', '\r', '\r\n', '\x0b', '\x0c'), behavior will be unspecified
  tokens_by_line = make_tokens_by_line(lines)
/app/ipython/IPython/core/inputtransformer2.py:714: UserWarning: `make_tokens_by_line` received a list of lines which do not have lineending markers ('\n', '\r', '\r\n', '\x0b', '\x0c'), behavior will be unspecified
  tokens_by_line = make_tokens_by_line(lines)
#4417	NEW    cov: 268 ft: 704 corp: 79/306b lim: 8 exec/s: 2208 rss: 84Mb L: 4/8 MS: 5 CrossOver-EraseBytes-ShuffleBytes-CrossOver-CrossOver-
#4504	REDUCE cov: 268 ft: 704 corp: 79/305b lim: 8 exec/s: 2252 rss: 84Mb L: 5/8 MS: 2 ChangeByte-EraseBytes-
/app/ipython/IPython/core/inputtransformer2.py:608: UserWarning: `make_tokens_by_line` received a list of lines which do not have lineending markers ('\n', '\r', '\r\n', '\x0b', '\x0c'), behavior will be unspecified
  tokens_by_line = make_tokens_by_line(lines)
/app/ipython/IPython/core/inputtransformer2.py:608: UserWarning: `make_tokens_by_line` received a list of lines which do not have lineending markers ('\n', '\r', '\r\n', '\x0b', '\x0c'), behavior will be unspecified
  tokens_by_line = make_tokens_by_line(lines)
/app/ipython/IPython/core/inputtransformer2.py:608: UserWarning: `make_tokens_by_line` received a list of lines which do not have lineending markers ('\n', '\r', '\r\n', '\x0b', '\x0c'), behavior will be unspecified
  tokens_by_line = make_tokens_by_line(lines)
/app/ipython/IPython/core/inputtransformer2.py:608: UserWarning: `make_tokens_by_line` received a list of lines which do not have lineending markers ('\n', '\r', '\r\n', '\x0b', '\x0c'), behavior will be unspecified
  tokens_by_line = make_tokens_by_line(lines)
/app/ipython/IPython/core/inputtransformer2.py:714: UserWarning: `make_tokens_by_line` received a list of lines which do not have lineending markers ('\n', '\r', '\r\n', '\x0b', '\x0c'), behavior will be unspecified
  tokens_by_line = make_tokens_by_line(lines)
/app/ipython/IPython/core/inputtransformer2.py:608: UserWarning: `make_tokens_by_line` received a list of lines which do not have lineending markers ('\n', '\r', '\r\n', '\x0b', '\x0c'), behavior will be unspecified
  tokens_by_line = make_tokens_by_line(lines)
/app/ipython/IPython/core/inputtransformer2.py:714: UserWarning: `make_tokens_by_line` received a list of lines which do not have lineending markers ('\n', '\r', '\r\n', '\x0b', '\x0c'), behavior will be unspecified
  tokens_by_line = make_tokens_by_line(lines)
/app/ipython/IPython/core/inputtransformer2.py:608: UserWarning: `make_tokens_by_line` received a list of lines which do not have lineending markers ('\n', '\r', '\r\n', '\x0b', '\x0c'), behavior will be unspecified
  tokens_by_line = make_tokens_by_line(lines)
/app/ipython/IPython/core/inputtransformer2.py:714: UserWarning: `make_tokens_by_line` received a list of lines which do not have lineending markers ('\n', '\r', '\r\n', '\x0b', '\x0c'), behavior will be unspecified
  tokens_by_line = make_tokens_by_line(lines)
/app/ipython/IPython/core/inputtransformer2.py:608: UserWarning: `make_tokens_by_line` received a list of lines which do not have lineending markers ('\n', '\r', '\r\n', '\x0b', '\x0c'), behavior will be unspecified
  tokens_by_line = make_tokens_by_line(lines)
/app/ipython/IPython/core/inputtransformer2.py:714: UserWarning: `make_tokens_by_line` received a list of lines which do not have lineending markers ('\n', '\r', '\r\n', '\x0b', '\x0c'), behavior will be unspecified
  tokens_by_line = make_tokens_by_line(lines)
/app/ipython/IPython/core/inputtransformer2.py:608: UserWarning: `make_tokens_by_line` received a list of lines which do not have lineending markers ('\n', '\r', '\r\n', '\x0b', '\x0c'), behavior will be unspecified
  tokens_by_line = make_tokens_by_line(lines)
/app/ipython/IPython/core/inputtransformer2.py:714: UserWarning: `make_tokens_by_line` received a list of lines which do not have lineending markers ('\n', '\r', '\r\n', '\x0b', '\x0c'), behavior will be unspecified
  tokens_by_line = make_tokens_by_line(lines)
#4680	NEW    cov: 268 ft: 724 corp: 80/309b lim: 8 exec/s: 2340 rss: 84Mb L: 4/8 MS: 1 ChangeByte-
/app/ipython/IPython/core/inputtransformer2.py:608: UserWarning: `make_tokens_by_line` received a list of lines which do not have lineending markers ('\n', '\r', '\r\n', '\x0b', '\x0c'), behavior will be unspecified
  tokens_by_line = make_tokens_by_line(lines)
/app/ipython/IPython/core/inputtransformer2.py:608: UserWarning: `make_tokens_by_line` received a list of lines which do not have lineending markers ('\n', '\r', '\r\n', '\x0b', '\x0c'), behavior will be unspecified
  tokens_by_line = make_tokens_by_line(lines)
/app/ipython/IPython/core/inputtransformer2.py:714: UserWarning: `make_tokens_by_line` received a list of lines which do not have lineending markers ('\n', '\r', '\r\n', '\x0b', '\x0c'), behavior will be unspecified
  tokens_by_line = make_tokens_by_line(lines)
#4686	NEW    cov: 268 ft: 736 corp: 81/312b lim: 8 exec/s: 2343 rss: 84Mb L: 3/8 MS: 1 EraseBytes-
/app/ipython/IPython/core/inputtransformer2.py:608: UserWarning: `make_tokens_by_line` received a list of lines which do not have lineending markers ('\n', '\r', '\r\n', '\x0b', '\x0c'), behavior will be unspecified
  tokens_by_line = make_tokens_by_line(lines)
/app/ipython/IPython/core/inputtransformer2.py:714: UserWarning: `make_tokens_by_line` received a list of lines which do not have lineending markers ('\n', '\r', '\r\n', '\x0b', '\x0c'), behavior will be unspecified
  tokens_by_line = make_tokens_by_line(lines)
/app/ipython/IPython/core/inputtransformer2.py:608: UserWarning: `make_tokens_by_line` received a list of lines which do not have lineending markers ('\n', '\r', '\r\n', '\x0b', '\x0c'), behavior will be unspecified
  tokens_by_line = make_tokens_by_line(lines)
#4707	NEW    cov: 268 ft: 779 corp: 82/315b lim: 8 exec/s: 2353 rss: 84Mb L: 3/8 MS: 1 CopyPart-
#4727	NEW    cov: 269 ft: 780 corp: 83/321b lim: 8 exec/s: 2363 rss: 84Mb L: 6/8 MS: 5 EraseBytes-InsertByte-EraseBytes-CrossOver-InsertByte-
#4743	REDUCE cov: 269 ft: 783 corp: 84/329b lim: 8 exec/s: 2371 rss: 84Mb L: 8/8 MS: 1 InsertRepeatedBytes-
#4780	NEW    cov: 269 ft: 784 corp: 85/336b lim: 8 exec/s: 2390 rss: 84Mb L: 7/8 MS: 2 InsertRepeatedBytes-CrossOver-
/app/ipython/IPython/core/inputtransformer2.py:608: UserWarning: `make_tokens_by_line` received a list of lines which do not have lineending markers ('\n', '\r', '\r\n', '\x0b', '\x0c'), behavior will be unspecified
  tokens_by_line = make_tokens_by_line(lines)
/app/ipython/IPython/core/inputtransformer2.py:608: UserWarning: `make_tokens_by_line` received a list of lines which do not have lineending markers ('\n', '\r', '\r\n', '\x0b', '\x0c'), behavior will be unspecified
  tokens_by_line = make_tokens_by_line(lines)
/app/ipython/IPython/core/inputtransformer2.py:608: UserWarning: `make_tokens_by_line` received a list of lines which do not have lineending markers ('\n', '\r', '\r\n', '\x0b', '\x0c'), behavior will be unspecified
  tokens_by_line = make_tokens_by_line(lines)
/app/ipython/IPython/core/inputtransformer2.py:608: UserWarning: `make_tokens_by_line` received a list of lines which do not have lineending markers ('\n', '\r', '\r\n', '\x0b', '\x0c'), behavior will be unspecified
  tokens_by_line = make_tokens_by_line(lines)
#4844	REDUCE cov: 271 ft: 786 corp: 86/343b lim: 8 exec/s: 2422 rss: 84Mb L: 7/8 MS: 4 CopyPart-InsertRepeatedBytes-CopyPart-ChangeByte-
/app/ipython/IPython/core/inputtransformer2.py:608: UserWarning: `make_tokens_by_line` received a list of lines which do not have lineending markers ('\n', '\r', '\r\n', '\x0b', '\x0c'), behavior will be unspecified
  tokens_by_line = make_tokens_by_line(lines)
/app/ipython/IPython/core/inputtransformer2.py:608: UserWarning: `make_tokens_by_line` received a list of lines which do not have lineending markers ('\n', '\r', '\r\n', '\x0b', '\x0c'), behavior will be unspecified
  tokens_by_line = make_tokens_by_line(lines)
/app/ipython/IPython/core/inputtransformer2.py:714: UserWarning: `make_tokens_by_line` received a list of lines which do not have lineending markers ('\n', '\r', '\r\n', '\x0b', '\x0c'), behavior will be unspecified
  tokens_by_line = make_tokens_by_line(lines)
/app/ipython/IPython/core/inputtransformer2.py:608: UserWarning: `make_tokens_by_line` received a list of lines which do not have lineending markers ('\n', '\r', '\r\n', '\x0b', '\x0c'), behavior will be unspecified
  tokens_by_line = make_tokens_by_line(lines)
/app/ipython/IPython/core/inputtransformer2.py:714: UserWarning: `make_tokens_by_line` received a list of lines which do not have lineending markers ('\n', '\r', '\r\n', '\x0b', '\x0c'), behavior will be unspecified
  tokens_by_line = make_tokens_by_line(lines)
/app/ipython/IPython/core/inputtransformer2.py:608: UserWarning: `make_tokens_by_line` received a list of lines which do not have lineending markers ('\n', '\r', '\r\n', '\x0b', '\x0c'), behavior will be unspecified
  tokens_by_line = make_tokens_by_line(lines)
/app/ipython/IPython/core/inputtransformer2.py:714: UserWarning: `make_tokens_by_line` received a list of lines which do not have lineending markers ('\n', '\r', '\r\n', '\x0b', '\x0c'), behavior will be unspecified
  tokens_by_line = make_tokens_by_line(lines)
/app/ipython/IPython/core/inputtransformer2.py:608: UserWarning: `make_tokens_by_line` received a list of lines which do not have lineending markers ('\n', '\r', '\r\n', '\x0b', '\x0c'), behavior will be unspecified
  tokens_by_line = make_tokens_by_line(lines)
/app/ipython/IPython/core/inputtransformer2.py:714: UserWarning: `make_tokens_by_line` received a list of lines which do not have lineending markers ('\n', '\r', '\r\n', '\x0b', '\x0c'), behavior will be unspecified
  tokens_by_line = make_tokens_by_line(lines)
/app/ipython/IPython/core/inputtransformer2.py:608: UserWarning: `make_tokens_by_line` received a list of lines which do not have lineending markers ('\n', '\r', '\r\n', '\x0b', '\x0c'), behavior will be unspecified
  tokens_by_line = make_tokens_by_line(lines)
/app/ipython/IPython/core/inputtransformer2.py:714: UserWarning: `make_tokens_by_line` received a list of lines which do not have lineending markers ('\n', '\r', '\r\n', '\x0b', '\x0c'), behavior will be unspecified
  tokens_by_line = make_tokens_by_line(lines)
/app/ipython/IPython/core/inputtransformer2.py:608: UserWarning: `make_tokens_by_line` received a list of lines which do not have lineending markers ('\n', '\r', '\r\n', '\x0b', '\x0c'), behavior will be unspecified
  tokens_by_line = make_tokens_by_line(lines)
/app/ipython/IPython/core/inputtransformer2.py:714: UserWarning: `make_tokens_by_line` received a list of lines which do not have lineending markers ('\n', '\r', '\r\n', '\x0b', '\x0c'), behavior will be unspecified
  tokens_by_line = make_tokens_by_line(lines)
#5045	NEW    cov: 271 ft: 787 corp: 87/351b lim: 8 exec/s: 2522 rss: 84Mb L: 8/8 MS: 1 ChangeByte-
/app/ipython/IPython/core/inputtransformer2.py:608: UserWarning: `make_tokens_by_line` received a list of lines which do not have lineending markers ('\n', '\r', '\r\n', '\x0b', '\x0c'), behavior will be unspecified
  tokens_by_line = make_tokens_by_line(lines)
/app/ipython/IPython/core/inputtransformer2.py:608: UserWarning: `make_tokens_by_line` received a list of lines which do not have lineending markers ('\n', '\r', '\r\n', '\x0b', '\x0c'), behavior will be unspecified
  tokens_by_line = make_tokens_by_line(lines)
/app/ipython/IPython/core/inputtransformer2.py:714: UserWarning: `make_tokens_by_line` received a list of lines which do not have lineending markers ('\n', '\r', '\r\n', '\x0b', '\x0c'), behavior will be unspecified
  tokens_by_line = make_tokens_by_line(lines)
#5151	REDUCE cov: 271 ft: 787 corp: 87/349b lim: 8 exec/s: 2575 rss: 84Mb L: 5/8 MS: 1 EraseBytes-
#5203	REDUCE cov: 271 ft: 787 corp: 87/347b lim: 8 exec/s: 2601 rss: 84Mb L: 6/8 MS: 2 ChangeBinInt-EraseBytes-
#5273	REDUCE cov: 271 ft: 793 corp: 88/354b lim: 8 exec/s: 2636 rss: 84Mb L: 7/8 MS: 5 CopyPart-ChangeByte-CopyPart-CopyPart-InsertByte-
#5274	NEW    cov: 274 ft: 799 corp: 89/362b lim: 8 exec/s: 2637 rss: 84Mb L: 8/8 MS: 1 CrossOver-
/app/ipython/IPython/core/inputtransformer2.py:608: UserWarning: `make_tokens_by_line` received a list of lines which do not have lineending markers ('\n', '\r', '\r\n', '\x0b', '\x0c'), behavior will be unspecified
  tokens_by_line = make_tokens_by_line(lines)
/app/ipython/IPython/core/inputtransformer2.py:714: UserWarning: `make_tokens_by_line` received a list of lines which do not have lineending markers ('\n', '\r', '\r\n', '\x0b', '\x0c'), behavior will be unspecified
  tokens_by_line = make_tokens_by_line(lines)
/app/ipython/IPython/core/inputtransformer2.py:608: UserWarning: `make_tokens_by_line` received a list of lines which do not have lineending markers ('\n', '\r', '\r\n', '\x0b', '\x0c'), behavior will be unspecified
  tokens_by_line = make_tokens_by_line(lines)
/app/ipython/IPython/core/inputtransformer2.py:714: UserWarning: `make_tokens_by_line` received a list of lines which do not have lineending markers ('\n', '\r', '\r\n', '\x0b', '\x0c'), behavior will be unspecified
  tokens_by_line = make_tokens_by_line(lines)
#5325	NEW    cov: 274 ft: 801 corp: 90/368b lim: 8 exec/s: 2662 rss: 84Mb L: 6/8 MS: 1 CopyPart-
/app/ipython/IPython/core/inputtransformer2.py:608: UserWarning: `make_tokens_by_line` received a list of lines which do not have lineending markers ('\n', '\r', '\r\n', '\x0b', '\x0c'), behavior will be unspecified
  tokens_by_line = make_tokens_by_line(lines)
/app/ipython/IPython/core/inputtransformer2.py:608: UserWarning: `make_tokens_by_line` received a list of lines which do not have lineending markers ('\n', '\r', '\r\n', '\x0b', '\x0c'), behavior will be unspecified
  tokens_by_line = make_tokens_by_line(lines)
/app/ipython/IPython/core/inputtransformer2.py:608: UserWarning: `make_tokens_by_line` received a list of lines which do not have lineending markers ('\n', '\r', '\r\n', '\x0b', '\x0c'), behavior will be unspecified
  tokens_by_line = make_tokens_by_line(lines)
#5382	REDUCE cov: 274 ft: 801 corp: 90/366b lim: 8 exec/s: 2691 rss: 84Mb L: 5/8 MS: 2 ChangeByte-EraseBytes-
/app/ipython/IPython/core/inputtransformer2.py:608: UserWarning: `make_tokens_by_line` received a list of lines which do not have lineending markers ('\n', '\r', '\r\n', '\x0b', '\x0c'), behavior will be unspecified
  tokens_by_line = make_tokens_by_line(lines)
/app/ipython/IPython/core/inputtransformer2.py:714: UserWarning: `make_tokens_by_line` received a list of lines which do not have lineending markers ('\n', '\r', '\r\n', '\x0b', '\x0c'), behavior will be unspecified
  tokens_by_line = make_tokens_by_line(lines)
#5443	REDUCE cov: 274 ft: 801 corp: 90/365b lim: 8 exec/s: 2721 rss: 84Mb L: 4/8 MS: 1 EraseBytes-
#5455	NEW    cov: 274 ft: 802 corp: 91/371b lim: 8 exec/s: 2727 rss: 84Mb L: 6/8 MS: 2 ChangeByte-CrossOver-
/app/ipython/IPython/core/inputtransformer2.py:608: UserWarning: `make_tokens_by_line` received a list of lines which do not have lineending markers ('\n', '\r', '\r\n', '\x0b', '\x0c'), behavior will be unspecified
  tokens_by_line = make_tokens_by_line(lines)
/app/ipython/IPython/core/inputtransformer2.py:714: UserWarning: `make_tokens_by_line` received a list of lines which do not have lineending markers ('\n', '\r', '\r\n', '\x0b', '\x0c'), behavior will be unspecified
  tokens_by_line = make_tokens_by_line(lines)
/app/ipython/IPython/core/inputtransformer2.py:608: UserWarning: `make_tokens_by_line` received a list of lines which do not have lineending markers ('\n', '\r', '\r\n', '\x0b', '\x0c'), behavior will be unspecified
  tokens_by_line = make_tokens_by_line(lines)
/app/ipython/IPython/core/inputtransformer2.py:714: UserWarning: `make_tokens_by_line` received a list of lines which do not have lineending markers ('\n', '\r', '\r\n', '\x0b', '\x0c'), behavior will be unspecified
  tokens_by_line = make_tokens_by_line(lines)
/app/ipython/IPython/core/inputtransformer2.py:608: UserWarning: `make_tokens_by_line` received a list of lines which do not have lineending markers ('\n', '\r', '\r\n', '\x0b', '\x0c'), behavior will be unspecified
  tokens_by_line = make_tokens_by_line(lines)
/app/ipython/IPython/core/inputtransformer2.py:714: UserWarning: `make_tokens_by_line` received a list of lines which do not have lineending markers ('\n', '\r', '\r\n', '\x0b', '\x0c'), behavior will be unspecified
  tokens_by_line = make_tokens_by_line(lines)
#5526	REDUCE cov: 274 ft: 802 corp: 91/370b lim: 8 exec/s: 2763 rss: 84Mb L: 4/8 MS: 1 EraseBytes-
#5542	NEW    cov: 274 ft: 803 corp: 92/374b lim: 8 exec/s: 2771 rss: 84Mb L: 4/8 MS: 1 ChangeBinInt-
/app/ipython/IPython/core/inputtransformer2.py:608: UserWarning: `make_tokens_by_line` received a list of lines which do not have lineending markers ('\n', '\r', '\r\n', '\x0b', '\x0c'), behavior will be unspecified
  tokens_by_line = make_tokens_by_line(lines)
/app/ipython/IPython/core/inputtransformer2.py:714: UserWarning: `make_tokens_by_line` received a list of lines which do not have lineending markers ('\n', '\r', '\r\n', '\x0b', '\x0c'), behavior will be unspecified
  tokens_by_line = make_tokens_by_line(lines)
/app/ipython/IPython/core/inputtransformer2.py:608: UserWarning: `make_tokens_by_line` received a list of lines which do not have lineending markers ('\n', '\r', '\r\n', '\x0b', '\x0c'), behavior will be unspecified
  tokens_by_line = make_tokens_by_line(lines)
/app/ipython/IPython/core/inputtransformer2.py:714: UserWarning: `make_tokens_by_line` received a list of lines which do not have lineending markers ('\n', '\r', '\r\n', '\x0b', '\x0c'), behavior will be unspecified
  tokens_by_line = make_tokens_by_line(lines)
#5554	NEW    cov: 275 ft: 804 corp: 93/380b lim: 8 exec/s: 2777 rss: 84Mb L: 6/8 MS: 2 ChangeBit-ChangeBinInt-
/app/ipython/IPython/core/inputtransformer2.py:608: UserWarning: `make_tokens_by_line` received a list of lines which do not have lineending markers ('\n', '\r', '\r\n', '\x0b', '\x0c'), behavior will be unspecified
  tokens_by_line = make_tokens_by_line(lines)
/app/ipython/IPython/core/inputtransformer2.py:714: UserWarning: `make_tokens_by_line` received a list of lines which do not have lineending markers ('\n', '\r', '\r\n', '\x0b', '\x0c'), behavior will be unspecified
  tokens_by_line = make_tokens_by_line(lines)
/app/ipython/IPython/core/inputtransformer2.py:608: UserWarning: `make_tokens_by_line` received a list of lines which do not have lineending markers ('\n', '\r', '\r\n', '\x0b', '\x0c'), behavior will be unspecified
  tokens_by_line = make_tokens_by_line(lines)
/app/ipython/IPython/core/inputtransformer2.py:714: UserWarning: `make_tokens_by_line` received a list of lines which do not have lineending markers ('\n', '\r', '\r\n', '\x0b', '\x0c'), behavior will be unspecified
  tokens_by_line = make_tokens_by_line(lines)
/app/ipython/IPython/core/inputtransformer2.py:608: UserWarning: `make_tokens_by_line` received a list of lines which do not have lineending markers ('\n', '\r', '\r\n', '\x0b', '\x0c'), behavior will be unspecified
  tokens_by_line = make_tokens_by_line(lines)
/app/ipython/IPython/core/inputtransformer2.py:714: UserWarning: `make_tokens_by_line` received a list of lines which do not have lineending markers ('\n', '\r', '\r\n', '\x0b', '\x0c'), behavior will be unspecified
  tokens_by_line = make_tokens_by_line(lines)
/app/ipython/IPython/core/inputtransformer2.py:608: UserWarning: `make_tokens_by_line` received a list of lines which do not have lineending markers ('\n', '\r', '\r\n', '\x0b', '\x0c'), behavior will be unspecified
  tokens_by_line = make_tokens_by_line(lines)
/app/ipython/IPython/core/inputtransformer2.py:714: UserWarning: `make_tokens_by_line` received a list of lines which do not have lineending markers ('\n', '\r', '\r\n', '\x0b', '\x0c'), behavior will be unspecified
  tokens_by_line = make_tokens_by_line(lines)
/app/ipython/IPython/core/inputtransformer2.py:608: UserWarning: `make_tokens_by_line` received a list of lines which do not have lineending markers ('\n', '\r', '\r\n', '\x0b', '\x0c'), behavior will be unspecified
  tokens_by_line = make_tokens_by_line(lines)
/app/ipython/IPython/core/inputtransformer2.py:714: UserWarning: `make_tokens_by_line` received a list of lines which do not have lineending markers ('\n', '\r', '\r\n', '\x0b', '\x0c'), behavior will be unspecified
  tokens_by_line = make_tokens_by_line(lines)
#5595	NEW    cov: 275 ft: 810 corp: 94/387b lim: 8 exec/s: 2797 rss: 84Mb L: 7/8 MS: 1 CrossOver-
/app/ipython/IPython/core/inputtransformer2.py:608: UserWarning: `make_tokens_by_line` received a list of lines which do not have lineending markers ('\n', '\r', '\r\n', '\x0b', '\x0c'), behavior will be unspecified
  tokens_by_line = make_tokens_by_line(lines)
/app/ipython/IPython/core/inputtransformer2.py:608: UserWarning: `make_tokens_by_line` received a list of lines which do not have lineending markers ('\n', '\r', '\r\n', '\x0b', '\x0c'), behavior will be unspecified
  tokens_by_line = make_tokens_by_line(lines)
/app/ipython/IPython/core/inputtransformer2.py:608: UserWarning: `make_tokens_by_line` received a list of lines which do not have lineending markers ('\n', '\r', '\r\n', '\x0b', '\x0c'), behavior will be unspecified
  tokens_by_line = make_tokens_by_line(lines)
/app/ipython/IPython/core/inputtransformer2.py:714: UserWarning: `make_tokens_by_line` received a list of lines which do not have lineending markers ('\n', '\r', '\r\n', '\x0b', '\x0c'), behavior will be unspecified
  tokens_by_line = make_tokens_by_line(lines)
#5667	NEW    cov: 275 ft: 833 corp: 95/395b lim: 8 exec/s: 2833 rss: 84Mb L: 8/8 MS: 2 ShuffleBytes-CopyPart-
/app/ipython/IPython/core/inputtransformer2.py:608: UserWarning: `make_tokens_by_line` received a list of lines which do not have lineending markers ('\n', '\r', '\r\n', '\x0b', '\x0c'), behavior will be unspecified
  tokens_by_line = make_tokens_by_line(lines)
/app/ipython/IPython/core/inputtransformer2.py:714: UserWarning: `make_tokens_by_line` received a list of lines which do not have lineending markers ('\n', '\r', '\r\n', '\x0b', '\x0c'), behavior will be unspecified
  tokens_by_line = make_tokens_by_line(lines)
/app/ipython/IPython/core/inputtransformer2.py:608: UserWarning: `make_tokens_by_line` received a list of lines which do not have lineending markers ('\n', '\r', '\r\n', '\x0b', '\x0c'), behavior will be unspecified
  tokens_by_line = make_tokens_by_line(lines)
/app/ipython/IPython/core/inputtransformer2.py:714: UserWarning: `make_tokens_by_line` received a list of lines which do not have lineending markers ('\n', '\r', '\r\n', '\x0b', '\x0c'), behavior will be unspecified
  tokens_by_line = make_tokens_by_line(lines)
/app/ipython/IPython/core/inputtransformer2.py:608: UserWarning: `make_tokens_by_line` received a list of lines which do not have lineending markers ('\n', '\r', '\r\n', '\x0b', '\x0c'), behavior will be unspecified
  tokens_by_line = make_tokens_by_line(lines)
/app/ipython/IPython/core/inputtransformer2.py:714: UserWarning: `make_tokens_by_line` received a list of lines which do not have lineending markers ('\n', '\r', '\r\n', '\x0b', '\x0c'), behavior will be unspecified
  tokens_by_line = make_tokens_by_line(lines)
/app/ipython/IPython/core/inputtransformer2.py:608: UserWarning: `make_tokens_by_line` received a list of lines which do not have lineending markers ('\n', '\r', '\r\n', '\x0b', '\x0c'), behavior will be unspecified
  tokens_by_line = make_tokens_by_line(lines)
/app/ipython/IPython/core/inputtransformer2.py:714: UserWarning: `make_tokens_by_line` received a list of lines which do not have lineending markers ('\n', '\r', '\r\n', '\x0b', '\x0c'), behavior will be unspecified
  tokens_by_line = make_tokens_by_line(lines)
/app/ipython/IPython/core/inputtransformer2.py:608: UserWarning: `make_tokens_by_line` received a list of lines which do not have lineending markers ('\n', '\r', '\r\n', '\x0b', '\x0c'), behavior will be unspecified
  tokens_by_line = make_tokens_by_line(lines)
/app/ipython/IPython/core/inputtransformer2.py:714: UserWarning: `make_tokens_by_line` received a list of lines which do not have lineending markers ('\n', '\r', '\r\n', '\x0b', '\x0c'), behavior will be unspecified
  tokens_by_line = make_tokens_by_line(lines)
#5889	REDUCE cov: 275 ft: 833 corp: 95/393b lim: 8 exec/s: 2944 rss: 84Mb L: 2/8 MS: 2 ChangeByte-EraseBytes-
#5906	NEW    cov: 275 ft: 835 corp: 96/401b lim: 8 exec/s: 2953 rss: 84Mb L: 8/8 MS: 2 CrossOver-CopyPart-
/app/ipython/IPython/core/inputtransformer2.py:608: UserWarning: `make_tokens_by_line` received a list of lines which do not have lineending markers ('\n', '\r', '\r\n', '\x0b', '\x0c'), behavior will be unspecified
  tokens_by_line = make_tokens_by_line(lines)
/app/ipython/IPython/core/inputtransformer2.py:714: UserWarning: `make_tokens_by_line` received a list of lines which do not have lineending markers ('\n', '\r', '\r\n', '\x0b', '\x0c'), behavior will be unspecified
  tokens_by_line = make_tokens_by_line(lines)
/app/ipython/IPython/core/inputtransformer2.py:608: UserWarning: `make_tokens_by_line` received a list of lines which do not have lineending markers ('\n', '\r', '\r\n', '\x0b', '\x0c'), behavior will be unspecified
  tokens_by_line = make_tokens_by_line(lines)
/app/ipython/IPython/core/inputtransformer2.py:714: UserWarning: `make_tokens_by_line` received a list of lines which do not have lineending markers ('\n', '\r', '\r\n', '\x0b', '\x0c'), behavior will be unspecified
  tokens_by_line = make_tokens_by_line(lines)
/app/ipython/IPython/core/inputtransformer2.py:608: UserWarning: `make_tokens_by_line` received a list of lines which do not have lineending markers ('\n', '\r', '\r\n', '\x0b', '\x0c'), behavior will be unspecified
  tokens_by_line = make_tokens_by_line(lines)
/app/ipython/IPython/core/inputtransformer2.py:714: UserWarning: `make_tokens_by_line` received a list of lines which do not have lineending markers ('\n', '\r', '\r\n', '\x0b', '\x0c'), behavior will be unspecified
  tokens_by_line = make_tokens_by_line(lines)
/app/ipython/IPython/core/inputtransformer2.py:608: UserWarning: `make_tokens_by_line` received a list of lines which do not have lineending markers ('\n', '\r', '\r\n', '\x0b', '\x0c'), behavior will be unspecified
  tokens_by_line = make_tokens_by_line(lines)
/app/ipython/IPython/core/inputtransformer2.py:714: UserWarning: `make_tokens_by_line` received a list of lines which do not have lineending markers ('\n', '\r', '\r\n', '\x0b', '\x0c'), behavior will be unspecified
  tokens_by_line = make_tokens_by_line(lines)
/app/ipython/IPython/core/inputtransformer2.py:608: UserWarning: `make_tokens_by_line` received a list of lines which do not have lineending markers ('\n', '\r', '\r\n', '\x0b', '\x0c'), behavior will be unspecified
  tokens_by_line = make_tokens_by_line(lines)
/app/ipython/IPython/core/inputtransformer2.py:714: UserWarning: `make_tokens_by_line` received a list of lines which do not have lineending markers ('\n', '\r', '\r\n', '\x0b', '\x0c'), behavior will be unspecified
  tokens_by_line = make_tokens_by_line(lines)
#5945	NEW    cov: 275 ft: 839 corp: 97/409b lim: 8 exec/s: 2972 rss: 84Mb L: 8/8 MS: 4 CrossOver-ShuffleBytes-EraseBytes-CopyPart-
#5963	NEW    cov: 275 ft: 841 corp: 98/417b lim: 8 exec/s: 2981 rss: 84Mb L: 8/8 MS: 3 ChangeBit-CopyPart-CrossOver-
/app/ipython/IPython/core/inputtransformer2.py:608: UserWarning: `make_tokens_by_line` received a list of lines which do not have lineending markers ('\n', '\r', '\r\n', '\x0b', '\x0c'), behavior will be unspecified
  tokens_by_line = make_tokens_by_line(lines)
/app/ipython/IPython/core/inputtransformer2.py:714: UserWarning: `make_tokens_by_line` received a list of lines which do not have lineending markers ('\n', '\r', '\r\n', '\x0b', '\x0c'), behavior will be unspecified
  tokens_by_line = make_tokens_by_line(lines)
/app/ipython/IPython/core/inputtransformer2.py:608: UserWarning: `make_tokens_by_line` received a list of lines which do not have lineending markers ('\n', '\r', '\r\n', '\x0b', '\x0c'), behavior will be unspecified
  tokens_by_line = make_tokens_by_line(lines)
/app/ipython/IPython/core/inputtransformer2.py:714: UserWarning: `make_tokens_by_line` received a list of lines which do not have lineending markers ('\n', '\r', '\r\n', '\x0b', '\x0c'), behavior will be unspecified
  tokens_by_line = make_tokens_by_line(lines)
/app/ipython/IPython/core/inputtransformer2.py:608: UserWarning: `make_tokens_by_line` received a list of lines which do not have lineending markers ('\n', '\r', '\r\n', '\x0b', '\x0c'), behavior will be unspecified
  tokens_by_line = make_tokens_by_line(lines)
/app/ipython/IPython/core/inputtransformer2.py:714: UserWarning: `make_tokens_by_line` received a list of lines which do not have lineending markers ('\n', '\r', '\r\n', '\x0b', '\x0c'), behavior will be unspecified
  tokens_by_line = make_tokens_by_line(lines)
/app/ipython/IPython/core/inputtransformer2.py:608: UserWarning: `make_tokens_by_line` received a list of lines which do not have lineending markers ('\n', '\r', '\r\n', '\x0b', '\x0c'), behavior will be unspecified
  tokens_by_line = make_tokens_by_line(lines)
/app/ipython/IPython/core/inputtransformer2.py:714: UserWarning: `make_tokens_by_line` received a list of lines which do not have lineending markers ('\n', '\r', '\r\n', '\x0b', '\x0c'), behavior will be unspecified
  tokens_by_line = make_tokens_by_line(lines)
/app/ipython/IPython/core/inputtransformer2.py:608: UserWarning: `make_tokens_by_line` received a list of lines which do not have lineending markers ('\n', '\r', '\r\n', '\x0b', '\x0c'), behavior will be unspecified
  tokens_by_line = make_tokens_by_line(lines)
/app/ipython/IPython/core/inputtransformer2.py:714: UserWarning: `make_tokens_by_line` received a list of lines which do not have lineending markers ('\n', '\r', '\r\n', '\x0b', '\x0c'), behavior will be unspecified
  tokens_by_line = make_tokens_by_line(lines)
/app/ipython/IPython/core/inputtransformer2.py:608: UserWarning: `make_tokens_by_line` received a list of lines which do not have lineending markers ('\n', '\r', '\r\n', '\x0b', '\x0c'), behavior will be unspecified
  tokens_by_line = make_tokens_by_line(lines)
/app/ipython/IPython/core/inputtransformer2.py:714: UserWarning: `make_tokens_by_line` received a list of lines which do not have lineending markers ('\n', '\r', '\r\n', '\x0b', '\x0c'), behavior will be unspecified
  tokens_by_line = make_tokens_by_line(lines)
/app/ipython/IPython/core/inputtransformer2.py:608: UserWarning: `make_tokens_by_line` received a list of lines which do not have lineending markers ('\n', '\r', '\r\n', '\x0b', '\x0c'), behavior will be unspecified
  tokens_by_line = make_tokens_by_line(lines)
/app/ipython/IPython/core/inputtransformer2.py:714: UserWarning: `make_tokens_by_line` received a list of lines which do not have lineending markers ('\n', '\r', '\r\n', '\x0b', '\x0c'), behavior will be unspecified
  tokens_by_line = make_tokens_by_line(lines)
/app/ipython/IPython/core/inputtransformer2.py:608: UserWarning: `make_tokens_by_line` received a list of lines which do not have lineending markers ('\n', '\r', '\r\n', '\x0b', '\x0c'), behavior will be unspecified
  tokens_by_line = make_tokens_by_line(lines)
/app/ipython/IPython/core/inputtransformer2.py:714: UserWarning: `make_tokens_by_line` received a list of lines which do not have lineending markers ('\n', '\r', '\r\n', '\x0b', '\x0c'), behavior will be unspecified
  tokens_by_line = make_tokens_by_line(lines)
/app/ipython/IPython/core/inputtransformer2.py:608: UserWarning: `make_tokens_by_line` received a list of lines which do not have lineending markers ('\n', '\r', '\r\n', '\x0b', '\x0c'), behavior will be unspecified
  tokens_by_line = make_tokens_by_line(lines)
/app/ipython/IPython/core/inputtransformer2.py:714: UserWarning: `make_tokens_by_line` received a list of lines which do not have lineending markers ('\n', '\r', '\r\n', '\x0b', '\x0c'), behavior will be unspecified
  tokens_by_line = make_tokens_by_line(lines)
/app/ipython/IPython/core/inputtransformer2.py:608: UserWarning: `make_tokens_by_line` received a list of lines which do not have lineending markers ('\n', '\r', '\r\n', '\x0b', '\x0c'), behavior will be unspecified
  tokens_by_line = make_tokens_by_line(lines)
/app/ipython/IPython/core/inputtransformer2.py:714: UserWarning: `make_tokens_by_line` received a list of lines which do not have lineending markers ('\n', '\r', '\r\n', '\x0b', '\x0c'), behavior will be unspecified
  tokens_by_line = make_tokens_by_line(lines)
/app/ipython/IPython/core/inputtransformer2.py:608: UserWarning: `make_tokens_by_line` received a list of lines which do not have lineending markers ('\n', '\r', '\r\n', '\x0b', '\x0c'), behavior will be unspecified
  tokens_by_line = make_tokens_by_line(lines)
/app/ipython/IPython/core/inputtransformer2.py:714: UserWarning: `make_tokens_by_line` received a list of lines which do not have lineending markers ('\n', '\r', '\r\n', '\x0b', '\x0c'), behavior will be unspecified
  tokens_by_line = make_tokens_by_line(lines)
/app/ipython/IPython/core/inputtransformer2.py:608: UserWarning: `make_tokens_by_line` received a list of lines which do not have lineending markers ('\n', '\r', '\r\n', '\x0b', '\x0c'), behavior will be unspecified
  tokens_by_line = make_tokens_by_line(lines)
/app/ipython/IPython/core/inputtransformer2.py:714: UserWarning: `make_tokens_by_line` received a list of lines which do not have lineending markers ('\n', '\r', '\r\n', '\x0b', '\x0c'), behavior will be unspecified
  tokens_by_line = make_tokens_by_line(lines)
/app/ipython/IPython/core/inputtransformer2.py:608: UserWarning: `make_tokens_by_line` received a list of lines which do not have lineending markers ('\n', '\r', '\r\n', '\x0b', '\x0c'), behavior will be unspecified
  tokens_by_line = make_tokens_by_line(lines)
/app/ipython/IPython/core/inputtransformer2.py:714: UserWarning: `make_tokens_by_line` received a list of lines which do not have lineending markers ('\n', '\r', '\r\n', '\x0b', '\x0c'), behavior will be unspecified
  tokens_by_line = make_tokens_by_line(lines)
/app/ipython/IPython/core/inputtransformer2.py:608: UserWarning: `make_tokens_by_line` received a list of lines which do not have lineending markers ('\n', '\r', '\r\n', '\x0b', '\x0c'), behavior will be unspecified
  tokens_by_line = make_tokens_by_line(lines)
/app/ipython/IPython/core/inputtransformer2.py:714: UserWarning: `make_tokens_by_line` received a list of lines which do not have lineending markers ('\n', '\r', '\r\n', '\x0b', '\x0c'), behavior will be unspecified
  tokens_by_line = make_tokens_by_line(lines)
/app/ipython/IPython/core/inputtransformer2.py:608: UserWarning: `make_tokens_by_line` received a list of lines which do not have lineending markers ('\n', '\r', '\r\n', '\x0b', '\x0c'), behavior will be unspecified
  tokens_by_line = make_tokens_by_line(lines)
/app/ipython/IPython/core/inputtransformer2.py:714: UserWarning: `make_tokens_by_line` received a list of lines which do not have lineending markers ('\n', '\r', '\r\n', '\x0b', '\x0c'), behavior will be unspecified
  tokens_by_line = make_tokens_by_line(lines)
/app/ipython/IPython/core/inputtransformer2.py:608: UserWarning: `make_tokens_by_line` received a list of lines which do not have lineending markers ('\n', '\r', '\r\n', '\x0b', '\x0c'), behavior will be unspecified
  tokens_by_line = make_tokens_by_line(lines)
/app/ipython/IPython/core/inputtransformer2.py:714: UserWarning: `make_tokens_by_line` received a list of lines which do not have lineending markers ('\n', '\r', '\r\n', '\x0b', '\x0c'), behavior will be unspecified
  tokens_by_line = make_tokens_by_line(lines)
/app/ipython/IPython/core/inputtransformer2.py:608: UserWarning: `make_tokens_by_line` received a list of lines which do not have lineending markers ('\n', '\r', '\r\n', '\x0b', '\x0c'), behavior will be unspecified
  tokens_by_line = make_tokens_by_line(lines)
/app/ipython/IPython/core/inputtransformer2.py:714: UserWarning: `make_tokens_by_line` received a list of lines which do not have lineending markers ('\n', '\r', '\r\n', '\x0b', '\x0c'), behavior will be unspecified
  tokens_by_line = make_tokens_by_line(lines)
/app/ipython/IPython/core/inputtransformer2.py:608: UserWarning: `make_tokens_by_line` received a list of lines which do not have lineending markers ('\n', '\r', '\r\n', '\x0b', '\x0c'), behavior will be unspecified
  tokens_by_line = make_tokens_by_line(lines)
/app/ipython/IPython/core/inputtransformer2.py:714: UserWarning: `make_tokens_by_line` received a list of lines which do not have lineending markers ('\n', '\r', '\r\n', '\x0b', '\x0c'), behavior will be unspecified
  tokens_by_line = make_tokens_by_line(lines)
/app/ipython/IPython/core/inputtransformer2.py:608: UserWarning: `make_tokens_by_line` received a list of lines which do not have lineending markers ('\n', '\r', '\r\n', '\x0b', '\x0c'), behavior will be unspecified
  tokens_by_line = make_tokens_by_line(lines)
/app/ipython/IPython/core/inputtransformer2.py:714: UserWarning: `make_tokens_by_line` received a list of lines which do not have lineending markers ('\n', '\r', '\r\n', '\x0b', '\x0c'), behavior will be unspecified
  tokens_by_line = make_tokens_by_line(lines)
/app/ipython/IPython/core/inputtransformer2.py:608: UserWarning: `make_tokens_by_line` received a list of lines which do not have lineending markers ('\n', '\r', '\r\n', '\x0b', '\x0c'), behavior will be unspecified
  tokens_by_line = make_tokens_by_line(lines)
/app/ipython/IPython/core/inputtransformer2.py:714: UserWarning: `make_tokens_by_line` received a list of lines which do not have lineending markers ('\n', '\r', '\r\n', '\x0b', '\x0c'), behavior will be unspecified
  tokens_by_line = make_tokens_by_line(lines)
/app/ipython/IPython/core/inputtransformer2.py:608: UserWarning: `make_tokens_by_line` received a list of lines which do not have lineending markers ('\n', '\r', '\r\n', '\x0b', '\x0c'), behavior will be unspecified
  tokens_by_line = make_tokens_by_line(lines)
/app/ipython/IPython/core/inputtransformer2.py:714: UserWarning: `make_tokens_by_line` received a list of lines which do not have lineending markers ('\n', '\r', '\r\n', '\x0b', '\x0c'), behavior will be unspecified
  tokens_by_line = make_tokens_by_line(lines)
/app/ipython/IPython/core/inputtransformer2.py:608: UserWarning: `make_tokens_by_line` received a list of lines which do not have lineending markers ('\n', '\r', '\r\n', '\x0b', '\x0c'), behavior will be unspecified
  tokens_by_line = make_tokens_by_line(lines)
/app/ipython/IPython/core/inputtransformer2.py:714: UserWarning: `make_tokens_by_line` received a list of lines which do not have lineending markers ('\n', '\r', '\r\n', '\x0b', '\x0c'), behavior will be unspecified
  tokens_by_line = make_tokens_by_line(lines)
/app/ipython/IPython/core/inputtransformer2.py:608: UserWarning: `make_tokens_by_line` received a list of lines which do not have lineending markers ('\n', '\r', '\r\n', '\x0b', '\x0c'), behavior will be unspecified
  tokens_by_line = make_tokens_by_line(lines)
#6189	REDUCE cov: 275 ft: 843 corp: 99/425b lim: 8 exec/s: 3094 rss: 84Mb L: 8/8 MS: 1 CrossOver-
/app/ipython/IPython/core/inputtransformer2.py:608: UserWarning: `make_tokens_by_line` received a list of lines which do not have lineending markers ('\n', '\r', '\r\n', '\x0b', '\x0c'), behavior will be unspecified
  tokens_by_line = make_tokens_by_line(lines)
/app/ipython/IPython/core/inputtransformer2.py:608: UserWarning: `make_tokens_by_line` received a list of lines which do not have lineending markers ('\n', '\r', '\r\n', '\x0b', '\x0c'), behavior will be unspecified
  tokens_by_line = make_tokens_by_line(lines)
/app/ipython/IPython/core/inputtransformer2.py:714: UserWarning: `make_tokens_by_line` received a list of lines which do not have lineending markers ('\n', '\r', '\r\n', '\x0b', '\x0c'), behavior will be unspecified
  tokens_by_line = make_tokens_by_line(lines)
#6235	NEW    cov: 275 ft: 844 corp: 100/433b lim: 8 exec/s: 3117 rss: 84Mb L: 8/8 MS: 1 CopyPart-
#6257	NEW    cov: 275 ft: 856 corp: 101/440b lim: 8 exec/s: 3128 rss: 84Mb L: 7/8 MS: 2 CrossOver-CrossOver-
/app/ipython/IPython/core/inputtransformer2.py:608: UserWarning: `make_tokens_by_line` received a list of lines which do not have lineending markers ('\n', '\r', '\r\n', '\x0b', '\x0c'), behavior will be unspecified
  tokens_by_line = make_tokens_by_line(lines)
/app/ipython/IPython/core/inputtransformer2.py:714: UserWarning: `make_tokens_by_line` received a list of lines which do not have lineending markers ('\n', '\r', '\r\n', '\x0b', '\x0c'), behavior will be unspecified
  tokens_by_line = make_tokens_by_line(lines)
/app/ipython/IPython/core/inputtransformer2.py:608: UserWarning: `make_tokens_by_line` received a list of lines which do not have lineending markers ('\n', '\r', '\r\n', '\x0b', '\x0c'), behavior will be unspecified
  tokens_by_line = make_tokens_by_line(lines)
/app/ipython/IPython/core/inputtransformer2.py:714: UserWarning: `make_tokens_by_line` received a list of lines which do not have lineending markers ('\n', '\r', '\r\n', '\x0b', '\x0c'), behavior will be unspecified
  tokens_by_line = make_tokens_by_line(lines)
/app/ipython/IPython/core/inputtransformer2.py:608: UserWarning: `make_tokens_by_line` received a list of lines which do not have lineending markers ('\n', '\r', '\r\n', '\x0b', '\x0c'), behavior will be unspecified
  tokens_by_line = make_tokens_by_line(lines)
/app/ipython/IPython/core/inputtransformer2.py:714: UserWarning: `make_tokens_by_line` received a list of lines which do not have lineending markers ('\n', '\r', '\r\n', '\x0b', '\x0c'), behavior will be unspecified
  tokens_by_line = make_tokens_by_line(lines)
/app/ipython/IPython/core/inputtransformer2.py:608: UserWarning: `make_tokens_by_line` received a list of lines which do not have lineending markers ('\n', '\r', '\r\n', '\x0b', '\x0c'), behavior will be unspecified
  tokens_by_line = make_tokens_by_line(lines)
/app/ipython/IPython/core/inputtransformer2.py:714: UserWarning: `make_tokens_by_line` received a list of lines which do not have lineending markers ('\n', '\r', '\r\n', '\x0b', '\x0c'), behavior will be unspecified
  tokens_by_line = make_tokens_by_line(lines)
#6320	NEW    cov: 275 ft: 860 corp: 102/447b lim: 8 exec/s: 3160 rss: 84Mb L: 7/8 MS: 3 ShuffleBytes-CopyPart-ChangeBit-
#6332	NEW    cov: 275 ft: 884 corp: 103/455b lim: 8 exec/s: 3166 rss: 84Mb L: 8/8 MS: 2 ChangeByte-ShuffleBytes-
/app/ipython/IPython/core/inputtransformer2.py:608: UserWarning: `make_tokens_by_line` received a list of lines which do not have lineending markers ('\n', '\r', '\r\n', '\x0b', '\x0c'), behavior will be unspecified
  tokens_by_line = make_tokens_by_line(lines)
/app/ipython/IPython/core/inputtransformer2.py:714: UserWarning: `make_tokens_by_line` received a list of lines which do not have lineending markers ('\n', '\r', '\r\n', '\x0b', '\x0c'), behavior will be unspecified
  tokens_by_line = make_tokens_by_line(lines)
/app/ipython/IPython/core/inputtransformer2.py:608: UserWarning: `make_tokens_by_line` received a list of lines which do not have lineending markers ('\n', '\r', '\r\n', '\x0b', '\x0c'), behavior will be unspecified
  tokens_by_line = make_tokens_by_line(lines)
/app/ipython/IPython/core/inputtransformer2.py:714: UserWarning: `make_tokens_by_line` received a list of lines which do not have lineending markers ('\n', '\r', '\r\n', '\x0b', '\x0c'), behavior will be unspecified
  tokens_by_line = make_tokens_by_line(lines)
/app/ipython/IPython/core/inputtransformer2.py:608: UserWarning: `make_tokens_by_line` received a list of lines which do not have lineending markers ('\n', '\r', '\r\n', '\x0b', '\x0c'), behavior will be unspecified
  tokens_by_line = make_tokens_by_line(lines)
/app/ipython/IPython/core/inputtransformer2.py:714: UserWarning: `make_tokens_by_line` received a list of lines which do not have lineending markers ('\n', '\r', '\r\n', '\x0b', '\x0c'), behavior will be unspecified
  tokens_by_line = make_tokens_by_line(lines)
/app/ipython/IPython/core/inputtransformer2.py:608: UserWarning: `make_tokens_by_line` received a list of lines which do not have lineending markers ('\n', '\r', '\r\n', '\x0b', '\x0c'), behavior will be unspecified
  tokens_by_line = make_tokens_by_line(lines)
/app/ipython/IPython/core/inputtransformer2.py:608: UserWarning: `make_tokens_by_line` received a list of lines which do not have lineending markers ('\n', '\r', '\r\n', '\x0b', '\x0c'), behavior will be unspecified
  tokens_by_line = make_tokens_by_line(lines)
/app/ipython/IPython/core/inputtransformer2.py:714: UserWarning: `make_tokens_by_line` received a list of lines which do not have lineending markers ('\n', '\r', '\r\n', '\x0b', '\x0c'), behavior will be unspecified
  tokens_by_line = make_tokens_by_line(lines)
/app/ipython/IPython/core/inputtransformer2.py:608: UserWarning: `make_tokens_by_line` received a list of lines which do not have lineending markers ('\n', '\r', '\r\n', '\x0b', '\x0c'), behavior will be unspecified
  tokens_by_line = make_tokens_by_line(lines)
/app/ipython/IPython/core/inputtransformer2.py:714: UserWarning: `make_tokens_by_line` received a list of lines which do not have lineending markers ('\n', '\r', '\r\n', '\x0b', '\x0c'), behavior will be unspecified
  tokens_by_line = make_tokens_by_line(lines)
/app/ipython/IPython/core/inputtransformer2.py:608: UserWarning: `make_tokens_by_line` received a list of lines which do not have lineending markers ('\n', '\r', '\r\n', '\x0b', '\x0c'), behavior will be unspecified
  tokens_by_line = make_tokens_by_line(lines)
/app/ipython/IPython/core/inputtransformer2.py:714: UserWarning: `make_tokens_by_line` received a list of lines which do not have lineending markers ('\n', '\r', '\r\n', '\x0b', '\x0c'), behavior will be unspecified
  tokens_by_line = make_tokens_by_line(lines)
/app/ipython/IPython/core/inputtransformer2.py:608: UserWarning: `make_tokens_by_line` received a list of lines which do not have lineending markers ('\n', '\r', '\r\n', '\x0b', '\x0c'), behavior will be unspecified
  tokens_by_line = make_tokens_by_line(lines)
/app/ipython/IPython/core/inputtransformer2.py:714: UserWarning: `make_tokens_by_line` received a list of lines which do not have lineending markers ('\n', '\r', '\r\n', '\x0b', '\x0c'), behavior will be unspecified
  tokens_by_line = make_tokens_by_line(lines)
/app/ipython/IPython/core/inputtransformer2.py:608: UserWarning: `make_tokens_by_line` received a list of lines which do not have lineending markers ('\n', '\r', '\r\n', '\x0b', '\x0c'), behavior will be unspecified
  tokens_by_line = make_tokens_by_line(lines)
/app/ipython/IPython/core/inputtransformer2.py:714: UserWarning: `make_tokens_by_line` received a list of lines which do not have lineending markers ('\n', '\r', '\r\n', '\x0b', '\x0c'), behavior will be unspecified
  tokens_by_line = make_tokens_by_line(lines)
/app/ipython/IPython/core/inputtransformer2.py:608: UserWarning: `make_tokens_by_line` received a list of lines which do not have lineending markers ('\n', '\r', '\r\n', '\x0b', '\x0c'), behavior will be unspecified
  tokens_by_line = make_tokens_by_line(lines)
/app/ipython/IPython/core/inputtransformer2.py:714: UserWarning: `make_tokens_by_line` received a list of lines which do not have lineending markers ('\n', '\r', '\r\n', '\x0b', '\x0c'), behavior will be unspecified
  tokens_by_line = make_tokens_by_line(lines)
#6490	REDUCE cov: 275 ft: 884 corp: 103/454b lim: 8 exec/s: 3245 rss: 84Mb L: 7/8 MS: 3 ChangeByte-ChangeByte-EraseBytes-
#6533	NEW    cov: 275 ft: 885 corp: 104/462b lim: 8 exec/s: 3266 rss: 84Mb L: 8/8 MS: 3 CopyPart-CopyPart-CrossOver-
/app/ipython/IPython/core/inputtransformer2.py:608: UserWarning: `make_tokens_by_line` received a list of lines which do not have lineending markers ('\n', '\r', '\r\n', '\x0b', '\x0c'), behavior will be unspecified
  tokens_by_line = make_tokens_by_line(lines)
/app/ipython/IPython/core/inputtransformer2.py:608: UserWarning: `make_tokens_by_line` received a list of lines which do not have lineending markers ('\n', '\r', '\r\n', '\x0b', '\x0c'), behavior will be unspecified
  tokens_by_line = make_tokens_by_line(lines)
#6738	NEW    cov: 275 ft: 887 corp: 105/470b lim: 8 exec/s: 2246 rss: 84Mb L: 8/8 MS: 5 InsertByte-CopyPart-ChangeBit-CrossOver-CopyPart-
#6808	NEW    cov: 275 ft: 890 corp: 106/476b lim: 8 exec/s: 2269 rss: 84Mb L: 6/8 MS: 5 ChangeBit-CopyPart-EraseBytes-ShuffleBytes-CrossOver-
/app/ipython/IPython/core/inputtransformer2.py:608: UserWarning: `make_tokens_by_line` received a list of lines which do not have lineending markers ('\n', '\r', '\r\n', '\x0b', '\x0c'), behavior will be unspecified
  tokens_by_line = make_tokens_by_line(lines)
/app/ipython/IPython/core/inputtransformer2.py:608: UserWarning: `make_tokens_by_line` received a list of lines which do not have lineending markers ('\n', '\r', '\r\n', '\x0b', '\x0c'), behavior will be unspecified
  tokens_by_line = make_tokens_by_line(lines)
/app/ipython/IPython/core/inputtransformer2.py:714: UserWarning: `make_tokens_by_line` received a list of lines which do not have lineending markers ('\n', '\r', '\r\n', '\x0b', '\x0c'), behavior will be unspecified
  tokens_by_line = make_tokens_by_line(lines)
#6884	NEW    cov: 275 ft: 891 corp: 107/484b lim: 8 exec/s: 2294 rss: 84Mb L: 8/8 MS: 1 CopyPart-
/app/ipython/IPython/core/inputtransformer2.py:608: UserWarning: `make_tokens_by_line` received a list of lines which do not have lineending markers ('\n', '\r', '\r\n', '\x0b', '\x0c'), behavior will be unspecified
  tokens_by_line = make_tokens_by_line(lines)
/app/ipython/IPython/core/inputtransformer2.py:608: UserWarning: `make_tokens_by_line` received a list of lines which do not have lineending markers ('\n', '\r', '\r\n', '\x0b', '\x0c'), behavior will be unspecified
  tokens_by_line = make_tokens_by_line(lines)
/app/ipython/IPython/core/inputtransformer2.py:714: UserWarning: `make_tokens_by_line` received a list of lines which do not have lineending markers ('\n', '\r', '\r\n', '\x0b', '\x0c'), behavior will be unspecified
  tokens_by_line = make_tokens_by_line(lines)
/app/ipython/IPython/core/inputtransformer2.py:608: UserWarning: `make_tokens_by_line` received a list of lines which do not have lineending markers ('\n', '\r', '\r\n', '\x0b', '\x0c'), behavior will be unspecified
  tokens_by_line = make_tokens_by_line(lines)
#6930	NEW    cov: 275 ft: 892 corp: 108/492b lim: 8 exec/s: 2310 rss: 84Mb L: 8/8 MS: 1 InsertRepeatedBytes-
#6971	NEW    cov: 275 ft: 893 corp: 109/500b lim: 8 exec/s: 2323 rss: 84Mb L: 8/8 MS: 1 ShuffleBytes-
#6972	NEW    cov: 275 ft: 894 corp: 110/503b lim: 8 exec/s: 2324 rss: 84Mb L: 3/8 MS: 1 InsertByte-
#7038	REDUCE cov: 275 ft: 894 corp: 110/501b lim: 8 exec/s: 2346 rss: 84Mb L: 5/8 MS: 1 EraseBytes-
/app/ipython/IPython/core/inputtransformer2.py:608: UserWarning: `make_tokens_by_line` received a list of lines which do not have lineending markers ('\n', '\r', '\r\n', '\x0b', '\x0c'), behavior will be unspecified
  tokens_by_line = make_tokens_by_line(lines)
/app/ipython/IPython/core/inputtransformer2.py:714: UserWarning: `make_tokens_by_line` received a list of lines which do not have lineending markers ('\n', '\r', '\r\n', '\x0b', '\x0c'), behavior will be unspecified
  tokens_by_line = make_tokens_by_line(lines)
#7059	NEW    cov: 275 ft: 895 corp: 111/507b lim: 8 exec/s: 2353 rss: 84Mb L: 6/8 MS: 1 EraseBytes-
#7096	NEW    cov: 275 ft: 900 corp: 112/515b lim: 8 exec/s: 2365 rss: 84Mb L: 8/8 MS: 2 ChangeByte-ChangeBinInt-
#7214	NEW    cov: 275 ft: 901 corp: 113/523b lim: 8 exec/s: 2404 rss: 84Mb L: 8/8 MS: 3 ShuffleBytes-CopyPart-ChangeByte-
#7231	NEW    cov: 275 ft: 902 corp: 114/530b lim: 8 exec/s: 2410 rss: 84Mb L: 7/8 MS: 2 EraseBytes-CopyPart-
/app/ipython/IPython/core/inputtransformer2.py:608: UserWarning: `make_tokens_by_line` received a list of lines which do not have lineending markers ('\n', '\r', '\r\n', '\x0b', '\x0c'), behavior will be unspecified
  tokens_by_line = make_tokens_by_line(lines)
/app/ipython/IPython/core/inputtransformer2.py:608: UserWarning: `make_tokens_by_line` received a list of lines which do not have lineending markers ('\n', '\r', '\r\n', '\x0b', '\x0c'), behavior will be unspecified
  tokens_by_line = make_tokens_by_line(lines)
/app/ipython/IPython/core/inputtransformer2.py:608: UserWarning: `make_tokens_by_line` received a list of lines which do not have lineending markers ('\n', '\r', '\r\n', '\x0b', '\x0c'), behavior will be unspecified
  tokens_by_line = make_tokens_by_line(lines)
#7288	REDUCE cov: 275 ft: 902 corp: 114/527b lim: 8 exec/s: 2429 rss: 84Mb L: 5/8 MS: 2 CopyPart-EraseBytes-
#7319	NEW    cov: 275 ft: 904 corp: 115/535b lim: 8 exec/s: 2439 rss: 84Mb L: 8/8 MS: 1 CopyPart-
/app/ipython/IPython/core/inputtransformer2.py:608: UserWarning: `make_tokens_by_line` received a list of lines which do not have lineending markers ('\n', '\r', '\r\n', '\x0b', '\x0c'), behavior will be unspecified
  tokens_by_line = make_tokens_by_line(lines)
/app/ipython/IPython/core/inputtransformer2.py:714: UserWarning: `make_tokens_by_line` received a list of lines which do not have lineending markers ('\n', '\r', '\r\n', '\x0b', '\x0c'), behavior will be unspecified
  tokens_by_line = make_tokens_by_line(lines)
/app/ipython/IPython/core/inputtransformer2.py:608: UserWarning: `make_tokens_by_line` received a list of lines which do not have lineending markers ('\n', '\r', '\r\n', '\x0b', '\x0c'), behavior will be unspecified
  tokens_by_line = make_tokens_by_line(lines)
/app/ipython/IPython/core/inputtransformer2.py:714: UserWarning: `make_tokens_by_line` received a list of lines which do not have lineending markers ('\n', '\r', '\r\n', '\x0b', '\x0c'), behavior will be unspecified
  tokens_by_line = make_tokens_by_line(lines)
#7464	NEW    cov: 275 ft: 905 corp: 116/541b lim: 8 exec/s: 2488 rss: 84Mb L: 6/8 MS: 5 ChangeByte-EraseBytes-CrossOver-InsertRepeatedBytes-InsertByte-
#7496	REDUCE cov: 275 ft: 905 corp: 116/540b lim: 8 exec/s: 2498 rss: 84Mb L: 4/8 MS: 2 ShuffleBytes-EraseBytes-
/app/ipython/IPython/core/inputtransformer2.py:608: UserWarning: `make_tokens_by_line` received a list of lines which do not have lineending markers ('\n', '\r', '\r\n', '\x0b', '\x0c'), behavior will be unspecified
  tokens_by_line = make_tokens_by_line(lines)
/app/ipython/IPython/core/inputtransformer2.py:714: UserWarning: `make_tokens_by_line` received a list of lines which do not have lineending markers ('\n', '\r', '\r\n', '\x0b', '\x0c'), behavior will be unspecified
  tokens_by_line = make_tokens_by_line(lines)
#7547	NEW    cov: 275 ft: 906 corp: 117/548b lim: 8 exec/s: 2515 rss: 84Mb L: 8/8 MS: 1 ChangeBit-
#7558	NEW    cov: 275 ft: 907 corp: 118/555b lim: 8 exec/s: 2519 rss: 84Mb L: 7/8 MS: 1 ChangeBinInt-
/app/ipython/IPython/core/inputtransformer2.py:608: UserWarning: `make_tokens_by_line` received a list of lines which do not have lineending markers ('\n', '\r', '\r\n', '\x0b', '\x0c'), behavior will be unspecified
  tokens_by_line = make_tokens_by_line(lines)
/app/ipython/IPython/core/inputtransformer2.py:608: UserWarning: `make_tokens_by_line` received a list of lines which do not have lineending markers ('\n', '\r', '\r\n', '\x0b', '\x0c'), behavior will be unspecified
  tokens_by_line = make_tokens_by_line(lines)
/app/ipython/IPython/core/inputtransformer2.py:714: UserWarning: `make_tokens_by_line` received a list of lines which do not have lineending markers ('\n', '\r', '\r\n', '\x0b', '\x0c'), behavior will be unspecified
  tokens_by_line = make_tokens_by_line(lines)
/app/ipython/IPython/core/inputtransformer2.py:608: UserWarning: `make_tokens_by_line` received a list of lines which do not have lineending markers ('\n', '\r', '\r\n', '\x0b', '\x0c'), behavior will be unspecified
  tokens_by_line = make_tokens_by_line(lines)
/app/ipython/IPython/core/inputtransformer2.py:714: UserWarning: `make_tokens_by_line` received a list of lines which do not have lineending markers ('\n', '\r', '\r\n', '\x0b', '\x0c'), behavior will be unspecified
  tokens_by_line = make_tokens_by_line(lines)
/app/ipython/IPython/core/inputtransformer2.py:608: UserWarning: `make_tokens_by_line` received a list of lines which do not have lineending markers ('\n', '\r', '\r\n', '\x0b', '\x0c'), behavior will be unspecified
  tokens_by_line = make_tokens_by_line(lines)
/app/ipython/IPython/core/inputtransformer2.py:714: UserWarning: `make_tokens_by_line` received a list of lines which do not have lineending markers ('\n', '\r', '\r\n', '\x0b', '\x0c'), behavior will be unspecified
  tokens_by_line = make_tokens_by_line(lines)
/app/ipython/IPython/core/inputtransformer2.py:608: UserWarning: `make_tokens_by_line` received a list of lines which do not have lineending markers ('\n', '\r', '\r\n', '\x0b', '\x0c'), behavior will be unspecified
  tokens_by_line = make_tokens_by_line(lines)
/app/ipython/IPython/core/inputtransformer2.py:714: UserWarning: `make_tokens_by_line` received a list of lines which do not have lineending markers ('\n', '\r', '\r\n', '\x0b', '\x0c'), behavior will be unspecified
  tokens_by_line = make_tokens_by_line(lines)
/app/ipython/IPython/core/inputtransformer2.py:608: UserWarning: `make_tokens_by_line` received a list of lines which do not have lineending markers ('\n', '\r', '\r\n', '\x0b', '\x0c'), behavior will be unspecified
  tokens_by_line = make_tokens_by_line(lines)
/app/ipython/IPython/core/inputtransformer2.py:714: UserWarning: `make_tokens_by_line` received a list of lines which do not have lineending markers ('\n', '\r', '\r\n', '\x0b', '\x0c'), behavior will be unspecified
  tokens_by_line = make_tokens_by_line(lines)
/app/ipython/IPython/core/inputtransformer2.py:608: UserWarning: `make_tokens_by_line` received a list of lines which do not have lineending markers ('\n', '\r', '\r\n', '\x0b', '\x0c'), behavior will be unspecified
  tokens_by_line = make_tokens_by_line(lines)
/app/ipython/IPython/core/inputtransformer2.py:714: UserWarning: `make_tokens_by_line` received a list of lines which do not have lineending markers ('\n', '\r', '\r\n', '\x0b', '\x0c'), behavior will be unspecified
  tokens_by_line = make_tokens_by_line(lines)
/app/ipython/IPython/core/inputtransformer2.py:608: UserWarning: `make_tokens_by_line` received a list of lines which do not have lineending markers ('\n', '\r', '\r\n', '\x0b', '\x0c'), behavior will be unspecified
  tokens_by_line = make_tokens_by_line(lines)
/app/ipython/IPython/core/inputtransformer2.py:714: UserWarning: `make_tokens_by_line` received a list of lines which do not have lineending markers ('\n', '\r', '\r\n', '\x0b', '\x0c'), behavior will be unspecified
  tokens_by_line = make_tokens_by_line(lines)
/app/ipython/IPython/core/inputtransformer2.py:608: UserWarning: `make_tokens_by_line` received a list of lines which do not have lineending markers ('\n', '\r', '\r\n', '\x0b', '\x0c'), behavior will be unspecified
  tokens_by_line = make_tokens_by_line(lines)
/app/ipython/IPython/core/inputtransformer2.py:714: UserWarning: `make_tokens_by_line` received a list of lines which do not have lineending markers ('\n', '\r', '\r\n', '\x0b', '\x0c'), behavior will be unspecified
  tokens_by_line = make_tokens_by_line(lines)
/app/ipython/IPython/core/inputtransformer2.py:608: UserWarning: `make_tokens_by_line` received a list of lines which do not have lineending markers ('\n', '\r', '\r\n', '\x0b', '\x0c'), behavior will be unspecified
  tokens_by_line = make_tokens_by_line(lines)
#7752	NEW    cov: 275 ft: 910 corp: 119/563b lim: 8 exec/s: 2584 rss: 84Mb L: 8/8 MS: 4 ChangeBit-CrossOver-ChangeByte-CopyPart-
/app/ipython/IPython/core/inputtransformer2.py:608: UserWarning: `make_tokens_by_line` received a list of lines which do not have lineending markers ('\n', '\r', '\r\n', '\x0b', '\x0c'), behavior will be unspecified
  tokens_by_line = make_tokens_by_line(lines)
/app/ipython/IPython/core/inputtransformer2.py:608: UserWarning: `make_tokens_by_line` received a list of lines which do not have lineending markers ('\n', '\r', '\r\n', '\x0b', '\x0c'), behavior will be unspecified
  tokens_by_line = make_tokens_by_line(lines)
/app/ipython/IPython/core/inputtransformer2.py:714: UserWarning: `make_tokens_by_line` received a list of lines which do not have lineending markers ('\n', '\r', '\r\n', '\x0b', '\x0c'), behavior will be unspecified
  tokens_by_line = make_tokens_by_line(lines)
/app/ipython/IPython/core/inputtransformer2.py:608: UserWarning: `make_tokens_by_line` received a list of lines which do not have lineending markers ('\n', '\r', '\r\n', '\x0b', '\x0c'), behavior will be unspecified
  tokens_by_line = make_tokens_by_line(lines)
/app/ipython/IPython/core/inputtransformer2.py:714: UserWarning: `make_tokens_by_line` received a list of lines which do not have lineending markers ('\n', '\r', '\r\n', '\x0b', '\x0c'), behavior will be unspecified
  tokens_by_line = make_tokens_by_line(lines)
/app/ipython/IPython/core/inputtransformer2.py:608: UserWarning: `make_tokens_by_line` received a list of lines which do not have lineending markers ('\n', '\r', '\r\n', '\x0b', '\x0c'), behavior will be unspecified
  tokens_by_line = make_tokens_by_line(lines)
/app/ipython/IPython/core/inputtransformer2.py:714: UserWarning: `make_tokens_by_line` received a list of lines which do not have lineending markers ('\n', '\r', '\r\n', '\x0b', '\x0c'), behavior will be unspecified
  tokens_by_line = make_tokens_by_line(lines)
/app/ipython/IPython/core/inputtransformer2.py:608: UserWarning: `make_tokens_by_line` received a list of lines which do not have lineending markers ('\n', '\r', '\r\n', '\x0b', '\x0c'), behavior will be unspecified
  tokens_by_line = make_tokens_by_line(lines)
/app/ipython/IPython/core/inputtransformer2.py:714: UserWarning: `make_tokens_by_line` received a list of lines which do not have lineending markers ('\n', '\r', '\r\n', '\x0b', '\x0c'), behavior will be unspecified
  tokens_by_line = make_tokens_by_line(lines)
/app/ipython/IPython/core/inputtransformer2.py:608: UserWarning: `make_tokens_by_line` received a list of lines which do not have lineending markers ('\n', '\r', '\r\n', '\x0b', '\x0c'), behavior will be unspecified
  tokens_by_line = make_tokens_by_line(lines)
/app/ipython/IPython/core/inputtransformer2.py:714: UserWarning: `make_tokens_by_line` received a list of lines which do not have lineending markers ('\n', '\r', '\r\n', '\x0b', '\x0c'), behavior will be unspecified
  tokens_by_line = make_tokens_by_line(lines)
/app/ipython/IPython/core/inputtransformer2.py:608: UserWarning: `make_tokens_by_line` received a list of lines which do not have lineending markers ('\n', '\r', '\r\n', '\x0b', '\x0c'), behavior will be unspecified
  tokens_by_line = make_tokens_by_line(lines)
/app/ipython/IPython/core/inputtransformer2.py:608: UserWarning: `make_tokens_by_line` received a list of lines which do not have lineending markers ('\n', '\r', '\r\n', '\x0b', '\x0c'), behavior will be unspecified
  tokens_by_line = make_tokens_by_line(lines)
/app/ipython/IPython/core/inputtransformer2.py:608: UserWarning: `make_tokens_by_line` received a list of lines which do not have lineending markers ('\n', '\r', '\r\n', '\x0b', '\x0c'), behavior will be unspecified
  tokens_by_line = make_tokens_by_line(lines)
/app/ipython/IPython/core/inputtransformer2.py:714: UserWarning: `make_tokens_by_line` received a list of lines which do not have lineending markers ('\n', '\r', '\r\n', '\x0b', '\x0c'), behavior will be unspecified
  tokens_by_line = make_tokens_by_line(lines)
/app/ipython/IPython/core/inputtransformer2.py:608: UserWarning: `make_tokens_by_line` received a list of lines which do not have lineending markers ('\n', '\r', '\r\n', '\x0b', '\x0c'), behavior will be unspecified
  tokens_by_line = make_tokens_by_line(lines)
/app/ipython/IPython/core/inputtransformer2.py:714: UserWarning: `make_tokens_by_line` received a list of lines which do not have lineending markers ('\n', '\r', '\r\n', '\x0b', '\x0c'), behavior will be unspecified
  tokens_by_line = make_tokens_by_line(lines)
/app/ipython/IPython/core/inputtransformer2.py:608: UserWarning: `make_tokens_by_line` received a list of lines which do not have lineending markers ('\n', '\r', '\r\n', '\x0b', '\x0c'), behavior will be unspecified
  tokens_by_line = make_tokens_by_line(lines)
/app/ipython/IPython/core/inputtransformer2.py:714: UserWarning: `make_tokens_by_line` received a list of lines which do not have lineending markers ('\n', '\r', '\r\n', '\x0b', '\x0c'), behavior will be unspecified
  tokens_by_line = make_tokens_by_line(lines)
/app/ipython/IPython/core/inputtransformer2.py:608: UserWarning: `make_tokens_by_line` received a list of lines which do not have lineending markers ('\n', '\r', '\r\n', '\x0b', '\x0c'), behavior will be unspecified
  tokens_by_line = make_tokens_by_line(lines)
/app/ipython/IPython/core/inputtransformer2.py:714: UserWarning: `make_tokens_by_line` received a list of lines which do not have lineending markers ('\n', '\r', '\r\n', '\x0b', '\x0c'), behavior will be unspecified
  tokens_by_line = make_tokens_by_line(lines)
/app/ipython/IPython/core/inputtransformer2.py:608: UserWarning: `make_tokens_by_line` received a list of lines which do not have lineending markers ('\n', '\r', '\r\n', '\x0b', '\x0c'), behavior will be unspecified
  tokens_by_line = make_tokens_by_line(lines)
/app/ipython/IPython/core/inputtransformer2.py:714: UserWarning: `make_tokens_by_line` received a list of lines which do not have lineending markers ('\n', '\r', '\r\n', '\x0b', '\x0c'), behavior will be unspecified
  tokens_by_line = make_tokens_by_line(lines)
/app/ipython/IPython/core/inputtransformer2.py:608: UserWarning: `make_tokens_by_line` received a list of lines which do not have lineending markers ('\n', '\r', '\r\n', '\x0b', '\x0c'), behavior will be unspecified
  tokens_by_line = make_tokens_by_line(lines)
/app/ipython/IPython/core/inputtransformer2.py:714: UserWarning: `make_tokens_by_line` received a list of lines which do not have lineending markers ('\n', '\r', '\r\n', '\x0b', '\x0c'), behavior will be unspecified
  tokens_by_line = make_tokens_by_line(lines)
/app/ipython/IPython/core/inputtransformer2.py:608: UserWarning: `make_tokens_by_line` received a list of lines which do not have lineending markers ('\n', '\r', '\r\n', '\x0b', '\x0c'), behavior will be unspecified
  tokens_by_line = make_tokens_by_line(lines)
#7949	REDUCE cov: 275 ft: 910 corp: 119/561b lim: 8 exec/s: 2649 rss: 84Mb L: 6/8 MS: 2 ChangeBit-EraseBytes-
#8047	REDUCE cov: 275 ft: 910 corp: 119/559b lim: 8 exec/s: 2682 rss: 84Mb L: 6/8 MS: 3 CrossOver-ChangeBit-EraseBytes-
/app/ipython/IPython/core/inputtransformer2.py:608: UserWarning: `make_tokens_by_line` received a list of lines which do not have lineending markers ('\n', '\r', '\r\n', '\x0b', '\x0c'), behavior will be unspecified
  tokens_by_line = make_tokens_by_line(lines)
/app/ipython/IPython/core/inputtransformer2.py:714: UserWarning: `make_tokens_by_line` received a list of lines which do not have lineending markers ('\n', '\r', '\r\n', '\x0b', '\x0c'), behavior will be unspecified
  tokens_by_line = make_tokens_by_line(lines)
#8160	NEW    cov: 275 ft: 911 corp: 120/564b lim: 8 exec/s: 2720 rss: 84Mb L: 5/8 MS: 3 CrossOver-ShuffleBytes-CrossOver-
/app/ipython/IPython/core/inputtransformer2.py:608: UserWarning: `make_tokens_by_line` received a list of lines which do not have lineending markers ('\n', '\r', '\r\n', '\x0b', '\x0c'), behavior will be unspecified
  tokens_by_line = make_tokens_by_line(lines)
/app/ipython/IPython/core/inputtransformer2.py:714: UserWarning: `make_tokens_by_line` received a list of lines which do not have lineending markers ('\n', '\r', '\r\n', '\x0b', '\x0c'), behavior will be unspecified
  tokens_by_line = make_tokens_by_line(lines)
/app/ipython/IPython/core/inputtransformer2.py:608: UserWarning: `make_tokens_by_line` received a list of lines which do not have lineending markers ('\n', '\r', '\r\n', '\x0b', '\x0c'), behavior will be unspecified
  tokens_by_line = make_tokens_by_line(lines)
/app/ipython/IPython/core/inputtransformer2.py:714: UserWarning: `make_tokens_by_line` received a list of lines which do not have lineending markers ('\n', '\r', '\r\n', '\x0b', '\x0c'), behavior will be unspecified
  tokens_by_line = make_tokens_by_line(lines)
/app/ipython/IPython/core/inputtransformer2.py:608: UserWarning: `make_tokens_by_line` received a list of lines which do not have lineending markers ('\n', '\r', '\r\n', '\x0b', '\x0c'), behavior will be unspecified
  tokens_by_line = make_tokens_by_line(lines)
/app/ipython/IPython/core/inputtransformer2.py:714: UserWarning: `make_tokens_by_line` received a list of lines which do not have lineending markers ('\n', '\r', '\r\n', '\x0b', '\x0c'), behavior will be unspecified
  tokens_by_line = make_tokens_by_line(lines)
#8192	pulse  cov: 275 ft: 911 corp: 120/564b lim: 8 exec/s: 2730 rss: 84Mb
/app/ipython/IPython/core/inputtransformer2.py:608: UserWarning: `make_tokens_by_line` received a list of lines which do not have lineending markers ('\n', '\r', '\r\n', '\x0b', '\x0c'), behavior will be unspecified
  tokens_by_line = make_tokens_by_line(lines)
/app/ipython/IPython/core/inputtransformer2.py:714: UserWarning: `make_tokens_by_line` received a list of lines which do not have lineending markers ('\n', '\r', '\r\n', '\x0b', '\x0c'), behavior will be unspecified
  tokens_by_line = make_tokens_by_line(lines)
/app/ipython/IPython/core/inputtransformer2.py:608: UserWarning: `make_tokens_by_line` received a list of lines which do not have lineending markers ('\n', '\r', '\r\n', '\x0b', '\x0c'), behavior will be unspecified
  tokens_by_line = make_tokens_by_line(lines)
/app/ipython/IPython/core/inputtransformer2.py:714: UserWarning: `make_tokens_by_line` received a list of lines which do not have lineending markers ('\n', '\r', '\r\n', '\x0b', '\x0c'), behavior will be unspecified
  tokens_by_line = make_tokens_by_line(lines)
/app/ipython/IPython/core/inputtransformer2.py:608: UserWarning: `make_tokens_by_line` received a list of lines which do not have lineending markers ('\n', '\r', '\r\n', '\x0b', '\x0c'), behavior will be unspecified
  tokens_by_line = make_tokens_by_line(lines)
/app/ipython/IPython/core/inputtransformer2.py:714: UserWarning: `make_tokens_by_line` received a list of lines which do not have lineending markers ('\n', '\r', '\r\n', '\x0b', '\x0c'), behavior will be unspecified
  tokens_by_line = make_tokens_by_line(lines)
/app/ipython/IPython/core/inputtransformer2.py:608: UserWarning: `make_tokens_by_line` received a list of lines which do not have lineending markers ('\n', '\r', '\r\n', '\x0b', '\x0c'), behavior will be unspecified
  tokens_by_line = make_tokens_by_line(lines)
/app/ipython/IPython/core/inputtransformer2.py:608: UserWarning: `make_tokens_by_line` received a list of lines which do not have lineending markers ('\n', '\r', '\r\n', '\x0b', '\x0c'), behavior will be unspecified
  tokens_by_line = make_tokens_by_line(lines)
/app/ipython/IPython/core/inputtransformer2.py:714: UserWarning: `make_tokens_by_line` received a list of lines which do not have lineending markers ('\n', '\r', '\r\n', '\x0b', '\x0c'), behavior will be unspecified
  tokens_by_line = make_tokens_by_line(lines)
/app/ipython/IPython/core/inputtransformer2.py:608: UserWarning: `make_tokens_by_line` received a list of lines which do not have lineending markers ('\n', '\r', '\r\n', '\x0b', '\x0c'), behavior will be unspecified
  tokens_by_line = make_tokens_by_line(lines)
/app/ipython/IPython/core/inputtransformer2.py:714: UserWarning: `make_tokens_by_line` received a list of lines which do not have lineending markers ('\n', '\r', '\r\n', '\x0b', '\x0c'), behavior will be unspecified
  tokens_by_line = make_tokens_by_line(lines)
/app/ipython/IPython/core/inputtransformer2.py:608: UserWarning: `make_tokens_by_line` received a list of lines which do not have lineending markers ('\n', '\r', '\r\n', '\x0b', '\x0c'), behavior will be unspecified
  tokens_by_line = make_tokens_by_line(lines)
/app/ipython/IPython/core/inputtransformer2.py:714: UserWarning: `make_tokens_by_line` received a list of lines which do not have lineending markers ('\n', '\r', '\r\n', '\x0b', '\x0c'), behavior will be unspecified
  tokens_by_line = make_tokens_by_line(lines)
/app/ipython/IPython/core/inputtransformer2.py:608: UserWarning: `make_tokens_by_line` received a list of lines which do not have lineending markers ('\n', '\r', '\r\n', '\x0b', '\x0c'), behavior will be unspecified
  tokens_by_line = make_tokens_by_line(lines)
/app/ipython/IPython/core/inputtransformer2.py:608: UserWarning: `make_tokens_by_line` received a list of lines which do not have lineending markers ('\n', '\r', '\r\n', '\x0b', '\x0c'), behavior will be unspecified
  tokens_by_line = make_tokens_by_line(lines)
/app/ipython/IPython/core/inputtransformer2.py:608: UserWarning: `make_tokens_by_line` received a list of lines which do not have lineending markers ('\n', '\r', '\r\n', '\x0b', '\x0c'), behavior will be unspecified
  tokens_by_line = make_tokens_by_line(lines)
/app/ipython/IPython/core/inputtransformer2.py:608: UserWarning: `make_tokens_by_line` received a list of lines which do not have lineending markers ('\n', '\r', '\r\n', '\x0b', '\x0c'), behavior will be unspecified
  tokens_by_line = make_tokens_by_line(lines)
/app/ipython/IPython/core/inputtransformer2.py:714: UserWarning: `make_tokens_by_line` received a list of lines which do not have lineending markers ('\n', '\r', '\r\n', '\x0b', '\x0c'), behavior will be unspecified
  tokens_by_line = make_tokens_by_line(lines)
/app/ipython/IPython/core/inputtransformer2.py:608: UserWarning: `make_tokens_by_line` received a list of lines which do not have lineending markers ('\n', '\r', '\r\n', '\x0b', '\x0c'), behavior will be unspecified
  tokens_by_line = make_tokens_by_line(lines)
/app/ipython/IPython/core/inputtransformer2.py:608: UserWarning: `make_tokens_by_line` received a list of lines which do not have lineending markers ('\n', '\r', '\r\n', '\x0b', '\x0c'), behavior will be unspecified
  tokens_by_line = make_tokens_by_line(lines)
/app/ipython/IPython/core/inputtransformer2.py:714: UserWarning: `make_tokens_by_line` received a list of lines which do not have lineending markers ('\n', '\r', '\r\n', '\x0b', '\x0c'), behavior will be unspecified
  tokens_by_line = make_tokens_by_line(lines)
/app/ipython/IPython/core/inputtransformer2.py:608: UserWarning: `make_tokens_by_line` received a list of lines which do not have lineending markers ('\n', '\r', '\r\n', '\x0b', '\x0c'), behavior will be unspecified
  tokens_by_line = make_tokens_by_line(lines)
/app/ipython/IPython/core/inputtransformer2.py:714: UserWarning: `make_tokens_by_line` received a list of lines which do not have lineending markers ('\n', '\r', '\r\n', '\x0b', '\x0c'), behavior will be unspecified
  tokens_by_line = make_tokens_by_line(lines)
/app/ipython/IPython/core/inputtransformer2.py:608: UserWarning: `make_tokens_by_line` received a list of lines which do not have lineending markers ('\n', '\r', '\r\n', '\x0b', '\x0c'), behavior will be unspecified
  tokens_by_line = make_tokens_by_line(lines)
/app/ipython/IPython/core/inputtransformer2.py:714: UserWarning: `make_tokens_by_line` received a list of lines which do not have lineending markers ('\n', '\r', '\r\n', '\x0b', '\x0c'), behavior will be unspecified
  tokens_by_line = make_tokens_by_line(lines)
/app/ipython/IPython/core/inputtransformer2.py:608: UserWarning: `make_tokens_by_line` received a list of lines which do not have lineending markers ('\n', '\r', '\r\n', '\x0b', '\x0c'), behavior will be unspecified
  tokens_by_line = make_tokens_by_line(lines)
/app/ipython/IPython/core/inputtransformer2.py:714: UserWarning: `make_tokens_by_line` received a list of lines which do not have lineending markers ('\n', '\r', '\r\n', '\x0b', '\x0c'), behavior will be unspecified
  tokens_by_line = make_tokens_by_line(lines)
/app/ipython/IPython/core/inputtransformer2.py:608: UserWarning: `make_tokens_by_line` received a list of lines which do not have lineending markers ('\n', '\r', '\r\n', '\x0b', '\x0c'), behavior will be unspecified
  tokens_by_line = make_tokens_by_line(lines)
/app/ipython/IPython/core/inputtransformer2.py:714: UserWarning: `make_tokens_by_line` received a list of lines which do not have lineending markers ('\n', '\r', '\r\n', '\x0b', '\x0c'), behavior will be unspecified
  tokens_by_line = make_tokens_by_line(lines)
/app/ipython/IPython/core/inputtransformer2.py:608: UserWarning: `make_tokens_by_line` received a list of lines which do not have lineending markers ('\n', '\r', '\r\n', '\x0b', '\x0c'), behavior will be unspecified
  tokens_by_line = make_tokens_by_line(lines)
/app/ipython/IPython/core/inputtransformer2.py:714: UserWarning: `make_tokens_by_line` received a list of lines which do not have lineending markers ('\n', '\r', '\r\n', '\x0b', '\x0c'), behavior will be unspecified
  tokens_by_line = make_tokens_by_line(lines)
/app/ipython/IPython/core/inputtransformer2.py:608: UserWarning: `make_tokens_by_line` received a list of lines which do not have lineending markers ('\n', '\r', '\r\n', '\x0b', '\x0c'), behavior will be unspecified
  tokens_by_line = make_tokens_by_line(lines)
/app/ipython/IPython/core/inputtransformer2.py:714: UserWarning: `make_tokens_by_line` received a list of lines which do not have lineending markers ('\n', '\r', '\r\n', '\x0b', '\x0c'), behavior will be unspecified
  tokens_by_line = make_tokens_by_line(lines)
#8692	NEW    cov: 275 ft: 912 corp: 121/568b lim: 11 exec/s: 2173 rss: 84Mb L: 4/8 MS: 2 ChangeByte-ChangeByte-
#8708	NEW    cov: 275 ft: 914 corp: 122/578b lim: 11 exec/s: 2177 rss: 84Mb L: 10/10 MS: 1 CopyPart-
#8732	NEW    cov: 275 ft: 915 corp: 123/587b lim: 11 exec/s: 2183 rss: 84Mb L: 9/10 MS: 4 CMP-CrossOver-ShuffleBytes-CrossOver- DE: "\377\377\377\377"-
/app/ipython/IPython/core/inputtransformer2.py:608: UserWarning: `make_tokens_by_line` received a list of lines which do not have lineending markers ('\n', '\r', '\r\n', '\x0b', '\x0c'), behavior will be unspecified
  tokens_by_line = make_tokens_by_line(lines)
/app/ipython/IPython/core/inputtransformer2.py:714: UserWarning: `make_tokens_by_line` received a list of lines which do not have lineending markers ('\n', '\r', '\r\n', '\x0b', '\x0c'), behavior will be unspecified
  tokens_by_line = make_tokens_by_line(lines)
/app/ipython/IPython/core/inputtransformer2.py:608: UserWarning: `make_tokens_by_line` received a list of lines which do not have lineending markers ('\n', '\r', '\r\n', '\x0b', '\x0c'), behavior will be unspecified
  tokens_by_line = make_tokens_by_line(lines)
/app/ipython/IPython/core/inputtransformer2.py:714: UserWarning: `make_tokens_by_line` received a list of lines which do not have lineending markers ('\n', '\r', '\r\n', '\x0b', '\x0c'), behavior will be unspecified
  tokens_by_line = make_tokens_by_line(lines)
/app/ipython/IPython/core/inputtransformer2.py:608: UserWarning: `make_tokens_by_line` received a list of lines which do not have lineending markers ('\n', '\r', '\r\n', '\x0b', '\x0c'), behavior will be unspecified
  tokens_by_line = make_tokens_by_line(lines)
/app/ipython/IPython/core/inputtransformer2.py:714: UserWarning: `make_tokens_by_line` received a list of lines which do not have lineending markers ('\n', '\r', '\r\n', '\x0b', '\x0c'), behavior will be unspecified
  tokens_by_line = make_tokens_by_line(lines)
/app/ipython/IPython/core/inputtransformer2.py:608: UserWarning: `make_tokens_by_line` received a list of lines which do not have lineending markers ('\n', '\r', '\r\n', '\x0b', '\x0c'), behavior will be unspecified
  tokens_by_line = make_tokens_by_line(lines)
/app/ipython/IPython/core/inputtransformer2.py:608: UserWarning: `make_tokens_by_line` received a list of lines which do not have lineending markers ('\n', '\r', '\r\n', '\x0b', '\x0c'), behavior will be unspecified
  tokens_by_line = make_tokens_by_line(lines)
/app/ipython/IPython/core/inputtransformer2.py:608: UserWarning: `make_tokens_by_line` received a list of lines which do not have lineending markers ('\n', '\r', '\r\n', '\x0b', '\x0c'), behavior will be unspecified
  tokens_by_line = make_tokens_by_line(lines)
/app/ipython/IPython/core/inputtransformer2.py:714: UserWarning: `make_tokens_by_line` received a list of lines which do not have lineending markers ('\n', '\r', '\r\n', '\x0b', '\x0c'), behavior will be unspecified
  tokens_by_line = make_tokens_by_line(lines)
/app/ipython/IPython/core/inputtransformer2.py:608: UserWarning: `make_tokens_by_line` received a list of lines which do not have lineending markers ('\n', '\r', '\r\n', '\x0b', '\x0c'), behavior will be unspecified
  tokens_by_line = make_tokens_by_line(lines)
/app/ipython/IPython/core/inputtransformer2.py:714: UserWarning: `make_tokens_by_line` received a list of lines which do not have lineending markers ('\n', '\r', '\r\n', '\x0b', '\x0c'), behavior will be unspecified
  tokens_by_line = make_tokens_by_line(lines)
/app/ipython/IPython/core/inputtransformer2.py:608: UserWarning: `make_tokens_by_line` received a list of lines which do not have lineending markers ('\n', '\r', '\r\n', '\x0b', '\x0c'), behavior will be unspecified
  tokens_by_line = make_tokens_by_line(lines)
/app/ipython/IPython/core/inputtransformer2.py:714: UserWarning: `make_tokens_by_line` received a list of lines which do not have lineending markers ('\n', '\r', '\r\n', '\x0b', '\x0c'), behavior will be unspecified
  tokens_by_line = make_tokens_by_line(lines)
/app/ipython/IPython/core/inputtransformer2.py:608: UserWarning: `make_tokens_by_line` received a list of lines which do not have lineending markers ('\n', '\r', '\r\n', '\x0b', '\x0c'), behavior will be unspecified
  tokens_by_line = make_tokens_by_line(lines)
/app/ipython/IPython/core/inputtransformer2.py:714: UserWarning: `make_tokens_by_line` received a list of lines which do not have lineending markers ('\n', '\r', '\r\n', '\x0b', '\x0c'), behavior will be unspecified
  tokens_by_line = make_tokens_by_line(lines)
#8908	REDUCE cov: 275 ft: 915 corp: 123/586b lim: 11 exec/s: 2227 rss: 84Mb L: 4/10 MS: 1 EraseBytes-
/app/ipython/IPython/core/inputtransformer2.py:608: UserWarning: `make_tokens_by_line` received a list of lines which do not have lineending markers ('\n', '\r', '\r\n', '\x0b', '\x0c'), behavior will be unspecified
  tokens_by_line = make_tokens_by_line(lines)
/app/ipython/IPython/core/inputtransformer2.py:714: UserWarning: `make_tokens_by_line` received a list of lines which do not have lineending markers ('\n', '\r', '\r\n', '\x0b', '\x0c'), behavior will be unspecified
  tokens_by_line = make_tokens_by_line(lines)
/app/ipython/IPython/core/inputtransformer2.py:608: UserWarning: `make_tokens_by_line` received a list of lines which do not have lineending markers ('\n', '\r', '\r\n', '\x0b', '\x0c'), behavior will be unspecified
  tokens_by_line = make_tokens_by_line(lines)
/app/ipython/IPython/core/inputtransformer2.py:714: UserWarning: `make_tokens_by_line` received a list of lines which do not have lineending markers ('\n', '\r', '\r\n', '\x0b', '\x0c'), behavior will be unspecified
  tokens_by_line = make_tokens_by_line(lines)
/app/ipython/IPython/core/inputtransformer2.py:608: UserWarning: `make_tokens_by_line` received a list of lines which do not have lineending markers ('\n', '\r', '\r\n', '\x0b', '\x0c'), behavior will be unspecified
  tokens_by_line = make_tokens_by_line(lines)
/app/ipython/IPython/core/inputtransformer2.py:714: UserWarning: `make_tokens_by_line` received a list of lines which do not have lineending markers ('\n', '\r', '\r\n', '\x0b', '\x0c'), behavior will be unspecified
  tokens_by_line = make_tokens_by_line(lines)
/app/ipython/IPython/core/inputtransformer2.py:608: UserWarning: `make_tokens_by_line` received a list of lines which do not have lineending markers ('\n', '\r', '\r\n', '\x0b', '\x0c'), behavior will be unspecified
  tokens_by_line = make_tokens_by_line(lines)
/app/ipython/IPython/core/inputtransformer2.py:714: UserWarning: `make_tokens_by_line` received a list of lines which do not have lineending markers ('\n', '\r', '\r\n', '\x0b', '\x0c'), behavior will be unspecified
  tokens_by_line = make_tokens_by_line(lines)
/app/ipython/IPython/core/inputtransformer2.py:608: UserWarning: `make_tokens_by_line` received a list of lines which do not have lineending markers ('\n', '\r', '\r\n', '\x0b', '\x0c'), behavior will be unspecified
  tokens_by_line = make_tokens_by_line(lines)
/app/ipython/IPython/core/inputtransformer2.py:714: UserWarning: `make_tokens_by_line` received a list of lines which do not have lineending markers ('\n', '\r', '\r\n', '\x0b', '\x0c'), behavior will be unspecified
  tokens_by_line = make_tokens_by_line(lines)
/app/ipython/IPython/core/inputtransformer2.py:608: UserWarning: `make_tokens_by_line` received a list of lines which do not have lineending markers ('\n', '\r', '\r\n', '\x0b', '\x0c'), behavior will be unspecified
  tokens_by_line = make_tokens_by_line(lines)
/app/ipython/IPython/core/inputtransformer2.py:714: UserWarning: `make_tokens_by_line` received a list of lines which do not have lineending markers ('\n', '\r', '\r\n', '\x0b', '\x0c'), behavior will be unspecified
  tokens_by_line = make_tokens_by_line(lines)
/app/ipython/IPython/core/inputtransformer2.py:608: UserWarning: `make_tokens_by_line` received a list of lines which do not have lineending markers ('\n', '\r', '\r\n', '\x0b', '\x0c'), behavior will be unspecified
  tokens_by_line = make_tokens_by_line(lines)
/app/ipython/IPython/core/inputtransformer2.py:714: UserWarning: `make_tokens_by_line` received a list of lines which do not have lineending markers ('\n', '\r', '\r\n', '\x0b', '\x0c'), behavior will be unspecified
  tokens_by_line = make_tokens_by_line(lines)
/app/ipython/IPython/core/inputtransformer2.py:608: UserWarning: `make_tokens_by_line` received a list of lines which do not have lineending markers ('\n', '\r', '\r\n', '\x0b', '\x0c'), behavior will be unspecified
  tokens_by_line = make_tokens_by_line(lines)
/app/ipython/IPython/core/inputtransformer2.py:714: UserWarning: `make_tokens_by_line` received a list of lines which do not have lineending markers ('\n', '\r', '\r\n', '\x0b', '\x0c'), behavior will be unspecified
  tokens_by_line = make_tokens_by_line(lines)
/app/ipython/IPython/core/inputtransformer2.py:608: UserWarning: `make_tokens_by_line` received a list of lines which do not have lineending markers ('\n', '\r', '\r\n', '\x0b', '\x0c'), behavior will be unspecified
  tokens_by_line = make_tokens_by_line(lines)
/app/ipython/IPython/core/inputtransformer2.py:714: UserWarning: `make_tokens_by_line` received a list of lines which do not have lineending markers ('\n', '\r', '\r\n', '\x0b', '\x0c'), behavior will be unspecified
  tokens_by_line = make_tokens_by_line(lines)
#9219	NEW    cov: 275 ft: 917 corp: 124/597b lim: 14 exec/s: 2304 rss: 84Mb L: 11/11 MS: 1 InsertRepeatedBytes-
#9251	NEW    cov: 276 ft: 918 corp: 125/607b lim: 14 exec/s: 2312 rss: 84Mb L: 10/11 MS: 2 ChangeBit-InsertRepeatedBytes-
/app/ipython/IPython/core/inputtransformer2.py:608: UserWarning: `make_tokens_by_line` received a list of lines which do not have lineending markers ('\n', '\r', '\r\n', '\x0b', '\x0c'), behavior will be unspecified
  tokens_by_line = make_tokens_by_line(lines)
/app/ipython/IPython/core/inputtransformer2.py:714: UserWarning: `make_tokens_by_line` received a list of lines which do not have lineending markers ('\n', '\r', '\r\n', '\x0b', '\x0c'), behavior will be unspecified
  tokens_by_line = make_tokens_by_line(lines)
/app/ipython/IPython/core/inputtransformer2.py:608: UserWarning: `make_tokens_by_line` received a list of lines which do not have lineending markers ('\n', '\r', '\r\n', '\x0b', '\x0c'), behavior will be unspecified
  tokens_by_line = make_tokens_by_line(lines)
/app/ipython/IPython/core/inputtransformer2.py:714: UserWarning: `make_tokens_by_line` received a list of lines which do not have lineending markers ('\n', '\r', '\r\n', '\x0b', '\x0c'), behavior will be unspecified
  tokens_by_line = make_tokens_by_line(lines)
/app/ipython/IPython/core/inputtransformer2.py:608: UserWarning: `make_tokens_by_line` received a list of lines which do not have lineending markers ('\n', '\r', '\r\n', '\x0b', '\x0c'), behavior will be unspecified
  tokens_by_line = make_tokens_by_line(lines)
/app/ipython/IPython/core/inputtransformer2.py:714: UserWarning: `make_tokens_by_line` received a list of lines which do not have lineending markers ('\n', '\r', '\r\n', '\x0b', '\x0c'), behavior will be unspecified
  tokens_by_line = make_tokens_by_line(lines)
/app/ipython/IPython/core/inputtransformer2.py:608: UserWarning: `make_tokens_by_line` received a list of lines which do not have lineending markers ('\n', '\r', '\r\n', '\x0b', '\x0c'), behavior will be unspecified
  tokens_by_line = make_tokens_by_line(lines)
/app/ipython/IPython/core/inputtransformer2.py:714: UserWarning: `make_tokens_by_line` received a list of lines which do not have lineending markers ('\n', '\r', '\r\n', '\x0b', '\x0c'), behavior will be unspecified
  tokens_by_line = make_tokens_by_line(lines)
/app/ipython/IPython/core/inputtransformer2.py:608: UserWarning: `make_tokens_by_line` received a list of lines which do not have lineending markers ('\n', '\r', '\r\n', '\x0b', '\x0c'), behavior will be unspecified
  tokens_by_line = make_tokens_by_line(lines)
/app/ipython/IPython/core/inputtransformer2.py:714: UserWarning: `make_tokens_by_line` received a list of lines which do not have lineending markers ('\n', '\r', '\r\n', '\x0b', '\x0c'), behavior will be unspecified
  tokens_by_line = make_tokens_by_line(lines)
/app/ipython/IPython/core/inputtransformer2.py:608: UserWarning: `make_tokens_by_line` received a list of lines which do not have lineending markers ('\n', '\r', '\r\n', '\x0b', '\x0c'), behavior will be unspecified
  tokens_by_line = make_tokens_by_line(lines)
/app/ipython/IPython/core/inputtransformer2.py:714: UserWarning: `make_tokens_by_line` received a list of lines which do not have lineending markers ('\n', '\r', '\r\n', '\x0b', '\x0c'), behavior will be unspecified
  tokens_by_line = make_tokens_by_line(lines)
#9542	REDUCE cov: 276 ft: 918 corp: 125/606b lim: 14 exec/s: 2385 rss: 84Mb L: 10/10 MS: 1 EraseBytes-
/app/ipython/IPython/core/inputtransformer2.py:608: UserWarning: `make_tokens_by_line` received a list of lines which do not have lineending markers ('\n', '\r', '\r\n', '\x0b', '\x0c'), behavior will be unspecified
  tokens_by_line = make_tokens_by_line(lines)
/app/ipython/IPython/core/inputtransformer2.py:714: UserWarning: `make_tokens_by_line` received a list of lines which do not have lineending markers ('\n', '\r', '\r\n', '\x0b', '\x0c'), behavior will be unspecified
  tokens_by_line = make_tokens_by_line(lines)
/app/ipython/IPython/core/inputtransformer2.py:608: UserWarning: `make_tokens_by_line` received a list of lines which do not have lineending markers ('\n', '\r', '\r\n', '\x0b', '\x0c'), behavior will be unspecified
  tokens_by_line = make_tokens_by_line(lines)
/app/ipython/IPython/core/inputtransformer2.py:714: UserWarning: `make_tokens_by_line` received a list of lines which do not have lineending markers ('\n', '\r', '\r\n', '\x0b', '\x0c'), behavior will be unspecified
  tokens_by_line = make_tokens_by_line(lines)
/app/ipython/IPython/core/inputtransformer2.py:608: UserWarning: `make_tokens_by_line` received a list of lines which do not have lineending markers ('\n', '\r', '\r\n', '\x0b', '\x0c'), behavior will be unspecified
  tokens_by_line = make_tokens_by_line(lines)
/app/ipython/IPython/core/inputtransformer2.py:714: UserWarning: `make_tokens_by_line` received a list of lines which do not have lineending markers ('\n', '\r', '\r\n', '\x0b', '\x0c'), behavior will be unspecified
  tokens_by_line = make_tokens_by_line(lines)
/app/ipython/IPython/core/inputtransformer2.py:608: UserWarning: `make_tokens_by_line` received a list of lines which do not have lineending markers ('\n', '\r', '\r\n', '\x0b', '\x0c'), behavior will be unspecified
  tokens_by_line = make_tokens_by_line(lines)
/app/ipython/IPython/core/inputtransformer2.py:714: UserWarning: `make_tokens_by_line` received a list of lines which do not have lineending markers ('\n', '\r', '\r\n', '\x0b', '\x0c'), behavior will be unspecified
  tokens_by_line = make_tokens_by_line(lines)
/app/ipython/IPython/core/inputtransformer2.py:608: UserWarning: `make_tokens_by_line` received a list of lines which do not have lineending markers ('\n', '\r', '\r\n', '\x0b', '\x0c'), behavior will be unspecified
  tokens_by_line = make_tokens_by_line(lines)
/app/ipython/IPython/core/inputtransformer2.py:714: UserWarning: `make_tokens_by_line` received a list of lines which do not have lineending markers ('\n', '\r', '\r\n', '\x0b', '\x0c'), behavior will be unspecified
  tokens_by_line = make_tokens_by_line(lines)
/app/ipython/IPython/core/inputtransformer2.py:608: UserWarning: `make_tokens_by_line` received a list of lines which do not have lineending markers ('\n', '\r', '\r\n', '\x0b', '\x0c'), behavior will be unspecified
  tokens_by_line = make_tokens_by_line(lines)
/app/ipython/IPython/core/inputtransformer2.py:714: UserWarning: `make_tokens_by_line` received a list of lines which do not have lineending markers ('\n', '\r', '\r\n', '\x0b', '\x0c'), behavior will be unspecified
  tokens_by_line = make_tokens_by_line(lines)
/app/ipython/IPython/core/inputtransformer2.py:608: UserWarning: `make_tokens_by_line` received a list of lines which do not have lineending markers ('\n', '\r', '\r\n', '\x0b', '\x0c'), behavior will be unspecified
  tokens_by_line = make_tokens_by_line(lines)
/app/ipython/IPython/core/inputtransformer2.py:714: UserWarning: `make_tokens_by_line` received a list of lines which do not have lineending markers ('\n', '\r', '\r\n', '\x0b', '\x0c'), behavior will be unspecified
  tokens_by_line = make_tokens_by_line(lines)
/app/ipython/IPython/core/inputtransformer2.py:608: UserWarning: `make_tokens_by_line` received a list of lines which do not have lineending markers ('\n', '\r', '\r\n', '\x0b', '\x0c'), behavior will be unspecified
  tokens_by_line = make_tokens_by_line(lines)
/app/ipython/IPython/core/inputtransformer2.py:714: UserWarning: `make_tokens_by_line` received a list of lines which do not have lineending markers ('\n', '\r', '\r\n', '\x0b', '\x0c'), behavior will be unspecified
  tokens_by_line = make_tokens_by_line(lines)
/app/ipython/IPython/core/inputtransformer2.py:608: UserWarning: `make_tokens_by_line` received a list of lines which do not have lineending markers ('\n', '\r', '\r\n', '\x0b', '\x0c'), behavior will be unspecified
  tokens_by_line = make_tokens_by_line(lines)
/app/ipython/IPython/core/inputtransformer2.py:714: UserWarning: `make_tokens_by_line` received a list of lines which do not have lineending markers ('\n', '\r', '\r\n', '\x0b', '\x0c'), behavior will be unspecified
  tokens_by_line = make_tokens_by_line(lines)
/app/ipython/IPython/core/inputtransformer2.py:608: UserWarning: `make_tokens_by_line` received a list of lines which do not have lineending markers ('\n', '\r', '\r\n', '\x0b', '\x0c'), behavior will be unspecified
  tokens_by_line = make_tokens_by_line(lines)
/app/ipython/IPython/core/inputtransformer2.py:714: UserWarning: `make_tokens_by_line` received a list of lines which do not have lineending markers ('\n', '\r', '\r\n', '\x0b', '\x0c'), behavior will be unspecified
  tokens_by_line = make_tokens_by_line(lines)
/app/ipython/IPython/core/inputtransformer2.py:608: UserWarning: `make_tokens_by_line` received a list of lines which do not have lineending markers ('\n', '\r', '\r\n', '\x0b', '\x0c'), behavior will be unspecified
  tokens_by_line = make_tokens_by_line(lines)
/app/ipython/IPython/core/inputtransformer2.py:608: UserWarning: `make_tokens_by_line` received a list of lines which do not have lineending markers ('\n', '\r', '\r\n', '\x0b', '\x0c'), behavior will be unspecified
  tokens_by_line = make_tokens_by_line(lines)
/app/ipython/IPython/core/inputtransformer2.py:714: UserWarning: `make_tokens_by_line` received a list of lines which do not have lineending markers ('\n', '\r', '\r\n', '\x0b', '\x0c'), behavior will be unspecified
  tokens_by_line = make_tokens_by_line(lines)
/app/ipython/IPython/core/inputtransformer2.py:608: UserWarning: `make_tokens_by_line` received a list of lines which do not have lineending markers ('\n', '\r', '\r\n', '\x0b', '\x0c'), behavior will be unspecified
  tokens_by_line = make_tokens_by_line(lines)
/app/ipython/IPython/core/inputtransformer2.py:714: UserWarning: `make_tokens_by_line` received a list of lines which do not have lineending markers ('\n', '\r', '\r\n', '\x0b', '\x0c'), behavior will be unspecified
  tokens_by_line = make_tokens_by_line(lines)
#9664	REDUCE cov: 276 ft: 918 corp: 125/604b lim: 14 exec/s: 2416 rss: 84Mb L: 6/10 MS: 2 CrossOver-EraseBytes-
/app/ipython/IPython/core/inputtransformer2.py:608: UserWarning: `make_tokens_by_line` received a list of lines which do not have lineending markers ('\n', '\r', '\r\n', '\x0b', '\x0c'), behavior will be unspecified
  tokens_by_line = make_tokens_by_line(lines)
/app/ipython/IPython/core/inputtransformer2.py:714: UserWarning: `make_tokens_by_line` received a list of lines which do not have lineending markers ('\n', '\r', '\r\n', '\x0b', '\x0c'), behavior will be unspecified
  tokens_by_line = make_tokens_by_line(lines)
/app/ipython/IPython/core/inputtransformer2.py:608: UserWarning: `make_tokens_by_line` received a list of lines which do not have lineending markers ('\n', '\r', '\r\n', '\x0b', '\x0c'), behavior will be unspecified
  tokens_by_line = make_tokens_by_line(lines)
/app/ipython/IPython/core/inputtransformer2.py:714: UserWarning: `make_tokens_by_line` received a list of lines which do not have lineending markers ('\n', '\r', '\r\n', '\x0b', '\x0c'), behavior will be unspecified
  tokens_by_line = make_tokens_by_line(lines)
/app/ipython/IPython/core/inputtransformer2.py:608: UserWarning: `make_tokens_by_line` received a list of lines which do not have lineending markers ('\n', '\r', '\r\n', '\x0b', '\x0c'), behavior will be unspecified
  tokens_by_line = make_tokens_by_line(lines)
/app/ipython/IPython/core/inputtransformer2.py:714: UserWarning: `make_tokens_by_line` received a list of lines which do not have lineending markers ('\n', '\r', '\r\n', '\x0b', '\x0c'), behavior will be unspecified
  tokens_by_line = make_tokens_by_line(lines)
/app/ipython/IPython/core/inputtransformer2.py:608: UserWarning: `make_tokens_by_line` received a list of lines which do not have lineending markers ('\n', '\r', '\r\n', '\x0b', '\x0c'), behavior will be unspecified
  tokens_by_line = make_tokens_by_line(lines)
/app/ipython/IPython/core/inputtransformer2.py:714: UserWarning: `make_tokens_by_line` received a list of lines which do not have lineending markers ('\n', '\r', '\r\n', '\x0b', '\x0c'), behavior will be unspecified
  tokens_by_line = make_tokens_by_line(lines)
/app/ipython/IPython/core/inputtransformer2.py:608: UserWarning: `make_tokens_by_line` received a list of lines which do not have lineending markers ('\n', '\r', '\r\n', '\x0b', '\x0c'), behavior will be unspecified
  tokens_by_line = make_tokens_by_line(lines)
/app/ipython/IPython/core/inputtransformer2.py:714: UserWarning: `make_tokens_by_line` received a list of lines which do not have lineending markers ('\n', '\r', '\r\n', '\x0b', '\x0c'), behavior will be unspecified
  tokens_by_line = make_tokens_by_line(lines)
#9705	REDUCE cov: 276 ft: 918 corp: 125/603b lim: 14 exec/s: 2426 rss: 84Mb L: 5/10 MS: 1 EraseBytes-
/app/ipython/IPython/core/inputtransformer2.py:608: UserWarning: `make_tokens_by_line` received a list of lines which do not have lineending markers ('\n', '\r', '\r\n', '\x0b', '\x0c'), behavior will be unspecified
  tokens_by_line = make_tokens_by_line(lines)
/app/ipython/IPython/core/inputtransformer2.py:714: UserWarning: `make_tokens_by_line` received a list of lines which do not have lineending markers ('\n', '\r', '\r\n', '\x0b', '\x0c'), behavior will be unspecified
  tokens_by_line = make_tokens_by_line(lines)
/app/ipython/IPython/core/inputtransformer2.py:608: UserWarning: `make_tokens_by_line` received a list of lines which do not have lineending markers ('\n', '\r', '\r\n', '\x0b', '\x0c'), behavior will be unspecified
  tokens_by_line = make_tokens_by_line(lines)
/app/ipython/IPython/core/inputtransformer2.py:714: UserWarning: `make_tokens_by_line` received a list of lines which do not have lineending markers ('\n', '\r', '\r\n', '\x0b', '\x0c'), behavior will be unspecified
  tokens_by_line = make_tokens_by_line(lines)
/app/ipython/IPython/core/inputtransformer2.py:608: UserWarning: `make_tokens_by_line` received a list of lines which do not have lineending markers ('\n', '\r', '\r\n', '\x0b', '\x0c'), behavior will be unspecified
  tokens_by_line = make_tokens_by_line(lines)
/app/ipython/IPython/core/inputtransformer2.py:714: UserWarning: `make_tokens_by_line` received a list of lines which do not have lineending markers ('\n', '\r', '\r\n', '\x0b', '\x0c'), behavior will be unspecified
  tokens_by_line = make_tokens_by_line(lines)
#9729	NEW    cov: 276 ft: 938 corp: 126/613b lim: 14 exec/s: 2432 rss: 84Mb L: 10/10 MS: 4 ChangeBit-ShuffleBytes-CopyPart-CopyPart-
/app/ipython/IPython/core/inputtransformer2.py:608: UserWarning: `make_tokens_by_line` received a list of lines which do not have lineending markers ('\n', '\r', '\r\n', '\x0b', '\x0c'), behavior will be unspecified
  tokens_by_line = make_tokens_by_line(lines)
#9760	REDUCE cov: 276 ft: 938 corp: 126/610b lim: 14 exec/s: 2440 rss: 84Mb L: 4/10 MS: 1 EraseBytes-
/app/ipython/IPython/core/inputtransformer2.py:608: UserWarning: `make_tokens_by_line` received a list of lines which do not have lineending markers ('\n', '\r', '\r\n', '\x0b', '\x0c'), behavior will be unspecified
  tokens_by_line = make_tokens_by_line(lines)
/app/ipython/IPython/core/inputtransformer2.py:714: UserWarning: `make_tokens_by_line` received a list of lines which do not have lineending markers ('\n', '\r', '\r\n', '\x0b', '\x0c'), behavior will be unspecified
  tokens_by_line = make_tokens_by_line(lines)
/app/ipython/IPython/core/inputtransformer2.py:608: UserWarning: `make_tokens_by_line` received a list of lines which do not have lineending markers ('\n', '\r', '\r\n', '\x0b', '\x0c'), behavior will be unspecified
  tokens_by_line = make_tokens_by_line(lines)
/app/ipython/IPython/core/inputtransformer2.py:714: UserWarning: `make_tokens_by_line` received a list of lines which do not have lineending markers ('\n', '\r', '\r\n', '\x0b', '\x0c'), behavior will be unspecified
  tokens_by_line = make_tokens_by_line(lines)
#9921	REDUCE cov: 276 ft: 940 corp: 127/624b lim: 14 exec/s: 2480 rss: 84Mb L: 14/14 MS: 1 CrossOver-
/app/ipython/IPython/core/inputtransformer2.py:608: UserWarning: `make_tokens_by_line` received a list of lines which do not have lineending markers ('\n', '\r', '\r\n', '\x0b', '\x0c'), behavior will be unspecified
  tokens_by_line = make_tokens_by_line(lines)
/app/ipython/IPython/core/inputtransformer2.py:714: UserWarning: `make_tokens_by_line` received a list of lines which do not have lineending markers ('\n', '\r', '\r\n', '\x0b', '\x0c'), behavior will be unspecified
  tokens_by_line = make_tokens_by_line(lines)
/app/ipython/IPython/core/inputtransformer2.py:608: UserWarning: `make_tokens_by_line` received a list of lines which do not have lineending markers ('\n', '\r', '\r\n', '\x0b', '\x0c'), behavior will be unspecified
  tokens_by_line = make_tokens_by_line(lines)
/app/ipython/IPython/core/inputtransformer2.py:714: UserWarning: `make_tokens_by_line` received a list of lines which do not have lineending markers ('\n', '\r', '\r\n', '\x0b', '\x0c'), behavior will be unspecified
  tokens_by_line = make_tokens_by_line(lines)
#9959	NEW    cov: 276 ft: 947 corp: 128/638b lim: 14 exec/s: 2489 rss: 84Mb L: 14/14 MS: 3 CopyPart-ChangeBinInt-CopyPart-
/app/ipython/IPython/core/inputtransformer2.py:608: UserWarning: `make_tokens_by_line` received a list of lines which do not have lineending markers ('\n', '\r', '\r\n', '\x0b', '\x0c'), behavior will be unspecified
  tokens_by_line = make_tokens_by_line(lines)
/app/ipython/IPython/core/inputtransformer2.py:714: UserWarning: `make_tokens_by_line` received a list of lines which do not have lineending markers ('\n', '\r', '\r\n', '\x0b', '\x0c'), behavior will be unspecified
  tokens_by_line = make_tokens_by_line(lines)
#10027	NEW    cov: 276 ft: 948 corp: 129/647b lim: 14 exec/s: 2005 rss: 84Mb L: 9/14 MS: 3 PersAutoDict-ChangeBit-InsertByte- DE: "\377\377\377\377"-
#10088	NEW    cov: 276 ft: 949 corp: 130/661b lim: 14 exec/s: 2017 rss: 84Mb L: 14/14 MS: 1 CopyPart-
/app/ipython/IPython/core/inputtransformer2.py:608: UserWarning: `make_tokens_by_line` received a list of lines which do not have lineending markers ('\n', '\r', '\r\n', '\x0b', '\x0c'), behavior will be unspecified
  tokens_by_line = make_tokens_by_line(lines)
/app/ipython/IPython/core/inputtransformer2.py:714: UserWarning: `make_tokens_by_line` received a list of lines which do not have lineending markers ('\n', '\r', '\r\n', '\x0b', '\x0c'), behavior will be unspecified
  tokens_by_line = make_tokens_by_line(lines)
/app/ipython/IPython/core/inputtransformer2.py:608: UserWarning: `make_tokens_by_line` received a list of lines which do not have lineending markers ('\n', '\r', '\r\n', '\x0b', '\x0c'), behavior will be unspecified
  tokens_by_line = make_tokens_by_line(lines)
/app/ipython/IPython/core/inputtransformer2.py:714: UserWarning: `make_tokens_by_line` received a list of lines which do not have lineending markers ('\n', '\r', '\r\n', '\x0b', '\x0c'), behavior will be unspecified
  tokens_by_line = make_tokens_by_line(lines)
/app/ipython/IPython/core/inputtransformer2.py:608: UserWarning: `make_tokens_by_line` received a list of lines which do not have lineending markers ('\n', '\r', '\r\n', '\x0b', '\x0c'), behavior will be unspecified
  tokens_by_line = make_tokens_by_line(lines)
/app/ipython/IPython/core/inputtransformer2.py:608: UserWarning: `make_tokens_by_line` received a list of lines which do not have lineending markers ('\n', '\r', '\r\n', '\x0b', '\x0c'), behavior will be unspecified
  tokens_by_line = make_tokens_by_line(lines)
/app/ipython/IPython/core/inputtransformer2.py:608: UserWarning: `make_tokens_by_line` received a list of lines which do not have lineending markers ('\n', '\r', '\r\n', '\x0b', '\x0c'), behavior will be unspecified
  tokens_by_line = make_tokens_by_line(lines)
/app/ipython/IPython/core/inputtransformer2.py:608: UserWarning: `make_tokens_by_line` received a list of lines which do not have lineending markers ('\n', '\r', '\r\n', '\x0b', '\x0c'), behavior will be unspecified
  tokens_by_line = make_tokens_by_line(lines)
/app/ipython/IPython/core/inputtransformer2.py:714: UserWarning: `make_tokens_by_line` received a list of lines which do not have lineending markers ('\n', '\r', '\r\n', '\x0b', '\x0c'), behavior will be unspecified
  tokens_by_line = make_tokens_by_line(lines)
/app/ipython/IPython/core/inputtransformer2.py:608: UserWarning: `make_tokens_by_line` received a list of lines which do not have lineending markers ('\n', '\r', '\r\n', '\x0b', '\x0c'), behavior will be unspecified
  tokens_by_line = make_tokens_by_line(lines)
/app/ipython/IPython/core/inputtransformer2.py:714: UserWarning: `make_tokens_by_line` received a list of lines which do not have lineending markers ('\n', '\r', '\r\n', '\x0b', '\x0c'), behavior will be unspecified
  tokens_by_line = make_tokens_by_line(lines)
#10184	REDUCE cov: 276 ft: 949 corp: 130/657b lim: 14 exec/s: 2036 rss: 84Mb L: 4/14 MS: 1 EraseBytes-
/app/ipython/IPython/core/inputtransformer2.py:608: UserWarning: `make_tokens_by_line` received a list of lines which do not have lineending markers ('\n', '\r', '\r\n', '\x0b', '\x0c'), behavior will be unspecified
  tokens_by_line = make_tokens_by_line(lines)
#10445	NEW    cov: 276 ft: 950 corp: 131/671b lim: 14 exec/s: 2089 rss: 84Mb L: 14/14 MS: 1 CopyPart-
#10481	NEW    cov: 276 ft: 953 corp: 132/685b lim: 14 exec/s: 2096 rss: 84Mb L: 14/14 MS: 1 CopyPart-
/app/ipython/IPython/core/inputtransformer2.py:608: UserWarning: `make_tokens_by_line` received a list of lines which do not have lineending markers ('\n', '\r', '\r\n', '\x0b', '\x0c'), behavior will be unspecified
  tokens_by_line = make_tokens_by_line(lines)
/app/ipython/IPython/core/inputtransformer2.py:714: UserWarning: `make_tokens_by_line` received a list of lines which do not have lineending markers ('\n', '\r', '\r\n', '\x0b', '\x0c'), behavior will be unspecified
  tokens_by_line = make_tokens_by_line(lines)
#10523	REDUCE cov: 276 ft: 953 corp: 132/683b lim: 14 exec/s: 2104 rss: 84Mb L: 4/14 MS: 2 EraseBytes-InsertByte-
/app/ipython/IPython/core/inputtransformer2.py:608: UserWarning: `make_tokens_by_line` received a list of lines which do not have lineending markers ('\n', '\r', '\r\n', '\x0b', '\x0c'), behavior will be unspecified
  tokens_by_line = make_tokens_by_line(lines)
/app/ipython/IPython/core/inputtransformer2.py:714: UserWarning: `make_tokens_by_line` received a list of lines which do not have lineending markers ('\n', '\r', '\r\n', '\x0b', '\x0c'), behavior will be unspecified
  tokens_by_line = make_tokens_by_line(lines)
/app/ipython/IPython/core/inputtransformer2.py:608: UserWarning: `make_tokens_by_line` received a list of lines which do not have lineending markers ('\n', '\r', '\r\n', '\x0b', '\x0c'), behavior will be unspecified
  tokens_by_line = make_tokens_by_line(lines)
/app/ipython/IPython/core/inputtransformer2.py:714: UserWarning: `make_tokens_by_line` received a list of lines which do not have lineending markers ('\n', '\r', '\r\n', '\x0b', '\x0c'), behavior will be unspecified
  tokens_by_line = make_tokens_by_line(lines)
/app/ipython/IPython/core/inputtransformer2.py:608: UserWarning: `make_tokens_by_line` received a list of lines which do not have lineending markers ('\n', '\r', '\r\n', '\x0b', '\x0c'), behavior will be unspecified
  tokens_by_line = make_tokens_by_line(lines)
/app/ipython/IPython/core/inputtransformer2.py:714: UserWarning: `make_tokens_by_line` received a list of lines which do not have lineending markers ('\n', '\r', '\r\n', '\x0b', '\x0c'), behavior will be unspecified
  tokens_by_line = make_tokens_by_line(lines)
#10601	NEW    cov: 276 ft: 954 corp: 133/690b lim: 14 exec/s: 2120 rss: 84Mb L: 7/14 MS: 3 ChangeBit-InsertRepeatedBytes-CrossOver-
/app/ipython/IPython/core/inputtransformer2.py:608: UserWarning: `make_tokens_by_line` received a list of lines which do not have lineending markers ('\n', '\r', '\r\n', '\x0b', '\x0c'), behavior will be unspecified
  tokens_by_line = make_tokens_by_line(lines)
/app/ipython/IPython/core/inputtransformer2.py:608: UserWarning: `make_tokens_by_line` received a list of lines which do not have lineending markers ('\n', '\r', '\r\n', '\x0b', '\x0c'), behavior will be unspecified
  tokens_by_line = make_tokens_by_line(lines)
/app/ipython/IPython/core/inputtransformer2.py:608: UserWarning: `make_tokens_by_line` received a list of lines which do not have lineending markers ('\n', '\r', '\r\n', '\x0b', '\x0c'), behavior will be unspecified
  tokens_by_line = make_tokens_by_line(lines)
/app/ipython/IPython/core/inputtransformer2.py:714: UserWarning: `make_tokens_by_line` received a list of lines which do not have lineending markers ('\n', '\r', '\r\n', '\x0b', '\x0c'), behavior will be unspecified
  tokens_by_line = make_tokens_by_line(lines)
/app/ipython/IPython/core/inputtransformer2.py:608: UserWarning: `make_tokens_by_line` received a list of lines which do not have lineending markers ('\n', '\r', '\r\n', '\x0b', '\x0c'), behavior will be unspecified
  tokens_by_line = make_tokens_by_line(lines)
/app/ipython/IPython/core/inputtransformer2.py:714: UserWarning: `make_tokens_by_line` received a list of lines which do not have lineending markers ('\n', '\r', '\r\n', '\x0b', '\x0c'), behavior will be unspecified
  tokens_by_line = make_tokens_by_line(lines)
/app/ipython/IPython/core/inputtransformer2.py:608: UserWarning: `make_tokens_by_line` received a list of lines which do not have lineending markers ('\n', '\r', '\r\n', '\x0b', '\x0c'), behavior will be unspecified
  tokens_by_line = make_tokens_by_line(lines)
/app/ipython/IPython/core/inputtransformer2.py:714: UserWarning: `make_tokens_by_line` received a list of lines which do not have lineending markers ('\n', '\r', '\r\n', '\x0b', '\x0c'), behavior will be unspecified
  tokens_by_line = make_tokens_by_line(lines)
/app/ipython/IPython/core/inputtransformer2.py:608: UserWarning: `make_tokens_by_line` received a list of lines which do not have lineending markers ('\n', '\r', '\r\n', '\x0b', '\x0c'), behavior will be unspecified
  tokens_by_line = make_tokens_by_line(lines)
/app/ipython/IPython/core/inputtransformer2.py:714: UserWarning: `make_tokens_by_line` received a list of lines which do not have lineending markers ('\n', '\r', '\r\n', '\x0b', '\x0c'), behavior will be unspecified
  tokens_by_line = make_tokens_by_line(lines)
/app/ipython/IPython/core/inputtransformer2.py:608: UserWarning: `make_tokens_by_line` received a list of lines which do not have lineending markers ('\n', '\r', '\r\n', '\x0b', '\x0c'), behavior will be unspecified
  tokens_by_line = make_tokens_by_line(lines)
/app/ipython/IPython/core/inputtransformer2.py:714: UserWarning: `make_tokens_by_line` received a list of lines which do not have lineending markers ('\n', '\r', '\r\n', '\x0b', '\x0c'), behavior will be unspecified
  tokens_by_line = make_tokens_by_line(lines)
#11017	REDUCE cov: 276 ft: 954 corp: 133/687b lim: 17 exec/s: 2203 rss: 84Mb L: 3/14 MS: 1 EraseBytes-
#11044	NEW    cov: 276 ft: 956 corp: 134/691b lim: 17 exec/s: 2208 rss: 84Mb L: 4/14 MS: 2 CopyPart-CopyPart-
/app/ipython/IPython/core/inputtransformer2.py:608: UserWarning: `make_tokens_by_line` received a list of lines which do not have lineending markers ('\n', '\r', '\r\n', '\x0b', '\x0c'), behavior will be unspecified
  tokens_by_line = make_tokens_by_line(lines)
/app/ipython/IPython/core/inputtransformer2.py:608: UserWarning: `make_tokens_by_line` received a list of lines which do not have lineending markers ('\n', '\r', '\r\n', '\x0b', '\x0c'), behavior will be unspecified
  tokens_by_line = make_tokens_by_line(lines)
/app/ipython/IPython/core/inputtransformer2.py:608: UserWarning: `make_tokens_by_line` received a list of lines which do not have lineending markers ('\n', '\r', '\r\n', '\x0b', '\x0c'), behavior will be unspecified
  tokens_by_line = make_tokens_by_line(lines)
/app/ipython/IPython/core/inputtransformer2.py:608: UserWarning: `make_tokens_by_line` received a list of lines which do not have lineending markers ('\n', '\r', '\r\n', '\x0b', '\x0c'), behavior will be unspecified
  tokens_by_line = make_tokens_by_line(lines)
#11059	NEW    cov: 276 ft: 957 corp: 135/708b lim: 17 exec/s: 2211 rss: 84Mb L: 17/17 MS: 5 InsertRepeatedBytes-CrossOver-ChangeBit-ShuffleBytes-CopyPart-
/app/ipython/IPython/core/inputtransformer2.py:608: UserWarning: `make_tokens_by_line` received a list of lines which do not have lineending markers ('\n', '\r', '\r\n', '\x0b', '\x0c'), behavior will be unspecified
  tokens_by_line = make_tokens_by_line(lines)
/app/ipython/IPython/core/inputtransformer2.py:714: UserWarning: `make_tokens_by_line` received a list of lines which do not have lineending markers ('\n', '\r', '\r\n', '\x0b', '\x0c'), behavior will be unspecified
  tokens_by_line = make_tokens_by_line(lines)
#11123	NEW    cov: 276 ft: 958 corp: 136/723b lim: 17 exec/s: 2224 rss: 84Mb L: 15/17 MS: 4 InsertByte-ChangeBinInt-PersAutoDict-CrossOver- DE: "\377\377\377\377"-
/app/ipython/IPython/core/inputtransformer2.py:608: UserWarning: `make_tokens_by_line` received a list of lines which do not have lineending markers ('\n', '\r', '\r\n', '\x0b', '\x0c'), behavior will be unspecified
  tokens_by_line = make_tokens_by_line(lines)
/app/ipython/IPython/core/inputtransformer2.py:608: UserWarning: `make_tokens_by_line` received a list of lines which do not have lineending markers ('\n', '\r', '\r\n', '\x0b', '\x0c'), behavior will be unspecified
  tokens_by_line = make_tokens_by_line(lines)
/app/ipython/IPython/core/inputtransformer2.py:608: UserWarning: `make_tokens_by_line` received a list of lines which do not have lineending markers ('\n', '\r', '\r\n', '\x0b', '\x0c'), behavior will be unspecified
  tokens_by_line = make_tokens_by_line(lines)
/app/ipython/IPython/core/inputtransformer2.py:608: UserWarning: `make_tokens_by_line` received a list of lines which do not have lineending markers ('\n', '\r', '\r\n', '\x0b', '\x0c'), behavior will be unspecified
  tokens_by_line = make_tokens_by_line(lines)
/app/ipython/IPython/core/inputtransformer2.py:608: UserWarning: `make_tokens_by_line` received a list of lines which do not have lineending markers ('\n', '\r', '\r\n', '\x0b', '\x0c'), behavior will be unspecified
  tokens_by_line = make_tokens_by_line(lines)
/app/ipython/IPython/core/inputtransformer2.py:714: UserWarning: `make_tokens_by_line` received a list of lines which do not have lineending markers ('\n', '\r', '\r\n', '\x0b', '\x0c'), behavior will be unspecified
  tokens_by_line = make_tokens_by_line(lines)
/app/ipython/IPython/core/inputtransformer2.py:608: UserWarning: `make_tokens_by_line` received a list of lines which do not have lineending markers ('\n', '\r', '\r\n', '\x0b', '\x0c'), behavior will be unspecified
  tokens_by_line = make_tokens_by_line(lines)
/app/ipython/IPython/core/inputtransformer2.py:714: UserWarning: `make_tokens_by_line` received a list of lines which do not have lineending markers ('\n', '\r', '\r\n', '\x0b', '\x0c'), behavior will be unspecified
  tokens_by_line = make_tokens_by_line(lines)
/app/ipython/IPython/core/inputtransformer2.py:608: UserWarning: `make_tokens_by_line` received a list of lines which do not have lineending markers ('\n', '\r', '\r\n', '\x0b', '\x0c'), behavior will be unspecified
  tokens_by_line = make_tokens_by_line(lines)
/app/ipython/IPython/core/inputtransformer2.py:714: UserWarning: `make_tokens_by_line` received a list of lines which do not have lineending markers ('\n', '\r', '\r\n', '\x0b', '\x0c'), behavior will be unspecified
  tokens_by_line = make_tokens_by_line(lines)
#11241	REDUCE cov: 276 ft: 966 corp: 137/731b lim: 17 exec/s: 2248 rss: 84Mb L: 8/17 MS: 3 ChangeBit-EraseBytes-InsertRepeatedBytes-
/app/ipython/IPython/core/inputtransformer2.py:608: UserWarning: `make_tokens_by_line` received a list of lines which do not have lineending markers ('\n', '\r', '\r\n', '\x0b', '\x0c'), behavior will be unspecified
  tokens_by_line = make_tokens_by_line(lines)
/app/ipython/IPython/core/inputtransformer2.py:714: UserWarning: `make_tokens_by_line` received a list of lines which do not have lineending markers ('\n', '\r', '\r\n', '\x0b', '\x0c'), behavior will be unspecified
  tokens_by_line = make_tokens_by_line(lines)
/app/ipython/IPython/core/inputtransformer2.py:608: UserWarning: `make_tokens_by_line` received a list of lines which do not have lineending markers ('\n', '\r', '\r\n', '\x0b', '\x0c'), behavior will be unspecified
  tokens_by_line = make_tokens_by_line(lines)
/app/ipython/IPython/core/inputtransformer2.py:608: UserWarning: `make_tokens_by_line` received a list of lines which do not have lineending markers ('\n', '\r', '\r\n', '\x0b', '\x0c'), behavior will be unspecified
  tokens_by_line = make_tokens_by_line(lines)
/app/ipython/IPython/core/inputtransformer2.py:608: UserWarning: `make_tokens_by_line` received a list of lines which do not have lineending markers ('\n', '\r', '\r\n', '\x0b', '\x0c'), behavior will be unspecified
  tokens_by_line = make_tokens_by_line(lines)
/app/ipython/IPython/core/inputtransformer2.py:608: UserWarning: `make_tokens_by_line` received a list of lines which do not have lineending markers ('\n', '\r', '\r\n', '\x0b', '\x0c'), behavior will be unspecified
  tokens_by_line = make_tokens_by_line(lines)
#11407	REDUCE cov: 276 ft: 966 corp: 137/730b lim: 17 exec/s: 1901 rss: 84Mb L: 13/17 MS: 1 EraseBytes-
/app/ipython/IPython/core/inputtransformer2.py:608: UserWarning: `make_tokens_by_line` received a list of lines which do not have lineending markers ('\n', '\r', '\r\n', '\x0b', '\x0c'), behavior will be unspecified
  tokens_by_line = make_tokens_by_line(lines)
/app/ipython/IPython/core/inputtransformer2.py:608: UserWarning: `make_tokens_by_line` received a list of lines which do not have lineending markers ('\n', '\r', '\r\n', '\x0b', '\x0c'), behavior will be unspecified
  tokens_by_line = make_tokens_by_line(lines)
/app/ipython/IPython/core/inputtransformer2.py:608: UserWarning: `make_tokens_by_line` received a list of lines which do not have lineending markers ('\n', '\r', '\r\n', '\x0b', '\x0c'), behavior will be unspecified
  tokens_by_line = make_tokens_by_line(lines)
#11635	NEW    cov: 276 ft: 970 corp: 138/742b lim: 17 exec/s: 1939 rss: 84Mb L: 12/17 MS: 3 ShuffleBytes-CopyPart-ChangeBinInt-
#11661	NEW    cov: 277 ft: 971 corp: 139/747b lim: 17 exec/s: 1943 rss: 84Mb L: 5/17 MS: 1 CrossOver-
/app/ipython/IPython/core/inputtransformer2.py:608: UserWarning: `make_tokens_by_line` received a list of lines which do not have lineending markers ('\n', '\r', '\r\n', '\x0b', '\x0c'), behavior will be unspecified
  tokens_by_line = make_tokens_by_line(lines)
/app/ipython/IPython/core/inputtransformer2.py:714: UserWarning: `make_tokens_by_line` received a list of lines which do not have lineending markers ('\n', '\r', '\r\n', '\x0b', '\x0c'), behavior will be unspecified
  tokens_by_line = make_tokens_by_line(lines)
#11742	NEW    cov: 277 ft: 972 corp: 140/755b lim: 17 exec/s: 1957 rss: 84Mb L: 8/17 MS: 1 ChangeByte-
/app/ipython/IPython/core/inputtransformer2.py:608: UserWarning: `make_tokens_by_line` received a list of lines which do not have lineending markers ('\n', '\r', '\r\n', '\x0b', '\x0c'), behavior will be unspecified
  tokens_by_line = make_tokens_by_line(lines)
/app/ipython/IPython/core/inputtransformer2.py:608: UserWarning: `make_tokens_by_line` received a list of lines which do not have lineending markers ('\n', '\r', '\r\n', '\x0b', '\x0c'), behavior will be unspecified
  tokens_by_line = make_tokens_by_line(lines)
/app/ipython/IPython/core/inputtransformer2.py:714: UserWarning: `make_tokens_by_line` received a list of lines which do not have lineending markers ('\n', '\r', '\r\n', '\x0b', '\x0c'), behavior will be unspecified
  tokens_by_line = make_tokens_by_line(lines)
/app/ipython/IPython/core/inputtransformer2.py:608: UserWarning: `make_tokens_by_line` received a list of lines which do not have lineending markers ('\n', '\r', '\r\n', '\x0b', '\x0c'), behavior will be unspecified
  tokens_by_line = make_tokens_by_line(lines)
/app/ipython/IPython/core/inputtransformer2.py:714: UserWarning: `make_tokens_by_line` received a list of lines which do not have lineending markers ('\n', '\r', '\r\n', '\x0b', '\x0c'), behavior will be unspecified
  tokens_by_line = make_tokens_by_line(lines)
#11763	REDUCE cov: 277 ft: 973 corp: 141/768b lim: 17 exec/s: 1960 rss: 84Mb L: 13/17 MS: 1 ChangeByte-
/app/ipython/IPython/core/inputtransformer2.py:608: UserWarning: `make_tokens_by_line` received a list of lines which do not have lineending markers ('\n', '\r', '\r\n', '\x0b', '\x0c'), behavior will be unspecified
  tokens_by_line = make_tokens_by_line(lines)
/app/ipython/IPython/core/inputtransformer2.py:714: UserWarning: `make_tokens_by_line` received a list of lines which do not have lineending markers ('\n', '\r', '\r\n', '\x0b', '\x0c'), behavior will be unspecified
  tokens_by_line = make_tokens_by_line(lines)
/app/ipython/IPython/core/inputtransformer2.py:608: UserWarning: `make_tokens_by_line` received a list of lines which do not have lineending markers ('\n', '\r', '\r\n', '\x0b', '\x0c'), behavior will be unspecified
  tokens_by_line = make_tokens_by_line(lines)
/app/ipython/IPython/core/inputtransformer2.py:714: UserWarning: `make_tokens_by_line` received a list of lines which do not have lineending markers ('\n', '\r', '\r\n', '\x0b', '\x0c'), behavior will be unspecified
  tokens_by_line = make_tokens_by_line(lines)
/app/ipython/IPython/core/inputtransformer2.py:608: UserWarning: `make_tokens_by_line` received a list of lines which do not have lineending markers ('\n', '\r', '\r\n', '\x0b', '\x0c'), behavior will be unspecified
  tokens_by_line = make_tokens_by_line(lines)
/app/ipython/IPython/core/inputtransformer2.py:714: UserWarning: `make_tokens_by_line` received a list of lines which do not have lineending markers ('\n', '\r', '\r\n', '\x0b', '\x0c'), behavior will be unspecified
  tokens_by_line = make_tokens_by_line(lines)
/app/ipython/IPython/core/inputtransformer2.py:608: UserWarning: `make_tokens_by_line` received a list of lines which do not have lineending markers ('\n', '\r', '\r\n', '\x0b', '\x0c'), behavior will be unspecified
  tokens_by_line = make_tokens_by_line(lines)
/app/ipython/IPython/core/inputtransformer2.py:714: UserWarning: `make_tokens_by_line` received a list of lines which do not have lineending markers ('\n', '\r', '\r\n', '\x0b', '\x0c'), behavior will be unspecified
  tokens_by_line = make_tokens_by_line(lines)
/app/ipython/IPython/core/inputtransformer2.py:608: UserWarning: `make_tokens_by_line` received a list of lines which do not have lineending markers ('\n', '\r', '\r\n', '\x0b', '\x0c'), behavior will be unspecified
  tokens_by_line = make_tokens_by_line(lines)
/app/ipython/IPython/core/inputtransformer2.py:714: UserWarning: `make_tokens_by_line` received a list of lines which do not have lineending markers ('\n', '\r', '\r\n', '\x0b', '\x0c'), behavior will be unspecified
  tokens_by_line = make_tokens_by_line(lines)
/app/ipython/IPython/core/inputtransformer2.py:608: UserWarning: `make_tokens_by_line` received a list of lines which do not have lineending markers ('\n', '\r', '\r\n', '\x0b', '\x0c'), behavior will be unspecified
  tokens_by_line = make_tokens_by_line(lines)
/app/ipython/IPython/core/inputtransformer2.py:608: UserWarning: `make_tokens_by_line` received a list of lines which do not have lineending markers ('\n', '\r', '\r\n', '\x0b', '\x0c'), behavior will be unspecified
  tokens_by_line = make_tokens_by_line(lines)
/app/ipython/IPython/core/inputtransformer2.py:608: UserWarning: `make_tokens_by_line` received a list of lines which do not have lineending markers ('\n', '\r', '\r\n', '\x0b', '\x0c'), behavior will be unspecified
  tokens_by_line = make_tokens_by_line(lines)
/app/ipython/IPython/core/inputtransformer2.py:608: UserWarning: `make_tokens_by_line` received a list of lines which do not have lineending markers ('\n', '\r', '\r\n', '\x0b', '\x0c'), behavior will be unspecified
  tokens_by_line = make_tokens_by_line(lines)
/app/ipython/IPython/core/inputtransformer2.py:714: UserWarning: `make_tokens_by_line` received a list of lines which do not have lineending markers ('\n', '\r', '\r\n', '\x0b', '\x0c'), behavior will be unspecified
  tokens_by_line = make_tokens_by_line(lines)
/app/ipython/IPython/core/inputtransformer2.py:608: UserWarning: `make_tokens_by_line` received a list of lines which do not have lineending markers ('\n', '\r', '\r\n', '\x0b', '\x0c'), behavior will be unspecified
  tokens_by_line = make_tokens_by_line(lines)
/app/ipython/IPython/core/inputtransformer2.py:714: UserWarning: `make_tokens_by_line` received a list of lines which do not have lineending markers ('\n', '\r', '\r\n', '\x0b', '\x0c'), behavior will be unspecified
  tokens_by_line = make_tokens_by_line(lines)
/app/ipython/IPython/core/inputtransformer2.py:608: UserWarning: `make_tokens_by_line` received a list of lines which do not have lineending markers ('\n', '\r', '\r\n', '\x0b', '\x0c'), behavior will be unspecified
  tokens_by_line = make_tokens_by_line(lines)
/app/ipython/IPython/core/inputtransformer2.py:714: UserWarning: `make_tokens_by_line` received a list of lines which do not have lineending markers ('\n', '\r', '\r\n', '\x0b', '\x0c'), behavior will be unspecified
  tokens_by_line = make_tokens_by_line(lines)
/app/ipython/IPython/core/inputtransformer2.py:608: UserWarning: `make_tokens_by_line` received a list of lines which do not have lineending markers ('\n', '\r', '\r\n', '\x0b', '\x0c'), behavior will be unspecified
  tokens_by_line = make_tokens_by_line(lines)
/app/ipython/IPython/core/inputtransformer2.py:714: UserWarning: `make_tokens_by_line` received a list of lines which do not have lineending markers ('\n', '\r', '\r\n', '\x0b', '\x0c'), behavior will be unspecified
  tokens_by_line = make_tokens_by_line(lines)
/app/ipython/IPython/core/inputtransformer2.py:608: UserWarning: `make_tokens_by_line` received a list of lines which do not have lineending markers ('\n', '\r', '\r\n', '\x0b', '\x0c'), behavior will be unspecified
  tokens_by_line = make_tokens_by_line(lines)
/app/ipython/IPython/core/inputtransformer2.py:714: UserWarning: `make_tokens_by_line` received a list of lines which do not have lineending markers ('\n', '\r', '\r\n', '\x0b', '\x0c'), behavior will be unspecified
  tokens_by_line = make_tokens_by_line(lines)
/app/ipython/IPython/core/inputtransformer2.py:608: UserWarning: `make_tokens_by_line` received a list of lines which do not have lineending markers ('\n', '\r', '\r\n', '\x0b', '\x0c'), behavior will be unspecified
  tokens_by_line = make_tokens_by_line(lines)
/app/ipython/IPython/core/inputtransformer2.py:608: UserWarning: `make_tokens_by_line` received a list of lines which do not have lineending markers ('\n', '\r', '\r\n', '\x0b', '\x0c'), behavior will be unspecified
  tokens_by_line = make_tokens_by_line(lines)
/app/ipython/IPython/core/inputtransformer2.py:608: UserWarning: `make_tokens_by_line` received a list of lines which do not have lineending markers ('\n', '\r', '\r\n', '\x0b', '\x0c'), behavior will be unspecified
  tokens_by_line = make_tokens_by_line(lines)
/app/ipython/IPython/core/inputtransformer2.py:608: UserWarning: `make_tokens_by_line` received a list of lines which do not have lineending markers ('\n', '\r', '\r\n', '\x0b', '\x0c'), behavior will be unspecified
  tokens_by_line = make_tokens_by_line(lines)
/app/ipython/IPython/core/inputtransformer2.py:714: UserWarning: `make_tokens_by_line` received a list of lines which do not have lineending markers ('\n', '\r', '\r\n', '\x0b', '\x0c'), behavior will be unspecified
  tokens_by_line = make_tokens_by_line(lines)
/app/ipython/IPython/core/inputtransformer2.py:608: UserWarning: `make_tokens_by_line` received a list of lines which do not have lineending markers ('\n', '\r', '\r\n', '\x0b', '\x0c'), behavior will be unspecified
  tokens_by_line = make_tokens_by_line(lines)
/app/ipython/IPython/core/inputtransformer2.py:714: UserWarning: `make_tokens_by_line` received a list of lines which do not have lineending markers ('\n', '\r', '\r\n', '\x0b', '\x0c'), behavior will be unspecified
  tokens_by_line = make_tokens_by_line(lines)
/app/ipython/IPython/core/inputtransformer2.py:608: UserWarning: `make_tokens_by_line` received a list of lines which do not have lineending markers ('\n', '\r', '\r\n', '\x0b', '\x0c'), behavior will be unspecified
  tokens_by_line = make_tokens_by_line(lines)
/app/ipython/IPython/core/inputtransformer2.py:714: UserWarning: `make_tokens_by_line` received a list of lines which do not have lineending markers ('\n', '\r', '\r\n', '\x0b', '\x0c'), behavior will be unspecified
  tokens_by_line = make_tokens_by_line(lines)
/app/ipython/IPython/core/inputtransformer2.py:608: UserWarning: `make_tokens_by_line` received a list of lines which do not have lineending markers ('\n', '\r', '\r\n', '\x0b', '\x0c'), behavior will be unspecified
  tokens_by_line = make_tokens_by_line(lines)
/app/ipython/IPython/core/inputtransformer2.py:714: UserWarning: `make_tokens_by_line` received a list of lines which do not have lineending markers ('\n', '\r', '\r\n', '\x0b', '\x0c'), behavior will be unspecified
  tokens_by_line = make_tokens_by_line(lines)
#11984	NEW    cov: 277 ft: 974 corp: 142/785b lim: 17 exec/s: 1997 rss: 84Mb L: 17/17 MS: 1 InsertRepeatedBytes-
#11998	REDUCE cov: 277 ft: 974 corp: 142/784b lim: 17 exec/s: 1999 rss: 84Mb L: 13/17 MS: 4 InsertByte-ChangeBit-InsertByte-EraseBytes-
/app/ipython/IPython/core/inputtransformer2.py:608: UserWarning: `make_tokens_by_line` received a list of lines which do not have lineending markers ('\n', '\r', '\r\n', '\x0b', '\x0c'), behavior will be unspecified
  tokens_by_line = make_tokens_by_line(lines)
/app/ipython/IPython/core/inputtransformer2.py:608: UserWarning: `make_tokens_by_line` received a list of lines which do not have lineending markers ('\n', '\r', '\r\n', '\x0b', '\x0c'), behavior will be unspecified
  tokens_by_line = make_tokens_by_line(lines)
/app/ipython/IPython/core/inputtransformer2.py:608: UserWarning: `make_tokens_by_line` received a list of lines which do not have lineending markers ('\n', '\r', '\r\n', '\x0b', '\x0c'), behavior will be unspecified
  tokens_by_line = make_tokens_by_line(lines)
/app/ipython/IPython/core/inputtransformer2.py:608: UserWarning: `make_tokens_by_line` received a list of lines which do not have lineending markers ('\n', '\r', '\r\n', '\x0b', '\x0c'), behavior will be unspecified
  tokens_by_line = make_tokens_by_line(lines)
/app/ipython/IPython/core/inputtransformer2.py:608: UserWarning: `make_tokens_by_line` received a list of lines which do not have lineending markers ('\n', '\r', '\r\n', '\x0b', '\x0c'), behavior will be unspecified
  tokens_by_line = make_tokens_by_line(lines)
/app/ipython/IPython/core/inputtransformer2.py:608: UserWarning: `make_tokens_by_line` received a list of lines which do not have lineending markers ('\n', '\r', '\r\n', '\x0b', '\x0c'), behavior will be unspecified
  tokens_by_line = make_tokens_by_line(lines)
/app/ipython/IPython/core/inputtransformer2.py:714: UserWarning: `make_tokens_by_line` received a list of lines which do not have lineending markers ('\n', '\r', '\r\n', '\x0b', '\x0c'), behavior will be unspecified
  tokens_by_line = make_tokens_by_line(lines)
/app/ipython/IPython/core/inputtransformer2.py:608: UserWarning: `make_tokens_by_line` received a list of lines which do not have lineending markers ('\n', '\r', '\r\n', '\x0b', '\x0c'), behavior will be unspecified
  tokens_by_line = make_tokens_by_line(lines)
/app/ipython/IPython/core/inputtransformer2.py:714: UserWarning: `make_tokens_by_line` received a list of lines which do not have lineending markers ('\n', '\r', '\r\n', '\x0b', '\x0c'), behavior will be unspecified
  tokens_by_line = make_tokens_by_line(lines)
/app/ipython/IPython/core/inputtransformer2.py:608: UserWarning: `make_tokens_by_line` received a list of lines which do not have lineending markers ('\n', '\r', '\r\n', '\x0b', '\x0c'), behavior will be unspecified
  tokens_by_line = make_tokens_by_line(lines)
/app/ipython/IPython/core/inputtransformer2.py:714: UserWarning: `make_tokens_by_line` received a list of lines which do not have lineending markers ('\n', '\r', '\r\n', '\x0b', '\x0c'), behavior will be unspecified
  tokens_by_line = make_tokens_by_line(lines)
/app/ipython/IPython/core/inputtransformer2.py:608: UserWarning: `make_tokens_by_line` received a list of lines which do not have lineending markers ('\n', '\r', '\r\n', '\x0b', '\x0c'), behavior will be unspecified
  tokens_by_line = make_tokens_by_line(lines)
/app/ipython/IPython/core/inputtransformer2.py:714: UserWarning: `make_tokens_by_line` received a list of lines which do not have lineending markers ('\n', '\r', '\r\n', '\x0b', '\x0c'), behavior will be unspecified
  tokens_by_line = make_tokens_by_line(lines)
/app/ipython/IPython/core/inputtransformer2.py:608: UserWarning: `make_tokens_by_line` received a list of lines which do not have lineending markers ('\n', '\r', '\r\n', '\x0b', '\x0c'), behavior will be unspecified
  tokens_by_line = make_tokens_by_line(lines)
/app/ipython/IPython/core/inputtransformer2.py:714: UserWarning: `make_tokens_by_line` received a list of lines which do not have lineending markers ('\n', '\r', '\r\n', '\x0b', '\x0c'), behavior will be unspecified
  tokens_by_line = make_tokens_by_line(lines)
/app/ipython/IPython/core/inputtransformer2.py:608: UserWarning: `make_tokens_by_line` received a list of lines which do not have lineending markers ('\n', '\r', '\r\n', '\x0b', '\x0c'), behavior will be unspecified
  tokens_by_line = make_tokens_by_line(lines)
/app/ipython/IPython/core/inputtransformer2.py:714: UserWarning: `make_tokens_by_line` received a list of lines which do not have lineending markers ('\n', '\r', '\r\n', '\x0b', '\x0c'), behavior will be unspecified
  tokens_by_line = make_tokens_by_line(lines)
/app/ipython/IPython/core/inputtransformer2.py:608: UserWarning: `make_tokens_by_line` received a list of lines which do not have lineending markers ('\n', '\r', '\r\n', '\x0b', '\x0c'), behavior will be unspecified
  tokens_by_line = make_tokens_by_line(lines)
/app/ipython/IPython/core/inputtransformer2.py:714: UserWarning: `make_tokens_by_line` received a list of lines which do not have lineending markers ('\n', '\r', '\r\n', '\x0b', '\x0c'), behavior will be unspecified
  tokens_by_line = make_tokens_by_line(lines)
/app/ipython/IPython/core/inputtransformer2.py:608: UserWarning: `make_tokens_by_line` received a list of lines which do not have lineending markers ('\n', '\r', '\r\n', '\x0b', '\x0c'), behavior will be unspecified
  tokens_by_line = make_tokens_by_line(lines)
/app/ipython/IPython/core/inputtransformer2.py:714: UserWarning: `make_tokens_by_line` received a list of lines which do not have lineending markers ('\n', '\r', '\r\n', '\x0b', '\x0c'), behavior will be unspecified
  tokens_by_line = make_tokens_by_line(lines)
/app/ipython/IPython/core/inputtransformer2.py:608: UserWarning: `make_tokens_by_line` received a list of lines which do not have lineending markers ('\n', '\r', '\r\n', '\x0b', '\x0c'), behavior will be unspecified
  tokens_by_line = make_tokens_by_line(lines)
/app/ipython/IPython/core/inputtransformer2.py:714: UserWarning: `make_tokens_by_line` received a list of lines which do not have lineending markers ('\n', '\r', '\r\n', '\x0b', '\x0c'), behavior will be unspecified
  tokens_by_line = make_tokens_by_line(lines)
/app/ipython/IPython/core/inputtransformer2.py:608: UserWarning: `make_tokens_by_line` received a list of lines which do not have lineending markers ('\n', '\r', '\r\n', '\x0b', '\x0c'), behavior will be unspecified
  tokens_by_line = make_tokens_by_line(lines)
/app/ipython/IPython/core/inputtransformer2.py:714: UserWarning: `make_tokens_by_line` received a list of lines which do not have lineending markers ('\n', '\r', '\r\n', '\x0b', '\x0c'), behavior will be unspecified
  tokens_by_line = make_tokens_by_line(lines)
/app/ipython/IPython/core/inputtransformer2.py:608: UserWarning: `make_tokens_by_line` received a list of lines which do not have lineending markers ('\n', '\r', '\r\n', '\x0b', '\x0c'), behavior will be unspecified
  tokens_by_line = make_tokens_by_line(lines)
/app/ipython/IPython/core/inputtransformer2.py:714: UserWarning: `make_tokens_by_line` received a list of lines which do not have lineending markers ('\n', '\r', '\r\n', '\x0b', '\x0c'), behavior will be unspecified
  tokens_by_line = make_tokens_by_line(lines)
/app/ipython/IPython/core/inputtransformer2.py:608: UserWarning: `make_tokens_by_line` received a list of lines which do not have lineending markers ('\n', '\r', '\r\n', '\x0b', '\x0c'), behavior will be unspecified
  tokens_by_line = make_tokens_by_line(lines)
/app/ipython/IPython/core/inputtransformer2.py:714: UserWarning: `make_tokens_by_line` received a list of lines which do not have lineending markers ('\n', '\r', '\r\n', '\x0b', '\x0c'), behavior will be unspecified
  tokens_by_line = make_tokens_by_line(lines)
/app/ipython/IPython/core/inputtransformer2.py:608: UserWarning: `make_tokens_by_line` received a list of lines which do not have lineending markers ('\n', '\r', '\r\n', '\x0b', '\x0c'), behavior will be unspecified
  tokens_by_line = make_tokens_by_line(lines)
/app/ipython/IPython/core/inputtransformer2.py:714: UserWarning: `make_tokens_by_line` received a list of lines which do not have lineending markers ('\n', '\r', '\r\n', '\x0b', '\x0c'), behavior will be unspecified
  tokens_by_line = make_tokens_by_line(lines)
/app/ipython/IPython/core/inputtransformer2.py:608: UserWarning: `make_tokens_by_line` received a list of lines which do not have lineending markers ('\n', '\r', '\r\n', '\x0b', '\x0c'), behavior will be unspecified
  tokens_by_line = make_tokens_by_line(lines)
/app/ipython/IPython/core/inputtransformer2.py:714: UserWarning: `make_tokens_by_line` received a list of lines which do not have lineending markers ('\n', '\r', '\r\n', '\x0b', '\x0c'), behavior will be unspecified
  tokens_by_line = make_tokens_by_line(lines)
/app/ipython/IPython/core/inputtransformer2.py:608: UserWarning: `make_tokens_by_line` received a list of lines which do not have lineending markers ('\n', '\r', '\r\n', '\x0b', '\x0c'), behavior will be unspecified
  tokens_by_line = make_tokens_by_line(lines)
/app/ipython/IPython/core/inputtransformer2.py:714: UserWarning: `make_tokens_by_line` received a list of lines which do not have lineending markers ('\n', '\r', '\r\n', '\x0b', '\x0c'), behavior will be unspecified
  tokens_by_line = make_tokens_by_line(lines)
/app/ipython/IPython/core/inputtransformer2.py:608: UserWarning: `make_tokens_by_line` received a list of lines which do not have lineending markers ('\n', '\r', '\r\n', '\x0b', '\x0c'), behavior will be unspecified
  tokens_by_line = make_tokens_by_line(lines)
/app/ipython/IPython/core/inputtransformer2.py:714: UserWarning: `make_tokens_by_line` received a list of lines which do not have lineending markers ('\n', '\r', '\r\n', '\x0b', '\x0c'), behavior will be unspecified
  tokens_by_line = make_tokens_by_line(lines)
/app/ipython/IPython/core/inputtransformer2.py:608: UserWarning: `make_tokens_by_line` received a list of lines which do not have lineending markers ('\n', '\r', '\r\n', '\x0b', '\x0c'), behavior will be unspecified
  tokens_by_line = make_tokens_by_line(lines)
/app/ipython/IPython/core/inputtransformer2.py:714: UserWarning: `make_tokens_by_line` received a list of lines which do not have lineending markers ('\n', '\r', '\r\n', '\x0b', '\x0c'), behavior will be unspecified
  tokens_by_line = make_tokens_by_line(lines)
/app/ipython/IPython/core/inputtransformer2.py:608: UserWarning: `make_tokens_by_line` received a list of lines which do not have lineending markers ('\n', '\r', '\r\n', '\x0b', '\x0c'), behavior will be unspecified
  tokens_by_line = make_tokens_by_line(lines)
/app/ipython/IPython/core/inputtransformer2.py:714: UserWarning: `make_tokens_by_line` received a list of lines which do not have lineending markers ('\n', '\r', '\r\n', '\x0b', '\x0c'), behavior will be unspecified
  tokens_by_line = make_tokens_by_line(lines)
/app/ipython/IPython/core/inputtransformer2.py:608: UserWarning: `make_tokens_by_line` received a list of lines which do not have lineending markers ('\n', '\r', '\r\n', '\x0b', '\x0c'), behavior will be unspecified
  tokens_by_line = make_tokens_by_line(lines)
/app/ipython/IPython/core/inputtransformer2.py:714: UserWarning: `make_tokens_by_line` received a list of lines which do not have lineending markers ('\n', '\r', '\r\n', '\x0b', '\x0c'), behavior will be unspecified
  tokens_by_line = make_tokens_by_line(lines)
/app/ipython/IPython/core/inputtransformer2.py:608: UserWarning: `make_tokens_by_line` received a list of lines which do not have lineending markers ('\n', '\r', '\r\n', '\x0b', '\x0c'), behavior will be unspecified
  tokens_by_line = make_tokens_by_line(lines)
/app/ipython/IPython/core/inputtransformer2.py:714: UserWarning: `make_tokens_by_line` received a list of lines which do not have lineending markers ('\n', '\r', '\r\n', '\x0b', '\x0c'), behavior will be unspecified
  tokens_by_line = make_tokens_by_line(lines)
/app/ipython/IPython/core/inputtransformer2.py:608: UserWarning: `make_tokens_by_line` received a list of lines which do not have lineending markers ('\n', '\r', '\r\n', '\x0b', '\x0c'), behavior will be unspecified
  tokens_by_line = make_tokens_by_line(lines)
/app/ipython/IPython/core/inputtransformer2.py:714: UserWarning: `make_tokens_by_line` received a list of lines which do not have lineending markers ('\n', '\r', '\r\n', '\x0b', '\x0c'), behavior will be unspecified
  tokens_by_line = make_tokens_by_line(lines)
/app/ipython/IPython/core/inputtransformer2.py:608: UserWarning: `make_tokens_by_line` received a list of lines which do not have lineending markers ('\n', '\r', '\r\n', '\x0b', '\x0c'), behavior will be unspecified
  tokens_by_line = make_tokens_by_line(lines)
/app/ipython/IPython/core/inputtransformer2.py:714: UserWarning: `make_tokens_by_line` received a list of lines which do not have lineending markers ('\n', '\r', '\r\n', '\x0b', '\x0c'), behavior will be unspecified
  tokens_by_line = make_tokens_by_line(lines)
/app/ipython/IPython/core/inputtransformer2.py:608: UserWarning: `make_tokens_by_line` received a list of lines which do not have lineending markers ('\n', '\r', '\r\n', '\x0b', '\x0c'), behavior will be unspecified
  tokens_by_line = make_tokens_by_line(lines)
/app/ipython/IPython/core/inputtransformer2.py:714: UserWarning: `make_tokens_by_line` received a list of lines which do not have lineending markers ('\n', '\r', '\r\n', '\x0b', '\x0c'), behavior will be unspecified
  tokens_by_line = make_tokens_by_line(lines)
#12400	NEW    cov: 277 ft: 976 corp: 143/794b lim: 17 exec/s: 2066 rss: 84Mb L: 10/17 MS: 2 ShuffleBytes-InsertRepeatedBytes-
/app/ipython/IPython/core/inputtransformer2.py:608: UserWarning: `make_tokens_by_line` received a list of lines which do not have lineending markers ('\n', '\r', '\r\n', '\x0b', '\x0c'), behavior will be unspecified
  tokens_by_line = make_tokens_by_line(lines)
#12418	REDUCE cov: 277 ft: 976 corp: 143/792b lim: 17 exec/s: 2069 rss: 84Mb L: 6/17 MS: 3 CrossOver-PersAutoDict-EraseBytes- DE: "\377\377\377\377"-
#12444	NEW    cov: 277 ft: 979 corp: 144/806b lim: 17 exec/s: 2074 rss: 84Mb L: 14/17 MS: 1 CopyPart-
/app/ipython/IPython/core/inputtransformer2.py:608: UserWarning: `make_tokens_by_line` received a list of lines which do not have lineending markers ('\n', '\r', '\r\n', '\x0b', '\x0c'), behavior will be unspecified
  tokens_by_line = make_tokens_by_line(lines)
#12590	NEW    cov: 277 ft: 983 corp: 145/818b lim: 17 exec/s: 1798 rss: 84Mb L: 12/17 MS: 1 CopyPart-
#12644	NEW    cov: 277 ft: 989 corp: 146/834b lim: 17 exec/s: 1806 rss: 84Mb L: 16/17 MS: 4 CopyPart-ShuffleBytes-ChangeByte-CrossOver-
/app/ipython/IPython/core/inputtransformer2.py:608: UserWarning: `make_tokens_by_line` received a list of lines which do not have lineending markers ('\n', '\r', '\r\n', '\x0b', '\x0c'), behavior will be unspecified
  tokens_by_line = make_tokens_by_line(lines)
/app/ipython/IPython/core/inputtransformer2.py:714: UserWarning: `make_tokens_by_line` received a list of lines which do not have lineending markers ('\n', '\r', '\r\n', '\x0b', '\x0c'), behavior will be unspecified
  tokens_by_line = make_tokens_by_line(lines)
#12690	NEW    cov: 277 ft: 991 corp: 147/843b lim: 17 exec/s: 1812 rss: 84Mb L: 9/17 MS: 1 InsertByte-
#12691	NEW    cov: 277 ft: 992 corp: 148/857b lim: 17 exec/s: 1813 rss: 84Mb L: 14/17 MS: 1 ChangeBit-
/app/ipython/IPython/core/inputtransformer2.py:608: UserWarning: `make_tokens_by_line` received a list of lines which do not have lineending markers ('\n', '\r', '\r\n', '\x0b', '\x0c'), behavior will be unspecified
  tokens_by_line = make_tokens_by_line(lines)
/app/ipython/IPython/core/inputtransformer2.py:714: UserWarning: `make_tokens_by_line` received a list of lines which do not have lineending markers ('\n', '\r', '\r\n', '\x0b', '\x0c'), behavior will be unspecified
  tokens_by_line = make_tokens_by_line(lines)
/app/ipython/IPython/core/inputtransformer2.py:608: UserWarning: `make_tokens_by_line` received a list of lines which do not have lineending markers ('\n', '\r', '\r\n', '\x0b', '\x0c'), behavior will be unspecified
  tokens_by_line = make_tokens_by_line(lines)
/app/ipython/IPython/core/inputtransformer2.py:714: UserWarning: `make_tokens_by_line` received a list of lines which do not have lineending markers ('\n', '\r', '\r\n', '\x0b', '\x0c'), behavior will be unspecified
  tokens_by_line = make_tokens_by_line(lines)
/app/ipython/IPython/core/inputtransformer2.py:608: UserWarning: `make_tokens_by_line` received a list of lines which do not have lineending markers ('\n', '\r', '\r\n', '\x0b', '\x0c'), behavior will be unspecified
  tokens_by_line = make_tokens_by_line(lines)
/app/ipython/IPython/core/inputtransformer2.py:714: UserWarning: `make_tokens_by_line` received a list of lines which do not have lineending markers ('\n', '\r', '\r\n', '\x0b', '\x0c'), behavior will be unspecified
  tokens_by_line = make_tokens_by_line(lines)
/app/ipython/IPython/core/inputtransformer2.py:608: UserWarning: `make_tokens_by_line` received a list of lines which do not have lineending markers ('\n', '\r', '\r\n', '\x0b', '\x0c'), behavior will be unspecified
  tokens_by_line = make_tokens_by_line(lines)
/app/ipython/IPython/core/inputtransformer2.py:714: UserWarning: `make_tokens_by_line` received a list of lines which do not have lineending markers ('\n', '\r', '\r\n', '\x0b', '\x0c'), behavior will be unspecified
  tokens_by_line = make_tokens_by_line(lines)
/app/ipython/IPython/core/inputtransformer2.py:608: UserWarning: `make_tokens_by_line` received a list of lines which do not have lineending markers ('\n', '\r', '\r\n', '\x0b', '\x0c'), behavior will be unspecified
  tokens_by_line = make_tokens_by_line(lines)
/app/ipython/IPython/core/inputtransformer2.py:714: UserWarning: `make_tokens_by_line` received a list of lines which do not have lineending markers ('\n', '\r', '\r\n', '\x0b', '\x0c'), behavior will be unspecified
  tokens_by_line = make_tokens_by_line(lines)
/app/ipython/IPython/core/inputtransformer2.py:608: UserWarning: `make_tokens_by_line` received a list of lines which do not have lineending markers ('\n', '\r', '\r\n', '\x0b', '\x0c'), behavior will be unspecified
  tokens_by_line = make_tokens_by_line(lines)
/app/ipython/IPython/core/inputtransformer2.py:714: UserWarning: `make_tokens_by_line` received a list of lines which do not have lineending markers ('\n', '\r', '\r\n', '\x0b', '\x0c'), behavior will be unspecified
  tokens_by_line = make_tokens_by_line(lines)
/app/ipython/IPython/core/inputtransformer2.py:608: UserWarning: `make_tokens_by_line` received a list of lines which do not have lineending markers ('\n', '\r', '\r\n', '\x0b', '\x0c'), behavior will be unspecified
  tokens_by_line = make_tokens_by_line(lines)
/app/ipython/IPython/core/inputtransformer2.py:714: UserWarning: `make_tokens_by_line` received a list of lines which do not have lineending markers ('\n', '\r', '\r\n', '\x0b', '\x0c'), behavior will be unspecified
  tokens_by_line = make_tokens_by_line(lines)
/app/ipython/IPython/core/inputtransformer2.py:608: UserWarning: `make_tokens_by_line` received a list of lines which do not have lineending markers ('\n', '\r', '\r\n', '\x0b', '\x0c'), behavior will be unspecified
  tokens_by_line = make_tokens_by_line(lines)
#12777	REDUCE cov: 277 ft: 993 corp: 149/871b lim: 17 exec/s: 1825 rss: 84Mb L: 14/17 MS: 1 InsertRepeatedBytes-
#12848	REDUCE cov: 277 ft: 993 corp: 149/870b lim: 17 exec/s: 1835 rss: 84Mb L: 4/17 MS: 1 EraseBytes-
/app/ipython/IPython/core/inputtransformer2.py:608: UserWarning: `make_tokens_by_line` received a list of lines which do not have lineending markers ('\n', '\r', '\r\n', '\x0b', '\x0c'), behavior will be unspecified
  tokens_by_line = make_tokens_by_line(lines)
#12903	REDUCE cov: 277 ft: 993 corp: 149/866b lim: 17 exec/s: 1843 rss: 84Mb L: 6/17 MS: 5 ChangeBit-CrossOver-InsertRepeatedBytes-ChangeBinInt-CrossOver-
#12939	REDUCE cov: 277 ft: 993 corp: 149/863b lim: 17 exec/s: 1848 rss: 84Mb L: 11/17 MS: 1 EraseBytes-
/app/ipython/IPython/core/inputtransformer2.py:608: UserWarning: `make_tokens_by_line` received a list of lines which do not have lineending markers ('\n', '\r', '\r\n', '\x0b', '\x0c'), behavior will be unspecified
  tokens_by_line = make_tokens_by_line(lines)
/app/ipython/IPython/core/inputtransformer2.py:608: UserWarning: `make_tokens_by_line` received a list of lines which do not have lineending markers ('\n', '\r', '\r\n', '\x0b', '\x0c'), behavior will be unspecified
  tokens_by_line = make_tokens_by_line(lines)
/app/ipython/IPython/core/inputtransformer2.py:714: UserWarning: `make_tokens_by_line` received a list of lines which do not have lineending markers ('\n', '\r', '\r\n', '\x0b', '\x0c'), behavior will be unspecified
  tokens_by_line = make_tokens_by_line(lines)
/app/ipython/IPython/core/inputtransformer2.py:608: UserWarning: `make_tokens_by_line` received a list of lines which do not have lineending markers ('\n', '\r', '\r\n', '\x0b', '\x0c'), behavior will be unspecified
  tokens_by_line = make_tokens_by_line(lines)
/app/ipython/IPython/core/inputtransformer2.py:714: UserWarning: `make_tokens_by_line` received a list of lines which do not have lineending markers ('\n', '\r', '\r\n', '\x0b', '\x0c'), behavior will be unspecified
  tokens_by_line = make_tokens_by_line(lines)
#12986	REDUCE cov: 277 ft: 993 corp: 149/859b lim: 17 exec/s: 1855 rss: 84Mb L: 11/17 MS: 2 CMP-EraseBytes- DE: "\377\377"-
/app/ipython/IPython/core/inputtransformer2.py:608: UserWarning: `make_tokens_by_line` received a list of lines which do not have lineending markers ('\n', '\r', '\r\n', '\x0b', '\x0c'), behavior will be unspecified
  tokens_by_line = make_tokens_by_line(lines)
/app/ipython/IPython/core/inputtransformer2.py:714: UserWarning: `make_tokens_by_line` received a list of lines which do not have lineending markers ('\n', '\r', '\r\n', '\x0b', '\x0c'), behavior will be unspecified
  tokens_by_line = make_tokens_by_line(lines)
/app/ipython/IPython/core/inputtransformer2.py:608: UserWarning: `make_tokens_by_line` received a list of lines which do not have lineending markers ('\n', '\r', '\r\n', '\x0b', '\x0c'), behavior will be unspecified
  tokens_by_line = make_tokens_by_line(lines)
/app/ipython/IPython/core/inputtransformer2.py:714: UserWarning: `make_tokens_by_line` received a list of lines which do not have lineending markers ('\n', '\r', '\r\n', '\x0b', '\x0c'), behavior will be unspecified
  tokens_by_line = make_tokens_by_line(lines)
/app/ipython/IPython/core/inputtransformer2.py:608: UserWarning: `make_tokens_by_line` received a list of lines which do not have lineending markers ('\n', '\r', '\r\n', '\x0b', '\x0c'), behavior will be unspecified
  tokens_by_line = make_tokens_by_line(lines)
/app/ipython/IPython/core/inputtransformer2.py:714: UserWarning: `make_tokens_by_line` received a list of lines which do not have lineending markers ('\n', '\r', '\r\n', '\x0b', '\x0c'), behavior will be unspecified
  tokens_by_line = make_tokens_by_line(lines)
/app/ipython/IPython/core/inputtransformer2.py:608: UserWarning: `make_tokens_by_line` received a list of lines which do not have lineending markers ('\n', '\r', '\r\n', '\x0b', '\x0c'), behavior will be unspecified
  tokens_by_line = make_tokens_by_line(lines)
/app/ipython/IPython/core/inputtransformer2.py:714: UserWarning: `make_tokens_by_line` received a list of lines which do not have lineending markers ('\n', '\r', '\r\n', '\x0b', '\x0c'), behavior will be unspecified
  tokens_by_line = make_tokens_by_line(lines)
/app/ipython/IPython/core/inputtransformer2.py:608: UserWarning: `make_tokens_by_line` received a list of lines which do not have lineending markers ('\n', '\r', '\r\n', '\x0b', '\x0c'), behavior will be unspecified
  tokens_by_line = make_tokens_by_line(lines)
/app/ipython/IPython/core/inputtransformer2.py:714: UserWarning: `make_tokens_by_line` received a list of lines which do not have lineending markers ('\n', '\r', '\r\n', '\x0b', '\x0c'), behavior will be unspecified
  tokens_by_line = make_tokens_by_line(lines)
/app/ipython/IPython/core/inputtransformer2.py:608: UserWarning: `make_tokens_by_line` received a list of lines which do not have lineending markers ('\n', '\r', '\r\n', '\x0b', '\x0c'), behavior will be unspecified
  tokens_by_line = make_tokens_by_line(lines)
/app/ipython/IPython/core/inputtransformer2.py:714: UserWarning: `make_tokens_by_line` received a list of lines which do not have lineending markers ('\n', '\r', '\r\n', '\x0b', '\x0c'), behavior will be unspecified
  tokens_by_line = make_tokens_by_line(lines)
/app/ipython/IPython/core/inputtransformer2.py:608: UserWarning: `make_tokens_by_line` received a list of lines which do not have lineending markers ('\n', '\r', '\r\n', '\x0b', '\x0c'), behavior will be unspecified
  tokens_by_line = make_tokens_by_line(lines)
/app/ipython/IPython/core/inputtransformer2.py:714: UserWarning: `make_tokens_by_line` received a list of lines which do not have lineending markers ('\n', '\r', '\r\n', '\x0b', '\x0c'), behavior will be unspecified
  tokens_by_line = make_tokens_by_line(lines)
/app/ipython/IPython/core/inputtransformer2.py:608: UserWarning: `make_tokens_by_line` received a list of lines which do not have lineending markers ('\n', '\r', '\r\n', '\x0b', '\x0c'), behavior will be unspecified
  tokens_by_line = make_tokens_by_line(lines)
/app/ipython/IPython/core/inputtransformer2.py:714: UserWarning: `make_tokens_by_line` received a list of lines which do not have lineending markers ('\n', '\r', '\r\n', '\x0b', '\x0c'), behavior will be unspecified
  tokens_by_line = make_tokens_by_line(lines)
/app/ipython/IPython/core/inputtransformer2.py:608: UserWarning: `make_tokens_by_line` received a list of lines which do not have lineending markers ('\n', '\r', '\r\n', '\x0b', '\x0c'), behavior will be unspecified
  tokens_by_line = make_tokens_by_line(lines)
/app/ipython/IPython/core/inputtransformer2.py:608: UserWarning: `make_tokens_by_line` received a list of lines which do not have lineending markers ('\n', '\r', '\r\n', '\x0b', '\x0c'), behavior will be unspecified
  tokens_by_line = make_tokens_by_line(lines)
/app/ipython/IPython/core/inputtransformer2.py:608: UserWarning: `make_tokens_by_line` received a list of lines which do not have lineending markers ('\n', '\r', '\r\n', '\x0b', '\x0c'), behavior will be unspecified
  tokens_by_line = make_tokens_by_line(lines)
/app/ipython/IPython/core/inputtransformer2.py:608: UserWarning: `make_tokens_by_line` received a list of lines which do not have lineending markers ('\n', '\r', '\r\n', '\x0b', '\x0c'), behavior will be unspecified
  tokens_by_line = make_tokens_by_line(lines)
/app/ipython/IPython/core/inputtransformer2.py:608: UserWarning: `make_tokens_by_line` received a list of lines which do not have lineending markers ('\n', '\r', '\r\n', '\x0b', '\x0c'), behavior will be unspecified
  tokens_by_line = make_tokens_by_line(lines)
/app/ipython/IPython/core/inputtransformer2.py:608: UserWarning: `make_tokens_by_line` received a list of lines which do not have lineending markers ('\n', '\r', '\r\n', '\x0b', '\x0c'), behavior will be unspecified
  tokens_by_line = make_tokens_by_line(lines)
/app/ipython/IPython/core/inputtransformer2.py:608: UserWarning: `make_tokens_by_line` received a list of lines which do not have lineending markers ('\n', '\r', '\r\n', '\x0b', '\x0c'), behavior will be unspecified
  tokens_by_line = make_tokens_by_line(lines)
/app/ipython/IPython/core/inputtransformer2.py:608: UserWarning: `make_tokens_by_line` received a list of lines which do not have lineending markers ('\n', '\r', '\r\n', '\x0b', '\x0c'), behavior will be unspecified
  tokens_by_line = make_tokens_by_line(lines)
/app/ipython/IPython/core/inputtransformer2.py:608: UserWarning: `make_tokens_by_line` received a list of lines which do not have lineending markers ('\n', '\r', '\r\n', '\x0b', '\x0c'), behavior will be unspecified
  tokens_by_line = make_tokens_by_line(lines)
/app/ipython/IPython/core/inputtransformer2.py:608: UserWarning: `make_tokens_by_line` received a list of lines which do not have lineending markers ('\n', '\r', '\r\n', '\x0b', '\x0c'), behavior will be unspecified
  tokens_by_line = make_tokens_by_line(lines)
/app/ipython/IPython/core/inputtransformer2.py:608: UserWarning: `make_tokens_by_line` received a list of lines which do not have lineending markers ('\n', '\r', '\r\n', '\x0b', '\x0c'), behavior will be unspecified
  tokens_by_line = make_tokens_by_line(lines)
/app/ipython/IPython/core/inputtransformer2.py:608: UserWarning: `make_tokens_by_line` received a list of lines which do not have lineending markers ('\n', '\r', '\r\n', '\x0b', '\x0c'), behavior will be unspecified
  tokens_by_line = make_tokens_by_line(lines)
/app/ipython/IPython/core/inputtransformer2.py:608: UserWarning: `make_tokens_by_line` received a list of lines which do not have lineending markers ('\n', '\r', '\r\n', '\x0b', '\x0c'), behavior will be unspecified
  tokens_by_line = make_tokens_by_line(lines)
/app/ipython/IPython/core/inputtransformer2.py:608: UserWarning: `make_tokens_by_line` received a list of lines which do not have lineending markers ('\n', '\r', '\r\n', '\x0b', '\x0c'), behavior will be unspecified
  tokens_by_line = make_tokens_by_line(lines)
/app/ipython/IPython/core/inputtransformer2.py:608: UserWarning: `make_tokens_by_line` received a list of lines which do not have lineending markers ('\n', '\r', '\r\n', '\x0b', '\x0c'), behavior will be unspecified
  tokens_by_line = make_tokens_by_line(lines)
/app/ipython/IPython/core/inputtransformer2.py:608: UserWarning: `make_tokens_by_line` received a list of lines which do not have lineending markers ('\n', '\r', '\r\n', '\x0b', '\x0c'), behavior will be unspecified
  tokens_by_line = make_tokens_by_line(lines)
/app/ipython/IPython/core/inputtransformer2.py:714: UserWarning: `make_tokens_by_line` received a list of lines which do not have lineending markers ('\n', '\r', '\r\n', '\x0b', '\x0c'), behavior will be unspecified
  tokens_by_line = make_tokens_by_line(lines)
/app/ipython/IPython/core/inputtransformer2.py:608: UserWarning: `make_tokens_by_line` received a list of lines which do not have lineending markers ('\n', '\r', '\r\n', '\x0b', '\x0c'), behavior will be unspecified
  tokens_by_line = make_tokens_by_line(lines)
/app/ipython/IPython/core/inputtransformer2.py:714: UserWarning: `make_tokens_by_line` received a list of lines which do not have lineending markers ('\n', '\r', '\r\n', '\x0b', '\x0c'), behavior will be unspecified
  tokens_by_line = make_tokens_by_line(lines)
/app/ipython/IPython/core/inputtransformer2.py:608: UserWarning: `make_tokens_by_line` received a list of lines which do not have lineending markers ('\n', '\r', '\r\n', '\x0b', '\x0c'), behavior will be unspecified
  tokens_by_line = make_tokens_by_line(lines)
/app/ipython/IPython/core/inputtransformer2.py:714: UserWarning: `make_tokens_by_line` received a list of lines which do not have lineending markers ('\n', '\r', '\r\n', '\x0b', '\x0c'), behavior will be unspecified
  tokens_by_line = make_tokens_by_line(lines)
/app/ipython/IPython/core/inputtransformer2.py:608: UserWarning: `make_tokens_by_line` received a list of lines which do not have lineending markers ('\n', '\r', '\r\n', '\x0b', '\x0c'), behavior will be unspecified
  tokens_by_line = make_tokens_by_line(lines)
/app/ipython/IPython/core/inputtransformer2.py:714: UserWarning: `make_tokens_by_line` received a list of lines which do not have lineending markers ('\n', '\r', '\r\n', '\x0b', '\x0c'), behavior will be unspecified
  tokens_by_line = make_tokens_by_line(lines)
/app/ipython/IPython/core/inputtransformer2.py:608: UserWarning: `make_tokens_by_line` received a list of lines which do not have lineending markers ('\n', '\r', '\r\n', '\x0b', '\x0c'), behavior will be unspecified
  tokens_by_line = make_tokens_by_line(lines)
/app/ipython/IPython/core/inputtransformer2.py:714: UserWarning: `make_tokens_by_line` received a list of lines which do not have lineending markers ('\n', '\r', '\r\n', '\x0b', '\x0c'), behavior will be unspecified
  tokens_by_line = make_tokens_by_line(lines)
/app/ipython/IPython/core/inputtransformer2.py:608: UserWarning: `make_tokens_by_line` received a list of lines which do not have lineending markers ('\n', '\r', '\r\n', '\x0b', '\x0c'), behavior will be unspecified
  tokens_by_line = make_tokens_by_line(lines)
/app/ipython/IPython/core/inputtransformer2.py:608: UserWarning: `make_tokens_by_line` received a list of lines which do not have lineending markers ('\n', '\r', '\r\n', '\x0b', '\x0c'), behavior will be unspecified
  tokens_by_line = make_tokens_by_line(lines)
/app/ipython/IPython/core/inputtransformer2.py:714: UserWarning: `make_tokens_by_line` received a list of lines which do not have lineending markers ('\n', '\r', '\r\n', '\x0b', '\x0c'), behavior will be unspecified
  tokens_by_line = make_tokens_by_line(lines)
/app/ipython/IPython/core/inputtransformer2.py:608: UserWarning: `make_tokens_by_line` received a list of lines which do not have lineending markers ('\n', '\r', '\r\n', '\x0b', '\x0c'), behavior will be unspecified
  tokens_by_line = make_tokens_by_line(lines)
/app/ipython/IPython/core/inputtransformer2.py:714: UserWarning: `make_tokens_by_line` received a list of lines which do not have lineending markers ('\n', '\r', '\r\n', '\x0b', '\x0c'), behavior will be unspecified
  tokens_by_line = make_tokens_by_line(lines)
/app/ipython/IPython/core/inputtransformer2.py:608: UserWarning: `make_tokens_by_line` received a list of lines which do not have lineending markers ('\n', '\r', '\r\n', '\x0b', '\x0c'), behavior will be unspecified
  tokens_by_line = make_tokens_by_line(lines)
/app/ipython/IPython/core/inputtransformer2.py:714: UserWarning: `make_tokens_by_line` received a list of lines which do not have lineending markers ('\n', '\r', '\r\n', '\x0b', '\x0c'), behavior will be unspecified
  tokens_by_line = make_tokens_by_line(lines)
/app/ipython/IPython/core/inputtransformer2.py:608: UserWarning: `make_tokens_by_line` received a list of lines which do not have lineending markers ('\n', '\r', '\r\n', '\x0b', '\x0c'), behavior will be unspecified
  tokens_by_line = make_tokens_by_line(lines)
/app/ipython/IPython/core/inputtransformer2.py:714: UserWarning: `make_tokens_by_line` received a list of lines which do not have lineending markers ('\n', '\r', '\r\n', '\x0b', '\x0c'), behavior will be unspecified
  tokens_by_line = make_tokens_by_line(lines)
#13500	REDUCE cov: 277 ft: 994 corp: 150/879b lim: 21 exec/s: 1928 rss: 84Mb L: 20/20 MS: 4 CrossOver-CopyPart-ChangeByte-CrossOver-
#13501	NEW    cov: 277 ft: 997 corp: 151/893b lim: 21 exec/s: 1928 rss: 84Mb L: 14/20 MS: 1 InsertByte-
/app/ipython/IPython/core/inputtransformer2.py:608: UserWarning: `make_tokens_by_line` received a list of lines which do not have lineending markers ('\n', '\r', '\r\n', '\x0b', '\x0c'), behavior will be unspecified
  tokens_by_line = make_tokens_by_line(lines)
/app/ipython/IPython/core/inputtransformer2.py:714: UserWarning: `make_tokens_by_line` received a list of lines which do not have lineending markers ('\n', '\r', '\r\n', '\x0b', '\x0c'), behavior will be unspecified
  tokens_by_line = make_tokens_by_line(lines)
#13590	REDUCE cov: 277 ft: 997 corp: 151/888b lim: 21 exec/s: 1941 rss: 84Mb L: 9/20 MS: 4 ChangeBinInt-ChangeBinInt-CrossOver-EraseBytes-
#13680	NEW    cov: 277 ft: 999 corp: 152/903b lim: 21 exec/s: 1954 rss: 84Mb L: 15/20 MS: 5 EraseBytes-InsertByte-PersAutoDict-PersAutoDict-CopyPart- DE: "\377\377\377\377"-"\377\377"-
#13785	NEW    cov: 277 ft: 1001 corp: 153/912b lim: 21 exec/s: 1969 rss: 84Mb L: 9/20 MS: 5 ChangeBit-ChangeBit-ChangeBinInt-CrossOver-ChangeBit-
/app/ipython/IPython/core/inputtransformer2.py:608: UserWarning: `make_tokens_by_line` received a list of lines which do not have lineending markers ('\n', '\r', '\r\n', '\x0b', '\x0c'), behavior will be unspecified
  tokens_by_line = make_tokens_by_line(lines)
/app/ipython/IPython/core/inputtransformer2.py:608: UserWarning: `make_tokens_by_line` received a list of lines which do not have lineending markers ('\n', '\r', '\r\n', '\x0b', '\x0c'), behavior will be unspecified
  tokens_by_line = make_tokens_by_line(lines)
/app/ipython/IPython/core/inputtransformer2.py:608: UserWarning: `make_tokens_by_line` received a list of lines which do not have lineending markers ('\n', '\r', '\r\n', '\x0b', '\x0c'), behavior will be unspecified
  tokens_by_line = make_tokens_by_line(lines)
/app/ipython/IPython/core/inputtransformer2.py:608: UserWarning: `make_tokens_by_line` received a list of lines which do not have lineending markers ('\n', '\r', '\r\n', '\x0b', '\x0c'), behavior will be unspecified
  tokens_by_line = make_tokens_by_line(lines)
/app/ipython/IPython/core/inputtransformer2.py:608: UserWarning: `make_tokens_by_line` received a list of lines which do not have lineending markers ('\n', '\r', '\r\n', '\x0b', '\x0c'), behavior will be unspecified
  tokens_by_line = make_tokens_by_line(lines)
/app/ipython/IPython/core/inputtransformer2.py:608: UserWarning: `make_tokens_by_line` received a list of lines which do not have lineending markers ('\n', '\r', '\r\n', '\x0b', '\x0c'), behavior will be unspecified
  tokens_by_line = make_tokens_by_line(lines)
/app/ipython/IPython/core/inputtransformer2.py:714: UserWarning: `make_tokens_by_line` received a list of lines which do not have lineending markers ('\n', '\r', '\r\n', '\x0b', '\x0c'), behavior will be unspecified
  tokens_by_line = make_tokens_by_line(lines)
/app/ipython/IPython/core/inputtransformer2.py:608: UserWarning: `make_tokens_by_line` received a list of lines which do not have lineending markers ('\n', '\r', '\r\n', '\x0b', '\x0c'), behavior will be unspecified
  tokens_by_line = make_tokens_by_line(lines)
/app/ipython/IPython/core/inputtransformer2.py:714: UserWarning: `make_tokens_by_line` received a list of lines which do not have lineending markers ('\n', '\r', '\r\n', '\x0b', '\x0c'), behavior will be unspecified
  tokens_by_line = make_tokens_by_line(lines)
/app/ipython/IPython/core/inputtransformer2.py:608: UserWarning: `make_tokens_by_line` received a list of lines which do not have lineending markers ('\n', '\r', '\r\n', '\x0b', '\x0c'), behavior will be unspecified
  tokens_by_line = make_tokens_by_line(lines)
/app/ipython/IPython/core/inputtransformer2.py:714: UserWarning: `make_tokens_by_line` received a list of lines which do not have lineending markers ('\n', '\r', '\r\n', '\x0b', '\x0c'), behavior will be unspecified
  tokens_by_line = make_tokens_by_line(lines)
/app/ipython/IPython/core/inputtransformer2.py:608: UserWarning: `make_tokens_by_line` received a list of lines which do not have lineending markers ('\n', '\r', '\r\n', '\x0b', '\x0c'), behavior will be unspecified
  tokens_by_line = make_tokens_by_line(lines)
/app/ipython/IPython/core/inputtransformer2.py:714: UserWarning: `make_tokens_by_line` received a list of lines which do not have lineending markers ('\n', '\r', '\r\n', '\x0b', '\x0c'), behavior will be unspecified
  tokens_by_line = make_tokens_by_line(lines)
/app/ipython/IPython/core/inputtransformer2.py:608: UserWarning: `make_tokens_by_line` received a list of lines which do not have lineending markers ('\n', '\r', '\r\n', '\x0b', '\x0c'), behavior will be unspecified
  tokens_by_line = make_tokens_by_line(lines)
/app/ipython/IPython/core/inputtransformer2.py:714: UserWarning: `make_tokens_by_line` received a list of lines which do not have lineending markers ('\n', '\r', '\r\n', '\x0b', '\x0c'), behavior will be unspecified
  tokens_by_line = make_tokens_by_line(lines)
/app/ipython/IPython/core/inputtransformer2.py:608: UserWarning: `make_tokens_by_line` received a list of lines which do not have lineending markers ('\n', '\r', '\r\n', '\x0b', '\x0c'), behavior will be unspecified
  tokens_by_line = make_tokens_by_line(lines)
/app/ipython/IPython/core/inputtransformer2.py:714: UserWarning: `make_tokens_by_line` received a list of lines which do not have lineending markers ('\n', '\r', '\r\n', '\x0b', '\x0c'), behavior will be unspecified
  tokens_by_line = make_tokens_by_line(lines)
/app/ipython/IPython/core/inputtransformer2.py:608: UserWarning: `make_tokens_by_line` received a list of lines which do not have lineending markers ('\n', '\r', '\r\n', '\x0b', '\x0c'), behavior will be unspecified
  tokens_by_line = make_tokens_by_line(lines)
/app/ipython/IPython/core/inputtransformer2.py:714: UserWarning: `make_tokens_by_line` received a list of lines which do not have lineending markers ('\n', '\r', '\r\n', '\x0b', '\x0c'), behavior will be unspecified
  tokens_by_line = make_tokens_by_line(lines)
/app/ipython/IPython/core/inputtransformer2.py:608: UserWarning: `make_tokens_by_line` received a list of lines which do not have lineending markers ('\n', '\r', '\r\n', '\x0b', '\x0c'), behavior will be unspecified
  tokens_by_line = make_tokens_by_line(lines)
/app/ipython/IPython/core/inputtransformer2.py:714: UserWarning: `make_tokens_by_line` received a list of lines which do not have lineending markers ('\n', '\r', '\r\n', '\x0b', '\x0c'), behavior will be unspecified
  tokens_by_line = make_tokens_by_line(lines)
/app/ipython/IPython/core/inputtransformer2.py:608: UserWarning: `make_tokens_by_line` received a list of lines which do not have lineending markers ('\n', '\r', '\r\n', '\x0b', '\x0c'), behavior will be unspecified
  tokens_by_line = make_tokens_by_line(lines)
/app/ipython/IPython/core/inputtransformer2.py:714: UserWarning: `make_tokens_by_line` received a list of lines which do not have lineending markers ('\n', '\r', '\r\n', '\x0b', '\x0c'), behavior will be unspecified
  tokens_by_line = make_tokens_by_line(lines)
/app/ipython/IPython/core/inputtransformer2.py:608: UserWarning: `make_tokens_by_line` received a list of lines which do not have lineending markers ('\n', '\r', '\r\n', '\x0b', '\x0c'), behavior will be unspecified
  tokens_by_line = make_tokens_by_line(lines)
/app/ipython/IPython/core/inputtransformer2.py:714: UserWarning: `make_tokens_by_line` received a list of lines which do not have lineending markers ('\n', '\r', '\r\n', '\x0b', '\x0c'), behavior will be unspecified
  tokens_by_line = make_tokens_by_line(lines)
/app/ipython/IPython/core/inputtransformer2.py:608: UserWarning: `make_tokens_by_line` received a list of lines which do not have lineending markers ('\n', '\r', '\r\n', '\x0b', '\x0c'), behavior will be unspecified
  tokens_by_line = make_tokens_by_line(lines)
/app/ipython/IPython/core/inputtransformer2.py:714: UserWarning: `make_tokens_by_line` received a list of lines which do not have lineending markers ('\n', '\r', '\r\n', '\x0b', '\x0c'), behavior will be unspecified
  tokens_by_line = make_tokens_by_line(lines)
#13856	REDUCE cov: 277 ft: 1002 corp: 154/922b lim: 21 exec/s: 1979 rss: 84Mb L: 10/20 MS: 1 ChangeByte-
#13949	REDUCE cov: 277 ft: 1002 corp: 154/921b lim: 21 exec/s: 1992 rss: 84Mb L: 5/20 MS: 3 ChangeBit-ChangeBit-EraseBytes-
/app/ipython/IPython/core/inputtransformer2.py:608: UserWarning: `make_tokens_by_line` received a list of lines which do not have lineending markers ('\n', '\r', '\r\n', '\x0b', '\x0c'), behavior will be unspecified
  tokens_by_line = make_tokens_by_line(lines)
/app/ipython/IPython/core/inputtransformer2.py:608: UserWarning: `make_tokens_by_line` received a list of lines which do not have lineending markers ('\n', '\r', '\r\n', '\x0b', '\x0c'), behavior will be unspecified
  tokens_by_line = make_tokens_by_line(lines)
/app/ipython/IPython/core/inputtransformer2.py:608: UserWarning: `make_tokens_by_line` received a list of lines which do not have lineending markers ('\n', '\r', '\r\n', '\x0b', '\x0c'), behavior will be unspecified
  tokens_by_line = make_tokens_by_line(lines)
/app/ipython/IPython/core/inputtransformer2.py:608: UserWarning: `make_tokens_by_line` received a list of lines which do not have lineending markers ('\n', '\r', '\r\n', '\x0b', '\x0c'), behavior will be unspecified
  tokens_by_line = make_tokens_by_line(lines)
/app/ipython/IPython/core/inputtransformer2.py:714: UserWarning: `make_tokens_by_line` received a list of lines which do not have lineending markers ('\n', '\r', '\r\n', '\x0b', '\x0c'), behavior will be unspecified
  tokens_by_line = make_tokens_by_line(lines)
/app/ipython/IPython/core/inputtransformer2.py:608: UserWarning: `make_tokens_by_line` received a list of lines which do not have lineending markers ('\n', '\r', '\r\n', '\x0b', '\x0c'), behavior will be unspecified
  tokens_by_line = make_tokens_by_line(lines)
/app/ipython/IPython/core/inputtransformer2.py:714: UserWarning: `make_tokens_by_line` received a list of lines which do not have lineending markers ('\n', '\r', '\r\n', '\x0b', '\x0c'), behavior will be unspecified
  tokens_by_line = make_tokens_by_line(lines)
/app/ipython/IPython/core/inputtransformer2.py:608: UserWarning: `make_tokens_by_line` received a list of lines which do not have lineending markers ('\n', '\r', '\r\n', '\x0b', '\x0c'), behavior will be unspecified
  tokens_by_line = make_tokens_by_line(lines)
/app/ipython/IPython/core/inputtransformer2.py:714: UserWarning: `make_tokens_by_line` received a list of lines which do not have lineending markers ('\n', '\r', '\r\n', '\x0b', '\x0c'), behavior will be unspecified
  tokens_by_line = make_tokens_by_line(lines)
#14136	REDUCE cov: 277 ft: 1002 corp: 154/920b lim: 21 exec/s: 1767 rss: 84Mb L: 3/20 MS: 2 ChangeByte-EraseBytes-
/app/ipython/IPython/core/inputtransformer2.py:608: UserWarning: `make_tokens_by_line` received a list of lines which do not have lineending markers ('\n', '\r', '\r\n', '\x0b', '\x0c'), behavior will be unspecified
  tokens_by_line = make_tokens_by_line(lines)
/app/ipython/IPython/core/inputtransformer2.py:608: UserWarning: `make_tokens_by_line` received a list of lines which do not have lineending markers ('\n', '\r', '\r\n', '\x0b', '\x0c'), behavior will be unspecified
  tokens_by_line = make_tokens_by_line(lines)
/app/ipython/IPython/core/inputtransformer2.py:714: UserWarning: `make_tokens_by_line` received a list of lines which do not have lineending markers ('\n', '\r', '\r\n', '\x0b', '\x0c'), behavior will be unspecified
  tokens_by_line = make_tokens_by_line(lines)
/app/ipython/IPython/core/inputtransformer2.py:608: UserWarning: `make_tokens_by_line` received a list of lines which do not have lineending markers ('\n', '\r', '\r\n', '\x0b', '\x0c'), behavior will be unspecified
  tokens_by_line = make_tokens_by_line(lines)
/app/ipython/IPython/core/inputtransformer2.py:714: UserWarning: `make_tokens_by_line` received a list of lines which do not have lineending markers ('\n', '\r', '\r\n', '\x0b', '\x0c'), behavior will be unspecified
  tokens_by_line = make_tokens_by_line(lines)
/app/ipython/IPython/core/inputtransformer2.py:608: UserWarning: `make_tokens_by_line` received a list of lines which do not have lineending markers ('\n', '\r', '\r\n', '\x0b', '\x0c'), behavior will be unspecified
  tokens_by_line = make_tokens_by_line(lines)
/app/ipython/IPython/core/inputtransformer2.py:714: UserWarning: `make_tokens_by_line` received a list of lines which do not have lineending markers ('\n', '\r', '\r\n', '\x0b', '\x0c'), behavior will be unspecified
  tokens_by_line = make_tokens_by_line(lines)
/app/ipython/IPython/core/inputtransformer2.py:608: UserWarning: `make_tokens_by_line` received a list of lines which do not have lineending markers ('\n', '\r', '\r\n', '\x0b', '\x0c'), behavior will be unspecified
  tokens_by_line = make_tokens_by_line(lines)
/app/ipython/IPython/core/inputtransformer2.py:714: UserWarning: `make_tokens_by_line` received a list of lines which do not have lineending markers ('\n', '\r', '\r\n', '\x0b', '\x0c'), behavior will be unspecified
  tokens_by_line = make_tokens_by_line(lines)
/app/ipython/IPython/core/inputtransformer2.py:608: UserWarning: `make_tokens_by_line` received a list of lines which do not have lineending markers ('\n', '\r', '\r\n', '\x0b', '\x0c'), behavior will be unspecified
  tokens_by_line = make_tokens_by_line(lines)
/app/ipython/IPython/core/inputtransformer2.py:714: UserWarning: `make_tokens_by_line` received a list of lines which do not have lineending markers ('\n', '\r', '\r\n', '\x0b', '\x0c'), behavior will be unspecified
  tokens_by_line = make_tokens_by_line(lines)
/app/ipython/IPython/core/inputtransformer2.py:608: UserWarning: `make_tokens_by_line` received a list of lines which do not have lineending markers ('\n', '\r', '\r\n', '\x0b', '\x0c'), behavior will be unspecified
  tokens_by_line = make_tokens_by_line(lines)
/app/ipython/IPython/core/inputtransformer2.py:714: UserWarning: `make_tokens_by_line` received a list of lines which do not have lineending markers ('\n', '\r', '\r\n', '\x0b', '\x0c'), behavior will be unspecified
  tokens_by_line = make_tokens_by_line(lines)
/app/ipython/IPython/core/inputtransformer2.py:608: UserWarning: `make_tokens_by_line` received a list of lines which do not have lineending markers ('\n', '\r', '\r\n', '\x0b', '\x0c'), behavior will be unspecified
  tokens_by_line = make_tokens_by_line(lines)
/app/ipython/IPython/core/inputtransformer2.py:714: UserWarning: `make_tokens_by_line` received a list of lines which do not have lineending markers ('\n', '\r', '\r\n', '\x0b', '\x0c'), behavior will be unspecified
  tokens_by_line = make_tokens_by_line(lines)
/app/ipython/IPython/core/inputtransformer2.py:608: UserWarning: `make_tokens_by_line` received a list of lines which do not have lineending markers ('\n', '\r', '\r\n', '\x0b', '\x0c'), behavior will be unspecified
  tokens_by_line = make_tokens_by_line(lines)
/app/ipython/IPython/core/inputtransformer2.py:714: UserWarning: `make_tokens_by_line` received a list of lines which do not have lineending markers ('\n', '\r', '\r\n', '\x0b', '\x0c'), behavior will be unspecified
  tokens_by_line = make_tokens_by_line(lines)
/app/ipython/IPython/core/inputtransformer2.py:608: UserWarning: `make_tokens_by_line` received a list of lines which do not have lineending markers ('\n', '\r', '\r\n', '\x0b', '\x0c'), behavior will be unspecified
  tokens_by_line = make_tokens_by_line(lines)
/app/ipython/IPython/core/inputtransformer2.py:714: UserWarning: `make_tokens_by_line` received a list of lines which do not have lineending markers ('\n', '\r', '\r\n', '\x0b', '\x0c'), behavior will be unspecified
  tokens_by_line = make_tokens_by_line(lines)
/app/ipython/IPython/core/inputtransformer2.py:608: UserWarning: `make_tokens_by_line` received a list of lines which do not have lineending markers ('\n', '\r', '\r\n', '\x0b', '\x0c'), behavior will be unspecified
  tokens_by_line = make_tokens_by_line(lines)
/app/ipython/IPython/core/inputtransformer2.py:714: UserWarning: `make_tokens_by_line` received a list of lines which do not have lineending markers ('\n', '\r', '\r\n', '\x0b', '\x0c'), behavior will be unspecified
  tokens_by_line = make_tokens_by_line(lines)
/app/ipython/IPython/core/inputtransformer2.py:608: UserWarning: `make_tokens_by_line` received a list of lines which do not have lineending markers ('\n', '\r', '\r\n', '\x0b', '\x0c'), behavior will be unspecified
  tokens_by_line = make_tokens_by_line(lines)
/app/ipython/IPython/core/inputtransformer2.py:714: UserWarning: `make_tokens_by_line` received a list of lines which do not have lineending markers ('\n', '\r', '\r\n', '\x0b', '\x0c'), behavior will be unspecified
  tokens_by_line = make_tokens_by_line(lines)
/app/ipython/IPython/core/inputtransformer2.py:608: UserWarning: `make_tokens_by_line` received a list of lines which do not have lineending markers ('\n', '\r', '\r\n', '\x0b', '\x0c'), behavior will be unspecified
  tokens_by_line = make_tokens_by_line(lines)
/app/ipython/IPython/core/inputtransformer2.py:608: UserWarning: `make_tokens_by_line` received a list of lines which do not have lineending markers ('\n', '\r', '\r\n', '\x0b', '\x0c'), behavior will be unspecified
  tokens_by_line = make_tokens_by_line(lines)
/app/ipython/IPython/core/inputtransformer2.py:608: UserWarning: `make_tokens_by_line` received a list of lines which do not have lineending markers ('\n', '\r', '\r\n', '\x0b', '\x0c'), behavior will be unspecified
  tokens_by_line = make_tokens_by_line(lines)
/app/ipython/IPython/core/inputtransformer2.py:714: UserWarning: `make_tokens_by_line` received a list of lines which do not have lineending markers ('\n', '\r', '\r\n', '\x0b', '\x0c'), behavior will be unspecified
  tokens_by_line = make_tokens_by_line(lines)
/app/ipython/IPython/core/inputtransformer2.py:608: UserWarning: `make_tokens_by_line` received a list of lines which do not have lineending markers ('\n', '\r', '\r\n', '\x0b', '\x0c'), behavior will be unspecified
  tokens_by_line = make_tokens_by_line(lines)
/app/ipython/IPython/core/inputtransformer2.py:714: UserWarning: `make_tokens_by_line` received a list of lines which do not have lineending markers ('\n', '\r', '\r\n', '\x0b', '\x0c'), behavior will be unspecified
  tokens_by_line = make_tokens_by_line(lines)
/app/ipython/IPython/core/inputtransformer2.py:608: UserWarning: `make_tokens_by_line` received a list of lines which do not have lineending markers ('\n', '\r', '\r\n', '\x0b', '\x0c'), behavior will be unspecified
  tokens_by_line = make_tokens_by_line(lines)
/app/ipython/IPython/core/inputtransformer2.py:714: UserWarning: `make_tokens_by_line` received a list of lines which do not have lineending markers ('\n', '\r', '\r\n', '\x0b', '\x0c'), behavior will be unspecified
  tokens_by_line = make_tokens_by_line(lines)
/app/ipython/IPython/core/inputtransformer2.py:608: UserWarning: `make_tokens_by_line` received a list of lines which do not have lineending markers ('\n', '\r', '\r\n', '\x0b', '\x0c'), behavior will be unspecified
  tokens_by_line = make_tokens_by_line(lines)
/app/ipython/IPython/core/inputtransformer2.py:714: UserWarning: `make_tokens_by_line` received a list of lines which do not have lineending markers ('\n', '\r', '\r\n', '\x0b', '\x0c'), behavior will be unspecified
  tokens_by_line = make_tokens_by_line(lines)
/app/ipython/IPython/core/inputtransformer2.py:608: UserWarning: `make_tokens_by_line` received a list of lines which do not have lineending markers ('\n', '\r', '\r\n', '\x0b', '\x0c'), behavior will be unspecified
  tokens_by_line = make_tokens_by_line(lines)
/app/ipython/IPython/core/inputtransformer2.py:714: UserWarning: `make_tokens_by_line` received a list of lines which do not have lineending markers ('\n', '\r', '\r\n', '\x0b', '\x0c'), behavior will be unspecified
  tokens_by_line = make_tokens_by_line(lines)
/app/ipython/IPython/core/inputtransformer2.py:608: UserWarning: `make_tokens_by_line` received a list of lines which do not have lineending markers ('\n', '\r', '\r\n', '\x0b', '\x0c'), behavior will be unspecified
  tokens_by_line = make_tokens_by_line(lines)
/app/ipython/IPython/core/inputtransformer2.py:714: UserWarning: `make_tokens_by_line` received a list of lines which do not have lineending markers ('\n', '\r', '\r\n', '\x0b', '\x0c'), behavior will be unspecified
  tokens_by_line = make_tokens_by_line(lines)
#14574	NEW    cov: 277 ft: 1003 corp: 155/939b lim: 25 exec/s: 1821 rss: 84Mb L: 19/20 MS: 3 InsertByte-ShuffleBytes-CrossOver-
/app/ipython/IPython/core/inputtransformer2.py:608: UserWarning: `make_tokens_by_line` received a list of lines which do not have lineending markers ('\n', '\r', '\r\n', '\x0b', '\x0c'), behavior will be unspecified
  tokens_by_line = make_tokens_by_line(lines)
/app/ipython/IPython/core/inputtransformer2.py:714: UserWarning: `make_tokens_by_line` received a list of lines which do not have lineending markers ('\n', '\r', '\r\n', '\x0b', '\x0c'), behavior will be unspecified
  tokens_by_line = make_tokens_by_line(lines)
/app/ipython/IPython/core/inputtransformer2.py:608: UserWarning: `make_tokens_by_line` received a list of lines which do not have lineending markers ('\n', '\r', '\r\n', '\x0b', '\x0c'), behavior will be unspecified
  tokens_by_line = make_tokens_by_line(lines)
/app/ipython/IPython/core/inputtransformer2.py:714: UserWarning: `make_tokens_by_line` received a list of lines which do not have lineending markers ('\n', '\r', '\r\n', '\x0b', '\x0c'), behavior will be unspecified
  tokens_by_line = make_tokens_by_line(lines)
/app/ipython/IPython/core/inputtransformer2.py:608: UserWarning: `make_tokens_by_line` received a list of lines which do not have lineending markers ('\n', '\r', '\r\n', '\x0b', '\x0c'), behavior will be unspecified
  tokens_by_line = make_tokens_by_line(lines)
/app/ipython/IPython/core/inputtransformer2.py:714: UserWarning: `make_tokens_by_line` received a list of lines which do not have lineending markers ('\n', '\r', '\r\n', '\x0b', '\x0c'), behavior will be unspecified
  tokens_by_line = make_tokens_by_line(lines)
/app/ipython/IPython/core/inputtransformer2.py:608: UserWarning: `make_tokens_by_line` received a list of lines which do not have lineending markers ('\n', '\r', '\r\n', '\x0b', '\x0c'), behavior will be unspecified
  tokens_by_line = make_tokens_by_line(lines)
/app/ipython/IPython/core/inputtransformer2.py:714: UserWarning: `make_tokens_by_line` received a list of lines which do not have lineending markers ('\n', '\r', '\r\n', '\x0b', '\x0c'), behavior will be unspecified
  tokens_by_line = make_tokens_by_line(lines)
/app/ipython/IPython/core/inputtransformer2.py:608: UserWarning: `make_tokens_by_line` received a list of lines which do not have lineending markers ('\n', '\r', '\r\n', '\x0b', '\x0c'), behavior will be unspecified
  tokens_by_line = make_tokens_by_line(lines)
/app/ipython/IPython/core/inputtransformer2.py:714: UserWarning: `make_tokens_by_line` received a list of lines which do not have lineending markers ('\n', '\r', '\r\n', '\x0b', '\x0c'), behavior will be unspecified
  tokens_by_line = make_tokens_by_line(lines)
#14590	NEW    cov: 277 ft: 1005 corp: 156/964b lim: 25 exec/s: 1823 rss: 84Mb L: 25/25 MS: 1 CopyPart-
#14596	NEW    cov: 277 ft: 1016 corp: 157/989b lim: 25 exec/s: 1824 rss: 84Mb L: 25/25 MS: 1 InsertRepeatedBytes-
/app/ipython/IPython/core/inputtransformer2.py:608: UserWarning: `make_tokens_by_line` received a list of lines which do not have lineending markers ('\n', '\r', '\r\n', '\x0b', '\x0c'), behavior will be unspecified
  tokens_by_line = make_tokens_by_line(lines)
/app/ipython/IPython/core/inputtransformer2.py:714: UserWarning: `make_tokens_by_line` received a list of lines which do not have lineending markers ('\n', '\r', '\r\n', '\x0b', '\x0c'), behavior will be unspecified
  tokens_by_line = make_tokens_by_line(lines)
/app/ipython/IPython/core/inputtransformer2.py:608: UserWarning: `make_tokens_by_line` received a list of lines which do not have lineending markers ('\n', '\r', '\r\n', '\x0b', '\x0c'), behavior will be unspecified
  tokens_by_line = make_tokens_by_line(lines)
/app/ipython/IPython/core/inputtransformer2.py:714: UserWarning: `make_tokens_by_line` received a list of lines which do not have lineending markers ('\n', '\r', '\r\n', '\x0b', '\x0c'), behavior will be unspecified
  tokens_by_line = make_tokens_by_line(lines)
#14662	REDUCE cov: 277 ft: 1016 corp: 157/988b lim: 25 exec/s: 1832 rss: 84Mb L: 5/25 MS: 1 EraseBytes-
/app/ipython/IPython/core/inputtransformer2.py:608: UserWarning: `make_tokens_by_line` received a list of lines which do not have lineending markers ('\n', '\r', '\r\n', '\x0b', '\x0c'), behavior will be unspecified
  tokens_by_line = make_tokens_by_line(lines)
#14743	NEW    cov: 277 ft: 1017 corp: 158/1011b lim: 25 exec/s: 1842 rss: 84Mb L: 23/25 MS: 1 CopyPart-
/app/ipython/IPython/core/inputtransformer2.py:608: UserWarning: `make_tokens_by_line` received a list of lines which do not have lineending markers ('\n', '\r', '\r\n', '\x0b', '\x0c'), behavior will be unspecified
  tokens_by_line = make_tokens_by_line(lines)
/app/ipython/IPython/core/inputtransformer2.py:714: UserWarning: `make_tokens_by_line` received a list of lines which do not have lineending markers ('\n', '\r', '\r\n', '\x0b', '\x0c'), behavior will be unspecified
  tokens_by_line = make_tokens_by_line(lines)
/app/ipython/IPython/core/inputtransformer2.py:608: UserWarning: `make_tokens_by_line` received a list of lines which do not have lineending markers ('\n', '\r', '\r\n', '\x0b', '\x0c'), behavior will be unspecified
  tokens_by_line = make_tokens_by_line(lines)
/app/ipython/IPython/core/inputtransformer2.py:714: UserWarning: `make_tokens_by_line` received a list of lines which do not have lineending markers ('\n', '\r', '\r\n', '\x0b', '\x0c'), behavior will be unspecified
  tokens_by_line = make_tokens_by_line(lines)
/app/ipython/IPython/core/inputtransformer2.py:608: UserWarning: `make_tokens_by_line` received a list of lines which do not have lineending markers ('\n', '\r', '\r\n', '\x0b', '\x0c'), behavior will be unspecified
  tokens_by_line = make_tokens_by_line(lines)
/app/ipython/IPython/core/inputtransformer2.py:714: UserWarning: `make_tokens_by_line` received a list of lines which do not have lineending markers ('\n', '\r', '\r\n', '\x0b', '\x0c'), behavior will be unspecified
  tokens_by_line = make_tokens_by_line(lines)
/app/ipython/IPython/core/inputtransformer2.py:608: UserWarning: `make_tokens_by_line` received a list of lines which do not have lineending markers ('\n', '\r', '\r\n', '\x0b', '\x0c'), behavior will be unspecified
  tokens_by_line = make_tokens_by_line(lines)
/app/ipython/IPython/core/inputtransformer2.py:714: UserWarning: `make_tokens_by_line` received a list of lines which do not have lineending markers ('\n', '\r', '\r\n', '\x0b', '\x0c'), behavior will be unspecified
  tokens_by_line = make_tokens_by_line(lines)
/app/ipython/IPython/core/inputtransformer2.py:608: UserWarning: `make_tokens_by_line` received a list of lines which do not have lineending markers ('\n', '\r', '\r\n', '\x0b', '\x0c'), behavior will be unspecified
  tokens_by_line = make_tokens_by_line(lines)
/app/ipython/IPython/core/inputtransformer2.py:714: UserWarning: `make_tokens_by_line` received a list of lines which do not have lineending markers ('\n', '\r', '\r\n', '\x0b', '\x0c'), behavior will be unspecified
  tokens_by_line = make_tokens_by_line(lines)
#14911	REDUCE cov: 277 ft: 1022 corp: 159/1028b lim: 25 exec/s: 1863 rss: 84Mb L: 17/25 MS: 3 InsertRepeatedBytes-ChangeBinInt-ShuffleBytes-
/app/ipython/IPython/core/inputtransformer2.py:608: UserWarning: `make_tokens_by_line` received a list of lines which do not have lineending markers ('\n', '\r', '\r\n', '\x0b', '\x0c'), behavior will be unspecified
  tokens_by_line = make_tokens_by_line(lines)
/app/ipython/IPython/core/inputtransformer2.py:714: UserWarning: `make_tokens_by_line` received a list of lines which do not have lineending markers ('\n', '\r', '\r\n', '\x0b', '\x0c'), behavior will be unspecified
  tokens_by_line = make_tokens_by_line(lines)
/app/ipython/IPython/core/inputtransformer2.py:608: UserWarning: `make_tokens_by_line` received a list of lines which do not have lineending markers ('\n', '\r', '\r\n', '\x0b', '\x0c'), behavior will be unspecified
  tokens_by_line = make_tokens_by_line(lines)
/app/ipython/IPython/core/inputtransformer2.py:714: UserWarning: `make_tokens_by_line` received a list of lines which do not have lineending markers ('\n', '\r', '\r\n', '\x0b', '\x0c'), behavior will be unspecified
  tokens_by_line = make_tokens_by_line(lines)
/app/ipython/IPython/core/inputtransformer2.py:608: UserWarning: `make_tokens_by_line` received a list of lines which do not have lineending markers ('\n', '\r', '\r\n', '\x0b', '\x0c'), behavior will be unspecified
  tokens_by_line = make_tokens_by_line(lines)
/app/ipython/IPython/core/inputtransformer2.py:714: UserWarning: `make_tokens_by_line` received a list of lines which do not have lineending markers ('\n', '\r', '\r\n', '\x0b', '\x0c'), behavior will be unspecified
  tokens_by_line = make_tokens_by_line(lines)
/app/ipython/IPython/core/inputtransformer2.py:608: UserWarning: `make_tokens_by_line` received a list of lines which do not have lineending markers ('\n', '\r', '\r\n', '\x0b', '\x0c'), behavior will be unspecified
  tokens_by_line = make_tokens_by_line(lines)
/app/ipython/IPython/core/inputtransformer2.py:714: UserWarning: `make_tokens_by_line` received a list of lines which do not have lineending markers ('\n', '\r', '\r\n', '\x0b', '\x0c'), behavior will be unspecified
  tokens_by_line = make_tokens_by_line(lines)
/app/ipython/IPython/core/inputtransformer2.py:608: UserWarning: `make_tokens_by_line` received a list of lines which do not have lineending markers ('\n', '\r', '\r\n', '\x0b', '\x0c'), behavior will be unspecified
  tokens_by_line = make_tokens_by_line(lines)
/app/ipython/IPython/core/inputtransformer2.py:714: UserWarning: `make_tokens_by_line` received a list of lines which do not have lineending markers ('\n', '\r', '\r\n', '\x0b', '\x0c'), behavior will be unspecified
  tokens_by_line = make_tokens_by_line(lines)
/app/ipython/IPython/core/inputtransformer2.py:608: UserWarning: `make_tokens_by_line` received a list of lines which do not have lineending markers ('\n', '\r', '\r\n', '\x0b', '\x0c'), behavior will be unspecified
  tokens_by_line = make_tokens_by_line(lines)
/app/ipython/IPython/core/inputtransformer2.py:608: UserWarning: `make_tokens_by_line` received a list of lines which do not have lineending markers ('\n', '\r', '\r\n', '\x0b', '\x0c'), behavior will be unspecified
  tokens_by_line = make_tokens_by_line(lines)
/app/ipython/IPython/core/inputtransformer2.py:714: UserWarning: `make_tokens_by_line` received a list of lines which do not have lineending markers ('\n', '\r', '\r\n', '\x0b', '\x0c'), behavior will be unspecified
  tokens_by_line = make_tokens_by_line(lines)
/app/ipython/IPython/core/inputtransformer2.py:608: UserWarning: `make_tokens_by_line` received a list of lines which do not have lineending markers ('\n', '\r', '\r\n', '\x0b', '\x0c'), behavior will be unspecified
  tokens_by_line = make_tokens_by_line(lines)
/app/ipython/IPython/core/inputtransformer2.py:714: UserWarning: `make_tokens_by_line` received a list of lines which do not have lineending markers ('\n', '\r', '\r\n', '\x0b', '\x0c'), behavior will be unspecified
  tokens_by_line = make_tokens_by_line(lines)
/app/ipython/IPython/core/inputtransformer2.py:608: UserWarning: `make_tokens_by_line` received a list of lines which do not have lineending markers ('\n', '\r', '\r\n', '\x0b', '\x0c'), behavior will be unspecified
  tokens_by_line = make_tokens_by_line(lines)
/app/ipython/IPython/core/inputtransformer2.py:714: UserWarning: `make_tokens_by_line` received a list of lines which do not have lineending markers ('\n', '\r', '\r\n', '\x0b', '\x0c'), behavior will be unspecified
  tokens_by_line = make_tokens_by_line(lines)
/app/ipython/IPython/core/inputtransformer2.py:608: UserWarning: `make_tokens_by_line` received a list of lines which do not have lineending markers ('\n', '\r', '\r\n', '\x0b', '\x0c'), behavior will be unspecified
  tokens_by_line = make_tokens_by_line(lines)
/app/ipython/IPython/core/inputtransformer2.py:714: UserWarning: `make_tokens_by_line` received a list of lines which do not have lineending markers ('\n', '\r', '\r\n', '\x0b', '\x0c'), behavior will be unspecified
  tokens_by_line = make_tokens_by_line(lines)
/app/ipython/IPython/core/inputtransformer2.py:608: UserWarning: `make_tokens_by_line` received a list of lines which do not have lineending markers ('\n', '\r', '\r\n', '\x0b', '\x0c'), behavior will be unspecified
  tokens_by_line = make_tokens_by_line(lines)
/app/ipython/IPython/core/inputtransformer2.py:714: UserWarning: `make_tokens_by_line` received a list of lines which do not have lineending markers ('\n', '\r', '\r\n', '\x0b', '\x0c'), behavior will be unspecified
  tokens_by_line = make_tokens_by_line(lines)
/app/ipython/IPython/core/inputtransformer2.py:608: UserWarning: `make_tokens_by_line` received a list of lines which do not have lineending markers ('\n', '\r', '\r\n', '\x0b', '\x0c'), behavior will be unspecified
  tokens_by_line = make_tokens_by_line(lines)
/app/ipython/IPython/core/inputtransformer2.py:714: UserWarning: `make_tokens_by_line` received a list of lines which do not have lineending markers ('\n', '\r', '\r\n', '\x0b', '\x0c'), behavior will be unspecified
  tokens_by_line = make_tokens_by_line(lines)
/app/ipython/IPython/core/inputtransformer2.py:608: UserWarning: `make_tokens_by_line` received a list of lines which do not have lineending markers ('\n', '\r', '\r\n', '\x0b', '\x0c'), behavior will be unspecified
  tokens_by_line = make_tokens_by_line(lines)
/app/ipython/IPython/core/inputtransformer2.py:714: UserWarning: `make_tokens_by_line` received a list of lines which do not have lineending markers ('\n', '\r', '\r\n', '\x0b', '\x0c'), behavior will be unspecified
  tokens_by_line = make_tokens_by_line(lines)
/app/ipython/IPython/core/inputtransformer2.py:608: UserWarning: `make_tokens_by_line` received a list of lines which do not have lineending markers ('\n', '\r', '\r\n', '\x0b', '\x0c'), behavior will be unspecified
  tokens_by_line = make_tokens_by_line(lines)
/app/ipython/IPython/core/inputtransformer2.py:714: UserWarning: `make_tokens_by_line` received a list of lines which do not have lineending markers ('\n', '\r', '\r\n', '\x0b', '\x0c'), behavior will be unspecified
  tokens_by_line = make_tokens_by_line(lines)
/app/ipython/IPython/core/inputtransformer2.py:608: UserWarning: `make_tokens_by_line` received a list of lines which do not have lineending markers ('\n', '\r', '\r\n', '\x0b', '\x0c'), behavior will be unspecified
  tokens_by_line = make_tokens_by_line(lines)
/app/ipython/IPython/core/inputtransformer2.py:714: UserWarning: `make_tokens_by_line` received a list of lines which do not have lineending markers ('\n', '\r', '\r\n', '\x0b', '\x0c'), behavior will be unspecified
  tokens_by_line = make_tokens_by_line(lines)
/app/ipython/IPython/core/inputtransformer2.py:608: UserWarning: `make_tokens_by_line` received a list of lines which do not have lineending markers ('\n', '\r', '\r\n', '\x0b', '\x0c'), behavior will be unspecified
  tokens_by_line = make_tokens_by_line(lines)
/app/ipython/IPython/core/inputtransformer2.py:714: UserWarning: `make_tokens_by_line` received a list of lines which do not have lineending markers ('\n', '\r', '\r\n', '\x0b', '\x0c'), behavior will be unspecified
  tokens_by_line = make_tokens_by_line(lines)
/app/ipython/IPython/core/inputtransformer2.py:608: UserWarning: `make_tokens_by_line` received a list of lines which do not have lineending markers ('\n', '\r', '\r\n', '\x0b', '\x0c'), behavior will be unspecified
  tokens_by_line = make_tokens_by_line(lines)
/app/ipython/IPython/core/inputtransformer2.py:714: UserWarning: `make_tokens_by_line` received a list of lines which do not have lineending markers ('\n', '\r', '\r\n', '\x0b', '\x0c'), behavior will be unspecified
  tokens_by_line = make_tokens_by_line(lines)
/app/ipython/IPython/core/inputtransformer2.py:608: UserWarning: `make_tokens_by_line` received a list of lines which do not have lineending markers ('\n', '\r', '\r\n', '\x0b', '\x0c'), behavior will be unspecified
  tokens_by_line = make_tokens_by_line(lines)
/app/ipython/IPython/core/inputtransformer2.py:714: UserWarning: `make_tokens_by_line` received a list of lines which do not have lineending markers ('\n', '\r', '\r\n', '\x0b', '\x0c'), behavior will be unspecified
  tokens_by_line = make_tokens_by_line(lines)
/app/ipython/IPython/core/inputtransformer2.py:608: UserWarning: `make_tokens_by_line` received a list of lines which do not have lineending markers ('\n', '\r', '\r\n', '\x0b', '\x0c'), behavior will be unspecified
  tokens_by_line = make_tokens_by_line(lines)
/app/ipython/IPython/core/inputtransformer2.py:714: UserWarning: `make_tokens_by_line` received a list of lines which do not have lineending markers ('\n', '\r', '\r\n', '\x0b', '\x0c'), behavior will be unspecified
  tokens_by_line = make_tokens_by_line(lines)
/app/ipython/IPython/core/inputtransformer2.py:608: UserWarning: `make_tokens_by_line` received a list of lines which do not have lineending markers ('\n', '\r', '\r\n', '\x0b', '\x0c'), behavior will be unspecified
  tokens_by_line = make_tokens_by_line(lines)
/app/ipython/IPython/core/inputtransformer2.py:608: UserWarning: `make_tokens_by_line` received a list of lines which do not have lineending markers ('\n', '\r', '\r\n', '\x0b', '\x0c'), behavior will be unspecified
  tokens_by_line = make_tokens_by_line(lines)
/app/ipython/IPython/core/inputtransformer2.py:608: UserWarning: `make_tokens_by_line` received a list of lines which do not have lineending markers ('\n', '\r', '\r\n', '\x0b', '\x0c'), behavior will be unspecified
  tokens_by_line = make_tokens_by_line(lines)
/app/ipython/IPython/core/inputtransformer2.py:608: UserWarning: `make_tokens_by_line` received a list of lines which do not have lineending markers ('\n', '\r', '\r\n', '\x0b', '\x0c'), behavior will be unspecified
  tokens_by_line = make_tokens_by_line(lines)
/app/ipython/IPython/core/inputtransformer2.py:608: UserWarning: `make_tokens_by_line` received a list of lines which do not have lineending markers ('\n', '\r', '\r\n', '\x0b', '\x0c'), behavior will be unspecified
  tokens_by_line = make_tokens_by_line(lines)
#15108	NEW    cov: 277 ft: 1064 corp: 160/1047b lim: 25 exec/s: 1678 rss: 84Mb L: 19/25 MS: 2 EraseBytes-InsertRepeatedBytes-
/app/ipython/IPython/core/inputtransformer2.py:608: UserWarning: `make_tokens_by_line` received a list of lines which do not have lineending markers ('\n', '\r', '\r\n', '\x0b', '\x0c'), behavior will be unspecified
  tokens_by_line = make_tokens_by_line(lines)
#15174	NEW    cov: 277 ft: 1067 corp: 161/1069b lim: 25 exec/s: 1686 rss: 84Mb L: 22/25 MS: 1 InsertRepeatedBytes-
/app/ipython/IPython/core/inputtransformer2.py:608: UserWarning: `make_tokens_by_line` received a list of lines which do not have lineending markers ('\n', '\r', '\r\n', '\x0b', '\x0c'), behavior will be unspecified
  tokens_by_line = make_tokens_by_line(lines)
/app/ipython/IPython/core/inputtransformer2.py:714: UserWarning: `make_tokens_by_line` received a list of lines which do not have lineending markers ('\n', '\r', '\r\n', '\x0b', '\x0c'), behavior will be unspecified
  tokens_by_line = make_tokens_by_line(lines)
/app/ipython/IPython/core/inputtransformer2.py:608: UserWarning: `make_tokens_by_line` received a list of lines which do not have lineending markers ('\n', '\r', '\r\n', '\x0b', '\x0c'), behavior will be unspecified
  tokens_by_line = make_tokens_by_line(lines)
/app/ipython/IPython/core/inputtransformer2.py:714: UserWarning: `make_tokens_by_line` received a list of lines which do not have lineending markers ('\n', '\r', '\r\n', '\x0b', '\x0c'), behavior will be unspecified
  tokens_by_line = make_tokens_by_line(lines)
/app/ipython/IPython/core/inputtransformer2.py:608: UserWarning: `make_tokens_by_line` received a list of lines which do not have lineending markers ('\n', '\r', '\r\n', '\x0b', '\x0c'), behavior will be unspecified
  tokens_by_line = make_tokens_by_line(lines)
/app/ipython/IPython/core/inputtransformer2.py:714: UserWarning: `make_tokens_by_line` received a list of lines which do not have lineending markers ('\n', '\r', '\r\n', '\x0b', '\x0c'), behavior will be unspecified
  tokens_by_line = make_tokens_by_line(lines)
/app/ipython/IPython/core/inputtransformer2.py:608: UserWarning: `make_tokens_by_line` received a list of lines which do not have lineending markers ('\n', '\r', '\r\n', '\x0b', '\x0c'), behavior will be unspecified
  tokens_by_line = make_tokens_by_line(lines)
/app/ipython/IPython/core/inputtransformer2.py:714: UserWarning: `make_tokens_by_line` received a list of lines which do not have lineending markers ('\n', '\r', '\r\n', '\x0b', '\x0c'), behavior will be unspecified
  tokens_by_line = make_tokens_by_line(lines)
/app/ipython/IPython/core/inputtransformer2.py:608: UserWarning: `make_tokens_by_line` received a list of lines which do not have lineending markers ('\n', '\r', '\r\n', '\x0b', '\x0c'), behavior will be unspecified
  tokens_by_line = make_tokens_by_line(lines)
/app/ipython/IPython/core/inputtransformer2.py:714: UserWarning: `make_tokens_by_line` received a list of lines which do not have lineending markers ('\n', '\r', '\r\n', '\x0b', '\x0c'), behavior will be unspecified
  tokens_by_line = make_tokens_by_line(lines)
/app/ipython/IPython/core/inputtransformer2.py:608: UserWarning: `make_tokens_by_line` received a list of lines which do not have lineending markers ('\n', '\r', '\r\n', '\x0b', '\x0c'), behavior will be unspecified
  tokens_by_line = make_tokens_by_line(lines)
/app/ipython/IPython/core/inputtransformer2.py:608: UserWarning: `make_tokens_by_line` received a list of lines which do not have lineending markers ('\n', '\r', '\r\n', '\x0b', '\x0c'), behavior will be unspecified
  tokens_by_line = make_tokens_by_line(lines)
/app/ipython/IPython/core/inputtransformer2.py:714: UserWarning: `make_tokens_by_line` received a list of lines which do not have lineending markers ('\n', '\r', '\r\n', '\x0b', '\x0c'), behavior will be unspecified
  tokens_by_line = make_tokens_by_line(lines)
/app/ipython/IPython/core/inputtransformer2.py:608: UserWarning: `make_tokens_by_line` received a list of lines which do not have lineending markers ('\n', '\r', '\r\n', '\x0b', '\x0c'), behavior will be unspecified
  tokens_by_line = make_tokens_by_line(lines)
/app/ipython/IPython/core/inputtransformer2.py:714: UserWarning: `make_tokens_by_line` received a list of lines which do not have lineending markers ('\n', '\r', '\r\n', '\x0b', '\x0c'), behavior will be unspecified
  tokens_by_line = make_tokens_by_line(lines)
#15270	NEW    cov: 277 ft: 1069 corp: 162/1086b lim: 25 exec/s: 1696 rss: 84Mb L: 17/25 MS: 1 CrossOver-
/app/ipython/IPython/core/inputtransformer2.py:608: UserWarning: `make_tokens_by_line` received a list of lines which do not have lineending markers ('\n', '\r', '\r\n', '\x0b', '\x0c'), behavior will be unspecified
  tokens_by_line = make_tokens_by_line(lines)
/app/ipython/IPython/core/inputtransformer2.py:608: UserWarning: `make_tokens_by_line` received a list of lines which do not have lineending markers ('\n', '\r', '\r\n', '\x0b', '\x0c'), behavior will be unspecified
  tokens_by_line = make_tokens_by_line(lines)
/app/ipython/IPython/core/inputtransformer2.py:608: UserWarning: `make_tokens_by_line` received a list of lines which do not have lineending markers ('\n', '\r', '\r\n', '\x0b', '\x0c'), behavior will be unspecified
  tokens_by_line = make_tokens_by_line(lines)
/app/ipython/IPython/core/inputtransformer2.py:608: UserWarning: `make_tokens_by_line` received a list of lines which do not have lineending markers ('\n', '\r', '\r\n', '\x0b', '\x0c'), behavior will be unspecified
  tokens_by_line = make_tokens_by_line(lines)
#15303	NEW    cov: 277 ft: 1074 corp: 163/1107b lim: 25 exec/s: 1700 rss: 84Mb L: 21/25 MS: 3 EraseBytes-CrossOver-CopyPart-
/app/ipython/IPython/core/inputtransformer2.py:608: UserWarning: `make_tokens_by_line` received a list of lines which do not have lineending markers ('\n', '\r', '\r\n', '\x0b', '\x0c'), behavior will be unspecified
  tokens_by_line = make_tokens_by_line(lines)
/app/ipython/IPython/core/inputtransformer2.py:714: UserWarning: `make_tokens_by_line` received a list of lines which do not have lineending markers ('\n', '\r', '\r\n', '\x0b', '\x0c'), behavior will be unspecified
  tokens_by_line = make_tokens_by_line(lines)
/app/ipython/IPython/core/inputtransformer2.py:608: UserWarning: `make_tokens_by_line` received a list of lines which do not have lineending markers ('\n', '\r', '\r\n', '\x0b', '\x0c'), behavior will be unspecified
  tokens_by_line = make_tokens_by_line(lines)
/app/ipython/IPython/core/inputtransformer2.py:714: UserWarning: `make_tokens_by_line` received a list of lines which do not have lineending markers ('\n', '\r', '\r\n', '\x0b', '\x0c'), behavior will be unspecified
  tokens_by_line = make_tokens_by_line(lines)
/app/ipython/IPython/core/inputtransformer2.py:608: UserWarning: `make_tokens_by_line` received a list of lines which do not have lineending markers ('\n', '\r', '\r\n', '\x0b', '\x0c'), behavior will be unspecified
  tokens_by_line = make_tokens_by_line(lines)
/app/ipython/IPython/core/inputtransformer2.py:714: UserWarning: `make_tokens_by_line` received a list of lines which do not have lineending markers ('\n', '\r', '\r\n', '\x0b', '\x0c'), behavior will be unspecified
  tokens_by_line = make_tokens_by_line(lines)
/app/ipython/IPython/core/inputtransformer2.py:608: UserWarning: `make_tokens_by_line` received a list of lines which do not have lineending markers ('\n', '\r', '\r\n', '\x0b', '\x0c'), behavior will be unspecified
  tokens_by_line = make_tokens_by_line(lines)
/app/ipython/IPython/core/inputtransformer2.py:714: UserWarning: `make_tokens_by_line` received a list of lines which do not have lineending markers ('\n', '\r', '\r\n', '\x0b', '\x0c'), behavior will be unspecified
  tokens_by_line = make_tokens_by_line(lines)
#15322	REDUCE cov: 277 ft: 1078 corp: 164/1131b lim: 25 exec/s: 1702 rss: 84Mb L: 24/25 MS: 4 ShuffleBytes-CrossOver-CMP-InsertRepeatedBytes- DE: "\001\000"-
/app/ipython/IPython/core/inputtransformer2.py:608: UserWarning: `make_tokens_by_line` received a list of lines which do not have lineending markers ('\n', '\r', '\r\n', '\x0b', '\x0c'), behavior will be unspecified
  tokens_by_line = make_tokens_by_line(lines)
/app/ipython/IPython/core/inputtransformer2.py:608: UserWarning: `make_tokens_by_line` received a list of lines which do not have lineending markers ('\n', '\r', '\r\n', '\x0b', '\x0c'), behavior will be unspecified
  tokens_by_line = make_tokens_by_line(lines)
/app/ipython/IPython/core/inputtransformer2.py:608: UserWarning: `make_tokens_by_line` received a list of lines which do not have lineending markers ('\n', '\r', '\r\n', '\x0b', '\x0c'), behavior will be unspecified
  tokens_by_line = make_tokens_by_line(lines)
/app/ipython/IPython/core/inputtransformer2.py:608: UserWarning: `make_tokens_by_line` received a list of lines which do not have lineending markers ('\n', '\r', '\r\n', '\x0b', '\x0c'), behavior will be unspecified
  tokens_by_line = make_tokens_by_line(lines)
/app/ipython/IPython/core/inputtransformer2.py:714: UserWarning: `make_tokens_by_line` received a list of lines which do not have lineending markers ('\n', '\r', '\r\n', '\x0b', '\x0c'), behavior will be unspecified
  tokens_by_line = make_tokens_by_line(lines)
/app/ipython/IPython/core/inputtransformer2.py:608: UserWarning: `make_tokens_by_line` received a list of lines which do not have lineending markers ('\n', '\r', '\r\n', '\x0b', '\x0c'), behavior will be unspecified
  tokens_by_line = make_tokens_by_line(lines)
/app/ipython/IPython/core/inputtransformer2.py:608: UserWarning: `make_tokens_by_line` received a list of lines which do not have lineending markers ('\n', '\r', '\r\n', '\x0b', '\x0c'), behavior will be unspecified
  tokens_by_line = make_tokens_by_line(lines)
/app/ipython/IPython/core/inputtransformer2.py:608: UserWarning: `make_tokens_by_line` received a list of lines which do not have lineending markers ('\n', '\r', '\r\n', '\x0b', '\x0c'), behavior will be unspecified
  tokens_by_line = make_tokens_by_line(lines)
/app/ipython/IPython/core/inputtransformer2.py:608: UserWarning: `make_tokens_by_line` received a list of lines which do not have lineending markers ('\n', '\r', '\r\n', '\x0b', '\x0c'), behavior will be unspecified
  tokens_by_line = make_tokens_by_line(lines)
/app/ipython/IPython/core/inputtransformer2.py:714: UserWarning: `make_tokens_by_line` received a list of lines which do not have lineending markers ('\n', '\r', '\r\n', '\x0b', '\x0c'), behavior will be unspecified
  tokens_by_line = make_tokens_by_line(lines)
/app/ipython/IPython/core/inputtransformer2.py:608: UserWarning: `make_tokens_by_line` received a list of lines which do not have lineending markers ('\n', '\r', '\r\n', '\x0b', '\x0c'), behavior will be unspecified
  tokens_by_line = make_tokens_by_line(lines)
/app/ipython/IPython/core/inputtransformer2.py:714: UserWarning: `make_tokens_by_line` received a list of lines which do not have lineending markers ('\n', '\r', '\r\n', '\x0b', '\x0c'), behavior will be unspecified
  tokens_by_line = make_tokens_by_line(lines)
/app/ipython/IPython/core/inputtransformer2.py:608: UserWarning: `make_tokens_by_line` received a list of lines which do not have lineending markers ('\n', '\r', '\r\n', '\x0b', '\x0c'), behavior will be unspecified
  tokens_by_line = make_tokens_by_line(lines)
/app/ipython/IPython/core/inputtransformer2.py:714: UserWarning: `make_tokens_by_line` received a list of lines which do not have lineending markers ('\n', '\r', '\r\n', '\x0b', '\x0c'), behavior will be unspecified
  tokens_by_line = make_tokens_by_line(lines)
/app/ipython/IPython/core/inputtransformer2.py:608: UserWarning: `make_tokens_by_line` received a list of lines which do not have lineending markers ('\n', '\r', '\r\n', '\x0b', '\x0c'), behavior will be unspecified
  tokens_by_line = make_tokens_by_line(lines)
/app/ipython/IPython/core/inputtransformer2.py:714: UserWarning: `make_tokens_by_line` received a list of lines which do not have lineending markers ('\n', '\r', '\r\n', '\x0b', '\x0c'), behavior will be unspecified
  tokens_by_line = make_tokens_by_line(lines)
#15541	REDUCE cov: 277 ft: 1078 corp: 164/1130b lim: 25 exec/s: 1726 rss: 84Mb L: 19/25 MS: 4 ShuffleBytes-ChangeByte-InsertRepeatedBytes-CrossOver-
#15568	NEW    cov: 277 ft: 1080 corp: 165/1155b lim: 25 exec/s: 1729 rss: 84Mb L: 25/25 MS: 2 PersAutoDict-CrossOver- DE: "\377\377"-
/app/ipython/IPython/core/inputtransformer2.py:608: UserWarning: `make_tokens_by_line` received a list of lines which do not have lineending markers ('\n', '\r', '\r\n', '\x0b', '\x0c'), behavior will be unspecified
  tokens_by_line = make_tokens_by_line(lines)
/app/ipython/IPython/core/inputtransformer2.py:714: UserWarning: `make_tokens_by_line` received a list of lines which do not have lineending markers ('\n', '\r', '\r\n', '\x0b', '\x0c'), behavior will be unspecified
  tokens_by_line = make_tokens_by_line(lines)
/app/ipython/IPython/core/inputtransformer2.py:608: UserWarning: `make_tokens_by_line` received a list of lines which do not have lineending markers ('\n', '\r', '\r\n', '\x0b', '\x0c'), behavior will be unspecified
  tokens_by_line = make_tokens_by_line(lines)
/app/ipython/IPython/core/inputtransformer2.py:714: UserWarning: `make_tokens_by_line` received a list of lines which do not have lineending markers ('\n', '\r', '\r\n', '\x0b', '\x0c'), behavior will be unspecified
  tokens_by_line = make_tokens_by_line(lines)
/app/ipython/IPython/core/inputtransformer2.py:608: UserWarning: `make_tokens_by_line` received a list of lines which do not have lineending markers ('\n', '\r', '\r\n', '\x0b', '\x0c'), behavior will be unspecified
  tokens_by_line = make_tokens_by_line(lines)
/app/ipython/IPython/core/inputtransformer2.py:714: UserWarning: `make_tokens_by_line` received a list of lines which do not have lineending markers ('\n', '\r', '\r\n', '\x0b', '\x0c'), behavior will be unspecified
  tokens_by_line = make_tokens_by_line(lines)
#15591	NEW    cov: 277 ft: 1081 corp: 166/1170b lim: 25 exec/s: 1732 rss: 84Mb L: 15/25 MS: 3 CopyPart-CopyPart-CopyPart-
/app/ipython/IPython/core/inputtransformer2.py:608: UserWarning: `make_tokens_by_line` received a list of lines which do not have lineending markers ('\n', '\r', '\r\n', '\x0b', '\x0c'), behavior will be unspecified
  tokens_by_line = make_tokens_by_line(lines)
/app/ipython/IPython/core/inputtransformer2.py:608: UserWarning: `make_tokens_by_line` received a list of lines which do not have lineending markers ('\n', '\r', '\r\n', '\x0b', '\x0c'), behavior will be unspecified
  tokens_by_line = make_tokens_by_line(lines)
/app/ipython/IPython/core/inputtransformer2.py:714: UserWarning: `make_tokens_by_line` received a list of lines which do not have lineending markers ('\n', '\r', '\r\n', '\x0b', '\x0c'), behavior will be unspecified
  tokens_by_line = make_tokens_by_line(lines)
#15644	NEW    cov: 277 ft: 1082 corp: 167/1180b lim: 25 exec/s: 1738 rss: 84Mb L: 10/25 MS: 3 InsertByte-InsertByte-ChangeBit-
/app/ipython/IPython/core/inputtransformer2.py:608: UserWarning: `make_tokens_by_line` received a list of lines which do not have lineending markers ('\n', '\r', '\r\n', '\x0b', '\x0c'), behavior will be unspecified
  tokens_by_line = make_tokens_by_line(lines)
/app/ipython/IPython/core/inputtransformer2.py:714: UserWarning: `make_tokens_by_line` received a list of lines which do not have lineending markers ('\n', '\r', '\r\n', '\x0b', '\x0c'), behavior will be unspecified
  tokens_by_line = make_tokens_by_line(lines)
/app/ipython/IPython/core/inputtransformer2.py:608: UserWarning: `make_tokens_by_line` received a list of lines which do not have lineending markers ('\n', '\r', '\r\n', '\x0b', '\x0c'), behavior will be unspecified
  tokens_by_line = make_tokens_by_line(lines)
/app/ipython/IPython/core/inputtransformer2.py:714: UserWarning: `make_tokens_by_line` received a list of lines which do not have lineending markers ('\n', '\r', '\r\n', '\x0b', '\x0c'), behavior will be unspecified
  tokens_by_line = make_tokens_by_line(lines)
/app/ipython/IPython/core/inputtransformer2.py:608: UserWarning: `make_tokens_by_line` received a list of lines which do not have lineending markers ('\n', '\r', '\r\n', '\x0b', '\x0c'), behavior will be unspecified
  tokens_by_line = make_tokens_by_line(lines)
/app/ipython/IPython/core/inputtransformer2.py:714: UserWarning: `make_tokens_by_line` received a list of lines which do not have lineending markers ('\n', '\r', '\r\n', '\x0b', '\x0c'), behavior will be unspecified
  tokens_by_line = make_tokens_by_line(lines)
/app/ipython/IPython/core/inputtransformer2.py:608: UserWarning: `make_tokens_by_line` received a list of lines which do not have lineending markers ('\n', '\r', '\r\n', '\x0b', '\x0c'), behavior will be unspecified
  tokens_by_line = make_tokens_by_line(lines)
/app/ipython/IPython/core/inputtransformer2.py:714: UserWarning: `make_tokens_by_line` received a list of lines which do not have lineending markers ('\n', '\r', '\r\n', '\x0b', '\x0c'), behavior will be unspecified
  tokens_by_line = make_tokens_by_line(lines)
/app/ipython/IPython/core/inputtransformer2.py:608: UserWarning: `make_tokens_by_line` received a list of lines which do not have lineending markers ('\n', '\r', '\r\n', '\x0b', '\x0c'), behavior will be unspecified
  tokens_by_line = make_tokens_by_line(lines)
/app/ipython/IPython/core/inputtransformer2.py:714: UserWarning: `make_tokens_by_line` received a list of lines which do not have lineending markers ('\n', '\r', '\r\n', '\x0b', '\x0c'), behavior will be unspecified
  tokens_by_line = make_tokens_by_line(lines)
/app/ipython/IPython/core/inputtransformer2.py:608: UserWarning: `make_tokens_by_line` received a list of lines which do not have lineending markers ('\n', '\r', '\r\n', '\x0b', '\x0c'), behavior will be unspecified
  tokens_by_line = make_tokens_by_line(lines)
/app/ipython/IPython/core/inputtransformer2.py:608: UserWarning: `make_tokens_by_line` received a list of lines which do not have lineending markers ('\n', '\r', '\r\n', '\x0b', '\x0c'), behavior will be unspecified
  tokens_by_line = make_tokens_by_line(lines)
/app/ipython/IPython/core/inputtransformer2.py:608: UserWarning: `make_tokens_by_line` received a list of lines which do not have lineending markers ('\n', '\r', '\r\n', '\x0b', '\x0c'), behavior will be unspecified
  tokens_by_line = make_tokens_by_line(lines)
/app/ipython/IPython/core/inputtransformer2.py:608: UserWarning: `make_tokens_by_line` received a list of lines which do not have lineending markers ('\n', '\r', '\r\n', '\x0b', '\x0c'), behavior will be unspecified
  tokens_by_line = make_tokens_by_line(lines)
/app/ipython/IPython/core/inputtransformer2.py:608: UserWarning: `make_tokens_by_line` received a list of lines which do not have lineending markers ('\n', '\r', '\r\n', '\x0b', '\x0c'), behavior will be unspecified
  tokens_by_line = make_tokens_by_line(lines)
/app/ipython/IPython/core/inputtransformer2.py:608: UserWarning: `make_tokens_by_line` received a list of lines which do not have lineending markers ('\n', '\r', '\r\n', '\x0b', '\x0c'), behavior will be unspecified
  tokens_by_line = make_tokens_by_line(lines)
/app/ipython/IPython/core/inputtransformer2.py:714: UserWarning: `make_tokens_by_line` received a list of lines which do not have lineending markers ('\n', '\r', '\r\n', '\x0b', '\x0c'), behavior will be unspecified
  tokens_by_line = make_tokens_by_line(lines)
#15736	NEW    cov: 277 ft: 1083 corp: 168/1199b lim: 25 exec/s: 1748 rss: 84Mb L: 19/25 MS: 2 CrossOver-ShuffleBytes-
#15779	NEW    cov: 277 ft: 1085 corp: 169/1212b lim: 25 exec/s: 1753 rss: 84Mb L: 13/25 MS: 3 PersAutoDict-InsertByte-CrossOver- DE: "\001\000"-
#15797	REDUCE cov: 277 ft: 1085 corp: 169/1211b lim: 25 exec/s: 1755 rss: 84Mb L: 7/25 MS: 3 EraseBytes-InsertByte-CrossOver-
/app/ipython/IPython/core/inputtransformer2.py:608: UserWarning: `make_tokens_by_line` received a list of lines which do not have lineending markers ('\n', '\r', '\r\n', '\x0b', '\x0c'), behavior will be unspecified
  tokens_by_line = make_tokens_by_line(lines)
/app/ipython/IPython/core/inputtransformer2.py:608: UserWarning: `make_tokens_by_line` received a list of lines which do not have lineending markers ('\n', '\r', '\r\n', '\x0b', '\x0c'), behavior will be unspecified
  tokens_by_line = make_tokens_by_line(lines)
/app/ipython/IPython/core/inputtransformer2.py:714: UserWarning: `make_tokens_by_line` received a list of lines which do not have lineending markers ('\n', '\r', '\r\n', '\x0b', '\x0c'), behavior will be unspecified
  tokens_by_line = make_tokens_by_line(lines)
/app/ipython/IPython/core/inputtransformer2.py:608: UserWarning: `make_tokens_by_line` received a list of lines which do not have lineending markers ('\n', '\r', '\r\n', '\x0b', '\x0c'), behavior will be unspecified
  tokens_by_line = make_tokens_by_line(lines)
/app/ipython/IPython/core/inputtransformer2.py:714: UserWarning: `make_tokens_by_line` received a list of lines which do not have lineending markers ('\n', '\r', '\r\n', '\x0b', '\x0c'), behavior will be unspecified
  tokens_by_line = make_tokens_by_line(lines)
/app/ipython/IPython/core/inputtransformer2.py:608: UserWarning: `make_tokens_by_line` received a list of lines which do not have lineending markers ('\n', '\r', '\r\n', '\x0b', '\x0c'), behavior will be unspecified
  tokens_by_line = make_tokens_by_line(lines)
/app/ipython/IPython/core/inputtransformer2.py:714: UserWarning: `make_tokens_by_line` received a list of lines which do not have lineending markers ('\n', '\r', '\r\n', '\x0b', '\x0c'), behavior will be unspecified
  tokens_by_line = make_tokens_by_line(lines)
/app/ipython/IPython/core/inputtransformer2.py:608: UserWarning: `make_tokens_by_line` received a list of lines which do not have lineending markers ('\n', '\r', '\r\n', '\x0b', '\x0c'), behavior will be unspecified
  tokens_by_line = make_tokens_by_line(lines)
/app/ipython/IPython/core/inputtransformer2.py:714: UserWarning: `make_tokens_by_line` received a list of lines which do not have lineending markers ('\n', '\r', '\r\n', '\x0b', '\x0c'), behavior will be unspecified
  tokens_by_line = make_tokens_by_line(lines)
/app/ipython/IPython/core/inputtransformer2.py:608: UserWarning: `make_tokens_by_line` received a list of lines which do not have lineending markers ('\n', '\r', '\r\n', '\x0b', '\x0c'), behavior will be unspecified
  tokens_by_line = make_tokens_by_line(lines)
/app/ipython/IPython/core/inputtransformer2.py:714: UserWarning: `make_tokens_by_line` received a list of lines which do not have lineending markers ('\n', '\r', '\r\n', '\x0b', '\x0c'), behavior will be unspecified
  tokens_by_line = make_tokens_by_line(lines)
#15821	NEW    cov: 277 ft: 1086 corp: 170/1224b lim: 25 exec/s: 1757 rss: 84Mb L: 13/25 MS: 4 CrossOver-EraseBytes-PersAutoDict-CopyPart- DE: "\001\000"-
/app/ipython/IPython/core/inputtransformer2.py:608: UserWarning: `make_tokens_by_line` received a list of lines which do not have lineending markers ('\n', '\r', '\r\n', '\x0b', '\x0c'), behavior will be unspecified
  tokens_by_line = make_tokens_by_line(lines)
/app/ipython/IPython/core/inputtransformer2.py:714: UserWarning: `make_tokens_by_line` received a list of lines which do not have lineending markers ('\n', '\r', '\r\n', '\x0b', '\x0c'), behavior will be unspecified
  tokens_by_line = make_tokens_by_line(lines)
/app/ipython/IPython/core/inputtransformer2.py:608: UserWarning: `make_tokens_by_line` received a list of lines which do not have lineending markers ('\n', '\r', '\r\n', '\x0b', '\x0c'), behavior will be unspecified
  tokens_by_line = make_tokens_by_line(lines)
/app/ipython/IPython/core/inputtransformer2.py:714: UserWarning: `make_tokens_by_line` received a list of lines which do not have lineending markers ('\n', '\r', '\r\n', '\x0b', '\x0c'), behavior will be unspecified
  tokens_by_line = make_tokens_by_line(lines)
/app/ipython/IPython/core/inputtransformer2.py:608: UserWarning: `make_tokens_by_line` received a list of lines which do not have lineending markers ('\n', '\r', '\r\n', '\x0b', '\x0c'), behavior will be unspecified
  tokens_by_line = make_tokens_by_line(lines)
/app/ipython/IPython/core/inputtransformer2.py:608: UserWarning: `make_tokens_by_line` received a list of lines which do not have lineending markers ('\n', '\r', '\r\n', '\x0b', '\x0c'), behavior will be unspecified
  tokens_by_line = make_tokens_by_line(lines)
/app/ipython/IPython/core/inputtransformer2.py:608: UserWarning: `make_tokens_by_line` received a list of lines which do not have lineending markers ('\n', '\r', '\r\n', '\x0b', '\x0c'), behavior will be unspecified
  tokens_by_line = make_tokens_by_line(lines)
/app/ipython/IPython/core/inputtransformer2.py:608: UserWarning: `make_tokens_by_line` received a list of lines which do not have lineending markers ('\n', '\r', '\r\n', '\x0b', '\x0c'), behavior will be unspecified
  tokens_by_line = make_tokens_by_line(lines)
/app/ipython/IPython/core/inputtransformer2.py:608: UserWarning: `make_tokens_by_line` received a list of lines which do not have lineending markers ('\n', '\r', '\r\n', '\x0b', '\x0c'), behavior will be unspecified
  tokens_by_line = make_tokens_by_line(lines)
/app/ipython/IPython/core/inputtransformer2.py:608: UserWarning: `make_tokens_by_line` received a list of lines which do not have lineending markers ('\n', '\r', '\r\n', '\x0b', '\x0c'), behavior will be unspecified
  tokens_by_line = make_tokens_by_line(lines)
/app/ipython/IPython/core/inputtransformer2.py:714: UserWarning: `make_tokens_by_line` received a list of lines which do not have lineending markers ('\n', '\r', '\r\n', '\x0b', '\x0c'), behavior will be unspecified
  tokens_by_line = make_tokens_by_line(lines)
/app/ipython/IPython/core/inputtransformer2.py:608: UserWarning: `make_tokens_by_line` received a list of lines which do not have lineending markers ('\n', '\r', '\r\n', '\x0b', '\x0c'), behavior will be unspecified
  tokens_by_line = make_tokens_by_line(lines)
/app/ipython/IPython/core/inputtransformer2.py:714: UserWarning: `make_tokens_by_line` received a list of lines which do not have lineending markers ('\n', '\r', '\r\n', '\x0b', '\x0c'), behavior will be unspecified
  tokens_by_line = make_tokens_by_line(lines)
#15897	REDUCE cov: 277 ft: 1086 corp: 170/1221b lim: 25 exec/s: 1766 rss: 84Mb L: 7/25 MS: 1 EraseBytes-
/app/ipython/IPython/core/inputtransformer2.py:608: UserWarning: `make_tokens_by_line` received a list of lines which do not have lineending markers ('\n', '\r', '\r\n', '\x0b', '\x0c'), behavior will be unspecified
  tokens_by_line = make_tokens_by_line(lines)
/app/ipython/IPython/core/inputtransformer2.py:714: UserWarning: `make_tokens_by_line` received a list of lines which do not have lineending markers ('\n', '\r', '\r\n', '\x0b', '\x0c'), behavior will be unspecified
  tokens_by_line = make_tokens_by_line(lines)
/app/ipython/IPython/core/inputtransformer2.py:608: UserWarning: `make_tokens_by_line` received a list of lines which do not have lineending markers ('\n', '\r', '\r\n', '\x0b', '\x0c'), behavior will be unspecified
  tokens_by_line = make_tokens_by_line(lines)
/app/ipython/IPython/core/inputtransformer2.py:714: UserWarning: `make_tokens_by_line` received a list of lines which do not have lineending markers ('\n', '\r', '\r\n', '\x0b', '\x0c'), behavior will be unspecified
  tokens_by_line = make_tokens_by_line(lines)
/app/ipython/IPython/core/inputtransformer2.py:608: UserWarning: `make_tokens_by_line` received a list of lines which do not have lineending markers ('\n', '\r', '\r\n', '\x0b', '\x0c'), behavior will be unspecified
  tokens_by_line = make_tokens_by_line(lines)
/app/ipython/IPython/core/inputtransformer2.py:714: UserWarning: `make_tokens_by_line` received a list of lines which do not have lineending markers ('\n', '\r', '\r\n', '\x0b', '\x0c'), behavior will be unspecified
  tokens_by_line = make_tokens_by_line(lines)
/app/ipython/IPython/core/inputtransformer2.py:608: UserWarning: `make_tokens_by_line` received a list of lines which do not have lineending markers ('\n', '\r', '\r\n', '\x0b', '\x0c'), behavior will be unspecified
  tokens_by_line = make_tokens_by_line(lines)
/app/ipython/IPython/core/inputtransformer2.py:714: UserWarning: `make_tokens_by_line` received a list of lines which do not have lineending markers ('\n', '\r', '\r\n', '\x0b', '\x0c'), behavior will be unspecified
  tokens_by_line = make_tokens_by_line(lines)
/app/ipython/IPython/core/inputtransformer2.py:608: UserWarning: `make_tokens_by_line` received a list of lines which do not have lineending markers ('\n', '\r', '\r\n', '\x0b', '\x0c'), behavior will be unspecified
  tokens_by_line = make_tokens_by_line(lines)
/app/ipython/IPython/core/inputtransformer2.py:714: UserWarning: `make_tokens_by_line` received a list of lines which do not have lineending markers ('\n', '\r', '\r\n', '\x0b', '\x0c'), behavior will be unspecified
  tokens_by_line = make_tokens_by_line(lines)
/app/ipython/IPython/core/inputtransformer2.py:608: UserWarning: `make_tokens_by_line` received a list of lines which do not have lineending markers ('\n', '\r', '\r\n', '\x0b', '\x0c'), behavior will be unspecified
  tokens_by_line = make_tokens_by_line(lines)
/app/ipython/IPython/core/inputtransformer2.py:714: UserWarning: `make_tokens_by_line` received a list of lines which do not have lineending markers ('\n', '\r', '\r\n', '\x0b', '\x0c'), behavior will be unspecified
  tokens_by_line = make_tokens_by_line(lines)
/app/ipython/IPython/core/inputtransformer2.py:608: UserWarning: `make_tokens_by_line` received a list of lines which do not have lineending markers ('\n', '\r', '\r\n', '\x0b', '\x0c'), behavior will be unspecified
  tokens_by_line = make_tokens_by_line(lines)
/app/ipython/IPython/core/inputtransformer2.py:714: UserWarning: `make_tokens_by_line` received a list of lines which do not have lineending markers ('\n', '\r', '\r\n', '\x0b', '\x0c'), behavior will be unspecified
  tokens_by_line = make_tokens_by_line(lines)
/app/ipython/IPython/core/inputtransformer2.py:608: UserWarning: `make_tokens_by_line` received a list of lines which do not have lineending markers ('\n', '\r', '\r\n', '\x0b', '\x0c'), behavior will be unspecified
  tokens_by_line = make_tokens_by_line(lines)
/app/ipython/IPython/core/inputtransformer2.py:714: UserWarning: `make_tokens_by_line` received a list of lines which do not have lineending markers ('\n', '\r', '\r\n', '\x0b', '\x0c'), behavior will be unspecified
  tokens_by_line = make_tokens_by_line(lines)
/app/ipython/IPython/core/inputtransformer2.py:608: UserWarning: `make_tokens_by_line` received a list of lines which do not have lineending markers ('\n', '\r', '\r\n', '\x0b', '\x0c'), behavior will be unspecified
  tokens_by_line = make_tokens_by_line(lines)
/app/ipython/IPython/core/inputtransformer2.py:714: UserWarning: `make_tokens_by_line` received a list of lines which do not have lineending markers ('\n', '\r', '\r\n', '\x0b', '\x0c'), behavior will be unspecified
  tokens_by_line = make_tokens_by_line(lines)
/app/ipython/IPython/core/inputtransformer2.py:608: UserWarning: `make_tokens_by_line` received a list of lines which do not have lineending markers ('\n', '\r', '\r\n', '\x0b', '\x0c'), behavior will be unspecified
  tokens_by_line = make_tokens_by_line(lines)
/app/ipython/IPython/core/inputtransformer2.py:608: UserWarning: `make_tokens_by_line` received a list of lines which do not have lineending markers ('\n', '\r', '\r\n', '\x0b', '\x0c'), behavior will be unspecified
  tokens_by_line = make_tokens_by_line(lines)
/app/ipython/IPython/core/inputtransformer2.py:714: UserWarning: `make_tokens_by_line` received a list of lines which do not have lineending markers ('\n', '\r', '\r\n', '\x0b', '\x0c'), behavior will be unspecified
  tokens_by_line = make_tokens_by_line(lines)
/app/ipython/IPython/core/inputtransformer2.py:608: UserWarning: `make_tokens_by_line` received a list of lines which do not have lineending markers ('\n', '\r', '\r\n', '\x0b', '\x0c'), behavior will be unspecified
  tokens_by_line = make_tokens_by_line(lines)
/app/ipython/IPython/core/inputtransformer2.py:714: UserWarning: `make_tokens_by_line` received a list of lines which do not have lineending markers ('\n', '\r', '\r\n', '\x0b', '\x0c'), behavior will be unspecified
  tokens_by_line = make_tokens_by_line(lines)
/app/ipython/IPython/core/inputtransformer2.py:608: UserWarning: `make_tokens_by_line` received a list of lines which do not have lineending markers ('\n', '\r', '\r\n', '\x0b', '\x0c'), behavior will be unspecified
  tokens_by_line = make_tokens_by_line(lines)
/app/ipython/IPython/core/inputtransformer2.py:714: UserWarning: `make_tokens_by_line` received a list of lines which do not have lineending markers ('\n', '\r', '\r\n', '\x0b', '\x0c'), behavior will be unspecified
  tokens_by_line = make_tokens_by_line(lines)
/app/ipython/IPython/core/inputtransformer2.py:608: UserWarning: `make_tokens_by_line` received a list of lines which do not have lineending markers ('\n', '\r', '\r\n', '\x0b', '\x0c'), behavior will be unspecified
  tokens_by_line = make_tokens_by_line(lines)
/app/ipython/IPython/core/inputtransformer2.py:608: UserWarning: `make_tokens_by_line` received a list of lines which do not have lineending markers ('\n', '\r', '\r\n', '\x0b', '\x0c'), behavior will be unspecified
  tokens_by_line = make_tokens_by_line(lines)
/app/ipython/IPython/core/inputtransformer2.py:608: UserWarning: `make_tokens_by_line` received a list of lines which do not have lineending markers ('\n', '\r', '\r\n', '\x0b', '\x0c'), behavior will be unspecified
  tokens_by_line = make_tokens_by_line(lines)
/app/ipython/IPython/core/inputtransformer2.py:608: UserWarning: `make_tokens_by_line` received a list of lines which do not have lineending markers ('\n', '\r', '\r\n', '\x0b', '\x0c'), behavior will be unspecified
  tokens_by_line = make_tokens_by_line(lines)
/app/ipython/IPython/core/inputtransformer2.py:608: UserWarning: `make_tokens_by_line` received a list of lines which do not have lineending markers ('\n', '\r', '\r\n', '\x0b', '\x0c'), behavior will be unspecified
  tokens_by_line = make_tokens_by_line(lines)
/app/ipython/IPython/core/inputtransformer2.py:608: UserWarning: `make_tokens_by_line` received a list of lines which do not have lineending markers ('\n', '\r', '\r\n', '\x0b', '\x0c'), behavior will be unspecified
  tokens_by_line = make_tokens_by_line(lines)
/app/ipython/IPython/core/inputtransformer2.py:714: UserWarning: `make_tokens_by_line` received a list of lines which do not have lineending markers ('\n', '\r', '\r\n', '\x0b', '\x0c'), behavior will be unspecified
  tokens_by_line = make_tokens_by_line(lines)
/app/ipython/IPython/core/inputtransformer2.py:608: UserWarning: `make_tokens_by_line` received a list of lines which do not have lineending markers ('\n', '\r', '\r\n', '\x0b', '\x0c'), behavior will be unspecified
  tokens_by_line = make_tokens_by_line(lines)
/app/ipython/IPython/core/inputtransformer2.py:714: UserWarning: `make_tokens_by_line` received a list of lines which do not have lineending markers ('\n', '\r', '\r\n', '\x0b', '\x0c'), behavior will be unspecified
  tokens_by_line = make_tokens_by_line(lines)
/app/ipython/IPython/core/inputtransformer2.py:608: UserWarning: `make_tokens_by_line` received a list of lines which do not have lineending markers ('\n', '\r', '\r\n', '\x0b', '\x0c'), behavior will be unspecified
  tokens_by_line = make_tokens_by_line(lines)
/app/ipython/IPython/core/inputtransformer2.py:714: UserWarning: `make_tokens_by_line` received a list of lines which do not have lineending markers ('\n', '\r', '\r\n', '\x0b', '\x0c'), behavior will be unspecified
  tokens_by_line = make_tokens_by_line(lines)
/app/ipython/IPython/core/inputtransformer2.py:608: UserWarning: `make_tokens_by_line` received a list of lines which do not have lineending markers ('\n', '\r', '\r\n', '\x0b', '\x0c'), behavior will be unspecified
  tokens_by_line = make_tokens_by_line(lines)
/app/ipython/IPython/core/inputtransformer2.py:714: UserWarning: `make_tokens_by_line` received a list of lines which do not have lineending markers ('\n', '\r', '\r\n', '\x0b', '\x0c'), behavior will be unspecified
  tokens_by_line = make_tokens_by_line(lines)
/app/ipython/IPython/core/inputtransformer2.py:608: UserWarning: `make_tokens_by_line` received a list of lines which do not have lineending markers ('\n', '\r', '\r\n', '\x0b', '\x0c'), behavior will be unspecified
  tokens_by_line = make_tokens_by_line(lines)
#16238	REDUCE cov: 277 ft: 1086 corp: 170/1220b lim: 25 exec/s: 1623 rss: 84Mb L: 16/25 MS: 1 EraseBytes-
#16287	NEW    cov: 280 ft: 1089 corp: 171/1242b lim: 25 exec/s: 1628 rss: 84Mb L: 22/25 MS: 4 ChangeBit-CopyPart-InsertRepeatedBytes-ChangeBit-
/app/ipython/IPython/core/inputtransformer2.py:608: UserWarning: `make_tokens_by_line` received a list of lines which do not have lineending markers ('\n', '\r', '\r\n', '\x0b', '\x0c'), behavior will be unspecified
  tokens_by_line = make_tokens_by_line(lines)
/app/ipython/IPython/core/inputtransformer2.py:714: UserWarning: `make_tokens_by_line` received a list of lines which do not have lineending markers ('\n', '\r', '\r\n', '\x0b', '\x0c'), behavior will be unspecified
  tokens_by_line = make_tokens_by_line(lines)
/app/ipython/IPython/core/inputtransformer2.py:608: UserWarning: `make_tokens_by_line` received a list of lines which do not have lineending markers ('\n', '\r', '\r\n', '\x0b', '\x0c'), behavior will be unspecified
  tokens_by_line = make_tokens_by_line(lines)
/app/ipython/IPython/core/inputtransformer2.py:714: UserWarning: `make_tokens_by_line` received a list of lines which do not have lineending markers ('\n', '\r', '\r\n', '\x0b', '\x0c'), behavior will be unspecified
  tokens_by_line = make_tokens_by_line(lines)
/app/ipython/IPython/core/inputtransformer2.py:608: UserWarning: `make_tokens_by_line` received a list of lines which do not have lineending markers ('\n', '\r', '\r\n', '\x0b', '\x0c'), behavior will be unspecified
  tokens_by_line = make_tokens_by_line(lines)
/app/ipython/IPython/core/inputtransformer2.py:714: UserWarning: `make_tokens_by_line` received a list of lines which do not have lineending markers ('\n', '\r', '\r\n', '\x0b', '\x0c'), behavior will be unspecified
  tokens_by_line = make_tokens_by_line(lines)
/app/ipython/IPython/core/inputtransformer2.py:608: UserWarning: `make_tokens_by_line` received a list of lines which do not have lineending markers ('\n', '\r', '\r\n', '\x0b', '\x0c'), behavior will be unspecified
  tokens_by_line = make_tokens_by_line(lines)
/app/ipython/IPython/core/inputtransformer2.py:714: UserWarning: `make_tokens_by_line` received a list of lines which do not have lineending markers ('\n', '\r', '\r\n', '\x0b', '\x0c'), behavior will be unspecified
  tokens_by_line = make_tokens_by_line(lines)
/app/ipython/IPython/core/inputtransformer2.py:608: UserWarning: `make_tokens_by_line` received a list of lines which do not have lineending markers ('\n', '\r', '\r\n', '\x0b', '\x0c'), behavior will be unspecified
  tokens_by_line = make_tokens_by_line(lines)
/app/ipython/IPython/core/inputtransformer2.py:714: UserWarning: `make_tokens_by_line` received a list of lines which do not have lineending markers ('\n', '\r', '\r\n', '\x0b', '\x0c'), behavior will be unspecified
  tokens_by_line = make_tokens_by_line(lines)
/app/ipython/IPython/core/inputtransformer2.py:608: UserWarning: `make_tokens_by_line` received a list of lines which do not have lineending markers ('\n', '\r', '\r\n', '\x0b', '\x0c'), behavior will be unspecified
  tokens_by_line = make_tokens_by_line(lines)
/app/ipython/IPython/core/inputtransformer2.py:608: UserWarning: `make_tokens_by_line` received a list of lines which do not have lineending markers ('\n', '\r', '\r\n', '\x0b', '\x0c'), behavior will be unspecified
  tokens_by_line = make_tokens_by_line(lines)
/app/ipython/IPython/core/inputtransformer2.py:714: UserWarning: `make_tokens_by_line` received a list of lines which do not have lineending markers ('\n', '\r', '\r\n', '\x0b', '\x0c'), behavior will be unspecified
  tokens_by_line = make_tokens_by_line(lines)
/app/ipython/IPython/core/inputtransformer2.py:608: UserWarning: `make_tokens_by_line` received a list of lines which do not have lineending markers ('\n', '\r', '\r\n', '\x0b', '\x0c'), behavior will be unspecified
  tokens_by_line = make_tokens_by_line(lines)
/app/ipython/IPython/core/inputtransformer2.py:714: UserWarning: `make_tokens_by_line` received a list of lines which do not have lineending markers ('\n', '\r', '\r\n', '\x0b', '\x0c'), behavior will be unspecified
  tokens_by_line = make_tokens_by_line(lines)
/app/ipython/IPython/core/inputtransformer2.py:608: UserWarning: `make_tokens_by_line` received a list of lines which do not have lineending markers ('\n', '\r', '\r\n', '\x0b', '\x0c'), behavior will be unspecified
  tokens_by_line = make_tokens_by_line(lines)
/app/ipython/IPython/core/inputtransformer2.py:714: UserWarning: `make_tokens_by_line` received a list of lines which do not have lineending markers ('\n', '\r', '\r\n', '\x0b', '\x0c'), behavior will be unspecified
  tokens_by_line = make_tokens_by_line(lines)
/app/ipython/IPython/core/inputtransformer2.py:608: UserWarning: `make_tokens_by_line` received a list of lines which do not have lineending markers ('\n', '\r', '\r\n', '\x0b', '\x0c'), behavior will be unspecified
  tokens_by_line = make_tokens_by_line(lines)
/app/ipython/IPython/core/inputtransformer2.py:714: UserWarning: `make_tokens_by_line` received a list of lines which do not have lineending markers ('\n', '\r', '\r\n', '\x0b', '\x0c'), behavior will be unspecified
  tokens_by_line = make_tokens_by_line(lines)
/app/ipython/IPython/core/inputtransformer2.py:608: UserWarning: `make_tokens_by_line` received a list of lines which do not have lineending markers ('\n', '\r', '\r\n', '\x0b', '\x0c'), behavior will be unspecified
  tokens_by_line = make_tokens_by_line(lines)
/app/ipython/IPython/core/inputtransformer2.py:714: UserWarning: `make_tokens_by_line` received a list of lines which do not have lineending markers ('\n', '\r', '\r\n', '\x0b', '\x0c'), behavior will be unspecified
  tokens_by_line = make_tokens_by_line(lines)
/app/ipython/IPython/core/inputtransformer2.py:608: UserWarning: `make_tokens_by_line` received a list of lines which do not have lineending markers ('\n', '\r', '\r\n', '\x0b', '\x0c'), behavior will be unspecified
  tokens_by_line = make_tokens_by_line(lines)
/app/ipython/IPython/core/inputtransformer2.py:714: UserWarning: `make_tokens_by_line` received a list of lines which do not have lineending markers ('\n', '\r', '\r\n', '\x0b', '\x0c'), behavior will be unspecified
  tokens_by_line = make_tokens_by_line(lines)
#16384	pulse  cov: 280 ft: 1089 corp: 171/1242b lim: 25 exec/s: 1638 rss: 84Mb
/app/ipython/IPython/core/inputtransformer2.py:608: UserWarning: `make_tokens_by_line` received a list of lines which do not have lineending markers ('\n', '\r', '\r\n', '\x0b', '\x0c'), behavior will be unspecified
  tokens_by_line = make_tokens_by_line(lines)
/app/ipython/IPython/core/inputtransformer2.py:714: UserWarning: `make_tokens_by_line` received a list of lines which do not have lineending markers ('\n', '\r', '\r\n', '\x0b', '\x0c'), behavior will be unspecified
  tokens_by_line = make_tokens_by_line(lines)
/app/ipython/IPython/core/inputtransformer2.py:608: UserWarning: `make_tokens_by_line` received a list of lines which do not have lineending markers ('\n', '\r', '\r\n', '\x0b', '\x0c'), behavior will be unspecified
  tokens_by_line = make_tokens_by_line(lines)
/app/ipython/IPython/core/inputtransformer2.py:714: UserWarning: `make_tokens_by_line` received a list of lines which do not have lineending markers ('\n', '\r', '\r\n', '\x0b', '\x0c'), behavior will be unspecified
  tokens_by_line = make_tokens_by_line(lines)
/app/ipython/IPython/core/inputtransformer2.py:608: UserWarning: `make_tokens_by_line` received a list of lines which do not have lineending markers ('\n', '\r', '\r\n', '\x0b', '\x0c'), behavior will be unspecified
  tokens_by_line = make_tokens_by_line(lines)
/app/ipython/IPython/core/inputtransformer2.py:714: UserWarning: `make_tokens_by_line` received a list of lines which do not have lineending markers ('\n', '\r', '\r\n', '\x0b', '\x0c'), behavior will be unspecified
  tokens_by_line = make_tokens_by_line(lines)
#16408	NEW    cov: 280 ft: 1091 corp: 172/1255b lim: 25 exec/s: 1640 rss: 84Mb L: 13/25 MS: 1 CopyPart-
#16524	NEW    cov: 280 ft: 1095 corp: 173/1278b lim: 25 exec/s: 1652 rss: 84Mb L: 23/25 MS: 1 InsertRepeatedBytes-
#16536	NEW    cov: 280 ft: 1099 corp: 174/1292b lim: 25 exec/s: 1653 rss: 84Mb L: 14/25 MS: 2 ShuffleBytes-CrossOver-
/app/ipython/IPython/core/inputtransformer2.py:608: UserWarning: `make_tokens_by_line` received a list of lines which do not have lineending markers ('\n', '\r', '\r\n', '\x0b', '\x0c'), behavior will be unspecified
  tokens_by_line = make_tokens_by_line(lines)
/app/ipython/IPython/core/inputtransformer2.py:608: UserWarning: `make_tokens_by_line` received a list of lines which do not have lineending markers ('\n', '\r', '\r\n', '\x0b', '\x0c'), behavior will be unspecified
  tokens_by_line = make_tokens_by_line(lines)
/app/ipython/IPython/core/inputtransformer2.py:714: UserWarning: `make_tokens_by_line` received a list of lines which do not have lineending markers ('\n', '\r', '\r\n', '\x0b', '\x0c'), behavior will be unspecified
  tokens_by_line = make_tokens_by_line(lines)
/app/ipython/IPython/core/inputtransformer2.py:608: UserWarning: `make_tokens_by_line` received a list of lines which do not have lineending markers ('\n', '\r', '\r\n', '\x0b', '\x0c'), behavior will be unspecified
  tokens_by_line = make_tokens_by_line(lines)
/app/ipython/IPython/core/inputtransformer2.py:714: UserWarning: `make_tokens_by_line` received a list of lines which do not have lineending markers ('\n', '\r', '\r\n', '\x0b', '\x0c'), behavior will be unspecified
  tokens_by_line = make_tokens_by_line(lines)
/app/ipython/IPython/core/inputtransformer2.py:608: UserWarning: `make_tokens_by_line` received a list of lines which do not have lineending markers ('\n', '\r', '\r\n', '\x0b', '\x0c'), behavior will be unspecified
  tokens_by_line = make_tokens_by_line(lines)
/app/ipython/IPython/core/inputtransformer2.py:608: UserWarning: `make_tokens_by_line` received a list of lines which do not have lineending markers ('\n', '\r', '\r\n', '\x0b', '\x0c'), behavior will be unspecified
  tokens_by_line = make_tokens_by_line(lines)
/app/ipython/IPython/core/inputtransformer2.py:714: UserWarning: `make_tokens_by_line` received a list of lines which do not have lineending markers ('\n', '\r', '\r\n', '\x0b', '\x0c'), behavior will be unspecified
  tokens_by_line = make_tokens_by_line(lines)
/app/ipython/IPython/core/inputtransformer2.py:608: UserWarning: `make_tokens_by_line` received a list of lines which do not have lineending markers ('\n', '\r', '\r\n', '\x0b', '\x0c'), behavior will be unspecified
  tokens_by_line = make_tokens_by_line(lines)
/app/ipython/IPython/core/inputtransformer2.py:608: UserWarning: `make_tokens_by_line` received a list of lines which do not have lineending markers ('\n', '\r', '\r\n', '\x0b', '\x0c'), behavior will be unspecified
  tokens_by_line = make_tokens_by_line(lines)
/app/ipython/IPython/core/inputtransformer2.py:714: UserWarning: `make_tokens_by_line` received a list of lines which do not have lineending markers ('\n', '\r', '\r\n', '\x0b', '\x0c'), behavior will be unspecified
  tokens_by_line = make_tokens_by_line(lines)
/app/ipython/IPython/core/inputtransformer2.py:608: UserWarning: `make_tokens_by_line` received a list of lines which do not have lineending markers ('\n', '\r', '\r\n', '\x0b', '\x0c'), behavior will be unspecified
  tokens_by_line = make_tokens_by_line(lines)
/app/ipython/IPython/core/inputtransformer2.py:608: UserWarning: `make_tokens_by_line` received a list of lines which do not have lineending markers ('\n', '\r', '\r\n', '\x0b', '\x0c'), behavior will be unspecified
  tokens_by_line = make_tokens_by_line(lines)
/app/ipython/IPython/core/inputtransformer2.py:608: UserWarning: `make_tokens_by_line` received a list of lines which do not have lineending markers ('\n', '\r', '\r\n', '\x0b', '\x0c'), behavior will be unspecified
  tokens_by_line = make_tokens_by_line(lines)
/app/ipython/IPython/core/inputtransformer2.py:608: UserWarning: `make_tokens_by_line` received a list of lines which do not have lineending markers ('\n', '\r', '\r\n', '\x0b', '\x0c'), behavior will be unspecified
  tokens_by_line = make_tokens_by_line(lines)
/app/ipython/IPython/core/inputtransformer2.py:608: UserWarning: `make_tokens_by_line` received a list of lines which do not have lineending markers ('\n', '\r', '\r\n', '\x0b', '\x0c'), behavior will be unspecified
  tokens_by_line = make_tokens_by_line(lines)
#16705	NEW    cov: 280 ft: 1101 corp: 175/1312b lim: 25 exec/s: 1670 rss: 84Mb L: 20/25 MS: 4 ShuffleBytes-InsertByte-ChangeASCIIInt-CrossOver-
/app/ipython/IPython/core/inputtransformer2.py:608: UserWarning: `make_tokens_by_line` received a list of lines which do not have lineending markers ('\n', '\r', '\r\n', '\x0b', '\x0c'), behavior will be unspecified
  tokens_by_line = make_tokens_by_line(lines)
/app/ipython/IPython/core/inputtransformer2.py:714: UserWarning: `make_tokens_by_line` received a list of lines which do not have lineending markers ('\n', '\r', '\r\n', '\x0b', '\x0c'), behavior will be unspecified
  tokens_by_line = make_tokens_by_line(lines)
#16751	REDUCE cov: 280 ft: 1101 corp: 175/1311b lim: 25 exec/s: 1675 rss: 84Mb L: 6/25 MS: 1 EraseBytes-
/app/ipython/IPython/core/inputtransformer2.py:608: UserWarning: `make_tokens_by_line` received a list of lines which do not have lineending markers ('\n', '\r', '\r\n', '\x0b', '\x0c'), behavior will be unspecified
  tokens_by_line = make_tokens_by_line(lines)
/app/ipython/IPython/core/inputtransformer2.py:714: UserWarning: `make_tokens_by_line` received a list of lines which do not have lineending markers ('\n', '\r', '\r\n', '\x0b', '\x0c'), behavior will be unspecified
  tokens_by_line = make_tokens_by_line(lines)
/app/ipython/IPython/core/inputtransformer2.py:608: UserWarning: `make_tokens_by_line` received a list of lines which do not have lineending markers ('\n', '\r', '\r\n', '\x0b', '\x0c'), behavior will be unspecified
  tokens_by_line = make_tokens_by_line(lines)
/app/ipython/IPython/core/inputtransformer2.py:714: UserWarning: `make_tokens_by_line` received a list of lines which do not have lineending markers ('\n', '\r', '\r\n', '\x0b', '\x0c'), behavior will be unspecified
  tokens_by_line = make_tokens_by_line(lines)
/app/ipython/IPython/core/inputtransformer2.py:608: UserWarning: `make_tokens_by_line` received a list of lines which do not have lineending markers ('\n', '\r', '\r\n', '\x0b', '\x0c'), behavior will be unspecified
  tokens_by_line = make_tokens_by_line(lines)
/app/ipython/IPython/core/inputtransformer2.py:714: UserWarning: `make_tokens_by_line` received a list of lines which do not have lineending markers ('\n', '\r', '\r\n', '\x0b', '\x0c'), behavior will be unspecified
  tokens_by_line = make_tokens_by_line(lines)
/app/ipython/IPython/core/inputtransformer2.py:608: UserWarning: `make_tokens_by_line` received a list of lines which do not have lineending markers ('\n', '\r', '\r\n', '\x0b', '\x0c'), behavior will be unspecified
  tokens_by_line = make_tokens_by_line(lines)
/app/ipython/IPython/core/inputtransformer2.py:714: UserWarning: `make_tokens_by_line` received a list of lines which do not have lineending markers ('\n', '\r', '\r\n', '\x0b', '\x0c'), behavior will be unspecified
  tokens_by_line = make_tokens_by_line(lines)
/app/ipython/IPython/core/inputtransformer2.py:608: UserWarning: `make_tokens_by_line` received a list of lines which do not have lineending markers ('\n', '\r', '\r\n', '\x0b', '\x0c'), behavior will be unspecified
  tokens_by_line = make_tokens_by_line(lines)
/app/ipython/IPython/core/inputtransformer2.py:714: UserWarning: `make_tokens_by_line` received a list of lines which do not have lineending markers ('\n', '\r', '\r\n', '\x0b', '\x0c'), behavior will be unspecified
  tokens_by_line = make_tokens_by_line(lines)
/app/ipython/IPython/core/inputtransformer2.py:608: UserWarning: `make_tokens_by_line` received a list of lines which do not have lineending markers ('\n', '\r', '\r\n', '\x0b', '\x0c'), behavior will be unspecified
  tokens_by_line = make_tokens_by_line(lines)
/app/ipython/IPython/core/inputtransformer2.py:714: UserWarning: `make_tokens_by_line` received a list of lines which do not have lineending markers ('\n', '\r', '\r\n', '\x0b', '\x0c'), behavior will be unspecified
  tokens_by_line = make_tokens_by_line(lines)
/app/ipython/IPython/core/inputtransformer2.py:608: UserWarning: `make_tokens_by_line` received a list of lines which do not have lineending markers ('\n', '\r', '\r\n', '\x0b', '\x0c'), behavior will be unspecified
  tokens_by_line = make_tokens_by_line(lines)
/app/ipython/IPython/core/inputtransformer2.py:714: UserWarning: `make_tokens_by_line` received a list of lines which do not have lineending markers ('\n', '\r', '\r\n', '\x0b', '\x0c'), behavior will be unspecified
  tokens_by_line = make_tokens_by_line(lines)
/app/ipython/IPython/core/inputtransformer2.py:608: UserWarning: `make_tokens_by_line` received a list of lines which do not have lineending markers ('\n', '\r', '\r\n', '\x0b', '\x0c'), behavior will be unspecified
  tokens_by_line = make_tokens_by_line(lines)
/app/ipython/IPython/core/inputtransformer2.py:714: UserWarning: `make_tokens_by_line` received a list of lines which do not have lineending markers ('\n', '\r', '\r\n', '\x0b', '\x0c'), behavior will be unspecified
  tokens_by_line = make_tokens_by_line(lines)
#17087	NEW    cov: 280 ft: 1103 corp: 176/1333b lim: 25 exec/s: 1708 rss: 84Mb L: 22/25 MS: 1 CrossOver-
/app/ipython/IPython/core/inputtransformer2.py:608: UserWarning: `make_tokens_by_line` received a list of lines which do not have lineending markers ('\n', '\r', '\r\n', '\x0b', '\x0c'), behavior will be unspecified
  tokens_by_line = make_tokens_by_line(lines)
/app/ipython/IPython/core/inputtransformer2.py:608: UserWarning: `make_tokens_by_line` received a list of lines which do not have lineending markers ('\n', '\r', '\r\n', '\x0b', '\x0c'), behavior will be unspecified
  tokens_by_line = make_tokens_by_line(lines)
/app/ipython/IPython/core/inputtransformer2.py:608: UserWarning: `make_tokens_by_line` received a list of lines which do not have lineending markers ('\n', '\r', '\r\n', '\x0b', '\x0c'), behavior will be unspecified
  tokens_by_line = make_tokens_by_line(lines)
/app/ipython/IPython/core/inputtransformer2.py:714: UserWarning: `make_tokens_by_line` received a list of lines which do not have lineending markers ('\n', '\r', '\r\n', '\x0b', '\x0c'), behavior will be unspecified
  tokens_by_line = make_tokens_by_line(lines)
/app/ipython/IPython/core/inputtransformer2.py:608: UserWarning: `make_tokens_by_line` received a list of lines which do not have lineending markers ('\n', '\r', '\r\n', '\x0b', '\x0c'), behavior will be unspecified
  tokens_by_line = make_tokens_by_line(lines)
/app/ipython/IPython/core/inputtransformer2.py:714: UserWarning: `make_tokens_by_line` received a list of lines which do not have lineending markers ('\n', '\r', '\r\n', '\x0b', '\x0c'), behavior will be unspecified
  tokens_by_line = make_tokens_by_line(lines)
/app/ipython/IPython/core/inputtransformer2.py:608: UserWarning: `make_tokens_by_line` received a list of lines which do not have lineending markers ('\n', '\r', '\r\n', '\x0b', '\x0c'), behavior will be unspecified
  tokens_by_line = make_tokens_by_line(lines)
/app/ipython/IPython/core/inputtransformer2.py:608: UserWarning: `make_tokens_by_line` received a list of lines which do not have lineending markers ('\n', '\r', '\r\n', '\x0b', '\x0c'), behavior will be unspecified
  tokens_by_line = make_tokens_by_line(lines)
/app/ipython/IPython/core/inputtransformer2.py:608: UserWarning: `make_tokens_by_line` received a list of lines which do not have lineending markers ('\n', '\r', '\r\n', '\x0b', '\x0c'), behavior will be unspecified
  tokens_by_line = make_tokens_by_line(lines)
/app/ipython/IPython/core/inputtransformer2.py:714: UserWarning: `make_tokens_by_line` received a list of lines which do not have lineending markers ('\n', '\r', '\r\n', '\x0b', '\x0c'), behavior will be unspecified
  tokens_by_line = make_tokens_by_line(lines)
/app/ipython/IPython/core/inputtransformer2.py:608: UserWarning: `make_tokens_by_line` received a list of lines which do not have lineending markers ('\n', '\r', '\r\n', '\x0b', '\x0c'), behavior will be unspecified
  tokens_by_line = make_tokens_by_line(lines)
/app/ipython/IPython/core/inputtransformer2.py:714: UserWarning: `make_tokens_by_line` received a list of lines which do not have lineending markers ('\n', '\r', '\r\n', '\x0b', '\x0c'), behavior will be unspecified
  tokens_by_line = make_tokens_by_line(lines)
/app/ipython/IPython/core/inputtransformer2.py:608: UserWarning: `make_tokens_by_line` received a list of lines which do not have lineending markers ('\n', '\r', '\r\n', '\x0b', '\x0c'), behavior will be unspecified
  tokens_by_line = make_tokens_by_line(lines)
/app/ipython/IPython/core/inputtransformer2.py:714: UserWarning: `make_tokens_by_line` received a list of lines which do not have lineending markers ('\n', '\r', '\r\n', '\x0b', '\x0c'), behavior will be unspecified
  tokens_by_line = make_tokens_by_line(lines)
/app/ipython/IPython/core/inputtransformer2.py:608: UserWarning: `make_tokens_by_line` received a list of lines which do not have lineending markers ('\n', '\r', '\r\n', '\x0b', '\x0c'), behavior will be unspecified
  tokens_by_line = make_tokens_by_line(lines)
/app/ipython/IPython/core/inputtransformer2.py:714: UserWarning: `make_tokens_by_line` received a list of lines which do not have lineending markers ('\n', '\r', '\r\n', '\x0b', '\x0c'), behavior will be unspecified
  tokens_by_line = make_tokens_by_line(lines)
/app/ipython/IPython/core/inputtransformer2.py:608: UserWarning: `make_tokens_by_line` received a list of lines which do not have lineending markers ('\n', '\r', '\r\n', '\x0b', '\x0c'), behavior will be unspecified
  tokens_by_line = make_tokens_by_line(lines)
/app/ipython/IPython/core/inputtransformer2.py:714: UserWarning: `make_tokens_by_line` received a list of lines which do not have lineending markers ('\n', '\r', '\r\n', '\x0b', '\x0c'), behavior will be unspecified
  tokens_by_line = make_tokens_by_line(lines)
/app/ipython/IPython/core/inputtransformer2.py:608: UserWarning: `make_tokens_by_line` received a list of lines which do not have lineending markers ('\n', '\r', '\r\n', '\x0b', '\x0c'), behavior will be unspecified
  tokens_by_line = make_tokens_by_line(lines)
/app/ipython/IPython/core/inputtransformer2.py:608: UserWarning: `make_tokens_by_line` received a list of lines which do not have lineending markers ('\n', '\r', '\r\n', '\x0b', '\x0c'), behavior will be unspecified
  tokens_by_line = make_tokens_by_line(lines)
/app/ipython/IPython/core/inputtransformer2.py:714: UserWarning: `make_tokens_by_line` received a list of lines which do not have lineending markers ('\n', '\r', '\r\n', '\x0b', '\x0c'), behavior will be unspecified
  tokens_by_line = make_tokens_by_line(lines)
/app/ipython/IPython/core/inputtransformer2.py:608: UserWarning: `make_tokens_by_line` received a list of lines which do not have lineending markers ('\n', '\r', '\r\n', '\x0b', '\x0c'), behavior will be unspecified
  tokens_by_line = make_tokens_by_line(lines)
/app/ipython/IPython/core/inputtransformer2.py:714: UserWarning: `make_tokens_by_line` received a list of lines which do not have lineending markers ('\n', '\r', '\r\n', '\x0b', '\x0c'), behavior will be unspecified
  tokens_by_line = make_tokens_by_line(lines)
#17242	DONE   cov: 280 ft: 1103 corp: 176/1333b lim: 25 exec/s: 1567 rss: 84Mb
###### Recommended dictionary. ######
"\377\377\377\377" # Uses: 509
"\377\377" # Uses: 169
"\001\000" # Uses: 64
###### End of recommended dictionary. ######
Done 17242 runs in 11 second(s)
