time,ego_speed,acceleration_cmd,mode,distance_error,distance,ttc
0.0,0.0,3.0,cruise,,,
0.1,0.30000000000000004,3.0,cruise,,,
0.2,0.6000000000000001,3.0,cruise,,,
0.3,0.9000000000000001,3.0,cruise,,,
0.4,1.2000000000000002,3.0,cruise,,,
0.5,1.5000000000000002,3.0,cruise,,,
0.6,1.8000000000000003,3.0,cruise,,,
0.7,2.1000000000000005,3.0,cruise,,,
0.8,2.4000000000000004,3.0,cruise,,,
0.9,2.7,3.0,cruise,,,
1.0,3.0,3.0,cruise,,,
1.1,3.3,3.0,cruise,,,
1.2,3.5999999999999996,3.0,cruise,,,
1.3,3.8999999999999995,3.0,cruise,,,
1.4,4.199999999999999,3.0,cruise,,,
1.5,4.499999999999999,3.0,cruise,,,
1.6,4.799999999999999,3.0,cruise,,,
1.7,5.099999999999999,3.0,cruise,,,
1.8,5.399999999999999,3.0,cruise,,,
1.9,5.699999999999998,3.0,cruise,,,
2.0,5.999999999999998,3.0,cruise,,,
2.1,6.299999999999998,3.0,cruise,,,
2.2,6.599999999999998,3.0,cruise,,,
2.3,6.899999999999998,3.0,cruise,,,
2.4,7.1999999999999975,3.0,cruise,,,
2.5,7.499999999999997,3.0,cruise,,,
2.6,7.799999999999997,3.0,cruise,,,
2.7,8.099999999999998,3.0,cruise,,,
2.8,8.399999999999999,3.0,cruise,,,
2.9,8.7,3.0,cruise,,,
3.0,9.0,3.0,cruise,,,
3.1,9.3,3.0,cruise,,,
3.2,9.600000000000001,3.0,cruise,,,
3.3,9.900000000000002,3.0,cruise,,,
3.4,10.200000000000003,3.0,cruise,,,
3.5,10.500000000000004,3.0,cruise,,,
3.6,10.800000000000004,3.0,cruise,,,
3.7,11.100000000000005,3.0,cruise,,,
3.8,11.400000000000006,3.0,cruise,,,
3.9,11.700000000000006,3.0,cruise,,,
4.0,12.000000000000007,3.0,cruise,,,
4.1,12.300000000000008,3.0,cruise,,,
4.2,12.600000000000009,3.0,cruise,,,
4.3,12.90000000000001,3.0,cruise,,,
4.4,13.20000000000001,3.0,cruise,,,
4.5,13.50000000000001,3.0,cruise,,,
4.6,13.800000000000011,3.0,cruise,,,
4.7,14.100000000000012,3.0,cruise,,,
4.8,14.400000000000013,3.0,cruise,,,
4.9,14.700000000000014,3.0,cruise,,,
5.0,15.000000000000014,3.0,cruise,,,
5.1,15.300000000000015,3.0,cruise,,,
5.2,15.600000000000016,3.0,cruise,,,
5.3,15.900000000000016,3.0,cruise,,,
5.4,16.200000000000017,3.0,cruise,,,
5.5,16.500000000000018,3.0,cruise,,,
5.6,16.80000000000002,3.0,cruise,,,
5.7,17.10000000000002,3.0,cruise,,,
5.8,17.40000000000002,3.0,cruise,,,
5.9,17.70000000000002,3.0,cruise,,,
6.0,18.00000000000002,3.0,cruise,,,
6.1,18.300000000000022,3.0,cruise,,,
6.2,18.600000000000023,3.0,cruise,,,
6.3,18.900000000000023,3.0,cruise,,,
6.4,19.200000000000024,3.0,cruise,,,
6.5,19.500000000000025,3.0,cruise,,,
6.6,19.800000000000026,3.0,cruise,,,
6.7,20.100000000000026,3.0,cruise,,,
6.8,20.400000000000027,3.0,cruise,,,
6.9,20.700000000000028,3.0,cruise,,,
7.0,21.00000000000003,3.0,cruise,,,
7.1,21.30000000000003,3.0,cruise,,,
7.2,21.60000000000003,3.0,cruise,,,
7.3,21.90000000000003,3.0,cruise,,,
7.4,22.20000000000003,3.0,cruise,,,
7.5,22.500000000000032,3.0,cruise,,,
7.6,22.800000000000033,3.0,cruise,,,
7.7,23.100000000000033,3.0,cruise,,,
7.8,23.400000000000034,3.0,cruise,,,
7.9,23.700000000000035,2.8999999999999817,cruise,,,
8.0,23.990000000000034,2.7649999999999837,cruise,,,
8.1,24.266500000000033,2.640249999999985,cruise,,,
8.2,24.530525000000033,2.5207124999999833,cruise,,,
8.3,24.78259625000003,2.4066306249999885,cruise,,,
8.4,25.023259312500027,2.2977072812499886,cruise,,,
8.5,25.253030040625028,2.1937142515624855,cruise,,,
8.6,25.472401465781275,2.0944278419531157,cruise,,,
8.7,25.681844249976585,1.9996350908163967,cruise,,,
8.8,25.881807759058226,1.9091326113892455,cruise,,,
8.9,26.07272102019715,1.8227262287625008,cruise,,,
9.0,26.2549936430734,1.740230555587048,cruise,,,
9.1,26.429016698632108,1.6614685951252401,cruise,,,
9.2,26.59516355814463,1.586271361415162,cruise,,,
9.3,26.753790694286145,1.5144775167154123,cruise,,,
9.4,26.905238445957686,1.445933025349617,cruise,,,
9.5,27.049831748492647,1.3804908232187156,cruise,,,
9.6,27.187880830814517,1.3180105022708706,cruise,,,
9.7,27.319681881041603,1.2583580092521125,cruise,,,
9.8,27.445517681966816,1.2014053580913793,cruise,,,
9.9,27.565658217775955,1.1470303553028842,cruise,,,
10.0,27.68036125330624,1.0951163378165927,cruise,,,
10.1,27.7898728870879,1.0455519226743928,cruise,,,
10.2,27.89442807935534,0.9982307680548896,cruise,,,
10.3,27.99425115616083,0.953051345114097,cruise,,,
10.4,28.08955629067224,0.9099167201524712,cruise,,,
10.5,28.180547962687484,0.868734346641012,cruise,,,
10.6,28.267421397351587,0.8294158666601039,cruise,,,
10.7,28.350362984017597,0.7918769213251917,cruise,,,
10.8,28.429550676150114,0.7560369697924252,cruise,,,
10.9,28.505154373129358,0.7218191164560779,cruise,,,
11.0,28.577336284774965,0.6891499459669099,cruise,,,
11.1,28.646251279371658,0.6579593657174787,cruise,,,
11.2,28.712047215943407,0.6281804554565469,cruise,,,
11.3,28.77486526148906,0.5997493237098148,cruise,,,
11.4,28.834840193860042,0.572604970698998,cruise,,,
11.5,28.892100690929944,0.5466891574651271,cruise,,,
11.6,28.946769606676455,0.5219462809152617,cruise,,,
11.7,28.998964234767982,0.4983232545244818,cruise,,,
11.8,29.04879656022043,0.4757693944373351,cruise,,,
11.9,29.096373499664164,0.45423631072418513,cruise,,,
12.0,29.14179713073658,0.4336778035592925,cruise,,,
12.1,29.18516491109251,0.41404976409781574,cruise,,,
12.2,29.226569887502293,0.39531007983907,cruise,,,
12.3,29.2661008954862,0.37741854427299265,cruise,,,
12.4,29.3038427499135,0.360336770615951,cruise,,,
12.5,29.339876426975096,0.3440281094508563,cruise,,,
12.6,29.37427923792018,0.3284575700948242,cruise,,,
12.7,29.407124994929664,0.31359174552568553,cruise,,,
12.8,29.438484169482233,0.2993987407063134,cruise,,,
12.9,29.468424043552865,0.2858481041529359,cruise,,,
13.0,29.497008853968158,0.2729107626006286,cruise,,,
13.1,29.52429993022822,0.2605589586258265,cruise,,,
13.2,29.550355826090804,0.2487661910920142,cruise,,,
13.3,29.575232445200005,0.23750715829079744,cruise,,,
13.4,29.598983161029086,0.2267577036563761,cruise,,,
13.5,29.621658931394723,0.2164947639370009,cruise,,,
13.6,29.643308407788425,0.2066963197120863,cruise,,,
13.7,29.663978039759634,0.19734134814897358,cruise,,,
13.8,29.68371217457453,0.18840977789783792,cruise,,,
13.9,29.702553152364313,0.17988244602806097,cruise,,,
14.0,29.720541396967118,0.17174105691363656,cruise,,,
14.1,29.73771550265848,0.16396814297939527,cruise,,,
14.2,29.75411231695642,0.15654702722385244,cruise,,,
14.3,29.769767019678806,0.14946178743821043,cruise,,,
14.4,29.784713198422626,0.14269722204486718,cruise,,,
14.5,29.79898292062711,0.13623881748195926,cruise,,,
14.6,29.812606802375306,0.13007271706415152,cruise,,,
14.7,29.82561407408172,0.1241856912527261,cruise,,,
14.8,29.838032643206994,0.11856510927122982,cruise,,,
14.9,29.849889154134118,0.1131989120058165,cruise,,,
15.0,29.8612090453347,0.10807558613206787,cruise,,,
15.1,29.872016603947905,0.10318413941284206,cruise,,,
15.2,29.88233501788919,0.09851407711412037,cruise,,,
15.3,29.892186425600602,0.09405537948828631,cruise,,,
15.4,29.901591963549432,0.08979848027645439,cruise,,,
15.5,29.91057181157708,0.08573424618381438,cruise,,,
15.6,29.919145236195458,0.08185395728389118,cruise,,,
15.7,29.927330631923848,0.07814928830968633,cruise,,,
15.8,29.935145560754815,0.07461229079162486,cruise,,,
15.9,29.942606789833977,0.07123537600384929,cruise,,,
16.0,29.949730327434363,0.06801129868243301,cruise,,,
16.1,29.956531457302606,0.06493314148045322,cruise,,,
16.2,29.96302477145065,0.061994300126628946,cruise,,,
16.3,29.969224201463316,0.05918846925567785,cruise,,,
16.4,29.975143048388883,0.05650962887999107,cruise,,,
16.5,29.98079401127688,0.05395203147356149,cruise,,,
16.6,29.986189214424236,0.05151018964052696,cruise,,,
16.7,29.99134023338829,0.049178864341802256,cruise,,,
16.8,29.99625811982247,0.046953053654582536,cruise,,,
16.9,30.00095342518793,0.04482702861538795,cruise,,,
17.0,30.005436128049467,0.04279284356049158,cruise,,,
17.1,30.009715412405516,0.04084690447555074,cruise,,,
17.2,30.01380010285307,0.03898535305741242,cruise,,,
17.3,30.017698638158812,0.03720454190819851,cruise,,,
17.4,30.021419092349632,0.03550097683536011,cruise,,,
17.5,30.02496919003317,0.033871315310841706,cruise,,,
17.6,30.028356321564253,0.032312359376186914,cruise,,,
17.7,30.031587557501872,0.030821049443340957,cruise,,,
17.8,30.034669662446206,0.029394458302014072,cruise,,,
17.9,30.037609108276406,0.02802978539276975,cruise,,,
18.0,30.04041208681568,0.02672435132724181,cruise,,,
18.1,30.043084521948405,0.02547559264548397,cruise,,,
18.2,30.045632081212954,0.024281056800170425,cruise,,,
18.3,30.04806018689297,0.02313839735780006,cruise,,,
18.4,30.050374026628752,0.022045369407518313,cruise,,,
18.5,30.052578563569504,0.020999825168601022,cruise,,,
18.6,30.054678546086365,0.019999709787976584,cruise,,,
18.7,30.056678517065162,0.019043057319575417,cruise,,,
18.8,30.05858282279712,0.018127986877637926,cruise,,,
18.9,30.060395621484883,0.017252698956468145,cruise,,,
19.0,30.06212089138053,0.01641547190937853,cruise,,,
19.1,30.06376243857147,0.015614658580046133,cruise,,,
19.2,30.065323904429473,0.01484868307955052,cruise,,,
19.3,30.066808772737428,0.014116037702884159,cruise,,,
19.4,30.068220376507718,0.013415279978896626,cruise,,,
19.5,30.06956190450561,0.012745029847844667,cruise,,,
19.6,30.070836407490393,0.012103966961067657,cruise,,,
19.7,30.0720468041865,0.011490828097507573,cruise,,,
19.8,30.07319588699625,0.010904404691991977,cruise,,,
19.9,30.074286327465447,0.010343540470478814,cruise,,,
20.0,30.075320681512494,0.009807129187594986,cruise,,,
20.1,30.076301394431255,0.009294112462069272,cruise,,,
20.2,30.077230805677463,0.008803477705840577,cruise,,,
20.3,30.078111153448045,0.008334256142726648,cruise,,,
20.4,30.078944579062316,0.007885520912840345,cruise,,,
20.5,30.0797331311536,0.007456385259033381,cruise,,,
20.6,30.0804787696795,0.007046000791782914,cruise,,,
20.7,30.08118336975868,0.00665355582915958,cruise,,,
20.8,30.081848725341597,0.006278273808619943,cruise,,,
20.9,30.082476552722458,0.005919411767524314,cruise,,,
21.0,30.08306849389921,0.005576258889359378,cruise,,,
21.1,30.083626119788146,0.005248135112915442,cruise,,,
21.2,30.084150933299437,0.004934389801617589,cruise,,,
21.3,30.084644372279598,0.004634400470386962,cruise,,,
21.4,30.085107812326637,0.00434757156766348,cruise,,,
21.5,30.085542569483405,0.004073333310067102,cruise,,,
21.6,30.085949902814413,0.0038111405675082047,cruise,,,
21.7,30.086331016871164,0.0035604717965192004,cruise,,,
21.8,30.086687064050814,0.00332082801974342,cruise,,,
21.9,30.08701914685279,0.0030917318495781512,cruise,,,
22.0,30.08732832003775,0.00287272655407661,cruise,,,
22.1,30.087615592693155,0.002663375163233901,cruise,,,
22.2,30.087881930209477,0.0024632596139468957,cruise,,,
22.3,30.088128256170872,0.002271979932005251,cruise,,,
22.4,30.088355454164073,0.0020891534494348538,cruise,,,
22.5,30.088564369509015,0.001914414055714235,cruise,,,
22.6,30.088755810914588,0.0017474114813825908,cruise,,,
22.7,30.088930552062727,0.0015878106126829827,cruise,,,
22.8,30.089089333123997,0.0014352908357939884,cruise,,,
22.9,30.089232862207577,0.00128954540948608,cruise,,,
23.0,30.089361816748525,0.0011502808648959986,cruise,,,
23.1,30.089476844835016,0.0010172164312728937,cruise,,,
23.2,30.089578566478142,0.0008900834865955623,cruise,,,
23.3,30.0896675748268,0.0007686250319059382,cruise,,,
23.4,30.08974443732999,0.0006525951884522388,cruise,,,
23.5,30.089809696848835,0.0005417587165249746,cruise,,,
23.6,30.08986387272049,0.0004358905551688011,cruise,,,
23.7,30.089907461776004,0.0003347753817735735,cruise,,,
23.8,30.089940939314182,0.00023820719070756502,cruise,,,
23.9,30.089964760033254,0.0001459888902444889,cruise,,,
24.0,30.089979358922278,5.7931916858308674e-05,cruise,,,
24.1,30.089985152113965,-2.6144133761320243e-05,cruise,,,
24.2,30.08998253770059,-0.00010641185971219103,cruise,,,
24.3,30.08997189651462,-0.0001830363906478033,cruise,,,
24.4,30.089953592875556,-0.00025617571089846247,cruise,,,
24.5,30.089927975304466,-0.0003259809686306861,cruise,,,
24.6,30.089895377207604,-0.00039259677163572954,cruise,,,
24.7,30.08985611753044,-0.0004561614702841693,cruise,,,
24.8,30.089810501383415,-0.0005168074282899393,cruise,,,
24.9,30.089758820640586,-0.0005746612817148014,cruise,,,
25.0,30.089701354512414,-0.0006298441867968463,cruise,,,
25.1,30.089638370093734,-0.0006824720570435261,cruise,,,
25.2,30.08957012288803,-0.0007326557900557834,cruise,,,
25.3,30.089496857309026,-0.0007805014845616229,cruise,,,
25.4,30.08941880716057,-0.0008261106480422914,cruise,,,
25.5,30.089336196095765,-0.0008695803953870235,cruise,,,
25.6,30.089249238056226,-0.0009110036389398737,cruise,,,
25.7,30.089158137692333,-0.0009504692703321618,cruise,,,
25.8,30.0890630907653,-0.0009880623344407369,cruise,,,
25.9,30.088964284531855,-0.0010238641958369016,cruise,,,
26.0,30.08886189811227,-0.0010579526980183176,cruise,,,
26.1,30.088756102842467,-0.0010904023157401188,cruise,,,
26.2,30.088647062610892,-0.001121284300792398,cruise,,,
26.3,30.088534934180814,-0.0011506668214298424,cruise,,,
26.4,30.088419867498672,-0.0011786150957946856,cruise,,,
26.5,30.088302005989092,-0.0012051915195560592,cruise,,,
26.6,30.088181486837136,-0.0012304557880388131,cruise,,,
26.7,30.088058441258333,-0.0012544650130482254,cruise,,,
26.8,30.08793299475703,-0.0012772738346523982,cruise,,,
26.9,30.087805267373565,-0.0012989345281332124,cruise,,,
27.0,30.087675373920753,-0.001319497106301186,cruise,,,
27.1,30.08754342421012,-0.0013390094173755043,cruise,,,
27.2,30.087409523268384,-0.0013575172386697323,cruise,,,
27.3,30.087273771544517,-0.0013750643661503484,cruise,,,
27.4,30.0871362651079,-0.0013916927002019103,cruise,,,
27.5,30.08699709583788,-0.0014074423276240963,cruise,,,
27.6,30.086856351605118,-0.0014223516001063766,cruise,,,
27.7,30.08671411644511,-0.0014364572093003847,cruise,,,
27.8,30.08657047072418,-0.0014497942586405785,cruise,,,
27.9,30.086425491298314,-0.00146239633206946,cruise,,,
28.0,30.086279251665108,-0.0014742955597901244,cruise,,,
28.1,30.086131822109127,-0.0014855226811354844,cruise,,,
28.2,30.085983269841012,-0.001496107104784157,cruise,,,
28.3,30.085833659130532,-0.0015060769663098675,cruise,,,
28.4,30.0856830514339,-0.00151545918327535,cruise,,,
28.5,30.085531505515572,-0.0015242795079309784,cruise,,,
28.6,30.085379077564777,-0.00153256257763177,cruise,,,
28.7,30.085225821307013,-0.001540331963086894,cruise,,,
28.8,30.085071788110703,-0.001547610214497147,cruise,,,
28.9,30.084917027089254,-0.0015544189057232066,cruise,,,
29.0,30.08476158519868,-0.0015607786765105616,cruise,,,
29.1,30.08460550733103,-0.0015667092729390736,cruise,,,
29.2,30.084448836403737,-0.0015722295860540886,cruise,,,
29.3,30.08429161344513,-0.0015773576888831256,cruise,,,
29.4,30.084133877676244,-0.0015821108718343524,cruise,,,
29.5,30.083975666589062,-0.001586505676537328,cruise,,,
29.6,30.08381701602141,-0.0015905579282629034,cruise,,,
29.7,30.083657960228585,-0.0015942827669066587,cruise,,,
29.8,30.083498531951893,-0.001597694676644626,cruise,,,
29.9,30.083338762484228,-0.0016008075143241277,cruise,,,
30.0,30.083178681732797,-6.9599912200007035,follow,-3.0247680225991758,52.10000000000002,11.054110934076768
30.1,29.387179559732726,0.45626101006379005,follow,-2.4294872955723434,51.65128204402674,11.51085695512111
30.2,29.432805660739106,-1.8014480014450558,follow,-2.892207013155833,51.25700147795283,13.000133886473199
30.3,29.252660860594602,-0.9733542596151357,follow,-2.9332558989984676,50.945735391893436,16.36726186166052
30.4,29.155325434633088,-1.555794903631855,follow,-3.2207853035195413,50.51220284843009,11.65130590772019
30.5,28.999745944269904,-1.4087338106813367,follow,-3.405390662401814,50.09422825400304,11.984993567055962
30.6,28.85887256320177,-1.1731125856151676,follow,-3.4619678471197517,49.826340997682905,18.59974292249676
30.7,28.741561304640253,-1.3859956312990787,follow,-3.6021570897415103,49.51018486721887,15.660042648723046
30.8,28.602961741510345,-1.5404194077238502,follow,-3.789553919197637,49.11488869306788,12.424832797471518
30.9,28.44891980073796,-1.3369949903046807,follow,-3.8623829881128415,48.8109967129941,16.06195619283569
31.0,28.315220301707495,-1.5771026059815119,follow,-4.028355769737843,48.4444746828234,13.21734321406406
31.1,28.157510041109344,-1.5119264945058226,follow,-4.142541382951478,48.093723678712536,13.711642480003162
31.2,28.00631739165876,-1.4161920117033715,follow,-4.198384147941425,47.81109193954671,16.916391655321643
31.3,27.864698190488426,-1.8081162466635414,follow,-4.415425165234829,47.38162212049781,11.032584833419742
31.4,27.68388656582207,-1.6648213546107768,follow,-4.541596384817581,46.98423346391553,11.823244746845457
31.5,27.517404430360994,-1.5137185670875426,follow,-4.585613624662045,46.690493020879444,15.895153060398075
31.6,27.36603257365224,-1.6224386736935117,follow,-4.671159096964175,46.37788976351419,14.836022552807067
31.7,27.20378870628289,-1.3432777891101515,follow,-4.624172166538479,46.18151089288585,23.516537571040107
31.8,27.069460927371875,-1.6061968260140929,follow,-4.697626590909152,45.90656480014866,16.6965692594982
31.9,26.908841244770464,-1.5879835585951299,follow,-4.753581191484102,45.6096806756716,15.362788682625544
32.0,26.75004288891095,-1.0777298941792708,follow,-4.580387946585859,45.544676386780566,70.0641098667873
32.1,26.642269899493023,-1.469121647367362,follow,-4.599955452408295,45.36344939683124,25.031287784187935
32.2,26.495357734756286,-1.255571946374581,follow,-4.52412297877877,45.21891362335566,31.285620532539244
32.3,26.369800540118828,-1.5352186963617591,follow,-4.579767240834478,44.97493356934376,18.43385671484166
32.4,26.21627867048265,-1.2683238162165984,follow,-4.512112303428502,44.812305702295475,27.55512109680191
32.5,26.08944628886099,-1.1982346208717545,follow,-4.422808359882069,44.71136107340942,44.29295700701365
32.6,25.969622826773815,-1.3842648139218952,follow,-4.42603544942871,44.52839879073201,24.337474445074136
32.7,25.831196345381624,-1.0270144334633797,follow,-4.273515361878609,44.473279156193826,80.68500368122467
32.8,25.728494902035287,-1.248788456486824,follow,-4.2373126870626265,44.3554296659903,37.637353873476684
32.9,25.603616056386606,-1.0797934815997408,follow,-4.132356024228258,44.27306806035165,53.754498491187604
33.0,25.49563670822663,-1.1346744990085411,follow,-4.064950672810895,44.17850438952905,46.71826294939188
33.1,25.382169258325778,-0.6462214291001864,follow,-3.7939664237921633,44.279287463696505,
33.2,25.31754711541576,-1.040579370643627,follow,-3.7297879209686755,44.24653275215496,135.08448302465447
33.3,25.2134891783514,-1.0407390044391776,follow,-3.6740499332071863,44.14618383431991,43.992685508424074
33.4,25.10941527790748,-0.6757255373491902,follow,-3.466880610331984,44.19724230652923,
33.5,25.04184272417256,-1.0781626992736606,follow,-3.461706052146795,44.10105803411204,45.850591708795776
33.6,24.934026454245195,-0.6645717688712209,follow,-3.2773842926803525,44.12365538868744,
33.7,24.867569277358072,-1.1115789613359133,follow,-3.311455455085486,43.98989846095162,32.88794024025374
33.8,24.75641138122448,-0.8339165125464567,follow,-3.220359749007578,43.914257322829144,58.056050467856
33.9,24.673019729969834,-0.6187012657668823,follow,-3.0475742451226253,43.961955349832124,
34.0,24.611149603393145,-0.5348847456276566,follow,-2.860884015596916,44.0558403894928,
34.1,24.55766112883038,-0.5920920270683546,follow,-2.7234174166357334,44.11307427660984,
34.2,24.498451926123543,-0.5680974186604842,follow,-2.593448805187805,44.15422908399751,
34.3,24.441642184257496,-0.5565187344977218,follow,-2.475398410814492,44.187064865571756,
34.4,24.385990310807724,-0.7146983313284345,follow,-2.4415196317206167,44.13746583449097,88.98856464073424
34.5,24.31452047767488,-0.502424675073052,follow,-2.3197669297888197,44.1520137867235,
34.6,24.264278010167573,-0.48387750837490273,follow,-2.2058310295445835,44.190585985706775,
34.7,24.21589025933008,-0.18276632812011262,follow,-1.975838429221426,44.347996959773695,
34.8,24.19761362651807,-0.33534827966423963,follow,-1.8421848426552572,44.45423559712185,
34.9,24.164078798551646,-0.5982984199790551,follow,-1.8402904805606823,44.40582771726679,91.73264321868278
35.0,24.10424895655374,-0.13445144928287223,follow,-1.6369706132192334,44.51940282161138,
35.1,24.090803811625452,-0.35229031063700733,follow,-1.5548832769893366,44.581322440448844,
35.2,24.055574780561752,-0.295007025456281,follow,-1.45859720844998,44.624764962392646,
35.3,24.026074078016123,-0.055998776696168984,follow,-1.2709535624330996,44.768157554591085,
35.4,24.020474200346506,-0.009575556849569011,follow,-1.0876011659633775,44.94311013455638,
35.5,24.01951664466155,0.013534389051938711,follow,-0.9181164969020941,45.11115847009023,
35.6,24.020870083566745,-0.2498044325139659,follow,-0.8852336636165887,45.14607146173353,
35.7,23.995889640315347,-0.051342187140225815,follow,-0.7703519627710449,45.22348249770198,
35.8,23.990755421601325,0.026233718763612024,follow,-0.6367261768602077,45.34940695554178,
35.9,23.993378793477685,0.14935439146865048,follow,-0.4669991140225065,45.52306907619402,
36.0,24.00831423262455,-0.09633927276707366,follow,-0.42623369600525507,45.58623765293157,
36.1,23.998680305347843,0.053470470073063575,follow,-0.32565083562497676,45.672369622396786,
36.2,24.00402735235515,-0.1279688539042823,follow,-0.3170741413714069,45.688966887161314,
36.3,23.99123046696472,-0.07595599521633858,follow,-0.28700185998224015,45.69984384046484,
36.4,23.983634867443087,0.2641682408431443,follow,-0.11297194744405914,45.86248035372057,
36.5,24.0100516915274,0.2873068812717422,follow,0.04839764727667273,46.06347518456778,
36.6,24.038782379654574,0.07512329384802566,follow,0.09642337712042348,46.15459694660228,
36.7,24.046294709039376,0.3452620401160938,follow,0.25552541213930624,46.32496747569837,
36.8,24.080820913050985,0.1817764102514262,follow,0.32265401481681977,46.4438853843933,
36.9,24.09899855407613,0.08197416362000765,follow,0.337487697871488,46.48598552898568,
37.0,24.10719597043813,0.2919121098374152,follow,0.4414719762847312,46.60226593194193,
37.1,24.13638718142187,0.44696386983156733,follow,0.5990464416668928,46.8036272137997,
37.2,24.18108356840503,0.15967407674634354,follow,0.6108935043515658,46.88251885695911,
37.3,24.197050976079662,0.5354549076962225,follow,0.7842372952315628,47.079813759351055,
37.4,24.250596466849284,-0.27381894518210315,follow,0.5828594123921178,46.95875411266604,38.78976636606377
37.5,24.223214572331074,0.5454286157453871,follow,0.7636107969363195,47.09843265543293,
37.6,24.277757433905613,0.17872978518747237,follow,0.7610207611838433,47.177656912042266,
37.7,24.29563041242436,0.2344357341972199,follow,0.7826482521632485,47.22609387079979,
37.8,24.31907398584408,0.28383598268964577,follow,0.8225754934492429,47.30118647221536,
37.9,24.347457584113045,-0.08586090391858514,follow,0.6962543376345138,47.21744071380408,56.381889195991214
38.0,24.338871493721186,0.3124222223307994,follow,0.7592463238501992,47.26755356443198,
38.1,24.370113715954265,0.28642880014484784,follow,0.8023716189052053,47.357542192836604,
38.2,24.39875659596875,0.49587678855137696,follow,0.9305316392866203,47.52866653323974,
38.3,24.448344274823885,0.10653238822230843,follow,0.8723156935215073,47.54483210575734,
38.4,24.458997513646114,0.17119061376095945,follow,0.8494360839234645,47.53793235439264,688.980368165343
38.5,24.47611657502221,0.1918204047888124,follow,0.8381458343571211,47.55232069689043,
38.6,24.495298615501092,0.4239330256161153,follow,0.9288429120886548,47.67179083534029,
38.7,24.537691918062702,0.2610493189274805,follow,0.9364837664399559,47.74302164353401,
38.8,24.56379684995545,0.16493326638877026,follow,0.900946683605298,47.746641958538476,
38.9,24.58029017659433,0.3639948922132631,follow,0.9561776759875542,47.826612940879045,
39.0,24.616689665815656,0.23316295597304248,follow,0.9469094755739533,47.87194397429744,
39.1,24.64000596141296,0.4229777003004933,follow,1.0209344360366543,47.9809433781561,
39.2,24.68230373144301,0.08110687194724431,follow,0.9362574078472221,47.959713005011736,225.90141340914462
39.3,24.690414418637733,0.2371137911526932,follow,0.9300499351913061,47.96567156314791,
39.4,24.714125797753002,0.16766961532029953,follow,0.8940702867430588,47.965258983372564,11625.693224656245
39.5,24.730892759285034,-0.008536609135475326,follow,0.78583056851663,47.88216970744418,57.62737630382737
39.6,24.730039098371485,0.3244150719934906,follow,0.836107150049699,47.93116579760692,
39.7,24.762480605570833,0.21339936663701684,follow,0.8311968286935993,47.97491773704985,
39.8,24.783820542234533,0.2001393080151062,follow,0.8208048694746495,47.99653568282645,
39.9,24.803834473036044,0.15638563691552468,follow,0.7924005259688016,47.998152235522866,
40.0,24.819473036727597,-0.04235652387923411,follow,0.6809953767587089,47.9102049318501,54.476036138774305
40.1,24.815237384339675,0.1646360019981031,follow,0.6738251169066416,47.89668119341616,354.1674621058508
40.2,24.831700984539484,0.10172583418690079,follow,0.6399596181529503,47.88751109496218,522.2137072513342
40.3,24.841873567958174,0.03331101165578765,follow,0.5805133862291569,47.84332373816642,108.27378509930443
40.4,24.845204669123753,0.14929309885133155,follow,0.5789962675684563,47.84680327125409,
40.5,24.860133979008886,0.20259099080165396,follow,0.6005889048397961,47.89078987335313,
40.6,24.88039307808905,0.4420445774205484,follow,0.7231609484107366,48.043750565544315,
40.7,24.924597535831104,0.092315072335385,follow,0.6773945082144337,48.06429081196109,
40.8,24.933829043064645,0.21160773721042497,follow,0.6891643430576408,48.089907907654606,
40.9,24.954989816785687,0.11227166452630469,follow,0.655924200797422,48.088408925975955,3208.0718272618196
41.0,24.96621698323832,-0.18291321960702547,follow,0.4984617527945687,47.94778722765204,34.09700480023719
41.1,24.947925661277615,0.2030229412391793,follow,0.5291061696079993,47.95099466152442,
41.2,24.968227955401535,0.09100559307572645,follow,0.5068299328821411,47.959171865984445,
41.3,24.977328514709107,0.535556024775812,follow,0.680446242449932,48.14643901451359,
41.4,25.030884117186687,-0.03516374543303874,follow,0.583024427015026,48.12935060279506,281.64905782445874
41.5,25.027367742643385,0.21902535901751607,follow,0.6085622145655378,48.14961382853062,
41.6,25.049270278545137,0.07472165237291584,follow,0.5677813828583922,48.1416868006761,607.3106804243555
41.7,25.05674244378243,-0.08448351746077146,follow,0.4628988906242171,48.04801255629786,51.2926609392087
41.8,25.048294092036354,0.3416773813721198,follow,0.5567420090396524,48.12918314709418,
41.9,25.082461830173568,0.14649947124706503,follow,0.5532442188166087,48.17693696407696,
42.0,25.097111777298274,0.21689758345482757,follow,0.5805581203997718,48.226225786347186,
42.1,25.118801535643758,-0.09581609587203002,follow,0.468143329317229,48.14634563278287,60.273226182497886
42.2,25.109219926056554,0.3790260501268363,follow,0.5765937510923109,48.24042364017714,
42.3,25.147122531069236,-0.24357693527237262,follow,0.4000275904664363,48.12071138707029,40.19698079200815
42.4,25.122764837542,0.2670218036607922,follow,0.4682876470031374,48.152434903316134,
42.5,25.14946701790808,0.38177904187996026,follow,0.577287674663097,48.30148820152522,
42.6,25.187644922096077,-0.18086585864458665,follow,0.42725632617144527,48.208723709315564,51.96894044370422
42.7,25.169558336231617,0.04639257260948365,follow,0.39543037134510683,48.14976787569253,81.67091349001979
42.8,25.174197593492565,0.07045164993498833,follow,0.37805172610455173,48.1393481163434,462.0005750879323
42.9,25.181242758486064,-0.04787135356039815,follow,0.311359702765742,48.08322384049484,85.67277370348259
43.0,25.176455623130025,-0.2051715883807392,follow,0.1848948434868518,47.94957827818189,35.87816718214881
43.1,25.15593846429195,0.09438155811661475,follow,0.20507673531479043,47.938984431752715,452.5172679456704
43.2,25.16537662010361,-0.20048610387331303,follow,0.09438183958712187,47.84244676974254,49.558323428847594
43.3,25.14532800971628,0.13959187313781277,follow,0.14592195419650977,47.86391396877093,
43.4,25.15928719703006,-0.20694355317671262,follow,0.040054453522913036,47.778985249068,56.25774816357768
43.5,25.138592841712388,0.3112838571247325,follow,0.17323670232809718,47.88112596489668,
43.6,25.169721227424862,-0.23715888150049666,follow,0.050572001016846,47.80515384215414,62.924599335197826
43.7,25.14600533927481,0.0012566525060547194,follow,0.047545299314556644,47.766553308226776,123.74583573886834
43.8,25.14613100452542,0.11366012345584883,follow,0.09374370098596074,47.81294020777409,
43.9,25.157497016871005,-0.2658047913790677,follow,-0.031055019219643043,47.705190506086865,44.274081282025406
44.0,25.1309165377331,0.0844972224252862,follow,0.012724045714023191,47.70909885231367,
44.1,25.139366259975628,0.16121742386316948,follow,0.08411283635265931,47.7931622263161,
44.2,25.155488002361945,-0.3513190277680112,follow,-0.07661857746318645,47.65661342607973,34.90079249590325
44.3,25.120356099585145,0.09584500520557981,follow,-0.02195633325659685,47.658577816121124,
44.4,25.1299406001057,-0.032762675172091194,follow,-0.030327144048094112,47.66458375611046,
44.5,25.126664332588494,0.10187019367392712,follow,0.020920823968886282,47.71091732285163,
44.6,25.136851351955887,-0.2812478149678721,follow,-0.10104484027787919,47.60423218765595,44.62124184440679
44.7,25.1087265704591,-0.1931618318408459,follow,-0.16873032507849928,47.494359530610154,43.22673248064328
44.8,25.089410387275016,0.07787588358325603,follow,-0.10969708902985076,47.52441849188267,
44.9,25.097197975633343,-0.03892240101518494,follow,-0.10909826913072607,47.536698694319284,
45.0,25.093305735531825,-0.004545722117950075,follow,-0.09359048253158875,47.54636812076615,
45.1,25.09285116332003,0.004375017510550312,follow,-0.07619374054579708,47.56308300443425,
45.2,25.093288665071086,-0.17082141932797082,follow,-0.1371788596793877,47.50275413792724,78.73967619187717
45.3,25.07620652313829,0.03155253198667711,follow,-0.10217629909392656,47.512133485613504,
45.4,25.079361776336956,-0.01708426663363756,follow,-0.09284535652560777,47.52619730797983,
45.5,25.077653349673593,-0.17206439825842101,follow,-0.15204805149806333,47.464431973012324,76.84639288056253
45.6,25.06044690984775,0.31380813673829894,follow,0.007716917256090028,47.598387282027716,
45.7,25.091827723521583,-0.052318521430328974,follow,-0.012537075606829262,47.62520450967554,
45.8,25.08659587137855,-0.2184800451123673,follow,-0.10234888453002355,47.5275449225378,48.66654295338006
45.9,25.06474786686731,0.13430012725366006,follow,-0.02705166444998497,47.57007013585098,
46.0,25.078177879592676,-0.2486367835870541,follow,-0.12801447149743694,47.48925234789158,58.760891069953885
46.1,25.05331420123397,0.16246920418739297,follow,-0.03705037408281697,47.54292092776814,
46.2,25.06956112165271,0.10860869906663442,follow,0.018623133123860214,47.62296481560293,
46.3,25.080421991559376,-0.20137308495383227,follow,-0.0677103708918878,47.55292261644718,67.89181834593488
46.4,25.060284683063994,0.1925306274054438,follow,0.02846712354473624,47.618894148140726,
46.5,25.07953774580454,-0.013218475703166997,follow,0.022633754853337962,47.641940373560146,
46.6,25.078215898234223,0.12769777413959343,follow,0.07879493638532864,47.696118783736665,
46.7,25.09098567564818,0.2771855153014631,follow,0.19254170269974225,47.82902021617201,
46.8,25.118704227178327,-0.11451789890450947,follow,0.12109345268677174,47.79914979345426,160.02167175531176
46.9,25.107252437287876,-0.0878102384388898,follow,0.07054589379367826,47.73142454972549,70.47804027235495
47.0,25.09847141344399,-0.13316214319517494,follow,0.006870288215118592,47.6545774083811,62.01216671783771
47.1,25.085155199124472,-0.11979835934429887,follow,-0.0426709102179359,47.58506188846877,68.45242896607957
47.2,25.073175363190042,-0.010053880731116956,follow,-0.03801869263545399,47.57174435214961,357.2112980406499
47.3,25.072169975116932,0.02729345107134716,follow,-0.01772760803742557,47.59052735463797,
47.4,25.074899320224066,0.008359886046081802,follow,-0.00831155772068115,47.60403742261542,
47.5,25.075735308828673,0.11186936462443031,follow,0.0448609284894701,47.65846389173248,
47.6,25.086922245291117,-0.0507422667090443,follow,0.02038829926667063,47.650771667203344,619.4667288619463
47.7,25.081848018620214,0.24771284430592186,follow,0.12881483741099942,47.751586865341324,
47.8,25.106619303050806,-0.12506260698951002,follow,0.060995980460027965,47.72092493503624,155.63574915284806
47.9,25.094113042351854,0.5015500506503073,follow,0.2743440672733328,47.915513630801115,
48.0,25.144268047416883,-0.02303085660176593,follow,0.2316847549340295,47.94808682605935,
48.1,25.141964961756706,-0.10946158471235604,follow,0.1569428872486185,47.869890329883674,61.21743642111866
48.2,25.13101880328547,-0.13626766712671437,follow,0.08026024462696313,47.77678844955517,51.31667403596542
48.3,25.1173920365728,0.12003475605476134,follow,0.12496119103875714,47.80104924589796,
48.4,25.129395512178274,-0.07956307898251448,follow,0.07701642641262652,47.771109694680035,159.55853628906326
48.5,25.121439204280023,0.1401755025020746,follow,0.13080696783197254,47.81296577425201,
48.6,25.13545675453023,0.033710052725243585,follow,0.13123496700364967,47.834420098799,
48.7,25.138827759802755,-0.02209900287982635,follow,0.10729568311459303,47.81553732281873,253.22302913917704
48.8,25.13661785951477,-0.14518543804896875,follow,0.0329487475950927,47.73787553686725,61.468938618915736
48.9,25.122099315709875,-0.23675691686489803,follow,-0.07148336826867308,47.61166560529614,37.72418304380165
49.0,25.098423624023386,-0.044827794537474985,follow,-0.07881219314126753,47.568823242893814,111.03221338769447
49.1,25.093940844569637,0.11087156796387161,follow,-0.017482108417539166,47.62342915843692,
49.2,25.105028001366023,-0.03742434838907108,follow,-0.02861564374872927,47.628926358300305,
49.3,25.101285566527114,-0.23956768838202278,follow,-0.12613054814315916,47.52579780164751,46.08403272984041
49.4,25.07732879768891,0.050142421155539275,follow,-0.08492827465474306,47.531064921878624,
49.5,25.082343039804464,-0.0018718442170075796,follow,-0.07168394180861526,47.55183061789808,
49.6,25.082155855382762,-0.19855618914306536,follow,-0.14561875071430563,47.477615032359836,63.97256679713663
49.7,25.062300236468456,0.030976194188862258,follow,-0.1100653459897245,47.48338500871296,
49.8,25.06539785588734,-0.056776160670520784,follow,-0.11725156070690446,47.480845223124106,1869.482425356593
49.9,25.059720239820287,-0.23455231812391286,follow,-0.20070716058827998,47.388873199142154,51.525312967345336
50.0,25.036265008007895,0.06689632873642776,follow,-0.14215081367034088,47.412246698341505,
50.1,25.042954640881536,0.013310353356725979,follow,-0.11448072706892987,47.449951234253376,
50.2,25.04428567621721,0.12945249686790802,follow,-0.03990584769427841,47.526522666631536,
50.3,25.057230925904,0.10419246692629928,follow,0.01395318518507338,47.59979957404107,
50.4,25.067650172596633,-0.29204298032126463,follow,-0.1114407021135122,47.49003455678144,43.26518206109111
50.5,25.038445874564506,-0.1104844075052176,follow,-0.14147884252160026,47.41618996932516,64.2107859256288
50.6,25.027397433813984,0.07101893819817873,follow,-0.08864592477725353,47.45245022594372,
50.7,25.034499327633803,0.02255297497677751,follow,-0.06374869827048713,47.48800029318022,
50.8,25.03675462513148,0.046192374708784054,follow,-0.03180710703023948,47.52332483066698,
50.9,25.041373862602356,0.6218029612056538,follow,0.24612665050317872,47.80818744440671,
51.0,25.103554158722922,-0.07331853119312565,follow,0.18550079044996437,47.84083202853435,
51.1,25.09622230560361,0.24686882822578193,follow,0.271876339568621,47.916209797974034,
51.2,25.12090918842619,0.1270336260086926,follow,0.2947550964919827,47.97611887913126,
51.3,25.13361255102706,0.11972996325039136,follow,0.31133879748804105,48.01175762402863,
51.4,25.1455855473521,-0.04317413120561116,follow,0.2548207482653666,47.973199069293514,124.41648655852462
51.5,25.141268134231538,0.1836695416868307,follow,0.3041700545230057,48.01607225587031,
51.6,25.159635088400222,-0.1483084769280965,follow,0.20265611442992792,47.94210874703026,64.81859703374232
51.7,25.144804240707412,0.031373274397190835,follow,0.1924219618982903,47.909628322959406,147.50308745542856
51.8,25.147941568147132,-0.07567183906679378,follow,0.1369218139238626,47.85883416614456,94.22114110629677
51.9,25.140374384240452,0.043089368136216215,follow,0.1402351513598603,47.850796727720535,595.3488437879256
52.0,25.144683321054075,0.3888130008285959,follow,0.2933034140339217,48.01032839561503,
52.1,25.183564621136934,-0.41560724766513935,follow,0.07662500179591802,47.85197193350132,30.21788394031284
52.2,25.142003896370422,0.2459489467890316,follow,0.17576569930846375,47.888771543864095,
52.3,25.166598791049324,-0.35380134334172514,follow,0.001213478185050576,47.75111166475904,34.687747784785074
52.4,25.131218656715152,0.006690433127219059,follow,0.006161814014660649,47.70298979908739,99.12955188544174
52.5,25.131887700027875,0.1528253605117337,follow,0.07396947904278761,47.7718010290846,
52.6,25.14717023607905,-0.057822544567862025,follow,0.04132865135813546,47.76208400547671,491.5299780338314
52.7,25.141387981622263,-0.19145648386088493,follow,-0.045136765118911626,47.666945207314484,50.10253033261477
52.8,25.122242333236173,-0.10487154314523656,follow,-0.08264252586351262,47.60072097399075,71.8781004853327
52.9,25.111755178921648,0.09788988226486428,follow,-0.02708731228386796,47.64054545609861,
53.0,25.121544167148134,-0.2015566379313063,follow,-0.10892521133845179,47.57339103938375,70.84179025992441
53.1,25.101388503355004,0.04506401392651395,follow,-0.07283056598426185,47.57925218904825,
53.2,25.105894904747654,-0.060215369337214046,follow,-0.08717965854808796,47.57166269857339,626.8097029273193
53.3,25.09987336781393,-0.14655089107550429,follow,-0.13713468992896338,47.512675361791935,80.54724616212782
53.4,25.08521827870638,0.35465635112065647,follow,0.03732611586170975,47.665153533921284,
53.5,25.120683913818446,-0.033958942503957534,follow,0.020059271811675217,47.70108514253934,
53.6,25.11728801956805,-0.364424239429785,follow,-0.1385756887696843,47.53735634058239,29.034205205461475
53.7,25.08084559562507,0.09209956072964012,follow,-0.07799661241789124,47.54327178101971,
53.8,25.090055551698036,-0.19669653441775897,follow,-0.15081710169707208,47.48426622584998,80.47423007749326
53.9,25.07038589825626,0.14775164070444718,follow,-0.06435121136002664,47.54122763602436,
54.0,25.085161062326705,-0.2315955304115681,follow,-0.1540300636983858,47.47371152979167,70.31464665066768
54.1,25.062001509285547,-0.007432205763811026,follow,-0.13449088506529705,47.45851137886302,312.2239483142783
54.2,25.061258288709165,0.029262639672560327,follow,-0.10150188307154906,47.4903855499922,
54.3,25.064184552676423,0.08787926814803532,follow,-0.04730973429013119,47.5489670947245,
54.4,25.072972479491227,-0.2747648360809738,follow,-0.15778887246131035,47.45166984677553,48.76979652249604
54.5,25.04549599588313,-0.027122894090488278,follow,-0.1461237466374996,47.422120247187195,160.48312297924647
54.6,25.04278370647408,-0.13391833344920345,follow,-0.18233368317137888,47.38184187653974,117.63594483827269
54.7,25.02939187312916,-0.13497095128157993,follow,-0.21418512046688676,47.329902689226856,91.12561273644953
54.8,25.015894778001,0.2751775736060295,follow,-0.06352895557463967,47.460313211426865,
54.9,25.043412535361604,-0.06213504905117679,follow,-0.07914684515183978,47.48597195789057,
55.0,25.037199030456485,-0.23668700147022323,follow,-0.16854649083992967,47.387252054844794,48.00172061851882
55.1,25.01353033030946,0.17929193296835003,follow,-0.0653964736503454,47.454899021813844,
55.2,25.031459523606294,0.2696640550698106,follow,0.06356378404382212,47.61075306945327,
55.3,25.058425929113277,0.0824657485694438,follow,0.09427158287212478,47.68191047654204,
55.4,25.06667250397022,-0.28497397378649625,follow,-0.038765529810277144,47.56124322614505,39.41520426599427
55.5,25.03817510659157,-0.012199838926157516,follow,-0.03583694440160912,47.52142571548575,119.34805799959547
55.6,25.036955122698956,0.19620955398468679,follow,0.0572975191675269,47.61273020321596,
55.7,25.056576078097425,-0.19269495876279932,follow,-0.030791521740070493,47.55407259540607,81.07059658765638
55.8,25.037306582221145,0.11730975197827614,follow,0.027382063852115834,47.58334193718383,
55.9,25.049037557418973,0.0826749600002985,follow,0.06288184531345564,47.63643818144192,
56.0,25.057305053419004,-0.19105287631283943,follow,-0.025249904028470382,47.56070767610004,62.802575344476885
56.1,25.03819976578772,0.033133506618709924,follow,-0.004411949160271433,47.55288769952131,608.0950143585882
56.2,25.04151311644959,-0.5886780129714,follow,-0.2565332867980601,47.30573638787632,19.1403946323508
56.3,24.98264531515245,-0.05469334182185903,follow,-0.24349611636748136,47.23047185636119,62.75262850310123
56.4,24.977175980970262,-0.10060096509100483,follow,-0.25200971319130616,47.21375425826409,282.4194838531394
56.5,24.967115884461162,-0.2578307230698166,follow,-0.32763115687373556,47.123042669818005,51.948205821364944
56.6,24.94133281215418,0.2762961271291087,follow,-0.1610898296286507,47.25090938860262,
56.7,24.96896242486709,-0.3913764794309603,follow,-0.30643049118461363,47.147013146116024,45.37893962060015
56.8,24.929824776923994,-0.02570367610435964,follow,-0.27370649696216276,47.12103066842383,181.35695612358182
56.9,24.92725440931356,-0.04280498682170153,follow,-0.25257638647779856,47.13830522749254,
57.0,24.922973910631388,0.19568806018810844,follow,-0.13045302951777416,47.25400783642931,
57.1,24.9425427166502,-0.35151791983668645,follow,-0.26206051021105026,47.15175356476425,46.112257998601024
57.2,24.90739092466653,0.2542577393056583,follow,-0.11307191470213951,47.248014472297655,
57.3,24.932816698597094,-0.11382970469542765,follow,-0.14349224545770767,47.25573280243793,
57.4,24.92143372812755,-0.16604011369637361,follow,-0.19256116256619293,47.18958942962513,71.34439539878632
57.5,24.904829716757913,0.0916475867743344,follow,-0.12313811718752987,47.23410645794934,
57.6,24.913994475435345,-0.024648935472639258,follow,-0.11328470274705182,47.257707010405966,
57.7,24.911529581888082,-0.11914942577073098,follow,-0.14574032061510422,47.221554052217016,130.61601710599533
57.8,24.89961463931101,0.021344165444084483,follow,-0.1128293706805863,47.23659258828593,
57.9,24.90174905585542,-0.09607896025086093,follow,-0.13520590108268493,47.21741768270044,246.2458939996201
58.0,24.89214115983033,0.027227866905921917,follow,-0.1010081730280703,47.237203566717426,
58.1,24.894863946520925,0.08857551026625857,follow,-0.04457874771620851,47.29771717206518,
58.2,24.90372149754755,0.24107292694077218,follow,0.07076277598911673,47.42634502231044,
58.3,24.927828790241627,-0.2701320830622688,follow,-0.051181042076237304,47.340562143286206,55.18649255168003
58.4,24.9008155819354,0.45792279509191025,follow,0.15925721218953726,47.51048058509264,
58.5,24.94660786144459,-0.4445069778719347,follow,-0.050091993218757125,47.36981979894813,33.67663518551585
58.6,24.902157163657396,0.12476556100627913,follow,0.015368337096255402,47.36860408258235,3896.3532463238093
58.7,24.914633719758022,0.07168421641573414,follow,0.04919013096952085,47.42114071060655,
58.8,24.921802141399596,0.0456623387679579,follow,0.06725728436708067,47.449960496466474,
58.9,24.926368375276393,-0.09736943011984887,follow,0.020771096024162716,47.41032365893875,119.61177181675761
59.0,24.91663143226441,0.011597883903899696,follow,0.0277133673157266,47.40266051571234,618.5798583556899
59.1,24.9177912206548,-0.07248271481414713,follow,-0.002805437335396732,47.3738813936468,164.61197560460297
59.2,24.910542949173383,-0.06709043453623342,follow,-0.026987325030745524,47.338827098729325,135.04429973662022
59.3,24.90383390571976,0.17379443530389302,follow,0.05669284957788534,47.412443708157525,
59.4,24.92121334925015,0.02676143792861558,follow,0.06550234935728838,47.44732237323251,
59.5,24.92388949304301,-0.1021677419309139,follow,0.017099184363772224,47.40293342392829,106.78994246735934
59.6,24.91367271884992,0.20394979076084113,follow,0.1080570737685349,47.47856615204341,
59.7,24.934067697926004,0.0198428214512208,follow,0.10705783536181457,47.508159382250824,
59.8,24.936051980071127,0.1701750456615816,follow,0.1714762141369377,47.57555418424363,
59.9,24.953069484637286,0.10171955890063661,follow,0.19764300882410168,47.62724723578003,
60.0,24.963241440527348,-0.11972874868461182,follow,0.12406093093633785,47.568923091727356,81.55957342248692
60.1,24.951268565658886,-0.009642051327470848,follow,0.10789338667326831,47.53479623516159,139.28852821057893
60.2,24.95030436052614,0.18252685124442464,follow,0.1773092583199798,47.60276579910919,
60.3,24.96855704565058,0.11696429829846654,follow,0.20907452606841304,47.66191009454428,
60.4,24.980253475480428,0.04312728506183559,follow,0.20450453377556954,47.67488474699621,
60.5,24.98456620398661,0.10096370820507013,follow,0.22557882061771295,47.702428126597624,
60.6,24.994662574807116,0.2946382309913167,follow,0.3279680069062465,47.81996186911692,
60.7,25.024126397906247,-0.06768004316372303,follow,0.25935963246692495,47.7955492293263,195.78197867680657
60.8,25.017358393589873,0.2456296658800956,follow,0.3357757995824002,47.86181338996721,
60.9,25.041921360177884,0.03322292329355907,follow,0.3097392136827182,47.872621253949546,
61.0,25.04524365250724,0.10054437789005465,follow,0.3162314099380197,47.88409688869888,
61.1,25.055298090296244,0.31887023418359506,follow,0.41661994422494075,47.999567079669305,
61.2,25.087185113714604,0.22539342956007527,follow,0.4630708977260696,48.09384856829797,
61.3,25.109724456670612,0.2715174537631694,follow,0.5232894376250812,48.187876122630996,
61.4,25.136876202046928,0.36464120014502677,follow,0.6158741993557442,48.32118850242614,
61.5,25.17334032206143,0.13399803254624704,follow,0.5958439871276653,48.35585447021981,
61.6,25.186740125316057,0.32704097722096753,follow,0.6620702697141212,48.44218045768821,
61.7,25.219444223038153,0.10781117330891365,follow,0.624069700827178,48.45323603538441,
61.8,25.230225340369042,0.2898355034971176,follow,0.6698754907939275,48.51521350134749,
61.9,25.259208890718753,0.1611661092683955,follow,0.6534792761976576,48.54229261227579,
62.0,25.275325501645593,0.24590713719467566,follow,0.6757718096429173,48.588760062111305,
62.1,25.299916215365062,0.3150282725554997,follow,0.7248941175271852,48.67476844057478,
62.2,25.331419042620613,0.05552702092498629,follow,0.6544979723818116,48.65162653631273,210.23173367833945
62.3,25.33697174471311,0.6502104594572494,follow,0.8514717447717004,48.85692936184137,
62.4,25.401992790658834,-0.05520229479033023,follow,0.7157408967870964,48.818730082775346,127.80013465326448
62.5,25.396472561179802,0.11948887779490044,follow,0.6733739848875899,48.76808282665729,96.28968391309206
62.6,25.40842144895929,0.476953714001901,follow,0.7916085083222271,48.904240681761166,
62.7,25.456116820359483,0.3214552208884642,follow,0.8264537691859886,49.01062899972521,
62.8,25.48826234244833,0.356033718443155,follow,0.8714092518079042,49.103802765480395,
62.9,25.523865714292647,0.35951362367171347,follow,0.9116176226121553,49.19741619405113,
63.0,25.55981707665982,0.2549074631359594,follow,0.9007088713953522,49.240434486385084,
63.1,25.585307822973416,0.1308980334731894,follow,0.8369419696275244,49.21490370408765,192.76692398576387
63.2,25.598397626320736,0.3364110289090652,follow,0.8704675019745878,49.268063941455694,
63.3,25.632038729211644,0.13984305349748616,follow,0.8138019747171228,49.26186006853459,794.0501150576308
63.4,25.64602303456139,0.4919601798198531,follow,0.9172232132363405,49.386257765078426,
63.5,25.695219052543376,0.19786996593972134,follow,0.8789072810090772,49.42173585982414,
63.6,25.715006049137347,0.16911802702462925,follow,0.8327261812043716,49.405235254910394,299.4146912383
63.7,25.73191785183981,0.2610255680791948,follow,0.8321666919666271,49.43004346972634,
63.8,25.75802040864773,0.3666232423943864,follow,0.8772108158900238,49.514241428861624,
63.9,25.79468273288717,0.16590169641369817,follow,0.8287490562421382,49.5207731555729,
64.0,25.81127290252854,0.1761870993766223,follow,0.7907365115271929,49.50764586532,377.13530295832817
64.1,25.8288916124662,0.36041998793963437,follow,0.8374192853740396,49.58075670407334,
64.2,25.864933611260163,0.3103306767431994,follow,0.8558629260571706,49.65326334294741,
64.3,25.89596667893448,0.19802969240257606,follow,0.822716656652382,49.6666666750541,
64.4,25.915769648174738,0.23918640349081927,follow,0.8114352379744219,49.685089710236525,
64.5,25.93968828852382,0.35035121373015254,follow,0.8495884485982543,49.75912088138398,
64.6,25.974723409896832,0.0171248028947808,follow,0.7375634255490127,49.699648540394264,83.56766811821933
64.7,25.97643589018631,0.11486888836802181,follow,0.6823511160962568,49.64700495137572,94.30778918550796
64.8,25.987922779023112,0.19601083011647777,follow,0.6693285049388678,49.65121267347354,
64.9,26.00752386203476,0.2591870022669952,follow,0.6851744942177902,49.69646028726993,
65.0,26.03344256226146,0.3427186707945825,follow,0.7349521876516079,49.7851160310438,
65.1,26.067714429340917,0.5426157966984504,follow,0.8647729440983056,49.96634458810968,
65.2,26.121976009010762,0.3952305348453288,follow,0.9131829736924715,50.09614698720861,
65.3,26.161499062495295,0.2730129052485177,follow,0.9017484872160821,50.143997080959025,
65.4,26.18880035302015,0.33858826121228,follow,0.9199165161268894,50.20311704565711,
65.5,26.222659179141377,0.1396765044292388,follow,0.8488623590310382,50.182851127743106,247.62190067263052
65.6,26.236626829584303,0.3778625019887436,follow,0.8902482004081662,50.24518844478462,
65.7,26.274413079783177,0.2565863752149447,follow,0.8731275171313513,50.28474713680612,
65.8,26.30007171730467,0.4079125797284184,follow,0.9236323891186231,50.37373996507563,
65.9,26.340862975277513,0.15763287063851,follow,0.8583592046316681,50.36965366754794,1232.6477287929363
66.0,26.356626262341365,0.47931291055145864,follow,0.9410516478017712,50.47599104131382,
66.1,26.40455755339651,0.5786725317456949,follow,1.0556989558794072,50.66253528597417,
66.2,26.462424806571082,0.2697988422225686,follow,1.0206555954605747,50.7142928053172,
66.3,26.48940469079334,0.46421612891065295,follow,1.0742453000476928,50.808352336237704,
66.4,26.535826303684406,0.4634621356652294,follow,1.1200302503426798,50.92376970586929,
66.5,26.582172517250928,0.2723744129812402,follow,1.0762936782677741,50.94955245414417,
66.6,26.60940995854905,0.44422659070698595,follow,1.112496520465804,51.02661145828938,
66.7,26.65383261761975,0.35448570973454485,follow,1.1044792700977695,51.085228196527396,
66.8,26.689281188593203,0.4013053455301013,follow,1.117378294778078,51.151300077667884,
66.9,26.729411723146214,0.22444349695817994,follow,1.051241320633757,51.14535890535308,860.8630788150085
67.0,26.75185607284203,0.4179349312311213,follow,1.0773891888057108,51.20517329806876,
67.1,26.793649565965143,0.4494255774328611,follow,1.1133339925244599,51.30380834147218,
67.2,26.83859212370843,0.6265290182713987,follow,1.221060943538589,51.47894912910124,
67.3,26.90124502553557,0.49949520615435916,follow,1.2589570882442302,51.61082462654758,
67.4,26.951194546151005,0.7792152383579821,follow,1.412913352706056,51.839705171932565,
67.5,27.029116069986802,0.16715687556361014,follow,1.280119459953589,51.823793564933794,325.69804903572964
67.6,27.045831757543162,0.6533254116817446,follow,1.375462752864749,51.94421038917949,
67.7,27.111164298711337,0.37727377012570995,follow,1.3383475112413947,52.0050939593084,
67.8,27.14889167572391,0.8413997172625087,follow,1.5078672781501297,52.23120479173599,
67.9,27.23303164745016,0.14928000207588066,follow,1.354354155815713,52.203901626990955,191.20091796875045
68.0,27.24795964765775,0.3408739270671873,follow,1.3041661907385276,52.176105662225154,187.711080014279
68.1,27.28204704036447,0.30477753309962163,follow,1.2448303976420334,52.16790095818874,635.8291624712705
68.2,27.312524793674434,0.007220167828199897,follow,1.0638612883096812,52.03264847882133,38.47075389831716
68.3,27.313246810457255,0.3705206621870893,follow,1.0644535820897616,52.03432379777564,
68.4,27.350298876675964,0.20003770453694042,follow,0.9908455950941146,52.01629391010806,288.5003770910508
68.5,27.37030264712966,0.41387106162324017,follow,1.0198096747006389,52.075263645395125,
68.6,27.411689753291984,0.38526874289313184,follow,1.0325600401280042,52.15009467006598,
68.7,27.450216627581298,0.6914004713964722,follow,1.1767480659358611,52.35207300730781,
68.8,27.519356674720946,0.44293922196341523,follow,1.1941023277544076,52.47313733983583,
68.9,27.563650596917288,0.2384770294581166,follow,1.1202963847682312,52.465772280144165,712.3604488781508
69.0,27.5874982998631,0.22618973129872372,follow,1.0507750003631244,52.432022450157774,155.3549231845787
69.1,27.610117272992973,0.4780700700225495,follow,1.0998348133690428,52.515010722858506,
69.2,27.65792427999523,0.05449368545392158,follow,0.9583318748660901,52.44521829485893,75.14456768177999
69.3,27.66337364854062,0.7733233018137611,follow,1.1478204571938875,52.64288093000482,
69.4,27.740705978721998,0.44708722292638753,follow,1.1707513640496359,52.781810332132636,
69.5,27.785414701014638,0.24343493607178313,follow,1.1021468105091543,52.78026886203111,3424.0215760208225
69.6,27.809758194621818,0.05291460544497184,follow,0.9596557506362089,52.674293042568934,49.70406769193809
69.7,27.815049655166316,0.679579765624259,follow,1.108213594302903,52.830788077052375,
69.8,27.88300763172874,0.2140173038529511,follow,1.0349758662864161,52.85948731387953,
69.9,27.904409362114038,0.6191426367704742,follow,1.1474323344970898,53.004046377668146,
70.0,27.966323625791084,-0.048528943269096236,follow,0.9549285764022102,52.90441401508883,53.099628118406315
70.1,27.961470731464175,0.32988279011200206,follow,0.9520608447462706,52.89426694194253,521.2760978333642
70.2,27.994459010475374,0.31508311842545705,follow,0.9431325251817384,52.9348210408948,
70.3,28.02596732231792,0.3263635975643197,follow,0.9402733251859985,52.97922430866288,
70.4,28.058603682074352,0.226707709518773,follow,0.894458417343813,52.98236394045534,
70.5,28.08127445302623,0.45833024122296917,follow,0.9553248156133023,53.07723649515265,
70.6,28.127107477148524,0.06183879171780543,follow,0.8358645317149609,53.026525747437745,104.56664146544857
70.7,28.133291356320303,0.3522679644180698,follow,0.8582595773252137,53.05819661180567,
70.8,28.16851815276211,0.3081862503375447,follow,0.8585675673860749,53.11134479652924,
70.9,28.199336777795864,0.40149855495624176,follow,0.8994059520558224,53.19841111874962,
71.0,28.239486633291488,0.4206228584998342,follow,0.9432325054832518,53.30246245542048,
71.1,28.28154891914147,0.06099861405964191,follow,0.8249841847939763,53.24730756350618,96.54140496982532
71.2,28.287648780547435,0.07459151406178394,follow,0.7280695146303202,53.15954268545147,60.570405683573206
71.3,28.295107931953613,0.60491195768861,follow,0.874369994325761,53.31703189225618,
71.4,28.355599127722474,0.27252857351941057,follow,0.8570732879004055,53.39047197948412,
71.5,28.382851985074414,0.16644367193866072,follow,0.7959088033649877,53.37018678097661,263.0991595246079
71.6,28.39949635226828,0.6477654131690784,follow,0.9519926173474147,53.55123714574984,
71.7,28.464272893585186,0.2353359521367615,follow,0.9084005160137352,53.60480985639151,
71.8,28.48780648879886,0.57763375889284,follow,1.0193194743131784,53.751029207511465,
71.9,28.545569864688144,0.2679311265975457,follow,0.9811174240103924,53.799472221042606,
72.0,28.572362977347897,0.7619555037369373,follow,1.1626914572859661,54.02123592330781,
72.1,28.64855852772159,0.5755643270209226,follow,1.2395422789534152,54.2123800705358,
72.2,28.706114960423683,0.2563865499664345,follow,1.1675961338579413,54.22676857449346,
72.3,28.731753615420327,0.5920221488719826,follow,1.2509627898208109,54.3485932129513,
72.4,28.790955830307524,0.4278213546149729,follow,1.252063884459389,54.438497629920676,
72.5,28.83373796576902,0.6313610658687161,follow,1.3415168846902148,54.59212383334375,
72.6,28.896874072355892,0.10885446104041563,follow,1.1921253175742805,54.537436426108115,99.72576719749226
72.7,28.907759518459933,0.5821981169672199,follow,1.2680211965720787,54.62966047426198,
72.8,28.965979330156657,0.5133727626816572,follow,1.3040935460112237,54.75306254124621,
72.9,29.01731660642482,-0.027368358799455483,follow,1.1003559709665183,54.626330880603746,43.10393362137662
73.0,29.014579770544874,0.22289552785051397,follow,1.0320032477319785,54.55387290354929,75.29036156022615
73.1,29.036869323329924,-0.05467792715436065,follow,0.8518819862215636,54.40718597121645,37.09068361161668
73.2,29.031401530614488,0.35400612869316744,follow,0.8729435222331716,54.420045818154904,
73.3,29.066802143483805,0.41818644926969595,follow,0.9191623885808866,54.51936560380659,
73.4,29.108620788410775,0.5704916102415338,follow,1.025572342349264,54.68850352496543,
73.5,29.16566994943493,0.25384800880182395,follow,0.9804316058697182,54.72893653002211,
73.6,29.19105475031511,0.6657093261517317,follow,1.1202489295178992,54.90683105499056,
73.7,29.257625682930286,-0.052348945740965325,follow,0.9296299623021014,54.81606848669753,60.39501693002226
73.8,29.252390788356188,0.0795994936493244,follow,0.8212432253276205,54.6998294078619,47.058037585807504
73.9,29.26035073772112,0.3424304726138032,follow,0.8412682275082801,54.731794334089955,
74.0,29.2945937849825,0.34878538465474235,follow,0.8614442781179577,54.80333495559171,
74.1,29.329472323447973,0.26642369133678656,follow,0.8431792380750878,54.83738772324705,
74.2,29.356114692581652,-0.12616878138259652,follow,0.6566042151163387,54.690776253988815,37.30320453830589
74.3,29.343497814443392,0.37020499679006846,follow,0.7101797508794547,54.72542647254454,
74.4,29.380518314122398,-0.03728601087659272,follow,0.5795971699488334,54.65037464113243,72.81684352371411
74.5,29.37678971303474,0.4789811907387467,follow,0.6905111002767015,54.75569566982881,
74.6,29.424687832108614,0.27022661789310476,follow,0.6961951384550034,54.83322688661792,
74.7,29.451710493897924,0.07553694476688122,follow,0.6164900963812556,54.79405583722814,139.88406410042924
74.8,29.45926418837461,0.2113560196435046,follow,0.6062331358287025,54.795129418390616,
74.9,29.48039979033896,0.053060162193811045,follow,0.5284897538483548,54.749089439356794,118.91640827865875
75.0,29.485705806558343,0.2947288346891682,follow,0.5659601488634252,54.79451885870094,
75.1,29.51517869002726,0.43431549798462543,follow,0.6592329546571634,54.932000989698054,
75.2,29.558610239825722,0.010850684432218594,follow,0.5562246059767588,54.89413996571534,144.98852432248964
75.3,29.559695308268942,0.44319397476212147,follow,0.6546274724850605,54.994170434888474,
75.4,29.604014705745154,0.10406293813122647,follow,0.592746905696238,54.99876896431397,
75.5,29.614420999558277,0.15410552815516426,follow,0.5606953650207132,54.98232686435813,334.39966313348
75.6,29.629831552373794,0.27318094524651004,follow,0.5845963805599723,55.02934370912067,
75.7,29.657149646898446,0.04668706927155669,follow,0.5069042740832614,54.99262874443093,149.78260011684492
75.8,29.661818353825602,0.2108460219467716,follow,0.510719378310128,55.003446909048535,
75.9,29.68290295602028,0.02170625603705789,follow,0.43180217941622345,54.95615661344664,116.21022011774056
76.0,29.685073581623985,0.732085071718361,follow,0.6720388828481774,55.19964925528416,
76.1,29.75828208879582,0.14663743468835905,follow,0.6263979132107451,55.26382104640447,
76.2,29.772945832264657,0.1843519175751126,follow,0.6031077147811317,55.26252646317812,4268.750384944694
76.3,29.79138102402217,0.3602132673461007,follow,0.659316824742767,55.34638836077602,
76.4,29.827402350756778,0.24831892951451096,follow,0.6595445995652369,55.4006481257004,
76.5,29.852234243708228,0.26517947313411694,follow,0.6670733357672134,55.44542470132956,
76.6,29.87875219102164,0.437222078563947,follow,0.7484211956949451,55.5665494822274,
76.7,29.922474398878034,0.43131562986214217,follow,0.8165904440226228,55.70030204233967,
76.8,29.96560596186425,0.1793838696757049,follow,0.766332503356935,55.71474144615331,
76.9,29.98354434883182,0.244797115737731,follow,0.7510704880224353,55.72638701127016,
77.0,30.008024060405592,0.2856206075838159,follow,0.755548514621168,55.76758460522956,
77.1,30.036586121163975,-0.15688936309789342,follow,0.567046811367149,55.62192599311311,38.18650005305895
77.2,30.020897184854185,0.11533452116243553,follow,0.5214904973464058,55.55283627462768,80.40680652990656
77.3,30.032430636970428,0.626097692899657,follow,0.7039472554749864,55.75259321093063,
77.4,30.095040406260395,0.5569211791520139,follow,0.8325285609139073,55.9750891703045,
77.5,30.150732524175595,0.21095228090623974,follow,0.7939171316235019,56.020015917886894,
77.6,30.171827752266218,0.4978762195531473,follow,0.8850915142609352,56.142833142660265,
77.7,30.221615374221532,0.36648862246140723,follow,0.9072485439057729,56.23967160523807,
77.8,30.258264236467674,1.0080352140347486,follow,1.2054488268896932,56.5928451815912,
77.9,30.35906775787115,0.4435769149143418,follow,1.2193367689972732,56.757938405804,
78.0,30.403425449362583,0.37237914170077313,follow,1.200457686824052,56.805595860867925,
78.1,30.44066336353266,0.2125139285480202,follow,1.1145344792157061,56.775529524514695,188.8342126470868
78.2,30.46191475638746,0.10590264444610964,follow,0.9934659142945748,56.68633804887577,63.55578001475556
78.3,30.472505020832074,0.49952720716284915,follow,1.0593300155443472,56.76808754679246,
78.4,30.522457741548358,0.17189683763559316,follow,0.9741551603149077,56.75784177263745,553.9634283842752
78.5,30.539647425311916,0.1220232312882501,follow,0.8784058921382893,56.687877030106165,81.0234912317924
78.6,30.55184974844074,0.28019831070630796,follow,0.8639174326012551,56.691692055262365,
78.7,30.57986957951137,0.12973680929868575,follow,0.7859007280439982,56.655705097311056,157.4339936546949
78.8,30.59284326044124,0.7601570693030886,follow,0.9921558806048196,56.881420771266676,
78.9,30.66885896737155,0.4214550127768113,follow,1.0242464234723698,57.02753487452969,
79.0,30.71100446864923,0.35194091984465103,follow,1.0219277246910394,57.08843442766488,
79.1,30.746198560633694,0.6983330311145721,follow,1.1705167306507178,57.289814571601255,
79.2,30.816031863745152,0.31064279479935164,follow,1.131163589609038,57.35521138522677,
79.3,30.847096143225087,0.22994519973497063,follow,1.061857556066542,57.33250177090417,252.45916093818926
79.4,30.870090663198585,0.7584053203763474,follow,1.2313567097867093,57.53649270458459,
79.5,30.94593119523622,0.40249300250206654,follow,1.2240027922067327,57.64289958506106,
79.6,30.986180495486426,0.17801923783669266,follow,1.1200107922826774,57.59928153551232,132.05377620399554
79.7,31.003982419270095,0.41337064419882946,follow,1.1319096646800801,57.63788329358522,
79.8,31.045319483689976,0.18363654590682116,follow,1.0423721196812963,57.61035134521626,209.24908972329897
79.9,31.06368313828066,0.12830990576208023,follow,0.940458323967249,57.53598303138824,77.36625999670672
80.0,31.076514128856868,0.6267723300650778,follow,1.068560425217207,57.68333161850251,
80.1,31.139191361863375,0.7019176604639639,follow,1.2126254395210339,57.9214124823161,
80.2,31.20938312790977,-0.01453208042351195,follow,1.0263994776602416,57.840474169524896,71.46241646882069
80.3,31.207929919867418,0.6164095294747127,follow,1.1387862977370418,57.95068117753817,
80.4,31.26957087281489,0.15837330090491686,follow,1.037367781034348,57.941724090256685,646.8813160948154
80.5,31.28540820290538,0.32372765882941934,follow,1.0210709656078762,57.94918326996594,
80.6,31.317780968788323,0.24054562456507467,follow,0.9707337199047075,57.94740517308719,3258.956576716078
80.7,31.34183553124483,0.1957097033104318,follow,0.9074683230955856,57.92022161996283,213.07082762406415
80.8,31.36140650157587,0.39699715392330504,follow,0.9399712174410766,57.98208096980488,
80.9,31.401106216968202,0.14187291722669354,follow,0.8573110226560203,57.95897034810832,250.78931717394406
81.0,31.415293508690873,0.4525296433552583,follow,0.9205007342031735,58.043440997239486,
81.1,31.460546473026398,0.28950180450696616,follow,0.9045666403970927,58.09538634993669,
81.2,31.489496653477094,0.3021076392652567,follow,0.8961917043736705,58.13043668458931,
81.3,31.51970741740362,0.14799766976239326,follow,0.8219048167433627,58.10146594284879,200.55222080110593
81.4,31.53450718437986,0.2536755965482747,follow,0.8032544478413044,58.10501522441109,
81.5,31.559874744034687,0.5116870624152199,follow,0.8992156339555777,58.23902775000761,
81.6,31.61104345027621,0.38909266009018423,follow,0.9293582295657998,58.34592340498011,
81.7,31.649952716285227,0.10948137639363364,follow,0.8339990589240145,58.308928133351856,157.61183947733693
81.8,31.66090085392459,0.4255214464185414,follow,0.8884867670724219,58.37983804795931,
81.9,31.703452998566444,0.47484694143652034,follow,0.957313250252767,58.51249274810243,
82.0,31.750937692710096,-0.06604388904307967,follow,0.7819924397662845,58.40839897883143,56.111330570386386
82.1,31.74433330380579,0.5731862137746212,follow,0.9074656927422566,58.52396564845094,
82.2,31.80165192518325,0.11491052127791762,follow,0.8173225681575786,58.519800455932454,1404.9722839574085
82.3,31.813142977311042,0.5262297558245748,follow,0.9177716922346661,58.63748615820123,
82.4,31.8657659528935,0.11255607274487928,follow,0.8252606335713963,58.62390956291165,431.801260282822
82.5,31.87702156016799,-0.002768613863842251,follow,0.6946750666430219,58.510207406895006,51.45918903969625
82.6,31.876744698781604,0.04390641105677917,follow,0.6014158888447056,58.41653293701711,62.36121006395644
82.7,31.881135339887283,0.3852159266654255,follow,0.6687163931977551,58.49041940302868,
82.8,31.919656932553824,0.33169432877178195,follow,0.703968310942301,58.58345370977304,
82.9,31.952826365431,0.09780588580703836,follow,0.6329315250833218,58.56217107322982,275.1640801393822
83.0,31.962606954011704,0.5137368274986827,follow,0.7519999468110115,58.69591037782857,
83.1,32.01398063676157,-0.11875476789896028,follow,0.5805413590100272,58.60151231415239,62.07914657570855
83.2,32.00210515997168,0.4187486158340931,follow,0.6651440581974555,58.66830179815497,
83.3,32.043980021555086,-0.0016404599610737591,follow,0.5559337636668857,58.621903795999515,126.34574997328718
83.4,32.04381597555898,0.24406841340812518,follow,0.5677982351051725,58.63352219844364,
83.5,32.06822281689979,0.32284462001840025,follow,0.6123656914038023,58.71469991675349,
83.6,32.10050727890163,0.10381163936803406,follow,0.5558882705111472,58.706649188863594,729.2092092765604
83.7,32.11088844283844,0.27504712371817847,follow,0.5812276803219447,58.7475603445796,
83.8,32.13839315521025,0.5392466207151116,follow,0.718131296243044,58.92572102905842,
83.9,32.19231781728176,0.1271662067512757,follow,0.6580125214075494,58.94648924733019,
84.0,32.20503443795689,0.5772734943625849,follow,0.8014341465989929,59.108985803534324,
84.1,32.262761787393146,0.010135677323934555,follow,0.6795669437051828,59.0737096247949,167.460625657162
84.2,32.26377535512554,0.5577049427558649,follow,0.8116690565940132,59.20733208928232,
84.3,32.31954584940112,0.6094969663653401,follow,0.9490587302405942,59.42837750434228,
84.4,32.38049554603766,-0.26897280991201883,follow,0.6865846306822476,59.25732794973874,34.64336875182615
84.5,32.35359826504646,0.35484340766366246,follow,0.7295707256644164,59.2599681232341,
84.6,32.389082605812824,0.46406124271801447,follow,0.8144359539334118,59.398059862652644,
84.7,32.43548873008463,0.27096724952265205,follow,0.8042778945171634,59.457510989644106,
84.8,32.462585455036894,0.46860501261145515,follow,0.8813742615851226,59.57525244414046,
84.9,32.50944595629804,0.19657097917602612,follow,0.8301389140635962,59.59430784851065,
85.0,32.52910305421564,0.4361309839337501,follow,0.8897429617656272,59.683397543089086,
85.1,32.57271615260901,0.3130329839724439,follow,0.8880516989146514,59.747125927828165,
85.2,32.60401945100626,0.6605946564724221,follow,1.0376948062181413,59.94372398272753,
85.3,32.6700789166535,0.36798513455249093,follow,1.0405977160820754,60.04571609106233,
85.4,32.70687743010875,0.488942634478483,follow,1.0957122028881017,60.15602834805122,
85.5,32.755771693556596,0.2869009624540865,follow,1.0557936383609956,60.18945117869589,
85.6,32.784461789802,0.32653104780745534,follow,1.0383123150128029,60.2150049997158,
85.7,32.817114894582744,0.32080405725641015,follow,1.0206211683834852,60.2462935102576,
85.8,32.84919530030839,0.5101940316906124,follow,1.0875810297641664,60.361373980226745,
85.9,32.90021470347745,0.27150798619602623,follow,1.0420304546627648,60.39235250987895,
86.0,32.927365502097054,0.5064448156795265,follow,1.1045677065239374,60.49561595966952,
86.1,32.978009983665004,0.8557045543041596,follow,1.3107999858052324,60.77781496130274,
86.2,33.06358043909542,0.5036984235136821,follow,1.337086258749629,60.932456917392756,
86.3,33.11395028144678,0.35234135678047945,follow,1.2941364670781468,60.96506188924832,
86.4,33.14918441712483,0.7469707560953033,follow,1.4283668218485204,61.152143447535764,
86.5,33.22388149273436,0.2659123923726554,follow,1.3359330591607375,61.17175529826227,
86.6,33.25047273197162,0.025431414026154175,follow,1.1509989271076648,61.02670802506509,42.0736679014378
86.7,33.25301587337424,0.29843218941671235,follow,1.1088826276661052,60.98840643772746,159.23205975888192
86.8,33.28285909231591,-0.008451908281345788,follow,0.9388318900221151,60.86312052849598,48.57938207240095
86.9,33.28201390148777,0.41000227802088457,follow,0.9728982861152673,60.895919138346926,
87.0,33.32301412928986,0.3607254501804242,follow,0.9810965314830256,60.965617725417815,
87.1,33.3590866743079,0.7674887440417784,follow,1.1650790465251433,61.203709057987,
87.2,33.435835548712085,0.35649792105947,follow,1.1463721800477202,61.30012550311585,
87.3,33.471485340818035,0.36487824286012155,follow,1.133748957806766,61.34097696903382,
87.4,33.50797316510405,0.6028078655810609,follow,1.2262199048672144,61.488179652523286,
87.5,33.56825395166215,-0.1738011510474266,follow,0.968973329863914,61.32135425735714,36.75780548654483
87.6,33.55087383655741,0.6051524136623343,follow,1.083956118865288,61.4102668737014,
87.7,33.61138907792364,0.490389765023599,follow,1.1340443490235543,61.55112796590902,
87.8,33.660428054426,0.011630383255935295,follow,0.9694430788274104,61.460085160466406,67.50680063260502
87.9,33.66159109275159,0.7550544900918268,follow,1.1495394120637599,61.64192605119115,
88.0,33.73709654176078,0.3512358199326222,follow,1.1305715843739748,61.73621639701514,
88.1,33.77222012375404,0.3065844889711229,follow,1.0946641990082924,61.75299438463935,
88.2,33.80287857265115,0.5594655392979597,follow,1.173388668397628,61.87770652737436,
88.3,33.858825126580946,0.8808712103475969,follow,1.3815863248447187,62.16982401471614,
88.4,33.94691224761571,0.32458551293163107,follow,1.3207644185308993,62.24113278995446,
88.5,33.97937079890887,0.5137920398485776,follow,1.3501395117001636,62.31919571006347,
88.6,34.030750002893726,0.28221109909715736,follow,1.274995705433689,62.32112070977428,
88.7,34.05897111280344,0.2502725264969797,follow,1.195766929288851,62.28422359849401,168.8051487967672
88.8,34.08399836545314,0.6388664330903211,follow,1.2958262137687058,62.42182376194842,
88.9,34.147885008762174,0.12452539269904928,follow,1.159207747928896,62.38103526107216,152.93779845055568
89.0,34.16033754803208,0.48812342785034984,follow,1.1984951842209313,62.43900150626905,
89.1,34.209149890817116,0.23904149777023914,follow,1.1243616809617833,62.43808651718746,6823.916018801887
89.2,34.23305404059414,0.534136758221976,follow,1.1882000522371925,62.5377811131284,
89.3,34.28646771641634,0.4138952593094579,follow,1.1914327668625404,62.62113434148705,
89.4,34.327857242347285,0.6216287998576462,follow,1.2845627537316204,62.77634861725255,
89.5,34.39002012233305,0.20020226203181007,follow,1.1823164215195874,62.767346605019156,697.2590680647618
89.6,34.41004034853623,0.37701586589158037,follow,1.170282047361198,62.78534257016554,
89.7,34.447741935125386,0.14043349539721245,follow,1.056955473965047,62.72856837665313,110.48781936955179
89.8,34.461785284665105,0.31822647080412736,follow,1.035711921188792,62.72838984818645,35136.35168346513
89.9,34.493607931745515,0.45249561962745444,follow,1.075617157393495,62.81602905501177,
90.0,34.538857493708264,0.5043369348941737,follow,1.1328570650787668,62.94114330564116,
90.1,34.58929118719768,0.07572390392974454,follow,0.9962774061249036,62.88021418692142,103.2022381221805
90.2,34.59686357759065,0.6017798521363473,follow,1.106232462776589,63.00152782916257,
90.3,34.65704156280429,0.5452361304007312,follow,1.1772613286756126,63.16282367288204,
90.4,34.71156517584436,0.33431194317059576,follow,1.1473193915312265,63.214667155297775,
90.5,34.744996370161424,0.7308090319284901,follow,1.2936729630395405,63.41116751828167,
90.6,34.81807727335427,-0.027484999974380753,follow,1.091243880915087,63.31835979094649,68.2253101211071
90.7,34.81532877335683,0.052129871393158556,follow,0.949833753575362,63.172826913610606,43.407941951080524
90.8,34.82054176049615,-0.15925928447187376,follow,0.7349600968168915,62.96577273756111,30.410288717129326
90.9,34.80461583204896,0.6233708408167942,follow,0.8883874062828596,63.095311154356295,
91.0,34.866952916130636,0.1734541110928589,follow,0.8261864885472079,63.126615862743165,
91.1,34.88429832723992,0.12432566297207331,follow,0.7507385391593431,63.07718603001922,127.60954782556539
91.2,34.896730893537125,0.18478110250881485,follow,0.711416600359783,63.05651294066547,305.0173675631166
91.3,34.91520900378801,-0.19712257112910903,follow,0.5111785346045465,62.88399204028656,36.45007178968655
91.4,34.89549674667509,0.7139965956849196,follow,0.7331972456060925,63.07644236561873,
91.5,34.966896406243585,-0.11135582526553378,follow,0.5674081156289787,63.01775272499435,107.37457591253305
91.6,34.95576082371703,0.11011520495019556,follow,0.5195354070470231,62.953176642622566,97.48683154896491
91.7,34.966772344212046,0.1502132372381041,follow,0.4953408918835436,62.94549940820161,819.8981033371318
91.8,34.981793667935854,0.056666157092563174,follow,0.4336295395041958,62.90632004140798,160.55981806144916
91.9,34.98746028364511,-0.0021768275845829577,follow,0.354383587575569,62.83557401304324,88.81851810717882
92.0,34.98724260088665,-0.2562997164147262,follow,0.17498585162452684,62.65584975295451,34.862210433941286
92.1,34.96161262924518,0.06864825292460566,follow,0.16026954616246059,62.60268849003023,117.75997229207603
92.2,34.96847745453764,0.26794740204681206,follow,0.2341245627703188,62.686840744576784,
92.3,34.99527219474232,0.0794829103341371,follow,0.21640523298903247,62.709313525102516,
92.4,35.003220485775735,0.1833592541022952,follow,0.24616074786102615,62.75099147652463,
92.5,35.02155641118596,-0.35146869287960386,follow,0.0395012186271515,62.57183583540609,34.925964622004344
92.6,34.986409541898,-0.342903549436591,follow,-0.13641943163072057,62.34319488121628,27.266853876696082
92.7,34.95211918695434,-0.20237613318317316,follow,-0.22819581791090116,62.19998296252061,43.432127387944696
92.8,34.931881573636026,-0.2418613841658377,follow,-0.3250275552968702,62.07279480515717,48.80391075067209
92.9,34.907695435219445,-0.024340199847610898,follow,-0.31451789119361706,62.047025261635554,240.776578788825
93.0,34.90526141523468,-0.7517936776134554,follow,-0.6213930027399641,61.73649912011206,19.881256636632077
93.1,34.83008204747334,0.15531286118106147,follow,-0.4936321558453258,61.751490915364684,
93.2,34.845613333591444,-0.5237603268598847,follow,-0.677490418381538,61.59092958200563,38.359752185315244
93.3,34.79323730090545,-0.4069773183286469,follow,-0.7862500994431656,61.40360585191502,32.77940590988385
93.4,34.75253956907259,-0.6164063397275552,follow,-0.9714574586012361,61.15735189500765,24.83507378443464
93.5,34.69089893509983,-0.745426275679991,follow,-1.1880864011522903,60.84826200149746,19.68626709547596
93.6,34.61635630753183,-0.19329418429139733,follow,-1.1359080905535777,60.78862637074417,101.93340055768567
93.7,34.59702688910269,-0.5489251130529793,follow,-1.2446166518198112,60.65092368183423,44.04483613341487
93.8,34.542134377797396,-0.769654224733902,follow,-1.4344913226418754,60.37871024405422,22.180650131206754
93.9,34.465168955324,-0.7458515953656298,follow,-1.5885600844642198,60.109193348521785,22.30256965144349
94.0,34.39058379578744,-0.5777782850764308,follow,-1.6487407247384596,59.9371349689427,34.83534781374128
94.1,34.332805967279796,-0.19816422322926674,follow,-1.535354578704812,59.96385437221488,
94.2,34.31298954495687,-0.7430303825216795,follow,-1.6729288997158562,59.796555417719446,35.74233658421399
94.3,34.2386865067047,-0.8731824980645052,follow,-1.8483429930079893,59.50968676704906,20.74457652586397
94.4,34.15136825689825,-0.5889975511789434,follow,-1.8765024439883007,59.35054994135908,37.29529584625483
94.5,34.09246850178036,-0.7022916491325547,follow,-1.949399661489494,59.189303091181046,36.707261584228654
94.6,34.0222393368671,-1.2300629225067516,follow,-2.2412798478063536,58.7920791574943,14.800739374345836
94.7,33.89923304461643,-0.5229411355835467,follow,-2.1866937138918416,58.6621558530328,45.15137303204258
94.8,33.84693893105808,-0.7936506122166088,follow,-2.255946436660267,58.51446195992685,39.61874166185537
94.9,33.76757386983642,-0.5071683517595094,follow,-2.190656231811545,58.46070457294309,108.74915588946334
95.0,33.71685703466047,-0.33070906475467277,follow,-2.056266682513808,58.519018869476895,
95.1,33.683786128185005,-0.5181843844280635,follow,-2.020038935619155,58.50564025665835,437.3072234794998
95.2,33.6319676897422,-0.7571103422778093,follow,-2.091508046929377,58.35644348768392,39.11374481425102
95.3,33.55625665551442,-0.8787136495008524,follow,-2.2055671611390935,58.12881782213253,25.537022673304772
95.4,33.468385290564335,-0.04540942747711341,follow,-1.9415986427707992,58.26097929307571,
95.5,33.463844347816625,-0.8251145833947153,follow,-2.0501716634306177,58.14559485829432,50.39292775348866
95.6,33.38133288947715,-0.594754113148179,follow,-2.0435377648689794,58.028461569346746,49.54053804059839
95.7,33.32185747816233,-0.6790324716081071,follow,-2.0735103957128658,57.90927582153063,48.58741660187294
95.8,33.253954231001515,-0.6085985312939389,follow,-2.068050948071793,57.81288039843048,59.97471512559766
95.9,33.19309437787212,-0.706767710796561,follow,-2.105070606164972,57.684570960643214,44.957387356265315
96.0,33.12241760679247,-0.775715881157749,follow,-2.166297210224677,57.517329199964024,34.39172666345972
96.1,33.044846018676694,-0.7592667027638913,follow,-2.2114244299184307,57.35584459809661,35.51784128934942
96.2,32.968919348400306,-0.6620241274144345,follow,-2.2074263593439554,57.2459526632565,52.09295181360612
96.3,32.90271693565886,-0.805612234241324,follow,-2.2653944337979297,57.08868096969036,36.29939989536268
96.4,32.822155712234725,-0.8055504465034878,follow,-2.314768169884985,56.918465398467106,33.43904731473719
96.5,32.74160066758438,-0.636239319499359,follow,-2.2830956696677305,56.82930533170884,63.73851814812682
96.6,32.677976735634445,-0.7625258613476728,follow,-2.309457445306208,56.70750765814546,46.558777355140954
96.7,32.60172414949968,-0.33887469327166153,follow,-2.147250981053986,56.75533524319553,
96.8,32.56783668017251,-1.348722492482013,follow,-2.444203445080433,56.40755157517833,16.219149075275247
96.9,32.43296443092431,-0.2579173151498042,follow,-2.2271915143006,56.422255132085866,
97.0,32.40717269940933,-0.5423706450337304,follow,-2.1612211869689872,56.44953786214501,
97.1,32.352935634905954,-1.1480347823427346,follow,-2.366159153704672,56.16324429865426,19.61736184840885
97.2,32.23813215667168,-0.6107670121492476,follow,-2.309767152020264,56.04743108298726,48.39467651434534
97.3,32.17705545545676,-0.7858950087280396,follow,-2.335857645743843,55.9297255374413,47.5166444182
97.4,32.09846595458396,-0.9522572328133561,follow,-2.429819989892792,55.717878941983145,26.301049975063446
97.5,32.00324023130262,-0.779384357822053,follow,-2.4353054281008326,55.5695549188531,37.464972798135655
97.6,31.925301795520415,-0.9080402188813407,follow,-2.4949279539796976,55.39302473930093,31.378784568091906
97.7,31.834497773632283,-0.2580189512439416,follow,-2.2631716985109236,55.4885749619375,
97.8,31.808695878507887,-0.5976233145025489,follow,-2.2083384436750038,55.504705374086825,
97.9,31.748933547057632,-0.39253508479507415,follow,-2.0705883012052126,55.552812019381236,
98.0,31.709680038578124,-0.5437528503962387,follow,-2.015676042344012,55.54884401552317,1399.9191030562586
98.1,31.655304753538502,-0.8708281726311882,follow,-2.1096435901387878,55.373313540168965,31.546267637310496
98.2,31.568221936275382,-0.6488484028272111,follow,-2.0948415578716464,55.25749134654143,47.70889724661826
98.3,31.50333709599266,-0.5013673004639578,follow,-2.0178480070466307,55.23715763694236,271.6531254038204
98.4,31.453200365946262,-0.8925187676210804,follow,-2.120962948571453,55.05883760034794,30.876416723440276
98.5,31.363948489184153,-0.3677780622542336,follow,-1.9824799823465824,55.06344275142965,
98.6,31.32717068295873,-0.7127098203069778,follow,-2.01203034130441,54.97872568313369,64.89687000395409
98.7,31.255899700928033,-0.6252811455988052,follow,-1.9997138383511412,54.884135713040905,58.02320865435665
98.8,31.19337158636815,-0.42116762113857653,follow,-1.9002588251481995,54.889798554404024,
98.9,31.151254824254295,-0.5187634278299725,follow,-1.8562091644027703,54.87067307197867,286.8982431471751
99.0,31.099378481471298,-0.6416464174584234,follow,-1.8713324983756365,54.777735223831314,58.94018025585533
99.1,31.035213839725454,-0.2808309186272048,follow,-1.727606919729773,54.82521383985841,
99.2,31.007130747862735,-0.8387354810012703,follow,-1.845195356722094,54.66550076507201,34.2273172301171
99.3,30.92325719976261,-0.31724402201642765,follow,-1.7207107545480937,54.66417504509582,4123.357573540572
99.4,30.891532797560966,-0.4686165822077627,follow,-1.6782774310017174,54.65902176533973,1060.6647485162182
99.5,30.84467113934019,-0.5929848704871568,follow,-1.695452057604605,54.57155465140568,62.39094008814767
99.6,30.785372652291475,-0.4196915469895792,follow,-1.6350415922603432,54.54301738617687,191.12909715843253
99.7,30.743403497592517,-0.7921016984123966,follow,-1.7444282099709056,54.370677036417874,31.548431410502626
99.8,30.664193327751278,-0.23891784242239067,follow,-1.5990322879844356,54.39725770364248,
99.9,30.64030154350904,-0.6221523857668494,follow,-1.6392247659720525,54.32122754929151,71.44695155895812
100.0,30.578086304932356,-0.5681847068363084,follow,-1.6507105386001797,54.216418918798354,51.72896417370665
100.1,30.521267834248725,-0.2643810395984246,follow,-1.5286096159994713,54.25329213537361,
100.2,30.49482973028888,-0.699082264104122,follow,-1.611435433088289,54.13080916234503,44.19455849555353
100.3,30.42492150387847,-0.7142791947024953,follow,-1.6900652438604666,53.94731701195724,29.400340503901077
100.4,30.35349358440822,-0.7575967753996807,follow,-1.777272723095919,53.75296765351641,27.657908461727086
100.5,30.277733906868253,-0.31898972799575487,follow,-1.6624065974728666,53.754194262829515,
100.6,30.24583493406868,-0.8264125579181759,follow,-1.7831416316799604,53.585610769423056,31.785799241979646
100.7,30.163193678276862,-0.059064703025704546,follow,-1.5544991158198371,53.69029140159546,
100.8,30.157287207974292,-1.049648470036341,follow,-1.786368131163485,53.44956268079795,22.203234621836096
100.9,30.05232236097066,0.005684139790266607,follow,-1.5291530967550884,53.5493304447009,
101.0,30.052890774949688,-0.594171835492643,follow,-1.5662947952186173,53.513041367205915,147.46321775367605
101.1,29.993473591400424,-0.4605980813419194,follow,-1.5405163790344147,53.44969400806622,84.37556787474698
101.2,29.94741378326623,-0.58955374579891,follow,-1.5741680451598867,53.34695262973946,51.92353217234956
101.3,29.88845840868634,-0.36219980524564765,follow,-1.5045808241588787,53.32810678887063,282.9701638711536
101.4,29.852238428161776,-0.5103301529147473,follow,-1.5084746961880455,53.26988294605462,91.49152712959277
101.5,29.801205412870303,-0.230155751060731,follow,-1.3900457145377487,53.311762404767705,
101.6,29.77818983776423,-0.4975936429319667,follow,-1.4033413356554192,53.26394342099093,111.38660677112203
101.7,29.728430473471033,-0.40247160278332145,follow,-1.3735453365626782,53.21910037364387,118.6785990740253
101.8,29.6881833131927,-0.5320930600423572,follow,-1.4039929274642233,53.12828204232483,58.49951355696413
101.9,29.634974007188465,-0.4336697941781651,follow,-1.3876763691767877,53.06478464160591,83.57001080495554
102.0,29.59160702777065,-0.39065644814812756,follow,-1.3547866028268274,53.03262393882915,164.89883416555406
102.1,29.552541382955837,-0.8029440243162839,follow,-1.5054422738999733,52.82336980053378,25.243644035329755
102.2,29.472246980524208,-0.6253337993006063,follow,-1.5592253683045882,52.649145102481725,30.219105380019457
102.3,29.40971360059415,-0.2835615778691178,follow,-1.4573966584688236,52.6571737424224,
102.4,29.381357442807236,-0.48860246502161714,follow,-1.4579981660692454,52.61403799814161,121.97317764064546
102.5,29.332497196305074,-0.4896059545387892,follow,-1.4589575159466435,52.53978827851097,70.76092480883075
102.6,29.283536600851196,-0.4483866186642565,follow,-1.4418702828511059,52.48343461842569,93.13225536575933
102.7,29.23869793898477,-0.39426822738292555,follow,-1.4034820839500597,52.4545648245271,181.6935895316315
102.8,29.19927111624648,-0.5786544434745438,follow,-1.4502689614672448,52.34863771290247,49.41948941117134
102.9,29.141405671899026,-0.5755682099781211,follow,-1.4896113621359177,52.22249714571262,41.40023967633858
103.0,29.083848850901212,-0.39349761190505317,follow,-1.444661015729082,52.18111226062274,126.08736775997195
103.1,29.04449908971071,-0.6775764192447248,follow,-1.5290862829142995,52.03766235165176,36.27584201684369
103.2,28.976741447786235,-0.32711255322574856,follow,-1.450123964806238,52.01498820687311,229.40220552843613
103.3,28.94403019246366,-0.8423103028458463,follow,-1.6054601010688359,51.81058518762666,25.34727000542959
103.4,28.859799162179076,-0.16969478314001374,follow,-1.4480934718598633,51.84160527140875,
103.5,28.842829683865073,-0.4702341686636032,follow,-1.4419222227753608,51.82232230302225,268.7466019976625
103.6,28.795806266998714,-0.406781320053134,follow,-1.4089677241755894,51.78474167632248,137.79637601546432
103.7,28.7551281349934,-0.28063023288269945,follow,-1.3254633396669036,51.807228862823195,
103.8,28.72706511170513,-0.17304654724855123,follow,-1.2060753159053732,51.88452235165232,
103.9,28.709760456980273,-0.30836644107693867,follow,-1.1610943795163848,51.90354630595402,
104.0,28.67892381287258,-0.8045943686440182,follow,-1.3377317946420817,51.680653924666785,23.186370761619745
104.1,28.598464376008177,-0.5689812876923568,follow,-1.3888890769463131,51.50880748706595,29.973741793074456
104.2,28.54156624723894,-0.5375284156957576,follow,-1.4196985085166887,51.392650862341725,44.244270169267374
104.3,28.487813405669364,-0.43255933244405753,follow,-1.4008505867293195,51.33086952177473,83.08474541137689
104.4,28.444557472424957,-0.37037042498385087,follow,-1.3574224341054304,51.309413774532004,239.1406516614229
104.5,28.40752042992657,-0.6186786324952891,follow,-1.4276189133505,51.18366173153936,40.70205184223371
104.6,28.345652566677042,-0.3765416361298456,follow,-1.3833823751438459,51.135096474871716,105.29151904776475
104.7,28.307998403064058,-0.6313474807829131,follow,-1.4557009700306978,51.00629663456539,39.601211083200845
104.8,28.244863654985767,-0.5345140507863135,follow,-1.4764852134120474,50.890810269066606,44.06650953933932
104.9,28.191412249907135,-0.7228630339807587,follow,-1.576449330784719,50.710669044075985,28.150507495821795
105.0,28.119125946509058,-0.5907460202092792,follow,-1.6059324703385727,50.572756449425015,36.67015081359199
105.1,28.06005134448813,-0.7235841733613384,follow,-1.6893257017558625,50.40075131497633,29.301887688692855
105.2,27.987692927151997,-0.6263305439628674,follow,-1.719557368467214,50.26198202226078,36.21981566585843
105.3,27.92505987275571,-0.2842469436068036,follow,-1.5971137741483616,50.290476034985204,
105.4,27.89663517839503,-0.7476950277308462,follow,-1.6921402504467693,50.152812517145776,36.43144770978258
105.5,27.821865675621947,0.06328360403983524,follow,-1.4221725638494362,50.31062594958348,
105.6,27.82819403602593,-0.5509692408335674,follow,-1.4544845080575826,50.28780654598131,220.37300983741412
105.7,27.773097111942572,-0.405073300076878,follow,-1.4191488331269753,50.24049683478688,106.1948922674579
105.8,27.732589781934884,-0.6424900112570441,follow,-1.491646816309128,50.1072378565932,37.60139732111619
105.9,27.668340780809178,-0.286953370595063,follow,-1.4001073927014431,50.102403778512326,1036.4417566255154
106.0,27.63964544374967,-0.6262517570183043,follow,-1.4680289314874742,49.99143923413703,45.051723066791425
106.1,27.577020268047843,-0.3955664849265126,follow,-1.4267931947397656,49.938737207332,94.75676787974812
106.2,27.53746361955519,-0.012084153620237681,follow,-1.2242045839564213,50.08199084537637,
106.3,27.536255204193168,-0.5893310391525247,follow,-1.2990174813327684,50.00536532495698,65.25941364092965
106.4,27.477322100277917,-0.1805701189558604,follow,-1.186350035487564,50.02963311492931,
106.5,27.45926508838233,-0.6355392899341282,follow,-1.2861910264822853,49.902706606091215,39.31622090834618
106.6,27.395711159388917,-0.38350981957685804,follow,-1.263431248931056,49.830135490152315,68.66386832484673
106.7,27.357360177431232,-0.13281132773461973,follow,-1.1346407937377094,49.90139947240914,
106.8,27.34407904465777,-0.6307105103233872,follow,-1.2391269990429592,49.776991567943696,40.01111648145854
106.9,27.281007993625433,-0.041074812184976384,follow,-1.0736212218569108,49.84789076858124,
107.0,27.276900512406936,-0.4078026742064345,follow,-1.0891500512696766,49.826200717340726,229.7191471076816
107.1,27.236120244986292,-0.5203607491272102,follow,-1.1515916746376362,49.7025886928418,40.20853868742597
107.2,27.18408417007357,-0.28129240305870123,follow,-1.1019459792756408,49.674180275834715,174.85726241969041
107.3,27.155954929767702,-0.291807548573923,follow,-1.0633476117935672,49.670584782857986,1381.4679962878856
107.4,27.12677417491031,-0.3457887395097387,follow,-1.0532538969986405,49.636907365366824,147.38929247940735
107.5,27.092195300959336,-0.7255839731893139,follow,-1.2096051161680847,49.42868783527092,23.738737577833135
107.6,27.019636903640404,-0.4821715519375523,follow,-1.239731210553792,49.28972414490681,35.46949855446663
107.7,26.97141974844665,-0.4881967198905478,follow,-1.2685474526078835,49.18858217006209,48.63320322309955
107.8,26.922600076457595,-0.46513438500618276,follow,-1.283577952270413,49.10032216241598,55.63145015745416
107.9,26.876086637956977,-0.3519019495843473,follow,-1.2474164583152927,49.066713498620175,145.99424064250115
108.0,26.84089644299854,-0.4640249467779114,follow,-1.2647208101776073,48.996623854320205,69.90565345817026
108.1,26.79449394832075,-0.7027612445282165,follow,-1.3835664629927962,48.80817445948833,25.89988389348808
108.2,26.724217823867928,-0.3431874090251796,follow,-1.3305740587003356,48.755752677101555,93.00666718532841
108.3,26.68989908296541,-0.4158493505786438,follow,-1.3160858556431805,48.718762768804936,131.7082550684794
108.4,26.648314147907545,-0.39756998476152106,follow,-1.2955398678469052,48.676931354014414,116.3645351167347
108.5,26.60855714943139,-0.30806845998035753,follow,-1.2387600850757252,48.67407563907136,1704.4444774156677
108.6,26.577750303433355,-0.37002697661868633,follow,-1.2163248464217986,48.65030060872823,204.62771195732938
108.7,26.540747605771486,-0.41161009632100587,follow,-1.2148955605063492,48.59622584815088,89.86859179675614
108.8,26.499586596139384,-0.4908681020331137,follow,-1.2481127056720922,48.501267188536985,51.07619187731018
108.9,26.450499785936074,-0.7542992672661228,follow,-1.3915324689610031,48.28421720994311,22.24566780554624
109.0,26.37506985920946,-0.3325925610994453,follow,-1.3328945647919355,48.229710224022256,88.48353914482047
109.1,26.341810603099518,-0.5034403745706036,follow,-1.356186740936728,48.15652916371255,65.80463436816834
109.2,26.29146656564246,-0.43990640315205237,follow,-1.3488173413154385,48.08838250714825,70.56601883588002
109.3,26.247475925327254,-0.7323969561326371,follow,-1.469578973375441,47.90163491461544,25.650469848076455
109.4,26.17423622971399,-0.6278710749811139,follow,-1.5291430529269547,47.732211291644035,28.17329157203885
109.5,26.11144912221588,-0.30626069311967963,follow,-1.4411073039015605,47.726066379422264,776.6761291032544
109.6,26.080823052903913,-0.5861615542122252,follow,-1.4862505052240635,47.63498407413181,52.29883446873752
109.7,26.02220689748269,-0.3769570017854555,follow,-1.434546961840688,47.598763384383346,131.41318874707008
109.8,25.984511197304144,-0.5491514983154537,follow,-1.4644545313029695,47.51231226465325,54.95858516675519
109.9,25.9295960474726,-0.4975861833904666,follow,-1.468041411302785,47.426352659906115,55.17283705450944
110.0,25.879837429133552,-0.36010779882149246,follow,-1.4113872267074186,47.40836891699291,263.6179195032088
110.1,25.8438266492514,-0.6444591067464941,follow,-1.4857537218092745,47.27998625206783,36.82739120553131
110.2,25.77938073857675,-0.45954529458829896,follow,-1.4700229296551512,47.19904817820998,58.31501285934561
110.3,25.733426209117923,-0.6138517803604806,follow,-1.5234337563786013,47.07670555729828,38.47939925305356
110.4,25.672041031081875,-0.5694206998379187,follow,-1.5505600924326615,46.95750145419015,39.392521087610874
110.5,25.615098961098084,-0.5705906473377027,follow,-1.5746568835665329,46.847991558080594,42.77968770156157
110.6,25.558039896364313,-0.486092467902435,follow,-1.5588722761023917,46.77818756844408,67.0136303269836
110.7,25.50943064957407,-0.6281288308063318,follow,-1.6069014708743978,46.65724450348671,38.57785853196143
110.8,25.44661776649344,-0.29618808092772186,follow,-1.5043439229028337,46.66558272683733,
110.9,25.41699895840067,-0.750328049382231,follow,-1.612615606603434,46.51288283099757,30.460323875868088
111.0,25.341966153462444,-0.5007737202406446,follow,-1.5982630145423968,46.41468621565127,47.26709373025902
111.1,25.29188878143838,-0.6239463906107247,follow,-1.6393358346502254,46.29849733750734,39.84761543199622
111.2,25.22949414237731,-0.27352289838150345,follow,-1.5226932902965018,46.32154792326946,
111.3,25.20214185253916,-0.5762352132307698,follow,-1.552879040792945,46.2503337380158,64.94539475963802
111.4,25.144518331216084,-0.3388017798529418,follow,-1.4758955919299268,46.240881904894195,489.2266009138555
111.5,25.110638153230788,-0.8222288387732248,follow,-1.6191391402752515,46.046818089570934,23.72766814509542
111.6,25.028415269353466,-0.3989083046573313,follow,-1.5596463413947106,45.982976562635486,72.02674931193803
111.7,24.988524438887733,-0.4259311582558645,follow,-1.5196625395849068,45.96312411874669,231.52375786206815
111.8,24.945931323062148,-0.539716716581448,follow,-1.5343659981527225,45.884530986440495,58.3823670593317
111.9,24.891959651404004,-0.3406582520482715,follow,-1.4606044558059637,45.87733502130004,637.5424856317079
112.0,24.857893826199177,-0.6530698198108794,follow,-1.5322951006186116,45.754545638680156,37.26262374028604
112.1,24.79258684421809,-0.24587441652095804,follow,-1.4175933120687745,45.77128695425836,
112.2,24.767999402565994,-0.2105911825113992,follow,-1.3025120898473688,45.849487014001625,
112.3,24.746940284314853,-0.6341959343798308,follow,-1.3866174409019862,45.73379298557029,39.52995120457243
112.4,24.68352069087687,-0.5239973938116378,follow,-1.411840119832874,45.61344091648243,37.900005593795925
112.5,24.631120951495703,-0.25623075392894135,follow,-1.3173526059107346,45.62932882133282,
112.6,24.60549787610281,-0.30747068317192255,follow,-1.2574677804319094,45.6507790337223,
112.7,24.574750807785616,-0.6189556342264417,follow,-1.340822258734896,45.521303952943526,35.15835145976673
112.8,24.51285524436297,-0.5176636900155855,follow,-1.3692644380371206,45.40001842850734,37.43234705008252
112.9,24.461088875361412,-0.5377357996883703,follow,-1.4027237720707006,45.28890954097142,40.760834299812444
113.0,24.407315295392575,-0.7124807986689369,follow,-1.5077949316566688,45.10317801143219,24.28407181231924
113.1,24.33606721552568,-0.6098280635269276,follow,-1.554529533408811,44.949571289879714,29.262763266838466
113.2,24.275084409172987,-0.6682375922157512,follow,-1.6205637647971187,44.79206284896236,28.437880908541814
113.3,24.208260649951413,-0.62722710961391,follow,-1.6601541909600641,44.652236783967055,31.934129581289874
113.4,24.14553793899002,-0.5307266304387582,follow,-1.6526239184169071,44.565682990068126,51.48900005708704
113.5,24.092465275946147,-0.5196535014910679,follow,-1.641261451445601,44.497436462473615,65.20102638304036
113.6,24.04049992579704,-0.3080129603524604,follow,-1.5393634188015923,44.52138646989397,
113.7,24.009698629761793,-0.7619752391637377,follow,-1.6481313377247488,44.36641660691794,28.62906100248511
113.8,23.93350110584542,-0.31686319814965036,follow,-1.5491851624344122,44.351066496333715,288.9299477815949
113.9,23.901814786030453,-0.6358551461560275,follow,-1.601837161315153,44.250885017730525,44.17072460376456
114.0,23.83822927141485,-0.5108738553959057,follow,-1.5932818165331355,44.16406209058914,50.86682002625893
114.1,23.787141885875258,-0.43847569859939883,follow,-1.5543649268111608,44.126347902001726,117.00198136198757
114.2,23.74329431601532,-0.7360930547092913,follow,-1.6499230036224404,43.96501847040054,27.2517035694949
114.3,23.66968501054439,-0.41975234963715025,follow,-1.5954775464704483,43.90904996934614,78.45314621993695
114.4,23.627709775580676,-0.5489019516999705,follow,-1.6042856715829856,43.837278991788025,61.079395158468714
114.5,23.57281958041068,-0.4529630316319384,follow,-1.5702323368686564,43.788997033747364,90.69432726092212
114.6,23.527523277247486,-0.5091278089147707,follow,-1.565040209848732,43.7262447060225,69.68067367607372
114.7,23.47661049635601,-0.1498833830410632,follow,-1.4043320881471857,43.810583656386825,
114.8,23.461622158051902,-0.716662955646673,follow,-1.5110117964961063,43.681421440581744,33.81904000970732
114.9,23.389955862487234,-0.5320446676222431,follow,-1.5235079393975894,43.561425854333265,36.3025234645218
115.0,23.33675139572501,-0.6125497925056507,follow,-1.5693763788264476,43.43575071476107,34.56192757176393
115.1,23.275496416474443,-0.5844474110219295,follow,-1.59704355159775,43.316201073113916,36.232815486686874
115.2,23.21705167537225,-0.6143005940125178,follow,-1.6340816074817468,43.19149590557663,34.634888640588
115.3,23.155621615970997,-0.3295837489831023,follow,-1.5424986799767808,43.19093374397971,7683.010359796904
115.4,23.122663241072686,-0.36975575604139904,follow,-1.4803274417369394,43.20366741987209,
115.5,23.085687665468548,-0.6461406597452879,follow,-1.5464328448778986,43.08209865332492,35.43845995732821
115.6,23.02107359949402,-0.6063582537348082,follow,-1.5866191058654806,42.94499129337555,31.322163382931368
115.7,22.96043777412054,-0.4318928222690943,follow,-1.5457091452174154,42.894947515963395,85.71484754792209
115.8,22.91724849189363,-0.6377768730186396,follow,-1.5996500710667263,42.77622266677372,36.02971320565484
115.9,22.853470804591765,-0.39806028518547054,follow,-1.5423306205734448,42.7378755863142,111.45014190014253
116.0,22.813664776073217,-0.5326112862791845,follow,-1.550988055402641,42.66950910870719,62.412911418062315
116.1,22.760403647445298,-0.747938361767045,follow,-1.6521367272053595,42.488468743962585,23.46905829753438
116.2,22.68560981126859,-0.23369253994412698,follow,-1.5165069540673244,42.51190776283556,
116.3,22.662240557274178,-0.33974348811284116,follow,-1.4446771288032565,42.54868370710801,
116.4,22.628266208462893,-0.6486928631886592,follow,-1.5165422264326835,42.42585708626166,34.54125562841561
116.5,22.563396922144026,-0.5257449222231394,follow,-1.5255779891689158,42.319517394047125,39.7965392910131
116.6,22.510822429921713,-0.469080557466085,follow,-1.5087984938277899,42.25743515105478,68.06686278455425
116.7,22.463914374175104,-0.47740706188305704,follow,-1.4978278476254943,42.19804371363716,71.05071968033553
116.8,22.416173667986797,-0.42346286157549784,follow,-1.4648341551419506,42.159426346838245,109.17219334664671
116.9,22.373827381829248,-0.23383585712024835,follow,-1.3536974640887607,42.20704360865511,
117.0,22.350443796117222,-0.5963379416268488,follow,-1.4146664651323348,42.1109992290435,43.84535503200218
117.1,22.290810001954537,-0.579349650127942,follow,-1.4602967740837443,41.97591822884806,31.07462794035549
117.2,22.232875036941742,-0.6844746614281121,follow,-1.5456818302589568,41.80363072515365,24.26387859177465
117.3,22.16442757079893,-0.5729791321678064,follow,-1.571453388124226,41.67518796807417,32.44650684518676
117.4,22.10712965758215,-0.5139980370832766,follow,-1.5682194840572734,41.59247500231595,50.28531454657109
117.5,22.05572985387382,-0.2662543888142352,follow,-1.4576927638820791,41.62590201692865,
117.6,22.029104414992396,-0.6620440804718427,follow,-1.5336650470591309,41.50999157542947,35.812124463094044
117.7,21.962900006945212,-0.43646130795301874,follow,-1.5016484356831654,41.442701574734656,61.588202031492784
117.8,21.91925387614991,-0.540643770975597,follow,-1.519104627105186,41.35977618711968,49.87589130019671
117.9,21.86518949905235,-0.33420287192764986,follow,-1.4445270113643573,41.353257237214166,634.3545791632321
118.0,21.831769211859584,-0.19366503132158852,follow,-1.3185735017610014,41.429080316028376,
118.1,21.812402708727426,-0.6530102377301943,follow,-1.408764017935738,41.3098400451554,34.64420178082516
118.2,21.747101684954405,-0.5134740609029969,follow,-1.4265226507715099,41.1941298766601,35.60113204595612
118.3,21.695754278864104,-0.3458317283580342,follow,-1.3690769695221974,41.17455444877396,210.3379537228813
118.4,21.661171106028302,-0.4405804989598195,follow,-1.3603193208713975,41.131437338171054,95.39469775015775
118.5,21.61711305613232,-0.24103152703041314,follow,-1.2659435516405253,41.159726032557955,
118.6,21.59300990342928,-0.4692194664553533,follow,-1.2830898129288713,41.10642504221505,77.12131571617029
118.7,21.546087956783744,-0.5297464580119339,follow,-1.3243156886389897,40.99481624653663,36.730811400091014
118.8,21.49311331098255,-0.3848482401025734,follow,-1.297165051035023,40.9425049154388,78.26699121560759
118.9,21.454628486972293,-0.35804142447858067,follow,-1.2619006637167942,40.920042066741644,182.16764319740534
119.0,21.418824344524435,-0.4013755069104881,follow,-1.2500768844974246,40.878159632289226,97.60215748371894
119.1,21.378686793833385,-0.428846478046529,follow,-1.2517392378440775,40.816290952906,65.97246193022525
119.2,21.335802146028733,-0.34330423001338484,follow,-1.2159924807398,40.7877107383033,142.71310172108642
119.3,21.301471723027394,-0.35189628116304517,follow,-1.1886440185402805,40.76356356600081,168.81299000536046
119.4,21.26628209491109,-0.31423387039045775,follow,-1.1484877858569646,40.75093535650967,322.6976507255491
119.5,21.234858707872046,-0.4229531532831359,follow,-1.1608385760856805,40.69144948572239,68.40523463342345
119.6,21.192563392543732,-0.5036223152271994,follow,-1.2066519423472002,40.5821931464684,37.14401692700321
119.7,21.142201161021013,-0.44575215098549276,follow,-1.221328711165171,40.49197303036635,44.88131336978314
119.8,21.097625945922463,-0.3241680888214425,follow,-1.1812284831094715,40.465210435774225,151.2006255458416
119.9,21.06520913704032,-0.6387286558086188,follow,-1.2831241834902443,40.31468952207024,26.78344724995534
120.0,21.001336271459458,-8.0,emergency,-2.7814485122651718,38.72055589492402,2.428940412244317
120.1,20.201336271459457,-8.0,emergency,-3.1565821394111566,37.14542226777803,2.358239429824342
120.2,19.401336271459456,-8.0,emergency,-3.4967157665568322,35.60528864063235,2.3118311303034966
120.3,18.601336271459456,-8.0,emergency,-3.7938493937028426,34.10815501348634,2.278230506284751
120.4,17.801336271459455,-8.0,emergency,-4.07198302084862,32.63002138634056,2.207514989652474
120.5,17.001336271459454,-8.0,emergency,-4.322116647994612,31.17988775919457,2.1501389372344057
120.6,16.201336271459454,-8.0,emergency,-4.550250275140662,29.751754132048518,2.0832612275579514
120.7,15.401336271459453,-8.0,emergency,-4.737383902287,28.364620504902177,2.044836917641665
120.8,14.601336271459452,-8.0,emergency,-4.89551752943289,27.006486877756288,1.9884999780551171
120.9,13.801336271459451,-8.0,emergency,-5.022651156578831,25.679353250610347,1.9349485783006524
121.0,13.00133627145945,-8.0,emergency,-5.122784783724725,24.37921962346445,1.8751318414078515
121.1,12.20133627145945,-8.0,emergency,-5.142918410870692,23.15908599631848,1.8980778400879472
121.2,11.40133627145945,-8.0,emergency,-5.083052038016735,22.01895236917244,1.931260673741523
121.3,10.601336271459449,-8.0,emergency,-4.943185665162851,20.958818742026324,1.976997824175329
121.4,9.801336271459448,-8.0,emergency,-4.723319292308581,19.97868511488059,2.0383633987802874
121.5,9.001336271459447,-8.0,emergency,-4.373452919454202,19.128551487734967,2.2500640930947573
121.6,8.201336271459446,-8.0,emergency,-3.8915865466002195,18.41041786058895,2.563647929112703
121.7,7.401336271459447,-4.914408032635656,follow,-3.2307201737461497,17.87128423344302,3.314815350704367
121.8,6.909895468195881,-0.23222123855040666,follow,-2.888548515670742,17.476294686623078,4.424495490409876
121.9,6.88667334434084,-1.4957830966000905,follow,-3.1403826643224235,17.189627352188836,5.996367666418371
122.0,6.737095034680832,-0.8388014889464234,follow,-3.0737247033005524,17.031917848720695,10.799550739925811
122.1,6.6532148857861895,-0.8743703210348961,follow,-3.0312259685373917,16.94859636014189,20.341206871442118
122.2,6.5657778536827,-0.5509389361516178,follow,-2.853648205750609,16.99501857477344,
122.3,6.510683960067539,-0.41257783956885774,follow,-2.6390757613348157,17.126950178766492,
122.4,6.469426176110653,-0.04375139425469221,follow,-2.2921317030105754,17.412007561155406,
122.5,6.465051036685184,-0.015307018322349486,follow,-1.9780740975406523,17.719502457487124,
122.6,6.463520334852949,0.363849015043072,follow,-1.5401300782774925,18.15515042400193,
122.7,6.4999052363572565,0.6596548619649945,follow,-1.0306979541695611,18.71915990036632,
122.8,6.565870722553756,0.9137594201846791,follow,-0.47723325571932307,19.37157282811131,
122.9,6.657246664572224,0.9435332686337699,follow,0.016978164795794726,20.00284816165413,
123.0,6.751599991435601,1.1316517400701496,follow,0.5282881753572113,20.655688162510614,
123.1,6.864765165442615,1.542566944468861,follow,1.1510638978023167,21.44821164596624,
123.2,7.019021859889501,1.3421596526333541,follow,1.6047766701434298,22.13330945997768,
123.3,7.153237825152837,1.5508334569463356,follow,2.089128939732767,22.818985677462024,
123.4,7.30832117084747,1.9798731776303968,follow,2.695671804106084,23.658153560377286,
123.5,7.506308488610509,1.9853043101997017,follow,3.224059978600579,24.483522711516343,
123.6,7.704838919630479,2.152939803117235,follow,3.754780440107716,25.312038819553436,
123.7,7.920132899942202,2.52427990721969,follow,4.375826179645578,26.256025529558883,
123.8,8.17256089066417,2.591465783404238,follow,4.942928104495916,27.20176944049217,
123.9,8.431707469004595,2.7003945580483535,follow,5.481037490084919,28.12859869359181,
124.0,8.70174692480943,2.7888226752518026,follow,5.984803613896901,29.03742400111105,
124.1,8.98062919233461,3.0,follow,6.618417293375625,30.08936108187754,
124.2,9.280629192334612,3.0,follow,7.228354374141929,31.149298162643845,
124.3,9.580629192334612,3.0,follow,7.814291454908798,32.185235243410716,
124.4,9.880629192334613,3.0,follow,8.540228535675539,33.36117232417746,
124.5,10.180629192334614,3.0,follow,9.10516561644177,34.37610940494369,
124.6,10.480629192334614,3.0,follow,9.659102697208489,35.38004648571041,
124.7,10.780629192334615,3.0,follow,10.285039777974866,36.45598356647679,
124.8,11.080629192334616,3.0,follow,10.973976858741345,37.59492064724327,
124.9,11.380629192334617,3.0,follow,11.702913939507791,38.773857728009716,
125.0,11.680629192334617,3.0,follow,12.417851020274568,39.93879480877649,
125.1,11.980629192334618,3.0,follow,13.19478810104124,41.16573188954317,
125.2,12.280629192334619,3.0,follow,13.87472518180816,42.29566897031009,
125.3,12.58062919233462,3.0,follow,14.774662262574882,43.64560605107681,
125.4,12.88062919233462,3.0,follow,15.580599343341099,44.90154313184303,
125.5,13.18062919233462,3.0,follow,16.499536424107596,46.27048021260953,
125.6,13.480629192334622,3.0,follow,17.37847350487413,47.599417293376064,
125.7,13.780629192334622,3.0,follow,18.287410585640867,48.9583543741428,
125.8,14.080629192334623,3.0,follow,19.22634766640735,50.34729145490928,
125.9,14.380629192334624,3.0,follow,20.17628474717425,51.747228535676186,
126.0,14.680629192334624,3.0,follow,21.16322182794096,53.1841656164429,
126.1,14.980629192334625,3.0,follow,22.231158908707343,54.702102697209284,
126.2,15.280629192334626,3.0,follow,23.22009598947401,56.14103977797595,
126.3,15.580629192334627,3.0,follow,24.276033070240224,57.646976858742164,
126.4,15.880629192334627,3.0,follow,25.22997015100703,59.05091393950897,
126.5,16.180629192334628,3.0,follow,26.291907231773564,60.5628510202755,
126.6,16.48062919233463,3.0,follow,27.132844312540087,61.85378810104203,
126.7,16.78062919233463,3.0,follow,28.166781393306366,63.33772518180831,
126.8,17.08062919233463,3.0,follow,29.004718474073186,64.62566226257513,
126.9,17.38062919233463,3.0,follow,29.687655554839807,65.75859934334176,
127.0,17.68062919233463,3.0,follow,30.48159263560631,67.00253642410826,
127.1,17.980629192334632,3.0,follow,31.172529716372743,68.14347350487469,
127.2,18.280629192334633,3.0,follow,31.970466797139146,69.3914105856411,
127.3,18.580629192334634,3.0,follow,32.60340387790559,70.47434766640754,
127.4,18.880629192334634,3.0,follow,33.225340958672064,71.54628474717401,
127.5,19.180629192334635,3.0,follow,33.68727803943868,72.45822182794063,
127.6,19.480629192334636,3.0,follow,34.248215120205,73.46915890870696,
127.7,19.780629192334636,3.0,follow,34.6021522009719,74.27309598947386,
127.8,20.080629192334637,3.0,follow,35.00108928173842,75.12203307024038,
127.9,20.380629192334638,3.0,follow,35.58102636250498,76.15197015100694,
128.0,20.68062919233464,3.0,follow,36.13396344327149,77.15490723177345,
128.1,20.98062919233464,3.0,follow,36.62390052403791,78.09484431253986,
128.2,21.28062919233464,3.0,follow,36.95883760480457,78.87978139330653,
128.3,21.58062919233464,3.0,follow,37.34677468557112,79.71771847407308,
128.4,21.88062919233464,3.0,follow,37.70871176633783,80.52965555483979,
128.5,22.180629192334642,3.0,follow,37.93664884710452,81.20759263560649,
128.6,22.480629192334643,3.0,follow,38.373585927871055,82.09452971637302,
128.7,22.780629192334644,3.0,follow,38.724523008637796,82.89546679713976,
128.8,23.080629192334644,3.0,follow,38.94646008940418,83.56740387790614,
128.9,23.380629192334645,3.0,follow,39.160397170170754,84.23134095867272,
129.0,23.680629192334646,3.0,follow,39.36133425093695,84.88227803943892,
129.1,23.980629192334646,3.0,follow,39.329271331703424,85.3002151202054,
129.2,24.280629192334647,3.0,follow,39.42920841246996,85.85015220097193,
129.3,24.580629192334648,3.0,follow,39.46014549323654,86.33108928173851,
129.4,24.88062919233465,3.0,follow,39.432082574002926,86.7530263625049,
129.5,25.18062919233465,3.0,follow,39.43901965476916,87.20996344327114,
129.6,25.48062919233465,3.0,follow,39.60295673553555,87.82390052403753,
129.7,25.78062919233465,3.0,follow,39.63289381630193,88.3038376048039,
129.8,26.08062919233465,3.0,follow,39.523830897068635,88.64477468557061,
129.9,26.380629192334652,3.0,follow,39.487767977835205,89.05871176633718,
130.0,26.680629192334653,3.0,cruise,,,
130.1,26.980629192334654,1.2160241454480032,cruise,,,
130.2,27.102231606879453,1.3365182920239251,cruise,,,
130.3,27.235883436081846,1.260407079329054,cruise,,,
130.4,27.36192414401475,1.2076359224880746,cruise,,,
130.5,27.482687736263557,1.1550485543115059,cruise,,,
130.6,27.59819259169471,1.104956670821891,cruise,,,
130.7,27.7086882587769,1.0570093373709795,cruise,,,
130.8,27.814389192513996,1.0111392146550102,cruise,,,
130.9,27.915503113979497,0.9672537630798763,cruise,,,
131.0,28.012228490287484,0.9252673915931098,cruise,,,
131.1,28.104755229446795,0.8850979039326833,cruise,,,
131.2,28.193265019840062,0.846666692482253,cruise,,,
131.3,28.277931689088287,0.8098985473140945,cruise,,,
131.4,28.358921543819697,0.7747215129213851,cruise,,,
131.5,28.436393695111835,0.741066747019476,cruise,,,
131.6,28.510500369813784,0.7088683858888782,cruise,,,
131.7,28.58138720840267,0.6780634154990931,cruise,,,
131.8,28.64919354995258,0.6485915482131609,cruise,,,
131.9,28.7140527047739,0.6203951048263228,cruise,,,
132.0,28.77609221525653,0.5934189017084369,cruise,,,
132.1,28.835434105427375,0.5676101428293724,cruise,,,
132.2,28.892195119710312,0.5429183164561013,cruise,,,
132.3,28.946486951355922,0.5192950963192674,cruise,,,
132.4,28.998416460987848,0.4966942470560016,cruise,,,
132.5,29.048085885693446,0.47507153374383604,cruise,,,
132.6,29.09559303906783,0.45438463534879225,cruise,,,
132.7,29.141031502602708,0.4340457851637673,cruise,,,
132.8,29.184436081119085,0.4143773809240809,cruise,,,
132.9,29.225873819211493,0.39562535230184465,cruise,,,
133.0,29.26543635444168,0.37771928754897494,cruise,,,
133.1,29.303208283196575,0.36062392964681605,cruise,,,
133.2,29.339270676161256,0.34430226895469146,cruise,,,
133.3,29.373700903056726,0.3287193215761672,cruise,,,
133.4,29.40657283521434,0.3138416502352143,cruise,,,
133.5,29.437957000237862,0.2996373348575478,cruise,,,
133.6,29.467920733723616,0.28607589965243746,cruise,,,
133.7,29.49652832368886,0.27312824819032605,cruise,,,
133.8,29.52384114850789,0.26076660092702325,cruise,,,
133.9,29.549917808600593,0.24896443560700127,cruise,,,
134.0,29.574814252161293,0.23769643035865434,cruise,,,
134.1,29.59858389519716,0.2269384093655546,cruise,,,
134.2,29.621277736133713,0.21666729099658893,cruise,,,
134.3,29.642944465233374,0.20686103828365282,cruise,,,
134.4,29.663630569061738,0.19749861164076704,cruise,,,
134.5,29.683380430225814,0.18855992372301705,cruise,,,
134.6,29.702236422598116,0.1800257963286402,cruise,,,
134.7,29.72023900223098,0.1718779192516468,cruise,,,
134.8,29.737426794156143,0.1640988109967651,cruise,,,
134.9,29.75383667525582,0.15667178127241427,cruise,,,
135.0,29.76950385338306,0.14958089518122825,cruise,,,
135.1,29.784461942901185,0.142810939031283,cruise,,,
135.2,29.798743036804314,0.1363473876947136,cruise,,,
135.3,29.812377775573786,0.13017637344363492,cruise,,,
135.4,29.825395412918148,0.1242846561965642,cruise,,,
135.5,29.837823878537804,0.11865959511144125,cruise,,,
135.6,29.84968983804895,0.11328912146438092,cruise,,,
135.7,29.861018750195388,0.1081617127558669,cruise,,,
135.8,29.871834921470974,0.10326636798892715,cruise,,,
135.9,29.882161558269868,0.09859258406617251,cruise,,,
136.0,29.892020816676485,0.09413033325513993,cruise,,,
136.1,29.901433850002,0.08987004167348474,cruise,,,
136.2,29.91042085416935,0.08580256874797705,cruise,,,
136.3,29.919001111044146,0.08191918760312973,cruise,,,
136.4,29.92719302980446,0.07821156633745581,cruise,,,
136.5,29.935014186438206,0.07467175014715118,cruise,,,
136.6,29.94248136145292,0.07129214425882609,cruise,,,
136.7,29.949610575878804,0.06806549763471388,cruise,,,
136.8,29.956417125642275,0.06498488741539106,cruise,,,
136.9,29.962915614383814,0.06204370406655464,cruise,,,
137.0,29.96911998479047,0.05923563719810794,cruise,,,
137.1,29.975043548510282,0.05655466202504762,cruise,,,
137.2,29.980699014712787,0.053995026441101504,cruise,,,
137.3,29.986098517356897,0.05155123867744145,cruise,,,
137.4,29.99125364122464,0.04921805551993437,cruise,,,
137.5,29.996175446776636,0.046990471059687525,cruise,,,
137.6,30.000874493882606,0.04486283145884528,cruise,,,
137.7,30.00536077702849,0.042827093068960716,cruise,,,
137.8,30.009643486335385,0.040879668768165275,cruise,,,
137.9,30.013731453212202,0.03901669630662335,cruise,,,
138.0,30.017633122842863,0.037234525614605885,cruise,,,
138.1,30.021356575404322,0.03552965982767363,cruise,,,
138.2,30.02490954138709,0.03389875387359588,cruise,,,
138.3,30.02829941677445,0.03233860735854907,cruise,,,
138.4,30.031533277510302,0.030846158364617175,cruise,,,
138.5,30.034617893346763,0.02941847745243384,cruise,,,
138.6,30.037559741092007,0.028052761929935395,cruise,,,
138.7,30.040365017285,0.026746330368403626,cruise,,,
138.8,30.04303965032184,0.025496617355816466,cruise,,,
138.9,30.045589312057423,0.024301168477225694,cruise,,,
139.0,30.048019428905146,0.023157635512318094,cruise,,,
139.1,30.050335192456377,0.022063771840738905,cruise,,,
139.2,30.05254156964045,0.02101742804621879,cruise,,,
139.3,30.054643312445073,0.020016547710912935,cruise,,,
139.4,30.056644967216165,0.01905916339168104,cruise,,,
139.5,30.058550883555334,0.018143392770464867,cruise,,,
139.6,30.06036522283238,0.017267434971230976,cruise,,,
139.7,30.062091966329504,0.016429567036263713,cruise,,,
139.8,30.06373492303313,0.015628140554913322,cruise,,,
139.9,30.065297737088624,0.014861578438211981,cruise,,,
140.0,30.066783894932446,0.014128371833040443,cruise,,,
140.1,30.068196732115748,0.013427077169792502,cruise,,,
140.2,30.069539439832727,0.01275631333779307,cruise,,,
140.3,30.070815071166507,0.012114758982936569,cruise,,,
140.4,30.0720265470648,0.011501149922209443,cruise,,,
140.5,30.073176662057023,0.010914276670115443,cruise,,,
140.6,30.074268089724033,0.010352982072097498,cruise,,,
140.7,30.075303387931243,0.009816159040361337,cruise,,,
140.8,30.076285003835277,0.009302748387683815,cruise,,,
140.9,30.077215278674046,0.008811736754891122,cruise,,,
141.0,30.078096452349534,0.00834215462807869,cruise,,,
141.1,30.078930667812344,0.00789307444153986,cruise,,,
141.2,30.0797199752565,0.007463608762860854,cruise,,,
141.3,30.080466336132783,0.007052908556455649,cruise,,,
141.4,30.08117162698843,0.006660161522284033,cruise,,,
141.5,30.081837643140656,0.006284590506448265,cruise,,,
141.6,30.0824661021913,0.005925451980515889,cruise,,,
141.7,30.083058647389354,0.005582034586692271,cruise,,,
141.8,30.083616850848024,0.0052536577458920375,cruise,,,
141.9,30.084142216622613,0.004939670326056189,cruise,,,
142.0,30.084636183655217,0.004639449368084157,cruise,,,
142.1,30.085100128592025,0.004352398866884287,cruise,,,
142.2,30.085535368478713,0.004077948605181653,cruise,,,
142.3,30.08594316333923,0.00381555303775339,cruise,,,
142.4,30.086324718643006,0.0035646902239652167,cruise,,,
142.5,30.086681187665402,0.00332486080648111,cruise,,,
142.6,30.08701367374605,0.0030955870341591862,cruise,,,
142.7,30.087323232449467,0.0028764118272315356,cruise,,,
142.8,30.08761087363219,0.00266689788293218,cruise,,,
142.9,30.087877563420484,0.002466626819793885,cruise,,,
143.0,30.088124226102465,0.002275198359013783,cruise,,,
143.1,30.08835174593837,0.002092229541202001,cruise,,,
143.2,30.088560968892487,0.001917353977033881,cruise,,,
143.3,30.08875270429019,0.0017502211303085796,cruise,,,
143.4,30.08892772640322,0.0015904956320629826,cruise,,,
143.5,30.089086775966425,0.0014378566243189936,cruise,,,
143.6,30.089230561628856,0.0012919971322492424,cruise,,,
143.7,30.08935976134208,0.0011526234635004934,cruise,,,
143.8,30.08947502368843,0.0010194546335145285,cruise,,,
143.9,30.089576969151782,0.0008922218156817638,cruise,,,
144.0,30.08966619133335,0.0007706678153488675,cruise,,,
144.1,30.089743258114886,0.0006545465664983055,cruise,,,
144.2,30.089808712771536,0.0005436226502885944,cruise,,,
144.3,30.089863075036565,0.000437670834357827,cruise,,,
144.4,30.08990684212,0.0003364756321120668,cruise,,,
144.5,30.08994048968321,0.00023983088104991002,cruise,,,
144.6,30.089964472771317,0.00014753933933039226,cruise,,,
144.7,30.08997922670525,5.941229983230656e-05,cruise,,,
144.8,30.089985167935232,-2.4730779144555015e-05,cruise,,,
144.9,30.08998269485732,-0.00010506262714952974,cruise,,,
145.0,30.089972188594604,-0.00018174849958486894,cruise,,,
145.1,30.089954013744645,-0.0002549465011055657,cruise,,,
145.2,30.089928519094535,-0.00032480789499413076,cruise,,,
145.3,30.089896038305035,-0.00039147739915960933,cruise,,,
145.4,30.08985689056512,-0.0004550934693512351,cruise,,,
145.5,30.089811381218183,-0.0005157885700805623,cruise,,,
145.6,30.089759802361176,-0.0005736894338664728,cruise,,,
145.7,30.089702433417788,-0.0006289173092102196,cruise,,,
145.8,30.089639541686868,-0.0006815881979048977,cruise,,,
145.9,30.089571382867078,-0.0007318130820070656,cruise,,,
146.0,30.08949820155888,-0.0007796981410572168,cruise,,,
146.1,30.08942023174477,-0.0008253449598400742,cruise,,,
146.2,30.089337697248787,-0.0008688507272197887,cruise,,,
146.3,30.089250812176065,-0.0009103084262967534,cruise,,,
146.4,30.089159781333436,-0.00094980701640867,cruise,,,
146.5,30.089064800631796,-0.0009874316072100778,cruise,,,
146.6,30.088966057471076,-0.0010232636252408625,cruise,,,
146.7,30.088863731108553,-0.0010573809732851713,cruise,,,
146.8,30.088757993011225,-0.0010898581828263157,cruise,,,
146.9,30.08864900719294,-0.0011207665599233599,cruise,,,
147.0,30.08853693053695,-0.0011501743247561425,cruise,,,
147.1,30.088421913104476,-0.0011781467451407387,cruise,,,
147.2,30.088304098429962,-0.0012047462642739287,cruise,,,
147.3,30.088183623803534,-0.0012300326229497047,cruise,,,
147.4,30.08806062054124,-0.0012540629764753106,cruise,,,
147.5,30.08793521424359,-0.0012768920065416925,cruise,,,
147.6,30.087807525042937,-0.0012985720282537166,cruise,,,
147.7,30.08767766784011,-0.001319153092508657,cruise,,,
147.8,30.08754575253086,-0.0013386830839895378,cruise,,,
147.9,30.087411884222462,-0.0013572078148632663,cruise,,,
148.0,30.087276163440976,-0.001374771114474177,cruise,,,
148.1,30.087138686329528,-0.0013914149151183705,cruise,,,
148.2,30.086999544838015,-0.0014071793341351932,cruise,,,
148.3,30.086858826904603,-0.001422102752433957,cruise,,,
148.4,30.08671661662936,-0.0014362218896113235,cruise,,,
148.5,30.0865729944404,-0.0014495718758527135,cruise,,,
148.6,30.086428037252812,-0.001462186320686766,cruise,,,
148.7,30.086281818620744,-0.0014740973787922065,cruise,,,
148.8,30.086134408882867,-0.001485335812926765,cruise,,,
148.9,30.085985875301574,-0.0014959310541674126,cruise,,,
149.0,30.08583628219616,-0.0015059112595320959,cruise,,,
149.1,30.085685691070204,-0.0015153033670857324,cruise,,,
149.2,30.085534160733495,-0.001524133148711325,cruise,,,
149.3,30.085381747418623,-0.0015324252605304622,cruise,,,
149.4,30.08522850489257,-0.0015402032912147645,cruise,,,
149.5,30.08507448456345,-0.0015474898081518501,cruise,,,
149.6,30.084919735582634,-0.0015543064016313862,cruise,,,
149.7,30.08476430494247,-0.001560673727144725,cruise,,,
149.8,30.084608237569757,-0.0015666115458062985,cruise,,,
149.9,30.084451576415177,-0.0015721387630648967,cruise,,,
150.0,30.08429436253887,-0.0015772734657242896,cruise,,,
