time,ego_speed,acceleration_cmd,mode,distance_error,distance,ttc
0.0,0.0,3.0,cruise,,,
0.1,0.30000000000000004,3.0,cruise,,,
0.2,0.6000000000000001,3.0,cruise,,,
0.3,0.9000000000000001,3.0,cruise,,,
0.4,1.2000000000000002,3.0,cruise,,,
0.5,1.5000000000000002,3.0,cruise,,,
0.6,1.8000000000000003,3.0,cruise,,,
0.7,2.1000000000000005,3.0,cruise,,,
0.8,2.4000000000000004,3.0,cruise,,,
0.9,2.7,3.0,cruise,,,
1.0,3.0,3.0,cruise,,,
1.1,3.3,3.0,cruise,,,
1.2,3.5999999999999996,3.0,cruise,,,
1.3,3.8999999999999995,3.0,cruise,,,
1.4,4.199999999999999,3.0,cruise,,,
1.5,4.499999999999999,3.0,cruise,,,
1.6,4.799999999999999,3.0,cruise,,,
1.7,5.099999999999999,3.0,cruise,,,
1.8,5.399999999999999,3.0,cruise,,,
1.9,5.699999999999998,3.0,cruise,,,
2.0,5.999999999999998,3.0,cruise,,,
2.1,6.299999999999998,3.0,cruise,,,
2.2,6.599999999999998,3.0,cruise,,,
2.3,6.899999999999998,3.0,cruise,,,
2.4,7.1999999999999975,3.0,cruise,,,
2.5,7.499999999999997,3.0,cruise,,,
2.6,7.799999999999997,3.0,cruise,,,
2.7,8.099999999999998,3.0,cruise,,,
2.8,8.399999999999999,3.0,cruise,,,
2.9,8.7,3.0,cruise,,,
3.0,9.0,3.0,cruise,,,
3.1,9.3,3.0,cruise,,,
3.2,9.600000000000001,3.0,cruise,,,
3.3,9.900000000000002,3.0,cruise,,,
3.4,10.200000000000003,3.0,cruise,,,
3.5,10.500000000000004,3.0,cruise,,,
3.6,10.800000000000004,3.0,cruise,,,
3.7,11.100000000000005,3.0,cruise,,,
3.8,11.400000000000006,3.0,cruise,,,
3.9,11.700000000000006,3.0,cruise,,,
4.0,12.000000000000007,3.0,cruise,,,
4.1,12.300000000000008,3.0,cruise,,,
4.2,12.600000000000009,3.0,cruise,,,
4.3,12.90000000000001,3.0,cruise,,,
4.4,13.20000000000001,3.0,cruise,,,
4.5,13.50000000000001,3.0,cruise,,,
4.6,13.800000000000011,3.0,cruise,,,
4.7,14.100000000000012,3.0,cruise,,,
4.8,14.400000000000013,3.0,cruise,,,
4.9,14.700000000000014,3.0,cruise,,,
5.0,15.000000000000014,3.0,cruise,,,
5.1,15.300000000000015,3.0,cruise,,,
5.2,15.600000000000016,3.0,cruise,,,
5.3,15.900000000000016,3.0,cruise,,,
5.4,16.200000000000017,3.0,cruise,,,
5.5,16.500000000000018,3.0,cruise,,,
5.6,16.80000000000002,3.0,cruise,,,
5.7,17.10000000000002,3.0,cruise,,,
5.8,17.40000000000002,3.0,cruise,,,
5.9,17.70000000000002,3.0,cruise,,,
6.0,18.00000000000002,3.0,cruise,,,
6.1,18.300000000000022,3.0,cruise,,,
6.2,18.600000000000023,3.0,cruise,,,
6.3,18.900000000000023,3.0,cruise,,,
6.4,19.200000000000024,3.0,cruise,,,
6.5,19.500000000000025,3.0,cruise,,,
6.6,19.800000000000026,3.0,cruise,,,
6.7,20.100000000000026,3.0,cruise,,,
6.8,20.400000000000027,3.0,cruise,,,
6.9,20.700000000000028,3.0,cruise,,,
7.0,21.00000000000003,3.0,cruise,,,
7.1,21.30000000000003,3.0,cruise,,,
7.2,21.60000000000003,3.0,cruise,,,
7.3,21.90000000000003,3.0,cruise,,,
7.4,22.20000000000003,3.0,cruise,,,
7.5,22.500000000000032,3.0,cruise,,,
7.6,22.800000000000033,3.0,cruise,,,
7.7,23.100000000000033,3.0,cruise,,,
7.8,23.400000000000034,3.0,cruise,,,
7.9,23.700000000000035,3.0,cruise,,,
8.0,24.000000000000036,3.0,cruise,,,
8.1,24.300000000000036,3.0,cruise,,,
8.2,24.600000000000037,3.0,cruise,,,
8.3,24.900000000000038,3.0,cruise,,,
8.4,25.20000000000004,3.0,cruise,,,
8.5,25.50000000000004,3.0,cruise,,,
8.6,25.80000000000004,3.0,cruise,,,
8.7,26.10000000000004,3.0,cruise,,,
8.8,26.40000000000004,3.0,cruise,,,
8.9,26.700000000000042,3.0,cruise,,,
9.0,27.000000000000043,3.0,cruise,,,
9.1,27.300000000000043,3.0,cruise,,,
9.2,27.600000000000044,3.0,cruise,,,
9.3,27.900000000000045,3.0,cruise,,,
9.4,28.200000000000045,3.0,cruise,,,
9.5,28.500000000000046,3.0,cruise,,,
9.6,28.800000000000047,3.0,cruise,,,
9.7,29.100000000000048,3.0,cruise,,,
9.8,29.40000000000005,3.0,cruise,,,
9.9,29.70000000000005,3.0,cruise,,,
10.0,30.00000000000005,3.0,cruise,,,
10.1,30.30000000000005,3.0,cruise,,,
10.2,30.60000000000005,3.0,cruise,,,
10.3,30.900000000000052,3.0,cruise,,,
10.4,31.200000000000053,3.0,cruise,,,
10.5,31.500000000000053,3.0,cruise,,,
10.6,31.800000000000054,3.0,cruise,,,
10.7,32.10000000000005,3.0,cruise,,,
10.8,32.40000000000005,3.0,cruise,,,
10.9,32.700000000000045,3.0,cruise,,,
11.0,33.00000000000004,3.0,cruise,,,
11.1,33.30000000000004,3.0,cruise,,,
11.2,33.60000000000004,3.0,cruise,,,
11.3,33.900000000000034,3.0,cruise,,,
11.4,34.20000000000003,3.0,cruise,,,
11.5,34.50000000000003,3.0,cruise,,,
11.6,34.800000000000026,3.0,cruise,,,
11.7,35.10000000000002,3.0,cruise,,,
11.8,35.40000000000002,3.0,cruise,,,
11.9,35.70000000000002,3.0,cruise,,,
12.0,36.000000000000014,3.0,cruise,,,
12.1,36.30000000000001,3.0,cruise,,,
12.2,36.60000000000001,3.0,cruise,,,
12.3,36.900000000000006,3.0,cruise,,,
12.4,37.2,3.0,cruise,,,
12.5,37.5,3.0,cruise,,,
12.6,37.8,3.0,cruise,,,
12.7,38.099999999999994,3.0,cruise,,,
12.8,38.39999999999999,3.0,cruise,,,
12.9,38.69999999999999,3.0,cruise,,,
13.0,38.999999999999986,3.0,cruise,,,
13.1,39.29999999999998,3.0,cruise,,,
13.2,39.59999999999998,3.0,cruise,,,
13.3,39.89999999999998,3.0,cruise,,,
13.4,40.199999999999974,2.3625000000000185,cruise,,,
13.5,40.43624999999997,1.488468750000024,cruise,,,
13.6,40.58509687499998,0.9084053906250062,cruise,,,
13.7,40.675937414062474,0.45599484199220797,cruise,,,
13.8,40.7215368982617,0.11901954923291314,cruise,,,
13.9,40.733438853184985,-0.1344759929526802,cruise,,,
14.0,40.71999125388972,-0.32410864508628023,cruise,,,
14.1,40.68758038938109,-0.4656206634748905,cruise,,,
14.2,40.6410183230336,-0.5707331197499634,cruise,,,
14.3,40.5839450110586,-0.6483449406601842,cruise,,,
14.4,40.51911051699258,-0.7051774482504065,cruise,,,
14.5,40.448592772167544,-0.7463141569409473,cruise,,,
14.6,40.37396135647345,-0.7755984374669254,cruise,,,
14.7,40.29640151272676,-0.7959363019661225,cruise,,,
14.8,40.21680788253015,-0.8095249287646595,cruise,,,
14.9,40.135855389653685,-0.8180255408568371,cruise,,,
15.0,40.054052835568,-0.8226941076751544,cruise,,,
15.1,39.971783424800485,-0.824480175969871,cruise,,,
15.2,39.8893354072035,-0.8241015981147868,cruise,,,
15.3,39.806925247392016,-0.8221010365434047,cruise,,,
15.4,39.724715143737676,-0.8188886884095368,cruise,,,
15.5,39.64282627489672,-0.8147745909791624,cruise,,,
15.6,39.5613488157988,-0.8099930486949347,cruise,,,
15.7,39.48034951092931,-0.8047211032023256,cruise,,,
15.8,39.39987740060908,-0.7990924990807606,cruise,,,
15.9,39.319968150701,-0.7932082437422814,cruise,,,
16.0,39.24064732632677,-0.7871445920785369,cruise,,,
16.1,39.16193286711892,-0.780959083882518,cruise,,,
16.2,39.08383695873067,-0.7746951089154415,cruise,,,
16.3,39.006367447839125,-0.768385358681833,cruise,,,
16.4,38.92952891197094,-0.7620544364115993,cruise,,,
16.5,38.85332346832978,-0.7557208305369123,cruise,,,
16.6,38.77775138527609,-0.7493984068889326,cruise,,,
16.7,38.7028115445872,-0.7430975369841413,cruise,,,
16.8,38.628501790888784,-0.7368259511468302,cruise,,,
16.9,38.5548191957741,-0.7305893835727346,cruise,,,
17.0,38.48176025741683,-0.7243920600724607,cruise,,,
17.1,38.409321051409584,-0.7182370668610005,cruise,,,
17.2,38.33749734472349,-0.7121266294025226,cruise,,,
17.3,38.26628468178323,-0.7060623232451029,cruise,,,
17.4,38.195678449458725,-0.7000452334316662,cruise,,,
17.5,38.12567392611556,-0.6940760750270734,cruise,,,
17.6,38.056266318612856,-0.6881552842449743,cruise,,,
17.7,37.98745079018836,-0.6822830873435137,cruise,,,
17.8,37.919222481454014,-0.6764595527120392,cruise,,,
17.9,37.85157652618281,-0.6706846302477167,cruise,,,
18.0,37.784508063158036,-0.6649581811219853,cruise,,,
18.1,37.718012245045834,-0.6592800002803862,cruise,,,
18.2,37.6520842450178,-0.6536498334479646,cruise,,,
18.3,37.586719261673,-0.6480673899802447,cruise,,,
18.4,37.521912522674974,-0.6425323525732161,cruise,,,
18.5,37.457659287417655,-0.6370443845977576,cruise,,,
18.6,37.39395484895788,-0.6316031356387057,cruise,,,
18.7,37.33079453539401,-0.6262082456758016,cruise,,,
18.8,37.26817371082643,-0.6208593482381524,cruise,,,
18.9,37.20608777600262,-0.6155560727824323,cruise,,,
19.0,37.144532168724375,-0.6102980464841643,cruise,,,
19.1,37.08350236407596,-0.6050848955855699,cruise,,,
19.2,37.022993874517404,-0.5999162464076164,cruise,,,
19.3,36.963002249876645,-0.594791726108955,cruise,,,
19.4,36.90352307726575,-0.5897109632527204,cruise,,,
19.5,36.84455198094048,-0.5846735882288421,cruise,,,
19.6,36.7860846221176,-0.5796792335667256,cruise,,,
19.7,36.72811669876093,-0.5747275341650528,cruise,,,
19.8,36.67064394534442,-0.5698181274593992,cruise,,,
19.9,36.613662132598485,-0.5649506535423967,cruise,,,
20.0,36.557167067244244,-0.5601247552483244,cruise,,,
20.1,36.50115459171941,-0.5553400782109321,cruise,,,
20.2,36.44562058389832,-0.5505962709007122,cruise,,,
20.3,36.390560956808244,-0.545892984647228,cruise,,,
20.4,36.335971658343524,-0.5412298736496908,cruise,,,
20.5,36.281848670978555,-0.5366065949788705,cruise,,,
20.6,36.22818801148067,-0.5320228085728544,cruise,,,
20.7,36.17498573062338,-0.5274781772274864,cruise,,,
20.8,36.12223791290064,-0.5229723665835699,cruise,,,
20.9,36.06994067624228,-0.5185050451111515,cruise,,,
21.0,36.01809017173117,-0.514075884091941,cruise,,,
21.1,35.966682583321976,-0.5096845576003055,cruise,,,
21.2,35.91571412756195,-0.5053307424830145,cruise,,,
21.3,35.86518105331365,-0.5010141183385493,cruise,,,
21.4,35.81507964147979,-0.49673436749563393,cruise,,,
21.5,35.765406204730226,-0.49249117499163475,cruise,,,
21.6,35.71615708723106,-0.488284228550512,cruise,,,
21.7,35.66732866437601,-0.4841132185609247,cruise,,,
21.8,35.618917342519914,-0.47997783805407934,cruise,,,
21.9,35.57091955871451,-0.47587778268175285,cruise,,,
22.0,35.523331780446334,-0.4718127506942409,cruise,,,
22.1,35.47615050537691,-0.46778244291850335,cruise,,,
22.2,35.42937226108506,-0.46378656273644303,cruise,,,
22.3,35.38299360481141,-0.45982481606309733,cruise,,,
22.4,35.3370111232051,-0.4558969113253024,cruise,,,
22.5,35.291421432072575,-0.45200255944020995,cruise,,,
22.6,35.24622117612856,-0.44814147379413605,cruise,,,
22.7,35.201407028749145,-0.4443133702215345,cruise,,,
22.8,35.15697569172699,-0.44051796698413703,cruise,,,
22.9,35.11292389502858,-0.43675498475022856,cruise,,,
23.0,35.069248396553554,-0.4330241465740716,cruise,,,
23.1,35.02594598189615,-0.429325177875695,cruise,,,
23.2,34.98301346410858,-0.4256578064204515,cruise,,,
23.3,34.94044768346654,-0.42202176229927524,cruise,,,
23.4,34.89824550723661,-0.418416777908579,cruise,,,
23.5,34.85640382944575,-0.414842587930762,cruise,,,
23.6,34.81491957065268,-0.41129892931451906,cruise,,,
23.7,34.773789677721226,-0.4077855412556346,cruise,,,
23.8,34.73301112359566,-0.40430216517765416,cruise,,,
23.9,34.6925809070779,-0.40084854471301945,cruise,,,
24.0,34.652496052606594,-0.3974244256839654,cruise,,,
24.1,34.6127536100382,-0.3940295560840905,cruise,,,
24.2,34.57335065442979,-0.3906636860595878,cruise,,,
24.3,34.53428428582383,-0.38732656789098563,cruise,,,
24.4,34.49555162903473,-0.3840179559748371,cruise,,,
24.5,34.45714983343724,-0.3807376068057291,cruise,,,
24.6,34.41907607275667,-0.37748527895828765,cruise,,,
24.7,34.38132754486084,-0.3742607330694412,cruise,,,
24.8,34.34390147155389,-0.3710637318207741,cruise,,,
24.9,34.306795098371815,-0.36789403992114345,cruise,,,
25.0,34.2700056943797,-0.364751424089226,cruise,,,
25.1,34.23353055197077,-0.36163565303650813,cruise,,,
25.2,34.19736698666712,-0.3585464974501349,cruise,,,
25.3,34.16151233692211,-0.3554837299761129,cruise,,,
25.4,34.1259639639245,-0.35244712520249877,cruise,,,
25.5,34.090719251404245,-0.34943645964288095,cruise,,,
25.6,34.055775605439955,-0.3464515117199536,cruise,,,
25.7,34.02113045426796,-0.3434920617491173,cruise,,,
25.8,33.98678124809305,-0.3405578919223444,cruise,,,
25.9,33.952725458900815,-0.33764878629216,cruise,,,
26.0,33.9189605802716,-0.33476453075584445,cruise,,,
26.1,33.885484127196015,-0.33190491303942693,cruise,,,
26.2,33.852293635892075,-0.3290697226823731,cruise,,,
26.3,33.81938666362384,-0.3262587510218182,cruise,,,
26.4,33.786760788521654,-0.32347179117738634,cruise,,,
26.5,33.75441360940392,-0.32070863803595095,cruise,,,
26.6,33.72234274560032,-0.31796908823637793,cruise,,,
26.7,33.690545836776685,-0.3152529401548243,cruise,,,
26.8,33.659020542761205,-0.3125599938896464,cruise,,,
26.9,33.62776454337224,-0.3098900512468177,cruise,,,
27.0,33.596775538247556,-0.30724291572539286,cruise,,,
27.1,33.566051246675016,-0.3046183925028618,cruise,,,
27.2,33.53558940742473,-0.3020162884210027,cruise,,,
27.3,33.50538777858263,-0.2994364119715467,cruise,,,
27.4,33.47544413738547,-0.2968785732821271,cruise,,,
27.5,33.44575628005726,-0.2943425841023366,cruise,,,
27.6,33.41632202164703,-0.2918282577897795,cruise,,,
27.7,33.38713919586805,-0.2893354092964451,cruise,,,
27.8,33.35820565493841,-0.2868638551549747,cruise,,,
27.9,33.32951926942291,-0.2844134134652663,cruise,,,
28.0,33.30107792807638,-0.281983903881045,cruise,,,
28.1,33.272879537688276,-0.27957514759657087,cruise,,,
28.2,33.24492202292862,-0.2771869673334919,cruise,,,
28.3,33.21720332619527,-0.27481918732777366,cruise,,,
28.4,33.18972140746249,-0.27247163331687574,cruise,,,
28.5,33.162474244130806,-0.2701441325267169,cruise,,,
28.6,33.13545983087813,-0.2678365136591747,cruise,,,
28.7,33.108676179512216,-0.26554860687936,cruise,,,
28.8,33.08212131882428,-0.2632802438031234,cruise,,,
28.9,33.055793294443966,-0.2610312574847242,cruise,,,
29.0,33.029690168695495,-0.2588014824044631,cruise,,,
29.1,33.00381002045505,-0.25659075445653556,cruise,,,
29.2,32.978150945009396,-0.2543989109370042,cruise,,,
29.3,32.9527110539157,-0.2522257905317389,cruise,,,
29.4,32.92748847486253,-0.2500712333045776,cruise,,,
29.5,32.90248135153207,-0.24793508068556136,cruise,,,
29.6,32.87768784346351,-0.24581717545934367,cruise,,,
29.7,32.85310612591758,-0.24371736175340786,cruise,,,
29.8,32.82873438974224,-0.24163548502683696,cruise,,,
29.9,32.80457084123955,-0.23957139205875322,cruise,,,
30.0,32.780613702033676,3.0,follow,7.070920553050513,52.1,7.030456868329587
30.1,33.08061370203367,3.0,follow,8.750920553050513,50.87,6.218359875293204
30.2,33.38061370203367,3.0,follow,10.970920553050505,49.1,6.222583167053952
30.3,33.68061370203367,3.0,follow,12.930920553050498,47.59,6.311157404491522
30.4,33.980613702033665,3.0,follow,11.900920553050497,49.07,5.356628015992686
30.5,34.28061370203366,3.0,follow,13.260920553050497,48.16,5.0905788479290175
30.6,34.58061370203366,3.0,follow,13.450920553050487,48.42,5.763864607686729
30.7,34.880613702033656,3.0,follow,14.720920553050483,47.6,5.117941839643534
30.8,35.180613702033654,3.0,follow,15.030920553050478,47.74,4.533448985103359
30.9,35.48061370203365,3.0,follow,18.10092055305048,45.12,4.480362501730009
31.0,35.78061370203365,3.0,follow,16.420920553050472,47.25,4.245048949220748
31.1,36.080613702033645,3.0,follow,18.800920553050467,45.32,3.9647914960101414
31.2,36.38061370203364,3.0,follow,17.13092055305046,47.44,4.235482203210574
31.3,36.68061370203364,3.0,follow,21.66092055305046,43.36,3.307244114230462
31.4,36.98061370203364,3.0,follow,19.27092055305046,46.2,3.4813762978361846
31.5,37.280613702033634,3.0,follow,22.11092055305045,43.81,3.4494396119602553
31.6,37.58061370203363,3.0,follow,24.01092055305044,42.36,3.175266216841484
31.7,37.88061370203363,3.0,follow,24.58092055305044,42.24,3.3416099087977353
31.8,38.180613702033625,3.0,follow,25.150920553050447,42.12,3.0388264838388914
31.9,38.48061370203362,-8.0,emergency,24.970920553050433,42.75,2.9400409691113016
32.0,37.680613702033625,3.0,follow,23.960920553050443,42.56,3.675107476603439
32.1,37.98061370203362,3.0,follow,26.09092055305043,40.88,3.1086001707797317
32.2,38.28061370203362,3.0,follow,26.14092055305042,41.28,3.1200366762771585
32.3,38.58061370203362,-8.0,emergency,24.200920553050423,43.67,2.980762505118695
32.4,37.78061370203362,3.0,follow,23.800920553050425,42.87,3.250038320308831
32.5,38.08061370203362,3.0,follow,26.090920553050424,41.03,3.1560048579538895
32.6,38.380613702033614,-8.0,emergency,27.27092055305043,40.3,2.829934217950523
32.7,37.58061370203362,3.0,follow,26.220920553050426,40.15,3.2640647834800425
32.8,37.880613702033614,3.0,follow,26.31092055305043,40.51,3.0388698454160528
32.9,38.18061370203361,-8.0,emergency,28.920920553050415,38.35,2.8618092314817045
33.0,37.380613702033614,3.0,follow,27.02092055305043,39.05,3.043502119763039
33.1,37.68061370203361,3.0,follow,29.33092055305042,37.19,3.293886495585401
33.2,37.98061370203361,3.0,follow,27.540920553050405,39.43,3.035268456472341
33.3,38.280613702033605,-8.0,emergency,27.890920553050407,39.53,2.8094012697034523
33.4,37.48061370203361,3.0,follow,28.170920553050408,38.05,3.2080970644441433
33.5,37.780613702033605,-8.0,emergency,26.400920553050405,40.27,2.9392843908899247
33.6,36.98061370203361,3.0,follow,28.580920553050404,36.89,3.1208193525225747
33.7,37.280613702033605,-8.0,emergency,29.44092055305041,36.48,2.652972499300515
33.8,36.48061370203361,3.0,follow,26.430920553050406,38.29,3.0679581080024114
33.9,36.780613702033605,3.0,follow,26.070920553050406,39.1,3.361817441599267
34.0,37.0806137020336,3.0,follow,25.91092055305041,39.71,3.443875670988486
34.1,37.3806137020336,3.0,follow,28.8909205530504,37.18,3.0349499955115005
34.2,37.6806137020336,3.0,follow,27.69092055305039,38.83,3.0405743142803465
34.3,37.980613702033594,-8.0,emergency,29.48092055305039,37.49,2.837869674005298
34.4,37.1806137020336,-8.0,emergency,28.500920553050385,37.27,2.804234690403899
34.5,36.3806137020336,3.0,follow,26.1809205530504,38.39,3.2204717776779272
34.6,36.6806137020336,3.0,follow,26.94092055305039,38.08,3.165258310435413
34.7,36.980613702033594,3.0,follow,29.920920553050394,35.55,3.176769473647342
34.8,37.28061370203359,3.0,follow,26.990920553050394,38.93,3.2386033662668994
34.9,37.58061370203359,-8.0,emergency,27.570920553050385,38.8,2.7912436696463088
35.0,36.78061370203359,3.0,follow,28.620920553050397,36.55,3.1670759409925884
35.1,37.08061370203359,3.0,follow,27.930920553050385,37.69,3.0467364762836455
35.2,37.380613702033585,-8.0,emergency,28.270920553050374,37.8,2.932366206431023
35.3,36.58061370203359,3.0,follow,27.330920553050383,37.54,3.375712978244644
35.4,36.880613702033585,3.0,follow,28.68092055305037,36.64,3.2977476296645745
35.5,37.18061370203358,3.0,follow,29.270920553050374,36.5,3.179272549997452
35.6,37.48061370203358,-8.0,emergency,29.000920553050378,37.22,2.8389212622614934
35.7,36.68061370203358,3.0,follow,26.46092055305037,38.56,3.2374486289834405
35.8,36.98061370203358,3.0,follow,27.610920553050377,37.86,3.2274526262369987
35.9,37.28061370203358,3.0,follow,29.080920553050362,36.84,3.1894409206598286
36.0,37.580613702033574,-8.0,emergency,28.260920553050354,38.11,2.944991704219649
36.1,36.78061370203358,-8.0,emergency,31.100920553050365,34.07,2.858074328353404
36.2,35.98061370203358,3.0,follow,25.44092055305037,38.53,3.262319890571463
36.3,36.28061370203358,-8.0,emergency,29.110920553050363,35.31,2.898868715794257
36.4,35.48061370203358,3.0,follow,26.380920553050366,36.84,3.7322907280233335
36.5,35.78061370203358,3.0,follow,27.670920553050365,36.0,3.688292672877687
36.6,36.080613702033574,3.0,follow,28.320920553050357,35.8,3.216354547769392
36.7,36.38061370203357,3.0,follow,26.02092055305036,38.55,3.6263193340028543
36.8,36.68061370203357,3.0,follow,28.290920553050363,36.73,3.218932912736681
36.9,36.980613702033565,3.0,follow,27.830920553050348,37.64,3.0207179919121616
37.0,37.28061370203356,3.0,follow,28.720920553050334,37.2,3.09726054995021
37.1,37.58061370203356,3.0,follow,28.59092055305034,37.78,3.3051593715636423
37.2,37.88061370203356,-8.0,emergency,29.48092055305034,37.34,2.8921940398633845
37.3,37.08061370203356,3.0,follow,29.80092055305034,35.82,3.283041722329858
37.4,37.38061370203356,-8.0,emergency,27.710920553050343,38.36,2.674920390231305
37.5,36.58061370203356,3.0,follow,28.170920553050337,36.7,3.348352655945801
37.6,36.88061370203356,3.0,follow,29.810920553050344,35.51,3.006617682693819
37.7,37.180613702033554,-8.0,emergency,29.000920553050328,36.77,2.9651758278681126
37.8,36.38061370203356,3.0,follow,25.640920553050343,38.93,3.441899884972705
37.9,36.680613702033554,-8.0,emergency,26.82092055305033,38.2,2.900396356936799
38.0,35.88061370203356,3.0,follow,26.960920553050336,36.86,3.3385825276371004
38.1,36.180613702033554,3.0,follow,27.41092055305033,36.86,3.3783617500021945
38.2,36.48061370203355,3.0,follow,27.83092055305032,36.89,3.557166534200991
38.3,36.78061370203355,3.0,follow,25.600920553050322,39.57,3.251274008753427
38.4,37.080613702033546,-8.0,emergency,27.940920553050326,37.68,2.9691235494751647
38.5,36.28061370203355,3.0,follow,26.690920553050326,37.73,3.235678752776116
38.6,36.580613702033546,3.0,follow,26.470920553050327,38.4,3.5259720940087864
38.7,36.88061370203354,3.0,follow,27.80092055305031,37.52,3.225969064163816
38.8,37.18061370203354,-8.0,emergency,28.810920553050302,36.96,2.9378535002649167
38.9,36.38061370203354,3.0,follow,27.540920553050313,37.03,3.366175833731416
39.0,36.68061370203354,3.0,follow,27.8509205530503,37.17,3.201381163296292
39.1,36.98061370203354,3.0,follow,28.260920553050305,37.21,3.307375133969299
39.2,37.280613702033534,-8.0,emergency,27.860920553050306,38.06,2.9709739818287098
39.3,36.48061370203354,3.0,follow,27.410920553050303,37.31,3.180566758713758
39.4,36.780613702033534,3.0,follow,27.100920553050308,38.07,3.153940714181447
39.5,37.08061370203353,-8.0,emergency,28.4609205530503,37.16,2.8192920936804993
39.6,36.280613702033534,3.0,follow,27.080920553050305,37.34,3.3759428731459002
39.7,36.58061370203353,3.0,follow,29.850920553050294,35.02,3.0771627011417224
39.8,36.88061370203353,3.0,follow,27.050920553050283,38.27,3.2212140685501436
39.9,37.180613702033526,3.0,follow,28.130920553050288,37.64,3.045156244451487
40.0,37.48061370203352,-8.0,emergency,27.850920553050294,38.37,2.833697263975385
40.1,36.680613702033526,-8.0,emergency,31.01092055305029,34.01,2.834021729591791
40.2,35.88061370203353,3.0,follow,24.240920553050294,39.58,3.552766576295105
40.3,36.180613702033526,3.0,follow,27.180920553050285,37.09,3.1483928544060196
40.4,36.48061370203352,3.0,follow,26.23092055305029,38.49,3.317927912145968
40.5,36.78061370203352,3.0,follow,29.080920553050277,36.09,3.1435601734084577
40.6,37.08061370203352,3.0,follow,27.69092055305027,37.93,3.5546221669304376
40.7,37.380613702033514,-8.0,emergency,30.00092055305027,36.07,2.9443422898897413
40.8,36.58061370203352,3.0,follow,28.32092055305027,36.55,3.2087823321999664
40.9,36.880613702033514,3.0,follow,25.93092055305027,39.39,3.29882541910654
41.0,37.18061370203351,-8.0,emergency,28.730920553050275,37.04,2.719407569313125
41.1,36.380613702033514,3.0,follow,27.08092055305027,37.49,3.288419464060339
41.2,36.68061370203351,3.0,follow,26.800920553050275,38.22,3.2861550541668807
41.3,36.98061370203351,3.0,follow,27.670920553050266,37.8,3.7312645720971913
41.4,37.280613702033506,3.0,follow,28.50092055305025,37.42,3.012733581262059
41.5,37.5806137020335,3.0,follow,28.710920553050258,37.66,3.049241188217178
41.6,37.8806137020335,3.0,follow,26.88092055305026,39.94,3.0935787346583843
41.7,38.1806137020335,-8.0,emergency,30.080920553050248,37.19,2.644977010827162
41.8,37.3806137020335,3.0,follow,28.60092055305026,37.47,3.252430900741527
41.9,37.6806137020335,3.0,follow,28.100920553050244,38.42,3.1698064920222815
42.0,37.980613702033494,3.0,follow,28.480920553050233,38.49,3.106383664731892
42.1,38.28061370203349,-8.0,emergency,28.84092055305024,38.58,2.763488828172394
42.2,37.480613702033494,3.0,follow,28.260920553050234,37.96,3.3209065575584065
42.3,37.78061370203349,-8.0,emergency,30.70092055305024,35.97,2.6007522713696636
42.4,36.980613702033494,3.0,follow,26.390920553050236,39.08,3.3863017174826653
42.5,37.28061370203349,3.0,follow,29.95092055305024,35.97,3.380444117910783
42.6,37.58061370203349,-8.0,emergency,28.780920553050237,37.59,2.821942054686386
42.7,36.78061370203349,-8.0,emergency,28.76092055305024,36.41,2.9842761101379263
42.8,35.980613702033494,3.0,follow,26.790920553050242,37.18,3.4076909892860088
42.9,36.28061370203349,3.0,follow,26.80092055305024,37.62,3.226245287024598
43.0,36.58061370203349,-8.0,emergency,27.26092055305024,37.61,2.951977108763386
43.1,35.78061370203349,3.0,follow,25.95092055305024,37.72,3.515176396001649
43.2,36.08061370203349,3.0,follow,25.070920553050243,39.05,3.2868672426674546
43.3,36.380613702033486,3.0,follow,26.81092055305023,37.76,3.426306467219031
43.4,36.68061370203348,-8.0,emergency,28.04092055305022,36.98,2.9893423956744534
43.5,35.880613702033486,3.0,follow,25.49092055305023,38.33,3.9431666739294067
43.6,36.18061370203348,3.0,follow,25.69092055305022,38.58,3.2776540779122625
43.7,36.48061370203348,3.0,follow,28.840920553050218,35.88,3.0612731476488273
43.8,36.78061370203348,3.0,follow,27.25092055305022,37.92,3.3946210129079226
43.9,37.080613702033475,-8.0,emergency,27.59092055305021,38.03,2.925246520789367
44.0,36.28061370203348,3.0,follow,27.50092055305022,36.92,3.3229487578389003
44.1,36.580613702033475,3.0,follow,26.080920553050213,38.79,3.6592221064106
44.2,36.88061370203347,-8.0,emergency,28.240920553050202,37.08,2.8325639151845157
44.3,36.080613702033475,3.0,follow,26.73092055305021,37.39,3.417541375494367
44.4,36.38061370203347,3.0,follow,27.510920553050198,37.06,3.311703985748856
44.5,36.68061370203347,3.0,follow,27.7509205530502,37.27,3.360499337666637
44.6,36.980613702033466,-8.0,emergency,29.450920553050203,36.02,2.7899525794290265
44.7,36.18061370203347,-8.0,emergency,28.630920553050203,35.64,2.928365066261635
44.8,35.38061370203347,3.0,follow,24.040920553050206,39.03,3.9066669139710513
44.9,35.68061370203347,3.0,follow,27.220920553050206,36.3,3.470159689860599
45.0,35.980613702033466,3.0,follow,27.8309205530502,36.14,3.3492070977565906
45.1,36.28061370203346,3.0,follow,29.58092055305019,34.84,3.1613484459192613
45.2,36.58061370203346,3.0,follow,28.330920553050184,36.54,3.0221790969845075
45.3,36.88061370203346,3.0,follow,29.550920553050183,35.77,3.0544940606988704
45.4,37.180613702033455,3.0,follow,26.69092055305019,39.08,3.2673908691956086
45.5,37.48061370203345,-8.0,emergency,27.840920553050175,38.38,2.9476337197536346
45.6,36.680613702033455,3.0,follow,28.540920553050192,36.48,3.548426296066783
45.7,36.98061370203345,3.0,follow,25.700920553050175,39.77,3.422366582329536
45.8,37.28061370203345,-8.0,emergency,27.570920553050165,38.35,2.911785347867202
45.9,36.48061370203345,3.0,follow,27.830920553050177,36.89,3.3565004648625503
46.0,36.78061370203345,-8.0,emergency,30.710920553050165,34.46,2.754461197566906
46.1,35.98061370203345,3.0,follow,24.160920553050175,39.81,3.831342511771865
46.2,36.28061370203345,3.0,follow,28.720920553050163,35.7,3.429192651056385
46.3,36.580613702033446,-8.0,emergency,29.460920553050173,35.41,2.9023130200490077
46.4,35.78061370203345,3.0,follow,25.280920553050173,38.39,3.815870595671576
46.5,36.080613702033446,3.0,follow,24.140920553050172,39.98,3.711951900424387
46.6,36.38061370203344,3.0,follow,25.770920553050175,38.8,3.6057423000574707
46.7,36.68061370203344,3.0,follow,27.140920553050158,37.88,3.691786972985152
46.8,36.98061370203344,3.0,follow,27.560920553050153,37.91,3.1174413503210676
46.9,37.280613702033435,-8.0,emergency,27.72092055305015,38.2,2.9726206767817924
47.0,36.48061370203344,3.0,follow,26.620920553050148,38.1,3.135644086324945
47.1,36.780613702033435,3.0,follow,27.61092055305015,37.56,3.0313268497617676
47.2,37.08061370203343,3.0,follow,28.250920553050157,37.37,3.0780981025482177
47.3,37.38061370203343,3.0,follow,28.890920553050144,37.18,3.0675014412646826
47.4,37.680613702033426,-8.0,emergency,30.110920553050136,36.41,2.9196638489461892
47.5,36.88061370203343,3.0,follow,28.380920553050146,36.94,3.2804606371790745
47.6,37.180613702033426,-8.0,emergency,30.410920553050133,35.36,2.90535883117317
47.7,36.38061370203343,3.0,follow,27.430920553050143,37.14,3.609114196237016
47.8,36.680613702033426,3.0,follow,28.870920553050134,36.15,3.042772108128787
47.9,36.98061370203342,3.0,follow,29.450920553050132,36.02,3.6235187363363544
48.0,37.28061370203342,3.0,follow,28.470920553050135,37.45,3.1708767168934053
48.1,37.58061370203342,-8.0,emergency,27.560920553050124,38.81,2.9355672039665426
48.2,36.78061370203342,3.0,follow,26.890920553050137,38.28,3.0427768395601205
48.3,37.08061370203342,3.0,follow,30.130920553050125,35.49,3.0279984395222255
48.4,37.380613702033415,-8.0,emergency,29.930920553050115,36.14,2.879540463757935
48.5,36.58061370203342,3.0,follow,26.57092055305013,38.3,3.4690100599159672
48.6,36.880613702033415,3.0,follow,29.170920553050117,36.15,3.1351323471728985
48.7,37.18061370203341,3.0,follow,28.770920553050118,37.0,3.025195701655472
48.8,37.48061370203341,-8.0,emergency,28.36092055305012,37.86,2.8855357576858256
48.9,36.68061370203341,-8.0,emergency,28.850920553050116,36.17,2.8212378003607785
49.0,35.880613702033415,3.0,follow,26.450920553050125,37.37,3.3334481941181973
49.1,36.18061370203341,3.0,follow,28.51092055305012,35.76,3.392591836763875
49.2,36.48061370203341,3.0,follow,28.140920553050123,36.58,3.231273583112327
49.3,36.780613702033406,-8.0,emergency,27.56092055305011,37.61,2.958944460249253
49.4,35.98061370203341,3.0,follow,28.500920553050115,35.47,3.268939524900136
49.5,36.280613702033406,3.0,follow,26.680920553050107,37.74,3.4338391852511028
49.6,36.5806137020334,3.0,follow,27.6409205530501,37.23,3.0415141680204623
49.7,36.8806137020334,3.0,follow,27.450920553050103,37.87,3.2200700541207565
49.8,37.1806137020334,3.0,follow,28.270920553050104,37.5,3.0888059632207248
49.9,37.480613702033395,-8.0,emergency,27.45092055305009,38.77,2.9061631545549234
50.0,36.6806137020334,3.0,follow,27.630920553050103,37.39,3.2767737981820395
50.1,36.980613702033395,3.0,follow,28.70092055305009,36.77,3.180626993317192
50.2,37.28061370203339,3.0,follow,28.53092055305008,37.39,3.259633788676179
50.3,37.58061370203339,3.0,follow,28.510920553050084,37.86,3.211028785844347
50.4,37.880613702033386,-8.0,emergency,29.52092055305009,37.3,2.6814057811516725
50.5,37.08061370203339,-8.0,emergency,28.320920553050087,37.3,2.9184827011918517
50.6,36.28061370203339,3.0,follow,27.950920553050082,36.47,3.3487552674089125
50.7,36.58061370203339,3.0,follow,28.360920553050086,36.51,3.2625556535264866
50.8,36.880613702033386,3.0,follow,29.640920553050087,35.68,3.105143112911893
50.9,37.180613702033384,3.0,follow,26.560920553050074,39.21,4.220388583309447
51.0,37.48061370203338,-8.0,emergency,30.360920553050065,35.86,2.975782054481516
51.1,36.680613702033384,3.0,follow,28.54092055305008,36.48,3.368230185621993
51.2,36.98061370203338,3.0,follow,29.02092055305006,36.45,3.236946134953378
51.3,37.28061370203338,3.0,follow,27.670920553050067,38.25,3.244105944494094
51.4,37.580613702033375,-8.0,emergency,29.450920553050068,36.92,2.879737340042031
51.5,36.78061370203338,3.0,follow,26.530920553050066,38.64,3.4467336960323136
51.6,37.080613702033375,-8.0,emergency,29.12092055305007,36.5,2.8829566132436275
51.7,36.28061370203338,3.0,follow,26.860920553050065,37.56,3.2773114055258654
51.8,36.580613702033375,3.0,follow,28.55092055305007,36.32,3.041719706066284
51.9,36.88061370203337,3.0,follow,25.67092055305006,39.65,3.3543097676205624
52.0,37.18061370203337,3.0,follow,29.850920553050045,35.92,3.4404107866766847
52.1,37.48061370203337,-8.0,emergency,28.62092055305005,37.6,2.7088139477933884
52.2,36.68061370203337,3.0,follow,27.060920553050046,37.96,3.3982018367612343
52.3,36.98061370203337,-8.0,emergency,27.76092055305005,37.71,2.858851062720979
52.4,36.18061370203337,3.0,follow,27.230920553050048,37.04,3.212318178126821
52.5,36.48061370203337,3.0,follow,27.62092055305005,37.1,3.4800998363653006
52.6,36.780613702033364,3.0,follow,27.870920553050055,37.3,3.1797142883952
52.7,37.08061370203336,-8.0,emergency,28.530920553050038,37.09,2.877287370278534
52.8,36.280613702033364,3.0,follow,26.090920553050054,38.33,3.2426404386606875
52.9,36.58061370203336,3.0,follow,25.150920553050042,39.72,3.5878769749417376
53.0,36.88061370203336,-8.0,emergency,28.690920553050027,36.63,2.946757165658538
53.1,36.08061370203336,3.0,follow,28.400920553050042,35.72,3.270878448282547
53.2,36.38061370203336,3.0,follow,27.42092055305003,37.15,3.2729507826827833
53.3,36.680613702033355,3.0,follow,24.89092055305003,40.13,3.29728647893043
53.4,36.98061370203335,3.0,follow,29.120920553050034,36.35,3.5050963274114535
53.5,37.28061370203335,3.0,follow,26.840920553050026,39.08,3.311692170150962
53.6,37.58061370203335,-8.0,emergency,27.250920553050015,39.12,2.774347331730589
53.7,36.78061370203335,3.0,follow,28.54092055305002,36.63,3.1467413091460616
53.8,37.08061370203335,3.0,follow,27.730920553050012,37.89,3.011776762041109
53.9,37.380613702033344,3.0,follow,27.000920553050015,39.07,3.3277647141421163
54.0,37.68061370203334,-8.0,emergency,29.69092055305002,36.83,2.775304957777262
54.1,36.880613702033344,3.0,follow,28.300920553050013,37.02,3.092573273307762
54.2,37.18061370203334,3.0,follow,29.170920553050017,36.6,3.101533608687955
54.3,37.48061370203334,3.0,follow,30.10092055305001,36.12,3.053096053148284
54.4,37.780613702033335,-8.0,emergency,30.150920553049993,36.52,2.669470887447986
54.5,36.98061370203334,-8.0,emergency,29.590920553050005,35.88,2.933622210145919
54.6,36.18061370203334,3.0,follow,26.98092055305002,37.29,3.2311973143533845
54.7,36.48061370203334,3.0,follow,28.330920553050007,36.39,3.039944392643693
54.8,36.780613702033335,3.0,follow,27.660920553049998,37.51,3.585831679522665
54.9,37.08061370203333,3.0,follow,30.11092055305,35.51,3.014274204905894
55.0,37.38061370203333,-8.0,emergency,28.450920553050004,37.62,2.8220756253901342
55.1,36.58061370203333,3.0,follow,26.69092055305,38.18,3.5057712122202633
55.2,36.88061370203333,3.0,follow,30.30092055305,35.02,3.403101215730251
55.3,37.18061370203333,3.0,follow,28.10092055304999,37.67,3.3013123556437067
55.4,37.480613702033324,-8.0,emergency,27.60092055304998,38.62,2.8354082161683136
55.5,36.68061370203333,-8.0,emergency,29.12092055304999,35.9,2.981575598089114
55.6,35.88061370203333,3.0,follow,24.700920553049997,39.12,3.939333577338733
55.7,36.18061370203333,3.0,follow,26.55092055304999,37.72,3.2210096720593415
55.8,36.480613702033324,3.0,follow,28.260920553049978,36.46,3.269775186755101
55.9,36.78061370203332,3.0,follow,27.980920553049984,37.19,3.320353776083595
56.0,37.08061370203332,-8.0,emergency,27.750920553049987,37.87,2.963081498502307
56.1,36.28061370203332,3.0,follow,27.090920553049983,37.33,3.2975244083538575
56.2,36.58061370203332,-8.0,emergency,27.020920553049983,37.85,2.7015233454411027
56.3,35.78061370203332,3.0,follow,27.450920553049983,36.22,3.13576411906356
56.4,36.08061370203332,3.0,follow,26.680920553049987,37.44,3.321913161946584
56.5,36.380613702033315,-8.0,emergency,28.90092055304997,35.67,2.895147990405157
56.6,35.58061370203332,3.0,follow,26.240920553049975,37.13,3.966620264645105
56.7,35.880613702033315,3.0,follow,27.58092055304997,36.24,3.0324802477578214
56.8,36.18061370203331,3.0,follow,27.840920553049962,36.43,3.1649050991577248
56.9,36.48061370203331,3.0,follow,26.090920553049962,38.63,3.394368793406827
57.0,36.78061370203331,3.0,follow,26.70092055304997,38.47,3.595120903457155
57.1,37.080613702033304,-8.0,emergency,27.690920553049956,37.93,2.882084442166998
57.2,36.28061370203331,3.0,follow,28.390920553049966,36.03,3.460891070519978
57.3,36.580613702033304,3.0,follow,27.970920553049957,36.9,3.1891134688487237
57.4,36.8806137020333,3.0,follow,26.710920553049945,38.61,3.059280706276555
57.5,37.1806137020333,3.0,follow,28.36092055304995,37.41,3.162135197903591
57.6,37.480613702033295,3.0,follow,26.380920553049947,39.84,3.2309827363605153
57.7,37.78061370203329,-8.0,emergency,28.98092055304994,37.69,2.848696277347117
57.8,36.980613702033295,3.0,follow,28.01092055304995,37.46,3.139821717102098
57.9,37.28061370203329,-8.0,emergency,29.02092055304994,36.9,2.935417544016283
58.0,36.480613702033295,3.0,follow,27.32092055304995,37.4,3.283405177134913
58.1,36.78061370203329,3.0,follow,28.09092055304994,37.08,3.2870552063418725
58.2,37.08061370203329,3.0,follow,27.58092055304993,38.04,3.492916105627536
58.3,37.38061370203329,-8.0,emergency,27.75092055304993,38.32,2.8789055754917117
58.4,36.58061370203329,3.0,follow,28.50092055304993,36.37,3.6440644920051923
58.5,36.88061370203329,-8.0,emergency,29.560920553049932,35.76,2.6805363530277244
58.6,36.08061370203329,3.0,follow,28.920920553049925,35.2,3.145493262233179
58.7,36.38061370203329,3.0,follow,26.75092055304993,37.82,3.456844472350874
58.8,36.680613702033284,3.0,follow,29.00092055304993,36.02,3.1401981564085877
58.9,36.98061370203328,-8.0,emergency,30.63092055304992,34.84,2.798255638941747
59.0,36.180613702033284,3.0,follow,26.590920553049934,37.68,3.322571510679732
59.1,36.48061370203328,3.0,follow,24.680920553049923,40.04,3.3787279719640253
59.2,36.78061370203328,3.0,follow,27.93092055304991,37.24,3.047310135807989
59.3,37.080613702033276,3.0,follow,27.430920553049916,38.19,3.338107639558943
59.4,37.38061370203327,3.0,follow,28.730920553049913,37.34,3.083245896426448
59.5,37.68061370203327,-8.0,emergency,29.380920553049904,37.14,2.813505556509042
59.6,36.88061370203327,3.0,follow,27.040920553049915,38.28,3.4146212702929146
59.7,37.18061370203327,3.0,follow,28.840920553049905,36.93,3.090217868369116
59.8,37.48061370203327,3.0,follow,28.670920553049896,37.55,3.163273689343308
59.9,37.780613702033264,3.0,follow,29.060920553049897,37.61,3.0550873344184453
60.0,38.08061370203326,-8.0,emergency,30.6209205530499,36.5,2.664114235596845
60.1,37.280613702033264,3.0,follow,27.560920553049897,38.36,3.027477666203677
60.2,37.58061370203326,3.0,follow,29.320920553049902,37.05,3.100259193692819
60.3,37.88061370203326,-8.0,emergency,30.41092055304989,36.41,2.955209933575897
60.4,37.08061370203326,3.0,follow,27.780920553049896,37.84,3.1610743560768912
60.5,37.38061370203326,-8.0,emergency,29.830920553049886,36.24,2.989947612464596
60.6,36.58061370203326,3.0,follow,27.600920553049896,37.27,3.5800002830496855
60.7,36.88061370203326,3.0,follow,28.10092055304989,37.22,3.0758770519007603
60.8,37.180613702033256,3.0,follow,27.340920553049877,38.43,3.3415608067251013
60.9,37.48061370203325,3.0,follow,28.47092055304988,37.75,3.061485901044424
61.0,37.78061370203325,-8.0,emergency,29.480920553049884,37.19,2.946766367946789
61.1,36.98061370203325,3.0,follow,27.350920553049882,38.12,3.539259791000005
61.2,37.28061370203325,3.0,follow,27.170920553049882,38.75,3.4442565557998823
61.3,37.58061370203325,3.0,follow,28.55092055304987,37.82,3.2799641872774754
61.4,37.880613702033244,3.0,follow,29.620920553049856,37.2,3.2601226341902514
61.5,38.18061370203324,-8.0,emergency,31.53092055304986,35.74,2.822927927598036
61.6,37.380613702033244,3.0,follow,30.07092055304986,36.0,3.177233020797445
61.7,37.68061370203324,-8.0,emergency,29.68092055304986,36.84,2.9828477263389064
61.8,36.880613702033244,3.0,follow,28.82092055304986,36.5,3.308972735875254
61.9,37.18061370203324,3.0,follow,28.800920553049863,36.97,3.1732233979698488
62.0,37.48061370203324,3.0,follow,29.000920553049866,37.22,3.170192031235491
62.1,37.780613702033236,3.0,follow,28.920920553049854,37.75,3.2485375530033287
62.2,38.08061370203323,-8.0,emergency,30.050920553049842,37.07,2.8557971796197514
62.3,37.280613702033236,3.0,follow,28.230920553049856,37.69,3.810683657804973
62.4,37.58061370203323,-8.0,emergency,29.150920553049843,37.22,2.9632310078905664
62.5,36.780613702033236,-8.0,emergency,30.230920553049856,34.94,2.9384522006652554
62.6,35.98061370203324,3.0,follow,27.89092055304986,36.08,3.9172199776476733
62.7,36.280613702033236,3.0,follow,27.450920553049855,36.97,3.7876716698970236
62.8,36.58061370203323,3.0,follow,29.09092055304984,35.78,3.5214408350983857
62.9,36.88061370203323,3.0,follow,27.530920553049846,37.79,3.626465876249358
63.0,37.18061370203323,3.0,follow,26.960920553049846,38.81,3.4680850428201797
63.1,37.480613702033224,3.0,follow,27.750920553049838,38.47,3.166095223121332
63.2,37.78061370203322,3.0,follow,29.810920553049826,36.86,3.163781835249359
63.3,38.08061370203322,3.0,follow,28.350920553049825,38.77,3.098968677587665
63.4,38.380613702033216,3.0,follow,30.300920553049828,37.27,3.243516923156614
63.5,38.68061370203321,-8.0,emergency,31.31092055304982,36.71,2.9064304289577483
63.6,37.880613702033216,-8.0,emergency,30.410920553049834,36.41,2.9528132889278895
63.7,37.08061370203322,3.0,follow,28.870920553049828,36.75,3.310627771261761
63.8,37.380613702033216,3.0,follow,29.43092055304983,36.64,3.3986933409078306
63.9,37.68061370203321,3.0,follow,29.26092055304982,37.26,3.1521206038220386
64.0,37.98061370203321,3.0,follow,29.730920553049806,37.24,3.027491221339995
64.1,38.28061370203321,3.0,follow,30.36092055304981,37.06,3.1619504696730254
64.2,38.580613702033205,3.0,follow,30.320920553049817,37.55,3.131616190223256
64.3,38.8806137020332,-8.0,emergency,29.950920553049805,38.37,2.9858496169664774
64.4,38.080613702033205,3.0,follow,29.020920553049812,38.1,3.1801375912432714
64.5,38.3806137020332,3.0,follow,32.1809205530498,35.39,3.024627673491205
64.6,38.6806137020332,-8.0,emergency,33.82092055304979,34.2,2.571309923449022
64.7,37.8806137020332,3.0,follow,28.750920553049802,38.07,3.062600199197978
64.8,38.1806137020332,-8.0,emergency,31.77092055304979,35.5,2.9216631250534846
64.9,37.3806137020332,3.0,follow,29.3009205530498,36.77,3.367026890911283
65.0,37.6806137020332,3.0,follow,30.81092055304979,35.71,3.318583957089052
65.1,37.980613702033196,3.0,follow,31.95092055304979,35.02,3.4671160617647097
65.2,38.28061370203319,3.0,follow,29.810920553049797,37.61,3.4629718938405034
65.3,38.58061370203319,3.0,follow,30.030920553049782,37.84,3.1690163457475213
65.4,38.88061370203319,3.0,follow,31.960920553049775,36.36,3.004806276386682
65.5,39.180613702033185,-8.0,emergency,34.65092055304978,34.12,2.5925842648757933
65.6,38.38061370203319,3.0,follow,31.200920553049777,36.37,3.156949876166868
65.7,38.680613702033185,3.0,follow,30.61092055304978,37.41,3.11474508531293
65.8,38.98061370203318,-8.0,emergency,33.14092055304978,35.33,2.996451320757602
65.9,38.180613702033185,3.0,follow,30.100920553049775,37.17,3.12862625889763
66.0,38.48061370203318,3.0,follow,30.770920553049777,36.95,3.3406826235336102
66.1,38.78061370203318,3.0,follow,30.570920553049767,37.6,3.577336306511449
66.2,39.080613702033176,3.0,follow,31.54092055304976,37.08,3.064307390770579
66.3,39.38061370203317,3.0,follow,33.20092055304976,35.87,3.001519494676444
66.4,39.68061370203317,3.0,follow,31.24092055304976,38.28,3.1924971441210817
66.5,39.98061370203317,-8.0,emergency,33.21092055304975,36.76,2.79743403417394
66.6,39.18061370203317,3.0,follow,31.870920553049764,36.9,3.12695601531659
66.7,39.48061370203317,-8.0,emergency,33.32092055304975,35.9,2.9328594851446868
66.8,38.68061370203317,3.0,follow,31.590920553049763,36.43,3.2151833041014353
66.9,38.98061370203317,-8.0,emergency,32.52092055304975,35.95,2.920244341195002
67.0,38.18061370203317,3.0,follow,30.540920553049766,36.73,3.3913129034511575
67.1,38.48061370203317,3.0,follow,28.91092055304975,38.81,3.626894781990487
67.2,38.780613702033165,3.0,follow,32.78092055304974,35.39,3.4728036048446445
67.3,39.08061370203316,3.0,follow,33.500920553049745,35.12,3.23370308193775
67.4,39.38061370203316,3.0,follow,30.550920553049743,38.52,3.79858666663112
67.5,39.680613702033156,-8.0,emergency,32.86092055304974,36.66,2.8616895999433454
67.6,38.88061370203316,3.0,follow,32.180920553049745,36.14,3.3996155831613035
67.7,39.180613702033156,3.0,follow,30.740920553049733,38.03,3.3183214257761198
67.8,39.48061370203315,3.0,follow,33.01092055304972,36.21,3.5956100662156842
67.9,39.78061370203315,3.0,follow,30.780920553049725,38.89,3.033396130938151
68.0,40.08061370203315,-8.0,emergency,32.51092055304973,37.61,2.868668153510432
68.1,39.28061370203315,3.0,follow,32.600920553049725,36.32,3.0064697784258585
68.2,39.58061370203315,-8.0,emergency,30.12092055304973,39.25,2.88166163864857
68.3,38.78061370203315,3.0,follow,31.990920553049726,36.18,3.159655974908658
68.4,39.08061370203315,3.0,follow,30.960920553049732,37.66,3.1618857719792746
68.5,39.380613702033145,3.0,follow,31.900920553049716,37.17,3.2546412101639377
68.6,39.68061370203314,3.0,follow,31.250920553049703,38.27,3.3218716458868998
68.7,39.98061370203314,3.0,follow,31.40092055304971,38.57,3.6696239718656143
68.8,40.280613702033136,3.0,follow,33.550920553049714,36.87,3.1920381852533213
68.9,40.58061370203313,-8.0,emergency,34.8809205530497,35.99,2.749298147451277
69.0,39.780613702033136,-8.0,emergency,32.34092055304971,37.33,2.979103888099517
69.1,38.98061370203314,3.0,follow,32.40092055304971,36.07,3.422001889040161
69.2,39.280613702033136,3.0,follow,29.90092055304971,39.02,3.1670500304348446
69.3,39.58061370203313,3.0,follow,32.4209205530497,36.95,3.7170743283629157
69.4,39.88061370203313,3.0,follow,33.43092055304969,36.39,3.3849230386836435
69.5,40.18061370203313,-8.0,emergency,33.28092055304969,36.99,2.9805133644551547
69.6,39.38061370203313,-8.0,emergency,33.77092055304969,35.3,2.7947968984529874
69.7,38.58061370203313,3.0,follow,32.1609205530497,35.71,3.8812628327291767
69.8,38.88061370203313,3.0,follow,30.230920553049685,38.09,3.556285480893557
69.9,39.18061370203313,3.0,follow,32.720920553049694,36.05,3.667115918973023
70.0,39.480613702033125,-8.0,emergency,33.6009205530497,35.62,2.8471824682918085
70.1,38.68061370203313,3.0,follow,30.67092055304969,37.35,3.451745069966056
70.2,38.980613702033125,3.0,follow,30.410920553049692,38.06,3.597144841672705
70.3,39.28061370203312,3.0,follow,31.380920553049684,37.54,3.47251331281405
70.4,39.58061370203312,3.0,follow,31.53092055304967,37.84,3.293122628716053
70.5,39.880613702033116,3.0,follow,33.90092055304967,35.92,3.310411833504823
70.6,40.180613702033114,-8.0,emergency,35.100920553049676,35.17,2.800022422018061
70.7,39.380613702033116,3.0,follow,30.690920553049672,38.38,3.5112392630672917
70.8,39.680613702033114,3.0,follow,33.15092055304968,36.37,3.3122010287335684
70.9,39.98061370203311,3.0,follow,33.52092055304966,36.45,3.340783662169968
71.0,40.28061370203311,3.0,follow,32.25092055304965,38.17,3.4698064157043818
71.1,40.580613702033105,-8.0,emergency,33.55092055304966,37.32,2.9041414570026003
71.2,39.78061370203311,3.0,follow,32.47092055304965,37.2,3.0071264769900776
71.3,40.080613702033105,3.0,follow,31.04092055304966,39.08,3.827389923900315
71.4,40.3806137020331,3.0,follow,34.58092055304966,35.99,3.1876035218102694
71.5,40.6806137020331,3.0,follow,33.31092055304965,37.71,3.0166518939679614
71.6,40.9806137020331,3.0,follow,34.730920553049636,36.74,3.411133387233528
71.7,41.280613702033094,3.0,follow,34.940920553049644,36.98,3.0112501620238934
71.8,41.58061370203309,3.0,follow,34.010920553049644,38.36,3.298192252167611
71.9,41.88061370203309,-8.0,emergency,35.590920553049635,37.23,2.8971379004342697
72.0,41.08061370203309,3.0,follow,34.37092055304964,37.25,3.6198035489992795
72.1,41.38061370203309,3.0,follow,34.23092055304963,37.84,3.497029007965623
72.2,41.680613702033085,-8.0,emergency,36.27092055304962,36.25,2.8252740548377653
72.3,40.88061370203309,3.0,follow,35.58092055304963,35.74,3.269715770245579
72.4,41.180613702033085,3.0,follow,36.27092055304962,35.5,3.089478153261634
72.5,41.48061370203308,3.0,follow,37.74092055304963,34.48,3.1033389266058866
72.6,41.78061370203308,-8.0,emergency,33.77092055304963,38.9,2.896368018842762
72.7,40.98061370203308,3.0,follow,36.040920553049624,35.43,3.177403589323525
72.8,41.28061370203308,3.0,follow,35.540920553049624,36.38,3.283211650391257
72.9,41.58061370203308,-8.0,emergency,36.050920553049615,36.32,2.62605845138029
73.0,40.78061370203308,-8.0,emergency,34.22092055304962,36.95,2.958221339755764
73.1,39.98061370203308,3.0,follow,32.460920553049625,37.51,3.022412984609712
73.2,40.28061370203308,3.0,follow,32.860920553049624,37.56,3.3775114401405073
73.3,40.58061370203308,3.0,follow,34.910920553049614,35.96,3.418051552738871
73.4,40.880613702033074,3.0,follow,34.91092055304961,36.41,3.611883271814768
73.5,41.18061370203307,3.0,follow,34.87092055304961,36.9,3.1781265785751396
73.6,41.48061370203307,3.0,follow,35.90092055304961,36.32,3.455554645013223
73.7,41.780613702033065,-8.0,emergency,34.330920553049594,38.34,2.854672232453255
73.8,40.98061370203307,-8.0,emergency,34.36092055304961,37.11,2.878838886789938
73.9,40.18061370203307,3.0,follow,32.890920553049604,37.38,3.526210939356366
74.0,40.48061370203307,3.0,follow,33.43092055304961,37.29,3.5613958322958132
74.1,40.780613702033065,3.0,follow,33.3109205530496,37.86,3.407552545281295
74.2,41.08061370203306,-8.0,emergency,34.86092055304959,36.76,2.786830152893811
74.3,40.280613702033065,3.0,follow,35.290920553049595,35.13,3.317088224382705
74.4,40.58061370203306,3.0,follow,33.880920553049584,36.99,3.09523853103102
74.5,40.88061370203306,3.0,follow,35.480920553049586,35.84,3.429463668054987
74.6,41.18061370203306,3.0,follow,35.82092055304959,35.95,3.27395180046666
74.7,41.480613702033054,-8.0,emergency,35.05092055304958,37.17,2.9926057513499407
74.8,40.68061370203306,3.0,follow,33.14092055304959,37.88,3.378940797249166
74.9,40.980613702033054,3.0,follow,34.93092055304958,36.54,3.0550271842479924
75.0,41.28061370203305,3.0,follow,35.06092055304957,36.86,3.2502650181437756
75.1,41.58061370203305,3.0,follow,33.99092055304957,38.38,3.5900651795790948
75.2,41.880613702033045,-8.0,emergency,36.040920553049574,36.78,2.895923052451588
75.3,41.08061370203305,3.0,follow,32.24092055304957,39.38,3.743127645908151
75.4,41.380613702033045,3.0,follow,34.91092055304958,37.16,3.1677797039348206
75.5,41.68061370203304,-8.0,emergency,37.900920553049566,34.62,2.830602032197719
75.6,40.880613702033045,3.0,follow,33.92092055304958,37.4,3.469190255184358
75.7,41.18061370203304,3.0,follow,34.760920553049566,37.01,3.112539094064764
75.8,41.48061370203304,3.0,follow,34.19092055304955,38.03,3.2474813846346704
75.9,41.78061370203304,-8.0,emergency,35.29092055304955,37.38,2.9736018372718402
76.0,40.98061370203304,3.0,follow,34.95092055304955,36.52,4.1216106725903865
76.1,41.28061370203304,3.0,follow,36.570920553049554,35.35,3.24889762361427
76.2,41.580613702033034,3.0,follow,35.86092055304956,36.51,3.0886721214585187
76.3,41.88061370203303,3.0,follow,36.98092055304954,35.84,3.1856039989643916
76.4,42.18061370203303,3.0,follow,37.090920553049536,36.18,3.0633463182164813
76.5,42.480613702033025,3.0,follow,36.200920553049535,37.52,3.0803045657492336
76.6,42.78061370203302,3.0,follow,35.40092055304954,38.77,3.316335736357264
76.7,43.08061370203302,3.0,follow,37.21092055304953,37.41,3.1648103002948043
76.8,43.38061370203302,-8.0,emergency,39.370920553049515,35.7,2.69015441196445
76.9,42.58061370203302,3.0,follow,36.29092055304953,37.58,3.011069879831185
77.0,42.88061370203302,3.0,follow,35.84092055304952,38.48,3.088130401933717
77.1,43.180613702033014,-8.0,emergency,38.23092055304952,36.54,2.502634529322018
77.2,42.38061370203302,-8.0,emergency,36.43092055304952,37.14,2.8458431800961472
77.3,41.58061370203302,3.0,follow,34.99092055304953,37.38,3.913884611628989
77.4,41.88061370203302,3.0,follow,36.260920553049516,36.56,3.824022300182017
77.5,42.180613702033014,3.0,follow,35.02092055304952,38.25,3.30293376362991
77.6,42.48061370203301,3.0,follow,36.26092055304952,37.46,3.380679176021364
77.7,42.78061370203301,3.0,follow,36.010920553049516,38.16,3.2923191973265995
77.8,43.080613702033006,3.0,follow,37.8509205530495,36.77,3.957757924210524
77.9,43.380613702033,3.0,follow,37.70092055304951,37.37,3.2865420441922533
78.0,43.680613702033,3.0,follow,36.73092055304951,38.79,3.030323459713447
78.1,43.980613702033,-8.0,emergency,38.330920553049495,37.64,2.71953258795679
78.2,43.180613702033,-8.0,emergency,34.62092055304951,40.15,2.949903720653158
78.3,42.380613702033,3.0,follow,35.750920553049504,37.82,3.4100908223922066
78.4,42.680613702033,3.0,follow,35.37092055304951,38.65,3.152370749075247
78.5,42.980613702033,3.0,follow,34.8909205530495,39.58,3.012035883367954
78.6,43.280613702032994,-8.0,emergency,37.94092055304949,36.98,2.913964672494595
78.7,42.480613702033,-8.0,emergency,37.0309205530495,36.69,2.992509257013475
78.8,41.680613702033,3.0,follow,35.44092055304951,37.08,4.1990286577096425
78.9,41.980613702033,3.0,follow,32.5009205530495,40.47,4.108373470339995
79.0,42.280613702032994,3.0,follow,34.950920553049485,38.47,3.5098399638757924
79.1,42.58061370203299,3.0,follow,31.61092055304949,42.26,4.3031933932246655
79.2,42.88061370203299,3.0,follow,35.60092055304949,38.72,3.3933319461249827
79.3,43.180613702032986,3.0,follow,35.02092055304948,39.75,3.164654287040633
79.4,43.48061370203298,3.0,follow,33.71092055304947,41.51,3.9269243177448265
79.5,43.78061370203298,3.0,follow,33.45092055304947,42.22,3.5868987861446766
79.6,44.08061370203298,3.0,follow,33.680920553049475,42.44,3.136590914100473
79.7,44.380613702032974,3.0,follow,35.00092055304946,41.57,3.200002783047461
79.8,44.68061370203297,-8.0,emergency,35.50092055304945,41.52,2.984771260949619
79.9,43.880613702032974,3.0,follow,34.660920553049465,41.16,3.035260859457223
80.0,44.18061370203297,3.0,follow,34.72092055304945,41.55,3.572468406610157
80.1,44.48061370203297,3.0,follow,36.62092055304945,40.1,3.658554264398743
80.2,44.780613702032966,-8.0,emergency,37.23092055304946,39.94,2.777350176255255
80.3,43.98061370203297,3.0,follow,34.86092055304945,41.11,3.5225225553339006
80.4,44.280613702032966,3.0,follow,35.34092055304946,41.08,3.1357309614911526
80.5,44.58061370203296,3.0,follow,35.96092055304945,40.91,3.094410057054248
80.6,44.88061370203296,3.0,follow,34.80092055304943,42.52,3.13093361853264
80.7,45.18061370203296,3.0,follow,34.73092055304944,43.04,3.050186257582766
80.8,45.480613702032954,3.0,follow,36.08092055304944,42.14,3.1213395872259095
80.9,45.78061370203295,3.0,follow,34.580920553049424,44.09,3.0176692710632156
81.0,46.08061370203295,-8.0,emergency,38.15092055304942,40.97,2.9644124988439184
81.1,45.28061370203295,3.0,follow,35.55092055304943,42.37,3.185567294050792
81.2,45.58061370203295,3.0,follow,36.47092055304942,41.9,3.0493543380672157
81.3,45.880613702032946,-8.0,emergency,38.20092055304942,40.62,2.7725800997922354
81.4,45.08061370203295,3.0,follow,34.49092055304941,43.13,3.1923050241241233
81.5,45.380613702032946,3.0,follow,34.78092055304942,43.29,3.4685794331530797
81.6,45.68061370203294,3.0,follow,32.87092055304942,45.65,3.5113726971874857
81.7,45.98061370203294,3.0,follow,34.25092055304941,44.72,3.0420498699190834
81.8,46.28061370203294,3.0,follow,36.6709205530494,42.75,3.0731929529286246
81.9,46.580613702032934,3.0,follow,33.0609205530494,46.81,3.454456088064655
82.0,46.88061370203293,-8.0,emergency,34.1209205530494,46.2,2.857034423757946
82.1,46.080613702032934,3.0,follow,33.5409205530494,45.58,3.4581090858439985
82.2,46.38061370203293,3.0,follow,34.84092055304941,44.73,3.0593791007405176
82.3,46.68061370203293,3.0,follow,36.040920553049396,43.98,3.2124199073317934
82.4,46.980613702032926,-8.0,emergency,35.460920553049384,45.01,2.951356639110209
82.5,46.18061370203293,3.0,follow,32.010920553049395,47.26,3.0607591713649107
82.6,46.480613702032926,3.0,follow,31.100920553049384,48.62,3.1285765756882458
82.7,46.78061370203292,3.0,follow,31.760920553049388,48.41,3.418637145157781
82.8,47.08061370203292,3.0,follow,34.770920553049386,45.85,3.221927104482506
82.9,47.38061370203292,-8.0,emergency,35.85092055304938,45.22,2.8911908996334614
83.0,46.58061370203292,3.0,follow,32.62092055304939,47.25,3.557817512060247
83.1,46.88061370203292,-8.0,emergency,35.510920553049374,44.81,2.834172084935474
83.2,46.08061370203292,3.0,follow,31.07092055304939,48.05,3.5829829318486808
83.3,46.38061370203292,3.0,follow,31.920920553049378,47.65,3.2194610952824947
83.4,46.680613702032915,3.0,follow,32.550920553049366,47.47,3.269145572914325
83.5,46.98061370203291,3.0,follow,34.370920553049366,46.1,3.269361247259308
83.6,47.28061370203291,3.0,follow,31.470920553049368,49.45,3.240367718200785
83.7,47.580613702032906,3.0,follow,33.16092055304936,48.21,3.201064774239083
83.8,47.8806137020329,3.0,follow,34.27092055304935,47.55,3.406010725235948
83.9,48.1806137020329,-8.0,emergency,36.97092055304935,45.3,2.870610792162305
84.0,47.3806137020329,3.0,follow,31.24092055304935,49.83,3.6773242227785112
84.1,47.6806137020329,3.0,follow,28.680920553049347,52.84,3.3505354324409518
84.2,47.9806137020329,3.0,follow,28.98092055304935,52.99,3.6848218788123863
84.3,48.280613702032895,3.0,follow,32.340920553049344,50.08,3.6420192643908074
84.4,48.58061370203289,-8.0,emergency,32.70092055304933,50.17,2.8011323807573163
84.5,47.780613702032895,3.0,follow,29.550920553049345,52.12,3.3842807181846344
84.6,48.08061370203289,3.0,follow,31.95092055304933,50.17,3.505789552049268
84.7,48.38061370203289,3.0,follow,30.060920553049336,52.51,3.4207101435329634
84.8,48.680613702032886,3.0,follow,29.460920553049334,53.56,3.5610249063680723
84.9,48.98061370203288,3.0,follow,28.840920553049322,54.63,3.3555246134965184
85.0,49.28061370203288,3.0,follow,31.060920553049314,52.86,3.332784026712967
85.1,49.58061370203288,3.0,follow,31.350920553049313,53.02,3.2387301395680765
85.2,49.880613702032875,3.0,follow,32.54092055304932,52.28,3.4146247183454506
85.3,50.18061370203287,3.0,follow,32.58092055304931,52.69,3.195150947808853
85.4,50.48061370203287,3.0,follow,31.720920553049297,54.0,3.2392328779962716
85.5,50.780613702032866,3.0,follow,30.8509205530493,55.32,3.127082018281993
85.6,51.08061370203286,3.0,follow,30.040920553049304,56.58,3.136256944165065
85.7,51.38061370203286,-8.0,emergency,32.99092055304929,54.08,2.9631880266018813
85.8,50.58061370203286,3.0,follow,27.5909205530493,58.28,3.5149483033221256
85.9,50.88061370203286,3.0,follow,30.64092055304929,55.68,3.1509941272494952
86.0,51.18061370203286,3.0,follow,30.31092055304928,56.46,3.278628797842148
86.1,51.480613702032855,3.0,follow,31.62092055304928,55.6,3.545779588511382
86.2,51.78061370203285,3.0,follow,34.59092055304929,53.08,3.091328063231414
86.3,52.08061370203285,3.0,follow,28.980920553049273,59.14,3.1726423252658518
86.4,52.380613702032846,3.0,follow,29.30092055304926,59.27,3.4140498151318104
86.5,52.68061370203284,3.0,follow,31.140920553049263,57.88,3.00509635338832
86.6,52.98061370203284,-8.0,emergency,30.60092055304927,58.87,2.7794284352747467
86.7,52.18061370203284,3.0,follow,28.210920553049263,60.06,3.1102066939321267
86.8,52.48061370203284,-8.0,emergency,31.980920553049266,56.74,2.774488865063248
86.9,51.68061370203284,3.0,follow,28.550920553049266,58.97,3.2633092031271853
87.0,51.98061370203284,3.0,follow,26.21092055304927,61.76,3.4386352841055654
87.1,52.28061370203284,3.0,follow,29.98092055304926,58.44,3.533121627332228
87.2,52.580613702032835,3.0,follow,27.21092055304925,61.66,3.3915246762602727
87.3,52.88061370203283,3.0,follow,30.290920553049247,59.03,3.1067417571720077
87.4,53.18061370203283,3.0,follow,26.96092055304925,62.81,3.4509825343408465
87.5,53.48061370203283,-8.0,emergency,27.94092055304924,62.28,2.8859234894758075
87.6,52.68061370203283,3.0,follow,29.290920553049254,59.73,3.2745608769371266
87.7,52.98061370203283,3.0,follow,24.070920553049234,65.4,3.6413009647102363
87.8,53.280613702032824,3.0,follow,27.710920553049228,62.21,3.0301091288781263
87.9,53.58061370203282,3.0,follow,27.890920553049234,62.48,3.4518166637069916
88.0,53.88061370203282,3.0,follow,25.960920553049235,64.86,3.37801702625438
88.1,54.180613702032815,3.0,follow,24.130920553049222,67.14,3.3170930974912562
88.2,54.48061370203281,3.0,follow,28.37092055304921,63.35,3.260319049694883
88.3,54.78061370203281,3.0,follow,26.27092055304921,65.9,3.660986291403938
88.4,55.08061370203281,3.0,follow,25.550920553049224,67.07,3.2844262654713154
88.5,55.380613702032804,3.0,follow,25.010920553049203,68.06,3.300580719054475
88.6,55.6806137020328,3.0,follow,26.04092055304919,67.48,3.1196525872799605
88.7,55.9806137020328,-8.0,emergency,27.1409205530492,66.83,2.998122927136161
88.8,55.1806137020328,3.0,follow,26.43092055304919,66.34,3.363992672964416
88.9,55.4806137020328,3.0,follow,24.550920553049195,68.67,3.158604487488741
89.0,55.780613702032795,3.0,follow,26.940920553049196,66.73,3.1714854397784524
89.1,56.08061370203279,-8.0,emergency,30.780920553049185,63.34,2.8947999751083526
89.2,55.280613702032795,3.0,follow,22.110920553049198,70.81,3.5315627268217256
89.3,55.58061370203279,3.0,follow,21.100920553049193,72.27,3.532152116865383
89.4,55.88061370203279,3.0,follow,28.000920553049184,65.82,3.2908990184291342
89.5,56.18061370203279,3.0,follow,25.110920553049183,69.16,3.160788858201668
89.6,56.480613702032784,3.0,follow,21.590920553049187,73.13,3.340701224525701
89.7,56.78061370203278,3.0,follow,18.42092055304917,76.75,3.3514385683553654
89.8,57.08061370203278,3.0,follow,22.790920553049162,72.83,3.2196297129398928
89.9,57.380613702032775,3.0,follow,24.40092055304916,71.67,3.256156369387418
90.0,57.68061370203277,3.0,follow,23.15092055304916,73.37,3.351664827614533
90.1,57.98061370203277,3.0,follow,19.640920553049156,77.33,3.2220009438112993
90.2,58.28061370203277,3.0,follow,24.10092055304915,73.32,3.2629282391769845
90.3,58.580613702032764,3.0,follow,24.410920553049152,73.46,3.292603286538322
90.4,58.88061370203276,3.0,follow,23.68092055304915,74.64,3.1559434753096793
90.5,59.18061370203276,3.0,follow,24.73092055304913,74.04,3.2949700876795425
90.6,59.480613702032755,3.0,follow,22.240920553049122,76.98,3.0081341892119298
90.7,59.78061370203275,3.0,follow,18.740920553049122,80.93,3.0631385369285877
90.8,60.08061370203275,-8.0,emergency,21.740920553049136,78.38,2.8678463226082034
90.9,59.28061370203275,3.0,follow,21.42092055304913,77.5,3.343310966491102
91.0,59.58061370203275,3.0,follow,21.510920553049132,77.86,3.190903349841307
91.1,59.88061370203275,-8.0,emergency,24.520920553049123,75.3,2.954028525174159
91.2,59.08061370203275,3.0,follow,17.080920553049125,81.54,3.343089312804144
91.3,59.38061370203275,3.0,follow,19.380920553049123,79.69,3.042693115427645
91.4,59.680613702032744,3.0,follow,19.63092055304911,79.89,3.494656838232486
91.5,59.98061370203274,3.0,follow,11.480920553049117,88.49,3.4565577618545027
91.6,60.28061370203274,3.0,follow,18.52092055304911,81.9,3.153564291535769
91.7,60.580613702032736,3.0,follow,21.120920553049103,79.75,3.104246590796307
91.8,60.88061370203273,3.0,follow,20.360920553049098,80.96,3.079426023202355
91.9,61.18061370203273,3.0,follow,16.51092055304909,85.26,3.16944442027943
92.0,61.48061370203273,-8.0,emergency,19.120920553049103,83.1,2.9373700010625474
92.1,60.68061370203273,3.0,follow,21.3909205530491,79.63,3.03345289004934
92.2,60.98061370203273,3.0,follow,15.54092055304909,85.93,3.413901663949516
92.3,61.280613702032724,3.0,follow,19.590920553049088,82.33,3.1591734922795878
92.4,61.58061370203272,3.0,follow,13.24092055304908,89.13,3.407030164321965
92.5,61.88061370203272,3.0,follow,15.300920553049082,87.52,3.054733867490963
92.6,62.180613702032716,-8.0,emergency,19.260920553049075,84.01,2.8496693063824328
92.7,61.38061370203272,3.0,follow,13.260920553049075,88.81,3.187654118097205
92.8,61.680613702032716,3.0,follow,16.470920553049083,86.05,3.0709534386021535
92.9,61.98061370203271,3.0,follow,14.520920553049066,88.45,3.236297617181627
93.0,62.28061370203271,-8.0,emergency,15.560920553049058,87.86,2.882487894072183
93.1,61.48061370203271,3.0,follow,17.480920553049074,84.74,3.1976617957907916
93.2,61.78061370203271,-8.0,emergency,17.070920553049064,85.6,2.999234735933636
93.3,60.98061370203271,3.0,follow,11.130920553049066,90.34,3.219459166477737
93.4,61.28061370203271,3.0,follow,14.830920553049054,87.09,3.004075763801219
93.5,61.58061370203271,-8.0,emergency,15.140920553049057,87.23,2.9095468447360617
93.6,60.78061370203271,3.0,follow,15.09092055304906,86.08,3.2166676354459485
93.7,61.08061370203271,3.0,follow,11.550920553049068,90.07,3.2328792525280408
93.8,61.380613702032704,3.0,follow,7.290920553049062,94.78,3.2062933792704906
93.9,61.6806137020327,-8.0,emergency,15.82092055304905,86.7,2.8986366132002144
94.0,60.880613702032704,3.0,follow,11.380920553049066,89.94,3.1881617659923296
94.1,61.1806137020327,3.0,follow,7.780920553049057,93.99,3.5360357384379086
94.2,61.4806137020327,3.0,follow,11.97092055304904,90.25,3.1292676685877576
94.3,61.780613702032696,3.0,follow,10.680920553049049,91.99,3.0249307331095143
94.4,62.08061370203269,-8.0,emergency,14.980920553049046,88.14,2.985710286704879
94.5,61.280613702032696,3.0,follow,9.430920553049049,92.49,3.2113899015100573
94.6,61.58061370203269,-8.0,emergency,11.280920553049043,91.09,2.888938377819385
94.7,60.780613702032696,3.0,follow,6.58092055304904,94.59,3.3565628130084737
94.8,61.08061370203269,3.0,follow,6.21092055304905,95.41,3.3231612876754713
94.9,61.38061370203269,3.0,follow,2.500920553049042,99.57,3.5370454461108345
95.0,61.68061370203269,3.0,follow,8.260920553049019,94.26,3.4425817122208002
95.1,61.980613702032684,3.0,follow,9.160920553049024,93.81,3.2996122061653885
95.2,62.28061370203268,3.0,follow,9.740920553049023,93.68,3.108098624869149
95.3,62.58061370203268,-8.0,emergency,11.480920553049017,92.39,2.951699314253386
95.4,61.78061370203268,3.0,follow,8.100920553049036,94.57,3.5038106596619496
95.5,62.08061370203268,3.0,follow,10.100920553049022,93.02,3.1245576907152834
95.6,62.380613702032676,3.0,follow,9.02092055304901,94.55,3.1338441085018403
95.7,62.68061370203267,3.0,follow,6.0009205530490135,98.02,3.2084461855991546
95.8,62.98061370203267,-8.0,emergency,12.810920553049016,91.66,2.986580877459914
95.9,62.18061370203267,3.0,follow,5.310920553049016,97.96,3.2361418557372024
96.0,62.48061370203267,3.0,follow,5.050920553049011,98.67,3.1797630864624695
96.1,62.78061370203267,3.0,follow,9.390920553049,94.78,3.023226304302132
96.2,63.080613702032664,-8.0,emergency,15.37092055304899,89.25,2.8596041350570234
96.3,62.28061370203267,3.0,follow,9.650920553049005,93.77,3.029665288796574
96.4,62.580613702032664,3.0,follow,4.460920553048993,99.41,3.1598239291046357
96.5,62.88061370203266,3.0,follow,8.520920553048995,95.8,3.087273778079504
96.6,63.18061370203266,-8.0,emergency,11.600920553048994,93.17,2.9372067285706285
96.7,62.38061370203266,3.0,follow,8.810920553048987,94.76,3.234061953911438
96.8,62.68061370203266,-8.0,emergency,5.210920553048993,98.81,2.941595556321162
96.9,61.88061370203266,3.0,follow,4.700920553048988,98.12,3.3487353199429113
97.0,62.18061370203266,3.0,follow,7.26092055304899,96.01,3.254508566151785
97.1,62.480613702032656,-8.0,emergency,7.940920553048983,95.78,2.9032500233270495
97.2,61.68061370203266,3.0,follow,6.670920553049001,95.85,3.1322901211498615
97.3,61.980613702032656,3.0,follow,8.530920553048986,94.44,3.048357947596233
97.4,62.28061370203265,3.0,follow,1.4409205530489686,101.98,3.1572155545014455
97.5,62.58061370203265,3.0,follow,7.410920553048982,96.46,3.008676031484837
97.6,62.88061370203265,3.0,follow,3.24092055304898,101.08,3.08918411251317
97.7,63.180613702032645,3.0,follow,2.6709205530489726,102.1,3.359589937901489
97.8,63.48061370203264,3.0,follow,4.530920553048958,100.69,3.1954312585636764
97.9,63.78061370203264,3.0,follow,9.070920553048964,96.6,3.061747099828253
98.0,64.08061370203264,3.0,follow,6.960920553048965,99.16,3.0594915885156833
98.1,64.38061370203263,-8.0,emergency,8.57092055304895,98.0,2.8421767909027356
98.2,63.580613702032636,-8.0,emergency,9.860920553048956,95.51,2.879355831578941
98.3,62.78061370203264,3.0,follow,4.9509205530489595,99.22,3.151780995730511
98.4,63.080613702032636,-8.0,emergency,9.760920553048962,94.86,2.8392175266816158
98.5,62.28061370203264,3.0,follow,1.4909205530489515,101.93,3.3018455993082036
98.6,62.580613702032636,3.0,follow,6.740920553048966,97.13,3.025798849255323
98.7,62.88061370203263,3.0,follow,5.160920553048953,99.16,3.044462131022472
98.8,63.18061370203263,3.0,follow,5.30092055304894,99.47,3.115192239279384
98.9,63.48061370203263,3.0,follow,7.30092055304894,97.92,3.011013288284893
99.0,63.780613702032625,-8.0,emergency,5.180920553048949,100.49,2.989829370295693
99.1,62.98061370203263,3.0,follow,7.080920553048941,97.39,3.0946330097690393
99.2,63.280613702032625,-8.0,emergency,3.5009205530489425,101.42,2.994336060521798
99.3,62.48061370203263,3.0,follow,8.83092055304894,94.89,3.0056431875409078
99.4,62.780613702032625,3.0,follow,4.870920553048947,99.3,3.1088945543235065
99.5,63.08061370203262,3.0,follow,-0.08907944695106096,104.71,3.162430057693916
99.6,63.38061370203262,-8.0,emergency,9.070920553048921,96.0,2.9196535341451204
99.7,62.58061370203262,-8.0,emergency,6.890920553048929,96.98,2.8896968589738967
99.8,61.780613702032625,3.0,follow,2.130920553048938,100.54,3.258930307547685
99.9,62.08061370203262,3.0,follow,3.5709205530489356,99.55,3.09155598465243
100.0,62.38061370203262,3.0,follow,3.510920553048919,100.06,3.0459096109309165
100.1,62.680613702032616,3.0,follow,3.5509205530489254,100.47,3.1603667969950573
100.2,62.98061370203261,-8.0,emergency,3.5609205530489305,100.91,2.9934192504456103
100.3,62.180613702032616,3.0,follow,0.960920553048922,102.31,3.045791330505197
100.4,62.48061370203261,-8.0,emergency,3.490920553048923,100.23,2.9418313646055747
100.5,61.680613702032616,3.0,follow,4.240920553048923,98.28,3.130872206988299
100.6,61.98061370203261,3.0,follow,1.970920553048927,101.0,3.022086934144398
100.7,62.28061370203261,3.0,follow,-1.2090794469510797,104.63,3.367490613587565
100.8,62.58061370203261,-8.0,emergency,5.27092055304891,98.6,2.8308430291667817
100.9,61.78061370203261,3.0,follow,6.580920553048912,96.09,3.1268493669439583
101.0,62.08061370203261,3.0,follow,0.8509205530489083,102.27,3.157396180906021
101.1,62.380613702032605,-8.0,emergency,4.960920553048908,98.61,2.9863163928394822
101.2,61.58061370203261,-8.0,emergency,9.850920553048908,92.52,2.832769795573134
101.3,60.78061370203261,3.0,follow,-0.30907944695108824,101.48,3.2650577936742415
101.4,61.08061370203261,3.0,follow,4.2509205530489,97.37,3.0609280572848028
101.5,61.380613702032605,3.0,follow,3.3909205530489004,98.68,3.166818245096473
101.6,61.6806137020326,3.0,follow,2.5809205530489123,99.94,3.0864146343750902
101.7,61.9806137020326,3.0,follow,3.4609205530488936,99.51,3.0430621549409844
101.8,62.280613702032596,3.0,follow,2.37092055304889,101.05,3.016362652301768
101.9,62.58061370203259,-8.0,emergency,6.23092055304889,97.64,2.90763000540666
102.0,61.780613702032596,3.0,follow,2.2209205530488845,100.45,3.0897601909532626
102.1,62.08061370203259,-8.0,emergency,4.9709205530488845,98.15,2.8350161798038136
102.2,61.280613702032596,3.0,follow,0.8109205530488879,101.11,3.013655753005629
102.3,61.58061370203259,3.0,follow,1.6309205530488953,100.74,3.139235694754544
102.4,61.88061370203259,-8.0,emergency,6.6909205530488975,96.13,2.919168190116862
102.5,61.08061370203259,3.0,follow,-0.4990794469511144,102.12,3.143061591157678
102.6,61.38061370203259,-8.0,emergency,4.760920553048891,97.31,2.9794296239431666
102.7,60.58061370203259,3.0,follow,-0.4190794469511161,101.29,3.202277418774555
102.8,60.88061370203259,3.0,follow,1.340920553048889,99.98,3.0536996315922167
102.9,61.18061370203259,3.0,follow,-2.5590794469511167,104.33,3.132975293894717
103.0,61.480613702032585,-8.0,emergency,4.000920553048871,98.22,2.993543518935014
103.1,60.68061370203259,-8.0,emergency,3.1909205530488833,97.83,2.958215438075985
103.2,59.88061370203259,3.0,follow,1.0109205530488907,98.81,3.1740460032610427
103.3,60.18061370203259,-8.0,emergency,2.310920553048888,97.96,2.94345533640256
103.4,59.38061370203259,3.0,follow,-2.159079446951111,101.23,3.3508091228609893
103.5,59.68061370203259,3.0,follow,5.460920553048879,94.06,3.031200120732347
103.6,59.980613702032585,3.0,follow,4.240920553048866,95.73,3.0332109794758124
103.7,60.28061370203258,3.0,follow,4.750920553048871,95.67,3.0564895918889743
103.8,60.58061370203258,3.0,follow,-0.7890794469511206,101.66,3.270849185109615
103.9,60.880613702032576,3.0,follow,-2.579079446951141,103.9,3.248843220084813
104.0,61.18061370203257,-8.0,emergency,3.250920553048857,98.52,2.8366904439190552
104.1,60.380613702032576,-8.0,emergency,2.2509205530488714,98.32,2.934871607860564
104.2,59.58061370203258,3.0,follow,0.3409205530488748,99.03,3.0754072241097994
104.3,59.880613702032576,3.0,follow,-2.4290794469511354,102.25,3.1942530359393717
104.4,60.18061370203257,3.0,follow,4.210920553048851,96.06,3.0065150202072344
104.5,60.48061370203257,-8.0,emergency,1.210920553048851,99.51,2.985543587333697
104.6,59.68061370203257,3.0,follow,-2.1690794469511445,101.69,3.195727177113006
104.7,59.98061370203257,3.0,follow,-0.3090794469511451,100.28,3.042419079527517
104.8,60.28061370203257,-8.0,emergency,1.0709205530488646,99.35,2.99331614931591
104.9,59.48061370203257,3.0,follow,-2.529079446951144,101.75,3.07489008563628
105.0,59.78061370203257,-8.0,emergency,8.900920553048863,90.77,2.747225000678969
105.1,58.98061370203257,3.0,follow,-2.309079446951145,100.78,3.087564496182384
105.2,59.28061370203257,-8.0,emergency,2.0909205530488606,96.83,2.962918655165208
105.3,58.48061370203257,3.0,follow,4.380920553048853,93.34,3.0835185873265774
105.4,58.78061370203257,3.0,follow,-2.099079446951137,100.27,3.1081243812073702
105.5,59.080613702032565,3.0,follow,-4.199079446951146,102.82,3.4642140837188533
105.6,59.38061370203256,3.0,follow,0.7309205530488327,98.34,3.094339238443044
105.7,59.68061370203256,3.0,follow,-2.0390794469511633,101.56,3.1364445694129937
105.8,59.98061370203256,3.0,follow,-3.549079446951154,103.52,3.0827310339993628
105.9,60.280613702032554,3.0,follow,-2.199079446951174,102.62,3.1420107697980493
106.0,60.58061370203255,3.0,follow,-2.7190794469511843,103.59,3.042235916993664
106.1,60.88061370203255,-8.0,emergency,0.40092055304882024,100.92,2.9830969337082025
106.2,60.08061370203255,3.0,follow,1.1809205530488214,98.94,3.1802651322669324
106.3,60.38061370203255,-8.0,emergency,6.600920553048823,93.97,2.7958430284275737
106.4,59.58061370203255,3.0,follow,1.3909205530488151,97.98,3.075270329577781
106.5,59.88061370203255,-8.0,emergency,3.620920553048819,96.2,2.8553947058018796
106.6,59.08061370203255,3.0,follow,-6.509079446951176,105.13,3.243690507267594
106.7,59.38061370203255,3.0,follow,0.9009205530488202,98.17,3.1353585379780413
106.8,59.680613702032545,-8.0,emergency,0.47092055304882763,99.05,2.949618517365118
106.9,58.88061370203255,3.0,follow,-1.9890794469511803,100.31,3.2472647182597014
107.0,59.180613702032545,3.0,follow,-0.03907944695117749,98.81,3.076217687389561
107.1,59.48061370203254,3.0,follow,-4.469079446951184,103.69,3.0970161097645943
107.2,59.78061370203254,-8.0,emergency,2.8409205530488038,96.83,2.9448963719924235
107.3,58.98061370203254,3.0,follow,-0.7690794469511815,99.24,3.1148175903990514
107.4,59.28061370203254,-8.0,emergency,2.4609205530488083,96.46,2.9688574332458875
107.5,58.48061370203254,-8.0,emergency,2.9809205530488185,94.74,2.8305426617931064
107.6,57.680613702032545,3.0,follow,-0.3190794469511786,96.84,3.0214710052138165
107.7,57.98061370203254,3.0,follow,-1.5590794469511877,98.53,3.0770803119787087
107.8,58.28061370203254,3.0,follow,0.0509205530487975,97.37,3.020103801369684
107.9,58.58061370203254,3.0,follow,1.2909205530488066,96.58,3.014299317053135
108.0,58.880613702032534,-8.0,emergency,3.850920553048809,94.47,2.88540712338985
108.1,58.08061370203254,-8.0,emergency,-1.2490794469511997,98.37,2.9655767265461344
108.2,57.28061370203254,3.0,follow,1.7509205530488003,94.17,3.029862952604494
108.3,57.58061370203254,3.0,follow,-4.4890794469511945,100.86,3.2264241822431714
108.4,57.880613702032534,3.0,follow,-2.0290794469511866,98.85,3.12316218985833
108.5,58.18061370203253,-8.0,emergency,2.98092055304879,94.29,2.983802811207281
108.6,57.380613702032534,3.0,follow,-1.61907944695119,97.69,3.1471671577679947
108.7,57.68061370203253,3.0,follow,0.15092055304879182,96.37,3.041923395373405
108.8,57.98061370203253,3.0,follow,-2.559079446951216,99.53,3.0690137693497346
108.9,58.280613702032525,3.0,follow,-5.119079446951218,102.54,3.015827917066987
109.0,58.58061370203252,-8.0,emergency,4.8409205530487895,93.03,2.840557457835561
109.1,57.780613702032525,3.0,follow,-2.2390794469512088,98.91,3.07454501540177
109.2,58.08061370203252,3.0,follow,-0.9790794469512036,98.1,3.0211932826468058
109.3,58.38061370203252,-8.0,emergency,-2.979079446951218,100.55,2.9572995617425932
109.4,57.58061370203252,-8.0,emergency,-2.819079446951207,99.19,2.996621177265644
109.5,56.780613702032525,3.0,follow,-1.1590794469512105,96.33,3.1346591686722065
109.6,57.08061370203252,3.0,follow,-1.9890794469512088,97.61,3.0588568716176967
109.7,57.38061370203252,3.0,follow,-0.11907944695121842,96.19,3.0324129571880434
109.8,57.68061370203252,3.0,follow,-5.199079446951231,101.72,3.1240197414844912
109.9,57.980613702032514,-8.0,emergency,-1.6190794469512326,98.59,2.9956901105709624
110.0,57.18061370203252,3.0,follow,-8.379079446951238,104.15,3.3083853124907683
110.1,57.480613702032514,-8.0,emergency,-2.1190794469512326,98.34,2.9871861105046325
110.2,56.68061370203252,3.0,follow,-1.4090794469512389,96.43,3.040937678031102
110.3,56.980613702032514,-8.0,emergency,1.4309205530487645,94.04,2.8961571488288054
110.4,56.18061370203252,-8.0,emergency,1.0909205530487611,93.18,2.939375271275132
110.5,55.38061370203252,3.0,follow,-0.7490794469512139,93.82,3.0401210068554434
110.6,55.68061370203252,3.0,follow,-5.769079446951238,99.29,3.2215451956899925
110.7,55.980613702032514,3.0,follow,-6.019079446951224,99.99,3.156188858601088
110.8,56.28061370203251,3.0,follow,0.6009205530487804,93.82,3.05099601943225
110.9,56.58061370203251,3.0,follow,-6.249079446951242,101.12,3.093242632936957
111.0,56.880613702032505,-8.0,emergency,-1.7290794469512463,97.05,2.984261025613255
111.1,56.08061370203251,3.0,follow,-4.779079446951243,98.9,3.095402201733251
111.2,56.380613702032505,3.0,follow,-8.659079446951253,103.23,3.3385495189319085
111.3,56.6806137020325,3.0,follow,-6.089079446951246,101.11,3.140977706604455
111.4,56.9806137020325,3.0,follow,-2.199079446951245,97.67,3.058820006136711
111.5,57.2806137020325,-8.0,emergency,0.10092055304875203,95.82,2.8090963369061437
111.6,56.4806137020325,-8.0,emergency,2.630920553048753,92.09,2.8696864714110273
111.7,55.6806137020325,3.0,follow,-2.7990794469512394,96.32,3.118099268894177
111.8,55.9806137020325,3.0,follow,-3.8490794469512366,97.82,3.0741079011229715
111.9,56.2806137020325,3.0,follow,-1.08907944695126,95.51,3.0358594051784067
112.0,56.580613702032494,-8.0,emergency,-3.1690794469512724,98.04,2.9753618820748273
112.1,55.7806137020325,3.0,follow,-4.9790794469512605,98.65,3.2007798726439516
112.2,56.080613702032494,3.0,follow,-3.6390794469512713,97.76,3.202031932738119
112.3,56.38061370203249,-8.0,emergency,-1.9190794469512582,96.49,2.9426103724926373
112.4,55.580613702032494,3.0,follow,-5.539079446951263,98.91,3.0812495025208
112.5,55.88061370203249,3.0,follow,-5.879079446951266,99.7,3.2067556129804635
112.6,56.18061370203249,3.0,follow,-0.9090794469512673,95.18,3.035017136601232
112.7,56.480613702032485,3.0,follow,-7.829079446951269,102.55,3.0887983252466826
112.8,56.78061370203248,-8.0,emergency,-2.9290794469512775,98.1,2.930053817802172
112.9,55.980613702032485,3.0,follow,-4.46907944695127,98.44,3.016798914629926
113.0,56.28061370203248,-8.0,emergency,-6.049079446951282,100.47,2.978599822924243
113.1,55.480613702032485,3.0,follow,-5.839079446951274,99.06,3.031154827849491
113.2,55.78061370203248,3.0,follow,-7.50907944695129,101.18,3.0585889642604633
113.3,56.08061370203248,-8.0,emergency,-5.089079446951274,99.21,2.9819107302471948
113.4,55.28061370203248,3.0,follow,-3.6290794469512804,96.55,3.017129636919049
113.5,55.58061370203248,3.0,follow,-6.049079446951282,99.42,3.0903979924299305
113.6,55.88061370203248,3.0,follow,-1.1590794469512815,94.98,3.0056378301884408
113.7,56.180613702032474,-8.0,emergency,-4.3890794469512855,98.66,2.9258067742122194
113.8,55.38061370203248,3.0,follow,-5.169079446951272,98.24,3.1088003836356326
113.9,55.680613702032474,-8.0,emergency,-4.199079446951288,97.72,2.981030217684458
114.0,54.88061370203248,3.0,follow,-5.62907944695128,97.95,3.069511633797293
114.1,55.180613702032474,-8.0,emergency,0.0009205530487150781,92.77,2.919993956366829
114.2,54.38061370203248,-8.0,emergency,-5.12907944695128,96.7,2.998392554430858
114.3,53.58061370203248,3.0,follow,-8.209079446951279,98.58,3.2352482612919746
114.4,53.88061370203248,3.0,follow,-7.959079446951279,98.78,3.189475060144432
114.5,54.180613702032474,3.0,follow,-3.999079446951285,95.27,3.0642688791238606
114.6,54.48061370203247,3.0,follow,-10.309079446951301,102.03,3.2307795207106293
114.7,54.78061370203247,3.0,follow,-3.5690794469512923,95.74,3.143075216295192
114.8,55.080613702032466,3.0,follow,-8.5290794469513,101.15,3.0734765664291843
114.9,55.38061370203246,-8.0,emergency,-6.469079446951312,99.54,2.999040659314611
115.0,54.580613702032466,-8.0,emergency,-4.499079446951299,96.37,2.9651747774219226
115.1,53.78061370203247,3.0,follow,-12.829079446951297,103.5,3.2649210192850036
115.2,54.080613702032466,-8.0,emergency,-3.6290794469512946,94.75,2.9507377491823745
115.3,53.28061370203247,3.0,follow,-11.049079446951296,100.97,3.351076781857551
115.4,53.580613702032466,3.0,follow,-10.839079446951288,101.21,3.336892586292043
115.5,53.88061370203246,3.0,follow,-5.449079446951302,96.27,3.007439997749481
115.6,54.18061370203246,3.0,follow,-11.079079446951312,102.35,3.146267111265882
115.7,54.48061370203246,3.0,follow,-5.7790794469513145,97.5,3.0449135331160546
115.8,54.780613702032454,-8.0,emergency,-6.919079446951315,99.09,2.998128896889635
115.9,53.98061370203246,3.0,follow,-8.029079446951314,99.0,3.1417985360791123
116.0,54.280613702032454,3.0,follow,-6.40907944695131,97.83,3.0428657103306085
116.1,54.58061370203245,-8.0,emergency,-8.739079446951322,100.61,2.99161950749414
116.2,53.780613702032454,3.0,follow,-9.889079446951314,100.56,3.258522366759583
116.3,54.08061370203245,-8.0,emergency,-1.9390794469513253,93.06,2.997042212853547
116.4,53.280613702032454,3.0,follow,-12.129079446951309,102.05,3.201004878820576
116.5,53.58061370203245,-8.0,emergency,-2.92907944695132,93.3,2.9082984779087635
116.6,52.780613702032454,3.0,follow,-12.069079446951307,101.24,3.277370950818594
116.7,53.08061370203245,3.0,follow,-11.889079446951328,101.51,3.252419224085607
116.8,53.38061370203245,3.0,follow,-4.909079446951338,94.98,3.0296057647459222
116.9,53.680613702032446,3.0,follow,-6.44907944695133,96.97,3.145250397451785
117.0,53.98061370203244,-8.0,emergency,-3.9490794469513304,94.92,2.9124950167501917
117.1,53.180613702032446,3.0,follow,-7.769079446951338,97.54,3.0253766538523146
117.2,53.48061370203244,-8.0,emergency,-7.039079446951334,97.26,2.9498995948020377
117.3,52.680613702032446,3.0,follow,-11.439079446951325,100.46,3.1590585307974535
117.4,52.98061370203244,3.0,follow,-12.549079446951325,102.02,3.218234225965762
117.5,53.28061370203244,3.0,follow,-12.339079446951345,102.26,3.310390689754145
117.6,53.58061370203244,-8.0,emergency,-6.119079446951346,96.49,2.949807083381157
117.7,52.78061370203244,3.0,follow,-8.349079446951336,97.52,3.0967957920015365
117.8,53.08061370203244,-8.0,emergency,-3.5590794469513582,93.18,2.912729367054314
117.9,52.28061370203244,3.0,follow,-7.339079446951345,95.76,3.141669027274695
118.0,52.58061370203244,3.0,follow,-12.09907944695135,100.97,3.366720034580598
118.1,52.880613702032434,3.0,follow,-13.559079446951344,102.88,3.189027987819045
118.2,53.18061370203243,-8.0,emergency,-4.719079446951341,94.49,2.8993010338466676
118.3,52.380613702032434,3.0,follow,-7.799079446951353,96.37,3.1207281348057316
118.4,52.68061370203243,3.0,follow,-9.009079446951347,98.03,3.116950305922489
118.5,52.98061370203243,3.0,follow,-9.449079446951359,98.92,3.182691337704551
118.6,53.280613702032426,-8.0,emergency,-5.799079446951367,95.72,2.97076898923133
118.7,52.48061370203243,3.0,follow,-10.61907944695136,99.34,3.099472631742479
118.8,52.780613702032426,3.0,follow,-7.529079446951371,96.7,3.039865904687708
118.9,53.08061370203242,3.0,follow,-8.419079446951372,98.04,3.078119653115003
119.0,53.38061370203242,3.0,follow,-9.61907944695136,99.69,3.0786939653877776
119.1,53.68061370203242,-8.0,emergency,-7.569079446951378,98.09,2.979592084394959
119.2,52.88061370203242,3.0,follow,-7.469079446951369,96.79,3.040783344803052
119.3,53.18061370203242,3.0,follow,-7.969079446951369,97.74,3.042905746032354
119.4,53.480613702032414,3.0,follow,-7.579079446951383,97.8,3.0240613521150914
119.5,53.78061370203241,-8.0,emergency,-6.289079446951376,96.96,2.9257152831196285
119.6,52.980613702032414,-8.0,emergency,-7.819079446951392,97.29,2.958886378510214
119.7,52.18061370203242,3.0,follow,-14.469079446951369,102.74,3.2165944260946535
119.8,52.480613702032414,3.0,follow,-10.969079446951383,99.69,3.1497019596052414
119.9,52.78061370203241,-8.0,emergency,-7.989079446951379,97.16,2.9246900996911998
120.0,51.980613702032414,-8.0,emergency,62.45092055304862,25.52,0.5438974042851143
120.1,51.18061370203242,-8.0,emergency,63.51092055304862,23.26,0.49774651256053104
120.2,50.38061370203242,-8.0,emergency,62.80092055304864,22.77,0.4909378764645843
120.3,49.58061370203242,-8.0,emergency,63.64092055304863,20.73,0.4511365209270992
120.4,48.780613702032426,-8.0,emergency,64.23092055304863,18.94,0.41389305054619047
120.5,47.98061370203243,-8.0,emergency,64.23092055304865,17.74,0.390056302147199
120.6,47.18061370203243,-8.0,emergency,65.52092055304865,15.25,0.3369375435427469
120.7,46.380613702032434,-8.0,emergency,65.56092055304865,14.01,0.31237030764118906
120.8,45.58061370203244,-8.0,emergency,65.84092055304865,12.53,0.2811900231847233
120.9,44.78061370203244,-8.0,emergency,65.62092055304866,11.55,0.2610133291658621
121.0,43.98061370203244,-8.0,emergency,65.45092055304868,10.52,0.2391962984253184
121.1,43.180613702032446,-8.0,emergency,65.70092055304866,9.07,0.21004796417641208
121.2,42.38061370203245,-8.0,emergency,66.44092055304867,7.13,0.1682372994909714
121.3,41.58061370203245,-8.0,emergency,66.79092055304868,5.58,0.1341971535097196
121.4,40.780613702032454,-8.0,emergency,67.20092055304869,3.97,0.09735017793030762
121.5,39.98061370203246,-8.0,emergency,67.02092055304868,2.95,0.07472021641467379
121.6,39.18061370203246,-8.0,emergency,66.82092055304868,1.95,0.05109980712642841
121.7,38.38061370203246,-8.0,emergency,65.6109205530487,1.96,0.05388965982420228
121.8,37.580613702032466,-8.0,emergency,63.8809205530487,2.49,0.07192246854520144
121.9,36.78061370203247,-8.0,emergency,62.020920553048704,3.15,0.09615204491131292
122.0,35.98061370203247,-8.0,emergency,60.21092055304871,3.76,0.12199627289550194
122.1,35.180613702032474,-8.0,emergency,57.66092055304871,5.11,0.17404268357123145
122.2,34.38061370203248,-8.0,emergency,55.76092055304871,5.81,0.21242667763496098
122.3,33.58061370203248,-8.0,emergency,53.12092055304872,7.25,0.2815466879310827
122.4,32.78061370203248,-8.0,emergency,50.14092055304872,9.03,0.38490041712837614
122.5,31.980613702032482,-8.0,emergency,48.25092055304872,9.72,0.43314323436349
122.6,31.18061370203248,-8.0,emergency,46.14092055304872,10.63,0.5220864240913755
122.7,30.38061370203248,-8.0,emergency,42.68092055304872,12.89,0.7066648200857254
122.8,29.58061370203248,-8.0,emergency,39.390920553048716,14.98,0.9083955437118574
122.9,28.78061370203248,-8.0,emergency,36.23092055304872,16.94,1.0714321606518247
123.0,27.98061370203248,-8.0,emergency,35.12092055304871,16.85,1.146210650897544
123.1,27.180613702032478,-8.0,emergency,31.490920553048717,19.28,1.5560165512090358
123.2,26.380613702032477,-8.0,emergency,29.360920553048715,20.21,1.6154283459904673
123.3,25.580613702032476,-8.0,emergency,26.440920553048713,21.93,1.895318655063889
123.4,24.780613702032475,-8.0,emergency,21.810920553048717,25.36,2.7927627836787923
123.5,23.980613702032475,-8.0,emergency,22.100920553048713,23.87,2.9036761566959837
123.6,23.180613702032474,3.0,follow,18.070920553048712,26.7,3.713174021913188
123.7,23.480613702032475,3.0,follow,16.830920553048713,28.39,4.638423756521755
123.8,23.780613702032475,3.0,follow,15.210920553048716,30.46,4.952351338523254
123.9,24.080613702032476,3.0,follow,15.030920553048713,31.09,4.872572052136084
124.0,24.380613702032477,3.0,follow,13.770920553048718,32.8,4.97677477135169
124.1,24.680613702032478,3.0,follow,13.420920553048717,33.6,6.4857180891171105
124.2,24.98061370203248,3.0,follow,11.680920553048715,35.79,7.01680270076883
124.3,25.28061370203248,3.0,follow,11.30092055304872,36.62,6.856889871301405
124.4,25.58061370203248,3.0,follow,9.15092055304872,39.22,9.952764458939788
124.5,25.88061370203248,3.0,follow,9.26092055304872,39.56,7.127139830594627
124.6,26.18061370203248,3.0,follow,7.3009205530487264,41.97,7.414390419351595
124.7,26.480613702032482,3.0,follow,6.76092055304872,42.96,8.695276050893638
124.8,26.780613702032483,3.0,follow,4.170920553048724,46.0,10.671334334206447
124.9,27.080613702032483,3.0,follow,4.690920553048727,45.93,11.74495961493936
125.0,27.380613702032484,3.0,follow,6.100920553048724,44.97,11.102021399235207
125.1,27.680613702032485,3.0,follow,0.6609205530487259,50.86,14.825335761315165
125.2,27.980613702032485,3.0,follow,2.8409205530487256,49.13,11.164351912395446
125.3,28.280613702032486,3.0,follow,1.4409205530487341,50.98,23.166264916425288
125.4,28.580613702032487,3.0,follow,0.3309205530487347,52.54,16.729214409909158
125.5,28.880613702032488,3.0,follow,-3.9490794469512736,57.27,28.483840502085002
125.6,29.18061370203249,3.0,follow,0.8909205530487299,52.88,21.936322669789305
125.7,29.48061370203249,3.0,follow,-9.239079446951266,63.46,30.067084250845625
125.8,29.78061370203249,3.0,follow,-6.71907944695127,61.39,33.905630964289685
125.9,30.08061370203249,3.0,follow,-6.289079446951263,61.41,36.110493480445164
126.0,30.38061370203249,3.0,follow,-6.829079446951262,62.4,46.895654166708965
126.1,30.680613702032492,3.0,follow,-8.529079446951258,64.55,123.98828487993082
126.2,30.980613702032493,3.0,follow,-10.049079446951254,66.52,50.754848584934855
126.3,31.280613702032493,3.0,follow,-11.379079446951259,68.3,106.61651441938052
126.4,31.580613702032494,3.0,follow,-12.26907944695126,69.64,41.93630337673644
126.5,31.880613702032495,3.0,follow,-12.369079446951254,70.19,120.88932754134663
126.6,32.180613702032495,3.0,follow,-13.299079446951254,71.57,25.646688378213447
126.7,32.48061370203249,3.0,follow,-14.939079446951254,73.66,85.59008510559252
126.8,32.78061370203249,3.0,follow,-16.38907944695127,75.56,26.788496399047016
126.9,33.08061370203249,3.0,follow,-21.029079446951272,80.65,18.452786152776433
127.0,33.380613702032484,3.0,follow,-21.34907944695128,81.42,24.970759323389753
127.1,33.68061370203248,3.0,follow,-14.24907944695127,74.77,17.42641150951929
127.2,33.98061370203248,3.0,follow,-24.67907944695129,85.65,26.594310253958025
127.3,34.280613702032475,3.0,follow,-25.079079446951283,86.5,17.75956897667826
127.4,34.58061370203247,3.0,follow,-26.079079446951297,87.95,17.658466458482753
127.5,34.88061370203247,3.0,follow,-26.629079446951295,88.95,13.516976383604947
127.6,35.18061370203247,3.0,follow,-32.3290794469513,95.1,17.010654834803987
127.7,35.480613702032464,3.0,follow,-33.4490794469513,96.67,12.619093425158894
127.8,35.78061370203246,3.0,follow,-30.099079446951308,93.77,13.004440935945436
127.9,36.08061370203246,3.0,follow,-35.07907944695131,99.2,18.368282842127226
128.0,36.380613702032456,3.0,follow,-32.519079446951324,97.09,17.121603604421356
128.1,36.68061370203245,3.0,follow,-32.75907944695132,97.78,15.519123155964648
128.2,36.98061370203245,3.0,follow,-36.569079446951335,102.04,12.997709971843705
128.3,37.28061370203245,3.0,follow,-42.81907944695132,108.74,14.853945915737931
128.4,37.580613702032444,3.0,follow,-44.71907944695134,111.09,14.654486347222202
128.5,37.88061370203244,3.0,follow,-44.86907944695133,111.69,12.520439033757615
128.6,38.18061370203244,3.0,follow,-47.16907944695134,114.44,16.753985072519704
128.7,38.480613702032436,3.0,follow,-48.04907944695134,115.77,15.053415044030217
128.8,38.78061370203243,3.0,follow,-45.59907944695135,113.77,12.66839926254175
128.9,39.08061370203243,3.0,follow,-50.90907944695135,119.53,13.192263121557389
129.0,39.38061370203243,3.0,follow,-53.80907944695136,122.88,13.370162644614922
129.1,39.680613702032424,3.0,follow,-55.239079446951365,124.76,10.829284205405681
129.2,39.98061370203242,3.0,follow,-58.44907944695136,128.42,12.589438611366388
129.3,40.28061370203242,3.0,follow,-58.259079446951375,128.68,11.815679402528584
129.4,40.580613702032416,3.0,follow,-58.479079446951374,129.35,11.266819297046911
129.5,40.88061370203241,1.7411795544196167,follow,-62.849079446951365,134.17,12.05414216967219
129.6,41.05473165747438,3.0,follow,-60.30790251378842,131.89,13.979199916673219
129.7,41.354731657474375,3.0,follow,-58.41790251378842,130.45,12.107030053923198
129.8,41.65473165747437,-0.07220365466821477,follow,-62.847902513788455,135.33,11.12478300471587
129.9,41.64751129200755,0.10164791831148534,follow,-62.44873306198866,134.92,12.124903445113343
130.0,41.6576760838387,-8.0,cruise,,,
130.1,40.857676083838705,-8.0,cruise,,,
130.2,40.05767608383871,-8.0,cruise,,,
130.3,39.25767608383871,-8.0,cruise,,,
130.4,38.45767608383871,-8.0,cruise,,,
130.5,37.657676083838716,-8.0,cruise,,,
130.6,36.85767608383872,-8.0,cruise,,,
130.7,36.05767608383872,-8.0,cruise,,,
130.8,35.257676083838724,-8.0,cruise,,,
130.9,34.45767608383873,-6.049551463569987,cruise,,,
131.0,33.85272093748173,-4.623571328400527,cruise,,,
131.1,33.39036380464167,-3.5351560452718243,cruise,,,
131.2,33.03684820011449,-2.7137927291624493,cruise,,,
131.3,32.76546892719825,-2.091996131010089,cruise,,,
131.4,32.55626931409724,-1.621573514282355,cruise,,,
131.5,32.39411196266901,-1.2655176515735338,cruise,,,
131.6,32.267560197511656,-0.9959597404455938,cruise,,,
131.7,32.167964223467095,-0.7918046105677732,cruise,,,
131.8,32.088783762410316,-0.6371060909393655,cruise,,,
131.9,32.02507315331638,-0.5198058704347215,cruise,,,
132.0,31.973092566272904,-0.43078645653681935,cruise,,,
132.1,31.93001392061922,-0.36315377967593765,cruise,,,
132.2,31.893698542651627,-0.31169501086858276,cruise,,,
132.3,31.86252904156477,-0.2724685489682326,cruise,,,
132.4,31.835282186667946,-0.24249400822951195,cruise,,,
132.5,31.811032785844993,-0.219517806517584,cruise,,,
132.6,31.789081005193236,-0.20183591994893302,cruise,,,
132.7,31.768897413198342,-0.18815986227950798,cruise,,,
132.8,31.750081426970393,-0.17751534792033663,cruise,,,
132.9,31.73232989217836,-0.16916566800256927,cruise,,,
133.0,31.7154133253781,-0.16255375272390893,cruise,,,
133.1,31.69915795010571,-0.15725836295118345,cruise,,,
133.2,31.683432113810593,-0.15296096537700166,cruise,,,
133.3,31.668136017272893,-0.14942068583185186,cruise,,,
133.4,31.653193948689708,-0.14645537073131187,cruise,,,
133.5,31.638548411616576,-0.14392726706740788,cruise,,,
133.6,31.624155684909834,-0.14173219461951447,cruise,,,
133.7,31.60998246544788,-0.13979135873703985,cruise,,,
133.8,31.596003329574177,-0.1380451597376533,cruise,,,
133.9,31.582198813600414,-0.13644851200628327,cruise,,,
134.0,31.568553962399786,-0.13496730462409978,cruise,,,
134.1,31.555057231937376,-0.13357572514262817,cruise,,,
134.2,31.541699659423113,-0.13225423600763975,cruise,,,
134.3,31.528474235822348,-0.13098804447114798,cruise,,,
134.4,31.515375431375233,-0.12976594564466115,cruise,,,
134.5,31.502398836810766,-0.12857944769550045,cruise,,,
134.6,31.489540892041216,-0.1274221103802562,cruise,,,
134.7,31.47679868100319,-0.1262890448885381,cruise,,,
134.8,31.464169776514336,-0.125176535658599,cruise,,,
134.9,31.451652122948477,-0.12408175441922875,cruise,,,
135.0,31.439243947506554,-0.12300254396702659,cruise,,,
135.1,31.426943693109852,-0.1219372546724955,cruise,,,
135.2,31.414749967642603,-0.12088462085599438,cruise,,,
135.3,31.402661505557003,-0.11984366731059115,cruise,,,
135.4,31.390677138825943,-0.11881363861987104,cruise,,,
135.5,31.378795774963955,-0.11779394571161195,cruise,,,
135.6,31.367016380392794,-0.11678412544419237,cruise,,,
135.7,31.355337967848374,-0.11578381004725324,cruise,,,
135.8,31.34375958684365,-0.11479270401371267,cruise,,,
135.9,31.33228031644228,-0.11381056662569078,cruise,,,
136.0,31.32089925977971,-0.11283719874068243,cruise,,,
136.1,31.309615539905643,-0.11187243279886738,cruise,,,
136.2,31.298428296625755,-0.1109161252661166,cruise,,,
136.3,31.28733668409914,-0.1099681509186694,cruise,,,
136.4,31.276339869007273,-0.10902839852036372,cruise,,,
136.5,31.265437029155237,-0.10809676755288233,cruise,,,
136.6,31.25462735239995,-0.10717316574214664,cruise,,,
136.7,31.243910035825735,-0.10625750718675064,cruise,,,
136.8,31.23328428510706,-0.10534971094171741,cruise,,,
136.9,31.22274931401289,-0.10444969994628472,cruise,,,
137.0,31.21230434401826,-0.10355740021216109,cruise,,,
137.1,31.201948603997046,-0.10267274020856654,cruise,,,
137.2,31.191681329976188,-0.10179565039593097,cruise,,,
137.3,31.181501764936595,-0.1009260628724653,cruise,,,
137.4,31.171409158649347,-0.10006391110547153,cruise,,,
137.5,31.1614027675388,-0.09920912972735119,cruise,,,
137.6,31.151481854566065,-0.09836165438001654,cruise,,,
137.7,31.14164568912806,-0.09752142159630761,cruise,,,
137.8,31.13189354696843,-0.09668836870918529,cruise,,,
137.9,31.122224710097512,-0.09586243378193426,cruise,,,
138.0,31.112638466719318,-0.09504355555441979,cruise,,,
138.1,31.103134111163875,-0.09423167340131666,cruise,,,
138.2,31.093710943823744,-0.09342672729948465,cruise,,,
138.3,31.084368271093794,-0.09262865780225038,cruise,,,
138.4,31.07510540531357,-0.09183740601899837,cruise,,,
138.5,31.06592166471167,-0.09105291359858692,cruise,,,
138.6,31.05681637335181,-0.09027512271586469,cruise,,,
138.7,31.047788861080225,-0.08950397606051874,cruise,,,
138.8,31.03883846347417,-0.08873941682751241,cruise,,,
138.9,31.02996452179142,-0.0879813887089993,cruise,,,
139.0,31.02116638292052,-0.08722983588708377,cruise,,,
139.1,31.01244339933181,-0.08648470302754507,cruise,,,
139.2,31.003794929029056,-0.08574593527393226,cruise,,,
139.3,30.995220335501664,-0.08501347824234351,cruise,,,
139.4,30.986718987677428,-0.08428727801630531,cruise,,,
139.5,30.9782902598758,-0.08356728114222323,cruise,,,
139.6,30.969933531761576,-0.08285343462470607,cruise,,,
139.7,30.961648188299105,-0.08214568592239457,cruise,,,
139.8,30.953433619706864,-0.08144398294369104,cruise,,,
139.9,30.945289221412494,-0.0807482740427008,cruise,,,
140.0,30.937214394008226,-0.08005850801525316,cruise,,,
140.1,30.929208543206702,-0.07937463409496459,cruise,,,
140.2,30.921271079797204,-0.07869660194944217,cruise,,,
140.3,30.91340141960226,-0.07802436167649107,cruise,,,
140.4,30.90559898343461,-0.0773578638003598,cruise,,,
140.5,30.897863197054576,-0.07669705926803738,cruise,,,
140.6,30.89019349112777,-0.07604189944566198,cruise,,,
140.7,30.882589301183206,-0.07539233611490426,cruise,,,
140.8,30.875050067571717,-0.07474832146934585,cruise,,,
140.9,30.867575235424784,-0.07410980811100076,cruise,,,
141.0,30.860164254613682,-0.07347674904678403,cruise,,,
141.1,30.852816579709003,-0.07284909768510639,cruise,,,
141.2,30.845531669940492,-0.07222680783233537,cruise,,,
141.3,30.83830898915726,-0.07160983368948592,cruise,,,
141.4,30.83114800578831,-0.07099812984877785,cruise,,,
141.5,30.824048192803435,-0.0703916512903433,cruise,,,
141.6,30.817009027674402,-0.06979035337886952,cruise,,,
141.7,30.810029992336514,-0.06919419186033382,cruise,,,
141.8,30.80311057315048,-0.06860312285877868,cruise,,,
141.9,30.796250260864603,-0.06801710287299834,cruise,,,
142.0,30.789448550577305,-0.06743608877340268,cruise,,,
142.1,30.782704941699965,-0.06686003779882066,cruise,,,
142.2,30.77601893792008,-0.06628890755335792,cruise,,,
142.3,30.769390047164745,-0.0657226560032842,cruise,,,
142.4,30.762817781564415,-0.06516124147391755,cruise,,,
142.5,30.756301657417023,-0.06460462264657174,cruise,,,
142.6,30.749841195152367,-0.0640527585555195,cruise,,,
142.7,30.743435919296815,-0.06350560858493637,cruise,,,
142.8,30.73708535843832,-0.06296313246600338,cruise,,,
142.9,30.73078904519172,-0.06242529027383181,cruise,,,
143.0,30.724546516164338,-0.061892042424621874,cruise,,,
143.1,30.718357311921874,-0.06136334967265489,cruise,,,
143.2,30.712220976954608,-0.06083917310751863,cruise,,,
143.3,30.706137059643858,-0.0603194741511377,cruise,,,
143.4,30.700105112228744,-0.059804214554970425,cruise,,,
143.5,30.694124690773247,-0.05929335639723421,cruise,,,
143.6,30.688195355133523,-0.05878686208005979,cruise,,,
143.7,30.682316668925516,-0.05828469432675276,cruise,,,
143.8,30.67648819949284,-0.05778681617904602,cruise,,,
143.9,30.670709517874936,-0.057293190994361254,cruise,,,
144.0,30.6649801987755,-0.05680378244313822,cruise,,,
144.1,30.659299820531185,-0.056318554506160634,cruise,,,
144.2,30.65366796508057,-0.05583747147187257,cruise,,,
144.3,30.64808421793338,-0.0553604979337845,cruise,,,
144.4,30.642548168140003,-0.05488759878786764,cruise,,,
144.5,30.637059408261216,-0.05441873922992224,cruise,,,
144.6,30.631617534338222,-0.05395388475308649,cruise,,,
144.7,30.626222145862915,-0.053493001145268115,cruise,,,
144.8,30.620872845748387,-0.053036054486563566,cruise,,,
144.9,30.61556924029973,-0.052583011146895675,cruise,,,
145.0,30.61031093918504,-0.05213383778340064,cruise,,,
145.1,30.6050975554067,-0.05168850133807257,cruise,,,
145.2,30.599928705272895,-0.05124696903527681,cruise,,,
145.3,30.594804008369366,-0.05080920837933989,cruise,,,
145.4,30.589723087531432,-0.05037518715221867,cruise,,,
145.5,30.58468556881621,-0.04994487341101883,cruise,,,
145.6,30.579691081475108,-0.04951823548577816,cruise,,,
145.7,30.57473925792653,-0.049095241976995885,cruise,,,
145.8,30.56982973372883,-0.048675861753432415,cruise,,,
145.9,30.564962147553487,-0.04826006394977256,cruise,,,
146.0,30.56013614115851,-0.04784781796434845,cruise,,,
146.1,30.555351359362074,-0.047439093456911996,cruise,,,
146.2,30.550607450016383,-0.04703386034636137,cruise,,,
146.3,30.545904063981748,-0.046632088808586714,cruise,,,
146.4,30.541240855100888,-0.04623374927419066,cruise,,,
146.5,30.53661748017347,-0.045838812426430176,cruise,,,
146.6,30.532033598930827,-0.04544724919894194,cruise,,,
146.7,30.52748887401093,-0.045059030773646924,cruise,,,
146.8,30.522982970933565,-0.0446741285786838,cruise,,,
146.9,30.5185155580757,-0.04429251428622338,cruise,,,
147.0,30.514086306647076,-0.04391415981040203,cruise,,,
147.1,30.509694890666037,-0.043539037305306394,cruise,,,
147.2,30.505340986935504,-0.04316711916285865,cruise,,,
147.3,30.50102427501922,-0.042798378010853844,cruise,,,
147.4,30.496744437218133,-0.04243278671084916,cruise,,,
147.5,30.49250115854705,-0.04207031835627917,cruise,,,
147.6,30.488294126711423,-0.04171094627036975,cruise,,,
147.7,30.484123032084387,-0.041354644004255814,cruise,,,
147.8,30.47998756768396,-0.04100138533498687,cruise,,,
147.9,30.47588742915046,-0.040651144263645245,cruise,,,
148.0,30.471822314724097,-0.04030389501335696,cruise,,,
148.1,30.467791925222762,-0.039959612027467006,cruise,,,
148.2,30.463795964020015,-0.03961826996760598,cruise,,,
148.3,30.459834137023254,-0.03927984371188309,cruise,,,
148.4,30.455906152652066,-0.038944308352979906,cruise,,,
148.5,30.452011721816767,-0.03861163919633648,cruise,,,
148.6,30.448150557897133,-0.038281811758360096,cruise,,,
148.7,30.444322376721296,-0.03795480176457522,cruise,,,
148.8,30.44052689654484,-0.03763058514789552,cruise,,,
148.9,30.43676383803005,-0.03730913804678293,cruise,,,
149.0,30.433032924225373,-0.03699043680355274,cruise,,,
149.1,30.429333880545016,-0.03667445796259061,cruise,,,
149.2,30.425666434748756,-0.036361178268672134,cruise,,,
149.3,30.422030316921887,-0.036050574665202006,cruise,,,
149.4,30.41842525945537,-0.03574262429255359,cruise,,,
149.5,30.414850997026114,-0.035437304486342525,cruise,,,
149.6,30.41130726657748,-0.03513459277580888,cruise,,,
149.7,30.4077938072999,-0.034834466882141646,cruise,,,
149.8,30.404310360611685,-0.03453690471684001,cruise,,,
149.9,30.40085667014,-0.03424188438008491,cruise,,,
150.0,30.397432481701994,-0.03394938415912763,cruise,,,
