time,ego_speed,acceleration_cmd,mode,distance_error,distance,ttc
0.0,0.0,3.0,cruise,,,
0.1,0.30000000000000004,3.0,cruise,,,
0.2,0.6000000000000001,3.0,cruise,,,
0.3,0.9000000000000001,3.0,cruise,,,
0.4,1.2000000000000002,3.0,cruise,,,
0.5,1.5000000000000002,3.0,cruise,,,
0.6,1.8000000000000003,3.0,cruise,,,
0.7,2.1000000000000005,3.0,cruise,,,
0.8,2.4000000000000004,3.0,cruise,,,
0.9,2.7,3.0,cruise,,,
1.0,3.0,3.0,cruise,,,
1.1,3.3,3.0,cruise,,,
1.2,3.5999999999999996,3.0,cruise,,,
1.3,3.8999999999999995,3.0,cruise,,,
1.4,4.199999999999999,3.0,cruise,,,
1.5,4.499999999999999,3.0,cruise,,,
1.6,4.799999999999999,3.0,cruise,,,
1.7,5.099999999999999,3.0,cruise,,,
1.8,5.399999999999999,3.0,cruise,,,
1.9,5.699999999999998,3.0,cruise,,,
2.0,5.999999999999998,3.0,cruise,,,
2.1,6.299999999999998,3.0,cruise,,,
2.2,6.599999999999998,3.0,cruise,,,
2.3,6.899999999999998,3.0,cruise,,,
2.4,7.1999999999999975,3.0,cruise,,,
2.5,7.499999999999997,3.0,cruise,,,
2.6,7.799999999999997,3.0,cruise,,,
2.7,8.099999999999998,3.0,cruise,,,
2.8,8.399999999999999,3.0,cruise,,,
2.9,8.7,3.0,cruise,,,
3.0,9.0,3.0,cruise,,,
3.1,9.3,3.0,cruise,,,
3.2,9.600000000000001,3.0,cruise,,,
3.3,9.900000000000002,3.0,cruise,,,
3.4,10.200000000000003,3.0,cruise,,,
3.5,10.500000000000004,3.0,cruise,,,
3.6,10.800000000000004,3.0,cruise,,,
3.7,11.100000000000005,3.0,cruise,,,
3.8,11.400000000000006,3.0,cruise,,,
3.9,11.700000000000006,3.0,cruise,,,
4.0,12.000000000000007,3.0,cruise,,,
4.1,12.300000000000008,3.0,cruise,,,
4.2,12.600000000000009,3.0,cruise,,,
4.3,12.90000000000001,3.0,cruise,,,
4.4,13.20000000000001,3.0,cruise,,,
4.5,13.50000000000001,3.0,cruise,,,
4.6,13.800000000000011,3.0,cruise,,,
4.7,14.100000000000012,3.0,cruise,,,
4.8,14.400000000000013,3.0,cruise,,,
4.9,14.700000000000014,3.0,cruise,,,
5.0,15.000000000000014,3.0,cruise,,,
5.1,15.300000000000015,3.0,cruise,,,
5.2,15.600000000000016,3.0,cruise,,,
5.3,15.900000000000016,3.0,cruise,,,
5.4,16.200000000000017,3.0,cruise,,,
5.5,16.500000000000018,3.0,cruise,,,
5.6,16.80000000000002,3.0,cruise,,,
5.7,17.10000000000002,3.0,cruise,,,
5.8,17.40000000000002,3.0,cruise,,,
5.9,17.70000000000002,3.0,cruise,,,
6.0,18.00000000000002,3.0,cruise,,,
6.1,18.300000000000022,3.0,cruise,,,
6.2,18.600000000000023,3.0,cruise,,,
6.3,18.900000000000023,3.0,cruise,,,
6.4,19.200000000000024,3.0,cruise,,,
6.5,19.500000000000025,3.0,cruise,,,
6.6,19.800000000000026,3.0,cruise,,,
6.7,20.100000000000026,3.0,cruise,,,
6.8,20.400000000000027,3.0,cruise,,,
6.9,20.700000000000028,3.0,cruise,,,
7.0,21.00000000000003,3.0,cruise,,,
7.1,21.30000000000003,3.0,cruise,,,
7.2,21.60000000000003,3.0,cruise,,,
7.3,21.90000000000003,3.0,cruise,,,
7.4,22.20000000000003,3.0,cruise,,,
7.5,22.500000000000032,2.999999999999977,cruise,,,
7.6,22.80000000000003,2.8199999999999967,cruise,,,
7.7,23.08200000000003,2.7407999999999824,cruise,,,
7.8,23.356080000000027,2.6159519999999943,cruise,,,
7.9,23.617675200000026,2.5214188799999917,cruise,,,
8.0,23.869817088000026,2.4174003071999812,cruise,,,
8.1,24.111557118720025,2.3243655751679895,cruise,,,
8.2,24.343993676236824,2.2314210066739113,cruise,,,
8.3,24.567135776904216,2.1440080305205105,cruise,,,
8.4,24.781536579956267,2.0590740367659848,cruise,,,
8.5,24.987443983632865,1.9779965914372921,cruise,,,
8.6,25.185243642776594,1.8998555186153951,cruise,,,
8.7,25.375229194638134,1.8249347239094211,cruise,,,
8.8,25.557722667029076,1.7528990378278473,cruise,,,
8.9,25.73301257081186,1.6837429385989693,cruise,,,
9.0,25.901386864671757,1.6172964118974549,cruise,,,
9.1,26.0631165058615,1.5534818905343784,cruise,,,
9.2,26.21846469491494,1.4921802377838476,cruise,,,
9.3,26.367682718693324,1.4333002498920813,cruise,,,
9.4,26.51101274368253,1.3767422288444422,cruise,,,
9.5,26.648686966566977,1.3224167056375853,cruise,,,
9.6,26.780928637130735,1.2702344649027693,cruise,,,
9.7,26.907952083621012,1.220111517376007,cruise,,,
9.8,27.02996323535861,1.171966300096838,cruise,,,
9.9,27.147159865368295,1.1257209307306062,cruise,,,
10.0,27.259731958441357,1.0813003595698745,cruise,,,
10.1,27.367861994398343,1.0386326235760648,cruise,,,
10.2,27.47172525675595,0.9976485341583987,cruise,,,
10.3,27.57149011017179,0.9582816668177181,cruise,,,
10.4,27.667318276853564,0.920468200478995,cruise,,,
10.5,27.759365096901462,0.8841468416196334,cruise,,,
10.6,27.847779781063426,0.849258710552121,cruise,,,
10.7,27.93270565211864,0.8157472534527563,cruise,,,
10.8,28.014280377463916,0.7835581467952657,cruise,,,
10.9,28.09263619214344,0.7526392113163063,cruise,,,
11.0,28.16790011327507,0.7229403263768113,cruise,,,
11.1,28.240194145912753,0.6944133492639373,cruise,,,
11.2,28.309635480839148,0.6670120368645343,cruise,,,
11.3,28.3763366845256,0.6406919708523758,cruise,,,
11.4,28.44040588161084,0.6154104856073026,cruise,,,
11.5,28.50194693017157,0.5911265990934048,cruise,,,
11.6,28.561059590080912,0.567800946404742,cruise,,,
11.7,28.617839684721385,0.5453957159648034,cruise,,,
11.8,28.672379256317864,0.5238745882268879,cruise,,,
11.9,28.724766715140554,0.5032026768022199,cruise,,,
12.0,28.775086982820774,0.48334647190643376,cruise,,,
12.1,28.823421630011417,0.46427378603993497,cruise,,,
12.2,28.86984900861541,0.44595370181078375,cruise,,,
12.3,28.91444437879649,0.4283565218167169,cruise,,,
12.4,28.95728003097816,0.41145372050474116,cruise,,,
12.5,28.998425403028634,0.3952178979304577,cruise,,,
12.6,29.03794719282168,0.3796227353417635,cruise,,,
12.7,29.075909466355856,0.3646429525156015,cruise,,,
12.8,29.112373761607415,0.35025426677775684,cruise,,,
12.9,29.147399188285192,0.33643335364000104,cruise,,,
13.0,29.181042523649193,0.32315780899047863,cruise,,,
13.1,29.21335830454824,0.3104061127758193,cruise,,,
13.2,29.244398915825823,0.298157594116595,cruise,,,
13.3,29.27421467523748,0.28639239779922077,cruise,,,
13.4,29.3028539150174,0.27509145208995706,cruise,,,
13.5,29.330363060226396,0.2642364378191857,cruise,,,
13.6,29.356786704008314,0.25380975868542205,cruise,,,
13.7,29.382167679876858,0.24379451273116787,cruise,,,
13.8,29.406547131149974,0.23417446494443367,cruise,,,
13.9,29.429964577644416,0.22493402094114218,cruise,,,
14.0,29.45245797973853,0.21605820168631523,cruise,,,
14.1,29.47406379990716,0.20753261921254945,cruise,,,
14.2,29.494817061828414,0.19934345329668374,cruise,,,
14.3,29.514751407158084,0.19147742905680049,cruise,,,
14.4,29.533899150063764,0.18392179543333992,cruise,,,
14.5,29.552291329607097,0.176664304519074,cruise,,,
14.6,29.569957760059005,0.16969319170506125,cruise,,,
14.7,29.58692707922951,0.16299715660976088,cruise,,,
14.8,29.60322679489049,0.15656534476081843,cruise,,,
14.9,29.61888332936657,0.1503873299996428,cruise,,,
15.0,29.633922062366537,0.14445309758025146,cruise,,,
15.1,29.64836737212456,0.1387530279351438,cruise,,,
15.2,29.662242674918076,0.13327788108157818,cruise,,,
15.3,29.675570463026233,0.12801878164347613,cruise,,,
15.4,29.68837234119058,0.12296720446392156,cruise,,,
15.5,29.700669061636972,0.11811496078585007,cruise,,,
15.6,29.71248055771556,0.11345418497773493,cruise,,,
15.7,29.72382597621333,0.10897732178314215,cruise,,,
15.8,29.734723708391645,0.10467711407344141,cruise,,,
15.9,29.74519141979899,0.1005465910838872,cruise,,,
16.0,29.755246078907376,0.09657905711363596,cruise,,,
16.1,29.76490398461874,0.0927680806719337,cruise,,,
16.2,29.774180792685932,0.08910748405248228,cruise,,,
16.3,29.78309154109118,0.08559133331904575,cruise,,,
16.4,29.791650674423085,0.0822139286866303,cruise,,,
16.5,29.799872067291748,0.07896979528163754,cruise,,,
16.6,29.80776904681991,0.0758536742672426,cruise,,,
16.7,29.815354414246634,0.07286051431839766,cruise,,,
16.8,29.822640465678475,0.06998546343371145,cruise,,,
16.9,29.829639012021847,0.06722386107003331,cruise,,,
17.0,29.83636139812885,0.06457123058766924,cruise,,,
17.1,29.842818521187617,0.062023271993599846,cruise,,,
17.2,29.849020848386978,0.05957585497100837,cruise,,,
17.3,29.854978433884078,0.05722501218405256,cruise,,,
17.4,29.860700935102482,0.054966932846490124,cruise,,,
17.5,29.86619762838713,0.05279795654448023,cruise,,,
17.6,29.87147742404158,0.05071456730280843,cruise,,,
17.7,29.87654888077186,0.048713387885477744,cruise,,,
17.8,29.881420219560408,0.046791174321020174,cruise,,,
17.9,29.88609933699251,0.04494481064399096,cruise,,,
18.0,29.890593818056907,0.043171303843864445,cruise,,,
18.1,29.894910948441293,0.041467779013292724,cruise,,,
18.2,29.899057726342622,0.03983147468777872,cruise,,,
18.3,29.9030408738114,0.03825973836927758,cruise,,,
18.4,29.906866847648327,0.03675002222636152,cruise,,,
18.5,29.910541849870963,0.03529987896424345,cruise,,,
18.6,29.914071837767388,0.033906957857444554,cruise,,,
18.7,29.91746253355313,0.03256900093940516,cruise,,,
18.8,29.920719433647072,0.03128383934205132,cruise,,,
18.9,29.923847817581276,0.03004938978021556,cruise,,,
19.0,29.9268527565593,0.028863651174305005,cruise,,,
19.1,29.92973912167673,0.027724701406813775,cruise,,,
19.2,29.93251159181741,0.026630694206152584,cruise,,,
19.3,29.935174661238026,0.025579856154099898,cruise,,,
19.4,29.937732646853437,0.024570483810882844,cruise,,,
19.5,29.940189695234526,0.023600940953839,cruise,,,
19.6,29.94254978932991,0.022669655925137276,cruise,,,
19.7,29.944816754922424,0.021775119083970652,cruise,,,
19.8,29.94699426683082,0.02091588035952654,cruise,,,
19.9,29.949085854866773,0.020090546900173933,cruise,,,
20.0,29.95109490955679,0.019297780815840326,cruise,,,
20.1,29.953024687638376,0.01853629700904733,cruise,,,
20.2,29.95487831733928,0.01780486109191486,cruise,,,
20.3,29.95665880344847,0.017102287384966528,cruise,,,
20.4,29.958369032186965,0.016427436995341792,cruise,,,
20.5,29.9600117758865,0.015779215970428594,cruise,,,
20.6,29.961589697483543,0.0151565735246578,cruise,,,
20.7,29.96310535483601,0.0145585003360587,cruise,,,
20.8,29.964561204869614,0.013984026910209477,cruise,,,
20.9,29.965959607560634,0.013432222008518836,cruise,,,
21.0,29.967302829761486,0.012902191138849162,cruise,,,
21.1,29.96859304887537,0.01239307510536065,cruise,,,
21.2,29.969832356385904,0.011904048615785711,cruise,,,
21.3,29.971022761247482,0.011434318943619102,cruise,,,
21.4,29.972166193141845,0.010983124643078667,cruise,,,
21.5,29.973264505606153,0.010549734314770375,cruise,,,
21.6,29.97431947903763,0.010133445420044039,cruise,,,
21.7,29.975332823579635,0.009733583142189417,cruise,,,
21.8,29.976306181893854,0.00934949929259119,cruise,,,
21.9,29.977241131823114,0.008980571259833425,cruise,,,
22.0,29.978139188949097,0.008626201000625144,cruise,,,
22.1,29.97900180904916,0.00828581407019655,cruise,,,
22.2,29.97983039045618,0.007958858691189619,cruise,,,
22.3,29.9806262763253,0.007644804859218368,cruise,,,
22.4,29.981390756811223,0.007343143483650038,cruise,,,
22.5,29.982125071159587,0.007053385562429071,cruise,,,
22.6,29.98283040971583,0.006775061389279812,cruise,,,
22.7,29.98350791585476,0.006507719792506349,cruise,,,
22.8,29.98415868783401,0.006250927403331729,cruise,,,
22.9,29.984783780574343,0.006004267953733234,cruise,,,
23.0,29.985384207369716,0.005767341601306696,cruise,,,
23.1,29.985960941529846,0.005539764281439119,cruise,,,
23.2,29.98651491795799,0.0053211670844874,cruise,,,
23.3,29.98704703466644,0.005111195657892153,cruise,,,
23.4,29.98755815423223,0.00490950963171457,cruise,,,
23.5,29.9880491051954,0.004715782066897844,cruise,,,
23.6,29.98852068340209,0.004529698925301772,cruise,,,
23.7,29.98897365329462,0.00435095856056833,cruise,,,
23.8,29.989408749150677,0.004179271229318715,cruise,,,
23.9,29.98982667627361,0.004014358621175517,cruise,,,
24.0,29.990228112135725,0.003855953407983747,cruise,,,
24.1,29.990613707476523,0.003703798810093417,cruise,,,
24.2,29.990984087357532,0.0035576481804376666,cruise,,,
24.3,29.991339852175575,0.003417264604442493,cruise,,,
24.4,29.99168157863602,0.0032824205161666948,cruise,,,
24.5,29.992009820687635,0.003152897329340476,cruise,,,
24.6,29.99232511042057,0.0030284850829829678,cruise,,,
24.7,29.992627958928868,0.002908982101190105,cruise,,,
24.8,29.992918857138985,0.0027941946660213542,cruise,,,
24.9,29.993198276605586,0.0026839367036437523,cruise,,,
25.0,29.99346667027595,0.002578029482609878,cruise,,,
25.1,29.993724473224212,0.0024763013241624774,cruise,,,
25.2,29.99397210335663,0.0023785873239361875,cruise,,,
25.3,29.994209962089023,0.0022847290846165435,cruise,,,
25.4,29.994438434997484,0.0021945744592059666,cruise,,,
25.5,29.994657892443403,0.0021079773043638284,cruise,,,
25.6,29.99486869017384,0.0020247972435193163,cruise,,,
25.7,29.99507116989819,0.0019448994393329142,cruise,,,
25.8,29.995265659842122,0.0018681543750616925,cruise,,,
25.9,29.995452475279627,0.0017944376446969554,cruise,,,
26.0,29.995631919044097,0.0017236297511928453,cruise,,,
26.1,29.995804282019215,0.0016556159128832348,cruise,,,
26.2,29.995969843610503,0.0015902858772577134,cruise,,,
26.3,29.996128872198227,0.001527533742442699,cruise,,,
26.4,29.996281625572472,0.001467257785293441,cruise,,,
26.5,29.996428351351,0.0014093602967605533,cruise,,,
26.6,29.996569287380677,0.0013537474232094837,cruise,,,
26.7,29.996704662122998,0.0013003290145967125,cruise,,,
26.8,29.996834695024457,0.0012490184780268975,cruise,,,
26.9,29.99695959687226,0.0011997326376381066,cruise,,,
27.0,29.997079570136023,0.0011523915995638844,cruise,,,
27.1,29.99719480929598,0.0011069186226279725,cruise,,,
27.2,29.99730550115824,0.0010632399937499314,cruise,,,
27.3,29.997411825157617,0.0010212849085526443,cruise,,,
27.4,29.997513953648472,0.0009809853566402182,cruise,,,
27.5,29.997612052184135,0.0009422760112059337,cruise,,,
27.6,29.997706279785255,0.0009050941232423781,cruise,,,
27.7,29.99779678919758,0.000869379419832228,cruise,,,
27.8,29.997883727139563,0.0008350740063463036,cruise,,,
27.9,29.997967234540198,0.0008021222727045084,cruise,,,
28.0,29.99804744676747,0.0007704708031639029,cruise,,,
28.1,29.998124493847786,0.000740068289740492,cruise,,,
28.2,29.99819850067676,0.0007108654490714627,cruise,,,
28.3,29.998269587221667,0.000682814942467047,cruise,,,
28.4,29.998337868715915,0.0006558712992152493,cruise,,,
28.5,29.998403455845835,0.0006299908428943012,cruise,,,
28.6,29.998466454930124,0.000605131620481103,cruise,,,
28.7,29.998526968092172,0.0005812533344595749,cruise,,,
28.8,29.998585093425618,0.000558317277399567,cruise,,,
28.9,29.998640925153357,0.0005362862692919634,cruise,,,
29.0,29.998694553780286,0.0005151245971809715,cruise,,,
29.1,29.998746066240003,0.000494797957416182,cruise,,,
29.2,29.998795546035744,0.00047527339984583246,cruise,,,
29.3,29.998843073375728,0.00045651927464547266,cruise,,,
29.4,29.998888725303193,0.000438505180759563,cruise,,,
29.5,29.998932575821268,0.0004212019168626568,cruise,,,
29.6,29.998974696012954,0.00040458143379495937,cruise,,,
29.7,29.999015154156332,0.00038861678931212396,cruise,,,
29.8,29.999054015835263,0.0003732821041879219,cruise,,,
29.9,29.99909134404568,0.00035855252050254194,cruise,,,
30.0,29.99912719929773,-2.9566646149255282,follow,-2.898690798946596,52.1,11.254821428951859
30.1,29.70346073780518,-2.953513647785427,follow,-2.888537180488285,51.66665392621948,10.756131203401328
30.2,29.408109373026637,-3.1089115022985623,follow,-2.896321070623138,51.21584298891682,13.071570523656389
30.3,29.09721822279678,-2.4921167565847995,follow,-2.790706167558028,50.85512116663714,17.196945688553576
30.4,28.8480065471383,-2.4558439054427263,follow,-2.687689308784144,50.58432051192331,12.558152505452348
30.5,28.602422156594027,-3.08407307714264,follow,-2.6975549386271354,50.206078296263904,13.273525856636049
30.6,28.294014848879762,-2.3951349770660473,follow,-2.582345461943717,49.85867681137593,23.58482809985774
30.7,28.05450135117316,-1.9884721988376066,follow,-2.410525350501125,49.67122667625861,20.073226734230516
30.8,27.8556541312894,-2.470136654546475,follow,-2.339819933804428,49.44366126312967,15.423891423758217
30.9,27.60864046583475,-2.4210282980830784,follow,-2.265163482205928,49.147797216546195,22.35372175681595
31.0,27.366537636026443,-1.831260929438629,follow,-2.097663001096116,48.95214345294355,18.02004978828389
31.1,27.18341154308258,-2.5822017246622258,follow,-2.076315015988577,48.69880229863529,19.222617987829956
31.2,26.925191370616357,-1.7684049982607264,follow,-1.9165038943508748,48.47128316157366,27.774193694560175
31.3,26.748350870790283,-1.9530681951225608,follow,-1.8080782316907928,48.31444807449463,15.20110586861716
31.4,26.553044051278025,-2.563530011730497,follow,-1.8134224075502132,48.016143669366826,16.888990393160558
31.5,26.296691050104975,-1.8153979921549213,follow,-1.6875620108011304,47.75747456435633,27.8194929492036
31.6,26.115151250889483,-1.7633078822359658,follow,-1.568767437066846,47.60395943926738,25.38673049263961
31.7,25.938820462665888,-1.8190790005145123,follow,-1.47415330099804,47.43407739300079,67.87734465022291
31.8,25.756912562614435,-0.990185772107778,follow,-1.252982707182305,47.38238613673935,32.9751352793019
31.9,25.657893985403657,-2.032372822329753,follow,-1.2382442399065,47.248596738198984,27.503790769194016
32.0,25.45465670317068,-1.2074207202518692,follow,-1.0848539868741014,47.09713106788192,
32.1,25.333914631145493,-0.444584762713502,follow,-0.8271323419508718,47.17373960476737,93.61454637173836
32.2,25.28945615487414,-1.6248681986725582,follow,-0.8063902430312524,47.12779398927996,196.81178800373934
32.3,25.126969335006887,-0.32378605440412267,follow,-0.5703569467310601,47.12009705577927,39.36616893824447
32.4,25.094590729566473,-1.9240644869117665,follow,-0.6382481115270835,47.003637982822625,93.15200464187383
32.5,24.902184280875296,-0.04787833056776791,follow,-0.3808568665778438,46.9724195547351,
32.6,24.89739644781852,-1.1892902217295918,follow,-0.3554147617745329,46.99067990995324,62.04238222307164
32.7,24.77846742564556,-0.6340373609984535,follow,-0.24086797107965197,46.926833167388686,
32.8,24.715063689545712,-0.29896127801935113,follow,-0.08926873588445261,46.98332679843411,284.6375658252992
32.9,24.68516756174378,-0.8701516668313198,follow,-0.05794130035592815,46.96981004225974,
33.0,24.598152395060648,-0.13272845715888681,follow,0.09076621016270536,46.987994802753676,975.8184352735299
33.1,24.58487954934476,-0.7755943774398795,follow,0.10718752380206098,46.9845068478192,
33.2,24.50732011160077,0.9781778204839261,follow,0.41179466925796504,47.17277483665912,
33.3,24.60513789364916,-1.1882295972841859,follow,0.30355420682046486,47.21126104729421,119.48046949203189
33.4,24.48631493392074,0.26567353516707826,follow,0.454157153021022,47.183629553902136,
33.5,24.51288228743745,-0.05167639206848651,follow,0.5250178940022181,47.29434132515839,109.25450797520136
33.6,24.5077146482306,-0.606300175291395,follow,0.489997887989432,47.25156986033533,
33.7,24.44708463070146,0.5552639231381464,follow,0.6522344512129905,47.322861397265186,51.601411487038945
33.8,24.502611023015277,-1.329789362404333,follow,0.47168376044074023,47.225600294963655,93.96053435447286
33.9,24.369632086774843,0.560679044678398,follow,0.6341889561239071,47.18863708628617,
34.0,24.42569999124268,-0.30942772668761764,follow,0.622517100297884,47.261067087161905,
34.1,24.39475721857392,0.7362512860658705,follow,0.7844555374436339,47.37659136530451,
34.2,24.468382347180505,-0.324292873234139,follow,0.740179609815705,47.44275313058646,
34.3,24.43595305985709,0.4901030795982796,follow,0.8362282348151169,47.49015782460075,
34.4,24.48496336781692,-0.24438650900554526,follow,0.7912164360936771,47.51866148781906,79.86821384008526
34.5,24.460524716916368,-0.12627804862810454,follow,0.7708219407528745,47.461609016127426,90451.83704914148
34.6,24.447896912053558,0.11242600374588974,follow,0.7909739568417322,47.46281932492207,
34.7,24.45913951242815,0.040862734574190984,follow,0.7931961050370404,47.48190537367926,
34.8,24.463225785885566,0.8074349432748005,follow,0.9197441162623576,47.614582795090705,
34.9,24.543969280213044,-0.10497349099193842,follow,0.8702319467498327,47.6861858670694,55.19430720419891
35.0,24.53347193111385,-0.25900704465917457,follow,0.8006307772872319,47.60083867395801,
35.1,24.507571226647933,0.7798169010847685,follow,0.9127247113213173,47.67408155129321,
35.2,24.58555291675641,-0.3916557924261408,follow,0.8081968844829603,47.68652625961757,499.0588239308579
35.3,24.546387337513796,0.4668672828327588,follow,0.8613065195954945,47.68088752586619,
35.4,24.593074065797072,0.31885349365418814,follow,0.877969020590875,47.767580119286485,
35.5,24.62495941516249,0.6544900963915992,follow,0.9446450550265055,47.88208417777024,
35.6,24.69040842480165,0.3567723965417703,follow,0.9474306980876008,47.98304333529008,149.7558728831627
35.7,24.726085664455827,-0.17473624888157646,follow,0.8583062721607533,47.947434768844495,
35.8,24.70861203956767,0.4827943911162059,follow,0.8906555055362233,47.953573564887726,
35.9,24.75689147867929,0.1997493290067377,follow,0.8675471990008674,48.0028844170198,
36.0,24.776866411579963,0.7260545817993065,follow,0.9328981584918594,48.098197775861806,351.4244088131224
36.1,24.849471869759892,-0.3637716054460014,follow,0.8030427842459815,48.07725058888582,
36.2,24.813094709215292,0.6582888662384433,follow,0.8622990541413529,48.08194111796429,74.76650084189663
36.3,24.878923595839137,-0.64195335306406,follow,0.6926633646216729,48.011048758380376,61.63768695010199
36.4,24.814728260532732,0.36949582680288856,follow,0.7174835415280043,47.9395759323271,
36.5,24.85167784321302,0.3825998198845276,follow,0.7378913831862661,48.0154081480058,
36.6,24.889937825201475,0.6301282311298844,follow,0.7935076276834323,48.128414365485646,
36.7,24.952950648314463,-0.20286492179784582,follow,0.6986933281825074,48.1281193006542,
36.8,24.932664156134678,0.9604036446608022,follow,0.8108566508387156,48.20985288504073,
36.9,25.02870452060076,-0.3061804481338585,follow,0.690925652079514,48.23398243298065,94.81728681321395
37.0,24.99808647578737,0.29596594494467215,follow,0.6890440717208648,48.18617378540192,
37.1,25.02768307028184,0.19777227157762134,follow,0.6688808729509788,48.21040547837374,
37.2,25.0474602974396,0.7971064225928496,follow,0.7494690024703772,48.320659448629776,623.8119532952709
37.3,25.127170939698885,-0.4052488502548271,follow,0.6141859451115579,48.304942354659886,
37.4,25.086646054673402,1.3015689423082046,follow,0.783308667182439,48.413277749192545,23.65493419765646
37.5,25.216802948904224,-2.0141306248472115,follow,0.3703930309457846,48.195597454302124,
37.6,25.015389886419502,2.2405906595674905,follow,0.7329736360309198,48.256058465660175,
37.7,25.23944895237625,-1.6829145280575157,follow,0.37994014185817093,48.239113570422546,104.99341291547636
37.8,25.0711574995705,1.4342467497378846,follow,0.6032615711097478,48.209997820465496,41650.12156302792
37.9,25.21458217454429,-1.0524584491867819,follow,0.37366634119463527,48.19553960301107,28.274107474986298
38.0,25.109336329625613,0.09056053639372191,follow,0.3716014756100918,48.03560597004851,178.34803807128316
38.1,25.118392383264986,-0.14105148526043926,follow,0.33017815682453033,48.00776673172201,
38.2,25.10428723473894,0.2997972476811858,follow,0.36790715613970093,48.024338008248115,
38.3,25.13426695950706,0.4351847699487723,follow,0.4205108730368181,48.12191131229741,91.7889453829856
38.4,25.177785436501935,-0.5542022771139918,follow,0.2984546138943074,48.06513276864721,61.0129745252395
38.5,25.122365208790537,0.1216089114184602,follow,0.3083484345823493,47.99189624776815,95.53188677876503
38.6,25.134526099932383,-0.3412507825002854,follow,0.2386544878763388,47.94044363777491,
38.7,25.100401021682355,0.6750800823322585,follow,0.3488020030831436,47.999403535606675,
38.8,25.16790902991558,-0.4288600039953474,follow,0.25574908774174077,48.007612632615114,84.53398362014337
38.9,25.125023029516047,0.11271627430564848,follow,0.2675757853894396,47.95511032966351,
39.0,25.13629465694661,0.10386212259509636,follow,0.2750388785489335,47.97948086396885,723.7307359868953
39.1,25.14668086920612,-0.06790194559679388,follow,0.2517914732390665,47.97181277704824,
39.2,25.139890674646438,0.4699321811540857,follow,0.3209876976139441,48.0308237095836,71.69949594377286
39.3,25.186883892761845,-0.7255420497927811,follow,0.1788094811646488,47.95913532030742,109.77547150370914
39.4,25.11432968778257,0.4247632209947678,follow,0.2512078198553098,47.92270235152916,118.52382795423148
39.5,25.156806009882047,-0.5847427225687447,follow,0.14281273571788233,47.87802175054095,38.094997457112996
39.6,25.098331737625173,-0.23328407473802512,follow,0.1106909703406771,47.75818857677844,
39.7,25.07500333015137,0.22748208629211664,follow,0.16018324853624222,47.7726882437633,
39.8,25.09775153878058,-0.16063838998265154,follow,0.13628578171437056,47.78291308988524,488.8200603894466
39.9,25.081687699782318,0.05745513064634922,follow,0.15221277023353252,47.77474431990701,182.5639659779499
40.0,25.087433212846953,-0.2320123336523619,follow,0.11685117935187606,47.74800099862231,41.61288035244547
40.1,25.06423197948172,-0.520147870016962,follow,0.03922983145155712,47.635577800674135,123.97608826034896
40.2,25.012217192480023,0.13844224286598833,follow,0.08403029270609608,47.60235608142613,174.86902883593314
40.3,25.026061416766623,-0.38110177575408966,follow,0.034657814599533765,47.57374993974947,75.98895038996375
40.4,24.987951239191215,-0.14335797141643336,follow,0.033027957043529454,47.51495481583035,440.1520091090961
40.5,24.97361544204957,-0.0614523724203232,follow,0.045170108551040755,47.50559327162539,
40.6,24.967470204807537,0.13441470121456578,follow,0.08764094393333721,47.53884625114464,
40.7,24.980911674928993,0.6627480396777381,follow,0.21038757125825214,47.681755083651744,
40.8,25.047186478896766,-0.49538508564650896,follow,0.11925671741691701,47.69003643576207,
40.9,24.997647970332114,0.5257829721073876,follow,0.21279968323068488,47.70927163872886,827.5967282780904
41.0,25.050226267542854,-0.4788141001705922,follow,0.12290961066029382,47.698249011974575,32.00738710009545
41.1,25.002344857525795,-0.4628280168818917,follow,0.050497239933307014,47.554014526222,2128.186070165182
41.2,24.956062055837606,0.3325881231818282,follow,0.12231523688183188,47.55640832063824,
41.3,24.98932086815579,-0.28785379468614236,follow,0.07849493158897758,47.562476233822665,
41.4,24.960535488687174,1.330207242821811,follow,0.31061945192318063,47.751422684953944,474.97081188451466
41.5,25.093556212969357,-1.1659809502863856,follow,0.08773274420297383,47.72806706365701,
41.6,24.97695811794072,1.1554192543069797,follow,0.2879340749518562,47.75337125186294,6862.972381138669
41.7,25.092500043371416,-0.9569173306871588,follow,0.10237118246867283,47.7411212475258,49.09112505745423
41.8,24.9968083103027,0.3092023021864007,follow,0.15822795104147502,47.65344041649553,
41.9,25.02772854052134,0.25490075807504853,follow,0.19507475166138022,47.736667562443394,
42.0,25.053218616328845,0.14947525843706344,follow,0.20751777631724622,47.78734570081051,
42.1,25.06816614217255,0.27057831472752286,follow,0.23727987333442968,47.83952908659326,63.94238711160491
42.2,25.095223973645304,-0.5845036232251295,follow,0.11917072876077128,47.76200668922873,
42.3,25.03677361132279,1.1461945719743485,follow,0.3081689111122614,47.86332932809645,44.04167420833722
42.4,25.151393068520225,-1.550885287302882,follow,0.0161004184640845,47.74319002124442,
42.5,24.996304539789936,1.5773332657882706,follow,0.2931027575805274,47.78755956726543,
42.6,25.154037866368764,-0.33159910920314656,follow,0.20509898107540891,47.93615578062855,53.617590019231244
42.7,25.12087795544845,-0.10629278062556152,follow,0.16875105191103756,47.85006798508371,88.46740286431236
42.8,25.110248677385894,-0.14440543664692201,follow,0.13167010126628043,47.79704311734512,1187.5431994716312
42.9,25.095808133721203,0.15849433139418367,follow,0.15075010339119643,47.794462303973,100.4490232863022
43.0,25.11165756686062,-0.37298891366162623,follow,0.07781019699600478,47.745296547286934,37.54571811746235
43.1,25.07435867549446,-0.4130081113569629,follow,0.010322666495802935,47.62186067973749,1955.0266881535572
43.2,25.033057864358764,0.307781484685291,follow,0.0739680967634655,47.62355489330161,57.167163207755365
43.3,25.06383601282729,-0.8069222651105721,follow,-0.05858272722205271,47.53717129201888,
43.4,24.983143786316234,0.8101784463050384,follow,0.10014123391290752,47.57485691338726,70.67562366391238
43.5,25.06416163094674,-1.1670349735348848,follow,-0.0968016961275211,47.499440750292585,
43.6,24.94745813359325,1.5995264274235415,follow,0.1995077365433815,47.62069493693326,88.60354316076395
43.7,25.107410776335605,-1.742244232517585,follow,-0.1101623052037084,47.5509538592997,136.87242048405776
43.8,24.933186353083848,1.2728910875206858,follow,0.13385569436554334,47.53363522399132,
43.9,25.060475461835917,-0.763128676494662,follow,-0.002125514946150986,47.58858767780772,48.53623525539244
44.0,24.98416259418645,0.061534172939289825,follow,0.021927527109397715,47.49817141838908,
44.1,24.99031601148038,-0.005688083871598332,follow,0.030665800020472034,47.51613981724104,
44.2,24.98974720309322,0.5525023910473584,follow,0.13054429229188713,47.61516509693172,39.68766501323696
44.3,25.044997442197957,-1.198697303782818,follow,-0.07783081058501296,47.489665352711924,
44.4,24.925127711819677,1.0533983771903914,follow,0.12346101380043706,47.511152581529956,
44.5,25.030467549538717,-0.8057717238860834,follow,-0.01859549773199376,47.52710582657608,
44.6,24.94989037715011,1.0170967834462186,follow,0.1662812231359112,47.59111678886107,54.087552296008454
44.7,25.05160005549473,-1.4133228252903742,follow,-0.08444329993049848,47.4929567833116,45.59615423671789
44.8,24.910267772965693,0.5728802359549306,follow,0.03752834656648929,47.402930006015026,
44.9,24.967555796561186,-0.29922687219581046,follow,-0.006159268482868185,47.44517442635891,
45.0,24.937633109341604,0.3592747514505129,follow,0.06696145141234666,47.47341111542475,
45.1,24.973560584486656,-0.19911819141813025,follow,0.03471418024609818,47.495055056976085,
45.2,24.95364876534484,0.3270396181310311,follow,0.09521703242433688,47.5256901804416,102.50364873741003
45.3,24.986352727157943,-0.5676914190330927,follow,-0.0034741830111144623,47.4760549077258,
45.4,24.929583585254633,0.5830512075475778,follow,0.1057211713183932,47.50009654920034,
45.5,24.98788870600939,-0.34757538210672034,follow,0.04147461958531551,47.5233076785994,90.02524042966395
45.6,24.953131167798716,-0.008517524022057452,follow,0.044297810121456394,47.47399456181953,
45.7,24.95227941539651,0.8574715956228514,follow,0.19034749718510824,47.61876662027988,
45.8,25.038026574958796,-0.4494387387243279,follow,0.09392410034580223,47.650963962784,51.34655111024129
45.9,24.99308270108636,-0.09121587750675714,follow,0.07303164104582294,47.562655692675364,
46.0,24.983961113335685,0.4017103989745556,follow,0.13731791133826476,47.613259581341794,66.68886959247503
46.1,25.02413215323314,-0.7337066407812579,follow,0.0016481361687681328,47.53784636601848,
46.2,24.950761489155013,0.9920338779437491,follow,0.17562798337045393,47.601770217102974,
46.3,25.04996487694939,-0.2764982461039932,follow,0.1088264139839552,47.68377372940804,71.17354262887747
46.4,25.02231505233899,-0.07730961616795892,follow,0.08606964566565978,47.61954222417414,
46.5,25.01458409072219,0.5326665791217469,follow,0.16820767901863576,47.69008381510192,
46.6,25.067850748634367,-0.2098835056876008,follow,0.11252261728693469,47.71429874023848,
46.7,25.046862398065606,0.6053458973170152,follow,0.2013189033335081,47.77161250043192,
46.8,25.10739698779731,0.4089505132195899,follow,0.24177731995622764,47.902872801652194,166.67840943217035
46.9,25.148292039119266,-0.35542014448190373,follow,0.14760553906137375,47.87004359774027,66.64426304436861
47.0,25.112750024671076,0.02831974638871787,follow,0.13264355826654395,47.80176859527316,61.069009375451785
47.1,25.11558199930995,-0.39271057304539836,follow,0.04983739637724227,47.723210395342164,65.772318553559
47.2,25.07631094200541,-0.036224555298632145,follow,0.040112888133506885,47.654579301141624,349.60200993439486
47.3,25.072688486475545,-0.03396745174089472,follow,0.03227772278074781,47.64131045249407,
47.4,25.069291741301456,0.15133291013707678,follow,0.056443666411738036,47.66038127836392,
47.5,25.084425032315163,-0.029425421997119495,follow,0.04630122665966496,47.67293877513241,
47.6,25.08148249011545,0.37297149831032683,follow,0.10456679094768617,47.726790526120865,667.6710681040659
47.7,25.118779639946485,-0.31854359353281964,follow,0.03774310220649113,47.71591256212622,
47.8,25.086925280593203,0.9078255582603463,follow,0.18583211317709925,47.8162200340669,166.65042527869807
47.9,25.177707836419238,-0.8760494509626238,follow,0.011887495796123915,47.77844925042498,
48.0,25.090102891322974,1.9588220995009673,follow,0.3382846243082156,47.97343896129268,
48.1,25.28598510127307,-1.32443723738906,follow,0.06286279925576821,47.99184045116537,51.82787540013854
48.2,25.153541377534165,0.7721840599450335,follow,0.18217424711070862,47.912486313411954,50.24688748936357
48.3,25.23075978352867,-1.1385292902021102,follow,-0.036729340233918606,47.809410335059084,
48.4,25.116906854508457,1.1296880823547828,follow,0.1583593678455557,47.83371964960824,166.72212217292278
48.5,25.229875662743936,-1.1034217580238859,follow,-0.05108141078205364,47.79373208333385,
48.6,25.11953348694155,1.192271195255266,follow,0.15647850422737264,47.835778734639696,
48.7,25.238760606467075,-0.8520535841159907,follow,-0.011238235707622835,47.846902673992986,165.69747258599307
48.8,25.153555248055476,0.6331694779721937,follow,0.09621427710423092,47.82654714918744,60.2687050036924
48.9,25.216872195852694,-0.989757901057229,follow,-0.08444836417687185,47.74085992960217,35.18449274406462
49.0,25.117896405746972,0.04836408645979051,follow,-0.06177431959297763,47.61507028902748,106.30822145049008
49.1,25.12273281439295,-0.3824595471892914,follow,-0.11430221400124196,47.569797007588186,
49.2,25.084486859674023,0.5576737621601983,follow,-0.0013819678902464716,47.625348321620784,
49.3,25.140254235890044,-0.49864756498910395,follow,-0.08305845580328963,47.62732289803178,44.50094314125652
49.4,25.090389479391135,-0.2559220099482604,follow,-0.11030026899403822,47.525283950092664,
49.5,25.06479727839631,0.14843066401428873,follow,-0.06539169534143241,47.53180422225303,
49.6,25.07964034479774,-0.08481641532871988,follow,-0.06662032942335117,47.552840187773256,64.29184200434202
49.7,25.071158703264867,-0.4435739678312245,follow,-0.12701373745053246,47.47972431744677,
49.8,25.026801306481744,0.31250570400526684,follow,-0.05115777292402157,47.489044186798594,
49.9,25.05805187688227,-0.3608571546856397,follow,-0.09983881621303681,47.48723899911037,51.72609543632584
50.0,25.021966161413708,-0.3245383330547672,follow,-0.13390685915156553,47.399042382969,
50.1,24.98951232810823,0.30503543768218677,follow,-0.057177342004166576,47.427091150158176,
50.2,25.02001587187645,-0.11441224999155208,follow,-0.06293424484414345,47.46708956297053,
50.3,25.008574646877292,0.49888590363368623,follow,0.03437012796685934,47.5472320982828,
50.4,25.058463237240662,0.002942602337904266,follow,0.03269091869773888,47.620385774558734,43.75010946192359
50.5,25.058757497474453,-0.6460967163332672,follow,-0.07662622140038877,47.51151002481129,62.6175163777028
50.6,24.994147825841125,0.06450480342193915,follow,-0.0491264965345124,47.442095242227175,
50.7,25.00059830618332,0.10219563134948376,follow,-0.019862047666137528,47.48103541160884,
50.8,25.01081786931827,0.09146113361611116,follow,0.002726820699614052,47.51895362467702,
50.9,25.019963982679883,0.11874360697267294,follow,0.02601125238920332,47.55595722640903,
51.0,25.03183834337715,1.6162295137631255,follow,0.2940158770055845,47.84177339207131,
51.1,25.19346129475346,-1.0349722421483383,follow,0.0752353204657723,47.865427262595965,
51.2,25.089964070538628,1.4525568111557339,follow,0.3064847497341603,47.9414308555421,
51.3,25.2352197516542,-0.7173817311609634,follow,0.1370792528953828,47.98990888037668,
51.4,25.163481578538104,0.9767471310491987,follow,0.27733835471570956,48.02256072252287,119.02045415931657
51.5,25.261156291643022,-0.9027003578646289,follow,0.08071065589403048,47.972445093358566,
51.6,25.17088625585656,1.1374572464877828,follow,0.25602708398807295,48.01235646777291,63.94091793970031
51.7,25.28463198050534,-1.2816366981453458,follow,-0.0010547010356276587,47.92589326972238,103.14807262642088
51.8,25.156468310690805,0.9585151483418128,follow,0.1575439726170913,47.8922464386533,92.7302710491469
51.9,25.252319825524985,-1.0654830543881333,follow,-0.04746528218667834,47.8310144561008,248.70558365750244
52.0,25.14577152008617,0.8691106570076013,follow,0.1037800239629263,47.82243730409218,
52.1,25.232682585786932,0.23755788681721116,follow,0.12414516683308818,47.97316904551349,29.383034683616145
52.2,25.256438374468654,-1.0734755974230037,follow,-0.07713235363635818,47.80752520806662,
52.3,25.149090814726353,1.1179851518591921,follow,0.11997990450445428,47.843616126593986,35.20266313934809
52.4,25.260889329912274,-1.7601925094908042,follow,-0.1948068012656492,47.69652719360276,78.07719804248676
52.5,25.084870078963192,1.137506931868782,follow,0.025735067261656752,47.653040185706445,
52.6,25.198620772150072,-0.6177861737344132,follow,-0.08275304973367525,47.715178108491436,321.0532243790969
52.7,25.13684215477663,0.42858128795423056,follow,0.0012306608488259485,47.70649389301377,50.3848436113074
52.8,25.179700283572053,-0.974121125474338,follow,-0.16202656070151278,47.607523864656564,66.14909699405496
52.9,25.08228817102462,0.34393834840979,follow,-0.07813720898283094,47.5452950475541,
53.0,25.1166820058656,-0.15087005050841057,follow,-0.09039616183085997,47.58462684696754,71.37529801060872
53.1,25.101595000814758,-0.3474077443862971,follow,-0.13292515433607832,47.51946734688606,
53.2,25.06685422637613,0.23236166395549776,follow,-0.071499415315742,47.52878192424845,1289.6426434020661
53.3,25.09009039277168,-0.3221940184528489,follow,-0.11236270418623207,47.52277288497128,81.92304764419055
53.4,25.057870990926393,-0.15900196605893624,follow,-0.11882070051095184,47.46798578587864,
53.5,25.0419707943205,0.9584439587247069,follow,0.06183251496583608,47.62478870644659,
53.6,25.13781519019297,-0.6030651075844843,follow,-0.04771559786216528,47.65900718742729,28.748082095857605
53.7,25.077508679434523,-0.47341128827252443,follow,-0.11700669966794663,47.49925631948384,
53.8,25.03016755060727,0.364313614607582,follow,-0.035011761487787396,47.51023956442312,89.61363159628198
53.9,25.066598912068027,-0.7164290505785752,follow,-0.14631869488572846,47.45357967321631,
54.0,24.99495600701017,0.8724311589657388,follow,0.025650062000039497,47.51808407251529,81.23360304544941
54.1,25.082199122906744,-1.1793688327590286,follow,-0.17243452413549676,47.45086416022462,275.55810598363047
54.2,24.96426223963084,0.8399095951595736,follow,-0.0009554231847275219,47.445437936261534,
54.3,25.0482531991468,-0.5762318083734632,follow,-0.09376718237334813,47.47861261634685,
54.4,24.990630018309453,0.8032296958611151,follow,0.05860458705172533,47.54454961451591,53.383053161359356
54.5,25.070952987895563,-1.2672871735988749,follow,-0.15897516611698848,47.447454315726354,147.83303507106038
54.6,24.944224270535674,0.8448693958196379,follow,0.011695482869271245,47.428031888672784,155.89825165875894
54.7,25.02871121011764,-1.0051711523702456,follow,-0.15390604751544146,47.38916076766102,91.35943053344421
54.8,24.928194094880613,0.4756750840752058,follow,-0.04494978414796691,47.347341358172955,
54.9,24.975761603288134,0.30969168545550574,follow,0.018122792911938745,47.48176519784414,
55.0,25.006730771833684,-0.10841226059597771,follow,0.000995962910245396,47.51109212066077,49.65983484528291
55.1,24.995889545774087,-0.4942874265671588,follow,-0.07733115257777001,47.41650316608336,
55.2,24.946460803117372,0.7897536705348509,follow,0.07116588109556687,47.49085708577162,
55.3,25.025436170170856,0.27741168085424206,follow,0.10915921349825197,47.64731346875454,
55.4,25.05317733825628,0.2706526976691281,follow,0.13922972754448892,47.71899573492891,39.99321325081975
55.5,25.08024260802319,-0.8559007140363529,follow,-0.02339243790819978,47.59697147412659,108.11532233976622
55.6,24.994652536619554,0.5161197821988237,follow,0.06952741553530473,47.561506220464636,
55.7,25.046264514839436,0.1309036620331311,follow,0.08248299672153792,47.65187976898069,82.69098398720215
55.8,25.05935488104275,-0.4052222291672736,follow,0.003911959312290492,47.59294428087642,
55.9,25.018832658126023,0.5409496098114299,follow,0.0958120278747856,47.624061015063816,
56.0,25.072927619107165,-0.09985441680583063,follow,0.06537682449234694,47.6747682531531,61.68076683328234
56.1,25.06294217742658,-0.3154935158389098,follow,0.004060769270566311,47.59847403541044,462.38068035192026
56.2,25.03139282584269,0.23308013930063853,follow,0.044245514062133395,47.59133475282617,19.33512369628877
56.3,25.054700839772753,-1.6732199457076098,follow,-0.23918659081023463,47.3428646688489,57.406107021661676
56.4,24.887378845201994,0.8543323930004126,follow,-0.05394148347428995,47.2771267843287,610.9825839467269
56.5,24.972812084502035,-0.9424469990983753,follow,-0.1983725508745522,47.2608455758785,51.77499989130904
56.6,24.8785673845922,0.13399296154674745,follow,-0.1388622394690202,47.178988837419276,
56.7,24.891966680746872,0.5121445736433654,follow,-0.026157851775721497,47.311792169344585,49.18236059133736
56.8,24.94318113811121,-1.1243021170015468,follow,-0.2042976516333468,47.21047405553347,172.81747335101386
56.9,24.830750926411056,0.6807836832068557,follow,-0.05172742672422004,47.194398962892365,
57.0,24.89882929473174,-0.5767448912375676,follow,-0.13372790867842355,47.21451603341919,
57.1,24.841154805607985,1.0971684041713836,follow,0.07666834444641069,47.33840055285839,51.390276927029596
57.2,24.950871646025124,-1.5646072944377667,follow,-0.19099408078181312,47.235313388255875,
57.3,24.79441091658135,1.830229965183026,follow,0.15125592172571345,47.34287229659774,
57.4,24.977433913099652,-1.5110878031663495,follow,-0.12002196436170465,47.34612890528778,65.99371459976057
57.5,24.82632513278302,0.8664857443073273,follow,0.05000869283494325,47.289496392009475,
57.6,24.91297370721375,-0.5020141666713721,follow,-0.03626153953252498,47.3331990212881,
57.7,24.862772290546616,0.5548416379704788,follow,0.06776335641351494,47.36192179223344,151.4262075756826
57.8,24.918256454343663,-0.6866399592336877,follow,-0.052288534716424806,47.32509614679907,
57.9,24.849592458420293,0.6532549489406649,follow,0.07074821332659553,47.34513690095704,339.1668678719577
58.0,24.914917953314358,-0.6737636537965562,follow,-0.04773182434593792,47.3246451056256,
58.1,24.847541587934703,0.6720504415207692,follow,0.07757856493007154,47.34889094683213,
58.2,24.91474663208678,-0.20748895477017212,follow,0.035296335493278264,47.40741628362345,
58.3,24.893997736609762,0.972184007842041,follow,0.19601990504782663,47.53701650996247,57.69071248368681
58.4,24.991216137393966,-1.2599677156222682,follow,-0.04192930986787502,47.444894896223076,
58.5,24.865219365831738,2.1110285617350777,follow,0.3205439108922903,47.6183729596399,35.93244574248543
58.6,25.076322222005246,-2.5260514327418453,follow,-0.14974259556849745,47.46474073743937,254.74546313699094
58.7,24.82371707873106,2.1433130100205022,follow,0.2357934114696718,47.47136902956626,
58.8,25.038048379733112,-1.4730879295888026,follow,-0.04550837800671559,47.51156419159295,
58.9,24.89073958677423,1.4549040194136174,follow,0.20738085275418427,47.54349023291553,131.79449102898374
59.0,25.036229988715593,-1.4239233000731057,follow,-0.0614777490294216,47.49286723404397,242.02655029898548
59.1,24.893837658708282,1.1725326232879492,follow,0.1467269801107136,47.48748346817314,179.9875108832683
59.2,25.011090921037077,-1.1537701761038435,follow,-0.06726200548618522,47.44937437606943,105.1880500431735
59.3,24.895713903426692,0.7545842109298146,follow,0.07223213058671973,47.415802985726756,
59.4,24.971172324519674,-0.22019710865348371,follow,0.025927266495273216,47.48268575327479,
59.5,24.949152613654327,0.40383387282781785,follow,0.09104157142785851,47.51477049190935,101.2778552416174
59.6,24.989536000937107,-0.59131948013419,follow,-0.020487109590021646,47.46381689181564,
59.7,24.930404052923688,0.9451124334645387,follow,0.14217040713774054,47.53777648652327,
59.8,25.02491529627014,-0.5953072778046211,follow,0.020912012491045573,47.55828495689626,
59.9,24.96538456848968,0.9370238973054892,follow,0.17466964731277557,47.62274650004729,
60.0,25.059086958220227,-0.42703381197233947,follow,0.07520736689492935,47.66383780422527,70.18812131092032
60.1,25.016383577022992,0.07429035629794004,follow,0.07562408098847584,47.600199446522964,117.13120838992414
60.2,25.023812612652787,-0.2424801171040353,follow,0.023099266278507002,47.558818185257685,
60.3,24.99956460094238,0.6190875977490103,follow,0.12251482374987432,47.62186172516345,
60.4,25.061473360717283,-0.1344629570519818,follow,0.07950434801579576,47.67171438909172,
60.5,25.048027065012086,0.240907265659406,follow,0.10587108507238696,47.67791168259051,
60.6,25.072117791578027,0.006756830657443827,follow,0.08852321606566704,47.69669990343271,
60.7,25.07279347464377,0.7496835501931529,follow,0.19723034400267636,47.80642055596833,163.2769330468604
60.8,25.147761829663086,-0.6882643498934462,follow,0.04800162850739298,47.76964437300202,
60.9,25.078935394673742,1.0421828605133143,follow,0.2113477415240368,47.829750833534646,
61.0,25.183153680725074,-0.7313703885794676,follow,0.051704944374527884,47.82643546546214,2065.608316593496
61.1,25.110016641867126,0.758395138538871,follow,0.1664088384747444,47.83143380127543,
61.2,25.185856155721012,0.1199076289626021,follow,0.15506395212180735,47.933848185703326,
61.3,25.197846918617273,0.5724129058088825,follow,0.22029311591568757,48.0170634938416,
61.4,25.25508820919816,0.21232099327511922,follow,0.21392235912454538,48.09655467292178,
61.5,25.276320308525673,0.7753225417534055,follow,0.3014421792807056,48.215922642069216,
61.6,25.353852562701015,-0.25634321339115473,follow,0.20175854174758712,48.23253738579911,
61.7,25.3282182413619,0.9121006855017586,follow,0.3123881996200737,48.304715561662924,
61.8,25.419428309912075,-0.5122626014434172,follow,0.16663026580360452,48.295772730671715,
61.9,25.36820204976773,0.9724751680982568,follow,0.29164945104334805,48.343952525694945,
62.0,25.465449566577558,-0.4860734849520149,follow,0.15223321917085286,48.35040756903719,
62.1,25.416842218082355,0.8475176804199698,follow,0.2574600201054196,48.38272334722895,
62.2,25.50159398612435,-0.04241516891685576,follow,0.19617296942998763,48.44856394861652,120.64066102228637
62.3,25.497352469232666,0.06703825490278209,follow,0.16279999784425314,48.40882870169325,
62.4,25.504056294722943,1.3119616791879103,follow,0.34133863013654064,48.597423072220955,100.3962216833403
62.5,25.635252462641734,-1.1289880884878223,follow,0.08301913199417754,48.53589782595678,65.1267862355116
62.6,25.52235365379295,0.8030691291850504,follow,0.1891319798880602,48.47266246057749,
62.7,25.602660566711457,0.2538544444989799,follow,0.18540555383915347,48.58939640390634,
62.8,25.628046011161356,0.5839204237186162,follow,0.23652278604817667,48.67859180279021,
62.9,25.686438053533216,0.24738886754953443,follow,0.22229091713705884,48.751947997436886,
63.0,25.71117694028817,0.550393364997203,follow,0.26006489297581936,48.82683030340807,
63.1,25.76621627678789,0.004437376444129337,follow,0.19988426054744934,48.84920867572929,111.98392007614599
63.2,25.766660014432304,0.04246194417965199,follow,0.15555265263760276,48.80554267428606,
63.3,25.77090620885027,0.4450623634595779,follow,0.18509274012563282,48.841452053401035,243.1057374130294
63.4,25.815412445196227,-0.24856582539019909,follow,0.09379214108707146,48.81691080888141,
63.5,25.790555862657207,1.0961333236320456,follow,0.2410214286298782,48.926855222615686,
63.6,25.90016919502041,-0.5348029321514421,follow,0.09158451058302575,48.94183830311364,139.76625870891084
63.7,25.846688901805265,0.5185336771404858,follow,0.1421360602252193,48.91216941293312,
63.8,25.898542269519314,-0.15057970657446415,follow,0.07250178170221488,48.92031518598119,
63.9,25.88348429886187,0.7663576487965156,follow,0.1667403078022005,48.991966756095,2086.1583751874236
64.0,25.96012006374152,-0.4537934107830124,follow,0.04177465410857195,48.98195474972085,174.86057262545356
64.1,25.91474072266322,0.44033188566109516,follow,0.08636959345970041,48.958480677454524,
64.2,25.95877391122933,0.18340299346258038,follow,0.08044241948759634,49.01860328633159,
64.3,25.977114210575586,0.4179920538496562,follow,0.1142205494106534,49.07989186527403,
64.4,26.01891341596055,-0.11938688581192394,follow,0.052630399737147116,49.08100052367797,
64.5,26.006974727379358,0.3534240425561417,follow,0.07984095987099948,49.09030305094004,
64.6,26.042317131634974,0.2837112374118577,follow,0.09059564032408218,49.15407133777654,74.21531014370169
64.7,26.070688255376158,-0.44023582916641,follow,-0.02102987082530916,49.08500251223893,79.0815712833034
64.8,26.026664672459518,0.16785195008068643,follow,-0.01266096369629821,49.02733604499298,
64.9,26.043449867467587,-0.03391293597664241,follow,-0.03918374295516003,49.02599105824622,
65.0,26.04005857386992,0.3813454051757647,follow,0.00789734005434184,49.067985200859226,
65.1,26.078193114387496,0.30851078119434694,follow,0.03487621783922634,49.15216588942047,
65.2,26.109044192506932,0.961844077319052,follow,0.165695181409383,49.32926147016978,
65.3,26.205228600238836,0.17381034393359285,follow,0.14289570978764488,49.4507386101459,
65.4,26.222609634632196,0.384983875617407,follow,0.15856319473438418,49.49247764668268,
65.5,26.261108022193937,0.2745502457351162,follow,0.15270481117237722,49.54436684446328,205.4861816443906
65.6,26.28856304676745,-0.10269756628424642,follow,0.08466596963535977,49.517510539786535,
65.7,26.278293290139025,0.6821133024845312,follow,0.1582412755640945,49.57568121077263,
65.8,26.346504620387478,-0.10380249526466767,follow,0.08827381815266477,49.60803074873388,
65.9,26.33612437086101,0.8555670501212238,follow,0.18923175535626768,49.69341831164778,1375.6203119175339
66.0,26.421681075873135,-0.49126705472477394,follow,0.04872859025076792,49.68125020406047,
66.1,26.372554370400657,1.2863997620430028,follow,0.2271632114194162,49.785994767020405,
66.2,26.501194346604958,0.301971938647145,follow,0.21108381245247188,49.96287533235991,
66.3,26.531391540469674,0.38397224176976485,follow,0.21064886760842683,50.00773617831294,
66.4,26.56978876464665,0.5614801727067682,follow,0.23907415487829553,50.09375730184827,
66.5,26.625936781917325,0.557684680786533,follow,0.2612584507805451,50.200163623656536,
66.6,26.68170524999598,0.043692543043114984,follow,0.1934352236629735,50.21599309865694,
66.7,26.68607450430029,0.7649661651475014,follow,0.2562738917764733,50.28538564822691,
66.8,26.76257112081504,0.05254604055667955,follow,0.18927185492284337,50.3331285361454,
66.9,26.767825724870708,0.6943615009284219,follow,0.23960737635226792,50.39134596365833,515.1134431179471
67.0,26.83726187496355,-0.2802240427580531,follow,0.1187269637166537,50.37461977616198,
67.1,26.809239470687743,0.9051327089508456,follow,0.21483662306158635,50.4286958290932,
67.2,26.899752741582827,0.1414551580719725,follow,0.16709144256068242,50.51672055493492,
67.3,26.913898257390024,1.264802130739948,follow,0.31348334311088877,50.68433072919592,
67.4,27.040378470464017,0.10712813157360823,follow,0.24172517645349245,50.802292882149516,
67.5,27.05109128362138,1.6917398128385828,follow,0.4445468283553069,51.021183753787376,281.74290188622007
67.6,27.220265264905237,-1.0519782505695812,follow,0.155759329938995,50.98615722729685,
67.7,27.11506743984828,2.0282401895864366,follow,0.427049323539606,51.099650483312026,
67.8,27.317891458806923,-0.9091003413441229,follow,0.1630241492209521,51.139861337431334,
67.9,27.22698142467251,2.549380803814491,follow,0.5176910579553251,51.358163194964085,192.36605414763366
68.0,27.48191950505396,-1.829886326585287,follow,0.0830919868777471,51.30597124445869,100.22273177313423
68.1,27.29893087239543,1.7991418362646387,follow,0.3246818486259997,51.273078157219146,518.2717681117588
68.2,27.478845056021896,-1.194803637376257,follow,0.026926067584113866,51.24519365161696,33.73957958939968
68.3,27.35936469228427,0.5310039289805175,follow,0.06621014396213099,51.105257182388534,1740.3641314423458
68.4,27.412465085182323,-0.1932327791795262,follow,-0.021686953903184758,51.0970106738703,210.73966437455545
68.5,27.39314180726437,0.2859768026949364,follow,-0.015016217752695127,51.07469649314386,
68.6,27.421739487533866,0.318118573258534,follow,-0.00408668691031977,51.12852254439048,
68.7,27.45355134485972,0.40141020405043226,follow,0.018840392614926316,51.199167409904504,
68.8,27.493692365264764,1.114415396129573,follow,0.15625962548088523,51.39679817337803,
68.9,27.60513390487772,0.10129671086800801,follow,0.1015839255736779,51.50928478289026,447.38589243190535
69.0,27.615263575964523,0.20982728627107594,follow,0.07386306134702636,51.49675842529381,140.98520031544444
69.1,27.63624630459163,-0.07208544623566249,follow,0.003764337947202989,51.45813379483465,
69.2,27.629037759968064,0.8317758839724889,follow,0.09567337888575622,51.53923001883785,77.03485976830083
69.3,27.712215348365312,-0.8297831160856661,follow,-0.10431453854665307,51.46400848400132,
69.4,27.629237036756745,2.12784363800327,follow,0.2212292251905268,51.66508478032564,
69.5,27.842021400557073,-0.6415302844311492,follow,0.030850539434325697,51.793882640269935,719.1457294589267
69.6,27.777868372113957,0.8855452419672886,follow,0.12629324488760574,51.79309580305854,50.388840836243155
69.7,27.866422896310684,-1.0608763574768634,follow,-0.1181808310385577,51.68145351342747,
69.8,27.760335260562996,2.0921399294758882,follow,0.20291709652667578,51.84341998737117,
69.9,27.969549253510586,-1.27782237334983,follow,-0.09085881824576347,51.86346506202011,
70.0,27.841767016175602,2.251069883544606,follow,0.25163783613914603,52.01428836040255,59.665354842841545
70.1,28.066874004530064,-2.1494148872250163,follow,-0.19571004684554794,51.90460095994955,250.89958053384333
70.2,27.85193251580756,2.0291885954095843,follow,0.12750893465744895,51.90540770836879,
70.3,28.05485137534852,-1.2089339630268894,follow,-0.14235449218883645,51.93992257083394,
70.4,27.933957979045832,1.5519007465884094,follow,0.09258980436060682,51.99352677292936,
70.5,28.089148053704672,-1.0218224425711044,follow,-0.1401101129981157,51.99361196755889,
70.6,27.98696580944756,1.689487190316786,follow,0.11746667244278797,52.09791538661413,141.96939890679107
70.7,28.15591452847924,-1.444274882439416,follow,-0.18954785895265047,52.04432393376621,
70.8,28.0114870402353,1.6551718379798228,follow,0.07094466938972488,52.088175229742674,
70.9,28.17700422403328,-0.8256486229080473,follow,-0.1250315287105721,52.140474807339345,
71.0,28.094439361742474,1.4845799477361987,follow,0.09637182855138349,52.238030871165094,
71.1,28.242897356516092,-0.33674930343098924,follow,-0.022604899260649347,52.34174113551349,102.05110334560925
71.2,28.209222426172992,0.27327495808603824,follow,-0.020014746363294478,52.29381889289619,65.43087028138166
71.3,28.236549921981595,-0.4844264415126283,follow,-0.14366098227436197,52.21116390069803,
71.4,28.188107277830333,1.5808680138292683,follow,0.09719225616949956,52.379353172914996,
71.5,28.34619407921326,-0.6012069854408488,follow,-0.06555735382621464,52.45373376499367,315.6173433692871
71.6,28.286073380669173,0.6902636501514126,follow,0.014016355922990442,52.44312642692675,
71.7,28.355099745684313,0.7860173055351949,follow,0.09596683383185223,52.62861645235832,
71.8,28.433701476237832,0.009322337074071929,follow,0.03469409037779059,52.68524630473454,
71.9,28.43463370994524,1.220212372387064,follow,0.18483236882216403,52.83678293374002,
72.0,28.556654947183944,-0.34368042292863193,follow,0.049135018245706874,52.88411743902162,
72.1,28.52228690489108,2.0112957354787127,follow,0.32745839119589704,53.11088874853252,
72.2,28.72341647843895,-0.08434873060580828,follow,0.20942238303020133,53.294547100688625,
72.3,28.71498160537837,0.6674677351825439,follow,0.23557653208323615,53.30804894015079,
72.4,28.781728378896624,0.6419846715934259,follow,0.2522835339161915,53.42487610226113,
72.5,28.845926846055967,0.4919152133323955,follow,0.24039314857157734,53.50928341765553,
72.6,28.895118367389205,0.9998543082194696,follow,0.3140940298328019,53.65677158091661,98.43141378247986
72.7,28.99510379821115,-0.6535891443352784,follow,0.09960550377876842,53.592261201095496,
72.8,28.929744883777623,1.5529901733111182,follow,0.2876693870513023,53.68228671271773,
72.9,29.085043901108733,-0.11272241027793573,follow,0.16621647094375902,53.79378232260686,40.29364298652049
73.0,29.07377166008094,-0.19725570320908864,follow,0.05074766647735629,53.66140515659877,68.46561044457401
73.1,29.054046089760032,0.09926942641473852,follow,0.003931412982716154,53.58500054762276,36.107369519963754
73.2,29.063973032401506,-0.6555827354106325,follow,-0.16035630421964697,53.43560324438261,
73.3,28.99841475886044,0.8519142497585909,follow,-0.04586036979409869,53.45176176849657,
73.4,29.083606183836302,0.0970278800335223,follow,-0.07600812564151482,53.549401150112935,
73.5,29.093308971839654,1.1860583200400328,follow,0.08010679516949182,53.72007025292897,
73.6,29.21191480384366,-0.44835752302167453,follow,-0.06199343322088424,53.755878772544605,
73.7,29.167079051541492,1.7511290045263985,follow,0.1855522900782205,53.93617086739046,66.01095789401916
73.8,29.34219195199413,-1.6614576123553617,follow,-0.17633625580015178,53.83695167219105,42.99416841519787
73.9,29.176046190758594,0.9909548090407372,follow,-0.035722233022703165,53.728347053115186,
74.0,29.275141671662666,-0.4241372284116695,follow,-0.15387962154508017,53.75883288594892,
74.1,29.2327279488215,1.014485813834514,follow,-0.012531832165478818,53.83656009106677,
74.2,29.33417653020495,-0.4064187307826891,follow,-0.13112235726114108,53.87014243804628,37.30163266841163
74.3,29.29353465712668,-0.2940203021431298,follow,-0.2105130133564117,53.72978897233361,
74.4,29.264132626912367,0.6205952095001264,follow,-0.12382323072617396,53.772375709642375,84.79673403884524
74.5,29.32619214786238,-0.7948353154573653,follow,-0.286531726937433,53.70275649485614,
74.6,29.246708616316642,1.4430542338955927,follow,-0.048977291250487553,53.82108563322448,
74.7,29.391014039706203,-0.5617659154750005,follow,-0.1845368303054471,53.901984229253856,162.83896682175552
74.8,29.3348374481587,0.45416352107611263,follow,-0.12775568780006097,53.87450048443799,
74.9,29.380253800266313,-0.1883797524989056,follow,-0.18690559598811518,53.88347510441135,149.5708721589573
75.0,29.361415825016422,0.06820626636823718,follow,-0.19279021561492016,53.84933352190971,
75.1,29.368236451653246,0.3763849577641827,follow,-0.14584480073548178,53.90650987674439,
75.2,29.405874947429663,0.6923086521385995,follow,-0.05389003914307011,54.05492238200142,239.3134918109236
75.3,29.475105812643523,-0.5713513686989156,follow,-0.18724691822821882,54.02541180073707,
75.4,29.41797067577363,1.295120027481666,follow,0.012658719499256676,54.1396147331597,
75.5,29.5474826785218,-0.8119329440517857,follow,-0.17135755247517181,54.149866465307525,555.4819305995788
75.6,29.46628938411662,0.8280905040113902,follow,-0.05119654927906936,54.14823752689586,
75.7,29.54909843451776,-0.1898614256566703,follow,-0.12031996833255221,54.20332768344409,209.1997498337978
75.8,29.530112291952094,0.18024653785689077,follow,-0.11585198367926353,54.17931645424888,
75.9,29.54813694573778,0.1263885098979754,follow,-0.12070265893157028,54.2015027596751,160.29452990241273
76.0,29.56077579672758,-0.17706802108700126,follow,-0.17473851508902527,54.16642518000234,
76.1,29.543068994618878,1.800821377679497,follow,0.10951478861213815,54.424118280540455,
76.2,29.72315113238683,-0.8369335307955115,follow,-0.09292353127846553,54.491803167301775,
76.3,29.63945777930728,1.001716993197292,follow,0.04467072041013154,54.50385738937105,
76.4,29.73962947862701,-0.05390824182811155,follow,-0.016549776432164265,54.59289444150835,
76.5,29.734238654444198,0.6832707192501127,follow,0.055112594397634496,54.65647057606393,
76.6,29.80256572636921,0.008523090231932484,follow,0.0023654138731927787,54.70621400342701,
76.7,29.803418035392404,1.0391322933459661,follow,0.12974514679916638,54.83487219988777,
76.8,29.907331264727002,0.2807986493949972,follow,0.10914217632456769,54.97013907341507,
76.9,29.9354111296665,0.23753766483156463,follow,0.08448126594866778,54.98759796044842,
77.0,29.95916489614966,0.2328180632050289,follow,0.06293412660896536,55.001681470833454,
77.1,29.982446702470163,0.39498481647450195,follow,0.07176674688118823,55.04543680058644,39.249574834917794
77.2,30.021945184117612,-0.8724652400642188,follow,-0.1316754940017404,54.90124228217468,79.34334040085288
77.3,29.93469866011119,0.5659199728614486,follow,-0.061275574003225586,54.84077241616356,
77.4,29.991290657397336,0.9289721501417371,follow,0.05770736432782542,55.044643350423826,
77.5,30.08418787241151,0.8423086550033161,follow,0.14194275456541305,55.26822456318268,
77.6,30.16841873791184,-0.07682223678422906,follow,0.05875458252373278,55.31138268939149,
77.7,30.160736514233417,1.1557008133223157,follow,0.19420426661802992,55.43530903796815,
77.8,30.27630659556565,-0.011217926777426945,follow,0.11221848506311005,55.52667837841159,
77.9,30.275184802887907,2.527003887239945,follow,0.4653826937909358,55.878159898122796,
78.0,30.5278851916119,-0.6191608980513938,follow,0.23454359154375481,56.026371378961606,
78.1,30.465969101806763,1.3480743766681218,follow,0.3688208160707873,56.06777446878093,172.00334067864623
78.2,30.600776539473575,-0.8106339685400339,follow,0.12053200562321109,56.021696814833575,54.34902199408252
78.3,30.519713142619572,0.5934958855449775,follow,0.1471557866422586,55.92672550057162,
78.4,30.57906273117407,0.35537754736874017,follow,0.12922513069311492,55.997819227454215,352.04864655677244
78.5,30.614600485910945,0.009559911935927201,follow,0.05645844999670402,55.97835917886312,72.26739486618256
78.6,30.615556477104537,-0.10099511527715882,follow,-0.022531184504138935,55.90080353115267,2187.3438699118833
78.7,30.60545696557682,0.37539592935500277,follow,-0.008927613770246978,55.899257834594984,145.02074894649752
78.8,30.64299655851232,-0.2864269290218149,follow,-0.1075366590247242,55.85695817874375,
78.9,30.614353865610138,1.808970053879484,follow,0.15899199376753614,56.08052279218274,
79.0,30.795250870998085,-0.35047435320048725,follow,0.021121398585805196,56.21399770508293,
79.1,30.760203435678036,0.9927769233417585,follow,0.12967220799807677,56.26997736151513,
79.2,30.859481128012213,0.7002511195994079,follow,0.17080755669559267,56.46002924871391,
79.3,30.929506239972152,0.1910410097842561,follow,0.11981926475846905,56.514078624716696,182.59431095735488
79.4,30.948610340950577,0.07804539767763413,follow,0.05830207919577646,56.48121759062164,
79.5,30.95641488071834,1.4923806147796246,follow,0.24195378147229007,56.6765761025498,
79.6,31.105652942196304,-0.22424158732169858,follow,0.10853139503571185,56.76701080833017,102.1627107452178
79.7,31.083228783464133,0.32652739846802414,follow,0.0888447547875586,56.713687929983756,
79.8,31.115881523310936,0.2969025769547163,follow,0.06727749268625871,56.741099777652664,164.04779079986952
79.9,31.145571781006407,-0.08811280184099973,follow,-0.014815071957585246,56.70354259955202,68.68396413747094
80.0,31.136760500822305,-0.09007024149353016,follow,-0.08327420176366473,56.62186654946979,
80.1,31.127753476672954,1.1880857586131257,follow,0.07246098679306812,56.7640912018025,
80.2,31.246562052534266,0.7066272399120814,follow,0.12159191774767919,56.991434996549074,67.32103668707991
80.3,31.317224776525475,-0.726849289614972,follow,-0.07612464589168155,56.89971251889653,
80.4,31.244539847563978,1.5579629559527648,follow,0.13944876279416007,57.00625853414013,883.2722834932346
80.5,31.400336143159254,-1.056598019627755,follow,-0.11627929491467626,56.98422491982421,1412.7336045699574
80.6,31.294676341196478,1.2131495373417427,follow,0.048742773909843606,56.99075728570456,
80.7,31.415991294930652,-0.7762867430705074,follow,-0.14482878618448325,56.9791581562115,164.68379115616762
80.8,31.338362620623602,0.7281071130546883,follow,-0.0552220367862688,56.95232189414914,
80.9,31.41117333192907,-0.03607814358181016,follow,-0.1075554369373819,57.00920456095623,236.38270494070667
81.0,31.40756551757089,0.11300187051170779,follow,-0.12590026715719915,56.98544800919914,
81.1,31.41886570462206,0.6065301730131312,follow,-0.05873711819615579,57.06956143873693,
81.2,31.479518721923373,0.02313266901525024,follow,-0.09966851634046492,57.1196095665446,
81.3,31.481831988824897,0.4205246320166495,follow,-0.06732161557523852,57.15542636766211,226.95856326418993
81.4,31.52388445202656,-0.29920848695197816,follow,-0.15978875558038652,57.12603792245945,
81.5,31.493963603331363,0.4758906124742996,follow,-0.1073038428707278,57.133641562126314,
81.6,31.54155266457879,0.5993760449278613,follow,-0.04284270119975275,57.269486295668436,
81.7,31.601490269071576,0.38423977199808257,follow,-0.024898134846083053,57.37733726876128,178.47301392499423
81.8,31.639914246271385,-0.2696179128368439,follow,-0.11852552527293625,57.34134584413414,
81.9,31.6129524549877,0.8953561261810254,follow,-0.0023780838461817666,57.41705059863537,
82.0,31.702488067605803,0.3052269587301837,follow,-0.003930309533913601,57.54980179187479,57.98538407691218
82.1,31.73301076347882,-0.5785629423694505,follow,-0.15201542969132475,57.44750071552691,
82.2,31.675154469241875,1.4186216962998075,follow,0.05725356473990928,57.56998526860272,
82.3,31.817016638871856,-0.9419176129211799,follow,-0.16124135359225278,57.564283604715534,
82.4,31.722824877579736,1.7607231798326413,follow,0.10676380058795587,57.69100111695756,
82.5,31.898897195563,-1.268776458174427,follow,-0.17423439594323753,57.67411139740126,49.76637411688859
82.6,31.772019549745554,0.6571592093473557,follow,-0.08711988219162947,57.570909442426704,69.1941787425944
82.7,31.83773547068029,-0.9140072764447043,follow,-0.2754673106617602,57.481135895358676,
82.8,31.74633474303582,1.3735155750147041,follow,-0.050999693498638976,57.56850242105509,
82.9,31.883686300537292,-0.40840622183258724,follow,-0.16039565980457127,57.66513379100137,401.326595335611
83.0,31.842845678354035,0.4422434164466626,follow,-0.10941929436508957,57.65484922316596,
83.1,31.887070019998703,0.6364112462713867,follow,-0.034462808831960956,57.79614222116609,70.73584981279558
83.2,31.950711144625842,-0.8439279020187334,follow,-0.21799561023525627,57.70807110670351,
83.3,31.866318354423967,1.3152594389527492,follow,-0.011038260374839126,57.78843927126111,201.8328143423536
83.4,31.997844298319244,-1.158969616519323,follow,-0.2501116060496713,57.74665484142919,
83.5,31.881947336667313,1.2453321467770162,follow,-0.04846089723851321,57.77446010776246,
83.6,32.006480551345014,-0.362566835672866,follow,-0.1479087743895633,57.861812052627954,
83.7,31.970223867777726,0.4890774588049885,follow,-0.08854613581640791,57.866789665850185,
83.8,32.019131613658224,0.05037916649978397,follow,-0.11182091600296928,57.916876504484364,
83.9,32.0241695303082,1.2603142045177158,follow,0.07020525599124738,58.10645955145355,
84.0,32.150200950759974,-0.6360972493705889,follow,-0.09386196976241479,58.13143945637755,
84.1,32.086591225822914,1.8062895382387278,follow,0.17589349506088325,58.305780333795255,330.17371085166087
84.2,32.267220179646785,-1.3850959171534667,follow,-0.13077195363960215,58.270058315830575,
84.3,32.12871058793144,2.282073726531048,follow,0.2241213751402782,58.41718725703743,
84.4,32.35691796058454,-0.24042767719493796,follow,0.09911852010217359,58.63449546097898,34.75835626331314
84.5,32.332875192865046,-0.39737570520011517,follow,-0.0311048476050928,58.46820794169248,
84.6,32.293137622345036,0.6642404495280696,follow,0.03718774594041463,58.47689417945797,
84.7,32.35956166729784,0.5727959870822512,follow,0.07859551178142965,58.61793801272819,
84.8,32.41684126600607,0.21921584964184365,follow,0.0539919871184793,58.67925388612758,
84.9,32.43876285097025,0.8685061641883179,follow,0.14123332457518245,58.79937760103056,
85.0,32.52561346738908,-0.24415623023392607,follow,0.02839605320803429,58.81681625429165,
85.1,32.501197844365684,1.0941900212591256,follow,0.15689970330656422,58.90869646985509,
85.2,32.610616846491595,-0.17241516595232548,follow,0.05270951546853553,58.96863478520593,
85.3,32.59337532989636,1.695208909804568,follow,0.27623425737175467,59.166297252216296,
85.4,32.76289622087682,-0.38954728508544667,follow,0.11466329881339021,59.259007630128615,
85.5,32.723941492368276,1.4261691937091052,follow,0.28170124233938054,59.36761348089179,
85.6,32.866558411739184,-0.5567054448603632,follow,0.09012002210909742,59.38995763971787,
85.7,32.81088786725315,1.0436335773556658,follow,0.19653705211282357,59.41286885299255,
85.8,32.915251224988715,-0.2976431894160735,follow,0.061466893010603485,59.43434373049368,
85.9,32.885486906047106,1.3186456265576512,follow,0.21756468081831315,59.54579503988897,
86.0,33.01735146870287,-0.532254603805211,follow,0.039032689964379585,59.565059893018685,
86.1,32.964126008322346,1.4413280544898566,follow,0.2184582797029364,59.66464729218645,
86.2,33.10825881377133,0.8674782322964347,follow,0.27143319015232237,59.933821410809315,
86.3,33.19500663700097,0.6765255046142766,follow,0.28281079160775846,60.07532074710922,
86.4,33.2626591874624,0.12115035165022192,follow,0.19906604716938148,60.09305482836298,
86.5,33.27477422262742,1.4850825452236533,follow,0.35541607215910886,60.26757740610024,
86.6,33.42328247714978,-0.6325648478629025,follow,0.1323254426605871,60.26724915838526,37.126778614776065
86.7,33.36002599236349,0.11760521870031121,follow,0.07120757060367566,60.11124655914891,122.66950630357486
86.8,33.37178651423352,0.016345736341990103,follow,0.00338813637527835,60.06106790772556,44.76201487390474
86.9,33.37342108786772,-0.46798902460170033,follow,-0.13340583286279184,59.92672579893879,
87.0,33.32662218540755,0.8065002385313941,follow,-0.03486969771329029,59.95506358039803,
87.1,33.40727220926069,-0.046285416539153024,follow,-0.09457195441906663,60.016336359471964,
87.2,33.402643667606775,1.6992186711369048,follow,0.14610649130112563,60.250071992711284,
87.3,33.57256553472047,-0.5375303395764068,follow,-0.026032862841461224,60.33281543923924,
87.4,33.51881250076283,1.0254705450579855,follow,0.0907154380187194,60.36893418916296,
87.5,33.621359555268626,0.3354449950583648,follow,0.07275890073315594,60.504798233636095,35.149424795329296
87.6,33.65490405477446,-0.9326762120110919,follow,-0.15304825400304622,60.32930782815865,
87.7,33.561636433573355,1.56428008302468,follow,0.07468953444127635,60.41714418480131,
87.8,33.718064441875825,-0.2016947774886504,follow,-0.029758922200009863,60.54733774061373,62.544738884625026
87.9,33.69789496412696,-0.0685500570583854,follow,-0.09429420198940619,60.45254824420103,
88.0,33.69103995842112,1.3910951044030069,follow,0.09488431072723813,60.63144424835892,
88.1,33.83014946886142,-0.297448632496191,follow,-0.028794901819360064,60.71642930147277,
88.2,33.8004046056118,0.6730040747661779,follow,0.02978193249388994,60.730388840911594,
88.3,33.86770501308842,0.4847344444567554,follow,0.047060819970127454,60.84861833960275,
88.4,33.916178457534095,1.6855865886949768,follow,0.2607328075482016,61.13500049384934,
88.5,34.084737116403595,-0.5533351267109878,follow,0.06542110760359066,61.19252678220898,
88.6,34.0294036037325,1.3640124451371776,follow,0.2214810162369858,61.26558642183573,
88.7,34.16580484824622,-0.7132752343082103,follow,0.0052986646417778616,61.25400593701111,128.73766663536247
88.8,34.094477324815394,0.768334684002143,follow,0.07184221730647522,61.21355820452957,
88.9,34.17131079321561,0.5190384478550293,follow,0.08546093538458877,61.342427125208005,142.2232600948232
89.0,34.22321463800111,-0.3069328543175537,follow,-0.04071629559376788,61.2941056614079,
89.1,34.19252135256936,0.9298814878643211,follow,0.06007149729692429,61.34885352615096,
89.2,34.28550950135579,-0.4640157500008673,follow,-0.08796167601830263,61.34030257601538,
89.3,34.2391079263557,1.2899141336395732,follow,0.08072989384626084,61.43939178337981,
89.4,34.368099339719656,-0.26407738299404226,follow,-0.03756716017163342,61.51458184940785,
89.5,34.34169160142025,1.4911800766806043,follow,0.1558752871354443,61.66841268926582,1479.1567267384146
89.6,34.49080960908831,-0.9343176480258186,follow,-0.08688268527547649,61.64933172835699,
89.7,34.39737784428573,1.2373819342306152,follow,0.07252717749982907,61.66859394392842,119.19450093396638
89.8,34.52111603770879,-1.0615245774067823,follow,-0.17719171640563047,61.604482340157546,1007.9920860331188
89.9,34.41496357996811,1.169194676049899,follow,-0.013459387791428412,61.60898598216073,
90.0,34.531883047573096,-0.2009725418889945,follow,-0.10502689395622156,61.69279767740342,
90.1,34.5117857933842,1.205727608764318,follow,0.05294040798870725,61.820619098065,116.25097899785588
90.2,34.632358554260634,-1.064541973179662,follow,-0.19315458875200875,61.75538324263894,
90.3,34.52590435694267,1.8963768976506499,follow,0.09493627153067763,61.883792806944676,
90.4,34.71554204670773,-0.31882332902878363,follow,-0.03407446778769696,62.039238602273905,
90.5,34.68365971380485,0.9423431966098522,follow,0.06838306018614304,62.09387263089342,
90.6,34.777894033465834,0.7436151032592486,follow,0.12024217734808218,62.28708322754684,70.15148303724202
90.7,34.852255543791756,-0.7640379146091647,follow,-0.08752564251997086,62.19085767316766,41.67574242354188
90.8,34.77585175233084,0.11063415386964426,follow,-0.11450513056167466,62.04927249793458,30.628733038606597
90.9,34.7869151677178,-1.0828840804434712,follow,-0.33479177041390074,61.8455809811628,
91.0,34.678626759673456,1.8453642987263448,follow,-0.03022183431473735,61.98771830519545,
91.1,34.86316318954609,-1.1537180203123638,follow,-0.27534279807829165,62.019401986240844,131.07402130274835
91.2,34.74779138751486,0.8927968996019359,follow,-0.1380642337829272,61.98362284748936,1072.5408319976798
91.3,34.83707107747505,-0.691089595531069,follow,-0.2866908764707219,61.96891573974185,37.62370463983841
91.4,34.76796211792195,-0.2795694898460288,follow,-0.34082364893326655,61.81111952794966,
91.5,34.740005168937344,1.4888860371187178,follow,-0.0908887423500957,62.01911901105592,172.2728570651447
91.6,34.88889377264922,-1.4134244132971816,follow,-0.3651110251828271,61.968229633791,107.04594273005067
91.7,34.7475513313195,0.9633011241158085,follow,-0.1968524963202043,61.924474500659045,
91.8,34.84388144373108,-0.7240261143263831,follow,-0.3367358093106816,61.929086356285936,243.9291562477667
91.9,34.77147883229844,0.5132010586328363,follow,-0.24627977539157087,61.91093847305609,125.96867739659216
92.0,34.822798938161725,-0.7341902231893525,follow,-0.37753982800266783,61.85665857923992,37.883818474845846
92.1,34.74937991584279,-0.3612136944913113,follow,-0.4233492861085466,61.70072058765564,193.18910653739198
92.2,34.713258546393654,0.015020931512672087,follow,-0.397493086574201,61.672394733016276,
92.3,34.71476063954492,0.5235602659474436,follow,-0.2902222902555991,61.78191866906178,
92.4,34.767116666139664,-0.2187373146173186,follow,-0.3234679967616856,61.827207002447814,
92.5,34.74524293467793,0.544745406401222,follow,-0.22318169303687796,61.89468270898002,40.848025945183316
92.6,34.799717475318054,-1.3980247682053037,follow,-0.46186525152886304,61.737710961448215,29.40286571272956
92.7,34.65991499849753,-0.13129674418213194,follow,-0.4481530361478292,61.54171946159846,53.98798993145465
92.8,34.64678532407931,-0.7685846869095438,follow,-0.5411370569284415,61.42904092919053,62.2516766617955
92.9,34.56992685538835,-0.16823131880945508,follow,-0.5168420394308342,61.33804824365169,
93.0,34.553103723507405,-0.0897988077526366,follow,-0.4819177139601578,61.34773787130095,22.283118993114083
93.1,34.54412384273214,-1.844933019309301,follow,-0.74286027707047,61.07332548702774,
93.2,34.35963054080121,1.484359521574799,follow,-0.4040833782541995,61.135362432947616,54.60315720683983
93.3,34.50806649295869,-2.3213593168148314,follow,-0.7535439557862915,61.008555783651744,38.41687741297795
93.4,34.27593056127721,0.6907899569248385,follow,-0.5409331143917839,60.872962727524026,30.65211035796484
93.5,34.34500955696969,-2.243981996734418,follow,-0.8500525636274787,60.66746177182706,22.101002023031175
93.6,34.12061135729625,-0.2064780958696789,follow,-0.7655163998469448,60.41540063609743,600.4829102762969
93.7,34.09996354770928,-0.5061575779199043,follow,-0.7425410402374126,60.40740428132651,68.64762118678546
93.8,34.04934778991729,-0.6780922734408641,follow,-0.7495521825411586,60.32446950233478,27.05924565703264
93.9,33.981538562573206,-1.3469564973249408,follow,-0.8639921977823519,60.10831564607746,27.179411050440475
94.0,33.846842912840714,-0.8259939815203435,follow,-0.8696330144676878,59.90063135479338,50.899428208479215
94.1,33.76424351468868,-0.7280445889127511,follow,-0.8551582687085073,59.791207003324516,
94.2,33.6914390557974,0.38685646911539395,follow,-0.6550954859513283,59.882063097744776,56.952481237565145
94.3,33.73012470270894,-1.632145817031547,follow,-0.8221364265895375,59.77305062747388,25.32622558412555
94.4,33.56691012100579,-0.6620960624382793,follow,-0.7970055661353825,59.5533596153733,59.14466283831402
94.5,33.50070051476196,-0.7721194415366583,follow,-0.7917612082458305,59.45928956389711,58.25341390933226
94.6,33.42348857060829,-0.6849327189478909,follow,-0.7702921490761554,59.36494070683628,17.597492762849907
94.7,33.354995298713504,-2.1787967823934267,follow,-0.9980517711053309,59.034441176964926,78.19179970730738
94.8,33.13711562047416,0.5841501833061449,follow,-0.7249438157937362,58.98072961491751,76.88636242143093
94.9,33.195530638804776,-1.820345529653625,follow,-0.8951194071701352,58.89817655103703,
95.0,33.013496085839414,0.78673740868691,follow,-0.600417186306025,58.91982694245309,
95.1,33.0921698267081,-0.6820921550823179,follow,-0.5976447802798717,59.04060995978228,
95.2,33.02396061119987,0.22469784727833086,follow,-0.4427270181375107,59.09321389866229,66.85050572383597
95.3,33.0464303959277,-1.3073187582370236,follow,-0.5670747348220289,59.00257085906952,33.40214876006047
95.4,32.915698520104,-0.5011033399254641,follow,-0.5345467730968778,58.839001007059125,
95.5,32.86558818611145,0.9365581439004897,follow,-0.26694009071919567,59.03144218844798,106.25035532452156
95.6,32.9592440005015,-1.6433709620463475,follow,-0.4723482123544187,58.96651778839783,78.70135463070672
95.7,32.794906904296866,0.5060727042238097,follow,-0.2843332584771545,58.908027097968144,88.59590224929784
95.8,32.84551417471925,-1.3274119154271249,follow,-0.43179558158264797,58.83647568049622,105.9135452488346
95.9,32.712772983176535,0.3454074122270745,follow,-0.27496109258623846,58.794198382178564,73.23888523195274
96.0,32.74731372439924,-1.2602300099360364,follow,-0.410503576860215,58.71046700973864,45.25541193740643
96.1,32.621290723405636,-0.1578569766212986,follow,-0.3385981477103712,58.59333793739808,49.1847512837947
96.2,32.605505025743504,-1.0892652609333031,follow,-0.4324701037915304,58.47578743482373,79.50426630424728
96.3,32.49657849965018,-0.022148608769973488,follow,-0.3317381646165529,58.41312958485871,50.07218082827262
96.4,32.49436363877318,-1.2133897847593966,follow,-0.44485223717838096,58.29669322098139,42.41722610838259
96.5,32.37302466029724,-0.31534633655503885,follow,-0.38814623549419736,58.171390754951666,111.22112430012852
96.6,32.341490026641736,-0.6177585238149401,follow,-0.3899932876751109,58.12224175228749,65.93635775292799
96.7,32.27971417426024,-0.5519551145636346,follow,-0.3793009265288916,58.04027033486147,
96.8,32.22451866280388,0.4004122946176992,follow,-0.2109595256247374,58.12581846858108,18.543778079338832
96.9,32.26455989226565,-2.718171257599308,follow,-0.5884773590439636,57.808362479354514,
97.0,31.99274276650572,1.965685862491683,follow,-0.1220259470546381,57.86708820270394,
97.1,32.18931135275489,-1.8486314845845397,follow,-0.367809961703891,57.91615706742845,21.455900968341325
97.2,32.00444820429644,-0.4714511989789638,follow,-0.34196005944585295,57.6647122469988,62.377439838162836
97.3,31.957303084398543,-0.7099559355879801,follow,-0.35897268803886107,57.57698193855895,60.144987388955904
97.4,31.886307490839744,-0.5245391460333204,follow,-0.3411100467846424,57.488351189474976,30.15691406854352
97.5,31.83385357623641,-1.263035557266304,follow,-0.44781453250327985,57.30296583185134,43.61442315055996
97.6,31.70755002050978,-0.3128534234585667,follow,-0.37711420096430714,57.184210829800364,36.95144588021988
97.7,31.676264678163925,-1.3041820600442975,follow,-0.48181265526191197,57.03258436198397,
97.8,31.545846472159496,1.1363307823184248,follow,-0.1617699934712249,57.15699971476802,
97.9,31.65947955039134,-1.306291312273559,follow,-0.30116756585812254,57.188051759728886,
98.0,31.528850419163984,0.9863463009900674,follow,-0.03510891093348789,57.258166717812486,
98.1,31.62748504926299,-1.2097258613021333,follow,-0.17880936100829814,57.26241821288619,33.147851691866414
98.2,31.506512463132776,-0.3695378481983264,follow,-0.15800172812625135,57.10176696657291,52.075802953877165
98.3,31.469558678312943,-0.7808976945923578,follow,-0.2085269187277916,56.99581109874162,336.14210529259134
98.4,31.391468908853707,0.11764405512776155,follow,-0.10053915542430758,56.98666420785625,33.10351056284986
98.5,31.40323331436648,-1.5739445815271584,follow,-0.2915090951301238,56.8133408764196,
98.6,31.245838856213766,0.8951719007776677,follow,-0.039001293522424874,56.829756990798224,74.20589400720559
98.7,31.335356046291533,-1.6914116994009918,follow,-0.25881268326822493,56.74422138616907,55.34099261558873
98.8,31.166214876351432,0.4143724046581747,follow,-0.09072241599321984,56.65859989853393,
98.9,31.20765211681725,-0.7765782357669946,follow,-0.14864348837366492,56.66283468685221,228.80012258754692
99.0,31.12999429324055,0.10896783873452665,follow,-0.04915618233267338,56.645835257528155,59.006429159401534
99.1,31.140891077114002,-1.0723262019169388,follow,-0.16259046585424386,56.54874614981676,
99.2,31.033658456922307,0.7466615756376247,follow,0.04589261874107109,56.59638030412453,34.857318706918605
99.3,31.10832461448607,-1.9914628156855316,follow,-0.2359390790531819,56.42654784267592,284.51611005975064
99.4,30.909178332917516,1.2117624578523607,follow,0.06286251000789633,56.42663000938417,815.6691210911848
99.5,31.030354578702752,-1.4898031930726012,follow,-0.13793731654023134,56.407594551513895,53.19691703554806
99.6,30.881374259395493,0.30808217252570613,follow,-0.005604263518890207,56.316457125574345,147.66716876707994
99.7,30.912182476648063,-0.880027230584232,follow,-0.09303483706255378,56.27523887790954,29.740915356958173
99.8,30.82417975358964,-0.7361866820505643,follow,-0.14144872783388251,56.09482090255057,
99.9,30.750561085384582,0.27585259773955007,follow,-0.013076834064754905,56.112764794012115,64.45586155418773
100.0,30.778146345158536,-1.156047403331656,follow,-0.1442693582415444,56.02295015949626,44.884921048565374
100.1,30.66254160482537,-0.14084941050892308,follow,-0.08411640822433242,55.90969599901372,
100.2,30.64845666377448,-0.17070038266213955,follow,-0.038834663025440364,55.933850332636275,40.577155454041375
100.3,30.631386625508263,-1.0632981049291534,follow,-0.14936826817694282,55.79771167008545,27.333240539965313
100.4,30.525056815015347,-0.7183634584234067,follow,-0.1833792339391067,55.604205988583914,26.289698505418375
100.5,30.453220469173008,-1.1333127337771924,follow,-0.2799467620928979,55.399883941666616,339.4175021206709
100.6,30.339889195795287,0.337274074481935,follow,-0.11493877160584987,55.394895022087084,31.12266491248383
100.7,30.37361660324348,-1.8864203377951767,follow,-0.3468915431024868,55.213533361762735,
100.8,30.18497456946396,1.5869085630377207,follow,0.038574050620397315,55.31603590481634,22.71729512024994
100.9,30.343665425767732,-3.3340129432994843,follow,-0.4588287764120267,55.05666936223957,
101.0,30.010264131437783,2.7803592970082502,follow,0.14524675193911207,55.16064294909579,172.23484472475806
101.1,30.288300061138607,-3.1079544917125244,follow,-0.3316371487259815,55.100812942981925,59.356683522564865
101.2,29.977504611967355,1.7045773982504677,follow,0.0728055638341587,55.03906248178519,52.04616779816402
101.3,30.1479623517924,-2.5946467796727477,follow,-0.3056772810826516,54.91626624660595,122.59125354368098
101.4,29.888497673825125,1.521144341691442,follow,0.06466996848575235,54.89741647922344,88.75929336921841
101.5,30.040612107994267,-2.166800336340798,follow,-0.24056289356739313,54.82035526842401,
101.6,29.823932074360187,1.5496063110044984,follow,0.12406394944770938,54.85996206098799,104.70815730833381
101.7,29.978892705460638,-2.0790345326064212,follow,-0.17626626774902832,54.79207279044193,78.39840416466897
101.8,29.770989252199996,1.0008838811414733,follow,0.08648998692193288,54.74297386522193,55.24073418928872
101.9,29.871077640314144,-1.8717944766147763,follow,-0.17275035928070537,54.63386610119051,62.719858222382356
102.0,29.683898192652666,0.6994759476190622,follow,0.03962899294624833,54.56547628192525,131.83308661537274
102.1,29.753845787414573,-1.2845301783803347,follow,-0.11367697793806286,54.517091703183794,23.766676906659374
102.2,29.62539276957654,-0.6639095597251958,follow,-0.13753672813867013,54.30055242622614,28.6487071692047
102.3,29.55900181360402,-1.0489103026426752,follow,-0.22085047554028847,54.11765224486574,784.2931861969442
102.4,29.454110783339754,0.3320127365703768,follow,-0.05992500847786886,54.12124116653176,107.35981644347362
102.5,29.487312056996792,-1.097082458346422,follow,-0.1634581246631086,54.06750996083208,60.25496875834953
102.6,29.37760381116215,-0.0661580743462431,follow,-0.07765613702735408,53.98874957971587,82.09920420671563
102.7,29.370988003727525,-0.8288751723748848,follow,-0.13283122624817167,53.92365077934312,128.08833102580243
102.8,29.288100486490038,-0.010718563008215665,follow,-0.04230999904093835,53.88984073069412,46.93826138463339
102.9,29.287028630189216,-1.1450032720026873,follow,-0.1554050776086271,53.7751378676752,38.21893649771969
103.0,29.172528302988948,-0.3268000644973237,follow,-0.11290741710711671,53.6458850373763,106.75196743805365
103.1,29.139848296539213,-0.5292947316225434,follow,-0.1108722370864399,53.59890020772238,35.035434774135794
103.2,29.08691882337696,-0.952840065485415,follow,-0.17916990968075197,53.451208325384684,158.6471417347356
103.3,28.991634816828416,0.10001531869517782,follow,-0.060407381540777294,53.42704484370184,25.543199230501532
103.4,29.001636348697932,-1.8505043843334341,follow,-0.2855733142148509,53.21688120883205,
103.5,28.81658591026459,1.1533745538264821,follow,0.027343752408711453,53.25222261780559,319.6682272421747
103.6,28.931923365647236,-1.6218789924680963,follow,-0.17385476722998305,53.22403028124087,103.9687458179384
103.7,28.769735466400427,0.6346524898063701,follow,0.034453535000182,53.189056734600825,
103.8,28.833200715381064,-0.8909179795989703,follow,-0.04606441000887429,53.20373666306272,
103.9,28.74410891742117,0.7702958245364253,follow,0.16316239518884856,53.2793257713206,
104.0,28.821138499874813,-0.9206774600294534,follow,0.05550417152090148,53.28721192133312,22.473259965264138
104.1,28.729070753871866,-0.921905105683575,follow,-0.03430128486186845,53.05930484594593,28.695118742666953
104.2,28.63688024330351,-0.6987254455033894,follow,-0.07170354333968021,52.88361682161558,42.07530280102058
104.3,28.56700769875317,-0.5967777813409634,follow,-0.08559549638948738,52.764916051740265,75.70205629884431
104.4,28.507329920619075,-0.37381220168155016,follow,-0.05981182125025697,52.70118305967836,190.03064271621065
104.5,28.46994870045092,-0.3108235133557539,follow,-0.02773486104312184,52.67718818963326,39.908511725976645
104.6,28.438866349115344,-0.9669869212194255,follow,-0.10999796895128355,52.54830155472173,90.77795182779059
104.7,28.3421676569934,0.02505291929349046,follow,-0.013166696467706629,52.500084789022395,39.70758512457278
104.8,28.34467294892275,-1.2794426784272426,follow,-0.14939192925400135,52.36761749413012,41.738062129332164
104.9,28.216728681080024,-0.12425828047118759,follow,-0.07014839559791142,52.25494462602212,28.605750359778245
105.0,28.204302853032907,-1.5018840069239365,follow,-0.23293993883052622,52.07351434071883,35.56198380195913
105.1,28.054114452340514,-0.12748073159416917,follow,-0.13906878302599068,51.94210289548478,30.302587335729626
105.2,28.041366379181095,-1.5087253459148455,follow,-0.2900833112049739,51.77196625756667,35.91867203603062
105.3,27.89049384458961,-0.17395267832584937,follow,-0.19282389377670484,51.64291687310771,
105.4,27.873098576757027,-0.3042123180222377,follow,-0.13304084970353358,51.676607015432005,38.19130985954134
105.5,27.842677344954804,-1.1273363938708765,follow,-0.21967673649567843,51.544339280936526,
105.6,27.729943705567717,1.3248081582735889,follow,0.1164293520281845,51.71134491037976,397.9519029756492
105.7,27.862424521395077,-1.7076750261060865,follow,-0.10853432385236772,51.68510245824025,91.8969577109422
105.8,27.69165701878447,0.721225690085203,follow,0.10845122818510333,51.645936756361806,39.984249692665216
105.9,27.76377958779299,-1.8337951555367922,follow,-0.13611058410698007,51.50955879758251,358.25362687605787
106.0,27.58040007223931,1.06604787620316,follow,0.14291868199961044,51.513518790358575,49.04180811844271
106.1,27.687004859859627,-1.9853982385367548,follow,-0.13268898541682717,51.39781830437261,80.6866972972528
106.2,27.48846503600595,0.9188449765601744,follow,0.12127424676308607,51.353971800772015,
106.3,27.58034953366197,-0.3416931325024772,follow,0.1224125469128623,51.492936847405815,63.54410622624683
106.4,27.54618022041172,-0.5036479763512368,follow,0.09604849474705901,51.41531882536464,
106.5,27.495815422776598,0.21984649250638544,follow,0.19401414892208635,51.43773728308698,39.39127719422496
106.6,27.517800072027235,-1.2639585214840037,follow,0.0282571678433996,51.304957275884256,60.51539622213693
106.7,27.391404219878833,0.27246073179935093,follow,0.145710524078126,51.232816853896374,
106.8,27.418650293058768,-0.16581135612893222,follow,0.16997638500234302,51.2979518245905,38.90186207413551
106.9,27.402069157445876,-0.917859111247938,follow,0.06464117267709923,51.16774490884591,
107.0,27.31028324632108,0.8481260370034168,follow,0.2702917147321813,51.235716584213804,204.7109318635126
107.1,27.395095850021423,-1.1423063521043444,follow,0.10956322417952435,51.20220699921166,36.70156928531139
107.2,27.28086521481099,-0.07605085822349295,follow,0.15282265551407193,51.07412047773056,134.10024988256427
107.3,27.273260128988642,-0.4453202344613194,follow,0.12690427134872806,51.036794464831694,333.00764394250353
107.4,27.228728105542512,0.02347962397434661,follow,0.1828294959636736,51.02592165427744,116.30420073311905
107.5,27.231076067939945,-0.5392198025298002,follow,0.13519994557352533,50.98181404748345,22.95365511491431
107.6,27.177154087686965,-1.1160793307707073,follow,-0.0006324928156971055,50.76509863871475,32.8119216067288
107.7,27.065546154609894,-0.29330893807016445,follow,0.023224791338911643,50.621544023253755,45.788720635653824
107.8,27.036215260802877,-0.7951544789423772,follow,-0.04040039403084705,50.51392249717347,50.70583084268645
107.9,26.95669981290864,-0.31166535286022895,follow,-0.012797203480353403,50.422252515882604,121.00378006874118
108.0,26.925533277622616,-0.4005944691783073,follow,-0.0046007283135764965,50.383699188120346,64.13948412294455
108.1,26.885473830704786,-0.5287072999947744,follow,-0.019058941007315866,50.309151805049865,25.46687838790614
108.2,26.83260310070531,-1.1367817900755226,follow,-0.13201315607862796,50.116891494979335,79.22327829108383
108.3,26.718924921697756,0.13947017573558423,follow,-0.013388379737079958,50.06499900280956,125.49980279432424
108.4,26.732871939271313,-0.8284119496974107,follow,-0.07559610002454065,50.023711808882425,99.47604529568584
108.5,26.65003074430157,-0.023687787753376655,follow,0.006662617999914744,49.98170873445227,713.7109455700876
108.6,26.647661965526233,-0.4541905564211899,follow,0.0034495896102910706,49.97494253789964,162.43458125355616
108.7,26.602242909884115,-0.1857925819827589,follow,0.04535388208505964,49.948718246911234,82.9378269584319
108.8,26.58366365168584,-0.5780017834993156,follow,0.014856404213894336,49.89035188174265,48.26555698304252
108.9,26.525863473335907,-0.49075146650753876,follow,0.003970324405202064,49.792765534409064,22.170878205899626
109.0,26.476788326685153,-1.315559659384107,follow,-0.14209578828717895,49.57308670174055,76.64499289250762
109.1,26.345232360746742,0.28970947956635457,follow,0.003714924545761278,49.52156346566588,67.35498341690108
109.2,26.37420330870338,-1.1609278379952328,follow,-0.11616182825952137,49.44514313479554,64.70155594940947
109.3,26.258110524903856,0.09428799118354952,follow,-0.006833705050624417,49.38033208230516,26.292559158536747
109.4,26.26753932402221,-1.6739300280620524,follow,-0.20973083613037602,49.19157814990294,27.519158593510063
109.5,26.100146321216005,-0.12740825941790557,follow,-0.12065596404266898,49.02956351778134,977.7300174540632
109.6,26.087405495274215,-0.4826641890380029,follow,-0.10528527465740467,49.02582296825392,53.439643887897205
109.7,26.039139076370414,-0.6489993027311152,follow,-0.11979955393874064,48.93890906061688,129.07904278588302
109.8,25.974239146097304,-0.18194949298761975,follow,-0.053873573138808695,48.90748514600715,57.25268546805311
109.9,25.95604419679854,-0.851655082754915,follow,-0.1101855688705129,48.823880726327296,55.103211445589295
110.0,25.87087868852305,-0.2853832462369943,follow,-0.06252517530958102,48.74379285747499,285.2537860559471
110.1,25.84234036389935,-0.35292354526324426,follow,-0.03395172476396624,48.72955882108506,38.00048738457223
110.2,25.807048009373027,-0.928502772756446,follow,-0.1057179939117816,48.604854020147755,58.06698477970712
110.3,25.714197732097382,-0.18135481781921503,follow,-0.040862351208062364,48.530434246938015,40.301051026239165
110.4,25.69606225031546,-1.0566963525611086,follow,-0.13226535356672287,48.411828021906466,39.81032057310216
110.5,25.59039261505935,-0.3165861957421986,follow,-0.08480016218849329,48.30078876040053,45.124366593020966
110.6,25.55873399548513,-0.8950486864039853,follow,-0.14118563237568083,48.19691536085202,68.97748738758426
110.7,25.46922912684473,-0.17447201865325535,follow,-0.06785124209955029,48.13599244816754,41.16899873856791
110.8,25.451781924979404,-1.0783254808696472,follow,-0.15685863179950843,48.0208142556696,
110.9,25.34394937689244,0.4493046793301964,follow,0.02349525264169472,48.039419317980354,33.04064094766227
111.0,25.38887984482546,-1.7600426298431189,follow,-0.19378843374038723,47.88953133349781,46.54531000325094
111.1,25.21287558184115,0.3983874278724568,follow,-0.015069597448032823,47.804243775313694,44.14564754894084
111.2,25.252714324628396,-1.531126016333389,follow,-0.18709914409173933,47.69197234285085,
111.3,25.099601722995057,0.9248462895093192,follow,0.07860958605876078,47.728012170551345,78.29376192714304
111.4,25.19208635194599,-1.6599173528203959,follow,-0.1303259925622342,47.65780353535675,335.4143651564311
111.5,25.02609461666395,0.8954504307984625,follow,0.1210521486944316,47.660194073690356,25.67767485870542
111.6,25.115639659743795,-2.3388860466877763,follow,-0.207829381899721,47.465630107715974,65.41212221569435
111.7,24.881751055075018,1.1173449836488956,follow,0.09382841959594401,47.41645500220847,516.794656622087
111.8,24.993485553439907,-1.5205282788432777,follow,-0.0941218832953794,47.39610644686448,56.86494055146413
111.9,24.841432725555578,0.3801553329584473,follow,0.06581408597555338,47.32796317430892,2208.2101994719515
112.0,24.879448258851422,-0.7972763491667416,follow,0.0028459601466437334,47.322018348423775,37.87433214075256
112.1,24.799720623934746,-0.4666100731303918,follow,0.005465350128183388,47.2050462860303,
112.2,24.75305961662171,0.06632929079494754,follow,0.09615089943557109,47.22574032436813,
112.3,24.759692545701203,0.030694300146762,follow,0.16523225124620922,47.304771069798015,40.442055686898414
112.4,24.76276197571588,-1.045127476295012,follow,0.0433519086526033,47.187494872226424,36.785854091046176
112.5,24.658249228086376,-0.20041464936750447,follow,0.08229610728822223,47.069669949417786,
112.6,24.638207763149627,-0.12113636543706652,follow,0.12753752837838306,47.084849173102825,
112.7,24.62609412660592,-0.11867524654738681,follow,0.16509857053335253,47.10423976044223,34.99327337473214
112.8,24.61422660195118,-0.9992191526538861,follow,0.049477197320342725,46.97081710024712,35.74027266721843
112.9,24.514304686685794,-0.24883926918081206,follow,0.0779296015498474,46.84938663157854,40.23808129205071
113.0,24.48942075976771,-0.8507721356072149,follow,0.0013134159502001808,46.73544455560177,24.097630346701763
113.1,24.404343546206988,-0.8157325156532378,follow,-0.05650511832941163,46.55001020098107,29.014988909972114
113.2,24.322770294641664,-0.7078712023611937,follow,-0.08642227044559547,46.397733171516904,28.591682584233098
113.3,24.251983174405545,-0.8551000624491469,follow,-0.13543990753196766,46.24253485407635,32.06870626152743
113.4,24.166473168160632,-0.6571621660090623,follow,-0.1428222149806615,46.106887537260285,52.01159966626945
113.5,24.100756951559724,-0.5237853219979454,follow,-0.12632358523526932,46.02481184210431,66.6295311805124
113.6,24.048378419359928,-0.5201306051201684,follow,-0.11159362887157442,45.96097400016832,
113.7,23.99636535884791,0.04441373088102152,follow,-0.005210573988335909,45.98933746428353,29.933854730212115
113.8,24.000806731936013,-1.455277006626013,follow,-0.16595330681409592,45.835256791089925,207.5808848272463
113.9,23.85527903127341,0.6139147515232203,follow,0.04481034105246806,45.827728887962586,47.973133909233795
114.0,23.916670506425735,-1.6054079464823439,follow,-0.148943922318594,45.72606183732001,48.301982080295325
114.1,23.7561297117775,0.33681778111013205,follow,0.01325429847601356,45.64744886614226,131.8796026834166
114.2,23.789811489888514,-1.0067012101487354,follow,-0.07524951767936017,45.609467717153414,27.478703452171473
114.3,23.689141368873642,-0.5952390310230742,follow,-0.08015847304441337,45.45355358026605,78.48438399188701
114.4,23.629617465771336,-0.347606293039211,follow,-0.0428343649680869,45.40159183368892,63.091286681076255
114.5,23.594856836467414,-0.6334788536591704,follow,-0.05917910465894494,45.33310615004218,89.79398291849841
114.6,23.531508951101497,-0.2466957210069125,follow,-0.00830817172021625,45.28895525493203,71.71546052662845
114.7,23.506839379000805,-0.6437676192241991,follow,-0.03198775146925925,45.22827131703195,
114.8,23.442462617078384,0.5835901891698938,follow,0.15233112970653195,45.31602505532411,35.612853727185524
114.9,23.500821635995372,-1.6630941598045186,follow,-0.06828956226848248,45.18294289172457,34.46917692765649
115.0,23.334512220014922,0.25142117867962566,follow,0.06672333970069388,45.06849166972308,35.92511172923206
115.1,23.359654337882883,-1.419694100125409,follow,-0.09895527088953315,44.94052623593479,35.11927002903481
115.2,23.21768492787034,0.003817293243246811,follow,0.00023035134224613785,44.82675774314776,35.927946825214924
115.3,23.218066657194665,-1.246889354318633,follow,-0.1251489083637054,44.70195107742829,656.7378643200199
115.4,23.093377721762803,0.5375316644923636,follow,0.06754672260780836,44.70761330525201,
115.5,23.14713088821204,-0.8480594436533007,follow,-0.002796115887250039,44.717900216430806,35.014343971458636
115.6,23.06232494384671,-0.44838311207258563,follow,0.005180306276066915,44.59866772204614,31.57819163100944
115.7,23.017486632639454,-0.9064986194110556,follow,-0.06431089017699065,44.46191905878219,79.7542334751143
115.8,22.926836770698348,-0.02279633758152494,follow,0.02498022566483371,44.41523538171236,37.110520389339584
115.9,22.924557136940194,-1.1672906158791934,follow,-0.0910560373919509,44.29577966801834,97.44821072701842
116.0,22.807828075352276,0.261760503433738,follow,0.05025474745470149,44.261996860483116,65.29973966846904
116.1,22.83400412569565,-1.1039685441198333,follow,-0.059409740629916996,44.191596447913554,23.456210018434135
116.2,22.723607271283665,-0.6276622804818972,follow,-0.07117518614030871,44.01423572078519,
116.3,22.660841043235475,0.15253417459467067,follow,0.048890051608431406,44.04015161646164,
116.4,22.67609446069494,-0.37150143811420877,follow,0.061400479349735804,44.07554217039215,34.53940403940728
116.5,22.63894431688352,-0.8432042473804628,follow,-0.006768736621481253,43.9516477387038,38.58981258975693
116.6,22.554623892145475,-0.3759636899438338,follow,0.014249511271039239,43.846185349489254,65.97142514384976
116.7,22.517027523151093,-0.5187452960987239,follow,0.007941312447499627,43.78348259717414,67.66865555261698
116.8,22.46515299354122,-0.3769005754667295,follow,0.026237807508188382,43.72396729782002,100.47952776792354
116.9,22.427462935994548,-0.3667897624422738,follow,0.043026600228742495,43.68422100422056,
117.0,22.39078395975032,0.1577860176752166,follow,0.14396666862005247,43.73014260824553,43.695886791746325
117.1,22.40656256151784,-1.0984864269033991,follow,0.018642509816984898,43.628486352093745,29.748806833674944
117.2,22.2967139188275,-0.29630131833214046,follow,0.04774408196973923,43.49281496021099,24.342349663203183
117.3,22.267083786994284,-1.2310586467731246,follow,-0.08351909897986332,43.31710658151157,31.228904113555203
117.4,22.14397792231697,-0.22568187520339988,follow,-0.025258094195592662,43.19070878927987,49.99052368543555
117.5,22.121409734796632,-0.8202299880475674,follow,-0.07554678639474588,43.106567815800204,
117.6,22.039386735991876,0.38143940136019094,follow,0.0825490382132088,43.14162914220102,36.892524786172004
117.7,22.077530676127896,-1.4787619873726032,follow,-0.09541993960361594,43.02087607458823,54.627555952628725
117.8,21.929654477390635,0.3594245821277797,follow,0.06242891076321655,42.956910626849165,51.16022338181875
117.9,21.96559693560341,-1.280240844385772,follow,-0.07904447011629401,42.86935093328882,258.8776825916451
118.0,21.837572851164833,0.5589837966885791,follow,0.10923437142508874,42.865593648172336,
118.1,21.89347123083369,-0.4656777729615465,follow,0.09503967883842535,42.935246525088964,33.71512876422111
118.2,21.846903453537536,-0.7108923664967617,follow,0.04220099942890698,42.81255617973521,34.06192898845167
118.3,21.77581421688786,-0.5177793010805365,follow,0.030253432714630435,42.69397475804642,154.79250939194688
118.4,21.724036286779807,-0.124751534620554,follow,0.08551669919873461,42.671571129368445,86.37335408600724
118.5,21.71156113331775,-0.5766066995520207,follow,0.05607331606004351,42.62341501603667,
118.6,21.65390046336255,0.24055945321379263,follow,0.1671742746565812,42.64802496970041,71.81005505238268
118.7,21.67795640868393,-0.9008367985555223,follow,0.06929471580612301,42.58622932883202,34.12477313509902
118.8,21.587872728828376,-0.2936368636461665,follow,0.0886329627066118,42.47044205594918,68.7365537826576
118.9,21.55850904246376,-0.47768379458520527,follow,0.0738275880071555,42.4115911517028,129.1032686151444
119.0,21.51074066300524,-0.13983778194649177,follow,0.11740609089441278,42.383517085402275,82.98441881641881
119.1,21.49675688481059,-0.5281563021231594,follow,0.08870606970533146,42.333841396921216,57.45971604704409
119.2,21.443941254598275,-0.31768956923461067,follow,0.09953538956397523,42.26544727146139,107.28870555728409
119.3,21.412172297674815,-0.30099950291791866,follow,0.11097159518168809,42.22923004169391,119.9107093900014
119.4,21.382072347383023,-0.2780461010925219,follow,0.123914285881078,42.19702280695561,174.31575007693385
119.5,21.35426773727377,-0.21819481742411234,follow,0.14419442731757925,42.17559603322823,59.04732053866088
119.6,21.332448255531357,-0.536535565756157,follow,0.10767882437806264,42.1063512076751,34.1648024723938
119.7,21.278794698955743,-0.576946767464575,follow,0.07027968934590945,41.98847173777952,40.42037544087271
119.8,21.221100022209285,-0.45818478086638337,follow,0.05871170224466482,41.89036173555859,107.10907531767435
119.9,21.175281544122647,-0.19328924375478196,follow,0.09291126496235336,41.85583358114633,25.91240748923471
120.0,21.15595261974717,-8.0,emergency,-0.03769061044913968,41.69623831917161,2.5904796879196184
120.1,20.355952619747168,-8.0,emergency,-0.3672858724238566,40.16664305719689,2.5252585630948117
120.2,19.555952619747167,-8.0,emergency,-0.6778811343985751,38.65604779522218,2.4849682137853195
120.3,18.755952619747166,-8.0,emergency,-0.95347639637329,37.18045253324746,2.458056921632017
120.4,17.955952619747165,-8.0,emergency,-1.1860716583480055,35.74785727127274,2.3934099271317772
120.5,17.155952619747165,-8.0,emergency,-1.3996669203227157,34.33426200929803,2.342683747696937
120.6,16.355952619747164,-8.0,emergency,-1.585262182297427,32.948666747323315,2.2824033588370414
120.7,15.555952619747163,-8.0,emergency,-1.7488574442721472,31.5850714853486,2.251902051977555
120.8,14.755952619747163,-8.0,emergency,-1.8714527062468598,30.262476223373884,2.203158169013175
120.9,13.955952619747162,-8.0,emergency,-1.9650479682215725,28.96888096139917,2.1576778782006985
121.0,13.155952619747161,-8.0,emergency,-2.02764323019629,27.706285699424452,2.105988558961299
121.1,12.35595261974716,-8.0,emergency,-2.0632384921710063,26.470690437449736,2.1423431484468907
121.2,11.55595261974716,-8.0,emergency,-2.018833754145721,25.31509517547502,2.190654116408873
121.3,10.755952619747159,-8.0,emergency,-1.8944290161204336,24.239499913500303,2.2535893165797622
121.4,9.955952619747158,-8.0,emergency,-1.6900242780951515,23.243904651525586,2.3346740929062286
121.5,9.155952619747158,-8.0,emergency,-1.4056195400698677,22.32830938955087,2.5795323022693584
121.6,8.355952619747157,-8.0,emergency,-0.9912148020445812,21.542714127576154,2.9365939563986236
121.7,7.555952619747157,-0.45370626529968283,follow,-0.4448100640192969,20.88911886560144,3.766551988061121
121.8,7.510581993217189,-3.3642560689311996,follow,-0.9268123235460628,20.33906066627972,4.469551520354066
121.9,7.174156386324069,-0.47177993209050584,follow,-0.8435895518387895,19.917645027647314,6.314729705225499
122.0,7.126978393115018,-2.349149295641171,follow,-1.0835204013367168,19.606947188335813,9.968054177394976
122.1,6.892063463550901,-0.0925858472719352,follow,-0.9043543533456315,19.433740841980722,18.127416428885716
122.2,6.882804878823707,-1.562706691259571,follow,-0.9967469641372091,19.327460354098353,
122.3,6.72653420969775,0.4731319713849246,follow,-0.7319943814180476,19.35780693312858,
122.4,6.773847406836242,-0.6567051389152271,follow,-0.697348917809407,19.463422192444956,
122.5,6.708176892944719,1.3214428155731195,follow,-0.3376608362665934,19.724604503150484,
122.6,6.840321174502031,-0.05180701837905288,follow,-0.2659093760527682,19.99457238570028,
122.7,6.835140472664126,2.029784666083248,follow,0.1403476294376773,20.393058338433868,
122.8,7.038118939272451,1.2397434363045845,follow,0.34606803559794486,20.90324644450662,
122.9,7.16209328290291,2.667174286924588,follow,0.7528971918619618,21.49603711621633,
123.0,7.428810711595369,1.5754240199684237,follow,0.9069399776637361,22.05015604505679,
123.1,7.586353113592211,2.828316426098848,follow,1.2399910633092546,22.61952073369757,
123.2,7.869184756202096,2.800221863136499,follow,1.5078251237742144,23.31160225807736,
123.3,8.149206942515747,2.406525141480448,follow,1.6598711500521652,23.883681563825785,
123.4,8.38985945666379,2.8897248374232967,follow,1.86090643316372,24.445695618159405,
123.5,8.67883194040612,3.0,follow,2.1295645135096137,25.147812424118793,
123.6,8.97883194040612,3.0,follow,2.357681319469002,25.82592923007818,
123.7,9.278831940406121,3.0,follow,2.5787981254283885,26.49704603603757,
123.8,9.578831940406122,3.0,follow,2.9069149313877745,27.27516284199696,
123.9,9.878831940406123,3.0,follow,3.232031737347164,28.050279647956348,
124.0,10.178831940406123,3.0,follow,3.5341485433065536,28.802396453915737,
124.1,10.478831940406124,3.0,follow,3.815265349265939,29.533513259875125,
124.2,10.778831940406125,3.0,follow,4.237382155225323,30.40563006583451,
124.3,11.078831940406126,3.0,follow,4.667498961184709,31.285746871793897,
124.4,11.378831940406126,3.0,follow,5.073615767144098,32.141863677753285,
124.5,11.678831940406127,3.0,follow,5.619732573103484,33.137980483712674,
124.6,11.978831940406128,3.0,follow,6.004849379062868,33.97309728967206,
124.7,12.278831940406128,3.0,follow,6.378966185022254,34.797214095631446,
124.8,12.578831940406129,3.0,follow,6.825082990981642,35.69333090159083,
124.9,12.87883194040613,3.0,follow,7.334199796941029,36.65244770755022,
125.0,13.17883194040613,3.0,follow,7.883316602900415,37.65156451350961,
125.1,13.478831940406131,3.0,follow,8.418433408859801,38.636681319469,
125.2,13.778831940406132,3.0,follow,9.015550214819186,39.68379812542838,
125.3,14.078831940406133,3.0,follow,9.515667020778572,40.63391493138777,
125.4,14.378831940406133,3.0,follow,10.235783826737958,41.80403173734716,
125.5,14.678831940406134,3.0,follow,10.861900632697342,42.88014854330655,
125.6,14.978831940406135,3.0,follow,11.601017438656733,44.06926534926593,
125.7,15.278831940406135,3.0,follow,12.300134244616117,45.21838215522532,
125.8,15.578831940406136,3.0,follow,13.029251050575503,46.39749896118471,
125.9,15.878831940406137,3.0,follow,13.78836785653489,47.60661576714409,
126.0,16.178831940406138,3.0,follow,14.558484662494273,48.82673257310348,
126.1,16.47883194040614,3.0,follow,15.365601468453654,50.08384937906286,
126.2,16.77883194040614,3.0,follow,16.25371827441304,51.42196618502225,
126.3,17.07883194040614,3.0,follow,17.062835080372423,52.681082990981636,
126.4,17.37883194040614,3.0,follow,17.938951886331814,54.00719979694102,
126.5,17.67883194040614,3.0,follow,18.713068692291195,55.23131660290041,
126.6,17.978831940406142,3.0,follow,19.59518549825058,56.563433408859794,
126.7,18.278831940406143,3.0,follow,20.256302304209967,57.67455021481918,
126.8,18.578831940406143,3.0,follow,21.110419110169353,58.978667020778566,
126.9,18.878831940406144,3.0,follow,21.768535916128734,60.08678382673795,
127.0,19.178831940406145,3.0,follow,22.271652722088113,61.03990063269733,
127.1,19.478831940406145,3.0,follow,22.885769528047497,62.10401743865672,
127.2,19.778831940406146,3.0,follow,23.396886334006886,63.065134244616104,
127.3,20.078831940406147,3.0,follow,24.015003139966275,64.1332510505755,
127.4,20.378831940406148,3.0,follow,24.468119945925658,65.03636785653488,
127.5,20.67883194040615,3.0,follow,24.91023675188505,65.92848466249427,
127.6,20.97883194040615,3.0,follow,25.192353557844427,66.66060146845365,
127.7,21.27883194040615,3.0,follow,25.573470363803807,67.49171827441303,
127.8,21.57883194040615,3.0,follow,25.747587169763193,68.11583508037242,
127.9,21.87883194040615,3.0,follow,25.96670397572258,68.78495188633181,
128.0,22.178831940406152,3.0,follow,26.366820781681973,69.6350686922912,
128.1,22.478831940406153,3.0,follow,26.739937587641357,70.45818549825059,
128.2,22.778831940406153,3.0,follow,27.05005439360074,71.21830230420997,
128.3,23.078831940406154,3.0,follow,27.205171199560127,71.82341911016935,
128.4,23.378831940406155,3.0,follow,27.413288005519505,72.48153591612873,
128.5,23.678831940406155,3.0,follow,27.595404811478886,73.11365272208812,
128.6,23.978831940406156,3.0,follow,27.643521617438267,73.6117695280475,
128.7,24.278831940406157,3.0,follow,27.900638423397652,74.31888633400689,
128.8,24.578831940406157,3.0,follow,28.071755229357045,74.94000313996628,
128.9,24.878831940406158,3.0,follow,28.113872035316426,75.43211994592566,
129.0,25.17883194040616,3.0,follow,28.14798884127581,75.91623675188505,
129.1,25.47883194040616,3.0,follow,28.1691056472352,76.38735355784443,
129.2,25.77883194040616,3.0,follow,27.957222453194575,76.62547036380381,
129.3,26.07883194040616,3.0,follow,27.877339259153956,76.9955871697632,
129.4,26.37883194040616,3.0,follow,27.728456065113335,77.29670397572258,
129.5,26.678831940406162,3.0,follow,27.520572871072716,77.53882078168196,
129.6,26.978831940406163,3.0,follow,27.3476896770321,77.81593758764134,
129.7,27.278831940406164,3.0,follow,27.331806482991475,78.25005439360072,
129.8,27.578831940406165,3.0,follow,27.18192328895085,78.5501711995601,
129.9,27.878831940406165,3.0,follow,26.893040094910234,78.71128800551948,
130.0,28.178831940406166,1.0927008357563004,cruise,,,
130.1,28.288102023981796,0.4807883677327702,cruise,,,
130.2,28.336180860755075,0.7578972996805624,cruise,,,
130.3,28.411970590723133,0.5738689957258308,cruise,,,
130.4,28.469357490295717,0.6314510079596466,cruise,,,
130.5,28.53250259109168,0.564772941365171,cruise,,,
130.6,28.5889798852282,0.5642255981804958,cruise,,,
130.7,28.645402445046248,0.5306457338820053,cruise,,,
130.8,28.69846701843445,0.5155969219983213,cruise,,,
130.9,28.75002671063428,0.4921855126202771,cruise,,,
131.0,28.799245261896306,0.47436008655208606,cruise,,,
131.1,28.846681270551514,0.4548111943930543,cruise,,,
131.2,28.89216238999082,0.4372969688089824,cruise,,,
131.3,28.935892086871718,0.4198162634724759,cruise,,,
131.4,28.977873713218965,0.40336764033238237,cruise,,,
131.5,29.018210477252204,0.38738989348248576,cruise,,,
131.6,29.056949466600454,0.3721353732984781,cruise,,,
131.7,29.0941630039303,0.35743451099258083,cruise,,,
131.8,29.12990645502956,0.34333887148597664,cruise,,,
131.9,29.164240342178157,0.3297863589501141,cruise,,,
132.0,29.19721897807317,0.31677543368103256,cruise,,,
132.1,29.228896521441275,0.30427437029471277,cruise,,,
132.2,29.259323958470745,0.2922684397702035,cruise,,,
132.3,29.288550802447766,0.2807352986462348,cruise,,,
132.4,29.31662433231239,0.26965775128944497,cruise,,,
132.5,29.343590107441333,0.2590170598904855,cruise,,,
132.6,29.369491813430383,0.24879638199652232,cruise,,,
132.7,29.394371451630036,0.23897893802371112,cruise,,,
132.8,29.418269345432407,0.2295489237287029,cruise,,,
132.9,29.441224237805276,0.2204909954524879,cruise,,,
133.0,29.463273337350525,0.21179049986343795,cruise,,,
133.1,29.48445238733687,0.2034333176661583,cruise,,,
133.2,29.504795719103484,0.19540590970483646,cruise,,,
133.3,29.524336310073966,0.18769525910320795,cruise,,,
133.4,29.54310583598429,0.18028886885781575,cruise,,,
133.5,29.56113472287007,0.17317473184905835,cruise,,,
133.6,29.578452196054975,0.16634131644248168,cruise,,,
133.7,29.595086327699224,0.15977754515921985,cruise,,,
133.8,29.611064082215147,0.15347277809129664,cruise,,,
133.9,29.626411360024278,0.14741679493978024,cruise,,,
134.0,29.641153039518255,0.1415997788191646,cruise,,,
134.1,29.65531301740017,0.1360123001503119,cruise,,,
134.2,29.668914247415202,0.13064530147572598,cruise,,,
134.3,29.681978777562776,0.1254900827244654,cruise,,,
134.4,29.694527785835223,0.12053828713662823,cruise,,,
134.5,29.706581614548885,0.11578188770236367,cruise,,,
134.6,29.71815980331912,0.1112131741573428,cruise,,,
134.7,29.729281120734857,0.1068247404804076,cruise,,,
134.8,29.739963594782896,0.10260947289006664,cruise,,,
134.9,29.7502245420719,0.09856053831183331,cruise,,,
135.0,29.760080595903084,0.09467137330223849,cruise,,,
135.1,29.769547733233306,0.09093567340890302,cruise,,,
135.2,29.778641300574197,0.08734738295102815,cruise,,,
135.3,29.7873760388693,0.08390068520290087,cruise,,,
135.4,29.79576610738959,0.08058999296480422,cruise,,,
135.5,29.80382510668607,0.07740993950595651,cruise,,,
135.6,29.811566100636664,0.07435536986502739,cruise,,,
135.7,29.819001637623167,0.07142133249358763,cruise,,,
135.8,29.826143770872527,0.06860307122968408,cruise,,,
135.9,29.833004077995493,0.0658960175878704,cruise,,,
136.0,29.83959367975428,0.06329578335349807,cruise,,,
136.1,29.84592325808963,0.06079815346947015,cruise,,,
136.2,29.852003073436578,0.058399079203318396,cruise,,,
136.3,29.85784298135691,0.05609467158419079,cruise,,,
136.4,29.86345244851533,0.05388119509871103,cruise,,,
136.5,29.8688405680252,0.051755061635528676,cruise,,,
136.6,29.874016074188752,0.049712824668982594,cruise,,,
136.7,29.87898735665565,0.04775117367212402,cruise,,,
136.8,29.883762474022863,0.04586692875021611,cruise,,,
136.9,29.888349166897886,0.04405703548615421,cruise,,,
137.0,29.892754870446502,0.042318559989013946,cruise,,,
137.1,29.896986726445405,0.04064868413824314,cruise,,,
137.2,29.90105159485923,0.0390447010153423,cruise,,,
137.3,29.904956064960764,0.03750401051586678,cruise,,,
137.4,29.90870646601235,0.036024115134655685,cruise,,,
137.5,29.912308877525817,0.034602615917180654,cruise,,,
137.6,29.915769139117536,0.033237208570881194,cruise,,,
137.7,29.919092859974626,0.03192567972977684,cruise,,,
137.8,29.922285427947603,0.030665903366551103,cruise,,,
137.9,29.925352018284258,0.029455837346171874,cruise,,,
138.0,29.928297602018876,0.028293520115582282,cruise,,,
138.1,29.931126954030436,0.027177067523940224,cruise,,,
138.2,29.93384466078283,0.026104669768321993,cruise,,,
138.3,29.936455127759665,0.025074588460036296,cruise,,,
138.4,29.93896258660567,0.024085153806576894,cruise,,,
138.5,29.941371101986327,0.023134761904913148,cruise,,,
138.6,29.943684578176818,0.022221872141456343,cruise,,,
138.7,29.945906765390962,0.02134500469470097,cruise,,,
138.8,29.948041265860432,0.02050273813638981,cruise,,,
138.9,29.95009153967407,0.019693707127372305,cruise,,,
139.0,29.952060910386805,0.018916600204236998,cruise,,,
139.1,29.95395257040723,0.01817015765354881,cruise,,,
139.2,29.955769586172583,0.017453169469678897,cruise,,,
139.3,29.957514903119552,0.01676447339342033,cruise,,,
139.4,29.959191350458894,0.01610295302795208,cruise,,,
139.5,29.96080164576169,0.015467536029001392,cruise,,,
139.6,29.96234839936459,0.014857192366753223,cruise,,,
139.7,29.963834118601266,0.014270932655859523,cruise,,,
139.8,29.965261211866853,0.013707806551953892,cruise,,,
139.9,29.96663199252205,0.013166901210784943,cruise,,,
140.0,29.96794868264313,0.01264733980872492,cruise,,,
140.1,29.969213416624,0.012148280121241584,cruise,,,
140.2,29.970428244636125,0.011668913157706129,cruise,,,
140.3,29.971595135951894,0.01120846185001767,cruise,,,
140.4,29.972715982136897,0.010766179792845776,cruise,,,
140.5,29.97379260011618,0.01034135003387604,cruise,,,
140.6,29.974826735119567,0.009933283911325218,cruise,,,
140.7,29.9758200635107,0.009541319937918756,cruise,,,
140.8,29.97677419550449,0.009164822728354949,cruise,,,
140.9,29.977690677777325,0.008803181969429374,cruise,,,
141.0,29.978570995974266,0.008455811430734173,cruise,,,
141.1,29.97941657711734,0.008122148014220442,cruise,,,
141.2,29.980228791918762,0.007801650841638263,cruise,,,
141.3,29.981008957002924,0.007493800377434922,cruise,,,
141.4,29.981758337040667,0.007198097586887541,cruise,,,
141.5,29.982478146799355,0.0069140631269434035,cruise,,,
141.6,29.98316955311205,0.0066412365693032886,cruise,,,
141.7,29.983833676768977,0.006379175653970037,cruise,,,
141.8,29.984471594334373,0.0061274555723990435,cruise,,,
141.9,29.985084339891614,0.005885668278826016,cruise,,,
142.0,29.985672906719497,0.0056534218288874175,cruise,,,
142.1,29.986238248902385,0.005430339744128076,cruise,,,
142.2,29.986781282876798,0.005216060401856026,cruise,,,
142.3,29.987302888916982,0.005010236448889316,cruise,,,
142.4,29.987803912561873,0.004812534238424603,cruise,,,
142.5,29.988285165985715,0.004622633289358191,cruise,,,
142.6,29.98874742931465,0.004440225766538219,cruise,,,
142.7,29.989191451891305,0.004265015981941644,cruise,,,
142.8,29.9896179534895,0.004096719915325053,cruise,,,
142.9,29.990027625481034,0.003935064753710548,cruise,,,
143.0,29.990421131956406,0.0037797884492931644,cruise,,,
143.1,29.990799110801337,0.003630639294544124,cruise,,,
143.2,29.991162174730793,0.0034873755142463382,cruise,,,
143.3,29.991510912282216,0.003349764873554051,cruise,,,
143.4,29.99184588876957,0.003217584301479803,cruise,,,
143.5,29.992167647199718,0.003090619529435656,cruise,,,
143.6,29.992476709152662,0.0029686647436840017,cruise,,,
143.7,29.99277357562703,0.002851522251940253,cruise,,,
143.8,29.993058727852222,0.0027390021627049068,cruise,,,
143.9,29.993332628068494,0.0026309220775473817,cruise,,,
144.0,29.99359572027625,0.0025271067954676595,cruise,,,
144.1,29.993848430955797,0.0024273880287871918,cruise,,,
144.2,29.994091169758676,0.002331604130402098,cruise,,,
144.3,29.994324330171715,0.002239599831776218,cruise,,,
144.4,29.994548290154892,0.0021512259911773413,cruise,,,
144.5,29.99476341275401,0.00206633935199747,cruise,,,
144.6,29.99497004668921,0.001984802310474265,cruise,,,
144.7,29.99516852692026,0.0019064826925998088,cruise,,,
144.8,29.99535917518952,0.0018312535399857663,cruise,,,
144.9,29.99554230054352,0.001758992903893386,cruise,,,
145.0,29.99571819983391,0.00168958364770333,cruise,,,
145.1,29.99588715819868,0.0016229132569364423,cruise,,,
145.2,29.996049449524374,0.0015588736569064564,cruise,,,
145.3,29.996205336890064,0.0014973610375129454,cruise,,,
145.4,29.996355072993815,0.0014382756849570908,cruise,,,
145.5,29.99649890056231,0.0013815218201287394,cruise,,,
145.6,29.996637052744326,0.001327007443332917,cruise,,,
145.7,29.99676975348866,0.00127464418513199,cruise,,,
145.8,29.996897217907172,0.001224347163138617,cruise,,,
145.9,29.997019652623486,0.0011760348443395684,cruise,,,
146.0,29.99713725610792,0.0011296289130811488,cruise,,,
146.1,29.997250218999227,0.0010850541439253903,cruise,,,
146.2,29.99735872441362,0.0010422382798680018,cruise,,,
146.3,29.997462948241605,0.001001111915108055,cruise,,,
146.4,29.997563059433116,0.0009616083825761733,cruise,,,
146.5,29.997659220271373,0.0009236636458886949,cruise,,,
146.6,29.997751586635964,0.0008872161954684543,cruise,,,
146.7,29.997840308255512,0.0008522069489529827,cruise,,,
146.8,29.997925528950407,0.0008185791552776322,cruise,,,
146.9,29.998007386865936,0.0007862783027952956,cruise,,,
147.0,29.998086014696216,0.0007552520308678368,cruise,,,
147.1,29.998161539899304,0.000725450044982523,cruise,,,
147.2,29.998234084903803,0.0006968240352200894,cruise,,,
147.3,29.998303767307327,0.0006693275979849033,cruise,,,
147.4,29.998370700067124,0.0006429161607414357,cruise,,,
147.5,29.998434991683197,0.0006175469097136954,cruise,,,
147.6,29.99849674637417,0.0005931787206407079,cruise,,,
147.7,29.998556064246234,0.0005697720919350501,cruise,,,
147.8,29.998613041455428,0.0005472890807716623,cruise,,,
147.9,29.998667770363504,0.0005256932415193205,cruise,,,
148.0,29.998720339687655,0.0005049495666540338,cruise,,,
148.1,29.99877083464432,0.0004850244300889983,cruise,,,
148.2,29.998819337087326,0.00046588553256583505,cruise,,,
148.3,29.998865925640583,0.00044750184936503956,cruise,,,
148.4,29.99891067582552,0.0004298435800016875,cruise,,,
148.5,29.99895366018352,0.0004128820998872129,cruise,,,
148.6,29.99899494839351,0.0003965899139508622,cruise,,,
148.7,29.999034607384903,0.0003809406120879544,cruise,,,
148.8,29.999072701446114,0.00036590882628004804,cruise,,,
148.9,29.999109292328743,0.00035147018960586247,cruise,,,
149.0,29.999144439347702,0.00033760129658233495,cruise,,,
149.1,29.99917819947736,0.00032427966529837706,cruise,,,
149.2,29.99921062744389,0.00031148370101234945,cruise,,,
149.3,29.999241775813992,0.00029919266109530436,cruise,,,
149.4,29.9992716950801,0.00028738662139886627,cruise,,,
149.5,29.999300433742242,0.0002760464439468535,cruise,,,
149.6,29.999328038386636,0.0002651537460465647,cruise,,,
149.7,29.99935455376124,0.00025469087023850535,cruise,,,
149.8,29.999380022848264,0.0002446408559201529,cruise,,,
149.9,29.999404486933855,0.00023498741173142432,cruise,,,
150.0,29.999427985675027,0.00022571488912603854,cruise,,,
