o outer_rim
v 6.8833827526759706e-15 0 -31
v 6.869800155850274e-15 1.946506142616272 -30.93882942199707
v 6.829105304932389e-15 3.8853302001953125 -30.755556106567383
v 6.761459136182292e-15 5.808820724487305 -30.450904846191406
v 6.66712846497837e-15 7.709386348724365 -30.026077270507812
v 6.546485985817413e-15 9.579526901245117 -29.482751846313477
v 6.400007307699306e-15 11.411861419677734 -28.823070526123047
v 6.228270954127023e-15 13.19915771484375 -28.049638748168945
v 6.031954127941894e-15 14.934364318847656 -27.16550636291504
v 5.81183228780713e-15 16.61063003540039 -26.174165725708008
v 5.568773642493667e-15 18.221342086791992 -25.079526901245117
v 5.30373745681427e-15 19.760143280029297 -23.885910034179688
v 5.017770239975272e-15 21.22096061706543 -22.5980281829834
v 4.711999816345942e-15 22.5980281829834 -21.22096061706543
v 4.3876332078761175e-15 23.885910034179688 -19.760143280029297
v 4.0459507048655734e-15 25.079526901245117 -18.221342086791992
v 3.6883007837663385e-15 26.174165725708008 -16.61063003540039
v 3.316095024985012e-15 27.16550636291504 -14.934364318847656
v 2.9308017601356595e-15 28.049638748168945 -13.19915771484375
v 2.5339422603915494e-15 28.823070526123047 -11.411861419677734
v 2.1270822661556815e-15 29.482751846313477 -9.579526901245117
v 1.7118276460169313e-15 30.026077270507812 -7.709386348724365
v 1.2898173028491177e-15 30.450904846191406 -5.808820724487305
v 8.62716609305661e-16 30.755556106567383 -3.8853302001953125
v 4.3221118742137676e-16 30.93882942199707 -1.946506142616272
v 4.214856305890317e-31 31 -1.8982025288627816e-15
v -4.3221118742137676e-16 30.93882942199707 1.946506142616272
v -8.62716609305661e-16 30.755556106567383 3.8853302001953125
v -1.2898173028491177e-15 30.450904846191406 5.808820724487305
v -1.7118276460169313e-15 30.026077270507812 7.709386348724365
v -2.1270822661556815e-15 29.482751846313477 9.579526901245117
v -2.5339422603915494e-15 28.823070526123047 11.411861419677734
v -2.9308017601356595e-15 28.049638748168945 13.19915771484375
v -3.316095024985012e-15 27.16550636291504 14.934364318847656
v -3.6883007837663385e-15 26.174165725708008 16.61063003540039
v -4.0459507048655734e-15 25.079526901245117 18.221342086791992
v -4.3876332078761175e-15 23.885910034179688 19.760143280029297
v -4.711999816345942e-15 22.5980281829834 21.22096061706543
v -5.017770239975272e-15 21.22096061706543 22.5980281829834
v -5.30373745681427e-15 19.760143280029297 23.885910034179688
v -5.568773642493667e-15 18.221342086791992 25.079526901245117
v -5.81183228780713e-15 16.61063003540039 26.174165725708008
v -6.031954127941894e-15 14.934364318847656 27.16550636291504
v -6.228270954127023e-15 13.19915771484375 28.049638748168945
v -6.400007307699306e-15 11.411861419677734 28.823070526123047
v -6.546485985817413e-15 9.579526901245117 29.482751846313477
v -6.66712846497837e-15 7.709386348724365 30.026077270507812
v -6.761459136182292e-15 5.808820724487305 30.450904846191406
v -6.829105304932389e-15 3.8853302001953125 30.755556106567383
v -6.869800155850274e-15 1.946506142616272 30.93882942199707
v -6.8833827526759706e-15 3.796405057725563e-15 31
v -6.869800155850274e-15 -1.946506142616272 30.93882942199707
v -6.829105304932389e-15 -3.8853302001953125 30.755556106567383
v -6.761459136182292e-15 -5.808820724487305 30.450904846191406
v -6.66712846497837e-15 -7.709386348724365 30.026077270507812
v -6.546485985817413e-15 -9.579526901245117 29.482751846313477
v -6.400007307699306e-15 -11.411861419677734 28.823070526123047
v -6.228270954127023e-15 -13.19915771484375 28.049638748168945
v -6.031954127941894e-15 -14.934364318847656 27.16550636291504
v -5.81183228780713e-15 -16.61063003540039 26.174165725708008
v -5.568773642493667e-15 -18.221342086791992 25.079526901245117
v -5.30373745681427e-15 -19.760143280029297 23.885910034179688
v -5.017770239975272e-15 -21.22096061706543 22.5980281829834
v -4.711999816345942e-15 -22.5980281829834 21.22096061706543
v -4.3876332078761175e-15 -23.885910034179688 19.760143280029297
v -4.0459507048655734e-15 -25.079526901245117 18.221342086791992
v -3.6883007837663385e-15 -26.174165725708008 16.61063003540039
v -3.316095024985012e-15 -27.16550636291504 14.934364318847656
v -2.9308017601356595e-15 -28.049638748168945 13.19915771484375
v -2.5339422603915494e-15 -28.823070526123047 11.411861419677734
v -2.1270822661556815e-15 -29.482751846313477 9.579526901245117
v -1.7118276460169313e-15 -30.026077270507812 7.709386348724365
v -1.2898173028491177e-15 -30.450904846191406 5.808820724487305
v -8.62716609305661e-16 -30.755556106567383 3.8853302001953125
v -4.3221118742137676e-16 -30.93882942199707 1.946506142616272
v -1.264456891767095e-30 -31 5.694607586588345e-15
v 4.3221118742137676e-16 -30.93882942199707 -1.946506142616272
v 8.62716609305661e-16 -30.755556106567383 -3.8853302001953125
v 1.2898173028491177e-15 -30.450904846191406 -5.808820724487305
v 1.7118276460169313e-15 -30.026077270507812 -7.709386348724365
v 2.1270822661556815e-15 -29.482751846313477 -9.579526901245117
v 2.5339422603915494e-15 -28.823070526123047 -11.411861419677734
v 2.9308017601356595e-15 -28.049638748168945 -13.19915771484375
v 3.316095024985012e-15 -27.16550636291504 -14.934364318847656
v 3.6883007837663385e-15 -26.174165725708008 -16.61063003540039
v 4.0459507048655734e-15 -25.079526901245117 -18.221342086791992
v 4.3876332078761175e-15 -23.885910034179688 -19.760143280029297
v 4.711999816345942e-15 -22.5980281829834 -21.22096061706543
v 5.017770239975272e-15 -21.22096061706543 -22.5980281829834
v 5.30373745681427e-15 -19.760143280029297 -23.885910034179688
v 5.568773642493667e-15 -18.221342086791992 -25.079526901245117
v 5.81183228780713e-15 -16.61063003540039 -26.174165725708008
v 6.031954127941894e-15 -14.934364318847656 -27.16550636291504
v 6.228270954127023e-15 -13.19915771484375 -28.049638748168945
v 6.400007307699306e-15 -11.411861419677734 -28.823070526123047
v 6.546485985817413e-15 -9.579526901245117 -29.482751846313477
v 6.66712846497837e-15 -7.709386348724365 -30.026077270507812
v 6.761459136182292e-15 -5.808820724487305 -30.450904846191406
v 6.829105304932389e-15 -3.8853302001953125 -30.755556106567383
v 6.869800155850274e-15 -1.946506142616272 -30.93882942199707
v 6.8833827526759706e-15 -7.592810115451126e-15 -31
v 0.3826834261417389 0 -30.923879623413086
v 0.3826834261417389 1.9417264461517334 -30.862857818603516
v 0.3826834261417389 3.8757898807525635 -30.680034637451172
v 0.3826834261417389 5.794557094573975 -30.37613296508789
v 0.3826834261417389 7.690455913543701 -29.952348709106445
v 0.3826834261417389 9.556004524230957 -29.410356521606445
v 0.3826834261417389 11.38383960723877 -28.752296447753906
v 0.3826834261417389 13.166747093200684 -27.980762481689453
v 0.3826834261417389 14.897692680358887 -27.09880256652832
v 0.3826834261417389 16.569843292236328 -26.109895706176758
v 0.3826834261417389 18.176599502563477 -25.0179443359375
v 0.3826834261417389 19.71162223815918 -23.827259063720703
v 0.3826834261417389 21.168851852416992 -22.542537689208984
v 0.3826834261417389 22.542537689208984 -21.168851852416992
v 0.3826834261417389 23.827259063720703 -19.71162223815918
v 0.3826834261417389 25.0179443359375 -18.176599502563477
v 0.3826834261417389 26.109895706176758 -16.569843292236328
v 0.3826834261417389 27.09880256652832 -14.897692680358887
v 0.3826834261417389 27.980762481689453 -13.166747093200684
v 0.3826834261417389 28.752296447753906 -11.38383960723877
v 0.3826834261417389 29.410356521606445 -9.556004524230957
v 0.3826834261417389 29.952348709106445 -7.690455913543701
v 0.3826834261417389 30.37613296508789 -5.794557094573975
v 0.3826834261417389 30.680034637451172 -3.8757898807525635
v 0.3826834261417389 30.862857818603516 -1.9417264461517334
v 0.3826834261417389 30.923879623413086 -1.8085686553513843e-15
v 0.3826834261417389 30.862857818603516 1.9417264461517334
v 0.3826834261417389 30.680034637451172 3.8757898807525635
v 0.3826834261417389 30.37613296508789 5.794557094573975
v 0.3826834261417389 29.952348709106445 7.690455913543701
v 0.3826834261417389 29.410356521606445 9.556004524230957
v 0.3826834261417389 28.752296447753906 11.38383960723877
v 0.3826834261417389 27.980762481689453 13.166747093200684
v 0.3826834261417389 27.09880256652832 14.897692680358887
v 0.3826834261417389 26.109895706176758 16.569843292236328
v 0.3826834261417389 25.0179443359375 18.176599502563477
v 0.3826834261417389 23.827259063720703 19.71162223815918
v 0.3826834261417389 22.542537689208984 21.168851852416992
v 0.3826834261417389 21.168851852416992 22.542537689208984
v 0.3826834261417389 19.71162223815918 23.827259063720703
v 0.3826834261417389 18.176599502563477 25.0179443359375
v 0.3826834261417389 16.569843292236328 26.109895706176758
v 0.3826834261417389 14.897692680358887 27.09880256652832
v 0.3826834261417389 13.166747093200684 27.980762481689453
v 0.3826834261417389 11.38383960723877 28.752296447753906
v 0.3826834261417389 9.556004524230957 29.410356521606445
v 0.3826834261417389 7.690455913543701 29.952348709106445
v 0.3826834261417389 5.794557094573975 30.37613296508789
v 0.3826834261417389 3.8757898807525635 30.680034637451172
v 0.3826834261417389 1.9417264461517334 30.862857818603516
v 0.3826834261417389 3.787083036624556e-15 30.923879623413086
v 0.3826834261417389 -1.9417264461517334 30.862857818603516
v 0.3826834261417389 -3.8757898807525635 30.680034637451172
v 0.3826834261417389 -5.794557094573975 30.37613296508789
v 0.3826834261417389 -7.690455913543701 29.952348709106445
v 0.3826834261417389 -9.556004524230957 29.410356521606445
v 0.3826834261417389 -11.38383960723877 28.752296447753906
v 0.3826834261417389 -13.166747093200684 27.980762481689453
v 0.3826834261417389 -14.897692680358887 27.09880256652832
v 0.3826834261417389 -16.569843292236328 26.109895706176758
v 0.3826834261417389 -18.176599502563477 25.0179443359375
v 0.3826834261417389 -19.71162223815918 23.827259063720703
v 0.3826834261417389 -21.168851852416992 22.542537689208984
v 0.3826834261417389 -22.542537689208984 21.168851852416992
v 0.3826834261417389 -23.827259063720703 19.71162223815918
v 0.3826834261417389 -25.0179443359375 18.176599502563477
v 0.3826834261417389 -26.109895706176758 16.569843292236328
v 0.3826834261417389 -27.09880256652832 14.897692680358887
v 0.3826834261417389 -27.980762481689453 13.166747093200684
v 0.3826834261417389 -28.752296447753906 11.38383960723877
v 0.3826834261417389 -29.410356521606445 9.556004524230957
v 0.3826834261417389 -29.952348709106445 7.690455913543701
v 0.3826834261417389 -30.37613296508789 5.794557094573975
v 0.3826834261417389 -30.680034637451172 3.8757898807525635
v 0.3826834261417389 -30.862857818603516 1.9417264461517334
v 0.3826834261417389 -30.923879623413086 5.765596994381254e-15
v 0.3826834261417389 -30.862857818603516 -1.9417264461517334
v 0.3826834261417389 -30.680034637451172 -3.8757898807525635
v 0.3826834261417389 -30.37613296508789 -5.794557094573975
v 0.3826834261417389 -29.952348709106445 -7.690455913543701
v 0.3826834261417389 -29.410356521606445 -9.556004524230957
v 0.3826834261417389 -28.752296447753906 -11.38383960723877
v 0.3826834261417389 -27.980762481689453 -13.166747093200684
v 0.3826834261417389 -27.09880256652832 -14.897692680358887
v 0.3826834261417389 -26.109895706176758 -16.569843292236328
v 0.3826834261417389 -25.0179443359375 -18.176599502563477
v 0.3826834261417389 -23.827259063720703 -19.71162223815918
v 0.3826834261417389 -22.542537689208984 -21.168851852416992
v 0.3826834261417389 -21.168851852416992 -22.542537689208984
v 0.3826834261417389 -19.71162223815918 -23.827259063720703
v 0.3826834261417389 -18.176599502563477 -25.0179443359375
v 0.3826834261417389 -16.569843292236328 -26.109895706176758
v 0.3826834261417389 -14.897692680358887 -27.09880256652832
v 0.3826834261417389 -13.166747093200684 -27.980762481689453
v 0.3826834261417389 -11.38383960723877 -28.752296447753906
v 0.3826834261417389 -9.556004524230957 -29.410356521606445
v 0.3826834261417389 -7.690455913543701 -29.952348709106445
v 0.3826834261417389 -5.794557094573975 -30.37613296508789
v 0.3826834261417389 -3.8757898807525635 -30.680034637451172
v 0.3826834261417389 -1.9417264461517334 -30.862857818603516
v 0.3826834261417389 -7.574166073249112e-15 -30.923879623413086
v 0.7071067690849304 0 -30.707107543945312
v 0.7071067690849304 1.9281151294708252 -30.646512985229492
v 0.7071067690849304 3.848620891571045 -30.4649715423584
v 0.7071067690849304 5.7539381980896 -30.16320037841797
v 0.7071067690849304 7.636547088623047 -29.742385864257812
v 0.7071067690849304 9.489017486572266 -29.204193115234375
v 0.7071067690849304 11.30403995513916 -28.550745010375977
v 0.7071067690849304 13.074450492858887 -27.78462028503418
v 0.7071067690849304 14.793261528015137 -26.908842086791992
v 0.7071067690849304 16.453691482543945 -25.926868438720703
v 0.7071067690849304 18.049184799194336 -24.842571258544922
v 0.7071067690849304 19.57344627380371 -23.660232543945312
v 0.7071067690849304 21.02046012878418 -22.384517669677734
v 0.7071067690849304 22.384517669677734 -21.02046012878418
v 0.7071067690849304 23.660232543945312 -19.57344627380371
v 0.7071067690849304 24.842571258544922 -18.049184799194336
v 0.7071067690849304 25.926868438720703 -16.453691482543945
v 0.7071067690849304 26.908842086791992 -14.793261528015137
v 0.7071067690849304 27.78462028503418 -13.074450492858887
v 0.7071067690849304 28.550745010375977 -11.30403995513916
v 0.7071067690849304 29.204193115234375 -9.489017486572266
v 0.7071067690849304 29.742385864257812 -7.636547088623047
v 0.7071067690849304 30.16320037841797 -5.7539381980896
v 0.7071067690849304 30.4649715423584 -3.848620891571045
v 0.7071067690849304 30.646512985229492 -1.9281151294708252
v 0.7071067690849304 30.707107543945312 -1.7232588850357201e-15
v 0.7071067690849304 30.646512985229492 1.9281151294708252
v 0.7071067690849304 30.4649715423584 3.848620891571045
v 0.7071067690849304 30.16320037841797 5.7539381980896
v 0.7071067690849304 29.742385864257812 7.636547088623047
v 0.7071067690849304 29.204193115234375 9.489017486572266
v 0.7071067690849304 28.550745010375977 11.30403995513916
v 0.7071067690849304 27.78462028503418 13.074450492858887
v 0.7071067690849304 26.908842086791992 14.793261528015137
v 0.7071067690849304 25.926868438720703 16.453691482543945
v 0.7071067690849304 24.842571258544922 18.049184799194336
v 0.7071067690849304 23.660232543945312 19.57344627380371
v 0.7071067690849304 22.384517669677734 21.02046012878418
v 0.7071067690849304 21.02046012878418 22.384517669677734
v 0.7071067690849304 19.57344627380371 23.660232543945312
v 0.7071067690849304 18.049184799194336 24.842571258544922
v 0.7071067690849304 16.453691482543945 25.926868438720703
v 0.7071067690849304 14.793261528015137 26.908842086791992
v 0.7071067690849304 13.074450492858887 27.78462028503418
v 0.7071067690849304 11.30403995513916 28.550745010375977
v 0.7071067690849304 9.489017486572266 29.204193115234375
v 0.7071067690849304 7.636547088623047 29.742385864257812
v 0.7071067690849304 5.7539381980896 30.16320037841797
v 0.7071067690849304 3.848620891571045 30.4649715423584
v 0.7071067690849304 1.9281151294708252 30.646512985229492
v 0.7071067690849304 3.760536177024659e-15 30.707107543945312
v 0.7071067690849304 -1.9281151294708252 30.646512985229492
v 0.7071067690849304 -3.848620891571045 30.4649715423584
v 0.7071067690849304 -5.7539381980896 30.16320037841797
v 0.7071067690849304 -7.636547088623047 29.742385864257812
v 0.7071067690849304 -9.489017486572266 29.204193115234375
v 0.7071067690849304 -11.30403995513916 28.550745010375977
v 0.7071067690849304 -13.074450492858887 27.78462028503418
v 0.7071067690849304 -14.793261528015137 26.908842086791992
v 0.7071067690849304 -16.453691482543945 25.926868438720703
v 0.7071067690849304 -18.049184799194336 24.842571258544922
v 0.7071067690849304 -19.57344627380371 23.660232543945312
v 0.7071067690849304 -21.02046012878418 22.384517669677734
v 0.7071067690849304 -22.384517669677734 21.02046012878418
v 0.7071067690849304 -23.660232543945312 19.57344627380371
v 0.7071067690849304 -24.842571258544922 18.049184799194336
v 0.7071067690849304 -25.926868438720703 16.453691482543945
v 0.7071067690849304 -26.908842086791992 14.793261528015137
v 0.7071067690849304 -27.78462028503418 13.074450492858887
v 0.7071067690849304 -28.550745010375977 11.30403995513916
v 0.7071067690849304 -29.204193115234375 9.489017486572266
v 0.7071067690849304 -29.742385864257812 7.636547088623047
v 0.7071067690849304 -30.16320037841797 5.7539381980896
v 0.7071067690849304 -30.4649715423584 3.848620891571045
v 0.7071067690849304 -30.646512985229492 1.9281151294708252
v 0.7071067690849304 -30.707107543945312 5.797813469013598e-15
v 0.7071067690849304 -30.646512985229492 -1.9281151294708252
v 0.7071067690849304 -30.4649715423584 -3.848620891571045
v 0.7071067690849304 -30.16320037841797 -5.7539381980896
v 0.7071067690849304 -29.742385864257812 -7.636547088623047
v 0.7071067690849304 -29.204193115234375 -9.489017486572266
v 0.7071067690849304 -28.550745010375977 -11.30403995513916
v 0.7071067690849304 -27.78462028503418 -13.074450492858887
v 0.7071067690849304 -26.908842086791992 -14.793261528015137
v 0.7071067690849304 -25.926868438720703 -16.453691482543945
v 0.7071067690849304 -24.842571258544922 -18.049184799194336
v 0.7071067690849304 -23.660232543945312 -19.57344627380371
v 0.7071067690849304 -22.384517669677734 -21.02046012878418
v 0.7071067690849304 -21.02046012878418 -22.384517669677734
v 0.7071067690849304 -19.57344627380371 -23.660232543945312
v 0.7071067690849304 -18.049184799194336 -24.842571258544922
v 0.7071067690849304 -16.453691482543945 -25.926868438720703
v 0.7071067690849304 -14.793261528015137 -26.908842086791992
v 0.7071067690849304 -13.074450492858887 -27.78462028503418
v 0.7071067690849304 -11.30403995513916 -28.550745010375977
v 0.7071067690849304 -9.489017486572266 -29.204193115234375
v 0.7071067690849304 -7.636547088623047 -29.742385864257812
v 0.7071067690849304 -5.7539381980896 -30.16320037841797
v 0.7071067690849304 -3.848620891571045 -30.4649715423584
v 0.7071067690849304 -1.9281151294708252 -30.646512985229492
v 0.7071067690849304 -7.521072354049318e-15 -30.707107543945312
v 0.9238795042037964 0 -30.38268280029297
v 0.9238795042037964 1.9077445268630981 -30.322731018066406
v 0.9238795042037964 3.807960033416748 -30.14310646057129
v 0.9238795042037964 5.6931471824646 -29.84452247619629
v 0.9238795042037964 7.555866241455078 -29.42815589904785
v 0.9238795042037964 9.388765335083008 -28.895648956298828
v 0.9238795042037964 11.184611320495605 -28.24910545349121
v 0.9238795042037964 12.936317443847656 -27.491073608398438
v 0.9238795042037964 14.636969566345215 -26.624547958374023
v 0.9238795042037964 16.279855728149414 -25.6529483795166
v 0.9238795042037964 17.85849380493164 -24.580106735229492
v 0.9238795042037964 19.36665153503418 -23.410259246826172
v 0.9238795042037964 20.798377990722656 -22.14802360534668
v 0.9238795042037964 22.14802360534668 -20.798377990722656
v 0.9238795042037964 23.410259246826172 -19.36665153503418
v 0.9238795042037964 24.580106735229492 -17.85849380493164
v 0.9238795042037964 25.6529483795166 -16.279855728149414
v 0.9238795042037964 26.624547958374023 -14.636969566345215
v 0.9238795042037964 27.491073608398438 -12.936317443847656
v 0.9238795042037964 28.24910545349121 -11.184611320495605
v 0.9238795042037964 28.895648956298828 -9.388765335083008
v 0.9238795042037964 29.42815589904785 -7.555866241455078
v 0.9238795042037964 29.84452247619629 -5.6931471824646
v 0.9238795042037964 30.14310646057129 -3.807960033416748
v 0.9238795042037964 30.322731018066406 -1.9077445268630981
v 0.9238795042037964 30.38268280029297 -1.6552603505795658e-15
v 0.9238795042037964 30.322731018066406 1.9077445268630981
v 0.9238795042037964 30.14310646057129 3.807960033416748
v 0.9238795042037964 29.84452247619629 5.6931471824646
v 0.9238795042037964 29.42815589904785 7.555866241455078
v 0.9238795042037964 28.895648956298828 9.388765335083008
v 0.9238795042037964 28.24910545349121 11.184611320495605
v 0.9238795042037964 27.491073608398438 12.936317443847656
v 0.9238795042037964 26.624547958374023 14.636969566345215
v 0.9238795042037964 25.6529483795166 16.279855728149414
v 0.9238795042037964 24.580106735229492 17.85849380493164
v 0.9238795042037964 23.410259246826172 19.36665153503418
v 0.9238795042037964 22.14802360534668 20.798377990722656
v 0.9238795042037964 20.798377990722656 22.14802360534668
v 0.9238795042037964 19.36665153503418 23.410259246826172
v 0.9238795042037964 17.85849380493164 24.580106735229492
v 0.9238795042037964 16.279855728149414 25.6529483795166
v 0.9238795042037964 14.636969566345215 26.624547958374023
v 0.9238795042037964 12.936317443847656 27.491073608398438
v 0.9238795042037964 11.184611320495605 28.24910545349121
v 0.9238795042037964 9.388765335083008 28.895648956298828
v 0.9238795042037964 7.555866241455078 29.42815589904785
v 0.9238795042037964 5.6931471824646 29.84452247619629
v 0.9238795042037964 3.807960033416748 30.14310646057129
v 0.9238795042037964 1.9077445268630981 30.322731018066406
v 0.9238795042037964 3.720805673117222e-15 30.38268280029297
v 0.9238795042037964 -1.9077445268630981 30.322731018066406
v 0.9238795042037964 -3.807960033416748 30.14310646057129
v 0.9238795042037964 -5.6931471824646 29.84452247619629
v 0.9238795042037964 -7.555866241455078 29.42815589904785
v 0.9238795042037964 -9.388765335083008 28.895648956298828
v 0.9238795042037964 -11.184611320495605 28.24910545349121
v 0.9238795042037964 -12.936317443847656 27.491073608398438
v 0.9238795042037964 -14.636969566345215 26.624547958374023
v 0.9238795042037964 -16.279855728149414 25.6529483795166
v 0.9238795042037964 -17.85849380493164 24.580106735229492
v 0.9238795042037964 -19.36665153503418 23.410259246826172
v 0.9238795042037964 -20.798377990722656 22.14802360534668
v 0.9238795042037964 -22.14802360534668 20.798377990722656
v 0.9238795042037964 -23.410259246826172 19.36665153503418
v 0.9238795042037964 -24.580106735229492 17.85849380493164
v 0.9238795042037964 -25.6529483795166 16.279855728149414
v 0.9238795042037964 -26.624547958374023 14.636969566345215
v 0.9238795042037964 -27.491073608398438 12.936317443847656
v 0.9238795042037964 -28.24910545349121 11.184611320495605
v 0.9238795042037964 -28.895648956298828 9.388765335083008
v 0.9238795042037964 -29.42815589904785 7.555866241455078
v 0.9238795042037964 -29.84452247619629 5.6931471824646
v 0.9238795042037964 -30.14310646057129 3.807960033416748
v 0.9238795042037964 -30.322731018066406 1.9077445268630981
v 0.9238795042037964 -30.38268280029297 5.786350995654879e-15
v 0.9238795042037964 -30.322731018066406 -1.9077445268630981
v 0.9238795042037964 -30.14310646057129 -3.807960033416748
v 0.9238795042037964 -29.84452247619629 -5.6931471824646
v 0.9238795042037964 -29.42815589904785 -7.555866241455078
v 0.9238795042037964 -28.895648956298828 -9.388765335083008
v 0.9238795042037964 -28.24910545349121 -11.184611320495605
v 0.9238795042037964 -27.491073608398438 -12.936317443847656
v 0.9238795042037964 -26.624547958374023 -14.636969566345215
v 0.9238795042037964 -25.6529483795166 -16.279855728149414
v 0.9238795042037964 -24.580106735229492 -17.85849380493164
v 0.9238795042037964 -23.410259246826172 -19.36665153503418
v 0.9238795042037964 -22.14802360534668 -20.798377990722656
v 0.9238795042037964 -20.798377990722656 -22.14802360534668
v 0.9238795042037964 -19.36665153503418 -23.410259246826172
v 0.9238795042037964 -17.85849380493164 -24.580106735229492
v 0.9238795042037964 -16.279855728149414 -25.6529483795166
v 0.9238795042037964 -14.636969566345215 -26.624547958374023
v 0.9238795042037964 -12.936317443847656 -27.491073608398438
v 0.9238795042037964 -11.184611320495605 -28.24910545349121
v 0.9238795042037964 -9.388765335083008 -28.895648956298828
v 0.9238795042037964 -7.555866241455078 -29.42815589904785
v 0.9238795042037964 -5.6931471824646 -29.84452247619629
v 0.9238795042037964 -3.807960033416748 -30.14310646057129
v 0.9238795042037964 -1.9077445268630981 -30.322731018066406
v 0.9238795042037964 -7.441611346234445e-15 -30.38268280029297
v 1 0 -30
v 1 1.8837156295776367 -29.9408016204834
v 1 3.7599968910217285 -29.76344108581543
v 1 5.621439456939697 -29.468618392944336
v 1 7.460696697235107 -29.0574951171875
v 1 9.270509719848633 -28.531696319580078
v 1 11.043736457824707 -27.893295288085938
v 1 12.773378372192383 -27.144811630249023
v 1 14.45261001586914 -26.289199829101562
v 1 16.074804306030273 -25.329837799072266
v 1 17.63355827331543 -24.270509719848633
v 1 19.122718811035156 -23.11539649963379
v 1 20.536413192749023 -21.86905860900879
v 1 21.86905860900879 -20.536413192749023
v 1 23.11539649963379 -19.122718811035156
v 1 24.270509719848633 -17.63355827331543
v 1 25.329837799072266 -16.074804306030273
v 1 26.289199829101562 -14.45261001586914
v 1 27.144811630249023 -12.773378372192383
v 1 27.893295288085938 -11.043736457824707
v 1 28.531696319580078 -9.270509719848633
v 1 29.0574951171875 -7.460696697235107
v 1 29.468618392944336 -5.621439456939697
v 1 29.76344108581543 -3.7599968910217285
v 1 29.9408016204834 -1.8837156295776367
v 1 30 -1.6149254886642633e-15
v 1 29.9408016204834 1.8837156295776367
v 1 29.76344108581543 3.7599968910217285
v 1 29.468618392944336 5.621439456939697
v 1 29.0574951171875 7.460696697235107
v 1 28.531696319580078 9.270509719848633
v 1 27.893295288085938 11.043736457824707
v 1 27.144811630249023 12.773378372192383
v 1 26.289199829101562 14.45261001586914
v 1 25.329837799072266 16.074804306030273
v 1 24.270509719848633 17.63355827331543
v 1 23.11539649963379 19.122718811035156
v 1 21.86905860900879 20.536413192749023
v 1 20.536413192749023 21.86905860900879
v 1 19.122718811035156 23.11539649963379
v 1 17.63355827331543 24.270509719848633
v 1 16.074804306030273 25.329837799072266
v 1 14.45261001586914 26.289199829101562
v 1 12.773378372192383 27.144811630249023
v 1 11.043736457824707 27.893295288085938
v 1 9.270509719848633 28.531696319580078
v 1 7.460696697235107 29.0574951171875
v 1 5.621439456939697 29.468618392944336
v 1 3.7599968910217285 29.76344108581543
v 1 1.8837156295776367 29.9408016204834
v 1 3.673940187178589e-15 30
v 1 -1.8837156295776367 29.9408016204834
v 1 -3.7599968910217285 29.76344108581543
v 1 -5.621439456939697 29.468618392944336
v 1 -7.460696697235107 29.0574951171875
v 1 -9.270509719848633 28.531696319580078
v 1 -11.043736457824707 27.893295288085938
v 1 -12.773378372192383 27.144811630249023
v 1 -14.45261001586914 26.289199829101562
v 1 -16.074804306030273 25.329837799072266
v 1 -17.63355827331543 24.270509719848633
v 1 -19.122718811035156 23.11539649963379
v 1 -20.536413192749023 21.86905860900879
v 1 -21.86905860900879 20.536413192749023
v 1 -23.11539649963379 19.122718811035156
v 1 -24.270509719848633 17.63355827331543
v 1 -25.329837799072266 16.074804306030273
v 1 -26.289199829101562 14.45261001586914
v 1 -27.144811630249023 12.773378372192383
v 1 -27.893295288085938 11.043736457824707
v 1 -28.531696319580078 9.270509719848633
v 1 -29.0574951171875 7.460696697235107
v 1 -29.468618392944336 5.621439456939697
v 1 -29.76344108581543 3.7599968910217285
v 1 -29.9408016204834 1.8837156295776367
v 1 -30 5.732955309209389e-15
v 1 -29.9408016204834 -1.8837156295776367
v 1 -29.76344108581543 -3.7599968910217285
v 1 -29.468618392944336 -5.621439456939697
v 1 -29.0574951171875 -7.460696697235107
v 1 -28.531696319580078 -9.270509719848633
v 1 -27.893295288085938 -11.043736457824707
v 1 -27.144811630249023 -12.773378372192383
v 1 -26.289199829101562 -14.45261001586914
v 1 -25.329837799072266 -16.074804306030273
v 1 -24.270509719848633 -17.63355827331543
v 1 -23.11539649963379 -19.122718811035156
v 1 -21.86905860900879 -20.536413192749023
v 1 -20.536413192749023 -21.86905860900879
v 1 -19.122718811035156 -23.11539649963379
v 1 -17.63355827331543 -24.270509719848633
v 1 -16.074804306030273 -25.329837799072266
v 1 -14.45261001586914 -26.289199829101562
v 1 -12.773378372192383 -27.144811630249023
v 1 -11.043736457824707 -27.893295288085938
v 1 -9.270509719848633 -28.531696319580078
v 1 -7.460696697235107 -29.0574951171875
v 1 -5.621439456939697 -29.468618392944336
v 1 -3.7599968910217285 -29.76344108581543
v 1 -1.8837156295776367 -29.9408016204834
v 1 -7.347880374357178e-15 -30
v 0.9238795042037964 0 -29.61731719970703
v 0.9238795042037964 1.8596867322921753 -29.558874130249023
v 0.9238795042037964 3.712033987045288 -29.38377571105957
v 0.9238795042037964 5.549731731414795 -29.09271240234375
v 0.9238795042037964 7.365527153015137 -28.68683433532715
v 0.9238795042037964 9.152254104614258 -28.167741775512695
v 0.9238795042037964 10.902861595153809 -27.537485122680664
v 0.9238795042037964 12.610440254211426 -26.79854965209961
v 0.9238795042037964 14.268251419067383 -25.9538516998291
v 0.9238795042037964 15.869751930236816 -25.00672721862793
v 0.9238795042037964 17.40862274169922 -23.960912704467773
v 0.9238795042037964 18.878787994384766 -22.820533752441406
v 0.9238795042037964 20.27444839477539 -21.59009552001953
v 0.9238795042037964 21.59009552001953 -20.27444839477539
v 0.9238795042037964 22.820533752441406 -18.878787994384766
v 0.9238795042037964 23.960912704467773 -17.40862274169922
v 0.9238795042037964 25.00672721862793 -15.869751930236816
v 0.9238795042037964 25.9538516998291 -14.268251419067383
v 0.9238795042037964 26.79854965209961 -12.610440254211426
v 0.9238795042037964 27.537485122680664 -10.902861595153809
v 0.9238795042037964 28.167741775512695 -9.152254104614258
v 0.9238795042037964 28.68683433532715 -7.365527153015137
v 0.9238795042037964 29.09271240234375 -5.549731731414795
v 0.9238795042037964 29.38377571105957 -3.712033987045288
v 0.9238795042037964 29.558874130249023 -1.8596867322921753
v 0.9238795042037964 29.61731719970703 -1.6083950763991694e-15
v 0.9238795042037964 29.558874130249023 1.8596867322921753
v 0.9238795042037964 29.38377571105957 3.712033987045288
v 0.9238795042037964 29.09271240234375 5.549731731414795
v 0.9238795042037964 28.68683433532715 7.365527153015137
v 0.9238795042037964 28.167741775512695 9.152254104614258
v 0.9238795042037964 27.537485122680664 10.902861595153809
v 0.9238795042037964 26.79854965209961 12.610440254211426
v 0.9238795042037964 25.9538516998291 14.268251419067383
v 0.9238795042037964 25.00672721862793 15.869751930236816
v 0.9238795042037964 23.960912704467773 17.40862274169922
v 0.9238795042037964 22.820533752441406 18.878787994384766
v 0.9238795042037964 21.59009552001953 20.27444839477539
v 0.9238795042037964 20.27444839477539 21.59009552001953
v 0.9238795042037964 18.878787994384766 22.820533752441406
v 0.9238795042037964 17.40862274169922 23.960912704467773
v 0.9238795042037964 15.869751930236816 25.00672721862793
v 0.9238795042037964 14.268251419067383 25.9538516998291
v 0.9238795042037964 12.610440254211426 26.79854965209961
v 0.9238795042037964 10.902861595153809 27.537485122680664
v 0.9238795042037964 9.152254104614258 28.167741775512695
v 0.9238795042037964 7.365527153015137 28.68683433532715
v 0.9238795042037964 5.549731731414795 29.09271240234375
v 0.9238795042037964 3.712033987045288 29.38377571105957
v 0.9238795042037964 1.8596867322921753 29.558874130249023
v 0.9238795042037964 3.6270751247564296e-15 29.61731719970703
v 0.9238795042037964 -1.8596867322921753 29.558874130249023
v 0.9238795042037964 -3.712033987045288 29.38377571105957
v 0.9238795042037964 -5.549731731414795 29.09271240234375
v 0.9238795042037964 -7.365527153015137 28.68683433532715
v 0.9238795042037964 -9.152254104614258 28.167741775512695
v 0.9238795042037964 -10.902861595153809 27.537485122680664
v 0.9238795042037964 -12.610440254211426 26.79854965209961
v 0.9238795042037964 -14.268251419067383 25.9538516998291
v 0.9238795042037964 -15.869751930236816 25.00672721862793
v 0.9238795042037964 -17.40862274169922 23.960912704467773
v 0.9238795042037964 -18.878787994384766 22.820533752441406
v 0.9238795042037964 -20.27444839477539 21.59009552001953
v 0.9238795042037964 -21.59009552001953 20.27444839477539
v 0.9238795042037964 -22.820533752441406 18.878787994384766
v 0.9238795042037964 -23.960912704467773 17.40862274169922
v 0.9238795042037964 -25.00672721862793 15.869751930236816
v 0.9238795042037964 -25.9538516998291 14.268251419067383
v 0.9238795042037964 -26.79854965209961 12.610440254211426
v 0.9238795042037964 -27.537485122680664 10.902861595153809
v 0.9238795042037964 -28.167741775512695 9.152254104614258
v 0.9238795042037964 -28.68683433532715 7.365527153015137
v 0.9238795042037964 -29.09271240234375 5.549731731414795
v 0.9238795042037964 -29.38377571105957 3.712033987045288
v 0.9238795042037964 -29.558874130249023 1.8596867322921753
v 0.9238795042037964 -29.61731719970703 5.6457553848719266e-15
v 0.9238795042037964 -29.558874130249023 -1.8596867322921753
v 0.9238795042037964 -29.38377571105957 -3.712033987045288
v 0.9238795042037964 -29.09271240234375 -5.549731731414795
v 0.9238795042037964 -28.68683433532715 -7.365527153015137
v 0.9238795042037964 -28.167741775512695 -9.152254104614258
v 0.9238795042037964 -27.537485122680664 -10.902861595153809
v 0.9238795042037964 -26.79854965209961 -12.610440254211426
v 0.9238795042037964 -25.9538516998291 -14.268251419067383
v 0.9238795042037964 -25.00672721862793 -15.869751930236816
v 0.9238795042037964 -23.960912704467773 -17.40862274169922
v 0.9238795042037964 -22.820533752441406 -18.878787994384766
v 0.9238795042037964 -21.59009552001953 -20.27444839477539
v 0.9238795042037964 -20.27444839477539 -21.59009552001953
v 0.9238795042037964 -18.878787994384766 -22.820533752441406
v 0.9238795042037964 -17.40862274169922 -23.960912704467773
v 0.9238795042037964 -15.869751930236816 -25.00672721862793
v 0.9238795042037964 -14.268251419067383 -25.9538516998291
v 0.9238795042037964 -12.610440254211426 -26.79854965209961
v 0.9238795042037964 -10.902861595153809 -27.537485122680664
v 0.9238795042037964 -9.152254104614258 -28.167741775512695
v 0.9238795042037964 -7.365527153015137 -28.68683433532715
v 0.9238795042037964 -5.549731731414795 -29.09271240234375
v 0.9238795042037964 -3.712033987045288 -29.38377571105957
v 0.9238795042037964 -1.8596867322921753 -29.558874130249023
v 0.9238795042037964 -7.254150249512859e-15 -29.61731719970703
v 0.7071067690849304 0 -29.292892456054688
v 0.7071067690849304 1.8393160104751587 -29.235090255737305
v 0.7071067690849304 3.671373128890991 -29.06191062927246
v 0.7071067690849304 5.488940715789795 -28.774036407470703
v 0.7071067690849304 7.284846305847168 -28.372602462768555
v 0.7071067690849304 9.052001953125 -27.85919761657715
v 0.7071067690849304 10.783432960510254 -27.235843658447266
v 0.7071067690849304 12.472307205200195 -26.505002975463867
v 0.7071067690849304 14.111958503723145 -25.669557571411133
v 0.7071067690849304 15.695917129516602 -24.732807159423828
v 0.7071067690849304 17.21792984008789 -23.698448181152344
v 0.7071067690849304 18.671993255615234 -22.5705623626709
v 0.7071067690849304 20.052364349365234 -21.353599548339844
v 0.7071067690849304 21.353599548339844 -20.052364349365234
v 0.7071067690849304 22.5705623626709 -18.671993255615234
v 0.7071067690849304 23.698448181152344 -17.21792984008789
v 0.7071067690849304 24.732807159423828 -15.695917129516602
v 0.7071067690849304 25.669557571411133 -14.111958503723145
v 0.7071067690849304 26.505002975463867 -12.472307205200195
v 0.7071067690849304 27.235843658447266 -10.783432960510254
v 0.7071067690849304 27.85919761657715 -9.052001953125
v 0.7071067690849304 28.372602462768555 -7.284846305847168
v 0.7071067690849304 28.774036407470703 -5.488940715789795
v 0.7071067690849304 29.06191062927246 -3.671373128890991
v 0.7071067690849304 29.235090255737305 -1.8393160104751587
v 0.7071067690849304 29.292892456054688 -1.6366631069478872e-15
v 0.7071067690849304 29.235090255737305 1.8393160104751587
v 0.7071067690849304 29.06191062927246 3.671373128890991
v 0.7071067690849304 28.774036407470703 5.488940715789795
v 0.7071067690849304 28.372602462768555 7.284846305847168
v 0.7071067690849304 27.85919761657715 9.052001953125
v 0.7071067690849304 27.235843658447266 10.783432960510254
v 0.7071067690849304 26.505002975463867 12.472307205200195
v 0.7071067690849304 25.669557571411133 14.111958503723145
v 0.7071067690849304 24.732807159423828 15.695917129516602
v 0.7071067690849304 23.698448181152344 17.21792984008789
v 0.7071067690849304 22.5705623626709 18.671993255615234
v 0.7071067690849304 21.353599548339844 20.052364349365234
v 0.7071067690849304 20.052364349365234 21.353599548339844
v 0.7071067690849304 18.671993255615234 22.5705623626709
v 0.7071067690849304 17.21792984008789 23.698448181152344
v 0.7071067690849304 15.695917129516602 24.732807159423828
v 0.7071067690849304 14.111958503723145 25.669557571411133
v 0.7071067690849304 12.472307205200195 26.505002975463867
v 0.7071067690849304 10.783432960510254 27.235843658447266
v 0.7071067690849304 9.052001953125 27.85919761657715
v 0.7071067690849304 7.284846305847168 28.372602462768555
v 0.7071067690849304 5.488940715789795 28.774036407470703
v 0.7071067690849304 3.671373128890991 29.06191062927246
v 0.7071067690849304 1.8393160104751587 29.235090255737305
v 0.7071067690849304 3.587344620848993e-15 29.292892456054688
v 0.7071067690849304 -1.8393160104751587 29.235090255737305
v 0.7071067690849304 -3.671373128890991 29.06191062927246
v 0.7071067690849304 -5.488940715789795 28.774036407470703
v 0.7071067690849304 -7.284846305847168 28.372602462768555
v 0.7071067690849304 -9.052001953125 27.85919761657715
v 0.7071067690849304 -10.783432960510254 27.235843658447266
v 0.7071067690849304 -12.472307205200195 26.505002975463867
v 0.7071067690849304 -14.111958503723145 25.669557571411133
v 0.7071067690849304 -15.695917129516602 24.732807159423828
v 0.7071067690849304 -17.21792984008789 23.698448181152344
v 0.7071067690849304 -18.671993255615234 22.5705623626709
v 0.7071067690849304 -20.052364349365234 21.353599548339844
v 0.7071067690849304 -21.353599548339844 20.052364349365234
v 0.7071067690849304 -22.5705623626709 18.671993255615234
v 0.7071067690849304 -23.698448181152344 17.21792984008789
v 0.7071067690849304 -24.732807159423828 15.695917129516602
v 0.7071067690849304 -25.669557571411133 14.111958503723145
v 0.7071067690849304 -26.505002975463867 12.472307205200195
v 0.7071067690849304 -27.235843658447266 10.783432960510254
v 0.7071067690849304 -27.85919761657715 9.052001953125
v 0.7071067690849304 -28.372602462768555 7.284846305847168
v 0.7071067690849304 -28.774036407470703 5.488940715789795
v 0.7071067690849304 -29.06191062927246 3.671373128890991
v 0.7071067690849304 -29.235090255737305 1.8393160104751587
v 0.7071067690849304 -29.292892456054688 5.538026770024809e-15
v 0.7071067690849304 -29.235090255737305 -1.8393160104751587
v 0.7071067690849304 -29.06191062927246 -3.671373128890991
v 0.7071067690849304 -28.774036407470703 -5.488940715789795
v 0.7071067690849304 -28.372602462768555 -7.284846305847168
v 0.7071067690849304 -27.85919761657715 -9.052001953125
v 0.7071067690849304 -27.235843658447266 -10.783432960510254
v 0.7071067690849304 -26.505002975463867 -12.472307205200195
v 0.7071067690849304 -25.669557571411133 -14.111958503723145
v 0.7071067690849304 -24.732807159423828 -15.695917129516602
v 0.7071067690849304 -23.698448181152344 -17.21792984008789
v 0.7071067690849304 -22.5705623626709 -18.671993255615234
v 0.7071067690849304 -21.353599548339844 -20.052364349365234
v 0.7071067690849304 -20.052364349365234 -21.353599548339844
v 0.7071067690849304 -18.671993255615234 -22.5705623626709
v 0.7071067690849304 -17.21792984008789 -23.698448181152344
v 0.7071067690849304 -15.695917129516602 -24.732807159423828
v 0.7071067690849304 -14.111958503723145 -25.669557571411133
v 0.7071067690849304 -12.472307205200195 -26.505002975463867
v 0.7071067690849304 -10.783432960510254 -27.235843658447266
v 0.7071067690849304 -9.052001953125 -27.85919761657715
v 0.7071067690849304 -7.284846305847168 -28.372602462768555
v 0.7071067690849304 -5.488940715789795 -28.774036407470703
v 0.7071067690849304 -3.671373128890991 -29.06191062927246
v 0.7071067690849304 -1.8393160104751587 -29.235090255737305
v 0.7071067690849304 -7.174689241697986e-15 -29.292892456054688
v 0.3826834261417389 0 -29.076120376586914
v 0.3826834261417389 1.8257046937942505 -29.01874542236328
v 0.3826834261417389 3.6442041397094727 -28.846845626831055
v 0.3826834261417389 5.44832181930542 -28.56110191345215
v 0.3826834261417389 7.2309370040893555 -28.162641525268555
v 0.3826834261417389 8.985014915466309 -27.653034210205078
v 0.3826834261417389 10.703634262084961 -27.034292221069336
v 0.3826834261417389 12.380009651184082 -26.308860778808594
v 0.3826834261417389 14.007528305053711 -25.479598999023438
v 0.3826834261417389 15.579764366149902 -24.549779891967773
v 0.3826834261417389 17.09051513671875 -23.523075103759766
v 0.3826834261417389 18.533817291259766 -22.403535842895508
v 0.3826834261417389 19.903974533081055 -21.195579528808594
v 0.3826834261417389 21.195579528808594 -19.903974533081055
v 0.3826834261417389 22.403535842895508 -18.533817291259766
v 0.3826834261417389 23.523075103759766 -17.09051513671875
v 0.3826834261417389 24.549779891967773 -15.579764366149902
v 0.3826834261417389 25.479598999023438 -14.007528305053711
v 0.3826834261417389 26.308860778808594 -12.380009651184082
v 0.3826834261417389 27.034292221069336 -10.703634262084961
v 0.3826834261417389 27.653034210205078 -8.985014915466309
v 0.3826834261417389 28.162641525268555 -7.2309370040893555
v 0.3826834261417389 28.56110191345215 -5.44832181930542
v 0.3826834261417389 28.846845626831055 -3.6442041397094727
v 0.3826834261417389 29.01874542236328 -1.8257046937942505
v 0.3826834261417389 29.076120376586914 -1.6954261235427727e-15
v 0.3826834261417389 29.01874542236328 1.8257046937942505
v 0.3826834261417389 28.846845626831055 3.6442041397094727
v 0.3826834261417389 28.56110191345215 5.44832181930542
v 0.3826834261417389 28.162641525268555 7.2309370040893555
v 0.3826834261417389 27.653034210205078 8.985014915466309
v 0.3826834261417389 27.034292221069336 10.703634262084961
v 0.3826834261417389 26.308860778808594 12.380009651184082
v 0.3826834261417389 25.479598999023438 14.007528305053711
v 0.3826834261417389 24.549779891967773 15.579764366149902
v 0.3826834261417389 23.523075103759766 17.09051513671875
v 0.3826834261417389 22.403535842895508 18.533817291259766
v 0.3826834261417389 21.195579528808594 19.903974533081055
v 0.3826834261417389 19.903974533081055 21.195579528808594
v 0.3826834261417389 18.533817291259766 22.403535842895508
v 0.3826834261417389 17.09051513671875 23.523075103759766
v 0.3826834261417389 15.579764366149902 24.549779891967773
v 0.3826834261417389 14.007528305053711 25.479598999023438
v 0.3826834261417389 12.380009651184082 26.308860778808594
v 0.3826834261417389 10.703634262084961 27.034292221069336
v 0.3826834261417389 8.985014915466309 27.653034210205078
v 0.3826834261417389 7.2309370040893555 28.162641525268555
v 0.3826834261417389 5.44832181930542 28.56110191345215
v 0.3826834261417389 3.6442041397094727 28.846845626831055
v 0.3826834261417389 1.8257046937942505 29.01874542236328
v 0.3826834261417389 3.560797761249096e-15 29.076120376586914
v 0.3826834261417389 -1.8257046937942505 29.01874542236328
v 0.3826834261417389 -3.6442041397094727 28.846845626831055
v 0.3826834261417389 -5.44832181930542 28.56110191345215
v 0.3826834261417389 -7.2309370040893555 28.162641525268555
v 0.3826834261417389 -8.985014915466309 27.653034210205078
v 0.3826834261417389 -10.703634262084961 27.034292221069336
v 0.3826834261417389 -12.380009651184082 26.308860778808594
v 0.3826834261417389 -14.007528305053711 25.479598999023438
v 0.3826834261417389 -15.579764366149902 24.549779891967773
v 0.3826834261417389 -17.09051513671875 23.523075103759766
v 0.3826834261417389 -18.533817291259766 22.403535842895508
v 0.3826834261417389 -19.903974533081055 21.195579528808594
v 0.3826834261417389 -21.195579528808594 19.903974533081055
v 0.3826834261417389 -22.403535842895508 18.533817291259766
v 0.3826834261417389 -23.523075103759766 17.09051513671875
v 0.3826834261417389 -24.549779891967773 15.579764366149902
v 0.3826834261417389 -25.479598999023438 14.007528305053711
v 0.3826834261417389 -26.308860778808594 12.380009651184082
v 0.3826834261417389 -27.034292221069336 10.703634262084961
v 0.3826834261417389 -27.653034210205078 8.985014915466309
v 0.3826834261417389 -28.162641525268555 7.2309370040893555
v 0.3826834261417389 -28.56110191345215 5.44832181930542
v 0.3826834261417389 -28.846845626831055 3.6442041397094727
v 0.3826834261417389 -29.01874542236328 1.8257046937942505
v 0.3826834261417389 -29.076120376586914 5.426169293076301e-15
v 0.3826834261417389 -29.01874542236328 -1.8257046937942505
v 0.3826834261417389 -28.846845626831055 -3.6442041397094727
v 0.3826834261417389 -28.56110191345215 -5.44832181930542
v 0.3826834261417389 -28.162641525268555 -7.2309370040893555
v 0.3826834261417389 -27.653034210205078 -8.985014915466309
v 0.3826834261417389 -27.034292221069336 -10.703634262084961
v 0.3826834261417389 -26.308860778808594 -12.380009651184082
v 0.3826834261417389 -25.479598999023438 -14.007528305053711
v 0.3826834261417389 -24.549779891967773 -15.579764366149902
v 0.3826834261417389 -23.523075103759766 -17.09051513671875
v 0.3826834261417389 -22.403535842895508 -18.533817291259766
v 0.3826834261417389 -21.195579528808594 -19.903974533081055
v 0.3826834261417389 -19.903974533081055 -21.195579528808594
v 0.3826834261417389 -18.533817291259766 -22.403535842895508
v 0.3826834261417389 -17.09051513671875 -23.523075103759766
v 0.3826834261417389 -15.579764366149902 -24.549779891967773
v 0.3826834261417389 -14.007528305053711 -25.479598999023438
v 0.3826834261417389 -12.380009651184082 -26.308860778808594
v 0.3826834261417389 -10.703634262084961 -27.034292221069336
v 0.3826834261417389 -8.985014915466309 -27.653034210205078
v 0.3826834261417389 -7.2309370040893555 -28.162641525268555
v 0.3826834261417389 -5.44832181930542 -28.56110191345215
v 0.3826834261417389 -3.6442041397094727 -28.846845626831055
v 0.3826834261417389 -1.8257046937942505 -29.01874542236328
v 0.3826834261417389 -7.121595522498192e-15 -29.076120376586914
v 6.561758413372882e-15 0 -29
v 6.54905207213112e-15 1.8209251165390015 -28.94277572631836
v 6.510982599833249e-15 3.6346638202667236 -28.771326065063477
v 6.4477007683438805e-15 5.43405818939209 -28.486330032348633
v 6.35945602886598e-15 7.212006568908691 -28.088911056518555
v 6.246596935457344e-15 8.961492538452148 -27.580638885498047
v 6.109568603931753e-15 10.675612449645996 -26.963518142700195
v 5.94891186482603e-15 12.347599029541016 -26.2399845123291
v 5.765260722301194e-15 13.970856666564941 -25.412893295288086
v 5.5593402365600956e-15 15.538976669311523 -24.485509872436523
v 5.331962712199151e-15 17.045772552490234 -23.46149253845215
v 5.0840260041424504e-15 18.48529624938965 -22.344884872436523
v 4.816508011927598e-15 19.851865768432617 -21.140090942382812
v 4.5304645621233475e-15 21.140090942382812 -19.851865768432617
v 4.2270251731648615e-15 22.344884872436523 -18.48529624938965
v 3.9073867026066106e-15 23.46149253845215 -17.045772552490234
v 3.57281080602353e-15 24.485509872436523 -15.538976669311523
v 3.2246180077803895e-15 25.412893295288086 -13.970856666564941
v 2.864182407075872e-15 26.2399845123291 -12.347599029541016
v 2.492926807503128e-15 26.963518142700195 -10.675612449645996
v 2.1123157290279604e-15 27.580638885498047 -8.961492538452148
v 1.7238518080987981e-15 28.088911056518555 -7.212006568908691
v 1.3290679625919347e-15 28.486330032348633 -5.43405818939209
v 9.29522203734726e-16 28.771326065063477 -3.6346638202667236
v 5.26791283358486e-16 28.94277572631836 -1.8209251165390015
v 1.2246468525851679e-16 29 -1.7757378700740444e-15
v -2.818619128414524e-16 28.94277572631836 1.8209251165390015
v -6.845927802781333e-16 28.771326065063477 3.6346638202667236
v -1.0841386450144604e-15 28.486330032348633 5.43405818939209
v -1.4789224905213238e-15 28.088911056518555 7.212006568908691
v -1.867386411450486e-15 27.580638885498047 8.961492538452148
v -2.2479974899256537e-15 26.963518142700195 10.675612449645996
v -2.6192530894983976e-15 26.2399845123291 12.347599029541016
v -2.979688690202915e-15 25.412893295288086 13.970856666564941
v -3.327881276687819e-15 24.485509872436523 15.538976669311523
v -3.6624569615126626e-15 23.46149253845215 17.045772552490234
v -3.9820954320709135e-15 22.344884872436523 18.48529624938965
v -4.2855348210293995e-15 21.140090942382812 19.851865768432617
v -4.5715782708336504e-15 19.851865768432617 21.140090942382812
v -4.8390962630485024e-15 18.48529624938965 22.344884872436523
v -5.087032971105203e-15 17.045772552490234 23.46149253845215
v -5.3144104954661476e-15 15.538976669311523 24.485509872436523
v -5.520330981207246e-15 13.970856666564941 25.412893295288086
v -5.703982123732082e-15 12.347599029541016 26.2399845123291
v -5.864638862837805e-15 10.675612449645996 26.963518142700195
v -6.001667194363396e-15 8.961492538452148 27.580638885498047
v -6.114526287772032e-15 7.212006568908691 28.088911056518555
v -6.2027710272499325e-15 5.43405818939209 28.486330032348633
v -6.266052858739301e-15 3.6346638202667236 28.771326065063477
v -6.304122331037172e-15 1.8209251165390015 28.94277572631836
v -6.316828672278934e-15 3.5514757401480888e-15 29
v -6.304122331037172e-15 -1.8209251165390015 28.94277572631836
v -6.266052858739301e-15 -3.6346638202667236 28.771326065063477
v -6.2027710272499325e-15 -5.43405818939209 28.486330032348633
v -6.114526287772032e-15 -7.212006568908691 28.088911056518555
v -6.001667194363396e-15 -8.961492538452148 27.580638885498047
v -5.864638862837805e-15 -10.675612449645996 26.963518142700195
v -5.703982123732082e-15 -12.347599029541016 26.2399845123291
v -5.520330981207246e-15 -13.970856666564941 25.412893295288086
v -5.3144104954661476e-15 -15.538976669311523 24.485509872436523
v -5.087032971105203e-15 -17.045772552490234 23.46149253845215
v -4.8390962630485024e-15 -18.48529624938965 22.344884872436523
v -4.5715782708336504e-15 -19.851865768432617 21.140090942382812
v -4.2855348210293995e-15 -21.140090942382812 19.851865768432617
v -3.9820954320709135e-15 -22.344884872436523 18.48529624938965
v -3.6624569615126626e-15 -23.46149253845215 17.045772552490234
v -3.327881276687819e-15 -24.485509872436523 15.538976669311523
v -2.979688690202915e-15 -25.412893295288086 13.970856666564941
v -2.6192530894983976e-15 -26.2399845123291 12.347599029541016
v -2.2479974899256537e-15 -26.963518142700195 10.675612449645996
v -1.867386411450486e-15 -27.580638885498047 8.961492538452148
v -1.4789224905213238e-15 -28.088911056518555 7.212006568908691
v -1.0841386450144604e-15 -28.486330032348633 5.43405818939209
v -6.845927802781333e-16 -28.771326065063477 3.6346638202667236
v -2.818619128414524e-16 -28.94277572631836 1.8209251165390015
v 1.2246468525851679e-16 -29 5.327213398463896e-15
v 5.26791283358486e-16 -28.94277572631836 -1.8209251165390015
v 9.29522203734726e-16 -28.771326065063477 -3.6346638202667236
v 1.3290679625919347e-15 -28.486330032348633 -5.43405818939209
v 1.7238518080987981e-15 -28.088911056518555 -7.212006568908691
v 2.1123157290279604e-15 -27.580638885498047 -8.961492538452148
v 2.492926807503128e-15 -26.963518142700195 -10.675612449645996
v 2.864182407075872e-15 -26.2399845123291 -12.347599029541016
v 3.2246180077803895e-15 -25.412893295288086 -13.970856666564941
v 3.57281080602353e-15 -24.485509872436523 -15.538976669311523
v 3.9073867026066106e-15 -23.46149253845215 -17.045772552490234
v 4.2270251731648615e-15 -22.344884872436523 -18.48529624938965
v 4.5304645621233475e-15 -21.140090942382812 -19.851865768432617
v 4.816508011927598e-15 -19.851865768432617 -21.140090942382812
v 5.0840260041424504e-15 -18.48529624938965 -22.344884872436523
v 5.331962712199151e-15 -17.045772552490234 -23.46149253845215
v 5.5593402365600956e-15 -15.538976669311523 -24.485509872436523
v 5.765260722301194e-15 -13.970856666564941 -25.412893295288086
v 5.94891186482603e-15 -12.347599029541016 -26.2399845123291
v 6.109568603931753e-15 -10.675612449645996 -26.963518142700195
v 6.246596935457344e-15 -8.961492538452148 -27.580638885498047
v 6.35945602886598e-15 -7.212006568908691 -28.088911056518555
v 6.4477007683438805e-15 -5.43405818939209 -28.486330032348633
v 6.510982599833249e-15 -3.6346638202667236 -28.771326065063477
v 6.54905207213112e-15 -1.8209251165390015 -28.94277572631836
v 6.561758413372882e-15 -7.1029514802961775e-15 -29
v -0.3826834261417389 0 -29.076120376586914
v -0.3826834261417389 1.8257046937942505 -29.01874542236328
v -0.3826834261417389 3.6442041397094727 -28.846845626831055
v -0.3826834261417389 5.44832181930542 -28.56110191345215
v -0.3826834261417389 7.2309370040893555 -28.162641525268555
v -0.3826834261417389 8.985014915466309 -27.653034210205078
v -0.3826834261417389 10.703634262084961 -27.034292221069336
v -0.3826834261417389 12.380009651184082 -26.308860778808594
v -0.3826834261417389 14.007528305053711 -25.479598999023438
v -0.3826834261417389 15.579764366149902 -24.549779891967773
v -0.3826834261417389 17.09051513671875 -23.523075103759766
v -0.3826834261417389 18.533817291259766 -22.403535842895508
v -0.3826834261417389 19.903974533081055 -21.195579528808594
v -0.3826834261417389 21.195579528808594 -19.903974533081055
v -0.3826834261417389 22.403535842895508 -18.533817291259766
v -0.3826834261417389 23.523075103759766 -17.09051513671875
v -0.3826834261417389 24.549779891967773 -15.579764366149902
v -0.3826834261417389 25.479598999023438 -14.007528305053711
v -0.3826834261417389 26.308860778808594 -12.380009651184082
v -0.3826834261417389 27.034292221069336 -10.703634262084961
v -0.3826834261417389 27.653034210205078 -8.985014915466309
v -0.3826834261417389 28.162641525268555 -7.2309370040893555
v -0.3826834261417389 28.56110191345215 -5.44832181930542
v -0.3826834261417389 28.846845626831055 -3.6442041397094727
v -0.3826834261417389 29.01874542236328 -1.8257046937942505
v -0.3826834261417389 29.076120376586914 -1.8653717435854417e-15
v -0.3826834261417389 29.01874542236328 1.8257046937942505
v -0.3826834261417389 28.846845626831055 3.6442041397094727
v -0.3826834261417389 28.56110191345215 5.44832181930542
v -0.3826834261417389 28.162641525268555 7.2309370040893555
v -0.3826834261417389 27.653034210205078 8.985014915466309
v -0.3826834261417389 27.034292221069336 10.703634262084961
v -0.3826834261417389 26.308860778808594 12.380009651184082
v -0.3826834261417389 25.479598999023438 14.007528305053711
v -0.3826834261417389 24.549779891967773 15.579764366149902
v -0.3826834261417389 23.523075103759766 17.09051513671875
v -0.3826834261417389 22.403535842895508 18.533817291259766
v -0.3826834261417389 21.195579528808594 19.903974533081055
v -0.3826834261417389 19.903974533081055 21.195579528808594
v -0.3826834261417389 18.533817291259766 22.403535842895508
v -0.3826834261417389 17.09051513671875 23.523075103759766
v -0.3826834261417389 15.579764366149902 24.549779891967773
v -0.3826834261417389 14.007528305053711 25.479598999023438
v -0.3826834261417389 12.380009651184082 26.308860778808594
v -0.3826834261417389 10.703634262084961 27.034292221069336
v -0.3826834261417389 8.985014915466309 27.653034210205078
v -0.3826834261417389 7.2309370040893555 28.162641525268555
v -0.3826834261417389 5.44832181930542 28.56110191345215
v -0.3826834261417389 3.6442041397094727 28.846845626831055
v -0.3826834261417389 1.8257046937942505 29.01874542236328
v -0.3826834261417389 3.560797761249096e-15 29.076120376586914
v -0.3826834261417389 -1.8257046937942505 29.01874542236328
v -0.3826834261417389 -3.6442041397094727 28.846845626831055
v -0.3826834261417389 -5.44832181930542 28.56110191345215
v -0.3826834261417389 -7.2309370040893555 28.162641525268555
v -0.3826834261417389 -8.985014915466309 27.653034210205078
v -0.3826834261417389 -10.703634262084961 27.034292221069336
v -0.3826834261417389 -12.380009651184082 26.308860778808594
v -0.3826834261417389 -14.007528305053711 25.479598999023438
v -0.3826834261417389 -15.579764366149902 24.549779891967773
v -0.3826834261417389 -17.09051513671875 23.523075103759766
v -0.3826834261417389 -18.533817291259766 22.403535842895508
v -0.3826834261417389 -19.903974533081055 21.195579528808594
v -0.3826834261417389 -21.195579528808594 19.903974533081055
v -0.3826834261417389 -22.403535842895508 18.533817291259766
v -0.3826834261417389 -23.523075103759766 17.09051513671875
v -0.3826834261417389 -24.549779891967773 15.579764366149902
v -0.3826834261417389 -25.479598999023438 14.007528305053711
v -0.3826834261417389 -26.308860778808594 12.380009651184082
v -0.3826834261417389 -27.034292221069336 10.703634262084961
v -0.3826834261417389 -27.653034210205078 8.985014915466309
v -0.3826834261417389 -28.162641525268555 7.2309370040893555
v -0.3826834261417389 -28.56110191345215 5.44832181930542
v -0.3826834261417389 -28.846845626831055 3.6442041397094727
v -0.3826834261417389 -29.01874542236328 1.8257046937942505
v -0.3826834261417389 -29.076120376586914 5.256223990670987e-15
v -0.3826834261417389 -29.01874542236328 -1.8257046937942505
v -0.3826834261417389 -28.846845626831055 -3.6442041397094727
v -0.3826834261417389 -28.56110191345215 -5.44832181930542
v -0.3826834261417389 -28.162641525268555 -7.2309370040893555
v -0.3826834261417389 -27.653034210205078 -8.985014915466309
v -0.3826834261417389 -27.034292221069336 -10.703634262084961
v -0.3826834261417389 -26.308860778808594 -12.380009651184082
v -0.3826834261417389 -25.479598999023438 -14.007528305053711
v -0.3826834261417389 -24.549779891967773 -15.579764366149902
v -0.3826834261417389 -23.523075103759766 -17.09051513671875
v -0.3826834261417389 -22.403535842895508 -18.533817291259766
v -0.3826834261417389 -21.195579528808594 -19.903974533081055
v -0.3826834261417389 -19.903974533081055 -21.195579528808594
v -0.3826834261417389 -18.533817291259766 -22.403535842895508
v -0.3826834261417389 -17.09051513671875 -23.523075103759766
v -0.3826834261417389 -15.579764366149902 -24.549779891967773
v -0.3826834261417389 -14.007528305053711 -25.479598999023438
v -0.3826834261417389 -12.380009651184082 -26.308860778808594
v -0.3826834261417389 -10.703634262084961 -27.034292221069336
v -0.3826834261417389 -8.985014915466309 -27.653034210205078
v -0.3826834261417389 -7.2309370040893555 -28.162641525268555
v -0.3826834261417389 -5.44832181930542 -28.56110191345215
v -0.3826834261417389 -3.6442041397094727 -28.846845626831055
v -0.3826834261417389 -1.8257046937942505 -29.01874542236328
v -0.3826834261417389 -7.121595522498192e-15 -29.076120376586914
v -0.7071067690849304 0 -29.292892456054688
v -0.7071067690849304 1.8393160104751587 -29.235090255737305
v -0.7071067690849304 3.671373128890991 -29.06191062927246
v -0.7071067690849304 5.488940715789795 -28.774036407470703
v -0.7071067690849304 7.284846305847168 -28.372602462768555
v -0.7071067690849304 9.052001953125 -27.85919761657715
v -0.7071067690849304 10.783432960510254 -27.235843658447266
v -0.7071067690849304 12.472307205200195 -26.505002975463867
v -0.7071067690849304 14.111958503723145 -25.669557571411133
v -0.7071067690849304 15.695917129516602 -24.732807159423828
v -0.7071067690849304 17.21792984008789 -23.698448181152344
v -0.7071067690849304 18.671993255615234 -22.5705623626709
v -0.7071067690849304 20.052364349365234 -21.353599548339844
v -0.7071067690849304 21.353599548339844 -20.052364349365234
v -0.7071067690849304 22.5705623626709 -18.671993255615234
v -0.7071067690849304 23.698448181152344 -17.21792984008789
v -0.7071067690849304 24.732807159423828 -15.695917129516602
v -0.7071067690849304 25.669557571411133 -14.111958503723145
v -0.7071067690849304 26.505002975463867 -12.472307205200195
v -0.7071067690849304 27.235843658447266 -10.783432960510254
v -0.7071067690849304 27.85919761657715 -9.052001953125
v -0.7071067690849304 28.372602462768555 -7.284846305847168
v -0.7071067690849304 28.774036407470703 -5.488940715789795
v -0.7071067690849304 29.06191062927246 -3.671373128890991
v -0.7071067690849304 29.235090255737305 -1.8393160104751587
v -0.7071067690849304 29.292892456054688 -1.950681513901106e-15
v -0.7071067690849304 29.235090255737305 1.8393160104751587
v -0.7071067690849304 29.06191062927246 3.671373128890991
v -0.7071067690849304 28.774036407470703 5.488940715789795
v -0.7071067690849304 28.372602462768555 7.284846305847168
v -0.7071067690849304 27.85919761657715 9.052001953125
v -0.7071067690849304 27.235843658447266 10.783432960510254
v -0.7071067690849304 26.505002975463867 12.472307205200195
v -0.7071067690849304 25.669557571411133 14.111958503723145
v -0.7071067690849304 24.732807159423828 15.695917129516602
v -0.7071067690849304 23.698448181152344 17.21792984008789
v -0.7071067690849304 22.5705623626709 18.671993255615234
v -0.7071067690849304 21.353599548339844 20.052364349365234
v -0.7071067690849304 20.052364349365234 21.353599548339844
v -0.7071067690849304 18.671993255615234 22.5705623626709
v -0.7071067690849304 17.21792984008789 23.698448181152344
v -0.7071067690849304 15.695917129516602 24.732807159423828
v -0.7071067690849304 14.111958503723145 25.669557571411133
v -0.7071067690849304 12.472307205200195 26.505002975463867
v -0.7071067690849304 10.783432960510254 27.235843658447266
v -0.7071067690849304 9.052001953125 27.85919761657715
v -0.7071067690849304 7.284846305847168 28.372602462768555
v -0.7071067690849304 5.488940715789795 28.774036407470703
v -0.7071067690849304 3.671373128890991 29.06191062927246
v -0.7071067690849304 1.8393160104751587 29.235090255737305
v -0.7071067690849304 3.587344620848993e-15 29.292892456054688
v -0.7071067690849304 -1.8393160104751587 29.235090255737305
v -0.7071067690849304 -3.671373128890991 29.06191062927246
v -0.7071067690849304 -5.488940715789795 28.774036407470703
v -0.7071067690849304 -7.284846305847168 28.372602462768555
v -0.7071067690849304 -9.052001953125 27.85919761657715
v -0.7071067690849304 -10.783432960510254 27.235843658447266
v -0.7071067690849304 -12.472307205200195 26.505002975463867
v -0.7071067690849304 -14.111958503723145 25.669557571411133
v -0.7071067690849304 -15.695917129516602 24.732807159423828
v -0.7071067690849304 -17.21792984008789 23.698448181152344
v -0.7071067690849304 -18.671993255615234 22.5705623626709
v -0.7071067690849304 -20.052364349365234 21.353599548339844
v -0.7071067690849304 -21.353599548339844 20.052364349365234
v -0.7071067690849304 -22.5705623626709 18.671993255615234
v -0.7071067690849304 -23.698448181152344 17.21792984008789
v -0.7071067690849304 -24.732807159423828 15.695917129516602
v -0.7071067690849304 -25.669557571411133 14.111958503723145
v -0.7071067690849304 -26.505002975463867 12.472307205200195
v -0.7071067690849304 -27.235843658447266 10.783432960510254
v -0.7071067690849304 -27.85919761657715 9.052001953125
v -0.7071067690849304 -28.372602462768555 7.284846305847168
v -0.7071067690849304 -28.774036407470703 5.488940715789795
v -0.7071067690849304 -29.06191062927246 3.671373128890991
v -0.7071067690849304 -29.235090255737305 1.8393160104751587
v -0.7071067690849304 -29.292892456054688 5.224007939555117e-15
v -0.7071067690849304 -29.235090255737305 -1.8393160104751587
v -0.7071067690849304 -29.06191062927246 -3.671373128890991
v -0.7071067690849304 -28.774036407470703 -5.488940715789795
v -0.7071067690849304 -28.372602462768555 -7.284846305847168
v -0.7071067690849304 -27.85919761657715 -9.052001953125
v -0.7071067690849304 -27.235843658447266 -10.783432960510254
v -0.7071067690849304 -26.505002975463867 -12.472307205200195
v -0.7071067690849304 -25.669557571411133 -14.111958503723145
v -0.7071067690849304 -24.732807159423828 -15.695917129516602
v -0.7071067690849304 -23.698448181152344 -17.21792984008789
v -0.7071067690849304 -22.5705623626709 -18.671993255615234
v -0.7071067690849304 -21.353599548339844 -20.052364349365234
v -0.7071067690849304 -20.052364349365234 -21.353599548339844
v -0.7071067690849304 -18.671993255615234 -22.5705623626709
v -0.7071067690849304 -17.21792984008789 -23.698448181152344
v -0.7071067690849304 -15.695917129516602 -24.732807159423828
v -0.7071067690849304 -14.111958503723145 -25.669557571411133
v -0.7071067690849304 -12.472307205200195 -26.505002975463867
v -0.7071067690849304 -10.783432960510254 -27.235843658447266
v -0.7071067690849304 -9.052001953125 -27.85919761657715
v -0.7071067690849304 -7.284846305847168 -28.372602462768555
v -0.7071067690849304 -5.488940715789795 -28.774036407470703
v -0.7071067690849304 -3.671373128890991 -29.06191062927246
v -0.7071067690849304 -1.8393160104751587 -29.235090255737305
v -0.7071067690849304 -7.174689241697986e-15 -29.292892456054688
v -0.9238795042037964 0 -29.61731719970703
v -0.9238795042037964 1.8596867322921753 -29.558874130249023
v -0.9238795042037964 3.712033987045288 -29.38377571105957
v -0.9238795042037964 5.549731731414795 -29.09271240234375
v -0.9238795042037964 7.365527153015137 -28.68683433532715
v -0.9238795042037964 9.152254104614258 -28.167741775512695
v -0.9238795042037964 10.902861595153809 -27.537485122680664
v -0.9238795042037964 12.610440254211426 -26.79854965209961
v -0.9238795042037964 14.268251419067383 -25.9538516998291
v -0.9238795042037964 15.869751930236816 -25.00672721862793
v -0.9238795042037964 17.40862274169922 -23.960912704467773
v -0.9238795042037964 18.878787994384766 -22.820533752441406
v -0.9238795042037964 20.27444839477539 -21.59009552001953
v -0.9238795042037964 21.59009552001953 -20.27444839477539
v -0.9238795042037964 22.820533752441406 -18.878787994384766
v -0.9238795042037964 23.960912704467773 -17.40862274169922
v -0.9238795042037964 25.00672721862793 -15.869751930236816
v -0.9238795042037964 25.9538516998291 -14.268251419067383
v -0.9238795042037964 26.79854965209961 -12.610440254211426
v -0.9238795042037964 27.537485122680664 -10.902861595153809
v -0.9238795042037964 28.167741775512695 -9.152254104614258
v -0.9238795042037964 28.68683433532715 -7.365527153015137
v -0.9238795042037964 29.09271240234375 -5.549731731414795
v -0.9238795042037964 29.38377571105957 -3.712033987045288
v -0.9238795042037964 29.558874130249023 -1.8596867322921753
v -0.9238795042037964 29.61731719970703 -2.01868004835726e-15
v -0.9238795042037964 29.558874130249023 1.8596867322921753
v -0.9238795042037964 29.38377571105957 3.712033987045288
v -0.9238795042037964 29.09271240234375 5.549731731414795
v -0.9238795042037964 28.68683433532715 7.365527153015137
v -0.9238795042037964 28.167741775512695 9.152254104614258
v -0.9238795042037964 27.537485122680664 10.902861595153809
v -0.9238795042037964 26.79854965209961 12.610440254211426
v -0.9238795042037964 25.9538516998291 14.268251419067383
v -0.9238795042037964 25.00672721862793 15.869751930236816
v -0.9238795042037964 23.960912704467773 17.40862274169922
v -0.9238795042037964 22.820533752441406 18.878787994384766
v -0.9238795042037964 21.59009552001953 20.27444839477539
v -0.9238795042037964 20.27444839477539 21.59009552001953
v -0.9238795042037964 18.878787994384766 22.820533752441406
v -0.9238795042037964 17.40862274169922 23.960912704467773
v -0.9238795042037964 15.869751930236816 25.00672721862793
v -0.9238795042037964 14.268251419067383 25.9538516998291
v -0.9238795042037964 12.610440254211426 26.79854965209961
v -0.9238795042037964 10.902861595153809 27.537485122680664
v -0.9238795042037964 9.152254104614258 28.167741775512695
v -0.9238795042037964 7.365527153015137 28.68683433532715
v -0.9238795042037964 5.549731731414795 29.09271240234375
v -0.9238795042037964 3.712033987045288 29.38377571105957
v -0.9238795042037964 1.8596867322921753 29.558874130249023
v -0.9238795042037964 3.6270751247564296e-15 29.61731719970703
v -0.9238795042037964 -1.8596867322921753 29.558874130249023
v -0.9238795042037964 -3.712033987045288 29.38377571105957
v -0.9238795042037964 -5.549731731414795 29.09271240234375
v -0.9238795042037964 -7.365527153015137 28.68683433532715
v -0.9238795042037964 -9.152254104614258 28.167741775512695
v -0.9238795042037964 -10.902861595153809 27.537485122680664
v -0.9238795042037964 -12.610440254211426 26.79854965209961
v -0.9238795042037964 -14.268251419067383 25.9538516998291
v -0.9238795042037964 -15.869751930236816 25.00672721862793
v -0.9238795042037964 -17.40862274169922 23.960912704467773
v -0.9238795042037964 -18.878787994384766 22.820533752441406
v -0.9238795042037964 -20.27444839477539 21.59009552001953
v -0.9238795042037964 -21.59009552001953 20.27444839477539
v -0.9238795042037964 -22.820533752441406 18.878787994384766
v -0.9238795042037964 -23.960912704467773 17.40862274169922
v -0.9238795042037964 -25.00672721862793 15.869751930236816
v -0.9238795042037964 -25.9538516998291 14.268251419067383
v -0.9238795042037964 -26.79854965209961 12.610440254211426
v -0.9238795042037964 -27.537485122680664 10.902861595153809
v -0.9238795042037964 -28.167741775512695 9.152254104614258
v -0.9238795042037964 -28.68683433532715 7.365527153015137
v -0.9238795042037964 -29.09271240234375 5.549731731414795
v -0.9238795042037964 -29.38377571105957 3.712033987045288
v -0.9238795042037964 -29.558874130249023 1.8596867322921753
v -0.9238795042037964 -29.61731719970703 5.235470412913836e-15
v -0.9238795042037964 -29.558874130249023 -1.8596867322921753
v -0.9238795042037964 -29.38377571105957 -3.712033987045288
v -0.9238795042037964 -29.09271240234375 -5.549731731414795
v -0.9238795042037964 -28.68683433532715 -7.365527153015137
v -0.9238795042037964 -28.167741775512695 -9.152254104614258
v -0.9238795042037964 -27.537485122680664 -10.902861595153809
v -0.9238795042037964 -26.79854965209961 -12.610440254211426
v -0.9238795042037964 -25.9538516998291 -14.268251419067383
v -0.9238795042037964 -25.00672721862793 -15.869751930236816
v -0.9238795042037964 -23.960912704467773 -17.40862274169922
v -0.9238795042037964 -22.820533752441406 -18.878787994384766
v -0.9238795042037964 -21.59009552001953 -20.27444839477539
v -0.9238795042037964 -20.27444839477539 -21.59009552001953
v -0.9238795042037964 -18.878787994384766 -22.820533752441406
v -0.9238795042037964 -17.40862274169922 -23.960912704467773
v -0.9238795042037964 -15.869751930236816 -25.00672721862793
v -0.9238795042037964 -14.268251419067383 -25.9538516998291
v -0.9238795042037964 -12.610440254211426 -26.79854965209961
v -0.9238795042037964 -10.902861595153809 -27.537485122680664
v -0.9238795042037964 -9.152254104614258 -28.167741775512695
v -0.9238795042037964 -7.365527153015137 -28.68683433532715
v -0.9238795042037964 -5.549731731414795 -29.09271240234375
v -0.9238795042037964 -3.712033987045288 -29.38377571105957
v -0.9238795042037964 -1.8596867322921753 -29.558874130249023
v -0.9238795042037964 -7.254150249512859e-15 -29.61731719970703
v -1 0 -30
v -1 1.8837156295776367 -29.9408016204834
v -1 3.7599968910217285 -29.76344108581543
v -1 5.621439456939697 -29.468618392944336
v -1 7.460696697235107 -29.0574951171875
v -1 9.270509719848633 -28.531696319580078
v -1 11.043736457824707 -27.893295288085938
v -1 12.773378372192383 -27.144811630249023
v -1 14.45261001586914 -26.289199829101562
v -1 16.074804306030273 -25.329837799072266
v -1 17.63355827331543 -24.270509719848633
v -1 19.122718811035156 -23.11539649963379
v -1 20.536413192749023 -21.86905860900879
v -1 21.86905860900879 -20.536413192749023
v -1 23.11539649963379 -19.122718811035156
v -1 24.270509719848633 -17.63355827331543
v -1 25.329837799072266 -16.074804306030273
v -1 26.289199829101562 -14.45261001586914
v -1 27.144811630249023 -12.773378372192383
v -1 27.893295288085938 -11.043736457824707
v -1 28.531696319580078 -9.270509719848633
v -1 29.0574951171875 -7.460696697235107
v -1 29.468618392944336 -5.621439456939697
v -1 29.76344108581543 -3.7599968910217285
v -1 29.9408016204834 -1.8837156295776367
v -1 30 -2.059014698514326e-15
v -1 29.9408016204834 1.8837156295776367
v -1 29.76344108581543 3.7599968910217285
v -1 29.468618392944336 5.621439456939697
v -1 29.0574951171875 7.460696697235107
v -1 28.531696319580078 9.270509719848633
v -1 27.893295288085938 11.043736457824707
v -1 27.144811630249023 12.773378372192383
v -1 26.289199829101562 14.45261001586914
v -1 25.329837799072266 16.074804306030273
v -1 24.270509719848633 17.63355827331543
v -1 23.11539649963379 19.122718811035156
v -1 21.86905860900879 20.536413192749023
v -1 20.536413192749023 21.86905860900879
v -1 19.122718811035156 23.11539649963379
v -1 17.63355827331543 24.270509719848633
v -1 16.074804306030273 25.329837799072266
v -1 14.45261001586914 26.289199829101562
v -1 12.773378372192383 27.144811630249023
v -1 11.043736457824707 27.893295288085938
v -1 9.270509719848633 28.531696319580078
v -1 7.460696697235107 29.0574951171875
v -1 5.621439456939697 29.468618392944336
v -1 3.7599968910217285 29.76344108581543
v -1 1.8837156295776367 29.9408016204834
v -1 3.673940187178589e-15 30
v -1 -1.8837156295776367 29.9408016204834
v -1 -3.7599968910217285 29.76344108581543
v -1 -5.621439456939697 29.468618392944336
v -1 -7.460696697235107 29.0574951171875
v -1 -9.270509719848633 28.531696319580078
v -1 -11.043736457824707 27.893295288085938
v -1 -12.773378372192383 27.144811630249023
v -1 -14.45261001586914 26.289199829101562
v -1 -16.074804306030273 25.329837799072266
v -1 -17.63355827331543 24.270509719848633
v -1 -19.122718811035156 23.11539649963379
v -1 -20.536413192749023 21.86905860900879
v -1 -21.86905860900879 20.536413192749023
v -1 -23.11539649963379 19.122718811035156
v -1 -24.270509719848633 17.63355827331543
v -1 -25.329837799072266 16.074804306030273
v -1 -26.289199829101562 14.45261001586914
v -1 -27.144811630249023 12.773378372192383
v -1 -27.893295288085938 11.043736457824707
v -1 -28.531696319580078 9.270509719848633
v -1 -29.0574951171875 7.460696697235107
v -1 -29.468618392944336 5.621439456939697
v -1 -29.76344108581543 3.7599968910217285
v -1 -29.9408016204834 1.8837156295776367
v -1 -30 5.288866099359326e-15
v -1 -29.9408016204834 -1.8837156295776367
v -1 -29.76344108581543 -3.7599968910217285
v -1 -29.468618392944336 -5.621439456939697
v -1 -29.0574951171875 -7.460696697235107
v -1 -28.531696319580078 -9.270509719848633
v -1 -27.893295288085938 -11.043736457824707
v -1 -27.144811630249023 -12.773378372192383
v -1 -26.289199829101562 -14.45261001586914
v -1 -25.329837799072266 -16.074804306030273
v -1 -24.270509719848633 -17.63355827331543
v -1 -23.11539649963379 -19.122718811035156
v -1 -21.86905860900879 -20.536413192749023
v -1 -20.536413192749023 -21.86905860900879
v -1 -19.122718811035156 -23.11539649963379
v -1 -17.63355827331543 -24.270509719848633
v -1 -16.074804306030273 -25.329837799072266
v -1 -14.45261001586914 -26.289199829101562
v -1 -12.773378372192383 -27.144811630249023
v -1 -11.043736457824707 -27.893295288085938
v -1 -9.270509719848633 -28.531696319580078
v -1 -7.460696697235107 -29.0574951171875
v -1 -5.621439456939697 -29.468618392944336
v -1 -3.7599968910217285 -29.76344108581543
v -1 -1.8837156295776367 -29.9408016204834
v -1 -7.347880374357178e-15 -30
v -0.9238795042037964 0 -30.38268280029297
v -0.9238795042037964 1.9077445268630981 -30.322731018066406
v -0.9238795042037964 3.807960033416748 -30.14310646057129
v -0.9238795042037964 5.6931471824646 -29.84452247619629
v -0.9238795042037964 7.555866241455078 -29.42815589904785
v -0.9238795042037964 9.388765335083008 -28.895648956298828
v -0.9238795042037964 11.184611320495605 -28.24910545349121
v -0.9238795042037964 12.936317443847656 -27.491073608398438
v -0.9238795042037964 14.636969566345215 -26.624547958374023
v -0.9238795042037964 16.279855728149414 -25.6529483795166
v -0.9238795042037964 17.85849380493164 -24.580106735229492
v -0.9238795042037964 19.36665153503418 -23.410259246826172
v -0.9238795042037964 20.798377990722656 -22.14802360534668
v -0.9238795042037964 22.14802360534668 -20.798377990722656
v -0.9238795042037964 23.410259246826172 -19.36665153503418
v -0.9238795042037964 24.580106735229492 -17.85849380493164
v -0.9238795042037964 25.6529483795166 -16.279855728149414
v -0.9238795042037964 26.624547958374023 -14.636969566345215
v -0.9238795042037964 27.491073608398438 -12.936317443847656
v -0.9238795042037964 28.24910545349121 -11.184611320495605
v -0.9238795042037964 28.895648956298828 -9.388765335083008
v -0.9238795042037964 29.42815589904785 -7.555866241455078
v -0.9238795042037964 29.84452247619629 -5.6931471824646
v -0.9238795042037964 30.14310646057129 -3.807960033416748
v -0.9238795042037964 30.322731018066406 -1.9077445268630981
v -0.9238795042037964 30.38268280029297 -2.0655453225376565e-15
v -0.9238795042037964 30.322731018066406 1.9077445268630981
v -0.9238795042037964 30.14310646057129 3.807960033416748
v -0.9238795042037964 29.84452247619629 5.6931471824646
v -0.9238795042037964 29.42815589904785 7.555866241455078
v -0.9238795042037964 28.895648956298828 9.388765335083008
v -0.9238795042037964 28.24910545349121 11.184611320495605
v -0.9238795042037964 27.491073608398438 12.936317443847656
v -0.9238795042037964 26.624547958374023 14.636969566345215
v -0.9238795042037964 25.6529483795166 16.279855728149414
v -0.9238795042037964 24.580106735229492 17.85849380493164
v -0.9238795042037964 23.410259246826172 19.36665153503418
v -0.9238795042037964 22.14802360534668 20.798377990722656
v -0.9238795042037964 20.798377990722656 22.14802360534668
v -0.9238795042037964 19.36665153503418 23.410259246826172
v -0.9238795042037964 17.85849380493164 24.580106735229492
v -0.9238795042037964 16.279855728149414 25.6529483795166
v -0.9238795042037964 14.636969566345215 26.624547958374023
v -0.9238795042037964 12.936317443847656 27.491073608398438
v -0.9238795042037964 11.184611320495605 28.24910545349121
v -0.9238795042037964 9.388765335083008 28.895648956298828
v -0.9238795042037964 7.555866241455078 29.42815589904785
v -0.9238795042037964 5.6931471824646 29.84452247619629
v -0.9238795042037964 3.807960033416748 30.14310646057129
v -0.9238795042037964 1.9077445268630981 30.322731018066406
v -0.9238795042037964 3.720805673117222e-15 30.38268280029297
v -0.9238795042037964 -1.9077445268630981 30.322731018066406
v -0.9238795042037964 -3.807960033416748 30.14310646057129
v -0.9238795042037964 -5.6931471824646 29.84452247619629
v -0.9238795042037964 -7.555866241455078 29.42815589904785
v -0.9238795042037964 -9.388765335083008 28.895648956298828
v -0.9238795042037964 -11.184611320495605 28.24910545349121
v -0.9238795042037964 -12.936317443847656 27.491073608398438
v -0.9238795042037964 -14.636969566345215 26.624547958374023
v -0.9238795042037964 -16.279855728149414 25.6529483795166
v -0.9238795042037964 -17.85849380493164 24.580106735229492
v -0.9238795042037964 -19.36665153503418 23.410259246826172
v -0.9238795042037964 -20.798377990722656 22.14802360534668
v -0.9238795042037964 -22.14802360534668 20.798377990722656
v -0.9238795042037964 -23.410259246826172 19.36665153503418
v -0.9238795042037964 -24.580106735229492 17.85849380493164
v -0.9238795042037964 -25.6529483795166 16.279855728149414
v -0.9238795042037964 -26.624547958374023 14.636969566345215
v -0.9238795042037964 -27.491073608398438 12.936317443847656
v -0.9238795042037964 -28.24910545349121 11.184611320495605
v -0.9238795042037964 -28.895648956298828 9.388765335083008
v -0.9238795042037964 -29.42815589904785 7.555866241455078
v -0.9238795042037964 -29.84452247619629 5.6931471824646
v -0.9238795042037964 -30.14310646057129 3.807960033416748
v -0.9238795042037964 -30.322731018066406 1.9077445268630981
v -0.9238795042037964 -30.38268280029297 5.376066023696788e-15
v -0.9238795042037964 -30.322731018066406 -1.9077445268630981
v -0.9238795042037964 -30.14310646057129 -3.807960033416748
v -0.9238795042037964 -29.84452247619629 -5.6931471824646
v -0.9238795042037964 -29.42815589904785 -7.555866241455078
v -0.9238795042037964 -28.895648956298828 -9.388765335083008
v -0.9238795042037964 -28.24910545349121 -11.184611320495605
v -0.9238795042037964 -27.491073608398438 -12.936317443847656
v -0.9238795042037964 -26.624547958374023 -14.636969566345215
v -0.9238795042037964 -25.6529483795166 -16.279855728149414
v -0.9238795042037964 -24.580106735229492 -17.85849380493164
v -0.9238795042037964 -23.410259246826172 -19.36665153503418
v -0.9238795042037964 -22.14802360534668 -20.798377990722656
v -0.9238795042037964 -20.798377990722656 -22.14802360534668
v -0.9238795042037964 -19.36665153503418 -23.410259246826172
v -0.9238795042037964 -17.85849380493164 -24.580106735229492
v -0.9238795042037964 -16.279855728149414 -25.6529483795166
v -0.9238795042037964 -14.636969566345215 -26.624547958374023
v -0.9238795042037964 -12.936317443847656 -27.491073608398438
v -0.9238795042037964 -11.184611320495605 -28.24910545349121
v -0.9238795042037964 -9.388765335083008 -28.895648956298828
v -0.9238795042037964 -7.555866241455078 -29.42815589904785
v -0.9238795042037964 -5.6931471824646 -29.84452247619629
v -0.9238795042037964 -3.807960033416748 -30.14310646057129
v -0.9238795042037964 -1.9077445268630981 -30.322731018066406
v -0.9238795042037964 -7.441611346234445e-15 -30.38268280029297
v -0.7071067690849304 0 -30.707107543945312
v -0.7071067690849304 1.9281151294708252 -30.646512985229492
v -0.7071067690849304 3.848620891571045 -30.4649715423584
v -0.7071067690849304 5.7539381980896 -30.16320037841797
v -0.7071067690849304 7.636547088623047 -29.742385864257812
v -0.7071067690849304 9.489017486572266 -29.204193115234375
v -0.7071067690849304 11.30403995513916 -28.550745010375977
v -0.7071067690849304 13.074450492858887 -27.78462028503418
v -0.7071067690849304 14.793261528015137 -26.908842086791992
v -0.7071067690849304 16.453691482543945 -25.926868438720703
v -0.7071067690849304 18.049184799194336 -24.842571258544922
v -0.7071067690849304 19.57344627380371 -23.660232543945312
v -0.7071067690849304 21.02046012878418 -22.384517669677734
v -0.7071067690849304 22.384517669677734 -21.02046012878418
v -0.7071067690849304 23.660232543945312 -19.57344627380371
v -0.7071067690849304 24.842571258544922 -18.049184799194336
v -0.7071067690849304 25.926868438720703 -16.453691482543945
v -0.7071067690849304 26.908842086791992 -14.793261528015137
v -0.7071067690849304 27.78462028503418 -13.074450492858887
v -0.7071067690849304 28.550745010375977 -11.30403995513916
v -0.7071067690849304 29.204193115234375 -9.489017486572266
v -0.7071067690849304 29.742385864257812 -7.636547088623047
v -0.7071067690849304 30.16320037841797 -5.7539381980896
v -0.7071067690849304 30.4649715423584 -3.848620891571045
v -0.7071067690849304 30.646512985229492 -1.9281151294708252
v -0.7071067690849304 30.707107543945312 -2.0372772919889388e-15
v -0.7071067690849304 30.646512985229492 1.9281151294708252
v -0.7071067690849304 30.4649715423584 3.848620891571045
v -0.7071067690849304 30.16320037841797 5.7539381980896
v -0.7071067690849304 29.742385864257812 7.636547088623047
v -0.7071067690849304 29.204193115234375 9.489017486572266
v -0.7071067690849304 28.550745010375977 11.30403995513916
v -0.7071067690849304 27.78462028503418 13.074450492858887
v -0.7071067690849304 26.908842086791992 14.793261528015137
v -0.7071067690849304 25.926868438720703 16.453691482543945
v -0.7071067690849304 24.842571258544922 18.049184799194336
v -0.7071067690849304 23.660232543945312 19.57344627380371
v -0.7071067690849304 22.384517669677734 21.02046012878418
v -0.7071067690849304 21.02046012878418 22.384517669677734
v -0.7071067690849304 19.57344627380371 23.660232543945312
v -0.7071067690849304 18.049184799194336 24.842571258544922
v -0.7071067690849304 16.453691482543945 25.926868438720703
v -0.7071067690849304 14.793261528015137 26.908842086791992
v -0.7071067690849304 13.074450492858887 27.78462028503418
v -0.7071067690849304 11.30403995513916 28.550745010375977
v -0.7071067690849304 9.489017486572266 29.204193115234375
v -0.7071067690849304 7.636547088623047 29.742385864257812
v -0.7071067690849304 5.7539381980896 30.16320037841797
v -0.7071067690849304 3.848620891571045 30.4649715423584
v -0.7071067690849304 1.9281151294708252 30.646512985229492
v -0.7071067690849304 3.760536177024659e-15 30.707107543945312
v -0.7071067690849304 -1.9281151294708252 30.646512985229492
v -0.7071067690849304 -3.848620891571045 30.4649715423584
v -0.7071067690849304 -5.7539381980896 30.16320037841797
v -0.7071067690849304 -7.636547088623047 29.742385864257812
v -0.7071067690849304 -9.489017486572266 29.204193115234375
v -0.7071067690849304 -11.30403995513916 28.550745010375977
v -0.7071067690849304 -13.074450492858887 27.78462028503418
v -0.7071067690849304 -14.793261528015137 26.908842086791992
v -0.7071067690849304 -16.453691482543945 25.926868438720703
v -0.7071067690849304 -18.049184799194336 24.842571258544922
v -0.7071067690849304 -19.57344627380371 23.660232543945312
v -0.7071067690849304 -21.02046012878418 22.384517669677734
v -0.7071067690849304 -22.384517669677734 21.02046012878418
v -0.7071067690849304 -23.660232543945312 19.57344627380371
v -0.7071067690849304 -24.842571258544922 18.049184799194336
v -0.7071067690849304 -25.926868438720703 16.453691482543945
v -0.7071067690849304 -26.908842086791992 14.793261528015137
v -0.7071067690849304 -27.78462028503418 13.074450492858887
v -0.7071067690849304 -28.550745010375977 11.30403995513916
v -0.7071067690849304 -29.204193115234375 9.489017486572266
v -0.7071067690849304 -29.742385864257812 7.636547088623047
v -0.7071067690849304 -30.16320037841797 5.7539381980896
v -0.7071067690849304 -30.4649715423584 3.848620891571045
v -0.7071067690849304 -30.646512985229492 1.9281151294708252
v -0.7071067690849304 -30.707107543945312 5.4837946385439054e-15
v -0.7071067690849304 -30.646512985229492 -1.9281151294708252
v -0.7071067690849304 -30.4649715423584 -3.848620891571045
v -0.7071067690849304 -30.16320037841797 -5.7539381980896
v -0.7071067690849304 -29.742385864257812 -7.636547088623047
v -0.7071067690849304 -29.204193115234375 -9.489017486572266
v -0.7071067690849304 -28.550745010375977 -11.30403995513916
v -0.7071067690849304 -27.78462028503418 -13.074450492858887
v -0.7071067690849304 -26.908842086791992 -14.793261528015137
v -0.7071067690849304 -25.926868438720703 -16.453691482543945
v -0.7071067690849304 -24.842571258544922 -18.049184799194336
v -0.7071067690849304 -23.660232543945312 -19.57344627380371
v -0.7071067690849304 -22.384517669677734 -21.02046012878418
v -0.7071067690849304 -21.02046012878418 -22.384517669677734
v -0.7071067690849304 -19.57344627380371 -23.660232543945312
v -0.7071067690849304 -18.049184799194336 -24.842571258544922
v -0.7071067690849304 -16.453691482543945 -25.926868438720703
v -0.7071067690849304 -14.793261528015137 -26.908842086791992
v -0.7071067690849304 -13.074450492858887 -27.78462028503418
v -0.7071067690849304 -11.30403995513916 -28.550745010375977
v -0.7071067690849304 -9.489017486572266 -29.204193115234375
v -0.7071067690849304 -7.636547088623047 -29.742385864257812
v -0.7071067690849304 -5.7539381980896 -30.16320037841797
v -0.7071067690849304 -3.848620891571045 -30.4649715423584
v -0.7071067690849304 -1.9281151294708252 -30.646512985229492
v -0.7071067690849304 -7.521072354049318e-15 -30.707107543945312
v -0.3826834261417389 0 -30.923879623413086
v -0.3826834261417389 1.9417264461517334 -30.862857818603516
v -0.3826834261417389 3.8757898807525635 -30.680034637451172
v -0.3826834261417389 5.794557094573975 -30.37613296508789
v -0.3826834261417389 7.690455913543701 -29.952348709106445
v -0.3826834261417389 9.556004524230957 -29.410356521606445
v -0.3826834261417389 11.38383960723877 -28.752296447753906
v -0.3826834261417389 13.166747093200684 -27.980762481689453
v -0.3826834261417389 14.897692680358887 -27.09880256652832
v -0.3826834261417389 16.569843292236328 -26.109895706176758
v -0.3826834261417389 18.176599502563477 -25.0179443359375
v -0.3826834261417389 19.71162223815918 -23.827259063720703
v -0.3826834261417389 21.168851852416992 -22.542537689208984
v -0.3826834261417389 22.542537689208984 -21.168851852416992
v -0.3826834261417389 23.827259063720703 -19.71162223815918
v -0.3826834261417389 25.0179443359375 -18.176599502563477
v -0.3826834261417389 26.109895706176758 -16.569843292236328
v -0.3826834261417389 27.09880256652832 -14.897692680358887
v -0.3826834261417389 27.980762481689453 -13.166747093200684
v -0.3826834261417389 28.752296447753906 -11.38383960723877
v -0.3826834261417389 29.410356521606445 -9.556004524230957
v -0.3826834261417389 29.952348709106445 -7.690455913543701
v -0.3826834261417389 30.37613296508789 -5.794557094573975
v -0.3826834261417389 30.680034637451172 -3.8757898807525635
v -0.3826834261417389 30.862857818603516 -1.9417264461517334
v -0.3826834261417389 30.923879623413086 -1.9785143812731717e-15
v -0.3826834261417389 30.862857818603516 1.9417264461517334
v -0.3826834261417389 30.680034637451172 3.8757898807525635
v -0.3826834261417389 30.37613296508789 5.794557094573975
v -0.3826834261417389 29.952348709106445 7.690455913543701
v -0.3826834261417389 29.410356521606445 9.556004524230957
v -0.3826834261417389 28.752296447753906 11.38383960723877
v -0.3826834261417389 27.980762481689453 13.166747093200684
v -0.3826834261417389 27.09880256652832 14.897692680358887
v -0.3826834261417389 26.109895706176758 16.569843292236328
v -0.3826834261417389 25.0179443359375 18.176599502563477
v -0.3826834261417389 23.827259063720703 19.71162223815918
v -0.3826834261417389 22.542537689208984 21.168851852416992
v -0.3826834261417389 21.168851852416992 22.542537689208984
v -0.3826834261417389 19.71162223815918 23.827259063720703
v -0.3826834261417389 18.176599502563477 25.0179443359375
v -0.3826834261417389 16.569843292236328 26.109895706176758
v -0.3826834261417389 14.897692680358887 27.09880256652832
v -0.3826834261417389 13.166747093200684 27.980762481689453
v -0.3826834261417389 11.38383960723877 28.752296447753906
v -0.3826834261417389 9.556004524230957 29.410356521606445
v -0.3826834261417389 7.690455913543701 29.952348709106445
v -0.3826834261417389 5.794557094573975 30.37613296508789
v -0.3826834261417389 3.8757898807525635 30.680034637451172
v -0.3826834261417389 1.9417264461517334 30.862857818603516
v -0.3826834261417389 3.787083036624556e-15 30.923879623413086
v -0.3826834261417389 -1.9417264461517334 30.862857818603516
v -0.3826834261417389 -3.8757898807525635 30.680034637451172
v -0.3826834261417389 -5.794557094573975 30.37613296508789
v -0.3826834261417389 -7.690455913543701 29.952348709106445
v -0.3826834261417389 -9.556004524230957 29.410356521606445
v -0.3826834261417389 -11.38383960723877 28.752296447753906
v -0.3826834261417389 -13.166747093200684 27.980762481689453
v -0.3826834261417389 -14.897692680358887 27.09880256652832
v -0.3826834261417389 -16.569843292236328 26.109895706176758
v -0.3826834261417389 -18.176599502563477 25.0179443359375
v -0.3826834261417389 -19.71162223815918 23.827259063720703
v -0.3826834261417389 -21.168851852416992 22.542537689208984
v -0.3826834261417389 -22.542537689208984 21.168851852416992
v -0.3826834261417389 -23.827259063720703 19.71162223815918
v -0.3826834261417389 -25.0179443359375 18.176599502563477
v -0.3826834261417389 -26.109895706176758 16.569843292236328
v -0.3826834261417389 -27.09880256652832 14.897692680358887
v -0.3826834261417389 -27.980762481689453 13.166747093200684
v -0.3826834261417389 -28.752296447753906 11.38383960723877
v -0.3826834261417389 -29.410356521606445 9.556004524230957
v -0.3826834261417389 -29.952348709106445 7.690455913543701
v -0.3826834261417389 -30.37613296508789 5.794557094573975
v -0.3826834261417389 -30.680034637451172 3.8757898807525635
v -0.3826834261417389 -30.862857818603516 1.9417264461517334
v -0.3826834261417389 -30.923879623413086 5.59565169197594e-15
v -0.3826834261417389 -30.862857818603516 -1.9417264461517334
v -0.3826834261417389 -30.680034637451172 -3.8757898807525635
v -0.3826834261417389 -30.37613296508789 -5.794557094573975
v -0.3826834261417389 -29.952348709106445 -7.690455913543701
v -0.3826834261417389 -29.410356521606445 -9.556004524230957
v -0.3826834261417389 -28.752296447753906 -11.38383960723877
v -0.3826834261417389 -27.980762481689453 -13.166747093200684
v -0.3826834261417389 -27.09880256652832 -14.897692680358887
v -0.3826834261417389 -26.109895706176758 -16.569843292236328
v -0.3826834261417389 -25.0179443359375 -18.176599502563477
v -0.3826834261417389 -23.827259063720703 -19.71162223815918
v -0.3826834261417389 -22.542537689208984 -21.168851852416992
v -0.3826834261417389 -21.168851852416992 -22.542537689208984
v -0.3826834261417389 -19.71162223815918 -23.827259063720703
v -0.3826834261417389 -18.176599502563477 -25.0179443359375
v -0.3826834261417389 -16.569843292236328 -26.109895706176758
v -0.3826834261417389 -14.897692680358887 -27.09880256652832
v -0.3826834261417389 -13.166747093200684 -27.980762481689453
v -0.3826834261417389 -11.38383960723877 -28.752296447753906
v -0.3826834261417389 -9.556004524230957 -29.410356521606445
v -0.3826834261417389 -7.690455913543701 -29.952348709106445
v -0.3826834261417389 -5.794557094573975 -30.37613296508789
v -0.3826834261417389 -3.8757898807525635 -30.680034637451172
v -0.3826834261417389 -1.9417264461517334 -30.862857818603516
v -0.3826834261417389 -7.574166073249112e-15 -30.923879623413086
v 6.638453435098496e-15 0 -31
v 6.6248708382728e-15 1.946506142616272 -30.93882942199707
v 6.584175987354914e-15 3.8853302001953125 -30.755556106567383
v 6.516529818604818e-15 5.808820724487305 -30.450904846191406
v 6.422199147400895e-15 7.709386348724365 -30.026077270507812
v 6.301556668239939e-15 9.579526901245117 -29.482751846313477
v 6.155077990121832e-15 11.411861419677734 -28.823070526123047
v 5.983341636549549e-15 13.19915771484375 -28.049638748168945
v 5.78702481036442e-15 14.934364318847656 -27.16550636291504
v 5.566902970229656e-15 16.61063003540039 -26.174165725708008
v 5.323844324916192e-15 18.221342086791992 -25.079526901245117
v 5.0588081392367954e-15 19.760143280029297 -23.885910034179688
v 4.7728409223977974e-15 21.22096061706543 -22.5980281829834
v 4.4670704987684676e-15 22.5980281829834 -21.22096061706543
v 4.142703890298643e-15 23.885910034179688 -19.760143280029297
v 3.801021387288099e-15 25.079526901245117 -18.221342086791992
v 3.443371466188864e-15 26.174165725708008 -16.61063003540039
v 3.0711657074075378e-15 27.16550636291504 -14.934364318847656
v 2.685872442558185e-15 28.049638748168945 -13.19915771484375
v 2.289012942814075e-15 28.823070526123047 -11.411861419677734
v 1.882152948578207e-15 29.482751846313477 -9.579526901245117
v 1.4668982225603385e-15 30.026077270507812 -7.709386348724365
v 1.0448879852716433e-15 30.450904846191406 -5.808820724487305
v 6.177872387886274e-16 30.755556106567383 -3.8853302001953125
v 1.8728181690434319e-16 30.93882942199707 -1.946506142616272
v -2.4492937051703357e-16 31 -1.8982025288627816e-15
v -6.771405844081899e-16 30.93882942199707 1.946506142616272
v -1.1076459268831353e-15 30.755556106567383 3.8853302001953125
v -1.534746620426592e-15 30.450904846191406 5.808820724487305
v -1.956757069473524e-15 30.026077270507812 7.709386348724365
v -2.372011583733156e-15 29.482751846313477 9.579526901245117
v -2.7788715779690238e-15 28.823070526123047 11.411861419677734
v -3.175731077713134e-15 28.049638748168945 13.19915771484375
v -3.5610243425624865e-15 27.16550636291504 14.934364318847656
v -3.933230101343813e-15 26.174165725708008 16.61063003540039
v -4.290880022443048e-15 25.079526901245117 18.221342086791992
v -4.632562525453592e-15 23.885910034179688 19.760143280029297
v -4.956929133923416e-15 22.5980281829834 21.22096061706543
v -5.262699557552746e-15 21.22096061706543 22.5980281829834
v -5.548666774391744e-15 19.760143280029297 23.885910034179688
v -5.813702960071141e-15 18.221342086791992 25.079526901245117
v -6.056761605384604e-15 16.61063003540039 26.174165725708008
v -6.276883445519368e-15 14.934364318847656 27.16550636291504
v -6.4732002717044976e-15 13.19915771484375 28.049638748168945
v -6.6449366252767806e-15 11.411861419677734 28.823070526123047
v -6.791415303394888e-15 9.579526901245117 29.482751846313477
v -6.912057782555844e-15 7.709386348724365 30.026077270507812
v -7.0063884537597664e-15 5.808820724487305 30.450904846191406
v -7.074034622509863e-15 3.8853302001953125 30.755556106567383
v -7.114729473427749e-15 1.946506142616272 30.93882942199707
v -7.128312493769919e-15 3.796405057725563e-15 31
v -7.114729473427749e-15 -1.946506142616272 30.93882942199707
v -7.074034622509863e-15 -3.8853302001953125 30.755556106567383
v -7.0063884537597664e-15 -5.808820724487305 30.450904846191406
v -6.912057782555844e-15 -7.709386348724365 30.026077270507812
v -6.791415303394888e-15 -9.579526901245117 29.482751846313477
v -6.6449366252767806e-15 -11.411861419677734 28.823070526123047
v -6.4732002717044976e-15 -13.19915771484375 28.049638748168945
v -6.276883445519368e-15 -14.934364318847656 27.16550636291504
v -6.056761605384604e-15 -16.61063003540039 26.174165725708008
v -5.813702960071141e-15 -18.221342086791992 25.079526901245117
v -5.548666774391744e-15 -19.760143280029297 23.885910034179688
v -5.262699557552746e-15 -21.22096061706543 22.5980281829834
v -4.956929133923416e-15 -22.5980281829834 21.22096061706543
v -4.632562525453592e-15 -23.885910034179688 19.760143280029297
v -4.290880022443048e-15 -25.079526901245117 18.221342086791992
v -3.933230101343813e-15 -26.174165725708008 16.61063003540039
v -3.5610243425624865e-15 -27.16550636291504 14.934364318847656
v -3.175731077713134e-15 -28.049638748168945 13.19915771484375
v -2.7788715779690238e-15 -28.823070526123047 11.411861419677734
v -2.372011583733156e-15 -29.482751846313477 9.579526901245117
v -1.956757069473524e-15 -30.026077270507812 7.709386348724365
v -1.534746620426592e-15 -30.450904846191406 5.808820724487305
v -1.1076459268831353e-15 -30.755556106567383 3.8853302001953125
v -6.771405844081899e-16 -30.93882942199707 1.946506142616272
v -2.4492937051703357e-16 -31 5.694607586588345e-15
v 1.8728181690434319e-16 -30.93882942199707 -1.946506142616272
v 6.177872387886274e-16 -30.755556106567383 -3.8853302001953125
v 1.0448879852716433e-15 -30.450904846191406 -5.808820724487305
v 1.4668982225603385e-15 -30.026077270507812 -7.709386348724365
v 1.882152948578207e-15 -29.482751846313477 -9.579526901245117
v 2.289012942814075e-15 -28.823070526123047 -11.411861419677734
v 2.685872442558185e-15 -28.049638748168945 -13.19915771484375
v 3.0711657074075378e-15 -27.16550636291504 -14.934364318847656
v 3.443371466188864e-15 -26.174165725708008 -16.61063003540039
v 3.801021387288099e-15 -25.079526901245117 -18.221342086791992
v 4.142703890298643e-15 -23.885910034179688 -19.760143280029297
v 4.4670704987684676e-15 -22.5980281829834 -21.22096061706543
v 4.7728409223977974e-15 -21.22096061706543 -22.5980281829834
v 5.0588081392367954e-15 -19.760143280029297 -23.885910034179688
v 5.323844324916192e-15 -18.221342086791992 -25.079526901245117
v 5.566902970229656e-15 -16.61063003540039 -26.174165725708008
v 5.78702481036442e-15 -14.934364318847656 -27.16550636291504
v 5.983341636549549e-15 -13.19915771484375 -28.049638748168945
v 6.155077990121832e-15 -11.411861419677734 -28.823070526123047
v 6.301556668239939e-15 -9.579526901245117 -29.482751846313477
v 6.422199147400895e-15 -7.709386348724365 -30.026077270507812
v 6.516529818604818e-15 -5.808820724487305 -30.450904846191406
v 6.584175987354914e-15 -3.8853302001953125 -30.755556106567383
v 6.6248708382728e-15 -1.946506142616272 -30.93882942199707
v 6.638453435098496e-15 -7.592810115451126e-15 -31
vt 0 0
vt 0.009999999776482582 0
vt 0.019999999552965164 0
vt 0.029999999329447746 0
vt 0.03999999910593033 0
vt 0.05000000074505806 0
vt 0.05999999865889549 0
vt 0.07000000029802322 0
vt 0.07999999821186066 0
vt 0.09000000357627869 0
vt 0.10000000149011612 0
vt 0.10999999940395355 0
vt 0.11999999731779099 0
vt 0.12999999523162842 0
vt 0.14000000059604645 0
vt 0.15000000596046448 0
vt 0.1599999964237213 0
vt 0.17000000178813934 0
vt 0.18000000715255737 0
vt 0.1899999976158142 0
vt 0.20000000298023224 0
vt 0.20999999344348907 0
vt 0.2199999988079071 0
vt 0.23000000417232513 0
vt 0.23999999463558197 0
vt 0.25 0
vt 0.25999999046325684 0
vt 0.27000001072883606 0
vt 0.2800000011920929 0
vt 0.28999999165534973 0
vt 0.30000001192092896 0
vt 0.3100000023841858 0
vt 0.3199999928474426 0
vt 0.33000001311302185 0
vt 0.3400000035762787 0
vt 0.3499999940395355 0
vt 0.36000001430511475 0
vt 0.3700000047683716 0
vt 0.3799999952316284 0
vt 0.38999998569488525 0
vt 0.4000000059604645 0
vt 0.4099999964237213 0
vt 0.41999998688697815 0
vt 0.4300000071525574 0
vt 0.4399999976158142 0
vt 0.44999998807907104 0
vt 0.46000000834465027 0
vt 0.4699999988079071 0
vt 0.47999998927116394 0
vt 0.49000000953674316 0
vt 0.5 0
vt 0.5099999904632568 0
vt 0.5199999809265137 0
vt 0.5299999713897705 0
vt 0.5400000214576721 0
vt 0.550000011920929 0
vt 0.5600000023841858 0
vt 0.5699999928474426 0
vt 0.5799999833106995 0
vt 0.5899999737739563 0
vt 0.6000000238418579 0
vt 0.6100000143051147 0
vt 0.6200000047683716 0
vt 0.6299999952316284 0
vt 0.6399999856948853 0
vt 0.6499999761581421 0
vt 0.6600000262260437 0
vt 0.6700000166893005 0
vt 0.6800000071525574 0
vt 0.6899999976158142 0
vt 0.699999988079071 0
vt 0.7099999785423279 0
vt 0.7200000286102295 0
vt 0.7300000190734863 0
vt 0.7400000095367432 0
vt 0.75 0
vt 0.7599999904632568 0
vt 0.7699999809265137 0
vt 0.7799999713897705 0
vt 0.7900000214576721 0
vt 0.800000011920929 0
vt 0.8100000023841858 0
vt 0.8199999928474426 0
vt 0.8299999833106995 0
vt 0.8399999737739563 0
vt 0.8500000238418579 0
vt 0.8600000143051147 0
vt 0.8700000047683716 0
vt 0.8799999952316284 0
vt 0.8899999856948853 0
vt 0.8999999761581421 0
vt 0.9100000262260437 0
vt 0.9200000166893005 0
vt 0.9300000071525574 0
vt 0.9399999976158142 0
vt 0.949999988079071 0
vt 0.9599999785423279 0
vt 0.9700000286102295 0
vt 0.9800000190734863 0
vt 0.9900000095367432 0
vt 1 0
vt 0 0.0625
vt 0.009999999776482582 0.0625
vt 0.019999999552965164 0.0625
vt 0.029999999329447746 0.0625
vt 0.03999999910593033 0.0625
vt 0.05000000074505806 0.0625
vt 0.05999999865889549 0.0625
vt 0.07000000029802322 0.0625
vt 0.07999999821186066 0.0625
vt 0.09000000357627869 0.0625
vt 0.10000000149011612 0.0625
vt 0.10999999940395355 0.0625
vt 0.11999999731779099 0.0625
vt 0.12999999523162842 0.0625
vt 0.14000000059604645 0.0625
vt 0.15000000596046448 0.0625
vt 0.1599999964237213 0.0625
vt 0.17000000178813934 0.0625
vt 0.18000000715255737 0.0625
vt 0.1899999976158142 0.0625
vt 0.20000000298023224 0.0625
vt 0.20999999344348907 0.0625
vt 0.2199999988079071 0.0625
vt 0.23000000417232513 0.0625
vt 0.23999999463558197 0.0625
vt 0.25 0.0625
vt 0.25999999046325684 0.0625
vt 0.27000001072883606 0.0625
vt 0.2800000011920929 0.0625
vt 0.28999999165534973 0.0625
vt 0.30000001192092896 0.0625
vt 0.3100000023841858 0.0625
vt 0.3199999928474426 0.0625
vt 0.33000001311302185 0.0625
vt 0.3400000035762787 0.0625
vt 0.3499999940395355 0.0625
vt 0.36000001430511475 0.0625
vt 0.3700000047683716 0.0625
vt 0.3799999952316284 0.0625
vt 0.38999998569488525 0.0625
vt 0.4000000059604645 0.0625
vt 0.4099999964237213 0.0625
vt 0.41999998688697815 0.0625
vt 0.4300000071525574 0.0625
vt 0.4399999976158142 0.0625
vt 0.44999998807907104 0.0625
vt 0.46000000834465027 0.0625
vt 0.4699999988079071 0.0625
vt 0.47999998927116394 0.0625
vt 0.49000000953674316 0.0625
vt 0.5 0.0625
vt 0.5099999904632568 0.0625
vt 0.5199999809265137 0.0625
vt 0.5299999713897705 0.0625
vt 0.5400000214576721 0.0625
vt 0.550000011920929 0.0625
vt 0.5600000023841858 0.0625
vt 0.5699999928474426 0.0625
vt 0.5799999833106995 0.0625
vt 0.5899999737739563 0.0625
vt 0.6000000238418579 0.0625
vt 0.6100000143051147 0.0625
vt 0.6200000047683716 0.0625
vt 0.6299999952316284 0.0625
vt 0.6399999856948853 0.0625
vt 0.6499999761581421 0.0625
vt 0.6600000262260437 0.0625
vt 0.6700000166893005 0.0625
vt 0.6800000071525574 0.0625
vt 0.6899999976158142 0.0625
vt 0.699999988079071 0.0625
vt 0.7099999785423279 0.0625
vt 0.7200000286102295 0.0625
vt 0.7300000190734863 0.0625
vt 0.7400000095367432 0.0625
vt 0.75 0.0625
vt 0.7599999904632568 0.0625
vt 0.7699999809265137 0.0625
vt 0.7799999713897705 0.0625
vt 0.7900000214576721 0.0625
vt 0.800000011920929 0.0625
vt 0.8100000023841858 0.0625
vt 0.8199999928474426 0.0625
vt 0.8299999833106995 0.0625
vt 0.8399999737739563 0.0625
vt 0.8500000238418579 0.0625
vt 0.8600000143051147 0.0625
vt 0.8700000047683716 0.0625
vt 0.8799999952316284 0.0625
vt 0.8899999856948853 0.0625
vt 0.8999999761581421 0.0625
vt 0.9100000262260437 0.0625
vt 0.9200000166893005 0.0625
vt 0.9300000071525574 0.0625
vt 0.9399999976158142 0.0625
vt 0.949999988079071 0.0625
vt 0.9599999785423279 0.0625
vt 0.9700000286102295 0.0625
vt 0.9800000190734863 0.0625
vt 0.9900000095367432 0.0625
vt 1 0.0625
vt 0 0.125
vt 0.009999999776482582 0.125
vt 0.019999999552965164 0.125
vt 0.029999999329447746 0.125
vt 0.03999999910593033 0.125
vt 0.05000000074505806 0.125
vt 0.05999999865889549 0.125
vt 0.07000000029802322 0.125
vt 0.07999999821186066 0.125
vt 0.09000000357627869 0.125
vt 0.10000000149011612 0.125
vt 0.10999999940395355 0.125
vt 0.11999999731779099 0.125
vt 0.12999999523162842 0.125
vt 0.14000000059604645 0.125
vt 0.15000000596046448 0.125
vt 0.1599999964237213 0.125
vt 0.17000000178813934 0.125
vt 0.18000000715255737 0.125
vt 0.1899999976158142 0.125
vt 0.20000000298023224 0.125
vt 0.20999999344348907 0.125
vt 0.2199999988079071 0.125
vt 0.23000000417232513 0.125
vt 0.23999999463558197 0.125
vt 0.25 0.125
vt 0.25999999046325684 0.125
vt 0.27000001072883606 0.125
vt 0.2800000011920929 0.125
vt 0.28999999165534973 0.125
vt 0.30000001192092896 0.125
vt 0.3100000023841858 0.125
vt 0.3199999928474426 0.125
vt 0.33000001311302185 0.125
vt 0.3400000035762787 0.125
vt 0.3499999940395355 0.125
vt 0.36000001430511475 0.125
vt 0.3700000047683716 0.125
vt 0.3799999952316284 0.125
vt 0.38999998569488525 0.125
vt 0.4000000059604645 0.125
vt 0.4099999964237213 0.125
vt 0.41999998688697815 0.125
vt 0.4300000071525574 0.125
vt 0.4399999976158142 0.125
vt 0.44999998807907104 0.125
vt 0.46000000834465027 0.125
vt 0.4699999988079071 0.125
vt 0.47999998927116394 0.125
vt 0.49000000953674316 0.125
vt 0.5 0.125
vt 0.5099999904632568 0.125
vt 0.5199999809265137 0.125
vt 0.5299999713897705 0.125
vt 0.5400000214576721 0.125
vt 0.550000011920929 0.125
vt 0.5600000023841858 0.125
vt 0.5699999928474426 0.125
vt 0.5799999833106995 0.125
vt 0.5899999737739563 0.125
vt 0.6000000238418579 0.125
vt 0.6100000143051147 0.125
vt 0.6200000047683716 0.125
vt 0.6299999952316284 0.125
vt 0.6399999856948853 0.125
vt 0.6499999761581421 0.125
vt 0.6600000262260437 0.125
vt 0.6700000166893005 0.125
vt 0.6800000071525574 0.125
vt 0.6899999976158142 0.125
vt 0.699999988079071 0.125
vt 0.7099999785423279 0.125
vt 0.7200000286102295 0.125
vt 0.7300000190734863 0.125
vt 0.7400000095367432 0.125
vt 0.75 0.125
vt 0.7599999904632568 0.125
vt 0.7699999809265137 0.125
vt 0.7799999713897705 0.125
vt 0.7900000214576721 0.125
vt 0.800000011920929 0.125
vt 0.8100000023841858 0.125
vt 0.8199999928474426 0.125
vt 0.8299999833106995 0.125
vt 0.8399999737739563 0.125
vt 0.8500000238418579 0.125
vt 0.8600000143051147 0.125
vt 0.8700000047683716 0.125
vt 0.8799999952316284 0.125
vt 0.8899999856948853 0.125
vt 0.8999999761581421 0.125
vt 0.9100000262260437 0.125
vt 0.9200000166893005 0.125
vt 0.9300000071525574 0.125
vt 0.9399999976158142 0.125
vt 0.949999988079071 0.125
vt 0.9599999785423279 0.125
vt 0.9700000286102295 0.125
vt 0.9800000190734863 0.125
vt 0.9900000095367432 0.125
vt 1 0.125
vt 0 0.1875
vt 0.009999999776482582 0.1875
vt 0.019999999552965164 0.1875
vt 0.029999999329447746 0.1875
vt 0.03999999910593033 0.1875
vt 0.05000000074505806 0.1875
vt 0.05999999865889549 0.1875
vt 0.07000000029802322 0.1875
vt 0.07999999821186066 0.1875
vt 0.09000000357627869 0.1875
vt 0.10000000149011612 0.1875
vt 0.10999999940395355 0.1875
vt 0.11999999731779099 0.1875
vt 0.12999999523162842 0.1875
vt 0.14000000059604645 0.1875
vt 0.15000000596046448 0.1875
vt 0.1599999964237213 0.1875
vt 0.17000000178813934 0.1875
vt 0.18000000715255737 0.1875
vt 0.1899999976158142 0.1875
vt 0.20000000298023224 0.1875
vt 0.20999999344348907 0.1875
vt 0.2199999988079071 0.1875
vt 0.23000000417232513 0.1875
vt 0.23999999463558197 0.1875
vt 0.25 0.1875
vt 0.25999999046325684 0.1875
vt 0.27000001072883606 0.1875
vt 0.2800000011920929 0.1875
vt 0.28999999165534973 0.1875
vt 0.30000001192092896 0.1875
vt 0.3100000023841858 0.1875
vt 0.3199999928474426 0.1875
vt 0.33000001311302185 0.1875
vt 0.3400000035762787 0.1875
vt 0.3499999940395355 0.1875
vt 0.36000001430511475 0.1875
vt 0.3700000047683716 0.1875
vt 0.3799999952316284 0.1875
vt 0.38999998569488525 0.1875
vt 0.4000000059604645 0.1875
vt 0.4099999964237213 0.1875
vt 0.41999998688697815 0.1875
vt 0.4300000071525574 0.1875
vt 0.4399999976158142 0.1875
vt 0.44999998807907104 0.1875
vt 0.46000000834465027 0.1875
vt 0.4699999988079071 0.1875
vt 0.47999998927116394 0.1875
vt 0.49000000953674316 0.1875
vt 0.5 0.1875
vt 0.5099999904632568 0.1875
vt 0.5199999809265137 0.1875
vt 0.5299999713897705 0.1875
vt 0.5400000214576721 0.1875
vt 0.550000011920929 0.1875
vt 0.5600000023841858 0.1875
vt 0.5699999928474426 0.1875
vt 0.5799999833106995 0.1875
vt 0.5899999737739563 0.1875
vt 0.6000000238418579 0.1875
vt 0.6100000143051147 0.1875
vt 0.6200000047683716 0.1875
vt 0.6299999952316284 0.1875
vt 0.6399999856948853 0.1875
vt 0.6499999761581421 0.1875
vt 0.6600000262260437 0.1875
vt 0.6700000166893005 0.1875
vt 0.6800000071525574 0.1875
vt 0.6899999976158142 0.1875
vt 0.699999988079071 0.1875
vt 0.7099999785423279 0.1875
vt 0.7200000286102295 0.1875
vt 0.7300000190734863 0.1875
vt 0.7400000095367432 0.1875
vt 0.75 0.1875
vt 0.7599999904632568 0.1875
vt 0.7699999809265137 0.1875
vt 0.7799999713897705 0.1875
vt 0.7900000214576721 0.1875
vt 0.800000011920929 0.1875
vt 0.8100000023841858 0.1875
vt 0.8199999928474426 0.1875
vt 0.8299999833106995 0.1875
vt 0.8399999737739563 0.1875
vt 0.8500000238418579 0.1875
vt 0.8600000143051147 0.1875
vt 0.8700000047683716 0.1875
vt 0.8799999952316284 0.1875
vt 0.8899999856948853 0.1875
vt 0.8999999761581421 0.1875
vt 0.9100000262260437 0.1875
vt 0.9200000166893005 0.1875
vt 0.9300000071525574 0.1875
vt 0.9399999976158142 0.1875
vt 0.949999988079071 0.1875
vt 0.9599999785423279 0.1875
vt 0.9700000286102295 0.1875
vt 0.9800000190734863 0.1875
vt 0.9900000095367432 0.1875
vt 1 0.1875
vt 0 0.25
vt 0.009999999776482582 0.25
vt 0.019999999552965164 0.25
vt 0.029999999329447746 0.25
vt 0.03999999910593033 0.25
vt 0.05000000074505806 0.25
vt 0.05999999865889549 0.25
vt 0.07000000029802322 0.25
vt 0.07999999821186066 0.25
vt 0.09000000357627869 0.25
vt 0.10000000149011612 0.25
vt 0.10999999940395355 0.25
vt 0.11999999731779099 0.25
vt 0.12999999523162842 0.25
vt 0.14000000059604645 0.25
vt 0.15000000596046448 0.25
vt 0.1599999964237213 0.25
vt 0.17000000178813934 0.25
vt 0.18000000715255737 0.25
vt 0.1899999976158142 0.25
vt 0.20000000298023224 0.25
vt 0.20999999344348907 0.25
vt 0.2199999988079071 0.25
vt 0.23000000417232513 0.25
vt 0.23999999463558197 0.25
vt 0.25 0.25
vt 0.25999999046325684 0.25
vt 0.27000001072883606 0.25
vt 0.2800000011920929 0.25
vt 0.28999999165534973 0.25
vt 0.30000001192092896 0.25
vt 0.3100000023841858 0.25
vt 0.3199999928474426 0.25
vt 0.33000001311302185 0.25
vt 0.3400000035762787 0.25
vt 0.3499999940395355 0.25
vt 0.36000001430511475 0.25
vt 0.3700000047683716 0.25
vt 0.3799999952316284 0.25
vt 0.38999998569488525 0.25
vt 0.4000000059604645 0.25
vt 0.4099999964237213 0.25
vt 0.41999998688697815 0.25
vt 0.4300000071525574 0.25
vt 0.4399999976158142 0.25
vt 0.44999998807907104 0.25
vt 0.46000000834465027 0.25
vt 0.4699999988079071 0.25
vt 0.47999998927116394 0.25
vt 0.49000000953674316 0.25
vt 0.5 0.25
vt 0.5099999904632568 0.25
vt 0.5199999809265137 0.25
vt 0.5299999713897705 0.25
vt 0.5400000214576721 0.25
vt 0.550000011920929 0.25
vt 0.5600000023841858 0.25
vt 0.5699999928474426 0.25
vt 0.5799999833106995 0.25
vt 0.5899999737739563 0.25
vt 0.6000000238418579 0.25
vt 0.6100000143051147 0.25
vt 0.6200000047683716 0.25
vt 0.6299999952316284 0.25
vt 0.6399999856948853 0.25
vt 0.6499999761581421 0.25
vt 0.6600000262260437 0.25
vt 0.6700000166893005 0.25
vt 0.6800000071525574 0.25
vt 0.6899999976158142 0.25
vt 0.699999988079071 0.25
vt 0.7099999785423279 0.25
vt 0.7200000286102295 0.25
vt 0.7300000190734863 0.25
vt 0.7400000095367432 0.25
vt 0.75 0.25
vt 0.7599999904632568 0.25
vt 0.7699999809265137 0.25
vt 0.7799999713897705 0.25
vt 0.7900000214576721 0.25
vt 0.800000011920929 0.25
vt 0.8100000023841858 0.25
vt 0.8199999928474426 0.25
vt 0.8299999833106995 0.25
vt 0.8399999737739563 0.25
vt 0.8500000238418579 0.25
vt 0.8600000143051147 0.25
vt 0.8700000047683716 0.25
vt 0.8799999952316284 0.25
vt 0.8899999856948853 0.25
vt 0.8999999761581421 0.25
vt 0.9100000262260437 0.25
vt 0.9200000166893005 0.25
vt 0.9300000071525574 0.25
vt 0.9399999976158142 0.25
vt 0.949999988079071 0.25
vt 0.9599999785423279 0.25
vt 0.9700000286102295 0.25
vt 0.9800000190734863 0.25
vt 0.9900000095367432 0.25
vt 1 0.25
vt 0 0.3125
vt 0.009999999776482582 0.3125
vt 0.019999999552965164 0.3125
vt 0.029999999329447746 0.3125
vt 0.03999999910593033 0.3125
vt 0.05000000074505806 0.3125
vt 0.05999999865889549 0.3125
vt 0.07000000029802322 0.3125
vt 0.07999999821186066 0.3125
vt 0.09000000357627869 0.3125
vt 0.10000000149011612 0.3125
vt 0.10999999940395355 0.3125
vt 0.11999999731779099 0.3125
vt 0.12999999523162842 0.3125
vt 0.14000000059604645 0.3125
vt 0.15000000596046448 0.3125
vt 0.1599999964237213 0.3125
vt 0.17000000178813934 0.3125
vt 0.18000000715255737 0.3125
vt 0.1899999976158142 0.3125
vt 0.20000000298023224 0.3125
vt 0.20999999344348907 0.3125
vt 0.2199999988079071 0.3125
vt 0.23000000417232513 0.3125
vt 0.23999999463558197 0.3125
vt 0.25 0.3125
vt 0.25999999046325684 0.3125
vt 0.27000001072883606 0.3125
vt 0.2800000011920929 0.3125
vt 0.28999999165534973 0.3125
vt 0.30000001192092896 0.3125
vt 0.3100000023841858 0.3125
vt 0.3199999928474426 0.3125
vt 0.33000001311302185 0.3125
vt 0.3400000035762787 0.3125
vt 0.3499999940395355 0.3125
vt 0.36000001430511475 0.3125
vt 0.3700000047683716 0.3125
vt 0.3799999952316284 0.3125
vt 0.38999998569488525 0.3125
vt 0.4000000059604645 0.3125
vt 0.4099999964237213 0.3125
vt 0.41999998688697815 0.3125
vt 0.4300000071525574 0.3125
vt 0.4399999976158142 0.3125
vt 0.44999998807907104 0.3125
vt 0.46000000834465027 0.3125
vt 0.4699999988079071 0.3125
vt 0.47999998927116394 0.3125
vt 0.49000000953674316 0.3125
vt 0.5 0.3125
vt 0.5099999904632568 0.3125
vt 0.5199999809265137 0.3125
vt 0.5299999713897705 0.3125
vt 0.5400000214576721 0.3125
vt 0.550000011920929 0.3125
vt 0.5600000023841858 0.3125
vt 0.5699999928474426 0.3125
vt 0.5799999833106995 0.3125
vt 0.5899999737739563 0.3125
vt 0.6000000238418579 0.3125
vt 0.6100000143051147 0.3125
vt 0.6200000047683716 0.3125
vt 0.6299999952316284 0.3125
vt 0.6399999856948853 0.3125
vt 0.6499999761581421 0.3125
vt 0.6600000262260437 0.3125
vt 0.6700000166893005 0.3125
vt 0.6800000071525574 0.3125
vt 0.6899999976158142 0.3125
vt 0.699999988079071 0.3125
vt 0.7099999785423279 0.3125
vt 0.7200000286102295 0.3125
vt 0.7300000190734863 0.3125
vt 0.7400000095367432 0.3125
vt 0.75 0.3125
vt 0.7599999904632568 0.3125
vt 0.7699999809265137 0.3125
vt 0.7799999713897705 0.3125
vt 0.7900000214576721 0.3125
vt 0.800000011920929 0.3125
vt 0.8100000023841858 0.3125
vt 0.8199999928474426 0.3125
vt 0.8299999833106995 0.3125
vt 0.8399999737739563 0.3125
vt 0.8500000238418579 0.3125
vt 0.8600000143051147 0.3125
vt 0.8700000047683716 0.3125
vt 0.8799999952316284 0.3125
vt 0.8899999856948853 0.3125
vt 0.8999999761581421 0.3125
vt 0.9100000262260437 0.3125
vt 0.9200000166893005 0.3125
vt 0.9300000071525574 0.3125
vt 0.9399999976158142 0.3125
vt 0.949999988079071 0.3125
vt 0.9599999785423279 0.3125
vt 0.9700000286102295 0.3125
vt 0.9800000190734863 0.3125
vt 0.9900000095367432 0.3125
vt 1 0.3125
vt 0 0.375
vt 0.009999999776482582 0.375
vt 0.019999999552965164 0.375
vt 0.029999999329447746 0.375
vt 0.03999999910593033 0.375
vt 0.05000000074505806 0.375
vt 0.05999999865889549 0.375
vt 0.07000000029802322 0.375
vt 0.07999999821186066 0.375
vt 0.09000000357627869 0.375
vt 0.10000000149011612 0.375
vt 0.10999999940395355 0.375
vt 0.11999999731779099 0.375
vt 0.12999999523162842 0.375
vt 0.14000000059604645 0.375
vt 0.15000000596046448 0.375
vt 0.1599999964237213 0.375
vt 0.17000000178813934 0.375
vt 0.18000000715255737 0.375
vt 0.1899999976158142 0.375
vt 0.20000000298023224 0.375
vt 0.20999999344348907 0.375
vt 0.2199999988079071 0.375
vt 0.23000000417232513 0.375
vt 0.23999999463558197 0.375
vt 0.25 0.375
vt 0.25999999046325684 0.375
vt 0.27000001072883606 0.375
vt 0.2800000011920929 0.375
vt 0.28999999165534973 0.375
vt 0.30000001192092896 0.375
vt 0.3100000023841858 0.375
vt 0.3199999928474426 0.375
vt 0.33000001311302185 0.375
vt 0.3400000035762787 0.375
vt 0.3499999940395355 0.375
vt 0.36000001430511475 0.375
vt 0.3700000047683716 0.375
vt 0.3799999952316284 0.375
vt 0.38999998569488525 0.375
vt 0.4000000059604645 0.375
vt 0.4099999964237213 0.375
vt 0.41999998688697815 0.375
vt 0.4300000071525574 0.375
vt 0.4399999976158142 0.375
vt 0.44999998807907104 0.375
vt 0.46000000834465027 0.375
vt 0.4699999988079071 0.375
vt 0.47999998927116394 0.375
vt 0.49000000953674316 0.375
vt 0.5 0.375
vt 0.5099999904632568 0.375
vt 0.5199999809265137 0.375
vt 0.5299999713897705 0.375
vt 0.5400000214576721 0.375
vt 0.550000011920929 0.375
vt 0.5600000023841858 0.375
vt 0.5699999928474426 0.375
vt 0.5799999833106995 0.375
vt 0.5899999737739563 0.375
vt 0.6000000238418579 0.375
vt 0.6100000143051147 0.375
vt 0.6200000047683716 0.375
vt 0.6299999952316284 0.375
vt 0.6399999856948853 0.375
vt 0.6499999761581421 0.375
vt 0.6600000262260437 0.375
vt 0.6700000166893005 0.375
vt 0.6800000071525574 0.375
vt 0.6899999976158142 0.375
vt 0.699999988079071 0.375
vt 0.7099999785423279 0.375
vt 0.7200000286102295 0.375
vt 0.7300000190734863 0.375
vt 0.7400000095367432 0.375
vt 0.75 0.375
vt 0.7599999904632568 0.375
vt 0.7699999809265137 0.375
vt 0.7799999713897705 0.375
vt 0.7900000214576721 0.375
vt 0.800000011920929 0.375
vt 0.8100000023841858 0.375
vt 0.8199999928474426 0.375
vt 0.8299999833106995 0.375
vt 0.8399999737739563 0.375
vt 0.8500000238418579 0.375
vt 0.8600000143051147 0.375
vt 0.8700000047683716 0.375
vt 0.8799999952316284 0.375
vt 0.8899999856948853 0.375
vt 0.8999999761581421 0.375
vt 0.9100000262260437 0.375
vt 0.9200000166893005 0.375
vt 0.9300000071525574 0.375
vt 0.9399999976158142 0.375
vt 0.949999988079071 0.375
vt 0.9599999785423279 0.375
vt 0.9700000286102295 0.375
vt 0.9800000190734863 0.375
vt 0.9900000095367432 0.375
vt 1 0.375
vt 0 0.4375
vt 0.009999999776482582 0.4375
vt 0.019999999552965164 0.4375
vt 0.029999999329447746 0.4375
vt 0.03999999910593033 0.4375
vt 0.05000000074505806 0.4375
vt 0.05999999865889549 0.4375
vt 0.07000000029802322 0.4375
vt 0.07999999821186066 0.4375
vt 0.09000000357627869 0.4375
vt 0.10000000149011612 0.4375
vt 0.10999999940395355 0.4375
vt 0.11999999731779099 0.4375
vt 0.12999999523162842 0.4375
vt 0.14000000059604645 0.4375
vt 0.15000000596046448 0.4375
vt 0.1599999964237213 0.4375
vt 0.17000000178813934 0.4375
vt 0.18000000715255737 0.4375
vt 0.1899999976158142 0.4375
vt 0.20000000298023224 0.4375
vt 0.20999999344348907 0.4375
vt 0.2199999988079071 0.4375
vt 0.23000000417232513 0.4375
vt 0.23999999463558197 0.4375
vt 0.25 0.4375
vt 0.25999999046325684 0.4375
vt 0.27000001072883606 0.4375
vt 0.2800000011920929 0.4375
vt 0.28999999165534973 0.4375
vt 0.30000001192092896 0.4375
vt 0.3100000023841858 0.4375
vt 0.3199999928474426 0.4375
vt 0.33000001311302185 0.4375
vt 0.3400000035762787 0.4375
vt 0.3499999940395355 0.4375
vt 0.36000001430511475 0.4375
vt 0.3700000047683716 0.4375
vt 0.3799999952316284 0.4375
vt 0.38999998569488525 0.4375
vt 0.4000000059604645 0.4375
vt 0.4099999964237213 0.4375
vt 0.41999998688697815 0.4375
vt 0.4300000071525574 0.4375
vt 0.4399999976158142 0.4375
vt 0.44999998807907104 0.4375
vt 0.46000000834465027 0.4375
vt 0.4699999988079071 0.4375
vt 0.47999998927116394 0.4375
vt 0.49000000953674316 0.4375
vt 0.5 0.4375
vt 0.5099999904632568 0.4375
vt 0.5199999809265137 0.4375
vt 0.5299999713897705 0.4375
vt 0.5400000214576721 0.4375
vt 0.550000011920929 0.4375
vt 0.5600000023841858 0.4375
vt 0.5699999928474426 0.4375
vt 0.5799999833106995 0.4375
vt 0.5899999737739563 0.4375
vt 0.6000000238418579 0.4375
vt 0.6100000143051147 0.4375
vt 0.6200000047683716 0.4375
vt 0.6299999952316284 0.4375
vt 0.6399999856948853 0.4375
vt 0.6499999761581421 0.4375
vt 0.6600000262260437 0.4375
vt 0.6700000166893005 0.4375
vt 0.6800000071525574 0.4375
vt 0.6899999976158142 0.4375
vt 0.699999988079071 0.4375
vt 0.7099999785423279 0.4375
vt 0.7200000286102295 0.4375
vt 0.7300000190734863 0.4375
vt 0.7400000095367432 0.4375
vt 0.75 0.4375
vt 0.7599999904632568 0.4375
vt 0.7699999809265137 0.4375
vt 0.7799999713897705 0.4375
vt 0.7900000214576721 0.4375
vt 0.800000011920929 0.4375
vt 0.8100000023841858 0.4375
vt 0.8199999928474426 0.4375
vt 0.8299999833106995 0.4375
vt 0.8399999737739563 0.4375
vt 0.8500000238418579 0.4375
vt 0.8600000143051147 0.4375
vt 0.8700000047683716 0.4375
vt 0.8799999952316284 0.4375
vt 0.8899999856948853 0.4375
vt 0.8999999761581421 0.4375
vt 0.9100000262260437 0.4375
vt 0.9200000166893005 0.4375
vt 0.9300000071525574 0.4375
vt 0.9399999976158142 0.4375
vt 0.949999988079071 0.4375
vt 0.9599999785423279 0.4375
vt 0.9700000286102295 0.4375
vt 0.9800000190734863 0.4375
vt 0.9900000095367432 0.4375
vt 1 0.4375
vt 0 0.5
vt 0.009999999776482582 0.5
vt 0.019999999552965164 0.5
vt 0.029999999329447746 0.5
vt 0.03999999910593033 0.5
vt 0.05000000074505806 0.5
vt 0.05999999865889549 0.5
vt 0.07000000029802322 0.5
vt 0.07999999821186066 0.5
vt 0.09000000357627869 0.5
vt 0.10000000149011612 0.5
vt 0.10999999940395355 0.5
vt 0.11999999731779099 0.5
vt 0.12999999523162842 0.5
vt 0.14000000059604645 0.5
vt 0.15000000596046448 0.5
vt 0.1599999964237213 0.5
vt 0.17000000178813934 0.5
vt 0.18000000715255737 0.5
vt 0.1899999976158142 0.5
vt 0.20000000298023224 0.5
vt 0.20999999344348907 0.5
vt 0.2199999988079071 0.5
vt 0.23000000417232513 0.5
vt 0.23999999463558197 0.5
vt 0.25 0.5
vt 0.25999999046325684 0.5
vt 0.27000001072883606 0.5
vt 0.2800000011920929 0.5
vt 0.28999999165534973 0.5
vt 0.30000001192092896 0.5
vt 0.3100000023841858 0.5
vt 0.3199999928474426 0.5
vt 0.33000001311302185 0.5
vt 0.3400000035762787 0.5
vt 0.3499999940395355 0.5
vt 0.36000001430511475 0.5
vt 0.3700000047683716 0.5
vt 0.3799999952316284 0.5
vt 0.38999998569488525 0.5
vt 0.4000000059604645 0.5
vt 0.4099999964237213 0.5
vt 0.41999998688697815 0.5
vt 0.4300000071525574 0.5
vt 0.4399999976158142 0.5
vt 0.44999998807907104 0.5
vt 0.46000000834465027 0.5
vt 0.4699999988079071 0.5
vt 0.47999998927116394 0.5
vt 0.49000000953674316 0.5
vt 0.5 0.5
vt 0.5099999904632568 0.5
vt 0.5199999809265137 0.5
vt 0.5299999713897705 0.5
vt 0.5400000214576721 0.5
vt 0.550000011920929 0.5
vt 0.5600000023841858 0.5
vt 0.5699999928474426 0.5
vt 0.5799999833106995 0.5
vt 0.5899999737739563 0.5
vt 0.6000000238418579 0.5
vt 0.6100000143051147 0.5
vt 0.6200000047683716 0.5
vt 0.6299999952316284 0.5
vt 0.6399999856948853 0.5
vt 0.6499999761581421 0.5
vt 0.6600000262260437 0.5
vt 0.6700000166893005 0.5
vt 0.6800000071525574 0.5
vt 0.6899999976158142 0.5
vt 0.699999988079071 0.5
vt 0.7099999785423279 0.5
vt 0.7200000286102295 0.5
vt 0.7300000190734863 0.5
vt 0.7400000095367432 0.5
vt 0.75 0.5
vt 0.7599999904632568 0.5
vt 0.7699999809265137 0.5
vt 0.7799999713897705 0.5
vt 0.7900000214576721 0.5
vt 0.800000011920929 0.5
vt 0.8100000023841858 0.5
vt 0.8199999928474426 0.5
vt 0.8299999833106995 0.5
vt 0.8399999737739563 0.5
vt 0.8500000238418579 0.5
vt 0.8600000143051147 0.5
vt 0.8700000047683716 0.5
vt 0.8799999952316284 0.5
vt 0.8899999856948853 0.5
vt 0.8999999761581421 0.5
vt 0.9100000262260437 0.5
vt 0.9200000166893005 0.5
vt 0.9300000071525574 0.5
vt 0.9399999976158142 0.5
vt 0.949999988079071 0.5
vt 0.9599999785423279 0.5
vt 0.9700000286102295 0.5
vt 0.9800000190734863 0.5
vt 0.9900000095367432 0.5
vt 1 0.5
vt 0 0.5625
vt 0.009999999776482582 0.5625
vt 0.019999999552965164 0.5625
vt 0.029999999329447746 0.5625
vt 0.03999999910593033 0.5625
vt 0.05000000074505806 0.5625
vt 0.05999999865889549 0.5625
vt 0.07000000029802322 0.5625
vt 0.07999999821186066 0.5625
vt 0.09000000357627869 0.5625
vt 0.10000000149011612 0.5625
vt 0.10999999940395355 0.5625
vt 0.11999999731779099 0.5625
vt 0.12999999523162842 0.5625
vt 0.14000000059604645 0.5625
vt 0.15000000596046448 0.5625
vt 0.1599999964237213 0.5625
vt 0.17000000178813934 0.5625
vt 0.18000000715255737 0.5625
vt 0.1899999976158142 0.5625
vt 0.20000000298023224 0.5625
vt 0.20999999344348907 0.5625
vt 0.2199999988079071 0.5625
vt 0.23000000417232513 0.5625
vt 0.23999999463558197 0.5625
vt 0.25 0.5625
vt 0.25999999046325684 0.5625
vt 0.27000001072883606 0.5625
vt 0.2800000011920929 0.5625
vt 0.28999999165534973 0.5625
vt 0.30000001192092896 0.5625
vt 0.3100000023841858 0.5625
vt 0.3199999928474426 0.5625
vt 0.33000001311302185 0.5625
vt 0.3400000035762787 0.5625
vt 0.3499999940395355 0.5625
vt 0.36000001430511475 0.5625
vt 0.3700000047683716 0.5625
vt 0.3799999952316284 0.5625
vt 0.38999998569488525 0.5625
vt 0.4000000059604645 0.5625
vt 0.4099999964237213 0.5625
vt 0.41999998688697815 0.5625
vt 0.4300000071525574 0.5625
vt 0.4399999976158142 0.5625
vt 0.44999998807907104 0.5625
vt 0.46000000834465027 0.5625
vt 0.4699999988079071 0.5625
vt 0.47999998927116394 0.5625
vt 0.49000000953674316 0.5625
vt 0.5 0.5625
vt 0.5099999904632568 0.5625
vt 0.5199999809265137 0.5625
vt 0.5299999713897705 0.5625
vt 0.5400000214576721 0.5625
vt 0.550000011920929 0.5625
vt 0.5600000023841858 0.5625
vt 0.5699999928474426 0.5625
vt 0.5799999833106995 0.5625
vt 0.5899999737739563 0.5625
vt 0.6000000238418579 0.5625
vt 0.6100000143051147 0.5625
vt 0.6200000047683716 0.5625
vt 0.6299999952316284 0.5625
vt 0.6399999856948853 0.5625
vt 0.6499999761581421 0.5625
vt 0.6600000262260437 0.5625
vt 0.6700000166893005 0.5625
vt 0.6800000071525574 0.5625
vt 0.6899999976158142 0.5625
vt 0.699999988079071 0.5625
vt 0.7099999785423279 0.5625
vt 0.7200000286102295 0.5625
vt 0.7300000190734863 0.5625
vt 0.7400000095367432 0.5625
vt 0.75 0.5625
vt 0.7599999904632568 0.5625
vt 0.7699999809265137 0.5625
vt 0.7799999713897705 0.5625
vt 0.7900000214576721 0.5625
vt 0.800000011920929 0.5625
vt 0.8100000023841858 0.5625
vt 0.8199999928474426 0.5625
vt 0.8299999833106995 0.5625
vt 0.8399999737739563 0.5625
vt 0.8500000238418579 0.5625
vt 0.8600000143051147 0.5625
vt 0.8700000047683716 0.5625
vt 0.8799999952316284 0.5625
vt 0.8899999856948853 0.5625
vt 0.8999999761581421 0.5625
vt 0.9100000262260437 0.5625
vt 0.9200000166893005 0.5625
vt 0.9300000071525574 0.5625
vt 0.9399999976158142 0.5625
vt 0.949999988079071 0.5625
vt 0.9599999785423279 0.5625
vt 0.9700000286102295 0.5625
vt 0.9800000190734863 0.5625
vt 0.9900000095367432 0.5625
vt 1 0.5625
vt 0 0.625
vt 0.009999999776482582 0.625
vt 0.019999999552965164 0.625
vt 0.029999999329447746 0.625
vt 0.03999999910593033 0.625
vt 0.05000000074505806 0.625
vt 0.05999999865889549 0.625
vt 0.07000000029802322 0.625
vt 0.07999999821186066 0.625
vt 0.09000000357627869 0.625
vt 0.10000000149011612 0.625
vt 0.10999999940395355 0.625
vt 0.11999999731779099 0.625
vt 0.12999999523162842 0.625
vt 0.14000000059604645 0.625
vt 0.15000000596046448 0.625
vt 0.1599999964237213 0.625
vt 0.17000000178813934 0.625
vt 0.18000000715255737 0.625
vt 0.1899999976158142 0.625
vt 0.20000000298023224 0.625
vt 0.20999999344348907 0.625
vt 0.2199999988079071 0.625
vt 0.23000000417232513 0.625
vt 0.23999999463558197 0.625
vt 0.25 0.625
vt 0.25999999046325684 0.625
vt 0.27000001072883606 0.625
vt 0.2800000011920929 0.625
vt 0.28999999165534973 0.625
vt 0.30000001192092896 0.625
vt 0.3100000023841858 0.625
vt 0.3199999928474426 0.625
vt 0.33000001311302185 0.625
vt 0.3400000035762787 0.625
vt 0.3499999940395355 0.625
vt 0.36000001430511475 0.625
vt 0.3700000047683716 0.625
vt 0.3799999952316284 0.625
vt 0.38999998569488525 0.625
vt 0.4000000059604645 0.625
vt 0.4099999964237213 0.625
vt 0.41999998688697815 0.625
vt 0.4300000071525574 0.625
vt 0.4399999976158142 0.625
vt 0.44999998807907104 0.625
vt 0.46000000834465027 0.625
vt 0.4699999988079071 0.625
vt 0.47999998927116394 0.625
vt 0.49000000953674316 0.625
vt 0.5 0.625
vt 0.5099999904632568 0.625
vt 0.5199999809265137 0.625
vt 0.5299999713897705 0.625
vt 0.5400000214576721 0.625
vt 0.550000011920929 0.625
vt 0.5600000023841858 0.625
vt 0.5699999928474426 0.625
vt 0.5799999833106995 0.625
vt 0.5899999737739563 0.625
vt 0.6000000238418579 0.625
vt 0.6100000143051147 0.625
vt 0.6200000047683716 0.625
vt 0.6299999952316284 0.625
vt 0.6399999856948853 0.625
vt 0.6499999761581421 0.625
vt 0.6600000262260437 0.625
vt 0.6700000166893005 0.625
vt 0.6800000071525574 0.625
vt 0.6899999976158142 0.625
vt 0.699999988079071 0.625
vt 0.7099999785423279 0.625
vt 0.7200000286102295 0.625
vt 0.7300000190734863 0.625
vt 0.7400000095367432 0.625
vt 0.75 0.625
vt 0.7599999904632568 0.625
vt 0.7699999809265137 0.625
vt 0.7799999713897705 0.625
vt 0.7900000214576721 0.625
vt 0.800000011920929 0.625
vt 0.8100000023841858 0.625
vt 0.8199999928474426 0.625
vt 0.8299999833106995 0.625
vt 0.8399999737739563 0.625
vt 0.8500000238418579 0.625
vt 0.8600000143051147 0.625
vt 0.8700000047683716 0.625
vt 0.8799999952316284 0.625
vt 0.8899999856948853 0.625
vt 0.8999999761581421 0.625
vt 0.9100000262260437 0.625
vt 0.9200000166893005 0.625
vt 0.9300000071525574 0.625
vt 0.9399999976158142 0.625
vt 0.949999988079071 0.625
vt 0.9599999785423279 0.625
vt 0.9700000286102295 0.625
vt 0.9800000190734863 0.625
vt 0.9900000095367432 0.625
vt 1 0.625
vt 0 0.6875
vt 0.009999999776482582 0.6875
vt 0.019999999552965164 0.6875
vt 0.029999999329447746 0.6875
vt 0.03999999910593033 0.6875
vt 0.05000000074505806 0.6875
vt 0.05999999865889549 0.6875
vt 0.07000000029802322 0.6875
vt 0.07999999821186066 0.6875
vt 0.09000000357627869 0.6875
vt 0.10000000149011612 0.6875
vt 0.10999999940395355 0.6875
vt 0.11999999731779099 0.6875
vt 0.12999999523162842 0.6875
vt 0.14000000059604645 0.6875
vt 0.15000000596046448 0.6875
vt 0.1599999964237213 0.6875
vt 0.17000000178813934 0.6875
vt 0.18000000715255737 0.6875
vt 0.1899999976158142 0.6875
vt 0.20000000298023224 0.6875
vt 0.20999999344348907 0.6875
vt 0.2199999988079071 0.6875
vt 0.23000000417232513 0.6875
vt 0.23999999463558197 0.6875
vt 0.25 0.6875
vt 0.25999999046325684 0.6875
vt 0.27000001072883606 0.6875
vt 0.2800000011920929 0.6875
vt 0.28999999165534973 0.6875
vt 0.30000001192092896 0.6875
vt 0.3100000023841858 0.6875
vt 0.3199999928474426 0.6875
vt 0.33000001311302185 0.6875
vt 0.3400000035762787 0.6875
vt 0.3499999940395355 0.6875
vt 0.36000001430511475 0.6875
vt 0.3700000047683716 0.6875
vt 0.3799999952316284 0.6875
vt 0.38999998569488525 0.6875
vt 0.4000000059604645 0.6875
vt 0.4099999964237213 0.6875
vt 0.41999998688697815 0.6875
vt 0.4300000071525574 0.6875
vt 0.4399999976158142 0.6875
vt 0.44999998807907104 0.6875
vt 0.46000000834465027 0.6875
vt 0.4699999988079071 0.6875
vt 0.47999998927116394 0.6875
vt 0.49000000953674316 0.6875
vt 0.5 0.6875
vt 0.5099999904632568 0.6875
vt 0.5199999809265137 0.6875
vt 0.5299999713897705 0.6875
vt 0.5400000214576721 0.6875
vt 0.550000011920929 0.6875
vt 0.5600000023841858 0.6875
vt 0.5699999928474426 0.6875
vt 0.5799999833106995 0.6875
vt 0.5899999737739563 0.6875
vt 0.6000000238418579 0.6875
vt 0.6100000143051147 0.6875
vt 0.6200000047683716 0.6875
vt 0.6299999952316284 0.6875
vt 0.6399999856948853 0.6875
vt 0.6499999761581421 0.6875
vt 0.6600000262260437 0.6875
vt 0.6700000166893005 0.6875
vt 0.6800000071525574 0.6875
vt 0.6899999976158142 0.6875
vt 0.699999988079071 0.6875
vt 0.7099999785423279 0.6875
vt 0.7200000286102295 0.6875
vt 0.7300000190734863 0.6875
vt 0.7400000095367432 0.6875
vt 0.75 0.6875
vt 0.7599999904632568 0.6875
vt 0.7699999809265137 0.6875
vt 0.7799999713897705 0.6875
vt 0.7900000214576721 0.6875
vt 0.800000011920929 0.6875
vt 0.8100000023841858 0.6875
vt 0.8199999928474426 0.6875
vt 0.8299999833106995 0.6875
vt 0.8399999737739563 0.6875
vt 0.8500000238418579 0.6875
vt 0.8600000143051147 0.6875
vt 0.8700000047683716 0.6875
vt 0.8799999952316284 0.6875
vt 0.8899999856948853 0.6875
vt 0.8999999761581421 0.6875
vt 0.9100000262260437 0.6875
vt 0.9200000166893005 0.6875
vt 0.9300000071525574 0.6875
vt 0.9399999976158142 0.6875
vt 0.949999988079071 0.6875
vt 0.9599999785423279 0.6875
vt 0.9700000286102295 0.6875
vt 0.9800000190734863 0.6875
vt 0.9900000095367432 0.6875
vt 1 0.6875
vt 0 0.75
vt 0.009999999776482582 0.75
vt 0.019999999552965164 0.75
vt 0.029999999329447746 0.75
vt 0.03999999910593033 0.75
vt 0.05000000074505806 0.75
vt 0.05999999865889549 0.75
vt 0.07000000029802322 0.75
vt 0.07999999821186066 0.75
vt 0.09000000357627869 0.75
vt 0.10000000149011612 0.75
vt 0.10999999940395355 0.75
vt 0.11999999731779099 0.75
vt 0.12999999523162842 0.75
vt 0.14000000059604645 0.75
vt 0.15000000596046448 0.75
vt 0.1599999964237213 0.75
vt 0.17000000178813934 0.75
vt 0.18000000715255737 0.75
vt 0.1899999976158142 0.75
vt 0.20000000298023224 0.75
vt 0.20999999344348907 0.75
vt 0.2199999988079071 0.75
vt 0.23000000417232513 0.75
vt 0.23999999463558197 0.75
vt 0.25 0.75
vt 0.25999999046325684 0.75
vt 0.27000001072883606 0.75
vt 0.2800000011920929 0.75
vt 0.28999999165534973 0.75
vt 0.30000001192092896 0.75
vt 0.3100000023841858 0.75
vt 0.3199999928474426 0.75
vt 0.33000001311302185 0.75
vt 0.3400000035762787 0.75
vt 0.3499999940395355 0.75
vt 0.36000001430511475 0.75
vt 0.3700000047683716 0.75
vt 0.3799999952316284 0.75
vt 0.38999998569488525 0.75
vt 0.4000000059604645 0.75
vt 0.4099999964237213 0.75
vt 0.41999998688697815 0.75
vt 0.4300000071525574 0.75
vt 0.4399999976158142 0.75
vt 0.44999998807907104 0.75
vt 0.46000000834465027 0.75
vt 0.4699999988079071 0.75
vt 0.47999998927116394 0.75
vt 0.49000000953674316 0.75
vt 0.5 0.75
vt 0.5099999904632568 0.75
vt 0.5199999809265137 0.75
vt 0.5299999713897705 0.75
vt 0.5400000214576721 0.75
vt 0.550000011920929 0.75
vt 0.5600000023841858 0.75
vt 0.5699999928474426 0.75
vt 0.5799999833106995 0.75
vt 0.5899999737739563 0.75
vt 0.6000000238418579 0.75
vt 0.6100000143051147 0.75
vt 0.6200000047683716 0.75
vt 0.6299999952316284 0.75
vt 0.6399999856948853 0.75
vt 0.6499999761581421 0.75
vt 0.6600000262260437 0.75
vt 0.6700000166893005 0.75
vt 0.6800000071525574 0.75
vt 0.6899999976158142 0.75
vt 0.699999988079071 0.75
vt 0.7099999785423279 0.75
vt 0.7200000286102295 0.75
vt 0.7300000190734863 0.75
vt 0.7400000095367432 0.75
vt 0.75 0.75
vt 0.7599999904632568 0.75
vt 0.7699999809265137 0.75
vt 0.7799999713897705 0.75
vt 0.7900000214576721 0.75
vt 0.800000011920929 0.75
vt 0.8100000023841858 0.75
vt 0.8199999928474426 0.75
vt 0.8299999833106995 0.75
vt 0.8399999737739563 0.75
vt 0.8500000238418579 0.75
vt 0.8600000143051147 0.75
vt 0.8700000047683716 0.75
vt 0.8799999952316284 0.75
vt 0.8899999856948853 0.75
vt 0.8999999761581421 0.75
vt 0.9100000262260437 0.75
vt 0.9200000166893005 0.75
vt 0.9300000071525574 0.75
vt 0.9399999976158142 0.75
vt 0.949999988079071 0.75
vt 0.9599999785423279 0.75
vt 0.9700000286102295 0.75
vt 0.9800000190734863 0.75
vt 0.9900000095367432 0.75
vt 1 0.75
vt 0 0.8125
vt 0.009999999776482582 0.8125
vt 0.019999999552965164 0.8125
vt 0.029999999329447746 0.8125
vt 0.03999999910593033 0.8125
vt 0.05000000074505806 0.8125
vt 0.05999999865889549 0.8125
vt 0.07000000029802322 0.8125
vt 0.07999999821186066 0.8125
vt 0.09000000357627869 0.8125
vt 0.10000000149011612 0.8125
vt 0.10999999940395355 0.8125
vt 0.11999999731779099 0.8125
vt 0.12999999523162842 0.8125
vt 0.14000000059604645 0.8125
vt 0.15000000596046448 0.8125
vt 0.1599999964237213 0.8125
vt 0.17000000178813934 0.8125
vt 0.18000000715255737 0.8125
vt 0.1899999976158142 0.8125
vt 0.20000000298023224 0.8125
vt 0.20999999344348907 0.8125
vt 0.2199999988079071 0.8125
vt 0.23000000417232513 0.8125
vt 0.23999999463558197 0.8125
vt 0.25 0.8125
vt 0.25999999046325684 0.8125
vt 0.27000001072883606 0.8125
vt 0.2800000011920929 0.8125
vt 0.28999999165534973 0.8125
vt 0.30000001192092896 0.8125
vt 0.3100000023841858 0.8125
vt 0.3199999928474426 0.8125
vt 0.33000001311302185 0.8125
vt 0.3400000035762787 0.8125
vt 0.3499999940395355 0.8125
vt 0.36000001430511475 0.8125
vt 0.3700000047683716 0.8125
vt 0.3799999952316284 0.8125
vt 0.38999998569488525 0.8125
vt 0.4000000059604645 0.8125
vt 0.4099999964237213 0.8125
vt 0.41999998688697815 0.8125
vt 0.4300000071525574 0.8125
vt 0.4399999976158142 0.8125
vt 0.44999998807907104 0.8125
vt 0.46000000834465027 0.8125
vt 0.4699999988079071 0.8125
vt 0.47999998927116394 0.8125
vt 0.49000000953674316 0.8125
vt 0.5 0.8125
vt 0.5099999904632568 0.8125
vt 0.5199999809265137 0.8125
vt 0.5299999713897705 0.8125
vt 0.5400000214576721 0.8125
vt 0.550000011920929 0.8125
vt 0.5600000023841858 0.8125
vt 0.5699999928474426 0.8125
vt 0.5799999833106995 0.8125
vt 0.5899999737739563 0.8125
vt 0.6000000238418579 0.8125
vt 0.6100000143051147 0.8125
vt 0.6200000047683716 0.8125
vt 0.6299999952316284 0.8125
vt 0.6399999856948853 0.8125
vt 0.6499999761581421 0.8125
vt 0.6600000262260437 0.8125
vt 0.6700000166893005 0.8125
vt 0.6800000071525574 0.8125
vt 0.6899999976158142 0.8125
vt 0.699999988079071 0.8125
vt 0.7099999785423279 0.8125
vt 0.7200000286102295 0.8125
vt 0.7300000190734863 0.8125
vt 0.7400000095367432 0.8125
vt 0.75 0.8125
vt 0.7599999904632568 0.8125
vt 0.7699999809265137 0.8125
vt 0.7799999713897705 0.8125
vt 0.7900000214576721 0.8125
vt 0.800000011920929 0.8125
vt 0.8100000023841858 0.8125
vt 0.8199999928474426 0.8125
vt 0.8299999833106995 0.8125
vt 0.8399999737739563 0.8125
vt 0.8500000238418579 0.8125
vt 0.8600000143051147 0.8125
vt 0.8700000047683716 0.8125
vt 0.8799999952316284 0.8125
vt 0.8899999856948853 0.8125
vt 0.8999999761581421 0.8125
vt 0.9100000262260437 0.8125
vt 0.9200000166893005 0.8125
vt 0.9300000071525574 0.8125
vt 0.9399999976158142 0.8125
vt 0.949999988079071 0.8125
vt 0.9599999785423279 0.8125
vt 0.9700000286102295 0.8125
vt 0.9800000190734863 0.8125
vt 0.9900000095367432 0.8125
vt 1 0.8125
vt 0 0.875
vt 0.009999999776482582 0.875
vt 0.019999999552965164 0.875
vt 0.029999999329447746 0.875
vt 0.03999999910593033 0.875
vt 0.05000000074505806 0.875
vt 0.05999999865889549 0.875
vt 0.07000000029802322 0.875
vt 0.07999999821186066 0.875
vt 0.09000000357627869 0.875
vt 0.10000000149011612 0.875
vt 0.10999999940395355 0.875
vt 0.11999999731779099 0.875
vt 0.12999999523162842 0.875
vt 0.14000000059604645 0.875
vt 0.15000000596046448 0.875
vt 0.1599999964237213 0.875
vt 0.17000000178813934 0.875
vt 0.18000000715255737 0.875
vt 0.1899999976158142 0.875
vt 0.20000000298023224 0.875
vt 0.20999999344348907 0.875
vt 0.2199999988079071 0.875
vt 0.23000000417232513 0.875
vt 0.23999999463558197 0.875
vt 0.25 0.875
vt 0.25999999046325684 0.875
vt 0.27000001072883606 0.875
vt 0.2800000011920929 0.875
vt 0.28999999165534973 0.875
vt 0.30000001192092896 0.875
vt 0.3100000023841858 0.875
vt 0.3199999928474426 0.875
vt 0.33000001311302185 0.875
vt 0.3400000035762787 0.875
vt 0.3499999940395355 0.875
vt 0.36000001430511475 0.875
vt 0.3700000047683716 0.875
vt 0.3799999952316284 0.875
vt 0.38999998569488525 0.875
vt 0.4000000059604645 0.875
vt 0.4099999964237213 0.875
vt 0.41999998688697815 0.875
vt 0.4300000071525574 0.875
vt 0.4399999976158142 0.875
vt 0.44999998807907104 0.875
vt 0.46000000834465027 0.875
vt 0.4699999988079071 0.875
vt 0.47999998927116394 0.875
vt 0.49000000953674316 0.875
vt 0.5 0.875
vt 0.5099999904632568 0.875
vt 0.5199999809265137 0.875
vt 0.5299999713897705 0.875
vt 0.5400000214576721 0.875
vt 0.550000011920929 0.875
vt 0.5600000023841858 0.875
vt 0.5699999928474426 0.875
vt 0.5799999833106995 0.875
vt 0.5899999737739563 0.875
vt 0.6000000238418579 0.875
vt 0.6100000143051147 0.875
vt 0.6200000047683716 0.875
vt 0.6299999952316284 0.875
vt 0.6399999856948853 0.875
vt 0.6499999761581421 0.875
vt 0.6600000262260437 0.875
vt 0.6700000166893005 0.875
vt 0.6800000071525574 0.875
vt 0.6899999976158142 0.875
vt 0.699999988079071 0.875
vt 0.7099999785423279 0.875
vt 0.7200000286102295 0.875
vt 0.7300000190734863 0.875
vt 0.7400000095367432 0.875
vt 0.75 0.875
vt 0.7599999904632568 0.875
vt 0.7699999809265137 0.875
vt 0.7799999713897705 0.875
vt 0.7900000214576721 0.875
vt 0.800000011920929 0.875
vt 0.8100000023841858 0.875
vt 0.8199999928474426 0.875
vt 0.8299999833106995 0.875
vt 0.8399999737739563 0.875
vt 0.8500000238418579 0.875
vt 0.8600000143051147 0.875
vt 0.8700000047683716 0.875
vt 0.8799999952316284 0.875
vt 0.8899999856948853 0.875
vt 0.8999999761581421 0.875
vt 0.9100000262260437 0.875
vt 0.9200000166893005 0.875
vt 0.9300000071525574 0.875
vt 0.9399999976158142 0.875
vt 0.949999988079071 0.875
vt 0.9599999785423279 0.875
vt 0.9700000286102295 0.875
vt 0.9800000190734863 0.875
vt 0.9900000095367432 0.875
vt 1 0.875
vt 0 0.9375
vt 0.009999999776482582 0.9375
vt 0.019999999552965164 0.9375
vt 0.029999999329447746 0.9375
vt 0.03999999910593033 0.9375
vt 0.05000000074505806 0.9375
vt 0.05999999865889549 0.9375
vt 0.07000000029802322 0.9375
vt 0.07999999821186066 0.9375
vt 0.09000000357627869 0.9375
vt 0.10000000149011612 0.9375
vt 0.10999999940395355 0.9375
vt 0.11999999731779099 0.9375
vt 0.12999999523162842 0.9375
vt 0.14000000059604645 0.9375
vt 0.15000000596046448 0.9375
vt 0.1599999964237213 0.9375
vt 0.17000000178813934 0.9375
vt 0.18000000715255737 0.9375
vt 0.1899999976158142 0.9375
vt 0.20000000298023224 0.9375
vt 0.20999999344348907 0.9375
vt 0.2199999988079071 0.9375
vt 0.23000000417232513 0.9375
vt 0.23999999463558197 0.9375
vt 0.25 0.9375
vt 0.25999999046325684 0.9375
vt 0.27000001072883606 0.9375
vt 0.2800000011920929 0.9375
vt 0.28999999165534973 0.9375
vt 0.30000001192092896 0.9375
vt 0.3100000023841858 0.9375
vt 0.3199999928474426 0.9375
vt 0.33000001311302185 0.9375
vt 0.3400000035762787 0.9375
vt 0.3499999940395355 0.9375
vt 0.36000001430511475 0.9375
vt 0.3700000047683716 0.9375
vt 0.3799999952316284 0.9375
vt 0.38999998569488525 0.9375
vt 0.4000000059604645 0.9375
vt 0.4099999964237213 0.9375
vt 0.41999998688697815 0.9375
vt 0.4300000071525574 0.9375
vt 0.4399999976158142 0.9375
vt 0.44999998807907104 0.9375
vt 0.46000000834465027 0.9375
vt 0.4699999988079071 0.9375
vt 0.47999998927116394 0.9375
vt 0.49000000953674316 0.9375
vt 0.5 0.9375
vt 0.5099999904632568 0.9375
vt 0.5199999809265137 0.9375
vt 0.5299999713897705 0.9375
vt 0.5400000214576721 0.9375
vt 0.550000011920929 0.9375
vt 0.5600000023841858 0.9375
vt 0.5699999928474426 0.9375
vt 0.5799999833106995 0.9375
vt 0.5899999737739563 0.9375
vt 0.6000000238418579 0.9375
vt 0.6100000143051147 0.9375
vt 0.6200000047683716 0.9375
vt 0.6299999952316284 0.9375
vt 0.6399999856948853 0.9375
vt 0.6499999761581421 0.9375
vt 0.6600000262260437 0.9375
vt 0.6700000166893005 0.9375
vt 0.6800000071525574 0.9375
vt 0.6899999976158142 0.9375
vt 0.699999988079071 0.9375
vt 0.7099999785423279 0.9375
vt 0.7200000286102295 0.9375
vt 0.7300000190734863 0.9375
vt 0.7400000095367432 0.9375
vt 0.75 0.9375
vt 0.7599999904632568 0.9375
vt 0.7699999809265137 0.9375
vt 0.7799999713897705 0.9375
vt 0.7900000214576721 0.9375
vt 0.800000011920929 0.9375
vt 0.8100000023841858 0.9375
vt 0.8199999928474426 0.9375
vt 0.8299999833106995 0.9375
vt 0.8399999737739563 0.9375
vt 0.8500000238418579 0.9375
vt 0.8600000143051147 0.9375
vt 0.8700000047683716 0.9375
vt 0.8799999952316284 0.9375
vt 0.8899999856948853 0.9375
vt 0.8999999761581421 0.9375
vt 0.9100000262260437 0.9375
vt 0.9200000166893005 0.9375
vt 0.9300000071525574 0.9375
vt 0.9399999976158142 0.9375
vt 0.949999988079071 0.9375
vt 0.9599999785423279 0.9375
vt 0.9700000286102295 0.9375
vt 0.9800000190734863 0.9375
vt 0.9900000095367432 0.9375
vt 1 0.9375
vt 0 1
vt 0.009999999776482582 1
vt 0.019999999552965164 1
vt 0.029999999329447746 1
vt 0.03999999910593033 1
vt 0.05000000074505806 1
vt 0.05999999865889549 1
vt 0.07000000029802322 1
vt 0.07999999821186066 1
vt 0.09000000357627869 1
vt 0.10000000149011612 1
vt 0.10999999940395355 1
vt 0.11999999731779099 1
vt 0.12999999523162842 1
vt 0.14000000059604645 1
vt 0.15000000596046448 1
vt 0.1599999964237213 1
vt 0.17000000178813934 1
vt 0.18000000715255737 1
vt 0.1899999976158142 1
vt 0.20000000298023224 1
vt 0.20999999344348907 1
vt 0.2199999988079071 1
vt 0.23000000417232513 1
vt 0.23999999463558197 1
vt 0.25 1
vt 0.25999999046325684 1
vt 0.27000001072883606 1
vt 0.2800000011920929 1
vt 0.28999999165534973 1
vt 0.30000001192092896 1
vt 0.3100000023841858 1
vt 0.3199999928474426 1
vt 0.33000001311302185 1
vt 0.3400000035762787 1
vt 0.3499999940395355 1
vt 0.36000001430511475 1
vt 0.3700000047683716 1
vt 0.3799999952316284 1
vt 0.38999998569488525 1
vt 0.4000000059604645 1
vt 0.4099999964237213 1
vt 0.41999998688697815 1
vt 0.4300000071525574 1
vt 0.4399999976158142 1
vt 0.44999998807907104 1
vt 0.46000000834465027 1
vt 0.4699999988079071 1
vt 0.47999998927116394 1
vt 0.49000000953674316 1
vt 0.5 1
vt 0.5099999904632568 1
vt 0.5199999809265137 1
vt 0.5299999713897705 1
vt 0.5400000214576721 1
vt 0.550000011920929 1
vt 0.5600000023841858 1
vt 0.5699999928474426 1
vt 0.5799999833106995 1
vt 0.5899999737739563 1
vt 0.6000000238418579 1
vt 0.6100000143051147 1
vt 0.6200000047683716 1
vt 0.6299999952316284 1
vt 0.6399999856948853 1
vt 0.6499999761581421 1
vt 0.6600000262260437 1
vt 0.6700000166893005 1
vt 0.6800000071525574 1
vt 0.6899999976158142 1
vt 0.699999988079071 1
vt 0.7099999785423279 1
vt 0.7200000286102295 1
vt 0.7300000190734863 1
vt 0.7400000095367432 1
vt 0.75 1
vt 0.7599999904632568 1
vt 0.7699999809265137 1
vt 0.7799999713897705 1
vt 0.7900000214576721 1
vt 0.800000011920929 1
vt 0.8100000023841858 1
vt 0.8199999928474426 1
vt 0.8299999833106995 1
vt 0.8399999737739563 1
vt 0.8500000238418579 1
vt 0.8600000143051147 1
vt 0.8700000047683716 1
vt 0.8799999952316284 1
vt 0.8899999856948853 1
vt 0.8999999761581421 1
vt 0.9100000262260437 1
vt 0.9200000166893005 1
vt 0.9300000071525574 1
vt 0.9399999976158142 1
vt 0.949999988079071 1
vt 0.9599999785423279 1
vt 0.9700000286102295 1
vt 0.9800000190734863 1
vt 0.9900000095367432 1
vt 1 1
vn 2.220446049250313e-16 0 -1
vn 2.2160645066328442e-16 0.06279052048921585 -0.9980267286300659
vn 2.2029372164860767e-16 0.12533323466777802 -0.9921147227287292
vn 2.1811157948802338e-16 0.187381312251091 -0.9822872281074524
vn 2.150686665645715e-16 0.24868988990783691 -0.9685831665992737
vn 2.1117697368841162e-16 0.30901700258255005 -0.9510565400123596
vn 2.064518533317127e-16 0.3681245446205139 -0.9297764897346497
vn 2.0091196668909397e-16 0.4257792830467224 -0.9048270583152771
vn 1.945791645636166e-16 0.4817536771297455 -0.8763066530227661
vn 1.874784608970042e-16 0.5358268022537231 -0.8443279266357422
vn 1.7963786071607536e-16 0.5877852439880371 -0.80901700258255
vn 1.7108830719318448e-16 0.6374239921569824 -0.7705132365226746
vn 1.618635492973237e-16 0.6845471262931824 -0.728968620300293
vn 1.519999962103352e-16 0.728968620300293 -0.6845471262931824
vn 1.4153655850823342e-16 0.7705132365226746 -0.6374239921569824
vn 1.3051454228208683e-16 0.80901700258255 -0.5877852439880371
vn 1.1897745061467083e-16 0.8443279266357422 -0.5358268022537231
vn 1.0697080490945543e-16 0.8763066530227661 -0.4817536771297455
vn 9.454199268937256e-17 0.9048270583152771 -0.4257792830467224
vn 8.174006907346907e-17 0.9297764897346497 -0.3681245446205139
vn 6.86155582535597e-17 0.9510565400123596 -0.30901700258255005
vn 5.522024835343518e-17 0.9685831665992737 -0.24868988990783691
vn 4.160700944912743e-17 0.9822872281074524 -0.187381312251091
vn 2.782956857578301e-17 0.9921147227287292 -0.12533323466777802
vn 1.3942296315065017e-17 0.9980267286300659 -0.06279052048921585
vn 1.3596311327747833e-32 1 -6.123234262925839e-17
vn -1.3942296315065017e-17 0.9980267286300659 0.06279052048921585
vn -2.782956857578301e-17 0.9921147227287292 0.12533323466777802
vn -4.160700944912743e-17 0.9822872281074524 0.187381312251091
vn -5.522024835343518e-17 0.9685831665992737 0.24868988990783691
vn -6.86155582535597e-17 0.9510565400123596 0.30901700258255005
vn -8.174006907346907e-17 0.9297764897346497 0.3681245446205139
vn -9.454199268937256e-17 0.9048270583152771 0.4257792830467224
vn -1.0697080490945543e-16 0.8763066530227661 0.4817536771297455
vn -1.1897745061467083e-16 0.8443279266357422 0.5358268022537231
vn -1.3051454228208683e-16 0.80901700258255 0.5877852439880371
vn -1.4153655850823342e-16 0.7705132365226746 0.6374239921569824
vn -1.519999962103352e-16 0.728968620300293 0.6845471262931824
vn -1.618635492973237e-16 0.6845471262931824 0.728968620300293
vn -1.7108830719318448e-16 0.6374239921569824 0.7705132365226746
vn -1.7963786071607536e-16 0.5877852439880371 0.80901700258255
vn -1.874784608970042e-16 0.5358268022537231 0.8443279266357422
vn -1.945791645636166e-16 0.4817536771297455 0.8763066530227661
vn -2.0091196668909397e-16 0.4257792830467224 0.9048270583152771
vn -2.064518533317127e-16 0.3681245446205139 0.9297764897346497
vn -2.1117697368841162e-16 0.30901700258255005 0.9510565400123596
vn -2.150686665645715e-16 0.24868988990783691 0.9685831665992737
vn -2.1811157948802338e-16 0.187381312251091 0.9822872281074524
vn -2.2029372164860767e-16 0.12533323466777802 0.9921147227287292
vn -2.2160645066328442e-16 0.06279052048921585 0.9980267286300659
vn -2.220446049250313e-16 1.2246468525851679e-16 1
vn -2.2160645066328442e-16 -0.06279052048921585 0.9980267286300659
vn -2.2029372164860767e-16 -0.12533323466777802 0.9921147227287292
vn -2.1811157948802338e-16 -0.187381312251091 0.9822872281074524
vn -2.150686665645715e-16 -0.24868988990783691 0.9685831665992737
vn -2.1117697368841162e-16 -0.30901700258255005 0.9510565400123596
vn -2.064518533317127e-16 -0.3681245446205139 0.9297764897346497
vn -2.0091196668909397e-16 -0.4257792830467224 0.9048270583152771
vn -1.945791645636166e-16 -0.4817536771297455 0.8763066530227661
vn -1.874784608970042e-16 -0.5358268022537231 0.8443279266357422
vn -1.7963786071607536e-16 -0.5877852439880371 0.80901700258255
vn -1.7108830719318448e-16 -0.6374239921569824 0.7705132365226746
vn -1.618635492973237e-16 -0.6845471262931824 0.728968620300293
vn -1.519999962103352e-16 -0.728968620300293 0.6845471262931824
vn -1.4153655850823342e-16 -0.7705132365226746 0.6374239921569824
vn -1.3051454228208683e-16 -0.80901700258255 0.5877852439880371
vn -1.1897745061467083e-16 -0.8443279266357422 0.5358268022537231
vn -1.0697080490945543e-16 -0.8763066530227661 0.4817536771297455
vn -9.454199268937256e-17 -0.9048270583152771 0.4257792830467224
vn -8.174006907346907e-17 -0.9297764897346497 0.3681245446205139
vn -6.86155582535597e-17 -0.9510565400123596 0.30901700258255005
vn -5.522024835343518e-17 -0.9685831665992737 0.24868988990783691
vn -4.160700944912743e-17 -0.9822872281074524 0.187381312251091
vn -2.782956857578301e-17 -0.9921147227287292 0.12533323466777802
vn -1.3942296315065017e-17 -0.9980267286300659 0.06279052048921585
vn -4.078893104450762e-32 -1 1.8369701465288538e-16
vn 1.3942296315065017e-17 -0.9980267286300659 -0.06279052048921585
vn 2.782956857578301e-17 -0.9921147227287292 -0.12533323466777802
vn 4.160700944912743e-17 -0.9822872281074524 -0.187381312251091
vn 5.522024835343518e-17 -0.9685831665992737 -0.24868988990783691
vn 6.86155582535597e-17 -0.9510565400123596 -0.30901700258255005
vn 8.174006907346907e-17 -0.9297764897346497 -0.3681245446205139
vn 9.454199268937256e-17 -0.9048270583152771 -0.4257792830467224
vn 1.0697080490945543e-16 -0.8763066530227661 -0.4817536771297455
vn 1.1897745061467083e-16 -0.8443279266357422 -0.5358268022537231
vn 1.3051454228208683e-16 -0.80901700258255 -0.5877852439880371
vn 1.4153655850823342e-16 -0.7705132365226746 -0.6374239921569824
vn 1.519999962103352e-16 -0.728968620300293 -0.6845471262931824
vn 1.618635492973237e-16 -0.6845471262931824 -0.728968620300293
vn 1.7108830719318448e-16 -0.6374239921569824 -0.7705132365226746
vn 1.7963786071607536e-16 -0.5877852439880371 -0.80901700258255
vn 1.874784608970042e-16 -0.5358268022537231 -0.8443279266357422
vn 1.945791645636166e-16 -0.4817536771297455 -0.8763066530227661
vn 2.0091196668909397e-16 -0.4257792830467224 -0.9048270583152771
vn 2.064518533317127e-16 -0.3681245446205139 -0.9297764897346497
vn 2.1117697368841162e-16 -0.30901700258255005 -0.9510565400123596
vn 2.150686665645715e-16 -0.24868988990783691 -0.9685831665992737
vn 2.1811157948802338e-16 -0.187381312251091 -0.9822872281074524
vn 2.2029372164860767e-16 -0.12533323466777802 -0.9921147227287292
vn 2.2160645066328442e-16 -0.06279052048921585 -0.9980267286300659
vn 2.220446049250313e-16 -2.4492937051703357e-16 -1
vn 0.3826834261417389 0 -0.9238795042037964
vn 0.3826834261417389 0.058010876178741455 -0.9220564961433411
vn 0.3826834261417389 0.11579281091690063 -0.9165944457054138
vn 0.3826834261417389 0.1731177568435669 -0.9075151085853577
vn 0.3826834261417389 0.22975949943065643 -0.8948541283607483
vn 0.3826834261417389 0.28549447655677795 -0.8786616325378418
vn 0.3826834261417389 0.3401027321815491 -0.8590014576911926
vn 0.3826834261417389 0.39336878061294556 -0.8359512090682983
vn 0.3826834261417389 0.4450823664665222 -0.8096017837524414
vn 0.3826834261417389 0.4950394034385681 -0.7800573110580444
vn 0.3826834261417389 0.543042778968811 -0.7474342584609985
vn 0.3826834261417389 0.5889029502868652 -0.7118614315986633
vn 0.3826834261417389 0.6324390769004822 -0.6734791994094849
vn 0.3826834261417389 0.6734791994094849 -0.6324390769004822
vn 0.3826834261417389 0.7118614315986633 -0.5889029502868652
vn 0.3826834261417389 0.7474342584609985 -0.543042778968811
vn 0.3826834261417389 0.7800573110580444 -0.4950394034385681
vn 0.3826834261417389 0.8096017837524414 -0.4450823664665222
vn 0.3826834261417389 0.8359512090682983 -0.39336878061294556
vn 0.3826834261417389 0.8590014576911926 -0.3401027321815491
vn 0.3826834261417389 0.8786616325378418 -0.28549447655677795
vn 0.3826834261417389 0.8948541283607483 -0.22975949943065643
vn 0.3826834261417389 0.9075151085853577 -0.1731177568435669
vn 0.3826834261417389 0.9165944457054138 -0.11579281091690063
vn 0.3826834261417389 0.9220564961433411 -0.058010876178741455
vn 0.3826834261417389 0.9238795042037964 2.840148456002462e-17
vn 0.3826834261417389 0.9220564961433411 0.058010876178741455
vn 0.3826834261417389 0.9165944457054138 0.11579281091690063
vn 0.3826834261417389 0.9075151085853577 0.1731177568435669
vn 0.3826834261417389 0.8948541283607483 0.22975949943065643
vn 0.3826834261417389 0.8786616325378418 0.28549447655677795
vn 0.3826834261417389 0.8590014576911926 0.3401027321815491
vn 0.3826834261417389 0.8359512090682983 0.39336878061294556
vn 0.3826834261417389 0.8096017837524414 0.4450823664665222
vn 0.3826834261417389 0.7800573110580444 0.4950394034385681
vn 0.3826834261417389 0.7474342584609985 0.543042778968811
vn 0.3826834261417389 0.7118614315986633 0.5889029502868652
vn 0.3826834261417389 0.6734791994094849 0.6324390769004822
vn 0.3826834261417389 0.6324390769004822 0.6734791994094849
vn 0.3826834261417389 0.5889029502868652 0.7118614315986633
vn 0.3826834261417389 0.543042778968811 0.7474342584609985
vn 0.3826834261417389 0.4950394034385681 0.7800573110580444
vn 0.3826834261417389 0.4450823664665222 0.8096017837524414
vn 0.3826834261417389 0.39336878061294556 0.8359512090682983
vn 0.3826834261417389 0.3401027321815491 0.8590014576911926
vn 0.3826834261417389 0.28549447655677795 0.8786616325378418
vn 0.3826834261417389 0.22975949943065643 0.8948541283607483
vn 0.3826834261417389 0.1731177568435669 0.9075151085853577
vn 0.3826834261417389 0.11579281091690063 0.9165944457054138
vn 0.3826834261417389 0.058010876178741455 0.9220564961433411
vn 0.3826834261417389 1.1314261121795038e-16 0.9238795042037964
vn 0.3826834261417389 -0.058010876178741455 0.9220564961433411
vn 0.3826834261417389 -0.11579281091690063 0.9165944457054138
vn 0.3826834261417389 -0.1731177568435669 0.9075151085853577
vn 0.3826834261417389 -0.22975949943065643 0.8948541283607483
vn 0.3826834261417389 -0.28549447655677795 0.8786616325378418
vn 0.3826834261417389 -0.3401027321815491 0.8590014576911926
vn 0.3826834261417389 -0.39336878061294556 0.8359512090682983
vn 0.3826834261417389 -0.4450823664665222 0.8096017837524414
vn 0.3826834261417389 -0.4950394034385681 0.7800573110580444
vn 0.3826834261417389 -0.543042778968811 0.7474342584609985
vn 0.3826834261417389 -0.5889029502868652 0.7118614315986633
vn 0.3826834261417389 -0.6324390769004822 0.6734791994094849
vn 0.3826834261417389 -0.6734791994094849 0.6324390769004822
vn 0.3826834261417389 -0.7118614315986633 0.5889029502868652
vn 0.3826834261417389 -0.7474342584609985 0.543042778968811
vn 0.3826834261417389 -0.7800573110580444 0.4950394034385681
vn 0.3826834261417389 -0.8096017837524414 0.4450823664665222
vn 0.3826834261417389 -0.8359512090682983 0.39336878061294556
vn 0.3826834261417389 -0.8590014576911926 0.3401027321815491
vn 0.3826834261417389 -0.8786616325378418 0.28549447655677795
vn 0.3826834261417389 -0.8948541283607483 0.22975949943065643
vn 0.3826834261417389 -0.9075151085853577 0.1731177568435669
vn 0.3826834261417389 -0.9165944457054138 0.11579281091690063
vn 0.3826834261417389 -0.9220564961433411 0.058010876178741455
vn 0.3826834261417389 -0.9238795042037964 2.546867136133703e-16
vn 0.3826834261417389 -0.9220564961433411 -0.058010876178741455
vn 0.3826834261417389 -0.9165944457054138 -0.11579281091690063
vn 0.3826834261417389 -0.9075151085853577 -0.1731177568435669
vn 0.3826834261417389 -0.8948541283607483 -0.22975949943065643
vn 0.3826834261417389 -0.8786616325378418 -0.28549447655677795
vn 0.3826834261417389 -0.8590014576911926 -0.3401027321815491
vn 0.3826834261417389 -0.8359512090682983 -0.39336878061294556
vn 0.3826834261417389 -0.8096017837524414 -0.4450823664665222
vn 0.3826834261417389 -0.7800573110580444 -0.4950394034385681
vn 0.3826834261417389 -0.7474342584609985 -0.543042778968811
vn 0.3826834261417389 -0.7118614315986633 -0.5889029502868652
vn 0.3826834261417389 -0.6734791994094849 -0.6324390769004822
vn 0.3826834261417389 -0.6324390769004822 -0.6734791994094849
vn 0.3826834261417389 -0.5889029502868652 -0.7118614315986633
vn 0.3826834261417389 -0.543042778968811 -0.7474342584609985
vn 0.3826834261417389 -0.4950394034385681 -0.7800573110580444
vn 0.3826834261417389 -0.4450823664665222 -0.8096017837524414
vn 0.3826834261417389 -0.39336878061294556 -0.8359512090682983
vn 0.3826834261417389 -0.3401027321815491 -0.8590014576911926
vn 0.3826834261417389 -0.28549447655677795 -0.8786616325378418
vn 0.3826834261417389 -0.22975949943065643 -0.8948541283607483
vn 0.3826834261417389 -0.1731177568435669 -0.9075151085853577
vn 0.3826834261417389 -0.11579281091690063 -0.9165944457054138
vn 0.3826834261417389 -0.058010876178741455 -0.9220564961433411
vn 0.3826834261417389 -2.2628522243590076e-16 -0.9238795042037964
vn 0.7071067690849304 0 -0.7071067690849304
vn 0.7071067690849304 0.044399600476026535 -0.7057114839553833
vn 0.7071067690849304 0.08862397819757462 -0.7015310525894165
vn 0.7071067690849304 0.1324985921382904 -0.6945819854736328
vn 0.7071067690849304 0.1758503019809723 -0.6848917007446289
vn 0.7071067690849304 0.21850800514221191 -0.6724985241889954
vn 0.7071067690849304 0.2603033781051636 -0.6574512720108032
vn 0.7071067690849304 0.301071435213089 -0.6398093700408936
vn 0.7071067690849304 0.3406513035297394 -0.6196423768997192
vn 0.7071067690849304 0.37888675928115845 -0.597029983997345
vn 0.7071067690849304 0.4156269431114197 -0.5720614194869995
vn 0.7071067690849304 0.45072683691978455 -0.5448351502418518
vn 0.7071067690849304 0.48404788970947266 -0.5154586434364319
vn 0.7071067690849304 0.5154586434364319 -0.48404788970947266
vn 0.7071067690849304 0.5448351502418518 -0.45072683691978455
vn 0.7071067690849304 0.5720614194869995 -0.4156269431114197
vn 0.7071067690849304 0.597029983997345 -0.37888675928115845
vn 0.7071067690849304 0.6196423768997192 -0.3406513035297394
vn 0.7071067690849304 0.6398093700408936 -0.301071435213089
vn 0.7071067690849304 0.6574512720108032 -0.2603033781051636
vn 0.7071067690849304 0.6724985241889954 -0.21850800514221191
vn 0.7071067690849304 0.6848917007446289 -0.1758503019809723
vn 0.7071067690849304 0.6945819854736328 -0.1324985921382904
vn 0.7071067690849304 0.7015310525894165 -0.08862397819757462
vn 0.7071067690849304 0.7057114839553833 -0.044399600476026535
vn 0.7071067690849304 0.7071067690849304 1.1371144678159085e-16
vn 0.7071067690849304 0.7057114839553833 0.044399600476026535
vn 0.7071067690849304 0.7015310525894165 0.08862397819757462
vn 0.7071067690849304 0.6945819854736328 0.1324985921382904
vn 0.7071067690849304 0.6848917007446289 0.1758503019809723
vn 0.7071067690849304 0.6724985241889954 0.21850800514221191
vn 0.7071067690849304 0.6574512720108032 0.2603033781051636
vn 0.7071067690849304 0.6398093700408936 0.301071435213089
vn 0.7071067690849304 0.6196423768997192 0.3406513035297394
vn 0.7071067690849304 0.597029983997345 0.37888675928115845
vn 0.7071067690849304 0.5720614194869995 0.4156269431114197
vn 0.7071067690849304 0.5448351502418518 0.45072683691978455
vn 0.7071067690849304 0.5154586434364319 0.48404788970947266
vn 0.7071067690849304 0.48404788970947266 0.5154586434364319
vn 0.7071067690849304 0.45072683691978455 0.5448351502418518
vn 0.7071067690849304 0.4156269431114197 0.5720614194869995
vn 0.7071067690849304 0.37888675928115845 0.597029983997345
vn 0.7071067690849304 0.3406513035297394 0.6196423768997192
vn 0.7071067690849304 0.301071435213089 0.6398093700408936
vn 0.7071067690849304 0.2603033781051636 0.6574512720108032
vn 0.7071067690849304 0.21850800514221191 0.6724985241889954
vn 0.7071067690849304 0.1758503019809723 0.6848917007446289
vn 0.7071067690849304 0.1324985921382904 0.6945819854736328
vn 0.7071067690849304 0.08862397819757462 0.7015310525894165
vn 0.7071067690849304 0.044399600476026535 0.7057114839553833
vn 0.7071067690849304 8.659560603426554e-17 0.7071067690849304
vn 0.7071067690849304 -0.044399600476026535 0.7057114839553833
vn 0.7071067690849304 -0.08862397819757462 0.7015310525894165
vn 0.7071067690849304 -0.1324985921382904 0.6945819854736328
vn 0.7071067690849304 -0.1758503019809723 0.6848917007446289
vn 0.7071067690849304 -0.21850800514221191 0.6724985241889954
vn 0.7071067690849304 -0.2603033781051636 0.6574512720108032
vn 0.7071067690849304 -0.301071435213089 0.6398093700408936
vn 0.7071067690849304 -0.3406513035297394 0.6196423768997192
vn 0.7071067690849304 -0.37888675928115845 0.597029983997345
vn 0.7071067690849304 -0.4156269431114197 0.5720614194869995
vn 0.7071067690849304 -0.45072683691978455 0.5448351502418518
vn 0.7071067690849304 -0.48404788970947266 0.5154586434364319
vn 0.7071067690849304 -0.5154586434364319 0.48404788970947266
vn 0.7071067690849304 -0.5448351502418518 0.45072683691978455
vn 0.7071067690849304 -0.5720614194869995 0.4156269431114197
vn 0.7071067690849304 -0.597029983997345 0.37888675928115845
vn 0.7071067690849304 -0.6196423768997192 0.3406513035297394
vn 0.7071067690849304 -0.6398093700408936 0.301071435213089
vn 0.7071067690849304 -0.6574512720108032 0.2603033781051636
vn 0.7071067690849304 -0.6724985241889954 0.21850800514221191
vn 0.7071067690849304 -0.6848917007446289 0.1758503019809723
vn 0.7071067690849304 -0.6945819854736328 0.1324985921382904
vn 0.7071067690849304 -0.7015310525894165 0.08862397819757462
vn 0.7071067690849304 -0.7057114839553833 0.044399600476026535
vn 0.7071067690849304 -0.7071067690849304 2.8690265885012193e-16
vn 0.7071067690849304 -0.7057114839553833 -0.044399600476026535
vn 0.7071067690849304 -0.7015310525894165 -0.08862397819757462
vn 0.7071067690849304 -0.6945819854736328 -0.1324985921382904
vn 0.7071067690849304 -0.6848917007446289 -0.1758503019809723
vn 0.7071067690849304 -0.6724985241889954 -0.21850800514221191
vn 0.7071067690849304 -0.6574512720108032 -0.2603033781051636
vn 0.7071067690849304 -0.6398093700408936 -0.301071435213089
vn 0.7071067690849304 -0.6196423768997192 -0.3406513035297394
vn 0.7071067690849304 -0.597029983997345 -0.37888675928115845
vn 0.7071067690849304 -0.5720614194869995 -0.4156269431114197
vn 0.7071067690849304 -0.5448351502418518 -0.45072683691978455
vn 0.7071067690849304 -0.5154586434364319 -0.48404788970947266
vn 0.7071067690849304 -0.48404788970947266 -0.5154586434364319
vn 0.7071067690849304 -0.45072683691978455 -0.5448351502418518
vn 0.7071067690849304 -0.4156269431114197 -0.5720614194869995
vn 0.7071067690849304 -0.37888675928115845 -0.597029983997345
vn 0.7071067690849304 -0.3406513035297394 -0.6196423768997192
vn 0.7071067690849304 -0.301071435213089 -0.6398093700408936
vn 0.7071067690849304 -0.2603033781051636 -0.6574512720108032
vn 0.7071067690849304 -0.21850800514221191 -0.6724985241889954
vn 0.7071067690849304 -0.1758503019809723 -0.6848917007446289
vn 0.7071067690849304 -0.1324985921382904 -0.6945819854736328
vn 0.7071067690849304 -0.08862397819757462 -0.7015310525894165
vn 0.7071067690849304 -0.044399600476026535 -0.7057114839553833
vn 0.7071067690849304 -1.7319121206853109e-16 -0.7071067690849304
vn 0.9238795042037964 0 -0.3826834261417389
vn 0.9238795042037964 0.024028891697525978 -0.38192829489707947
vn 0.9238795042037964 0.04796295240521431 -0.3796658515930176
vn 0.9238795042037964 0.07170772552490234 -0.3759050667285919
vn 0.9238795042037964 0.09516949951648712 -0.3706607222557068
vn 0.9238795042037964 0.11825568228960037 -0.363953560590744
vn 0.9238795042037964 0.14087516069412231 -0.3558100461959839
vn 0.9238795042037964 0.1629386842250824 -0.3462623357772827
vn 0.9238795042037964 0.18435914814472198 -0.3353480398654938
vn 0.9238795042037964 0.20505203306674957 -0.32311031222343445
vn 0.9238795042037964 0.22493568062782288 -0.3095974028110504
vn 0.9238795042037964 0.2439316064119339 -0.29486265778541565
vn 0.9238795042037964 0.2619648277759552 -0.27896422147750854
vn 0.9238795042037964 0.27896422147750854 -0.2619648277759552
vn 0.9238795042037964 0.29486265778541565 -0.2439316064119339
vn 0.9238795042037964 0.3095974028110504 -0.22493568062782288
vn 0.9238795042037964 0.32311031222343445 -0.20505203306674957
vn 0.9238795042037964 0.3353480398654938 -0.18435914814472198
vn 0.9238795042037964 0.3462623357772827 -0.1629386842250824
vn 0.9238795042037964 0.3558100461959839 -0.14087516069412231
vn 0.9238795042037964 0.363953560590744 -0.11825568228960037
vn 0.9238795042037964 0.3706607222557068 -0.09516949951648712
vn 0.9238795042037964 0.3759050667285919 -0.07170772552490234
vn 0.9238795042037964 0.3796658515930176 -0.04796295240521431
vn 0.9238795042037964 0.38192829489707947 -0.024028891697525978
vn 0.9238795042037964 0.3826834261417389 1.81709862123737e-16
vn 0.9238795042037964 0.38192829489707947 0.024028891697525978
vn 0.9238795042037964 0.3796658515930176 0.04796295240521431
vn 0.9238795042037964 0.3759050667285919 0.07170772552490234
vn 0.9238795042037964 0.3706607222557068 0.09516949951648712
vn 0.9238795042037964 0.363953560590744 0.11825568228960037
vn 0.9238795042037964 0.3558100461959839 0.14087516069412231
vn 0.9238795042037964 0.3462623357772827 0.1629386842250824
vn 0.9238795042037964 0.3353480398654938 0.18435914814472198
vn 0.9238795042037964 0.32311031222343445 0.20505203306674957
vn 0.9238795042037964 0.3095974028110504 0.22493568062782288
vn 0.9238795042037964 0.29486265778541565 0.2439316064119339
vn 0.9238795042037964 0.27896422147750854 0.2619648277759552
vn 0.9238795042037964 0.2619648277759552 0.27896422147750854
vn 0.9238795042037964 0.2439316064119339 0.29486265778541565
vn 0.9238795042037964 0.22493568062782288 0.3095974028110504
vn 0.9238795042037964 0.20505203306674957 0.32311031222343445
vn 0.9238795042037964 0.18435914814472198 0.3353480398654938
vn 0.9238795042037964 0.1629386842250824 0.3462623357772827
vn 0.9238795042037964 0.14087516069412231 0.3558100461959839
vn 0.9238795042037964 0.11825568228960037 0.363953560590744
vn 0.9238795042037964 0.09516949951648712 0.3706607222557068
vn 0.9238795042037964 0.07170772552490234 0.3759050667285919
vn 0.9238795042037964 0.04796295240521431 0.3796658515930176
vn 0.9238795042037964 0.024028891697525978 0.38192829489707947
vn 0.9238795042037964 4.6865204697224915e-17 0.3826834261417389
vn 0.9238795042037964 -0.024028891697525978 0.38192829489707947
vn 0.9238795042037964 -0.04796295240521431 0.3796658515930176
vn 0.9238795042037964 -0.07170772552490234 0.3759050667285919
vn 0.9238795042037964 -0.09516949951648712 0.3706607222557068
vn 0.9238795042037964 -0.11825568228960037 0.363953560590744
vn 0.9238795042037964 -0.14087516069412231 0.3558100461959839
vn 0.9238795042037964 -0.1629386842250824 0.3462623357772827
vn 0.9238795042037964 -0.18435914814472198 0.3353480398654938
vn 0.9238795042037964 -0.20505203306674957 0.32311031222343445
vn 0.9238795042037964 -0.22493568062782288 0.3095974028110504
vn 0.9238795042037964 -0.2439316064119339 0.29486265778541565
vn 0.9238795042037964 -0.2619648277759552 0.27896422147750854
vn 0.9238795042037964 -0.27896422147750854 0.2619648277759552
vn 0.9238795042037964 -0.29486265778541565 0.2439316064119339
vn 0.9238795042037964 -0.3095974028110504 0.22493568062782288
vn 0.9238795042037964 -0.32311031222343445 0.20505203306674957
vn 0.9238795042037964 -0.3353480398654938 0.18435914814472198
vn 0.9238795042037964 -0.3462623357772827 0.1629386842250824
vn 0.9238795042037964 -0.3558100461959839 0.14087516069412231
vn 0.9238795042037964 -0.363953560590744 0.11825568228960037
vn 0.9238795042037964 -0.3706607222557068 0.09516949951648712
vn 0.9238795042037964 -0.3759050667285919 0.07170772552490234
vn 0.9238795042037964 -0.3796658515930176 0.04796295240521431
vn 0.9238795042037964 -0.38192829489707947 0.024028891697525978
vn 0.9238795042037964 -0.3826834261417389 2.754402649007419e-16
vn 0.9238795042037964 -0.38192829489707947 -0.024028891697525978
vn 0.9238795042037964 -0.3796658515930176 -0.04796295240521431
vn 0.9238795042037964 -0.3759050667285919 -0.07170772552490234
vn 0.9238795042037964 -0.3706607222557068 -0.09516949951648712
vn 0.9238795042037964 -0.363953560590744 -0.11825568228960037
vn 0.9238795042037964 -0.3558100461959839 -0.14087516069412231
vn 0.9238795042037964 -0.3462623357772827 -0.1629386842250824
vn 0.9238795042037964 -0.3353480398654938 -0.18435914814472198
vn 0.9238795042037964 -0.32311031222343445 -0.20505203306674957
vn 0.9238795042037964 -0.3095974028110504 -0.22493568062782288
vn 0.9238795042037964 -0.29486265778541565 -0.2439316064119339
vn 0.9238795042037964 -0.27896422147750854 -0.2619648277759552
vn 0.9238795042037964 -0.2619648277759552 -0.27896422147750854
vn 0.9238795042037964 -0.2439316064119339 -0.29486265778541565
vn 0.9238795042037964 -0.22493568062782288 -0.3095974028110504
vn 0.9238795042037964 -0.20505203306674957 -0.32311031222343445
vn 0.9238795042037964 -0.18435914814472198 -0.3353480398654938
vn 0.9238795042037964 -0.1629386842250824 -0.3462623357772827
vn 0.9238795042037964 -0.14087516069412231 -0.3558100461959839
vn 0.9238795042037964 -0.11825568228960037 -0.363953560590744
vn 0.9238795042037964 -0.09516949951648712 -0.3706607222557068
vn 0.9238795042037964 -0.07170772552490234 -0.3759050667285919
vn 0.9238795042037964 -0.04796295240521431 -0.3796658515930176
vn 0.9238795042037964 -0.024028891697525978 -0.38192829489707947
vn 0.9238795042037964 -9.373040939444983e-17 -0.3826834261417389
vn 1 0 2.220446049250313e-16
vn 1 0 2.220446049250313e-16
vn 1 0 2.220446049250313e-16
vn 1 0 2.220446049250313e-16
vn 1 0 2.220446049250313e-16
vn 1 0 2.220446049250313e-16
vn 1 0 2.220446049250313e-16
vn 1 0 2.220446049250313e-16
vn 1 0 2.220446049250313e-16
vn 1 0 2.220446049250313e-16
vn 1 0 2.220446049250313e-16
vn 1 0 2.220446049250313e-16
vn 1 0 2.220446049250313e-16
vn 1 0 2.220446049250313e-16
vn 1 0 2.220446049250313e-16
vn 1 0 2.220446049250313e-16
vn 1 0 2.220446049250313e-16
vn 1 0 2.220446049250313e-16
vn 1 0 2.220446049250313e-16
vn 1 0 2.220446049250313e-16
vn 1 0 2.220446049250313e-16
vn 1 0 2.220446049250313e-16
vn 1 0 2.220446049250313e-16
vn 1 0 2.220446049250313e-16
vn 1 0 2.220446049250313e-16
vn 1 0 2.220446049250313e-16
vn 1 0 2.220446049250313e-16
vn 1 0 2.220446049250313e-16
vn 1 0 2.220446049250313e-16
vn 1 0 2.220446049250313e-16
vn 1 0 2.220446049250313e-16
vn 1 0 2.220446049250313e-16
vn 1 0 2.220446049250313e-16
vn 1 0 2.220446049250313e-16
vn 1 0 2.220446049250313e-16
vn 1 0 2.220446049250313e-16
vn 1 0 2.220446049250313e-16
vn 1 0 2.220446049250313e-16
vn 1 0 2.220446049250313e-16
vn 1 0 2.220446049250313e-16
vn 1 0 2.220446049250313e-16
vn 1 0 2.220446049250313e-16
vn 1 0 2.220446049250313e-16
vn 1 0 2.220446049250313e-16
vn 1 0 2.220446049250313e-16
vn 1 0 2.220446049250313e-16
vn 1 0 2.220446049250313e-16
vn 1 0 2.220446049250313e-16
vn 1 0 2.220446049250313e-16
vn 1 0 2.220446049250313e-16
vn 1 0 2.220446049250313e-16
vn 1 0 2.220446049250313e-16
vn 1 0 2.220446049250313e-16
vn 1 0 2.220446049250313e-16
vn 1 0 2.220446049250313e-16
vn 1 0 2.220446049250313e-16
vn 1 0 2.220446049250313e-16
vn 1 0 2.220446049250313e-16
vn 1 0 2.220446049250313e-16
vn 1 0 2.220446049250313e-16
vn 1 0 2.220446049250313e-16
vn 1 0 2.220446049250313e-16
vn 1 0 2.220446049250313e-16
vn 1 0 2.220446049250313e-16
vn 1 0 2.220446049250313e-16
vn 1 0 2.220446049250313e-16
vn 1 0 2.220446049250313e-16
vn 1 0 2.220446049250313e-16
vn 1 0 2.220446049250313e-16
vn 1 0 2.220446049250313e-16
vn 1 0 2.220446049250313e-16
vn 1 0 2.220446049250313e-16
vn 1 0 2.220446049250313e-16
vn 1 0 2.220446049250313e-16
vn 1 0 2.220446049250313e-16
vn 1 0 2.220446049250313e-16
vn 1 0 2.220446049250313e-16
vn 1 0 2.220446049250313e-16
vn 1 0 2.220446049250313e-16
vn 1 0 2.220446049250313e-16
vn 1 0 2.220446049250313e-16
vn 1 0 2.220446049250313e-16
vn 1 0 2.220446049250313e-16
vn 1 0 2.220446049250313e-16
vn 1 0 2.220446049250313e-16
vn 1 0 2.220446049250313e-16
vn 1 0 2.220446049250313e-16
vn 1 0 2.220446049250313e-16
vn 1 0 2.220446049250313e-16
vn 1 0 2.220446049250313e-16
vn 1 0 2.220446049250313e-16
vn 1 0 2.220446049250313e-16
vn 1 0 2.220446049250313e-16
vn 1 0 2.220446049250313e-16
vn 1 0 2.220446049250313e-16
vn 1 0 2.220446049250313e-16
vn 1 0 2.220446049250313e-16
vn 1 0 2.220446049250313e-16
vn 1 0 2.220446049250313e-16
vn 1 0 2.220446049250313e-16
vn 1 0 2.220446049250313e-16
vn 0.9238795042037964 0 0.3826834261417389
vn 0.9238795042037964 -0.024028891697525978 0.38192829489707947
vn 0.9238795042037964 -0.04796295240521431 0.3796658515930176
vn 0.9238795042037964 -0.07170772552490234 0.3759050667285919
vn 0.9238795042037964 -0.09516949951648712 0.3706607222557068
vn 0.9238795042037964 -0.11825568228960037 0.363953560590744
vn 0.9238795042037964 -0.14087516069412231 0.3558100461959839
vn 0.9238795042037964 -0.1629386842250824 0.3462623357772827
vn 0.9238795042037964 -0.18435914814472198 0.3353480398654938
vn 0.9238795042037964 -0.20505203306674957 0.32311031222343445
vn 0.9238795042037964 -0.22493568062782288 0.3095974028110504
vn 0.9238795042037964 -0.2439316064119339 0.29486265778541565
vn 0.9238795042037964 -0.2619648277759552 0.27896422147750854
vn 0.9238795042037964 -0.27896422147750854 0.2619648277759552
vn 0.9238795042037964 -0.29486265778541565 0.2439316064119339
vn 0.9238795042037964 -0.3095974028110504 0.22493568062782288
vn 0.9238795042037964 -0.32311031222343445 0.20505203306674957
vn 0.9238795042037964 -0.3353480398654938 0.18435914814472198
vn 0.9238795042037964 -0.3462623357772827 0.1629386842250824
vn 0.9238795042037964 -0.3558100461959839 0.14087516069412231
vn 0.9238795042037964 -0.363953560590744 0.11825568228960037
vn 0.9238795042037964 -0.3706607222557068 0.09516949951648712
vn 0.9238795042037964 -0.3759050667285919 0.07170772552490234
vn 0.9238795042037964 -0.3796658515930176 0.04796295240521431
vn 0.9238795042037964 -0.38192829489707947 0.024028891697525978
vn 0.9238795042037964 -0.3826834261417389 2.2857507012968435e-16
vn 0.9238795042037964 -0.38192829489707947 -0.024028891697525978
vn 0.9238795042037964 -0.3796658515930176 -0.04796295240521431
vn 0.9238795042037964 -0.3759050667285919 -0.07170772552490234
vn 0.9238795042037964 -0.3706607222557068 -0.09516949951648712
vn 0.9238795042037964 -0.363953560590744 -0.11825568228960037
vn 0.9238795042037964 -0.3558100461959839 -0.14087516069412231
vn 0.9238795042037964 -0.3462623357772827 -0.1629386842250824
vn 0.9238795042037964 -0.3353480398654938 -0.18435914814472198
vn 0.9238795042037964 -0.32311031222343445 -0.20505203306674957
vn 0.9238795042037964 -0.3095974028110504 -0.22493568062782288
vn 0.9238795042037964 -0.29486265778541565 -0.2439316064119339
vn 0.9238795042037964 -0.27896422147750854 -0.2619648277759552
vn 0.9238795042037964 -0.2619648277759552 -0.27896422147750854
vn 0.9238795042037964 -0.2439316064119339 -0.29486265778541565
vn 0.9238795042037964 -0.22493568062782288 -0.3095974028110504
vn 0.9238795042037964 -0.20505203306674957 -0.32311031222343445
vn 0.9238795042037964 -0.18435914814472198 -0.3353480398654938
vn 0.9238795042037964 -0.1629386842250824 -0.3462623357772827
vn 0.9238795042037964 -0.14087516069412231 -0.3558100461959839
vn 0.9238795042037964 -0.11825568228960037 -0.363953560590744
vn 0.9238795042037964 -0.09516949951648712 -0.3706607222557068
vn 0.9238795042037964 -0.07170772552490234 -0.3759050667285919
vn 0.9238795042037964 -0.04796295240521431 -0.3796658515930176
vn 0.9238795042037964 -0.024028891697525978 -0.38192829489707947
vn 0.9238795042037964 -4.6865204697224915e-17 -0.3826834261417389
vn 0.9238795042037964 0.024028891697525978 -0.38192829489707947
vn 0.9238795042037964 0.04796295240521431 -0.3796658515930176
vn 0.9238795042037964 0.07170772552490234 -0.3759050667285919
vn 0.9238795042037964 0.09516949951648712 -0.3706607222557068
vn 0.9238795042037964 0.11825568228960037 -0.363953560590744
vn 0.9238795042037964 0.14087516069412231 -0.3558100461959839
vn 0.9238795042037964 0.1629386842250824 -0.3462623357772827
vn 0.9238795042037964 0.18435914814472198 -0.3353480398654938
vn 0.9238795042037964 0.20505203306674957 -0.32311031222343445
vn 0.9238795042037964 0.22493568062782288 -0.3095974028110504
vn 0.9238795042037964 0.2439316064119339 -0.29486265778541565
vn 0.9238795042037964 0.2619648277759552 -0.27896422147750854
vn 0.9238795042037964 0.27896422147750854 -0.2619648277759552
vn 0.9238795042037964 0.29486265778541565 -0.2439316064119339
vn 0.9238795042037964 0.3095974028110504 -0.22493568062782288
vn 0.9238795042037964 0.32311031222343445 -0.20505203306674957
vn 0.9238795042037964 0.3353480398654938 -0.18435914814472198
vn 0.9238795042037964 0.3462623357772827 -0.1629386842250824
vn 0.9238795042037964 0.3558100461959839 -0.14087516069412231
vn 0.9238795042037964 0.363953560590744 -0.11825568228960037
vn 0.9238795042037964 0.3706607222557068 -0.09516949951648712
vn 0.9238795042037964 0.3759050667285919 -0.07170772552490234
vn 0.9238795042037964 0.3796658515930176 -0.04796295240521431
vn 0.9238795042037964 0.38192829489707947 -0.024028891697525978
vn 0.9238795042037964 0.3826834261417389 1.3484465411778962e-16
vn 0.9238795042037964 0.38192829489707947 0.024028891697525978
vn 0.9238795042037964 0.3796658515930176 0.04796295240521431
vn 0.9238795042037964 0.3759050667285919 0.07170772552490234
vn 0.9238795042037964 0.3706607222557068 0.09516949951648712
vn 0.9238795042037964 0.363953560590744 0.11825568228960037
vn 0.9238795042037964 0.3558100461959839 0.14087516069412231
vn 0.9238795042037964 0.3462623357772827 0.1629386842250824
vn 0.9238795042037964 0.3353480398654938 0.18435914814472198
vn 0.9238795042037964 0.32311031222343445 0.20505203306674957
vn 0.9238795042037964 0.3095974028110504 0.22493568062782288
vn 0.9238795042037964 0.29486265778541565 0.2439316064119339
vn 0.9238795042037964 0.27896422147750854 0.2619648277759552
vn 0.9238795042037964 0.2619648277759552 0.27896422147750854
vn 0.9238795042037964 0.2439316064119339 0.29486265778541565
vn 0.9238795042037964 0.22493568062782288 0.3095974028110504
vn 0.9238795042037964 0.20505203306674957 0.32311031222343445
vn 0.9238795042037964 0.18435914814472198 0.3353480398654938
vn 0.9238795042037964 0.1629386842250824 0.3462623357772827
vn 0.9238795042037964 0.14087516069412231 0.3558100461959839
vn 0.9238795042037964 0.11825568228960037 0.363953560590744
vn 0.9238795042037964 0.09516949951648712 0.3706607222557068
vn 0.9238795042037964 0.07170772552490234 0.3759050667285919
vn 0.9238795042037964 0.04796295240521431 0.3796658515930176
vn 0.9238795042037964 0.024028891697525978 0.38192829489707947
vn 0.9238795042037964 9.373040939444983e-17 0.3826834261417389
vn 0.7071067690849304 0 0.7071067690849304
vn 0.7071067690849304 -0.044399600476026535 0.7057114839553833
vn 0.7071067690849304 -0.08862397819757462 0.7015310525894165
vn 0.7071067690849304 -0.1324985921382904 0.6945819854736328
vn 0.7071067690849304 -0.1758503019809723 0.6848917007446289
vn 0.7071067690849304 -0.21850800514221191 0.6724985241889954
vn 0.7071067690849304 -0.2603033781051636 0.6574512720108032
vn 0.7071067690849304 -0.301071435213089 0.6398093700408936
vn 0.7071067690849304 -0.3406513035297394 0.6196423768997192
vn 0.7071067690849304 -0.37888675928115845 0.597029983997345
vn 0.7071067690849304 -0.4156269431114197 0.5720614194869995
vn 0.7071067690849304 -0.45072683691978455 0.5448351502418518
vn 0.7071067690849304 -0.48404788970947266 0.5154586434364319
vn 0.7071067690849304 -0.5154586434364319 0.48404788970947266
vn 0.7071067690849304 -0.5448351502418518 0.45072683691978455
vn 0.7071067690849304 -0.5720614194869995 0.4156269431114197
vn 0.7071067690849304 -0.597029983997345 0.37888675928115845
vn 0.7071067690849304 -0.6196423768997192 0.3406513035297394
vn 0.7071067690849304 -0.6398093700408936 0.301071435213089
vn 0.7071067690849304 -0.6574512720108032 0.2603033781051636
vn 0.7071067690849304 -0.6724985241889954 0.21850800514221191
vn 0.7071067690849304 -0.6848917007446289 0.1758503019809723
vn 0.7071067690849304 -0.6945819854736328 0.1324985921382904
vn 0.7071067690849304 -0.7015310525894165 0.08862397819757462
vn 0.7071067690849304 -0.7057114839553833 0.044399600476026535
vn 0.7071067690849304 -0.7071067690849304 2.003070528158564e-16
vn 0.7071067690849304 -0.7057114839553833 -0.044399600476026535
vn 0.7071067690849304 -0.7015310525894165 -0.08862397819757462
vn 0.7071067690849304 -0.6945819854736328 -0.1324985921382904
vn 0.7071067690849304 -0.6848917007446289 -0.1758503019809723
vn 0.7071067690849304 -0.6724985241889954 -0.21850800514221191
vn 0.7071067690849304 -0.6574512720108032 -0.2603033781051636
vn 0.7071067690849304 -0.6398093700408936 -0.301071435213089
vn 0.7071067690849304 -0.6196423768997192 -0.3406513035297394
vn 0.7071067690849304 -0.597029983997345 -0.37888675928115845
vn 0.7071067690849304 -0.5720614194869995 -0.4156269431114197
vn 0.7071067690849304 -0.5448351502418518 -0.45072683691978455
vn 0.7071067690849304 -0.5154586434364319 -0.48404788970947266
vn 0.7071067690849304 -0.48404788970947266 -0.5154586434364319
vn 0.7071067690849304 -0.45072683691978455 -0.5448351502418518
vn 0.7071067690849304 -0.4156269431114197 -0.5720614194869995
vn 0.7071067690849304 -0.37888675928115845 -0.597029983997345
vn 0.7071067690849304 -0.3406513035297394 -0.6196423768997192
vn 0.7071067690849304 -0.301071435213089 -0.6398093700408936
vn 0.7071067690849304 -0.2603033781051636 -0.6574512720108032
vn 0.7071067690849304 -0.21850800514221191 -0.6724985241889954
vn 0.7071067690849304 -0.1758503019809723 -0.6848917007446289
vn 0.7071067690849304 -0.1324985921382904 -0.6945819854736328
vn 0.7071067690849304 -0.08862397819757462 -0.7015310525894165
vn 0.7071067690849304 -0.044399600476026535 -0.7057114839553833
vn 0.7071067690849304 -8.659560603426554e-17 -0.7071067690849304
vn 0.7071067690849304 0.044399600476026535 -0.7057114839553833
vn 0.7071067690849304 0.08862397819757462 -0.7015310525894165
vn 0.7071067690849304 0.1324985921382904 -0.6945819854736328
vn 0.7071067690849304 0.1758503019809723 -0.6848917007446289
vn 0.7071067690849304 0.21850800514221191 -0.6724985241889954
vn 0.7071067690849304 0.2603033781051636 -0.6574512720108032
vn 0.7071067690849304 0.301071435213089 -0.6398093700408936
vn 0.7071067690849304 0.3406513035297394 -0.6196423768997192
vn 0.7071067690849304 0.37888675928115845 -0.597029983997345
vn 0.7071067690849304 0.4156269431114197 -0.5720614194869995
vn 0.7071067690849304 0.45072683691978455 -0.5448351502418518
vn 0.7071067690849304 0.48404788970947266 -0.5154586434364319
vn 0.7071067690849304 0.5154586434364319 -0.48404788970947266
vn 0.7071067690849304 0.5448351502418518 -0.45072683691978455
vn 0.7071067690849304 0.5720614194869995 -0.4156269431114197
vn 0.7071067690849304 0.597029983997345 -0.37888675928115845
vn 0.7071067690849304 0.6196423768997192 -0.3406513035297394
vn 0.7071067690849304 0.6398093700408936 -0.301071435213089
vn 0.7071067690849304 0.6574512720108032 -0.2603033781051636
vn 0.7071067690849304 0.6724985241889954 -0.21850800514221191
vn 0.7071067690849304 0.6848917007446289 -0.1758503019809723
vn 0.7071067690849304 0.6945819854736328 -0.1324985921382904
vn 0.7071067690849304 0.7015310525894165 -0.08862397819757462
vn 0.7071067690849304 0.7057114839553833 -0.044399600476026535
vn 0.7071067690849304 0.7071067690849304 2.7115840747325302e-17
vn 0.7071067690849304 0.7057114839553833 0.044399600476026535
vn 0.7071067690849304 0.7015310525894165 0.08862397819757462
vn 0.7071067690849304 0.6945819854736328 0.1324985921382904
vn 0.7071067690849304 0.6848917007446289 0.1758503019809723
vn 0.7071067690849304 0.6724985241889954 0.21850800514221191
vn 0.7071067690849304 0.6574512720108032 0.2603033781051636
vn 0.7071067690849304 0.6398093700408936 0.301071435213089
vn 0.7071067690849304 0.6196423768997192 0.3406513035297394
vn 0.7071067690849304 0.597029983997345 0.37888675928115845
vn 0.7071067690849304 0.5720614194869995 0.4156269431114197
vn 0.7071067690849304 0.5448351502418518 0.45072683691978455
vn 0.7071067690849304 0.5154586434364319 0.48404788970947266
vn 0.7071067690849304 0.48404788970947266 0.5154586434364319
vn 0.7071067690849304 0.45072683691978455 0.5448351502418518
vn 0.7071067690849304 0.4156269431114197 0.5720614194869995
vn 0.7071067690849304 0.37888675928115845 0.597029983997345
vn 0.7071067690849304 0.3406513035297394 0.6196423768997192
vn 0.7071067690849304 0.301071435213089 0.6398093700408936
vn 0.7071067690849304 0.2603033781051636 0.6574512720108032
vn 0.7071067690849304 0.21850800514221191 0.6724985241889954
vn 0.7071067690849304 0.1758503019809723 0.6848917007446289
vn 0.7071067690849304 0.1324985921382904 0.6945819854736328
vn 0.7071067690849304 0.08862397819757462 0.7015310525894165
vn 0.7071067690849304 0.044399600476026535 0.7057114839553833
vn 0.7071067690849304 1.7319121206853109e-16 0.7071067690849304
vn 0.3826834261417389 0 0.9238795042037964
vn 0.3826834261417389 -0.058010876178741455 0.9220564961433411
vn 0.3826834261417389 -0.11579281091690063 0.9165944457054138
vn 0.3826834261417389 -0.1731177568435669 0.9075151085853577
vn 0.3826834261417389 -0.22975949943065643 0.8948541283607483
vn 0.3826834261417389 -0.28549447655677795 0.8786616325378418
vn 0.3826834261417389 -0.3401027321815491 0.8590014576911926
vn 0.3826834261417389 -0.39336878061294556 0.8359512090682983
vn 0.3826834261417389 -0.4450823664665222 0.8096017837524414
vn 0.3826834261417389 -0.4950394034385681 0.7800573110580444
vn 0.3826834261417389 -0.543042778968811 0.7474342584609985
vn 0.3826834261417389 -0.5889029502868652 0.7118614315986633
vn 0.3826834261417389 -0.6324390769004822 0.6734791994094849
vn 0.3826834261417389 -0.6734791994094849 0.6324390769004822
vn 0.3826834261417389 -0.7118614315986633 0.5889029502868652
vn 0.3826834261417389 -0.7474342584609985 0.543042778968811
vn 0.3826834261417389 -0.7800573110580444 0.4950394034385681
vn 0.3826834261417389 -0.8096017837524414 0.4450823664665222
vn 0.3826834261417389 -0.8359512090682983 0.39336878061294556
vn 0.3826834261417389 -0.8590014576911926 0.3401027321815491
vn 0.3826834261417389 -0.8786616325378418 0.28549447655677795
vn 0.3826834261417389 -0.8948541283607483 0.22975949943065643
vn 0.3826834261417389 -0.9075151085853577 0.1731177568435669
vn 0.3826834261417389 -0.9165944457054138 0.11579281091690063
vn 0.3826834261417389 -0.9220564961433411 0.058010876178741455
vn 0.3826834261417389 -0.9238795042037964 1.415441023954199e-16
vn 0.3826834261417389 -0.9220564961433411 -0.058010876178741455
vn 0.3826834261417389 -0.9165944457054138 -0.11579281091690063
vn 0.3826834261417389 -0.9075151085853577 -0.1731177568435669
vn 0.3826834261417389 -0.8948541283607483 -0.22975949943065643
vn 0.3826834261417389 -0.8786616325378418 -0.28549447655677795
vn 0.3826834261417389 -0.8590014576911926 -0.3401027321815491
vn 0.3826834261417389 -0.8359512090682983 -0.39336878061294556
vn 0.3826834261417389 -0.8096017837524414 -0.4450823664665222
vn 0.3826834261417389 -0.7800573110580444 -0.4950394034385681
vn 0.3826834261417389 -0.7474342584609985 -0.543042778968811
vn 0.3826834261417389 -0.7118614315986633 -0.5889029502868652
vn 0.3826834261417389 -0.6734791994094849 -0.6324390769004822
vn 0.3826834261417389 -0.6324390769004822 -0.6734791994094849
vn 0.3826834261417389 -0.5889029502868652 -0.7118614315986633
vn 0.3826834261417389 -0.543042778968811 -0.7474342584609985
vn 0.3826834261417389 -0.4950394034385681 -0.7800573110580444
vn 0.3826834261417389 -0.4450823664665222 -0.8096017837524414
vn 0.3826834261417389 -0.39336878061294556 -0.8359512090682983
vn 0.3826834261417389 -0.3401027321815491 -0.8590014576911926
vn 0.3826834261417389 -0.28549447655677795 -0.8786616325378418
vn 0.3826834261417389 -0.22975949943065643 -0.8948541283607483
vn 0.3826834261417389 -0.1731177568435669 -0.9075151085853577
vn 0.3826834261417389 -0.11579281091690063 -0.9165944457054138
vn 0.3826834261417389 -0.058010876178741455 -0.9220564961433411
vn 0.3826834261417389 -1.1314261121795038e-16 -0.9238795042037964
vn 0.3826834261417389 0.058010876178741455 -0.9220564961433411
vn 0.3826834261417389 0.11579281091690063 -0.9165944457054138
vn 0.3826834261417389 0.1731177568435669 -0.9075151085853577
vn 0.3826834261417389 0.22975949943065643 -0.8948541283607483
vn 0.3826834261417389 0.28549447655677795 -0.8786616325378418
vn 0.3826834261417389 0.3401027321815491 -0.8590014576911926
vn 0.3826834261417389 0.39336878061294556 -0.8359512090682983
vn 0.3826834261417389 0.4450823664665222 -0.8096017837524414
vn 0.3826834261417389 0.4950394034385681 -0.7800573110580444
vn 0.3826834261417389 0.543042778968811 -0.7474342584609985
vn 0.3826834261417389 0.5889029502868652 -0.7118614315986633
vn 0.3826834261417389 0.6324390769004822 -0.6734791994094849
vn 0.3826834261417389 0.6734791994094849 -0.6324390769004822
vn 0.3826834261417389 0.7118614315986633 -0.5889029502868652
vn 0.3826834261417389 0.7474342584609985 -0.543042778968811
vn 0.3826834261417389 0.7800573110580444 -0.4950394034385681
vn 0.3826834261417389 0.8096017837524414 -0.4450823664665222
vn 0.3826834261417389 0.8359512090682983 -0.39336878061294556
vn 0.3826834261417389 0.8590014576911926 -0.3401027321815491
vn 0.3826834261417389 0.8786616325378418 -0.28549447655677795
vn 0.3826834261417389 0.8948541283607483 -0.22975949943065643
vn 0.3826834261417389 0.9075151085853577 -0.1731177568435669
vn 0.3826834261417389 0.9165944457054138 -0.11579281091690063
vn 0.3826834261417389 0.9220564961433411 -0.058010876178741455
vn 0.3826834261417389 0.9238795042037964 -8.474112665792576e-17
vn 0.3826834261417389 0.9220564961433411 0.058010876178741455
vn 0.3826834261417389 0.9165944457054138 0.11579281091690063
vn 0.3826834261417389 0.9075151085853577 0.1731177568435669
vn 0.3826834261417389 0.8948541283607483 0.22975949943065643
vn 0.3826834261417389 0.8786616325378418 0.28549447655677795
vn 0.3826834261417389 0.8590014576911926 0.3401027321815491
vn 0.3826834261417389 0.8359512090682983 0.39336878061294556
vn 0.3826834261417389 0.8096017837524414 0.4450823664665222
vn 0.3826834261417389 0.7800573110580444 0.4950394034385681
vn 0.3826834261417389 0.7474342584609985 0.543042778968811
vn 0.3826834261417389 0.7118614315986633 0.5889029502868652
vn 0.3826834261417389 0.6734791994094849 0.6324390769004822
vn 0.3826834261417389 0.6324390769004822 0.6734791994094849
vn 0.3826834261417389 0.5889029502868652 0.7118614315986633
vn 0.3826834261417389 0.543042778968811 0.7474342584609985
vn 0.3826834261417389 0.4950394034385681 0.7800573110580444
vn 0.3826834261417389 0.4450823664665222 0.8096017837524414
vn 0.3826834261417389 0.39336878061294556 0.8359512090682983
vn 0.3826834261417389 0.3401027321815491 0.8590014576911926
vn 0.3826834261417389 0.28549447655677795 0.8786616325378418
vn 0.3826834261417389 0.22975949943065643 0.8948541283607483
vn 0.3826834261417389 0.1731177568435669 0.9075151085853577
vn 0.3826834261417389 0.11579281091690063 0.9165944457054138
vn 0.3826834261417389 0.058010876178741455 0.9220564961433411
vn 0.3826834261417389 2.2628522243590076e-16 0.9238795042037964
vn -9.957991966651452e-17 0 1
vn -9.914176540476763e-17 -0.06279052048921585 0.9980267286300659
vn -9.782903639009088e-17 -0.12533323466777802 0.9921147227287292
vn -9.564689422950659e-17 -0.187381312251091 0.9822872281074524
vn -9.260398130605472e-17 -0.24868988990783691 0.9685831665992737
vn -8.871228842989484e-17 -0.30901700258255005 0.9510565400123596
vn -8.398716807319593e-17 -0.3681245446205139 0.9297764897346497
vn -7.844728143057718e-17 -0.4257792830467224 0.9048270583152771
vn -7.211447930509981e-17 -0.4817536771297455 0.8763066530227661
vn -6.501377563848741e-17 -0.5358268022537231 0.8443279266357422
vn -5.717317545755857e-17 -0.5877852439880371 0.80901700258255
vn -4.862362193466769e-17 -0.6374239921569824 0.7705132365226746
vn -3.9398864038806924e-17 -0.6845471262931824 0.728968620300293
vn -2.9535310951818406e-17 -0.728968620300293 0.6845471262931824
vn -1.907187324971663e-17 -0.7705132365226746 0.6374239921569824
vn -8.049857023570048e-18 -0.80901700258255 0.5877852439880371
vn 3.4872346438459545e-18 -0.8443279266357422 0.5358268022537231
vn 1.549388034906136e-17 -0.8763066530227661 0.4817536771297455
vn 2.7922692569144227e-17 -0.9048270583152771 0.4257792830467224
vn 4.0724616185047714e-17 -0.9297764897346497 0.3681245446205139
vn 5.384912700495708e-17 -0.9510565400123596 0.30901700258255005
vn 6.724443690508161e-17 -0.9685831665992737 0.24868988990783691
vn 8.08576791181118e-17 -0.9822872281074524 0.187381312251091
vn 9.463511337401133e-17 -0.9921147227287292 0.12533323466777802
vn 1.0852239059781299e-16 -0.9980267286300659 0.06279052048921585
vn 1.2246468525851679e-16 -1 6.123234262925839e-17
vn 1.3640697991922058e-16 -0.9980267286300659 -0.06279052048921585
vn 1.5029425714302224e-16 -0.9921147227287292 -0.12533323466777802
vn 1.6407169801636667e-16 -0.9822872281074524 -0.187381312251091
vn 1.7768493361195196e-16 -0.9685831665992737 -0.24868988990783691
vn 1.910802435120765e-16 -0.9510565400123596 -0.30901700258255005
vn 2.0420475433198586e-16 -0.9297764897346497 -0.3681245446205139
vn 2.1700667794788934e-16 -0.9048270583152771 -0.4257792830467224
vn 2.294354967854171e-16 -0.8763066530227661 -0.4817536771297455
vn 2.414421358731876e-16 -0.8443279266357422 -0.5358268022537231
vn 2.529792275406036e-16 -0.80901700258255 -0.5877852439880371
vn 2.640012437667502e-16 -0.7705132365226746 -0.6374239921569824
vn 2.744646682339622e-16 -0.728968620300293 -0.6845471262931824
vn 2.843282345558405e-16 -0.6845471262931824 -0.728968620300293
vn 2.9355300568659106e-16 -0.6374239921569824 -0.7705132365226746
vn 3.0210253273970234e-16 -0.5877852439880371 -0.80901700258255
vn 3.09943146155521e-16 -0.5358268022537231 -0.8443279266357422
vn 3.170438498221334e-16 -0.4817536771297455 -0.8763066530227661
vn 3.2337663871272095e-16 -0.4257792830467224 -0.9048270583152771
vn 3.289165253553397e-16 -0.3681245446205139 -0.9297764897346497
vn 3.336416457120386e-16 -0.30901700258255005 -0.9510565400123596
vn 3.375333385881985e-16 -0.24868988990783691 -0.9685831665992737
vn 3.4057627798142996e-16 -0.187381312251091 -0.9822872281074524
vn 3.4275839367223465e-16 -0.12533323466777802 -0.9921147227287292
vn 3.440711359218012e-16 -0.06279052048921585 -0.9980267286300659
vn 3.445092901835481e-16 -1.2246468525851679e-16 -1
vn 3.440711359218012e-16 0.06279052048921585 -0.9980267286300659
vn 3.4275839367223465e-16 0.12533323466777802 -0.9921147227287292
vn 3.4057627798142996e-16 0.187381312251091 -0.9822872281074524
vn 3.375333385881985e-16 0.24868988990783691 -0.9685831665992737
vn 3.336416457120386e-16 0.30901700258255005 -0.9510565400123596
vn 3.289165253553397e-16 0.3681245446205139 -0.9297764897346497
vn 3.2337663871272095e-16 0.4257792830467224 -0.9048270583152771
vn 3.170438498221334e-16 0.4817536771297455 -0.8763066530227661
vn 3.09943146155521e-16 0.5358268022537231 -0.8443279266357422
vn 3.0210253273970234e-16 0.5877852439880371 -0.80901700258255
vn 2.9355300568659106e-16 0.6374239921569824 -0.7705132365226746
vn 2.843282345558405e-16 0.6845471262931824 -0.728968620300293
vn 2.744646682339622e-16 0.728968620300293 -0.6845471262931824
vn 2.640012437667502e-16 0.7705132365226746 -0.6374239921569824
vn 2.529792275406036e-16 0.80901700258255 -0.5877852439880371
vn 2.414421358731876e-16 0.8443279266357422 -0.5358268022537231
vn 2.294354967854171e-16 0.8763066530227661 -0.4817536771297455
vn 2.1700667794788934e-16 0.9048270583152771 -0.4257792830467224
vn 2.0420475433198586e-16 0.9297764897346497 -0.3681245446205139
vn 1.910802435120765e-16 0.9510565400123596 -0.30901700258255005
vn 1.7768493361195196e-16 0.9685831665992737 -0.24868988990783691
vn 1.6407169801636667e-16 0.9822872281074524 -0.187381312251091
vn 1.5029425714302224e-16 0.9921147227287292 -0.12533323466777802
vn 1.3640697991922058e-16 0.9980267286300659 -0.06279052048921585
vn 1.2246468525851679e-16 1 -1.8369701465288538e-16
vn 1.0852239059781299e-16 0.9980267286300659 0.06279052048921585
vn 9.463511337401133e-17 0.9921147227287292 0.12533323466777802
vn 8.08576791181118e-17 0.9822872281074524 0.187381312251091
vn 6.724443690508161e-17 0.9685831665992737 0.24868988990783691
vn 5.384912700495708e-17 0.9510565400123596 0.30901700258255005
vn 4.0724616185047714e-17 0.9297764897346497 0.3681245446205139
vn 2.7922692569144227e-17 0.9048270583152771 0.4257792830467224
vn 1.549388034906136e-17 0.8763066530227661 0.4817536771297455
vn 3.4872346438459545e-18 0.8443279266357422 0.5358268022537231
vn -8.049857023570048e-18 0.80901700258255 0.5877852439880371
vn -1.907187324971663e-17 0.7705132365226746 0.6374239921569824
vn -2.9535310951818406e-17 0.728968620300293 0.6845471262931824
vn -3.9398864038806924e-17 0.6845471262931824 0.728968620300293
vn -4.862362193466769e-17 0.6374239921569824 0.7705132365226746
vn -5.717317545755857e-17 0.5877852439880371 0.80901700258255
vn -6.501377563848741e-17 0.5358268022537231 0.8443279266357422
vn -7.211447930509981e-17 0.4817536771297455 0.8763066530227661
vn -7.844728143057718e-17 0.4257792830467224 0.9048270583152771
vn -8.398716807319593e-17 0.3681245446205139 0.9297764897346497
vn -8.871228842989484e-17 0.30901700258255005 0.9510565400123596
vn -9.260398130605472e-17 0.24868988990783691 0.9685831665992737
vn -9.564689422950659e-17 0.187381312251091 0.9822872281074524
vn -9.782903639009088e-17 0.12533323466777802 0.9921147227287292
vn -9.914176540476763e-17 0.06279052048921585 0.9980267286300659
vn -9.957991966651452e-17 2.4492937051703357e-16 1
vn -0.3826834261417389 0 0.9238795042037964
vn -0.3826834261417389 -0.058010876178741455 0.9220564961433411
vn -0.3826834261417389 -0.11579281091690063 0.9165944457054138
vn -0.3826834261417389 -0.1731177568435669 0.9075151085853577
vn -0.3826834261417389 -0.22975949943065643 0.8948541283607483
vn -0.3826834261417389 -0.28549447655677795 0.8786616325378418
vn -0.3826834261417389 -0.3401027321815491 0.8590014576911926
vn -0.3826834261417389 -0.39336878061294556 0.8359512090682983
vn -0.3826834261417389 -0.4450823664665222 0.8096017837524414
vn -0.3826834261417389 -0.4950394034385681 0.7800573110580444
vn -0.3826834261417389 -0.543042778968811 0.7474342584609985
vn -0.3826834261417389 -0.5889029502868652 0.7118614315986633
vn -0.3826834261417389 -0.6324390769004822 0.6734791994094849
vn -0.3826834261417389 -0.6734791994094849 0.6324390769004822
vn -0.3826834261417389 -0.7118614315986633 0.5889029502868652
vn -0.3826834261417389 -0.7474342584609985 0.543042778968811
vn -0.3826834261417389 -0.7800573110580444 0.4950394034385681
vn -0.3826834261417389 -0.8096017837524414 0.4450823664665222
vn -0.3826834261417389 -0.8359512090682983 0.39336878061294556
vn -0.3826834261417389 -0.8590014576911926 0.3401027321815491
vn -0.3826834261417389 -0.8786616325378418 0.28549447655677795
vn -0.3826834261417389 -0.8948541283607483 0.22975949943065643
vn -0.3826834261417389 -0.9075151085853577 0.1731177568435669
vn -0.3826834261417389 -0.9165944457054138 0.11579281091690063
vn -0.3826834261417389 -0.9220564961433411 0.058010876178741455
vn -0.3826834261417389 -0.9238795042037964 -2.840148456002462e-17
vn -0.3826834261417389 -0.9220564961433411 -0.058010876178741455
vn -0.3826834261417389 -0.9165944457054138 -0.11579281091690063
vn -0.3826834261417389 -0.9075151085853577 -0.1731177568435669
vn -0.3826834261417389 -0.8948541283607483 -0.22975949943065643
vn -0.3826834261417389 -0.8786616325378418 -0.28549447655677795
vn -0.3826834261417389 -0.8590014576911926 -0.3401027321815491
vn -0.3826834261417389 -0.8359512090682983 -0.39336878061294556
vn -0.3826834261417389 -0.8096017837524414 -0.4450823664665222
vn -0.3826834261417389 -0.7800573110580444 -0.4950394034385681
vn -0.3826834261417389 -0.7474342584609985 -0.543042778968811
vn -0.3826834261417389 -0.7118614315986633 -0.5889029502868652
vn -0.3826834261417389 -0.6734791994094849 -0.6324390769004822
vn -0.3826834261417389 -0.6324390769004822 -0.6734791994094849
vn -0.3826834261417389 -0.5889029502868652 -0.7118614315986633
vn -0.3826834261417389 -0.543042778968811 -0.7474342584609985
vn -0.3826834261417389 -0.4950394034385681 -0.7800573110580444
vn -0.3826834261417389 -0.4450823664665222 -0.8096017837524414
vn -0.3826834261417389 -0.39336878061294556 -0.8359512090682983
vn -0.3826834261417389 -0.3401027321815491 -0.8590014576911926
vn -0.3826834261417389 -0.28549447655677795 -0.8786616325378418
vn -0.3826834261417389 -0.22975949943065643 -0.8948541283607483
vn -0.3826834261417389 -0.1731177568435669 -0.9075151085853577
vn -0.3826834261417389 -0.11579281091690063 -0.9165944457054138
vn -0.3826834261417389 -0.058010876178741455 -0.9220564961433411
vn -0.3826834261417389 -1.1314261121795038e-16 -0.9238795042037964
vn -0.3826834261417389 0.058010876178741455 -0.9220564961433411
vn -0.3826834261417389 0.11579281091690063 -0.9165944457054138
vn -0.3826834261417389 0.1731177568435669 -0.9075151085853577
vn -0.3826834261417389 0.22975949943065643 -0.8948541283607483
vn -0.3826834261417389 0.28549447655677795 -0.8786616325378418
vn -0.3826834261417389 0.3401027321815491 -0.8590014576911926
vn -0.3826834261417389 0.39336878061294556 -0.8359512090682983
vn -0.3826834261417389 0.4450823664665222 -0.8096017837524414
vn -0.3826834261417389 0.4950394034385681 -0.7800573110580444
vn -0.3826834261417389 0.543042778968811 -0.7474342584609985
vn -0.3826834261417389 0.5889029502868652 -0.7118614315986633
vn -0.3826834261417389 0.6324390769004822 -0.6734791994094849
vn -0.3826834261417389 0.6734791994094849 -0.6324390769004822
vn -0.3826834261417389 0.7118614315986633 -0.5889029502868652
vn -0.3826834261417389 0.7474342584609985 -0.543042778968811
vn -0.3826834261417389 0.7800573110580444 -0.4950394034385681
vn -0.3826834261417389 0.8096017837524414 -0.4450823664665222
vn -0.3826834261417389 0.8359512090682983 -0.39336878061294556
vn -0.3826834261417389 0.8590014576911926 -0.3401027321815491
vn -0.3826834261417389 0.8786616325378418 -0.28549447655677795
vn -0.3826834261417389 0.8948541283607483 -0.22975949943065643
vn -0.3826834261417389 0.9075151085853577 -0.1731177568435669
vn -0.3826834261417389 0.9165944457054138 -0.11579281091690063
vn -0.3826834261417389 0.9220564961433411 -0.058010876178741455
vn -0.3826834261417389 0.9238795042037964 -2.546867136133703e-16
vn -0.3826834261417389 0.9220564961433411 0.058010876178741455
vn -0.3826834261417389 0.9165944457054138 0.11579281091690063
vn -0.3826834261417389 0.9075151085853577 0.1731177568435669
vn -0.3826834261417389 0.8948541283607483 0.22975949943065643
vn -0.3826834261417389 0.8786616325378418 0.28549447655677795
vn -0.3826834261417389 0.8590014576911926 0.3401027321815491
vn -0.3826834261417389 0.8359512090682983 0.39336878061294556
vn -0.3826834261417389 0.8096017837524414 0.4450823664665222
vn -0.3826834261417389 0.7800573110580444 0.4950394034385681
vn -0.3826834261417389 0.7474342584609985 0.543042778968811
vn -0.3826834261417389 0.7118614315986633 0.5889029502868652
vn -0.3826834261417389 0.6734791994094849 0.6324390769004822
vn -0.3826834261417389 0.6324390769004822 0.6734791994094849
vn -0.3826834261417389 0.5889029502868652 0.7118614315986633
vn -0.3826834261417389 0.543042778968811 0.7474342584609985
vn -0.3826834261417389 0.4950394034385681 0.7800573110580444
vn -0.3826834261417389 0.4450823664665222 0.8096017837524414
vn -0.3826834261417389 0.39336878061294556 0.8359512090682983
vn -0.3826834261417389 0.3401027321815491 0.8590014576911926
vn -0.3826834261417389 0.28549447655677795 0.8786616325378418
vn -0.3826834261417389 0.22975949943065643 0.8948541283607483
vn -0.3826834261417389 0.1731177568435669 0.9075151085853577
vn -0.3826834261417389 0.11579281091690063 0.9165944457054138
vn -0.3826834261417389 0.058010876178741455 0.9220564961433411
vn -0.3826834261417389 2.2628522243590076e-16 0.9238795042037964
vn -0.7071067690849304 0 0.7071067690849304
vn -0.7071067690849304 -0.044399600476026535 0.7057114839553833
vn -0.7071067690849304 -0.08862397819757462 0.7015310525894165
vn -0.7071067690849304 -0.1324985921382904 0.6945819854736328
vn -0.7071067690849304 -0.1758503019809723 0.6848917007446289
vn -0.7071067690849304 -0.21850800514221191 0.6724985241889954
vn -0.7071067690849304 -0.2603033781051636 0.6574512720108032
vn -0.7071067690849304 -0.301071435213089 0.6398093700408936
vn -0.7071067690849304 -0.3406513035297394 0.6196423768997192
vn -0.7071067690849304 -0.37888675928115845 0.597029983997345
vn -0.7071067690849304 -0.4156269431114197 0.5720614194869995
vn -0.7071067690849304 -0.45072683691978455 0.5448351502418518
vn -0.7071067690849304 -0.48404788970947266 0.5154586434364319
vn -0.7071067690849304 -0.5154586434364319 0.48404788970947266
vn -0.7071067690849304 -0.5448351502418518 0.45072683691978455
vn -0.7071067690849304 -0.5720614194869995 0.4156269431114197
vn -0.7071067690849304 -0.597029983997345 0.37888675928115845
vn -0.7071067690849304 -0.6196423768997192 0.3406513035297394
vn -0.7071067690849304 -0.6398093700408936 0.301071435213089
vn -0.7071067690849304 -0.6574512720108032 0.2603033781051636
vn -0.7071067690849304 -0.6724985241889954 0.21850800514221191
vn -0.7071067690849304 -0.6848917007446289 0.1758503019809723
vn -0.7071067690849304 -0.6945819854736328 0.1324985921382904
vn -0.7071067690849304 -0.7015310525894165 0.08862397819757462
vn -0.7071067690849304 -0.7057114839553833 0.044399600476026535
vn -0.7071067690849304 -0.7071067690849304 -1.1371144678159085e-16
vn -0.7071067690849304 -0.7057114839553833 -0.044399600476026535
vn -0.7071067690849304 -0.7015310525894165 -0.08862397819757462
vn -0.7071067690849304 -0.6945819854736328 -0.1324985921382904
vn -0.7071067690849304 -0.6848917007446289 -0.1758503019809723
vn -0.7071067690849304 -0.6724985241889954 -0.21850800514221191
vn -0.7071067690849304 -0.6574512720108032 -0.2603033781051636
vn -0.7071067690849304 -0.6398093700408936 -0.301071435213089
vn -0.7071067690849304 -0.6196423768997192 -0.3406513035297394
vn -0.7071067690849304 -0.597029983997345 -0.37888675928115845
vn -0.7071067690849304 -0.5720614194869995 -0.4156269431114197
vn -0.7071067690849304 -0.5448351502418518 -0.45072683691978455
vn -0.7071067690849304 -0.5154586434364319 -0.48404788970947266
vn -0.7071067690849304 -0.48404788970947266 -0.5154586434364319
vn -0.7071067690849304 -0.45072683691978455 -0.5448351502418518
vn -0.7071067690849304 -0.4156269431114197 -0.5720614194869995
vn -0.7071067690849304 -0.37888675928115845 -0.597029983997345
vn -0.7071067690849304 -0.3406513035297394 -0.6196423768997192
vn -0.7071067690849304 -0.301071435213089 -0.6398093700408936
vn -0.7071067690849304 -0.2603033781051636 -0.6574512720108032
vn -0.7071067690849304 -0.21850800514221191 -0.6724985241889954
vn -0.7071067690849304 -0.1758503019809723 -0.6848917007446289
vn -0.7071067690849304 -0.1324985921382904 -0.6945819854736328
vn -0.7071067690849304 -0.08862397819757462 -0.7015310525894165
vn -0.7071067690849304 -0.044399600476026535 -0.7057114839553833
vn -0.7071067690849304 -8.659560603426554e-17 -0.7071067690849304
vn -0.7071067690849304 0.044399600476026535 -0.7057114839553833
vn -0.7071067690849304 0.08862397819757462 -0.7015310525894165
vn -0.7071067690849304 0.1324985921382904 -0.6945819854736328
vn -0.7071067690849304 0.1758503019809723 -0.6848917007446289
vn -0.7071067690849304 0.21850800514221191 -0.6724985241889954
vn -0.7071067690849304 0.2603033781051636 -0.6574512720108032
vn -0.7071067690849304 0.301071435213089 -0.6398093700408936
vn -0.7071067690849304 0.3406513035297394 -0.6196423768997192
vn -0.7071067690849304 0.37888675928115845 -0.597029983997345
vn -0.7071067690849304 0.4156269431114197 -0.5720614194869995
vn -0.7071067690849304 0.45072683691978455 -0.5448351502418518
vn -0.7071067690849304 0.48404788970947266 -0.5154586434364319
vn -0.7071067690849304 0.5154586434364319 -0.48404788970947266
vn -0.7071067690849304 0.5448351502418518 -0.45072683691978455
vn -0.7071067690849304 0.5720614194869995 -0.4156269431114197
vn -0.7071067690849304 0.597029983997345 -0.37888675928115845
vn -0.7071067690849304 0.6196423768997192 -0.3406513035297394
vn -0.7071067690849304 0.6398093700408936 -0.301071435213089
vn -0.7071067690849304 0.6574512720108032 -0.2603033781051636
vn -0.7071067690849304 0.6724985241889954 -0.21850800514221191
vn -0.7071067690849304 0.6848917007446289 -0.1758503019809723
vn -0.7071067690849304 0.6945819854736328 -0.1324985921382904
vn -0.7071067690849304 0.7015310525894165 -0.08862397819757462
vn -0.7071067690849304 0.7057114839553833 -0.044399600476026535
vn -0.7071067690849304 0.7071067690849304 -2.8690265885012193e-16
vn -0.7071067690849304 0.7057114839553833 0.044399600476026535
vn -0.7071067690849304 0.7015310525894165 0.08862397819757462
vn -0.7071067690849304 0.6945819854736328 0.1324985921382904
vn -0.7071067690849304 0.6848917007446289 0.1758503019809723
vn -0.7071067690849304 0.6724985241889954 0.21850800514221191
vn -0.7071067690849304 0.6574512720108032 0.2603033781051636
vn -0.7071067690849304 0.6398093700408936 0.301071435213089
vn -0.7071067690849304 0.6196423768997192 0.3406513035297394
vn -0.7071067690849304 0.597029983997345 0.37888675928115845
vn -0.7071067690849304 0.5720614194869995 0.4156269431114197
vn -0.7071067690849304 0.5448351502418518 0.45072683691978455
vn -0.7071067690849304 0.5154586434364319 0.48404788970947266
vn -0.7071067690849304 0.48404788970947266 0.5154586434364319
vn -0.7071067690849304 0.45072683691978455 0.5448351502418518
vn -0.7071067690849304 0.4156269431114197 0.5720614194869995
vn -0.7071067690849304 0.37888675928115845 0.597029983997345
vn -0.7071067690849304 0.3406513035297394 0.6196423768997192
vn -0.7071067690849304 0.301071435213089 0.6398093700408936
vn -0.7071067690849304 0.2603033781051636 0.6574512720108032
vn -0.7071067690849304 0.21850800514221191 0.6724985241889954
vn -0.7071067690849304 0.1758503019809723 0.6848917007446289
vn -0.7071067690849304 0.1324985921382904 0.6945819854736328
vn -0.7071067690849304 0.08862397819757462 0.7015310525894165
vn -0.7071067690849304 0.044399600476026535 0.7057114839553833
vn -0.7071067690849304 1.7319121206853109e-16 0.7071067690849304
vn -0.9238795042037964 0 0.3826834261417389
vn -0.9238795042037964 -0.024028891697525978 0.38192829489707947
vn -0.9238795042037964 -0.04796295240521431 0.3796658515930176
vn -0.9238795042037964 -0.07170772552490234 0.3759050667285919
vn -0.9238795042037964 -0.09516949951648712 0.3706607222557068
vn -0.9238795042037964 -0.11825568228960037 0.363953560590744
vn -0.9238795042037964 -0.14087516069412231 0.3558100461959839
vn -0.9238795042037964 -0.1629386842250824 0.3462623357772827
vn -0.9238795042037964 -0.18435914814472198 0.3353480398654938
vn -0.9238795042037964 -0.20505203306674957 0.32311031222343445
vn -0.9238795042037964 -0.22493568062782288 0.3095974028110504
vn -0.9238795042037964 -0.2439316064119339 0.29486265778541565
vn -0.9238795042037964 -0.2619648277759552 0.27896422147750854
vn -0.9238795042037964 -0.27896422147750854 0.2619648277759552
vn -0.9238795042037964 -0.29486265778541565 0.2439316064119339
vn -0.9238795042037964 -0.3095974028110504 0.22493568062782288
vn -0.9238795042037964 -0.32311031222343445 0.20505203306674957
vn -0.9238795042037964 -0.3353480398654938 0.18435914814472198
vn -0.9238795042037964 -0.3462623357772827 0.1629386842250824
vn -0.9238795042037964 -0.3558100461959839 0.14087516069412231
vn -0.9238795042037964 -0.363953560590744 0.11825568228960037
vn -0.9238795042037964 -0.3706607222557068 0.09516949951648712
vn -0.9238795042037964 -0.3759050667285919 0.07170772552490234
vn -0.9238795042037964 -0.3796658515930176 0.04796295240521431
vn -0.9238795042037964 -0.38192829489707947 0.024028891697525978
vn -0.9238795042037964 -0.3826834261417389 -1.81709862123737e-16
vn -0.9238795042037964 -0.38192829489707947 -0.024028891697525978
vn -0.9238795042037964 -0.3796658515930176 -0.04796295240521431
vn -0.9238795042037964 -0.3759050667285919 -0.07170772552490234
vn -0.9238795042037964 -0.3706607222557068 -0.09516949951648712
vn -0.9238795042037964 -0.363953560590744 -0.11825568228960037
vn -0.9238795042037964 -0.3558100461959839 -0.14087516069412231
vn -0.9238795042037964 -0.3462623357772827 -0.1629386842250824
vn -0.9238795042037964 -0.3353480398654938 -0.18435914814472198
vn -0.9238795042037964 -0.32311031222343445 -0.20505203306674957
vn -0.9238795042037964 -0.3095974028110504 -0.22493568062782288
vn -0.9238795042037964 -0.29486265778541565 -0.2439316064119339
vn -0.9238795042037964 -0.27896422147750854 -0.2619648277759552
vn -0.9238795042037964 -0.2619648277759552 -0.27896422147750854
vn -0.9238795042037964 -0.2439316064119339 -0.29486265778541565
vn -0.9238795042037964 -0.22493568062782288 -0.3095974028110504
vn -0.9238795042037964 -0.20505203306674957 -0.32311031222343445
vn -0.9238795042037964 -0.18435914814472198 -0.3353480398654938
vn -0.9238795042037964 -0.1629386842250824 -0.3462623357772827
vn -0.9238795042037964 -0.14087516069412231 -0.3558100461959839
vn -0.9238795042037964 -0.11825568228960037 -0.363953560590744
vn -0.9238795042037964 -0.09516949951648712 -0.3706607222557068
vn -0.9238795042037964 -0.07170772552490234 -0.3759050667285919
vn -0.9238795042037964 -0.04796295240521431 -0.3796658515930176
vn -0.9238795042037964 -0.024028891697525978 -0.38192829489707947
vn -0.9238795042037964 -4.6865204697224915e-17 -0.3826834261417389
vn -0.9238795042037964 0.024028891697525978 -0.38192829489707947
vn -0.9238795042037964 0.04796295240521431 -0.3796658515930176
vn -0.9238795042037964 0.07170772552490234 -0.3759050667285919
vn -0.9238795042037964 0.09516949951648712 -0.3706607222557068
vn -0.9238795042037964 0.11825568228960037 -0.363953560590744
vn -0.9238795042037964 0.14087516069412231 -0.3558100461959839
vn -0.9238795042037964 0.1629386842250824 -0.3462623357772827
vn -0.9238795042037964 0.18435914814472198 -0.3353480398654938
vn -0.9238795042037964 0.20505203306674957 -0.32311031222343445
vn -0.9238795042037964 0.22493568062782288 -0.3095974028110504
vn -0.9238795042037964 0.2439316064119339 -0.29486265778541565
vn -0.9238795042037964 0.2619648277759552 -0.27896422147750854
vn -0.9238795042037964 0.27896422147750854 -0.2619648277759552
vn -0.9238795042037964 0.29486265778541565 -0.2439316064119339
vn -0.9238795042037964 0.3095974028110504 -0.22493568062782288
vn -0.9238795042037964 0.32311031222343445 -0.20505203306674957
vn -0.9238795042037964 0.3353480398654938 -0.18435914814472198
vn -0.9238795042037964 0.3462623357772827 -0.1629386842250824
vn -0.9238795042037964 0.3558100461959839 -0.14087516069412231
vn -0.9238795042037964 0.363953560590744 -0.11825568228960037
vn -0.9238795042037964 0.3706607222557068 -0.09516949951648712
vn -0.9238795042037964 0.3759050667285919 -0.07170772552490234
vn -0.9238795042037964 0.3796658515930176 -0.04796295240521431
vn -0.9238795042037964 0.38192829489707947 -0.024028891697525978
vn -0.9238795042037964 0.3826834261417389 -2.754402649007419e-16
vn -0.9238795042037964 0.38192829489707947 0.024028891697525978
vn -0.9238795042037964 0.3796658515930176 0.04796295240521431
vn -0.9238795042037964 0.3759050667285919 0.07170772552490234
vn -0.9238795042037964 0.3706607222557068 0.09516949951648712
vn -0.9238795042037964 0.363953560590744 0.11825568228960037
vn -0.9238795042037964 0.3558100461959839 0.14087516069412231
vn -0.9238795042037964 0.3462623357772827 0.1629386842250824
vn -0.9238795042037964 0.3353480398654938 0.18435914814472198
vn -0.9238795042037964 0.32311031222343445 0.20505203306674957
vn -0.9238795042037964 0.3095974028110504 0.22493568062782288
vn -0.9238795042037964 0.29486265778541565 0.2439316064119339
vn -0.9238795042037964 0.27896422147750854 0.2619648277759552
vn -0.9238795042037964 0.2619648277759552 0.27896422147750854
vn -0.9238795042037964 0.2439316064119339 0.29486265778541565
vn -0.9238795042037964 0.22493568062782288 0.3095974028110504
vn -0.9238795042037964 0.20505203306674957 0.32311031222343445
vn -0.9238795042037964 0.18435914814472198 0.3353480398654938
vn -0.9238795042037964 0.1629386842250824 0.3462623357772827
vn -0.9238795042037964 0.14087516069412231 0.3558100461959839
vn -0.9238795042037964 0.11825568228960037 0.363953560590744
vn -0.9238795042037964 0.09516949951648712 0.3706607222557068
vn -0.9238795042037964 0.07170772552490234 0.3759050667285919
vn -0.9238795042037964 0.04796295240521431 0.3796658515930176
vn -0.9238795042037964 0.024028891697525978 0.38192829489707947
vn -0.9238795042037964 9.373040939444983e-17 0.3826834261417389
vn -1 0 -2.220446049250313e-16
vn -1 0 -2.220446049250313e-16
vn -1 0 -2.220446049250313e-16
vn -1 0 -2.220446049250313e-16
vn -1 0 -2.220446049250313e-16
vn -1 0 -2.220446049250313e-16
vn -1 0 -2.220446049250313e-16
vn -1 0 -2.220446049250313e-16
vn -1 0 -2.220446049250313e-16
vn -1 0 -2.220446049250313e-16
vn -1 0 -2.220446049250313e-16
vn -1 0 -2.220446049250313e-16
vn -1 0 -2.220446049250313e-16
vn -1 0 -2.220446049250313e-16
vn -1 0 -2.220446049250313e-16
vn -1 0 -2.220446049250313e-16
vn -1 0 -2.220446049250313e-16
vn -1 0 -2.220446049250313e-16
vn -1 0 -2.220446049250313e-16
vn -1 0 -2.220446049250313e-16
vn -1 0 -2.220446049250313e-16
vn -1 0 -2.220446049250313e-16
vn -1 0 -2.220446049250313e-16
vn -1 0 -2.220446049250313e-16
vn -1 0 -2.220446049250313e-16
vn -1 0 -2.220446049250313e-16
vn -1 0 -2.220446049250313e-16
vn -1 0 -2.220446049250313e-16
vn -1 0 -2.220446049250313e-16
vn -1 0 -2.220446049250313e-16
vn -1 0 -2.220446049250313e-16
vn -1 0 -2.220446049250313e-16
vn -1 0 -2.220446049250313e-16
vn -1 0 -2.220446049250313e-16
vn -1 0 -2.220446049250313e-16
vn -1 0 -2.220446049250313e-16
vn -1 0 -2.220446049250313e-16
vn -1 0 -2.220446049250313e-16
vn -1 0 -2.220446049250313e-16
vn -1 0 -2.220446049250313e-16
vn -1 0 -2.220446049250313e-16
vn -1 0 -2.220446049250313e-16
vn -1 0 -2.220446049250313e-16
vn -1 0 -2.220446049250313e-16
vn -1 0 -2.220446049250313e-16
vn -1 0 -2.220446049250313e-16
vn -1 0 -2.220446049250313e-16
vn -1 0 -2.220446049250313e-16
vn -1 0 -2.220446049250313e-16
vn -1 0 -2.220446049250313e-16
vn -1 0 -2.220446049250313e-16
vn -1 0 -2.220446049250313e-16
vn -1 0 -2.220446049250313e-16
vn -1 0 -2.220446049250313e-16
vn -1 0 -2.220446049250313e-16
vn -1 0 -2.220446049250313e-16
vn -1 0 -2.220446049250313e-16
vn -1 0 -2.220446049250313e-16
vn -1 0 -2.220446049250313e-16
vn -1 0 -2.220446049250313e-16
vn -1 0 -2.220446049250313e-16
vn -1 0 -2.220446049250313e-16
vn -1 0 -2.220446049250313e-16
vn -1 0 -2.220446049250313e-16
vn -1 0 -2.220446049250313e-16
vn -1 0 -2.220446049250313e-16
vn -1 0 -2.220446049250313e-16
vn -1 0 -2.220446049250313e-16
vn -1 0 -2.220446049250313e-16
vn -1 0 -2.220446049250313e-16
vn -1 0 -2.220446049250313e-16
vn -1 0 -2.220446049250313e-16
vn -1 0 -2.220446049250313e-16
vn -1 0 -2.220446049250313e-16
vn -1 0 -2.220446049250313e-16
vn -1 0 -2.220446049250313e-16
vn -1 0 -2.220446049250313e-16
vn -1 0 -2.220446049250313e-16
vn -1 0 -2.220446049250313e-16
vn -1 0 -2.220446049250313e-16
vn -1 0 -2.220446049250313e-16
vn -1 0 -2.220446049250313e-16
vn -1 0 -2.220446049250313e-16
vn -1 0 -2.220446049250313e-16
vn -1 0 -2.220446049250313e-16
vn -1 0 -2.220446049250313e-16
vn -1 0 -2.220446049250313e-16
vn -1 0 -2.220446049250313e-16
vn -1 0 -2.220446049250313e-16
vn -1 0 -2.220446049250313e-16
vn -1 0 -2.220446049250313e-16
vn -1 0 -2.220446049250313e-16
vn -1 0 -2.220446049250313e-16
vn -1 0 -2.220446049250313e-16
vn -1 0 -2.220446049250313e-16
vn -1 0 -2.220446049250313e-16
vn -1 0 -2.220446049250313e-16
vn -1 0 -2.220446049250313e-16
vn -1 0 -2.220446049250313e-16
vn -1 0 -2.220446049250313e-16
vn -1 0 -2.220446049250313e-16
vn -0.9238795042037964 0 -0.3826834261417389
vn -0.9238795042037964 0.024028891697525978 -0.38192829489707947
vn -0.9238795042037964 0.04796295240521431 -0.3796658515930176
vn -0.9238795042037964 0.07170772552490234 -0.3759050667285919
vn -0.9238795042037964 0.09516949951648712 -0.3706607222557068
vn -0.9238795042037964 0.11825568228960037 -0.363953560590744
vn -0.9238795042037964 0.14087516069412231 -0.3558100461959839
vn -0.9238795042037964 0.1629386842250824 -0.3462623357772827
vn -0.9238795042037964 0.18435914814472198 -0.3353480398654938
vn -0.9238795042037964 0.20505203306674957 -0.32311031222343445
vn -0.9238795042037964 0.22493568062782288 -0.3095974028110504
vn -0.9238795042037964 0.2439316064119339 -0.29486265778541565
vn -0.9238795042037964 0.2619648277759552 -0.27896422147750854
vn -0.9238795042037964 0.27896422147750854 -0.2619648277759552
vn -0.9238795042037964 0.29486265778541565 -0.2439316064119339
vn -0.9238795042037964 0.3095974028110504 -0.22493568062782288
vn -0.9238795042037964 0.32311031222343445 -0.20505203306674957
vn -0.9238795042037964 0.3353480398654938 -0.18435914814472198
vn -0.9238795042037964 0.3462623357772827 -0.1629386842250824
vn -0.9238795042037964 0.3558100461959839 -0.14087516069412231
vn -0.9238795042037964 0.363953560590744 -0.11825568228960037
vn -0.9238795042037964 0.3706607222557068 -0.09516949951648712
vn -0.9238795042037964 0.3759050667285919 -0.07170772552490234
vn -0.9238795042037964 0.3796658515930176 -0.04796295240521431
vn -0.9238795042037964 0.38192829489707947 -0.024028891697525978
vn -0.9238795042037964 0.3826834261417389 -2.2857507012968435e-16
vn -0.9238795042037964 0.38192829489707947 0.024028891697525978
vn -0.9238795042037964 0.3796658515930176 0.04796295240521431
vn -0.9238795042037964 0.3759050667285919 0.07170772552490234
vn -0.9238795042037964 0.3706607222557068 0.09516949951648712
vn -0.9238795042037964 0.363953560590744 0.11825568228960037
vn -0.9238795042037964 0.3558100461959839 0.14087516069412231
vn -0.9238795042037964 0.3462623357772827 0.1629386842250824
vn -0.9238795042037964 0.3353480398654938 0.18435914814472198
vn -0.9238795042037964 0.32311031222343445 0.20505203306674957
vn -0.9238795042037964 0.3095974028110504 0.22493568062782288
vn -0.9238795042037964 0.29486265778541565 0.2439316064119339
vn -0.9238795042037964 0.27896422147750854 0.2619648277759552
vn -0.9238795042037964 0.2619648277759552 0.27896422147750854
vn -0.9238795042037964 0.2439316064119339 0.29486265778541565
vn -0.9238795042037964 0.22493568062782288 0.3095974028110504
vn -0.9238795042037964 0.20505203306674957 0.32311031222343445
vn -0.9238795042037964 0.18435914814472198 0.3353480398654938
vn -0.9238795042037964 0.1629386842250824 0.3462623357772827
vn -0.9238795042037964 0.14087516069412231 0.3558100461959839
vn -0.9238795042037964 0.11825568228960037 0.363953560590744
vn -0.9238795042037964 0.09516949951648712 0.3706607222557068
vn -0.9238795042037964 0.07170772552490234 0.3759050667285919
vn -0.9238795042037964 0.04796295240521431 0.3796658515930176
vn -0.9238795042037964 0.024028891697525978 0.38192829489707947
vn -0.9238795042037964 4.6865204697224915e-17 0.3826834261417389
vn -0.9238795042037964 -0.024028891697525978 0.38192829489707947
vn -0.9238795042037964 -0.04796295240521431 0.3796658515930176
vn -0.9238795042037964 -0.07170772552490234 0.3759050667285919
vn -0.9238795042037964 -0.09516949951648712 0.3706607222557068
vn -0.9238795042037964 -0.11825568228960037 0.363953560590744
vn -0.9238795042037964 -0.14087516069412231 0.3558100461959839
vn -0.9238795042037964 -0.1629386842250824 0.3462623357772827
vn -0.9238795042037964 -0.18435914814472198 0.3353480398654938
vn -0.9238795042037964 -0.20505203306674957 0.32311031222343445
vn -0.9238795042037964 -0.22493568062782288 0.3095974028110504
vn -0.9238795042037964 -0.2439316064119339 0.29486265778541565
vn -0.9238795042037964 -0.2619648277759552 0.27896422147750854
vn -0.9238795042037964 -0.27896422147750854 0.2619648277759552
vn -0.9238795042037964 -0.29486265778541565 0.2439316064119339
vn -0.9238795042037964 -0.3095974028110504 0.22493568062782288
vn -0.9238795042037964 -0.32311031222343445 0.20505203306674957
vn -0.9238795042037964 -0.3353480398654938 0.18435914814472198
vn -0.9238795042037964 -0.3462623357772827 0.1629386842250824
vn -0.9238795042037964 -0.3558100461959839 0.14087516069412231
vn -0.9238795042037964 -0.363953560590744 0.11825568228960037
vn -0.9238795042037964 -0.3706607222557068 0.09516949951648712
vn -0.9238795042037964 -0.3759050667285919 0.07170772552490234
vn -0.9238795042037964 -0.3796658515930176 0.04796295240521431
vn -0.9238795042037964 -0.38192829489707947 0.024028891697525978
vn -0.9238795042037964 -0.3826834261417389 -1.3484465411778962e-16
vn -0.9238795042037964 -0.38192829489707947 -0.024028891697525978
vn -0.9238795042037964 -0.3796658515930176 -0.04796295240521431
vn -0.9238795042037964 -0.3759050667285919 -0.07170772552490234
vn -0.9238795042037964 -0.3706607222557068 -0.09516949951648712
vn -0.9238795042037964 -0.363953560590744 -0.11825568228960037
vn -0.9238795042037964 -0.3558100461959839 -0.14087516069412231
vn -0.9238795042037964 -0.3462623357772827 -0.1629386842250824
vn -0.9238795042037964 -0.3353480398654938 -0.18435914814472198
vn -0.9238795042037964 -0.32311031222343445 -0.20505203306674957
vn -0.9238795042037964 -0.3095974028110504 -0.22493568062782288
vn -0.9238795042037964 -0.29486265778541565 -0.2439316064119339
vn -0.9238795042037964 -0.27896422147750854 -0.2619648277759552
vn -0.9238795042037964 -0.2619648277759552 -0.27896422147750854
vn -0.9238795042037964 -0.2439316064119339 -0.29486265778541565
vn -0.9238795042037964 -0.22493568062782288 -0.3095974028110504
vn -0.9238795042037964 -0.20505203306674957 -0.32311031222343445
vn -0.9238795042037964 -0.18435914814472198 -0.3353480398654938
vn -0.9238795042037964 -0.1629386842250824 -0.3462623357772827
vn -0.9238795042037964 -0.14087516069412231 -0.3558100461959839
vn -0.9238795042037964 -0.11825568228960037 -0.363953560590744
vn -0.9238795042037964 -0.09516949951648712 -0.3706607222557068
vn -0.9238795042037964 -0.07170772552490234 -0.3759050667285919
vn -0.9238795042037964 -0.04796295240521431 -0.3796658515930176
vn -0.9238795042037964 -0.024028891697525978 -0.38192829489707947
vn -0.9238795042037964 -9.373040939444983e-17 -0.3826834261417389
vn -0.7071067690849304 0 -0.7071067690849304
vn -0.7071067690849304 0.044399600476026535 -0.7057114839553833
vn -0.7071067690849304 0.08862397819757462 -0.7015310525894165
vn -0.7071067690849304 0.1324985921382904 -0.6945819854736328
vn -0.7071067690849304 0.1758503019809723 -0.6848917007446289
vn -0.7071067690849304 0.21850800514221191 -0.6724985241889954
vn -0.7071067690849304 0.2603033781051636 -0.6574512720108032
vn -0.7071067690849304 0.301071435213089 -0.6398093700408936
vn -0.7071067690849304 0.3406513035297394 -0.6196423768997192
vn -0.7071067690849304 0.37888675928115845 -0.597029983997345
vn -0.7071067690849304 0.4156269431114197 -0.5720614194869995
vn -0.7071067690849304 0.45072683691978455 -0.5448351502418518
vn -0.7071067690849304 0.48404788970947266 -0.5154586434364319
vn -0.7071067690849304 0.5154586434364319 -0.48404788970947266
vn -0.7071067690849304 0.5448351502418518 -0.45072683691978455
vn -0.7071067690849304 0.5720614194869995 -0.4156269431114197
vn -0.7071067690849304 0.597029983997345 -0.37888675928115845
vn -0.7071067690849304 0.6196423768997192 -0.3406513035297394
vn -0.7071067690849304 0.6398093700408936 -0.301071435213089
vn -0.7071067690849304 0.6574512720108032 -0.2603033781051636
vn -0.7071067690849304 0.6724985241889954 -0.21850800514221191
vn -0.7071067690849304 0.6848917007446289 -0.1758503019809723
vn -0.7071067690849304 0.6945819854736328 -0.1324985921382904
vn -0.7071067690849304 0.7015310525894165 -0.08862397819757462
vn -0.7071067690849304 0.7057114839553833 -0.044399600476026535
vn -0.7071067690849304 0.7071067690849304 -2.003070528158564e-16
vn -0.7071067690849304 0.7057114839553833 0.044399600476026535
vn -0.7071067690849304 0.7015310525894165 0.08862397819757462
vn -0.7071067690849304 0.6945819854736328 0.1324985921382904
vn -0.7071067690849304 0.6848917007446289 0.1758503019809723
vn -0.7071067690849304 0.6724985241889954 0.21850800514221191
vn -0.7071067690849304 0.6574512720108032 0.2603033781051636
vn -0.7071067690849304 0.6398093700408936 0.301071435213089
vn -0.7071067690849304 0.6196423768997192 0.3406513035297394
vn -0.7071067690849304 0.597029983997345 0.37888675928115845
vn -0.7071067690849304 0.5720614194869995 0.4156269431114197
vn -0.7071067690849304 0.5448351502418518 0.45072683691978455
vn -0.7071067690849304 0.5154586434364319 0.48404788970947266
vn -0.7071067690849304 0.48404788970947266 0.5154586434364319
vn -0.7071067690849304 0.45072683691978455 0.5448351502418518
vn -0.7071067690849304 0.4156269431114197 0.5720614194869995
vn -0.7071067690849304 0.37888675928115845 0.597029983997345
vn -0.7071067690849304 0.3406513035297394 0.6196423768997192
vn -0.7071067690849304 0.301071435213089 0.6398093700408936
vn -0.7071067690849304 0.2603033781051636 0.6574512720108032
vn -0.7071067690849304 0.21850800514221191 0.6724985241889954
vn -0.7071067690849304 0.1758503019809723 0.6848917007446289
vn -0.7071067690849304 0.1324985921382904 0.6945819854736328
vn -0.7071067690849304 0.08862397819757462 0.7015310525894165
vn -0.7071067690849304 0.044399600476026535 0.7057114839553833
vn -0.7071067690849304 8.659560603426554e-17 0.7071067690849304
vn -0.7071067690849304 -0.044399600476026535 0.7057114839553833
vn -0.7071067690849304 -0.08862397819757462 0.7015310525894165
vn -0.7071067690849304 -0.1324985921382904 0.6945819854736328
vn -0.7071067690849304 -0.1758503019809723 0.6848917007446289
vn -0.7071067690849304 -0.21850800514221191 0.6724985241889954
vn -0.7071067690849304 -0.2603033781051636 0.6574512720108032
vn -0.7071067690849304 -0.301071435213089 0.6398093700408936
vn -0.7071067690849304 -0.3406513035297394 0.6196423768997192
vn -0.7071067690849304 -0.37888675928115845 0.597029983997345
vn -0.7071067690849304 -0.4156269431114197 0.5720614194869995
vn -0.7071067690849304 -0.45072683691978455 0.5448351502418518
vn -0.7071067690849304 -0.48404788970947266 0.5154586434364319
vn -0.7071067690849304 -0.5154586434364319 0.48404788970947266
vn -0.7071067690849304 -0.5448351502418518 0.45072683691978455
vn -0.7071067690849304 -0.5720614194869995 0.4156269431114197
vn -0.7071067690849304 -0.597029983997345 0.37888675928115845
vn -0.7071067690849304 -0.6196423768997192 0.3406513035297394
vn -0.7071067690849304 -0.6398093700408936 0.301071435213089
vn -0.7071067690849304 -0.6574512720108032 0.2603033781051636
vn -0.7071067690849304 -0.6724985241889954 0.21850800514221191
vn -0.7071067690849304 -0.6848917007446289 0.1758503019809723
vn -0.7071067690849304 -0.6945819854736328 0.1324985921382904
vn -0.7071067690849304 -0.7015310525894165 0.08862397819757462
vn -0.7071067690849304 -0.7057114839553833 0.044399600476026535
vn -0.7071067690849304 -0.7071067690849304 -2.7115840747325302e-17
vn -0.7071067690849304 -0.7057114839553833 -0.044399600476026535
vn -0.7071067690849304 -0.7015310525894165 -0.08862397819757462
vn -0.7071067690849304 -0.6945819854736328 -0.1324985921382904
vn -0.7071067690849304 -0.6848917007446289 -0.1758503019809723
vn -0.7071067690849304 -0.6724985241889954 -0.21850800514221191
vn -0.7071067690849304 -0.6574512720108032 -0.2603033781051636
vn -0.7071067690849304 -0.6398093700408936 -0.301071435213089
vn -0.7071067690849304 -0.6196423768997192 -0.3406513035297394
vn -0.7071067690849304 -0.597029983997345 -0.37888675928115845
vn -0.7071067690849304 -0.5720614194869995 -0.4156269431114197
vn -0.7071067690849304 -0.5448351502418518 -0.45072683691978455
vn -0.7071067690849304 -0.5154586434364319 -0.48404788970947266
vn -0.7071067690849304 -0.48404788970947266 -0.5154586434364319
vn -0.7071067690849304 -0.45072683691978455 -0.5448351502418518
vn -0.7071067690849304 -0.4156269431114197 -0.5720614194869995
vn -0.7071067690849304 -0.37888675928115845 -0.597029983997345
vn -0.7071067690849304 -0.3406513035297394 -0.6196423768997192
vn -0.7071067690849304 -0.301071435213089 -0.6398093700408936
vn -0.7071067690849304 -0.2603033781051636 -0.6574512720108032
vn -0.7071067690849304 -0.21850800514221191 -0.6724985241889954
vn -0.7071067690849304 -0.1758503019809723 -0.6848917007446289
vn -0.7071067690849304 -0.1324985921382904 -0.6945819854736328
vn -0.7071067690849304 -0.08862397819757462 -0.7015310525894165
vn -0.7071067690849304 -0.044399600476026535 -0.7057114839553833
vn -0.7071067690849304 -1.7319121206853109e-16 -0.7071067690849304
vn -0.3826834261417389 0 -0.9238795042037964
vn -0.3826834261417389 0.058010876178741455 -0.9220564961433411
vn -0.3826834261417389 0.11579281091690063 -0.9165944457054138
vn -0.3826834261417389 0.1731177568435669 -0.9075151085853577
vn -0.3826834261417389 0.22975949943065643 -0.8948541283607483
vn -0.3826834261417389 0.28549447655677795 -0.8786616325378418
vn -0.3826834261417389 0.3401027321815491 -0.8590014576911926
vn -0.3826834261417389 0.39336878061294556 -0.8359512090682983
vn -0.3826834261417389 0.4450823664665222 -0.8096017837524414
vn -0.3826834261417389 0.4950394034385681 -0.7800573110580444
vn -0.3826834261417389 0.543042778968811 -0.7474342584609985
vn -0.3826834261417389 0.5889029502868652 -0.7118614315986633
vn -0.3826834261417389 0.6324390769004822 -0.6734791994094849
vn -0.3826834261417389 0.6734791994094849 -0.6324390769004822
vn -0.3826834261417389 0.7118614315986633 -0.5889029502868652
vn -0.3826834261417389 0.7474342584609985 -0.543042778968811
vn -0.3826834261417389 0.7800573110580444 -0.4950394034385681
vn -0.3826834261417389 0.8096017837524414 -0.4450823664665222
vn -0.3826834261417389 0.8359512090682983 -0.39336878061294556
vn -0.3826834261417389 0.8590014576911926 -0.3401027321815491
vn -0.3826834261417389 0.8786616325378418 -0.28549447655677795
vn -0.3826834261417389 0.8948541283607483 -0.22975949943065643
vn -0.3826834261417389 0.9075151085853577 -0.1731177568435669
vn -0.3826834261417389 0.9165944457054138 -0.11579281091690063
vn -0.3826834261417389 0.9220564961433411 -0.058010876178741455
vn -0.3826834261417389 0.9238795042037964 -1.415441023954199e-16
vn -0.3826834261417389 0.9220564961433411 0.058010876178741455
vn -0.3826834261417389 0.9165944457054138 0.11579281091690063
vn -0.3826834261417389 0.9075151085853577 0.1731177568435669
vn -0.3826834261417389 0.8948541283607483 0.22975949943065643
vn -0.3826834261417389 0.8786616325378418 0.28549447655677795
vn -0.3826834261417389 0.8590014576911926 0.3401027321815491
vn -0.3826834261417389 0.8359512090682983 0.39336878061294556
vn -0.3826834261417389 0.8096017837524414 0.4450823664665222
vn -0.3826834261417389 0.7800573110580444 0.4950394034385681
vn -0.3826834261417389 0.7474342584609985 0.543042778968811
vn -0.3826834261417389 0.7118614315986633 0.5889029502868652
vn -0.3826834261417389 0.6734791994094849 0.6324390769004822
vn -0.3826834261417389 0.6324390769004822 0.6734791994094849
vn -0.3826834261417389 0.5889029502868652 0.7118614315986633
vn -0.3826834261417389 0.543042778968811 0.7474342584609985
vn -0.3826834261417389 0.4950394034385681 0.7800573110580444
vn -0.3826834261417389 0.4450823664665222 0.8096017837524414
vn -0.3826834261417389 0.39336878061294556 0.8359512090682983
vn -0.3826834261417389 0.3401027321815491 0.8590014576911926
vn -0.3826834261417389 0.28549447655677795 0.8786616325378418
vn -0.3826834261417389 0.22975949943065643 0.8948541283607483
vn -0.3826834261417389 0.1731177568435669 0.9075151085853577
vn -0.3826834261417389 0.11579281091690063 0.9165944457054138
vn -0.3826834261417389 0.058010876178741455 0.9220564961433411
vn -0.3826834261417389 1.1314261121795038e-16 0.9238795042037964
vn -0.3826834261417389 -0.058010876178741455 0.9220564961433411
vn -0.3826834261417389 -0.11579281091690063 0.9165944457054138
vn -0.3826834261417389 -0.1731177568435669 0.9075151085853577
vn -0.3826834261417389 -0.22975949943065643 0.8948541283607483
vn -0.3826834261417389 -0.28549447655677795 0.8786616325378418
vn -0.3826834261417389 -0.3401027321815491 0.8590014576911926
vn -0.3826834261417389 -0.39336878061294556 0.8359512090682983
vn -0.3826834261417389 -0.4450823664665222 0.8096017837524414
vn -0.3826834261417389 -0.4950394034385681 0.7800573110580444
vn -0.3826834261417389 -0.543042778968811 0.7474342584609985
vn -0.3826834261417389 -0.5889029502868652 0.7118614315986633
vn -0.3826834261417389 -0.6324390769004822 0.6734791994094849
vn -0.3826834261417389 -0.6734791994094849 0.6324390769004822
vn -0.3826834261417389 -0.7118614315986633 0.5889029502868652
vn -0.3826834261417389 -0.7474342584609985 0.543042778968811
vn -0.3826834261417389 -0.7800573110580444 0.4950394034385681
vn -0.3826834261417389 -0.8096017837524414 0.4450823664665222
vn -0.3826834261417389 -0.8359512090682983 0.39336878061294556
vn -0.3826834261417389 -0.8590014576911926 0.3401027321815491
vn -0.3826834261417389 -0.8786616325378418 0.28549447655677795
vn -0.3826834261417389 -0.8948541283607483 0.22975949943065643
vn -0.3826834261417389 -0.9075151085853577 0.1731177568435669
vn -0.3826834261417389 -0.9165944457054138 0.11579281091690063
vn -0.3826834261417389 -0.9220564961433411 0.058010876178741455
vn -0.3826834261417389 -0.9238795042037964 8.474112665792576e-17
vn -0.3826834261417389 -0.9220564961433411 -0.058010876178741455
vn -0.3826834261417389 -0.9165944457054138 -0.11579281091690063
vn -0.3826834261417389 -0.9075151085853577 -0.1731177568435669
vn -0.3826834261417389 -0.8948541283607483 -0.22975949943065643
vn -0.3826834261417389 -0.8786616325378418 -0.28549447655677795
vn -0.3826834261417389 -0.8590014576911926 -0.3401027321815491
vn -0.3826834261417389 -0.8359512090682983 -0.39336878061294556
vn -0.3826834261417389 -0.8096017837524414 -0.4450823664665222
vn -0.3826834261417389 -0.7800573110580444 -0.4950394034385681
vn -0.3826834261417389 -0.7474342584609985 -0.543042778968811
vn -0.3826834261417389 -0.7118614315986633 -0.5889029502868652
vn -0.3826834261417389 -0.6734791994094849 -0.6324390769004822
vn -0.3826834261417389 -0.6324390769004822 -0.6734791994094849
vn -0.3826834261417389 -0.5889029502868652 -0.7118614315986633
vn -0.3826834261417389 -0.543042778968811 -0.7474342584609985
vn -0.3826834261417389 -0.4950394034385681 -0.7800573110580444
vn -0.3826834261417389 -0.4450823664665222 -0.8096017837524414
vn -0.3826834261417389 -0.39336878061294556 -0.8359512090682983
vn -0.3826834261417389 -0.3401027321815491 -0.8590014576911926
vn -0.3826834261417389 -0.28549447655677795 -0.8786616325378418
vn -0.3826834261417389 -0.22975949943065643 -0.8948541283607483
vn -0.3826834261417389 -0.1731177568435669 -0.9075151085853577
vn -0.3826834261417389 -0.11579281091690063 -0.9165944457054138
vn -0.3826834261417389 -0.058010876178741455 -0.9220564961433411
vn -0.3826834261417389 -2.2628522243590076e-16 -0.9238795042037964
vn -2.2884765592002263e-17 0 -1
vn -2.332291985374915e-17 0.06279052048921585 -0.9980267286300659
vn -2.4635648868425906e-17 0.12533323466777802 -0.9921147227287292
vn -2.6817791029010195e-17 0.187381312251091 -0.9822872281074524
vn -2.9860703952462066e-17 0.24868988990783691 -0.9685831665992737
vn -3.375239682862195e-17 0.30901700258255005 -0.9510565400123596
vn -3.847751718532086e-17 0.3681245446205139 -0.9297764897346497
vn -4.40174038279396e-17 0.4257792830467224 -0.9048270583152771
vn -5.0350205953416977e-17 0.4817536771297455 -0.8763066530227661
vn -5.745090962002938e-17 0.5358268022537231 -0.8443279266357422
vn -6.529150980095821e-17 0.5877852439880371 -0.80901700258255
vn -7.38410633238491e-17 0.6374239921569824 -0.7705132365226746
vn -8.306582121970986e-17 0.6845471262931824 -0.728968620300293
vn -9.292937430669838e-17 0.728968620300293 -0.6845471262931824
vn -1.0339281200880015e-16 0.7705132365226746 -0.6374239921569824
vn -1.1441482823494674e-16 0.80901700258255 -0.5877852439880371
vn -1.2595191990236274e-16 0.8443279266357422 -0.5358268022537231
vn -1.3795857222502304e-16 0.8763066530227661 -0.4817536771297455
vn -1.50387377827661e-16 0.9048270583152771 -0.4257792830467224
vn -1.631893014435645e-16 0.9297764897346497 -0.3681245446205139
vn -1.7631381226347387e-16 0.9510565400123596 -0.30901700258255005
vn -1.897091221635984e-16 0.9685831665992737 -0.24868988990783691
vn -2.033223709940735e-16 0.9822872281074524 -0.187381312251091
vn -2.1709979863252811e-16 0.9921147227287292 -0.12533323466777802
vn -2.309870758563298e-16 0.9980267286300659 -0.06279052048921585
vn -2.4492937051703357e-16 1 -6.123234262925839e-17
vn -2.5887166517773736e-16 0.9980267286300659 0.06279052048921585
vn -2.7275892916664923e-16 0.9921147227287292 0.12533323466777802
vn -2.8653639650977325e-16 0.9822872281074524 0.187381312251091
vn -3.0014961887046875e-16 0.9685831665992737 0.24868988990783691
vn -3.1354491553570348e-16 0.9510565400123596 0.30901700258255005
vn -3.2666942635561284e-16 0.9297764897346497 0.3681245446205139
vn -3.3947134997151633e-16 0.9048270583152771 0.4257792830467224
vn -3.519001820439339e-16 0.8763066530227661 0.4817536771297455
vn -3.639068211317044e-16 0.8443279266357422 0.5358268022537231
vn -3.754439127991204e-16 0.80901700258255 0.5877852439880371
vn -3.86465929025267e-16 0.7705132365226746 0.6374239921569824
vn -3.9692935349247896e-16 0.728968620300293 0.6845471262931824
vn -4.067929198143573e-16 0.6845471262931824 0.728968620300293
vn -4.1601769094510785e-16 0.6374239921569824 0.7705132365226746
vn -4.2456721799821913e-16 0.5877852439880371 0.80901700258255
vn -4.3240783141403776e-16 0.5358268022537231 0.8443279266357422
vn -4.3950853508065017e-16 0.4817536771297455 0.8763066530227661
vn -4.458413504410173e-16 0.4257792830467224 0.9048270583152771
vn -4.513812106138565e-16 0.3681245446205139 0.9297764897346497
vn -4.561063309705554e-16 0.30901700258255005 0.9510565400123596
vn -4.599980238467153e-16 0.24868988990783691 0.9685831665992737
vn -4.630409367701671e-16 0.187381312251091 0.9822872281074524
vn -4.65223105400531e-16 0.12533323466777802 0.9921147227287292
vn -4.665357947105384e-16 0.06279052048921585 0.9980267286300659
vn -4.669739754420649e-16 1.2246468525851679e-16 1
vn -4.665357947105384e-16 -0.06279052048921585 0.9980267286300659
vn -4.65223105400531e-16 -0.12533323466777802 0.9921147227287292
vn -4.630409367701671e-16 -0.187381312251091 0.9822872281074524
vn -4.599980238467153e-16 -0.24868988990783691 0.9685831665992737
vn -4.561063309705554e-16 -0.30901700258255005 0.9510565400123596
vn -4.513812106138565e-16 -0.3681245446205139 0.9297764897346497
vn -4.458413504410173e-16 -0.4257792830467224 0.9048270583152771
vn -4.3950853508065017e-16 -0.4817536771297455 0.8763066530227661
vn -4.3240783141403776e-16 -0.5358268022537231 0.8443279266357422
vn -4.2456721799821913e-16 -0.5877852439880371 0.80901700258255
vn -4.1601769094510785e-16 -0.6374239921569824 0.7705132365226746
vn -4.067929198143573e-16 -0.6845471262931824 0.728968620300293
vn -3.9692935349247896e-16 -0.728968620300293 0.6845471262931824
vn -3.86465929025267e-16 -0.7705132365226746 0.6374239921569824
vn -3.754439127991204e-16 -0.80901700258255 0.5877852439880371
vn -3.639068211317044e-16 -0.8443279266357422 0.5358268022537231
vn -3.519001820439339e-16 -0.8763066530227661 0.4817536771297455
vn -3.3947134997151633e-16 -0.9048270583152771 0.4257792830467224
vn -3.2666942635561284e-16 -0.9297764897346497 0.3681245446205139
vn -3.1354491553570348e-16 -0.9510565400123596 0.30901700258255005
vn -3.0014961887046875e-16 -0.9685831665992737 0.24868988990783691
vn -2.8653639650977325e-16 -0.9822872281074524 0.187381312251091
vn -2.7275892916664923e-16 -0.9921147227287292 0.12533323466777802
vn -2.5887166517773736e-16 -0.9980267286300659 0.06279052048921585
vn -2.4492937051703357e-16 -1 1.8369701465288538e-16
vn -2.309870758563298e-16 -0.9980267286300659 -0.06279052048921585
vn -2.1709979863252811e-16 -0.9921147227287292 -0.12533323466777802
vn -2.033223709940735e-16 -0.9822872281074524 -0.187381312251091
vn -1.897091221635984e-16 -0.9685831665992737 -0.24868988990783691
vn -1.7631381226347387e-16 -0.9510565400123596 -0.30901700258255005
vn -1.631893014435645e-16 -0.9297764897346497 -0.3681245446205139
vn -1.50387377827661e-16 -0.9048270583152771 -0.4257792830467224
vn -1.3795857222502304e-16 -0.8763066530227661 -0.4817536771297455
vn -1.2595191990236274e-16 -0.8443279266357422 -0.5358268022537231
vn -1.1441482823494674e-16 -0.80901700258255 -0.5877852439880371
vn -1.0339281200880015e-16 -0.7705132365226746 -0.6374239921569824
vn -9.292937430669838e-17 -0.728968620300293 -0.6845471262931824
vn -8.306582121970986e-17 -0.6845471262931824 -0.728968620300293
vn -7.38410633238491e-17 -0.6374239921569824 -0.7705132365226746
vn -6.529150980095821e-17 -0.5877852439880371 -0.80901700258255
vn -5.745090962002938e-17 -0.5358268022537231 -0.8443279266357422
vn -5.0350205953416977e-17 -0.4817536771297455 -0.8763066530227661
vn -4.40174038279396e-17 -0.4257792830467224 -0.9048270583152771
vn -3.847751718532086e-17 -0.3681245446205139 -0.9297764897346497
vn -3.375239682862195e-17 -0.30901700258255005 -0.9510565400123596
vn -2.9860703952462066e-17 -0.24868988990783691 -0.9685831665992737
vn -2.6817791029010195e-17 -0.187381312251091 -0.9822872281074524
vn -2.4635648868425906e-17 -0.12533323466777802 -0.9921147227287292
vn -2.332291985374915e-17 -0.06279052048921585 -0.9980267286300659
vn -2.2884765592002263e-17 -2.4492937051703357e-16 -1
f 102/102/102 1/1/1 103/103/103
f 1/1/1 2/2/2 103/103/103
f 103/103/103 2/2/2 104/104/104
f 2/2/2 3/3/3 104/104/104
f 104/104/104 3/3/3 105/105/105
f 3/3/3 4/4/4 105/105/105
f 105/105/105 4/4/4 106/106/106
f 4/4/4 5/5/5 106/106/106
f 106/106/106 5/5/5 107/107/107
f 5/5/5 6/6/6 107/107/107
f 107/107/107 6/6/6 108/108/108
f 6/6/6 7/7/7 108/108/108
f 108/108/108 7/7/7 109/109/109
f 7/7/7 8/8/8 109/109/109
f 109/109/109 8/8/8 110/110/110
f 8/8/8 9/9/9 110/110/110
f 110/110/110 9/9/9 111/111/111
f 9/9/9 10/10/10 111/111/111
f 111/111/111 10/10/10 112/112/112
f 10/10/10 11/11/11 112/112/112
f 112/112/112 11/11/11 113/113/113
f 11/11/11 12/12/12 113/113/113
f 113/113/113 12/12/12 114/114/114
f 12/12/12 13/13/13 114/114/114
f 114/114/114 13/13/13 115/115/115
f 13/13/13 14/14/14 115/115/115
f 115/115/115 14/14/14 116/116/116
f 14/14/14 15/15/15 116/116/116
f 116/116/116 15/15/15 117/117/117
f 15/15/15 16/16/16 117/117/117
f 117/117/117 16/16/16 118/118/118
f 16/16/16 17/17/17 118/118/118
f 118/118/118 17/17/17 119/119/119
f 17/17/17 18/18/18 119/119/119
f 119/119/119 18/18/18 120/120/120
f 18/18/18 19/19/19 120/120/120
f 120/120/120 19/19/19 121/121/121
f 19/19/19 20/20/20 121/121/121
f 121/121/121 20/20/20 122/122/122
f 20/20/20 21/21/21 122/122/122
f 122/122/122 21/21/21 123/123/123
f 21/21/21 22/22/22 123/123/123
f 123/123/123 22/22/22 124/124/124
f 22/22/22 23/23/23 124/124/124
f 124/124/124 23/23/23 125/125/125
f 23/23/23 24/24/24 125/125/125
f 125/125/125 24/24/24 126/126/126
f 24/24/24 25/25/25 126/126/126
f 126/126/126 25/25/25 127/127/127
f 25/25/25 26/26/26 127/127/127
f 127/127/127 26/26/26 128/128/128
f 26/26/26 27/27/27 128/128/128
f 128/128/128 27/27/27 129/129/129
f 27/27/27 28/28/28 129/129/129
f 129/129/129 28/28/28 130/130/130
f 28/28/28 29/29/29 130/130/130
f 130/130/130 29/29/29 131/131/131
f 29/29/29 30/30/30 131/131/131
f 131/131/131 30/30/30 132/132/132
f 30/30/30 31/31/31 132/132/132
f 132/132/132 31/31/31 133/133/133
f 31/31/31 32/32/32 133/133/133
f 133/133/133 32/32/32 134/134/134
f 32/32/32 33/33/33 134/134/134
f 134/134/134 33/33/33 135/135/135
f 33/33/33 34/34/34 135/135/135
f 135/135/135 34/34/34 136/136/136
f 34/34/34 35/35/35 136/136/136
f 136/136/136 35/35/35 137/137/137
f 35/35/35 36/36/36 137/137/137
f 137/137/137 36/36/36 138/138/138
f 36/36/36 37/37/37 138/138/138
f 138/138/138 37/37/37 139/139/139
f 37/37/37 38/38/38 139/139/139
f 139/139/139 38/38/38 140/140/140
f 38/38/38 39/39/39 140/140/140
f 140/140/140 39/39/39 141/141/141
f 39/39/39 40/40/40 141/141/141
f 141/141/141 40/40/40 142/142/142
f 40/40/40 41/41/41 142/142/142
f 142/142/142 41/41/41 143/143/143
f 41/41/41 42/42/42 143/143/143
f 143/143/143 42/42/42 144/144/144
f 42/42/42 43/43/43 144/144/144
f 144/144/144 43/43/43 145/145/145
f 43/43/43 44/44/44 145/145/145
f 145/145/145 44/44/44 146/146/146
f 44/44/44 45/45/45 146/146/146
f 146/146/146 45/45/45 147/147/147
f 45/45/45 46/46/46 147/147/147
f 147/147/147 46/46/46 148/148/148
f 46/46/46 47/47/47 148/148/148
f 148/148/148 47/47/47 149/149/149
f 47/47/47 48/48/48 149/149/149
f 149/149/149 48/48/48 150/150/150
f 48/48/48 49/49/49 150/150/150
f 150/150/150 49/49/49 151/151/151
f 49/49/49 50/50/50 151/151/151
f 151/151/151 50/50/50 152/152/152
f 50/50/50 51/51/51 152/152/152
f 152/152/152 51/51/51 153/153/153
f 51/51/51 52/52/52 153/153/153
f 153/153/153 52/52/52 154/154/154
f 52/52/52 53/53/53 154/154/154
f 154/154/154 53/53/53 155/155/155
f 53/53/53 54/54/54 155/155/155
f 155/155/155 54/54/54 156/156/156
f 54/54/54 55/55/55 156/156/156
f 156/156/156 55/55/55 157/157/157
f 55/55/55 56/56/56 157/157/157
f 157/157/157 56/56/56 158/158/158
f 56/56/56 57/57/57 158/158/158
f 158/158/158 57/57/57 159/159/159
f 57/57/57 58/58/58 159/159/159
f 159/159/159 58/58/58 160/160/160
f 58/58/58 59/59/59 160/160/160
f 160/160/160 59/59/59 161/161/161
f 59/59/59 60/60/60 161/161/161
f 161/161/161 60/60/60 162/162/162
f 60/60/60 61/61/61 162/162/162
f 162/162/162 61/61/61 163/163/163
f 61/61/61 62/62/62 163/163/163
f 163/163/163 62/62/62 164/164/164
f 62/62/62 63/63/63 164/164/164
f 164/164/164 63/63/63 165/165/165
f 63/63/63 64/64/64 165/165/165
f 165/165/165 64/64/64 166/166/166
f 64/64/64 65/65/65 166/166/166
f 166/166/166 65/65/65 167/167/167
f 65/65/65 66/66/66 167/167/167
f 167/167/167 66/66/66 168/168/168
f 66/66/66 67/67/67 168/168/168
f 168/168/168 67/67/67 169/169/169
f 67/67/67 68/68/68 169/169/169
f 169/169/169 68/68/68 170/170/170
f 68/68/68 69/69/69 170/170/170
f 170/170/170 69/69/69 171/171/171
f 69/69/69 70/70/70 171/171/171
f 171/171/171 70/70/70 172/172/172
f 70/70/70 71/71/71 172/172/172
f 172/172/172 71/71/71 173/173/173
f 71/71/71 72/72/72 173/173/173
f 173/173/173 72/72/72 174/174/174
f 72/72/72 73/73/73 174/174/174
f 174/174/174 73/73/73 175/175/175
f 73/73/73 74/74/74 175/175/175
f 175/175/175 74/74/74 176/176/176
f 74/74/74 75/75/75 176/176/176
f 176/176/176 75/75/75 177/177/177
f 75/75/75 76/76/76 177/177/177
f 177/177/177 76/76/76 178/178/178
f 76/76/76 77/77/77 178/178/178
f 178/178/178 77/77/77 179/179/179
f 77/77/77 78/78/78 179/179/179
f 179/179/179 78/78/78 180/180/180
f 78/78/78 79/79/79 180/180/180
f 180/180/180 79/79/79 181/181/181
f 79/79/79 80/80/80 181/181/181
f 181/181/181 80/80/80 182/182/182
f 80/80/80 81/81/81 182/182/182
f 182/182/182 81/81/81 183/183/183
f 81/81/81 82/82/82 183/183/183
f 183/183/183 82/82/82 184/184/184
f 82/82/82 83/83/83 184/184/184
f 184/184/184 83/83/83 185/185/185
f 83/83/83 84/84/84 185/185/185
f 185/185/185 84/84/84 186/186/186
f 84/84/84 85/85/85 186/186/186
f 186/186/186 85/85/85 187/187/187
f 85/85/85 86/86/86 187/187/187
f 187/187/187 86/86/86 188/188/188
f 86/86/86 87/87/87 188/188/188
f 188/188/188 87/87/87 189/189/189
f 87/87/87 88/88/88 189/189/189
f 189/189/189 88/88/88 190/190/190
f 88/88/88 89/89/89 190/190/190
f 190/190/190 89/89/89 191/191/191
f 89/89/89 90/90/90 191/191/191
f 191/191/191 90/90/90 192/192/192
f 90/90/90 91/91/91 192/192/192
f 192/192/192 91/91/91 193/193/193
f 91/91/91 92/92/92 193/193/193
f 193/193/193 92/92/92 194/194/194
f 92/92/92 93/93/93 194/194/194
f 194/194/194 93/93/93 195/195/195
f 93/93/93 94/94/94 195/195/195
f 195/195/195 94/94/94 196/196/196
f 94/94/94 95/95/95 196/196/196
f 196/196/196 95/95/95 197/197/197
f 95/95/95 96/96/96 197/197/197
f 197/197/197 96/96/96 198/198/198
f 96/96/96 97/97/97 198/198/198
f 198/198/198 97/97/97 199/199/199
f 97/97/97 98/98/98 199/199/199
f 199/199/199 98/98/98 200/200/200
f 98/98/98 99/99/99 200/200/200
f 200/200/200 99/99/99 201/201/201
f 99/99/99 100/100/100 201/201/201
f 201/201/201 100/100/100 202/202/202
f 100/100/100 101/101/101 202/202/202
f 203/203/203 102/102/102 204/204/204
f 102/102/102 103/103/103 204/204/204
f 204/204/204 103/103/103 205/205/205
f 103/103/103 104/104/104 205/205/205
f 205/205/205 104/104/104 206/206/206
f 104/104/104 105/105/105 206/206/206
f 206/206/206 105/105/105 207/207/207
f 105/105/105 106/106/106 207/207/207
f 207/207/207 106/106/106 208/208/208
f 106/106/106 107/107/107 208/208/208
f 208/208/208 107/107/107 209/209/209
f 107/107/107 108/108/108 209/209/209
f 209/209/209 108/108/108 210/210/210
f 108/108/108 109/109/109 210/210/210
f 210/210/210 109/109/109 211/211/211
f 109/109/109 110/110/110 211/211/211
f 211/211/211 110/110/110 212/212/212
f 110/110/110 111/111/111 212/212/212
f 212/212/212 111/111/111 213/213/213
f 111/111/111 112/112/112 213/213/213
f 213/213/213 112/112/112 214/214/214
f 112/112/112 113/113/113 214/214/214
f 214/214/214 113/113/113 215/215/215
f 113/113/113 114/114/114 215/215/215
f 215/215/215 114/114/114 216/216/216
f 114/114/114 115/115/115 216/216/216
f 216/216/216 115/115/115 217/217/217
f 115/115/115 116/116/116 217/217/217
f 217/217/217 116/116/116 218/218/218
f 116/116/116 117/117/117 218/218/218
f 218/218/218 117/117/117 219/219/219
f 117/117/117 118/118/118 219/219/219
f 219/219/219 118/118/118 220/220/220
f 118/118/118 119/119/119 220/220/220
f 220/220/220 119/119/119 221/221/221
f 119/119/119 120/120/120 221/221/221
f 221/221/221 120/120/120 222/222/222
f 120/120/120 121/121/121 222/222/222
f 222/222/222 121/121/121 223/223/223
f 121/121/121 122/122/122 223/223/223
f 223/223/223 122/122/122 224/224/224
f 122/122/122 123/123/123 224/224/224
f 224/224/224 123/123/123 225/225/225
f 123/123/123 124/124/124 225/225/225
f 225/225/225 124/124/124 226/226/226
f 124/124/124 125/125/125 226/226/226
f 226/226/226 125/125/125 227/227/227
f 125/125/125 126/126/126 227/227/227
f 227/227/227 126/126/126 228/228/228
f 126/126/126 127/127/127 228/228/228
f 228/228/228 127/127/127 229/229/229
f 127/127/127 128/128/128 229/229/229
f 229/229/229 128/128/128 230/230/230
f 128/128/128 129/129/129 230/230/230
f 230/230/230 129/129/129 231/231/231
f 129/129/129 130/130/130 231/231/231
f 231/231/231 130/130/130 232/232/232
f 130/130/130 131/131/131 232/232/232
f 232/232/232 131/131/131 233/233/233
f 131/131/131 132/132/132 233/233/233
f 233/233/233 132/132/132 234/234/234
f 132/132/132 133/133/133 234/234/234
f 234/234/234 133/133/133 235/235/235
f 133/133/133 134/134/134 235/235/235
f 235/235/235 134/134/134 236/236/236
f 134/134/134 135/135/135 236/236/236
f 236/236/236 135/135/135 237/237/237
f 135/135/135 136/136/136 237/237/237
f 237/237/237 136/136/136 238/238/238
f 136/136/136 137/137/137 238/238/238
f 238/238/238 137/137/137 239/239/239
f 137/137/137 138/138/138 239/239/239
f 239/239/239 138/138/138 240/240/240
f 138/138/138 139/139/139 240/240/240
f 240/240/240 139/139/139 241/241/241
f 139/139/139 140/140/140 241/241/241
f 241/241/241 140/140/140 242/242/242
f 140/140/140 141/141/141 242/242/242
f 242/242/242 141/141/141 243/243/243
f 141/141/141 142/142/142 243/243/243
f 243/243/243 142/142/142 244/244/244
f 142/142/142 143/143/143 244/244/244
f 244/244/244 143/143/143 245/245/245
f 143/143/143 144/144/144 245/245/245
f 245/245/245 144/144/144 246/246/246
f 144/144/144 145/145/145 246/246/246
f 246/246/246 145/145/145 247/247/247
f 145/145/145 146/146/146 247/247/247
f 247/247/247 146/146/146 248/248/248
f 146/146/146 147/147/147 248/248/248
f 248/248/248 147/147/147 249/249/249
f 147/147/147 148/148/148 249/249/249
f 249/249/249 148/148/148 250/250/250
f 148/148/148 149/149/149 250/250/250
f 250/250/250 149/149/149 251/251/251
f 149/149/149 150/150/150 251/251/251
f 251/251/251 150/150/150 252/252/252
f 150/150/150 151/151/151 252/252/252
f 252/252/252 151/151/151 253/253/253
f 151/151/151 152/152/152 253/253/253
f 253/253/253 152/152/152 254/254/254
f 152/152/152 153/153/153 254/254/254
f 254/254/254 153/153/153 255/255/255
f 153/153/153 154/154/154 255/255/255
f 255/255/255 154/154/154 256/256/256
f 154/154/154 155/155/155 256/256/256
f 256/256/256 155/155/155 257/257/257
f 155/155/155 156/156/156 257/257/257
f 257/257/257 156/156/156 258/258/258
f 156/156/156 157/157/157 258/258/258
f 258/258/258 157/157/157 259/259/259
f 157/157/157 158/158/158 259/259/259
f 259/259/259 158/158/158 260/260/260
f 158/158/158 159/159/159 260/260/260
f 260/260/260 159/159/159 261/261/261
f 159/159/159 160/160/160 261/261/261
f 261/261/261 160/160/160 262/262/262
f 160/160/160 161/161/161 262/262/262
f 262/262/262 161/161/161 263/263/263
f 161/161/161 162/162/162 263/263/263
f 263/263/263 162/162/162 264/264/264
f 162/162/162 163/163/163 264/264/264
f 264/264/264 163/163/163 265/265/265
f 163/163/163 164/164/164 265/265/265
f 265/265/265 164/164/164 266/266/266
f 164/164/164 165/165/165 266/266/266
f 266/266/266 165/165/165 267/267/267
f 165/165/165 166/166/166 267/267/267
f 267/267/267 166/166/166 268/268/268
f 166/166/166 167/167/167 268/268/268
f 268/268/268 167/167/167 269/269/269
f 167/167/167 168/168/168 269/269/269
f 269/269/269 168/168/168 270/270/270
f 168/168/168 169/169/169 270/270/270
f 270/270/270 169/169/169 271/271/271
f 169/169/169 170/170/170 271/271/271
f 271/271/271 170/170/170 272/272/272
f 170/170/170 171/171/171 272/272/272
f 272/272/272 171/171/171 273/273/273
f 171/171/171 172/172/172 273/273/273
f 273/273/273 172/172/172 274/274/274
f 172/172/172 173/173/173 274/274/274
f 274/274/274 173/173/173 275/275/275
f 173/173/173 174/174/174 275/275/275
f 275/275/275 174/174/174 276/276/276
f 174/174/174 175/175/175 276/276/276
f 276/276/276 175/175/175 277/277/277
f 175/175/175 176/176/176 277/277/277
f 277/277/277 176/176/176 278/278/278
f 176/176/176 177/177/177 278/278/278
f 278/278/278 177/177/177 279/279/279
f 177/177/177 178/178/178 279/279/279
f 279/279/279 178/178/178 280/280/280
f 178/178/178 179/179/179 280/280/280
f 280/280/280 179/179/179 281/281/281
f 179/179/179 180/180/180 281/281/281
f 281/281/281 180/180/180 282/282/282
f 180/180/180 181/181/181 282/282/282
f 282/282/282 181/181/181 283/283/283
f 181/181/181 182/182/182 283/283/283
f 283/283/283 182/182/182 284/284/284
f 182/182/182 183/183/183 284/284/284
f 284/284/284 183/183/183 285/285/285
f 183/183/183 184/184/184 285/285/285
f 285/285/285 184/184/184 286/286/286
f 184/184/184 185/185/185 286/286/286
f 286/286/286 185/185/185 287/287/287
f 185/185/185 186/186/186 287/287/287
f 287/287/287 186/186/186 288/288/288
f 186/186/186 187/187/187 288/288/288
f 288/288/288 187/187/187 289/289/289
f 187/187/187 188/188/188 289/289/289
f 289/289/289 188/188/188 290/290/290
f 188/188/188 189/189/189 290/290/290
f 290/290/290 189/189/189 291/291/291
f 189/189/189 190/190/190 291/291/291
f 291/291/291 190/190/190 292/292/292
f 190/190/190 191/191/191 292/292/292
f 292/292/292 191/191/191 293/293/293
f 191/191/191 192/192/192 293/293/293
f 293/293/293 192/192/192 294/294/294
f 192/192/192 193/193/193 294/294/294
f 294/294/294 193/193/193 295/295/295
f 193/193/193 194/194/194 295/295/295
f 295/295/295 194/194/194 296/296/296
f 194/194/194 195/195/195 296/296/296
f 296/296/296 195/195/195 297/297/297
f 195/195/195 196/196/196 297/297/297
f 297/297/297 196/196/196 298/298/298
f 196/196/196 197/197/197 298/298/298
f 298/298/298 197/197/197 299/299/299
f 197/197/197 198/198/198 299/299/299
f 299/299/299 198/198/198 300/300/300
f 198/198/198 199/199/199 300/300/300
f 300/300/300 199/199/199 301/301/301
f 199/199/199 200/200/200 301/301/301
f 301/301/301 200/200/200 302/302/302
f 200/200/200 201/201/201 302/302/302
f 302/302/302 201/201/201 303/303/303
f 201/201/201 202/202/202 303/303/303
f 304/304/304 203/203/203 305/305/305
f 203/203/203 204/204/204 305/305/305
f 305/305/305 204/204/204 306/306/306
f 204/204/204 205/205/205 306/306/306
f 306/306/306 205/205/205 307/307/307
f 205/205/205 206/206/206 307/307/307
f 307/307/307 206/206/206 308/308/308
f 206/206/206 207/207/207 308/308/308
f 308/308/308 207/207/207 309/309/309
f 207/207/207 208/208/208 309/309/309
f 309/309/309 208/208/208 310/310/310
f 208/208/208 209/209/209 310/310/310
f 310/310/310 209/209/209 311/311/311
f 209/209/209 210/210/210 311/311/311
f 311/311/311 210/210/210 312/312/312
f 210/210/210 211/211/211 312/312/312
f 312/312/312 211/211/211 313/313/313
f 211/211/211 212/212/212 313/313/313
f 313/313/313 212/212/212 314/314/314
f 212/212/212 213/213/213 314/314/314
f 314/314/314 213/213/213 315/315/315
f 213/213/213 214/214/214 315/315/315
f 315/315/315 214/214/214 316/316/316
f 214/214/214 215/215/215 316/316/316
f 316/316/316 215/215/215 317/317/317
f 215/215/215 216/216/216 317/317/317
f 317/317/317 216/216/216 318/318/318
f 216/216/216 217/217/217 318/318/318
f 318/318/318 217/217/217 319/319/319
f 217/217/217 218/218/218 319/319/319
f 319/319/319 218/218/218 320/320/320
f 218/218/218 219/219/219 320/320/320
f 320/320/320 219/219/219 321/321/321
f 219/219/219 220/220/220 321/321/321
f 321/321/321 220/220/220 322/322/322
f 220/220/220 221/221/221 322/322/322
f 322/322/322 221/221/221 323/323/323
f 221/221/221 222/222/222 323/323/323
f 323/323/323 222/222/222 324/324/324
f 222/222/222 223/223/223 324/324/324
f 324/324/324 223/223/223 325/325/325
f 223/223/223 224/224/224 325/325/325
f 325/325/325 224/224/224 326/326/326
f 224/224/224 225/225/225 326/326/326
f 326/326/326 225/225/225 327/327/327
f 225/225/225 226/226/226 327/327/327
f 327/327/327 226/226/226 328/328/328
f 226/226/226 227/227/227 328/328/328
f 328/328/328 227/227/227 329/329/329
f 227/227/227 228/228/228 329/329/329
f 329/329/329 228/228/228 330/330/330
f 228/228/228 229/229/229 330/330/330
f 330/330/330 229/229/229 331/331/331
f 229/229/229 230/230/230 331/331/331
f 331/331/331 230/230/230 332/332/332
f 230/230/230 231/231/231 332/332/332
f 332/332/332 231/231/231 333/333/333
f 231/231/231 232/232/232 333/333/333
f 333/333/333 232/232/232 334/334/334
f 232/232/232 233/233/233 334/334/334
f 334/334/334 233/233/233 335/335/335
f 233/233/233 234/234/234 335/335/335
f 335/335/335 234/234/234 336/336/336
f 234/234/234 235/235/235 336/336/336
f 336/336/336 235/235/235 337/337/337
f 235/235/235 236/236/236 337/337/337
f 337/337/337 236/236/236 338/338/338
f 236/236/236 237/237/237 338/338/338
f 338/338/338 237/237/237 339/339/339
f 237/237/237 238/238/238 339/339/339
f 339/339/339 238/238/238 340/340/340
f 238/238/238 239/239/239 340/340/340
f 340/340/340 239/239/239 341/341/341
f 239/239/239 240/240/240 341/341/341
f 341/341/341 240/240/240 342/342/342
f 240/240/240 241/241/241 342/342/342
f 342/342/342 241/241/241 343/343/343
f 241/241/241 242/242/242 343/343/343
f 343/343/343 242/242/242 344/344/344
f 242/242/242 243/243/243 344/344/344
f 344/344/344 243/243/243 345/345/345
f 243/243/243 244/244/244 345/345/345
f 345/345/345 244/244/244 346/346/346
f 244/244/244 245/245/245 346/346/346
f 346/346/346 245/245/245 347/347/347
f 245/245/245 246/246/246 347/347/347
f 347/347/347 246/246/246 348/348/348
f 246/246/246 247/247/247 348/348/348
f 348/348/348 247/247/247 349/349/349
f 247/247/247 248/248/248 349/349/349
f 349/349/349 248/248/248 350/350/350
f 248/248/248 249/249/249 350/350/350
f 350/350/350 249/249/249 351/351/351
f 249/249/249 250/250/250 351/351/351
f 351/351/351 250/250/250 352/352/352
f 250/250/250 251/251/251 352/352/352
f 352/352/352 251/251/251 353/353/353
f 251/251/251 252/252/252 353/353/353
f 353/353/353 252/252/252 354/354/354
f 252/252/252 253/253/253 354/354/354
f 354/354/354 253/253/253 355/355/355
f 253/253/253 254/254/254 355/355/355
f 355/355/355 254/254/254 356/356/356
f 254/254/254 255/255/255 356/356/356
f 356/356/356 255/255/255 357/357/357
f 255/255/255 256/256/256 357/357/357
f 357/357/357 256/256/256 358/358/358
f 256/256/256 257/257/257 358/358/358
f 358/358/358 257/257/257 359/359/359
f 257/257/257 258/258/258 359/359/359
f 359/359/359 258/258/258 360/360/360
f 258/258/258 259/259/259 360/360/360
f 360/360/360 259/259/259 361/361/361
f 259/259/259 260/260/260 361/361/361
f 361/361/361 260/260/260 362/362/362
f 260/260/260 261/261/261 362/362/362
f 362/362/362 261/261/261 363/363/363
f 261/261/261 262/262/262 363/363/363
f 363/363/363 262/262/262 364/364/364
f 262/262/262 263/263/263 364/364/364
f 364/364/364 263/263/263 365/365/365
f 263/263/263 264/264/264 365/365/365
f 365/365/365 264/264/264 366/366/366
f 264/264/264 265/265/265 366/366/366
f 366/366/366 265/265/265 367/367/367
f 265/265/265 266/266/266 367/367/367
f 367/367/367 266/266/266 368/368/368
f 266/266/266 267/267/267 368/368/368
f 368/368/368 267/267/267 369/369/369
f 267/267/267 268/268/268 369/369/369
f 369/369/369 268/268/268 370/370/370
f 268/268/268 269/269/269 370/370/370
f 370/370/370 269/269/269 371/371/371
f 269/269/269 270/270/270 371/371/371
f 371/371/371 270/270/270 372/372/372
f 270/270/270 271/271/271 372/372/372
f 372/372/372 271/271/271 373/373/373
f 271/271/271 272/272/272 373/373/373
f 373/373/373 272/272/272 374/374/374
f 272/272/272 273/273/273 374/374/374
f 374/374/374 273/273/273 375/375/375
f 273/273/273 274/274/274 375/375/375
f 375/375/375 274/274/274 376/376/376
f 274/274/274 275/275/275 376/376/376
f 376/376/376 275/275/275 377/377/377
f 275/275/275 276/276/276 377/377/377
f 377/377/377 276/276/276 378/378/378
f 276/276/276 277/277/277 378/378/378
f 378/378/378 277/277/277 379/379/379
f 277/277/277 278/278/278 379/379/379
f 379/379/379 278/278/278 380/380/380
f 278/278/278 279/279/279 380/380/380
f 380/380/380 279/279/279 381/381/381
f 279/279/279 280/280/280 381/381/381
f 381/381/381 280/280/280 382/382/382
f 280/280/280 281/281/281 382/382/382
f 382/382/382 281/281/281 383/383/383
f 281/281/281 282/282/282 383/383/383
f 383/383/383 282/282/282 384/384/384
f 282/282/282 283/283/283 384/384/384
f 384/384/384 283/283/283 385/385/385
f 283/283/283 284/284/284 385/385/385
f 385/385/385 284/284/284 386/386/386
f 284/284/284 285/285/285 386/386/386
f 386/386/386 285/285/285 387/387/387
f 285/285/285 286/286/286 387/387/387
f 387/387/387 286/286/286 388/388/388
f 286/286/286 287/287/287 388/388/388
f 388/388/388 287/287/287 389/389/389
f 287/287/287 288/288/288 389/389/389
f 389/389/389 288/288/288 390/390/390
f 288/288/288 289/289/289 390/390/390
f 390/390/390 289/289/289 391/391/391
f 289/289/289 290/290/290 391/391/391
f 391/391/391 290/290/290 392/392/392
f 290/290/290 291/291/291 392/392/392
f 392/392/392 291/291/291 393/393/393
f 291/291/291 292/292/292 393/393/393
f 393/393/393 292/292/292 394/394/394
f 292/292/292 293/293/293 394/394/394
f 394/394/394 293/293/293 395/395/395
f 293/293/293 294/294/294 395/395/395
f 395/395/395 294/294/294 396/396/396
f 294/294/294 295/295/295 396/396/396
f 396/396/396 295/295/295 397/397/397
f 295/295/295 296/296/296 397/397/397
f 397/397/397 296/296/296 398/398/398
f 296/296/296 297/297/297 398/398/398
f 398/398/398 297/297/297 399/399/399
f 297/297/297 298/298/298 399/399/399
f 399/399/399 298/298/298 400/400/400
f 298/298/298 299/299/299 400/400/400
f 400/400/400 299/299/299 401/401/401
f 299/299/299 300/300/300 401/401/401
f 401/401/401 300/300/300 402/402/402
f 300/300/300 301/301/301 402/402/402
f 402/402/402 301/301/301 403/403/403
f 301/301/301 302/302/302 403/403/403
f 403/403/403 302/302/302 404/404/404
f 302/302/302 303/303/303 404/404/404
f 405/405/405 304/304/304 406/406/406
f 304/304/304 305/305/305 406/406/406
f 406/406/406 305/305/305 407/407/407
f 305/305/305 306/306/306 407/407/407
f 407/407/407 306/306/306 408/408/408
f 306/306/306 307/307/307 408/408/408
f 408/408/408 307/307/307 409/409/409
f 307/307/307 308/308/308 409/409/409
f 409/409/409 308/308/308 410/410/410
f 308/308/308 309/309/309 410/410/410
f 410/410/410 309/309/309 411/411/411
f 309/309/309 310/310/310 411/411/411
f 411/411/411 310/310/310 412/412/412
f 310/310/310 311/311/311 412/412/412
f 412/412/412 311/311/311 413/413/413
f 311/311/311 312/312/312 413/413/413
f 413/413/413 312/312/312 414/414/414
f 312/312/312 313/313/313 414/414/414
f 414/414/414 313/313/313 415/415/415
f 313/313/313 314/314/314 415/415/415
f 415/415/415 314/314/314 416/416/416
f 314/314/314 315/315/315 416/416/416
f 416/416/416 315/315/315 417/417/417
f 315/315/315 316/316/316 417/417/417
f 417/417/417 316/316/316 418/418/418
f 316/316/316 317/317/317 418/418/418
f 418/418/418 317/317/317 419/419/419
f 317/317/317 318/318/318 419/419/419
f 419/419/419 318/318/318 420/420/420
f 318/318/318 319/319/319 420/420/420
f 420/420/420 319/319/319 421/421/421
f 319/319/319 320/320/320 421/421/421
f 421/421/421 320/320/320 422/422/422
f 320/320/320 321/321/321 422/422/422
f 422/422/422 321/321/321 423/423/423
f 321/321/321 322/322/322 423/423/423
f 423/423/423 322/322/322 424/424/424
f 322/322/322 323/323/323 424/424/424
f 424/424/424 323/323/323 425/425/425
f 323/323/323 324/324/324 425/425/425
f 425/425/425 324/324/324 426/426/426
f 324/324/324 325/325/325 426/426/426
f 426/426/426 325/325/325 427/427/427
f 325/325/325 326/326/326 427/427/427
f 427/427/427 326/326/326 428/428/428
f 326/326/326 327/327/327 428/428/428
f 428/428/428 327/327/327 429/429/429
f 327/327/327 328/328/328 429/429/429
f 429/429/429 328/328/328 430/430/430
f 328/328/328 329/329/329 430/430/430
f 430/430/430 329/329/329 431/431/431
f 329/329/329 330/330/330 431/431/431
f 431/431/431 330/330/330 432/432/432
f 330/330/330 331/331/331 432/432/432
f 432/432/432 331/331/331 433/433/433
f 331/331/331 332/332/332 433/433/433
f 433/433/433 332/332/332 434/434/434
f 332/332/332 333/333/333 434/434/434
f 434/434/434 333/333/333 435/435/435
f 333/333/333 334/334/334 435/435/435
f 435/435/435 334/334/334 436/436/436
f 334/334/334 335/335/335 436/436/436
f 436/436/436 335/335/335 437/437/437
f 335/335/335 336/336/336 437/437/437
f 437/437/437 336/336/336 438/438/438
f 336/336/336 337/337/337 438/438/438
f 438/438/438 337/337/337 439/439/439
f 337/337/337 338/338/338 439/439/439
f 439/439/439 338/338/338 440/440/440
f 338/338/338 339/339/339 440/440/440
f 440/440/440 339/339/339 441/441/441
f 339/339/339 340/340/340 441/441/441
f 441/441/441 340/340/340 442/442/442
f 340/340/340 341/341/341 442/442/442
f 442/442/442 341/341/341 443/443/443
f 341/341/341 342/342/342 443/443/443
f 443/443/443 342/342/342 444/444/444
f 342/342/342 343/343/343 444/444/444
f 444/444/444 343/343/343 445/445/445
f 343/343/343 344/344/344 445/445/445
f 445/445/445 344/344/344 446/446/446
f 344/344/344 345/345/345 446/446/446
f 446/446/446 345/345/345 447/447/447
f 345/345/345 346/346/346 447/447/447
f 447/447/447 346/346/346 448/448/448
f 346/346/346 347/347/347 448/448/448
f 448/448/448 347/347/347 449/449/449
f 347/347/347 348/348/348 449/449/449
f 449/449/449 348/348/348 450/450/450
f 348/348/348 349/349/349 450/450/450
f 450/450/450 349/349/349 451/451/451
f 349/349/349 350/350/350 451/451/451
f 451/451/451 350/350/350 452/452/452
f 350/350/350 351/351/351 452/452/452
f 452/452/452 351/351/351 453/453/453
f 351/351/351 352/352/352 453/453/453
f 453/453/453 352/352/352 454/454/454
f 352/352/352 353/353/353 454/454/454
f 454/454/454 353/353/353 455/455/455
f 353/353/353 354/354/354 455/455/455
f 455/455/455 354/354/354 456/456/456
f 354/354/354 355/355/355 456/456/456
f 456/456/456 355/355/355 457/457/457
f 355/355/355 356/356/356 457/457/457
f 457/457/457 356/356/356 458/458/458
f 356/356/356 357/357/357 458/458/458
f 458/458/458 357/357/357 459/459/459
f 357/357/357 358/358/358 459/459/459
f 459/459/459 358/358/358 460/460/460
f 358/358/358 359/359/359 460/460/460
f 460/460/460 359/359/359 461/461/461
f 359/359/359 360/360/360 461/461/461
f 461/461/461 360/360/360 462/462/462
f 360/360/360 361/361/361 462/462/462
f 462/462/462 361/361/361 463/463/463
f 361/361/361 362/362/362 463/463/463
f 463/463/463 362/362/362 464/464/464
f 362/362/362 363/363/363 464/464/464
f 464/464/464 363/363/363 465/465/465
f 363/363/363 364/364/364 465/465/465
f 465/465/465 364/364/364 466/466/466
f 364/364/364 365/365/365 466/466/466
f 466/466/466 365/365/365 467/467/467
f 365/365/365 366/366/366 467/467/467
f 467/467/467 366/366/366 468/468/468
f 366/366/366 367/367/367 468/468/468
f 468/468/468 367/367/367 469/469/469
f 367/367/367 368/368/368 469/469/469
f 469/469/469 368/368/368 470/470/470
f 368/368/368 369/369/369 470/470/470
f 470/470/470 369/369/369 471/471/471
f 369/369/369 370/370/370 471/471/471
f 471/471/471 370/370/370 472/472/472
f 370/370/370 371/371/371 472/472/472
f 472/472/472 371/371/371 473/473/473
f 371/371/371 372/372/372 473/473/473
f 473/473/473 372/372/372 474/474/474
f 372/372/372 373/373/373 474/474/474
f 474/474/474 373/373/373 475/475/475
f 373/373/373 374/374/374 475/475/475
f 475/475/475 374/374/374 476/476/476
f 374/374/374 375/375/375 476/476/476
f 476/476/476 375/375/375 477/477/477
f 375/375/375 376/376/376 477/477/477
f 477/477/477 376/376/376 478/478/478
f 376/376/376 377/377/377 478/478/478
f 478/478/478 377/377/377 479/479/479
f 377/377/377 378/378/378 479/479/479
f 479/479/479 378/378/378 480/480/480
f 378/378/378 379/379/379 480/480/480
f 480/480/480 379/379/379 481/481/481
f 379/379/379 380/380/380 481/481/481
f 481/481/481 380/380/380 482/482/482
f 380/380/380 381/381/381 482/482/482
f 482/482/482 381/381/381 483/483/483
f 381/381/381 382/382/382 483/483/483
f 483/483/483 382/382/382 484/484/484
f 382/382/382 383/383/383 484/484/484
f 484/484/484 383/383/383 485/485/485
f 383/383/383 384/384/384 485/485/485
f 485/485/485 384/384/384 486/486/486
f 384/384/384 385/385/385 486/486/486
f 486/486/486 385/385/385 487/487/487
f 385/385/385 386/386/386 487/487/487
f 487/487/487 386/386/386 488/488/488
f 386/386/386 387/387/387 488/488/488
f 488/488/488 387/387/387 489/489/489
f 387/387/387 388/388/388 489/489/489
f 489/489/489 388/388/388 490/490/490
f 388/388/388 389/389/389 490/490/490
f 490/490/490 389/389/389 491/491/491
f 389/389/389 390/390/390 491/491/491
f 491/491/491 390/390/390 492/492/492
f 390/390/390 391/391/391 492/492/492
f 492/492/492 391/391/391 493/493/493
f 391/391/391 392/392/392 493/493/493
f 493/493/493 392/392/392 494/494/494
f 392/392/392 393/393/393 494/494/494
f 494/494/494 393/393/393 495/495/495
f 393/393/393 394/394/394 495/495/495
f 495/495/495 394/394/394 496/496/496
f 394/394/394 395/395/395 496/496/496
f 496/496/496 395/395/395 497/497/497
f 395/395/395 396/396/396 497/497/497
f 497/497/497 396/396/396 498/498/498
f 396/396/396 397/397/397 498/498/498
f 498/498/498 397/397/397 499/499/499
f 397/397/397 398/398/398 499/499/499
f 499/499/499 398/398/398 500/500/500
f 398/398/398 399/399/399 500/500/500
f 500/500/500 399/399/399 501/501/501
f 399/399/399 400/400/400 501/501/501
f 501/501/501 400/400/400 502/502/502
f 400/400/400 401/401/401 502/502/502
f 502/502/502 401/401/401 503/503/503
f 401/401/401 402/402/402 503/503/503
f 503/503/503 402/402/402 504/504/504
f 402/402/402 403/403/403 504/504/504
f 504/504/504 403/403/403 505/505/505
f 403/403/403 404/404/404 505/505/505
f 506/506/506 405/405/405 507/507/507
f 405/405/405 406/406/406 507/507/507
f 507/507/507 406/406/406 508/508/508
f 406/406/406 407/407/407 508/508/508
f 508/508/508 407/407/407 509/509/509
f 407/407/407 408/408/408 509/509/509
f 509/509/509 408/408/408 510/510/510
f 408/408/408 409/409/409 510/510/510
f 510/510/510 409/409/409 511/511/511
f 409/409/409 410/410/410 511/511/511
f 511/511/511 410/410/410 512/512/512
f 410/410/410 411/411/411 512/512/512
f 512/512/512 411/411/411 513/513/513
f 411/411/411 412/412/412 513/513/513
f 513/513/513 412/412/412 514/514/514
f 412/412/412 413/413/413 514/514/514
f 514/514/514 413/413/413 515/515/515
f 413/413/413 414/414/414 515/515/515
f 515/515/515 414/414/414 516/516/516
f 414/414/414 415/415/415 516/516/516
f 516/516/516 415/415/415 517/517/517
f 415/415/415 416/416/416 517/517/517
f 517/517/517 416/416/416 518/518/518
f 416/416/416 417/417/417 518/518/518
f 518/518/518 417/417/417 519/519/519
f 417/417/417 418/418/418 519/519/519
f 519/519/519 418/418/418 520/520/520
f 418/418/418 419/419/419 520/520/520
f 520/520/520 419/419/419 521/521/521
f 419/419/419 420/420/420 521/521/521
f 521/521/521 420/420/420 522/522/522
f 420/420/420 421/421/421 522/522/522
f 522/522/522 421/421/421 523/523/523
f 421/421/421 422/422/422 523/523/523
f 523/523/523 422/422/422 524/524/524
f 422/422/422 423/423/423 524/524/524
f 524/524/524 423/423/423 525/525/525
f 423/423/423 424/424/424 525/525/525
f 525/525/525 424/424/424 526/526/526
f 424/424/424 425/425/425 526/526/526
f 526/526/526 425/425/425 527/527/527
f 425/425/425 426/426/426 527/527/527
f 527/527/527 426/426/426 528/528/528
f 426/426/426 427/427/427 528/528/528
f 528/528/528 427/427/427 529/529/529
f 427/427/427 428/428/428 529/529/529
f 529/529/529 428/428/428 530/530/530
f 428/428/428 429/429/429 530/530/530
f 530/530/530 429/429/429 531/531/531
f 429/429/429 430/430/430 531/531/531
f 531/531/531 430/430/430 532/532/532
f 430/430/430 431/431/431 532/532/532
f 532/532/532 431/431/431 533/533/533
f 431/431/431 432/432/432 533/533/533
f 533/533/533 432/432/432 534/534/534
f 432/432/432 433/433/433 534/534/534
f 534/534/534 433/433/433 535/535/535
f 433/433/433 434/434/434 535/535/535
f 535/535/535 434/434/434 536/536/536
f 434/434/434 435/435/435 536/536/536
f 536/536/536 435/435/435 537/537/537
f 435/435/435 436/436/436 537/537/537
f 537/537/537 436/436/436 538/538/538
f 436/436/436 437/437/437 538/538/538
f 538/538/538 437/437/437 539/539/539
f 437/437/437 438/438/438 539/539/539
f 539/539/539 438/438/438 540/540/540
f 438/438/438 439/439/439 540/540/540
f 540/540/540 439/439/439 541/541/541
f 439/439/439 440/440/440 541/541/541
f 541/541/541 440/440/440 542/542/542
f 440/440/440 441/441/441 542/542/542
f 542/542/542 441/441/441 543/543/543
f 441/441/441 442/442/442 543/543/543
f 543/543/543 442/442/442 544/544/544
f 442/442/442 443/443/443 544/544/544
f 544/544/544 443/443/443 545/545/545
f 443/443/443 444/444/444 545/545/545
f 545/545/545 444/444/444 546/546/546
f 444/444/444 445/445/445 546/546/546
f 546/546/546 445/445/445 547/547/547
f 445/445/445 446/446/446 547/547/547
f 547/547/547 446/446/446 548/548/548
f 446/446/446 447/447/447 548/548/548
f 548/548/548 447/447/447 549/549/549
f 447/447/447 448/448/448 549/549/549
f 549/549/549 448/448/448 550/550/550
f 448/448/448 449/449/449 550/550/550
f 550/550/550 449/449/449 551/551/551
f 449/449/449 450/450/450 551/551/551
f 551/551/551 450/450/450 552/552/552
f 450/450/450 451/451/451 552/552/552
f 552/552/552 451/451/451 553/553/553
f 451/451/451 452/452/452 553/553/553
f 553/553/553 452/452/452 554/554/554
f 452/452/452 453/453/453 554/554/554
f 554/554/554 453/453/453 555/555/555
f 453/453/453 454/454/454 555/555/555
f 555/555/555 454/454/454 556/556/556
f 454/454/454 455/455/455 556/556/556
f 556/556/556 455/455/455 557/557/557
f 455/455/455 456/456/456 557/557/557
f 557/557/557 456/456/456 558/558/558
f 456/456/456 457/457/457 558/558/558
f 558/558/558 457/457/457 559/559/559
f 457/457/457 458/458/458 559/559/559
f 559/559/559 458/458/458 560/560/560
f 458/458/458 459/459/459 560/560/560
f 560/560/560 459/459/459 561/561/561
f 459/459/459 460/460/460 561/561/561
f 561/561/561 460/460/460 562/562/562
f 460/460/460 461/461/461 562/562/562
f 562/562/562 461/461/461 563/563/563
f 461/461/461 462/462/462 563/563/563
f 563/563/563 462/462/462 564/564/564
f 462/462/462 463/463/463 564/564/564
f 564/564/564 463/463/463 565/565/565
f 463/463/463 464/464/464 565/565/565
f 565/565/565 464/464/464 566/566/566
f 464/464/464 465/465/465 566/566/566
f 566/566/566 465/465/465 567/567/567
f 465/465/465 466/466/466 567/567/567
f 567/567/567 466/466/466 568/568/568
f 466/466/466 467/467/467 568/568/568
f 568/568/568 467/467/467 569/569/569
f 467/467/467 468/468/468 569/569/569
f 569/569/569 468/468/468 570/570/570
f 468/468/468 469/469/469 570/570/570
f 570/570/570 469/469/469 571/571/571
f 469/469/469 470/470/470 571/571/571
f 571/571/571 470/470/470 572/572/572
f 470/470/470 471/471/471 572/572/572
f 572/572/572 471/471/471 573/573/573
f 471/471/471 472/472/472 573/573/573
f 573/573/573 472/472/472 574/574/574
f 472/472/472 473/473/473 574/574/574
f 574/574/574 473/473/473 575/575/575
f 473/473/473 474/474/474 575/575/575
f 575/575/575 474/474/474 576/576/576
f 474/474/474 475/475/475 576/576/576
f 576/576/576 475/475/475 577/577/577
f 475/475/475 476/476/476 577/577/577
f 577/577/577 476/476/476 578/578/578
f 476/476/476 477/477/477 578/578/578
f 578/578/578 477/477/477 579/579/579
f 477/477/477 478/478/478 579/579/579
f 579/579/579 478/478/478 580/580/580
f 478/478/478 479/479/479 580/580/580
f 580/580/580 479/479/479 581/581/581
f 479/479/479 480/480/480 581/581/581
f 581/581/581 480/480/480 582/582/582
f 480/480/480 481/481/481 582/582/582
f 582/582/582 481/481/481 583/583/583
f 481/481/481 482/482/482 583/583/583
f 583/583/583 482/482/482 584/584/584
f 482/482/482 483/483/483 584/584/584
f 584/584/584 483/483/483 585/585/585
f 483/483/483 484/484/484 585/585/585
f 585/585/585 484/484/484 586/586/586
f 484/484/484 485/485/485 586/586/586
f 586/586/586 485/485/485 587/587/587
f 485/485/485 486/486/486 587/587/587
f 587/587/587 486/486/486 588/588/588
f 486/486/486 487/487/487 588/588/588
f 588/588/588 487/487/487 589/589/589
f 487/487/487 488/488/488 589/589/589
f 589/589/589 488/488/488 590/590/590
f 488/488/488 489/489/489 590/590/590
f 590/590/590 489/489/489 591/591/591
f 489/489/489 490/490/490 591/591/591
f 591/591/591 490/490/490 592/592/592
f 490/490/490 491/491/491 592/592/592
f 592/592/592 491/491/491 593/593/593
f 491/491/491 492/492/492 593/593/593
f 593/593/593 492/492/492 594/594/594
f 492/492/492 493/493/493 594/594/594
f 594/594/594 493/493/493 595/595/595
f 493/493/493 494/494/494 595/595/595
f 595/595/595 494/494/494 596/596/596
f 494/494/494 495/495/495 596/596/596
f 596/596/596 495/495/495 597/597/597
f 495/495/495 496/496/496 597/597/597
f 597/597/597 496/496/496 598/598/598
f 496/496/496 497/497/497 598/598/598
f 598/598/598 497/497/497 599/599/599
f 497/497/497 498/498/498 599/599/599
f 599/599/599 498/498/498 600/600/600
f 498/498/498 499/499/499 600/600/600
f 600/600/600 499/499/499 601/601/601
f 499/499/499 500/500/500 601/601/601
f 601/601/601 500/500/500 602/602/602
f 500/500/500 501/501/501 602/602/602
f 602/602/602 501/501/501 603/603/603
f 501/501/501 502/502/502 603/603/603
f 603/603/603 502/502/502 604/604/604
f 502/502/502 503/503/503 604/604/604
f 604/604/604 503/503/503 605/605/605
f 503/503/503 504/504/504 605/605/605
f 605/605/605 504/504/504 606/606/606
f 504/504/504 505/505/505 606/606/606
f 607/607/607 506/506/506 608/608/608
f 506/506/506 507/507/507 608/608/608
f 608/608/608 507/507/507 609/609/609
f 507/507/507 508/508/508 609/609/609
f 609/609/609 508/508/508 610/610/610
f 508/508/508 509/509/509 610/610/610
f 610/610/610 509/509/509 611/611/611
f 509/509/509 510/510/510 611/611/611
f 611/611/611 510/510/510 612/612/612
f 510/510/510 511/511/511 612/612/612
f 612/612/612 511/511/511 613/613/613
f 511/511/511 512/512/512 613/613/613
f 613/613/613 512/512/512 614/614/614
f 512/512/512 513/513/513 614/614/614
f 614/614/614 513/513/513 615/615/615
f 513/513/513 514/514/514 615/615/615
f 615/615/615 514/514/514 616/616/616
f 514/514/514 515/515/515 616/616/616
f 616/616/616 515/515/515 617/617/617
f 515/515/515 516/516/516 617/617/617
f 617/617/617 516/516/516 618/618/618
f 516/516/516 517/517/517 618/618/618
f 618/618/618 517/517/517 619/619/619
f 517/517/517 518/518/518 619/619/619
f 619/619/619 518/518/518 620/620/620
f 518/518/518 519/519/519 620/620/620
f 620/620/620 519/519/519 621/621/621
f 519/519/519 520/520/520 621/621/621
f 621/621/621 520/520/520 622/622/622
f 520/520/520 521/521/521 622/622/622
f 622/622/622 521/521/521 623/623/623
f 521/521/521 522/522/522 623/623/623
f 623/623/623 522/522/522 624/624/624
f 522/522/522 523/523/523 624/624/624
f 624/624/624 523/523/523 625/625/625
f 523/523/523 524/524/524 625/625/625
f 625/625/625 524/524/524 626/626/626
f 524/524/524 525/525/525 626/626/626
f 626/626/626 525/525/525 627/627/627
f 525/525/525 526/526/526 627/627/627
f 627/627/627 526/526/526 628/628/628
f 526/526/526 527/527/527 628/628/628
f 628/628/628 527/527/527 629/629/629
f 527/527/527 528/528/528 629/629/629
f 629/629/629 528/528/528 630/630/630
f 528/528/528 529/529/529 630/630/630
f 630/630/630 529/529/529 631/631/631
f 529/529/529 530/530/530 631/631/631
f 631/631/631 530/530/530 632/632/632
f 530/530/530 531/531/531 632/632/632
f 632/632/632 531/531/531 633/633/633
f 531/531/531 532/532/532 633/633/633
f 633/633/633 532/532/532 634/634/634
f 532/532/532 533/533/533 634/634/634
f 634/634/634 533/533/533 635/635/635
f 533/533/533 534/534/534 635/635/635
f 635/635/635 534/534/534 636/636/636
f 534/534/534 535/535/535 636/636/636
f 636/636/636 535/535/535 637/637/637
f 535/535/535 536/536/536 637/637/637
f 637/637/637 536/536/536 638/638/638
f 536/536/536 537/537/537 638/638/638
f 638/638/638 537/537/537 639/639/639
f 537/537/537 538/538/538 639/639/639
f 639/639/639 538/538/538 640/640/640
f 538/538/538 539/539/539 640/640/640
f 640/640/640 539/539/539 641/641/641
f 539/539/539 540/540/540 641/641/641
f 641/641/641 540/540/540 642/642/642
f 540/540/540 541/541/541 642/642/642
f 642/642/642 541/541/541 643/643/643
f 541/541/541 542/542/542 643/643/643
f 643/643/643 542/542/542 644/644/644
f 542/542/542 543/543/543 644/644/644
f 644/644/644 543/543/543 645/645/645
f 543/543/543 544/544/544 645/645/645
f 645/645/645 544/544/544 646/646/646
f 544/544/544 545/545/545 646/646/646
f 646/646/646 545/545/545 647/647/647
f 545/545/545 546/546/546 647/647/647
f 647/647/647 546/546/546 648/648/648
f 546/546/546 547/547/547 648/648/648
f 648/648/648 547/547/547 649/649/649
f 547/547/547 548/548/548 649/649/649
f 649/649/649 548/548/548 650/650/650
f 548/548/548 549/549/549 650/650/650
f 650/650/650 549/549/549 651/651/651
f 549/549/549 550/550/550 651/651/651
f 651/651/651 550/550/550 652/652/652
f 550/550/550 551/551/551 652/652/652
f 652/652/652 551/551/551 653/653/653
f 551/551/551 552/552/552 653/653/653
f 653/653/653 552/552/552 654/654/654
f 552/552/552 553/553/553 654/654/654
f 654/654/654 553/553/553 655/655/655
f 553/553/553 554/554/554 655/655/655
f 655/655/655 554/554/554 656/656/656
f 554/554/554 555/555/555 656/656/656
f 656/656/656 555/555/555 657/657/657
f 555/555/555 556/556/556 657/657/657
f 657/657/657 556/556/556 658/658/658
f 556/556/556 557/557/557 658/658/658
f 658/658/658 557/557/557 659/659/659
f 557/557/557 558/558/558 659/659/659
f 659/659/659 558/558/558 660/660/660
f 558/558/558 559/559/559 660/660/660
f 660/660/660 559/559/559 661/661/661
f 559/559/559 560/560/560 661/661/661
f 661/661/661 560/560/560 662/662/662
f 560/560/560 561/561/561 662/662/662
f 662/662/662 561/561/561 663/663/663
f 561/561/561 562/562/562 663/663/663
f 663/663/663 562/562/562 664/664/664
f 562/562/562 563/563/563 664/664/664
f 664/664/664 563/563/563 665/665/665
f 563/563/563 564/564/564 665/665/665
f 665/665/665 564/564/564 666/666/666
f 564/564/564 565/565/565 666/666/666
f 666/666/666 565/565/565 667/667/667
f 565/565/565 566/566/566 667/667/667
f 667/667/667 566/566/566 668/668/668
f 566/566/566 567/567/567 668/668/668
f 668/668/668 567/567/567 669/669/669
f 567/567/567 568/568/568 669/669/669
f 669/669/669 568/568/568 670/670/670
f 568/568/568 569/569/569 670/670/670
f 670/670/670 569/569/569 671/671/671
f 569/569/569 570/570/570 671/671/671
f 671/671/671 570/570/570 672/672/672
f 570/570/570 571/571/571 672/672/672
f 672/672/672 571/571/571 673/673/673
f 571/571/571 572/572/572 673/673/673
f 673/673/673 572/572/572 674/674/674
f 572/572/572 573/573/573 674/674/674
f 674/674/674 573/573/573 675/675/675
f 573/573/573 574/574/574 675/675/675
f 675/675/675 574/574/574 676/676/676
f 574/574/574 575/575/575 676/676/676
f 676/676/676 575/575/575 677/677/677
f 575/575/575 576/576/576 677/677/677
f 677/677/677 576/576/576 678/678/678
f 576/576/576 577/577/577 678/678/678
f 678/678/678 577/577/577 679/679/679
f 577/577/577 578/578/578 679/679/679
f 679/679/679 578/578/578 680/680/680
f 578/578/578 579/579/579 680/680/680
f 680/680/680 579/579/579 681/681/681
f 579/579/579 580/580/580 681/681/681
f 681/681/681 580/580/580 682/682/682
f 580/580/580 581/581/581 682/682/682
f 682/682/682 581/581/581 683/683/683
f 581/581/581 582/582/582 683/683/683
f 683/683/683 582/582/582 684/684/684
f 582/582/582 583/583/583 684/684/684
f 684/684/684 583/583/583 685/685/685
f 583/583/583 584/584/584 685/685/685
f 685/685/685 584/584/584 686/686/686
f 584/584/584 585/585/585 686/686/686
f 686/686/686 585/585/585 687/687/687
f 585/585/585 586/586/586 687/687/687
f 687/687/687 586/586/586 688/688/688
f 586/586/586 587/587/587 688/688/688
f 688/688/688 587/587/587 689/689/689
f 587/587/587 588/588/588 689/689/689
f 689/689/689 588/588/588 690/690/690
f 588/588/588 589/589/589 690/690/690
f 690/690/690 589/589/589 691/691/691
f 589/589/589 590/590/590 691/691/691
f 691/691/691 590/590/590 692/692/692
f 590/590/590 591/591/591 692/692/692
f 692/692/692 591/591/591 693/693/693
f 591/591/591 592/592/592 693/693/693
f 693/693/693 592/592/592 694/694/694
f 592/592/592 593/593/593 694/694/694
f 694/694/694 593/593/593 695/695/695
f 593/593/593 594/594/594 695/695/695
f 695/695/695 594/594/594 696/696/696
f 594/594/594 595/595/595 696/696/696
f 696/696/696 595/595/595 697/697/697
f 595/595/595 596/596/596 697/697/697
f 697/697/697 596/596/596 698/698/698
f 596/596/596 597/597/597 698/698/698
f 698/698/698 597/597/597 699/699/699
f 597/597/597 598/598/598 699/699/699
f 699/699/699 598/598/598 700/700/700
f 598/598/598 599/599/599 700/700/700
f 700/700/700 599/599/599 701/701/701
f 599/599/599 600/600/600 701/701/701
f 701/701/701 600/600/600 702/702/702
f 600/600/600 601/601/601 702/702/702
f 702/702/702 601/601/601 703/703/703
f 601/601/601 602/602/602 703/703/703
f 703/703/703 602/602/602 704/704/704
f 602/602/602 603/603/603 704/704/704
f 704/704/704 603/603/603 705/705/705
f 603/603/603 604/604/604 705/705/705
f 705/705/705 604/604/604 706/706/706
f 604/604/604 605/605/605 706/706/706
f 706/706/706 605/605/605 707/707/707
f 605/605/605 606/606/606 707/707/707
f 708/708/708 607/607/607 709/709/709
f 607/607/607 608/608/608 709/709/709
f 709/709/709 608/608/608 710/710/710
f 608/608/608 609/609/609 710/710/710
f 710/710/710 609/609/609 711/711/711
f 609/609/609 610/610/610 711/711/711
f 711/711/711 610/610/610 712/712/712
f 610/610/610 611/611/611 712/712/712
f 712/712/712 611/611/611 713/713/713
f 611/611/611 612/612/612 713/713/713
f 713/713/713 612/612/612 714/714/714
f 612/612/612 613/613/613 714/714/714
f 714/714/714 613/613/613 715/715/715
f 613/613/613 614/614/614 715/715/715
f 715/715/715 614/614/614 716/716/716
f 614/614/614 615/615/615 716/716/716
f 716/716/716 615/615/615 717/717/717
f 615/615/615 616/616/616 717/717/717
f 717/717/717 616/616/616 718/718/718
f 616/616/616 617/617/617 718/718/718
f 718/718/718 617/617/617 719/719/719
f 617/617/617 618/618/618 719/719/719
f 719/719/719 618/618/618 720/720/720
f 618/618/618 619/619/619 720/720/720
f 720/720/720 619/619/619 721/721/721
f 619/619/619 620/620/620 721/721/721
f 721/721/721 620/620/620 722/722/722
f 620/620/620 621/621/621 722/722/722
f 722/722/722 621/621/621 723/723/723
f 621/621/621 622/622/622 723/723/723
f 723/723/723 622/622/622 724/724/724
f 622/622/622 623/623/623 724/724/724
f 724/724/724 623/623/623 725/725/725
f 623/623/623 624/624/624 725/725/725
f 725/725/725 624/624/624 726/726/726
f 624/624/624 625/625/625 726/726/726
f 726/726/726 625/625/625 727/727/727
f 625/625/625 626/626/626 727/727/727
f 727/727/727 626/626/626 728/728/728
f 626/626/626 627/627/627 728/728/728
f 728/728/728 627/627/627 729/729/729
f 627/627/627 628/628/628 729/729/729
f 729/729/729 628/628/628 730/730/730
f 628/628/628 629/629/629 730/730/730
f 730/730/730 629/629/629 731/731/731
f 629/629/629 630/630/630 731/731/731
f 731/731/731 630/630/630 732/732/732
f 630/630/630 631/631/631 732/732/732
f 732/732/732 631/631/631 733/733/733
f 631/631/631 632/632/632 733/733/733
f 733/733/733 632/632/632 734/734/734
f 632/632/632 633/633/633 734/734/734
f 734/734/734 633/633/633 735/735/735
f 633/633/633 634/634/634 735/735/735
f 735/735/735 634/634/634 736/736/736
f 634/634/634 635/635/635 736/736/736
f 736/736/736 635/635/635 737/737/737
f 635/635/635 636/636/636 737/737/737
f 737/737/737 636/636/636 738/738/738
f 636/636/636 637/637/637 738/738/738
f 738/738/738 637/637/637 739/739/739
f 637/637/637 638/638/638 739/739/739
f 739/739/739 638/638/638 740/740/740
f 638/638/638 639/639/639 740/740/740
f 740/740/740 639/639/639 741/741/741
f 639/639/639 640/640/640 741/741/741
f 741/741/741 640/640/640 742/742/742
f 640/640/640 641/641/641 742/742/742
f 742/742/742 641/641/641 743/743/743
f 641/641/641 642/642/642 743/743/743
f 743/743/743 642/642/642 744/744/744
f 642/642/642 643/643/643 744/744/744
f 744/744/744 643/643/643 745/745/745
f 643/643/643 644/644/644 745/745/745
f 745/745/745 644/644/644 746/746/746
f 644/644/644 645/645/645 746/746/746
f 746/746/746 645/645/645 747/747/747
f 645/645/645 646/646/646 747/747/747
f 747/747/747 646/646/646 748/748/748
f 646/646/646 647/647/647 748/748/748
f 748/748/748 647/647/647 749/749/749
f 647/647/647 648/648/648 749/749/749
f 749/749/749 648/648/648 750/750/750
f 648/648/648 649/649/649 750/750/750
f 750/750/750 649/649/649 751/751/751
f 649/649/649 650/650/650 751/751/751
f 751/751/751 650/650/650 752/752/752
f 650/650/650 651/651/651 752/752/752
f 752/752/752 651/651/651 753/753/753
f 651/651/651 652/652/652 753/753/753
f 753/753/753 652/652/652 754/754/754
f 652/652/652 653/653/653 754/754/754
f 754/754/754 653/653/653 755/755/755
f 653/653/653 654/654/654 755/755/755
f 755/755/755 654/654/654 756/756/756
f 654/654/654 655/655/655 756/756/756
f 756/756/756 655/655/655 757/757/757
f 655/655/655 656/656/656 757/757/757
f 757/757/757 656/656/656 758/758/758
f 656/656/656 657/657/657 758/758/758
f 758/758/758 657/657/657 759/759/759
f 657/657/657 658/658/658 759/759/759
f 759/759/759 658/658/658 760/760/760
f 658/658/658 659/659/659 760/760/760
f 760/760/760 659/659/659 761/761/761
f 659/659/659 660/660/660 761/761/761
f 761/761/761 660/660/660 762/762/762
f 660/660/660 661/661/661 762/762/762
f 762/762/762 661/661/661 763/763/763
f 661/661/661 662/662/662 763/763/763
f 763/763/763 662/662/662 764/764/764
f 662/662/662 663/663/663 764/764/764
f 764/764/764 663/663/663 765/765/765
f 663/663/663 664/664/664 765/765/765
f 765/765/765 664/664/664 766/766/766
f 664/664/664 665/665/665 766/766/766
f 766/766/766 665/665/665 767/767/767
f 665/665/665 666/666/666 767/767/767
f 767/767/767 666/666/666 768/768/768
f 666/666/666 667/667/667 768/768/768
f 768/768/768 667/667/667 769/769/769
f 667/667/667 668/668/668 769/769/769
f 769/769/769 668/668/668 770/770/770
f 668/668/668 669/669/669 770/770/770
f 770/770/770 669/669/669 771/771/771
f 669/669/669 670/670/670 771/771/771
f 771/771/771 670/670/670 772/772/772
f 670/670/670 671/671/671 772/772/772
f 772/772/772 671/671/671 773/773/773
f 671/671/671 672/672/672 773/773/773
f 773/773/773 672/672/672 774/774/774
f 672/672/672 673/673/673 774/774/774
f 774/774/774 673/673/673 775/775/775
f 673/673/673 674/674/674 775/775/775
f 775/775/775 674/674/674 776/776/776
f 674/674/674 675/675/675 776/776/776
f 776/776/776 675/675/675 777/777/777
f 675/675/675 676/676/676 777/777/777
f 777/777/777 676/676/676 778/778/778
f 676/676/676 677/677/677 778/778/778
f 778/778/778 677/677/677 779/779/779
f 677/677/677 678/678/678 779/779/779
f 779/779/779 678/678/678 780/780/780
f 678/678/678 679/679/679 780/780/780
f 780/780/780 679/679/679 781/781/781
f 679/679/679 680/680/680 781/781/781
f 781/781/781 680/680/680 782/782/782
f 680/680/680 681/681/681 782/782/782
f 782/782/782 681/681/681 783/783/783
f 681/681/681 682/682/682 783/783/783
f 783/783/783 682/682/682 784/784/784
f 682/682/682 683/683/683 784/784/784
f 784/784/784 683/683/683 785/785/785
f 683/683/683 684/684/684 785/785/785
f 785/785/785 684/684/684 786/786/786
f 684/684/684 685/685/685 786/786/786
f 786/786/786 685/685/685 787/787/787
f 685/685/685 686/686/686 787/787/787
f 787/787/787 686/686/686 788/788/788
f 686/686/686 687/687/687 788/788/788
f 788/788/788 687/687/687 789/789/789
f 687/687/687 688/688/688 789/789/789
f 789/789/789 688/688/688 790/790/790
f 688/688/688 689/689/689 790/790/790
f 790/790/790 689/689/689 791/791/791
f 689/689/689 690/690/690 791/791/791
f 791/791/791 690/690/690 792/792/792
f 690/690/690 691/691/691 792/792/792
f 792/792/792 691/691/691 793/793/793
f 691/691/691 692/692/692 793/793/793
f 793/793/793 692/692/692 794/794/794
f 692/692/692 693/693/693 794/794/794
f 794/794/794 693/693/693 795/795/795
f 693/693/693 694/694/694 795/795/795
f 795/795/795 694/694/694 796/796/796
f 694/694/694 695/695/695 796/796/796
f 796/796/796 695/695/695 797/797/797
f 695/695/695 696/696/696 797/797/797
f 797/797/797 696/696/696 798/798/798
f 696/696/696 697/697/697 798/798/798
f 798/798/798 697/697/697 799/799/799
f 697/697/697 698/698/698 799/799/799
f 799/799/799 698/698/698 800/800/800
f 698/698/698 699/699/699 800/800/800
f 800/800/800 699/699/699 801/801/801
f 699/699/699 700/700/700 801/801/801
f 801/801/801 700/700/700 802/802/802
f 700/700/700 701/701/701 802/802/802
f 802/802/802 701/701/701 803/803/803
f 701/701/701 702/702/702 803/803/803
f 803/803/803 702/702/702 804/804/804
f 702/702/702 703/703/703 804/804/804
f 804/804/804 703/703/703 805/805/805
f 703/703/703 704/704/704 805/805/805
f 805/805/805 704/704/704 806/806/806
f 704/704/704 705/705/705 806/806/806
f 806/806/806 705/705/705 807/807/807
f 705/705/705 706/706/706 807/807/807
f 807/807/807 706/706/706 808/808/808
f 706/706/706 707/707/707 808/808/808
f 809/809/809 708/708/708 810/810/810
f 708/708/708 709/709/709 810/810/810
f 810/810/810 709/709/709 811/811/811
f 709/709/709 710/710/710 811/811/811
f 811/811/811 710/710/710 812/812/812
f 710/710/710 711/711/711 812/812/812
f 812/812/812 711/711/711 813/813/813
f 711/711/711 712/712/712 813/813/813
f 813/813/813 712/712/712 814/814/814
f 712/712/712 713/713/713 814/814/814
f 814/814/814 713/713/713 815/815/815
f 713/713/713 714/714/714 815/815/815
f 815/815/815 714/714/714 816/816/816
f 714/714/714 715/715/715 816/816/816
f 816/816/816 715/715/715 817/817/817
f 715/715/715 716/716/716 817/817/817
f 817/817/817 716/716/716 818/818/818
f 716/716/716 717/717/717 818/818/818
f 818/818/818 717/717/717 819/819/819
f 717/717/717 718/718/718 819/819/819
f 819/819/819 718/718/718 820/820/820
f 718/718/718 719/719/719 820/820/820
f 820/820/820 719/719/719 821/821/821
f 719/719/719 720/720/720 821/821/821
f 821/821/821 720/720/720 822/822/822
f 720/720/720 721/721/721 822/822/822
f 822/822/822 721/721/721 823/823/823
f 721/721/721 722/722/722 823/823/823
f 823/823/823 722/722/722 824/824/824
f 722/722/722 723/723/723 824/824/824
f 824/824/824 723/723/723 825/825/825
f 723/723/723 724/724/724 825/825/825
f 825/825/825 724/724/724 826/826/826
f 724/724/724 725/725/725 826/826/826
f 826/826/826 725/725/725 827/827/827
f 725/725/725 726/726/726 827/827/827
f 827/827/827 726/726/726 828/828/828
f 726/726/726 727/727/727 828/828/828
f 828/828/828 727/727/727 829/829/829
f 727/727/727 728/728/728 829/829/829
f 829/829/829 728/728/728 830/830/830
f 728/728/728 729/729/729 830/830/830
f 830/830/830 729/729/729 831/831/831
f 729/729/729 730/730/730 831/831/831
f 831/831/831 730/730/730 832/832/832
f 730/730/730 731/731/731 832/832/832
f 832/832/832 731/731/731 833/833/833
f 731/731/731 732/732/732 833/833/833
f 833/833/833 732/732/732 834/834/834
f 732/732/732 733/733/733 834/834/834
f 834/834/834 733/733/733 835/835/835
f 733/733/733 734/734/734 835/835/835
f 835/835/835 734/734/734 836/836/836
f 734/734/734 735/735/735 836/836/836
f 836/836/836 735/735/735 837/837/837
f 735/735/735 736/736/736 837/837/837
f 837/837/837 736/736/736 838/838/838
f 736/736/736 737/737/737 838/838/838
f 838/838/838 737/737/737 839/839/839
f 737/737/737 738/738/738 839/839/839
f 839/839/839 738/738/738 840/840/840
f 738/738/738 739/739/739 840/840/840
f 840/840/840 739/739/739 841/841/841
f 739/739/739 740/740/740 841/841/841
f 841/841/841 740/740/740 842/842/842
f 740/740/740 741/741/741 842/842/842
f 842/842/842 741/741/741 843/843/843
f 741/741/741 742/742/742 843/843/843
f 843/843/843 742/742/742 844/844/844
f 742/742/742 743/743/743 844/844/844
f 844/844/844 743/743/743 845/845/845
f 743/743/743 744/744/744 845/845/845
f 845/845/845 744/744/744 846/846/846
f 744/744/744 745/745/745 846/846/846
f 846/846/846 745/745/745 847/847/847
f 745/745/745 746/746/746 847/847/847
f 847/847/847 746/746/746 848/848/848
f 746/746/746 747/747/747 848/848/848
f 848/848/848 747/747/747 849/849/849
f 747/747/747 748/748/748 849/849/849
f 849/849/849 748/748/748 850/850/850
f 748/748/748 749/749/749 850/850/850
f 850/850/850 749/749/749 851/851/851
f 749/749/749 750/750/750 851/851/851
f 851/851/851 750/750/750 852/852/852
f 750/750/750 751/751/751 852/852/852
f 852/852/852 751/751/751 853/853/853
f 751/751/751 752/752/752 853/853/853
f 853/853/853 752/752/752 854/854/854
f 752/752/752 753/753/753 854/854/854
f 854/854/854 753/753/753 855/855/855
f 753/753/753 754/754/754 855/855/855
f 855/855/855 754/754/754 856/856/856
f 754/754/754 755/755/755 856/856/856
f 856/856/856 755/755/755 857/857/857
f 755/755/755 756/756/756 857/857/857
f 857/857/857 756/756/756 858/858/858
f 756/756/756 757/757/757 858/858/858
f 858/858/858 757/757/757 859/859/859
f 757/757/757 758/758/758 859/859/859
f 859/859/859 758/758/758 860/860/860
f 758/758/758 759/759/759 860/860/860
f 860/860/860 759/759/759 861/861/861
f 759/759/759 760/760/760 861/861/861
f 861/861/861 760/760/760 862/862/862
f 760/760/760 761/761/761 862/862/862
f 862/862/862 761/761/761 863/863/863
f 761/761/761 762/762/762 863/863/863
f 863/863/863 762/762/762 864/864/864
f 762/762/762 763/763/763 864/864/864
f 864/864/864 763/763/763 865/865/865
f 763/763/763 764/764/764 865/865/865
f 865/865/865 764/764/764 866/866/866
f 764/764/764 765/765/765 866/866/866
f 866/866/866 765/765/765 867/867/867
f 765/765/765 766/766/766 867/867/867
f 867/867/867 766/766/766 868/868/868
f 766/766/766 767/767/767 868/868/868
f 868/868/868 767/767/767 869/869/869
f 767/767/767 768/768/768 869/869/869
f 869/869/869 768/768/768 870/870/870
f 768/768/768 769/769/769 870/870/870
f 870/870/870 769/769/769 871/871/871
f 769/769/769 770/770/770 871/871/871
f 871/871/871 770/770/770 872/872/872
f 770/770/770 771/771/771 872/872/872
f 872/872/872 771/771/771 873/873/873
f 771/771/771 772/772/772 873/873/873
f 873/873/873 772/772/772 874/874/874
f 772/772/772 773/773/773 874/874/874
f 874/874/874 773/773/773 875/875/875
f 773/773/773 774/774/774 875/875/875
f 875/875/875 774/774/774 876/876/876
f 774/774/774 775/775/775 876/876/876
f 876/876/876 775/775/775 877/877/877
f 775/775/775 776/776/776 877/877/877
f 877/877/877 776/776/776 878/878/878
f 776/776/776 777/777/777 878/878/878
f 878/878/878 777/777/777 879/879/879
f 777/777/777 778/778/778 879/879/879
f 879/879/879 778/778/778 880/880/880
f 778/778/778 779/779/779 880/880/880
f 880/880/880 779/779/779 881/881/881
f 779/779/779 780/780/780 881/881/881
f 881/881/881 780/780/780 882/882/882
f 780/780/780 781/781/781 882/882/882
f 882/882/882 781/781/781 883/883/883
f 781/781/781 782/782/782 883/883/883
f 883/883/883 782/782/782 884/884/884
f 782/782/782 783/783/783 884/884/884
f 884/884/884 783/783/783 885/885/885
f 783/783/783 784/784/784 885/885/885
f 885/885/885 784/784/784 886/886/886
f 784/784/784 785/785/785 886/886/886
f 886/886/886 785/785/785 887/887/887
f 785/785/785 786/786/786 887/887/887
f 887/887/887 786/786/786 888/888/888
f 786/786/786 787/787/787 888/888/888
f 888/888/888 787/787/787 889/889/889
f 787/787/787 788/788/788 889/889/889
f 889/889/889 788/788/788 890/890/890
f 788/788/788 789/789/789 890/890/890
f 890/890/890 789/789/789 891/891/891
f 789/789/789 790/790/790 891/891/891
f 891/891/891 790/790/790 892/892/892
f 790/790/790 791/791/791 892/892/892
f 892/892/892 791/791/791 893/893/893
f 791/791/791 792/792/792 893/893/893
f 893/893/893 792/792/792 894/894/894
f 792/792/792 793/793/793 894/894/894
f 894/894/894 793/793/793 895/895/895
f 793/793/793 794/794/794 895/895/895
f 895/895/895 794/794/794 896/896/896
f 794/794/794 795/795/795 896/896/896
f 896/896/896 795/795/795 897/897/897
f 795/795/795 796/796/796 897/897/897
f 897/897/897 796/796/796 898/898/898
f 796/796/796 797/797/797 898/898/898
f 898/898/898 797/797/797 899/899/899
f 797/797/797 798/798/798 899/899/899
f 899/899/899 798/798/798 900/900/900
f 798/798/798 799/799/799 900/900/900
f 900/900/900 799/799/799 901/901/901
f 799/799/799 800/800/800 901/901/901
f 901/901/901 800/800/800 902/902/902
f 800/800/800 801/801/801 902/902/902
f 902/902/902 801/801/801 903/903/903
f 801/801/801 802/802/802 903/903/903
f 903/903/903 802/802/802 904/904/904
f 802/802/802 803/803/803 904/904/904
f 904/904/904 803/803/803 905/905/905
f 803/803/803 804/804/804 905/905/905
f 905/905/905 804/804/804 906/906/906
f 804/804/804 805/805/805 906/906/906
f 906/906/906 805/805/805 907/907/907
f 805/805/805 806/806/806 907/907/907
f 907/907/907 806/806/806 908/908/908
f 806/806/806 807/807/807 908/908/908
f 908/908/908 807/807/807 909/909/909
f 807/807/807 808/808/808 909/909/909
f 910/910/910 809/809/809 911/911/911
f 809/809/809 810/810/810 911/911/911
f 911/911/911 810/810/810 912/912/912
f 810/810/810 811/811/811 912/912/912
f 912/912/912 811/811/811 913/913/913
f 811/811/811 812/812/812 913/913/913
f 913/913/913 812/812/812 914/914/914
f 812/812/812 813/813/813 914/914/914
f 914/914/914 813/813/813 915/915/915
f 813/813/813 814/814/814 915/915/915
f 915/915/915 814/814/814 916/916/916
f 814/814/814 815/815/815 916/916/916
f 916/916/916 815/815/815 917/917/917
f 815/815/815 816/816/816 917/917/917
f 917/917/917 816/816/816 918/918/918
f 816/816/816 817/817/817 918/918/918
f 918/918/918 817/817/817 919/919/919
f 817/817/817 818/818/818 919/919/919
f 919/919/919 818/818/818 920/920/920
f 818/818/818 819/819/819 920/920/920
f 920/920/920 819/819/819 921/921/921
f 819/819/819 820/820/820 921/921/921
f 921/921/921 820/820/820 922/922/922
f 820/820/820 821/821/821 922/922/922
f 922/922/922 821/821/821 923/923/923
f 821/821/821 822/822/822 923/923/923
f 923/923/923 822/822/822 924/924/924
f 822/822/822 823/823/823 924/924/924
f 924/924/924 823/823/823 925/925/925
f 823/823/823 824/824/824 925/925/925
f 925/925/925 824/824/824 926/926/926
f 824/824/824 825/825/825 926/926/926
f 926/926/926 825/825/825 927/927/927
f 825/825/825 826/826/826 927/927/927
f 927/927/927 826/826/826 928/928/928
f 826/826/826 827/827/827 928/928/928
f 928/928/928 827/827/827 929/929/929
f 827/827/827 828/828/828 929/929/929
f 929/929/929 828/828/828 930/930/930
f 828/828/828 829/829/829 930/930/930
f 930/930/930 829/829/829 931/931/931
f 829/829/829 830/830/830 931/931/931
f 931/931/931 830/830/830 932/932/932
f 830/830/830 831/831/831 932/932/932
f 932/932/932 831/831/831 933/933/933
f 831/831/831 832/832/832 933/933/933
f 933/933/933 832/832/832 934/934/934
f 832/832/832 833/833/833 934/934/934
f 934/934/934 833/833/833 935/935/935
f 833/833/833 834/834/834 935/935/935
f 935/935/935 834/834/834 936/936/936
f 834/834/834 835/835/835 936/936/936
f 936/936/936 835/835/835 937/937/937
f 835/835/835 836/836/836 937/937/937
f 937/937/937 836/836/836 938/938/938
f 836/836/836 837/837/837 938/938/938
f 938/938/938 837/837/837 939/939/939
f 837/837/837 838/838/838 939/939/939
f 939/939/939 838/838/838 940/940/940
f 838/838/838 839/839/839 940/940/940
f 940/940/940 839/839/839 941/941/941
f 839/839/839 840/840/840 941/941/941
f 941/941/941 840/840/840 942/942/942
f 840/840/840 841/841/841 942/942/942
f 942/942/942 841/841/841 943/943/943
f 841/841/841 842/842/842 943/943/943
f 943/943/943 842/842/842 944/944/944
f 842/842/842 843/843/843 944/944/944
f 944/944/944 843/843/843 945/945/945
f 843/843/843 844/844/844 945/945/945
f 945/945/945 844/844/844 946/946/946
f 844/844/844 845/845/845 946/946/946
f 946/946/946 845/845/845 947/947/947
f 845/845/845 846/846/846 947/947/947
f 947/947/947 846/846/846 948/948/948
f 846/846/846 847/847/847 948/948/948
f 948/948/948 847/847/847 949/949/949
f 847/847/847 848/848/848 949/949/949
f 949/949/949 848/848/848 950/950/950
f 848/848/848 849/849/849 950/950/950
f 950/950/950 849/849/849 951/951/951
f 849/849/849 850/850/850 951/951/951
f 951/951/951 850/850/850 952/952/952
f 850/850/850 851/851/851 952/952/952
f 952/952/952 851/851/851 953/953/953
f 851/851/851 852/852/852 953/953/953
f 953/953/953 852/852/852 954/954/954
f 852/852/852 853/853/853 954/954/954
f 954/954/954 853/853/853 955/955/955
f 853/853/853 854/854/854 955/955/955
f 955/955/955 854/854/854 956/956/956
f 854/854/854 855/855/855 956/956/956
f 956/956/956 855/855/855 957/957/957
f 855/855/855 856/856/856 957/957/957
f 957/957/957 856/856/856 958/958/958
f 856/856/856 857/857/857 958/958/958
f 958/958/958 857/857/857 959/959/959
f 857/857/857 858/858/858 959/959/959
f 959/959/959 858/858/858 960/960/960
f 858/858/858 859/859/859 960/960/960
f 960/960/960 859/859/859 961/961/961
f 859/859/859 860/860/860 961/961/961
f 961/961/961 860/860/860 962/962/962
f 860/860/860 861/861/861 962/962/962
f 962/962/962 861/861/861 963/963/963
f 861/861/861 862/862/862 963/963/963
f 963/963/963 862/862/862 964/964/964
f 862/862/862 863/863/863 964/964/964
f 964/964/964 863/863/863 965/965/965
f 863/863/863 864/864/864 965/965/965
f 965/965/965 864/864/864 966/966/966
f 864/864/864 865/865/865 966/966/966
f 966/966/966 865/865/865 967/967/967
f 865/865/865 866/866/866 967/967/967
f 967/967/967 866/866/866 968/968/968
f 866/866/866 867/867/867 968/968/968
f 968/968/968 867/867/867 969/969/969
f 867/867/867 868/868/868 969/969/969
f 969/969/969 868/868/868 970/970/970
f 868/868/868 869/869/869 970/970/970
f 970/970/970 869/869/869 971/971/971
f 869/869/869 870/870/870 971/971/971
f 971/971/971 870/870/870 972/972/972
f 870/870/870 871/871/871 972/972/972
f 972/972/972 871/871/871 973/973/973
f 871/871/871 872/872/872 973/973/973
f 973/973/973 872/872/872 974/974/974
f 872/872/872 873/873/873 974/974/974
f 974/974/974 873/873/873 975/975/975
f 873/873/873 874/874/874 975/975/975
f 975/975/975 874/874/874 976/976/976
f 874/874/874 875/875/875 976/976/976
f 976/976/976 875/875/875 977/977/977
f 875/875/875 876/876/876 977/977/977
f 977/977/977 876/876/876 978/978/978
f 876/876/876 877/877/877 978/978/978
f 978/978/978 877/877/877 979/979/979
f 877/877/877 878/878/878 979/979/979
f 979/979/979 878/878/878 980/980/980
f 878/878/878 879/879/879 980/980/980
f 980/980/980 879/879/879 981/981/981
f 879/879/879 880/880/880 981/981/981
f 981/981/981 880/880/880 982/982/982
f 880/880/880 881/881/881 982/982/982
f 982/982/982 881/881/881 983/983/983
f 881/881/881 882/882/882 983/983/983
f 983/983/983 882/882/882 984/984/984
f 882/882/882 883/883/883 984/984/984
f 984/984/984 883/883/883 985/985/985
f 883/883/883 884/884/884 985/985/985
f 985/985/985 884/884/884 986/986/986
f 884/884/884 885/885/885 986/986/986
f 986/986/986 885/885/885 987/987/987
f 885/885/885 886/886/886 987/987/987
f 987/987/987 886/886/886 988/988/988
f 886/886/886 887/887/887 988/988/988
f 988/988/988 887/887/887 989/989/989
f 887/887/887 888/888/888 989/989/989
f 989/989/989 888/888/888 990/990/990
f 888/888/888 889/889/889 990/990/990
f 990/990/990 889/889/889 991/991/991
f 889/889/889 890/890/890 991/991/991
f 991/991/991 890/890/890 992/992/992
f 890/890/890 891/891/891 992/992/992
f 992/992/992 891/891/891 993/993/993
f 891/891/891 892/892/892 993/993/993
f 993/993/993 892/892/892 994/994/994
f 892/892/892 893/893/893 994/994/994
f 994/994/994 893/893/893 995/995/995
f 893/893/893 894/894/894 995/995/995
f 995/995/995 894/894/894 996/996/996
f 894/894/894 895/895/895 996/996/996
f 996/996/996 895/895/895 997/997/997
f 895/895/895 896/896/896 997/997/997
f 997/997/997 896/896/896 998/998/998
f 896/896/896 897/897/897 998/998/998
f 998/998/998 897/897/897 999/999/999
f 897/897/897 898/898/898 999/999/999
f 999/999/999 898/898/898 1000/1000/1000
f 898/898/898 899/899/899 1000/1000/1000
f 1000/1000/1000 899/899/899 1001/1001/1001
f 899/899/899 900/900/900 1001/1001/1001
f 1001/1001/1001 900/900/900 1002/1002/1002
f 900/900/900 901/901/901 1002/1002/1002
f 1002/1002/1002 901/901/901 1003/1003/1003
f 901/901/901 902/902/902 1003/1003/1003
f 1003/1003/1003 902/902/902 1004/1004/1004
f 902/902/902 903/903/903 1004/1004/1004
f 1004/1004/1004 903/903/903 1005/1005/1005
f 903/903/903 904/904/904 1005/1005/1005
f 1005/1005/1005 904/904/904 1006/1006/1006
f 904/904/904 905/905/905 1006/1006/1006
f 1006/1006/1006 905/905/905 1007/1007/1007
f 905/905/905 906/906/906 1007/1007/1007
f 1007/1007/1007 906/906/906 1008/1008/1008
f 906/906/906 907/907/907 1008/1008/1008
f 1008/1008/1008 907/907/907 1009/1009/1009
f 907/907/907 908/908/908 1009/1009/1009
f 1009/1009/1009 908/908/908 1010/1010/1010
f 908/908/908 909/909/909 1010/1010/1010
f 1011/1011/1011 910/910/910 1012/1012/1012
f 910/910/910 911/911/911 1012/1012/1012
f 1012/1012/1012 911/911/911 1013/1013/1013
f 911/911/911 912/912/912 1013/1013/1013
f 1013/1013/1013 912/912/912 1014/1014/1014
f 912/912/912 913/913/913 1014/1014/1014
f 1014/1014/1014 913/913/913 1015/1015/1015
f 913/913/913 914/914/914 1015/1015/1015
f 1015/1015/1015 914/914/914 1016/1016/1016
f 914/914/914 915/915/915 1016/1016/1016
f 1016/1016/1016 915/915/915 1017/1017/1017
f 915/915/915 916/916/916 1017/1017/1017
f 1017/1017/1017 916/916/916 1018/1018/1018
f 916/916/916 917/917/917 1018/1018/1018
f 1018/1018/1018 917/917/917 1019/1019/1019
f 917/917/917 918/918/918 1019/1019/1019
f 1019/1019/1019 918/918/918 1020/1020/1020
f 918/918/918 919/919/919 1020/1020/1020
f 1020/1020/1020 919/919/919 1021/1021/1021
f 919/919/919 920/920/920 1021/1021/1021
f 1021/1021/1021 920/920/920 1022/1022/1022
f 920/920/920 921/921/921 1022/1022/1022
f 1022/1022/1022 921/921/921 1023/1023/1023
f 921/921/921 922/922/922 1023/1023/1023
f 1023/1023/1023 922/922/922 1024/1024/1024
f 922/922/922 923/923/923 1024/1024/1024
f 1024/1024/1024 923/923/923 1025/1025/1025
f 923/923/923 924/924/924 1025/1025/1025
f 1025/1025/1025 924/924/924 1026/1026/1026
f 924/924/924 925/925/925 1026/1026/1026
f 1026/1026/1026 925/925/925 1027/1027/1027
f 925/925/925 926/926/926 1027/1027/1027
f 1027/1027/1027 926/926/926 1028/1028/1028
f 926/926/926 927/927/927 1028/1028/1028
f 1028/1028/1028 927/927/927 1029/1029/1029
f 927/927/927 928/928/928 1029/1029/1029
f 1029/1029/1029 928/928/928 1030/1030/1030
f 928/928/928 929/929/929 1030/1030/1030
f 1030/1030/1030 929/929/929 1031/1031/1031
f 929/929/929 930/930/930 1031/1031/1031
f 1031/1031/1031 930/930/930 1032/1032/1032
f 930/930/930 931/931/931 1032/1032/1032
f 1032/1032/1032 931/931/931 1033/1033/1033
f 931/931/931 932/932/932 1033/1033/1033
f 1033/1033/1033 932/932/932 1034/1034/1034
f 932/932/932 933/933/933 1034/1034/1034
f 1034/1034/1034 933/933/933 1035/1035/1035
f 933/933/933 934/934/934 1035/1035/1035
f 1035/1035/1035 934/934/934 1036/1036/1036
f 934/934/934 935/935/935 1036/1036/1036
f 1036/1036/1036 935/935/935 1037/1037/1037
f 935/935/935 936/936/936 1037/1037/1037
f 1037/1037/1037 936/936/936 1038/1038/1038
f 936/936/936 937/937/937 1038/1038/1038
f 1038/1038/1038 937/937/937 1039/1039/1039
f 937/937/937 938/938/938 1039/1039/1039
f 1039/1039/1039 938/938/938 1040/1040/1040
f 938/938/938 939/939/939 1040/1040/1040
f 1040/1040/1040 939/939/939 1041/1041/1041
f 939/939/939 940/940/940 1041/1041/1041
f 1041/1041/1041 940/940/940 1042/1042/1042
f 940/940/940 941/941/941 1042/1042/1042
f 1042/1042/1042 941/941/941 1043/1043/1043
f 941/941/941 942/942/942 1043/1043/1043
f 1043/1043/1043 942/942/942 1044/1044/1044
f 942/942/942 943/943/943 1044/1044/1044
f 1044/1044/1044 943/943/943 1045/1045/1045
f 943/943/943 944/944/944 1045/1045/1045
f 1045/1045/1045 944/944/944 1046/1046/1046
f 944/944/944 945/945/945 1046/1046/1046
f 1046/1046/1046 945/945/945 1047/1047/1047
f 945/945/945 946/946/946 1047/1047/1047
f 1047/1047/1047 946/946/946 1048/1048/1048
f 946/946/946 947/947/947 1048/1048/1048
f 1048/1048/1048 947/947/947 1049/1049/1049
f 947/947/947 948/948/948 1049/1049/1049
f 1049/1049/1049 948/948/948 1050/1050/1050
f 948/948/948 949/949/949 1050/1050/1050
f 1050/1050/1050 949/949/949 1051/1051/1051
f 949/949/949 950/950/950 1051/1051/1051
f 1051/1051/1051 950/950/950 1052/1052/1052
f 950/950/950 951/951/951 1052/1052/1052
f 1052/1052/1052 951/951/951 1053/1053/1053
f 951/951/951 952/952/952 1053/1053/1053
f 1053/1053/1053 952/952/952 1054/1054/1054
f 952/952/952 953/953/953 1054/1054/1054
f 1054/1054/1054 953/953/953 1055/1055/1055
f 953/953/953 954/954/954 1055/1055/1055
f 1055/1055/1055 954/954/954 1056/1056/1056
f 954/954/954 955/955/955 1056/1056/1056
f 1056/1056/1056 955/955/955 1057/1057/1057
f 955/955/955 956/956/956 1057/1057/1057
f 1057/1057/1057 956/956/956 1058/1058/1058
f 956/956/956 957/957/957 1058/1058/1058
f 1058/1058/1058 957/957/957 1059/1059/1059
f 957/957/957 958/958/958 1059/1059/1059
f 1059/1059/1059 958/958/958 1060/1060/1060
f 958/958/958 959/959/959 1060/1060/1060
f 1060/1060/1060 959/959/959 1061/1061/1061
f 959/959/959 960/960/960 1061/1061/1061
f 1061/1061/1061 960/960/960 1062/1062/1062
f 960/960/960 961/961/961 1062/1062/1062
f 1062/1062/1062 961/961/961 1063/1063/1063
f 961/961/961 962/962/962 1063/1063/1063
f 1063/1063/1063 962/962/962 1064/1064/1064
f 962/962/962 963/963/963 1064/1064/1064
f 1064/1064/1064 963/963/963 1065/1065/1065
f 963/963/963 964/964/964 1065/1065/1065
f 1065/1065/1065 964/964/964 1066/1066/1066
f 964/964/964 965/965/965 1066/1066/1066
f 1066/1066/1066 965/965/965 1067/1067/1067
f 965/965/965 966/966/966 1067/1067/1067
f 1067/1067/1067 966/966/966 1068/1068/1068
f 966/966/966 967/967/967 1068/1068/1068
f 1068/1068/1068 967/967/967 1069/1069/1069
f 967/967/967 968/968/968 1069/1069/1069
f 1069/1069/1069 968/968/968 1070/1070/1070
f 968/968/968 969/969/969 1070/1070/1070
f 1070/1070/1070 969/969/969 1071/1071/1071
f 969/969/969 970/970/970 1071/1071/1071
f 1071/1071/1071 970/970/970 1072/1072/1072
f 970/970/970 971/971/971 1072/1072/1072
f 1072/1072/1072 971/971/971 1073/1073/1073
f 971/971/971 972/972/972 1073/1073/1073
f 1073/1073/1073 972/972/972 1074/1074/1074
f 972/972/972 973/973/973 1074/1074/1074
f 1074/1074/1074 973/973/973 1075/1075/1075
f 973/973/973 974/974/974 1075/1075/1075
f 1075/1075/1075 974/974/974 1076/1076/1076
f 974/974/974 975/975/975 1076/1076/1076
f 1076/1076/1076 975/975/975 1077/1077/1077
f 975/975/975 976/976/976 1077/1077/1077
f 1077/1077/1077 976/976/976 1078/1078/1078
f 976/976/976 977/977/977 1078/1078/1078
f 1078/1078/1078 977/977/977 1079/1079/1079
f 977/977/977 978/978/978 1079/1079/1079
f 1079/1079/1079 978/978/978 1080/1080/1080
f 978/978/978 979/979/979 1080/1080/1080
f 1080/1080/1080 979/979/979 1081/1081/1081
f 979/979/979 980/980/980 1081/1081/1081
f 1081/1081/1081 980/980/980 1082/1082/1082
f 980/980/980 981/981/981 1082/1082/1082
f 1082/1082/1082 981/981/981 1083/1083/1083
f 981/981/981 982/982/982 1083/1083/1083
f 1083/1083/1083 982/982/982 1084/1084/1084
f 982/982/982 983/983/983 1084/1084/1084
f 1084/1084/1084 983/983/983 1085/1085/1085
f 983/983/983 984/984/984 1085/1085/1085
f 1085/1085/1085 984/984/984 1086/1086/1086
f 984/984/984 985/985/985 1086/1086/1086
f 1086/1086/1086 985/985/985 1087/1087/1087
f 985/985/985 986/986/986 1087/1087/1087
f 1087/1087/1087 986/986/986 1088/1088/1088
f 986/986/986 987/987/987 1088/1088/1088
f 1088/1088/1088 987/987/987 1089/1089/1089
f 987/987/987 988/988/988 1089/1089/1089
f 1089/1089/1089 988/988/988 1090/1090/1090
f 988/988/988 989/989/989 1090/1090/1090
f 1090/1090/1090 989/989/989 1091/1091/1091
f 989/989/989 990/990/990 1091/1091/1091
f 1091/1091/1091 990/990/990 1092/1092/1092
f 990/990/990 991/991/991 1092/1092/1092
f 1092/1092/1092 991/991/991 1093/1093/1093
f 991/991/991 992/992/992 1093/1093/1093
f 1093/1093/1093 992/992/992 1094/1094/1094
f 992/992/992 993/993/993 1094/1094/1094
f 1094/1094/1094 993/993/993 1095/1095/1095
f 993/993/993 994/994/994 1095/1095/1095
f 1095/1095/1095 994/994/994 1096/1096/1096
f 994/994/994 995/995/995 1096/1096/1096
f 1096/1096/1096 995/995/995 1097/1097/1097
f 995/995/995 996/996/996 1097/1097/1097
f 1097/1097/1097 996/996/996 1098/1098/1098
f 996/996/996 997/997/997 1098/1098/1098
f 1098/1098/1098 997/997/997 1099/1099/1099
f 997/997/997 998/998/998 1099/1099/1099
f 1099/1099/1099 998/998/998 1100/1100/1100
f 998/998/998 999/999/999 1100/1100/1100
f 1100/1100/1100 999/999/999 1101/1101/1101
f 999/999/999 1000/1000/1000 1101/1101/1101
f 1101/1101/1101 1000/1000/1000 1102/1102/1102
f 1000/1000/1000 1001/1001/1001 1102/1102/1102
f 1102/1102/1102 1001/1001/1001 1103/1103/1103
f 1001/1001/1001 1002/1002/1002 1103/1103/1103
f 1103/1103/1103 1002/1002/1002 1104/1104/1104
f 1002/1002/1002 1003/1003/1003 1104/1104/1104
f 1104/1104/1104 1003/1003/1003 1105/1105/1105
f 1003/1003/1003 1004/1004/1004 1105/1105/1105
f 1105/1105/1105 1004/1004/1004 1106/1106/1106
f 1004/1004/1004 1005/1005/1005 1106/1106/1106
f 1106/1106/1106 1005/1005/1005 1107/1107/1107
f 1005/1005/1005 1006/1006/1006 1107/1107/1107
f 1107/1107/1107 1006/1006/1006 1108/1108/1108
f 1006/1006/1006 1007/1007/1007 1108/1108/1108
f 1108/1108/1108 1007/1007/1007 1109/1109/1109
f 1007/1007/1007 1008/1008/1008 1109/1109/1109
f 1109/1109/1109 1008/1008/1008 1110/1110/1110
f 1008/1008/1008 1009/1009/1009 1110/1110/1110
f 1110/1110/1110 1009/1009/1009 1111/1111/1111
f 1009/1009/1009 1010/1010/1010 1111/1111/1111
f 1112/1112/1112 1011/1011/1011 1113/1113/1113
f 1011/1011/1011 1012/1012/1012 1113/1113/1113
f 1113/1113/1113 1012/1012/1012 1114/1114/1114
f 1012/1012/1012 1013/1013/1013 1114/1114/1114
f 1114/1114/1114 1013/1013/1013 1115/1115/1115
f 1013/1013/1013 1014/1014/1014 1115/1115/1115
f 1115/1115/1115 1014/1014/1014 1116/1116/1116
f 1014/1014/1014 1015/1015/1015 1116/1116/1116
f 1116/1116/1116 1015/1015/1015 1117/1117/1117
f 1015/1015/1015 1016/1016/1016 1117/1117/1117
f 1117/1117/1117 1016/1016/1016 1118/1118/1118
f 1016/1016/1016 1017/1017/1017 1118/1118/1118
f 1118/1118/1118 1017/1017/1017 1119/1119/1119
f 1017/1017/1017 1018/1018/1018 1119/1119/1119
f 1119/1119/1119 1018/1018/1018 1120/1120/1120
f 1018/1018/1018 1019/1019/1019 1120/1120/1120
f 1120/1120/1120 1019/1019/1019 1121/1121/1121
f 1019/1019/1019 1020/1020/1020 1121/1121/1121
f 1121/1121/1121 1020/1020/1020 1122/1122/1122
f 1020/1020/1020 1021/1021/1021 1122/1122/1122
f 1122/1122/1122 1021/1021/1021 1123/1123/1123
f 1021/1021/1021 1022/1022/1022 1123/1123/1123
f 1123/1123/1123 1022/1022/1022 1124/1124/1124
f 1022/1022/1022 1023/1023/1023 1124/1124/1124
f 1124/1124/1124 1023/1023/1023 1125/1125/1125
f 1023/1023/1023 1024/1024/1024 1125/1125/1125
f 1125/1125/1125 1024/1024/1024 1126/1126/1126
f 1024/1024/1024 1025/1025/1025 1126/1126/1126
f 1126/1126/1126 1025/1025/1025 1127/1127/1127
f 1025/1025/1025 1026/1026/1026 1127/1127/1127
f 1127/1127/1127 1026/1026/1026 1128/1128/1128
f 1026/1026/1026 1027/1027/1027 1128/1128/1128
f 1128/1128/1128 1027/1027/1027 1129/1129/1129
f 1027/1027/1027 1028/1028/1028 1129/1129/1129
f 1129/1129/1129 1028/1028/1028 1130/1130/1130
f 1028/1028/1028 1029/1029/1029 1130/1130/1130
f 1130/1130/1130 1029/1029/1029 1131/1131/1131
f 1029/1029/1029 1030/1030/1030 1131/1131/1131
f 1131/1131/1131 1030/1030/1030 1132/1132/1132
f 1030/1030/1030 1031/1031/1031 1132/1132/1132
f 1132/1132/1132 1031/1031/1031 1133/1133/1133
f 1031/1031/1031 1032/1032/1032 1133/1133/1133
f 1133/1133/1133 1032/1032/1032 1134/1134/1134
f 1032/1032/1032 1033/1033/1033 1134/1134/1134
f 1134/1134/1134 1033/1033/1033 1135/1135/1135
f 1033/1033/1033 1034/1034/1034 1135/1135/1135
f 1135/1135/1135 1034/1034/1034 1136/1136/1136
f 1034/1034/1034 1035/1035/1035 1136/1136/1136
f 1136/1136/1136 1035/1035/1035 1137/1137/1137
f 1035/1035/1035 1036/1036/1036 1137/1137/1137
f 1137/1137/1137 1036/1036/1036 1138/1138/1138
f 1036/1036/1036 1037/1037/1037 1138/1138/1138
f 1138/1138/1138 1037/1037/1037 1139/1139/1139
f 1037/1037/1037 1038/1038/1038 1139/1139/1139
f 1139/1139/1139 1038/1038/1038 1140/1140/1140
f 1038/1038/1038 1039/1039/1039 1140/1140/1140
f 1140/1140/1140 1039/1039/1039 1141/1141/1141
f 1039/1039/1039 1040/1040/1040 1141/1141/1141
f 1141/1141/1141 1040/1040/1040 1142/1142/1142
f 1040/1040/1040 1041/1041/1041 1142/1142/1142
f 1142/1142/1142 1041/1041/1041 1143/1143/1143
f 1041/1041/1041 1042/1042/1042 1143/1143/1143
f 1143/1143/1143 1042/1042/1042 1144/1144/1144
f 1042/1042/1042 1043/1043/1043 1144/1144/1144
f 1144/1144/1144 1043/1043/1043 1145/1145/1145
f 1043/1043/1043 1044/1044/1044 1145/1145/1145
f 1145/1145/1145 1044/1044/1044 1146/1146/1146
f 1044/1044/1044 1045/1045/1045 1146/1146/1146
f 1146/1146/1146 1045/1045/1045 1147/1147/1147
f 1045/1045/1045 1046/1046/1046 1147/1147/1147
f 1147/1147/1147 1046/1046/1046 1148/1148/1148
f 1046/1046/1046 1047/1047/1047 1148/1148/1148
f 1148/1148/1148 1047/1047/1047 1149/1149/1149
f 1047/1047/1047 1048/1048/1048 1149/1149/1149
f 1149/1149/1149 1048/1048/1048 1150/1150/1150
f 1048/1048/1048 1049/1049/1049 1150/1150/1150
f 1150/1150/1150 1049/1049/1049 1151/1151/1151
f 1049/1049/1049 1050/1050/1050 1151/1151/1151
f 1151/1151/1151 1050/1050/1050 1152/1152/1152
f 1050/1050/1050 1051/1051/1051 1152/1152/1152
f 1152/1152/1152 1051/1051/1051 1153/1153/1153
f 1051/1051/1051 1052/1052/1052 1153/1153/1153
f 1153/1153/1153 1052/1052/1052 1154/1154/1154
f 1052/1052/1052 1053/1053/1053 1154/1154/1154
f 1154/1154/1154 1053/1053/1053 1155/1155/1155
f 1053/1053/1053 1054/1054/1054 1155/1155/1155
f 1155/1155/1155 1054/1054/1054 1156/1156/1156
f 1054/1054/1054 1055/1055/1055 1156/1156/1156
f 1156/1156/1156 1055/1055/1055 1157/1157/1157
f 1055/1055/1055 1056/1056/1056 1157/1157/1157
f 1157/1157/1157 1056/1056/1056 1158/1158/1158
f 1056/1056/1056 1057/1057/1057 1158/1158/1158
f 1158/1158/1158 1057/1057/1057 1159/1159/1159
f 1057/1057/1057 1058/1058/1058 1159/1159/1159
f 1159/1159/1159 1058/1058/1058 1160/1160/1160
f 1058/1058/1058 1059/1059/1059 1160/1160/1160
f 1160/1160/1160 1059/1059/1059 1161/1161/1161
f 1059/1059/1059 1060/1060/1060 1161/1161/1161
f 1161/1161/1161 1060/1060/1060 1162/1162/1162
f 1060/1060/1060 1061/1061/1061 1162/1162/1162
f 1162/1162/1162 1061/1061/1061 1163/1163/1163
f 1061/1061/1061 1062/1062/1062 1163/1163/1163
f 1163/1163/1163 1062/1062/1062 1164/1164/1164
f 1062/1062/1062 1063/1063/1063 1164/1164/1164
f 1164/1164/1164 1063/1063/1063 1165/1165/1165
f 1063/1063/1063 1064/1064/1064 1165/1165/1165
f 1165/1165/1165 1064/1064/1064 1166/1166/1166
f 1064/1064/1064 1065/1065/1065 1166/1166/1166
f 1166/1166/1166 1065/1065/1065 1167/1167/1167
f 1065/1065/1065 1066/1066/1066 1167/1167/1167
f 1167/1167/1167 1066/1066/1066 1168/1168/1168
f 1066/1066/1066 1067/1067/1067 1168/1168/1168
f 1168/1168/1168 1067/1067/1067 1169/1169/1169
f 1067/1067/1067 1068/1068/1068 1169/1169/1169
f 1169/1169/1169 1068/1068/1068 1170/1170/1170
f 1068/1068/1068 1069/1069/1069 1170/1170/1170
f 1170/1170/1170 1069/1069/1069 1171/1171/1171
f 1069/1069/1069 1070/1070/1070 1171/1171/1171
f 1171/1171/1171 1070/1070/1070 1172/1172/1172
f 1070/1070/1070 1071/1071/1071 1172/1172/1172
f 1172/1172/1172 1071/1071/1071 1173/1173/1173
f 1071/1071/1071 1072/1072/1072 1173/1173/1173
f 1173/1173/1173 1072/1072/1072 1174/1174/1174
f 1072/1072/1072 1073/1073/1073 1174/1174/1174
f 1174/1174/1174 1073/1073/1073 1175/1175/1175
f 1073/1073/1073 1074/1074/1074 1175/1175/1175
f 1175/1175/1175 1074/1074/1074 1176/1176/1176
f 1074/1074/1074 1075/1075/1075 1176/1176/1176
f 1176/1176/1176 1075/1075/1075 1177/1177/1177
f 1075/1075/1075 1076/1076/1076 1177/1177/1177
f 1177/1177/1177 1076/1076/1076 1178/1178/1178
f 1076/1076/1076 1077/1077/1077 1178/1178/1178
f 1178/1178/1178 1077/1077/1077 1179/1179/1179
f 1077/1077/1077 1078/1078/1078 1179/1179/1179
f 1179/1179/1179 1078/1078/1078 1180/1180/1180
f 1078/1078/1078 1079/1079/1079 1180/1180/1180
f 1180/1180/1180 1079/1079/1079 1181/1181/1181
f 1079/1079/1079 1080/1080/1080 1181/1181/1181
f 1181/1181/1181 1080/1080/1080 1182/1182/1182
f 1080/1080/1080 1081/1081/1081 1182/1182/1182
f 1182/1182/1182 1081/1081/1081 1183/1183/1183
f 1081/1081/1081 1082/1082/1082 1183/1183/1183
f 1183/1183/1183 1082/1082/1082 1184/1184/1184
f 1082/1082/1082 1083/1083/1083 1184/1184/1184
f 1184/1184/1184 1083/1083/1083 1185/1185/1185
f 1083/1083/1083 1084/1084/1084 1185/1185/1185
f 1185/1185/1185 1084/1084/1084 1186/1186/1186
f 1084/1084/1084 1085/1085/1085 1186/1186/1186
f 1186/1186/1186 1085/1085/1085 1187/1187/1187
f 1085/1085/1085 1086/1086/1086 1187/1187/1187
f 1187/1187/1187 1086/1086/1086 1188/1188/1188
f 1086/1086/1086 1087/1087/1087 1188/1188/1188
f 1188/1188/1188 1087/1087/1087 1189/1189/1189
f 1087/1087/1087 1088/1088/1088 1189/1189/1189
f 1189/1189/1189 1088/1088/1088 1190/1190/1190
f 1088/1088/1088 1089/1089/1089 1190/1190/1190
f 1190/1190/1190 1089/1089/1089 1191/1191/1191
f 1089/1089/1089 1090/1090/1090 1191/1191/1191
f 1191/1191/1191 1090/1090/1090 1192/1192/1192
f 1090/1090/1090 1091/1091/1091 1192/1192/1192
f 1192/1192/1192 1091/1091/1091 1193/1193/1193
f 1091/1091/1091 1092/1092/1092 1193/1193/1193
f 1193/1193/1193 1092/1092/1092 1194/1194/1194
f 1092/1092/1092 1093/1093/1093 1194/1194/1194
f 1194/1194/1194 1093/1093/1093 1195/1195/1195
f 1093/1093/1093 1094/1094/1094 1195/1195/1195
f 1195/1195/1195 1094/1094/1094 1196/1196/1196
f 1094/1094/1094 1095/1095/1095 1196/1196/1196
f 1196/1196/1196 1095/1095/1095 1197/1197/1197
f 1095/1095/1095 1096/1096/1096 1197/1197/1197
f 1197/1197/1197 1096/1096/1096 1198/1198/1198
f 1096/1096/1096 1097/1097/1097 1198/1198/1198
f 1198/1198/1198 1097/1097/1097 1199/1199/1199
f 1097/1097/1097 1098/1098/1098 1199/1199/1199
f 1199/1199/1199 1098/1098/1098 1200/1200/1200
f 1098/1098/1098 1099/1099/1099 1200/1200/1200
f 1200/1200/1200 1099/1099/1099 1201/1201/1201
f 1099/1099/1099 1100/1100/1100 1201/1201/1201
f 1201/1201/1201 1100/1100/1100 1202/1202/1202
f 1100/1100/1100 1101/1101/1101 1202/1202/1202
f 1202/1202/1202 1101/1101/1101 1203/1203/1203
f 1101/1101/1101 1102/1102/1102 1203/1203/1203
f 1203/1203/1203 1102/1102/1102 1204/1204/1204
f 1102/1102/1102 1103/1103/1103 1204/1204/1204
f 1204/1204/1204 1103/1103/1103 1205/1205/1205
f 1103/1103/1103 1104/1104/1104 1205/1205/1205
f 1205/1205/1205 1104/1104/1104 1206/1206/1206
f 1104/1104/1104 1105/1105/1105 1206/1206/1206
f 1206/1206/1206 1105/1105/1105 1207/1207/1207
f 1105/1105/1105 1106/1106/1106 1207/1207/1207
f 1207/1207/1207 1106/1106/1106 1208/1208/1208
f 1106/1106/1106 1107/1107/1107 1208/1208/1208
f 1208/1208/1208 1107/1107/1107 1209/1209/1209
f 1107/1107/1107 1108/1108/1108 1209/1209/1209
f 1209/1209/1209 1108/1108/1108 1210/1210/1210
f 1108/1108/1108 1109/1109/1109 1210/1210/1210
f 1210/1210/1210 1109/1109/1109 1211/1211/1211
f 1109/1109/1109 1110/1110/1110 1211/1211/1211
f 1211/1211/1211 1110/1110/1110 1212/1212/1212
f 1110/1110/1110 1111/1111/1111 1212/1212/1212
f 1213/1213/1213 1112/1112/1112 1214/1214/1214
f 1112/1112/1112 1113/1113/1113 1214/1214/1214
f 1214/1214/1214 1113/1113/1113 1215/1215/1215
f 1113/1113/1113 1114/1114/1114 1215/1215/1215
f 1215/1215/1215 1114/1114/1114 1216/1216/1216
f 1114/1114/1114 1115/1115/1115 1216/1216/1216
f 1216/1216/1216 1115/1115/1115 1217/1217/1217
f 1115/1115/1115 1116/1116/1116 1217/1217/1217
f 1217/1217/1217 1116/1116/1116 1218/1218/1218
f 1116/1116/1116 1117/1117/1117 1218/1218/1218
f 1218/1218/1218 1117/1117/1117 1219/1219/1219
f 1117/1117/1117 1118/1118/1118 1219/1219/1219
f 1219/1219/1219 1118/1118/1118 1220/1220/1220
f 1118/1118/1118 1119/1119/1119 1220/1220/1220
f 1220/1220/1220 1119/1119/1119 1221/1221/1221
f 1119/1119/1119 1120/1120/1120 1221/1221/1221
f 1221/1221/1221 1120/1120/1120 1222/1222/1222
f 1120/1120/1120 1121/1121/1121 1222/1222/1222
f 1222/1222/1222 1121/1121/1121 1223/1223/1223
f 1121/1121/1121 1122/1122/1122 1223/1223/1223
f 1223/1223/1223 1122/1122/1122 1224/1224/1224
f 1122/1122/1122 1123/1123/1123 1224/1224/1224
f 1224/1224/1224 1123/1123/1123 1225/1225/1225
f 1123/1123/1123 1124/1124/1124 1225/1225/1225
f 1225/1225/1225 1124/1124/1124 1226/1226/1226
f 1124/1124/1124 1125/1125/1125 1226/1226/1226
f 1226/1226/1226 1125/1125/1125 1227/1227/1227
f 1125/1125/1125 1126/1126/1126 1227/1227/1227
f 1227/1227/1227 1126/1126/1126 1228/1228/1228
f 1126/1126/1126 1127/1127/1127 1228/1228/1228
f 1228/1228/1228 1127/1127/1127 1229/1229/1229
f 1127/1127/1127 1128/1128/1128 1229/1229/1229
f 1229/1229/1229 1128/1128/1128 1230/1230/1230
f 1128/1128/1128 1129/1129/1129 1230/1230/1230
f 1230/1230/1230 1129/1129/1129 1231/1231/1231
f 1129/1129/1129 1130/1130/1130 1231/1231/1231
f 1231/1231/1231 1130/1130/1130 1232/1232/1232
f 1130/1130/1130 1131/1131/1131 1232/1232/1232
f 1232/1232/1232 1131/1131/1131 1233/1233/1233
f 1131/1131/1131 1132/1132/1132 1233/1233/1233
f 1233/1233/1233 1132/1132/1132 1234/1234/1234
f 1132/1132/1132 1133/1133/1133 1234/1234/1234
f 1234/1234/1234 1133/1133/1133 1235/1235/1235
f 1133/1133/1133 1134/1134/1134 1235/1235/1235
f 1235/1235/1235 1134/1134/1134 1236/1236/1236
f 1134/1134/1134 1135/1135/1135 1236/1236/1236
f 1236/1236/1236 1135/1135/1135 1237/1237/1237
f 1135/1135/1135 1136/1136/1136 1237/1237/1237
f 1237/1237/1237 1136/1136/1136 1238/1238/1238
f 1136/1136/1136 1137/1137/1137 1238/1238/1238
f 1238/1238/1238 1137/1137/1137 1239/1239/1239
f 1137/1137/1137 1138/1138/1138 1239/1239/1239
f 1239/1239/1239 1138/1138/1138 1240/1240/1240
f 1138/1138/1138 1139/1139/1139 1240/1240/1240
f 1240/1240/1240 1139/1139/1139 1241/1241/1241
f 1139/1139/1139 1140/1140/1140 1241/1241/1241
f 1241/1241/1241 1140/1140/1140 1242/1242/1242
f 1140/1140/1140 1141/1141/1141 1242/1242/1242
f 1242/1242/1242 1141/1141/1141 1243/1243/1243
f 1141/1141/1141 1142/1142/1142 1243/1243/1243
f 1243/1243/1243 1142/1142/1142 1244/1244/1244
f 1142/1142/1142 1143/1143/1143 1244/1244/1244
f 1244/1244/1244 1143/1143/1143 1245/1245/1245
f 1143/1143/1143 1144/1144/1144 1245/1245/1245
f 1245/1245/1245 1144/1144/1144 1246/1246/1246
f 1144/1144/1144 1145/1145/1145 1246/1246/1246
f 1246/1246/1246 1145/1145/1145 1247/1247/1247
f 1145/1145/1145 1146/1146/1146 1247/1247/1247
f 1247/1247/1247 1146/1146/1146 1248/1248/1248
f 1146/1146/1146 1147/1147/1147 1248/1248/1248
f 1248/1248/1248 1147/1147/1147 1249/1249/1249
f 1147/1147/1147 1148/1148/1148 1249/1249/1249
f 1249/1249/1249 1148/1148/1148 1250/1250/1250
f 1148/1148/1148 1149/1149/1149 1250/1250/1250
f 1250/1250/1250 1149/1149/1149 1251/1251/1251
f 1149/1149/1149 1150/1150/1150 1251/1251/1251
f 1251/1251/1251 1150/1150/1150 1252/1252/1252
f 1150/1150/1150 1151/1151/1151 1252/1252/1252
f 1252/1252/1252 1151/1151/1151 1253/1253/1253
f 1151/1151/1151 1152/1152/1152 1253/1253/1253
f 1253/1253/1253 1152/1152/1152 1254/1254/1254
f 1152/1152/1152 1153/1153/1153 1254/1254/1254
f 1254/1254/1254 1153/1153/1153 1255/1255/1255
f 1153/1153/1153 1154/1154/1154 1255/1255/1255
f 1255/1255/1255 1154/1154/1154 1256/1256/1256
f 1154/1154/1154 1155/1155/1155 1256/1256/1256
f 1256/1256/1256 1155/1155/1155 1257/1257/1257
f 1155/1155/1155 1156/1156/1156 1257/1257/1257
f 1257/1257/1257 1156/1156/1156 1258/1258/1258
f 1156/1156/1156 1157/1157/1157 1258/1258/1258
f 1258/1258/1258 1157/1157/1157 1259/1259/1259
f 1157/1157/1157 1158/1158/1158 1259/1259/1259
f 1259/1259/1259 1158/1158/1158 1260/1260/1260
f 1158/1158/1158 1159/1159/1159 1260/1260/1260
f 1260/1260/1260 1159/1159/1159 1261/1261/1261
f 1159/1159/1159 1160/1160/1160 1261/1261/1261
f 1261/1261/1261 1160/1160/1160 1262/1262/1262
f 1160/1160/1160 1161/1161/1161 1262/1262/1262
f 1262/1262/1262 1161/1161/1161 1263/1263/1263
f 1161/1161/1161 1162/1162/1162 1263/1263/1263
f 1263/1263/1263 1162/1162/1162 1264/1264/1264
f 1162/1162/1162 1163/1163/1163 1264/1264/1264
f 1264/1264/1264 1163/1163/1163 1265/1265/1265
f 1163/1163/1163 1164/1164/1164 1265/1265/1265
f 1265/1265/1265 1164/1164/1164 1266/1266/1266
f 1164/1164/1164 1165/1165/1165 1266/1266/1266
f 1266/1266/1266 1165/1165/1165 1267/1267/1267
f 1165/1165/1165 1166/1166/1166 1267/1267/1267
f 1267/1267/1267 1166/1166/1166 1268/1268/1268
f 1166/1166/1166 1167/1167/1167 1268/1268/1268
f 1268/1268/1268 1167/1167/1167 1269/1269/1269
f 1167/1167/1167 1168/1168/1168 1269/1269/1269
f 1269/1269/1269 1168/1168/1168 1270/1270/1270
f 1168/1168/1168 1169/1169/1169 1270/1270/1270
f 1270/1270/1270 1169/1169/1169 1271/1271/1271
f 1169/1169/1169 1170/1170/1170 1271/1271/1271
f 1271/1271/1271 1170/1170/1170 1272/1272/1272
f 1170/1170/1170 1171/1171/1171 1272/1272/1272
f 1272/1272/1272 1171/1171/1171 1273/1273/1273
f 1171/1171/1171 1172/1172/1172 1273/1273/1273
f 1273/1273/1273 1172/1172/1172 1274/1274/1274
f 1172/1172/1172 1173/1173/1173 1274/1274/1274
f 1274/1274/1274 1173/1173/1173 1275/1275/1275
f 1173/1173/1173 1174/1174/1174 1275/1275/1275
f 1275/1275/1275 1174/1174/1174 1276/1276/1276
f 1174/1174/1174 1175/1175/1175 1276/1276/1276
f 1276/1276/1276 1175/1175/1175 1277/1277/1277
f 1175/1175/1175 1176/1176/1176 1277/1277/1277
f 1277/1277/1277 1176/1176/1176 1278/1278/1278
f 1176/1176/1176 1177/1177/1177 1278/1278/1278
f 1278/1278/1278 1177/1177/1177 1279/1279/1279
f 1177/1177/1177 1178/1178/1178 1279/1279/1279
f 1279/1279/1279 1178/1178/1178 1280/1280/1280
f 1178/1178/1178 1179/1179/1179 1280/1280/1280
f 1280/1280/1280 1179/1179/1179 1281/1281/1281
f 1179/1179/1179 1180/1180/1180 1281/1281/1281
f 1281/1281/1281 1180/1180/1180 1282/1282/1282
f 1180/1180/1180 1181/1181/1181 1282/1282/1282
f 1282/1282/1282 1181/1181/1181 1283/1283/1283
f 1181/1181/1181 1182/1182/1182 1283/1283/1283
f 1283/1283/1283 1182/1182/1182 1284/1284/1284
f 1182/1182/1182 1183/1183/1183 1284/1284/1284
f 1284/1284/1284 1183/1183/1183 1285/1285/1285
f 1183/1183/1183 1184/1184/1184 1285/1285/1285
f 1285/1285/1285 1184/1184/1184 1286/1286/1286
f 1184/1184/1184 1185/1185/1185 1286/1286/1286
f 1286/1286/1286 1185/1185/1185 1287/1287/1287
f 1185/1185/1185 1186/1186/1186 1287/1287/1287
f 1287/1287/1287 1186/1186/1186 1288/1288/1288
f 1186/1186/1186 1187/1187/1187 1288/1288/1288
f 1288/1288/1288 1187/1187/1187 1289/1289/1289
f 1187/1187/1187 1188/1188/1188 1289/1289/1289
f 1289/1289/1289 1188/1188/1188 1290/1290/1290
f 1188/1188/1188 1189/1189/1189 1290/1290/1290
f 1290/1290/1290 1189/1189/1189 1291/1291/1291
f 1189/1189/1189 1190/1190/1190 1291/1291/1291
f 1291/1291/1291 1190/1190/1190 1292/1292/1292
f 1190/1190/1190 1191/1191/1191 1292/1292/1292
f 1292/1292/1292 1191/1191/1191 1293/1293/1293
f 1191/1191/1191 1192/1192/1192 1293/1293/1293
f 1293/1293/1293 1192/1192/1192 1294/1294/1294
f 1192/1192/1192 1193/1193/1193 1294/1294/1294
f 1294/1294/1294 1193/1193/1193 1295/1295/1295
f 1193/1193/1193 1194/1194/1194 1295/1295/1295
f 1295/1295/1295 1194/1194/1194 1296/1296/1296
f 1194/1194/1194 1195/1195/1195 1296/1296/1296
f 1296/1296/1296 1195/1195/1195 1297/1297/1297
f 1195/1195/1195 1196/1196/1196 1297/1297/1297
f 1297/1297/1297 1196/1196/1196 1298/1298/1298
f 1196/1196/1196 1197/1197/1197 1298/1298/1298
f 1298/1298/1298 1197/1197/1197 1299/1299/1299
f 1197/1197/1197 1198/1198/1198 1299/1299/1299
f 1299/1299/1299 1198/1198/1198 1300/1300/1300
f 1198/1198/1198 1199/1199/1199 1300/1300/1300
f 1300/1300/1300 1199/1199/1199 1301/1301/1301
f 1199/1199/1199 1200/1200/1200 1301/1301/1301
f 1301/1301/1301 1200/1200/1200 1302/1302/1302
f 1200/1200/1200 1201/1201/1201 1302/1302/1302
f 1302/1302/1302 1201/1201/1201 1303/1303/1303
f 1201/1201/1201 1202/1202/1202 1303/1303/1303
f 1303/1303/1303 1202/1202/1202 1304/1304/1304
f 1202/1202/1202 1203/1203/1203 1304/1304/1304
f 1304/1304/1304 1203/1203/1203 1305/1305/1305
f 1203/1203/1203 1204/1204/1204 1305/1305/1305
f 1305/1305/1305 1204/1204/1204 1306/1306/1306
f 1204/1204/1204 1205/1205/1205 1306/1306/1306
f 1306/1306/1306 1205/1205/1205 1307/1307/1307
f 1205/1205/1205 1206/1206/1206 1307/1307/1307
f 1307/1307/1307 1206/1206/1206 1308/1308/1308
f 1206/1206/1206 1207/1207/1207 1308/1308/1308
f 1308/1308/1308 1207/1207/1207 1309/1309/1309
f 1207/1207/1207 1208/1208/1208 1309/1309/1309
f 1309/1309/1309 1208/1208/1208 1310/1310/1310
f 1208/1208/1208 1209/1209/1209 1310/1310/1310
f 1310/1310/1310 1209/1209/1209 1311/1311/1311
f 1209/1209/1209 1210/1210/1210 1311/1311/1311
f 1311/1311/1311 1210/1210/1210 1312/1312/1312
f 1210/1210/1210 1211/1211/1211 1312/1312/1312
f 1312/1312/1312 1211/1211/1211 1313/1313/1313
f 1211/1211/1211 1212/1212/1212 1313/1313/1313
f 1314/1314/1314 1213/1213/1213 1315/1315/1315
f 1213/1213/1213 1214/1214/1214 1315/1315/1315
f 1315/1315/1315 1214/1214/1214 1316/1316/1316
f 1214/1214/1214 1215/1215/1215 1316/1316/1316
f 1316/1316/1316 1215/1215/1215 1317/1317/1317
f 1215/1215/1215 1216/1216/1216 1317/1317/1317
f 1317/1317/1317 1216/1216/1216 1318/1318/1318
f 1216/1216/1216 1217/1217/1217 1318/1318/1318
f 1318/1318/1318 1217/1217/1217 1319/1319/1319
f 1217/1217/1217 1218/1218/1218 1319/1319/1319
f 1319/1319/1319 1218/1218/1218 1320/1320/1320
f 1218/1218/1218 1219/1219/1219 1320/1320/1320
f 1320/1320/1320 1219/1219/1219 1321/1321/1321
f 1219/1219/1219 1220/1220/1220 1321/1321/1321
f 1321/1321/1321 1220/1220/1220 1322/1322/1322
f 1220/1220/1220 1221/1221/1221 1322/1322/1322
f 1322/1322/1322 1221/1221/1221 1323/1323/1323
f 1221/1221/1221 1222/1222/1222 1323/1323/1323
f 1323/1323/1323 1222/1222/1222 1324/1324/1324
f 1222/1222/1222 1223/1223/1223 1324/1324/1324
f 1324/1324/1324 1223/1223/1223 1325/1325/1325
f 1223/1223/1223 1224/1224/1224 1325/1325/1325
f 1325/1325/1325 1224/1224/1224 1326/1326/1326
f 1224/1224/1224 1225/1225/1225 1326/1326/1326
f 1326/1326/1326 1225/1225/1225 1327/1327/1327
f 1225/1225/1225 1226/1226/1226 1327/1327/1327
f 1327/1327/1327 1226/1226/1226 1328/1328/1328
f 1226/1226/1226 1227/1227/1227 1328/1328/1328
f 1328/1328/1328 1227/1227/1227 1329/1329/1329
f 1227/1227/1227 1228/1228/1228 1329/1329/1329
f 1329/1329/1329 1228/1228/1228 1330/1330/1330
f 1228/1228/1228 1229/1229/1229 1330/1330/1330
f 1330/1330/1330 1229/1229/1229 1331/1331/1331
f 1229/1229/1229 1230/1230/1230 1331/1331/1331
f 1331/1331/1331 1230/1230/1230 1332/1332/1332
f 1230/1230/1230 1231/1231/1231 1332/1332/1332
f 1332/1332/1332 1231/1231/1231 1333/1333/1333
f 1231/1231/1231 1232/1232/1232 1333/1333/1333
f 1333/1333/1333 1232/1232/1232 1334/1334/1334
f 1232/1232/1232 1233/1233/1233 1334/1334/1334
f 1334/1334/1334 1233/1233/1233 1335/1335/1335
f 1233/1233/1233 1234/1234/1234 1335/1335/1335
f 1335/1335/1335 1234/1234/1234 1336/1336/1336
f 1234/1234/1234 1235/1235/1235 1336/1336/1336
f 1336/1336/1336 1235/1235/1235 1337/1337/1337
f 1235/1235/1235 1236/1236/1236 1337/1337/1337
f 1337/1337/1337 1236/1236/1236 1338/1338/1338
f 1236/1236/1236 1237/1237/1237 1338/1338/1338
f 1338/1338/1338 1237/1237/1237 1339/1339/1339
f 1237/1237/1237 1238/1238/1238 1339/1339/1339
f 1339/1339/1339 1238/1238/1238 1340/1340/1340
f 1238/1238/1238 1239/1239/1239 1340/1340/1340
f 1340/1340/1340 1239/1239/1239 1341/1341/1341
f 1239/1239/1239 1240/1240/1240 1341/1341/1341
f 1341/1341/1341 1240/1240/1240 1342/1342/1342
f 1240/1240/1240 1241/1241/1241 1342/1342/1342
f 1342/1342/1342 1241/1241/1241 1343/1343/1343
f 1241/1241/1241 1242/1242/1242 1343/1343/1343
f 1343/1343/1343 1242/1242/1242 1344/1344/1344
f 1242/1242/1242 1243/1243/1243 1344/1344/1344
f 1344/1344/1344 1243/1243/1243 1345/1345/1345
f 1243/1243/1243 1244/1244/1244 1345/1345/1345
f 1345/1345/1345 1244/1244/1244 1346/1346/1346
f 1244/1244/1244 1245/1245/1245 1346/1346/1346
f 1346/1346/1346 1245/1245/1245 1347/1347/1347
f 1245/1245/1245 1246/1246/1246 1347/1347/1347
f 1347/1347/1347 1246/1246/1246 1348/1348/1348
f 1246/1246/1246 1247/1247/1247 1348/1348/1348
f 1348/1348/1348 1247/1247/1247 1349/1349/1349
f 1247/1247/1247 1248/1248/1248 1349/1349/1349
f 1349/1349/1349 1248/1248/1248 1350/1350/1350
f 1248/1248/1248 1249/1249/1249 1350/1350/1350
f 1350/1350/1350 1249/1249/1249 1351/1351/1351
f 1249/1249/1249 1250/1250/1250 1351/1351/1351
f 1351/1351/1351 1250/1250/1250 1352/1352/1352
f 1250/1250/1250 1251/1251/1251 1352/1352/1352
f 1352/1352/1352 1251/1251/1251 1353/1353/1353
f 1251/1251/1251 1252/1252/1252 1353/1353/1353
f 1353/1353/1353 1252/1252/1252 1354/1354/1354
f 1252/1252/1252 1253/1253/1253 1354/1354/1354
f 1354/1354/1354 1253/1253/1253 1355/1355/1355
f 1253/1253/1253 1254/1254/1254 1355/1355/1355
f 1355/1355/1355 1254/1254/1254 1356/1356/1356
f 1254/1254/1254 1255/1255/1255 1356/1356/1356
f 1356/1356/1356 1255/1255/1255 1357/1357/1357
f 1255/1255/1255 1256/1256/1256 1357/1357/1357
f 1357/1357/1357 1256/1256/1256 1358/1358/1358
f 1256/1256/1256 1257/1257/1257 1358/1358/1358
f 1358/1358/1358 1257/1257/1257 1359/1359/1359
f 1257/1257/1257 1258/1258/1258 1359/1359/1359
f 1359/1359/1359 1258/1258/1258 1360/1360/1360
f 1258/1258/1258 1259/1259/1259 1360/1360/1360
f 1360/1360/1360 1259/1259/1259 1361/1361/1361
f 1259/1259/1259 1260/1260/1260 1361/1361/1361
f 1361/1361/1361 1260/1260/1260 1362/1362/1362
f 1260/1260/1260 1261/1261/1261 1362/1362/1362
f 1362/1362/1362 1261/1261/1261 1363/1363/1363
f 1261/1261/1261 1262/1262/1262 1363/1363/1363
f 1363/1363/1363 1262/1262/1262 1364/1364/1364
f 1262/1262/1262 1263/1263/1263 1364/1364/1364
f 1364/1364/1364 1263/1263/1263 1365/1365/1365
f 1263/1263/1263 1264/1264/1264 1365/1365/1365
f 1365/1365/1365 1264/1264/1264 1366/1366/1366
f 1264/1264/1264 1265/1265/1265 1366/1366/1366
f 1366/1366/1366 1265/1265/1265 1367/1367/1367
f 1265/1265/1265 1266/1266/1266 1367/1367/1367
f 1367/1367/1367 1266/1266/1266 1368/1368/1368
f 1266/1266/1266 1267/1267/1267 1368/1368/1368
f 1368/1368/1368 1267/1267/1267 1369/1369/1369
f 1267/1267/1267 1268/1268/1268 1369/1369/1369
f 1369/1369/1369 1268/1268/1268 1370/1370/1370
f 1268/1268/1268 1269/1269/1269 1370/1370/1370
f 1370/1370/1370 1269/1269/1269 1371/1371/1371
f 1269/1269/1269 1270/1270/1270 1371/1371/1371
f 1371/1371/1371 1270/1270/1270 1372/1372/1372
f 1270/1270/1270 1271/1271/1271 1372/1372/1372
f 1372/1372/1372 1271/1271/1271 1373/1373/1373
f 1271/1271/1271 1272/1272/1272 1373/1373/1373
f 1373/1373/1373 1272/1272/1272 1374/1374/1374
f 1272/1272/1272 1273/1273/1273 1374/1374/1374
f 1374/1374/1374 1273/1273/1273 1375/1375/1375
f 1273/1273/1273 1274/1274/1274 1375/1375/1375
f 1375/1375/1375 1274/1274/1274 1376/1376/1376
f 1274/1274/1274 1275/1275/1275 1376/1376/1376
f 1376/1376/1376 1275/1275/1275 1377/1377/1377
f 1275/1275/1275 1276/1276/1276 1377/1377/1377
f 1377/1377/1377 1276/1276/1276 1378/1378/1378
f 1276/1276/1276 1277/1277/1277 1378/1378/1378
f 1378/1378/1378 1277/1277/1277 1379/1379/1379
f 1277/1277/1277 1278/1278/1278 1379/1379/1379
f 1379/1379/1379 1278/1278/1278 1380/1380/1380
f 1278/1278/1278 1279/1279/1279 1380/1380/1380
f 1380/1380/1380 1279/1279/1279 1381/1381/1381
f 1279/1279/1279 1280/1280/1280 1381/1381/1381
f 1381/1381/1381 1280/1280/1280 1382/1382/1382
f 1280/1280/1280 1281/1281/1281 1382/1382/1382
f 1382/1382/1382 1281/1281/1281 1383/1383/1383
f 1281/1281/1281 1282/1282/1282 1383/1383/1383
f 1383/1383/1383 1282/1282/1282 1384/1384/1384
f 1282/1282/1282 1283/1283/1283 1384/1384/1384
f 1384/1384/1384 1283/1283/1283 1385/1385/1385
f 1283/1283/1283 1284/1284/1284 1385/1385/1385
f 1385/1385/1385 1284/1284/1284 1386/1386/1386
f 1284/1284/1284 1285/1285/1285 1386/1386/1386
f 1386/1386/1386 1285/1285/1285 1387/1387/1387
f 1285/1285/1285 1286/1286/1286 1387/1387/1387
f 1387/1387/1387 1286/1286/1286 1388/1388/1388
f 1286/1286/1286 1287/1287/1287 1388/1388/1388
f 1388/1388/1388 1287/1287/1287 1389/1389/1389
f 1287/1287/1287 1288/1288/1288 1389/1389/1389
f 1389/1389/1389 1288/1288/1288 1390/1390/1390
f 1288/1288/1288 1289/1289/1289 1390/1390/1390
f 1390/1390/1390 1289/1289/1289 1391/1391/1391
f 1289/1289/1289 1290/1290/1290 1391/1391/1391
f 1391/1391/1391 1290/1290/1290 1392/1392/1392
f 1290/1290/1290 1291/1291/1291 1392/1392/1392
f 1392/1392/1392 1291/1291/1291 1393/1393/1393
f 1291/1291/1291 1292/1292/1292 1393/1393/1393
f 1393/1393/1393 1292/1292/1292 1394/1394/1394
f 1292/1292/1292 1293/1293/1293 1394/1394/1394
f 1394/1394/1394 1293/1293/1293 1395/1395/1395
f 1293/1293/1293 1294/1294/1294 1395/1395/1395
f 1395/1395/1395 1294/1294/1294 1396/1396/1396
f 1294/1294/1294 1295/1295/1295 1396/1396/1396
f 1396/1396/1396 1295/1295/1295 1397/1397/1397
f 1295/1295/1295 1296/1296/1296 1397/1397/1397
f 1397/1397/1397 1296/1296/1296 1398/1398/1398
f 1296/1296/1296 1297/1297/1297 1398/1398/1398
f 1398/1398/1398 1297/1297/1297 1399/1399/1399
f 1297/1297/1297 1298/1298/1298 1399/1399/1399
f 1399/1399/1399 1298/1298/1298 1400/1400/1400
f 1298/1298/1298 1299/1299/1299 1400/1400/1400
f 1400/1400/1400 1299/1299/1299 1401/1401/1401
f 1299/1299/1299 1300/1300/1300 1401/1401/1401
f 1401/1401/1401 1300/1300/1300 1402/1402/1402
f 1300/1300/1300 1301/1301/1301 1402/1402/1402
f 1402/1402/1402 1301/1301/1301 1403/1403/1403
f 1301/1301/1301 1302/1302/1302 1403/1403/1403
f 1403/1403/1403 1302/1302/1302 1404/1404/1404
f 1302/1302/1302 1303/1303/1303 1404/1404/1404
f 1404/1404/1404 1303/1303/1303 1405/1405/1405
f 1303/1303/1303 1304/1304/1304 1405/1405/1405
f 1405/1405/1405 1304/1304/1304 1406/1406/1406
f 1304/1304/1304 1305/1305/1305 1406/1406/1406
f 1406/1406/1406 1305/1305/1305 1407/1407/1407
f 1305/1305/1305 1306/1306/1306 1407/1407/1407
f 1407/1407/1407 1306/1306/1306 1408/1408/1408
f 1306/1306/1306 1307/1307/1307 1408/1408/1408
f 1408/1408/1408 1307/1307/1307 1409/1409/1409
f 1307/1307/1307 1308/1308/1308 1409/1409/1409
f 1409/1409/1409 1308/1308/1308 1410/1410/1410
f 1308/1308/1308 1309/1309/1309 1410/1410/1410
f 1410/1410/1410 1309/1309/1309 1411/1411/1411
f 1309/1309/1309 1310/1310/1310 1411/1411/1411
f 1411/1411/1411 1310/1310/1310 1412/1412/1412
f 1310/1310/1310 1311/1311/1311 1412/1412/1412
f 1412/1412/1412 1311/1311/1311 1413/1413/1413
f 1311/1311/1311 1312/1312/1312 1413/1413/1413
f 1413/1413/1413 1312/1312/1312 1414/1414/1414
f 1312/1312/1312 1313/1313/1313 1414/1414/1414
f 1415/1415/1415 1314/1314/1314 1416/1416/1416
f 1314/1314/1314 1315/1315/1315 1416/1416/1416
f 1416/1416/1416 1315/1315/1315 1417/1417/1417
f 1315/1315/1315 1316/1316/1316 1417/1417/1417
f 1417/1417/1417 1316/1316/1316 1418/1418/1418
f 1316/1316/1316 1317/1317/1317 1418/1418/1418
f 1418/1418/1418 1317/1317/1317 1419/1419/1419
f 1317/1317/1317 1318/1318/1318 1419/1419/1419
f 1419/1419/1419 1318/1318/1318 1420/1420/1420
f 1318/1318/1318 1319/1319/1319 1420/1420/1420
f 1420/1420/1420 1319/1319/1319 1421/1421/1421
f 1319/1319/1319 1320/1320/1320 1421/1421/1421
f 1421/1421/1421 1320/1320/1320 1422/1422/1422
f 1320/1320/1320 1321/1321/1321 1422/1422/1422
f 1422/1422/1422 1321/1321/1321 1423/1423/1423
f 1321/1321/1321 1322/1322/1322 1423/1423/1423
f 1423/1423/1423 1322/1322/1322 1424/1424/1424
f 1322/1322/1322 1323/1323/1323 1424/1424/1424
f 1424/1424/1424 1323/1323/1323 1425/1425/1425
f 1323/1323/1323 1324/1324/1324 1425/1425/1425
f 1425/1425/1425 1324/1324/1324 1426/1426/1426
f 1324/1324/1324 1325/1325/1325 1426/1426/1426
f 1426/1426/1426 1325/1325/1325 1427/1427/1427
f 1325/1325/1325 1326/1326/1326 1427/1427/1427
f 1427/1427/1427 1326/1326/1326 1428/1428/1428
f 1326/1326/1326 1327/1327/1327 1428/1428/1428
f 1428/1428/1428 1327/1327/1327 1429/1429/1429
f 1327/1327/1327 1328/1328/1328 1429/1429/1429
f 1429/1429/1429 1328/1328/1328 1430/1430/1430
f 1328/1328/1328 1329/1329/1329 1430/1430/1430
f 1430/1430/1430 1329/1329/1329 1431/1431/1431
f 1329/1329/1329 1330/1330/1330 1431/1431/1431
f 1431/1431/1431 1330/1330/1330 1432/1432/1432
f 1330/1330/1330 1331/1331/1331 1432/1432/1432
f 1432/1432/1432 1331/1331/1331 1433/1433/1433
f 1331/1331/1331 1332/1332/1332 1433/1433/1433
f 1433/1433/1433 1332/1332/1332 1434/1434/1434
f 1332/1332/1332 1333/1333/1333 1434/1434/1434
f 1434/1434/1434 1333/1333/1333 1435/1435/1435
f 1333/1333/1333 1334/1334/1334 1435/1435/1435
f 1435/1435/1435 1334/1334/1334 1436/1436/1436
f 1334/1334/1334 1335/1335/1335 1436/1436/1436
f 1436/1436/1436 1335/1335/1335 1437/1437/1437
f 1335/1335/1335 1336/1336/1336 1437/1437/1437
f 1437/1437/1437 1336/1336/1336 1438/1438/1438
f 1336/1336/1336 1337/1337/1337 1438/1438/1438
f 1438/1438/1438 1337/1337/1337 1439/1439/1439
f 1337/1337/1337 1338/1338/1338 1439/1439/1439
f 1439/1439/1439 1338/1338/1338 1440/1440/1440
f 1338/1338/1338 1339/1339/1339 1440/1440/1440
f 1440/1440/1440 1339/1339/1339 1441/1441/1441
f 1339/1339/1339 1340/1340/1340 1441/1441/1441
f 1441/1441/1441 1340/1340/1340 1442/1442/1442
f 1340/1340/1340 1341/1341/1341 1442/1442/1442
f 1442/1442/1442 1341/1341/1341 1443/1443/1443
f 1341/1341/1341 1342/1342/1342 1443/1443/1443
f 1443/1443/1443 1342/1342/1342 1444/1444/1444
f 1342/1342/1342 1343/1343/1343 1444/1444/1444
f 1444/1444/1444 1343/1343/1343 1445/1445/1445
f 1343/1343/1343 1344/1344/1344 1445/1445/1445
f 1445/1445/1445 1344/1344/1344 1446/1446/1446
f 1344/1344/1344 1345/1345/1345 1446/1446/1446
f 1446/1446/1446 1345/1345/1345 1447/1447/1447
f 1345/1345/1345 1346/1346/1346 1447/1447/1447
f 1447/1447/1447 1346/1346/1346 1448/1448/1448
f 1346/1346/1346 1347/1347/1347 1448/1448/1448
f 1448/1448/1448 1347/1347/1347 1449/1449/1449
f 1347/1347/1347 1348/1348/1348 1449/1449/1449
f 1449/1449/1449 1348/1348/1348 1450/1450/1450
f 1348/1348/1348 1349/1349/1349 1450/1450/1450
f 1450/1450/1450 1349/1349/1349 1451/1451/1451
f 1349/1349/1349 1350/1350/1350 1451/1451/1451
f 1451/1451/1451 1350/1350/1350 1452/1452/1452
f 1350/1350/1350 1351/1351/1351 1452/1452/1452
f 1452/1452/1452 1351/1351/1351 1453/1453/1453
f 1351/1351/1351 1352/1352/1352 1453/1453/1453
f 1453/1453/1453 1352/1352/1352 1454/1454/1454
f 1352/1352/1352 1353/1353/1353 1454/1454/1454
f 1454/1454/1454 1353/1353/1353 1455/1455/1455
f 1353/1353/1353 1354/1354/1354 1455/1455/1455
f 1455/1455/1455 1354/1354/1354 1456/1456/1456
f 1354/1354/1354 1355/1355/1355 1456/1456/1456
f 1456/1456/1456 1355/1355/1355 1457/1457/1457
f 1355/1355/1355 1356/1356/1356 1457/1457/1457
f 1457/1457/1457 1356/1356/1356 1458/1458/1458
f 1356/1356/1356 1357/1357/1357 1458/1458/1458
f 1458/1458/1458 1357/1357/1357 1459/1459/1459
f 1357/1357/1357 1358/1358/1358 1459/1459/1459
f 1459/1459/1459 1358/1358/1358 1460/1460/1460
f 1358/1358/1358 1359/1359/1359 1460/1460/1460
f 1460/1460/1460 1359/1359/1359 1461/1461/1461
f 1359/1359/1359 1360/1360/1360 1461/1461/1461
f 1461/1461/1461 1360/1360/1360 1462/1462/1462
f 1360/1360/1360 1361/1361/1361 1462/1462/1462
f 1462/1462/1462 1361/1361/1361 1463/1463/1463
f 1361/1361/1361 1362/1362/1362 1463/1463/1463
f 1463/1463/1463 1362/1362/1362 1464/1464/1464
f 1362/1362/1362 1363/1363/1363 1464/1464/1464
f 1464/1464/1464 1363/1363/1363 1465/1465/1465
f 1363/1363/1363 1364/1364/1364 1465/1465/1465
f 1465/1465/1465 1364/1364/1364 1466/1466/1466
f 1364/1364/1364 1365/1365/1365 1466/1466/1466
f 1466/1466/1466 1365/1365/1365 1467/1467/1467
f 1365/1365/1365 1366/1366/1366 1467/1467/1467
f 1467/1467/1467 1366/1366/1366 1468/1468/1468
f 1366/1366/1366 1367/1367/1367 1468/1468/1468
f 1468/1468/1468 1367/1367/1367 1469/1469/1469
f 1367/1367/1367 1368/1368/1368 1469/1469/1469
f 1469/1469/1469 1368/1368/1368 1470/1470/1470
f 1368/1368/1368 1369/1369/1369 1470/1470/1470
f 1470/1470/1470 1369/1369/1369 1471/1471/1471
f 1369/1369/1369 1370/1370/1370 1471/1471/1471
f 1471/1471/1471 1370/1370/1370 1472/1472/1472
f 1370/1370/1370 1371/1371/1371 1472/1472/1472
f 1472/1472/1472 1371/1371/1371 1473/1473/1473
f 1371/1371/1371 1372/1372/1372 1473/1473/1473
f 1473/1473/1473 1372/1372/1372 1474/1474/1474
f 1372/1372/1372 1373/1373/1373 1474/1474/1474
f 1474/1474/1474 1373/1373/1373 1475/1475/1475
f 1373/1373/1373 1374/1374/1374 1475/1475/1475
f 1475/1475/1475 1374/1374/1374 1476/1476/1476
f 1374/1374/1374 1375/1375/1375 1476/1476/1476
f 1476/1476/1476 1375/1375/1375 1477/1477/1477
f 1375/1375/1375 1376/1376/1376 1477/1477/1477
f 1477/1477/1477 1376/1376/1376 1478/1478/1478
f 1376/1376/1376 1377/1377/1377 1478/1478/1478
f 1478/1478/1478 1377/1377/1377 1479/1479/1479
f 1377/1377/1377 1378/1378/1378 1479/1479/1479
f 1479/1479/1479 1378/1378/1378 1480/1480/1480
f 1378/1378/1378 1379/1379/1379 1480/1480/1480
f 1480/1480/1480 1379/1379/1379 1481/1481/1481
f 1379/1379/1379 1380/1380/1380 1481/1481/1481
f 1481/1481/1481 1380/1380/1380 1482/1482/1482
f 1380/1380/1380 1381/1381/1381 1482/1482/1482
f 1482/1482/1482 1381/1381/1381 1483/1483/1483
f 1381/1381/1381 1382/1382/1382 1483/1483/1483
f 1483/1483/1483 1382/1382/1382 1484/1484/1484
f 1382/1382/1382 1383/1383/1383 1484/1484/1484
f 1484/1484/1484 1383/1383/1383 1485/1485/1485
f 1383/1383/1383 1384/1384/1384 1485/1485/1485
f 1485/1485/1485 1384/1384/1384 1486/1486/1486
f 1384/1384/1384 1385/1385/1385 1486/1486/1486
f 1486/1486/1486 1385/1385/1385 1487/1487/1487
f 1385/1385/1385 1386/1386/1386 1487/1487/1487
f 1487/1487/1487 1386/1386/1386 1488/1488/1488
f 1386/1386/1386 1387/1387/1387 1488/1488/1488
f 1488/1488/1488 1387/1387/1387 1489/1489/1489
f 1387/1387/1387 1388/1388/1388 1489/1489/1489
f 1489/1489/1489 1388/1388/1388 1490/1490/1490
f 1388/1388/1388 1389/1389/1389 1490/1490/1490
f 1490/1490/1490 1389/1389/1389 1491/1491/1491
f 1389/1389/1389 1390/1390/1390 1491/1491/1491
f 1491/1491/1491 1390/1390/1390 1492/1492/1492
f 1390/1390/1390 1391/1391/1391 1492/1492/1492
f 1492/1492/1492 1391/1391/1391 1493/1493/1493
f 1391/1391/1391 1392/1392/1392 1493/1493/1493
f 1493/1493/1493 1392/1392/1392 1494/1494/1494
f 1392/1392/1392 1393/1393/1393 1494/1494/1494
f 1494/1494/1494 1393/1393/1393 1495/1495/1495
f 1393/1393/1393 1394/1394/1394 1495/1495/1495
f 1495/1495/1495 1394/1394/1394 1496/1496/1496
f 1394/1394/1394 1395/1395/1395 1496/1496/1496
f 1496/1496/1496 1395/1395/1395 1497/1497/1497
f 1395/1395/1395 1396/1396/1396 1497/1497/1497
f 1497/1497/1497 1396/1396/1396 1498/1498/1498
f 1396/1396/1396 1397/1397/1397 1498/1498/1498
f 1498/1498/1498 1397/1397/1397 1499/1499/1499
f 1397/1397/1397 1398/1398/1398 1499/1499/1499
f 1499/1499/1499 1398/1398/1398 1500/1500/1500
f 1398/1398/1398 1399/1399/1399 1500/1500/1500
f 1500/1500/1500 1399/1399/1399 1501/1501/1501
f 1399/1399/1399 1400/1400/1400 1501/1501/1501
f 1501/1501/1501 1400/1400/1400 1502/1502/1502
f 1400/1400/1400 1401/1401/1401 1502/1502/1502
f 1502/1502/1502 1401/1401/1401 1503/1503/1503
f 1401/1401/1401 1402/1402/1402 1503/1503/1503
f 1503/1503/1503 1402/1402/1402 1504/1504/1504
f 1402/1402/1402 1403/1403/1403 1504/1504/1504
f 1504/1504/1504 1403/1403/1403 1505/1505/1505
f 1403/1403/1403 1404/1404/1404 1505/1505/1505
f 1505/1505/1505 1404/1404/1404 1506/1506/1506
f 1404/1404/1404 1405/1405/1405 1506/1506/1506
f 1506/1506/1506 1405/1405/1405 1507/1507/1507
f 1405/1405/1405 1406/1406/1406 1507/1507/1507
f 1507/1507/1507 1406/1406/1406 1508/1508/1508
f 1406/1406/1406 1407/1407/1407 1508/1508/1508
f 1508/1508/1508 1407/1407/1407 1509/1509/1509
f 1407/1407/1407 1408/1408/1408 1509/1509/1509
f 1509/1509/1509 1408/1408/1408 1510/1510/1510
f 1408/1408/1408 1409/1409/1409 1510/1510/1510
f 1510/1510/1510 1409/1409/1409 1511/1511/1511
f 1409/1409/1409 1410/1410/1410 1511/1511/1511
f 1511/1511/1511 1410/1410/1410 1512/1512/1512
f 1410/1410/1410 1411/1411/1411 1512/1512/1512
f 1512/1512/1512 1411/1411/1411 1513/1513/1513
f 1411/1411/1411 1412/1412/1412 1513/1513/1513
f 1513/1513/1513 1412/1412/1412 1514/1514/1514
f 1412/1412/1412 1413/1413/1413 1514/1514/1514
f 1514/1514/1514 1413/1413/1413 1515/1515/1515
f 1413/1413/1413 1414/1414/1414 1515/1515/1515
f 1516/1516/1516 1415/1415/1415 1517/1517/1517
f 1415/1415/1415 1416/1416/1416 1517/1517/1517
f 1517/1517/1517 1416/1416/1416 1518/1518/1518
f 1416/1416/1416 1417/1417/1417 1518/1518/1518
f 1518/1518/1518 1417/1417/1417 1519/1519/1519
f 1417/1417/1417 1418/1418/1418 1519/1519/1519
f 1519/1519/1519 1418/1418/1418 1520/1520/1520
f 1418/1418/1418 1419/1419/1419 1520/1520/1520
f 1520/1520/1520 1419/1419/1419 1521/1521/1521
f 1419/1419/1419 1420/1420/1420 1521/1521/1521
f 1521/1521/1521 1420/1420/1420 1522/1522/1522
f 1420/1420/1420 1421/1421/1421 1522/1522/1522
f 1522/1522/1522 1421/1421/1421 1523/1523/1523
f 1421/1421/1421 1422/1422/1422 1523/1523/1523
f 1523/1523/1523 1422/1422/1422 1524/1524/1524
f 1422/1422/1422 1423/1423/1423 1524/1524/1524
f 1524/1524/1524 1423/1423/1423 1525/1525/1525
f 1423/1423/1423 1424/1424/1424 1525/1525/1525
f 1525/1525/1525 1424/1424/1424 1526/1526/1526
f 1424/1424/1424 1425/1425/1425 1526/1526/1526
f 1526/1526/1526 1425/1425/1425 1527/1527/1527
f 1425/1425/1425 1426/1426/1426 1527/1527/1527
f 1527/1527/1527 1426/1426/1426 1528/1528/1528
f 1426/1426/1426 1427/1427/1427 1528/1528/1528
f 1528/1528/1528 1427/1427/1427 1529/1529/1529
f 1427/1427/1427 1428/1428/1428 1529/1529/1529
f 1529/1529/1529 1428/1428/1428 1530/1530/1530
f 1428/1428/1428 1429/1429/1429 1530/1530/1530
f 1530/1530/1530 1429/1429/1429 1531/1531/1531
f 1429/1429/1429 1430/1430/1430 1531/1531/1531
f 1531/1531/1531 1430/1430/1430 1532/1532/1532
f 1430/1430/1430 1431/1431/1431 1532/1532/1532
f 1532/1532/1532 1431/1431/1431 1533/1533/1533
f 1431/1431/1431 1432/1432/1432 1533/1533/1533
f 1533/1533/1533 1432/1432/1432 1534/1534/1534
f 1432/1432/1432 1433/1433/1433 1534/1534/1534
f 1534/1534/1534 1433/1433/1433 1535/1535/1535
f 1433/1433/1433 1434/1434/1434 1535/1535/1535
f 1535/1535/1535 1434/1434/1434 1536/1536/1536
f 1434/1434/1434 1435/1435/1435 1536/1536/1536
f 1536/1536/1536 1435/1435/1435 1537/1537/1537
f 1435/1435/1435 1436/1436/1436 1537/1537/1537
f 1537/1537/1537 1436/1436/1436 1538/1538/1538
f 1436/1436/1436 1437/1437/1437 1538/1538/1538
f 1538/1538/1538 1437/1437/1437 1539/1539/1539
f 1437/1437/1437 1438/1438/1438 1539/1539/1539
f 1539/1539/1539 1438/1438/1438 1540/1540/1540
f 1438/1438/1438 1439/1439/1439 1540/1540/1540
f 1540/1540/1540 1439/1439/1439 1541/1541/1541
f 1439/1439/1439 1440/1440/1440 1541/1541/1541
f 1541/1541/1541 1440/1440/1440 1542/1542/1542
f 1440/1440/1440 1441/1441/1441 1542/1542/1542
f 1542/1542/1542 1441/1441/1441 1543/1543/1543
f 1441/1441/1441 1442/1442/1442 1543/1543/1543
f 1543/1543/1543 1442/1442/1442 1544/1544/1544
f 1442/1442/1442 1443/1443/1443 1544/1544/1544
f 1544/1544/1544 1443/1443/1443 1545/1545/1545
f 1443/1443/1443 1444/1444/1444 1545/1545/1545
f 1545/1545/1545 1444/1444/1444 1546/1546/1546
f 1444/1444/1444 1445/1445/1445 1546/1546/1546
f 1546/1546/1546 1445/1445/1445 1547/1547/1547
f 1445/1445/1445 1446/1446/1446 1547/1547/1547
f 1547/1547/1547 1446/1446/1446 1548/1548/1548
f 1446/1446/1446 1447/1447/1447 1548/1548/1548
f 1548/1548/1548 1447/1447/1447 1549/1549/1549
f 1447/1447/1447 1448/1448/1448 1549/1549/1549
f 1549/1549/1549 1448/1448/1448 1550/1550/1550
f 1448/1448/1448 1449/1449/1449 1550/1550/1550
f 1550/1550/1550 1449/1449/1449 1551/1551/1551
f 1449/1449/1449 1450/1450/1450 1551/1551/1551
f 1551/1551/1551 1450/1450/1450 1552/1552/1552
f 1450/1450/1450 1451/1451/1451 1552/1552/1552
f 1552/1552/1552 1451/1451/1451 1553/1553/1553
f 1451/1451/1451 1452/1452/1452 1553/1553/1553
f 1553/1553/1553 1452/1452/1452 1554/1554/1554
f 1452/1452/1452 1453/1453/1453 1554/1554/1554
f 1554/1554/1554 1453/1453/1453 1555/1555/1555
f 1453/1453/1453 1454/1454/1454 1555/1555/1555
f 1555/1555/1555 1454/1454/1454 1556/1556/1556
f 1454/1454/1454 1455/1455/1455 1556/1556/1556
f 1556/1556/1556 1455/1455/1455 1557/1557/1557
f 1455/1455/1455 1456/1456/1456 1557/1557/1557
f 1557/1557/1557 1456/1456/1456 1558/1558/1558
f 1456/1456/1456 1457/1457/1457 1558/1558/1558
f 1558/1558/1558 1457/1457/1457 1559/1559/1559
f 1457/1457/1457 1458/1458/1458 1559/1559/1559
f 1559/1559/1559 1458/1458/1458 1560/1560/1560
f 1458/1458/1458 1459/1459/1459 1560/1560/1560
f 1560/1560/1560 1459/1459/1459 1561/1561/1561
f 1459/1459/1459 1460/1460/1460 1561/1561/1561
f 1561/1561/1561 1460/1460/1460 1562/1562/1562
f 1460/1460/1460 1461/1461/1461 1562/1562/1562
f 1562/1562/1562 1461/1461/1461 1563/1563/1563
f 1461/1461/1461 1462/1462/1462 1563/1563/1563
f 1563/1563/1563 1462/1462/1462 1564/1564/1564
f 1462/1462/1462 1463/1463/1463 1564/1564/1564
f 1564/1564/1564 1463/1463/1463 1565/1565/1565
f 1463/1463/1463 1464/1464/1464 1565/1565/1565
f 1565/1565/1565 1464/1464/1464 1566/1566/1566
f 1464/1464/1464 1465/1465/1465 1566/1566/1566
f 1566/1566/1566 1465/1465/1465 1567/1567/1567
f 1465/1465/1465 1466/1466/1466 1567/1567/1567
f 1567/1567/1567 1466/1466/1466 1568/1568/1568
f 1466/1466/1466 1467/1467/1467 1568/1568/1568
f 1568/1568/1568 1467/1467/1467 1569/1569/1569
f 1467/1467/1467 1468/1468/1468 1569/1569/1569
f 1569/1569/1569 1468/1468/1468 1570/1570/1570
f 1468/1468/1468 1469/1469/1469 1570/1570/1570
f 1570/1570/1570 1469/1469/1469 1571/1571/1571
f 1469/1469/1469 1470/1470/1470 1571/1571/1571
f 1571/1571/1571 1470/1470/1470 1572/1572/1572
f 1470/1470/1470 1471/1471/1471 1572/1572/1572
f 1572/1572/1572 1471/1471/1471 1573/1573/1573
f 1471/1471/1471 1472/1472/1472 1573/1573/1573
f 1573/1573/1573 1472/1472/1472 1574/1574/1574
f 1472/1472/1472 1473/1473/1473 1574/1574/1574
f 1574/1574/1574 1473/1473/1473 1575/1575/1575
f 1473/1473/1473 1474/1474/1474 1575/1575/1575
f 1575/1575/1575 1474/1474/1474 1576/1576/1576
f 1474/1474/1474 1475/1475/1475 1576/1576/1576
f 1576/1576/1576 1475/1475/1475 1577/1577/1577
f 1475/1475/1475 1476/1476/1476 1577/1577/1577
f 1577/1577/1577 1476/1476/1476 1578/1578/1578
f 1476/1476/1476 1477/1477/1477 1578/1578/1578
f 1578/1578/1578 1477/1477/1477 1579/1579/1579
f 1477/1477/1477 1478/1478/1478 1579/1579/1579
f 1579/1579/1579 1478/1478/1478 1580/1580/1580
f 1478/1478/1478 1479/1479/1479 1580/1580/1580
f 1580/1580/1580 1479/1479/1479 1581/1581/1581
f 1479/1479/1479 1480/1480/1480 1581/1581/1581
f 1581/1581/1581 1480/1480/1480 1582/1582/1582
f 1480/1480/1480 1481/1481/1481 1582/1582/1582
f 1582/1582/1582 1481/1481/1481 1583/1583/1583
f 1481/1481/1481 1482/1482/1482 1583/1583/1583
f 1583/1583/1583 1482/1482/1482 1584/1584/1584
f 1482/1482/1482 1483/1483/1483 1584/1584/1584
f 1584/1584/1584 1483/1483/1483 1585/1585/1585
f 1483/1483/1483 1484/1484/1484 1585/1585/1585
f 1585/1585/1585 1484/1484/1484 1586/1586/1586
f 1484/1484/1484 1485/1485/1485 1586/1586/1586
f 1586/1586/1586 1485/1485/1485 1587/1587/1587
f 1485/1485/1485 1486/1486/1486 1587/1587/1587
f 1587/1587/1587 1486/1486/1486 1588/1588/1588
f 1486/1486/1486 1487/1487/1487 1588/1588/1588
f 1588/1588/1588 1487/1487/1487 1589/1589/1589
f 1487/1487/1487 1488/1488/1488 1589/1589/1589
f 1589/1589/1589 1488/1488/1488 1590/1590/1590
f 1488/1488/1488 1489/1489/1489 1590/1590/1590
f 1590/1590/1590 1489/1489/1489 1591/1591/1591
f 1489/1489/1489 1490/1490/1490 1591/1591/1591
f 1591/1591/1591 1490/1490/1490 1592/1592/1592
f 1490/1490/1490 1491/1491/1491 1592/1592/1592
f 1592/1592/1592 1491/1491/1491 1593/1593/1593
f 1491/1491/1491 1492/1492/1492 1593/1593/1593
f 1593/1593/1593 1492/1492/1492 1594/1594/1594
f 1492/1492/1492 1493/1493/1493 1594/1594/1594
f 1594/1594/1594 1493/1493/1493 1595/1595/1595
f 1493/1493/1493 1494/1494/1494 1595/1595/1595
f 1595/1595/1595 1494/1494/1494 1596/1596/1596
f 1494/1494/1494 1495/1495/1495 1596/1596/1596
f 1596/1596/1596 1495/1495/1495 1597/1597/1597
f 1495/1495/1495 1496/1496/1496 1597/1597/1597
f 1597/1597/1597 1496/1496/1496 1598/1598/1598
f 1496/1496/1496 1497/1497/1497 1598/1598/1598
f 1598/1598/1598 1497/1497/1497 1599/1599/1599
f 1497/1497/1497 1498/1498/1498 1599/1599/1599
f 1599/1599/1599 1498/1498/1498 1600/1600/1600
f 1498/1498/1498 1499/1499/1499 1600/1600/1600
f 1600/1600/1600 1499/1499/1499 1601/1601/1601
f 1499/1499/1499 1500/1500/1500 1601/1601/1601
f 1601/1601/1601 1500/1500/1500 1602/1602/1602
f 1500/1500/1500 1501/1501/1501 1602/1602/1602
f 1602/1602/1602 1501/1501/1501 1603/1603/1603
f 1501/1501/1501 1502/1502/1502 1603/1603/1603
f 1603/1603/1603 1502/1502/1502 1604/1604/1604
f 1502/1502/1502 1503/1503/1503 1604/1604/1604
f 1604/1604/1604 1503/1503/1503 1605/1605/1605
f 1503/1503/1503 1504/1504/1504 1605/1605/1605
f 1605/1605/1605 1504/1504/1504 1606/1606/1606
f 1504/1504/1504 1505/1505/1505 1606/1606/1606
f 1606/1606/1606 1505/1505/1505 1607/1607/1607
f 1505/1505/1505 1506/1506/1506 1607/1607/1607
f 1607/1607/1607 1506/1506/1506 1608/1608/1608
f 1506/1506/1506 1507/1507/1507 1608/1608/1608
f 1608/1608/1608 1507/1507/1507 1609/1609/1609
f 1507/1507/1507 1508/1508/1508 1609/1609/1609
f 1609/1609/1609 1508/1508/1508 1610/1610/1610
f 1508/1508/1508 1509/1509/1509 1610/1610/1610
f 1610/1610/1610 1509/1509/1509 1611/1611/1611
f 1509/1509/1509 1510/1510/1510 1611/1611/1611
f 1611/1611/1611 1510/1510/1510 1612/1612/1612
f 1510/1510/1510 1511/1511/1511 1612/1612/1612
f 1612/1612/1612 1511/1511/1511 1613/1613/1613
f 1511/1511/1511 1512/1512/1512 1613/1613/1613
f 1613/1613/1613 1512/1512/1512 1614/1614/1614
f 1512/1512/1512 1513/1513/1513 1614/1614/1614
f 1614/1614/1614 1513/1513/1513 1615/1615/1615
f 1513/1513/1513 1514/1514/1514 1615/1615/1615
f 1615/1615/1615 1514/1514/1514 1616/1616/1616
f 1514/1514/1514 1515/1515/1515 1616/1616/1616
f 1617/1617/1617 1516/1516/1516 1618/1618/1618
f 1516/1516/1516 1517/1517/1517 1618/1618/1618
f 1618/1618/1618 1517/1517/1517 1619/1619/1619
f 1517/1517/1517 1518/1518/1518 1619/1619/1619
f 1619/1619/1619 1518/1518/1518 1620/1620/1620
f 1518/1518/1518 1519/1519/1519 1620/1620/1620
f 1620/1620/1620 1519/1519/1519 1621/1621/1621
f 1519/1519/1519 1520/1520/1520 1621/1621/1621
f 1621/1621/1621 1520/1520/1520 1622/1622/1622
f 1520/1520/1520 1521/1521/1521 1622/1622/1622
f 1622/1622/1622 1521/1521/1521 1623/1623/1623
f 1521/1521/1521 1522/1522/1522 1623/1623/1623
f 1623/1623/1623 1522/1522/1522 1624/1624/1624
f 1522/1522/1522 1523/1523/1523 1624/1624/1624
f 1624/1624/1624 1523/1523/1523 1625/1625/1625
f 1523/1523/1523 1524/1524/1524 1625/1625/1625
f 1625/1625/1625 1524/1524/1524 1626/1626/1626
f 1524/1524/1524 1525/1525/1525 1626/1626/1626
f 1626/1626/1626 1525/1525/1525 1627/1627/1627
f 1525/1525/1525 1526/1526/1526 1627/1627/1627
f 1627/1627/1627 1526/1526/1526 1628/1628/1628
f 1526/1526/1526 1527/1527/1527 1628/1628/1628
f 1628/1628/1628 1527/1527/1527 1629/1629/1629
f 1527/1527/1527 1528/1528/1528 1629/1629/1629
f 1629/1629/1629 1528/1528/1528 1630/1630/1630
f 1528/1528/1528 1529/1529/1529 1630/1630/1630
f 1630/1630/1630 1529/1529/1529 1631/1631/1631
f 1529/1529/1529 1530/1530/1530 1631/1631/1631
f 1631/1631/1631 1530/1530/1530 1632/1632/1632
f 1530/1530/1530 1531/1531/1531 1632/1632/1632
f 1632/1632/1632 1531/1531/1531 1633/1633/1633
f 1531/1531/1531 1532/1532/1532 1633/1633/1633
f 1633/1633/1633 1532/1532/1532 1634/1634/1634
f 1532/1532/1532 1533/1533/1533 1634/1634/1634
f 1634/1634/1634 1533/1533/1533 1635/1635/1635
f 1533/1533/1533 1534/1534/1534 1635/1635/1635
f 1635/1635/1635 1534/1534/1534 1636/1636/1636
f 1534/1534/1534 1535/1535/1535 1636/1636/1636
f 1636/1636/1636 1535/1535/1535 1637/1637/1637
f 1535/1535/1535 1536/1536/1536 1637/1637/1637
f 1637/1637/1637 1536/1536/1536 1638/1638/1638
f 1536/1536/1536 1537/1537/1537 1638/1638/1638
f 1638/1638/1638 1537/1537/1537 1639/1639/1639
f 1537/1537/1537 1538/1538/1538 1639/1639/1639
f 1639/1639/1639 1538/1538/1538 1640/1640/1640
f 1538/1538/1538 1539/1539/1539 1640/1640/1640
f 1640/1640/1640 1539/1539/1539 1641/1641/1641
f 1539/1539/1539 1540/1540/1540 1641/1641/1641
f 1641/1641/1641 1540/1540/1540 1642/1642/1642
f 1540/1540/1540 1541/1541/1541 1642/1642/1642
f 1642/1642/1642 1541/1541/1541 1643/1643/1643
f 1541/1541/1541 1542/1542/1542 1643/1643/1643
f 1643/1643/1643 1542/1542/1542 1644/1644/1644
f 1542/1542/1542 1543/1543/1543 1644/1644/1644
f 1644/1644/1644 1543/1543/1543 1645/1645/1645
f 1543/1543/1543 1544/1544/1544 1645/1645/1645
f 1645/1645/1645 1544/1544/1544 1646/1646/1646
f 1544/1544/1544 1545/1545/1545 1646/1646/1646
f 1646/1646/1646 1545/1545/1545 1647/1647/1647
f 1545/1545/1545 1546/1546/1546 1647/1647/1647
f 1647/1647/1647 1546/1546/1546 1648/1648/1648
f 1546/1546/1546 1547/1547/1547 1648/1648/1648
f 1648/1648/1648 1547/1547/1547 1649/1649/1649
f 1547/1547/1547 1548/1548/1548 1649/1649/1649
f 1649/1649/1649 1548/1548/1548 1650/1650/1650
f 1548/1548/1548 1549/1549/1549 1650/1650/1650
f 1650/1650/1650 1549/1549/1549 1651/1651/1651
f 1549/1549/1549 1550/1550/1550 1651/1651/1651
f 1651/1651/1651 1550/1550/1550 1652/1652/1652
f 1550/1550/1550 1551/1551/1551 1652/1652/1652
f 1652/1652/1652 1551/1551/1551 1653/1653/1653
f 1551/1551/1551 1552/1552/1552 1653/1653/1653
f 1653/1653/1653 1552/1552/1552 1654/1654/1654
f 1552/1552/1552 1553/1553/1553 1654/1654/1654
f 1654/1654/1654 1553/1553/1553 1655/1655/1655
f 1553/1553/1553 1554/1554/1554 1655/1655/1655
f 1655/1655/1655 1554/1554/1554 1656/1656/1656
f 1554/1554/1554 1555/1555/1555 1656/1656/1656
f 1656/1656/1656 1555/1555/1555 1657/1657/1657
f 1555/1555/1555 1556/1556/1556 1657/1657/1657
f 1657/1657/1657 1556/1556/1556 1658/1658/1658
f 1556/1556/1556 1557/1557/1557 1658/1658/1658
f 1658/1658/1658 1557/1557/1557 1659/1659/1659
f 1557/1557/1557 1558/1558/1558 1659/1659/1659
f 1659/1659/1659 1558/1558/1558 1660/1660/1660
f 1558/1558/1558 1559/1559/1559 1660/1660/1660
f 1660/1660/1660 1559/1559/1559 1661/1661/1661
f 1559/1559/1559 1560/1560/1560 1661/1661/1661
f 1661/1661/1661 1560/1560/1560 1662/1662/1662
f 1560/1560/1560 1561/1561/1561 1662/1662/1662
f 1662/1662/1662 1561/1561/1561 1663/1663/1663
f 1561/1561/1561 1562/1562/1562 1663/1663/1663
f 1663/1663/1663 1562/1562/1562 1664/1664/1664
f 1562/1562/1562 1563/1563/1563 1664/1664/1664
f 1664/1664/1664 1563/1563/1563 1665/1665/1665
f 1563/1563/1563 1564/1564/1564 1665/1665/1665
f 1665/1665/1665 1564/1564/1564 1666/1666/1666
f 1564/1564/1564 1565/1565/1565 1666/1666/1666
f 1666/1666/1666 1565/1565/1565 1667/1667/1667
f 1565/1565/1565 1566/1566/1566 1667/1667/1667
f 1667/1667/1667 1566/1566/1566 1668/1668/1668
f 1566/1566/1566 1567/1567/1567 1668/1668/1668
f 1668/1668/1668 1567/1567/1567 1669/1669/1669
f 1567/1567/1567 1568/1568/1568 1669/1669/1669
f 1669/1669/1669 1568/1568/1568 1670/1670/1670
f 1568/1568/1568 1569/1569/1569 1670/1670/1670
f 1670/1670/1670 1569/1569/1569 1671/1671/1671
f 1569/1569/1569 1570/1570/1570 1671/1671/1671
f 1671/1671/1671 1570/1570/1570 1672/1672/1672
f 1570/1570/1570 1571/1571/1571 1672/1672/1672
f 1672/1672/1672 1571/1571/1571 1673/1673/1673
f 1571/1571/1571 1572/1572/1572 1673/1673/1673
f 1673/1673/1673 1572/1572/1572 1674/1674/1674
f 1572/1572/1572 1573/1573/1573 1674/1674/1674
f 1674/1674/1674 1573/1573/1573 1675/1675/1675
f 1573/1573/1573 1574/1574/1574 1675/1675/1675
f 1675/1675/1675 1574/1574/1574 1676/1676/1676
f 1574/1574/1574 1575/1575/1575 1676/1676/1676
f 1676/1676/1676 1575/1575/1575 1677/1677/1677
f 1575/1575/1575 1576/1576/1576 1677/1677/1677
f 1677/1677/1677 1576/1576/1576 1678/1678/1678
f 1576/1576/1576 1577/1577/1577 1678/1678/1678
f 1678/1678/1678 1577/1577/1577 1679/1679/1679
f 1577/1577/1577 1578/1578/1578 1679/1679/1679
f 1679/1679/1679 1578/1578/1578 1680/1680/1680
f 1578/1578/1578 1579/1579/1579 1680/1680/1680
f 1680/1680/1680 1579/1579/1579 1681/1681/1681
f 1579/1579/1579 1580/1580/1580 1681/1681/1681
f 1681/1681/1681 1580/1580/1580 1682/1682/1682
f 1580/1580/1580 1581/1581/1581 1682/1682/1682
f 1682/1682/1682 1581/1581/1581 1683/1683/1683
f 1581/1581/1581 1582/1582/1582 1683/1683/1683
f 1683/1683/1683 1582/1582/1582 1684/1684/1684
f 1582/1582/1582 1583/1583/1583 1684/1684/1684
f 1684/1684/1684 1583/1583/1583 1685/1685/1685
f 1583/1583/1583 1584/1584/1584 1685/1685/1685
f 1685/1685/1685 1584/1584/1584 1686/1686/1686
f 1584/1584/1584 1585/1585/1585 1686/1686/1686
f 1686/1686/1686 1585/1585/1585 1687/1687/1687
f 1585/1585/1585 1586/1586/1586 1687/1687/1687
f 1687/1687/1687 1586/1586/1586 1688/1688/1688
f 1586/1586/1586 1587/1587/1587 1688/1688/1688
f 1688/1688/1688 1587/1587/1587 1689/1689/1689
f 1587/1587/1587 1588/1588/1588 1689/1689/1689
f 1689/1689/1689 1588/1588/1588 1690/1690/1690
f 1588/1588/1588 1589/1589/1589 1690/1690/1690
f 1690/1690/1690 1589/1589/1589 1691/1691/1691
f 1589/1589/1589 1590/1590/1590 1691/1691/1691
f 1691/1691/1691 1590/1590/1590 1692/1692/1692
f 1590/1590/1590 1591/1591/1591 1692/1692/1692
f 1692/1692/1692 1591/1591/1591 1693/1693/1693
f 1591/1591/1591 1592/1592/1592 1693/1693/1693
f 1693/1693/1693 1592/1592/1592 1694/1694/1694
f 1592/1592/1592 1593/1593/1593 1694/1694/1694
f 1694/1694/1694 1593/1593/1593 1695/1695/1695
f 1593/1593/1593 1594/1594/1594 1695/1695/1695
f 1695/1695/1695 1594/1594/1594 1696/1696/1696
f 1594/1594/1594 1595/1595/1595 1696/1696/1696
f 1696/1696/1696 1595/1595/1595 1697/1697/1697
f 1595/1595/1595 1596/1596/1596 1697/1697/1697
f 1697/1697/1697 1596/1596/1596 1698/1698/1698
f 1596/1596/1596 1597/1597/1597 1698/1698/1698
f 1698/1698/1698 1597/1597/1597 1699/1699/1699
f 1597/1597/1597 1598/1598/1598 1699/1699/1699
f 1699/1699/1699 1598/1598/1598 1700/1700/1700
f 1598/1598/1598 1599/1599/1599 1700/1700/1700
f 1700/1700/1700 1599/1599/1599 1701/1701/1701
f 1599/1599/1599 1600/1600/1600 1701/1701/1701
f 1701/1701/1701 1600/1600/1600 1702/1702/1702
f 1600/1600/1600 1601/1601/1601 1702/1702/1702
f 1702/1702/1702 1601/1601/1601 1703/1703/1703
f 1601/1601/1601 1602/1602/1602 1703/1703/1703
f 1703/1703/1703 1602/1602/1602 1704/1704/1704
f 1602/1602/1602 1603/1603/1603 1704/1704/1704
f 1704/1704/1704 1603/1603/1603 1705/1705/1705
f 1603/1603/1603 1604/1604/1604 1705/1705/1705
f 1705/1705/1705 1604/1604/1604 1706/1706/1706
f 1604/1604/1604 1605/1605/1605 1706/1706/1706
f 1706/1706/1706 1605/1605/1605 1707/1707/1707
f 1605/1605/1605 1606/1606/1606 1707/1707/1707
f 1707/1707/1707 1606/1606/1606 1708/1708/1708
f 1606/1606/1606 1607/1607/1607 1708/1708/1708
f 1708/1708/1708 1607/1607/1607 1709/1709/1709
f 1607/1607/1607 1608/1608/1608 1709/1709/1709
f 1709/1709/1709 1608/1608/1608 1710/1710/1710
f 1608/1608/1608 1609/1609/1609 1710/1710/1710
f 1710/1710/1710 1609/1609/1609 1711/1711/1711
f 1609/1609/1609 1610/1610/1610 1711/1711/1711
f 1711/1711/1711 1610/1610/1610 1712/1712/1712
f 1610/1610/1610 1611/1611/1611 1712/1712/1712
f 1712/1712/1712 1611/1611/1611 1713/1713/1713
f 1611/1611/1611 1612/1612/1612 1713/1713/1713
f 1713/1713/1713 1612/1612/1612 1714/1714/1714
f 1612/1612/1612 1613/1613/1613 1714/1714/1714
f 1714/1714/1714 1613/1613/1613 1715/1715/1715
f 1613/1613/1613 1614/1614/1614 1715/1715/1715
f 1715/1715/1715 1614/1614/1614 1716/1716/1716
f 1614/1614/1614 1615/1615/1615 1716/1716/1716
f 1716/1716/1716 1615/1615/1615 1717/1717/1717
f 1615/1615/1615 1616/1616/1616 1717/1717/1717
