# Three.js Object exported to OBJ
# Coordinate system: Blender Z-up (transformed from Three.js Y-up)
# Scale: Scene units

# Mesh: base_disc
v 0.000000 4.000000 -0.400000
v 0.522105 3.965780 -0.400000
v 1.035276 3.863703 -0.400000
v 1.530734 3.695518 -0.400000
v 2.000000 3.464102 -0.400000
v 2.435046 3.173413 -0.400000
v 2.828427 2.828427 -0.400000
v 3.173413 2.435046 -0.400000
v 3.464102 2.000000 -0.400000
v 3.695518 1.530734 -0.400000
v 3.863703 1.035276 -0.400000
v 3.965780 0.522105 -0.400000
v 4.000000 0.000000 -0.400000
v 3.965780 -0.522105 -0.400000
v 3.863703 -1.035276 -0.400000
v 3.695518 -1.530734 -0.400000
v 3.464102 -2.000000 -0.400000
v 3.173413 -2.435046 -0.400000
v 2.828427 -2.828427 -0.400000
v 2.435046 -3.173413 -0.400000
v 2.000000 -3.464102 -0.400000
v 1.530734 -3.695518 -0.400000
v 1.035276 -3.863703 -0.400000
v 0.522105 -3.965780 -0.400000
v 0.000000 -4.000000 -0.400000
v -0.522105 -3.965780 -0.400000
v -1.035276 -3.863703 -0.400000
v -1.530734 -3.695518 -0.400000
v -2.000000 -3.464102 -0.400000
v -2.435046 -3.173413 -0.400000
v -2.828427 -2.828427 -0.400000
v -3.173413 -2.435046 -0.400000
v -3.464102 -2.000000 -0.400000
v -3.695518 -1.530734 -0.400000
v -3.863703 -1.035276 -0.400000
v -3.965780 -0.522105 -0.400000
v -4.000000 -0.000000 -0.400000
v -3.965780 0.522105 -0.400000
v -3.863703 1.035276 -0.400000
v -3.695518 1.530734 -0.400000
v -3.464102 2.000000 -0.400000
v -3.173413 2.435046 -0.400000
v -2.828427 2.828427 -0.400000
v -2.435046 3.173413 -0.400000
v -2.000000 3.464102 -0.400000
v -1.530734 3.695518 -0.400000
v -1.035276 3.863703 -0.400000
v -0.522105 3.965780 -0.400000
v -0.000000 4.000000 -0.400000
v 0.000000 4.000000 0.400000
v 0.522105 3.965780 0.400000
v 1.035276 3.863703 0.400000
v 1.530734 3.695518 0.400000
v 2.000000 3.464102 0.400000
v 2.435046 3.173413 0.400000
v 2.828427 2.828427 0.400000
v 3.173413 2.435046 0.400000
v 3.464102 2.000000 0.400000
v 3.695518 1.530734 0.400000
v 3.863703 1.035276 0.400000
v 3.965780 0.522105 0.400000
v 4.000000 0.000000 0.400000
v 3.965780 -0.522105 0.400000
v 3.863703 -1.035276 0.400000
v 3.695518 -1.530734 0.400000
v 3.464102 -2.000000 0.400000
v 3.173413 -2.435046 0.400000
v 2.828427 -2.828427 0.400000
v 2.435046 -3.173413 0.400000
v 2.000000 -3.464102 0.400000
v 1.530734 -3.695518 0.400000
v 1.035276 -3.863703 0.400000
v 0.522105 -3.965780 0.400000
v 0.000000 -4.000000 0.400000
v -0.522105 -3.965780 0.400000
v -1.035276 -3.863703 0.400000
v -1.530734 -3.695518 0.400000
v -2.000000 -3.464102 0.400000
v -2.435046 -3.173413 0.400000
v -2.828427 -2.828427 0.400000
v -3.173413 -2.435046 0.400000
v -3.464102 -2.000000 0.400000
v -3.695518 -1.530734 0.400000
v -3.863703 -1.035276 0.400000
v -3.965780 -0.522105 0.400000
v -4.000000 -0.000000 0.400000
v -3.965780 0.522105 0.400000
v -3.863703 1.035276 0.400000
v -3.695518 1.530734 0.400000
v -3.464102 2.000000 0.400000
v -3.173413 2.435046 0.400000
v -2.828427 2.828427 0.400000
v -2.435046 3.173413 0.400000
v -2.000000 3.464102 0.400000
v -1.530734 3.695518 0.400000
v -1.035276 3.863703 0.400000
v -0.522105 3.965780 0.400000
v -0.000000 4.000000 0.400000
v 0.000000 0.000000 -0.400000
v 0.000000 0.000000 -0.400000
v 0.000000 0.000000 -0.400000
v 0.000000 0.000000 -0.400000
v 0.000000 0.000000 -0.400000
v 0.000000 0.000000 -0.400000
v 0.000000 0.000000 -0.400000
v 0.000000 0.000000 -0.400000
v 0.000000 0.000000 -0.400000
v 0.000000 0.000000 -0.400000
v 0.000000 0.000000 -0.400000
v 0.000000 0.000000 -0.400000
v 0.000000 0.000000 -0.400000
v 0.000000 0.000000 -0.400000
v 0.000000 0.000000 -0.400000
v 0.000000 0.000000 -0.400000
v 0.000000 0.000000 -0.400000
v 0.000000 0.000000 -0.400000
v 0.000000 0.000000 -0.400000
v 0.000000 0.000000 -0.400000
v 0.000000 0.000000 -0.400000
v 0.000000 0.000000 -0.400000
v 0.000000 0.000000 -0.400000
v 0.000000 0.000000 -0.400000
v 0.000000 0.000000 -0.400000
v 0.000000 0.000000 -0.400000
v 0.000000 0.000000 -0.400000
v 0.000000 0.000000 -0.400000
v 0.000000 0.000000 -0.400000
v 0.000000 0.000000 -0.400000
v 0.000000 0.000000 -0.400000
v 0.000000 0.000000 -0.400000
v 0.000000 0.000000 -0.400000
v 0.000000 0.000000 -0.400000
v 0.000000 0.000000 -0.400000
v 0.000000 0.000000 -0.400000
v 0.000000 0.000000 -0.400000
v 0.000000 0.000000 -0.400000
v 0.000000 0.000000 -0.400000
v 0.000000 0.000000 -0.400000
v 0.000000 0.000000 -0.400000
v 0.000000 0.000000 -0.400000
v 0.000000 0.000000 -0.400000
v 0.000000 0.000000 -0.400000
v 0.000000 0.000000 -0.400000
v 0.000000 0.000000 -0.400000
v 0.000000 0.000000 -0.400000
v 0.000000 0.000000 -0.400000
v 0.000000 4.000000 -0.400000
v 0.522105 3.965780 -0.400000
v 1.035276 3.863703 -0.400000
v 1.530734 3.695518 -0.400000
v 2.000000 3.464102 -0.400000
v 2.435046 3.173413 -0.400000
v 2.828427 2.828427 -0.400000
v 3.173413 2.435046 -0.400000
v 3.464102 2.000000 -0.400000
v 3.695518 1.530734 -0.400000
v 3.863703 1.035276 -0.400000
v 3.965780 0.522105 -0.400000
v 4.000000 0.000000 -0.400000
v 3.965780 -0.522105 -0.400000
v 3.863703 -1.035276 -0.400000
v 3.695518 -1.530734 -0.400000
v 3.464102 -2.000000 -0.400000
v 3.173413 -2.435046 -0.400000
v 2.828427 -2.828427 -0.400000
v 2.435046 -3.173413 -0.400000
v 2.000000 -3.464102 -0.400000
v 1.530734 -3.695518 -0.400000
v 1.035276 -3.863703 -0.400000
v 0.522105 -3.965780 -0.400000
v 0.000000 -4.000000 -0.400000
v -0.522105 -3.965780 -0.400000
v -1.035276 -3.863703 -0.400000
v -1.530734 -3.695518 -0.400000
v -2.000000 -3.464102 -0.400000
v -2.435046 -3.173413 -0.400000
v -2.828427 -2.828427 -0.400000
v -3.173413 -2.435046 -0.400000
v -3.464102 -2.000000 -0.400000
v -3.695518 -1.530734 -0.400000
v -3.863703 -1.035276 -0.400000
v -3.965780 -0.522105 -0.400000
v -4.000000 -0.000000 -0.400000
v -3.965780 0.522105 -0.400000
v -3.863703 1.035276 -0.400000
v -3.695518 1.530734 -0.400000
v -3.464102 2.000000 -0.400000
v -3.173413 2.435046 -0.400000
v -2.828427 2.828427 -0.400000
v -2.435046 3.173413 -0.400000
v -2.000000 3.464102 -0.400000
v -1.530734 3.695518 -0.400000
v -1.035276 3.863703 -0.400000
v -0.522105 3.965780 -0.400000
v -0.000000 4.000000 -0.400000
v 0.000000 -0.000000 0.400000
v 0.000000 -0.000000 0.400000
v 0.000000 -0.000000 0.400000
v 0.000000 -0.000000 0.400000
v 0.000000 -0.000000 0.400000
v 0.000000 -0.000000 0.400000
v 0.000000 -0.000000 0.400000
v 0.000000 -0.000000 0.400000
v 0.000000 -0.000000 0.400000
v 0.000000 -0.000000 0.400000
v 0.000000 -0.000000 0.400000
v 0.000000 -0.000000 0.400000
v 0.000000 -0.000000 0.400000
v 0.000000 -0.000000 0.400000
v 0.000000 -0.000000 0.400000
v 0.000000 -0.000000 0.400000
v 0.000000 -0.000000 0.400000
v 0.000000 -0.000000 0.400000
v 0.000000 -0.000000 0.400000
v 0.000000 -0.000000 0.400000
v 0.000000 -0.000000 0.400000
v 0.000000 -0.000000 0.400000
v 0.000000 -0.000000 0.400000
v 0.000000 -0.000000 0.400000
v 0.000000 -0.000000 0.400000
v 0.000000 -0.000000 0.400000
v 0.000000 -0.000000 0.400000
v 0.000000 -0.000000 0.400000
v 0.000000 -0.000000 0.400000
v 0.000000 -0.000000 0.400000
v 0.000000 -0.000000 0.400000
v 0.000000 -0.000000 0.400000
v 0.000000 -0.000000 0.400000
v 0.000000 -0.000000 0.400000
v 0.000000 -0.000000 0.400000
v 0.000000 -0.000000 0.400000
v 0.000000 -0.000000 0.400000
v 0.000000 -0.000000 0.400000
v 0.000000 -0.000000 0.400000
v 0.000000 -0.000000 0.400000
v 0.000000 -0.000000 0.400000
v 0.000000 -0.000000 0.400000
v 0.000000 -0.000000 0.400000
v 0.000000 -0.000000 0.400000
v 0.000000 -0.000000 0.400000
v 0.000000 -0.000000 0.400000
v 0.000000 -0.000000 0.400000
v 0.000000 -0.000000 0.400000
v 0.000000 4.000000 0.400000
v 0.522105 3.965780 0.400000
v 1.035276 3.863703 0.400000
v 1.530734 3.695518 0.400000
v 2.000000 3.464102 0.400000
v 2.435046 3.173413 0.400000
v 2.828427 2.828427 0.400000
v 3.173413 2.435046 0.400000
v 3.464102 2.000000 0.400000
v 3.695518 1.530734 0.400000
v 3.863703 1.035276 0.400000
v 3.965780 0.522105 0.400000
v 4.000000 0.000000 0.400000
v 3.965780 -0.522105 0.400000
v 3.863703 -1.035276 0.400000
v 3.695518 -1.530734 0.400000
v 3.464102 -2.000000 0.400000
v 3.173413 -2.435046 0.400000
v 2.828427 -2.828427 0.400000
v 2.435046 -3.173413 0.400000
v 2.000000 -3.464102 0.400000
v 1.530734 -3.695518 0.400000
v 1.035276 -3.863703 0.400000
v 0.522105 -3.965780 0.400000
v 0.000000 -4.000000 0.400000
v -0.522105 -3.965780 0.400000
v -1.035276 -3.863703 0.400000
v -1.530734 -3.695518 0.400000
v -2.000000 -3.464102 0.400000
v -2.435046 -3.173413 0.400000
v -2.828427 -2.828427 0.400000
v -3.173413 -2.435046 0.400000
v -3.464102 -2.000000 0.400000
v -3.695518 -1.530734 0.400000
v -3.863703 -1.035276 0.400000
v -3.965780 -0.522105 0.400000
v -4.000000 -0.000000 0.400000
v -3.965780 0.522105 0.400000
v -3.863703 1.035276 0.400000
v -3.695518 1.530734 0.400000
v -3.464102 2.000000 0.400000
v -3.173413 2.435046 0.400000
v -2.828427 2.828427 0.400000
v -2.435046 3.173413 0.400000
v -2.000000 3.464102 0.400000
v -1.530734 3.695518 0.400000
v -1.035276 3.863703 0.400000
v -0.522105 3.965780 0.400000
v -0.000000 4.000000 0.400000
vn 0.000000 1.000000 0.000000
vn 0.130526 0.991445 0.000000
vn 0.258819 0.965926 0.000000
vn 0.382683 0.923880 0.000000
vn 0.500000 0.866025 0.000000
vn 0.608761 0.793353 0.000000
vn 0.707107 0.707107 0.000000
vn 0.793353 0.608761 0.000000
vn 0.866025 0.500000 0.000000
vn 0.923880 0.382683 0.000000
vn 0.965926 0.258819 0.000000
vn 0.991445 0.130526 0.000000
vn 1.000000 0.000000 0.000000
vn 0.991445 -0.130526 -0.000000
vn 0.965926 -0.258819 -0.000000
vn 0.923880 -0.382683 -0.000000
vn 0.866025 -0.500000 -0.000000
vn 0.793353 -0.608761 -0.000000
vn 0.707107 -0.707107 -0.000000
vn 0.608761 -0.793353 -0.000000
vn 0.500000 -0.866025 -0.000000
vn 0.382683 -0.923880 -0.000000
vn 0.258819 -0.965926 -0.000000
vn 0.130526 -0.991445 -0.000000
vn 0.000000 -1.000000 -0.000000
vn -0.130526 -0.991445 -0.000000
vn -0.258819 -0.965926 -0.000000
vn -0.382683 -0.923880 -0.000000
vn -0.500000 -0.866025 -0.000000
vn -0.608761 -0.793353 -0.000000
vn -0.707107 -0.707107 -0.000000
vn -0.793353 -0.608761 -0.000000
vn -0.866025 -0.500000 -0.000000
vn -0.923880 -0.382683 -0.000000
vn -0.965926 -0.258819 -0.000000
vn -0.991445 -0.130526 -0.000000
vn -1.000000 -0.000000 -0.000000
vn -0.991445 0.130526 0.000000
vn -0.965926 0.258819 0.000000
vn -0.923880 0.382683 0.000000
vn -0.866025 0.500000 0.000000
vn -0.793353 0.608761 0.000000
vn -0.707107 0.707107 0.000000
vn -0.608761 0.793353 0.000000
vn -0.500000 0.866025 0.000000
vn -0.382683 0.923880 0.000000
vn -0.258819 0.965926 0.000000
vn -0.130526 0.991445 0.000000
vn -0.000000 1.000000 0.000000
vn 0.000000 1.000000 0.000000
vn 0.130526 0.991445 0.000000
vn 0.258819 0.965926 0.000000
vn 0.382683 0.923880 0.000000
vn 0.500000 0.866025 0.000000
vn 0.608761 0.793353 0.000000
vn 0.707107 0.707107 0.000000
vn 0.793353 0.608761 0.000000
vn 0.866025 0.500000 0.000000
vn 0.923880 0.382683 0.000000
vn 0.965926 0.258819 0.000000
vn 0.991445 0.130526 0.000000
vn 1.000000 0.000000 0.000000
vn 0.991445 -0.130526 -0.000000
vn 0.965926 -0.258819 -0.000000
vn 0.923880 -0.382683 -0.000000
vn 0.866025 -0.500000 -0.000000
vn 0.793353 -0.608761 -0.000000
vn 0.707107 -0.707107 -0.000000
vn 0.608761 -0.793353 -0.000000
vn 0.500000 -0.866025 -0.000000
vn 0.382683 -0.923880 -0.000000
vn 0.258819 -0.965926 -0.000000
vn 0.130526 -0.991445 -0.000000
vn 0.000000 -1.000000 -0.000000
vn -0.130526 -0.991445 -0.000000
vn -0.258819 -0.965926 -0.000000
vn -0.382683 -0.923880 -0.000000
vn -0.500000 -0.866025 -0.000000
vn -0.608761 -0.793353 -0.000000
vn -0.707107 -0.707107 -0.000000
vn -0.793353 -0.608761 -0.000000
vn -0.866025 -0.500000 -0.000000
vn -0.923880 -0.382683 -0.000000
vn -0.965926 -0.258819 -0.000000
vn -0.991445 -0.130526 -0.000000
vn -1.000000 -0.000000 -0.000000
vn -0.991445 0.130526 0.000000
vn -0.965926 0.258819 0.000000
vn -0.923880 0.382683 0.000000
vn -0.866025 0.500000 0.000000
vn -0.793353 0.608761 0.000000
vn -0.707107 0.707107 0.000000
vn -0.608761 0.793353 0.000000
vn -0.500000 0.866025 0.000000
vn -0.382683 0.923880 0.000000
vn -0.258819 0.965926 0.000000
vn -0.130526 0.991445 0.000000
vn -0.000000 1.000000 0.000000
vn 0.000000 0.000000 -1.000000
vn 0.000000 0.000000 -1.000000
vn 0.000000 0.000000 -1.000000
vn 0.000000 0.000000 -1.000000
vn 0.000000 0.000000 -1.000000
vn 0.000000 0.000000 -1.000000
vn 0.000000 0.000000 -1.000000
vn 0.000000 0.000000 -1.000000
vn 0.000000 0.000000 -1.000000
vn 0.000000 0.000000 -1.000000
vn 0.000000 0.000000 -1.000000
vn 0.000000 0.000000 -1.000000
vn 0.000000 0.000000 -1.000000
vn 0.000000 0.000000 -1.000000
vn 0.000000 0.000000 -1.000000
vn 0.000000 0.000000 -1.000000
vn 0.000000 0.000000 -1.000000
vn 0.000000 0.000000 -1.000000
vn 0.000000 0.000000 -1.000000
vn 0.000000 0.000000 -1.000000
vn 0.000000 0.000000 -1.000000
vn 0.000000 0.000000 -1.000000
vn 0.000000 0.000000 -1.000000
vn 0.000000 0.000000 -1.000000
vn 0.000000 0.000000 -1.000000
vn 0.000000 0.000000 -1.000000
vn 0.000000 0.000000 -1.000000
vn 0.000000 0.000000 -1.000000
vn 0.000000 0.000000 -1.000000
vn 0.000000 0.000000 -1.000000
vn 0.000000 0.000000 -1.000000
vn 0.000000 0.000000 -1.000000
vn 0.000000 0.000000 -1.000000
vn 0.000000 0.000000 -1.000000
vn 0.000000 0.000000 -1.000000
vn 0.000000 0.000000 -1.000000
vn 0.000000 0.000000 -1.000000
vn 0.000000 0.000000 -1.000000
vn 0.000000 0.000000 -1.000000
vn 0.000000 0.000000 -1.000000
vn 0.000000 0.000000 -1.000000
vn 0.000000 0.000000 -1.000000
vn 0.000000 0.000000 -1.000000
vn 0.000000 0.000000 -1.000000
vn 0.000000 0.000000 -1.000000
vn 0.000000 0.000000 -1.000000
vn 0.000000 0.000000 -1.000000
vn 0.000000 0.000000 -1.000000
vn 0.000000 0.000000 -1.000000
vn 0.000000 0.000000 -1.000000
vn 0.000000 0.000000 -1.000000
vn 0.000000 0.000000 -1.000000
vn 0.000000 0.000000 -1.000000
vn 0.000000 0.000000 -1.000000
vn 0.000000 0.000000 -1.000000
vn 0.000000 0.000000 -1.000000
vn 0.000000 0.000000 -1.000000
vn 0.000000 0.000000 -1.000000
vn 0.000000 0.000000 -1.000000
vn 0.000000 0.000000 -1.000000
vn 0.000000 0.000000 -1.000000
vn 0.000000 0.000000 -1.000000
vn 0.000000 0.000000 -1.000000
vn 0.000000 0.000000 -1.000000
vn 0.000000 0.000000 -1.000000
vn 0.000000 0.000000 -1.000000
vn 0.000000 0.000000 -1.000000
vn 0.000000 0.000000 -1.000000
vn 0.000000 0.000000 -1.000000
vn 0.000000 0.000000 -1.000000
vn 0.000000 0.000000 -1.000000
vn 0.000000 0.000000 -1.000000
vn 0.000000 0.000000 -1.000000
vn 0.000000 0.000000 -1.000000
vn 0.000000 0.000000 -1.000000
vn 0.000000 0.000000 -1.000000
vn 0.000000 0.000000 -1.000000
vn 0.000000 0.000000 -1.000000
vn 0.000000 0.000000 -1.000000
vn 0.000000 0.000000 -1.000000
vn 0.000000 0.000000 -1.000000
vn 0.000000 0.000000 -1.000000
vn 0.000000 0.000000 -1.000000
vn 0.000000 0.000000 -1.000000
vn 0.000000 0.000000 -1.000000
vn 0.000000 0.000000 -1.000000
vn 0.000000 0.000000 -1.000000
vn 0.000000 0.000000 -1.000000
vn 0.000000 0.000000 -1.000000
vn 0.000000 0.000000 -1.000000
vn 0.000000 0.000000 -1.000000
vn 0.000000 0.000000 -1.000000
vn 0.000000 0.000000 -1.000000
vn 0.000000 0.000000 -1.000000
vn 0.000000 0.000000 -1.000000
vn 0.000000 0.000000 -1.000000
vn 0.000000 0.000000 -1.000000
vn 0.000000 -0.000000 1.000000
vn 0.000000 -0.000000 1.000000
vn 0.000000 -0.000000 1.000000
vn 0.000000 -0.000000 1.000000
vn 0.000000 -0.000000 1.000000
vn 0.000000 -0.000000 1.000000
vn 0.000000 -0.000000 1.000000
vn 0.000000 -0.000000 1.000000
vn 0.000000 -0.000000 1.000000
vn 0.000000 -0.000000 1.000000
vn 0.000000 -0.000000 1.000000
vn 0.000000 -0.000000 1.000000
vn 0.000000 -0.000000 1.000000
vn 0.000000 -0.000000 1.000000
vn 0.000000 -0.000000 1.000000
vn 0.000000 -0.000000 1.000000
vn 0.000000 -0.000000 1.000000
vn 0.000000 -0.000000 1.000000
vn 0.000000 -0.000000 1.000000
vn 0.000000 -0.000000 1.000000
vn 0.000000 -0.000000 1.000000
vn 0.000000 -0.000000 1.000000
vn 0.000000 -0.000000 1.000000
vn 0.000000 -0.000000 1.000000
vn 0.000000 -0.000000 1.000000
vn 0.000000 -0.000000 1.000000
vn 0.000000 -0.000000 1.000000
vn 0.000000 -0.000000 1.000000
vn 0.000000 -0.000000 1.000000
vn 0.000000 -0.000000 1.000000
vn 0.000000 -0.000000 1.000000
vn 0.000000 -0.000000 1.000000
vn 0.000000 -0.000000 1.000000
vn 0.000000 -0.000000 1.000000
vn 0.000000 -0.000000 1.000000
vn 0.000000 -0.000000 1.000000
vn 0.000000 -0.000000 1.000000
vn 0.000000 -0.000000 1.000000
vn 0.000000 -0.000000 1.000000
vn 0.000000 -0.000000 1.000000
vn 0.000000 -0.000000 1.000000
vn 0.000000 -0.000000 1.000000
vn 0.000000 -0.000000 1.000000
vn 0.000000 -0.000000 1.000000
vn 0.000000 -0.000000 1.000000
vn 0.000000 -0.000000 1.000000
vn 0.000000 -0.000000 1.000000
vn 0.000000 -0.000000 1.000000
vn 0.000000 -0.000000 1.000000
vn 0.000000 -0.000000 1.000000
vn 0.000000 -0.000000 1.000000
vn 0.000000 -0.000000 1.000000
vn 0.000000 -0.000000 1.000000
vn 0.000000 -0.000000 1.000000
vn 0.000000 -0.000000 1.000000
vn 0.000000 -0.000000 1.000000
vn 0.000000 -0.000000 1.000000
vn 0.000000 -0.000000 1.000000
vn 0.000000 -0.000000 1.000000
vn 0.000000 -0.000000 1.000000
vn 0.000000 -0.000000 1.000000
vn 0.000000 -0.000000 1.000000
vn 0.000000 -0.000000 1.000000
vn 0.000000 -0.000000 1.000000
vn 0.000000 -0.000000 1.000000
vn 0.000000 -0.000000 1.000000
vn 0.000000 -0.000000 1.000000
vn 0.000000 -0.000000 1.000000
vn 0.000000 -0.000000 1.000000
vn 0.000000 -0.000000 1.000000
vn 0.000000 -0.000000 1.000000
vn 0.000000 -0.000000 1.000000
vn 0.000000 -0.000000 1.000000
vn 0.000000 -0.000000 1.000000
vn 0.000000 -0.000000 1.000000
vn 0.000000 -0.000000 1.000000
vn 0.000000 -0.000000 1.000000
vn 0.000000 -0.000000 1.000000
vn 0.000000 -0.000000 1.000000
vn 0.000000 -0.000000 1.000000
vn 0.000000 -0.000000 1.000000
vn 0.000000 -0.000000 1.000000
vn 0.000000 -0.000000 1.000000
vn 0.000000 -0.000000 1.000000
vn 0.000000 -0.000000 1.000000
vn 0.000000 -0.000000 1.000000
vn 0.000000 -0.000000 1.000000
vn 0.000000 -0.000000 1.000000
vn 0.000000 -0.000000 1.000000
vn 0.000000 -0.000000 1.000000
vn 0.000000 -0.000000 1.000000
vn 0.000000 -0.000000 1.000000
vn 0.000000 -0.000000 1.000000
vn 0.000000 -0.000000 1.000000
vn 0.000000 -0.000000 1.000000
vn 0.000000 -0.000000 1.000000
vn 0.000000 -0.000000 1.000000
usemtl material_base_disc
f 1 50 2
f 50 51 2
f 2 51 3
f 51 52 3
f 3 52 4
f 52 53 4
f 4 53 5
f 53 54 5
f 5 54 6
f 54 55 6
f 6 55 7
f 55 56 7
f 7 56 8
f 56 57 8
f 8 57 9
f 57 58 9
f 9 58 10
f 58 59 10
f 10 59 11
f 59 60 11
f 11 60 12
f 60 61 12
f 12 61 13
f 61 62 13
f 13 62 14
f 62 63 14
f 14 63 15
f 63 64 15
f 15 64 16
f 64 65 16
f 16 65 17
f 65 66 17
f 17 66 18
f 66 67 18
f 18 67 19
f 67 68 19
f 19 68 20
f 68 69 20
f 20 69 21
f 69 70 21
f 21 70 22
f 70 71 22
f 22 71 23
f 71 72 23
f 23 72 24
f 72 73 24
f 24 73 25
f 73 74 25
f 25 74 26
f 74 75 26
f 26 75 27
f 75 76 27
f 27 76 28
f 76 77 28
f 28 77 29
f 77 78 29
f 29 78 30
f 78 79 30
f 30 79 31
f 79 80 31
f 31 80 32
f 80 81 32
f 32 81 33
f 81 82 33
f 33 82 34
f 82 83 34
f 34 83 35
f 83 84 35
f 35 84 36
f 84 85 36
f 36 85 37
f 85 86 37
f 37 86 38
f 86 87 38
f 38 87 39
f 87 88 39
f 39 88 40
f 88 89 40
f 40 89 41
f 89 90 41
f 41 90 42
f 90 91 42
f 42 91 43
f 91 92 43
f 43 92 44
f 92 93 44
f 44 93 45
f 93 94 45
f 45 94 46
f 94 95 46
f 46 95 47
f 95 96 47
f 47 96 48
f 96 97 48
f 48 97 49
f 97 98 49
f 147 148 99
f 148 149 100
f 149 150 101
f 150 151 102
f 151 152 103
f 152 153 104
f 153 154 105
f 154 155 106
f 155 156 107
f 156 157 108
f 157 158 109
f 158 159 110
f 159 160 111
f 160 161 112
f 161 162 113
f 162 163 114
f 163 164 115
f 164 165 116
f 165 166 117
f 166 167 118
f 167 168 119
f 168 169 120
f 169 170 121
f 170 171 122
f 171 172 123
f 172 173 124
f 173 174 125
f 174 175 126
f 175 176 127
f 176 177 128
f 177 178 129
f 178 179 130
f 179 180 131
f 180 181 132
f 181 182 133
f 182 183 134
f 183 184 135
f 184 185 136
f 185 186 137
f 186 187 138
f 187 188 139
f 188 189 140
f 189 190 141
f 190 191 142
f 191 192 143
f 192 193 144
f 193 194 145
f 194 195 146
f 245 244 196
f 246 245 197
f 247 246 198
f 248 247 199
f 249 248 200
f 250 249 201
f 251 250 202
f 252 251 203
f 253 252 204
f 254 253 205
f 255 254 206
f 256 255 207
f 257 256 208
f 258 257 209
f 259 258 210
f 260 259 211
f 261 260 212
f 262 261 213
f 263 262 214
f 264 263 215
f 265 264 216
f 266 265 217
f 267 266 218
f 268 267 219
f 269 268 220
f 270 269 221
f 271 270 222
f 272 271 223
f 273 272 224
f 274 273 225
f 275 274 226
f 276 275 227
f 277 276 228
f 278 277 229
f 279 278 230
f 280 279 231
f 281 280 232
f 282 281 233
f 283 282 234
f 284 283 235
f 285 284 236
f 286 285 237
f 287 286 238
f 288 287 239
f 289 288 240
f 290 289 241
f 291 290 242
f 292 291 243

# Mesh: pivot_assembly
v 0.000000 0.600000 -1.000000
v 0.117054 0.588471 -1.000000
v 0.229610 0.554328 -1.000000
v 0.333342 0.498882 -1.000000
v 0.424264 0.424264 -1.000000
v 0.498882 0.333342 -1.000000
v 0.554328 0.229610 -1.000000
v 0.588471 0.117054 -1.000000
v 0.600000 0.000000 -1.000000
v 0.588471 -0.117054 -1.000000
v 0.554328 -0.229610 -1.000000
v 0.498882 -0.333342 -1.000000
v 0.424264 -0.424264 -1.000000
v 0.333342 -0.498882 -1.000000
v 0.229610 -0.554328 -1.000000
v 0.117054 -0.588471 -1.000000
v 0.000000 -0.600000 -1.000000
v -0.117054 -0.588471 -1.000000
v -0.229610 -0.554328 -1.000000
v -0.333342 -0.498882 -1.000000
v -0.424264 -0.424264 -1.000000
v -0.498882 -0.333342 -1.000000
v -0.554328 -0.229610 -1.000000
v -0.588471 -0.117054 -1.000000
v -0.600000 -0.000000 -1.000000
v -0.588471 0.117054 -1.000000
v -0.554328 0.229610 -1.000000
v -0.498882 0.333342 -1.000000
v -0.424264 0.424264 -1.000000
v -0.333342 0.498882 -1.000000
v -0.229610 0.554328 -1.000000
v -0.117054 0.588471 -1.000000
v -0.000000 0.600000 -1.000000
v 0.000000 0.600000 1.000000
v 0.117054 0.588471 1.000000
v 0.229610 0.554328 1.000000
v 0.333342 0.498882 1.000000
v 0.424264 0.424264 1.000000
v 0.498882 0.333342 1.000000
v 0.554328 0.229610 1.000000
v 0.588471 0.117054 1.000000
v 0.600000 -0.000000 1.000000
v 0.588471 -0.117054 1.000000
v 0.554328 -0.229610 1.000000
v 0.498882 -0.333342 1.000000
v 0.424264 -0.424264 1.000000
v 0.333342 -0.498882 1.000000
v 0.229610 -0.554328 1.000000
v 0.117054 -0.588471 1.000000
v 0.000000 -0.600000 1.000000
v -0.117054 -0.588471 1.000000
v -0.229610 -0.554328 1.000000
v -0.333342 -0.498882 1.000000
v -0.424264 -0.424264 1.000000
v -0.498882 -0.333342 1.000000
v -0.554328 -0.229610 1.000000
v -0.588471 -0.117054 1.000000
v -0.600000 -0.000000 1.000000
v -0.588471 0.117054 1.000000
v -0.554328 0.229610 1.000000
v -0.498882 0.333342 1.000000
v -0.424264 0.424264 1.000000
v -0.333342 0.498882 1.000000
v -0.229610 0.554328 1.000000
v -0.117054 0.588471 1.000000
v -0.000000 0.600000 1.000000
v 0.000000 0.000000 -1.000000
v 0.000000 0.000000 -1.000000
v 0.000000 0.000000 -1.000000
v 0.000000 0.000000 -1.000000
v 0.000000 0.000000 -1.000000
v 0.000000 0.000000 -1.000000
v 0.000000 0.000000 -1.000000
v 0.000000 0.000000 -1.000000
v 0.000000 0.000000 -1.000000
v 0.000000 0.000000 -1.000000
v 0.000000 0.000000 -1.000000
v 0.000000 0.000000 -1.000000
v 0.000000 0.000000 -1.000000
v 0.000000 0.000000 -1.000000
v 0.000000 0.000000 -1.000000
v 0.000000 0.000000 -1.000000
v 0.000000 0.000000 -1.000000
v 0.000000 0.000000 -1.000000
v 0.000000 0.000000 -1.000000
v 0.000000 0.000000 -1.000000
v 0.000000 0.000000 -1.000000
v 0.000000 0.000000 -1.000000
v 0.000000 0.000000 -1.000000
v 0.000000 0.000000 -1.000000
v 0.000000 0.000000 -1.000000
v 0.000000 0.000000 -1.000000
v 0.000000 0.000000 -1.000000
v 0.000000 0.000000 -1.000000
v 0.000000 0.000000 -1.000000
v 0.000000 0.000000 -1.000000
v 0.000000 0.000000 -1.000000
v 0.000000 0.000000 -1.000000
v 0.000000 0.600000 -1.000000
v 0.117054 0.588471 -1.000000
v 0.229610 0.554328 -1.000000
v 0.333342 0.498882 -1.000000
v 0.424264 0.424264 -1.000000
v 0.498882 0.333342 -1.000000
v 0.554328 0.229610 -1.000000
v 0.588471 0.117054 -1.000000
v 0.600000 0.000000 -1.000000
v 0.588471 -0.117054 -1.000000
v 0.554328 -0.229610 -1.000000
v 0.498882 -0.333342 -1.000000
v 0.424264 -0.424264 -1.000000
v 0.333342 -0.498882 -1.000000
v 0.229610 -0.554328 -1.000000
v 0.117054 -0.588471 -1.000000
v 0.000000 -0.600000 -1.000000
v -0.117054 -0.588471 -1.000000
v -0.229610 -0.554328 -1.000000
v -0.333342 -0.498882 -1.000000
v -0.424264 -0.424264 -1.000000
v -0.498882 -0.333342 -1.000000
v -0.554328 -0.229610 -1.000000
v -0.588471 -0.117054 -1.000000
v -0.600000 -0.000000 -1.000000
v -0.588471 0.117054 -1.000000
v -0.554328 0.229610 -1.000000
v -0.498882 0.333342 -1.000000
v -0.424264 0.424264 -1.000000
v -0.333342 0.498882 -1.000000
v -0.229610 0.554328 -1.000000
v -0.117054 0.588471 -1.000000
v -0.000000 0.600000 -1.000000
v 0.000000 -0.000000 1.000000
v 0.000000 -0.000000 1.000000
v 0.000000 -0.000000 1.000000
v 0.000000 -0.000000 1.000000
v 0.000000 -0.000000 1.000000
v 0.000000 -0.000000 1.000000
v 0.000000 -0.000000 1.000000
v 0.000000 -0.000000 1.000000
v 0.000000 -0.000000 1.000000
v 0.000000 -0.000000 1.000000
v 0.000000 -0.000000 1.000000
v 0.000000 -0.000000 1.000000
v 0.000000 -0.000000 1.000000
v 0.000000 -0.000000 1.000000
v 0.000000 -0.000000 1.000000
v 0.000000 -0.000000 1.000000
v 0.000000 -0.000000 1.000000
v 0.000000 -0.000000 1.000000
v 0.000000 -0.000000 1.000000
v 0.000000 -0.000000 1.000000
v 0.000000 -0.000000 1.000000
v 0.000000 -0.000000 1.000000
v 0.000000 -0.000000 1.000000
v 0.000000 -0.000000 1.000000
v 0.000000 -0.000000 1.000000
v 0.000000 -0.000000 1.000000
v 0.000000 -0.000000 1.000000
v 0.000000 -0.000000 1.000000
v 0.000000 -0.000000 1.000000
v 0.000000 -0.000000 1.000000
v 0.000000 -0.000000 1.000000
v 0.000000 -0.000000 1.000000
v 0.000000 0.600000 1.000000
v 0.117054 0.588471 1.000000
v 0.229610 0.554328 1.000000
v 0.333342 0.498882 1.000000
v 0.424264 0.424264 1.000000
v 0.498882 0.333342 1.000000
v 0.554328 0.229610 1.000000
v 0.588471 0.117054 1.000000
v 0.600000 -0.000000 1.000000
v 0.588471 -0.117054 1.000000
v 0.554328 -0.229610 1.000000
v 0.498882 -0.333342 1.000000
v 0.424264 -0.424264 1.000000
v 0.333342 -0.498882 1.000000
v 0.229610 -0.554328 1.000000
v 0.117054 -0.588471 1.000000
v 0.000000 -0.600000 1.000000
v -0.117054 -0.588471 1.000000
v -0.229610 -0.554328 1.000000
v -0.333342 -0.498882 1.000000
v -0.424264 -0.424264 1.000000
v -0.498882 -0.333342 1.000000
v -0.554328 -0.229610 1.000000
v -0.588471 -0.117054 1.000000
v -0.600000 -0.000000 1.000000
v -0.588471 0.117054 1.000000
v -0.554328 0.229610 1.000000
v -0.498882 0.333342 1.000000
v -0.424264 0.424264 1.000000
v -0.333342 0.498882 1.000000
v -0.229610 0.554328 1.000000
v -0.117054 0.588471 1.000000
v -0.000000 0.600000 1.000000
vn 0.000000 1.000000 0.000000
vn 0.195090 0.980785 0.000000
vn 0.382683 0.923880 0.000000
vn 0.555570 0.831470 0.000000
vn 0.707107 0.707107 0.000000
vn 0.831470 0.555570 0.000000
vn 0.923880 0.382683 0.000000
vn 0.980785 0.195090 0.000000
vn 1.000000 0.000000 0.000000
vn 0.980785 -0.195090 -0.000000
vn 0.923880 -0.382683 -0.000000
vn 0.831470 -0.555570 -0.000000
vn 0.707107 -0.707107 -0.000000
vn 0.555570 -0.831470 -0.000000
vn 0.382683 -0.923880 -0.000000
vn 0.195090 -0.980785 -0.000000
vn 0.000000 -1.000000 -0.000000
vn -0.195090 -0.980785 -0.000000
vn -0.382683 -0.923880 -0.000000
vn -0.555570 -0.831470 -0.000000
vn -0.707107 -0.707107 -0.000000
vn -0.831470 -0.555570 -0.000000
vn -0.923880 -0.382683 -0.000000
vn -0.980785 -0.195090 -0.000000
vn -1.000000 -0.000000 -0.000000
vn -0.980785 0.195090 0.000000
vn -0.923880 0.382683 0.000000
vn -0.831470 0.555570 0.000000
vn -0.707107 0.707107 0.000000
vn -0.555570 0.831470 0.000000
vn -0.382683 0.923880 0.000000
vn -0.195090 0.980785 0.000000
vn -0.000000 1.000000 0.000000
vn 0.000000 1.000000 0.000000
vn 0.195090 0.980785 0.000000
vn 0.382683 0.923880 0.000000
vn 0.555570 0.831470 0.000000
vn 0.707107 0.707107 0.000000
vn 0.831470 0.555570 0.000000
vn 0.923880 0.382683 0.000000
vn 0.980785 0.195090 0.000000
vn 1.000000 0.000000 0.000000
vn 0.980785 -0.195090 -0.000000
vn 0.923880 -0.382683 -0.000000
vn 0.831470 -0.555570 -0.000000
vn 0.707107 -0.707107 -0.000000
vn 0.555570 -0.831470 -0.000000
vn 0.382683 -0.923880 -0.000000
vn 0.195090 -0.980785 -0.000000
vn 0.000000 -1.000000 -0.000000
vn -0.195090 -0.980785 -0.000000
vn -0.382683 -0.923880 -0.000000
vn -0.555570 -0.831470 -0.000000
vn -0.707107 -0.707107 -0.000000
vn -0.831470 -0.555570 -0.000000
vn -0.923880 -0.382683 -0.000000
vn -0.980785 -0.195090 -0.000000
vn -1.000000 -0.000000 -0.000000
vn -0.980785 0.195090 0.000000
vn -0.923880 0.382683 0.000000
vn -0.831470 0.555570 0.000000
vn -0.707107 0.707107 0.000000
vn -0.555570 0.831470 0.000000
vn -0.382683 0.923880 0.000000
vn -0.195090 0.980785 0.000000
vn -0.000000 1.000000 0.000000
vn 0.000000 0.000000 -1.000000
vn 0.000000 0.000000 -1.000000
vn 0.000000 0.000000 -1.000000
vn 0.000000 0.000000 -1.000000
vn 0.000000 0.000000 -1.000000
vn 0.000000 0.000000 -1.000000
vn 0.000000 0.000000 -1.000000
vn 0.000000 0.000000 -1.000000
vn 0.000000 0.000000 -1.000000
vn 0.000000 0.000000 -1.000000
vn 0.000000 0.000000 -1.000000
vn 0.000000 0.000000 -1.000000
vn 0.000000 0.000000 -1.000000
vn 0.000000 0.000000 -1.000000
vn 0.000000 0.000000 -1.000000
vn 0.000000 0.000000 -1.000000
vn 0.000000 0.000000 -1.000000
vn 0.000000 0.000000 -1.000000
vn 0.000000 0.000000 -1.000000
vn 0.000000 0.000000 -1.000000
vn 0.000000 0.000000 -1.000000
vn 0.000000 0.000000 -1.000000
vn 0.000000 0.000000 -1.000000
vn 0.000000 0.000000 -1.000000
vn 0.000000 0.000000 -1.000000
vn 0.000000 0.000000 -1.000000
vn 0.000000 0.000000 -1.000000
vn 0.000000 0.000000 -1.000000
vn 0.000000 0.000000 -1.000000
vn 0.000000 0.000000 -1.000000
vn 0.000000 0.000000 -1.000000
vn 0.000000 0.000000 -1.000000
vn 0.000000 0.000000 -1.000000
vn 0.000000 0.000000 -1.000000
vn 0.000000 0.000000 -1.000000
vn 0.000000 0.000000 -1.000000
vn 0.000000 0.000000 -1.000000
vn 0.000000 0.000000 -1.000000
vn 0.000000 0.000000 -1.000000
vn 0.000000 0.000000 -1.000000
vn 0.000000 0.000000 -1.000000
vn 0.000000 0.000000 -1.000000
vn 0.000000 0.000000 -1.000000
vn 0.000000 0.000000 -1.000000
vn 0.000000 0.000000 -1.000000
vn 0.000000 0.000000 -1.000000
vn 0.000000 0.000000 -1.000000
vn 0.000000 0.000000 -1.000000
vn 0.000000 0.000000 -1.000000
vn 0.000000 0.000000 -1.000000
vn 0.000000 0.000000 -1.000000
vn 0.000000 0.000000 -1.000000
vn 0.000000 0.000000 -1.000000
vn 0.000000 0.000000 -1.000000
vn 0.000000 0.000000 -1.000000
vn 0.000000 0.000000 -1.000000
vn 0.000000 0.000000 -1.000000
vn 0.000000 0.000000 -1.000000
vn 0.000000 0.000000 -1.000000
vn 0.000000 0.000000 -1.000000
vn 0.000000 0.000000 -1.000000
vn 0.000000 0.000000 -1.000000
vn 0.000000 0.000000 -1.000000
vn 0.000000 0.000000 -1.000000
vn 0.000000 0.000000 -1.000000
vn 0.000000 -0.000000 1.000000
vn 0.000000 -0.000000 1.000000
vn 0.000000 -0.000000 1.000000
vn 0.000000 -0.000000 1.000000
vn 0.000000 -0.000000 1.000000
vn 0.000000 -0.000000 1.000000
vn 0.000000 -0.000000 1.000000
vn 0.000000 -0.000000 1.000000
vn 0.000000 -0.000000 1.000000
vn 0.000000 -0.000000 1.000000
vn 0.000000 -0.000000 1.000000
vn 0.000000 -0.000000 1.000000
vn 0.000000 -0.000000 1.000000
vn 0.000000 -0.000000 1.000000
vn 0.000000 -0.000000 1.000000
vn 0.000000 -0.000000 1.000000
vn 0.000000 -0.000000 1.000000
vn 0.000000 -0.000000 1.000000
vn 0.000000 -0.000000 1.000000
vn 0.000000 -0.000000 1.000000
vn 0.000000 -0.000000 1.000000
vn 0.000000 -0.000000 1.000000
vn 0.000000 -0.000000 1.000000
vn 0.000000 -0.000000 1.000000
vn 0.000000 -0.000000 1.000000
vn 0.000000 -0.000000 1.000000
vn 0.000000 -0.000000 1.000000
vn 0.000000 -0.000000 1.000000
vn 0.000000 -0.000000 1.000000
vn 0.000000 -0.000000 1.000000
vn 0.000000 -0.000000 1.000000
vn 0.000000 -0.000000 1.000000
vn 0.000000 -0.000000 1.000000
vn 0.000000 -0.000000 1.000000
vn 0.000000 -0.000000 1.000000
vn 0.000000 -0.000000 1.000000
vn 0.000000 -0.000000 1.000000
vn 0.000000 -0.000000 1.000000
vn 0.000000 -0.000000 1.000000
vn 0.000000 -0.000000 1.000000
vn 0.000000 -0.000000 1.000000
vn 0.000000 -0.000000 1.000000
vn 0.000000 -0.000000 1.000000
vn 0.000000 -0.000000 1.000000
vn 0.000000 -0.000000 1.000000
vn 0.000000 -0.000000 1.000000
vn 0.000000 -0.000000 1.000000
vn 0.000000 -0.000000 1.000000
vn 0.000000 -0.000000 1.000000
vn 0.000000 -0.000000 1.000000
vn 0.000000 -0.000000 1.000000
vn 0.000000 -0.000000 1.000000
vn 0.000000 -0.000000 1.000000
vn 0.000000 -0.000000 1.000000
vn 0.000000 -0.000000 1.000000
vn 0.000000 -0.000000 1.000000
vn 0.000000 -0.000000 1.000000
vn 0.000000 -0.000000 1.000000
vn 0.000000 -0.000000 1.000000
vn 0.000000 -0.000000 1.000000
vn 0.000000 -0.000000 1.000000
vn 0.000000 -0.000000 1.000000
vn 0.000000 -0.000000 1.000000
vn 0.000000 -0.000000 1.000000
vn 0.000000 -0.000000 1.000000
usemtl material_pivot_assembly
f 293 326 294
f 326 327 294
f 294 327 295
f 327 328 295
f 295 328 296
f 328 329 296
f 296 329 297
f 329 330 297
f 297 330 298
f 330 331 298
f 298 331 299
f 331 332 299
f 299 332 300
f 332 333 300
f 300 333 301
f 333 334 301
f 301 334 302
f 334 335 302
f 302 335 303
f 335 336 303
f 303 336 304
f 336 337 304
f 304 337 305
f 337 338 305
f 305 338 306
f 338 339 306
f 306 339 307
f 339 340 307
f 307 340 308
f 340 341 308
f 308 341 309
f 341 342 309
f 309 342 310
f 342 343 310
f 310 343 311
f 343 344 311
f 311 344 312
f 344 345 312
f 312 345 313
f 345 346 313
f 313 346 314
f 346 347 314
f 314 347 315
f 347 348 315
f 315 348 316
f 348 349 316
f 316 349 317
f 349 350 317
f 317 350 318
f 350 351 318
f 318 351 319
f 351 352 319
f 319 352 320
f 352 353 320
f 320 353 321
f 353 354 321
f 321 354 322
f 354 355 322
f 322 355 323
f 355 356 323
f 323 356 324
f 356 357 324
f 324 357 325
f 357 358 325
f 391 392 359
f 392 393 360
f 393 394 361
f 394 395 362
f 395 396 363
f 396 397 364
f 397 398 365
f 398 399 366
f 399 400 367
f 400 401 368
f 401 402 369
f 402 403 370
f 403 404 371
f 404 405 372
f 405 406 373
f 406 407 374
f 407 408 375
f 408 409 376
f 409 410 377
f 410 411 378
f 411 412 379
f 412 413 380
f 413 414 381
f 414 415 382
f 415 416 383
f 416 417 384
f 417 418 385
f 418 419 386
f 419 420 387
f 420 421 388
f 421 422 389
f 422 423 390
f 457 456 424
f 458 457 425
f 459 458 426
f 460 459 427
f 461 460 428
f 462 461 429
f 463 462 430
f 464 463 431
f 465 464 432
f 466 465 433
f 467 466 434
f 468 467 435
f 469 468 436
f 470 469 437
f 471 470 438
f 472 471 439
f 473 472 440
f 474 473 441
f 475 474 442
f 476 475 443
f 477 476 444
f 478 477 445
f 479 478 446
f 480 479 447
f 481 480 448
f 482 481 449
f 483 482 450
f 484 483 451
f 485 484 452
f 486 485 453
f 487 486 454
f 488 487 455

# Mesh: nameplate
v 1.200000 0.400000 -0.100000
v 1.200000 -0.400000 -0.100000
v 1.200000 0.400000 0.100000
v 1.200000 -0.400000 0.100000
v -1.200000 -0.400000 -0.100000
v -1.200000 0.400000 -0.100000
v -1.200000 -0.400000 0.100000
v -1.200000 0.400000 0.100000
v -1.200000 -0.400000 -0.100000
v 1.200000 -0.400000 -0.100000
v -1.200000 0.400000 -0.100000
v 1.200000 0.400000 -0.100000
v -1.200000 0.400000 0.100000
v 1.200000 0.400000 0.100000
v -1.200000 -0.400000 0.100000
v 1.200000 -0.400000 0.100000
v -1.200000 0.400000 -0.100000
v 1.200000 0.400000 -0.100000
v -1.200000 0.400000 0.100000
v 1.200000 0.400000 0.100000
v 1.200000 -0.400000 -0.100000
v -1.200000 -0.400000 -0.100000
v 1.200000 -0.400000 0.100000
v -1.200000 -0.400000 0.100000
vn 1.000000 0.000000 0.000000
vn 1.000000 0.000000 0.000000
vn 1.000000 0.000000 0.000000
vn 1.000000 0.000000 0.000000
vn -1.000000 0.000000 0.000000
vn -1.000000 0.000000 0.000000
vn -1.000000 0.000000 0.000000
vn -1.000000 0.000000 0.000000
vn 0.000000 0.000000 -1.000000
vn 0.000000 0.000000 -1.000000
vn 0.000000 0.000000 -1.000000
vn 0.000000 0.000000 -1.000000
vn 0.000000 -0.000000 1.000000
vn 0.000000 -0.000000 1.000000
vn 0.000000 -0.000000 1.000000
vn 0.000000 -0.000000 1.000000
vn 0.000000 1.000000 0.000000
vn 0.000000 1.000000 0.000000
vn 0.000000 1.000000 0.000000
vn 0.000000 1.000000 0.000000
vn 0.000000 -1.000000 -0.000000
vn 0.000000 -1.000000 -0.000000
vn 0.000000 -1.000000 -0.000000
vn 0.000000 -1.000000 -0.000000
usemtl material_nameplate
f 489 491 490
f 491 492 490
f 493 495 494
f 495 496 494
f 497 499 498
f 499 500 498
f 501 503 502
f 503 504 502
f 505 507 506
f 507 508 506
f 509 511 510
f 511 512 510

# Mesh: arch_band
v -3.813520 -0.000000 7.484455
v -3.491759 -0.000000 7.639870
v -3.163679 -0.000000 7.781461
v -2.829875 -0.000000 7.908970
v -2.490949 -0.000000 8.022168
v -2.147516 -0.000000 8.120849
v -1.800197 -0.000000 8.204833
v -1.449620 -0.000000 8.273972
v -1.096420 -0.000000 8.328137
v -0.741236 -0.000000 8.367232
v -0.384711 -0.000000 8.391186
v -0.027489 -0.000000 8.399955
v 0.329782 -0.000000 8.393524
v 0.686457 -0.000000 8.371904
v 1.041890 -0.000000 8.335135
v 1.395436 -0.000000 8.283282
v 1.746458 -0.000000 8.216440
v 2.094320 -0.000000 8.134729
v 2.438391 -0.000000 8.038299
v 2.778050 -0.000000 7.927322
v 3.112682 -0.000000 7.802001
v 3.441682 -0.000000 7.662560
v 3.764453 -0.000000 7.509254
v 4.080412 -0.000000 7.342359
v 4.388988 -0.000000 7.162178
v 4.689621 -0.000000 6.969035
v 4.981768 -0.000000 6.763282
v 5.264900 -0.000000 6.545290
v 5.538505 -0.000000 6.315454
v 5.802087 -0.000000 6.074190
v 6.055170 -0.000000 5.821934
v 6.297296 -0.000000 5.559142
v 6.528027 -0.000000 5.286292
v 6.746943 -0.000000 5.003874
v 6.953651 -0.000000 4.712402
v 7.147777 -0.000000 4.412403
v 7.328967 -0.000000 4.104419
v 7.496894 -0.000000 3.789007
v 7.651256 -0.000000 3.466739
v 7.791773 -0.000000 3.138198
v 7.918188 -0.000000 2.803977
v 8.030276 -0.000000 2.464684
v 8.127832 -0.000000 2.120929
v 8.210680 -0.000000 1.773337
v 8.278670 -0.000000 1.422536
v 8.331680 -0.000000 1.069161
v 8.369613 -0.000000 0.713850
v 8.392400 -0.000000 0.357248
v 8.400000 0.000000 -0.000000
v 8.392400 0.000000 -0.357248
v 8.369613 0.000000 -0.713850
v 8.331680 0.000000 -1.069160
v 8.278671 0.000000 -1.422536
v 8.210680 0.000000 -1.773337
v 8.127832 0.000000 -2.120929
v 8.030276 0.000000 -2.464684
v 7.918189 0.000000 -2.803978
v 7.791772 0.000000 -3.138198
v 7.651256 0.000000 -3.466739
v 7.496894 0.000000 -3.789007
v 7.328967 0.000000 -4.104419
v 7.147776 0.000000 -4.412403
v 6.953651 0.000000 -4.712402
v 6.746943 0.000000 -5.003874
v 6.528026 0.000000 -5.286291
v 6.297296 0.000000 -5.559143
v 6.055170 0.000000 -5.821934
v 5.802087 0.000000 -6.074190
v 5.538505 0.000000 -6.315454
v 5.264900 0.000000 -6.545290
v 4.981768 0.000000 -6.763282
v 4.689621 0.000000 -6.969035
v 4.388988 0.000000 -7.162177
v 4.080412 0.000000 -7.342359
v 3.764453 0.000000 -7.509254
v 3.441682 0.000000 -7.662560
v 3.112683 0.000000 -7.802000
v 2.778050 0.000000 -7.927322
v 2.438391 0.000000 -8.038299
v 2.094320 0.000000 -8.134729
v 1.746458 0.000000 -8.216440
v 1.395437 0.000000 -8.283282
v 1.041890 0.000000 -8.335135
v 0.686457 0.000000 -8.371904
v 0.329783 0.000000 -8.393524
v -0.027489 0.000000 -8.399955
v -0.384710 0.000000 -8.391186
v -0.741236 0.000000 -8.367231
v -1.096420 0.000000 -8.328136
v -1.449620 0.000000 -8.273972
v -1.800197 0.000000 -8.204834
v -2.147516 0.000000 -8.120849
v -2.490949 0.000000 -8.022167
v -2.829875 0.000000 -7.908970
v -3.163679 0.000000 -7.781461
v -3.491759 0.000000 -7.639870
v -3.813520 0.000000 -7.484455
v -3.807333 0.103528 7.472311
v -3.486094 0.103528 7.627474
v -3.158546 0.103528 7.768835
v -2.825283 0.103528 7.896137
v -2.486907 0.103528 8.009151
v -2.144032 0.103528 8.107672
v -1.797276 0.103528 8.191520
v -1.447268 0.103528 8.260546
v -1.094641 0.103528 8.314624
v -0.740033 0.103528 8.353656
v -0.384086 0.103528 8.377570
v -0.027444 0.103528 8.386326
v 0.329247 0.103528 8.379905
v 0.685343 0.103528 8.358320
v 1.040199 0.103528 8.321610
v 1.393172 0.103528 8.269841
v 1.743624 0.103528 8.203108
v 2.090921 0.103528 8.121531
v 2.434435 0.103528 8.025256
v 2.773543 0.103528 7.914459
v 3.107632 0.103528 7.789341
v 3.436098 0.103528 7.650127
v 3.758345 0.103528 7.497069
v 4.073792 0.103528 7.330445
v 4.381866 0.103528 7.150556
v 4.682012 0.103528 6.957727
v 4.973685 0.103528 6.752308
v 5.256358 0.103528 6.534670
v 5.529518 0.103528 6.305207
v 5.792673 0.103528 6.064334
v 6.045345 0.103528 5.812488
v 6.287078 0.103528 5.550122
v 6.517434 0.103528 5.277714
v 6.735996 0.103528 4.995755
v 6.942369 0.103528 4.704756
v 7.136178 0.103528 4.405243
v 7.317075 0.103528 4.097759
v 7.484730 0.103528 3.782859
v 7.638841 0.103528 3.461114
v 7.779130 0.103528 3.133106
v 7.905341 0.103528 2.799428
v 8.017246 0.103528 2.460684
v 8.114645 0.103528 2.117488
v 8.197358 0.103528 1.770460
v 8.265238 0.103528 1.420227
v 8.318161 0.103528 1.067426
v 8.356032 0.103528 0.712692
v 8.378782 0.103528 0.356669
v 8.386371 0.103528 -0.000000
v 8.378782 0.103528 -0.356669
v 8.356032 0.103528 -0.712692
v 8.318162 0.103528 -1.067425
v 8.265238 0.103528 -1.420228
v 8.197358 0.103528 -1.770459
v 8.114644 0.103528 -2.117488
v 8.017246 0.103528 -2.460685
v 7.905341 0.103528 -2.799428
v 7.779130 0.103528 -3.133106
v 7.638842 0.103528 -3.461114
v 7.484730 0.103528 -3.782859
v 7.317075 0.103528 -4.097758
v 7.136178 0.103528 -4.405243
v 6.942369 0.103528 -4.704756
v 6.735996 0.103528 -4.995755
v 6.517434 0.103528 -5.277714
v 6.287078 0.103528 -5.550122
v 6.045345 0.103528 -5.812487
v 5.792673 0.103528 -6.064334
v 5.529518 0.103528 -6.305207
v 5.256357 0.103528 -6.534670
v 4.973685 0.103528 -6.752309
v 4.682012 0.103528 -6.957727
v 4.381866 0.103528 -7.150556
v 4.073792 0.103528 -7.330446
v 3.758345 0.103528 -7.497069
v 3.436097 0.103528 -7.650127
v 3.107632 0.103528 -7.789340
v 2.773543 0.103528 -7.914459
v 2.434435 0.103528 -8.025256
v 2.090921 0.103528 -8.121530
v 1.743625 0.103528 -8.203108
v 1.393172 0.103528 -8.269842
v 1.040199 0.103528 -8.321610
v 0.685343 0.103528 -8.358320
v 0.329247 0.103528 -8.379905
v -0.027444 0.103528 -8.386326
v -0.384086 0.103528 -8.377570
v -0.740033 0.103528 -8.353656
v -1.094641 0.103528 -8.314624
v -1.447268 0.103528 -8.260546
v -1.797276 0.103528 -8.191521
v -2.144032 0.103528 -8.107671
v -2.486907 0.103528 -8.009151
v -2.825283 0.103528 -7.896137
v -3.158546 0.103528 -7.768835
v -3.486093 0.103528 -7.627474
v -3.807333 0.103528 -7.472311
v -3.789191 0.200000 7.436706
v -3.469483 0.200000 7.591130
v -3.143496 0.200000 7.731817
v -2.811821 0.200000 7.858513
v -2.475058 0.200000 7.970988
v -2.133816 0.200000 8.069039
v -1.788712 0.200000 8.152489
v -1.440372 0.200000 8.221186
v -1.089425 0.200000 8.275005
v -0.736507 0.200000 8.313851
v -0.382256 0.200000 8.337652
v -0.027313 0.200000 8.346366
v 0.327679 0.200000 8.339975
v 0.682078 0.200000 8.318494
v 1.035242 0.200000 8.281959
v 1.386534 0.200000 8.230436
v 1.735316 0.200000 8.164021
v 2.080958 0.200000 8.082832
v 2.422835 0.200000 7.987016
v 2.760327 0.200000 7.876748
v 3.092824 0.200000 7.752225
v 3.419725 0.200000 7.613675
v 3.740437 0.200000 7.461347
v 4.054380 0.200000 7.295517
v 4.360988 0.200000 7.116485
v 4.659703 0.200000 6.924574
v 4.949986 0.200000 6.720134
v 5.231311 0.200000 6.503533
v 5.503170 0.200000 6.275164
v 5.765071 0.200000 6.035438
v 6.016540 0.200000 5.784791
v 6.257121 0.200000 5.523676
v 6.486379 0.200000 5.252566
v 6.703899 0.200000 4.971951
v 6.909289 0.200000 4.682338
v 7.102176 0.200000 4.384253
v 7.282209 0.200000 4.078233
v 7.449067 0.200000 3.764834
v 7.602443 0.200000 3.444622
v 7.742063 0.200000 3.118177
v 7.867672 0.200000 2.786089
v 7.979045 0.200000 2.448959
v 8.075979 0.200000 2.107398
v 8.158298 0.200000 1.762024
v 8.225855 0.200000 1.413460
v 8.278526 0.200000 1.062339
v 8.316217 0.200000 0.709296
v 8.338859 0.200000 0.354969
v 8.346411 0.200000 -0.000000
v 8.338859 0.200000 -0.354969
v 8.316216 0.200000 -0.709296
v 8.278526 0.200000 -1.062339
v 8.225855 0.200000 -1.413460
v 8.158298 0.200000 -1.762024
v 8.075979 0.200000 -2.107398
v 7.979045 0.200000 -2.448960
v 7.867673 0.200000 -2.786089
v 7.742063 0.200000 -3.118177
v 7.602443 0.200000 -3.444623
v 7.449066 0.200000 -3.764834
v 7.282210 0.200000 -4.078233
v 7.102175 0.200000 -4.384253
v 6.909289 0.200000 -4.682338
v 6.703900 0.200000 -4.971951
v 6.486379 0.200000 -5.252566
v 6.257121 0.200000 -5.523676
v 6.016540 0.200000 -5.784791
v 5.765071 0.200000 -6.035439
v 5.503170 0.200000 -6.275163
v 5.231311 0.200000 -6.503533
v 4.949986 0.200000 -6.720134
v 4.659703 0.200000 -6.924575
v 4.360987 0.200000 -7.116484
v 4.054381 0.200000 -7.295517
v 3.740437 0.200000 -7.461347
v 3.419725 0.200000 -7.613675
v 3.092824 0.200000 -7.752226
v 2.760327 0.200000 -7.876748
v 2.422835 0.200000 -7.987017
v 2.080958 0.200000 -8.082831
v 1.735316 0.200000 -8.164021
v 1.386534 0.200000 -8.230436
v 1.035242 0.200000 -8.281959
v 0.682078 0.200000 -8.318493
v 0.327679 0.200000 -8.339975
v -0.027314 0.200000 -8.346365
v -0.382256 0.200000 -8.337652
v -0.736507 0.200000 -8.313851
v -1.089425 0.200000 -8.275005
v -1.440372 0.200000 -8.221186
v -1.788712 0.200000 -8.152489
v -2.133816 0.200000 -8.069039
v -2.475057 0.200000 -7.970988
v -2.811821 0.200000 -7.858513
v -3.143496 0.200000 -7.731817
v -3.469483 0.200000 -7.591130
v -3.789191 0.200000 -7.436706
v -3.760332 0.282843 7.380067
v -3.443058 0.282843 7.533315
v -3.119555 0.282843 7.672930
v -2.790406 0.282843 7.798662
v -2.456207 0.282843 7.910280
v -2.117564 0.282843 8.007585
v -1.775089 0.282843 8.090398
v -1.429402 0.282843 8.158571
v -1.081128 0.282843 8.211982
v -0.730898 0.282843 8.250532
v -0.379345 0.282843 8.274152
v -0.027106 0.282843 8.282799
v 0.325183 0.282843 8.276457
v 0.676883 0.282843 8.255138
v 1.027358 0.282843 8.218882
v 1.375974 0.282843 8.167752
v 1.722100 0.282843 8.101843
v 2.065110 0.282843 8.021272
v 2.404382 0.282843 7.926186
v 2.739304 0.282843 7.816757
v 3.069269 0.282843 7.693183
v 3.393680 0.282843 7.555688
v 3.711950 0.282843 7.404520
v 4.023502 0.282843 7.239953
v 4.327774 0.282843 7.062284
v 4.624214 0.282843 6.871836
v 4.912286 0.282843 6.668953
v 5.191469 0.282843 6.454001
v 5.461257 0.282843 6.227371
v 5.721164 0.282843 5.989471
v 5.970717 0.282843 5.740734
v 6.209466 0.282843 5.481607
v 6.436978 0.282843 5.212562
v 6.652842 0.282843 4.934083
v 6.856667 0.282843 4.646677
v 7.048084 0.282843 4.350862
v 7.226747 0.282843 4.047173
v 7.392334 0.282843 3.736161
v 7.544542 0.282843 3.418388
v 7.683098 0.282843 3.094428
v 7.807751 0.282843 2.764870
v 7.918276 0.282843 2.430308
v 8.014471 0.282843 2.091348
v 8.096164 0.282843 1.748604
v 8.163206 0.282843 1.402695
v 8.215476 0.282843 1.054248
v 8.252879 0.282843 0.703894
v 8.275349 0.282843 0.352266
v 8.282843 0.282843 0.000000
v 8.275349 0.282843 -0.352266
v 8.252879 0.282843 -0.703894
v 8.215476 0.282843 -1.054248
v 8.163206 0.282843 -1.402695
v 8.096164 0.282843 -1.748604
v 8.014471 0.282843 -2.091348
v 7.918276 0.282843 -2.430308
v 7.807752 0.282843 -2.764870
v 7.683098 0.282843 -3.094428
v 7.544542 0.282843 -3.418387
v 7.392333 0.282843 -3.736161
v 7.226747 0.282843 -4.047173
v 7.048084 0.282843 -4.350862
v 6.856667 0.282843 -4.646677
v 6.652842 0.282843 -4.934083
v 6.436978 0.282843 -5.212562
v 6.209466 0.282843 -5.481607
v 5.970717 0.282843 -5.740734
v 5.721164 0.282843 -5.989471
v 5.461258 0.282843 -6.227371
v 5.191469 0.282843 -6.454001
v 4.912286 0.282843 -6.668953
v 4.624213 0.282843 -6.871836
v 4.327774 0.282843 -7.062285
v 4.023501 0.282843 -7.239953
v 3.711949 0.282843 -7.404520
v 3.393680 0.282843 -7.555688
v 3.069269 0.282843 -7.693183
v 2.739304 0.282843 -7.816757
v 2.404382 0.282843 -7.926187
v 2.065110 0.282843 -8.021273
v 1.722100 0.282843 -8.101842
v 1.375974 0.282843 -8.167752
v 1.027358 0.282843 -8.218882
v 0.676883 0.282843 -8.255138
v 0.325183 0.282843 -8.276457
v -0.027106 0.282843 -8.282798
v -0.379345 0.282843 -8.274151
v -0.730898 0.282843 -8.250532
v -1.081128 0.282843 -8.211982
v -1.429402 0.282843 -8.158571
v -1.775089 0.282843 -8.090398
v -2.117564 0.282843 -8.007585
v -2.456208 0.282843 -7.910280
v -2.790406 0.282843 -7.798661
v -3.119555 0.282843 -7.672930
v -3.443059 0.282843 -7.533315
v -3.760332 0.282843 -7.380067
v -3.722722 0.346410 7.306253
v -3.408622 0.346410 7.457969
v -3.088354 0.346410 7.596189
v -2.762496 0.346410 7.720661
v -2.431641 0.346410 7.831164
v -2.096385 0.346410 7.927495
v -1.757335 0.346410 8.009480
v -1.415105 0.346410 8.076972
v -1.070315 0.346410 8.129848
v -0.723588 0.346410 8.168013
v -0.375551 0.346410 8.191396
v -0.026835 0.346410 8.199956
v 0.321931 0.346410 8.193678
v 0.670113 0.346410 8.172573
v 1.017082 0.346410 8.136679
v 1.362212 0.346410 8.086061
v 1.704876 0.346410 8.020810
v 2.044455 0.346410 7.941046
v 2.380334 0.346410 7.846910
v 2.711906 0.346410 7.738576
v 3.038571 0.346410 7.616238
v 3.359737 0.346410 7.480118
v 3.674823 0.346410 7.330462
v 3.983260 0.346410 7.167541
v 4.284488 0.346410 6.991649
v 4.577964 0.346410 6.803106
v 4.863154 0.346410 6.602252
v 5.139545 0.346410 6.389451
v 5.406636 0.346410 6.165086
v 5.663942 0.346410 5.929566
v 5.911000 0.346410 5.683317
v 6.147360 0.346410 5.426782
v 6.372597 0.346410 5.160427
v 6.586301 0.346410 4.884734
v 6.788088 0.346410 4.600202
v 6.977591 0.346410 4.307345
v 7.154467 0.346410 4.006694
v 7.318397 0.346410 3.698792
v 7.469083 0.346410 3.384198
v 7.606254 0.346410 3.063478
v 7.729660 0.346410 2.737216
v 7.839079 0.346410 2.406000
v 7.934313 0.346410 2.070431
v 8.015188 0.346410 1.731115
v 8.081559 0.346410 1.388666
v 8.133307 0.346410 1.043704
v 8.170337 0.346410 0.696854
v 8.192581 0.346410 0.348742
v 8.200000 0.346410 0.000000
v 8.192580 0.346410 -0.348743
v 8.170337 0.346410 -0.696854
v 8.133307 0.346410 -1.043704
v 8.081559 0.346410 -1.388666
v 8.015188 0.346410 -1.731115
v 7.934312 0.346410 -2.070431
v 7.839079 0.346410 -2.406000
v 7.729660 0.346410 -2.737216
v 7.606254 0.346410 -3.063478
v 7.469083 0.346410 -3.384198
v 7.318397 0.346410 -3.698793
v 7.154467 0.346410 -4.006694
v 6.977591 0.346410 -4.307345
v 6.788088 0.346410 -4.600202
v 6.586302 0.346410 -4.884735
v 6.372597 0.346410 -5.160427
v 6.147360 0.346410 -5.426782
v 5.910999 0.346410 -5.683316
v 5.663942 0.346410 -5.929566
v 5.406636 0.346410 -6.165086
v 5.139545 0.346410 -6.389450
v 4.863154 0.346410 -6.602252
v 4.577964 0.346410 -6.803106
v 4.284488 0.346410 -6.991649
v 3.983260 0.346410 -7.167541
v 3.674823 0.346410 -7.330462
v 3.359737 0.346410 -7.480118
v 3.038571 0.346410 -7.616239
v 2.711906 0.346410 -7.738576
v 2.380334 0.346410 -7.846911
v 2.044455 0.346410 -7.941046
v 1.704876 0.346410 -8.020810
v 1.362212 0.346410 -8.086061
v 1.017082 0.346410 -8.136679
v 0.670113 0.346410 -8.172573
v 0.321930 0.346410 -8.193678
v -0.026835 0.346410 -8.199956
v -0.375551 0.346410 -8.191396
v -0.723587 0.346410 -8.168012
v -1.070315 0.346410 -8.129848
v -1.415105 0.346410 -8.076972
v -1.757335 0.346410 -8.009480
v -2.096385 0.346410 -7.927495
v -2.431641 0.346410 -7.831163
v -2.762496 0.346410 -7.720661
v -3.088353 0.346410 -7.596188
v -3.408622 0.346410 -7.457969
v -3.722722 0.346410 -7.306253
v -3.678925 0.386370 7.220296
v -3.368520 0.386370 7.370226
v -3.052020 0.386370 7.506820
v -2.729996 0.386370 7.629829
v -2.403033 0.386370 7.739030
v -2.071721 0.386370 7.834229
v -1.736660 0.386370 7.915249
v -1.398457 0.386370 7.981947
v -1.057723 0.386370 8.034201
v -0.715075 0.386370 8.071917
v -0.371132 0.386370 8.095024
v -0.026519 0.386370 8.103484
v 0.318143 0.386370 8.097280
v 0.662229 0.386370 8.076424
v 1.005117 0.386370 8.040952
v 1.346185 0.386370 7.990929
v 1.684818 0.386370 7.926446
v 2.020402 0.386370 7.847620
v 2.352330 0.386370 7.754592
v 2.680001 0.386370 7.647532
v 3.002822 0.386370 7.526634
v 3.320210 0.386370 7.392115
v 3.631589 0.386370 7.244219
v 3.936397 0.386370 7.083215
v 4.234082 0.386370 6.909393
v 4.524104 0.386370 6.723068
v 4.805940 0.386370 6.524577
v 5.079079 0.386370 6.314279
v 5.343027 0.386370 6.092555
v 5.597306 0.386370 5.859806
v 5.841457 0.386370 5.616453
v 6.075037 0.386370 5.362936
v 6.297624 0.386370 5.099715
v 6.508815 0.386370 4.827266
v 6.708227 0.386370 4.546081
v 6.895501 0.386370 4.256670
v 7.070296 0.386370 3.959556
v 7.232296 0.386370 3.655277
v 7.381210 0.386370 3.344383
v 7.516767 0.386370 3.027437
v 7.638721 0.386370 2.705013
v 7.746853 0.386370 2.377694
v 7.840966 0.386370 2.046072
v 7.920890 0.386370 1.710748
v 7.986481 0.386370 1.372328
v 8.037620 0.386370 1.031425
v 8.074213 0.386370 0.688655
v 8.096196 0.386370 0.344640
v 8.103528 0.386370 -0.000000
v 8.096195 0.386370 -0.344640
v 8.074213 0.386370 -0.688656
v 8.037620 0.386370 -1.031425
v 7.986481 0.386370 -1.372328
v 7.920890 0.386370 -1.710748
v 7.840966 0.386370 -2.046072
v 7.746853 0.386370 -2.377694
v 7.638721 0.386370 -2.705013
v 7.516767 0.386370 -3.027437
v 7.381210 0.386370 -3.344383
v 7.232296 0.386370 -3.655277
v 7.070295 0.386370 -3.959556
v 6.895500 0.386370 -4.256670
v 6.708227 0.386370 -4.546081
v 6.508815 0.386370 -4.827266
v 6.297624 0.386370 -5.099715
v 6.075037 0.386370 -5.362936
v 5.841457 0.386370 -5.616453
v 5.597307 0.386370 -5.859806
v 5.343027 0.386370 -6.092555
v 5.079079 0.386370 -6.314279
v 4.805940 0.386370 -6.524577
v 4.524104 0.386370 -6.723068
v 4.234082 0.386370 -6.909393
v 3.936397 0.386370 -7.083215
v 3.631590 0.386370 -7.244220
v 3.320210 0.386370 -7.392115
v 3.002822 0.386370 -7.526634
v 2.680001 0.386370 -7.647533
v 2.352330 0.386370 -7.754592
v 2.020402 0.386370 -7.847620
v 1.684818 0.386370 -7.926446
v 1.346185 0.386370 -7.990929
v 1.005117 0.386370 -8.040952
v 0.662229 0.386370 -8.076423
v 0.318143 0.386370 -8.097281
v -0.026519 0.386370 -8.103484
v -0.371132 0.386370 -8.095024
v -0.715074 0.386370 -8.071916
v -1.057723 0.386370 -8.034201
v -1.398456 0.386370 -7.981947
v -1.736660 0.386370 -7.915249
v -2.071721 0.386370 -7.834229
v -2.403033 0.386370 -7.739030
v -2.729996 0.386370 -7.629828
v -3.052019 0.386370 -7.506819
v -3.368520 0.386370 -7.370226
v -3.678925 0.386370 -7.220296
v -3.631924 0.400000 7.128052
v -3.325485 0.400000 7.276067
v -3.013028 0.400000 7.410915
v -2.695119 0.400000 7.532352
v -2.372333 0.400000 7.640160
v -2.045254 0.400000 7.734141
v -1.714473 0.400000 7.814127
v -1.380590 0.400000 7.879972
v -1.044209 0.400000 7.931559
v -0.705939 0.400000 7.968792
v -0.366391 0.400000 7.991605
v -0.026180 0.400000 7.999957
v 0.314078 0.400000 7.993832
v 0.653769 0.400000 7.973242
v 0.992275 0.400000 7.938223
v 1.328987 0.400000 7.888840
v 1.663293 0.400000 7.825181
v 1.994590 0.400000 7.747361
v 2.322277 0.400000 7.655522
v 2.645762 0.400000 7.549830
v 2.964460 0.400000 7.430476
v 3.277792 0.400000 7.297677
v 3.585194 0.400000 7.151670
v 3.886107 0.400000 6.992723
v 4.179988 0.400000 6.821121
v 4.466306 0.400000 6.637177
v 4.744541 0.400000 6.441221
v 5.014191 0.400000 6.233610
v 5.274766 0.400000 6.014718
v 5.525797 0.400000 5.784943
v 5.766829 0.400000 5.544699
v 5.997425 0.400000 5.294422
v 6.217168 0.400000 5.034563
v 6.425660 0.400000 4.765594
v 6.622525 0.400000 4.488002
v 6.807406 0.400000 4.202288
v 6.979968 0.400000 3.908970
v 7.139899 0.400000 3.608578
v 7.286911 0.400000 3.301656
v 7.420736 0.400000 2.988760
v 7.541132 0.400000 2.670455
v 7.647882 0.400000 2.347318
v 7.740793 0.400000 2.019933
v 7.819695 0.400000 1.688892
v 7.884449 0.400000 1.354796
v 7.934934 0.400000 1.018248
v 7.971060 0.400000 0.679857
v 7.992762 0.400000 0.340236
v 8.000000 0.400000 0.000000
v 7.992762 0.400000 -0.340236
v 7.971059 0.400000 -0.679857
v 7.934934 0.400000 -1.018248
v 7.884449 0.400000 -1.354796
v 7.819695 0.400000 -1.688892
v 7.740793 0.400000 -2.019933
v 7.647882 0.400000 -2.347317
v 7.541132 0.400000 -2.670455
v 7.420736 0.400000 -2.988760
v 7.286911 0.400000 -3.301656
v 7.139899 0.400000 -3.608578
v 6.979968 0.400000 -3.908970
v 6.807406 0.400000 -4.202288
v 6.622525 0.400000 -4.488002
v 6.425660 0.400000 -4.765594
v 6.217167 0.400000 -5.034563
v 5.997425 0.400000 -5.294421
v 5.766829 0.400000 -5.544699
v 5.525797 0.400000 -5.784943
v 5.274766 0.400000 -6.014719
v 5.014191 0.400000 -6.233610
v 4.744541 0.400000 -6.441221
v 4.466306 0.400000 -6.637177
v 4.179988 0.400000 -6.821121
v 3.886107 0.400000 -6.992723
v 3.585194 0.400000 -7.151670
v 3.277792 0.400000 -7.297676
v 2.964459 0.400000 -7.430476
v 2.645762 0.400000 -7.549830
v 2.322277 0.400000 -7.655523
v 1.994590 0.400000 -7.747361
v 1.663293 0.400000 -7.825181
v 1.328987 0.400000 -7.888840
v 0.992275 0.400000 -7.938223
v 0.653768 0.400000 -7.973242
v 0.314078 0.400000 -7.993832
v -0.026180 0.400000 -7.999957
v -0.366391 0.400000 -7.991605
v -0.705939 0.400000 -7.968792
v -1.044210 0.400000 -7.931559
v -1.380591 0.400000 -7.879972
v -1.714473 0.400000 -7.814127
v -2.045254 0.400000 -7.734141
v -2.372333 0.400000 -7.640159
v -2.695119 0.400000 -7.532352
v -3.013028 0.400000 -7.410915
v -3.325485 0.400000 -7.276067
v -3.631924 0.400000 -7.128052
v -3.584924 0.386370 7.035809
v -3.282450 0.386370 7.181908
v -2.974036 0.386370 7.315011
v -2.660242 0.386370 7.434877
v -2.341632 0.386370 7.541289
v -2.018786 0.386370 7.634054
v -1.692286 0.386370 7.713005
v -1.362724 0.386370 7.777998
v -1.030696 0.386370 7.828917
v -0.696804 0.386370 7.865669
v -0.361650 0.386370 7.888186
v -0.025841 0.386370 7.896430
v 0.310014 0.386370 7.890385
v 0.645308 0.386370 7.870061
v 0.979435 0.386370 7.835495
v 1.311789 0.386370 7.786751
v 1.641769 0.386370 7.723916
v 1.968778 0.386370 7.647103
v 2.292225 0.386370 7.556453
v 2.611524 0.386370 7.452129
v 2.926097 0.386370 7.334319
v 3.235375 0.386370 7.203238
v 3.538798 0.386370 7.059121
v 3.835817 0.386370 6.902231
v 4.125896 0.386370 6.732850
v 4.408507 0.386370 6.551285
v 4.683142 0.386370 6.357865
v 4.949302 0.386370 6.152941
v 5.206506 0.386370 5.936882
v 5.454288 0.386370 5.710080
v 5.692200 0.386370 5.472945
v 5.919812 0.386370 5.225906
v 6.136712 0.386370 4.969411
v 6.342506 0.386370 4.703923
v 6.536823 0.386370 4.429923
v 6.719311 0.386370 4.147906
v 6.889641 0.386370 3.858384
v 7.047502 0.386370 3.561880
v 7.192611 0.386370 3.258930
v 7.324704 0.386370 2.950082
v 7.443542 0.386370 2.635897
v 7.548911 0.386370 2.316941
v 7.640619 0.386370 1.993793
v 7.718501 0.386370 1.667036
v 7.782416 0.386370 1.337264
v 7.832248 0.386370 1.005071
v 7.867907 0.386370 0.671059
v 7.889328 0.386370 0.335834
v 7.896472 0.386370 0.000000
v 7.889328 0.386370 -0.335833
v 7.867907 0.386370 -0.671060
v 7.832248 0.386370 -1.005071
v 7.782416 0.386370 -1.337264
v 7.718502 0.386370 -1.667036
v 7.640620 0.386370 -1.993793
v 7.548911 0.386370 -2.316941
v 7.443542 0.386370 -2.635896
v 7.324704 0.386370 -2.950083
v 7.192611 0.386370 -3.258930
v 7.047503 0.386370 -3.561880
v 6.889640 0.386370 -3.858384
v 6.719312 0.386370 -4.147907
v 6.536823 0.386370 -4.429923
v 6.342506 0.386370 -4.703923
v 6.136712 0.386370 -4.969411
v 5.919812 0.386370 -5.225906
v 5.692201 0.386370 -5.472945
v 5.454288 0.386370 -5.710080
v 5.206506 0.386370 -5.936882
v 4.949302 0.386370 -6.152941
v 4.683142 0.386370 -6.357866
v 4.408507 0.386370 -6.551285
v 4.125896 0.386370 -6.732850
v 3.835817 0.386370 -6.902230
v 3.538798 0.386370 -7.059121
v 3.235374 0.386370 -7.203237
v 2.926096 0.386370 -7.334319
v 2.611524 0.386370 -7.452128
v 2.292225 0.386370 -7.556453
v 1.968778 0.386370 -7.647103
v 1.641769 0.386370 -7.723916
v 1.311788 0.386370 -7.786751
v 0.979435 0.386370 -7.835495
v 0.645308 0.386370 -7.870060
v 0.310014 0.386370 -7.890384
v -0.025841 0.386370 -7.896430
v -0.361649 0.386370 -7.888186
v -0.696804 0.386370 -7.865669
v -1.030697 0.386370 -7.828917
v -1.362724 0.386370 -7.777998
v -1.692286 0.386370 -7.713005
v -2.018786 0.386370 -7.634054
v -2.341632 0.386370 -7.541289
v -2.660241 0.386370 -7.434877
v -2.974036 0.386370 -7.315011
v -3.282450 0.386370 -7.181908
v -3.584924 0.386370 -7.035809
v -3.541126 0.346410 6.949851
v -3.242348 0.346410 7.094165
v -2.937702 0.346410 7.225642
v -2.627741 0.346410 7.344044
v -2.313024 0.346410 7.449156
v -1.994122 0.346410 7.540787
v -1.671611 0.346410 7.618773
v -1.346076 0.346410 7.682973
v -1.018104 0.346410 7.733270
v -0.688290 0.346410 7.769572
v -0.357231 0.346410 7.791815
v -0.025525 0.346410 7.799958
v 0.306226 0.346410 7.793987
v 0.637424 0.346410 7.773911
v 0.967469 0.346410 7.739768
v 1.295762 0.346410 7.691619
v 1.621711 0.346410 7.629551
v 1.944725 0.346410 7.553677
v 2.264220 0.346410 7.464135
v 2.579618 0.346410 7.361085
v 2.890348 0.346410 7.244714
v 3.195848 0.346410 7.115234
v 3.495564 0.346410 6.972878
v 3.788954 0.346410 6.817904
v 4.075489 0.346410 6.650593
v 4.354648 0.346410 6.471247
v 4.625927 0.346410 6.280190
v 4.888836 0.346410 6.077770
v 5.142898 0.346410 5.864350
v 5.387652 0.346410 5.640319
v 5.622658 0.346410 5.406082
v 5.847489 0.346410 5.162061
v 6.061738 0.346410 4.908699
v 6.265019 0.346410 4.646455
v 6.456962 0.346410 4.375802
v 6.637221 0.346410 4.097231
v 6.805469 0.346410 3.811246
v 6.961402 0.346410 3.518364
v 7.104738 0.346410 3.219115
v 7.235217 0.346410 2.914041
v 7.352603 0.346410 2.603693
v 7.456685 0.346410 2.288635
v 7.547273 0.346410 1.969434
v 7.624204 0.346410 1.646670
v 7.687337 0.346410 1.320926
v 7.736560 0.346410 0.992792
v 7.771783 0.346410 0.662861
v 7.792943 0.346410 0.331731
v 7.800000 0.346410 -0.000000
v 7.792943 0.346410 -0.331731
v 7.771783 0.346410 -0.662861
v 7.736560 0.346410 -0.992792
v 7.687337 0.346410 -1.320926
v 7.624203 0.346410 -1.646670
v 7.547273 0.346410 -1.969434
v 7.456685 0.346410 -2.288635
v 7.352604 0.346410 -2.603693
v 7.235217 0.346410 -2.914041
v 7.104738 0.346410 -3.219115
v 6.961402 0.346410 -3.518363
v 6.805469 0.346410 -3.811246
v 6.637220 0.346410 -4.097231
v 6.456962 0.346410 -4.375802
v 6.265018 0.346410 -4.646454
v 6.061738 0.346410 -4.908699
v 5.847489 0.346410 -5.162061
v 5.622658 0.346410 -5.406082
v 5.387652 0.346410 -5.640319
v 5.142897 0.346410 -5.864350
v 4.888836 0.346410 -6.077770
v 4.625927 0.346410 -6.280190
v 4.354648 0.346410 -6.471247
v 4.075489 0.346410 -6.650593
v 3.788954 0.346410 -6.817904
v 3.495564 0.346410 -6.972878
v 3.195848 0.346410 -7.115234
v 2.890348 0.346410 -7.244715
v 2.579618 0.346410 -7.361084
v 2.264220 0.346410 -7.464135
v 1.944725 0.346410 -7.553678
v 1.621711 0.346410 -7.629551
v 1.295762 0.346410 -7.691619
v 0.967469 0.346410 -7.739768
v 0.637425 0.346410 -7.773911
v 0.306227 0.346410 -7.793986
v -0.025525 0.346410 -7.799958
v -0.357231 0.346410 -7.791815
v -0.688291 0.346410 -7.769573
v -1.018104 0.346410 -7.733270
v -1.346076 0.346410 -7.682973
v -1.671611 0.346410 -7.618773
v -1.994122 0.346410 -7.540788
v -2.313024 0.346410 -7.449156
v -2.627741 0.346410 -7.344044
v -2.937702 0.346410 -7.225642
v -3.242348 0.346410 -7.094165
v -3.541126 0.346410 -6.949851
v -3.503516 0.282843 6.876038
v -3.207911 0.282843 7.018819
v -2.906502 0.282843 7.148900
v -2.599832 0.282843 7.266044
v -2.288458 0.282843 7.370039
v -1.972943 0.282843 7.460698
v -1.653857 0.282843 7.537856
v -1.331779 0.282843 7.601374
v -1.007291 0.282843 7.651136
v -0.680980 0.282843 7.687053
v -0.353437 0.282843 7.709059
v -0.025254 0.282843 7.717116
v 0.302974 0.282843 7.711208
v 0.630654 0.282843 7.691345
v 0.957193 0.282843 7.657565
v 1.282000 0.282843 7.609927
v 1.604487 0.282843 7.548519
v 1.924071 0.282843 7.473451
v 2.240173 0.282843 7.384859
v 2.552221 0.282843 7.282904
v 2.859650 0.282843 7.167769
v 3.161905 0.282843 7.039664
v 3.458438 0.282843 6.898820
v 3.748712 0.282843 6.745493
v 4.032204 0.282843 6.579958
v 4.308398 0.282843 6.402517
v 4.576796 0.282843 6.213490
v 4.836912 0.282843 6.013218
v 5.088275 0.282843 5.802066
v 5.330431 0.282843 5.580414
v 5.562941 0.282843 5.348664
v 5.785384 0.282843 5.107235
v 5.997357 0.282843 4.856565
v 6.198479 0.282843 4.597105
v 6.388383 0.282843 4.329327
v 6.566728 0.282843 4.053715
v 6.733189 0.282843 3.770767
v 6.887466 0.282843 3.480996
v 7.029280 0.282843 3.184925
v 7.158373 0.282843 2.883091
v 7.274513 0.282843 2.576040
v 7.377489 0.282843 2.264328
v 7.467114 0.282843 1.948517
v 7.543228 0.282843 1.629181
v 7.605691 0.282843 1.306897
v 7.654391 0.282843 0.982247
v 7.689240 0.282843 0.655821
v 7.710175 0.282843 0.328207
v 7.717157 0.282843 -0.000000
v 7.710175 0.282843 -0.328207
v 7.689240 0.282843 -0.655821
v 7.654391 0.282843 -0.982247
v 7.605691 0.282843 -1.306897
v 7.543228 0.282843 -1.629181
v 7.467114 0.282843 -1.948517
v 7.377489 0.282843 -2.264328
v 7.274512 0.282843 -2.576040
v 7.158373 0.282843 -2.883091
v 7.029280 0.282843 -3.184925
v 6.887466 0.282843 -3.480996
v 6.733189 0.282843 -3.770767
v 6.566728 0.282843 -4.053715
v 6.388383 0.282843 -4.329327
v 6.198479 0.282843 -4.597106
v 5.997358 0.282843 -4.856565
v 5.785384 0.282843 -5.107235
v 5.562941 0.282843 -5.348664
v 5.330431 0.282843 -5.580414
v 5.088275 0.282843 -5.802066
v 4.836912 0.282843 -6.013218
v 4.576796 0.282843 -6.213490
v 4.308398 0.282843 -6.402517
v 4.032204 0.282843 -6.579958
v 3.748713 0.282843 -6.745492
v 3.458438 0.282843 -6.898820
v 3.161905 0.282843 -7.039664
v 2.859650 0.282843 -7.167769
v 2.552221 0.282843 -7.282904
v 2.240173 0.282843 -7.384859
v 1.924071 0.282843 -7.473451
v 1.604487 0.282843 -7.548519
v 1.282000 0.282843 -7.609927
v 0.957193 0.282843 -7.657565
v 0.630654 0.282843 -7.691345
v 0.302974 0.282843 -7.711207
v -0.025254 0.282843 -7.717116
v -0.353437 0.282843 -7.709060
v -0.680980 0.282843 -7.687053
v -1.007291 0.282843 -7.651136
v -1.331779 0.282843 -7.601374
v -1.653858 0.282843 -7.537856
v -1.972943 0.282843 -7.460698
v -2.288458 0.282843 -7.370039
v -2.599832 0.282843 -7.266044
v -2.906501 0.282843 -7.148900
v -3.207911 0.282843 -7.018819
v -3.503516 0.282843 -6.876038
v -3.474657 0.200000 6.819398
v -3.181487 0.200000 6.961004
v -2.882560 0.200000 7.090013
v -2.578417 0.200000 7.206192
v -2.269608 0.200000 7.309331
v -1.956691 0.200000 7.399243
v -1.640234 0.200000 7.475766
v -1.320809 0.200000 7.538760
v -0.998994 0.200000 7.588112
v -0.675371 0.200000 7.623734
v -0.350526 0.200000 7.645559
v -0.025046 0.200000 7.653549
v 0.300478 0.200000 7.647689
v 0.625459 0.200000 7.627991
v 0.949309 0.200000 7.594488
v 1.271440 0.200000 7.547243
v 1.591271 0.200000 7.486341
v 1.908222 0.200000 7.411891
v 2.221720 0.200000 7.324029
v 2.531198 0.200000 7.222913
v 2.836095 0.200000 7.108727
v 3.135860 0.200000 6.981678
v 3.429950 0.200000 6.841994
v 3.717834 0.200000 6.689929
v 3.998990 0.200000 6.525758
v 4.272909 0.200000 6.349778
v 4.539096 0.200000 6.162308
v 4.797070 0.200000 5.963687
v 5.046362 0.200000 5.754273
v 5.286523 0.200000 5.534448
v 5.517118 0.200000 5.304606
v 5.737729 0.200000 5.065166
v 5.947957 0.200000 4.816560
v 6.147421 0.200000 4.559238
v 6.335761 0.200000 4.293666
v 6.512636 0.200000 4.020324
v 6.677727 0.200000 3.739707
v 6.830733 0.200000 3.452322
v 6.971378 0.200000 3.158690
v 7.099408 0.200000 2.859343
v 7.214592 0.200000 2.554821
v 7.316719 0.200000 2.245676
v 7.405606 0.200000 1.932467
v 7.481093 0.200000 1.615761
v 7.543042 0.200000 1.296132
v 7.591341 0.200000 0.974156
v 7.625903 0.200000 0.650419
v 7.646665 0.200000 0.325504
v 7.653590 0.200000 -0.000000
v 7.646665 0.200000 -0.325504
v 7.625903 0.200000 -0.650419
v 7.591341 0.200000 -0.974156
v 7.543042 0.200000 -1.296131
v 7.481093 0.200000 -1.615761
v 7.405607 0.200000 -1.932467
v 7.316719 0.200000 -2.245676
v 7.214591 0.200000 -2.554821
v 7.099408 0.200000 -2.859343
v 6.971378 0.200000 -3.158690
v 6.830733 0.200000 -3.452322
v 6.677727 0.200000 -3.739707
v 6.512636 0.200000 -4.020324
v 6.335762 0.200000 -4.293666
v 6.147421 0.200000 -4.559238
v 5.947957 0.200000 -4.816560
v 5.737729 0.200000 -5.065166
v 5.517118 0.200000 -5.304606
v 5.286523 0.200000 -5.534448
v 5.046362 0.200000 -5.754274
v 4.797070 0.200000 -5.963687
v 4.539096 0.200000 -6.162308
v 4.272909 0.200000 -6.349779
v 3.998990 0.200000 -6.525758
v 3.717834 0.200000 -6.689929
v 3.429950 0.200000 -6.841994
v 3.135859 0.200000 -6.981678
v 2.836095 0.200000 -7.108727
v 2.531198 0.200000 -7.222913
v 2.221720 0.200000 -7.324029
v 1.908222 0.200000 -7.411891
v 1.591271 0.200000 -7.486341
v 1.271440 0.200000 -7.547243
v 0.949309 0.200000 -7.594488
v 0.625460 0.200000 -7.627991
v 0.300479 0.200000 -7.647689
v -0.025046 0.200000 -7.653549
v -0.350526 0.200000 -7.645559
v -0.675371 0.200000 -7.623734
v -0.998994 0.200000 -7.588112
v -1.320809 0.200000 -7.538760
v -1.640234 0.200000 -7.475765
v -1.956691 0.200000 -7.399243
v -2.269608 0.200000 -7.309331
v -2.578417 0.200000 -7.206192
v -2.882560 0.200000 -7.090013
v -3.181487 0.200000 -6.961004
v -3.474657 0.200000 -6.819398
v -3.456516 0.103528 6.783794
v -3.164876 0.103528 6.924660
v -2.867510 0.103528 7.052995
v -2.564955 0.103528 7.168568
v -2.257758 0.103528 7.271168
v -1.946475 0.103528 7.360610
v -1.631670 0.103528 7.436734
v -1.313913 0.103528 7.499399
v -0.993778 0.103528 7.548494
v -0.671845 0.103528 7.583930
v -0.348696 0.103528 7.605640
v -0.024916 0.103528 7.613589
v 0.298910 0.103528 7.607760
v 0.622194 0.103528 7.588164
v 0.944353 0.103528 7.554836
v 1.264802 0.103528 7.507838
v 1.582963 0.103528 7.447254
v 1.898259 0.103528 7.373193
v 2.210120 0.103528 7.285789
v 2.517982 0.103528 7.185202
v 2.821287 0.103528 7.071612
v 3.119487 0.103528 6.945225
v 3.412042 0.103528 6.806271
v 3.698423 0.103528 6.655000
v 3.978111 0.103528 6.491686
v 4.250600 0.103528 6.316626
v 4.515398 0.103528 6.130134
v 4.772024 0.103528 5.932550
v 5.020015 0.103528 5.724230
v 5.258922 0.103528 5.505551
v 5.488313 0.103528 5.276910
v 5.707771 0.103528 5.038721
v 5.916902 0.103528 4.791412
v 6.115325 0.103528 4.535434
v 6.302682 0.103528 4.271248
v 6.478633 0.103528 3.999333
v 6.642861 0.103528 3.720181
v 6.795069 0.103528 3.434297
v 6.934980 0.103528 3.142198
v 7.062341 0.103528 2.844414
v 7.176923 0.103528 2.541482
v 7.278518 0.103528 2.233951
v 7.366941 0.103528 1.922377
v 7.442034 0.103528 1.607325
v 7.503659 0.103528 1.289364
v 7.551705 0.103528 0.969070
v 7.586087 0.103528 0.647023
v 7.606741 0.103528 0.323804
v 7.613630 0.103528 0.000000
v 7.606741 0.103528 -0.323804
v 7.586087 0.103528 -0.647023
v 7.551705 0.103528 -0.969070
v 7.503659 0.103528 -1.289364
v 7.442033 0.103528 -1.607325
v 7.366941 0.103528 -1.922377
v 7.278518 0.103528 -2.233951
v 7.176923 0.103528 -2.541482
v 7.062342 0.103528 -2.844414
v 6.934980 0.103528 -3.142199
v 6.795069 0.103528 -3.434297
v 6.642861 0.103528 -3.720181
v 6.478633 0.103528 -3.999333
v 6.302681 0.103528 -4.271248
v 6.115324 0.103528 -4.535434
v 5.916902 0.103528 -4.791412
v 5.707771 0.103528 -5.038721
v 5.488312 0.103528 -5.276910
v 5.258922 0.103528 -5.505552
v 5.020015 0.103528 -5.724230
v 4.772024 0.103528 -5.932550
v 4.515398 0.103528 -6.130134
v 4.250600 0.103528 -6.316626
v 3.978111 0.103528 -6.491686
v 3.698423 0.103528 -6.655000
v 3.412042 0.103528 -6.806271
v 3.119487 0.103528 -6.945226
v 2.821287 0.103528 -7.071612
v 2.517982 0.103528 -7.185202
v 2.210120 0.103528 -7.285789
v 1.898259 0.103528 -7.373192
v 1.582963 0.103528 -7.447253
v 1.264802 0.103528 -7.507838
v 0.944352 0.103528 -7.554837
v 0.622194 0.103528 -7.588164
v 0.298910 0.103528 -7.607759
v -0.024915 0.103528 -7.613589
v -0.348696 0.103528 -7.605641
v -0.671845 0.103528 -7.583929
v -0.993778 0.103528 -7.548494
v -1.313913 0.103528 -7.499400
v -1.631671 0.103528 -7.436734
v -1.946476 0.103528 -7.360610
v -2.257758 0.103528 -7.271168
v -2.564955 0.103528 -7.168568
v -2.867510 0.103528 -7.052995
v -3.164876 0.103528 -6.924660
v -3.456516 0.103528 -6.783794
v -3.450328 -0.000000 6.771649
v -3.159211 -0.000000 6.912263
v -2.862377 -0.000000 7.040370
v -2.560363 -0.000000 7.155735
v -2.253716 -0.000000 7.258152
v -1.942991 -0.000000 7.347434
v -1.628749 -0.000000 7.423421
v -1.311561 -0.000000 7.485974
v -0.991999 -0.000000 7.534981
v -0.670642 -0.000000 7.570353
v -0.348071 -0.000000 7.592025
v -0.024871 -0.000000 7.599959
v 0.298375 -0.000000 7.594141
v 0.621080 -0.000000 7.574580
v 0.942662 -0.000000 7.541312
v 1.262538 -0.000000 7.494398
v 1.580129 -0.000000 7.433922
v 1.894861 -0.000000 7.359993
v 2.206164 -0.000000 7.272747
v 2.513474 -0.000000 7.172339
v 2.816236 -0.000000 7.058953
v 3.113903 -0.000000 6.932793
v 3.405934 -0.000000 6.794087
v 3.691802 -0.000000 6.643086
v 3.970989 -0.000000 6.480065
v 4.242990 -0.000000 6.305317
v 4.507314 -0.000000 6.119160
v 4.763481 -0.000000 5.921929
v 5.011028 -0.000000 5.713983
v 5.249507 -0.000000 5.495696
v 5.478487 -0.000000 5.267464
v 5.697554 -0.000000 5.029700
v 5.906309 -0.000000 4.782835
v 6.104377 -0.000000 4.527315
v 6.291399 -0.000000 4.263602
v 6.467035 -0.000000 3.992174
v 6.630970 -0.000000 3.713521
v 6.782905 -0.000000 3.428149
v 6.922565 -0.000000 3.136574
v 7.049699 -0.000000 2.839322
v 7.164075 -0.000000 2.536932
v 7.265488 -0.000000 2.229952
v 7.353753 -0.000000 1.918936
v 7.428711 -0.000000 1.604448
v 7.490226 -0.000000 1.287056
v 7.538187 -0.000000 0.967336
v 7.572507 0.000000 0.645865
v 7.593123 0.000000 0.323225
v 7.600000 0.000000 -0.000000
v 7.593123 0.000000 -0.323225
v 7.572507 0.000000 -0.645865
v 7.538187 0.000000 -0.967336
v 7.490226 0.000000 -1.287056
v 7.428711 0.000000 -1.604448
v 7.353753 0.000000 -1.918936
v 7.265488 0.000000 -2.229952
v 7.164075 0.000000 -2.536932
v 7.049699 0.000000 -2.839322
v 6.922565 0.000000 -3.136573
v 6.782905 0.000000 -3.428149
v 6.630970 0.000000 -3.713521
v 6.467036 0.000000 -3.992174
v 6.291399 0.000000 -4.263602
v 6.104377 0.000000 -4.527315
v 5.906309 0.000000 -4.782835
v 5.697554 0.000000 -5.029700
v 5.478487 0.000000 -5.267464
v 5.249507 0.000000 -5.495696
v 5.011028 0.000000 -5.713983
v 4.763481 0.000000 -5.921930
v 4.507314 0.000000 -6.119160
v 4.242990 0.000000 -6.305318
v 3.970989 0.000000 -6.480065
v 3.691802 0.000000 -6.643087
v 3.405934 0.000000 -6.794087
v 3.113903 0.000000 -6.932793
v 2.816237 0.000000 -7.058953
v 2.513474 0.000000 -7.172339
v 2.206163 0.000000 -7.272747
v 1.894861 0.000000 -7.359993
v 1.580129 0.000000 -7.433922
v 1.262538 0.000000 -7.494398
v 0.942662 0.000000 -7.541312
v 0.621080 0.000000 -7.574580
v 0.298375 0.000000 -7.594141
v -0.024871 0.000000 -7.599959
v -0.348071 0.000000 -7.592025
v -0.670642 0.000000 -7.570353
v -0.991999 0.000000 -7.534981
v -1.311561 0.000000 -7.485974
v -1.628749 0.000000 -7.423420
v -1.942991 0.000000 -7.347434
v -2.253716 0.000000 -7.258152
v -2.560363 0.000000 -7.155735
v -2.862376 0.000000 -7.040369
v -3.159210 0.000000 -6.912263
v -3.450328 0.000000 -6.771649
v -3.456516 -0.103528 6.783794
v -3.164876 -0.103528 6.924660
v -2.867510 -0.103528 7.052995
v -2.564955 -0.103528 7.168568
v -2.257758 -0.103528 7.271168
v -1.946475 -0.103528 7.360610
v -1.631670 -0.103528 7.436734
v -1.313913 -0.103528 7.499399
v -0.993778 -0.103528 7.548494
v -0.671845 -0.103528 7.583930
v -0.348696 -0.103528 7.605640
v -0.024916 -0.103528 7.613589
v 0.298910 -0.103528 7.607760
v 0.622194 -0.103528 7.588164
v 0.944353 -0.103528 7.554836
v 1.264802 -0.103528 7.507838
v 1.582963 -0.103528 7.447254
v 1.898259 -0.103528 7.373193
v 2.210120 -0.103528 7.285789
v 2.517982 -0.103528 7.185202
v 2.821287 -0.103528 7.071612
v 3.119487 -0.103528 6.945225
v 3.412042 -0.103528 6.806271
v 3.698423 -0.103528 6.655000
v 3.978111 -0.103528 6.491686
v 4.250600 -0.103528 6.316626
v 4.515398 -0.103528 6.130134
v 4.772024 -0.103528 5.932550
v 5.020015 -0.103528 5.724230
v 5.258922 -0.103528 5.505551
v 5.488313 -0.103528 5.276910
v 5.707771 -0.103528 5.038721
v 5.916902 -0.103528 4.791412
v 6.115325 -0.103528 4.535434
v 6.302682 -0.103528 4.271248
v 6.478633 -0.103528 3.999333
v 6.642861 -0.103528 3.720181
v 6.795069 -0.103528 3.434297
v 6.934980 -0.103528 3.142198
v 7.062341 -0.103528 2.844414
v 7.176923 -0.103528 2.541482
v 7.278518 -0.103528 2.233951
v 7.366941 -0.103528 1.922377
v 7.442034 -0.103528 1.607325
v 7.503659 -0.103528 1.289364
v 7.551705 -0.103528 0.969070
v 7.586087 -0.103528 0.647023
v 7.606741 -0.103528 0.323804
v 7.613630 -0.103528 0.000000
v 7.606741 -0.103528 -0.323804
v 7.586087 -0.103528 -0.647023
v 7.551705 -0.103528 -0.969070
v 7.503659 -0.103528 -1.289364
v 7.442033 -0.103528 -1.607325
v 7.366941 -0.103528 -1.922377
v 7.278518 -0.103528 -2.233951
v 7.176923 -0.103528 -2.541482
v 7.062342 -0.103528 -2.844414
v 6.934980 -0.103528 -3.142199
v 6.795069 -0.103528 -3.434297
v 6.642861 -0.103528 -3.720181
v 6.478633 -0.103528 -3.999333
v 6.302681 -0.103528 -4.271248
v 6.115324 -0.103528 -4.535434
v 5.916902 -0.103528 -4.791412
v 5.707771 -0.103528 -5.038721
v 5.488312 -0.103528 -5.276910
v 5.258922 -0.103528 -5.505552
v 5.020015 -0.103528 -5.724230
v 4.772024 -0.103528 -5.932550
v 4.515398 -0.103528 -6.130134
v 4.250600 -0.103528 -6.316626
v 3.978111 -0.103528 -6.491686
v 3.698423 -0.103528 -6.655000
v 3.412042 -0.103528 -6.806271
v 3.119487 -0.103528 -6.945226
v 2.821287 -0.103528 -7.071612
v 2.517982 -0.103528 -7.185202
v 2.210120 -0.103528 -7.285789
v 1.898259 -0.103528 -7.373192
v 1.582963 -0.103528 -7.447253
v 1.264802 -0.103528 -7.507838
v 0.944352 -0.103528 -7.554837
v 0.622194 -0.103528 -7.588164
v 0.298910 -0.103528 -7.607759
v -0.024915 -0.103528 -7.613589
v -0.348696 -0.103528 -7.605641
v -0.671845 -0.103528 -7.583929
v -0.993778 -0.103528 -7.548494
v -1.313913 -0.103528 -7.499400
v -1.631671 -0.103528 -7.436734
v -1.946476 -0.103528 -7.360610
v -2.257758 -0.103528 -7.271168
v -2.564955 -0.103528 -7.168568
v -2.867510 -0.103528 -7.052995
v -3.164876 -0.103528 -6.924660
v -3.456516 -0.103528 -6.783794
v -3.474657 -0.200000 6.819398
v -3.181487 -0.200000 6.961004
v -2.882560 -0.200000 7.090013
v -2.578417 -0.200000 7.206192
v -2.269608 -0.200000 7.309331
v -1.956691 -0.200000 7.399243
v -1.640234 -0.200000 7.475766
v -1.320809 -0.200000 7.538760
v -0.998994 -0.200000 7.588112
v -0.675371 -0.200000 7.623734
v -0.350526 -0.200000 7.645559
v -0.025046 -0.200000 7.653549
v 0.300478 -0.200000 7.647689
v 0.625459 -0.200000 7.627991
v 0.949309 -0.200000 7.594488
v 1.271440 -0.200000 7.547243
v 1.591271 -0.200000 7.486341
v 1.908222 -0.200000 7.411891
v 2.221720 -0.200000 7.324029
v 2.531198 -0.200000 7.222913
v 2.836095 -0.200000 7.108727
v 3.135860 -0.200000 6.981678
v 3.429950 -0.200000 6.841994
v 3.717834 -0.200000 6.689929
v 3.998990 -0.200000 6.525758
v 4.272909 -0.200000 6.349778
v 4.539096 -0.200000 6.162308
v 4.797070 -0.200000 5.963687
v 5.046362 -0.200000 5.754273
v 5.286523 -0.200000 5.534448
v 5.517118 -0.200000 5.304606
v 5.737729 -0.200000 5.065166
v 5.947957 -0.200000 4.816560
v 6.147421 -0.200000 4.559238
v 6.335761 -0.200000 4.293666
v 6.512636 -0.200000 4.020324
v 6.677727 -0.200000 3.739707
v 6.830733 -0.200000 3.452322
v 6.971378 -0.200000 3.158690
v 7.099408 -0.200000 2.859343
v 7.214592 -0.200000 2.554821
v 7.316719 -0.200000 2.245676
v 7.405606 -0.200000 1.932467
v 7.481093 -0.200000 1.615761
v 7.543042 -0.200000 1.296132
v 7.591341 -0.200000 0.974156
v 7.625903 -0.200000 0.650419
v 7.646665 -0.200000 0.325504
v 7.653590 -0.200000 -0.000000
v 7.646665 -0.200000 -0.325504
v 7.625903 -0.200000 -0.650419
v 7.591341 -0.200000 -0.974156
v 7.543042 -0.200000 -1.296131
v 7.481093 -0.200000 -1.615761
v 7.405607 -0.200000 -1.932467
v 7.316719 -0.200000 -2.245676
v 7.214591 -0.200000 -2.554821
v 7.099408 -0.200000 -2.859343
v 6.971378 -0.200000 -3.158690
v 6.830733 -0.200000 -3.452322
v 6.677727 -0.200000 -3.739707
v 6.512636 -0.200000 -4.020324
v 6.335762 -0.200000 -4.293666
v 6.147421 -0.200000 -4.559238
v 5.947957 -0.200000 -4.816560
v 5.737729 -0.200000 -5.065166
v 5.517118 -0.200000 -5.304606
v 5.286523 -0.200000 -5.534448
v 5.046362 -0.200000 -5.754274
v 4.797070 -0.200000 -5.963687
v 4.539096 -0.200000 -6.162308
v 4.272909 -0.200000 -6.349779
v 3.998990 -0.200000 -6.525758
v 3.717834 -0.200000 -6.689929
v 3.429950 -0.200000 -6.841994
v 3.135859 -0.200000 -6.981678
v 2.836095 -0.200000 -7.108727
v 2.531198 -0.200000 -7.222913
v 2.221720 -0.200000 -7.324029
v 1.908222 -0.200000 -7.411891
v 1.591271 -0.200000 -7.486341
v 1.271440 -0.200000 -7.547243
v 0.949309 -0.200000 -7.594488
v 0.625460 -0.200000 -7.627991
v 0.300479 -0.200000 -7.647689
v -0.025046 -0.200000 -7.653549
v -0.350526 -0.200000 -7.645559
v -0.675371 -0.200000 -7.623734
v -0.998994 -0.200000 -7.588112
v -1.320809 -0.200000 -7.538760
v -1.640234 -0.200000 -7.475765
v -1.956691 -0.200000 -7.399243
v -2.269608 -0.200000 -7.309331
v -2.578417 -0.200000 -7.206192
v -2.882560 -0.200000 -7.090013
v -3.181487 -0.200000 -6.961004
v -3.474657 -0.200000 -6.819398
v -3.503516 -0.282843 6.876038
v -3.207911 -0.282843 7.018819
v -2.906502 -0.282843 7.148900
v -2.599832 -0.282843 7.266044
v -2.288458 -0.282843 7.370039
v -1.972943 -0.282843 7.460698
v -1.653857 -0.282843 7.537856
v -1.331779 -0.282843 7.601374
v -1.007291 -0.282843 7.651136
v -0.680980 -0.282843 7.687053
v -0.353437 -0.282843 7.709059
v -0.025254 -0.282843 7.717116
v 0.302974 -0.282843 7.711208
v 0.630654 -0.282843 7.691345
v 0.957193 -0.282843 7.657565
v 1.282000 -0.282843 7.609927
v 1.604487 -0.282843 7.548519
v 1.924071 -0.282843 7.473451
v 2.240173 -0.282843 7.384859
v 2.552221 -0.282843 7.282904
v 2.859650 -0.282843 7.167769
v 3.161905 -0.282843 7.039664
v 3.458438 -0.282843 6.898820
v 3.748712 -0.282843 6.745493
v 4.032204 -0.282843 6.579958
v 4.308398 -0.282843 6.402517
v 4.576796 -0.282843 6.213490
v 4.836912 -0.282843 6.013218
v 5.088275 -0.282843 5.802066
v 5.330431 -0.282843 5.580414
v 5.562941 -0.282843 5.348664
v 5.785384 -0.282843 5.107235
v 5.997357 -0.282843 4.856565
v 6.198479 -0.282843 4.597105
v 6.388383 -0.282843 4.329327
v 6.566728 -0.282843 4.053715
v 6.733189 -0.282843 3.770767
v 6.887466 -0.282843 3.480996
v 7.029280 -0.282843 3.184925
v 7.158373 -0.282843 2.883091
v 7.274513 -0.282843 2.576040
v 7.377489 -0.282843 2.264328
v 7.467114 -0.282843 1.948517
v 7.543228 -0.282843 1.629181
v 7.605691 -0.282843 1.306897
v 7.654391 -0.282843 0.982247
v 7.689240 -0.282843 0.655821
v 7.710175 -0.282843 0.328207
v 7.717157 -0.282843 -0.000000
v 7.710175 -0.282843 -0.328207
v 7.689240 -0.282843 -0.655821
v 7.654391 -0.282843 -0.982247
v 7.605691 -0.282843 -1.306897
v 7.543228 -0.282843 -1.629181
v 7.467114 -0.282843 -1.948517
v 7.377489 -0.282843 -2.264328
v 7.274512 -0.282843 -2.576040
v 7.158373 -0.282843 -2.883091
v 7.029280 -0.282843 -3.184925
v 6.887466 -0.282843 -3.480996
v 6.733189 -0.282843 -3.770767
v 6.566728 -0.282843 -4.053715
v 6.388383 -0.282843 -4.329327
v 6.198479 -0.282843 -4.597106
v 5.997358 -0.282843 -4.856565
v 5.785384 -0.282843 -5.107235
v 5.562941 -0.282843 -5.348664
v 5.330431 -0.282843 -5.580414
v 5.088275 -0.282843 -5.802066
v 4.836912 -0.282843 -6.013218
v 4.576796 -0.282843 -6.213490
v 4.308398 -0.282843 -6.402517
v 4.032204 -0.282843 -6.579958
v 3.748713 -0.282843 -6.745492
v 3.458438 -0.282843 -6.898820
v 3.161905 -0.282843 -7.039664
v 2.859650 -0.282843 -7.167769
v 2.552221 -0.282843 -7.282904
v 2.240173 -0.282843 -7.384859
v 1.924071 -0.282843 -7.473451
v 1.604487 -0.282843 -7.548519
v 1.282000 -0.282843 -7.609927
v 0.957193 -0.282843 -7.657565
v 0.630654 -0.282843 -7.691345
v 0.302974 -0.282843 -7.711207
v -0.025254 -0.282843 -7.717116
v -0.353437 -0.282843 -7.709060
v -0.680980 -0.282843 -7.687053
v -1.007291 -0.282843 -7.651136
v -1.331779 -0.282843 -7.601374
v -1.653858 -0.282843 -7.537856
v -1.972943 -0.282843 -7.460698
v -2.288458 -0.282843 -7.370039
v -2.599832 -0.282843 -7.266044
v -2.906501 -0.282843 -7.148900
v -3.207911 -0.282843 -7.018819
v -3.503516 -0.282843 -6.876038
v -3.541126 -0.346410 6.949851
v -3.242348 -0.346410 7.094165
v -2.937702 -0.346410 7.225642
v -2.627741 -0.346410 7.344044
v -2.313024 -0.346410 7.449156
v -1.994122 -0.346410 7.540787
v -1.671611 -0.346410 7.618773
v -1.346076 -0.346410 7.682973
v -1.018104 -0.346410 7.733270
v -0.688290 -0.346410 7.769572
v -0.357231 -0.346410 7.791815
v -0.025525 -0.346410 7.799958
v 0.306226 -0.346410 7.793987
v 0.637424 -0.346410 7.773911
v 0.967469 -0.346410 7.739768
v 1.295762 -0.346410 7.691619
v 1.621711 -0.346410 7.629551
v 1.944725 -0.346410 7.553677
v 2.264220 -0.346410 7.464135
v 2.579618 -0.346410 7.361085
v 2.890348 -0.346410 7.244714
v 3.195848 -0.346410 7.115234
v 3.495564 -0.346410 6.972878
v 3.788954 -0.346410 6.817904
v 4.075489 -0.346410 6.650593
v 4.354648 -0.346410 6.471247
v 4.625927 -0.346410 6.280190
v 4.888836 -0.346410 6.077770
v 5.142898 -0.346410 5.864350
v 5.387652 -0.346410 5.640319
v 5.622658 -0.346410 5.406082
v 5.847489 -0.346410 5.162061
v 6.061738 -0.346410 4.908699
v 6.265019 -0.346410 4.646455
v 6.456962 -0.346410 4.375802
v 6.637221 -0.346410 4.097231
v 6.805469 -0.346410 3.811246
v 6.961402 -0.346410 3.518364
v 7.104738 -0.346410 3.219115
v 7.235217 -0.346410 2.914041
v 7.352603 -0.346410 2.603693
v 7.456685 -0.346410 2.288635
v 7.547273 -0.346410 1.969434
v 7.624204 -0.346410 1.646670
v 7.687337 -0.346410 1.320926
v 7.736560 -0.346410 0.992792
v 7.771783 -0.346410 0.662861
v 7.792943 -0.346410 0.331731
v 7.800000 -0.346410 -0.000000
v 7.792943 -0.346410 -0.331731
v 7.771783 -0.346410 -0.662861
v 7.736560 -0.346410 -0.992792
v 7.687337 -0.346410 -1.320926
v 7.624203 -0.346410 -1.646670
v 7.547273 -0.346410 -1.969434
v 7.456685 -0.346410 -2.288635
v 7.352604 -0.346410 -2.603693
v 7.235217 -0.346410 -2.914041
v 7.104738 -0.346410 -3.219115
v 6.961402 -0.346410 -3.518363
v 6.805469 -0.346410 -3.811246
v 6.637220 -0.346410 -4.097231
v 6.456962 -0.346410 -4.375802
v 6.265018 -0.346410 -4.646454
v 6.061738 -0.346410 -4.908699
v 5.847489 -0.346410 -5.162061
v 5.622658 -0.346410 -5.406082
v 5.387652 -0.346410 -5.640319
v 5.142897 -0.346410 -5.864350
v 4.888836 -0.346410 -6.077770
v 4.625927 -0.346410 -6.280190
v 4.354648 -0.346410 -6.471247
v 4.075489 -0.346410 -6.650593
v 3.788954 -0.346410 -6.817904
v 3.495564 -0.346410 -6.972878
v 3.195848 -0.346410 -7.115234
v 2.890348 -0.346410 -7.244715
v 2.579618 -0.346410 -7.361084
v 2.264220 -0.346410 -7.464135
v 1.944725 -0.346410 -7.553678
v 1.621711 -0.346410 -7.629551
v 1.295762 -0.346410 -7.691619
v 0.967469 -0.346410 -7.739768
v 0.637425 -0.346410 -7.773911
v 0.306227 -0.346410 -7.793986
v -0.025525 -0.346410 -7.799958
v -0.357231 -0.346410 -7.791815
v -0.688291 -0.346410 -7.769573
v -1.018104 -0.346410 -7.733270
v -1.346076 -0.346410 -7.682973
v -1.671611 -0.346410 -7.618773
v -1.994122 -0.346410 -7.540788
v -2.313024 -0.346410 -7.449156
v -2.627741 -0.346410 -7.344044
v -2.937702 -0.346410 -7.225642
v -3.242348 -0.346410 -7.094165
v -3.541126 -0.346410 -6.949851
v -3.584924 -0.386370 7.035809
v -3.282450 -0.386370 7.181908
v -2.974036 -0.386370 7.315011
v -2.660242 -0.386370 7.434877
v -2.341632 -0.386370 7.541289
v -2.018786 -0.386370 7.634054
v -1.692286 -0.386370 7.713005
v -1.362724 -0.386370 7.777998
v -1.030696 -0.386370 7.828917
v -0.696804 -0.386370 7.865669
v -0.361650 -0.386370 7.888186
v -0.025841 -0.386370 7.896430
v 0.310014 -0.386370 7.890385
v 0.645308 -0.386370 7.870061
v 0.979435 -0.386370 7.835495
v 1.311789 -0.386370 7.786751
v 1.641769 -0.386370 7.723916
v 1.968778 -0.386370 7.647103
v 2.292225 -0.386370 7.556453
v 2.611524 -0.386370 7.452129
v 2.926097 -0.386370 7.334319
v 3.235375 -0.386370 7.203238
v 3.538798 -0.386370 7.059121
v 3.835817 -0.386370 6.902231
v 4.125896 -0.386370 6.732850
v 4.408507 -0.386370 6.551285
v 4.683142 -0.386370 6.357865
v 4.949302 -0.386370 6.152941
v 5.206506 -0.386370 5.936882
v 5.454288 -0.386370 5.710080
v 5.692200 -0.386370 5.472945
v 5.919812 -0.386370 5.225906
v 6.136712 -0.386370 4.969411
v 6.342506 -0.386370 4.703923
v 6.536823 -0.386370 4.429923
v 6.719311 -0.386370 4.147906
v 6.889641 -0.386370 3.858384
v 7.047502 -0.386370 3.561880
v 7.192611 -0.386370 3.258930
v 7.324704 -0.386370 2.950082
v 7.443542 -0.386370 2.635897
v 7.548911 -0.386370 2.316941
v 7.640619 -0.386370 1.993793
v 7.718501 -0.386370 1.667036
v 7.782416 -0.386370 1.337264
v 7.832248 -0.386370 1.005071
v 7.867907 -0.386370 0.671059
v 7.889328 -0.386370 0.335834
v 7.896472 -0.386370 0.000000
v 7.889328 -0.386370 -0.335833
v 7.867907 -0.386370 -0.671060
v 7.832248 -0.386370 -1.005071
v 7.782416 -0.386370 -1.337264
v 7.718502 -0.386370 -1.667036
v 7.640620 -0.386370 -1.993793
v 7.548911 -0.386370 -2.316941
v 7.443542 -0.386370 -2.635896
v 7.324704 -0.386370 -2.950083
v 7.192611 -0.386370 -3.258930
v 7.047503 -0.386370 -3.561880
v 6.889640 -0.386370 -3.858384
v 6.719312 -0.386370 -4.147907
v 6.536823 -0.386370 -4.429923
v 6.342506 -0.386370 -4.703923
v 6.136712 -0.386370 -4.969411
v 5.919812 -0.386370 -5.225906
v 5.692201 -0.386370 -5.472945
v 5.454288 -0.386370 -5.710080
v 5.206506 -0.386370 -5.936882
v 4.949302 -0.386370 -6.152941
v 4.683142 -0.386370 -6.357866
v 4.408507 -0.386370 -6.551285
v 4.125896 -0.386370 -6.732850
v 3.835817 -0.386370 -6.902230
v 3.538798 -0.386370 -7.059121
v 3.235374 -0.386370 -7.203237
v 2.926096 -0.386370 -7.334319
v 2.611524 -0.386370 -7.452128
v 2.292225 -0.386370 -7.556453
v 1.968778 -0.386370 -7.647103
v 1.641769 -0.386370 -7.723916
v 1.311788 -0.386370 -7.786751
v 0.979435 -0.386370 -7.835495
v 0.645308 -0.386370 -7.870060
v 0.310014 -0.386370 -7.890384
v -0.025841 -0.386370 -7.896430
v -0.361649 -0.386370 -7.888186
v -0.696804 -0.386370 -7.865669
v -1.030697 -0.386370 -7.828917
v -1.362724 -0.386370 -7.777998
v -1.692286 -0.386370 -7.713005
v -2.018786 -0.386370 -7.634054
v -2.341632 -0.386370 -7.541289
v -2.660241 -0.386370 -7.434877
v -2.974036 -0.386370 -7.315011
v -3.282450 -0.386370 -7.181908
v -3.584924 -0.386370 -7.035809
v -3.631924 -0.400000 7.128052
v -3.325485 -0.400000 7.276067
v -3.013028 -0.400000 7.410915
v -2.695119 -0.400000 7.532352
v -2.372333 -0.400000 7.640160
v -2.045254 -0.400000 7.734141
v -1.714473 -0.400000 7.814127
v -1.380590 -0.400000 7.879972
v -1.044209 -0.400000 7.931559
v -0.705939 -0.400000 7.968792
v -0.366391 -0.400000 7.991605
v -0.026180 -0.400000 7.999957
v 0.314078 -0.400000 7.993832
v 0.653769 -0.400000 7.973242
v 0.992275 -0.400000 7.938223
v 1.328987 -0.400000 7.888840
v 1.663293 -0.400000 7.825181
v 1.994590 -0.400000 7.747361
v 2.322277 -0.400000 7.655522
v 2.645762 -0.400000 7.549830
v 2.964460 -0.400000 7.430476
v 3.277792 -0.400000 7.297677
v 3.585194 -0.400000 7.151670
v 3.886107 -0.400000 6.992723
v 4.179988 -0.400000 6.821121
v 4.466306 -0.400000 6.637177
v 4.744541 -0.400000 6.441221
v 5.014191 -0.400000 6.233610
v 5.274766 -0.400000 6.014718
v 5.525797 -0.400000 5.784943
v 5.766829 -0.400000 5.544699
v 5.997425 -0.400000 5.294422
v 6.217168 -0.400000 5.034563
v 6.425660 -0.400000 4.765594
v 6.622525 -0.400000 4.488002
v 6.807406 -0.400000 4.202288
v 6.979968 -0.400000 3.908970
v 7.139899 -0.400000 3.608578
v 7.286911 -0.400000 3.301656
v 7.420736 -0.400000 2.988760
v 7.541132 -0.400000 2.670455
v 7.647882 -0.400000 2.347318
v 7.740793 -0.400000 2.019933
v 7.819695 -0.400000 1.688892
v 7.884449 -0.400000 1.354796
v 7.934934 -0.400000 1.018248
v 7.971060 -0.400000 0.679857
v 7.992762 -0.400000 0.340236
v 8.000000 -0.400000 0.000000
v 7.992762 -0.400000 -0.340236
v 7.971059 -0.400000 -0.679857
v 7.934934 -0.400000 -1.018248
v 7.884449 -0.400000 -1.354796
v 7.819695 -0.400000 -1.688892
v 7.740793 -0.400000 -2.019933
v 7.647882 -0.400000 -2.347317
v 7.541132 -0.400000 -2.670455
v 7.420736 -0.400000 -2.988760
v 7.286911 -0.400000 -3.301656
v 7.139899 -0.400000 -3.608578
v 6.979968 -0.400000 -3.908970
v 6.807406 -0.400000 -4.202288
v 6.622525 -0.400000 -4.488002
v 6.425660 -0.400000 -4.765594
v 6.217167 -0.400000 -5.034563
v 5.997425 -0.400000 -5.294421
v 5.766829 -0.400000 -5.544699
v 5.525797 -0.400000 -5.784943
v 5.274766 -0.400000 -6.014719
v 5.014191 -0.400000 -6.233610
v 4.744541 -0.400000 -6.441221
v 4.466306 -0.400000 -6.637177
v 4.179988 -0.400000 -6.821121
v 3.886107 -0.400000 -6.992723
v 3.585194 -0.400000 -7.151670
v 3.277792 -0.400000 -7.297676
v 2.964459 -0.400000 -7.430476
v 2.645762 -0.400000 -7.549830
v 2.322277 -0.400000 -7.655523
v 1.994590 -0.400000 -7.747361
v 1.663293 -0.400000 -7.825181
v 1.328987 -0.400000 -7.888840
v 0.992275 -0.400000 -7.938223
v 0.653768 -0.400000 -7.973242
v 0.314078 -0.400000 -7.993832
v -0.026180 -0.400000 -7.999957
v -0.366391 -0.400000 -7.991605
v -0.705939 -0.400000 -7.968792
v -1.044210 -0.400000 -7.931559
v -1.380591 -0.400000 -7.879972
v -1.714473 -0.400000 -7.814127
v -2.045254 -0.400000 -7.734141
v -2.372333 -0.400000 -7.640159
v -2.695119 -0.400000 -7.532352
v -3.013028 -0.400000 -7.410915
v -3.325485 -0.400000 -7.276067
v -3.631924 -0.400000 -7.128052
v -3.678925 -0.386370 7.220296
v -3.368520 -0.386370 7.370226
v -3.052020 -0.386370 7.506820
v -2.729996 -0.386370 7.629829
v -2.403033 -0.386370 7.739030
v -2.071721 -0.386370 7.834229
v -1.736660 -0.386370 7.915249
v -1.398457 -0.386370 7.981947
v -1.057723 -0.386370 8.034201
v -0.715075 -0.386370 8.071917
v -0.371132 -0.386370 8.095024
v -0.026519 -0.386370 8.103484
v 0.318143 -0.386370 8.097280
v 0.662229 -0.386370 8.076424
v 1.005117 -0.386370 8.040952
v 1.346185 -0.386370 7.990929
v 1.684818 -0.386370 7.926446
v 2.020402 -0.386370 7.847620
v 2.352330 -0.386370 7.754592
v 2.680001 -0.386370 7.647532
v 3.002822 -0.386370 7.526634
v 3.320210 -0.386370 7.392115
v 3.631589 -0.386370 7.244219
v 3.936397 -0.386370 7.083215
v 4.234082 -0.386370 6.909393
v 4.524104 -0.386370 6.723068
v 4.805940 -0.386370 6.524577
v 5.079079 -0.386370 6.314279
v 5.343027 -0.386370 6.092555
v 5.597306 -0.386370 5.859806
v 5.841457 -0.386370 5.616453
v 6.075037 -0.386370 5.362936
v 6.297624 -0.386370 5.099715
v 6.508815 -0.386370 4.827266
v 6.708227 -0.386370 4.546081
v 6.895501 -0.386370 4.256670
v 7.070296 -0.386370 3.959556
v 7.232296 -0.386370 3.655277
v 7.381210 -0.386370 3.344383
v 7.516767 -0.386370 3.027437
v 7.638721 -0.386370 2.705013
v 7.746853 -0.386370 2.377694
v 7.840966 -0.386370 2.046072
v 7.920890 -0.386370 1.710748
v 7.986481 -0.386370 1.372328
v 8.037620 -0.386370 1.031425
v 8.074213 -0.386370 0.688655
v 8.096196 -0.386370 0.344640
v 8.103528 -0.386370 -0.000000
v 8.096195 -0.386370 -0.344640
v 8.074213 -0.386370 -0.688656
v 8.037620 -0.386370 -1.031425
v 7.986481 -0.386370 -1.372328
v 7.920890 -0.386370 -1.710748
v 7.840966 -0.386370 -2.046072
v 7.746853 -0.386370 -2.377694
v 7.638721 -0.386370 -2.705013
v 7.516767 -0.386370 -3.027437
v 7.381210 -0.386370 -3.344383
v 7.232296 -0.386370 -3.655277
v 7.070295 -0.386370 -3.959556
v 6.895500 -0.386370 -4.256670
v 6.708227 -0.386370 -4.546081
v 6.508815 -0.386370 -4.827266
v 6.297624 -0.386370 -5.099715
v 6.075037 -0.386370 -5.362936
v 5.841457 -0.386370 -5.616453
v 5.597307 -0.386370 -5.859806
v 5.343027 -0.386370 -6.092555
v 5.079079 -0.386370 -6.314279
v 4.805940 -0.386370 -6.524577
v 4.524104 -0.386370 -6.723068
v 4.234082 -0.386370 -6.909393
v 3.936397 -0.386370 -7.083215
v 3.631590 -0.386370 -7.244220
v 3.320210 -0.386370 -7.392115
v 3.002822 -0.386370 -7.526634
v 2.680001 -0.386370 -7.647533
v 2.352330 -0.386370 -7.754592
v 2.020402 -0.386370 -7.847620
v 1.684818 -0.386370 -7.926446
v 1.346185 -0.386370 -7.990929
v 1.005117 -0.386370 -8.040952
v 0.662229 -0.386370 -8.076423
v 0.318143 -0.386370 -8.097281
v -0.026519 -0.386370 -8.103484
v -0.371132 -0.386370 -8.095024
v -0.715074 -0.386370 -8.071916
v -1.057723 -0.386370 -8.034201
v -1.398456 -0.386370 -7.981947
v -1.736660 -0.386370 -7.915249
v -2.071721 -0.386370 -7.834229
v -2.403033 -0.386370 -7.739030
v -2.729996 -0.386370 -7.629828
v -3.052019 -0.386370 -7.506819
v -3.368520 -0.386370 -7.370226
v -3.678925 -0.386370 -7.220296
v -3.722722 -0.346410 7.306253
v -3.408622 -0.346410 7.457969
v -3.088354 -0.346410 7.596189
v -2.762496 -0.346410 7.720661
v -2.431641 -0.346410 7.831164
v -2.096385 -0.346410 7.927495
v -1.757335 -0.346410 8.009480
v -1.415105 -0.346410 8.076972
v -1.070315 -0.346410 8.129848
v -0.723588 -0.346410 8.168013
v -0.375551 -0.346410 8.191396
v -0.026835 -0.346410 8.199956
v 0.321931 -0.346410 8.193678
v 0.670113 -0.346410 8.172573
v 1.017082 -0.346410 8.136679
v 1.362212 -0.346410 8.086061
v 1.704876 -0.346410 8.020810
v 2.044455 -0.346410 7.941046
v 2.380334 -0.346410 7.846910
v 2.711906 -0.346410 7.738576
v 3.038571 -0.346410 7.616238
v 3.359737 -0.346410 7.480118
v 3.674823 -0.346410 7.330462
v 3.983260 -0.346410 7.167541
v 4.284488 -0.346410 6.991649
v 4.577964 -0.346410 6.803106
v 4.863154 -0.346410 6.602252
v 5.139545 -0.346410 6.389451
v 5.406636 -0.346410 6.165086
v 5.663942 -0.346410 5.929566
v 5.911000 -0.346410 5.683317
v 6.147360 -0.346410 5.426782
v 6.372597 -0.346410 5.160427
v 6.586301 -0.346410 4.884734
v 6.788088 -0.346410 4.600202
v 6.977591 -0.346410 4.307345
v 7.154467 -0.346410 4.006694
v 7.318397 -0.346410 3.698792
v 7.469083 -0.346410 3.384198
v 7.606254 -0.346410 3.063478
v 7.729660 -0.346410 2.737216
v 7.839079 -0.346410 2.406000
v 7.934313 -0.346410 2.070431
v 8.015188 -0.346410 1.731115
v 8.081559 -0.346410 1.388666
v 8.133307 -0.346410 1.043704
v 8.170337 -0.346410 0.696854
v 8.192581 -0.346410 0.348742
v 8.200000 -0.346410 0.000000
v 8.192580 -0.346410 -0.348743
v 8.170337 -0.346410 -0.696854
v 8.133307 -0.346410 -1.043704
v 8.081559 -0.346410 -1.388666
v 8.015188 -0.346410 -1.731115
v 7.934312 -0.346410 -2.070431
v 7.839079 -0.346410 -2.406000
v 7.729660 -0.346410 -2.737216
v 7.606254 -0.346410 -3.063478
v 7.469083 -0.346410 -3.384198
v 7.318397 -0.346410 -3.698793
v 7.154467 -0.346410 -4.006694
v 6.977591 -0.346410 -4.307345
v 6.788088 -0.346410 -4.600202
v 6.586302 -0.346410 -4.884735
v 6.372597 -0.346410 -5.160427
v 6.147360 -0.346410 -5.426782
v 5.910999 -0.346410 -5.683316
v 5.663942 -0.346410 -5.929566
v 5.406636 -0.346410 -6.165086
v 5.139545 -0.346410 -6.389450
v 4.863154 -0.346410 -6.602252
v 4.577964 -0.346410 -6.803106
v 4.284488 -0.346410 -6.991649
v 3.983260 -0.346410 -7.167541
v 3.674823 -0.346410 -7.330462
v 3.359737 -0.346410 -7.480118
v 3.038571 -0.346410 -7.616239
v 2.711906 -0.346410 -7.738576
v 2.380334 -0.346410 -7.846911
v 2.044455 -0.346410 -7.941046
v 1.704876 -0.346410 -8.020810
v 1.362212 -0.346410 -8.086061
v 1.017082 -0.346410 -8.136679
v 0.670113 -0.346410 -8.172573
v 0.321930 -0.346410 -8.193678
v -0.026835 -0.346410 -8.199956
v -0.375551 -0.346410 -8.191396
v -0.723587 -0.346410 -8.168012
v -1.070315 -0.346410 -8.129848
v -1.415105 -0.346410 -8.076972
v -1.757335 -0.346410 -8.009480
v -2.096385 -0.346410 -7.927495
v -2.431641 -0.346410 -7.831163
v -2.762496 -0.346410 -7.720661
v -3.088353 -0.346410 -7.596188
v -3.408622 -0.346410 -7.457969
v -3.722722 -0.346410 -7.306253
v -3.760332 -0.282843 7.380067
v -3.443058 -0.282843 7.533315
v -3.119555 -0.282843 7.672930
v -2.790406 -0.282843 7.798662
v -2.456207 -0.282843 7.910280
v -2.117564 -0.282843 8.007585
v -1.775089 -0.282843 8.090398
v -1.429402 -0.282843 8.158571
v -1.081128 -0.282843 8.211982
v -0.730898 -0.282843 8.250532
v -0.379345 -0.282843 8.274152
v -0.027106 -0.282843 8.282799
v 0.325183 -0.282843 8.276457
v 0.676883 -0.282843 8.255138
v 1.027358 -0.282843 8.218882
v 1.375974 -0.282843 8.167752
v 1.722100 -0.282843 8.101843
v 2.065110 -0.282843 8.021272
v 2.404382 -0.282843 7.926186
v 2.739304 -0.282843 7.816757
v 3.069269 -0.282843 7.693183
v 3.393680 -0.282843 7.555688
v 3.711950 -0.282843 7.404520
v 4.023502 -0.282843 7.239953
v 4.327774 -0.282843 7.062284
v 4.624214 -0.282843 6.871836
v 4.912286 -0.282843 6.668953
v 5.191469 -0.282843 6.454001
v 5.461257 -0.282843 6.227371
v 5.721164 -0.282843 5.989471
v 5.970717 -0.282843 5.740734
v 6.209466 -0.282843 5.481607
v 6.436978 -0.282843 5.212562
v 6.652842 -0.282843 4.934083
v 6.856667 -0.282843 4.646677
v 7.048084 -0.282843 4.350862
v 7.226747 -0.282843 4.047173
v 7.392334 -0.282843 3.736161
v 7.544542 -0.282843 3.418388
v 7.683098 -0.282843 3.094428
v 7.807751 -0.282843 2.764870
v 7.918276 -0.282843 2.430308
v 8.014471 -0.282843 2.091348
v 8.096164 -0.282843 1.748604
v 8.163206 -0.282843 1.402695
v 8.215476 -0.282843 1.054248
v 8.252879 -0.282843 0.703894
v 8.275349 -0.282843 0.352266
v 8.282843 -0.282843 0.000000
v 8.275349 -0.282843 -0.352266
v 8.252879 -0.282843 -0.703894
v 8.215476 -0.282843 -1.054248
v 8.163206 -0.282843 -1.402695
v 8.096164 -0.282843 -1.748604
v 8.014471 -0.282843 -2.091348
v 7.918276 -0.282843 -2.430308
v 7.807752 -0.282843 -2.764870
v 7.683098 -0.282843 -3.094428
v 7.544542 -0.282843 -3.418387
v 7.392333 -0.282843 -3.736161
v 7.226747 -0.282843 -4.047173
v 7.048084 -0.282843 -4.350862
v 6.856667 -0.282843 -4.646677
v 6.652842 -0.282843 -4.934083
v 6.436978 -0.282843 -5.212562
v 6.209466 -0.282843 -5.481607
v 5.970717 -0.282843 -5.740734
v 5.721164 -0.282843 -5.989471
v 5.461258 -0.282843 -6.227371
v 5.191469 -0.282843 -6.454001
v 4.912286 -0.282843 -6.668953
v 4.624213 -0.282843 -6.871836
v 4.327774 -0.282843 -7.062285
v 4.023501 -0.282843 -7.239953
v 3.711949 -0.282843 -7.404520
v 3.393680 -0.282843 -7.555688
v 3.069269 -0.282843 -7.693183
v 2.739304 -0.282843 -7.816757
v 2.404382 -0.282843 -7.926187
v 2.065110 -0.282843 -8.021273
v 1.722100 -0.282843 -8.101842
v 1.375974 -0.282843 -8.167752
v 1.027358 -0.282843 -8.218882
v 0.676883 -0.282843 -8.255138
v 0.325183 -0.282843 -8.276457
v -0.027106 -0.282843 -8.282798
v -0.379345 -0.282843 -8.274151
v -0.730898 -0.282843 -8.250532
v -1.081128 -0.282843 -8.211982
v -1.429402 -0.282843 -8.158571
v -1.775089 -0.282843 -8.090398
v -2.117564 -0.282843 -8.007585
v -2.456208 -0.282843 -7.910280
v -2.790406 -0.282843 -7.798661
v -3.119555 -0.282843 -7.672930
v -3.443059 -0.282843 -7.533315
v -3.760332 -0.282843 -7.380067
v -3.789191 -0.200000 7.436706
v -3.469483 -0.200000 7.591130
v -3.143496 -0.200000 7.731817
v -2.811821 -0.200000 7.858513
v -2.475058 -0.200000 7.970988
v -2.133816 -0.200000 8.069039
v -1.788712 -0.200000 8.152489
v -1.440372 -0.200000 8.221186
v -1.089425 -0.200000 8.275005
v -0.736507 -0.200000 8.313851
v -0.382256 -0.200000 8.337652
v -0.027313 -0.200000 8.346366
v 0.327679 -0.200000 8.339975
v 0.682078 -0.200000 8.318494
v 1.035242 -0.200000 8.281959
v 1.386534 -0.200000 8.230436
v 1.735316 -0.200000 8.164021
v 2.080958 -0.200000 8.082832
v 2.422835 -0.200000 7.987016
v 2.760327 -0.200000 7.876748
v 3.092824 -0.200000 7.752225
v 3.419725 -0.200000 7.613675
v 3.740437 -0.200000 7.461347
v 4.054380 -0.200000 7.295517
v 4.360988 -0.200000 7.116485
v 4.659703 -0.200000 6.924574
v 4.949986 -0.200000 6.720134
v 5.231311 -0.200000 6.503533
v 5.503170 -0.200000 6.275164
v 5.765071 -0.200000 6.035438
v 6.016540 -0.200000 5.784791
v 6.257121 -0.200000 5.523676
v 6.486379 -0.200000 5.252566
v 6.703899 -0.200000 4.971951
v 6.909289 -0.200000 4.682338
v 7.102176 -0.200000 4.384253
v 7.282209 -0.200000 4.078233
v 7.449067 -0.200000 3.764834
v 7.602443 -0.200000 3.444622
v 7.742063 -0.200000 3.118177
v 7.867672 -0.200000 2.786089
v 7.979045 -0.200000 2.448959
v 8.075979 -0.200000 2.107398
v 8.158298 -0.200000 1.762024
v 8.225855 -0.200000 1.413460
v 8.278526 -0.200000 1.062339
v 8.316217 -0.200000 0.709296
v 8.338859 -0.200000 0.354969
v 8.346411 -0.200000 -0.000000
v 8.338859 -0.200000 -0.354969
v 8.316216 -0.200000 -0.709296
v 8.278526 -0.200000 -1.062339
v 8.225855 -0.200000 -1.413460
v 8.158298 -0.200000 -1.762024
v 8.075979 -0.200000 -2.107398
v 7.979045 -0.200000 -2.448960
v 7.867673 -0.200000 -2.786089
v 7.742063 -0.200000 -3.118177
v 7.602443 -0.200000 -3.444623
v 7.449066 -0.200000 -3.764834
v 7.282210 -0.200000 -4.078233
v 7.102175 -0.200000 -4.384253
v 6.909289 -0.200000 -4.682338
v 6.703900 -0.200000 -4.971951
v 6.486379 -0.200000 -5.252566
v 6.257121 -0.200000 -5.523676
v 6.016540 -0.200000 -5.784791
v 5.765071 -0.200000 -6.035439
v 5.503170 -0.200000 -6.275163
v 5.231311 -0.200000 -6.503533
v 4.949986 -0.200000 -6.720134
v 4.659703 -0.200000 -6.924575
v 4.360987 -0.200000 -7.116484
v 4.054381 -0.200000 -7.295517
v 3.740437 -0.200000 -7.461347
v 3.419725 -0.200000 -7.613675
v 3.092824 -0.200000 -7.752226
v 2.760327 -0.200000 -7.876748
v 2.422835 -0.200000 -7.987017
v 2.080958 -0.200000 -8.082831
v 1.735316 -0.200000 -8.164021
v 1.386534 -0.200000 -8.230436
v 1.035242 -0.200000 -8.281959
v 0.682078 -0.200000 -8.318493
v 0.327679 -0.200000 -8.339975
v -0.027314 -0.200000 -8.346365
v -0.382256 -0.200000 -8.337652
v -0.736507 -0.200000 -8.313851
v -1.089425 -0.200000 -8.275005
v -1.440372 -0.200000 -8.221186
v -1.788712 -0.200000 -8.152489
v -2.133816 -0.200000 -8.069039
v -2.475057 -0.200000 -7.970988
v -2.811821 -0.200000 -7.858513
v -3.143496 -0.200000 -7.731817
v -3.469483 -0.200000 -7.591130
v -3.789191 -0.200000 -7.436706
v -3.807333 -0.103528 7.472311
v -3.486094 -0.103528 7.627474
v -3.158546 -0.103528 7.768835
v -2.825283 -0.103528 7.896137
v -2.486907 -0.103528 8.009151
v -2.144032 -0.103528 8.107672
v -1.797276 -0.103528 8.191520
v -1.447268 -0.103528 8.260546
v -1.094641 -0.103528 8.314624
v -0.740033 -0.103528 8.353656
v -0.384086 -0.103528 8.377570
v -0.027444 -0.103528 8.386326
v 0.329247 -0.103528 8.379905
v 0.685343 -0.103528 8.358320
v 1.040199 -0.103528 8.321610
v 1.393172 -0.103528 8.269841
v 1.743624 -0.103528 8.203108
v 2.090921 -0.103528 8.121531
v 2.434435 -0.103528 8.025256
v 2.773543 -0.103528 7.914459
v 3.107632 -0.103528 7.789341
v 3.436098 -0.103528 7.650127
v 3.758345 -0.103528 7.497069
v 4.073792 -0.103528 7.330445
v 4.381866 -0.103528 7.150556
v 4.682012 -0.103528 6.957727
v 4.973685 -0.103528 6.752308
v 5.256358 -0.103528 6.534670
v 5.529518 -0.103528 6.305207
v 5.792673 -0.103528 6.064334
v 6.045345 -0.103528 5.812488
v 6.287078 -0.103528 5.550122
v 6.517434 -0.103528 5.277714
v 6.735996 -0.103528 4.995755
v 6.942369 -0.103528 4.704756
v 7.136178 -0.103528 4.405243
v 7.317075 -0.103528 4.097759
v 7.484730 -0.103528 3.782859
v 7.638841 -0.103528 3.461114
v 7.779130 -0.103528 3.133106
v 7.905341 -0.103528 2.799428
v 8.017246 -0.103528 2.460684
v 8.114645 -0.103528 2.117488
v 8.197358 -0.103528 1.770460
v 8.265238 -0.103528 1.420227
v 8.318161 -0.103528 1.067426
v 8.356032 -0.103528 0.712692
v 8.378782 -0.103528 0.356669
v 8.386371 -0.103528 -0.000000
v 8.378782 -0.103528 -0.356669
v 8.356032 -0.103528 -0.712692
v 8.318162 -0.103528 -1.067425
v 8.265238 -0.103528 -1.420228
v 8.197358 -0.103528 -1.770459
v 8.114644 -0.103528 -2.117488
v 8.017246 -0.103528 -2.460685
v 7.905341 -0.103528 -2.799428
v 7.779130 -0.103528 -3.133106
v 7.638842 -0.103528 -3.461114
v 7.484730 -0.103528 -3.782859
v 7.317075 -0.103528 -4.097758
v 7.136178 -0.103528 -4.405243
v 6.942369 -0.103528 -4.704756
v 6.735996 -0.103528 -4.995755
v 6.517434 -0.103528 -5.277714
v 6.287078 -0.103528 -5.550122
v 6.045345 -0.103528 -5.812487
v 5.792673 -0.103528 -6.064334
v 5.529518 -0.103528 -6.305207
v 5.256357 -0.103528 -6.534670
v 4.973685 -0.103528 -6.752309
v 4.682012 -0.103528 -6.957727
v 4.381866 -0.103528 -7.150556
v 4.073792 -0.103528 -7.330446
v 3.758345 -0.103528 -7.497069
v 3.436097 -0.103528 -7.650127
v 3.107632 -0.103528 -7.789340
v 2.773543 -0.103528 -7.914459
v 2.434435 -0.103528 -8.025256
v 2.090921 -0.103528 -8.121530
v 1.743625 -0.103528 -8.203108
v 1.393172 -0.103528 -8.269842
v 1.040199 -0.103528 -8.321610
v 0.685343 -0.103528 -8.358320
v 0.329247 -0.103528 -8.379905
v -0.027444 -0.103528 -8.386326
v -0.384086 -0.103528 -8.377570
v -0.740033 -0.103528 -8.353656
v -1.094641 -0.103528 -8.314624
v -1.447268 -0.103528 -8.260546
v -1.797276 -0.103528 -8.191521
v -2.144032 -0.103528 -8.107671
v -2.486907 -0.103528 -8.009151
v -2.825283 -0.103528 -7.896137
v -3.158546 -0.103528 -7.768835
v -3.486093 -0.103528 -7.627474
v -3.807333 -0.103528 -7.472311
v -3.813520 -0.000000 7.484455
v -3.491759 -0.000000 7.639870
v -3.163679 -0.000000 7.781461
v -2.829875 -0.000000 7.908970
v -2.490949 -0.000000 8.022168
v -2.147516 -0.000000 8.120849
v -1.800197 -0.000000 8.204833
v -1.449620 -0.000000 8.273972
v -1.096420 -0.000000 8.328137
v -0.741236 -0.000000 8.367232
v -0.384711 -0.000000 8.391186
v -0.027489 -0.000000 8.399955
v 0.329782 -0.000000 8.393524
v 0.686457 -0.000000 8.371904
v 1.041890 -0.000000 8.335135
v 1.395436 -0.000000 8.283282
v 1.746458 -0.000000 8.216440
v 2.094320 -0.000000 8.134729
v 2.438391 -0.000000 8.038299
v 2.778050 -0.000000 7.927322
v 3.112682 -0.000000 7.802001
v 3.441682 -0.000000 7.662560
v 3.764453 -0.000000 7.509254
v 4.080412 -0.000000 7.342359
v 4.388988 -0.000000 7.162178
v 4.689621 -0.000000 6.969035
v 4.981768 -0.000000 6.763282
v 5.264900 -0.000000 6.545290
v 5.538505 -0.000000 6.315454
v 5.802087 -0.000000 6.074190
v 6.055170 -0.000000 5.821934
v 6.297296 -0.000000 5.559142
v 6.528027 -0.000000 5.286292
v 6.746943 -0.000000 5.003874
v 6.953651 -0.000000 4.712402
v 7.147777 -0.000000 4.412403
v 7.328967 -0.000000 4.104419
v 7.496894 -0.000000 3.789007
v 7.651256 -0.000000 3.466739
v 7.791773 -0.000000 3.138198
v 7.918188 -0.000000 2.803977
v 8.030276 -0.000000 2.464684
v 8.127832 -0.000000 2.120929
v 8.210680 -0.000000 1.773337
v 8.278670 -0.000000 1.422536
v 8.331680 -0.000000 1.069161
v 8.369613 -0.000000 0.713850
v 8.392400 -0.000000 0.357248
v 8.400000 -0.000000 -0.000000
v 8.392400 -0.000000 -0.357248
v 8.369613 -0.000000 -0.713850
v 8.331680 -0.000000 -1.069160
v 8.278671 -0.000000 -1.422536
v 8.210680 0.000000 -1.773337
v 8.127832 0.000000 -2.120929
v 8.030276 0.000000 -2.464684
v 7.918189 0.000000 -2.803978
v 7.791772 0.000000 -3.138198
v 7.651256 0.000000 -3.466739
v 7.496894 0.000000 -3.789007
v 7.328967 0.000000 -4.104419
v 7.147776 0.000000 -4.412403
v 6.953651 0.000000 -4.712402
v 6.746943 0.000000 -5.003874
v 6.528026 0.000000 -5.286291
v 6.297296 0.000000 -5.559143
v 6.055170 0.000000 -5.821934
v 5.802087 0.000000 -6.074190
v 5.538505 0.000000 -6.315454
v 5.264900 0.000000 -6.545290
v 4.981768 0.000000 -6.763282
v 4.689621 0.000000 -6.969035
v 4.388988 0.000000 -7.162177
v 4.080412 0.000000 -7.342359
v 3.764453 0.000000 -7.509254
v 3.441682 0.000000 -7.662560
v 3.112683 0.000000 -7.802000
v 2.778050 0.000000 -7.927322
v 2.438391 0.000000 -8.038299
v 2.094320 0.000000 -8.134729
v 1.746458 0.000000 -8.216440
v 1.395437 0.000000 -8.283282
v 1.041890 0.000000 -8.335135
v 0.686457 0.000000 -8.371904
v 0.329783 0.000000 -8.393524
v -0.027489 0.000000 -8.399955
v -0.384710 0.000000 -8.391186
v -0.741236 0.000000 -8.367231
v -1.096420 0.000000 -8.328136
v -1.449620 0.000000 -8.273972
v -1.800197 0.000000 -8.204834
v -2.147516 0.000000 -8.120849
v -2.490949 0.000000 -8.022167
v -2.829875 0.000000 -7.908970
v -3.163679 0.000000 -7.781461
v -3.491759 0.000000 -7.639870
v -3.813520 0.000000 -7.484455
vn -0.453990 -0.000000 0.891007
vn -0.415686 -0.000000 0.909508
vn -0.376628 -0.000000 0.926364
vn -0.336890 -0.000000 0.941544
vn -0.296542 -0.000000 0.955020
vn -0.255657 -0.000000 0.966768
vn -0.214309 -0.000000 0.976766
vn -0.172574 -0.000000 0.984997
vn -0.130526 -0.000000 0.991445
vn -0.088242 -0.000000 0.996099
vn -0.045799 -0.000000 0.998951
vn -0.003272 -0.000000 0.999995
vn 0.039260 -0.000000 0.999229
vn 0.081721 -0.000000 0.996655
vn 0.124034 -0.000000 0.992278
vn 0.166123 -0.000000 0.986105
vn 0.207912 -0.000000 0.978148
vn 0.249324 -0.000000 0.968420
vn 0.290285 -0.000000 0.956940
vn 0.330720 -0.000000 0.943729
vn 0.370557 -0.000000 0.928810
vn 0.409724 -0.000000 0.912210
vn 0.448149 -0.000000 0.893959
vn 0.485763 -0.000000 0.874090
vn 0.522499 -0.000000 0.852640
vn 0.558288 -0.000000 0.829647
vn 0.593068 -0.000000 0.805153
vn 0.626774 -0.000000 0.779201
vn 0.659346 -0.000000 0.751840
vn 0.690725 -0.000000 0.723118
vn 0.720854 -0.000000 0.693087
vn 0.749678 -0.000000 0.661803
vn 0.777146 -0.000000 0.629320
vn 0.803208 -0.000000 0.595699
vn 0.827816 -0.000000 0.561000
vn 0.850926 -0.000000 0.525286
vn 0.872496 -0.000000 0.488621
vn 0.892487 -0.000000 0.451072
vn 0.910864 -0.000000 0.412707
vn 0.927592 -0.000000 0.373595
vn 0.942641 -0.000000 0.333807
vn 0.955985 -0.000000 0.293415
vn 0.967599 -0.000000 0.252492
vn 0.977462 -0.000000 0.211112
vn 0.985556 -0.000000 0.169350
vn 0.991867 -0.000000 0.127281
vn 0.996382 -0.000000 0.084982
vn 0.999095 -0.000000 0.042530
vn 1.000000 -0.000000 0.000000
vn 0.999095 0.000000 -0.042530
vn 0.996382 0.000000 -0.084982
vn 0.991867 0.000000 -0.127281
vn 0.985556 0.000000 -0.169350
vn 0.977462 0.000000 -0.211112
vn 0.967599 0.000000 -0.252492
vn 0.955985 0.000000 -0.293415
vn 0.942641 0.000000 -0.333807
vn 0.927592 0.000000 -0.373595
vn 0.910864 0.000000 -0.412707
vn 0.892487 0.000000 -0.451072
vn 0.872496 0.000000 -0.488621
vn 0.850926 0.000000 -0.525286
vn 0.827816 0.000000 -0.561000
vn 0.803208 0.000000 -0.595699
vn 0.777146 0.000000 -0.629320
vn 0.749678 0.000000 -0.661803
vn 0.720854 0.000000 -0.693087
vn 0.690725 0.000000 -0.723118
vn 0.659346 0.000000 -0.751840
vn 0.626774 0.000000 -0.779201
vn 0.593068 0.000000 -0.805153
vn 0.558288 0.000000 -0.829647
vn 0.522499 0.000000 -0.852640
vn 0.485763 0.000000 -0.874090
vn 0.448149 0.000000 -0.893959
vn 0.409724 0.000000 -0.912210
vn 0.370557 0.000000 -0.928810
vn 0.330720 0.000000 -0.943729
vn 0.290285 0.000000 -0.956940
vn 0.249324 0.000000 -0.968420
vn 0.207912 0.000000 -0.978148
vn 0.166123 0.000000 -0.986105
vn 0.124034 0.000000 -0.992278
vn 0.081721 0.000000 -0.996655
vn 0.039260 0.000000 -0.999229
vn -0.003272 0.000000 -0.999995
vn -0.045799 0.000000 -0.998951
vn -0.088242 0.000000 -0.996099
vn -0.130526 0.000000 -0.991445
vn -0.172574 0.000000 -0.984997
vn -0.214309 0.000000 -0.976766
vn -0.255657 0.000000 -0.966768
vn -0.296542 0.000000 -0.955020
vn -0.336890 0.000000 -0.941544
vn -0.376629 0.000000 -0.926364
vn -0.415686 0.000000 -0.909508
vn -0.453991 0.000000 -0.891007
vn -0.438521 0.258819 0.860646
vn -0.401521 0.258819 0.878518
vn -0.363795 0.258819 0.894799
vn -0.325411 0.258819 0.909462
vn -0.286437 0.258819 0.922478
vn -0.246945 0.258819 0.933826
vn -0.207007 0.258819 0.943483
vn -0.166693 0.258819 0.951434
vn -0.126079 0.258819 0.957662
vn -0.085236 0.258819 0.962158
vn -0.044238 0.258819 0.964912
vn -0.003161 0.258819 0.965921
vn 0.037922 0.258819 0.965181
vn 0.078937 0.258819 0.962695
vn 0.119808 0.258819 0.958467
vn 0.160463 0.258819 0.952504
vn 0.200827 0.258819 0.944818
vn 0.240828 0.258819 0.935422
vn 0.280393 0.258819 0.924333
vn 0.319451 0.258819 0.911572
vn 0.357931 0.258819 0.897161
vn 0.395763 0.258819 0.881127
vn 0.432879 0.258819 0.863498
vn 0.469211 0.258819 0.844306
vn 0.504695 0.258819 0.823587
vn 0.539265 0.258819 0.801378
vn 0.572859 0.258819 0.777718
vn 0.605417 0.258819 0.752651
vn 0.636879 0.258819 0.726222
vn 0.667189 0.258819 0.698478
vn 0.696291 0.258819 0.669471
vn 0.724133 0.258819 0.639252
vn 0.750665 0.258819 0.607877
vn 0.775839 0.258819 0.575401
vn 0.799609 0.258819 0.541885
vn 0.821931 0.258819 0.507387
vn 0.842766 0.258819 0.471972
vn 0.862077 0.258819 0.435702
vn 0.879827 0.258819 0.398644
vn 0.895985 0.258819 0.360865
vn 0.910522 0.258819 0.322433
vn 0.923411 0.258819 0.283417
vn 0.934629 0.258819 0.243888
vn 0.944156 0.258819 0.203918
vn 0.951974 0.258819 0.163579
vn 0.958070 0.258819 0.122944
vn 0.962432 0.258819 0.082086
vn 0.965052 0.258819 0.041080
vn 0.965926 0.258819 -0.000000
vn 0.965052 0.258819 -0.041080
vn 0.962432 0.258819 -0.082086
vn 0.958070 0.258819 -0.122944
vn 0.951974 0.258819 -0.163579
vn 0.944156 0.258819 -0.203918
vn 0.934629 0.258819 -0.243888
vn 0.923411 0.258819 -0.283417
vn 0.910522 0.258819 -0.322433
vn 0.895985 0.258819 -0.360865
vn 0.879827 0.258819 -0.398644
vn 0.862077 0.258819 -0.435702
vn 0.842766 0.258819 -0.471972
vn 0.821931 0.258819 -0.507387
vn 0.799609 0.258819 -0.541885
vn 0.775839 0.258819 -0.575401
vn 0.750665 0.258819 -0.607877
vn 0.724133 0.258819 -0.639252
vn 0.696291 0.258819 -0.669471
vn 0.667189 0.258819 -0.698478
vn 0.636879 0.258819 -0.726222
vn 0.605417 0.258819 -0.752651
vn 0.572859 0.258819 -0.777718
vn 0.539265 0.258819 -0.801378
vn 0.504695 0.258819 -0.823587
vn 0.469211 0.258819 -0.844306
vn 0.432879 0.258819 -0.863498
vn 0.395763 0.258819 -0.881127
vn 0.357931 0.258819 -0.897161
vn 0.319451 0.258819 -0.911572
vn 0.280393 0.258819 -0.924333
vn 0.240828 0.258819 -0.935422
vn 0.200827 0.258819 -0.944818
vn 0.160463 0.258819 -0.952504
vn 0.119808 0.258819 -0.958467
vn 0.078936 0.258819 -0.962695
vn 0.037922 0.258819 -0.965181
vn -0.003161 0.258819 -0.965921
vn -0.044238 0.258819 -0.964912
vn -0.085236 0.258819 -0.962158
vn -0.126079 0.258819 -0.957662
vn -0.166693 0.258819 -0.951434
vn -0.207007 0.258819 -0.943483
vn -0.246945 0.258819 -0.933826
vn -0.286437 0.258819 -0.922478
vn -0.325411 0.258819 -0.909462
vn -0.363795 0.258819 -0.894799
vn -0.401521 0.258819 -0.878518
vn -0.438521 0.258819 -0.860646
vn -0.393167 0.500000 0.771634
vn -0.359994 0.500000 0.787657
vn -0.326170 0.500000 0.802255
vn -0.291755 0.500000 0.815401
vn -0.256813 0.500000 0.827072
vn -0.221405 0.500000 0.837245
vn -0.185597 0.500000 0.845904
vn -0.149453 0.500000 0.853032
vn -0.113039 0.500000 0.858616
vn -0.076420 0.500000 0.862647
vn -0.039663 0.500000 0.865117
vn -0.002834 0.500000 0.866021
vn 0.034000 0.500000 0.865358
vn 0.070773 0.500000 0.863129
vn 0.107417 0.500000 0.859338
vn 0.143867 0.500000 0.853992
vn 0.180057 0.500000 0.847101
vn 0.215921 0.500000 0.838676
vn 0.251394 0.500000 0.828735
vn 0.286412 0.500000 0.817293
vn 0.320912 0.500000 0.804373
vn 0.354831 0.500000 0.789997
vn 0.388109 0.500000 0.774191
vn 0.420683 0.500000 0.756984
vn 0.452497 0.500000 0.738408
vn 0.483492 0.500000 0.718495
vn 0.513612 0.500000 0.697283
vn 0.542802 0.500000 0.674808
vn 0.571010 0.500000 0.651112
vn 0.598185 0.500000 0.626238
vn 0.624278 0.500000 0.600231
vn 0.649240 0.500000 0.573138
vn 0.673028 0.500000 0.545007
vn 0.695598 0.500000 0.515891
vn 0.716909 0.500000 0.485840
vn 0.736923 0.500000 0.454911
vn 0.755604 0.500000 0.423158
vn 0.772917 0.500000 0.390640
vn 0.788831 0.500000 0.357415
vn 0.803318 0.500000 0.323543
vn 0.816351 0.500000 0.289085
vn 0.827908 0.500000 0.254105
vn 0.837965 0.500000 0.218664
vn 0.846507 0.500000 0.182828
vn 0.853517 0.500000 0.146661
vn 0.858982 0.500000 0.110229
vn 0.862893 0.500000 0.073597
vn 0.865242 0.500000 0.036832
vn 0.866025 0.500000 -0.000000
vn 0.865242 0.500000 -0.036832
vn 0.862893 0.500000 -0.073597
vn 0.858982 0.500000 -0.110229
vn 0.853517 0.500000 -0.146661
vn 0.846507 0.500000 -0.182828
vn 0.837965 0.500000 -0.218664
vn 0.827908 0.500000 -0.254105
vn 0.816351 0.500000 -0.289085
vn 0.803318 0.500000 -0.323543
vn 0.788831 0.500000 -0.357415
vn 0.772917 0.500000 -0.390640
vn 0.755604 0.500000 -0.423158
vn 0.736923 0.500000 -0.454911
vn 0.716909 0.500000 -0.485840
vn 0.695598 0.500000 -0.515891
vn 0.673028 0.500000 -0.545007
vn 0.649240 0.500000 -0.573138
vn 0.624278 0.500000 -0.600231
vn 0.598185 0.500000 -0.626238
vn 0.571010 0.500000 -0.651112
vn 0.542802 0.500000 -0.674808
vn 0.513612 0.500000 -0.697283
vn 0.483492 0.500000 -0.718495
vn 0.452497 0.500000 -0.738408
vn 0.420683 0.500000 -0.756984
vn 0.388109 0.500000 -0.774191
vn 0.354831 0.500000 -0.789997
vn 0.320912 0.500000 -0.804373
vn 0.286412 0.500000 -0.817293
vn 0.251394 0.500000 -0.828735
vn 0.215921 0.500000 -0.838676
vn 0.180057 0.500000 -0.847101
vn 0.143867 0.500000 -0.853992
vn 0.107417 0.500000 -0.859338
vn 0.070773 0.500000 -0.863129
vn 0.034000 0.500000 -0.865358
vn -0.002834 0.500000 -0.866021
vn -0.039663 0.500000 -0.865117
vn -0.076420 0.500000 -0.862647
vn -0.113039 0.500000 -0.858616
vn -0.149453 0.500000 -0.853032
vn -0.185597 0.500000 -0.845904
vn -0.221405 0.500000 -0.837245
vn -0.256813 0.500000 -0.827072
vn -0.291755 0.500000 -0.815401
vn -0.326170 0.500000 -0.802255
vn -0.359994 0.500000 -0.787657
vn -0.393167 0.500000 -0.771634
vn -0.321020 0.707107 0.630037
vn -0.293934 0.707107 0.643120
vn -0.266317 0.707107 0.655039
vn -0.238217 0.707107 0.665772
vn -0.209687 0.707107 0.675301
vn -0.180777 0.707107 0.683608
vn -0.151539 0.707107 0.690678
vn -0.122028 0.707107 0.696498
vn -0.092296 0.707107 0.701057
vn -0.062397 0.707107 0.704348
vn -0.032385 0.707107 0.706365
vn -0.002314 0.707107 0.707103
vn 0.027761 0.707107 0.706562
vn 0.057786 0.707107 0.704742
vn 0.087706 0.707107 0.701646
vn 0.117467 0.707107 0.697281
vn 0.147016 0.707107 0.691655
vn 0.176299 0.707107 0.684776
vn 0.205262 0.707107 0.676659
vn 0.233855 0.707107 0.667317
vn 0.262024 0.707107 0.656768
vn 0.289719 0.707107 0.645030
vn 0.316889 0.707107 0.632124
vn 0.343487 0.707107 0.618075
vn 0.369462 0.707107 0.602908
vn 0.394769 0.707107 0.586649
vn 0.419362 0.707107 0.569329
vn 0.443196 0.707107 0.550978
vn 0.466228 0.707107 0.531631
vn 0.488416 0.707107 0.511322
vn 0.509720 0.707107 0.490087
vn 0.530102 0.707107 0.467965
vn 0.549525 0.707107 0.444997
vn 0.567954 0.707107 0.421223
vn 0.585354 0.707107 0.396687
vn 0.601695 0.707107 0.371433
vn 0.616948 0.707107 0.345507
vn 0.631084 0.707107 0.318956
vn 0.644078 0.707107 0.291828
vn 0.655907 0.707107 0.264172
vn 0.666548 0.707107 0.236037
vn 0.675984 0.707107 0.207476
vn 0.684196 0.707107 0.178539
vn 0.691170 0.707107 0.149278
vn 0.696893 0.707107 0.119748
vn 0.701356 0.707107 0.090001
vn 0.704549 0.707107 0.060091
vn 0.706467 0.707107 0.030073
vn 0.707107 0.707107 0.000000
vn 0.706467 0.707107 -0.030073
vn 0.704549 0.707107 -0.060091
vn 0.701356 0.707107 -0.090001
vn 0.696893 0.707107 -0.119748
vn 0.691170 0.707107 -0.149278
vn 0.684196 0.707107 -0.178539
vn 0.675984 0.707107 -0.207476
vn 0.666548 0.707107 -0.236037
vn 0.655907 0.707107 -0.264172
vn 0.644078 0.707107 -0.291828
vn 0.631084 0.707107 -0.318956
vn 0.616948 0.707107 -0.345507
vn 0.601695 0.707107 -0.371433
vn 0.585354 0.707107 -0.396687
vn 0.567953 0.707107 -0.421223
vn 0.549525 0.707107 -0.444997
vn 0.530102 0.707107 -0.467965
vn 0.509720 0.707107 -0.490087
vn 0.488416 0.707107 -0.511322
vn 0.466228 0.707107 -0.531631
vn 0.443196 0.707107 -0.550978
vn 0.419362 0.707107 -0.569329
vn 0.394769 0.707107 -0.586649
vn 0.369462 0.707107 -0.602908
vn 0.343487 0.707107 -0.618075
vn 0.316889 0.707107 -0.632124
vn 0.289719 0.707107 -0.645030
vn 0.262024 0.707107 -0.656768
vn 0.233855 0.707107 -0.667317
vn 0.205262 0.707107 -0.676659
vn 0.176299 0.707107 -0.684776
vn 0.147016 0.707107 -0.691655
vn 0.117467 0.707107 -0.697282
vn 0.087706 0.707107 -0.701646
vn 0.057786 0.707107 -0.704742
vn 0.027761 0.707107 -0.706562
vn -0.002314 0.707107 -0.707103
vn -0.032385 0.707107 -0.706365
vn -0.062397 0.707107 -0.704348
vn -0.092296 0.707107 -0.701057
vn -0.122028 0.707107 -0.696498
vn -0.151539 0.707107 -0.690678
vn -0.180777 0.707107 -0.683608
vn -0.209687 0.707107 -0.675301
vn -0.238217 0.707107 -0.665772
vn -0.266317 0.707107 -0.655039
vn -0.293934 0.707107 -0.643120
vn -0.321020 0.707107 -0.630037
vn -0.226995 0.866025 0.445503
vn -0.207843 0.866025 0.454754
vn -0.188314 0.866025 0.463182
vn -0.168445 0.866025 0.470772
vn -0.148271 0.866025 0.477510
vn -0.127828 0.866025 0.483384
vn -0.107155 0.866025 0.488383
vn -0.086287 0.866025 0.492498
vn -0.065263 0.866025 0.495722
vn -0.044121 0.866025 0.498050
vn -0.022899 0.866025 0.499475
vn -0.001636 0.866025 0.499997
vn 0.019630 0.866025 0.499615
vn 0.040861 0.866025 0.498328
vn 0.062017 0.866025 0.496139
vn 0.083062 0.866025 0.493052
vn 0.103956 0.866025 0.489074
vn 0.124662 0.866025 0.484210
vn 0.145142 0.866025 0.478470
vn 0.165360 0.866025 0.471864
vn 0.185279 0.866025 0.464405
vn 0.204862 0.866025 0.456105
vn 0.224075 0.866025 0.446979
vn 0.242882 0.866025 0.437045
vn 0.261249 0.866025 0.426320
vn 0.279144 0.866025 0.414824
vn 0.296534 0.866025 0.402576
vn 0.313387 0.866025 0.389601
vn 0.329673 0.866025 0.375920
vn 0.345362 0.866025 0.361559
vn 0.360427 0.866025 0.346544
vn 0.374839 0.866025 0.330901
vn 0.388573 0.866025 0.314660
vn 0.401604 0.866025 0.297850
vn 0.413908 0.866025 0.280500
vn 0.425463 0.866025 0.262643
vn 0.436248 0.866025 0.244311
vn 0.446244 0.866025 0.225536
vn 0.455432 0.866025 0.206354
vn 0.463796 0.866025 0.186797
vn 0.471321 0.866025 0.166903
vn 0.477993 0.866025 0.146707
vn 0.483800 0.866025 0.126246
vn 0.488731 0.866025 0.105556
vn 0.492778 0.866025 0.084675
vn 0.495933 0.866025 0.063640
vn 0.498191 0.866025 0.042491
vn 0.499548 0.866025 0.021265
vn 0.500000 0.866025 0.000000
vn 0.499548 0.866025 -0.021265
vn 0.498191 0.866025 -0.042491
vn 0.495933 0.866025 -0.063641
vn 0.492778 0.866025 -0.084675
vn 0.488731 0.866025 -0.105556
vn 0.483800 0.866025 -0.126246
vn 0.477993 0.866025 -0.146707
vn 0.471321 0.866025 -0.166903
vn 0.463796 0.866025 -0.186797
vn 0.455432 0.866025 -0.206354
vn 0.446244 0.866025 -0.225536
vn 0.436248 0.866025 -0.244311
vn 0.425463 0.866025 -0.262643
vn 0.413908 0.866025 -0.280500
vn 0.401604 0.866025 -0.297850
vn 0.388573 0.866025 -0.314660
vn 0.374839 0.866025 -0.330901
vn 0.360427 0.866025 -0.346544
vn 0.345362 0.866025 -0.361559
vn 0.329673 0.866025 -0.375920
vn 0.313387 0.866025 -0.389601
vn 0.296534 0.866025 -0.402576
vn 0.279144 0.866025 -0.414824
vn 0.261249 0.866025 -0.426320
vn 0.242882 0.866025 -0.437045
vn 0.224075 0.866025 -0.446979
vn 0.204862 0.866025 -0.456105
vn 0.185279 0.866025 -0.464405
vn 0.165360 0.866025 -0.471864
vn 0.145142 0.866025 -0.478470
vn 0.124662 0.866025 -0.484210
vn 0.103956 0.866025 -0.489074
vn 0.083062 0.866025 -0.493052
vn 0.062017 0.866025 -0.496139
vn 0.040861 0.866025 -0.498328
vn 0.019630 0.866025 -0.499615
vn -0.001636 0.866025 -0.499997
vn -0.022899 0.866025 -0.499475
vn -0.044121 0.866025 -0.498050
vn -0.065263 0.866025 -0.495722
vn -0.086287 0.866025 -0.492498
vn -0.107155 0.866025 -0.488383
vn -0.127828 0.866025 -0.483384
vn -0.148271 0.866025 -0.477510
vn -0.168445 0.866025 -0.470772
vn -0.188314 0.866025 -0.463182
vn -0.207843 0.866025 -0.454754
vn -0.226995 0.866025 -0.445503
vn -0.117501 0.965926 0.230609
vn -0.107587 0.965926 0.235398
vn -0.097479 0.965926 0.239761
vn -0.087194 0.965926 0.243690
vn -0.076751 0.965926 0.247177
vn -0.066169 0.965926 0.250218
vn -0.055467 0.965926 0.252806
vn -0.044665 0.965926 0.254936
vn -0.033783 0.965926 0.256605
vn -0.022839 0.965926 0.257809
vn -0.011854 0.965926 0.258547
vn -0.000847 0.965926 0.258818
vn 0.010161 0.965926 0.258620
vn 0.021151 0.965926 0.257953
vn 0.032102 0.965926 0.256820
vn 0.042996 0.965926 0.255223
vn 0.053812 0.965926 0.253163
vn 0.064530 0.965926 0.250646
vn 0.075131 0.965926 0.247674
vn 0.085597 0.965926 0.244255
vn 0.095907 0.965926 0.240394
vn 0.106044 0.965926 0.236097
vn 0.115990 0.965926 0.231374
vn 0.125725 0.965926 0.226231
vn 0.135233 0.965926 0.220680
vn 0.144496 0.965926 0.214728
vn 0.153497 0.965926 0.208389
vn 0.162221 0.965926 0.201672
vn 0.170651 0.965926 0.194590
vn 0.178773 0.965926 0.187157
vn 0.186571 0.965926 0.179384
vn 0.194031 0.965926 0.171287
vn 0.201140 0.965926 0.162880
vn 0.207885 0.965926 0.154178
vn 0.214254 0.965926 0.145198
vn 0.220236 0.965926 0.135954
vn 0.225819 0.965926 0.126464
vn 0.230993 0.965926 0.116746
vn 0.235749 0.965926 0.106816
vn 0.240078 0.965926 0.096693
vn 0.243974 0.965926 0.086396
vn 0.247427 0.965926 0.075941
vn 0.250433 0.965926 0.065350
vn 0.252986 0.965926 0.054640
vn 0.255081 0.965926 0.043831
vn 0.256714 0.965926 0.032943
vn 0.257883 0.965926 0.021995
vn 0.258585 0.965926 0.011007
vn 0.258819 0.965926 0.000000
vn 0.258585 0.965926 -0.011007
vn 0.257883 0.965926 -0.021995
vn 0.256714 0.965926 -0.032943
vn 0.255081 0.965926 -0.043831
vn 0.252986 0.965926 -0.054640
vn 0.250433 0.965926 -0.065350
vn 0.247427 0.965926 -0.075941
vn 0.243974 0.965926 -0.086396
vn 0.240078 0.965926 -0.096693
vn 0.235749 0.965926 -0.106816
vn 0.230993 0.965926 -0.116746
vn 0.225819 0.965926 -0.126464
vn 0.220236 0.965926 -0.135954
vn 0.214254 0.965926 -0.145198
vn 0.207885 0.965926 -0.154178
vn 0.201140 0.965926 -0.162880
vn 0.194031 0.965926 -0.171287
vn 0.186571 0.965926 -0.179384
vn 0.178773 0.965926 -0.187157
vn 0.170651 0.965926 -0.194590
vn 0.162221 0.965926 -0.201672
vn 0.153497 0.965926 -0.208389
vn 0.144496 0.965926 -0.214728
vn 0.135233 0.965926 -0.220680
vn 0.125725 0.965926 -0.226231
vn 0.115990 0.965926 -0.231374
vn 0.106044 0.965926 -0.236097
vn 0.095907 0.965926 -0.240394
vn 0.085597 0.965926 -0.244255
vn 0.075131 0.965926 -0.247674
vn 0.064530 0.965926 -0.250646
vn 0.053812 0.965926 -0.253163
vn 0.042996 0.965926 -0.255223
vn 0.032102 0.965926 -0.256820
vn 0.021151 0.965926 -0.257953
vn 0.010161 0.965926 -0.258620
vn -0.000847 0.965926 -0.258818
vn -0.011854 0.965926 -0.258547
vn -0.022839 0.965926 -0.257809
vn -0.033783 0.965926 -0.256605
vn -0.044665 0.965926 -0.254936
vn -0.055467 0.965926 -0.252806
vn -0.066169 0.965926 -0.250218
vn -0.076751 0.965926 -0.247177
vn -0.087194 0.965926 -0.243690
vn -0.097479 0.965926 -0.239761
vn -0.107587 0.965926 -0.235398
vn -0.117501 0.965926 -0.230609
vn 0.000000 1.000000 0.000000
vn 0.000000 1.000000 0.000000
vn 0.000000 1.000000 0.000000
vn 0.000000 1.000000 0.000000
vn 0.000000 1.000000 0.000000
vn 0.000000 1.000000 0.000000
vn 0.000000 1.000000 0.000000
vn 0.000000 1.000000 0.000000
vn 0.000000 1.000000 0.000000
vn 0.000000 1.000000 0.000000
vn 0.000000 1.000000 0.000000
vn 0.000000 1.000000 0.000000
vn 0.000000 1.000000 0.000000
vn 0.000000 1.000000 0.000000
vn 0.000000 1.000000 0.000000
vn 0.000000 1.000000 0.000000
vn 0.000000 1.000000 0.000000
vn 0.000000 1.000000 0.000000
vn 0.000000 1.000000 0.000000
vn 0.000000 1.000000 0.000000
vn 0.000000 1.000000 0.000000
vn 0.000000 1.000000 0.000000
vn 0.000000 1.000000 0.000000
vn 0.000000 1.000000 0.000000
vn 0.000000 1.000000 0.000000
vn 0.000000 1.000000 0.000000
vn 0.000000 1.000000 0.000000
vn 0.000000 1.000000 0.000000
vn 0.000000 1.000000 0.000000
vn 0.000000 1.000000 0.000000
vn 0.000000 1.000000 0.000000
vn 0.000000 1.000000 0.000000
vn 0.000000 1.000000 0.000000
vn 0.000000 1.000000 0.000000
vn 0.000000 1.000000 0.000000
vn 0.000000 1.000000 0.000000
vn 0.000000 1.000000 0.000000
vn 0.000000 1.000000 0.000000
vn 0.000000 1.000000 0.000000
vn 0.000000 1.000000 0.000000
vn 0.000000 1.000000 0.000000
vn 0.000000 1.000000 0.000000
vn 0.000000 1.000000 0.000000
vn 0.000000 1.000000 0.000000
vn 0.000000 1.000000 0.000000
vn 0.000000 1.000000 0.000000
vn 0.000000 1.000000 0.000000
vn 0.000000 1.000000 0.000000
vn 0.000000 1.000000 0.000000
vn 0.000000 1.000000 0.000000
vn 0.000000 1.000000 0.000000
vn 0.000000 1.000000 0.000000
vn 0.000000 1.000000 0.000000
vn 0.000000 1.000000 0.000000
vn 0.000000 1.000000 0.000000
vn 0.000000 1.000000 0.000000
vn 0.000000 1.000000 0.000000
vn 0.000000 1.000000 0.000000
vn 0.000000 1.000000 0.000000
vn 0.000000 1.000000 0.000000
vn 0.000000 1.000000 0.000000
vn 0.000000 1.000000 0.000000
vn 0.000000 1.000000 0.000000
vn 0.000000 1.000000 0.000000
vn 0.000000 1.000000 0.000000
vn 0.000000 1.000000 0.000000
vn 0.000000 1.000000 0.000000
vn 0.000000 1.000000 0.000000
vn 0.000000 1.000000 0.000000
vn 0.000000 1.000000 0.000000
vn 0.000000 1.000000 0.000000
vn 0.000000 1.000000 0.000000
vn 0.000000 1.000000 0.000000
vn 0.000000 1.000000 0.000000
vn 0.000000 1.000000 0.000000
vn 0.000000 1.000000 0.000000
vn 0.000000 1.000000 0.000000
vn 0.000000 1.000000 0.000000
vn 0.000000 1.000000 0.000000
vn 0.000000 1.000000 0.000000
vn 0.000000 1.000000 0.000000
vn 0.000000 1.000000 0.000000
vn 0.000000 1.000000 0.000000
vn 0.000000 1.000000 0.000000
vn 0.000000 1.000000 0.000000
vn 0.000000 1.000000 0.000000
vn 0.000000 1.000000 0.000000
vn 0.000000 1.000000 0.000000
vn 0.000000 1.000000 0.000000
vn 0.000000 1.000000 0.000000
vn 0.000000 1.000000 0.000000
vn 0.000000 1.000000 0.000000
vn 0.000000 1.000000 0.000000
vn 0.000000 1.000000 0.000000
vn 0.000000 1.000000 0.000000
vn 0.000000 1.000000 0.000000
vn 0.000000 1.000000 0.000000
vn 0.117501 0.965926 -0.230609
vn 0.107587 0.965926 -0.235398
vn 0.097479 0.965926 -0.239761
vn 0.087194 0.965926 -0.243690
vn 0.076751 0.965926 -0.247177
vn 0.066169 0.965926 -0.250218
vn 0.055467 0.965926 -0.252806
vn 0.044665 0.965926 -0.254936
vn 0.033783 0.965926 -0.256605
vn 0.022839 0.965926 -0.257809
vn 0.011854 0.965926 -0.258547
vn 0.000847 0.965926 -0.258818
vn -0.010161 0.965926 -0.258620
vn -0.021151 0.965926 -0.257953
vn -0.032102 0.965926 -0.256820
vn -0.042996 0.965926 -0.255223
vn -0.053812 0.965926 -0.253163
vn -0.064530 0.965926 -0.250646
vn -0.075131 0.965926 -0.247674
vn -0.085597 0.965926 -0.244255
vn -0.095907 0.965926 -0.240394
vn -0.106044 0.965926 -0.236097
vn -0.115990 0.965926 -0.231374
vn -0.125725 0.965926 -0.226231
vn -0.135233 0.965926 -0.220680
vn -0.144496 0.965926 -0.214728
vn -0.153497 0.965926 -0.208389
vn -0.162221 0.965926 -0.201672
vn -0.170651 0.965926 -0.194590
vn -0.178773 0.965926 -0.187157
vn -0.186571 0.965926 -0.179384
vn -0.194031 0.965926 -0.171287
vn -0.201140 0.965926 -0.162880
vn -0.207885 0.965926 -0.154178
vn -0.214254 0.965926 -0.145198
vn -0.220236 0.965926 -0.135954
vn -0.225819 0.965926 -0.126464
vn -0.230993 0.965926 -0.116746
vn -0.235749 0.965926 -0.106816
vn -0.240078 0.965926 -0.096693
vn -0.243974 0.965926 -0.086396
vn -0.247427 0.965926 -0.075941
vn -0.250433 0.965926 -0.065350
vn -0.252986 0.965926 -0.054640
vn -0.255081 0.965926 -0.043831
vn -0.256714 0.965926 -0.032943
vn -0.257883 0.965926 -0.021995
vn -0.258585 0.965926 -0.011007
vn -0.258819 0.965926 -0.000000
vn -0.258585 0.965926 0.011007
vn -0.257883 0.965926 0.021995
vn -0.256714 0.965926 0.032943
vn -0.255081 0.965926 0.043831
vn -0.252986 0.965926 0.054640
vn -0.250433 0.965926 0.065350
vn -0.247427 0.965926 0.075941
vn -0.243974 0.965926 0.086396
vn -0.240078 0.965926 0.096693
vn -0.235749 0.965926 0.106816
vn -0.230993 0.965926 0.116746
vn -0.225819 0.965926 0.126464
vn -0.220236 0.965926 0.135954
vn -0.214254 0.965926 0.145198
vn -0.207885 0.965926 0.154178
vn -0.201140 0.965926 0.162880
vn -0.194031 0.965926 0.171287
vn -0.186571 0.965926 0.179384
vn -0.178773 0.965926 0.187157
vn -0.170651 0.965926 0.194590
vn -0.162221 0.965926 0.201672
vn -0.153497 0.965926 0.208389
vn -0.144496 0.965926 0.214728
vn -0.135233 0.965926 0.220680
vn -0.125725 0.965926 0.226231
vn -0.115990 0.965926 0.231374
vn -0.106044 0.965926 0.236097
vn -0.095907 0.965926 0.240394
vn -0.085597 0.965926 0.244255
vn -0.075131 0.965926 0.247674
vn -0.064530 0.965926 0.250646
vn -0.053812 0.965926 0.253163
vn -0.042996 0.965926 0.255223
vn -0.032102 0.965926 0.256820
vn -0.021151 0.965926 0.257953
vn -0.010161 0.965926 0.258620
vn 0.000847 0.965926 0.258818
vn 0.011854 0.965926 0.258547
vn 0.022839 0.965926 0.257809
vn 0.033783 0.965926 0.256605
vn 0.044665 0.965926 0.254936
vn 0.055467 0.965926 0.252806
vn 0.066169 0.965926 0.250218
vn 0.076751 0.965926 0.247177
vn 0.087194 0.965926 0.243690
vn 0.097479 0.965926 0.239761
vn 0.107587 0.965926 0.235398
vn 0.117501 0.965926 0.230609
vn 0.226995 0.866025 -0.445503
vn 0.207843 0.866025 -0.454754
vn 0.188314 0.866025 -0.463182
vn 0.168445 0.866025 -0.470772
vn 0.148271 0.866025 -0.477510
vn 0.127828 0.866025 -0.483384
vn 0.107155 0.866025 -0.488383
vn 0.086287 0.866025 -0.492498
vn 0.065263 0.866025 -0.495722
vn 0.044121 0.866025 -0.498050
vn 0.022899 0.866025 -0.499475
vn 0.001636 0.866025 -0.499997
vn -0.019630 0.866025 -0.499615
vn -0.040861 0.866025 -0.498328
vn -0.062017 0.866025 -0.496139
vn -0.083062 0.866025 -0.493052
vn -0.103956 0.866025 -0.489074
vn -0.124662 0.866025 -0.484210
vn -0.145142 0.866025 -0.478470
vn -0.165360 0.866025 -0.471864
vn -0.185279 0.866025 -0.464405
vn -0.204862 0.866025 -0.456105
vn -0.224075 0.866025 -0.446979
vn -0.242882 0.866025 -0.437045
vn -0.261249 0.866025 -0.426320
vn -0.279144 0.866025 -0.414824
vn -0.296534 0.866025 -0.402576
vn -0.313387 0.866025 -0.389601
vn -0.329673 0.866025 -0.375920
vn -0.345362 0.866025 -0.361559
vn -0.360427 0.866025 -0.346544
vn -0.374839 0.866025 -0.330901
vn -0.388573 0.866025 -0.314660
vn -0.401604 0.866025 -0.297850
vn -0.413908 0.866025 -0.280500
vn -0.425463 0.866025 -0.262643
vn -0.436248 0.866025 -0.244311
vn -0.446244 0.866025 -0.225536
vn -0.455432 0.866025 -0.206354
vn -0.463796 0.866025 -0.186797
vn -0.471321 0.866025 -0.166903
vn -0.477993 0.866025 -0.146707
vn -0.483800 0.866025 -0.126246
vn -0.488731 0.866025 -0.105556
vn -0.492778 0.866025 -0.084675
vn -0.495933 0.866025 -0.063640
vn -0.498191 0.866025 -0.042491
vn -0.499548 0.866025 -0.021265
vn -0.500000 0.866025 -0.000000
vn -0.499548 0.866025 0.021265
vn -0.498191 0.866025 0.042491
vn -0.495933 0.866025 0.063641
vn -0.492778 0.866025 0.084675
vn -0.488731 0.866025 0.105556
vn -0.483800 0.866025 0.126246
vn -0.477993 0.866025 0.146707
vn -0.471321 0.866025 0.166903
vn -0.463796 0.866025 0.186797
vn -0.455432 0.866025 0.206354
vn -0.446244 0.866025 0.225536
vn -0.436248 0.866025 0.244311
vn -0.425463 0.866025 0.262643
vn -0.413908 0.866025 0.280500
vn -0.401604 0.866025 0.297850
vn -0.388573 0.866025 0.314660
vn -0.374839 0.866025 0.330901
vn -0.360427 0.866025 0.346544
vn -0.345362 0.866025 0.361559
vn -0.329673 0.866025 0.375920
vn -0.313387 0.866025 0.389601
vn -0.296534 0.866025 0.402576
vn -0.279144 0.866025 0.414824
vn -0.261249 0.866025 0.426320
vn -0.242882 0.866025 0.437045
vn -0.224075 0.866025 0.446979
vn -0.204862 0.866025 0.456105
vn -0.185279 0.866025 0.464405
vn -0.165360 0.866025 0.471864
vn -0.145142 0.866025 0.478470
vn -0.124662 0.866025 0.484210
vn -0.103956 0.866025 0.489074
vn -0.083062 0.866025 0.493052
vn -0.062017 0.866025 0.496139
vn -0.040861 0.866025 0.498328
vn -0.019630 0.866025 0.499615
vn 0.001636 0.866025 0.499997
vn 0.022899 0.866025 0.499475
vn 0.044121 0.866025 0.498050
vn 0.065263 0.866025 0.495722
vn 0.086287 0.866025 0.492498
vn 0.107155 0.866025 0.488383
vn 0.127828 0.866025 0.483384
vn 0.148271 0.866025 0.477510
vn 0.168445 0.866025 0.470772
vn 0.188314 0.866025 0.463182
vn 0.207843 0.866025 0.454754
vn 0.226995 0.866025 0.445503
vn 0.321020 0.707107 -0.630037
vn 0.293934 0.707107 -0.643120
vn 0.266317 0.707107 -0.655039
vn 0.238217 0.707107 -0.665772
vn 0.209687 0.707107 -0.675301
vn 0.180777 0.707107 -0.683608
vn 0.151539 0.707107 -0.690678
vn 0.122028 0.707107 -0.696498
vn 0.092296 0.707107 -0.701057
vn 0.062397 0.707107 -0.704348
vn 0.032385 0.707107 -0.706365
vn 0.002314 0.707107 -0.707103
vn -0.027761 0.707107 -0.706562
vn -0.057786 0.707107 -0.704742
vn -0.087706 0.707107 -0.701646
vn -0.117467 0.707107 -0.697281
vn -0.147016 0.707107 -0.691655
vn -0.176299 0.707107 -0.684776
vn -0.205262 0.707107 -0.676659
vn -0.233855 0.707107 -0.667317
vn -0.262024 0.707107 -0.656768
vn -0.289719 0.707107 -0.645030
vn -0.316889 0.707107 -0.632124
vn -0.343487 0.707107 -0.618075
vn -0.369462 0.707107 -0.602908
vn -0.394769 0.707107 -0.586649
vn -0.419362 0.707107 -0.569329
vn -0.443196 0.707107 -0.550978
vn -0.466228 0.707107 -0.531631
vn -0.488416 0.707107 -0.511322
vn -0.509720 0.707107 -0.490087
vn -0.530102 0.707107 -0.467965
vn -0.549525 0.707107 -0.444997
vn -0.567954 0.707107 -0.421223
vn -0.585354 0.707107 -0.396687
vn -0.601695 0.707107 -0.371433
vn -0.616948 0.707107 -0.345507
vn -0.631084 0.707107 -0.318956
vn -0.644078 0.707107 -0.291828
vn -0.655907 0.707107 -0.264172
vn -0.666548 0.707107 -0.236037
vn -0.675984 0.707107 -0.207476
vn -0.684196 0.707107 -0.178539
vn -0.691170 0.707107 -0.149278
vn -0.696893 0.707107 -0.119748
vn -0.701356 0.707107 -0.090001
vn -0.704549 0.707107 -0.060091
vn -0.706467 0.707107 -0.030073
vn -0.707107 0.707107 -0.000000
vn -0.706467 0.707107 0.030073
vn -0.704549 0.707107 0.060091
vn -0.701356 0.707107 0.090001
vn -0.696893 0.707107 0.119748
vn -0.691170 0.707107 0.149278
vn -0.684196 0.707107 0.178539
vn -0.675984 0.707107 0.207476
vn -0.666548 0.707107 0.236037
vn -0.655907 0.707107 0.264172
vn -0.644078 0.707107 0.291828
vn -0.631084 0.707107 0.318956
vn -0.616948 0.707107 0.345507
vn -0.601695 0.707107 0.371433
vn -0.585354 0.707107 0.396687
vn -0.567953 0.707107 0.421223
vn -0.549525 0.707107 0.444997
vn -0.530102 0.707107 0.467965
vn -0.509720 0.707107 0.490087
vn -0.488416 0.707107 0.511322
vn -0.466228 0.707107 0.531631
vn -0.443196 0.707107 0.550978
vn -0.419362 0.707107 0.569329
vn -0.394769 0.707107 0.586649
vn -0.369462 0.707107 0.602908
vn -0.343487 0.707107 0.618075
vn -0.316889 0.707107 0.632124
vn -0.289719 0.707107 0.645030
vn -0.262024 0.707107 0.656768
vn -0.233855 0.707107 0.667317
vn -0.205262 0.707107 0.676659
vn -0.176299 0.707107 0.684776
vn -0.147016 0.707107 0.691655
vn -0.117467 0.707107 0.697282
vn -0.087706 0.707107 0.701646
vn -0.057786 0.707107 0.704742
vn -0.027761 0.707107 0.706562
vn 0.002314 0.707107 0.707103
vn 0.032385 0.707107 0.706365
vn 0.062397 0.707107 0.704348
vn 0.092296 0.707107 0.701057
vn 0.122028 0.707107 0.696498
vn 0.151539 0.707107 0.690678
vn 0.180777 0.707107 0.683608
vn 0.209687 0.707107 0.675301
vn 0.238217 0.707107 0.665772
vn 0.266317 0.707107 0.655039
vn 0.293934 0.707107 0.643120
vn 0.321020 0.707107 0.630037
vn 0.393167 0.500000 -0.771634
vn 0.359994 0.500000 -0.787657
vn 0.326170 0.500000 -0.802255
vn 0.291755 0.500000 -0.815401
vn 0.256813 0.500000 -0.827072
vn 0.221405 0.500000 -0.837245
vn 0.185597 0.500000 -0.845904
vn 0.149453 0.500000 -0.853032
vn 0.113039 0.500000 -0.858616
vn 0.076420 0.500000 -0.862647
vn 0.039663 0.500000 -0.865117
vn 0.002834 0.500000 -0.866021
vn -0.034000 0.500000 -0.865358
vn -0.070773 0.500000 -0.863129
vn -0.107417 0.500000 -0.859338
vn -0.143867 0.500000 -0.853992
vn -0.180057 0.500000 -0.847101
vn -0.215921 0.500000 -0.838676
vn -0.251394 0.500000 -0.828735
vn -0.286412 0.500000 -0.817293
vn -0.320912 0.500000 -0.804373
vn -0.354831 0.500000 -0.789997
vn -0.388109 0.500000 -0.774191
vn -0.420683 0.500000 -0.756984
vn -0.452497 0.500000 -0.738408
vn -0.483492 0.500000 -0.718495
vn -0.513612 0.500000 -0.697283
vn -0.542802 0.500000 -0.674808
vn -0.571010 0.500000 -0.651112
vn -0.598185 0.500000 -0.626238
vn -0.624278 0.500000 -0.600231
vn -0.649240 0.500000 -0.573138
vn -0.673028 0.500000 -0.545007
vn -0.695598 0.500000 -0.515891
vn -0.716909 0.500000 -0.485840
vn -0.736923 0.500000 -0.454911
vn -0.755604 0.500000 -0.423158
vn -0.772917 0.500000 -0.390640
vn -0.788831 0.500000 -0.357415
vn -0.803318 0.500000 -0.323543
vn -0.816351 0.500000 -0.289085
vn -0.827908 0.500000 -0.254105
vn -0.837965 0.500000 -0.218664
vn -0.846507 0.500000 -0.182828
vn -0.853517 0.500000 -0.146661
vn -0.858982 0.500000 -0.110229
vn -0.862893 0.500000 -0.073597
vn -0.865242 0.500000 -0.036832
vn -0.866025 0.500000 0.000000
vn -0.865242 0.500000 0.036832
vn -0.862893 0.500000 0.073597
vn -0.858982 0.500000 0.110229
vn -0.853517 0.500000 0.146661
vn -0.846507 0.500000 0.182828
vn -0.837965 0.500000 0.218664
vn -0.827908 0.500000 0.254105
vn -0.816351 0.500000 0.289085
vn -0.803318 0.500000 0.323543
vn -0.788831 0.500000 0.357415
vn -0.772917 0.500000 0.390640
vn -0.755604 0.500000 0.423158
vn -0.736923 0.500000 0.454911
vn -0.716909 0.500000 0.485840
vn -0.695598 0.500000 0.515891
vn -0.673028 0.500000 0.545007
vn -0.649240 0.500000 0.573138
vn -0.624278 0.500000 0.600231
vn -0.598185 0.500000 0.626238
vn -0.571010 0.500000 0.651112
vn -0.542802 0.500000 0.674808
vn -0.513612 0.500000 0.697283
vn -0.483492 0.500000 0.718495
vn -0.452497 0.500000 0.738408
vn -0.420683 0.500000 0.756984
vn -0.388109 0.500000 0.774191
vn -0.354831 0.500000 0.789997
vn -0.320912 0.500000 0.804373
vn -0.286412 0.500000 0.817293
vn -0.251394 0.500000 0.828735
vn -0.215921 0.500000 0.838676
vn -0.180057 0.500000 0.847101
vn -0.143867 0.500000 0.853992
vn -0.107417 0.500000 0.859338
vn -0.070773 0.500000 0.863129
vn -0.034000 0.500000 0.865358
vn 0.002834 0.500000 0.866021
vn 0.039663 0.500000 0.865117
vn 0.076420 0.500000 0.862647
vn 0.113039 0.500000 0.858616
vn 0.149453 0.500000 0.853032
vn 0.185597 0.500000 0.845904
vn 0.221405 0.500000 0.837245
vn 0.256813 0.500000 0.827072
vn 0.291755 0.500000 0.815401
vn 0.326170 0.500000 0.802255
vn 0.359994 0.500000 0.787657
vn 0.393167 0.500000 0.771634
vn 0.438521 0.258819 -0.860646
vn 0.401521 0.258819 -0.878518
vn 0.363795 0.258819 -0.894799
vn 0.325411 0.258819 -0.909462
vn 0.286437 0.258819 -0.922478
vn 0.246945 0.258819 -0.933826
vn 0.207007 0.258819 -0.943483
vn 0.166693 0.258819 -0.951434
vn 0.126079 0.258819 -0.957662
vn 0.085236 0.258819 -0.962158
vn 0.044238 0.258819 -0.964912
vn 0.003161 0.258819 -0.965921
vn -0.037922 0.258819 -0.965181
vn -0.078937 0.258819 -0.962695
vn -0.119808 0.258819 -0.958467
vn -0.160463 0.258819 -0.952504
vn -0.200827 0.258819 -0.944818
vn -0.240828 0.258819 -0.935422
vn -0.280393 0.258819 -0.924333
vn -0.319451 0.258819 -0.911572
vn -0.357931 0.258819 -0.897161
vn -0.395763 0.258819 -0.881127
vn -0.432879 0.258819 -0.863498
vn -0.469211 0.258819 -0.844306
vn -0.504695 0.258819 -0.823587
vn -0.539265 0.258819 -0.801378
vn -0.572859 0.258819 -0.777718
vn -0.605417 0.258819 -0.752651
vn -0.636879 0.258819 -0.726222
vn -0.667189 0.258819 -0.698478
vn -0.696291 0.258819 -0.669471
vn -0.724133 0.258819 -0.639252
vn -0.750665 0.258819 -0.607877
vn -0.775839 0.258819 -0.575401
vn -0.799609 0.258819 -0.541885
vn -0.821931 0.258819 -0.507387
vn -0.842766 0.258819 -0.471972
vn -0.862077 0.258819 -0.435702
vn -0.879827 0.258819 -0.398644
vn -0.895985 0.258819 -0.360865
vn -0.910522 0.258819 -0.322433
vn -0.923411 0.258819 -0.283417
vn -0.934629 0.258819 -0.243888
vn -0.944156 0.258819 -0.203918
vn -0.951974 0.258819 -0.163579
vn -0.958070 0.258819 -0.122944
vn -0.962432 0.258819 -0.082086
vn -0.965052 0.258819 -0.041080
vn -0.965926 0.258819 0.000000
vn -0.965052 0.258819 0.041080
vn -0.962432 0.258819 0.082086
vn -0.958070 0.258819 0.122944
vn -0.951974 0.258819 0.163579
vn -0.944156 0.258819 0.203918
vn -0.934629 0.258819 0.243888
vn -0.923411 0.258819 0.283417
vn -0.910522 0.258819 0.322433
vn -0.895985 0.258819 0.360865
vn -0.879827 0.258819 0.398644
vn -0.862077 0.258819 0.435702
vn -0.842766 0.258819 0.471972
vn -0.821931 0.258819 0.507387
vn -0.799609 0.258819 0.541885
vn -0.775839 0.258819 0.575401
vn -0.750665 0.258819 0.607877
vn -0.724133 0.258819 0.639252
vn -0.696291 0.258819 0.669471
vn -0.667189 0.258819 0.698478
vn -0.636879 0.258819 0.726222
vn -0.605417 0.258819 0.752651
vn -0.572859 0.258819 0.777718
vn -0.539265 0.258819 0.801378
vn -0.504695 0.258819 0.823587
vn -0.469211 0.258819 0.844306
vn -0.432879 0.258819 0.863498
vn -0.395763 0.258819 0.881127
vn -0.357931 0.258819 0.897161
vn -0.319451 0.258819 0.911572
vn -0.280393 0.258819 0.924333
vn -0.240828 0.258819 0.935422
vn -0.200827 0.258819 0.944818
vn -0.160463 0.258819 0.952504
vn -0.119808 0.258819 0.958467
vn -0.078936 0.258819 0.962695
vn -0.037922 0.258819 0.965181
vn 0.003161 0.258819 0.965921
vn 0.044238 0.258819 0.964912
vn 0.085236 0.258819 0.962158
vn 0.126079 0.258819 0.957662
vn 0.166693 0.258819 0.951434
vn 0.207007 0.258819 0.943483
vn 0.246945 0.258819 0.933826
vn 0.286437 0.258819 0.922478
vn 0.325411 0.258819 0.909462
vn 0.363795 0.258819 0.894799
vn 0.401521 0.258819 0.878518
vn 0.438521 0.258819 0.860646
vn 0.453990 0.000000 -0.891007
vn 0.415686 0.000000 -0.909508
vn 0.376628 0.000000 -0.926364
vn 0.336890 0.000000 -0.941544
vn 0.296542 0.000000 -0.955020
vn 0.255657 0.000000 -0.966768
vn 0.214309 0.000000 -0.976766
vn 0.172574 0.000000 -0.984997
vn 0.130526 0.000000 -0.991445
vn 0.088242 0.000000 -0.996099
vn 0.045799 0.000000 -0.998951
vn 0.003272 0.000000 -0.999995
vn -0.039260 0.000000 -0.999229
vn -0.081721 0.000000 -0.996655
vn -0.124034 0.000000 -0.992278
vn -0.166123 0.000000 -0.986105
vn -0.207912 0.000000 -0.978148
vn -0.249324 0.000000 -0.968420
vn -0.290285 0.000000 -0.956940
vn -0.330720 0.000000 -0.943729
vn -0.370557 0.000000 -0.928810
vn -0.409724 0.000000 -0.912210
vn -0.448149 0.000000 -0.893959
vn -0.485763 0.000000 -0.874090
vn -0.522499 0.000000 -0.852640
vn -0.558288 0.000000 -0.829647
vn -0.593068 0.000000 -0.805153
vn -0.626774 0.000000 -0.779201
vn -0.659346 0.000000 -0.751840
vn -0.690725 0.000000 -0.723118
vn -0.720854 0.000000 -0.693087
vn -0.749678 0.000000 -0.661803
vn -0.777146 0.000000 -0.629320
vn -0.803208 0.000000 -0.595699
vn -0.827816 0.000000 -0.561000
vn -0.850926 0.000000 -0.525286
vn -0.872496 0.000000 -0.488621
vn -0.892487 0.000000 -0.451072
vn -0.910864 0.000000 -0.412707
vn -0.927592 0.000000 -0.373595
vn -0.942641 0.000000 -0.333807
vn -0.955985 0.000000 -0.293415
vn -0.967599 0.000000 -0.252492
vn -0.977462 0.000000 -0.211112
vn -0.985556 0.000000 -0.169350
vn -0.991867 0.000000 -0.127281
vn -0.996382 0.000000 -0.084982
vn -0.999095 0.000000 -0.042530
vn -1.000000 0.000000 -0.000000
vn -0.999095 0.000000 0.042530
vn -0.996382 0.000000 0.084982
vn -0.991867 0.000000 0.127281
vn -0.985556 0.000000 0.169350
vn -0.977462 0.000000 0.211112
vn -0.967599 0.000000 0.252492
vn -0.955985 0.000000 0.293415
vn -0.942641 0.000000 0.333807
vn -0.927592 0.000000 0.373595
vn -0.910864 0.000000 0.412707
vn -0.892487 0.000000 0.451072
vn -0.872496 0.000000 0.488621
vn -0.850926 0.000000 0.525286
vn -0.827816 0.000000 0.561000
vn -0.803208 0.000000 0.595699
vn -0.777146 0.000000 0.629320
vn -0.749678 0.000000 0.661803
vn -0.720854 0.000000 0.693087
vn -0.690725 0.000000 0.723118
vn -0.659346 0.000000 0.751840
vn -0.626774 0.000000 0.779201
vn -0.593068 0.000000 0.805153
vn -0.558288 0.000000 0.829647
vn -0.522499 0.000000 0.852640
vn -0.485763 0.000000 0.874090
vn -0.448149 0.000000 0.893959
vn -0.409724 0.000000 0.912210
vn -0.370557 0.000000 0.928810
vn -0.330720 0.000000 0.943729
vn -0.290285 0.000000 0.956940
vn -0.249324 0.000000 0.968420
vn -0.207912 0.000000 0.978148
vn -0.166123 0.000000 0.986105
vn -0.124034 0.000000 0.992278
vn -0.081721 0.000000 0.996655
vn -0.039260 0.000000 0.999229
vn 0.003272 0.000000 0.999995
vn 0.045799 0.000000 0.998951
vn 0.088242 0.000000 0.996099
vn 0.130526 0.000000 0.991445
vn 0.172574 0.000000 0.984997
vn 0.214309 0.000000 0.976766
vn 0.255657 0.000000 0.966768
vn 0.296542 0.000000 0.955020
vn 0.336890 0.000000 0.941544
vn 0.376629 0.000000 0.926364
vn 0.415686 0.000000 0.909508
vn 0.453991 0.000000 0.891007
vn 0.438521 -0.258819 -0.860646
vn 0.401521 -0.258819 -0.878518
vn 0.363795 -0.258819 -0.894799
vn 0.325411 -0.258819 -0.909462
vn 0.286437 -0.258819 -0.922478
vn 0.246945 -0.258819 -0.933826
vn 0.207007 -0.258819 -0.943483
vn 0.166693 -0.258819 -0.951434
vn 0.126079 -0.258819 -0.957662
vn 0.085236 -0.258819 -0.962158
vn 0.044238 -0.258819 -0.964912
vn 0.003161 -0.258819 -0.965921
vn -0.037922 -0.258819 -0.965181
vn -0.078937 -0.258819 -0.962695
vn -0.119808 -0.258819 -0.958467
vn -0.160463 -0.258819 -0.952504
vn -0.200827 -0.258819 -0.944818
vn -0.240828 -0.258819 -0.935422
vn -0.280393 -0.258819 -0.924333
vn -0.319451 -0.258819 -0.911572
vn -0.357931 -0.258819 -0.897161
vn -0.395763 -0.258819 -0.881127
vn -0.432879 -0.258819 -0.863498
vn -0.469211 -0.258819 -0.844306
vn -0.504695 -0.258819 -0.823587
vn -0.539265 -0.258819 -0.801378
vn -0.572859 -0.258819 -0.777718
vn -0.605417 -0.258819 -0.752651
vn -0.636879 -0.258819 -0.726222
vn -0.667189 -0.258819 -0.698478
vn -0.696291 -0.258819 -0.669471
vn -0.724133 -0.258819 -0.639252
vn -0.750665 -0.258819 -0.607877
vn -0.775839 -0.258819 -0.575401
vn -0.799609 -0.258819 -0.541885
vn -0.821931 -0.258819 -0.507387
vn -0.842766 -0.258819 -0.471972
vn -0.862077 -0.258819 -0.435702
vn -0.879827 -0.258819 -0.398644
vn -0.895985 -0.258819 -0.360865
vn -0.910522 -0.258819 -0.322433
vn -0.923411 -0.258819 -0.283417
vn -0.934629 -0.258819 -0.243888
vn -0.944156 -0.258819 -0.203918
vn -0.951974 -0.258819 -0.163579
vn -0.958070 -0.258819 -0.122944
vn -0.962432 -0.258819 -0.082086
vn -0.965052 -0.258819 -0.041080
vn -0.965926 -0.258819 0.000000
vn -0.965052 -0.258819 0.041080
vn -0.962432 -0.258819 0.082086
vn -0.958070 -0.258819 0.122944
vn -0.951974 -0.258819 0.163579
vn -0.944156 -0.258819 0.203918
vn -0.934629 -0.258819 0.243888
vn -0.923411 -0.258819 0.283417
vn -0.910522 -0.258819 0.322433
vn -0.895985 -0.258819 0.360865
vn -0.879827 -0.258819 0.398644
vn -0.862077 -0.258819 0.435702
vn -0.842766 -0.258819 0.471972
vn -0.821931 -0.258819 0.507387
vn -0.799609 -0.258819 0.541885
vn -0.775839 -0.258819 0.575401
vn -0.750665 -0.258819 0.607877
vn -0.724133 -0.258819 0.639252
vn -0.696291 -0.258819 0.669471
vn -0.667189 -0.258819 0.698478
vn -0.636879 -0.258819 0.726222
vn -0.605417 -0.258819 0.752651
vn -0.572859 -0.258819 0.777718
vn -0.539265 -0.258819 0.801378
vn -0.504695 -0.258819 0.823587
vn -0.469211 -0.258819 0.844306
vn -0.432879 -0.258819 0.863498
vn -0.395763 -0.258819 0.881127
vn -0.357931 -0.258819 0.897161
vn -0.319451 -0.258819 0.911572
vn -0.280393 -0.258819 0.924333
vn -0.240828 -0.258819 0.935422
vn -0.200827 -0.258819 0.944818
vn -0.160463 -0.258819 0.952504
vn -0.119808 -0.258819 0.958467
vn -0.078936 -0.258819 0.962695
vn -0.037922 -0.258819 0.965181
vn 0.003161 -0.258819 0.965921
vn 0.044238 -0.258819 0.964912
vn 0.085236 -0.258819 0.962158
vn 0.126079 -0.258819 0.957662
vn 0.166693 -0.258819 0.951434
vn 0.207007 -0.258819 0.943483
vn 0.246945 -0.258819 0.933826
vn 0.286437 -0.258819 0.922478
vn 0.325411 -0.258819 0.909462
vn 0.363795 -0.258819 0.894799
vn 0.401521 -0.258819 0.878518
vn 0.438521 -0.258819 0.860646
vn 0.393167 -0.500000 -0.771634
vn 0.359994 -0.500000 -0.787657
vn 0.326170 -0.500000 -0.802255
vn 0.291755 -0.500000 -0.815401
vn 0.256813 -0.500000 -0.827072
vn 0.221405 -0.500000 -0.837245
vn 0.185597 -0.500000 -0.845904
vn 0.149453 -0.500000 -0.853032
vn 0.113039 -0.500000 -0.858616
vn 0.076420 -0.500000 -0.862647
vn 0.039663 -0.500000 -0.865117
vn 0.002834 -0.500000 -0.866021
vn -0.034000 -0.500000 -0.865358
vn -0.070773 -0.500000 -0.863129
vn -0.107417 -0.500000 -0.859338
vn -0.143867 -0.500000 -0.853992
vn -0.180057 -0.500000 -0.847101
vn -0.215921 -0.500000 -0.838676
vn -0.251394 -0.500000 -0.828735
vn -0.286412 -0.500000 -0.817293
vn -0.320912 -0.500000 -0.804373
vn -0.354831 -0.500000 -0.789997
vn -0.388109 -0.500000 -0.774191
vn -0.420683 -0.500000 -0.756984
vn -0.452497 -0.500000 -0.738408
vn -0.483492 -0.500000 -0.718495
vn -0.513612 -0.500000 -0.697283
vn -0.542802 -0.500000 -0.674808
vn -0.571010 -0.500000 -0.651112
vn -0.598185 -0.500000 -0.626238
vn -0.624278 -0.500000 -0.600231
vn -0.649240 -0.500000 -0.573138
vn -0.673028 -0.500000 -0.545007
vn -0.695598 -0.500000 -0.515891
vn -0.716909 -0.500000 -0.485840
vn -0.736923 -0.500000 -0.454911
vn -0.755604 -0.500000 -0.423158
vn -0.772917 -0.500000 -0.390640
vn -0.788831 -0.500000 -0.357415
vn -0.803318 -0.500000 -0.323543
vn -0.816351 -0.500000 -0.289085
vn -0.827908 -0.500000 -0.254105
vn -0.837965 -0.500000 -0.218664
vn -0.846507 -0.500000 -0.182828
vn -0.853517 -0.500000 -0.146661
vn -0.858982 -0.500000 -0.110229
vn -0.862893 -0.500000 -0.073597
vn -0.865242 -0.500000 -0.036832
vn -0.866025 -0.500000 0.000000
vn -0.865242 -0.500000 0.036832
vn -0.862893 -0.500000 0.073597
vn -0.858982 -0.500000 0.110229
vn -0.853517 -0.500000 0.146661
vn -0.846507 -0.500000 0.182828
vn -0.837965 -0.500000 0.218664
vn -0.827908 -0.500000 0.254105
vn -0.816351 -0.500000 0.289085
vn -0.803318 -0.500000 0.323543
vn -0.788831 -0.500000 0.357415
vn -0.772917 -0.500000 0.390640
vn -0.755604 -0.500000 0.423158
vn -0.736923 -0.500000 0.454911
vn -0.716909 -0.500000 0.485840
vn -0.695598 -0.500000 0.515891
vn -0.673028 -0.500000 0.545007
vn -0.649240 -0.500000 0.573138
vn -0.624278 -0.500000 0.600231
vn -0.598185 -0.500000 0.626238
vn -0.571010 -0.500000 0.651112
vn -0.542802 -0.500000 0.674808
vn -0.513612 -0.500000 0.697283
vn -0.483492 -0.500000 0.718495
vn -0.452497 -0.500000 0.738408
vn -0.420683 -0.500000 0.756984
vn -0.388109 -0.500000 0.774191
vn -0.354831 -0.500000 0.789997
vn -0.320912 -0.500000 0.804373
vn -0.286412 -0.500000 0.817293
vn -0.251394 -0.500000 0.828735
vn -0.215921 -0.500000 0.838676
vn -0.180057 -0.500000 0.847101
vn -0.143867 -0.500000 0.853992
vn -0.107417 -0.500000 0.859338
vn -0.070773 -0.500000 0.863129
vn -0.034000 -0.500000 0.865358
vn 0.002834 -0.500000 0.866021
vn 0.039663 -0.500000 0.865117
vn 0.076420 -0.500000 0.862647
vn 0.113039 -0.500000 0.858616
vn 0.149453 -0.500000 0.853032
vn 0.185597 -0.500000 0.845904
vn 0.221405 -0.500000 0.837245
vn 0.256813 -0.500000 0.827072
vn 0.291755 -0.500000 0.815401
vn 0.326170 -0.500000 0.802255
vn 0.359994 -0.500000 0.787657
vn 0.393167 -0.500000 0.771634
vn 0.321020 -0.707107 -0.630037
vn 0.293934 -0.707107 -0.643120
vn 0.266317 -0.707107 -0.655039
vn 0.238217 -0.707107 -0.665772
vn 0.209687 -0.707107 -0.675301
vn 0.180777 -0.707107 -0.683608
vn 0.151539 -0.707107 -0.690678
vn 0.122028 -0.707107 -0.696498
vn 0.092296 -0.707107 -0.701057
vn 0.062397 -0.707107 -0.704348
vn 0.032385 -0.707107 -0.706365
vn 0.002314 -0.707107 -0.707103
vn -0.027761 -0.707107 -0.706562
vn -0.057786 -0.707107 -0.704742
vn -0.087706 -0.707107 -0.701646
vn -0.117467 -0.707107 -0.697281
vn -0.147016 -0.707107 -0.691655
vn -0.176299 -0.707107 -0.684776
vn -0.205262 -0.707107 -0.676659
vn -0.233855 -0.707107 -0.667317
vn -0.262024 -0.707107 -0.656768
vn -0.289719 -0.707107 -0.645030
vn -0.316889 -0.707107 -0.632124
vn -0.343487 -0.707107 -0.618075
vn -0.369462 -0.707107 -0.602908
vn -0.394769 -0.707107 -0.586649
vn -0.419362 -0.707107 -0.569329
vn -0.443196 -0.707107 -0.550978
vn -0.466228 -0.707107 -0.531631
vn -0.488416 -0.707107 -0.511322
vn -0.509720 -0.707107 -0.490087
vn -0.530102 -0.707107 -0.467965
vn -0.549525 -0.707107 -0.444997
vn -0.567954 -0.707107 -0.421223
vn -0.585354 -0.707107 -0.396687
vn -0.601695 -0.707107 -0.371433
vn -0.616948 -0.707107 -0.345507
vn -0.631084 -0.707107 -0.318956
vn -0.644078 -0.707107 -0.291828
vn -0.655907 -0.707107 -0.264172
vn -0.666548 -0.707107 -0.236037
vn -0.675984 -0.707107 -0.207476
vn -0.684196 -0.707107 -0.178539
vn -0.691170 -0.707107 -0.149278
vn -0.696893 -0.707107 -0.119748
vn -0.701356 -0.707107 -0.090001
vn -0.704549 -0.707107 -0.060091
vn -0.706467 -0.707107 -0.030073
vn -0.707107 -0.707107 -0.000000
vn -0.706467 -0.707107 0.030073
vn -0.704549 -0.707107 0.060091
vn -0.701356 -0.707107 0.090001
vn -0.696893 -0.707107 0.119748
vn -0.691170 -0.707107 0.149278
vn -0.684196 -0.707107 0.178539
vn -0.675984 -0.707107 0.207476
vn -0.666548 -0.707107 0.236037
vn -0.655907 -0.707107 0.264172
vn -0.644078 -0.707107 0.291828
vn -0.631084 -0.707107 0.318956
vn -0.616948 -0.707107 0.345507
vn -0.601695 -0.707107 0.371433
vn -0.585354 -0.707107 0.396687
vn -0.567953 -0.707107 0.421223
vn -0.549525 -0.707107 0.444997
vn -0.530102 -0.707107 0.467965
vn -0.509720 -0.707107 0.490087
vn -0.488416 -0.707107 0.511322
vn -0.466228 -0.707107 0.531631
vn -0.443196 -0.707107 0.550978
vn -0.419362 -0.707107 0.569329
vn -0.394769 -0.707107 0.586649
vn -0.369462 -0.707107 0.602908
vn -0.343487 -0.707107 0.618075
vn -0.316889 -0.707107 0.632124
vn -0.289719 -0.707107 0.645030
vn -0.262024 -0.707107 0.656768
vn -0.233855 -0.707107 0.667317
vn -0.205262 -0.707107 0.676659
vn -0.176299 -0.707107 0.684776
vn -0.147016 -0.707107 0.691655
vn -0.117467 -0.707107 0.697282
vn -0.087706 -0.707107 0.701646
vn -0.057786 -0.707107 0.704742
vn -0.027761 -0.707107 0.706562
vn 0.002314 -0.707107 0.707103
vn 0.032385 -0.707107 0.706365
vn 0.062397 -0.707107 0.704348
vn 0.092296 -0.707107 0.701057
vn 0.122028 -0.707107 0.696498
vn 0.151539 -0.707107 0.690678
vn 0.180777 -0.707107 0.683608
vn 0.209687 -0.707107 0.675301
vn 0.238217 -0.707107 0.665772
vn 0.266317 -0.707107 0.655039
vn 0.293934 -0.707107 0.643120
vn 0.321020 -0.707107 0.630037
vn 0.226995 -0.866025 -0.445503
vn 0.207843 -0.866025 -0.454754
vn 0.188314 -0.866025 -0.463182
vn 0.168445 -0.866025 -0.470772
vn 0.148271 -0.866025 -0.477510
vn 0.127828 -0.866025 -0.483384
vn 0.107155 -0.866025 -0.488383
vn 0.086287 -0.866025 -0.492498
vn 0.065263 -0.866025 -0.495722
vn 0.044121 -0.866025 -0.498050
vn 0.022899 -0.866025 -0.499475
vn 0.001636 -0.866025 -0.499997
vn -0.019630 -0.866025 -0.499615
vn -0.040861 -0.866025 -0.498328
vn -0.062017 -0.866025 -0.496139
vn -0.083062 -0.866025 -0.493052
vn -0.103956 -0.866025 -0.489074
vn -0.124662 -0.866025 -0.484210
vn -0.145142 -0.866025 -0.478470
vn -0.165360 -0.866025 -0.471864
vn -0.185279 -0.866025 -0.464405
vn -0.204862 -0.866025 -0.456105
vn -0.224075 -0.866025 -0.446979
vn -0.242882 -0.866025 -0.437045
vn -0.261249 -0.866025 -0.426320
vn -0.279144 -0.866025 -0.414824
vn -0.296534 -0.866025 -0.402576
vn -0.313387 -0.866025 -0.389601
vn -0.329673 -0.866025 -0.375920
vn -0.345362 -0.866025 -0.361559
vn -0.360427 -0.866025 -0.346544
vn -0.374839 -0.866025 -0.330901
vn -0.388573 -0.866025 -0.314660
vn -0.401604 -0.866025 -0.297850
vn -0.413908 -0.866025 -0.280500
vn -0.425463 -0.866025 -0.262643
vn -0.436248 -0.866025 -0.244311
vn -0.446244 -0.866025 -0.225536
vn -0.455432 -0.866025 -0.206354
vn -0.463796 -0.866025 -0.186797
vn -0.471321 -0.866025 -0.166903
vn -0.477993 -0.866025 -0.146707
vn -0.483800 -0.866025 -0.126246
vn -0.488731 -0.866025 -0.105556
vn -0.492778 -0.866025 -0.084675
vn -0.495933 -0.866025 -0.063640
vn -0.498191 -0.866025 -0.042491
vn -0.499548 -0.866025 -0.021265
vn -0.500000 -0.866025 -0.000000
vn -0.499548 -0.866025 0.021265
vn -0.498191 -0.866025 0.042491
vn -0.495933 -0.866025 0.063641
vn -0.492778 -0.866025 0.084675
vn -0.488731 -0.866025 0.105556
vn -0.483800 -0.866025 0.126246
vn -0.477993 -0.866025 0.146707
vn -0.471321 -0.866025 0.166903
vn -0.463796 -0.866025 0.186797
vn -0.455432 -0.866025 0.206354
vn -0.446244 -0.866025 0.225536
vn -0.436248 -0.866025 0.244311
vn -0.425463 -0.866025 0.262643
vn -0.413908 -0.866025 0.280500
vn -0.401604 -0.866025 0.297850
vn -0.388573 -0.866025 0.314660
vn -0.374839 -0.866025 0.330901
vn -0.360427 -0.866025 0.346544
vn -0.345362 -0.866025 0.361559
vn -0.329673 -0.866025 0.375920
vn -0.313387 -0.866025 0.389601
vn -0.296534 -0.866025 0.402576
vn -0.279144 -0.866025 0.414824
vn -0.261249 -0.866025 0.426320
vn -0.242882 -0.866025 0.437045
vn -0.224075 -0.866025 0.446979
vn -0.204862 -0.866025 0.456105
vn -0.185279 -0.866025 0.464405
vn -0.165360 -0.866025 0.471864
vn -0.145142 -0.866025 0.478470
vn -0.124662 -0.866025 0.484210
vn -0.103956 -0.866025 0.489074
vn -0.083062 -0.866025 0.493052
vn -0.062017 -0.866025 0.496139
vn -0.040861 -0.866025 0.498328
vn -0.019630 -0.866025 0.499615
vn 0.001636 -0.866025 0.499997
vn 0.022899 -0.866025 0.499475
vn 0.044121 -0.866025 0.498050
vn 0.065263 -0.866025 0.495722
vn 0.086287 -0.866025 0.492498
vn 0.107155 -0.866025 0.488383
vn 0.127828 -0.866025 0.483384
vn 0.148271 -0.866025 0.477510
vn 0.168445 -0.866025 0.470772
vn 0.188314 -0.866025 0.463182
vn 0.207843 -0.866025 0.454754
vn 0.226995 -0.866025 0.445503
vn 0.117501 -0.965926 -0.230609
vn 0.107587 -0.965926 -0.235398
vn 0.097479 -0.965926 -0.239761
vn 0.087194 -0.965926 -0.243690
vn 0.076751 -0.965926 -0.247177
vn 0.066169 -0.965926 -0.250218
vn 0.055467 -0.965926 -0.252806
vn 0.044665 -0.965926 -0.254936
vn 0.033783 -0.965926 -0.256605
vn 0.022839 -0.965926 -0.257809
vn 0.011854 -0.965926 -0.258547
vn 0.000847 -0.965926 -0.258818
vn -0.010161 -0.965926 -0.258620
vn -0.021151 -0.965926 -0.257953
vn -0.032102 -0.965926 -0.256820
vn -0.042996 -0.965926 -0.255223
vn -0.053812 -0.965926 -0.253163
vn -0.064530 -0.965926 -0.250646
vn -0.075131 -0.965926 -0.247674
vn -0.085597 -0.965926 -0.244255
vn -0.095907 -0.965926 -0.240394
vn -0.106044 -0.965926 -0.236097
vn -0.115990 -0.965926 -0.231374
vn -0.125725 -0.965926 -0.226231
vn -0.135233 -0.965926 -0.220680
vn -0.144496 -0.965926 -0.214728
vn -0.153497 -0.965926 -0.208389
vn -0.162221 -0.965926 -0.201672
vn -0.170651 -0.965926 -0.194590
vn -0.178773 -0.965926 -0.187157
vn -0.186571 -0.965926 -0.179384
vn -0.194031 -0.965926 -0.171287
vn -0.201140 -0.965926 -0.162880
vn -0.207885 -0.965926 -0.154178
vn -0.214254 -0.965926 -0.145198
vn -0.220236 -0.965926 -0.135954
vn -0.225819 -0.965926 -0.126464
vn -0.230993 -0.965926 -0.116746
vn -0.235749 -0.965926 -0.106816
vn -0.240078 -0.965926 -0.096693
vn -0.243974 -0.965926 -0.086396
vn -0.247427 -0.965926 -0.075941
vn -0.250433 -0.965926 -0.065350
vn -0.252986 -0.965926 -0.054640
vn -0.255081 -0.965926 -0.043831
vn -0.256714 -0.965926 -0.032943
vn -0.257883 -0.965926 -0.021995
vn -0.258585 -0.965926 -0.011007
vn -0.258819 -0.965926 -0.000000
vn -0.258585 -0.965926 0.011007
vn -0.257883 -0.965926 0.021995
vn -0.256714 -0.965926 0.032943
vn -0.255081 -0.965926 0.043831
vn -0.252986 -0.965926 0.054640
vn -0.250433 -0.965926 0.065350
vn -0.247427 -0.965926 0.075941
vn -0.243974 -0.965926 0.086396
vn -0.240078 -0.965926 0.096693
vn -0.235749 -0.965926 0.106816
vn -0.230993 -0.965926 0.116746
vn -0.225819 -0.965926 0.126464
vn -0.220236 -0.965926 0.135954
vn -0.214254 -0.965926 0.145198
vn -0.207885 -0.965926 0.154178
vn -0.201140 -0.965926 0.162880
vn -0.194031 -0.965926 0.171287
vn -0.186571 -0.965926 0.179384
vn -0.178773 -0.965926 0.187157
vn -0.170651 -0.965926 0.194590
vn -0.162221 -0.965926 0.201672
vn -0.153497 -0.965926 0.208389
vn -0.144496 -0.965926 0.214728
vn -0.135233 -0.965926 0.220680
vn -0.125725 -0.965926 0.226231
vn -0.115990 -0.965926 0.231374
vn -0.106044 -0.965926 0.236097
vn -0.095907 -0.965926 0.240394
vn -0.085597 -0.965926 0.244255
vn -0.075131 -0.965926 0.247674
vn -0.064530 -0.965926 0.250646
vn -0.053812 -0.965926 0.253163
vn -0.042996 -0.965926 0.255223
vn -0.032102 -0.965926 0.256820
vn -0.021151 -0.965926 0.257953
vn -0.010161 -0.965926 0.258620
vn 0.000847 -0.965926 0.258818
vn 0.011854 -0.965926 0.258547
vn 0.022839 -0.965926 0.257809
vn 0.033783 -0.965926 0.256605
vn 0.044665 -0.965926 0.254936
vn 0.055467 -0.965926 0.252806
vn 0.066169 -0.965926 0.250218
vn 0.076751 -0.965926 0.247177
vn 0.087194 -0.965926 0.243690
vn 0.097479 -0.965926 0.239761
vn 0.107587 -0.965926 0.235398
vn 0.117501 -0.965926 0.230609
vn 0.000000 -1.000000 -0.000000
vn 0.000000 -1.000000 -0.000000
vn 0.000000 -1.000000 -0.000000
vn 0.000000 -1.000000 -0.000000
vn 0.000000 -1.000000 -0.000000
vn 0.000000 -1.000000 -0.000000
vn 0.000000 -1.000000 -0.000000
vn 0.000000 -1.000000 -0.000000
vn 0.000000 -1.000000 -0.000000
vn 0.000000 -1.000000 -0.000000
vn 0.000000 -1.000000 -0.000000
vn 0.000000 -1.000000 -0.000000
vn 0.000000 -1.000000 -0.000000
vn 0.000000 -1.000000 -0.000000
vn 0.000000 -1.000000 -0.000000
vn 0.000000 -1.000000 -0.000000
vn 0.000000 -1.000000 -0.000000
vn 0.000000 -1.000000 -0.000000
vn 0.000000 -1.000000 -0.000000
vn 0.000000 -1.000000 -0.000000
vn 0.000000 -1.000000 -0.000000
vn 0.000000 -1.000000 -0.000000
vn 0.000000 -1.000000 -0.000000
vn 0.000000 -1.000000 -0.000000
vn 0.000000 -1.000000 -0.000000
vn 0.000000 -1.000000 -0.000000
vn 0.000000 -1.000000 -0.000000
vn 0.000000 -1.000000 -0.000000
vn 0.000000 -1.000000 -0.000000
vn 0.000000 -1.000000 -0.000000
vn 0.000000 -1.000000 -0.000000
vn 0.000000 -1.000000 -0.000000
vn 0.000000 -1.000000 -0.000000
vn 0.000000 -1.000000 -0.000000
vn 0.000000 -1.000000 -0.000000
vn 0.000000 -1.000000 -0.000000
vn 0.000000 -1.000000 -0.000000
vn 0.000000 -1.000000 -0.000000
vn 0.000000 -1.000000 -0.000000
vn 0.000000 -1.000000 -0.000000
vn 0.000000 -1.000000 -0.000000
vn 0.000000 -1.000000 -0.000000
vn 0.000000 -1.000000 -0.000000
vn 0.000000 -1.000000 -0.000000
vn 0.000000 -1.000000 -0.000000
vn 0.000000 -1.000000 -0.000000
vn 0.000000 -1.000000 -0.000000
vn 0.000000 -1.000000 -0.000000
vn 0.000000 -1.000000 -0.000000
vn 0.000000 -1.000000 -0.000000
vn 0.000000 -1.000000 -0.000000
vn 0.000000 -1.000000 -0.000000
vn 0.000000 -1.000000 -0.000000
vn 0.000000 -1.000000 -0.000000
vn 0.000000 -1.000000 -0.000000
vn 0.000000 -1.000000 -0.000000
vn 0.000000 -1.000000 -0.000000
vn 0.000000 -1.000000 -0.000000
vn 0.000000 -1.000000 -0.000000
vn 0.000000 -1.000000 -0.000000
vn 0.000000 -1.000000 -0.000000
vn 0.000000 -1.000000 -0.000000
vn 0.000000 -1.000000 -0.000000
vn 0.000000 -1.000000 -0.000000
vn 0.000000 -1.000000 -0.000000
vn 0.000000 -1.000000 -0.000000
vn 0.000000 -1.000000 -0.000000
vn 0.000000 -1.000000 -0.000000
vn 0.000000 -1.000000 -0.000000
vn 0.000000 -1.000000 -0.000000
vn 0.000000 -1.000000 -0.000000
vn 0.000000 -1.000000 -0.000000
vn 0.000000 -1.000000 -0.000000
vn 0.000000 -1.000000 -0.000000
vn 0.000000 -1.000000 -0.000000
vn 0.000000 -1.000000 -0.000000
vn 0.000000 -1.000000 -0.000000
vn 0.000000 -1.000000 -0.000000
vn 0.000000 -1.000000 -0.000000
vn 0.000000 -1.000000 -0.000000
vn 0.000000 -1.000000 -0.000000
vn 0.000000 -1.000000 -0.000000
vn 0.000000 -1.000000 -0.000000
vn 0.000000 -1.000000 -0.000000
vn 0.000000 -1.000000 -0.000000
vn 0.000000 -1.000000 -0.000000
vn 0.000000 -1.000000 -0.000000
vn 0.000000 -1.000000 -0.000000
vn 0.000000 -1.000000 -0.000000
vn 0.000000 -1.000000 -0.000000
vn 0.000000 -1.000000 -0.000000
vn 0.000000 -1.000000 -0.000000
vn 0.000000 -1.000000 -0.000000
vn 0.000000 -1.000000 -0.000000
vn 0.000000 -1.000000 -0.000000
vn 0.000000 -1.000000 -0.000000
vn 0.000000 -1.000000 -0.000000
vn -0.117501 -0.965926 0.230609
vn -0.107587 -0.965926 0.235398
vn -0.097479 -0.965926 0.239761
vn -0.087194 -0.965926 0.243690
vn -0.076751 -0.965926 0.247177
vn -0.066169 -0.965926 0.250218
vn -0.055467 -0.965926 0.252806
vn -0.044665 -0.965926 0.254936
vn -0.033783 -0.965926 0.256605
vn -0.022839 -0.965926 0.257809
vn -0.011854 -0.965926 0.258547
vn -0.000847 -0.965926 0.258818
vn 0.010161 -0.965926 0.258620
vn 0.021151 -0.965926 0.257953
vn 0.032102 -0.965926 0.256820
vn 0.042996 -0.965926 0.255223
vn 0.053812 -0.965926 0.253163
vn 0.064530 -0.965926 0.250646
vn 0.075131 -0.965926 0.247674
vn 0.085597 -0.965926 0.244255
vn 0.095907 -0.965926 0.240394
vn 0.106044 -0.965926 0.236097
vn 0.115990 -0.965926 0.231374
vn 0.125725 -0.965926 0.226231
vn 0.135233 -0.965926 0.220680
vn 0.144496 -0.965926 0.214728
vn 0.153497 -0.965926 0.208389
vn 0.162221 -0.965926 0.201672
vn 0.170651 -0.965926 0.194590
vn 0.178773 -0.965926 0.187157
vn 0.186571 -0.965926 0.179384
vn 0.194031 -0.965926 0.171287
vn 0.201140 -0.965926 0.162880
vn 0.207885 -0.965926 0.154178
vn 0.214254 -0.965926 0.145198
vn 0.220236 -0.965926 0.135954
vn 0.225819 -0.965926 0.126464
vn 0.230993 -0.965926 0.116746
vn 0.235749 -0.965926 0.106816
vn 0.240078 -0.965926 0.096693
vn 0.243974 -0.965926 0.086396
vn 0.247427 -0.965926 0.075941
vn 0.250433 -0.965926 0.065350
vn 0.252986 -0.965926 0.054640
vn 0.255081 -0.965926 0.043831
vn 0.256714 -0.965926 0.032943
vn 0.257883 -0.965926 0.021995
vn 0.258585 -0.965926 0.011007
vn 0.258819 -0.965926 0.000000
vn 0.258585 -0.965926 -0.011007
vn 0.257883 -0.965926 -0.021995
vn 0.256714 -0.965926 -0.032943
vn 0.255081 -0.965926 -0.043831
vn 0.252986 -0.965926 -0.054640
vn 0.250433 -0.965926 -0.065350
vn 0.247427 -0.965926 -0.075941
vn 0.243974 -0.965926 -0.086396
vn 0.240078 -0.965926 -0.096693
vn 0.235749 -0.965926 -0.106816
vn 0.230993 -0.965926 -0.116746
vn 0.225819 -0.965926 -0.126464
vn 0.220236 -0.965926 -0.135954
vn 0.214254 -0.965926 -0.145198
vn 0.207885 -0.965926 -0.154178
vn 0.201140 -0.965926 -0.162880
vn 0.194031 -0.965926 -0.171287
vn 0.186571 -0.965926 -0.179384
vn 0.178773 -0.965926 -0.187157
vn 0.170651 -0.965926 -0.194590
vn 0.162221 -0.965926 -0.201672
vn 0.153497 -0.965926 -0.208389
vn 0.144496 -0.965926 -0.214728
vn 0.135233 -0.965926 -0.220680
vn 0.125725 -0.965926 -0.226231
vn 0.115990 -0.965926 -0.231374
vn 0.106044 -0.965926 -0.236097
vn 0.095907 -0.965926 -0.240394
vn 0.085597 -0.965926 -0.244255
vn 0.075131 -0.965926 -0.247674
vn 0.064530 -0.965926 -0.250646
vn 0.053812 -0.965926 -0.253163
vn 0.042996 -0.965926 -0.255223
vn 0.032102 -0.965926 -0.256820
vn 0.021151 -0.965926 -0.257953
vn 0.010161 -0.965926 -0.258620
vn -0.000847 -0.965926 -0.258818
vn -0.011854 -0.965926 -0.258547
vn -0.022839 -0.965926 -0.257809
vn -0.033783 -0.965926 -0.256605
vn -0.044665 -0.965926 -0.254936
vn -0.055467 -0.965926 -0.252806
vn -0.066169 -0.965926 -0.250218
vn -0.076751 -0.965926 -0.247177
vn -0.087194 -0.965926 -0.243690
vn -0.097479 -0.965926 -0.239761
vn -0.107587 -0.965926 -0.235398
vn -0.117501 -0.965926 -0.230609
vn -0.226995 -0.866025 0.445503
vn -0.207843 -0.866025 0.454754
vn -0.188314 -0.866025 0.463182
vn -0.168445 -0.866025 0.470772
vn -0.148271 -0.866025 0.477510
vn -0.127828 -0.866025 0.483384
vn -0.107155 -0.866025 0.488383
vn -0.086287 -0.866025 0.492498
vn -0.065263 -0.866025 0.495722
vn -0.044121 -0.866025 0.498050
vn -0.022899 -0.866025 0.499475
vn -0.001636 -0.866025 0.499997
vn 0.019630 -0.866025 0.499615
vn 0.040861 -0.866025 0.498328
vn 0.062017 -0.866025 0.496139
vn 0.083062 -0.866025 0.493052
vn 0.103956 -0.866025 0.489074
vn 0.124662 -0.866025 0.484210
vn 0.145142 -0.866025 0.478470
vn 0.165360 -0.866025 0.471864
vn 0.185279 -0.866025 0.464405
vn 0.204862 -0.866025 0.456105
vn 0.224075 -0.866025 0.446979
vn 0.242882 -0.866025 0.437045
vn 0.261249 -0.866025 0.426320
vn 0.279144 -0.866025 0.414824
vn 0.296534 -0.866025 0.402576
vn 0.313387 -0.866025 0.389601
vn 0.329673 -0.866025 0.375920
vn 0.345362 -0.866025 0.361559
vn 0.360427 -0.866025 0.346544
vn 0.374839 -0.866025 0.330901
vn 0.388573 -0.866025 0.314660
vn 0.401604 -0.866025 0.297850
vn 0.413908 -0.866025 0.280500
vn 0.425463 -0.866025 0.262643
vn 0.436248 -0.866025 0.244311
vn 0.446244 -0.866025 0.225536
vn 0.455432 -0.866025 0.206354
vn 0.463796 -0.866025 0.186797
vn 0.471321 -0.866025 0.166903
vn 0.477993 -0.866025 0.146707
vn 0.483800 -0.866025 0.126246
vn 0.488731 -0.866025 0.105556
vn 0.492778 -0.866025 0.084675
vn 0.495933 -0.866025 0.063640
vn 0.498191 -0.866025 0.042491
vn 0.499548 -0.866025 0.021265
vn 0.500000 -0.866025 0.000000
vn 0.499548 -0.866025 -0.021265
vn 0.498191 -0.866025 -0.042491
vn 0.495933 -0.866025 -0.063641
vn 0.492778 -0.866025 -0.084675
vn 0.488731 -0.866025 -0.105556
vn 0.483800 -0.866025 -0.126246
vn 0.477993 -0.866025 -0.146707
vn 0.471321 -0.866025 -0.166903
vn 0.463796 -0.866025 -0.186797
vn 0.455432 -0.866025 -0.206354
vn 0.446244 -0.866025 -0.225536
vn 0.436248 -0.866025 -0.244311
vn 0.425463 -0.866025 -0.262643
vn 0.413908 -0.866025 -0.280500
vn 0.401604 -0.866025 -0.297850
vn 0.388573 -0.866025 -0.314660
vn 0.374839 -0.866025 -0.330901
vn 0.360427 -0.866025 -0.346544
vn 0.345362 -0.866025 -0.361559
vn 0.329673 -0.866025 -0.375920
vn 0.313387 -0.866025 -0.389601
vn 0.296534 -0.866025 -0.402576
vn 0.279144 -0.866025 -0.414824
vn 0.261249 -0.866025 -0.426320
vn 0.242882 -0.866025 -0.437045
vn 0.224075 -0.866025 -0.446979
vn 0.204862 -0.866025 -0.456105
vn 0.185279 -0.866025 -0.464405
vn 0.165360 -0.866025 -0.471864
vn 0.145142 -0.866025 -0.478470
vn 0.124662 -0.866025 -0.484210
vn 0.103956 -0.866025 -0.489074
vn 0.083062 -0.866025 -0.493052
vn 0.062017 -0.866025 -0.496139
vn 0.040861 -0.866025 -0.498328
vn 0.019630 -0.866025 -0.499615
vn -0.001636 -0.866025 -0.499997
vn -0.022899 -0.866025 -0.499475
vn -0.044121 -0.866025 -0.498050
vn -0.065263 -0.866025 -0.495722
vn -0.086287 -0.866025 -0.492498
vn -0.107155 -0.866025 -0.488383
vn -0.127828 -0.866025 -0.483384
vn -0.148271 -0.866025 -0.477510
vn -0.168445 -0.866025 -0.470772
vn -0.188314 -0.866025 -0.463182
vn -0.207843 -0.866025 -0.454754
vn -0.226995 -0.866025 -0.445503
vn -0.321020 -0.707107 0.630037
vn -0.293934 -0.707107 0.643120
vn -0.266317 -0.707107 0.655039
vn -0.238217 -0.707107 0.665772
vn -0.209687 -0.707107 0.675301
vn -0.180777 -0.707107 0.683608
vn -0.151539 -0.707107 0.690678
vn -0.122028 -0.707107 0.696498
vn -0.092296 -0.707107 0.701057
vn -0.062397 -0.707107 0.704348
vn -0.032385 -0.707107 0.706365
vn -0.002314 -0.707107 0.707103
vn 0.027761 -0.707107 0.706562
vn 0.057786 -0.707107 0.704742
vn 0.087706 -0.707107 0.701646
vn 0.117467 -0.707107 0.697281
vn 0.147016 -0.707107 0.691655
vn 0.176299 -0.707107 0.684776
vn 0.205262 -0.707107 0.676659
vn 0.233855 -0.707107 0.667317
vn 0.262024 -0.707107 0.656768
vn 0.289719 -0.707107 0.645030
vn 0.316889 -0.707107 0.632124
vn 0.343487 -0.707107 0.618075
vn 0.369462 -0.707107 0.602908
vn 0.394769 -0.707107 0.586649
vn 0.419362 -0.707107 0.569329
vn 0.443196 -0.707107 0.550978
vn 0.466228 -0.707107 0.531631
vn 0.488416 -0.707107 0.511322
vn 0.509720 -0.707107 0.490087
vn 0.530102 -0.707107 0.467965
vn 0.549525 -0.707107 0.444997
vn 0.567954 -0.707107 0.421223
vn 0.585354 -0.707107 0.396687
vn 0.601695 -0.707107 0.371433
vn 0.616948 -0.707107 0.345507
vn 0.631084 -0.707107 0.318956
vn 0.644078 -0.707107 0.291828
vn 0.655907 -0.707107 0.264172
vn 0.666548 -0.707107 0.236037
vn 0.675984 -0.707107 0.207476
vn 0.684196 -0.707107 0.178539
vn 0.691170 -0.707107 0.149278
vn 0.696893 -0.707107 0.119748
vn 0.701356 -0.707107 0.090001
vn 0.704549 -0.707107 0.060091
vn 0.706467 -0.707107 0.030073
vn 0.707107 -0.707107 0.000000
vn 0.706467 -0.707107 -0.030073
vn 0.704549 -0.707107 -0.060091
vn 0.701356 -0.707107 -0.090001
vn 0.696893 -0.707107 -0.119748
vn 0.691170 -0.707107 -0.149278
vn 0.684196 -0.707107 -0.178539
vn 0.675984 -0.707107 -0.207476
vn 0.666548 -0.707107 -0.236037
vn 0.655907 -0.707107 -0.264172
vn 0.644078 -0.707107 -0.291828
vn 0.631084 -0.707107 -0.318956
vn 0.616948 -0.707107 -0.345507
vn 0.601695 -0.707107 -0.371433
vn 0.585354 -0.707107 -0.396687
vn 0.567953 -0.707107 -0.421223
vn 0.549525 -0.707107 -0.444997
vn 0.530102 -0.707107 -0.467965
vn 0.509720 -0.707107 -0.490087
vn 0.488416 -0.707107 -0.511322
vn 0.466228 -0.707107 -0.531631
vn 0.443196 -0.707107 -0.550978
vn 0.419362 -0.707107 -0.569329
vn 0.394769 -0.707107 -0.586649
vn 0.369462 -0.707107 -0.602908
vn 0.343487 -0.707107 -0.618075
vn 0.316889 -0.707107 -0.632124
vn 0.289719 -0.707107 -0.645030
vn 0.262024 -0.707107 -0.656768
vn 0.233855 -0.707107 -0.667317
vn 0.205262 -0.707107 -0.676659
vn 0.176299 -0.707107 -0.684776
vn 0.147016 -0.707107 -0.691655
vn 0.117467 -0.707107 -0.697282
vn 0.087706 -0.707107 -0.701646
vn 0.057786 -0.707107 -0.704742
vn 0.027761 -0.707107 -0.706562
vn -0.002314 -0.707107 -0.707103
vn -0.032385 -0.707107 -0.706365
vn -0.062397 -0.707107 -0.704348
vn -0.092296 -0.707107 -0.701057
vn -0.122028 -0.707107 -0.696498
vn -0.151539 -0.707107 -0.690678
vn -0.180777 -0.707107 -0.683608
vn -0.209687 -0.707107 -0.675301
vn -0.238217 -0.707107 -0.665772
vn -0.266317 -0.707107 -0.655039
vn -0.293934 -0.707107 -0.643120
vn -0.321020 -0.707107 -0.630037
vn -0.393167 -0.500000 0.771634
vn -0.359994 -0.500000 0.787657
vn -0.326170 -0.500000 0.802255
vn -0.291755 -0.500000 0.815401
vn -0.256813 -0.500000 0.827072
vn -0.221405 -0.500000 0.837245
vn -0.185597 -0.500000 0.845904
vn -0.149453 -0.500000 0.853032
vn -0.113039 -0.500000 0.858616
vn -0.076420 -0.500000 0.862647
vn -0.039663 -0.500000 0.865117
vn -0.002834 -0.500000 0.866021
vn 0.034000 -0.500000 0.865358
vn 0.070773 -0.500000 0.863129
vn 0.107417 -0.500000 0.859338
vn 0.143867 -0.500000 0.853992
vn 0.180057 -0.500000 0.847101
vn 0.215921 -0.500000 0.838676
vn 0.251394 -0.500000 0.828735
vn 0.286412 -0.500000 0.817293
vn 0.320912 -0.500000 0.804373
vn 0.354831 -0.500000 0.789997
vn 0.388109 -0.500000 0.774191
vn 0.420683 -0.500000 0.756984
vn 0.452497 -0.500000 0.738408
vn 0.483492 -0.500000 0.718495
vn 0.513612 -0.500000 0.697283
vn 0.542802 -0.500000 0.674808
vn 0.571010 -0.500000 0.651112
vn 0.598185 -0.500000 0.626238
vn 0.624278 -0.500000 0.600231
vn 0.649240 -0.500000 0.573138
vn 0.673028 -0.500000 0.545007
vn 0.695598 -0.500000 0.515891
vn 0.716909 -0.500000 0.485840
vn 0.736923 -0.500000 0.454911
vn 0.755604 -0.500000 0.423158
vn 0.772917 -0.500000 0.390640
vn 0.788831 -0.500000 0.357415
vn 0.803318 -0.500000 0.323543
vn 0.816351 -0.500000 0.289085
vn 0.827908 -0.500000 0.254105
vn 0.837965 -0.500000 0.218664
vn 0.846507 -0.500000 0.182828
vn 0.853517 -0.500000 0.146661
vn 0.858982 -0.500000 0.110229
vn 0.862893 -0.500000 0.073597
vn 0.865242 -0.500000 0.036832
vn 0.866025 -0.500000 -0.000000
vn 0.865242 -0.500000 -0.036832
vn 0.862893 -0.500000 -0.073597
vn 0.858982 -0.500000 -0.110229
vn 0.853517 -0.500000 -0.146661
vn 0.846507 -0.500000 -0.182828
vn 0.837965 -0.500000 -0.218664
vn 0.827908 -0.500000 -0.254105
vn 0.816351 -0.500000 -0.289085
vn 0.803318 -0.500000 -0.323543
vn 0.788831 -0.500000 -0.357415
vn 0.772917 -0.500000 -0.390640
vn 0.755604 -0.500000 -0.423158
vn 0.736923 -0.500000 -0.454911
vn 0.716909 -0.500000 -0.485840
vn 0.695598 -0.500000 -0.515891
vn 0.673028 -0.500000 -0.545007
vn 0.649240 -0.500000 -0.573138
vn 0.624278 -0.500000 -0.600231
vn 0.598185 -0.500000 -0.626238
vn 0.571010 -0.500000 -0.651112
vn 0.542802 -0.500000 -0.674808
vn 0.513612 -0.500000 -0.697283
vn 0.483492 -0.500000 -0.718495
vn 0.452497 -0.500000 -0.738408
vn 0.420683 -0.500000 -0.756984
vn 0.388109 -0.500000 -0.774191
vn 0.354831 -0.500000 -0.789997
vn 0.320912 -0.500000 -0.804373
vn 0.286412 -0.500000 -0.817293
vn 0.251394 -0.500000 -0.828735
vn 0.215921 -0.500000 -0.838676
vn 0.180057 -0.500000 -0.847101
vn 0.143867 -0.500000 -0.853992
vn 0.107417 -0.500000 -0.859338
vn 0.070773 -0.500000 -0.863129
vn 0.034000 -0.500000 -0.865358
vn -0.002834 -0.500000 -0.866021
vn -0.039663 -0.500000 -0.865117
vn -0.076420 -0.500000 -0.862647
vn -0.113039 -0.500000 -0.858616
vn -0.149453 -0.500000 -0.853032
vn -0.185597 -0.500000 -0.845904
vn -0.221405 -0.500000 -0.837245
vn -0.256813 -0.500000 -0.827072
vn -0.291755 -0.500000 -0.815401
vn -0.326170 -0.500000 -0.802255
vn -0.359994 -0.500000 -0.787657
vn -0.393167 -0.500000 -0.771634
vn -0.438521 -0.258819 0.860646
vn -0.401521 -0.258819 0.878518
vn -0.363795 -0.258819 0.894799
vn -0.325411 -0.258819 0.909462
vn -0.286437 -0.258819 0.922478
vn -0.246945 -0.258819 0.933826
vn -0.207007 -0.258819 0.943483
vn -0.166693 -0.258819 0.951434
vn -0.126079 -0.258819 0.957662
vn -0.085236 -0.258819 0.962158
vn -0.044238 -0.258819 0.964912
vn -0.003161 -0.258819 0.965921
vn 0.037922 -0.258819 0.965181
vn 0.078937 -0.258819 0.962695
vn 0.119808 -0.258819 0.958467
vn 0.160463 -0.258819 0.952504
vn 0.200827 -0.258819 0.944818
vn 0.240828 -0.258819 0.935422
vn 0.280393 -0.258819 0.924333
vn 0.319451 -0.258819 0.911572
vn 0.357931 -0.258819 0.897161
vn 0.395763 -0.258819 0.881127
vn 0.432879 -0.258819 0.863498
vn 0.469211 -0.258819 0.844306
vn 0.504695 -0.258819 0.823587
vn 0.539265 -0.258819 0.801378
vn 0.572859 -0.258819 0.777718
vn 0.605417 -0.258819 0.752651
vn 0.636879 -0.258819 0.726222
vn 0.667189 -0.258819 0.698478
vn 0.696291 -0.258819 0.669471
vn 0.724133 -0.258819 0.639252
vn 0.750665 -0.258819 0.607877
vn 0.775839 -0.258819 0.575401
vn 0.799609 -0.258819 0.541885
vn 0.821931 -0.258819 0.507387
vn 0.842766 -0.258819 0.471972
vn 0.862077 -0.258819 0.435702
vn 0.879827 -0.258819 0.398644
vn 0.895985 -0.258819 0.360865
vn 0.910522 -0.258819 0.322433
vn 0.923411 -0.258819 0.283417
vn 0.934629 -0.258819 0.243888
vn 0.944156 -0.258819 0.203918
vn 0.951974 -0.258819 0.163579
vn 0.958070 -0.258819 0.122944
vn 0.962432 -0.258819 0.082086
vn 0.965052 -0.258819 0.041080
vn 0.965926 -0.258819 -0.000000
vn 0.965052 -0.258819 -0.041080
vn 0.962432 -0.258819 -0.082086
vn 0.958070 -0.258819 -0.122944
vn 0.951974 -0.258819 -0.163579
vn 0.944156 -0.258819 -0.203918
vn 0.934629 -0.258819 -0.243888
vn 0.923411 -0.258819 -0.283417
vn 0.910522 -0.258819 -0.322433
vn 0.895985 -0.258819 -0.360865
vn 0.879827 -0.258819 -0.398644
vn 0.862077 -0.258819 -0.435702
vn 0.842766 -0.258819 -0.471972
vn 0.821931 -0.258819 -0.507387
vn 0.799609 -0.258819 -0.541885
vn 0.775839 -0.258819 -0.575401
vn 0.750665 -0.258819 -0.607877
vn 0.724133 -0.258819 -0.639252
vn 0.696291 -0.258819 -0.669471
vn 0.667189 -0.258819 -0.698478
vn 0.636879 -0.258819 -0.726222
vn 0.605417 -0.258819 -0.752651
vn 0.572859 -0.258819 -0.777718
vn 0.539265 -0.258819 -0.801378
vn 0.504695 -0.258819 -0.823587
vn 0.469211 -0.258819 -0.844306
vn 0.432879 -0.258819 -0.863498
vn 0.395763 -0.258819 -0.881127
vn 0.357931 -0.258819 -0.897161
vn 0.319451 -0.258819 -0.911572
vn 0.280393 -0.258819 -0.924333
vn 0.240828 -0.258819 -0.935422
vn 0.200827 -0.258819 -0.944818
vn 0.160463 -0.258819 -0.952504
vn 0.119808 -0.258819 -0.958467
vn 0.078936 -0.258819 -0.962695
vn 0.037922 -0.258819 -0.965181
vn -0.003161 -0.258819 -0.965921
vn -0.044238 -0.258819 -0.964912
vn -0.085236 -0.258819 -0.962158
vn -0.126079 -0.258819 -0.957662
vn -0.166693 -0.258819 -0.951434
vn -0.207007 -0.258819 -0.943483
vn -0.246945 -0.258819 -0.933826
vn -0.286437 -0.258819 -0.922478
vn -0.325411 -0.258819 -0.909462
vn -0.363795 -0.258819 -0.894799
vn -0.401521 -0.258819 -0.878518
vn -0.438521 -0.258819 -0.860646
vn -0.453990 -0.000000 0.891007
vn -0.415686 -0.000000 0.909508
vn -0.376628 -0.000000 0.926364
vn -0.336890 -0.000000 0.941544
vn -0.296542 -0.000000 0.955020
vn -0.255657 -0.000000 0.966768
vn -0.214309 -0.000000 0.976766
vn -0.172574 -0.000000 0.984997
vn -0.130526 -0.000000 0.991445
vn -0.088242 -0.000000 0.996099
vn -0.045799 -0.000000 0.998951
vn -0.003272 -0.000000 0.999995
vn 0.039260 -0.000000 0.999229
vn 0.081721 -0.000000 0.996655
vn 0.124034 -0.000000 0.992278
vn 0.166123 -0.000000 0.986105
vn 0.207912 -0.000000 0.978148
vn 0.249324 -0.000000 0.968420
vn 0.290285 -0.000000 0.956940
vn 0.330720 -0.000000 0.943729
vn 0.370557 -0.000000 0.928810
vn 0.409724 -0.000000 0.912210
vn 0.448149 -0.000000 0.893959
vn 0.485763 -0.000000 0.874090
vn 0.522499 -0.000000 0.852640
vn 0.558288 -0.000000 0.829647
vn 0.593068 -0.000000 0.805153
vn 0.626774 -0.000000 0.779201
vn 0.659346 -0.000000 0.751840
vn 0.690725 -0.000000 0.723118
vn 0.720854 -0.000000 0.693087
vn 0.749678 -0.000000 0.661803
vn 0.777146 -0.000000 0.629320
vn 0.803208 -0.000000 0.595699
vn 0.827816 -0.000000 0.561000
vn 0.850926 -0.000000 0.525286
vn 0.872496 -0.000000 0.488621
vn 0.892487 -0.000000 0.451072
vn 0.910864 -0.000000 0.412707
vn 0.927592 -0.000000 0.373595
vn 0.942641 -0.000000 0.333807
vn 0.955985 -0.000000 0.293415
vn 0.967599 -0.000000 0.252492
vn 0.977462 -0.000000 0.211112
vn 0.985556 -0.000000 0.169350
vn 0.991867 -0.000000 0.127281
vn 0.996382 -0.000000 0.084982
vn 0.999095 -0.000000 0.042530
vn 1.000000 -0.000000 0.000000
vn 0.999095 -0.000000 -0.042530
vn 0.996382 -0.000000 -0.084982
vn 0.991867 -0.000000 -0.127281
vn 0.985556 -0.000000 -0.169350
vn 0.977462 -0.000000 -0.211112
vn 0.967599 -0.000000 -0.252492
vn 0.955985 -0.000000 -0.293415
vn 0.942641 -0.000000 -0.333807
vn 0.927592 -0.000000 -0.373595
vn 0.910864 -0.000000 -0.412707
vn 0.892487 -0.000000 -0.451072
vn 0.872496 -0.000000 -0.488621
vn 0.850926 -0.000000 -0.525286
vn 0.827816 -0.000000 -0.561000
vn 0.803208 -0.000000 -0.595699
vn 0.777146 -0.000000 -0.629320
vn 0.749678 -0.000000 -0.661803
vn 0.720854 -0.000000 -0.693087
vn 0.690725 -0.000000 -0.723118
vn 0.659346 -0.000000 -0.751840
vn 0.626774 -0.000000 -0.779201
vn 0.593068 -0.000000 -0.805153
vn 0.558288 -0.000000 -0.829647
vn 0.522499 -0.000000 -0.852640
vn 0.485763 -0.000000 -0.874090
vn 0.448149 -0.000000 -0.893959
vn 0.409724 -0.000000 -0.912210
vn 0.370557 -0.000000 -0.928810
vn 0.330720 -0.000000 -0.943729
vn 0.290285 -0.000000 -0.956940
vn 0.249324 -0.000000 -0.968420
vn 0.207912 -0.000000 -0.978148
vn 0.166123 -0.000000 -0.986105
vn 0.124034 -0.000000 -0.992278
vn 0.081721 -0.000000 -0.996655
vn 0.039260 -0.000000 -0.999229
vn -0.003272 -0.000000 -0.999995
vn -0.045799 -0.000000 -0.998951
vn -0.088242 -0.000000 -0.996099
vn -0.130526 -0.000000 -0.991445
vn -0.172574 -0.000000 -0.984997
vn -0.214309 -0.000000 -0.976766
vn -0.255657 -0.000000 -0.966768
vn -0.296542 -0.000000 -0.955020
vn -0.336890 -0.000000 -0.941544
vn -0.376629 -0.000000 -0.926364
vn -0.415686 -0.000000 -0.909508
vn -0.453991 -0.000000 -0.891007
usemtl material_arch_band
f 610 513 611
f 513 514 611
f 611 514 612
f 514 515 612
f 612 515 613
f 515 516 613
f 613 516 614
f 516 517 614
f 614 517 615
f 517 518 615
f 615 518 616
f 518 519 616
f 616 519 617
f 519 520 617
f 617 520 618
f 520 521 618
f 618 521 619
f 521 522 619
f 619 522 620
f 522 523 620
f 620 523 621
f 523 524 621
f 621 524 622
f 524 525 622
f 622 525 623
f 525 526 623
f 623 526 624
f 526 527 624
f 624 527 625
f 527 528 625
f 625 528 626
f 528 529 626
f 626 529 627
f 529 530 627
f 627 530 628
f 530 531 628
f 628 531 629
f 531 532 629
f 629 532 630
f 532 533 630
f 630 533 631
f 533 534 631
f 631 534 632
f 534 535 632
f 632 535 633
f 535 536 633
f 633 536 634
f 536 537 634
f 634 537 635
f 537 538 635
f 635 538 636
f 538 539 636
f 636 539 637
f 539 540 637
f 637 540 638
f 540 541 638
f 638 541 639
f 541 542 639
f 639 542 640
f 542 543 640
f 640 543 641
f 543 544 641
f 641 544 642
f 544 545 642
f 642 545 643
f 545 546 643
f 643 546 644
f 546 547 644
f 644 547 645
f 547 548 645
f 645 548 646
f 548 549 646
f 646 549 647
f 549 550 647
f 647 550 648
f 550 551 648
f 648 551 649
f 551 552 649
f 649 552 650
f 552 553 650
f 650 553 651
f 553 554 651
f 651 554 652
f 554 555 652
f 652 555 653
f 555 556 653
f 653 556 654
f 556 557 654
f 654 557 655
f 557 558 655
f 655 558 656
f 558 559 656
f 656 559 657
f 559 560 657
f 657 560 658
f 560 561 658
f 658 561 659
f 561 562 659
f 659 562 660
f 562 563 660
f 660 563 661
f 563 564 661
f 661 564 662
f 564 565 662
f 662 565 663
f 565 566 663
f 663 566 664
f 566 567 664
f 664 567 665
f 567 568 665
f 665 568 666
f 568 569 666
f 666 569 667
f 569 570 667
f 667 570 668
f 570 571 668
f 668 571 669
f 571 572 669
f 669 572 670
f 572 573 670
f 670 573 671
f 573 574 671
f 671 574 672
f 574 575 672
f 672 575 673
f 575 576 673
f 673 576 674
f 576 577 674
f 674 577 675
f 577 578 675
f 675 578 676
f 578 579 676
f 676 579 677
f 579 580 677
f 677 580 678
f 580 581 678
f 678 581 679
f 581 582 679
f 679 582 680
f 582 583 680
f 680 583 681
f 583 584 681
f 681 584 682
f 584 585 682
f 682 585 683
f 585 586 683
f 683 586 684
f 586 587 684
f 684 587 685
f 587 588 685
f 685 588 686
f 588 589 686
f 686 589 687
f 589 590 687
f 687 590 688
f 590 591 688
f 688 591 689
f 591 592 689
f 689 592 690
f 592 593 690
f 690 593 691
f 593 594 691
f 691 594 692
f 594 595 692
f 692 595 693
f 595 596 693
f 693 596 694
f 596 597 694
f 694 597 695
f 597 598 695
f 695 598 696
f 598 599 696
f 696 599 697
f 599 600 697
f 697 600 698
f 600 601 698
f 698 601 699
f 601 602 699
f 699 602 700
f 602 603 700
f 700 603 701
f 603 604 701
f 701 604 702
f 604 605 702
f 702 605 703
f 605 606 703
f 703 606 704
f 606 607 704
f 704 607 705
f 607 608 705
f 705 608 706
f 608 609 706
f 707 610 708
f 610 611 708
f 708 611 709
f 611 612 709
f 709 612 710
f 612 613 710
f 710 613 711
f 613 614 711
f 711 614 712
f 614 615 712
f 712 615 713
f 615 616 713
f 713 616 714
f 616 617 714
f 714 617 715
f 617 618 715
f 715 618 716
f 618 619 716
f 716 619 717
f 619 620 717
f 717 620 718
f 620 621 718
f 718 621 719
f 621 622 719
f 719 622 720
f 622 623 720
f 720 623 721
f 623 624 721
f 721 624 722
f 624 625 722
f 722 625 723
f 625 626 723
f 723 626 724
f 626 627 724
f 724 627 725
f 627 628 725
f 725 628 726
f 628 629 726
f 726 629 727
f 629 630 727
f 727 630 728
f 630 631 728
f 728 631 729
f 631 632 729
f 729 632 730
f 632 633 730
f 730 633 731
f 633 634 731
f 731 634 732
f 634 635 732
f 732 635 733
f 635 636 733
f 733 636 734
f 636 637 734
f 734 637 735
f 637 638 735
f 735 638 736
f 638 639 736
f 736 639 737
f 639 640 737
f 737 640 738
f 640 641 738
f 738 641 739
f 641 642 739
f 739 642 740
f 642 643 740
f 740 643 741
f 643 644 741
f 741 644 742
f 644 645 742
f 742 645 743
f 645 646 743
f 743 646 744
f 646 647 744
f 744 647 745
f 647 648 745
f 745 648 746
f 648 649 746
f 746 649 747
f 649 650 747
f 747 650 748
f 650 651 748
f 748 651 749
f 651 652 749
f 749 652 750
f 652 653 750
f 750 653 751
f 653 654 751
f 751 654 752
f 654 655 752
f 752 655 753
f 655 656 753
f 753 656 754
f 656 657 754
f 754 657 755
f 657 658 755
f 755 658 756
f 658 659 756
f 756 659 757
f 659 660 757
f 757 660 758
f 660 661 758
f 758 661 759
f 661 662 759
f 759 662 760
f 662 663 760
f 760 663 761
f 663 664 761
f 761 664 762
f 664 665 762
f 762 665 763
f 665 666 763
f 763 666 764
f 666 667 764
f 764 667 765
f 667 668 765
f 765 668 766
f 668 669 766
f 766 669 767
f 669 670 767
f 767 670 768
f 670 671 768
f 768 671 769
f 671 672 769
f 769 672 770
f 672 673 770
f 770 673 771
f 673 674 771
f 771 674 772
f 674 675 772
f 772 675 773
f 675 676 773
f 773 676 774
f 676 677 774
f 774 677 775
f 677 678 775
f 775 678 776
f 678 679 776
f 776 679 777
f 679 680 777
f 777 680 778
f 680 681 778
f 778 681 779
f 681 682 779
f 779 682 780
f 682 683 780
f 780 683 781
f 683 684 781
f 781 684 782
f 684 685 782
f 782 685 783
f 685 686 783
f 783 686 784
f 686 687 784
f 784 687 785
f 687 688 785
f 785 688 786
f 688 689 786
f 786 689 787
f 689 690 787
f 787 690 788
f 690 691 788
f 788 691 789
f 691 692 789
f 789 692 790
f 692 693 790
f 790 693 791
f 693 694 791
f 791 694 792
f 694 695 792
f 792 695 793
f 695 696 793
f 793 696 794
f 696 697 794
f 794 697 795
f 697 698 795
f 795 698 796
f 698 699 796
f 796 699 797
f 699 700 797
f 797 700 798
f 700 701 798
f 798 701 799
f 701 702 799
f 799 702 800
f 702 703 800
f 800 703 801
f 703 704 801
f 801 704 802
f 704 705 802
f 802 705 803
f 705 706 803
f 804 707 805
f 707 708 805
f 805 708 806
f 708 709 806
f 806 709 807
f 709 710 807
f 807 710 808
f 710 711 808
f 808 711 809
f 711 712 809
f 809 712 810
f 712 713 810
f 810 713 811
f 713 714 811
f 811 714 812
f 714 715 812
f 812 715 813
f 715 716 813
f 813 716 814
f 716 717 814
f 814 717 815
f 717 718 815
f 815 718 816
f 718 719 816
f 816 719 817
f 719 720 817
f 817 720 818
f 720 721 818
f 818 721 819
f 721 722 819
f 819 722 820
f 722 723 820
f 820 723 821
f 723 724 821
f 821 724 822
f 724 725 822
f 822 725 823
f 725 726 823
f 823 726 824
f 726 727 824
f 824 727 825
f 727 728 825
f 825 728 826
f 728 729 826
f 826 729 827
f 729 730 827
f 827 730 828
f 730 731 828
f 828 731 829
f 731 732 829
f 829 732 830
f 732 733 830
f 830 733 831
f 733 734 831
f 831 734 832
f 734 735 832
f 832 735 833
f 735 736 833
f 833 736 834
f 736 737 834
f 834 737 835
f 737 738 835
f 835 738 836
f 738 739 836
f 836 739 837
f 739 740 837
f 837 740 838
f 740 741 838
f 838 741 839
f 741 742 839
f 839 742 840
f 742 743 840
f 840 743 841
f 743 744 841
f 841 744 842
f 744 745 842
f 842 745 843
f 745 746 843
f 843 746 844
f 746 747 844
f 844 747 845
f 747 748 845
f 845 748 846
f 748 749 846
f 846 749 847
f 749 750 847
f 847 750 848
f 750 751 848
f 848 751 849
f 751 752 849
f 849 752 850
f 752 753 850
f 850 753 851
f 753 754 851
f 851 754 852
f 754 755 852
f 852 755 853
f 755 756 853
f 853 756 854
f 756 757 854
f 854 757 855
f 757 758 855
f 855 758 856
f 758 759 856
f 856 759 857
f 759 760 857
f 857 760 858
f 760 761 858
f 858 761 859
f 761 762 859
f 859 762 860
f 762 763 860
f 860 763 861
f 763 764 861
f 861 764 862
f 764 765 862
f 862 765 863
f 765 766 863
f 863 766 864
f 766 767 864
f 864 767 865
f 767 768 865
f 865 768 866
f 768 769 866
f 866 769 867
f 769 770 867
f 867 770 868
f 770 771 868
f 868 771 869
f 771 772 869
f 869 772 870
f 772 773 870
f 870 773 871
f 773 774 871
f 871 774 872
f 774 775 872
f 872 775 873
f 775 776 873
f 873 776 874
f 776 777 874
f 874 777 875
f 777 778 875
f 875 778 876
f 778 779 876
f 876 779 877
f 779 780 877
f 877 780 878
f 780 781 878
f 878 781 879
f 781 782 879
f 879 782 880
f 782 783 880
f 880 783 881
f 783 784 881
f 881 784 882
f 784 785 882
f 882 785 883
f 785 786 883
f 883 786 884
f 786 787 884
f 884 787 885
f 787 788 885
f 885 788 886
f 788 789 886
f 886 789 887
f 789 790 887
f 887 790 888
f 790 791 888
f 888 791 889
f 791 792 889
f 889 792 890
f 792 793 890
f 890 793 891
f 793 794 891
f 891 794 892
f 794 795 892
f 892 795 893
f 795 796 893
f 893 796 894
f 796 797 894
f 894 797 895
f 797 798 895
f 895 798 896
f 798 799 896
f 896 799 897
f 799 800 897
f 897 800 898
f 800 801 898
f 898 801 899
f 801 802 899
f 899 802 900
f 802 803 900
f 901 804 902
f 804 805 902
f 902 805 903
f 805 806 903
f 903 806 904
f 806 807 904
f 904 807 905
f 807 808 905
f 905 808 906
f 808 809 906
f 906 809 907
f 809 810 907
f 907 810 908
f 810 811 908
f 908 811 909
f 811 812 909
f 909 812 910
f 812 813 910
f 910 813 911
f 813 814 911
f 911 814 912
f 814 815 912
f 912 815 913
f 815 816 913
f 913 816 914
f 816 817 914
f 914 817 915
f 817 818 915
f 915 818 916
f 818 819 916
f 916 819 917
f 819 820 917
f 917 820 918
f 820 821 918
f 918 821 919
f 821 822 919
f 919 822 920
f 822 823 920
f 920 823 921
f 823 824 921
f 921 824 922
f 824 825 922
f 922 825 923
f 825 826 923
f 923 826 924
f 826 827 924
f 924 827 925
f 827 828 925
f 925 828 926
f 828 829 926
f 926 829 927
f 829 830 927
f 927 830 928
f 830 831 928
f 928 831 929
f 831 832 929
f 929 832 930
f 832 833 930
f 930 833 931
f 833 834 931
f 931 834 932
f 834 835 932
f 932 835 933
f 835 836 933
f 933 836 934
f 836 837 934
f 934 837 935
f 837 838 935
f 935 838 936
f 838 839 936
f 936 839 937
f 839 840 937
f 937 840 938
f 840 841 938
f 938 841 939
f 841 842 939
f 939 842 940
f 842 843 940
f 940 843 941
f 843 844 941
f 941 844 942
f 844 845 942
f 942 845 943
f 845 846 943
f 943 846 944
f 846 847 944
f 944 847 945
f 847 848 945
f 945 848 946
f 848 849 946
f 946 849 947
f 849 850 947
f 947 850 948
f 850 851 948
f 948 851 949
f 851 852 949
f 949 852 950
f 852 853 950
f 950 853 951
f 853 854 951
f 951 854 952
f 854 855 952
f 952 855 953
f 855 856 953
f 953 856 954
f 856 857 954
f 954 857 955
f 857 858 955
f 955 858 956
f 858 859 956
f 956 859 957
f 859 860 957
f 957 860 958
f 860 861 958
f 958 861 959
f 861 862 959
f 959 862 960
f 862 863 960
f 960 863 961
f 863 864 961
f 961 864 962
f 864 865 962
f 962 865 963
f 865 866 963
f 963 866 964
f 866 867 964
f 964 867 965
f 867 868 965
f 965 868 966
f 868 869 966
f 966 869 967
f 869 870 967
f 967 870 968
f 870 871 968
f 968 871 969
f 871 872 969
f 969 872 970
f 872 873 970
f 970 873 971
f 873 874 971
f 971 874 972
f 874 875 972
f 972 875 973
f 875 876 973
f 973 876 974
f 876 877 974
f 974 877 975
f 877 878 975
f 975 878 976
f 878 879 976
f 976 879 977
f 879 880 977
f 977 880 978
f 880 881 978
f 978 881 979
f 881 882 979
f 979 882 980
f 882 883 980
f 980 883 981
f 883 884 981
f 981 884 982
f 884 885 982
f 982 885 983
f 885 886 983
f 983 886 984
f 886 887 984
f 984 887 985
f 887 888 985
f 985 888 986
f 888 889 986
f 986 889 987
f 889 890 987
f 987 890 988
f 890 891 988
f 988 891 989
f 891 892 989
f 989 892 990
f 892 893 990
f 990 893 991
f 893 894 991
f 991 894 992
f 894 895 992
f 992 895 993
f 895 896 993
f 993 896 994
f 896 897 994
f 994 897 995
f 897 898 995
f 995 898 996
f 898 899 996
f 996 899 997
f 899 900 997
f 998 901 999
f 901 902 999
f 999 902 1000
f 902 903 1000
f 1000 903 1001
f 903 904 1001
f 1001 904 1002
f 904 905 1002
f 1002 905 1003
f 905 906 1003
f 1003 906 1004
f 906 907 1004
f 1004 907 1005
f 907 908 1005
f 1005 908 1006
f 908 909 1006
f 1006 909 1007
f 909 910 1007
f 1007 910 1008
f 910 911 1008
f 1008 911 1009
f 911 912 1009
f 1009 912 1010
f 912 913 1010
f 1010 913 1011
f 913 914 1011
f 1011 914 1012
f 914 915 1012
f 1012 915 1013
f 915 916 1013
f 1013 916 1014
f 916 917 1014
f 1014 917 1015
f 917 918 1015
f 1015 918 1016
f 918 919 1016
f 1016 919 1017
f 919 920 1017
f 1017 920 1018
f 920 921 1018
f 1018 921 1019
f 921 922 1019
f 1019 922 1020
f 922 923 1020
f 1020 923 1021
f 923 924 1021
f 1021 924 1022
f 924 925 1022
f 1022 925 1023
f 925 926 1023
f 1023 926 1024
f 926 927 1024
f 1024 927 1025
f 927 928 1025
f 1025 928 1026
f 928 929 1026
f 1026 929 1027
f 929 930 1027
f 1027 930 1028
f 930 931 1028
f 1028 931 1029
f 931 932 1029
f 1029 932 1030
f 932 933 1030
f 1030 933 1031
f 933 934 1031
f 1031 934 1032
f 934 935 1032
f 1032 935 1033
f 935 936 1033
f 1033 936 1034
f 936 937 1034
f 1034 937 1035
f 937 938 1035
f 1035 938 1036
f 938 939 1036
f 1036 939 1037
f 939 940 1037
f 1037 940 1038
f 940 941 1038
f 1038 941 1039
f 941 942 1039
f 1039 942 1040
f 942 943 1040
f 1040 943 1041
f 943 944 1041
f 1041 944 1042
f 944 945 1042
f 1042 945 1043
f 945 946 1043
f 1043 946 1044
f 946 947 1044
f 1044 947 1045
f 947 948 1045
f 1045 948 1046
f 948 949 1046
f 1046 949 1047
f 949 950 1047
f 1047 950 1048
f 950 951 1048
f 1048 951 1049
f 951 952 1049
f 1049 952 1050
f 952 953 1050
f 1050 953 1051
f 953 954 1051
f 1051 954 1052
f 954 955 1052
f 1052 955 1053
f 955 956 1053
f 1053 956 1054
f 956 957 1054
f 1054 957 1055
f 957 958 1055
f 1055 958 1056
f 958 959 1056
f 1056 959 1057
f 959 960 1057
f 1057 960 1058
f 960 961 1058
f 1058 961 1059
f 961 962 1059
f 1059 962 1060
f 962 963 1060
f 1060 963 1061
f 963 964 1061
f 1061 964 1062
f 964 965 1062
f 1062 965 1063
f 965 966 1063
f 1063 966 1064
f 966 967 1064
f 1064 967 1065
f 967 968 1065
f 1065 968 1066
f 968 969 1066
f 1066 969 1067
f 969 970 1067
f 1067 970 1068
f 970 971 1068
f 1068 971 1069
f 971 972 1069
f 1069 972 1070
f 972 973 1070
f 1070 973 1071
f 973 974 1071
f 1071 974 1072
f 974 975 1072
f 1072 975 1073
f 975 976 1073
f 1073 976 1074
f 976 977 1074
f 1074 977 1075
f 977 978 1075
f 1075 978 1076
f 978 979 1076
f 1076 979 1077
f 979 980 1077
f 1077 980 1078
f 980 981 1078
f 1078 981 1079
f 981 982 1079
f 1079 982 1080
f 982 983 1080
f 1080 983 1081
f 983 984 1081
f 1081 984 1082
f 984 985 1082
f 1082 985 1083
f 985 986 1083
f 1083 986 1084
f 986 987 1084
f 1084 987 1085
f 987 988 1085
f 1085 988 1086
f 988 989 1086
f 1086 989 1087
f 989 990 1087
f 1087 990 1088
f 990 991 1088
f 1088 991 1089
f 991 992 1089
f 1089 992 1090
f 992 993 1090
f 1090 993 1091
f 993 994 1091
f 1091 994 1092
f 994 995 1092
f 1092 995 1093
f 995 996 1093
f 1093 996 1094
f 996 997 1094
f 1095 998 1096
f 998 999 1096
f 1096 999 1097
f 999 1000 1097
f 1097 1000 1098
f 1000 1001 1098
f 1098 1001 1099
f 1001 1002 1099
f 1099 1002 1100
f 1002 1003 1100
f 1100 1003 1101
f 1003 1004 1101
f 1101 1004 1102
f 1004 1005 1102
f 1102 1005 1103
f 1005 1006 1103
f 1103 1006 1104
f 1006 1007 1104
f 1104 1007 1105
f 1007 1008 1105
f 1105 1008 1106
f 1008 1009 1106
f 1106 1009 1107
f 1009 1010 1107
f 1107 1010 1108
f 1010 1011 1108
f 1108 1011 1109
f 1011 1012 1109
f 1109 1012 1110
f 1012 1013 1110
f 1110 1013 1111
f 1013 1014 1111
f 1111 1014 1112
f 1014 1015 1112
f 1112 1015 1113
f 1015 1016 1113
f 1113 1016 1114
f 1016 1017 1114
f 1114 1017 1115
f 1017 1018 1115
f 1115 1018 1116
f 1018 1019 1116
f 1116 1019 1117
f 1019 1020 1117
f 1117 1020 1118
f 1020 1021 1118
f 1118 1021 1119
f 1021 1022 1119
f 1119 1022 1120
f 1022 1023 1120
f 1120 1023 1121
f 1023 1024 1121
f 1121 1024 1122
f 1024 1025 1122
f 1122 1025 1123
f 1025 1026 1123
f 1123 1026 1124
f 1026 1027 1124
f 1124 1027 1125
f 1027 1028 1125
f 1125 1028 1126
f 1028 1029 1126
f 1126 1029 1127
f 1029 1030 1127
f 1127 1030 1128
f 1030 1031 1128
f 1128 1031 1129
f 1031 1032 1129
f 1129 1032 1130
f 1032 1033 1130
f 1130 1033 1131
f 1033 1034 1131
f 1131 1034 1132
f 1034 1035 1132
f 1132 1035 1133
f 1035 1036 1133
f 1133 1036 1134
f 1036 1037 1134
f 1134 1037 1135
f 1037 1038 1135
f 1135 1038 1136
f 1038 1039 1136
f 1136 1039 1137
f 1039 1040 1137
f 1137 1040 1138
f 1040 1041 1138
f 1138 1041 1139
f 1041 1042 1139
f 1139 1042 1140
f 1042 1043 1140
f 1140 1043 1141
f 1043 1044 1141
f 1141 1044 1142
f 1044 1045 1142
f 1142 1045 1143
f 1045 1046 1143
f 1143 1046 1144
f 1046 1047 1144
f 1144 1047 1145
f 1047 1048 1145
f 1145 1048 1146
f 1048 1049 1146
f 1146 1049 1147
f 1049 1050 1147
f 1147 1050 1148
f 1050 1051 1148
f 1148 1051 1149
f 1051 1052 1149
f 1149 1052 1150
f 1052 1053 1150
f 1150 1053 1151
f 1053 1054 1151
f 1151 1054 1152
f 1054 1055 1152
f 1152 1055 1153
f 1055 1056 1153
f 1153 1056 1154
f 1056 1057 1154
f 1154 1057 1155
f 1057 1058 1155
f 1155 1058 1156
f 1058 1059 1156
f 1156 1059 1157
f 1059 1060 1157
f 1157 1060 1158
f 1060 1061 1158
f 1158 1061 1159
f 1061 1062 1159
f 1159 1062 1160
f 1062 1063 1160
f 1160 1063 1161
f 1063 1064 1161
f 1161 1064 1162
f 1064 1065 1162
f 1162 1065 1163
f 1065 1066 1163
f 1163 1066 1164
f 1066 1067 1164
f 1164 1067 1165
f 1067 1068 1165
f 1165 1068 1166
f 1068 1069 1166
f 1166 1069 1167
f 1069 1070 1167
f 1167 1070 1168
f 1070 1071 1168
f 1168 1071 1169
f 1071 1072 1169
f 1169 1072 1170
f 1072 1073 1170
f 1170 1073 1171
f 1073 1074 1171
f 1171 1074 1172
f 1074 1075 1172
f 1172 1075 1173
f 1075 1076 1173
f 1173 1076 1174
f 1076 1077 1174
f 1174 1077 1175
f 1077 1078 1175
f 1175 1078 1176
f 1078 1079 1176
f 1176 1079 1177
f 1079 1080 1177
f 1177 1080 1178
f 1080 1081 1178
f 1178 1081 1179
f 1081 1082 1179
f 1179 1082 1180
f 1082 1083 1180
f 1180 1083 1181
f 1083 1084 1181
f 1181 1084 1182
f 1084 1085 1182
f 1182 1085 1183
f 1085 1086 1183
f 1183 1086 1184
f 1086 1087 1184
f 1184 1087 1185
f 1087 1088 1185
f 1185 1088 1186
f 1088 1089 1186
f 1186 1089 1187
f 1089 1090 1187
f 1187 1090 1188
f 1090 1091 1188
f 1188 1091 1189
f 1091 1092 1189
f 1189 1092 1190
f 1092 1093 1190
f 1190 1093 1191
f 1093 1094 1191
f 1192 1095 1193
f 1095 1096 1193
f 1193 1096 1194
f 1096 1097 1194
f 1194 1097 1195
f 1097 1098 1195
f 1195 1098 1196
f 1098 1099 1196
f 1196 1099 1197
f 1099 1100 1197
f 1197 1100 1198
f 1100 1101 1198
f 1198 1101 1199
f 1101 1102 1199
f 1199 1102 1200
f 1102 1103 1200
f 1200 1103 1201
f 1103 1104 1201
f 1201 1104 1202
f 1104 1105 1202
f 1202 1105 1203
f 1105 1106 1203
f 1203 1106 1204
f 1106 1107 1204
f 1204 1107 1205
f 1107 1108 1205
f 1205 1108 1206
f 1108 1109 1206
f 1206 1109 1207
f 1109 1110 1207
f 1207 1110 1208
f 1110 1111 1208
f 1208 1111 1209
f 1111 1112 1209
f 1209 1112 1210
f 1112 1113 1210
f 1210 1113 1211
f 1113 1114 1211
f 1211 1114 1212
f 1114 1115 1212
f 1212 1115 1213
f 1115 1116 1213
f 1213 1116 1214
f 1116 1117 1214
f 1214 1117 1215
f 1117 1118 1215
f 1215 1118 1216
f 1118 1119 1216
f 1216 1119 1217
f 1119 1120 1217
f 1217 1120 1218
f 1120 1121 1218
f 1218 1121 1219
f 1121 1122 1219
f 1219 1122 1220
f 1122 1123 1220
f 1220 1123 1221
f 1123 1124 1221
f 1221 1124 1222
f 1124 1125 1222
f 1222 1125 1223
f 1125 1126 1223
f 1223 1126 1224
f 1126 1127 1224
f 1224 1127 1225
f 1127 1128 1225
f 1225 1128 1226
f 1128 1129 1226
f 1226 1129 1227
f 1129 1130 1227
f 1227 1130 1228
f 1130 1131 1228
f 1228 1131 1229
f 1131 1132 1229
f 1229 1132 1230
f 1132 1133 1230
f 1230 1133 1231
f 1133 1134 1231
f 1231 1134 1232
f 1134 1135 1232
f 1232 1135 1233
f 1135 1136 1233
f 1233 1136 1234
f 1136 1137 1234
f 1234 1137 1235
f 1137 1138 1235
f 1235 1138 1236
f 1138 1139 1236
f 1236 1139 1237
f 1139 1140 1237
f 1237 1140 1238
f 1140 1141 1238
f 1238 1141 1239
f 1141 1142 1239
f 1239 1142 1240
f 1142 1143 1240
f 1240 1143 1241
f 1143 1144 1241
f 1241 1144 1242
f 1144 1145 1242
f 1242 1145 1243
f 1145 1146 1243
f 1243 1146 1244
f 1146 1147 1244
f 1244 1147 1245
f 1147 1148 1245
f 1245 1148 1246
f 1148 1149 1246
f 1246 1149 1247
f 1149 1150 1247
f 1247 1150 1248
f 1150 1151 1248
f 1248 1151 1249
f 1151 1152 1249
f 1249 1152 1250
f 1152 1153 1250
f 1250 1153 1251
f 1153 1154 1251
f 1251 1154 1252
f 1154 1155 1252
f 1252 1155 1253
f 1155 1156 1253
f 1253 1156 1254
f 1156 1157 1254
f 1254 1157 1255
f 1157 1158 1255
f 1255 1158 1256
f 1158 1159 1256
f 1256 1159 1257
f 1159 1160 1257
f 1257 1160 1258
f 1160 1161 1258
f 1258 1161 1259
f 1161 1162 1259
f 1259 1162 1260
f 1162 1163 1260
f 1260 1163 1261
f 1163 1164 1261
f 1261 1164 1262
f 1164 1165 1262
f 1262 1165 1263
f 1165 1166 1263
f 1263 1166 1264
f 1166 1167 1264
f 1264 1167 1265
f 1167 1168 1265
f 1265 1168 1266
f 1168 1169 1266
f 1266 1169 1267
f 1169 1170 1267
f 1267 1170 1268
f 1170 1171 1268
f 1268 1171 1269
f 1171 1172 1269
f 1269 1172 1270
f 1172 1173 1270
f 1270 1173 1271
f 1173 1174 1271
f 1271 1174 1272
f 1174 1175 1272
f 1272 1175 1273
f 1175 1176 1273
f 1273 1176 1274
f 1176 1177 1274
f 1274 1177 1275
f 1177 1178 1275
f 1275 1178 1276
f 1178 1179 1276
f 1276 1179 1277
f 1179 1180 1277
f 1277 1180 1278
f 1180 1181 1278
f 1278 1181 1279
f 1181 1182 1279
f 1279 1182 1280
f 1182 1183 1280
f 1280 1183 1281
f 1183 1184 1281
f 1281 1184 1282
f 1184 1185 1282
f 1282 1185 1283
f 1185 1186 1283
f 1283 1186 1284
f 1186 1187 1284
f 1284 1187 1285
f 1187 1188 1285
f 1285 1188 1286
f 1188 1189 1286
f 1286 1189 1287
f 1189 1190 1287
f 1287 1190 1288
f 1190 1191 1288
f 1289 1192 1290
f 1192 1193 1290
f 1290 1193 1291
f 1193 1194 1291
f 1291 1194 1292
f 1194 1195 1292
f 1292 1195 1293
f 1195 1196 1293
f 1293 1196 1294
f 1196 1197 1294
f 1294 1197 1295
f 1197 1198 1295
f 1295 1198 1296
f 1198 1199 1296
f 1296 1199 1297
f 1199 1200 1297
f 1297 1200 1298
f 1200 1201 1298
f 1298 1201 1299
f 1201 1202 1299
f 1299 1202 1300
f 1202 1203 1300
f 1300 1203 1301
f 1203 1204 1301
f 1301 1204 1302
f 1204 1205 1302
f 1302 1205 1303
f 1205 1206 1303
f 1303 1206 1304
f 1206 1207 1304
f 1304 1207 1305
f 1207 1208 1305
f 1305 1208 1306
f 1208 1209 1306
f 1306 1209 1307
f 1209 1210 1307
f 1307 1210 1308
f 1210 1211 1308
f 1308 1211 1309
f 1211 1212 1309
f 1309 1212 1310
f 1212 1213 1310
f 1310 1213 1311
f 1213 1214 1311
f 1311 1214 1312
f 1214 1215 1312
f 1312 1215 1313
f 1215 1216 1313
f 1313 1216 1314
f 1216 1217 1314
f 1314 1217 1315
f 1217 1218 1315
f 1315 1218 1316
f 1218 1219 1316
f 1316 1219 1317
f 1219 1220 1317
f 1317 1220 1318
f 1220 1221 1318
f 1318 1221 1319
f 1221 1222 1319
f 1319 1222 1320
f 1222 1223 1320
f 1320 1223 1321
f 1223 1224 1321
f 1321 1224 1322
f 1224 1225 1322
f 1322 1225 1323
f 1225 1226 1323
f 1323 1226 1324
f 1226 1227 1324
f 1324 1227 1325
f 1227 1228 1325
f 1325 1228 1326
f 1228 1229 1326
f 1326 1229 1327
f 1229 1230 1327
f 1327 1230 1328
f 1230 1231 1328
f 1328 1231 1329
f 1231 1232 1329
f 1329 1232 1330
f 1232 1233 1330
f 1330 1233 1331
f 1233 1234 1331
f 1331 1234 1332
f 1234 1235 1332
f 1332 1235 1333
f 1235 1236 1333
f 1333 1236 1334
f 1236 1237 1334
f 1334 1237 1335
f 1237 1238 1335
f 1335 1238 1336
f 1238 1239 1336
f 1336 1239 1337
f 1239 1240 1337
f 1337 1240 1338
f 1240 1241 1338
f 1338 1241 1339
f 1241 1242 1339
f 1339 1242 1340
f 1242 1243 1340
f 1340 1243 1341
f 1243 1244 1341
f 1341 1244 1342
f 1244 1245 1342
f 1342 1245 1343
f 1245 1246 1343
f 1343 1246 1344
f 1246 1247 1344
f 1344 1247 1345
f 1247 1248 1345
f 1345 1248 1346
f 1248 1249 1346
f 1346 1249 1347
f 1249 1250 1347
f 1347 1250 1348
f 1250 1251 1348
f 1348 1251 1349
f 1251 1252 1349
f 1349 1252 1350
f 1252 1253 1350
f 1350 1253 1351
f 1253 1254 1351
f 1351 1254 1352
f 1254 1255 1352
f 1352 1255 1353
f 1255 1256 1353
f 1353 1256 1354
f 1256 1257 1354
f 1354 1257 1355
f 1257 1258 1355
f 1355 1258 1356
f 1258 1259 1356
f 1356 1259 1357
f 1259 1260 1357
f 1357 1260 1358
f 1260 1261 1358
f 1358 1261 1359
f 1261 1262 1359
f 1359 1262 1360
f 1262 1263 1360
f 1360 1263 1361
f 1263 1264 1361
f 1361 1264 1362
f 1264 1265 1362
f 1362 1265 1363
f 1265 1266 1363
f 1363 1266 1364
f 1266 1267 1364
f 1364 1267 1365
f 1267 1268 1365
f 1365 1268 1366
f 1268 1269 1366
f 1366 1269 1367
f 1269 1270 1367
f 1367 1270 1368
f 1270 1271 1368
f 1368 1271 1369
f 1271 1272 1369
f 1369 1272 1370
f 1272 1273 1370
f 1370 1273 1371
f 1273 1274 1371
f 1371 1274 1372
f 1274 1275 1372
f 1372 1275 1373
f 1275 1276 1373
f 1373 1276 1374
f 1276 1277 1374
f 1374 1277 1375
f 1277 1278 1375
f 1375 1278 1376
f 1278 1279 1376
f 1376 1279 1377
f 1279 1280 1377
f 1377 1280 1378
f 1280 1281 1378
f 1378 1281 1379
f 1281 1282 1379
f 1379 1282 1380
f 1282 1283 1380
f 1380 1283 1381
f 1283 1284 1381
f 1381 1284 1382
f 1284 1285 1382
f 1382 1285 1383
f 1285 1286 1383
f 1383 1286 1384
f 1286 1287 1384
f 1384 1287 1385
f 1287 1288 1385
f 1386 1289 1387
f 1289 1290 1387
f 1387 1290 1388
f 1290 1291 1388
f 1388 1291 1389
f 1291 1292 1389
f 1389 1292 1390
f 1292 1293 1390
f 1390 1293 1391
f 1293 1294 1391
f 1391 1294 1392
f 1294 1295 1392
f 1392 1295 1393
f 1295 1296 1393
f 1393 1296 1394
f 1296 1297 1394
f 1394 1297 1395
f 1297 1298 1395
f 1395 1298 1396
f 1298 1299 1396
f 1396 1299 1397
f 1299 1300 1397
f 1397 1300 1398
f 1300 1301 1398
f 1398 1301 1399
f 1301 1302 1399
f 1399 1302 1400
f 1302 1303 1400
f 1400 1303 1401
f 1303 1304 1401
f 1401 1304 1402
f 1304 1305 1402
f 1402 1305 1403
f 1305 1306 1403
f 1403 1306 1404
f 1306 1307 1404
f 1404 1307 1405
f 1307 1308 1405
f 1405 1308 1406
f 1308 1309 1406
f 1406 1309 1407
f 1309 1310 1407
f 1407 1310 1408
f 1310 1311 1408
f 1408 1311 1409
f 1311 1312 1409
f 1409 1312 1410
f 1312 1313 1410
f 1410 1313 1411
f 1313 1314 1411
f 1411 1314 1412
f 1314 1315 1412
f 1412 1315 1413
f 1315 1316 1413
f 1413 1316 1414
f 1316 1317 1414
f 1414 1317 1415
f 1317 1318 1415
f 1415 1318 1416
f 1318 1319 1416
f 1416 1319 1417
f 1319 1320 1417
f 1417 1320 1418
f 1320 1321 1418
f 1418 1321 1419
f 1321 1322 1419
f 1419 1322 1420
f 1322 1323 1420
f 1420 1323 1421
f 1323 1324 1421
f 1421 1324 1422
f 1324 1325 1422
f 1422 1325 1423
f 1325 1326 1423
f 1423 1326 1424
f 1326 1327 1424
f 1424 1327 1425
f 1327 1328 1425
f 1425 1328 1426
f 1328 1329 1426
f 1426 1329 1427
f 1329 1330 1427
f 1427 1330 1428
f 1330 1331 1428
f 1428 1331 1429
f 1331 1332 1429
f 1429 1332 1430
f 1332 1333 1430
f 1430 1333 1431
f 1333 1334 1431
f 1431 1334 1432
f 1334 1335 1432
f 1432 1335 1433
f 1335 1336 1433
f 1433 1336 1434
f 1336 1337 1434
f 1434 1337 1435
f 1337 1338 1435
f 1435 1338 1436
f 1338 1339 1436
f 1436 1339 1437
f 1339 1340 1437
f 1437 1340 1438
f 1340 1341 1438
f 1438 1341 1439
f 1341 1342 1439
f 1439 1342 1440
f 1342 1343 1440
f 1440 1343 1441
f 1343 1344 1441
f 1441 1344 1442
f 1344 1345 1442
f 1442 1345 1443
f 1345 1346 1443
f 1443 1346 1444
f 1346 1347 1444
f 1444 1347 1445
f 1347 1348 1445
f 1445 1348 1446
f 1348 1349 1446
f 1446 1349 1447
f 1349 1350 1447
f 1447 1350 1448
f 1350 1351 1448
f 1448 1351 1449
f 1351 1352 1449
f 1449 1352 1450
f 1352 1353 1450
f 1450 1353 1451
f 1353 1354 1451
f 1451 1354 1452
f 1354 1355 1452
f 1452 1355 1453
f 1355 1356 1453
f 1453 1356 1454
f 1356 1357 1454
f 1454 1357 1455
f 1357 1358 1455
f 1455 1358 1456
f 1358 1359 1456
f 1456 1359 1457
f 1359 1360 1457
f 1457 1360 1458
f 1360 1361 1458
f 1458 1361 1459
f 1361 1362 1459
f 1459 1362 1460
f 1362 1363 1460
f 1460 1363 1461
f 1363 1364 1461
f 1461 1364 1462
f 1364 1365 1462
f 1462 1365 1463
f 1365 1366 1463
f 1463 1366 1464
f 1366 1367 1464
f 1464 1367 1465
f 1367 1368 1465
f 1465 1368 1466
f 1368 1369 1466
f 1466 1369 1467
f 1369 1370 1467
f 1467 1370 1468
f 1370 1371 1468
f 1468 1371 1469
f 1371 1372 1469
f 1469 1372 1470
f 1372 1373 1470
f 1470 1373 1471
f 1373 1374 1471
f 1471 1374 1472
f 1374 1375 1472
f 1472 1375 1473
f 1375 1376 1473
f 1473 1376 1474
f 1376 1377 1474
f 1474 1377 1475
f 1377 1378 1475
f 1475 1378 1476
f 1378 1379 1476
f 1476 1379 1477
f 1379 1380 1477
f 1477 1380 1478
f 1380 1381 1478
f 1478 1381 1479
f 1381 1382 1479
f 1479 1382 1480
f 1382 1383 1480
f 1480 1383 1481
f 1383 1384 1481
f 1481 1384 1482
f 1384 1385 1482
f 1483 1386 1484
f 1386 1387 1484
f 1484 1387 1485
f 1387 1388 1485
f 1485 1388 1486
f 1388 1389 1486
f 1486 1389 1487
f 1389 1390 1487
f 1487 1390 1488
f 1390 1391 1488
f 1488 1391 1489
f 1391 1392 1489
f 1489 1392 1490
f 1392 1393 1490
f 1490 1393 1491
f 1393 1394 1491
f 1491 1394 1492
f 1394 1395 1492
f 1492 1395 1493
f 1395 1396 1493
f 1493 1396 1494
f 1396 1397 1494
f 1494 1397 1495
f 1397 1398 1495
f 1495 1398 1496
f 1398 1399 1496
f 1496 1399 1497
f 1399 1400 1497
f 1497 1400 1498
f 1400 1401 1498
f 1498 1401 1499
f 1401 1402 1499
f 1499 1402 1500
f 1402 1403 1500
f 1500 1403 1501
f 1403 1404 1501
f 1501 1404 1502
f 1404 1405 1502
f 1502 1405 1503
f 1405 1406 1503
f 1503 1406 1504
f 1406 1407 1504
f 1504 1407 1505
f 1407 1408 1505
f 1505 1408 1506
f 1408 1409 1506
f 1506 1409 1507
f 1409 1410 1507
f 1507 1410 1508
f 1410 1411 1508
f 1508 1411 1509
f 1411 1412 1509
f 1509 1412 1510
f 1412 1413 1510
f 1510 1413 1511
f 1413 1414 1511
f 1511 1414 1512
f 1414 1415 1512
f 1512 1415 1513
f 1415 1416 1513
f 1513 1416 1514
f 1416 1417 1514
f 1514 1417 1515
f 1417 1418 1515
f 1515 1418 1516
f 1418 1419 1516
f 1516 1419 1517
f 1419 1420 1517
f 1517 1420 1518
f 1420 1421 1518
f 1518 1421 1519
f 1421 1422 1519
f 1519 1422 1520
f 1422 1423 1520
f 1520 1423 1521
f 1423 1424 1521
f 1521 1424 1522
f 1424 1425 1522
f 1522 1425 1523
f 1425 1426 1523
f 1523 1426 1524
f 1426 1427 1524
f 1524 1427 1525
f 1427 1428 1525
f 1525 1428 1526
f 1428 1429 1526
f 1526 1429 1527
f 1429 1430 1527
f 1527 1430 1528
f 1430 1431 1528
f 1528 1431 1529
f 1431 1432 1529
f 1529 1432 1530
f 1432 1433 1530
f 1530 1433 1531
f 1433 1434 1531
f 1531 1434 1532
f 1434 1435 1532
f 1532 1435 1533
f 1435 1436 1533
f 1533 1436 1534
f 1436 1437 1534
f 1534 1437 1535
f 1437 1438 1535
f 1535 1438 1536
f 1438 1439 1536
f 1536 1439 1537
f 1439 1440 1537
f 1537 1440 1538
f 1440 1441 1538
f 1538 1441 1539
f 1441 1442 1539
f 1539 1442 1540
f 1442 1443 1540
f 1540 1443 1541
f 1443 1444 1541
f 1541 1444 1542
f 1444 1445 1542
f 1542 1445 1543
f 1445 1446 1543
f 1543 1446 1544
f 1446 1447 1544
f 1544 1447 1545
f 1447 1448 1545
f 1545 1448 1546
f 1448 1449 1546
f 1546 1449 1547
f 1449 1450 1547
f 1547 1450 1548
f 1450 1451 1548
f 1548 1451 1549
f 1451 1452 1549
f 1549 1452 1550
f 1452 1453 1550
f 1550 1453 1551
f 1453 1454 1551
f 1551 1454 1552
f 1454 1455 1552
f 1552 1455 1553
f 1455 1456 1553
f 1553 1456 1554
f 1456 1457 1554
f 1554 1457 1555
f 1457 1458 1555
f 1555 1458 1556
f 1458 1459 1556
f 1556 1459 1557
f 1459 1460 1557
f 1557 1460 1558
f 1460 1461 1558
f 1558 1461 1559
f 1461 1462 1559
f 1559 1462 1560
f 1462 1463 1560
f 1560 1463 1561
f 1463 1464 1561
f 1561 1464 1562
f 1464 1465 1562
f 1562 1465 1563
f 1465 1466 1563
f 1563 1466 1564
f 1466 1467 1564
f 1564 1467 1565
f 1467 1468 1565
f 1565 1468 1566
f 1468 1469 1566
f 1566 1469 1567
f 1469 1470 1567
f 1567 1470 1568
f 1470 1471 1568
f 1568 1471 1569
f 1471 1472 1569
f 1569 1472 1570
f 1472 1473 1570
f 1570 1473 1571
f 1473 1474 1571
f 1571 1474 1572
f 1474 1475 1572
f 1572 1475 1573
f 1475 1476 1573
f 1573 1476 1574
f 1476 1477 1574
f 1574 1477 1575
f 1477 1478 1575
f 1575 1478 1576
f 1478 1479 1576
f 1576 1479 1577
f 1479 1480 1577
f 1577 1480 1578
f 1480 1481 1578
f 1578 1481 1579
f 1481 1482 1579
f 1580 1483 1581
f 1483 1484 1581
f 1581 1484 1582
f 1484 1485 1582
f 1582 1485 1583
f 1485 1486 1583
f 1583 1486 1584
f 1486 1487 1584
f 1584 1487 1585
f 1487 1488 1585
f 1585 1488 1586
f 1488 1489 1586
f 1586 1489 1587
f 1489 1490 1587
f 1587 1490 1588
f 1490 1491 1588
f 1588 1491 1589
f 1491 1492 1589
f 1589 1492 1590
f 1492 1493 1590
f 1590 1493 1591
f 1493 1494 1591
f 1591 1494 1592
f 1494 1495 1592
f 1592 1495 1593
f 1495 1496 1593
f 1593 1496 1594
f 1496 1497 1594
f 1594 1497 1595
f 1497 1498 1595
f 1595 1498 1596
f 1498 1499 1596
f 1596 1499 1597
f 1499 1500 1597
f 1597 1500 1598
f 1500 1501 1598
f 1598 1501 1599
f 1501 1502 1599
f 1599 1502 1600
f 1502 1503 1600
f 1600 1503 1601
f 1503 1504 1601
f 1601 1504 1602
f 1504 1505 1602
f 1602 1505 1603
f 1505 1506 1603
f 1603 1506 1604
f 1506 1507 1604
f 1604 1507 1605
f 1507 1508 1605
f 1605 1508 1606
f 1508 1509 1606
f 1606 1509 1607
f 1509 1510 1607
f 1607 1510 1608
f 1510 1511 1608
f 1608 1511 1609
f 1511 1512 1609
f 1609 1512 1610
f 1512 1513 1610
f 1610 1513 1611
f 1513 1514 1611
f 1611 1514 1612
f 1514 1515 1612
f 1612 1515 1613
f 1515 1516 1613
f 1613 1516 1614
f 1516 1517 1614
f 1614 1517 1615
f 1517 1518 1615
f 1615 1518 1616
f 1518 1519 1616
f 1616 1519 1617
f 1519 1520 1617
f 1617 1520 1618
f 1520 1521 1618
f 1618 1521 1619
f 1521 1522 1619
f 1619 1522 1620
f 1522 1523 1620
f 1620 1523 1621
f 1523 1524 1621
f 1621 1524 1622
f 1524 1525 1622
f 1622 1525 1623
f 1525 1526 1623
f 1623 1526 1624
f 1526 1527 1624
f 1624 1527 1625
f 1527 1528 1625
f 1625 1528 1626
f 1528 1529 1626
f 1626 1529 1627
f 1529 1530 1627
f 1627 1530 1628
f 1530 1531 1628
f 1628 1531 1629
f 1531 1532 1629
f 1629 1532 1630
f 1532 1533 1630
f 1630 1533 1631
f 1533 1534 1631
f 1631 1534 1632
f 1534 1535 1632
f 1632 1535 1633
f 1535 1536 1633
f 1633 1536 1634
f 1536 1537 1634
f 1634 1537 1635
f 1537 1538 1635
f 1635 1538 1636
f 1538 1539 1636
f 1636 1539 1637
f 1539 1540 1637
f 1637 1540 1638
f 1540 1541 1638
f 1638 1541 1639
f 1541 1542 1639
f 1639 1542 1640
f 1542 1543 1640
f 1640 1543 1641
f 1543 1544 1641
f 1641 1544 1642
f 1544 1545 1642
f 1642 1545 1643
f 1545 1546 1643
f 1643 1546 1644
f 1546 1547 1644
f 1644 1547 1645
f 1547 1548 1645
f 1645 1548 1646
f 1548 1549 1646
f 1646 1549 1647
f 1549 1550 1647
f 1647 1550 1648
f 1550 1551 1648
f 1648 1551 1649
f 1551 1552 1649
f 1649 1552 1650
f 1552 1553 1650
f 1650 1553 1651
f 1553 1554 1651
f 1651 1554 1652
f 1554 1555 1652
f 1652 1555 1653
f 1555 1556 1653
f 1653 1556 1654
f 1556 1557 1654
f 1654 1557 1655
f 1557 1558 1655
f 1655 1558 1656
f 1558 1559 1656
f 1656 1559 1657
f 1559 1560 1657
f 1657 1560 1658
f 1560 1561 1658
f 1658 1561 1659
f 1561 1562 1659
f 1659 1562 1660
f 1562 1563 1660
f 1660 1563 1661
f 1563 1564 1661
f 1661 1564 1662
f 1564 1565 1662
f 1662 1565 1663
f 1565 1566 1663
f 1663 1566 1664
f 1566 1567 1664
f 1664 1567 1665
f 1567 1568 1665
f 1665 1568 1666
f 1568 1569 1666
f 1666 1569 1667
f 1569 1570 1667
f 1667 1570 1668
f 1570 1571 1668
f 1668 1571 1669
f 1571 1572 1669
f 1669 1572 1670
f 1572 1573 1670
f 1670 1573 1671
f 1573 1574 1671
f 1671 1574 1672
f 1574 1575 1672
f 1672 1575 1673
f 1575 1576 1673
f 1673 1576 1674
f 1576 1577 1674
f 1674 1577 1675
f 1577 1578 1675
f 1675 1578 1676
f 1578 1579 1676
f 1677 1580 1678
f 1580 1581 1678
f 1678 1581 1679
f 1581 1582 1679
f 1679 1582 1680
f 1582 1583 1680
f 1680 1583 1681
f 1583 1584 1681
f 1681 1584 1682
f 1584 1585 1682
f 1682 1585 1683
f 1585 1586 1683
f 1683 1586 1684
f 1586 1587 1684
f 1684 1587 1685
f 1587 1588 1685
f 1685 1588 1686
f 1588 1589 1686
f 1686 1589 1687
f 1589 1590 1687
f 1687 1590 1688
f 1590 1591 1688
f 1688 1591 1689
f 1591 1592 1689
f 1689 1592 1690
f 1592 1593 1690
f 1690 1593 1691
f 1593 1594 1691
f 1691 1594 1692
f 1594 1595 1692
f 1692 1595 1693
f 1595 1596 1693
f 1693 1596 1694
f 1596 1597 1694
f 1694 1597 1695
f 1597 1598 1695
f 1695 1598 1696
f 1598 1599 1696
f 1696 1599 1697
f 1599 1600 1697
f 1697 1600 1698
f 1600 1601 1698
f 1698 1601 1699
f 1601 1602 1699
f 1699 1602 1700
f 1602 1603 1700
f 1700 1603 1701
f 1603 1604 1701
f 1701 1604 1702
f 1604 1605 1702
f 1702 1605 1703
f 1605 1606 1703
f 1703 1606 1704
f 1606 1607 1704
f 1704 1607 1705
f 1607 1608 1705
f 1705 1608 1706
f 1608 1609 1706
f 1706 1609 1707
f 1609 1610 1707
f 1707 1610 1708
f 1610 1611 1708
f 1708 1611 1709
f 1611 1612 1709
f 1709 1612 1710
f 1612 1613 1710
f 1710 1613 1711
f 1613 1614 1711
f 1711 1614 1712
f 1614 1615 1712
f 1712 1615 1713
f 1615 1616 1713
f 1713 1616 1714
f 1616 1617 1714
f 1714 1617 1715
f 1617 1618 1715
f 1715 1618 1716
f 1618 1619 1716
f 1716 1619 1717
f 1619 1620 1717
f 1717 1620 1718
f 1620 1621 1718
f 1718 1621 1719
f 1621 1622 1719
f 1719 1622 1720
f 1622 1623 1720
f 1720 1623 1721
f 1623 1624 1721
f 1721 1624 1722
f 1624 1625 1722
f 1722 1625 1723
f 1625 1626 1723
f 1723 1626 1724
f 1626 1627 1724
f 1724 1627 1725
f 1627 1628 1725
f 1725 1628 1726
f 1628 1629 1726
f 1726 1629 1727
f 1629 1630 1727
f 1727 1630 1728
f 1630 1631 1728
f 1728 1631 1729
f 1631 1632 1729
f 1729 1632 1730
f 1632 1633 1730
f 1730 1633 1731
f 1633 1634 1731
f 1731 1634 1732
f 1634 1635 1732
f 1732 1635 1733
f 1635 1636 1733
f 1733 1636 1734
f 1636 1637 1734
f 1734 1637 1735
f 1637 1638 1735
f 1735 1638 1736
f 1638 1639 1736
f 1736 1639 1737
f 1639 1640 1737
f 1737 1640 1738
f 1640 1641 1738
f 1738 1641 1739
f 1641 1642 1739
f 1739 1642 1740
f 1642 1643 1740
f 1740 1643 1741
f 1643 1644 1741
f 1741 1644 1742
f 1644 1645 1742
f 1742 1645 1743
f 1645 1646 1743
f 1743 1646 1744
f 1646 1647 1744
f 1744 1647 1745
f 1647 1648 1745
f 1745 1648 1746
f 1648 1649 1746
f 1746 1649 1747
f 1649 1650 1747
f 1747 1650 1748
f 1650 1651 1748
f 1748 1651 1749
f 1651 1652 1749
f 1749 1652 1750
f 1652 1653 1750
f 1750 1653 1751
f 1653 1654 1751
f 1751 1654 1752
f 1654 1655 1752
f 1752 1655 1753
f 1655 1656 1753
f 1753 1656 1754
f 1656 1657 1754
f 1754 1657 1755
f 1657 1658 1755
f 1755 1658 1756
f 1658 1659 1756
f 1756 1659 1757
f 1659 1660 1757
f 1757 1660 1758
f 1660 1661 1758
f 1758 1661 1759
f 1661 1662 1759
f 1759 1662 1760
f 1662 1663 1760
f 1760 1663 1761
f 1663 1664 1761
f 1761 1664 1762
f 1664 1665 1762
f 1762 1665 1763
f 1665 1666 1763
f 1763 1666 1764
f 1666 1667 1764
f 1764 1667 1765
f 1667 1668 1765
f 1765 1668 1766
f 1668 1669 1766
f 1766 1669 1767
f 1669 1670 1767
f 1767 1670 1768
f 1670 1671 1768
f 1768 1671 1769
f 1671 1672 1769
f 1769 1672 1770
f 1672 1673 1770
f 1770 1673 1771
f 1673 1674 1771
f 1771 1674 1772
f 1674 1675 1772
f 1772 1675 1773
f 1675 1676 1773
f 1774 1677 1775
f 1677 1678 1775
f 1775 1678 1776
f 1678 1679 1776
f 1776 1679 1777
f 1679 1680 1777
f 1777 1680 1778
f 1680 1681 1778
f 1778 1681 1779
f 1681 1682 1779
f 1779 1682 1780
f 1682 1683 1780
f 1780 1683 1781
f 1683 1684 1781
f 1781 1684 1782
f 1684 1685 1782
f 1782 1685 1783
f 1685 1686 1783
f 1783 1686 1784
f 1686 1687 1784
f 1784 1687 1785
f 1687 1688 1785
f 1785 1688 1786
f 1688 1689 1786
f 1786 1689 1787
f 1689 1690 1787
f 1787 1690 1788
f 1690 1691 1788
f 1788 1691 1789
f 1691 1692 1789
f 1789 1692 1790
f 1692 1693 1790
f 1790 1693 1791
f 1693 1694 1791
f 1791 1694 1792
f 1694 1695 1792
f 1792 1695 1793
f 1695 1696 1793
f 1793 1696 1794
f 1696 1697 1794
f 1794 1697 1795
f 1697 1698 1795
f 1795 1698 1796
f 1698 1699 1796
f 1796 1699 1797
f 1699 1700 1797
f 1797 1700 1798
f 1700 1701 1798
f 1798 1701 1799
f 1701 1702 1799
f 1799 1702 1800
f 1702 1703 1800
f 1800 1703 1801
f 1703 1704 1801
f 1801 1704 1802
f 1704 1705 1802
f 1802 1705 1803
f 1705 1706 1803
f 1803 1706 1804
f 1706 1707 1804
f 1804 1707 1805
f 1707 1708 1805
f 1805 1708 1806
f 1708 1709 1806
f 1806 1709 1807
f 1709 1710 1807
f 1807 1710 1808
f 1710 1711 1808
f 1808 1711 1809
f 1711 1712 1809
f 1809 1712 1810
f 1712 1713 1810
f 1810 1713 1811
f 1713 1714 1811
f 1811 1714 1812
f 1714 1715 1812
f 1812 1715 1813
f 1715 1716 1813
f 1813 1716 1814
f 1716 1717 1814
f 1814 1717 1815
f 1717 1718 1815
f 1815 1718 1816
f 1718 1719 1816
f 1816 1719 1817
f 1719 1720 1817
f 1817 1720 1818
f 1720 1721 1818
f 1818 1721 1819
f 1721 1722 1819
f 1819 1722 1820
f 1722 1723 1820
f 1820 1723 1821
f 1723 1724 1821
f 1821 1724 1822
f 1724 1725 1822
f 1822 1725 1823
f 1725 1726 1823
f 1823 1726 1824
f 1726 1727 1824
f 1824 1727 1825
f 1727 1728 1825
f 1825 1728 1826
f 1728 1729 1826
f 1826 1729 1827
f 1729 1730 1827
f 1827 1730 1828
f 1730 1731 1828
f 1828 1731 1829
f 1731 1732 1829
f 1829 1732 1830
f 1732 1733 1830
f 1830 1733 1831
f 1733 1734 1831
f 1831 1734 1832
f 1734 1735 1832
f 1832 1735 1833
f 1735 1736 1833
f 1833 1736 1834
f 1736 1737 1834
f 1834 1737 1835
f 1737 1738 1835
f 1835 1738 1836
f 1738 1739 1836
f 1836 1739 1837
f 1739 1740 1837
f 1837 1740 1838
f 1740 1741 1838
f 1838 1741 1839
f 1741 1742 1839
f 1839 1742 1840
f 1742 1743 1840
f 1840 1743 1841
f 1743 1744 1841
f 1841 1744 1842
f 1744 1745 1842
f 1842 1745 1843
f 1745 1746 1843
f 1843 1746 1844
f 1746 1747 1844
f 1844 1747 1845
f 1747 1748 1845
f 1845 1748 1846
f 1748 1749 1846
f 1846 1749 1847
f 1749 1750 1847
f 1847 1750 1848
f 1750 1751 1848
f 1848 1751 1849
f 1751 1752 1849
f 1849 1752 1850
f 1752 1753 1850
f 1850 1753 1851
f 1753 1754 1851
f 1851 1754 1852
f 1754 1755 1852
f 1852 1755 1853
f 1755 1756 1853
f 1853 1756 1854
f 1756 1757 1854
f 1854 1757 1855
f 1757 1758 1855
f 1855 1758 1856
f 1758 1759 1856
f 1856 1759 1857
f 1759 1760 1857
f 1857 1760 1858
f 1760 1761 1858
f 1858 1761 1859
f 1761 1762 1859
f 1859 1762 1860
f 1762 1763 1860
f 1860 1763 1861
f 1763 1764 1861
f 1861 1764 1862
f 1764 1765 1862
f 1862 1765 1863
f 1765 1766 1863
f 1863 1766 1864
f 1766 1767 1864
f 1864 1767 1865
f 1767 1768 1865
f 1865 1768 1866
f 1768 1769 1866
f 1866 1769 1867
f 1769 1770 1867
f 1867 1770 1868
f 1770 1771 1868
f 1868 1771 1869
f 1771 1772 1869
f 1869 1772 1870
f 1772 1773 1870
f 1871 1774 1872
f 1774 1775 1872
f 1872 1775 1873
f 1775 1776 1873
f 1873 1776 1874
f 1776 1777 1874
f 1874 1777 1875
f 1777 1778 1875
f 1875 1778 1876
f 1778 1779 1876
f 1876 1779 1877
f 1779 1780 1877
f 1877 1780 1878
f 1780 1781 1878
f 1878 1781 1879
f 1781 1782 1879
f 1879 1782 1880
f 1782 1783 1880
f 1880 1783 1881
f 1783 1784 1881
f 1881 1784 1882
f 1784 1785 1882
f 1882 1785 1883
f 1785 1786 1883
f 1883 1786 1884
f 1786 1787 1884
f 1884 1787 1885
f 1787 1788 1885
f 1885 1788 1886
f 1788 1789 1886
f 1886 1789 1887
f 1789 1790 1887
f 1887 1790 1888
f 1790 1791 1888
f 1888 1791 1889
f 1791 1792 1889
f 1889 1792 1890
f 1792 1793 1890
f 1890 1793 1891
f 1793 1794 1891
f 1891 1794 1892
f 1794 1795 1892
f 1892 1795 1893
f 1795 1796 1893
f 1893 1796 1894
f 1796 1797 1894
f 1894 1797 1895
f 1797 1798 1895
f 1895 1798 1896
f 1798 1799 1896
f 1896 1799 1897
f 1799 1800 1897
f 1897 1800 1898
f 1800 1801 1898
f 1898 1801 1899
f 1801 1802 1899
f 1899 1802 1900
f 1802 1803 1900
f 1900 1803 1901
f 1803 1804 1901
f 1901 1804 1902
f 1804 1805 1902
f 1902 1805 1903
f 1805 1806 1903
f 1903 1806 1904
f 1806 1807 1904
f 1904 1807 1905
f 1807 1808 1905
f 1905 1808 1906
f 1808 1809 1906
f 1906 1809 1907
f 1809 1810 1907
f 1907 1810 1908
f 1810 1811 1908
f 1908 1811 1909
f 1811 1812 1909
f 1909 1812 1910
f 1812 1813 1910
f 1910 1813 1911
f 1813 1814 1911
f 1911 1814 1912
f 1814 1815 1912
f 1912 1815 1913
f 1815 1816 1913
f 1913 1816 1914
f 1816 1817 1914
f 1914 1817 1915
f 1817 1818 1915
f 1915 1818 1916
f 1818 1819 1916
f 1916 1819 1917
f 1819 1820 1917
f 1917 1820 1918
f 1820 1821 1918
f 1918 1821 1919
f 1821 1822 1919
f 1919 1822 1920
f 1822 1823 1920
f 1920 1823 1921
f 1823 1824 1921
f 1921 1824 1922
f 1824 1825 1922
f 1922 1825 1923
f 1825 1826 1923
f 1923 1826 1924
f 1826 1827 1924
f 1924 1827 1925
f 1827 1828 1925
f 1925 1828 1926
f 1828 1829 1926
f 1926 1829 1927
f 1829 1830 1927
f 1927 1830 1928
f 1830 1831 1928
f 1928 1831 1929
f 1831 1832 1929
f 1929 1832 1930
f 1832 1833 1930
f 1930 1833 1931
f 1833 1834 1931
f 1931 1834 1932
f 1834 1835 1932
f 1932 1835 1933
f 1835 1836 1933
f 1933 1836 1934
f 1836 1837 1934
f 1934 1837 1935
f 1837 1838 1935
f 1935 1838 1936
f 1838 1839 1936
f 1936 1839 1937
f 1839 1840 1937
f 1937 1840 1938
f 1840 1841 1938
f 1938 1841 1939
f 1841 1842 1939
f 1939 1842 1940
f 1842 1843 1940
f 1940 1843 1941
f 1843 1844 1941
f 1941 1844 1942
f 1844 1845 1942
f 1942 1845 1943
f 1845 1846 1943
f 1943 1846 1944
f 1846 1847 1944
f 1944 1847 1945
f 1847 1848 1945
f 1945 1848 1946
f 1848 1849 1946
f 1946 1849 1947
f 1849 1850 1947
f 1947 1850 1948
f 1850 1851 1948
f 1948 1851 1949
f 1851 1852 1949
f 1949 1852 1950
f 1852 1853 1950
f 1950 1853 1951
f 1853 1854 1951
f 1951 1854 1952
f 1854 1855 1952
f 1952 1855 1953
f 1855 1856 1953
f 1953 1856 1954
f 1856 1857 1954
f 1954 1857 1955
f 1857 1858 1955
f 1955 1858 1956
f 1858 1859 1956
f 1956 1859 1957
f 1859 1860 1957
f 1957 1860 1958
f 1860 1861 1958
f 1958 1861 1959
f 1861 1862 1959
f 1959 1862 1960
f 1862 1863 1960
f 1960 1863 1961
f 1863 1864 1961
f 1961 1864 1962
f 1864 1865 1962
f 1962 1865 1963
f 1865 1866 1963
f 1963 1866 1964
f 1866 1867 1964
f 1964 1867 1965
f 1867 1868 1965
f 1965 1868 1966
f 1868 1869 1966
f 1966 1869 1967
f 1869 1870 1967
f 1968 1871 1969
f 1871 1872 1969
f 1969 1872 1970
f 1872 1873 1970
f 1970 1873 1971
f 1873 1874 1971
f 1971 1874 1972
f 1874 1875 1972
f 1972 1875 1973
f 1875 1876 1973
f 1973 1876 1974
f 1876 1877 1974
f 1974 1877 1975
f 1877 1878 1975
f 1975 1878 1976
f 1878 1879 1976
f 1976 1879 1977
f 1879 1880 1977
f 1977 1880 1978
f 1880 1881 1978
f 1978 1881 1979
f 1881 1882 1979
f 1979 1882 1980
f 1882 1883 1980
f 1980 1883 1981
f 1883 1884 1981
f 1981 1884 1982
f 1884 1885 1982
f 1982 1885 1983
f 1885 1886 1983
f 1983 1886 1984
f 1886 1887 1984
f 1984 1887 1985
f 1887 1888 1985
f 1985 1888 1986
f 1888 1889 1986
f 1986 1889 1987
f 1889 1890 1987
f 1987 1890 1988
f 1890 1891 1988
f 1988 1891 1989
f 1891 1892 1989
f 1989 1892 1990
f 1892 1893 1990
f 1990 1893 1991
f 1893 1894 1991
f 1991 1894 1992
f 1894 1895 1992
f 1992 1895 1993
f 1895 1896 1993
f 1993 1896 1994
f 1896 1897 1994
f 1994 1897 1995
f 1897 1898 1995
f 1995 1898 1996
f 1898 1899 1996
f 1996 1899 1997
f 1899 1900 1997
f 1997 1900 1998
f 1900 1901 1998
f 1998 1901 1999
f 1901 1902 1999
f 1999 1902 2000
f 1902 1903 2000
f 2000 1903 2001
f 1903 1904 2001
f 2001 1904 2002
f 1904 1905 2002
f 2002 1905 2003
f 1905 1906 2003
f 2003 1906 2004
f 1906 1907 2004
f 2004 1907 2005
f 1907 1908 2005
f 2005 1908 2006
f 1908 1909 2006
f 2006 1909 2007
f 1909 1910 2007
f 2007 1910 2008
f 1910 1911 2008
f 2008 1911 2009
f 1911 1912 2009
f 2009 1912 2010
f 1912 1913 2010
f 2010 1913 2011
f 1913 1914 2011
f 2011 1914 2012
f 1914 1915 2012
f 2012 1915 2013
f 1915 1916 2013
f 2013 1916 2014
f 1916 1917 2014
f 2014 1917 2015
f 1917 1918 2015
f 2015 1918 2016
f 1918 1919 2016
f 2016 1919 2017
f 1919 1920 2017
f 2017 1920 2018
f 1920 1921 2018
f 2018 1921 2019
f 1921 1922 2019
f 2019 1922 2020
f 1922 1923 2020
f 2020 1923 2021
f 1923 1924 2021
f 2021 1924 2022
f 1924 1925 2022
f 2022 1925 2023
f 1925 1926 2023
f 2023 1926 2024
f 1926 1927 2024
f 2024 1927 2025
f 1927 1928 2025
f 2025 1928 2026
f 1928 1929 2026
f 2026 1929 2027
f 1929 1930 2027
f 2027 1930 2028
f 1930 1931 2028
f 2028 1931 2029
f 1931 1932 2029
f 2029 1932 2030
f 1932 1933 2030
f 2030 1933 2031
f 1933 1934 2031
f 2031 1934 2032
f 1934 1935 2032
f 2032 1935 2033
f 1935 1936 2033
f 2033 1936 2034
f 1936 1937 2034
f 2034 1937 2035
f 1937 1938 2035
f 2035 1938 2036
f 1938 1939 2036
f 2036 1939 2037
f 1939 1940 2037
f 2037 1940 2038
f 1940 1941 2038
f 2038 1941 2039
f 1941 1942 2039
f 2039 1942 2040
f 1942 1943 2040
f 2040 1943 2041
f 1943 1944 2041
f 2041 1944 2042
f 1944 1945 2042
f 2042 1945 2043
f 1945 1946 2043
f 2043 1946 2044
f 1946 1947 2044
f 2044 1947 2045
f 1947 1948 2045
f 2045 1948 2046
f 1948 1949 2046
f 2046 1949 2047
f 1949 1950 2047
f 2047 1950 2048
f 1950 1951 2048
f 2048 1951 2049
f 1951 1952 2049
f 2049 1952 2050
f 1952 1953 2050
f 2050 1953 2051
f 1953 1954 2051
f 2051 1954 2052
f 1954 1955 2052
f 2052 1955 2053
f 1955 1956 2053
f 2053 1956 2054
f 1956 1957 2054
f 2054 1957 2055
f 1957 1958 2055
f 2055 1958 2056
f 1958 1959 2056
f 2056 1959 2057
f 1959 1960 2057
f 2057 1960 2058
f 1960 1961 2058
f 2058 1961 2059
f 1961 1962 2059
f 2059 1962 2060
f 1962 1963 2060
f 2060 1963 2061
f 1963 1964 2061
f 2061 1964 2062
f 1964 1965 2062
f 2062 1965 2063
f 1965 1966 2063
f 2063 1966 2064
f 1966 1967 2064
f 2065 1968 2066
f 1968 1969 2066
f 2066 1969 2067
f 1969 1970 2067
f 2067 1970 2068
f 1970 1971 2068
f 2068 1971 2069
f 1971 1972 2069
f 2069 1972 2070
f 1972 1973 2070
f 2070 1973 2071
f 1973 1974 2071
f 2071 1974 2072
f 1974 1975 2072
f 2072 1975 2073
f 1975 1976 2073
f 2073 1976 2074
f 1976 1977 2074
f 2074 1977 2075
f 1977 1978 2075
f 2075 1978 2076
f 1978 1979 2076
f 2076 1979 2077
f 1979 1980 2077
f 2077 1980 2078
f 1980 1981 2078
f 2078 1981 2079
f 1981 1982 2079
f 2079 1982 2080
f 1982 1983 2080
f 2080 1983 2081
f 1983 1984 2081
f 2081 1984 2082
f 1984 1985 2082
f 2082 1985 2083
f 1985 1986 2083
f 2083 1986 2084
f 1986 1987 2084
f 2084 1987 2085
f 1987 1988 2085
f 2085 1988 2086
f 1988 1989 2086
f 2086 1989 2087
f 1989 1990 2087
f 2087 1990 2088
f 1990 1991 2088
f 2088 1991 2089
f 1991 1992 2089
f 2089 1992 2090
f 1992 1993 2090
f 2090 1993 2091
f 1993 1994 2091
f 2091 1994 2092
f 1994 1995 2092
f 2092 1995 2093
f 1995 1996 2093
f 2093 1996 2094
f 1996 1997 2094
f 2094 1997 2095
f 1997 1998 2095
f 2095 1998 2096
f 1998 1999 2096
f 2096 1999 2097
f 1999 2000 2097
f 2097 2000 2098
f 2000 2001 2098
f 2098 2001 2099
f 2001 2002 2099
f 2099 2002 2100
f 2002 2003 2100
f 2100 2003 2101
f 2003 2004 2101
f 2101 2004 2102
f 2004 2005 2102
f 2102 2005 2103
f 2005 2006 2103
f 2103 2006 2104
f 2006 2007 2104
f 2104 2007 2105
f 2007 2008 2105
f 2105 2008 2106
f 2008 2009 2106
f 2106 2009 2107
f 2009 2010 2107
f 2107 2010 2108
f 2010 2011 2108
f 2108 2011 2109
f 2011 2012 2109
f 2109 2012 2110
f 2012 2013 2110
f 2110 2013 2111
f 2013 2014 2111
f 2111 2014 2112
f 2014 2015 2112
f 2112 2015 2113
f 2015 2016 2113
f 2113 2016 2114
f 2016 2017 2114
f 2114 2017 2115
f 2017 2018 2115
f 2115 2018 2116
f 2018 2019 2116
f 2116 2019 2117
f 2019 2020 2117
f 2117 2020 2118
f 2020 2021 2118
f 2118 2021 2119
f 2021 2022 2119
f 2119 2022 2120
f 2022 2023 2120
f 2120 2023 2121
f 2023 2024 2121
f 2121 2024 2122
f 2024 2025 2122
f 2122 2025 2123
f 2025 2026 2123
f 2123 2026 2124
f 2026 2027 2124
f 2124 2027 2125
f 2027 2028 2125
f 2125 2028 2126
f 2028 2029 2126
f 2126 2029 2127
f 2029 2030 2127
f 2127 2030 2128
f 2030 2031 2128
f 2128 2031 2129
f 2031 2032 2129
f 2129 2032 2130
f 2032 2033 2130
f 2130 2033 2131
f 2033 2034 2131
f 2131 2034 2132
f 2034 2035 2132
f 2132 2035 2133
f 2035 2036 2133
f 2133 2036 2134
f 2036 2037 2134
f 2134 2037 2135
f 2037 2038 2135
f 2135 2038 2136
f 2038 2039 2136
f 2136 2039 2137
f 2039 2040 2137
f 2137 2040 2138
f 2040 2041 2138
f 2138 2041 2139
f 2041 2042 2139
f 2139 2042 2140
f 2042 2043 2140
f 2140 2043 2141
f 2043 2044 2141
f 2141 2044 2142
f 2044 2045 2142
f 2142 2045 2143
f 2045 2046 2143
f 2143 2046 2144
f 2046 2047 2144
f 2144 2047 2145
f 2047 2048 2145
f 2145 2048 2146
f 2048 2049 2146
f 2146 2049 2147
f 2049 2050 2147
f 2147 2050 2148
f 2050 2051 2148
f 2148 2051 2149
f 2051 2052 2149
f 2149 2052 2150
f 2052 2053 2150
f 2150 2053 2151
f 2053 2054 2151
f 2151 2054 2152
f 2054 2055 2152
f 2152 2055 2153
f 2055 2056 2153
f 2153 2056 2154
f 2056 2057 2154
f 2154 2057 2155
f 2057 2058 2155
f 2155 2058 2156
f 2058 2059 2156
f 2156 2059 2157
f 2059 2060 2157
f 2157 2060 2158
f 2060 2061 2158
f 2158 2061 2159
f 2061 2062 2159
f 2159 2062 2160
f 2062 2063 2160
f 2160 2063 2161
f 2063 2064 2161
f 2162 2065 2163
f 2065 2066 2163
f 2163 2066 2164
f 2066 2067 2164
f 2164 2067 2165
f 2067 2068 2165
f 2165 2068 2166
f 2068 2069 2166
f 2166 2069 2167
f 2069 2070 2167
f 2167 2070 2168
f 2070 2071 2168
f 2168 2071 2169
f 2071 2072 2169
f 2169 2072 2170
f 2072 2073 2170
f 2170 2073 2171
f 2073 2074 2171
f 2171 2074 2172
f 2074 2075 2172
f 2172 2075 2173
f 2075 2076 2173
f 2173 2076 2174
f 2076 2077 2174
f 2174 2077 2175
f 2077 2078 2175
f 2175 2078 2176
f 2078 2079 2176
f 2176 2079 2177
f 2079 2080 2177
f 2177 2080 2178
f 2080 2081 2178
f 2178 2081 2179
f 2081 2082 2179
f 2179 2082 2180
f 2082 2083 2180
f 2180 2083 2181
f 2083 2084 2181
f 2181 2084 2182
f 2084 2085 2182
f 2182 2085 2183
f 2085 2086 2183
f 2183 2086 2184
f 2086 2087 2184
f 2184 2087 2185
f 2087 2088 2185
f 2185 2088 2186
f 2088 2089 2186
f 2186 2089 2187
f 2089 2090 2187
f 2187 2090 2188
f 2090 2091 2188
f 2188 2091 2189
f 2091 2092 2189
f 2189 2092 2190
f 2092 2093 2190
f 2190 2093 2191
f 2093 2094 2191
f 2191 2094 2192
f 2094 2095 2192
f 2192 2095 2193
f 2095 2096 2193
f 2193 2096 2194
f 2096 2097 2194
f 2194 2097 2195
f 2097 2098 2195
f 2195 2098 2196
f 2098 2099 2196
f 2196 2099 2197
f 2099 2100 2197
f 2197 2100 2198
f 2100 2101 2198
f 2198 2101 2199
f 2101 2102 2199
f 2199 2102 2200
f 2102 2103 2200
f 2200 2103 2201
f 2103 2104 2201
f 2201 2104 2202
f 2104 2105 2202
f 2202 2105 2203
f 2105 2106 2203
f 2203 2106 2204
f 2106 2107 2204
f 2204 2107 2205
f 2107 2108 2205
f 2205 2108 2206
f 2108 2109 2206
f 2206 2109 2207
f 2109 2110 2207
f 2207 2110 2208
f 2110 2111 2208
f 2208 2111 2209
f 2111 2112 2209
f 2209 2112 2210
f 2112 2113 2210
f 2210 2113 2211
f 2113 2114 2211
f 2211 2114 2212
f 2114 2115 2212
f 2212 2115 2213
f 2115 2116 2213
f 2213 2116 2214
f 2116 2117 2214
f 2214 2117 2215
f 2117 2118 2215
f 2215 2118 2216
f 2118 2119 2216
f 2216 2119 2217
f 2119 2120 2217
f 2217 2120 2218
f 2120 2121 2218
f 2218 2121 2219
f 2121 2122 2219
f 2219 2122 2220
f 2122 2123 2220
f 2220 2123 2221
f 2123 2124 2221
f 2221 2124 2222
f 2124 2125 2222
f 2222 2125 2223
f 2125 2126 2223
f 2223 2126 2224
f 2126 2127 2224
f 2224 2127 2225
f 2127 2128 2225
f 2225 2128 2226
f 2128 2129 2226
f 2226 2129 2227
f 2129 2130 2227
f 2227 2130 2228
f 2130 2131 2228
f 2228 2131 2229
f 2131 2132 2229
f 2229 2132 2230
f 2132 2133 2230
f 2230 2133 2231
f 2133 2134 2231
f 2231 2134 2232
f 2134 2135 2232
f 2232 2135 2233
f 2135 2136 2233
f 2233 2136 2234
f 2136 2137 2234
f 2234 2137 2235
f 2137 2138 2235
f 2235 2138 2236
f 2138 2139 2236
f 2236 2139 2237
f 2139 2140 2237
f 2237 2140 2238
f 2140 2141 2238
f 2238 2141 2239
f 2141 2142 2239
f 2239 2142 2240
f 2142 2143 2240
f 2240 2143 2241
f 2143 2144 2241
f 2241 2144 2242
f 2144 2145 2242
f 2242 2145 2243
f 2145 2146 2243
f 2243 2146 2244
f 2146 2147 2244
f 2244 2147 2245
f 2147 2148 2245
f 2245 2148 2246
f 2148 2149 2246
f 2246 2149 2247
f 2149 2150 2247
f 2247 2150 2248
f 2150 2151 2248
f 2248 2151 2249
f 2151 2152 2249
f 2249 2152 2250
f 2152 2153 2250
f 2250 2153 2251
f 2153 2154 2251
f 2251 2154 2252
f 2154 2155 2252
f 2252 2155 2253
f 2155 2156 2253
f 2253 2156 2254
f 2156 2157 2254
f 2254 2157 2255
f 2157 2158 2255
f 2255 2158 2256
f 2158 2159 2256
f 2256 2159 2257
f 2159 2160 2257
f 2257 2160 2258
f 2160 2161 2258
f 2259 2162 2260
f 2162 2163 2260
f 2260 2163 2261
f 2163 2164 2261
f 2261 2164 2262
f 2164 2165 2262
f 2262 2165 2263
f 2165 2166 2263
f 2263 2166 2264
f 2166 2167 2264
f 2264 2167 2265
f 2167 2168 2265
f 2265 2168 2266
f 2168 2169 2266
f 2266 2169 2267
f 2169 2170 2267
f 2267 2170 2268
f 2170 2171 2268
f 2268 2171 2269
f 2171 2172 2269
f 2269 2172 2270
f 2172 2173 2270
f 2270 2173 2271
f 2173 2174 2271
f 2271 2174 2272
f 2174 2175 2272
f 2272 2175 2273
f 2175 2176 2273
f 2273 2176 2274
f 2176 2177 2274
f 2274 2177 2275
f 2177 2178 2275
f 2275 2178 2276
f 2178 2179 2276
f 2276 2179 2277
f 2179 2180 2277
f 2277 2180 2278
f 2180 2181 2278
f 2278 2181 2279
f 2181 2182 2279
f 2279 2182 2280
f 2182 2183 2280
f 2280 2183 2281
f 2183 2184 2281
f 2281 2184 2282
f 2184 2185 2282
f 2282 2185 2283
f 2185 2186 2283
f 2283 2186 2284
f 2186 2187 2284
f 2284 2187 2285
f 2187 2188 2285
f 2285 2188 2286
f 2188 2189 2286
f 2286 2189 2287
f 2189 2190 2287
f 2287 2190 2288
f 2190 2191 2288
f 2288 2191 2289
f 2191 2192 2289
f 2289 2192 2290
f 2192 2193 2290
f 2290 2193 2291
f 2193 2194 2291
f 2291 2194 2292
f 2194 2195 2292
f 2292 2195 2293
f 2195 2196 2293
f 2293 2196 2294
f 2196 2197 2294
f 2294 2197 2295
f 2197 2198 2295
f 2295 2198 2296
f 2198 2199 2296
f 2296 2199 2297
f 2199 2200 2297
f 2297 2200 2298
f 2200 2201 2298
f 2298 2201 2299
f 2201 2202 2299
f 2299 2202 2300
f 2202 2203 2300
f 2300 2203 2301
f 2203 2204 2301
f 2301 2204 2302
f 2204 2205 2302
f 2302 2205 2303
f 2205 2206 2303
f 2303 2206 2304
f 2206 2207 2304
f 2304 2207 2305
f 2207 2208 2305
f 2305 2208 2306
f 2208 2209 2306
f 2306 2209 2307
f 2209 2210 2307
f 2307 2210 2308
f 2210 2211 2308
f 2308 2211 2309
f 2211 2212 2309
f 2309 2212 2310
f 2212 2213 2310
f 2310 2213 2311
f 2213 2214 2311
f 2311 2214 2312
f 2214 2215 2312
f 2312 2215 2313
f 2215 2216 2313
f 2313 2216 2314
f 2216 2217 2314
f 2314 2217 2315
f 2217 2218 2315
f 2315 2218 2316
f 2218 2219 2316
f 2316 2219 2317
f 2219 2220 2317
f 2317 2220 2318
f 2220 2221 2318
f 2318 2221 2319
f 2221 2222 2319
f 2319 2222 2320
f 2222 2223 2320
f 2320 2223 2321
f 2223 2224 2321
f 2321 2224 2322
f 2224 2225 2322
f 2322 2225 2323
f 2225 2226 2323
f 2323 2226 2324
f 2226 2227 2324
f 2324 2227 2325
f 2227 2228 2325
f 2325 2228 2326
f 2228 2229 2326
f 2326 2229 2327
f 2229 2230 2327
f 2327 2230 2328
f 2230 2231 2328
f 2328 2231 2329
f 2231 2232 2329
f 2329 2232 2330
f 2232 2233 2330
f 2330 2233 2331
f 2233 2234 2331
f 2331 2234 2332
f 2234 2235 2332
f 2332 2235 2333
f 2235 2236 2333
f 2333 2236 2334
f 2236 2237 2334
f 2334 2237 2335
f 2237 2238 2335
f 2335 2238 2336
f 2238 2239 2336
f 2336 2239 2337
f 2239 2240 2337
f 2337 2240 2338
f 2240 2241 2338
f 2338 2241 2339
f 2241 2242 2339
f 2339 2242 2340
f 2242 2243 2340
f 2340 2243 2341
f 2243 2244 2341
f 2341 2244 2342
f 2244 2245 2342
f 2342 2245 2343
f 2245 2246 2343
f 2343 2246 2344
f 2246 2247 2344
f 2344 2247 2345
f 2247 2248 2345
f 2345 2248 2346
f 2248 2249 2346
f 2346 2249 2347
f 2249 2250 2347
f 2347 2250 2348
f 2250 2251 2348
f 2348 2251 2349
f 2251 2252 2349
f 2349 2252 2350
f 2252 2253 2350
f 2350 2253 2351
f 2253 2254 2351
f 2351 2254 2352
f 2254 2255 2352
f 2352 2255 2353
f 2255 2256 2353
f 2353 2256 2354
f 2256 2257 2354
f 2354 2257 2355
f 2257 2258 2355
f 2356 2259 2357
f 2259 2260 2357
f 2357 2260 2358
f 2260 2261 2358
f 2358 2261 2359
f 2261 2262 2359
f 2359 2262 2360
f 2262 2263 2360
f 2360 2263 2361
f 2263 2264 2361
f 2361 2264 2362
f 2264 2265 2362
f 2362 2265 2363
f 2265 2266 2363
f 2363 2266 2364
f 2266 2267 2364
f 2364 2267 2365
f 2267 2268 2365
f 2365 2268 2366
f 2268 2269 2366
f 2366 2269 2367
f 2269 2270 2367
f 2367 2270 2368
f 2270 2271 2368
f 2368 2271 2369
f 2271 2272 2369
f 2369 2272 2370
f 2272 2273 2370
f 2370 2273 2371
f 2273 2274 2371
f 2371 2274 2372
f 2274 2275 2372
f 2372 2275 2373
f 2275 2276 2373
f 2373 2276 2374
f 2276 2277 2374
f 2374 2277 2375
f 2277 2278 2375
f 2375 2278 2376
f 2278 2279 2376
f 2376 2279 2377
f 2279 2280 2377
f 2377 2280 2378
f 2280 2281 2378
f 2378 2281 2379
f 2281 2282 2379
f 2379 2282 2380
f 2282 2283 2380
f 2380 2283 2381
f 2283 2284 2381
f 2381 2284 2382
f 2284 2285 2382
f 2382 2285 2383
f 2285 2286 2383
f 2383 2286 2384
f 2286 2287 2384
f 2384 2287 2385
f 2287 2288 2385
f 2385 2288 2386
f 2288 2289 2386
f 2386 2289 2387
f 2289 2290 2387
f 2387 2290 2388
f 2290 2291 2388
f 2388 2291 2389
f 2291 2292 2389
f 2389 2292 2390
f 2292 2293 2390
f 2390 2293 2391
f 2293 2294 2391
f 2391 2294 2392
f 2294 2295 2392
f 2392 2295 2393
f 2295 2296 2393
f 2393 2296 2394
f 2296 2297 2394
f 2394 2297 2395
f 2297 2298 2395
f 2395 2298 2396
f 2298 2299 2396
f 2396 2299 2397
f 2299 2300 2397
f 2397 2300 2398
f 2300 2301 2398
f 2398 2301 2399
f 2301 2302 2399
f 2399 2302 2400
f 2302 2303 2400
f 2400 2303 2401
f 2303 2304 2401
f 2401 2304 2402
f 2304 2305 2402
f 2402 2305 2403
f 2305 2306 2403
f 2403 2306 2404
f 2306 2307 2404
f 2404 2307 2405
f 2307 2308 2405
f 2405 2308 2406
f 2308 2309 2406
f 2406 2309 2407
f 2309 2310 2407
f 2407 2310 2408
f 2310 2311 2408
f 2408 2311 2409
f 2311 2312 2409
f 2409 2312 2410
f 2312 2313 2410
f 2410 2313 2411
f 2313 2314 2411
f 2411 2314 2412
f 2314 2315 2412
f 2412 2315 2413
f 2315 2316 2413
f 2413 2316 2414
f 2316 2317 2414
f 2414 2317 2415
f 2317 2318 2415
f 2415 2318 2416
f 2318 2319 2416
f 2416 2319 2417
f 2319 2320 2417
f 2417 2320 2418
f 2320 2321 2418
f 2418 2321 2419
f 2321 2322 2419
f 2419 2322 2420
f 2322 2323 2420
f 2420 2323 2421
f 2323 2324 2421
f 2421 2324 2422
f 2324 2325 2422
f 2422 2325 2423
f 2325 2326 2423
f 2423 2326 2424
f 2326 2327 2424
f 2424 2327 2425
f 2327 2328 2425
f 2425 2328 2426
f 2328 2329 2426
f 2426 2329 2427
f 2329 2330 2427
f 2427 2330 2428
f 2330 2331 2428
f 2428 2331 2429
f 2331 2332 2429
f 2429 2332 2430
f 2332 2333 2430
f 2430 2333 2431
f 2333 2334 2431
f 2431 2334 2432
f 2334 2335 2432
f 2432 2335 2433
f 2335 2336 2433
f 2433 2336 2434
f 2336 2337 2434
f 2434 2337 2435
f 2337 2338 2435
f 2435 2338 2436
f 2338 2339 2436
f 2436 2339 2437
f 2339 2340 2437
f 2437 2340 2438
f 2340 2341 2438
f 2438 2341 2439
f 2341 2342 2439
f 2439 2342 2440
f 2342 2343 2440
f 2440 2343 2441
f 2343 2344 2441
f 2441 2344 2442
f 2344 2345 2442
f 2442 2345 2443
f 2345 2346 2443
f 2443 2346 2444
f 2346 2347 2444
f 2444 2347 2445
f 2347 2348 2445
f 2445 2348 2446
f 2348 2349 2446
f 2446 2349 2447
f 2349 2350 2447
f 2447 2350 2448
f 2350 2351 2448
f 2448 2351 2449
f 2351 2352 2449
f 2449 2352 2450
f 2352 2353 2450
f 2450 2353 2451
f 2353 2354 2451
f 2451 2354 2452
f 2354 2355 2452
f 2453 2356 2454
f 2356 2357 2454
f 2454 2357 2455
f 2357 2358 2455
f 2455 2358 2456
f 2358 2359 2456
f 2456 2359 2457
f 2359 2360 2457
f 2457 2360 2458
f 2360 2361 2458
f 2458 2361 2459
f 2361 2362 2459
f 2459 2362 2460
f 2362 2363 2460
f 2460 2363 2461
f 2363 2364 2461
f 2461 2364 2462
f 2364 2365 2462
f 2462 2365 2463
f 2365 2366 2463
f 2463 2366 2464
f 2366 2367 2464
f 2464 2367 2465
f 2367 2368 2465
f 2465 2368 2466
f 2368 2369 2466
f 2466 2369 2467
f 2369 2370 2467
f 2467 2370 2468
f 2370 2371 2468
f 2468 2371 2469
f 2371 2372 2469
f 2469 2372 2470
f 2372 2373 2470
f 2470 2373 2471
f 2373 2374 2471
f 2471 2374 2472
f 2374 2375 2472
f 2472 2375 2473
f 2375 2376 2473
f 2473 2376 2474
f 2376 2377 2474
f 2474 2377 2475
f 2377 2378 2475
f 2475 2378 2476
f 2378 2379 2476
f 2476 2379 2477
f 2379 2380 2477
f 2477 2380 2478
f 2380 2381 2478
f 2478 2381 2479
f 2381 2382 2479
f 2479 2382 2480
f 2382 2383 2480
f 2480 2383 2481
f 2383 2384 2481
f 2481 2384 2482
f 2384 2385 2482
f 2482 2385 2483
f 2385 2386 2483
f 2483 2386 2484
f 2386 2387 2484
f 2484 2387 2485
f 2387 2388 2485
f 2485 2388 2486
f 2388 2389 2486
f 2486 2389 2487
f 2389 2390 2487
f 2487 2390 2488
f 2390 2391 2488
f 2488 2391 2489
f 2391 2392 2489
f 2489 2392 2490
f 2392 2393 2490
f 2490 2393 2491
f 2393 2394 2491
f 2491 2394 2492
f 2394 2395 2492
f 2492 2395 2493
f 2395 2396 2493
f 2493 2396 2494
f 2396 2397 2494
f 2494 2397 2495
f 2397 2398 2495
f 2495 2398 2496
f 2398 2399 2496
f 2496 2399 2497
f 2399 2400 2497
f 2497 2400 2498
f 2400 2401 2498
f 2498 2401 2499
f 2401 2402 2499
f 2499 2402 2500
f 2402 2403 2500
f 2500 2403 2501
f 2403 2404 2501
f 2501 2404 2502
f 2404 2405 2502
f 2502 2405 2503
f 2405 2406 2503
f 2503 2406 2504
f 2406 2407 2504
f 2504 2407 2505
f 2407 2408 2505
f 2505 2408 2506
f 2408 2409 2506
f 2506 2409 2507
f 2409 2410 2507
f 2507 2410 2508
f 2410 2411 2508
f 2508 2411 2509
f 2411 2412 2509
f 2509 2412 2510
f 2412 2413 2510
f 2510 2413 2511
f 2413 2414 2511
f 2511 2414 2512
f 2414 2415 2512
f 2512 2415 2513
f 2415 2416 2513
f 2513 2416 2514
f 2416 2417 2514
f 2514 2417 2515
f 2417 2418 2515
f 2515 2418 2516
f 2418 2419 2516
f 2516 2419 2517
f 2419 2420 2517
f 2517 2420 2518
f 2420 2421 2518
f 2518 2421 2519
f 2421 2422 2519
f 2519 2422 2520
f 2422 2423 2520
f 2520 2423 2521
f 2423 2424 2521
f 2521 2424 2522
f 2424 2425 2522
f 2522 2425 2523
f 2425 2426 2523
f 2523 2426 2524
f 2426 2427 2524
f 2524 2427 2525
f 2427 2428 2525
f 2525 2428 2526
f 2428 2429 2526
f 2526 2429 2527
f 2429 2430 2527
f 2527 2430 2528
f 2430 2431 2528
f 2528 2431 2529
f 2431 2432 2529
f 2529 2432 2530
f 2432 2433 2530
f 2530 2433 2531
f 2433 2434 2531
f 2531 2434 2532
f 2434 2435 2532
f 2532 2435 2533
f 2435 2436 2533
f 2533 2436 2534
f 2436 2437 2534
f 2534 2437 2535
f 2437 2438 2535
f 2535 2438 2536
f 2438 2439 2536
f 2536 2439 2537
f 2439 2440 2537
f 2537 2440 2538
f 2440 2441 2538
f 2538 2441 2539
f 2441 2442 2539
f 2539 2442 2540
f 2442 2443 2540
f 2540 2443 2541
f 2443 2444 2541
f 2541 2444 2542
f 2444 2445 2542
f 2542 2445 2543
f 2445 2446 2543
f 2543 2446 2544
f 2446 2447 2544
f 2544 2447 2545
f 2447 2448 2545
f 2545 2448 2546
f 2448 2449 2546
f 2546 2449 2547
f 2449 2450 2547
f 2547 2450 2548
f 2450 2451 2548
f 2548 2451 2549
f 2451 2452 2549
f 2550 2453 2551
f 2453 2454 2551
f 2551 2454 2552
f 2454 2455 2552
f 2552 2455 2553
f 2455 2456 2553
f 2553 2456 2554
f 2456 2457 2554
f 2554 2457 2555
f 2457 2458 2555
f 2555 2458 2556
f 2458 2459 2556
f 2556 2459 2557
f 2459 2460 2557
f 2557 2460 2558
f 2460 2461 2558
f 2558 2461 2559
f 2461 2462 2559
f 2559 2462 2560
f 2462 2463 2560
f 2560 2463 2561
f 2463 2464 2561
f 2561 2464 2562
f 2464 2465 2562
f 2562 2465 2563
f 2465 2466 2563
f 2563 2466 2564
f 2466 2467 2564
f 2564 2467 2565
f 2467 2468 2565
f 2565 2468 2566
f 2468 2469 2566
f 2566 2469 2567
f 2469 2470 2567
f 2567 2470 2568
f 2470 2471 2568
f 2568 2471 2569
f 2471 2472 2569
f 2569 2472 2570
f 2472 2473 2570
f 2570 2473 2571
f 2473 2474 2571
f 2571 2474 2572
f 2474 2475 2572
f 2572 2475 2573
f 2475 2476 2573
f 2573 2476 2574
f 2476 2477 2574
f 2574 2477 2575
f 2477 2478 2575
f 2575 2478 2576
f 2478 2479 2576
f 2576 2479 2577
f 2479 2480 2577
f 2577 2480 2578
f 2480 2481 2578
f 2578 2481 2579
f 2481 2482 2579
f 2579 2482 2580
f 2482 2483 2580
f 2580 2483 2581
f 2483 2484 2581
f 2581 2484 2582
f 2484 2485 2582
f 2582 2485 2583
f 2485 2486 2583
f 2583 2486 2584
f 2486 2487 2584
f 2584 2487 2585
f 2487 2488 2585
f 2585 2488 2586
f 2488 2489 2586
f 2586 2489 2587
f 2489 2490 2587
f 2587 2490 2588
f 2490 2491 2588
f 2588 2491 2589
f 2491 2492 2589
f 2589 2492 2590
f 2492 2493 2590
f 2590 2493 2591
f 2493 2494 2591
f 2591 2494 2592
f 2494 2495 2592
f 2592 2495 2593
f 2495 2496 2593
f 2593 2496 2594
f 2496 2497 2594
f 2594 2497 2595
f 2497 2498 2595
f 2595 2498 2596
f 2498 2499 2596
f 2596 2499 2597
f 2499 2500 2597
f 2597 2500 2598
f 2500 2501 2598
f 2598 2501 2599
f 2501 2502 2599
f 2599 2502 2600
f 2502 2503 2600
f 2600 2503 2601
f 2503 2504 2601
f 2601 2504 2602
f 2504 2505 2602
f 2602 2505 2603
f 2505 2506 2603
f 2603 2506 2604
f 2506 2507 2604
f 2604 2507 2605
f 2507 2508 2605
f 2605 2508 2606
f 2508 2509 2606
f 2606 2509 2607
f 2509 2510 2607
f 2607 2510 2608
f 2510 2511 2608
f 2608 2511 2609
f 2511 2512 2609
f 2609 2512 2610
f 2512 2513 2610
f 2610 2513 2611
f 2513 2514 2611
f 2611 2514 2612
f 2514 2515 2612
f 2612 2515 2613
f 2515 2516 2613
f 2613 2516 2614
f 2516 2517 2614
f 2614 2517 2615
f 2517 2518 2615
f 2615 2518 2616
f 2518 2519 2616
f 2616 2519 2617
f 2519 2520 2617
f 2617 2520 2618
f 2520 2521 2618
f 2618 2521 2619
f 2521 2522 2619
f 2619 2522 2620
f 2522 2523 2620
f 2620 2523 2621
f 2523 2524 2621
f 2621 2524 2622
f 2524 2525 2622
f 2622 2525 2623
f 2525 2526 2623
f 2623 2526 2624
f 2526 2527 2624
f 2624 2527 2625
f 2527 2528 2625
f 2625 2528 2626
f 2528 2529 2626
f 2626 2529 2627
f 2529 2530 2627
f 2627 2530 2628
f 2530 2531 2628
f 2628 2531 2629
f 2531 2532 2629
f 2629 2532 2630
f 2532 2533 2630
f 2630 2533 2631
f 2533 2534 2631
f 2631 2534 2632
f 2534 2535 2632
f 2632 2535 2633
f 2535 2536 2633
f 2633 2536 2634
f 2536 2537 2634
f 2634 2537 2635
f 2537 2538 2635
f 2635 2538 2636
f 2538 2539 2636
f 2636 2539 2637
f 2539 2540 2637
f 2637 2540 2638
f 2540 2541 2638
f 2638 2541 2639
f 2541 2542 2639
f 2639 2542 2640
f 2542 2543 2640
f 2640 2543 2641
f 2543 2544 2641
f 2641 2544 2642
f 2544 2545 2642
f 2642 2545 2643
f 2545 2546 2643
f 2643 2546 2644
f 2546 2547 2644
f 2644 2547 2645
f 2547 2548 2645
f 2645 2548 2646
f 2548 2549 2646
f 2647 2550 2648
f 2550 2551 2648
f 2648 2551 2649
f 2551 2552 2649
f 2649 2552 2650
f 2552 2553 2650
f 2650 2553 2651
f 2553 2554 2651
f 2651 2554 2652
f 2554 2555 2652
f 2652 2555 2653
f 2555 2556 2653
f 2653 2556 2654
f 2556 2557 2654
f 2654 2557 2655
f 2557 2558 2655
f 2655 2558 2656
f 2558 2559 2656
f 2656 2559 2657
f 2559 2560 2657
f 2657 2560 2658
f 2560 2561 2658
f 2658 2561 2659
f 2561 2562 2659
f 2659 2562 2660
f 2562 2563 2660
f 2660 2563 2661
f 2563 2564 2661
f 2661 2564 2662
f 2564 2565 2662
f 2662 2565 2663
f 2565 2566 2663
f 2663 2566 2664
f 2566 2567 2664
f 2664 2567 2665
f 2567 2568 2665
f 2665 2568 2666
f 2568 2569 2666
f 2666 2569 2667
f 2569 2570 2667
f 2667 2570 2668
f 2570 2571 2668
f 2668 2571 2669
f 2571 2572 2669
f 2669 2572 2670
f 2572 2573 2670
f 2670 2573 2671
f 2573 2574 2671
f 2671 2574 2672
f 2574 2575 2672
f 2672 2575 2673
f 2575 2576 2673
f 2673 2576 2674
f 2576 2577 2674
f 2674 2577 2675
f 2577 2578 2675
f 2675 2578 2676
f 2578 2579 2676
f 2676 2579 2677
f 2579 2580 2677
f 2677 2580 2678
f 2580 2581 2678
f 2678 2581 2679
f 2581 2582 2679
f 2679 2582 2680
f 2582 2583 2680
f 2680 2583 2681
f 2583 2584 2681
f 2681 2584 2682
f 2584 2585 2682
f 2682 2585 2683
f 2585 2586 2683
f 2683 2586 2684
f 2586 2587 2684
f 2684 2587 2685
f 2587 2588 2685
f 2685 2588 2686
f 2588 2589 2686
f 2686 2589 2687
f 2589 2590 2687
f 2687 2590 2688
f 2590 2591 2688
f 2688 2591 2689
f 2591 2592 2689
f 2689 2592 2690
f 2592 2593 2690
f 2690 2593 2691
f 2593 2594 2691
f 2691 2594 2692
f 2594 2595 2692
f 2692 2595 2693
f 2595 2596 2693
f 2693 2596 2694
f 2596 2597 2694
f 2694 2597 2695
f 2597 2598 2695
f 2695 2598 2696
f 2598 2599 2696
f 2696 2599 2697
f 2599 2600 2697
f 2697 2600 2698
f 2600 2601 2698
f 2698 2601 2699
f 2601 2602 2699
f 2699 2602 2700
f 2602 2603 2700
f 2700 2603 2701
f 2603 2604 2701
f 2701 2604 2702
f 2604 2605 2702
f 2702 2605 2703
f 2605 2606 2703
f 2703 2606 2704
f 2606 2607 2704
f 2704 2607 2705
f 2607 2608 2705
f 2705 2608 2706
f 2608 2609 2706
f 2706 2609 2707
f 2609 2610 2707
f 2707 2610 2708
f 2610 2611 2708
f 2708 2611 2709
f 2611 2612 2709
f 2709 2612 2710
f 2612 2613 2710
f 2710 2613 2711
f 2613 2614 2711
f 2711 2614 2712
f 2614 2615 2712
f 2712 2615 2713
f 2615 2616 2713
f 2713 2616 2714
f 2616 2617 2714
f 2714 2617 2715
f 2617 2618 2715
f 2715 2618 2716
f 2618 2619 2716
f 2716 2619 2717
f 2619 2620 2717
f 2717 2620 2718
f 2620 2621 2718
f 2718 2621 2719
f 2621 2622 2719
f 2719 2622 2720
f 2622 2623 2720
f 2720 2623 2721
f 2623 2624 2721
f 2721 2624 2722
f 2624 2625 2722
f 2722 2625 2723
f 2625 2626 2723
f 2723 2626 2724
f 2626 2627 2724
f 2724 2627 2725
f 2627 2628 2725
f 2725 2628 2726
f 2628 2629 2726
f 2726 2629 2727
f 2629 2630 2727
f 2727 2630 2728
f 2630 2631 2728
f 2728 2631 2729
f 2631 2632 2729
f 2729 2632 2730
f 2632 2633 2730
f 2730 2633 2731
f 2633 2634 2731
f 2731 2634 2732
f 2634 2635 2732
f 2732 2635 2733
f 2635 2636 2733
f 2733 2636 2734
f 2636 2637 2734
f 2734 2637 2735
f 2637 2638 2735
f 2735 2638 2736
f 2638 2639 2736
f 2736 2639 2737
f 2639 2640 2737
f 2737 2640 2738
f 2640 2641 2738
f 2738 2641 2739
f 2641 2642 2739
f 2739 2642 2740
f 2642 2643 2740
f 2740 2643 2741
f 2643 2644 2741
f 2741 2644 2742
f 2644 2645 2742
f 2742 2645 2743
f 2645 2646 2743
f 2744 2647 2745
f 2647 2648 2745
f 2745 2648 2746
f 2648 2649 2746
f 2746 2649 2747
f 2649 2650 2747
f 2747 2650 2748
f 2650 2651 2748
f 2748 2651 2749
f 2651 2652 2749
f 2749 2652 2750
f 2652 2653 2750
f 2750 2653 2751
f 2653 2654 2751
f 2751 2654 2752
f 2654 2655 2752
f 2752 2655 2753
f 2655 2656 2753
f 2753 2656 2754
f 2656 2657 2754
f 2754 2657 2755
f 2657 2658 2755
f 2755 2658 2756
f 2658 2659 2756
f 2756 2659 2757
f 2659 2660 2757
f 2757 2660 2758
f 2660 2661 2758
f 2758 2661 2759
f 2661 2662 2759
f 2759 2662 2760
f 2662 2663 2760
f 2760 2663 2761
f 2663 2664 2761
f 2761 2664 2762
f 2664 2665 2762
f 2762 2665 2763
f 2665 2666 2763
f 2763 2666 2764
f 2666 2667 2764
f 2764 2667 2765
f 2667 2668 2765
f 2765 2668 2766
f 2668 2669 2766
f 2766 2669 2767
f 2669 2670 2767
f 2767 2670 2768
f 2670 2671 2768
f 2768 2671 2769
f 2671 2672 2769
f 2769 2672 2770
f 2672 2673 2770
f 2770 2673 2771
f 2673 2674 2771
f 2771 2674 2772
f 2674 2675 2772
f 2772 2675 2773
f 2675 2676 2773
f 2773 2676 2774
f 2676 2677 2774
f 2774 2677 2775
f 2677 2678 2775
f 2775 2678 2776
f 2678 2679 2776
f 2776 2679 2777
f 2679 2680 2777
f 2777 2680 2778
f 2680 2681 2778
f 2778 2681 2779
f 2681 2682 2779
f 2779 2682 2780
f 2682 2683 2780
f 2780 2683 2781
f 2683 2684 2781
f 2781 2684 2782
f 2684 2685 2782
f 2782 2685 2783
f 2685 2686 2783
f 2783 2686 2784
f 2686 2687 2784
f 2784 2687 2785
f 2687 2688 2785
f 2785 2688 2786
f 2688 2689 2786
f 2786 2689 2787
f 2689 2690 2787
f 2787 2690 2788
f 2690 2691 2788
f 2788 2691 2789
f 2691 2692 2789
f 2789 2692 2790
f 2692 2693 2790
f 2790 2693 2791
f 2693 2694 2791
f 2791 2694 2792
f 2694 2695 2792
f 2792 2695 2793
f 2695 2696 2793
f 2793 2696 2794
f 2696 2697 2794
f 2794 2697 2795
f 2697 2698 2795
f 2795 2698 2796
f 2698 2699 2796
f 2796 2699 2797
f 2699 2700 2797
f 2797 2700 2798
f 2700 2701 2798
f 2798 2701 2799
f 2701 2702 2799
f 2799 2702 2800
f 2702 2703 2800
f 2800 2703 2801
f 2703 2704 2801
f 2801 2704 2802
f 2704 2705 2802
f 2802 2705 2803
f 2705 2706 2803
f 2803 2706 2804
f 2706 2707 2804
f 2804 2707 2805
f 2707 2708 2805
f 2805 2708 2806
f 2708 2709 2806
f 2806 2709 2807
f 2709 2710 2807
f 2807 2710 2808
f 2710 2711 2808
f 2808 2711 2809
f 2711 2712 2809
f 2809 2712 2810
f 2712 2713 2810
f 2810 2713 2811
f 2713 2714 2811
f 2811 2714 2812
f 2714 2715 2812
f 2812 2715 2813
f 2715 2716 2813
f 2813 2716 2814
f 2716 2717 2814
f 2814 2717 2815
f 2717 2718 2815
f 2815 2718 2816
f 2718 2719 2816
f 2816 2719 2817
f 2719 2720 2817
f 2817 2720 2818
f 2720 2721 2818
f 2818 2721 2819
f 2721 2722 2819
f 2819 2722 2820
f 2722 2723 2820
f 2820 2723 2821
f 2723 2724 2821
f 2821 2724 2822
f 2724 2725 2822
f 2822 2725 2823
f 2725 2726 2823
f 2823 2726 2824
f 2726 2727 2824
f 2824 2727 2825
f 2727 2728 2825
f 2825 2728 2826
f 2728 2729 2826
f 2826 2729 2827
f 2729 2730 2827
f 2827 2730 2828
f 2730 2731 2828
f 2828 2731 2829
f 2731 2732 2829
f 2829 2732 2830
f 2732 2733 2830
f 2830 2733 2831
f 2733 2734 2831
f 2831 2734 2832
f 2734 2735 2832
f 2832 2735 2833
f 2735 2736 2833
f 2833 2736 2834
f 2736 2737 2834
f 2834 2737 2835
f 2737 2738 2835
f 2835 2738 2836
f 2738 2739 2836
f 2836 2739 2837
f 2739 2740 2837
f 2837 2740 2838
f 2740 2741 2838
f 2838 2741 2839
f 2741 2742 2839
f 2839 2742 2840
f 2742 2743 2840
f 2841 2744 2842
f 2744 2745 2842
f 2842 2745 2843
f 2745 2746 2843
f 2843 2746 2844
f 2746 2747 2844
f 2844 2747 2845
f 2747 2748 2845
f 2845 2748 2846
f 2748 2749 2846
f 2846 2749 2847
f 2749 2750 2847
f 2847 2750 2848
f 2750 2751 2848
f 2848 2751 2849
f 2751 2752 2849
f 2849 2752 2850
f 2752 2753 2850
f 2850 2753 2851
f 2753 2754 2851
f 2851 2754 2852
f 2754 2755 2852
f 2852 2755 2853
f 2755 2756 2853
f 2853 2756 2854
f 2756 2757 2854
f 2854 2757 2855
f 2757 2758 2855
f 2855 2758 2856
f 2758 2759 2856
f 2856 2759 2857
f 2759 2760 2857
f 2857 2760 2858
f 2760 2761 2858
f 2858 2761 2859
f 2761 2762 2859
f 2859 2762 2860
f 2762 2763 2860
f 2860 2763 2861
f 2763 2764 2861
f 2861 2764 2862
f 2764 2765 2862
f 2862 2765 2863
f 2765 2766 2863
f 2863 2766 2864
f 2766 2767 2864
f 2864 2767 2865
f 2767 2768 2865
f 2865 2768 2866
f 2768 2769 2866
f 2866 2769 2867
f 2769 2770 2867
f 2867 2770 2868
f 2770 2771 2868
f 2868 2771 2869
f 2771 2772 2869
f 2869 2772 2870
f 2772 2773 2870
f 2870 2773 2871
f 2773 2774 2871
f 2871 2774 2872
f 2774 2775 2872
f 2872 2775 2873
f 2775 2776 2873
f 2873 2776 2874
f 2776 2777 2874
f 2874 2777 2875
f 2777 2778 2875
f 2875 2778 2876
f 2778 2779 2876
f 2876 2779 2877
f 2779 2780 2877
f 2877 2780 2878
f 2780 2781 2878
f 2878 2781 2879
f 2781 2782 2879
f 2879 2782 2880
f 2782 2783 2880
f 2880 2783 2881
f 2783 2784 2881
f 2881 2784 2882
f 2784 2785 2882
f 2882 2785 2883
f 2785 2786 2883
f 2883 2786 2884
f 2786 2787 2884
f 2884 2787 2885
f 2787 2788 2885
f 2885 2788 2886
f 2788 2789 2886
f 2886 2789 2887
f 2789 2790 2887
f 2887 2790 2888
f 2790 2791 2888
f 2888 2791 2889
f 2791 2792 2889
f 2889 2792 2890
f 2792 2793 2890
f 2890 2793 2891
f 2793 2794 2891
f 2891 2794 2892
f 2794 2795 2892
f 2892 2795 2893
f 2795 2796 2893
f 2893 2796 2894
f 2796 2797 2894
f 2894 2797 2895
f 2797 2798 2895
f 2895 2798 2896
f 2798 2799 2896
f 2896 2799 2897
f 2799 2800 2897
f 2897 2800 2898
f 2800 2801 2898
f 2898 2801 2899
f 2801 2802 2899
f 2899 2802 2900
f 2802 2803 2900
f 2900 2803 2901
f 2803 2804 2901
f 2901 2804 2902
f 2804 2805 2902
f 2902 2805 2903
f 2805 2806 2903
f 2903 2806 2904
f 2806 2807 2904
f 2904 2807 2905
f 2807 2808 2905
f 2905 2808 2906
f 2808 2809 2906
f 2906 2809 2907
f 2809 2810 2907
f 2907 2810 2908
f 2810 2811 2908
f 2908 2811 2909
f 2811 2812 2909
f 2909 2812 2910
f 2812 2813 2910
f 2910 2813 2911
f 2813 2814 2911
f 2911 2814 2912
f 2814 2815 2912
f 2912 2815 2913
f 2815 2816 2913
f 2913 2816 2914
f 2816 2817 2914
f 2914 2817 2915
f 2817 2818 2915
f 2915 2818 2916
f 2818 2819 2916
f 2916 2819 2917
f 2819 2820 2917
f 2917 2820 2918
f 2820 2821 2918
f 2918 2821 2919
f 2821 2822 2919
f 2919 2822 2920
f 2822 2823 2920
f 2920 2823 2921
f 2823 2824 2921
f 2921 2824 2922
f 2824 2825 2922
f 2922 2825 2923
f 2825 2826 2923
f 2923 2826 2924
f 2826 2827 2924
f 2924 2827 2925
f 2827 2828 2925
f 2925 2828 2926
f 2828 2829 2926
f 2926 2829 2927
f 2829 2830 2927
f 2927 2830 2928
f 2830 2831 2928
f 2928 2831 2929
f 2831 2832 2929
f 2929 2832 2930
f 2832 2833 2930
f 2930 2833 2931
f 2833 2834 2931
f 2931 2834 2932
f 2834 2835 2932
f 2932 2835 2933
f 2835 2836 2933
f 2933 2836 2934
f 2836 2837 2934
f 2934 2837 2935
f 2837 2838 2935
f 2935 2838 2936
f 2838 2839 2936
f 2936 2839 2937
f 2839 2840 2937

# Mesh: connection_mount
v 0.000000 0.900000 -0.400000
v 0.175581 0.882707 -0.400000
v 0.344415 0.831492 -0.400000
v 0.500013 0.748323 -0.400000
v 0.636396 0.636396 -0.400000
v 0.748323 0.500013 -0.400000
v 0.831492 0.344415 -0.400000
v 0.882707 0.175581 -0.400000
v 0.900000 0.000000 -0.400000
v 0.882707 -0.175581 -0.400000
v 0.831492 -0.344415 -0.400000
v 0.748323 -0.500013 -0.400000
v 0.636396 -0.636396 -0.400000
v 0.500013 -0.748323 -0.400000
v 0.344415 -0.831492 -0.400000
v 0.175581 -0.882707 -0.400000
v 0.000000 -0.900000 -0.400000
v -0.175581 -0.882707 -0.400000
v -0.344415 -0.831492 -0.400000
v -0.500013 -0.748323 -0.400000
v -0.636396 -0.636396 -0.400000
v -0.748323 -0.500013 -0.400000
v -0.831492 -0.344415 -0.400000
v -0.882707 -0.175581 -0.400000
v -0.900000 -0.000000 -0.400000
v -0.882707 0.175581 -0.400000
v -0.831492 0.344415 -0.400000
v -0.748323 0.500013 -0.400000
v -0.636396 0.636396 -0.400000
v -0.500013 0.748323 -0.400000
v -0.344415 0.831492 -0.400000
v -0.175581 0.882707 -0.400000
v -0.000000 0.900000 -0.400000
v 0.000000 0.900000 0.400000
v 0.175581 0.882707 0.400000
v 0.344415 0.831492 0.400000
v 0.500013 0.748323 0.400000
v 0.636396 0.636396 0.400000
v 0.748323 0.500013 0.400000
v 0.831492 0.344415 0.400000
v 0.882707 0.175581 0.400000
v 0.900000 0.000000 0.400000
v 0.882707 -0.175581 0.400000
v 0.831492 -0.344415 0.400000
v 0.748323 -0.500013 0.400000
v 0.636396 -0.636396 0.400000
v 0.500013 -0.748323 0.400000
v 0.344415 -0.831492 0.400000
v 0.175581 -0.882707 0.400000
v 0.000000 -0.900000 0.400000
v -0.175581 -0.882707 0.400000
v -0.344415 -0.831492 0.400000
v -0.500013 -0.748323 0.400000
v -0.636396 -0.636396 0.400000
v -0.748323 -0.500013 0.400000
v -0.831492 -0.344415 0.400000
v -0.882707 -0.175581 0.400000
v -0.900000 -0.000000 0.400000
v -0.882707 0.175581 0.400000
v -0.831492 0.344415 0.400000
v -0.748323 0.500013 0.400000
v -0.636396 0.636396 0.400000
v -0.500013 0.748323 0.400000
v -0.344415 0.831492 0.400000
v -0.175581 0.882707 0.400000
v -0.000000 0.900000 0.400000
v 0.000000 0.000000 -0.400000
v 0.000000 0.000000 -0.400000
v 0.000000 0.000000 -0.400000
v 0.000000 0.000000 -0.400000
v 0.000000 0.000000 -0.400000
v 0.000000 0.000000 -0.400000
v 0.000000 0.000000 -0.400000
v 0.000000 0.000000 -0.400000
v 0.000000 0.000000 -0.400000
v 0.000000 0.000000 -0.400000
v 0.000000 0.000000 -0.400000
v 0.000000 0.000000 -0.400000
v 0.000000 0.000000 -0.400000
v 0.000000 0.000000 -0.400000
v 0.000000 0.000000 -0.400000
v 0.000000 0.000000 -0.400000
v 0.000000 0.000000 -0.400000
v 0.000000 0.000000 -0.400000
v 0.000000 0.000000 -0.400000
v 0.000000 0.000000 -0.400000
v 0.000000 0.000000 -0.400000
v 0.000000 0.000000 -0.400000
v 0.000000 0.000000 -0.400000
v 0.000000 0.000000 -0.400000
v 0.000000 0.000000 -0.400000
v 0.000000 0.000000 -0.400000
v 0.000000 0.000000 -0.400000
v 0.000000 0.000000 -0.400000
v 0.000000 0.000000 -0.400000
v 0.000000 0.000000 -0.400000
v 0.000000 0.000000 -0.400000
v 0.000000 0.000000 -0.400000
v 0.000000 0.900000 -0.400000
v 0.175581 0.882707 -0.400000
v 0.344415 0.831492 -0.400000
v 0.500013 0.748323 -0.400000
v 0.636396 0.636396 -0.400000
v 0.748323 0.500013 -0.400000
v 0.831492 0.344415 -0.400000
v 0.882707 0.175581 -0.400000
v 0.900000 0.000000 -0.400000
v 0.882707 -0.175581 -0.400000
v 0.831492 -0.344415 -0.400000
v 0.748323 -0.500013 -0.400000
v 0.636396 -0.636396 -0.400000
v 0.500013 -0.748323 -0.400000
v 0.344415 -0.831492 -0.400000
v 0.175581 -0.882707 -0.400000
v 0.000000 -0.900000 -0.400000
v -0.175581 -0.882707 -0.400000
v -0.344415 -0.831492 -0.400000
v -0.500013 -0.748323 -0.400000
v -0.636396 -0.636396 -0.400000
v -0.748323 -0.500013 -0.400000
v -0.831492 -0.344415 -0.400000
v -0.882707 -0.175581 -0.400000
v -0.900000 -0.000000 -0.400000
v -0.882707 0.175581 -0.400000
v -0.831492 0.344415 -0.400000
v -0.748323 0.500013 -0.400000
v -0.636396 0.636396 -0.400000
v -0.500013 0.748323 -0.400000
v -0.344415 0.831492 -0.400000
v -0.175581 0.882707 -0.400000
v -0.000000 0.900000 -0.400000
v 0.000000 -0.000000 0.400000
v 0.000000 -0.000000 0.400000
v 0.000000 -0.000000 0.400000
v 0.000000 -0.000000 0.400000
v 0.000000 -0.000000 0.400000
v 0.000000 -0.000000 0.400000
v 0.000000 -0.000000 0.400000
v 0.000000 -0.000000 0.400000
v 0.000000 -0.000000 0.400000
v 0.000000 -0.000000 0.400000
v 0.000000 -0.000000 0.400000
v 0.000000 -0.000000 0.400000
v 0.000000 -0.000000 0.400000
v 0.000000 -0.000000 0.400000
v 0.000000 -0.000000 0.400000
v 0.000000 -0.000000 0.400000
v 0.000000 -0.000000 0.400000
v 0.000000 -0.000000 0.400000
v 0.000000 -0.000000 0.400000
v 0.000000 -0.000000 0.400000
v 0.000000 -0.000000 0.400000
v 0.000000 -0.000000 0.400000
v 0.000000 -0.000000 0.400000
v 0.000000 -0.000000 0.400000
v 0.000000 -0.000000 0.400000
v 0.000000 -0.000000 0.400000
v 0.000000 -0.000000 0.400000
v 0.000000 -0.000000 0.400000
v 0.000000 -0.000000 0.400000
v 0.000000 -0.000000 0.400000
v 0.000000 -0.000000 0.400000
v 0.000000 -0.000000 0.400000
v 0.000000 0.900000 0.400000
v 0.175581 0.882707 0.400000
v 0.344415 0.831492 0.400000
v 0.500013 0.748323 0.400000
v 0.636396 0.636396 0.400000
v 0.748323 0.500013 0.400000
v 0.831492 0.344415 0.400000
v 0.882707 0.175581 0.400000
v 0.900000 0.000000 0.400000
v 0.882707 -0.175581 0.400000
v 0.831492 -0.344415 0.400000
v 0.748323 -0.500013 0.400000
v 0.636396 -0.636396 0.400000
v 0.500013 -0.748323 0.400000
v 0.344415 -0.831492 0.400000
v 0.175581 -0.882707 0.400000
v 0.000000 -0.900000 0.400000
v -0.175581 -0.882707 0.400000
v -0.344415 -0.831492 0.400000
v -0.500013 -0.748323 0.400000
v -0.636396 -0.636396 0.400000
v -0.748323 -0.500013 0.400000
v -0.831492 -0.344415 0.400000
v -0.882707 -0.175581 0.400000
v -0.900000 -0.000000 0.400000
v -0.882707 0.175581 0.400000
v -0.831492 0.344415 0.400000
v -0.748323 0.500013 0.400000
v -0.636396 0.636396 0.400000
v -0.500013 0.748323 0.400000
v -0.344415 0.831492 0.400000
v -0.175581 0.882707 0.400000
v -0.000000 0.900000 0.400000
vn 0.000000 1.000000 0.000000
vn 0.195090 0.980785 0.000000
vn 0.382683 0.923880 0.000000
vn 0.555570 0.831470 0.000000
vn 0.707107 0.707107 0.000000
vn 0.831470 0.555570 0.000000
vn 0.923880 0.382683 0.000000
vn 0.980785 0.195090 0.000000
vn 1.000000 0.000000 0.000000
vn 0.980785 -0.195090 -0.000000
vn 0.923880 -0.382683 -0.000000
vn 0.831470 -0.555570 -0.000000
vn 0.707107 -0.707107 -0.000000
vn 0.555570 -0.831470 -0.000000
vn 0.382683 -0.923880 -0.000000
vn 0.195090 -0.980785 -0.000000
vn 0.000000 -1.000000 -0.000000
vn -0.195090 -0.980785 -0.000000
vn -0.382683 -0.923880 -0.000000
vn -0.555570 -0.831470 -0.000000
vn -0.707107 -0.707107 -0.000000
vn -0.831470 -0.555570 -0.000000
vn -0.923880 -0.382683 -0.000000
vn -0.980785 -0.195090 -0.000000
vn -1.000000 -0.000000 -0.000000
vn -0.980785 0.195090 0.000000
vn -0.923880 0.382683 0.000000
vn -0.831470 0.555570 0.000000
vn -0.707107 0.707107 0.000000
vn -0.555570 0.831470 0.000000
vn -0.382683 0.923880 0.000000
vn -0.195090 0.980785 0.000000
vn -0.000000 1.000000 0.000000
vn 0.000000 1.000000 0.000000
vn 0.195090 0.980785 0.000000
vn 0.382683 0.923880 0.000000
vn 0.555570 0.831470 0.000000
vn 0.707107 0.707107 0.000000
vn 0.831470 0.555570 0.000000
vn 0.923880 0.382683 0.000000
vn 0.980785 0.195090 0.000000
vn 1.000000 0.000000 0.000000
vn 0.980785 -0.195090 -0.000000
vn 0.923880 -0.382683 -0.000000
vn 0.831470 -0.555570 -0.000000
vn 0.707107 -0.707107 -0.000000
vn 0.555570 -0.831470 -0.000000
vn 0.382683 -0.923880 -0.000000
vn 0.195090 -0.980785 -0.000000
vn 0.000000 -1.000000 -0.000000
vn -0.195090 -0.980785 -0.000000
vn -0.382683 -0.923880 -0.000000
vn -0.555570 -0.831470 -0.000000
vn -0.707107 -0.707107 -0.000000
vn -0.831470 -0.555570 -0.000000
vn -0.923880 -0.382683 -0.000000
vn -0.980785 -0.195090 -0.000000
vn -1.000000 -0.000000 -0.000000
vn -0.980785 0.195090 0.000000
vn -0.923880 0.382683 0.000000
vn -0.831470 0.555570 0.000000
vn -0.707107 0.707107 0.000000
vn -0.555570 0.831470 0.000000
vn -0.382683 0.923880 0.000000
vn -0.195090 0.980785 0.000000
vn -0.000000 1.000000 0.000000
vn 0.000000 0.000000 -1.000000
vn 0.000000 0.000000 -1.000000
vn 0.000000 0.000000 -1.000000
vn 0.000000 0.000000 -1.000000
vn 0.000000 0.000000 -1.000000
vn 0.000000 0.000000 -1.000000
vn 0.000000 0.000000 -1.000000
vn 0.000000 0.000000 -1.000000
vn 0.000000 0.000000 -1.000000
vn 0.000000 0.000000 -1.000000
vn 0.000000 0.000000 -1.000000
vn 0.000000 0.000000 -1.000000
vn 0.000000 0.000000 -1.000000
vn 0.000000 0.000000 -1.000000
vn 0.000000 0.000000 -1.000000
vn 0.000000 0.000000 -1.000000
vn 0.000000 0.000000 -1.000000
vn 0.000000 0.000000 -1.000000
vn 0.000000 0.000000 -1.000000
vn 0.000000 0.000000 -1.000000
vn 0.000000 0.000000 -1.000000
vn 0.000000 0.000000 -1.000000
vn 0.000000 0.000000 -1.000000
vn 0.000000 0.000000 -1.000000
vn 0.000000 0.000000 -1.000000
vn 0.000000 0.000000 -1.000000
vn 0.000000 0.000000 -1.000000
vn 0.000000 0.000000 -1.000000
vn 0.000000 0.000000 -1.000000
vn 0.000000 0.000000 -1.000000
vn 0.000000 0.000000 -1.000000
vn 0.000000 0.000000 -1.000000
vn 0.000000 0.000000 -1.000000
vn 0.000000 0.000000 -1.000000
vn 0.000000 0.000000 -1.000000
vn 0.000000 0.000000 -1.000000
vn 0.000000 0.000000 -1.000000
vn 0.000000 0.000000 -1.000000
vn 0.000000 0.000000 -1.000000
vn 0.000000 0.000000 -1.000000
vn 0.000000 0.000000 -1.000000
vn 0.000000 0.000000 -1.000000
vn 0.000000 0.000000 -1.000000
vn 0.000000 0.000000 -1.000000
vn 0.000000 0.000000 -1.000000
vn 0.000000 0.000000 -1.000000
vn 0.000000 0.000000 -1.000000
vn 0.000000 0.000000 -1.000000
vn 0.000000 0.000000 -1.000000
vn 0.000000 0.000000 -1.000000
vn 0.000000 0.000000 -1.000000
vn 0.000000 0.000000 -1.000000
vn 0.000000 0.000000 -1.000000
vn 0.000000 0.000000 -1.000000
vn 0.000000 0.000000 -1.000000
vn 0.000000 0.000000 -1.000000
vn 0.000000 0.000000 -1.000000
vn 0.000000 0.000000 -1.000000
vn 0.000000 0.000000 -1.000000
vn 0.000000 0.000000 -1.000000
vn 0.000000 0.000000 -1.000000
vn 0.000000 0.000000 -1.000000
vn 0.000000 0.000000 -1.000000
vn 0.000000 0.000000 -1.000000
vn 0.000000 0.000000 -1.000000
vn 0.000000 -0.000000 1.000000
vn 0.000000 -0.000000 1.000000
vn 0.000000 -0.000000 1.000000
vn 0.000000 -0.000000 1.000000
vn 0.000000 -0.000000 1.000000
vn 0.000000 -0.000000 1.000000
vn 0.000000 -0.000000 1.000000
vn 0.000000 -0.000000 1.000000
vn 0.000000 -0.000000 1.000000
vn 0.000000 -0.000000 1.000000
vn 0.000000 -0.000000 1.000000
vn 0.000000 -0.000000 1.000000
vn 0.000000 -0.000000 1.000000
vn 0.000000 -0.000000 1.000000
vn 0.000000 -0.000000 1.000000
vn 0.000000 -0.000000 1.000000
vn 0.000000 -0.000000 1.000000
vn 0.000000 -0.000000 1.000000
vn 0.000000 -0.000000 1.000000
vn 0.000000 -0.000000 1.000000
vn 0.000000 -0.000000 1.000000
vn 0.000000 -0.000000 1.000000
vn 0.000000 -0.000000 1.000000
vn 0.000000 -0.000000 1.000000
vn 0.000000 -0.000000 1.000000
vn 0.000000 -0.000000 1.000000
vn 0.000000 -0.000000 1.000000
vn 0.000000 -0.000000 1.000000
vn 0.000000 -0.000000 1.000000
vn 0.000000 -0.000000 1.000000
vn 0.000000 -0.000000 1.000000
vn 0.000000 -0.000000 1.000000
vn 0.000000 -0.000000 1.000000
vn 0.000000 -0.000000 1.000000
vn 0.000000 -0.000000 1.000000
vn 0.000000 -0.000000 1.000000
vn 0.000000 -0.000000 1.000000
vn 0.000000 -0.000000 1.000000
vn 0.000000 -0.000000 1.000000
vn 0.000000 -0.000000 1.000000
vn 0.000000 -0.000000 1.000000
vn 0.000000 -0.000000 1.000000
vn 0.000000 -0.000000 1.000000
vn 0.000000 -0.000000 1.000000
vn 0.000000 -0.000000 1.000000
vn 0.000000 -0.000000 1.000000
vn 0.000000 -0.000000 1.000000
vn 0.000000 -0.000000 1.000000
vn 0.000000 -0.000000 1.000000
vn 0.000000 -0.000000 1.000000
vn 0.000000 -0.000000 1.000000
vn 0.000000 -0.000000 1.000000
vn 0.000000 -0.000000 1.000000
vn 0.000000 -0.000000 1.000000
vn 0.000000 -0.000000 1.000000
vn 0.000000 -0.000000 1.000000
vn 0.000000 -0.000000 1.000000
vn 0.000000 -0.000000 1.000000
vn 0.000000 -0.000000 1.000000
vn 0.000000 -0.000000 1.000000
vn 0.000000 -0.000000 1.000000
vn 0.000000 -0.000000 1.000000
vn 0.000000 -0.000000 1.000000
vn 0.000000 -0.000000 1.000000
vn 0.000000 -0.000000 1.000000
usemtl material_connection_mount
f 2938 2971 2939
f 2971 2972 2939
f 2939 2972 2940
f 2972 2973 2940
f 2940 2973 2941
f 2973 2974 2941
f 2941 2974 2942
f 2974 2975 2942
f 2942 2975 2943
f 2975 2976 2943
f 2943 2976 2944
f 2976 2977 2944
f 2944 2977 2945
f 2977 2978 2945
f 2945 2978 2946
f 2978 2979 2946
f 2946 2979 2947
f 2979 2980 2947
f 2947 2980 2948
f 2980 2981 2948
f 2948 2981 2949
f 2981 2982 2949
f 2949 2982 2950
f 2982 2983 2950
f 2950 2983 2951
f 2983 2984 2951
f 2951 2984 2952
f 2984 2985 2952
f 2952 2985 2953
f 2985 2986 2953
f 2953 2986 2954
f 2986 2987 2954
f 2954 2987 2955
f 2987 2988 2955
f 2955 2988 2956
f 2988 2989 2956
f 2956 2989 2957
f 2989 2990 2957
f 2957 2990 2958
f 2990 2991 2958
f 2958 2991 2959
f 2991 2992 2959
f 2959 2992 2960
f 2992 2993 2960
f 2960 2993 2961
f 2993 2994 2961
f 2961 2994 2962
f 2994 2995 2962
f 2962 2995 2963
f 2995 2996 2963
f 2963 2996 2964
f 2996 2997 2964
f 2964 2997 2965
f 2997 2998 2965
f 2965 2998 2966
f 2998 2999 2966
f 2966 2999 2967
f 2999 3000 2967
f 2967 3000 2968
f 3000 3001 2968
f 2968 3001 2969
f 3001 3002 2969
f 2969 3002 2970
f 3002 3003 2970
f 3036 3037 3004
f 3037 3038 3005
f 3038 3039 3006
f 3039 3040 3007
f 3040 3041 3008
f 3041 3042 3009
f 3042 3043 3010
f 3043 3044 3011
f 3044 3045 3012
f 3045 3046 3013
f 3046 3047 3014
f 3047 3048 3015
f 3048 3049 3016
f 3049 3050 3017
f 3050 3051 3018
f 3051 3052 3019
f 3052 3053 3020
f 3053 3054 3021
f 3054 3055 3022
f 3055 3056 3023
f 3056 3057 3024
f 3057 3058 3025
f 3058 3059 3026
f 3059 3060 3027
f 3060 3061 3028
f 3061 3062 3029
f 3062 3063 3030
f 3063 3064 3031
f 3064 3065 3032
f 3065 3066 3033
f 3066 3067 3034
f 3067 3068 3035
f 3102 3101 3069
f 3103 3102 3070
f 3104 3103 3071
f 3105 3104 3072
f 3106 3105 3073
f 3107 3106 3074
f 3108 3107 3075
f 3109 3108 3076
f 3110 3109 3077
f 3111 3110 3078
f 3112 3111 3079
f 3113 3112 3080
f 3114 3113 3081
f 3115 3114 3082
f 3116 3115 3083
f 3117 3116 3084
f 3118 3117 3085
f 3119 3118 3086
f 3120 3119 3087
f 3121 3120 3088
f 3122 3121 3089
f 3123 3122 3090
f 3124 3123 3091
f 3125 3124 3092
f 3126 3125 3093
f 3127 3126 3094
f 3128 3127 3095
f 3129 3128 3096
f 3130 3129 3097
f 3131 3130 3098
f 3132 3131 3099
f 3133 3132 3100

# Mesh: axis_pins_instances
v 0.000000 0.100000 -0.800000
v 0.038268 0.092388 -0.800000
v 0.070711 0.070711 -0.800000
v 0.092388 0.038268 -0.800000
v 0.100000 0.000000 -0.800000
v 0.092388 -0.038268 -0.800000
v 0.070711 -0.070711 -0.800000
v 0.038268 -0.092388 -0.800000
v 0.000000 -0.100000 -0.800000
v -0.038268 -0.092388 -0.800000
v -0.070711 -0.070711 -0.800000
v -0.092388 -0.038268 -0.800000
v -0.100000 0.000000 -0.800000
v -0.092388 0.038268 -0.800000
v -0.070711 0.070711 -0.800000
v -0.038268 0.092388 -0.800000
v -0.000000 0.100000 -0.800000
v 0.000000 0.100000 0.800000
v 0.038268 0.092388 0.800000
v 0.070711 0.070711 0.800000
v 0.092388 0.038268 0.800000
v 0.100000 -0.000000 0.800000
v 0.092388 -0.038268 0.800000
v 0.070711 -0.070711 0.800000
v 0.038268 -0.092388 0.800000
v 0.000000 -0.100000 0.800000
v -0.038268 -0.092388 0.800000
v -0.070711 -0.070711 0.800000
v -0.092388 -0.038268 0.800000
v -0.100000 -0.000000 0.800000
v -0.092388 0.038268 0.800000
v -0.070711 0.070711 0.800000
v -0.038268 0.092388 0.800000
v -0.000000 0.100000 0.800000
v 0.000000 0.000000 -0.800000
v 0.000000 0.000000 -0.800000
v 0.000000 0.000000 -0.800000
v 0.000000 0.000000 -0.800000
v 0.000000 0.000000 -0.800000
v 0.000000 0.000000 -0.800000
v 0.000000 0.000000 -0.800000
v 0.000000 0.000000 -0.800000
v 0.000000 0.000000 -0.800000
v 0.000000 0.000000 -0.800000
v 0.000000 0.000000 -0.800000
v 0.000000 0.000000 -0.800000
v 0.000000 0.000000 -0.800000
v 0.000000 0.000000 -0.800000
v 0.000000 0.000000 -0.800000
v 0.000000 0.000000 -0.800000
v 0.000000 0.100000 -0.800000
v 0.038268 0.092388 -0.800000
v 0.070711 0.070711 -0.800000
v 0.092388 0.038268 -0.800000
v 0.100000 0.000000 -0.800000
v 0.092388 -0.038268 -0.800000
v 0.070711 -0.070711 -0.800000
v 0.038268 -0.092388 -0.800000
v 0.000000 -0.100000 -0.800000
v -0.038268 -0.092388 -0.800000
v -0.070711 -0.070711 -0.800000
v -0.092388 -0.038268 -0.800000
v -0.100000 0.000000 -0.800000
v -0.092388 0.038268 -0.800000
v -0.070711 0.070711 -0.800000
v -0.038268 0.092388 -0.800000
v -0.000000 0.100000 -0.800000
v 0.000000 -0.000000 0.800000
v 0.000000 -0.000000 0.800000
v 0.000000 -0.000000 0.800000
v 0.000000 -0.000000 0.800000
v 0.000000 -0.000000 0.800000
v 0.000000 -0.000000 0.800000
v 0.000000 -0.000000 0.800000
v 0.000000 -0.000000 0.800000
v 0.000000 -0.000000 0.800000
v 0.000000 -0.000000 0.800000
v 0.000000 -0.000000 0.800000
v 0.000000 -0.000000 0.800000
v 0.000000 -0.000000 0.800000
v 0.000000 -0.000000 0.800000
v 0.000000 -0.000000 0.800000
v 0.000000 -0.000000 0.800000
v 0.000000 0.100000 0.800000
v 0.038268 0.092388 0.800000
v 0.070711 0.070711 0.800000
v 0.092388 0.038268 0.800000
v 0.100000 -0.000000 0.800000
v 0.092388 -0.038268 0.800000
v 0.070711 -0.070711 0.800000
v 0.038268 -0.092388 0.800000
v 0.000000 -0.100000 0.800000
v -0.038268 -0.092388 0.800000
v -0.070711 -0.070711 0.800000
v -0.092388 -0.038268 0.800000
v -0.100000 -0.000000 0.800000
v -0.092388 0.038268 0.800000
v -0.070711 0.070711 0.800000
v -0.038268 0.092388 0.800000
v -0.000000 0.100000 0.800000
vn 0.000000 1.000000 0.000000
vn 0.382683 0.923880 0.000000
vn 0.707107 0.707107 0.000000
vn 0.923880 0.382683 0.000000
vn 1.000000 0.000000 0.000000
vn 0.923880 -0.382683 -0.000000
vn 0.707107 -0.707107 -0.000000
vn 0.382683 -0.923880 -0.000000
vn 0.000000 -1.000000 -0.000000
vn -0.382683 -0.923880 -0.000000
vn -0.707107 -0.707107 -0.000000
vn -0.923880 -0.382683 -0.000000
vn -1.000000 -0.000000 -0.000000
vn -0.923880 0.382683 0.000000
vn -0.707107 0.707107 0.000000
vn -0.382683 0.923880 0.000000
vn -0.000000 1.000000 0.000000
vn 0.000000 1.000000 0.000000
vn 0.382683 0.923880 0.000000
vn 0.707107 0.707107 0.000000
vn 0.923880 0.382683 0.000000
vn 1.000000 0.000000 0.000000
vn 0.923880 -0.382683 -0.000000
vn 0.707107 -0.707107 -0.000000
vn 0.382683 -0.923880 -0.000000
vn 0.000000 -1.000000 -0.000000
vn -0.382683 -0.923880 -0.000000
vn -0.707107 -0.707107 -0.000000
vn -0.923880 -0.382683 -0.000000
vn -1.000000 -0.000000 -0.000000
vn -0.923880 0.382683 0.000000
vn -0.707107 0.707107 0.000000
vn -0.382683 0.923880 0.000000
vn -0.000000 1.000000 0.000000
vn 0.000000 0.000000 -1.000000
vn 0.000000 0.000000 -1.000000
vn 0.000000 0.000000 -1.000000
vn 0.000000 0.000000 -1.000000
vn 0.000000 0.000000 -1.000000
vn 0.000000 0.000000 -1.000000
vn 0.000000 0.000000 -1.000000
vn 0.000000 0.000000 -1.000000
vn 0.000000 0.000000 -1.000000
vn 0.000000 0.000000 -1.000000
vn 0.000000 0.000000 -1.000000
vn 0.000000 0.000000 -1.000000
vn 0.000000 0.000000 -1.000000
vn 0.000000 0.000000 -1.000000
vn 0.000000 0.000000 -1.000000
vn 0.000000 0.000000 -1.000000
vn 0.000000 0.000000 -1.000000
vn 0.000000 0.000000 -1.000000
vn 0.000000 0.000000 -1.000000
vn 0.000000 0.000000 -1.000000
vn 0.000000 0.000000 -1.000000
vn 0.000000 0.000000 -1.000000
vn 0.000000 0.000000 -1.000000
vn 0.000000 0.000000 -1.000000
vn 0.000000 0.000000 -1.000000
vn 0.000000 0.000000 -1.000000
vn 0.000000 0.000000 -1.000000
vn 0.000000 0.000000 -1.000000
vn 0.000000 0.000000 -1.000000
vn 0.000000 0.000000 -1.000000
vn 0.000000 0.000000 -1.000000
vn 0.000000 0.000000 -1.000000
vn 0.000000 0.000000 -1.000000
vn 0.000000 -0.000000 1.000000
vn 0.000000 -0.000000 1.000000
vn 0.000000 -0.000000 1.000000
vn 0.000000 -0.000000 1.000000
vn 0.000000 -0.000000 1.000000
vn 0.000000 -0.000000 1.000000
vn 0.000000 -0.000000 1.000000
vn 0.000000 -0.000000 1.000000
vn 0.000000 -0.000000 1.000000
vn 0.000000 -0.000000 1.000000
vn 0.000000 -0.000000 1.000000
vn 0.000000 -0.000000 1.000000
vn 0.000000 -0.000000 1.000000
vn 0.000000 -0.000000 1.000000
vn 0.000000 -0.000000 1.000000
vn 0.000000 -0.000000 1.000000
vn 0.000000 -0.000000 1.000000
vn 0.000000 -0.000000 1.000000
vn 0.000000 -0.000000 1.000000
vn 0.000000 -0.000000 1.000000
vn 0.000000 -0.000000 1.000000
vn 0.000000 -0.000000 1.000000
vn 0.000000 -0.000000 1.000000
vn 0.000000 -0.000000 1.000000
vn 0.000000 -0.000000 1.000000
vn 0.000000 -0.000000 1.000000
vn 0.000000 -0.000000 1.000000
vn 0.000000 -0.000000 1.000000
vn 0.000000 -0.000000 1.000000
vn 0.000000 -0.000000 1.000000
vn 0.000000 -0.000000 1.000000
vn 0.000000 -0.000000 1.000000
vn 0.000000 -0.000000 1.000000
usemtl material_axis_pins_instances
f 3134 3151 3135
f 3151 3152 3135
f 3135 3152 3136
f 3152 3153 3136
f 3136 3153 3137
f 3153 3154 3137
f 3137 3154 3138
f 3154 3155 3138
f 3138 3155 3139
f 3155 3156 3139
f 3139 3156 3140
f 3156 3157 3140
f 3140 3157 3141
f 3157 3158 3141
f 3141 3158 3142
f 3158 3159 3142
f 3142 3159 3143
f 3159 3160 3143
f 3143 3160 3144
f 3160 3161 3144
f 3144 3161 3145
f 3161 3162 3145
f 3145 3162 3146
f 3162 3163 3146
f 3146 3163 3147
f 3163 3164 3147
f 3147 3164 3148
f 3164 3165 3148
f 3148 3165 3149
f 3165 3166 3149
f 3149 3166 3150
f 3166 3167 3150
f 3184 3185 3168
f 3185 3186 3169
f 3186 3187 3170
f 3187 3188 3171
f 3188 3189 3172
f 3189 3190 3173
f 3190 3191 3174
f 3191 3192 3175
f 3192 3193 3176
f 3193 3194 3177
f 3194 3195 3178
f 3195 3196 3179
f 3196 3197 3180
f 3197 3198 3181
f 3198 3199 3182
f 3199 3200 3183
f 3218 3217 3201
f 3219 3218 3202
f 3220 3219 3203
f 3221 3220 3204
f 3222 3221 3205
f 3223 3222 3206
f 3224 3223 3207
f 3225 3224 3208
f 3226 3225 3209
f 3227 3226 3210
f 3228 3227 3211
f 3229 3228 3212
f 3230 3229 3213
f 3231 3230 3214
f 3232 3231 3215
f 3233 3232 3216

# Mesh: axis_pins_instances (instance 0)
v 0.000000 3.122199 -6.929782
v 0.038268 3.115218 -6.932817
v 0.070711 3.095339 -6.941461
v 0.092388 3.065587 -6.954397
v 0.100000 3.030493 -6.969657
v 0.092388 2.995399 -6.984916
v 0.070711 2.965647 -6.997853
v 0.038268 2.945768 -7.006496
v 0.000000 2.938787 -7.009532
v -0.038268 2.945768 -7.006496
v -0.070711 2.965647 -6.997853
v -0.092388 2.995399 -6.984916
v -0.100000 3.030493 -6.969657
v -0.092388 3.065587 -6.954397
v -0.070711 3.095339 -6.941461
v -0.038268 3.115218 -6.932817
v -0.000000 3.122199 -6.929782
v 0.000000 2.484200 -5.462486
v 0.038268 2.477220 -5.465521
v 0.070711 2.457340 -5.474165
v 0.092388 2.427589 -5.487101
v 0.100000 2.392494 -5.502361
v 0.092388 2.357400 -5.517620
v 0.070711 2.327649 -5.530556
v 0.038268 2.307769 -5.539200
v 0.000000 2.300788 -5.542235
v -0.038268 2.307769 -5.539200
v -0.070711 2.327649 -5.530556
v -0.092388 2.357400 -5.517620
v -0.100000 2.392494 -5.502361
v -0.092388 2.427589 -5.487101
v -0.070711 2.457340 -5.474165
v -0.038268 2.477220 -5.465521
v -0.000000 2.484200 -5.462486
v 0.000000 3.030493 -6.969657
v 0.000000 3.030493 -6.969657
v 0.000000 3.030493 -6.969657
v 0.000000 3.030493 -6.969657
v 0.000000 3.030493 -6.969657
v 0.000000 3.030493 -6.969657
v 0.000000 3.030493 -6.969657
v 0.000000 3.030493 -6.969657
v 0.000000 3.030493 -6.969657
v 0.000000 3.030493 -6.969657
v 0.000000 3.030493 -6.969657
v 0.000000 3.030493 -6.969657
v 0.000000 3.030493 -6.969657
v 0.000000 3.030493 -6.969657
v 0.000000 3.030493 -6.969657
v 0.000000 3.030493 -6.969657
v 0.000000 3.122199 -6.929782
v 0.038268 3.115218 -6.932817
v 0.070711 3.095339 -6.941461
v 0.092388 3.065587 -6.954397
v 0.100000 3.030493 -6.969657
v 0.092388 2.995399 -6.984916
v 0.070711 2.965647 -6.997853
v 0.038268 2.945768 -7.006496
v 0.000000 2.938787 -7.009532
v -0.038268 2.945768 -7.006496
v -0.070711 2.965647 -6.997853
v -0.092388 2.995399 -6.984916
v -0.100000 3.030493 -6.969657
v -0.092388 3.065587 -6.954397
v -0.070711 3.095339 -6.941461
v -0.038268 3.115218 -6.932817
v -0.000000 3.122199 -6.929782
v 0.000000 2.392494 -5.502361
v 0.000000 2.392494 -5.502361
v 0.000000 2.392494 -5.502361
v 0.000000 2.392494 -5.502361
v 0.000000 2.392494 -5.502361
v 0.000000 2.392494 -5.502361
v 0.000000 2.392494 -5.502361
v 0.000000 2.392494 -5.502361
v 0.000000 2.392494 -5.502361
v 0.000000 2.392494 -5.502361
v 0.000000 2.392494 -5.502361
v 0.000000 2.392494 -5.502361
v 0.000000 2.392494 -5.502361
v 0.000000 2.392494 -5.502361
v 0.000000 2.392494 -5.502361
v 0.000000 2.392494 -5.502361
v 0.000000 2.484200 -5.462486
v 0.038268 2.477220 -5.465521
v 0.070711 2.457340 -5.474165
v 0.092388 2.427589 -5.487101
v 0.100000 2.392494 -5.502361
v 0.092388 2.357400 -5.517620
v 0.070711 2.327649 -5.530556
v 0.038268 2.307769 -5.539200
v 0.000000 2.300788 -5.542235
v -0.038268 2.307769 -5.539200
v -0.070711 2.327649 -5.530556
v -0.092388 2.357400 -5.517620
v -0.100000 2.392494 -5.502361
v -0.092388 2.427589 -5.487101
v -0.070711 2.457340 -5.474165
v -0.038268 2.477220 -5.465521
v -0.000000 2.484200 -5.462486
vn 0.000000 1.000000 0.000000
vn 0.382683 0.923880 0.000000
vn 0.707107 0.707107 0.000000
vn 0.923880 0.382683 0.000000
vn 1.000000 0.000000 0.000000
vn 0.923880 -0.382683 -0.000000
vn 0.707107 -0.707107 -0.000000
vn 0.382683 -0.923880 -0.000000
vn 0.000000 -1.000000 -0.000000
vn -0.382683 -0.923880 -0.000000
vn -0.707107 -0.707107 -0.000000
vn -0.923880 -0.382683 -0.000000
vn -1.000000 -0.000000 -0.000000
vn -0.923880 0.382683 0.000000
vn -0.707107 0.707107 0.000000
vn -0.382683 0.923880 0.000000
vn -0.000000 1.000000 0.000000
vn 0.000000 1.000000 0.000000
vn 0.382683 0.923880 0.000000
vn 0.707107 0.707107 0.000000
vn 0.923880 0.382683 0.000000
vn 1.000000 0.000000 0.000000
vn 0.923880 -0.382683 -0.000000
vn 0.707107 -0.707107 -0.000000
vn 0.382683 -0.923880 -0.000000
vn 0.000000 -1.000000 -0.000000
vn -0.382683 -0.923880 -0.000000
vn -0.707107 -0.707107 -0.000000
vn -0.923880 -0.382683 -0.000000
vn -1.000000 -0.000000 -0.000000
vn -0.923880 0.382683 0.000000
vn -0.707107 0.707107 0.000000
vn -0.382683 0.923880 0.000000
vn -0.000000 1.000000 0.000000
vn 0.000000 0.000000 -1.000000
vn 0.000000 0.000000 -1.000000
vn 0.000000 0.000000 -1.000000
vn 0.000000 0.000000 -1.000000
vn 0.000000 0.000000 -1.000000
vn 0.000000 0.000000 -1.000000
vn 0.000000 0.000000 -1.000000
vn 0.000000 0.000000 -1.000000
vn 0.000000 0.000000 -1.000000
vn 0.000000 0.000000 -1.000000
vn 0.000000 0.000000 -1.000000
vn 0.000000 0.000000 -1.000000
vn 0.000000 0.000000 -1.000000
vn 0.000000 0.000000 -1.000000
vn 0.000000 0.000000 -1.000000
vn 0.000000 0.000000 -1.000000
vn 0.000000 0.000000 -1.000000
vn 0.000000 0.000000 -1.000000
vn 0.000000 0.000000 -1.000000
vn 0.000000 0.000000 -1.000000
vn 0.000000 0.000000 -1.000000
vn 0.000000 0.000000 -1.000000
vn 0.000000 0.000000 -1.000000
vn 0.000000 0.000000 -1.000000
vn 0.000000 0.000000 -1.000000
vn 0.000000 0.000000 -1.000000
vn 0.000000 0.000000 -1.000000
vn 0.000000 0.000000 -1.000000
vn 0.000000 0.000000 -1.000000
vn 0.000000 0.000000 -1.000000
vn 0.000000 0.000000 -1.000000
vn 0.000000 0.000000 -1.000000
vn 0.000000 0.000000 -1.000000
vn 0.000000 -0.000000 1.000000
vn 0.000000 -0.000000 1.000000
vn 0.000000 -0.000000 1.000000
vn 0.000000 -0.000000 1.000000
vn 0.000000 -0.000000 1.000000
vn 0.000000 -0.000000 1.000000
vn 0.000000 -0.000000 1.000000
vn 0.000000 -0.000000 1.000000
vn 0.000000 -0.000000 1.000000
vn 0.000000 -0.000000 1.000000
vn 0.000000 -0.000000 1.000000
vn 0.000000 -0.000000 1.000000
vn 0.000000 -0.000000 1.000000
vn 0.000000 -0.000000 1.000000
vn 0.000000 -0.000000 1.000000
vn 0.000000 -0.000000 1.000000
vn 0.000000 -0.000000 1.000000
vn 0.000000 -0.000000 1.000000
vn 0.000000 -0.000000 1.000000
vn 0.000000 -0.000000 1.000000
vn 0.000000 -0.000000 1.000000
vn 0.000000 -0.000000 1.000000
vn 0.000000 -0.000000 1.000000
vn 0.000000 -0.000000 1.000000
vn 0.000000 -0.000000 1.000000
vn 0.000000 -0.000000 1.000000
vn 0.000000 -0.000000 1.000000
vn 0.000000 -0.000000 1.000000
vn 0.000000 -0.000000 1.000000
vn 0.000000 -0.000000 1.000000
vn 0.000000 -0.000000 1.000000
vn 0.000000 -0.000000 1.000000
vn 0.000000 -0.000000 1.000000
usemtl material_axis_pins_instances
f 3234 3251 3235
f 3251 3252 3235
f 3235 3252 3236
f 3252 3253 3236
f 3236 3253 3237
f 3253 3254 3237
f 3237 3254 3238
f 3254 3255 3238
f 3238 3255 3239
f 3255 3256 3239
f 3239 3256 3240
f 3256 3257 3240
f 3240 3257 3241
f 3257 3258 3241
f 3241 3258 3242
f 3258 3259 3242
f 3242 3259 3243
f 3259 3260 3243
f 3243 3260 3244
f 3260 3261 3244
f 3244 3261 3245
f 3261 3262 3245
f 3245 3262 3246
f 3262 3263 3246
f 3246 3263 3247
f 3263 3264 3247
f 3247 3264 3248
f 3264 3265 3248
f 3248 3265 3249
f 3265 3266 3249
f 3249 3266 3250
f 3266 3267 3250
f 3284 3285 3268
f 3285 3286 3269
f 3286 3287 3270
f 3287 3288 3271
f 3288 3289 3272
f 3289 3290 3273
f 3290 3291 3274
f 3291 3292 3275
f 3292 3293 3276
f 3293 3294 3277
f 3294 3295 3278
f 3295 3296 3279
f 3296 3297 3280
f 3297 3298 3281
f 3298 3299 3282
f 3299 3300 3283
f 3318 3317 3301
f 3319 3318 3302
f 3320 3319 3303
f 3321 3320 3304
f 3322 3321 3305
f 3323 3322 3306
f 3324 3323 3307
f 3325 3324 3308
f 3326 3325 3309
f 3327 3326 3310
f 3328 3327 3311
f 3329 3328 3312
f 3330 3329 3313
f 3331 3330 3314
f 3332 3331 3315
f 3333 3332 3316

# Mesh: axis_pins_instances (instance 1)
v 0.000000 -2.300788 5.542235
v 0.038268 -2.307769 5.539200
v 0.070711 -2.327649 5.530556
v 0.092388 -2.357400 5.517620
v 0.100000 -2.392494 5.502361
v 0.092388 -2.427589 5.487101
v 0.070711 -2.457340 5.474165
v 0.038268 -2.477220 5.465521
v 0.000000 -2.484200 5.462486
v -0.038268 -2.477220 5.465521
v -0.070711 -2.457340 5.474165
v -0.092388 -2.427589 5.487101
v -0.100000 -2.392494 5.502361
v -0.092388 -2.357400 5.517620
v -0.070711 -2.327649 5.530556
v -0.038268 -2.307769 5.539200
v -0.000000 -2.300788 5.542235
v 0.000000 -2.938787 7.009532
v 0.038268 -2.945768 7.006496
v 0.070711 -2.965647 6.997853
v 0.092388 -2.995399 6.984916
v 0.100000 -3.030493 6.969657
v 0.092388 -3.065587 6.954397
v 0.070711 -3.095339 6.941461
v 0.038268 -3.115218 6.932817
v 0.000000 -3.122199 6.929782
v -0.038268 -3.115218 6.932817
v -0.070711 -3.095339 6.941461
v -0.092388 -3.065587 6.954397
v -0.100000 -3.030493 6.969657
v -0.092388 -2.995399 6.984916
v -0.070711 -2.965647 6.997853
v -0.038268 -2.945768 7.006496
v -0.000000 -2.938787 7.009532
v 0.000000 -2.392494 5.502361
v 0.000000 -2.392494 5.502361
v 0.000000 -2.392494 5.502361
v 0.000000 -2.392494 5.502361
v 0.000000 -2.392494 5.502361
v 0.000000 -2.392494 5.502361
v 0.000000 -2.392494 5.502361
v 0.000000 -2.392494 5.502361
v 0.000000 -2.392494 5.502361
v 0.000000 -2.392494 5.502361
v 0.000000 -2.392494 5.502361
v 0.000000 -2.392494 5.502361
v 0.000000 -2.392494 5.502361
v 0.000000 -2.392494 5.502361
v 0.000000 -2.392494 5.502361
v 0.000000 -2.392494 5.502361
v 0.000000 -2.300788 5.542235
v 0.038268 -2.307769 5.539200
v 0.070711 -2.327649 5.530556
v 0.092388 -2.357400 5.517620
v 0.100000 -2.392494 5.502361
v 0.092388 -2.427589 5.487101
v 0.070711 -2.457340 5.474165
v 0.038268 -2.477220 5.465521
v 0.000000 -2.484200 5.462486
v -0.038268 -2.477220 5.465521
v -0.070711 -2.457340 5.474165
v -0.092388 -2.427589 5.487101
v -0.100000 -2.392494 5.502361
v -0.092388 -2.357400 5.517620
v -0.070711 -2.327649 5.530556
v -0.038268 -2.307769 5.539200
v -0.000000 -2.300788 5.542235
v 0.000000 -3.030493 6.969657
v 0.000000 -3.030493 6.969657
v 0.000000 -3.030493 6.969657
v 0.000000 -3.030493 6.969657
v 0.000000 -3.030493 6.969657
v 0.000000 -3.030493 6.969657
v 0.000000 -3.030493 6.969657
v 0.000000 -3.030493 6.969657
v 0.000000 -3.030493 6.969657
v 0.000000 -3.030493 6.969657
v 0.000000 -3.030493 6.969657
v 0.000000 -3.030493 6.969657
v 0.000000 -3.030493 6.969657
v 0.000000 -3.030493 6.969657
v 0.000000 -3.030493 6.969657
v 0.000000 -3.030493 6.969657
v 0.000000 -2.938787 7.009532
v 0.038268 -2.945768 7.006496
v 0.070711 -2.965647 6.997853
v 0.092388 -2.995399 6.984916
v 0.100000 -3.030493 6.969657
v 0.092388 -3.065587 6.954397
v 0.070711 -3.095339 6.941461
v 0.038268 -3.115218 6.932817
v 0.000000 -3.122199 6.929782
v -0.038268 -3.115218 6.932817
v -0.070711 -3.095339 6.941461
v -0.092388 -3.065587 6.954397
v -0.100000 -3.030493 6.969657
v -0.092388 -2.995399 6.984916
v -0.070711 -2.965647 6.997853
v -0.038268 -2.945768 7.006496
v -0.000000 -2.938787 7.009532
vn 0.000000 1.000000 0.000000
vn 0.382683 0.923880 0.000000
vn 0.707107 0.707107 0.000000
vn 0.923880 0.382683 0.000000
vn 1.000000 0.000000 0.000000
vn 0.923880 -0.382683 -0.000000
vn 0.707107 -0.707107 -0.000000
vn 0.382683 -0.923880 -0.000000
vn 0.000000 -1.000000 -0.000000
vn -0.382683 -0.923880 -0.000000
vn -0.707107 -0.707107 -0.000000
vn -0.923880 -0.382683 -0.000000
vn -1.000000 -0.000000 -0.000000
vn -0.923880 0.382683 0.000000
vn -0.707107 0.707107 0.000000
vn -0.382683 0.923880 0.000000
vn -0.000000 1.000000 0.000000
vn 0.000000 1.000000 0.000000
vn 0.382683 0.923880 0.000000
vn 0.707107 0.707107 0.000000
vn 0.923880 0.382683 0.000000
vn 1.000000 0.000000 0.000000
vn 0.923880 -0.382683 -0.000000
vn 0.707107 -0.707107 -0.000000
vn 0.382683 -0.923880 -0.000000
vn 0.000000 -1.000000 -0.000000
vn -0.382683 -0.923880 -0.000000
vn -0.707107 -0.707107 -0.000000
vn -0.923880 -0.382683 -0.000000
vn -1.000000 -0.000000 -0.000000
vn -0.923880 0.382683 0.000000
vn -0.707107 0.707107 0.000000
vn -0.382683 0.923880 0.000000
vn -0.000000 1.000000 0.000000
vn 0.000000 0.000000 -1.000000
vn 0.000000 0.000000 -1.000000
vn 0.000000 0.000000 -1.000000
vn 0.000000 0.000000 -1.000000
vn 0.000000 0.000000 -1.000000
vn 0.000000 0.000000 -1.000000
vn 0.000000 0.000000 -1.000000
vn 0.000000 0.000000 -1.000000
vn 0.000000 0.000000 -1.000000
vn 0.000000 0.000000 -1.000000
vn 0.000000 0.000000 -1.000000
vn 0.000000 0.000000 -1.000000
vn 0.000000 0.000000 -1.000000
vn 0.000000 0.000000 -1.000000
vn 0.000000 0.000000 -1.000000
vn 0.000000 0.000000 -1.000000
vn 0.000000 0.000000 -1.000000
vn 0.000000 0.000000 -1.000000
vn 0.000000 0.000000 -1.000000
vn 0.000000 0.000000 -1.000000
vn 0.000000 0.000000 -1.000000
vn 0.000000 0.000000 -1.000000
vn 0.000000 0.000000 -1.000000
vn 0.000000 0.000000 -1.000000
vn 0.000000 0.000000 -1.000000
vn 0.000000 0.000000 -1.000000
vn 0.000000 0.000000 -1.000000
vn 0.000000 0.000000 -1.000000
vn 0.000000 0.000000 -1.000000
vn 0.000000 0.000000 -1.000000
vn 0.000000 0.000000 -1.000000
vn 0.000000 0.000000 -1.000000
vn 0.000000 0.000000 -1.000000
vn 0.000000 -0.000000 1.000000
vn 0.000000 -0.000000 1.000000
vn 0.000000 -0.000000 1.000000
vn 0.000000 -0.000000 1.000000
vn 0.000000 -0.000000 1.000000
vn 0.000000 -0.000000 1.000000
vn 0.000000 -0.000000 1.000000
vn 0.000000 -0.000000 1.000000
vn 0.000000 -0.000000 1.000000
vn 0.000000 -0.000000 1.000000
vn 0.000000 -0.000000 1.000000
vn 0.000000 -0.000000 1.000000
vn 0.000000 -0.000000 1.000000
vn 0.000000 -0.000000 1.000000
vn 0.000000 -0.000000 1.000000
vn 0.000000 -0.000000 1.000000
vn 0.000000 -0.000000 1.000000
vn 0.000000 -0.000000 1.000000
vn 0.000000 -0.000000 1.000000
vn 0.000000 -0.000000 1.000000
vn 0.000000 -0.000000 1.000000
vn 0.000000 -0.000000 1.000000
vn 0.000000 -0.000000 1.000000
vn 0.000000 -0.000000 1.000000
vn 0.000000 -0.000000 1.000000
vn 0.000000 -0.000000 1.000000
vn 0.000000 -0.000000 1.000000
vn 0.000000 -0.000000 1.000000
vn 0.000000 -0.000000 1.000000
vn 0.000000 -0.000000 1.000000
vn 0.000000 -0.000000 1.000000
vn 0.000000 -0.000000 1.000000
vn 0.000000 -0.000000 1.000000
usemtl material_axis_pins_instances
f 3334 3351 3335
f 3351 3352 3335
f 3335 3352 3336
f 3352 3353 3336
f 3336 3353 3337
f 3353 3354 3337
f 3337 3354 3338
f 3354 3355 3338
f 3338 3355 3339
f 3355 3356 3339
f 3339 3356 3340
f 3356 3357 3340
f 3340 3357 3341
f 3357 3358 3341
f 3341 3358 3342
f 3358 3359 3342
f 3342 3359 3343
f 3359 3360 3343
f 3343 3360 3344
f 3360 3361 3344
f 3344 3361 3345
f 3361 3362 3345
f 3345 3362 3346
f 3362 3363 3346
f 3346 3363 3347
f 3363 3364 3347
f 3347 3364 3348
f 3364 3365 3348
f 3348 3365 3349
f 3365 3366 3349
f 3349 3366 3350
f 3366 3367 3350
f 3384 3385 3368
f 3385 3386 3369
f 3386 3387 3370
f 3387 3388 3371
f 3388 3389 3372
f 3389 3390 3373
f 3390 3391 3374
f 3391 3392 3375
f 3392 3393 3376
f 3393 3394 3377
f 3394 3395 3378
f 3395 3396 3379
f 3396 3397 3380
f 3397 3398 3381
f 3398 3399 3382
f 3399 3400 3383
f 3418 3417 3401
f 3419 3418 3402
f 3420 3419 3403
f 3421 3420 3404
f 3422 3421 3405
f 3423 3422 3406
f 3424 3423 3407
f 3425 3424 3408
f 3426 3425 3409
f 3427 3426 3410
f 3428 3427 3411
f 3429 3428 3412
f 3430 3429 3413
f 3431 3430 3414
f 3432 3431 3415
f 3433 3432 3416

# Mesh: globe_map_surface
v 0.000000 0.000000 -6.000000
v 0.000000 0.000000 -6.000000
v 0.000000 0.000000 -6.000000
v 0.000000 0.000000 -6.000000
v 0.000000 0.000000 -6.000000
v 0.000000 0.000000 -6.000000
v 0.000000 0.000000 -6.000000
v 0.000000 0.000000 -6.000000
v 0.000000 0.000000 -6.000000
v 0.000000 0.000000 -6.000000
v 0.000000 0.000000 -6.000000
v 0.000000 0.000000 -6.000000
v 0.000000 0.000000 -6.000000
v 0.000000 0.000000 -6.000000
v 0.000000 0.000000 -6.000000
v 0.000000 0.000000 -6.000000
v 0.000000 0.000000 -6.000000
v 0.000000 0.000000 -6.000000
v 0.000000 0.000000 -6.000000
v 0.000000 0.000000 -6.000000
v 0.000000 0.000000 -6.000000
v 0.000000 0.000000 -6.000000
v 0.000000 0.000000 -6.000000
v 0.000000 0.000000 -6.000000
v 0.000000 0.000000 -6.000000
v 0.000000 0.000000 -6.000000
v 0.000000 0.000000 -6.000000
v 0.000000 0.000000 -6.000000
v 0.000000 0.000000 -6.000000
v 0.000000 0.000000 -6.000000
v 0.000000 0.000000 -6.000000
v 0.000000 0.000000 -6.000000
v 0.000000 0.000000 -6.000000
v 0.000000 0.000000 -6.000000
v 0.000000 0.000000 -6.000000
v 0.000000 0.000000 -6.000000
v 0.000000 0.000000 -6.000000
v 0.000000 0.000000 -6.000000
v 0.000000 0.000000 -6.000000
v 0.000000 0.000000 -6.000000
v 0.000000 0.000000 -6.000000
v 0.000000 0.000000 -6.000000
v 0.000000 0.000000 -6.000000
v 0.000000 0.000000 -6.000000
v 0.000000 0.000000 -6.000000
v 0.000000 0.000000 -6.000000
v 0.000000 0.000000 -6.000000
v 0.000000 0.000000 -6.000000
v 0.000000 0.000000 -6.000000
v -0.588103 0.000000 -5.971108
v -0.583072 0.076763 -5.971108
v -0.568064 0.152212 -5.971108
v -0.543336 0.225057 -5.971108
v -0.509312 0.294051 -5.971108
v -0.466573 0.358014 -5.971108
v -0.415852 0.415852 -5.971108
v -0.358014 0.466573 -5.971108
v -0.294051 0.509312 -5.971108
v -0.225057 0.543336 -5.971108
v -0.152212 0.568064 -5.971108
v -0.076763 0.583072 -5.971108
v -0.000000 0.588103 -5.971108
v 0.076763 0.583072 -5.971108
v 0.152212 0.568064 -5.971108
v 0.225057 0.543336 -5.971108
v 0.294051 0.509312 -5.971108
v 0.358014 0.466573 -5.971108
v 0.415852 0.415852 -5.971108
v 0.466573 0.358014 -5.971108
v 0.509312 0.294051 -5.971108
v 0.543336 0.225057 -5.971108
v 0.568064 0.152212 -5.971108
v 0.583072 0.076763 -5.971108
v 0.588103 0.000000 -5.971108
v 0.583072 -0.076763 -5.971108
v 0.568064 -0.152212 -5.971108
v 0.543336 -0.225057 -5.971108
v 0.509312 -0.294051 -5.971108
v 0.466573 -0.358014 -5.971108
v 0.415852 -0.415852 -5.971108
v 0.358014 -0.466573 -5.971108
v 0.294051 -0.509312 -5.971108
v 0.225057 -0.543336 -5.971108
v 0.152212 -0.568064 -5.971108
v 0.076763 -0.583072 -5.971108
v 0.000000 -0.588103 -5.971108
v -0.076763 -0.583072 -5.971108
v -0.152212 -0.568064 -5.971108
v -0.225057 -0.543336 -5.971108
v -0.294051 -0.509312 -5.971108
v -0.358014 -0.466573 -5.971108
v -0.415852 -0.415852 -5.971108
v -0.466573 -0.358014 -5.971108
v -0.509312 -0.294051 -5.971108
v -0.543336 -0.225057 -5.971108
v -0.568064 -0.152212 -5.971108
v -0.583072 -0.076763 -5.971108
v -0.588103 0.000000 -5.971108
v -1.170542 0.000000 -5.884712
v -1.160528 0.152786 -5.884712
v -1.130657 0.302959 -5.884712
v -1.081440 0.447947 -5.884712
v -1.013719 0.585271 -5.884712
v -0.928653 0.712581 -5.884712
v -0.827698 0.827698 -5.884712
v -0.712581 0.928653 -5.884712
v -0.585271 1.013719 -5.884712
v -0.447947 1.081440 -5.884712
v -0.302959 1.130657 -5.884712
v -0.152786 1.160528 -5.884712
v -0.000000 1.170542 -5.884712
v 0.152786 1.160528 -5.884712
v 0.302959 1.130657 -5.884712
v 0.447947 1.081440 -5.884712
v 0.585271 1.013719 -5.884712
v 0.712581 0.928653 -5.884712
v 0.827698 0.827698 -5.884712
v 0.928653 0.712581 -5.884712
v 1.013719 0.585271 -5.884712
v 1.081440 0.447947 -5.884712
v 1.130657 0.302959 -5.884712
v 1.160528 0.152786 -5.884712
v 1.170542 0.000000 -5.884712
v 1.160528 -0.152786 -5.884712
v 1.130657 -0.302959 -5.884712
v 1.081440 -0.447947 -5.884712
v 1.013719 -0.585271 -5.884712
v 0.928653 -0.712581 -5.884712
v 0.827698 -0.827698 -5.884712
v 0.712581 -0.928653 -5.884712
v 0.585271 -1.013719 -5.884712
v 0.447947 -1.081440 -5.884712
v 0.302959 -1.130657 -5.884712
v 0.152786 -1.160528 -5.884712
v 0.000000 -1.170542 -5.884712
v -0.152786 -1.160528 -5.884712
v -0.302959 -1.130657 -5.884712
v -0.447947 -1.081440 -5.884712
v -0.585271 -1.013719 -5.884712
v -0.712581 -0.928653 -5.884712
v -0.827698 -0.827698 -5.884712
v -0.928653 -0.712581 -5.884712
v -1.013719 -0.585271 -5.884712
v -1.081440 -0.447947 -5.884712
v -1.130657 -0.302959 -5.884712
v -1.160528 -0.152786 -5.884712
v -1.170542 0.000000 -5.884712
v -1.741708 0.000000 -5.741642
v -1.726807 0.227339 -5.741642
v -1.682361 0.450787 -5.741642
v -1.609128 0.666523 -5.741642
v -1.508363 0.870854 -5.741642
v -1.381790 1.060285 -5.741642
v -1.231574 1.231574 -5.741642
v -1.060285 1.381790 -5.741642
v -0.870854 1.508363 -5.741642
v -0.666523 1.609128 -5.741642
v -0.450787 1.682361 -5.741642
v -0.227339 1.726807 -5.741642
v -0.000000 1.741708 -5.741642
v 0.227339 1.726807 -5.741642
v 0.450787 1.682361 -5.741642
v 0.666523 1.609128 -5.741642
v 0.870854 1.508363 -5.741642
v 1.060285 1.381790 -5.741642
v 1.231574 1.231574 -5.741642
v 1.381790 1.060285 -5.741642
v 1.508363 0.870854 -5.741642
v 1.609128 0.666523 -5.741642
v 1.682361 0.450787 -5.741642
v 1.726807 0.227339 -5.741642
v 1.741708 0.000000 -5.741642
v 1.726807 -0.227339 -5.741642
v 1.682361 -0.450787 -5.741642
v 1.609128 -0.666523 -5.741642
v 1.508363 -0.870854 -5.741642
v 1.381790 -1.060285 -5.741642
v 1.231574 -1.231574 -5.741642
v 1.060285 -1.381790 -5.741642
v 0.870854 -1.508363 -5.741642
v 0.666523 -1.609128 -5.741642
v 0.450787 -1.682361 -5.741642
v 0.227339 -1.726807 -5.741642
v 0.000000 -1.741708 -5.741642
v -0.227339 -1.726807 -5.741642
v -0.450787 -1.682361 -5.741642
v -0.666523 -1.609128 -5.741642
v -0.870854 -1.508363 -5.741642
v -1.060285 -1.381790 -5.741642
v -1.231574 -1.231574 -5.741642
v -1.381790 -1.060285 -5.741642
v -1.508363 -0.870854 -5.741642
v -1.609128 -0.666523 -5.741642
v -1.682361 -0.450787 -5.741642
v -1.726807 -0.227339 -5.741642
v -1.741708 -0.000000 -5.741642
v -2.296101 0.000000 -5.543277
v -2.276457 0.299701 -5.543277
v -2.217863 0.594275 -5.543277
v -2.121320 0.878680 -5.543277
v -1.988481 1.148050 -5.543277
v -1.821619 1.397777 -5.543277
v -1.623588 1.623588 -5.543277
v -1.397777 1.821619 -5.543277
v -1.148050 1.988481 -5.543277
v -0.878680 2.121320 -5.543277
v -0.594275 2.217863 -5.543277
v -0.299701 2.276457 -5.543277
v -0.000000 2.296101 -5.543277
v 0.299701 2.276457 -5.543277
v 0.594275 2.217863 -5.543277
v 0.878680 2.121320 -5.543277
v 1.148050 1.988481 -5.543277
v 1.397777 1.821619 -5.543277
v 1.623588 1.623588 -5.543277
v 1.821619 1.397777 -5.543277
v 1.988481 1.148050 -5.543277
v 2.121320 0.878680 -5.543277
v 2.217863 0.594275 -5.543277
v 2.276457 0.299701 -5.543277
v 2.296101 0.000000 -5.543277
v 2.276457 -0.299701 -5.543277
v 2.217863 -0.594275 -5.543277
v 2.121320 -0.878680 -5.543277
v 1.988481 -1.148050 -5.543277
v 1.821619 -1.397777 -5.543277
v 1.623588 -1.623588 -5.543277
v 1.397777 -1.821619 -5.543277
v 1.148050 -1.988481 -5.543277
v 0.878680 -2.121320 -5.543277
v 0.594275 -2.217863 -5.543277
v 0.299701 -2.276457 -5.543277
v 0.000000 -2.296101 -5.543277
v -0.299701 -2.276457 -5.543277
v -0.594275 -2.217863 -5.543277
v -0.878680 -2.121320 -5.543277
v -1.148050 -1.988481 -5.543277
v -1.397777 -1.821619 -5.543277
v -1.623588 -1.623588 -5.543277
v -1.821619 -1.397777 -5.543277
v -1.988481 -1.148050 -5.543277
v -2.121320 -0.878680 -5.543277
v -2.217863 -0.594275 -5.543277
v -2.276457 -0.299701 -5.543277
v -2.296101 -0.000000 -5.543277
v -2.828380 0.000000 -5.291528
v -2.804183 0.369178 -5.291528
v -2.732006 0.732039 -5.291528
v -2.613083 1.082374 -5.291528
v -2.449449 1.414190 -5.291528
v -2.243905 1.721809 -5.291528
v -1.999967 1.999967 -5.291528
v -1.721809 2.243905 -5.291528
v -1.414190 2.449449 -5.291528
v -1.082374 2.613083 -5.291528
v -0.732039 2.732006 -5.291528
v -0.369178 2.804183 -5.291528
v -0.000000 2.828380 -5.291528
v 0.369178 2.804183 -5.291528
v 0.732039 2.732006 -5.291528
v 1.082374 2.613083 -5.291528
v 1.414190 2.449449 -5.291528
v 1.721809 2.243905 -5.291528
v 1.999967 1.999967 -5.291528
v 2.243905 1.721809 -5.291528
v 2.449449 1.414190 -5.291528
v 2.613083 1.082374 -5.291528
v 2.732006 0.732039 -5.291528
v 2.804183 0.369178 -5.291528
v 2.828380 0.000000 -5.291528
v 2.804183 -0.369178 -5.291528
v 2.732006 -0.732039 -5.291528
v 2.613083 -1.082374 -5.291528
v 2.449449 -1.414190 -5.291528
v 2.243905 -1.721809 -5.291528
v 1.999967 -1.999967 -5.291528
v 1.721809 -2.243905 -5.291528
v 1.414190 -2.449449 -5.291528
v 1.082374 -2.613083 -5.291528
v 0.732039 -2.732006 -5.291528
v 0.369178 -2.804183 -5.291528
v 0.000000 -2.828380 -5.291528
v -0.369178 -2.804183 -5.291528
v -0.732039 -2.732006 -5.291528
v -1.082374 -2.613083 -5.291528
v -1.414190 -2.449449 -5.291528
v -1.721809 -2.243905 -5.291528
v -1.999967 -1.999967 -5.291528
v -2.243905 -1.721809 -5.291528
v -2.449449 -1.414190 -5.291528
v -2.613083 -1.082374 -5.291528
v -2.732006 -0.732039 -5.291528
v -2.804183 -0.369178 -5.291528
v -2.828380 -0.000000 -5.291528
v -3.333421 0.000000 -4.988818
v -3.304904 0.435099 -4.988818
v -3.219838 0.862753 -4.988818
v -3.079680 1.275645 -4.988818
v -2.886828 1.666711 -4.988818
v -2.644581 2.029258 -4.988818
v -2.357085 2.357085 -4.988818
v -2.029258 2.644581 -4.988818
v -1.666711 2.886828 -4.988818
v -1.275645 3.079680 -4.988818
v -0.862753 3.219838 -4.988818
v -0.435099 3.304904 -4.988818
v -0.000000 3.333421 -4.988818
v 0.435099 3.304904 -4.988818
v 0.862753 3.219838 -4.988818
v 1.275645 3.079680 -4.988818
v 1.666711 2.886828 -4.988818
v 2.029258 2.644581 -4.988818
v 2.357085 2.357085 -4.988818
v 2.644581 2.029258 -4.988818
v 2.886828 1.666711 -4.988818
v 3.079680 1.275645 -4.988818
v 3.219838 0.862753 -4.988818
v 3.304904 0.435099 -4.988818
v 3.333421 0.000000 -4.988818
v 3.304904 -0.435099 -4.988818
v 3.219838 -0.862753 -4.988818
v 3.079680 -1.275645 -4.988818
v 2.886828 -1.666711 -4.988818
v 2.644581 -2.029258 -4.988818
v 2.357085 -2.357085 -4.988818
v 2.029258 -2.644581 -4.988818
v 1.666711 -2.886828 -4.988818
v 1.275645 -3.079680 -4.988818
v 0.862753 -3.219838 -4.988818
v 0.435099 -3.304904 -4.988818
v 0.000000 -3.333421 -4.988818
v -0.435099 -3.304904 -4.988818
v -0.862753 -3.219838 -4.988818
v -1.275645 -3.079680 -4.988818
v -1.666711 -2.886828 -4.988818
v -2.029258 -2.644581 -4.988818
v -2.357085 -2.357085 -4.988818
v -2.644581 -2.029258 -4.988818
v -2.886828 -1.666711 -4.988818
v -3.079680 -1.275645 -4.988818
v -3.219838 -0.862753 -4.988818
v -3.304904 -0.435099 -4.988818
v -3.333421 -0.000000 -4.988818
v -3.806360 0.000000 -4.638063
v -3.773796 0.496830 -4.638063
v -3.676661 0.985158 -4.638063
v -3.516618 1.456631 -4.638063
v -3.296404 1.903180 -4.638063
v -3.019788 2.317165 -4.638063
v -2.691503 2.691503 -4.638063
v -2.317165 3.019788 -4.638063
v -1.903180 3.296404 -4.638063
v -1.456631 3.516618 -4.638063
v -0.985158 3.676661 -4.638063
v -0.496830 3.773796 -4.638063
v -0.000000 3.806360 -4.638063
v 0.496830 3.773796 -4.638063
v 0.985158 3.676661 -4.638063
v 1.456631 3.516618 -4.638063
v 1.903180 3.296404 -4.638063
v 2.317165 3.019788 -4.638063
v 2.691503 2.691503 -4.638063
v 3.019788 2.317165 -4.638063
v 3.296404 1.903180 -4.638063
v 3.516618 1.456631 -4.638063
v 3.676661 0.985158 -4.638063
v 3.773796 0.496830 -4.638063
v 3.806360 0.000000 -4.638063
v 3.773796 -0.496830 -4.638063
v 3.676661 -0.985158 -4.638063
v 3.516618 -1.456631 -4.638063
v 3.296404 -1.903180 -4.638063
v 3.019788 -2.317165 -4.638063
v 2.691503 -2.691503 -4.638063
v 2.317165 -3.019788 -4.638063
v 1.903180 -3.296404 -4.638063
v 1.456631 -3.516618 -4.638063
v 0.985158 -3.676661 -4.638063
v 0.496830 -3.773796 -4.638063
v 0.000000 -3.806360 -4.638063
v -0.496830 -3.773796 -4.638063
v -0.985158 -3.676661 -4.638063
v -1.456631 -3.516618 -4.638063
v -1.903180 -3.296404 -4.638063
v -2.317165 -3.019788 -4.638063
v -2.691503 -2.691503 -4.638063
v -3.019788 -2.317165 -4.638063
v -3.296404 -1.903180 -4.638063
v -3.516618 -1.456631 -4.638063
v -3.676661 -0.985158 -4.638063
v -3.773796 -0.496830 -4.638063
v -3.806360 -0.000000 -4.638063
v -4.242640 0.000000 -4.242640
v -4.206344 0.553776 -4.242640
v -4.098076 1.098076 -4.242640
v -3.919689 1.623588 -4.242640
v -3.674235 2.121320 -4.242640
v -3.365913 2.582756 -4.242640
v -3.000000 3.000000 -4.242640
v -2.582756 3.365913 -4.242640
v -2.121320 3.674235 -4.242640
v -1.623588 3.919689 -4.242640
v -1.098076 4.098076 -4.242640
v -0.553776 4.206344 -4.242640
v -0.000000 4.242640 -4.242640
v 0.553776 4.206344 -4.242640
v 1.098076 4.098076 -4.242640
v 1.623588 3.919689 -4.242640
v 2.121320 3.674235 -4.242640
v 2.582756 3.365913 -4.242640
v 3.000000 3.000000 -4.242640
v 3.365913 2.582756 -4.242640
v 3.674235 2.121320 -4.242640
v 3.919689 1.623588 -4.242640
v 4.098076 1.098076 -4.242640
v 4.206344 0.553776 -4.242640
v 4.242640 0.000000 -4.242640
v 4.206344 -0.553776 -4.242640
v 4.098076 -1.098076 -4.242640
v 3.919689 -1.623588 -4.242640
v 3.674235 -2.121320 -4.242640
v 3.365913 -2.582756 -4.242640
v 3.000000 -3.000000 -4.242640
v 2.582756 -3.365913 -4.242640
v 2.121320 -3.674235 -4.242640
v 1.623588 -3.919689 -4.242640
v 1.098076 -4.098076 -4.242640
v 0.553776 -4.206344 -4.242640
v 0.000000 -4.242640 -4.242640
v -0.553776 -4.206344 -4.242640
v -1.098076 -4.098076 -4.242640
v -1.623588 -3.919689 -4.242640
v -2.121320 -3.674235 -4.242640
v -2.582756 -3.365913 -4.242640
v -3.000000 -3.000000 -4.242640
v -3.365913 -2.582756 -4.242640
v -3.674235 -2.121320 -4.242640
v -3.919689 -1.623588 -4.242640
v -4.098076 -1.098076 -4.242640
v -4.206344 -0.553776 -4.242640
v -4.242640 -0.000000 -4.242640
v -4.638063 0.000000 -3.806360
v -4.598383 0.605389 -3.806360
v -4.480024 1.200419 -3.806360
v -4.285011 1.774910 -3.806360
v -4.016680 2.319031 -3.806360
v -3.679623 2.823474 -3.806360
v -3.279606 3.279606 -3.806360
v -2.823474 3.679623 -3.806360
v -2.319031 4.016680 -3.806360
v -1.774910 4.285011 -3.806360
v -1.200419 4.480024 -3.806360
v -0.605389 4.598383 -3.806360
v -0.000000 4.638063 -3.806360
v 0.605389 4.598383 -3.806360
v 1.200419 4.480024 -3.806360
v 1.774910 4.285011 -3.806360
v 2.319031 4.016680 -3.806360
v 2.823474 3.679623 -3.806360
v 3.279606 3.279606 -3.806360
v 3.679623 2.823474 -3.806360
v 4.016680 2.319031 -3.806360
v 4.285011 1.774910 -3.806360
v 4.480024 1.200419 -3.806360
v 4.598383 0.605389 -3.806360
v 4.638063 0.000000 -3.806360
v 4.598383 -0.605389 -3.806360
v 4.480024 -1.200419 -3.806360
v 4.285011 -1.774910 -3.806360
v 4.016680 -2.319031 -3.806360
v 3.679623 -2.823474 -3.806360
v 3.279606 -3.279606 -3.806360
v 2.823474 -3.679623 -3.806360
v 2.319031 -4.016680 -3.806360
v 1.774910 -4.285011 -3.806360
v 1.200419 -4.480024 -3.806360
v 0.605389 -4.598383 -3.806360
v 0.000000 -4.638063 -3.806360
v -0.605389 -4.598383 -3.806360
v -1.200419 -4.480024 -3.806360
v -1.774910 -4.285011 -3.806360
v -2.319031 -4.016680 -3.806360
v -2.823474 -3.679623 -3.806360
v -3.279606 -3.279606 -3.806360
v -3.679623 -2.823474 -3.806360
v -4.016680 -2.319031 -3.806360
v -4.285011 -1.774910 -3.806360
v -4.480024 -1.200419 -3.806360
v -4.598383 -0.605389 -3.806360
v -4.638063 -0.000000 -3.806360
v -4.988818 0.000000 -3.333421
v -4.946137 0.651171 -3.333421
v -4.818828 1.291201 -3.333421
v -4.609066 1.909138 -3.333421
v -4.320443 2.494409 -3.333421
v -3.957895 3.037000 -3.333421
v -3.527627 3.527627 -3.333421
v -3.037000 3.957895 -3.333421
v -2.494409 4.320443 -3.333421
v -1.909138 4.609066 -3.333421
v -1.291201 4.818828 -3.333421
v -0.651171 4.946137 -3.333421
v -0.000000 4.988818 -3.333421
v 0.651171 4.946137 -3.333421
v 1.291201 4.818828 -3.333421
v 1.909138 4.609066 -3.333421
v 2.494409 4.320443 -3.333421
v 3.037000 3.957895 -3.333421
v 3.527627 3.527627 -3.333421
v 3.957895 3.037000 -3.333421
v 4.320443 2.494409 -3.333421
v 4.609066 1.909138 -3.333421
v 4.818828 1.291201 -3.333421
v 4.946137 0.651171 -3.333421
v 4.988818 0.000000 -3.333421
v 4.946137 -0.651171 -3.333421
v 4.818828 -1.291201 -3.333421
v 4.609066 -1.909138 -3.333421
v 4.320443 -2.494409 -3.333421
v 3.957895 -3.037000 -3.333421
v 3.527627 -3.527627 -3.333421
v 3.037000 -3.957895 -3.333421
v 2.494409 -4.320443 -3.333421
v 1.909138 -4.609066 -3.333421
v 1.291201 -4.818828 -3.333421
v 0.651171 -4.946137 -3.333421
v 0.000000 -4.988818 -3.333421
v -0.651171 -4.946137 -3.333421
v -1.291201 -4.818828 -3.333421
v -1.909138 -4.609066 -3.333421
v -2.494409 -4.320443 -3.333421
v -3.037000 -3.957895 -3.333421
v -3.527627 -3.527627 -3.333421
v -3.957895 -3.037000 -3.333421
v -4.320443 -2.494409 -3.333421
v -4.609066 -1.909138 -3.333421
v -4.818828 -1.291201 -3.333421
v -4.946137 -0.651171 -3.333421
v -4.988818 -0.000000 -3.333421
v -5.291528 0.000000 -2.828380
v -5.246258 0.690683 -2.828380
v -5.111223 1.369548 -2.828380
v -4.888734 2.024980 -2.828380
v -4.582597 2.645764 -2.828380
v -4.198051 3.221278 -2.828380
v -3.741675 3.741675 -2.828380
v -3.221278 4.198051 -2.828380
v -2.645764 4.582597 -2.828380
v -2.024980 4.888734 -2.828380
v -1.369548 5.111223 -2.828380
v -0.690683 5.246258 -2.828380
v -0.000000 5.291528 -2.828380
v 0.690683 5.246258 -2.828380
v 1.369548 5.111223 -2.828380
v 2.024980 4.888734 -2.828380
v 2.645764 4.582597 -2.828380
v 3.221278 4.198051 -2.828380
v 3.741675 3.741675 -2.828380
v 4.198051 3.221278 -2.828380
v 4.582597 2.645764 -2.828380
v 4.888734 2.024980 -2.828380
v 5.111223 1.369548 -2.828380
v 5.246258 0.690683 -2.828380
v 5.291528 0.000000 -2.828380
v 5.246258 -0.690683 -2.828380
v 5.111223 -1.369548 -2.828380
v 4.888734 -2.024980 -2.828380
v 4.582597 -2.645764 -2.828380
v 4.198051 -3.221278 -2.828380
v 3.741675 -3.741675 -2.828380
v 3.221278 -4.198051 -2.828380
v 2.645764 -4.582597 -2.828380
v 2.024980 -4.888734 -2.828380
v 1.369548 -5.111223 -2.828380
v 0.690683 -5.246258 -2.828380
v 0.000000 -5.291528 -2.828380
v -0.690683 -5.246258 -2.828380
v -1.369548 -5.111223 -2.828380
v -2.024980 -4.888734 -2.828380
v -2.645764 -4.582597 -2.828380
v -3.221278 -4.198051 -2.828380
v -3.741675 -3.741675 -2.828380
v -4.198051 -3.221278 -2.828380
v -4.582597 -2.645764 -2.828380
v -4.888734 -2.024980 -2.828380
v -5.111223 -1.369548 -2.828380
v -5.246258 -0.690683 -2.828380
v -5.291528 -0.000000 -2.828380
v -5.543277 0.000000 -2.296101
v -5.495854 0.723543 -2.296101
v -5.354394 1.434706 -2.296101
v -5.121320 2.121320 -2.296101
v -4.800619 2.771639 -2.296101
v -4.397778 3.374533 -2.296101
v -3.919689 3.919689 -2.296101
v -3.374533 4.397778 -2.296101
v -2.771639 4.800619 -2.296101
v -2.121320 5.121320 -2.296101
v -1.434706 5.354394 -2.296101
v -0.723543 5.495854 -2.296101
v -0.000000 5.543277 -2.296101
v 0.723543 5.495854 -2.296101
v 1.434706 5.354394 -2.296101
v 2.121320 5.121320 -2.296101
v 2.771639 4.800619 -2.296101
v 3.374533 4.397778 -2.296101
v 3.919689 3.919689 -2.296101
v 4.397778 3.374533 -2.296101
v 4.800619 2.771639 -2.296101
v 5.121320 2.121320 -2.296101
v 5.354394 1.434706 -2.296101
v 5.495854 0.723543 -2.296101
v 5.543277 0.000000 -2.296101
v 5.495854 -0.723543 -2.296101
v 5.354394 -1.434706 -2.296101
v 5.121320 -2.121320 -2.296101
v 4.800619 -2.771639 -2.296101
v 4.397778 -3.374533 -2.296101
v 3.919689 -3.919689 -2.296101
v 3.374533 -4.397778 -2.296101
v 2.771639 -4.800619 -2.296101
v 2.121320 -5.121320 -2.296101
v 1.434706 -5.354394 -2.296101
v 0.723543 -5.495854 -2.296101
v 0.000000 -5.543277 -2.296101
v -0.723543 -5.495854 -2.296101
v -1.434706 -5.354394 -2.296101
v -2.121320 -5.121320 -2.296101
v -2.771639 -4.800619 -2.296101
v -3.374533 -4.397778 -2.296101
v -3.919689 -3.919689 -2.296101
v -4.397778 -3.374533 -2.296101
v -4.800619 -2.771639 -2.296101
v -5.121320 -2.121320 -2.296101
v -5.354394 -1.434706 -2.296101
v -5.495854 -0.723543 -2.296101
v -5.543277 -0.000000 -2.296101
v -5.741642 0.000000 -1.741708
v -5.692522 0.749435 -1.741708
v -5.546000 1.486046 -1.741708
v -5.304585 2.197231 -1.741708
v -4.972408 2.870821 -1.741708
v -4.555151 3.495290 -1.741708
v -4.059954 4.059954 -1.741708
v -3.495290 4.555151 -1.741708
v -2.870821 4.972408 -1.741708
v -2.197231 5.304585 -1.741708
v -1.486046 5.546000 -1.741708
v -0.749435 5.692522 -1.741708
v -0.000000 5.741642 -1.741708
v 0.749435 5.692522 -1.741708
v 1.486046 5.546000 -1.741708
v 2.197231 5.304585 -1.741708
v 2.870821 4.972408 -1.741708
v 3.495290 4.555151 -1.741708
v 4.059954 4.059954 -1.741708
v 4.555151 3.495290 -1.741708
v 4.972408 2.870821 -1.741708
v 5.304585 2.197231 -1.741708
v 5.546000 1.486046 -1.741708
v 5.692522 0.749435 -1.741708
v 5.741642 0.000000 -1.741708
v 5.692522 -0.749435 -1.741708
v 5.546000 -1.486046 -1.741708
v 5.304585 -2.197231 -1.741708
v 4.972408 -2.870821 -1.741708
v 4.555151 -3.495290 -1.741708
v 4.059954 -4.059954 -1.741708
v 3.495290 -4.555151 -1.741708
v 2.870821 -4.972408 -1.741708
v 2.197231 -5.304585 -1.741708
v 1.486046 -5.546000 -1.741708
v 0.749435 -5.692522 -1.741708
v 0.000000 -5.741642 -1.741708
v -0.749435 -5.692522 -1.741708
v -1.486046 -5.546000 -1.741708
v -2.197231 -5.304585 -1.741708
v -2.870821 -4.972408 -1.741708
v -3.495290 -4.555151 -1.741708
v -4.059954 -4.059954 -1.741708
v -4.555151 -3.495290 -1.741708
v -4.972408 -2.870821 -1.741708
v -5.304585 -2.197231 -1.741708
v -5.546000 -1.486046 -1.741708
v -5.692522 -0.749435 -1.741708
v -5.741642 -0.000000 -1.741708
v -5.884712 0.000000 -1.170542
v -5.834367 0.768109 -1.170542
v -5.684195 1.523075 -1.170542
v -5.436765 2.251982 -1.170542
v -5.096310 2.942356 -1.170542
v -4.668656 3.582386 -1.170542
v -4.161119 4.161119 -1.170542
v -3.582386 4.668656 -1.170542
v -2.942356 5.096310 -1.170542
v -2.251982 5.436765 -1.170542
v -1.523075 5.684195 -1.170542
v -0.768109 5.834367 -1.170542
v -0.000000 5.884712 -1.170542
v 0.768109 5.834367 -1.170542
v 1.523075 5.684195 -1.170542
v 2.251982 5.436765 -1.170542
v 2.942356 5.096310 -1.170542
v 3.582386 4.668656 -1.170542
v 4.161119 4.161119 -1.170542
v 4.668656 3.582386 -1.170542
v 5.096310 2.942356 -1.170542
v 5.436765 2.251982 -1.170542
v 5.684195 1.523075 -1.170542
v 5.834367 0.768109 -1.170542
v 5.884712 0.000000 -1.170542
v 5.834367 -0.768109 -1.170542
v 5.684195 -1.523075 -1.170542
v 5.436765 -2.251982 -1.170542
v 5.096310 -2.942356 -1.170542
v 4.668656 -3.582386 -1.170542
v 4.161119 -4.161119 -1.170542
v 3.582386 -4.668656 -1.170542
v 2.942356 -5.096310 -1.170542
v 2.251982 -5.436765 -1.170542
v 1.523075 -5.684195 -1.170542
v 0.768109 -5.834367 -1.170542
v 0.000000 -5.884712 -1.170542
v -0.768109 -5.834367 -1.170542
v -1.523075 -5.684195 -1.170542
v -2.251982 -5.436765 -1.170542
v -2.942356 -5.096310 -1.170542
v -3.582386 -4.668656 -1.170542
v -4.161119 -4.161119 -1.170542
v -4.668656 -3.582386 -1.170542
v -5.096310 -2.942356 -1.170542
v -5.436765 -2.251982 -1.170542
v -5.684195 -1.523075 -1.170542
v -5.834367 -0.768109 -1.170542
v -5.884712 -0.000000 -1.170542
v -5.971108 0.000000 -0.588103
v -5.920025 0.779386 -0.588103
v -5.767648 1.545437 -0.588103
v -5.516585 2.285044 -0.588103
v -5.171132 2.985554 -0.588103
v -4.737199 3.634980 -0.588103
v -4.222211 4.222211 -0.588103
v -3.634980 4.737199 -0.588103
v -2.985554 5.171132 -0.588103
v -2.285044 5.516585 -0.588103
v -1.545437 5.767648 -0.588103
v -0.779386 5.920025 -0.588103
v -0.000000 5.971108 -0.588103
v 0.779386 5.920025 -0.588103
v 1.545437 5.767648 -0.588103
v 2.285044 5.516585 -0.588103
v 2.985554 5.171132 -0.588103
v 3.634980 4.737199 -0.588103
v 4.222211 4.222211 -0.588103
v 4.737199 3.634980 -0.588103
v 5.171132 2.985554 -0.588103
v 5.516585 2.285044 -0.588103
v 5.767648 1.545437 -0.588103
v 5.920025 0.779386 -0.588103
v 5.971108 0.000000 -0.588103
v 5.920025 -0.779386 -0.588103
v 5.767648 -1.545437 -0.588103
v 5.516585 -2.285044 -0.588103
v 5.171132 -2.985554 -0.588103
v 4.737199 -3.634980 -0.588103
v 4.222211 -4.222211 -0.588103
v 3.634980 -4.737199 -0.588103
v 2.985554 -5.171132 -0.588103
v 2.285044 -5.516585 -0.588103
v 1.545437 -5.767648 -0.588103
v 0.779386 -5.920025 -0.588103
v 0.000000 -5.971108 -0.588103
v -0.779386 -5.920025 -0.588103
v -1.545437 -5.767648 -0.588103
v -2.285044 -5.516585 -0.588103
v -2.985554 -5.171132 -0.588103
v -3.634980 -4.737199 -0.588103
v -4.222211 -4.222211 -0.588103
v -4.737199 -3.634980 -0.588103
v -5.171132 -2.985554 -0.588103
v -5.516585 -2.285044 -0.588103
v -5.767648 -1.545437 -0.588103
v -5.920025 -0.779386 -0.588103
v -5.971108 -0.000000 -0.588103
v -6.000000 0.000000 -0.000000
v -5.948669 0.783157 -0.000000
v -5.795555 1.552914 -0.000000
v -5.543277 2.296101 -0.000000
v -5.196152 3.000000 -0.000000
v -4.760120 3.652569 -0.000000
v -4.242640 4.242640 -0.000000
v -3.652569 4.760120 -0.000000
v -3.000000 5.196152 -0.000000
v -2.296101 5.543277 -0.000000
v -1.552914 5.795555 -0.000000
v -0.783157 5.948669 -0.000000
v -0.000000 6.000000 0.000000
v 0.783157 5.948669 -0.000000
v 1.552914 5.795555 -0.000000
v 2.296101 5.543277 -0.000000
v 3.000000 5.196152 -0.000000
v 3.652569 4.760120 -0.000000
v 4.242640 4.242640 -0.000000
v 4.760120 3.652569 -0.000000
v 5.196152 3.000000 -0.000000
v 5.543277 2.296101 -0.000000
v 5.795555 1.552914 -0.000000
v 5.948669 0.783157 -0.000000
v 6.000000 0.000000 -0.000000
v 5.948669 -0.783157 -0.000000
v 5.795555 -1.552914 -0.000000
v 5.543277 -2.296101 -0.000000
v 5.196152 -3.000000 -0.000000
v 4.760120 -3.652569 -0.000000
v 4.242640 -4.242640 -0.000000
v 3.652569 -4.760120 -0.000000
v 3.000000 -5.196152 -0.000000
v 2.296101 -5.543277 -0.000000
v 1.552914 -5.795555 -0.000000
v 0.783157 -5.948669 -0.000000
v 0.000000 -6.000000 -0.000000
v -0.783157 -5.948669 -0.000000
v -1.552914 -5.795555 -0.000000
v -2.296101 -5.543277 -0.000000
v -3.000000 -5.196152 -0.000000
v -3.652569 -4.760120 -0.000000
v -4.242640 -4.242640 -0.000000
v -4.760120 -3.652569 -0.000000
v -5.196152 -3.000000 -0.000000
v -5.543277 -2.296101 -0.000000
v -5.795555 -1.552914 -0.000000
v -5.948669 -0.783157 -0.000000
v -6.000000 -0.000000 -0.000000
v -5.971108 -0.000000 0.588103
v -5.920025 0.779386 0.588103
v -5.767648 1.545437 0.588103
v -5.516585 2.285044 0.588103
v -5.171132 2.985554 0.588103
v -4.737199 3.634980 0.588103
v -4.222211 4.222211 0.588103
v -3.634980 4.737199 0.588103
v -2.985554 5.171132 0.588103
v -2.285044 5.516585 0.588103
v -1.545437 5.767648 0.588103
v -0.779386 5.920025 0.588103
v -0.000000 5.971108 0.588103
v 0.779386 5.920025 0.588103
v 1.545437 5.767648 0.588103
v 2.285044 5.516585 0.588103
v 2.985554 5.171132 0.588103
v 3.634980 4.737199 0.588103
v 4.222211 4.222211 0.588103
v 4.737199 3.634980 0.588103
v 5.171132 2.985554 0.588103
v 5.516585 2.285044 0.588103
v 5.767648 1.545437 0.588103
v 5.920025 0.779386 0.588103
v 5.971108 0.000000 0.588103
v 5.920025 -0.779386 0.588103
v 5.767648 -1.545437 0.588103
v 5.516585 -2.285044 0.588103
v 5.171132 -2.985554 0.588103
v 4.737199 -3.634980 0.588103
v 4.222211 -4.222211 0.588103
v 3.634980 -4.737199 0.588103
v 2.985554 -5.171132 0.588103
v 2.285044 -5.516585 0.588103
v 1.545437 -5.767648 0.588103
v 0.779386 -5.920025 0.588103
v 0.000000 -5.971108 0.588103
v -0.779386 -5.920025 0.588103
v -1.545437 -5.767648 0.588103
v -2.285044 -5.516585 0.588103
v -2.985554 -5.171132 0.588103
v -3.634980 -4.737199 0.588103
v -4.222211 -4.222211 0.588103
v -4.737199 -3.634980 0.588103
v -5.171132 -2.985554 0.588103
v -5.516585 -2.285044 0.588103
v -5.767648 -1.545437 0.588103
v -5.920025 -0.779386 0.588103
v -5.971108 -0.000000 0.588103
v -5.884712 -0.000000 1.170542
v -5.834367 0.768109 1.170542
v -5.684195 1.523075 1.170542
v -5.436765 2.251982 1.170542
v -5.096310 2.942356 1.170542
v -4.668656 3.582386 1.170542
v -4.161119 4.161119 1.170542
v -3.582386 4.668656 1.170542
v -2.942356 5.096310 1.170542
v -2.251982 5.436765 1.170542
v -1.523075 5.684195 1.170542
v -0.768109 5.834367 1.170542
v -0.000000 5.884712 1.170542
v 0.768109 5.834367 1.170542
v 1.523075 5.684195 1.170542
v 2.251982 5.436765 1.170542
v 2.942356 5.096310 1.170542
v 3.582386 4.668656 1.170542
v 4.161119 4.161119 1.170542
v 4.668656 3.582386 1.170542
v 5.096310 2.942356 1.170542
v 5.436765 2.251982 1.170542
v 5.684195 1.523075 1.170542
v 5.834367 0.768109 1.170542
v 5.884712 0.000000 1.170542
v 5.834367 -0.768109 1.170542
v 5.684195 -1.523075 1.170542
v 5.436765 -2.251982 1.170542
v 5.096310 -2.942356 1.170542
v 4.668656 -3.582386 1.170542
v 4.161119 -4.161119 1.170542
v 3.582386 -4.668656 1.170542
v 2.942356 -5.096310 1.170542
v 2.251982 -5.436765 1.170542
v 1.523075 -5.684195 1.170542
v 0.768109 -5.834367 1.170542
v 0.000000 -5.884712 1.170542
v -0.768109 -5.834367 1.170542
v -1.523075 -5.684195 1.170542
v -2.251982 -5.436765 1.170542
v -2.942356 -5.096310 1.170542
v -3.582386 -4.668656 1.170542
v -4.161119 -4.161119 1.170542
v -4.668656 -3.582386 1.170542
v -5.096310 -2.942356 1.170542
v -5.436765 -2.251982 1.170542
v -5.684195 -1.523075 1.170542
v -5.834367 -0.768109 1.170542
v -5.884712 -0.000000 1.170542
v -5.741642 -0.000000 1.741708
v -5.692522 0.749435 1.741708
v -5.546000 1.486046 1.741708
v -5.304585 2.197231 1.741708
v -4.972408 2.870821 1.741708
v -4.555151 3.495290 1.741708
v -4.059954 4.059954 1.741708
v -3.495290 4.555151 1.741708
v -2.870821 4.972408 1.741708
v -2.197231 5.304585 1.741708
v -1.486046 5.546000 1.741708
v -0.749435 5.692522 1.741708
v -0.000000 5.741642 1.741708
v 0.749435 5.692522 1.741708
v 1.486046 5.546000 1.741708
v 2.197231 5.304585 1.741708
v 2.870821 4.972408 1.741708
v 3.495290 4.555151 1.741708
v 4.059954 4.059954 1.741708
v 4.555151 3.495290 1.741708
v 4.972408 2.870821 1.741708
v 5.304585 2.197231 1.741708
v 5.546000 1.486046 1.741708
v 5.692522 0.749435 1.741708
v 5.741642 0.000000 1.741708
v 5.692522 -0.749435 1.741708
v 5.546000 -1.486046 1.741708
v 5.304585 -2.197231 1.741708
v 4.972408 -2.870821 1.741708
v 4.555151 -3.495290 1.741708
v 4.059954 -4.059954 1.741708
v 3.495290 -4.555151 1.741708
v 2.870821 -4.972408 1.741708
v 2.197231 -5.304585 1.741708
v 1.486046 -5.546000 1.741708
v 0.749435 -5.692522 1.741708
v 0.000000 -5.741642 1.741708
v -0.749435 -5.692522 1.741708
v -1.486046 -5.546000 1.741708
v -2.197231 -5.304585 1.741708
v -2.870821 -4.972408 1.741708
v -3.495290 -4.555151 1.741708
v -4.059954 -4.059954 1.741708
v -4.555151 -3.495290 1.741708
v -4.972408 -2.870821 1.741708
v -5.304585 -2.197231 1.741708
v -5.546000 -1.486046 1.741708
v -5.692522 -0.749435 1.741708
v -5.741642 -0.000000 1.741708
v -5.543277 -0.000000 2.296101
v -5.495854 0.723543 2.296101
v -5.354394 1.434706 2.296101
v -5.121320 2.121320 2.296101
v -4.800619 2.771639 2.296101
v -4.397778 3.374533 2.296101
v -3.919689 3.919689 2.296101
v -3.374533 4.397778 2.296101
v -2.771639 4.800619 2.296101
v -2.121320 5.121320 2.296101
v -1.434706 5.354394 2.296101
v -0.723543 5.495854 2.296101
v -0.000000 5.543277 2.296101
v 0.723543 5.495854 2.296101
v 1.434706 5.354394 2.296101
v 2.121320 5.121320 2.296101
v 2.771639 4.800619 2.296101
v 3.374533 4.397778 2.296101
v 3.919689 3.919689 2.296101
v 4.397778 3.374533 2.296101
v 4.800619 2.771639 2.296101
v 5.121320 2.121320 2.296101
v 5.354394 1.434706 2.296101
v 5.495854 0.723543 2.296101
v 5.543277 0.000000 2.296101
v 5.495854 -0.723543 2.296101
v 5.354394 -1.434706 2.296101
v 5.121320 -2.121320 2.296101
v 4.800619 -2.771639 2.296101
v 4.397778 -3.374533 2.296101
v 3.919689 -3.919689 2.296101
v 3.374533 -4.397778 2.296101
v 2.771639 -4.800619 2.296101
v 2.121320 -5.121320 2.296101
v 1.434706 -5.354394 2.296101
v 0.723543 -5.495854 2.296101
v 0.000000 -5.543277 2.296101
v -0.723543 -5.495854 2.296101
v -1.434706 -5.354394 2.296101
v -2.121320 -5.121320 2.296101
v -2.771639 -4.800619 2.296101
v -3.374533 -4.397778 2.296101
v -3.919689 -3.919689 2.296101
v -4.397778 -3.374533 2.296101
v -4.800619 -2.771639 2.296101
v -5.121320 -2.121320 2.296101
v -5.354394 -1.434706 2.296101
v -5.495854 -0.723543 2.296101
v -5.543277 -0.000000 2.296101
v -5.291528 -0.000000 2.828380
v -5.246258 0.690683 2.828380
v -5.111223 1.369548 2.828380
v -4.888734 2.024980 2.828380
v -4.582597 2.645764 2.828380
v -4.198051 3.221278 2.828380
v -3.741675 3.741675 2.828380
v -3.221278 4.198051 2.828380
v -2.645764 4.582597 2.828380
v -2.024980 4.888734 2.828380
v -1.369548 5.111223 2.828380
v -0.690683 5.246258 2.828380
v -0.000000 5.291528 2.828380
v 0.690683 5.246258 2.828380
v 1.369548 5.111223 2.828380
v 2.024980 4.888734 2.828380
v 2.645764 4.582597 2.828380
v 3.221278 4.198051 2.828380
v 3.741675 3.741675 2.828380
v 4.198051 3.221278 2.828380
v 4.582597 2.645764 2.828380
v 4.888734 2.024980 2.828380
v 5.111223 1.369548 2.828380
v 5.246258 0.690683 2.828380
v 5.291528 0.000000 2.828380
v 5.246258 -0.690683 2.828380
v 5.111223 -1.369548 2.828380
v 4.888734 -2.024980 2.828380
v 4.582597 -2.645764 2.828380
v 4.198051 -3.221278 2.828380
v 3.741675 -3.741675 2.828380
v 3.221278 -4.198051 2.828380
v 2.645764 -4.582597 2.828380
v 2.024980 -4.888734 2.828380
v 1.369548 -5.111223 2.828380
v 0.690683 -5.246258 2.828380
v 0.000000 -5.291528 2.828380
v -0.690683 -5.246258 2.828380
v -1.369548 -5.111223 2.828380
v -2.024980 -4.888734 2.828380
v -2.645764 -4.582597 2.828380
v -3.221278 -4.198051 2.828380
v -3.741675 -3.741675 2.828380
v -4.198051 -3.221278 2.828380
v -4.582597 -2.645764 2.828380
v -4.888734 -2.024980 2.828380
v -5.111223 -1.369548 2.828380
v -5.246258 -0.690683 2.828380
v -5.291528 -0.000000 2.828380
v -4.988818 -0.000000 3.333421
v -4.946137 0.651171 3.333421
v -4.818828 1.291201 3.333421
v -4.609066 1.909138 3.333421
v -4.320443 2.494409 3.333421
v -3.957895 3.037000 3.333421
v -3.527627 3.527627 3.333421
v -3.037000 3.957895 3.333421
v -2.494409 4.320443 3.333421
v -1.909138 4.609066 3.333421
v -1.291201 4.818828 3.333421
v -0.651171 4.946137 3.333421
v -0.000000 4.988818 3.333421
v 0.651171 4.946137 3.333421
v 1.291201 4.818828 3.333421
v 1.909138 4.609066 3.333421
v 2.494409 4.320443 3.333421
v 3.037000 3.957895 3.333421
v 3.527627 3.527627 3.333421
v 3.957895 3.037000 3.333421
v 4.320443 2.494409 3.333421
v 4.609066 1.909138 3.333421
v 4.818828 1.291201 3.333421
v 4.946137 0.651171 3.333421
v 4.988818 0.000000 3.333421
v 4.946137 -0.651171 3.333421
v 4.818828 -1.291201 3.333421
v 4.609066 -1.909138 3.333421
v 4.320443 -2.494409 3.333421
v 3.957895 -3.037000 3.333421
v 3.527627 -3.527627 3.333421
v 3.037000 -3.957895 3.333421
v 2.494409 -4.320443 3.333421
v 1.909138 -4.609066 3.333421
v 1.291201 -4.818828 3.333421
v 0.651171 -4.946137 3.333421
v 0.000000 -4.988818 3.333421
v -0.651171 -4.946137 3.333421
v -1.291201 -4.818828 3.333421
v -1.909138 -4.609066 3.333421
v -2.494409 -4.320443 3.333421
v -3.037000 -3.957895 3.333421
v -3.527627 -3.527627 3.333421
v -3.957895 -3.037000 3.333421
v -4.320443 -2.494409 3.333421
v -4.609066 -1.909138 3.333421
v -4.818828 -1.291201 3.333421
v -4.946137 -0.651171 3.333421
v -4.988818 -0.000000 3.333421
v -4.638063 -0.000000 3.806360
v -4.598383 0.605389 3.806360
v -4.480024 1.200419 3.806360
v -4.285011 1.774910 3.806360
v -4.016680 2.319031 3.806360
v -3.679623 2.823474 3.806360
v -3.279606 3.279606 3.806360
v -2.823474 3.679623 3.806360
v -2.319031 4.016680 3.806360
v -1.774910 4.285011 3.806360
v -1.200419 4.480024 3.806360
v -0.605389 4.598383 3.806360
v -0.000000 4.638063 3.806360
v 0.605389 4.598383 3.806360
v 1.200419 4.480024 3.806360
v 1.774910 4.285011 3.806360
v 2.319031 4.016680 3.806360
v 2.823474 3.679623 3.806360
v 3.279606 3.279606 3.806360
v 3.679623 2.823474 3.806360
v 4.016680 2.319031 3.806360
v 4.285011 1.774910 3.806360
v 4.480024 1.200419 3.806360
v 4.598383 0.605389 3.806360
v 4.638063 0.000000 3.806360
v 4.598383 -0.605389 3.806360
v 4.480024 -1.200419 3.806360
v 4.285011 -1.774910 3.806360
v 4.016680 -2.319031 3.806360
v 3.679623 -2.823474 3.806360
v 3.279606 -3.279606 3.806360
v 2.823474 -3.679623 3.806360
v 2.319031 -4.016680 3.806360
v 1.774910 -4.285011 3.806360
v 1.200419 -4.480024 3.806360
v 0.605389 -4.598383 3.806360
v 0.000000 -4.638063 3.806360
v -0.605389 -4.598383 3.806360
v -1.200419 -4.480024 3.806360
v -1.774910 -4.285011 3.806360
v -2.319031 -4.016680 3.806360
v -2.823474 -3.679623 3.806360
v -3.279606 -3.279606 3.806360
v -3.679623 -2.823474 3.806360
v -4.016680 -2.319031 3.806360
v -4.285011 -1.774910 3.806360
v -4.480024 -1.200419 3.806360
v -4.598383 -0.605389 3.806360
v -4.638063 -0.000000 3.806360
v -4.242640 -0.000000 4.242640
v -4.206344 0.553776 4.242640
v -4.098076 1.098076 4.242640
v -3.919689 1.623588 4.242640
v -3.674235 2.121320 4.242640
v -3.365913 2.582756 4.242640
v -3.000000 3.000000 4.242640
v -2.582756 3.365913 4.242640
v -2.121320 3.674235 4.242640
v -1.623588 3.919689 4.242640
v -1.098076 4.098076 4.242640
v -0.553776 4.206344 4.242640
v -0.000000 4.242640 4.242640
v 0.553776 4.206344 4.242640
v 1.098076 4.098076 4.242640
v 1.623588 3.919689 4.242640
v 2.121320 3.674235 4.242640
v 2.582756 3.365913 4.242640
v 3.000000 3.000000 4.242640
v 3.365913 2.582756 4.242640
v 3.674235 2.121320 4.242640
v 3.919689 1.623588 4.242640
v 4.098076 1.098076 4.242640
v 4.206344 0.553776 4.242640
v 4.242640 0.000000 4.242640
v 4.206344 -0.553776 4.242640
v 4.098076 -1.098076 4.242640
v 3.919689 -1.623588 4.242640
v 3.674235 -2.121320 4.242640
v 3.365913 -2.582756 4.242640
v 3.000000 -3.000000 4.242640
v 2.582756 -3.365913 4.242640
v 2.121320 -3.674235 4.242640
v 1.623588 -3.919689 4.242640
v 1.098076 -4.098076 4.242640
v 0.553776 -4.206344 4.242640
v 0.000000 -4.242640 4.242640
v -0.553776 -4.206344 4.242640
v -1.098076 -4.098076 4.242640
v -1.623588 -3.919689 4.242640
v -2.121320 -3.674235 4.242640
v -2.582756 -3.365913 4.242640
v -3.000000 -3.000000 4.242640
v -3.365913 -2.582756 4.242640
v -3.674235 -2.121320 4.242640
v -3.919689 -1.623588 4.242640
v -4.098076 -1.098076 4.242640
v -4.206344 -0.553776 4.242640
v -4.242640 -0.000000 4.242640
v -3.806360 -0.000000 4.638063
v -3.773796 0.496830 4.638063
v -3.676661 0.985158 4.638063
v -3.516618 1.456631 4.638063
v -3.296404 1.903180 4.638063
v -3.019788 2.317165 4.638063
v -2.691503 2.691503 4.638063
v -2.317165 3.019788 4.638063
v -1.903180 3.296404 4.638063
v -1.456631 3.516618 4.638063
v -0.985158 3.676661 4.638063
v -0.496830 3.773796 4.638063
v -0.000000 3.806360 4.638063
v 0.496830 3.773796 4.638063
v 0.985158 3.676661 4.638063
v 1.456631 3.516618 4.638063
v 1.903180 3.296404 4.638063
v 2.317165 3.019788 4.638063
v 2.691503 2.691503 4.638063
v 3.019788 2.317165 4.638063
v 3.296404 1.903180 4.638063
v 3.516618 1.456631 4.638063
v 3.676661 0.985158 4.638063
v 3.773796 0.496830 4.638063
v 3.806360 0.000000 4.638063
v 3.773796 -0.496830 4.638063
v 3.676661 -0.985158 4.638063
v 3.516618 -1.456631 4.638063
v 3.296404 -1.903180 4.638063
v 3.019788 -2.317165 4.638063
v 2.691503 -2.691503 4.638063
v 2.317165 -3.019788 4.638063
v 1.903180 -3.296404 4.638063
v 1.456631 -3.516618 4.638063
v 0.985158 -3.676661 4.638063
v 0.496830 -3.773796 4.638063
v 0.000000 -3.806360 4.638063
v -0.496830 -3.773796 4.638063
v -0.985158 -3.676661 4.638063
v -1.456631 -3.516618 4.638063
v -1.903180 -3.296404 4.638063
v -2.317165 -3.019788 4.638063
v -2.691503 -2.691503 4.638063
v -3.019788 -2.317165 4.638063
v -3.296404 -1.903180 4.638063
v -3.516618 -1.456631 4.638063
v -3.676661 -0.985158 4.638063
v -3.773796 -0.496830 4.638063
v -3.806360 -0.000000 4.638063
v -3.333421 -0.000000 4.988818
v -3.304904 0.435099 4.988818
v -3.219838 0.862753 4.988818
v -3.079680 1.275645 4.988818
v -2.886828 1.666711 4.988818
v -2.644581 2.029258 4.988818
v -2.357085 2.357085 4.988818
v -2.029258 2.644581 4.988818
v -1.666711 2.886828 4.988818
v -1.275645 3.079680 4.988818
v -0.862753 3.219838 4.988818
v -0.435099 3.304904 4.988818
v -0.000000 3.333421 4.988818
v 0.435099 3.304904 4.988818
v 0.862753 3.219838 4.988818
v 1.275645 3.079680 4.988818
v 1.666711 2.886828 4.988818
v 2.029258 2.644581 4.988818
v 2.357085 2.357085 4.988818
v 2.644581 2.029258 4.988818
v 2.886828 1.666711 4.988818
v 3.079680 1.275645 4.988818
v 3.219838 0.862753 4.988818
v 3.304904 0.435099 4.988818
v 3.333421 0.000000 4.988818
v 3.304904 -0.435099 4.988818
v 3.219838 -0.862753 4.988818
v 3.079680 -1.275645 4.988818
v 2.886828 -1.666711 4.988818
v 2.644581 -2.029258 4.988818
v 2.357085 -2.357085 4.988818
v 2.029258 -2.644581 4.988818
v 1.666711 -2.886828 4.988818
v 1.275645 -3.079680 4.988818
v 0.862753 -3.219838 4.988818
v 0.435099 -3.304904 4.988818
v 0.000000 -3.333421 4.988818
v -0.435099 -3.304904 4.988818
v -0.862753 -3.219838 4.988818
v -1.275645 -3.079680 4.988818
v -1.666711 -2.886828 4.988818
v -2.029258 -2.644581 4.988818
v -2.357085 -2.357085 4.988818
v -2.644581 -2.029258 4.988818
v -2.886828 -1.666711 4.988818
v -3.079680 -1.275645 4.988818
v -3.219838 -0.862753 4.988818
v -3.304904 -0.435099 4.988818
v -3.333421 -0.000000 4.988818
v -2.828380 -0.000000 5.291528
v -2.804183 0.369178 5.291528
v -2.732006 0.732039 5.291528
v -2.613083 1.082374 5.291528
v -2.449449 1.414190 5.291528
v -2.243905 1.721809 5.291528
v -1.999967 1.999967 5.291528
v -1.721809 2.243905 5.291528
v -1.414190 2.449449 5.291528
v -1.082374 2.613083 5.291528
v -0.732039 2.732006 5.291528
v -0.369178 2.804183 5.291528
v -0.000000 2.828380 5.291528
v 0.369178 2.804183 5.291528
v 0.732039 2.732006 5.291528
v 1.082374 2.613083 5.291528
v 1.414190 2.449449 5.291528
v 1.721809 2.243905 5.291528
v 1.999967 1.999967 5.291528
v 2.243905 1.721809 5.291528
v 2.449449 1.414190 5.291528
v 2.613083 1.082374 5.291528
v 2.732006 0.732039 5.291528
v 2.804183 0.369178 5.291528
v 2.828380 0.000000 5.291528
v 2.804183 -0.369178 5.291528
v 2.732006 -0.732039 5.291528
v 2.613083 -1.082374 5.291528
v 2.449449 -1.414190 5.291528
v 2.243905 -1.721809 5.291528
v 1.999967 -1.999967 5.291528
v 1.721809 -2.243905 5.291528
v 1.414190 -2.449449 5.291528
v 1.082374 -2.613083 5.291528
v 0.732039 -2.732006 5.291528
v 0.369178 -2.804183 5.291528
v 0.000000 -2.828380 5.291528
v -0.369178 -2.804183 5.291528
v -0.732039 -2.732006 5.291528
v -1.082374 -2.613083 5.291528
v -1.414190 -2.449449 5.291528
v -1.721809 -2.243905 5.291528
v -1.999967 -1.999967 5.291528
v -2.243905 -1.721809 5.291528
v -2.449449 -1.414190 5.291528
v -2.613083 -1.082374 5.291528
v -2.732006 -0.732039 5.291528
v -2.804183 -0.369178 5.291528
v -2.828380 -0.000000 5.291528
v -2.296101 -0.000000 5.543277
v -2.276457 0.299701 5.543277
v -2.217863 0.594275 5.543277
v -2.121320 0.878680 5.543277
v -1.988481 1.148050 5.543277
v -1.821619 1.397777 5.543277
v -1.623588 1.623588 5.543277
v -1.397777 1.821619 5.543277
v -1.148050 1.988481 5.543277
v -0.878680 2.121320 5.543277
v -0.594275 2.217863 5.543277
v -0.299701 2.276457 5.543277
v -0.000000 2.296101 5.543277
v 0.299701 2.276457 5.543277
v 0.594275 2.217863 5.543277
v 0.878680 2.121320 5.543277
v 1.148050 1.988481 5.543277
v 1.397777 1.821619 5.543277
v 1.623588 1.623588 5.543277
v 1.821619 1.397777 5.543277
v 1.988481 1.148050 5.543277
v 2.121320 0.878680 5.543277
v 2.217863 0.594275 5.543277
v 2.276457 0.299701 5.543277
v 2.296101 -0.000000 5.543277
v 2.276457 -0.299701 5.543277
v 2.217863 -0.594275 5.543277
v 2.121320 -0.878680 5.543277
v 1.988481 -1.148050 5.543277
v 1.821619 -1.397777 5.543277
v 1.623588 -1.623588 5.543277
v 1.397777 -1.821619 5.543277
v 1.148050 -1.988481 5.543277
v 0.878680 -2.121320 5.543277
v 0.594275 -2.217863 5.543277
v 0.299701 -2.276457 5.543277
v 0.000000 -2.296101 5.543277
v -0.299701 -2.276457 5.543277
v -0.594275 -2.217863 5.543277
v -0.878680 -2.121320 5.543277
v -1.148050 -1.988481 5.543277
v -1.397777 -1.821619 5.543277
v -1.623588 -1.623588 5.543277
v -1.821619 -1.397777 5.543277
v -1.988481 -1.148050 5.543277
v -2.121320 -0.878680 5.543277
v -2.217863 -0.594275 5.543277
v -2.276457 -0.299701 5.543277
v -2.296101 -0.000000 5.543277
v -1.741708 -0.000000 5.741642
v -1.726807 0.227339 5.741642
v -1.682361 0.450787 5.741642
v -1.609128 0.666523 5.741642
v -1.508363 0.870854 5.741642
v -1.381790 1.060285 5.741642
v -1.231574 1.231574 5.741642
v -1.060285 1.381790 5.741642
v -0.870854 1.508363 5.741642
v -0.666523 1.609128 5.741642
v -0.450787 1.682361 5.741642
v -0.227339 1.726807 5.741642
v -0.000000 1.741708 5.741642
v 0.227339 1.726807 5.741642
v 0.450787 1.682361 5.741642
v 0.666523 1.609128 5.741642
v 0.870854 1.508363 5.741642
v 1.060285 1.381790 5.741642
v 1.231574 1.231574 5.741642
v 1.381790 1.060285 5.741642
v 1.508363 0.870854 5.741642
v 1.609128 0.666523 5.741642
v 1.682361 0.450787 5.741642
v 1.726807 0.227339 5.741642
v 1.741708 -0.000000 5.741642
v 1.726807 -0.227339 5.741642
v 1.682361 -0.450787 5.741642
v 1.609128 -0.666523 5.741642
v 1.508363 -0.870854 5.741642
v 1.381790 -1.060285 5.741642
v 1.231574 -1.231574 5.741642
v 1.060285 -1.381790 5.741642
v 0.870854 -1.508363 5.741642
v 0.666523 -1.609128 5.741642
v 0.450787 -1.682361 5.741642
v 0.227339 -1.726807 5.741642
v 0.000000 -1.741708 5.741642
v -0.227339 -1.726807 5.741642
v -0.450787 -1.682361 5.741642
v -0.666523 -1.609128 5.741642
v -0.870854 -1.508363 5.741642
v -1.060285 -1.381790 5.741642
v -1.231574 -1.231574 5.741642
v -1.381790 -1.060285 5.741642
v -1.508363 -0.870854 5.741642
v -1.609128 -0.666523 5.741642
v -1.682361 -0.450787 5.741642
v -1.726807 -0.227339 5.741642
v -1.741708 -0.000000 5.741642
v -1.170542 -0.000000 5.884712
v -1.160528 0.152786 5.884712
v -1.130657 0.302959 5.884712
v -1.081440 0.447947 5.884712
v -1.013719 0.585271 5.884712
v -0.928653 0.712581 5.884712
v -0.827698 0.827698 5.884712
v -0.712581 0.928653 5.884712
v -0.585271 1.013719 5.884712
v -0.447947 1.081440 5.884712
v -0.302959 1.130657 5.884712
v -0.152786 1.160528 5.884712
v -0.000000 1.170542 5.884712
v 0.152786 1.160528 5.884712
v 0.302959 1.130657 5.884712
v 0.447947 1.081440 5.884712
v 0.585271 1.013719 5.884712
v 0.712581 0.928653 5.884712
v 0.827698 0.827698 5.884712
v 0.928653 0.712581 5.884712
v 1.013719 0.585271 5.884712
v 1.081440 0.447947 5.884712
v 1.130657 0.302959 5.884712
v 1.160528 0.152786 5.884712
v 1.170542 -0.000000 5.884712
v 1.160528 -0.152786 5.884712
v 1.130657 -0.302959 5.884712
v 1.081440 -0.447947 5.884712
v 1.013719 -0.585271 5.884712
v 0.928653 -0.712581 5.884712
v 0.827698 -0.827698 5.884712
v 0.712581 -0.928653 5.884712
v 0.585271 -1.013719 5.884712
v 0.447947 -1.081440 5.884712
v 0.302959 -1.130657 5.884712
v 0.152786 -1.160528 5.884712
v 0.000000 -1.170542 5.884712
v -0.152786 -1.160528 5.884712
v -0.302959 -1.130657 5.884712
v -0.447947 -1.081440 5.884712
v -0.585271 -1.013719 5.884712
v -0.712581 -0.928653 5.884712
v -0.827698 -0.827698 5.884712
v -0.928653 -0.712581 5.884712
v -1.013719 -0.585271 5.884712
v -1.081440 -0.447947 5.884712
v -1.130657 -0.302959 5.884712
v -1.160528 -0.152786 5.884712
v -1.170542 -0.000000 5.884712
v -0.588103 -0.000000 5.971108
v -0.583072 0.076763 5.971108
v -0.568064 0.152212 5.971108
v -0.543336 0.225057 5.971108
v -0.509312 0.294051 5.971108
v -0.466573 0.358014 5.971108
v -0.415852 0.415852 5.971108
v -0.358014 0.466573 5.971108
v -0.294051 0.509312 5.971108
v -0.225057 0.543336 5.971108
v -0.152212 0.568064 5.971108
v -0.076763 0.583072 5.971108
v -0.000000 0.588103 5.971108
v 0.076763 0.583072 5.971108
v 0.152212 0.568064 5.971108
v 0.225057 0.543336 5.971108
v 0.294051 0.509312 5.971108
v 0.358014 0.466573 5.971108
v 0.415852 0.415852 5.971108
v 0.466573 0.358014 5.971108
v 0.509312 0.294051 5.971108
v 0.543336 0.225057 5.971108
v 0.568064 0.152212 5.971108
v 0.583072 0.076763 5.971108
v 0.588103 -0.000000 5.971108
v 0.583072 -0.076763 5.971108
v 0.568064 -0.152212 5.971108
v 0.543336 -0.225057 5.971108
v 0.509312 -0.294051 5.971108
v 0.466573 -0.358014 5.971108
v 0.415852 -0.415852 5.971108
v 0.358014 -0.466573 5.971108
v 0.294051 -0.509312 5.971108
v 0.225057 -0.543336 5.971108
v 0.152212 -0.568064 5.971108
v 0.076763 -0.583072 5.971108
v 0.000000 -0.588103 5.971108
v -0.076763 -0.583072 5.971108
v -0.152212 -0.568064 5.971108
v -0.225057 -0.543336 5.971108
v -0.294051 -0.509312 5.971108
v -0.358014 -0.466573 5.971108
v -0.415852 -0.415852 5.971108
v -0.466573 -0.358014 5.971108
v -0.509312 -0.294051 5.971108
v -0.543336 -0.225057 5.971108
v -0.568064 -0.152212 5.971108
v -0.583072 -0.076763 5.971108
v -0.588103 -0.000000 5.971108
v -0.000000 -0.000000 6.000000
v -0.000000 -0.000000 6.000000
v -0.000000 -0.000000 6.000000
v -0.000000 -0.000000 6.000000
v -0.000000 -0.000000 6.000000
v -0.000000 0.000000 6.000000
v -0.000000 0.000000 6.000000
v -0.000000 0.000000 6.000000
v -0.000000 0.000000 6.000000
v -0.000000 0.000000 6.000000
v -0.000000 0.000000 6.000000
v -0.000000 0.000000 6.000000
v -0.000000 0.000000 6.000000
v 0.000000 0.000000 6.000000
v 0.000000 0.000000 6.000000
v 0.000000 0.000000 6.000000
v 0.000000 0.000000 6.000000
v 0.000000 0.000000 6.000000
v 0.000000 0.000000 6.000000
v 0.000000 0.000000 6.000000
v 0.000000 -0.000000 6.000000
v 0.000000 -0.000000 6.000000
v 0.000000 -0.000000 6.000000
v 0.000000 -0.000000 6.000000
v 0.000000 -0.000000 6.000000
v 0.000000 -0.000000 6.000000
v 0.000000 -0.000000 6.000000
v 0.000000 -0.000000 6.000000
v 0.000000 -0.000000 6.000000
v 0.000000 -0.000000 6.000000
v 0.000000 -0.000000 6.000000
v 0.000000 -0.000000 6.000000
v 0.000000 -0.000000 6.000000
v 0.000000 -0.000000 6.000000
v 0.000000 -0.000000 6.000000
v 0.000000 -0.000000 6.000000
v 0.000000 -0.000000 6.000000
v -0.000000 -0.000000 6.000000
v -0.000000 -0.000000 6.000000
v -0.000000 -0.000000 6.000000
v -0.000000 -0.000000 6.000000
v -0.000000 -0.000000 6.000000
v -0.000000 -0.000000 6.000000
v -0.000000 -0.000000 6.000000
v -0.000000 -0.000000 6.000000
v -0.000000 -0.000000 6.000000
v -0.000000 -0.000000 6.000000
v -0.000000 -0.000000 6.000000
v -0.000000 -0.000000 6.000000
vn 0.000000 0.000000 -1.000000
vn 0.000000 0.000000 -1.000000
vn 0.000000 0.000000 -1.000000
vn 0.000000 0.000000 -1.000000
vn 0.000000 0.000000 -1.000000
vn 0.000000 0.000000 -1.000000
vn 0.000000 0.000000 -1.000000
vn 0.000000 0.000000 -1.000000
vn 0.000000 0.000000 -1.000000
vn 0.000000 0.000000 -1.000000
vn 0.000000 0.000000 -1.000000
vn 0.000000 0.000000 -1.000000
vn 0.000000 0.000000 -1.000000
vn 0.000000 0.000000 -1.000000
vn 0.000000 0.000000 -1.000000
vn 0.000000 0.000000 -1.000000
vn 0.000000 0.000000 -1.000000
vn 0.000000 0.000000 -1.000000
vn 0.000000 0.000000 -1.000000
vn 0.000000 0.000000 -1.000000
vn 0.000000 0.000000 -1.000000
vn 0.000000 0.000000 -1.000000
vn 0.000000 0.000000 -1.000000
vn 0.000000 0.000000 -1.000000
vn 0.000000 0.000000 -1.000000
vn 0.000000 0.000000 -1.000000
vn 0.000000 0.000000 -1.000000
vn 0.000000 0.000000 -1.000000
vn 0.000000 0.000000 -1.000000
vn 0.000000 0.000000 -1.000000
vn 0.000000 0.000000 -1.000000
vn 0.000000 0.000000 -1.000000
vn 0.000000 0.000000 -1.000000
vn 0.000000 0.000000 -1.000000
vn 0.000000 0.000000 -1.000000
vn 0.000000 0.000000 -1.000000
vn 0.000000 0.000000 -1.000000
vn 0.000000 0.000000 -1.000000
vn 0.000000 0.000000 -1.000000
vn 0.000000 0.000000 -1.000000
vn 0.000000 0.000000 -1.000000
vn 0.000000 0.000000 -1.000000
vn 0.000000 0.000000 -1.000000
vn 0.000000 0.000000 -1.000000
vn 0.000000 0.000000 -1.000000
vn 0.000000 0.000000 -1.000000
vn 0.000000 0.000000 -1.000000
vn 0.000000 0.000000 -1.000000
vn 0.000000 0.000000 -1.000000
vn -0.098017 0.000000 -0.995185
vn -0.097179 0.012794 -0.995185
vn -0.094677 0.025369 -0.995185
vn -0.090556 0.037510 -0.995185
vn -0.084885 0.049009 -0.995185
vn -0.077762 0.059669 -0.995185
vn -0.069309 0.069309 -0.995185
vn -0.059669 0.077762 -0.995185
vn -0.049009 0.084885 -0.995185
vn -0.037510 0.090556 -0.995185
vn -0.025369 0.094677 -0.995185
vn -0.012794 0.097179 -0.995185
vn -0.000000 0.098017 -0.995185
vn 0.012794 0.097179 -0.995185
vn 0.025369 0.094677 -0.995185
vn 0.037510 0.090556 -0.995185
vn 0.049009 0.084885 -0.995185
vn 0.059669 0.077762 -0.995185
vn 0.069309 0.069309 -0.995185
vn 0.077762 0.059669 -0.995185
vn 0.084885 0.049009 -0.995185
vn 0.090556 0.037510 -0.995185
vn 0.094677 0.025369 -0.995185
vn 0.097179 0.012794 -0.995185
vn 0.098017 0.000000 -0.995185
vn 0.097179 -0.012794 -0.995185
vn 0.094677 -0.025369 -0.995185
vn 0.090556 -0.037510 -0.995185
vn 0.084885 -0.049009 -0.995185
vn 0.077762 -0.059669 -0.995185
vn 0.069309 -0.069309 -0.995185
vn 0.059669 -0.077762 -0.995185
vn 0.049009 -0.084885 -0.995185
vn 0.037510 -0.090556 -0.995185
vn 0.025369 -0.094677 -0.995185
vn 0.012794 -0.097179 -0.995185
vn 0.000000 -0.098017 -0.995185
vn -0.012794 -0.097179 -0.995185
vn -0.025369 -0.094677 -0.995185
vn -0.037510 -0.090556 -0.995185
vn -0.049009 -0.084885 -0.995185
vn -0.059669 -0.077762 -0.995185
vn -0.069309 -0.069309 -0.995185
vn -0.077762 -0.059669 -0.995185
vn -0.084885 -0.049009 -0.995185
vn -0.090556 -0.037510 -0.995185
vn -0.094677 -0.025369 -0.995185
vn -0.097179 -0.012794 -0.995185
vn -0.098017 0.000000 -0.995185
vn -0.195090 0.000000 -0.980785
vn -0.193421 0.025464 -0.980785
vn -0.188443 0.050493 -0.980785
vn -0.180240 0.074658 -0.980785
vn -0.168953 0.097545 -0.980785
vn -0.154776 0.118763 -0.980785
vn -0.137950 0.137950 -0.980785
vn -0.118763 0.154776 -0.980785
vn -0.097545 0.168953 -0.980785
vn -0.074658 0.180240 -0.980785
vn -0.050493 0.188443 -0.980785
vn -0.025464 0.193421 -0.980785
vn -0.000000 0.195090 -0.980785
vn 0.025464 0.193421 -0.980785
vn 0.050493 0.188443 -0.980785
vn 0.074658 0.180240 -0.980785
vn 0.097545 0.168953 -0.980785
vn 0.118763 0.154776 -0.980785
vn 0.137950 0.137950 -0.980785
vn 0.154776 0.118763 -0.980785
vn 0.168953 0.097545 -0.980785
vn 0.180240 0.074658 -0.980785
vn 0.188443 0.050493 -0.980785
vn 0.193421 0.025464 -0.980785
vn 0.195090 0.000000 -0.980785
vn 0.193421 -0.025464 -0.980785
vn 0.188443 -0.050493 -0.980785
vn 0.180240 -0.074658 -0.980785
vn 0.168953 -0.097545 -0.980785
vn 0.154776 -0.118763 -0.980785
vn 0.137950 -0.137950 -0.980785
vn 0.118763 -0.154776 -0.980785
vn 0.097545 -0.168953 -0.980785
vn 0.074658 -0.180240 -0.980785
vn 0.050493 -0.188443 -0.980785
vn 0.025464 -0.193421 -0.980785
vn 0.000000 -0.195090 -0.980785
vn -0.025464 -0.193421 -0.980785
vn -0.050493 -0.188443 -0.980785
vn -0.074658 -0.180240 -0.980785
vn -0.097545 -0.168953 -0.980785
vn -0.118763 -0.154776 -0.980785
vn -0.137950 -0.137950 -0.980785
vn -0.154776 -0.118763 -0.980785
vn -0.168953 -0.097545 -0.980785
vn -0.180240 -0.074658 -0.980785
vn -0.188443 -0.050493 -0.980785
vn -0.193421 -0.025464 -0.980785
vn -0.195090 0.000000 -0.980785
vn -0.290285 0.000000 -0.956940
vn -0.287801 0.037890 -0.956940
vn -0.280393 0.075131 -0.956940
vn -0.268188 0.111087 -0.956940
vn -0.251394 0.145142 -0.956940
vn -0.230298 0.176714 -0.956940
vn -0.205262 0.205262 -0.956940
vn -0.176714 0.230298 -0.956940
vn -0.145142 0.251394 -0.956940
vn -0.111087 0.268188 -0.956940
vn -0.075131 0.280393 -0.956940
vn -0.037890 0.287801 -0.956940
vn -0.000000 0.290285 -0.956940
vn 0.037890 0.287801 -0.956940
vn 0.075131 0.280393 -0.956940
vn 0.111087 0.268188 -0.956940
vn 0.145142 0.251394 -0.956940
vn 0.176714 0.230298 -0.956940
vn 0.205262 0.205262 -0.956940
vn 0.230298 0.176714 -0.956940
vn 0.251394 0.145142 -0.956940
vn 0.268188 0.111087 -0.956940
vn 0.280393 0.075131 -0.956940
vn 0.287801 0.037890 -0.956940
vn 0.290285 0.000000 -0.956940
vn 0.287801 -0.037890 -0.956940
vn 0.280393 -0.075131 -0.956940
vn 0.268188 -0.111087 -0.956940
vn 0.251394 -0.145142 -0.956940
vn 0.230298 -0.176714 -0.956940
vn 0.205262 -0.205262 -0.956940
vn 0.176714 -0.230298 -0.956940
vn 0.145142 -0.251394 -0.956940
vn 0.111087 -0.268188 -0.956940
vn 0.075131 -0.280393 -0.956940
vn 0.037890 -0.287801 -0.956940
vn 0.000000 -0.290285 -0.956940
vn -0.037890 -0.287801 -0.956940
vn -0.075131 -0.280393 -0.956940
vn -0.111087 -0.268188 -0.956940
vn -0.145142 -0.251394 -0.956940
vn -0.176714 -0.230298 -0.956940
vn -0.205262 -0.205262 -0.956940
vn -0.230298 -0.176714 -0.956940
vn -0.251394 -0.145142 -0.956940
vn -0.268188 -0.111087 -0.956940
vn -0.280393 -0.075131 -0.956940
vn -0.287801 -0.037890 -0.956940
vn -0.290285 -0.000000 -0.956940
vn -0.382683 0.000000 -0.923880
vn -0.379410 0.049950 -0.923880
vn -0.369644 0.099046 -0.923880
vn -0.353553 0.146447 -0.923880
vn -0.331414 0.191342 -0.923880
vn -0.303603 0.232963 -0.923880
vn -0.270598 0.270598 -0.923880
vn -0.232963 0.303603 -0.923880
vn -0.191342 0.331414 -0.923880
vn -0.146447 0.353553 -0.923880
vn -0.099046 0.369644 -0.923880
vn -0.049950 0.379410 -0.923880
vn -0.000000 0.382683 -0.923880
vn 0.049950 0.379410 -0.923880
vn 0.099046 0.369644 -0.923880
vn 0.146447 0.353553 -0.923880
vn 0.191342 0.331414 -0.923880
vn 0.232963 0.303603 -0.923880
vn 0.270598 0.270598 -0.923880
vn 0.303603 0.232963 -0.923880
vn 0.331414 0.191342 -0.923880
vn 0.353553 0.146447 -0.923880
vn 0.369644 0.099046 -0.923880
vn 0.379410 0.049950 -0.923880
vn 0.382683 0.000000 -0.923880
vn 0.379410 -0.049950 -0.923880
vn 0.369644 -0.099046 -0.923880
vn 0.353553 -0.146447 -0.923880
vn 0.331414 -0.191342 -0.923880
vn 0.303603 -0.232963 -0.923880
vn 0.270598 -0.270598 -0.923880
vn 0.232963 -0.303603 -0.923880
vn 0.191342 -0.331414 -0.923880
vn 0.146447 -0.353553 -0.923880
vn 0.099046 -0.369644 -0.923880
vn 0.049950 -0.379410 -0.923880
vn 0.000000 -0.382683 -0.923880
vn -0.049950 -0.379410 -0.923880
vn -0.099046 -0.369644 -0.923880
vn -0.146447 -0.353553 -0.923880
vn -0.191342 -0.331414 -0.923880
vn -0.232963 -0.303603 -0.923880
vn -0.270598 -0.270598 -0.923880
vn -0.303603 -0.232963 -0.923880
vn -0.331414 -0.191342 -0.923880
vn -0.353553 -0.146447 -0.923880
vn -0.369644 -0.099046 -0.923880
vn -0.379410 -0.049950 -0.923880
vn -0.382683 -0.000000 -0.923880
vn -0.471397 0.000000 -0.881921
vn -0.467364 0.061530 -0.881921
vn -0.455334 0.122006 -0.881921
vn -0.435514 0.180396 -0.881921
vn -0.408242 0.235698 -0.881921
vn -0.373984 0.286968 -0.881921
vn -0.333328 0.333328 -0.881921
vn -0.286968 0.373984 -0.881921
vn -0.235698 0.408242 -0.881921
vn -0.180396 0.435514 -0.881921
vn -0.122006 0.455334 -0.881921
vn -0.061530 0.467364 -0.881921
vn -0.000000 0.471397 -0.881921
vn 0.061530 0.467364 -0.881921
vn 0.122006 0.455334 -0.881921
vn 0.180396 0.435514 -0.881921
vn 0.235698 0.408242 -0.881921
vn 0.286968 0.373984 -0.881921
vn 0.333328 0.333328 -0.881921
vn 0.373984 0.286968 -0.881921
vn 0.408242 0.235698 -0.881921
vn 0.435514 0.180396 -0.881921
vn 0.455334 0.122006 -0.881921
vn 0.467364 0.061530 -0.881921
vn 0.471397 0.000000 -0.881921
vn 0.467364 -0.061530 -0.881921
vn 0.455334 -0.122006 -0.881921
vn 0.435514 -0.180396 -0.881921
vn 0.408242 -0.235698 -0.881921
vn 0.373984 -0.286968 -0.881921
vn 0.333328 -0.333328 -0.881921
vn 0.286968 -0.373984 -0.881921
vn 0.235698 -0.408242 -0.881921
vn 0.180396 -0.435514 -0.881921
vn 0.122006 -0.455334 -0.881921
vn 0.061530 -0.467364 -0.881921
vn 0.000000 -0.471397 -0.881921
vn -0.061530 -0.467364 -0.881921
vn -0.122006 -0.455334 -0.881921
vn -0.180396 -0.435514 -0.881921
vn -0.235698 -0.408242 -0.881921
vn -0.286968 -0.373984 -0.881921
vn -0.333328 -0.333328 -0.881921
vn -0.373984 -0.286968 -0.881921
vn -0.408242 -0.235698 -0.881921
vn -0.435514 -0.180396 -0.881921
vn -0.455334 -0.122006 -0.881921
vn -0.467364 -0.061530 -0.881921
vn -0.471397 -0.000000 -0.881921
vn -0.555570 0.000000 -0.831470
vn -0.550817 0.072516 -0.831470
vn -0.536640 0.143792 -0.831470
vn -0.513280 0.212608 -0.831470
vn -0.481138 0.277785 -0.831470
vn -0.440764 0.338210 -0.831470
vn -0.392847 0.392847 -0.831470
vn -0.338210 0.440764 -0.831470
vn -0.277785 0.481138 -0.831470
vn -0.212608 0.513280 -0.831470
vn -0.143792 0.536640 -0.831470
vn -0.072516 0.550817 -0.831470
vn -0.000000 0.555570 -0.831470
vn 0.072516 0.550817 -0.831470
vn 0.143792 0.536640 -0.831470
vn 0.212608 0.513280 -0.831470
vn 0.277785 0.481138 -0.831470
vn 0.338210 0.440764 -0.831470
vn 0.392847 0.392847 -0.831470
vn 0.440764 0.338210 -0.831470
vn 0.481138 0.277785 -0.831470
vn 0.513280 0.212608 -0.831470
vn 0.536640 0.143792 -0.831470
vn 0.550817 0.072516 -0.831470
vn 0.555570 0.000000 -0.831470
vn 0.550817 -0.072516 -0.831470
vn 0.536640 -0.143792 -0.831470
vn 0.513280 -0.212608 -0.831470
vn 0.481138 -0.277785 -0.831470
vn 0.440764 -0.338210 -0.831470
vn 0.392847 -0.392847 -0.831470
vn 0.338210 -0.440764 -0.831470
vn 0.277785 -0.481138 -0.831470
vn 0.212608 -0.513280 -0.831470
vn 0.143792 -0.536640 -0.831470
vn 0.072516 -0.550817 -0.831470
vn 0.000000 -0.555570 -0.831470
vn -0.072516 -0.550817 -0.831470
vn -0.143792 -0.536640 -0.831470
vn -0.212608 -0.513280 -0.831470
vn -0.277785 -0.481138 -0.831470
vn -0.338210 -0.440764 -0.831470
vn -0.392847 -0.392847 -0.831470
vn -0.440764 -0.338210 -0.831470
vn -0.481138 -0.277785 -0.831470
vn -0.513280 -0.212608 -0.831470
vn -0.536640 -0.143792 -0.831470
vn -0.550817 -0.072516 -0.831470
vn -0.555570 -0.000000 -0.831470
vn -0.634393 0.000000 -0.773010
vn -0.628966 0.082805 -0.773010
vn -0.612777 0.164193 -0.773010
vn -0.586103 0.242772 -0.773010
vn -0.549401 0.317197 -0.773010
vn -0.503298 0.386194 -0.773010
vn -0.448584 0.448584 -0.773010
vn -0.386194 0.503298 -0.773010
vn -0.317197 0.549401 -0.773010
vn -0.242772 0.586103 -0.773010
vn -0.164193 0.612777 -0.773010
vn -0.082805 0.628966 -0.773010
vn -0.000000 0.634393 -0.773010
vn 0.082805 0.628966 -0.773010
vn 0.164193 0.612777 -0.773010
vn 0.242772 0.586103 -0.773010
vn 0.317197 0.549401 -0.773010
vn 0.386194 0.503298 -0.773010
vn 0.448584 0.448584 -0.773010
vn 0.503298 0.386194 -0.773010
vn 0.549401 0.317197 -0.773010
vn 0.586103 0.242772 -0.773010
vn 0.612777 0.164193 -0.773010
vn 0.628966 0.082805 -0.773010
vn 0.634393 0.000000 -0.773010
vn 0.628966 -0.082805 -0.773010
vn 0.612777 -0.164193 -0.773010
vn 0.586103 -0.242772 -0.773010
vn 0.549401 -0.317197 -0.773010
vn 0.503298 -0.386194 -0.773010
vn 0.448584 -0.448584 -0.773010
vn 0.386194 -0.503298 -0.773010
vn 0.317197 -0.549401 -0.773010
vn 0.242772 -0.586103 -0.773010
vn 0.164193 -0.612777 -0.773010
vn 0.082805 -0.628966 -0.773010
vn 0.000000 -0.634393 -0.773010
vn -0.082805 -0.628966 -0.773010
vn -0.164193 -0.612777 -0.773010
vn -0.242772 -0.586103 -0.773010
vn -0.317197 -0.549401 -0.773010
vn -0.386194 -0.503298 -0.773010
vn -0.448584 -0.448584 -0.773010
vn -0.503298 -0.386194 -0.773010
vn -0.549401 -0.317197 -0.773010
vn -0.586103 -0.242772 -0.773010
vn -0.612777 -0.164193 -0.773010
vn -0.628966 -0.082805 -0.773010
vn -0.634393 -0.000000 -0.773010
vn -0.707107 0.000000 -0.707107
vn -0.701057 0.092296 -0.707107
vn -0.683013 0.183013 -0.707107
vn -0.653282 0.270598 -0.707107
vn -0.612372 0.353553 -0.707107
vn -0.560986 0.430459 -0.707107
vn -0.500000 0.500000 -0.707107
vn -0.430459 0.560986 -0.707107
vn -0.353553 0.612372 -0.707107
vn -0.270598 0.653282 -0.707107
vn -0.183013 0.683013 -0.707107
vn -0.092296 0.701057 -0.707107
vn -0.000000 0.707107 -0.707107
vn 0.092296 0.701057 -0.707107
vn 0.183013 0.683013 -0.707107
vn 0.270598 0.653282 -0.707107
vn 0.353553 0.612372 -0.707107
vn 0.430459 0.560986 -0.707107
vn 0.500000 0.500000 -0.707107
vn 0.560986 0.430459 -0.707107
vn 0.612372 0.353553 -0.707107
vn 0.653282 0.270598 -0.707107
vn 0.683013 0.183013 -0.707107
vn 0.701057 0.092296 -0.707107
vn 0.707107 0.000000 -0.707107
vn 0.701057 -0.092296 -0.707107
vn 0.683013 -0.183013 -0.707107
vn 0.653282 -0.270598 -0.707107
vn 0.612372 -0.353553 -0.707107
vn 0.560986 -0.430459 -0.707107
vn 0.500000 -0.500000 -0.707107
vn 0.430459 -0.560986 -0.707107
vn 0.353553 -0.612372 -0.707107
vn 0.270598 -0.653282 -0.707107
vn 0.183013 -0.683013 -0.707107
vn 0.092296 -0.701057 -0.707107
vn 0.000000 -0.707107 -0.707107
vn -0.092296 -0.701057 -0.707107
vn -0.183013 -0.683013 -0.707107
vn -0.270598 -0.653282 -0.707107
vn -0.353553 -0.612372 -0.707107
vn -0.430459 -0.560986 -0.707107
vn -0.500000 -0.500000 -0.707107
vn -0.560986 -0.430459 -0.707107
vn -0.612372 -0.353553 -0.707107
vn -0.653282 -0.270598 -0.707107
vn -0.683013 -0.183013 -0.707107
vn -0.701057 -0.092296 -0.707107
vn -0.707107 -0.000000 -0.707107
vn -0.773010 0.000000 -0.634393
vn -0.766397 0.100898 -0.634393
vn -0.746671 0.200070 -0.634393
vn -0.714169 0.295818 -0.634393
vn -0.669447 0.386505 -0.634393
vn -0.613270 0.470579 -0.634393
vn -0.546601 0.546601 -0.634393
vn -0.470579 0.613270 -0.634393
vn -0.386505 0.669447 -0.634393
vn -0.295818 0.714169 -0.634393
vn -0.200070 0.746671 -0.634393
vn -0.100898 0.766397 -0.634393
vn -0.000000 0.773010 -0.634393
vn 0.100898 0.766397 -0.634393
vn 0.200070 0.746671 -0.634393
vn 0.295818 0.714169 -0.634393
vn 0.386505 0.669447 -0.634393
vn 0.470579 0.613270 -0.634393
vn 0.546601 0.546601 -0.634393
vn 0.613270 0.470579 -0.634393
vn 0.669447 0.386505 -0.634393
vn 0.714169 0.295818 -0.634393
vn 0.746671 0.200070 -0.634393
vn 0.766397 0.100898 -0.634393
vn 0.773010 0.000000 -0.634393
vn 0.766397 -0.100898 -0.634393
vn 0.746671 -0.200070 -0.634393
vn 0.714169 -0.295818 -0.634393
vn 0.669447 -0.386505 -0.634393
vn 0.613270 -0.470579 -0.634393
vn 0.546601 -0.546601 -0.634393
vn 0.470579 -0.613270 -0.634393
vn 0.386505 -0.669447 -0.634393
vn 0.295818 -0.714169 -0.634393
vn 0.200070 -0.746671 -0.634393
vn 0.100898 -0.766397 -0.634393
vn 0.000000 -0.773010 -0.634393
vn -0.100898 -0.766397 -0.634393
vn -0.200070 -0.746671 -0.634393
vn -0.295818 -0.714169 -0.634393
vn -0.386505 -0.669447 -0.634393
vn -0.470579 -0.613270 -0.634393
vn -0.546601 -0.546601 -0.634393
vn -0.613270 -0.470579 -0.634393
vn -0.669447 -0.386505 -0.634393
vn -0.714169 -0.295818 -0.634393
vn -0.746671 -0.200070 -0.634393
vn -0.766397 -0.100898 -0.634393
vn -0.773010 -0.000000 -0.634393
vn -0.831470 0.000000 -0.555570
vn -0.824356 0.108529 -0.555570
vn -0.803138 0.215200 -0.555570
vn -0.768178 0.318190 -0.555570
vn -0.720074 0.415735 -0.555570
vn -0.659649 0.506167 -0.555570
vn -0.587938 0.587938 -0.555570
vn -0.506167 0.659649 -0.555570
vn -0.415735 0.720074 -0.555570
vn -0.318190 0.768178 -0.555570
vn -0.215200 0.803138 -0.555570
vn -0.108529 0.824356 -0.555570
vn -0.000000 0.831470 -0.555570
vn 0.108529 0.824356 -0.555570
vn 0.215200 0.803138 -0.555570
vn 0.318190 0.768178 -0.555570
vn 0.415735 0.720074 -0.555570
vn 0.506167 0.659649 -0.555570
vn 0.587938 0.587938 -0.555570
vn 0.659649 0.506167 -0.555570
vn 0.720074 0.415735 -0.555570
vn 0.768178 0.318190 -0.555570
vn 0.803138 0.215200 -0.555570
vn 0.824356 0.108529 -0.555570
vn 0.831470 0.000000 -0.555570
vn 0.824356 -0.108529 -0.555570
vn 0.803138 -0.215200 -0.555570
vn 0.768178 -0.318190 -0.555570
vn 0.720074 -0.415735 -0.555570
vn 0.659649 -0.506167 -0.555570
vn 0.587938 -0.587938 -0.555570
vn 0.506167 -0.659649 -0.555570
vn 0.415735 -0.720074 -0.555570
vn 0.318190 -0.768178 -0.555570
vn 0.215200 -0.803138 -0.555570
vn 0.108529 -0.824356 -0.555570
vn 0.000000 -0.831470 -0.555570
vn -0.108529 -0.824356 -0.555570
vn -0.215200 -0.803138 -0.555570
vn -0.318190 -0.768178 -0.555570
vn -0.415735 -0.720074 -0.555570
vn -0.506167 -0.659649 -0.555570
vn -0.587938 -0.587938 -0.555570
vn -0.659649 -0.506167 -0.555570
vn -0.720074 -0.415735 -0.555570
vn -0.768178 -0.318190 -0.555570
vn -0.803138 -0.215200 -0.555570
vn -0.824356 -0.108529 -0.555570
vn -0.831470 -0.000000 -0.555570
vn -0.881921 0.000000 -0.471397
vn -0.874376 0.115114 -0.471397
vn -0.851871 0.228258 -0.471397
vn -0.814789 0.337497 -0.471397
vn -0.763766 0.440961 -0.471397
vn -0.699675 0.536880 -0.471397
vn -0.623613 0.623613 -0.471397
vn -0.536880 0.699675 -0.471397
vn -0.440961 0.763766 -0.471397
vn -0.337497 0.814789 -0.471397
vn -0.228258 0.851871 -0.471397
vn -0.115114 0.874376 -0.471397
vn -0.000000 0.881921 -0.471397
vn 0.115114 0.874376 -0.471397
vn 0.228258 0.851871 -0.471397
vn 0.337497 0.814789 -0.471397
vn 0.440961 0.763766 -0.471397
vn 0.536880 0.699675 -0.471397
vn 0.623613 0.623613 -0.471397
vn 0.699675 0.536880 -0.471397
vn 0.763766 0.440961 -0.471397
vn 0.814789 0.337497 -0.471397
vn 0.851871 0.228258 -0.471397
vn 0.874376 0.115114 -0.471397
vn 0.881921 0.000000 -0.471397
vn 0.874376 -0.115114 -0.471397
vn 0.851871 -0.228258 -0.471397
vn 0.814789 -0.337497 -0.471397
vn 0.763766 -0.440961 -0.471397
vn 0.699675 -0.536880 -0.471397
vn 0.623613 -0.623613 -0.471397
vn 0.536880 -0.699675 -0.471397
vn 0.440961 -0.763766 -0.471397
vn 0.337497 -0.814789 -0.471397
vn 0.228258 -0.851871 -0.471397
vn 0.115114 -0.874376 -0.471397
vn 0.000000 -0.881921 -0.471397
vn -0.115114 -0.874376 -0.471397
vn -0.228258 -0.851871 -0.471397
vn -0.337497 -0.814789 -0.471397
vn -0.440961 -0.763766 -0.471397
vn -0.536880 -0.699675 -0.471397
vn -0.623613 -0.623613 -0.471397
vn -0.699675 -0.536880 -0.471397
vn -0.763766 -0.440961 -0.471397
vn -0.814789 -0.337497 -0.471397
vn -0.851871 -0.228258 -0.471397
vn -0.874376 -0.115114 -0.471397
vn -0.881921 -0.000000 -0.471397
vn -0.923880 0.000000 -0.382683
vn -0.915976 0.120590 -0.382683
vn -0.892399 0.239118 -0.382683
vn -0.853553 0.353553 -0.382683
vn -0.800103 0.461940 -0.382683
vn -0.732963 0.562422 -0.382683
vn -0.653282 0.653282 -0.382683
vn -0.562422 0.732963 -0.382683
vn -0.461940 0.800103 -0.382683
vn -0.353553 0.853553 -0.382683
vn -0.239118 0.892399 -0.382683
vn -0.120590 0.915976 -0.382683
vn -0.000000 0.923880 -0.382683
vn 0.120590 0.915976 -0.382683
vn 0.239118 0.892399 -0.382683
vn 0.353553 0.853553 -0.382683
vn 0.461940 0.800103 -0.382683
vn 0.562422 0.732963 -0.382683
vn 0.653282 0.653282 -0.382683
vn 0.732963 0.562422 -0.382683
vn 0.800103 0.461940 -0.382683
vn 0.853553 0.353553 -0.382683
vn 0.892399 0.239118 -0.382683
vn 0.915976 0.120590 -0.382683
vn 0.923880 0.000000 -0.382683
vn 0.915976 -0.120590 -0.382683
vn 0.892399 -0.239118 -0.382683
vn 0.853553 -0.353553 -0.382683
vn 0.800103 -0.461940 -0.382683
vn 0.732963 -0.562422 -0.382683
vn 0.653282 -0.653282 -0.382683
vn 0.562422 -0.732963 -0.382683
vn 0.461940 -0.800103 -0.382683
vn 0.353553 -0.853553 -0.382683
vn 0.239118 -0.892399 -0.382683
vn 0.120590 -0.915976 -0.382683
vn 0.000000 -0.923880 -0.382683
vn -0.120590 -0.915976 -0.382683
vn -0.239118 -0.892399 -0.382683
vn -0.353553 -0.853553 -0.382683
vn -0.461940 -0.800103 -0.382683
vn -0.562422 -0.732963 -0.382683
vn -0.653282 -0.653282 -0.382683
vn -0.732963 -0.562422 -0.382683
vn -0.800103 -0.461940 -0.382683
vn -0.853553 -0.353553 -0.382683
vn -0.892399 -0.239118 -0.382683
vn -0.915976 -0.120590 -0.382683
vn -0.923880 -0.000000 -0.382683
vn -0.956940 0.000000 -0.290285
vn -0.948754 0.124906 -0.290285
vn -0.924333 0.247674 -0.290285
vn -0.884098 0.366205 -0.290285
vn -0.828735 0.478470 -0.290285
vn -0.759192 0.582548 -0.290285
vn -0.676659 0.676659 -0.290285
vn -0.582548 0.759192 -0.290285
vn -0.478470 0.828735 -0.290285
vn -0.366205 0.884098 -0.290285
vn -0.247674 0.924333 -0.290285
vn -0.124906 0.948754 -0.290285
vn -0.000000 0.956940 -0.290285
vn 0.124906 0.948754 -0.290285
vn 0.247674 0.924333 -0.290285
vn 0.366205 0.884098 -0.290285
vn 0.478470 0.828735 -0.290285
vn 0.582548 0.759192 -0.290285
vn 0.676659 0.676659 -0.290285
vn 0.759192 0.582548 -0.290285
vn 0.828735 0.478470 -0.290285
vn 0.884098 0.366205 -0.290285
vn 0.924333 0.247674 -0.290285
vn 0.948754 0.124906 -0.290285
vn 0.956940 0.000000 -0.290285
vn 0.948754 -0.124906 -0.290285
vn 0.924333 -0.247674 -0.290285
vn 0.884098 -0.366205 -0.290285
vn 0.828735 -0.478470 -0.290285
vn 0.759192 -0.582548 -0.290285
vn 0.676659 -0.676659 -0.290285
vn 0.582548 -0.759192 -0.290285
vn 0.478470 -0.828735 -0.290285
vn 0.366205 -0.884098 -0.290285
vn 0.247674 -0.924333 -0.290285
vn 0.124906 -0.948754 -0.290285
vn 0.000000 -0.956940 -0.290285
vn -0.124906 -0.948754 -0.290285
vn -0.247674 -0.924333 -0.290285
vn -0.366205 -0.884098 -0.290285
vn -0.478470 -0.828735 -0.290285
vn -0.582548 -0.759192 -0.290285
vn -0.676659 -0.676659 -0.290285
vn -0.759192 -0.582548 -0.290285
vn -0.828735 -0.478470 -0.290285
vn -0.884098 -0.366205 -0.290285
vn -0.924333 -0.247674 -0.290285
vn -0.948754 -0.124906 -0.290285
vn -0.956940 -0.000000 -0.290285
vn -0.980785 0.000000 -0.195090
vn -0.972395 0.128018 -0.195090
vn -0.947366 0.253846 -0.195090
vn -0.906127 0.375330 -0.195090
vn -0.849385 0.490393 -0.195090
vn -0.778109 0.597064 -0.195090
vn -0.693520 0.693520 -0.195090
vn -0.597064 0.778109 -0.195090
vn -0.490393 0.849385 -0.195090
vn -0.375330 0.906127 -0.195090
vn -0.253846 0.947366 -0.195090
vn -0.128018 0.972395 -0.195090
vn -0.000000 0.980785 -0.195090
vn 0.128018 0.972395 -0.195090
vn 0.253846 0.947366 -0.195090
vn 0.375330 0.906127 -0.195090
vn 0.490393 0.849385 -0.195090
vn 0.597064 0.778109 -0.195090
vn 0.693520 0.693520 -0.195090
vn 0.778109 0.597064 -0.195090
vn 0.849385 0.490393 -0.195090
vn 0.906127 0.375330 -0.195090
vn 0.947366 0.253846 -0.195090
vn 0.972395 0.128018 -0.195090
vn 0.980785 0.000000 -0.195090
vn 0.972395 -0.128018 -0.195090
vn 0.947366 -0.253846 -0.195090
vn 0.906127 -0.375330 -0.195090
vn 0.849385 -0.490393 -0.195090
vn 0.778109 -0.597064 -0.195090
vn 0.693520 -0.693520 -0.195090
vn 0.597064 -0.778109 -0.195090
vn 0.490393 -0.849385 -0.195090
vn 0.375330 -0.906127 -0.195090
vn 0.253846 -0.947366 -0.195090
vn 0.128018 -0.972395 -0.195090
vn 0.000000 -0.980785 -0.195090
vn -0.128018 -0.972395 -0.195090
vn -0.253846 -0.947366 -0.195090
vn -0.375330 -0.906127 -0.195090
vn -0.490393 -0.849385 -0.195090
vn -0.597064 -0.778109 -0.195090
vn -0.693520 -0.693520 -0.195090
vn -0.778109 -0.597064 -0.195090
vn -0.849385 -0.490393 -0.195090
vn -0.906127 -0.375330 -0.195090
vn -0.947366 -0.253846 -0.195090
vn -0.972395 -0.128018 -0.195090
vn -0.980785 -0.000000 -0.195090
vn -0.995185 0.000000 -0.098017
vn -0.986671 0.129898 -0.098017
vn -0.961275 0.257573 -0.098017
vn -0.919431 0.380841 -0.098017
vn -0.861855 0.497592 -0.098017
vn -0.789533 0.605830 -0.098017
vn -0.703702 0.703702 -0.098017
vn -0.605830 0.789533 -0.098017
vn -0.497592 0.861855 -0.098017
vn -0.380841 0.919431 -0.098017
vn -0.257573 0.961275 -0.098017
vn -0.129898 0.986671 -0.098017
vn -0.000000 0.995185 -0.098017
vn 0.129898 0.986671 -0.098017
vn 0.257573 0.961275 -0.098017
vn 0.380841 0.919431 -0.098017
vn 0.497592 0.861855 -0.098017
vn 0.605830 0.789533 -0.098017
vn 0.703702 0.703702 -0.098017
vn 0.789533 0.605830 -0.098017
vn 0.861855 0.497592 -0.098017
vn 0.919431 0.380841 -0.098017
vn 0.961275 0.257573 -0.098017
vn 0.986671 0.129898 -0.098017
vn 0.995185 0.000000 -0.098017
vn 0.986671 -0.129898 -0.098017
vn 0.961275 -0.257573 -0.098017
vn 0.919431 -0.380841 -0.098017
vn 0.861855 -0.497592 -0.098017
vn 0.789533 -0.605830 -0.098017
vn 0.703702 -0.703702 -0.098017
vn 0.605830 -0.789533 -0.098017
vn 0.497592 -0.861855 -0.098017
vn 0.380841 -0.919431 -0.098017
vn 0.257573 -0.961275 -0.098017
vn 0.129898 -0.986671 -0.098017
vn 0.000000 -0.995185 -0.098017
vn -0.129898 -0.986671 -0.098017
vn -0.257573 -0.961275 -0.098017
vn -0.380841 -0.919431 -0.098017
vn -0.497592 -0.861855 -0.098017
vn -0.605830 -0.789533 -0.098017
vn -0.703702 -0.703702 -0.098017
vn -0.789533 -0.605830 -0.098017
vn -0.861855 -0.497592 -0.098017
vn -0.919431 -0.380841 -0.098017
vn -0.961275 -0.257573 -0.098017
vn -0.986671 -0.129898 -0.098017
vn -0.995185 -0.000000 -0.098017
vn -1.000000 0.000000 -0.000000
vn -0.991445 0.130526 -0.000000
vn -0.965926 0.258819 -0.000000
vn -0.923880 0.382683 -0.000000
vn -0.866025 0.500000 -0.000000
vn -0.793353 0.608761 -0.000000
vn -0.707107 0.707107 -0.000000
vn -0.608761 0.793353 -0.000000
vn -0.500000 0.866025 -0.000000
vn -0.382683 0.923880 -0.000000
vn -0.258819 0.965926 -0.000000
vn -0.130526 0.991445 -0.000000
vn -0.000000 1.000000 -0.000000
vn 0.130526 0.991445 -0.000000
vn 0.258819 0.965926 -0.000000
vn 0.382683 0.923880 -0.000000
vn 0.500000 0.866025 -0.000000
vn 0.608761 0.793353 -0.000000
vn 0.707107 0.707107 -0.000000
vn 0.793353 0.608761 -0.000000
vn 0.866025 0.500000 -0.000000
vn 0.923880 0.382683 -0.000000
vn 0.965926 0.258819 -0.000000
vn 0.991445 0.130526 -0.000000
vn 1.000000 0.000000 -0.000000
vn 0.991445 -0.130526 -0.000000
vn 0.965926 -0.258819 -0.000000
vn 0.923880 -0.382683 -0.000000
vn 0.866025 -0.500000 -0.000000
vn 0.793353 -0.608761 -0.000000
vn 0.707107 -0.707107 -0.000000
vn 0.608761 -0.793353 -0.000000
vn 0.500000 -0.866025 -0.000000
vn 0.382683 -0.923880 -0.000000
vn 0.258819 -0.965926 -0.000000
vn 0.130526 -0.991445 -0.000000
vn 0.000000 -1.000000 -0.000000
vn -0.130526 -0.991445 -0.000000
vn -0.258819 -0.965926 -0.000000
vn -0.382683 -0.923880 -0.000000
vn -0.500000 -0.866025 -0.000000
vn -0.608761 -0.793353 -0.000000
vn -0.707107 -0.707107 -0.000000
vn -0.793353 -0.608761 -0.000000
vn -0.866025 -0.500000 -0.000000
vn -0.923880 -0.382683 -0.000000
vn -0.965926 -0.258819 -0.000000
vn -0.991445 -0.130526 -0.000000
vn -1.000000 -0.000000 -0.000000
vn -0.995185 -0.000000 0.098017
vn -0.986671 0.129898 0.098017
vn -0.961275 0.257573 0.098017
vn -0.919431 0.380841 0.098017
vn -0.861855 0.497592 0.098017
vn -0.789533 0.605830 0.098017
vn -0.703702 0.703702 0.098017
vn -0.605830 0.789533 0.098017
vn -0.497592 0.861855 0.098017
vn -0.380841 0.919431 0.098017
vn -0.257573 0.961275 0.098017
vn -0.129898 0.986671 0.098017
vn -0.000000 0.995185 0.098017
vn 0.129898 0.986671 0.098017
vn 0.257573 0.961275 0.098017
vn 0.380841 0.919431 0.098017
vn 0.497592 0.861855 0.098017
vn 0.605830 0.789533 0.098017
vn 0.703702 0.703702 0.098017
vn 0.789533 0.605830 0.098017
vn 0.861855 0.497592 0.098017
vn 0.919431 0.380841 0.098017
vn 0.961275 0.257573 0.098017
vn 0.986671 0.129898 0.098017
vn 0.995185 0.000000 0.098017
vn 0.986671 -0.129898 0.098017
vn 0.961275 -0.257573 0.098017
vn 0.919431 -0.380841 0.098017
vn 0.861855 -0.497592 0.098017
vn 0.789533 -0.605830 0.098017
vn 0.703702 -0.703702 0.098017
vn 0.605830 -0.789533 0.098017
vn 0.497592 -0.861855 0.098017
vn 0.380841 -0.919431 0.098017
vn 0.257573 -0.961275 0.098017
vn 0.129898 -0.986671 0.098017
vn 0.000000 -0.995185 0.098017
vn -0.129898 -0.986671 0.098017
vn -0.257573 -0.961275 0.098017
vn -0.380841 -0.919431 0.098017
vn -0.497592 -0.861855 0.098017
vn -0.605830 -0.789533 0.098017
vn -0.703702 -0.703702 0.098017
vn -0.789533 -0.605830 0.098017
vn -0.861855 -0.497592 0.098017
vn -0.919431 -0.380841 0.098017
vn -0.961275 -0.257573 0.098017
vn -0.986671 -0.129898 0.098017
vn -0.995185 -0.000000 0.098017
vn -0.980785 -0.000000 0.195090
vn -0.972395 0.128018 0.195090
vn -0.947366 0.253846 0.195090
vn -0.906127 0.375330 0.195090
vn -0.849385 0.490393 0.195090
vn -0.778109 0.597064 0.195090
vn -0.693520 0.693520 0.195090
vn -0.597064 0.778109 0.195090
vn -0.490393 0.849385 0.195090
vn -0.375330 0.906127 0.195090
vn -0.253846 0.947366 0.195090
vn -0.128018 0.972395 0.195090
vn -0.000000 0.980785 0.195090
vn 0.128018 0.972395 0.195090
vn 0.253846 0.947366 0.195090
vn 0.375330 0.906127 0.195090
vn 0.490393 0.849385 0.195090
vn 0.597064 0.778109 0.195090
vn 0.693520 0.693520 0.195090
vn 0.778109 0.597064 0.195090
vn 0.849385 0.490393 0.195090
vn 0.906127 0.375330 0.195090
vn 0.947366 0.253846 0.195090
vn 0.972395 0.128018 0.195090
vn 0.980785 0.000000 0.195090
vn 0.972395 -0.128018 0.195090
vn 0.947366 -0.253846 0.195090
vn 0.906127 -0.375330 0.195090
vn 0.849385 -0.490393 0.195090
vn 0.778109 -0.597064 0.195090
vn 0.693520 -0.693520 0.195090
vn 0.597064 -0.778109 0.195090
vn 0.490393 -0.849385 0.195090
vn 0.375330 -0.906127 0.195090
vn 0.253846 -0.947366 0.195090
vn 0.128018 -0.972395 0.195090
vn 0.000000 -0.980785 0.195090
vn -0.128018 -0.972395 0.195090
vn -0.253846 -0.947366 0.195090
vn -0.375330 -0.906127 0.195090
vn -0.490393 -0.849385 0.195090
vn -0.597064 -0.778109 0.195090
vn -0.693520 -0.693520 0.195090
vn -0.778109 -0.597064 0.195090
vn -0.849385 -0.490393 0.195090
vn -0.906127 -0.375330 0.195090
vn -0.947366 -0.253846 0.195090
vn -0.972395 -0.128018 0.195090
vn -0.980785 -0.000000 0.195090
vn -0.956940 -0.000000 0.290285
vn -0.948754 0.124906 0.290285
vn -0.924333 0.247674 0.290285
vn -0.884098 0.366205 0.290285
vn -0.828735 0.478470 0.290285
vn -0.759192 0.582548 0.290285
vn -0.676659 0.676659 0.290285
vn -0.582548 0.759192 0.290285
vn -0.478470 0.828735 0.290285
vn -0.366205 0.884098 0.290285
vn -0.247674 0.924333 0.290285
vn -0.124906 0.948754 0.290285
vn -0.000000 0.956940 0.290285
vn 0.124906 0.948754 0.290285
vn 0.247674 0.924333 0.290285
vn 0.366205 0.884098 0.290285
vn 0.478470 0.828735 0.290285
vn 0.582548 0.759192 0.290285
vn 0.676659 0.676659 0.290285
vn 0.759192 0.582548 0.290285
vn 0.828735 0.478470 0.290285
vn 0.884098 0.366205 0.290285
vn 0.924333 0.247674 0.290285
vn 0.948754 0.124906 0.290285
vn 0.956940 0.000000 0.290285
vn 0.948754 -0.124906 0.290285
vn 0.924333 -0.247674 0.290285
vn 0.884098 -0.366205 0.290285
vn 0.828735 -0.478470 0.290285
vn 0.759192 -0.582548 0.290285
vn 0.676659 -0.676659 0.290285
vn 0.582548 -0.759192 0.290285
vn 0.478470 -0.828735 0.290285
vn 0.366205 -0.884098 0.290285
vn 0.247674 -0.924333 0.290285
vn 0.124906 -0.948754 0.290285
vn 0.000000 -0.956940 0.290285
vn -0.124906 -0.948754 0.290285
vn -0.247674 -0.924333 0.290285
vn -0.366205 -0.884098 0.290285
vn -0.478470 -0.828735 0.290285
vn -0.582548 -0.759192 0.290285
vn -0.676659 -0.676659 0.290285
vn -0.759192 -0.582548 0.290285
vn -0.828735 -0.478470 0.290285
vn -0.884098 -0.366205 0.290285
vn -0.924333 -0.247674 0.290285
vn -0.948754 -0.124906 0.290285
vn -0.956940 -0.000000 0.290285
vn -0.923880 -0.000000 0.382683
vn -0.915976 0.120590 0.382683
vn -0.892399 0.239118 0.382683
vn -0.853553 0.353553 0.382683
vn -0.800103 0.461940 0.382683
vn -0.732963 0.562422 0.382683
vn -0.653282 0.653282 0.382683
vn -0.562422 0.732963 0.382683
vn -0.461940 0.800103 0.382683
vn -0.353553 0.853553 0.382683
vn -0.239118 0.892399 0.382683
vn -0.120590 0.915976 0.382683
vn -0.000000 0.923880 0.382683
vn 0.120590 0.915976 0.382683
vn 0.239118 0.892399 0.382683
vn 0.353553 0.853553 0.382683
vn 0.461940 0.800103 0.382683
vn 0.562422 0.732963 0.382683
vn 0.653282 0.653282 0.382683
vn 0.732963 0.562422 0.382683
vn 0.800103 0.461940 0.382683
vn 0.853553 0.353553 0.382683
vn 0.892399 0.239118 0.382683
vn 0.915976 0.120590 0.382683
vn 0.923880 0.000000 0.382683
vn 0.915976 -0.120590 0.382683
vn 0.892399 -0.239118 0.382683
vn 0.853553 -0.353553 0.382683
vn 0.800103 -0.461940 0.382683
vn 0.732963 -0.562422 0.382683
vn 0.653282 -0.653282 0.382683
vn 0.562422 -0.732963 0.382683
vn 0.461940 -0.800103 0.382683
vn 0.353553 -0.853553 0.382683
vn 0.239118 -0.892399 0.382683
vn 0.120590 -0.915976 0.382683
vn 0.000000 -0.923880 0.382683
vn -0.120590 -0.915976 0.382683
vn -0.239118 -0.892399 0.382683
vn -0.353553 -0.853553 0.382683
vn -0.461940 -0.800103 0.382683
vn -0.562422 -0.732963 0.382683
vn -0.653282 -0.653282 0.382683
vn -0.732963 -0.562422 0.382683
vn -0.800103 -0.461940 0.382683
vn -0.853553 -0.353553 0.382683
vn -0.892399 -0.239118 0.382683
vn -0.915976 -0.120590 0.382683
vn -0.923880 -0.000000 0.382683
vn -0.881921 -0.000000 0.471397
vn -0.874376 0.115114 0.471397
vn -0.851871 0.228258 0.471397
vn -0.814789 0.337497 0.471397
vn -0.763766 0.440961 0.471397
vn -0.699675 0.536880 0.471397
vn -0.623613 0.623613 0.471397
vn -0.536880 0.699675 0.471397
vn -0.440961 0.763766 0.471397
vn -0.337497 0.814789 0.471397
vn -0.228258 0.851871 0.471397
vn -0.115114 0.874376 0.471397
vn -0.000000 0.881921 0.471397
vn 0.115114 0.874376 0.471397
vn 0.228258 0.851871 0.471397
vn 0.337497 0.814789 0.471397
vn 0.440961 0.763766 0.471397
vn 0.536880 0.699675 0.471397
vn 0.623613 0.623613 0.471397
vn 0.699675 0.536880 0.471397
vn 0.763766 0.440961 0.471397
vn 0.814789 0.337497 0.471397
vn 0.851871 0.228258 0.471397
vn 0.874376 0.115114 0.471397
vn 0.881921 0.000000 0.471397
vn 0.874376 -0.115114 0.471397
vn 0.851871 -0.228258 0.471397
vn 0.814789 -0.337497 0.471397
vn 0.763766 -0.440961 0.471397
vn 0.699675 -0.536880 0.471397
vn 0.623613 -0.623613 0.471397
vn 0.536880 -0.699675 0.471397
vn 0.440961 -0.763766 0.471397
vn 0.337497 -0.814789 0.471397
vn 0.228258 -0.851871 0.471397
vn 0.115114 -0.874376 0.471397
vn 0.000000 -0.881921 0.471397
vn -0.115114 -0.874376 0.471397
vn -0.228258 -0.851871 0.471397
vn -0.337497 -0.814789 0.471397
vn -0.440961 -0.763766 0.471397
vn -0.536880 -0.699675 0.471397
vn -0.623613 -0.623613 0.471397
vn -0.699675 -0.536880 0.471397
vn -0.763766 -0.440961 0.471397
vn -0.814789 -0.337497 0.471397
vn -0.851871 -0.228258 0.471397
vn -0.874376 -0.115114 0.471397
vn -0.881921 -0.000000 0.471397
vn -0.831470 -0.000000 0.555570
vn -0.824356 0.108529 0.555570
vn -0.803138 0.215200 0.555570
vn -0.768178 0.318190 0.555570
vn -0.720074 0.415735 0.555570
vn -0.659649 0.506167 0.555570
vn -0.587938 0.587938 0.555570
vn -0.506167 0.659649 0.555570
vn -0.415735 0.720074 0.555570
vn -0.318190 0.768178 0.555570
vn -0.215200 0.803138 0.555570
vn -0.108529 0.824356 0.555570
vn -0.000000 0.831470 0.555570
vn 0.108529 0.824356 0.555570
vn 0.215200 0.803138 0.555570
vn 0.318190 0.768178 0.555570
vn 0.415735 0.720074 0.555570
vn 0.506167 0.659649 0.555570
vn 0.587938 0.587938 0.555570
vn 0.659649 0.506167 0.555570
vn 0.720074 0.415735 0.555570
vn 0.768178 0.318190 0.555570
vn 0.803138 0.215200 0.555570
vn 0.824356 0.108529 0.555570
vn 0.831470 0.000000 0.555570
vn 0.824356 -0.108529 0.555570
vn 0.803138 -0.215200 0.555570
vn 0.768178 -0.318190 0.555570
vn 0.720074 -0.415735 0.555570
vn 0.659649 -0.506167 0.555570
vn 0.587938 -0.587938 0.555570
vn 0.506167 -0.659649 0.555570
vn 0.415735 -0.720074 0.555570
vn 0.318190 -0.768178 0.555570
vn 0.215200 -0.803138 0.555570
vn 0.108529 -0.824356 0.555570
vn 0.000000 -0.831470 0.555570
vn -0.108529 -0.824356 0.555570
vn -0.215200 -0.803138 0.555570
vn -0.318190 -0.768178 0.555570
vn -0.415735 -0.720074 0.555570
vn -0.506167 -0.659649 0.555570
vn -0.587938 -0.587938 0.555570
vn -0.659649 -0.506167 0.555570
vn -0.720074 -0.415735 0.555570
vn -0.768178 -0.318190 0.555570
vn -0.803138 -0.215200 0.555570
vn -0.824356 -0.108529 0.555570
vn -0.831470 -0.000000 0.555570
vn -0.773010 -0.000000 0.634393
vn -0.766397 0.100898 0.634393
vn -0.746671 0.200070 0.634393
vn -0.714169 0.295818 0.634393
vn -0.669447 0.386505 0.634393
vn -0.613270 0.470579 0.634393
vn -0.546601 0.546601 0.634393
vn -0.470579 0.613270 0.634393
vn -0.386505 0.669447 0.634393
vn -0.295818 0.714169 0.634393
vn -0.200070 0.746671 0.634393
vn -0.100898 0.766397 0.634393
vn -0.000000 0.773010 0.634393
vn 0.100898 0.766397 0.634393
vn 0.200070 0.746671 0.634393
vn 0.295818 0.714169 0.634393
vn 0.386505 0.669447 0.634393
vn 0.470579 0.613270 0.634393
vn 0.546601 0.546601 0.634393
vn 0.613270 0.470579 0.634393
vn 0.669447 0.386505 0.634393
vn 0.714169 0.295818 0.634393
vn 0.746671 0.200070 0.634393
vn 0.766397 0.100898 0.634393
vn 0.773010 0.000000 0.634393
vn 0.766397 -0.100898 0.634393
vn 0.746671 -0.200070 0.634393
vn 0.714169 -0.295818 0.634393
vn 0.669447 -0.386505 0.634393
vn 0.613270 -0.470579 0.634393
vn 0.546601 -0.546601 0.634393
vn 0.470579 -0.613270 0.634393
vn 0.386505 -0.669447 0.634393
vn 0.295818 -0.714169 0.634393
vn 0.200070 -0.746671 0.634393
vn 0.100898 -0.766397 0.634393
vn 0.000000 -0.773010 0.634393
vn -0.100898 -0.766397 0.634393
vn -0.200070 -0.746671 0.634393
vn -0.295818 -0.714169 0.634393
vn -0.386505 -0.669447 0.634393
vn -0.470579 -0.613270 0.634393
vn -0.546601 -0.546601 0.634393
vn -0.613270 -0.470579 0.634393
vn -0.669447 -0.386505 0.634393
vn -0.714169 -0.295818 0.634393
vn -0.746671 -0.200070 0.634393
vn -0.766397 -0.100898 0.634393
vn -0.773010 -0.000000 0.634393
vn -0.707107 -0.000000 0.707107
vn -0.701057 0.092296 0.707107
vn -0.683013 0.183013 0.707107
vn -0.653282 0.270598 0.707107
vn -0.612372 0.353553 0.707107
vn -0.560986 0.430459 0.707107
vn -0.500000 0.500000 0.707107
vn -0.430459 0.560986 0.707107
vn -0.353553 0.612372 0.707107
vn -0.270598 0.653282 0.707107
vn -0.183013 0.683013 0.707107
vn -0.092296 0.701057 0.707107
vn -0.000000 0.707107 0.707107
vn 0.092296 0.701057 0.707107
vn 0.183013 0.683013 0.707107
vn 0.270598 0.653282 0.707107
vn 0.353553 0.612372 0.707107
vn 0.430459 0.560986 0.707107
vn 0.500000 0.500000 0.707107
vn 0.560986 0.430459 0.707107
vn 0.612372 0.353553 0.707107
vn 0.653282 0.270598 0.707107
vn 0.683013 0.183013 0.707107
vn 0.701057 0.092296 0.707107
vn 0.707107 0.000000 0.707107
vn 0.701057 -0.092296 0.707107
vn 0.683013 -0.183013 0.707107
vn 0.653282 -0.270598 0.707107
vn 0.612372 -0.353553 0.707107
vn 0.560986 -0.430459 0.707107
vn 0.500000 -0.500000 0.707107
vn 0.430459 -0.560986 0.707107
vn 0.353553 -0.612372 0.707107
vn 0.270598 -0.653282 0.707107
vn 0.183013 -0.683013 0.707107
vn 0.092296 -0.701057 0.707107
vn 0.000000 -0.707107 0.707107
vn -0.092296 -0.701057 0.707107
vn -0.183013 -0.683013 0.707107
vn -0.270598 -0.653282 0.707107
vn -0.353553 -0.612372 0.707107
vn -0.430459 -0.560986 0.707107
vn -0.500000 -0.500000 0.707107
vn -0.560986 -0.430459 0.707107
vn -0.612372 -0.353553 0.707107
vn -0.653282 -0.270598 0.707107
vn -0.683013 -0.183013 0.707107
vn -0.701057 -0.092296 0.707107
vn -0.707107 -0.000000 0.707107
vn -0.634393 -0.000000 0.773010
vn -0.628966 0.082805 0.773010
vn -0.612777 0.164193 0.773010
vn -0.586103 0.242772 0.773010
vn -0.549401 0.317197 0.773010
vn -0.503298 0.386194 0.773010
vn -0.448584 0.448584 0.773010
vn -0.386194 0.503298 0.773010
vn -0.317197 0.549401 0.773010
vn -0.242772 0.586103 0.773010
vn -0.164193 0.612777 0.773010
vn -0.082805 0.628966 0.773010
vn -0.000000 0.634393 0.773010
vn 0.082805 0.628966 0.773010
vn 0.164193 0.612777 0.773010
vn 0.242772 0.586103 0.773010
vn 0.317197 0.549401 0.773010
vn 0.386194 0.503298 0.773010
vn 0.448584 0.448584 0.773010
vn 0.503298 0.386194 0.773010
vn 0.549401 0.317197 0.773010
vn 0.586103 0.242772 0.773010
vn 0.612777 0.164193 0.773010
vn 0.628966 0.082805 0.773010
vn 0.634393 0.000000 0.773010
vn 0.628966 -0.082805 0.773010
vn 0.612777 -0.164193 0.773010
vn 0.586103 -0.242772 0.773010
vn 0.549401 -0.317197 0.773010
vn 0.503298 -0.386194 0.773010
vn 0.448584 -0.448584 0.773010
vn 0.386194 -0.503298 0.773010
vn 0.317197 -0.549401 0.773010
vn 0.242772 -0.586103 0.773010
vn 0.164193 -0.612777 0.773010
vn 0.082805 -0.628966 0.773010
vn 0.000000 -0.634393 0.773010
vn -0.082805 -0.628966 0.773010
vn -0.164193 -0.612777 0.773010
vn -0.242772 -0.586103 0.773010
vn -0.317197 -0.549401 0.773010
vn -0.386194 -0.503298 0.773010
vn -0.448584 -0.448584 0.773010
vn -0.503298 -0.386194 0.773010
vn -0.549401 -0.317197 0.773010
vn -0.586103 -0.242772 0.773010
vn -0.612777 -0.164193 0.773010
vn -0.628966 -0.082805 0.773010
vn -0.634393 -0.000000 0.773010
vn -0.555570 -0.000000 0.831470
vn -0.550817 0.072516 0.831470
vn -0.536640 0.143792 0.831470
vn -0.513280 0.212608 0.831470
vn -0.481138 0.277785 0.831470
vn -0.440764 0.338210 0.831470
vn -0.392847 0.392847 0.831470
vn -0.338210 0.440764 0.831470
vn -0.277785 0.481138 0.831470
vn -0.212608 0.513280 0.831470
vn -0.143792 0.536640 0.831470
vn -0.072516 0.550817 0.831470
vn -0.000000 0.555570 0.831470
vn 0.072516 0.550817 0.831470
vn 0.143792 0.536640 0.831470
vn 0.212608 0.513280 0.831470
vn 0.277785 0.481138 0.831470
vn 0.338210 0.440764 0.831470
vn 0.392847 0.392847 0.831470
vn 0.440764 0.338210 0.831470
vn 0.481138 0.277785 0.831470
vn 0.513280 0.212608 0.831470
vn 0.536640 0.143792 0.831470
vn 0.550817 0.072516 0.831470
vn 0.555570 0.000000 0.831470
vn 0.550817 -0.072516 0.831470
vn 0.536640 -0.143792 0.831470
vn 0.513280 -0.212608 0.831470
vn 0.481138 -0.277785 0.831470
vn 0.440764 -0.338210 0.831470
vn 0.392847 -0.392847 0.831470
vn 0.338210 -0.440764 0.831470
vn 0.277785 -0.481138 0.831470
vn 0.212608 -0.513280 0.831470
vn 0.143792 -0.536640 0.831470
vn 0.072516 -0.550817 0.831470
vn 0.000000 -0.555570 0.831470
vn -0.072516 -0.550817 0.831470
vn -0.143792 -0.536640 0.831470
vn -0.212608 -0.513280 0.831470
vn -0.277785 -0.481138 0.831470
vn -0.338210 -0.440764 0.831470
vn -0.392847 -0.392847 0.831470
vn -0.440764 -0.338210 0.831470
vn -0.481138 -0.277785 0.831470
vn -0.513280 -0.212608 0.831470
vn -0.536640 -0.143792 0.831470
vn -0.550817 -0.072516 0.831470
vn -0.555570 -0.000000 0.831470
vn -0.471397 -0.000000 0.881921
vn -0.467364 0.061530 0.881921
vn -0.455334 0.122006 0.881921
vn -0.435514 0.180396 0.881921
vn -0.408242 0.235698 0.881921
vn -0.373984 0.286968 0.881921
vn -0.333328 0.333328 0.881921
vn -0.286968 0.373984 0.881921
vn -0.235698 0.408242 0.881921
vn -0.180396 0.435514 0.881921
vn -0.122006 0.455334 0.881921
vn -0.061530 0.467364 0.881921
vn -0.000000 0.471397 0.881921
vn 0.061530 0.467364 0.881921
vn 0.122006 0.455334 0.881921
vn 0.180396 0.435514 0.881921
vn 0.235698 0.408242 0.881921
vn 0.286968 0.373984 0.881921
vn 0.333328 0.333328 0.881921
vn 0.373984 0.286968 0.881921
vn 0.408242 0.235698 0.881921
vn 0.435514 0.180396 0.881921
vn 0.455334 0.122006 0.881921
vn 0.467364 0.061530 0.881921
vn 0.471397 0.000000 0.881921
vn 0.467364 -0.061530 0.881921
vn 0.455334 -0.122006 0.881921
vn 0.435514 -0.180396 0.881921
vn 0.408242 -0.235698 0.881921
vn 0.373984 -0.286968 0.881921
vn 0.333328 -0.333328 0.881921
vn 0.286968 -0.373984 0.881921
vn 0.235698 -0.408242 0.881921
vn 0.180396 -0.435514 0.881921
vn 0.122006 -0.455334 0.881921
vn 0.061530 -0.467364 0.881921
vn 0.000000 -0.471397 0.881921
vn -0.061530 -0.467364 0.881921
vn -0.122006 -0.455334 0.881921
vn -0.180396 -0.435514 0.881921
vn -0.235698 -0.408242 0.881921
vn -0.286968 -0.373984 0.881921
vn -0.333328 -0.333328 0.881921
vn -0.373984 -0.286968 0.881921
vn -0.408242 -0.235698 0.881921
vn -0.435514 -0.180396 0.881921
vn -0.455334 -0.122006 0.881921
vn -0.467364 -0.061530 0.881921
vn -0.471397 -0.000000 0.881921
vn -0.382683 -0.000000 0.923880
vn -0.379410 0.049950 0.923880
vn -0.369644 0.099046 0.923880
vn -0.353553 0.146447 0.923880
vn -0.331414 0.191342 0.923880
vn -0.303603 0.232963 0.923880
vn -0.270598 0.270598 0.923880
vn -0.232963 0.303603 0.923880
vn -0.191342 0.331414 0.923880
vn -0.146447 0.353553 0.923880
vn -0.099046 0.369644 0.923880
vn -0.049950 0.379410 0.923880
vn -0.000000 0.382683 0.923880
vn 0.049950 0.379410 0.923880
vn 0.099046 0.369644 0.923880
vn 0.146447 0.353553 0.923880
vn 0.191342 0.331414 0.923880
vn 0.232963 0.303603 0.923880
vn 0.270598 0.270598 0.923880
vn 0.303603 0.232963 0.923880
vn 0.331414 0.191342 0.923880
vn 0.353553 0.146447 0.923880
vn 0.369644 0.099046 0.923880
vn 0.379410 0.049950 0.923880
vn 0.382683 -0.000000 0.923880
vn 0.379410 -0.049950 0.923880
vn 0.369644 -0.099046 0.923880
vn 0.353553 -0.146447 0.923880
vn 0.331414 -0.191342 0.923880
vn 0.303603 -0.232963 0.923880
vn 0.270598 -0.270598 0.923880
vn 0.232963 -0.303603 0.923880
vn 0.191342 -0.331414 0.923880
vn 0.146447 -0.353553 0.923880
vn 0.099046 -0.369644 0.923880
vn 0.049950 -0.379410 0.923880
vn 0.000000 -0.382683 0.923880
vn -0.049950 -0.379410 0.923880
vn -0.099046 -0.369644 0.923880
vn -0.146447 -0.353553 0.923880
vn -0.191342 -0.331414 0.923880
vn -0.232963 -0.303603 0.923880
vn -0.270598 -0.270598 0.923880
vn -0.303603 -0.232963 0.923880
vn -0.331414 -0.191342 0.923880
vn -0.353553 -0.146447 0.923880
vn -0.369644 -0.099046 0.923880
vn -0.379410 -0.049950 0.923880
vn -0.382683 -0.000000 0.923880
vn -0.290285 -0.000000 0.956940
vn -0.287801 0.037890 0.956940
vn -0.280393 0.075131 0.956940
vn -0.268188 0.111087 0.956940
vn -0.251394 0.145142 0.956940
vn -0.230298 0.176714 0.956940
vn -0.205262 0.205262 0.956940
vn -0.176714 0.230298 0.956940
vn -0.145142 0.251394 0.956940
vn -0.111087 0.268188 0.956940
vn -0.075131 0.280393 0.956940
vn -0.037890 0.287801 0.956940
vn -0.000000 0.290285 0.956940
vn 0.037890 0.287801 0.956940
vn 0.075131 0.280393 0.956940
vn 0.111087 0.268188 0.956940
vn 0.145142 0.251394 0.956940
vn 0.176714 0.230298 0.956940
vn 0.205262 0.205262 0.956940
vn 0.230298 0.176714 0.956940
vn 0.251394 0.145142 0.956940
vn 0.268188 0.111087 0.956940
vn 0.280393 0.075131 0.956940
vn 0.287801 0.037890 0.956940
vn 0.290285 -0.000000 0.956940
vn 0.287801 -0.037890 0.956940
vn 0.280393 -0.075131 0.956940
vn 0.268188 -0.111087 0.956940
vn 0.251394 -0.145142 0.956940
vn 0.230298 -0.176714 0.956940
vn 0.205262 -0.205262 0.956940
vn 0.176714 -0.230298 0.956940
vn 0.145142 -0.251394 0.956940
vn 0.111087 -0.268188 0.956940
vn 0.075131 -0.280393 0.956940
vn 0.037890 -0.287801 0.956940
vn 0.000000 -0.290285 0.956940
vn -0.037890 -0.287801 0.956940
vn -0.075131 -0.280393 0.956940
vn -0.111087 -0.268188 0.956940
vn -0.145142 -0.251394 0.956940
vn -0.176714 -0.230298 0.956940
vn -0.205262 -0.205262 0.956940
vn -0.230298 -0.176714 0.956940
vn -0.251394 -0.145142 0.956940
vn -0.268188 -0.111087 0.956940
vn -0.280393 -0.075131 0.956940
vn -0.287801 -0.037890 0.956940
vn -0.290285 -0.000000 0.956940
vn -0.195090 -0.000000 0.980785
vn -0.193421 0.025464 0.980785
vn -0.188443 0.050493 0.980785
vn -0.180240 0.074658 0.980785
vn -0.168953 0.097545 0.980785
vn -0.154776 0.118763 0.980785
vn -0.137950 0.137950 0.980785
vn -0.118763 0.154776 0.980785
vn -0.097545 0.168953 0.980785
vn -0.074658 0.180240 0.980785
vn -0.050493 0.188443 0.980785
vn -0.025464 0.193421 0.980785
vn -0.000000 0.195090 0.980785
vn 0.025464 0.193421 0.980785
vn 0.050493 0.188443 0.980785
vn 0.074658 0.180240 0.980785
vn 0.097545 0.168953 0.980785
vn 0.118763 0.154776 0.980785
vn 0.137950 0.137950 0.980785
vn 0.154776 0.118763 0.980785
vn 0.168953 0.097545 0.980785
vn 0.180240 0.074658 0.980785
vn 0.188443 0.050493 0.980785
vn 0.193421 0.025464 0.980785
vn 0.195090 -0.000000 0.980785
vn 0.193421 -0.025464 0.980785
vn 0.188443 -0.050493 0.980785
vn 0.180240 -0.074658 0.980785
vn 0.168953 -0.097545 0.980785
vn 0.154776 -0.118763 0.980785
vn 0.137950 -0.137950 0.980785
vn 0.118763 -0.154776 0.980785
vn 0.097545 -0.168953 0.980785
vn 0.074658 -0.180240 0.980785
vn 0.050493 -0.188443 0.980785
vn 0.025464 -0.193421 0.980785
vn 0.000000 -0.195090 0.980785
vn -0.025464 -0.193421 0.980785
vn -0.050493 -0.188443 0.980785
vn -0.074658 -0.180240 0.980785
vn -0.097545 -0.168953 0.980785
vn -0.118763 -0.154776 0.980785
vn -0.137950 -0.137950 0.980785
vn -0.154776 -0.118763 0.980785
vn -0.168953 -0.097545 0.980785
vn -0.180240 -0.074658 0.980785
vn -0.188443 -0.050493 0.980785
vn -0.193421 -0.025464 0.980785
vn -0.195090 -0.000000 0.980785
vn -0.098017 -0.000000 0.995185
vn -0.097179 0.012794 0.995185
vn -0.094677 0.025369 0.995185
vn -0.090556 0.037510 0.995185
vn -0.084885 0.049009 0.995185
vn -0.077762 0.059669 0.995185
vn -0.069309 0.069309 0.995185
vn -0.059669 0.077762 0.995185
vn -0.049009 0.084885 0.995185
vn -0.037510 0.090556 0.995185
vn -0.025369 0.094677 0.995185
vn -0.012794 0.097179 0.995185
vn -0.000000 0.098017 0.995185
vn 0.012794 0.097179 0.995185
vn 0.025369 0.094677 0.995185
vn 0.037510 0.090556 0.995185
vn 0.049009 0.084885 0.995185
vn 0.059669 0.077762 0.995185
vn 0.069309 0.069309 0.995185
vn 0.077762 0.059669 0.995185
vn 0.084885 0.049009 0.995185
vn 0.090556 0.037510 0.995185
vn 0.094677 0.025369 0.995185
vn 0.097179 0.012794 0.995185
vn 0.098017 -0.000000 0.995185
vn 0.097179 -0.012794 0.995185
vn 0.094677 -0.025369 0.995185
vn 0.090556 -0.037510 0.995185
vn 0.084885 -0.049009 0.995185
vn 0.077762 -0.059669 0.995185
vn 0.069309 -0.069309 0.995185
vn 0.059669 -0.077762 0.995185
vn 0.049009 -0.084885 0.995185
vn 0.037510 -0.090556 0.995185
vn 0.025369 -0.094677 0.995185
vn 0.012794 -0.097179 0.995185
vn 0.000000 -0.098017 0.995185
vn -0.012794 -0.097179 0.995185
vn -0.025369 -0.094677 0.995185
vn -0.037510 -0.090556 0.995185
vn -0.049009 -0.084885 0.995185
vn -0.059669 -0.077762 0.995185
vn -0.069309 -0.069309 0.995185
vn -0.077762 -0.059669 0.995185
vn -0.084885 -0.049009 0.995185
vn -0.090556 -0.037510 0.995185
vn -0.094677 -0.025369 0.995185
vn -0.097179 -0.012794 0.995185
vn -0.098017 -0.000000 0.995185
vn -0.000000 -0.000000 1.000000
vn -0.000000 -0.000000 1.000000
vn -0.000000 -0.000000 1.000000
vn -0.000000 -0.000000 1.000000
vn -0.000000 0.000000 1.000000
vn -0.000000 0.000000 1.000000
vn -0.000000 0.000000 1.000000
vn -0.000000 0.000000 1.000000
vn -0.000000 0.000000 1.000000
vn -0.000000 0.000000 1.000000
vn -0.000000 0.000000 1.000000
vn -0.000000 0.000000 1.000000
vn -0.000000 0.000000 1.000000
vn 0.000000 0.000000 1.000000
vn 0.000000 0.000000 1.000000
vn 0.000000 0.000000 1.000000
vn 0.000000 0.000000 1.000000
vn 0.000000 0.000000 1.000000
vn 0.000000 0.000000 1.000000
vn 0.000000 0.000000 1.000000
vn 0.000000 0.000000 1.000000
vn 0.000000 -0.000000 1.000000
vn 0.000000 -0.000000 1.000000
vn 0.000000 -0.000000 1.000000
vn 0.000000 -0.000000 1.000000
vn 0.000000 -0.000000 1.000000
vn 0.000000 -0.000000 1.000000
vn 0.000000 -0.000000 1.000000
vn 0.000000 -0.000000 1.000000
vn 0.000000 -0.000000 1.000000
vn 0.000000 -0.000000 1.000000
vn 0.000000 -0.000000 1.000000
vn 0.000000 -0.000000 1.000000
vn 0.000000 -0.000000 1.000000
vn 0.000000 -0.000000 1.000000
vn 0.000000 -0.000000 1.000000
vn 0.000000 -0.000000 1.000000
vn -0.000000 -0.000000 1.000000
vn -0.000000 -0.000000 1.000000
vn -0.000000 -0.000000 1.000000
vn -0.000000 -0.000000 1.000000
vn -0.000000 -0.000000 1.000000
vn -0.000000 -0.000000 1.000000
vn -0.000000 -0.000000 1.000000
vn -0.000000 -0.000000 1.000000
vn -0.000000 -0.000000 1.000000
vn -0.000000 -0.000000 1.000000
vn -0.000000 -0.000000 1.000000
vn -0.000000 -0.000000 1.000000
usemtl material_globe_map_surface
f 3434 3483 3484
f 3435 3484 3485
f 3436 3485 3486
f 3437 3486 3487
f 3438 3487 3488
f 3439 3488 3489
f 3440 3489 3490
f 3441 3490 3491
f 3442 3491 3492
f 3443 3492 3493
f 3444 3493 3494
f 3445 3494 3495
f 3446 3495 3496
f 3447 3496 3497
f 3448 3497 3498
f 3449 3498 3499
f 3450 3499 3500
f 3451 3500 3501
f 3452 3501 3502
f 3453 3502 3503
f 3454 3503 3504
f 3455 3504 3505
f 3456 3505 3506
f 3457 3506 3507
f 3458 3507 3508
f 3459 3508 3509
f 3460 3509 3510
f 3461 3510 3511
f 3462 3511 3512
f 3463 3512 3513
f 3464 3513 3514
f 3465 3514 3515
f 3466 3515 3516
f 3467 3516 3517
f 3468 3517 3518
f 3469 3518 3519
f 3470 3519 3520
f 3471 3520 3521
f 3472 3521 3522
f 3473 3522 3523
f 3474 3523 3524
f 3475 3524 3525
f 3476 3525 3526
f 3477 3526 3527
f 3478 3527 3528
f 3479 3528 3529
f 3480 3529 3530
f 3481 3530 3531
f 3484 3483 3533
f 3483 3532 3533
f 3485 3484 3534
f 3484 3533 3534
f 3486 3485 3535
f 3485 3534 3535
f 3487 3486 3536
f 3486 3535 3536
f 3488 3487 3537
f 3487 3536 3537
f 3489 3488 3538
f 3488 3537 3538
f 3490 3489 3539
f 3489 3538 3539
f 3491 3490 3540
f 3490 3539 3540
f 3492 3491 3541
f 3491 3540 3541
f 3493 3492 3542
f 3492 3541 3542
f 3494 3493 3543
f 3493 3542 3543
f 3495 3494 3544
f 3494 3543 3544
f 3496 3495 3545
f 3495 3544 3545
f 3497 3496 3546
f 3496 3545 3546
f 3498 3497 3547
f 3497 3546 3547
f 3499 3498 3548
f 3498 3547 3548
f 3500 3499 3549
f 3499 3548 3549
f 3501 3500 3550
f 3500 3549 3550
f 3502 3501 3551
f 3501 3550 3551
f 3503 3502 3552
f 3502 3551 3552
f 3504 3503 3553
f 3503 3552 3553
f 3505 3504 3554
f 3504 3553 3554
f 3506 3505 3555
f 3505 3554 3555
f 3507 3506 3556
f 3506 3555 3556
f 3508 3507 3557
f 3507 3556 3557
f 3509 3508 3558
f 3508 3557 3558
f 3510 3509 3559
f 3509 3558 3559
f 3511 3510 3560
f 3510 3559 3560
f 3512 3511 3561
f 3511 3560 3561
f 3513 3512 3562
f 3512 3561 3562
f 3514 3513 3563
f 3513 3562 3563
f 3515 3514 3564
f 3514 3563 3564
f 3516 3515 3565
f 3515 3564 3565
f 3517 3516 3566
f 3516 3565 3566
f 3518 3517 3567
f 3517 3566 3567
f 3519 3518 3568
f 3518 3567 3568
f 3520 3519 3569
f 3519 3568 3569
f 3521 3520 3570
f 3520 3569 3570
f 3522 3521 3571
f 3521 3570 3571
f 3523 3522 3572
f 3522 3571 3572
f 3524 3523 3573
f 3523 3572 3573
f 3525 3524 3574
f 3524 3573 3574
f 3526 3525 3575
f 3525 3574 3575
f 3527 3526 3576
f 3526 3575 3576
f 3528 3527 3577
f 3527 3576 3577
f 3529 3528 3578
f 3528 3577 3578
f 3530 3529 3579
f 3529 3578 3579
f 3531 3530 3580
f 3530 3579 3580
f 3533 3532 3582
f 3532 3581 3582
f 3534 3533 3583
f 3533 3582 3583
f 3535 3534 3584
f 3534 3583 3584
f 3536 3535 3585
f 3535 3584 3585
f 3537 3536 3586
f 3536 3585 3586
f 3538 3537 3587
f 3537 3586 3587
f 3539 3538 3588
f 3538 3587 3588
f 3540 3539 3589
f 3539 3588 3589
f 3541 3540 3590
f 3540 3589 3590
f 3542 3541 3591
f 3541 3590 3591
f 3543 3542 3592
f 3542 3591 3592
f 3544 3543 3593
f 3543 3592 3593
f 3545 3544 3594
f 3544 3593 3594
f 3546 3545 3595
f 3545 3594 3595
f 3547 3546 3596
f 3546 3595 3596
f 3548 3547 3597
f 3547 3596 3597
f 3549 3548 3598
f 3548 3597 3598
f 3550 3549 3599
f 3549 3598 3599
f 3551 3550 3600
f 3550 3599 3600
f 3552 3551 3601
f 3551 3600 3601
f 3553 3552 3602
f 3552 3601 3602
f 3554 3553 3603
f 3553 3602 3603
f 3555 3554 3604
f 3554 3603 3604
f 3556 3555 3605
f 3555 3604 3605
f 3557 3556 3606
f 3556 3605 3606
f 3558 3557 3607
f 3557 3606 3607
f 3559 3558 3608
f 3558 3607 3608
f 3560 3559 3609
f 3559 3608 3609
f 3561 3560 3610
f 3560 3609 3610
f 3562 3561 3611
f 3561 3610 3611
f 3563 3562 3612
f 3562 3611 3612
f 3564 3563 3613
f 3563 3612 3613
f 3565 3564 3614
f 3564 3613 3614
f 3566 3565 3615
f 3565 3614 3615
f 3567 3566 3616
f 3566 3615 3616
f 3568 3567 3617
f 3567 3616 3617
f 3569 3568 3618
f 3568 3617 3618
f 3570 3569 3619
f 3569 3618 3619
f 3571 3570 3620
f 3570 3619 3620
f 3572 3571 3621
f 3571 3620 3621
f 3573 3572 3622
f 3572 3621 3622
f 3574 3573 3623
f 3573 3622 3623
f 3575 3574 3624
f 3574 3623 3624
f 3576 3575 3625
f 3575 3624 3625
f 3577 3576 3626
f 3576 3625 3626
f 3578 3577 3627
f 3577 3626 3627
f 3579 3578 3628
f 3578 3627 3628
f 3580 3579 3629
f 3579 3628 3629
f 3582 3581 3631
f 3581 3630 3631
f 3583 3582 3632
f 3582 3631 3632
f 3584 3583 3633
f 3583 3632 3633
f 3585 3584 3634
f 3584 3633 3634
f 3586 3585 3635
f 3585 3634 3635
f 3587 3586 3636
f 3586 3635 3636
f 3588 3587 3637
f 3587 3636 3637
f 3589 3588 3638
f 3588 3637 3638
f 3590 3589 3639
f 3589 3638 3639
f 3591 3590 3640
f 3590 3639 3640
f 3592 3591 3641
f 3591 3640 3641
f 3593 3592 3642
f 3592 3641 3642
f 3594 3593 3643
f 3593 3642 3643
f 3595 3594 3644
f 3594 3643 3644
f 3596 3595 3645
f 3595 3644 3645
f 3597 3596 3646
f 3596 3645 3646
f 3598 3597 3647
f 3597 3646 3647
f 3599 3598 3648
f 3598 3647 3648
f 3600 3599 3649
f 3599 3648 3649
f 3601 3600 3650
f 3600 3649 3650
f 3602 3601 3651
f 3601 3650 3651
f 3603 3602 3652
f 3602 3651 3652
f 3604 3603 3653
f 3603 3652 3653
f 3605 3604 3654
f 3604 3653 3654
f 3606 3605 3655
f 3605 3654 3655
f 3607 3606 3656
f 3606 3655 3656
f 3608 3607 3657
f 3607 3656 3657
f 3609 3608 3658
f 3608 3657 3658
f 3610 3609 3659
f 3609 3658 3659
f 3611 3610 3660
f 3610 3659 3660
f 3612 3611 3661
f 3611 3660 3661
f 3613 3612 3662
f 3612 3661 3662
f 3614 3613 3663
f 3613 3662 3663
f 3615 3614 3664
f 3614 3663 3664
f 3616 3615 3665
f 3615 3664 3665
f 3617 3616 3666
f 3616 3665 3666
f 3618 3617 3667
f 3617 3666 3667
f 3619 3618 3668
f 3618 3667 3668
f 3620 3619 3669
f 3619 3668 3669
f 3621 3620 3670
f 3620 3669 3670
f 3622 3621 3671
f 3621 3670 3671
f 3623 3622 3672
f 3622 3671 3672
f 3624 3623 3673
f 3623 3672 3673
f 3625 3624 3674
f 3624 3673 3674
f 3626 3625 3675
f 3625 3674 3675
f 3627 3626 3676
f 3626 3675 3676
f 3628 3627 3677
f 3627 3676 3677
f 3629 3628 3678
f 3628 3677 3678
f 3631 3630 3680
f 3630 3679 3680
f 3632 3631 3681
f 3631 3680 3681
f 3633 3632 3682
f 3632 3681 3682
f 3634 3633 3683
f 3633 3682 3683
f 3635 3634 3684
f 3634 3683 3684
f 3636 3635 3685
f 3635 3684 3685
f 3637 3636 3686
f 3636 3685 3686
f 3638 3637 3687
f 3637 3686 3687
f 3639 3638 3688
f 3638 3687 3688
f 3640 3639 3689
f 3639 3688 3689
f 3641 3640 3690
f 3640 3689 3690
f 3642 3641 3691
f 3641 3690 3691
f 3643 3642 3692
f 3642 3691 3692
f 3644 3643 3693
f 3643 3692 3693
f 3645 3644 3694
f 3644 3693 3694
f 3646 3645 3695
f 3645 3694 3695
f 3647 3646 3696
f 3646 3695 3696
f 3648 3647 3697
f 3647 3696 3697
f 3649 3648 3698
f 3648 3697 3698
f 3650 3649 3699
f 3649 3698 3699
f 3651 3650 3700
f 3650 3699 3700
f 3652 3651 3701
f 3651 3700 3701
f 3653 3652 3702
f 3652 3701 3702
f 3654 3653 3703
f 3653 3702 3703
f 3655 3654 3704
f 3654 3703 3704
f 3656 3655 3705
f 3655 3704 3705
f 3657 3656 3706
f 3656 3705 3706
f 3658 3657 3707
f 3657 3706 3707
f 3659 3658 3708
f 3658 3707 3708
f 3660 3659 3709
f 3659 3708 3709
f 3661 3660 3710
f 3660 3709 3710
f 3662 3661 3711
f 3661 3710 3711
f 3663 3662 3712
f 3662 3711 3712
f 3664 3663 3713
f 3663 3712 3713
f 3665 3664 3714
f 3664 3713 3714
f 3666 3665 3715
f 3665 3714 3715
f 3667 3666 3716
f 3666 3715 3716
f 3668 3667 3717
f 3667 3716 3717
f 3669 3668 3718
f 3668 3717 3718
f 3670 3669 3719
f 3669 3718 3719
f 3671 3670 3720
f 3670 3719 3720
f 3672 3671 3721
f 3671 3720 3721
f 3673 3672 3722
f 3672 3721 3722
f 3674 3673 3723
f 3673 3722 3723
f 3675 3674 3724
f 3674 3723 3724
f 3676 3675 3725
f 3675 3724 3725
f 3677 3676 3726
f 3676 3725 3726
f 3678 3677 3727
f 3677 3726 3727
f 3680 3679 3729
f 3679 3728 3729
f 3681 3680 3730
f 3680 3729 3730
f 3682 3681 3731
f 3681 3730 3731
f 3683 3682 3732
f 3682 3731 3732
f 3684 3683 3733
f 3683 3732 3733
f 3685 3684 3734
f 3684 3733 3734
f 3686 3685 3735
f 3685 3734 3735
f 3687 3686 3736
f 3686 3735 3736
f 3688 3687 3737
f 3687 3736 3737
f 3689 3688 3738
f 3688 3737 3738
f 3690 3689 3739
f 3689 3738 3739
f 3691 3690 3740
f 3690 3739 3740
f 3692 3691 3741
f 3691 3740 3741
f 3693 3692 3742
f 3692 3741 3742
f 3694 3693 3743
f 3693 3742 3743
f 3695 3694 3744
f 3694 3743 3744
f 3696 3695 3745
f 3695 3744 3745
f 3697 3696 3746
f 3696 3745 3746
f 3698 3697 3747
f 3697 3746 3747
f 3699 3698 3748
f 3698 3747 3748
f 3700 3699 3749
f 3699 3748 3749
f 3701 3700 3750
f 3700 3749 3750
f 3702 3701 3751
f 3701 3750 3751
f 3703 3702 3752
f 3702 3751 3752
f 3704 3703 3753
f 3703 3752 3753
f 3705 3704 3754
f 3704 3753 3754
f 3706 3705 3755
f 3705 3754 3755
f 3707 3706 3756
f 3706 3755 3756
f 3708 3707 3757
f 3707 3756 3757
f 3709 3708 3758
f 3708 3757 3758
f 3710 3709 3759
f 3709 3758 3759
f 3711 3710 3760
f 3710 3759 3760
f 3712 3711 3761
f 3711 3760 3761
f 3713 3712 3762
f 3712 3761 3762
f 3714 3713 3763
f 3713 3762 3763
f 3715 3714 3764
f 3714 3763 3764
f 3716 3715 3765
f 3715 3764 3765
f 3717 3716 3766
f 3716 3765 3766
f 3718 3717 3767
f 3717 3766 3767
f 3719 3718 3768
f 3718 3767 3768
f 3720 3719 3769
f 3719 3768 3769
f 3721 3720 3770
f 3720 3769 3770
f 3722 3721 3771
f 3721 3770 3771
f 3723 3722 3772
f 3722 3771 3772
f 3724 3723 3773
f 3723 3772 3773
f 3725 3724 3774
f 3724 3773 3774
f 3726 3725 3775
f 3725 3774 3775
f 3727 3726 3776
f 3726 3775 3776
f 3729 3728 3778
f 3728 3777 3778
f 3730 3729 3779
f 3729 3778 3779
f 3731 3730 3780
f 3730 3779 3780
f 3732 3731 3781
f 3731 3780 3781
f 3733 3732 3782
f 3732 3781 3782
f 3734 3733 3783
f 3733 3782 3783
f 3735 3734 3784
f 3734 3783 3784
f 3736 3735 3785
f 3735 3784 3785
f 3737 3736 3786
f 3736 3785 3786
f 3738 3737 3787
f 3737 3786 3787
f 3739 3738 3788
f 3738 3787 3788
f 3740 3739 3789
f 3739 3788 3789
f 3741 3740 3790
f 3740 3789 3790
f 3742 3741 3791
f 3741 3790 3791
f 3743 3742 3792
f 3742 3791 3792
f 3744 3743 3793
f 3743 3792 3793
f 3745 3744 3794
f 3744 3793 3794
f 3746 3745 3795
f 3745 3794 3795
f 3747 3746 3796
f 3746 3795 3796
f 3748 3747 3797
f 3747 3796 3797
f 3749 3748 3798
f 3748 3797 3798
f 3750 3749 3799
f 3749 3798 3799
f 3751 3750 3800
f 3750 3799 3800
f 3752 3751 3801
f 3751 3800 3801
f 3753 3752 3802
f 3752 3801 3802
f 3754 3753 3803
f 3753 3802 3803
f 3755 3754 3804
f 3754 3803 3804
f 3756 3755 3805
f 3755 3804 3805
f 3757 3756 3806
f 3756 3805 3806
f 3758 3757 3807
f 3757 3806 3807
f 3759 3758 3808
f 3758 3807 3808
f 3760 3759 3809
f 3759 3808 3809
f 3761 3760 3810
f 3760 3809 3810
f 3762 3761 3811
f 3761 3810 3811
f 3763 3762 3812
f 3762 3811 3812
f 3764 3763 3813
f 3763 3812 3813
f 3765 3764 3814
f 3764 3813 3814
f 3766 3765 3815
f 3765 3814 3815
f 3767 3766 3816
f 3766 3815 3816
f 3768 3767 3817
f 3767 3816 3817
f 3769 3768 3818
f 3768 3817 3818
f 3770 3769 3819
f 3769 3818 3819
f 3771 3770 3820
f 3770 3819 3820
f 3772 3771 3821
f 3771 3820 3821
f 3773 3772 3822
f 3772 3821 3822
f 3774 3773 3823
f 3773 3822 3823
f 3775 3774 3824
f 3774 3823 3824
f 3776 3775 3825
f 3775 3824 3825
f 3778 3777 3827
f 3777 3826 3827
f 3779 3778 3828
f 3778 3827 3828
f 3780 3779 3829
f 3779 3828 3829
f 3781 3780 3830
f 3780 3829 3830
f 3782 3781 3831
f 3781 3830 3831
f 3783 3782 3832
f 3782 3831 3832
f 3784 3783 3833
f 3783 3832 3833
f 3785 3784 3834
f 3784 3833 3834
f 3786 3785 3835
f 3785 3834 3835
f 3787 3786 3836
f 3786 3835 3836
f 3788 3787 3837
f 3787 3836 3837
f 3789 3788 3838
f 3788 3837 3838
f 3790 3789 3839
f 3789 3838 3839
f 3791 3790 3840
f 3790 3839 3840
f 3792 3791 3841
f 3791 3840 3841
f 3793 3792 3842
f 3792 3841 3842
f 3794 3793 3843
f 3793 3842 3843
f 3795 3794 3844
f 3794 3843 3844
f 3796 3795 3845
f 3795 3844 3845
f 3797 3796 3846
f 3796 3845 3846
f 3798 3797 3847
f 3797 3846 3847
f 3799 3798 3848
f 3798 3847 3848
f 3800 3799 3849
f 3799 3848 3849
f 3801 3800 3850
f 3800 3849 3850
f 3802 3801 3851
f 3801 3850 3851
f 3803 3802 3852
f 3802 3851 3852
f 3804 3803 3853
f 3803 3852 3853
f 3805 3804 3854
f 3804 3853 3854
f 3806 3805 3855
f 3805 3854 3855
f 3807 3806 3856
f 3806 3855 3856
f 3808 3807 3857
f 3807 3856 3857
f 3809 3808 3858
f 3808 3857 3858
f 3810 3809 3859
f 3809 3858 3859
f 3811 3810 3860
f 3810 3859 3860
f 3812 3811 3861
f 3811 3860 3861
f 3813 3812 3862
f 3812 3861 3862
f 3814 3813 3863
f 3813 3862 3863
f 3815 3814 3864
f 3814 3863 3864
f 3816 3815 3865
f 3815 3864 3865
f 3817 3816 3866
f 3816 3865 3866
f 3818 3817 3867
f 3817 3866 3867
f 3819 3818 3868
f 3818 3867 3868
f 3820 3819 3869
f 3819 3868 3869
f 3821 3820 3870
f 3820 3869 3870
f 3822 3821 3871
f 3821 3870 3871
f 3823 3822 3872
f 3822 3871 3872
f 3824 3823 3873
f 3823 3872 3873
f 3825 3824 3874
f 3824 3873 3874
f 3827 3826 3876
f 3826 3875 3876
f 3828 3827 3877
f 3827 3876 3877
f 3829 3828 3878
f 3828 3877 3878
f 3830 3829 3879
f 3829 3878 3879
f 3831 3830 3880
f 3830 3879 3880
f 3832 3831 3881
f 3831 3880 3881
f 3833 3832 3882
f 3832 3881 3882
f 3834 3833 3883
f 3833 3882 3883
f 3835 3834 3884
f 3834 3883 3884
f 3836 3835 3885
f 3835 3884 3885
f 3837 3836 3886
f 3836 3885 3886
f 3838 3837 3887
f 3837 3886 3887
f 3839 3838 3888
f 3838 3887 3888
f 3840 3839 3889
f 3839 3888 3889
f 3841 3840 3890
f 3840 3889 3890
f 3842 3841 3891
f 3841 3890 3891
f 3843 3842 3892
f 3842 3891 3892
f 3844 3843 3893
f 3843 3892 3893
f 3845 3844 3894
f 3844 3893 3894
f 3846 3845 3895
f 3845 3894 3895
f 3847 3846 3896
f 3846 3895 3896
f 3848 3847 3897
f 3847 3896 3897
f 3849 3848 3898
f 3848 3897 3898
f 3850 3849 3899
f 3849 3898 3899
f 3851 3850 3900
f 3850 3899 3900
f 3852 3851 3901
f 3851 3900 3901
f 3853 3852 3902
f 3852 3901 3902
f 3854 3853 3903
f 3853 3902 3903
f 3855 3854 3904
f 3854 3903 3904
f 3856 3855 3905
f 3855 3904 3905
f 3857 3856 3906
f 3856 3905 3906
f 3858 3857 3907
f 3857 3906 3907
f 3859 3858 3908
f 3858 3907 3908
f 3860 3859 3909
f 3859 3908 3909
f 3861 3860 3910
f 3860 3909 3910
f 3862 3861 3911
f 3861 3910 3911
f 3863 3862 3912
f 3862 3911 3912
f 3864 3863 3913
f 3863 3912 3913
f 3865 3864 3914
f 3864 3913 3914
f 3866 3865 3915
f 3865 3914 3915
f 3867 3866 3916
f 3866 3915 3916
f 3868 3867 3917
f 3867 3916 3917
f 3869 3868 3918
f 3868 3917 3918
f 3870 3869 3919
f 3869 3918 3919
f 3871 3870 3920
f 3870 3919 3920
f 3872 3871 3921
f 3871 3920 3921
f 3873 3872 3922
f 3872 3921 3922
f 3874 3873 3923
f 3873 3922 3923
f 3876 3875 3925
f 3875 3924 3925
f 3877 3876 3926
f 3876 3925 3926
f 3878 3877 3927
f 3877 3926 3927
f 3879 3878 3928
f 3878 3927 3928
f 3880 3879 3929
f 3879 3928 3929
f 3881 3880 3930
f 3880 3929 3930
f 3882 3881 3931
f 3881 3930 3931
f 3883 3882 3932
f 3882 3931 3932
f 3884 3883 3933
f 3883 3932 3933
f 3885 3884 3934
f 3884 3933 3934
f 3886 3885 3935
f 3885 3934 3935
f 3887 3886 3936
f 3886 3935 3936
f 3888 3887 3937
f 3887 3936 3937
f 3889 3888 3938
f 3888 3937 3938
f 3890 3889 3939
f 3889 3938 3939
f 3891 3890 3940
f 3890 3939 3940
f 3892 3891 3941
f 3891 3940 3941
f 3893 3892 3942
f 3892 3941 3942
f 3894 3893 3943
f 3893 3942 3943
f 3895 3894 3944
f 3894 3943 3944
f 3896 3895 3945
f 3895 3944 3945
f 3897 3896 3946
f 3896 3945 3946
f 3898 3897 3947
f 3897 3946 3947
f 3899 3898 3948
f 3898 3947 3948
f 3900 3899 3949
f 3899 3948 3949
f 3901 3900 3950
f 3900 3949 3950
f 3902 3901 3951
f 3901 3950 3951
f 3903 3902 3952
f 3902 3951 3952
f 3904 3903 3953
f 3903 3952 3953
f 3905 3904 3954
f 3904 3953 3954
f 3906 3905 3955
f 3905 3954 3955
f 3907 3906 3956
f 3906 3955 3956
f 3908 3907 3957
f 3907 3956 3957
f 3909 3908 3958
f 3908 3957 3958
f 3910 3909 3959
f 3909 3958 3959
f 3911 3910 3960
f 3910 3959 3960
f 3912 3911 3961
f 3911 3960 3961
f 3913 3912 3962
f 3912 3961 3962
f 3914 3913 3963
f 3913 3962 3963
f 3915 3914 3964
f 3914 3963 3964
f 3916 3915 3965
f 3915 3964 3965
f 3917 3916 3966
f 3916 3965 3966
f 3918 3917 3967
f 3917 3966 3967
f 3919 3918 3968
f 3918 3967 3968
f 3920 3919 3969
f 3919 3968 3969
f 3921 3920 3970
f 3920 3969 3970
f 3922 3921 3971
f 3921 3970 3971
f 3923 3922 3972
f 3922 3971 3972
f 3925 3924 3974
f 3924 3973 3974
f 3926 3925 3975
f 3925 3974 3975
f 3927 3926 3976
f 3926 3975 3976
f 3928 3927 3977
f 3927 3976 3977
f 3929 3928 3978
f 3928 3977 3978
f 3930 3929 3979
f 3929 3978 3979
f 3931 3930 3980
f 3930 3979 3980
f 3932 3931 3981
f 3931 3980 3981
f 3933 3932 3982
f 3932 3981 3982
f 3934 3933 3983
f 3933 3982 3983
f 3935 3934 3984
f 3934 3983 3984
f 3936 3935 3985
f 3935 3984 3985
f 3937 3936 3986
f 3936 3985 3986
f 3938 3937 3987
f 3937 3986 3987
f 3939 3938 3988
f 3938 3987 3988
f 3940 3939 3989
f 3939 3988 3989
f 3941 3940 3990
f 3940 3989 3990
f 3942 3941 3991
f 3941 3990 3991
f 3943 3942 3992
f 3942 3991 3992
f 3944 3943 3993
f 3943 3992 3993
f 3945 3944 3994
f 3944 3993 3994
f 3946 3945 3995
f 3945 3994 3995
f 3947 3946 3996
f 3946 3995 3996
f 3948 3947 3997
f 3947 3996 3997
f 3949 3948 3998
f 3948 3997 3998
f 3950 3949 3999
f 3949 3998 3999
f 3951 3950 4000
f 3950 3999 4000
f 3952 3951 4001
f 3951 4000 4001
f 3953 3952 4002
f 3952 4001 4002
f 3954 3953 4003
f 3953 4002 4003
f 3955 3954 4004
f 3954 4003 4004
f 3956 3955 4005
f 3955 4004 4005
f 3957 3956 4006
f 3956 4005 4006
f 3958 3957 4007
f 3957 4006 4007
f 3959 3958 4008
f 3958 4007 4008
f 3960 3959 4009
f 3959 4008 4009
f 3961 3960 4010
f 3960 4009 4010
f 3962 3961 4011
f 3961 4010 4011
f 3963 3962 4012
f 3962 4011 4012
f 3964 3963 4013
f 3963 4012 4013
f 3965 3964 4014
f 3964 4013 4014
f 3966 3965 4015
f 3965 4014 4015
f 3967 3966 4016
f 3966 4015 4016
f 3968 3967 4017
f 3967 4016 4017
f 3969 3968 4018
f 3968 4017 4018
f 3970 3969 4019
f 3969 4018 4019
f 3971 3970 4020
f 3970 4019 4020
f 3972 3971 4021
f 3971 4020 4021
f 3974 3973 4023
f 3973 4022 4023
f 3975 3974 4024
f 3974 4023 4024
f 3976 3975 4025
f 3975 4024 4025
f 3977 3976 4026
f 3976 4025 4026
f 3978 3977 4027
f 3977 4026 4027
f 3979 3978 4028
f 3978 4027 4028
f 3980 3979 4029
f 3979 4028 4029
f 3981 3980 4030
f 3980 4029 4030
f 3982 3981 4031
f 3981 4030 4031
f 3983 3982 4032
f 3982 4031 4032
f 3984 3983 4033
f 3983 4032 4033
f 3985 3984 4034
f 3984 4033 4034
f 3986 3985 4035
f 3985 4034 4035
f 3987 3986 4036
f 3986 4035 4036
f 3988 3987 4037
f 3987 4036 4037
f 3989 3988 4038
f 3988 4037 4038
f 3990 3989 4039
f 3989 4038 4039
f 3991 3990 4040
f 3990 4039 4040
f 3992 3991 4041
f 3991 4040 4041
f 3993 3992 4042
f 3992 4041 4042
f 3994 3993 4043
f 3993 4042 4043
f 3995 3994 4044
f 3994 4043 4044
f 3996 3995 4045
f 3995 4044 4045
f 3997 3996 4046
f 3996 4045 4046
f 3998 3997 4047
f 3997 4046 4047
f 3999 3998 4048
f 3998 4047 4048
f 4000 3999 4049
f 3999 4048 4049
f 4001 4000 4050
f 4000 4049 4050
f 4002 4001 4051
f 4001 4050 4051
f 4003 4002 4052
f 4002 4051 4052
f 4004 4003 4053
f 4003 4052 4053
f 4005 4004 4054
f 4004 4053 4054
f 4006 4005 4055
f 4005 4054 4055
f 4007 4006 4056
f 4006 4055 4056
f 4008 4007 4057
f 4007 4056 4057
f 4009 4008 4058
f 4008 4057 4058
f 4010 4009 4059
f 4009 4058 4059
f 4011 4010 4060
f 4010 4059 4060
f 4012 4011 4061
f 4011 4060 4061
f 4013 4012 4062
f 4012 4061 4062
f 4014 4013 4063
f 4013 4062 4063
f 4015 4014 4064
f 4014 4063 4064
f 4016 4015 4065
f 4015 4064 4065
f 4017 4016 4066
f 4016 4065 4066
f 4018 4017 4067
f 4017 4066 4067
f 4019 4018 4068
f 4018 4067 4068
f 4020 4019 4069
f 4019 4068 4069
f 4021 4020 4070
f 4020 4069 4070
f 4023 4022 4072
f 4022 4071 4072
f 4024 4023 4073
f 4023 4072 4073
f 4025 4024 4074
f 4024 4073 4074
f 4026 4025 4075
f 4025 4074 4075
f 4027 4026 4076
f 4026 4075 4076
f 4028 4027 4077
f 4027 4076 4077
f 4029 4028 4078
f 4028 4077 4078
f 4030 4029 4079
f 4029 4078 4079
f 4031 4030 4080
f 4030 4079 4080
f 4032 4031 4081
f 4031 4080 4081
f 4033 4032 4082
f 4032 4081 4082
f 4034 4033 4083
f 4033 4082 4083
f 4035 4034 4084
f 4034 4083 4084
f 4036 4035 4085
f 4035 4084 4085
f 4037 4036 4086
f 4036 4085 4086
f 4038 4037 4087
f 4037 4086 4087
f 4039 4038 4088
f 4038 4087 4088
f 4040 4039 4089
f 4039 4088 4089
f 4041 4040 4090
f 4040 4089 4090
f 4042 4041 4091
f 4041 4090 4091
f 4043 4042 4092
f 4042 4091 4092
f 4044 4043 4093
f 4043 4092 4093
f 4045 4044 4094
f 4044 4093 4094
f 4046 4045 4095
f 4045 4094 4095
f 4047 4046 4096
f 4046 4095 4096
f 4048 4047 4097
f 4047 4096 4097
f 4049 4048 4098
f 4048 4097 4098
f 4050 4049 4099
f 4049 4098 4099
f 4051 4050 4100
f 4050 4099 4100
f 4052 4051 4101
f 4051 4100 4101
f 4053 4052 4102
f 4052 4101 4102
f 4054 4053 4103
f 4053 4102 4103
f 4055 4054 4104
f 4054 4103 4104
f 4056 4055 4105
f 4055 4104 4105
f 4057 4056 4106
f 4056 4105 4106
f 4058 4057 4107
f 4057 4106 4107
f 4059 4058 4108
f 4058 4107 4108
f 4060 4059 4109
f 4059 4108 4109
f 4061 4060 4110
f 4060 4109 4110
f 4062 4061 4111
f 4061 4110 4111
f 4063 4062 4112
f 4062 4111 4112
f 4064 4063 4113
f 4063 4112 4113
f 4065 4064 4114
f 4064 4113 4114
f 4066 4065 4115
f 4065 4114 4115
f 4067 4066 4116
f 4066 4115 4116
f 4068 4067 4117
f 4067 4116 4117
f 4069 4068 4118
f 4068 4117 4118
f 4070 4069 4119
f 4069 4118 4119
f 4072 4071 4121
f 4071 4120 4121
f 4073 4072 4122
f 4072 4121 4122
f 4074 4073 4123
f 4073 4122 4123
f 4075 4074 4124
f 4074 4123 4124
f 4076 4075 4125
f 4075 4124 4125
f 4077 4076 4126
f 4076 4125 4126
f 4078 4077 4127
f 4077 4126 4127
f 4079 4078 4128
f 4078 4127 4128
f 4080 4079 4129
f 4079 4128 4129
f 4081 4080 4130
f 4080 4129 4130
f 4082 4081 4131
f 4081 4130 4131
f 4083 4082 4132
f 4082 4131 4132
f 4084 4083 4133
f 4083 4132 4133
f 4085 4084 4134
f 4084 4133 4134
f 4086 4085 4135
f 4085 4134 4135
f 4087 4086 4136
f 4086 4135 4136
f 4088 4087 4137
f 4087 4136 4137
f 4089 4088 4138
f 4088 4137 4138
f 4090 4089 4139
f 4089 4138 4139
f 4091 4090 4140
f 4090 4139 4140
f 4092 4091 4141
f 4091 4140 4141
f 4093 4092 4142
f 4092 4141 4142
f 4094 4093 4143
f 4093 4142 4143
f 4095 4094 4144
f 4094 4143 4144
f 4096 4095 4145
f 4095 4144 4145
f 4097 4096 4146
f 4096 4145 4146
f 4098 4097 4147
f 4097 4146 4147
f 4099 4098 4148
f 4098 4147 4148
f 4100 4099 4149
f 4099 4148 4149
f 4101 4100 4150
f 4100 4149 4150
f 4102 4101 4151
f 4101 4150 4151
f 4103 4102 4152
f 4102 4151 4152
f 4104 4103 4153
f 4103 4152 4153
f 4105 4104 4154
f 4104 4153 4154
f 4106 4105 4155
f 4105 4154 4155
f 4107 4106 4156
f 4106 4155 4156
f 4108 4107 4157
f 4107 4156 4157
f 4109 4108 4158
f 4108 4157 4158
f 4110 4109 4159
f 4109 4158 4159
f 4111 4110 4160
f 4110 4159 4160
f 4112 4111 4161
f 4111 4160 4161
f 4113 4112 4162
f 4112 4161 4162
f 4114 4113 4163
f 4113 4162 4163
f 4115 4114 4164
f 4114 4163 4164
f 4116 4115 4165
f 4115 4164 4165
f 4117 4116 4166
f 4116 4165 4166
f 4118 4117 4167
f 4117 4166 4167
f 4119 4118 4168
f 4118 4167 4168
f 4121 4120 4170
f 4120 4169 4170
f 4122 4121 4171
f 4121 4170 4171
f 4123 4122 4172
f 4122 4171 4172
f 4124 4123 4173
f 4123 4172 4173
f 4125 4124 4174
f 4124 4173 4174
f 4126 4125 4175
f 4125 4174 4175
f 4127 4126 4176
f 4126 4175 4176
f 4128 4127 4177
f 4127 4176 4177
f 4129 4128 4178
f 4128 4177 4178
f 4130 4129 4179
f 4129 4178 4179
f 4131 4130 4180
f 4130 4179 4180
f 4132 4131 4181
f 4131 4180 4181
f 4133 4132 4182
f 4132 4181 4182
f 4134 4133 4183
f 4133 4182 4183
f 4135 4134 4184
f 4134 4183 4184
f 4136 4135 4185
f 4135 4184 4185
f 4137 4136 4186
f 4136 4185 4186
f 4138 4137 4187
f 4137 4186 4187
f 4139 4138 4188
f 4138 4187 4188
f 4140 4139 4189
f 4139 4188 4189
f 4141 4140 4190
f 4140 4189 4190
f 4142 4141 4191
f 4141 4190 4191
f 4143 4142 4192
f 4142 4191 4192
f 4144 4143 4193
f 4143 4192 4193
f 4145 4144 4194
f 4144 4193 4194
f 4146 4145 4195
f 4145 4194 4195
f 4147 4146 4196
f 4146 4195 4196
f 4148 4147 4197
f 4147 4196 4197
f 4149 4148 4198
f 4148 4197 4198
f 4150 4149 4199
f 4149 4198 4199
f 4151 4150 4200
f 4150 4199 4200
f 4152 4151 4201
f 4151 4200 4201
f 4153 4152 4202
f 4152 4201 4202
f 4154 4153 4203
f 4153 4202 4203
f 4155 4154 4204
f 4154 4203 4204
f 4156 4155 4205
f 4155 4204 4205
f 4157 4156 4206
f 4156 4205 4206
f 4158 4157 4207
f 4157 4206 4207
f 4159 4158 4208
f 4158 4207 4208
f 4160 4159 4209
f 4159 4208 4209
f 4161 4160 4210
f 4160 4209 4210
f 4162 4161 4211
f 4161 4210 4211
f 4163 4162 4212
f 4162 4211 4212
f 4164 4163 4213
f 4163 4212 4213
f 4165 4164 4214
f 4164 4213 4214
f 4166 4165 4215
f 4165 4214 4215
f 4167 4166 4216
f 4166 4215 4216
f 4168 4167 4217
f 4167 4216 4217
f 4170 4169 4219
f 4169 4218 4219
f 4171 4170 4220
f 4170 4219 4220
f 4172 4171 4221
f 4171 4220 4221
f 4173 4172 4222
f 4172 4221 4222
f 4174 4173 4223
f 4173 4222 4223
f 4175 4174 4224
f 4174 4223 4224
f 4176 4175 4225
f 4175 4224 4225
f 4177 4176 4226
f 4176 4225 4226
f 4178 4177 4227
f 4177 4226 4227
f 4179 4178 4228
f 4178 4227 4228
f 4180 4179 4229
f 4179 4228 4229
f 4181 4180 4230
f 4180 4229 4230
f 4182 4181 4231
f 4181 4230 4231
f 4183 4182 4232
f 4182 4231 4232
f 4184 4183 4233
f 4183 4232 4233
f 4185 4184 4234
f 4184 4233 4234
f 4186 4185 4235
f 4185 4234 4235
f 4187 4186 4236
f 4186 4235 4236
f 4188 4187 4237
f 4187 4236 4237
f 4189 4188 4238
f 4188 4237 4238
f 4190 4189 4239
f 4189 4238 4239
f 4191 4190 4240
f 4190 4239 4240
f 4192 4191 4241
f 4191 4240 4241
f 4193 4192 4242
f 4192 4241 4242
f 4194 4193 4243
f 4193 4242 4243
f 4195 4194 4244
f 4194 4243 4244
f 4196 4195 4245
f 4195 4244 4245
f 4197 4196 4246
f 4196 4245 4246
f 4198 4197 4247
f 4197 4246 4247
f 4199 4198 4248
f 4198 4247 4248
f 4200 4199 4249
f 4199 4248 4249
f 4201 4200 4250
f 4200 4249 4250
f 4202 4201 4251
f 4201 4250 4251
f 4203 4202 4252
f 4202 4251 4252
f 4204 4203 4253
f 4203 4252 4253
f 4205 4204 4254
f 4204 4253 4254
f 4206 4205 4255
f 4205 4254 4255
f 4207 4206 4256
f 4206 4255 4256
f 4208 4207 4257
f 4207 4256 4257
f 4209 4208 4258
f 4208 4257 4258
f 4210 4209 4259
f 4209 4258 4259
f 4211 4210 4260
f 4210 4259 4260
f 4212 4211 4261
f 4211 4260 4261
f 4213 4212 4262
f 4212 4261 4262
f 4214 4213 4263
f 4213 4262 4263
f 4215 4214 4264
f 4214 4263 4264
f 4216 4215 4265
f 4215 4264 4265
f 4217 4216 4266
f 4216 4265 4266
f 4219 4218 4268
f 4218 4267 4268
f 4220 4219 4269
f 4219 4268 4269
f 4221 4220 4270
f 4220 4269 4270
f 4222 4221 4271
f 4221 4270 4271
f 4223 4222 4272
f 4222 4271 4272
f 4224 4223 4273
f 4223 4272 4273
f 4225 4224 4274
f 4224 4273 4274
f 4226 4225 4275
f 4225 4274 4275
f 4227 4226 4276
f 4226 4275 4276
f 4228 4227 4277
f 4227 4276 4277
f 4229 4228 4278
f 4228 4277 4278
f 4230 4229 4279
f 4229 4278 4279
f 4231 4230 4280
f 4230 4279 4280
f 4232 4231 4281
f 4231 4280 4281
f 4233 4232 4282
f 4232 4281 4282
f 4234 4233 4283
f 4233 4282 4283
f 4235 4234 4284
f 4234 4283 4284
f 4236 4235 4285
f 4235 4284 4285
f 4237 4236 4286
f 4236 4285 4286
f 4238 4237 4287
f 4237 4286 4287
f 4239 4238 4288
f 4238 4287 4288
f 4240 4239 4289
f 4239 4288 4289
f 4241 4240 4290
f 4240 4289 4290
f 4242 4241 4291
f 4241 4290 4291
f 4243 4242 4292
f 4242 4291 4292
f 4244 4243 4293
f 4243 4292 4293
f 4245 4244 4294
f 4244 4293 4294
f 4246 4245 4295
f 4245 4294 4295
f 4247 4246 4296
f 4246 4295 4296
f 4248 4247 4297
f 4247 4296 4297
f 4249 4248 4298
f 4248 4297 4298
f 4250 4249 4299
f 4249 4298 4299
f 4251 4250 4300
f 4250 4299 4300
f 4252 4251 4301
f 4251 4300 4301
f 4253 4252 4302
f 4252 4301 4302
f 4254 4253 4303
f 4253 4302 4303
f 4255 4254 4304
f 4254 4303 4304
f 4256 4255 4305
f 4255 4304 4305
f 4257 4256 4306
f 4256 4305 4306
f 4258 4257 4307
f 4257 4306 4307
f 4259 4258 4308
f 4258 4307 4308
f 4260 4259 4309
f 4259 4308 4309
f 4261 4260 4310
f 4260 4309 4310
f 4262 4261 4311
f 4261 4310 4311
f 4263 4262 4312
f 4262 4311 4312
f 4264 4263 4313
f 4263 4312 4313
f 4265 4264 4314
f 4264 4313 4314
f 4266 4265 4315
f 4265 4314 4315
f 4268 4267 4317
f 4267 4316 4317
f 4269 4268 4318
f 4268 4317 4318
f 4270 4269 4319
f 4269 4318 4319
f 4271 4270 4320
f 4270 4319 4320
f 4272 4271 4321
f 4271 4320 4321
f 4273 4272 4322
f 4272 4321 4322
f 4274 4273 4323
f 4273 4322 4323
f 4275 4274 4324
f 4274 4323 4324
f 4276 4275 4325
f 4275 4324 4325
f 4277 4276 4326
f 4276 4325 4326
f 4278 4277 4327
f 4277 4326 4327
f 4279 4278 4328
f 4278 4327 4328
f 4280 4279 4329
f 4279 4328 4329
f 4281 4280 4330
f 4280 4329 4330
f 4282 4281 4331
f 4281 4330 4331
f 4283 4282 4332
f 4282 4331 4332
f 4284 4283 4333
f 4283 4332 4333
f 4285 4284 4334
f 4284 4333 4334
f 4286 4285 4335
f 4285 4334 4335
f 4287 4286 4336
f 4286 4335 4336
f 4288 4287 4337
f 4287 4336 4337
f 4289 4288 4338
f 4288 4337 4338
f 4290 4289 4339
f 4289 4338 4339
f 4291 4290 4340
f 4290 4339 4340
f 4292 4291 4341
f 4291 4340 4341
f 4293 4292 4342
f 4292 4341 4342
f 4294 4293 4343
f 4293 4342 4343
f 4295 4294 4344
f 4294 4343 4344
f 4296 4295 4345
f 4295 4344 4345
f 4297 4296 4346
f 4296 4345 4346
f 4298 4297 4347
f 4297 4346 4347
f 4299 4298 4348
f 4298 4347 4348
f 4300 4299 4349
f 4299 4348 4349
f 4301 4300 4350
f 4300 4349 4350
f 4302 4301 4351
f 4301 4350 4351
f 4303 4302 4352
f 4302 4351 4352
f 4304 4303 4353
f 4303 4352 4353
f 4305 4304 4354
f 4304 4353 4354
f 4306 4305 4355
f 4305 4354 4355
f 4307 4306 4356
f 4306 4355 4356
f 4308 4307 4357
f 4307 4356 4357
f 4309 4308 4358
f 4308 4357 4358
f 4310 4309 4359
f 4309 4358 4359
f 4311 4310 4360
f 4310 4359 4360
f 4312 4311 4361
f 4311 4360 4361
f 4313 4312 4362
f 4312 4361 4362
f 4314 4313 4363
f 4313 4362 4363
f 4315 4314 4364
f 4314 4363 4364
f 4317 4316 4366
f 4316 4365 4366
f 4318 4317 4367
f 4317 4366 4367
f 4319 4318 4368
f 4318 4367 4368
f 4320 4319 4369
f 4319 4368 4369
f 4321 4320 4370
f 4320 4369 4370
f 4322 4321 4371
f 4321 4370 4371
f 4323 4322 4372
f 4322 4371 4372
f 4324 4323 4373
f 4323 4372 4373
f 4325 4324 4374
f 4324 4373 4374
f 4326 4325 4375
f 4325 4374 4375
f 4327 4326 4376
f 4326 4375 4376
f 4328 4327 4377
f 4327 4376 4377
f 4329 4328 4378
f 4328 4377 4378
f 4330 4329 4379
f 4329 4378 4379
f 4331 4330 4380
f 4330 4379 4380
f 4332 4331 4381
f 4331 4380 4381
f 4333 4332 4382
f 4332 4381 4382
f 4334 4333 4383
f 4333 4382 4383
f 4335 4334 4384
f 4334 4383 4384
f 4336 4335 4385
f 4335 4384 4385
f 4337 4336 4386
f 4336 4385 4386
f 4338 4337 4387
f 4337 4386 4387
f 4339 4338 4388
f 4338 4387 4388
f 4340 4339 4389
f 4339 4388 4389
f 4341 4340 4390
f 4340 4389 4390
f 4342 4341 4391
f 4341 4390 4391
f 4343 4342 4392
f 4342 4391 4392
f 4344 4343 4393
f 4343 4392 4393
f 4345 4344 4394
f 4344 4393 4394
f 4346 4345 4395
f 4345 4394 4395
f 4347 4346 4396
f 4346 4395 4396
f 4348 4347 4397
f 4347 4396 4397
f 4349 4348 4398
f 4348 4397 4398
f 4350 4349 4399
f 4349 4398 4399
f 4351 4350 4400
f 4350 4399 4400
f 4352 4351 4401
f 4351 4400 4401
f 4353 4352 4402
f 4352 4401 4402
f 4354 4353 4403
f 4353 4402 4403
f 4355 4354 4404
f 4354 4403 4404
f 4356 4355 4405
f 4355 4404 4405
f 4357 4356 4406
f 4356 4405 4406
f 4358 4357 4407
f 4357 4406 4407
f 4359 4358 4408
f 4358 4407 4408
f 4360 4359 4409
f 4359 4408 4409
f 4361 4360 4410
f 4360 4409 4410
f 4362 4361 4411
f 4361 4410 4411
f 4363 4362 4412
f 4362 4411 4412
f 4364 4363 4413
f 4363 4412 4413
f 4366 4365 4415
f 4365 4414 4415
f 4367 4366 4416
f 4366 4415 4416
f 4368 4367 4417
f 4367 4416 4417
f 4369 4368 4418
f 4368 4417 4418
f 4370 4369 4419
f 4369 4418 4419
f 4371 4370 4420
f 4370 4419 4420
f 4372 4371 4421
f 4371 4420 4421
f 4373 4372 4422
f 4372 4421 4422
f 4374 4373 4423
f 4373 4422 4423
f 4375 4374 4424
f 4374 4423 4424
f 4376 4375 4425
f 4375 4424 4425
f 4377 4376 4426
f 4376 4425 4426
f 4378 4377 4427
f 4377 4426 4427
f 4379 4378 4428
f 4378 4427 4428
f 4380 4379 4429
f 4379 4428 4429
f 4381 4380 4430
f 4380 4429 4430
f 4382 4381 4431
f 4381 4430 4431
f 4383 4382 4432
f 4382 4431 4432
f 4384 4383 4433
f 4383 4432 4433
f 4385 4384 4434
f 4384 4433 4434
f 4386 4385 4435
f 4385 4434 4435
f 4387 4386 4436
f 4386 4435 4436
f 4388 4387 4437
f 4387 4436 4437
f 4389 4388 4438
f 4388 4437 4438
f 4390 4389 4439
f 4389 4438 4439
f 4391 4390 4440
f 4390 4439 4440
f 4392 4391 4441
f 4391 4440 4441
f 4393 4392 4442
f 4392 4441 4442
f 4394 4393 4443
f 4393 4442 4443
f 4395 4394 4444
f 4394 4443 4444
f 4396 4395 4445
f 4395 4444 4445
f 4397 4396 4446
f 4396 4445 4446
f 4398 4397 4447
f 4397 4446 4447
f 4399 4398 4448
f 4398 4447 4448
f 4400 4399 4449
f 4399 4448 4449
f 4401 4400 4450
f 4400 4449 4450
f 4402 4401 4451
f 4401 4450 4451
f 4403 4402 4452
f 4402 4451 4452
f 4404 4403 4453
f 4403 4452 4453
f 4405 4404 4454
f 4404 4453 4454
f 4406 4405 4455
f 4405 4454 4455
f 4407 4406 4456
f 4406 4455 4456
f 4408 4407 4457
f 4407 4456 4457
f 4409 4408 4458
f 4408 4457 4458
f 4410 4409 4459
f 4409 4458 4459
f 4411 4410 4460
f 4410 4459 4460
f 4412 4411 4461
f 4411 4460 4461
f 4413 4412 4462
f 4412 4461 4462
f 4415 4414 4464
f 4414 4463 4464
f 4416 4415 4465
f 4415 4464 4465
f 4417 4416 4466
f 4416 4465 4466
f 4418 4417 4467
f 4417 4466 4467
f 4419 4418 4468
f 4418 4467 4468
f 4420 4419 4469
f 4419 4468 4469
f 4421 4420 4470
f 4420 4469 4470
f 4422 4421 4471
f 4421 4470 4471
f 4423 4422 4472
f 4422 4471 4472
f 4424 4423 4473
f 4423 4472 4473
f 4425 4424 4474
f 4424 4473 4474
f 4426 4425 4475
f 4425 4474 4475
f 4427 4426 4476
f 4426 4475 4476
f 4428 4427 4477
f 4427 4476 4477
f 4429 4428 4478
f 4428 4477 4478
f 4430 4429 4479
f 4429 4478 4479
f 4431 4430 4480
f 4430 4479 4480
f 4432 4431 4481
f 4431 4480 4481
f 4433 4432 4482
f 4432 4481 4482
f 4434 4433 4483
f 4433 4482 4483
f 4435 4434 4484
f 4434 4483 4484
f 4436 4435 4485
f 4435 4484 4485
f 4437 4436 4486
f 4436 4485 4486
f 4438 4437 4487
f 4437 4486 4487
f 4439 4438 4488
f 4438 4487 4488
f 4440 4439 4489
f 4439 4488 4489
f 4441 4440 4490
f 4440 4489 4490
f 4442 4441 4491
f 4441 4490 4491
f 4443 4442 4492
f 4442 4491 4492
f 4444 4443 4493
f 4443 4492 4493
f 4445 4444 4494
f 4444 4493 4494
f 4446 4445 4495
f 4445 4494 4495
f 4447 4446 4496
f 4446 4495 4496
f 4448 4447 4497
f 4447 4496 4497
f 4449 4448 4498
f 4448 4497 4498
f 4450 4449 4499
f 4449 4498 4499
f 4451 4450 4500
f 4450 4499 4500
f 4452 4451 4501
f 4451 4500 4501
f 4453 4452 4502
f 4452 4501 4502
f 4454 4453 4503
f 4453 4502 4503
f 4455 4454 4504
f 4454 4503 4504
f 4456 4455 4505
f 4455 4504 4505
f 4457 4456 4506
f 4456 4505 4506
f 4458 4457 4507
f 4457 4506 4507
f 4459 4458 4508
f 4458 4507 4508
f 4460 4459 4509
f 4459 4508 4509
f 4461 4460 4510
f 4460 4509 4510
f 4462 4461 4511
f 4461 4510 4511
f 4464 4463 4513
f 4463 4512 4513
f 4465 4464 4514
f 4464 4513 4514
f 4466 4465 4515
f 4465 4514 4515
f 4467 4466 4516
f 4466 4515 4516
f 4468 4467 4517
f 4467 4516 4517
f 4469 4468 4518
f 4468 4517 4518
f 4470 4469 4519
f 4469 4518 4519
f 4471 4470 4520
f 4470 4519 4520
f 4472 4471 4521
f 4471 4520 4521
f 4473 4472 4522
f 4472 4521 4522
f 4474 4473 4523
f 4473 4522 4523
f 4475 4474 4524
f 4474 4523 4524
f 4476 4475 4525
f 4475 4524 4525
f 4477 4476 4526
f 4476 4525 4526
f 4478 4477 4527
f 4477 4526 4527
f 4479 4478 4528
f 4478 4527 4528
f 4480 4479 4529
f 4479 4528 4529
f 4481 4480 4530
f 4480 4529 4530
f 4482 4481 4531
f 4481 4530 4531
f 4483 4482 4532
f 4482 4531 4532
f 4484 4483 4533
f 4483 4532 4533
f 4485 4484 4534
f 4484 4533 4534
f 4486 4485 4535
f 4485 4534 4535
f 4487 4486 4536
f 4486 4535 4536
f 4488 4487 4537
f 4487 4536 4537
f 4489 4488 4538
f 4488 4537 4538
f 4490 4489 4539
f 4489 4538 4539
f 4491 4490 4540
f 4490 4539 4540
f 4492 4491 4541
f 4491 4540 4541
f 4493 4492 4542
f 4492 4541 4542
f 4494 4493 4543
f 4493 4542 4543
f 4495 4494 4544
f 4494 4543 4544
f 4496 4495 4545
f 4495 4544 4545
f 4497 4496 4546
f 4496 4545 4546
f 4498 4497 4547
f 4497 4546 4547
f 4499 4498 4548
f 4498 4547 4548
f 4500 4499 4549
f 4499 4548 4549
f 4501 4500 4550
f 4500 4549 4550
f 4502 4501 4551
f 4501 4550 4551
f 4503 4502 4552
f 4502 4551 4552
f 4504 4503 4553
f 4503 4552 4553
f 4505 4504 4554
f 4504 4553 4554
f 4506 4505 4555
f 4505 4554 4555
f 4507 4506 4556
f 4506 4555 4556
f 4508 4507 4557
f 4507 4556 4557
f 4509 4508 4558
f 4508 4557 4558
f 4510 4509 4559
f 4509 4558 4559
f 4511 4510 4560
f 4510 4559 4560
f 4513 4512 4562
f 4512 4561 4562
f 4514 4513 4563
f 4513 4562 4563
f 4515 4514 4564
f 4514 4563 4564
f 4516 4515 4565
f 4515 4564 4565
f 4517 4516 4566
f 4516 4565 4566
f 4518 4517 4567
f 4517 4566 4567
f 4519 4518 4568
f 4518 4567 4568
f 4520 4519 4569
f 4519 4568 4569
f 4521 4520 4570
f 4520 4569 4570
f 4522 4521 4571
f 4521 4570 4571
f 4523 4522 4572
f 4522 4571 4572
f 4524 4523 4573
f 4523 4572 4573
f 4525 4524 4574
f 4524 4573 4574
f 4526 4525 4575
f 4525 4574 4575
f 4527 4526 4576
f 4526 4575 4576
f 4528 4527 4577
f 4527 4576 4577
f 4529 4528 4578
f 4528 4577 4578
f 4530 4529 4579
f 4529 4578 4579
f 4531 4530 4580
f 4530 4579 4580
f 4532 4531 4581
f 4531 4580 4581
f 4533 4532 4582
f 4532 4581 4582
f 4534 4533 4583
f 4533 4582 4583
f 4535 4534 4584
f 4534 4583 4584
f 4536 4535 4585
f 4535 4584 4585
f 4537 4536 4586
f 4536 4585 4586
f 4538 4537 4587
f 4537 4586 4587
f 4539 4538 4588
f 4538 4587 4588
f 4540 4539 4589
f 4539 4588 4589
f 4541 4540 4590
f 4540 4589 4590
f 4542 4541 4591
f 4541 4590 4591
f 4543 4542 4592
f 4542 4591 4592
f 4544 4543 4593
f 4543 4592 4593
f 4545 4544 4594
f 4544 4593 4594
f 4546 4545 4595
f 4545 4594 4595
f 4547 4546 4596
f 4546 4595 4596
f 4548 4547 4597
f 4547 4596 4597
f 4549 4548 4598
f 4548 4597 4598
f 4550 4549 4599
f 4549 4598 4599
f 4551 4550 4600
f 4550 4599 4600
f 4552 4551 4601
f 4551 4600 4601
f 4553 4552 4602
f 4552 4601 4602
f 4554 4553 4603
f 4553 4602 4603
f 4555 4554 4604
f 4554 4603 4604
f 4556 4555 4605
f 4555 4604 4605
f 4557 4556 4606
f 4556 4605 4606
f 4558 4557 4607
f 4557 4606 4607
f 4559 4558 4608
f 4558 4607 4608
f 4560 4559 4609
f 4559 4608 4609
f 4562 4561 4611
f 4561 4610 4611
f 4563 4562 4612
f 4562 4611 4612
f 4564 4563 4613
f 4563 4612 4613
f 4565 4564 4614
f 4564 4613 4614
f 4566 4565 4615
f 4565 4614 4615
f 4567 4566 4616
f 4566 4615 4616
f 4568 4567 4617
f 4567 4616 4617
f 4569 4568 4618
f 4568 4617 4618
f 4570 4569 4619
f 4569 4618 4619
f 4571 4570 4620
f 4570 4619 4620
f 4572 4571 4621
f 4571 4620 4621
f 4573 4572 4622
f 4572 4621 4622
f 4574 4573 4623
f 4573 4622 4623
f 4575 4574 4624
f 4574 4623 4624
f 4576 4575 4625
f 4575 4624 4625
f 4577 4576 4626
f 4576 4625 4626
f 4578 4577 4627
f 4577 4626 4627
f 4579 4578 4628
f 4578 4627 4628
f 4580 4579 4629
f 4579 4628 4629
f 4581 4580 4630
f 4580 4629 4630
f 4582 4581 4631
f 4581 4630 4631
f 4583 4582 4632
f 4582 4631 4632
f 4584 4583 4633
f 4583 4632 4633
f 4585 4584 4634
f 4584 4633 4634
f 4586 4585 4635
f 4585 4634 4635
f 4587 4586 4636
f 4586 4635 4636
f 4588 4587 4637
f 4587 4636 4637
f 4589 4588 4638
f 4588 4637 4638
f 4590 4589 4639
f 4589 4638 4639
f 4591 4590 4640
f 4590 4639 4640
f 4592 4591 4641
f 4591 4640 4641
f 4593 4592 4642
f 4592 4641 4642
f 4594 4593 4643
f 4593 4642 4643
f 4595 4594 4644
f 4594 4643 4644
f 4596 4595 4645
f 4595 4644 4645
f 4597 4596 4646
f 4596 4645 4646
f 4598 4597 4647
f 4597 4646 4647
f 4599 4598 4648
f 4598 4647 4648
f 4600 4599 4649
f 4599 4648 4649
f 4601 4600 4650
f 4600 4649 4650
f 4602 4601 4651
f 4601 4650 4651
f 4603 4602 4652
f 4602 4651 4652
f 4604 4603 4653
f 4603 4652 4653
f 4605 4604 4654
f 4604 4653 4654
f 4606 4605 4655
f 4605 4654 4655
f 4607 4606 4656
f 4606 4655 4656
f 4608 4607 4657
f 4607 4656 4657
f 4609 4608 4658
f 4608 4657 4658
f 4611 4610 4660
f 4610 4659 4660
f 4612 4611 4661
f 4611 4660 4661
f 4613 4612 4662
f 4612 4661 4662
f 4614 4613 4663
f 4613 4662 4663
f 4615 4614 4664
f 4614 4663 4664
f 4616 4615 4665
f 4615 4664 4665
f 4617 4616 4666
f 4616 4665 4666
f 4618 4617 4667
f 4617 4666 4667
f 4619 4618 4668
f 4618 4667 4668
f 4620 4619 4669
f 4619 4668 4669
f 4621 4620 4670
f 4620 4669 4670
f 4622 4621 4671
f 4621 4670 4671
f 4623 4622 4672
f 4622 4671 4672
f 4624 4623 4673
f 4623 4672 4673
f 4625 4624 4674
f 4624 4673 4674
f 4626 4625 4675
f 4625 4674 4675
f 4627 4626 4676
f 4626 4675 4676
f 4628 4627 4677
f 4627 4676 4677
f 4629 4628 4678
f 4628 4677 4678
f 4630 4629 4679
f 4629 4678 4679
f 4631 4630 4680
f 4630 4679 4680
f 4632 4631 4681
f 4631 4680 4681
f 4633 4632 4682
f 4632 4681 4682
f 4634 4633 4683
f 4633 4682 4683
f 4635 4634 4684
f 4634 4683 4684
f 4636 4635 4685
f 4635 4684 4685
f 4637 4636 4686
f 4636 4685 4686
f 4638 4637 4687
f 4637 4686 4687
f 4639 4638 4688
f 4638 4687 4688
f 4640 4639 4689
f 4639 4688 4689
f 4641 4640 4690
f 4640 4689 4690
f 4642 4641 4691
f 4641 4690 4691
f 4643 4642 4692
f 4642 4691 4692
f 4644 4643 4693
f 4643 4692 4693
f 4645 4644 4694
f 4644 4693 4694
f 4646 4645 4695
f 4645 4694 4695
f 4647 4646 4696
f 4646 4695 4696
f 4648 4647 4697
f 4647 4696 4697
f 4649 4648 4698
f 4648 4697 4698
f 4650 4649 4699
f 4649 4698 4699
f 4651 4650 4700
f 4650 4699 4700
f 4652 4651 4701
f 4651 4700 4701
f 4653 4652 4702
f 4652 4701 4702
f 4654 4653 4703
f 4653 4702 4703
f 4655 4654 4704
f 4654 4703 4704
f 4656 4655 4705
f 4655 4704 4705
f 4657 4656 4706
f 4656 4705 4706
f 4658 4657 4707
f 4657 4706 4707
f 4660 4659 4709
f 4659 4708 4709
f 4661 4660 4710
f 4660 4709 4710
f 4662 4661 4711
f 4661 4710 4711
f 4663 4662 4712
f 4662 4711 4712
f 4664 4663 4713
f 4663 4712 4713
f 4665 4664 4714
f 4664 4713 4714
f 4666 4665 4715
f 4665 4714 4715
f 4667 4666 4716
f 4666 4715 4716
f 4668 4667 4717
f 4667 4716 4717
f 4669 4668 4718
f 4668 4717 4718
f 4670 4669 4719
f 4669 4718 4719
f 4671 4670 4720
f 4670 4719 4720
f 4672 4671 4721
f 4671 4720 4721
f 4673 4672 4722
f 4672 4721 4722
f 4674 4673 4723
f 4673 4722 4723
f 4675 4674 4724
f 4674 4723 4724
f 4676 4675 4725
f 4675 4724 4725
f 4677 4676 4726
f 4676 4725 4726
f 4678 4677 4727
f 4677 4726 4727
f 4679 4678 4728
f 4678 4727 4728
f 4680 4679 4729
f 4679 4728 4729
f 4681 4680 4730
f 4680 4729 4730
f 4682 4681 4731
f 4681 4730 4731
f 4683 4682 4732
f 4682 4731 4732
f 4684 4683 4733
f 4683 4732 4733
f 4685 4684 4734
f 4684 4733 4734
f 4686 4685 4735
f 4685 4734 4735
f 4687 4686 4736
f 4686 4735 4736
f 4688 4687 4737
f 4687 4736 4737
f 4689 4688 4738
f 4688 4737 4738
f 4690 4689 4739
f 4689 4738 4739
f 4691 4690 4740
f 4690 4739 4740
f 4692 4691 4741
f 4691 4740 4741
f 4693 4692 4742
f 4692 4741 4742
f 4694 4693 4743
f 4693 4742 4743
f 4695 4694 4744
f 4694 4743 4744
f 4696 4695 4745
f 4695 4744 4745
f 4697 4696 4746
f 4696 4745 4746
f 4698 4697 4747
f 4697 4746 4747
f 4699 4698 4748
f 4698 4747 4748
f 4700 4699 4749
f 4699 4748 4749
f 4701 4700 4750
f 4700 4749 4750
f 4702 4701 4751
f 4701 4750 4751
f 4703 4702 4752
f 4702 4751 4752
f 4704 4703 4753
f 4703 4752 4753
f 4705 4704 4754
f 4704 4753 4754
f 4706 4705 4755
f 4705 4754 4755
f 4707 4706 4756
f 4706 4755 4756
f 4709 4708 4758
f 4708 4757 4758
f 4710 4709 4759
f 4709 4758 4759
f 4711 4710 4760
f 4710 4759 4760
f 4712 4711 4761
f 4711 4760 4761
f 4713 4712 4762
f 4712 4761 4762
f 4714 4713 4763
f 4713 4762 4763
f 4715 4714 4764
f 4714 4763 4764
f 4716 4715 4765
f 4715 4764 4765
f 4717 4716 4766
f 4716 4765 4766
f 4718 4717 4767
f 4717 4766 4767
f 4719 4718 4768
f 4718 4767 4768
f 4720 4719 4769
f 4719 4768 4769
f 4721 4720 4770
f 4720 4769 4770
f 4722 4721 4771
f 4721 4770 4771
f 4723 4722 4772
f 4722 4771 4772
f 4724 4723 4773
f 4723 4772 4773
f 4725 4724 4774
f 4724 4773 4774
f 4726 4725 4775
f 4725 4774 4775
f 4727 4726 4776
f 4726 4775 4776
f 4728 4727 4777
f 4727 4776 4777
f 4729 4728 4778
f 4728 4777 4778
f 4730 4729 4779
f 4729 4778 4779
f 4731 4730 4780
f 4730 4779 4780
f 4732 4731 4781
f 4731 4780 4781
f 4733 4732 4782
f 4732 4781 4782
f 4734 4733 4783
f 4733 4782 4783
f 4735 4734 4784
f 4734 4783 4784
f 4736 4735 4785
f 4735 4784 4785
f 4737 4736 4786
f 4736 4785 4786
f 4738 4737 4787
f 4737 4786 4787
f 4739 4738 4788
f 4738 4787 4788
f 4740 4739 4789
f 4739 4788 4789
f 4741 4740 4790
f 4740 4789 4790
f 4742 4741 4791
f 4741 4790 4791
f 4743 4742 4792
f 4742 4791 4792
f 4744 4743 4793
f 4743 4792 4793
f 4745 4744 4794
f 4744 4793 4794
f 4746 4745 4795
f 4745 4794 4795
f 4747 4746 4796
f 4746 4795 4796
f 4748 4747 4797
f 4747 4796 4797
f 4749 4748 4798
f 4748 4797 4798
f 4750 4749 4799
f 4749 4798 4799
f 4751 4750 4800
f 4750 4799 4800
f 4752 4751 4801
f 4751 4800 4801
f 4753 4752 4802
f 4752 4801 4802
f 4754 4753 4803
f 4753 4802 4803
f 4755 4754 4804
f 4754 4803 4804
f 4756 4755 4805
f 4755 4804 4805
f 4758 4757 4807
f 4757 4806 4807
f 4759 4758 4808
f 4758 4807 4808
f 4760 4759 4809
f 4759 4808 4809
f 4761 4760 4810
f 4760 4809 4810
f 4762 4761 4811
f 4761 4810 4811
f 4763 4762 4812
f 4762 4811 4812
f 4764 4763 4813
f 4763 4812 4813
f 4765 4764 4814
f 4764 4813 4814
f 4766 4765 4815
f 4765 4814 4815
f 4767 4766 4816
f 4766 4815 4816
f 4768 4767 4817
f 4767 4816 4817
f 4769 4768 4818
f 4768 4817 4818
f 4770 4769 4819
f 4769 4818 4819
f 4771 4770 4820
f 4770 4819 4820
f 4772 4771 4821
f 4771 4820 4821
f 4773 4772 4822
f 4772 4821 4822
f 4774 4773 4823
f 4773 4822 4823
f 4775 4774 4824
f 4774 4823 4824
f 4776 4775 4825
f 4775 4824 4825
f 4777 4776 4826
f 4776 4825 4826
f 4778 4777 4827
f 4777 4826 4827
f 4779 4778 4828
f 4778 4827 4828
f 4780 4779 4829
f 4779 4828 4829
f 4781 4780 4830
f 4780 4829 4830
f 4782 4781 4831
f 4781 4830 4831
f 4783 4782 4832
f 4782 4831 4832
f 4784 4783 4833
f 4783 4832 4833
f 4785 4784 4834
f 4784 4833 4834
f 4786 4785 4835
f 4785 4834 4835
f 4787 4786 4836
f 4786 4835 4836
f 4788 4787 4837
f 4787 4836 4837
f 4789 4788 4838
f 4788 4837 4838
f 4790 4789 4839
f 4789 4838 4839
f 4791 4790 4840
f 4790 4839 4840
f 4792 4791 4841
f 4791 4840 4841
f 4793 4792 4842
f 4792 4841 4842
f 4794 4793 4843
f 4793 4842 4843
f 4795 4794 4844
f 4794 4843 4844
f 4796 4795 4845
f 4795 4844 4845
f 4797 4796 4846
f 4796 4845 4846
f 4798 4797 4847
f 4797 4846 4847
f 4799 4798 4848
f 4798 4847 4848
f 4800 4799 4849
f 4799 4848 4849
f 4801 4800 4850
f 4800 4849 4850
f 4802 4801 4851
f 4801 4850 4851
f 4803 4802 4852
f 4802 4851 4852
f 4804 4803 4853
f 4803 4852 4853
f 4805 4804 4854
f 4804 4853 4854
f 4807 4806 4856
f 4806 4855 4856
f 4808 4807 4857
f 4807 4856 4857
f 4809 4808 4858
f 4808 4857 4858
f 4810 4809 4859
f 4809 4858 4859
f 4811 4810 4860
f 4810 4859 4860
f 4812 4811 4861
f 4811 4860 4861
f 4813 4812 4862
f 4812 4861 4862
f 4814 4813 4863
f 4813 4862 4863
f 4815 4814 4864
f 4814 4863 4864
f 4816 4815 4865
f 4815 4864 4865
f 4817 4816 4866
f 4816 4865 4866
f 4818 4817 4867
f 4817 4866 4867
f 4819 4818 4868
f 4818 4867 4868
f 4820 4819 4869
f 4819 4868 4869
f 4821 4820 4870
f 4820 4869 4870
f 4822 4821 4871
f 4821 4870 4871
f 4823 4822 4872
f 4822 4871 4872
f 4824 4823 4873
f 4823 4872 4873
f 4825 4824 4874
f 4824 4873 4874
f 4826 4825 4875
f 4825 4874 4875
f 4827 4826 4876
f 4826 4875 4876
f 4828 4827 4877
f 4827 4876 4877
f 4829 4828 4878
f 4828 4877 4878
f 4830 4829 4879
f 4829 4878 4879
f 4831 4830 4880
f 4830 4879 4880
f 4832 4831 4881
f 4831 4880 4881
f 4833 4832 4882
f 4832 4881 4882
f 4834 4833 4883
f 4833 4882 4883
f 4835 4834 4884
f 4834 4883 4884
f 4836 4835 4885
f 4835 4884 4885
f 4837 4836 4886
f 4836 4885 4886
f 4838 4837 4887
f 4837 4886 4887
f 4839 4838 4888
f 4838 4887 4888
f 4840 4839 4889
f 4839 4888 4889
f 4841 4840 4890
f 4840 4889 4890
f 4842 4841 4891
f 4841 4890 4891
f 4843 4842 4892
f 4842 4891 4892
f 4844 4843 4893
f 4843 4892 4893
f 4845 4844 4894
f 4844 4893 4894
f 4846 4845 4895
f 4845 4894 4895
f 4847 4846 4896
f 4846 4895 4896
f 4848 4847 4897
f 4847 4896 4897
f 4849 4848 4898
f 4848 4897 4898
f 4850 4849 4899
f 4849 4898 4899
f 4851 4850 4900
f 4850 4899 4900
f 4852 4851 4901
f 4851 4900 4901
f 4853 4852 4902
f 4852 4901 4902
f 4854 4853 4903
f 4853 4902 4903
f 4856 4855 4905
f 4855 4904 4905
f 4857 4856 4906
f 4856 4905 4906
f 4858 4857 4907
f 4857 4906 4907
f 4859 4858 4908
f 4858 4907 4908
f 4860 4859 4909
f 4859 4908 4909
f 4861 4860 4910
f 4860 4909 4910
f 4862 4861 4911
f 4861 4910 4911
f 4863 4862 4912
f 4862 4911 4912
f 4864 4863 4913
f 4863 4912 4913
f 4865 4864 4914
f 4864 4913 4914
f 4866 4865 4915
f 4865 4914 4915
f 4867 4866 4916
f 4866 4915 4916
f 4868 4867 4917
f 4867 4916 4917
f 4869 4868 4918
f 4868 4917 4918
f 4870 4869 4919
f 4869 4918 4919
f 4871 4870 4920
f 4870 4919 4920
f 4872 4871 4921
f 4871 4920 4921
f 4873 4872 4922
f 4872 4921 4922
f 4874 4873 4923
f 4873 4922 4923
f 4875 4874 4924
f 4874 4923 4924
f 4876 4875 4925
f 4875 4924 4925
f 4877 4876 4926
f 4876 4925 4926
f 4878 4877 4927
f 4877 4926 4927
f 4879 4878 4928
f 4878 4927 4928
f 4880 4879 4929
f 4879 4928 4929
f 4881 4880 4930
f 4880 4929 4930
f 4882 4881 4931
f 4881 4930 4931
f 4883 4882 4932
f 4882 4931 4932
f 4884 4883 4933
f 4883 4932 4933
f 4885 4884 4934
f 4884 4933 4934
f 4886 4885 4935
f 4885 4934 4935
f 4887 4886 4936
f 4886 4935 4936
f 4888 4887 4937
f 4887 4936 4937
f 4889 4888 4938
f 4888 4937 4938
f 4890 4889 4939
f 4889 4938 4939
f 4891 4890 4940
f 4890 4939 4940
f 4892 4891 4941
f 4891 4940 4941
f 4893 4892 4942
f 4892 4941 4942
f 4894 4893 4943
f 4893 4942 4943
f 4895 4894 4944
f 4894 4943 4944
f 4896 4895 4945
f 4895 4944 4945
f 4897 4896 4946
f 4896 4945 4946
f 4898 4897 4947
f 4897 4946 4947
f 4899 4898 4948
f 4898 4947 4948
f 4900 4899 4949
f 4899 4948 4949
f 4901 4900 4950
f 4900 4949 4950
f 4902 4901 4951
f 4901 4950 4951
f 4903 4902 4952
f 4902 4951 4952
f 4905 4904 4954
f 4904 4953 4954
f 4906 4905 4955
f 4905 4954 4955
f 4907 4906 4956
f 4906 4955 4956
f 4908 4907 4957
f 4907 4956 4957
f 4909 4908 4958
f 4908 4957 4958
f 4910 4909 4959
f 4909 4958 4959
f 4911 4910 4960
f 4910 4959 4960
f 4912 4911 4961
f 4911 4960 4961
f 4913 4912 4962
f 4912 4961 4962
f 4914 4913 4963
f 4913 4962 4963
f 4915 4914 4964
f 4914 4963 4964
f 4916 4915 4965
f 4915 4964 4965
f 4917 4916 4966
f 4916 4965 4966
f 4918 4917 4967
f 4917 4966 4967
f 4919 4918 4968
f 4918 4967 4968
f 4920 4919 4969
f 4919 4968 4969
f 4921 4920 4970
f 4920 4969 4970
f 4922 4921 4971
f 4921 4970 4971
f 4923 4922 4972
f 4922 4971 4972
f 4924 4923 4973
f 4923 4972 4973
f 4925 4924 4974
f 4924 4973 4974
f 4926 4925 4975
f 4925 4974 4975
f 4927 4926 4976
f 4926 4975 4976
f 4928 4927 4977
f 4927 4976 4977
f 4929 4928 4978
f 4928 4977 4978
f 4930 4929 4979
f 4929 4978 4979
f 4931 4930 4980
f 4930 4979 4980
f 4932 4931 4981
f 4931 4980 4981
f 4933 4932 4982
f 4932 4981 4982
f 4934 4933 4983
f 4933 4982 4983
f 4935 4934 4984
f 4934 4983 4984
f 4936 4935 4985
f 4935 4984 4985
f 4937 4936 4986
f 4936 4985 4986
f 4938 4937 4987
f 4937 4986 4987
f 4939 4938 4988
f 4938 4987 4988
f 4940 4939 4989
f 4939 4988 4989
f 4941 4940 4990
f 4940 4989 4990
f 4942 4941 4991
f 4941 4990 4991
f 4943 4942 4992
f 4942 4991 4992
f 4944 4943 4993
f 4943 4992 4993
f 4945 4944 4994
f 4944 4993 4994
f 4946 4945 4995
f 4945 4994 4995
f 4947 4946 4996
f 4946 4995 4996
f 4948 4947 4997
f 4947 4996 4997
f 4949 4948 4998
f 4948 4997 4998
f 4950 4949 4999
f 4949 4998 4999
f 4951 4950 5000
f 4950 4999 5000
f 4952 4951 5001
f 4951 5000 5001
f 4954 4953 5003
f 4955 4954 5004
f 4956 4955 5005
f 4957 4956 5006
f 4958 4957 5007
f 4959 4958 5008
f 4960 4959 5009
f 4961 4960 5010
f 4962 4961 5011
f 4963 4962 5012
f 4964 4963 5013
f 4965 4964 5014
f 4966 4965 5015
f 4967 4966 5016
f 4968 4967 5017
f 4969 4968 5018
f 4970 4969 5019
f 4971 4970 5020
f 4972 4971 5021
f 4973 4972 5022
f 4974 4973 5023
f 4975 4974 5024
f 4976 4975 5025
f 4977 4976 5026
f 4978 4977 5027
f 4979 4978 5028
f 4980 4979 5029
f 4981 4980 5030
f 4982 4981 5031
f 4983 4982 5032
f 4984 4983 5033
f 4985 4984 5034
f 4986 4985 5035
f 4987 4986 5036
f 4988 4987 5037
f 4989 4988 5038
f 4990 4989 5039
f 4991 4990 5040
f 4992 4991 5041
f 4993 4992 5042
f 4994 4993 5043
f 4995 4994 5044
f 4996 4995 5045
f 4997 4996 5046
f 4998 4997 5047
f 4999 4998 5048
f 5000 4999 5049
f 5001 5000 5050

