INFO: Instrumenting 3065 functions...
INFO: Using built-in libfuzzer
WARNING: Failed to find function "__sanitizer_acquire_crash_state".
WARNING: Failed to find function "__sanitizer_print_stack_trace".
WARNING: Failed to find function "__sanitizer_set_death_callback".
INFO: Running with entropic power schedule (0xFF, 100).
INFO: Seed: 2109498250
INFO: -max_len is not provided; libFuzzer will not generate inputs larger than 4096 bytes
INFO: A corpus is not provided, starting from an empty corpus
#2	INITED cov: 2 ft: 2 corp: 1/1b exec/s: 0 rss: 50Mb
#47	NEW    cov: 2465 ft: 2465 corp: 2/5b lim: 4 exec/s: 0 rss: 80Mb L: 4/4 MS: 5 CrossOver-InsertByte-ChangeBit-InsertByte-InsertByte-
#48	NEW    cov: 2486 ft: 2489 corp: 3/9b lim: 4 exec/s: 0 rss: 80Mb L: 4/4 MS: 1 CrossOver-
#49	NEW    cov: 2515 ft: 2714 corp: 4/13b lim: 4 exec/s: 0 rss: 80Mb L: 4/4 MS: 1 ChangeBinInt-
#51	NEW    cov: 2520 ft: 2724 corp: 5/17b lim: 4 exec/s: 0 rss: 80Mb L: 4/4 MS: 2 ChangeBit-CopyPart-
#64	NEW    cov: 2520 ft: 2741 corp: 6/21b lim: 4 exec/s: 0 rss: 80Mb L: 4/4 MS: 3 ShuffleBytes-ShuffleBytes-CopyPart-
#70	NEW    cov: 2522 ft: 2785 corp: 7/25b lim: 4 exec/s: 0 rss: 80Mb L: 4/4 MS: 1 CopyPart-
#76	NEW    cov: 2525 ft: 2788 corp: 8/29b lim: 4 exec/s: 0 rss: 80Mb L: 4/4 MS: 1 ChangeBinInt-
#82	NEW    cov: 2527 ft: 2792 corp: 9/33b lim: 4 exec/s: 0 rss: 80Mb L: 4/4 MS: 1 ChangeByte-
#86	NEW    cov: 2528 ft: 2793 corp: 10/37b lim: 4 exec/s: 0 rss: 80Mb L: 4/4 MS: 4 ShuffleBytes-ChangeBinInt-CopyPart-CopyPart-
#87	NEW    cov: 2528 ft: 2795 corp: 11/41b lim: 4 exec/s: 0 rss: 80Mb L: 4/4 MS: 1 CMP- DE: "\000\000\000\000"-
#95	NEW    cov: 2531 ft: 2802 corp: 12/45b lim: 4 exec/s: 0 rss: 80Mb L: 4/4 MS: 3 ShuffleBytes-ChangeBinInt-CrossOver-
#103	NEW    cov: 2531 ft: 2814 corp: 13/49b lim: 4 exec/s: 0 rss: 80Mb L: 4/4 MS: 3 ChangeByte-CMP-ChangeBinInt- DE: "\001\000"-
#124	NEW    cov: 2532 ft: 2815 corp: 14/53b lim: 4 exec/s: 0 rss: 80Mb L: 4/4 MS: 1 PersAutoDict- DE: "\001\000"-
#134	NEW    cov: 2532 ft: 2816 corp: 15/57b lim: 4 exec/s: 0 rss: 80Mb L: 4/4 MS: 5 ShuffleBytes-ChangeByte-ChangeBit-ChangeByte-PersAutoDict- DE: "\001\000"-
#138	NEW    cov: 2532 ft: 2820 corp: 16/61b lim: 4 exec/s: 0 rss: 80Mb L: 4/4 MS: 4 ChangeBit-CrossOver-CrossOver-ChangeByte-
#139	NEW    cov: 2532 ft: 2821 corp: 17/65b lim: 4 exec/s: 0 rss: 80Mb L: 4/4 MS: 1 PersAutoDict- DE: "\001\000"-
#190	NEW    cov: 2559 ft: 2848 corp: 18/69b lim: 4 exec/s: 0 rss: 80Mb L: 4/4 MS: 1 ChangeByte-
#238	NEW    cov: 2559 ft: 2870 corp: 19/73b lim: 4 exec/s: 0 rss: 80Mb L: 4/4 MS: 3 ChangeBinInt-CrossOver-CopyPart-
/app/ipython/IPython/core/inputtransformer2.py:608: UserWarning: `make_tokens_by_line` received a list of lines which do not have lineending markers ('\n', '\r', '\r\n', '\x0b', '\x0c'), behavior will be unspecified
  tokens_by_line = make_tokens_by_line(lines)
#280	NEW    cov: 2593 ft: 2920 corp: 20/77b lim: 4 exec/s: 0 rss: 80Mb L: 4/4 MS: 2 ChangeBit-ChangeBinInt-
/app/ipython/IPython/core/inputtransformer2.py:608: UserWarning: `make_tokens_by_line` received a list of lines which do not have lineending markers ('\n', '\r', '\r\n', '\x0b', '\x0c'), behavior will be unspecified
  tokens_by_line = make_tokens_by_line(lines)
#361	NEW    cov: 2595 ft: 2922 corp: 21/81b lim: 4 exec/s: 0 rss: 80Mb L: 4/4 MS: 1 ChangeByte-
/app/ipython/IPython/core/inputtransformer2.py:608: UserWarning: `make_tokens_by_line` received a list of lines which do not have lineending markers ('\n', '\r', '\r\n', '\x0b', '\x0c'), behavior will be unspecified
  tokens_by_line = make_tokens_by_line(lines)
#422	NEW    cov: 2600 ft: 2969 corp: 22/85b lim: 4 exec/s: 0 rss: 80Mb L: 4/4 MS: 1 ChangeBit-
#438	NEW    cov: 2600 ft: 2972 corp: 23/89b lim: 4 exec/s: 0 rss: 80Mb L: 4/4 MS: 1 ChangeByte-
#450	NEW    cov: 2600 ft: 3155 corp: 24/93b lim: 4 exec/s: 0 rss: 80Mb L: 4/4 MS: 2 ChangeBit-ShuffleBytes-
#544	NEW    cov: 2603 ft: 3161 corp: 25/97b lim: 4 exec/s: 0 rss: 80Mb L: 4/4 MS: 4 PersAutoDict-ChangeByte-ChangeBinInt-ChangeBinInt- DE: "\001\000"-
#550	NEW    cov: 2603 ft: 3163 corp: 26/101b lim: 4 exec/s: 0 rss: 80Mb L: 4/4 MS: 1 ChangeBit-
#564	NEW    cov: 2603 ft: 3164 corp: 27/105b lim: 4 exec/s: 0 rss: 80Mb L: 4/4 MS: 4 CopyPart-EraseBytes-CrossOver-InsertByte-
/app/ipython/IPython/core/inputtransformer2.py:608: UserWarning: `make_tokens_by_line` received a list of lines which do not have lineending markers ('\n', '\r', '\r\n', '\x0b', '\x0c'), behavior will be unspecified
  tokens_by_line = make_tokens_by_line(lines)
/app/ipython/IPython/core/inputtransformer2.py:714: UserWarning: `make_tokens_by_line` received a list of lines which do not have lineending markers ('\n', '\r', '\r\n', '\x0b', '\x0c'), behavior will be unspecified
  tokens_by_line = make_tokens_by_line(lines)
#565	NEW    cov: 2603 ft: 3196 corp: 28/109b lim: 4 exec/s: 0 rss: 80Mb L: 4/4 MS: 1 ChangeByte-
#619	NEW    cov: 2603 ft: 3197 corp: 29/113b lim: 4 exec/s: 0 rss: 80Mb L: 4/4 MS: 4 ShuffleBytes-CrossOver-CrossOver-CrossOver-
#625	NEW    cov: 2606 ft: 3204 corp: 30/117b lim: 4 exec/s: 0 rss: 80Mb L: 4/4 MS: 1 ShuffleBytes-
/app/ipython/IPython/core/inputtransformer2.py:608: UserWarning: `make_tokens_by_line` received a list of lines which do not have lineending markers ('\n', '\r', '\r\n', '\x0b', '\x0c'), behavior will be unspecified
  tokens_by_line = make_tokens_by_line(lines)
/app/ipython/IPython/core/inputtransformer2.py:608: UserWarning: `make_tokens_by_line` received a list of lines which do not have lineending markers ('\n', '\r', '\r\n', '\x0b', '\x0c'), behavior will be unspecified
  tokens_by_line = make_tokens_by_line(lines)
#727	NEW    cov: 2606 ft: 3215 corp: 31/121b lim: 4 exec/s: 0 rss: 80Mb L: 4/4 MS: 2 CopyPart-ChangeByte-
/app/ipython/IPython/core/inputtransformer2.py:608: UserWarning: `make_tokens_by_line` received a list of lines which do not have lineending markers ('\n', '\r', '\r\n', '\x0b', '\x0c'), behavior will be unspecified
  tokens_by_line = make_tokens_by_line(lines)
/app/ipython/IPython/core/inputtransformer2.py:714: UserWarning: `make_tokens_by_line` received a list of lines which do not have lineending markers ('\n', '\r', '\r\n', '\x0b', '\x0c'), behavior will be unspecified
  tokens_by_line = make_tokens_by_line(lines)
/app/ipython/IPython/core/inputtransformer2.py:608: UserWarning: `make_tokens_by_line` received a list of lines which do not have lineending markers ('\n', '\r', '\r\n', '\x0b', '\x0c'), behavior will be unspecified
  tokens_by_line = make_tokens_by_line(lines)
/app/ipython/IPython/core/inputtransformer2.py:714: UserWarning: `make_tokens_by_line` received a list of lines which do not have lineending markers ('\n', '\r', '\r\n', '\x0b', '\x0c'), behavior will be unspecified
  tokens_by_line = make_tokens_by_line(lines)
#848	NEW    cov: 2608 ft: 3217 corp: 32/125b lim: 4 exec/s: 0 rss: 80Mb L: 4/4 MS: 1 ChangeBit-
/app/ipython/IPython/core/inputtransformer2.py:608: UserWarning: `make_tokens_by_line` received a list of lines which do not have lineending markers ('\n', '\r', '\r\n', '\x0b', '\x0c'), behavior will be unspecified
  tokens_by_line = make_tokens_by_line(lines)
/app/ipython/IPython/core/inputtransformer2.py:714: UserWarning: `make_tokens_by_line` received a list of lines which do not have lineending markers ('\n', '\r', '\r\n', '\x0b', '\x0c'), behavior will be unspecified
  tokens_by_line = make_tokens_by_line(lines)
#1014	NEW    cov: 2608 ft: 3224 corp: 33/129b lim: 4 exec/s: 0 rss: 80Mb L: 4/4 MS: 1 ChangeByte-
/app/ipython/IPython/core/inputtransformer2.py:608: UserWarning: `make_tokens_by_line` received a list of lines which do not have lineending markers ('\n', '\r', '\r\n', '\x0b', '\x0c'), behavior will be unspecified
  tokens_by_line = make_tokens_by_line(lines)
/app/ipython/IPython/core/inputtransformer2.py:714: UserWarning: `make_tokens_by_line` received a list of lines which do not have lineending markers ('\n', '\r', '\r\n', '\x0b', '\x0c'), behavior will be unspecified
  tokens_by_line = make_tokens_by_line(lines)
/app/ipython/IPython/core/inputtransformer2.py:608: UserWarning: `make_tokens_by_line` received a list of lines which do not have lineending markers ('\n', '\r', '\r\n', '\x0b', '\x0c'), behavior will be unspecified
  tokens_by_line = make_tokens_by_line(lines)
/app/ipython/IPython/core/inputtransformer2.py:608: UserWarning: `make_tokens_by_line` received a list of lines which do not have lineending markers ('\n', '\r', '\r\n', '\x0b', '\x0c'), behavior will be unspecified
  tokens_by_line = make_tokens_by_line(lines)
#1207	NEW    cov: 2608 ft: 3227 corp: 34/133b lim: 4 exec/s: 0 rss: 80Mb L: 4/4 MS: 3 ChangeByte-CrossOver-ShuffleBytes-
/app/ipython/IPython/core/inputtransformer2.py:714: UserWarning: `make_tokens_by_line` received a list of lines which do not have lineending markers ('\n', '\r', '\r\n', '\x0b', '\x0c'), behavior will be unspecified
  tokens_by_line = make_tokens_by_line(lines)
/app/ipython/IPython/core/inputtransformer2.py:608: UserWarning: `make_tokens_by_line` received a list of lines which do not have lineending markers ('\n', '\r', '\r\n', '\x0b', '\x0c'), behavior will be unspecified
  tokens_by_line = make_tokens_by_line(lines)
#1318	NEW    cov: 2608 ft: 3231 corp: 35/137b lim: 4 exec/s: 0 rss: 80Mb L: 4/4 MS: 1 ChangeBit-
#1494	NEW    cov: 2608 ft: 3237 corp: 36/141b lim: 4 exec/s: 0 rss: 80Mb L: 4/4 MS: 1 ChangeBit-
/app/ipython/IPython/core/inputtransformer2.py:608: UserWarning: `make_tokens_by_line` received a list of lines which do not have lineending markers ('\n', '\r', '\r\n', '\x0b', '\x0c'), behavior will be unspecified
  tokens_by_line = make_tokens_by_line(lines)
/app/ipython/IPython/core/inputtransformer2.py:714: UserWarning: `make_tokens_by_line` received a list of lines which do not have lineending markers ('\n', '\r', '\r\n', '\x0b', '\x0c'), behavior will be unspecified
  tokens_by_line = make_tokens_by_line(lines)
/app/ipython/IPython/core/inputtransformer2.py:608: UserWarning: `make_tokens_by_line` received a list of lines which do not have lineending markers ('\n', '\r', '\r\n', '\x0b', '\x0c'), behavior will be unspecified
  tokens_by_line = make_tokens_by_line(lines)
/app/ipython/IPython/core/inputtransformer2.py:714: UserWarning: `make_tokens_by_line` received a list of lines which do not have lineending markers ('\n', '\r', '\r\n', '\x0b', '\x0c'), behavior will be unspecified
  tokens_by_line = make_tokens_by_line(lines)
#1578	NEW    cov: 2609 ft: 3238 corp: 37/145b lim: 4 exec/s: 0 rss: 80Mb L: 4/4 MS: 4 ShuffleBytes-EraseBytes-CopyPart-ChangeByte-
/app/ipython/IPython/core/inputtransformer2.py:608: UserWarning: `make_tokens_by_line` received a list of lines which do not have lineending markers ('\n', '\r', '\r\n', '\x0b', '\x0c'), behavior will be unspecified
  tokens_by_line = make_tokens_by_line(lines)
/app/ipython/IPython/core/inputtransformer2.py:714: UserWarning: `make_tokens_by_line` received a list of lines which do not have lineending markers ('\n', '\r', '\r\n', '\x0b', '\x0c'), behavior will be unspecified
  tokens_by_line = make_tokens_by_line(lines)
/app/ipython/IPython/core/inputtransformer2.py:608: UserWarning: `make_tokens_by_line` received a list of lines which do not have lineending markers ('\n', '\r', '\r\n', '\x0b', '\x0c'), behavior will be unspecified
  tokens_by_line = make_tokens_by_line(lines)
/app/ipython/IPython/core/inputtransformer2.py:714: UserWarning: `make_tokens_by_line` received a list of lines which do not have lineending markers ('\n', '\r', '\r\n', '\x0b', '\x0c'), behavior will be unspecified
  tokens_by_line = make_tokens_by_line(lines)
/app/ipython/IPython/core/inputtransformer2.py:608: UserWarning: `make_tokens_by_line` received a list of lines which do not have lineending markers ('\n', '\r', '\r\n', '\x0b', '\x0c'), behavior will be unspecified
  tokens_by_line = make_tokens_by_line(lines)
/app/ipython/IPython/core/inputtransformer2.py:608: UserWarning: `make_tokens_by_line` received a list of lines which do not have lineending markers ('\n', '\r', '\r\n', '\x0b', '\x0c'), behavior will be unspecified
  tokens_by_line = make_tokens_by_line(lines)
#1717	NEW    cov: 2609 ft: 3260 corp: 38/149b lim: 4 exec/s: 0 rss: 80Mb L: 4/4 MS: 4 ChangeBit-ShuffleBytes-CopyPart-ShuffleBytes-
#1725	NEW    cov: 2609 ft: 3261 corp: 39/153b lim: 4 exec/s: 0 rss: 80Mb L: 4/4 MS: 3 ChangeBit-ChangeBit-CMP- DE: "\000\000"-
#1907	NEW    cov: 2609 ft: 3264 corp: 40/157b lim: 4 exec/s: 0 rss: 80Mb L: 4/4 MS: 2 CopyPart-ChangeBit-
/app/ipython/IPython/core/inputtransformer2.py:608: UserWarning: `make_tokens_by_line` received a list of lines which do not have lineending markers ('\n', '\r', '\r\n', '\x0b', '\x0c'), behavior will be unspecified
  tokens_by_line = make_tokens_by_line(lines)
#1963	NEW    cov: 2609 ft: 3268 corp: 41/161b lim: 4 exec/s: 0 rss: 80Mb L: 4/4 MS: 1 ChangeBit-
/app/ipython/IPython/core/inputtransformer2.py:608: UserWarning: `make_tokens_by_line` received a list of lines which do not have lineending markers ('\n', '\r', '\r\n', '\x0b', '\x0c'), behavior will be unspecified
  tokens_by_line = make_tokens_by_line(lines)
/app/ipython/IPython/core/inputtransformer2.py:714: UserWarning: `make_tokens_by_line` received a list of lines which do not have lineending markers ('\n', '\r', '\r\n', '\x0b', '\x0c'), behavior will be unspecified
  tokens_by_line = make_tokens_by_line(lines)
/app/ipython/IPython/core/inputtransformer2.py:608: UserWarning: `make_tokens_by_line` received a list of lines which do not have lineending markers ('\n', '\r', '\r\n', '\x0b', '\x0c'), behavior will be unspecified
  tokens_by_line = make_tokens_by_line(lines)
/app/ipython/IPython/core/inputtransformer2.py:714: UserWarning: `make_tokens_by_line` received a list of lines which do not have lineending markers ('\n', '\r', '\r\n', '\x0b', '\x0c'), behavior will be unspecified
  tokens_by_line = make_tokens_by_line(lines)
/app/ipython/IPython/core/inputtransformer2.py:608: UserWarning: `make_tokens_by_line` received a list of lines which do not have lineending markers ('\n', '\r', '\r\n', '\x0b', '\x0c'), behavior will be unspecified
  tokens_by_line = make_tokens_by_line(lines)
/app/ipython/IPython/core/inputtransformer2.py:714: UserWarning: `make_tokens_by_line` received a list of lines which do not have lineending markers ('\n', '\r', '\r\n', '\x0b', '\x0c'), behavior will be unspecified
  tokens_by_line = make_tokens_by_line(lines)
/app/ipython/IPython/core/inputtransformer2.py:608: UserWarning: `make_tokens_by_line` received a list of lines which do not have lineending markers ('\n', '\r', '\r\n', '\x0b', '\x0c'), behavior will be unspecified
  tokens_by_line = make_tokens_by_line(lines)
#2184	NEW    cov: 2609 ft: 3291 corp: 42/166b lim: 6 exec/s: 0 rss: 80Mb L: 5/5 MS: 1 CopyPart-
#2259	NEW    cov: 2611 ft: 3297 corp: 43/171b lim: 6 exec/s: 0 rss: 80Mb L: 5/5 MS: 5 EraseBytes-ChangeBinInt-CrossOver-ChangeByte-CopyPart-
#2275	NEW    cov: 2611 ft: 3299 corp: 44/177b lim: 6 exec/s: 0 rss: 80Mb L: 6/6 MS: 1 InsertByte-
/app/ipython/IPython/core/inputtransformer2.py:608: UserWarning: `make_tokens_by_line` received a list of lines which do not have lineending markers ('\n', '\r', '\r\n', '\x0b', '\x0c'), behavior will be unspecified
  tokens_by_line = make_tokens_by_line(lines)
#2371	NEW    cov: 2611 ft: 3315 corp: 45/183b lim: 6 exec/s: 0 rss: 80Mb L: 6/6 MS: 1 CopyPart-
/app/ipython/IPython/core/inputtransformer2.py:608: UserWarning: `make_tokens_by_line` received a list of lines which do not have lineending markers ('\n', '\r', '\r\n', '\x0b', '\x0c'), behavior will be unspecified
  tokens_by_line = make_tokens_by_line(lines)
/app/ipython/IPython/core/inputtransformer2.py:714: UserWarning: `make_tokens_by_line` received a list of lines which do not have lineending markers ('\n', '\r', '\r\n', '\x0b', '\x0c'), behavior will be unspecified
  tokens_by_line = make_tokens_by_line(lines)
/app/ipython/IPython/core/inputtransformer2.py:608: UserWarning: `make_tokens_by_line` received a list of lines which do not have lineending markers ('\n', '\r', '\r\n', '\x0b', '\x0c'), behavior will be unspecified
  tokens_by_line = make_tokens_by_line(lines)
/app/ipython/IPython/core/inputtransformer2.py:714: UserWarning: `make_tokens_by_line` received a list of lines which do not have lineending markers ('\n', '\r', '\r\n', '\x0b', '\x0c'), behavior will be unspecified
  tokens_by_line = make_tokens_by_line(lines)
/app/ipython/IPython/core/inputtransformer2.py:608: UserWarning: `make_tokens_by_line` received a list of lines which do not have lineending markers ('\n', '\r', '\r\n', '\x0b', '\x0c'), behavior will be unspecified
  tokens_by_line = make_tokens_by_line(lines)
/app/ipython/IPython/core/inputtransformer2.py:714: UserWarning: `make_tokens_by_line` received a list of lines which do not have lineending markers ('\n', '\r', '\r\n', '\x0b', '\x0c'), behavior will be unspecified
  tokens_by_line = make_tokens_by_line(lines)
#2573	NEW    cov: 2611 ft: 3316 corp: 46/188b lim: 6 exec/s: 0 rss: 80Mb L: 5/6 MS: 2 ChangeBit-InsertByte-
/app/ipython/IPython/core/inputtransformer2.py:608: UserWarning: `make_tokens_by_line` received a list of lines which do not have lineending markers ('\n', '\r', '\r\n', '\x0b', '\x0c'), behavior will be unspecified
  tokens_by_line = make_tokens_by_line(lines)
/app/ipython/IPython/core/inputtransformer2.py:714: UserWarning: `make_tokens_by_line` received a list of lines which do not have lineending markers ('\n', '\r', '\r\n', '\x0b', '\x0c'), behavior will be unspecified
  tokens_by_line = make_tokens_by_line(lines)
#2666	NEW    cov: 2611 ft: 3317 corp: 47/194b lim: 6 exec/s: 0 rss: 80Mb L: 6/6 MS: 3 CopyPart-InsertByte-ChangeBit-
#2783	NEW    cov: 2611 ft: 3321 corp: 48/200b lim: 6 exec/s: 0 rss: 80Mb L: 6/6 MS: 2 ChangeBit-CrossOver-
#2801	NEW    cov: 2612 ft: 3322 corp: 49/206b lim: 6 exec/s: 0 rss: 80Mb L: 6/6 MS: 3 ChangeBinInt-ChangeASCIIInt-ChangeByte-
/app/ipython/IPython/core/inputtransformer2.py:608: UserWarning: `make_tokens_by_line` received a list of lines which do not have lineending markers ('\n', '\r', '\r\n', '\x0b', '\x0c'), behavior will be unspecified
  tokens_by_line = make_tokens_by_line(lines)
/app/ipython/IPython/core/inputtransformer2.py:714: UserWarning: `make_tokens_by_line` received a list of lines which do not have lineending markers ('\n', '\r', '\r\n', '\x0b', '\x0c'), behavior will be unspecified
  tokens_by_line = make_tokens_by_line(lines)
/app/ipython/IPython/core/inputtransformer2.py:608: UserWarning: `make_tokens_by_line` received a list of lines which do not have lineending markers ('\n', '\r', '\r\n', '\x0b', '\x0c'), behavior will be unspecified
  tokens_by_line = make_tokens_by_line(lines)
/app/ipython/IPython/core/inputtransformer2.py:714: UserWarning: `make_tokens_by_line` received a list of lines which do not have lineending markers ('\n', '\r', '\r\n', '\x0b', '\x0c'), behavior will be unspecified
  tokens_by_line = make_tokens_by_line(lines)
#2928	NEW    cov: 2612 ft: 3323 corp: 50/212b lim: 6 exec/s: 0 rss: 80Mb L: 6/6 MS: 2 InsertByte-InsertByte-
/app/ipython/IPython/core/inputtransformer2.py:608: UserWarning: `make_tokens_by_line` received a list of lines which do not have lineending markers ('\n', '\r', '\r\n', '\x0b', '\x0c'), behavior will be unspecified
  tokens_by_line = make_tokens_by_line(lines)
/app/ipython/IPython/core/inputtransformer2.py:608: UserWarning: `make_tokens_by_line` received a list of lines which do not have lineending markers ('\n', '\r', '\r\n', '\x0b', '\x0c'), behavior will be unspecified
  tokens_by_line = make_tokens_by_line(lines)
/app/ipython/IPython/core/inputtransformer2.py:714: UserWarning: `make_tokens_by_line` received a list of lines which do not have lineending markers ('\n', '\r', '\r\n', '\x0b', '\x0c'), behavior will be unspecified
  tokens_by_line = make_tokens_by_line(lines)
/app/ipython/IPython/core/inputtransformer2.py:608: UserWarning: `make_tokens_by_line` received a list of lines which do not have lineending markers ('\n', '\r', '\r\n', '\x0b', '\x0c'), behavior will be unspecified
  tokens_by_line = make_tokens_by_line(lines)
/app/ipython/IPython/core/inputtransformer2.py:714: UserWarning: `make_tokens_by_line` received a list of lines which do not have lineending markers ('\n', '\r', '\r\n', '\x0b', '\x0c'), behavior will be unspecified
  tokens_by_line = make_tokens_by_line(lines)
/app/ipython/IPython/core/inputtransformer2.py:608: UserWarning: `make_tokens_by_line` received a list of lines which do not have lineending markers ('\n', '\r', '\r\n', '\x0b', '\x0c'), behavior will be unspecified
  tokens_by_line = make_tokens_by_line(lines)
/app/ipython/IPython/core/inputtransformer2.py:714: UserWarning: `make_tokens_by_line` received a list of lines which do not have lineending markers ('\n', '\r', '\r\n', '\x0b', '\x0c'), behavior will be unspecified
  tokens_by_line = make_tokens_by_line(lines)
/app/ipython/IPython/core/inputtransformer2.py:608: UserWarning: `make_tokens_by_line` received a list of lines which do not have lineending markers ('\n', '\r', '\r\n', '\x0b', '\x0c'), behavior will be unspecified
  tokens_by_line = make_tokens_by_line(lines)
#3065	NEW    cov: 2612 ft: 3326 corp: 51/218b lim: 6 exec/s: 0 rss: 80Mb L: 6/6 MS: 2 CopyPart-ShuffleBytes-
#3126	NEW    cov: 2612 ft: 3327 corp: 52/224b lim: 6 exec/s: 0 rss: 80Mb L: 6/6 MS: 1 ChangeByte-
#3197	NEW    cov: 2614 ft: 3329 corp: 53/229b lim: 6 exec/s: 0 rss: 80Mb L: 5/6 MS: 1 InsertByte-
#3223	NEW    cov: 2614 ft: 3331 corp: 54/235b lim: 6 exec/s: 0 rss: 80Mb L: 6/6 MS: 1 CrossOver-
#3261	REDUCE cov: 2614 ft: 3331 corp: 54/234b lim: 6 exec/s: 0 rss: 80Mb L: 4/6 MS: 3 EraseBytes-ChangeBit-InsertByte-
#3262	NEW    cov: 2615 ft: 3332 corp: 55/239b lim: 6 exec/s: 0 rss: 80Mb L: 5/6 MS: 1 InsertByte-
/app/ipython/IPython/core/inputtransformer2.py:608: UserWarning: `make_tokens_by_line` received a list of lines which do not have lineending markers ('\n', '\r', '\r\n', '\x0b', '\x0c'), behavior will be unspecified
  tokens_by_line = make_tokens_by_line(lines)
/app/ipython/IPython/core/inputtransformer2.py:608: UserWarning: `make_tokens_by_line` received a list of lines which do not have lineending markers ('\n', '\r', '\r\n', '\x0b', '\x0c'), behavior will be unspecified
  tokens_by_line = make_tokens_by_line(lines)
/app/ipython/IPython/core/inputtransformer2.py:714: UserWarning: `make_tokens_by_line` received a list of lines which do not have lineending markers ('\n', '\r', '\r\n', '\x0b', '\x0c'), behavior will be unspecified
  tokens_by_line = make_tokens_by_line(lines)
/app/ipython/IPython/core/inputtransformer2.py:608: UserWarning: `make_tokens_by_line` received a list of lines which do not have lineending markers ('\n', '\r', '\r\n', '\x0b', '\x0c'), behavior will be unspecified
  tokens_by_line = make_tokens_by_line(lines)
#3715	NEW    cov: 2618 ft: 3335 corp: 56/245b lim: 8 exec/s: 3715 rss: 80Mb L: 6/6 MS: 3 InsertByte-ChangeByte-InsertByte-
#3778	NEW    cov: 2619 ft: 3336 corp: 57/253b lim: 8 exec/s: 3778 rss: 80Mb L: 8/8 MS: 3 InsertByte-EraseBytes-CopyPart-
/app/ipython/IPython/core/inputtransformer2.py:608: UserWarning: `make_tokens_by_line` received a list of lines which do not have lineending markers ('\n', '\r', '\r\n', '\x0b', '\x0c'), behavior will be unspecified
  tokens_by_line = make_tokens_by_line(lines)
/app/ipython/IPython/core/inputtransformer2.py:608: UserWarning: `make_tokens_by_line` received a list of lines which do not have lineending markers ('\n', '\r', '\r\n', '\x0b', '\x0c'), behavior will be unspecified
  tokens_by_line = make_tokens_by_line(lines)
#3942	NEW    cov: 2625 ft: 3342 corp: 58/261b lim: 8 exec/s: 3942 rss: 80Mb L: 8/8 MS: 4 InsertRepeatedBytes-PersAutoDict-ChangeBit-CopyPart- DE: "\001\000"-
#3968	REDUCE cov: 2625 ft: 3342 corp: 58/260b lim: 8 exec/s: 3968 rss: 80Mb L: 5/8 MS: 1 EraseBytes-
/app/ipython/IPython/core/inputtransformer2.py:608: UserWarning: `make_tokens_by_line` received a list of lines which do not have lineending markers ('\n', '\r', '\r\n', '\x0b', '\x0c'), behavior will be unspecified
  tokens_by_line = make_tokens_by_line(lines)
/app/ipython/IPython/core/inputtransformer2.py:714: UserWarning: `make_tokens_by_line` received a list of lines which do not have lineending markers ('\n', '\r', '\r\n', '\x0b', '\x0c'), behavior will be unspecified
  tokens_by_line = make_tokens_by_line(lines)
/app/ipython/IPython/core/inputtransformer2.py:608: UserWarning: `make_tokens_by_line` received a list of lines which do not have lineending markers ('\n', '\r', '\r\n', '\x0b', '\x0c'), behavior will be unspecified
  tokens_by_line = make_tokens_by_line(lines)
/app/ipython/IPython/core/inputtransformer2.py:714: UserWarning: `make_tokens_by_line` received a list of lines which do not have lineending markers ('\n', '\r', '\r\n', '\x0b', '\x0c'), behavior will be unspecified
  tokens_by_line = make_tokens_by_line(lines)
/app/ipython/IPython/core/inputtransformer2.py:608: UserWarning: `make_tokens_by_line` received a list of lines which do not have lineending markers ('\n', '\r', '\r\n', '\x0b', '\x0c'), behavior will be unspecified
  tokens_by_line = make_tokens_by_line(lines)
/app/ipython/IPython/core/inputtransformer2.py:714: UserWarning: `make_tokens_by_line` received a list of lines which do not have lineending markers ('\n', '\r', '\r\n', '\x0b', '\x0c'), behavior will be unspecified
  tokens_by_line = make_tokens_by_line(lines)
/app/ipython/IPython/core/inputtransformer2.py:608: UserWarning: `make_tokens_by_line` received a list of lines which do not have lineending markers ('\n', '\r', '\r\n', '\x0b', '\x0c'), behavior will be unspecified
  tokens_by_line = make_tokens_by_line(lines)
/app/ipython/IPython/core/inputtransformer2.py:714: UserWarning: `make_tokens_by_line` received a list of lines which do not have lineending markers ('\n', '\r', '\r\n', '\x0b', '\x0c'), behavior will be unspecified
  tokens_by_line = make_tokens_by_line(lines)
/app/ipython/IPython/core/inputtransformer2.py:608: UserWarning: `make_tokens_by_line` received a list of lines which do not have lineending markers ('\n', '\r', '\r\n', '\x0b', '\x0c'), behavior will be unspecified
  tokens_by_line = make_tokens_by_line(lines)
/app/ipython/IPython/core/inputtransformer2.py:714: UserWarning: `make_tokens_by_line` received a list of lines which do not have lineending markers ('\n', '\r', '\r\n', '\x0b', '\x0c'), behavior will be unspecified
  tokens_by_line = make_tokens_by_line(lines)
#4118	NEW    cov: 2625 ft: 3343 corp: 59/267b lim: 8 exec/s: 4118 rss: 80Mb L: 7/8 MS: 5 ChangeASCIIInt-EraseBytes-ShuffleBytes-ChangeBit-CopyPart-
/app/ipython/IPython/core/inputtransformer2.py:608: UserWarning: `make_tokens_by_line` received a list of lines which do not have lineending markers ('\n', '\r', '\r\n', '\x0b', '\x0c'), behavior will be unspecified
  tokens_by_line = make_tokens_by_line(lines)
#4528	NEW    cov: 2625 ft: 3345 corp: 60/271b lim: 11 exec/s: 4528 rss: 80Mb L: 4/8 MS: 5 EraseBytes-CopyPart-CopyPart-ShuffleBytes-EraseBytes-
#4551	NEW    cov: 2625 ft: 3349 corp: 61/281b lim: 11 exec/s: 4551 rss: 80Mb L: 10/10 MS: 3 ChangeByte-ChangeBit-InsertRepeatedBytes-
/app/ipython/IPython/core/inputtransformer2.py:608: UserWarning: `make_tokens_by_line` received a list of lines which do not have lineending markers ('\n', '\r', '\r\n', '\x0b', '\x0c'), behavior will be unspecified
  tokens_by_line = make_tokens_by_line(lines)
#4712	REDUCE cov: 2625 ft: 3349 corp: 61/280b lim: 11 exec/s: 4712 rss: 80Mb L: 5/10 MS: 1 EraseBytes-
#4720	REDUCE cov: 2625 ft: 3350 corp: 62/291b lim: 11 exec/s: 4720 rss: 80Mb L: 11/11 MS: 3 InsertRepeatedBytes-ChangeByte-CopyPart-
#4751	NEW    cov: 2625 ft: 3378 corp: 63/301b lim: 11 exec/s: 4751 rss: 80Mb L: 10/11 MS: 1 ShuffleBytes-
#4764	NEW    cov: 2627 ft: 3592 corp: 64/312b lim: 11 exec/s: 4764 rss: 80Mb L: 11/11 MS: 3 CopyPart-InsertByte-InsertRepeatedBytes-
#4852	NEW    cov: 2627 ft: 3593 corp: 65/317b lim: 11 exec/s: 4852 rss: 80Mb L: 5/11 MS: 3 ShuffleBytes-CrossOver-ShuffleBytes-
#4898	NEW    cov: 2630 ft: 3596 corp: 66/328b lim: 11 exec/s: 4898 rss: 80Mb L: 11/11 MS: 1 ChangeByte-
#4914	NEW    cov: 2630 ft: 3600 corp: 67/339b lim: 11 exec/s: 4914 rss: 80Mb L: 11/11 MS: 1 ChangeByte-
#4940	NEW    cov: 2630 ft: 3616 corp: 68/349b lim: 11 exec/s: 4940 rss: 80Mb L: 10/11 MS: 1 ChangeByte-
#4942	NEW    cov: 2631 ft: 3617 corp: 69/359b lim: 11 exec/s: 4942 rss: 80Mb L: 10/11 MS: 2 ChangeBit-ChangeBinInt-
/app/ipython/IPython/core/inputtransformer2.py:608: UserWarning: `make_tokens_by_line` received a list of lines which do not have lineending markers ('\n', '\r', '\r\n', '\x0b', '\x0c'), behavior will be unspecified
  tokens_by_line = make_tokens_by_line(lines)
/app/ipython/IPython/core/inputtransformer2.py:714: UserWarning: `make_tokens_by_line` received a list of lines which do not have lineending markers ('\n', '\r', '\r\n', '\x0b', '\x0c'), behavior will be unspecified
  tokens_by_line = make_tokens_by_line(lines)
/app/ipython/IPython/core/inputtransformer2.py:608: UserWarning: `make_tokens_by_line` received a list of lines which do not have lineending markers ('\n', '\r', '\r\n', '\x0b', '\x0c'), behavior will be unspecified
  tokens_by_line = make_tokens_by_line(lines)
/app/ipython/IPython/core/inputtransformer2.py:714: UserWarning: `make_tokens_by_line` received a list of lines which do not have lineending markers ('\n', '\r', '\r\n', '\x0b', '\x0c'), behavior will be unspecified
  tokens_by_line = make_tokens_by_line(lines)
#5067	NEW    cov: 2632 ft: 3618 corp: 70/369b lim: 11 exec/s: 5067 rss: 80Mb L: 10/11 MS: 5 CrossOver-PersAutoDict-ChangeBit-ChangeBinInt-ChangeBinInt- DE: "\000\000\000\000"-
#5124	REDUCE cov: 2632 ft: 3631 corp: 71/378b lim: 11 exec/s: 5124 rss: 80Mb L: 9/11 MS: 2 EraseBytes-CrossOver-
#5215	NEW    cov: 2635 ft: 3635 corp: 72/389b lim: 11 exec/s: 5215 rss: 80Mb L: 11/11 MS: 1 CopyPart-
#5226	NEW    cov: 2635 ft: 3641 corp: 73/399b lim: 11 exec/s: 5226 rss: 80Mb L: 10/11 MS: 1 ShuffleBytes-
/app/ipython/IPython/core/inputtransformer2.py:608: UserWarning: `make_tokens_by_line` received a list of lines which do not have lineending markers ('\n', '\r', '\r\n', '\x0b', '\x0c'), behavior will be unspecified
  tokens_by_line = make_tokens_by_line(lines)
/app/ipython/IPython/core/inputtransformer2.py:714: UserWarning: `make_tokens_by_line` received a list of lines which do not have lineending markers ('\n', '\r', '\r\n', '\x0b', '\x0c'), behavior will be unspecified
  tokens_by_line = make_tokens_by_line(lines)
#5252	NEW    cov: 2635 ft: 3642 corp: 74/407b lim: 11 exec/s: 5252 rss: 80Mb L: 8/11 MS: 1 CopyPart-
#5274	NEW    cov: 2635 ft: 3644 corp: 75/413b lim: 11 exec/s: 5274 rss: 80Mb L: 6/11 MS: 2 CopyPart-ChangeByte-
/app/ipython/IPython/core/inputtransformer2.py:608: UserWarning: `make_tokens_by_line` received a list of lines which do not have lineending markers ('\n', '\r', '\r\n', '\x0b', '\x0c'), behavior will be unspecified
  tokens_by_line = make_tokens_by_line(lines)
/app/ipython/IPython/core/inputtransformer2.py:714: UserWarning: `make_tokens_by_line` received a list of lines which do not have lineending markers ('\n', '\r', '\r\n', '\x0b', '\x0c'), behavior will be unspecified
  tokens_by_line = make_tokens_by_line(lines)
/app/ipython/IPython/core/inputtransformer2.py:608: UserWarning: `make_tokens_by_line` received a list of lines which do not have lineending markers ('\n', '\r', '\r\n', '\x0b', '\x0c'), behavior will be unspecified
  tokens_by_line = make_tokens_by_line(lines)
/app/ipython/IPython/core/inputtransformer2.py:714: UserWarning: `make_tokens_by_line` received a list of lines which do not have lineending markers ('\n', '\r', '\r\n', '\x0b', '\x0c'), behavior will be unspecified
  tokens_by_line = make_tokens_by_line(lines)
/app/ipython/IPython/core/inputtransformer2.py:608: UserWarning: `make_tokens_by_line` received a list of lines which do not have lineending markers ('\n', '\r', '\r\n', '\x0b', '\x0c'), behavior will be unspecified
  tokens_by_line = make_tokens_by_line(lines)
/app/ipython/IPython/core/inputtransformer2.py:714: UserWarning: `make_tokens_by_line` received a list of lines which do not have lineending markers ('\n', '\r', '\r\n', '\x0b', '\x0c'), behavior will be unspecified
  tokens_by_line = make_tokens_by_line(lines)
#5336	NEW    cov: 2635 ft: 3650 corp: 76/423b lim: 11 exec/s: 5336 rss: 80Mb L: 10/11 MS: 2 InsertRepeatedBytes-CrossOver-
#5421	REDUCE cov: 2635 ft: 3651 corp: 77/429b lim: 11 exec/s: 5421 rss: 80Mb L: 6/11 MS: 5 CopyPart-EraseBytes-CMP-ShuffleBytes-CrossOver- DE: "CO"-
#5485	NEW    cov: 2635 ft: 3655 corp: 78/434b lim: 11 exec/s: 5485 rss: 80Mb L: 5/11 MS: 4 EraseBytes-ChangeByte-ShuffleBytes-ShuffleBytes-
#5511	NEW    cov: 2635 ft: 3657 corp: 79/443b lim: 11 exec/s: 5511 rss: 80Mb L: 9/11 MS: 1 CrossOver-
#5678	NEW    cov: 2635 ft: 3661 corp: 80/452b lim: 11 exec/s: 5678 rss: 80Mb L: 9/11 MS: 2 PersAutoDict-CrossOver- DE: "\001\000"-
/app/ipython/IPython/core/inputtransformer2.py:608: UserWarning: `make_tokens_by_line` received a list of lines which do not have lineending markers ('\n', '\r', '\r\n', '\x0b', '\x0c'), behavior will be unspecified
  tokens_by_line = make_tokens_by_line(lines)
/app/ipython/IPython/core/inputtransformer2.py:714: UserWarning: `make_tokens_by_line` received a list of lines which do not have lineending markers ('\n', '\r', '\r\n', '\x0b', '\x0c'), behavior will be unspecified
  tokens_by_line = make_tokens_by_line(lines)
#5734	REDUCE cov: 2635 ft: 3661 corp: 80/449b lim: 11 exec/s: 5734 rss: 80Mb L: 8/11 MS: 1 EraseBytes-
/app/ipython/IPython/core/inputtransformer2.py:608: UserWarning: `make_tokens_by_line` received a list of lines which do not have lineending markers ('\n', '\r', '\r\n', '\x0b', '\x0c'), behavior will be unspecified
  tokens_by_line = make_tokens_by_line(lines)
/app/ipython/IPython/core/inputtransformer2.py:608: UserWarning: `make_tokens_by_line` received a list of lines which do not have lineending markers ('\n', '\r', '\r\n', '\x0b', '\x0c'), behavior will be unspecified
  tokens_by_line = make_tokens_by_line(lines)
/app/ipython/IPython/core/inputtransformer2.py:608: UserWarning: `make_tokens_by_line` received a list of lines which do not have lineending markers ('\n', '\r', '\r\n', '\x0b', '\x0c'), behavior will be unspecified
  tokens_by_line = make_tokens_by_line(lines)
/app/ipython/IPython/core/inputtransformer2.py:714: UserWarning: `make_tokens_by_line` received a list of lines which do not have lineending markers ('\n', '\r', '\r\n', '\x0b', '\x0c'), behavior will be unspecified
  tokens_by_line = make_tokens_by_line(lines)
#5888	NEW    cov: 2635 ft: 3662 corp: 81/460b lim: 11 exec/s: 5888 rss: 80Mb L: 11/11 MS: 4 ShuffleBytes-CMP-ChangeBit-CopyPart- DE: "\001\000"-
/app/ipython/IPython/core/inputtransformer2.py:608: UserWarning: `make_tokens_by_line` received a list of lines which do not have lineending markers ('\n', '\r', '\r\n', '\x0b', '\x0c'), behavior will be unspecified
  tokens_by_line = make_tokens_by_line(lines)
/app/ipython/IPython/core/inputtransformer2.py:714: UserWarning: `make_tokens_by_line` received a list of lines which do not have lineending markers ('\n', '\r', '\r\n', '\x0b', '\x0c'), behavior will be unspecified
  tokens_by_line = make_tokens_by_line(lines)
/app/ipython/IPython/core/inputtransformer2.py:608: UserWarning: `make_tokens_by_line` received a list of lines which do not have lineending markers ('\n', '\r', '\r\n', '\x0b', '\x0c'), behavior will be unspecified
  tokens_by_line = make_tokens_by_line(lines)
/app/ipython/IPython/core/inputtransformer2.py:714: UserWarning: `make_tokens_by_line` received a list of lines which do not have lineending markers ('\n', '\r', '\r\n', '\x0b', '\x0c'), behavior will be unspecified
  tokens_by_line = make_tokens_by_line(lines)
/app/ipython/IPython/core/inputtransformer2.py:608: UserWarning: `make_tokens_by_line` received a list of lines which do not have lineending markers ('\n', '\r', '\r\n', '\x0b', '\x0c'), behavior will be unspecified
  tokens_by_line = make_tokens_by_line(lines)
/app/ipython/IPython/core/inputtransformer2.py:714: UserWarning: `make_tokens_by_line` received a list of lines which do not have lineending markers ('\n', '\r', '\r\n', '\x0b', '\x0c'), behavior will be unspecified
  tokens_by_line = make_tokens_by_line(lines)
/app/ipython/IPython/core/inputtransformer2.py:608: UserWarning: `make_tokens_by_line` received a list of lines which do not have lineending markers ('\n', '\r', '\r\n', '\x0b', '\x0c'), behavior will be unspecified
  tokens_by_line = make_tokens_by_line(lines)
#5975	NEW    cov: 2635 ft: 3668 corp: 82/470b lim: 11 exec/s: 5975 rss: 80Mb L: 10/11 MS: 2 ChangeBit-InsertByte-
#5981	NEW    cov: 2635 ft: 3669 corp: 83/481b lim: 11 exec/s: 5981 rss: 80Mb L: 11/11 MS: 1 InsertByte-
#5992	REDUCE cov: 2635 ft: 3669 corp: 83/480b lim: 11 exec/s: 5992 rss: 80Mb L: 5/11 MS: 1 EraseBytes-
/app/ipython/IPython/core/inputtransformer2.py:608: UserWarning: `make_tokens_by_line` received a list of lines which do not have lineending markers ('\n', '\r', '\r\n', '\x0b', '\x0c'), behavior will be unspecified
  tokens_by_line = make_tokens_by_line(lines)
#6016	NEW    cov: 2635 ft: 3670 corp: 84/491b lim: 11 exec/s: 6016 rss: 80Mb L: 11/11 MS: 4 InsertByte-InsertRepeatedBytes-ChangeBinInt-ChangeByte-
/app/ipython/IPython/core/inputtransformer2.py:608: UserWarning: `make_tokens_by_line` received a list of lines which do not have lineending markers ('\n', '\r', '\r\n', '\x0b', '\x0c'), behavior will be unspecified
  tokens_by_line = make_tokens_by_line(lines)
/app/ipython/IPython/core/inputtransformer2.py:608: UserWarning: `make_tokens_by_line` received a list of lines which do not have lineending markers ('\n', '\r', '\r\n', '\x0b', '\x0c'), behavior will be unspecified
  tokens_by_line = make_tokens_by_line(lines)
#6182	NEW    cov: 2635 ft: 3672 corp: 85/500b lim: 11 exec/s: 6182 rss: 80Mb L: 9/11 MS: 1 CopyPart-
#6188	REDUCE cov: 2635 ft: 3672 corp: 85/499b lim: 11 exec/s: 6188 rss: 80Mb L: 4/11 MS: 1 EraseBytes-
#6284	REDUCE cov: 2635 ft: 3672 corp: 85/495b lim: 11 exec/s: 6284 rss: 80Mb L: 5/11 MS: 1 EraseBytes-
/app/ipython/IPython/core/inputtransformer2.py:608: UserWarning: `make_tokens_by_line` received a list of lines which do not have lineending markers ('\n', '\r', '\r\n', '\x0b', '\x0c'), behavior will be unspecified
  tokens_by_line = make_tokens_by_line(lines)
/app/ipython/IPython/core/inputtransformer2.py:714: UserWarning: `make_tokens_by_line` received a list of lines which do not have lineending markers ('\n', '\r', '\r\n', '\x0b', '\x0c'), behavior will be unspecified
  tokens_by_line = make_tokens_by_line(lines)
/app/ipython/IPython/core/inputtransformer2.py:608: UserWarning: `make_tokens_by_line` received a list of lines which do not have lineending markers ('\n', '\r', '\r\n', '\x0b', '\x0c'), behavior will be unspecified
  tokens_by_line = make_tokens_by_line(lines)
#6361	NEW    cov: 2635 ft: 3675 corp: 86/506b lim: 11 exec/s: 6361 rss: 80Mb L: 11/11 MS: 2 ChangeBit-CopyPart-
#6362	REDUCE cov: 2635 ft: 3675 corp: 86/504b lim: 11 exec/s: 6362 rss: 80Mb L: 9/11 MS: 1 EraseBytes-
/app/ipython/IPython/core/inputtransformer2.py:608: UserWarning: `make_tokens_by_line` received a list of lines which do not have lineending markers ('\n', '\r', '\r\n', '\x0b', '\x0c'), behavior will be unspecified
  tokens_by_line = make_tokens_by_line(lines)
/app/ipython/IPython/core/inputtransformer2.py:608: UserWarning: `make_tokens_by_line` received a list of lines which do not have lineending markers ('\n', '\r', '\r\n', '\x0b', '\x0c'), behavior will be unspecified
  tokens_by_line = make_tokens_by_line(lines)
/app/ipython/IPython/core/inputtransformer2.py:714: UserWarning: `make_tokens_by_line` received a list of lines which do not have lineending markers ('\n', '\r', '\r\n', '\x0b', '\x0c'), behavior will be unspecified
  tokens_by_line = make_tokens_by_line(lines)
/app/ipython/IPython/core/inputtransformer2.py:608: UserWarning: `make_tokens_by_line` received a list of lines which do not have lineending markers ('\n', '\r', '\r\n', '\x0b', '\x0c'), behavior will be unspecified
  tokens_by_line = make_tokens_by_line(lines)
/app/ipython/IPython/core/inputtransformer2.py:714: UserWarning: `make_tokens_by_line` received a list of lines which do not have lineending markers ('\n', '\r', '\r\n', '\x0b', '\x0c'), behavior will be unspecified
  tokens_by_line = make_tokens_by_line(lines)
/app/ipython/IPython/core/inputtransformer2.py:608: UserWarning: `make_tokens_by_line` received a list of lines which do not have lineending markers ('\n', '\r', '\r\n', '\x0b', '\x0c'), behavior will be unspecified
  tokens_by_line = make_tokens_by_line(lines)
/app/ipython/IPython/core/inputtransformer2.py:714: UserWarning: `make_tokens_by_line` received a list of lines which do not have lineending markers ('\n', '\r', '\r\n', '\x0b', '\x0c'), behavior will be unspecified
  tokens_by_line = make_tokens_by_line(lines)
/app/ipython/IPython/core/inputtransformer2.py:608: UserWarning: `make_tokens_by_line` received a list of lines which do not have lineending markers ('\n', '\r', '\r\n', '\x0b', '\x0c'), behavior will be unspecified
  tokens_by_line = make_tokens_by_line(lines)
/app/ipython/IPython/core/inputtransformer2.py:714: UserWarning: `make_tokens_by_line` received a list of lines which do not have lineending markers ('\n', '\r', '\r\n', '\x0b', '\x0c'), behavior will be unspecified
  tokens_by_line = make_tokens_by_line(lines)
/app/ipython/IPython/core/inputtransformer2.py:608: UserWarning: `make_tokens_by_line` received a list of lines which do not have lineending markers ('\n', '\r', '\r\n', '\x0b', '\x0c'), behavior will be unspecified
  tokens_by_line = make_tokens_by_line(lines)
/app/ipython/IPython/core/inputtransformer2.py:714: UserWarning: `make_tokens_by_line` received a list of lines which do not have lineending markers ('\n', '\r', '\r\n', '\x0b', '\x0c'), behavior will be unspecified
  tokens_by_line = make_tokens_by_line(lines)
/app/ipython/IPython/core/inputtransformer2.py:608: UserWarning: `make_tokens_by_line` received a list of lines which do not have lineending markers ('\n', '\r', '\r\n', '\x0b', '\x0c'), behavior will be unspecified
  tokens_by_line = make_tokens_by_line(lines)
/app/ipython/IPython/core/inputtransformer2.py:714: UserWarning: `make_tokens_by_line` received a list of lines which do not have lineending markers ('\n', '\r', '\r\n', '\x0b', '\x0c'), behavior will be unspecified
  tokens_by_line = make_tokens_by_line(lines)
#6472	NEW    cov: 2635 ft: 3679 corp: 87/514b lim: 11 exec/s: 6472 rss: 80Mb L: 10/11 MS: 5 ShuffleBytes-CrossOver-ChangeBinInt-CMP-InsertByte- DE: "\377\377\377\377"-
#6513	REDUCE cov: 2635 ft: 3679 corp: 87/512b lim: 11 exec/s: 6513 rss: 80Mb L: 6/11 MS: 1 EraseBytes-
/app/ipython/IPython/core/inputtransformer2.py:608: UserWarning: `make_tokens_by_line` received a list of lines which do not have lineending markers ('\n', '\r', '\r\n', '\x0b', '\x0c'), behavior will be unspecified
  tokens_by_line = make_tokens_by_line(lines)
/app/ipython/IPython/core/inputtransformer2.py:714: UserWarning: `make_tokens_by_line` received a list of lines which do not have lineending markers ('\n', '\r', '\r\n', '\x0b', '\x0c'), behavior will be unspecified
  tokens_by_line = make_tokens_by_line(lines)
/app/ipython/IPython/core/inputtransformer2.py:608: UserWarning: `make_tokens_by_line` received a list of lines which do not have lineending markers ('\n', '\r', '\r\n', '\x0b', '\x0c'), behavior will be unspecified
  tokens_by_line = make_tokens_by_line(lines)
/app/ipython/IPython/core/inputtransformer2.py:714: UserWarning: `make_tokens_by_line` received a list of lines which do not have lineending markers ('\n', '\r', '\r\n', '\x0b', '\x0c'), behavior will be unspecified
  tokens_by_line = make_tokens_by_line(lines)
/app/ipython/IPython/core/inputtransformer2.py:608: UserWarning: `make_tokens_by_line` received a list of lines which do not have lineending markers ('\n', '\r', '\r\n', '\x0b', '\x0c'), behavior will be unspecified
  tokens_by_line = make_tokens_by_line(lines)
/app/ipython/IPython/core/inputtransformer2.py:714: UserWarning: `make_tokens_by_line` received a list of lines which do not have lineending markers ('\n', '\r', '\r\n', '\x0b', '\x0c'), behavior will be unspecified
  tokens_by_line = make_tokens_by_line(lines)
#6574	NEW    cov: 2635 ft: 3680 corp: 88/523b lim: 11 exec/s: 6574 rss: 80Mb L: 11/11 MS: 1 ChangeBinInt-
#6595	NEW    cov: 2635 ft: 3681 corp: 89/533b lim: 11 exec/s: 6595 rss: 80Mb L: 10/11 MS: 1 ChangeBit-
/app/ipython/IPython/core/inputtransformer2.py:608: UserWarning: `make_tokens_by_line` received a list of lines which do not have lineending markers ('\n', '\r', '\r\n', '\x0b', '\x0c'), behavior will be unspecified
  tokens_by_line = make_tokens_by_line(lines)
#6644	NEW    cov: 2635 ft: 3683 corp: 90/544b lim: 11 exec/s: 6644 rss: 80Mb L: 11/11 MS: 4 PersAutoDict-ChangeBit-ChangeBinInt-ChangeBit- DE: "CO"-
#6650	REDUCE cov: 2635 ft: 3683 corp: 90/542b lim: 11 exec/s: 6650 rss: 80Mb L: 8/11 MS: 1 EraseBytes-
/app/ipython/IPython/core/inputtransformer2.py:608: UserWarning: `make_tokens_by_line` received a list of lines which do not have lineending markers ('\n', '\r', '\r\n', '\x0b', '\x0c'), behavior will be unspecified
  tokens_by_line = make_tokens_by_line(lines)
/app/ipython/IPython/core/inputtransformer2.py:714: UserWarning: `make_tokens_by_line` received a list of lines which do not have lineending markers ('\n', '\r', '\r\n', '\x0b', '\x0c'), behavior will be unspecified
  tokens_by_line = make_tokens_by_line(lines)
#6751	NEW    cov: 2636 ft: 3684 corp: 91/546b lim: 11 exec/s: 6751 rss: 80Mb L: 4/11 MS: 1 CrossOver-
/app/ipython/IPython/core/inputtransformer2.py:608: UserWarning: `make_tokens_by_line` received a list of lines which do not have lineending markers ('\n', '\r', '\r\n', '\x0b', '\x0c'), behavior will be unspecified
  tokens_by_line = make_tokens_by_line(lines)
/app/ipython/IPython/core/inputtransformer2.py:714: UserWarning: `make_tokens_by_line` received a list of lines which do not have lineending markers ('\n', '\r', '\r\n', '\x0b', '\x0c'), behavior will be unspecified
  tokens_by_line = make_tokens_by_line(lines)
/app/ipython/IPython/core/inputtransformer2.py:608: UserWarning: `make_tokens_by_line` received a list of lines which do not have lineending markers ('\n', '\r', '\r\n', '\x0b', '\x0c'), behavior will be unspecified
  tokens_by_line = make_tokens_by_line(lines)
/app/ipython/IPython/core/inputtransformer2.py:714: UserWarning: `make_tokens_by_line` received a list of lines which do not have lineending markers ('\n', '\r', '\r\n', '\x0b', '\x0c'), behavior will be unspecified
  tokens_by_line = make_tokens_by_line(lines)
/app/ipython/IPython/core/inputtransformer2.py:608: UserWarning: `make_tokens_by_line` received a list of lines which do not have lineending markers ('\n', '\r', '\r\n', '\x0b', '\x0c'), behavior will be unspecified
  tokens_by_line = make_tokens_by_line(lines)
/app/ipython/IPython/core/inputtransformer2.py:714: UserWarning: `make_tokens_by_line` received a list of lines which do not have lineending markers ('\n', '\r', '\r\n', '\x0b', '\x0c'), behavior will be unspecified
  tokens_by_line = make_tokens_by_line(lines)
/app/ipython/IPython/core/inputtransformer2.py:608: UserWarning: `make_tokens_by_line` received a list of lines which do not have lineending markers ('\n', '\r', '\r\n', '\x0b', '\x0c'), behavior will be unspecified
  tokens_by_line = make_tokens_by_line(lines)
/app/ipython/IPython/core/inputtransformer2.py:714: UserWarning: `make_tokens_by_line` received a list of lines which do not have lineending markers ('\n', '\r', '\r\n', '\x0b', '\x0c'), behavior will be unspecified
  tokens_by_line = make_tokens_by_line(lines)
/app/ipython/IPython/core/inputtransformer2.py:608: UserWarning: `make_tokens_by_line` received a list of lines which do not have lineending markers ('\n', '\r', '\r\n', '\x0b', '\x0c'), behavior will be unspecified
  tokens_by_line = make_tokens_by_line(lines)
/app/ipython/IPython/core/inputtransformer2.py:714: UserWarning: `make_tokens_by_line` received a list of lines which do not have lineending markers ('\n', '\r', '\r\n', '\x0b', '\x0c'), behavior will be unspecified
  tokens_by_line = make_tokens_by_line(lines)
/app/ipython/IPython/core/inputtransformer2.py:608: UserWarning: `make_tokens_by_line` received a list of lines which do not have lineending markers ('\n', '\r', '\r\n', '\x0b', '\x0c'), behavior will be unspecified
  tokens_by_line = make_tokens_by_line(lines)
/app/ipython/IPython/core/inputtransformer2.py:714: UserWarning: `make_tokens_by_line` received a list of lines which do not have lineending markers ('\n', '\r', '\r\n', '\x0b', '\x0c'), behavior will be unspecified
  tokens_by_line = make_tokens_by_line(lines)
/app/ipython/IPython/core/inputtransformer2.py:608: UserWarning: `make_tokens_by_line` received a list of lines which do not have lineending markers ('\n', '\r', '\r\n', '\x0b', '\x0c'), behavior will be unspecified
  tokens_by_line = make_tokens_by_line(lines)
/app/ipython/IPython/core/inputtransformer2.py:714: UserWarning: `make_tokens_by_line` received a list of lines which do not have lineending markers ('\n', '\r', '\r\n', '\x0b', '\x0c'), behavior will be unspecified
  tokens_by_line = make_tokens_by_line(lines)
/app/ipython/IPython/core/inputtransformer2.py:608: UserWarning: `make_tokens_by_line` received a list of lines which do not have lineending markers ('\n', '\r', '\r\n', '\x0b', '\x0c'), behavior will be unspecified
  tokens_by_line = make_tokens_by_line(lines)
/app/ipython/IPython/core/inputtransformer2.py:608: UserWarning: `make_tokens_by_line` received a list of lines which do not have lineending markers ('\n', '\r', '\r\n', '\x0b', '\x0c'), behavior will be unspecified
  tokens_by_line = make_tokens_by_line(lines)
/app/ipython/IPython/core/inputtransformer2.py:714: UserWarning: `make_tokens_by_line` received a list of lines which do not have lineending markers ('\n', '\r', '\r\n', '\x0b', '\x0c'), behavior will be unspecified
  tokens_by_line = make_tokens_by_line(lines)
/app/ipython/IPython/core/inputtransformer2.py:608: UserWarning: `make_tokens_by_line` received a list of lines which do not have lineending markers ('\n', '\r', '\r\n', '\x0b', '\x0c'), behavior will be unspecified
  tokens_by_line = make_tokens_by_line(lines)
/app/ipython/IPython/core/inputtransformer2.py:714: UserWarning: `make_tokens_by_line` received a list of lines which do not have lineending markers ('\n', '\r', '\r\n', '\x0b', '\x0c'), behavior will be unspecified
  tokens_by_line = make_tokens_by_line(lines)
/app/ipython/IPython/core/inputtransformer2.py:608: UserWarning: `make_tokens_by_line` received a list of lines which do not have lineending markers ('\n', '\r', '\r\n', '\x0b', '\x0c'), behavior will be unspecified
  tokens_by_line = make_tokens_by_line(lines)
/app/ipython/IPython/core/inputtransformer2.py:714: UserWarning: `make_tokens_by_line` received a list of lines which do not have lineending markers ('\n', '\r', '\r\n', '\x0b', '\x0c'), behavior will be unspecified
  tokens_by_line = make_tokens_by_line(lines)
/app/ipython/IPython/core/inputtransformer2.py:608: UserWarning: `make_tokens_by_line` received a list of lines which do not have lineending markers ('\n', '\r', '\r\n', '\x0b', '\x0c'), behavior will be unspecified
  tokens_by_line = make_tokens_by_line(lines)
/app/ipython/IPython/core/inputtransformer2.py:714: UserWarning: `make_tokens_by_line` received a list of lines which do not have lineending markers ('\n', '\r', '\r\n', '\x0b', '\x0c'), behavior will be unspecified
  tokens_by_line = make_tokens_by_line(lines)
/app/ipython/IPython/core/inputtransformer2.py:608: UserWarning: `make_tokens_by_line` received a list of lines which do not have lineending markers ('\n', '\r', '\r\n', '\x0b', '\x0c'), behavior will be unspecified
  tokens_by_line = make_tokens_by_line(lines)
/app/ipython/IPython/core/inputtransformer2.py:714: UserWarning: `make_tokens_by_line` received a list of lines which do not have lineending markers ('\n', '\r', '\r\n', '\x0b', '\x0c'), behavior will be unspecified
  tokens_by_line = make_tokens_by_line(lines)
#6972	NEW    cov: 2636 ft: 3685 corp: 92/557b lim: 11 exec/s: 6972 rss: 80Mb L: 11/11 MS: 1 ShuffleBytes-
/app/ipython/IPython/core/inputtransformer2.py:608: UserWarning: `make_tokens_by_line` received a list of lines which do not have lineending markers ('\n', '\r', '\r\n', '\x0b', '\x0c'), behavior will be unspecified
  tokens_by_line = make_tokens_by_line(lines)
/app/ipython/IPython/core/inputtransformer2.py:714: UserWarning: `make_tokens_by_line` received a list of lines which do not have lineending markers ('\n', '\r', '\r\n', '\x0b', '\x0c'), behavior will be unspecified
  tokens_by_line = make_tokens_by_line(lines)
#7023	NEW    cov: 2636 ft: 3688 corp: 93/563b lim: 11 exec/s: 7023 rss: 80Mb L: 6/11 MS: 1 CopyPart-
/app/ipython/IPython/core/inputtransformer2.py:608: UserWarning: `make_tokens_by_line` received a list of lines which do not have lineending markers ('\n', '\r', '\r\n', '\x0b', '\x0c'), behavior will be unspecified
  tokens_by_line = make_tokens_by_line(lines)
/app/ipython/IPython/core/inputtransformer2.py:714: UserWarning: `make_tokens_by_line` received a list of lines which do not have lineending markers ('\n', '\r', '\r\n', '\x0b', '\x0c'), behavior will be unspecified
  tokens_by_line = make_tokens_by_line(lines)
/app/ipython/IPython/core/inputtransformer2.py:608: UserWarning: `make_tokens_by_line` received a list of lines which do not have lineending markers ('\n', '\r', '\r\n', '\x0b', '\x0c'), behavior will be unspecified
  tokens_by_line = make_tokens_by_line(lines)
/app/ipython/IPython/core/inputtransformer2.py:714: UserWarning: `make_tokens_by_line` received a list of lines which do not have lineending markers ('\n', '\r', '\r\n', '\x0b', '\x0c'), behavior will be unspecified
  tokens_by_line = make_tokens_by_line(lines)
/app/ipython/IPython/core/inputtransformer2.py:608: UserWarning: `make_tokens_by_line` received a list of lines which do not have lineending markers ('\n', '\r', '\r\n', '\x0b', '\x0c'), behavior will be unspecified
  tokens_by_line = make_tokens_by_line(lines)
/app/ipython/IPython/core/inputtransformer2.py:608: UserWarning: `make_tokens_by_line` received a list of lines which do not have lineending markers ('\n', '\r', '\r\n', '\x0b', '\x0c'), behavior will be unspecified
  tokens_by_line = make_tokens_by_line(lines)
/app/ipython/IPython/core/inputtransformer2.py:714: UserWarning: `make_tokens_by_line` received a list of lines which do not have lineending markers ('\n', '\r', '\r\n', '\x0b', '\x0c'), behavior will be unspecified
  tokens_by_line = make_tokens_by_line(lines)
/app/ipython/IPython/core/inputtransformer2.py:608: UserWarning: `make_tokens_by_line` received a list of lines which do not have lineending markers ('\n', '\r', '\r\n', '\x0b', '\x0c'), behavior will be unspecified
  tokens_by_line = make_tokens_by_line(lines)
/app/ipython/IPython/core/inputtransformer2.py:714: UserWarning: `make_tokens_by_line` received a list of lines which do not have lineending markers ('\n', '\r', '\r\n', '\x0b', '\x0c'), behavior will be unspecified
  tokens_by_line = make_tokens_by_line(lines)
/app/ipython/IPython/core/inputtransformer2.py:608: UserWarning: `make_tokens_by_line` received a list of lines which do not have lineending markers ('\n', '\r', '\r\n', '\x0b', '\x0c'), behavior will be unspecified
  tokens_by_line = make_tokens_by_line(lines)
/app/ipython/IPython/core/inputtransformer2.py:714: UserWarning: `make_tokens_by_line` received a list of lines which do not have lineending markers ('\n', '\r', '\r\n', '\x0b', '\x0c'), behavior will be unspecified
  tokens_by_line = make_tokens_by_line(lines)
/app/ipython/IPython/core/inputtransformer2.py:608: UserWarning: `make_tokens_by_line` received a list of lines which do not have lineending markers ('\n', '\r', '\r\n', '\x0b', '\x0c'), behavior will be unspecified
  tokens_by_line = make_tokens_by_line(lines)
/app/ipython/IPython/core/inputtransformer2.py:714: UserWarning: `make_tokens_by_line` received a list of lines which do not have lineending markers ('\n', '\r', '\r\n', '\x0b', '\x0c'), behavior will be unspecified
  tokens_by_line = make_tokens_by_line(lines)
/app/ipython/IPython/core/inputtransformer2.py:608: UserWarning: `make_tokens_by_line` received a list of lines which do not have lineending markers ('\n', '\r', '\r\n', '\x0b', '\x0c'), behavior will be unspecified
  tokens_by_line = make_tokens_by_line(lines)
/app/ipython/IPython/core/inputtransformer2.py:714: UserWarning: `make_tokens_by_line` received a list of lines which do not have lineending markers ('\n', '\r', '\r\n', '\x0b', '\x0c'), behavior will be unspecified
  tokens_by_line = make_tokens_by_line(lines)
/app/ipython/IPython/core/inputtransformer2.py:608: UserWarning: `make_tokens_by_line` received a list of lines which do not have lineending markers ('\n', '\r', '\r\n', '\x0b', '\x0c'), behavior will be unspecified
  tokens_by_line = make_tokens_by_line(lines)
/app/ipython/IPython/core/inputtransformer2.py:714: UserWarning: `make_tokens_by_line` received a list of lines which do not have lineending markers ('\n', '\r', '\r\n', '\x0b', '\x0c'), behavior will be unspecified
  tokens_by_line = make_tokens_by_line(lines)
/app/ipython/IPython/core/inputtransformer2.py:608: UserWarning: `make_tokens_by_line` received a list of lines which do not have lineending markers ('\n', '\r', '\r\n', '\x0b', '\x0c'), behavior will be unspecified
  tokens_by_line = make_tokens_by_line(lines)
/app/ipython/IPython/core/inputtransformer2.py:714: UserWarning: `make_tokens_by_line` received a list of lines which do not have lineending markers ('\n', '\r', '\r\n', '\x0b', '\x0c'), behavior will be unspecified
  tokens_by_line = make_tokens_by_line(lines)
#7362	NEW    cov: 2636 ft: 3689 corp: 94/573b lim: 14 exec/s: 7362 rss: 80Mb L: 10/11 MS: 4 CopyPart-ChangeByte-ShuffleBytes-ShuffleBytes-
#7368	NEW    cov: 2636 ft: 3690 corp: 95/586b lim: 14 exec/s: 7368 rss: 80Mb L: 13/13 MS: 1 PersAutoDict- DE: "\000\000"-
/app/ipython/IPython/core/inputtransformer2.py:608: UserWarning: `make_tokens_by_line` received a list of lines which do not have lineending markers ('\n', '\r', '\r\n', '\x0b', '\x0c'), behavior will be unspecified
  tokens_by_line = make_tokens_by_line(lines)
/app/ipython/IPython/core/inputtransformer2.py:714: UserWarning: `make_tokens_by_line` received a list of lines which do not have lineending markers ('\n', '\r', '\r\n', '\x0b', '\x0c'), behavior will be unspecified
  tokens_by_line = make_tokens_by_line(lines)
/app/ipython/IPython/core/inputtransformer2.py:608: UserWarning: `make_tokens_by_line` received a list of lines which do not have lineending markers ('\n', '\r', '\r\n', '\x0b', '\x0c'), behavior will be unspecified
  tokens_by_line = make_tokens_by_line(lines)
/app/ipython/IPython/core/inputtransformer2.py:608: UserWarning: `make_tokens_by_line` received a list of lines which do not have lineending markers ('\n', '\r', '\r\n', '\x0b', '\x0c'), behavior will be unspecified
  tokens_by_line = make_tokens_by_line(lines)
/app/ipython/IPython/core/inputtransformer2.py:714: UserWarning: `make_tokens_by_line` received a list of lines which do not have lineending markers ('\n', '\r', '\r\n', '\x0b', '\x0c'), behavior will be unspecified
  tokens_by_line = make_tokens_by_line(lines)
#7624	NEW    cov: 2636 ft: 3701 corp: 96/600b lim: 14 exec/s: 7624 rss: 80Mb L: 14/14 MS: 1 CrossOver-
/app/ipython/IPython/core/inputtransformer2.py:608: UserWarning: `make_tokens_by_line` received a list of lines which do not have lineending markers ('\n', '\r', '\r\n', '\x0b', '\x0c'), behavior will be unspecified
  tokens_by_line = make_tokens_by_line(lines)
/app/ipython/IPython/core/inputtransformer2.py:714: UserWarning: `make_tokens_by_line` received a list of lines which do not have lineending markers ('\n', '\r', '\r\n', '\x0b', '\x0c'), behavior will be unspecified
  tokens_by_line = make_tokens_by_line(lines)
/app/ipython/IPython/core/inputtransformer2.py:608: UserWarning: `make_tokens_by_line` received a list of lines which do not have lineending markers ('\n', '\r', '\r\n', '\x0b', '\x0c'), behavior will be unspecified
  tokens_by_line = make_tokens_by_line(lines)
/app/ipython/IPython/core/inputtransformer2.py:714: UserWarning: `make_tokens_by_line` received a list of lines which do not have lineending markers ('\n', '\r', '\r\n', '\x0b', '\x0c'), behavior will be unspecified
  tokens_by_line = make_tokens_by_line(lines)
#7740	REDUCE cov: 2636 ft: 3702 corp: 97/607b lim: 14 exec/s: 7740 rss: 80Mb L: 7/14 MS: 1 CopyPart-
/app/ipython/IPython/core/inputtransformer2.py:608: UserWarning: `make_tokens_by_line` received a list of lines which do not have lineending markers ('\n', '\r', '\r\n', '\x0b', '\x0c'), behavior will be unspecified
  tokens_by_line = make_tokens_by_line(lines)
#7801	NEW    cov: 2636 ft: 3704 corp: 98/619b lim: 14 exec/s: 7801 rss: 80Mb L: 12/14 MS: 1 CopyPart-
#7802	NEW    cov: 2636 ft: 3707 corp: 99/631b lim: 14 exec/s: 7802 rss: 80Mb L: 12/14 MS: 1 CopyPart-
/app/ipython/IPython/core/inputtransformer2.py:608: UserWarning: `make_tokens_by_line` received a list of lines which do not have lineending markers ('\n', '\r', '\r\n', '\x0b', '\x0c'), behavior will be unspecified
  tokens_by_line = make_tokens_by_line(lines)
/app/ipython/IPython/core/inputtransformer2.py:714: UserWarning: `make_tokens_by_line` received a list of lines which do not have lineending markers ('\n', '\r', '\r\n', '\x0b', '\x0c'), behavior will be unspecified
  tokens_by_line = make_tokens_by_line(lines)
/app/ipython/IPython/core/inputtransformer2.py:608: UserWarning: `make_tokens_by_line` received a list of lines which do not have lineending markers ('\n', '\r', '\r\n', '\x0b', '\x0c'), behavior will be unspecified
  tokens_by_line = make_tokens_by_line(lines)
/app/ipython/IPython/core/inputtransformer2.py:714: UserWarning: `make_tokens_by_line` received a list of lines which do not have lineending markers ('\n', '\r', '\r\n', '\x0b', '\x0c'), behavior will be unspecified
  tokens_by_line = make_tokens_by_line(lines)
/app/ipython/IPython/core/inputtransformer2.py:608: UserWarning: `make_tokens_by_line` received a list of lines which do not have lineending markers ('\n', '\r', '\r\n', '\x0b', '\x0c'), behavior will be unspecified
  tokens_by_line = make_tokens_by_line(lines)
/app/ipython/IPython/core/inputtransformer2.py:714: UserWarning: `make_tokens_by_line` received a list of lines which do not have lineending markers ('\n', '\r', '\r\n', '\x0b', '\x0c'), behavior will be unspecified
  tokens_by_line = make_tokens_by_line(lines)
/app/ipython/IPython/core/inputtransformer2.py:608: UserWarning: `make_tokens_by_line` received a list of lines which do not have lineending markers ('\n', '\r', '\r\n', '\x0b', '\x0c'), behavior will be unspecified
  tokens_by_line = make_tokens_by_line(lines)
/app/ipython/IPython/core/inputtransformer2.py:714: UserWarning: `make_tokens_by_line` received a list of lines which do not have lineending markers ('\n', '\r', '\r\n', '\x0b', '\x0c'), behavior will be unspecified
  tokens_by_line = make_tokens_by_line(lines)
/app/ipython/IPython/core/inputtransformer2.py:608: UserWarning: `make_tokens_by_line` received a list of lines which do not have lineending markers ('\n', '\r', '\r\n', '\x0b', '\x0c'), behavior will be unspecified
  tokens_by_line = make_tokens_by_line(lines)
/app/ipython/IPython/core/inputtransformer2.py:714: UserWarning: `make_tokens_by_line` received a list of lines which do not have lineending markers ('\n', '\r', '\r\n', '\x0b', '\x0c'), behavior will be unspecified
  tokens_by_line = make_tokens_by_line(lines)
/app/ipython/IPython/core/inputtransformer2.py:608: UserWarning: `make_tokens_by_line` received a list of lines which do not have lineending markers ('\n', '\r', '\r\n', '\x0b', '\x0c'), behavior will be unspecified
  tokens_by_line = make_tokens_by_line(lines)
/app/ipython/IPython/core/inputtransformer2.py:608: UserWarning: `make_tokens_by_line` received a list of lines which do not have lineending markers ('\n', '\r', '\r\n', '\x0b', '\x0c'), behavior will be unspecified
  tokens_by_line = make_tokens_by_line(lines)
/app/ipython/IPython/core/inputtransformer2.py:714: UserWarning: `make_tokens_by_line` received a list of lines which do not have lineending markers ('\n', '\r', '\r\n', '\x0b', '\x0c'), behavior will be unspecified
  tokens_by_line = make_tokens_by_line(lines)
#7884	REDUCE cov: 2636 ft: 3707 corp: 99/629b lim: 14 exec/s: 7884 rss: 80Mb L: 9/14 MS: 2 ChangeByte-EraseBytes-
/app/ipython/IPython/core/inputtransformer2.py:608: UserWarning: `make_tokens_by_line` received a list of lines which do not have lineending markers ('\n', '\r', '\r\n', '\x0b', '\x0c'), behavior will be unspecified
  tokens_by_line = make_tokens_by_line(lines)
/app/ipython/IPython/core/inputtransformer2.py:608: UserWarning: `make_tokens_by_line` received a list of lines which do not have lineending markers ('\n', '\r', '\r\n', '\x0b', '\x0c'), behavior will be unspecified
  tokens_by_line = make_tokens_by_line(lines)
/app/ipython/IPython/core/inputtransformer2.py:714: UserWarning: `make_tokens_by_line` received a list of lines which do not have lineending markers ('\n', '\r', '\r\n', '\x0b', '\x0c'), behavior will be unspecified
  tokens_by_line = make_tokens_by_line(lines)
/app/ipython/IPython/core/inputtransformer2.py:608: UserWarning: `make_tokens_by_line` received a list of lines which do not have lineending markers ('\n', '\r', '\r\n', '\x0b', '\x0c'), behavior will be unspecified
  tokens_by_line = make_tokens_by_line(lines)
/app/ipython/IPython/core/inputtransformer2.py:714: UserWarning: `make_tokens_by_line` received a list of lines which do not have lineending markers ('\n', '\r', '\r\n', '\x0b', '\x0c'), behavior will be unspecified
  tokens_by_line = make_tokens_by_line(lines)
/app/ipython/IPython/core/inputtransformer2.py:608: UserWarning: `make_tokens_by_line` received a list of lines which do not have lineending markers ('\n', '\r', '\r\n', '\x0b', '\x0c'), behavior will be unspecified
  tokens_by_line = make_tokens_by_line(lines)
/app/ipython/IPython/core/inputtransformer2.py:714: UserWarning: `make_tokens_by_line` received a list of lines which do not have lineending markers ('\n', '\r', '\r\n', '\x0b', '\x0c'), behavior will be unspecified
  tokens_by_line = make_tokens_by_line(lines)
/app/ipython/IPython/core/inputtransformer2.py:608: UserWarning: `make_tokens_by_line` received a list of lines which do not have lineending markers ('\n', '\r', '\r\n', '\x0b', '\x0c'), behavior will be unspecified
  tokens_by_line = make_tokens_by_line(lines)
/app/ipython/IPython/core/inputtransformer2.py:714: UserWarning: `make_tokens_by_line` received a list of lines which do not have lineending markers ('\n', '\r', '\r\n', '\x0b', '\x0c'), behavior will be unspecified
  tokens_by_line = make_tokens_by_line(lines)
/app/ipython/IPython/core/inputtransformer2.py:608: UserWarning: `make_tokens_by_line` received a list of lines which do not have lineending markers ('\n', '\r', '\r\n', '\x0b', '\x0c'), behavior will be unspecified
  tokens_by_line = make_tokens_by_line(lines)
/app/ipython/IPython/core/inputtransformer2.py:714: UserWarning: `make_tokens_by_line` received a list of lines which do not have lineending markers ('\n', '\r', '\r\n', '\x0b', '\x0c'), behavior will be unspecified
  tokens_by_line = make_tokens_by_line(lines)
/app/ipython/IPython/core/inputtransformer2.py:608: UserWarning: `make_tokens_by_line` received a list of lines which do not have lineending markers ('\n', '\r', '\r\n', '\x0b', '\x0c'), behavior will be unspecified
  tokens_by_line = make_tokens_by_line(lines)
#8055	NEW    cov: 2636 ft: 3709 corp: 100/641b lim: 14 exec/s: 8055 rss: 80Mb L: 12/14 MS: 1 PersAutoDict- DE: "\377\377\377\377"-
#8091	REDUCE cov: 2636 ft: 3711 corp: 101/653b lim: 14 exec/s: 8091 rss: 80Mb L: 12/14 MS: 1 CopyPart-
/app/ipython/IPython/core/inputtransformer2.py:608: UserWarning: `make_tokens_by_line` received a list of lines which do not have lineending markers ('\n', '\r', '\r\n', '\x0b', '\x0c'), behavior will be unspecified
  tokens_by_line = make_tokens_by_line(lines)
/app/ipython/IPython/core/inputtransformer2.py:714: UserWarning: `make_tokens_by_line` received a list of lines which do not have lineending markers ('\n', '\r', '\r\n', '\x0b', '\x0c'), behavior will be unspecified
  tokens_by_line = make_tokens_by_line(lines)
/app/ipython/IPython/core/inputtransformer2.py:608: UserWarning: `make_tokens_by_line` received a list of lines which do not have lineending markers ('\n', '\r', '\r\n', '\x0b', '\x0c'), behavior will be unspecified
  tokens_by_line = make_tokens_by_line(lines)
/app/ipython/IPython/core/inputtransformer2.py:714: UserWarning: `make_tokens_by_line` received a list of lines which do not have lineending markers ('\n', '\r', '\r\n', '\x0b', '\x0c'), behavior will be unspecified
  tokens_by_line = make_tokens_by_line(lines)
/app/ipython/IPython/core/inputtransformer2.py:608: UserWarning: `make_tokens_by_line` received a list of lines which do not have lineending markers ('\n', '\r', '\r\n', '\x0b', '\x0c'), behavior will be unspecified
  tokens_by_line = make_tokens_by_line(lines)
/app/ipython/IPython/core/inputtransformer2.py:714: UserWarning: `make_tokens_by_line` received a list of lines which do not have lineending markers ('\n', '\r', '\r\n', '\x0b', '\x0c'), behavior will be unspecified
  tokens_by_line = make_tokens_by_line(lines)
/app/ipython/IPython/core/inputtransformer2.py:608: UserWarning: `make_tokens_by_line` received a list of lines which do not have lineending markers ('\n', '\r', '\r\n', '\x0b', '\x0c'), behavior will be unspecified
  tokens_by_line = make_tokens_by_line(lines)
/app/ipython/IPython/core/inputtransformer2.py:714: UserWarning: `make_tokens_by_line` received a list of lines which do not have lineending markers ('\n', '\r', '\r\n', '\x0b', '\x0c'), behavior will be unspecified
  tokens_by_line = make_tokens_by_line(lines)
/app/ipython/IPython/core/inputtransformer2.py:608: UserWarning: `make_tokens_by_line` received a list of lines which do not have lineending markers ('\n', '\r', '\r\n', '\x0b', '\x0c'), behavior will be unspecified
  tokens_by_line = make_tokens_by_line(lines)
/app/ipython/IPython/core/inputtransformer2.py:714: UserWarning: `make_tokens_by_line` received a list of lines which do not have lineending markers ('\n', '\r', '\r\n', '\x0b', '\x0c'), behavior will be unspecified
  tokens_by_line = make_tokens_by_line(lines)
/app/ipython/IPython/core/inputtransformer2.py:608: UserWarning: `make_tokens_by_line` received a list of lines which do not have lineending markers ('\n', '\r', '\r\n', '\x0b', '\x0c'), behavior will be unspecified
  tokens_by_line = make_tokens_by_line(lines)
/app/ipython/IPython/core/inputtransformer2.py:608: UserWarning: `make_tokens_by_line` received a list of lines which do not have lineending markers ('\n', '\r', '\r\n', '\x0b', '\x0c'), behavior will be unspecified
  tokens_by_line = make_tokens_by_line(lines)
/app/ipython/IPython/core/inputtransformer2.py:608: UserWarning: `make_tokens_by_line` received a list of lines which do not have lineending markers ('\n', '\r', '\r\n', '\x0b', '\x0c'), behavior will be unspecified
  tokens_by_line = make_tokens_by_line(lines)
/app/ipython/IPython/core/inputtransformer2.py:714: UserWarning: `make_tokens_by_line` received a list of lines which do not have lineending markers ('\n', '\r', '\r\n', '\x0b', '\x0c'), behavior will be unspecified
  tokens_by_line = make_tokens_by_line(lines)
/app/ipython/IPython/core/inputtransformer2.py:608: UserWarning: `make_tokens_by_line` received a list of lines which do not have lineending markers ('\n', '\r', '\r\n', '\x0b', '\x0c'), behavior will be unspecified
  tokens_by_line = make_tokens_by_line(lines)
/app/ipython/IPython/core/inputtransformer2.py:714: UserWarning: `make_tokens_by_line` received a list of lines which do not have lineending markers ('\n', '\r', '\r\n', '\x0b', '\x0c'), behavior will be unspecified
  tokens_by_line = make_tokens_by_line(lines)
/app/ipython/IPython/core/inputtransformer2.py:608: UserWarning: `make_tokens_by_line` received a list of lines which do not have lineending markers ('\n', '\r', '\r\n', '\x0b', '\x0c'), behavior will be unspecified
  tokens_by_line = make_tokens_by_line(lines)
/app/ipython/IPython/core/inputtransformer2.py:714: UserWarning: `make_tokens_by_line` received a list of lines which do not have lineending markers ('\n', '\r', '\r\n', '\x0b', '\x0c'), behavior will be unspecified
  tokens_by_line = make_tokens_by_line(lines)
/app/ipython/IPython/core/inputtransformer2.py:608: UserWarning: `make_tokens_by_line` received a list of lines which do not have lineending markers ('\n', '\r', '\r\n', '\x0b', '\x0c'), behavior will be unspecified
  tokens_by_line = make_tokens_by_line(lines)
/app/ipython/IPython/core/inputtransformer2.py:714: UserWarning: `make_tokens_by_line` received a list of lines which do not have lineending markers ('\n', '\r', '\r\n', '\x0b', '\x0c'), behavior will be unspecified
  tokens_by_line = make_tokens_by_line(lines)
#8249	NEW    cov: 2636 ft: 3712 corp: 102/667b lim: 14 exec/s: 8249 rss: 80Mb L: 14/14 MS: 3 ChangeASCIIInt-PersAutoDict-ChangeByte- DE: "\000\000"-
/app/ipython/IPython/core/inputtransformer2.py:608: UserWarning: `make_tokens_by_line` received a list of lines which do not have lineending markers ('\n', '\r', '\r\n', '\x0b', '\x0c'), behavior will be unspecified
  tokens_by_line = make_tokens_by_line(lines)
/app/ipython/IPython/core/inputtransformer2.py:714: UserWarning: `make_tokens_by_line` received a list of lines which do not have lineending markers ('\n', '\r', '\r\n', '\x0b', '\x0c'), behavior will be unspecified
  tokens_by_line = make_tokens_by_line(lines)
#8291	REDUCE cov: 2636 ft: 3712 corp: 102/666b lim: 14 exec/s: 8291 rss: 80Mb L: 10/14 MS: 2 EraseBytes-CMP- DE: "\001\000\000\000"-
/app/ipython/IPython/core/inputtransformer2.py:608: UserWarning: `make_tokens_by_line` received a list of lines which do not have lineending markers ('\n', '\r', '\r\n', '\x0b', '\x0c'), behavior will be unspecified
  tokens_by_line = make_tokens_by_line(lines)
/app/ipython/IPython/core/inputtransformer2.py:714: UserWarning: `make_tokens_by_line` received a list of lines which do not have lineending markers ('\n', '\r', '\r\n', '\x0b', '\x0c'), behavior will be unspecified
  tokens_by_line = make_tokens_by_line(lines)
#8372	NEW    cov: 2636 ft: 3714 corp: 103/678b lim: 14 exec/s: 8372 rss: 80Mb L: 12/14 MS: 1 CopyPart-
/app/ipython/IPython/core/inputtransformer2.py:608: UserWarning: `make_tokens_by_line` received a list of lines which do not have lineending markers ('\n', '\r', '\r\n', '\x0b', '\x0c'), behavior will be unspecified
  tokens_by_line = make_tokens_by_line(lines)
/app/ipython/IPython/core/inputtransformer2.py:714: UserWarning: `make_tokens_by_line` received a list of lines which do not have lineending markers ('\n', '\r', '\r\n', '\x0b', '\x0c'), behavior will be unspecified
  tokens_by_line = make_tokens_by_line(lines)
/app/ipython/IPython/core/inputtransformer2.py:608: UserWarning: `make_tokens_by_line` received a list of lines which do not have lineending markers ('\n', '\r', '\r\n', '\x0b', '\x0c'), behavior will be unspecified
  tokens_by_line = make_tokens_by_line(lines)
/app/ipython/IPython/core/inputtransformer2.py:714: UserWarning: `make_tokens_by_line` received a list of lines which do not have lineending markers ('\n', '\r', '\r\n', '\x0b', '\x0c'), behavior will be unspecified
  tokens_by_line = make_tokens_by_line(lines)
/app/ipython/IPython/core/inputtransformer2.py:608: UserWarning: `make_tokens_by_line` received a list of lines which do not have lineending markers ('\n', '\r', '\r\n', '\x0b', '\x0c'), behavior will be unspecified
  tokens_by_line = make_tokens_by_line(lines)
/app/ipython/IPython/core/inputtransformer2.py:714: UserWarning: `make_tokens_by_line` received a list of lines which do not have lineending markers ('\n', '\r', '\r\n', '\x0b', '\x0c'), behavior will be unspecified
  tokens_by_line = make_tokens_by_line(lines)
/app/ipython/IPython/core/inputtransformer2.py:608: UserWarning: `make_tokens_by_line` received a list of lines which do not have lineending markers ('\n', '\r', '\r\n', '\x0b', '\x0c'), behavior will be unspecified
  tokens_by_line = make_tokens_by_line(lines)
/app/ipython/IPython/core/inputtransformer2.py:714: UserWarning: `make_tokens_by_line` received a list of lines which do not have lineending markers ('\n', '\r', '\r\n', '\x0b', '\x0c'), behavior will be unspecified
  tokens_by_line = make_tokens_by_line(lines)
/app/ipython/IPython/core/inputtransformer2.py:608: UserWarning: `make_tokens_by_line` received a list of lines which do not have lineending markers ('\n', '\r', '\r\n', '\x0b', '\x0c'), behavior will be unspecified
  tokens_by_line = make_tokens_by_line(lines)
/app/ipython/IPython/core/inputtransformer2.py:714: UserWarning: `make_tokens_by_line` received a list of lines which do not have lineending markers ('\n', '\r', '\r\n', '\x0b', '\x0c'), behavior will be unspecified
  tokens_by_line = make_tokens_by_line(lines)
/app/ipython/IPython/core/inputtransformer2.py:608: UserWarning: `make_tokens_by_line` received a list of lines which do not have lineending markers ('\n', '\r', '\r\n', '\x0b', '\x0c'), behavior will be unspecified
  tokens_by_line = make_tokens_by_line(lines)
/app/ipython/IPython/core/inputtransformer2.py:714: UserWarning: `make_tokens_by_line` received a list of lines which do not have lineending markers ('\n', '\r', '\r\n', '\x0b', '\x0c'), behavior will be unspecified
  tokens_by_line = make_tokens_by_line(lines)
#8519	REDUCE cov: 2636 ft: 3714 corp: 103/676b lim: 14 exec/s: 8519 rss: 80Mb L: 10/14 MS: 2 ChangeASCIIInt-EraseBytes-
/app/ipython/IPython/core/inputtransformer2.py:608: UserWarning: `make_tokens_by_line` received a list of lines which do not have lineending markers ('\n', '\r', '\r\n', '\x0b', '\x0c'), behavior will be unspecified
  tokens_by_line = make_tokens_by_line(lines)
/app/ipython/IPython/core/inputtransformer2.py:714: UserWarning: `make_tokens_by_line` received a list of lines which do not have lineending markers ('\n', '\r', '\r\n', '\x0b', '\x0c'), behavior will be unspecified
  tokens_by_line = make_tokens_by_line(lines)
#8620	NEW    cov: 2636 ft: 3719 corp: 104/686b lim: 14 exec/s: 8620 rss: 80Mb L: 10/14 MS: 1 ChangeByte-
#8636	NEW    cov: 2636 ft: 3722 corp: 105/696b lim: 14 exec/s: 8636 rss: 80Mb L: 10/14 MS: 1 CrossOver-
#8653	REDUCE cov: 2636 ft: 3722 corp: 105/692b lim: 14 exec/s: 8653 rss: 80Mb L: 6/14 MS: 2 InsertByte-EraseBytes-
#8663	NEW    cov: 2636 ft: 3724 corp: 106/705b lim: 14 exec/s: 8663 rss: 80Mb L: 13/14 MS: 5 ChangeByte-InsertByte-InsertByte-ChangeBit-CopyPart-
/app/ipython/IPython/core/inputtransformer2.py:608: UserWarning: `make_tokens_by_line` received a list of lines which do not have lineending markers ('\n', '\r', '\r\n', '\x0b', '\x0c'), behavior will be unspecified
  tokens_by_line = make_tokens_by_line(lines)
/app/ipython/IPython/core/inputtransformer2.py:714: UserWarning: `make_tokens_by_line` received a list of lines which do not have lineending markers ('\n', '\r', '\r\n', '\x0b', '\x0c'), behavior will be unspecified
  tokens_by_line = make_tokens_by_line(lines)
/app/ipython/IPython/core/inputtransformer2.py:608: UserWarning: `make_tokens_by_line` received a list of lines which do not have lineending markers ('\n', '\r', '\r\n', '\x0b', '\x0c'), behavior will be unspecified
  tokens_by_line = make_tokens_by_line(lines)
/app/ipython/IPython/core/inputtransformer2.py:714: UserWarning: `make_tokens_by_line` received a list of lines which do not have lineending markers ('\n', '\r', '\r\n', '\x0b', '\x0c'), behavior will be unspecified
  tokens_by_line = make_tokens_by_line(lines)
/app/ipython/IPython/core/inputtransformer2.py:608: UserWarning: `make_tokens_by_line` received a list of lines which do not have lineending markers ('\n', '\r', '\r\n', '\x0b', '\x0c'), behavior will be unspecified
  tokens_by_line = make_tokens_by_line(lines)
/app/ipython/IPython/core/inputtransformer2.py:608: UserWarning: `make_tokens_by_line` received a list of lines which do not have lineending markers ('\n', '\r', '\r\n', '\x0b', '\x0c'), behavior will be unspecified
  tokens_by_line = make_tokens_by_line(lines)
/app/ipython/IPython/core/inputtransformer2.py:714: UserWarning: `make_tokens_by_line` received a list of lines which do not have lineending markers ('\n', '\r', '\r\n', '\x0b', '\x0c'), behavior will be unspecified
  tokens_by_line = make_tokens_by_line(lines)
#8709	NEW    cov: 2636 ft: 3727 corp: 107/717b lim: 14 exec/s: 8709 rss: 80Mb L: 12/14 MS: 1 CrossOver-
/app/ipython/IPython/core/inputtransformer2.py:608: UserWarning: `make_tokens_by_line` received a list of lines which do not have lineending markers ('\n', '\r', '\r\n', '\x0b', '\x0c'), behavior will be unspecified
  tokens_by_line = make_tokens_by_line(lines)
/app/ipython/IPython/core/inputtransformer2.py:608: UserWarning: `make_tokens_by_line` received a list of lines which do not have lineending markers ('\n', '\r', '\r\n', '\x0b', '\x0c'), behavior will be unspecified
  tokens_by_line = make_tokens_by_line(lines)
/app/ipython/IPython/core/inputtransformer2.py:714: UserWarning: `make_tokens_by_line` received a list of lines which do not have lineending markers ('\n', '\r', '\r\n', '\x0b', '\x0c'), behavior will be unspecified
  tokens_by_line = make_tokens_by_line(lines)
/app/ipython/IPython/core/inputtransformer2.py:608: UserWarning: `make_tokens_by_line` received a list of lines which do not have lineending markers ('\n', '\r', '\r\n', '\x0b', '\x0c'), behavior will be unspecified
  tokens_by_line = make_tokens_by_line(lines)
/app/ipython/IPython/core/inputtransformer2.py:714: UserWarning: `make_tokens_by_line` received a list of lines which do not have lineending markers ('\n', '\r', '\r\n', '\x0b', '\x0c'), behavior will be unspecified
  tokens_by_line = make_tokens_by_line(lines)
/app/ipython/IPython/core/inputtransformer2.py:608: UserWarning: `make_tokens_by_line` received a list of lines which do not have lineending markers ('\n', '\r', '\r\n', '\x0b', '\x0c'), behavior will be unspecified
  tokens_by_line = make_tokens_by_line(lines)
/app/ipython/IPython/core/inputtransformer2.py:714: UserWarning: `make_tokens_by_line` received a list of lines which do not have lineending markers ('\n', '\r', '\r\n', '\x0b', '\x0c'), behavior will be unspecified
  tokens_by_line = make_tokens_by_line(lines)
/app/ipython/IPython/core/inputtransformer2.py:608: UserWarning: `make_tokens_by_line` received a list of lines which do not have lineending markers ('\n', '\r', '\r\n', '\x0b', '\x0c'), behavior will be unspecified
  tokens_by_line = make_tokens_by_line(lines)
/app/ipython/IPython/core/inputtransformer2.py:608: UserWarning: `make_tokens_by_line` received a list of lines which do not have lineending markers ('\n', '\r', '\r\n', '\x0b', '\x0c'), behavior will be unspecified
  tokens_by_line = make_tokens_by_line(lines)
/app/ipython/IPython/core/inputtransformer2.py:714: UserWarning: `make_tokens_by_line` received a list of lines which do not have lineending markers ('\n', '\r', '\r\n', '\x0b', '\x0c'), behavior will be unspecified
  tokens_by_line = make_tokens_by_line(lines)
/app/ipython/IPython/core/inputtransformer2.py:608: UserWarning: `make_tokens_by_line` received a list of lines which do not have lineending markers ('\n', '\r', '\r\n', '\x0b', '\x0c'), behavior will be unspecified
  tokens_by_line = make_tokens_by_line(lines)
/app/ipython/IPython/core/inputtransformer2.py:714: UserWarning: `make_tokens_by_line` received a list of lines which do not have lineending markers ('\n', '\r', '\r\n', '\x0b', '\x0c'), behavior will be unspecified
  tokens_by_line = make_tokens_by_line(lines)
/app/ipython/IPython/core/inputtransformer2.py:608: UserWarning: `make_tokens_by_line` received a list of lines which do not have lineending markers ('\n', '\r', '\r\n', '\x0b', '\x0c'), behavior will be unspecified
  tokens_by_line = make_tokens_by_line(lines)
/app/ipython/IPython/core/inputtransformer2.py:714: UserWarning: `make_tokens_by_line` received a list of lines which do not have lineending markers ('\n', '\r', '\r\n', '\x0b', '\x0c'), behavior will be unspecified
  tokens_by_line = make_tokens_by_line(lines)
/app/ipython/IPython/core/inputtransformer2.py:608: UserWarning: `make_tokens_by_line` received a list of lines which do not have lineending markers ('\n', '\r', '\r\n', '\x0b', '\x0c'), behavior will be unspecified
  tokens_by_line = make_tokens_by_line(lines)
/app/ipython/IPython/core/inputtransformer2.py:714: UserWarning: `make_tokens_by_line` received a list of lines which do not have lineending markers ('\n', '\r', '\r\n', '\x0b', '\x0c'), behavior will be unspecified
  tokens_by_line = make_tokens_by_line(lines)
/app/ipython/IPython/core/inputtransformer2.py:608: UserWarning: `make_tokens_by_line` received a list of lines which do not have lineending markers ('\n', '\r', '\r\n', '\x0b', '\x0c'), behavior will be unspecified
  tokens_by_line = make_tokens_by_line(lines)
/app/ipython/IPython/core/inputtransformer2.py:714: UserWarning: `make_tokens_by_line` received a list of lines which do not have lineending markers ('\n', '\r', '\r\n', '\x0b', '\x0c'), behavior will be unspecified
  tokens_by_line = make_tokens_by_line(lines)
/app/ipython/IPython/core/inputtransformer2.py:608: UserWarning: `make_tokens_by_line` received a list of lines which do not have lineending markers ('\n', '\r', '\r\n', '\x0b', '\x0c'), behavior will be unspecified
  tokens_by_line = make_tokens_by_line(lines)
/app/ipython/IPython/core/inputtransformer2.py:714: UserWarning: `make_tokens_by_line` received a list of lines which do not have lineending markers ('\n', '\r', '\r\n', '\x0b', '\x0c'), behavior will be unspecified
  tokens_by_line = make_tokens_by_line(lines)
/app/ipython/IPython/core/inputtransformer2.py:608: UserWarning: `make_tokens_by_line` received a list of lines which do not have lineending markers ('\n', '\r', '\r\n', '\x0b', '\x0c'), behavior will be unspecified
  tokens_by_line = make_tokens_by_line(lines)
/app/ipython/IPython/core/inputtransformer2.py:714: UserWarning: `make_tokens_by_line` received a list of lines which do not have lineending markers ('\n', '\r', '\r\n', '\x0b', '\x0c'), behavior will be unspecified
  tokens_by_line = make_tokens_by_line(lines)
/app/ipython/IPython/core/inputtransformer2.py:608: UserWarning: `make_tokens_by_line` received a list of lines which do not have lineending markers ('\n', '\r', '\r\n', '\x0b', '\x0c'), behavior will be unspecified
  tokens_by_line = make_tokens_by_line(lines)
/app/ipython/IPython/core/inputtransformer2.py:714: UserWarning: `make_tokens_by_line` received a list of lines which do not have lineending markers ('\n', '\r', '\r\n', '\x0b', '\x0c'), behavior will be unspecified
  tokens_by_line = make_tokens_by_line(lines)
/app/ipython/IPython/core/inputtransformer2.py:608: UserWarning: `make_tokens_by_line` received a list of lines which do not have lineending markers ('\n', '\r', '\r\n', '\x0b', '\x0c'), behavior will be unspecified
  tokens_by_line = make_tokens_by_line(lines)
/app/ipython/IPython/core/inputtransformer2.py:714: UserWarning: `make_tokens_by_line` received a list of lines which do not have lineending markers ('\n', '\r', '\r\n', '\x0b', '\x0c'), behavior will be unspecified
  tokens_by_line = make_tokens_by_line(lines)
/app/ipython/IPython/core/inputtransformer2.py:608: UserWarning: `make_tokens_by_line` received a list of lines which do not have lineending markers ('\n', '\r', '\r\n', '\x0b', '\x0c'), behavior will be unspecified
  tokens_by_line = make_tokens_by_line(lines)
/app/ipython/IPython/core/inputtransformer2.py:714: UserWarning: `make_tokens_by_line` received a list of lines which do not have lineending markers ('\n', '\r', '\r\n', '\x0b', '\x0c'), behavior will be unspecified
  tokens_by_line = make_tokens_by_line(lines)
/app/ipython/IPython/core/inputtransformer2.py:608: UserWarning: `make_tokens_by_line` received a list of lines which do not have lineending markers ('\n', '\r', '\r\n', '\x0b', '\x0c'), behavior will be unspecified
  tokens_by_line = make_tokens_by_line(lines)
/app/ipython/IPython/core/inputtransformer2.py:714: UserWarning: `make_tokens_by_line` received a list of lines which do not have lineending markers ('\n', '\r', '\r\n', '\x0b', '\x0c'), behavior will be unspecified
  tokens_by_line = make_tokens_by_line(lines)
#8930	REDUCE cov: 2636 ft: 3727 corp: 107/715b lim: 14 exec/s: 8930 rss: 80Mb L: 7/14 MS: 1 EraseBytes-
#8946	NEW    cov: 2636 ft: 3729 corp: 108/728b lim: 14 exec/s: 8946 rss: 80Mb L: 13/14 MS: 1 InsertByte-
/app/ipython/IPython/core/inputtransformer2.py:608: UserWarning: `make_tokens_by_line` received a list of lines which do not have lineending markers ('\n', '\r', '\r\n', '\x0b', '\x0c'), behavior will be unspecified
  tokens_by_line = make_tokens_by_line(lines)
/app/ipython/IPython/core/inputtransformer2.py:714: UserWarning: `make_tokens_by_line` received a list of lines which do not have lineending markers ('\n', '\r', '\r\n', '\x0b', '\x0c'), behavior will be unspecified
  tokens_by_line = make_tokens_by_line(lines)
/app/ipython/IPython/core/inputtransformer2.py:608: UserWarning: `make_tokens_by_line` received a list of lines which do not have lineending markers ('\n', '\r', '\r\n', '\x0b', '\x0c'), behavior will be unspecified
  tokens_by_line = make_tokens_by_line(lines)
/app/ipython/IPython/core/inputtransformer2.py:714: UserWarning: `make_tokens_by_line` received a list of lines which do not have lineending markers ('\n', '\r', '\r\n', '\x0b', '\x0c'), behavior will be unspecified
  tokens_by_line = make_tokens_by_line(lines)
/app/ipython/IPython/core/inputtransformer2.py:608: UserWarning: `make_tokens_by_line` received a list of lines which do not have lineending markers ('\n', '\r', '\r\n', '\x0b', '\x0c'), behavior will be unspecified
  tokens_by_line = make_tokens_by_line(lines)
/app/ipython/IPython/core/inputtransformer2.py:714: UserWarning: `make_tokens_by_line` received a list of lines which do not have lineending markers ('\n', '\r', '\r\n', '\x0b', '\x0c'), behavior will be unspecified
  tokens_by_line = make_tokens_by_line(lines)
#9052	NEW    cov: 2636 ft: 3732 corp: 109/741b lim: 14 exec/s: 9052 rss: 80Mb L: 13/14 MS: 1 InsertRepeatedBytes-
#9059	REDUCE cov: 2636 ft: 3732 corp: 109/739b lim: 14 exec/s: 9059 rss: 80Mb L: 9/14 MS: 2 InsertByte-EraseBytes-
/app/ipython/IPython/core/inputtransformer2.py:608: UserWarning: `make_tokens_by_line` received a list of lines which do not have lineending markers ('\n', '\r', '\r\n', '\x0b', '\x0c'), behavior will be unspecified
  tokens_by_line = make_tokens_by_line(lines)
/app/ipython/IPython/core/inputtransformer2.py:714: UserWarning: `make_tokens_by_line` received a list of lines which do not have lineending markers ('\n', '\r', '\r\n', '\x0b', '\x0c'), behavior will be unspecified
  tokens_by_line = make_tokens_by_line(lines)
/app/ipython/IPython/core/inputtransformer2.py:608: UserWarning: `make_tokens_by_line` received a list of lines which do not have lineending markers ('\n', '\r', '\r\n', '\x0b', '\x0c'), behavior will be unspecified
  tokens_by_line = make_tokens_by_line(lines)
/app/ipython/IPython/core/inputtransformer2.py:714: UserWarning: `make_tokens_by_line` received a list of lines which do not have lineending markers ('\n', '\r', '\r\n', '\x0b', '\x0c'), behavior will be unspecified
  tokens_by_line = make_tokens_by_line(lines)
/app/ipython/IPython/core/inputtransformer2.py:608: UserWarning: `make_tokens_by_line` received a list of lines which do not have lineending markers ('\n', '\r', '\r\n', '\x0b', '\x0c'), behavior will be unspecified
  tokens_by_line = make_tokens_by_line(lines)
/app/ipython/IPython/core/inputtransformer2.py:714: UserWarning: `make_tokens_by_line` received a list of lines which do not have lineending markers ('\n', '\r', '\r\n', '\x0b', '\x0c'), behavior will be unspecified
  tokens_by_line = make_tokens_by_line(lines)
/app/ipython/IPython/core/inputtransformer2.py:608: UserWarning: `make_tokens_by_line` received a list of lines which do not have lineending markers ('\n', '\r', '\r\n', '\x0b', '\x0c'), behavior will be unspecified
  tokens_by_line = make_tokens_by_line(lines)
/app/ipython/IPython/core/inputtransformer2.py:714: UserWarning: `make_tokens_by_line` received a list of lines which do not have lineending markers ('\n', '\r', '\r\n', '\x0b', '\x0c'), behavior will be unspecified
  tokens_by_line = make_tokens_by_line(lines)
/app/ipython/IPython/core/inputtransformer2.py:608: UserWarning: `make_tokens_by_line` received a list of lines which do not have lineending markers ('\n', '\r', '\r\n', '\x0b', '\x0c'), behavior will be unspecified
  tokens_by_line = make_tokens_by_line(lines)
/app/ipython/IPython/core/inputtransformer2.py:714: UserWarning: `make_tokens_by_line` received a list of lines which do not have lineending markers ('\n', '\r', '\r\n', '\x0b', '\x0c'), behavior will be unspecified
  tokens_by_line = make_tokens_by_line(lines)
#9160	REDUCE cov: 2636 ft: 3732 corp: 109/738b lim: 14 exec/s: 9160 rss: 80Mb L: 11/14 MS: 1 EraseBytes-
/app/ipython/IPython/core/inputtransformer2.py:608: UserWarning: `make_tokens_by_line` received a list of lines which do not have lineending markers ('\n', '\r', '\r\n', '\x0b', '\x0c'), behavior will be unspecified
  tokens_by_line = make_tokens_by_line(lines)
/app/ipython/IPython/core/inputtransformer2.py:714: UserWarning: `make_tokens_by_line` received a list of lines which do not have lineending markers ('\n', '\r', '\r\n', '\x0b', '\x0c'), behavior will be unspecified
  tokens_by_line = make_tokens_by_line(lines)
#9199	NEW    cov: 2636 ft: 3733 corp: 110/752b lim: 14 exec/s: 9199 rss: 80Mb L: 14/14 MS: 4 InsertByte-ChangeBinInt-CMP-ChangeBinInt- DE: "\377\377\377\377"-
/app/ipython/IPython/core/inputtransformer2.py:608: UserWarning: `make_tokens_by_line` received a list of lines which do not have lineending markers ('\n', '\r', '\r\n', '\x0b', '\x0c'), behavior will be unspecified
  tokens_by_line = make_tokens_by_line(lines)
/app/ipython/IPython/core/inputtransformer2.py:608: UserWarning: `make_tokens_by_line` received a list of lines which do not have lineending markers ('\n', '\r', '\r\n', '\x0b', '\x0c'), behavior will be unspecified
  tokens_by_line = make_tokens_by_line(lines)
/app/ipython/IPython/core/inputtransformer2.py:714: UserWarning: `make_tokens_by_line` received a list of lines which do not have lineending markers ('\n', '\r', '\r\n', '\x0b', '\x0c'), behavior will be unspecified
  tokens_by_line = make_tokens_by_line(lines)
/app/ipython/IPython/core/inputtransformer2.py:608: UserWarning: `make_tokens_by_line` received a list of lines which do not have lineending markers ('\n', '\r', '\r\n', '\x0b', '\x0c'), behavior will be unspecified
  tokens_by_line = make_tokens_by_line(lines)
/app/ipython/IPython/core/inputtransformer2.py:714: UserWarning: `make_tokens_by_line` received a list of lines which do not have lineending markers ('\n', '\r', '\r\n', '\x0b', '\x0c'), behavior will be unspecified
  tokens_by_line = make_tokens_by_line(lines)
/app/ipython/IPython/core/inputtransformer2.py:608: UserWarning: `make_tokens_by_line` received a list of lines which do not have lineending markers ('\n', '\r', '\r\n', '\x0b', '\x0c'), behavior will be unspecified
  tokens_by_line = make_tokens_by_line(lines)
/app/ipython/IPython/core/inputtransformer2.py:714: UserWarning: `make_tokens_by_line` received a list of lines which do not have lineending markers ('\n', '\r', '\r\n', '\x0b', '\x0c'), behavior will be unspecified
  tokens_by_line = make_tokens_by_line(lines)
/app/ipython/IPython/core/inputtransformer2.py:608: UserWarning: `make_tokens_by_line` received a list of lines which do not have lineending markers ('\n', '\r', '\r\n', '\x0b', '\x0c'), behavior will be unspecified
  tokens_by_line = make_tokens_by_line(lines)
/app/ipython/IPython/core/inputtransformer2.py:714: UserWarning: `make_tokens_by_line` received a list of lines which do not have lineending markers ('\n', '\r', '\r\n', '\x0b', '\x0c'), behavior will be unspecified
  tokens_by_line = make_tokens_by_line(lines)
/app/ipython/IPython/core/inputtransformer2.py:608: UserWarning: `make_tokens_by_line` received a list of lines which do not have lineending markers ('\n', '\r', '\r\n', '\x0b', '\x0c'), behavior will be unspecified
  tokens_by_line = make_tokens_by_line(lines)
/app/ipython/IPython/core/inputtransformer2.py:714: UserWarning: `make_tokens_by_line` received a list of lines which do not have lineending markers ('\n', '\r', '\r\n', '\x0b', '\x0c'), behavior will be unspecified
  tokens_by_line = make_tokens_by_line(lines)
#9370	REDUCE cov: 2636 ft: 3733 corp: 110/751b lim: 14 exec/s: 9370 rss: 80Mb L: 10/14 MS: 1 EraseBytes-
#9387	REDUCE cov: 2636 ft: 3735 corp: 111/760b lim: 14 exec/s: 9387 rss: 80Mb L: 9/14 MS: 2 InsertByte-CMP- DE: "Co"-
#9399	REDUCE cov: 2636 ft: 3735 corp: 111/757b lim: 14 exec/s: 9399 rss: 80Mb L: 8/14 MS: 2 ChangeBinInt-EraseBytes-
/app/ipython/IPython/core/inputtransformer2.py:608: UserWarning: `make_tokens_by_line` received a list of lines which do not have lineending markers ('\n', '\r', '\r\n', '\x0b', '\x0c'), behavior will be unspecified
  tokens_by_line = make_tokens_by_line(lines)
/app/ipython/IPython/core/inputtransformer2.py:714: UserWarning: `make_tokens_by_line` received a list of lines which do not have lineending markers ('\n', '\r', '\r\n', '\x0b', '\x0c'), behavior will be unspecified
  tokens_by_line = make_tokens_by_line(lines)
/app/ipython/IPython/core/inputtransformer2.py:608: UserWarning: `make_tokens_by_line` received a list of lines which do not have lineending markers ('\n', '\r', '\r\n', '\x0b', '\x0c'), behavior will be unspecified
  tokens_by_line = make_tokens_by_line(lines)
/app/ipython/IPython/core/inputtransformer2.py:714: UserWarning: `make_tokens_by_line` received a list of lines which do not have lineending markers ('\n', '\r', '\r\n', '\x0b', '\x0c'), behavior will be unspecified
  tokens_by_line = make_tokens_by_line(lines)
/app/ipython/IPython/core/inputtransformer2.py:608: UserWarning: `make_tokens_by_line` received a list of lines which do not have lineending markers ('\n', '\r', '\r\n', '\x0b', '\x0c'), behavior will be unspecified
  tokens_by_line = make_tokens_by_line(lines)
/app/ipython/IPython/core/inputtransformer2.py:714: UserWarning: `make_tokens_by_line` received a list of lines which do not have lineending markers ('\n', '\r', '\r\n', '\x0b', '\x0c'), behavior will be unspecified
  tokens_by_line = make_tokens_by_line(lines)
/app/ipython/IPython/core/inputtransformer2.py:608: UserWarning: `make_tokens_by_line` received a list of lines which do not have lineending markers ('\n', '\r', '\r\n', '\x0b', '\x0c'), behavior will be unspecified
  tokens_by_line = make_tokens_by_line(lines)
/app/ipython/IPython/core/inputtransformer2.py:714: UserWarning: `make_tokens_by_line` received a list of lines which do not have lineending markers ('\n', '\r', '\r\n', '\x0b', '\x0c'), behavior will be unspecified
  tokens_by_line = make_tokens_by_line(lines)
/app/ipython/IPython/core/inputtransformer2.py:608: UserWarning: `make_tokens_by_line` received a list of lines which do not have lineending markers ('\n', '\r', '\r\n', '\x0b', '\x0c'), behavior will be unspecified
  tokens_by_line = make_tokens_by_line(lines)
/app/ipython/IPython/core/inputtransformer2.py:714: UserWarning: `make_tokens_by_line` received a list of lines which do not have lineending markers ('\n', '\r', '\r\n', '\x0b', '\x0c'), behavior will be unspecified
  tokens_by_line = make_tokens_by_line(lines)
#9437	REDUCE cov: 2636 ft: 3735 corp: 111/754b lim: 14 exec/s: 9437 rss: 80Mb L: 8/14 MS: 3 InsertByte-ShuffleBytes-EraseBytes-
/app/ipython/IPython/core/inputtransformer2.py:608: UserWarning: `make_tokens_by_line` received a list of lines which do not have lineending markers ('\n', '\r', '\r\n', '\x0b', '\x0c'), behavior will be unspecified
  tokens_by_line = make_tokens_by_line(lines)
/app/ipython/IPython/core/inputtransformer2.py:608: UserWarning: `make_tokens_by_line` received a list of lines which do not have lineending markers ('\n', '\r', '\r\n', '\x0b', '\x0c'), behavior will be unspecified
  tokens_by_line = make_tokens_by_line(lines)
/app/ipython/IPython/core/inputtransformer2.py:714: UserWarning: `make_tokens_by_line` received a list of lines which do not have lineending markers ('\n', '\r', '\r\n', '\x0b', '\x0c'), behavior will be unspecified
  tokens_by_line = make_tokens_by_line(lines)
/app/ipython/IPython/core/inputtransformer2.py:608: UserWarning: `make_tokens_by_line` received a list of lines which do not have lineending markers ('\n', '\r', '\r\n', '\x0b', '\x0c'), behavior will be unspecified
  tokens_by_line = make_tokens_by_line(lines)
/app/ipython/IPython/core/inputtransformer2.py:714: UserWarning: `make_tokens_by_line` received a list of lines which do not have lineending markers ('\n', '\r', '\r\n', '\x0b', '\x0c'), behavior will be unspecified
  tokens_by_line = make_tokens_by_line(lines)
/app/ipython/IPython/core/inputtransformer2.py:608: UserWarning: `make_tokens_by_line` received a list of lines which do not have lineending markers ('\n', '\r', '\r\n', '\x0b', '\x0c'), behavior will be unspecified
  tokens_by_line = make_tokens_by_line(lines)
/app/ipython/IPython/core/inputtransformer2.py:608: UserWarning: `make_tokens_by_line` received a list of lines which do not have lineending markers ('\n', '\r', '\r\n', '\x0b', '\x0c'), behavior will be unspecified
  tokens_by_line = make_tokens_by_line(lines)
/app/ipython/IPython/core/inputtransformer2.py:608: UserWarning: `make_tokens_by_line` received a list of lines which do not have lineending markers ('\n', '\r', '\r\n', '\x0b', '\x0c'), behavior will be unspecified
  tokens_by_line = make_tokens_by_line(lines)
/app/ipython/IPython/core/inputtransformer2.py:608: UserWarning: `make_tokens_by_line` received a list of lines which do not have lineending markers ('\n', '\r', '\r\n', '\x0b', '\x0c'), behavior will be unspecified
  tokens_by_line = make_tokens_by_line(lines)
/app/ipython/IPython/core/inputtransformer2.py:714: UserWarning: `make_tokens_by_line` received a list of lines which do not have lineending markers ('\n', '\r', '\r\n', '\x0b', '\x0c'), behavior will be unspecified
  tokens_by_line = make_tokens_by_line(lines)
/app/ipython/IPython/core/inputtransformer2.py:608: UserWarning: `make_tokens_by_line` received a list of lines which do not have lineending markers ('\n', '\r', '\r\n', '\x0b', '\x0c'), behavior will be unspecified
  tokens_by_line = make_tokens_by_line(lines)
/app/ipython/IPython/core/inputtransformer2.py:714: UserWarning: `make_tokens_by_line` received a list of lines which do not have lineending markers ('\n', '\r', '\r\n', '\x0b', '\x0c'), behavior will be unspecified
  tokens_by_line = make_tokens_by_line(lines)
#9558	NEW    cov: 2637 ft: 3736 corp: 112/768b lim: 14 exec/s: 9558 rss: 80Mb L: 14/14 MS: 1 CrossOver-
/app/ipython/IPython/core/inputtransformer2.py:608: UserWarning: `make_tokens_by_line` received a list of lines which do not have lineending markers ('\n', '\r', '\r\n', '\x0b', '\x0c'), behavior will be unspecified
  tokens_by_line = make_tokens_by_line(lines)
/app/ipython/IPython/core/inputtransformer2.py:608: UserWarning: `make_tokens_by_line` received a list of lines which do not have lineending markers ('\n', '\r', '\r\n', '\x0b', '\x0c'), behavior will be unspecified
  tokens_by_line = make_tokens_by_line(lines)
#9734	NEW    cov: 2637 ft: 3738 corp: 113/781b lim: 14 exec/s: 9734 rss: 80Mb L: 13/14 MS: 1 CopyPart-
/app/ipython/IPython/core/inputtransformer2.py:608: UserWarning: `make_tokens_by_line` received a list of lines which do not have lineending markers ('\n', '\r', '\r\n', '\x0b', '\x0c'), behavior will be unspecified
  tokens_by_line = make_tokens_by_line(lines)
/app/ipython/IPython/core/inputtransformer2.py:714: UserWarning: `make_tokens_by_line` received a list of lines which do not have lineending markers ('\n', '\r', '\r\n', '\x0b', '\x0c'), behavior will be unspecified
  tokens_by_line = make_tokens_by_line(lines)
/app/ipython/IPython/core/inputtransformer2.py:608: UserWarning: `make_tokens_by_line` received a list of lines which do not have lineending markers ('\n', '\r', '\r\n', '\x0b', '\x0c'), behavior will be unspecified
  tokens_by_line = make_tokens_by_line(lines)
/app/ipython/IPython/core/inputtransformer2.py:714: UserWarning: `make_tokens_by_line` received a list of lines which do not have lineending markers ('\n', '\r', '\r\n', '\x0b', '\x0c'), behavior will be unspecified
  tokens_by_line = make_tokens_by_line(lines)
#9777	REDUCE cov: 2637 ft: 3738 corp: 113/780b lim: 14 exec/s: 9777 rss: 80Mb L: 10/14 MS: 3 ShuffleBytes-ChangeByte-EraseBytes-
/app/ipython/IPython/core/inputtransformer2.py:608: UserWarning: `make_tokens_by_line` received a list of lines which do not have lineending markers ('\n', '\r', '\r\n', '\x0b', '\x0c'), behavior will be unspecified
  tokens_by_line = make_tokens_by_line(lines)
/app/ipython/IPython/core/inputtransformer2.py:714: UserWarning: `make_tokens_by_line` received a list of lines which do not have lineending markers ('\n', '\r', '\r\n', '\x0b', '\x0c'), behavior will be unspecified
  tokens_by_line = make_tokens_by_line(lines)
/app/ipython/IPython/core/inputtransformer2.py:608: UserWarning: `make_tokens_by_line` received a list of lines which do not have lineending markers ('\n', '\r', '\r\n', '\x0b', '\x0c'), behavior will be unspecified
  tokens_by_line = make_tokens_by_line(lines)
/app/ipython/IPython/core/inputtransformer2.py:714: UserWarning: `make_tokens_by_line` received a list of lines which do not have lineending markers ('\n', '\r', '\r\n', '\x0b', '\x0c'), behavior will be unspecified
  tokens_by_line = make_tokens_by_line(lines)
/app/ipython/IPython/core/inputtransformer2.py:608: UserWarning: `make_tokens_by_line` received a list of lines which do not have lineending markers ('\n', '\r', '\r\n', '\x0b', '\x0c'), behavior will be unspecified
  tokens_by_line = make_tokens_by_line(lines)
/app/ipython/IPython/core/inputtransformer2.py:714: UserWarning: `make_tokens_by_line` received a list of lines which do not have lineending markers ('\n', '\r', '\r\n', '\x0b', '\x0c'), behavior will be unspecified
  tokens_by_line = make_tokens_by_line(lines)
#9905	NEW    cov: 2637 ft: 3740 corp: 114/793b lim: 14 exec/s: 9905 rss: 80Mb L: 13/14 MS: 3 CrossOver-ChangeByte-ChangeBinInt-
/app/ipython/IPython/core/inputtransformer2.py:608: UserWarning: `make_tokens_by_line` received a list of lines which do not have lineending markers ('\n', '\r', '\r\n', '\x0b', '\x0c'), behavior will be unspecified
  tokens_by_line = make_tokens_by_line(lines)
/app/ipython/IPython/core/inputtransformer2.py:714: UserWarning: `make_tokens_by_line` received a list of lines which do not have lineending markers ('\n', '\r', '\r\n', '\x0b', '\x0c'), behavior will be unspecified
  tokens_by_line = make_tokens_by_line(lines)
/app/ipython/IPython/core/inputtransformer2.py:608: UserWarning: `make_tokens_by_line` received a list of lines which do not have lineending markers ('\n', '\r', '\r\n', '\x0b', '\x0c'), behavior will be unspecified
  tokens_by_line = make_tokens_by_line(lines)
/app/ipython/IPython/core/inputtransformer2.py:714: UserWarning: `make_tokens_by_line` received a list of lines which do not have lineending markers ('\n', '\r', '\r\n', '\x0b', '\x0c'), behavior will be unspecified
  tokens_by_line = make_tokens_by_line(lines)
/app/ipython/IPython/core/inputtransformer2.py:608: UserWarning: `make_tokens_by_line` received a list of lines which do not have lineending markers ('\n', '\r', '\r\n', '\x0b', '\x0c'), behavior will be unspecified
  tokens_by_line = make_tokens_by_line(lines)
/app/ipython/IPython/core/inputtransformer2.py:714: UserWarning: `make_tokens_by_line` received a list of lines which do not have lineending markers ('\n', '\r', '\r\n', '\x0b', '\x0c'), behavior will be unspecified
  tokens_by_line = make_tokens_by_line(lines)
/app/ipython/IPython/core/inputtransformer2.py:608: UserWarning: `make_tokens_by_line` received a list of lines which do not have lineending markers ('\n', '\r', '\r\n', '\x0b', '\x0c'), behavior will be unspecified
  tokens_by_line = make_tokens_by_line(lines)
/app/ipython/IPython/core/inputtransformer2.py:714: UserWarning: `make_tokens_by_line` received a list of lines which do not have lineending markers ('\n', '\r', '\r\n', '\x0b', '\x0c'), behavior will be unspecified
  tokens_by_line = make_tokens_by_line(lines)
/app/ipython/IPython/core/inputtransformer2.py:608: UserWarning: `make_tokens_by_line` received a list of lines which do not have lineending markers ('\n', '\r', '\r\n', '\x0b', '\x0c'), behavior will be unspecified
  tokens_by_line = make_tokens_by_line(lines)
/app/ipython/IPython/core/inputtransformer2.py:714: UserWarning: `make_tokens_by_line` received a list of lines which do not have lineending markers ('\n', '\r', '\r\n', '\x0b', '\x0c'), behavior will be unspecified
  tokens_by_line = make_tokens_by_line(lines)
#9961	NEW    cov: 2637 ft: 3741 corp: 115/807b lim: 14 exec/s: 4980 rss: 80Mb L: 14/14 MS: 1 CopyPart-
/app/ipython/IPython/core/inputtransformer2.py:608: UserWarning: `make_tokens_by_line` received a list of lines which do not have lineending markers ('\n', '\r', '\r\n', '\x0b', '\x0c'), behavior will be unspecified
  tokens_by_line = make_tokens_by_line(lines)
/app/ipython/IPython/core/inputtransformer2.py:714: UserWarning: `make_tokens_by_line` received a list of lines which do not have lineending markers ('\n', '\r', '\r\n', '\x0b', '\x0c'), behavior will be unspecified
  tokens_by_line = make_tokens_by_line(lines)
/app/ipython/IPython/core/inputtransformer2.py:608: UserWarning: `make_tokens_by_line` received a list of lines which do not have lineending markers ('\n', '\r', '\r\n', '\x0b', '\x0c'), behavior will be unspecified
  tokens_by_line = make_tokens_by_line(lines)
#10072	NEW    cov: 2637 ft: 3742 corp: 116/821b lim: 14 exec/s: 5036 rss: 80Mb L: 14/14 MS: 1 CopyPart-
/app/ipython/IPython/core/inputtransformer2.py:608: UserWarning: `make_tokens_by_line` received a list of lines which do not have lineending markers ('\n', '\r', '\r\n', '\x0b', '\x0c'), behavior will be unspecified
  tokens_by_line = make_tokens_by_line(lines)
/app/ipython/IPython/core/inputtransformer2.py:608: UserWarning: `make_tokens_by_line` received a list of lines which do not have lineending markers ('\n', '\r', '\r\n', '\x0b', '\x0c'), behavior will be unspecified
  tokens_by_line = make_tokens_by_line(lines)
/app/ipython/IPython/core/inputtransformer2.py:714: UserWarning: `make_tokens_by_line` received a list of lines which do not have lineending markers ('\n', '\r', '\r\n', '\x0b', '\x0c'), behavior will be unspecified
  tokens_by_line = make_tokens_by_line(lines)
/app/ipython/IPython/core/inputtransformer2.py:608: UserWarning: `make_tokens_by_line` received a list of lines which do not have lineending markers ('\n', '\r', '\r\n', '\x0b', '\x0c'), behavior will be unspecified
  tokens_by_line = make_tokens_by_line(lines)
/app/ipython/IPython/core/inputtransformer2.py:714: UserWarning: `make_tokens_by_line` received a list of lines which do not have lineending markers ('\n', '\r', '\r\n', '\x0b', '\x0c'), behavior will be unspecified
  tokens_by_line = make_tokens_by_line(lines)
/app/ipython/IPython/core/inputtransformer2.py:608: UserWarning: `make_tokens_by_line` received a list of lines which do not have lineending markers ('\n', '\r', '\r\n', '\x0b', '\x0c'), behavior will be unspecified
  tokens_by_line = make_tokens_by_line(lines)
/app/ipython/IPython/core/inputtransformer2.py:714: UserWarning: `make_tokens_by_line` received a list of lines which do not have lineending markers ('\n', '\r', '\r\n', '\x0b', '\x0c'), behavior will be unspecified
  tokens_by_line = make_tokens_by_line(lines)
/app/ipython/IPython/core/inputtransformer2.py:608: UserWarning: `make_tokens_by_line` received a list of lines which do not have lineending markers ('\n', '\r', '\r\n', '\x0b', '\x0c'), behavior will be unspecified
  tokens_by_line = make_tokens_by_line(lines)
/app/ipython/IPython/core/inputtransformer2.py:714: UserWarning: `make_tokens_by_line` received a list of lines which do not have lineending markers ('\n', '\r', '\r\n', '\x0b', '\x0c'), behavior will be unspecified
  tokens_by_line = make_tokens_by_line(lines)
/app/ipython/IPython/core/inputtransformer2.py:608: UserWarning: `make_tokens_by_line` received a list of lines which do not have lineending markers ('\n', '\r', '\r\n', '\x0b', '\x0c'), behavior will be unspecified
  tokens_by_line = make_tokens_by_line(lines)
/app/ipython/IPython/core/inputtransformer2.py:714: UserWarning: `make_tokens_by_line` received a list of lines which do not have lineending markers ('\n', '\r', '\r\n', '\x0b', '\x0c'), behavior will be unspecified
  tokens_by_line = make_tokens_by_line(lines)
/app/ipython/IPython/core/inputtransformer2.py:608: UserWarning: `make_tokens_by_line` received a list of lines which do not have lineending markers ('\n', '\r', '\r\n', '\x0b', '\x0c'), behavior will be unspecified
  tokens_by_line = make_tokens_by_line(lines)
/app/ipython/IPython/core/inputtransformer2.py:714: UserWarning: `make_tokens_by_line` received a list of lines which do not have lineending markers ('\n', '\r', '\r\n', '\x0b', '\x0c'), behavior will be unspecified
  tokens_by_line = make_tokens_by_line(lines)
/app/ipython/IPython/core/inputtransformer2.py:608: UserWarning: `make_tokens_by_line` received a list of lines which do not have lineending markers ('\n', '\r', '\r\n', '\x0b', '\x0c'), behavior will be unspecified
  tokens_by_line = make_tokens_by_line(lines)
/app/ipython/IPython/core/inputtransformer2.py:608: UserWarning: `make_tokens_by_line` received a list of lines which do not have lineending markers ('\n', '\r', '\r\n', '\x0b', '\x0c'), behavior will be unspecified
  tokens_by_line = make_tokens_by_line(lines)
/app/ipython/IPython/core/inputtransformer2.py:714: UserWarning: `make_tokens_by_line` received a list of lines which do not have lineending markers ('\n', '\r', '\r\n', '\x0b', '\x0c'), behavior will be unspecified
  tokens_by_line = make_tokens_by_line(lines)
/app/ipython/IPython/core/inputtransformer2.py:608: UserWarning: `make_tokens_by_line` received a list of lines which do not have lineending markers ('\n', '\r', '\r\n', '\x0b', '\x0c'), behavior will be unspecified
  tokens_by_line = make_tokens_by_line(lines)
/app/ipython/IPython/core/inputtransformer2.py:714: UserWarning: `make_tokens_by_line` received a list of lines which do not have lineending markers ('\n', '\r', '\r\n', '\x0b', '\x0c'), behavior will be unspecified
  tokens_by_line = make_tokens_by_line(lines)
/app/ipython/IPython/core/inputtransformer2.py:608: UserWarning: `make_tokens_by_line` received a list of lines which do not have lineending markers ('\n', '\r', '\r\n', '\x0b', '\x0c'), behavior will be unspecified
  tokens_by_line = make_tokens_by_line(lines)
/app/ipython/IPython/core/inputtransformer2.py:714: UserWarning: `make_tokens_by_line` received a list of lines which do not have lineending markers ('\n', '\r', '\r\n', '\x0b', '\x0c'), behavior will be unspecified
  tokens_by_line = make_tokens_by_line(lines)
/app/ipython/IPython/core/inputtransformer2.py:608: UserWarning: `make_tokens_by_line` received a list of lines which do not have lineending markers ('\n', '\r', '\r\n', '\x0b', '\x0c'), behavior will be unspecified
  tokens_by_line = make_tokens_by_line(lines)
/app/ipython/IPython/core/inputtransformer2.py:714: UserWarning: `make_tokens_by_line` received a list of lines which do not have lineending markers ('\n', '\r', '\r\n', '\x0b', '\x0c'), behavior will be unspecified
  tokens_by_line = make_tokens_by_line(lines)
/app/ipython/IPython/core/inputtransformer2.py:608: UserWarning: `make_tokens_by_line` received a list of lines which do not have lineending markers ('\n', '\r', '\r\n', '\x0b', '\x0c'), behavior will be unspecified
  tokens_by_line = make_tokens_by_line(lines)
/app/ipython/IPython/core/inputtransformer2.py:714: UserWarning: `make_tokens_by_line` received a list of lines which do not have lineending markers ('\n', '\r', '\r\n', '\x0b', '\x0c'), behavior will be unspecified
  tokens_by_line = make_tokens_by_line(lines)
/app/ipython/IPython/core/inputtransformer2.py:608: UserWarning: `make_tokens_by_line` received a list of lines which do not have lineending markers ('\n', '\r', '\r\n', '\x0b', '\x0c'), behavior will be unspecified
  tokens_by_line = make_tokens_by_line(lines)
/app/ipython/IPython/core/inputtransformer2.py:714: UserWarning: `make_tokens_by_line` received a list of lines which do not have lineending markers ('\n', '\r', '\r\n', '\x0b', '\x0c'), behavior will be unspecified
  tokens_by_line = make_tokens_by_line(lines)
/app/ipython/IPython/core/inputtransformer2.py:608: UserWarning: `make_tokens_by_line` received a list of lines which do not have lineending markers ('\n', '\r', '\r\n', '\x0b', '\x0c'), behavior will be unspecified
  tokens_by_line = make_tokens_by_line(lines)
/app/ipython/IPython/core/inputtransformer2.py:714: UserWarning: `make_tokens_by_line` received a list of lines which do not have lineending markers ('\n', '\r', '\r\n', '\x0b', '\x0c'), behavior will be unspecified
  tokens_by_line = make_tokens_by_line(lines)
/app/ipython/IPython/core/inputtransformer2.py:608: UserWarning: `make_tokens_by_line` received a list of lines which do not have lineending markers ('\n', '\r', '\r\n', '\x0b', '\x0c'), behavior will be unspecified
  tokens_by_line = make_tokens_by_line(lines)
/app/ipython/IPython/core/inputtransformer2.py:714: UserWarning: `make_tokens_by_line` received a list of lines which do not have lineending markers ('\n', '\r', '\r\n', '\x0b', '\x0c'), behavior will be unspecified
  tokens_by_line = make_tokens_by_line(lines)
/app/ipython/IPython/core/inputtransformer2.py:608: UserWarning: `make_tokens_by_line` received a list of lines which do not have lineending markers ('\n', '\r', '\r\n', '\x0b', '\x0c'), behavior will be unspecified
  tokens_by_line = make_tokens_by_line(lines)
/app/ipython/IPython/core/inputtransformer2.py:714: UserWarning: `make_tokens_by_line` received a list of lines which do not have lineending markers ('\n', '\r', '\r\n', '\x0b', '\x0c'), behavior will be unspecified
  tokens_by_line = make_tokens_by_line(lines)
/app/ipython/IPython/core/inputtransformer2.py:608: UserWarning: `make_tokens_by_line` received a list of lines which do not have lineending markers ('\n', '\r', '\r\n', '\x0b', '\x0c'), behavior will be unspecified
  tokens_by_line = make_tokens_by_line(lines)
/app/ipython/IPython/core/inputtransformer2.py:714: UserWarning: `make_tokens_by_line` received a list of lines which do not have lineending markers ('\n', '\r', '\r\n', '\x0b', '\x0c'), behavior will be unspecified
  tokens_by_line = make_tokens_by_line(lines)
/app/ipython/IPython/core/inputtransformer2.py:608: UserWarning: `make_tokens_by_line` received a list of lines which do not have lineending markers ('\n', '\r', '\r\n', '\x0b', '\x0c'), behavior will be unspecified
  tokens_by_line = make_tokens_by_line(lines)
/app/ipython/IPython/core/inputtransformer2.py:714: UserWarning: `make_tokens_by_line` received a list of lines which do not have lineending markers ('\n', '\r', '\r\n', '\x0b', '\x0c'), behavior will be unspecified
  tokens_by_line = make_tokens_by_line(lines)
/app/ipython/IPython/core/inputtransformer2.py:608: UserWarning: `make_tokens_by_line` received a list of lines which do not have lineending markers ('\n', '\r', '\r\n', '\x0b', '\x0c'), behavior will be unspecified
  tokens_by_line = make_tokens_by_line(lines)
/app/ipython/IPython/core/inputtransformer2.py:714: UserWarning: `make_tokens_by_line` received a list of lines which do not have lineending markers ('\n', '\r', '\r\n', '\x0b', '\x0c'), behavior will be unspecified
  tokens_by_line = make_tokens_by_line(lines)
/app/ipython/IPython/core/inputtransformer2.py:608: UserWarning: `make_tokens_by_line` received a list of lines which do not have lineending markers ('\n', '\r', '\r\n', '\x0b', '\x0c'), behavior will be unspecified
  tokens_by_line = make_tokens_by_line(lines)
/app/ipython/IPython/core/inputtransformer2.py:714: UserWarning: `make_tokens_by_line` received a list of lines which do not have lineending markers ('\n', '\r', '\r\n', '\x0b', '\x0c'), behavior will be unspecified
  tokens_by_line = make_tokens_by_line(lines)
/app/ipython/IPython/core/inputtransformer2.py:608: UserWarning: `make_tokens_by_line` received a list of lines which do not have lineending markers ('\n', '\r', '\r\n', '\x0b', '\x0c'), behavior will be unspecified
  tokens_by_line = make_tokens_by_line(lines)
/app/ipython/IPython/core/inputtransformer2.py:608: UserWarning: `make_tokens_by_line` received a list of lines which do not have lineending markers ('\n', '\r', '\r\n', '\x0b', '\x0c'), behavior will be unspecified
  tokens_by_line = make_tokens_by_line(lines)
/app/ipython/IPython/core/inputtransformer2.py:714: UserWarning: `make_tokens_by_line` received a list of lines which do not have lineending markers ('\n', '\r', '\r\n', '\x0b', '\x0c'), behavior will be unspecified
  tokens_by_line = make_tokens_by_line(lines)
/app/ipython/IPython/core/inputtransformer2.py:608: UserWarning: `make_tokens_by_line` received a list of lines which do not have lineending markers ('\n', '\r', '\r\n', '\x0b', '\x0c'), behavior will be unspecified
  tokens_by_line = make_tokens_by_line(lines)
/app/ipython/IPython/core/inputtransformer2.py:714: UserWarning: `make_tokens_by_line` received a list of lines which do not have lineending markers ('\n', '\r', '\r\n', '\x0b', '\x0c'), behavior will be unspecified
  tokens_by_line = make_tokens_by_line(lines)
#10317	NEW    cov: 2639 ft: 3746 corp: 117/835b lim: 14 exec/s: 5158 rss: 80Mb L: 14/14 MS: 5 ShuffleBytes-ChangeBinInt-InsertByte-ChangeByte-CrossOver-
/app/ipython/IPython/core/inputtransformer2.py:608: UserWarning: `make_tokens_by_line` received a list of lines which do not have lineending markers ('\n', '\r', '\r\n', '\x0b', '\x0c'), behavior will be unspecified
  tokens_by_line = make_tokens_by_line(lines)
/app/ipython/IPython/core/inputtransformer2.py:714: UserWarning: `make_tokens_by_line` received a list of lines which do not have lineending markers ('\n', '\r', '\r\n', '\x0b', '\x0c'), behavior will be unspecified
  tokens_by_line = make_tokens_by_line(lines)
/app/ipython/IPython/core/inputtransformer2.py:608: UserWarning: `make_tokens_by_line` received a list of lines which do not have lineending markers ('\n', '\r', '\r\n', '\x0b', '\x0c'), behavior will be unspecified
  tokens_by_line = make_tokens_by_line(lines)
/app/ipython/IPython/core/inputtransformer2.py:608: UserWarning: `make_tokens_by_line` received a list of lines which do not have lineending markers ('\n', '\r', '\r\n', '\x0b', '\x0c'), behavior will be unspecified
  tokens_by_line = make_tokens_by_line(lines)
/app/ipython/IPython/core/inputtransformer2.py:608: UserWarning: `make_tokens_by_line` received a list of lines which do not have lineending markers ('\n', '\r', '\r\n', '\x0b', '\x0c'), behavior will be unspecified
  tokens_by_line = make_tokens_by_line(lines)
/app/ipython/IPython/core/inputtransformer2.py:608: UserWarning: `make_tokens_by_line` received a list of lines which do not have lineending markers ('\n', '\r', '\r\n', '\x0b', '\x0c'), behavior will be unspecified
  tokens_by_line = make_tokens_by_line(lines)
/app/ipython/IPython/core/inputtransformer2.py:714: UserWarning: `make_tokens_by_line` received a list of lines which do not have lineending markers ('\n', '\r', '\r\n', '\x0b', '\x0c'), behavior will be unspecified
  tokens_by_line = make_tokens_by_line(lines)
/app/ipython/IPython/core/inputtransformer2.py:608: UserWarning: `make_tokens_by_line` received a list of lines which do not have lineending markers ('\n', '\r', '\r\n', '\x0b', '\x0c'), behavior will be unspecified
  tokens_by_line = make_tokens_by_line(lines)
/app/ipython/IPython/core/inputtransformer2.py:714: UserWarning: `make_tokens_by_line` received a list of lines which do not have lineending markers ('\n', '\r', '\r\n', '\x0b', '\x0c'), behavior will be unspecified
  tokens_by_line = make_tokens_by_line(lines)
#10696	NEW    cov: 2639 ft: 3747 corp: 118/851b lim: 17 exec/s: 5348 rss: 80Mb L: 16/16 MS: 4 ChangeBit-ChangeBinInt-InsertRepeatedBytes-CopyPart-
/app/ipython/IPython/core/inputtransformer2.py:608: UserWarning: `make_tokens_by_line` received a list of lines which do not have lineending markers ('\n', '\r', '\r\n', '\x0b', '\x0c'), behavior will be unspecified
  tokens_by_line = make_tokens_by_line(lines)
/app/ipython/IPython/core/inputtransformer2.py:714: UserWarning: `make_tokens_by_line` received a list of lines which do not have lineending markers ('\n', '\r', '\r\n', '\x0b', '\x0c'), behavior will be unspecified
  tokens_by_line = make_tokens_by_line(lines)
/app/ipython/IPython/core/inputtransformer2.py:608: UserWarning: `make_tokens_by_line` received a list of lines which do not have lineending markers ('\n', '\r', '\r\n', '\x0b', '\x0c'), behavior will be unspecified
  tokens_by_line = make_tokens_by_line(lines)
/app/ipython/IPython/core/inputtransformer2.py:608: UserWarning: `make_tokens_by_line` received a list of lines which do not have lineending markers ('\n', '\r', '\r\n', '\x0b', '\x0c'), behavior will be unspecified
  tokens_by_line = make_tokens_by_line(lines)
/app/ipython/IPython/core/inputtransformer2.py:714: UserWarning: `make_tokens_by_line` received a list of lines which do not have lineending markers ('\n', '\r', '\r\n', '\x0b', '\x0c'), behavior will be unspecified
  tokens_by_line = make_tokens_by_line(lines)
#10797	NEW    cov: 2639 ft: 3748 corp: 119/860b lim: 17 exec/s: 5398 rss: 80Mb L: 9/16 MS: 1 CopyPart-
#10798	REDUCE cov: 2639 ft: 3748 corp: 119/858b lim: 17 exec/s: 5399 rss: 80Mb L: 12/16 MS: 1 EraseBytes-
#10893	REDUCE cov: 2639 ft: 3748 corp: 119/857b lim: 17 exec/s: 5446 rss: 80Mb L: 12/16 MS: 5 ChangeBit-ChangeByte-InsertByte-CMP-EraseBytes- DE: "\377\377"-
/app/ipython/IPython/core/inputtransformer2.py:608: UserWarning: `make_tokens_by_line` received a list of lines which do not have lineending markers ('\n', '\r', '\r\n', '\x0b', '\x0c'), behavior will be unspecified
  tokens_by_line = make_tokens_by_line(lines)
/app/ipython/IPython/core/inputtransformer2.py:714: UserWarning: `make_tokens_by_line` received a list of lines which do not have lineending markers ('\n', '\r', '\r\n', '\x0b', '\x0c'), behavior will be unspecified
  tokens_by_line = make_tokens_by_line(lines)
/app/ipython/IPython/core/inputtransformer2.py:608: UserWarning: `make_tokens_by_line` received a list of lines which do not have lineending markers ('\n', '\r', '\r\n', '\x0b', '\x0c'), behavior will be unspecified
  tokens_by_line = make_tokens_by_line(lines)
/app/ipython/IPython/core/inputtransformer2.py:714: UserWarning: `make_tokens_by_line` received a list of lines which do not have lineending markers ('\n', '\r', '\r\n', '\x0b', '\x0c'), behavior will be unspecified
  tokens_by_line = make_tokens_by_line(lines)
/app/ipython/IPython/core/inputtransformer2.py:608: UserWarning: `make_tokens_by_line` received a list of lines which do not have lineending markers ('\n', '\r', '\r\n', '\x0b', '\x0c'), behavior will be unspecified
  tokens_by_line = make_tokens_by_line(lines)
/app/ipython/IPython/core/inputtransformer2.py:714: UserWarning: `make_tokens_by_line` received a list of lines which do not have lineending markers ('\n', '\r', '\r\n', '\x0b', '\x0c'), behavior will be unspecified
  tokens_by_line = make_tokens_by_line(lines)
/app/ipython/IPython/core/inputtransformer2.py:608: UserWarning: `make_tokens_by_line` received a list of lines which do not have lineending markers ('\n', '\r', '\r\n', '\x0b', '\x0c'), behavior will be unspecified
  tokens_by_line = make_tokens_by_line(lines)
/app/ipython/IPython/core/inputtransformer2.py:714: UserWarning: `make_tokens_by_line` received a list of lines which do not have lineending markers ('\n', '\r', '\r\n', '\x0b', '\x0c'), behavior will be unspecified
  tokens_by_line = make_tokens_by_line(lines)
/app/ipython/IPython/core/inputtransformer2.py:608: UserWarning: `make_tokens_by_line` received a list of lines which do not have lineending markers ('\n', '\r', '\r\n', '\x0b', '\x0c'), behavior will be unspecified
  tokens_by_line = make_tokens_by_line(lines)
/app/ipython/IPython/core/inputtransformer2.py:714: UserWarning: `make_tokens_by_line` received a list of lines which do not have lineending markers ('\n', '\r', '\r\n', '\x0b', '\x0c'), behavior will be unspecified
  tokens_by_line = make_tokens_by_line(lines)
/app/ipython/IPython/core/inputtransformer2.py:608: UserWarning: `make_tokens_by_line` received a list of lines which do not have lineending markers ('\n', '\r', '\r\n', '\x0b', '\x0c'), behavior will be unspecified
  tokens_by_line = make_tokens_by_line(lines)
/app/ipython/IPython/core/inputtransformer2.py:714: UserWarning: `make_tokens_by_line` received a list of lines which do not have lineending markers ('\n', '\r', '\r\n', '\x0b', '\x0c'), behavior will be unspecified
  tokens_by_line = make_tokens_by_line(lines)
/app/ipython/IPython/core/inputtransformer2.py:608: UserWarning: `make_tokens_by_line` received a list of lines which do not have lineending markers ('\n', '\r', '\r\n', '\x0b', '\x0c'), behavior will be unspecified
  tokens_by_line = make_tokens_by_line(lines)
/app/ipython/IPython/core/inputtransformer2.py:714: UserWarning: `make_tokens_by_line` received a list of lines which do not have lineending markers ('\n', '\r', '\r\n', '\x0b', '\x0c'), behavior will be unspecified
  tokens_by_line = make_tokens_by_line(lines)
/app/ipython/IPython/core/inputtransformer2.py:608: UserWarning: `make_tokens_by_line` received a list of lines which do not have lineending markers ('\n', '\r', '\r\n', '\x0b', '\x0c'), behavior will be unspecified
  tokens_by_line = make_tokens_by_line(lines)
/app/ipython/IPython/core/inputtransformer2.py:714: UserWarning: `make_tokens_by_line` received a list of lines which do not have lineending markers ('\n', '\r', '\r\n', '\x0b', '\x0c'), behavior will be unspecified
  tokens_by_line = make_tokens_by_line(lines)
/app/ipython/IPython/core/inputtransformer2.py:608: UserWarning: `make_tokens_by_line` received a list of lines which do not have lineending markers ('\n', '\r', '\r\n', '\x0b', '\x0c'), behavior will be unspecified
  tokens_by_line = make_tokens_by_line(lines)
/app/ipython/IPython/core/inputtransformer2.py:714: UserWarning: `make_tokens_by_line` received a list of lines which do not have lineending markers ('\n', '\r', '\r\n', '\x0b', '\x0c'), behavior will be unspecified
  tokens_by_line = make_tokens_by_line(lines)
/app/ipython/IPython/core/inputtransformer2.py:608: UserWarning: `make_tokens_by_line` received a list of lines which do not have lineending markers ('\n', '\r', '\r\n', '\x0b', '\x0c'), behavior will be unspecified
  tokens_by_line = make_tokens_by_line(lines)
/app/ipython/IPython/core/inputtransformer2.py:714: UserWarning: `make_tokens_by_line` received a list of lines which do not have lineending markers ('\n', '\r', '\r\n', '\x0b', '\x0c'), behavior will be unspecified
  tokens_by_line = make_tokens_by_line(lines)
/app/ipython/IPython/core/inputtransformer2.py:608: UserWarning: `make_tokens_by_line` received a list of lines which do not have lineending markers ('\n', '\r', '\r\n', '\x0b', '\x0c'), behavior will be unspecified
  tokens_by_line = make_tokens_by_line(lines)
/app/ipython/IPython/core/inputtransformer2.py:714: UserWarning: `make_tokens_by_line` received a list of lines which do not have lineending markers ('\n', '\r', '\r\n', '\x0b', '\x0c'), behavior will be unspecified
  tokens_by_line = make_tokens_by_line(lines)
/app/ipython/IPython/core/inputtransformer2.py:608: UserWarning: `make_tokens_by_line` received a list of lines which do not have lineending markers ('\n', '\r', '\r\n', '\x0b', '\x0c'), behavior will be unspecified
  tokens_by_line = make_tokens_by_line(lines)
/app/ipython/IPython/core/inputtransformer2.py:714: UserWarning: `make_tokens_by_line` received a list of lines which do not have lineending markers ('\n', '\r', '\r\n', '\x0b', '\x0c'), behavior will be unspecified
  tokens_by_line = make_tokens_by_line(lines)
/app/ipython/IPython/core/inputtransformer2.py:608: UserWarning: `make_tokens_by_line` received a list of lines which do not have lineending markers ('\n', '\r', '\r\n', '\x0b', '\x0c'), behavior will be unspecified
  tokens_by_line = make_tokens_by_line(lines)
/app/ipython/IPython/core/inputtransformer2.py:714: UserWarning: `make_tokens_by_line` received a list of lines which do not have lineending markers ('\n', '\r', '\r\n', '\x0b', '\x0c'), behavior will be unspecified
  tokens_by_line = make_tokens_by_line(lines)
/app/ipython/IPython/core/inputtransformer2.py:608: UserWarning: `make_tokens_by_line` received a list of lines which do not have lineending markers ('\n', '\r', '\r\n', '\x0b', '\x0c'), behavior will be unspecified
  tokens_by_line = make_tokens_by_line(lines)
/app/ipython/IPython/core/inputtransformer2.py:714: UserWarning: `make_tokens_by_line` received a list of lines which do not have lineending markers ('\n', '\r', '\r\n', '\x0b', '\x0c'), behavior will be unspecified
  tokens_by_line = make_tokens_by_line(lines)
/app/ipython/IPython/core/inputtransformer2.py:608: UserWarning: `make_tokens_by_line` received a list of lines which do not have lineending markers ('\n', '\r', '\r\n', '\x0b', '\x0c'), behavior will be unspecified
  tokens_by_line = make_tokens_by_line(lines)
/app/ipython/IPython/core/inputtransformer2.py:714: UserWarning: `make_tokens_by_line` received a list of lines which do not have lineending markers ('\n', '\r', '\r\n', '\x0b', '\x0c'), behavior will be unspecified
  tokens_by_line = make_tokens_by_line(lines)
/app/ipython/IPython/core/inputtransformer2.py:608: UserWarning: `make_tokens_by_line` received a list of lines which do not have lineending markers ('\n', '\r', '\r\n', '\x0b', '\x0c'), behavior will be unspecified
  tokens_by_line = make_tokens_by_line(lines)
/app/ipython/IPython/core/inputtransformer2.py:714: UserWarning: `make_tokens_by_line` received a list of lines which do not have lineending markers ('\n', '\r', '\r\n', '\x0b', '\x0c'), behavior will be unspecified
  tokens_by_line = make_tokens_by_line(lines)
/app/ipython/IPython/core/inputtransformer2.py:608: UserWarning: `make_tokens_by_line` received a list of lines which do not have lineending markers ('\n', '\r', '\r\n', '\x0b', '\x0c'), behavior will be unspecified
  tokens_by_line = make_tokens_by_line(lines)
/app/ipython/IPython/core/inputtransformer2.py:714: UserWarning: `make_tokens_by_line` received a list of lines which do not have lineending markers ('\n', '\r', '\r\n', '\x0b', '\x0c'), behavior will be unspecified
  tokens_by_line = make_tokens_by_line(lines)
/app/ipython/IPython/core/inputtransformer2.py:608: UserWarning: `make_tokens_by_line` received a list of lines which do not have lineending markers ('\n', '\r', '\r\n', '\x0b', '\x0c'), behavior will be unspecified
  tokens_by_line = make_tokens_by_line(lines)
/app/ipython/IPython/core/inputtransformer2.py:714: UserWarning: `make_tokens_by_line` received a list of lines which do not have lineending markers ('\n', '\r', '\r\n', '\x0b', '\x0c'), behavior will be unspecified
  tokens_by_line = make_tokens_by_line(lines)
/app/ipython/IPython/core/inputtransformer2.py:608: UserWarning: `make_tokens_by_line` received a list of lines which do not have lineending markers ('\n', '\r', '\r\n', '\x0b', '\x0c'), behavior will be unspecified
  tokens_by_line = make_tokens_by_line(lines)
/app/ipython/IPython/core/inputtransformer2.py:714: UserWarning: `make_tokens_by_line` received a list of lines which do not have lineending markers ('\n', '\r', '\r\n', '\x0b', '\x0c'), behavior will be unspecified
  tokens_by_line = make_tokens_by_line(lines)
/app/ipython/IPython/core/inputtransformer2.py:608: UserWarning: `make_tokens_by_line` received a list of lines which do not have lineending markers ('\n', '\r', '\r\n', '\x0b', '\x0c'), behavior will be unspecified
  tokens_by_line = make_tokens_by_line(lines)
/app/ipython/IPython/core/inputtransformer2.py:714: UserWarning: `make_tokens_by_line` received a list of lines which do not have lineending markers ('\n', '\r', '\r\n', '\x0b', '\x0c'), behavior will be unspecified
  tokens_by_line = make_tokens_by_line(lines)
/app/ipython/IPython/core/inputtransformer2.py:608: UserWarning: `make_tokens_by_line` received a list of lines which do not have lineending markers ('\n', '\r', '\r\n', '\x0b', '\x0c'), behavior will be unspecified
  tokens_by_line = make_tokens_by_line(lines)
/app/ipython/IPython/core/inputtransformer2.py:714: UserWarning: `make_tokens_by_line` received a list of lines which do not have lineending markers ('\n', '\r', '\r\n', '\x0b', '\x0c'), behavior will be unspecified
  tokens_by_line = make_tokens_by_line(lines)
/app/ipython/IPython/core/inputtransformer2.py:608: UserWarning: `make_tokens_by_line` received a list of lines which do not have lineending markers ('\n', '\r', '\r\n', '\x0b', '\x0c'), behavior will be unspecified
  tokens_by_line = make_tokens_by_line(lines)
/app/ipython/IPython/core/inputtransformer2.py:714: UserWarning: `make_tokens_by_line` received a list of lines which do not have lineending markers ('\n', '\r', '\r\n', '\x0b', '\x0c'), behavior will be unspecified
  tokens_by_line = make_tokens_by_line(lines)
/app/ipython/IPython/core/inputtransformer2.py:608: UserWarning: `make_tokens_by_line` received a list of lines which do not have lineending markers ('\n', '\r', '\r\n', '\x0b', '\x0c'), behavior will be unspecified
  tokens_by_line = make_tokens_by_line(lines)
/app/ipython/IPython/core/inputtransformer2.py:714: UserWarning: `make_tokens_by_line` received a list of lines which do not have lineending markers ('\n', '\r', '\r\n', '\x0b', '\x0c'), behavior will be unspecified
  tokens_by_line = make_tokens_by_line(lines)
#11081	REDUCE cov: 2639 ft: 3749 corp: 120/874b lim: 17 exec/s: 5540 rss: 80Mb L: 17/17 MS: 3 ShuffleBytes-PersAutoDict-CopyPart- DE: "\377\377"-
/app/ipython/IPython/core/inputtransformer2.py:608: UserWarning: `make_tokens_by_line` received a list of lines which do not have lineending markers ('\n', '\r', '\r\n', '\x0b', '\x0c'), behavior will be unspecified
  tokens_by_line = make_tokens_by_line(lines)
/app/ipython/IPython/core/inputtransformer2.py:714: UserWarning: `make_tokens_by_line` received a list of lines which do not have lineending markers ('\n', '\r', '\r\n', '\x0b', '\x0c'), behavior will be unspecified
  tokens_by_line = make_tokens_by_line(lines)
/app/ipython/IPython/core/inputtransformer2.py:608: UserWarning: `make_tokens_by_line` received a list of lines which do not have lineending markers ('\n', '\r', '\r\n', '\x0b', '\x0c'), behavior will be unspecified
  tokens_by_line = make_tokens_by_line(lines)
/app/ipython/IPython/core/inputtransformer2.py:714: UserWarning: `make_tokens_by_line` received a list of lines which do not have lineending markers ('\n', '\r', '\r\n', '\x0b', '\x0c'), behavior will be unspecified
  tokens_by_line = make_tokens_by_line(lines)
/app/ipython/IPython/core/inputtransformer2.py:608: UserWarning: `make_tokens_by_line` received a list of lines which do not have lineending markers ('\n', '\r', '\r\n', '\x0b', '\x0c'), behavior will be unspecified
  tokens_by_line = make_tokens_by_line(lines)
/app/ipython/IPython/core/inputtransformer2.py:608: UserWarning: `make_tokens_by_line` received a list of lines which do not have lineending markers ('\n', '\r', '\r\n', '\x0b', '\x0c'), behavior will be unspecified
  tokens_by_line = make_tokens_by_line(lines)
/app/ipython/IPython/core/inputtransformer2.py:608: UserWarning: `make_tokens_by_line` received a list of lines which do not have lineending markers ('\n', '\r', '\r\n', '\x0b', '\x0c'), behavior will be unspecified
  tokens_by_line = make_tokens_by_line(lines)
/app/ipython/IPython/core/inputtransformer2.py:608: UserWarning: `make_tokens_by_line` received a list of lines which do not have lineending markers ('\n', '\r', '\r\n', '\x0b', '\x0c'), behavior will be unspecified
  tokens_by_line = make_tokens_by_line(lines)
/app/ipython/IPython/core/inputtransformer2.py:714: UserWarning: `make_tokens_by_line` received a list of lines which do not have lineending markers ('\n', '\r', '\r\n', '\x0b', '\x0c'), behavior will be unspecified
  tokens_by_line = make_tokens_by_line(lines)
/app/ipython/IPython/core/inputtransformer2.py:608: UserWarning: `make_tokens_by_line` received a list of lines which do not have lineending markers ('\n', '\r', '\r\n', '\x0b', '\x0c'), behavior will be unspecified
  tokens_by_line = make_tokens_by_line(lines)
/app/ipython/IPython/core/inputtransformer2.py:714: UserWarning: `make_tokens_by_line` received a list of lines which do not have lineending markers ('\n', '\r', '\r\n', '\x0b', '\x0c'), behavior will be unspecified
  tokens_by_line = make_tokens_by_line(lines)
/app/ipython/IPython/core/inputtransformer2.py:608: UserWarning: `make_tokens_by_line` received a list of lines which do not have lineending markers ('\n', '\r', '\r\n', '\x0b', '\x0c'), behavior will be unspecified
  tokens_by_line = make_tokens_by_line(lines)
/app/ipython/IPython/core/inputtransformer2.py:714: UserWarning: `make_tokens_by_line` received a list of lines which do not have lineending markers ('\n', '\r', '\r\n', '\x0b', '\x0c'), behavior will be unspecified
  tokens_by_line = make_tokens_by_line(lines)
#11471	NEW    cov: 2639 ft: 3750 corp: 121/891b lim: 17 exec/s: 5735 rss: 80Mb L: 17/17 MS: 5 InsertRepeatedBytes-CMP-ShuffleBytes-CrossOver-ChangeByte- DE: "\377\377"-
/app/ipython/IPython/core/inputtransformer2.py:608: UserWarning: `make_tokens_by_line` received a list of lines which do not have lineending markers ('\n', '\r', '\r\n', '\x0b', '\x0c'), behavior will be unspecified
  tokens_by_line = make_tokens_by_line(lines)
#11489	NEW    cov: 2639 ft: 3751 corp: 122/908b lim: 17 exec/s: 5744 rss: 80Mb L: 17/17 MS: 3 ChangeByte-InsertByte-CrossOver-
/app/ipython/IPython/core/inputtransformer2.py:608: UserWarning: `make_tokens_by_line` received a list of lines which do not have lineending markers ('\n', '\r', '\r\n', '\x0b', '\x0c'), behavior will be unspecified
  tokens_by_line = make_tokens_by_line(lines)
/app/ipython/IPython/core/inputtransformer2.py:714: UserWarning: `make_tokens_by_line` received a list of lines which do not have lineending markers ('\n', '\r', '\r\n', '\x0b', '\x0c'), behavior will be unspecified
  tokens_by_line = make_tokens_by_line(lines)
#11585	REDUCE cov: 2639 ft: 3752 corp: 123/920b lim: 17 exec/s: 5792 rss: 80Mb L: 12/17 MS: 1 InsertByte-
/app/ipython/IPython/core/inputtransformer2.py:608: UserWarning: `make_tokens_by_line` received a list of lines which do not have lineending markers ('\n', '\r', '\r\n', '\x0b', '\x0c'), behavior will be unspecified
  tokens_by_line = make_tokens_by_line(lines)
/app/ipython/IPython/core/inputtransformer2.py:714: UserWarning: `make_tokens_by_line` received a list of lines which do not have lineending markers ('\n', '\r', '\r\n', '\x0b', '\x0c'), behavior will be unspecified
  tokens_by_line = make_tokens_by_line(lines)
/app/ipython/IPython/core/inputtransformer2.py:608: UserWarning: `make_tokens_by_line` received a list of lines which do not have lineending markers ('\n', '\r', '\r\n', '\x0b', '\x0c'), behavior will be unspecified
  tokens_by_line = make_tokens_by_line(lines)
/app/ipython/IPython/core/inputtransformer2.py:714: UserWarning: `make_tokens_by_line` received a list of lines which do not have lineending markers ('\n', '\r', '\r\n', '\x0b', '\x0c'), behavior will be unspecified
  tokens_by_line = make_tokens_by_line(lines)
/app/ipython/IPython/core/inputtransformer2.py:608: UserWarning: `make_tokens_by_line` received a list of lines which do not have lineending markers ('\n', '\r', '\r\n', '\x0b', '\x0c'), behavior will be unspecified
  tokens_by_line = make_tokens_by_line(lines)
/app/ipython/IPython/core/inputtransformer2.py:714: UserWarning: `make_tokens_by_line` received a list of lines which do not have lineending markers ('\n', '\r', '\r\n', '\x0b', '\x0c'), behavior will be unspecified
  tokens_by_line = make_tokens_by_line(lines)
/app/ipython/IPython/core/inputtransformer2.py:608: UserWarning: `make_tokens_by_line` received a list of lines which do not have lineending markers ('\n', '\r', '\r\n', '\x0b', '\x0c'), behavior will be unspecified
  tokens_by_line = make_tokens_by_line(lines)
/app/ipython/IPython/core/inputtransformer2.py:714: UserWarning: `make_tokens_by_line` received a list of lines which do not have lineending markers ('\n', '\r', '\r\n', '\x0b', '\x0c'), behavior will be unspecified
  tokens_by_line = make_tokens_by_line(lines)
#11646	REDUCE cov: 2639 ft: 3752 corp: 123/919b lim: 17 exec/s: 5823 rss: 80Mb L: 4/17 MS: 1 EraseBytes-
/app/ipython/IPython/core/inputtransformer2.py:608: UserWarning: `make_tokens_by_line` received a list of lines which do not have lineending markers ('\n', '\r', '\r\n', '\x0b', '\x0c'), behavior will be unspecified
  tokens_by_line = make_tokens_by_line(lines)
/app/ipython/IPython/core/inputtransformer2.py:714: UserWarning: `make_tokens_by_line` received a list of lines which do not have lineending markers ('\n', '\r', '\r\n', '\x0b', '\x0c'), behavior will be unspecified
  tokens_by_line = make_tokens_by_line(lines)
#11684	REDUCE cov: 2639 ft: 3752 corp: 123/918b lim: 17 exec/s: 5842 rss: 80Mb L: 7/17 MS: 3 CMP-ShuffleBytes-EraseBytes- DE: "\001\000"-
/app/ipython/IPython/core/inputtransformer2.py:608: UserWarning: `make_tokens_by_line` received a list of lines which do not have lineending markers ('\n', '\r', '\r\n', '\x0b', '\x0c'), behavior will be unspecified
  tokens_by_line = make_tokens_by_line(lines)
#11885	REDUCE cov: 2639 ft: 3752 corp: 123/917b lim: 17 exec/s: 5942 rss: 80Mb L: 7/17 MS: 1 EraseBytes-
/app/ipython/IPython/core/inputtransformer2.py:608: UserWarning: `make_tokens_by_line` received a list of lines which do not have lineending markers ('\n', '\r', '\r\n', '\x0b', '\x0c'), behavior will be unspecified
  tokens_by_line = make_tokens_by_line(lines)
/app/ipython/IPython/core/inputtransformer2.py:714: UserWarning: `make_tokens_by_line` received a list of lines which do not have lineending markers ('\n', '\r', '\r\n', '\x0b', '\x0c'), behavior will be unspecified
  tokens_by_line = make_tokens_by_line(lines)
/app/ipython/IPython/core/inputtransformer2.py:608: UserWarning: `make_tokens_by_line` received a list of lines which do not have lineending markers ('\n', '\r', '\r\n', '\x0b', '\x0c'), behavior will be unspecified
  tokens_by_line = make_tokens_by_line(lines)
/app/ipython/IPython/core/inputtransformer2.py:714: UserWarning: `make_tokens_by_line` received a list of lines which do not have lineending markers ('\n', '\r', '\r\n', '\x0b', '\x0c'), behavior will be unspecified
  tokens_by_line = make_tokens_by_line(lines)
/app/ipython/IPython/core/inputtransformer2.py:608: UserWarning: `make_tokens_by_line` received a list of lines which do not have lineending markers ('\n', '\r', '\r\n', '\x0b', '\x0c'), behavior will be unspecified
  tokens_by_line = make_tokens_by_line(lines)
/app/ipython/IPython/core/inputtransformer2.py:714: UserWarning: `make_tokens_by_line` received a list of lines which do not have lineending markers ('\n', '\r', '\r\n', '\x0b', '\x0c'), behavior will be unspecified
  tokens_by_line = make_tokens_by_line(lines)
#11950	NEW    cov: 2639 ft: 3753 corp: 124/933b lim: 17 exec/s: 5975 rss: 80Mb L: 16/17 MS: 5 InsertByte-ChangeBinInt-InsertRepeatedBytes-ChangeByte-ChangeByte-
/app/ipython/IPython/core/inputtransformer2.py:608: UserWarning: `make_tokens_by_line` received a list of lines which do not have lineending markers ('\n', '\r', '\r\n', '\x0b', '\x0c'), behavior will be unspecified
  tokens_by_line = make_tokens_by_line(lines)
/app/ipython/IPython/core/inputtransformer2.py:714: UserWarning: `make_tokens_by_line` received a list of lines which do not have lineending markers ('\n', '\r', '\r\n', '\x0b', '\x0c'), behavior will be unspecified
  tokens_by_line = make_tokens_by_line(lines)
/app/ipython/IPython/core/inputtransformer2.py:608: UserWarning: `make_tokens_by_line` received a list of lines which do not have lineending markers ('\n', '\r', '\r\n', '\x0b', '\x0c'), behavior will be unspecified
  tokens_by_line = make_tokens_by_line(lines)
/app/ipython/IPython/core/inputtransformer2.py:714: UserWarning: `make_tokens_by_line` received a list of lines which do not have lineending markers ('\n', '\r', '\r\n', '\x0b', '\x0c'), behavior will be unspecified
  tokens_by_line = make_tokens_by_line(lines)
#11992	REDUCE cov: 2639 ft: 3753 corp: 124/931b lim: 17 exec/s: 5996 rss: 80Mb L: 9/17 MS: 2 ChangeBinInt-EraseBytes-
/app/ipython/IPython/core/inputtransformer2.py:608: UserWarning: `make_tokens_by_line` received a list of lines which do not have lineending markers ('\n', '\r', '\r\n', '\x0b', '\x0c'), behavior will be unspecified
  tokens_by_line = make_tokens_by_line(lines)
/app/ipython/IPython/core/inputtransformer2.py:714: UserWarning: `make_tokens_by_line` received a list of lines which do not have lineending markers ('\n', '\r', '\r\n', '\x0b', '\x0c'), behavior will be unspecified
  tokens_by_line = make_tokens_by_line(lines)
/app/ipython/IPython/core/inputtransformer2.py:608: UserWarning: `make_tokens_by_line` received a list of lines which do not have lineending markers ('\n', '\r', '\r\n', '\x0b', '\x0c'), behavior will be unspecified
  tokens_by_line = make_tokens_by_line(lines)
/app/ipython/IPython/core/inputtransformer2.py:714: UserWarning: `make_tokens_by_line` received a list of lines which do not have lineending markers ('\n', '\r', '\r\n', '\x0b', '\x0c'), behavior will be unspecified
  tokens_by_line = make_tokens_by_line(lines)
/app/ipython/IPython/core/inputtransformer2.py:608: UserWarning: `make_tokens_by_line` received a list of lines which do not have lineending markers ('\n', '\r', '\r\n', '\x0b', '\x0c'), behavior will be unspecified
  tokens_by_line = make_tokens_by_line(lines)
/app/ipython/IPython/core/inputtransformer2.py:714: UserWarning: `make_tokens_by_line` received a list of lines which do not have lineending markers ('\n', '\r', '\r\n', '\x0b', '\x0c'), behavior will be unspecified
  tokens_by_line = make_tokens_by_line(lines)
/app/ipython/IPython/core/inputtransformer2.py:608: UserWarning: `make_tokens_by_line` received a list of lines which do not have lineending markers ('\n', '\r', '\r\n', '\x0b', '\x0c'), behavior will be unspecified
  tokens_by_line = make_tokens_by_line(lines)
/app/ipython/IPython/core/inputtransformer2.py:714: UserWarning: `make_tokens_by_line` received a list of lines which do not have lineending markers ('\n', '\r', '\r\n', '\x0b', '\x0c'), behavior will be unspecified
  tokens_by_line = make_tokens_by_line(lines)
#12098	NEW    cov: 2639 ft: 3755 corp: 125/944b lim: 17 exec/s: 6049 rss: 80Mb L: 13/17 MS: 1 ChangeByte-
/app/ipython/IPython/core/inputtransformer2.py:608: UserWarning: `make_tokens_by_line` received a list of lines which do not have lineending markers ('\n', '\r', '\r\n', '\x0b', '\x0c'), behavior will be unspecified
  tokens_by_line = make_tokens_by_line(lines)
/app/ipython/IPython/core/inputtransformer2.py:714: UserWarning: `make_tokens_by_line` received a list of lines which do not have lineending markers ('\n', '\r', '\r\n', '\x0b', '\x0c'), behavior will be unspecified
  tokens_by_line = make_tokens_by_line(lines)
/app/ipython/IPython/core/inputtransformer2.py:608: UserWarning: `make_tokens_by_line` received a list of lines which do not have lineending markers ('\n', '\r', '\r\n', '\x0b', '\x0c'), behavior will be unspecified
  tokens_by_line = make_tokens_by_line(lines)
/app/ipython/IPython/core/inputtransformer2.py:714: UserWarning: `make_tokens_by_line` received a list of lines which do not have lineending markers ('\n', '\r', '\r\n', '\x0b', '\x0c'), behavior will be unspecified
  tokens_by_line = make_tokens_by_line(lines)
/app/ipython/IPython/core/inputtransformer2.py:608: UserWarning: `make_tokens_by_line` received a list of lines which do not have lineending markers ('\n', '\r', '\r\n', '\x0b', '\x0c'), behavior will be unspecified
  tokens_by_line = make_tokens_by_line(lines)
/app/ipython/IPython/core/inputtransformer2.py:714: UserWarning: `make_tokens_by_line` received a list of lines which do not have lineending markers ('\n', '\r', '\r\n', '\x0b', '\x0c'), behavior will be unspecified
  tokens_by_line = make_tokens_by_line(lines)
/app/ipython/IPython/core/inputtransformer2.py:608: UserWarning: `make_tokens_by_line` received a list of lines which do not have lineending markers ('\n', '\r', '\r\n', '\x0b', '\x0c'), behavior will be unspecified
  tokens_by_line = make_tokens_by_line(lines)
/app/ipython/IPython/core/inputtransformer2.py:714: UserWarning: `make_tokens_by_line` received a list of lines which do not have lineending markers ('\n', '\r', '\r\n', '\x0b', '\x0c'), behavior will be unspecified
  tokens_by_line = make_tokens_by_line(lines)
/app/ipython/IPython/core/inputtransformer2.py:608: UserWarning: `make_tokens_by_line` received a list of lines which do not have lineending markers ('\n', '\r', '\r\n', '\x0b', '\x0c'), behavior will be unspecified
  tokens_by_line = make_tokens_by_line(lines)
/app/ipython/IPython/core/inputtransformer2.py:714: UserWarning: `make_tokens_by_line` received a list of lines which do not have lineending markers ('\n', '\r', '\r\n', '\x0b', '\x0c'), behavior will be unspecified
  tokens_by_line = make_tokens_by_line(lines)
/app/ipython/IPython/core/inputtransformer2.py:608: UserWarning: `make_tokens_by_line` received a list of lines which do not have lineending markers ('\n', '\r', '\r\n', '\x0b', '\x0c'), behavior will be unspecified
  tokens_by_line = make_tokens_by_line(lines)
/app/ipython/IPython/core/inputtransformer2.py:714: UserWarning: `make_tokens_by_line` received a list of lines which do not have lineending markers ('\n', '\r', '\r\n', '\x0b', '\x0c'), behavior will be unspecified
  tokens_by_line = make_tokens_by_line(lines)
/app/ipython/IPython/core/inputtransformer2.py:608: UserWarning: `make_tokens_by_line` received a list of lines which do not have lineending markers ('\n', '\r', '\r\n', '\x0b', '\x0c'), behavior will be unspecified
  tokens_by_line = make_tokens_by_line(lines)
/app/ipython/IPython/core/inputtransformer2.py:714: UserWarning: `make_tokens_by_line` received a list of lines which do not have lineending markers ('\n', '\r', '\r\n', '\x0b', '\x0c'), behavior will be unspecified
  tokens_by_line = make_tokens_by_line(lines)
/app/ipython/IPython/core/inputtransformer2.py:608: UserWarning: `make_tokens_by_line` received a list of lines which do not have lineending markers ('\n', '\r', '\r\n', '\x0b', '\x0c'), behavior will be unspecified
  tokens_by_line = make_tokens_by_line(lines)
/app/ipython/IPython/core/inputtransformer2.py:714: UserWarning: `make_tokens_by_line` received a list of lines which do not have lineending markers ('\n', '\r', '\r\n', '\x0b', '\x0c'), behavior will be unspecified
  tokens_by_line = make_tokens_by_line(lines)
#12291	REDUCE cov: 2639 ft: 3755 corp: 125/941b lim: 17 exec/s: 6145 rss: 80Mb L: 7/17 MS: 3 CopyPart-ShuffleBytes-EraseBytes-
/app/ipython/IPython/core/inputtransformer2.py:608: UserWarning: `make_tokens_by_line` received a list of lines which do not have lineending markers ('\n', '\r', '\r\n', '\x0b', '\x0c'), behavior will be unspecified
  tokens_by_line = make_tokens_by_line(lines)
/app/ipython/IPython/core/inputtransformer2.py:608: UserWarning: `make_tokens_by_line` received a list of lines which do not have lineending markers ('\n', '\r', '\r\n', '\x0b', '\x0c'), behavior will be unspecified
  tokens_by_line = make_tokens_by_line(lines)
/app/ipython/IPython/core/inputtransformer2.py:608: UserWarning: `make_tokens_by_line` received a list of lines which do not have lineending markers ('\n', '\r', '\r\n', '\x0b', '\x0c'), behavior will be unspecified
  tokens_by_line = make_tokens_by_line(lines)
#12362	NEW    cov: 2639 ft: 3758 corp: 126/954b lim: 17 exec/s: 6181 rss: 80Mb L: 13/17 MS: 1 CrossOver-
/app/ipython/IPython/core/inputtransformer2.py:608: UserWarning: `make_tokens_by_line` received a list of lines which do not have lineending markers ('\n', '\r', '\r\n', '\x0b', '\x0c'), behavior will be unspecified
  tokens_by_line = make_tokens_by_line(lines)
/app/ipython/IPython/core/inputtransformer2.py:714: UserWarning: `make_tokens_by_line` received a list of lines which do not have lineending markers ('\n', '\r', '\r\n', '\x0b', '\x0c'), behavior will be unspecified
  tokens_by_line = make_tokens_by_line(lines)
/app/ipython/IPython/core/inputtransformer2.py:608: UserWarning: `make_tokens_by_line` received a list of lines which do not have lineending markers ('\n', '\r', '\r\n', '\x0b', '\x0c'), behavior will be unspecified
  tokens_by_line = make_tokens_by_line(lines)
/app/ipython/IPython/core/inputtransformer2.py:714: UserWarning: `make_tokens_by_line` received a list of lines which do not have lineending markers ('\n', '\r', '\r\n', '\x0b', '\x0c'), behavior will be unspecified
  tokens_by_line = make_tokens_by_line(lines)
/app/ipython/IPython/core/inputtransformer2.py:608: UserWarning: `make_tokens_by_line` received a list of lines which do not have lineending markers ('\n', '\r', '\r\n', '\x0b', '\x0c'), behavior will be unspecified
  tokens_by_line = make_tokens_by_line(lines)
/app/ipython/IPython/core/inputtransformer2.py:714: UserWarning: `make_tokens_by_line` received a list of lines which do not have lineending markers ('\n', '\r', '\r\n', '\x0b', '\x0c'), behavior will be unspecified
  tokens_by_line = make_tokens_by_line(lines)
/app/ipython/IPython/core/inputtransformer2.py:608: UserWarning: `make_tokens_by_line` received a list of lines which do not have lineending markers ('\n', '\r', '\r\n', '\x0b', '\x0c'), behavior will be unspecified
  tokens_by_line = make_tokens_by_line(lines)
/app/ipython/IPython/core/inputtransformer2.py:714: UserWarning: `make_tokens_by_line` received a list of lines which do not have lineending markers ('\n', '\r', '\r\n', '\x0b', '\x0c'), behavior will be unspecified
  tokens_by_line = make_tokens_by_line(lines)
/app/ipython/IPython/core/inputtransformer2.py:608: UserWarning: `make_tokens_by_line` received a list of lines which do not have lineending markers ('\n', '\r', '\r\n', '\x0b', '\x0c'), behavior will be unspecified
  tokens_by_line = make_tokens_by_line(lines)
/app/ipython/IPython/core/inputtransformer2.py:714: UserWarning: `make_tokens_by_line` received a list of lines which do not have lineending markers ('\n', '\r', '\r\n', '\x0b', '\x0c'), behavior will be unspecified
  tokens_by_line = make_tokens_by_line(lines)
/app/ipython/IPython/core/inputtransformer2.py:608: UserWarning: `make_tokens_by_line` received a list of lines which do not have lineending markers ('\n', '\r', '\r\n', '\x0b', '\x0c'), behavior will be unspecified
  tokens_by_line = make_tokens_by_line(lines)
/app/ipython/IPython/core/inputtransformer2.py:714: UserWarning: `make_tokens_by_line` received a list of lines which do not have lineending markers ('\n', '\r', '\r\n', '\x0b', '\x0c'), behavior will be unspecified
  tokens_by_line = make_tokens_by_line(lines)
/app/ipython/IPython/core/inputtransformer2.py:608: UserWarning: `make_tokens_by_line` received a list of lines which do not have lineending markers ('\n', '\r', '\r\n', '\x0b', '\x0c'), behavior will be unspecified
  tokens_by_line = make_tokens_by_line(lines)
/app/ipython/IPython/core/inputtransformer2.py:714: UserWarning: `make_tokens_by_line` received a list of lines which do not have lineending markers ('\n', '\r', '\r\n', '\x0b', '\x0c'), behavior will be unspecified
  tokens_by_line = make_tokens_by_line(lines)
/app/ipython/IPython/core/inputtransformer2.py:608: UserWarning: `make_tokens_by_line` received a list of lines which do not have lineending markers ('\n', '\r', '\r\n', '\x0b', '\x0c'), behavior will be unspecified
  tokens_by_line = make_tokens_by_line(lines)
/app/ipython/IPython/core/inputtransformer2.py:714: UserWarning: `make_tokens_by_line` received a list of lines which do not have lineending markers ('\n', '\r', '\r\n', '\x0b', '\x0c'), behavior will be unspecified
  tokens_by_line = make_tokens_by_line(lines)
/app/ipython/IPython/core/inputtransformer2.py:608: UserWarning: `make_tokens_by_line` received a list of lines which do not have lineending markers ('\n', '\r', '\r\n', '\x0b', '\x0c'), behavior will be unspecified
  tokens_by_line = make_tokens_by_line(lines)
/app/ipython/IPython/core/inputtransformer2.py:714: UserWarning: `make_tokens_by_line` received a list of lines which do not have lineending markers ('\n', '\r', '\r\n', '\x0b', '\x0c'), behavior will be unspecified
  tokens_by_line = make_tokens_by_line(lines)
/app/ipython/IPython/core/inputtransformer2.py:608: UserWarning: `make_tokens_by_line` received a list of lines which do not have lineending markers ('\n', '\r', '\r\n', '\x0b', '\x0c'), behavior will be unspecified
  tokens_by_line = make_tokens_by_line(lines)
/app/ipython/IPython/core/inputtransformer2.py:608: UserWarning: `make_tokens_by_line` received a list of lines which do not have lineending markers ('\n', '\r', '\r\n', '\x0b', '\x0c'), behavior will be unspecified
  tokens_by_line = make_tokens_by_line(lines)
/app/ipython/IPython/core/inputtransformer2.py:608: UserWarning: `make_tokens_by_line` received a list of lines which do not have lineending markers ('\n', '\r', '\r\n', '\x0b', '\x0c'), behavior will be unspecified
  tokens_by_line = make_tokens_by_line(lines)
#12603	REDUCE cov: 2639 ft: 3787 corp: 127/969b lim: 17 exec/s: 6301 rss: 80Mb L: 15/17 MS: 1 InsertRepeatedBytes-
#12618	NEW    cov: 2639 ft: 3788 corp: 128/981b lim: 17 exec/s: 6309 rss: 80Mb L: 12/17 MS: 5 InsertByte-EraseBytes-CrossOver-PersAutoDict-InsertRepeatedBytes- DE: "\000\000"-
#12635	NEW    cov: 2639 ft: 3791 corp: 129/995b lim: 17 exec/s: 6317 rss: 80Mb L: 14/17 MS: 2 CopyPart-ChangeBit-
/app/ipython/IPython/core/inputtransformer2.py:608: UserWarning: `make_tokens_by_line` received a list of lines which do not have lineending markers ('\n', '\r', '\r\n', '\x0b', '\x0c'), behavior will be unspecified
  tokens_by_line = make_tokens_by_line(lines)
/app/ipython/IPython/core/inputtransformer2.py:608: UserWarning: `make_tokens_by_line` received a list of lines which do not have lineending markers ('\n', '\r', '\r\n', '\x0b', '\x0c'), behavior will be unspecified
  tokens_by_line = make_tokens_by_line(lines)
/app/ipython/IPython/core/inputtransformer2.py:714: UserWarning: `make_tokens_by_line` received a list of lines which do not have lineending markers ('\n', '\r', '\r\n', '\x0b', '\x0c'), behavior will be unspecified
  tokens_by_line = make_tokens_by_line(lines)
/app/ipython/IPython/core/inputtransformer2.py:608: UserWarning: `make_tokens_by_line` received a list of lines which do not have lineending markers ('\n', '\r', '\r\n', '\x0b', '\x0c'), behavior will be unspecified
  tokens_by_line = make_tokens_by_line(lines)
/app/ipython/IPython/core/inputtransformer2.py:714: UserWarning: `make_tokens_by_line` received a list of lines which do not have lineending markers ('\n', '\r', '\r\n', '\x0b', '\x0c'), behavior will be unspecified
  tokens_by_line = make_tokens_by_line(lines)
/app/ipython/IPython/core/inputtransformer2.py:608: UserWarning: `make_tokens_by_line` received a list of lines which do not have lineending markers ('\n', '\r', '\r\n', '\x0b', '\x0c'), behavior will be unspecified
  tokens_by_line = make_tokens_by_line(lines)
/app/ipython/IPython/core/inputtransformer2.py:714: UserWarning: `make_tokens_by_line` received a list of lines which do not have lineending markers ('\n', '\r', '\r\n', '\x0b', '\x0c'), behavior will be unspecified
  tokens_by_line = make_tokens_by_line(lines)
/app/ipython/IPython/core/inputtransformer2.py:608: UserWarning: `make_tokens_by_line` received a list of lines which do not have lineending markers ('\n', '\r', '\r\n', '\x0b', '\x0c'), behavior will be unspecified
  tokens_by_line = make_tokens_by_line(lines)
/app/ipython/IPython/core/inputtransformer2.py:714: UserWarning: `make_tokens_by_line` received a list of lines which do not have lineending markers ('\n', '\r', '\r\n', '\x0b', '\x0c'), behavior will be unspecified
  tokens_by_line = make_tokens_by_line(lines)
/app/ipython/IPython/core/inputtransformer2.py:608: UserWarning: `make_tokens_by_line` received a list of lines which do not have lineending markers ('\n', '\r', '\r\n', '\x0b', '\x0c'), behavior will be unspecified
  tokens_by_line = make_tokens_by_line(lines)
/app/ipython/IPython/core/inputtransformer2.py:714: UserWarning: `make_tokens_by_line` received a list of lines which do not have lineending markers ('\n', '\r', '\r\n', '\x0b', '\x0c'), behavior will be unspecified
  tokens_by_line = make_tokens_by_line(lines)
/app/ipython/IPython/core/inputtransformer2.py:608: UserWarning: `make_tokens_by_line` received a list of lines which do not have lineending markers ('\n', '\r', '\r\n', '\x0b', '\x0c'), behavior will be unspecified
  tokens_by_line = make_tokens_by_line(lines)
/app/ipython/IPython/core/inputtransformer2.py:714: UserWarning: `make_tokens_by_line` received a list of lines which do not have lineending markers ('\n', '\r', '\r\n', '\x0b', '\x0c'), behavior will be unspecified
  tokens_by_line = make_tokens_by_line(lines)
/app/ipython/IPython/core/inputtransformer2.py:608: UserWarning: `make_tokens_by_line` received a list of lines which do not have lineending markers ('\n', '\r', '\r\n', '\x0b', '\x0c'), behavior will be unspecified
  tokens_by_line = make_tokens_by_line(lines)
/app/ipython/IPython/core/inputtransformer2.py:714: UserWarning: `make_tokens_by_line` received a list of lines which do not have lineending markers ('\n', '\r', '\r\n', '\x0b', '\x0c'), behavior will be unspecified
  tokens_by_line = make_tokens_by_line(lines)
/app/ipython/IPython/core/inputtransformer2.py:608: UserWarning: `make_tokens_by_line` received a list of lines which do not have lineending markers ('\n', '\r', '\r\n', '\x0b', '\x0c'), behavior will be unspecified
  tokens_by_line = make_tokens_by_line(lines)
/app/ipython/IPython/core/inputtransformer2.py:714: UserWarning: `make_tokens_by_line` received a list of lines which do not have lineending markers ('\n', '\r', '\r\n', '\x0b', '\x0c'), behavior will be unspecified
  tokens_by_line = make_tokens_by_line(lines)
/app/ipython/IPython/core/inputtransformer2.py:608: UserWarning: `make_tokens_by_line` received a list of lines which do not have lineending markers ('\n', '\r', '\r\n', '\x0b', '\x0c'), behavior will be unspecified
  tokens_by_line = make_tokens_by_line(lines)
/app/ipython/IPython/core/inputtransformer2.py:714: UserWarning: `make_tokens_by_line` received a list of lines which do not have lineending markers ('\n', '\r', '\r\n', '\x0b', '\x0c'), behavior will be unspecified
  tokens_by_line = make_tokens_by_line(lines)
/app/ipython/IPython/core/inputtransformer2.py:608: UserWarning: `make_tokens_by_line` received a list of lines which do not have lineending markers ('\n', '\r', '\r\n', '\x0b', '\x0c'), behavior will be unspecified
  tokens_by_line = make_tokens_by_line(lines)
/app/ipython/IPython/core/inputtransformer2.py:714: UserWarning: `make_tokens_by_line` received a list of lines which do not have lineending markers ('\n', '\r', '\r\n', '\x0b', '\x0c'), behavior will be unspecified
  tokens_by_line = make_tokens_by_line(lines)
/app/ipython/IPython/core/inputtransformer2.py:608: UserWarning: `make_tokens_by_line` received a list of lines which do not have lineending markers ('\n', '\r', '\r\n', '\x0b', '\x0c'), behavior will be unspecified
  tokens_by_line = make_tokens_by_line(lines)
/app/ipython/IPython/core/inputtransformer2.py:608: UserWarning: `make_tokens_by_line` received a list of lines which do not have lineending markers ('\n', '\r', '\r\n', '\x0b', '\x0c'), behavior will be unspecified
  tokens_by_line = make_tokens_by_line(lines)
/app/ipython/IPython/core/inputtransformer2.py:608: UserWarning: `make_tokens_by_line` received a list of lines which do not have lineending markers ('\n', '\r', '\r\n', '\x0b', '\x0c'), behavior will be unspecified
  tokens_by_line = make_tokens_by_line(lines)
/app/ipython/IPython/core/inputtransformer2.py:714: UserWarning: `make_tokens_by_line` received a list of lines which do not have lineending markers ('\n', '\r', '\r\n', '\x0b', '\x0c'), behavior will be unspecified
  tokens_by_line = make_tokens_by_line(lines)
/app/ipython/IPython/core/inputtransformer2.py:608: UserWarning: `make_tokens_by_line` received a list of lines which do not have lineending markers ('\n', '\r', '\r\n', '\x0b', '\x0c'), behavior will be unspecified
  tokens_by_line = make_tokens_by_line(lines)
/app/ipython/IPython/core/inputtransformer2.py:714: UserWarning: `make_tokens_by_line` received a list of lines which do not have lineending markers ('\n', '\r', '\r\n', '\x0b', '\x0c'), behavior will be unspecified
  tokens_by_line = make_tokens_by_line(lines)
/app/ipython/IPython/core/inputtransformer2.py:608: UserWarning: `make_tokens_by_line` received a list of lines which do not have lineending markers ('\n', '\r', '\r\n', '\x0b', '\x0c'), behavior will be unspecified
  tokens_by_line = make_tokens_by_line(lines)
/app/ipython/IPython/core/inputtransformer2.py:714: UserWarning: `make_tokens_by_line` received a list of lines which do not have lineending markers ('\n', '\r', '\r\n', '\x0b', '\x0c'), behavior will be unspecified
  tokens_by_line = make_tokens_by_line(lines)
#12886	REDUCE cov: 2639 ft: 3791 corp: 129/994b lim: 17 exec/s: 6443 rss: 80Mb L: 4/17 MS: 1 EraseBytes-
/app/ipython/IPython/core/inputtransformer2.py:608: UserWarning: `make_tokens_by_line` received a list of lines which do not have lineending markers ('\n', '\r', '\r\n', '\x0b', '\x0c'), behavior will be unspecified
  tokens_by_line = make_tokens_by_line(lines)
/app/ipython/IPython/core/inputtransformer2.py:608: UserWarning: `make_tokens_by_line` received a list of lines which do not have lineending markers ('\n', '\r', '\r\n', '\x0b', '\x0c'), behavior will be unspecified
  tokens_by_line = make_tokens_by_line(lines)
/app/ipython/IPython/core/inputtransformer2.py:608: UserWarning: `make_tokens_by_line` received a list of lines which do not have lineending markers ('\n', '\r', '\r\n', '\x0b', '\x0c'), behavior will be unspecified
  tokens_by_line = make_tokens_by_line(lines)
/app/ipython/IPython/core/inputtransformer2.py:608: UserWarning: `make_tokens_by_line` received a list of lines which do not have lineending markers ('\n', '\r', '\r\n', '\x0b', '\x0c'), behavior will be unspecified
  tokens_by_line = make_tokens_by_line(lines)
/app/ipython/IPython/core/inputtransformer2.py:714: UserWarning: `make_tokens_by_line` received a list of lines which do not have lineending markers ('\n', '\r', '\r\n', '\x0b', '\x0c'), behavior will be unspecified
  tokens_by_line = make_tokens_by_line(lines)
/app/ipython/IPython/core/inputtransformer2.py:608: UserWarning: `make_tokens_by_line` received a list of lines which do not have lineending markers ('\n', '\r', '\r\n', '\x0b', '\x0c'), behavior will be unspecified
  tokens_by_line = make_tokens_by_line(lines)
/app/ipython/IPython/core/inputtransformer2.py:714: UserWarning: `make_tokens_by_line` received a list of lines which do not have lineending markers ('\n', '\r', '\r\n', '\x0b', '\x0c'), behavior will be unspecified
  tokens_by_line = make_tokens_by_line(lines)
/app/ipython/IPython/core/inputtransformer2.py:608: UserWarning: `make_tokens_by_line` received a list of lines which do not have lineending markers ('\n', '\r', '\r\n', '\x0b', '\x0c'), behavior will be unspecified
  tokens_by_line = make_tokens_by_line(lines)
/app/ipython/IPython/core/inputtransformer2.py:714: UserWarning: `make_tokens_by_line` received a list of lines which do not have lineending markers ('\n', '\r', '\r\n', '\x0b', '\x0c'), behavior will be unspecified
  tokens_by_line = make_tokens_by_line(lines)
/app/ipython/IPython/core/inputtransformer2.py:608: UserWarning: `make_tokens_by_line` received a list of lines which do not have lineending markers ('\n', '\r', '\r\n', '\x0b', '\x0c'), behavior will be unspecified
  tokens_by_line = make_tokens_by_line(lines)
/app/ipython/IPython/core/inputtransformer2.py:714: UserWarning: `make_tokens_by_line` received a list of lines which do not have lineending markers ('\n', '\r', '\r\n', '\x0b', '\x0c'), behavior will be unspecified
  tokens_by_line = make_tokens_by_line(lines)
/app/ipython/IPython/core/inputtransformer2.py:608: UserWarning: `make_tokens_by_line` received a list of lines which do not have lineending markers ('\n', '\r', '\r\n', '\x0b', '\x0c'), behavior will be unspecified
  tokens_by_line = make_tokens_by_line(lines)
/app/ipython/IPython/core/inputtransformer2.py:714: UserWarning: `make_tokens_by_line` received a list of lines which do not have lineending markers ('\n', '\r', '\r\n', '\x0b', '\x0c'), behavior will be unspecified
  tokens_by_line = make_tokens_by_line(lines)
/app/ipython/IPython/core/inputtransformer2.py:608: UserWarning: `make_tokens_by_line` received a list of lines which do not have lineending markers ('\n', '\r', '\r\n', '\x0b', '\x0c'), behavior will be unspecified
  tokens_by_line = make_tokens_by_line(lines)
/app/ipython/IPython/core/inputtransformer2.py:608: UserWarning: `make_tokens_by_line` received a list of lines which do not have lineending markers ('\n', '\r', '\r\n', '\x0b', '\x0c'), behavior will be unspecified
  tokens_by_line = make_tokens_by_line(lines)
#13107	NEW    cov: 2639 ft: 3794 corp: 130/1010b lim: 17 exec/s: 6553 rss: 80Mb L: 16/17 MS: 1 CrossOver-
/app/ipython/IPython/core/inputtransformer2.py:608: UserWarning: `make_tokens_by_line` received a list of lines which do not have lineending markers ('\n', '\r', '\r\n', '\x0b', '\x0c'), behavior will be unspecified
  tokens_by_line = make_tokens_by_line(lines)
/app/ipython/IPython/core/inputtransformer2.py:608: UserWarning: `make_tokens_by_line` received a list of lines which do not have lineending markers ('\n', '\r', '\r\n', '\x0b', '\x0c'), behavior will be unspecified
  tokens_by_line = make_tokens_by_line(lines)
/app/ipython/IPython/core/inputtransformer2.py:608: UserWarning: `make_tokens_by_line` received a list of lines which do not have lineending markers ('\n', '\r', '\r\n', '\x0b', '\x0c'), behavior will be unspecified
  tokens_by_line = make_tokens_by_line(lines)
/app/ipython/IPython/core/inputtransformer2.py:608: UserWarning: `make_tokens_by_line` received a list of lines which do not have lineending markers ('\n', '\r', '\r\n', '\x0b', '\x0c'), behavior will be unspecified
  tokens_by_line = make_tokens_by_line(lines)
/app/ipython/IPython/core/inputtransformer2.py:714: UserWarning: `make_tokens_by_line` received a list of lines which do not have lineending markers ('\n', '\r', '\r\n', '\x0b', '\x0c'), behavior will be unspecified
  tokens_by_line = make_tokens_by_line(lines)
/app/ipython/IPython/core/inputtransformer2.py:608: UserWarning: `make_tokens_by_line` received a list of lines which do not have lineending markers ('\n', '\r', '\r\n', '\x0b', '\x0c'), behavior will be unspecified
  tokens_by_line = make_tokens_by_line(lines)
/app/ipython/IPython/core/inputtransformer2.py:714: UserWarning: `make_tokens_by_line` received a list of lines which do not have lineending markers ('\n', '\r', '\r\n', '\x0b', '\x0c'), behavior will be unspecified
  tokens_by_line = make_tokens_by_line(lines)
/app/ipython/IPython/core/inputtransformer2.py:608: UserWarning: `make_tokens_by_line` received a list of lines which do not have lineending markers ('\n', '\r', '\r\n', '\x0b', '\x0c'), behavior will be unspecified
  tokens_by_line = make_tokens_by_line(lines)
/app/ipython/IPython/core/inputtransformer2.py:714: UserWarning: `make_tokens_by_line` received a list of lines which do not have lineending markers ('\n', '\r', '\r\n', '\x0b', '\x0c'), behavior will be unspecified
  tokens_by_line = make_tokens_by_line(lines)
/app/ipython/IPython/core/inputtransformer2.py:608: UserWarning: `make_tokens_by_line` received a list of lines which do not have lineending markers ('\n', '\r', '\r\n', '\x0b', '\x0c'), behavior will be unspecified
  tokens_by_line = make_tokens_by_line(lines)
/app/ipython/IPython/core/inputtransformer2.py:714: UserWarning: `make_tokens_by_line` received a list of lines which do not have lineending markers ('\n', '\r', '\r\n', '\x0b', '\x0c'), behavior will be unspecified
  tokens_by_line = make_tokens_by_line(lines)
/app/ipython/IPython/core/inputtransformer2.py:608: UserWarning: `make_tokens_by_line` received a list of lines which do not have lineending markers ('\n', '\r', '\r\n', '\x0b', '\x0c'), behavior will be unspecified
  tokens_by_line = make_tokens_by_line(lines)
/app/ipython/IPython/core/inputtransformer2.py:714: UserWarning: `make_tokens_by_line` received a list of lines which do not have lineending markers ('\n', '\r', '\r\n', '\x0b', '\x0c'), behavior will be unspecified
  tokens_by_line = make_tokens_by_line(lines)
#13259	REDUCE cov: 2639 ft: 3794 corp: 130/1009b lim: 17 exec/s: 6629 rss: 80Mb L: 8/17 MS: 2 ChangeByte-EraseBytes-
/app/ipython/IPython/core/inputtransformer2.py:608: UserWarning: `make_tokens_by_line` received a list of lines which do not have lineending markers ('\n', '\r', '\r\n', '\x0b', '\x0c'), behavior will be unspecified
  tokens_by_line = make_tokens_by_line(lines)
/app/ipython/IPython/core/inputtransformer2.py:608: UserWarning: `make_tokens_by_line` received a list of lines which do not have lineending markers ('\n', '\r', '\r\n', '\x0b', '\x0c'), behavior will be unspecified
  tokens_by_line = make_tokens_by_line(lines)
/app/ipython/IPython/core/inputtransformer2.py:714: UserWarning: `make_tokens_by_line` received a list of lines which do not have lineending markers ('\n', '\r', '\r\n', '\x0b', '\x0c'), behavior will be unspecified
  tokens_by_line = make_tokens_by_line(lines)
#13300	REDUCE cov: 2639 ft: 3794 corp: 130/1008b lim: 17 exec/s: 6650 rss: 80Mb L: 7/17 MS: 1 EraseBytes-
/app/ipython/IPython/core/inputtransformer2.py:608: UserWarning: `make_tokens_by_line` received a list of lines which do not have lineending markers ('\n', '\r', '\r\n', '\x0b', '\x0c'), behavior will be unspecified
  tokens_by_line = make_tokens_by_line(lines)
/app/ipython/IPython/core/inputtransformer2.py:714: UserWarning: `make_tokens_by_line` received a list of lines which do not have lineending markers ('\n', '\r', '\r\n', '\x0b', '\x0c'), behavior will be unspecified
  tokens_by_line = make_tokens_by_line(lines)
/app/ipython/IPython/core/inputtransformer2.py:608: UserWarning: `make_tokens_by_line` received a list of lines which do not have lineending markers ('\n', '\r', '\r\n', '\x0b', '\x0c'), behavior will be unspecified
  tokens_by_line = make_tokens_by_line(lines)
/app/ipython/IPython/core/inputtransformer2.py:608: UserWarning: `make_tokens_by_line` received a list of lines which do not have lineending markers ('\n', '\r', '\r\n', '\x0b', '\x0c'), behavior will be unspecified
  tokens_by_line = make_tokens_by_line(lines)
/app/ipython/IPython/core/inputtransformer2.py:608: UserWarning: `make_tokens_by_line` received a list of lines which do not have lineending markers ('\n', '\r', '\r\n', '\x0b', '\x0c'), behavior will be unspecified
  tokens_by_line = make_tokens_by_line(lines)
/app/ipython/IPython/core/inputtransformer2.py:608: UserWarning: `make_tokens_by_line` received a list of lines which do not have lineending markers ('\n', '\r', '\r\n', '\x0b', '\x0c'), behavior will be unspecified
  tokens_by_line = make_tokens_by_line(lines)
#13414	NEW    cov: 2639 ft: 3795 corp: 131/1023b lim: 17 exec/s: 6707 rss: 80Mb L: 15/17 MS: 4 CMP-EraseBytes-ChangeBinInt-InsertByte- DE: "FO"-
#13421	NEW    cov: 2639 ft: 3796 corp: 132/1038b lim: 17 exec/s: 6710 rss: 80Mb L: 15/17 MS: 2 CopyPart-CopyPart-
/app/ipython/IPython/core/inputtransformer2.py:608: UserWarning: `make_tokens_by_line` received a list of lines which do not have lineending markers ('\n', '\r', '\r\n', '\x0b', '\x0c'), behavior will be unspecified
  tokens_by_line = make_tokens_by_line(lines)
/app/ipython/IPython/core/inputtransformer2.py:714: UserWarning: `make_tokens_by_line` received a list of lines which do not have lineending markers ('\n', '\r', '\r\n', '\x0b', '\x0c'), behavior will be unspecified
  tokens_by_line = make_tokens_by_line(lines)
/app/ipython/IPython/core/inputtransformer2.py:608: UserWarning: `make_tokens_by_line` received a list of lines which do not have lineending markers ('\n', '\r', '\r\n', '\x0b', '\x0c'), behavior will be unspecified
  tokens_by_line = make_tokens_by_line(lines)
/app/ipython/IPython/core/inputtransformer2.py:608: UserWarning: `make_tokens_by_line` received a list of lines which do not have lineending markers ('\n', '\r', '\r\n', '\x0b', '\x0c'), behavior will be unspecified
  tokens_by_line = make_tokens_by_line(lines)
/app/ipython/IPython/core/inputtransformer2.py:608: UserWarning: `make_tokens_by_line` received a list of lines which do not have lineending markers ('\n', '\r', '\r\n', '\x0b', '\x0c'), behavior will be unspecified
  tokens_by_line = make_tokens_by_line(lines)
/app/ipython/IPython/core/inputtransformer2.py:714: UserWarning: `make_tokens_by_line` received a list of lines which do not have lineending markers ('\n', '\r', '\r\n', '\x0b', '\x0c'), behavior will be unspecified
  tokens_by_line = make_tokens_by_line(lines)
/app/ipython/IPython/core/inputtransformer2.py:608: UserWarning: `make_tokens_by_line` received a list of lines which do not have lineending markers ('\n', '\r', '\r\n', '\x0b', '\x0c'), behavior will be unspecified
  tokens_by_line = make_tokens_by_line(lines)
/app/ipython/IPython/core/inputtransformer2.py:608: UserWarning: `make_tokens_by_line` received a list of lines which do not have lineending markers ('\n', '\r', '\r\n', '\x0b', '\x0c'), behavior will be unspecified
  tokens_by_line = make_tokens_by_line(lines)
/app/ipython/IPython/core/inputtransformer2.py:608: UserWarning: `make_tokens_by_line` received a list of lines which do not have lineending markers ('\n', '\r', '\r\n', '\x0b', '\x0c'), behavior will be unspecified
  tokens_by_line = make_tokens_by_line(lines)
/app/ipython/IPython/core/inputtransformer2.py:714: UserWarning: `make_tokens_by_line` received a list of lines which do not have lineending markers ('\n', '\r', '\r\n', '\x0b', '\x0c'), behavior will be unspecified
  tokens_by_line = make_tokens_by_line(lines)
/app/ipython/IPython/core/inputtransformer2.py:608: UserWarning: `make_tokens_by_line` received a list of lines which do not have lineending markers ('\n', '\r', '\r\n', '\x0b', '\x0c'), behavior will be unspecified
  tokens_by_line = make_tokens_by_line(lines)
/app/ipython/IPython/core/inputtransformer2.py:714: UserWarning: `make_tokens_by_line` received a list of lines which do not have lineending markers ('\n', '\r', '\r\n', '\x0b', '\x0c'), behavior will be unspecified
  tokens_by_line = make_tokens_by_line(lines)
/app/ipython/IPython/core/inputtransformer2.py:608: UserWarning: `make_tokens_by_line` received a list of lines which do not have lineending markers ('\n', '\r', '\r\n', '\x0b', '\x0c'), behavior will be unspecified
  tokens_by_line = make_tokens_by_line(lines)
/app/ipython/IPython/core/inputtransformer2.py:714: UserWarning: `make_tokens_by_line` received a list of lines which do not have lineending markers ('\n', '\r', '\r\n', '\x0b', '\x0c'), behavior will be unspecified
  tokens_by_line = make_tokens_by_line(lines)
/app/ipython/IPython/core/inputtransformer2.py:608: UserWarning: `make_tokens_by_line` received a list of lines which do not have lineending markers ('\n', '\r', '\r\n', '\x0b', '\x0c'), behavior will be unspecified
  tokens_by_line = make_tokens_by_line(lines)
/app/ipython/IPython/core/inputtransformer2.py:714: UserWarning: `make_tokens_by_line` received a list of lines which do not have lineending markers ('\n', '\r', '\r\n', '\x0b', '\x0c'), behavior will be unspecified
  tokens_by_line = make_tokens_by_line(lines)
#13592	REDUCE cov: 2639 ft: 3796 corp: 132/1034b lim: 17 exec/s: 6796 rss: 80Mb L: 8/17 MS: 1 EraseBytes-
/app/ipython/IPython/core/inputtransformer2.py:608: UserWarning: `make_tokens_by_line` received a list of lines which do not have lineending markers ('\n', '\r', '\r\n', '\x0b', '\x0c'), behavior will be unspecified
  tokens_by_line = make_tokens_by_line(lines)
/app/ipython/IPython/core/inputtransformer2.py:714: UserWarning: `make_tokens_by_line` received a list of lines which do not have lineending markers ('\n', '\r', '\r\n', '\x0b', '\x0c'), behavior will be unspecified
  tokens_by_line = make_tokens_by_line(lines)
#13720	REDUCE cov: 2640 ft: 3797 corp: 133/1045b lim: 17 exec/s: 6860 rss: 80Mb L: 11/17 MS: 3 ChangeBit-ChangeBinInt-CopyPart-
#13738	REDUCE cov: 2640 ft: 3797 corp: 133/1043b lim: 17 exec/s: 6869 rss: 80Mb L: 5/17 MS: 3 ShuffleBytes-ChangeByte-EraseBytes-
/app/ipython/IPython/core/inputtransformer2.py:608: UserWarning: `make_tokens_by_line` received a list of lines which do not have lineending markers ('\n', '\r', '\r\n', '\x0b', '\x0c'), behavior will be unspecified
  tokens_by_line = make_tokens_by_line(lines)
/app/ipython/IPython/core/inputtransformer2.py:608: UserWarning: `make_tokens_by_line` received a list of lines which do not have lineending markers ('\n', '\r', '\r\n', '\x0b', '\x0c'), behavior will be unspecified
  tokens_by_line = make_tokens_by_line(lines)
/app/ipython/IPython/core/inputtransformer2.py:714: UserWarning: `make_tokens_by_line` received a list of lines which do not have lineending markers ('\n', '\r', '\r\n', '\x0b', '\x0c'), behavior will be unspecified
  tokens_by_line = make_tokens_by_line(lines)
#13794	NEW    cov: 2640 ft: 3800 corp: 134/1058b lim: 17 exec/s: 6897 rss: 80Mb L: 15/17 MS: 1 ChangeBinInt-
/app/ipython/IPython/core/inputtransformer2.py:608: UserWarning: `make_tokens_by_line` received a list of lines which do not have lineending markers ('\n', '\r', '\r\n', '\x0b', '\x0c'), behavior will be unspecified
  tokens_by_line = make_tokens_by_line(lines)
/app/ipython/IPython/core/inputtransformer2.py:714: UserWarning: `make_tokens_by_line` received a list of lines which do not have lineending markers ('\n', '\r', '\r\n', '\x0b', '\x0c'), behavior will be unspecified
  tokens_by_line = make_tokens_by_line(lines)
/app/ipython/IPython/core/inputtransformer2.py:608: UserWarning: `make_tokens_by_line` received a list of lines which do not have lineending markers ('\n', '\r', '\r\n', '\x0b', '\x0c'), behavior will be unspecified
  tokens_by_line = make_tokens_by_line(lines)
/app/ipython/IPython/core/inputtransformer2.py:714: UserWarning: `make_tokens_by_line` received a list of lines which do not have lineending markers ('\n', '\r', '\r\n', '\x0b', '\x0c'), behavior will be unspecified
  tokens_by_line = make_tokens_by_line(lines)
/app/ipython/IPython/core/inputtransformer2.py:608: UserWarning: `make_tokens_by_line` received a list of lines which do not have lineending markers ('\n', '\r', '\r\n', '\x0b', '\x0c'), behavior will be unspecified
  tokens_by_line = make_tokens_by_line(lines)
/app/ipython/IPython/core/inputtransformer2.py:714: UserWarning: `make_tokens_by_line` received a list of lines which do not have lineending markers ('\n', '\r', '\r\n', '\x0b', '\x0c'), behavior will be unspecified
  tokens_by_line = make_tokens_by_line(lines)
/app/ipython/IPython/core/inputtransformer2.py:608: UserWarning: `make_tokens_by_line` received a list of lines which do not have lineending markers ('\n', '\r', '\r\n', '\x0b', '\x0c'), behavior will be unspecified
  tokens_by_line = make_tokens_by_line(lines)
/app/ipython/IPython/core/inputtransformer2.py:714: UserWarning: `make_tokens_by_line` received a list of lines which do not have lineending markers ('\n', '\r', '\r\n', '\x0b', '\x0c'), behavior will be unspecified
  tokens_by_line = make_tokens_by_line(lines)
/app/ipython/IPython/core/inputtransformer2.py:608: UserWarning: `make_tokens_by_line` received a list of lines which do not have lineending markers ('\n', '\r', '\r\n', '\x0b', '\x0c'), behavior will be unspecified
  tokens_by_line = make_tokens_by_line(lines)
/app/ipython/IPython/core/inputtransformer2.py:714: UserWarning: `make_tokens_by_line` received a list of lines which do not have lineending markers ('\n', '\r', '\r\n', '\x0b', '\x0c'), behavior will be unspecified
  tokens_by_line = make_tokens_by_line(lines)
/app/ipython/IPython/core/inputtransformer2.py:608: UserWarning: `make_tokens_by_line` received a list of lines which do not have lineending markers ('\n', '\r', '\r\n', '\x0b', '\x0c'), behavior will be unspecified
  tokens_by_line = make_tokens_by_line(lines)
#13881	REDUCE cov: 2640 ft: 3800 corp: 134/1057b lim: 17 exec/s: 6940 rss: 80Mb L: 14/17 MS: 2 ShuffleBytes-EraseBytes-
#13943	NEW    cov: 2640 ft: 3801 corp: 135/1074b lim: 17 exec/s: 6971 rss: 80Mb L: 17/17 MS: 2 ShuffleBytes-CrossOver-
/app/ipython/IPython/core/inputtransformer2.py:608: UserWarning: `make_tokens_by_line` received a list of lines which do not have lineending markers ('\n', '\r', '\r\n', '\x0b', '\x0c'), behavior will be unspecified
  tokens_by_line = make_tokens_by_line(lines)
/app/ipython/IPython/core/inputtransformer2.py:714: UserWarning: `make_tokens_by_line` received a list of lines which do not have lineending markers ('\n', '\r', '\r\n', '\x0b', '\x0c'), behavior will be unspecified
  tokens_by_line = make_tokens_by_line(lines)
/app/ipython/IPython/core/inputtransformer2.py:608: UserWarning: `make_tokens_by_line` received a list of lines which do not have lineending markers ('\n', '\r', '\r\n', '\x0b', '\x0c'), behavior will be unspecified
  tokens_by_line = make_tokens_by_line(lines)
/app/ipython/IPython/core/inputtransformer2.py:714: UserWarning: `make_tokens_by_line` received a list of lines which do not have lineending markers ('\n', '\r', '\r\n', '\x0b', '\x0c'), behavior will be unspecified
  tokens_by_line = make_tokens_by_line(lines)
#14039	REDUCE cov: 2640 ft: 3801 corp: 135/1073b lim: 17 exec/s: 7019 rss: 80Mb L: 4/17 MS: 1 EraseBytes-
/app/ipython/IPython/core/inputtransformer2.py:608: UserWarning: `make_tokens_by_line` received a list of lines which do not have lineending markers ('\n', '\r', '\r\n', '\x0b', '\x0c'), behavior will be unspecified
  tokens_by_line = make_tokens_by_line(lines)
/app/ipython/IPython/core/inputtransformer2.py:608: UserWarning: `make_tokens_by_line` received a list of lines which do not have lineending markers ('\n', '\r', '\r\n', '\x0b', '\x0c'), behavior will be unspecified
  tokens_by_line = make_tokens_by_line(lines)
/app/ipython/IPython/core/inputtransformer2.py:608: UserWarning: `make_tokens_by_line` received a list of lines which do not have lineending markers ('\n', '\r', '\r\n', '\x0b', '\x0c'), behavior will be unspecified
  tokens_by_line = make_tokens_by_line(lines)
/app/ipython/IPython/core/inputtransformer2.py:608: UserWarning: `make_tokens_by_line` received a list of lines which do not have lineending markers ('\n', '\r', '\r\n', '\x0b', '\x0c'), behavior will be unspecified
  tokens_by_line = make_tokens_by_line(lines)
#14076	NEW    cov: 2640 ft: 3802 corp: 136/1089b lim: 17 exec/s: 7038 rss: 80Mb L: 16/17 MS: 2 InsertByte-ShuffleBytes-
#14097	REDUCE cov: 2640 ft: 3803 corp: 137/1105b lim: 17 exec/s: 7048 rss: 80Mb L: 16/17 MS: 1 InsertRepeatedBytes-
/app/ipython/IPython/core/inputtransformer2.py:608: UserWarning: `make_tokens_by_line` received a list of lines which do not have lineending markers ('\n', '\r', '\r\n', '\x0b', '\x0c'), behavior will be unspecified
  tokens_by_line = make_tokens_by_line(lines)
/app/ipython/IPython/core/inputtransformer2.py:608: UserWarning: `make_tokens_by_line` received a list of lines which do not have lineending markers ('\n', '\r', '\r\n', '\x0b', '\x0c'), behavior will be unspecified
  tokens_by_line = make_tokens_by_line(lines)
/app/ipython/IPython/core/inputtransformer2.py:608: UserWarning: `make_tokens_by_line` received a list of lines which do not have lineending markers ('\n', '\r', '\r\n', '\x0b', '\x0c'), behavior will be unspecified
  tokens_by_line = make_tokens_by_line(lines)
/app/ipython/IPython/core/inputtransformer2.py:608: UserWarning: `make_tokens_by_line` received a list of lines which do not have lineending markers ('\n', '\r', '\r\n', '\x0b', '\x0c'), behavior will be unspecified
  tokens_by_line = make_tokens_by_line(lines)
/app/ipython/IPython/core/inputtransformer2.py:608: UserWarning: `make_tokens_by_line` received a list of lines which do not have lineending markers ('\n', '\r', '\r\n', '\x0b', '\x0c'), behavior will be unspecified
  tokens_by_line = make_tokens_by_line(lines)
/app/ipython/IPython/core/inputtransformer2.py:608: UserWarning: `make_tokens_by_line` received a list of lines which do not have lineending markers ('\n', '\r', '\r\n', '\x0b', '\x0c'), behavior will be unspecified
  tokens_by_line = make_tokens_by_line(lines)
/app/ipython/IPython/core/inputtransformer2.py:714: UserWarning: `make_tokens_by_line` received a list of lines which do not have lineending markers ('\n', '\r', '\r\n', '\x0b', '\x0c'), behavior will be unspecified
  tokens_by_line = make_tokens_by_line(lines)
/app/ipython/IPython/core/inputtransformer2.py:608: UserWarning: `make_tokens_by_line` received a list of lines which do not have lineending markers ('\n', '\r', '\r\n', '\x0b', '\x0c'), behavior will be unspecified
  tokens_by_line = make_tokens_by_line(lines)
/app/ipython/IPython/core/inputtransformer2.py:714: UserWarning: `make_tokens_by_line` received a list of lines which do not have lineending markers ('\n', '\r', '\r\n', '\x0b', '\x0c'), behavior will be unspecified
  tokens_by_line = make_tokens_by_line(lines)
/app/ipython/IPython/core/inputtransformer2.py:608: UserWarning: `make_tokens_by_line` received a list of lines which do not have lineending markers ('\n', '\r', '\r\n', '\x0b', '\x0c'), behavior will be unspecified
  tokens_by_line = make_tokens_by_line(lines)
/app/ipython/IPython/core/inputtransformer2.py:714: UserWarning: `make_tokens_by_line` received a list of lines which do not have lineending markers ('\n', '\r', '\r\n', '\x0b', '\x0c'), behavior will be unspecified
  tokens_by_line = make_tokens_by_line(lines)
/app/ipython/IPython/core/inputtransformer2.py:608: UserWarning: `make_tokens_by_line` received a list of lines which do not have lineending markers ('\n', '\r', '\r\n', '\x0b', '\x0c'), behavior will be unspecified
  tokens_by_line = make_tokens_by_line(lines)
/app/ipython/IPython/core/inputtransformer2.py:714: UserWarning: `make_tokens_by_line` received a list of lines which do not have lineending markers ('\n', '\r', '\r\n', '\x0b', '\x0c'), behavior will be unspecified
  tokens_by_line = make_tokens_by_line(lines)
/app/ipython/IPython/core/inputtransformer2.py:608: UserWarning: `make_tokens_by_line` received a list of lines which do not have lineending markers ('\n', '\r', '\r\n', '\x0b', '\x0c'), behavior will be unspecified
  tokens_by_line = make_tokens_by_line(lines)
/app/ipython/IPython/core/inputtransformer2.py:714: UserWarning: `make_tokens_by_line` received a list of lines which do not have lineending markers ('\n', '\r', '\r\n', '\x0b', '\x0c'), behavior will be unspecified
  tokens_by_line = make_tokens_by_line(lines)
#14272	REDUCE cov: 2640 ft: 3804 corp: 138/1118b lim: 17 exec/s: 7136 rss: 80Mb L: 13/17 MS: 5 CrossOver-EraseBytes-PersAutoDict-ChangeBinInt-CrossOver- DE: "\377\377"-
/app/ipython/IPython/core/inputtransformer2.py:608: UserWarning: `make_tokens_by_line` received a list of lines which do not have lineending markers ('\n', '\r', '\r\n', '\x0b', '\x0c'), behavior will be unspecified
  tokens_by_line = make_tokens_by_line(lines)
/app/ipython/IPython/core/inputtransformer2.py:714: UserWarning: `make_tokens_by_line` received a list of lines which do not have lineending markers ('\n', '\r', '\r\n', '\x0b', '\x0c'), behavior will be unspecified
  tokens_by_line = make_tokens_by_line(lines)
#14509	NEW    cov: 2640 ft: 3812 corp: 139/1135b lim: 17 exec/s: 7254 rss: 80Mb L: 17/17 MS: 2 CrossOver-InsertByte-
#14521	REDUCE cov: 2640 ft: 3812 corp: 139/1134b lim: 17 exec/s: 7260 rss: 80Mb L: 12/17 MS: 2 EraseBytes-ShuffleBytes-
/app/ipython/IPython/core/inputtransformer2.py:608: UserWarning: `make_tokens_by_line` received a list of lines which do not have lineending markers ('\n', '\r', '\r\n', '\x0b', '\x0c'), behavior will be unspecified
  tokens_by_line = make_tokens_by_line(lines)
/app/ipython/IPython/core/inputtransformer2.py:714: UserWarning: `make_tokens_by_line` received a list of lines which do not have lineending markers ('\n', '\r', '\r\n', '\x0b', '\x0c'), behavior will be unspecified
  tokens_by_line = make_tokens_by_line(lines)
/app/ipython/IPython/core/inputtransformer2.py:608: UserWarning: `make_tokens_by_line` received a list of lines which do not have lineending markers ('\n', '\r', '\r\n', '\x0b', '\x0c'), behavior will be unspecified
  tokens_by_line = make_tokens_by_line(lines)
/app/ipython/IPython/core/inputtransformer2.py:714: UserWarning: `make_tokens_by_line` received a list of lines which do not have lineending markers ('\n', '\r', '\r\n', '\x0b', '\x0c'), behavior will be unspecified
  tokens_by_line = make_tokens_by_line(lines)
/app/ipython/IPython/core/inputtransformer2.py:608: UserWarning: `make_tokens_by_line` received a list of lines which do not have lineending markers ('\n', '\r', '\r\n', '\x0b', '\x0c'), behavior will be unspecified
  tokens_by_line = make_tokens_by_line(lines)
/app/ipython/IPython/core/inputtransformer2.py:714: UserWarning: `make_tokens_by_line` received a list of lines which do not have lineending markers ('\n', '\r', '\r\n', '\x0b', '\x0c'), behavior will be unspecified
  tokens_by_line = make_tokens_by_line(lines)
/app/ipython/IPython/core/inputtransformer2.py:608: UserWarning: `make_tokens_by_line` received a list of lines which do not have lineending markers ('\n', '\r', '\r\n', '\x0b', '\x0c'), behavior will be unspecified
  tokens_by_line = make_tokens_by_line(lines)
/app/ipython/IPython/core/inputtransformer2.py:714: UserWarning: `make_tokens_by_line` received a list of lines which do not have lineending markers ('\n', '\r', '\r\n', '\x0b', '\x0c'), behavior will be unspecified
  tokens_by_line = make_tokens_by_line(lines)
/app/ipython/IPython/core/inputtransformer2.py:608: UserWarning: `make_tokens_by_line` received a list of lines which do not have lineending markers ('\n', '\r', '\r\n', '\x0b', '\x0c'), behavior will be unspecified
  tokens_by_line = make_tokens_by_line(lines)
/app/ipython/IPython/core/inputtransformer2.py:714: UserWarning: `make_tokens_by_line` received a list of lines which do not have lineending markers ('\n', '\r', '\r\n', '\x0b', '\x0c'), behavior will be unspecified
  tokens_by_line = make_tokens_by_line(lines)
/app/ipython/IPython/core/inputtransformer2.py:608: UserWarning: `make_tokens_by_line` received a list of lines which do not have lineending markers ('\n', '\r', '\r\n', '\x0b', '\x0c'), behavior will be unspecified
  tokens_by_line = make_tokens_by_line(lines)
/app/ipython/IPython/core/inputtransformer2.py:714: UserWarning: `make_tokens_by_line` received a list of lines which do not have lineending markers ('\n', '\r', '\r\n', '\x0b', '\x0c'), behavior will be unspecified
  tokens_by_line = make_tokens_by_line(lines)
#14844	NEW    cov: 2640 ft: 3813 corp: 140/1151b lim: 17 exec/s: 4948 rss: 80Mb L: 17/17 MS: 3 ChangeBinInt-CopyPart-ChangeBinInt-
#14875	REDUCE cov: 2640 ft: 3813 corp: 140/1150b lim: 17 exec/s: 4958 rss: 80Mb L: 11/17 MS: 1 EraseBytes-
/app/ipython/IPython/core/inputtransformer2.py:608: UserWarning: `make_tokens_by_line` received a list of lines which do not have lineending markers ('\n', '\r', '\r\n', '\x0b', '\x0c'), behavior will be unspecified
  tokens_by_line = make_tokens_by_line(lines)
/app/ipython/IPython/core/inputtransformer2.py:714: UserWarning: `make_tokens_by_line` received a list of lines which do not have lineending markers ('\n', '\r', '\r\n', '\x0b', '\x0c'), behavior will be unspecified
  tokens_by_line = make_tokens_by_line(lines)
/app/ipython/IPython/core/inputtransformer2.py:608: UserWarning: `make_tokens_by_line` received a list of lines which do not have lineending markers ('\n', '\r', '\r\n', '\x0b', '\x0c'), behavior will be unspecified
  tokens_by_line = make_tokens_by_line(lines)
/app/ipython/IPython/core/inputtransformer2.py:714: UserWarning: `make_tokens_by_line` received a list of lines which do not have lineending markers ('\n', '\r', '\r\n', '\x0b', '\x0c'), behavior will be unspecified
  tokens_by_line = make_tokens_by_line(lines)
#15056	NEW    cov: 2640 ft: 3814 corp: 141/1166b lim: 17 exec/s: 5018 rss: 80Mb L: 16/17 MS: 1 CopyPart-
/app/ipython/IPython/core/inputtransformer2.py:608: UserWarning: `make_tokens_by_line` received a list of lines which do not have lineending markers ('\n', '\r', '\r\n', '\x0b', '\x0c'), behavior will be unspecified
  tokens_by_line = make_tokens_by_line(lines)
/app/ipython/IPython/core/inputtransformer2.py:714: UserWarning: `make_tokens_by_line` received a list of lines which do not have lineending markers ('\n', '\r', '\r\n', '\x0b', '\x0c'), behavior will be unspecified
  tokens_by_line = make_tokens_by_line(lines)
#15218	REDUCE cov: 2640 ft: 3814 corp: 141/1165b lim: 17 exec/s: 5072 rss: 80Mb L: 4/17 MS: 2 ChangeBit-EraseBytes-
#15227	REDUCE cov: 2640 ft: 3814 corp: 141/1161b lim: 17 exec/s: 5075 rss: 80Mb L: 13/17 MS: 4 CrossOver-ChangeBinInt-PersAutoDict-CrossOver- DE: "\001\000"-
/app/ipython/IPython/core/inputtransformer2.py:608: UserWarning: `make_tokens_by_line` received a list of lines which do not have lineending markers ('\n', '\r', '\r\n', '\x0b', '\x0c'), behavior will be unspecified
  tokens_by_line = make_tokens_by_line(lines)
/app/ipython/IPython/core/inputtransformer2.py:714: UserWarning: `make_tokens_by_line` received a list of lines which do not have lineending markers ('\n', '\r', '\r\n', '\x0b', '\x0c'), behavior will be unspecified
  tokens_by_line = make_tokens_by_line(lines)
#15340	REDUCE cov: 2640 ft: 3814 corp: 141/1159b lim: 17 exec/s: 5113 rss: 80Mb L: 5/17 MS: 3 PersAutoDict-ShuffleBytes-EraseBytes- DE: "CO"-
/app/ipython/IPython/core/inputtransformer2.py:608: UserWarning: `make_tokens_by_line` received a list of lines which do not have lineending markers ('\n', '\r', '\r\n', '\x0b', '\x0c'), behavior will be unspecified
  tokens_by_line = make_tokens_by_line(lines)
/app/ipython/IPython/core/inputtransformer2.py:608: UserWarning: `make_tokens_by_line` received a list of lines which do not have lineending markers ('\n', '\r', '\r\n', '\x0b', '\x0c'), behavior will be unspecified
  tokens_by_line = make_tokens_by_line(lines)
/app/ipython/IPython/core/inputtransformer2.py:714: UserWarning: `make_tokens_by_line` received a list of lines which do not have lineending markers ('\n', '\r', '\r\n', '\x0b', '\x0c'), behavior will be unspecified
  tokens_by_line = make_tokens_by_line(lines)
/app/ipython/IPython/core/inputtransformer2.py:608: UserWarning: `make_tokens_by_line` received a list of lines which do not have lineending markers ('\n', '\r', '\r\n', '\x0b', '\x0c'), behavior will be unspecified
  tokens_by_line = make_tokens_by_line(lines)
/app/ipython/IPython/core/inputtransformer2.py:714: UserWarning: `make_tokens_by_line` received a list of lines which do not have lineending markers ('\n', '\r', '\r\n', '\x0b', '\x0c'), behavior will be unspecified
  tokens_by_line = make_tokens_by_line(lines)
/app/ipython/IPython/core/inputtransformer2.py:608: UserWarning: `make_tokens_by_line` received a list of lines which do not have lineending markers ('\n', '\r', '\r\n', '\x0b', '\x0c'), behavior will be unspecified
  tokens_by_line = make_tokens_by_line(lines)
/app/ipython/IPython/core/inputtransformer2.py:714: UserWarning: `make_tokens_by_line` received a list of lines which do not have lineending markers ('\n', '\r', '\r\n', '\x0b', '\x0c'), behavior will be unspecified
  tokens_by_line = make_tokens_by_line(lines)
/app/ipython/IPython/core/inputtransformer2.py:608: UserWarning: `make_tokens_by_line` received a list of lines which do not have lineending markers ('\n', '\r', '\r\n', '\x0b', '\x0c'), behavior will be unspecified
  tokens_by_line = make_tokens_by_line(lines)
/app/ipython/IPython/core/inputtransformer2.py:608: UserWarning: `make_tokens_by_line` received a list of lines which do not have lineending markers ('\n', '\r', '\r\n', '\x0b', '\x0c'), behavior will be unspecified
  tokens_by_line = make_tokens_by_line(lines)
/app/ipython/IPython/core/inputtransformer2.py:608: UserWarning: `make_tokens_by_line` received a list of lines which do not have lineending markers ('\n', '\r', '\r\n', '\x0b', '\x0c'), behavior will be unspecified
  tokens_by_line = make_tokens_by_line(lines)
/app/ipython/IPython/core/inputtransformer2.py:608: UserWarning: `make_tokens_by_line` received a list of lines which do not have lineending markers ('\n', '\r', '\r\n', '\x0b', '\x0c'), behavior will be unspecified
  tokens_by_line = make_tokens_by_line(lines)
/app/ipython/IPython/core/inputtransformer2.py:714: UserWarning: `make_tokens_by_line` received a list of lines which do not have lineending markers ('\n', '\r', '\r\n', '\x0b', '\x0c'), behavior will be unspecified
  tokens_by_line = make_tokens_by_line(lines)
/app/ipython/IPython/core/inputtransformer2.py:608: UserWarning: `make_tokens_by_line` received a list of lines which do not have lineending markers ('\n', '\r', '\r\n', '\x0b', '\x0c'), behavior will be unspecified
  tokens_by_line = make_tokens_by_line(lines)
/app/ipython/IPython/core/inputtransformer2.py:714: UserWarning: `make_tokens_by_line` received a list of lines which do not have lineending markers ('\n', '\r', '\r\n', '\x0b', '\x0c'), behavior will be unspecified
  tokens_by_line = make_tokens_by_line(lines)
/app/ipython/IPython/core/inputtransformer2.py:608: UserWarning: `make_tokens_by_line` received a list of lines which do not have lineending markers ('\n', '\r', '\r\n', '\x0b', '\x0c'), behavior will be unspecified
  tokens_by_line = make_tokens_by_line(lines)
/app/ipython/IPython/core/inputtransformer2.py:714: UserWarning: `make_tokens_by_line` received a list of lines which do not have lineending markers ('\n', '\r', '\r\n', '\x0b', '\x0c'), behavior will be unspecified
  tokens_by_line = make_tokens_by_line(lines)
#15611	REDUCE cov: 2640 ft: 3814 corp: 141/1158b lim: 17 exec/s: 5203 rss: 80Mb L: 10/17 MS: 1 EraseBytes-
/app/ipython/IPython/core/inputtransformer2.py:608: UserWarning: `make_tokens_by_line` received a list of lines which do not have lineending markers ('\n', '\r', '\r\n', '\x0b', '\x0c'), behavior will be unspecified
  tokens_by_line = make_tokens_by_line(lines)
/app/ipython/IPython/core/inputtransformer2.py:714: UserWarning: `make_tokens_by_line` received a list of lines which do not have lineending markers ('\n', '\r', '\r\n', '\x0b', '\x0c'), behavior will be unspecified
  tokens_by_line = make_tokens_by_line(lines)
/app/ipython/IPython/core/inputtransformer2.py:608: UserWarning: `make_tokens_by_line` received a list of lines which do not have lineending markers ('\n', '\r', '\r\n', '\x0b', '\x0c'), behavior will be unspecified
  tokens_by_line = make_tokens_by_line(lines)
/app/ipython/IPython/core/inputtransformer2.py:714: UserWarning: `make_tokens_by_line` received a list of lines which do not have lineending markers ('\n', '\r', '\r\n', '\x0b', '\x0c'), behavior will be unspecified
  tokens_by_line = make_tokens_by_line(lines)
/app/ipython/IPython/core/inputtransformer2.py:608: UserWarning: `make_tokens_by_line` received a list of lines which do not have lineending markers ('\n', '\r', '\r\n', '\x0b', '\x0c'), behavior will be unspecified
  tokens_by_line = make_tokens_by_line(lines)
/app/ipython/IPython/core/inputtransformer2.py:714: UserWarning: `make_tokens_by_line` received a list of lines which do not have lineending markers ('\n', '\r', '\r\n', '\x0b', '\x0c'), behavior will be unspecified
  tokens_by_line = make_tokens_by_line(lines)
/app/ipython/IPython/core/inputtransformer2.py:608: UserWarning: `make_tokens_by_line` received a list of lines which do not have lineending markers ('\n', '\r', '\r\n', '\x0b', '\x0c'), behavior will be unspecified
  tokens_by_line = make_tokens_by_line(lines)
/app/ipython/IPython/core/inputtransformer2.py:608: UserWarning: `make_tokens_by_line` received a list of lines which do not have lineending markers ('\n', '\r', '\r\n', '\x0b', '\x0c'), behavior will be unspecified
  tokens_by_line = make_tokens_by_line(lines)
/app/ipython/IPython/core/inputtransformer2.py:714: UserWarning: `make_tokens_by_line` received a list of lines which do not have lineending markers ('\n', '\r', '\r\n', '\x0b', '\x0c'), behavior will be unspecified
  tokens_by_line = make_tokens_by_line(lines)
/app/ipython/IPython/core/inputtransformer2.py:608: UserWarning: `make_tokens_by_line` received a list of lines which do not have lineending markers ('\n', '\r', '\r\n', '\x0b', '\x0c'), behavior will be unspecified
  tokens_by_line = make_tokens_by_line(lines)
#15737	REDUCE cov: 2640 ft: 3814 corp: 141/1156b lim: 17 exec/s: 5245 rss: 80Mb L: 7/17 MS: 1 EraseBytes-
/app/ipython/IPython/core/inputtransformer2.py:608: UserWarning: `make_tokens_by_line` received a list of lines which do not have lineending markers ('\n', '\r', '\r\n', '\x0b', '\x0c'), behavior will be unspecified
  tokens_by_line = make_tokens_by_line(lines)
/app/ipython/IPython/core/inputtransformer2.py:714: UserWarning: `make_tokens_by_line` received a list of lines which do not have lineending markers ('\n', '\r', '\r\n', '\x0b', '\x0c'), behavior will be unspecified
  tokens_by_line = make_tokens_by_line(lines)
/app/ipython/IPython/core/inputtransformer2.py:608: UserWarning: `make_tokens_by_line` received a list of lines which do not have lineending markers ('\n', '\r', '\r\n', '\x0b', '\x0c'), behavior will be unspecified
  tokens_by_line = make_tokens_by_line(lines)
/app/ipython/IPython/core/inputtransformer2.py:714: UserWarning: `make_tokens_by_line` received a list of lines which do not have lineending markers ('\n', '\r', '\r\n', '\x0b', '\x0c'), behavior will be unspecified
  tokens_by_line = make_tokens_by_line(lines)
/app/ipython/IPython/core/inputtransformer2.py:608: UserWarning: `make_tokens_by_line` received a list of lines which do not have lineending markers ('\n', '\r', '\r\n', '\x0b', '\x0c'), behavior will be unspecified
  tokens_by_line = make_tokens_by_line(lines)
/app/ipython/IPython/core/inputtransformer2.py:608: UserWarning: `make_tokens_by_line` received a list of lines which do not have lineending markers ('\n', '\r', '\r\n', '\x0b', '\x0c'), behavior will be unspecified
  tokens_by_line = make_tokens_by_line(lines)
#15954	REDUCE cov: 2640 ft: 3814 corp: 141/1154b lim: 17 exec/s: 5318 rss: 80Mb L: 8/17 MS: 2 ChangeBit-EraseBytes-
/app/ipython/IPython/core/inputtransformer2.py:608: UserWarning: `make_tokens_by_line` received a list of lines which do not have lineending markers ('\n', '\r', '\r\n', '\x0b', '\x0c'), behavior will be unspecified
  tokens_by_line = make_tokens_by_line(lines)
/app/ipython/IPython/core/inputtransformer2.py:608: UserWarning: `make_tokens_by_line` received a list of lines which do not have lineending markers ('\n', '\r', '\r\n', '\x0b', '\x0c'), behavior will be unspecified
  tokens_by_line = make_tokens_by_line(lines)
/app/ipython/IPython/core/inputtransformer2.py:608: UserWarning: `make_tokens_by_line` received a list of lines which do not have lineending markers ('\n', '\r', '\r\n', '\x0b', '\x0c'), behavior will be unspecified
  tokens_by_line = make_tokens_by_line(lines)
/app/ipython/IPython/core/inputtransformer2.py:714: UserWarning: `make_tokens_by_line` received a list of lines which do not have lineending markers ('\n', '\r', '\r\n', '\x0b', '\x0c'), behavior will be unspecified
  tokens_by_line = make_tokens_by_line(lines)
/app/ipython/IPython/core/inputtransformer2.py:608: UserWarning: `make_tokens_by_line` received a list of lines which do not have lineending markers ('\n', '\r', '\r\n', '\x0b', '\x0c'), behavior will be unspecified
  tokens_by_line = make_tokens_by_line(lines)
/app/ipython/IPython/core/inputtransformer2.py:714: UserWarning: `make_tokens_by_line` received a list of lines which do not have lineending markers ('\n', '\r', '\r\n', '\x0b', '\x0c'), behavior will be unspecified
  tokens_by_line = make_tokens_by_line(lines)
/app/ipython/IPython/core/inputtransformer2.py:608: UserWarning: `make_tokens_by_line` received a list of lines which do not have lineending markers ('\n', '\r', '\r\n', '\x0b', '\x0c'), behavior will be unspecified
  tokens_by_line = make_tokens_by_line(lines)
/app/ipython/IPython/core/inputtransformer2.py:714: UserWarning: `make_tokens_by_line` received a list of lines which do not have lineending markers ('\n', '\r', '\r\n', '\x0b', '\x0c'), behavior will be unspecified
  tokens_by_line = make_tokens_by_line(lines)
/app/ipython/IPython/core/inputtransformer2.py:608: UserWarning: `make_tokens_by_line` received a list of lines which do not have lineending markers ('\n', '\r', '\r\n', '\x0b', '\x0c'), behavior will be unspecified
  tokens_by_line = make_tokens_by_line(lines)
/app/ipython/IPython/core/inputtransformer2.py:714: UserWarning: `make_tokens_by_line` received a list of lines which do not have lineending markers ('\n', '\r', '\r\n', '\x0b', '\x0c'), behavior will be unspecified
  tokens_by_line = make_tokens_by_line(lines)
/app/ipython/IPython/core/inputtransformer2.py:608: UserWarning: `make_tokens_by_line` received a list of lines which do not have lineending markers ('\n', '\r', '\r\n', '\x0b', '\x0c'), behavior will be unspecified
  tokens_by_line = make_tokens_by_line(lines)
/app/ipython/IPython/core/inputtransformer2.py:714: UserWarning: `make_tokens_by_line` received a list of lines which do not have lineending markers ('\n', '\r', '\r\n', '\x0b', '\x0c'), behavior will be unspecified
  tokens_by_line = make_tokens_by_line(lines)
#16035	NEW    cov: 2640 ft: 3815 corp: 142/1170b lim: 17 exec/s: 5345 rss: 80Mb L: 16/17 MS: 1 ChangeByte-
/app/ipython/IPython/core/inputtransformer2.py:608: UserWarning: `make_tokens_by_line` received a list of lines which do not have lineending markers ('\n', '\r', '\r\n', '\x0b', '\x0c'), behavior will be unspecified
  tokens_by_line = make_tokens_by_line(lines)
/app/ipython/IPython/core/inputtransformer2.py:714: UserWarning: `make_tokens_by_line` received a list of lines which do not have lineending markers ('\n', '\r', '\r\n', '\x0b', '\x0c'), behavior will be unspecified
  tokens_by_line = make_tokens_by_line(lines)
/app/ipython/IPython/core/inputtransformer2.py:608: UserWarning: `make_tokens_by_line` received a list of lines which do not have lineending markers ('\n', '\r', '\r\n', '\x0b', '\x0c'), behavior will be unspecified
  tokens_by_line = make_tokens_by_line(lines)
/app/ipython/IPython/core/inputtransformer2.py:714: UserWarning: `make_tokens_by_line` received a list of lines which do not have lineending markers ('\n', '\r', '\r\n', '\x0b', '\x0c'), behavior will be unspecified
  tokens_by_line = make_tokens_by_line(lines)
/app/ipython/IPython/core/inputtransformer2.py:608: UserWarning: `make_tokens_by_line` received a list of lines which do not have lineending markers ('\n', '\r', '\r\n', '\x0b', '\x0c'), behavior will be unspecified
  tokens_by_line = make_tokens_by_line(lines)
/app/ipython/IPython/core/inputtransformer2.py:714: UserWarning: `make_tokens_by_line` received a list of lines which do not have lineending markers ('\n', '\r', '\r\n', '\x0b', '\x0c'), behavior will be unspecified
  tokens_by_line = make_tokens_by_line(lines)
/app/ipython/IPython/core/inputtransformer2.py:608: UserWarning: `make_tokens_by_line` received a list of lines which do not have lineending markers ('\n', '\r', '\r\n', '\x0b', '\x0c'), behavior will be unspecified
  tokens_by_line = make_tokens_by_line(lines)
#16236	REDUCE cov: 2640 ft: 3815 corp: 142/1169b lim: 17 exec/s: 5412 rss: 80Mb L: 12/17 MS: 1 CrossOver-
/app/ipython/IPython/core/inputtransformer2.py:608: UserWarning: `make_tokens_by_line` received a list of lines which do not have lineending markers ('\n', '\r', '\r\n', '\x0b', '\x0c'), behavior will be unspecified
  tokens_by_line = make_tokens_by_line(lines)
/app/ipython/IPython/core/inputtransformer2.py:608: UserWarning: `make_tokens_by_line` received a list of lines which do not have lineending markers ('\n', '\r', '\r\n', '\x0b', '\x0c'), behavior will be unspecified
  tokens_by_line = make_tokens_by_line(lines)
/app/ipython/IPython/core/inputtransformer2.py:714: UserWarning: `make_tokens_by_line` received a list of lines which do not have lineending markers ('\n', '\r', '\r\n', '\x0b', '\x0c'), behavior will be unspecified
  tokens_by_line = make_tokens_by_line(lines)
#16384	pulse  cov: 2640 ft: 3815 corp: 142/1169b lim: 17 exec/s: 5461 rss: 80Mb
/app/ipython/IPython/core/inputtransformer2.py:608: UserWarning: `make_tokens_by_line` received a list of lines which do not have lineending markers ('\n', '\r', '\r\n', '\x0b', '\x0c'), behavior will be unspecified
  tokens_by_line = make_tokens_by_line(lines)
/app/ipython/IPython/core/inputtransformer2.py:714: UserWarning: `make_tokens_by_line` received a list of lines which do not have lineending markers ('\n', '\r', '\r\n', '\x0b', '\x0c'), behavior will be unspecified
  tokens_by_line = make_tokens_by_line(lines)
/app/ipython/IPython/core/inputtransformer2.py:608: UserWarning: `make_tokens_by_line` received a list of lines which do not have lineending markers ('\n', '\r', '\r\n', '\x0b', '\x0c'), behavior will be unspecified
  tokens_by_line = make_tokens_by_line(lines)
/app/ipython/IPython/core/inputtransformer2.py:608: UserWarning: `make_tokens_by_line` received a list of lines which do not have lineending markers ('\n', '\r', '\r\n', '\x0b', '\x0c'), behavior will be unspecified
  tokens_by_line = make_tokens_by_line(lines)
/app/ipython/IPython/core/inputtransformer2.py:714: UserWarning: `make_tokens_by_line` received a list of lines which do not have lineending markers ('\n', '\r', '\r\n', '\x0b', '\x0c'), behavior will be unspecified
  tokens_by_line = make_tokens_by_line(lines)
/app/ipython/IPython/core/inputtransformer2.py:608: UserWarning: `make_tokens_by_line` received a list of lines which do not have lineending markers ('\n', '\r', '\r\n', '\x0b', '\x0c'), behavior will be unspecified
  tokens_by_line = make_tokens_by_line(lines)
/app/ipython/IPython/core/inputtransformer2.py:714: UserWarning: `make_tokens_by_line` received a list of lines which do not have lineending markers ('\n', '\r', '\r\n', '\x0b', '\x0c'), behavior will be unspecified
  tokens_by_line = make_tokens_by_line(lines)
/app/ipython/IPython/core/inputtransformer2.py:608: UserWarning: `make_tokens_by_line` received a list of lines which do not have lineending markers ('\n', '\r', '\r\n', '\x0b', '\x0c'), behavior will be unspecified
  tokens_by_line = make_tokens_by_line(lines)
/app/ipython/IPython/core/inputtransformer2.py:714: UserWarning: `make_tokens_by_line` received a list of lines which do not have lineending markers ('\n', '\r', '\r\n', '\x0b', '\x0c'), behavior will be unspecified
  tokens_by_line = make_tokens_by_line(lines)
/app/ipython/IPython/core/inputtransformer2.py:608: UserWarning: `make_tokens_by_line` received a list of lines which do not have lineending markers ('\n', '\r', '\r\n', '\x0b', '\x0c'), behavior will be unspecified
  tokens_by_line = make_tokens_by_line(lines)
/app/ipython/IPython/core/inputtransformer2.py:714: UserWarning: `make_tokens_by_line` received a list of lines which do not have lineending markers ('\n', '\r', '\r\n', '\x0b', '\x0c'), behavior will be unspecified
  tokens_by_line = make_tokens_by_line(lines)
/app/ipython/IPython/core/inputtransformer2.py:608: UserWarning: `make_tokens_by_line` received a list of lines which do not have lineending markers ('\n', '\r', '\r\n', '\x0b', '\x0c'), behavior will be unspecified
  tokens_by_line = make_tokens_by_line(lines)
/app/ipython/IPython/core/inputtransformer2.py:714: UserWarning: `make_tokens_by_line` received a list of lines which do not have lineending markers ('\n', '\r', '\r\n', '\x0b', '\x0c'), behavior will be unspecified
  tokens_by_line = make_tokens_by_line(lines)
/app/ipython/IPython/core/inputtransformer2.py:608: UserWarning: `make_tokens_by_line` received a list of lines which do not have lineending markers ('\n', '\r', '\r\n', '\x0b', '\x0c'), behavior will be unspecified
  tokens_by_line = make_tokens_by_line(lines)
/app/ipython/IPython/core/inputtransformer2.py:608: UserWarning: `make_tokens_by_line` received a list of lines which do not have lineending markers ('\n', '\r', '\r\n', '\x0b', '\x0c'), behavior will be unspecified
  tokens_by_line = make_tokens_by_line(lines)
/app/ipython/IPython/core/inputtransformer2.py:714: UserWarning: `make_tokens_by_line` received a list of lines which do not have lineending markers ('\n', '\r', '\r\n', '\x0b', '\x0c'), behavior will be unspecified
  tokens_by_line = make_tokens_by_line(lines)
/app/ipython/IPython/core/inputtransformer2.py:608: UserWarning: `make_tokens_by_line` received a list of lines which do not have lineending markers ('\n', '\r', '\r\n', '\x0b', '\x0c'), behavior will be unspecified
  tokens_by_line = make_tokens_by_line(lines)
/app/ipython/IPython/core/inputtransformer2.py:714: UserWarning: `make_tokens_by_line` received a list of lines which do not have lineending markers ('\n', '\r', '\r\n', '\x0b', '\x0c'), behavior will be unspecified
  tokens_by_line = make_tokens_by_line(lines)
#16656	NEW    cov: 2645 ft: 3820 corp: 143/1190b lim: 21 exec/s: 5552 rss: 80Mb L: 21/21 MS: 5 InsertRepeatedBytes-ChangeByte-ChangeBit-CopyPart-CrossOver-
/app/ipython/IPython/core/inputtransformer2.py:608: UserWarning: `make_tokens_by_line` received a list of lines which do not have lineending markers ('\n', '\r', '\r\n', '\x0b', '\x0c'), behavior will be unspecified
  tokens_by_line = make_tokens_by_line(lines)
/app/ipython/IPython/core/inputtransformer2.py:714: UserWarning: `make_tokens_by_line` received a list of lines which do not have lineending markers ('\n', '\r', '\r\n', '\x0b', '\x0c'), behavior will be unspecified
  tokens_by_line = make_tokens_by_line(lines)
#16817	NEW    cov: 2645 ft: 3823 corp: 144/1205b lim: 21 exec/s: 5605 rss: 80Mb L: 15/21 MS: 1 CopyPart-
/app/ipython/IPython/core/inputtransformer2.py:608: UserWarning: `make_tokens_by_line` received a list of lines which do not have lineending markers ('\n', '\r', '\r\n', '\x0b', '\x0c'), behavior will be unspecified
  tokens_by_line = make_tokens_by_line(lines)
/app/ipython/IPython/core/inputtransformer2.py:608: UserWarning: `make_tokens_by_line` received a list of lines which do not have lineending markers ('\n', '\r', '\r\n', '\x0b', '\x0c'), behavior will be unspecified
  tokens_by_line = make_tokens_by_line(lines)
/app/ipython/IPython/core/inputtransformer2.py:608: UserWarning: `make_tokens_by_line` received a list of lines which do not have lineending markers ('\n', '\r', '\r\n', '\x0b', '\x0c'), behavior will be unspecified
  tokens_by_line = make_tokens_by_line(lines)
/app/ipython/IPython/core/inputtransformer2.py:608: UserWarning: `make_tokens_by_line` received a list of lines which do not have lineending markers ('\n', '\r', '\r\n', '\x0b', '\x0c'), behavior will be unspecified
  tokens_by_line = make_tokens_by_line(lines)
/app/ipython/IPython/core/inputtransformer2.py:608: UserWarning: `make_tokens_by_line` received a list of lines which do not have lineending markers ('\n', '\r', '\r\n', '\x0b', '\x0c'), behavior will be unspecified
  tokens_by_line = make_tokens_by_line(lines)
#17033	REDUCE cov: 2645 ft: 3823 corp: 144/1204b lim: 21 exec/s: 5677 rss: 80Mb L: 13/21 MS: 1 EraseBytes-
#17039	NEW    cov: 2645 ft: 3824 corp: 145/1219b lim: 21 exec/s: 5679 rss: 80Mb L: 15/21 MS: 1 ChangeBinInt-
#17096	NEW    cov: 2645 ft: 3825 corp: 146/1238b lim: 21 exec/s: 5698 rss: 80Mb L: 19/21 MS: 2 InsertRepeatedBytes-ShuffleBytes-
/app/ipython/IPython/core/inputtransformer2.py:608: UserWarning: `make_tokens_by_line` received a list of lines which do not have lineending markers ('\n', '\r', '\r\n', '\x0b', '\x0c'), behavior will be unspecified
  tokens_by_line = make_tokens_by_line(lines)
/app/ipython/IPython/core/inputtransformer2.py:714: UserWarning: `make_tokens_by_line` received a list of lines which do not have lineending markers ('\n', '\r', '\r\n', '\x0b', '\x0c'), behavior will be unspecified
  tokens_by_line = make_tokens_by_line(lines)
/app/ipython/IPython/core/inputtransformer2.py:608: UserWarning: `make_tokens_by_line` received a list of lines which do not have lineending markers ('\n', '\r', '\r\n', '\x0b', '\x0c'), behavior will be unspecified
  tokens_by_line = make_tokens_by_line(lines)
/app/ipython/IPython/core/inputtransformer2.py:714: UserWarning: `make_tokens_by_line` received a list of lines which do not have lineending markers ('\n', '\r', '\r\n', '\x0b', '\x0c'), behavior will be unspecified
  tokens_by_line = make_tokens_by_line(lines)
/app/ipython/IPython/core/inputtransformer2.py:608: UserWarning: `make_tokens_by_line` received a list of lines which do not have lineending markers ('\n', '\r', '\r\n', '\x0b', '\x0c'), behavior will be unspecified
  tokens_by_line = make_tokens_by_line(lines)
/app/ipython/IPython/core/inputtransformer2.py:714: UserWarning: `make_tokens_by_line` received a list of lines which do not have lineending markers ('\n', '\r', '\r\n', '\x0b', '\x0c'), behavior will be unspecified
  tokens_by_line = make_tokens_by_line(lines)
/app/ipython/IPython/core/inputtransformer2.py:608: UserWarning: `make_tokens_by_line` received a list of lines which do not have lineending markers ('\n', '\r', '\r\n', '\x0b', '\x0c'), behavior will be unspecified
  tokens_by_line = make_tokens_by_line(lines)
/app/ipython/IPython/core/inputtransformer2.py:608: UserWarning: `make_tokens_by_line` received a list of lines which do not have lineending markers ('\n', '\r', '\r\n', '\x0b', '\x0c'), behavior will be unspecified
  tokens_by_line = make_tokens_by_line(lines)
/app/ipython/IPython/core/inputtransformer2.py:608: UserWarning: `make_tokens_by_line` received a list of lines which do not have lineending markers ('\n', '\r', '\r\n', '\x0b', '\x0c'), behavior will be unspecified
  tokens_by_line = make_tokens_by_line(lines)
/app/ipython/IPython/core/inputtransformer2.py:714: UserWarning: `make_tokens_by_line` received a list of lines which do not have lineending markers ('\n', '\r', '\r\n', '\x0b', '\x0c'), behavior will be unspecified
  tokens_by_line = make_tokens_by_line(lines)
#17402	REDUCE cov: 2645 ft: 3825 corp: 146/1237b lim: 21 exec/s: 5800 rss: 80Mb L: 20/20 MS: 1 EraseBytes-
#17438	REDUCE cov: 2645 ft: 3827 corp: 147/1252b lim: 21 exec/s: 5812 rss: 80Mb L: 15/20 MS: 1 InsertByte-
#17521	REDUCE cov: 2645 ft: 3827 corp: 147/1243b lim: 21 exec/s: 5840 rss: 80Mb L: 11/19 MS: 3 ChangeBit-ChangeBit-EraseBytes-
/app/ipython/IPython/core/inputtransformer2.py:608: UserWarning: `make_tokens_by_line` received a list of lines which do not have lineending markers ('\n', '\r', '\r\n', '\x0b', '\x0c'), behavior will be unspecified
  tokens_by_line = make_tokens_by_line(lines)
/app/ipython/IPython/core/inputtransformer2.py:714: UserWarning: `make_tokens_by_line` received a list of lines which do not have lineending markers ('\n', '\r', '\r\n', '\x0b', '\x0c'), behavior will be unspecified
  tokens_by_line = make_tokens_by_line(lines)
/app/ipython/IPython/core/inputtransformer2.py:608: UserWarning: `make_tokens_by_line` received a list of lines which do not have lineending markers ('\n', '\r', '\r\n', '\x0b', '\x0c'), behavior will be unspecified
  tokens_by_line = make_tokens_by_line(lines)
/app/ipython/IPython/core/inputtransformer2.py:714: UserWarning: `make_tokens_by_line` received a list of lines which do not have lineending markers ('\n', '\r', '\r\n', '\x0b', '\x0c'), behavior will be unspecified
  tokens_by_line = make_tokens_by_line(lines)
/app/ipython/IPython/core/inputtransformer2.py:608: UserWarning: `make_tokens_by_line` received a list of lines which do not have lineending markers ('\n', '\r', '\r\n', '\x0b', '\x0c'), behavior will be unspecified
  tokens_by_line = make_tokens_by_line(lines)
/app/ipython/IPython/core/inputtransformer2.py:714: UserWarning: `make_tokens_by_line` received a list of lines which do not have lineending markers ('\n', '\r', '\r\n', '\x0b', '\x0c'), behavior will be unspecified
  tokens_by_line = make_tokens_by_line(lines)
/app/ipython/IPython/core/inputtransformer2.py:608: UserWarning: `make_tokens_by_line` received a list of lines which do not have lineending markers ('\n', '\r', '\r\n', '\x0b', '\x0c'), behavior will be unspecified
  tokens_by_line = make_tokens_by_line(lines)
/app/ipython/IPython/core/inputtransformer2.py:714: UserWarning: `make_tokens_by_line` received a list of lines which do not have lineending markers ('\n', '\r', '\r\n', '\x0b', '\x0c'), behavior will be unspecified
  tokens_by_line = make_tokens_by_line(lines)
/app/ipython/IPython/core/inputtransformer2.py:608: UserWarning: `make_tokens_by_line` received a list of lines which do not have lineending markers ('\n', '\r', '\r\n', '\x0b', '\x0c'), behavior will be unspecified
  tokens_by_line = make_tokens_by_line(lines)
/app/ipython/IPython/core/inputtransformer2.py:714: UserWarning: `make_tokens_by_line` received a list of lines which do not have lineending markers ('\n', '\r', '\r\n', '\x0b', '\x0c'), behavior will be unspecified
  tokens_by_line = make_tokens_by_line(lines)
/app/ipython/IPython/core/inputtransformer2.py:608: UserWarning: `make_tokens_by_line` received a list of lines which do not have lineending markers ('\n', '\r', '\r\n', '\x0b', '\x0c'), behavior will be unspecified
  tokens_by_line = make_tokens_by_line(lines)
/app/ipython/IPython/core/inputtransformer2.py:714: UserWarning: `make_tokens_by_line` received a list of lines which do not have lineending markers ('\n', '\r', '\r\n', '\x0b', '\x0c'), behavior will be unspecified
  tokens_by_line = make_tokens_by_line(lines)
/app/ipython/IPython/core/inputtransformer2.py:608: UserWarning: `make_tokens_by_line` received a list of lines which do not have lineending markers ('\n', '\r', '\r\n', '\x0b', '\x0c'), behavior will be unspecified
  tokens_by_line = make_tokens_by_line(lines)
/app/ipython/IPython/core/inputtransformer2.py:714: UserWarning: `make_tokens_by_line` received a list of lines which do not have lineending markers ('\n', '\r', '\r\n', '\x0b', '\x0c'), behavior will be unspecified
  tokens_by_line = make_tokens_by_line(lines)
/app/ipython/IPython/core/inputtransformer2.py:608: UserWarning: `make_tokens_by_line` received a list of lines which do not have lineending markers ('\n', '\r', '\r\n', '\x0b', '\x0c'), behavior will be unspecified
  tokens_by_line = make_tokens_by_line(lines)
/app/ipython/IPython/core/inputtransformer2.py:714: UserWarning: `make_tokens_by_line` received a list of lines which do not have lineending markers ('\n', '\r', '\r\n', '\x0b', '\x0c'), behavior will be unspecified
  tokens_by_line = make_tokens_by_line(lines)
/app/ipython/IPython/core/inputtransformer2.py:608: UserWarning: `make_tokens_by_line` received a list of lines which do not have lineending markers ('\n', '\r', '\r\n', '\x0b', '\x0c'), behavior will be unspecified
  tokens_by_line = make_tokens_by_line(lines)
/app/ipython/IPython/core/inputtransformer2.py:714: UserWarning: `make_tokens_by_line` received a list of lines which do not have lineending markers ('\n', '\r', '\r\n', '\x0b', '\x0c'), behavior will be unspecified
  tokens_by_line = make_tokens_by_line(lines)
/app/ipython/IPython/core/inputtransformer2.py:608: UserWarning: `make_tokens_by_line` received a list of lines which do not have lineending markers ('\n', '\r', '\r\n', '\x0b', '\x0c'), behavior will be unspecified
  tokens_by_line = make_tokens_by_line(lines)
/app/ipython/IPython/core/inputtransformer2.py:714: UserWarning: `make_tokens_by_line` received a list of lines which do not have lineending markers ('\n', '\r', '\r\n', '\x0b', '\x0c'), behavior will be unspecified
  tokens_by_line = make_tokens_by_line(lines)
#17697	NEW    cov: 2645 ft: 3829 corp: 148/1258b lim: 21 exec/s: 5899 rss: 80Mb L: 15/19 MS: 1 CopyPart-
/app/ipython/IPython/core/inputtransformer2.py:608: UserWarning: `make_tokens_by_line` received a list of lines which do not have lineending markers ('\n', '\r', '\r\n', '\x0b', '\x0c'), behavior will be unspecified
  tokens_by_line = make_tokens_by_line(lines)
/app/ipython/IPython/core/inputtransformer2.py:714: UserWarning: `make_tokens_by_line` received a list of lines which do not have lineending markers ('\n', '\r', '\r\n', '\x0b', '\x0c'), behavior will be unspecified
  tokens_by_line = make_tokens_by_line(lines)
/app/ipython/IPython/core/inputtransformer2.py:608: UserWarning: `make_tokens_by_line` received a list of lines which do not have lineending markers ('\n', '\r', '\r\n', '\x0b', '\x0c'), behavior will be unspecified
  tokens_by_line = make_tokens_by_line(lines)
/app/ipython/IPython/core/inputtransformer2.py:714: UserWarning: `make_tokens_by_line` received a list of lines which do not have lineending markers ('\n', '\r', '\r\n', '\x0b', '\x0c'), behavior will be unspecified
  tokens_by_line = make_tokens_by_line(lines)
/app/ipython/IPython/core/inputtransformer2.py:608: UserWarning: `make_tokens_by_line` received a list of lines which do not have lineending markers ('\n', '\r', '\r\n', '\x0b', '\x0c'), behavior will be unspecified
  tokens_by_line = make_tokens_by_line(lines)
/app/ipython/IPython/core/inputtransformer2.py:714: UserWarning: `make_tokens_by_line` received a list of lines which do not have lineending markers ('\n', '\r', '\r\n', '\x0b', '\x0c'), behavior will be unspecified
  tokens_by_line = make_tokens_by_line(lines)
/app/ipython/IPython/core/inputtransformer2.py:608: UserWarning: `make_tokens_by_line` received a list of lines which do not have lineending markers ('\n', '\r', '\r\n', '\x0b', '\x0c'), behavior will be unspecified
  tokens_by_line = make_tokens_by_line(lines)
/app/ipython/IPython/core/inputtransformer2.py:714: UserWarning: `make_tokens_by_line` received a list of lines which do not have lineending markers ('\n', '\r', '\r\n', '\x0b', '\x0c'), behavior will be unspecified
  tokens_by_line = make_tokens_by_line(lines)
/app/ipython/IPython/core/inputtransformer2.py:608: UserWarning: `make_tokens_by_line` received a list of lines which do not have lineending markers ('\n', '\r', '\r\n', '\x0b', '\x0c'), behavior will be unspecified
  tokens_by_line = make_tokens_by_line(lines)
/app/ipython/IPython/core/inputtransformer2.py:714: UserWarning: `make_tokens_by_line` received a list of lines which do not have lineending markers ('\n', '\r', '\r\n', '\x0b', '\x0c'), behavior will be unspecified
  tokens_by_line = make_tokens_by_line(lines)
/app/ipython/IPython/core/inputtransformer2.py:608: UserWarning: `make_tokens_by_line` received a list of lines which do not have lineending markers ('\n', '\r', '\r\n', '\x0b', '\x0c'), behavior will be unspecified
  tokens_by_line = make_tokens_by_line(lines)
/app/ipython/IPython/core/inputtransformer2.py:714: UserWarning: `make_tokens_by_line` received a list of lines which do not have lineending markers ('\n', '\r', '\r\n', '\x0b', '\x0c'), behavior will be unspecified
  tokens_by_line = make_tokens_by_line(lines)
/app/ipython/IPython/core/inputtransformer2.py:608: UserWarning: `make_tokens_by_line` received a list of lines which do not have lineending markers ('\n', '\r', '\r\n', '\x0b', '\x0c'), behavior will be unspecified
  tokens_by_line = make_tokens_by_line(lines)
/app/ipython/IPython/core/inputtransformer2.py:714: UserWarning: `make_tokens_by_line` received a list of lines which do not have lineending markers ('\n', '\r', '\r\n', '\x0b', '\x0c'), behavior will be unspecified
  tokens_by_line = make_tokens_by_line(lines)
/app/ipython/IPython/core/inputtransformer2.py:608: UserWarning: `make_tokens_by_line` received a list of lines which do not have lineending markers ('\n', '\r', '\r\n', '\x0b', '\x0c'), behavior will be unspecified
  tokens_by_line = make_tokens_by_line(lines)
/app/ipython/IPython/core/inputtransformer2.py:714: UserWarning: `make_tokens_by_line` received a list of lines which do not have lineending markers ('\n', '\r', '\r\n', '\x0b', '\x0c'), behavior will be unspecified
  tokens_by_line = make_tokens_by_line(lines)
/app/ipython/IPython/core/inputtransformer2.py:608: UserWarning: `make_tokens_by_line` received a list of lines which do not have lineending markers ('\n', '\r', '\r\n', '\x0b', '\x0c'), behavior will be unspecified
  tokens_by_line = make_tokens_by_line(lines)
/app/ipython/IPython/core/inputtransformer2.py:714: UserWarning: `make_tokens_by_line` received a list of lines which do not have lineending markers ('\n', '\r', '\r\n', '\x0b', '\x0c'), behavior will be unspecified
  tokens_by_line = make_tokens_by_line(lines)
/app/ipython/IPython/core/inputtransformer2.py:608: UserWarning: `make_tokens_by_line` received a list of lines which do not have lineending markers ('\n', '\r', '\r\n', '\x0b', '\x0c'), behavior will be unspecified
  tokens_by_line = make_tokens_by_line(lines)
/app/ipython/IPython/core/inputtransformer2.py:714: UserWarning: `make_tokens_by_line` received a list of lines which do not have lineending markers ('\n', '\r', '\r\n', '\x0b', '\x0c'), behavior will be unspecified
  tokens_by_line = make_tokens_by_line(lines)
#18030	NEW    cov: 2645 ft: 3837 corp: 149/1279b lim: 21 exec/s: 6010 rss: 80Mb L: 21/21 MS: 3 ChangeBit-ChangeByte-CopyPart-
/app/ipython/IPython/core/inputtransformer2.py:608: UserWarning: `make_tokens_by_line` received a list of lines which do not have lineending markers ('\n', '\r', '\r\n', '\x0b', '\x0c'), behavior will be unspecified
  tokens_by_line = make_tokens_by_line(lines)
/app/ipython/IPython/core/inputtransformer2.py:714: UserWarning: `make_tokens_by_line` received a list of lines which do not have lineending markers ('\n', '\r', '\r\n', '\x0b', '\x0c'), behavior will be unspecified
  tokens_by_line = make_tokens_by_line(lines)
/app/ipython/IPython/core/inputtransformer2.py:608: UserWarning: `make_tokens_by_line` received a list of lines which do not have lineending markers ('\n', '\r', '\r\n', '\x0b', '\x0c'), behavior will be unspecified
  tokens_by_line = make_tokens_by_line(lines)
/app/ipython/IPython/core/inputtransformer2.py:714: UserWarning: `make_tokens_by_line` received a list of lines which do not have lineending markers ('\n', '\r', '\r\n', '\x0b', '\x0c'), behavior will be unspecified
  tokens_by_line = make_tokens_by_line(lines)
#18103	REDUCE cov: 2645 ft: 3837 corp: 149/1276b lim: 21 exec/s: 6034 rss: 80Mb L: 10/21 MS: 3 ChangeByte-PersAutoDict-EraseBytes- DE: "\001\000\000\000"-
/app/ipython/IPython/core/inputtransformer2.py:608: UserWarning: `make_tokens_by_line` received a list of lines which do not have lineending markers ('\n', '\r', '\r\n', '\x0b', '\x0c'), behavior will be unspecified
  tokens_by_line = make_tokens_by_line(lines)
/app/ipython/IPython/core/inputtransformer2.py:714: UserWarning: `make_tokens_by_line` received a list of lines which do not have lineending markers ('\n', '\r', '\r\n', '\x0b', '\x0c'), behavior will be unspecified
  tokens_by_line = make_tokens_by_line(lines)
/app/ipython/IPython/core/inputtransformer2.py:608: UserWarning: `make_tokens_by_line` received a list of lines which do not have lineending markers ('\n', '\r', '\r\n', '\x0b', '\x0c'), behavior will be unspecified
  tokens_by_line = make_tokens_by_line(lines)
/app/ipython/IPython/core/inputtransformer2.py:714: UserWarning: `make_tokens_by_line` received a list of lines which do not have lineending markers ('\n', '\r', '\r\n', '\x0b', '\x0c'), behavior will be unspecified
  tokens_by_line = make_tokens_by_line(lines)
/app/ipython/IPython/core/inputtransformer2.py:608: UserWarning: `make_tokens_by_line` received a list of lines which do not have lineending markers ('\n', '\r', '\r\n', '\x0b', '\x0c'), behavior will be unspecified
  tokens_by_line = make_tokens_by_line(lines)
/app/ipython/IPython/core/inputtransformer2.py:714: UserWarning: `make_tokens_by_line` received a list of lines which do not have lineending markers ('\n', '\r', '\r\n', '\x0b', '\x0c'), behavior will be unspecified
  tokens_by_line = make_tokens_by_line(lines)
/app/ipython/IPython/core/inputtransformer2.py:608: UserWarning: `make_tokens_by_line` received a list of lines which do not have lineending markers ('\n', '\r', '\r\n', '\x0b', '\x0c'), behavior will be unspecified
  tokens_by_line = make_tokens_by_line(lines)
/app/ipython/IPython/core/inputtransformer2.py:714: UserWarning: `make_tokens_by_line` received a list of lines which do not have lineending markers ('\n', '\r', '\r\n', '\x0b', '\x0c'), behavior will be unspecified
  tokens_by_line = make_tokens_by_line(lines)
/app/ipython/IPython/core/inputtransformer2.py:608: UserWarning: `make_tokens_by_line` received a list of lines which do not have lineending markers ('\n', '\r', '\r\n', '\x0b', '\x0c'), behavior will be unspecified
  tokens_by_line = make_tokens_by_line(lines)
/app/ipython/IPython/core/inputtransformer2.py:714: UserWarning: `make_tokens_by_line` received a list of lines which do not have lineending markers ('\n', '\r', '\r\n', '\x0b', '\x0c'), behavior will be unspecified
  tokens_by_line = make_tokens_by_line(lines)
/app/ipython/IPython/core/inputtransformer2.py:608: UserWarning: `make_tokens_by_line` received a list of lines which do not have lineending markers ('\n', '\r', '\r\n', '\x0b', '\x0c'), behavior will be unspecified
  tokens_by_line = make_tokens_by_line(lines)
/app/ipython/IPython/core/inputtransformer2.py:714: UserWarning: `make_tokens_by_line` received a list of lines which do not have lineending markers ('\n', '\r', '\r\n', '\x0b', '\x0c'), behavior will be unspecified
  tokens_by_line = make_tokens_by_line(lines)
/app/ipython/IPython/core/inputtransformer2.py:608: UserWarning: `make_tokens_by_line` received a list of lines which do not have lineending markers ('\n', '\r', '\r\n', '\x0b', '\x0c'), behavior will be unspecified
  tokens_by_line = make_tokens_by_line(lines)
/app/ipython/IPython/core/inputtransformer2.py:714: UserWarning: `make_tokens_by_line` received a list of lines which do not have lineending markers ('\n', '\r', '\r\n', '\x0b', '\x0c'), behavior will be unspecified
  tokens_by_line = make_tokens_by_line(lines)
/app/ipython/IPython/core/inputtransformer2.py:608: UserWarning: `make_tokens_by_line` received a list of lines which do not have lineending markers ('\n', '\r', '\r\n', '\x0b', '\x0c'), behavior will be unspecified
  tokens_by_line = make_tokens_by_line(lines)
/app/ipython/IPython/core/inputtransformer2.py:714: UserWarning: `make_tokens_by_line` received a list of lines which do not have lineending markers ('\n', '\r', '\r\n', '\x0b', '\x0c'), behavior will be unspecified
  tokens_by_line = make_tokens_by_line(lines)
#18461	REDUCE cov: 2645 ft: 3837 corp: 149/1271b lim: 21 exec/s: 6153 rss: 80Mb L: 11/21 MS: 3 ChangeBit-InsertRepeatedBytes-EraseBytes-
/app/ipython/IPython/core/inputtransformer2.py:608: UserWarning: `make_tokens_by_line` received a list of lines which do not have lineending markers ('\n', '\r', '\r\n', '\x0b', '\x0c'), behavior will be unspecified
  tokens_by_line = make_tokens_by_line(lines)
/app/ipython/IPython/core/inputtransformer2.py:608: UserWarning: `make_tokens_by_line` received a list of lines which do not have lineending markers ('\n', '\r', '\r\n', '\x0b', '\x0c'), behavior will be unspecified
  tokens_by_line = make_tokens_by_line(lines)
/app/ipython/IPython/core/inputtransformer2.py:608: UserWarning: `make_tokens_by_line` received a list of lines which do not have lineending markers ('\n', '\r', '\r\n', '\x0b', '\x0c'), behavior will be unspecified
  tokens_by_line = make_tokens_by_line(lines)
/app/ipython/IPython/core/inputtransformer2.py:714: UserWarning: `make_tokens_by_line` received a list of lines which do not have lineending markers ('\n', '\r', '\r\n', '\x0b', '\x0c'), behavior will be unspecified
  tokens_by_line = make_tokens_by_line(lines)
/app/ipython/IPython/core/inputtransformer2.py:608: UserWarning: `make_tokens_by_line` received a list of lines which do not have lineending markers ('\n', '\r', '\r\n', '\x0b', '\x0c'), behavior will be unspecified
  tokens_by_line = make_tokens_by_line(lines)
/app/ipython/IPython/core/inputtransformer2.py:608: UserWarning: `make_tokens_by_line` received a list of lines which do not have lineending markers ('\n', '\r', '\r\n', '\x0b', '\x0c'), behavior will be unspecified
  tokens_by_line = make_tokens_by_line(lines)
/app/ipython/IPython/core/inputtransformer2.py:608: UserWarning: `make_tokens_by_line` received a list of lines which do not have lineending markers ('\n', '\r', '\r\n', '\x0b', '\x0c'), behavior will be unspecified
  tokens_by_line = make_tokens_by_line(lines)
/app/ipython/IPython/core/inputtransformer2.py:608: UserWarning: `make_tokens_by_line` received a list of lines which do not have lineending markers ('\n', '\r', '\r\n', '\x0b', '\x0c'), behavior will be unspecified
  tokens_by_line = make_tokens_by_line(lines)
/app/ipython/IPython/core/inputtransformer2.py:608: UserWarning: `make_tokens_by_line` received a list of lines which do not have lineending markers ('\n', '\r', '\r\n', '\x0b', '\x0c'), behavior will be unspecified
  tokens_by_line = make_tokens_by_line(lines)
/app/ipython/IPython/core/inputtransformer2.py:714: UserWarning: `make_tokens_by_line` received a list of lines which do not have lineending markers ('\n', '\r', '\r\n', '\x0b', '\x0c'), behavior will be unspecified
  tokens_by_line = make_tokens_by_line(lines)
/app/ipython/IPython/core/inputtransformer2.py:608: UserWarning: `make_tokens_by_line` received a list of lines which do not have lineending markers ('\n', '\r', '\r\n', '\x0b', '\x0c'), behavior will be unspecified
  tokens_by_line = make_tokens_by_line(lines)
/app/ipython/IPython/core/inputtransformer2.py:608: UserWarning: `make_tokens_by_line` received a list of lines which do not have lineending markers ('\n', '\r', '\r\n', '\x0b', '\x0c'), behavior will be unspecified
  tokens_by_line = make_tokens_by_line(lines)
/app/ipython/IPython/core/inputtransformer2.py:714: UserWarning: `make_tokens_by_line` received a list of lines which do not have lineending markers ('\n', '\r', '\r\n', '\x0b', '\x0c'), behavior will be unspecified
  tokens_by_line = make_tokens_by_line(lines)
/app/ipython/IPython/core/inputtransformer2.py:608: UserWarning: `make_tokens_by_line` received a list of lines which do not have lineending markers ('\n', '\r', '\r\n', '\x0b', '\x0c'), behavior will be unspecified
  tokens_by_line = make_tokens_by_line(lines)
/app/ipython/IPython/core/inputtransformer2.py:714: UserWarning: `make_tokens_by_line` received a list of lines which do not have lineending markers ('\n', '\r', '\r\n', '\x0b', '\x0c'), behavior will be unspecified
  tokens_by_line = make_tokens_by_line(lines)
/app/ipython/IPython/core/inputtransformer2.py:608: UserWarning: `make_tokens_by_line` received a list of lines which do not have lineending markers ('\n', '\r', '\r\n', '\x0b', '\x0c'), behavior will be unspecified
  tokens_by_line = make_tokens_by_line(lines)
/app/ipython/IPython/core/inputtransformer2.py:714: UserWarning: `make_tokens_by_line` received a list of lines which do not have lineending markers ('\n', '\r', '\r\n', '\x0b', '\x0c'), behavior will be unspecified
  tokens_by_line = make_tokens_by_line(lines)
#18842	REDUCE cov: 2645 ft: 3837 corp: 149/1265b lim: 21 exec/s: 6280 rss: 80Mb L: 10/21 MS: 1 EraseBytes-
/app/ipython/IPython/core/inputtransformer2.py:608: UserWarning: `make_tokens_by_line` received a list of lines which do not have lineending markers ('\n', '\r', '\r\n', '\x0b', '\x0c'), behavior will be unspecified
  tokens_by_line = make_tokens_by_line(lines)
/app/ipython/IPython/core/inputtransformer2.py:714: UserWarning: `make_tokens_by_line` received a list of lines which do not have lineending markers ('\n', '\r', '\r\n', '\x0b', '\x0c'), behavior will be unspecified
  tokens_by_line = make_tokens_by_line(lines)
/app/ipython/IPython/core/inputtransformer2.py:608: UserWarning: `make_tokens_by_line` received a list of lines which do not have lineending markers ('\n', '\r', '\r\n', '\x0b', '\x0c'), behavior will be unspecified
  tokens_by_line = make_tokens_by_line(lines)
/app/ipython/IPython/core/inputtransformer2.py:714: UserWarning: `make_tokens_by_line` received a list of lines which do not have lineending markers ('\n', '\r', '\r\n', '\x0b', '\x0c'), behavior will be unspecified
  tokens_by_line = make_tokens_by_line(lines)
/app/ipython/IPython/core/inputtransformer2.py:608: UserWarning: `make_tokens_by_line` received a list of lines which do not have lineending markers ('\n', '\r', '\r\n', '\x0b', '\x0c'), behavior will be unspecified
  tokens_by_line = make_tokens_by_line(lines)
/app/ipython/IPython/core/inputtransformer2.py:714: UserWarning: `make_tokens_by_line` received a list of lines which do not have lineending markers ('\n', '\r', '\r\n', '\x0b', '\x0c'), behavior will be unspecified
  tokens_by_line = make_tokens_by_line(lines)
/app/ipython/IPython/core/inputtransformer2.py:608: UserWarning: `make_tokens_by_line` received a list of lines which do not have lineending markers ('\n', '\r', '\r\n', '\x0b', '\x0c'), behavior will be unspecified
  tokens_by_line = make_tokens_by_line(lines)
/app/ipython/IPython/core/inputtransformer2.py:714: UserWarning: `make_tokens_by_line` received a list of lines which do not have lineending markers ('\n', '\r', '\r\n', '\x0b', '\x0c'), behavior will be unspecified
  tokens_by_line = make_tokens_by_line(lines)
/app/ipython/IPython/core/inputtransformer2.py:608: UserWarning: `make_tokens_by_line` received a list of lines which do not have lineending markers ('\n', '\r', '\r\n', '\x0b', '\x0c'), behavior will be unspecified
  tokens_by_line = make_tokens_by_line(lines)
/app/ipython/IPython/core/inputtransformer2.py:714: UserWarning: `make_tokens_by_line` received a list of lines which do not have lineending markers ('\n', '\r', '\r\n', '\x0b', '\x0c'), behavior will be unspecified
  tokens_by_line = make_tokens_by_line(lines)
/app/ipython/IPython/core/inputtransformer2.py:608: UserWarning: `make_tokens_by_line` received a list of lines which do not have lineending markers ('\n', '\r', '\r\n', '\x0b', '\x0c'), behavior will be unspecified
  tokens_by_line = make_tokens_by_line(lines)
/app/ipython/IPython/core/inputtransformer2.py:714: UserWarning: `make_tokens_by_line` received a list of lines which do not have lineending markers ('\n', '\r', '\r\n', '\x0b', '\x0c'), behavior will be unspecified
  tokens_by_line = make_tokens_by_line(lines)
/app/ipython/IPython/core/inputtransformer2.py:608: UserWarning: `make_tokens_by_line` received a list of lines which do not have lineending markers ('\n', '\r', '\r\n', '\x0b', '\x0c'), behavior will be unspecified
  tokens_by_line = make_tokens_by_line(lines)
/app/ipython/IPython/core/inputtransformer2.py:714: UserWarning: `make_tokens_by_line` received a list of lines which do not have lineending markers ('\n', '\r', '\r\n', '\x0b', '\x0c'), behavior will be unspecified
  tokens_by_line = make_tokens_by_line(lines)
#19078	REDUCE cov: 2645 ft: 3837 corp: 149/1262b lim: 21 exec/s: 6359 rss: 80Mb L: 16/21 MS: 1 EraseBytes-
/app/ipython/IPython/core/inputtransformer2.py:608: UserWarning: `make_tokens_by_line` received a list of lines which do not have lineending markers ('\n', '\r', '\r\n', '\x0b', '\x0c'), behavior will be unspecified
  tokens_by_line = make_tokens_by_line(lines)
/app/ipython/IPython/core/inputtransformer2.py:714: UserWarning: `make_tokens_by_line` received a list of lines which do not have lineending markers ('\n', '\r', '\r\n', '\x0b', '\x0c'), behavior will be unspecified
  tokens_by_line = make_tokens_by_line(lines)
/app/ipython/IPython/core/inputtransformer2.py:608: UserWarning: `make_tokens_by_line` received a list of lines which do not have lineending markers ('\n', '\r', '\r\n', '\x0b', '\x0c'), behavior will be unspecified
  tokens_by_line = make_tokens_by_line(lines)
/app/ipython/IPython/core/inputtransformer2.py:714: UserWarning: `make_tokens_by_line` received a list of lines which do not have lineending markers ('\n', '\r', '\r\n', '\x0b', '\x0c'), behavior will be unspecified
  tokens_by_line = make_tokens_by_line(lines)
/app/ipython/IPython/core/inputtransformer2.py:608: UserWarning: `make_tokens_by_line` received a list of lines which do not have lineending markers ('\n', '\r', '\r\n', '\x0b', '\x0c'), behavior will be unspecified
  tokens_by_line = make_tokens_by_line(lines)
/app/ipython/IPython/core/inputtransformer2.py:608: UserWarning: `make_tokens_by_line` received a list of lines which do not have lineending markers ('\n', '\r', '\r\n', '\x0b', '\x0c'), behavior will be unspecified
  tokens_by_line = make_tokens_by_line(lines)
/app/ipython/IPython/core/inputtransformer2.py:714: UserWarning: `make_tokens_by_line` received a list of lines which do not have lineending markers ('\n', '\r', '\r\n', '\x0b', '\x0c'), behavior will be unspecified
  tokens_by_line = make_tokens_by_line(lines)
/app/ipython/IPython/core/inputtransformer2.py:608: UserWarning: `make_tokens_by_line` received a list of lines which do not have lineending markers ('\n', '\r', '\r\n', '\x0b', '\x0c'), behavior will be unspecified
  tokens_by_line = make_tokens_by_line(lines)
/app/ipython/IPython/core/inputtransformer2.py:714: UserWarning: `make_tokens_by_line` received a list of lines which do not have lineending markers ('\n', '\r', '\r\n', '\x0b', '\x0c'), behavior will be unspecified
  tokens_by_line = make_tokens_by_line(lines)
/app/ipython/IPython/core/inputtransformer2.py:608: UserWarning: `make_tokens_by_line` received a list of lines which do not have lineending markers ('\n', '\r', '\r\n', '\x0b', '\x0c'), behavior will be unspecified
  tokens_by_line = make_tokens_by_line(lines)
/app/ipython/IPython/core/inputtransformer2.py:714: UserWarning: `make_tokens_by_line` received a list of lines which do not have lineending markers ('\n', '\r', '\r\n', '\x0b', '\x0c'), behavior will be unspecified
  tokens_by_line = make_tokens_by_line(lines)
/app/ipython/IPython/core/inputtransformer2.py:608: UserWarning: `make_tokens_by_line` received a list of lines which do not have lineending markers ('\n', '\r', '\r\n', '\x0b', '\x0c'), behavior will be unspecified
  tokens_by_line = make_tokens_by_line(lines)
/app/ipython/IPython/core/inputtransformer2.py:608: UserWarning: `make_tokens_by_line` received a list of lines which do not have lineending markers ('\n', '\r', '\r\n', '\x0b', '\x0c'), behavior will be unspecified
  tokens_by_line = make_tokens_by_line(lines)
/app/ipython/IPython/core/inputtransformer2.py:714: UserWarning: `make_tokens_by_line` received a list of lines which do not have lineending markers ('\n', '\r', '\r\n', '\x0b', '\x0c'), behavior will be unspecified
  tokens_by_line = make_tokens_by_line(lines)
/app/ipython/IPython/core/inputtransformer2.py:608: UserWarning: `make_tokens_by_line` received a list of lines which do not have lineending markers ('\n', '\r', '\r\n', '\x0b', '\x0c'), behavior will be unspecified
  tokens_by_line = make_tokens_by_line(lines)
/app/ipython/IPython/core/inputtransformer2.py:714: UserWarning: `make_tokens_by_line` received a list of lines which do not have lineending markers ('\n', '\r', '\r\n', '\x0b', '\x0c'), behavior will be unspecified
  tokens_by_line = make_tokens_by_line(lines)
/app/ipython/IPython/core/inputtransformer2.py:608: UserWarning: `make_tokens_by_line` received a list of lines which do not have lineending markers ('\n', '\r', '\r\n', '\x0b', '\x0c'), behavior will be unspecified
  tokens_by_line = make_tokens_by_line(lines)
/app/ipython/IPython/core/inputtransformer2.py:714: UserWarning: `make_tokens_by_line` received a list of lines which do not have lineending markers ('\n', '\r', '\r\n', '\x0b', '\x0c'), behavior will be unspecified
  tokens_by_line = make_tokens_by_line(lines)
/app/ipython/IPython/core/inputtransformer2.py:608: UserWarning: `make_tokens_by_line` received a list of lines which do not have lineending markers ('\n', '\r', '\r\n', '\x0b', '\x0c'), behavior will be unspecified
  tokens_by_line = make_tokens_by_line(lines)
/app/ipython/IPython/core/inputtransformer2.py:714: UserWarning: `make_tokens_by_line` received a list of lines which do not have lineending markers ('\n', '\r', '\r\n', '\x0b', '\x0c'), behavior will be unspecified
  tokens_by_line = make_tokens_by_line(lines)
/app/ipython/IPython/core/inputtransformer2.py:608: UserWarning: `make_tokens_by_line` received a list of lines which do not have lineending markers ('\n', '\r', '\r\n', '\x0b', '\x0c'), behavior will be unspecified
  tokens_by_line = make_tokens_by_line(lines)
/app/ipython/IPython/core/inputtransformer2.py:608: UserWarning: `make_tokens_by_line` received a list of lines which do not have lineending markers ('\n', '\r', '\r\n', '\x0b', '\x0c'), behavior will be unspecified
  tokens_by_line = make_tokens_by_line(lines)
/app/ipython/IPython/core/inputtransformer2.py:608: UserWarning: `make_tokens_by_line` received a list of lines which do not have lineending markers ('\n', '\r', '\r\n', '\x0b', '\x0c'), behavior will be unspecified
  tokens_by_line = make_tokens_by_line(lines)
/app/ipython/IPython/core/inputtransformer2.py:608: UserWarning: `make_tokens_by_line` received a list of lines which do not have lineending markers ('\n', '\r', '\r\n', '\x0b', '\x0c'), behavior will be unspecified
  tokens_by_line = make_tokens_by_line(lines)
#19854	NEW    cov: 2645 ft: 3842 corp: 150/1278b lim: 25 exec/s: 4963 rss: 80Mb L: 16/21 MS: 1 CopyPart-
#19885	NEW    cov: 2645 ft: 3860 corp: 151/1300b lim: 25 exec/s: 4971 rss: 80Mb L: 22/22 MS: 1 InsertRepeatedBytes-
/app/ipython/IPython/core/inputtransformer2.py:608: UserWarning: `make_tokens_by_line` received a list of lines which do not have lineending markers ('\n', '\r', '\r\n', '\x0b', '\x0c'), behavior will be unspecified
  tokens_by_line = make_tokens_by_line(lines)
/app/ipython/IPython/core/inputtransformer2.py:714: UserWarning: `make_tokens_by_line` received a list of lines which do not have lineending markers ('\n', '\r', '\r\n', '\x0b', '\x0c'), behavior will be unspecified
  tokens_by_line = make_tokens_by_line(lines)
/app/ipython/IPython/core/inputtransformer2.py:608: UserWarning: `make_tokens_by_line` received a list of lines which do not have lineending markers ('\n', '\r', '\r\n', '\x0b', '\x0c'), behavior will be unspecified
  tokens_by_line = make_tokens_by_line(lines)
/app/ipython/IPython/core/inputtransformer2.py:608: UserWarning: `make_tokens_by_line` received a list of lines which do not have lineending markers ('\n', '\r', '\r\n', '\x0b', '\x0c'), behavior will be unspecified
  tokens_by_line = make_tokens_by_line(lines)
/app/ipython/IPython/core/inputtransformer2.py:608: UserWarning: `make_tokens_by_line` received a list of lines which do not have lineending markers ('\n', '\r', '\r\n', '\x0b', '\x0c'), behavior will be unspecified
  tokens_by_line = make_tokens_by_line(lines)
/app/ipython/IPython/core/inputtransformer2.py:608: UserWarning: `make_tokens_by_line` received a list of lines which do not have lineending markers ('\n', '\r', '\r\n', '\x0b', '\x0c'), behavior will be unspecified
  tokens_by_line = make_tokens_by_line(lines)
/app/ipython/IPython/core/inputtransformer2.py:608: UserWarning: `make_tokens_by_line` received a list of lines which do not have lineending markers ('\n', '\r', '\r\n', '\x0b', '\x0c'), behavior will be unspecified
  tokens_by_line = make_tokens_by_line(lines)
#19973	NEW    cov: 2645 ft: 3863 corp: 152/1323b lim: 25 exec/s: 4993 rss: 80Mb L: 23/23 MS: 3 PersAutoDict-ChangeBit-CopyPart- DE: "Co"-
/app/ipython/IPython/core/inputtransformer2.py:608: UserWarning: `make_tokens_by_line` received a list of lines which do not have lineending markers ('\n', '\r', '\r\n', '\x0b', '\x0c'), behavior will be unspecified
  tokens_by_line = make_tokens_by_line(lines)
/app/ipython/IPython/core/inputtransformer2.py:714: UserWarning: `make_tokens_by_line` received a list of lines which do not have lineending markers ('\n', '\r', '\r\n', '\x0b', '\x0c'), behavior will be unspecified
  tokens_by_line = make_tokens_by_line(lines)
/app/ipython/IPython/core/inputtransformer2.py:608: UserWarning: `make_tokens_by_line` received a list of lines which do not have lineending markers ('\n', '\r', '\r\n', '\x0b', '\x0c'), behavior will be unspecified
  tokens_by_line = make_tokens_by_line(lines)
#20085	NEW    cov: 2645 ft: 3868 corp: 153/1337b lim: 25 exec/s: 5021 rss: 80Mb L: 14/23 MS: 2 ShuffleBytes-CopyPart-
/app/ipython/IPython/core/inputtransformer2.py:608: UserWarning: `make_tokens_by_line` received a list of lines which do not have lineending markers ('\n', '\r', '\r\n', '\x0b', '\x0c'), behavior will be unspecified
  tokens_by_line = make_tokens_by_line(lines)
/app/ipython/IPython/core/inputtransformer2.py:714: UserWarning: `make_tokens_by_line` received a list of lines which do not have lineending markers ('\n', '\r', '\r\n', '\x0b', '\x0c'), behavior will be unspecified
  tokens_by_line = make_tokens_by_line(lines)
#20141	NEW    cov: 2645 ft: 3869 corp: 154/1357b lim: 25 exec/s: 5035 rss: 80Mb L: 20/23 MS: 1 CopyPart-
#20168	REDUCE cov: 2645 ft: 3869 corp: 154/1356b lim: 25 exec/s: 5042 rss: 80Mb L: 7/23 MS: 2 EraseBytes-CopyPart-
#20204	REDUCE cov: 2645 ft: 3869 corp: 154/1353b lim: 25 exec/s: 5051 rss: 80Mb L: 20/22 MS: 1 EraseBytes-
/app/ipython/IPython/core/inputtransformer2.py:608: UserWarning: `make_tokens_by_line` received a list of lines which do not have lineending markers ('\n', '\r', '\r\n', '\x0b', '\x0c'), behavior will be unspecified
  tokens_by_line = make_tokens_by_line(lines)
/app/ipython/IPython/core/inputtransformer2.py:714: UserWarning: `make_tokens_by_line` received a list of lines which do not have lineending markers ('\n', '\r', '\r\n', '\x0b', '\x0c'), behavior will be unspecified
  tokens_by_line = make_tokens_by_line(lines)
/app/ipython/IPython/core/inputtransformer2.py:608: UserWarning: `make_tokens_by_line` received a list of lines which do not have lineending markers ('\n', '\r', '\r\n', '\x0b', '\x0c'), behavior will be unspecified
  tokens_by_line = make_tokens_by_line(lines)
/app/ipython/IPython/core/inputtransformer2.py:714: UserWarning: `make_tokens_by_line` received a list of lines which do not have lineending markers ('\n', '\r', '\r\n', '\x0b', '\x0c'), behavior will be unspecified
  tokens_by_line = make_tokens_by_line(lines)
/app/ipython/IPython/core/inputtransformer2.py:608: UserWarning: `make_tokens_by_line` received a list of lines which do not have lineending markers ('\n', '\r', '\r\n', '\x0b', '\x0c'), behavior will be unspecified
  tokens_by_line = make_tokens_by_line(lines)
/app/ipython/IPython/core/inputtransformer2.py:714: UserWarning: `make_tokens_by_line` received a list of lines which do not have lineending markers ('\n', '\r', '\r\n', '\x0b', '\x0c'), behavior will be unspecified
  tokens_by_line = make_tokens_by_line(lines)
/app/ipython/IPython/core/inputtransformer2.py:608: UserWarning: `make_tokens_by_line` received a list of lines which do not have lineending markers ('\n', '\r', '\r\n', '\x0b', '\x0c'), behavior will be unspecified
  tokens_by_line = make_tokens_by_line(lines)
/app/ipython/IPython/core/inputtransformer2.py:714: UserWarning: `make_tokens_by_line` received a list of lines which do not have lineending markers ('\n', '\r', '\r\n', '\x0b', '\x0c'), behavior will be unspecified
  tokens_by_line = make_tokens_by_line(lines)
/app/ipython/IPython/core/inputtransformer2.py:608: UserWarning: `make_tokens_by_line` received a list of lines which do not have lineending markers ('\n', '\r', '\r\n', '\x0b', '\x0c'), behavior will be unspecified
  tokens_by_line = make_tokens_by_line(lines)
/app/ipython/IPython/core/inputtransformer2.py:714: UserWarning: `make_tokens_by_line` received a list of lines which do not have lineending markers ('\n', '\r', '\r\n', '\x0b', '\x0c'), behavior will be unspecified
  tokens_by_line = make_tokens_by_line(lines)
/app/ipython/IPython/core/inputtransformer2.py:608: UserWarning: `make_tokens_by_line` received a list of lines which do not have lineending markers ('\n', '\r', '\r\n', '\x0b', '\x0c'), behavior will be unspecified
  tokens_by_line = make_tokens_by_line(lines)
/app/ipython/IPython/core/inputtransformer2.py:608: UserWarning: `make_tokens_by_line` received a list of lines which do not have lineending markers ('\n', '\r', '\r\n', '\x0b', '\x0c'), behavior will be unspecified
  tokens_by_line = make_tokens_by_line(lines)
#20241	REDUCE cov: 2645 ft: 3869 corp: 154/1352b lim: 25 exec/s: 5060 rss: 80Mb L: 10/22 MS: 2 ChangeByte-EraseBytes-
/app/ipython/IPython/core/inputtransformer2.py:608: UserWarning: `make_tokens_by_line` received a list of lines which do not have lineending markers ('\n', '\r', '\r\n', '\x0b', '\x0c'), behavior will be unspecified
  tokens_by_line = make_tokens_by_line(lines)
/app/ipython/IPython/core/inputtransformer2.py:714: UserWarning: `make_tokens_by_line` received a list of lines which do not have lineending markers ('\n', '\r', '\r\n', '\x0b', '\x0c'), behavior will be unspecified
  tokens_by_line = make_tokens_by_line(lines)
/app/ipython/IPython/core/inputtransformer2.py:608: UserWarning: `make_tokens_by_line` received a list of lines which do not have lineending markers ('\n', '\r', '\r\n', '\x0b', '\x0c'), behavior will be unspecified
  tokens_by_line = make_tokens_by_line(lines)
/app/ipython/IPython/core/inputtransformer2.py:714: UserWarning: `make_tokens_by_line` received a list of lines which do not have lineending markers ('\n', '\r', '\r\n', '\x0b', '\x0c'), behavior will be unspecified
  tokens_by_line = make_tokens_by_line(lines)
/app/ipython/IPython/core/inputtransformer2.py:608: UserWarning: `make_tokens_by_line` received a list of lines which do not have lineending markers ('\n', '\r', '\r\n', '\x0b', '\x0c'), behavior will be unspecified
  tokens_by_line = make_tokens_by_line(lines)
/app/ipython/IPython/core/inputtransformer2.py:714: UserWarning: `make_tokens_by_line` received a list of lines which do not have lineending markers ('\n', '\r', '\r\n', '\x0b', '\x0c'), behavior will be unspecified
  tokens_by_line = make_tokens_by_line(lines)
/app/ipython/IPython/core/inputtransformer2.py:608: UserWarning: `make_tokens_by_line` received a list of lines which do not have lineending markers ('\n', '\r', '\r\n', '\x0b', '\x0c'), behavior will be unspecified
  tokens_by_line = make_tokens_by_line(lines)
/app/ipython/IPython/core/inputtransformer2.py:714: UserWarning: `make_tokens_by_line` received a list of lines which do not have lineending markers ('\n', '\r', '\r\n', '\x0b', '\x0c'), behavior will be unspecified
  tokens_by_line = make_tokens_by_line(lines)
/app/ipython/IPython/core/inputtransformer2.py:608: UserWarning: `make_tokens_by_line` received a list of lines which do not have lineending markers ('\n', '\r', '\r\n', '\x0b', '\x0c'), behavior will be unspecified
  tokens_by_line = make_tokens_by_line(lines)
/app/ipython/IPython/core/inputtransformer2.py:714: UserWarning: `make_tokens_by_line` received a list of lines which do not have lineending markers ('\n', '\r', '\r\n', '\x0b', '\x0c'), behavior will be unspecified
  tokens_by_line = make_tokens_by_line(lines)
/app/ipython/IPython/core/inputtransformer2.py:608: UserWarning: `make_tokens_by_line` received a list of lines which do not have lineending markers ('\n', '\r', '\r\n', '\x0b', '\x0c'), behavior will be unspecified
  tokens_by_line = make_tokens_by_line(lines)
/app/ipython/IPython/core/inputtransformer2.py:714: UserWarning: `make_tokens_by_line` received a list of lines which do not have lineending markers ('\n', '\r', '\r\n', '\x0b', '\x0c'), behavior will be unspecified
  tokens_by_line = make_tokens_by_line(lines)
/app/ipython/IPython/core/inputtransformer2.py:608: UserWarning: `make_tokens_by_line` received a list of lines which do not have lineending markers ('\n', '\r', '\r\n', '\x0b', '\x0c'), behavior will be unspecified
  tokens_by_line = make_tokens_by_line(lines)
/app/ipython/IPython/core/inputtransformer2.py:714: UserWarning: `make_tokens_by_line` received a list of lines which do not have lineending markers ('\n', '\r', '\r\n', '\x0b', '\x0c'), behavior will be unspecified
  tokens_by_line = make_tokens_by_line(lines)
/app/ipython/IPython/core/inputtransformer2.py:608: UserWarning: `make_tokens_by_line` received a list of lines which do not have lineending markers ('\n', '\r', '\r\n', '\x0b', '\x0c'), behavior will be unspecified
  tokens_by_line = make_tokens_by_line(lines)
/app/ipython/IPython/core/inputtransformer2.py:608: UserWarning: `make_tokens_by_line` received a list of lines which do not have lineending markers ('\n', '\r', '\r\n', '\x0b', '\x0c'), behavior will be unspecified
  tokens_by_line = make_tokens_by_line(lines)
#20484	REDUCE cov: 2645 ft: 3869 corp: 154/1349b lim: 25 exec/s: 5121 rss: 80Mb L: 13/22 MS: 3 InsertRepeatedBytes-CrossOver-EraseBytes-
/app/ipython/IPython/core/inputtransformer2.py:608: UserWarning: `make_tokens_by_line` received a list of lines which do not have lineending markers ('\n', '\r', '\r\n', '\x0b', '\x0c'), behavior will be unspecified
  tokens_by_line = make_tokens_by_line(lines)
/app/ipython/IPython/core/inputtransformer2.py:608: UserWarning: `make_tokens_by_line` received a list of lines which do not have lineending markers ('\n', '\r', '\r\n', '\x0b', '\x0c'), behavior will be unspecified
  tokens_by_line = make_tokens_by_line(lines)
#20700	REDUCE cov: 2645 ft: 3869 corp: 154/1347b lim: 25 exec/s: 5175 rss: 80Mb L: 8/22 MS: 1 EraseBytes-
/app/ipython/IPython/core/inputtransformer2.py:608: UserWarning: `make_tokens_by_line` received a list of lines which do not have lineending markers ('\n', '\r', '\r\n', '\x0b', '\x0c'), behavior will be unspecified
  tokens_by_line = make_tokens_by_line(lines)
/app/ipython/IPython/core/inputtransformer2.py:714: UserWarning: `make_tokens_by_line` received a list of lines which do not have lineending markers ('\n', '\r', '\r\n', '\x0b', '\x0c'), behavior will be unspecified
  tokens_by_line = make_tokens_by_line(lines)
/app/ipython/IPython/core/inputtransformer2.py:608: UserWarning: `make_tokens_by_line` received a list of lines which do not have lineending markers ('\n', '\r', '\r\n', '\x0b', '\x0c'), behavior will be unspecified
  tokens_by_line = make_tokens_by_line(lines)
/app/ipython/IPython/core/inputtransformer2.py:714: UserWarning: `make_tokens_by_line` received a list of lines which do not have lineending markers ('\n', '\r', '\r\n', '\x0b', '\x0c'), behavior will be unspecified
  tokens_by_line = make_tokens_by_line(lines)
/app/ipython/IPython/core/inputtransformer2.py:608: UserWarning: `make_tokens_by_line` received a list of lines which do not have lineending markers ('\n', '\r', '\r\n', '\x0b', '\x0c'), behavior will be unspecified
  tokens_by_line = make_tokens_by_line(lines)
/app/ipython/IPython/core/inputtransformer2.py:714: UserWarning: `make_tokens_by_line` received a list of lines which do not have lineending markers ('\n', '\r', '\r\n', '\x0b', '\x0c'), behavior will be unspecified
  tokens_by_line = make_tokens_by_line(lines)
/app/ipython/IPython/core/inputtransformer2.py:608: UserWarning: `make_tokens_by_line` received a list of lines which do not have lineending markers ('\n', '\r', '\r\n', '\x0b', '\x0c'), behavior will be unspecified
  tokens_by_line = make_tokens_by_line(lines)
/app/ipython/IPython/core/inputtransformer2.py:714: UserWarning: `make_tokens_by_line` received a list of lines which do not have lineending markers ('\n', '\r', '\r\n', '\x0b', '\x0c'), behavior will be unspecified
  tokens_by_line = make_tokens_by_line(lines)
/app/ipython/IPython/core/inputtransformer2.py:608: UserWarning: `make_tokens_by_line` received a list of lines which do not have lineending markers ('\n', '\r', '\r\n', '\x0b', '\x0c'), behavior will be unspecified
  tokens_by_line = make_tokens_by_line(lines)
/app/ipython/IPython/core/inputtransformer2.py:714: UserWarning: `make_tokens_by_line` received a list of lines which do not have lineending markers ('\n', '\r', '\r\n', '\x0b', '\x0c'), behavior will be unspecified
  tokens_by_line = make_tokens_by_line(lines)
/app/ipython/IPython/core/inputtransformer2.py:608: UserWarning: `make_tokens_by_line` received a list of lines which do not have lineending markers ('\n', '\r', '\r\n', '\x0b', '\x0c'), behavior will be unspecified
  tokens_by_line = make_tokens_by_line(lines)
/app/ipython/IPython/core/inputtransformer2.py:714: UserWarning: `make_tokens_by_line` received a list of lines which do not have lineending markers ('\n', '\r', '\r\n', '\x0b', '\x0c'), behavior will be unspecified
  tokens_by_line = make_tokens_by_line(lines)
/app/ipython/IPython/core/inputtransformer2.py:608: UserWarning: `make_tokens_by_line` received a list of lines which do not have lineending markers ('\n', '\r', '\r\n', '\x0b', '\x0c'), behavior will be unspecified
  tokens_by_line = make_tokens_by_line(lines)
/app/ipython/IPython/core/inputtransformer2.py:608: UserWarning: `make_tokens_by_line` received a list of lines which do not have lineending markers ('\n', '\r', '\r\n', '\x0b', '\x0c'), behavior will be unspecified
  tokens_by_line = make_tokens_by_line(lines)
/app/ipython/IPython/core/inputtransformer2.py:714: UserWarning: `make_tokens_by_line` received a list of lines which do not have lineending markers ('\n', '\r', '\r\n', '\x0b', '\x0c'), behavior will be unspecified
  tokens_by_line = make_tokens_by_line(lines)
#21066	REDUCE cov: 2645 ft: 3869 corp: 154/1343b lim: 25 exec/s: 5266 rss: 80Mb L: 10/22 MS: 1 EraseBytes-
#21122	REDUCE cov: 2645 ft: 3869 corp: 154/1342b lim: 25 exec/s: 5280 rss: 80Mb L: 8/22 MS: 1 EraseBytes-
#21203	REDUCE cov: 2645 ft: 3869 corp: 154/1339b lim: 25 exec/s: 5300 rss: 80Mb L: 9/22 MS: 1 EraseBytes-
/app/ipython/IPython/core/inputtransformer2.py:608: UserWarning: `make_tokens_by_line` received a list of lines which do not have lineending markers ('\n', '\r', '\r\n', '\x0b', '\x0c'), behavior will be unspecified
  tokens_by_line = make_tokens_by_line(lines)
/app/ipython/IPython/core/inputtransformer2.py:714: UserWarning: `make_tokens_by_line` received a list of lines which do not have lineending markers ('\n', '\r', '\r\n', '\x0b', '\x0c'), behavior will be unspecified
  tokens_by_line = make_tokens_by_line(lines)
/app/ipython/IPython/core/inputtransformer2.py:608: UserWarning: `make_tokens_by_line` received a list of lines which do not have lineending markers ('\n', '\r', '\r\n', '\x0b', '\x0c'), behavior will be unspecified
  tokens_by_line = make_tokens_by_line(lines)
/app/ipython/IPython/core/inputtransformer2.py:714: UserWarning: `make_tokens_by_line` received a list of lines which do not have lineending markers ('\n', '\r', '\r\n', '\x0b', '\x0c'), behavior will be unspecified
  tokens_by_line = make_tokens_by_line(lines)
/app/ipython/IPython/core/inputtransformer2.py:608: UserWarning: `make_tokens_by_line` received a list of lines which do not have lineending markers ('\n', '\r', '\r\n', '\x0b', '\x0c'), behavior will be unspecified
  tokens_by_line = make_tokens_by_line(lines)
/app/ipython/IPython/core/inputtransformer2.py:714: UserWarning: `make_tokens_by_line` received a list of lines which do not have lineending markers ('\n', '\r', '\r\n', '\x0b', '\x0c'), behavior will be unspecified
  tokens_by_line = make_tokens_by_line(lines)
/app/ipython/IPython/core/inputtransformer2.py:608: UserWarning: `make_tokens_by_line` received a list of lines which do not have lineending markers ('\n', '\r', '\r\n', '\x0b', '\x0c'), behavior will be unspecified
  tokens_by_line = make_tokens_by_line(lines)
/app/ipython/IPython/core/inputtransformer2.py:714: UserWarning: `make_tokens_by_line` received a list of lines which do not have lineending markers ('\n', '\r', '\r\n', '\x0b', '\x0c'), behavior will be unspecified
  tokens_by_line = make_tokens_by_line(lines)
/app/ipython/IPython/core/inputtransformer2.py:608: UserWarning: `make_tokens_by_line` received a list of lines which do not have lineending markers ('\n', '\r', '\r\n', '\x0b', '\x0c'), behavior will be unspecified
  tokens_by_line = make_tokens_by_line(lines)
/app/ipython/IPython/core/inputtransformer2.py:714: UserWarning: `make_tokens_by_line` received a list of lines which do not have lineending markers ('\n', '\r', '\r\n', '\x0b', '\x0c'), behavior will be unspecified
  tokens_by_line = make_tokens_by_line(lines)
/app/ipython/IPython/core/inputtransformer2.py:608: UserWarning: `make_tokens_by_line` received a list of lines which do not have lineending markers ('\n', '\r', '\r\n', '\x0b', '\x0c'), behavior will be unspecified
  tokens_by_line = make_tokens_by_line(lines)
/app/ipython/IPython/core/inputtransformer2.py:714: UserWarning: `make_tokens_by_line` received a list of lines which do not have lineending markers ('\n', '\r', '\r\n', '\x0b', '\x0c'), behavior will be unspecified
  tokens_by_line = make_tokens_by_line(lines)
/app/ipython/IPython/core/inputtransformer2.py:608: UserWarning: `make_tokens_by_line` received a list of lines which do not have lineending markers ('\n', '\r', '\r\n', '\x0b', '\x0c'), behavior will be unspecified
  tokens_by_line = make_tokens_by_line(lines)
/app/ipython/IPython/core/inputtransformer2.py:714: UserWarning: `make_tokens_by_line` received a list of lines which do not have lineending markers ('\n', '\r', '\r\n', '\x0b', '\x0c'), behavior will be unspecified
  tokens_by_line = make_tokens_by_line(lines)
/app/ipython/IPython/core/inputtransformer2.py:608: UserWarning: `make_tokens_by_line` received a list of lines which do not have lineending markers ('\n', '\r', '\r\n', '\x0b', '\x0c'), behavior will be unspecified
  tokens_by_line = make_tokens_by_line(lines)
/app/ipython/IPython/core/inputtransformer2.py:714: UserWarning: `make_tokens_by_line` received a list of lines which do not have lineending markers ('\n', '\r', '\r\n', '\x0b', '\x0c'), behavior will be unspecified
  tokens_by_line = make_tokens_by_line(lines)
#21360	REDUCE cov: 2645 ft: 3871 corp: 155/1363b lim: 25 exec/s: 5340 rss: 80Mb L: 24/24 MS: 2 ShuffleBytes-CrossOver-
/app/ipython/IPython/core/inputtransformer2.py:608: UserWarning: `make_tokens_by_line` received a list of lines which do not have lineending markers ('\n', '\r', '\r\n', '\x0b', '\x0c'), behavior will be unspecified
  tokens_by_line = make_tokens_by_line(lines)
/app/ipython/IPython/core/inputtransformer2.py:714: UserWarning: `make_tokens_by_line` received a list of lines which do not have lineending markers ('\n', '\r', '\r\n', '\x0b', '\x0c'), behavior will be unspecified
  tokens_by_line = make_tokens_by_line(lines)
/app/ipython/IPython/core/inputtransformer2.py:608: UserWarning: `make_tokens_by_line` received a list of lines which do not have lineending markers ('\n', '\r', '\r\n', '\x0b', '\x0c'), behavior will be unspecified
  tokens_by_line = make_tokens_by_line(lines)
#21623	REDUCE cov: 2645 ft: 3871 corp: 155/1360b lim: 25 exec/s: 5405 rss: 80Mb L: 11/24 MS: 3 CopyPart-EraseBytes-EraseBytes-
/app/ipython/IPython/core/inputtransformer2.py:608: UserWarning: `make_tokens_by_line` received a list of lines which do not have lineending markers ('\n', '\r', '\r\n', '\x0b', '\x0c'), behavior will be unspecified
  tokens_by_line = make_tokens_by_line(lines)
/app/ipython/IPython/core/inputtransformer2.py:714: UserWarning: `make_tokens_by_line` received a list of lines which do not have lineending markers ('\n', '\r', '\r\n', '\x0b', '\x0c'), behavior will be unspecified
  tokens_by_line = make_tokens_by_line(lines)
#21636	REDUCE cov: 2645 ft: 3871 corp: 155/1359b lim: 25 exec/s: 5409 rss: 80Mb L: 9/24 MS: 3 ChangeBit-ShuffleBytes-EraseBytes-
#21714	NEW    cov: 2645 ft: 3884 corp: 156/1383b lim: 25 exec/s: 5428 rss: 80Mb L: 24/24 MS: 3 ShuffleBytes-ShuffleBytes-CopyPart-
/app/ipython/IPython/core/inputtransformer2.py:608: UserWarning: `make_tokens_by_line` received a list of lines which do not have lineending markers ('\n', '\r', '\r\n', '\x0b', '\x0c'), behavior will be unspecified
  tokens_by_line = make_tokens_by_line(lines)
/app/ipython/IPython/core/inputtransformer2.py:714: UserWarning: `make_tokens_by_line` received a list of lines which do not have lineending markers ('\n', '\r', '\r\n', '\x0b', '\x0c'), behavior will be unspecified
  tokens_by_line = make_tokens_by_line(lines)
/app/ipython/IPython/core/inputtransformer2.py:608: UserWarning: `make_tokens_by_line` received a list of lines which do not have lineending markers ('\n', '\r', '\r\n', '\x0b', '\x0c'), behavior will be unspecified
  tokens_by_line = make_tokens_by_line(lines)
/app/ipython/IPython/core/inputtransformer2.py:714: UserWarning: `make_tokens_by_line` received a list of lines which do not have lineending markers ('\n', '\r', '\r\n', '\x0b', '\x0c'), behavior will be unspecified
  tokens_by_line = make_tokens_by_line(lines)
/app/ipython/IPython/core/inputtransformer2.py:608: UserWarning: `make_tokens_by_line` received a list of lines which do not have lineending markers ('\n', '\r', '\r\n', '\x0b', '\x0c'), behavior will be unspecified
  tokens_by_line = make_tokens_by_line(lines)
/app/ipython/IPython/core/inputtransformer2.py:714: UserWarning: `make_tokens_by_line` received a list of lines which do not have lineending markers ('\n', '\r', '\r\n', '\x0b', '\x0c'), behavior will be unspecified
  tokens_by_line = make_tokens_by_line(lines)
/app/ipython/IPython/core/inputtransformer2.py:608: UserWarning: `make_tokens_by_line` received a list of lines which do not have lineending markers ('\n', '\r', '\r\n', '\x0b', '\x0c'), behavior will be unspecified
  tokens_by_line = make_tokens_by_line(lines)
/app/ipython/IPython/core/inputtransformer2.py:714: UserWarning: `make_tokens_by_line` received a list of lines which do not have lineending markers ('\n', '\r', '\r\n', '\x0b', '\x0c'), behavior will be unspecified
  tokens_by_line = make_tokens_by_line(lines)
/app/ipython/IPython/core/inputtransformer2.py:608: UserWarning: `make_tokens_by_line` received a list of lines which do not have lineending markers ('\n', '\r', '\r\n', '\x0b', '\x0c'), behavior will be unspecified
  tokens_by_line = make_tokens_by_line(lines)
/app/ipython/IPython/core/inputtransformer2.py:714: UserWarning: `make_tokens_by_line` received a list of lines which do not have lineending markers ('\n', '\r', '\r\n', '\x0b', '\x0c'), behavior will be unspecified
  tokens_by_line = make_tokens_by_line(lines)
/app/ipython/IPython/core/inputtransformer2.py:608: UserWarning: `make_tokens_by_line` received a list of lines which do not have lineending markers ('\n', '\r', '\r\n', '\x0b', '\x0c'), behavior will be unspecified
  tokens_by_line = make_tokens_by_line(lines)
/app/ipython/IPython/core/inputtransformer2.py:608: UserWarning: `make_tokens_by_line` received a list of lines which do not have lineending markers ('\n', '\r', '\r\n', '\x0b', '\x0c'), behavior will be unspecified
  tokens_by_line = make_tokens_by_line(lines)
/app/ipython/IPython/core/inputtransformer2.py:608: UserWarning: `make_tokens_by_line` received a list of lines which do not have lineending markers ('\n', '\r', '\r\n', '\x0b', '\x0c'), behavior will be unspecified
  tokens_by_line = make_tokens_by_line(lines)
/app/ipython/IPython/core/inputtransformer2.py:714: UserWarning: `make_tokens_by_line` received a list of lines which do not have lineending markers ('\n', '\r', '\r\n', '\x0b', '\x0c'), behavior will be unspecified
  tokens_by_line = make_tokens_by_line(lines)
/app/ipython/IPython/core/inputtransformer2.py:608: UserWarning: `make_tokens_by_line` received a list of lines which do not have lineending markers ('\n', '\r', '\r\n', '\x0b', '\x0c'), behavior will be unspecified
  tokens_by_line = make_tokens_by_line(lines)
/app/ipython/IPython/core/inputtransformer2.py:608: UserWarning: `make_tokens_by_line` received a list of lines which do not have lineending markers ('\n', '\r', '\r\n', '\x0b', '\x0c'), behavior will be unspecified
  tokens_by_line = make_tokens_by_line(lines)
/app/ipython/IPython/core/inputtransformer2.py:608: UserWarning: `make_tokens_by_line` received a list of lines which do not have lineending markers ('\n', '\r', '\r\n', '\x0b', '\x0c'), behavior will be unspecified
  tokens_by_line = make_tokens_by_line(lines)
/app/ipython/IPython/core/inputtransformer2.py:608: UserWarning: `make_tokens_by_line` received a list of lines which do not have lineending markers ('\n', '\r', '\r\n', '\x0b', '\x0c'), behavior will be unspecified
  tokens_by_line = make_tokens_by_line(lines)
/app/ipython/IPython/core/inputtransformer2.py:608: UserWarning: `make_tokens_by_line` received a list of lines which do not have lineending markers ('\n', '\r', '\r\n', '\x0b', '\x0c'), behavior will be unspecified
  tokens_by_line = make_tokens_by_line(lines)
/app/ipython/IPython/core/inputtransformer2.py:714: UserWarning: `make_tokens_by_line` received a list of lines which do not have lineending markers ('\n', '\r', '\r\n', '\x0b', '\x0c'), behavior will be unspecified
  tokens_by_line = make_tokens_by_line(lines)
/app/ipython/IPython/core/inputtransformer2.py:608: UserWarning: `make_tokens_by_line` received a list of lines which do not have lineending markers ('\n', '\r', '\r\n', '\x0b', '\x0c'), behavior will be unspecified
  tokens_by_line = make_tokens_by_line(lines)
/app/ipython/IPython/core/inputtransformer2.py:714: UserWarning: `make_tokens_by_line` received a list of lines which do not have lineending markers ('\n', '\r', '\r\n', '\x0b', '\x0c'), behavior will be unspecified
  tokens_by_line = make_tokens_by_line(lines)
#22355	REDUCE cov: 2645 ft: 3884 corp: 156/1379b lim: 29 exec/s: 5588 rss: 80Mb L: 8/24 MS: 1 EraseBytes-
/app/ipython/IPython/core/inputtransformer2.py:608: UserWarning: `make_tokens_by_line` received a list of lines which do not have lineending markers ('\n', '\r', '\r\n', '\x0b', '\x0c'), behavior will be unspecified
  tokens_by_line = make_tokens_by_line(lines)
/app/ipython/IPython/core/inputtransformer2.py:714: UserWarning: `make_tokens_by_line` received a list of lines which do not have lineending markers ('\n', '\r', '\r\n', '\x0b', '\x0c'), behavior will be unspecified
  tokens_by_line = make_tokens_by_line(lines)
/app/ipython/IPython/core/inputtransformer2.py:608: UserWarning: `make_tokens_by_line` received a list of lines which do not have lineending markers ('\n', '\r', '\r\n', '\x0b', '\x0c'), behavior will be unspecified
  tokens_by_line = make_tokens_by_line(lines)
/app/ipython/IPython/core/inputtransformer2.py:714: UserWarning: `make_tokens_by_line` received a list of lines which do not have lineending markers ('\n', '\r', '\r\n', '\x0b', '\x0c'), behavior will be unspecified
  tokens_by_line = make_tokens_by_line(lines)
/app/ipython/IPython/core/inputtransformer2.py:608: UserWarning: `make_tokens_by_line` received a list of lines which do not have lineending markers ('\n', '\r', '\r\n', '\x0b', '\x0c'), behavior will be unspecified
  tokens_by_line = make_tokens_by_line(lines)
/app/ipython/IPython/core/inputtransformer2.py:714: UserWarning: `make_tokens_by_line` received a list of lines which do not have lineending markers ('\n', '\r', '\r\n', '\x0b', '\x0c'), behavior will be unspecified
  tokens_by_line = make_tokens_by_line(lines)
#22571	NEW    cov: 2645 ft: 3888 corp: 157/1402b lim: 29 exec/s: 5642 rss: 80Mb L: 23/24 MS: 1 CrossOver-
/app/ipython/IPython/core/inputtransformer2.py:608: UserWarning: `make_tokens_by_line` received a list of lines which do not have lineending markers ('\n', '\r', '\r\n', '\x0b', '\x0c'), behavior will be unspecified
  tokens_by_line = make_tokens_by_line(lines)
/app/ipython/IPython/core/inputtransformer2.py:608: UserWarning: `make_tokens_by_line` received a list of lines which do not have lineending markers ('\n', '\r', '\r\n', '\x0b', '\x0c'), behavior will be unspecified
  tokens_by_line = make_tokens_by_line(lines)
/app/ipython/IPython/core/inputtransformer2.py:714: UserWarning: `make_tokens_by_line` received a list of lines which do not have lineending markers ('\n', '\r', '\r\n', '\x0b', '\x0c'), behavior will be unspecified
  tokens_by_line = make_tokens_by_line(lines)
/app/ipython/IPython/core/inputtransformer2.py:608: UserWarning: `make_tokens_by_line` received a list of lines which do not have lineending markers ('\n', '\r', '\r\n', '\x0b', '\x0c'), behavior will be unspecified
  tokens_by_line = make_tokens_by_line(lines)
/app/ipython/IPython/core/inputtransformer2.py:714: UserWarning: `make_tokens_by_line` received a list of lines which do not have lineending markers ('\n', '\r', '\r\n', '\x0b', '\x0c'), behavior will be unspecified
  tokens_by_line = make_tokens_by_line(lines)
/app/ipython/IPython/core/inputtransformer2.py:608: UserWarning: `make_tokens_by_line` received a list of lines which do not have lineending markers ('\n', '\r', '\r\n', '\x0b', '\x0c'), behavior will be unspecified
  tokens_by_line = make_tokens_by_line(lines)
/app/ipython/IPython/core/inputtransformer2.py:608: UserWarning: `make_tokens_by_line` received a list of lines which do not have lineending markers ('\n', '\r', '\r\n', '\x0b', '\x0c'), behavior will be unspecified
  tokens_by_line = make_tokens_by_line(lines)
/app/ipython/IPython/core/inputtransformer2.py:714: UserWarning: `make_tokens_by_line` received a list of lines which do not have lineending markers ('\n', '\r', '\r\n', '\x0b', '\x0c'), behavior will be unspecified
  tokens_by_line = make_tokens_by_line(lines)
/app/ipython/IPython/core/inputtransformer2.py:608: UserWarning: `make_tokens_by_line` received a list of lines which do not have lineending markers ('\n', '\r', '\r\n', '\x0b', '\x0c'), behavior will be unspecified
  tokens_by_line = make_tokens_by_line(lines)
/app/ipython/IPython/core/inputtransformer2.py:714: UserWarning: `make_tokens_by_line` received a list of lines which do not have lineending markers ('\n', '\r', '\r\n', '\x0b', '\x0c'), behavior will be unspecified
  tokens_by_line = make_tokens_by_line(lines)
/app/ipython/IPython/core/inputtransformer2.py:608: UserWarning: `make_tokens_by_line` received a list of lines which do not have lineending markers ('\n', '\r', '\r\n', '\x0b', '\x0c'), behavior will be unspecified
  tokens_by_line = make_tokens_by_line(lines)
/app/ipython/IPython/core/inputtransformer2.py:714: UserWarning: `make_tokens_by_line` received a list of lines which do not have lineending markers ('\n', '\r', '\r\n', '\x0b', '\x0c'), behavior will be unspecified
  tokens_by_line = make_tokens_by_line(lines)
/app/ipython/IPython/core/inputtransformer2.py:608: UserWarning: `make_tokens_by_line` received a list of lines which do not have lineending markers ('\n', '\r', '\r\n', '\x0b', '\x0c'), behavior will be unspecified
  tokens_by_line = make_tokens_by_line(lines)
/app/ipython/IPython/core/inputtransformer2.py:714: UserWarning: `make_tokens_by_line` received a list of lines which do not have lineending markers ('\n', '\r', '\r\n', '\x0b', '\x0c'), behavior will be unspecified
  tokens_by_line = make_tokens_by_line(lines)
/app/ipython/IPython/core/inputtransformer2.py:608: UserWarning: `make_tokens_by_line` received a list of lines which do not have lineending markers ('\n', '\r', '\r\n', '\x0b', '\x0c'), behavior will be unspecified
  tokens_by_line = make_tokens_by_line(lines)
/app/ipython/IPython/core/inputtransformer2.py:714: UserWarning: `make_tokens_by_line` received a list of lines which do not have lineending markers ('\n', '\r', '\r\n', '\x0b', '\x0c'), behavior will be unspecified
  tokens_by_line = make_tokens_by_line(lines)
/app/ipython/IPython/core/inputtransformer2.py:608: UserWarning: `make_tokens_by_line` received a list of lines which do not have lineending markers ('\n', '\r', '\r\n', '\x0b', '\x0c'), behavior will be unspecified
  tokens_by_line = make_tokens_by_line(lines)
/app/ipython/IPython/core/inputtransformer2.py:714: UserWarning: `make_tokens_by_line` received a list of lines which do not have lineending markers ('\n', '\r', '\r\n', '\x0b', '\x0c'), behavior will be unspecified
  tokens_by_line = make_tokens_by_line(lines)
/app/ipython/IPython/core/inputtransformer2.py:608: UserWarning: `make_tokens_by_line` received a list of lines which do not have lineending markers ('\n', '\r', '\r\n', '\x0b', '\x0c'), behavior will be unspecified
  tokens_by_line = make_tokens_by_line(lines)
/app/ipython/IPython/core/inputtransformer2.py:714: UserWarning: `make_tokens_by_line` received a list of lines which do not have lineending markers ('\n', '\r', '\r\n', '\x0b', '\x0c'), behavior will be unspecified
  tokens_by_line = make_tokens_by_line(lines)
/app/ipython/IPython/core/inputtransformer2.py:608: UserWarning: `make_tokens_by_line` received a list of lines which do not have lineending markers ('\n', '\r', '\r\n', '\x0b', '\x0c'), behavior will be unspecified
  tokens_by_line = make_tokens_by_line(lines)
/app/ipython/IPython/core/inputtransformer2.py:714: UserWarning: `make_tokens_by_line` received a list of lines which do not have lineending markers ('\n', '\r', '\r\n', '\x0b', '\x0c'), behavior will be unspecified
  tokens_by_line = make_tokens_by_line(lines)
/app/ipython/IPython/core/inputtransformer2.py:608: UserWarning: `make_tokens_by_line` received a list of lines which do not have lineending markers ('\n', '\r', '\r\n', '\x0b', '\x0c'), behavior will be unspecified
  tokens_by_line = make_tokens_by_line(lines)
/app/ipython/IPython/core/inputtransformer2.py:714: UserWarning: `make_tokens_by_line` received a list of lines which do not have lineending markers ('\n', '\r', '\r\n', '\x0b', '\x0c'), behavior will be unspecified
  tokens_by_line = make_tokens_by_line(lines)
/app/ipython/IPython/core/inputtransformer2.py:608: UserWarning: `make_tokens_by_line` received a list of lines which do not have lineending markers ('\n', '\r', '\r\n', '\x0b', '\x0c'), behavior will be unspecified
  tokens_by_line = make_tokens_by_line(lines)
/app/ipython/IPython/core/inputtransformer2.py:608: UserWarning: `make_tokens_by_line` received a list of lines which do not have lineending markers ('\n', '\r', '\r\n', '\x0b', '\x0c'), behavior will be unspecified
  tokens_by_line = make_tokens_by_line(lines)
/app/ipython/IPython/core/inputtransformer2.py:608: UserWarning: `make_tokens_by_line` received a list of lines which do not have lineending markers ('\n', '\r', '\r\n', '\x0b', '\x0c'), behavior will be unspecified
  tokens_by_line = make_tokens_by_line(lines)
/app/ipython/IPython/core/inputtransformer2.py:714: UserWarning: `make_tokens_by_line` received a list of lines which do not have lineending markers ('\n', '\r', '\r\n', '\x0b', '\x0c'), behavior will be unspecified
  tokens_by_line = make_tokens_by_line(lines)
/app/ipython/IPython/core/inputtransformer2.py:608: UserWarning: `make_tokens_by_line` received a list of lines which do not have lineending markers ('\n', '\r', '\r\n', '\x0b', '\x0c'), behavior will be unspecified
  tokens_by_line = make_tokens_by_line(lines)
/app/ipython/IPython/core/inputtransformer2.py:714: UserWarning: `make_tokens_by_line` received a list of lines which do not have lineending markers ('\n', '\r', '\r\n', '\x0b', '\x0c'), behavior will be unspecified
  tokens_by_line = make_tokens_by_line(lines)
/app/ipython/IPython/core/inputtransformer2.py:608: UserWarning: `make_tokens_by_line` received a list of lines which do not have lineending markers ('\n', '\r', '\r\n', '\x0b', '\x0c'), behavior will be unspecified
  tokens_by_line = make_tokens_by_line(lines)
/app/ipython/IPython/core/inputtransformer2.py:714: UserWarning: `make_tokens_by_line` received a list of lines which do not have lineending markers ('\n', '\r', '\r\n', '\x0b', '\x0c'), behavior will be unspecified
  tokens_by_line = make_tokens_by_line(lines)
#23027	NEW    cov: 2645 ft: 3890 corp: 158/1417b lim: 33 exec/s: 4605 rss: 80Mb L: 15/24 MS: 1 ChangeBinInt-
/app/ipython/IPython/core/inputtransformer2.py:608: UserWarning: `make_tokens_by_line` received a list of lines which do not have lineending markers ('\n', '\r', '\r\n', '\x0b', '\x0c'), behavior will be unspecified
  tokens_by_line = make_tokens_by_line(lines)
/app/ipython/IPython/core/inputtransformer2.py:714: UserWarning: `make_tokens_by_line` received a list of lines which do not have lineending markers ('\n', '\r', '\r\n', '\x0b', '\x0c'), behavior will be unspecified
  tokens_by_line = make_tokens_by_line(lines)
/app/ipython/IPython/core/inputtransformer2.py:608: UserWarning: `make_tokens_by_line` received a list of lines which do not have lineending markers ('\n', '\r', '\r\n', '\x0b', '\x0c'), behavior will be unspecified
  tokens_by_line = make_tokens_by_line(lines)
/app/ipython/IPython/core/inputtransformer2.py:608: UserWarning: `make_tokens_by_line` received a list of lines which do not have lineending markers ('\n', '\r', '\r\n', '\x0b', '\x0c'), behavior will be unspecified
  tokens_by_line = make_tokens_by_line(lines)
/app/ipython/IPython/core/inputtransformer2.py:608: UserWarning: `make_tokens_by_line` received a list of lines which do not have lineending markers ('\n', '\r', '\r\n', '\x0b', '\x0c'), behavior will be unspecified
  tokens_by_line = make_tokens_by_line(lines)
/app/ipython/IPython/core/inputtransformer2.py:608: UserWarning: `make_tokens_by_line` received a list of lines which do not have lineending markers ('\n', '\r', '\r\n', '\x0b', '\x0c'), behavior will be unspecified
  tokens_by_line = make_tokens_by_line(lines)
#23288	NEW    cov: 2645 ft: 3892 corp: 159/1431b lim: 33 exec/s: 4657 rss: 80Mb L: 14/24 MS: 1 InsertByte-
/app/ipython/IPython/core/inputtransformer2.py:608: UserWarning: `make_tokens_by_line` received a list of lines which do not have lineending markers ('\n', '\r', '\r\n', '\x0b', '\x0c'), behavior will be unspecified
  tokens_by_line = make_tokens_by_line(lines)
/app/ipython/IPython/core/inputtransformer2.py:714: UserWarning: `make_tokens_by_line` received a list of lines which do not have lineending markers ('\n', '\r', '\r\n', '\x0b', '\x0c'), behavior will be unspecified
  tokens_by_line = make_tokens_by_line(lines)
/app/ipython/IPython/core/inputtransformer2.py:608: UserWarning: `make_tokens_by_line` received a list of lines which do not have lineending markers ('\n', '\r', '\r\n', '\x0b', '\x0c'), behavior will be unspecified
  tokens_by_line = make_tokens_by_line(lines)
/app/ipython/IPython/core/inputtransformer2.py:608: UserWarning: `make_tokens_by_line` received a list of lines which do not have lineending markers ('\n', '\r', '\r\n', '\x0b', '\x0c'), behavior will be unspecified
  tokens_by_line = make_tokens_by_line(lines)
/app/ipython/IPython/core/inputtransformer2.py:714: UserWarning: `make_tokens_by_line` received a list of lines which do not have lineending markers ('\n', '\r', '\r\n', '\x0b', '\x0c'), behavior will be unspecified
  tokens_by_line = make_tokens_by_line(lines)
#23611	NEW    cov: 2645 ft: 3894 corp: 160/1464b lim: 33 exec/s: 4722 rss: 80Mb L: 33/33 MS: 3 CopyPart-ChangeBit-InsertByte-
/app/ipython/IPython/core/inputtransformer2.py:608: UserWarning: `make_tokens_by_line` received a list of lines which do not have lineending markers ('\n', '\r', '\r\n', '\x0b', '\x0c'), behavior will be unspecified
  tokens_by_line = make_tokens_by_line(lines)
/app/ipython/IPython/core/inputtransformer2.py:608: UserWarning: `make_tokens_by_line` received a list of lines which do not have lineending markers ('\n', '\r', '\r\n', '\x0b', '\x0c'), behavior will be unspecified
  tokens_by_line = make_tokens_by_line(lines)
/app/ipython/IPython/core/inputtransformer2.py:714: UserWarning: `make_tokens_by_line` received a list of lines which do not have lineending markers ('\n', '\r', '\r\n', '\x0b', '\x0c'), behavior will be unspecified
  tokens_by_line = make_tokens_by_line(lines)
/app/ipython/IPython/core/inputtransformer2.py:608: UserWarning: `make_tokens_by_line` received a list of lines which do not have lineending markers ('\n', '\r', '\r\n', '\x0b', '\x0c'), behavior will be unspecified
  tokens_by_line = make_tokens_by_line(lines)
/app/ipython/IPython/core/inputtransformer2.py:608: UserWarning: `make_tokens_by_line` received a list of lines which do not have lineending markers ('\n', '\r', '\r\n', '\x0b', '\x0c'), behavior will be unspecified
  tokens_by_line = make_tokens_by_line(lines)
/app/ipython/IPython/core/inputtransformer2.py:714: UserWarning: `make_tokens_by_line` received a list of lines which do not have lineending markers ('\n', '\r', '\r\n', '\x0b', '\x0c'), behavior will be unspecified
  tokens_by_line = make_tokens_by_line(lines)
/app/ipython/IPython/core/inputtransformer2.py:608: UserWarning: `make_tokens_by_line` received a list of lines which do not have lineending markers ('\n', '\r', '\r\n', '\x0b', '\x0c'), behavior will be unspecified
  tokens_by_line = make_tokens_by_line(lines)
/app/ipython/IPython/core/inputtransformer2.py:714: UserWarning: `make_tokens_by_line` received a list of lines which do not have lineending markers ('\n', '\r', '\r\n', '\x0b', '\x0c'), behavior will be unspecified
  tokens_by_line = make_tokens_by_line(lines)
/app/ipython/IPython/core/inputtransformer2.py:608: UserWarning: `make_tokens_by_line` received a list of lines which do not have lineending markers ('\n', '\r', '\r\n', '\x0b', '\x0c'), behavior will be unspecified
  tokens_by_line = make_tokens_by_line(lines)
/app/ipython/IPython/core/inputtransformer2.py:608: UserWarning: `make_tokens_by_line` received a list of lines which do not have lineending markers ('\n', '\r', '\r\n', '\x0b', '\x0c'), behavior will be unspecified
  tokens_by_line = make_tokens_by_line(lines)
/app/ipython/IPython/core/inputtransformer2.py:714: UserWarning: `make_tokens_by_line` received a list of lines which do not have lineending markers ('\n', '\r', '\r\n', '\x0b', '\x0c'), behavior will be unspecified
  tokens_by_line = make_tokens_by_line(lines)
/app/ipython/IPython/core/inputtransformer2.py:608: UserWarning: `make_tokens_by_line` received a list of lines which do not have lineending markers ('\n', '\r', '\r\n', '\x0b', '\x0c'), behavior will be unspecified
  tokens_by_line = make_tokens_by_line(lines)
/app/ipython/IPython/core/inputtransformer2.py:714: UserWarning: `make_tokens_by_line` received a list of lines which do not have lineending markers ('\n', '\r', '\r\n', '\x0b', '\x0c'), behavior will be unspecified
  tokens_by_line = make_tokens_by_line(lines)
/app/ipython/IPython/core/inputtransformer2.py:608: UserWarning: `make_tokens_by_line` received a list of lines which do not have lineending markers ('\n', '\r', '\r\n', '\x0b', '\x0c'), behavior will be unspecified
  tokens_by_line = make_tokens_by_line(lines)
/app/ipython/IPython/core/inputtransformer2.py:714: UserWarning: `make_tokens_by_line` received a list of lines which do not have lineending markers ('\n', '\r', '\r\n', '\x0b', '\x0c'), behavior will be unspecified
  tokens_by_line = make_tokens_by_line(lines)
/app/ipython/IPython/core/inputtransformer2.py:608: UserWarning: `make_tokens_by_line` received a list of lines which do not have lineending markers ('\n', '\r', '\r\n', '\x0b', '\x0c'), behavior will be unspecified
  tokens_by_line = make_tokens_by_line(lines)
/app/ipython/IPython/core/inputtransformer2.py:714: UserWarning: `make_tokens_by_line` received a list of lines which do not have lineending markers ('\n', '\r', '\r\n', '\x0b', '\x0c'), behavior will be unspecified
  tokens_by_line = make_tokens_by_line(lines)
/app/ipython/IPython/core/inputtransformer2.py:608: UserWarning: `make_tokens_by_line` received a list of lines which do not have lineending markers ('\n', '\r', '\r\n', '\x0b', '\x0c'), behavior will be unspecified
  tokens_by_line = make_tokens_by_line(lines)
/app/ipython/IPython/core/inputtransformer2.py:714: UserWarning: `make_tokens_by_line` received a list of lines which do not have lineending markers ('\n', '\r', '\r\n', '\x0b', '\x0c'), behavior will be unspecified
  tokens_by_line = make_tokens_by_line(lines)
/app/ipython/IPython/core/inputtransformer2.py:608: UserWarning: `make_tokens_by_line` received a list of lines which do not have lineending markers ('\n', '\r', '\r\n', '\x0b', '\x0c'), behavior will be unspecified
  tokens_by_line = make_tokens_by_line(lines)
/app/ipython/IPython/core/inputtransformer2.py:714: UserWarning: `make_tokens_by_line` received a list of lines which do not have lineending markers ('\n', '\r', '\r\n', '\x0b', '\x0c'), behavior will be unspecified
  tokens_by_line = make_tokens_by_line(lines)
/app/ipython/IPython/core/inputtransformer2.py:608: UserWarning: `make_tokens_by_line` received a list of lines which do not have lineending markers ('\n', '\r', '\r\n', '\x0b', '\x0c'), behavior will be unspecified
  tokens_by_line = make_tokens_by_line(lines)
#23967	NEW    cov: 2645 ft: 3895 corp: 161/1496b lim: 33 exec/s: 4793 rss: 80Mb L: 32/33 MS: 1 InsertRepeatedBytes-
/app/ipython/IPython/core/inputtransformer2.py:608: UserWarning: `make_tokens_by_line` received a list of lines which do not have lineending markers ('\n', '\r', '\r\n', '\x0b', '\x0c'), behavior will be unspecified
  tokens_by_line = make_tokens_by_line(lines)
/app/ipython/IPython/core/inputtransformer2.py:714: UserWarning: `make_tokens_by_line` received a list of lines which do not have lineending markers ('\n', '\r', '\r\n', '\x0b', '\x0c'), behavior will be unspecified
  tokens_by_line = make_tokens_by_line(lines)
/app/ipython/IPython/core/inputtransformer2.py:608: UserWarning: `make_tokens_by_line` received a list of lines which do not have lineending markers ('\n', '\r', '\r\n', '\x0b', '\x0c'), behavior will be unspecified
  tokens_by_line = make_tokens_by_line(lines)
/app/ipython/IPython/core/inputtransformer2.py:714: UserWarning: `make_tokens_by_line` received a list of lines which do not have lineending markers ('\n', '\r', '\r\n', '\x0b', '\x0c'), behavior will be unspecified
  tokens_by_line = make_tokens_by_line(lines)
/app/ipython/IPython/core/inputtransformer2.py:608: UserWarning: `make_tokens_by_line` received a list of lines which do not have lineending markers ('\n', '\r', '\r\n', '\x0b', '\x0c'), behavior will be unspecified
  tokens_by_line = make_tokens_by_line(lines)
/app/ipython/IPython/core/inputtransformer2.py:714: UserWarning: `make_tokens_by_line` received a list of lines which do not have lineending markers ('\n', '\r', '\r\n', '\x0b', '\x0c'), behavior will be unspecified
  tokens_by_line = make_tokens_by_line(lines)
/app/ipython/IPython/core/inputtransformer2.py:608: UserWarning: `make_tokens_by_line` received a list of lines which do not have lineending markers ('\n', '\r', '\r\n', '\x0b', '\x0c'), behavior will be unspecified
  tokens_by_line = make_tokens_by_line(lines)
/app/ipython/IPython/core/inputtransformer2.py:714: UserWarning: `make_tokens_by_line` received a list of lines which do not have lineending markers ('\n', '\r', '\r\n', '\x0b', '\x0c'), behavior will be unspecified
  tokens_by_line = make_tokens_by_line(lines)
/app/ipython/IPython/core/inputtransformer2.py:608: UserWarning: `make_tokens_by_line` received a list of lines which do not have lineending markers ('\n', '\r', '\r\n', '\x0b', '\x0c'), behavior will be unspecified
  tokens_by_line = make_tokens_by_line(lines)
/app/ipython/IPython/core/inputtransformer2.py:714: UserWarning: `make_tokens_by_line` received a list of lines which do not have lineending markers ('\n', '\r', '\r\n', '\x0b', '\x0c'), behavior will be unspecified
  tokens_by_line = make_tokens_by_line(lines)
/app/ipython/IPython/core/inputtransformer2.py:608: UserWarning: `make_tokens_by_line` received a list of lines which do not have lineending markers ('\n', '\r', '\r\n', '\x0b', '\x0c'), behavior will be unspecified
  tokens_by_line = make_tokens_by_line(lines)
/app/ipython/IPython/core/inputtransformer2.py:714: UserWarning: `make_tokens_by_line` received a list of lines which do not have lineending markers ('\n', '\r', '\r\n', '\x0b', '\x0c'), behavior will be unspecified
  tokens_by_line = make_tokens_by_line(lines)
/app/ipython/IPython/core/inputtransformer2.py:608: UserWarning: `make_tokens_by_line` received a list of lines which do not have lineending markers ('\n', '\r', '\r\n', '\x0b', '\x0c'), behavior will be unspecified
  tokens_by_line = make_tokens_by_line(lines)
/app/ipython/IPython/core/inputtransformer2.py:714: UserWarning: `make_tokens_by_line` received a list of lines which do not have lineending markers ('\n', '\r', '\r\n', '\x0b', '\x0c'), behavior will be unspecified
  tokens_by_line = make_tokens_by_line(lines)
/app/ipython/IPython/core/inputtransformer2.py:608: UserWarning: `make_tokens_by_line` received a list of lines which do not have lineending markers ('\n', '\r', '\r\n', '\x0b', '\x0c'), behavior will be unspecified
  tokens_by_line = make_tokens_by_line(lines)
/app/ipython/IPython/core/inputtransformer2.py:714: UserWarning: `make_tokens_by_line` received a list of lines which do not have lineending markers ('\n', '\r', '\r\n', '\x0b', '\x0c'), behavior will be unspecified
  tokens_by_line = make_tokens_by_line(lines)
#24179	REDUCE cov: 2645 ft: 3896 corp: 162/1523b lim: 33 exec/s: 4835 rss: 80Mb L: 27/33 MS: 2 InsertByte-CopyPart-
/app/ipython/IPython/core/inputtransformer2.py:608: UserWarning: `make_tokens_by_line` received a list of lines which do not have lineending markers ('\n', '\r', '\r\n', '\x0b', '\x0c'), behavior will be unspecified
  tokens_by_line = make_tokens_by_line(lines)
/app/ipython/IPython/core/inputtransformer2.py:714: UserWarning: `make_tokens_by_line` received a list of lines which do not have lineending markers ('\n', '\r', '\r\n', '\x0b', '\x0c'), behavior will be unspecified
  tokens_by_line = make_tokens_by_line(lines)
/app/ipython/IPython/core/inputtransformer2.py:608: UserWarning: `make_tokens_by_line` received a list of lines which do not have lineending markers ('\n', '\r', '\r\n', '\x0b', '\x0c'), behavior will be unspecified
  tokens_by_line = make_tokens_by_line(lines)
/app/ipython/IPython/core/inputtransformer2.py:714: UserWarning: `make_tokens_by_line` received a list of lines which do not have lineending markers ('\n', '\r', '\r\n', '\x0b', '\x0c'), behavior will be unspecified
  tokens_by_line = make_tokens_by_line(lines)
/app/ipython/IPython/core/inputtransformer2.py:608: UserWarning: `make_tokens_by_line` received a list of lines which do not have lineending markers ('\n', '\r', '\r\n', '\x0b', '\x0c'), behavior will be unspecified
  tokens_by_line = make_tokens_by_line(lines)
/app/ipython/IPython/core/inputtransformer2.py:714: UserWarning: `make_tokens_by_line` received a list of lines which do not have lineending markers ('\n', '\r', '\r\n', '\x0b', '\x0c'), behavior will be unspecified
  tokens_by_line = make_tokens_by_line(lines)
/app/ipython/IPython/core/inputtransformer2.py:608: UserWarning: `make_tokens_by_line` received a list of lines which do not have lineending markers ('\n', '\r', '\r\n', '\x0b', '\x0c'), behavior will be unspecified
  tokens_by_line = make_tokens_by_line(lines)
/app/ipython/IPython/core/inputtransformer2.py:714: UserWarning: `make_tokens_by_line` received a list of lines which do not have lineending markers ('\n', '\r', '\r\n', '\x0b', '\x0c'), behavior will be unspecified
  tokens_by_line = make_tokens_by_line(lines)
/app/ipython/IPython/core/inputtransformer2.py:608: UserWarning: `make_tokens_by_line` received a list of lines which do not have lineending markers ('\n', '\r', '\r\n', '\x0b', '\x0c'), behavior will be unspecified
  tokens_by_line = make_tokens_by_line(lines)
/app/ipython/IPython/core/inputtransformer2.py:714: UserWarning: `make_tokens_by_line` received a list of lines which do not have lineending markers ('\n', '\r', '\r\n', '\x0b', '\x0c'), behavior will be unspecified
  tokens_by_line = make_tokens_by_line(lines)
#24260	REDUCE cov: 2645 ft: 3896 corp: 162/1522b lim: 33 exec/s: 4852 rss: 80Mb L: 15/33 MS: 1 EraseBytes-
/app/ipython/IPython/core/inputtransformer2.py:608: UserWarning: `make_tokens_by_line` received a list of lines which do not have lineending markers ('\n', '\r', '\r\n', '\x0b', '\x0c'), behavior will be unspecified
  tokens_by_line = make_tokens_by_line(lines)
/app/ipython/IPython/core/inputtransformer2.py:714: UserWarning: `make_tokens_by_line` received a list of lines which do not have lineending markers ('\n', '\r', '\r\n', '\x0b', '\x0c'), behavior will be unspecified
  tokens_by_line = make_tokens_by_line(lines)
#24331	NEW    cov: 2645 ft: 3897 corp: 163/1554b lim: 33 exec/s: 4866 rss: 80Mb L: 32/33 MS: 1 InsertRepeatedBytes-
/app/ipython/IPython/core/inputtransformer2.py:608: UserWarning: `make_tokens_by_line` received a list of lines which do not have lineending markers ('\n', '\r', '\r\n', '\x0b', '\x0c'), behavior will be unspecified
  tokens_by_line = make_tokens_by_line(lines)
#24377	REDUCE cov: 2645 ft: 3897 corp: 163/1551b lim: 33 exec/s: 4875 rss: 80Mb L: 10/33 MS: 1 EraseBytes-
/app/ipython/IPython/core/inputtransformer2.py:608: UserWarning: `make_tokens_by_line` received a list of lines which do not have lineending markers ('\n', '\r', '\r\n', '\x0b', '\x0c'), behavior will be unspecified
  tokens_by_line = make_tokens_by_line(lines)
/app/ipython/IPython/core/inputtransformer2.py:714: UserWarning: `make_tokens_by_line` received a list of lines which do not have lineending markers ('\n', '\r', '\r\n', '\x0b', '\x0c'), behavior will be unspecified
  tokens_by_line = make_tokens_by_line(lines)
/app/ipython/IPython/core/inputtransformer2.py:608: UserWarning: `make_tokens_by_line` received a list of lines which do not have lineending markers ('\n', '\r', '\r\n', '\x0b', '\x0c'), behavior will be unspecified
  tokens_by_line = make_tokens_by_line(lines)
/app/ipython/IPython/core/inputtransformer2.py:714: UserWarning: `make_tokens_by_line` received a list of lines which do not have lineending markers ('\n', '\r', '\r\n', '\x0b', '\x0c'), behavior will be unspecified
  tokens_by_line = make_tokens_by_line(lines)
/app/ipython/IPython/core/inputtransformer2.py:608: UserWarning: `make_tokens_by_line` received a list of lines which do not have lineending markers ('\n', '\r', '\r\n', '\x0b', '\x0c'), behavior will be unspecified
  tokens_by_line = make_tokens_by_line(lines)
/app/ipython/IPython/core/inputtransformer2.py:608: UserWarning: `make_tokens_by_line` received a list of lines which do not have lineending markers ('\n', '\r', '\r\n', '\x0b', '\x0c'), behavior will be unspecified
  tokens_by_line = make_tokens_by_line(lines)
/app/ipython/IPython/core/inputtransformer2.py:608: UserWarning: `make_tokens_by_line` received a list of lines which do not have lineending markers ('\n', '\r', '\r\n', '\x0b', '\x0c'), behavior will be unspecified
  tokens_by_line = make_tokens_by_line(lines)
/app/ipython/IPython/core/inputtransformer2.py:608: UserWarning: `make_tokens_by_line` received a list of lines which do not have lineending markers ('\n', '\r', '\r\n', '\x0b', '\x0c'), behavior will be unspecified
  tokens_by_line = make_tokens_by_line(lines)
/app/ipython/IPython/core/inputtransformer2.py:608: UserWarning: `make_tokens_by_line` received a list of lines which do not have lineending markers ('\n', '\r', '\r\n', '\x0b', '\x0c'), behavior will be unspecified
  tokens_by_line = make_tokens_by_line(lines)
/app/ipython/IPython/core/inputtransformer2.py:608: UserWarning: `make_tokens_by_line` received a list of lines which do not have lineending markers ('\n', '\r', '\r\n', '\x0b', '\x0c'), behavior will be unspecified
  tokens_by_line = make_tokens_by_line(lines)
/app/ipython/IPython/core/inputtransformer2.py:608: UserWarning: `make_tokens_by_line` received a list of lines which do not have lineending markers ('\n', '\r', '\r\n', '\x0b', '\x0c'), behavior will be unspecified
  tokens_by_line = make_tokens_by_line(lines)
/app/ipython/IPython/core/inputtransformer2.py:714: UserWarning: `make_tokens_by_line` received a list of lines which do not have lineending markers ('\n', '\r', '\r\n', '\x0b', '\x0c'), behavior will be unspecified
  tokens_by_line = make_tokens_by_line(lines)
/app/ipython/IPython/core/inputtransformer2.py:608: UserWarning: `make_tokens_by_line` received a list of lines which do not have lineending markers ('\n', '\r', '\r\n', '\x0b', '\x0c'), behavior will be unspecified
  tokens_by_line = make_tokens_by_line(lines)
/app/ipython/IPython/core/inputtransformer2.py:608: UserWarning: `make_tokens_by_line` received a list of lines which do not have lineending markers ('\n', '\r', '\r\n', '\x0b', '\x0c'), behavior will be unspecified
  tokens_by_line = make_tokens_by_line(lines)
/app/ipython/IPython/core/inputtransformer2.py:608: UserWarning: `make_tokens_by_line` received a list of lines which do not have lineending markers ('\n', '\r', '\r\n', '\x0b', '\x0c'), behavior will be unspecified
  tokens_by_line = make_tokens_by_line(lines)
/app/ipython/IPython/core/inputtransformer2.py:714: UserWarning: `make_tokens_by_line` received a list of lines which do not have lineending markers ('\n', '\r', '\r\n', '\x0b', '\x0c'), behavior will be unspecified
  tokens_by_line = make_tokens_by_line(lines)
/app/ipython/IPython/core/inputtransformer2.py:608: UserWarning: `make_tokens_by_line` received a list of lines which do not have lineending markers ('\n', '\r', '\r\n', '\x0b', '\x0c'), behavior will be unspecified
  tokens_by_line = make_tokens_by_line(lines)
/app/ipython/IPython/core/inputtransformer2.py:714: UserWarning: `make_tokens_by_line` received a list of lines which do not have lineending markers ('\n', '\r', '\r\n', '\x0b', '\x0c'), behavior will be unspecified
  tokens_by_line = make_tokens_by_line(lines)
/app/ipython/IPython/core/inputtransformer2.py:608: UserWarning: `make_tokens_by_line` received a list of lines which do not have lineending markers ('\n', '\r', '\r\n', '\x0b', '\x0c'), behavior will be unspecified
  tokens_by_line = make_tokens_by_line(lines)
/app/ipython/IPython/core/inputtransformer2.py:714: UserWarning: `make_tokens_by_line` received a list of lines which do not have lineending markers ('\n', '\r', '\r\n', '\x0b', '\x0c'), behavior will be unspecified
  tokens_by_line = make_tokens_by_line(lines)
/app/ipython/IPython/core/inputtransformer2.py:608: UserWarning: `make_tokens_by_line` received a list of lines which do not have lineending markers ('\n', '\r', '\r\n', '\x0b', '\x0c'), behavior will be unspecified
  tokens_by_line = make_tokens_by_line(lines)
/app/ipython/IPython/core/inputtransformer2.py:608: UserWarning: `make_tokens_by_line` received a list of lines which do not have lineending markers ('\n', '\r', '\r\n', '\x0b', '\x0c'), behavior will be unspecified
  tokens_by_line = make_tokens_by_line(lines)
/app/ipython/IPython/core/inputtransformer2.py:714: UserWarning: `make_tokens_by_line` received a list of lines which do not have lineending markers ('\n', '\r', '\r\n', '\x0b', '\x0c'), behavior will be unspecified
  tokens_by_line = make_tokens_by_line(lines)
/app/ipython/IPython/core/inputtransformer2.py:608: UserWarning: `make_tokens_by_line` received a list of lines which do not have lineending markers ('\n', '\r', '\r\n', '\x0b', '\x0c'), behavior will be unspecified
  tokens_by_line = make_tokens_by_line(lines)
/app/ipython/IPython/core/inputtransformer2.py:608: UserWarning: `make_tokens_by_line` received a list of lines which do not have lineending markers ('\n', '\r', '\r\n', '\x0b', '\x0c'), behavior will be unspecified
  tokens_by_line = make_tokens_by_line(lines)
#24905	REDUCE cov: 2645 ft: 3897 corp: 163/1550b lim: 38 exec/s: 4981 rss: 80Mb L: 14/33 MS: 3 ShuffleBytes-ChangeByte-EraseBytes-
#24936	REDUCE cov: 2645 ft: 3897 corp: 163/1549b lim: 38 exec/s: 4987 rss: 80Mb L: 7/33 MS: 1 EraseBytes-
#24944	NEW    cov: 2645 ft: 3921 corp: 164/1584b lim: 38 exec/s: 4988 rss: 80Mb L: 35/35 MS: 3 CopyPart-ShuffleBytes-InsertRepeatedBytes-
/app/ipython/IPython/core/inputtransformer2.py:608: UserWarning: `make_tokens_by_line` received a list of lines which do not have lineending markers ('\n', '\r', '\r\n', '\x0b', '\x0c'), behavior will be unspecified
  tokens_by_line = make_tokens_by_line(lines)
#25022	NEW    cov: 2645 ft: 3922 corp: 165/1620b lim: 38 exec/s: 5004 rss: 80Mb L: 36/36 MS: 3 ShuffleBytes-ChangeBinInt-CrossOver-
/app/ipython/IPython/core/inputtransformer2.py:608: UserWarning: `make_tokens_by_line` received a list of lines which do not have lineending markers ('\n', '\r', '\r\n', '\x0b', '\x0c'), behavior will be unspecified
  tokens_by_line = make_tokens_by_line(lines)
/app/ipython/IPython/core/inputtransformer2.py:714: UserWarning: `make_tokens_by_line` received a list of lines which do not have lineending markers ('\n', '\r', '\r\n', '\x0b', '\x0c'), behavior will be unspecified
  tokens_by_line = make_tokens_by_line(lines)
/app/ipython/IPython/core/inputtransformer2.py:608: UserWarning: `make_tokens_by_line` received a list of lines which do not have lineending markers ('\n', '\r', '\r\n', '\x0b', '\x0c'), behavior will be unspecified
  tokens_by_line = make_tokens_by_line(lines)
/app/ipython/IPython/core/inputtransformer2.py:608: UserWarning: `make_tokens_by_line` received a list of lines which do not have lineending markers ('\n', '\r', '\r\n', '\x0b', '\x0c'), behavior will be unspecified
  tokens_by_line = make_tokens_by_line(lines)
#25230	REDUCE cov: 2645 ft: 3922 corp: 165/1618b lim: 38 exec/s: 4205 rss: 80Mb L: 15/36 MS: 3 ChangeByte-ShuffleBytes-EraseBytes-
/app/ipython/IPython/core/inputtransformer2.py:608: UserWarning: `make_tokens_by_line` received a list of lines which do not have lineending markers ('\n', '\r', '\r\n', '\x0b', '\x0c'), behavior will be unspecified
  tokens_by_line = make_tokens_by_line(lines)
/app/ipython/IPython/core/inputtransformer2.py:714: UserWarning: `make_tokens_by_line` received a list of lines which do not have lineending markers ('\n', '\r', '\r\n', '\x0b', '\x0c'), behavior will be unspecified
  tokens_by_line = make_tokens_by_line(lines)
/app/ipython/IPython/core/inputtransformer2.py:608: UserWarning: `make_tokens_by_line` received a list of lines which do not have lineending markers ('\n', '\r', '\r\n', '\x0b', '\x0c'), behavior will be unspecified
  tokens_by_line = make_tokens_by_line(lines)
/app/ipython/IPython/core/inputtransformer2.py:714: UserWarning: `make_tokens_by_line` received a list of lines which do not have lineending markers ('\n', '\r', '\r\n', '\x0b', '\x0c'), behavior will be unspecified
  tokens_by_line = make_tokens_by_line(lines)
/app/ipython/IPython/core/inputtransformer2.py:608: UserWarning: `make_tokens_by_line` received a list of lines which do not have lineending markers ('\n', '\r', '\r\n', '\x0b', '\x0c'), behavior will be unspecified
  tokens_by_line = make_tokens_by_line(lines)
/app/ipython/IPython/core/inputtransformer2.py:608: UserWarning: `make_tokens_by_line` received a list of lines which do not have lineending markers ('\n', '\r', '\r\n', '\x0b', '\x0c'), behavior will be unspecified
  tokens_by_line = make_tokens_by_line(lines)
/app/ipython/IPython/core/inputtransformer2.py:714: UserWarning: `make_tokens_by_line` received a list of lines which do not have lineending markers ('\n', '\r', '\r\n', '\x0b', '\x0c'), behavior will be unspecified
  tokens_by_line = make_tokens_by_line(lines)
/app/ipython/IPython/core/inputtransformer2.py:608: UserWarning: `make_tokens_by_line` received a list of lines which do not have lineending markers ('\n', '\r', '\r\n', '\x0b', '\x0c'), behavior will be unspecified
  tokens_by_line = make_tokens_by_line(lines)
/app/ipython/IPython/core/inputtransformer2.py:714: UserWarning: `make_tokens_by_line` received a list of lines which do not have lineending markers ('\n', '\r', '\r\n', '\x0b', '\x0c'), behavior will be unspecified
  tokens_by_line = make_tokens_by_line(lines)
#25269	REDUCE cov: 2645 ft: 3924 corp: 166/1643b lim: 38 exec/s: 4211 rss: 80Mb L: 25/36 MS: 4 InsertByte-CopyPart-ChangeASCIIInt-CopyPart-
/app/ipython/IPython/core/inputtransformer2.py:608: UserWarning: `make_tokens_by_line` received a list of lines which do not have lineending markers ('\n', '\r', '\r\n', '\x0b', '\x0c'), behavior will be unspecified
  tokens_by_line = make_tokens_by_line(lines)
/app/ipython/IPython/core/inputtransformer2.py:714: UserWarning: `make_tokens_by_line` received a list of lines which do not have lineending markers ('\n', '\r', '\r\n', '\x0b', '\x0c'), behavior will be unspecified
  tokens_by_line = make_tokens_by_line(lines)
/app/ipython/IPython/core/inputtransformer2.py:608: UserWarning: `make_tokens_by_line` received a list of lines which do not have lineending markers ('\n', '\r', '\r\n', '\x0b', '\x0c'), behavior will be unspecified
  tokens_by_line = make_tokens_by_line(lines)
/app/ipython/IPython/core/inputtransformer2.py:714: UserWarning: `make_tokens_by_line` received a list of lines which do not have lineending markers ('\n', '\r', '\r\n', '\x0b', '\x0c'), behavior will be unspecified
  tokens_by_line = make_tokens_by_line(lines)
/app/ipython/IPython/core/inputtransformer2.py:608: UserWarning: `make_tokens_by_line` received a list of lines which do not have lineending markers ('\n', '\r', '\r\n', '\x0b', '\x0c'), behavior will be unspecified
  tokens_by_line = make_tokens_by_line(lines)
/app/ipython/IPython/core/inputtransformer2.py:608: UserWarning: `make_tokens_by_line` received a list of lines which do not have lineending markers ('\n', '\r', '\r\n', '\x0b', '\x0c'), behavior will be unspecified
  tokens_by_line = make_tokens_by_line(lines)
/app/ipython/IPython/core/inputtransformer2.py:714: UserWarning: `make_tokens_by_line` received a list of lines which do not have lineending markers ('\n', '\r', '\r\n', '\x0b', '\x0c'), behavior will be unspecified
  tokens_by_line = make_tokens_by_line(lines)
/app/ipython/IPython/core/inputtransformer2.py:608: UserWarning: `make_tokens_by_line` received a list of lines which do not have lineending markers ('\n', '\r', '\r\n', '\x0b', '\x0c'), behavior will be unspecified
  tokens_by_line = make_tokens_by_line(lines)
/app/ipython/IPython/core/inputtransformer2.py:714: UserWarning: `make_tokens_by_line` received a list of lines which do not have lineending markers ('\n', '\r', '\r\n', '\x0b', '\x0c'), behavior will be unspecified
  tokens_by_line = make_tokens_by_line(lines)
/app/ipython/IPython/core/inputtransformer2.py:608: UserWarning: `make_tokens_by_line` received a list of lines which do not have lineending markers ('\n', '\r', '\r\n', '\x0b', '\x0c'), behavior will be unspecified
  tokens_by_line = make_tokens_by_line(lines)
/app/ipython/IPython/core/inputtransformer2.py:714: UserWarning: `make_tokens_by_line` received a list of lines which do not have lineending markers ('\n', '\r', '\r\n', '\x0b', '\x0c'), behavior will be unspecified
  tokens_by_line = make_tokens_by_line(lines)
/app/ipython/IPython/core/inputtransformer2.py:608: UserWarning: `make_tokens_by_line` received a list of lines which do not have lineending markers ('\n', '\r', '\r\n', '\x0b', '\x0c'), behavior will be unspecified
  tokens_by_line = make_tokens_by_line(lines)
/app/ipython/IPython/core/inputtransformer2.py:714: UserWarning: `make_tokens_by_line` received a list of lines which do not have lineending markers ('\n', '\r', '\r\n', '\x0b', '\x0c'), behavior will be unspecified
  tokens_by_line = make_tokens_by_line(lines)
/app/ipython/IPython/core/inputtransformer2.py:608: UserWarning: `make_tokens_by_line` received a list of lines which do not have lineending markers ('\n', '\r', '\r\n', '\x0b', '\x0c'), behavior will be unspecified
  tokens_by_line = make_tokens_by_line(lines)
/app/ipython/IPython/core/inputtransformer2.py:714: UserWarning: `make_tokens_by_line` received a list of lines which do not have lineending markers ('\n', '\r', '\r\n', '\x0b', '\x0c'), behavior will be unspecified
  tokens_by_line = make_tokens_by_line(lines)
/app/ipython/IPython/core/inputtransformer2.py:608: UserWarning: `make_tokens_by_line` received a list of lines which do not have lineending markers ('\n', '\r', '\r\n', '\x0b', '\x0c'), behavior will be unspecified
  tokens_by_line = make_tokens_by_line(lines)
/app/ipython/IPython/core/inputtransformer2.py:608: UserWarning: `make_tokens_by_line` received a list of lines which do not have lineending markers ('\n', '\r', '\r\n', '\x0b', '\x0c'), behavior will be unspecified
  tokens_by_line = make_tokens_by_line(lines)
/app/ipython/IPython/core/inputtransformer2.py:714: UserWarning: `make_tokens_by_line` received a list of lines which do not have lineending markers ('\n', '\r', '\r\n', '\x0b', '\x0c'), behavior will be unspecified
  tokens_by_line = make_tokens_by_line(lines)
#25775	REDUCE cov: 2645 ft: 3925 corp: 167/1683b lim: 43 exec/s: 4295 rss: 80Mb L: 40/40 MS: 1 InsertRepeatedBytes-
#25789	REDUCE cov: 2645 ft: 3925 corp: 167/1681b lim: 43 exec/s: 4298 rss: 80Mb L: 9/40 MS: 4 ShuffleBytes-CopyPart-PersAutoDict-EraseBytes- DE: "\377\377"-
#25805	REDUCE cov: 2645 ft: 3925 corp: 167/1679b lim: 43 exec/s: 4300 rss: 80Mb L: 7/40 MS: 1 EraseBytes-
#25901	REDUCE cov: 2645 ft: 3925 corp: 167/1678b lim: 43 exec/s: 4316 rss: 80Mb L: 6/40 MS: 1 EraseBytes-
/app/ipython/IPython/core/inputtransformer2.py:608: UserWarning: `make_tokens_by_line` received a list of lines which do not have lineending markers ('\n', '\r', '\r\n', '\x0b', '\x0c'), behavior will be unspecified
  tokens_by_line = make_tokens_by_line(lines)
/app/ipython/IPython/core/inputtransformer2.py:714: UserWarning: `make_tokens_by_line` received a list of lines which do not have lineending markers ('\n', '\r', '\r\n', '\x0b', '\x0c'), behavior will be unspecified
  tokens_by_line = make_tokens_by_line(lines)
/app/ipython/IPython/core/inputtransformer2.py:608: UserWarning: `make_tokens_by_line` received a list of lines which do not have lineending markers ('\n', '\r', '\r\n', '\x0b', '\x0c'), behavior will be unspecified
  tokens_by_line = make_tokens_by_line(lines)
/app/ipython/IPython/core/inputtransformer2.py:714: UserWarning: `make_tokens_by_line` received a list of lines which do not have lineending markers ('\n', '\r', '\r\n', '\x0b', '\x0c'), behavior will be unspecified
  tokens_by_line = make_tokens_by_line(lines)
/app/ipython/IPython/core/inputtransformer2.py:608: UserWarning: `make_tokens_by_line` received a list of lines which do not have lineending markers ('\n', '\r', '\r\n', '\x0b', '\x0c'), behavior will be unspecified
  tokens_by_line = make_tokens_by_line(lines)
/app/ipython/IPython/core/inputtransformer2.py:714: UserWarning: `make_tokens_by_line` received a list of lines which do not have lineending markers ('\n', '\r', '\r\n', '\x0b', '\x0c'), behavior will be unspecified
  tokens_by_line = make_tokens_by_line(lines)
/app/ipython/IPython/core/inputtransformer2.py:608: UserWarning: `make_tokens_by_line` received a list of lines which do not have lineending markers ('\n', '\r', '\r\n', '\x0b', '\x0c'), behavior will be unspecified
  tokens_by_line = make_tokens_by_line(lines)
/app/ipython/IPython/core/inputtransformer2.py:714: UserWarning: `make_tokens_by_line` received a list of lines which do not have lineending markers ('\n', '\r', '\r\n', '\x0b', '\x0c'), behavior will be unspecified
  tokens_by_line = make_tokens_by_line(lines)
/app/ipython/IPython/core/inputtransformer2.py:608: UserWarning: `make_tokens_by_line` received a list of lines which do not have lineending markers ('\n', '\r', '\r\n', '\x0b', '\x0c'), behavior will be unspecified
  tokens_by_line = make_tokens_by_line(lines)
/app/ipython/IPython/core/inputtransformer2.py:714: UserWarning: `make_tokens_by_line` received a list of lines which do not have lineending markers ('\n', '\r', '\r\n', '\x0b', '\x0c'), behavior will be unspecified
  tokens_by_line = make_tokens_by_line(lines)
/app/ipython/IPython/core/inputtransformer2.py:608: UserWarning: `make_tokens_by_line` received a list of lines which do not have lineending markers ('\n', '\r', '\r\n', '\x0b', '\x0c'), behavior will be unspecified
  tokens_by_line = make_tokens_by_line(lines)
/app/ipython/IPython/core/inputtransformer2.py:714: UserWarning: `make_tokens_by_line` received a list of lines which do not have lineending markers ('\n', '\r', '\r\n', '\x0b', '\x0c'), behavior will be unspecified
  tokens_by_line = make_tokens_by_line(lines)
/app/ipython/IPython/core/inputtransformer2.py:608: UserWarning: `make_tokens_by_line` received a list of lines which do not have lineending markers ('\n', '\r', '\r\n', '\x0b', '\x0c'), behavior will be unspecified
  tokens_by_line = make_tokens_by_line(lines)
/app/ipython/IPython/core/inputtransformer2.py:714: UserWarning: `make_tokens_by_line` received a list of lines which do not have lineending markers ('\n', '\r', '\r\n', '\x0b', '\x0c'), behavior will be unspecified
  tokens_by_line = make_tokens_by_line(lines)
/app/ipython/IPython/core/inputtransformer2.py:608: UserWarning: `make_tokens_by_line` received a list of lines which do not have lineending markers ('\n', '\r', '\r\n', '\x0b', '\x0c'), behavior will be unspecified
  tokens_by_line = make_tokens_by_line(lines)
/app/ipython/IPython/core/inputtransformer2.py:714: UserWarning: `make_tokens_by_line` received a list of lines which do not have lineending markers ('\n', '\r', '\r\n', '\x0b', '\x0c'), behavior will be unspecified
  tokens_by_line = make_tokens_by_line(lines)
#26073	REDUCE cov: 2645 ft: 3925 corp: 167/1674b lim: 43 exec/s: 4345 rss: 80Mb L: 16/40 MS: 2 ChangeBinInt-EraseBytes-
/app/ipython/IPython/core/inputtransformer2.py:608: UserWarning: `make_tokens_by_line` received a list of lines which do not have lineending markers ('\n', '\r', '\r\n', '\x0b', '\x0c'), behavior will be unspecified
  tokens_by_line = make_tokens_by_line(lines)
/app/ipython/IPython/core/inputtransformer2.py:714: UserWarning: `make_tokens_by_line` received a list of lines which do not have lineending markers ('\n', '\r', '\r\n', '\x0b', '\x0c'), behavior will be unspecified
  tokens_by_line = make_tokens_by_line(lines)
/app/ipython/IPython/core/inputtransformer2.py:608: UserWarning: `make_tokens_by_line` received a list of lines which do not have lineending markers ('\n', '\r', '\r\n', '\x0b', '\x0c'), behavior will be unspecified
  tokens_by_line = make_tokens_by_line(lines)
/app/ipython/IPython/core/inputtransformer2.py:714: UserWarning: `make_tokens_by_line` received a list of lines which do not have lineending markers ('\n', '\r', '\r\n', '\x0b', '\x0c'), behavior will be unspecified
  tokens_by_line = make_tokens_by_line(lines)
/app/ipython/IPython/core/inputtransformer2.py:608: UserWarning: `make_tokens_by_line` received a list of lines which do not have lineending markers ('\n', '\r', '\r\n', '\x0b', '\x0c'), behavior will be unspecified
  tokens_by_line = make_tokens_by_line(lines)
/app/ipython/IPython/core/inputtransformer2.py:714: UserWarning: `make_tokens_by_line` received a list of lines which do not have lineending markers ('\n', '\r', '\r\n', '\x0b', '\x0c'), behavior will be unspecified
  tokens_by_line = make_tokens_by_line(lines)
/app/ipython/IPython/core/inputtransformer2.py:608: UserWarning: `make_tokens_by_line` received a list of lines which do not have lineending markers ('\n', '\r', '\r\n', '\x0b', '\x0c'), behavior will be unspecified
  tokens_by_line = make_tokens_by_line(lines)
/app/ipython/IPython/core/inputtransformer2.py:714: UserWarning: `make_tokens_by_line` received a list of lines which do not have lineending markers ('\n', '\r', '\r\n', '\x0b', '\x0c'), behavior will be unspecified
  tokens_by_line = make_tokens_by_line(lines)
/app/ipython/IPython/core/inputtransformer2.py:608: UserWarning: `make_tokens_by_line` received a list of lines which do not have lineending markers ('\n', '\r', '\r\n', '\x0b', '\x0c'), behavior will be unspecified
  tokens_by_line = make_tokens_by_line(lines)
/app/ipython/IPython/core/inputtransformer2.py:714: UserWarning: `make_tokens_by_line` received a list of lines which do not have lineending markers ('\n', '\r', '\r\n', '\x0b', '\x0c'), behavior will be unspecified
  tokens_by_line = make_tokens_by_line(lines)
/app/ipython/IPython/core/inputtransformer2.py:608: UserWarning: `make_tokens_by_line` received a list of lines which do not have lineending markers ('\n', '\r', '\r\n', '\x0b', '\x0c'), behavior will be unspecified
  tokens_by_line = make_tokens_by_line(lines)
/app/ipython/IPython/core/inputtransformer2.py:608: UserWarning: `make_tokens_by_line` received a list of lines which do not have lineending markers ('\n', '\r', '\r\n', '\x0b', '\x0c'), behavior will be unspecified
  tokens_by_line = make_tokens_by_line(lines)
/app/ipython/IPython/core/inputtransformer2.py:608: UserWarning: `make_tokens_by_line` received a list of lines which do not have lineending markers ('\n', '\r', '\r\n', '\x0b', '\x0c'), behavior will be unspecified
  tokens_by_line = make_tokens_by_line(lines)
/app/ipython/IPython/core/inputtransformer2.py:714: UserWarning: `make_tokens_by_line` received a list of lines which do not have lineending markers ('\n', '\r', '\r\n', '\x0b', '\x0c'), behavior will be unspecified
  tokens_by_line = make_tokens_by_line(lines)
/app/ipython/IPython/core/inputtransformer2.py:608: UserWarning: `make_tokens_by_line` received a list of lines which do not have lineending markers ('\n', '\r', '\r\n', '\x0b', '\x0c'), behavior will be unspecified
  tokens_by_line = make_tokens_by_line(lines)
/app/ipython/IPython/core/inputtransformer2.py:608: UserWarning: `make_tokens_by_line` received a list of lines which do not have lineending markers ('\n', '\r', '\r\n', '\x0b', '\x0c'), behavior will be unspecified
  tokens_by_line = make_tokens_by_line(lines)
/app/ipython/IPython/core/inputtransformer2.py:608: UserWarning: `make_tokens_by_line` received a list of lines which do not have lineending markers ('\n', '\r', '\r\n', '\x0b', '\x0c'), behavior will be unspecified
  tokens_by_line = make_tokens_by_line(lines)
/app/ipython/IPython/core/inputtransformer2.py:608: UserWarning: `make_tokens_by_line` received a list of lines which do not have lineending markers ('\n', '\r', '\r\n', '\x0b', '\x0c'), behavior will be unspecified
  tokens_by_line = make_tokens_by_line(lines)
#26354	REDUCE cov: 2645 ft: 3925 corp: 167/1671b lim: 43 exec/s: 4392 rss: 80Mb L: 24/40 MS: 1 EraseBytes-
/app/ipython/IPython/core/inputtransformer2.py:608: UserWarning: `make_tokens_by_line` received a list of lines which do not have lineending markers ('\n', '\r', '\r\n', '\x0b', '\x0c'), behavior will be unspecified
  tokens_by_line = make_tokens_by_line(lines)
/app/ipython/IPython/core/inputtransformer2.py:714: UserWarning: `make_tokens_by_line` received a list of lines which do not have lineending markers ('\n', '\r', '\r\n', '\x0b', '\x0c'), behavior will be unspecified
  tokens_by_line = make_tokens_by_line(lines)
/app/ipython/IPython/core/inputtransformer2.py:608: UserWarning: `make_tokens_by_line` received a list of lines which do not have lineending markers ('\n', '\r', '\r\n', '\x0b', '\x0c'), behavior will be unspecified
  tokens_by_line = make_tokens_by_line(lines)
/app/ipython/IPython/core/inputtransformer2.py:714: UserWarning: `make_tokens_by_line` received a list of lines which do not have lineending markers ('\n', '\r', '\r\n', '\x0b', '\x0c'), behavior will be unspecified
  tokens_by_line = make_tokens_by_line(lines)
/app/ipython/IPython/core/inputtransformer2.py:608: UserWarning: `make_tokens_by_line` received a list of lines which do not have lineending markers ('\n', '\r', '\r\n', '\x0b', '\x0c'), behavior will be unspecified
  tokens_by_line = make_tokens_by_line(lines)
/app/ipython/IPython/core/inputtransformer2.py:714: UserWarning: `make_tokens_by_line` received a list of lines which do not have lineending markers ('\n', '\r', '\r\n', '\x0b', '\x0c'), behavior will be unspecified
  tokens_by_line = make_tokens_by_line(lines)
/app/ipython/IPython/core/inputtransformer2.py:608: UserWarning: `make_tokens_by_line` received a list of lines which do not have lineending markers ('\n', '\r', '\r\n', '\x0b', '\x0c'), behavior will be unspecified
  tokens_by_line = make_tokens_by_line(lines)
/app/ipython/IPython/core/inputtransformer2.py:714: UserWarning: `make_tokens_by_line` received a list of lines which do not have lineending markers ('\n', '\r', '\r\n', '\x0b', '\x0c'), behavior will be unspecified
  tokens_by_line = make_tokens_by_line(lines)
/app/ipython/IPython/core/inputtransformer2.py:608: UserWarning: `make_tokens_by_line` received a list of lines which do not have lineending markers ('\n', '\r', '\r\n', '\x0b', '\x0c'), behavior will be unspecified
  tokens_by_line = make_tokens_by_line(lines)
/app/ipython/IPython/core/inputtransformer2.py:714: UserWarning: `make_tokens_by_line` received a list of lines which do not have lineending markers ('\n', '\r', '\r\n', '\x0b', '\x0c'), behavior will be unspecified
  tokens_by_line = make_tokens_by_line(lines)
/app/ipython/IPython/core/inputtransformer2.py:608: UserWarning: `make_tokens_by_line` received a list of lines which do not have lineending markers ('\n', '\r', '\r\n', '\x0b', '\x0c'), behavior will be unspecified
  tokens_by_line = make_tokens_by_line(lines)
/app/ipython/IPython/core/inputtransformer2.py:714: UserWarning: `make_tokens_by_line` received a list of lines which do not have lineending markers ('\n', '\r', '\r\n', '\x0b', '\x0c'), behavior will be unspecified
  tokens_by_line = make_tokens_by_line(lines)
/app/ipython/IPython/core/inputtransformer2.py:608: UserWarning: `make_tokens_by_line` received a list of lines which do not have lineending markers ('\n', '\r', '\r\n', '\x0b', '\x0c'), behavior will be unspecified
  tokens_by_line = make_tokens_by_line(lines)
/app/ipython/IPython/core/inputtransformer2.py:714: UserWarning: `make_tokens_by_line` received a list of lines which do not have lineending markers ('\n', '\r', '\r\n', '\x0b', '\x0c'), behavior will be unspecified
  tokens_by_line = make_tokens_by_line(lines)
/app/ipython/IPython/core/inputtransformer2.py:608: UserWarning: `make_tokens_by_line` received a list of lines which do not have lineending markers ('\n', '\r', '\r\n', '\x0b', '\x0c'), behavior will be unspecified
  tokens_by_line = make_tokens_by_line(lines)
/app/ipython/IPython/core/inputtransformer2.py:714: UserWarning: `make_tokens_by_line` received a list of lines which do not have lineending markers ('\n', '\r', '\r\n', '\x0b', '\x0c'), behavior will be unspecified
  tokens_by_line = make_tokens_by_line(lines)
/app/ipython/IPython/core/inputtransformer2.py:608: UserWarning: `make_tokens_by_line` received a list of lines which do not have lineending markers ('\n', '\r', '\r\n', '\x0b', '\x0c'), behavior will be unspecified
  tokens_by_line = make_tokens_by_line(lines)
/app/ipython/IPython/core/inputtransformer2.py:714: UserWarning: `make_tokens_by_line` received a list of lines which do not have lineending markers ('\n', '\r', '\r\n', '\x0b', '\x0c'), behavior will be unspecified
  tokens_by_line = make_tokens_by_line(lines)
/app/ipython/IPython/core/inputtransformer2.py:608: UserWarning: `make_tokens_by_line` received a list of lines which do not have lineending markers ('\n', '\r', '\r\n', '\x0b', '\x0c'), behavior will be unspecified
  tokens_by_line = make_tokens_by_line(lines)
/app/ipython/IPython/core/inputtransformer2.py:608: UserWarning: `make_tokens_by_line` received a list of lines which do not have lineending markers ('\n', '\r', '\r\n', '\x0b', '\x0c'), behavior will be unspecified
  tokens_by_line = make_tokens_by_line(lines)
/app/ipython/IPython/core/inputtransformer2.py:714: UserWarning: `make_tokens_by_line` received a list of lines which do not have lineending markers ('\n', '\r', '\r\n', '\x0b', '\x0c'), behavior will be unspecified
  tokens_by_line = make_tokens_by_line(lines)
/app/ipython/IPython/core/inputtransformer2.py:608: UserWarning: `make_tokens_by_line` received a list of lines which do not have lineending markers ('\n', '\r', '\r\n', '\x0b', '\x0c'), behavior will be unspecified
  tokens_by_line = make_tokens_by_line(lines)
/app/ipython/IPython/core/inputtransformer2.py:714: UserWarning: `make_tokens_by_line` received a list of lines which do not have lineending markers ('\n', '\r', '\r\n', '\x0b', '\x0c'), behavior will be unspecified
  tokens_by_line = make_tokens_by_line(lines)
/app/ipython/IPython/core/inputtransformer2.py:608: UserWarning: `make_tokens_by_line` received a list of lines which do not have lineending markers ('\n', '\r', '\r\n', '\x0b', '\x0c'), behavior will be unspecified
  tokens_by_line = make_tokens_by_line(lines)
/app/ipython/IPython/core/inputtransformer2.py:608: UserWarning: `make_tokens_by_line` received a list of lines which do not have lineending markers ('\n', '\r', '\r\n', '\x0b', '\x0c'), behavior will be unspecified
  tokens_by_line = make_tokens_by_line(lines)
/app/ipython/IPython/core/inputtransformer2.py:714: UserWarning: `make_tokens_by_line` received a list of lines which do not have lineending markers ('\n', '\r', '\r\n', '\x0b', '\x0c'), behavior will be unspecified
  tokens_by_line = make_tokens_by_line(lines)
/app/ipython/IPython/core/inputtransformer2.py:608: UserWarning: `make_tokens_by_line` received a list of lines which do not have lineending markers ('\n', '\r', '\r\n', '\x0b', '\x0c'), behavior will be unspecified
  tokens_by_line = make_tokens_by_line(lines)
/app/ipython/IPython/core/inputtransformer2.py:714: UserWarning: `make_tokens_by_line` received a list of lines which do not have lineending markers ('\n', '\r', '\r\n', '\x0b', '\x0c'), behavior will be unspecified
  tokens_by_line = make_tokens_by_line(lines)
#26746	REDUCE cov: 2645 ft: 3927 corp: 168/1714b lim: 43 exec/s: 4457 rss: 80Mb L: 43/43 MS: 2 ShuffleBytes-CopyPart-
/app/ipython/IPython/core/inputtransformer2.py:608: UserWarning: `make_tokens_by_line` received a list of lines which do not have lineending markers ('\n', '\r', '\r\n', '\x0b', '\x0c'), behavior will be unspecified
  tokens_by_line = make_tokens_by_line(lines)
/app/ipython/IPython/core/inputtransformer2.py:608: UserWarning: `make_tokens_by_line` received a list of lines which do not have lineending markers ('\n', '\r', '\r\n', '\x0b', '\x0c'), behavior will be unspecified
  tokens_by_line = make_tokens_by_line(lines)
/app/ipython/IPython/core/inputtransformer2.py:714: UserWarning: `make_tokens_by_line` received a list of lines which do not have lineending markers ('\n', '\r', '\r\n', '\x0b', '\x0c'), behavior will be unspecified
  tokens_by_line = make_tokens_by_line(lines)
/app/ipython/IPython/core/inputtransformer2.py:608: UserWarning: `make_tokens_by_line` received a list of lines which do not have lineending markers ('\n', '\r', '\r\n', '\x0b', '\x0c'), behavior will be unspecified
  tokens_by_line = make_tokens_by_line(lines)
/app/ipython/IPython/core/inputtransformer2.py:714: UserWarning: `make_tokens_by_line` received a list of lines which do not have lineending markers ('\n', '\r', '\r\n', '\x0b', '\x0c'), behavior will be unspecified
  tokens_by_line = make_tokens_by_line(lines)
/app/ipython/IPython/core/inputtransformer2.py:608: UserWarning: `make_tokens_by_line` received a list of lines which do not have lineending markers ('\n', '\r', '\r\n', '\x0b', '\x0c'), behavior will be unspecified
  tokens_by_line = make_tokens_by_line(lines)
/app/ipython/IPython/core/inputtransformer2.py:714: UserWarning: `make_tokens_by_line` received a list of lines which do not have lineending markers ('\n', '\r', '\r\n', '\x0b', '\x0c'), behavior will be unspecified
  tokens_by_line = make_tokens_by_line(lines)
/app/ipython/IPython/core/inputtransformer2.py:608: UserWarning: `make_tokens_by_line` received a list of lines which do not have lineending markers ('\n', '\r', '\r\n', '\x0b', '\x0c'), behavior will be unspecified
  tokens_by_line = make_tokens_by_line(lines)
/app/ipython/IPython/core/inputtransformer2.py:714: UserWarning: `make_tokens_by_line` received a list of lines which do not have lineending markers ('\n', '\r', '\r\n', '\x0b', '\x0c'), behavior will be unspecified
  tokens_by_line = make_tokens_by_line(lines)
/app/ipython/IPython/core/inputtransformer2.py:608: UserWarning: `make_tokens_by_line` received a list of lines which do not have lineending markers ('\n', '\r', '\r\n', '\x0b', '\x0c'), behavior will be unspecified
  tokens_by_line = make_tokens_by_line(lines)
/app/ipython/IPython/core/inputtransformer2.py:714: UserWarning: `make_tokens_by_line` received a list of lines which do not have lineending markers ('\n', '\r', '\r\n', '\x0b', '\x0c'), behavior will be unspecified
  tokens_by_line = make_tokens_by_line(lines)
/app/ipython/IPython/core/inputtransformer2.py:608: UserWarning: `make_tokens_by_line` received a list of lines which do not have lineending markers ('\n', '\r', '\r\n', '\x0b', '\x0c'), behavior will be unspecified
  tokens_by_line = make_tokens_by_line(lines)
/app/ipython/IPython/core/inputtransformer2.py:714: UserWarning: `make_tokens_by_line` received a list of lines which do not have lineending markers ('\n', '\r', '\r\n', '\x0b', '\x0c'), behavior will be unspecified
  tokens_by_line = make_tokens_by_line(lines)
#26883	REDUCE cov: 2645 ft: 3927 corp: 168/1713b lim: 43 exec/s: 4480 rss: 80Mb L: 14/43 MS: 2 CMP-EraseBytes- DE: "\001\000\000\000"-
/app/ipython/IPython/core/inputtransformer2.py:608: UserWarning: `make_tokens_by_line` received a list of lines which do not have lineending markers ('\n', '\r', '\r\n', '\x0b', '\x0c'), behavior will be unspecified
  tokens_by_line = make_tokens_by_line(lines)
/app/ipython/IPython/core/inputtransformer2.py:714: UserWarning: `make_tokens_by_line` received a list of lines which do not have lineending markers ('\n', '\r', '\r\n', '\x0b', '\x0c'), behavior will be unspecified
  tokens_by_line = make_tokens_by_line(lines)
/app/ipython/IPython/core/inputtransformer2.py:608: UserWarning: `make_tokens_by_line` received a list of lines which do not have lineending markers ('\n', '\r', '\r\n', '\x0b', '\x0c'), behavior will be unspecified
  tokens_by_line = make_tokens_by_line(lines)
/app/ipython/IPython/core/inputtransformer2.py:608: UserWarning: `make_tokens_by_line` received a list of lines which do not have lineending markers ('\n', '\r', '\r\n', '\x0b', '\x0c'), behavior will be unspecified
  tokens_by_line = make_tokens_by_line(lines)
/app/ipython/IPython/core/inputtransformer2.py:608: UserWarning: `make_tokens_by_line` received a list of lines which do not have lineending markers ('\n', '\r', '\r\n', '\x0b', '\x0c'), behavior will be unspecified
  tokens_by_line = make_tokens_by_line(lines)
/app/ipython/IPython/core/inputtransformer2.py:608: UserWarning: `make_tokens_by_line` received a list of lines which do not have lineending markers ('\n', '\r', '\r\n', '\x0b', '\x0c'), behavior will be unspecified
  tokens_by_line = make_tokens_by_line(lines)
/app/ipython/IPython/core/inputtransformer2.py:608: UserWarning: `make_tokens_by_line` received a list of lines which do not have lineending markers ('\n', '\r', '\r\n', '\x0b', '\x0c'), behavior will be unspecified
  tokens_by_line = make_tokens_by_line(lines)
/app/ipython/IPython/core/inputtransformer2.py:714: UserWarning: `make_tokens_by_line` received a list of lines which do not have lineending markers ('\n', '\r', '\r\n', '\x0b', '\x0c'), behavior will be unspecified
  tokens_by_line = make_tokens_by_line(lines)
/app/ipython/IPython/core/inputtransformer2.py:608: UserWarning: `make_tokens_by_line` received a list of lines which do not have lineending markers ('\n', '\r', '\r\n', '\x0b', '\x0c'), behavior will be unspecified
  tokens_by_line = make_tokens_by_line(lines)
/app/ipython/IPython/core/inputtransformer2.py:714: UserWarning: `make_tokens_by_line` received a list of lines which do not have lineending markers ('\n', '\r', '\r\n', '\x0b', '\x0c'), behavior will be unspecified
  tokens_by_line = make_tokens_by_line(lines)
/app/ipython/IPython/core/inputtransformer2.py:608: UserWarning: `make_tokens_by_line` received a list of lines which do not have lineending markers ('\n', '\r', '\r\n', '\x0b', '\x0c'), behavior will be unspecified
  tokens_by_line = make_tokens_by_line(lines)
/app/ipython/IPython/core/inputtransformer2.py:714: UserWarning: `make_tokens_by_line` received a list of lines which do not have lineending markers ('\n', '\r', '\r\n', '\x0b', '\x0c'), behavior will be unspecified
  tokens_by_line = make_tokens_by_line(lines)
/app/ipython/IPython/core/inputtransformer2.py:608: UserWarning: `make_tokens_by_line` received a list of lines which do not have lineending markers ('\n', '\r', '\r\n', '\x0b', '\x0c'), behavior will be unspecified
  tokens_by_line = make_tokens_by_line(lines)
/app/ipython/IPython/core/inputtransformer2.py:714: UserWarning: `make_tokens_by_line` received a list of lines which do not have lineending markers ('\n', '\r', '\r\n', '\x0b', '\x0c'), behavior will be unspecified
  tokens_by_line = make_tokens_by_line(lines)
/app/ipython/IPython/core/inputtransformer2.py:608: UserWarning: `make_tokens_by_line` received a list of lines which do not have lineending markers ('\n', '\r', '\r\n', '\x0b', '\x0c'), behavior will be unspecified
  tokens_by_line = make_tokens_by_line(lines)
/app/ipython/IPython/core/inputtransformer2.py:714: UserWarning: `make_tokens_by_line` received a list of lines which do not have lineending markers ('\n', '\r', '\r\n', '\x0b', '\x0c'), behavior will be unspecified
  tokens_by_line = make_tokens_by_line(lines)
/app/ipython/IPython/core/inputtransformer2.py:608: UserWarning: `make_tokens_by_line` received a list of lines which do not have lineending markers ('\n', '\r', '\r\n', '\x0b', '\x0c'), behavior will be unspecified
  tokens_by_line = make_tokens_by_line(lines)
/app/ipython/IPython/core/inputtransformer2.py:714: UserWarning: `make_tokens_by_line` received a list of lines which do not have lineending markers ('\n', '\r', '\r\n', '\x0b', '\x0c'), behavior will be unspecified
  tokens_by_line = make_tokens_by_line(lines)
#27192	REDUCE cov: 2645 ft: 3927 corp: 168/1710b lim: 43 exec/s: 4532 rss: 80Mb L: 6/43 MS: 4 ChangeBit-InsertByte-ChangeBit-EraseBytes-
#27229	REDUCE cov: 2645 ft: 3927 corp: 168/1706b lim: 43 exec/s: 4538 rss: 80Mb L: 39/40 MS: 2 ChangeBit-EraseBytes-
/app/ipython/IPython/core/inputtransformer2.py:608: UserWarning: `make_tokens_by_line` received a list of lines which do not have lineending markers ('\n', '\r', '\r\n', '\x0b', '\x0c'), behavior will be unspecified
  tokens_by_line = make_tokens_by_line(lines)
/app/ipython/IPython/core/inputtransformer2.py:714: UserWarning: `make_tokens_by_line` received a list of lines which do not have lineending markers ('\n', '\r', '\r\n', '\x0b', '\x0c'), behavior will be unspecified
  tokens_by_line = make_tokens_by_line(lines)
/app/ipython/IPython/core/inputtransformer2.py:608: UserWarning: `make_tokens_by_line` received a list of lines which do not have lineending markers ('\n', '\r', '\r\n', '\x0b', '\x0c'), behavior will be unspecified
  tokens_by_line = make_tokens_by_line(lines)
/app/ipython/IPython/core/inputtransformer2.py:714: UserWarning: `make_tokens_by_line` received a list of lines which do not have lineending markers ('\n', '\r', '\r\n', '\x0b', '\x0c'), behavior will be unspecified
  tokens_by_line = make_tokens_by_line(lines)
/app/ipython/IPython/core/inputtransformer2.py:608: UserWarning: `make_tokens_by_line` received a list of lines which do not have lineending markers ('\n', '\r', '\r\n', '\x0b', '\x0c'), behavior will be unspecified
  tokens_by_line = make_tokens_by_line(lines)
/app/ipython/IPython/core/inputtransformer2.py:608: UserWarning: `make_tokens_by_line` received a list of lines which do not have lineending markers ('\n', '\r', '\r\n', '\x0b', '\x0c'), behavior will be unspecified
  tokens_by_line = make_tokens_by_line(lines)
/app/ipython/IPython/core/inputtransformer2.py:608: UserWarning: `make_tokens_by_line` received a list of lines which do not have lineending markers ('\n', '\r', '\r\n', '\x0b', '\x0c'), behavior will be unspecified
  tokens_by_line = make_tokens_by_line(lines)
/app/ipython/IPython/core/inputtransformer2.py:714: UserWarning: `make_tokens_by_line` received a list of lines which do not have lineending markers ('\n', '\r', '\r\n', '\x0b', '\x0c'), behavior will be unspecified
  tokens_by_line = make_tokens_by_line(lines)
/app/ipython/IPython/core/inputtransformer2.py:608: UserWarning: `make_tokens_by_line` received a list of lines which do not have lineending markers ('\n', '\r', '\r\n', '\x0b', '\x0c'), behavior will be unspecified
  tokens_by_line = make_tokens_by_line(lines)
/app/ipython/IPython/core/inputtransformer2.py:608: UserWarning: `make_tokens_by_line` received a list of lines which do not have lineending markers ('\n', '\r', '\r\n', '\x0b', '\x0c'), behavior will be unspecified
  tokens_by_line = make_tokens_by_line(lines)
/app/ipython/IPython/core/inputtransformer2.py:714: UserWarning: `make_tokens_by_line` received a list of lines which do not have lineending markers ('\n', '\r', '\r\n', '\x0b', '\x0c'), behavior will be unspecified
  tokens_by_line = make_tokens_by_line(lines)
/app/ipython/IPython/core/inputtransformer2.py:608: UserWarning: `make_tokens_by_line` received a list of lines which do not have lineending markers ('\n', '\r', '\r\n', '\x0b', '\x0c'), behavior will be unspecified
  tokens_by_line = make_tokens_by_line(lines)
/app/ipython/IPython/core/inputtransformer2.py:714: UserWarning: `make_tokens_by_line` received a list of lines which do not have lineending markers ('\n', '\r', '\r\n', '\x0b', '\x0c'), behavior will be unspecified
  tokens_by_line = make_tokens_by_line(lines)
/app/ipython/IPython/core/inputtransformer2.py:608: UserWarning: `make_tokens_by_line` received a list of lines which do not have lineending markers ('\n', '\r', '\r\n', '\x0b', '\x0c'), behavior will be unspecified
  tokens_by_line = make_tokens_by_line(lines)
/app/ipython/IPython/core/inputtransformer2.py:714: UserWarning: `make_tokens_by_line` received a list of lines which do not have lineending markers ('\n', '\r', '\r\n', '\x0b', '\x0c'), behavior will be unspecified
  tokens_by_line = make_tokens_by_line(lines)
/app/ipython/IPython/core/inputtransformer2.py:608: UserWarning: `make_tokens_by_line` received a list of lines which do not have lineending markers ('\n', '\r', '\r\n', '\x0b', '\x0c'), behavior will be unspecified
  tokens_by_line = make_tokens_by_line(lines)
/app/ipython/IPython/core/inputtransformer2.py:714: UserWarning: `make_tokens_by_line` received a list of lines which do not have lineending markers ('\n', '\r', '\r\n', '\x0b', '\x0c'), behavior will be unspecified
  tokens_by_line = make_tokens_by_line(lines)
/app/ipython/IPython/core/inputtransformer2.py:608: UserWarning: `make_tokens_by_line` received a list of lines which do not have lineending markers ('\n', '\r', '\r\n', '\x0b', '\x0c'), behavior will be unspecified
  tokens_by_line = make_tokens_by_line(lines)
/app/ipython/IPython/core/inputtransformer2.py:714: UserWarning: `make_tokens_by_line` received a list of lines which do not have lineending markers ('\n', '\r', '\r\n', '\x0b', '\x0c'), behavior will be unspecified
  tokens_by_line = make_tokens_by_line(lines)
#27470	REDUCE cov: 2645 ft: 3928 corp: 169/1745b lim: 43 exec/s: 4578 rss: 80Mb L: 39/40 MS: 1 ChangeBit-
/app/ipython/IPython/core/inputtransformer2.py:608: UserWarning: `make_tokens_by_line` received a list of lines which do not have lineending markers ('\n', '\r', '\r\n', '\x0b', '\x0c'), behavior will be unspecified
  tokens_by_line = make_tokens_by_line(lines)
/app/ipython/IPython/core/inputtransformer2.py:608: UserWarning: `make_tokens_by_line` received a list of lines which do not have lineending markers ('\n', '\r', '\r\n', '\x0b', '\x0c'), behavior will be unspecified
  tokens_by_line = make_tokens_by_line(lines)
/app/ipython/IPython/core/inputtransformer2.py:608: UserWarning: `make_tokens_by_line` received a list of lines which do not have lineending markers ('\n', '\r', '\r\n', '\x0b', '\x0c'), behavior will be unspecified
  tokens_by_line = make_tokens_by_line(lines)
/app/ipython/IPython/core/inputtransformer2.py:608: UserWarning: `make_tokens_by_line` received a list of lines which do not have lineending markers ('\n', '\r', '\r\n', '\x0b', '\x0c'), behavior will be unspecified
  tokens_by_line = make_tokens_by_line(lines)
/app/ipython/IPython/core/inputtransformer2.py:608: UserWarning: `make_tokens_by_line` received a list of lines which do not have lineending markers ('\n', '\r', '\r\n', '\x0b', '\x0c'), behavior will be unspecified
  tokens_by_line = make_tokens_by_line(lines)
/app/ipython/IPython/core/inputtransformer2.py:714: UserWarning: `make_tokens_by_line` received a list of lines which do not have lineending markers ('\n', '\r', '\r\n', '\x0b', '\x0c'), behavior will be unspecified
  tokens_by_line = make_tokens_by_line(lines)
/app/ipython/IPython/core/inputtransformer2.py:608: UserWarning: `make_tokens_by_line` received a list of lines which do not have lineending markers ('\n', '\r', '\r\n', '\x0b', '\x0c'), behavior will be unspecified
  tokens_by_line = make_tokens_by_line(lines)
/app/ipython/IPython/core/inputtransformer2.py:714: UserWarning: `make_tokens_by_line` received a list of lines which do not have lineending markers ('\n', '\r', '\r\n', '\x0b', '\x0c'), behavior will be unspecified
  tokens_by_line = make_tokens_by_line(lines)
/app/ipython/IPython/core/inputtransformer2.py:608: UserWarning: `make_tokens_by_line` received a list of lines which do not have lineending markers ('\n', '\r', '\r\n', '\x0b', '\x0c'), behavior will be unspecified
  tokens_by_line = make_tokens_by_line(lines)
/app/ipython/IPython/core/inputtransformer2.py:608: UserWarning: `make_tokens_by_line` received a list of lines which do not have lineending markers ('\n', '\r', '\r\n', '\x0b', '\x0c'), behavior will be unspecified
  tokens_by_line = make_tokens_by_line(lines)
/app/ipython/IPython/core/inputtransformer2.py:714: UserWarning: `make_tokens_by_line` received a list of lines which do not have lineending markers ('\n', '\r', '\r\n', '\x0b', '\x0c'), behavior will be unspecified
  tokens_by_line = make_tokens_by_line(lines)
/app/ipython/IPython/core/inputtransformer2.py:608: UserWarning: `make_tokens_by_line` received a list of lines which do not have lineending markers ('\n', '\r', '\r\n', '\x0b', '\x0c'), behavior will be unspecified
  tokens_by_line = make_tokens_by_line(lines)
#27707	REDUCE cov: 2645 ft: 3928 corp: 169/1736b lim: 43 exec/s: 3958 rss: 80Mb L: 27/40 MS: 2 InsertByte-EraseBytes-
#27733	REDUCE cov: 2645 ft: 3928 corp: 169/1731b lim: 43 exec/s: 3961 rss: 80Mb L: 8/40 MS: 1 EraseBytes-
#27794	REDUCE cov: 2645 ft: 3928 corp: 169/1730b lim: 43 exec/s: 3970 rss: 80Mb L: 7/40 MS: 1 EraseBytes-
#27832	REDUCE cov: 2645 ft: 3928 corp: 169/1716b lim: 43 exec/s: 3976 rss: 80Mb L: 25/40 MS: 3 ShuffleBytes-PersAutoDict-EraseBytes- DE: "\000\000\000\000"-
#27843	NEW    cov: 2645 ft: 3929 corp: 170/1755b lim: 43 exec/s: 3977 rss: 80Mb L: 39/40 MS: 1 CopyPart-
/app/ipython/IPython/core/inputtransformer2.py:608: UserWarning: `make_tokens_by_line` received a list of lines which do not have lineending markers ('\n', '\r', '\r\n', '\x0b', '\x0c'), behavior will be unspecified
  tokens_by_line = make_tokens_by_line(lines)
/app/ipython/IPython/core/inputtransformer2.py:714: UserWarning: `make_tokens_by_line` received a list of lines which do not have lineending markers ('\n', '\r', '\r\n', '\x0b', '\x0c'), behavior will be unspecified
  tokens_by_line = make_tokens_by_line(lines)
/app/ipython/IPython/core/inputtransformer2.py:608: UserWarning: `make_tokens_by_line` received a list of lines which do not have lineending markers ('\n', '\r', '\r\n', '\x0b', '\x0c'), behavior will be unspecified
  tokens_by_line = make_tokens_by_line(lines)
/app/ipython/IPython/core/inputtransformer2.py:608: UserWarning: `make_tokens_by_line` received a list of lines which do not have lineending markers ('\n', '\r', '\r\n', '\x0b', '\x0c'), behavior will be unspecified
  tokens_by_line = make_tokens_by_line(lines)
#28112	REDUCE cov: 2645 ft: 3929 corp: 170/1754b lim: 43 exec/s: 4016 rss: 80Mb L: 6/40 MS: 4 CopyPart-ChangeBit-ChangeBit-EraseBytes-
#28122	NEW    cov: 2645 ft: 3930 corp: 171/1779b lim: 43 exec/s: 4017 rss: 80Mb L: 25/40 MS: 5 ChangeASCIIInt-CMP-ShuffleBytes-ChangeASCIIInt-CrossOver- DE: "\377\377"-
#28133	REDUCE cov: 2645 ft: 3931 corp: 172/1815b lim: 43 exec/s: 4019 rss: 80Mb L: 36/40 MS: 1 CopyPart-
/app/ipython/IPython/core/inputtransformer2.py:608: UserWarning: `make_tokens_by_line` received a list of lines which do not have lineending markers ('\n', '\r', '\r\n', '\x0b', '\x0c'), behavior will be unspecified
  tokens_by_line = make_tokens_by_line(lines)
/app/ipython/IPython/core/inputtransformer2.py:714: UserWarning: `make_tokens_by_line` received a list of lines which do not have lineending markers ('\n', '\r', '\r\n', '\x0b', '\x0c'), behavior will be unspecified
  tokens_by_line = make_tokens_by_line(lines)
/app/ipython/IPython/core/inputtransformer2.py:608: UserWarning: `make_tokens_by_line` received a list of lines which do not have lineending markers ('\n', '\r', '\r\n', '\x0b', '\x0c'), behavior will be unspecified
  tokens_by_line = make_tokens_by_line(lines)
/app/ipython/IPython/core/inputtransformer2.py:714: UserWarning: `make_tokens_by_line` received a list of lines which do not have lineending markers ('\n', '\r', '\r\n', '\x0b', '\x0c'), behavior will be unspecified
  tokens_by_line = make_tokens_by_line(lines)
/app/ipython/IPython/core/inputtransformer2.py:608: UserWarning: `make_tokens_by_line` received a list of lines which do not have lineending markers ('\n', '\r', '\r\n', '\x0b', '\x0c'), behavior will be unspecified
  tokens_by_line = make_tokens_by_line(lines)
/app/ipython/IPython/core/inputtransformer2.py:714: UserWarning: `make_tokens_by_line` received a list of lines which do not have lineending markers ('\n', '\r', '\r\n', '\x0b', '\x0c'), behavior will be unspecified
  tokens_by_line = make_tokens_by_line(lines)
/app/ipython/IPython/core/inputtransformer2.py:608: UserWarning: `make_tokens_by_line` received a list of lines which do not have lineending markers ('\n', '\r', '\r\n', '\x0b', '\x0c'), behavior will be unspecified
  tokens_by_line = make_tokens_by_line(lines)
/app/ipython/IPython/core/inputtransformer2.py:714: UserWarning: `make_tokens_by_line` received a list of lines which do not have lineending markers ('\n', '\r', '\r\n', '\x0b', '\x0c'), behavior will be unspecified
  tokens_by_line = make_tokens_by_line(lines)
/app/ipython/IPython/core/inputtransformer2.py:608: UserWarning: `make_tokens_by_line` received a list of lines which do not have lineending markers ('\n', '\r', '\r\n', '\x0b', '\x0c'), behavior will be unspecified
  tokens_by_line = make_tokens_by_line(lines)
/app/ipython/IPython/core/inputtransformer2.py:714: UserWarning: `make_tokens_by_line` received a list of lines which do not have lineending markers ('\n', '\r', '\r\n', '\x0b', '\x0c'), behavior will be unspecified
  tokens_by_line = make_tokens_by_line(lines)
/app/ipython/IPython/core/inputtransformer2.py:608: UserWarning: `make_tokens_by_line` received a list of lines which do not have lineending markers ('\n', '\r', '\r\n', '\x0b', '\x0c'), behavior will be unspecified
  tokens_by_line = make_tokens_by_line(lines)
/app/ipython/IPython/core/inputtransformer2.py:714: UserWarning: `make_tokens_by_line` received a list of lines which do not have lineending markers ('\n', '\r', '\r\n', '\x0b', '\x0c'), behavior will be unspecified
  tokens_by_line = make_tokens_by_line(lines)
/app/ipython/IPython/core/inputtransformer2.py:608: UserWarning: `make_tokens_by_line` received a list of lines which do not have lineending markers ('\n', '\r', '\r\n', '\x0b', '\x0c'), behavior will be unspecified
  tokens_by_line = make_tokens_by_line(lines)
/app/ipython/IPython/core/inputtransformer2.py:608: UserWarning: `make_tokens_by_line` received a list of lines which do not have lineending markers ('\n', '\r', '\r\n', '\x0b', '\x0c'), behavior will be unspecified
  tokens_by_line = make_tokens_by_line(lines)
/app/ipython/IPython/core/inputtransformer2.py:608: UserWarning: `make_tokens_by_line` received a list of lines which do not have lineending markers ('\n', '\r', '\r\n', '\x0b', '\x0c'), behavior will be unspecified
  tokens_by_line = make_tokens_by_line(lines)
/app/ipython/IPython/core/inputtransformer2.py:714: UserWarning: `make_tokens_by_line` received a list of lines which do not have lineending markers ('\n', '\r', '\r\n', '\x0b', '\x0c'), behavior will be unspecified
  tokens_by_line = make_tokens_by_line(lines)
/app/ipython/IPython/core/inputtransformer2.py:608: UserWarning: `make_tokens_by_line` received a list of lines which do not have lineending markers ('\n', '\r', '\r\n', '\x0b', '\x0c'), behavior will be unspecified
  tokens_by_line = make_tokens_by_line(lines)
/app/ipython/IPython/core/inputtransformer2.py:714: UserWarning: `make_tokens_by_line` received a list of lines which do not have lineending markers ('\n', '\r', '\r\n', '\x0b', '\x0c'), behavior will be unspecified
  tokens_by_line = make_tokens_by_line(lines)
/app/ipython/IPython/core/inputtransformer2.py:608: UserWarning: `make_tokens_by_line` received a list of lines which do not have lineending markers ('\n', '\r', '\r\n', '\x0b', '\x0c'), behavior will be unspecified
  tokens_by_line = make_tokens_by_line(lines)
/app/ipython/IPython/core/inputtransformer2.py:714: UserWarning: `make_tokens_by_line` received a list of lines which do not have lineending markers ('\n', '\r', '\r\n', '\x0b', '\x0c'), behavior will be unspecified
  tokens_by_line = make_tokens_by_line(lines)
/app/ipython/IPython/core/inputtransformer2.py:608: UserWarning: `make_tokens_by_line` received a list of lines which do not have lineending markers ('\n', '\r', '\r\n', '\x0b', '\x0c'), behavior will be unspecified
  tokens_by_line = make_tokens_by_line(lines)
/app/ipython/IPython/core/inputtransformer2.py:714: UserWarning: `make_tokens_by_line` received a list of lines which do not have lineending markers ('\n', '\r', '\r\n', '\x0b', '\x0c'), behavior will be unspecified
  tokens_by_line = make_tokens_by_line(lines)
/app/ipython/IPython/core/inputtransformer2.py:608: UserWarning: `make_tokens_by_line` received a list of lines which do not have lineending markers ('\n', '\r', '\r\n', '\x0b', '\x0c'), behavior will be unspecified
  tokens_by_line = make_tokens_by_line(lines)
/app/ipython/IPython/core/inputtransformer2.py:714: UserWarning: `make_tokens_by_line` received a list of lines which do not have lineending markers ('\n', '\r', '\r\n', '\x0b', '\x0c'), behavior will be unspecified
  tokens_by_line = make_tokens_by_line(lines)
/app/ipython/IPython/core/inputtransformer2.py:608: UserWarning: `make_tokens_by_line` received a list of lines which do not have lineending markers ('\n', '\r', '\r\n', '\x0b', '\x0c'), behavior will be unspecified
  tokens_by_line = make_tokens_by_line(lines)
/app/ipython/IPython/core/inputtransformer2.py:714: UserWarning: `make_tokens_by_line` received a list of lines which do not have lineending markers ('\n', '\r', '\r\n', '\x0b', '\x0c'), behavior will be unspecified
  tokens_by_line = make_tokens_by_line(lines)
/app/ipython/IPython/core/inputtransformer2.py:608: UserWarning: `make_tokens_by_line` received a list of lines which do not have lineending markers ('\n', '\r', '\r\n', '\x0b', '\x0c'), behavior will be unspecified
  tokens_by_line = make_tokens_by_line(lines)
/app/ipython/IPython/core/inputtransformer2.py:714: UserWarning: `make_tokens_by_line` received a list of lines which do not have lineending markers ('\n', '\r', '\r\n', '\x0b', '\x0c'), behavior will be unspecified
  tokens_by_line = make_tokens_by_line(lines)
/app/ipython/IPython/core/inputtransformer2.py:608: UserWarning: `make_tokens_by_line` received a list of lines which do not have lineending markers ('\n', '\r', '\r\n', '\x0b', '\x0c'), behavior will be unspecified
  tokens_by_line = make_tokens_by_line(lines)
/app/ipython/IPython/core/inputtransformer2.py:714: UserWarning: `make_tokens_by_line` received a list of lines which do not have lineending markers ('\n', '\r', '\r\n', '\x0b', '\x0c'), behavior will be unspecified
  tokens_by_line = make_tokens_by_line(lines)
/app/ipython/IPython/core/inputtransformer2.py:608: UserWarning: `make_tokens_by_line` received a list of lines which do not have lineending markers ('\n', '\r', '\r\n', '\x0b', '\x0c'), behavior will be unspecified
  tokens_by_line = make_tokens_by_line(lines)
/app/ipython/IPython/core/inputtransformer2.py:714: UserWarning: `make_tokens_by_line` received a list of lines which do not have lineending markers ('\n', '\r', '\r\n', '\x0b', '\x0c'), behavior will be unspecified
  tokens_by_line = make_tokens_by_line(lines)
/app/ipython/IPython/core/inputtransformer2.py:608: UserWarning: `make_tokens_by_line` received a list of lines which do not have lineending markers ('\n', '\r', '\r\n', '\x0b', '\x0c'), behavior will be unspecified
  tokens_by_line = make_tokens_by_line(lines)
/app/ipython/IPython/core/inputtransformer2.py:608: UserWarning: `make_tokens_by_line` received a list of lines which do not have lineending markers ('\n', '\r', '\r\n', '\x0b', '\x0c'), behavior will be unspecified
  tokens_by_line = make_tokens_by_line(lines)
/app/ipython/IPython/core/inputtransformer2.py:608: UserWarning: `make_tokens_by_line` received a list of lines which do not have lineending markers ('\n', '\r', '\r\n', '\x0b', '\x0c'), behavior will be unspecified
  tokens_by_line = make_tokens_by_line(lines)
/app/ipython/IPython/core/inputtransformer2.py:714: UserWarning: `make_tokens_by_line` received a list of lines which do not have lineending markers ('\n', '\r', '\r\n', '\x0b', '\x0c'), behavior will be unspecified
  tokens_by_line = make_tokens_by_line(lines)
/app/ipython/IPython/core/inputtransformer2.py:608: UserWarning: `make_tokens_by_line` received a list of lines which do not have lineending markers ('\n', '\r', '\r\n', '\x0b', '\x0c'), behavior will be unspecified
  tokens_by_line = make_tokens_by_line(lines)
/app/ipython/IPython/core/inputtransformer2.py:714: UserWarning: `make_tokens_by_line` received a list of lines which do not have lineending markers ('\n', '\r', '\r\n', '\x0b', '\x0c'), behavior will be unspecified
  tokens_by_line = make_tokens_by_line(lines)
/app/ipython/IPython/core/inputtransformer2.py:608: UserWarning: `make_tokens_by_line` received a list of lines which do not have lineending markers ('\n', '\r', '\r\n', '\x0b', '\x0c'), behavior will be unspecified
  tokens_by_line = make_tokens_by_line(lines)
/app/ipython/IPython/core/inputtransformer2.py:714: UserWarning: `make_tokens_by_line` received a list of lines which do not have lineending markers ('\n', '\r', '\r\n', '\x0b', '\x0c'), behavior will be unspecified
  tokens_by_line = make_tokens_by_line(lines)
/app/ipython/IPython/core/inputtransformer2.py:608: UserWarning: `make_tokens_by_line` received a list of lines which do not have lineending markers ('\n', '\r', '\r\n', '\x0b', '\x0c'), behavior will be unspecified
  tokens_by_line = make_tokens_by_line(lines)
/app/ipython/IPython/core/inputtransformer2.py:714: UserWarning: `make_tokens_by_line` received a list of lines which do not have lineending markers ('\n', '\r', '\r\n', '\x0b', '\x0c'), behavior will be unspecified
  tokens_by_line = make_tokens_by_line(lines)
/app/ipython/IPython/core/inputtransformer2.py:608: UserWarning: `make_tokens_by_line` received a list of lines which do not have lineending markers ('\n', '\r', '\r\n', '\x0b', '\x0c'), behavior will be unspecified
  tokens_by_line = make_tokens_by_line(lines)
/app/ipython/IPython/core/inputtransformer2.py:714: UserWarning: `make_tokens_by_line` received a list of lines which do not have lineending markers ('\n', '\r', '\r\n', '\x0b', '\x0c'), behavior will be unspecified
  tokens_by_line = make_tokens_by_line(lines)
/app/ipython/IPython/core/inputtransformer2.py:608: UserWarning: `make_tokens_by_line` received a list of lines which do not have lineending markers ('\n', '\r', '\r\n', '\x0b', '\x0c'), behavior will be unspecified
  tokens_by_line = make_tokens_by_line(lines)
/app/ipython/IPython/core/inputtransformer2.py:714: UserWarning: `make_tokens_by_line` received a list of lines which do not have lineending markers ('\n', '\r', '\r\n', '\x0b', '\x0c'), behavior will be unspecified
  tokens_by_line = make_tokens_by_line(lines)
/app/ipython/IPython/core/inputtransformer2.py:608: UserWarning: `make_tokens_by_line` received a list of lines which do not have lineending markers ('\n', '\r', '\r\n', '\x0b', '\x0c'), behavior will be unspecified
  tokens_by_line = make_tokens_by_line(lines)
/app/ipython/IPython/core/inputtransformer2.py:714: UserWarning: `make_tokens_by_line` received a list of lines which do not have lineending markers ('\n', '\r', '\r\n', '\x0b', '\x0c'), behavior will be unspecified
  tokens_by_line = make_tokens_by_line(lines)
/app/ipython/IPython/core/inputtransformer2.py:608: UserWarning: `make_tokens_by_line` received a list of lines which do not have lineending markers ('\n', '\r', '\r\n', '\x0b', '\x0c'), behavior will be unspecified
  tokens_by_line = make_tokens_by_line(lines)
/app/ipython/IPython/core/inputtransformer2.py:714: UserWarning: `make_tokens_by_line` received a list of lines which do not have lineending markers ('\n', '\r', '\r\n', '\x0b', '\x0c'), behavior will be unspecified
  tokens_by_line = make_tokens_by_line(lines)
/app/ipython/IPython/core/inputtransformer2.py:608: UserWarning: `make_tokens_by_line` received a list of lines which do not have lineending markers ('\n', '\r', '\r\n', '\x0b', '\x0c'), behavior will be unspecified
  tokens_by_line = make_tokens_by_line(lines)
/app/ipython/IPython/core/inputtransformer2.py:608: UserWarning: `make_tokens_by_line` received a list of lines which do not have lineending markers ('\n', '\r', '\r\n', '\x0b', '\x0c'), behavior will be unspecified
  tokens_by_line = make_tokens_by_line(lines)
/app/ipython/IPython/core/inputtransformer2.py:714: UserWarning: `make_tokens_by_line` received a list of lines which do not have lineending markers ('\n', '\r', '\r\n', '\x0b', '\x0c'), behavior will be unspecified
  tokens_by_line = make_tokens_by_line(lines)
#28725	REDUCE cov: 2645 ft: 3931 corp: 172/1814b lim: 48 exec/s: 4103 rss: 80Mb L: 7/40 MS: 2 InsertByte-EraseBytes-
/app/ipython/IPython/core/inputtransformer2.py:608: UserWarning: `make_tokens_by_line` received a list of lines which do not have lineending markers ('\n', '\r', '\r\n', '\x0b', '\x0c'), behavior will be unspecified
  tokens_by_line = make_tokens_by_line(lines)
/app/ipython/IPython/core/inputtransformer2.py:608: UserWarning: `make_tokens_by_line` received a list of lines which do not have lineending markers ('\n', '\r', '\r\n', '\x0b', '\x0c'), behavior will be unspecified
  tokens_by_line = make_tokens_by_line(lines)
/app/ipython/IPython/core/inputtransformer2.py:608: UserWarning: `make_tokens_by_line` received a list of lines which do not have lineending markers ('\n', '\r', '\r\n', '\x0b', '\x0c'), behavior will be unspecified
  tokens_by_line = make_tokens_by_line(lines)
/app/ipython/IPython/core/inputtransformer2.py:714: UserWarning: `make_tokens_by_line` received a list of lines which do not have lineending markers ('\n', '\r', '\r\n', '\x0b', '\x0c'), behavior will be unspecified
  tokens_by_line = make_tokens_by_line(lines)
/app/ipython/IPython/core/inputtransformer2.py:608: UserWarning: `make_tokens_by_line` received a list of lines which do not have lineending markers ('\n', '\r', '\r\n', '\x0b', '\x0c'), behavior will be unspecified
  tokens_by_line = make_tokens_by_line(lines)
/app/ipython/IPython/core/inputtransformer2.py:714: UserWarning: `make_tokens_by_line` received a list of lines which do not have lineending markers ('\n', '\r', '\r\n', '\x0b', '\x0c'), behavior will be unspecified
  tokens_by_line = make_tokens_by_line(lines)
/app/ipython/IPython/core/inputtransformer2.py:608: UserWarning: `make_tokens_by_line` received a list of lines which do not have lineending markers ('\n', '\r', '\r\n', '\x0b', '\x0c'), behavior will be unspecified
  tokens_by_line = make_tokens_by_line(lines)
/app/ipython/IPython/core/inputtransformer2.py:608: UserWarning: `make_tokens_by_line` received a list of lines which do not have lineending markers ('\n', '\r', '\r\n', '\x0b', '\x0c'), behavior will be unspecified
  tokens_by_line = make_tokens_by_line(lines)
/app/ipython/IPython/core/inputtransformer2.py:608: UserWarning: `make_tokens_by_line` received a list of lines which do not have lineending markers ('\n', '\r', '\r\n', '\x0b', '\x0c'), behavior will be unspecified
  tokens_by_line = make_tokens_by_line(lines)
/app/ipython/IPython/core/inputtransformer2.py:608: UserWarning: `make_tokens_by_line` received a list of lines which do not have lineending markers ('\n', '\r', '\r\n', '\x0b', '\x0c'), behavior will be unspecified
  tokens_by_line = make_tokens_by_line(lines)
/app/ipython/IPython/core/inputtransformer2.py:608: UserWarning: `make_tokens_by_line` received a list of lines which do not have lineending markers ('\n', '\r', '\r\n', '\x0b', '\x0c'), behavior will be unspecified
  tokens_by_line = make_tokens_by_line(lines)
/app/ipython/IPython/core/inputtransformer2.py:714: UserWarning: `make_tokens_by_line` received a list of lines which do not have lineending markers ('\n', '\r', '\r\n', '\x0b', '\x0c'), behavior will be unspecified
  tokens_by_line = make_tokens_by_line(lines)
/app/ipython/IPython/core/inputtransformer2.py:608: UserWarning: `make_tokens_by_line` received a list of lines which do not have lineending markers ('\n', '\r', '\r\n', '\x0b', '\x0c'), behavior will be unspecified
  tokens_by_line = make_tokens_by_line(lines)
/app/ipython/IPython/core/inputtransformer2.py:714: UserWarning: `make_tokens_by_line` received a list of lines which do not have lineending markers ('\n', '\r', '\r\n', '\x0b', '\x0c'), behavior will be unspecified
  tokens_by_line = make_tokens_by_line(lines)
/app/ipython/IPython/core/inputtransformer2.py:608: UserWarning: `make_tokens_by_line` received a list of lines which do not have lineending markers ('\n', '\r', '\r\n', '\x0b', '\x0c'), behavior will be unspecified
  tokens_by_line = make_tokens_by_line(lines)
/app/ipython/IPython/core/inputtransformer2.py:714: UserWarning: `make_tokens_by_line` received a list of lines which do not have lineending markers ('\n', '\r', '\r\n', '\x0b', '\x0c'), behavior will be unspecified
  tokens_by_line = make_tokens_by_line(lines)
#29181	REDUCE cov: 2645 ft: 3931 corp: 172/1812b lim: 48 exec/s: 4168 rss: 80Mb L: 5/40 MS: 1 EraseBytes-
#29202	REDUCE cov: 2645 ft: 3931 corp: 172/1811b lim: 48 exec/s: 4171 rss: 80Mb L: 5/40 MS: 1 EraseBytes-
/app/ipython/IPython/core/inputtransformer2.py:608: UserWarning: `make_tokens_by_line` received a list of lines which do not have lineending markers ('\n', '\r', '\r\n', '\x0b', '\x0c'), behavior will be unspecified
  tokens_by_line = make_tokens_by_line(lines)
/app/ipython/IPython/core/inputtransformer2.py:714: UserWarning: `make_tokens_by_line` received a list of lines which do not have lineending markers ('\n', '\r', '\r\n', '\x0b', '\x0c'), behavior will be unspecified
  tokens_by_line = make_tokens_by_line(lines)
/app/ipython/IPython/core/inputtransformer2.py:608: UserWarning: `make_tokens_by_line` received a list of lines which do not have lineending markers ('\n', '\r', '\r\n', '\x0b', '\x0c'), behavior will be unspecified
  tokens_by_line = make_tokens_by_line(lines)
/app/ipython/IPython/core/inputtransformer2.py:714: UserWarning: `make_tokens_by_line` received a list of lines which do not have lineending markers ('\n', '\r', '\r\n', '\x0b', '\x0c'), behavior will be unspecified
  tokens_by_line = make_tokens_by_line(lines)
/app/ipython/IPython/core/inputtransformer2.py:608: UserWarning: `make_tokens_by_line` received a list of lines which do not have lineending markers ('\n', '\r', '\r\n', '\x0b', '\x0c'), behavior will be unspecified
  tokens_by_line = make_tokens_by_line(lines)
/app/ipython/IPython/core/inputtransformer2.py:714: UserWarning: `make_tokens_by_line` received a list of lines which do not have lineending markers ('\n', '\r', '\r\n', '\x0b', '\x0c'), behavior will be unspecified
  tokens_by_line = make_tokens_by_line(lines)
/app/ipython/IPython/core/inputtransformer2.py:608: UserWarning: `make_tokens_by_line` received a list of lines which do not have lineending markers ('\n', '\r', '\r\n', '\x0b', '\x0c'), behavior will be unspecified
  tokens_by_line = make_tokens_by_line(lines)
/app/ipython/IPython/core/inputtransformer2.py:714: UserWarning: `make_tokens_by_line` received a list of lines which do not have lineending markers ('\n', '\r', '\r\n', '\x0b', '\x0c'), behavior will be unspecified
  tokens_by_line = make_tokens_by_line(lines)
/app/ipython/IPython/core/inputtransformer2.py:608: UserWarning: `make_tokens_by_line` received a list of lines which do not have lineending markers ('\n', '\r', '\r\n', '\x0b', '\x0c'), behavior will be unspecified
  tokens_by_line = make_tokens_by_line(lines)
/app/ipython/IPython/core/inputtransformer2.py:714: UserWarning: `make_tokens_by_line` received a list of lines which do not have lineending markers ('\n', '\r', '\r\n', '\x0b', '\x0c'), behavior will be unspecified
  tokens_by_line = make_tokens_by_line(lines)
/app/ipython/IPython/core/inputtransformer2.py:608: UserWarning: `make_tokens_by_line` received a list of lines which do not have lineending markers ('\n', '\r', '\r\n', '\x0b', '\x0c'), behavior will be unspecified
  tokens_by_line = make_tokens_by_line(lines)
/app/ipython/IPython/core/inputtransformer2.py:714: UserWarning: `make_tokens_by_line` received a list of lines which do not have lineending markers ('\n', '\r', '\r\n', '\x0b', '\x0c'), behavior will be unspecified
  tokens_by_line = make_tokens_by_line(lines)
/app/ipython/IPython/core/inputtransformer2.py:608: UserWarning: `make_tokens_by_line` received a list of lines which do not have lineending markers ('\n', '\r', '\r\n', '\x0b', '\x0c'), behavior will be unspecified
  tokens_by_line = make_tokens_by_line(lines)
/app/ipython/IPython/core/inputtransformer2.py:714: UserWarning: `make_tokens_by_line` received a list of lines which do not have lineending markers ('\n', '\r', '\r\n', '\x0b', '\x0c'), behavior will be unspecified
  tokens_by_line = make_tokens_by_line(lines)
/app/ipython/IPython/core/inputtransformer2.py:608: UserWarning: `make_tokens_by_line` received a list of lines which do not have lineending markers ('\n', '\r', '\r\n', '\x0b', '\x0c'), behavior will be unspecified
  tokens_by_line = make_tokens_by_line(lines)
/app/ipython/IPython/core/inputtransformer2.py:608: UserWarning: `make_tokens_by_line` received a list of lines which do not have lineending markers ('\n', '\r', '\r\n', '\x0b', '\x0c'), behavior will be unspecified
  tokens_by_line = make_tokens_by_line(lines)
/app/ipython/IPython/core/inputtransformer2.py:608: UserWarning: `make_tokens_by_line` received a list of lines which do not have lineending markers ('\n', '\r', '\r\n', '\x0b', '\x0c'), behavior will be unspecified
  tokens_by_line = make_tokens_by_line(lines)
/app/ipython/IPython/core/inputtransformer2.py:608: UserWarning: `make_tokens_by_line` received a list of lines which do not have lineending markers ('\n', '\r', '\r\n', '\x0b', '\x0c'), behavior will be unspecified
  tokens_by_line = make_tokens_by_line(lines)
/app/ipython/IPython/core/inputtransformer2.py:714: UserWarning: `make_tokens_by_line` received a list of lines which do not have lineending markers ('\n', '\r', '\r\n', '\x0b', '\x0c'), behavior will be unspecified
  tokens_by_line = make_tokens_by_line(lines)
#29470	REDUCE cov: 2645 ft: 3932 corp: 173/1851b lim: 48 exec/s: 4210 rss: 80Mb L: 40/40 MS: 3 CrossOver-ChangeBinInt-CopyPart-
#29511	REDUCE cov: 2645 ft: 3933 corp: 174/1874b lim: 48 exec/s: 4215 rss: 80Mb L: 23/40 MS: 1 CrossOver-
/app/ipython/IPython/core/inputtransformer2.py:608: UserWarning: `make_tokens_by_line` received a list of lines which do not have lineending markers ('\n', '\r', '\r\n', '\x0b', '\x0c'), behavior will be unspecified
  tokens_by_line = make_tokens_by_line(lines)
/app/ipython/IPython/core/inputtransformer2.py:608: UserWarning: `make_tokens_by_line` received a list of lines which do not have lineending markers ('\n', '\r', '\r\n', '\x0b', '\x0c'), behavior will be unspecified
  tokens_by_line = make_tokens_by_line(lines)
/app/ipython/IPython/core/inputtransformer2.py:714: UserWarning: `make_tokens_by_line` received a list of lines which do not have lineending markers ('\n', '\r', '\r\n', '\x0b', '\x0c'), behavior will be unspecified
  tokens_by_line = make_tokens_by_line(lines)
/app/ipython/IPython/core/inputtransformer2.py:608: UserWarning: `make_tokens_by_line` received a list of lines which do not have lineending markers ('\n', '\r', '\r\n', '\x0b', '\x0c'), behavior will be unspecified
  tokens_by_line = make_tokens_by_line(lines)
/app/ipython/IPython/core/inputtransformer2.py:714: UserWarning: `make_tokens_by_line` received a list of lines which do not have lineending markers ('\n', '\r', '\r\n', '\x0b', '\x0c'), behavior will be unspecified
  tokens_by_line = make_tokens_by_line(lines)
/app/ipython/IPython/core/inputtransformer2.py:608: UserWarning: `make_tokens_by_line` received a list of lines which do not have lineending markers ('\n', '\r', '\r\n', '\x0b', '\x0c'), behavior will be unspecified
  tokens_by_line = make_tokens_by_line(lines)
/app/ipython/IPython/core/inputtransformer2.py:714: UserWarning: `make_tokens_by_line` received a list of lines which do not have lineending markers ('\n', '\r', '\r\n', '\x0b', '\x0c'), behavior will be unspecified
  tokens_by_line = make_tokens_by_line(lines)
/app/ipython/IPython/core/inputtransformer2.py:608: UserWarning: `make_tokens_by_line` received a list of lines which do not have lineending markers ('\n', '\r', '\r\n', '\x0b', '\x0c'), behavior will be unspecified
  tokens_by_line = make_tokens_by_line(lines)
/app/ipython/IPython/core/inputtransformer2.py:714: UserWarning: `make_tokens_by_line` received a list of lines which do not have lineending markers ('\n', '\r', '\r\n', '\x0b', '\x0c'), behavior will be unspecified
  tokens_by_line = make_tokens_by_line(lines)
/app/ipython/IPython/core/inputtransformer2.py:608: UserWarning: `make_tokens_by_line` received a list of lines which do not have lineending markers ('\n', '\r', '\r\n', '\x0b', '\x0c'), behavior will be unspecified
  tokens_by_line = make_tokens_by_line(lines)
/app/ipython/IPython/core/inputtransformer2.py:714: UserWarning: `make_tokens_by_line` received a list of lines which do not have lineending markers ('\n', '\r', '\r\n', '\x0b', '\x0c'), behavior will be unspecified
  tokens_by_line = make_tokens_by_line(lines)
/app/ipython/IPython/core/inputtransformer2.py:608: UserWarning: `make_tokens_by_line` received a list of lines which do not have lineending markers ('\n', '\r', '\r\n', '\x0b', '\x0c'), behavior will be unspecified
  tokens_by_line = make_tokens_by_line(lines)
/app/ipython/IPython/core/inputtransformer2.py:714: UserWarning: `make_tokens_by_line` received a list of lines which do not have lineending markers ('\n', '\r', '\r\n', '\x0b', '\x0c'), behavior will be unspecified
  tokens_by_line = make_tokens_by_line(lines)
/app/ipython/IPython/core/inputtransformer2.py:608: UserWarning: `make_tokens_by_line` received a list of lines which do not have lineending markers ('\n', '\r', '\r\n', '\x0b', '\x0c'), behavior will be unspecified
  tokens_by_line = make_tokens_by_line(lines)
/app/ipython/IPython/core/inputtransformer2.py:714: UserWarning: `make_tokens_by_line` received a list of lines which do not have lineending markers ('\n', '\r', '\r\n', '\x0b', '\x0c'), behavior will be unspecified
  tokens_by_line = make_tokens_by_line(lines)
/app/ipython/IPython/core/inputtransformer2.py:608: UserWarning: `make_tokens_by_line` received a list of lines which do not have lineending markers ('\n', '\r', '\r\n', '\x0b', '\x0c'), behavior will be unspecified
  tokens_by_line = make_tokens_by_line(lines)
/app/ipython/IPython/core/inputtransformer2.py:714: UserWarning: `make_tokens_by_line` received a list of lines which do not have lineending markers ('\n', '\r', '\r\n', '\x0b', '\x0c'), behavior will be unspecified
  tokens_by_line = make_tokens_by_line(lines)
/app/ipython/IPython/core/inputtransformer2.py:608: UserWarning: `make_tokens_by_line` received a list of lines which do not have lineending markers ('\n', '\r', '\r\n', '\x0b', '\x0c'), behavior will be unspecified
  tokens_by_line = make_tokens_by_line(lines)
/app/ipython/IPython/core/inputtransformer2.py:714: UserWarning: `make_tokens_by_line` received a list of lines which do not have lineending markers ('\n', '\r', '\r\n', '\x0b', '\x0c'), behavior will be unspecified
  tokens_by_line = make_tokens_by_line(lines)
/app/ipython/IPython/core/inputtransformer2.py:608: UserWarning: `make_tokens_by_line` received a list of lines which do not have lineending markers ('\n', '\r', '\r\n', '\x0b', '\x0c'), behavior will be unspecified
  tokens_by_line = make_tokens_by_line(lines)
/app/ipython/IPython/core/inputtransformer2.py:608: UserWarning: `make_tokens_by_line` received a list of lines which do not have lineending markers ('\n', '\r', '\r\n', '\x0b', '\x0c'), behavior will be unspecified
  tokens_by_line = make_tokens_by_line(lines)
/app/ipython/IPython/core/inputtransformer2.py:608: UserWarning: `make_tokens_by_line` received a list of lines which do not have lineending markers ('\n', '\r', '\r\n', '\x0b', '\x0c'), behavior will be unspecified
  tokens_by_line = make_tokens_by_line(lines)
/app/ipython/IPython/core/inputtransformer2.py:714: UserWarning: `make_tokens_by_line` received a list of lines which do not have lineending markers ('\n', '\r', '\r\n', '\x0b', '\x0c'), behavior will be unspecified
  tokens_by_line = make_tokens_by_line(lines)
/app/ipython/IPython/core/inputtransformer2.py:608: UserWarning: `make_tokens_by_line` received a list of lines which do not have lineending markers ('\n', '\r', '\r\n', '\x0b', '\x0c'), behavior will be unspecified
  tokens_by_line = make_tokens_by_line(lines)
/app/ipython/IPython/core/inputtransformer2.py:714: UserWarning: `make_tokens_by_line` received a list of lines which do not have lineending markers ('\n', '\r', '\r\n', '\x0b', '\x0c'), behavior will be unspecified
  tokens_by_line = make_tokens_by_line(lines)
/app/ipython/IPython/core/inputtransformer2.py:608: UserWarning: `make_tokens_by_line` received a list of lines which do not have lineending markers ('\n', '\r', '\r\n', '\x0b', '\x0c'), behavior will be unspecified
  tokens_by_line = make_tokens_by_line(lines)
/app/ipython/IPython/core/inputtransformer2.py:714: UserWarning: `make_tokens_by_line` received a list of lines which do not have lineending markers ('\n', '\r', '\r\n', '\x0b', '\x0c'), behavior will be unspecified
  tokens_by_line = make_tokens_by_line(lines)
#29849	NEW    cov: 2645 ft: 3934 corp: 175/1909b lim: 48 exec/s: 4264 rss: 80Mb L: 35/40 MS: 3 ChangeBinInt-ChangeBinInt-CrossOver-
/app/ipython/IPython/core/inputtransformer2.py:608: UserWarning: `make_tokens_by_line` received a list of lines which do not have lineending markers ('\n', '\r', '\r\n', '\x0b', '\x0c'), behavior will be unspecified
  tokens_by_line = make_tokens_by_line(lines)
/app/ipython/IPython/core/inputtransformer2.py:714: UserWarning: `make_tokens_by_line` received a list of lines which do not have lineending markers ('\n', '\r', '\r\n', '\x0b', '\x0c'), behavior will be unspecified
  tokens_by_line = make_tokens_by_line(lines)
/app/ipython/IPython/core/inputtransformer2.py:608: UserWarning: `make_tokens_by_line` received a list of lines which do not have lineending markers ('\n', '\r', '\r\n', '\x0b', '\x0c'), behavior will be unspecified
  tokens_by_line = make_tokens_by_line(lines)
/app/ipython/IPython/core/inputtransformer2.py:608: UserWarning: `make_tokens_by_line` received a list of lines which do not have lineending markers ('\n', '\r', '\r\n', '\x0b', '\x0c'), behavior will be unspecified
  tokens_by_line = make_tokens_by_line(lines)
/app/ipython/IPython/core/inputtransformer2.py:608: UserWarning: `make_tokens_by_line` received a list of lines which do not have lineending markers ('\n', '\r', '\r\n', '\x0b', '\x0c'), behavior will be unspecified
  tokens_by_line = make_tokens_by_line(lines)
/app/ipython/IPython/core/inputtransformer2.py:608: UserWarning: `make_tokens_by_line` received a list of lines which do not have lineending markers ('\n', '\r', '\r\n', '\x0b', '\x0c'), behavior will be unspecified
  tokens_by_line = make_tokens_by_line(lines)
/app/ipython/IPython/core/inputtransformer2.py:714: UserWarning: `make_tokens_by_line` received a list of lines which do not have lineending markers ('\n', '\r', '\r\n', '\x0b', '\x0c'), behavior will be unspecified
  tokens_by_line = make_tokens_by_line(lines)
/app/ipython/IPython/core/inputtransformer2.py:608: UserWarning: `make_tokens_by_line` received a list of lines which do not have lineending markers ('\n', '\r', '\r\n', '\x0b', '\x0c'), behavior will be unspecified
  tokens_by_line = make_tokens_by_line(lines)
/app/ipython/IPython/core/inputtransformer2.py:608: UserWarning: `make_tokens_by_line` received a list of lines which do not have lineending markers ('\n', '\r', '\r\n', '\x0b', '\x0c'), behavior will be unspecified
  tokens_by_line = make_tokens_by_line(lines)
/app/ipython/IPython/core/inputtransformer2.py:608: UserWarning: `make_tokens_by_line` received a list of lines which do not have lineending markers ('\n', '\r', '\r\n', '\x0b', '\x0c'), behavior will be unspecified
  tokens_by_line = make_tokens_by_line(lines)
/app/ipython/IPython/core/inputtransformer2.py:714: UserWarning: `make_tokens_by_line` received a list of lines which do not have lineending markers ('\n', '\r', '\r\n', '\x0b', '\x0c'), behavior will be unspecified
  tokens_by_line = make_tokens_by_line(lines)
/app/ipython/IPython/core/inputtransformer2.py:608: UserWarning: `make_tokens_by_line` received a list of lines which do not have lineending markers ('\n', '\r', '\r\n', '\x0b', '\x0c'), behavior will be unspecified
  tokens_by_line = make_tokens_by_line(lines)
/app/ipython/IPython/core/inputtransformer2.py:714: UserWarning: `make_tokens_by_line` received a list of lines which do not have lineending markers ('\n', '\r', '\r\n', '\x0b', '\x0c'), behavior will be unspecified
  tokens_by_line = make_tokens_by_line(lines)
/app/ipython/IPython/core/inputtransformer2.py:608: UserWarning: `make_tokens_by_line` received a list of lines which do not have lineending markers ('\n', '\r', '\r\n', '\x0b', '\x0c'), behavior will be unspecified
  tokens_by_line = make_tokens_by_line(lines)
/app/ipython/IPython/core/inputtransformer2.py:714: UserWarning: `make_tokens_by_line` received a list of lines which do not have lineending markers ('\n', '\r', '\r\n', '\x0b', '\x0c'), behavior will be unspecified
  tokens_by_line = make_tokens_by_line(lines)
/app/ipython/IPython/core/inputtransformer2.py:608: UserWarning: `make_tokens_by_line` received a list of lines which do not have lineending markers ('\n', '\r', '\r\n', '\x0b', '\x0c'), behavior will be unspecified
  tokens_by_line = make_tokens_by_line(lines)
/app/ipython/IPython/core/inputtransformer2.py:714: UserWarning: `make_tokens_by_line` received a list of lines which do not have lineending markers ('\n', '\r', '\r\n', '\x0b', '\x0c'), behavior will be unspecified
  tokens_by_line = make_tokens_by_line(lines)
/app/ipython/IPython/core/inputtransformer2.py:608: UserWarning: `make_tokens_by_line` received a list of lines which do not have lineending markers ('\n', '\r', '\r\n', '\x0b', '\x0c'), behavior will be unspecified
  tokens_by_line = make_tokens_by_line(lines)
/app/ipython/IPython/core/inputtransformer2.py:714: UserWarning: `make_tokens_by_line` received a list of lines which do not have lineending markers ('\n', '\r', '\r\n', '\x0b', '\x0c'), behavior will be unspecified
  tokens_by_line = make_tokens_by_line(lines)
/app/ipython/IPython/core/inputtransformer2.py:608: UserWarning: `make_tokens_by_line` received a list of lines which do not have lineending markers ('\n', '\r', '\r\n', '\x0b', '\x0c'), behavior will be unspecified
  tokens_by_line = make_tokens_by_line(lines)
/app/ipython/IPython/core/inputtransformer2.py:714: UserWarning: `make_tokens_by_line` received a list of lines which do not have lineending markers ('\n', '\r', '\r\n', '\x0b', '\x0c'), behavior will be unspecified
  tokens_by_line = make_tokens_by_line(lines)
/app/ipython/IPython/core/inputtransformer2.py:608: UserWarning: `make_tokens_by_line` received a list of lines which do not have lineending markers ('\n', '\r', '\r\n', '\x0b', '\x0c'), behavior will be unspecified
  tokens_by_line = make_tokens_by_line(lines)
#30416	REDUCE cov: 2645 ft: 3935 corp: 176/1950b lim: 53 exec/s: 3802 rss: 80Mb L: 41/41 MS: 2 InsertByte-CopyPart-
#30418	REDUCE cov: 2645 ft: 3937 corp: 177/1995b lim: 53 exec/s: 3802 rss: 80Mb L: 45/45 MS: 2 ChangeASCIIInt-CrossOver-
/app/ipython/IPython/core/inputtransformer2.py:608: UserWarning: `make_tokens_by_line` received a list of lines which do not have lineending markers ('\n', '\r', '\r\n', '\x0b', '\x0c'), behavior will be unspecified
  tokens_by_line = make_tokens_by_line(lines)
/app/ipython/IPython/core/inputtransformer2.py:714: UserWarning: `make_tokens_by_line` received a list of lines which do not have lineending markers ('\n', '\r', '\r\n', '\x0b', '\x0c'), behavior will be unspecified
  tokens_by_line = make_tokens_by_line(lines)
/app/ipython/IPython/core/inputtransformer2.py:608: UserWarning: `make_tokens_by_line` received a list of lines which do not have lineending markers ('\n', '\r', '\r\n', '\x0b', '\x0c'), behavior will be unspecified
  tokens_by_line = make_tokens_by_line(lines)
/app/ipython/IPython/core/inputtransformer2.py:714: UserWarning: `make_tokens_by_line` received a list of lines which do not have lineending markers ('\n', '\r', '\r\n', '\x0b', '\x0c'), behavior will be unspecified
  tokens_by_line = make_tokens_by_line(lines)
/app/ipython/IPython/core/inputtransformer2.py:608: UserWarning: `make_tokens_by_line` received a list of lines which do not have lineending markers ('\n', '\r', '\r\n', '\x0b', '\x0c'), behavior will be unspecified
  tokens_by_line = make_tokens_by_line(lines)
/app/ipython/IPython/core/inputtransformer2.py:714: UserWarning: `make_tokens_by_line` received a list of lines which do not have lineending markers ('\n', '\r', '\r\n', '\x0b', '\x0c'), behavior will be unspecified
  tokens_by_line = make_tokens_by_line(lines)
/app/ipython/IPython/core/inputtransformer2.py:608: UserWarning: `make_tokens_by_line` received a list of lines which do not have lineending markers ('\n', '\r', '\r\n', '\x0b', '\x0c'), behavior will be unspecified
  tokens_by_line = make_tokens_by_line(lines)
/app/ipython/IPython/core/inputtransformer2.py:714: UserWarning: `make_tokens_by_line` received a list of lines which do not have lineending markers ('\n', '\r', '\r\n', '\x0b', '\x0c'), behavior will be unspecified
  tokens_by_line = make_tokens_by_line(lines)
/app/ipython/IPython/core/inputtransformer2.py:608: UserWarning: `make_tokens_by_line` received a list of lines which do not have lineending markers ('\n', '\r', '\r\n', '\x0b', '\x0c'), behavior will be unspecified
  tokens_by_line = make_tokens_by_line(lines)
/app/ipython/IPython/core/inputtransformer2.py:714: UserWarning: `make_tokens_by_line` received a list of lines which do not have lineending markers ('\n', '\r', '\r\n', '\x0b', '\x0c'), behavior will be unspecified
  tokens_by_line = make_tokens_by_line(lines)
#30504	REDUCE cov: 2645 ft: 3937 corp: 177/1991b lim: 53 exec/s: 3813 rss: 80Mb L: 12/45 MS: 1 EraseBytes-
/app/ipython/IPython/core/inputtransformer2.py:608: UserWarning: `make_tokens_by_line` received a list of lines which do not have lineending markers ('\n', '\r', '\r\n', '\x0b', '\x0c'), behavior will be unspecified
  tokens_by_line = make_tokens_by_line(lines)
/app/ipython/IPython/core/inputtransformer2.py:714: UserWarning: `make_tokens_by_line` received a list of lines which do not have lineending markers ('\n', '\r', '\r\n', '\x0b', '\x0c'), behavior will be unspecified
  tokens_by_line = make_tokens_by_line(lines)
/app/ipython/IPython/core/inputtransformer2.py:608: UserWarning: `make_tokens_by_line` received a list of lines which do not have lineending markers ('\n', '\r', '\r\n', '\x0b', '\x0c'), behavior will be unspecified
  tokens_by_line = make_tokens_by_line(lines)
/app/ipython/IPython/core/inputtransformer2.py:608: UserWarning: `make_tokens_by_line` received a list of lines which do not have lineending markers ('\n', '\r', '\r\n', '\x0b', '\x0c'), behavior will be unspecified
  tokens_by_line = make_tokens_by_line(lines)
/app/ipython/IPython/core/inputtransformer2.py:714: UserWarning: `make_tokens_by_line` received a list of lines which do not have lineending markers ('\n', '\r', '\r\n', '\x0b', '\x0c'), behavior will be unspecified
  tokens_by_line = make_tokens_by_line(lines)
/app/ipython/IPython/core/inputtransformer2.py:608: UserWarning: `make_tokens_by_line` received a list of lines which do not have lineending markers ('\n', '\r', '\r\n', '\x0b', '\x0c'), behavior will be unspecified
  tokens_by_line = make_tokens_by_line(lines)
/app/ipython/IPython/core/inputtransformer2.py:714: UserWarning: `make_tokens_by_line` received a list of lines which do not have lineending markers ('\n', '\r', '\r\n', '\x0b', '\x0c'), behavior will be unspecified
  tokens_by_line = make_tokens_by_line(lines)
#30820	REDUCE cov: 2645 ft: 3937 corp: 177/1989b lim: 53 exec/s: 3852 rss: 80Mb L: 8/45 MS: 1 EraseBytes-
#30826	REDUCE cov: 2645 ft: 3937 corp: 177/1987b lim: 53 exec/s: 3853 rss: 80Mb L: 10/45 MS: 1 EraseBytes-
/app/ipython/IPython/core/inputtransformer2.py:608: UserWarning: `make_tokens_by_line` received a list of lines which do not have lineending markers ('\n', '\r', '\r\n', '\x0b', '\x0c'), behavior will be unspecified
  tokens_by_line = make_tokens_by_line(lines)
/app/ipython/IPython/core/inputtransformer2.py:714: UserWarning: `make_tokens_by_line` received a list of lines which do not have lineending markers ('\n', '\r', '\r\n', '\x0b', '\x0c'), behavior will be unspecified
  tokens_by_line = make_tokens_by_line(lines)
/app/ipython/IPython/core/inputtransformer2.py:608: UserWarning: `make_tokens_by_line` received a list of lines which do not have lineending markers ('\n', '\r', '\r\n', '\x0b', '\x0c'), behavior will be unspecified
  tokens_by_line = make_tokens_by_line(lines)
/app/ipython/IPython/core/inputtransformer2.py:714: UserWarning: `make_tokens_by_line` received a list of lines which do not have lineending markers ('\n', '\r', '\r\n', '\x0b', '\x0c'), behavior will be unspecified
  tokens_by_line = make_tokens_by_line(lines)
/app/ipython/IPython/core/inputtransformer2.py:608: UserWarning: `make_tokens_by_line` received a list of lines which do not have lineending markers ('\n', '\r', '\r\n', '\x0b', '\x0c'), behavior will be unspecified
  tokens_by_line = make_tokens_by_line(lines)
/app/ipython/IPython/core/inputtransformer2.py:714: UserWarning: `make_tokens_by_line` received a list of lines which do not have lineending markers ('\n', '\r', '\r\n', '\x0b', '\x0c'), behavior will be unspecified
  tokens_by_line = make_tokens_by_line(lines)
/app/ipython/IPython/core/inputtransformer2.py:608: UserWarning: `make_tokens_by_line` received a list of lines which do not have lineending markers ('\n', '\r', '\r\n', '\x0b', '\x0c'), behavior will be unspecified
  tokens_by_line = make_tokens_by_line(lines)
/app/ipython/IPython/core/inputtransformer2.py:714: UserWarning: `make_tokens_by_line` received a list of lines which do not have lineending markers ('\n', '\r', '\r\n', '\x0b', '\x0c'), behavior will be unspecified
  tokens_by_line = make_tokens_by_line(lines)
/app/ipython/IPython/core/inputtransformer2.py:608: UserWarning: `make_tokens_by_line` received a list of lines which do not have lineending markers ('\n', '\r', '\r\n', '\x0b', '\x0c'), behavior will be unspecified
  tokens_by_line = make_tokens_by_line(lines)
/app/ipython/IPython/core/inputtransformer2.py:714: UserWarning: `make_tokens_by_line` received a list of lines which do not have lineending markers ('\n', '\r', '\r\n', '\x0b', '\x0c'), behavior will be unspecified
  tokens_by_line = make_tokens_by_line(lines)
/app/ipython/IPython/core/inputtransformer2.py:608: UserWarning: `make_tokens_by_line` received a list of lines which do not have lineending markers ('\n', '\r', '\r\n', '\x0b', '\x0c'), behavior will be unspecified
  tokens_by_line = make_tokens_by_line(lines)
/app/ipython/IPython/core/inputtransformer2.py:608: UserWarning: `make_tokens_by_line` received a list of lines which do not have lineending markers ('\n', '\r', '\r\n', '\x0b', '\x0c'), behavior will be unspecified
  tokens_by_line = make_tokens_by_line(lines)
/app/ipython/IPython/core/inputtransformer2.py:608: UserWarning: `make_tokens_by_line` received a list of lines which do not have lineending markers ('\n', '\r', '\r\n', '\x0b', '\x0c'), behavior will be unspecified
  tokens_by_line = make_tokens_by_line(lines)
/app/ipython/IPython/core/inputtransformer2.py:608: UserWarning: `make_tokens_by_line` received a list of lines which do not have lineending markers ('\n', '\r', '\r\n', '\x0b', '\x0c'), behavior will be unspecified
  tokens_by_line = make_tokens_by_line(lines)
/app/ipython/IPython/core/inputtransformer2.py:608: UserWarning: `make_tokens_by_line` received a list of lines which do not have lineending markers ('\n', '\r', '\r\n', '\x0b', '\x0c'), behavior will be unspecified
  tokens_by_line = make_tokens_by_line(lines)
/app/ipython/IPython/core/inputtransformer2.py:608: UserWarning: `make_tokens_by_line` received a list of lines which do not have lineending markers ('\n', '\r', '\r\n', '\x0b', '\x0c'), behavior will be unspecified
  tokens_by_line = make_tokens_by_line(lines)
/app/ipython/IPython/core/inputtransformer2.py:714: UserWarning: `make_tokens_by_line` received a list of lines which do not have lineending markers ('\n', '\r', '\r\n', '\x0b', '\x0c'), behavior will be unspecified
  tokens_by_line = make_tokens_by_line(lines)
/app/ipython/IPython/core/inputtransformer2.py:608: UserWarning: `make_tokens_by_line` received a list of lines which do not have lineending markers ('\n', '\r', '\r\n', '\x0b', '\x0c'), behavior will be unspecified
  tokens_by_line = make_tokens_by_line(lines)
/app/ipython/IPython/core/inputtransformer2.py:608: UserWarning: `make_tokens_by_line` received a list of lines which do not have lineending markers ('\n', '\r', '\r\n', '\x0b', '\x0c'), behavior will be unspecified
  tokens_by_line = make_tokens_by_line(lines)
/app/ipython/IPython/core/inputtransformer2.py:608: UserWarning: `make_tokens_by_line` received a list of lines which do not have lineending markers ('\n', '\r', '\r\n', '\x0b', '\x0c'), behavior will be unspecified
  tokens_by_line = make_tokens_by_line(lines)
#31051	REDUCE cov: 2645 ft: 3939 corp: 178/2036b lim: 53 exec/s: 3881 rss: 80Mb L: 49/49 MS: 5 InsertRepeatedBytes-CrossOver-InsertRepeatedBytes-CopyPart-ChangeByte-
/app/ipython/IPython/core/inputtransformer2.py:608: UserWarning: `make_tokens_by_line` received a list of lines which do not have lineending markers ('\n', '\r', '\r\n', '\x0b', '\x0c'), behavior will be unspecified
  tokens_by_line = make_tokens_by_line(lines)
/app/ipython/IPython/core/inputtransformer2.py:714: UserWarning: `make_tokens_by_line` received a list of lines which do not have lineending markers ('\n', '\r', '\r\n', '\x0b', '\x0c'), behavior will be unspecified
  tokens_by_line = make_tokens_by_line(lines)
/app/ipython/IPython/core/inputtransformer2.py:608: UserWarning: `make_tokens_by_line` received a list of lines which do not have lineending markers ('\n', '\r', '\r\n', '\x0b', '\x0c'), behavior will be unspecified
  tokens_by_line = make_tokens_by_line(lines)
/app/ipython/IPython/core/inputtransformer2.py:714: UserWarning: `make_tokens_by_line` received a list of lines which do not have lineending markers ('\n', '\r', '\r\n', '\x0b', '\x0c'), behavior will be unspecified
  tokens_by_line = make_tokens_by_line(lines)
/app/ipython/IPython/core/inputtransformer2.py:608: UserWarning: `make_tokens_by_line` received a list of lines which do not have lineending markers ('\n', '\r', '\r\n', '\x0b', '\x0c'), behavior will be unspecified
  tokens_by_line = make_tokens_by_line(lines)
/app/ipython/IPython/core/inputtransformer2.py:608: UserWarning: `make_tokens_by_line` received a list of lines which do not have lineending markers ('\n', '\r', '\r\n', '\x0b', '\x0c'), behavior will be unspecified
  tokens_by_line = make_tokens_by_line(lines)
#31191	REDUCE cov: 2645 ft: 3939 corp: 178/2034b lim: 53 exec/s: 3898 rss: 80Mb L: 23/49 MS: 5 InsertRepeatedBytes-ChangeBit-CopyPart-CopyPart-EraseBytes-
/app/ipython/IPython/core/inputtransformer2.py:608: UserWarning: `make_tokens_by_line` received a list of lines which do not have lineending markers ('\n', '\r', '\r\n', '\x0b', '\x0c'), behavior will be unspecified
  tokens_by_line = make_tokens_by_line(lines)
#31295	REDUCE cov: 2645 ft: 3939 corp: 178/2029b lim: 53 exec/s: 3911 rss: 80Mb L: 35/49 MS: 4 ChangeByte-ChangeBinInt-CrossOver-CrossOver-
/app/ipython/IPython/core/inputtransformer2.py:608: UserWarning: `make_tokens_by_line` received a list of lines which do not have lineending markers ('\n', '\r', '\r\n', '\x0b', '\x0c'), behavior will be unspecified
  tokens_by_line = make_tokens_by_line(lines)
/app/ipython/IPython/core/inputtransformer2.py:714: UserWarning: `make_tokens_by_line` received a list of lines which do not have lineending markers ('\n', '\r', '\r\n', '\x0b', '\x0c'), behavior will be unspecified
  tokens_by_line = make_tokens_by_line(lines)
/app/ipython/IPython/core/inputtransformer2.py:608: UserWarning: `make_tokens_by_line` received a list of lines which do not have lineending markers ('\n', '\r', '\r\n', '\x0b', '\x0c'), behavior will be unspecified
  tokens_by_line = make_tokens_by_line(lines)
/app/ipython/IPython/core/inputtransformer2.py:714: UserWarning: `make_tokens_by_line` received a list of lines which do not have lineending markers ('\n', '\r', '\r\n', '\x0b', '\x0c'), behavior will be unspecified
  tokens_by_line = make_tokens_by_line(lines)
/app/ipython/IPython/core/inputtransformer2.py:608: UserWarning: `make_tokens_by_line` received a list of lines which do not have lineending markers ('\n', '\r', '\r\n', '\x0b', '\x0c'), behavior will be unspecified
  tokens_by_line = make_tokens_by_line(lines)
/app/ipython/IPython/core/inputtransformer2.py:714: UserWarning: `make_tokens_by_line` received a list of lines which do not have lineending markers ('\n', '\r', '\r\n', '\x0b', '\x0c'), behavior will be unspecified
  tokens_by_line = make_tokens_by_line(lines)
/app/ipython/IPython/core/inputtransformer2.py:608: UserWarning: `make_tokens_by_line` received a list of lines which do not have lineending markers ('\n', '\r', '\r\n', '\x0b', '\x0c'), behavior will be unspecified
  tokens_by_line = make_tokens_by_line(lines)
/app/ipython/IPython/core/inputtransformer2.py:714: UserWarning: `make_tokens_by_line` received a list of lines which do not have lineending markers ('\n', '\r', '\r\n', '\x0b', '\x0c'), behavior will be unspecified
  tokens_by_line = make_tokens_by_line(lines)
/app/ipython/IPython/core/inputtransformer2.py:608: UserWarning: `make_tokens_by_line` received a list of lines which do not have lineending markers ('\n', '\r', '\r\n', '\x0b', '\x0c'), behavior will be unspecified
  tokens_by_line = make_tokens_by_line(lines)
/app/ipython/IPython/core/inputtransformer2.py:714: UserWarning: `make_tokens_by_line` received a list of lines which do not have lineending markers ('\n', '\r', '\r\n', '\x0b', '\x0c'), behavior will be unspecified
  tokens_by_line = make_tokens_by_line(lines)
/app/ipython/IPython/core/inputtransformer2.py:608: UserWarning: `make_tokens_by_line` received a list of lines which do not have lineending markers ('\n', '\r', '\r\n', '\x0b', '\x0c'), behavior will be unspecified
  tokens_by_line = make_tokens_by_line(lines)
/app/ipython/IPython/core/inputtransformer2.py:714: UserWarning: `make_tokens_by_line` received a list of lines which do not have lineending markers ('\n', '\r', '\r\n', '\x0b', '\x0c'), behavior will be unspecified
  tokens_by_line = make_tokens_by_line(lines)
/app/ipython/IPython/core/inputtransformer2.py:608: UserWarning: `make_tokens_by_line` received a list of lines which do not have lineending markers ('\n', '\r', '\r\n', '\x0b', '\x0c'), behavior will be unspecified
  tokens_by_line = make_tokens_by_line(lines)
/app/ipython/IPython/core/inputtransformer2.py:714: UserWarning: `make_tokens_by_line` received a list of lines which do not have lineending markers ('\n', '\r', '\r\n', '\x0b', '\x0c'), behavior will be unspecified
  tokens_by_line = make_tokens_by_line(lines)
/app/ipython/IPython/core/inputtransformer2.py:608: UserWarning: `make_tokens_by_line` received a list of lines which do not have lineending markers ('\n', '\r', '\r\n', '\x0b', '\x0c'), behavior will be unspecified
  tokens_by_line = make_tokens_by_line(lines)
/app/ipython/IPython/core/inputtransformer2.py:714: UserWarning: `make_tokens_by_line` received a list of lines which do not have lineending markers ('\n', '\r', '\r\n', '\x0b', '\x0c'), behavior will be unspecified
  tokens_by_line = make_tokens_by_line(lines)
/app/ipython/IPython/core/inputtransformer2.py:608: UserWarning: `make_tokens_by_line` received a list of lines which do not have lineending markers ('\n', '\r', '\r\n', '\x0b', '\x0c'), behavior will be unspecified
  tokens_by_line = make_tokens_by_line(lines)
/app/ipython/IPython/core/inputtransformer2.py:714: UserWarning: `make_tokens_by_line` received a list of lines which do not have lineending markers ('\n', '\r', '\r\n', '\x0b', '\x0c'), behavior will be unspecified
  tokens_by_line = make_tokens_by_line(lines)
/app/ipython/IPython/core/inputtransformer2.py:608: UserWarning: `make_tokens_by_line` received a list of lines which do not have lineending markers ('\n', '\r', '\r\n', '\x0b', '\x0c'), behavior will be unspecified
  tokens_by_line = make_tokens_by_line(lines)
/app/ipython/IPython/core/inputtransformer2.py:714: UserWarning: `make_tokens_by_line` received a list of lines which do not have lineending markers ('\n', '\r', '\r\n', '\x0b', '\x0c'), behavior will be unspecified
  tokens_by_line = make_tokens_by_line(lines)
/app/ipython/IPython/core/inputtransformer2.py:608: UserWarning: `make_tokens_by_line` received a list of lines which do not have lineending markers ('\n', '\r', '\r\n', '\x0b', '\x0c'), behavior will be unspecified
  tokens_by_line = make_tokens_by_line(lines)
/app/ipython/IPython/core/inputtransformer2.py:714: UserWarning: `make_tokens_by_line` received a list of lines which do not have lineending markers ('\n', '\r', '\r\n', '\x0b', '\x0c'), behavior will be unspecified
  tokens_by_line = make_tokens_by_line(lines)
/app/ipython/IPython/core/inputtransformer2.py:608: UserWarning: `make_tokens_by_line` received a list of lines which do not have lineending markers ('\n', '\r', '\r\n', '\x0b', '\x0c'), behavior will be unspecified
  tokens_by_line = make_tokens_by_line(lines)
/app/ipython/IPython/core/inputtransformer2.py:714: UserWarning: `make_tokens_by_line` received a list of lines which do not have lineending markers ('\n', '\r', '\r\n', '\x0b', '\x0c'), behavior will be unspecified
  tokens_by_line = make_tokens_by_line(lines)
/app/ipython/IPython/core/inputtransformer2.py:608: UserWarning: `make_tokens_by_line` received a list of lines which do not have lineending markers ('\n', '\r', '\r\n', '\x0b', '\x0c'), behavior will be unspecified
  tokens_by_line = make_tokens_by_line(lines)
/app/ipython/IPython/core/inputtransformer2.py:714: UserWarning: `make_tokens_by_line` received a list of lines which do not have lineending markers ('\n', '\r', '\r\n', '\x0b', '\x0c'), behavior will be unspecified
  tokens_by_line = make_tokens_by_line(lines)
#31616	REDUCE cov: 2645 ft: 3939 corp: 178/2024b lim: 53 exec/s: 3952 rss: 80Mb L: 7/49 MS: 1 EraseBytes-
#31642	REDUCE cov: 2645 ft: 3939 corp: 178/2014b lim: 53 exec/s: 3955 rss: 80Mb L: 29/49 MS: 1 EraseBytes-
/app/ipython/IPython/core/inputtransformer2.py:608: UserWarning: `make_tokens_by_line` received a list of lines which do not have lineending markers ('\n', '\r', '\r\n', '\x0b', '\x0c'), behavior will be unspecified
  tokens_by_line = make_tokens_by_line(lines)
/app/ipython/IPython/core/inputtransformer2.py:608: UserWarning: `make_tokens_by_line` received a list of lines which do not have lineending markers ('\n', '\r', '\r\n', '\x0b', '\x0c'), behavior will be unspecified
  tokens_by_line = make_tokens_by_line(lines)
#31683	NEW    cov: 2645 ft: 3940 corp: 179/2056b lim: 53 exec/s: 3960 rss: 80Mb L: 42/49 MS: 1 CrossOver-
/app/ipython/IPython/core/inputtransformer2.py:608: UserWarning: `make_tokens_by_line` received a list of lines which do not have lineending markers ('\n', '\r', '\r\n', '\x0b', '\x0c'), behavior will be unspecified
  tokens_by_line = make_tokens_by_line(lines)
/app/ipython/IPython/core/inputtransformer2.py:608: UserWarning: `make_tokens_by_line` received a list of lines which do not have lineending markers ('\n', '\r', '\r\n', '\x0b', '\x0c'), behavior will be unspecified
  tokens_by_line = make_tokens_by_line(lines)
/app/ipython/IPython/core/inputtransformer2.py:608: UserWarning: `make_tokens_by_line` received a list of lines which do not have lineending markers ('\n', '\r', '\r\n', '\x0b', '\x0c'), behavior will be unspecified
  tokens_by_line = make_tokens_by_line(lines)
#31748	REDUCE cov: 2645 ft: 3943 corp: 180/2096b lim: 53 exec/s: 3968 rss: 80Mb L: 40/49 MS: 5 ChangeBinInt-ChangeBit-ChangeBit-EraseBytes-CrossOver-
#31763	NEW    cov: 2645 ft: 3944 corp: 181/2146b lim: 53 exec/s: 3970 rss: 80Mb L: 50/50 MS: 5 CopyPart-CMP-ShuffleBytes-ShuffleBytes-CopyPart- DE: "\001\000\000\000"-
/app/ipython/IPython/core/inputtransformer2.py:608: UserWarning: `make_tokens_by_line` received a list of lines which do not have lineending markers ('\n', '\r', '\r\n', '\x0b', '\x0c'), behavior will be unspecified
  tokens_by_line = make_tokens_by_line(lines)
/app/ipython/IPython/core/inputtransformer2.py:608: UserWarning: `make_tokens_by_line` received a list of lines which do not have lineending markers ('\n', '\r', '\r\n', '\x0b', '\x0c'), behavior will be unspecified
  tokens_by_line = make_tokens_by_line(lines)
/app/ipython/IPython/core/inputtransformer2.py:714: UserWarning: `make_tokens_by_line` received a list of lines which do not have lineending markers ('\n', '\r', '\r\n', '\x0b', '\x0c'), behavior will be unspecified
  tokens_by_line = make_tokens_by_line(lines)
/app/ipython/IPython/core/inputtransformer2.py:608: UserWarning: `make_tokens_by_line` received a list of lines which do not have lineending markers ('\n', '\r', '\r\n', '\x0b', '\x0c'), behavior will be unspecified
  tokens_by_line = make_tokens_by_line(lines)
/app/ipython/IPython/core/inputtransformer2.py:714: UserWarning: `make_tokens_by_line` received a list of lines which do not have lineending markers ('\n', '\r', '\r\n', '\x0b', '\x0c'), behavior will be unspecified
  tokens_by_line = make_tokens_by_line(lines)
/app/ipython/IPython/core/inputtransformer2.py:608: UserWarning: `make_tokens_by_line` received a list of lines which do not have lineending markers ('\n', '\r', '\r\n', '\x0b', '\x0c'), behavior will be unspecified
  tokens_by_line = make_tokens_by_line(lines)
/app/ipython/IPython/core/inputtransformer2.py:714: UserWarning: `make_tokens_by_line` received a list of lines which do not have lineending markers ('\n', '\r', '\r\n', '\x0b', '\x0c'), behavior will be unspecified
  tokens_by_line = make_tokens_by_line(lines)
/app/ipython/IPython/core/inputtransformer2.py:608: UserWarning: `make_tokens_by_line` received a list of lines which do not have lineending markers ('\n', '\r', '\r\n', '\x0b', '\x0c'), behavior will be unspecified
  tokens_by_line = make_tokens_by_line(lines)
/app/ipython/IPython/core/inputtransformer2.py:714: UserWarning: `make_tokens_by_line` received a list of lines which do not have lineending markers ('\n', '\r', '\r\n', '\x0b', '\x0c'), behavior will be unspecified
  tokens_by_line = make_tokens_by_line(lines)
/app/ipython/IPython/core/inputtransformer2.py:608: UserWarning: `make_tokens_by_line` received a list of lines which do not have lineending markers ('\n', '\r', '\r\n', '\x0b', '\x0c'), behavior will be unspecified
  tokens_by_line = make_tokens_by_line(lines)
/app/ipython/IPython/core/inputtransformer2.py:608: UserWarning: `make_tokens_by_line` received a list of lines which do not have lineending markers ('\n', '\r', '\r\n', '\x0b', '\x0c'), behavior will be unspecified
  tokens_by_line = make_tokens_by_line(lines)
/app/ipython/IPython/core/inputtransformer2.py:714: UserWarning: `make_tokens_by_line` received a list of lines which do not have lineending markers ('\n', '\r', '\r\n', '\x0b', '\x0c'), behavior will be unspecified
  tokens_by_line = make_tokens_by_line(lines)
/app/ipython/IPython/core/inputtransformer2.py:608: UserWarning: `make_tokens_by_line` received a list of lines which do not have lineending markers ('\n', '\r', '\r\n', '\x0b', '\x0c'), behavior will be unspecified
  tokens_by_line = make_tokens_by_line(lines)
/app/ipython/IPython/core/inputtransformer2.py:714: UserWarning: `make_tokens_by_line` received a list of lines which do not have lineending markers ('\n', '\r', '\r\n', '\x0b', '\x0c'), behavior will be unspecified
  tokens_by_line = make_tokens_by_line(lines)
/app/ipython/IPython/core/inputtransformer2.py:608: UserWarning: `make_tokens_by_line` received a list of lines which do not have lineending markers ('\n', '\r', '\r\n', '\x0b', '\x0c'), behavior will be unspecified
  tokens_by_line = make_tokens_by_line(lines)
/app/ipython/IPython/core/inputtransformer2.py:714: UserWarning: `make_tokens_by_line` received a list of lines which do not have lineending markers ('\n', '\r', '\r\n', '\x0b', '\x0c'), behavior will be unspecified
  tokens_by_line = make_tokens_by_line(lines)
/app/ipython/IPython/core/inputtransformer2.py:608: UserWarning: `make_tokens_by_line` received a list of lines which do not have lineending markers ('\n', '\r', '\r\n', '\x0b', '\x0c'), behavior will be unspecified
  tokens_by_line = make_tokens_by_line(lines)
/app/ipython/IPython/core/inputtransformer2.py:714: UserWarning: `make_tokens_by_line` received a list of lines which do not have lineending markers ('\n', '\r', '\r\n', '\x0b', '\x0c'), behavior will be unspecified
  tokens_by_line = make_tokens_by_line(lines)
/app/ipython/IPython/core/inputtransformer2.py:608: UserWarning: `make_tokens_by_line` received a list of lines which do not have lineending markers ('\n', '\r', '\r\n', '\x0b', '\x0c'), behavior will be unspecified
  tokens_by_line = make_tokens_by_line(lines)
/app/ipython/IPython/core/inputtransformer2.py:608: UserWarning: `make_tokens_by_line` received a list of lines which do not have lineending markers ('\n', '\r', '\r\n', '\x0b', '\x0c'), behavior will be unspecified
  tokens_by_line = make_tokens_by_line(lines)
/app/ipython/IPython/core/inputtransformer2.py:714: UserWarning: `make_tokens_by_line` received a list of lines which do not have lineending markers ('\n', '\r', '\r\n', '\x0b', '\x0c'), behavior will be unspecified
  tokens_by_line = make_tokens_by_line(lines)
/app/ipython/IPython/core/inputtransformer2.py:608: UserWarning: `make_tokens_by_line` received a list of lines which do not have lineending markers ('\n', '\r', '\r\n', '\x0b', '\x0c'), behavior will be unspecified
  tokens_by_line = make_tokens_by_line(lines)
/app/ipython/IPython/core/inputtransformer2.py:714: UserWarning: `make_tokens_by_line` received a list of lines which do not have lineending markers ('\n', '\r', '\r\n', '\x0b', '\x0c'), behavior will be unspecified
  tokens_by_line = make_tokens_by_line(lines)
/app/ipython/IPython/core/inputtransformer2.py:608: UserWarning: `make_tokens_by_line` received a list of lines which do not have lineending markers ('\n', '\r', '\r\n', '\x0b', '\x0c'), behavior will be unspecified
  tokens_by_line = make_tokens_by_line(lines)
/app/ipython/IPython/core/inputtransformer2.py:714: UserWarning: `make_tokens_by_line` received a list of lines which do not have lineending markers ('\n', '\r', '\r\n', '\x0b', '\x0c'), behavior will be unspecified
  tokens_by_line = make_tokens_by_line(lines)
/app/ipython/IPython/core/inputtransformer2.py:608: UserWarning: `make_tokens_by_line` received a list of lines which do not have lineending markers ('\n', '\r', '\r\n', '\x0b', '\x0c'), behavior will be unspecified
  tokens_by_line = make_tokens_by_line(lines)
/app/ipython/IPython/core/inputtransformer2.py:714: UserWarning: `make_tokens_by_line` received a list of lines which do not have lineending markers ('\n', '\r', '\r\n', '\x0b', '\x0c'), behavior will be unspecified
  tokens_by_line = make_tokens_by_line(lines)
/app/ipython/IPython/core/inputtransformer2.py:608: UserWarning: `make_tokens_by_line` received a list of lines which do not have lineending markers ('\n', '\r', '\r\n', '\x0b', '\x0c'), behavior will be unspecified
  tokens_by_line = make_tokens_by_line(lines)
/app/ipython/IPython/core/inputtransformer2.py:714: UserWarning: `make_tokens_by_line` received a list of lines which do not have lineending markers ('\n', '\r', '\r\n', '\x0b', '\x0c'), behavior will be unspecified
  tokens_by_line = make_tokens_by_line(lines)
/app/ipython/IPython/core/inputtransformer2.py:608: UserWarning: `make_tokens_by_line` received a list of lines which do not have lineending markers ('\n', '\r', '\r\n', '\x0b', '\x0c'), behavior will be unspecified
  tokens_by_line = make_tokens_by_line(lines)
/app/ipython/IPython/core/inputtransformer2.py:714: UserWarning: `make_tokens_by_line` received a list of lines which do not have lineending markers ('\n', '\r', '\r\n', '\x0b', '\x0c'), behavior will be unspecified
  tokens_by_line = make_tokens_by_line(lines)
/app/ipython/IPython/core/inputtransformer2.py:608: UserWarning: `make_tokens_by_line` received a list of lines which do not have lineending markers ('\n', '\r', '\r\n', '\x0b', '\x0c'), behavior will be unspecified
  tokens_by_line = make_tokens_by_line(lines)
/app/ipython/IPython/core/inputtransformer2.py:714: UserWarning: `make_tokens_by_line` received a list of lines which do not have lineending markers ('\n', '\r', '\r\n', '\x0b', '\x0c'), behavior will be unspecified
  tokens_by_line = make_tokens_by_line(lines)
/app/ipython/IPython/core/inputtransformer2.py:608: UserWarning: `make_tokens_by_line` received a list of lines which do not have lineending markers ('\n', '\r', '\r\n', '\x0b', '\x0c'), behavior will be unspecified
  tokens_by_line = make_tokens_by_line(lines)
/app/ipython/IPython/core/inputtransformer2.py:714: UserWarning: `make_tokens_by_line` received a list of lines which do not have lineending markers ('\n', '\r', '\r\n', '\x0b', '\x0c'), behavior will be unspecified
  tokens_by_line = make_tokens_by_line(lines)
/app/ipython/IPython/core/inputtransformer2.py:608: UserWarning: `make_tokens_by_line` received a list of lines which do not have lineending markers ('\n', '\r', '\r\n', '\x0b', '\x0c'), behavior will be unspecified
  tokens_by_line = make_tokens_by_line(lines)
/app/ipython/IPython/core/inputtransformer2.py:608: UserWarning: `make_tokens_by_line` received a list of lines which do not have lineending markers ('\n', '\r', '\r\n', '\x0b', '\x0c'), behavior will be unspecified
  tokens_by_line = make_tokens_by_line(lines)
/app/ipython/IPython/core/inputtransformer2.py:714: UserWarning: `make_tokens_by_line` received a list of lines which do not have lineending markers ('\n', '\r', '\r\n', '\x0b', '\x0c'), behavior will be unspecified
  tokens_by_line = make_tokens_by_line(lines)
/app/ipython/IPython/core/inputtransformer2.py:608: UserWarning: `make_tokens_by_line` received a list of lines which do not have lineending markers ('\n', '\r', '\r\n', '\x0b', '\x0c'), behavior will be unspecified
  tokens_by_line = make_tokens_by_line(lines)
/app/ipython/IPython/core/inputtransformer2.py:714: UserWarning: `make_tokens_by_line` received a list of lines which do not have lineending markers ('\n', '\r', '\r\n', '\x0b', '\x0c'), behavior will be unspecified
  tokens_by_line = make_tokens_by_line(lines)
/app/ipython/IPython/core/inputtransformer2.py:608: UserWarning: `make_tokens_by_line` received a list of lines which do not have lineending markers ('\n', '\r', '\r\n', '\x0b', '\x0c'), behavior will be unspecified
  tokens_by_line = make_tokens_by_line(lines)
/app/ipython/IPython/core/inputtransformer2.py:714: UserWarning: `make_tokens_by_line` received a list of lines which do not have lineending markers ('\n', '\r', '\r\n', '\x0b', '\x0c'), behavior will be unspecified
  tokens_by_line = make_tokens_by_line(lines)
#32549	REDUCE cov: 2645 ft: 3944 corp: 181/2145b lim: 58 exec/s: 4068 rss: 80Mb L: 6/50 MS: 1 EraseBytes-
/app/ipython/IPython/core/inputtransformer2.py:608: UserWarning: `make_tokens_by_line` received a list of lines which do not have lineending markers ('\n', '\r', '\r\n', '\x0b', '\x0c'), behavior will be unspecified
  tokens_by_line = make_tokens_by_line(lines)
/app/ipython/IPython/core/inputtransformer2.py:608: UserWarning: `make_tokens_by_line` received a list of lines which do not have lineending markers ('\n', '\r', '\r\n', '\x0b', '\x0c'), behavior will be unspecified
  tokens_by_line = make_tokens_by_line(lines)
/app/ipython/IPython/core/inputtransformer2.py:714: UserWarning: `make_tokens_by_line` received a list of lines which do not have lineending markers ('\n', '\r', '\r\n', '\x0b', '\x0c'), behavior will be unspecified
  tokens_by_line = make_tokens_by_line(lines)
/app/ipython/IPython/core/inputtransformer2.py:608: UserWarning: `make_tokens_by_line` received a list of lines which do not have lineending markers ('\n', '\r', '\r\n', '\x0b', '\x0c'), behavior will be unspecified
  tokens_by_line = make_tokens_by_line(lines)
/app/ipython/IPython/core/inputtransformer2.py:714: UserWarning: `make_tokens_by_line` received a list of lines which do not have lineending markers ('\n', '\r', '\r\n', '\x0b', '\x0c'), behavior will be unspecified
  tokens_by_line = make_tokens_by_line(lines)
/app/ipython/IPython/core/inputtransformer2.py:608: UserWarning: `make_tokens_by_line` received a list of lines which do not have lineending markers ('\n', '\r', '\r\n', '\x0b', '\x0c'), behavior will be unspecified
  tokens_by_line = make_tokens_by_line(lines)
/app/ipython/IPython/core/inputtransformer2.py:714: UserWarning: `make_tokens_by_line` received a list of lines which do not have lineending markers ('\n', '\r', '\r\n', '\x0b', '\x0c'), behavior will be unspecified
  tokens_by_line = make_tokens_by_line(lines)
/app/ipython/IPython/core/inputtransformer2.py:608: UserWarning: `make_tokens_by_line` received a list of lines which do not have lineending markers ('\n', '\r', '\r\n', '\x0b', '\x0c'), behavior will be unspecified
  tokens_by_line = make_tokens_by_line(lines)
/app/ipython/IPython/core/inputtransformer2.py:714: UserWarning: `make_tokens_by_line` received a list of lines which do not have lineending markers ('\n', '\r', '\r\n', '\x0b', '\x0c'), behavior will be unspecified
  tokens_by_line = make_tokens_by_line(lines)
/app/ipython/IPython/core/inputtransformer2.py:608: UserWarning: `make_tokens_by_line` received a list of lines which do not have lineending markers ('\n', '\r', '\r\n', '\x0b', '\x0c'), behavior will be unspecified
  tokens_by_line = make_tokens_by_line(lines)
/app/ipython/IPython/core/inputtransformer2.py:714: UserWarning: `make_tokens_by_line` received a list of lines which do not have lineending markers ('\n', '\r', '\r\n', '\x0b', '\x0c'), behavior will be unspecified
  tokens_by_line = make_tokens_by_line(lines)
/app/ipython/IPython/core/inputtransformer2.py:608: UserWarning: `make_tokens_by_line` received a list of lines which do not have lineending markers ('\n', '\r', '\r\n', '\x0b', '\x0c'), behavior will be unspecified
  tokens_by_line = make_tokens_by_line(lines)
/app/ipython/IPython/core/inputtransformer2.py:608: UserWarning: `make_tokens_by_line` received a list of lines which do not have lineending markers ('\n', '\r', '\r\n', '\x0b', '\x0c'), behavior will be unspecified
  tokens_by_line = make_tokens_by_line(lines)
/app/ipython/IPython/core/inputtransformer2.py:714: UserWarning: `make_tokens_by_line` received a list of lines which do not have lineending markers ('\n', '\r', '\r\n', '\x0b', '\x0c'), behavior will be unspecified
  tokens_by_line = make_tokens_by_line(lines)
/app/ipython/IPython/core/inputtransformer2.py:608: UserWarning: `make_tokens_by_line` received a list of lines which do not have lineending markers ('\n', '\r', '\r\n', '\x0b', '\x0c'), behavior will be unspecified
  tokens_by_line = make_tokens_by_line(lines)
/app/ipython/IPython/core/inputtransformer2.py:714: UserWarning: `make_tokens_by_line` received a list of lines which do not have lineending markers ('\n', '\r', '\r\n', '\x0b', '\x0c'), behavior will be unspecified
  tokens_by_line = make_tokens_by_line(lines)
/app/ipython/IPython/core/inputtransformer2.py:608: UserWarning: `make_tokens_by_line` received a list of lines which do not have lineending markers ('\n', '\r', '\r\n', '\x0b', '\x0c'), behavior will be unspecified
  tokens_by_line = make_tokens_by_line(lines)
/app/ipython/IPython/core/inputtransformer2.py:714: UserWarning: `make_tokens_by_line` received a list of lines which do not have lineending markers ('\n', '\r', '\r\n', '\x0b', '\x0c'), behavior will be unspecified
  tokens_by_line = make_tokens_by_line(lines)
/app/ipython/IPython/core/inputtransformer2.py:608: UserWarning: `make_tokens_by_line` received a list of lines which do not have lineending markers ('\n', '\r', '\r\n', '\x0b', '\x0c'), behavior will be unspecified
  tokens_by_line = make_tokens_by_line(lines)
/app/ipython/IPython/core/inputtransformer2.py:714: UserWarning: `make_tokens_by_line` received a list of lines which do not have lineending markers ('\n', '\r', '\r\n', '\x0b', '\x0c'), behavior will be unspecified
  tokens_by_line = make_tokens_by_line(lines)
/app/ipython/IPython/core/inputtransformer2.py:608: UserWarning: `make_tokens_by_line` received a list of lines which do not have lineending markers ('\n', '\r', '\r\n', '\x0b', '\x0c'), behavior will be unspecified
  tokens_by_line = make_tokens_by_line(lines)
/app/ipython/IPython/core/inputtransformer2.py:714: UserWarning: `make_tokens_by_line` received a list of lines which do not have lineending markers ('\n', '\r', '\r\n', '\x0b', '\x0c'), behavior will be unspecified
  tokens_by_line = make_tokens_by_line(lines)
#32702	NEW    cov: 2645 ft: 3957 corp: 182/2190b lim: 58 exec/s: 4087 rss: 80Mb L: 45/50 MS: 3 ChangeByte-ChangeBinInt-InsertRepeatedBytes-
#32717	REDUCE cov: 2645 ft: 3957 corp: 182/2186b lim: 58 exec/s: 4089 rss: 80Mb L: 37/50 MS: 5 InsertRepeatedBytes-ChangeByte-PersAutoDict-CopyPart-EraseBytes- DE: "\000\000"-
/app/ipython/IPython/core/inputtransformer2.py:608: UserWarning: `make_tokens_by_line` received a list of lines which do not have lineending markers ('\n', '\r', '\r\n', '\x0b', '\x0c'), behavior will be unspecified
  tokens_by_line = make_tokens_by_line(lines)
/app/ipython/IPython/core/inputtransformer2.py:714: UserWarning: `make_tokens_by_line` received a list of lines which do not have lineending markers ('\n', '\r', '\r\n', '\x0b', '\x0c'), behavior will be unspecified
  tokens_by_line = make_tokens_by_line(lines)
/app/ipython/IPython/core/inputtransformer2.py:608: UserWarning: `make_tokens_by_line` received a list of lines which do not have lineending markers ('\n', '\r', '\r\n', '\x0b', '\x0c'), behavior will be unspecified
  tokens_by_line = make_tokens_by_line(lines)
/app/ipython/IPython/core/inputtransformer2.py:714: UserWarning: `make_tokens_by_line` received a list of lines which do not have lineending markers ('\n', '\r', '\r\n', '\x0b', '\x0c'), behavior will be unspecified
  tokens_by_line = make_tokens_by_line(lines)
/app/ipython/IPython/core/inputtransformer2.py:608: UserWarning: `make_tokens_by_line` received a list of lines which do not have lineending markers ('\n', '\r', '\r\n', '\x0b', '\x0c'), behavior will be unspecified
  tokens_by_line = make_tokens_by_line(lines)
/app/ipython/IPython/core/inputtransformer2.py:714: UserWarning: `make_tokens_by_line` received a list of lines which do not have lineending markers ('\n', '\r', '\r\n', '\x0b', '\x0c'), behavior will be unspecified
  tokens_by_line = make_tokens_by_line(lines)
/app/ipython/IPython/core/inputtransformer2.py:608: UserWarning: `make_tokens_by_line` received a list of lines which do not have lineending markers ('\n', '\r', '\r\n', '\x0b', '\x0c'), behavior will be unspecified
  tokens_by_line = make_tokens_by_line(lines)
/app/ipython/IPython/core/inputtransformer2.py:714: UserWarning: `make_tokens_by_line` received a list of lines which do not have lineending markers ('\n', '\r', '\r\n', '\x0b', '\x0c'), behavior will be unspecified
  tokens_by_line = make_tokens_by_line(lines)
/app/ipython/IPython/core/inputtransformer2.py:608: UserWarning: `make_tokens_by_line` received a list of lines which do not have lineending markers ('\n', '\r', '\r\n', '\x0b', '\x0c'), behavior will be unspecified
  tokens_by_line = make_tokens_by_line(lines)
/app/ipython/IPython/core/inputtransformer2.py:714: UserWarning: `make_tokens_by_line` received a list of lines which do not have lineending markers ('\n', '\r', '\r\n', '\x0b', '\x0c'), behavior will be unspecified
  tokens_by_line = make_tokens_by_line(lines)
#32739	REDUCE cov: 2645 ft: 3957 corp: 182/2184b lim: 58 exec/s: 4092 rss: 80Mb L: 25/50 MS: 2 PersAutoDict-EraseBytes- DE: "\377\377"-
/app/ipython/IPython/core/inputtransformer2.py:608: UserWarning: `make_tokens_by_line` received a list of lines which do not have lineending markers ('\n', '\r', '\r\n', '\x0b', '\x0c'), behavior will be unspecified
  tokens_by_line = make_tokens_by_line(lines)
/app/ipython/IPython/core/inputtransformer2.py:714: UserWarning: `make_tokens_by_line` received a list of lines which do not have lineending markers ('\n', '\r', '\r\n', '\x0b', '\x0c'), behavior will be unspecified
  tokens_by_line = make_tokens_by_line(lines)
/app/ipython/IPython/core/inputtransformer2.py:608: UserWarning: `make_tokens_by_line` received a list of lines which do not have lineending markers ('\n', '\r', '\r\n', '\x0b', '\x0c'), behavior will be unspecified
  tokens_by_line = make_tokens_by_line(lines)
/app/ipython/IPython/core/inputtransformer2.py:714: UserWarning: `make_tokens_by_line` received a list of lines which do not have lineending markers ('\n', '\r', '\r\n', '\x0b', '\x0c'), behavior will be unspecified
  tokens_by_line = make_tokens_by_line(lines)
/app/ipython/IPython/core/inputtransformer2.py:608: UserWarning: `make_tokens_by_line` received a list of lines which do not have lineending markers ('\n', '\r', '\r\n', '\x0b', '\x0c'), behavior will be unspecified
  tokens_by_line = make_tokens_by_line(lines)
/app/ipython/IPython/core/inputtransformer2.py:714: UserWarning: `make_tokens_by_line` received a list of lines which do not have lineending markers ('\n', '\r', '\r\n', '\x0b', '\x0c'), behavior will be unspecified
  tokens_by_line = make_tokens_by_line(lines)
#32768	pulse  cov: 2645 ft: 3957 corp: 182/2184b lim: 58 exec/s: 4096 rss: 80Mb
/app/ipython/IPython/core/inputtransformer2.py:608: UserWarning: `make_tokens_by_line` received a list of lines which do not have lineending markers ('\n', '\r', '\r\n', '\x0b', '\x0c'), behavior will be unspecified
  tokens_by_line = make_tokens_by_line(lines)
/app/ipython/IPython/core/inputtransformer2.py:608: UserWarning: `make_tokens_by_line` received a list of lines which do not have lineending markers ('\n', '\r', '\r\n', '\x0b', '\x0c'), behavior will be unspecified
  tokens_by_line = make_tokens_by_line(lines)
/app/ipython/IPython/core/inputtransformer2.py:608: UserWarning: `make_tokens_by_line` received a list of lines which do not have lineending markers ('\n', '\r', '\r\n', '\x0b', '\x0c'), behavior will be unspecified
  tokens_by_line = make_tokens_by_line(lines)
#32885	NEW    cov: 2645 ft: 3960 corp: 183/2219b lim: 58 exec/s: 3653 rss: 80Mb L: 35/50 MS: 1 CopyPart-
/app/ipython/IPython/core/inputtransformer2.py:608: UserWarning: `make_tokens_by_line` received a list of lines which do not have lineending markers ('\n', '\r', '\r\n', '\x0b', '\x0c'), behavior will be unspecified
  tokens_by_line = make_tokens_by_line(lines)
/app/ipython/IPython/core/inputtransformer2.py:714: UserWarning: `make_tokens_by_line` received a list of lines which do not have lineending markers ('\n', '\r', '\r\n', '\x0b', '\x0c'), behavior will be unspecified
  tokens_by_line = make_tokens_by_line(lines)
#32936	NEW    cov: 2645 ft: 3962 corp: 184/2263b lim: 58 exec/s: 3659 rss: 80Mb L: 44/50 MS: 1 CrossOver-
/app/ipython/IPython/core/inputtransformer2.py:608: UserWarning: `make_tokens_by_line` received a list of lines which do not have lineending markers ('\n', '\r', '\r\n', '\x0b', '\x0c'), behavior will be unspecified
  tokens_by_line = make_tokens_by_line(lines)
/app/ipython/IPython/core/inputtransformer2.py:714: UserWarning: `make_tokens_by_line` received a list of lines which do not have lineending markers ('\n', '\r', '\r\n', '\x0b', '\x0c'), behavior will be unspecified
  tokens_by_line = make_tokens_by_line(lines)
#33015	NEW    cov: 2645 ft: 3963 corp: 185/2309b lim: 58 exec/s: 3668 rss: 80Mb L: 46/50 MS: 4 InsertRepeatedBytes-ShuffleBytes-ChangeByte-ChangeBit-
#33031	REDUCE cov: 2645 ft: 3963 corp: 185/2304b lim: 58 exec/s: 3670 rss: 80Mb L: 12/50 MS: 1 EraseBytes-
#33073	REDUCE cov: 2645 ft: 3964 corp: 186/2327b lim: 58 exec/s: 3674 rss: 80Mb L: 23/50 MS: 2 ChangeByte-ShuffleBytes-
/app/ipython/IPython/core/inputtransformer2.py:608: UserWarning: `make_tokens_by_line` received a list of lines which do not have lineending markers ('\n', '\r', '\r\n', '\x0b', '\x0c'), behavior will be unspecified
  tokens_by_line = make_tokens_by_line(lines)
/app/ipython/IPython/core/inputtransformer2.py:714: UserWarning: `make_tokens_by_line` received a list of lines which do not have lineending markers ('\n', '\r', '\r\n', '\x0b', '\x0c'), behavior will be unspecified
  tokens_by_line = make_tokens_by_line(lines)
/app/ipython/IPython/core/inputtransformer2.py:608: UserWarning: `make_tokens_by_line` received a list of lines which do not have lineending markers ('\n', '\r', '\r\n', '\x0b', '\x0c'), behavior will be unspecified
  tokens_by_line = make_tokens_by_line(lines)
/app/ipython/IPython/core/inputtransformer2.py:608: UserWarning: `make_tokens_by_line` received a list of lines which do not have lineending markers ('\n', '\r', '\r\n', '\x0b', '\x0c'), behavior will be unspecified
  tokens_by_line = make_tokens_by_line(lines)
/app/ipython/IPython/core/inputtransformer2.py:714: UserWarning: `make_tokens_by_line` received a list of lines which do not have lineending markers ('\n', '\r', '\r\n', '\x0b', '\x0c'), behavior will be unspecified
  tokens_by_line = make_tokens_by_line(lines)
/app/ipython/IPython/core/inputtransformer2.py:608: UserWarning: `make_tokens_by_line` received a list of lines which do not have lineending markers ('\n', '\r', '\r\n', '\x0b', '\x0c'), behavior will be unspecified
  tokens_by_line = make_tokens_by_line(lines)
/app/ipython/IPython/core/inputtransformer2.py:714: UserWarning: `make_tokens_by_line` received a list of lines which do not have lineending markers ('\n', '\r', '\r\n', '\x0b', '\x0c'), behavior will be unspecified
  tokens_by_line = make_tokens_by_line(lines)
/app/ipython/IPython/core/inputtransformer2.py:608: UserWarning: `make_tokens_by_line` received a list of lines which do not have lineending markers ('\n', '\r', '\r\n', '\x0b', '\x0c'), behavior will be unspecified
  tokens_by_line = make_tokens_by_line(lines)
#33374	REDUCE cov: 2645 ft: 3964 corp: 186/2326b lim: 58 exec/s: 3708 rss: 80Mb L: 10/50 MS: 1 EraseBytes-
/app/ipython/IPython/core/inputtransformer2.py:608: UserWarning: `make_tokens_by_line` received a list of lines which do not have lineending markers ('\n', '\r', '\r\n', '\x0b', '\x0c'), behavior will be unspecified
  tokens_by_line = make_tokens_by_line(lines)
/app/ipython/IPython/core/inputtransformer2.py:714: UserWarning: `make_tokens_by_line` received a list of lines which do not have lineending markers ('\n', '\r', '\r\n', '\x0b', '\x0c'), behavior will be unspecified
  tokens_by_line = make_tokens_by_line(lines)
/app/ipython/IPython/core/inputtransformer2.py:608: UserWarning: `make_tokens_by_line` received a list of lines which do not have lineending markers ('\n', '\r', '\r\n', '\x0b', '\x0c'), behavior will be unspecified
  tokens_by_line = make_tokens_by_line(lines)
/app/ipython/IPython/core/inputtransformer2.py:714: UserWarning: `make_tokens_by_line` received a list of lines which do not have lineending markers ('\n', '\r', '\r\n', '\x0b', '\x0c'), behavior will be unspecified
  tokens_by_line = make_tokens_by_line(lines)
/app/ipython/IPython/core/inputtransformer2.py:608: UserWarning: `make_tokens_by_line` received a list of lines which do not have lineending markers ('\n', '\r', '\r\n', '\x0b', '\x0c'), behavior will be unspecified
  tokens_by_line = make_tokens_by_line(lines)
/app/ipython/IPython/core/inputtransformer2.py:714: UserWarning: `make_tokens_by_line` received a list of lines which do not have lineending markers ('\n', '\r', '\r\n', '\x0b', '\x0c'), behavior will be unspecified
  tokens_by_line = make_tokens_by_line(lines)
/app/ipython/IPython/core/inputtransformer2.py:608: UserWarning: `make_tokens_by_line` received a list of lines which do not have lineending markers ('\n', '\r', '\r\n', '\x0b', '\x0c'), behavior will be unspecified
  tokens_by_line = make_tokens_by_line(lines)
#33568	NEW    cov: 2645 ft: 3965 corp: 187/2381b lim: 58 exec/s: 3729 rss: 80Mb L: 55/55 MS: 4 ChangeBinInt-CopyPart-InsertByte-CopyPart-
/app/ipython/IPython/core/inputtransformer2.py:608: UserWarning: `make_tokens_by_line` received a list of lines which do not have lineending markers ('\n', '\r', '\r\n', '\x0b', '\x0c'), behavior will be unspecified
  tokens_by_line = make_tokens_by_line(lines)
/app/ipython/IPython/core/inputtransformer2.py:714: UserWarning: `make_tokens_by_line` received a list of lines which do not have lineending markers ('\n', '\r', '\r\n', '\x0b', '\x0c'), behavior will be unspecified
  tokens_by_line = make_tokens_by_line(lines)
/app/ipython/IPython/core/inputtransformer2.py:608: UserWarning: `make_tokens_by_line` received a list of lines which do not have lineending markers ('\n', '\r', '\r\n', '\x0b', '\x0c'), behavior will be unspecified
  tokens_by_line = make_tokens_by_line(lines)
/app/ipython/IPython/core/inputtransformer2.py:714: UserWarning: `make_tokens_by_line` received a list of lines which do not have lineending markers ('\n', '\r', '\r\n', '\x0b', '\x0c'), behavior will be unspecified
  tokens_by_line = make_tokens_by_line(lines)
/app/ipython/IPython/core/inputtransformer2.py:608: UserWarning: `make_tokens_by_line` received a list of lines which do not have lineending markers ('\n', '\r', '\r\n', '\x0b', '\x0c'), behavior will be unspecified
  tokens_by_line = make_tokens_by_line(lines)
/app/ipython/IPython/core/inputtransformer2.py:714: UserWarning: `make_tokens_by_line` received a list of lines which do not have lineending markers ('\n', '\r', '\r\n', '\x0b', '\x0c'), behavior will be unspecified
  tokens_by_line = make_tokens_by_line(lines)
/app/ipython/IPython/core/inputtransformer2.py:608: UserWarning: `make_tokens_by_line` received a list of lines which do not have lineending markers ('\n', '\r', '\r\n', '\x0b', '\x0c'), behavior will be unspecified
  tokens_by_line = make_tokens_by_line(lines)
/app/ipython/IPython/core/inputtransformer2.py:608: UserWarning: `make_tokens_by_line` received a list of lines which do not have lineending markers ('\n', '\r', '\r\n', '\x0b', '\x0c'), behavior will be unspecified
  tokens_by_line = make_tokens_by_line(lines)
#33719	REDUCE cov: 2645 ft: 3965 corp: 187/2379b lim: 58 exec/s: 3746 rss: 80Mb L: 37/55 MS: 1 EraseBytes-
#33743	REDUCE cov: 2645 ft: 3966 corp: 188/2425b lim: 58 exec/s: 3749 rss: 80Mb L: 46/55 MS: 4 CrossOver-ChangeBinInt-CMP-CrossOver- DE: "NE"-
/app/ipython/IPython/core/inputtransformer2.py:608: UserWarning: `make_tokens_by_line` received a list of lines which do not have lineending markers ('\n', '\r', '\r\n', '\x0b', '\x0c'), behavior will be unspecified
  tokens_by_line = make_tokens_by_line(lines)
/app/ipython/IPython/core/inputtransformer2.py:714: UserWarning: `make_tokens_by_line` received a list of lines which do not have lineending markers ('\n', '\r', '\r\n', '\x0b', '\x0c'), behavior will be unspecified
  tokens_by_line = make_tokens_by_line(lines)
/app/ipython/IPython/core/inputtransformer2.py:608: UserWarning: `make_tokens_by_line` received a list of lines which do not have lineending markers ('\n', '\r', '\r\n', '\x0b', '\x0c'), behavior will be unspecified
  tokens_by_line = make_tokens_by_line(lines)
/app/ipython/IPython/core/inputtransformer2.py:714: UserWarning: `make_tokens_by_line` received a list of lines which do not have lineending markers ('\n', '\r', '\r\n', '\x0b', '\x0c'), behavior will be unspecified
  tokens_by_line = make_tokens_by_line(lines)
/app/ipython/IPython/core/inputtransformer2.py:608: UserWarning: `make_tokens_by_line` received a list of lines which do not have lineending markers ('\n', '\r', '\r\n', '\x0b', '\x0c'), behavior will be unspecified
  tokens_by_line = make_tokens_by_line(lines)
/app/ipython/IPython/core/inputtransformer2.py:714: UserWarning: `make_tokens_by_line` received a list of lines which do not have lineending markers ('\n', '\r', '\r\n', '\x0b', '\x0c'), behavior will be unspecified
  tokens_by_line = make_tokens_by_line(lines)
#33815	REDUCE cov: 2645 ft: 3966 corp: 188/2424b lim: 58 exec/s: 3757 rss: 80Mb L: 10/55 MS: 2 CrossOver-EraseBytes-
/app/ipython/IPython/core/inputtransformer2.py:608: UserWarning: `make_tokens_by_line` received a list of lines which do not have lineending markers ('\n', '\r', '\r\n', '\x0b', '\x0c'), behavior will be unspecified
  tokens_by_line = make_tokens_by_line(lines)
/app/ipython/IPython/core/inputtransformer2.py:608: UserWarning: `make_tokens_by_line` received a list of lines which do not have lineending markers ('\n', '\r', '\r\n', '\x0b', '\x0c'), behavior will be unspecified
  tokens_by_line = make_tokens_by_line(lines)
/app/ipython/IPython/core/inputtransformer2.py:608: UserWarning: `make_tokens_by_line` received a list of lines which do not have lineending markers ('\n', '\r', '\r\n', '\x0b', '\x0c'), behavior will be unspecified
  tokens_by_line = make_tokens_by_line(lines)
#33937	REDUCE cov: 2645 ft: 3966 corp: 188/2422b lim: 58 exec/s: 3770 rss: 80Mb L: 40/55 MS: 2 ChangeByte-EraseBytes-
/app/ipython/IPython/core/inputtransformer2.py:608: UserWarning: `make_tokens_by_line` received a list of lines which do not have lineending markers ('\n', '\r', '\r\n', '\x0b', '\x0c'), behavior will be unspecified
  tokens_by_line = make_tokens_by_line(lines)
/app/ipython/IPython/core/inputtransformer2.py:714: UserWarning: `make_tokens_by_line` received a list of lines which do not have lineending markers ('\n', '\r', '\r\n', '\x0b', '\x0c'), behavior will be unspecified
  tokens_by_line = make_tokens_by_line(lines)
/app/ipython/IPython/core/inputtransformer2.py:608: UserWarning: `make_tokens_by_line` received a list of lines which do not have lineending markers ('\n', '\r', '\r\n', '\x0b', '\x0c'), behavior will be unspecified
  tokens_by_line = make_tokens_by_line(lines)
/app/ipython/IPython/core/inputtransformer2.py:608: UserWarning: `make_tokens_by_line` received a list of lines which do not have lineending markers ('\n', '\r', '\r\n', '\x0b', '\x0c'), behavior will be unspecified
  tokens_by_line = make_tokens_by_line(lines)
/app/ipython/IPython/core/inputtransformer2.py:608: UserWarning: `make_tokens_by_line` received a list of lines which do not have lineending markers ('\n', '\r', '\r\n', '\x0b', '\x0c'), behavior will be unspecified
  tokens_by_line = make_tokens_by_line(lines)
/app/ipython/IPython/core/inputtransformer2.py:608: UserWarning: `make_tokens_by_line` received a list of lines which do not have lineending markers ('\n', '\r', '\r\n', '\x0b', '\x0c'), behavior will be unspecified
  tokens_by_line = make_tokens_by_line(lines)
/app/ipython/IPython/core/inputtransformer2.py:608: UserWarning: `make_tokens_by_line` received a list of lines which do not have lineending markers ('\n', '\r', '\r\n', '\x0b', '\x0c'), behavior will be unspecified
  tokens_by_line = make_tokens_by_line(lines)
#34216	REDUCE cov: 2645 ft: 3966 corp: 188/2421b lim: 58 exec/s: 3421 rss: 80Mb L: 9/55 MS: 4 CrossOver-ChangeASCIIInt-ChangeBit-EraseBytes-
/app/ipython/IPython/core/inputtransformer2.py:608: UserWarning: `make_tokens_by_line` received a list of lines which do not have lineending markers ('\n', '\r', '\r\n', '\x0b', '\x0c'), behavior will be unspecified
  tokens_by_line = make_tokens_by_line(lines)
/app/ipython/IPython/core/inputtransformer2.py:608: UserWarning: `make_tokens_by_line` received a list of lines which do not have lineending markers ('\n', '\r', '\r\n', '\x0b', '\x0c'), behavior will be unspecified
  tokens_by_line = make_tokens_by_line(lines)
/app/ipython/IPython/core/inputtransformer2.py:714: UserWarning: `make_tokens_by_line` received a list of lines which do not have lineending markers ('\n', '\r', '\r\n', '\x0b', '\x0c'), behavior will be unspecified
  tokens_by_line = make_tokens_by_line(lines)
/app/ipython/IPython/core/inputtransformer2.py:608: UserWarning: `make_tokens_by_line` received a list of lines which do not have lineending markers ('\n', '\r', '\r\n', '\x0b', '\x0c'), behavior will be unspecified
  tokens_by_line = make_tokens_by_line(lines)
/app/ipython/IPython/core/inputtransformer2.py:608: UserWarning: `make_tokens_by_line` received a list of lines which do not have lineending markers ('\n', '\r', '\r\n', '\x0b', '\x0c'), behavior will be unspecified
  tokens_by_line = make_tokens_by_line(lines)
/app/ipython/IPython/core/inputtransformer2.py:608: UserWarning: `make_tokens_by_line` received a list of lines which do not have lineending markers ('\n', '\r', '\r\n', '\x0b', '\x0c'), behavior will be unspecified
  tokens_by_line = make_tokens_by_line(lines)
/app/ipython/IPython/core/inputtransformer2.py:608: UserWarning: `make_tokens_by_line` received a list of lines which do not have lineending markers ('\n', '\r', '\r\n', '\x0b', '\x0c'), behavior will be unspecified
  tokens_by_line = make_tokens_by_line(lines)
/app/ipython/IPython/core/inputtransformer2.py:714: UserWarning: `make_tokens_by_line` received a list of lines which do not have lineending markers ('\n', '\r', '\r\n', '\x0b', '\x0c'), behavior will be unspecified
  tokens_by_line = make_tokens_by_line(lines)
/app/ipython/IPython/core/inputtransformer2.py:608: UserWarning: `make_tokens_by_line` received a list of lines which do not have lineending markers ('\n', '\r', '\r\n', '\x0b', '\x0c'), behavior will be unspecified
  tokens_by_line = make_tokens_by_line(lines)
/app/ipython/IPython/core/inputtransformer2.py:714: UserWarning: `make_tokens_by_line` received a list of lines which do not have lineending markers ('\n', '\r', '\r\n', '\x0b', '\x0c'), behavior will be unspecified
  tokens_by_line = make_tokens_by_line(lines)
/app/ipython/IPython/core/inputtransformer2.py:608: UserWarning: `make_tokens_by_line` received a list of lines which do not have lineending markers ('\n', '\r', '\r\n', '\x0b', '\x0c'), behavior will be unspecified
  tokens_by_line = make_tokens_by_line(lines)
/app/ipython/IPython/core/inputtransformer2.py:714: UserWarning: `make_tokens_by_line` received a list of lines which do not have lineending markers ('\n', '\r', '\r\n', '\x0b', '\x0c'), behavior will be unspecified
  tokens_by_line = make_tokens_by_line(lines)
/app/ipython/IPython/core/inputtransformer2.py:608: UserWarning: `make_tokens_by_line` received a list of lines which do not have lineending markers ('\n', '\r', '\r\n', '\x0b', '\x0c'), behavior will be unspecified
  tokens_by_line = make_tokens_by_line(lines)
/app/ipython/IPython/core/inputtransformer2.py:714: UserWarning: `make_tokens_by_line` received a list of lines which do not have lineending markers ('\n', '\r', '\r\n', '\x0b', '\x0c'), behavior will be unspecified
  tokens_by_line = make_tokens_by_line(lines)
/app/ipython/IPython/core/inputtransformer2.py:608: UserWarning: `make_tokens_by_line` received a list of lines which do not have lineending markers ('\n', '\r', '\r\n', '\x0b', '\x0c'), behavior will be unspecified
  tokens_by_line = make_tokens_by_line(lines)
/app/ipython/IPython/core/inputtransformer2.py:714: UserWarning: `make_tokens_by_line` received a list of lines which do not have lineending markers ('\n', '\r', '\r\n', '\x0b', '\x0c'), behavior will be unspecified
  tokens_by_line = make_tokens_by_line(lines)
#34403	REDUCE cov: 2645 ft: 3966 corp: 188/2420b lim: 58 exec/s: 3440 rss: 80Mb L: 10/55 MS: 2 PersAutoDict-EraseBytes- DE: "CO"-
/app/ipython/IPython/core/inputtransformer2.py:608: UserWarning: `make_tokens_by_line` received a list of lines which do not have lineending markers ('\n', '\r', '\r\n', '\x0b', '\x0c'), behavior will be unspecified
  tokens_by_line = make_tokens_by_line(lines)
#34439	REDUCE cov: 2645 ft: 3966 corp: 188/2416b lim: 58 exec/s: 3443 rss: 80Mb L: 12/55 MS: 1 EraseBytes-
/app/ipython/IPython/core/inputtransformer2.py:608: UserWarning: `make_tokens_by_line` received a list of lines which do not have lineending markers ('\n', '\r', '\r\n', '\x0b', '\x0c'), behavior will be unspecified
  tokens_by_line = make_tokens_by_line(lines)
/app/ipython/IPython/core/inputtransformer2.py:714: UserWarning: `make_tokens_by_line` received a list of lines which do not have lineending markers ('\n', '\r', '\r\n', '\x0b', '\x0c'), behavior will be unspecified
  tokens_by_line = make_tokens_by_line(lines)
/app/ipython/IPython/core/inputtransformer2.py:608: UserWarning: `make_tokens_by_line` received a list of lines which do not have lineending markers ('\n', '\r', '\r\n', '\x0b', '\x0c'), behavior will be unspecified
  tokens_by_line = make_tokens_by_line(lines)
/app/ipython/IPython/core/inputtransformer2.py:714: UserWarning: `make_tokens_by_line` received a list of lines which do not have lineending markers ('\n', '\r', '\r\n', '\x0b', '\x0c'), behavior will be unspecified
  tokens_by_line = make_tokens_by_line(lines)
/app/ipython/IPython/core/inputtransformer2.py:608: UserWarning: `make_tokens_by_line` received a list of lines which do not have lineending markers ('\n', '\r', '\r\n', '\x0b', '\x0c'), behavior will be unspecified
  tokens_by_line = make_tokens_by_line(lines)
/app/ipython/IPython/core/inputtransformer2.py:608: UserWarning: `make_tokens_by_line` received a list of lines which do not have lineending markers ('\n', '\r', '\r\n', '\x0b', '\x0c'), behavior will be unspecified
  tokens_by_line = make_tokens_by_line(lines)
/app/ipython/IPython/core/inputtransformer2.py:714: UserWarning: `make_tokens_by_line` received a list of lines which do not have lineending markers ('\n', '\r', '\r\n', '\x0b', '\x0c'), behavior will be unspecified
  tokens_by_line = make_tokens_by_line(lines)
/app/ipython/IPython/core/inputtransformer2.py:608: UserWarning: `make_tokens_by_line` received a list of lines which do not have lineending markers ('\n', '\r', '\r\n', '\x0b', '\x0c'), behavior will be unspecified
  tokens_by_line = make_tokens_by_line(lines)
/app/ipython/IPython/core/inputtransformer2.py:714: UserWarning: `make_tokens_by_line` received a list of lines which do not have lineending markers ('\n', '\r', '\r\n', '\x0b', '\x0c'), behavior will be unspecified
  tokens_by_line = make_tokens_by_line(lines)
/app/ipython/IPython/core/inputtransformer2.py:608: UserWarning: `make_tokens_by_line` received a list of lines which do not have lineending markers ('\n', '\r', '\r\n', '\x0b', '\x0c'), behavior will be unspecified
  tokens_by_line = make_tokens_by_line(lines)
/app/ipython/IPython/core/inputtransformer2.py:714: UserWarning: `make_tokens_by_line` received a list of lines which do not have lineending markers ('\n', '\r', '\r\n', '\x0b', '\x0c'), behavior will be unspecified
  tokens_by_line = make_tokens_by_line(lines)
/app/ipython/IPython/core/inputtransformer2.py:608: UserWarning: `make_tokens_by_line` received a list of lines which do not have lineending markers ('\n', '\r', '\r\n', '\x0b', '\x0c'), behavior will be unspecified
  tokens_by_line = make_tokens_by_line(lines)
/app/ipython/IPython/core/inputtransformer2.py:608: UserWarning: `make_tokens_by_line` received a list of lines which do not have lineending markers ('\n', '\r', '\r\n', '\x0b', '\x0c'), behavior will be unspecified
  tokens_by_line = make_tokens_by_line(lines)
/app/ipython/IPython/core/inputtransformer2.py:714: UserWarning: `make_tokens_by_line` received a list of lines which do not have lineending markers ('\n', '\r', '\r\n', '\x0b', '\x0c'), behavior will be unspecified
  tokens_by_line = make_tokens_by_line(lines)
/app/ipython/IPython/core/inputtransformer2.py:608: UserWarning: `make_tokens_by_line` received a list of lines which do not have lineending markers ('\n', '\r', '\r\n', '\x0b', '\x0c'), behavior will be unspecified
  tokens_by_line = make_tokens_by_line(lines)
/app/ipython/IPython/core/inputtransformer2.py:714: UserWarning: `make_tokens_by_line` received a list of lines which do not have lineending markers ('\n', '\r', '\r\n', '\x0b', '\x0c'), behavior will be unspecified
  tokens_by_line = make_tokens_by_line(lines)
/app/ipython/IPython/core/inputtransformer2.py:608: UserWarning: `make_tokens_by_line` received a list of lines which do not have lineending markers ('\n', '\r', '\r\n', '\x0b', '\x0c'), behavior will be unspecified
  tokens_by_line = make_tokens_by_line(lines)
/app/ipython/IPython/core/inputtransformer2.py:714: UserWarning: `make_tokens_by_line` received a list of lines which do not have lineending markers ('\n', '\r', '\r\n', '\x0b', '\x0c'), behavior will be unspecified
  tokens_by_line = make_tokens_by_line(lines)
/app/ipython/IPython/core/inputtransformer2.py:608: UserWarning: `make_tokens_by_line` received a list of lines which do not have lineending markers ('\n', '\r', '\r\n', '\x0b', '\x0c'), behavior will be unspecified
  tokens_by_line = make_tokens_by_line(lines)
/app/ipython/IPython/core/inputtransformer2.py:714: UserWarning: `make_tokens_by_line` received a list of lines which do not have lineending markers ('\n', '\r', '\r\n', '\x0b', '\x0c'), behavior will be unspecified
  tokens_by_line = make_tokens_by_line(lines)
/app/ipython/IPython/core/inputtransformer2.py:608: UserWarning: `make_tokens_by_line` received a list of lines which do not have lineending markers ('\n', '\r', '\r\n', '\x0b', '\x0c'), behavior will be unspecified
  tokens_by_line = make_tokens_by_line(lines)
/app/ipython/IPython/core/inputtransformer2.py:714: UserWarning: `make_tokens_by_line` received a list of lines which do not have lineending markers ('\n', '\r', '\r\n', '\x0b', '\x0c'), behavior will be unspecified
  tokens_by_line = make_tokens_by_line(lines)
/app/ipython/IPython/core/inputtransformer2.py:608: UserWarning: `make_tokens_by_line` received a list of lines which do not have lineending markers ('\n', '\r', '\r\n', '\x0b', '\x0c'), behavior will be unspecified
  tokens_by_line = make_tokens_by_line(lines)
/app/ipython/IPython/core/inputtransformer2.py:714: UserWarning: `make_tokens_by_line` received a list of lines which do not have lineending markers ('\n', '\r', '\r\n', '\x0b', '\x0c'), behavior will be unspecified
  tokens_by_line = make_tokens_by_line(lines)
/app/ipython/IPython/core/inputtransformer2.py:608: UserWarning: `make_tokens_by_line` received a list of lines which do not have lineending markers ('\n', '\r', '\r\n', '\x0b', '\x0c'), behavior will be unspecified
  tokens_by_line = make_tokens_by_line(lines)
/app/ipython/IPython/core/inputtransformer2.py:714: UserWarning: `make_tokens_by_line` received a list of lines which do not have lineending markers ('\n', '\r', '\r\n', '\x0b', '\x0c'), behavior will be unspecified
  tokens_by_line = make_tokens_by_line(lines)
/app/ipython/IPython/core/inputtransformer2.py:608: UserWarning: `make_tokens_by_line` received a list of lines which do not have lineending markers ('\n', '\r', '\r\n', '\x0b', '\x0c'), behavior will be unspecified
  tokens_by_line = make_tokens_by_line(lines)
/app/ipython/IPython/core/inputtransformer2.py:714: UserWarning: `make_tokens_by_line` received a list of lines which do not have lineending markers ('\n', '\r', '\r\n', '\x0b', '\x0c'), behavior will be unspecified
  tokens_by_line = make_tokens_by_line(lines)
/app/ipython/IPython/core/inputtransformer2.py:608: UserWarning: `make_tokens_by_line` received a list of lines which do not have lineending markers ('\n', '\r', '\r\n', '\x0b', '\x0c'), behavior will be unspecified
  tokens_by_line = make_tokens_by_line(lines)
/app/ipython/IPython/core/inputtransformer2.py:714: UserWarning: `make_tokens_by_line` received a list of lines which do not have lineending markers ('\n', '\r', '\r\n', '\x0b', '\x0c'), behavior will be unspecified
  tokens_by_line = make_tokens_by_line(lines)
#34790	NEW    cov: 2645 ft: 3967 corp: 189/2471b lim: 58 exec/s: 3479 rss: 80Mb L: 55/55 MS: 1 ShuffleBytes-
#34805	REDUCE cov: 2645 ft: 3968 corp: 190/2503b lim: 58 exec/s: 3480 rss: 80Mb L: 32/55 MS: 5 InsertByte-CrossOver-ChangeASCIIInt-ChangeASCIIInt-CrossOver-
/app/ipython/IPython/core/inputtransformer2.py:608: UserWarning: `make_tokens_by_line` received a list of lines which do not have lineending markers ('\n', '\r', '\r\n', '\x0b', '\x0c'), behavior will be unspecified
  tokens_by_line = make_tokens_by_line(lines)
/app/ipython/IPython/core/inputtransformer2.py:714: UserWarning: `make_tokens_by_line` received a list of lines which do not have lineending markers ('\n', '\r', '\r\n', '\x0b', '\x0c'), behavior will be unspecified
  tokens_by_line = make_tokens_by_line(lines)
/app/ipython/IPython/core/inputtransformer2.py:608: UserWarning: `make_tokens_by_line` received a list of lines which do not have lineending markers ('\n', '\r', '\r\n', '\x0b', '\x0c'), behavior will be unspecified
  tokens_by_line = make_tokens_by_line(lines)
/app/ipython/IPython/core/inputtransformer2.py:714: UserWarning: `make_tokens_by_line` received a list of lines which do not have lineending markers ('\n', '\r', '\r\n', '\x0b', '\x0c'), behavior will be unspecified
  tokens_by_line = make_tokens_by_line(lines)
/app/ipython/IPython/core/inputtransformer2.py:608: UserWarning: `make_tokens_by_line` received a list of lines which do not have lineending markers ('\n', '\r', '\r\n', '\x0b', '\x0c'), behavior will be unspecified
  tokens_by_line = make_tokens_by_line(lines)
/app/ipython/IPython/core/inputtransformer2.py:714: UserWarning: `make_tokens_by_line` received a list of lines which do not have lineending markers ('\n', '\r', '\r\n', '\x0b', '\x0c'), behavior will be unspecified
  tokens_by_line = make_tokens_by_line(lines)
/app/ipython/IPython/core/inputtransformer2.py:608: UserWarning: `make_tokens_by_line` received a list of lines which do not have lineending markers ('\n', '\r', '\r\n', '\x0b', '\x0c'), behavior will be unspecified
  tokens_by_line = make_tokens_by_line(lines)
/app/ipython/IPython/core/inputtransformer2.py:714: UserWarning: `make_tokens_by_line` received a list of lines which do not have lineending markers ('\n', '\r', '\r\n', '\x0b', '\x0c'), behavior will be unspecified
  tokens_by_line = make_tokens_by_line(lines)
#34859	REDUCE cov: 2645 ft: 3968 corp: 190/2502b lim: 58 exec/s: 3485 rss: 80Mb L: 13/55 MS: 4 ShuffleBytes-ShuffleBytes-CrossOver-EraseBytes-
#34938	NEW    cov: 2645 ft: 3970 corp: 191/2560b lim: 58 exec/s: 3493 rss: 80Mb L: 58/58 MS: 4 ChangeByte-CopyPart-CopyPart-ChangeByte-
#35141	REDUCE cov: 2645 ft: 3970 corp: 191/2559b lim: 58 exec/s: 3514 rss: 80Mb L: 5/58 MS: 3 PersAutoDict-EraseBytes-CMP- DE: "CO"-"\001\000"-
/app/ipython/IPython/core/inputtransformer2.py:608: UserWarning: `make_tokens_by_line` received a list of lines which do not have lineending markers ('\n', '\r', '\r\n', '\x0b', '\x0c'), behavior will be unspecified
  tokens_by_line = make_tokens_by_line(lines)
/app/ipython/IPython/core/inputtransformer2.py:608: UserWarning: `make_tokens_by_line` received a list of lines which do not have lineending markers ('\n', '\r', '\r\n', '\x0b', '\x0c'), behavior will be unspecified
  tokens_by_line = make_tokens_by_line(lines)
/app/ipython/IPython/core/inputtransformer2.py:714: UserWarning: `make_tokens_by_line` received a list of lines which do not have lineending markers ('\n', '\r', '\r\n', '\x0b', '\x0c'), behavior will be unspecified
  tokens_by_line = make_tokens_by_line(lines)
/app/ipython/IPython/core/inputtransformer2.py:608: UserWarning: `make_tokens_by_line` received a list of lines which do not have lineending markers ('\n', '\r', '\r\n', '\x0b', '\x0c'), behavior will be unspecified
  tokens_by_line = make_tokens_by_line(lines)
/app/ipython/IPython/core/inputtransformer2.py:714: UserWarning: `make_tokens_by_line` received a list of lines which do not have lineending markers ('\n', '\r', '\r\n', '\x0b', '\x0c'), behavior will be unspecified
  tokens_by_line = make_tokens_by_line(lines)
/app/ipython/IPython/core/inputtransformer2.py:608: UserWarning: `make_tokens_by_line` received a list of lines which do not have lineending markers ('\n', '\r', '\r\n', '\x0b', '\x0c'), behavior will be unspecified
  tokens_by_line = make_tokens_by_line(lines)
/app/ipython/IPython/core/inputtransformer2.py:714: UserWarning: `make_tokens_by_line` received a list of lines which do not have lineending markers ('\n', '\r', '\r\n', '\x0b', '\x0c'), behavior will be unspecified
  tokens_by_line = make_tokens_by_line(lines)
/app/ipython/IPython/core/inputtransformer2.py:608: UserWarning: `make_tokens_by_line` received a list of lines which do not have lineending markers ('\n', '\r', '\r\n', '\x0b', '\x0c'), behavior will be unspecified
  tokens_by_line = make_tokens_by_line(lines)
/app/ipython/IPython/core/inputtransformer2.py:714: UserWarning: `make_tokens_by_line` received a list of lines which do not have lineending markers ('\n', '\r', '\r\n', '\x0b', '\x0c'), behavior will be unspecified
  tokens_by_line = make_tokens_by_line(lines)
/app/ipython/IPython/core/inputtransformer2.py:608: UserWarning: `make_tokens_by_line` received a list of lines which do not have lineending markers ('\n', '\r', '\r\n', '\x0b', '\x0c'), behavior will be unspecified
  tokens_by_line = make_tokens_by_line(lines)
/app/ipython/IPython/core/inputtransformer2.py:714: UserWarning: `make_tokens_by_line` received a list of lines which do not have lineending markers ('\n', '\r', '\r\n', '\x0b', '\x0c'), behavior will be unspecified
  tokens_by_line = make_tokens_by_line(lines)
/app/ipython/IPython/core/inputtransformer2.py:608: UserWarning: `make_tokens_by_line` received a list of lines which do not have lineending markers ('\n', '\r', '\r\n', '\x0b', '\x0c'), behavior will be unspecified
  tokens_by_line = make_tokens_by_line(lines)
/app/ipython/IPython/core/inputtransformer2.py:714: UserWarning: `make_tokens_by_line` received a list of lines which do not have lineending markers ('\n', '\r', '\r\n', '\x0b', '\x0c'), behavior will be unspecified
  tokens_by_line = make_tokens_by_line(lines)
/app/ipython/IPython/core/inputtransformer2.py:608: UserWarning: `make_tokens_by_line` received a list of lines which do not have lineending markers ('\n', '\r', '\r\n', '\x0b', '\x0c'), behavior will be unspecified
  tokens_by_line = make_tokens_by_line(lines)
/app/ipython/IPython/core/inputtransformer2.py:608: UserWarning: `make_tokens_by_line` received a list of lines which do not have lineending markers ('\n', '\r', '\r\n', '\x0b', '\x0c'), behavior will be unspecified
  tokens_by_line = make_tokens_by_line(lines)
/app/ipython/IPython/core/inputtransformer2.py:714: UserWarning: `make_tokens_by_line` received a list of lines which do not have lineending markers ('\n', '\r', '\r\n', '\x0b', '\x0c'), behavior will be unspecified
  tokens_by_line = make_tokens_by_line(lines)
/app/ipython/IPython/core/inputtransformer2.py:608: UserWarning: `make_tokens_by_line` received a list of lines which do not have lineending markers ('\n', '\r', '\r\n', '\x0b', '\x0c'), behavior will be unspecified
  tokens_by_line = make_tokens_by_line(lines)
/app/ipython/IPython/core/inputtransformer2.py:608: UserWarning: `make_tokens_by_line` received a list of lines which do not have lineending markers ('\n', '\r', '\r\n', '\x0b', '\x0c'), behavior will be unspecified
  tokens_by_line = make_tokens_by_line(lines)
/app/ipython/IPython/core/inputtransformer2.py:608: UserWarning: `make_tokens_by_line` received a list of lines which do not have lineending markers ('\n', '\r', '\r\n', '\x0b', '\x0c'), behavior will be unspecified
  tokens_by_line = make_tokens_by_line(lines)
/app/ipython/IPython/core/inputtransformer2.py:608: UserWarning: `make_tokens_by_line` received a list of lines which do not have lineending markers ('\n', '\r', '\r\n', '\x0b', '\x0c'), behavior will be unspecified
  tokens_by_line = make_tokens_by_line(lines)
#35586	NEW    cov: 2645 ft: 3974 corp: 192/2596b lim: 58 exec/s: 3558 rss: 80Mb L: 37/58 MS: 5 CMP-InsertByte-InsertRepeatedBytes-ShuffleBytes-CopyPart- DE: "\000\000\000\000\000\000\000\033"-
/app/ipython/IPython/core/inputtransformer2.py:608: UserWarning: `make_tokens_by_line` received a list of lines which do not have lineending markers ('\n', '\r', '\r\n', '\x0b', '\x0c'), behavior will be unspecified
  tokens_by_line = make_tokens_by_line(lines)
/app/ipython/IPython/core/inputtransformer2.py:714: UserWarning: `make_tokens_by_line` received a list of lines which do not have lineending markers ('\n', '\r', '\r\n', '\x0b', '\x0c'), behavior will be unspecified
  tokens_by_line = make_tokens_by_line(lines)
/app/ipython/IPython/core/inputtransformer2.py:608: UserWarning: `make_tokens_by_line` received a list of lines which do not have lineending markers ('\n', '\r', '\r\n', '\x0b', '\x0c'), behavior will be unspecified
  tokens_by_line = make_tokens_by_line(lines)
#35677	NEW    cov: 2645 ft: 3975 corp: 193/2646b lim: 58 exec/s: 3567 rss: 80Mb L: 50/58 MS: 1 CrossOver-
/app/ipython/IPython/core/inputtransformer2.py:608: UserWarning: `make_tokens_by_line` received a list of lines which do not have lineending markers ('\n', '\r', '\r\n', '\x0b', '\x0c'), behavior will be unspecified
  tokens_by_line = make_tokens_by_line(lines)
/app/ipython/IPython/core/inputtransformer2.py:714: UserWarning: `make_tokens_by_line` received a list of lines which do not have lineending markers ('\n', '\r', '\r\n', '\x0b', '\x0c'), behavior will be unspecified
  tokens_by_line = make_tokens_by_line(lines)
/app/ipython/IPython/core/inputtransformer2.py:608: UserWarning: `make_tokens_by_line` received a list of lines which do not have lineending markers ('\n', '\r', '\r\n', '\x0b', '\x0c'), behavior will be unspecified
  tokens_by_line = make_tokens_by_line(lines)
/app/ipython/IPython/core/inputtransformer2.py:714: UserWarning: `make_tokens_by_line` received a list of lines which do not have lineending markers ('\n', '\r', '\r\n', '\x0b', '\x0c'), behavior will be unspecified
  tokens_by_line = make_tokens_by_line(lines)
/app/ipython/IPython/core/inputtransformer2.py:608: UserWarning: `make_tokens_by_line` received a list of lines which do not have lineending markers ('\n', '\r', '\r\n', '\x0b', '\x0c'), behavior will be unspecified
  tokens_by_line = make_tokens_by_line(lines)
/app/ipython/IPython/core/inputtransformer2.py:714: UserWarning: `make_tokens_by_line` received a list of lines which do not have lineending markers ('\n', '\r', '\r\n', '\x0b', '\x0c'), behavior will be unspecified
  tokens_by_line = make_tokens_by_line(lines)
/app/ipython/IPython/core/inputtransformer2.py:608: UserWarning: `make_tokens_by_line` received a list of lines which do not have lineending markers ('\n', '\r', '\r\n', '\x0b', '\x0c'), behavior will be unspecified
  tokens_by_line = make_tokens_by_line(lines)
/app/ipython/IPython/core/inputtransformer2.py:714: UserWarning: `make_tokens_by_line` received a list of lines which do not have lineending markers ('\n', '\r', '\r\n', '\x0b', '\x0c'), behavior will be unspecified
  tokens_by_line = make_tokens_by_line(lines)
#35742	DONE   cov: 2645 ft: 3975 corp: 193/2646b lim: 58 exec/s: 3249 rss: 80Mb
###### Recommended dictionary. ######
"\000\000\000\000" # Uses: 452
"\001\000" # Uses: 546
"\000\000" # Uses: 444
"CO" # Uses: 365
"\377\377\377\377" # Uses: 331
"\001\000\000\000" # Uses: 293
"Co" # Uses: 244
"\377\377" # Uses: 282
"FO" # Uses: 258
"NE" # Uses: 19
"\000\000\000\000\000\000\000\033" # Uses: 2
###### End of recommended dictionary. ######
Done 35742 runs in 11 second(s)
