# Exported from Three.js to OBJ (Blender Z-up)
o base_disc
v 0 -4 0.8000000059604654
v 0.5221047401428223 -3.9657795429229736 0.8000000059604654
v 1.035276174545288 -3.8637032508850098 0.8000000059604653
v 1.5307337045669556 -3.6955180168151855 0.8000000059604653
v 2 -3.464101552963257 0.8000000059604653
v 2.4350457191467285 -3.1734132766723633 0.8000000059604653
v 2.8284270763397217 -2.8284270763397217 0.800000005960465
v 3.1734132766723633 -2.4350457191467285 0.800000005960465
v 3.464101552963257 -2 0.8000000059604649
v 3.6955180168151855 -1.5307337045669556 0.8000000059604648
v 3.8637032508850098 -1.035276174545288 0.8000000059604647
v 3.9657795429229736 -0.522104740142822 0.8000000059604646
v 4 -6.729368525351954e-17 0.8000000059604645
v 3.9657795429229736 0.5221047401428225 0.8000000059604644
v 3.8637032508850098 1.035276174545288 0.8000000059604643
v 3.6955180168151855 1.5307337045669556 0.8000000059604642
v 3.464101552963257 2 0.8000000059604641
v 3.1734132766723633 2.4350457191467285 0.800000005960464
v 2.8284270763397217 2.8284270763397217 0.800000005960464
v 2.4350457191467285 3.1734132766723633 0.8000000059604637
v 2 3.464101552963257 0.8000000059604637
v 1.5307337045669556 3.6955180168151855 0.8000000059604637
v 1.035276174545288 3.8637032508850098 0.8000000059604637
v 0.5221047401428223 3.9657795429229736 0.8000000059604636
v 4.898587410340671e-16 4 0.8000000059604636
v -0.5221047401428223 3.9657795429229736 0.8000000059604636
v -1.035276174545288 3.8637032508850098 0.8000000059604637
v -1.5307337045669556 3.6955180168151855 0.8000000059604637
v -2 3.464101552963257 0.8000000059604637
v -2.4350457191467285 3.1734132766723633 0.8000000059604637
v -2.8284270763397217 2.8284270763397217 0.800000005960464
v -3.1734132766723633 2.4350457191467285 0.800000005960464
v -3.464101552963257 2 0.8000000059604641
v -3.6955180168151855 1.5307337045669556 0.8000000059604642
v -3.8637032508850098 1.035276174545288 0.8000000059604643
v -3.9657795429229736 0.5221047401428225 0.8000000059604644
v -4 9.124237438750556e-16 0.8000000059604645
v -3.9657795429229736 -0.522104740142822 0.8000000059604646
v -3.8637032508850098 -1.035276174545288 0.8000000059604647
v -3.6955180168151855 -1.5307337045669556 0.8000000059604648
v -3.464101552963257 -2 0.8000000059604649
v -3.1734132766723633 -2.4350457191467285 0.800000005960465
v -2.8284270763397217 -2.8284270763397217 0.800000005960465
v -2.4350457191467285 -3.1734132766723633 0.8000000059604653
v -2 -3.464101552963257 0.8000000059604653
v -1.5307337045669556 -3.6955180168151855 0.8000000059604653
v -1.035276174545288 -3.8637032508850098 0.8000000059604653
v -0.5221047401428223 -3.9657795429229736 0.8000000059604654
v -9.797174820681343e-16 -4 0.8000000059604654
v 0 -4 -5.960463567156182e-9
v 0.5221047401428223 -3.9657795429229736 -5.960463567156182e-9
v 1.035276174545288 -3.8637032508850098 -5.9604636226673335e-9
v 1.5307337045669556 -3.6955180168151855 -5.9604636226673335e-9
v 2 -3.464101552963257 -5.960463678178485e-9
v 2.4350457191467285 -3.1734132766723633 -5.960463733689636e-9
v 2.8284270763397217 -2.8284270763397217 -5.9604638447119385e-9
v 3.1734132766723633 -2.4350457191467285 -5.96046390022309e-9
v 3.464101552963257 -2 -5.960464011245392e-9
v 3.6955180168151855 -1.5307337045669556 -5.960464122267695e-9
v 3.8637032508850098 -1.035276174545288 -5.960464233289997e-9
v 3.9657795429229736 -0.5221047401428223 -5.9604643443122995e-9
v 4 -2.4492937184052257e-16 -5.960464455334602e-9
v 3.9657795429229736 0.5221047401428223 -5.9604645663569045e-9
v 3.8637032508850098 1.035276174545288 -5.960464677379207e-9
v 3.6955180168151855 1.5307337045669556 -5.960464788401509e-9
v 3.464101552963257 2 -5.960464899423812e-9
v 3.1734132766723633 2.4350457191467285 -5.960465010446114e-9
v 2.8284270763397217 2.8284270763397217 -5.9604650659572656e-9
v 2.4350457191467285 3.1734132766723633 -5.960465176979568e-9
v 2 3.464101552963257 -5.960465232490719e-9
v 1.5307337045669556 3.6955180168151855 -5.9604652880018705e-9
v 1.035276174545288 3.8637032508850098 -5.9604652880018705e-9
v 0.5221047401428223 3.9657795429229736 -5.960465343513022e-9
v 4.898587410340671e-16 4 -5.960465343513022e-9
v -0.5221047401428223 3.9657795429229736 -5.960465343513022e-9
v -1.035276174545288 3.8637032508850098 -5.9604652880018705e-9
v -1.5307337045669556 3.6955180168151855 -5.9604652880018705e-9
v -2 3.464101552963257 -5.960465232490719e-9
v -2.4350457191467285 3.1734132766723633 -5.960465176979568e-9
v -2.8284270763397217 2.8284270763397217 -5.9604650659572656e-9
v -3.1734132766723633 2.4350457191467285 -5.960465010446114e-9
v -3.464101552963257 2 -5.960464899423812e-9
v -3.6955180168151855 1.5307337045669556 -5.960464788401509e-9
v -3.8637032508850098 1.035276174545288 -5.960464677379207e-9
v -3.9657795429229736 0.5221047401428223 -5.9604645663569045e-9
v -4 7.347880572880525e-16 -5.960464455334602e-9
v -3.9657795429229736 -0.5221047401428223 -5.9604643443122995e-9
v -3.8637032508850098 -1.035276174545288 -5.960464233289997e-9
v -3.6955180168151855 -1.5307337045669556 -5.960464122267695e-9
v -3.464101552963257 -2 -5.960464011245392e-9
v -3.1734132766723633 -2.4350457191467285 -5.96046390022309e-9
v -2.8284270763397217 -2.8284270763397217 -5.9604638447119385e-9
v -2.4350457191467285 -3.1734132766723633 -5.960463733689636e-9
v -2 -3.464101552963257 -5.960463678178485e-9
v -1.5307337045669556 -3.6955180168151855 -5.9604636226673335e-9
v -1.035276174545288 -3.8637032508850098 -5.9604636226673335e-9
v -0.5221047401428223 -3.9657795429229736 -5.960463567156182e-9
v -9.797174820681343e-16 -4 -5.960463567156182e-9
v 0 1.7763568526351403e-16 0.8000000059604645
v 0 1.7763568526351403e-16 0.8000000059604645
v 0 1.7763568526351403e-16 0.8000000059604645
v 0 1.7763568526351403e-16 0.8000000059604645
v 0 1.7763568526351403e-16 0.8000000059604645
v 0 1.7763568526351403e-16 0.8000000059604645
v 0 1.7763568526351403e-16 0.8000000059604645
v 0 1.7763568526351403e-16 0.8000000059604645
v 0 1.7763568526351403e-16 0.8000000059604645
v 0 1.7763568526351403e-16 0.8000000059604645
v 0 1.7763568526351403e-16 0.8000000059604645
v 0 1.7763568526351403e-16 0.8000000059604645
v 0 1.7763568526351403e-16 0.8000000059604645
v 0 1.7763568526351403e-16 0.8000000059604645
v 0 1.7763568526351403e-16 0.8000000059604645
v 0 1.7763568526351403e-16 0.8000000059604645
v 0 1.7763568526351403e-16 0.8000000059604645
v 0 1.7763568526351403e-16 0.8000000059604645
v 0 1.7763568526351403e-16 0.8000000059604645
v 0 1.7763568526351403e-16 0.8000000059604645
v 0 1.7763568526351403e-16 0.8000000059604645
v 0 1.7763568526351403e-16 0.8000000059604645
v 0 1.7763568526351403e-16 0.8000000059604645
v 0 1.7763568526351403e-16 0.8000000059604645
v 0 1.7763568526351403e-16 0.8000000059604645
v 0 1.7763568526351403e-16 0.8000000059604645
v 0 1.7763568526351403e-16 0.8000000059604645
v 0 1.7763568526351403e-16 0.8000000059604645
v 0 1.7763568526351403e-16 0.8000000059604645
v 0 1.7763568526351403e-16 0.8000000059604645
v 0 1.7763568526351403e-16 0.8000000059604645
v 0 1.7763568526351403e-16 0.8000000059604645
v 0 1.7763568526351403e-16 0.8000000059604645
v 0 1.7763568526351403e-16 0.8000000059604645
v 0 1.7763568526351403e-16 0.8000000059604645
v 0 1.7763568526351403e-16 0.8000000059604645
v 0 1.7763568526351403e-16 0.8000000059604645
v 0 1.7763568526351403e-16 0.8000000059604645
v 0 1.7763568526351403e-16 0.8000000059604645
v 0 1.7763568526351403e-16 0.8000000059604645
v 0 1.7763568526351403e-16 0.8000000059604645
v 0 1.7763568526351403e-16 0.8000000059604645
v 0 1.7763568526351403e-16 0.8000000059604645
v 0 1.7763568526351403e-16 0.8000000059604645
v 0 1.7763568526351403e-16 0.8000000059604645
v 0 1.7763568526351403e-16 0.8000000059604645
v 0 1.7763568526351403e-16 0.8000000059604645
v 0 1.7763568526351403e-16 0.8000000059604645
v 0 -4 0.8000000059604654
v 0.5221047401428223 -3.9657795429229736 0.8000000059604654
v 1.035276174545288 -3.8637032508850098 0.8000000059604653
v 1.5307337045669556 -3.6955180168151855 0.8000000059604653
v 2 -3.464101552963257 0.8000000059604653
v 2.4350457191467285 -3.1734132766723633 0.8000000059604653
v 2.8284270763397217 -2.8284270763397217 0.800000005960465
v 3.1734132766723633 -2.4350457191467285 0.800000005960465
v 3.464101552963257 -2 0.8000000059604649
v 3.6955180168151855 -1.5307337045669556 0.8000000059604648
v 3.8637032508850098 -1.035276174545288 0.8000000059604647
v 3.9657795429229736 -0.522104740142822 0.8000000059604646
v 4 -6.729368525351954e-17 0.8000000059604645
v 3.9657795429229736 0.5221047401428225 0.8000000059604644
v 3.8637032508850098 1.035276174545288 0.8000000059604643
v 3.6955180168151855 1.5307337045669556 0.8000000059604642
v 3.464101552963257 2 0.8000000059604641
v 3.1734132766723633 2.4350457191467285 0.800000005960464
v 2.8284270763397217 2.8284270763397217 0.800000005960464
v 2.4350457191467285 3.1734132766723633 0.8000000059604637
v 2 3.464101552963257 0.8000000059604637
v 1.5307337045669556 3.6955180168151855 0.8000000059604637
v 1.035276174545288 3.8637032508850098 0.8000000059604637
v 0.5221047401428223 3.9657795429229736 0.8000000059604636
v 4.898587410340671e-16 4 0.8000000059604636
v -0.5221047401428223 3.9657795429229736 0.8000000059604636
v -1.035276174545288 3.8637032508850098 0.8000000059604637
v -1.5307337045669556 3.6955180168151855 0.8000000059604637
v -2 3.464101552963257 0.8000000059604637
v -2.4350457191467285 3.1734132766723633 0.8000000059604637
v -2.8284270763397217 2.8284270763397217 0.800000005960464
v -3.1734132766723633 2.4350457191467285 0.800000005960464
v -3.464101552963257 2 0.8000000059604641
v -3.6955180168151855 1.5307337045669556 0.8000000059604642
v -3.8637032508850098 1.035276174545288 0.8000000059604643
v -3.9657795429229736 0.5221047401428225 0.8000000059604644
v -4 9.124237438750556e-16 0.8000000059604645
v -3.9657795429229736 -0.522104740142822 0.8000000059604646
v -3.8637032508850098 -1.035276174545288 0.8000000059604647
v -3.6955180168151855 -1.5307337045669556 0.8000000059604648
v -3.464101552963257 -2 0.8000000059604649
v -3.1734132766723633 -2.4350457191467285 0.800000005960465
v -2.8284270763397217 -2.8284270763397217 0.800000005960465
v -2.4350457191467285 -3.1734132766723633 0.8000000059604653
v -2 -3.464101552963257 0.8000000059604653
v -1.5307337045669556 -3.6955180168151855 0.8000000059604653
v -1.035276174545288 -3.8637032508850098 0.8000000059604653
v -0.5221047401428223 -3.9657795429229736 0.8000000059604654
v -9.797174820681343e-16 -4 0.8000000059604654
v 0 -1.3234889751544636e-24 -5.960464455334602e-9
v 0 -1.3234889751544636e-24 -5.960464455334602e-9
v 0 -1.3234889751544636e-24 -5.960464455334602e-9
v 0 -1.3234889751544636e-24 -5.960464455334602e-9
v 0 -1.3234889751544636e-24 -5.960464455334602e-9
v 0 -1.3234889751544636e-24 -5.960464455334602e-9
v 0 -1.3234889751544636e-24 -5.960464455334602e-9
v 0 -1.3234889751544636e-24 -5.960464455334602e-9
v 0 -1.3234889751544636e-24 -5.960464455334602e-9
v 0 -1.3234889751544636e-24 -5.960464455334602e-9
v 0 -1.3234889751544636e-24 -5.960464455334602e-9
v 0 -1.3234889751544636e-24 -5.960464455334602e-9
v 0 -1.3234889751544636e-24 -5.960464455334602e-9
v 0 -1.3234889751544636e-24 -5.960464455334602e-9
v 0 -1.3234889751544636e-24 -5.960464455334602e-9
v 0 -1.3234889751544636e-24 -5.960464455334602e-9
v 0 -1.3234889751544636e-24 -5.960464455334602e-9
v 0 -1.3234889751544636e-24 -5.960464455334602e-9
v 0 -1.3234889751544636e-24 -5.960464455334602e-9
v 0 -1.3234889751544636e-24 -5.960464455334602e-9
v 0 -1.3234889751544636e-24 -5.960464455334602e-9
v 0 -1.3234889751544636e-24 -5.960464455334602e-9
v 0 -1.3234889751544636e-24 -5.960464455334602e-9
v 0 -1.3234889751544636e-24 -5.960464455334602e-9
v 0 -1.3234889751544636e-24 -5.960464455334602e-9
v 0 -1.3234889751544636e-24 -5.960464455334602e-9
v 0 -1.3234889751544636e-24 -5.960464455334602e-9
v 0 -1.3234889751544636e-24 -5.960464455334602e-9
v 0 -1.3234889751544636e-24 -5.960464455334602e-9
v 0 -1.3234889751544636e-24 -5.960464455334602e-9
v 0 -1.3234889751544636e-24 -5.960464455334602e-9
v 0 -1.3234889751544636e-24 -5.960464455334602e-9
v 0 -1.3234889751544636e-24 -5.960464455334602e-9
v 0 -1.3234889751544636e-24 -5.960464455334602e-9
v 0 -1.3234889751544636e-24 -5.960464455334602e-9
v 0 -1.3234889751544636e-24 -5.960464455334602e-9
v 0 -1.3234889751544636e-24 -5.960464455334602e-9
v 0 -1.3234889751544636e-24 -5.960464455334602e-9
v 0 -1.3234889751544636e-24 -5.960464455334602e-9
v 0 -1.3234889751544636e-24 -5.960464455334602e-9
v 0 -1.3234889751544636e-24 -5.960464455334602e-9
v 0 -1.3234889751544636e-24 -5.960464455334602e-9
v 0 -1.3234889751544636e-24 -5.960464455334602e-9
v 0 -1.3234889751544636e-24 -5.960464455334602e-9
v 0 -1.3234889751544636e-24 -5.960464455334602e-9
v 0 -1.3234889751544636e-24 -5.960464455334602e-9
v 0 -1.3234889751544636e-24 -5.960464455334602e-9
v 0 -1.3234889751544636e-24 -5.960464455334602e-9
v 0 -4 -5.960463567156182e-9
v 0.5221047401428223 -3.9657795429229736 -5.960463567156182e-9
v 1.035276174545288 -3.8637032508850098 -5.9604636226673335e-9
v 1.5307337045669556 -3.6955180168151855 -5.9604636226673335e-9
v 2 -3.464101552963257 -5.960463678178485e-9
v 2.4350457191467285 -3.1734132766723633 -5.960463733689636e-9
v 2.8284270763397217 -2.8284270763397217 -5.9604638447119385e-9
v 3.1734132766723633 -2.4350457191467285 -5.96046390022309e-9
v 3.464101552963257 -2 -5.960464011245392e-9
v 3.6955180168151855 -1.5307337045669556 -5.960464122267695e-9
v 3.8637032508850098 -1.035276174545288 -5.960464233289997e-9
v 3.9657795429229736 -0.5221047401428223 -5.9604643443122995e-9
v 4 -2.4492937184052257e-16 -5.960464455334602e-9
v 3.9657795429229736 0.5221047401428223 -5.9604645663569045e-9
v 3.8637032508850098 1.035276174545288 -5.960464677379207e-9
v 3.6955180168151855 1.5307337045669556 -5.960464788401509e-9
v 3.464101552963257 2 -5.960464899423812e-9
v 3.1734132766723633 2.4350457191467285 -5.960465010446114e-9
v 2.8284270763397217 2.8284270763397217 -5.9604650659572656e-9
v 2.4350457191467285 3.1734132766723633 -5.960465176979568e-9
v 2 3.464101552963257 -5.960465232490719e-9
v 1.5307337045669556 3.6955180168151855 -5.9604652880018705e-9
v 1.035276174545288 3.8637032508850098 -5.9604652880018705e-9
v 0.5221047401428223 3.9657795429229736 -5.960465343513022e-9
v 4.898587410340671e-16 4 -5.960465343513022e-9
v -0.5221047401428223 3.9657795429229736 -5.960465343513022e-9
v -1.035276174545288 3.8637032508850098 -5.9604652880018705e-9
v -1.5307337045669556 3.6955180168151855 -5.9604652880018705e-9
v -2 3.464101552963257 -5.960465232490719e-9
v -2.4350457191467285 3.1734132766723633 -5.960465176979568e-9
v -2.8284270763397217 2.8284270763397217 -5.9604650659572656e-9
v -3.1734132766723633 2.4350457191467285 -5.960465010446114e-9
v -3.464101552963257 2 -5.960464899423812e-9
v -3.6955180168151855 1.5307337045669556 -5.960464788401509e-9
v -3.8637032508850098 1.035276174545288 -5.960464677379207e-9
v -3.9657795429229736 0.5221047401428223 -5.9604645663569045e-9
v -4 7.347880572880525e-16 -5.960464455334602e-9
v -3.9657795429229736 -0.5221047401428223 -5.9604643443122995e-9
v -3.8637032508850098 -1.035276174545288 -5.960464233289997e-9
v -3.6955180168151855 -1.5307337045669556 -5.960464122267695e-9
v -3.464101552963257 -2 -5.960464011245392e-9
v -3.1734132766723633 -2.4350457191467285 -5.96046390022309e-9
v -2.8284270763397217 -2.8284270763397217 -5.9604638447119385e-9
v -2.4350457191467285 -3.1734132766723633 -5.960463733689636e-9
v -2 -3.464101552963257 -5.960463678178485e-9
v -1.5307337045669556 -3.6955180168151855 -5.9604636226673335e-9
v -1.035276174545288 -3.8637032508850098 -5.9604636226673335e-9
v -0.5221047401428223 -3.9657795429229736 -5.960463567156182e-9
v -9.797174820681343e-16 -4 -5.960463567156182e-9
f 1 50 2
f 50 51 2
f 2 51 3
f 51 52 3
f 3 52 4
f 52 53 4
f 4 53 5
f 53 54 5
f 5 54 6
f 54 55 6
f 6 55 7
f 55 56 7
f 7 56 8
f 56 57 8
f 8 57 9
f 57 58 9
f 9 58 10
f 58 59 10
f 10 59 11
f 59 60 11
f 11 60 12
f 60 61 12
f 12 61 13
f 61 62 13
f 13 62 14
f 62 63 14
f 14 63 15
f 63 64 15
f 15 64 16
f 64 65 16
f 16 65 17
f 65 66 17
f 17 66 18
f 66 67 18
f 18 67 19
f 67 68 19
f 19 68 20
f 68 69 20
f 20 69 21
f 69 70 21
f 21 70 22
f 70 71 22
f 22 71 23
f 71 72 23
f 23 72 24
f 72 73 24
f 24 73 25
f 73 74 25
f 25 74 26
f 74 75 26
f 26 75 27
f 75 76 27
f 27 76 28
f 76 77 28
f 28 77 29
f 77 78 29
f 29 78 30
f 78 79 30
f 30 79 31
f 79 80 31
f 31 80 32
f 80 81 32
f 32 81 33
f 81 82 33
f 33 82 34
f 82 83 34
f 34 83 35
f 83 84 35
f 35 84 36
f 84 85 36
f 36 85 37
f 85 86 37
f 37 86 38
f 86 87 38
f 38 87 39
f 87 88 39
f 39 88 40
f 88 89 40
f 40 89 41
f 89 90 41
f 41 90 42
f 90 91 42
f 42 91 43
f 91 92 43
f 43 92 44
f 92 93 44
f 44 93 45
f 93 94 45
f 45 94 46
f 94 95 46
f 46 95 47
f 95 96 47
f 47 96 48
f 96 97 48
f 48 97 49
f 97 98 49
f 147 148 99
f 148 149 100
f 149 150 101
f 150 151 102
f 151 152 103
f 152 153 104
f 153 154 105
f 154 155 106
f 155 156 107
f 156 157 108
f 157 158 109
f 158 159 110
f 159 160 111
f 160 161 112
f 161 162 113
f 162 163 114
f 163 164 115
f 164 165 116
f 165 166 117
f 166 167 118
f 167 168 119
f 168 169 120
f 169 170 121
f 170 171 122
f 171 172 123
f 172 173 124
f 173 174 125
f 174 175 126
f 175 176 127
f 176 177 128
f 177 178 129
f 178 179 130
f 179 180 131
f 180 181 132
f 181 182 133
f 182 183 134
f 183 184 135
f 184 185 136
f 185 186 137
f 186 187 138
f 187 188 139
f 188 189 140
f 189 190 141
f 190 191 142
f 191 192 143
f 192 193 144
f 193 194 145
f 194 195 146
f 245 244 196
f 246 245 197
f 247 246 198
f 248 247 199
f 249 248 200
f 250 249 201
f 251 250 202
f 252 251 203
f 253 252 204
f 254 253 205
f 255 254 206
f 256 255 207
f 257 256 208
f 258 257 209
f 259 258 210
f 260 259 211
f 261 260 212
f 262 261 213
f 263 262 214
f 264 263 215
f 265 264 216
f 266 265 217
f 267 266 218
f 268 267 219
f 269 268 220
f 270 269 221
f 271 270 222
f 272 271 223
f 273 272 224
f 274 273 225
f 275 274 226
f 276 275 227
f 277 276 228
f 278 277 229
f 279 278 230
f 280 279 231
f 281 280 232
f 282 281 233
f 283 282 234
f 284 283 235
f 285 284 236
f 286 285 237
f 287 286 238
f 288 287 239
f 289 288 240
f 290 289 241
f 291 290 242
f 292 291 243
o pivot_assembly
v 0 -0.6000000238418572 2.8000000000000003
v 0.11705419421195984 -0.5884711742401116 2.8000000000000003
v 0.22961005568504333 -0.5543277263641351 2.8000000000000003
v 0.33334213495254517 -0.4988817572593683 2.8
v 0.4242640733718872 -0.4242640733718866 2.8
v 0.4988817572593689 -0.33334213495254456 2.8
v 0.5543277263641357 -0.22961005568504272 2.8
v 0.5884711742401123 -0.11705419421195921 2.8
v 0.6000000238418579 5.849854882125326e-16 2.8
v 0.5884711742401123 0.11705419421196046 2.8
v 0.5543277263641357 0.22961005568504395 2.8
v 0.4988817572593689 0.3333421349525458 2.8
v 0.4242640733718872 0.4242640733718878 2.8
v 0.33334213495254517 0.4988817572593695 2.8
v 0.22961005568504333 0.5543277263641364 2.8
v 0.11705419421195984 0.588471174240113 2.8
v 7.347881115511007e-17 0.6000000238418586 2.8
v -0.11705419421195984 0.588471174240113 2.8
v -0.22961005568504333 0.5543277263641364 2.8
v -0.33334213495254517 0.4988817572593695 2.8
v -0.4242640733718872 0.4242640733718878 2.8
v -0.4988817572593689 0.3333421349525458 2.8
v -0.5543277263641357 0.22961005568504395 2.8
v -0.5884711742401123 0.11705419421196046 2.8
v -0.6000000238418579 7.319431039053078e-16 2.8
v -0.5884711742401123 -0.11705419421195921 2.8
v -0.5543277263641357 -0.22961005568504272 2.8
v -0.4988817572593689 -0.33334213495254456 2.8
v -0.4242640733718872 -0.4242640733718866 2.8
v -0.33334213495254517 -0.4988817572593683 2.8
v -0.22961005568504333 -0.5543277263641351 2.8000000000000003
v -0.11705419421195984 -0.5884711742401116 2.8000000000000003
v -1.4695762231022014e-16 -0.6000000238418572 2.8000000000000003
v 0 -0.6000000238418577 0.8000000000000002
v 0.11705419421195984 -0.5884711742401121 0.8000000000000002
v 0.22961005568504333 -0.5543277263641355 0.8000000000000002
v 0.33334213495254517 -0.49888175725936873 0.8000000000000002
v 0.4242640733718872 -0.42426407337188704 0.8000000000000002
v 0.4988817572593689 -0.333342134952545 0.8000000000000002
v 0.5543277263641357 -0.22961005568504317 0.8
v 0.5884711742401123 -0.11705419421195966 0.8
v 0.6000000238418579 1.4089627836247002e-16 0.8
v 0.5884711742401123 0.11705419421196002 0.8
v 0.5543277263641357 0.2296100556850435 0.8
v 0.4988817572593689 0.33334213495254533 0.8
v 0.4242640733718872 0.4242640733718874 0.8
v 0.33334213495254517 0.49888175725936906 0.8
v 0.22961005568504333 0.554327726364136 0.7999999999999998
v 0.11705419421195984 0.5884711742401125 0.7999999999999998
v 7.347881115511007e-17 0.6000000238418581 0.7999999999999998
v -0.11705419421195984 0.5884711742401125 0.7999999999999998
v -0.22961005568504333 0.554327726364136 0.7999999999999998
v -0.33334213495254517 0.49888175725936906 0.8
v -0.4242640733718872 0.4242640733718874 0.8
v -0.4988817572593689 0.33334213495254533 0.8
v -0.5543277263641357 0.2296100556850435 0.8
v -0.5884711742401123 0.11705419421196002 0.8
v -0.6000000238418579 2.8785389405524526e-16 0.8
v -0.5884711742401123 -0.11705419421195966 0.8
v -0.5543277263641357 -0.22961005568504317 0.8
v -0.4988817572593689 -0.333342134952545 0.8000000000000002
v -0.4242640733718872 -0.42426407337188704 0.8000000000000002
v -0.33334213495254517 -0.49888175725936873 0.8000000000000002
v -0.22961005568504333 -0.5543277263641355 0.8000000000000002
v -0.11705419421195984 -0.5884711742401121 0.8000000000000002
v -1.4695762231022014e-16 -0.6000000238418577 0.8000000000000002
v 0 6.217248937900876e-16 2.8
v 0 6.217248937900876e-16 2.8
v 0 6.217248937900876e-16 2.8
v 0 6.217248937900876e-16 2.8
v 0 6.217248937900876e-16 2.8
v 0 6.217248937900876e-16 2.8
v 0 6.217248937900876e-16 2.8
v 0 6.217248937900876e-16 2.8
v 0 6.217248937900876e-16 2.8
v 0 6.217248937900876e-16 2.8
v 0 6.217248937900876e-16 2.8
v 0 6.217248937900876e-16 2.8
v 0 6.217248937900876e-16 2.8
v 0 6.217248937900876e-16 2.8
v 0 6.217248937900876e-16 2.8
v 0 6.217248937900876e-16 2.8
v 0 6.217248937900876e-16 2.8
v 0 6.217248937900876e-16 2.8
v 0 6.217248937900876e-16 2.8
v 0 6.217248937900876e-16 2.8
v 0 6.217248937900876e-16 2.8
v 0 6.217248937900876e-16 2.8
v 0 6.217248937900876e-16 2.8
v 0 6.217248937900876e-16 2.8
v 0 6.217248937900876e-16 2.8
v 0 6.217248937900876e-16 2.8
v 0 6.217248937900876e-16 2.8
v 0 6.217248937900876e-16 2.8
v 0 6.217248937900876e-16 2.8
v 0 6.217248937900876e-16 2.8
v 0 6.217248937900876e-16 2.8
v 0 6.217248937900876e-16 2.8
v 0 -0.6000000238418572 2.8000000000000003
v 0.11705419421195984 -0.5884711742401116 2.8000000000000003
v 0.22961005568504333 -0.5543277263641351 2.8000000000000003
v 0.33334213495254517 -0.4988817572593683 2.8
v 0.4242640733718872 -0.4242640733718866 2.8
v 0.4988817572593689 -0.33334213495254456 2.8
v 0.5543277263641357 -0.22961005568504272 2.8
v 0.5884711742401123 -0.11705419421195921 2.8
v 0.6000000238418579 5.849854882125326e-16 2.8
v 0.5884711742401123 0.11705419421196046 2.8
v 0.5543277263641357 0.22961005568504395 2.8
v 0.4988817572593689 0.3333421349525458 2.8
v 0.4242640733718872 0.4242640733718878 2.8
v 0.33334213495254517 0.4988817572593695 2.8
v 0.22961005568504333 0.5543277263641364 2.8
v 0.11705419421195984 0.588471174240113 2.8
v 7.347881115511007e-17 0.6000000238418586 2.8
v -0.11705419421195984 0.588471174240113 2.8
v -0.22961005568504333 0.5543277263641364 2.8
v -0.33334213495254517 0.4988817572593695 2.8
v -0.4242640733718872 0.4242640733718878 2.8
v -0.4988817572593689 0.3333421349525458 2.8
v -0.5543277263641357 0.22961005568504395 2.8
v -0.5884711742401123 0.11705419421196046 2.8
v -0.6000000238418579 7.319431039053078e-16 2.8
v -0.5884711742401123 -0.11705419421195921 2.8
v -0.5543277263641357 -0.22961005568504272 2.8
v -0.4988817572593689 -0.33334213495254456 2.8
v -0.4242640733718872 -0.4242640733718866 2.8
v -0.33334213495254517 -0.4988817572593683 2.8
v -0.22961005568504333 -0.5543277263641351 2.8000000000000003
v -0.11705419421195984 -0.5884711742401116 2.8000000000000003
v -1.4695762231022014e-16 -0.6000000238418572 2.8000000000000003
v 0 1.7763568394002506e-16 0.8
v 0 1.7763568394002506e-16 0.8
v 0 1.7763568394002506e-16 0.8
v 0 1.7763568394002506e-16 0.8
v 0 1.7763568394002506e-16 0.8
v 0 1.7763568394002506e-16 0.8
v 0 1.7763568394002506e-16 0.8
v 0 1.7763568394002506e-16 0.8
v 0 1.7763568394002506e-16 0.8
v 0 1.7763568394002506e-16 0.8
v 0 1.7763568394002506e-16 0.8
v 0 1.7763568394002506e-16 0.8
v 0 1.7763568394002506e-16 0.8
v 0 1.7763568394002506e-16 0.8
v 0 1.7763568394002506e-16 0.8
v 0 1.7763568394002506e-16 0.8
v 0 1.7763568394002506e-16 0.8
v 0 1.7763568394002506e-16 0.8
v 0 1.7763568394002506e-16 0.8
v 0 1.7763568394002506e-16 0.8
v 0 1.7763568394002506e-16 0.8
v 0 1.7763568394002506e-16 0.8
v 0 1.7763568394002506e-16 0.8
v 0 1.7763568394002506e-16 0.8
v 0 1.7763568394002506e-16 0.8
v 0 1.7763568394002506e-16 0.8
v 0 1.7763568394002506e-16 0.8
v 0 1.7763568394002506e-16 0.8
v 0 1.7763568394002506e-16 0.8
v 0 1.7763568394002506e-16 0.8
v 0 1.7763568394002506e-16 0.8
v 0 1.7763568394002506e-16 0.8
v 0 -0.6000000238418577 0.8000000000000002
v 0.11705419421195984 -0.5884711742401121 0.8000000000000002
v 0.22961005568504333 -0.5543277263641355 0.8000000000000002
v 0.33334213495254517 -0.49888175725936873 0.8000000000000002
v 0.4242640733718872 -0.42426407337188704 0.8000000000000002
v 0.4988817572593689 -0.333342134952545 0.8000000000000002
v 0.5543277263641357 -0.22961005568504317 0.8
v 0.5884711742401123 -0.11705419421195966 0.8
v 0.6000000238418579 1.4089627836247002e-16 0.8
v 0.5884711742401123 0.11705419421196002 0.8
v 0.5543277263641357 0.2296100556850435 0.8
v 0.4988817572593689 0.33334213495254533 0.8
v 0.4242640733718872 0.4242640733718874 0.8
v 0.33334213495254517 0.49888175725936906 0.8
v 0.22961005568504333 0.554327726364136 0.7999999999999998
v 0.11705419421195984 0.5884711742401125 0.7999999999999998
v 7.347881115511007e-17 0.6000000238418581 0.7999999999999998
v -0.11705419421195984 0.5884711742401125 0.7999999999999998
v -0.22961005568504333 0.554327726364136 0.7999999999999998
v -0.33334213495254517 0.49888175725936906 0.8
v -0.4242640733718872 0.4242640733718874 0.8
v -0.4988817572593689 0.33334213495254533 0.8
v -0.5543277263641357 0.2296100556850435 0.8
v -0.5884711742401123 0.11705419421196002 0.8
v -0.6000000238418579 2.8785389405524526e-16 0.8
v -0.5884711742401123 -0.11705419421195966 0.8
v -0.5543277263641357 -0.22961005568504317 0.8
v -0.4988817572593689 -0.333342134952545 0.8000000000000002
v -0.4242640733718872 -0.42426407337188704 0.8000000000000002
v -0.33334213495254517 -0.49888175725936873 0.8000000000000002
v -0.22961005568504333 -0.5543277263641355 0.8000000000000002
v -0.11705419421195984 -0.5884711742401121 0.8000000000000002
v -1.4695762231022014e-16 -0.6000000238418577 0.8000000000000002
f 293 326 294
f 326 327 294
f 294 327 295
f 327 328 295
f 295 328 296
f 328 329 296
f 296 329 297
f 329 330 297
f 297 330 298
f 330 331 298
f 298 331 299
f 331 332 299
f 299 332 300
f 332 333 300
f 300 333 301
f 333 334 301
f 301 334 302
f 334 335 302
f 302 335 303
f 335 336 303
f 303 336 304
f 336 337 304
f 304 337 305
f 337 338 305
f 305 338 306
f 338 339 306
f 306 339 307
f 339 340 307
f 307 340 308
f 340 341 308
f 308 341 309
f 341 342 309
f 309 342 310
f 342 343 310
f 310 343 311
f 343 344 311
f 311 344 312
f 344 345 312
f 312 345 313
f 345 346 313
f 313 346 314
f 346 347 314
f 314 347 315
f 347 348 315
f 315 348 316
f 348 349 316
f 316 349 317
f 349 350 317
f 317 350 318
f 350 351 318
f 318 351 319
f 351 352 319
f 319 352 320
f 352 353 320
f 320 353 321
f 353 354 321
f 321 354 322
f 354 355 322
f 322 355 323
f 355 356 323
f 323 356 324
f 356 357 324
f 324 357 325
f 357 358 325
f 391 392 359
f 392 393 360
f 393 394 361
f 394 395 362
f 395 396 363
f 396 397 364
f 397 398 365
f 398 399 366
f 399 400 367
f 400 401 368
f 401 402 369
f 402 403 370
f 403 404 371
f 404 405 372
f 405 406 373
f 406 407 374
f 407 408 375
f 408 409 376
f 409 410 377
f 410 411 378
f 411 412 379
f 412 413 380
f 413 414 381
f 414 415 382
f 415 416 383
f 416 417 384
f 417 418 385
f 418 419 386
f 419 420 387
f 420 421 388
f 421 422 389
f 422 423 390
f 457 456 424
f 458 457 425
f 459 458 426
f 460 459 427
f 461 460 428
f 462 461 429
f 463 462 430
f 464 463 431
f 465 464 432
f 466 465 433
f 467 466 434
f 468 467 435
f 469 468 436
f 470 469 437
f 471 470 438
f 472 471 439
f 473 472 440
f 474 473 441
f 475 474 442
f 476 475 443
f 477 476 444
f 478 477 445
f 479 478 446
f 480 479 447
f 481 480 448
f 482 481 449
f 483 482 450
f 484 483 451
f 485 484 452
f 486 485 453
f 487 486 454
f 488 487 455
o nameplate
v 3.4371138676620916 2.3039296502747515 0.7388114707996423
v 3.6973431142123374 1.6756806739270163 0.6249310892575834
v 3.466879492393512 2.3736436188485937 0.6151488074235794
v 3.7271087389437576 1.7453946425008582 0.5012684258815204
v 1.309308008176186 0.7705852071233884 0.44378132180309665
v 1.0490787616259403 1.3988341834711238 0.5576617033451555
v 1.3390736329076063 0.8402991756972303 0.3201186584270337
v 1.0788443863573605 1.4685481520449657 0.4339990399690925
v 1.309308008176186 0.7705852071233884 0.44378132180309665
v 3.6973431142123374 1.6756806739270163 0.6249310892575834
v 1.0490787616259403 1.3988341834711238 0.5576617033451555
v 3.4371138676620916 2.3039296502747515 0.7388114707996423
v 1.0788443863573605 1.4685481520449657 0.4339990399690925
v 3.466879492393512 2.3736436188485937 0.6151488074235794
v 1.3390736329076063 0.8402991756972303 0.3201186584270337
v 3.7271087389437576 1.7453946425008582 0.5012684258815204
v 1.0490787616259403 1.3988341834711238 0.5576617033451555
v 3.4371138676620916 2.3039296502747515 0.7388114707996423
v 1.0788443863573605 1.4685481520449657 0.4339990399690925
v 3.466879492393512 2.3736436188485937 0.6151488074235794
v 3.6973431142123374 1.6756806739270163 0.6249310892575834
v 1.309308008176186 0.7705852071233884 0.44378132180309665
v 3.7271087389437576 1.7453946425008582 0.5012684258815204
v 1.3390736329076063 0.8402991756972303 0.3201186584270337
f 489 490 491
f 491 490 492
f 493 494 495
f 495 494 496
f 497 498 499
f 499 498 500
f 501 502 503
f 503 502 504
f 505 506 507
f 507 506 508
f 509 510 511
f 511 510 512
o arch_band
v -8.46771531710954e-16 -3.813519954681396 3.3155453681945817
v -7.753262613737443e-16 -3.491759061813354 3.160129833221437
v -7.02477933898967e-16 -3.1636793613433833 3.018539237976076
v -6.283584217285979e-16 -2.829874753952026 2.8910296440124528
v -5.531018737056582e-16 -2.490949392318725 2.7778318405151374
v -4.7684439743686e-16 -2.147516250610351 2.679151344299317
v -3.997240063530465e-16 -1.8001968860626214 2.595166969299317
v -3.2188030207183703e-16 -1.4496200084686273 2.526028442382813
v -2.434541302904922e-16 -1.0964199304580682 2.4718626022338874
v -1.6458746167190573e-16 -0.7412360310554499 2.4327676773071296
v -8.542290215368177e-17 -0.38471055030822704 2.408814239501954
v -6.1037632584869536e-18 -0.027488905936479038 2.4000452041625984
v 7.322636886704869e-17 0.32978224754333546 2.4064758300781257
v 1.5242409501911358e-16 0.6864570975303655 2.4280956268310554
v 2.313459531281696e-16 1.0418895483016974 2.4648654937744148
v 3.0984912549837575e-16 1.3954364061355597 2.516717720031739
v 3.8779158852727917e-16 1.7464580535888679 2.5835597991943366
v 4.650324171082804e-16 2.094319820404053 2.665270614624024
v 5.414316125770661e-16 2.438391208648682 2.761701393127442
v 6.168511085632338e-16 2.7780504226684575 2.8726776123046873
v 6.911543210040387e-16 3.1126823425292973 2.9979994773864744
v 7.642068892982226e-16 3.441681861877442 3.137440013885498
v 8.358765174873363e-16 3.7644531726837163 3.2907460212707518
v 9.060335565908907e-16 4.080412387847901 3.4576414108276365
v 9.74551110485475e-16 4.38898801803589 3.6378224372863768
v 1.041305141783876e-15 4.689621448516847 3.8309648513793944
v 1.106174736532873e-15 4.981768131256104 4.036717700958252
v 1.1690426865483897e-15 5.264900207519532 4.254709529876709
v 1.2297950658990203e-15 5.538504600524903 4.484545516967773
v 1.288322077938977e-15 5.802086830139161 4.72581033706665
v 1.3445178435498532e-15 6.055170059204103 4.978066253662108
v 1.3982805070197413e-15 6.297295570373537 5.240857887268065
v 1.4495130830761808e-15 6.528026580810549 5.513708400726317
v 1.4981222922158554e-15 6.7469429969787615 5.796126174926757
v 1.5440207841660794e-15 6.953651428222658 6.087597656249999
v 1.5871252320606667e-15 7.147776603698732 6.387597370147704
v 1.627357497110233e-15 7.32896661758423 6.695581245422362
v 1.6646449462395514e-15 7.496894359588625 7.01099305152893
v 1.6989201344501967e-15 7.6512560844421404 7.3332608222961415
v 1.7301211224579009e-15 7.791772842407228 7.661802101135253
v 1.7581909472969611e-15 7.918188095092775 7.996022510528563
v 1.783079528144371e-15 8.030276298522951 8.335316467285155
v 1.8047413369792157e-15 8.127832412719728 8.679070997238158
v 1.8231371985276846e-15 8.210680007934572 9.02666311264038
v 1.8382340785048348e-15 8.278670310974123 9.377464222908019
v 1.8500046600981174e-15 8.331680297851564 9.730839419364928
v 1.8584273439673773e-15 8.369612693786623 10.08614968061447
v 1.863487095277801e-15 8.392399787902834 10.44275163412094
v 1.8651745966669683e-15 8.399999618530275 10.800000073604851
v 1.863487095277801e-15 8.392399787902834 11.157248336076735
v 1.8584273439673773e-15 8.369612693786623 11.513850319385527
v 1.8500046600981174e-15 8.331680297851564 11.86916046142578
v 1.8382342902630716e-15 8.27867126464844 12.222535777091979
v 1.8231371985276846e-15 8.210680007934572 12.573337006568908
v 1.8047413369792157e-15 8.127832412719728 12.920929241180419
v 1.783079528144371e-15 8.030276298522951 13.264683532714843
v 1.7581910531760795e-15 7.918188571929935 13.603977727890014
v 1.7301210165787824e-15 7.791772365570072 13.938197660446166
v 1.6989201344501967e-15 7.651256084442142 14.266739177703856
v 1.6646449462395514e-15 7.496894359588627 14.589006948471068
v 1.627357497110233e-15 7.328966617584232 14.904418754577636
v 1.5871251261815483e-15 7.147776126861576 15.212402629852294
v 1.5440207841660794e-15 6.95365142822266 15.512402343749999
v 1.4981222922158554e-15 6.746942996978763 15.803873825073241
v 1.4495129771970624e-15 6.528026103973392 16.08629112243652
v 1.3982806128988597e-15 6.297296047210697 16.35914258956909
v 1.3445178435498532e-15 6.055170059204105 16.621933746337888
v 1.288322077938977e-15 5.802086830139165 16.87418966293335
v 1.2297951717781387e-15 5.538505077362065 17.115454483032227
v 1.1690425806692713e-15 5.2648997306823775 17.345289993286134
v 1.106174736532873e-15 4.981768131256108 17.56328182220459
v 1.0413050359047576e-15 4.689620971679692 17.769035148620606
v 9.74551110485475e-16 4.388988018035893 17.962177085876466
v 9.060335565908907e-16 4.080412387847905 18.142358589172364
v 8.358765704268955e-16 3.764453411102299 18.30925397872925
v 7.642068892982226e-16 3.4416818618774454 18.46256046295166
v 6.911543739435979e-16 3.11268258094788 18.602000045776368
v 6.168511085632338e-16 2.778050422668461 18.727321910858155
v 5.414316125770661e-16 2.4383912086486856 18.83829860687256
v 4.650323641687212e-16 2.0943195819854776 18.934729385375977
v 3.87791667936618e-16 1.74645841121674 19.016440200805665
v 3.0984915196815535e-16 1.3954365253448529 19.083282279968262
v 2.313459531281696e-16 1.041889548301701 19.135134506225587
v 1.5242409501911358e-16 0.6864570975303693 19.171904373168946
v 7.322642842405279e-17 0.3297825157642407 19.193524169921876
v -6.103805444698194e-18 -0.027489095926280526 19.199954795837403
v -8.542286906645726e-17 -0.3847104012966113 19.191185760498048
v -1.6458744843701593e-16 -0.7412359714508013 19.167231369018555
v -2.434541832300514e-16 -1.0964201688766437 19.128136444091798
v -3.2188032854161663e-16 -1.4496201276779133 19.073971557617188
v -3.997240063530465e-16 -1.8001968860626179 19.004833984375
v -4.768443444973008e-16 -2.1475160121917685 18.920848655700684
v -5.53101820766099e-16 -2.4909491539001425 18.822167205810548
v -6.283584746681571e-16 -2.8298749923706015 18.70896987915039
v -7.02477933898967e-16 -3.16367936134338 18.581460762023926
v -7.753263143133035e-16 -3.4917593002319296 18.439870166778565
v -8.467716375900724e-16 -3.8135204315185507 18.28445463180542
v 0.1035276204347602 -3.8073325157165523 3.3276889801025407
v 0.10352762043476027 -3.4860935211181636 3.172526168823244
v 0.10352762043476034 -3.1585459709167476 3.0311654090881364
v 0.10352762043476042 -2.82528281211853 2.9038632392883317
v 0.10352762043476049 -2.4869072437286373 2.7908494949340827
v 0.10352762043476058 -2.1440315246582027 2.6923282623291023
v 0.10352762043476064 -1.797275781631469 2.6084802627563484
v 0.10352762043476073 -1.4472678899765008 2.5394542694091804
v 0.1035276204347608 -1.0946409702301019 2.485376167297364
v 0.10352762043476088 -0.7400332093238825 2.446344184875489
v 0.10352762043476096 -0.3840862214565272 2.422429847717286
v 0.10352762043476105 -0.027444297447800126 2.41367416381836
v 0.10352762043476112 0.3292473554611211 2.4200952529907234
v 0.1035276204347612 0.6853429675102239 2.441679763793946
v 0.10352762043476128 1.0401988029479987 2.478389549255372
v 0.10352762043476135 1.3931723833084113 2.5301588058471687
v 0.10352762043476144 1.7436244487762458 2.596892166137696
v 0.1035276204347615 2.0909214019775395 2.6784694671630866
v 0.10352762043476159 2.4344346523284917 2.774743843078614
v 0.10352762043476166 2.7735426425933842 2.885540771484375
v 0.10352762043476174 3.107632160186768 3.010659027099609
v 0.10352762043476181 3.436097621917725 3.149873065948486
v 0.10352762043476188 3.7583451271057133 3.3029306411743162
v 0.10352762043476195 4.073791503906251 3.4695547103881834
v 0.10352762043476202 4.381866455078126 3.6494439125061033
v 0.10352762043476209 4.682012081146241 3.8422725677490233
v 0.10352762043476216 4.973684787750245 4.0476916313171385
v 0.10352762043476221 5.256357669830323 4.265329647064209
v 0.10352762043476227 5.529518127441407 4.494792747497558
v 0.10352762043476234 5.792672634124757 4.735666084289551
v 0.1035276204347624 6.045345306396486 4.987512397766112
v 0.10352762043476245 6.287078380584719 5.249877738952636
v 0.10352762043476249 6.517433643341066 5.522286224365233
v 0.10352762043476255 6.735995769500734 5.804245281219481
v 0.10352762043476259 6.942368984222414 6.095244216918944
v 0.10352762043476263 7.136178493499758 6.394756603240966
v 0.10352762043476267 7.317074775695803 6.702241230010985
v 0.10352762043476271 7.484730243682863 7.017140674591063
v 0.10352762043476274 7.638841152191164 7.338886070251464
v 0.10352762043476277 7.779129981994631 7.666894006729125
v 0.1035276204347628 7.905340671539308 8.00057201385498
v 0.10352762043476282 8.017246246337892 8.339315938949584
v 0.10352762043476285 8.114645004272463 8.682512092590331
v 0.10352762043476287 8.197358131408693 9.029540109634398
v 0.10352762043476288 8.26523780822754 9.37977259159088
v 0.1035276204347629 8.31816101074219 9.73257439136505
v 0.10352762043476291 8.356032371520998 10.087308156490325
v 0.10352762043476291 8.378782272338869 10.44333140850067
v 0.10352762043476291 8.386370658874513 10.800000113604925
v 0.10352762043476291 8.378782272338869 11.156668651103972
v 0.10352762043476291 8.356032371520998 11.512692022323607
v 0.1035276204347629 8.318161964416506 11.867425489425658
v 0.10352762043476288 8.26523780822754 12.220227766036986
v 0.10352762043476287 8.197358131408693 12.570459413528441
v 0.10352762043476285 8.114644050598146 12.917487668991088
v 0.10352762043476282 8.017246246337892 13.260684537887572
v 0.1035276204347628 7.90534067153931 13.599427986145018
v 0.10352762043476277 7.779129505157474 13.933105754852294
v 0.10352762043476274 7.638841629028324 14.261113929748534
v 0.10352762043476271 7.484730243682865 14.582859086990355
v 0.10352762043476267 7.317074775695804 14.897758293151854
v 0.10352762043476263 7.136178016662601 15.205242919921874
v 0.10352762043476259 6.9423685073852575 15.504755783081054
v 0.10352762043476255 6.735995769500736 15.795755195617675
v 0.10352762043476249 6.517434120178226 16.077713775634763
v 0.10352762043476245 6.287077903747562 16.35012226104736
v 0.1035276204347624 6.045345306396488 16.612487125396726
v 0.10352762043476234 5.79267263412476 16.86433391571045
v 0.10352762043476227 5.529518127441411 17.105206775665284
v 0.10352762043476221 5.2563571929931685 17.334669876098634
v 0.10352762043476216 4.973684787750249 17.55230884552002
v 0.10352762043476209 4.6820116043090865 17.757727432250977
v 0.10352762043476202 4.381866455078129 17.95055561065674
v 0.10352762043476195 4.073791980743413 18.130445766448975
v 0.10352762043476188 3.758344888687138 18.297069358825684
v 0.10352762043476181 3.4360973834991495 18.450126934051514
v 0.10352762043476174 3.1076316833496134 18.589340496063233
v 0.10352762043476166 2.773542881011967 18.714459228515626
v 0.10352762043476159 2.4344348907470743 18.825256156921387
v 0.1035276204347615 2.090921163558964 18.9215295791626
v 0.10352762043476144 1.7436245679855389 19.003107833862305
v 0.10352762043476135 1.3931722640991253 19.06984214782715
v 0.10352762043476128 1.0401990413665814 19.12161045074463
v 0.1035276204347612 0.685343146324162 19.158320236206055
v 0.10352762043476112 0.3292472958564801 19.179904747009278
v 0.10352762043476105 -0.02744434960186058 19.18632583618164
v 0.10352762043476096 -0.384086340665813 19.177570152282716
v 0.10352762043476088 -0.7400332689285235 19.153655815124512
v 0.1035276204347608 -1.0946409702300983 19.114623832702637
v 0.10352762043476073 -1.4472681283950763 19.06054573059082
v 0.10352762043476064 -1.7972761392593342 18.99152069091797
v 0.10352762043476058 -2.144031524658199 18.907670783996583
v 0.10352762043476049 -2.486907482147213 18.809151458740235
v 0.10352762043476042 -2.8252830505371054 18.69613723754883
v 0.10352762043476034 -3.158546209335323 18.568834590911866
v 0.10352762043476027 -3.486093282699581 18.42747383117676
v 0.1035276204347602 -3.8073325157165487 18.272310543060303
v 0.2000000029802314 -3.789190769195556 3.363294410705568
v 0.20000000298023146 -3.4694826602935787 3.2088697433471696
v 0.20000000298023154 -3.1434957981109615 3.0681832313537614
v 0.20000000298023163 -2.8118209838867183 2.941487121582033
v 0.20000000298023168 -2.4750576019287105 2.8290122032165543
v 0.20000000298023177 -2.13381552696228 2.730960655212403
v 0.20000000298023185 -1.7887122631072991 2.647511291503907
v 0.2000000029802319 -1.4403718709945672 2.578814315795899
v 0.200000002980232 -1.089425086975097 2.524994659423829
v 0.20000000298023207 -0.7365068793296808 2.486148643493653
v 0.20000000298023216 -0.38225629925727794 2.4623477935791023
v 0.20000000298023224 -0.027313465252518154 2.4536340713500984
v 0.20000000298023232 0.32767853140831044 2.4600246429443366
v 0.20000000298023238 0.6820775270462042 2.4815061569213874
v 0.20000000298023246 1.0352424383163459 2.518041419982911
v 0.20000000298023254 1.3865337371826179 2.5695636749267585
v 0.20000000298023263 1.7353163957595832 2.635978507995606
v 0.2000000029802327 2.0809583663940434 2.7171676635742195
v 0.20000000298023277 2.4228351116180424 2.8129837989807127
v 0.20000000298023285 2.7603271007537846 2.9232523918151854
v 0.20000000298023293 3.092824220657349 3.047774600982666
v 0.200000002980233 3.4197249412536626 3.1863253593444822
v 0.20000000298023307 3.7404370307922368 3.3386533737182615
v 0.20000000298023313 4.054380416870118 3.5044830322265623
v 0.2000000029802332 4.360987663269044 3.6835153579711912
v 0.20000000298023327 4.65970277786255 3.875425624847412
v 0.20000000298023335 4.9499855041503915 4.079865741729736
v 0.2000000029802334 5.231311321258546 4.296467113494873
v 0.20000000298023346 5.5031704902648935 4.5248363494873045
v 0.20000000298023352 5.765071392059327 4.764561939239502
v 0.20000000298023357 6.016540050506594 5.015208530426024
v 0.20000000298023363 6.257121086120607 5.276323604583739
v 0.20000000298023368 6.4863791465759295 5.54743366241455
v 0.20000000298023374 6.703899383544924 5.82804946899414
v 0.20000000298023377 6.90928888320923 6.117661762237548
v 0.20000000298023382 7.102175712585451 6.4157474517822255
v 0.20000000298023385 7.2822093963623065 6.721766757965087
v 0.2000000029802339 7.449066638946535 7.0351655960083
v 0.20000000298023393 7.602443218231203 7.355377721786498
v 0.20000000298023396 7.742063045501711 7.6818230628967274
v 0.200000002980234 7.867672443389894 8.013911056518554
v 0.20000000298023402 7.9790453910827654 8.351040649414061
v 0.20000000298023404 8.075979232788088 8.69260172843933
v 0.20000000298023404 8.158298492431642 9.037976312637328
v 0.20000000298023407 8.225854873657228 9.38653950691223
v 0.20000000298023407 8.278526306152346 9.737660694122313
v 0.2000000029802341 8.316217422485353 10.090703892707824
v 0.2000000029802341 8.338858604431154 10.445030885934829
v 0.2000000029802341 8.346410751342775 10.80000000580089
v 0.2000000029802341 8.338858604431154 11.154969054460524
v 0.2000000029802341 8.316216468811037 11.50929604768753
v 0.20000000298023407 8.278526306152346 11.862339425086974
v 0.20000000298023407 8.225854873657228 12.213460493087767
v 0.20000000298023404 8.158298492431642 12.56202356815338
v 0.20000000298023404 8.075979232788088 12.907398033142089
v 0.20000000298023402 7.979044914245609 13.248959589004516
v 0.200000002980234 7.867672920227054 13.586088943481444
v 0.20000000298023396 7.7420630455017125 13.91817693710327
v 0.20000000298023393 7.602443218231205 14.244622516632079
v 0.2000000029802339 7.4490661621093786 14.564834165573119
v 0.20000000298023385 7.282209873199466 14.878233242034911
v 0.20000000298023382 7.102175235748295 15.184252548217772
v 0.20000000298023377 6.909288883209232 15.48233823776245
v 0.20000000298023374 6.703899860382084 15.771951007843017
v 0.20000000298023368 6.486379146575931 16.052565860748288
v 0.20000000298023363 6.257121086120609 16.323676395416257
v 0.20000000298023357 6.016540050506595 16.58479146957397
v 0.20000000298023352 5.765071392059331 16.835438537597657
v 0.20000000298023346 5.503170490264897 17.075163173675538
v 0.2000000029802334 5.231311321258549 17.303532886505128
v 0.20000000298023335 4.949985504150395 17.520134258270264
v 0.20000000298023327 4.659702777862553 17.724574851989747
v 0.2000000029802332 4.360987186431889 17.91648416519165
v 0.20000000298023313 4.05438089370728 18.095516967773438
v 0.20000000298023307 3.7404370307922403 18.26134662628174
v 0.200000002980233 3.419724702835087 18.41367464065552
v 0.20000000298023293 3.0928244590759317 18.552225875854493
v 0.20000000298023285 2.760327100753788 18.676747608184815
v 0.20000000298023277 2.422834873199467 18.787016677856446
v 0.2000000029802327 2.080958366394047 18.882831382751466
v 0.20000000298023263 1.735316038131718 18.96402053833008
v 0.20000000298023254 1.3865337371826214 19.030436325073243
v 0.20000000298023246 1.0352424383163494 19.08195858001709
v 0.20000000298023238 0.6820776462554975 19.118492889404298
v 0.20000000298023232 0.3276785016059917 19.139975357055665
v 0.20000000298023224 -0.027313519269223777 19.146364974975587
v 0.20000000298023216 -0.38225641846656383 19.1376522064209
v 0.20000000298023207 -0.7365071177482562 19.11385135650635
v 0.200000002980232 -1.0894253253936725 19.075005340576173
v 0.2000000029802319 -1.4403719902038532 19.021185684204102
v 0.20000000298023185 -1.788712143898006 18.952488708496094
v 0.20000000298023177 -2.1338155269622763 18.8690393447876
v 0.20000000298023168 -2.475057363510128 18.770988273620606
v 0.20000000298023163 -2.8118209838867148 18.65851287841797
v 0.20000000298023154 -3.143496036529537 18.5318172454834
v 0.20000000298023146 -3.469482660293575 18.391129779815675
v 0.2000000029802314 -3.7891907691955526 18.236705589294434
v 0.28284272551536477 -3.7603318691253658 3.419933128356935
v 0.2828427255153648 -3.4430584907531734 3.266684818267824
v 0.28284272551536493 -3.11955451965332 3.127069759368898
v 0.282842725515365 -2.7904057502746578 3.0013382911682145
v 0.28284272551536505 -2.4562072753906246 2.889719772338869
v 0.28284272551536516 -2.117563962936401 2.792415428161622
v 0.2828427255153652 -1.7750890254974359 2.7096021652221687
v 0.28284272551536527 -1.4294016361236566 2.641428756713868
v 0.2828427255153654 -1.0811278820037835 2.588018226623536
v 0.28284272551536543 -0.7308978438377376 2.549467849731446
v 0.2828427255153655 -0.3793448209762568 2.5258481979370124
v 0.2828427255153656 -0.027105571702122192 2.517201232910157
v 0.28284272551536566 0.32518306374549916 2.5235431671142585
v 0.28284272551536577 0.676882922649384 2.544861602783204
v 0.2828427255153658 1.0273580551147468 2.5811183929443366
v 0.28284272551536593 1.3759737014770514 2.632247734069825
v 0.282842725515366 1.722099661827088 2.6981571197509773
v 0.28284272551536604 2.065109729766846 2.7787282943725593
v 0.28284272551536616 2.404382228851319 2.8738139152526854
v 0.2828427255153662 2.739304065704346 2.9832427978515623
v 0.28284272551536627 3.069268941879273 3.106817054748535
v 0.2828427255153664 3.3936796188354497 3.2443116188049315
v 0.28284272551536643 3.7119495868682866 3.3954799652099608
v 0.2828427255153665 4.023501873016358 3.5600469589233397
v 0.28284272551536654 4.327773571014405 3.7377155303955076
v 0.2828427255153666 4.624213695526124 3.9281638145446776
v 0.2828427255153667 4.912285804748536 4.131047058105469
v 0.28284272551536677 5.1914687156677255 4.3459985733032225
v 0.2828427255153668 5.461257457733155 4.5726292610168455
v 0.2828427255153669 5.721163749694826 4.810528564453125
v 0.28284272551536693 5.97071695327759 5.059266376495361
v 0.282842725515367 6.209465503692629 5.318393039703368
v 0.28284272551536704 6.436977863311769 5.587438392639159
v 0.2828427255153671 6.652841567993166 5.865916538238524
v 0.2828427255153671 6.856666564941408 6.153323459625243
v 0.28284272551536715 7.048083782196047 6.4491384506225575
v 0.2828427255153672 7.226747035980226 6.752826976776122
v 0.28284272551536727 7.392333507537844 7.063839244842528
v 0.28284272551536727 7.544542312622072 7.3816123485565175
v 0.2828427255153673 7.6830978393554705 7.705571699142455
v 0.2828427255153673 7.807751178741457 8.035130310058593
v 0.2828427255153674 7.918275833129885 8.369692134857177
v 0.2828427255153674 8.01447105407715 8.708652067184447
v 0.2828427255153674 8.096163749694826 9.051395940780639
v 0.28284272551536743 8.163206100463869 9.397304821014403
v 0.28284272551536743 8.21547603607178 9.745751667022704
v 0.28284272551536743 8.252879142761232 10.096105980873107
v 0.28284272551536743 8.27534866333008 10.447734284400939
v 0.28284272551536743 8.2828426361084 10.799999981335631
v 0.28284272551536743 8.27534866333008 11.152265805006026
v 0.28284272551536743 8.252879142761232 11.503893840312957
v 0.28284272551536743 8.21547603607178 11.854248452186583
v 0.28284272551536743 8.163206100463869 12.202695417404174
v 0.2828427255153674 8.096163749694826 12.54860370159149
v 0.2828427255153674 8.01447105407715 12.89134793281555
v 0.2828427255153674 7.918275833129886 13.230307865142821
v 0.2828427255153673 7.807751655578617 13.564869928359984
v 0.2828427255153673 7.683097839355472 13.894428300857543
v 0.28284272551536727 7.544541835784916 14.218387413024901
v 0.28284272551536727 7.392333030700687 14.53616051673889
v 0.2828427255153672 7.226747035980228 14.847173023223876
v 0.28284272551536715 7.0480837821960485 15.15086154937744
v 0.2828427255153671 6.85666656494141 15.446677017211913
v 0.2828427255153671 6.652841567993168 15.734083461761474
v 0.28284272551536704 6.436977863311771 16.012562084197995
v 0.282842725515367 6.2094655036926305 16.281607437133786
v 0.28284272551536693 5.970716953277591 16.54073362350464
v 0.2828427255153669 5.721163749694828 16.789471435546876
v 0.2828427255153668 5.461257934570317 17.027371215820313
v 0.28284272551536677 5.191469192504887 17.254001426696778
v 0.2828427255153667 4.91228580474854 17.468952941894532
v 0.2828427255153666 4.624213218688969 17.671835708618165
v 0.28284272551536654 4.327773571014409 17.86228494644165
v 0.2828427255153665 4.023501396179204 18.039952564239503
v 0.28284272551536643 3.711949348449711 18.20452003479004
v 0.2828427255153664 3.393679618835453 18.35568790435791
v 0.28284272551536627 3.0692689418792765 18.493183422088624
v 0.2828427255153662 2.7393040657043497 18.616757202148438
v 0.28284272551536616 2.4043824672699015 18.726186561584473
v 0.28284272551536604 2.0651097297668497 18.82127265930176
v 0.282842725515366 1.7220997810363812 18.901841926574708
v 0.28284272551536593 1.375973701477055 18.967752265930176
v 0.2828427255153658 1.0273576974868817 19.018881607055665
v 0.28284272551536577 0.6768826842308087 19.055138397216798
v 0.28284272551536566 0.32518276572227894 19.076456832885743
v 0.2828427255153656 -0.027105567976828216 19.082797813415528
v 0.2828427255153655 -0.3793447613716084 19.074150848388673
v 0.28284272551536543 -0.7308979034423786 19.050532150268555
v 0.2828427255153654 -1.081128120422359 19.011981773376466
v 0.28284272551536527 -1.429401874542232 18.958571243286134
v 0.2828427255153652 -1.7750892639160114 18.890397834777833
v 0.28284272551536516 -2.1175639629363974 18.80758457183838
v 0.28284272551536505 -2.4562075138092 18.710280227661134
v 0.282842725515365 -2.790405750274654 18.59866123199463
v 0.28284272551536493 -3.1195545196533163 18.472930240631104
v 0.2828427255153648 -3.443058729171749 18.33331470489502
v 0.28284272551536477 -3.7603321075439413 18.180066871643067
v 0.34641015529632485 -3.7227220535278316 3.4937465667724625
v 0.3464101552963249 -3.40862226486206 3.342030811309816
v 0.346410155296325 -3.088353872299194 3.203811454772951
v 0.3464101552963251 -2.762496471405029 3.0793388366699235
v 0.34641015529632513 -2.4316411018371578 2.968836116790773
v 0.34641015529632524 -2.096384763717651 2.8725054740905778
v 0.3464101552963253 -1.757334947586059 2.790519523620606
v 0.34641015529632535 -1.4151051044464105 2.723027992248536
v 0.34641015529632546 -1.0703146457672112 2.6701524734497077
v 0.3464101552963255 -0.7235875725746149 2.631987380981446
v 0.3464101552963256 -0.37555062770843456 2.608604240417481
v 0.3464101552963257 -0.0268345195800061 2.6000440597534187
v 0.34641015529632574 0.3219306766986852 2.606322097778321
v 0.34641015529632585 0.6701127886772161 2.6274269104003913
v 0.3464101552963259 1.0170824527740485 2.6633213043212898
v 0.34641015529632596 1.3622115850448615 2.7139394760131843
v 0.34641015529632607 1.704875826835633 2.7791898727417
v 0.3464101552963261 2.0444550514221196 2.8589542388916014
v 0.34641015529632624 2.380334377288819 2.9530895233154295
v 0.3464101552963263 2.711906433105469 3.061423587799072
v 0.34641015529632635 3.038570880889893 3.1837618827819822
v 0.3464101552963264 3.3597369194030766 3.319881725311279
v 0.3464101552963265 3.6748232841491704 3.4695380210876463
v 0.34641015529632657 3.9832599163055424 3.6324594497680662
v 0.3464101552963266 4.284488201141358 3.808350849151611
v 0.3464101552963267 4.577963829040528 3.9968936920166014
v 0.34641015529632674 4.863154411315919 4.197748470306396
v 0.34641015529632685 5.139545440673829 4.410549449920654
v 0.3464101552963269 5.406635761260987 4.634913730621338
v 0.34641015529632696 5.663942337036135 4.870433616638183
v 0.346410155296327 5.910999774932863 5.116683292388916
v 0.34641015529632707 6.147360324859621 5.373217868804931
v 0.34641015529632707 6.372596740722658 5.63957290649414
v 0.3464101552963271 6.586301326751711 5.91526584625244
v 0.3464101552963272 6.788087844848635 6.1997979164123524
v 0.34641015529632724 6.977591037750246 6.492654609680175
v 0.3464101552963273 7.15446710586548 6.793305683135985
v 0.3464101552963273 7.318396568298342 7.1012075424194325
v 0.34641015529632735 7.469083309173586 7.415802288055419
v 0.34641015529632735 7.606253623962404 7.736521530151366
v 0.3464101552963274 7.729660034179689 8.062784004211425
v 0.3464101552963274 7.839078903198244 8.393999624252318
v 0.34641015529632746 7.934312820434572 8.729569005966185
v 0.34641015529632746 8.015188217163088 9.068885254859923
v 0.34641015529632746 8.08155918121338 9.411334085464476
v 0.3464101552963275 8.1333065032959 9.75629572868347
v 0.3464101552963275 8.170336723327638 10.103146004676818
v 0.3464101552963275 8.192581176757814 10.451257514953612
v 0.3464101552963275 8.199999809265138 10.799999990058465
v 0.3464101552963275 8.192580223083498 11.148742514848708
v 0.3464101552963275 8.170336723327638 11.496853756904601
v 0.3464101552963275 8.1333065032959 11.843704032897948
v 0.34641015529632746 8.08155918121338 12.18866627216339
v 0.34641015529632746 8.015188217163088 12.531114864349364
v 0.34641015529632746 7.934312343597416 12.870430994033812
v 0.3464101552963274 7.839078903198246 13.20600037574768
v 0.3464101552963274 7.729660034179691 13.537216472625731
v 0.34641015529632735 7.606254100799564 13.863478469848632
v 0.34641015529632735 7.4690833091735875 14.184197711944579
v 0.3464101552963273 7.318397045135502 14.498792695999144
v 0.3464101552963273 7.154467105865482 14.806694316864013
v 0.34641015529632724 6.977591037750248 15.107345390319823
v 0.3464101552963272 6.788088321685795 15.400202083587645
v 0.3464101552963271 6.586301803588871 15.684734630584716
v 0.34641015529632707 6.37259674072266 15.960427093505858
v 0.34641015529632707 6.147360324859623 16.226781654357907
v 0.346410155296327 5.910999298095707 16.483316230773926
v 0.34641015529632696 5.663942337036136 16.729566383361817
v 0.3464101552963269 5.406635761260991 16.965086269378663
v 0.34641015529632685 5.139545440673833 17.189450073242188
v 0.34641015529632674 4.863154411315922 17.402251529693604
v 0.3464101552963267 4.577963829040532 17.6031063079834
v 0.3464101552963266 4.284488201141362 17.79164915084839
v 0.34641015529632657 3.983259916305546 17.967541027069093
v 0.3464101552963265 3.674823284149174 18.130461978912354
v 0.3464101552963264 3.35973691940308 18.280117797851563
v 0.34641015529632635 3.0385711193084757 18.416238594055176
v 0.3464101552963263 2.7119064331054727 18.53857641220093
v 0.34641015529632624 2.3803343772888224 18.64691095352173
v 0.3464101552963261 2.044455051422123 18.7410457611084
v 0.34641015529632607 1.704875946044926 18.8208101272583
v 0.34641015529632596 1.362211585044865 18.886060523986817
v 0.3464101552963259 1.017082452774052 18.93667869567871
v 0.34641015529632585 0.6701126694679301 18.97257308959961
v 0.34641015529632574 0.32193046808243214 18.99367790222168
v 0.3464101552963257 -0.026834527030583054 18.999955940246583
v 0.3464101552963256 -0.37555071711539806 18.99139575958252
v 0.3464101552963255 -0.7235874533653218 18.96801166534424
v 0.34641015529632546 -1.0703147649764972 18.92984848022461
v 0.34641015529632535 -1.415105342864986 18.876972007751466
v 0.3464101552963253 -1.7573351860046345 18.809480476379395
v 0.34641015529632524 -2.0963850021362265 18.727494525909425
v 0.34641015529632513 -2.431641101837154 18.63116340637207
v 0.3464101552963251 -2.7624964714050253 18.52066116333008
v 0.346410155296325 -3.088353395462032 18.396188068389893
v 0.3464101552963249 -3.4086217880248983 18.257968711853028
v 0.34641015529632485 -3.722722053527828 18.10625343322754
v 0.3863703310489646 -3.6789247989654537 3.579703617095949
v 0.38637033104896473 -3.36851954460144 3.4297740936279313
v 0.3863703310489648 -3.052019596099853 3.2931802749633805
v 0.38637033104896484 -2.7299964427947994 3.1701710700988786
v 0.3863703310489649 -2.403032779693603 3.0609696388244645
v 0.386370331048965 -2.0717210769653316 2.9657714843750016
v 0.38637033104896507 -1.7366600036621087 2.8847511291503913
v 0.3863703310489651 -1.3984565734863275 2.818053054809571
v 0.38637033104896523 -1.0577226877212518 2.7657993316650398
v 0.3863703310489653 -0.7150745391845698 2.7280834197998054
v 0.3863703310489654 -0.3711324930191035 2.704975891113282
v 0.38637033104896545 -0.026518644765018907 2.696515846252442
v 0.3863703310489655 0.31814298033714344 2.702720451354981
v 0.3863703310489656 0.6622291803359991 2.7235763549804695
v 0.3863703310489657 1.0051167011260993 2.7590482711792
v 0.38637033104896573 1.3461854457855231 2.809071350097657
v 0.38637033104896584 1.6848182678222663 2.8735540390014656
v 0.3863703310489659 2.0204019546508794 2.9523804664611815
v 0.38637033104896595 2.3523299694061284 3.0454075813293455
v 0.38637033104896606 2.680001258850098 3.1524675369262694
v 0.3863703310489661 3.0028223991394047 3.2733662605285643
v 0.3863703310489662 3.3202097415924077 3.407884883880615
v 0.3863703310489663 3.6315894126892094 3.5557806968688963
v 0.38637033104896634 3.9363968372344975 3.7167847633361815
v 0.3863703310489664 4.234081745147706 3.890606689453125
v 0.38637033104896645 4.524104118347169 4.0769322395324705
v 0.3863703310489665 4.8059401512146005 4.275423336029053
v 0.38637033104896656 5.079079151153565 4.485721397399902
v 0.3863703310489666 5.343027114868165 4.707445430755615
v 0.3863703310489667 5.597306251525881 4.940194416046142
v 0.38637033104896673 5.841456890106203 5.183547306060791
v 0.3863703310489668 6.075037002563478 5.437063980102538
v 0.38637033104896684 6.297623634338381 5.700284767150878
v 0.3863703310489669 6.508814811706545 5.972734260559081
v 0.38637033104896695 6.708227157592775 6.253918933868407
v 0.386370331048967 6.895500659942629 6.543330001831054
v 0.386370331048967 7.070295810699465 6.8404441356658925
v 0.38637033104896706 7.232296466827394 7.144723463058471
v 0.3863703310489671 7.381209850311281 7.455617237091063
v 0.3863703310489671 7.51676654815674 7.77256302833557
v 0.3863703310489672 7.638720989227297 8.094986963272094
v 0.3863703310489672 7.746852874755861 8.422305870056151
v 0.3863703310489672 7.840966224670412 8.753927516937255
v 0.38637033104896723 7.920889854431155 9.089251923561095
v 0.38637033104896723 7.986480712890628 9.427671599388121
v 0.38637033104896723 8.03761959075928 9.76857476234436
v 0.38637033104896723 8.074213027954103 10.111344563961028
v 0.38637033104896723 8.096196174621584 10.455360341072081
v 0.38637033104896723 8.103528022766115 10.800000038781375
v 0.38637033104896723 8.096195220947267 11.144639509916304
v 0.38637033104896723 8.074213027954103 11.48865555524826
v 0.38637033104896723 8.03761959075928 11.831425118446349
v 0.38637033104896723 7.986480712890628 12.172328281402587
v 0.38637033104896723 7.920890331268313 12.510748434066771
v 0.3863703310489672 7.840966224670414 12.846072483062743
v 0.3863703310489672 7.746853351593021 13.177693891525267
v 0.3863703310489672 7.638721466064457 13.505013275146483
v 0.3863703310489671 7.516766548156742 13.827436971664428
v 0.3863703310489671 7.381210327148441 14.144383001327514
v 0.38637033104896706 7.232296466827396 14.455276775360106
v 0.386370331048967 7.070295333862308 14.759555625915526
v 0.386370331048967 6.895500183105472 15.056669521331786
v 0.38637033104896695 6.708227157592777 15.34608106613159
v 0.3863703310489669 6.5088148117065465 15.627265739440917
v 0.38637033104896684 6.2976236343383825 15.89971523284912
v 0.3863703310489668 6.07503700256348 16.162936019897458
v 0.38637033104896673 5.841456890106205 16.41645269393921
v 0.3863703310489667 5.597306728363041 16.659805583953858
v 0.3863703310489666 5.3430271148681685 16.892554569244385
v 0.38637033104896656 5.079079151153569 17.1142786026001
v 0.3863703310489665 4.805940151214604 17.324577140808106
v 0.38637033104896645 4.524104118347172 17.523068237304688
v 0.3863703310489664 4.2340817451477095 17.709393310546876
v 0.38637033104896634 3.93639707565308 17.88321523666382
v 0.3863703310489663 3.631589651107792 18.04422025680542
v 0.3863703310489662 3.3202097415924112 18.192114639282227
v 0.3863703310489661 3.002822160720829 18.326633739471436
v 0.38637033104896606 2.6800012588501017 18.44753293991089
v 0.38637033104896595 2.352329969406132 18.554592418670655
v 0.3863703310489659 2.020401954650883 18.64761953353882
v 0.38637033104896584 1.6848180294036907 18.726445960998536
v 0.38637033104896573 1.3461854457855267 18.790929126739503
v 0.3863703310489657 1.0051165819168133 18.8409517288208
v 0.3863703310489656 0.6622289419174235 18.876422691345216
v 0.3863703310489655 0.3181429505348246 18.897280502319337
v 0.38637033104896545 -0.026518741622563066 18.90348415374756
v 0.3863703310489654 -0.37113222479819846 18.89502410888672
v 0.3863703310489653 -0.7150744795799214 18.87191562652588
v 0.38637033104896523 -1.0577225685119587 18.83420066833496
v 0.3863703310489651 -1.3984564542770344 18.78194694519043
v 0.38637033104896507 -1.7366600036621052 18.71524934768677
v 0.386370331048965 -2.071721076965328 18.634228515625
v 0.3863703310489649 -2.4030330181121786 18.539030361175538
v 0.38637033104896484 -2.7299962043762167 18.429828453063966
v 0.3863703310489648 -3.0520193576812704 18.306819248199464
v 0.38637033104896473 -3.3685200214385946 18.17022590637207
v 0.3863703310489646 -3.678924560546871 18.020295906066895
v 0.40000000596046364 -3.631923913955688 3.6719477653503434
v 0.40000000596046376 -3.325484752655029 3.5239332199096696
v 0.4000000059604638 -3.0130279064178462 3.3890851020813004
v 0.40000000596046387 -2.695118904113769 3.267647552490236
v 0.400000005960464 -2.3723325729370113 3.159840393066408
v 0.40000000596046403 -2.04525351524353 3.065858650207521
v 0.4000000059604641 -1.714473366737365 2.9858730316162116
v 0.40000000596046414 -1.3805904388427728 2.9200275421142585
v 0.40000000596046426 -1.0442094802856439 2.8684409141540534
v 0.4000000059604643 -0.7059389352798456 2.831208038330079
v 0.4000000059604644 -0.3663909137248988 2.8083947181701667
v 0.4000000059604645 -0.026179706677793926 2.800042915344239
v 0.40000000596046453 0.3140784800052648 2.806167888641358
v 0.40000000596046464 0.6537685394287115 2.8267581939697273
v 0.4000000059604647 0.9922753572463995 2.8617766380310066
v 0.40000000596046476 1.328987121582032 2.911160278320313
v 0.40000000596046487 1.663293361663819 2.974818992614747
v 0.4000000059604649 1.9945900440216071 3.052638816833497
v 0.400000005960465 2.3222773075103764 3.144477653503418
v 0.4000000059604651 2.645762205123902 3.250169563293457
v 0.40000000596046514 2.964459657669068 3.369523811340332
v 0.4000000059604652 3.2777924537658696 3.5023234367370604
v 0.40000000596046525 3.5851936340332036 3.6483295440673826
v 0.40000000596046537 3.8861072063446054 3.807277488708496
v 0.4000000059604654 4.179988384246827 3.9788787841796873
v 0.4000000059604655 4.466305732727052 4.162823486328125
v 0.40000000596046553 4.7445411682128915 4.358778762817383
v 0.4000000059604656 5.014190673828126 4.566390323638916
v 0.40000000596046564 5.274766445159913 4.785281944274902
v 0.4000000059604657 5.525797367095949 5.015057373046875
v 0.40000000596046575 5.766829013824465 5.255301284790039
v 0.4000000059604658 5.997424602508547 5.505578327178955
v 0.40000000596046587 6.217167854309084 5.765436935424804
v 0.4000000059604659 6.425660133361818 6.034405517578124
v 0.4000000059604659 6.622525215148928 6.311998176574706
v 0.400000005960466 6.807405948638918 6.597711849212645
v 0.40000000596046603 6.9799680709838885 6.891030120849608
v 0.4000000059604661 7.139899253845217 7.1914220333099355
v 0.4000000059604661 7.286910533905031 7.498343753814696
v 0.40000000596046614 7.4207358360290545 7.811240243911742
v 0.40000000596046614 7.541131973266603 8.129545021057128
v 0.4000000059604662 7.647882461547853 8.452682304382323
v 0.4000000059604662 7.740792751312258 8.780067491531371
v 0.4000000059604662 7.819695472717288 9.111107754707335
v 0.40000000596046625 7.884448528289798 9.445203948020934
v 0.40000000596046625 7.9349336624145534 9.781752038002013
v 0.40000000596046625 7.971059799194339 10.120142567157744
v 0.40000000596046625 7.992761611938479 10.459763634204863
v 0.40000000596046625 8.000000000000002 10.79999990651208
v 0.40000000596046625 7.992761611938479 11.140236455202102
v 0.40000000596046625 7.97105932235718 11.479857373237609
v 0.40000000596046625 7.9349336624145534 11.818248081207274
v 0.40000000596046625 7.884448528289798 12.154796051979064
v 0.4000000059604662 7.819695472717288 12.488892245292663
v 0.4000000059604662 7.740792751312259 12.819932746887206
v 0.4000000059604662 7.647881984710697 13.147317457199096
v 0.40000000596046614 7.541131973266605 13.47045521736145
v 0.40000000596046614 7.420735836029056 13.788759756088256
v 0.4000000059604661 7.286910533905033 14.101656007766723
v 0.4000000059604661 7.139899253845218 14.408578205108642
v 0.40000000596046603 6.97996807098389 14.70896987915039
v 0.400000005960466 6.80740594863892 15.002287673950194
v 0.4000000059604659 6.622525215148929 15.288001823425292
v 0.4000000059604659 6.42566013336182 15.565594482421874
v 0.40000000596046587 6.217167377471927 15.834563064575194
v 0.4000000059604658 5.9974246025085485 16.094421195983887
v 0.40000000596046575 5.766829013824466 16.34469871520996
v 0.4000000059604657 5.525797367095951 16.584942626953126
v 0.40000000596046564 5.2747664451599166 16.814718532562257
v 0.4000000059604656 5.014190673828129 17.033610153198243
v 0.40000000596046553 4.744541168212895 17.241221237182618
v 0.4000000059604655 4.466305732727055 17.437176513671876
v 0.4000000059604654 4.179988384246831 17.621121215820313
v 0.40000000596046537 3.886107206344608 17.792722511291505
v 0.40000000596046525 3.585193634033207 17.951670455932618
v 0.4000000059604652 3.277792215347294 18.097676086425782
v 0.40000000596046514 2.9644594192504923 18.23047618865967
v 0.4000000059604651 2.6457622051239054 18.349830436706544
v 0.400000005960465 2.32227730751038 18.45552282333374
v 0.4000000059604649 1.9945901632309002 18.547361183166505
v 0.40000000596046487 1.6632934808731121 18.625180530548096
v 0.40000000596046476 1.328987002372746 18.688839721679688
v 0.4000000059604647 0.9922754764556926 18.738223361968995
v 0.40000000596046464 0.6537684798240703 18.773241806030274
v 0.40000000596046453 0.31407842040062356 18.793832111358643
v 0.4000000059604645 -0.02617995813488552 18.799957084655762
v 0.4000000059604644 -0.36639085412025046 18.791605281829835
v 0.4000000059604643 -0.7059389352798421 18.76879243850708
v 0.40000000596046426 -1.0442095994949299 18.731559085845948
v 0.40000000596046414 -1.3805906772613483 18.679972457885743
v 0.4000000059604641 -1.714473247528072 18.61412696838379
v 0.40000000596046403 -2.0452535152435263 18.53414134979248
v 0.400000005960464 -2.3723325729370077 18.440159130096436
v 0.40000000596046387 -2.6951186656951864 18.332352447509766
v 0.4000000059604638 -3.013028144836422 18.21091537475586
v 0.40000000596046376 -3.3254847526550253 18.07606725692749
v 0.40000000596046364 -3.6319241523742636 17.92805223464966
v 0.3863703310489647 -3.5849235057830806 3.7641914367675797
v 0.38637033104896473 -3.2824497222900386 3.618092346191408
v 0.3863703310489648 -2.9740364551544185 3.484989452362062
v 0.38637033104896484 -2.660241603851318 3.365123081207277
v 0.38637033104896495 -2.3416323661804195 3.258711147308351
v 0.386370331048965 -2.018785953521728 3.1659458160400407
v 0.38637033104896507 -1.6922862529754632 3.08699541091919
v 0.3863703310489652 -1.362724304199218 3.022001552581788
v 0.38637033104896523 -1.0306963920593255 2.9710829734802253
v 0.3863703310489653 -0.6968035101890558 2.9343312263488777
v 0.3863703310489654 -0.3616495132446284 2.9118135452270515
v 0.38637033104896545 -0.02584119699895326 2.903569984436036
v 0.3863703310489655 0.31001394987106373 2.909615325927735
v 0.3863703310489656 0.6453083157539373 2.9299390792846687
v 0.3863703310489657 0.9794346690177923 2.964505004882813
v 0.38637033104896573 1.3117887973785407 3.0132492065429695
v 0.38637033104896584 1.6417688131332404 3.0760844230651863
v 0.3863703310489659 1.9687781333923347 3.152896690368653
v 0.38637033104896595 2.2922248840332036 3.2435467720031737
v 0.386370331048966 2.6115236282348637 3.347871112823486
v 0.3863703310489661 2.926096677780152 3.4656808853149412
v 0.3863703310489662 3.2353746891021733 3.596762466430664
v 0.38637033104896623 3.5387978553771977 3.740878868103027
v 0.3863703310489663 3.8358173370361337 3.897769260406494
v 0.3863703310489664 4.125895500183106 4.067150402069092
v 0.38637033104896645 4.4085073471069345 4.248714733123779
v 0.3863703310489665 4.6831421852111825 4.442134666442871
v 0.38637033104896656 4.949302196502686 4.647058773040771
v 0.3863703310489666 5.20650625228882 4.863117504119873
v 0.3863703310489667 5.454288005828859 5.089919853210449
v 0.38637033104896673 5.69220018386841 5.327054786682129
v 0.3863703310489668 5.919812202453615 5.574093627929687
v 0.38637033104896684 6.136711597442629 5.830589103698729
v 0.38637033104896684 6.34250593185425 6.096076774597167
v 0.3863703310489669 6.53682327270508 6.370076942443847
v 0.38637033104896695 6.719311237335207 6.652093696594237
v 0.386370331048967 6.8896408081054705 6.941615867614745
v 0.386370331048967 7.047502040863039 7.238120365142821
v 0.38637033104896706 7.192611217498781 7.541070270538329
v 0.38637033104896706 7.324703693389894 7.849917697906493
v 0.3863703310489671 7.443542480468752 8.164103317260741
v 0.3863703310489671 7.548911094665529 8.483058977127074
v 0.3863703310489672 7.640619277954104 8.806207227706908
v 0.3863703310489672 7.718501091003421 9.132963585853576
v 0.3863703310489672 7.7824163436889675 9.462736177444457
v 0.3863703310489672 7.832248210906985 9.794928956031798
v 0.3863703310489672 7.867906570434573 10.12894057035446
v 0.38637033104896723 7.889327526092532 10.46416648030281
v 0.38637033104896723 7.896472454071048 10.79999998667529
v 0.38637033104896723 7.88932800292969 11.135833430290221
v 0.3863703310489672 7.867906570434573 11.471059548854827
v 0.3863703310489672 7.832247734069827 11.80507116317749
v 0.3863703310489672 7.7824163436889675 12.137263584136962
v 0.3863703310489672 7.718501567840579 12.467036294937133
v 0.3863703310489672 7.640619754791262 12.79379289150238
v 0.3863703310489671 7.548911094665531 13.116941261291503
v 0.3863703310489671 7.4435424804687536 13.435896444320678
v 0.38637033104896706 7.324704170227054 13.750082540512084
v 0.38637033104896706 7.192610740661625 14.058929729461669
v 0.386370331048967 7.047502517700199 14.361879634857177
v 0.386370331048967 6.889640331268314 14.658384132385253
v 0.38637033104896695 6.719311714172367 14.947906780242919
v 0.3863703310489669 6.536823272705082 15.229923057556151
v 0.38637033104896684 6.342505931854252 15.503922748565673
v 0.38637033104896684 6.1367115974426305 15.769411373138427
v 0.3863703310489668 5.919812202453617 16.025906372070313
v 0.38637033104896673 5.69220066070557 16.272945213317872
v 0.3863703310489667 5.454288005828861 16.51008014678955
v 0.3863703310489666 5.206506252288822 16.736882495880128
v 0.38637033104896656 4.94930219650269 16.95294075012207
v 0.3863703310489665 4.683142185211186 17.157865810394288
v 0.38637033104896645 4.408507347106938 17.35128526687622
v 0.3863703310489664 4.12589550018311 17.53284959793091
v 0.3863703310489663 3.8358173370361364 17.70223026275635
v 0.38637033104896623 3.538797616958622 17.859120655059815
v 0.3863703310489662 3.2353744506835977 18.00323705673218
v 0.3863703310489661 2.9260964393615763 18.13431911468506
v 0.386370331048966 2.6115236282348673 18.252128410339356
v 0.38637033104896595 2.292224884033207 18.35645275115967
v 0.3863703310489659 1.9687782526016278 18.44710330963135
v 0.38637033104896584 1.6417689323425335 18.523915576934815
v 0.38637033104896573 1.3117884397506756 18.586750793457032
v 0.3863703310489657 0.9794346094131511 18.635494995117188
v 0.3863703310489656 0.6453082561492961 18.670060443878175
v 0.3863703310489655 0.3100138902664225 18.690384197235108
v 0.38637033104896545 -0.025840960443015804 18.696430015563966
v 0.3863703310489654 -0.36164948344230247 18.68818645477295
v 0.3863703310489653 -0.6968035101890523 18.665668773651124
v 0.38637033104896523 -1.0306967496871906 18.628917026519776
v 0.3863703310489652 -1.3627243041992145 18.577998447418214
v 0.38637033104896507 -1.6922862529754596 18.51300506591797
v 0.386370331048965 -2.0187857151031454 18.434053707122803
v 0.38637033104896495 -2.341632366180416 18.34128885269165
v 0.38637033104896484 -2.6602413654327353 18.234876918792725
v 0.3863703310489648 -2.974036455154415 18.1150110244751
v 0.38637033104896473 -3.282449960708614 17.981907653808594
v 0.3863703310489647 -3.584923744201656 17.835808563232423
v 0.3464101552963249 -3.541126012802123 3.8501489639282243
v 0.34641015529632496 -3.242347717285156 3.7058346748352067
v 0.346410155296325 -2.937702417373657 3.5743577957153336
v 0.3464101552963251 -2.627740859985351 3.4559562683105485
v 0.3464101552963252 -2.313024282455444 3.3508441925048844
v 0.34641015529632524 -1.9941220283508294 3.25921277999878
v 0.3464101552963253 -1.671611309051513 3.181226539611817
v 0.3464101552963254 -1.3460758924484246 3.117026615142823
v 0.34641015529632546 -1.018104195594787 3.0667303085327156
v 0.3464101552963255 -0.6882904767990107 3.0304277420043952
v 0.34641015529632563 -0.3572311699390405 3.008184719085694
v 0.3464101552963257 -0.025525322183966047 3.0000417709350593
v 0.34641015529632574 0.3062264919281012 3.006013202667237
v 0.34641015529632585 0.6374242305755621 3.026089000701905
v 0.3464101552963259 0.9674687385559089 3.0602319717407234
v 0.34641015529632596 1.2957624197006232 3.108381080627442
v 0.346410155296326 1.6217111349105842 3.170448589324952
v 0.3464101552963261 1.944725394248963 3.246322917938233
v 0.3464101552963262 2.264220237731934 3.335865306854248
v 0.34641015529632624 2.5796182155609135 3.4389150619506834
v 0.34641015529632635 2.8903479576110844 3.5552857398986815
v 0.3464101552963264 3.1958475112915044 3.684765625
v 0.34641015529632646 3.495563507080079 3.827121543884277
v 0.3464101552963265 3.788954496383668 3.9820955276489256
v 0.34641015529632657 4.075489044189454 4.1494067192077635
v 0.3464101552963266 4.354648113250733 4.32875280380249
v 0.34641015529632674 4.625927448272706 4.519809532165527
v 0.3464101552963268 4.888835906982423 4.722230243682861
v 0.34641015529632685 5.142897605895998 4.935649681091308
v 0.3464101552963269 5.3876523971557635 5.159680652618408
v 0.3464101552963269 5.622658252716066 5.3939183235168455
v 0.34641015529632696 5.847489356994631 5.6379392623901365
v 0.346410155296327 6.061738491058351 5.891300964355468
v 0.34641015529632707 6.265018939971926 6.1535451889038075
v 0.3464101552963271 6.456961631774904 6.424197959899901
v 0.3464101552963272 6.63722085952759 6.702769088745116
v 0.3464101552963272 6.8054685592651385 6.988754320144652
v 0.34641015529632724 6.961401939392092 7.281636285781859
v 0.34641015529632724 7.104737758636476 7.5808852195739735
v 0.3464101552963273 7.2352170944213885 7.885959196090697
v 0.3464101552963273 7.352603435516359 8.19630651473999
v 0.34641015529632735 7.456685066223146 8.511365461349486
v 0.34641015529632735 7.547273159027102 8.830565738677977
v 0.34641015529632735 7.6242036819458034 9.153329896926879
v 0.3464101552963274 7.687336921691897 9.479073929786681
v 0.3464101552963274 7.736560344696048 9.807208168506621
v 0.3464101552963274 7.771783351898196 10.13713912963867
v 0.3464101552963274 7.7929425239563015 10.468269306421279
v 0.3464101552963274 7.800000190734866 10.8000000353982
v 0.3464101552963274 7.7929425239563015 11.131730663776397
v 0.3464101552963274 7.771783351898196 11.462861168384551
v 0.3464101552963274 7.736559867858889 11.792791831493377
v 0.3464101552963274 7.687337398529055 12.120926308631896
v 0.34641015529632735 7.624203205108645 12.446670103073119
v 0.34641015529632735 7.547273159027102 12.76943426132202
v 0.34641015529632735 7.456685066223148 13.08863477706909
v 0.3464101552963273 7.352603912353519 13.40369324684143
v 0.3464101552963273 7.23521709442139 13.71404104232788
v 0.34641015529632724 7.104737758636478 14.019114780426024
v 0.34641015529632724 6.961401939392093 14.31836347579956
v 0.3464101552963272 6.8054690361022985 14.611245679855346
v 0.3464101552963272 6.637220382690433 14.897230911254882
v 0.3464101552963271 6.456962108612064 15.175802040100097
v 0.34641015529632707 6.265018463134769 15.446454334259032
v 0.346410155296327 6.061738491058353 15.70869903564453
v 0.34641015529632696 5.847488880157474 15.962060737609864
v 0.3464101552963269 5.62265777587891 16.206081676483155
v 0.3464101552963269 5.387652397155765 16.440319347381593
v 0.34641015529632685 5.142897129058841 16.664350318908692
v 0.3464101552963268 4.888835906982426 16.87776975631714
v 0.34641015529632674 4.6259274482727095 17.080190467834473
v 0.3464101552963266 4.354648113250737 17.27124719619751
v 0.34641015529632657 4.075489044189458 17.450593280792237
v 0.3464101552963265 3.7889544963836705 17.617904472351075
v 0.34641015529632646 3.495563745498661 17.772878456115723
v 0.3464101552963264 3.195847511291508 17.915234375
v 0.34641015529632635 2.890348196029667 18.044714736938477
v 0.34641015529632624 2.579618215560917 18.16108446121216
v 0.3464101552963262 2.2642204761505167 18.264134693145753
v 0.3464101552963261 1.9447253942489666 18.353677558898926
v 0.346410155296326 1.6217112541198773 18.42955141067505
v 0.34641015529632596 1.2957623004913372 18.49161891937256
v 0.3464101552963259 0.967468798160557 18.539768028259278
v 0.34641015529632585 0.6374245285987895 18.573910999298096
v 0.34641015529632574 0.3062265813350718 18.593986320495606
v 0.3464101552963257 -0.025525391101833106 18.599958229064942
v 0.34641015529632563 -0.3572311997413595 18.591815280914307
v 0.3464101552963255 -0.6882905960082967 18.569572734832764
v 0.34641015529632546 -1.018104314804073 18.533270168304444
v 0.3464101552963254 -1.346075892448421 18.48297338485718
v 0.3464101552963253 -1.6716113090515095 18.418773460388184
v 0.34641015529632524 -1.9941219091415363 18.34078769683838
v 0.3464101552963252 -2.3130242824554403 18.249155807495118
v 0.3464101552963251 -2.6277408599853476 18.144043731689454
v 0.346410155296325 -2.9377024173736532 18.02564220428467
v 0.34641015529632496 -3.2423479557037314 17.894165325164796
v 0.3464101552963249 -3.5411260128021205 17.749851036071778
v 0.2828427255153648 -3.503516197204589 3.9239624023437516
v 0.2828427255153649 -3.2079112529754634 3.781180667877199
v 0.28284272551536493 -2.9065015316009517 3.6510999679565446
v 0.28284272551536505 -2.5998320579528804 3.5339563369750993
v 0.2828427255153651 -2.288457870483398 3.429961013793947
v 0.28284272551536516 -1.9729428291320792 3.339302349090577
v 0.2828427255153652 -1.6538574695587152 3.2621438980102546
v 0.2828427255153653 -1.3317793607711785 3.198626327514649
v 0.2828427255153654 -1.0072911977767938 3.1488640785217292
v 0.28284272551536543 -0.680980205535888 3.1129472732543952
v 0.28284272551536555 -0.35343697667121826 3.090940761566163
v 0.2828427255153656 -0.025254270061849927 3.082884120941163
v 0.28284272551536566 0.30297407507896484 3.0887921333312995
v 0.28284272551536577 0.6306543350219733 3.1086547851562507
v 0.2828427255153658 0.957193315029145 3.1424353599548347
v 0.2828427255153659 1.2820001840591437 3.1900728225708015
v 0.28284272551536593 1.6044871807098395 3.2514808654785163
v 0.28284272551536604 1.9240708351135263 3.326548862457276
v 0.2828427255153661 2.240172624588013 3.415140914916992
v 0.28284272551536616 2.5522205829620366 3.5170963287353514
v 0.2828427255153662 2.8596498966217045 3.6322305679321287
v 0.2828427255153663 3.161904573440552 3.7603357315063475
v 0.2828427255153664 3.458437681198121 3.9011795997619627
v 0.28284272551536643 3.7487123012542733 4.054507064819336
v 0.2828427255153665 4.032203674316407 4.220041561126709
v 0.28284272551536654 4.308397769927979 4.397483158111572
v 0.2828427255153666 4.576796054840089 4.586510467529297
v 0.28284272551536666 4.836912155151368 4.786781597137451
v 0.2828427255153667 5.088275432586672 4.997933673858642
v 0.28284272551536677 5.330430984497072 5.219585704803467
v 0.2828427255153668 5.5629405975341815 5.451335716247558
v 0.2828427255153669 5.785383701324465 5.692764568328857
v 0.28284272551536693 5.99735736846924 5.943435478210449
v 0.282842725515367 6.1984786987304705 6.202894973754882
v 0.28284272551536704 6.388383388519289 6.470672893524169
v 0.28284272551536704 6.566727638244631 6.746285247802733
v 0.2828427255153671 6.733189105987551 7.0292330265045155
v 0.28284272551536715 6.887465953826906 7.3190043449401845
v 0.28284272551536715 7.0292797088623065 7.615074920654296
v 0.2828427255153672 7.158372879028322 7.916909027099608
v 0.2828427255153672 7.27451276779175 8.223959970474242
v 0.28284272551536727 7.377488613128664 8.53567247390747
v 0.28284272551536727 7.467114448547366 8.851482677459716
v 0.28284272551536727 7.543228149414065 9.170818853378295
v 0.28284272551536727 7.605690956115725 9.493103194236754
v 0.2828427255153673 7.654391288757327 9.817752528190612
v 0.2828427255153673 7.689239978790286 10.144179153442382
v 0.2828427255153673 7.710175037384036 10.471792566776275
v 0.2828427255153673 7.717157363891604 10.800000044121036
v 0.2828427255153673 7.710175037384036 11.128207343816756
v 0.2828427255153673 7.689239978790286 11.455820667743682
v 0.2828427255153673 7.654391288757327 11.782247292995452
v 0.28284272551536727 7.605690956115725 12.106896686553954
v 0.28284272551536727 7.543227672576907 12.429181265830993
v 0.28284272551536727 7.467114448547366 12.748517203330993
v 0.28284272551536727 7.377488613128666 13.064327526092528
v 0.2828427255153672 7.274512290954593 13.376039791107177
v 0.2828427255153672 7.158372879028324 13.683091211318969
v 0.28284272551536715 7.029279708862308 13.984924840927123
v 0.28284272551536715 6.887465953826908 14.280995893478392
v 0.2828427255153671 6.733188629150394 14.570766973495482
v 0.28284272551536704 6.5667276382446325 14.853714752197265
v 0.28284272551536704 6.388383388519291 15.129327106475829
v 0.282842725515367 6.198478698730472 15.397105503082274
v 0.28284272551536693 5.9973578453064 15.656564521789551
v 0.2828427255153669 5.785383701324466 15.907235431671143
v 0.2828427255153668 5.562940597534183 16.148664283752442
v 0.28284272551536677 5.330430984497074 16.380414295196534
v 0.2828427255153667 5.0882754325866735 16.6020658493042
v 0.28284272551536666 4.836912155151372 16.81321840286255
v 0.2828427255153666 4.576796054840092 17.013489532470704
v 0.28284272551536654 4.308398246765141 17.20251684188843
v 0.2828427255153665 4.032203674316411 17.37995843887329
v 0.28284272551536643 3.748712539672855 17.545492458343507
v 0.2828427255153664 3.4584376811981237 17.698820400238038
v 0.2828427255153663 3.1619045734405558 17.839664268493653
v 0.2828427255153662 2.859650135040287 17.967769432067872
v 0.28284272551536616 2.55222058296204 18.08290367126465
v 0.2828427255153661 2.2401726245880167 18.18485908508301
v 0.28284272551536604 1.9240707159042398 18.273451137542725
v 0.28284272551536593 1.6044872999191326 18.348519134521485
v 0.2828427255153659 1.2820001840591473 18.4099271774292
v 0.2828427255153658 0.9571933150291483 18.457564640045167
v 0.28284272551536577 0.6306542754173319 18.49134521484375
v 0.28284272551536566 0.3029740750789683 18.511207389831544
v 0.2828427255153656 -0.025254348292942767 18.51711587905884
v 0.28284272551536555 -0.35343694686889243 18.509059715270997
v 0.28284272551536543 -0.6809801459312399 18.487052726745606
v 0.2828427255153654 -1.0072911977767902 18.451135921478272
v 0.2828427255153653 -1.3317794799804645 18.401373672485352
v 0.2828427255153652 -1.6538575887680012 18.337856101989747
v 0.28284272551536516 -1.9729427099227865 18.260698127746583
v 0.2828427255153651 -2.2884578704833944 18.170038986206055
v 0.28284272551536505 -2.5998318195342978 18.066043663024903
v 0.28284272551536493 -2.906501293182369 17.9488995552063
v 0.2828427255153649 -3.2079110145568808 17.818818855285645
v 0.2828427255153648 -3.5035161972045863 17.67603759765625
v 0.20000000298023146 -3.4746570587158194 3.980601596832277
v 0.20000000298023154 -3.181487321853637 3.838995742797853
v 0.2000000029802316 -2.882560014724731 3.7099869728088395
v 0.20000000298023166 -2.57841682434082 3.593807983398439
v 0.20000000298023174 -2.269607543945312 3.4906690597534196
v 0.2000000029802318 -1.9566912651062003 3.4007571220397956
v 0.20000000298023188 -1.6402344703674308 3.324234294891358
v 0.20000000298023193 -1.3208091259002679 3.2612402915954597
v 0.20000000298023202 -0.9989939928054802 3.2118876457214363
v 0.2000000029802321 -0.6753709912300102 3.176266479492188
v 0.20000000298023216 -0.35052594542503296 3.154441165924073
v 0.20000000298023224 -0.02504637651145393 3.1464512825012214
v 0.2000000029802323 0.30047839879989685 3.1523106575012214
v 0.20000000298023238 0.6254594922065743 3.1720092773437507
v 0.20000000298023246 0.9493089914321907 3.2055118560791023
v 0.20000000298023252 1.2714400291442878 3.252757358551026
v 0.2000000029802326 1.5912708044052133 3.3136594772338874
v 0.20000000298023266 1.9082217216491708 3.3881090164184577
v 0.20000000298023274 2.2217197418212895 3.4759710311889647
v 0.2000000029802328 2.531197547912598 3.5770867347717283
v 0.20000000298023288 2.8360946178436284 3.6912725448608397
v 0.20000000298023293 3.135859966278077 3.818322467803955
v 0.200000002980233 3.429950237274171 3.958006191253662
v 0.20000000298023307 3.7178335189819345 4.110070991516113
v 0.20000000298023313 3.9989898204803476 4.274241733551025
v 0.20000000298023318 4.272909164428712 4.450221824645996
v 0.20000000298023324 4.539096355438233 4.637691783905029
v 0.2000000029802333 4.797069549560549 4.836313056945801
v 0.20000000298023335 5.046362400054933 5.045726585388183
v 0.2000000029802334 5.28652334213257 5.26555233001709
v 0.20000000298023346 5.517117977142336 5.495393562316894
v 0.20000000298023352 5.737728595733644 5.734834003448486
v 0.20000000298023357 5.947956562042238 5.9834397315979
v 0.2000000029802336 6.147420883178713 6.2407620429992665
v 0.20000000298023365 6.335761070251467 6.506334114074706
v 0.20000000298023368 6.512636184692385 6.779676246643065
v 0.2000000029802337 6.6777267456054705 7.06029348373413
v 0.20000000298023377 6.830732822418215 7.347677993774413
v 0.2000000029802338 6.971378326416017 7.641309547424315
v 0.20000000298023382 7.09940814971924 7.940657424926757
v 0.20000000298023385 7.214591503143312 8.245179224014281
v 0.20000000298023388 7.316719055175783 8.554324436187743
v 0.20000000298023388 7.4056062698364284 8.867533135414122
v 0.2000000029802339 7.4810929298400906 9.184238839149474
v 0.2000000029802339 7.543041706085208 9.503868269920348
v 0.20000000298023393 7.5913410186767605 9.825843501091002
v 0.20000000298023393 7.625902652740481 10.149581241607665
v 0.20000000298023393 7.6466646194458034 10.474496173858642
v 0.20000000298023393 7.653589725494387 10.800000019655778
v 0.20000000298023393 7.6466646194458034 11.125503885746001
v 0.20000000298023393 7.625902652740481 11.450418639183043
v 0.20000000298023393 7.591340541839602 11.774156498908996
v 0.2000000029802339 7.543041706085208 12.096131372451781
v 0.2000000029802339 7.4810929298400906 12.415761399269103
v 0.20000000298023388 7.405606746673587 12.732466864585875
v 0.20000000298023388 7.316719055175785 13.045675802230834
v 0.20000000298023385 7.214591026306156 13.354820775985717
v 0.20000000298023382 7.099408149719242 13.659342575073241
v 0.2000000029802338 6.971377849578861 13.958690214157103
v 0.20000000298023377 6.830732822418216 14.252322006225585
v 0.2000000029802337 6.677726745605472 14.539706754684447
v 0.20000000298023368 6.512636184692386 14.820323753356933
v 0.20000000298023365 6.335761547088627 15.093665885925292
v 0.2000000029802336 6.147421360015873 15.35923843383789
v 0.20000000298023357 5.94795656204224 15.6165602684021
v 0.20000000298023352 5.737728595733646 15.865166473388673
v 0.20000000298023346 5.517117500305179 16.104606437683106
v 0.2000000029802334 5.286523342132572 16.33444766998291
v 0.20000000298023335 5.046362400054935 16.554273891448975
v 0.2000000029802333 4.79706954956055 16.7636869430542
v 0.20000000298023324 4.539096355438237 16.96230821609497
v 0.20000000298023318 4.272909164428715 17.149778652191163
v 0.20000000298023313 3.998989582061771 17.325758266448975
v 0.20000000298023307 3.7178337574005162 17.489929008483887
v 0.200000002980233 3.4299499988555944 17.64199380874634
v 0.20000000298023293 3.1358594894409215 17.781677532196046
v 0.20000000298023288 2.836094617843632 17.90872745513916
v 0.2000000029802328 2.5311975479126017 18.022913265228272
v 0.20000000298023274 2.221719980239872 18.124028968811036
v 0.20000000298023266 1.908221960067753 18.211890983581544
v 0.2000000029802326 1.5912706851959268 18.286340522766114
v 0.20000000298023252 1.2714401483535809 18.347243118286134
v 0.20000000298023246 0.949308753013615 18.3944881439209
v 0.20000000298023238 0.6254595518112224 18.42799072265625
v 0.2000000029802323 0.30047854781151223 18.44768934249878
v 0.20000000298023224 -0.02504639700054717 18.45354871749878
v 0.20000000298023216 -0.3505259454250295 18.44555883407593
v 0.2000000029802321 -0.6753709316253621 18.423733520507813
v 0.20000000298023202 -0.9989939928054768 18.388112354278565
v 0.20000000298023193 -1.3208091259002643 18.33875970840454
v 0.20000000298023188 -1.640234112739559 18.275765228271485
v 0.2000000029802318 -1.9566912651061972 18.199242877960206
v 0.20000000298023174 -2.2696075439453085 18.109330940246583
v 0.20000000298023166 -2.578416585922237 18.006192016601563
v 0.2000000029802316 -2.8825602531433066 17.890013027191163
v 0.20000000298023154 -3.181487083435055 17.76100425720215
v 0.20000000298023146 -3.4746568202972377 17.619398403167725
v 0.10352762043476028 -3.4565155506134024 4.016206073760988
v 0.10352762043476034 -3.1648762226104727 3.8753402709960953
v 0.10352762043476041 -2.867509841918945 3.7470047950744645
v 0.10352762043476048 -2.56495451927185 3.6314318656921403
v 0.10352762043476055 -2.257757663726806 3.5288317680358903
v 0.10352762043476062 -1.9464751482009879 3.4393895149230964
v 0.10352762043476069 -1.6316704750061026 3.363266277313233
v 0.10352762043476076 -1.313913106918334 3.3006008148193366
v 0.10352762043476083 -0.9937781691551201 3.251506137847901
v 0.1035276204347609 -0.6718448400497429 3.216070461273194
v 0.10352762043476096 -0.34869557619094776 3.1943595886230476
v 0.10352762043476105 -0.024915544316171916 3.1864111900329597
v 0.10352762043476112 0.298909783363343 3.1922400474548347
v 0.10352762043476119 0.6221939325332649 3.2118361473083503
v 0.10352762043476126 0.9443526268005379 3.2451637268066413
v 0.10352762043476132 1.2648018598556525 3.292162227630616
v 0.1035276204347614 1.5829625129699716 3.352746295928956
v 0.10352762043476146 1.8982590436935434 3.4268072128295906
v 0.10352762043476153 2.210119962692261 3.5142109870910643
v 0.1035276204347616 2.5179817676544194 3.614798355102539
v 0.10352762043476167 2.8212871551513676 3.7283881187438963
v 0.10352762043476174 3.1194868087768564 3.854774761199951
v 0.10352762043476181 3.4120421409606942 3.9937289237976072
v 0.10352762043476187 3.6984226703643808 4.14499979019165
v 0.10352762043476194 3.9781105518341073 4.308313655853271
v 0.10352762043476199 4.25059986114502 4.483374404907226
v 0.10352762043476205 4.515397548675538 4.669865894317627
v 0.1035276204347621 4.772024154663088 4.8674500465393065
v 0.10352762043476216 5.02001476287842 5.0757701873779295
v 0.10352762043476221 5.258921623229982 5.294448661804199
v 0.10352762043476227 5.488312721252443 5.5230896949768065
v 0.10352762043476231 5.707771301269533 5.7612793922424315
v 0.10352762043476237 5.916901588439943 6.008587646484375
v 0.10352762043476241 6.11532497406006 6.264566230773925
v 0.10352762043476245 6.302681922912599 6.5287516593933095
v 0.10352762043476249 6.478633403778078 6.800666856765746
v 0.10352762043476252 6.642861366271974 7.079818773269652
v 0.10352762043476256 6.795068740844728 7.365702915191649
v 0.10352762043476259 6.934979915618898 7.657801675796508
v 0.10352762043476262 7.06234121322632 7.95558624267578
v 0.10352762043476264 7.176923274993898 8.258518266677855
v 0.10352762043476266 7.278517723083498 8.56604914665222
v 0.10352762043476268 7.366940975189212 8.877622532844542
v 0.1035276204347627 7.442033767700198 9.192674684524535
v 0.10352762043476271 7.503658771514895 9.510635542869567
v 0.10352762043476273 7.5517053604126 9.830929625034331
v 0.10352762043476273 7.58608675003052 10.152977156639098
v 0.10352762043476274 7.606740951538089 10.476195621490477
v 0.10352762043476274 7.613629817962649 10.799999911851737
v 0.10352762043476274 7.606740951538089 11.12380449771881
v 0.10352762043476273 7.5860872268676784 11.4470228433609
v 0.10352762043476273 7.5517053604126 11.769070374965667
v 0.10352762043476271 7.5036592483520534 12.089364218711852
v 0.1035276204347627 7.44203329086304 12.407325077056884
v 0.10352762043476268 7.36694145202637 12.722377347946166
v 0.10352762043476266 7.2785177230835 13.033950853347777
v 0.10352762043476264 7.1769232749939 13.341481733322142
v 0.10352762043476262 7.06234169006348 13.644413995742797
v 0.10352762043476259 6.9349799156189 13.94219856262207
v 0.10352762043476256 6.79506874084473 14.234297323226928
v 0.10352762043476252 6.642861366271976 14.520180988311767
v 0.10352762043476249 6.47863340377808 14.799333381652831
v 0.10352762043476245 6.302681446075443 15.071248340606688
v 0.10352762043476241 6.115324497222904 15.335433769226073
v 0.10352762043476237 5.916901588439945 15.591412353515626
v 0.10352762043476231 5.707771301269535 15.838720607757569
v 0.10352762043476227 5.488312244415287 16.076910305023194
v 0.10352762043476221 5.258921623229984 16.30555181503296
v 0.10352762043476216 5.0200147628784215 16.52423028945923
v 0.1035276204347621 4.772023677825931 16.732549953460694
v 0.10352762043476205 4.5153975486755416 16.930134105682374
v 0.10352762043476199 4.250599861145024 17.116625595092774
v 0.10352762043476194 3.97811055183411 17.29168634414673
v 0.10352762043476187 3.6984226703643834 17.45500020980835
v 0.10352762043476181 3.412042140960697 17.606271076202393
v 0.10352762043476174 3.119487047195438 17.745225715637208
v 0.10352762043476167 2.821287155151371 17.871611881256104
v 0.1035276204347616 2.517981767654423 17.98520164489746
v 0.10352762043476153 2.2101199626922647 18.085789489746094
v 0.10352762043476146 1.8982588052749674 18.173192310333253
v 0.1035276204347614 1.5829625129699747 18.247253227233887
v 0.10352762043476132 1.264801859855656 18.307837772369385
v 0.10352762043476126 0.9443524479866069 18.35483675003052
v 0.10352762043476119 0.6221940517425578 18.38816385269165
v 0.10352762043476112 0.29890954494476724 18.40775947570801
v 0.10352762043476105 -0.024915350601073017 18.41358880996704
v 0.10352762043476096 -0.34869557619094443 18.405640888214112
v 0.1035276204347609 -0.6718447804450948 18.38392906188965
v 0.10352762043476083 -0.9937782883644063 18.3484938621521
v 0.10352762043476076 -1.313913106918331 18.299399662017823
v 0.10352762043476069 -1.631670594215389 18.236734199523926
v 0.10352762043476062 -1.9464755058288534 18.160610485076905
v 0.10352762043476055 -2.2577576637268026 18.071167755126954
v 0.10352762043476048 -2.5649547576904257 17.968567657470704
v 0.10352762043476041 -2.8675098419189413 17.852995204925538
v 0.10352762043476034 -3.164876461029049 17.724659729003907
v 0.10352762043476028 -3.4565155506133998 17.583793926239014
v -7.171408186784903e-16 -3.4503278732299796 4.028350639343263
v -6.524998169461335e-16 -3.1592106819152823 3.887736606597902
v -5.865894304631979e-16 -2.8623766899108882 3.759630489349367
v -5.195288791170092e-16 -2.560362815856933 3.644264984130861
v -4.514396062563803e-16 -2.2537159919738765 3.541848468780519
v -3.8244472282623845e-16 -1.9429906606674185 3.4525659561157234
v -3.126691661863038e-16 -1.6287494897842398 3.376579093933106
v -2.4223919718527636e-16 -1.3115611076354972 3.3140256881713874
v -1.7128214869793015e-16 -0.9919989705085747 3.2650187492370613
v -9.99265712089008e-17 -0.6706420183181755 3.2296469688415534
v -2.830151812863636e-17 -0.34807145595550465 3.2079747200012214
v 4.3463413674752626e-17 -0.024870935827492956 3.2000406265258796
v 1.1523836594408208e-16 0.2983747124671943 3.2058594703674324
v 1.8689332987529643e-16 0.6210799813270577 3.2254198074340827
v 2.58298802898875e-16 0.94266164302826 3.2586877822875984
v 3.2932553308102267e-16 1.2625375986099252 3.3056023597717292
v 3.998449699371038e-16 1.5801289081573495 3.366078186035157
v 4.697294232503199e-16 1.8948605060577401 3.4400065422058113
v 5.388526057021911e-16 2.20616364479065 3.527253437042236
v 6.070892622956423e-16 2.5134742259979252 3.627661037445068
v 6.743159909181704e-16 2.81623649597168 3.741047191619873
v 7.404111364627259e-16 3.1139025688171396 3.867207336425781
v 8.052551084650685e-16 3.405933856964112 4.0059130668640135
v 8.6873059286200325e-16 3.6918020248413095 4.156913566589355
v 9.307226049309405e-16 3.9709892272949228 4.31993465423584
v 9.911190186854875e-16 4.242990493774415 4.4946825981140135
v 1.0498106727545669e-15 4.507314205169679 4.6808398246765135
v 1.1066910527450613e-15 4.763480663299562 4.878070640563965
v 1.161657667670353e-15 5.011028289794924 5.086017417907715
v 1.2146106735217844e-15 5.249507427215578 5.304304409027099
v 1.2654544614554342e-15 5.478487491607668 5.53253583908081
v 1.3140969166382885e-15 5.6975536346435565 5.77029972076416
v 1.3604499476438329e-15 5.906309127807619 6.017164993286133
v 1.4044299099685259e-15 6.104377269744875 6.272685337066649
v 1.4459570766362072e-15 6.291399002075197 6.536398220062255
v 1.4849561675936897e-15 6.467035293579103 6.807826328277587
v 1.5213568791063513e-15 6.630969524383547 7.086478519439696
v 1.5550932484834244e-15 6.782904624938967 7.371850776672362
v 1.58610407759447e-15 6.922564983367922 7.663426446914672
v 1.6143334622649693e-15 7.049698829650881 7.960678386688231
v 1.6397301570016134e-15 7.164075374603273 8.26306800842285
v 1.6622482102670137e-15 7.265487670898439 8.57004837989807
v 1.6818470703588205e-15 7.353753089904788 8.881063985824584
v 1.6984910560141307e-15 7.428710937500003 9.195552158355712
v 1.7121500975633167e-15 7.490225791931155 9.512943792343139
v 1.7227996310509082e-15 7.538187026977542 9.832664239406585
v 1.7304201747191184e-15 7.5725069046020534 10.154135453701018
v 1.7349979642825542e-15 7.593123435974124 10.47677542567253
v 1.7365248470490985e-15 7.599999904632571 10.800000168331353
v 1.7349979642825542e-15 7.593123435974124 11.12322484254837
v 1.7304201747191184e-15 7.5725069046020534 11.44586454629898
v 1.7227996310509082e-15 7.538187026977542 11.767335820198058
v 1.7121502034424352e-15 7.490226268768313 12.08705620765686
v 1.6984910560141307e-15 7.428710937500003 12.404447960853576
v 1.6818470703588205e-15 7.353753089904788 12.718935894966124
v 1.6622483161461321e-15 7.265488147735599 13.029951858520507
v 1.6397301570016134e-15 7.164075374603275 13.336931991577147
v 1.6143334622649693e-15 7.0496988296508825 13.639321851730346
v 1.58610407759447e-15 6.9225649833679235 13.936573314666747
v 1.5550932484834244e-15 6.782904624938968 14.228148984909057
v 1.5213569849854697e-15 6.630970001220707 14.513521480560302
v 1.4849562734728081e-15 6.467035770416263 14.79217391014099
v 1.4459569707570888e-15 6.291398525238041 15.063601779937743
v 1.4044299099685259e-15 6.104377269744877 15.327314662933349
v 1.3604499476438329e-15 5.906309127807621 15.582835006713868
v 1.3140969166382885e-15 5.697553634643558 15.82970027923584
v 1.2654543555763158e-15 5.478487014770511 16.067463684082032
v 1.2146106735217844e-15 5.24950742721558 16.2956955909729
v 1.161657667670353e-15 5.011028289794925 16.513982582092286
v 1.1066911586241797e-15 4.763481140136722 16.721929836273194
v 1.0498106727545669e-15 4.507314205169682 16.919160175323487
v 9.911190186854875e-16 4.2429904937744185 17.105317878723145
v 9.307226049309405e-16 3.9709892272949254 17.28006534576416
v 8.68730539922444e-16 3.691801786422733 17.443086910247803
v 8.052551084650685e-16 3.405933856964115 17.594086933135987
v 7.404111894022851e-16 3.1139028072357213 17.73279266357422
v 6.743160438577296e-16 2.816236734390263 17.858952808380128
v 6.070892622956423e-16 2.513474225997929 17.972338962554932
v 5.388525527626319e-16 2.2061634063720743 18.072746562957764
v 4.697294497200995e-16 1.8948606252670328 18.15999345779419
v 3.998449699371038e-16 1.5801289081573526 18.233921813964844
v 3.2932558602058187e-16 1.2625378370285074 18.29439811706543
v 2.582988558384342e-16 0.9426618814468425 18.341312217712403
v 1.8689335634507603e-16 0.6210801005363505 18.37457971572876
v 1.1523832623941268e-16 0.29837453365326333 18.39414052963257
v 4.3463391754466393e-17 -0.024871034547682493 18.399959373474122
v -2.830148504141186e-17 -0.3480713069438894 18.39202527999878
v -9.99265844437906e-17 -0.6706420779228169 18.370353031158448
v -1.7128218840259956e-16 -0.9919991493225057 18.33498125076294
v -2.4223919718527636e-16 -1.311561107635494 18.285974311828614
v -3.126691397165242e-16 -1.6287493705749472 18.223420429229737
v -3.8244474929601805e-16 -1.942990779876705 18.147434043884278
v -4.514395533168211e-16 -2.253715753555294 18.058151531219483
v -5.195289320565684e-16 -2.5603630542755087 17.95573501586914
v -5.865893775236387e-16 -2.8623764514923056 17.840369033813477
v -6.524997640065743e-16 -3.1592104434967005 17.7122633934021
v -7.171407657389311e-16 -3.450327634811398 17.57164936065674
v -0.10352762043476181 -3.4565155506134024 4.016206073760988
v -0.10352762043476176 -3.1648762226104727 3.8753402709960953
v -0.10352762043476169 -2.867509841918945 3.7470047950744645
v -0.10352762043476162 -2.56495451927185 3.6314318656921403
v -0.10352762043476155 -2.257757663726806 3.5288317680358903
v -0.10352762043476148 -1.9464751482009879 3.4393895149230964
v -0.10352762043476141 -1.6316704750061026 3.363266277313233
v -0.10352762043476134 -1.313913106918334 3.3006008148193366
v -0.10352762043476127 -0.9937781691551201 3.251506137847901
v -0.1035276204347612 -0.6718448400497429 3.216070461273194
v -0.10352762043476113 -0.34869557619094776 3.1943595886230476
v -0.10352762043476105 -0.024915544316171868 3.1864111900329597
v -0.10352762043476098 0.298909783363343 3.1922400474548347
v -0.10352762043476091 0.6221939325332649 3.2118361473083503
v -0.10352762043476084 0.9443526268005379 3.2451637268066413
v -0.10352762043476077 1.2648018598556525 3.292162227630616
v -0.1035276204347607 1.5829625129699716 3.352746295928956
v -0.10352762043476063 1.8982590436935434 3.4268072128295906
v -0.10352762043476056 2.210119962692261 3.5142109870910643
v -0.10352762043476049 2.5179817676544194 3.614798355102539
v -0.10352762043476042 2.8212871551513676 3.7283881187438963
v -0.10352762043476035 3.1194868087768564 3.854774761199951
v -0.10352762043476028 3.4120421409606942 3.9937289237976072
v -0.10352762043476023 3.6984226703643808 4.14499979019165
v -0.10352762043476016 3.9781105518341073 4.308313655853271
v -0.1035276204347601 4.25059986114502 4.483374404907226
v -0.10352762043476005 4.515397548675538 4.669865894317627
v -0.10352762043475999 4.772024154663088 4.8674500465393065
v -0.10352762043475994 5.02001476287842 5.0757701873779295
v -0.10352762043475988 5.258921623229982 5.294448661804199
v -0.10352762043475983 5.488312721252443 5.5230896949768065
v -0.10352762043475978 5.707771301269533 5.7612793922424315
v -0.10352762043475973 5.916901588439943 6.008587646484375
v -0.10352762043475969 6.11532497406006 6.264566230773925
v -0.10352762043475965 6.302681922912599 6.5287516593933095
v -0.1035276204347596 6.478633403778078 6.800666856765746
v -0.10352762043475958 6.642861366271974 7.079818773269652
v -0.10352762043475953 6.795068740844728 7.365702915191649
v -0.1035276204347595 6.934979915618898 7.657801675796508
v -0.10352762043475948 7.06234121322632 7.95558624267578
v -0.10352762043475945 7.176923274993898 8.258518266677855
v -0.10352762043475944 7.278517723083498 8.56604914665222
v -0.10352762043475941 7.366940975189212 8.877622532844542
v -0.1035276204347594 7.442033767700198 9.192674684524535
v -0.10352762043475938 7.503658771514895 9.510635542869567
v -0.10352762043475937 7.5517053604126 9.830929625034331
v -0.10352762043475937 7.58608675003052 10.152977156639098
v -0.10352762043475935 7.606740951538089 10.476195621490477
v -0.10352762043475935 7.613629817962649 10.799999911851737
v -0.10352762043475935 7.606740951538089 11.12380449771881
v -0.10352762043475937 7.5860872268676784 11.4470228433609
v -0.10352762043475937 7.5517053604126 11.769070374965667
v -0.10352762043475938 7.5036592483520534 12.089364218711852
v -0.1035276204347594 7.44203329086304 12.407325077056884
v -0.10352762043475941 7.36694145202637 12.722377347946166
v -0.10352762043475944 7.2785177230835 13.033950853347777
v -0.10352762043475945 7.1769232749939 13.341481733322142
v -0.10352762043475948 7.06234169006348 13.644413995742797
v -0.1035276204347595 6.9349799156189 13.94219856262207
v -0.10352762043475953 6.79506874084473 14.234297323226928
v -0.10352762043475958 6.642861366271976 14.520180988311767
v -0.1035276204347596 6.47863340377808 14.799333381652831
v -0.10352762043475965 6.302681446075443 15.071248340606688
v -0.10352762043475969 6.115324497222904 15.335433769226073
v -0.10352762043475973 5.916901588439945 15.591412353515626
v -0.10352762043475978 5.707771301269535 15.838720607757569
v -0.10352762043475983 5.488312244415287 16.076910305023194
v -0.10352762043475988 5.258921623229984 16.30555181503296
v -0.10352762043475994 5.0200147628784215 16.52423028945923
v -0.10352762043475999 4.772023677825931 16.732549953460694
v -0.10352762043476005 4.5153975486755416 16.930134105682374
v -0.1035276204347601 4.250599861145024 17.116625595092774
v -0.10352762043476016 3.97811055183411 17.29168634414673
v -0.10352762043476023 3.6984226703643834 17.45500020980835
v -0.10352762043476028 3.412042140960697 17.606271076202393
v -0.10352762043476035 3.119487047195438 17.745225715637208
v -0.10352762043476042 2.821287155151371 17.871611881256104
v -0.10352762043476049 2.517981767654423 17.98520164489746
v -0.10352762043476056 2.2101199626922647 18.085789489746094
v -0.10352762043476063 1.8982588052749674 18.173192310333253
v -0.1035276204347607 1.5829625129699747 18.247253227233887
v -0.10352762043476077 1.264801859855656 18.307837772369385
v -0.10352762043476084 0.9443524479866069 18.35483675003052
v -0.10352762043476091 0.6221940517425578 18.38816385269165
v -0.10352762043476098 0.29890954494476724 18.40775947570801
v -0.10352762043476105 -0.02491535060107297 18.41358880996704
v -0.10352762043476113 -0.34869557619094443 18.405640888214112
v -0.1035276204347612 -0.6718447804450948 18.38392906188965
v -0.10352762043476127 -0.9937782883644063 18.3484938621521
v -0.10352762043476134 -1.313913106918331 18.299399662017823
v -0.10352762043476141 -1.631670594215389 18.236734199523926
v -0.10352762043476148 -1.9464755058288534 18.160610485076905
v -0.10352762043476155 -2.2577576637268026 18.071167755126954
v -0.10352762043476162 -2.5649547576904257 17.968567657470704
v -0.10352762043476169 -2.8675098419189413 17.852995204925538
v -0.10352762043476176 -3.164876461029049 17.724659729003907
v -0.10352762043476181 -3.4565155506133998 17.583793926239014
v -0.20000000298023302 -3.4746570587158194 3.980601596832277
v -0.20000000298023293 -3.181487321853637 3.838995742797853
v -0.20000000298023288 -2.882560014724731 3.7099869728088395
v -0.20000000298023282 -2.57841682434082 3.593807983398439
v -0.20000000298023274 -2.269607543945312 3.4906690597534196
v -0.20000000298023268 -1.9566912651062003 3.4007571220397956
v -0.2000000029802326 -1.6402344703674308 3.324234294891358
v -0.20000000298023254 -1.3208091259002679 3.2612402915954597
v -0.20000000298023246 -0.9989939928054802 3.2118876457214363
v -0.20000000298023238 -0.6753709912300102 3.176266479492188
v -0.20000000298023232 -0.35052594542503285 3.154441165924073
v -0.20000000298023224 -0.02504637651145384 3.1464512825012214
v -0.20000000298023218 0.30047839879989696 3.1523106575012214
v -0.2000000029802321 0.6254594922065743 3.1720092773437507
v -0.20000000298023202 0.9493089914321907 3.2055118560791023
v -0.20000000298023196 1.2714400291442878 3.252757358551026
v -0.20000000298023188 1.5912708044052133 3.3136594772338874
v -0.20000000298023182 1.9082217216491708 3.3881090164184577
v -0.20000000298023174 2.2217197418212895 3.4759710311889647
v -0.20000000298023168 2.531197547912598 3.5770867347717283
v -0.2000000029802316 2.8360946178436284 3.6912725448608397
v -0.20000000298023154 3.135859966278077 3.818322467803955
v -0.2000000029802315 3.429950237274171 3.958006191253662
v -0.2000000029802314 3.7178335189819345 4.110070991516113
v -0.20000000298023135 3.9989898204803476 4.274241733551025
v -0.2000000029802313 4.272909164428712 4.450221824645996
v -0.20000000298023124 4.539096355438233 4.637691783905029
v -0.20000000298023118 4.797069549560549 4.836313056945801
v -0.20000000298023113 5.046362400054933 5.045726585388183
v -0.20000000298023107 5.28652334213257 5.26555233001709
v -0.20000000298023102 5.517117977142336 5.495393562316894
v -0.20000000298023096 5.737728595733644 5.734834003448486
v -0.2000000029802309 5.947956562042238 5.9834397315979
v -0.20000000298023088 6.147420883178713 6.2407620429992665
v -0.20000000298023082 6.335761070251467 6.506334114074706
v -0.2000000029802308 6.512636184692385 6.779676246643065
v -0.20000000298023077 6.6777267456054705 7.06029348373413
v -0.2000000029802307 6.830732822418215 7.347677993774413
v -0.20000000298023068 6.971378326416017 7.641309547424315
v -0.20000000298023066 7.09940814971924 7.940657424926757
v -0.20000000298023063 7.214591503143312 8.245179224014281
v -0.2000000029802306 7.316719055175783 8.554324436187743
v -0.2000000029802306 7.4056062698364284 8.867533135414122
v -0.20000000298023057 7.4810929298400906 9.184238839149474
v -0.20000000298023057 7.543041706085208 9.503868269920348
v -0.20000000298023055 7.5913410186767605 9.825843501091002
v -0.20000000298023055 7.625902652740481 10.149581241607665
v -0.20000000298023055 7.6466646194458034 10.474496173858642
v -0.20000000298023055 7.653589725494387 10.800000019655778
v -0.20000000298023055 7.6466646194458034 11.125503885746001
v -0.20000000298023055 7.625902652740481 11.450418639183043
v -0.20000000298023055 7.591340541839602 11.774156498908996
v -0.20000000298023057 7.543041706085208 12.096131372451781
v -0.20000000298023057 7.4810929298400906 12.415761399269103
v -0.2000000029802306 7.405606746673587 12.732466864585875
v -0.2000000029802306 7.316719055175785 13.045675802230834
v -0.20000000298023063 7.214591026306156 13.354820775985717
v -0.20000000298023066 7.099408149719242 13.659342575073241
v -0.20000000298023068 6.971377849578861 13.958690214157103
v -0.2000000029802307 6.830732822418216 14.252322006225585
v -0.20000000298023077 6.677726745605472 14.539706754684447
v -0.2000000029802308 6.512636184692386 14.820323753356933
v -0.20000000298023082 6.335761547088627 15.093665885925292
v -0.20000000298023088 6.147421360015873 15.35923843383789
v -0.2000000029802309 5.94795656204224 15.6165602684021
v -0.20000000298023096 5.737728595733646 15.865166473388673
v -0.20000000298023102 5.517117500305179 16.104606437683106
v -0.20000000298023107 5.286523342132572 16.33444766998291
v -0.20000000298023113 5.046362400054935 16.554273891448975
v -0.20000000298023118 4.79706954956055 16.7636869430542
v -0.20000000298023124 4.539096355438237 16.96230821609497
v -0.2000000029802313 4.272909164428715 17.149778652191163
v -0.20000000298023135 3.998989582061771 17.325758266448975
v -0.2000000029802314 3.7178337574005162 17.489929008483887
v -0.2000000029802315 3.4299499988555944 17.64199380874634
v -0.20000000298023154 3.1358594894409215 17.781677532196046
v -0.2000000029802316 2.836094617843632 17.90872745513916
v -0.20000000298023168 2.5311975479126017 18.022913265228272
v -0.20000000298023174 2.221719980239872 18.124028968811036
v -0.20000000298023182 1.908221960067753 18.211890983581544
v -0.20000000298023188 1.5912706851959268 18.286340522766114
v -0.20000000298023196 1.2714401483535809 18.347243118286134
v -0.20000000298023202 0.949308753013615 18.3944881439209
v -0.2000000029802321 0.6254595518112224 18.42799072265625
v -0.20000000298023218 0.30047854781151234 18.44768934249878
v -0.20000000298023224 -0.02504639700054708 18.45354871749878
v -0.20000000298023232 -0.3505259454250294 18.44555883407593
v -0.20000000298023238 -0.6753709316253621 18.423733520507813
v -0.20000000298023246 -0.9989939928054768 18.388112354278565
v -0.20000000298023254 -1.3208091259002643 18.33875970840454
v -0.2000000029802326 -1.640234112739559 18.275765228271485
v -0.20000000298023268 -1.9566912651061972 18.199242877960206
v -0.20000000298023274 -2.2696075439453085 18.109330940246583
v -0.20000000298023282 -2.578416585922237 18.006192016601563
v -0.20000000298023288 -2.8825602531433066 17.890013027191163
v -0.20000000298023293 -3.181487083435055 17.76100425720215
v -0.20000000298023302 -3.4746568202972377 17.619398403167725
v -0.2828427255153664 -3.503516197204589 3.9239624023437516
v -0.2828427255153663 -3.2079112529754634 3.781180667877199
v -0.28284272551536627 -2.9065015316009517 3.6510999679565446
v -0.28284272551536616 -2.5998320579528804 3.5339563369750993
v -0.2828427255153661 -2.288457870483398 3.429961013793947
v -0.28284272551536604 -1.9729428291320792 3.339302349090577
v -0.282842725515366 -1.6538574695587152 3.2621438980102546
v -0.2828427255153659 -1.3317793607711785 3.198626327514649
v -0.2828427255153658 -1.0072911977767938 3.1488640785217292
v -0.28284272551536577 -0.6809802055358878 3.1129472732543952
v -0.28284272551536566 -0.35343697667121815 3.090940761566163
v -0.2828427255153656 -0.025254270061849802 3.082884120941163
v -0.28284272551536555 0.30297407507896496 3.0887921333312995
v -0.28284272551536543 0.6306543350219735 3.1086547851562507
v -0.2828427255153654 0.9571933150291452 3.1424353599548347
v -0.2828427255153653 1.2820001840591437 3.1900728225708015
v -0.28284272551536527 1.6044871807098395 3.2514808654785163
v -0.28284272551536516 1.9240708351135263 3.326548862457276
v -0.2828427255153651 2.240172624588013 3.415140914916992
v -0.28284272551536505 2.5522205829620366 3.5170963287353514
v -0.282842725515365 2.8596498966217045 3.6322305679321287
v -0.2828427255153649 3.161904573440552 3.7603357315063475
v -0.2828427255153648 3.458437681198121 3.9011795997619627
v -0.28284272551536477 3.7487123012542733 4.054507064819336
v -0.2828427255153647 4.032203674316407 4.220041561126709
v -0.28284272551536466 4.308397769927979 4.397483158111572
v -0.2828427255153646 4.576796054840089 4.586510467529297
v -0.28284272551536455 4.836912155151368 4.786781597137451
v -0.2828427255153645 5.088275432586672 4.997933673858642
v -0.28284272551536443 5.330430984497072 5.219585704803467
v -0.2828427255153644 5.5629405975341815 5.451335716247558
v -0.2828427255153643 5.785383701324465 5.692764568328857
v -0.28284272551536427 5.99735736846924 5.943435478210449
v -0.2828427255153642 6.1984786987304705 6.202894973754882
v -0.28284272551536416 6.388383388519289 6.470672893524169
v -0.28284272551536416 6.566727638244631 6.746285247802733
v -0.2828427255153641 6.733189105987551 7.0292330265045155
v -0.28284272551536405 6.887465953826906 7.3190043449401845
v -0.28284272551536405 7.0292797088623065 7.615074920654296
v -0.282842725515364 7.158372879028322 7.916909027099608
v -0.282842725515364 7.27451276779175 8.223959970474242
v -0.28284272551536394 7.377488613128664 8.53567247390747
v -0.28284272551536394 7.467114448547366 8.851482677459716
v -0.28284272551536394 7.543228149414065 9.170818853378295
v -0.28284272551536394 7.605690956115725 9.493103194236754
v -0.2828427255153639 7.654391288757327 9.817752528190612
v -0.2828427255153639 7.689239978790286 10.144179153442382
v -0.2828427255153639 7.710175037384036 10.471792566776275
v -0.2828427255153639 7.717157363891604 10.800000044121036
v -0.2828427255153639 7.710175037384036 11.128207343816756
v -0.2828427255153639 7.689239978790286 11.455820667743682
v -0.2828427255153639 7.654391288757327 11.782247292995452
v -0.28284272551536394 7.605690956115725 12.106896686553954
v -0.28284272551536394 7.543227672576907 12.429181265830993
v -0.28284272551536394 7.467114448547366 12.748517203330993
v -0.28284272551536394 7.377488613128666 13.064327526092528
v -0.282842725515364 7.274512290954593 13.376039791107177
v -0.282842725515364 7.158372879028324 13.683091211318969
v -0.28284272551536405 7.029279708862308 13.984924840927123
v -0.28284272551536405 6.887465953826908 14.280995893478392
v -0.2828427255153641 6.733188629150394 14.570766973495482
v -0.28284272551536416 6.5667276382446325 14.853714752197265
v -0.28284272551536416 6.388383388519291 15.129327106475829
v -0.2828427255153642 6.198478698730472 15.397105503082274
v -0.28284272551536427 5.9973578453064 15.656564521789551
v -0.2828427255153643 5.785383701324466 15.907235431671143
v -0.2828427255153644 5.562940597534183 16.148664283752442
v -0.28284272551536443 5.330430984497074 16.380414295196534
v -0.2828427255153645 5.0882754325866735 16.6020658493042
v -0.28284272551536455 4.836912155151372 16.81321840286255
v -0.2828427255153646 4.576796054840092 17.013489532470704
v -0.28284272551536466 4.308398246765141 17.20251684188843
v -0.2828427255153647 4.032203674316411 17.37995843887329
v -0.28284272551536477 3.748712539672855 17.545492458343507
v -0.2828427255153648 3.4584376811981237 17.698820400238038
v -0.2828427255153649 3.1619045734405558 17.839664268493653
v -0.282842725515365 2.859650135040287 17.967769432067872
v -0.28284272551536505 2.55222058296204 18.08290367126465
v -0.2828427255153651 2.2401726245880167 18.18485908508301
v -0.28284272551536516 1.9240707159042398 18.273451137542725
v -0.28284272551536527 1.6044872999191326 18.348519134521485
v -0.2828427255153653 1.2820001840591473 18.4099271774292
v -0.2828427255153654 0.9571933150291485 18.457564640045167
v -0.28284272551536543 0.6306542754173321 18.49134521484375
v -0.28284272551536555 0.3029740750789684 18.511207389831544
v -0.2828427255153656 -0.025254348292942642 18.51711587905884
v -0.28284272551536566 -0.3534369468688923 18.509059715270997
v -0.28284272551536577 -0.6809801459312397 18.487052726745606
v -0.2828427255153658 -1.0072911977767902 18.451135921478272
v -0.2828427255153659 -1.3317794799804645 18.401373672485352
v -0.282842725515366 -1.6538575887680012 18.337856101989747
v -0.28284272551536604 -1.9729427099227865 18.260698127746583
v -0.2828427255153661 -2.2884578704833944 18.170038986206055
v -0.28284272551536616 -2.5998318195342978 18.066043663024903
v -0.28284272551536627 -2.906501293182369 17.9488995552063
v -0.2828427255153663 -3.2079110145568808 17.818818855285645
v -0.2828427255153664 -3.5035161972045863 17.67603759765625
v -0.34641015529632646 -3.541126012802123 3.8501489639282243
v -0.3464101552963264 -3.242347717285156 3.7058346748352067
v -0.34641015529632635 -2.937702417373657 3.5743577957153336
v -0.3464101552963263 -2.627740859985351 3.4559562683105485
v -0.3464101552963262 -2.313024282455444 3.3508441925048844
v -0.3464101552963261 -1.9941220283508294 3.25921277999878
v -0.34641015529632607 -1.671611309051513 3.181226539611817
v -0.34641015529632596 -1.3460758924484246 3.117026615142823
v -0.3464101552963259 -1.018104195594787 3.0667303085327156
v -0.34641015529632585 -0.6882904767990105 3.0304277420043952
v -0.34641015529632574 -0.3572311699390404 3.008184719085694
v -0.3464101552963257 -0.025525322183965894 3.0000417709350593
v -0.34641015529632563 0.3062264919281013 3.006013202667237
v -0.3464101552963255 0.6374242305755623 3.026089000701905
v -0.34641015529632546 0.9674687385559091 3.0602319717407234
v -0.3464101552963254 1.2957624197006232 3.108381080627442
v -0.34641015529632535 1.6217111349105842 3.170448589324952
v -0.34641015529632524 1.944725394248963 3.246322917938233
v -0.3464101552963252 2.264220237731934 3.335865306854248
v -0.34641015529632513 2.5796182155609135 3.4389150619506834
v -0.346410155296325 2.8903479576110844 3.5552857398986815
v -0.34641015529632496 3.1958475112915044 3.684765625
v -0.3464101552963249 3.495563507080079 3.827121543884277
v -0.34641015529632485 3.788954496383668 3.9820955276489256
v -0.3464101552963248 4.075489044189454 4.1494067192077635
v -0.34641015529632474 4.354648113250733 4.32875280380249
v -0.34641015529632463 4.625927448272706 4.519809532165527
v -0.3464101552963246 4.888835906982423 4.722230243682861
v -0.3464101552963245 5.142897605895998 4.935649681091308
v -0.34641015529632446 5.3876523971557635 5.159680652618408
v -0.34641015529632446 5.622658252716066 5.3939183235168455
v -0.3464101552963244 5.847489356994631 5.6379392623901365
v -0.34641015529632435 6.061738491058351 5.891300964355468
v -0.3464101552963243 6.265018939971926 6.1535451889038075
v -0.34641015529632424 6.456961631774904 6.424197959899901
v -0.3464101552963242 6.63722085952759 6.702769088745116
v -0.3464101552963242 6.8054685592651385 6.988754320144652
v -0.34641015529632413 6.961401939392092 7.281636285781859
v -0.34641015529632413 7.104737758636476 7.5808852195739735
v -0.3464101552963241 7.2352170944213885 7.885959196090697
v -0.3464101552963241 7.352603435516359 8.19630651473999
v -0.346410155296324 7.456685066223146 8.511365461349486
v -0.346410155296324 7.547273159027102 8.830565738677977
v -0.346410155296324 7.6242036819458034 9.153329896926879
v -0.34641015529632396 7.687336921691897 9.479073929786681
v -0.34641015529632396 7.736560344696048 9.807208168506621
v -0.34641015529632396 7.771783351898196 10.13713912963867
v -0.34641015529632396 7.7929425239563015 10.468269306421279
v -0.34641015529632396 7.800000190734866 10.8000000353982
v -0.34641015529632396 7.7929425239563015 11.131730663776397
v -0.34641015529632396 7.771783351898196 11.462861168384551
v -0.34641015529632396 7.736559867858889 11.792791831493377
v -0.34641015529632396 7.687337398529055 12.120926308631896
v -0.346410155296324 7.624203205108645 12.446670103073119
v -0.346410155296324 7.547273159027102 12.76943426132202
v -0.346410155296324 7.456685066223148 13.08863477706909
v -0.3464101552963241 7.352603912353519 13.40369324684143
v -0.3464101552963241 7.23521709442139 13.71404104232788
v -0.34641015529632413 7.104737758636478 14.019114780426024
v -0.34641015529632413 6.961401939392093 14.31836347579956
v -0.3464101552963242 6.8054690361022985 14.611245679855346
v -0.3464101552963242 6.637220382690433 14.897230911254882
v -0.34641015529632424 6.456962108612064 15.175802040100097
v -0.3464101552963243 6.265018463134769 15.446454334259032
v -0.34641015529632435 6.061738491058353 15.70869903564453
v -0.3464101552963244 5.847488880157474 15.962060737609864
v -0.34641015529632446 5.62265777587891 16.206081676483155
v -0.34641015529632446 5.387652397155765 16.440319347381593
v -0.3464101552963245 5.142897129058841 16.664350318908692
v -0.3464101552963246 4.888835906982426 16.87776975631714
v -0.34641015529632463 4.6259274482727095 17.080190467834473
v -0.34641015529632474 4.354648113250737 17.27124719619751
v -0.3464101552963248 4.075489044189458 17.450593280792237
v -0.34641015529632485 3.7889544963836705 17.617904472351075
v -0.3464101552963249 3.495563745498661 17.772878456115723
v -0.34641015529632496 3.195847511291508 17.915234375
v -0.346410155296325 2.890348196029667 18.044714736938477
v -0.34641015529632513 2.579618215560917 18.16108446121216
v -0.3464101552963252 2.2642204761505167 18.264134693145753
v -0.34641015529632524 1.9447253942489666 18.353677558898926
v -0.34641015529632535 1.6217112541198773 18.42955141067505
v -0.3464101552963254 1.2957623004913372 18.49161891937256
v -0.34641015529632546 0.9674687981605572 18.539768028259278
v -0.3464101552963255 0.6374245285987897 18.573910999298096
v -0.34641015529632563 0.3062265813350719 18.593986320495606
v -0.3464101552963257 -0.025525391101832953 18.599958229064942
v -0.34641015529632574 -0.35723119974135936 18.591815280914307
v -0.34641015529632585 -0.6882905960082965 18.569572734832764
v -0.3464101552963259 -1.018104314804073 18.533270168304444
v -0.34641015529632596 -1.346075892448421 18.48297338485718
v -0.34641015529632607 -1.6716113090515095 18.418773460388184
v -0.3464101552963261 -1.9941219091415363 18.34078769683838
v -0.3464101552963262 -2.3130242824554403 18.249155807495118
v -0.3464101552963263 -2.6277408599853476 18.144043731689454
v -0.34641015529632635 -2.9377024173736532 18.02564220428467
v -0.3464101552963264 -3.2423479557037314 17.894165325164796
v -0.34641015529632646 -3.5411260128021205 17.749851036071778
v -0.38637033104896623 -3.5849235057830806 3.7641914367675797
v -0.3863703310489662 -3.2824497222900386 3.618092346191408
v -0.3863703310489661 -2.9740364551544185 3.484989452362062
v -0.38637033104896606 -2.660241603851318 3.365123081207277
v -0.38637033104896595 -2.3416323661804195 3.258711147308351
v -0.3863703310489659 -2.018785953521728 3.1659458160400407
v -0.38637033104896584 -1.6922862529754632 3.08699541091919
v -0.38637033104896573 -1.362724304199218 3.022001552581788
v -0.3863703310489657 -1.0306963920593255 2.9710829734802253
v -0.3863703310489656 -0.6968035101890556 2.9343312263488777
v -0.3863703310489655 -0.3616495132446282 2.9118135452270515
v -0.38637033104896545 -0.025841196998953087 2.903569984436036
v -0.3863703310489654 0.31001394987106395 2.909615325927735
v -0.3863703310489653 0.6453083157539375 2.9299390792846687
v -0.38637033104896523 0.9794346690177925 2.964505004882813
v -0.3863703310489652 1.3117887973785407 3.0132492065429695
v -0.38637033104896507 1.6417688131332404 3.0760844230651863
v -0.386370331048965 1.9687781333923347 3.152896690368653
v -0.38637033104896495 2.2922248840332036 3.2435467720031737
v -0.3863703310489649 2.6115236282348637 3.347871112823486
v -0.3863703310489648 2.926096677780152 3.4656808853149412
v -0.38637033104896473 3.2353746891021733 3.596762466430664
v -0.3863703310489647 3.5387978553771977 3.740878868103027
v -0.3863703310489646 3.8358173370361337 3.897769260406494
v -0.3863703310489645 4.125895500183106 4.067150402069092
v -0.38637033104896445 4.4085073471069345 4.248714733123779
v -0.3863703310489644 4.6831421852111825 4.442134666442871
v -0.38637033104896434 4.949302196502686 4.647058773040771
v -0.3863703310489643 5.20650625228882 4.863117504119873
v -0.38637033104896423 5.454288005828859 5.089919853210449
v -0.3863703310489642 5.69220018386841 5.327054786682129
v -0.3863703310489641 5.919812202453615 5.574093627929687
v -0.38637033104896407 6.136711597442629 5.830589103698729
v -0.38637033104896407 6.34250593185425 6.096076774597167
v -0.386370331048964 6.53682327270508 6.370076942443847
v -0.38637033104896396 6.719311237335207 6.652093696594237
v -0.3863703310489639 6.8896408081054705 6.941615867614745
v -0.3863703310489639 7.047502040863039 7.238120365142821
v -0.38637033104896384 7.192611217498781 7.541070270538329
v -0.38637033104896384 7.324703693389894 7.849917697906493
v -0.3863703310489638 7.443542480468752 8.164103317260741
v -0.3863703310489638 7.548911094665529 8.483058977127074
v -0.38637033104896373 7.640619277954104 8.806207227706908
v -0.38637033104896373 7.718501091003421 9.132963585853576
v -0.38637033104896373 7.7824163436889675 9.462736177444457
v -0.38637033104896373 7.832248210906985 9.794928956031798
v -0.38637033104896373 7.867906570434573 10.12894057035446
v -0.3863703310489637 7.889327526092532 10.46416648030281
v -0.3863703310489637 7.896472454071048 10.79999998667529
v -0.3863703310489637 7.88932800292969 11.135833430290221
v -0.38637033104896373 7.867906570434573 11.471059548854827
v -0.38637033104896373 7.832247734069827 11.80507116317749
v -0.38637033104896373 7.7824163436889675 12.137263584136962
v -0.38637033104896373 7.718501567840579 12.467036294937133
v -0.38637033104896373 7.640619754791262 12.79379289150238
v -0.3863703310489638 7.548911094665531 13.116941261291503
v -0.3863703310489638 7.4435424804687536 13.435896444320678
v -0.38637033104896384 7.324704170227054 13.750082540512084
v -0.38637033104896384 7.192610740661625 14.058929729461669
v -0.3863703310489639 7.047502517700199 14.361879634857177
v -0.3863703310489639 6.889640331268314 14.658384132385253
v -0.38637033104896396 6.719311714172367 14.947906780242919
v -0.386370331048964 6.536823272705082 15.229923057556151
v -0.38637033104896407 6.342505931854252 15.503922748565673
v -0.38637033104896407 6.1367115974426305 15.769411373138427
v -0.3863703310489641 5.919812202453617 16.025906372070313
v -0.3863703310489642 5.69220066070557 16.272945213317872
v -0.38637033104896423 5.454288005828861 16.51008014678955
v -0.3863703310489643 5.206506252288822 16.736882495880128
v -0.38637033104896434 4.94930219650269 16.95294075012207
v -0.3863703310489644 4.683142185211186 17.157865810394288
v -0.38637033104896445 4.408507347106938 17.35128526687622
v -0.3863703310489645 4.12589550018311 17.53284959793091
v -0.3863703310489646 3.8358173370361364 17.70223026275635
v -0.3863703310489647 3.538797616958622 17.859120655059815
v -0.38637033104896473 3.2353744506835977 18.00323705673218
v -0.3863703310489648 2.9260964393615763 18.13431911468506
v -0.3863703310489649 2.6115236282348673 18.252128410339356
v -0.38637033104896495 2.292224884033207 18.35645275115967
v -0.386370331048965 1.9687782526016278 18.44710330963135
v -0.38637033104896507 1.6417689323425335 18.523915576934815
v -0.3863703310489652 1.3117884397506756 18.586750793457032
v -0.38637033104896523 0.9794346094131513 18.635494995117188
v -0.3863703310489653 0.6453082561492963 18.670060443878175
v -0.3863703310489654 0.31001389026642273 18.690384197235108
v -0.38637033104896545 -0.02584096044301563 18.696430015563966
v -0.3863703310489655 -0.36164948344230224 18.68818645477295
v -0.3863703310489656 -0.6968035101890521 18.665668773651124
v -0.3863703310489657 -1.0306967496871906 18.628917026519776
v -0.38637033104896573 -1.3627243041992145 18.577998447418214
v -0.38637033104896584 -1.6922862529754596 18.51300506591797
v -0.3863703310489659 -2.0187857151031454 18.434053707122803
v -0.38637033104896595 -2.341632366180416 18.34128885269165
v -0.38637033104896606 -2.6602413654327353 18.234876918792725
v -0.3863703310489661 -2.974036455154415 18.1150110244751
v -0.3863703310489662 -3.282449960708614 17.981907653808594
v -0.38637033104896623 -3.584923744201656 17.835808563232423
v -0.4000000059604653 -3.631923913955688 3.6719477653503434
v -0.4000000059604652 -3.325484752655029 3.5239332199096696
v -0.40000000596046514 -3.0130279064178462 3.3890851020813004
v -0.4000000059604651 -2.695118904113769 3.267647552490236
v -0.400000005960465 -2.3723325729370113 3.159840393066408
v -0.4000000059604649 -2.04525351524353 3.065858650207521
v -0.40000000596046487 -1.714473366737365 2.9858730316162116
v -0.4000000059604648 -1.3805904388427728 2.9200275421142585
v -0.4000000059604647 -1.0442094802856439 2.8684409141540534
v -0.40000000596046464 -0.7059389352798454 2.831208038330079
v -0.40000000596046453 -0.36639091372489857 2.8083947181701667
v -0.4000000059604645 -0.026179706677793745 2.800042915344239
v -0.4000000059604644 0.314078480005265 2.806167888641358
v -0.4000000059604643 0.6537685394287117 2.8267581939697273
v -0.40000000596046426 0.9922753572463997 2.8617766380310066
v -0.4000000059604642 1.328987121582032 2.911160278320313
v -0.4000000059604641 1.663293361663819 2.974818992614747
v -0.40000000596046403 1.9945900440216071 3.052638816833497
v -0.400000005960464 2.3222773075103764 3.144477653503418
v -0.40000000596046387 2.645762205123902 3.250169563293457
v -0.4000000059604638 2.964459657669068 3.369523811340332
v -0.40000000596046376 3.2777924537658696 3.5023234367370604
v -0.4000000059604637 3.5851936340332036 3.6483295440673826
v -0.4000000059604636 3.8861072063446054 3.807277488708496
v -0.40000000596046353 4.179988384246827 3.9788787841796873
v -0.4000000059604635 4.466305732727052 4.162823486328125
v -0.4000000059604634 4.7445411682128915 4.358778762817383
v -0.40000000596046337 5.014190673828126 4.566390323638916
v -0.4000000059604633 5.274766445159913 4.785281944274902
v -0.40000000596046326 5.525797367095949 5.015057373046875
v -0.4000000059604632 5.766829013824465 5.255301284790039
v -0.40000000596046315 5.997424602508547 5.505578327178955
v -0.4000000059604631 6.217167854309084 5.765436935424804
v -0.40000000596046303 6.425660133361818 6.034405517578124
v -0.40000000596046303 6.622525215148928 6.311998176574706
v -0.400000005960463 6.807405948638918 6.597711849212645
v -0.4000000059604629 6.9799680709838885 6.891030120849608
v -0.40000000596046287 7.139899253845217 7.1914220333099355
v -0.40000000596046287 7.286910533905031 7.498343753814696
v -0.4000000059604628 7.4207358360290545 7.811240243911742
v -0.4000000059604628 7.541131973266603 8.129545021057128
v -0.40000000596046276 7.647882461547853 8.452682304382323
v -0.40000000596046276 7.740792751312258 8.780067491531371
v -0.40000000596046276 7.819695472717288 9.111107754707335
v -0.4000000059604627 7.884448528289798 9.445203948020934
v -0.4000000059604627 7.9349336624145534 9.781752038002013
v -0.4000000059604627 7.971059799194339 10.120142567157744
v -0.4000000059604627 7.992761611938479 10.459763634204863
v -0.4000000059604627 8.000000000000002 10.79999990651208
v -0.4000000059604627 7.992761611938479 11.140236455202102
v -0.4000000059604627 7.97105932235718 11.479857373237609
v -0.4000000059604627 7.9349336624145534 11.818248081207274
v -0.4000000059604627 7.884448528289798 12.154796051979064
v -0.40000000596046276 7.819695472717288 12.488892245292663
v -0.40000000596046276 7.740792751312259 12.819932746887206
v -0.40000000596046276 7.647881984710697 13.147317457199096
v -0.4000000059604628 7.541131973266605 13.47045521736145
v -0.4000000059604628 7.420735836029056 13.788759756088256
v -0.40000000596046287 7.286910533905033 14.101656007766723
v -0.40000000596046287 7.139899253845218 14.408578205108642
v -0.4000000059604629 6.97996807098389 14.70896987915039
v -0.400000005960463 6.80740594863892 15.002287673950194
v -0.40000000596046303 6.622525215148929 15.288001823425292
v -0.40000000596046303 6.42566013336182 15.565594482421874
v -0.4000000059604631 6.217167377471927 15.834563064575194
v -0.40000000596046315 5.9974246025085485 16.094421195983887
v -0.4000000059604632 5.766829013824466 16.34469871520996
v -0.40000000596046326 5.525797367095951 16.584942626953126
v -0.4000000059604633 5.2747664451599166 16.814718532562257
v -0.40000000596046337 5.014190673828129 17.033610153198243
v -0.4000000059604634 4.744541168212895 17.241221237182618
v -0.4000000059604635 4.466305732727055 17.437176513671876
v -0.40000000596046353 4.179988384246831 17.621121215820313
v -0.4000000059604636 3.886107206344608 17.792722511291505
v -0.4000000059604637 3.585193634033207 17.951670455932618
v -0.40000000596046376 3.277792215347294 18.097676086425782
v -0.4000000059604638 2.9644594192504923 18.23047618865967
v -0.40000000596046387 2.6457622051239054 18.349830436706544
v -0.400000005960464 2.32227730751038 18.45552282333374
v -0.40000000596046403 1.9945901632309002 18.547361183166505
v -0.4000000059604641 1.6632934808731121 18.625180530548096
v -0.4000000059604642 1.328987002372746 18.688839721679688
v -0.40000000596046426 0.9922754764556928 18.738223361968995
v -0.4000000059604643 0.6537684798240705 18.773241806030274
v -0.4000000059604644 0.3140784204006238 18.793832111358643
v -0.4000000059604645 -0.02617995813488534 18.799957084655762
v -0.40000000596046453 -0.36639085412025024 18.791605281829835
v -0.40000000596046464 -0.7059389352798419 18.76879243850708
v -0.4000000059604647 -1.0442095994949299 18.731559085845948
v -0.4000000059604648 -1.3805906772613483 18.679972457885743
v -0.40000000596046487 -1.714473247528072 18.61412696838379
v -0.4000000059604649 -2.0452535152435263 18.53414134979248
v -0.400000005960465 -2.3723325729370077 18.440159130096436
v -0.4000000059604651 -2.6951186656951864 18.332352447509766
v -0.40000000596046514 -3.013028144836422 18.21091537475586
v -0.4000000059604652 -3.3254847526550253 18.07606725692749
v -0.4000000059604653 -3.6319241523742636 17.92805223464966
v -0.3863703310489663 -3.6789247989654537 3.579703617095949
v -0.3863703310489662 -3.36851954460144 3.4297740936279313
v -0.3863703310489661 -3.052019596099853 3.2931802749633805
v -0.38637033104896606 -2.7299964427947994 3.1701710700988786
v -0.386370331048966 -2.403032779693603 3.0609696388244645
v -0.3863703310489659 -2.0717210769653316 2.9657714843750016
v -0.38637033104896584 -1.7366600036621087 2.8847511291503913
v -0.3863703310489658 -1.3984565734863275 2.818053054809571
v -0.3863703310489657 -1.0577226877212518 2.7657993316650398
v -0.3863703310489656 -0.7150745391845695 2.7280834197998054
v -0.3863703310489655 -0.3711324930191033 2.704975891113282
v -0.38637033104896545 -0.026518644765018733 2.696515846252442
v -0.3863703310489654 0.31814298033714367 2.702720451354981
v -0.3863703310489653 0.6622291803359993 2.7235763549804695
v -0.38637033104896523 1.0051167011260993 2.7590482711792
v -0.3863703310489652 1.3461854457855231 2.809071350097657
v -0.38637033104896507 1.6848182678222663 2.8735540390014656
v -0.386370331048965 2.0204019546508794 2.9523804664611815
v -0.38637033104896495 2.3523299694061284 3.0454075813293455
v -0.38637033104896484 2.680001258850098 3.1524675369262694
v -0.3863703310489648 3.0028223991394047 3.2733662605285643
v -0.38637033104896473 3.3202097415924077 3.407884883880615
v -0.3863703310489646 3.6315894126892094 3.5557806968688963
v -0.38637033104896457 3.9363968372344975 3.7167847633361815
v -0.3863703310489645 4.234081745147706 3.890606689453125
v -0.38637033104896445 4.524104118347169 4.0769322395324705
v -0.3863703310489644 4.8059401512146005 4.275423336029053
v -0.38637033104896434 5.079079151153565 4.485721397399902
v -0.3863703310489643 5.343027114868165 4.707445430755615
v -0.38637033104896423 5.597306251525881 4.940194416046142
v -0.3863703310489642 5.841456890106203 5.183547306060791
v -0.3863703310489641 6.075037002563478 5.437063980102538
v -0.38637033104896407 6.297623634338381 5.700284767150878
v -0.386370331048964 6.508814811706545 5.972734260559081
v -0.38637033104896396 6.708227157592775 6.253918933868407
v -0.3863703310489639 6.895500659942629 6.543330001831054
v -0.3863703310489639 7.070295810699465 6.8404441356658925
v -0.38637033104896384 7.232296466827394 7.144723463058471
v -0.3863703310489638 7.381209850311281 7.455617237091063
v -0.3863703310489638 7.51676654815674 7.77256302833557
v -0.38637033104896373 7.638720989227297 8.094986963272094
v -0.38637033104896373 7.746852874755861 8.422305870056151
v -0.38637033104896373 7.840966224670412 8.753927516937255
v -0.3863703310489637 7.920889854431155 9.089251923561095
v -0.3863703310489637 7.986480712890628 9.427671599388121
v -0.3863703310489637 8.03761959075928 9.76857476234436
v -0.3863703310489637 8.074213027954103 10.111344563961028
v -0.3863703310489637 8.096196174621584 10.455360341072081
v -0.3863703310489637 8.103528022766115 10.800000038781375
v -0.3863703310489637 8.096195220947267 11.144639509916304
v -0.3863703310489637 8.074213027954103 11.48865555524826
v -0.3863703310489637 8.03761959075928 11.831425118446349
v -0.3863703310489637 7.986480712890628 12.172328281402587
v -0.3863703310489637 7.920890331268313 12.510748434066771
v -0.38637033104896373 7.840966224670414 12.846072483062743
v -0.38637033104896373 7.746853351593021 13.177693891525267
v -0.38637033104896373 7.638721466064457 13.505013275146483
v -0.3863703310489638 7.516766548156742 13.827436971664428
v -0.3863703310489638 7.381210327148441 14.144383001327514
v -0.38637033104896384 7.232296466827396 14.455276775360106
v -0.3863703310489639 7.070295333862308 14.759555625915526
v -0.3863703310489639 6.895500183105472 15.056669521331786
v -0.38637033104896396 6.708227157592777 15.34608106613159
v -0.386370331048964 6.5088148117065465 15.627265739440917
v -0.38637033104896407 6.2976236343383825 15.89971523284912
v -0.3863703310489641 6.07503700256348 16.162936019897458
v -0.3863703310489642 5.841456890106205 16.41645269393921
v -0.38637033104896423 5.597306728363041 16.659805583953858
v -0.3863703310489643 5.3430271148681685 16.892554569244385
v -0.38637033104896434 5.079079151153569 17.1142786026001
v -0.3863703310489644 4.805940151214604 17.324577140808106
v -0.38637033104896445 4.524104118347172 17.523068237304688
v -0.3863703310489645 4.2340817451477095 17.709393310546876
v -0.38637033104896457 3.93639707565308 17.88321523666382
v -0.3863703310489646 3.631589651107792 18.04422025680542
v -0.38637033104896473 3.3202097415924112 18.192114639282227
v -0.3863703310489648 3.002822160720829 18.326633739471436
v -0.38637033104896484 2.6800012588501017 18.44753293991089
v -0.38637033104896495 2.352329969406132 18.554592418670655
v -0.386370331048965 2.020401954650883 18.64761953353882
v -0.38637033104896507 1.6848180294036907 18.726445960998536
v -0.3863703310489652 1.3461854457855267 18.790929126739503
v -0.38637033104896523 1.0051165819168133 18.8409517288208
v -0.3863703310489653 0.6622289419174238 18.876422691345216
v -0.3863703310489654 0.31814295053482483 18.897280502319337
v -0.38637033104896545 -0.026518741622562892 18.90348415374756
v -0.3863703310489655 -0.37113222479819824 18.89502410888672
v -0.3863703310489656 -0.7150744795799212 18.87191562652588
v -0.3863703310489657 -1.0577225685119587 18.83420066833496
v -0.3863703310489658 -1.3984564542770344 18.78194694519043
v -0.38637033104896584 -1.7366600036621052 18.71524934768677
v -0.3863703310489659 -2.071721076965328 18.634228515625
v -0.386370331048966 -2.4030330181121786 18.539030361175538
v -0.38637033104896606 -2.7299962043762167 18.429828453063966
v -0.3863703310489661 -3.0520193576812704 18.306819248199464
v -0.3863703310489662 -3.3685200214385946 18.17022590637207
v -0.3863703310489663 -3.678924560546871 18.020295906066895
v -0.3464101552963265 -3.7227220535278316 3.4937465667724625
v -0.34641015529632646 -3.40862226486206 3.342030811309816
v -0.34641015529632635 -3.088353872299194 3.203811454772951
v -0.3464101552963263 -2.762496471405029 3.0793388366699235
v -0.34641015529632624 -2.4316411018371578 2.968836116790773
v -0.3464101552963261 -2.096384763717651 2.8725054740905778
v -0.34641015529632607 -1.757334947586059 2.790519523620606
v -0.346410155296326 -1.4151051044464105 2.723027992248536
v -0.3464101552963259 -1.0703146457672112 2.6701524734497077
v -0.34641015529632585 -0.7235875725746147 2.631987380981446
v -0.3464101552963258 -0.37555062770843445 2.608604240417481
v -0.3464101552963257 -0.026834519580005947 2.6000440597534187
v -0.34641015529632563 0.3219306766986853 2.606322097778321
v -0.3464101552963255 0.6701127886772164 2.6274269104003913
v -0.34641015529632546 1.0170824527740485 2.6633213043212898
v -0.3464101552963254 1.3622115850448615 2.7139394760131843
v -0.3464101552963253 1.704875826835633 2.7791898727417
v -0.34641015529632524 2.0444550514221196 2.8589542388916014
v -0.34641015529632513 2.380334377288819 2.9530895233154295
v -0.3464101552963251 2.711906433105469 3.061423587799072
v -0.346410155296325 3.038570880889893 3.1837618827819822
v -0.34641015529632496 3.3597369194030766 3.319881725311279
v -0.34641015529632485 3.6748232841491704 3.4695380210876463
v -0.3464101552963248 3.9832599163055424 3.6324594497680662
v -0.34641015529632474 4.284488201141358 3.808350849151611
v -0.3464101552963247 4.577963829040528 3.9968936920166014
v -0.34641015529632463 4.863154411315919 4.197748470306396
v -0.3464101552963245 5.139545440673829 4.410549449920654
v -0.34641015529632446 5.406635761260987 4.634913730621338
v -0.3464101552963244 5.663942337036135 4.870433616638183
v -0.34641015529632435 5.910999774932863 5.116683292388916
v -0.3464101552963243 6.147360324859621 5.373217868804931
v -0.3464101552963243 6.372596740722658 5.63957290649414
v -0.34641015529632424 6.586301326751711 5.91526584625244
v -0.3464101552963242 6.788087844848635 6.1997979164123524
v -0.34641015529632413 6.977591037750246 6.492654609680175
v -0.3464101552963241 7.15446710586548 6.793305683135985
v -0.3464101552963241 7.318396568298342 7.1012075424194325
v -0.346410155296324 7.469083309173586 7.415802288055419
v -0.346410155296324 7.606253623962404 7.736521530151366
v -0.34641015529632396 7.729660034179689 8.062784004211425
v -0.34641015529632396 7.839078903198244 8.393999624252318
v -0.3464101552963239 7.934312820434572 8.729569005966185
v -0.3464101552963239 8.015188217163088 9.068885254859923
v -0.3464101552963239 8.08155918121338 9.411334085464476
v -0.34641015529632385 8.1333065032959 9.75629572868347
v -0.34641015529632385 8.170336723327638 10.103146004676818
v -0.34641015529632385 8.192581176757814 10.451257514953612
v -0.34641015529632385 8.199999809265138 10.799999990058465
v -0.34641015529632385 8.192580223083498 11.148742514848708
v -0.34641015529632385 8.170336723327638 11.496853756904601
v -0.34641015529632385 8.1333065032959 11.843704032897948
v -0.3464101552963239 8.08155918121338 12.18866627216339
v -0.3464101552963239 8.015188217163088 12.531114864349364
v -0.3464101552963239 7.934312343597416 12.870430994033812
v -0.34641015529632396 7.839078903198246 13.20600037574768
v -0.34641015529632396 7.729660034179691 13.537216472625731
v -0.346410155296324 7.606254100799564 13.863478469848632
v -0.346410155296324 7.4690833091735875 14.184197711944579
v -0.3464101552963241 7.318397045135502 14.498792695999144
v -0.3464101552963241 7.154467105865482 14.806694316864013
v -0.34641015529632413 6.977591037750248 15.107345390319823
v -0.3464101552963242 6.788088321685795 15.400202083587645
v -0.34641015529632424 6.586301803588871 15.684734630584716
v -0.3464101552963243 6.37259674072266 15.960427093505858
v -0.3464101552963243 6.147360324859623 16.226781654357907
v -0.34641015529632435 5.910999298095707 16.483316230773926
v -0.3464101552963244 5.663942337036136 16.729566383361817
v -0.34641015529632446 5.406635761260991 16.965086269378663
v -0.3464101552963245 5.139545440673833 17.189450073242188
v -0.34641015529632463 4.863154411315922 17.402251529693604
v -0.3464101552963247 4.577963829040532 17.6031063079834
v -0.34641015529632474 4.284488201141362 17.79164915084839
v -0.3464101552963248 3.983259916305546 17.967541027069093
v -0.34641015529632485 3.674823284149174 18.130461978912354
v -0.34641015529632496 3.35973691940308 18.280117797851563
v -0.346410155296325 3.0385711193084757 18.416238594055176
v -0.3464101552963251 2.7119064331054727 18.53857641220093
v -0.34641015529632513 2.3803343772888224 18.64691095352173
v -0.34641015529632524 2.044455051422123 18.7410457611084
v -0.3464101552963253 1.704875946044926 18.8208101272583
v -0.3464101552963254 1.362211585044865 18.886060523986817
v -0.34641015529632546 1.017082452774052 18.93667869567871
v -0.3464101552963255 0.6701126694679304 18.97257308959961
v -0.34641015529632563 0.32193046808243225 18.99367790222168
v -0.3464101552963257 -0.0268345270305829 18.999955940246583
v -0.3464101552963258 -0.37555071711539795 18.99139575958252
v -0.34641015529632585 -0.7235874533653216 18.96801166534424
v -0.3464101552963259 -1.0703147649764972 18.92984848022461
v -0.346410155296326 -1.415105342864986 18.876972007751466
v -0.34641015529632607 -1.7573351860046345 18.809480476379395
v -0.3464101552963261 -2.0963850021362265 18.727494525909425
v -0.34641015529632624 -2.431641101837154 18.63116340637207
v -0.3464101552963263 -2.7624964714050253 18.52066116333008
v -0.34641015529632635 -3.088353395462032 18.396188068389893
v -0.34641015529632646 -3.4086217880248983 18.257968711853028
v -0.3464101552963265 -3.722722053527828 18.10625343322754
v -0.28284272551536643 -3.7603318691253658 3.419933128356935
v -0.2828427255153664 -3.4430584907531734 3.266684818267824
v -0.28284272551536627 -3.11955451965332 3.127069759368898
v -0.2828427255153662 -2.7904057502746578 3.0013382911682145
v -0.28284272551536616 -2.4562072753906246 2.889719772338869
v -0.28284272551536604 -2.117563962936401 2.792415428161622
v -0.282842725515366 -1.7750890254974359 2.7096021652221687
v -0.28284272551536593 -1.4294016361236566 2.641428756713868
v -0.2828427255153658 -1.0811278820037835 2.588018226623536
v -0.28284272551536577 -0.7308978438377374 2.549467849731446
v -0.2828427255153657 -0.3793448209762567 2.5258481979370124
v -0.2828427255153656 -0.027105571702122067 2.517201232910157
v -0.28284272551536555 0.32518306374549927 2.5235431671142585
v -0.28284272551536543 0.6768829226493842 2.544861602783204
v -0.2828427255153654 1.0273580551147468 2.5811183929443366
v -0.28284272551536527 1.3759737014770514 2.632247734069825
v -0.2828427255153652 1.722099661827088 2.6981571197509773
v -0.28284272551536516 2.065109729766846 2.7787282943725593
v -0.28284272551536505 2.404382228851319 2.8738139152526854
v -0.282842725515365 2.739304065704346 2.9832427978515623
v -0.28284272551536493 3.069268941879273 3.106817054748535
v -0.2828427255153648 3.3936796188354497 3.2443116188049315
v -0.28284272551536477 3.7119495868682866 3.3954799652099608
v -0.2828427255153647 4.023501873016358 3.5600469589233397
v -0.28284272551536466 4.327773571014405 3.7377155303955076
v -0.2828427255153646 4.624213695526124 3.9281638145446776
v -0.2828427255153645 4.912285804748536 4.131047058105469
v -0.28284272551536443 5.1914687156677255 4.3459985733032225
v -0.2828427255153644 5.461257457733155 4.5726292610168455
v -0.2828427255153643 5.721163749694826 4.810528564453125
v -0.28284272551536427 5.97071695327759 5.059266376495361
v -0.2828427255153642 6.209465503692629 5.318393039703368
v -0.28284272551536416 6.436977863311769 5.587438392639159
v -0.2828427255153641 6.652841567993166 5.865916538238524
v -0.2828427255153641 6.856666564941408 6.153323459625243
v -0.28284272551536405 7.048083782196047 6.4491384506225575
v -0.282842725515364 7.226747035980226 6.752826976776122
v -0.28284272551536394 7.392333507537844 7.063839244842528
v -0.28284272551536394 7.544542312622072 7.3816123485565175
v -0.2828427255153639 7.6830978393554705 7.705571699142455
v -0.2828427255153639 7.807751178741457 8.035130310058593
v -0.2828427255153638 7.918275833129885 8.369692134857177
v -0.2828427255153638 8.01447105407715 8.708652067184447
v -0.2828427255153638 8.096163749694826 9.051395940780639
v -0.28284272551536377 8.163206100463869 9.397304821014403
v -0.28284272551536377 8.21547603607178 9.745751667022704
v -0.28284272551536377 8.252879142761232 10.096105980873107
v -0.28284272551536377 8.27534866333008 10.447734284400939
v -0.28284272551536377 8.2828426361084 10.799999981335631
v -0.28284272551536377 8.27534866333008 11.152265805006026
v -0.28284272551536377 8.252879142761232 11.503893840312957
v -0.28284272551536377 8.21547603607178 11.854248452186583
v -0.28284272551536377 8.163206100463869 12.202695417404174
v -0.2828427255153638 8.096163749694826 12.54860370159149
v -0.2828427255153638 8.01447105407715 12.89134793281555
v -0.2828427255153638 7.918275833129886 13.230307865142821
v -0.2828427255153639 7.807751655578617 13.564869928359984
v -0.2828427255153639 7.683097839355472 13.894428300857543
v -0.28284272551536394 7.544541835784916 14.218387413024901
v -0.28284272551536394 7.392333030700687 14.53616051673889
v -0.282842725515364 7.226747035980228 14.847173023223876
v -0.28284272551536405 7.0480837821960485 15.15086154937744
v -0.2828427255153641 6.85666656494141 15.446677017211913
v -0.2828427255153641 6.652841567993168 15.734083461761474
v -0.28284272551536416 6.436977863311771 16.012562084197995
v -0.2828427255153642 6.2094655036926305 16.281607437133786
v -0.28284272551536427 5.970716953277591 16.54073362350464
v -0.2828427255153643 5.721163749694828 16.789471435546876
v -0.2828427255153644 5.461257934570317 17.027371215820313
v -0.28284272551536443 5.191469192504887 17.254001426696778
v -0.2828427255153645 4.91228580474854 17.468952941894532
v -0.2828427255153646 4.624213218688969 17.671835708618165
v -0.28284272551536466 4.327773571014409 17.86228494644165
v -0.2828427255153647 4.023501396179204 18.039952564239503
v -0.28284272551536477 3.711949348449711 18.20452003479004
v -0.2828427255153648 3.393679618835453 18.35568790435791
v -0.28284272551536493 3.0692689418792765 18.493183422088624
v -0.282842725515365 2.7393040657043497 18.616757202148438
v -0.28284272551536505 2.4043824672699015 18.726186561584473
v -0.28284272551536516 2.0651097297668497 18.82127265930176
v -0.2828427255153652 1.7220997810363812 18.901841926574708
v -0.28284272551536527 1.375973701477055 18.967752265930176
v -0.2828427255153654 1.0273576974868817 19.018881607055665
v -0.28284272551536543 0.6768826842308089 19.055138397216798
v -0.28284272551536555 0.32518276572227905 19.076456832885743
v -0.2828427255153656 -0.02710556797682809 19.082797813415528
v -0.2828427255153657 -0.3793447613716083 19.074150848388673
v -0.28284272551536577 -0.7308979034423784 19.050532150268555
v -0.2828427255153658 -1.081128120422359 19.011981773376466
v -0.28284272551536593 -1.429401874542232 18.958571243286134
v -0.282842725515366 -1.7750892639160114 18.890397834777833
v -0.28284272551536604 -2.1175639629363974 18.80758457183838
v -0.28284272551536616 -2.4562075138092 18.710280227661134
v -0.2828427255153662 -2.790405750274654 18.59866123199463
v -0.28284272551536627 -3.1195545196533163 18.472930240631104
v -0.2828427255153664 -3.443058729171749 18.33331470489502
v -0.28284272551536643 -3.7603321075439413 18.180066871643067
v -0.20000000298023307 -3.789190769195556 3.363294410705568
v -0.20000000298023302 -3.4694826602935787 3.2088697433471696
v -0.20000000298023293 -3.1434957981109615 3.0681832313537614
v -0.20000000298023285 -2.8118209838867183 2.941487121582033
v -0.2000000029802328 -2.4750576019287105 2.8290122032165543
v -0.2000000029802327 -2.13381552696228 2.730960655212403
v -0.20000000298023263 -1.7887122631072991 2.647511291503907
v -0.20000000298023257 -1.4403718709945672 2.578814315795899
v -0.2000000029802325 -1.089425086975097 2.524994659423829
v -0.2000000029802324 -0.7365068793296808 2.486148643493653
v -0.20000000298023232 -0.38225629925727783 2.4623477935791023
v -0.20000000298023224 -0.027313465252518064 2.4536340713500984
v -0.20000000298023216 0.32767853140831055 2.4600246429443366
v -0.2000000029802321 0.6820775270462042 2.4815061569213874
v -0.20000000298023202 1.0352424383163459 2.518041419982911
v -0.20000000298023193 1.3865337371826179 2.5695636749267585
v -0.20000000298023185 1.7353163957595832 2.635978507995606
v -0.20000000298023177 2.0809583663940434 2.7171676635742195
v -0.2000000029802317 2.4228351116180424 2.8129837989807127
v -0.20000000298023163 2.7603271007537846 2.9232523918151854
v -0.20000000298023154 3.092824220657349 3.047774600982666
v -0.2000000029802315 3.4197249412536626 3.1863253593444822
v -0.2000000029802314 3.7404370307922368 3.3386533737182615
v -0.20000000298023135 4.054380416870118 3.5044830322265623
v -0.20000000298023127 4.360987663269044 3.6835153579711912
v -0.2000000029802312 4.65970277786255 3.875425624847412
v -0.20000000298023113 4.9499855041503915 4.079865741729736
v -0.20000000298023107 5.231311321258546 4.296467113494873
v -0.20000000298023102 5.5031704902648935 4.5248363494873045
v -0.20000000298023096 5.765071392059327 4.764561939239502
v -0.2000000029802309 6.016540050506594 5.015208530426024
v -0.20000000298023085 6.257121086120607 5.276323604583739
v -0.2000000029802308 6.4863791465759295 5.54743366241455
v -0.20000000298023074 6.703899383544924 5.82804946899414
v -0.2000000029802307 6.90928888320923 6.117661762237548
v -0.20000000298023066 7.102175712585451 6.4157474517822255
v -0.20000000298023063 7.2822093963623065 6.721766757965087
v -0.20000000298023057 7.449066638946535 7.0351655960083
v -0.20000000298023055 7.602443218231203 7.355377721786498
v -0.20000000298023052 7.742063045501711 7.6818230628967274
v -0.2000000029802305 7.867672443389894 8.013911056518554
v -0.20000000298023046 7.9790453910827654 8.351040649414061
v -0.20000000298023043 8.075979232788088 8.69260172843933
v -0.20000000298023043 8.158298492431642 9.037976312637328
v -0.2000000029802304 8.225854873657228 9.38653950691223
v -0.2000000029802304 8.278526306152346 9.737660694122313
v -0.20000000298023038 8.316217422485353 10.090703892707824
v -0.20000000298023038 8.338858604431154 10.445030885934829
v -0.20000000298023038 8.346410751342775 10.80000000580089
v -0.20000000298023038 8.338858604431154 11.154969054460524
v -0.20000000298023038 8.316216468811037 11.50929604768753
v -0.2000000029802304 8.278526306152346 11.862339425086974
v -0.2000000029802304 8.225854873657228 12.213460493087767
v -0.20000000298023043 8.158298492431642 12.56202356815338
v -0.20000000298023043 8.075979232788088 12.907398033142089
v -0.20000000298023046 7.979044914245609 13.248959589004516
v -0.2000000029802305 7.867672920227054 13.586088943481444
v -0.20000000298023052 7.7420630455017125 13.91817693710327
v -0.20000000298023055 7.602443218231205 14.244622516632079
v -0.20000000298023057 7.4490661621093786 14.564834165573119
v -0.20000000298023063 7.282209873199466 14.878233242034911
v -0.20000000298023066 7.102175235748295 15.184252548217772
v -0.2000000029802307 6.909288883209232 15.48233823776245
v -0.20000000298023074 6.703899860382084 15.771951007843017
v -0.2000000029802308 6.486379146575931 16.052565860748288
v -0.20000000298023085 6.257121086120609 16.323676395416257
v -0.2000000029802309 6.016540050506595 16.58479146957397
v -0.20000000298023096 5.765071392059331 16.835438537597657
v -0.20000000298023102 5.503170490264897 17.075163173675538
v -0.20000000298023107 5.231311321258549 17.303532886505128
v -0.20000000298023113 4.949985504150395 17.520134258270264
v -0.2000000029802312 4.659702777862553 17.724574851989747
v -0.20000000298023127 4.360987186431889 17.91648416519165
v -0.20000000298023135 4.05438089370728 18.095516967773438
v -0.2000000029802314 3.7404370307922403 18.26134662628174
v -0.2000000029802315 3.419724702835087 18.41367464065552
v -0.20000000298023154 3.0928244590759317 18.552225875854493
v -0.20000000298023163 2.760327100753788 18.676747608184815
v -0.2000000029802317 2.422834873199467 18.787016677856446
v -0.20000000298023177 2.080958366394047 18.882831382751466
v -0.20000000298023185 1.735316038131718 18.96402053833008
v -0.20000000298023193 1.3865337371826214 19.030436325073243
v -0.20000000298023202 1.0352424383163494 19.08195858001709
v -0.2000000029802321 0.6820776462554975 19.118492889404298
v -0.20000000298023216 0.3276785016059918 19.139975357055665
v -0.20000000298023224 -0.027313519269223686 19.146364974975587
v -0.20000000298023232 -0.3822564184665637 19.1376522064209
v -0.2000000029802324 -0.7365071177482562 19.11385135650635
v -0.2000000029802325 -1.0894253253936725 19.075005340576173
v -0.20000000298023257 -1.4403719902038532 19.021185684204102
v -0.20000000298023263 -1.788712143898006 18.952488708496094
v -0.2000000029802327 -2.1338155269622763 18.8690393447876
v -0.2000000029802328 -2.475057363510128 18.770988273620606
v -0.20000000298023285 -2.8118209838867148 18.65851287841797
v -0.20000000298023293 -3.143496036529537 18.5318172454834
v -0.20000000298023302 -3.469482660293575 18.391129779815675
v -0.20000000298023307 -3.7891907691955526 18.236705589294434
v -0.1035276204347619 -3.8073325157165523 3.3276889801025407
v -0.10352762043476182 -3.4860935211181636 3.172526168823244
v -0.10352762043476176 -3.1585459709167476 3.0311654090881364
v -0.10352762043476167 -2.82528281211853 2.9038632392883317
v -0.1035276204347616 -2.4869072437286373 2.7908494949340827
v -0.10352762043476152 -2.1440315246582027 2.6923282623291023
v -0.10352762043476145 -1.797275781631469 2.6084802627563484
v -0.10352762043476137 -1.4472678899765008 2.5394542694091804
v -0.1035276204347613 -1.0946409702301019 2.485376167297364
v -0.10352762043476121 -0.7400332093238825 2.446344184875489
v -0.10352762043476113 -0.3840862214565272 2.422429847717286
v -0.10352762043476105 -0.027444297447800078 2.41367416381836
v -0.10352762043476098 0.3292473554611211 2.4200952529907234
v -0.1035276204347609 0.6853429675102239 2.441679763793946
v -0.10352762043476081 1.0401988029479987 2.478389549255372
v -0.10352762043476074 1.3931723833084113 2.5301588058471687
v -0.10352762043476066 1.7436244487762458 2.596892166137696
v -0.10352762043476059 2.0909214019775395 2.6784694671630866
v -0.1035276204347605 2.4344346523284917 2.774743843078614
v -0.10352762043476044 2.7735426425933842 2.885540771484375
v -0.10352762043476035 3.107632160186768 3.010659027099609
v -0.10352762043476028 3.436097621917725 3.149873065948486
v -0.10352762043476021 3.7583451271057133 3.3029306411743162
v -0.10352762043476015 4.073791503906251 3.4695547103881834
v -0.10352762043476008 4.381866455078126 3.6494439125061033
v -0.10352762043476 4.682012081146241 3.8422725677490233
v -0.10352762043475994 4.973684787750245 4.0476916313171385
v -0.10352762043475988 5.256357669830323 4.265329647064209
v -0.10352762043475983 5.529518127441407 4.494792747497558
v -0.10352762043475976 5.792672634124757 4.735666084289551
v -0.1035276204347597 6.045345306396486 4.987512397766112
v -0.10352762043475965 6.287078380584719 5.249877738952636
v -0.1035276204347596 6.517433643341066 5.522286224365233
v -0.10352762043475955 6.735995769500734 5.804245281219481
v -0.1035276204347595 6.942368984222414 6.095244216918944
v -0.10352762043475947 7.136178493499758 6.394756603240966
v -0.10352762043475942 7.317074775695803 6.702241230010985
v -0.10352762043475938 7.484730243682863 7.017140674591063
v -0.10352762043475935 7.638841152191164 7.338886070251464
v -0.10352762043475933 7.779129981994631 7.666894006729125
v -0.1035276204347593 7.905340671539308 8.00057201385498
v -0.10352762043475927 8.017246246337892 8.339315938949584
v -0.10352762043475924 8.114645004272463 8.682512092590331
v -0.10352762043475923 8.197358131408693 9.029540109634398
v -0.10352762043475922 8.26523780822754 9.37977259159088
v -0.1035276204347592 8.31816101074219 9.73257439136505
v -0.10352762043475919 8.356032371520998 10.087308156490325
v -0.10352762043475919 8.378782272338869 10.44333140850067
v -0.10352762043475919 8.386370658874513 10.800000113604925
v -0.10352762043475919 8.378782272338869 11.156668651103972
v -0.10352762043475919 8.356032371520998 11.512692022323607
v -0.1035276204347592 8.318161964416506 11.867425489425658
v -0.10352762043475922 8.26523780822754 12.220227766036986
v -0.10352762043475923 8.197358131408693 12.570459413528441
v -0.10352762043475924 8.114644050598146 12.917487668991088
v -0.10352762043475927 8.017246246337892 13.260684537887572
v -0.1035276204347593 7.90534067153931 13.599427986145018
v -0.10352762043475933 7.779129505157474 13.933105754852294
v -0.10352762043475935 7.638841629028324 14.261113929748534
v -0.10352762043475938 7.484730243682865 14.582859086990355
v -0.10352762043475942 7.317074775695804 14.897758293151854
v -0.10352762043475947 7.136178016662601 15.205242919921874
v -0.1035276204347595 6.9423685073852575 15.504755783081054
v -0.10352762043475955 6.735995769500736 15.795755195617675
v -0.1035276204347596 6.517434120178226 16.077713775634763
v -0.10352762043475965 6.287077903747562 16.35012226104736
v -0.1035276204347597 6.045345306396488 16.612487125396726
v -0.10352762043475976 5.79267263412476 16.86433391571045
v -0.10352762043475983 5.529518127441411 17.105206775665284
v -0.10352762043475988 5.2563571929931685 17.334669876098634
v -0.10352762043475994 4.973684787750249 17.55230884552002
v -0.10352762043476 4.6820116043090865 17.757727432250977
v -0.10352762043476008 4.381866455078129 17.95055561065674
v -0.10352762043476015 4.073791980743413 18.130445766448975
v -0.10352762043476021 3.758344888687138 18.297069358825684
v -0.10352762043476028 3.4360973834991495 18.450126934051514
v -0.10352762043476035 3.1076316833496134 18.589340496063233
v -0.10352762043476044 2.773542881011967 18.714459228515626
v -0.1035276204347605 2.4344348907470743 18.825256156921387
v -0.10352762043476059 2.090921163558964 18.9215295791626
v -0.10352762043476066 1.7436245679855389 19.003107833862305
v -0.10352762043476074 1.3931722640991253 19.06984214782715
v -0.10352762043476081 1.0401990413665814 19.12161045074463
v -0.1035276204347609 0.685343146324162 19.158320236206055
v -0.10352762043476098 0.3292472958564801 19.179904747009278
v -0.10352762043476105 -0.02744434960186053 19.18632583618164
v -0.10352762043476113 -0.384086340665813 19.177570152282716
v -0.10352762043476121 -0.7400332689285235 19.153655815124512
v -0.1035276204347613 -1.0946409702300983 19.114623832702637
v -0.10352762043476137 -1.4472681283950763 19.06054573059082
v -0.10352762043476145 -1.7972761392593342 18.99152069091797
v -0.10352762043476152 -2.144031524658199 18.907670783996583
v -0.1035276204347616 -2.486907482147213 18.809151458740235
v -0.10352762043476167 -2.8252830505371054 18.69613723754883
v -0.10352762043476176 -3.158546209335323 18.568834590911866
v -0.10352762043476182 -3.486093282699581 18.42747383117676
v -0.1035276204347619 -3.8073325157165487 18.272310543060303
v -9.447432733003225e-16 -3.813519954681396 3.3155453681945817
v -8.732980029631128e-16 -3.491759061813354 3.160129833221437
v -8.004496754883355e-16 -3.1636793613433833 3.018539237976076
v -7.263301633179664e-16 -2.829874753952026 2.8910296440124528
v -6.510736152950268e-16 -2.490949392318725 2.7778318405151374
v -5.748161390262286e-16 -2.147516250610351 2.679151344299317
v -4.97695747942415e-16 -1.8001968860626214 2.595166969299317
v -4.1985204366120556e-16 -1.4496200084686273 2.526028442382813
v -3.4142587187986073e-16 -1.0964199304580682 2.4718626022338874
v -2.6255920326127426e-16 -0.7412360310554499 2.4327676773071296
v -1.833946437430503e-16 -0.38471055030822704 2.408814239501954
v -1.0407550484785548e-16 -0.027488905936479038 2.4000452041625984
v -2.474537272231984e-17 0.32978224754333546 2.4064758300781257
v 5.445235342974505e-17 0.6864570975303655 2.4280956268310554
v 1.3337421153880106e-16 1.0418895483016974 2.4648654937744148
v 2.1187738390900722e-16 1.3954364061355597 2.516717720031739
v 2.8981984693791064e-16 1.7464580535888679 2.5835597991943366
v 3.670606755189119e-16 2.094319820404053 2.665270614624024
v 4.4345987098769757e-16 2.438391208648682 2.761701393127442
v 5.188793669738653e-16 2.7780504226684575 2.8726776123046873
v 5.931825794146702e-16 3.1126823425292973 2.9979994773864744
v 6.662351477088541e-16 3.441681861877442 3.137440013885498
v 7.379047758979678e-16 3.7644531726837163 3.2907460212707518
v 8.080618150015221e-16 4.080412387847901 3.4576414108276365
v 8.765793688961066e-16 4.38898801803589 3.6378224372863768
v 9.433334001945075e-16 4.689621448516847 3.8309648513793944
v 1.0082029949435045e-15 4.981768131256104 4.036717700958252
v 1.0710709449590211e-15 5.264900207519532 4.254709529876709
v 1.1318233243096518e-15 5.538504600524903 4.484545516967773
v 1.1903503363496085e-15 5.802086830139161 4.72581033706665
v 1.2465461019604846e-15 6.055170059204103 4.978066253662108
v 1.3003087654303728e-15 6.297295570373537 5.240857887268065
v 1.3515413414868123e-15 6.528026580810549 5.513708400726317
v 1.4001505506264869e-15 6.7469429969787615 5.796126174926757
v 1.4460490425767109e-15 6.953651428222658 6.087597656249999
v 1.4891534904712982e-15 7.147776603698732 6.387597370147704
v 1.5293857555208645e-15 7.32896661758423 6.695581245422362
v 1.5666732046501829e-15 7.496894359588625 7.01099305152893
v 1.6009483928608281e-15 7.6512560844421404 7.3332608222961415
v 1.6321493808685323e-15 7.791772842407228 7.661802101135253
v 1.6602192057075926e-15 7.918188095092775 7.996022510528563
v 1.6851077865550025e-15 8.030276298522951 8.335316467285155
v 1.7067695953898472e-15 8.127832412719728 8.679070997238158
v 1.725165456938316e-15 8.210680007934572 9.02666311264038
v 1.7402623369154663e-15 8.278670310974123 9.377464222908019
v 1.7520329185087488e-15 8.331680297851564 9.730839419364928
v 1.7604556023780088e-15 8.369612693786623 10.08614968061447
v 1.7655153536884324e-15 8.392399787902834 10.44275163412094
v 1.7672028550775997e-15 8.399999618530275 10.800000073604851
v 1.7655153536884324e-15 8.392399787902834 11.157248336076735
v 1.7604556023780088e-15 8.369612693786623 11.513850319385527
v 1.7520329185087488e-15 8.331680297851564 11.86916046142578
v 1.740262548673703e-15 8.27867126464844 12.222535777091979
v 1.725165456938316e-15 8.210680007934572 12.573337006568908
v 1.7067695953898472e-15 8.127832412719728 12.920929241180419
v 1.6851077865550025e-15 8.030276298522951 13.264683532714843
v 1.660219311586711e-15 7.918188571929935 13.603977727890014
v 1.632149274989414e-15 7.791772365570072 13.938197660446166
v 1.6009483928608281e-15 7.651256084442142 14.266739177703856
v 1.5666732046501829e-15 7.496894359588627 14.589006948471068
v 1.5293857555208645e-15 7.328966617584232 14.904418754577636
v 1.4891533845921797e-15 7.147776126861576 15.212402629852294
v 1.4460490425767109e-15 6.95365142822266 15.512402343749999
v 1.4001505506264869e-15 6.746942996978763 15.803873825073241
v 1.351541235607694e-15 6.528026103973392 16.08629112243652
v 1.3003088713094912e-15 6.297296047210697 16.35914258956909
v 1.2465461019604846e-15 6.055170059204105 16.621933746337888
v 1.1903503363496085e-15 5.802086830139165 16.87418966293335
v 1.1318234301887702e-15 5.538505077362065 17.115454483032227
v 1.0710708390799027e-15 5.2648997306823775 17.345289993286134
v 1.0082029949435045e-15 4.981768131256108 17.56328182220459
v 9.433332943153891e-16 4.689620971679692 17.769035148620606
v 8.765793688961066e-16 4.388988018035893 17.962177085876466
v 8.080618150015221e-16 4.080412387847905 18.142358589172364
v 7.37904828837527e-16 3.764453411102299 18.30925397872925
v 6.662351477088541e-16 3.4416818618774454 18.46256046295166
v 5.931826323542294e-16 3.11268258094788 18.602000045776368
v 5.188793669738653e-16 2.778050422668461 18.727321910858155
v 4.4345987098769757e-16 2.4383912086486856 18.83829860687256
v 3.670606225793527e-16 2.0943195819854776 18.934729385375977
v 2.8981992634724945e-16 1.74645841121674 19.016440200805665
v 2.1187741037878682e-16 1.3954365253448529 19.083282279968262
v 1.3337421153880106e-16 1.041889548301701 19.135134506225587
v 5.445235342974505e-17 0.6864570975303693 19.171904373168946
v -2.4745313165315736e-17 0.3297825157642407 19.193524169921876
v -1.0407554703406672e-16 -0.027489095926280526 19.199954795837403
v -1.833946106558258e-16 -0.3847104012966113 19.191185760498048
v -2.6255919002638446e-16 -0.7412359714508013 19.167231369018555
v -3.4142592481941993e-16 -1.0964201688766437 19.128136444091798
v -4.1985207013098516e-16 -1.4496201276779133 19.073971557617188
v -4.97695747942415e-16 -1.8001968860626179 19.004833984375
v -5.748160860866694e-16 -2.1475160121917685 18.920848655700684
v -6.510735623554676e-16 -2.4909491539001425 18.822167205810548
v -7.263302162575256e-16 -2.8298749923706015 18.70896987915039
v -8.004496754883355e-16 -3.16367936134338 18.581460762023926
v -8.73298055902672e-16 -3.4917593002319296 18.439870166778565
v -9.44743379179441e-16 -3.8135204315185507 18.28445463180542
f 610 513 611
f 513 514 611
f 611 514 612
f 514 515 612
f 612 515 613
f 515 516 613
f 613 516 614
f 516 517 614
f 614 517 615
f 517 518 615
f 615 518 616
f 518 519 616
f 616 519 617
f 519 520 617
f 617 520 618
f 520 521 618
f 618 521 619
f 521 522 619
f 619 522 620
f 522 523 620
f 620 523 621
f 523 524 621
f 621 524 622
f 524 525 622
f 622 525 623
f 525 526 623
f 623 526 624
f 526 527 624
f 624 527 625
f 527 528 625
f 625 528 626
f 528 529 626
f 626 529 627
f 529 530 627
f 627 530 628
f 530 531 628
f 628 531 629
f 531 532 629
f 629 532 630
f 532 533 630
f 630 533 631
f 533 534 631
f 631 534 632
f 534 535 632
f 632 535 633
f 535 536 633
f 633 536 634
f 536 537 634
f 634 537 635
f 537 538 635
f 635 538 636
f 538 539 636
f 636 539 637
f 539 540 637
f 637 540 638
f 540 541 638
f 638 541 639
f 541 542 639
f 639 542 640
f 542 543 640
f 640 543 641
f 543 544 641
f 641 544 642
f 544 545 642
f 642 545 643
f 545 546 643
f 643 546 644
f 546 547 644
f 644 547 645
f 547 548 645
f 645 548 646
f 548 549 646
f 646 549 647
f 549 550 647
f 647 550 648
f 550 551 648
f 648 551 649
f 551 552 649
f 649 552 650
f 552 553 650
f 650 553 651
f 553 554 651
f 651 554 652
f 554 555 652
f 652 555 653
f 555 556 653
f 653 556 654
f 556 557 654
f 654 557 655
f 557 558 655
f 655 558 656
f 558 559 656
f 656 559 657
f 559 560 657
f 657 560 658
f 560 561 658
f 658 561 659
f 561 562 659
f 659 562 660
f 562 563 660
f 660 563 661
f 563 564 661
f 661 564 662
f 564 565 662
f 662 565 663
f 565 566 663
f 663 566 664
f 566 567 664
f 664 567 665
f 567 568 665
f 665 568 666
f 568 569 666
f 666 569 667
f 569 570 667
f 667 570 668
f 570 571 668
f 668 571 669
f 571 572 669
f 669 572 670
f 572 573 670
f 670 573 671
f 573 574 671
f 671 574 672
f 574 575 672
f 672 575 673
f 575 576 673
f 673 576 674
f 576 577 674
f 674 577 675
f 577 578 675
f 675 578 676
f 578 579 676
f 676 579 677
f 579 580 677
f 677 580 678
f 580 581 678
f 678 581 679
f 581 582 679
f 679 582 680
f 582 583 680
f 680 583 681
f 583 584 681
f 681 584 682
f 584 585 682
f 682 585 683
f 585 586 683
f 683 586 684
f 586 587 684
f 684 587 685
f 587 588 685
f 685 588 686
f 588 589 686
f 686 589 687
f 589 590 687
f 687 590 688
f 590 591 688
f 688 591 689
f 591 592 689
f 689 592 690
f 592 593 690
f 690 593 691
f 593 594 691
f 691 594 692
f 594 595 692
f 692 595 693
f 595 596 693
f 693 596 694
f 596 597 694
f 694 597 695
f 597 598 695
f 695 598 696
f 598 599 696
f 696 599 697
f 599 600 697
f 697 600 698
f 600 601 698
f 698 601 699
f 601 602 699
f 699 602 700
f 602 603 700
f 700 603 701
f 603 604 701
f 701 604 702
f 604 605 702
f 702 605 703
f 605 606 703
f 703 606 704
f 606 607 704
f 704 607 705
f 607 608 705
f 705 608 706
f 608 609 706
f 707 610 708
f 610 611 708
f 708 611 709
f 611 612 709
f 709 612 710
f 612 613 710
f 710 613 711
f 613 614 711
f 711 614 712
f 614 615 712
f 712 615 713
f 615 616 713
f 713 616 714
f 616 617 714
f 714 617 715
f 617 618 715
f 715 618 716
f 618 619 716
f 716 619 717
f 619 620 717
f 717 620 718
f 620 621 718
f 718 621 719
f 621 622 719
f 719 622 720
f 622 623 720
f 720 623 721
f 623 624 721
f 721 624 722
f 624 625 722
f 722 625 723
f 625 626 723
f 723 626 724
f 626 627 724
f 724 627 725
f 627 628 725
f 725 628 726
f 628 629 726
f 726 629 727
f 629 630 727
f 727 630 728
f 630 631 728
f 728 631 729
f 631 632 729
f 729 632 730
f 632 633 730
f 730 633 731
f 633 634 731
f 731 634 732
f 634 635 732
f 732 635 733
f 635 636 733
f 733 636 734
f 636 637 734
f 734 637 735
f 637 638 735
f 735 638 736
f 638 639 736
f 736 639 737
f 639 640 737
f 737 640 738
f 640 641 738
f 738 641 739
f 641 642 739
f 739 642 740
f 642 643 740
f 740 643 741
f 643 644 741
f 741 644 742
f 644 645 742
f 742 645 743
f 645 646 743
f 743 646 744
f 646 647 744
f 744 647 745
f 647 648 745
f 745 648 746
f 648 649 746
f 746 649 747
f 649 650 747
f 747 650 748
f 650 651 748
f 748 651 749
f 651 652 749
f 749 652 750
f 652 653 750
f 750 653 751
f 653 654 751
f 751 654 752
f 654 655 752
f 752 655 753
f 655 656 753
f 753 656 754
f 656 657 754
f 754 657 755
f 657 658 755
f 755 658 756
f 658 659 756
f 756 659 757
f 659 660 757
f 757 660 758
f 660 661 758
f 758 661 759
f 661 662 759
f 759 662 760
f 662 663 760
f 760 663 761
f 663 664 761
f 761 664 762
f 664 665 762
f 762 665 763
f 665 666 763
f 763 666 764
f 666 667 764
f 764 667 765
f 667 668 765
f 765 668 766
f 668 669 766
f 766 669 767
f 669 670 767
f 767 670 768
f 670 671 768
f 768 671 769
f 671 672 769
f 769 672 770
f 672 673 770
f 770 673 771
f 673 674 771
f 771 674 772
f 674 675 772
f 772 675 773
f 675 676 773
f 773 676 774
f 676 677 774
f 774 677 775
f 677 678 775
f 775 678 776
f 678 679 776
f 776 679 777
f 679 680 777
f 777 680 778
f 680 681 778
f 778 681 779
f 681 682 779
f 779 682 780
f 682 683 780
f 780 683 781
f 683 684 781
f 781 684 782
f 684 685 782
f 782 685 783
f 685 686 783
f 783 686 784
f 686 687 784
f 784 687 785
f 687 688 785
f 785 688 786
f 688 689 786
f 786 689 787
f 689 690 787
f 787 690 788
f 690 691 788
f 788 691 789
f 691 692 789
f 789 692 790
f 692 693 790
f 790 693 791
f 693 694 791
f 791 694 792
f 694 695 792
f 792 695 793
f 695 696 793
f 793 696 794
f 696 697 794
f 794 697 795
f 697 698 795
f 795 698 796
f 698 699 796
f 796 699 797
f 699 700 797
f 797 700 798
f 700 701 798
f 798 701 799
f 701 702 799
f 799 702 800
f 702 703 800
f 800 703 801
f 703 704 801
f 801 704 802
f 704 705 802
f 802 705 803
f 705 706 803
f 804 707 805
f 707 708 805
f 805 708 806
f 708 709 806
f 806 709 807
f 709 710 807
f 807 710 808
f 710 711 808
f 808 711 809
f 711 712 809
f 809 712 810
f 712 713 810
f 810 713 811
f 713 714 811
f 811 714 812
f 714 715 812
f 812 715 813
f 715 716 813
f 813 716 814
f 716 717 814
f 814 717 815
f 717 718 815
f 815 718 816
f 718 719 816
f 816 719 817
f 719 720 817
f 817 720 818
f 720 721 818
f 818 721 819
f 721 722 819
f 819 722 820
f 722 723 820
f 820 723 821
f 723 724 821
f 821 724 822
f 724 725 822
f 822 725 823
f 725 726 823
f 823 726 824
f 726 727 824
f 824 727 825
f 727 728 825
f 825 728 826
f 728 729 826
f 826 729 827
f 729 730 827
f 827 730 828
f 730 731 828
f 828 731 829
f 731 732 829
f 829 732 830
f 732 733 830
f 830 733 831
f 733 734 831
f 831 734 832
f 734 735 832
f 832 735 833
f 735 736 833
f 833 736 834
f 736 737 834
f 834 737 835
f 737 738 835
f 835 738 836
f 738 739 836
f 836 739 837
f 739 740 837
f 837 740 838
f 740 741 838
f 838 741 839
f 741 742 839
f 839 742 840
f 742 743 840
f 840 743 841
f 743 744 841
f 841 744 842
f 744 745 842
f 842 745 843
f 745 746 843
f 843 746 844
f 746 747 844
f 844 747 845
f 747 748 845
f 845 748 846
f 748 749 846
f 846 749 847
f 749 750 847
f 847 750 848
f 750 751 848
f 848 751 849
f 751 752 849
f 849 752 850
f 752 753 850
f 850 753 851
f 753 754 851
f 851 754 852
f 754 755 852
f 852 755 853
f 755 756 853
f 853 756 854
f 756 757 854
f 854 757 855
f 757 758 855
f 855 758 856
f 758 759 856
f 856 759 857
f 759 760 857
f 857 760 858
f 760 761 858
f 858 761 859
f 761 762 859
f 859 762 860
f 762 763 860
f 860 763 861
f 763 764 861
f 861 764 862
f 764 765 862
f 862 765 863
f 765 766 863
f 863 766 864
f 766 767 864
f 864 767 865
f 767 768 865
f 865 768 866
f 768 769 866
f 866 769 867
f 769 770 867
f 867 770 868
f 770 771 868
f 868 771 869
f 771 772 869
f 869 772 870
f 772 773 870
f 870 773 871
f 773 774 871
f 871 774 872
f 774 775 872
f 872 775 873
f 775 776 873
f 873 776 874
f 776 777 874
f 874 777 875
f 777 778 875
f 875 778 876
f 778 779 876
f 876 779 877
f 779 780 877
f 877 780 878
f 780 781 878
f 878 781 879
f 781 782 879
f 879 782 880
f 782 783 880
f 880 783 881
f 783 784 881
f 881 784 882
f 784 785 882
f 882 785 883
f 785 786 883
f 883 786 884
f 786 787 884
f 884 787 885
f 787 788 885
f 885 788 886
f 788 789 886
f 886 789 887
f 789 790 887
f 887 790 888
f 790 791 888
f 888 791 889
f 791 792 889
f 889 792 890
f 792 793 890
f 890 793 891
f 793 794 891
f 891 794 892
f 794 795 892
f 892 795 893
f 795 796 893
f 893 796 894
f 796 797 894
f 894 797 895
f 797 798 895
f 895 798 896
f 798 799 896
f 896 799 897
f 799 800 897
f 897 800 898
f 800 801 898
f 898 801 899
f 801 802 899
f 899 802 900
f 802 803 900
f 901 804 902
f 804 805 902
f 902 805 903
f 805 806 903
f 903 806 904
f 806 807 904
f 904 807 905
f 807 808 905
f 905 808 906
f 808 809 906
f 906 809 907
f 809 810 907
f 907 810 908
f 810 811 908
f 908 811 909
f 811 812 909
f 909 812 910
f 812 813 910
f 910 813 911
f 813 814 911
f 911 814 912
f 814 815 912
f 912 815 913
f 815 816 913
f 913 816 914
f 816 817 914
f 914 817 915
f 817 818 915
f 915 818 916
f 818 819 916
f 916 819 917
f 819 820 917
f 917 820 918
f 820 821 918
f 918 821 919
f 821 822 919
f 919 822 920
f 822 823 920
f 920 823 921
f 823 824 921
f 921 824 922
f 824 825 922
f 922 825 923
f 825 826 923
f 923 826 924
f 826 827 924
f 924 827 925
f 827 828 925
f 925 828 926
f 828 829 926
f 926 829 927
f 829 830 927
f 927 830 928
f 830 831 928
f 928 831 929
f 831 832 929
f 929 832 930
f 832 833 930
f 930 833 931
f 833 834 931
f 931 834 932
f 834 835 932
f 932 835 933
f 835 836 933
f 933 836 934
f 836 837 934
f 934 837 935
f 837 838 935
f 935 838 936
f 838 839 936
f 936 839 937
f 839 840 937
f 937 840 938
f 840 841 938
f 938 841 939
f 841 842 939
f 939 842 940
f 842 843 940
f 940 843 941
f 843 844 941
f 941 844 942
f 844 845 942
f 942 845 943
f 845 846 943
f 943 846 944
f 846 847 944
f 944 847 945
f 847 848 945
f 945 848 946
f 848 849 946
f 946 849 947
f 849 850 947
f 947 850 948
f 850 851 948
f 948 851 949
f 851 852 949
f 949 852 950
f 852 853 950
f 950 853 951
f 853 854 951
f 951 854 952
f 854 855 952
f 952 855 953
f 855 856 953
f 953 856 954
f 856 857 954
f 954 857 955
f 857 858 955
f 955 858 956
f 858 859 956
f 956 859 957
f 859 860 957
f 957 860 958
f 860 861 958
f 958 861 959
f 861 862 959
f 959 862 960
f 862 863 960
f 960 863 961
f 863 864 961
f 961 864 962
f 864 865 962
f 962 865 963
f 865 866 963
f 963 866 964
f 866 867 964
f 964 867 965
f 867 868 965
f 965 868 966
f 868 869 966
f 966 869 967
f 869 870 967
f 967 870 968
f 870 871 968
f 968 871 969
f 871 872 969
f 969 872 970
f 872 873 970
f 970 873 971
f 873 874 971
f 971 874 972
f 874 875 972
f 972 875 973
f 875 876 973
f 973 876 974
f 876 877 974
f 974 877 975
f 877 878 975
f 975 878 976
f 878 879 976
f 976 879 977
f 879 880 977
f 977 880 978
f 880 881 978
f 978 881 979
f 881 882 979
f 979 882 980
f 882 883 980
f 980 883 981
f 883 884 981
f 981 884 982
f 884 885 982
f 982 885 983
f 885 886 983
f 983 886 984
f 886 887 984
f 984 887 985
f 887 888 985
f 985 888 986
f 888 889 986
f 986 889 987
f 889 890 987
f 987 890 988
f 890 891 988
f 988 891 989
f 891 892 989
f 989 892 990
f 892 893 990
f 990 893 991
f 893 894 991
f 991 894 992
f 894 895 992
f 992 895 993
f 895 896 993
f 993 896 994
f 896 897 994
f 994 897 995
f 897 898 995
f 995 898 996
f 898 899 996
f 996 899 997
f 899 900 997
f 998 901 999
f 901 902 999
f 999 902 1000
f 902 903 1000
f 1000 903 1001
f 903 904 1001
f 1001 904 1002
f 904 905 1002
f 1002 905 1003
f 905 906 1003
f 1003 906 1004
f 906 907 1004
f 1004 907 1005
f 907 908 1005
f 1005 908 1006
f 908 909 1006
f 1006 909 1007
f 909 910 1007
f 1007 910 1008
f 910 911 1008
f 1008 911 1009
f 911 912 1009
f 1009 912 1010
f 912 913 1010
f 1010 913 1011
f 913 914 1011
f 1011 914 1012
f 914 915 1012
f 1012 915 1013
f 915 916 1013
f 1013 916 1014
f 916 917 1014
f 1014 917 1015
f 917 918 1015
f 1015 918 1016
f 918 919 1016
f 1016 919 1017
f 919 920 1017
f 1017 920 1018
f 920 921 1018
f 1018 921 1019
f 921 922 1019
f 1019 922 1020
f 922 923 1020
f 1020 923 1021
f 923 924 1021
f 1021 924 1022
f 924 925 1022
f 1022 925 1023
f 925 926 1023
f 1023 926 1024
f 926 927 1024
f 1024 927 1025
f 927 928 1025
f 1025 928 1026
f 928 929 1026
f 1026 929 1027
f 929 930 1027
f 1027 930 1028
f 930 931 1028
f 1028 931 1029
f 931 932 1029
f 1029 932 1030
f 932 933 1030
f 1030 933 1031
f 933 934 1031
f 1031 934 1032
f 934 935 1032
f 1032 935 1033
f 935 936 1033
f 1033 936 1034
f 936 937 1034
f 1034 937 1035
f 937 938 1035
f 1035 938 1036
f 938 939 1036
f 1036 939 1037
f 939 940 1037
f 1037 940 1038
f 940 941 1038
f 1038 941 1039
f 941 942 1039
f 1039 942 1040
f 942 943 1040
f 1040 943 1041
f 943 944 1041
f 1041 944 1042
f 944 945 1042
f 1042 945 1043
f 945 946 1043
f 1043 946 1044
f 946 947 1044
f 1044 947 1045
f 947 948 1045
f 1045 948 1046
f 948 949 1046
f 1046 949 1047
f 949 950 1047
f 1047 950 1048
f 950 951 1048
f 1048 951 1049
f 951 952 1049
f 1049 952 1050
f 952 953 1050
f 1050 953 1051
f 953 954 1051
f 1051 954 1052
f 954 955 1052
f 1052 955 1053
f 955 956 1053
f 1053 956 1054
f 956 957 1054
f 1054 957 1055
f 957 958 1055
f 1055 958 1056
f 958 959 1056
f 1056 959 1057
f 959 960 1057
f 1057 960 1058
f 960 961 1058
f 1058 961 1059
f 961 962 1059
f 1059 962 1060
f 962 963 1060
f 1060 963 1061
f 963 964 1061
f 1061 964 1062
f 964 965 1062
f 1062 965 1063
f 965 966 1063
f 1063 966 1064
f 966 967 1064
f 1064 967 1065
f 967 968 1065
f 1065 968 1066
f 968 969 1066
f 1066 969 1067
f 969 970 1067
f 1067 970 1068
f 970 971 1068
f 1068 971 1069
f 971 972 1069
f 1069 972 1070
f 972 973 1070
f 1070 973 1071
f 973 974 1071
f 1071 974 1072
f 974 975 1072
f 1072 975 1073
f 975 976 1073
f 1073 976 1074
f 976 977 1074
f 1074 977 1075
f 977 978 1075
f 1075 978 1076
f 978 979 1076
f 1076 979 1077
f 979 980 1077
f 1077 980 1078
f 980 981 1078
f 1078 981 1079
f 981 982 1079
f 1079 982 1080
f 982 983 1080
f 1080 983 1081
f 983 984 1081
f 1081 984 1082
f 984 985 1082
f 1082 985 1083
f 985 986 1083
f 1083 986 1084
f 986 987 1084
f 1084 987 1085
f 987 988 1085
f 1085 988 1086
f 988 989 1086
f 1086 989 1087
f 989 990 1087
f 1087 990 1088
f 990 991 1088
f 1088 991 1089
f 991 992 1089
f 1089 992 1090
f 992 993 1090
f 1090 993 1091
f 993 994 1091
f 1091 994 1092
f 994 995 1092
f 1092 995 1093
f 995 996 1093
f 1093 996 1094
f 996 997 1094
f 1095 998 1096
f 998 999 1096
f 1096 999 1097
f 999 1000 1097
f 1097 1000 1098
f 1000 1001 1098
f 1098 1001 1099
f 1001 1002 1099
f 1099 1002 1100
f 1002 1003 1100
f 1100 1003 1101
f 1003 1004 1101
f 1101 1004 1102
f 1004 1005 1102
f 1102 1005 1103
f 1005 1006 1103
f 1103 1006 1104
f 1006 1007 1104
f 1104 1007 1105
f 1007 1008 1105
f 1105 1008 1106
f 1008 1009 1106
f 1106 1009 1107
f 1009 1010 1107
f 1107 1010 1108
f 1010 1011 1108
f 1108 1011 1109
f 1011 1012 1109
f 1109 1012 1110
f 1012 1013 1110
f 1110 1013 1111
f 1013 1014 1111
f 1111 1014 1112
f 1014 1015 1112
f 1112 1015 1113
f 1015 1016 1113
f 1113 1016 1114
f 1016 1017 1114
f 1114 1017 1115
f 1017 1018 1115
f 1115 1018 1116
f 1018 1019 1116
f 1116 1019 1117
f 1019 1020 1117
f 1117 1020 1118
f 1020 1021 1118
f 1118 1021 1119
f 1021 1022 1119
f 1119 1022 1120
f 1022 1023 1120
f 1120 1023 1121
f 1023 1024 1121
f 1121 1024 1122
f 1024 1025 1122
f 1122 1025 1123
f 1025 1026 1123
f 1123 1026 1124
f 1026 1027 1124
f 1124 1027 1125
f 1027 1028 1125
f 1125 1028 1126
f 1028 1029 1126
f 1126 1029 1127
f 1029 1030 1127
f 1127 1030 1128
f 1030 1031 1128
f 1128 1031 1129
f 1031 1032 1129
f 1129 1032 1130
f 1032 1033 1130
f 1130 1033 1131
f 1033 1034 1131
f 1131 1034 1132
f 1034 1035 1132
f 1132 1035 1133
f 1035 1036 1133
f 1133 1036 1134
f 1036 1037 1134
f 1134 1037 1135
f 1037 1038 1135
f 1135 1038 1136
f 1038 1039 1136
f 1136 1039 1137
f 1039 1040 1137
f 1137 1040 1138
f 1040 1041 1138
f 1138 1041 1139
f 1041 1042 1139
f 1139 1042 1140
f 1042 1043 1140
f 1140 1043 1141
f 1043 1044 1141
f 1141 1044 1142
f 1044 1045 1142
f 1142 1045 1143
f 1045 1046 1143
f 1143 1046 1144
f 1046 1047 1144
f 1144 1047 1145
f 1047 1048 1145
f 1145 1048 1146
f 1048 1049 1146
f 1146 1049 1147
f 1049 1050 1147
f 1147 1050 1148
f 1050 1051 1148
f 1148 1051 1149
f 1051 1052 1149
f 1149 1052 1150
f 1052 1053 1150
f 1150 1053 1151
f 1053 1054 1151
f 1151 1054 1152
f 1054 1055 1152
f 1152 1055 1153
f 1055 1056 1153
f 1153 1056 1154
f 1056 1057 1154
f 1154 1057 1155
f 1057 1058 1155
f 1155 1058 1156
f 1058 1059 1156
f 1156 1059 1157
f 1059 1060 1157
f 1157 1060 1158
f 1060 1061 1158
f 1158 1061 1159
f 1061 1062 1159
f 1159 1062 1160
f 1062 1063 1160
f 1160 1063 1161
f 1063 1064 1161
f 1161 1064 1162
f 1064 1065 1162
f 1162 1065 1163
f 1065 1066 1163
f 1163 1066 1164
f 1066 1067 1164
f 1164 1067 1165
f 1067 1068 1165
f 1165 1068 1166
f 1068 1069 1166
f 1166 1069 1167
f 1069 1070 1167
f 1167 1070 1168
f 1070 1071 1168
f 1168 1071 1169
f 1071 1072 1169
f 1169 1072 1170
f 1072 1073 1170
f 1170 1073 1171
f 1073 1074 1171
f 1171 1074 1172
f 1074 1075 1172
f 1172 1075 1173
f 1075 1076 1173
f 1173 1076 1174
f 1076 1077 1174
f 1174 1077 1175
f 1077 1078 1175
f 1175 1078 1176
f 1078 1079 1176
f 1176 1079 1177
f 1079 1080 1177
f 1177 1080 1178
f 1080 1081 1178
f 1178 1081 1179
f 1081 1082 1179
f 1179 1082 1180
f 1082 1083 1180
f 1180 1083 1181
f 1083 1084 1181
f 1181 1084 1182
f 1084 1085 1182
f 1182 1085 1183
f 1085 1086 1183
f 1183 1086 1184
f 1086 1087 1184
f 1184 1087 1185
f 1087 1088 1185
f 1185 1088 1186
f 1088 1089 1186
f 1186 1089 1187
f 1089 1090 1187
f 1187 1090 1188
f 1090 1091 1188
f 1188 1091 1189
f 1091 1092 1189
f 1189 1092 1190
f 1092 1093 1190
f 1190 1093 1191
f 1093 1094 1191
f 1192 1095 1193
f 1095 1096 1193
f 1193 1096 1194
f 1096 1097 1194
f 1194 1097 1195
f 1097 1098 1195
f 1195 1098 1196
f 1098 1099 1196
f 1196 1099 1197
f 1099 1100 1197
f 1197 1100 1198
f 1100 1101 1198
f 1198 1101 1199
f 1101 1102 1199
f 1199 1102 1200
f 1102 1103 1200
f 1200 1103 1201
f 1103 1104 1201
f 1201 1104 1202
f 1104 1105 1202
f 1202 1105 1203
f 1105 1106 1203
f 1203 1106 1204
f 1106 1107 1204
f 1204 1107 1205
f 1107 1108 1205
f 1205 1108 1206
f 1108 1109 1206
f 1206 1109 1207
f 1109 1110 1207
f 1207 1110 1208
f 1110 1111 1208
f 1208 1111 1209
f 1111 1112 1209
f 1209 1112 1210
f 1112 1113 1210
f 1210 1113 1211
f 1113 1114 1211
f 1211 1114 1212
f 1114 1115 1212
f 1212 1115 1213
f 1115 1116 1213
f 1213 1116 1214
f 1116 1117 1214
f 1214 1117 1215
f 1117 1118 1215
f 1215 1118 1216
f 1118 1119 1216
f 1216 1119 1217
f 1119 1120 1217
f 1217 1120 1218
f 1120 1121 1218
f 1218 1121 1219
f 1121 1122 1219
f 1219 1122 1220
f 1122 1123 1220
f 1220 1123 1221
f 1123 1124 1221
f 1221 1124 1222
f 1124 1125 1222
f 1222 1125 1223
f 1125 1126 1223
f 1223 1126 1224
f 1126 1127 1224
f 1224 1127 1225
f 1127 1128 1225
f 1225 1128 1226
f 1128 1129 1226
f 1226 1129 1227
f 1129 1130 1227
f 1227 1130 1228
f 1130 1131 1228
f 1228 1131 1229
f 1131 1132 1229
f 1229 1132 1230
f 1132 1133 1230
f 1230 1133 1231
f 1133 1134 1231
f 1231 1134 1232
f 1134 1135 1232
f 1232 1135 1233
f 1135 1136 1233
f 1233 1136 1234
f 1136 1137 1234
f 1234 1137 1235
f 1137 1138 1235
f 1235 1138 1236
f 1138 1139 1236
f 1236 1139 1237
f 1139 1140 1237
f 1237 1140 1238
f 1140 1141 1238
f 1238 1141 1239
f 1141 1142 1239
f 1239 1142 1240
f 1142 1143 1240
f 1240 1143 1241
f 1143 1144 1241
f 1241 1144 1242
f 1144 1145 1242
f 1242 1145 1243
f 1145 1146 1243
f 1243 1146 1244
f 1146 1147 1244
f 1244 1147 1245
f 1147 1148 1245
f 1245 1148 1246
f 1148 1149 1246
f 1246 1149 1247
f 1149 1150 1247
f 1247 1150 1248
f 1150 1151 1248
f 1248 1151 1249
f 1151 1152 1249
f 1249 1152 1250
f 1152 1153 1250
f 1250 1153 1251
f 1153 1154 1251
f 1251 1154 1252
f 1154 1155 1252
f 1252 1155 1253
f 1155 1156 1253
f 1253 1156 1254
f 1156 1157 1254
f 1254 1157 1255
f 1157 1158 1255
f 1255 1158 1256
f 1158 1159 1256
f 1256 1159 1257
f 1159 1160 1257
f 1257 1160 1258
f 1160 1161 1258
f 1258 1161 1259
f 1161 1162 1259
f 1259 1162 1260
f 1162 1163 1260
f 1260 1163 1261
f 1163 1164 1261
f 1261 1164 1262
f 1164 1165 1262
f 1262 1165 1263
f 1165 1166 1263
f 1263 1166 1264
f 1166 1167 1264
f 1264 1167 1265
f 1167 1168 1265
f 1265 1168 1266
f 1168 1169 1266
f 1266 1169 1267
f 1169 1170 1267
f 1267 1170 1268
f 1170 1171 1268
f 1268 1171 1269
f 1171 1172 1269
f 1269 1172 1270
f 1172 1173 1270
f 1270 1173 1271
f 1173 1174 1271
f 1271 1174 1272
f 1174 1175 1272
f 1272 1175 1273
f 1175 1176 1273
f 1273 1176 1274
f 1176 1177 1274
f 1274 1177 1275
f 1177 1178 1275
f 1275 1178 1276
f 1178 1179 1276
f 1276 1179 1277
f 1179 1180 1277
f 1277 1180 1278
f 1180 1181 1278
f 1278 1181 1279
f 1181 1182 1279
f 1279 1182 1280
f 1182 1183 1280
f 1280 1183 1281
f 1183 1184 1281
f 1281 1184 1282
f 1184 1185 1282
f 1282 1185 1283
f 1185 1186 1283
f 1283 1186 1284
f 1186 1187 1284
f 1284 1187 1285
f 1187 1188 1285
f 1285 1188 1286
f 1188 1189 1286
f 1286 1189 1287
f 1189 1190 1287
f 1287 1190 1288
f 1190 1191 1288
f 1289 1192 1290
f 1192 1193 1290
f 1290 1193 1291
f 1193 1194 1291
f 1291 1194 1292
f 1194 1195 1292
f 1292 1195 1293
f 1195 1196 1293
f 1293 1196 1294
f 1196 1197 1294
f 1294 1197 1295
f 1197 1198 1295
f 1295 1198 1296
f 1198 1199 1296
f 1296 1199 1297
f 1199 1200 1297
f 1297 1200 1298
f 1200 1201 1298
f 1298 1201 1299
f 1201 1202 1299
f 1299 1202 1300
f 1202 1203 1300
f 1300 1203 1301
f 1203 1204 1301
f 1301 1204 1302
f 1204 1205 1302
f 1302 1205 1303
f 1205 1206 1303
f 1303 1206 1304
f 1206 1207 1304
f 1304 1207 1305
f 1207 1208 1305
f 1305 1208 1306
f 1208 1209 1306
f 1306 1209 1307
f 1209 1210 1307
f 1307 1210 1308
f 1210 1211 1308
f 1308 1211 1309
f 1211 1212 1309
f 1309 1212 1310
f 1212 1213 1310
f 1310 1213 1311
f 1213 1214 1311
f 1311 1214 1312
f 1214 1215 1312
f 1312 1215 1313
f 1215 1216 1313
f 1313 1216 1314
f 1216 1217 1314
f 1314 1217 1315
f 1217 1218 1315
f 1315 1218 1316
f 1218 1219 1316
f 1316 1219 1317
f 1219 1220 1317
f 1317 1220 1318
f 1220 1221 1318
f 1318 1221 1319
f 1221 1222 1319
f 1319 1222 1320
f 1222 1223 1320
f 1320 1223 1321
f 1223 1224 1321
f 1321 1224 1322
f 1224 1225 1322
f 1322 1225 1323
f 1225 1226 1323
f 1323 1226 1324
f 1226 1227 1324
f 1324 1227 1325
f 1227 1228 1325
f 1325 1228 1326
f 1228 1229 1326
f 1326 1229 1327
f 1229 1230 1327
f 1327 1230 1328
f 1230 1231 1328
f 1328 1231 1329
f 1231 1232 1329
f 1329 1232 1330
f 1232 1233 1330
f 1330 1233 1331
f 1233 1234 1331
f 1331 1234 1332
f 1234 1235 1332
f 1332 1235 1333
f 1235 1236 1333
f 1333 1236 1334
f 1236 1237 1334
f 1334 1237 1335
f 1237 1238 1335
f 1335 1238 1336
f 1238 1239 1336
f 1336 1239 1337
f 1239 1240 1337
f 1337 1240 1338
f 1240 1241 1338
f 1338 1241 1339
f 1241 1242 1339
f 1339 1242 1340
f 1242 1243 1340
f 1340 1243 1341
f 1243 1244 1341
f 1341 1244 1342
f 1244 1245 1342
f 1342 1245 1343
f 1245 1246 1343
f 1343 1246 1344
f 1246 1247 1344
f 1344 1247 1345
f 1247 1248 1345
f 1345 1248 1346
f 1248 1249 1346
f 1346 1249 1347
f 1249 1250 1347
f 1347 1250 1348
f 1250 1251 1348
f 1348 1251 1349
f 1251 1252 1349
f 1349 1252 1350
f 1252 1253 1350
f 1350 1253 1351
f 1253 1254 1351
f 1351 1254 1352
f 1254 1255 1352
f 1352 1255 1353
f 1255 1256 1353
f 1353 1256 1354
f 1256 1257 1354
f 1354 1257 1355
f 1257 1258 1355
f 1355 1258 1356
f 1258 1259 1356
f 1356 1259 1357
f 1259 1260 1357
f 1357 1260 1358
f 1260 1261 1358
f 1358 1261 1359
f 1261 1262 1359
f 1359 1262 1360
f 1262 1263 1360
f 1360 1263 1361
f 1263 1264 1361
f 1361 1264 1362
f 1264 1265 1362
f 1362 1265 1363
f 1265 1266 1363
f 1363 1266 1364
f 1266 1267 1364
f 1364 1267 1365
f 1267 1268 1365
f 1365 1268 1366
f 1268 1269 1366
f 1366 1269 1367
f 1269 1270 1367
f 1367 1270 1368
f 1270 1271 1368
f 1368 1271 1369
f 1271 1272 1369
f 1369 1272 1370
f 1272 1273 1370
f 1370 1273 1371
f 1273 1274 1371
f 1371 1274 1372
f 1274 1275 1372
f 1372 1275 1373
f 1275 1276 1373
f 1373 1276 1374
f 1276 1277 1374
f 1374 1277 1375
f 1277 1278 1375
f 1375 1278 1376
f 1278 1279 1376
f 1376 1279 1377
f 1279 1280 1377
f 1377 1280 1378
f 1280 1281 1378
f 1378 1281 1379
f 1281 1282 1379
f 1379 1282 1380
f 1282 1283 1380
f 1380 1283 1381
f 1283 1284 1381
f 1381 1284 1382
f 1284 1285 1382
f 1382 1285 1383
f 1285 1286 1383
f 1383 1286 1384
f 1286 1287 1384
f 1384 1287 1385
f 1287 1288 1385
f 1386 1289 1387
f 1289 1290 1387
f 1387 1290 1388
f 1290 1291 1388
f 1388 1291 1389
f 1291 1292 1389
f 1389 1292 1390
f 1292 1293 1390
f 1390 1293 1391
f 1293 1294 1391
f 1391 1294 1392
f 1294 1295 1392
f 1392 1295 1393
f 1295 1296 1393
f 1393 1296 1394
f 1296 1297 1394
f 1394 1297 1395
f 1297 1298 1395
f 1395 1298 1396
f 1298 1299 1396
f 1396 1299 1397
f 1299 1300 1397
f 1397 1300 1398
f 1300 1301 1398
f 1398 1301 1399
f 1301 1302 1399
f 1399 1302 1400
f 1302 1303 1400
f 1400 1303 1401
f 1303 1304 1401
f 1401 1304 1402
f 1304 1305 1402
f 1402 1305 1403
f 1305 1306 1403
f 1403 1306 1404
f 1306 1307 1404
f 1404 1307 1405
f 1307 1308 1405
f 1405 1308 1406
f 1308 1309 1406
f 1406 1309 1407
f 1309 1310 1407
f 1407 1310 1408
f 1310 1311 1408
f 1408 1311 1409
f 1311 1312 1409
f 1409 1312 1410
f 1312 1313 1410
f 1410 1313 1411
f 1313 1314 1411
f 1411 1314 1412
f 1314 1315 1412
f 1412 1315 1413
f 1315 1316 1413
f 1413 1316 1414
f 1316 1317 1414
f 1414 1317 1415
f 1317 1318 1415
f 1415 1318 1416
f 1318 1319 1416
f 1416 1319 1417
f 1319 1320 1417
f 1417 1320 1418
f 1320 1321 1418
f 1418 1321 1419
f 1321 1322 1419
f 1419 1322 1420
f 1322 1323 1420
f 1420 1323 1421
f 1323 1324 1421
f 1421 1324 1422
f 1324 1325 1422
f 1422 1325 1423
f 1325 1326 1423
f 1423 1326 1424
f 1326 1327 1424
f 1424 1327 1425
f 1327 1328 1425
f 1425 1328 1426
f 1328 1329 1426
f 1426 1329 1427
f 1329 1330 1427
f 1427 1330 1428
f 1330 1331 1428
f 1428 1331 1429
f 1331 1332 1429
f 1429 1332 1430
f 1332 1333 1430
f 1430 1333 1431
f 1333 1334 1431
f 1431 1334 1432
f 1334 1335 1432
f 1432 1335 1433
f 1335 1336 1433
f 1433 1336 1434
f 1336 1337 1434
f 1434 1337 1435
f 1337 1338 1435
f 1435 1338 1436
f 1338 1339 1436
f 1436 1339 1437
f 1339 1340 1437
f 1437 1340 1438
f 1340 1341 1438
f 1438 1341 1439
f 1341 1342 1439
f 1439 1342 1440
f 1342 1343 1440
f 1440 1343 1441
f 1343 1344 1441
f 1441 1344 1442
f 1344 1345 1442
f 1442 1345 1443
f 1345 1346 1443
f 1443 1346 1444
f 1346 1347 1444
f 1444 1347 1445
f 1347 1348 1445
f 1445 1348 1446
f 1348 1349 1446
f 1446 1349 1447
f 1349 1350 1447
f 1447 1350 1448
f 1350 1351 1448
f 1448 1351 1449
f 1351 1352 1449
f 1449 1352 1450
f 1352 1353 1450
f 1450 1353 1451
f 1353 1354 1451
f 1451 1354 1452
f 1354 1355 1452
f 1452 1355 1453
f 1355 1356 1453
f 1453 1356 1454
f 1356 1357 1454
f 1454 1357 1455
f 1357 1358 1455
f 1455 1358 1456
f 1358 1359 1456
f 1456 1359 1457
f 1359 1360 1457
f 1457 1360 1458
f 1360 1361 1458
f 1458 1361 1459
f 1361 1362 1459
f 1459 1362 1460
f 1362 1363 1460
f 1460 1363 1461
f 1363 1364 1461
f 1461 1364 1462
f 1364 1365 1462
f 1462 1365 1463
f 1365 1366 1463
f 1463 1366 1464
f 1366 1367 1464
f 1464 1367 1465
f 1367 1368 1465
f 1465 1368 1466
f 1368 1369 1466
f 1466 1369 1467
f 1369 1370 1467
f 1467 1370 1468
f 1370 1371 1468
f 1468 1371 1469
f 1371 1372 1469
f 1469 1372 1470
f 1372 1373 1470
f 1470 1373 1471
f 1373 1374 1471
f 1471 1374 1472
f 1374 1375 1472
f 1472 1375 1473
f 1375 1376 1473
f 1473 1376 1474
f 1376 1377 1474
f 1474 1377 1475
f 1377 1378 1475
f 1475 1378 1476
f 1378 1379 1476
f 1476 1379 1477
f 1379 1380 1477
f 1477 1380 1478
f 1380 1381 1478
f 1478 1381 1479
f 1381 1382 1479
f 1479 1382 1480
f 1382 1383 1480
f 1480 1383 1481
f 1383 1384 1481
f 1481 1384 1482
f 1384 1385 1482
f 1483 1386 1484
f 1386 1387 1484
f 1484 1387 1485
f 1387 1388 1485
f 1485 1388 1486
f 1388 1389 1486
f 1486 1389 1487
f 1389 1390 1487
f 1487 1390 1488
f 1390 1391 1488
f 1488 1391 1489
f 1391 1392 1489
f 1489 1392 1490
f 1392 1393 1490
f 1490 1393 1491
f 1393 1394 1491
f 1491 1394 1492
f 1394 1395 1492
f 1492 1395 1493
f 1395 1396 1493
f 1493 1396 1494
f 1396 1397 1494
f 1494 1397 1495
f 1397 1398 1495
f 1495 1398 1496
f 1398 1399 1496
f 1496 1399 1497
f 1399 1400 1497
f 1497 1400 1498
f 1400 1401 1498
f 1498 1401 1499
f 1401 1402 1499
f 1499 1402 1500
f 1402 1403 1500
f 1500 1403 1501
f 1403 1404 1501
f 1501 1404 1502
f 1404 1405 1502
f 1502 1405 1503
f 1405 1406 1503
f 1503 1406 1504
f 1406 1407 1504
f 1504 1407 1505
f 1407 1408 1505
f 1505 1408 1506
f 1408 1409 1506
f 1506 1409 1507
f 1409 1410 1507
f 1507 1410 1508
f 1410 1411 1508
f 1508 1411 1509
f 1411 1412 1509
f 1509 1412 1510
f 1412 1413 1510
f 1510 1413 1511
f 1413 1414 1511
f 1511 1414 1512
f 1414 1415 1512
f 1512 1415 1513
f 1415 1416 1513
f 1513 1416 1514
f 1416 1417 1514
f 1514 1417 1515
f 1417 1418 1515
f 1515 1418 1516
f 1418 1419 1516
f 1516 1419 1517
f 1419 1420 1517
f 1517 1420 1518
f 1420 1421 1518
f 1518 1421 1519
f 1421 1422 1519
f 1519 1422 1520
f 1422 1423 1520
f 1520 1423 1521
f 1423 1424 1521
f 1521 1424 1522
f 1424 1425 1522
f 1522 1425 1523
f 1425 1426 1523
f 1523 1426 1524
f 1426 1427 1524
f 1524 1427 1525
f 1427 1428 1525
f 1525 1428 1526
f 1428 1429 1526
f 1526 1429 1527
f 1429 1430 1527
f 1527 1430 1528
f 1430 1431 1528
f 1528 1431 1529
f 1431 1432 1529
f 1529 1432 1530
f 1432 1433 1530
f 1530 1433 1531
f 1433 1434 1531
f 1531 1434 1532
f 1434 1435 1532
f 1532 1435 1533
f 1435 1436 1533
f 1533 1436 1534
f 1436 1437 1534
f 1534 1437 1535
f 1437 1438 1535
f 1535 1438 1536
f 1438 1439 1536
f 1536 1439 1537
f 1439 1440 1537
f 1537 1440 1538
f 1440 1441 1538
f 1538 1441 1539
f 1441 1442 1539
f 1539 1442 1540
f 1442 1443 1540
f 1540 1443 1541
f 1443 1444 1541
f 1541 1444 1542
f 1444 1445 1542
f 1542 1445 1543
f 1445 1446 1543
f 1543 1446 1544
f 1446 1447 1544
f 1544 1447 1545
f 1447 1448 1545
f 1545 1448 1546
f 1448 1449 1546
f 1546 1449 1547
f 1449 1450 1547
f 1547 1450 1548
f 1450 1451 1548
f 1548 1451 1549
f 1451 1452 1549
f 1549 1452 1550
f 1452 1453 1550
f 1550 1453 1551
f 1453 1454 1551
f 1551 1454 1552
f 1454 1455 1552
f 1552 1455 1553
f 1455 1456 1553
f 1553 1456 1554
f 1456 1457 1554
f 1554 1457 1555
f 1457 1458 1555
f 1555 1458 1556
f 1458 1459 1556
f 1556 1459 1557
f 1459 1460 1557
f 1557 1460 1558
f 1460 1461 1558
f 1558 1461 1559
f 1461 1462 1559
f 1559 1462 1560
f 1462 1463 1560
f 1560 1463 1561
f 1463 1464 1561
f 1561 1464 1562
f 1464 1465 1562
f 1562 1465 1563
f 1465 1466 1563
f 1563 1466 1564
f 1466 1467 1564
f 1564 1467 1565
f 1467 1468 1565
f 1565 1468 1566
f 1468 1469 1566
f 1566 1469 1567
f 1469 1470 1567
f 1567 1470 1568
f 1470 1471 1568
f 1568 1471 1569
f 1471 1472 1569
f 1569 1472 1570
f 1472 1473 1570
f 1570 1473 1571
f 1473 1474 1571
f 1571 1474 1572
f 1474 1475 1572
f 1572 1475 1573
f 1475 1476 1573
f 1573 1476 1574
f 1476 1477 1574
f 1574 1477 1575
f 1477 1478 1575
f 1575 1478 1576
f 1478 1479 1576
f 1576 1479 1577
f 1479 1480 1577
f 1577 1480 1578
f 1480 1481 1578
f 1578 1481 1579
f 1481 1482 1579
f 1580 1483 1581
f 1483 1484 1581
f 1581 1484 1582
f 1484 1485 1582
f 1582 1485 1583
f 1485 1486 1583
f 1583 1486 1584
f 1486 1487 1584
f 1584 1487 1585
f 1487 1488 1585
f 1585 1488 1586
f 1488 1489 1586
f 1586 1489 1587
f 1489 1490 1587
f 1587 1490 1588
f 1490 1491 1588
f 1588 1491 1589
f 1491 1492 1589
f 1589 1492 1590
f 1492 1493 1590
f 1590 1493 1591
f 1493 1494 1591
f 1591 1494 1592
f 1494 1495 1592
f 1592 1495 1593
f 1495 1496 1593
f 1593 1496 1594
f 1496 1497 1594
f 1594 1497 1595
f 1497 1498 1595
f 1595 1498 1596
f 1498 1499 1596
f 1596 1499 1597
f 1499 1500 1597
f 1597 1500 1598
f 1500 1501 1598
f 1598 1501 1599
f 1501 1502 1599
f 1599 1502 1600
f 1502 1503 1600
f 1600 1503 1601
f 1503 1504 1601
f 1601 1504 1602
f 1504 1505 1602
f 1602 1505 1603
f 1505 1506 1603
f 1603 1506 1604
f 1506 1507 1604
f 1604 1507 1605
f 1507 1508 1605
f 1605 1508 1606
f 1508 1509 1606
f 1606 1509 1607
f 1509 1510 1607
f 1607 1510 1608
f 1510 1511 1608
f 1608 1511 1609
f 1511 1512 1609
f 1609 1512 1610
f 1512 1513 1610
f 1610 1513 1611
f 1513 1514 1611
f 1611 1514 1612
f 1514 1515 1612
f 1612 1515 1613
f 1515 1516 1613
f 1613 1516 1614
f 1516 1517 1614
f 1614 1517 1615
f 1517 1518 1615
f 1615 1518 1616
f 1518 1519 1616
f 1616 1519 1617
f 1519 1520 1617
f 1617 1520 1618
f 1520 1521 1618
f 1618 1521 1619
f 1521 1522 1619
f 1619 1522 1620
f 1522 1523 1620
f 1620 1523 1621
f 1523 1524 1621
f 1621 1524 1622
f 1524 1525 1622
f 1622 1525 1623
f 1525 1526 1623
f 1623 1526 1624
f 1526 1527 1624
f 1624 1527 1625
f 1527 1528 1625
f 1625 1528 1626
f 1528 1529 1626
f 1626 1529 1627
f 1529 1530 1627
f 1627 1530 1628
f 1530 1531 1628
f 1628 1531 1629
f 1531 1532 1629
f 1629 1532 1630
f 1532 1533 1630
f 1630 1533 1631
f 1533 1534 1631
f 1631 1534 1632
f 1534 1535 1632
f 1632 1535 1633
f 1535 1536 1633
f 1633 1536 1634
f 1536 1537 1634
f 1634 1537 1635
f 1537 1538 1635
f 1635 1538 1636
f 1538 1539 1636
f 1636 1539 1637
f 1539 1540 1637
f 1637 1540 1638
f 1540 1541 1638
f 1638 1541 1639
f 1541 1542 1639
f 1639 1542 1640
f 1542 1543 1640
f 1640 1543 1641
f 1543 1544 1641
f 1641 1544 1642
f 1544 1545 1642
f 1642 1545 1643
f 1545 1546 1643
f 1643 1546 1644
f 1546 1547 1644
f 1644 1547 1645
f 1547 1548 1645
f 1645 1548 1646
f 1548 1549 1646
f 1646 1549 1647
f 1549 1550 1647
f 1647 1550 1648
f 1550 1551 1648
f 1648 1551 1649
f 1551 1552 1649
f 1649 1552 1650
f 1552 1553 1650
f 1650 1553 1651
f 1553 1554 1651
f 1651 1554 1652
f 1554 1555 1652
f 1652 1555 1653
f 1555 1556 1653
f 1653 1556 1654
f 1556 1557 1654
f 1654 1557 1655
f 1557 1558 1655
f 1655 1558 1656
f 1558 1559 1656
f 1656 1559 1657
f 1559 1560 1657
f 1657 1560 1658
f 1560 1561 1658
f 1658 1561 1659
f 1561 1562 1659
f 1659 1562 1660
f 1562 1563 1660
f 1660 1563 1661
f 1563 1564 1661
f 1661 1564 1662
f 1564 1565 1662
f 1662 1565 1663
f 1565 1566 1663
f 1663 1566 1664
f 1566 1567 1664
f 1664 1567 1665
f 1567 1568 1665
f 1665 1568 1666
f 1568 1569 1666
f 1666 1569 1667
f 1569 1570 1667
f 1667 1570 1668
f 1570 1571 1668
f 1668 1571 1669
f 1571 1572 1669
f 1669 1572 1670
f 1572 1573 1670
f 1670 1573 1671
f 1573 1574 1671
f 1671 1574 1672
f 1574 1575 1672
f 1672 1575 1673
f 1575 1576 1673
f 1673 1576 1674
f 1576 1577 1674
f 1674 1577 1675
f 1577 1578 1675
f 1675 1578 1676
f 1578 1579 1676
f 1677 1580 1678
f 1580 1581 1678
f 1678 1581 1679
f 1581 1582 1679
f 1679 1582 1680
f 1582 1583 1680
f 1680 1583 1681
f 1583 1584 1681
f 1681 1584 1682
f 1584 1585 1682
f 1682 1585 1683
f 1585 1586 1683
f 1683 1586 1684
f 1586 1587 1684
f 1684 1587 1685
f 1587 1588 1685
f 1685 1588 1686
f 1588 1589 1686
f 1686 1589 1687
f 1589 1590 1687
f 1687 1590 1688
f 1590 1591 1688
f 1688 1591 1689
f 1591 1592 1689
f 1689 1592 1690
f 1592 1593 1690
f 1690 1593 1691
f 1593 1594 1691
f 1691 1594 1692
f 1594 1595 1692
f 1692 1595 1693
f 1595 1596 1693
f 1693 1596 1694
f 1596 1597 1694
f 1694 1597 1695
f 1597 1598 1695
f 1695 1598 1696
f 1598 1599 1696
f 1696 1599 1697
f 1599 1600 1697
f 1697 1600 1698
f 1600 1601 1698
f 1698 1601 1699
f 1601 1602 1699
f 1699 1602 1700
f 1602 1603 1700
f 1700 1603 1701
f 1603 1604 1701
f 1701 1604 1702
f 1604 1605 1702
f 1702 1605 1703
f 1605 1606 1703
f 1703 1606 1704
f 1606 1607 1704
f 1704 1607 1705
f 1607 1608 1705
f 1705 1608 1706
f 1608 1609 1706
f 1706 1609 1707
f 1609 1610 1707
f 1707 1610 1708
f 1610 1611 1708
f 1708 1611 1709
f 1611 1612 1709
f 1709 1612 1710
f 1612 1613 1710
f 1710 1613 1711
f 1613 1614 1711
f 1711 1614 1712
f 1614 1615 1712
f 1712 1615 1713
f 1615 1616 1713
f 1713 1616 1714
f 1616 1617 1714
f 1714 1617 1715
f 1617 1618 1715
f 1715 1618 1716
f 1618 1619 1716
f 1716 1619 1717
f 1619 1620 1717
f 1717 1620 1718
f 1620 1621 1718
f 1718 1621 1719
f 1621 1622 1719
f 1719 1622 1720
f 1622 1623 1720
f 1720 1623 1721
f 1623 1624 1721
f 1721 1624 1722
f 1624 1625 1722
f 1722 1625 1723
f 1625 1626 1723
f 1723 1626 1724
f 1626 1627 1724
f 1724 1627 1725
f 1627 1628 1725
f 1725 1628 1726
f 1628 1629 1726
f 1726 1629 1727
f 1629 1630 1727
f 1727 1630 1728
f 1630 1631 1728
f 1728 1631 1729
f 1631 1632 1729
f 1729 1632 1730
f 1632 1633 1730
f 1730 1633 1731
f 1633 1634 1731
f 1731 1634 1732
f 1634 1635 1732
f 1732 1635 1733
f 1635 1636 1733
f 1733 1636 1734
f 1636 1637 1734
f 1734 1637 1735
f 1637 1638 1735
f 1735 1638 1736
f 1638 1639 1736
f 1736 1639 1737
f 1639 1640 1737
f 1737 1640 1738
f 1640 1641 1738
f 1738 1641 1739
f 1641 1642 1739
f 1739 1642 1740
f 1642 1643 1740
f 1740 1643 1741
f 1643 1644 1741
f 1741 1644 1742
f 1644 1645 1742
f 1742 1645 1743
f 1645 1646 1743
f 1743 1646 1744
f 1646 1647 1744
f 1744 1647 1745
f 1647 1648 1745
f 1745 1648 1746
f 1648 1649 1746
f 1746 1649 1747
f 1649 1650 1747
f 1747 1650 1748
f 1650 1651 1748
f 1748 1651 1749
f 1651 1652 1749
f 1749 1652 1750
f 1652 1653 1750
f 1750 1653 1751
f 1653 1654 1751
f 1751 1654 1752
f 1654 1655 1752
f 1752 1655 1753
f 1655 1656 1753
f 1753 1656 1754
f 1656 1657 1754
f 1754 1657 1755
f 1657 1658 1755
f 1755 1658 1756
f 1658 1659 1756
f 1756 1659 1757
f 1659 1660 1757
f 1757 1660 1758
f 1660 1661 1758
f 1758 1661 1759
f 1661 1662 1759
f 1759 1662 1760
f 1662 1663 1760
f 1760 1663 1761
f 1663 1664 1761
f 1761 1664 1762
f 1664 1665 1762
f 1762 1665 1763
f 1665 1666 1763
f 1763 1666 1764
f 1666 1667 1764
f 1764 1667 1765
f 1667 1668 1765
f 1765 1668 1766
f 1668 1669 1766
f 1766 1669 1767
f 1669 1670 1767
f 1767 1670 1768
f 1670 1671 1768
f 1768 1671 1769
f 1671 1672 1769
f 1769 1672 1770
f 1672 1673 1770
f 1770 1673 1771
f 1673 1674 1771
f 1771 1674 1772
f 1674 1675 1772
f 1772 1675 1773
f 1675 1676 1773
f 1774 1677 1775
f 1677 1678 1775
f 1775 1678 1776
f 1678 1679 1776
f 1776 1679 1777
f 1679 1680 1777
f 1777 1680 1778
f 1680 1681 1778
f 1778 1681 1779
f 1681 1682 1779
f 1779 1682 1780
f 1682 1683 1780
f 1780 1683 1781
f 1683 1684 1781
f 1781 1684 1782
f 1684 1685 1782
f 1782 1685 1783
f 1685 1686 1783
f 1783 1686 1784
f 1686 1687 1784
f 1784 1687 1785
f 1687 1688 1785
f 1785 1688 1786
f 1688 1689 1786
f 1786 1689 1787
f 1689 1690 1787
f 1787 1690 1788
f 1690 1691 1788
f 1788 1691 1789
f 1691 1692 1789
f 1789 1692 1790
f 1692 1693 1790
f 1790 1693 1791
f 1693 1694 1791
f 1791 1694 1792
f 1694 1695 1792
f 1792 1695 1793
f 1695 1696 1793
f 1793 1696 1794
f 1696 1697 1794
f 1794 1697 1795
f 1697 1698 1795
f 1795 1698 1796
f 1698 1699 1796
f 1796 1699 1797
f 1699 1700 1797
f 1797 1700 1798
f 1700 1701 1798
f 1798 1701 1799
f 1701 1702 1799
f 1799 1702 1800
f 1702 1703 1800
f 1800 1703 1801
f 1703 1704 1801
f 1801 1704 1802
f 1704 1705 1802
f 1802 1705 1803
f 1705 1706 1803
f 1803 1706 1804
f 1706 1707 1804
f 1804 1707 1805
f 1707 1708 1805
f 1805 1708 1806
f 1708 1709 1806
f 1806 1709 1807
f 1709 1710 1807
f 1807 1710 1808
f 1710 1711 1808
f 1808 1711 1809
f 1711 1712 1809
f 1809 1712 1810
f 1712 1713 1810
f 1810 1713 1811
f 1713 1714 1811
f 1811 1714 1812
f 1714 1715 1812
f 1812 1715 1813
f 1715 1716 1813
f 1813 1716 1814
f 1716 1717 1814
f 1814 1717 1815
f 1717 1718 1815
f 1815 1718 1816
f 1718 1719 1816
f 1816 1719 1817
f 1719 1720 1817
f 1817 1720 1818
f 1720 1721 1818
f 1818 1721 1819
f 1721 1722 1819
f 1819 1722 1820
f 1722 1723 1820
f 1820 1723 1821
f 1723 1724 1821
f 1821 1724 1822
f 1724 1725 1822
f 1822 1725 1823
f 1725 1726 1823
f 1823 1726 1824
f 1726 1727 1824
f 1824 1727 1825
f 1727 1728 1825
f 1825 1728 1826
f 1728 1729 1826
f 1826 1729 1827
f 1729 1730 1827
f 1827 1730 1828
f 1730 1731 1828
f 1828 1731 1829
f 1731 1732 1829
f 1829 1732 1830
f 1732 1733 1830
f 1830 1733 1831
f 1733 1734 1831
f 1831 1734 1832
f 1734 1735 1832
f 1832 1735 1833
f 1735 1736 1833
f 1833 1736 1834
f 1736 1737 1834
f 1834 1737 1835
f 1737 1738 1835
f 1835 1738 1836
f 1738 1739 1836
f 1836 1739 1837
f 1739 1740 1837
f 1837 1740 1838
f 1740 1741 1838
f 1838 1741 1839
f 1741 1742 1839
f 1839 1742 1840
f 1742 1743 1840
f 1840 1743 1841
f 1743 1744 1841
f 1841 1744 1842
f 1744 1745 1842
f 1842 1745 1843
f 1745 1746 1843
f 1843 1746 1844
f 1746 1747 1844
f 1844 1747 1845
f 1747 1748 1845
f 1845 1748 1846
f 1748 1749 1846
f 1846 1749 1847
f 1749 1750 1847
f 1847 1750 1848
f 1750 1751 1848
f 1848 1751 1849
f 1751 1752 1849
f 1849 1752 1850
f 1752 1753 1850
f 1850 1753 1851
f 1753 1754 1851
f 1851 1754 1852
f 1754 1755 1852
f 1852 1755 1853
f 1755 1756 1853
f 1853 1756 1854
f 1756 1757 1854
f 1854 1757 1855
f 1757 1758 1855
f 1855 1758 1856
f 1758 1759 1856
f 1856 1759 1857
f 1759 1760 1857
f 1857 1760 1858
f 1760 1761 1858
f 1858 1761 1859
f 1761 1762 1859
f 1859 1762 1860
f 1762 1763 1860
f 1860 1763 1861
f 1763 1764 1861
f 1861 1764 1862
f 1764 1765 1862
f 1862 1765 1863
f 1765 1766 1863
f 1863 1766 1864
f 1766 1767 1864
f 1864 1767 1865
f 1767 1768 1865
f 1865 1768 1866
f 1768 1769 1866
f 1866 1769 1867
f 1769 1770 1867
f 1867 1770 1868
f 1770 1771 1868
f 1868 1771 1869
f 1771 1772 1869
f 1869 1772 1870
f 1772 1773 1870
f 1871 1774 1872
f 1774 1775 1872
f 1872 1775 1873
f 1775 1776 1873
f 1873 1776 1874
f 1776 1777 1874
f 1874 1777 1875
f 1777 1778 1875
f 1875 1778 1876
f 1778 1779 1876
f 1876 1779 1877
f 1779 1780 1877
f 1877 1780 1878
f 1780 1781 1878
f 1878 1781 1879
f 1781 1782 1879
f 1879 1782 1880
f 1782 1783 1880
f 1880 1783 1881
f 1783 1784 1881
f 1881 1784 1882
f 1784 1785 1882
f 1882 1785 1883
f 1785 1786 1883
f 1883 1786 1884
f 1786 1787 1884
f 1884 1787 1885
f 1787 1788 1885
f 1885 1788 1886
f 1788 1789 1886
f 1886 1789 1887
f 1789 1790 1887
f 1887 1790 1888
f 1790 1791 1888
f 1888 1791 1889
f 1791 1792 1889
f 1889 1792 1890
f 1792 1793 1890
f 1890 1793 1891
f 1793 1794 1891
f 1891 1794 1892
f 1794 1795 1892
f 1892 1795 1893
f 1795 1796 1893
f 1893 1796 1894
f 1796 1797 1894
f 1894 1797 1895
f 1797 1798 1895
f 1895 1798 1896
f 1798 1799 1896
f 1896 1799 1897
f 1799 1800 1897
f 1897 1800 1898
f 1800 1801 1898
f 1898 1801 1899
f 1801 1802 1899
f 1899 1802 1900
f 1802 1803 1900
f 1900 1803 1901
f 1803 1804 1901
f 1901 1804 1902
f 1804 1805 1902
f 1902 1805 1903
f 1805 1806 1903
f 1903 1806 1904
f 1806 1807 1904
f 1904 1807 1905
f 1807 1808 1905
f 1905 1808 1906
f 1808 1809 1906
f 1906 1809 1907
f 1809 1810 1907
f 1907 1810 1908
f 1810 1811 1908
f 1908 1811 1909
f 1811 1812 1909
f 1909 1812 1910
f 1812 1813 1910
f 1910 1813 1911
f 1813 1814 1911
f 1911 1814 1912
f 1814 1815 1912
f 1912 1815 1913
f 1815 1816 1913
f 1913 1816 1914
f 1816 1817 1914
f 1914 1817 1915
f 1817 1818 1915
f 1915 1818 1916
f 1818 1819 1916
f 1916 1819 1917
f 1819 1820 1917
f 1917 1820 1918
f 1820 1821 1918
f 1918 1821 1919
f 1821 1822 1919
f 1919 1822 1920
f 1822 1823 1920
f 1920 1823 1921
f 1823 1824 1921
f 1921 1824 1922
f 1824 1825 1922
f 1922 1825 1923
f 1825 1826 1923
f 1923 1826 1924
f 1826 1827 1924
f 1924 1827 1925
f 1827 1828 1925
f 1925 1828 1926
f 1828 1829 1926
f 1926 1829 1927
f 1829 1830 1927
f 1927 1830 1928
f 1830 1831 1928
f 1928 1831 1929
f 1831 1832 1929
f 1929 1832 1930
f 1832 1833 1930
f 1930 1833 1931
f 1833 1834 1931
f 1931 1834 1932
f 1834 1835 1932
f 1932 1835 1933
f 1835 1836 1933
f 1933 1836 1934
f 1836 1837 1934
f 1934 1837 1935
f 1837 1838 1935
f 1935 1838 1936
f 1838 1839 1936
f 1936 1839 1937
f 1839 1840 1937
f 1937 1840 1938
f 1840 1841 1938
f 1938 1841 1939
f 1841 1842 1939
f 1939 1842 1940
f 1842 1843 1940
f 1940 1843 1941
f 1843 1844 1941
f 1941 1844 1942
f 1844 1845 1942
f 1942 1845 1943
f 1845 1846 1943
f 1943 1846 1944
f 1846 1847 1944
f 1944 1847 1945
f 1847 1848 1945
f 1945 1848 1946
f 1848 1849 1946
f 1946 1849 1947
f 1849 1850 1947
f 1947 1850 1948
f 1850 1851 1948
f 1948 1851 1949
f 1851 1852 1949
f 1949 1852 1950
f 1852 1853 1950
f 1950 1853 1951
f 1853 1854 1951
f 1951 1854 1952
f 1854 1855 1952
f 1952 1855 1953
f 1855 1856 1953
f 1953 1856 1954
f 1856 1857 1954
f 1954 1857 1955
f 1857 1858 1955
f 1955 1858 1956
f 1858 1859 1956
f 1956 1859 1957
f 1859 1860 1957
f 1957 1860 1958
f 1860 1861 1958
f 1958 1861 1959
f 1861 1862 1959
f 1959 1862 1960
f 1862 1863 1960
f 1960 1863 1961
f 1863 1864 1961
f 1961 1864 1962
f 1864 1865 1962
f 1962 1865 1963
f 1865 1866 1963
f 1963 1866 1964
f 1866 1867 1964
f 1964 1867 1965
f 1867 1868 1965
f 1965 1868 1966
f 1868 1869 1966
f 1966 1869 1967
f 1869 1870 1967
f 1968 1871 1969
f 1871 1872 1969
f 1969 1872 1970
f 1872 1873 1970
f 1970 1873 1971
f 1873 1874 1971
f 1971 1874 1972
f 1874 1875 1972
f 1972 1875 1973
f 1875 1876 1973
f 1973 1876 1974
f 1876 1877 1974
f 1974 1877 1975
f 1877 1878 1975
f 1975 1878 1976
f 1878 1879 1976
f 1976 1879 1977
f 1879 1880 1977
f 1977 1880 1978
f 1880 1881 1978
f 1978 1881 1979
f 1881 1882 1979
f 1979 1882 1980
f 1882 1883 1980
f 1980 1883 1981
f 1883 1884 1981
f 1981 1884 1982
f 1884 1885 1982
f 1982 1885 1983
f 1885 1886 1983
f 1983 1886 1984
f 1886 1887 1984
f 1984 1887 1985
f 1887 1888 1985
f 1985 1888 1986
f 1888 1889 1986
f 1986 1889 1987
f 1889 1890 1987
f 1987 1890 1988
f 1890 1891 1988
f 1988 1891 1989
f 1891 1892 1989
f 1989 1892 1990
f 1892 1893 1990
f 1990 1893 1991
f 1893 1894 1991
f 1991 1894 1992
f 1894 1895 1992
f 1992 1895 1993
f 1895 1896 1993
f 1993 1896 1994
f 1896 1897 1994
f 1994 1897 1995
f 1897 1898 1995
f 1995 1898 1996
f 1898 1899 1996
f 1996 1899 1997
f 1899 1900 1997
f 1997 1900 1998
f 1900 1901 1998
f 1998 1901 1999
f 1901 1902 1999
f 1999 1902 2000
f 1902 1903 2000
f 2000 1903 2001
f 1903 1904 2001
f 2001 1904 2002
f 1904 1905 2002
f 2002 1905 2003
f 1905 1906 2003
f 2003 1906 2004
f 1906 1907 2004
f 2004 1907 2005
f 1907 1908 2005
f 2005 1908 2006
f 1908 1909 2006
f 2006 1909 2007
f 1909 1910 2007
f 2007 1910 2008
f 1910 1911 2008
f 2008 1911 2009
f 1911 1912 2009
f 2009 1912 2010
f 1912 1913 2010
f 2010 1913 2011
f 1913 1914 2011
f 2011 1914 2012
f 1914 1915 2012
f 2012 1915 2013
f 1915 1916 2013
f 2013 1916 2014
f 1916 1917 2014
f 2014 1917 2015
f 1917 1918 2015
f 2015 1918 2016
f 1918 1919 2016
f 2016 1919 2017
f 1919 1920 2017
f 2017 1920 2018
f 1920 1921 2018
f 2018 1921 2019
f 1921 1922 2019
f 2019 1922 2020
f 1922 1923 2020
f 2020 1923 2021
f 1923 1924 2021
f 2021 1924 2022
f 1924 1925 2022
f 2022 1925 2023
f 1925 1926 2023
f 2023 1926 2024
f 1926 1927 2024
f 2024 1927 2025
f 1927 1928 2025
f 2025 1928 2026
f 1928 1929 2026
f 2026 1929 2027
f 1929 1930 2027
f 2027 1930 2028
f 1930 1931 2028
f 2028 1931 2029
f 1931 1932 2029
f 2029 1932 2030
f 1932 1933 2030
f 2030 1933 2031
f 1933 1934 2031
f 2031 1934 2032
f 1934 1935 2032
f 2032 1935 2033
f 1935 1936 2033
f 2033 1936 2034
f 1936 1937 2034
f 2034 1937 2035
f 1937 1938 2035
f 2035 1938 2036
f 1938 1939 2036
f 2036 1939 2037
f 1939 1940 2037
f 2037 1940 2038
f 1940 1941 2038
f 2038 1941 2039
f 1941 1942 2039
f 2039 1942 2040
f 1942 1943 2040
f 2040 1943 2041
f 1943 1944 2041
f 2041 1944 2042
f 1944 1945 2042
f 2042 1945 2043
f 1945 1946 2043
f 2043 1946 2044
f 1946 1947 2044
f 2044 1947 2045
f 1947 1948 2045
f 2045 1948 2046
f 1948 1949 2046
f 2046 1949 2047
f 1949 1950 2047
f 2047 1950 2048
f 1950 1951 2048
f 2048 1951 2049
f 1951 1952 2049
f 2049 1952 2050
f 1952 1953 2050
f 2050 1953 2051
f 1953 1954 2051
f 2051 1954 2052
f 1954 1955 2052
f 2052 1955 2053
f 1955 1956 2053
f 2053 1956 2054
f 1956 1957 2054
f 2054 1957 2055
f 1957 1958 2055
f 2055 1958 2056
f 1958 1959 2056
f 2056 1959 2057
f 1959 1960 2057
f 2057 1960 2058
f 1960 1961 2058
f 2058 1961 2059
f 1961 1962 2059
f 2059 1962 2060
f 1962 1963 2060
f 2060 1963 2061
f 1963 1964 2061
f 2061 1964 2062
f 1964 1965 2062
f 2062 1965 2063
f 1965 1966 2063
f 2063 1966 2064
f 1966 1967 2064
f 2065 1968 2066
f 1968 1969 2066
f 2066 1969 2067
f 1969 1970 2067
f 2067 1970 2068
f 1970 1971 2068
f 2068 1971 2069
f 1971 1972 2069
f 2069 1972 2070
f 1972 1973 2070
f 2070 1973 2071
f 1973 1974 2071
f 2071 1974 2072
f 1974 1975 2072
f 2072 1975 2073
f 1975 1976 2073
f 2073 1976 2074
f 1976 1977 2074
f 2074 1977 2075
f 1977 1978 2075
f 2075 1978 2076
f 1978 1979 2076
f 2076 1979 2077
f 1979 1980 2077
f 2077 1980 2078
f 1980 1981 2078
f 2078 1981 2079
f 1981 1982 2079
f 2079 1982 2080
f 1982 1983 2080
f 2080 1983 2081
f 1983 1984 2081
f 2081 1984 2082
f 1984 1985 2082
f 2082 1985 2083
f 1985 1986 2083
f 2083 1986 2084
f 1986 1987 2084
f 2084 1987 2085
f 1987 1988 2085
f 2085 1988 2086
f 1988 1989 2086
f 2086 1989 2087
f 1989 1990 2087
f 2087 1990 2088
f 1990 1991 2088
f 2088 1991 2089
f 1991 1992 2089
f 2089 1992 2090
f 1992 1993 2090
f 2090 1993 2091
f 1993 1994 2091
f 2091 1994 2092
f 1994 1995 2092
f 2092 1995 2093
f 1995 1996 2093
f 2093 1996 2094
f 1996 1997 2094
f 2094 1997 2095
f 1997 1998 2095
f 2095 1998 2096
f 1998 1999 2096
f 2096 1999 2097
f 1999 2000 2097
f 2097 2000 2098
f 2000 2001 2098
f 2098 2001 2099
f 2001 2002 2099
f 2099 2002 2100
f 2002 2003 2100
f 2100 2003 2101
f 2003 2004 2101
f 2101 2004 2102
f 2004 2005 2102
f 2102 2005 2103
f 2005 2006 2103
f 2103 2006 2104
f 2006 2007 2104
f 2104 2007 2105
f 2007 2008 2105
f 2105 2008 2106
f 2008 2009 2106
f 2106 2009 2107
f 2009 2010 2107
f 2107 2010 2108
f 2010 2011 2108
f 2108 2011 2109
f 2011 2012 2109
f 2109 2012 2110
f 2012 2013 2110
f 2110 2013 2111
f 2013 2014 2111
f 2111 2014 2112
f 2014 2015 2112
f 2112 2015 2113
f 2015 2016 2113
f 2113 2016 2114
f 2016 2017 2114
f 2114 2017 2115
f 2017 2018 2115
f 2115 2018 2116
f 2018 2019 2116
f 2116 2019 2117
f 2019 2020 2117
f 2117 2020 2118
f 2020 2021 2118
f 2118 2021 2119
f 2021 2022 2119
f 2119 2022 2120
f 2022 2023 2120
f 2120 2023 2121
f 2023 2024 2121
f 2121 2024 2122
f 2024 2025 2122
f 2122 2025 2123
f 2025 2026 2123
f 2123 2026 2124
f 2026 2027 2124
f 2124 2027 2125
f 2027 2028 2125
f 2125 2028 2126
f 2028 2029 2126
f 2126 2029 2127
f 2029 2030 2127
f 2127 2030 2128
f 2030 2031 2128
f 2128 2031 2129
f 2031 2032 2129
f 2129 2032 2130
f 2032 2033 2130
f 2130 2033 2131
f 2033 2034 2131
f 2131 2034 2132
f 2034 2035 2132
f 2132 2035 2133
f 2035 2036 2133
f 2133 2036 2134
f 2036 2037 2134
f 2134 2037 2135
f 2037 2038 2135
f 2135 2038 2136
f 2038 2039 2136
f 2136 2039 2137
f 2039 2040 2137
f 2137 2040 2138
f 2040 2041 2138
f 2138 2041 2139
f 2041 2042 2139
f 2139 2042 2140
f 2042 2043 2140
f 2140 2043 2141
f 2043 2044 2141
f 2141 2044 2142
f 2044 2045 2142
f 2142 2045 2143
f 2045 2046 2143
f 2143 2046 2144
f 2046 2047 2144
f 2144 2047 2145
f 2047 2048 2145
f 2145 2048 2146
f 2048 2049 2146
f 2146 2049 2147
f 2049 2050 2147
f 2147 2050 2148
f 2050 2051 2148
f 2148 2051 2149
f 2051 2052 2149
f 2149 2052 2150
f 2052 2053 2150
f 2150 2053 2151
f 2053 2054 2151
f 2151 2054 2152
f 2054 2055 2152
f 2152 2055 2153
f 2055 2056 2153
f 2153 2056 2154
f 2056 2057 2154
f 2154 2057 2155
f 2057 2058 2155
f 2155 2058 2156
f 2058 2059 2156
f 2156 2059 2157
f 2059 2060 2157
f 2157 2060 2158
f 2060 2061 2158
f 2158 2061 2159
f 2061 2062 2159
f 2159 2062 2160
f 2062 2063 2160
f 2160 2063 2161
f 2063 2064 2161
f 2162 2065 2163
f 2065 2066 2163
f 2163 2066 2164
f 2066 2067 2164
f 2164 2067 2165
f 2067 2068 2165
f 2165 2068 2166
f 2068 2069 2166
f 2166 2069 2167
f 2069 2070 2167
f 2167 2070 2168
f 2070 2071 2168
f 2168 2071 2169
f 2071 2072 2169
f 2169 2072 2170
f 2072 2073 2170
f 2170 2073 2171
f 2073 2074 2171
f 2171 2074 2172
f 2074 2075 2172
f 2172 2075 2173
f 2075 2076 2173
f 2173 2076 2174
f 2076 2077 2174
f 2174 2077 2175
f 2077 2078 2175
f 2175 2078 2176
f 2078 2079 2176
f 2176 2079 2177
f 2079 2080 2177
f 2177 2080 2178
f 2080 2081 2178
f 2178 2081 2179
f 2081 2082 2179
f 2179 2082 2180
f 2082 2083 2180
f 2180 2083 2181
f 2083 2084 2181
f 2181 2084 2182
f 2084 2085 2182
f 2182 2085 2183
f 2085 2086 2183
f 2183 2086 2184
f 2086 2087 2184
f 2184 2087 2185
f 2087 2088 2185
f 2185 2088 2186
f 2088 2089 2186
f 2186 2089 2187
f 2089 2090 2187
f 2187 2090 2188
f 2090 2091 2188
f 2188 2091 2189
f 2091 2092 2189
f 2189 2092 2190
f 2092 2093 2190
f 2190 2093 2191
f 2093 2094 2191
f 2191 2094 2192
f 2094 2095 2192
f 2192 2095 2193
f 2095 2096 2193
f 2193 2096 2194
f 2096 2097 2194
f 2194 2097 2195
f 2097 2098 2195
f 2195 2098 2196
f 2098 2099 2196
f 2196 2099 2197
f 2099 2100 2197
f 2197 2100 2198
f 2100 2101 2198
f 2198 2101 2199
f 2101 2102 2199
f 2199 2102 2200
f 2102 2103 2200
f 2200 2103 2201
f 2103 2104 2201
f 2201 2104 2202
f 2104 2105 2202
f 2202 2105 2203
f 2105 2106 2203
f 2203 2106 2204
f 2106 2107 2204
f 2204 2107 2205
f 2107 2108 2205
f 2205 2108 2206
f 2108 2109 2206
f 2206 2109 2207
f 2109 2110 2207
f 2207 2110 2208
f 2110 2111 2208
f 2208 2111 2209
f 2111 2112 2209
f 2209 2112 2210
f 2112 2113 2210
f 2210 2113 2211
f 2113 2114 2211
f 2211 2114 2212
f 2114 2115 2212
f 2212 2115 2213
f 2115 2116 2213
f 2213 2116 2214
f 2116 2117 2214
f 2214 2117 2215
f 2117 2118 2215
f 2215 2118 2216
f 2118 2119 2216
f 2216 2119 2217
f 2119 2120 2217
f 2217 2120 2218
f 2120 2121 2218
f 2218 2121 2219
f 2121 2122 2219
f 2219 2122 2220
f 2122 2123 2220
f 2220 2123 2221
f 2123 2124 2221
f 2221 2124 2222
f 2124 2125 2222
f 2222 2125 2223
f 2125 2126 2223
f 2223 2126 2224
f 2126 2127 2224
f 2224 2127 2225
f 2127 2128 2225
f 2225 2128 2226
f 2128 2129 2226
f 2226 2129 2227
f 2129 2130 2227
f 2227 2130 2228
f 2130 2131 2228
f 2228 2131 2229
f 2131 2132 2229
f 2229 2132 2230
f 2132 2133 2230
f 2230 2133 2231
f 2133 2134 2231
f 2231 2134 2232
f 2134 2135 2232
f 2232 2135 2233
f 2135 2136 2233
f 2233 2136 2234
f 2136 2137 2234
f 2234 2137 2235
f 2137 2138 2235
f 2235 2138 2236
f 2138 2139 2236
f 2236 2139 2237
f 2139 2140 2237
f 2237 2140 2238
f 2140 2141 2238
f 2238 2141 2239
f 2141 2142 2239
f 2239 2142 2240
f 2142 2143 2240
f 2240 2143 2241
f 2143 2144 2241
f 2241 2144 2242
f 2144 2145 2242
f 2242 2145 2243
f 2145 2146 2243
f 2243 2146 2244
f 2146 2147 2244
f 2244 2147 2245
f 2147 2148 2245
f 2245 2148 2246
f 2148 2149 2246
f 2246 2149 2247
f 2149 2150 2247
f 2247 2150 2248
f 2150 2151 2248
f 2248 2151 2249
f 2151 2152 2249
f 2249 2152 2250
f 2152 2153 2250
f 2250 2153 2251
f 2153 2154 2251
f 2251 2154 2252
f 2154 2155 2252
f 2252 2155 2253
f 2155 2156 2253
f 2253 2156 2254
f 2156 2157 2254
f 2254 2157 2255
f 2157 2158 2255
f 2255 2158 2256
f 2158 2159 2256
f 2256 2159 2257
f 2159 2160 2257
f 2257 2160 2258
f 2160 2161 2258
f 2259 2162 2260
f 2162 2163 2260
f 2260 2163 2261
f 2163 2164 2261
f 2261 2164 2262
f 2164 2165 2262
f 2262 2165 2263
f 2165 2166 2263
f 2263 2166 2264
f 2166 2167 2264
f 2264 2167 2265
f 2167 2168 2265
f 2265 2168 2266
f 2168 2169 2266
f 2266 2169 2267
f 2169 2170 2267
f 2267 2170 2268
f 2170 2171 2268
f 2268 2171 2269
f 2171 2172 2269
f 2269 2172 2270
f 2172 2173 2270
f 2270 2173 2271
f 2173 2174 2271
f 2271 2174 2272
f 2174 2175 2272
f 2272 2175 2273
f 2175 2176 2273
f 2273 2176 2274
f 2176 2177 2274
f 2274 2177 2275
f 2177 2178 2275
f 2275 2178 2276
f 2178 2179 2276
f 2276 2179 2277
f 2179 2180 2277
f 2277 2180 2278
f 2180 2181 2278
f 2278 2181 2279
f 2181 2182 2279
f 2279 2182 2280
f 2182 2183 2280
f 2280 2183 2281
f 2183 2184 2281
f 2281 2184 2282
f 2184 2185 2282
f 2282 2185 2283
f 2185 2186 2283
f 2283 2186 2284
f 2186 2187 2284
f 2284 2187 2285
f 2187 2188 2285
f 2285 2188 2286
f 2188 2189 2286
f 2286 2189 2287
f 2189 2190 2287
f 2287 2190 2288
f 2190 2191 2288
f 2288 2191 2289
f 2191 2192 2289
f 2289 2192 2290
f 2192 2193 2290
f 2290 2193 2291
f 2193 2194 2291
f 2291 2194 2292
f 2194 2195 2292
f 2292 2195 2293
f 2195 2196 2293
f 2293 2196 2294
f 2196 2197 2294
f 2294 2197 2295
f 2197 2198 2295
f 2295 2198 2296
f 2198 2199 2296
f 2296 2199 2297
f 2199 2200 2297
f 2297 2200 2298
f 2200 2201 2298
f 2298 2201 2299
f 2201 2202 2299
f 2299 2202 2300
f 2202 2203 2300
f 2300 2203 2301
f 2203 2204 2301
f 2301 2204 2302
f 2204 2205 2302
f 2302 2205 2303
f 2205 2206 2303
f 2303 2206 2304
f 2206 2207 2304
f 2304 2207 2305
f 2207 2208 2305
f 2305 2208 2306
f 2208 2209 2306
f 2306 2209 2307
f 2209 2210 2307
f 2307 2210 2308
f 2210 2211 2308
f 2308 2211 2309
f 2211 2212 2309
f 2309 2212 2310
f 2212 2213 2310
f 2310 2213 2311
f 2213 2214 2311
f 2311 2214 2312
f 2214 2215 2312
f 2312 2215 2313
f 2215 2216 2313
f 2313 2216 2314
f 2216 2217 2314
f 2314 2217 2315
f 2217 2218 2315
f 2315 2218 2316
f 2218 2219 2316
f 2316 2219 2317
f 2219 2220 2317
f 2317 2220 2318
f 2220 2221 2318
f 2318 2221 2319
f 2221 2222 2319
f 2319 2222 2320
f 2222 2223 2320
f 2320 2223 2321
f 2223 2224 2321
f 2321 2224 2322
f 2224 2225 2322
f 2322 2225 2323
f 2225 2226 2323
f 2323 2226 2324
f 2226 2227 2324
f 2324 2227 2325
f 2227 2228 2325
f 2325 2228 2326
f 2228 2229 2326
f 2326 2229 2327
f 2229 2230 2327
f 2327 2230 2328
f 2230 2231 2328
f 2328 2231 2329
f 2231 2232 2329
f 2329 2232 2330
f 2232 2233 2330
f 2330 2233 2331
f 2233 2234 2331
f 2331 2234 2332
f 2234 2235 2332
f 2332 2235 2333
f 2235 2236 2333
f 2333 2236 2334
f 2236 2237 2334
f 2334 2237 2335
f 2237 2238 2335
f 2335 2238 2336
f 2238 2239 2336
f 2336 2239 2337
f 2239 2240 2337
f 2337 2240 2338
f 2240 2241 2338
f 2338 2241 2339
f 2241 2242 2339
f 2339 2242 2340
f 2242 2243 2340
f 2340 2243 2341
f 2243 2244 2341
f 2341 2244 2342
f 2244 2245 2342
f 2342 2245 2343
f 2245 2246 2343
f 2343 2246 2344
f 2246 2247 2344
f 2344 2247 2345
f 2247 2248 2345
f 2345 2248 2346
f 2248 2249 2346
f 2346 2249 2347
f 2249 2250 2347
f 2347 2250 2348
f 2250 2251 2348
f 2348 2251 2349
f 2251 2252 2349
f 2349 2252 2350
f 2252 2253 2350
f 2350 2253 2351
f 2253 2254 2351
f 2351 2254 2352
f 2254 2255 2352
f 2352 2255 2353
f 2255 2256 2353
f 2353 2256 2354
f 2256 2257 2354
f 2354 2257 2355
f 2257 2258 2355
f 2356 2259 2357
f 2259 2260 2357
f 2357 2260 2358
f 2260 2261 2358
f 2358 2261 2359
f 2261 2262 2359
f 2359 2262 2360
f 2262 2263 2360
f 2360 2263 2361
f 2263 2264 2361
f 2361 2264 2362
f 2264 2265 2362
f 2362 2265 2363
f 2265 2266 2363
f 2363 2266 2364
f 2266 2267 2364
f 2364 2267 2365
f 2267 2268 2365
f 2365 2268 2366
f 2268 2269 2366
f 2366 2269 2367
f 2269 2270 2367
f 2367 2270 2368
f 2270 2271 2368
f 2368 2271 2369
f 2271 2272 2369
f 2369 2272 2370
f 2272 2273 2370
f 2370 2273 2371
f 2273 2274 2371
f 2371 2274 2372
f 2274 2275 2372
f 2372 2275 2373
f 2275 2276 2373
f 2373 2276 2374
f 2276 2277 2374
f 2374 2277 2375
f 2277 2278 2375
f 2375 2278 2376
f 2278 2279 2376
f 2376 2279 2377
f 2279 2280 2377
f 2377 2280 2378
f 2280 2281 2378
f 2378 2281 2379
f 2281 2282 2379
f 2379 2282 2380
f 2282 2283 2380
f 2380 2283 2381
f 2283 2284 2381
f 2381 2284 2382
f 2284 2285 2382
f 2382 2285 2383
f 2285 2286 2383
f 2383 2286 2384
f 2286 2287 2384
f 2384 2287 2385
f 2287 2288 2385
f 2385 2288 2386
f 2288 2289 2386
f 2386 2289 2387
f 2289 2290 2387
f 2387 2290 2388
f 2290 2291 2388
f 2388 2291 2389
f 2291 2292 2389
f 2389 2292 2390
f 2292 2293 2390
f 2390 2293 2391
f 2293 2294 2391
f 2391 2294 2392
f 2294 2295 2392
f 2392 2295 2393
f 2295 2296 2393
f 2393 2296 2394
f 2296 2297 2394
f 2394 2297 2395
f 2297 2298 2395
f 2395 2298 2396
f 2298 2299 2396
f 2396 2299 2397
f 2299 2300 2397
f 2397 2300 2398
f 2300 2301 2398
f 2398 2301 2399
f 2301 2302 2399
f 2399 2302 2400
f 2302 2303 2400
f 2400 2303 2401
f 2303 2304 2401
f 2401 2304 2402
f 2304 2305 2402
f 2402 2305 2403
f 2305 2306 2403
f 2403 2306 2404
f 2306 2307 2404
f 2404 2307 2405
f 2307 2308 2405
f 2405 2308 2406
f 2308 2309 2406
f 2406 2309 2407
f 2309 2310 2407
f 2407 2310 2408
f 2310 2311 2408
f 2408 2311 2409
f 2311 2312 2409
f 2409 2312 2410
f 2312 2313 2410
f 2410 2313 2411
f 2313 2314 2411
f 2411 2314 2412
f 2314 2315 2412
f 2412 2315 2413
f 2315 2316 2413
f 2413 2316 2414
f 2316 2317 2414
f 2414 2317 2415
f 2317 2318 2415
f 2415 2318 2416
f 2318 2319 2416
f 2416 2319 2417
f 2319 2320 2417
f 2417 2320 2418
f 2320 2321 2418
f 2418 2321 2419
f 2321 2322 2419
f 2419 2322 2420
f 2322 2323 2420
f 2420 2323 2421
f 2323 2324 2421
f 2421 2324 2422
f 2324 2325 2422
f 2422 2325 2423
f 2325 2326 2423
f 2423 2326 2424
f 2326 2327 2424
f 2424 2327 2425
f 2327 2328 2425
f 2425 2328 2426
f 2328 2329 2426
f 2426 2329 2427
f 2329 2330 2427
f 2427 2330 2428
f 2330 2331 2428
f 2428 2331 2429
f 2331 2332 2429
f 2429 2332 2430
f 2332 2333 2430
f 2430 2333 2431
f 2333 2334 2431
f 2431 2334 2432
f 2334 2335 2432
f 2432 2335 2433
f 2335 2336 2433
f 2433 2336 2434
f 2336 2337 2434
f 2434 2337 2435
f 2337 2338 2435
f 2435 2338 2436
f 2338 2339 2436
f 2436 2339 2437
f 2339 2340 2437
f 2437 2340 2438
f 2340 2341 2438
f 2438 2341 2439
f 2341 2342 2439
f 2439 2342 2440
f 2342 2343 2440
f 2440 2343 2441
f 2343 2344 2441
f 2441 2344 2442
f 2344 2345 2442
f 2442 2345 2443
f 2345 2346 2443
f 2443 2346 2444
f 2346 2347 2444
f 2444 2347 2445
f 2347 2348 2445
f 2445 2348 2446
f 2348 2349 2446
f 2446 2349 2447
f 2349 2350 2447
f 2447 2350 2448
f 2350 2351 2448
f 2448 2351 2449
f 2351 2352 2449
f 2449 2352 2450
f 2352 2353 2450
f 2450 2353 2451
f 2353 2354 2451
f 2451 2354 2452
f 2354 2355 2452
f 2453 2356 2454
f 2356 2357 2454
f 2454 2357 2455
f 2357 2358 2455
f 2455 2358 2456
f 2358 2359 2456
f 2456 2359 2457
f 2359 2360 2457
f 2457 2360 2458
f 2360 2361 2458
f 2458 2361 2459
f 2361 2362 2459
f 2459 2362 2460
f 2362 2363 2460
f 2460 2363 2461
f 2363 2364 2461
f 2461 2364 2462
f 2364 2365 2462
f 2462 2365 2463
f 2365 2366 2463
f 2463 2366 2464
f 2366 2367 2464
f 2464 2367 2465
f 2367 2368 2465
f 2465 2368 2466
f 2368 2369 2466
f 2466 2369 2467
f 2369 2370 2467
f 2467 2370 2468
f 2370 2371 2468
f 2468 2371 2469
f 2371 2372 2469
f 2469 2372 2470
f 2372 2373 2470
f 2470 2373 2471
f 2373 2374 2471
f 2471 2374 2472
f 2374 2375 2472
f 2472 2375 2473
f 2375 2376 2473
f 2473 2376 2474
f 2376 2377 2474
f 2474 2377 2475
f 2377 2378 2475
f 2475 2378 2476
f 2378 2379 2476
f 2476 2379 2477
f 2379 2380 2477
f 2477 2380 2478
f 2380 2381 2478
f 2478 2381 2479
f 2381 2382 2479
f 2479 2382 2480
f 2382 2383 2480
f 2480 2383 2481
f 2383 2384 2481
f 2481 2384 2482
f 2384 2385 2482
f 2482 2385 2483
f 2385 2386 2483
f 2483 2386 2484
f 2386 2387 2484
f 2484 2387 2485
f 2387 2388 2485
f 2485 2388 2486
f 2388 2389 2486
f 2486 2389 2487
f 2389 2390 2487
f 2487 2390 2488
f 2390 2391 2488
f 2488 2391 2489
f 2391 2392 2489
f 2489 2392 2490
f 2392 2393 2490
f 2490 2393 2491
f 2393 2394 2491
f 2491 2394 2492
f 2394 2395 2492
f 2492 2395 2493
f 2395 2396 2493
f 2493 2396 2494
f 2396 2397 2494
f 2494 2397 2495
f 2397 2398 2495
f 2495 2398 2496
f 2398 2399 2496
f 2496 2399 2497
f 2399 2400 2497
f 2497 2400 2498
f 2400 2401 2498
f 2498 2401 2499
f 2401 2402 2499
f 2499 2402 2500
f 2402 2403 2500
f 2500 2403 2501
f 2403 2404 2501
f 2501 2404 2502
f 2404 2405 2502
f 2502 2405 2503
f 2405 2406 2503
f 2503 2406 2504
f 2406 2407 2504
f 2504 2407 2505
f 2407 2408 2505
f 2505 2408 2506
f 2408 2409 2506
f 2506 2409 2507
f 2409 2410 2507
f 2507 2410 2508
f 2410 2411 2508
f 2508 2411 2509
f 2411 2412 2509
f 2509 2412 2510
f 2412 2413 2510
f 2510 2413 2511
f 2413 2414 2511
f 2511 2414 2512
f 2414 2415 2512
f 2512 2415 2513
f 2415 2416 2513
f 2513 2416 2514
f 2416 2417 2514
f 2514 2417 2515
f 2417 2418 2515
f 2515 2418 2516
f 2418 2419 2516
f 2516 2419 2517
f 2419 2420 2517
f 2517 2420 2518
f 2420 2421 2518
f 2518 2421 2519
f 2421 2422 2519
f 2519 2422 2520
f 2422 2423 2520
f 2520 2423 2521
f 2423 2424 2521
f 2521 2424 2522
f 2424 2425 2522
f 2522 2425 2523
f 2425 2426 2523
f 2523 2426 2524
f 2426 2427 2524
f 2524 2427 2525
f 2427 2428 2525
f 2525 2428 2526
f 2428 2429 2526
f 2526 2429 2527
f 2429 2430 2527
f 2527 2430 2528
f 2430 2431 2528
f 2528 2431 2529
f 2431 2432 2529
f 2529 2432 2530
f 2432 2433 2530
f 2530 2433 2531
f 2433 2434 2531
f 2531 2434 2532
f 2434 2435 2532
f 2532 2435 2533
f 2435 2436 2533
f 2533 2436 2534
f 2436 2437 2534
f 2534 2437 2535
f 2437 2438 2535
f 2535 2438 2536
f 2438 2439 2536
f 2536 2439 2537
f 2439 2440 2537
f 2537 2440 2538
f 2440 2441 2538
f 2538 2441 2539
f 2441 2442 2539
f 2539 2442 2540
f 2442 2443 2540
f 2540 2443 2541
f 2443 2444 2541
f 2541 2444 2542
f 2444 2445 2542
f 2542 2445 2543
f 2445 2446 2543
f 2543 2446 2544
f 2446 2447 2544
f 2544 2447 2545
f 2447 2448 2545
f 2545 2448 2546
f 2448 2449 2546
f 2546 2449 2547
f 2449 2450 2547
f 2547 2450 2548
f 2450 2451 2548
f 2548 2451 2549
f 2451 2452 2549
f 2550 2453 2551
f 2453 2454 2551
f 2551 2454 2552
f 2454 2455 2552
f 2552 2455 2553
f 2455 2456 2553
f 2553 2456 2554
f 2456 2457 2554
f 2554 2457 2555
f 2457 2458 2555
f 2555 2458 2556
f 2458 2459 2556
f 2556 2459 2557
f 2459 2460 2557
f 2557 2460 2558
f 2460 2461 2558
f 2558 2461 2559
f 2461 2462 2559
f 2559 2462 2560
f 2462 2463 2560
f 2560 2463 2561
f 2463 2464 2561
f 2561 2464 2562
f 2464 2465 2562
f 2562 2465 2563
f 2465 2466 2563
f 2563 2466 2564
f 2466 2467 2564
f 2564 2467 2565
f 2467 2468 2565
f 2565 2468 2566
f 2468 2469 2566
f 2566 2469 2567
f 2469 2470 2567
f 2567 2470 2568
f 2470 2471 2568
f 2568 2471 2569
f 2471 2472 2569
f 2569 2472 2570
f 2472 2473 2570
f 2570 2473 2571
f 2473 2474 2571
f 2571 2474 2572
f 2474 2475 2572
f 2572 2475 2573
f 2475 2476 2573
f 2573 2476 2574
f 2476 2477 2574
f 2574 2477 2575
f 2477 2478 2575
f 2575 2478 2576
f 2478 2479 2576
f 2576 2479 2577
f 2479 2480 2577
f 2577 2480 2578
f 2480 2481 2578
f 2578 2481 2579
f 2481 2482 2579
f 2579 2482 2580
f 2482 2483 2580
f 2580 2483 2581
f 2483 2484 2581
f 2581 2484 2582
f 2484 2485 2582
f 2582 2485 2583
f 2485 2486 2583
f 2583 2486 2584
f 2486 2487 2584
f 2584 2487 2585
f 2487 2488 2585
f 2585 2488 2586
f 2488 2489 2586
f 2586 2489 2587
f 2489 2490 2587
f 2587 2490 2588
f 2490 2491 2588
f 2588 2491 2589
f 2491 2492 2589
f 2589 2492 2590
f 2492 2493 2590
f 2590 2493 2591
f 2493 2494 2591
f 2591 2494 2592
f 2494 2495 2592
f 2592 2495 2593
f 2495 2496 2593
f 2593 2496 2594
f 2496 2497 2594
f 2594 2497 2595
f 2497 2498 2595
f 2595 2498 2596
f 2498 2499 2596
f 2596 2499 2597
f 2499 2500 2597
f 2597 2500 2598
f 2500 2501 2598
f 2598 2501 2599
f 2501 2502 2599
f 2599 2502 2600
f 2502 2503 2600
f 2600 2503 2601
f 2503 2504 2601
f 2601 2504 2602
f 2504 2505 2602
f 2602 2505 2603
f 2505 2506 2603
f 2603 2506 2604
f 2506 2507 2604
f 2604 2507 2605
f 2507 2508 2605
f 2605 2508 2606
f 2508 2509 2606
f 2606 2509 2607
f 2509 2510 2607
f 2607 2510 2608
f 2510 2511 2608
f 2608 2511 2609
f 2511 2512 2609
f 2609 2512 2610
f 2512 2513 2610
f 2610 2513 2611
f 2513 2514 2611
f 2611 2514 2612
f 2514 2515 2612
f 2612 2515 2613
f 2515 2516 2613
f 2613 2516 2614
f 2516 2517 2614
f 2614 2517 2615
f 2517 2518 2615
f 2615 2518 2616
f 2518 2519 2616
f 2616 2519 2617
f 2519 2520 2617
f 2617 2520 2618
f 2520 2521 2618
f 2618 2521 2619
f 2521 2522 2619
f 2619 2522 2620
f 2522 2523 2620
f 2620 2523 2621
f 2523 2524 2621
f 2621 2524 2622
f 2524 2525 2622
f 2622 2525 2623
f 2525 2526 2623
f 2623 2526 2624
f 2526 2527 2624
f 2624 2527 2625
f 2527 2528 2625
f 2625 2528 2626
f 2528 2529 2626
f 2626 2529 2627
f 2529 2530 2627
f 2627 2530 2628
f 2530 2531 2628
f 2628 2531 2629
f 2531 2532 2629
f 2629 2532 2630
f 2532 2533 2630
f 2630 2533 2631
f 2533 2534 2631
f 2631 2534 2632
f 2534 2535 2632
f 2632 2535 2633
f 2535 2536 2633
f 2633 2536 2634
f 2536 2537 2634
f 2634 2537 2635
f 2537 2538 2635
f 2635 2538 2636
f 2538 2539 2636
f 2636 2539 2637
f 2539 2540 2637
f 2637 2540 2638
f 2540 2541 2638
f 2638 2541 2639
f 2541 2542 2639
f 2639 2542 2640
f 2542 2543 2640
f 2640 2543 2641
f 2543 2544 2641
f 2641 2544 2642
f 2544 2545 2642
f 2642 2545 2643
f 2545 2546 2643
f 2643 2546 2644
f 2546 2547 2644
f 2644 2547 2645
f 2547 2548 2645
f 2645 2548 2646
f 2548 2549 2646
f 2647 2550 2648
f 2550 2551 2648
f 2648 2551 2649
f 2551 2552 2649
f 2649 2552 2650
f 2552 2553 2650
f 2650 2553 2651
f 2553 2554 2651
f 2651 2554 2652
f 2554 2555 2652
f 2652 2555 2653
f 2555 2556 2653
f 2653 2556 2654
f 2556 2557 2654
f 2654 2557 2655
f 2557 2558 2655
f 2655 2558 2656
f 2558 2559 2656
f 2656 2559 2657
f 2559 2560 2657
f 2657 2560 2658
f 2560 2561 2658
f 2658 2561 2659
f 2561 2562 2659
f 2659 2562 2660
f 2562 2563 2660
f 2660 2563 2661
f 2563 2564 2661
f 2661 2564 2662
f 2564 2565 2662
f 2662 2565 2663
f 2565 2566 2663
f 2663 2566 2664
f 2566 2567 2664
f 2664 2567 2665
f 2567 2568 2665
f 2665 2568 2666
f 2568 2569 2666
f 2666 2569 2667
f 2569 2570 2667
f 2667 2570 2668
f 2570 2571 2668
f 2668 2571 2669
f 2571 2572 2669
f 2669 2572 2670
f 2572 2573 2670
f 2670 2573 2671
f 2573 2574 2671
f 2671 2574 2672
f 2574 2575 2672
f 2672 2575 2673
f 2575 2576 2673
f 2673 2576 2674
f 2576 2577 2674
f 2674 2577 2675
f 2577 2578 2675
f 2675 2578 2676
f 2578 2579 2676
f 2676 2579 2677
f 2579 2580 2677
f 2677 2580 2678
f 2580 2581 2678
f 2678 2581 2679
f 2581 2582 2679
f 2679 2582 2680
f 2582 2583 2680
f 2680 2583 2681
f 2583 2584 2681
f 2681 2584 2682
f 2584 2585 2682
f 2682 2585 2683
f 2585 2586 2683
f 2683 2586 2684
f 2586 2587 2684
f 2684 2587 2685
f 2587 2588 2685
f 2685 2588 2686
f 2588 2589 2686
f 2686 2589 2687
f 2589 2590 2687
f 2687 2590 2688
f 2590 2591 2688
f 2688 2591 2689
f 2591 2592 2689
f 2689 2592 2690
f 2592 2593 2690
f 2690 2593 2691
f 2593 2594 2691
f 2691 2594 2692
f 2594 2595 2692
f 2692 2595 2693
f 2595 2596 2693
f 2693 2596 2694
f 2596 2597 2694
f 2694 2597 2695
f 2597 2598 2695
f 2695 2598 2696
f 2598 2599 2696
f 2696 2599 2697
f 2599 2600 2697
f 2697 2600 2698
f 2600 2601 2698
f 2698 2601 2699
f 2601 2602 2699
f 2699 2602 2700
f 2602 2603 2700
f 2700 2603 2701
f 2603 2604 2701
f 2701 2604 2702
f 2604 2605 2702
f 2702 2605 2703
f 2605 2606 2703
f 2703 2606 2704
f 2606 2607 2704
f 2704 2607 2705
f 2607 2608 2705
f 2705 2608 2706
f 2608 2609 2706
f 2706 2609 2707
f 2609 2610 2707
f 2707 2610 2708
f 2610 2611 2708
f 2708 2611 2709
f 2611 2612 2709
f 2709 2612 2710
f 2612 2613 2710
f 2710 2613 2711
f 2613 2614 2711
f 2711 2614 2712
f 2614 2615 2712
f 2712 2615 2713
f 2615 2616 2713
f 2713 2616 2714
f 2616 2617 2714
f 2714 2617 2715
f 2617 2618 2715
f 2715 2618 2716
f 2618 2619 2716
f 2716 2619 2717
f 2619 2620 2717
f 2717 2620 2718
f 2620 2621 2718
f 2718 2621 2719
f 2621 2622 2719
f 2719 2622 2720
f 2622 2623 2720
f 2720 2623 2721
f 2623 2624 2721
f 2721 2624 2722
f 2624 2625 2722
f 2722 2625 2723
f 2625 2626 2723
f 2723 2626 2724
f 2626 2627 2724
f 2724 2627 2725
f 2627 2628 2725
f 2725 2628 2726
f 2628 2629 2726
f 2726 2629 2727
f 2629 2630 2727
f 2727 2630 2728
f 2630 2631 2728
f 2728 2631 2729
f 2631 2632 2729
f 2729 2632 2730
f 2632 2633 2730
f 2730 2633 2731
f 2633 2634 2731
f 2731 2634 2732
f 2634 2635 2732
f 2732 2635 2733
f 2635 2636 2733
f 2733 2636 2734
f 2636 2637 2734
f 2734 2637 2735
f 2637 2638 2735
f 2735 2638 2736
f 2638 2639 2736
f 2736 2639 2737
f 2639 2640 2737
f 2737 2640 2738
f 2640 2641 2738
f 2738 2641 2739
f 2641 2642 2739
f 2739 2642 2740
f 2642 2643 2740
f 2740 2643 2741
f 2643 2644 2741
f 2741 2644 2742
f 2644 2645 2742
f 2742 2645 2743
f 2645 2646 2743
f 2744 2647 2745
f 2647 2648 2745
f 2745 2648 2746
f 2648 2649 2746
f 2746 2649 2747
f 2649 2650 2747
f 2747 2650 2748
f 2650 2651 2748
f 2748 2651 2749
f 2651 2652 2749
f 2749 2652 2750
f 2652 2653 2750
f 2750 2653 2751
f 2653 2654 2751
f 2751 2654 2752
f 2654 2655 2752
f 2752 2655 2753
f 2655 2656 2753
f 2753 2656 2754
f 2656 2657 2754
f 2754 2657 2755
f 2657 2658 2755
f 2755 2658 2756
f 2658 2659 2756
f 2756 2659 2757
f 2659 2660 2757
f 2757 2660 2758
f 2660 2661 2758
f 2758 2661 2759
f 2661 2662 2759
f 2759 2662 2760
f 2662 2663 2760
f 2760 2663 2761
f 2663 2664 2761
f 2761 2664 2762
f 2664 2665 2762
f 2762 2665 2763
f 2665 2666 2763
f 2763 2666 2764
f 2666 2667 2764
f 2764 2667 2765
f 2667 2668 2765
f 2765 2668 2766
f 2668 2669 2766
f 2766 2669 2767
f 2669 2670 2767
f 2767 2670 2768
f 2670 2671 2768
f 2768 2671 2769
f 2671 2672 2769
f 2769 2672 2770
f 2672 2673 2770
f 2770 2673 2771
f 2673 2674 2771
f 2771 2674 2772
f 2674 2675 2772
f 2772 2675 2773
f 2675 2676 2773
f 2773 2676 2774
f 2676 2677 2774
f 2774 2677 2775
f 2677 2678 2775
f 2775 2678 2776
f 2678 2679 2776
f 2776 2679 2777
f 2679 2680 2777
f 2777 2680 2778
f 2680 2681 2778
f 2778 2681 2779
f 2681 2682 2779
f 2779 2682 2780
f 2682 2683 2780
f 2780 2683 2781
f 2683 2684 2781
f 2781 2684 2782
f 2684 2685 2782
f 2782 2685 2783
f 2685 2686 2783
f 2783 2686 2784
f 2686 2687 2784
f 2784 2687 2785
f 2687 2688 2785
f 2785 2688 2786
f 2688 2689 2786
f 2786 2689 2787
f 2689 2690 2787
f 2787 2690 2788
f 2690 2691 2788
f 2788 2691 2789
f 2691 2692 2789
f 2789 2692 2790
f 2692 2693 2790
f 2790 2693 2791
f 2693 2694 2791
f 2791 2694 2792
f 2694 2695 2792
f 2792 2695 2793
f 2695 2696 2793
f 2793 2696 2794
f 2696 2697 2794
f 2794 2697 2795
f 2697 2698 2795
f 2795 2698 2796
f 2698 2699 2796
f 2796 2699 2797
f 2699 2700 2797
f 2797 2700 2798
f 2700 2701 2798
f 2798 2701 2799
f 2701 2702 2799
f 2799 2702 2800
f 2702 2703 2800
f 2800 2703 2801
f 2703 2704 2801
f 2801 2704 2802
f 2704 2705 2802
f 2802 2705 2803
f 2705 2706 2803
f 2803 2706 2804
f 2706 2707 2804
f 2804 2707 2805
f 2707 2708 2805
f 2805 2708 2806
f 2708 2709 2806
f 2806 2709 2807
f 2709 2710 2807
f 2807 2710 2808
f 2710 2711 2808
f 2808 2711 2809
f 2711 2712 2809
f 2809 2712 2810
f 2712 2713 2810
f 2810 2713 2811
f 2713 2714 2811
f 2811 2714 2812
f 2714 2715 2812
f 2812 2715 2813
f 2715 2716 2813
f 2813 2716 2814
f 2716 2717 2814
f 2814 2717 2815
f 2717 2718 2815
f 2815 2718 2816
f 2718 2719 2816
f 2816 2719 2817
f 2719 2720 2817
f 2817 2720 2818
f 2720 2721 2818
f 2818 2721 2819
f 2721 2722 2819
f 2819 2722 2820
f 2722 2723 2820
f 2820 2723 2821
f 2723 2724 2821
f 2821 2724 2822
f 2724 2725 2822
f 2822 2725 2823
f 2725 2726 2823
f 2823 2726 2824
f 2726 2727 2824
f 2824 2727 2825
f 2727 2728 2825
f 2825 2728 2826
f 2728 2729 2826
f 2826 2729 2827
f 2729 2730 2827
f 2827 2730 2828
f 2730 2731 2828
f 2828 2731 2829
f 2731 2732 2829
f 2829 2732 2830
f 2732 2733 2830
f 2830 2733 2831
f 2733 2734 2831
f 2831 2734 2832
f 2734 2735 2832
f 2832 2735 2833
f 2735 2736 2833
f 2833 2736 2834
f 2736 2737 2834
f 2834 2737 2835
f 2737 2738 2835
f 2835 2738 2836
f 2738 2739 2836
f 2836 2739 2837
f 2739 2740 2837
f 2837 2740 2838
f 2740 2741 2838
f 2838 2741 2839
f 2741 2742 2839
f 2839 2742 2840
f 2742 2743 2840
f 2841 2744 2842
f 2744 2745 2842
f 2842 2745 2843
f 2745 2746 2843
f 2843 2746 2844
f 2746 2747 2844
f 2844 2747 2845
f 2747 2748 2845
f 2845 2748 2846
f 2748 2749 2846
f 2846 2749 2847
f 2749 2750 2847
f 2847 2750 2848
f 2750 2751 2848
f 2848 2751 2849
f 2751 2752 2849
f 2849 2752 2850
f 2752 2753 2850
f 2850 2753 2851
f 2753 2754 2851
f 2851 2754 2852
f 2754 2755 2852
f 2852 2755 2853
f 2755 2756 2853
f 2853 2756 2854
f 2756 2757 2854
f 2854 2757 2855
f 2757 2758 2855
f 2855 2758 2856
f 2758 2759 2856
f 2856 2759 2857
f 2759 2760 2857
f 2857 2760 2858
f 2760 2761 2858
f 2858 2761 2859
f 2761 2762 2859
f 2859 2762 2860
f 2762 2763 2860
f 2860 2763 2861
f 2763 2764 2861
f 2861 2764 2862
f 2764 2765 2862
f 2862 2765 2863
f 2765 2766 2863
f 2863 2766 2864
f 2766 2767 2864
f 2864 2767 2865
f 2767 2768 2865
f 2865 2768 2866
f 2768 2769 2866
f 2866 2769 2867
f 2769 2770 2867
f 2867 2770 2868
f 2770 2771 2868
f 2868 2771 2869
f 2771 2772 2869
f 2869 2772 2870
f 2772 2773 2870
f 2870 2773 2871
f 2773 2774 2871
f 2871 2774 2872
f 2774 2775 2872
f 2872 2775 2873
f 2775 2776 2873
f 2873 2776 2874
f 2776 2777 2874
f 2874 2777 2875
f 2777 2778 2875
f 2875 2778 2876
f 2778 2779 2876
f 2876 2779 2877
f 2779 2780 2877
f 2877 2780 2878
f 2780 2781 2878
f 2878 2781 2879
f 2781 2782 2879
f 2879 2782 2880
f 2782 2783 2880
f 2880 2783 2881
f 2783 2784 2881
f 2881 2784 2882
f 2784 2785 2882
f 2882 2785 2883
f 2785 2786 2883
f 2883 2786 2884
f 2786 2787 2884
f 2884 2787 2885
f 2787 2788 2885
f 2885 2788 2886
f 2788 2789 2886
f 2886 2789 2887
f 2789 2790 2887
f 2887 2790 2888
f 2790 2791 2888
f 2888 2791 2889
f 2791 2792 2889
f 2889 2792 2890
f 2792 2793 2890
f 2890 2793 2891
f 2793 2794 2891
f 2891 2794 2892
f 2794 2795 2892
f 2892 2795 2893
f 2795 2796 2893
f 2893 2796 2894
f 2796 2797 2894
f 2894 2797 2895
f 2797 2798 2895
f 2895 2798 2896
f 2798 2799 2896
f 2896 2799 2897
f 2799 2800 2897
f 2897 2800 2898
f 2800 2801 2898
f 2898 2801 2899
f 2801 2802 2899
f 2899 2802 2900
f 2802 2803 2900
f 2900 2803 2901
f 2803 2804 2901
f 2901 2804 2902
f 2804 2805 2902
f 2902 2805 2903
f 2805 2806 2903
f 2903 2806 2904
f 2806 2807 2904
f 2904 2807 2905
f 2807 2808 2905
f 2905 2808 2906
f 2808 2809 2906
f 2906 2809 2907
f 2809 2810 2907
f 2907 2810 2908
f 2810 2811 2908
f 2908 2811 2909
f 2811 2812 2909
f 2909 2812 2910
f 2812 2813 2910
f 2910 2813 2911
f 2813 2814 2911
f 2911 2814 2912
f 2814 2815 2912
f 2912 2815 2913
f 2815 2816 2913
f 2913 2816 2914
f 2816 2817 2914
f 2914 2817 2915
f 2817 2818 2915
f 2915 2818 2916
f 2818 2819 2916
f 2916 2819 2917
f 2819 2820 2917
f 2917 2820 2918
f 2820 2821 2918
f 2918 2821 2919
f 2821 2822 2919
f 2919 2822 2920
f 2822 2823 2920
f 2920 2823 2921
f 2823 2824 2921
f 2921 2824 2922
f 2824 2825 2922
f 2922 2825 2923
f 2825 2826 2923
f 2923 2826 2924
f 2826 2827 2924
f 2924 2827 2925
f 2827 2828 2925
f 2925 2828 2926
f 2828 2829 2926
f 2926 2829 2927
f 2829 2830 2927
f 2927 2830 2928
f 2830 2831 2928
f 2928 2831 2929
f 2831 2832 2929
f 2929 2832 2930
f 2832 2833 2930
f 2930 2833 2931
f 2833 2834 2931
f 2931 2834 2932
f 2834 2835 2932
f 2932 2835 2933
f 2835 2836 2933
f 2933 2836 2934
f 2836 2837 2934
f 2934 2837 2935
f 2837 2838 2935
f 2935 2838 2936
f 2838 2839 2936
f 2936 2839 2937
f 2839 2840 2937
o connection_mount
v 0 -0.8999999761581413 3.200000005960465
v 0.17558129131793976 -0.8827067613601677 3.200000005960465
v 0.3444150984287262 -0.8314915895462028 3.200000005960465
v 0.5000132322311401 -0.748322665691375 3.200000005960465
v 0.6363961100578308 -0.63639611005783 3.200000005960465
v 0.7483226656913757 -0.5000132322311394 3.200000005960465
v 0.8314915895462036 -0.3444150984287255 3.200000005960465
v 0.8827067613601685 -0.17558129131793906 3.200000005960465
v 0.8999999761581421 6.554336320259792e-16 3.200000005960465
v 0.8827067613601685 0.17558129131794045 3.200000005960465
v 0.8314915895462036 0.3444150984287269 3.200000005960465
v 0.7483226656913757 0.5000132322311409 3.200000005960465
v 0.6363961100578308 0.6363961100578316 3.200000005960465
v 0.5000132322311401 0.7483226656913765 3.200000005960465
v 0.3444150984287262 0.8314915895462044 3.200000005960465
v 0.17558129131793976 0.8827067613601692 3.200000005960465
v 1.1021821011522021e-16 0.8999999761581429 3.200000005960465
v -0.17558129131793976 0.8827067613601692 3.200000005960465
v -0.3444150984287262 0.8314915895462044 3.200000005960465
v -0.5000132322311401 0.7483226656913765 3.200000005960465
v -0.6363961100578308 0.6363961100578316 3.200000005960465
v -0.7483226656913757 0.5000132322311409 3.200000005960465
v -0.8314915895462036 0.3444150984287269 3.200000005960465
v -0.8827067613601685 0.17558129131794045 3.200000005960465
v -0.8999999761581421 8.758700555651421e-16 3.200000005960465
v -0.8827067613601685 -0.17558129131793906 3.200000005960465
v -0.8314915895462036 -0.3444150984287255 3.200000005960465
v -0.7483226656913757 -0.5000132322311394 3.200000005960465
v -0.6363961100578308 -0.63639611005783 3.200000005960465
v -0.5000132322311401 -0.748322665691375 3.200000005960465
v -0.3444150984287262 -0.8314915895462028 3.200000005960465
v -0.17558129131793976 -0.8827067613601677 3.200000005960465
v -2.2043642023044041e-16 -0.8999999761581413 3.200000005960465
v 0 -0.8999999761581415 2.3999999940395362
v 0.17558129131793976 -0.8827067613601679 2.3999999940395362
v 0.3444150984287262 -0.8314915895462031 2.3999999940395362
v 0.5000132322311401 -0.7483226656913752 2.3999999940395362
v 0.6363961100578308 -0.6363961100578303 2.3999999940395362
v 0.7483226656913757 -0.5000132322311396 2.3999999940395362
v 0.8314915895462036 -0.3444150984287257 2.3999999940395362
v 0.8827067613601685 -0.17558129131793923 2.3999999940395362
v 0.8999999761581421 4.777979454389762e-16 2.3999999940395362
v 0.8827067613601685 0.17558129131794029 2.3999999940395362
v 0.8314915895462036 0.3444150984287267 2.3999999940395362
v 0.7483226656913757 0.5000132322311407 2.3999999940395362
v 0.6363961100578308 0.6363961100578314 2.3999999940395362
v 0.5000132322311401 0.7483226656913763 2.3999999940395362
v 0.3444150984287262 0.8314915895462042 2.3999999940395362
v 0.17558129131793976 0.882706761360169 2.3999999940395362
v 1.1021821011522021e-16 0.8999999761581426 2.3999999940395362
v -0.17558129131793976 0.882706761360169 2.3999999940395362
v -0.3444150984287262 0.8314915895462042 2.3999999940395362
v -0.5000132322311401 0.7483226656913763 2.3999999940395362
v -0.6363961100578308 0.6363961100578314 2.3999999940395362
v -0.7483226656913757 0.5000132322311407 2.3999999940395362
v -0.8314915895462036 0.3444150984287267 2.3999999940395362
v -0.8827067613601685 0.17558129131794029 2.3999999940395362
v -0.8999999761581421 6.982343689781391e-16 2.3999999940395362
v -0.8827067613601685 -0.17558129131793923 2.3999999940395362
v -0.8314915895462036 -0.3444150984287257 2.3999999940395362
v -0.7483226656913757 -0.5000132322311396 2.3999999940395362
v -0.6363961100578308 -0.6363961100578303 2.3999999940395362
v -0.5000132322311401 -0.7483226656913752 2.3999999940395362
v -0.3444150984287262 -0.8314915895462031 2.3999999940395362
v -0.17558129131793976 -0.8827067613601679 2.3999999940395362
v -2.2043642023044041e-16 -0.8999999761581415 2.3999999940395362
v 0 7.105427370835893e-16 3.200000005960465
v 0 7.105427370835893e-16 3.200000005960465
v 0 7.105427370835893e-16 3.200000005960465
v 0 7.105427370835893e-16 3.200000005960465
v 0 7.105427370835893e-16 3.200000005960465
v 0 7.105427370835893e-16 3.200000005960465
v 0 7.105427370835893e-16 3.200000005960465
v 0 7.105427370835893e-16 3.200000005960465
v 0 7.105427370835893e-16 3.200000005960465
v 0 7.105427370835893e-16 3.200000005960465
v 0 7.105427370835893e-16 3.200000005960465
v 0 7.105427370835893e-16 3.200000005960465
v 0 7.105427370835893e-16 3.200000005960465
v 0 7.105427370835893e-16 3.200000005960465
v 0 7.105427370835893e-16 3.200000005960465
v 0 7.105427370835893e-16 3.200000005960465
v 0 7.105427370835893e-16 3.200000005960465
v 0 7.105427370835893e-16 3.200000005960465
v 0 7.105427370835893e-16 3.200000005960465
v 0 7.105427370835893e-16 3.200000005960465
v 0 7.105427370835893e-16 3.200000005960465
v 0 7.105427370835893e-16 3.200000005960465
v 0 7.105427370835893e-16 3.200000005960465
v 0 7.105427370835893e-16 3.200000005960465
v 0 7.105427370835893e-16 3.200000005960465
v 0 7.105427370835893e-16 3.200000005960465
v 0 7.105427370835893e-16 3.200000005960465
v 0 7.105427370835893e-16 3.200000005960465
v 0 7.105427370835893e-16 3.200000005960465
v 0 7.105427370835893e-16 3.200000005960465
v 0 7.105427370835893e-16 3.200000005960465
v 0 7.105427370835893e-16 3.200000005960465
v 0 -0.8999999761581413 3.200000005960465
v 0.17558129131793976 -0.8827067613601677 3.200000005960465
v 0.3444150984287262 -0.8314915895462028 3.200000005960465
v 0.5000132322311401 -0.748322665691375 3.200000005960465
v 0.6363961100578308 -0.63639611005783 3.200000005960465
v 0.7483226656913757 -0.5000132322311394 3.200000005960465
v 0.8314915895462036 -0.3444150984287255 3.200000005960465
v 0.8827067613601685 -0.17558129131793906 3.200000005960465
v 0.8999999761581421 6.554336320259792e-16 3.200000005960465
v 0.8827067613601685 0.17558129131794045 3.200000005960465
v 0.8314915895462036 0.3444150984287269 3.200000005960465
v 0.7483226656913757 0.5000132322311409 3.200000005960465
v 0.6363961100578308 0.6363961100578316 3.200000005960465
v 0.5000132322311401 0.7483226656913765 3.200000005960465
v 0.3444150984287262 0.8314915895462044 3.200000005960465
v 0.17558129131793976 0.8827067613601692 3.200000005960465
v 1.1021821011522021e-16 0.8999999761581429 3.200000005960465
v -0.17558129131793976 0.8827067613601692 3.200000005960465
v -0.3444150984287262 0.8314915895462044 3.200000005960465
v -0.5000132322311401 0.7483226656913765 3.200000005960465
v -0.6363961100578308 0.6363961100578316 3.200000005960465
v -0.7483226656913757 0.5000132322311409 3.200000005960465
v -0.8314915895462036 0.3444150984287269 3.200000005960465
v -0.8827067613601685 0.17558129131794045 3.200000005960465
v -0.8999999761581421 8.758700555651421e-16 3.200000005960465
v -0.8827067613601685 -0.17558129131793906 3.200000005960465
v -0.8314915895462036 -0.3444150984287255 3.200000005960465
v -0.7483226656913757 -0.5000132322311394 3.200000005960465
v -0.6363961100578308 -0.63639611005783 3.200000005960465
v -0.5000132322311401 -0.748322665691375 3.200000005960465
v -0.3444150984287262 -0.8314915895462028 3.200000005960465
v -0.17558129131793976 -0.8827067613601677 3.200000005960465
v -2.2043642023044041e-16 -0.8999999761581413 3.200000005960465
v 0 5.329070504965863e-16 2.3999999940395362
v 0 5.329070504965863e-16 2.3999999940395362
v 0 5.329070504965863e-16 2.3999999940395362
v 0 5.329070504965863e-16 2.3999999940395362
v 0 5.329070504965863e-16 2.3999999940395362
v 0 5.329070504965863e-16 2.3999999940395362
v 0 5.329070504965863e-16 2.3999999940395362
v 0 5.329070504965863e-16 2.3999999940395362
v 0 5.329070504965863e-16 2.3999999940395362
v 0 5.329070504965863e-16 2.3999999940395362
v 0 5.329070504965863e-16 2.3999999940395362
v 0 5.329070504965863e-16 2.3999999940395362
v 0 5.329070504965863e-16 2.3999999940395362
v 0 5.329070504965863e-16 2.3999999940395362
v 0 5.329070504965863e-16 2.3999999940395362
v 0 5.329070504965863e-16 2.3999999940395362
v 0 5.329070504965863e-16 2.3999999940395362
v 0 5.329070504965863e-16 2.3999999940395362
v 0 5.329070504965863e-16 2.3999999940395362
v 0 5.329070504965863e-16 2.3999999940395362
v 0 5.329070504965863e-16 2.3999999940395362
v 0 5.329070504965863e-16 2.3999999940395362
v 0 5.329070504965863e-16 2.3999999940395362
v 0 5.329070504965863e-16 2.3999999940395362
v 0 5.329070504965863e-16 2.3999999940395362
v 0 5.329070504965863e-16 2.3999999940395362
v 0 5.329070504965863e-16 2.3999999940395362
v 0 5.329070504965863e-16 2.3999999940395362
v 0 5.329070504965863e-16 2.3999999940395362
v 0 5.329070504965863e-16 2.3999999940395362
v 0 5.329070504965863e-16 2.3999999940395362
v 0 5.329070504965863e-16 2.3999999940395362
v 0 -0.8999999761581415 2.3999999940395362
v 0.17558129131793976 -0.8827067613601679 2.3999999940395362
v 0.3444150984287262 -0.8314915895462031 2.3999999940395362
v 0.5000132322311401 -0.7483226656913752 2.3999999940395362
v 0.6363961100578308 -0.6363961100578303 2.3999999940395362
v 0.7483226656913757 -0.5000132322311396 2.3999999940395362
v 0.8314915895462036 -0.3444150984287257 2.3999999940395362
v 0.8827067613601685 -0.17558129131793923 2.3999999940395362
v 0.8999999761581421 4.777979454389762e-16 2.3999999940395362
v 0.8827067613601685 0.17558129131794029 2.3999999940395362
v 0.8314915895462036 0.3444150984287267 2.3999999940395362
v 0.7483226656913757 0.5000132322311407 2.3999999940395362
v 0.6363961100578308 0.6363961100578314 2.3999999940395362
v 0.5000132322311401 0.7483226656913763 2.3999999940395362
v 0.3444150984287262 0.8314915895462042 2.3999999940395362
v 0.17558129131793976 0.882706761360169 2.3999999940395362
v 1.1021821011522021e-16 0.8999999761581426 2.3999999940395362
v -0.17558129131793976 0.882706761360169 2.3999999940395362
v -0.3444150984287262 0.8314915895462042 2.3999999940395362
v -0.5000132322311401 0.7483226656913763 2.3999999940395362
v -0.6363961100578308 0.6363961100578314 2.3999999940395362
v -0.7483226656913757 0.5000132322311407 2.3999999940395362
v -0.8314915895462036 0.3444150984287267 2.3999999940395362
v -0.8827067613601685 0.17558129131794029 2.3999999940395362
v -0.8999999761581421 6.982343689781391e-16 2.3999999940395362
v -0.8827067613601685 -0.17558129131793923 2.3999999940395362
v -0.8314915895462036 -0.3444150984287257 2.3999999940395362
v -0.7483226656913757 -0.5000132322311396 2.3999999940395362
v -0.6363961100578308 -0.6363961100578303 2.3999999940395362
v -0.5000132322311401 -0.7483226656913752 2.3999999940395362
v -0.3444150984287262 -0.8314915895462031 2.3999999940395362
v -0.17558129131793976 -0.8827067613601679 2.3999999940395362
v -2.2043642023044041e-16 -0.8999999761581415 2.3999999940395362
f 2938 2971 2939
f 2971 2972 2939
f 2939 2972 2940
f 2972 2973 2940
f 2940 2973 2941
f 2973 2974 2941
f 2941 2974 2942
f 2974 2975 2942
f 2942 2975 2943
f 2975 2976 2943
f 2943 2976 2944
f 2976 2977 2944
f 2944 2977 2945
f 2977 2978 2945
f 2945 2978 2946
f 2978 2979 2946
f 2946 2979 2947
f 2979 2980 2947
f 2947 2980 2948
f 2980 2981 2948
f 2948 2981 2949
f 2981 2982 2949
f 2949 2982 2950
f 2982 2983 2950
f 2950 2983 2951
f 2983 2984 2951
f 2951 2984 2952
f 2984 2985 2952
f 2952 2985 2953
f 2985 2986 2953
f 2953 2986 2954
f 2986 2987 2954
f 2954 2987 2955
f 2987 2988 2955
f 2955 2988 2956
f 2988 2989 2956
f 2956 2989 2957
f 2989 2990 2957
f 2957 2990 2958
f 2990 2991 2958
f 2958 2991 2959
f 2991 2992 2959
f 2959 2992 2960
f 2992 2993 2960
f 2960 2993 2961
f 2993 2994 2961
f 2961 2994 2962
f 2994 2995 2962
f 2962 2995 2963
f 2995 2996 2963
f 2963 2996 2964
f 2996 2997 2964
f 2964 2997 2965
f 2997 2998 2965
f 2965 2998 2966
f 2998 2999 2966
f 2966 2999 2967
f 2999 3000 2967
f 2967 3000 2968
f 3000 3001 2968
f 2968 3001 2969
f 3001 3002 2969
f 2969 3002 2970
f 3002 3003 2970
f 3036 3037 3004
f 3037 3038 3005
f 3038 3039 3006
f 3039 3040 3007
f 3040 3041 3008
f 3041 3042 3009
f 3042 3043 3010
f 3043 3044 3011
f 3044 3045 3012
f 3045 3046 3013
f 3046 3047 3014
f 3047 3048 3015
f 3048 3049 3016
f 3049 3050 3017
f 3050 3051 3018
f 3051 3052 3019
f 3052 3053 3020
f 3053 3054 3021
f 3054 3055 3022
f 3055 3056 3023
f 3056 3057 3024
f 3057 3058 3025
f 3058 3059 3026
f 3059 3060 3027
f 3060 3061 3028
f 3061 3062 3029
f 3062 3063 3030
f 3063 3064 3031
f 3064 3065 3032
f 3065 3066 3033
f 3066 3067 3034
f 3067 3068 3035
f 3102 3101 3069
f 3103 3102 3070
f 3104 3103 3071
f 3105 3104 3072
f 3106 3105 3073
f 3107 3106 3074
f 3108 3107 3075
f 3109 3108 3076
f 3110 3109 3077
f 3111 3110 3078
f 3112 3111 3079
f 3113 3112 3080
f 3114 3113 3081
f 3115 3114 3082
f 3116 3115 3083
f 3117 3116 3084
f 3118 3117 3085
f 3119 3118 3086
f 3120 3119 3087
f 3121 3120 3088
f 3122 3121 3089
f 3123 3122 3090
f 3124 3123 3091
f 3125 3124 3092
f 3126 3125 3093
f 3127 3126 3094
f 3128 3127 3095
f 3129 3128 3096
f 3130 3129 3097
f 3131 3130 3098
f 3132 3131 3099
f 3133 3132 3100
o axis_pins_instances_instance_0
v 0 -3.1221990110085165 17.729781807866292
v 0.03826834261417389 -3.1152183042334527 17.732817105658054
v 0.0707106813788414 -3.0953389448464166 17.741460897410576
v 0.09238795191049576 -3.0655873711546535 17.754397250252463
v 0.10000000149011612 -3.0304930019229506 17.769656716788532
v 0.09238795191049576 -2.9953986326912476 17.7849161833246
v 0.0707106813788414 -2.9656470589994846 17.797852536166488
v 0.03826834261417389 -2.9457676996124484 17.80649632791901
v 1.2246467698671066e-17 -2.9387869928373846 17.809531625710772
v -0.03826834261417389 -2.9457676996124484 17.80649632791901
v -0.0707106813788414 -2.9656470589994846 17.797852536166488
v -0.09238795191049576 -2.9953986326912476 17.7849161833246
v -0.10000000149011612 -3.0304930019229506 17.769656716788532
v -0.09238795191049576 -3.0655873711546535 17.754397250252463
v -0.0707106813788414 -3.0953389448464166 17.741460897410576
v -0.03826834261417389 -3.1152183042334527 17.732817105658054
v -2.4492935397342132e-17 -3.1221990110085165 17.729781807866292
v 0 -2.484200468252696 16.262485662497237
v 0.03826834261417389 -2.4772197614776323 16.265520960289
v 0.0707106813788414 -2.4573404020905962 16.27416475204152
v 0.09238795191049576 -2.427588828398833 16.28710110488341
v 0.10000000149011612 -2.39249445916713 16.302360571419477
v 0.09238795191049576 -2.3574000899354273 16.317620037955546
v 0.0707106813788414 -2.327648516243664 16.330556390797433
v 0.03826834261417389 -2.307769156856628 16.339200182549956
v 1.2246467698671066e-17 -2.3007884500815643 16.342235480341717
v -0.03826834261417389 -2.307769156856628 16.339200182549956
v -0.0707106813788414 -2.327648516243664 16.330556390797433
v -0.09238795191049576 -2.3574000899354273 16.317620037955546
v -0.10000000149011612 -2.39249445916713 16.302360571419477
v -0.09238795191049576 -2.427588828398833 16.28710110488341
v -0.0707106813788414 -2.4573404020905962 16.27416475204152
v -0.03826834261417389 -2.4772197614776323 16.265520960289
v -2.4492935397342132e-17 -2.484200468252696 16.262485662497237
v 0 -3.0304930019229506 17.769656716788532
v 0 -3.0304930019229506 17.769656716788532
v 0 -3.0304930019229506 17.769656716788532
v 0 -3.0304930019229506 17.769656716788532
v 0 -3.0304930019229506 17.769656716788532
v 0 -3.0304930019229506 17.769656716788532
v 0 -3.0304930019229506 17.769656716788532
v 0 -3.0304930019229506 17.769656716788532
v 0 -3.0304930019229506 17.769656716788532
v 0 -3.0304930019229506 17.769656716788532
v 0 -3.0304930019229506 17.769656716788532
v 0 -3.0304930019229506 17.769656716788532
v 0 -3.0304930019229506 17.769656716788532
v 0 -3.0304930019229506 17.769656716788532
v 0 -3.0304930019229506 17.769656716788532
v 0 -3.0304930019229506 17.769656716788532
v 0 -3.1221990110085165 17.729781807866292
v 0.03826834261417389 -3.1152183042334527 17.732817105658054
v 0.0707106813788414 -3.0953389448464166 17.741460897410576
v 0.09238795191049576 -3.0655873711546535 17.754397250252463
v 0.10000000149011612 -3.0304930019229506 17.769656716788532
v 0.09238795191049576 -2.9953986326912476 17.7849161833246
v 0.0707106813788414 -2.9656470589994846 17.797852536166488
v 0.03826834261417389 -2.9457676996124484 17.80649632791901
v 1.2246467698671066e-17 -2.9387869928373846 17.809531625710772
v -0.03826834261417389 -2.9457676996124484 17.80649632791901
v -0.0707106813788414 -2.9656470589994846 17.797852536166488
v -0.09238795191049576 -2.9953986326912476 17.7849161833246
v -0.10000000149011612 -3.0304930019229506 17.769656716788532
v -0.09238795191049576 -3.0655873711546535 17.754397250252463
v -0.0707106813788414 -3.0953389448464166 17.741460897410576
v -0.03826834261417389 -3.1152183042334527 17.732817105658054
v -2.4492935397342132e-17 -3.1221990110085165 17.729781807866292
v 0 -2.39249445916713 16.302360571419477
v 0 -2.39249445916713 16.302360571419477
v 0 -2.39249445916713 16.302360571419477
v 0 -2.39249445916713 16.302360571419477
v 0 -2.39249445916713 16.302360571419477
v 0 -2.39249445916713 16.302360571419477
v 0 -2.39249445916713 16.302360571419477
v 0 -2.39249445916713 16.302360571419477
v 0 -2.39249445916713 16.302360571419477
v 0 -2.39249445916713 16.302360571419477
v 0 -2.39249445916713 16.302360571419477
v 0 -2.39249445916713 16.302360571419477
v 0 -2.39249445916713 16.302360571419477
v 0 -2.39249445916713 16.302360571419477
v 0 -2.39249445916713 16.302360571419477
v 0 -2.39249445916713 16.302360571419477
v 0 -2.484200468252696 16.262485662497237
v 0.03826834261417389 -2.4772197614776323 16.265520960289
v 0.0707106813788414 -2.4573404020905962 16.27416475204152
v 0.09238795191049576 -2.427588828398833 16.28710110488341
v 0.10000000149011612 -2.39249445916713 16.302360571419477
v 0.09238795191049576 -2.3574000899354273 16.317620037955546
v 0.0707106813788414 -2.327648516243664 16.330556390797433
v 0.03826834261417389 -2.307769156856628 16.339200182549956
v 1.2246467698671066e-17 -2.3007884500815643 16.342235480341717
v -0.03826834261417389 -2.307769156856628 16.339200182549956
v -0.0707106813788414 -2.327648516243664 16.330556390797433
v -0.09238795191049576 -2.3574000899354273 16.317620037955546
v -0.10000000149011612 -2.39249445916713 16.302360571419477
v -0.09238795191049576 -2.427588828398833 16.28710110488341
v -0.0707106813788414 -2.4573404020905962 16.27416475204152
v -0.03826834261417389 -2.4772197614776323 16.265520960289
v -2.4492935397342132e-17 -2.484200468252696 16.262485662497237
f 3134 3151 3135
f 3151 3152 3135
f 3135 3152 3136
f 3152 3153 3136
f 3136 3153 3137
f 3153 3154 3137
f 3137 3154 3138
f 3154 3155 3138
f 3138 3155 3139
f 3155 3156 3139
f 3139 3156 3140
f 3156 3157 3140
f 3140 3157 3141
f 3157 3158 3141
f 3141 3158 3142
f 3158 3159 3142
f 3142 3159 3143
f 3159 3160 3143
f 3143 3160 3144
f 3160 3161 3144
f 3144 3161 3145
f 3161 3162 3145
f 3145 3162 3146
f 3162 3163 3146
f 3146 3163 3147
f 3163 3164 3147
f 3147 3164 3148
f 3164 3165 3148
f 3148 3165 3149
f 3165 3166 3149
f 3149 3166 3150
f 3166 3167 3150
f 3184 3185 3168
f 3185 3186 3169
f 3186 3187 3170
f 3187 3188 3171
f 3188 3189 3172
f 3189 3190 3173
f 3190 3191 3174
f 3191 3192 3175
f 3192 3193 3176
f 3193 3194 3177
f 3194 3195 3178
f 3195 3196 3179
f 3196 3197 3180
f 3197 3198 3181
f 3198 3199 3182
f 3199 3200 3183
f 3218 3217 3201
f 3219 3218 3202
f 3220 3219 3203
f 3221 3220 3204
f 3222 3221 3205
f 3223 3222 3206
f 3224 3223 3207
f 3225 3224 3208
f 3226 3225 3209
f 3227 3226 3210
f 3228 3227 3211
f 3229 3228 3212
f 3230 3229 3213
f 3231 3230 3214
f 3232 3231 3215
f 3233 3232 3216
o axis_pins_instances_instance_1
v 0 2.3007884500815687 5.257764519658284
v 0.03826834261417389 2.3077691568566325 5.260799817450044
v 0.0707106813788414 2.3276485162436686 5.2694436092025665
v 0.09238795191049576 2.3574000899354317 5.282379962044455
v 0.10000000149011612 2.3924944591671347 5.297639428580523
v 0.09238795191049576 2.4275888283988376 5.312898895116592
v 0.0707106813788414 2.4573404020906007 5.32583524795848
v 0.03826834261417389 2.477219761477637 5.3344790397110025
v 1.2246467698671066e-17 2.4842004682527006 5.337514337502762
v -0.03826834261417389 2.477219761477637 5.3344790397110025
v -0.0707106813788414 2.4573404020906007 5.32583524795848
v -0.09238795191049576 2.4275888283988376 5.312898895116592
v -0.10000000149011612 2.3924944591671347 5.297639428580523
v -0.09238795191049576 2.3574000899354317 5.282379962044455
v -0.0707106813788414 2.3276485162436686 5.2694436092025665
v -0.03826834261417389 2.3077691568566325 5.260799817450044
v -2.4492935397342132e-17 2.3007884500815687 5.257764519658284
v 0 2.938786992837389 3.7904683742892296
v 0.03826834261417389 2.945767699612453 3.7935036720809894
v 0.0707106813788414 2.965647058999489 3.8021474638335113
v 0.09238795191049576 2.995398632691252 3.8150838166754
v 0.10000000149011612 3.030493001922955 3.8303432832114686
v 0.09238795191049576 3.065587371154658 3.845602749747537
v 0.0707106813788414 3.095338944846421 3.8585391025894253
v 0.03826834261417389 3.115218304233457 3.8671828943419473
v 1.2246467698671066e-17 3.122199011008521 3.870218192133707
v -0.03826834261417389 3.115218304233457 3.8671828943419473
v -0.0707106813788414 3.095338944846421 3.8585391025894253
v -0.09238795191049576 3.065587371154658 3.845602749747537
v -0.10000000149011612 3.030493001922955 3.8303432832114686
v -0.09238795191049576 2.995398632691252 3.8150838166754
v -0.0707106813788414 2.965647058999489 3.8021474638335113
v -0.03826834261417389 2.945767699612453 3.7935036720809894
v -2.4492935397342132e-17 2.938786992837389 3.7904683742892296
v 0 2.3924944591671347 5.297639428580523
v 0 2.3924944591671347 5.297639428580523
v 0 2.3924944591671347 5.297639428580523
v 0 2.3924944591671347 5.297639428580523
v 0 2.3924944591671347 5.297639428580523
v 0 2.3924944591671347 5.297639428580523
v 0 2.3924944591671347 5.297639428580523
v 0 2.3924944591671347 5.297639428580523
v 0 2.3924944591671347 5.297639428580523
v 0 2.3924944591671347 5.297639428580523
v 0 2.3924944591671347 5.297639428580523
v 0 2.3924944591671347 5.297639428580523
v 0 2.3924944591671347 5.297639428580523
v 0 2.3924944591671347 5.297639428580523
v 0 2.3924944591671347 5.297639428580523
v 0 2.3924944591671347 5.297639428580523
v 0 2.3007884500815687 5.257764519658284
v 0.03826834261417389 2.3077691568566325 5.260799817450044
v 0.0707106813788414 2.3276485162436686 5.2694436092025665
v 0.09238795191049576 2.3574000899354317 5.282379962044455
v 0.10000000149011612 2.3924944591671347 5.297639428580523
v 0.09238795191049576 2.4275888283988376 5.312898895116592
v 0.0707106813788414 2.4573404020906007 5.32583524795848
v 0.03826834261417389 2.477219761477637 5.3344790397110025
v 1.2246467698671066e-17 2.4842004682527006 5.337514337502762
v -0.03826834261417389 2.477219761477637 5.3344790397110025
v -0.0707106813788414 2.4573404020906007 5.32583524795848
v -0.09238795191049576 2.4275888283988376 5.312898895116592
v -0.10000000149011612 2.3924944591671347 5.297639428580523
v -0.09238795191049576 2.3574000899354317 5.282379962044455
v -0.0707106813788414 2.3276485162436686 5.2694436092025665
v -0.03826834261417389 2.3077691568566325 5.260799817450044
v -2.4492935397342132e-17 2.3007884500815687 5.257764519658284
v 0 3.030493001922955 3.8303432832114686
v 0 3.030493001922955 3.8303432832114686
v 0 3.030493001922955 3.8303432832114686
v 0 3.030493001922955 3.8303432832114686
v 0 3.030493001922955 3.8303432832114686
v 0 3.030493001922955 3.8303432832114686
v 0 3.030493001922955 3.8303432832114686
v 0 3.030493001922955 3.8303432832114686
v 0 3.030493001922955 3.8303432832114686
v 0 3.030493001922955 3.8303432832114686
v 0 3.030493001922955 3.8303432832114686
v 0 3.030493001922955 3.8303432832114686
v 0 3.030493001922955 3.8303432832114686
v 0 3.030493001922955 3.8303432832114686
v 0 3.030493001922955 3.8303432832114686
v 0 3.030493001922955 3.8303432832114686
v 0 2.938786992837389 3.7904683742892296
v 0.03826834261417389 2.945767699612453 3.7935036720809894
v 0.0707106813788414 2.965647058999489 3.8021474638335113
v 0.09238795191049576 2.995398632691252 3.8150838166754
v 0.10000000149011612 3.030493001922955 3.8303432832114686
v 0.09238795191049576 3.065587371154658 3.845602749747537
v 0.0707106813788414 3.095338944846421 3.8585391025894253
v 0.03826834261417389 3.115218304233457 3.8671828943419473
v 1.2246467698671066e-17 3.122199011008521 3.870218192133707
v -0.03826834261417389 3.115218304233457 3.8671828943419473
v -0.0707106813788414 3.095338944846421 3.8585391025894253
v -0.09238795191049576 3.065587371154658 3.845602749747537
v -0.10000000149011612 3.030493001922955 3.8303432832114686
v -0.09238795191049576 2.995398632691252 3.8150838166754
v -0.0707106813788414 2.965647058999489 3.8021474638335113
v -0.03826834261417389 2.945767699612453 3.7935036720809894
v -2.4492935397342132e-17 2.938786992837389 3.7904683742892296
f 3234 3251 3235
f 3251 3252 3235
f 3235 3252 3236
f 3252 3253 3236
f 3236 3253 3237
f 3253 3254 3237
f 3237 3254 3238
f 3254 3255 3238
f 3238 3255 3239
f 3255 3256 3239
f 3239 3256 3240
f 3256 3257 3240
f 3240 3257 3241
f 3257 3258 3241
f 3241 3258 3242
f 3258 3259 3242
f 3242 3259 3243
f 3259 3260 3243
f 3243 3260 3244
f 3260 3261 3244
f 3244 3261 3245
f 3261 3262 3245
f 3245 3262 3246
f 3262 3263 3246
f 3246 3263 3247
f 3263 3264 3247
f 3247 3264 3248
f 3264 3265 3248
f 3248 3265 3249
f 3265 3266 3249
f 3249 3266 3250
f 3266 3267 3250
f 3284 3285 3268
f 3285 3286 3269
f 3286 3287 3270
f 3287 3288 3271
f 3288 3289 3272
f 3289 3290 3273
f 3290 3291 3274
f 3291 3292 3275
f 3292 3293 3276
f 3293 3294 3277
f 3294 3295 3278
f 3295 3296 3279
f 3296 3297 3280
f 3297 3298 3281
f 3298 3299 3282
f 3299 3300 3283
f 3318 3317 3301
f 3319 3318 3302
f 3320 3319 3303
f 3321 3320 3304
f 3322 3321 3305
f 3323 3322 3306
f 3324 3323 3307
f 3325 3324 3308
f 3326 3325 3309
f 3327 3326 3310
f 3328 3327 3311
f 3329 3328 3312
f 3330 3329 3313
f 3331 3330 3314
f 3332 3331 3315
f 3333 3332 3316
o globe_map_surface
v 0 -2.3924944135514736 16.302360446310747
v 0 -2.3924944135514736 16.302360446310747
v 0 -2.3924944135514736 16.302360446310747
v 0 -2.3924944135514736 16.302360446310747
v 0 -2.3924944135514736 16.302360446310747
v 0 -2.3924944135514736 16.302360446310747
v 0 -2.3924944135514736 16.302360446310747
v 0 -2.3924944135514736 16.302360446310747
v 0 -2.3924944135514736 16.302360446310747
v 0 -2.3924944135514736 16.302360446310747
v 0 -2.3924944135514736 16.302360446310747
v 0 -2.3924944135514736 16.302360446310747
v 0 -2.3924944135514736 16.302360446310747
v 0 -2.3924944135514736 16.302360446310747
v 0 -2.3924944135514736 16.302360446310747
v 0 -2.3924944135514736 16.302360446310747
v 0 -2.3924944135514736 16.302360446310747
v 0 -2.3924944135514736 16.302360446310747
v 0 -2.3924944135514736 16.302360446310747
v 0 -2.3924944135514736 16.302360446310747
v 0 -2.3924944135514736 16.302360446310747
v 0 -2.3924944135514736 16.302360446310747
v 0 -2.3924944135514736 16.302360446310747
v 0 -2.3924944135514736 16.302360446310747
v 0 -2.3924944135514736 16.302360446310747
v 0 -2.3924944135514736 16.302360446310747
v 0 -2.3924944135514736 16.302360446310747
v 0 -2.3924944135514736 16.302360446310747
v 0 -2.3924944135514736 16.302360446310747
v 0 -2.3924944135514736 16.302360446310747
v 0 -2.3924944135514736 16.302360446310747
v 0 -2.3924944135514736 16.302360446310747
v 0 -2.3924944135514736 16.302360446310747
v 0 -2.3924944135514736 16.302360446310747
v 0 -2.3924944135514736 16.302360446310747
v 0 -2.3924944135514736 16.302360446310747
v 0 -2.3924944135514736 16.302360446310747
v 0 -2.3924944135514736 16.302360446310747
v 0 -2.3924944135514736 16.302360446310747
v 0 -2.3924944135514736 16.302360446310747
v 0 -2.3924944135514736 16.302360446310747
v 0 -2.3924944135514736 16.302360446310747
v 0 -2.3924944135514736 16.302360446310747
v 0 -2.3924944135514736 16.302360446310747
v 0 -2.3924944135514736 16.302360446310747
v 0 -2.3924944135514736 16.302360446310747
v 0 -2.3924944135514736 16.302360446310747
v 0 -2.3924944135514736 16.302360446310747
v 0 -2.3924944135514736 16.302360446310747
v -0.5881028175354004 -2.380973929539737 16.2758651470158
v -0.5830715298652649 -2.4513700517740884 16.245256041919042
v -0.5680637359619141 -2.520561676996889 16.21517066702851
v -0.5433361530303955 -2.5873649154086586 16.186123792279606
v -0.5093119740486145 -2.6506367363372947 16.15861242155352
v -0.4665733575820923 -2.7092945642209036 16.1331072721014
v -0.41585150361061096 -2.7623347403740497 16.110044747139906
v -0.358014315366745 -2.8088497275500877 16.089819455094613
v -0.2940514087677002 -2.848043606345994 16.072777471571435
v -0.2250572144985199 -2.879245822453919 16.059210361881505
v -0.1522122174501419 -2.9019225014964616 16.04935026121079
v -0.07676282525062561 -2.915685550089825 16.043365917365207
v -3.6010914229524485e-17 -2.9202995431348526 16.041359696091245
v 0.07676282525062561 -2.915685550089825 16.043365917365207
v 0.1522122174501419 -2.9019225014964616 16.04935026121079
v 0.2250572144985199 -2.879245822453919 16.059210361881505
v 0.2940514087677002 -2.848043606345994 16.072777471571435
v 0.358014315366745 -2.8088497275500877 16.089819455094613
v 0.41585150361061096 -2.7623347403740497 16.110044747139906
v 0.4665733575820923 -2.7092945642209036 16.1331072721014
v 0.5093119740486145 -2.6506367363372947 16.15861242155352
v 0.5433361530303955 -2.5873649154086586 16.186123792279606
v 0.5680637359619141 -2.520561676996889 16.21517066702851
v 0.5830715298652649 -2.4513700517740884 16.245256041919042
v 0.5881028175354004 -2.380973929539737 16.2758651470158
v 0.5830715298652649 -2.310577807305386 16.306474252112558
v 0.5680637359619141 -2.2413861820825853 16.33655962700309
v 0.5433361530303955 -2.1745829436708157 16.365606501751994
v 0.5093119740486145 -2.1113111227421797 16.39311787247808
v 0.4665733575820923 -2.0526532948585707 16.4186230219302
v 0.41585150361061096 -1.9996131187054245 16.441685546891694
v 0.358014315366745 -1.9530981315293863 16.461910838936987
v 0.2940514087677002 -1.9139042527334802 16.478952822460165
v 0.2250572144985199 -1.8827020366255554 16.492519932150095
v 0.1522122174501419 -1.8600253575830126 16.50238003282081
v 0.07676282525062561 -1.846262308989649 16.508364376666393
v 1.08032739379851e-16 -1.8416483159446215 16.510370597940355
v -0.07676282525062561 -1.846262308989649 16.508364376666393
v -0.1522122174501419 -1.8600253575830126 16.50238003282081
v -0.2250572144985199 -1.8827020366255554 16.492519932150095
v -0.2940514087677002 -1.9139042527334802 16.478952822460165
v -0.358014315366745 -1.9530981315293863 16.461910838936987
v -0.41585150361061096 -1.9996131187054245 16.441685546891694
v -0.4665733575820923 -2.0526532948585707 16.4186230219302
v -0.5093119740486145 -2.1113111227421797 16.39311787247808
v -0.5433361530303955 -2.1745829436708157 16.365606501751994
v -0.5680637359619141 -2.2413861820825853 16.33655962700309
v -0.5830715298652649 -2.310577807305386 16.306474252112558
v -0.5881028175354004 -2.380973929539737 16.2758651470158
v -1.1705418825149536 -2.3465233281759077 16.19663418822139
v -1.1605278253555298 -2.486637611765844 16.135710763807698
v -1.1306567192077637 -2.6243545168036744 16.07582974925593
v -1.081439733505249 -2.75731763318675 16.018015740839196
v -1.013719081878662 -2.883251941100941 15.963257945325967
v -0.928653359413147 -3.000002729681094 15.912493257664869
v -0.8276981115341187 -3.1055722199078133 15.866590336895975
v -0.7125808000564575 -3.1981542470373236 15.826334525801094
v -0.5852709412574768 -3.2761646248091734 15.792414648170517
v -0.4479469954967499 -3.33826853062726 15.765411101387404
v -0.30295854806900024 -3.3834034631966197 15.745785874163218
v -0.15278637409210205 -3.410797062022456 15.73387479839903
v -7.167502140670754e-17 -3.4199805540259742 15.729881702430546
v 0.15278637409210205 -3.410797062022456 15.73387479839903
v 0.30295854806900024 -3.3834034631966197 15.745785874163218
v 0.4479469954967499 -3.33826853062726 15.765411101387404
v 0.5852709412574768 -3.2761646248091734 15.792414648170517
v 0.7125808000564575 -3.1981542470373236 15.826334525801094
v 0.8276981115341187 -3.1055722199078133 15.866590336895975
v 0.928653359413147 -3.000002729681094 15.912493257664869
v 1.013719081878662 -2.883251941100941 15.963257945325967
v 1.081439733505249 -2.75731763318675 16.018015740839196
v 1.1306567192077637 -2.6243545168036744 16.07582974925593
v 1.1605278253555298 -2.486637611765844 16.135710763807698
v 1.1705418825149536 -2.3465233281759077 16.19663418822139
v 1.1605278253555298 -2.206409044585971 16.25755761263508
v 1.1306567192077637 -2.068692139548141 16.317438627186846
v 1.081439733505249 -1.9357290231650652 16.37525263560358
v 1.013719081878662 -1.8097947152508742 16.43001043111681
v 0.928653359413147 -1.6930439266707211 16.480775118777906
v 0.8276981115341187 -1.5874744364440019 16.526678039546802
v 0.7125808000564575 -1.4948924093144915 16.566933850641682
v 0.5852709412574768 -1.4168820315426418 16.60085372827226
v 0.4479469954967499 -1.354778125724555 16.627857275055373
v 0.30295854806900024 -1.3096431931551953 16.64748250227956
v 0.15278637409210205 -1.282249594329359 16.659393578043748
v 2.150250708375675e-16 -1.273066102325841 16.66338667401223
v -0.15278637409210205 -1.282249594329359 16.659393578043748
v -0.30295854806900024 -1.3096431931551953 16.64748250227956
v -0.4479469954967499 -1.354778125724555 16.627857275055373
v -0.5852709412574768 -1.4168820315426418 16.60085372827226
v -0.7125808000564575 -1.4948924093144915 16.566933850641682
v -0.8276981115341187 -1.5874744364440019 16.526678039546802
v -0.928653359413147 -1.6930439266707211 16.480775118777906
v -1.013719081878662 -1.8097947152508742 16.43001043111681
v -1.081439733505249 -1.9357290231650652 16.37525263560358
v -1.1306567192077637 -2.068692139548141 16.317438627186846
v -1.1605278253555298 -2.206409044585971 16.25755761263508
v -1.1705418825149536 -2.3465233281759073 16.19663418822139
v -1.7417080402374268 -2.289474400920629 16.065430638045513
v -1.7268074750900269 -2.4979574834334164 15.974779613798951
v -1.6823607683181763 -2.702873359147149 15.885679655212662
v -1.609128475189209 -2.9007158503139006 15.79965529176026
v -1.5083634853363037 -3.0880998533892807 15.718178408353367
v -1.3817899227142334 -3.2618191977432454 15.642643087658165
v -1.2315735816955566 -3.41890136136111 15.574341819031478
v -1.0602847337722778 -3.5566587702295585 15.514443192912925
v -0.8708540201187134 -3.6727343309829448 15.463972102666823
v -0.6665228009223938 -3.7651418800728664 15.423792156782714
v -0.450787216424942 -3.8323002922571106 15.394590848082277
v -0.2273385226726532 -3.8730605924754773 15.37686776514021
v -1.0664885959760489e-16 -3.8867253058579325 15.370926178661223
v 0.2273385226726532 -3.8730605924754773 15.37686776514021
v 0.450787216424942 -3.8323002922571106 15.394590848082277
v 0.6665228009223938 -3.7651418800728664 15.423792156782714
v 0.8708540201187134 -3.6727343309829448 15.463972102666823
v 1.0602847337722778 -3.5566587702295585 15.514443192912925
v 1.2315735816955566 -3.41890136136111 15.574341819031478
v 1.3817899227142334 -3.2618191977432454 15.642643087658165
v 1.5083634853363037 -3.0880998533892807 15.718178408353367
v 1.609128475189209 -2.9007158503139006 15.79965529176026
v 1.6823607683181763 -2.702873359147149 15.885679655212662
v 1.7268074750900269 -2.4979574834334164 15.974779613798951
v 1.7417080402374268 -2.289474400920629 16.065430638045513
v 1.7268074750900269 -2.0809913184078415 16.156081662292074
v 1.6823607683181763 -1.8760754426941084 16.245181620878363
v 1.609128475189209 -1.678232951527357 16.331205984330765
v 1.5083634853363037 -1.490848948451977 16.412682867737658
v 1.3817899227142334 -1.317129604098012 16.48821818843286
v 1.2315735816955566 -1.1600474404801477 16.556519457059547
v 1.0602847337722778 -1.022290031611699 16.6164180831781
v 0.8708540201187134 -0.9062144708583129 16.666889173424202
v 0.6665228009223938 -0.8138069217683912 16.70706911930831
v 0.450787216424942 -0.7466485095841473 16.736270428008748
v 0.2273385226726532 -0.7058882093657803 16.753993510950814
v 3.1994657879281466e-16 -0.6922234959833253 16.759935097429803
v -0.2273385226726532 -0.7058882093657803 16.753993510950814
v -0.450787216424942 -0.7466485095841473 16.736270428008748
v -0.6665228009223938 -0.8138069217683912 16.70706911930831
v -0.8708540201187134 -0.9062144708583129 16.666889173424202
v -1.0602847337722778 -1.022290031611699 16.6164180831781
v -1.2315735816955566 -1.1600474404801477 16.556519457059547
v -1.3817899227142334 -1.317129604098012 16.48821818843286
v -1.5083634853363037 -1.490848948451977 16.412682867737658
v -1.609128475189209 -1.678232951527357 16.331205984330765
v -1.6823607683181763 -1.8760754426941084 16.245181620878363
v -1.7268074750900269 -2.0809913184078415 16.156081662292074
v -1.7417080402374268 -2.2894744009206285 16.065430638045513
v -2.296100616455078 -2.2103766476714743 15.883518259732313
v -2.2764570713043213 -2.485220719786883 15.764012655991877
v -2.217862844467163 -2.75536213865043 15.6465518240805
v -2.1213202476501465 -3.0161786574000535 15.533145574133936
v -1.9884814023971558 -3.2632077487324858 15.42573426824724
v -1.8216190338134766 -3.492222529087778 15.326155807699799
v -1.6235883235931396 -3.699304676476618 15.236113927381647
v -1.3977774381637573 -3.880910734321819 15.157149366062683
v -1.148050308227539 -4.033933550467245 15.090613151951278
v -0.878679633140564 -4.155754751776187 15.037643786089543
v -0.5942745804786682 -4.244290112794533 14.999147515497132
v -0.2997012734413147 -4.298024538816357 14.975783122101422
v -1.405956107829523e-16 -4.316038849793498 14.967950276762167
v 0.2997012734413147 -4.298024538816357 14.975783122101422
v 0.5942745804786682 -4.244290112794533 14.999147515497132
v 0.878679633140564 -4.155754751776187 15.037643786089543
v 1.148050308227539 -4.033933550467245 15.090613151951278
v 1.3977774381637573 -3.880910734321819 15.157149366062683
v 1.6235883235931396 -3.699304676476618 15.236113927381647
v 1.8216190338134766 -3.492222529087778 15.326155807699799
v 1.9884814023971558 -3.2632077487324858 15.42573426824724
v 2.1213202476501465 -3.0161786574000535 15.533145574133936
v 2.217862844467163 -2.75536213865043 15.6465518240805
v 2.2764570713043213 -2.485220719786883 15.764012655991877
v 2.296100616455078 -2.210376647671475 15.883518259732313
v 2.2764570713043213 -1.9355325755560655 16.003023863472748
v 2.217862844467163 -1.6653911566925184 16.12048469538412
v 2.1213202476501465 -1.404574637942895 16.23389094533069
v 1.9884814023971558 -1.1575455466104625 16.341302251217385
v 1.8216190338134766 -0.9285307662551705 16.440880711764827
v 1.6235883235931396 -0.7214486188663305 16.530922592082977
v 1.3977774381637573 -0.5398425610211293 16.609887153401942
v 1.148050308227539 -0.38681974487570253 16.676423367513344
v 0.878679633140564 -0.26499854356676084 16.72939273337508
v 0.5942745804786682 -0.17646318254841448 16.76788900396749
v 0.2997012734413147 -0.12272875652659136 16.791253397363203
v 4.217868323488569e-16 -0.1047144455494509 16.799086242702458
v -0.2997012734413147 -0.12272875652659136 16.791253397363203
v -0.5942745804786682 -0.17646318254841448 16.76788900396749
v -0.878679633140564 -0.26499854356676084 16.72939273337508
v -1.148050308227539 -0.38681974487570253 16.676423367513344
v -1.3977774381637573 -0.5398425610211293 16.609887153401942
v -1.6235883235931396 -0.7214486188663305 16.530922592082977
v -1.8216190338134766 -0.9285307662551705 16.440880711764827
v -1.9884814023971558 -1.1575455466104625 16.341302251217385
v -2.1213202476501465 -1.404574637942895 16.23389094533069
v -2.217862844467163 -1.6653911566925184 16.12048469538412
v -2.2764570713043213 -1.9355325755560655 16.003023863472748
v -2.296100616455078 -2.210376647671474 15.883518259732313
v -2.8283803462982178 -2.1099917627501306 15.65264883029079
v -2.8041832447052 -2.448549918268584 15.505439554627419
v -2.7320055961608887 -2.781315260753986 15.36074906575665
v -2.6130828857421875 -3.1025940503082348 15.221053072245994
v -2.449449300765991 -3.406889108132964 15.08874181546435
v -2.2439050674438477 -3.688993970170896 14.966079130413611
v -1.9999669790267944 -3.9440816293042347 14.855163859522618
v -1.721808910369873 -4.1677875108133415 14.757893773890913
v -1.4141901731491089 -4.356283920713181 14.675933202230755
v -1.0823743343353271 -4.506345748323356 14.610684462576597
v -0.7320387363433838 -4.61540501798601 14.563264142523073
v -0.3691777288913727 -4.681596257729 14.534483372368815
v -1.731883533323341e-16 -4.703786453515797 14.52483480063791
v 0.3691777288913727 -4.681596257729 14.534483372368815
v 0.7320387363433838 -4.61540501798601 14.563264142523073
v 1.0823743343353271 -4.506345748323356 14.610684462576597
v 1.4141901731491089 -4.356283920713181 14.675933202230755
v 1.721808910369873 -4.1677875108133415 14.757893773890913
v 1.9999669790267944 -3.9440816293042347 14.855163859522618
v 2.2439050674438477 -3.688993970170896 14.966079130413611
v 2.449449300765991 -3.406889108132964 15.08874181546435
v 2.6130828857421875 -3.1025940503082348 15.221053072245994
v 2.7320055961608887 -2.781315260753986 15.36074906575665
v 2.8041832447052 -2.448549918268584 15.505439554627419
v 2.8283803462982178 -2.109991762750131 15.65264883029079
v 2.8041832447052 -1.771433607231677 15.799858105954161
v 2.7320055961608887 -1.4386682647462745 15.944548594824926
v 2.6130828857421875 -1.1173894751920261 16.084244588335583
v 2.449449300765991 -0.8130944173672969 16.216555845117227
v 2.2439050674438477 -0.5309895553293651 16.33921853016797
v 1.9999669790267944 -0.2759018961960263 16.45013380105896
v 1.721808910369873 -0.05219601468691852 16.547403886690667
v 1.4141901731491089 0.13630039521291976 16.62936445835082
v 1.0823743343353271 0.2863622228230948 16.69461319800498
v 0.7320387363433838 0.3954214924857495 16.742033518058506
v 0.3691777288913727 0.4616127322287393 16.77081428821276
v 5.195650335272227e-16 0.4838029280155364 16.78046285994367
v -0.3691777288913727 0.4616127322287393 16.77081428821276
v -0.7320387363433838 0.3954214924857495 16.742033518058506
v -1.0823743343353271 0.2863622228230948 16.69461319800498
v -1.4141901731491089 0.13630039521291976 16.62936445835082
v -1.721808910369873 -0.05219601468691852 16.547403886690667
v -1.9999669790267944 -0.2759018961960263 16.45013380105896
v -2.2439050674438477 -0.5309895553293651 16.33921853016797
v -2.449449300765991 -0.8130944173672969 16.216555845117227
v -2.6130828857421875 -1.1173894751920261 16.084244588335583
v -2.7320055961608887 -1.4386682647462745 15.944548594824926
v -2.8041832447052 -1.771433607231677 15.799858105954161
v -2.8283803462982178 -2.10999176275013 15.65264883029079
v -3.333421468734741 -1.98928640964423 15.375045523538663
v -3.304903507232666 -2.3882981448619534 15.201550283311363
v -3.2198379039764404 -2.7804826615262064 15.031023602197672
v -3.0796797275543213 -3.159129633717498 14.86638321294741
v -2.8868277072906494 -3.517760279681656 14.710446170041962
v -2.6445810794830322 -3.850238351071489 14.565880590198518
v -2.3570849895477295 -4.15087494549093 14.435160078578832
v -2.0292584896087646 -4.4145261311124315 14.320521280397482
v -1.6667107343673706 -4.63668084162923 14.223925663108915
v -1.275645136833191 -4.813537729677554 14.147026099588423
v -0.8627529144287109 -4.942071197372907 14.091138157237843
v -0.435098797082901 -5.020081465822676 14.057218327141857
v -2.041131953643436e-16 -5.046234149719082 14.045846816545259
v 0.435098797082901 -5.020081465822676 14.057218327141857
v 0.8627529144287109 -4.942071197372907 14.091138157237843
v 1.275645136833191 -4.813537729677554 14.147026099588423
v 1.6667107343673706 -4.63668084162923 14.223925663108915
v 2.0292584896087646 -4.4145261311124315 14.320521280397482
v 2.3570849895477295 -4.15087494549093 14.435160078578832
v 2.6445810794830322 -3.850238351071489 14.565880590198518
v 2.8868277072906494 -3.517760279681656 14.710446170041962
v 3.0796797275543213 -3.159129633717498 14.86638321294741
v 3.2198379039764404 -2.7804826615262064 15.031023602197672
v 3.304903507232666 -2.3882981448619534 15.201550283311363
v 3.333421468734741 -1.9892864096442304 15.375045523538663
v 3.304903507232666 -1.5902746744265068 15.548540763765963
v 3.2198379039764404 -1.1980901577622538 15.719067444879654
v 3.0796797275543213 -0.8194431855709621 15.883707834129916
v 2.8868277072906494 -0.4608125396068042 16.039644877035364
v 2.6445810794830322 -0.12833446821697164 16.18421045687881
v 2.3570849895477295 0.17230212620247037 16.314930968498494
v 2.0292584896087646 0.4359533118239715 16.429569766679844
v 1.6667107343673706 0.6581080223407705 16.52616538396841
v 1.275645136833191 0.8349649103890946 16.603064947488903
v 0.8627529144287109 0.9634983780844468 16.658952889839483
v 0.435098797082901 1.0415086465342163 16.69287271993547
v 6.123395993279206e-16 1.0676613304306217 16.70424423053207
v -0.435098797082901 1.0415086465342163 16.69287271993547
v -0.8627529144287109 0.9634983780844468 16.658952889839483
v -1.275645136833191 0.8349649103890946 16.603064947488903
v -1.6667107343673706 0.6581080223407705 16.52616538396841
v -2.0292584896087646 0.4359533118239715 16.429569766679844
v -2.3570849895477295 0.17230212620247037 16.314930968498494
v -2.6445810794830322 -0.12833446821697164 16.18421045687881
v -2.8868277072906494 -0.4608125396068042 16.039644877035364
v -3.0796797275543213 -0.8194431855709621 15.883707834129916
v -3.2198379039764404 -1.1980901577622538 15.719067444879654
v -3.304903507232666 -1.5902746744265068 15.548540763765963
v -3.333421468734741 -1.9892864096442293 15.375045523538663
v -3.8063597679138184 -1.8494232845038272 15.053382357551335
v -3.7737958431243896 -2.3050459009803097 14.855272005595282
v -3.676661252975464 -2.752872705275028 14.660551369248731
v -3.516617774963379 -3.18524125814375 14.47255217191746
v -3.2964041233062744 -3.5947535704536224 14.29449115082626
v -3.0197882652282715 -3.97440269815175 14.129415011959992
v -2.691502809524536 -4.317693051214168 13.980148118243743
v -2.317164897918701 -4.61875053564139 13.84924459844018
v -1.9031798839569092 -4.872423895026508 13.738944282581617
v -1.456630825996399 -5.074373042795793 13.651134294018718
v -0.985158383846283 -5.2211425266464095 13.587317106173842
v -0.496829628944397 -5.310220781113752 13.548584778791522
v -2.3307231215379226e-16 -5.3400838564034165 13.535599944101186
v 0.496829628944397 -5.310220781113752 13.548584778791522
v 0.985158383846283 -5.2211425266464095 13.587317106173842
v 1.456630825996399 -5.074373042795793 13.651134294018718
v 1.9031798839569092 -4.872423895026508 13.738944282581617
v 2.317164897918701 -4.61875053564139 13.84924459844018
v 2.691502809524536 -4.317693051214168 13.980148118243743
v 3.0197882652282715 -3.97440269815175 14.129415011959992
v 3.2964041233062744 -3.5947535704536224 14.29449115082626
v 3.516617774963379 -3.18524125814375 14.47255217191746
v 3.676661252975464 -2.752872705275028 14.660551369248731
v 3.7737958431243896 -2.3050459009803097 14.855272005595282
v 3.8063597679138184 -1.8494232845038276 15.053382357551335
v 3.7737958431243896 -1.393800668027345 15.251492709507389
v 3.676661252975464 -0.9459738637326263 15.446213345853941
v 3.516617774963379 -0.5136053108639047 15.634212543185212
v 3.2964041233062744 -0.10409299855403224 15.812273564276412
v 3.0197882652282715 0.2755561291440955 15.977349703142682
v 2.691502809524536 0.6188464822065145 16.12661659685893
v 2.317164897918701 0.9199039666337365 16.257520116662494
v 1.9031798839569092 1.1735773260188547 16.367820432521054
v 1.456630825996399 1.375526473788139 16.455630421083953
v 0.985158383846283 1.5222959576387554 16.51944760892883
v 0.496829628944397 1.6113742121060979 16.55817993631115
v 6.992169099915972e-16 1.6412372873957628 16.571164771001484
v -0.496829628944397 1.6113742121060979 16.55817993631115
v -0.985158383846283 1.5222959576387554 16.51944760892883
v -1.456630825996399 1.375526473788139 16.455630421083953
v -1.9031798839569092 1.1735773260188547 16.367820432521054
v -2.317164897918701 0.9199039666337365 16.257520116662494
v -2.691502809524536 0.6188464822065145 16.12661659685893
v -3.0197882652282715 0.2755561291440955 15.977349703142682
v -3.2964041233062744 -0.10409299855403224 15.812273564276412
v -3.516617774963379 -0.5136053108639047 15.634212543185212
v -3.676661252975464 -0.9459738637326263 15.446213345853941
v -3.7737958431243896 -1.393800668027345 15.251492709507389
v -3.8063597679138184 -1.8494232845038263 15.053382357551335
v -4.242640495300293 -1.6917489472855338 14.690756208209427
v -4.206344127655029 -2.1995945573675897 14.469938652376165
v -4.098076343536377 -2.698750811247469 14.252899336150051
v -3.9196889400482178 -3.1806769760906777 14.043351875858761
v -3.674234628677368 -3.6371270513902476 13.844881734566659
v -3.365913152694702 -4.060291395721301 13.660884641009288
v -3 -4.442929170440906 13.49450900143369
v -2.5827560424804688 -4.778493513469605 13.348601472489175
v -2.1213202476501465 -5.0612428291688 13.22565857101143
v -1.6235883235931396 -5.2863391782127005 13.127783892888615
v -1.0980762243270874 -5.449931143724921 13.05665208183972
v -0.5537757277488708 -5.549219205882285 13.013480403727808
v -2.5978680486790683e-16 -5.58250515549496 12.999007260923891
v 0.5537757277488708 -5.549219205882285 13.013480403727808
v 1.0980762243270874 -5.449931143724921 13.05665208183972
v 1.6235883235931396 -5.2863391782127005 13.127783892888615
v 2.1213202476501465 -5.0612428291688 13.22565857101143
v 2.5827560424804688 -4.778493513469605 13.348601472489175
v 3 -4.442929170440906 13.49450900143369
v 3.365913152694702 -4.060291395721301 13.660884641009288
v 3.674234628677368 -3.6371270513902476 13.844881734566659
v 3.9196889400482178 -3.1806769760906777 14.043351875858761
v 4.098076343536377 -2.698750811247469 14.252899336150051
v 4.206344127655029 -2.1995945573675897 14.469938652376165
v 4.242640495300293 -1.6917489472855343 14.690756208209427
v 4.206344127655029 -1.1839033372034782 14.91157376404269
v 4.098076343536377 -0.6847470833235987 15.128613080268803
v 3.9196889400482178 -0.20282091848039024 15.338160540560093
v 3.674234628677368 0.25362915681917947 15.536630681852195
v 3.365913152694702 0.676793501150234 15.720627775409568
v 3 1.0594312758698388 15.887003414985166
v 2.5827560424804688 1.3949956188985373 16.03291094392968
v 2.1213202476501465 1.6777449345977324 16.155853845407425
v 1.6235883235931396 1.902841283641633 16.25372852353024
v 1.0980762243270874 2.0664332491538535 16.324860334579135
v 0.5537757277488708 2.1657213113112173 16.368032012691046
v 7.793604675432797e-16 2.1990072609238926 16.382505155494965
v -0.5537757277488708 2.1657213113112173 16.368032012691046
v -1.0980762243270874 2.0664332491538535 16.324860334579135
v -1.6235883235931396 1.902841283641633 16.25372852353024
v -2.1213202476501465 1.6777449345977324 16.155853845407425
v -2.5827560424804688 1.3949956188985373 16.03291094392968
v -3 1.0594312758698388 15.887003414985166
v -3.365913152694702 0.676793501150234 15.720627775409568
v -3.674234628677368 0.25362915681917947 15.536630681852195
v -3.9196889400482178 -0.20282091848039024 15.338160540560093
v -4.098076343536377 -0.6847470833235987 15.128613080268803
v -4.206344127655029 -1.1839033372034782 14.91157376404269
v -4.242640495300293 -1.691748947285533 14.690756208209429
v -4.638062953948975 -1.517782413450148 14.29066057189959
v -4.59838342666626 -2.072960165925295 14.049262414820399
v -4.480024337768555 -2.6186387042300483 13.811994633614898
v -4.285011291503906 -3.145481266804811 13.582916967751263
v -4.0166802406311035 -3.644473592225816 13.365948929647676
v -3.6796226501464844 -4.1070774074053675 13.164803066103467
v -3.2796056270599365 -4.525377793755605 12.982920881667443
v -2.8234736919403076 -4.89221743470267 12.823414466157434
v -2.3190314769744873 -5.201319493704566 12.689013065777505
v -1.7749097347259521 -5.4473951871778175 12.582016309078242
v -1.2004189491271973 -5.626233865891344 12.504255038451937
v -0.6053886413574219 -5.73477626076003 12.457059461955138
v -2.839994269536282e-16 -5.771164771001483 12.441237287395762
v 0.6053886413574219 -5.73477626076003 12.457059461955138
v 1.2004189491271973 -5.626233865891344 12.504255038451937
v 1.7749097347259521 -5.4473951871778175 12.582016309078242
v 2.3190314769744873 -5.201319493704566 12.689013065777505
v 2.8234736919403076 -4.89221743470267 12.823414466157434
v 3.2796056270599365 -4.525377793755605 12.982920881667443
v 3.6796226501464844 -4.1070774074053675 13.164803066103467
v 4.0166802406311035 -3.644473592225816 13.365948929647676
v 4.285011291503906 -3.145481266804811 13.582916967751263
v 4.480024337768555 -2.6186387042300483 13.811994633614898
v 4.59838342666626 -2.072960165925295 14.049262414820399
v 4.638062953948975 -1.5177824134501485 14.29066057189959
v 4.59838342666626 -0.9626046609750015 14.532058728978782
v 4.480024337768555 -0.41692612267024814 14.769326510184282
v 4.285011291503906 0.10991643990451445 14.99840417604792
v 4.0166802406311035 0.6089087653255196 15.215372214151506
v 3.6796226501464844 1.0715125805050716 15.416518077695715
v 3.2796056270599365 1.489812966855309 15.598400262131738
v 2.8234736919403076 1.8566526078023744 15.757906677641747
v 2.3190314769744873 2.1657546668042698 15.892308078021676
v 1.7749097347259521 2.411830360277521 15.999304834720938
v 1.2004189491271973 2.5906690389910487 16.077066105347242
v 0.6053886413574219 2.699211433859734 16.124261681844043
v 8.519983073306643e-16 2.735599944101187 16.14008385640342
v -0.6053886413574219 2.699211433859734 16.124261681844043
v -1.2004189491271973 2.5906690389910487 16.077066105347242
v -1.7749097347259521 2.411830360277521 15.999304834720938
v -2.3190314769744873 2.1657546668042698 15.892308078021676
v -2.8234736919403076 1.8566526078023744 15.757906677641747
v -3.2796056270599365 1.489812966855309 15.598400262131738
v -3.6796226501464844 1.0715125805050716 15.416518077695715
v -4.0166802406311035 0.6089087653255196 15.215372214151506
v -4.285011291503906 0.10991643990451445 14.99840417604792
v -4.480024337768555 -0.41692612267024814 14.769326510184282
v -4.59838342666626 -0.9626046609750015 14.532058728978782
v -4.638062953948975 -1.517782413450147 14.290660571899592
v -4.9888176918029785 -1.3291987069934015 13.856947740074853
v -4.946137428283691 -1.9263619868978745 13.597293756100129
v -4.8188276290893555 -2.5133075879225704 13.342082545345708
v -4.609066486358643 -3.07999280117666 13.095680801915453
v -4.3204426765441895 -3.616721468762733 12.862304535252736
v -3.957895278930664 -4.114309880033112 12.645946936395225
v -3.5276267528533936 -4.564244359368089 12.450309856858773
v -3.0369997024536133 -4.9588264458980875 12.278740682697624
v -2.4944088459014893 -5.29130418932168 12.134175245457959
v -1.9091378450393677 -5.555989561819441 12.019086770024789
v -1.2912009954452515 -5.748353130975177 11.935444709664221
v -0.6511713862419128 -5.86510386489429 11.88468004577042
v -3.0547697965266547e-16 -5.904244230532064 11.86766133043062
v 0.6511713862419128 -5.86510386489429 11.88468004577042
v 1.2912009954452515 -5.748353130975177 11.935444709664221
v 1.9091378450393677 -5.555989561819441 12.019086770024789
v 2.4944088459014893 -5.29130418932168 12.134175245457959
v 3.0369997024536133 -4.9588264458980875 12.278740682697624
v 3.5276267528533936 -4.564244359368089 12.450309856858773
v 3.957895278930664 -4.114309880033112 12.645946936395225
v 4.3204426765441895 -3.616721468762733 12.862304535252736
v 4.609066486358643 -3.07999280117666 13.095680801915453
v 4.8188276290893555 -2.5133075879225704 13.342082545345708
v 4.946137428283691 -1.9263619868978745 13.597293756100129
v 4.9888176918029785 -1.3291987069934021 13.856947740074851
v 4.946137428283691 -0.7320354270889284 14.116601724049577
v 4.8188276290893555 -0.14508982606423287 14.371812934803998
v 4.609066486358643 0.42159538718985673 14.618214678234251
v 4.3204426765441895 0.9583240547759297 14.85159094489697
v 3.957895278930664 1.4559124660463092 15.06794854375448
v 3.5276267528533936 1.9058469453812856 15.263585623290933
v 3.0369997024536133 2.300429031911285 15.435154797452082
v 2.4944088459014893 2.632906775334878 15.579720234691745
v 1.9091378450393677 2.8975921478326376 15.694808710124917
v 1.2912009954452515 3.089955716988374 15.778450770485485
v 0.6511713862419128 3.2067064509074865 15.829215434379286
v 9.164309918975556e-16 3.2458468165452605 15.846234149719084
v -0.6511713862419128 3.2067064509074865 15.829215434379286
v -1.2912009954452515 3.089955716988374 15.778450770485485
v -1.9091378450393677 2.8975921478326376 15.694808710124917
v -2.4944088459014893 2.632906775334878 15.579720234691745
v -3.0369997024536133 2.300429031911285 15.435154797452082
v -3.5276267528533936 1.9058469453812856 15.263585623290933
v -3.957895278930664 1.4559124660463092 15.06794854375448
v -4.3204426765441895 0.9583240547759297 14.85159094489697
v -4.609066486358643 0.42159538718985673 14.618214678234251
v -4.8188276290893555 -0.14508982606423287 14.371812934803998
v -4.946137428283691 -0.7320354270889284 14.116601724049577
v -4.9888176918029785 -1.3291987069934004 13.856947740074853
v -5.29152774810791 -1.1278140296528767 13.393794690765667
v -5.246257781982422 -1.7612117849881634 13.118385508473407
v -5.111223220825195 -2.383771895928317 12.847688668079577
v -4.888733863830566 -2.984842182986827 12.586335869045216
v -4.582597255706787 -3.554138444798271 12.338798809390601
v -4.1980509757995605 -4.081919428107263 12.109313106578801
v -3.7416751384735107 -4.559154910466364 11.901805213078614
v -3.221277952194214 -4.977678969792165 11.719825772864873
v -2.645763874053955 -5.3303310098484085 11.566488301793198
v -2.024979829788208 -5.611076670466411 11.444416614339909
v -1.3695480823516846 -5.815112776741804 11.355699190392524
v -0.6906829476356506 -5.938947581441213 11.30185428485835
v -3.240126281072109e-16 -5.980462859943665 11.283802928015534
v 0.6906829476356506 -5.938947581441213 11.30185428485835
v 1.3695480823516846 -5.815112776741804 11.355699190392524
v 2.024979829788208 -5.611076670466411 11.444416614339909
v 2.645763874053955 -5.3303310098484085 11.566488301793198
v 3.221277952194214 -4.977678969792165 11.719825772864873
v 3.7416751384735107 -4.559154910466364 11.901805213078614
v 4.1980509757995605 -4.081919428107263 12.109313106578801
v 4.582597255706787 -3.554138444798271 12.338798809390601
v 4.888733863830566 -2.984842182986827 12.586335869045216
v 5.111223220825195 -2.383771895928317 12.847688668079577
v 5.246257781982422 -1.7612117849881634 13.118385508473407
v 5.29152774810791 -1.1278140296528774 13.393794690765667
v 5.246257781982422 -0.4944162743175901 13.669203873057928
v 5.111223220825195 0.1281438366225633 13.939900713451758
v 4.888733863830566 0.7292141236810734 14.201253512486119
v 4.582597255706787 1.2985103854925175 14.448790572140734
v 4.1980509757995605 1.8262913688015094 14.678276274952534
v 3.7416751384735107 2.3035268511606106 14.885784168452721
v 3.221277952194214 2.722050910486411 15.067763608666462
v 2.645763874053955 3.074702950542655 15.221101079738137
v 2.024979829788208 3.3554486111606576 15.343172767191426
v 1.3695480823516846 3.559484717436051 15.43189019113881
v 0.6906829476356506 3.6833195221354598 15.485735096672984
v 9.720378578518532e-16 3.7248348006379115 15.5037864535158
v -0.6906829476356506 3.6833195221354598 15.485735096672984
v -1.3695480823516846 3.559484717436051 15.43189019113881
v -2.024979829788208 3.3554486111606576 15.343172767191426
v -2.645763874053955 3.074702950542655 15.221101079738137
v -3.221277952194214 2.722050910486411 15.067763608666462
v -3.7416751384735107 2.3035268511606106 14.885784168452721
v -4.1980509757995605 1.8262913688015094 14.678276274952534
v -4.582597255706787 1.2985103854925175 14.448790572140734
v -4.888733863830566 0.7292141236810734 14.201253512486119
v -5.111223220825195 0.1281438366225633 13.939900713451758
v -5.246257781982422 -0.4944162743175901 13.669203873057928
v -5.29152774810791 -1.1278140296528756 13.393794690765668
v -5.543277263641357 -0.9155679829701433 12.905662202122024
v -5.495853900909424 -1.5791002603195932 12.617150156744472
v -5.354394435882568 -2.2312793303448992 12.333574626406957
v -5.1213202476501465 -2.860946087074857 12.059787728479256
v -4.800618648529053 -3.4573271128362992 11.800473878286287
v -4.397777557373047 -4.010217847399041 11.560070144897164
v -3.9196889400482178 -4.51015821389731 11.342689886801214
v -3.3745334148406982 -4.9485941968638985 11.152052495779179
v -2.7716386318206787 -5.31802367788481 10.991419985755892
v -2.1213202476501465 -5.612126310230229 10.863540521703518
v -1.4347057342529297 -5.825869342627906 10.770602406155332
v -0.7235428690910339 -5.955596170147913 10.71419557618521
v -3.3942783365385114e-16 -5.999086242702454 10.695285554450548
v 0.7235428690910339 -5.955596170147913 10.71419557618521
v 1.4347057342529297 -5.825869342627906 10.770602406155332
v 2.1213202476501465 -5.612126310230229 10.863540521703518
v 2.7716386318206787 -5.31802367788481 10.991419985755892
v 3.3745334148406982 -4.9485941968638985 11.152052495779179
v 3.9196889400482178 -4.51015821389731 11.342689886801214
v 4.397777557373047 -4.010217847399041 11.560070144897164
v 4.800618648529053 -3.4573271128362992 11.800473878286287
v 5.1213202476501465 -2.860946087074857 12.059787728479256
v 5.354394435882568 -2.2312793303448992 12.333574626406957
v 5.495853900909424 -1.5791002603195932 12.617150156744472
v 5.543277263641357 -0.915567982970144 12.905662202122024
v 5.495853900909424 -0.2520357056206936 13.194174247499575
v 5.354394435882568 0.40014336440461257 13.47774977783709
v 5.1213202476501465 1.02981012113457 13.751536675764793
v 4.800618648529053 1.6261911468960122 14.010850525957762
v 4.397777557373047 2.1790818814587545 14.251254259346883
v 3.9196889400482178 2.679022247957023 14.468634517442835
v 3.3745334148406982 3.1174582309236123 14.65927190846487
v 2.7716386318206787 3.4868877119445236 14.819904418488157
v 2.1213202476501465 3.780990344289943 14.94778388254053
v 1.4347057342529297 3.9947333766876194 15.040721998088715
v 0.7235428690910339 4.124460204207628 15.097128828058837
v 1.018283527431333e-15 4.167950276762168 15.116038849793501
v -0.7235428690910339 4.124460204207628 15.097128828058837
v -1.4347057342529297 3.9947333766876194 15.040721998088715
v -2.1213202476501465 3.780990344289943 14.94778388254053
v -2.7716386318206787 3.4868877119445236 14.819904418488157
v -3.3745334148406982 3.1174582309236123 14.65927190846487
v -3.9196889400482178 2.679022247957023 14.468634517442835
v -4.397777557373047 2.1790818814587545 14.251254259346883
v -4.800618648529053 1.6261911468960122 14.010850525957762
v -5.1213202476501465 1.02981012113457 13.751536675764793
v -5.354394435882568 0.40014336440461257 13.47774977783709
v -5.495853900909424 -0.2520357056206936 13.194174247499575
v -5.543277263641357 -0.9155679829701421 12.905662202122024
v -5.741641998291016 -0.6945044593842863 12.397250904937303
v -5.692521572113037 -1.3817810552090004 12.098414536051695
v -5.5460004806518555 -2.057298202860504 11.80469132075451
v -5.3045854568481445 -2.7094975521316393 11.521106972749951
v -4.972407817840576 -3.3272197784070423 11.25251370447699
v -4.555150985717773 -3.8998956229978394 11.003507160407706
v -4.0599541664123535 -4.417726329234593 10.778347961201206
v -3.4952902793884277 -4.871851561182099 10.580888690568425
v -2.870820999145508 -5.254501142686338 10.41450791725676
v -2.1972312927246094 -5.559127993023694 10.282052392984706
v -1.486046314239502 -5.780520072710812 10.18578837701841
v -0.7494346499443054 -5.914888715745192 10.127363228220354
v -3.515741802383594e-16 -5.959935097429798 10.107776504016673
v 0.7494346499443054 -5.914888715745192 10.127363228220354
v 1.486046314239502 -5.780520072710812 10.18578837701841
v 2.1972312927246094 -5.559127993023694 10.282052392984706
v 2.870820999145508 -5.254501142686338 10.41450791725676
v 3.4952902793884277 -4.871851561182099 10.580888690568425
v 4.0599541664123535 -4.417726329234593 10.778347961201206
v 4.555150985717773 -3.8998956229978394 11.003507160407706
v 4.972407817840576 -3.3272197784070423 11.25251370447699
v 5.3045854568481445 -2.7094975521316393 11.521106972749951
v 5.5460004806518555 -2.057298202860504 11.80469132075451
v 5.692521572113037 -1.3817810552090004 12.098414536051695
v 5.741641998291016 -0.694504459384287 12.397250904937303
v 5.692521572113037 -0.007227863559572101 12.696087273822913
v 5.5460004806518555 0.6682892840919309 12.9898104891201
v 5.3045854568481445 1.3204886333630668 13.273394837124656
v 4.972407817840576 1.9382108596384697 13.54198810539762
v 4.555150985717773 2.5108867042292666 13.790994649466903
v 4.0599541664123535 3.028717410466021 14.016153848673403
v 3.4952902793884277 3.4828426424135266 14.213613119306183
v 2.870820999145508 3.865492223917765 14.379993892617847
v 2.1972312927246094 4.170119074255121 14.512449416889902
v 1.486046314239502 4.391511153942239 14.608713432856199
v 0.7494346499443054 4.52587979697662 14.667138581654255
v 1.0547225671848578e-15 4.570926178661225 14.686725305857935
v -0.7494346499443054 4.52587979697662 14.667138581654255
v -1.486046314239502 4.391511153942239 14.608713432856199
v -2.1972312927246094 4.170119074255121 14.512449416889902
v -2.870820999145508 3.865492223917765 14.379993892617847
v -3.4952902793884277 3.4828426424135266 14.213613119306183
v -4.0599541664123535 3.028717410466021 14.016153848673403
v -4.555150985717773 2.5108867042292666 13.790994649466903
v -4.972407817840576 1.9382108596384697 13.54198810539762
v -5.3045854568481445 1.3204886333630668 13.273394837124656
v -5.5460004806518555 0.6682892840919309 12.9898104891201
v -5.692521572113037 -0.007227863559572101 12.696087273822913
v -5.741641998291016 -0.694504459384285 12.397250904937305
v -5.884711742401123 -0.46675248579084005 11.873457225850068
v -5.834367275238037 -1.1711546040827596 11.567174467868046
v -5.684195041656494 -1.8635041817051412 11.266132303718859
v -5.436764717102051 -2.5319550234143393 10.975481605690648
v -5.096309661865234 -3.165069579901534 10.700195561762111
v -4.668655872344971 -3.7520152355872693 10.444984327240395
v -4.16111946105957 -4.282749008275517 10.214214715065843
v -3.582385540008545 -4.748190387362065 10.011835043620128
v -2.9423558712005615 -5.140374603390599 9.84130849322657
v -2.251981735229492 -5.452592341670865 9.705552356939997
v -1.5230754613876343 -5.679500813511899 9.606889745400041
v -0.7681090235710144 -5.817217773210769 9.547008707080975
v -3.603346714348962e-16 -5.863386674012228 9.526933897674157
v 0.7681090235710144 -5.817217773210769 9.547008707080975
v 1.5230754613876343 -5.679500813511899 9.606889745400041
v 2.251981735229492 -5.452592341670865 9.705552356939997
v 2.9423558712005615 -5.140374603390599 9.84130849322657
v 3.582385540008545 -4.748190387362065 10.011835043620128
v 4.16111946105957 -4.282749008275517 10.214214715065843
v 4.668655872344971 -3.7520152355872693 10.444984327240395
v 5.096309661865234 -3.165069579901534 10.700195561762111
v 5.436764717102051 -2.5319550234143393 10.975481605690648
v 5.684195041656494 -1.8635041817051412 11.266132303718859
v 5.834367275238037 -1.1711546040827596 11.567174467868046
v 5.884711742401123 -0.4667524857908407 11.873457225850068
v 5.834367275238037 0.2376496325010795 12.17973998383209
v 5.684195041656494 0.9299992101234611 12.480782147981277
v 5.436764717102051 1.5984500518326592 12.771432846009487
v 5.096309661865234 2.2315646083198537 13.046718889938022
v 4.668655872344971 2.8185102640055892 13.301930124459739
v 4.16111946105957 3.3492440366938374 13.532699736634292
v 3.582385540008545 3.814685415780385 13.735079408080006
v 2.9423558712005615 4.206869631808919 13.905605958473565
v 2.251981735229492 4.519087370089185 14.041362094760139
v 1.5230754613876343 4.745995841930219 14.140024706300094
v 0.7681090235710144 4.8837128016290885 14.199905744619159
v 1.081003987834909e-15 4.9298817024305475 14.219980554025977
v -0.7681090235710144 4.8837128016290885 14.199905744619159
v -1.5230754613876343 4.745995841930219 14.140024706300094
v -2.251981735229492 4.519087370089185 14.041362094760139
v -2.9423558712005615 4.206869631808919 13.905605958473565
v -3.582385540008545 3.814685415780385 13.735079408080006
v -4.16111946105957 3.3492440366938374 13.532699736634292
v -4.668655872344971 2.8185102640055892 13.301930124459739
v -5.096309661865234 2.2315646083198537 13.046718889938022
v -5.436764717102051 1.5984500518326592 12.771432846009487
v -5.684195041656494 0.9299992101234611 12.480782147981277
v -5.834367275238037 0.2376496325010795 12.17973998383209
v -5.884711742401123 -0.4667524857908387 11.873457225850068
v -5.971108436584473 -0.23450545092455233 11.339325613595117
v -5.920024871826172 -0.9492492739959444 11.028546154396787
v -5.767647743225098 -1.651763673272451 10.723084200003116
v -5.516584873199463 -2.3300282487760375 10.428166369076532
v -5.171131610870361 -2.972438024432452 10.148838648825246
v -4.737198829650879 -3.568000883747602 9.889880547527902
v -4.2222113609313965 -4.106526915650015 9.655722764618126
v -3.6349804401397705 -4.57880136202131 9.450371990958063
v -2.9855542182922363 -4.976743790644592 9.277341698470652
v -2.2850441932678223 -5.293545185092703 9.139592531759735
v -1.5454366207122803 -5.523784919353754 9.039481446095312
v -0.779386043548584 -5.663523900243247 8.978721207940131
v -3.6562494805587094e-16 -5.710370597940352 8.958351684055376
v 0.779386043548584 -5.663523900243247 8.978721207940131
v 1.5454366207122803 -5.523784919353754 9.039481446095312
v 2.2850441932678223 -5.293545185092703 9.139592531759735
v 2.9855542182922363 -4.976743790644592 9.277341698470652
v 3.6349804401397705 -4.57880136202131 9.450371990958063
v 4.2222113609313965 -4.106526915650015 9.655722764618126
v 4.737198829650879 -3.568000883747602 9.889880547527902
v 5.171131610870361 -2.972438024432452 10.148838648825246
v 5.516584873199463 -2.3300282487760375 10.428166369076532
v 5.767647743225098 -1.651763673272451 10.723084200003116
v 5.920024871826172 -0.9492492739959444 11.028546154396787
v 5.971108436584473 -0.234505450924553 11.339325613595115
v 5.920024871826172 0.48023837214683973 11.650105072793446
v 5.767647743225098 1.1827527714233463 11.955567027187117
v 5.516584873199463 1.8610173469269329 12.2504848581137
v 5.171131610870361 2.5034271225833473 12.529812578364986
v 4.737198829650879 3.098989981898497 12.788770679662331
v 4.2222113609313965 3.6375160138009104 13.022928462572107
v 3.6349804401397705 4.1097904601722055 13.228279236232169
v 2.9855542182922363 4.507732888795488 13.40130952871958
v 2.2850441932678223 4.824534283243598 13.539058695430498
v 1.5454366207122803 5.054774017504649 13.639169781094921
v 0.779386043548584 5.194512998394142 13.6999300192501
v 1.0968748441676128e-15 5.241359696091247 13.720299543134855
v -0.779386043548584 5.194512998394142 13.6999300192501
v -1.5454366207122803 5.054774017504649 13.639169781094921
v -2.2850441932678223 4.824534283243598 13.539058695430498
v -2.9855542182922363 4.507732888795488 13.40130952871958
v -3.6349804401397705 4.1097904601722055 13.228279236232169
v -4.2222113609313965 3.6375160138009104 13.022928462572107
v -4.737198829650879 3.098989981898497 12.788770679662331
v -5.171131610870361 2.5034271225833473 12.529812578364986
v -5.516584873199463 1.8610173469269329 12.2504848581137
v -5.767647743225098 1.1827527714233463 11.955567027187117
v -5.920024871826172 0.48023837214683973 11.650105072793446
v -5.971108436584473 -0.234505450924551 11.339325613595117
v -6 2.2515837060759675e-15 10.8
v -5.948668956756592 -0.7182021724093414 10.487716807712593
v -5.795555114746094 -1.4241156684564709 10.180776883979364
v -5.543277263641357 -2.105662202122021 9.884432017029855
v -5.196152210235596 -2.7511802231553704 9.603752793224263
v -4.760119915008545 -3.3496248124978134 9.343541680049755
v -4.242640495300293 -3.8907562082094245 9.108251052714465
v -3.6525685787200928 -4.365315923339844 8.901906615917824
v -3 -4.76518373243508 8.728039144174698
v -2.296100616455078 -5.083518259732308 8.589623352328525
v -1.5529142618179321 -5.314872204632137 8.489027794090049
v -0.7831571698188782 -5.455286795975677 8.427973792148796
v -3.6739402930577075e-16 -5.5023604463107425 8.407505586448526
v 0.7831571698188782 -5.455286795975677 8.427973792148796
v 1.5529142618179321 -5.314872204632137 8.489027794090049
v 2.296100616455078 -5.083518259732308 8.589623352328525
v 3 -4.76518373243508 8.728039144174698
v 3.6525685787200928 -4.365315923339844 8.901906615917824
v 4.242640495300293 -3.8907562082094245 9.108251052714465
v 4.760119915008545 -3.3496248124978134 9.343541680049755
v 5.196152210235596 -2.7511802231553704 9.603752793224263
v 5.543277263641357 -2.105662202122021 9.884432017029855
v 5.795555114746094 -1.4241156684564709 10.180776883979364
v 5.948668956756592 -0.7182021724093414 10.487716807712593
v 6 1.5777389143883664e-15 10.8
v 5.948668956756592 0.718202172409346 11.112283192287409
v 5.795555114746094 1.4241156684564753 11.419223116020637
v 5.543277263641357 2.1056622021220255 11.715567982970146
v 5.196152210235596 2.751180223155375 11.996247206775738
v 4.760119915008545 3.349624812497818 12.256458319950248
v 4.242640495300293 3.890756208209429 12.491748947285537
v 3.6525685787200928 4.36531592333985 12.69809338408218
v 3 4.765183732435085 12.871960855825304
v 2.296100616455078 5.083518259732314 13.010376647671478
v 1.5529142618179321 5.314872204632143 13.110972205909952
v 0.7831571698188782 5.455286795975682 13.172026207851207
v 1.1021821408568715e-15 5.502360446310748 13.192494413551477
v -0.7831571698188782 5.455286795975682 13.172026207851207
v -1.5529142618179321 5.314872204632143 13.110972205909952
v -2.296100616455078 5.083518259732314 13.010376647671478
v -3 4.765183732435085 12.871960855825304
v -3.6525685787200928 4.36531592333985 12.69809338408218
v -4.242640495300293 3.890756208209429 12.491748947285537
v -4.760119915008545 3.349624812497818 12.256458319950248
v -5.196152210235596 2.751180223155375 11.996247206775738
v -5.543277263641357 2.1056622021220255 11.715567982970146
v -5.795555114746094 1.4241156684564753 11.419223116020637
v -5.948668956756592 0.718202172409346 11.112283192287409
v -6 3.5992732894511705e-15 10.800000000000002
v -5.971108436584473 0.2345054509245571 10.260674386404885
v -5.920024871826172 -0.48023837214683496 9.949894927206556
v -5.767647743225098 -1.1827527714233415 9.644432972812885
v -5.516584873199463 -1.861017346926928 9.349515141886302
v -5.171131610870361 -2.503427122583343 9.070187421635016
v -4.737198829650879 -3.0989899818984927 8.81122932033767
v -4.2222113609313965 -3.637516013800906 8.577071537427894
v -3.6349804401397705 -4.1097904601722 8.371720763767833
v -2.9855542182922363 -4.507732888795482 8.198690471280422
v -2.2850441932678223 -4.824534283243593 8.060941304569504
v -1.5454366207122803 -5.054774017504644 7.960830218905081
v -0.779386043548584 -5.194512998394137 7.900069980749901
v -3.6562494805587094e-16 -5.241359696091242 7.879700456865146
v 0.779386043548584 -5.194512998394137 7.900069980749901
v 1.5454366207122803 -5.054774017504644 7.960830218905081
v 2.2850441932678223 -4.824534283243593 8.060941304569504
v 2.9855542182922363 -4.507732888795482 8.198690471280422
v 3.6349804401397705 -4.1097904601722 8.371720763767833
v 4.2222113609313965 -3.637516013800906 8.577071537427894
v 4.737198829650879 -3.0989899818984927 8.81122932033767
v 5.171131610870361 -2.503427122583343 9.070187421635016
v 5.516584873199463 -1.861017346926928 9.349515141886302
v 5.767647743225098 -1.1827527714233415 9.644432972812885
v 5.920024871826172 -0.48023837214683496 9.949894927206556
v 5.971108436584473 0.23450545092455644 10.260674386404885
v 5.920024871826172 0.9492492739959493 10.571453845603214
v 5.767647743225098 1.6517636732724559 10.876915799996885
v 5.516584873199463 2.330028248776042 11.17183363092347
v 5.171131610870361 2.9724380244324564 11.451161351174756
v 4.737198829650879 3.5680008837476063 11.7101194524721
v 4.2222113609313965 4.10652691565002 11.944277235381875
v 3.6349804401397705 4.5788013620213155 12.149628009041939
v 2.9855542182922363 4.976743790644598 12.32265830152935
v 2.2850441932678223 5.293545185092708 12.460407468240266
v 1.5454366207122803 5.523784919353759 12.56051855390469
v 0.779386043548584 5.663523900243252 12.62127879205987
v 1.0968748441676128e-15 5.710370597940357 12.641648315944625
v -0.779386043548584 5.663523900243252 12.62127879205987
v -1.5454366207122803 5.523784919353759 12.56051855390469
v -2.2850441932678223 5.293545185092708 12.460407468240266
v -2.9855542182922363 4.976743790644598 12.32265830152935
v -3.6349804401397705 4.5788013620213155 12.149628009041939
v -4.2222113609313965 4.10652691565002 11.944277235381875
v -4.737198829650879 3.5680008837476063 11.7101194524721
v -5.171131610870361 2.9724380244324564 11.451161351174756
v -5.516584873199463 2.330028248776042 11.17183363092347
v -5.767647743225098 1.6517636732724559 10.876915799996885
v -5.920024871826172 0.9492492739959493 10.571453845603214
v -5.971108436584473 0.23450545092455843 10.260674386404887
v -5.884711742401123 0.46675248579084483 9.726542774149934
v -5.834367275238037 -0.23764963250107474 9.420260016167912
v -5.684195041656494 -0.9299992101234562 9.119217852018725
v -5.436764717102051 -1.5984500518326543 8.828567153990514
v -5.096309661865234 -2.2315646083198493 8.55328111006198
v -4.668655872344971 -2.818510264005585 8.298069875540262
v -4.16111946105957 -3.349244036693833 8.06730026336571
v -3.582385540008545 -3.8146854157803807 7.864920591919995
v -2.9423558712005615 -4.206869631808914 7.6943940415264365
v -2.251981735229492 -4.51908737008918 7.558637905239863
v -1.5230754613876343 -4.745995841930213 7.459975293699907
v -0.7681090235710144 -4.883712801629083 7.400094255380843
v -3.603346714348962e-16 -4.929881702430542 7.380019445974025
v 0.7681090235710144 -4.883712801629083 7.400094255380843
v 1.5230754613876343 -4.745995841930213 7.459975293699907
v 2.251981735229492 -4.51908737008918 7.558637905239863
v 2.9423558712005615 -4.206869631808914 7.6943940415264365
v 3.582385540008545 -3.8146854157803807 7.864920591919995
v 4.16111946105957 -3.349244036693833 8.06730026336571
v 4.668655872344971 -2.818510264005585 8.298069875540262
v 5.096309661865234 -2.2315646083198493 8.55328111006198
v 5.436764717102051 -1.5984500518326543 8.828567153990514
v 5.684195041656494 -0.9299992101234562 9.119217852018725
v 5.834367275238037 -0.23764963250107474 9.420260016167912
v 5.884711742401123 0.46675248579084416 9.726542774149934
v 5.834367275238037 1.1711546040827645 10.032825532131955
v 5.684195041656494 1.863504181705146 10.333867696281143
v 5.436764717102051 2.5319550234143438 10.624518394309353
v 5.096309661865234 3.1650695799015383 10.89980443823789
v 4.668655872344971 3.752015235587274 11.155015672759607
v 4.16111946105957 4.282749008275522 11.385785284934158
v 3.582385540008545 4.7481903873620706 11.588164956379874
v 2.9423558712005615 5.140374603390605 11.758691506773431
v 2.251981735229492 5.45259234167087 11.894447643060005
v 1.5230754613876343 5.679500813511904 11.99311025459996
v 0.7681090235710144 5.817217773210774 12.052991292919026
v 1.081003987834909e-15 5.863386674012233 12.073066102325845
v -0.7681090235710144 5.817217773210774 12.052991292919026
v -1.5230754613876343 5.679500813511904 11.99311025459996
v -2.251981735229492 5.45259234167087 11.894447643060005
v -2.9423558712005615 5.140374603390605 11.758691506773431
v -3.582385540008545 4.7481903873620706 11.588164956379874
v -4.16111946105957 4.282749008275522 11.385785284934158
v -4.668655872344971 3.752015235587274 11.155015672759607
v -5.096309661865234 3.1650695799015383 10.89980443823789
v -5.436764717102051 2.5319550234143438 10.624518394309353
v -5.684195041656494 1.863504181705146 10.333867696281143
v -5.834367275238037 1.1711546040827645 10.032825532131955
v -5.884711742401123 0.46675248579084616 9.726542774149936
v -5.741641998291016 0.6945044593842912 9.202749095062698
v -5.692521572113037 0.007227863559576897 8.903912726177088
v -5.5460004806518555 -0.668289284091926 8.610189510879902
v -5.3045854568481445 -1.3204886333630619 8.326605162875346
v -4.972407817840576 -1.9382108596384648 8.058011894602382
v -4.555150985717773 -2.510886704229262 7.8090053505330985
v -4.0599541664123535 -3.0287174104660166 7.583846151326599
v -3.4952902793884277 -3.482842642413522 7.386386880693818
v -2.870820999145508 -3.8654922239177605 7.2200061073821535
v -2.1972312927246094 -4.1701190742551155 7.087550583110099
v -1.486046314239502 -4.391511153942234 6.991286567143804
v -0.7494346499443054 -4.525879796976614 6.932861418345746
v -3.515741802383594e-16 -4.57092617866122 6.913274694142066
v 0.7494346499443054 -4.525879796976614 6.932861418345746
v 1.486046314239502 -4.391511153942234 6.991286567143804
v 2.1972312927246094 -4.1701190742551155 7.087550583110099
v 2.870820999145508 -3.8654922239177605 7.2200061073821535
v 3.4952902793884277 -3.482842642413522 7.386386880693818
v 4.0599541664123535 -3.0287174104660166 7.583846151326599
v 4.555150985717773 -2.510886704229262 7.8090053505330985
v 4.972407817840576 -1.9382108596384648 8.058011894602382
v 5.3045854568481445 -1.3204886333630619 8.326605162875346
v 5.5460004806518555 -0.668289284091926 8.610189510879902
v 5.692521572113037 0.007227863559576897 8.903912726177088
v 5.741641998291016 0.6945044593842905 9.202749095062696
v 5.692521572113037 1.3817810552090053 9.501585463948306
v 5.5460004806518555 2.0572982028605082 9.795308679245492
v 5.3045854568481445 2.709497552131644 10.07889302725005
v 4.972407817840576 3.3272197784070467 10.347486295523012
v 4.555150985717773 3.899895622997844 10.596492839592296
v 4.0599541664123535 4.417726329234599 10.821652038798796
v 3.4952902793884277 4.871851561182105 11.019111309431576
v 2.870820999145508 5.254501142686343 11.185492082743242
v 2.1972312927246094 5.559127993023699 11.317947607015295
v 1.486046314239502 5.780520072710817 11.414211622981592
v 0.7494346499443054 5.914888715745198 11.472636771779648
v 1.0547225671848578e-15 5.9599350974298035 11.492223495983328
v -0.7494346499443054 5.914888715745198 11.472636771779648
v -1.486046314239502 5.780520072710817 11.414211622981592
v -2.1972312927246094 5.559127993023699 11.317947607015295
v -2.870820999145508 5.254501142686343 11.185492082743242
v -3.4952902793884277 4.871851561182105 11.019111309431576
v -4.0599541664123535 4.417726329234599 10.821652038798796
v -4.555150985717773 3.899895622997844 10.596492839592296
v -4.972407817840576 3.3272197784070467 10.347486295523012
v -5.3045854568481445 2.709497552131644 10.07889302725005
v -5.5460004806518555 2.0572982028605082 9.795308679245492
v -5.692521572113037 1.3817810552090053 9.501585463948306
v -5.741641998291016 0.6945044593842925 9.202749095062698
v -5.543277263641357 0.9155679829701482 8.694337797877978
v -5.495853900909424 0.2520357056206984 8.405825752500427
v -5.354394435882568 -0.4001433644046078 8.122250222162911
v -5.1213202476501465 -1.0298101211345652 7.848463324235209
v -4.800618648529053 -1.6261911468960073 7.589149474042239
v -4.397777557373047 -2.17908188145875 7.3487457406531185
v -3.9196889400482178 -2.6790222479570187 7.131365482557166
v -3.3745334148406982 -3.117458230923608 6.940728091535132
v -2.7716386318206787 -3.486887711944519 6.780095581511845
v -2.1213202476501465 -3.7809903442899384 6.652216117459472
v -1.4347057342529297 -3.994733376687615 6.559278001911286
v -0.7235428690910339 -4.124460204207622 6.502871171941164
v -3.3942783365385114e-16 -4.167950276762163 6.4839611502065
v 0.7235428690910339 -4.124460204207622 6.502871171941164
v 1.4347057342529297 -3.994733376687615 6.559278001911286
v 2.1213202476501465 -3.7809903442899384 6.652216117459472
v 2.7716386318206787 -3.486887711944519 6.780095581511845
v 3.3745334148406982 -3.117458230923608 6.940728091535132
v 3.9196889400482178 -2.6790222479570187 7.131365482557166
v 4.397777557373047 -2.17908188145875 7.3487457406531185
v 4.800618648529053 -1.6261911468960073 7.589149474042239
v 5.1213202476501465 -1.0298101211345652 7.848463324235209
v 5.354394435882568 -0.4001433644046078 8.122250222162911
v 5.495853900909424 0.2520357056206984 8.405825752500427
v 5.543277263641357 0.9155679829701475 8.694337797877978
v 5.495853900909424 1.579100260319598 8.98284984325553
v 5.354394435882568 2.2312793303449037 9.266425373593044
v 5.1213202476501465 2.8609460870748613 9.540212271520746
v 4.800618648529053 3.4573271128363037 9.799526121713715
v 4.397777557373047 4.010217847399046 10.039929855102837
v 3.9196889400482178 4.5101582138973155 10.257310113198788
v 3.3745334148406982 4.948594196863904 10.447947504220823
v 2.7716386318206787 5.318023677884815 10.60858001424411
v 2.1213202476501465 5.612126310230234 10.736459478296483
v 1.4347057342529297 5.825869342627911 10.82939759384467
v 0.7235428690910339 5.955596170147919 10.885804423814792
v 1.018283527431333e-15 5.999086242702459 10.904714445549454
v -0.7235428690910339 5.955596170147919 10.885804423814792
v -1.4347057342529297 5.825869342627911 10.82939759384467
v -2.1213202476501465 5.612126310230234 10.736459478296483
v -2.7716386318206787 5.318023677884815 10.60858001424411
v -3.3745334148406982 4.948594196863904 10.447947504220823
v -3.9196889400482178 4.5101582138973155 10.257310113198788
v -4.397777557373047 4.010217847399046 10.039929855102837
v -4.800618648529053 3.4573271128363037 9.799526121713715
v -5.1213202476501465 2.8609460870748613 9.540212271520746
v -5.354394435882568 2.2312793303449037 9.266425373593044
v -5.495853900909424 1.579100260319598 8.98284984325553
v -5.543277263641357 0.9155679829701494 8.694337797877978
v -5.29152774810791 1.1278140296528816 8.206205309234335
v -5.246257781982422 0.4944162743175949 7.930796126942074
v -5.111223220825195 -0.12814383662255852 7.660099286548244
v -4.888733863830566 -0.7292141236810685 7.398746487513883
v -4.582597255706787 -1.2985103854925126 7.151209427859268
v -4.1980509757995605 -1.8262913688015046 6.921723725047468
v -3.7416751384735107 -2.303526851160606 6.71421583154728
v -3.221277952194214 -2.7220509104864066 6.532236391333539
v -2.645763874053955 -3.0747029505426506 6.378898920261865
v -2.024979829788208 -3.355448611160653 6.2568272328085754
v -1.3695480823516846 -3.5594847174360464 6.168109808861191
v -0.6906829476356506 -3.6833195221354553 6.114264903327017
v -3.240126281072109e-16 -3.724834800637907 6.096213546484201
v 0.6906829476356506 -3.6833195221354553 6.114264903327017
v 1.3695480823516846 -3.5594847174360464 6.168109808861191
v 2.024979829788208 -3.355448611160653 6.2568272328085754
v 2.645763874053955 -3.0747029505426506 6.378898920261865
v 3.221277952194214 -2.7220509104864066 6.532236391333539
v 3.7416751384735107 -2.303526851160606 6.71421583154728
v 4.1980509757995605 -1.8262913688015046 6.921723725047468
v 4.582597255706787 -1.2985103854925126 7.151209427859268
v 4.888733863830566 -0.7292141236810685 7.398746487513883
v 5.111223220825195 -0.12814383662255852 7.660099286548244
v 5.246257781982422 0.4944162743175949 7.930796126942074
v 5.29152774810791 1.127814029652881 8.206205309234333
v 5.246257781982422 1.7612117849881683 8.481614491526594
v 5.111223220825195 2.3837718959283216 8.752311331920424
v 4.888733863830566 2.9848421829868315 9.013664130954785
v 4.582597255706787 3.5541384447982756 9.2612011906094
v 4.1980509757995605 4.081919428107268 9.4906868934212
v 3.7416751384735107 4.559154910466369 9.698194786921388
v 3.221277952194214 4.97767896979217 9.880174227135129
v 2.645763874053955 5.330331009848414 10.033511698206803
v 2.024979829788208 5.611076670466416 10.155583385660092
v 1.3695480823516846 5.81511277674181 10.244300809607477
v 0.6906829476356506 5.9389475814412185 10.29814571514165
v 9.720378578518532e-16 5.98046285994367 10.316197071984467
v -0.6906829476356506 5.9389475814412185 10.29814571514165
v -1.3695480823516846 5.81511277674181 10.244300809607477
v -2.024979829788208 5.611076670466416 10.155583385660092
v -2.645763874053955 5.330331009848414 10.033511698206803
v -3.221277952194214 4.97767896979217 9.880174227135129
v -3.7416751384735107 4.559154910466369 9.698194786921388
v -4.1980509757995605 4.081919428107268 9.4906868934212
v -4.582597255706787 3.5541384447982756 9.2612011906094
v -4.888733863830566 2.9848421829868315 9.013664130954785
v -5.111223220825195 2.3837718959283216 8.752311331920424
v -5.246257781982422 1.7612117849881683 8.481614491526594
v -5.29152774810791 1.1278140296528827 8.206205309234335
v -4.9888176918029785 1.3291987069934064 7.743052259925149
v -4.946137428283691 0.7320354270889333 7.4833982759504245
v -4.8188276290893555 0.14508982606423765 7.228187065196004
v -4.609066486358643 -0.42159538718985196 6.98178532176575
v -4.3204426765441895 -0.9583240547759249 6.748409055103033
v -3.957895278930664 -1.4559124660463043 6.532051456245521
v -3.5276267528533936 -1.9058469453812807 6.33641437670907
v -3.0369997024536133 -2.3004290319112806 6.1648452025479195
v -2.4944088459014893 -2.6329067753348734 6.020279765308256
v -1.9091378450393677 -2.897592147832633 5.905191289875085
v -1.2912009954452515 -3.0899557169883693 5.821549229514518
v -0.6511713862419128 -3.206706450907482 5.770784565620716
v -3.0547697965266547e-16 -3.245846816545256 5.753765850280916
v 0.6511713862419128 -3.206706450907482 5.770784565620716
v 1.2912009954452515 -3.0899557169883693 5.821549229514518
v 1.9091378450393677 -2.897592147832633 5.905191289875085
v 2.4944088459014893 -2.6329067753348734 6.020279765308256
v 3.0369997024536133 -2.3004290319112806 6.1648452025479195
v 3.5276267528533936 -1.9058469453812807 6.33641437670907
v 3.957895278930664 -1.4559124660463043 6.532051456245521
v 4.3204426765441895 -0.9583240547759249 6.748409055103033
v 4.609066486358643 -0.42159538718985196 6.98178532176575
v 4.8188276290893555 0.14508982606423765 7.228187065196004
v 4.946137428283691 0.7320354270889333 7.4833982759504245
v 4.9888176918029785 1.3291987069934057 7.743052259925149
v 4.946137428283691 1.9263619868978794 8.002706243899873
v 4.8188276290893555 2.513307587922575 8.257917454654294
v 4.609066486358643 3.0799928011766644 8.504319198084549
v 4.3204426765441895 3.6167214687627376 8.737695464747265
v 3.957895278930664 4.114309880033117 8.954053063604777
v 3.5276267528533936 4.564244359368094 9.149690143141228
v 3.0369997024536133 4.958826445898093 9.321259317302378
v 2.4944088459014893 5.291304189321686 9.465824754542043
v 1.9091378450393677 5.555989561819446 9.580913229975213
v 1.2912009954452515 5.7483531309751825 9.66455529033578
v 0.6511713862419128 5.865103864894295 9.715319954229582
v 9.164309918975556e-16 5.904244230532069 9.732338669569382
v -0.6511713862419128 5.865103864894295 9.715319954229582
v -1.2912009954452515 5.7483531309751825 9.66455529033578
v -1.9091378450393677 5.555989561819446 9.580913229975213
v -2.4944088459014893 5.291304189321686 9.465824754542043
v -3.0369997024536133 4.958826445898093 9.321259317302378
v -3.5276267528533936 4.564244359368094 9.149690143141228
v -3.957895278930664 4.114309880033117 8.954053063604777
v -4.3204426765441895 3.6167214687627376 8.737695464747265
v -4.609066486358643 3.0799928011766644 8.504319198084549
v -4.8188276290893555 2.513307587922575 8.257917454654294
v -4.946137428283691 1.9263619868978794 8.002706243899873
v -4.9888176918029785 1.3291987069934075 7.7430522599251494
v -4.638062953948975 1.517782413450153 7.309339428100411
v -4.59838342666626 0.9626046609750064 7.067941271021219
v -4.480024337768555 0.4169261226702529 6.830673489815719
v -4.285011291503906 -0.10991643990450965 6.601595823952082
v -4.0166802406311035 -0.6089087653255147 6.384627785848496
v -3.6796226501464844 -1.0715125805050667 6.183481922304287
v -3.2796056270599365 -1.4898129668553042 6.001599737868263
v -2.8234736919403076 -1.8566526078023695 5.842093322358254
v -2.3190314769744873 -2.1657546668042653 5.707691921978325
v -1.7749097347259521 -2.4118303602775164 5.600695165279062
v -1.2004189491271973 -2.5906690389910443 5.522933894652757
v -0.6053886413574219 -2.6992114338597295 5.475738318155957
v -2.839994269536282e-16 -2.7355999441011827 5.4599161435965815
v 0.6053886413574219 -2.6992114338597295 5.475738318155957
v 1.2004189491271973 -2.5906690389910443 5.522933894652757
v 1.7749097347259521 -2.4118303602775164 5.600695165279062
v 2.3190314769744873 -2.1657546668042653 5.707691921978325
v 2.8234736919403076 -1.8566526078023695 5.842093322358254
v 3.2796056270599365 -1.4898129668553042 6.001599737868263
v 3.6796226501464844 -1.0715125805050667 6.183481922304287
v 4.0166802406311035 -0.6089087653255147 6.384627785848496
v 4.285011291503906 -0.10991643990450965 6.601595823952082
v 4.480024337768555 0.4169261226702529 6.830673489815719
v 4.59838342666626 0.9626046609750064 7.067941271021219
v 4.638062953948975 1.5177824134501525 7.30933942810041
v 4.59838342666626 2.0729601659252994 7.550737585179602
v 4.480024337768555 2.6186387042300527 7.788005366385103
v 4.285011291503906 3.1454812668048153 8.017083032248738
v 4.0166802406311035 3.6444735922258205 8.234051070352326
v 3.6796226501464844 4.107077407405373 8.435196933896535
v 3.2796056270599365 4.52537779375561 8.617079118332558
v 2.8234736919403076 4.892217434702675 8.776585533842567
v 2.3190314769744873 5.201319493704571 8.910986934222496
v 1.7749097347259521 5.447395187177823 9.01798369092176
v 1.2004189491271973 5.62623386589135 9.095744961548064
v 0.6053886413574219 5.734776260760035 9.142940538044863
v 8.519983073306643e-16 5.771164771001488 9.15876271260424
v -0.6053886413574219 5.734776260760035 9.142940538044863
v -1.2004189491271973 5.62623386589135 9.095744961548064
v -1.7749097347259521 5.447395187177823 9.01798369092176
v -2.3190314769744873 5.201319493704571 8.910986934222496
v -2.8234736919403076 4.892217434702675 8.776585533842567
v -3.2796056270599365 4.52537779375561 8.617079118332558
v -3.6796226501464844 4.107077407405373 8.435196933896535
v -4.0166802406311035 3.6444735922258205 8.234051070352326
v -4.285011291503906 3.1454812668048153 8.017083032248738
v -4.480024337768555 2.6186387042300527 7.788005366385103
v -4.59838342666626 2.0729601659252994 7.550737585179602
v -4.638062953948975 1.517782413450154 7.309339428100412
v -4.242640495300293 1.6917489472855387 6.9092437917905745
v -4.206344127655029 1.183903337203483 6.688426235957311
v -4.098076343536377 0.6847470833236036 6.471386919731199
v -3.9196889400482178 0.20282091848039502 6.2618394594399085
v -3.674234628677368 -0.2536291568191747 6.063369318147806
v -3.365913152694702 -0.6767935011502291 5.879372224590434
v -3 -1.0594312758698339 5.712996585014836
v -2.5827560424804688 -1.3949956188985324 5.567089056070323
v -2.1213202476501465 -1.6777449345977276 5.444146154592577
v -1.6235883235931396 -1.9028412836416282 5.346271476469763
v -1.0980762243270874 -2.066433249153849 5.275139665420867
v -0.5537757277488708 -2.165721311311213 5.2319679873089555
v -2.5978680486790683e-16 -2.199007260923888 5.217494844505038
v 0.5537757277488708 -2.165721311311213 5.2319679873089555
v 1.0980762243270874 -2.066433249153849 5.275139665420867
v 1.6235883235931396 -1.9028412836416282 5.346271476469763
v 2.1213202476501465 -1.6777449345977276 5.444146154592577
v 2.5827560424804688 -1.3949956188985324 5.567089056070323
v 3 -1.0594312758698339 5.712996585014836
v 3.365913152694702 -0.6767935011502291 5.879372224590434
v 3.674234628677368 -0.2536291568191747 6.063369318147806
v 3.9196889400482178 0.20282091848039502 6.2618394594399085
v 4.098076343536377 0.6847470833236036 6.471386919731199
v 4.206344127655029 1.183903337203483 6.688426235957311
v 4.242640495300293 1.6917489472855383 6.9092437917905745
v 4.206344127655029 2.199594557367594 7.130061347623837
v 4.098076343536377 2.6987508112474736 7.347100663849949
v 3.9196889400482178 3.180676976090682 7.5566481241412395
v 3.674234628677368 3.637127051390252 7.755118265433342
v 3.365913152694702 4.060291395721307 7.939115358990714
v 3 4.4429291704409115 8.105490998566312
v 2.5827560424804688 4.77849351346961 8.251398527510826
v 2.1213202476501465 5.061242829168806 8.374341428988572
v 1.6235883235931396 5.286339178212706 8.472216107111386
v 1.0980762243270874 5.4499311437249265 8.543347918160281
v 0.5537757277488708 5.549219205882291 8.586519596272193
v 7.793604675432797e-16 5.582505155494966 8.60099273907611
v -0.5537757277488708 5.549219205882291 8.586519596272193
v -1.0980762243270874 5.4499311437249265 8.543347918160281
v -1.6235883235931396 5.286339178212706 8.472216107111386
v -2.1213202476501465 5.061242829168806 8.374341428988572
v -2.5827560424804688 4.77849351346961 8.251398527510826
v -3 4.4429291704409115 8.105490998566312
v -3.365913152694702 4.060291395721307 7.939115358990714
v -3.674234628677368 3.637127051390252 7.755118265433342
v -3.9196889400482178 3.180676976090682 7.5566481241412395
v -4.098076343536377 2.6987508112474736 7.347100663849949
v -4.206344127655029 2.199594557367594 7.130061347623837
v -4.242640495300293 1.6917489472855396 6.9092437917905745
v -3.8063597679138184 1.849423284503832 6.546617642448665
v -3.7737958431243896 1.3938006680273498 6.348507290492612
v -3.676661252975464 0.9459738637326311 6.15378665414606
v -3.516617774963379 0.5136053108639096 5.965787456814789
v -3.2964041233062744 0.10409299855403704 5.78772643572359
v -3.0197882652282715 -0.2755561291440907 5.62265029685732
v -2.691502809524536 -0.6188464822065096 5.473383403141073
v -2.317164897918701 -0.9199039666337316 5.342479883337508
v -1.9031798839569092 -1.1735773260188498 5.232179567478947
v -1.456630825996399 -1.375526473788134 5.144369578916048
v -0.985158383846283 -1.5222959576387505 5.080552391071171
v -0.496829628944397 -1.611374212106093 5.041820063688851
v -2.3307231215379226e-16 -1.641237287395758 5.028835228998515
v 0.496829628944397 -1.611374212106093 5.041820063688851
v 0.985158383846283 -1.5222959576387505 5.080552391071171
v 1.456630825996399 -1.375526473788134 5.144369578916048
v 1.9031798839569092 -1.1735773260188498 5.232179567478947
v 2.317164897918701 -0.9199039666337316 5.342479883337508
v 2.691502809524536 -0.6188464822065096 5.473383403141073
v 3.0197882652282715 -0.2755561291440907 5.62265029685732
v 3.2964041233062744 0.10409299855403704 5.78772643572359
v 3.516617774963379 0.5136053108639096 5.965787456814789
v 3.676661252975464 0.9459738637326311 6.15378665414606
v 3.7737958431243896 1.3938006680273498 6.348507290492612
v 3.8063597679138184 1.8494232845038316 6.546617642448665
v 3.7737958431243896 2.305045900980314 6.744727994404719
v 3.676661252975464 2.7528727052750326 6.93944863075127
v 3.516617774963379 3.1852412581437544 7.127447828082541
v 3.2964041233062744 3.594753570453627 7.305508849173741
v 3.0197882652282715 3.9744026981517546 7.4705849880400095
v 2.691502809524536 4.317693051214174 7.619851881756258
v 2.317164897918701 4.618750535641396 7.750755401559823
v 1.9031798839569092 4.872423895026514 7.861055717418384
v 1.456630825996399 5.0743730427957985 7.948865705981283
v 0.985158383846283 5.221142526646415 8.01268289382616
v 0.496829628944397 5.310220781113757 8.05141522120848
v 6.992169099915972e-16 5.340083856403422 8.064400055898815
v -0.496829628944397 5.310220781113757 8.05141522120848
v -0.985158383846283 5.221142526646415 8.01268289382616
v -1.456630825996399 5.0743730427957985 7.948865705981283
v -1.9031798839569092 4.872423895026514 7.861055717418384
v -2.317164897918701 4.618750535641396 7.750755401559823
v -2.691502809524536 4.317693051214174 7.619851881756258
v -3.0197882652282715 3.9744026981517546 7.4705849880400095
v -3.2964041233062744 3.594753570453627 7.305508849173741
v -3.516617774963379 3.1852412581437544 7.127447828082541
v -3.676661252975464 2.7528727052750326 6.93944863075127
v -3.7737958431243896 2.305045900980314 6.744727994404719
v -3.8063597679138184 1.849423284503833 6.546617642448665
v -3.333421468734741 1.9892864096442349 6.224954476461338
v -3.304903507232666 1.5902746744265117 6.051459236234037
v -3.2198379039764404 1.1980901577622587 5.8809325551203475
v -3.0796797275543213 0.819443185570967 5.716292165870085
v -2.8868277072906494 0.46081253960680896 5.560355122964636
v -2.6445810794830322 0.12833446821697642 5.415789543121193
v -2.3570849895477295 -0.1723021262024656 5.285069031501508
v -2.0292584896087646 -0.43595331182396674 5.1704302333201575
v -1.6667107343673706 -0.6581080223407656 5.073834616031589
v -1.275645136833191 -0.8349649103890897 4.996935052511097
v -0.8627529144287109 -0.9634983780844419 4.941047110160517
v -0.435098797082901 -1.0415086465342114 4.9071272800645325
v -2.041131953643436e-16 -1.0676613304306168 4.895755769467934
v 0.435098797082901 -1.0415086465342114 4.9071272800645325
v 0.8627529144287109 -0.9634983780844419 4.941047110160517
v 1.275645136833191 -0.8349649103890897 4.996935052511097
v 1.6667107343673706 -0.6581080223407656 5.073834616031589
v 2.0292584896087646 -0.43595331182396674 5.1704302333201575
v 2.3570849895477295 -0.1723021262024656 5.285069031501508
v 2.6445810794830322 0.12833446821697642 5.415789543121193
v 2.8868277072906494 0.46081253960680896 5.560355122964636
v 3.0796797275543213 0.819443185570967 5.716292165870085
v 3.2198379039764404 1.1980901577622587 5.8809325551203475
v 3.304903507232666 1.5902746744265117 6.051459236234037
v 3.333421468734741 1.9892864096442344 6.224954476461338
v 3.304903507232666 2.388298144861958 6.398449716688639
v 3.2198379039764404 2.780482661526211 6.568976397802329
v 3.0796797275543213 3.1591296337175025 6.733616787052592
v 2.8868277072906494 3.5177602796816605 6.88955382995804
v 2.6445810794830322 3.8502383510714933 7.034119409801484
v 2.3570849895477295 4.150874945490935 7.164839921421168
v 2.0292584896087646 4.414526131112437 7.279478719602519
v 1.6667107343673706 4.636680841629236 7.3760743368910875
v 1.275645136833191 4.813537729677559 7.452973900411579
v 0.8627529144287109 4.942071197372912 7.508861842762159
v 0.435098797082901 5.020081465822681 7.542781672858144
v 6.123395993279206e-16 5.046234149719087 7.554153183454742
v -0.435098797082901 5.020081465822681 7.542781672858144
v -0.8627529144287109 4.942071197372912 7.508861842762159
v -1.275645136833191 4.813537729677559 7.452973900411579
v -1.6667107343673706 4.636680841629236 7.3760743368910875
v -2.0292584896087646 4.414526131112437 7.279478719602519
v -2.3570849895477295 4.150874945490935 7.164839921421168
v -2.6445810794830322 3.8502383510714933 7.034119409801484
v -2.8868277072906494 3.5177602796816605 6.88955382995804
v -3.0796797275543213 3.1591296337175025 6.733616787052592
v -3.2198379039764404 2.780482661526211 6.568976397802329
v -3.304903507232666 2.388298144861958 6.398449716688639
v -3.333421468734741 1.9892864096442355 6.224954476461338
v -2.8283803462982178 2.109991762750135 5.947351169709212
v -2.8041832447052 1.7714336072316819 5.800141894045841
v -2.7320055961608887 1.4386682647462794 5.655451405175074
v -2.6130828857421875 1.117389475192031 5.515755411664418
v -2.449449300765991 0.8130944173673018 5.383444154882772
v -2.2439050674438477 0.53098955532937 5.260781469832033
v -1.9999669790267944 0.27590189619603106 5.149866198941041
v -1.721808910369873 0.05219601468692332 5.0525961133093364
v -1.4141901731491089 -0.13630039521291498 4.9706355416491785
v -1.0823743343353271 -0.28636222282309004 4.90538680199502
v -0.7320387363433838 -0.3954214924857447 4.857966481941496
v -0.3691777288913727 -0.4616127322287345 4.829185711787239
v -1.731883533323341e-16 -0.48380292801553165 4.819537140056333
v 0.3691777288913727 -0.4616127322287345 4.829185711787239
v 0.7320387363433838 -0.3954214924857447 4.857966481941496
v 1.0823743343353271 -0.28636222282309004 4.90538680199502
v 1.4141901731491089 -0.13630039521291498 4.9706355416491785
v 1.721808910369873 0.05219601468692332 5.0525961133093364
v 1.9999669790267944 0.27590189619603106 5.149866198941041
v 2.2439050674438477 0.53098955532937 5.260781469832033
v 2.449449300765991 0.8130944173673018 5.383444154882772
v 2.6130828857421875 1.117389475192031 5.515755411664418
v 2.7320055961608887 1.4386682647462794 5.655451405175074
v 2.8041832447052 1.7714336072316819 5.800141894045841
v 2.8283803462982178 2.1099917627501346 5.947351169709212
v 2.8041832447052 2.4485499182685886 6.094560445372584
v 2.7320055961608887 2.7813152607539906 6.23925093424335
v 2.6130828857421875 3.102594050308239 6.378946927754007
v 2.449449300765991 3.4068891081329684 6.511258184535652
v 2.2439050674438477 3.6889939701709005 6.633920869586391
v 1.9999669790267944 3.944081629304239 6.744836140477384
v 1.721808910369873 4.167787510813347 6.842106226109088
v 1.4141901731491089 4.356283920713186 6.924066797769246
v 1.0823743343353271 4.506345748323361 6.989315537423405
v 0.7320387363433838 4.615405017986015 7.036735857476929
v 0.3691777288913727 4.681596257729005 7.065516627631186
v 5.195650335272227e-16 4.703786453515803 7.075165199362091
v -0.3691777288913727 4.681596257729005 7.065516627631186
v -0.7320387363433838 4.615405017986015 7.036735857476929
v -1.0823743343353271 4.506345748323361 6.989315537423405
v -1.4141901731491089 4.356283920713186 6.924066797769246
v -1.721808910369873 4.167787510813347 6.842106226109088
v -1.9999669790267944 3.944081629304239 6.744836140477384
v -2.2439050674438477 3.6889939701709005 6.633920869586391
v -2.449449300765991 3.4068891081329684 6.511258184535652
v -2.6130828857421875 3.102594050308239 6.378946927754007
v -2.7320055961608887 2.7813152607539906 6.23925093424335
v -2.8041832447052 2.4485499182685886 6.094560445372584
v -2.8283803462982178 2.1099917627501354 5.947351169709212
v -2.296100616455078 2.210376647671479 5.71648174026769
v -2.2764570713043213 1.9355325755560704 5.596976136527255
v -2.217862844467163 1.6653911566925232 5.479515304615879
v -2.1213202476501465 1.4045746379428998 5.366109054669313
v -1.9884814023971558 1.1575455466104674 5.258697748782617
v -1.8216190338134766 0.9285307662551754 5.159119288235176
v -1.6235883235931396 0.7214486188663354 5.069077407917025
v -1.3977774381637573 0.5398425610211341 4.99011284659806
v -1.148050308227539 0.3868197448757073 4.923576632486657
v -0.878679633140564 0.2649985435667656 4.870607266624922
v -0.5942745804786682 0.17646318254841925 4.832110996032511
v -0.2997012734413147 0.12272875652659616 4.808746602636799
v -1.405956107829523e-16 0.1047144455494557 4.800913757297544
v 0.2997012734413147 0.12272875652659616 4.808746602636799
v 0.5942745804786682 0.17646318254841925 4.832110996032511
v 0.878679633140564 0.2649985435667656 4.870607266624922
v 1.148050308227539 0.3868197448757073 4.923576632486657
v 1.3977774381637573 0.5398425610211341 4.99011284659806
v 1.6235883235931396 0.7214486188663354 5.069077407917025
v 1.8216190338134766 0.9285307662551754 5.159119288235176
v 1.9884814023971558 1.1575455466104674 5.258697748782617
v 2.1213202476501465 1.4045746379428998 5.366109054669313
v 2.217862844467163 1.6653911566925232 5.479515304615879
v 2.2764570713043213 1.9355325755560704 5.596976136527255
v 2.296100616455078 2.2103766476714783 5.71648174026769
v 2.2764570713043213 2.4852207197868874 5.8359873440081245
v 2.217862844467163 2.7553621386504346 5.9534481759195
v 2.1213202476501465 3.016178657400058 6.066854425866066
v 1.9884814023971558 3.26320774873249 6.1742657317527625
v 1.8216190338134766 3.4922225290877824 6.273844192300204
v 1.6235883235931396 3.6993046764766224 6.363886072618355
v 1.3977774381637573 3.8809107343218234 6.4428506339373195
v 1.148050308227539 4.033933550467251 6.509386848048723
v 0.878679633140564 4.155754751776192 6.562356213910458
v 0.5942745804786682 4.2442901127945385 6.600852484502869
v 0.2997012734413147 4.298024538816362 6.62421687789858
v 4.217868323488569e-16 4.316038849793503 6.632049723237835
v -0.2997012734413147 4.298024538816362 6.62421687789858
v -0.5942745804786682 4.2442901127945385 6.600852484502869
v -0.878679633140564 4.155754751776192 6.562356213910458
v -1.148050308227539 4.033933550467251 6.509386848048723
v -1.3977774381637573 3.8809107343218234 6.4428506339373195
v -1.6235883235931396 3.6993046764766224 6.363886072618355
v -1.8216190338134766 3.4922225290877824 6.273844192300204
v -1.9884814023971558 3.26320774873249 6.1742657317527625
v -2.1213202476501465 3.016178657400058 6.066854425866066
v -2.217862844467163 2.7553621386504346 5.9534481759195
v -2.2764570713043213 2.4852207197868874 5.8359873440081245
v -2.296100616455078 2.2103766476714792 5.71648174026769
v -1.7417080402374268 2.2894744009206334 5.534569361954489
v -1.7268074750900269 2.080991318407846 5.443918337707927
v -1.6823607683181763 1.8760754426941133 5.35481837912164
v -1.609128475189209 1.678232951527362 5.268794015669237
v -1.5083634853363037 1.4908489484519818 5.187317132262344
v -1.3817899227142334 1.317129604098017 5.111781811567141
v -1.2315735816955566 1.1600474404801526 5.043480542940455
v -1.0602847337722778 1.0222900316117038 4.983581916821901
v -0.8708540201187134 0.9062144708583177 4.933110826575799
v -0.6665228009223938 0.8138069217683961 4.892930880691691
v -0.450787216424942 0.7466485095841522 4.8637295719912546
v -0.2273385226726532 0.7058882093657852 4.846006489049186
v -1.0664885959760489e-16 0.6922234959833302 4.8400649025702
v 0.2273385226726532 0.7058882093657852 4.846006489049186
v 0.450787216424942 0.7466485095841522 4.8637295719912546
v 0.6665228009223938 0.8138069217683961 4.892930880691691
v 0.8708540201187134 0.9062144708583177 4.933110826575799
v 1.0602847337722778 1.0222900316117038 4.983581916821901
v 1.2315735816955566 1.1600474404801526 5.043480542940455
v 1.3817899227142334 1.317129604098017 5.111781811567141
v 1.5083634853363037 1.4908489484519818 5.187317132262344
v 1.609128475189209 1.678232951527362 5.268794015669237
v 1.6823607683181763 1.8760754426941133 5.35481837912164
v 1.7268074750900269 2.080991318407846 5.443918337707927
v 1.7417080402374268 2.2894744009206334 5.534569361954489
v 1.7268074750900269 2.497957483433421 5.62522038620105
v 1.6823607683181763 2.7028733591471537 5.714320344787338
v 1.609128475189209 2.900715850313905 5.800344708239741
v 1.5083634853363037 3.088099853389285 5.881821591646633
v 1.3817899227142334 3.26181919774325 5.957356912341837
v 1.2315735816955566 3.4189013613611143 6.025658180968523
v 1.0602847337722778 3.556658770229563 6.085556807087077
v 0.8708540201187134 3.672734330982949 6.136027897333179
v 0.6665228009223938 3.765141880072871 6.176207843217287
v 0.450787216424942 3.832300292257115 6.205409151917723
v 0.2273385226726532 3.8730605924754817 6.223132234859792
v 3.1994657879281466e-16 3.886725305857937 6.229073821338778
v -0.2273385226726532 3.8730605924754817 6.223132234859792
v -0.450787216424942 3.832300292257115 6.205409151917723
v -0.6665228009223938 3.765141880072871 6.176207843217287
v -0.8708540201187134 3.672734330982949 6.136027897333179
v -1.0602847337722778 3.556658770229563 6.085556807087077
v -1.2315735816955566 3.4189013613611143 6.025658180968523
v -1.3817899227142334 3.26181919774325 5.957356912341837
v -1.5083634853363037 3.088099853389285 5.881821591646633
v -1.609128475189209 2.900715850313905 5.800344708239741
v -1.6823607683181763 2.7028733591471537 5.714320344787338
v -1.7268074750900269 2.497957483433421 5.62522038620105
v -1.7417080402374268 2.289474400920634 5.534569361954489
v -1.1705418825149536 2.346523328175912 5.403365811778613
v -1.1605278253555298 2.2064090445859756 5.342442387364923
v -1.1306567192077637 2.0686921395481455 5.282561372813155
v -1.081439733505249 1.9357290231650701 5.224747364396423
v -1.013719081878662 1.809794715250879 5.169989568883192
v -0.928653359413147 1.693043926670726 5.1192248812220935
v -0.8276981115341187 1.5874744364440068 5.073321960453199
v -0.7125808000564575 1.4948924093144964 5.033066149358319
v -0.5852709412574768 1.4168820315426467 4.999146271727741
v -0.4479469954967499 1.35477812572456 4.972142724944629
v -0.30295854806900024 1.3096431931552002 4.952517497720444
v -0.15278637409210205 1.282249594329364 4.9406064219562555
v -7.167502140670754e-17 1.2730661023258458 4.9366133259877705
v 0.15278637409210205 1.282249594329364 4.9406064219562555
v 0.30295854806900024 1.3096431931552002 4.952517497720444
v 0.4479469954967499 1.35477812572456 4.972142724944629
v 0.5852709412574768 1.4168820315426467 4.999146271727741
v 0.7125808000564575 1.4948924093144964 5.033066149358319
v 0.8276981115341187 1.5874744364440068 5.073321960453199
v 0.928653359413147 1.693043926670726 5.1192248812220935
v 1.013719081878662 1.809794715250879 5.169989568883192
v 1.081439733505249 1.9357290231650701 5.224747364396423
v 1.1306567192077637 2.0686921395481455 5.282561372813155
v 1.1605278253555298 2.2064090445859756 5.342442387364923
v 1.1705418825149536 2.346523328175912 5.403365811778613
v 1.1605278253555298 2.4866376117658486 5.464289236192303
v 1.1306567192077637 2.624354516803679 5.5241702507440715
v 1.081439733505249 2.7573176331867546 5.581984259160803
v 1.013719081878662 2.8832519411009456 5.636742054674034
v 0.928653359413147 3.0000027296810985 5.687506742335133
v 0.8276981115341187 3.1055722199078177 5.733409663104028
v 0.7125808000564575 3.198154247037328 5.773665474198907
v 0.5852709412574768 3.276164624809178 5.807585351829485
v 0.4479469954967499 3.3382685306272646 5.834588898612598
v 0.30295854806900024 3.383403463196624 5.854214125836783
v 0.15278637409210205 3.4107970620224606 5.866125201600971
v 2.150250708375675e-16 3.4199805540259787 5.870118297569456
v -0.15278637409210205 3.4107970620224606 5.866125201600971
v -0.30295854806900024 3.383403463196624 5.854214125836783
v -0.4479469954967499 3.3382685306272646 5.834588898612598
v -0.5852709412574768 3.276164624809178 5.807585351829485
v -0.7125808000564575 3.198154247037328 5.773665474198907
v -0.8276981115341187 3.1055722199078177 5.733409663104028
v -0.928653359413147 3.0000027296810985 5.687506742335133
v -1.013719081878662 2.8832519411009456 5.636742054674034
v -1.081439733505249 2.7573176331867546 5.581984259160803
v -1.1306567192077637 2.624354516803679 5.5241702507440715
v -1.1605278253555298 2.4866376117658486 5.464289236192303
v -1.1705418825149536 2.3465233281759126 5.403365811778613
v -0.5881028175354004 2.3809739295397416 5.324134852984201
v -0.5830715298652649 2.3105778073053904 5.293525747887443
v -0.5680637359619141 2.2413861820825898 5.26344037299691
v -0.5433361530303955 2.17458294367082 5.234393498248007
v -0.5093119740486145 2.111311122742184 5.206882127521924
v -0.4665733575820923 2.052653294858575 5.181376978069802
v -0.41585150361061096 1.9996131187054293 5.158314453108307
v -0.358014315366745 1.9530981315293912 5.138089161063016
v -0.2940514087677002 1.913904252733485 5.121047177539837
v -0.2250572144985199 1.8827020366255602 5.107480067849906
v -0.1522122174501419 1.8600253575830175 5.097619967179192
v -0.07676282525062561 1.846262308989654 5.091635623333608
v -3.6010914229524485e-17 1.8416483159446264 5.089629402059646
v 0.07676282525062561 1.846262308989654 5.091635623333608
v 0.1522122174501419 1.8600253575830175 5.097619967179192
v 0.2250572144985199 1.8827020366255602 5.107480067849906
v 0.2940514087677002 1.913904252733485 5.121047177539837
v 0.358014315366745 1.9530981315293912 5.138089161063016
v 0.41585150361061096 1.9996131187054293 5.158314453108307
v 0.4665733575820923 2.052653294858575 5.181376978069802
v 0.5093119740486145 2.111311122742184 5.206882127521924
v 0.5433361530303955 2.17458294367082 5.234393498248007
v 0.5680637359619141 2.2413861820825898 5.26344037299691
v 0.5830715298652649 2.3105778073053904 5.293525747887443
v 0.5881028175354004 2.3809739295397416 5.324134852984201
v 0.5830715298652649 2.451370051774093 5.3547439580809595
v 0.5680637359619141 2.5205616769968935 5.384829332971493
v 0.5433361530303955 2.587364915408663 5.413876207720396
v 0.5093119740486145 2.650636736337299 5.441387578446479
v 0.4665733575820923 2.709294564220908 5.466892727898601
v 0.41585150361061096 2.762334740374054 5.489955252860096
v 0.358014315366745 2.808849727550092 5.510180544905387
v 0.2940514087677002 2.8480436063459984 5.527222528428566
v 0.2250572144985199 2.8792458224539232 5.540789638118497
v 0.1522122174501419 2.901922501496466 5.550649738789211
v 0.07676282525062561 2.9156855500898295 5.556634082634795
v 1.08032739379851e-16 2.920299543134857 5.558640303908756
v -0.07676282525062561 2.9156855500898295 5.556634082634795
v -0.1522122174501419 2.901922501496466 5.550649738789211
v -0.2250572144985199 2.8792458224539232 5.540789638118497
v -0.2940514087677002 2.8480436063459984 5.527222528428566
v -0.358014315366745 2.808849727550092 5.510180544905387
v -0.41585150361061096 2.762334740374054 5.489955252860096
v -0.4665733575820923 2.709294564220908 5.466892727898601
v -0.5093119740486145 2.650636736337299 5.441387578446479
v -0.5433361530303955 2.587364915408663 5.413876207720396
v -0.5680637359619141 2.5205616769968935 5.384829332971493
v -0.5830715298652649 2.451370051774093 5.3547439580809595
v -0.5881028175354004 2.3809739295397416 5.324134852984201
v -7.347880586115415e-16 2.392494413551478 5.2976395536892555
v -7.285018565330529e-16 2.392494413551478 5.2976395536892555
v -7.097507705423293e-16 2.392494413551478 5.2976395536892555
v -6.788556673077023e-16 2.3924944135514776 5.2976395536892555
v -6.363451483278179e-16 2.3924944135514776 5.2976395536892555
v -5.829466031461307e-16 2.3924944135514776 5.2976395536892555
v -5.195736097358137e-16 2.3924944135514776 5.2976395536892555
v -4.473106349671483e-16 2.3924944135514776 5.2976395536892555
v -3.6739402930577075e-16 2.3924944135514776 5.2976395536892555
v -2.811912215659046e-16 2.3924944135514776 5.2976395536892555
v -1.901771475716258e-16 2.3924944135514776 5.2976395536892555
v -9.59090906313512e-17 2.392494413551477 5.2976395536892555
v -4.4992792716635827e-32 2.392494413551477 5.2976395536892555
v 9.59090906313512e-17 2.392494413551477 5.2976395536892555
v 1.901771475716258e-16 2.3924944135514776 5.2976395536892555
v 2.811912215659046e-16 2.3924944135514776 5.2976395536892555
v 3.6739402930577075e-16 2.3924944135514776 5.2976395536892555
v 4.473106349671483e-16 2.3924944135514776 5.2976395536892555
v 5.195736097358137e-16 2.3924944135514776 5.2976395536892555
v 5.829466031461307e-16 2.3924944135514776 5.2976395536892555
v 6.363451483278179e-16 2.3924944135514776 5.2976395536892555
v 6.788556673077023e-16 2.3924944135514776 5.2976395536892555
v 7.097507705423293e-16 2.392494413551478 5.2976395536892555
v 7.285018565330529e-16 2.392494413551478 5.2976395536892555
v 7.347880586115415e-16 2.392494413551478 5.2976395536892555
v 7.285018565330529e-16 2.392494413551478 5.2976395536892555
v 7.097507705423293e-16 2.392494413551478 5.2976395536892555
v 6.788556673077023e-16 2.3924944135514785 5.2976395536892555
v 6.363451483278179e-16 2.3924944135514785 5.2976395536892555
v 5.829466031461307e-16 2.3924944135514785 5.2976395536892555
v 5.195736097358137e-16 2.3924944135514785 5.2976395536892555
v 4.473106349671483e-16 2.3924944135514785 5.2976395536892555
v 3.6739402930577075e-16 2.3924944135514785 5.2976395536892555
v 2.811912215659046e-16 2.3924944135514785 5.2976395536892555
v 1.901771475716258e-16 2.3924944135514785 5.2976395536892555
v 9.59090906313512e-17 2.392494413551479 5.2976395536892555
v 1.3497838402737923e-31 2.392494413551479 5.2976395536892555
v -9.59090906313512e-17 2.392494413551479 5.2976395536892555
v -1.901771475716258e-16 2.3924944135514785 5.2976395536892555
v -2.811912215659046e-16 2.3924944135514785 5.2976395536892555
v -3.6739402930577075e-16 2.3924944135514785 5.2976395536892555
v -4.473106349671483e-16 2.3924944135514785 5.2976395536892555
v -5.195736097358137e-16 2.3924944135514785 5.2976395536892555
v -5.829466031461307e-16 2.3924944135514785 5.2976395536892555
v -6.363451483278179e-16 2.3924944135514785 5.2976395536892555
v -6.788556673077023e-16 2.3924944135514785 5.2976395536892555
v -7.097507705423293e-16 2.392494413551478 5.2976395536892555
v -7.285018565330529e-16 2.392494413551478 5.2976395536892555
v -7.347880586115415e-16 2.392494413551478 5.2976395536892555
f 3334 3383 3384
f 3335 3384 3385
f 3336 3385 3386
f 3337 3386 3387
f 3338 3387 3388
f 3339 3388 3389
f 3340 3389 3390
f 3341 3390 3391
f 3342 3391 3392
f 3343 3392 3393
f 3344 3393 3394
f 3345 3394 3395
f 3346 3395 3396
f 3347 3396 3397
f 3348 3397 3398
f 3349 3398 3399
f 3350 3399 3400
f 3351 3400 3401
f 3352 3401 3402
f 3353 3402 3403
f 3354 3403 3404
f 3355 3404 3405
f 3356 3405 3406
f 3357 3406 3407
f 3358 3407 3408
f 3359 3408 3409
f 3360 3409 3410
f 3361 3410 3411
f 3362 3411 3412
f 3363 3412 3413
f 3364 3413 3414
f 3365 3414 3415
f 3366 3415 3416
f 3367 3416 3417
f 3368 3417 3418
f 3369 3418 3419
f 3370 3419 3420
f 3371 3420 3421
f 3372 3421 3422
f 3373 3422 3423
f 3374 3423 3424
f 3375 3424 3425
f 3376 3425 3426
f 3377 3426 3427
f 3378 3427 3428
f 3379 3428 3429
f 3380 3429 3430
f 3381 3430 3431
f 3384 3383 3433
f 3383 3432 3433
f 3385 3384 3434
f 3384 3433 3434
f 3386 3385 3435
f 3385 3434 3435
f 3387 3386 3436
f 3386 3435 3436
f 3388 3387 3437
f 3387 3436 3437
f 3389 3388 3438
f 3388 3437 3438
f 3390 3389 3439
f 3389 3438 3439
f 3391 3390 3440
f 3390 3439 3440
f 3392 3391 3441
f 3391 3440 3441
f 3393 3392 3442
f 3392 3441 3442
f 3394 3393 3443
f 3393 3442 3443
f 3395 3394 3444
f 3394 3443 3444
f 3396 3395 3445
f 3395 3444 3445
f 3397 3396 3446
f 3396 3445 3446
f 3398 3397 3447
f 3397 3446 3447
f 3399 3398 3448
f 3398 3447 3448
f 3400 3399 3449
f 3399 3448 3449
f 3401 3400 3450
f 3400 3449 3450
f 3402 3401 3451
f 3401 3450 3451
f 3403 3402 3452
f 3402 3451 3452
f 3404 3403 3453
f 3403 3452 3453
f 3405 3404 3454
f 3404 3453 3454
f 3406 3405 3455
f 3405 3454 3455
f 3407 3406 3456
f 3406 3455 3456
f 3408 3407 3457
f 3407 3456 3457
f 3409 3408 3458
f 3408 3457 3458
f 3410 3409 3459
f 3409 3458 3459
f 3411 3410 3460
f 3410 3459 3460
f 3412 3411 3461
f 3411 3460 3461
f 3413 3412 3462
f 3412 3461 3462
f 3414 3413 3463
f 3413 3462 3463
f 3415 3414 3464
f 3414 3463 3464
f 3416 3415 3465
f 3415 3464 3465
f 3417 3416 3466
f 3416 3465 3466
f 3418 3417 3467
f 3417 3466 3467
f 3419 3418 3468
f 3418 3467 3468
f 3420 3419 3469
f 3419 3468 3469
f 3421 3420 3470
f 3420 3469 3470
f 3422 3421 3471
f 3421 3470 3471
f 3423 3422 3472
f 3422 3471 3472
f 3424 3423 3473
f 3423 3472 3473
f 3425 3424 3474
f 3424 3473 3474
f 3426 3425 3475
f 3425 3474 3475
f 3427 3426 3476
f 3426 3475 3476
f 3428 3427 3477
f 3427 3476 3477
f 3429 3428 3478
f 3428 3477 3478
f 3430 3429 3479
f 3429 3478 3479
f 3431 3430 3480
f 3430 3479 3480
f 3433 3432 3482
f 3432 3481 3482
f 3434 3433 3483
f 3433 3482 3483
f 3435 3434 3484
f 3434 3483 3484
f 3436 3435 3485
f 3435 3484 3485
f 3437 3436 3486
f 3436 3485 3486
f 3438 3437 3487
f 3437 3486 3487
f 3439 3438 3488
f 3438 3487 3488
f 3440 3439 3489
f 3439 3488 3489
f 3441 3440 3490
f 3440 3489 3490
f 3442 3441 3491
f 3441 3490 3491
f 3443 3442 3492
f 3442 3491 3492
f 3444 3443 3493
f 3443 3492 3493
f 3445 3444 3494
f 3444 3493 3494
f 3446 3445 3495
f 3445 3494 3495
f 3447 3446 3496
f 3446 3495 3496
f 3448 3447 3497
f 3447 3496 3497
f 3449 3448 3498
f 3448 3497 3498
f 3450 3449 3499
f 3449 3498 3499
f 3451 3450 3500
f 3450 3499 3500
f 3452 3451 3501
f 3451 3500 3501
f 3453 3452 3502
f 3452 3501 3502
f 3454 3453 3503
f 3453 3502 3503
f 3455 3454 3504
f 3454 3503 3504
f 3456 3455 3505
f 3455 3504 3505
f 3457 3456 3506
f 3456 3505 3506
f 3458 3457 3507
f 3457 3506 3507
f 3459 3458 3508
f 3458 3507 3508
f 3460 3459 3509
f 3459 3508 3509
f 3461 3460 3510
f 3460 3509 3510
f 3462 3461 3511
f 3461 3510 3511
f 3463 3462 3512
f 3462 3511 3512
f 3464 3463 3513
f 3463 3512 3513
f 3465 3464 3514
f 3464 3513 3514
f 3466 3465 3515
f 3465 3514 3515
f 3467 3466 3516
f 3466 3515 3516
f 3468 3467 3517
f 3467 3516 3517
f 3469 3468 3518
f 3468 3517 3518
f 3470 3469 3519
f 3469 3518 3519
f 3471 3470 3520
f 3470 3519 3520
f 3472 3471 3521
f 3471 3520 3521
f 3473 3472 3522
f 3472 3521 3522
f 3474 3473 3523
f 3473 3522 3523
f 3475 3474 3524
f 3474 3523 3524
f 3476 3475 3525
f 3475 3524 3525
f 3477 3476 3526
f 3476 3525 3526
f 3478 3477 3527
f 3477 3526 3527
f 3479 3478 3528
f 3478 3527 3528
f 3480 3479 3529
f 3479 3528 3529
f 3482 3481 3531
f 3481 3530 3531
f 3483 3482 3532
f 3482 3531 3532
f 3484 3483 3533
f 3483 3532 3533
f 3485 3484 3534
f 3484 3533 3534
f 3486 3485 3535
f 3485 3534 3535
f 3487 3486 3536
f 3486 3535 3536
f 3488 3487 3537
f 3487 3536 3537
f 3489 3488 3538
f 3488 3537 3538
f 3490 3489 3539
f 3489 3538 3539
f 3491 3490 3540
f 3490 3539 3540
f 3492 3491 3541
f 3491 3540 3541
f 3493 3492 3542
f 3492 3541 3542
f 3494 3493 3543
f 3493 3542 3543
f 3495 3494 3544
f 3494 3543 3544
f 3496 3495 3545
f 3495 3544 3545
f 3497 3496 3546
f 3496 3545 3546
f 3498 3497 3547
f 3497 3546 3547
f 3499 3498 3548
f 3498 3547 3548
f 3500 3499 3549
f 3499 3548 3549
f 3501 3500 3550
f 3500 3549 3550
f 3502 3501 3551
f 3501 3550 3551
f 3503 3502 3552
f 3502 3551 3552
f 3504 3503 3553
f 3503 3552 3553
f 3505 3504 3554
f 3504 3553 3554
f 3506 3505 3555
f 3505 3554 3555
f 3507 3506 3556
f 3506 3555 3556
f 3508 3507 3557
f 3507 3556 3557
f 3509 3508 3558
f 3508 3557 3558
f 3510 3509 3559
f 3509 3558 3559
f 3511 3510 3560
f 3510 3559 3560
f 3512 3511 3561
f 3511 3560 3561
f 3513 3512 3562
f 3512 3561 3562
f 3514 3513 3563
f 3513 3562 3563
f 3515 3514 3564
f 3514 3563 3564
f 3516 3515 3565
f 3515 3564 3565
f 3517 3516 3566
f 3516 3565 3566
f 3518 3517 3567
f 3517 3566 3567
f 3519 3518 3568
f 3518 3567 3568
f 3520 3519 3569
f 3519 3568 3569
f 3521 3520 3570
f 3520 3569 3570
f 3522 3521 3571
f 3521 3570 3571
f 3523 3522 3572
f 3522 3571 3572
f 3524 3523 3573
f 3523 3572 3573
f 3525 3524 3574
f 3524 3573 3574
f 3526 3525 3575
f 3525 3574 3575
f 3527 3526 3576
f 3526 3575 3576
f 3528 3527 3577
f 3527 3576 3577
f 3529 3528 3578
f 3528 3577 3578
f 3531 3530 3580
f 3530 3579 3580
f 3532 3531 3581
f 3531 3580 3581
f 3533 3532 3582
f 3532 3581 3582
f 3534 3533 3583
f 3533 3582 3583
f 3535 3534 3584
f 3534 3583 3584
f 3536 3535 3585
f 3535 3584 3585
f 3537 3536 3586
f 3536 3585 3586
f 3538 3537 3587
f 3537 3586 3587
f 3539 3538 3588
f 3538 3587 3588
f 3540 3539 3589
f 3539 3588 3589
f 3541 3540 3590
f 3540 3589 3590
f 3542 3541 3591
f 3541 3590 3591
f 3543 3542 3592
f 3542 3591 3592
f 3544 3543 3593
f 3543 3592 3593
f 3545 3544 3594
f 3544 3593 3594
f 3546 3545 3595
f 3545 3594 3595
f 3547 3546 3596
f 3546 3595 3596
f 3548 3547 3597
f 3547 3596 3597
f 3549 3548 3598
f 3548 3597 3598
f 3550 3549 3599
f 3549 3598 3599
f 3551 3550 3600
f 3550 3599 3600
f 3552 3551 3601
f 3551 3600 3601
f 3553 3552 3602
f 3552 3601 3602
f 3554 3553 3603
f 3553 3602 3603
f 3555 3554 3604
f 3554 3603 3604
f 3556 3555 3605
f 3555 3604 3605
f 3557 3556 3606
f 3556 3605 3606
f 3558 3557 3607
f 3557 3606 3607
f 3559 3558 3608
f 3558 3607 3608
f 3560 3559 3609
f 3559 3608 3609
f 3561 3560 3610
f 3560 3609 3610
f 3562 3561 3611
f 3561 3610 3611
f 3563 3562 3612
f 3562 3611 3612
f 3564 3563 3613
f 3563 3612 3613
f 3565 3564 3614
f 3564 3613 3614
f 3566 3565 3615
f 3565 3614 3615
f 3567 3566 3616
f 3566 3615 3616
f 3568 3567 3617
f 3567 3616 3617
f 3569 3568 3618
f 3568 3617 3618
f 3570 3569 3619
f 3569 3618 3619
f 3571 3570 3620
f 3570 3619 3620
f 3572 3571 3621
f 3571 3620 3621
f 3573 3572 3622
f 3572 3621 3622
f 3574 3573 3623
f 3573 3622 3623
f 3575 3574 3624
f 3574 3623 3624
f 3576 3575 3625
f 3575 3624 3625
f 3577 3576 3626
f 3576 3625 3626
f 3578 3577 3627
f 3577 3626 3627
f 3580 3579 3629
f 3579 3628 3629
f 3581 3580 3630
f 3580 3629 3630
f 3582 3581 3631
f 3581 3630 3631
f 3583 3582 3632
f 3582 3631 3632
f 3584 3583 3633
f 3583 3632 3633
f 3585 3584 3634
f 3584 3633 3634
f 3586 3585 3635
f 3585 3634 3635
f 3587 3586 3636
f 3586 3635 3636
f 3588 3587 3637
f 3587 3636 3637
f 3589 3588 3638
f 3588 3637 3638
f 3590 3589 3639
f 3589 3638 3639
f 3591 3590 3640
f 3590 3639 3640
f 3592 3591 3641
f 3591 3640 3641
f 3593 3592 3642
f 3592 3641 3642
f 3594 3593 3643
f 3593 3642 3643
f 3595 3594 3644
f 3594 3643 3644
f 3596 3595 3645
f 3595 3644 3645
f 3597 3596 3646
f 3596 3645 3646
f 3598 3597 3647
f 3597 3646 3647
f 3599 3598 3648
f 3598 3647 3648
f 3600 3599 3649
f 3599 3648 3649
f 3601 3600 3650
f 3600 3649 3650
f 3602 3601 3651
f 3601 3650 3651
f 3603 3602 3652
f 3602 3651 3652
f 3604 3603 3653
f 3603 3652 3653
f 3605 3604 3654
f 3604 3653 3654
f 3606 3605 3655
f 3605 3654 3655
f 3607 3606 3656
f 3606 3655 3656
f 3608 3607 3657
f 3607 3656 3657
f 3609 3608 3658
f 3608 3657 3658
f 3610 3609 3659
f 3609 3658 3659
f 3611 3610 3660
f 3610 3659 3660
f 3612 3611 3661
f 3611 3660 3661
f 3613 3612 3662
f 3612 3661 3662
f 3614 3613 3663
f 3613 3662 3663
f 3615 3614 3664
f 3614 3663 3664
f 3616 3615 3665
f 3615 3664 3665
f 3617 3616 3666
f 3616 3665 3666
f 3618 3617 3667
f 3617 3666 3667
f 3619 3618 3668
f 3618 3667 3668
f 3620 3619 3669
f 3619 3668 3669
f 3621 3620 3670
f 3620 3669 3670
f 3622 3621 3671
f 3621 3670 3671
f 3623 3622 3672
f 3622 3671 3672
f 3624 3623 3673
f 3623 3672 3673
f 3625 3624 3674
f 3624 3673 3674
f 3626 3625 3675
f 3625 3674 3675
f 3627 3626 3676
f 3626 3675 3676
f 3629 3628 3678
f 3628 3677 3678
f 3630 3629 3679
f 3629 3678 3679
f 3631 3630 3680
f 3630 3679 3680
f 3632 3631 3681
f 3631 3680 3681
f 3633 3632 3682
f 3632 3681 3682
f 3634 3633 3683
f 3633 3682 3683
f 3635 3634 3684
f 3634 3683 3684
f 3636 3635 3685
f 3635 3684 3685
f 3637 3636 3686
f 3636 3685 3686
f 3638 3637 3687
f 3637 3686 3687
f 3639 3638 3688
f 3638 3687 3688
f 3640 3639 3689
f 3639 3688 3689
f 3641 3640 3690
f 3640 3689 3690
f 3642 3641 3691
f 3641 3690 3691
f 3643 3642 3692
f 3642 3691 3692
f 3644 3643 3693
f 3643 3692 3693
f 3645 3644 3694
f 3644 3693 3694
f 3646 3645 3695
f 3645 3694 3695
f 3647 3646 3696
f 3646 3695 3696
f 3648 3647 3697
f 3647 3696 3697
f 3649 3648 3698
f 3648 3697 3698
f 3650 3649 3699
f 3649 3698 3699
f 3651 3650 3700
f 3650 3699 3700
f 3652 3651 3701
f 3651 3700 3701
f 3653 3652 3702
f 3652 3701 3702
f 3654 3653 3703
f 3653 3702 3703
f 3655 3654 3704
f 3654 3703 3704
f 3656 3655 3705
f 3655 3704 3705
f 3657 3656 3706
f 3656 3705 3706
f 3658 3657 3707
f 3657 3706 3707
f 3659 3658 3708
f 3658 3707 3708
f 3660 3659 3709
f 3659 3708 3709
f 3661 3660 3710
f 3660 3709 3710
f 3662 3661 3711
f 3661 3710 3711
f 3663 3662 3712
f 3662 3711 3712
f 3664 3663 3713
f 3663 3712 3713
f 3665 3664 3714
f 3664 3713 3714
f 3666 3665 3715
f 3665 3714 3715
f 3667 3666 3716
f 3666 3715 3716
f 3668 3667 3717
f 3667 3716 3717
f 3669 3668 3718
f 3668 3717 3718
f 3670 3669 3719
f 3669 3718 3719
f 3671 3670 3720
f 3670 3719 3720
f 3672 3671 3721
f 3671 3720 3721
f 3673 3672 3722
f 3672 3721 3722
f 3674 3673 3723
f 3673 3722 3723
f 3675 3674 3724
f 3674 3723 3724
f 3676 3675 3725
f 3675 3724 3725
f 3678 3677 3727
f 3677 3726 3727
f 3679 3678 3728
f 3678 3727 3728
f 3680 3679 3729
f 3679 3728 3729
f 3681 3680 3730
f 3680 3729 3730
f 3682 3681 3731
f 3681 3730 3731
f 3683 3682 3732
f 3682 3731 3732
f 3684 3683 3733
f 3683 3732 3733
f 3685 3684 3734
f 3684 3733 3734
f 3686 3685 3735
f 3685 3734 3735
f 3687 3686 3736
f 3686 3735 3736
f 3688 3687 3737
f 3687 3736 3737
f 3689 3688 3738
f 3688 3737 3738
f 3690 3689 3739
f 3689 3738 3739
f 3691 3690 3740
f 3690 3739 3740
f 3692 3691 3741
f 3691 3740 3741
f 3693 3692 3742
f 3692 3741 3742
f 3694 3693 3743
f 3693 3742 3743
f 3695 3694 3744
f 3694 3743 3744
f 3696 3695 3745
f 3695 3744 3745
f 3697 3696 3746
f 3696 3745 3746
f 3698 3697 3747
f 3697 3746 3747
f 3699 3698 3748
f 3698 3747 3748
f 3700 3699 3749
f 3699 3748 3749
f 3701 3700 3750
f 3700 3749 3750
f 3702 3701 3751
f 3701 3750 3751
f 3703 3702 3752
f 3702 3751 3752
f 3704 3703 3753
f 3703 3752 3753
f 3705 3704 3754
f 3704 3753 3754
f 3706 3705 3755
f 3705 3754 3755
f 3707 3706 3756
f 3706 3755 3756
f 3708 3707 3757
f 3707 3756 3757
f 3709 3708 3758
f 3708 3757 3758
f 3710 3709 3759
f 3709 3758 3759
f 3711 3710 3760
f 3710 3759 3760
f 3712 3711 3761
f 3711 3760 3761
f 3713 3712 3762
f 3712 3761 3762
f 3714 3713 3763
f 3713 3762 3763
f 3715 3714 3764
f 3714 3763 3764
f 3716 3715 3765
f 3715 3764 3765
f 3717 3716 3766
f 3716 3765 3766
f 3718 3717 3767
f 3717 3766 3767
f 3719 3718 3768
f 3718 3767 3768
f 3720 3719 3769
f 3719 3768 3769
f 3721 3720 3770
f 3720 3769 3770
f 3722 3721 3771
f 3721 3770 3771
f 3723 3722 3772
f 3722 3771 3772
f 3724 3723 3773
f 3723 3772 3773
f 3725 3724 3774
f 3724 3773 3774
f 3727 3726 3776
f 3726 3775 3776
f 3728 3727 3777
f 3727 3776 3777
f 3729 3728 3778
f 3728 3777 3778
f 3730 3729 3779
f 3729 3778 3779
f 3731 3730 3780
f 3730 3779 3780
f 3732 3731 3781
f 3731 3780 3781
f 3733 3732 3782
f 3732 3781 3782
f 3734 3733 3783
f 3733 3782 3783
f 3735 3734 3784
f 3734 3783 3784
f 3736 3735 3785
f 3735 3784 3785
f 3737 3736 3786
f 3736 3785 3786
f 3738 3737 3787
f 3737 3786 3787
f 3739 3738 3788
f 3738 3787 3788
f 3740 3739 3789
f 3739 3788 3789
f 3741 3740 3790
f 3740 3789 3790
f 3742 3741 3791
f 3741 3790 3791
f 3743 3742 3792
f 3742 3791 3792
f 3744 3743 3793
f 3743 3792 3793
f 3745 3744 3794
f 3744 3793 3794
f 3746 3745 3795
f 3745 3794 3795
f 3747 3746 3796
f 3746 3795 3796
f 3748 3747 3797
f 3747 3796 3797
f 3749 3748 3798
f 3748 3797 3798
f 3750 3749 3799
f 3749 3798 3799
f 3751 3750 3800
f 3750 3799 3800
f 3752 3751 3801
f 3751 3800 3801
f 3753 3752 3802
f 3752 3801 3802
f 3754 3753 3803
f 3753 3802 3803
f 3755 3754 3804
f 3754 3803 3804
f 3756 3755 3805
f 3755 3804 3805
f 3757 3756 3806
f 3756 3805 3806
f 3758 3757 3807
f 3757 3806 3807
f 3759 3758 3808
f 3758 3807 3808
f 3760 3759 3809
f 3759 3808 3809
f 3761 3760 3810
f 3760 3809 3810
f 3762 3761 3811
f 3761 3810 3811
f 3763 3762 3812
f 3762 3811 3812
f 3764 3763 3813
f 3763 3812 3813
f 3765 3764 3814
f 3764 3813 3814
f 3766 3765 3815
f 3765 3814 3815
f 3767 3766 3816
f 3766 3815 3816
f 3768 3767 3817
f 3767 3816 3817
f 3769 3768 3818
f 3768 3817 3818
f 3770 3769 3819
f 3769 3818 3819
f 3771 3770 3820
f 3770 3819 3820
f 3772 3771 3821
f 3771 3820 3821
f 3773 3772 3822
f 3772 3821 3822
f 3774 3773 3823
f 3773 3822 3823
f 3776 3775 3825
f 3775 3824 3825
f 3777 3776 3826
f 3776 3825 3826
f 3778 3777 3827
f 3777 3826 3827
f 3779 3778 3828
f 3778 3827 3828
f 3780 3779 3829
f 3779 3828 3829
f 3781 3780 3830
f 3780 3829 3830
f 3782 3781 3831
f 3781 3830 3831
f 3783 3782 3832
f 3782 3831 3832
f 3784 3783 3833
f 3783 3832 3833
f 3785 3784 3834
f 3784 3833 3834
f 3786 3785 3835
f 3785 3834 3835
f 3787 3786 3836
f 3786 3835 3836
f 3788 3787 3837
f 3787 3836 3837
f 3789 3788 3838
f 3788 3837 3838
f 3790 3789 3839
f 3789 3838 3839
f 3791 3790 3840
f 3790 3839 3840
f 3792 3791 3841
f 3791 3840 3841
f 3793 3792 3842
f 3792 3841 3842
f 3794 3793 3843
f 3793 3842 3843
f 3795 3794 3844
f 3794 3843 3844
f 3796 3795 3845
f 3795 3844 3845
f 3797 3796 3846
f 3796 3845 3846
f 3798 3797 3847
f 3797 3846 3847
f 3799 3798 3848
f 3798 3847 3848
f 3800 3799 3849
f 3799 3848 3849
f 3801 3800 3850
f 3800 3849 3850
f 3802 3801 3851
f 3801 3850 3851
f 3803 3802 3852
f 3802 3851 3852
f 3804 3803 3853
f 3803 3852 3853
f 3805 3804 3854
f 3804 3853 3854
f 3806 3805 3855
f 3805 3854 3855
f 3807 3806 3856
f 3806 3855 3856
f 3808 3807 3857
f 3807 3856 3857
f 3809 3808 3858
f 3808 3857 3858
f 3810 3809 3859
f 3809 3858 3859
f 3811 3810 3860
f 3810 3859 3860
f 3812 3811 3861
f 3811 3860 3861
f 3813 3812 3862
f 3812 3861 3862
f 3814 3813 3863
f 3813 3862 3863
f 3815 3814 3864
f 3814 3863 3864
f 3816 3815 3865
f 3815 3864 3865
f 3817 3816 3866
f 3816 3865 3866
f 3818 3817 3867
f 3817 3866 3867
f 3819 3818 3868
f 3818 3867 3868
f 3820 3819 3869
f 3819 3868 3869
f 3821 3820 3870
f 3820 3869 3870
f 3822 3821 3871
f 3821 3870 3871
f 3823 3822 3872
f 3822 3871 3872
f 3825 3824 3874
f 3824 3873 3874
f 3826 3825 3875
f 3825 3874 3875
f 3827 3826 3876
f 3826 3875 3876
f 3828 3827 3877
f 3827 3876 3877
f 3829 3828 3878
f 3828 3877 3878
f 3830 3829 3879
f 3829 3878 3879
f 3831 3830 3880
f 3830 3879 3880
f 3832 3831 3881
f 3831 3880 3881
f 3833 3832 3882
f 3832 3881 3882
f 3834 3833 3883
f 3833 3882 3883
f 3835 3834 3884
f 3834 3883 3884
f 3836 3835 3885
f 3835 3884 3885
f 3837 3836 3886
f 3836 3885 3886
f 3838 3837 3887
f 3837 3886 3887
f 3839 3838 3888
f 3838 3887 3888
f 3840 3839 3889
f 3839 3888 3889
f 3841 3840 3890
f 3840 3889 3890
f 3842 3841 3891
f 3841 3890 3891
f 3843 3842 3892
f 3842 3891 3892
f 3844 3843 3893
f 3843 3892 3893
f 3845 3844 3894
f 3844 3893 3894
f 3846 3845 3895
f 3845 3894 3895
f 3847 3846 3896
f 3846 3895 3896
f 3848 3847 3897
f 3847 3896 3897
f 3849 3848 3898
f 3848 3897 3898
f 3850 3849 3899
f 3849 3898 3899
f 3851 3850 3900
f 3850 3899 3900
f 3852 3851 3901
f 3851 3900 3901
f 3853 3852 3902
f 3852 3901 3902
f 3854 3853 3903
f 3853 3902 3903
f 3855 3854 3904
f 3854 3903 3904
f 3856 3855 3905
f 3855 3904 3905
f 3857 3856 3906
f 3856 3905 3906
f 3858 3857 3907
f 3857 3906 3907
f 3859 3858 3908
f 3858 3907 3908
f 3860 3859 3909
f 3859 3908 3909
f 3861 3860 3910
f 3860 3909 3910
f 3862 3861 3911
f 3861 3910 3911
f 3863 3862 3912
f 3862 3911 3912
f 3864 3863 3913
f 3863 3912 3913
f 3865 3864 3914
f 3864 3913 3914
f 3866 3865 3915
f 3865 3914 3915
f 3867 3866 3916
f 3866 3915 3916
f 3868 3867 3917
f 3867 3916 3917
f 3869 3868 3918
f 3868 3917 3918
f 3870 3869 3919
f 3869 3918 3919
f 3871 3870 3920
f 3870 3919 3920
f 3872 3871 3921
f 3871 3920 3921
f 3874 3873 3923
f 3873 3922 3923
f 3875 3874 3924
f 3874 3923 3924
f 3876 3875 3925
f 3875 3924 3925
f 3877 3876 3926
f 3876 3925 3926
f 3878 3877 3927
f 3877 3926 3927
f 3879 3878 3928
f 3878 3927 3928
f 3880 3879 3929
f 3879 3928 3929
f 3881 3880 3930
f 3880 3929 3930
f 3882 3881 3931
f 3881 3930 3931
f 3883 3882 3932
f 3882 3931 3932
f 3884 3883 3933
f 3883 3932 3933
f 3885 3884 3934
f 3884 3933 3934
f 3886 3885 3935
f 3885 3934 3935
f 3887 3886 3936
f 3886 3935 3936
f 3888 3887 3937
f 3887 3936 3937
f 3889 3888 3938
f 3888 3937 3938
f 3890 3889 3939
f 3889 3938 3939
f 3891 3890 3940
f 3890 3939 3940
f 3892 3891 3941
f 3891 3940 3941
f 3893 3892 3942
f 3892 3941 3942
f 3894 3893 3943
f 3893 3942 3943
f 3895 3894 3944
f 3894 3943 3944
f 3896 3895 3945
f 3895 3944 3945
f 3897 3896 3946
f 3896 3945 3946
f 3898 3897 3947
f 3897 3946 3947
f 3899 3898 3948
f 3898 3947 3948
f 3900 3899 3949
f 3899 3948 3949
f 3901 3900 3950
f 3900 3949 3950
f 3902 3901 3951
f 3901 3950 3951
f 3903 3902 3952
f 3902 3951 3952
f 3904 3903 3953
f 3903 3952 3953
f 3905 3904 3954
f 3904 3953 3954
f 3906 3905 3955
f 3905 3954 3955
f 3907 3906 3956
f 3906 3955 3956
f 3908 3907 3957
f 3907 3956 3957
f 3909 3908 3958
f 3908 3957 3958
f 3910 3909 3959
f 3909 3958 3959
f 3911 3910 3960
f 3910 3959 3960
f 3912 3911 3961
f 3911 3960 3961
f 3913 3912 3962
f 3912 3961 3962
f 3914 3913 3963
f 3913 3962 3963
f 3915 3914 3964
f 3914 3963 3964
f 3916 3915 3965
f 3915 3964 3965
f 3917 3916 3966
f 3916 3965 3966
f 3918 3917 3967
f 3917 3966 3967
f 3919 3918 3968
f 3918 3967 3968
f 3920 3919 3969
f 3919 3968 3969
f 3921 3920 3970
f 3920 3969 3970
f 3923 3922 3972
f 3922 3971 3972
f 3924 3923 3973
f 3923 3972 3973
f 3925 3924 3974
f 3924 3973 3974
f 3926 3925 3975
f 3925 3974 3975
f 3927 3926 3976
f 3926 3975 3976
f 3928 3927 3977
f 3927 3976 3977
f 3929 3928 3978
f 3928 3977 3978
f 3930 3929 3979
f 3929 3978 3979
f 3931 3930 3980
f 3930 3979 3980
f 3932 3931 3981
f 3931 3980 3981
f 3933 3932 3982
f 3932 3981 3982
f 3934 3933 3983
f 3933 3982 3983
f 3935 3934 3984
f 3934 3983 3984
f 3936 3935 3985
f 3935 3984 3985
f 3937 3936 3986
f 3936 3985 3986
f 3938 3937 3987
f 3937 3986 3987
f 3939 3938 3988
f 3938 3987 3988
f 3940 3939 3989
f 3939 3988 3989
f 3941 3940 3990
f 3940 3989 3990
f 3942 3941 3991
f 3941 3990 3991
f 3943 3942 3992
f 3942 3991 3992
f 3944 3943 3993
f 3943 3992 3993
f 3945 3944 3994
f 3944 3993 3994
f 3946 3945 3995
f 3945 3994 3995
f 3947 3946 3996
f 3946 3995 3996
f 3948 3947 3997
f 3947 3996 3997
f 3949 3948 3998
f 3948 3997 3998
f 3950 3949 3999
f 3949 3998 3999
f 3951 3950 4000
f 3950 3999 4000
f 3952 3951 4001
f 3951 4000 4001
f 3953 3952 4002
f 3952 4001 4002
f 3954 3953 4003
f 3953 4002 4003
f 3955 3954 4004
f 3954 4003 4004
f 3956 3955 4005
f 3955 4004 4005
f 3957 3956 4006
f 3956 4005 4006
f 3958 3957 4007
f 3957 4006 4007
f 3959 3958 4008
f 3958 4007 4008
f 3960 3959 4009
f 3959 4008 4009
f 3961 3960 4010
f 3960 4009 4010
f 3962 3961 4011
f 3961 4010 4011
f 3963 3962 4012
f 3962 4011 4012
f 3964 3963 4013
f 3963 4012 4013
f 3965 3964 4014
f 3964 4013 4014
f 3966 3965 4015
f 3965 4014 4015
f 3967 3966 4016
f 3966 4015 4016
f 3968 3967 4017
f 3967 4016 4017
f 3969 3968 4018
f 3968 4017 4018
f 3970 3969 4019
f 3969 4018 4019
f 3972 3971 4021
f 3971 4020 4021
f 3973 3972 4022
f 3972 4021 4022
f 3974 3973 4023
f 3973 4022 4023
f 3975 3974 4024
f 3974 4023 4024
f 3976 3975 4025
f 3975 4024 4025
f 3977 3976 4026
f 3976 4025 4026
f 3978 3977 4027
f 3977 4026 4027
f 3979 3978 4028
f 3978 4027 4028
f 3980 3979 4029
f 3979 4028 4029
f 3981 3980 4030
f 3980 4029 4030
f 3982 3981 4031
f 3981 4030 4031
f 3983 3982 4032
f 3982 4031 4032
f 3984 3983 4033
f 3983 4032 4033
f 3985 3984 4034
f 3984 4033 4034
f 3986 3985 4035
f 3985 4034 4035
f 3987 3986 4036
f 3986 4035 4036
f 3988 3987 4037
f 3987 4036 4037
f 3989 3988 4038
f 3988 4037 4038
f 3990 3989 4039
f 3989 4038 4039
f 3991 3990 4040
f 3990 4039 4040
f 3992 3991 4041
f 3991 4040 4041
f 3993 3992 4042
f 3992 4041 4042
f 3994 3993 4043
f 3993 4042 4043
f 3995 3994 4044
f 3994 4043 4044
f 3996 3995 4045
f 3995 4044 4045
f 3997 3996 4046
f 3996 4045 4046
f 3998 3997 4047
f 3997 4046 4047
f 3999 3998 4048
f 3998 4047 4048
f 4000 3999 4049
f 3999 4048 4049
f 4001 4000 4050
f 4000 4049 4050
f 4002 4001 4051
f 4001 4050 4051
f 4003 4002 4052
f 4002 4051 4052
f 4004 4003 4053
f 4003 4052 4053
f 4005 4004 4054
f 4004 4053 4054
f 4006 4005 4055
f 4005 4054 4055
f 4007 4006 4056
f 4006 4055 4056
f 4008 4007 4057
f 4007 4056 4057
f 4009 4008 4058
f 4008 4057 4058
f 4010 4009 4059
f 4009 4058 4059
f 4011 4010 4060
f 4010 4059 4060
f 4012 4011 4061
f 4011 4060 4061
f 4013 4012 4062
f 4012 4061 4062
f 4014 4013 4063
f 4013 4062 4063
f 4015 4014 4064
f 4014 4063 4064
f 4016 4015 4065
f 4015 4064 4065
f 4017 4016 4066
f 4016 4065 4066
f 4018 4017 4067
f 4017 4066 4067
f 4019 4018 4068
f 4018 4067 4068
f 4021 4020 4070
f 4020 4069 4070
f 4022 4021 4071
f 4021 4070 4071
f 4023 4022 4072
f 4022 4071 4072
f 4024 4023 4073
f 4023 4072 4073
f 4025 4024 4074
f 4024 4073 4074
f 4026 4025 4075
f 4025 4074 4075
f 4027 4026 4076
f 4026 4075 4076
f 4028 4027 4077
f 4027 4076 4077
f 4029 4028 4078
f 4028 4077 4078
f 4030 4029 4079
f 4029 4078 4079
f 4031 4030 4080
f 4030 4079 4080
f 4032 4031 4081
f 4031 4080 4081
f 4033 4032 4082
f 4032 4081 4082
f 4034 4033 4083
f 4033 4082 4083
f 4035 4034 4084
f 4034 4083 4084
f 4036 4035 4085
f 4035 4084 4085
f 4037 4036 4086
f 4036 4085 4086
f 4038 4037 4087
f 4037 4086 4087
f 4039 4038 4088
f 4038 4087 4088
f 4040 4039 4089
f 4039 4088 4089
f 4041 4040 4090
f 4040 4089 4090
f 4042 4041 4091
f 4041 4090 4091
f 4043 4042 4092
f 4042 4091 4092
f 4044 4043 4093
f 4043 4092 4093
f 4045 4044 4094
f 4044 4093 4094
f 4046 4045 4095
f 4045 4094 4095
f 4047 4046 4096
f 4046 4095 4096
f 4048 4047 4097
f 4047 4096 4097
f 4049 4048 4098
f 4048 4097 4098
f 4050 4049 4099
f 4049 4098 4099
f 4051 4050 4100
f 4050 4099 4100
f 4052 4051 4101
f 4051 4100 4101
f 4053 4052 4102
f 4052 4101 4102
f 4054 4053 4103
f 4053 4102 4103
f 4055 4054 4104
f 4054 4103 4104
f 4056 4055 4105
f 4055 4104 4105
f 4057 4056 4106
f 4056 4105 4106
f 4058 4057 4107
f 4057 4106 4107
f 4059 4058 4108
f 4058 4107 4108
f 4060 4059 4109
f 4059 4108 4109
f 4061 4060 4110
f 4060 4109 4110
f 4062 4061 4111
f 4061 4110 4111
f 4063 4062 4112
f 4062 4111 4112
f 4064 4063 4113
f 4063 4112 4113
f 4065 4064 4114
f 4064 4113 4114
f 4066 4065 4115
f 4065 4114 4115
f 4067 4066 4116
f 4066 4115 4116
f 4068 4067 4117
f 4067 4116 4117
f 4070 4069 4119
f 4069 4118 4119
f 4071 4070 4120
f 4070 4119 4120
f 4072 4071 4121
f 4071 4120 4121
f 4073 4072 4122
f 4072 4121 4122
f 4074 4073 4123
f 4073 4122 4123
f 4075 4074 4124
f 4074 4123 4124
f 4076 4075 4125
f 4075 4124 4125
f 4077 4076 4126
f 4076 4125 4126
f 4078 4077 4127
f 4077 4126 4127
f 4079 4078 4128
f 4078 4127 4128
f 4080 4079 4129
f 4079 4128 4129
f 4081 4080 4130
f 4080 4129 4130
f 4082 4081 4131
f 4081 4130 4131
f 4083 4082 4132
f 4082 4131 4132
f 4084 4083 4133
f 4083 4132 4133
f 4085 4084 4134
f 4084 4133 4134
f 4086 4085 4135
f 4085 4134 4135
f 4087 4086 4136
f 4086 4135 4136
f 4088 4087 4137
f 4087 4136 4137
f 4089 4088 4138
f 4088 4137 4138
f 4090 4089 4139
f 4089 4138 4139
f 4091 4090 4140
f 4090 4139 4140
f 4092 4091 4141
f 4091 4140 4141
f 4093 4092 4142
f 4092 4141 4142
f 4094 4093 4143
f 4093 4142 4143
f 4095 4094 4144
f 4094 4143 4144
f 4096 4095 4145
f 4095 4144 4145
f 4097 4096 4146
f 4096 4145 4146
f 4098 4097 4147
f 4097 4146 4147
f 4099 4098 4148
f 4098 4147 4148
f 4100 4099 4149
f 4099 4148 4149
f 4101 4100 4150
f 4100 4149 4150
f 4102 4101 4151
f 4101 4150 4151
f 4103 4102 4152
f 4102 4151 4152
f 4104 4103 4153
f 4103 4152 4153
f 4105 4104 4154
f 4104 4153 4154
f 4106 4105 4155
f 4105 4154 4155
f 4107 4106 4156
f 4106 4155 4156
f 4108 4107 4157
f 4107 4156 4157
f 4109 4108 4158
f 4108 4157 4158
f 4110 4109 4159
f 4109 4158 4159
f 4111 4110 4160
f 4110 4159 4160
f 4112 4111 4161
f 4111 4160 4161
f 4113 4112 4162
f 4112 4161 4162
f 4114 4113 4163
f 4113 4162 4163
f 4115 4114 4164
f 4114 4163 4164
f 4116 4115 4165
f 4115 4164 4165
f 4117 4116 4166
f 4116 4165 4166
f 4119 4118 4168
f 4118 4167 4168
f 4120 4119 4169
f 4119 4168 4169
f 4121 4120 4170
f 4120 4169 4170
f 4122 4121 4171
f 4121 4170 4171
f 4123 4122 4172
f 4122 4171 4172
f 4124 4123 4173
f 4123 4172 4173
f 4125 4124 4174
f 4124 4173 4174
f 4126 4125 4175
f 4125 4174 4175
f 4127 4126 4176
f 4126 4175 4176
f 4128 4127 4177
f 4127 4176 4177
f 4129 4128 4178
f 4128 4177 4178
f 4130 4129 4179
f 4129 4178 4179
f 4131 4130 4180
f 4130 4179 4180
f 4132 4131 4181
f 4131 4180 4181
f 4133 4132 4182
f 4132 4181 4182
f 4134 4133 4183
f 4133 4182 4183
f 4135 4134 4184
f 4134 4183 4184
f 4136 4135 4185
f 4135 4184 4185
f 4137 4136 4186
f 4136 4185 4186
f 4138 4137 4187
f 4137 4186 4187
f 4139 4138 4188
f 4138 4187 4188
f 4140 4139 4189
f 4139 4188 4189
f 4141 4140 4190
f 4140 4189 4190
f 4142 4141 4191
f 4141 4190 4191
f 4143 4142 4192
f 4142 4191 4192
f 4144 4143 4193
f 4143 4192 4193
f 4145 4144 4194
f 4144 4193 4194
f 4146 4145 4195
f 4145 4194 4195
f 4147 4146 4196
f 4146 4195 4196
f 4148 4147 4197
f 4147 4196 4197
f 4149 4148 4198
f 4148 4197 4198
f 4150 4149 4199
f 4149 4198 4199
f 4151 4150 4200
f 4150 4199 4200
f 4152 4151 4201
f 4151 4200 4201
f 4153 4152 4202
f 4152 4201 4202
f 4154 4153 4203
f 4153 4202 4203
f 4155 4154 4204
f 4154 4203 4204
f 4156 4155 4205
f 4155 4204 4205
f 4157 4156 4206
f 4156 4205 4206
f 4158 4157 4207
f 4157 4206 4207
f 4159 4158 4208
f 4158 4207 4208
f 4160 4159 4209
f 4159 4208 4209
f 4161 4160 4210
f 4160 4209 4210
f 4162 4161 4211
f 4161 4210 4211
f 4163 4162 4212
f 4162 4211 4212
f 4164 4163 4213
f 4163 4212 4213
f 4165 4164 4214
f 4164 4213 4214
f 4166 4165 4215
f 4165 4214 4215
f 4168 4167 4217
f 4167 4216 4217
f 4169 4168 4218
f 4168 4217 4218
f 4170 4169 4219
f 4169 4218 4219
f 4171 4170 4220
f 4170 4219 4220
f 4172 4171 4221
f 4171 4220 4221
f 4173 4172 4222
f 4172 4221 4222
f 4174 4173 4223
f 4173 4222 4223
f 4175 4174 4224
f 4174 4223 4224
f 4176 4175 4225
f 4175 4224 4225
f 4177 4176 4226
f 4176 4225 4226
f 4178 4177 4227
f 4177 4226 4227
f 4179 4178 4228
f 4178 4227 4228
f 4180 4179 4229
f 4179 4228 4229
f 4181 4180 4230
f 4180 4229 4230
f 4182 4181 4231
f 4181 4230 4231
f 4183 4182 4232
f 4182 4231 4232
f 4184 4183 4233
f 4183 4232 4233
f 4185 4184 4234
f 4184 4233 4234
f 4186 4185 4235
f 4185 4234 4235
f 4187 4186 4236
f 4186 4235 4236
f 4188 4187 4237
f 4187 4236 4237
f 4189 4188 4238
f 4188 4237 4238
f 4190 4189 4239
f 4189 4238 4239
f 4191 4190 4240
f 4190 4239 4240
f 4192 4191 4241
f 4191 4240 4241
f 4193 4192 4242
f 4192 4241 4242
f 4194 4193 4243
f 4193 4242 4243
f 4195 4194 4244
f 4194 4243 4244
f 4196 4195 4245
f 4195 4244 4245
f 4197 4196 4246
f 4196 4245 4246
f 4198 4197 4247
f 4197 4246 4247
f 4199 4198 4248
f 4198 4247 4248
f 4200 4199 4249
f 4199 4248 4249
f 4201 4200 4250
f 4200 4249 4250
f 4202 4201 4251
f 4201 4250 4251
f 4203 4202 4252
f 4202 4251 4252
f 4204 4203 4253
f 4203 4252 4253
f 4205 4204 4254
f 4204 4253 4254
f 4206 4205 4255
f 4205 4254 4255
f 4207 4206 4256
f 4206 4255 4256
f 4208 4207 4257
f 4207 4256 4257
f 4209 4208 4258
f 4208 4257 4258
f 4210 4209 4259
f 4209 4258 4259
f 4211 4210 4260
f 4210 4259 4260
f 4212 4211 4261
f 4211 4260 4261
f 4213 4212 4262
f 4212 4261 4262
f 4214 4213 4263
f 4213 4262 4263
f 4215 4214 4264
f 4214 4263 4264
f 4217 4216 4266
f 4216 4265 4266
f 4218 4217 4267
f 4217 4266 4267
f 4219 4218 4268
f 4218 4267 4268
f 4220 4219 4269
f 4219 4268 4269
f 4221 4220 4270
f 4220 4269 4270
f 4222 4221 4271
f 4221 4270 4271
f 4223 4222 4272
f 4222 4271 4272
f 4224 4223 4273
f 4223 4272 4273
f 4225 4224 4274
f 4224 4273 4274
f 4226 4225 4275
f 4225 4274 4275
f 4227 4226 4276
f 4226 4275 4276
f 4228 4227 4277
f 4227 4276 4277
f 4229 4228 4278
f 4228 4277 4278
f 4230 4229 4279
f 4229 4278 4279
f 4231 4230 4280
f 4230 4279 4280
f 4232 4231 4281
f 4231 4280 4281
f 4233 4232 4282
f 4232 4281 4282
f 4234 4233 4283
f 4233 4282 4283
f 4235 4234 4284
f 4234 4283 4284
f 4236 4235 4285
f 4235 4284 4285
f 4237 4236 4286
f 4236 4285 4286
f 4238 4237 4287
f 4237 4286 4287
f 4239 4238 4288
f 4238 4287 4288
f 4240 4239 4289
f 4239 4288 4289
f 4241 4240 4290
f 4240 4289 4290
f 4242 4241 4291
f 4241 4290 4291
f 4243 4242 4292
f 4242 4291 4292
f 4244 4243 4293
f 4243 4292 4293
f 4245 4244 4294
f 4244 4293 4294
f 4246 4245 4295
f 4245 4294 4295
f 4247 4246 4296
f 4246 4295 4296
f 4248 4247 4297
f 4247 4296 4297
f 4249 4248 4298
f 4248 4297 4298
f 4250 4249 4299
f 4249 4298 4299
f 4251 4250 4300
f 4250 4299 4300
f 4252 4251 4301
f 4251 4300 4301
f 4253 4252 4302
f 4252 4301 4302
f 4254 4253 4303
f 4253 4302 4303
f 4255 4254 4304
f 4254 4303 4304
f 4256 4255 4305
f 4255 4304 4305
f 4257 4256 4306
f 4256 4305 4306
f 4258 4257 4307
f 4257 4306 4307
f 4259 4258 4308
f 4258 4307 4308
f 4260 4259 4309
f 4259 4308 4309
f 4261 4260 4310
f 4260 4309 4310
f 4262 4261 4311
f 4261 4310 4311
f 4263 4262 4312
f 4262 4311 4312
f 4264 4263 4313
f 4263 4312 4313
f 4266 4265 4315
f 4265 4314 4315
f 4267 4266 4316
f 4266 4315 4316
f 4268 4267 4317
f 4267 4316 4317
f 4269 4268 4318
f 4268 4317 4318
f 4270 4269 4319
f 4269 4318 4319
f 4271 4270 4320
f 4270 4319 4320
f 4272 4271 4321
f 4271 4320 4321
f 4273 4272 4322
f 4272 4321 4322
f 4274 4273 4323
f 4273 4322 4323
f 4275 4274 4324
f 4274 4323 4324
f 4276 4275 4325
f 4275 4324 4325
f 4277 4276 4326
f 4276 4325 4326
f 4278 4277 4327
f 4277 4326 4327
f 4279 4278 4328
f 4278 4327 4328
f 4280 4279 4329
f 4279 4328 4329
f 4281 4280 4330
f 4280 4329 4330
f 4282 4281 4331
f 4281 4330 4331
f 4283 4282 4332
f 4282 4331 4332
f 4284 4283 4333
f 4283 4332 4333
f 4285 4284 4334
f 4284 4333 4334
f 4286 4285 4335
f 4285 4334 4335
f 4287 4286 4336
f 4286 4335 4336
f 4288 4287 4337
f 4287 4336 4337
f 4289 4288 4338
f 4288 4337 4338
f 4290 4289 4339
f 4289 4338 4339
f 4291 4290 4340
f 4290 4339 4340
f 4292 4291 4341
f 4291 4340 4341
f 4293 4292 4342
f 4292 4341 4342
f 4294 4293 4343
f 4293 4342 4343
f 4295 4294 4344
f 4294 4343 4344
f 4296 4295 4345
f 4295 4344 4345
f 4297 4296 4346
f 4296 4345 4346
f 4298 4297 4347
f 4297 4346 4347
f 4299 4298 4348
f 4298 4347 4348
f 4300 4299 4349
f 4299 4348 4349
f 4301 4300 4350
f 4300 4349 4350
f 4302 4301 4351
f 4301 4350 4351
f 4303 4302 4352
f 4302 4351 4352
f 4304 4303 4353
f 4303 4352 4353
f 4305 4304 4354
f 4304 4353 4354
f 4306 4305 4355
f 4305 4354 4355
f 4307 4306 4356
f 4306 4355 4356
f 4308 4307 4357
f 4307 4356 4357
f 4309 4308 4358
f 4308 4357 4358
f 4310 4309 4359
f 4309 4358 4359
f 4311 4310 4360
f 4310 4359 4360
f 4312 4311 4361
f 4311 4360 4361
f 4313 4312 4362
f 4312 4361 4362
f 4315 4314 4364
f 4314 4363 4364
f 4316 4315 4365
f 4315 4364 4365
f 4317 4316 4366
f 4316 4365 4366
f 4318 4317 4367
f 4317 4366 4367
f 4319 4318 4368
f 4318 4367 4368
f 4320 4319 4369
f 4319 4368 4369
f 4321 4320 4370
f 4320 4369 4370
f 4322 4321 4371
f 4321 4370 4371
f 4323 4322 4372
f 4322 4371 4372
f 4324 4323 4373
f 4323 4372 4373
f 4325 4324 4374
f 4324 4373 4374
f 4326 4325 4375
f 4325 4374 4375
f 4327 4326 4376
f 4326 4375 4376
f 4328 4327 4377
f 4327 4376 4377
f 4329 4328 4378
f 4328 4377 4378
f 4330 4329 4379
f 4329 4378 4379
f 4331 4330 4380
f 4330 4379 4380
f 4332 4331 4381
f 4331 4380 4381
f 4333 4332 4382
f 4332 4381 4382
f 4334 4333 4383
f 4333 4382 4383
f 4335 4334 4384
f 4334 4383 4384
f 4336 4335 4385
f 4335 4384 4385
f 4337 4336 4386
f 4336 4385 4386
f 4338 4337 4387
f 4337 4386 4387
f 4339 4338 4388
f 4338 4387 4388
f 4340 4339 4389
f 4339 4388 4389
f 4341 4340 4390
f 4340 4389 4390
f 4342 4341 4391
f 4341 4390 4391
f 4343 4342 4392
f 4342 4391 4392
f 4344 4343 4393
f 4343 4392 4393
f 4345 4344 4394
f 4344 4393 4394
f 4346 4345 4395
f 4345 4394 4395
f 4347 4346 4396
f 4346 4395 4396
f 4348 4347 4397
f 4347 4396 4397
f 4349 4348 4398
f 4348 4397 4398
f 4350 4349 4399
f 4349 4398 4399
f 4351 4350 4400
f 4350 4399 4400
f 4352 4351 4401
f 4351 4400 4401
f 4353 4352 4402
f 4352 4401 4402
f 4354 4353 4403
f 4353 4402 4403
f 4355 4354 4404
f 4354 4403 4404
f 4356 4355 4405
f 4355 4404 4405
f 4357 4356 4406
f 4356 4405 4406
f 4358 4357 4407
f 4357 4406 4407
f 4359 4358 4408
f 4358 4407 4408
f 4360 4359 4409
f 4359 4408 4409
f 4361 4360 4410
f 4360 4409 4410
f 4362 4361 4411
f 4361 4410 4411
f 4364 4363 4413
f 4363 4412 4413
f 4365 4364 4414
f 4364 4413 4414
f 4366 4365 4415
f 4365 4414 4415
f 4367 4366 4416
f 4366 4415 4416
f 4368 4367 4417
f 4367 4416 4417
f 4369 4368 4418
f 4368 4417 4418
f 4370 4369 4419
f 4369 4418 4419
f 4371 4370 4420
f 4370 4419 4420
f 4372 4371 4421
f 4371 4420 4421
f 4373 4372 4422
f 4372 4421 4422
f 4374 4373 4423
f 4373 4422 4423
f 4375 4374 4424
f 4374 4423 4424
f 4376 4375 4425
f 4375 4424 4425
f 4377 4376 4426
f 4376 4425 4426
f 4378 4377 4427
f 4377 4426 4427
f 4379 4378 4428
f 4378 4427 4428
f 4380 4379 4429
f 4379 4428 4429
f 4381 4380 4430
f 4380 4429 4430
f 4382 4381 4431
f 4381 4430 4431
f 4383 4382 4432
f 4382 4431 4432
f 4384 4383 4433
f 4383 4432 4433
f 4385 4384 4434
f 4384 4433 4434
f 4386 4385 4435
f 4385 4434 4435
f 4387 4386 4436
f 4386 4435 4436
f 4388 4387 4437
f 4387 4436 4437
f 4389 4388 4438
f 4388 4437 4438
f 4390 4389 4439
f 4389 4438 4439
f 4391 4390 4440
f 4390 4439 4440
f 4392 4391 4441
f 4391 4440 4441
f 4393 4392 4442
f 4392 4441 4442
f 4394 4393 4443
f 4393 4442 4443
f 4395 4394 4444
f 4394 4443 4444
f 4396 4395 4445
f 4395 4444 4445
f 4397 4396 4446
f 4396 4445 4446
f 4398 4397 4447
f 4397 4446 4447
f 4399 4398 4448
f 4398 4447 4448
f 4400 4399 4449
f 4399 4448 4449
f 4401 4400 4450
f 4400 4449 4450
f 4402 4401 4451
f 4401 4450 4451
f 4403 4402 4452
f 4402 4451 4452
f 4404 4403 4453
f 4403 4452 4453
f 4405 4404 4454
f 4404 4453 4454
f 4406 4405 4455
f 4405 4454 4455
f 4407 4406 4456
f 4406 4455 4456
f 4408 4407 4457
f 4407 4456 4457
f 4409 4408 4458
f 4408 4457 4458
f 4410 4409 4459
f 4409 4458 4459
f 4411 4410 4460
f 4410 4459 4460
f 4413 4412 4462
f 4412 4461 4462
f 4414 4413 4463
f 4413 4462 4463
f 4415 4414 4464
f 4414 4463 4464
f 4416 4415 4465
f 4415 4464 4465
f 4417 4416 4466
f 4416 4465 4466
f 4418 4417 4467
f 4417 4466 4467
f 4419 4418 4468
f 4418 4467 4468
f 4420 4419 4469
f 4419 4468 4469
f 4421 4420 4470
f 4420 4469 4470
f 4422 4421 4471
f 4421 4470 4471
f 4423 4422 4472
f 4422 4471 4472
f 4424 4423 4473
f 4423 4472 4473
f 4425 4424 4474
f 4424 4473 4474
f 4426 4425 4475
f 4425 4474 4475
f 4427 4426 4476
f 4426 4475 4476
f 4428 4427 4477
f 4427 4476 4477
f 4429 4428 4478
f 4428 4477 4478
f 4430 4429 4479
f 4429 4478 4479
f 4431 4430 4480
f 4430 4479 4480
f 4432 4431 4481
f 4431 4480 4481
f 4433 4432 4482
f 4432 4481 4482
f 4434 4433 4483
f 4433 4482 4483
f 4435 4434 4484
f 4434 4483 4484
f 4436 4435 4485
f 4435 4484 4485
f 4437 4436 4486
f 4436 4485 4486
f 4438 4437 4487
f 4437 4486 4487
f 4439 4438 4488
f 4438 4487 4488
f 4440 4439 4489
f 4439 4488 4489
f 4441 4440 4490
f 4440 4489 4490
f 4442 4441 4491
f 4441 4490 4491
f 4443 4442 4492
f 4442 4491 4492
f 4444 4443 4493
f 4443 4492 4493
f 4445 4444 4494
f 4444 4493 4494
f 4446 4445 4495
f 4445 4494 4495
f 4447 4446 4496
f 4446 4495 4496
f 4448 4447 4497
f 4447 4496 4497
f 4449 4448 4498
f 4448 4497 4498
f 4450 4449 4499
f 4449 4498 4499
f 4451 4450 4500
f 4450 4499 4500
f 4452 4451 4501
f 4451 4500 4501
f 4453 4452 4502
f 4452 4501 4502
f 4454 4453 4503
f 4453 4502 4503
f 4455 4454 4504
f 4454 4503 4504
f 4456 4455 4505
f 4455 4504 4505
f 4457 4456 4506
f 4456 4505 4506
f 4458 4457 4507
f 4457 4506 4507
f 4459 4458 4508
f 4458 4507 4508
f 4460 4459 4509
f 4459 4508 4509
f 4462 4461 4511
f 4461 4510 4511
f 4463 4462 4512
f 4462 4511 4512
f 4464 4463 4513
f 4463 4512 4513
f 4465 4464 4514
f 4464 4513 4514
f 4466 4465 4515
f 4465 4514 4515
f 4467 4466 4516
f 4466 4515 4516
f 4468 4467 4517
f 4467 4516 4517
f 4469 4468 4518
f 4468 4517 4518
f 4470 4469 4519
f 4469 4518 4519
f 4471 4470 4520
f 4470 4519 4520
f 4472 4471 4521
f 4471 4520 4521
f 4473 4472 4522
f 4472 4521 4522
f 4474 4473 4523
f 4473 4522 4523
f 4475 4474 4524
f 4474 4523 4524
f 4476 4475 4525
f 4475 4524 4525
f 4477 4476 4526
f 4476 4525 4526
f 4478 4477 4527
f 4477 4526 4527
f 4479 4478 4528
f 4478 4527 4528
f 4480 4479 4529
f 4479 4528 4529
f 4481 4480 4530
f 4480 4529 4530
f 4482 4481 4531
f 4481 4530 4531
f 4483 4482 4532
f 4482 4531 4532
f 4484 4483 4533
f 4483 4532 4533
f 4485 4484 4534
f 4484 4533 4534
f 4486 4485 4535
f 4485 4534 4535
f 4487 4486 4536
f 4486 4535 4536
f 4488 4487 4537
f 4487 4536 4537
f 4489 4488 4538
f 4488 4537 4538
f 4490 4489 4539
f 4489 4538 4539
f 4491 4490 4540
f 4490 4539 4540
f 4492 4491 4541
f 4491 4540 4541
f 4493 4492 4542
f 4492 4541 4542
f 4494 4493 4543
f 4493 4542 4543
f 4495 4494 4544
f 4494 4543 4544
f 4496 4495 4545
f 4495 4544 4545
f 4497 4496 4546
f 4496 4545 4546
f 4498 4497 4547
f 4497 4546 4547
f 4499 4498 4548
f 4498 4547 4548
f 4500 4499 4549
f 4499 4548 4549
f 4501 4500 4550
f 4500 4549 4550
f 4502 4501 4551
f 4501 4550 4551
f 4503 4502 4552
f 4502 4551 4552
f 4504 4503 4553
f 4503 4552 4553
f 4505 4504 4554
f 4504 4553 4554
f 4506 4505 4555
f 4505 4554 4555
f 4507 4506 4556
f 4506 4555 4556
f 4508 4507 4557
f 4507 4556 4557
f 4509 4508 4558
f 4508 4557 4558
f 4511 4510 4560
f 4510 4559 4560
f 4512 4511 4561
f 4511 4560 4561
f 4513 4512 4562
f 4512 4561 4562
f 4514 4513 4563
f 4513 4562 4563
f 4515 4514 4564
f 4514 4563 4564
f 4516 4515 4565
f 4515 4564 4565
f 4517 4516 4566
f 4516 4565 4566
f 4518 4517 4567
f 4517 4566 4567
f 4519 4518 4568
f 4518 4567 4568
f 4520 4519 4569
f 4519 4568 4569
f 4521 4520 4570
f 4520 4569 4570
f 4522 4521 4571
f 4521 4570 4571
f 4523 4522 4572
f 4522 4571 4572
f 4524 4523 4573
f 4523 4572 4573
f 4525 4524 4574
f 4524 4573 4574
f 4526 4525 4575
f 4525 4574 4575
f 4527 4526 4576
f 4526 4575 4576
f 4528 4527 4577
f 4527 4576 4577
f 4529 4528 4578
f 4528 4577 4578
f 4530 4529 4579
f 4529 4578 4579
f 4531 4530 4580
f 4530 4579 4580
f 4532 4531 4581
f 4531 4580 4581
f 4533 4532 4582
f 4532 4581 4582
f 4534 4533 4583
f 4533 4582 4583
f 4535 4534 4584
f 4534 4583 4584
f 4536 4535 4585
f 4535 4584 4585
f 4537 4536 4586
f 4536 4585 4586
f 4538 4537 4587
f 4537 4586 4587
f 4539 4538 4588
f 4538 4587 4588
f 4540 4539 4589
f 4539 4588 4589
f 4541 4540 4590
f 4540 4589 4590
f 4542 4541 4591
f 4541 4590 4591
f 4543 4542 4592
f 4542 4591 4592
f 4544 4543 4593
f 4543 4592 4593
f 4545 4544 4594
f 4544 4593 4594
f 4546 4545 4595
f 4545 4594 4595
f 4547 4546 4596
f 4546 4595 4596
f 4548 4547 4597
f 4547 4596 4597
f 4549 4548 4598
f 4548 4597 4598
f 4550 4549 4599
f 4549 4598 4599
f 4551 4550 4600
f 4550 4599 4600
f 4552 4551 4601
f 4551 4600 4601
f 4553 4552 4602
f 4552 4601 4602
f 4554 4553 4603
f 4553 4602 4603
f 4555 4554 4604
f 4554 4603 4604
f 4556 4555 4605
f 4555 4604 4605
f 4557 4556 4606
f 4556 4605 4606
f 4558 4557 4607
f 4557 4606 4607
f 4560 4559 4609
f 4559 4608 4609
f 4561 4560 4610
f 4560 4609 4610
f 4562 4561 4611
f 4561 4610 4611
f 4563 4562 4612
f 4562 4611 4612
f 4564 4563 4613
f 4563 4612 4613
f 4565 4564 4614
f 4564 4613 4614
f 4566 4565 4615
f 4565 4614 4615
f 4567 4566 4616
f 4566 4615 4616
f 4568 4567 4617
f 4567 4616 4617
f 4569 4568 4618
f 4568 4617 4618
f 4570 4569 4619
f 4569 4618 4619
f 4571 4570 4620
f 4570 4619 4620
f 4572 4571 4621
f 4571 4620 4621
f 4573 4572 4622
f 4572 4621 4622
f 4574 4573 4623
f 4573 4622 4623
f 4575 4574 4624
f 4574 4623 4624
f 4576 4575 4625
f 4575 4624 4625
f 4577 4576 4626
f 4576 4625 4626
f 4578 4577 4627
f 4577 4626 4627
f 4579 4578 4628
f 4578 4627 4628
f 4580 4579 4629
f 4579 4628 4629
f 4581 4580 4630
f 4580 4629 4630
f 4582 4581 4631
f 4581 4630 4631
f 4583 4582 4632
f 4582 4631 4632
f 4584 4583 4633
f 4583 4632 4633
f 4585 4584 4634
f 4584 4633 4634
f 4586 4585 4635
f 4585 4634 4635
f 4587 4586 4636
f 4586 4635 4636
f 4588 4587 4637
f 4587 4636 4637
f 4589 4588 4638
f 4588 4637 4638
f 4590 4589 4639
f 4589 4638 4639
f 4591 4590 4640
f 4590 4639 4640
f 4592 4591 4641
f 4591 4640 4641
f 4593 4592 4642
f 4592 4641 4642
f 4594 4593 4643
f 4593 4642 4643
f 4595 4594 4644
f 4594 4643 4644
f 4596 4595 4645
f 4595 4644 4645
f 4597 4596 4646
f 4596 4645 4646
f 4598 4597 4647
f 4597 4646 4647
f 4599 4598 4648
f 4598 4647 4648
f 4600 4599 4649
f 4599 4648 4649
f 4601 4600 4650
f 4600 4649 4650
f 4602 4601 4651
f 4601 4650 4651
f 4603 4602 4652
f 4602 4651 4652
f 4604 4603 4653
f 4603 4652 4653
f 4605 4604 4654
f 4604 4653 4654
f 4606 4605 4655
f 4605 4654 4655
f 4607 4606 4656
f 4606 4655 4656
f 4609 4608 4658
f 4608 4657 4658
f 4610 4609 4659
f 4609 4658 4659
f 4611 4610 4660
f 4610 4659 4660
f 4612 4611 4661
f 4611 4660 4661
f 4613 4612 4662
f 4612 4661 4662
f 4614 4613 4663
f 4613 4662 4663
f 4615 4614 4664
f 4614 4663 4664
f 4616 4615 4665
f 4615 4664 4665
f 4617 4616 4666
f 4616 4665 4666
f 4618 4617 4667
f 4617 4666 4667
f 4619 4618 4668
f 4618 4667 4668
f 4620 4619 4669
f 4619 4668 4669
f 4621 4620 4670
f 4620 4669 4670
f 4622 4621 4671
f 4621 4670 4671
f 4623 4622 4672
f 4622 4671 4672
f 4624 4623 4673
f 4623 4672 4673
f 4625 4624 4674
f 4624 4673 4674
f 4626 4625 4675
f 4625 4674 4675
f 4627 4626 4676
f 4626 4675 4676
f 4628 4627 4677
f 4627 4676 4677
f 4629 4628 4678
f 4628 4677 4678
f 4630 4629 4679
f 4629 4678 4679
f 4631 4630 4680
f 4630 4679 4680
f 4632 4631 4681
f 4631 4680 4681
f 4633 4632 4682
f 4632 4681 4682
f 4634 4633 4683
f 4633 4682 4683
f 4635 4634 4684
f 4634 4683 4684
f 4636 4635 4685
f 4635 4684 4685
f 4637 4636 4686
f 4636 4685 4686
f 4638 4637 4687
f 4637 4686 4687
f 4639 4638 4688
f 4638 4687 4688
f 4640 4639 4689
f 4639 4688 4689
f 4641 4640 4690
f 4640 4689 4690
f 4642 4641 4691
f 4641 4690 4691
f 4643 4642 4692
f 4642 4691 4692
f 4644 4643 4693
f 4643 4692 4693
f 4645 4644 4694
f 4644 4693 4694
f 4646 4645 4695
f 4645 4694 4695
f 4647 4646 4696
f 4646 4695 4696
f 4648 4647 4697
f 4647 4696 4697
f 4649 4648 4698
f 4648 4697 4698
f 4650 4649 4699
f 4649 4698 4699
f 4651 4650 4700
f 4650 4699 4700
f 4652 4651 4701
f 4651 4700 4701
f 4653 4652 4702
f 4652 4701 4702
f 4654 4653 4703
f 4653 4702 4703
f 4655 4654 4704
f 4654 4703 4704
f 4656 4655 4705
f 4655 4704 4705
f 4658 4657 4707
f 4657 4706 4707
f 4659 4658 4708
f 4658 4707 4708
f 4660 4659 4709
f 4659 4708 4709
f 4661 4660 4710
f 4660 4709 4710
f 4662 4661 4711
f 4661 4710 4711
f 4663 4662 4712
f 4662 4711 4712
f 4664 4663 4713
f 4663 4712 4713
f 4665 4664 4714
f 4664 4713 4714
f 4666 4665 4715
f 4665 4714 4715
f 4667 4666 4716
f 4666 4715 4716
f 4668 4667 4717
f 4667 4716 4717
f 4669 4668 4718
f 4668 4717 4718
f 4670 4669 4719
f 4669 4718 4719
f 4671 4670 4720
f 4670 4719 4720
f 4672 4671 4721
f 4671 4720 4721
f 4673 4672 4722
f 4672 4721 4722
f 4674 4673 4723
f 4673 4722 4723
f 4675 4674 4724
f 4674 4723 4724
f 4676 4675 4725
f 4675 4724 4725
f 4677 4676 4726
f 4676 4725 4726
f 4678 4677 4727
f 4677 4726 4727
f 4679 4678 4728
f 4678 4727 4728
f 4680 4679 4729
f 4679 4728 4729
f 4681 4680 4730
f 4680 4729 4730
f 4682 4681 4731
f 4681 4730 4731
f 4683 4682 4732
f 4682 4731 4732
f 4684 4683 4733
f 4683 4732 4733
f 4685 4684 4734
f 4684 4733 4734
f 4686 4685 4735
f 4685 4734 4735
f 4687 4686 4736
f 4686 4735 4736
f 4688 4687 4737
f 4687 4736 4737
f 4689 4688 4738
f 4688 4737 4738
f 4690 4689 4739
f 4689 4738 4739
f 4691 4690 4740
f 4690 4739 4740
f 4692 4691 4741
f 4691 4740 4741
f 4693 4692 4742
f 4692 4741 4742
f 4694 4693 4743
f 4693 4742 4743
f 4695 4694 4744
f 4694 4743 4744
f 4696 4695 4745
f 4695 4744 4745
f 4697 4696 4746
f 4696 4745 4746
f 4698 4697 4747
f 4697 4746 4747
f 4699 4698 4748
f 4698 4747 4748
f 4700 4699 4749
f 4699 4748 4749
f 4701 4700 4750
f 4700 4749 4750
f 4702 4701 4751
f 4701 4750 4751
f 4703 4702 4752
f 4702 4751 4752
f 4704 4703 4753
f 4703 4752 4753
f 4705 4704 4754
f 4704 4753 4754
f 4707 4706 4756
f 4706 4755 4756
f 4708 4707 4757
f 4707 4756 4757
f 4709 4708 4758
f 4708 4757 4758
f 4710 4709 4759
f 4709 4758 4759
f 4711 4710 4760
f 4710 4759 4760
f 4712 4711 4761
f 4711 4760 4761
f 4713 4712 4762
f 4712 4761 4762
f 4714 4713 4763
f 4713 4762 4763
f 4715 4714 4764
f 4714 4763 4764
f 4716 4715 4765
f 4715 4764 4765
f 4717 4716 4766
f 4716 4765 4766
f 4718 4717 4767
f 4717 4766 4767
f 4719 4718 4768
f 4718 4767 4768
f 4720 4719 4769
f 4719 4768 4769
f 4721 4720 4770
f 4720 4769 4770
f 4722 4721 4771
f 4721 4770 4771
f 4723 4722 4772
f 4722 4771 4772
f 4724 4723 4773
f 4723 4772 4773
f 4725 4724 4774
f 4724 4773 4774
f 4726 4725 4775
f 4725 4774 4775
f 4727 4726 4776
f 4726 4775 4776
f 4728 4727 4777
f 4727 4776 4777
f 4729 4728 4778
f 4728 4777 4778
f 4730 4729 4779
f 4729 4778 4779
f 4731 4730 4780
f 4730 4779 4780
f 4732 4731 4781
f 4731 4780 4781
f 4733 4732 4782
f 4732 4781 4782
f 4734 4733 4783
f 4733 4782 4783
f 4735 4734 4784
f 4734 4783 4784
f 4736 4735 4785
f 4735 4784 4785
f 4737 4736 4786
f 4736 4785 4786
f 4738 4737 4787
f 4737 4786 4787
f 4739 4738 4788
f 4738 4787 4788
f 4740 4739 4789
f 4739 4788 4789
f 4741 4740 4790
f 4740 4789 4790
f 4742 4741 4791
f 4741 4790 4791
f 4743 4742 4792
f 4742 4791 4792
f 4744 4743 4793
f 4743 4792 4793
f 4745 4744 4794
f 4744 4793 4794
f 4746 4745 4795
f 4745 4794 4795
f 4747 4746 4796
f 4746 4795 4796
f 4748 4747 4797
f 4747 4796 4797
f 4749 4748 4798
f 4748 4797 4798
f 4750 4749 4799
f 4749 4798 4799
f 4751 4750 4800
f 4750 4799 4800
f 4752 4751 4801
f 4751 4800 4801
f 4753 4752 4802
f 4752 4801 4802
f 4754 4753 4803
f 4753 4802 4803
f 4756 4755 4805
f 4755 4804 4805
f 4757 4756 4806
f 4756 4805 4806
f 4758 4757 4807
f 4757 4806 4807
f 4759 4758 4808
f 4758 4807 4808
f 4760 4759 4809
f 4759 4808 4809
f 4761 4760 4810
f 4760 4809 4810
f 4762 4761 4811
f 4761 4810 4811
f 4763 4762 4812
f 4762 4811 4812
f 4764 4763 4813
f 4763 4812 4813
f 4765 4764 4814
f 4764 4813 4814
f 4766 4765 4815
f 4765 4814 4815
f 4767 4766 4816
f 4766 4815 4816
f 4768 4767 4817
f 4767 4816 4817
f 4769 4768 4818
f 4768 4817 4818
f 4770 4769 4819
f 4769 4818 4819
f 4771 4770 4820
f 4770 4819 4820
f 4772 4771 4821
f 4771 4820 4821
f 4773 4772 4822
f 4772 4821 4822
f 4774 4773 4823
f 4773 4822 4823
f 4775 4774 4824
f 4774 4823 4824
f 4776 4775 4825
f 4775 4824 4825
f 4777 4776 4826
f 4776 4825 4826
f 4778 4777 4827
f 4777 4826 4827
f 4779 4778 4828
f 4778 4827 4828
f 4780 4779 4829
f 4779 4828 4829
f 4781 4780 4830
f 4780 4829 4830
f 4782 4781 4831
f 4781 4830 4831
f 4783 4782 4832
f 4782 4831 4832
f 4784 4783 4833
f 4783 4832 4833
f 4785 4784 4834
f 4784 4833 4834
f 4786 4785 4835
f 4785 4834 4835
f 4787 4786 4836
f 4786 4835 4836
f 4788 4787 4837
f 4787 4836 4837
f 4789 4788 4838
f 4788 4837 4838
f 4790 4789 4839
f 4789 4838 4839
f 4791 4790 4840
f 4790 4839 4840
f 4792 4791 4841
f 4791 4840 4841
f 4793 4792 4842
f 4792 4841 4842
f 4794 4793 4843
f 4793 4842 4843
f 4795 4794 4844
f 4794 4843 4844
f 4796 4795 4845
f 4795 4844 4845
f 4797 4796 4846
f 4796 4845 4846
f 4798 4797 4847
f 4797 4846 4847
f 4799 4798 4848
f 4798 4847 4848
f 4800 4799 4849
f 4799 4848 4849
f 4801 4800 4850
f 4800 4849 4850
f 4802 4801 4851
f 4801 4850 4851
f 4803 4802 4852
f 4802 4851 4852
f 4805 4804 4854
f 4804 4853 4854
f 4806 4805 4855
f 4805 4854 4855
f 4807 4806 4856
f 4806 4855 4856
f 4808 4807 4857
f 4807 4856 4857
f 4809 4808 4858
f 4808 4857 4858
f 4810 4809 4859
f 4809 4858 4859
f 4811 4810 4860
f 4810 4859 4860
f 4812 4811 4861
f 4811 4860 4861
f 4813 4812 4862
f 4812 4861 4862
f 4814 4813 4863
f 4813 4862 4863
f 4815 4814 4864
f 4814 4863 4864
f 4816 4815 4865
f 4815 4864 4865
f 4817 4816 4866
f 4816 4865 4866
f 4818 4817 4867
f 4817 4866 4867
f 4819 4818 4868
f 4818 4867 4868
f 4820 4819 4869
f 4819 4868 4869
f 4821 4820 4870
f 4820 4869 4870
f 4822 4821 4871
f 4821 4870 4871
f 4823 4822 4872
f 4822 4871 4872
f 4824 4823 4873
f 4823 4872 4873
f 4825 4824 4874
f 4824 4873 4874
f 4826 4825 4875
f 4825 4874 4875
f 4827 4826 4876
f 4826 4875 4876
f 4828 4827 4877
f 4827 4876 4877
f 4829 4828 4878
f 4828 4877 4878
f 4830 4829 4879
f 4829 4878 4879
f 4831 4830 4880
f 4830 4879 4880
f 4832 4831 4881
f 4831 4880 4881
f 4833 4832 4882
f 4832 4881 4882
f 4834 4833 4883
f 4833 4882 4883
f 4835 4834 4884
f 4834 4883 4884
f 4836 4835 4885
f 4835 4884 4885
f 4837 4836 4886
f 4836 4885 4886
f 4838 4837 4887
f 4837 4886 4887
f 4839 4838 4888
f 4838 4887 4888
f 4840 4839 4889
f 4839 4888 4889
f 4841 4840 4890
f 4840 4889 4890
f 4842 4841 4891
f 4841 4890 4891
f 4843 4842 4892
f 4842 4891 4892
f 4844 4843 4893
f 4843 4892 4893
f 4845 4844 4894
f 4844 4893 4894
f 4846 4845 4895
f 4845 4894 4895
f 4847 4846 4896
f 4846 4895 4896
f 4848 4847 4897
f 4847 4896 4897
f 4849 4848 4898
f 4848 4897 4898
f 4850 4849 4899
f 4849 4898 4899
f 4851 4850 4900
f 4850 4899 4900
f 4852 4851 4901
f 4851 4900 4901
f 4854 4853 4903
f 4855 4854 4904
f 4856 4855 4905
f 4857 4856 4906
f 4858 4857 4907
f 4859 4858 4908
f 4860 4859 4909
f 4861 4860 4910
f 4862 4861 4911
f 4863 4862 4912
f 4864 4863 4913
f 4865 4864 4914
f 4866 4865 4915
f 4867 4866 4916
f 4868 4867 4917
f 4869 4868 4918
f 4870 4869 4919
f 4871 4870 4920
f 4872 4871 4921
f 4873 4872 4922
f 4874 4873 4923
f 4875 4874 4924
f 4876 4875 4925
f 4877 4876 4926
f 4878 4877 4927
f 4879 4878 4928
f 4880 4879 4929
f 4881 4880 4930
f 4882 4881 4931
f 4883 4882 4932
f 4884 4883 4933
f 4885 4884 4934
f 4886 4885 4935
f 4887 4886 4936
f 4888 4887 4937
f 4889 4888 4938
f 4890 4889 4939
f 4891 4890 4940
f 4892 4891 4941
f 4893 4892 4942
f 4894 4893 4943
f 4895 4894 4944
f 4896 4895 4945
f 4897 4896 4946
f 4898 4897 4947
f 4899 4898 4948
f 4900 4899 4949
f 4901 4900 4950
