time,ego_speed,acceleration_cmd,mode,distance_error,distance,ttc
0.0,0.30000000000000004,3.0,cruise,,,
0.1,0.6000000000000001,3.0,cruise,,,
0.2,0.9000000000000001,3.0,cruise,,,
0.3,1.2000000000000002,3.0,cruise,,,
0.4,1.5000000000000002,3.0,cruise,,,
0.5,1.8000000000000003,3.0,cruise,,,
0.6,2.1000000000000005,3.0,cruise,,,
0.7,2.4000000000000004,3.0,cruise,,,
0.8,2.7,3.0,cruise,,,
0.9,3.0,3.0,cruise,,,
1.0,3.3,3.0,cruise,,,
1.1,3.5999999999999996,3.0,cruise,,,
1.2,3.8999999999999995,3.0,cruise,,,
1.3,4.199999999999999,3.0,cruise,,,
1.4,4.499999999999999,3.0,cruise,,,
1.5,4.799999999999999,3.0,cruise,,,
1.6,5.099999999999999,3.0,cruise,,,
1.7,5.399999999999999,3.0,cruise,,,
1.8,5.699999999999998,3.0,cruise,,,
1.9,5.999999999999998,3.0,cruise,,,
2.0,6.299999999999998,3.0,cruise,,,
2.1,6.599999999999998,3.0,cruise,,,
2.2,6.899999999999998,3.0,cruise,,,
2.3,7.1999999999999975,3.0,cruise,,,
2.4,7.499999999999997,3.0,cruise,,,
2.5,7.799999999999997,3.0,cruise,,,
2.6,8.099999999999998,3.0,cruise,,,
2.7,8.399999999999999,3.0,cruise,,,
2.8,8.7,3.0,cruise,,,
2.9,9.0,3.0,cruise,,,
3.0,9.3,3.0,cruise,,,
3.1,9.600000000000001,3.0,cruise,,,
3.2,9.900000000000002,3.0,cruise,,,
3.3,10.200000000000003,3.0,cruise,,,
3.4,10.500000000000004,3.0,cruise,,,
3.5,10.800000000000004,3.0,cruise,,,
3.6,11.100000000000005,3.0,cruise,,,
3.7,11.400000000000006,3.0,cruise,,,
3.8,11.700000000000006,3.0,cruise,,,
3.9,12.000000000000007,3.0,cruise,,,
4.0,12.300000000000008,3.0,cruise,,,
4.1,12.600000000000009,3.0,cruise,,,
4.2,12.90000000000001,3.0,cruise,,,
4.3,13.20000000000001,3.0,cruise,,,
4.4,13.50000000000001,3.0,cruise,,,
4.5,13.800000000000011,3.0,cruise,,,
4.6,14.100000000000012,3.0,cruise,,,
4.7,14.400000000000013,3.0,cruise,,,
4.8,14.700000000000014,3.0,cruise,,,
4.9,15.000000000000014,3.0,cruise,,,
5.0,15.300000000000015,3.0,cruise,,,
5.1,15.600000000000016,3.0,cruise,,,
5.2,15.900000000000016,3.0,cruise,,,
5.3,16.200000000000017,3.0,cruise,,,
5.4,16.500000000000018,3.0,cruise,,,
5.5,16.80000000000002,3.0,cruise,,,
5.6,17.10000000000002,3.0,cruise,,,
5.7,17.40000000000002,3.0,cruise,,,
5.8,17.70000000000002,3.0,cruise,,,
5.9,18.00000000000002,3.0,cruise,,,
6.0,18.300000000000022,3.0,cruise,,,
6.1,18.600000000000023,3.0,cruise,,,
6.2,18.900000000000023,3.0,cruise,,,
6.3,19.200000000000024,3.0,cruise,,,
6.4,19.500000000000025,3.0,cruise,,,
6.5,19.800000000000026,3.0,cruise,,,
6.6,20.100000000000026,3.0,cruise,,,
6.7,20.400000000000027,3.0,cruise,,,
6.8,20.700000000000028,3.0,cruise,,,
6.9,21.00000000000003,3.0,cruise,,,
7.0,21.30000000000003,3.0,cruise,,,
7.1,21.60000000000003,3.0,cruise,,,
7.2,21.90000000000003,3.0,cruise,,,
7.3,22.20000000000003,3.0,cruise,,,
7.4,22.500000000000032,3.0,cruise,,,
7.5,22.800000000000033,3.0,cruise,,,
7.6,23.100000000000033,3.0,cruise,,,
7.7,23.400000000000034,3.0,cruise,,,
7.8,23.700000000000035,3.0,cruise,,,
7.9,24.000000000000036,3.0,cruise,,,
8.0,24.300000000000036,3.0,cruise,,,
8.1,24.600000000000037,3.0,cruise,,,
8.2,24.900000000000038,3.0,cruise,,,
8.3,25.20000000000004,3.0,cruise,,,
8.4,25.50000000000004,3.0,cruise,,,
8.5,25.80000000000004,3.0,cruise,,,
8.6,26.10000000000004,3.0,cruise,,,
8.7,26.40000000000004,3.0,cruise,,,
8.8,26.700000000000042,3.0,cruise,,,
8.9,27.000000000000043,3.0,cruise,,,
9.0,27.300000000000043,3.0,cruise,,,
9.1,27.600000000000044,3.0,cruise,,,
9.2,27.900000000000045,3.0,cruise,,,
9.3,28.200000000000045,3.0,cruise,,,
9.4,28.500000000000046,3.0,cruise,,,
9.5,28.800000000000047,3.0,cruise,,,
9.6,29.100000000000048,3.0,cruise,,,
9.7,29.40000000000005,3.0,cruise,,,
9.8,29.70000000000005,3.0,cruise,,,
9.9,30.00000000000005,3.0,cruise,,,
10.0,30.30000000000005,3.0,cruise,,,
10.1,30.60000000000005,3.0,cruise,,,
10.2,30.900000000000052,3.0,cruise,,,
10.3,31.200000000000053,3.0,cruise,,,
10.4,31.500000000000053,3.0,cruise,,,
10.5,31.800000000000054,3.0,cruise,,,
10.6,32.098350000000046,2.983499999999921,cruise,,,
10.7,32.36116882500004,2.628188249999999,cruise,,,
10.8,32.61969374658754,2.5852492158749687,cruise,,,
10.9,32.84932095344124,2.2962720685370606,cruise,,,
11.0,33.073086406782814,2.2376545334157054,cruise,,,
11.1,33.27315286532971,2.000664585468992,cruise,,,
11.2,33.466533968254055,1.933811029243433,cruise,,,
11.3,33.640324356341395,1.737903880873417,cruise,,,
11.4,33.80711230754969,1.6678795120829113,cruise,,,
11.5,33.957584097962446,1.5047179041275998,cruise,,,
11.6,34.10107341011312,1.4348931215067422,cruise,,,
11.7,34.230879450710326,1.2980604059720129,cruise,,,
11.8,34.353939943953286,1.2306049324296193,cruise,,,
11.9,34.46545264591851,1.1151270196522391,cruise,,,
12.0,34.57058933034713,1.0513668442862567,cruise,,,
12.1,34.66592513200843,0.9533580166129978,cruise,,,
12.2,34.75532838111823,0.8940324910979758,cruise,,,
12.3,34.836371618185495,0.8104323706726175,cruise,,,
12.4,34.91195949062962,0.7558787244412742,cruise,,,
12.5,34.98038513033365,0.6842563970402846,cruise,,,
12.6,35.0438392869001,0.6345415656645228,cruise,,,
12.7,35.101134211545194,0.5729492464509285,cruise,,,
12.8,35.15393056366419,0.527963521189962,cruise,,,
12.9,35.201413246267954,0.47482682603761267,cruise,,,
13.0,35.24484823594832,0.43434989680361014,cruise,,,
13.1,35.28368675708778,0.38838521139463555,cruise,,,
13.2,35.31889998714468,0.3521323005690693,cruise,,,
13.3,35.350128412467235,0.31228425322551523,cruise,,,
13.4,35.37812220633233,0.2799379386509253,cruise,,,
13.5,35.40265538899641,0.24533182664082798,cruise,,,
13.6,35.42431175100712,0.21656362010706154,cruise,,,
13.7,35.44295865022373,0.18646899216613289,cruise,,,
13.8,35.45905401244452,0.16095362220785425,cruise,,,
13.9,35.47252963378924,0.13475621344727884,cruise,,,
14.0,35.48374770845656,0.11218074667317345,cruise,,,
14.1,35.4926837776515,0.08936069194935303,cruise,,,
14.2,35.49962678103212,0.06943003380621704,cruise,,,
14.3,35.50458126326801,0.0495448223588566,cruise,,,
14.4,35.50777973391974,0.03198470651730556,cruise,,,
14.5,35.50924530749363,0.014655735738878128,cruise,,,
14.6,35.509166707247175,-0.0007860024645083286,cruise,,,
14.7,35.50757829473295,-0.015884125142262562,cruise,,,
14.8,35.50463455238728,-0.02943742345669964,cruise,,,
14.9,35.500376005712056,-0.04258546675224917,cruise,,,
15.0,35.494930140098646,-0.054458656134117156,cruise,,,
15.1,35.48834016843934,-0.06589971659303107,cruise,,,
15.2,35.48071210813165,-0.07628060307692763,cruise,,,
15.3,35.472089529925526,-0.08622578206120846,cruise,,,
15.4,35.46256123065792,-0.09528299267607476,cruise,,,
15.5,35.452169623536285,-0.10391607121635094,cruise,,,
15.6,35.4409895707407,-0.11180052795586716,cruise,,,
15.7,35.42906138603438,-0.11928184706322842,cruise,,,
15.8,35.41644855832838,-0.12612827705995322,cruise,,,
15.9,35.40318876006768,-0.13259798260702205,cruise,,,
16.0,35.389336119662,-0.13852640405681882,cruise,,,
16.1,35.374925401761146,-0.14410717900851022,cruise,,,
16.2,35.36000296930365,-0.1492243245749263,cruise,,,
16.3,35.34460059890172,-0.154023704019294,cruise,,,
16.4,35.32875816300412,-0.1584243589760188,cruise,,,
16.5,35.31250449272927,-0.16253670274852272,cruise,,,
16.6,35.29587399814283,-0.16630494586438083,cruise,,,
16.7,35.278892685356965,-0.16981312785867342,cruise,,,
16.8,35.261590338322264,-0.17302347034698595,cruise,,,
16.9,35.24399030516164,-0.17600033160628126,cruise,,,
17.0,35.226118429728444,-0.17871875433193374,cruise,,,
17.1,35.20799559395042,-0.18122835778020097,cruise,,,
17.2,35.189644268944654,-0.18351325005769503,cruise,,,
17.3,35.1710830721873,-0.1856119675735428,cruise,,,
17.4,35.15233157490601,-0.1875149728129637,cruise,,,
17.5,35.13340633193017,-0.18925242975842327,cruise,,,
17.6,35.1143244115011,-0.19081920429069488,cruise,,,
17.7,35.09510050128035,-0.19223910220750895,cruise,,,
17.8,35.0757495018688,-0.1935099941155185,cruise,,,
17.9,35.056284418988334,-0.1946508288046198,cruise,,,
18.0,35.03671827061917,-0.1956614836916808,cruise,,,
18.1,35.01706255330995,-0.1965571730921818,cruise,,,
18.2,34.997328645953225,-0.19733907356722558,cruise,,,
18.3,34.977526695194335,-0.19801950758889753,cruise,,,
18.4,34.957666649900645,-0.19860045293687278,cruise,,,
18.5,34.93775745234509,-0.19909197555554314,cruise,,,
18.6,34.91780780157952,-0.19949650765567384,cruise,,,
18.7,34.897825567573044,-0.19982234006479338,cruise,,,
18.8,34.877818355456284,-0.20007212116761508,cruise,,,
18.9,34.85779308210403,-0.20025273352252704,cruise,,,
19.0,34.83775639400139,-0.2003668810263921,cruise,,,
19.1,34.817714362074376,-0.20042031927011283,cruise,,,
19.2,34.79767279185707,-0.2004157021731121,cruise,,,
19.3,34.77763700430214,-0.20035787554925477,cruise,,,
19.4,34.757612066621746,-0.2002493768039315,cruise,,,
19.5,34.73760263553007,-0.20009431091678564,cruise,,,
19.6,34.71761312958065,-0.19989505949415687,cruise,,,
19.7,34.69764761766656,-0.19965511914085,cruise,,,
19.8,34.67770994814507,-0.1993766952149265,cruise,,,
19.9,34.65780367007801,-0.199062780670646,cruise,,,
20.0,34.63793213038041,-0.1987153969759854,cruise,,,
20.1,34.61809841868576,-0.19833711694648673,cruise,,,
20.2,34.598305440782774,-0.19792977902989417,cruise,,,
20.3,34.57855588047442,-0.19749560308353598,cruise,,,
20.4,34.55885225538712,-0.19703625087294085,cruise,,,
20.5,34.539196891005766,-0.19655364381359952,cruise,,,
20.6,34.51959196333991,-0.19604927665850624,cruise,,,
20.7,34.50003948163989,-0.1955248170002184,cruise,,,
20.8,34.48054132123039,-0.19498160409501253,cruise,,,
20.9,34.46109921237699,-0.194421088533983,cruise,,,
21.0,34.441714765734936,-0.19384446642059583,cruise,,,
21.1,34.42238946553798,-0.1932530019695209,cruise,,,
21.2,34.40312468947581,-0.19264776062169364,cruise,,,
21.3,34.383921704888536,-0.19202984587271565,cruise,,,
21.4,34.36478168441938,-0.191400204691619,cruise,,,
21.5,34.34570570426981,-0.19075980149564398,cruise,,,
21.6,34.32669475663039,-0.1901094763942588,cruise,,,
21.7,34.30774974932126,-0.1894500730912494,cruise,,,
21.8,34.28887151575034,-0.18878233570926017,cruise,,,
21.9,34.27006081545948,-0.18810700290853877,cruise,,,
22.0,34.25131834217174,-0.18742473287734374,cruise,,,
22.1,34.23264472490496,-0.1867361726678709,cruise,,,
22.2,34.21404053453097,-0.1860419037398735,cruise,,,
22.3,34.19550628522036,-0.18534249310614825,cruise,,,
22.4,34.17704243983371,-0.1846384538664978,cruise,,,
22.5,34.15864941153437,-0.18393028299339775,cruise,,,
22.6,34.14032756825534,-0.1832184327903006,cruise,,,
22.7,34.122077234369414,-0.18250333885922032,cruise,,,
22.8,34.10389869441813,-0.18178539951283312,cruise,,,
22.9,34.08579219476608,-0.1810649965204787,cruise,,,
23.0,34.067757946735505,-0.18034248030574673,cruise,,,
23.1,34.049796128198054,-0.17961818537453578,cruise,,,
23.2,34.031906886226494,-0.17889241971557013,cruise,,,
23.3,34.0140903385957,-0.17816547630796187,cruise,,,
23.4,33.99634657603869,-0.17743762557011244,cruise,,,
23.5,33.978675663641475,-0.17670912397215854,cruise,,,
23.6,33.96107764277227,-0.17598020869207698,cruise,,,
23.7,33.943552532363576,-0.17525110408694022,cruise,,,
23.8,33.92610033056933,-0.1745220179424658,cruise,,,
23.9,33.90872101593355,-0.17379314635774623,cruise,,,
24.0,33.89141454881933,-0.17306467114227697,cruise,,,
24.1,33.87418087246716,-0.17233676352171212,cruise,,,
24.2,33.85701991423137,-0.17160958235787938,cruise,,,
24.3,33.83993158653365,-0.1708832769771771,cruise,,,
24.4,33.82291578793594,-0.17015798597709075,cruise,,,
24.5,33.80597240399598,-0.1694338393995931,cruise,,,
24.6,33.789101308200614,-0.16871095795362923,cruise,,,
24.7,33.77230236273092,-0.1679894546969436,cruise,,,
24.8,33.75557541927569,-0.16726943455233378,cruise,,,
24.9,33.73892031971387,-0.16655099561813547,cruise,,,
25.0,33.722336896824885,-0.16583422888985044,cruise,,,
25.1,33.7058249748959,-0.16511921928984652,cruise,,,
25.2,33.68938437034294,-0.16440604552951843,cruise,,,
25.3,33.67301489225035,-0.1636947809259528,cruise,,,
25.4,33.65671634291445,-0.1629854933589927,cruise,,,
25.5,33.64048851832205,-0.1622782459240204,cruise,,,
25.6,33.62433120862678,-0.16157309695276556,cruise,,,
25.7,33.60824419857292,-0.16087010053857131,cruise,,,
25.8,33.59222726791311,-0.16016930659812267,cruise,,,
25.9,33.576280191783276,-0.15947076129831483,cruise,,,
26.0,33.560402741069154,-0.1587745071412341,cruise,,,
26.1,33.544594682737625,-0.1580805833153307,cruise,,,
26.2,33.52885578015843,-0.15738902579191905,cruise,,,
26.3,33.513185793396794,-0.15669986761636068,cruise,,,
26.4,33.497584479495806,-0.15601313900984115,cruise,,,
26.5,33.48205159273467,-0.15532886761133202,cruise,,,
26.6,33.46658688487663,-0.15464707858045212,cruise,,,
26.7,33.451190105396634,-0.15396779479991896,cruise,,,
26.8,33.4358610016991,-0.1532910369753222,cruise,,,
26.9,33.420599319318455,-0.1526168238064658,cruise,,,
27.0,33.40540480211032,-0.1519451720813607,cruise,,,
27.1,33.390277192428094,-0.15127609682222776,cruise,,,
27.2,33.37521623129079,-0.15060961137299955,cruise,,,
27.3,33.360221658538386,-0.14994572752407542,cruise,,,
27.4,33.34529321297908,-0.14928445559303372,cruise,,,
27.5,33.330430632525925,-0.14862580453156804,cruise,,,
27.6,33.315633654325964,-0.14796978199962307,cruise,,,
27.7,33.30090201488028,-0.1473163944568534,cruise,,,
27.8,33.286235450157214,-0.14666564723063713,cruise,,,
27.9,33.271633695697744,-0.14601754459470762,cruise,,,
28.0,33.25709648671469,-0.14537208983059235,cruise,,,
28.1,33.24262355818511,-0.14472928529579665,cruise,,,
28.2,33.228214644937204,-0.14408913247906163,cruise,,,
28.3,33.21386948173124,-0.14345163205964395,cruise,,,
28.4,33.199587803335575,-0.1428167839566501,cruise,,,
28.5,33.185369344597476,-0.14218458738097128,cruise,,,
28.6,33.1712138405096,-0.14155504087873716,cruise,,,
28.7,33.15712102627184,-0.14092814237763918,cruise,,,
28.8,33.14309063734938,-0.1403038892245707,cruise,,,
28.9,33.1291224095267,-0.1396822782268199,cruise,,,
29.0,33.115216078958156,-0.13906330568545222,cruise,,,
29.1,33.10137138221505,-0.1384469674310651,cruise,,,
29.2,33.08758805632966,-0.13783325885392417,cruise,,,
29.3,33.07386583883618,-0.13722217493482125,cruise,,,
29.4,33.060204467808965,-0.13661371027211366,cruise,,,
29.5,33.0466036818981,-0.13600785910865643,cruise,,,
29.6,33.033063220362514,-0.13540461535586035,cruise,,,
29.7,33.01958282310079,-0.13480397261723986,cruise,,,
29.8,33.006162230679834,-0.13420592420955924,cruise,,,
29.9,32.99280118436144,-0.13361046318394454,cruise,,,
30.0,33.29280118436144,3.0,follow,7.3892017765421585,52.1,6.57595701162343
30.1,33.592801184361434,3.0,follow,9.069201776542158,50.87,5.851968648669474
30.2,33.89280118436143,3.0,follow,11.28920177654215,49.1,5.843289508191706
30.3,34.19280118436143,3.0,follow,13.249201776542144,47.59,5.909744809349071
30.4,34.492801184361426,3.0,follow,12.219201776542143,49.07,5.072987551872181
30.5,34.79280118436142,3.0,follow,13.579201776542142,48.16,4.829134674370206
30.6,35.09280118436142,3.0,follow,13.769201776542133,48.42,5.43263548669286
30.7,35.39280118436142,3.0,follow,15.039201776542129,47.6,4.850806523611192
30.8,35.692801184361414,3.0,follow,15.349201776542124,47.74,4.32317844023203
30.9,35.99280118436141,3.0,follow,18.419201776542124,45.12,4.263521464116273
31.0,36.29280118436141,3.0,follow,16.739201776542117,47.25,4.058301713806306
31.1,36.592801184361406,3.0,follow,19.11920177654212,45.32,3.794754622503858
31.2,36.8928011843614,3.0,follow,17.44920177654211,47.44,4.050269380764401
31.3,37.1928011843614,3.0,follow,21.979201776542098,43.36,3.182898980407648
31.4,37.4928011843614,3.0,follow,19.589201776542097,46.2,3.3520036589093847
31.5,37.792801184361394,3.0,follow,22.4292017765421,43.81,3.3157238490694385
31.6,38.09280118436139,3.0,follow,24.329201776542092,42.36,3.057865296429776
31.7,38.39280118436139,3.0,follow,24.89920177654208,42.24,3.2114831972236555
31.8,37.59280118436139,-8.0,emergency,-25.469201776542086,42.12,3.17340698583112
31.9,37.89280118436139,3.0,follow,23.63920177654208,42.75,3.0639008923824673
32.0,38.192801184361386,3.0,follow,24.27920177654208,42.56,3.51944924514589
32.1,38.49280118436138,3.0,follow,26.409201776542083,40.88,2.9920657885874653
32.2,38.79280118436138,3.0,follow,26.459201776542074,41.28,3.0037544345016487
32.3,37.99280118436138,-8.0,emergency,-24.51920177654206,43.67,3.105355713096724
32.4,38.29280118436138,3.0,follow,24.119201776542077,42.87,3.1285573966384566
32.5,38.59280118436138,3.0,follow,26.409201776542062,41.03,3.036380054750217
32.6,37.79280118436138,-8.0,emergency,-27.58920177654207,40.3,2.9517752039165184
32.7,38.09280118436138,3.0,follow,26.539201776542065,40.15,3.1335848751797504
32.8,37.29280118436138,-8.0,emergency,-26.629201776542068,40.51,3.1790498347973877
32.9,37.59280118436138,3.0,follow,27.589201776542062,38.35,2.993100372681032
33.0,36.79280118436138,-8.0,emergency,-27.33920177654207,39.05,3.1896295146801372
33.1,37.09280118436138,3.0,follow,27.999201776542066,37.19,3.4747912587912917
33.2,37.392801184361375,3.0,follow,26.209201776542066,39.43,3.179120540101624
33.3,36.59280118436138,-8.0,emergency,-26.559201776542068,39.53,3.192330992919733
33.4,36.892801184361375,3.0,follow,26.83920177654207,38.05,3.3753810945221248
33.5,37.19280118436137,3.0,follow,25.069201776542066,40.27,3.0710448083378954
33.6,37.49280118436137,3.0,follow,28.899201776542057,36.89,2.9912101434650897
33.7,36.69280118436137,-8.0,emergency,-29.75920177654205,36.48,2.771446555262236
33.8,36.99280118436137,3.0,follow,26.74920177654206,38.29,2.9470165406738698
33.9,37.292801184361366,3.0,follow,26.389201776542045,39.1,3.2200148389447922
34.0,37.59280118436136,3.0,follow,26.229201776542048,39.71,3.297405594602602
34.1,36.792801184361366,-8.0,emergency,-29.209201776542052,37.18,3.187913384809698
34.2,37.09280118436136,3.0,follow,26.35920177654205,38.83,3.1872801182904236
34.3,37.39280118436136,3.0,follow,28.14920177654205,37.49,2.9700222203013946
34.4,36.59280118436136,-8.0,emergency,-28.819201776542037,37.27,2.9339985298584175
34.5,36.89280118436136,3.0,follow,26.49920177654205,38.39,3.087799718722197
34.6,37.19280118436136,3.0,follow,27.259201776542042,38.08,3.0360044331627436
34.7,37.492801184361355,3.0,follow,30.239201776542032,35.55,3.0377342518222084
34.8,37.79280118436135,3.0,follow,27.309201776542032,38.93,3.106248908550272
34.9,36.992801184361355,-8.0,emergency,-27.889201776542038,38.8,2.9144880527156554
35.0,37.29280118436135,3.0,follow,28.939201776542035,36.55,3.032490077694473
35.1,36.492801184361355,-8.0,emergency,-28.249201776542037,37.69,3.1987300311935845
35.2,36.79280118436135,3.0,follow,26.939201776542035,37.8,3.072471011565178
35.3,37.09280118436135,3.0,follow,27.649201776542036,37.54,3.22708171531954
35.4,37.392801184361346,3.0,follow,28.999201776542023,36.64,3.1524242236286093
35.5,37.69280118436134,3.0,follow,29.589201776542012,36.5,3.043492461760821
35.6,36.892801184361346,-8.0,emergency,-29.319201776542016,37.22,2.9721784648694154
35.7,37.19280118436134,3.0,follow,26.77920177654201,38.56,3.1039698235323865
35.8,37.49280118436134,3.0,follow,27.929201776542016,37.86,3.092429537152123
35.9,37.79280118436134,3.0,follow,29.399201776542014,36.84,3.054017009561655
36.0,36.99280118436134,-8.0,emergency,-28.579201776542007,38.11,3.0851302009334773
36.1,36.19280118436134,-8.0,emergency,-31.419201776542018,34.07,3.0063176301914454
36.2,36.49280118436134,3.0,follow,25.759201776542014,38.53,3.1267241452290717
36.3,35.69280118436134,-8.0,emergency,-29.429201776542016,35.31,3.0458557374065123
36.4,35.99280118436134,3.0,follow,26.69920177654201,36.84,3.548175424517298
36.5,36.29280118436134,3.0,follow,27.98920177654201,36.0,3.504399564824064
36.6,36.592801184361335,3.0,follow,28.63920177654201,35.8,3.074861404323104
36.7,36.89280118436133,3.0,follow,26.339201776541998,38.55,3.4596327586014946
36.8,37.19280118436133,3.0,follow,28.609201776542,36.73,3.0806518897737973
36.9,36.39280118436133,-8.0,emergency,-28.149201776542,37.64,3.1702712287963535
37.0,36.69280118436133,3.0,follow,27.389201776541995,37.2,3.256644267863962
37.1,36.992801184361326,3.0,follow,27.259201776542,37.78,3.4843394578229883
37.2,37.29280118436132,3.0,follow,28.149201776541986,37.34,3.0301551929108146
37.3,37.59280118436132,3.0,follow,30.119201776541978,35.82,3.135833270830302
37.4,36.79280118436132,-8.0,emergency,-28.02920177654198,38.36,2.789249948848252
37.5,37.09280118436132,3.0,follow,28.489201776541975,36.7,3.1988700414355744
37.6,36.29280118436132,-8.0,emergency,-30.129201776541983,35.51,3.164094187953917
37.7,36.59280118436132,3.0,follow,27.669201776541975,36.77,3.112724867381914
37.8,36.89280118436132,3.0,follow,25.95920177654198,38.93,3.2927898721239512
37.9,36.09280118436132,-8.0,emergency,-27.13920177654198,38.2,3.0358899771441448
38.0,36.39280118436132,3.0,follow,27.27920177654198,36.86,3.1905681930972967
38.1,36.692801184361315,3.0,follow,27.729201776541984,36.86,3.2268792396092953
38.2,36.99280118436131,3.0,follow,28.14920177654197,36.89,3.3897522682865215
38.3,37.29280118436131,3.0,follow,25.91920177654196,39.57,3.1199732160740874
38.4,36.49280118436131,-8.0,emergency,-28.259201776541964,37.68,3.113328842308703
38.5,36.79280118436131,3.0,follow,27.009201776541964,37.73,3.099533084338274
38.6,37.092801184361306,3.0,follow,26.789201776541965,38.4,3.3675935745213876
38.7,37.3928011843613,3.0,follow,28.119201776541964,37.52,3.089896592255991
38.8,36.592801184361306,-8.0,emergency,-29.129201776541954,36.96,3.0818488051145296
38.9,36.8928011843613,3.0,follow,27.859201776541966,37.03,3.2164196538285235
39.0,37.1928011843613,3.0,follow,28.169201776541954,37.17,3.0661230382916926
39.1,37.4928011843613,3.0,follow,28.579201776541943,37.21,3.163362146209772
39.2,36.6928011843613,-8.0,emergency,-28.179201776541944,38.06,3.113852497960664
39.3,36.9928011843613,3.0,follow,27.72920177654194,37.31,3.047505177790441
39.4,37.292801184361295,3.0,follow,27.419201776541946,38.07,3.025558414394707
39.5,36.4928011843613,-8.0,emergency,-28.779201776541953,37.16,2.95089229600068
39.6,36.792801184361295,3.0,follow,27.399201776541943,37.34,3.226530846348485
39.7,37.09280118436129,3.0,follow,30.169201776541946,35.02,2.944638479793166
39.8,37.39280118436129,3.0,follow,27.369201776541935,38.27,3.0880831081429467
39.9,36.59280118436129,-8.0,emergency,-28.449201776541926,37.64,3.1972000045324878
40.0,36.89280118436129,3.0,follow,26.51920177654194,38.37,2.9622935961007766
40.1,36.09280118436129,-8.0,emergency,-31.32920177654193,34.01,2.979987073340342
40.2,36.39280118436129,3.0,follow,24.55920177654194,39.58,3.396608195213917
40.3,36.69280118436129,3.0,follow,27.499201776541923,37.09,3.017213037430828
40.4,36.992801184361284,3.0,follow,26.549201776541928,38.49,3.1776299647099013
40.5,37.29280118436128,3.0,follow,29.39920177654193,36.09,3.0093052861629763
40.6,37.59280118436128,3.0,follow,28.00920177654192,37.93,3.3918156439232474
40.7,36.79280118436128,-8.0,emergency,-30.31920177654191,36.07,3.092738993816209
40.8,37.09280118436128,3.0,follow,28.639201776541924,36.55,3.0707057468137764
40.9,37.392801184361275,3.0,follow,26.24920177654191,39.39,3.1631437310239514
41.0,36.59280118436128,-8.0,emergency,-29.049201776541913,37.04,2.8420597748737375
41.1,36.892801184361275,3.0,follow,27.399201776541908,37.49,3.1470348090099596
41.2,37.19280118436127,3.0,follow,27.119201776541914,38.22,3.1475439167383867
41.3,37.49280118436127,3.0,follow,27.98920177654192,37.8,3.551696526619705
41.4,36.69280118436127,-8.0,emergency,-28.819201776541902,37.42,3.1623957351244814
41.5,36.99280118436127,3.0,follow,27.37920177654192,37.66,3.2016183398618727
41.6,37.29280118436127,3.0,follow,25.549201776541906,39.94,3.241146181169215
41.7,36.49280118436127,-8.0,emergency,-28.749201776541895,37.19,3.0057865996429887
41.8,36.79280118436127,3.0,follow,27.269201776541905,37.47,3.4273009604893065
41.9,37.092801184361264,3.0,follow,26.76920177654189,38.42,3.3313675824134017
42.0,37.39280118436126,3.0,follow,27.149201776541894,38.49,3.2610902614372037
42.1,36.592801184361264,-8.0,emergency,-27.5092017765419,38.58,3.143536623828058
42.2,36.89280118436126,3.0,follow,26.929201776541895,37.96,3.500940334011685
42.3,36.092801184361264,-8.0,emergency,-29.3692017765419,35.97,2.9622489451878558
42.4,36.39280118436126,3.0,follow,25.059201776541897,39.08,3.568037011006792
42.5,36.69280118436126,3.0,follow,28.6192017765419,35.97,3.5781071703633307
42.6,36.992801184361255,3.0,follow,27.449201776541884,37.59,2.952217619338075
42.7,36.19280118436126,-8.0,emergency,-29.07920177654188,36.41,3.1353331054209947
42.8,36.492801184361255,3.0,follow,27.109201776541887,37.18,3.2548933838490024
42.9,36.79280118436125,3.0,follow,27.11920177654188,37.62,3.0904965447338033
43.0,35.992801184361255,-8.0,emergency,-27.57920177654188,37.61,3.094759753693507
43.1,36.29280118436125,3.0,follow,26.269201776541884,37.72,3.3550357585677633
43.2,36.59280118436125,3.0,follow,25.38920177654188,39.05,3.151022873608112
43.3,36.89280118436125,3.0,follow,27.129201776541883,37.76,3.2741395083792355
43.4,36.09280118436125,-8.0,emergency,-28.359201776541873,36.98,3.1384727130151178
43.5,36.39280118436125,3.0,follow,25.809201776541883,38.33,3.7457973930520216
43.6,36.692801184361244,3.0,follow,26.00920177654187,38.58,3.1409773243843575
43.7,36.99280118436124,3.0,follow,29.159201776541856,35.88,2.9330976167478315
43.8,37.29280118436124,3.0,follow,27.56920177654186,37.92,3.2457969113400855
43.9,36.49280118436124,-8.0,emergency,-27.909201776541863,38.03,3.063772587279783
44.0,36.79280118436124,3.0,follow,27.81920177654186,36.92,3.176514801756806
44.1,37.092801184361235,3.0,follow,26.399201776541865,38.79,3.4905690614341403
44.2,36.29280118436124,-8.0,emergency,-28.559201776541855,37.08,2.9657353942715194
44.3,36.592801184361235,3.0,follow,27.049201776541864,37.39,3.2647034902741465
44.4,36.89280118436123,3.0,follow,27.82920177654185,37.06,3.1667631891007666
44.5,37.19280118436123,3.0,follow,28.06920177654184,37.27,3.2121553586761586
44.6,36.39280118436123,-8.0,emergency,-29.76920177654184,36.02,2.923036691179656
44.7,35.592801184361235,-8.0,emergency,-28.94920177654184,35.64,3.076975891472618
44.8,35.89280118436123,3.0,follow,24.359201776541852,39.03,3.716151464250893
44.9,36.19280118436123,3.0,follow,27.53920177654185,36.3,3.3081798703995347
45.0,36.49280118436123,3.0,follow,28.149201776541844,36.14,3.197437467979531
45.1,36.792801184361224,3.0,follow,29.899201776541844,34.84,3.020948635379577
45.2,35.99280118436123,-8.0,emergency,-28.649201776541837,36.54,3.176617539880494
45.3,36.292801184361224,3.0,follow,28.219201776541837,35.77,3.2159165130356735
45.4,36.59280118436122,3.0,follow,25.359201776541838,39.08,3.436268634831939
45.5,36.89280118436122,3.0,follow,26.509201776541822,38.38,3.086995394752781
45.6,37.192801184361215,3.0,follow,28.85920177654183,36.48,3.3800307609538445
45.7,37.49280118436121,3.0,follow,26.019201776541827,39.77,3.2778910159067176
45.8,36.692801184361215,-8.0,emergency,-27.889201776541817,38.35,3.047811011085835
45.9,36.99280118436121,3.0,follow,28.14920177654183,36.89,3.2070449109521504
46.0,36.192801184361215,-8.0,emergency,-31.029201776541818,34.46,2.8902603899157655
46.1,36.49280118436121,3.0,follow,24.479201776541828,39.81,3.651355218427973
46.2,36.79280118436121,3.0,follow,29.039201776541816,35.7,3.2683923654230482
46.3,35.99280118436121,-8.0,emergency,-29.77920177654181,35.41,3.0492212376533336
46.4,36.29280118436121,3.0,follow,25.59920177654182,38.39,3.631015029090368
46.5,36.59280118436121,3.0,follow,24.45920177654181,39.98,3.5434462902187107
46.6,36.892801184361204,3.0,follow,26.089201776541813,38.8,3.4419129163590125
46.7,37.1928011843612,3.0,follow,27.45920177654181,37.88,3.516262794767821
46.8,37.4928011843612,3.0,follow,27.879201776541805,37.91,2.9914459675089535
46.9,36.6928011843612,-8.0,emergency,-28.039201776541788,38.2,3.115112071515651
47.0,36.9928011843612,3.0,follow,26.9392017765418,38.1,3.008812935249605
47.1,36.1928011843612,-8.0,emergency,-27.929201776541788,37.56,3.182295407107872
47.2,36.4928011843612,3.0,follow,26.919201776541804,37.37,3.2347133308748566
47.3,36.792801184361196,3.0,follow,27.55920177654179,37.18,3.2238481705916455
47.4,37.09280118436119,3.0,follow,28.779201776541797,36.41,3.064092332700033
47.5,37.39280118436119,3.0,follow,28.6992017765418,36.94,3.1377409183695835
47.6,36.59280118436119,-8.0,emergency,-30.729201776541785,35.36,3.052802119036817
47.7,36.89280118436119,3.0,follow,27.749201776541796,37.14,3.437997179265521
47.8,36.09280118436119,-8.0,emergency,-29.189201776541786,36.15,3.2011543823212114
47.9,36.39280118436119,3.0,follow,28.119201776541793,36.02,3.851252612984975
48.0,36.69280118436119,3.0,follow,27.139201776541782,37.45,3.3369565569945263
48.1,36.992801184361184,3.0,follow,26.22920177654177,38.81,3.072161069711519
48.2,36.19280118436119,-8.0,emergency,-27.209201776541775,38.28,3.191914833868651
48.3,36.492801184361184,3.0,follow,28.79920177654177,35.49,3.187876924439702
48.4,36.79280118436118,3.0,follow,28.599201776541776,36.14,3.021031566356328
48.5,37.09280118436118,3.0,follow,26.889201776541782,38.3,3.315213287998587
48.6,37.392801184361176,3.0,follow,29.48920177654177,36.15,3.0017933076022647
48.7,36.59280118436118,-8.0,emergency,-29.089201776541756,37.0,3.177929384356324
48.8,36.892801184361176,3.0,follow,27.02920177654177,37.86,3.020872943172744
48.9,36.09280118436118,-8.0,emergency,-29.169201776541755,36.17,2.956804370060468
49.0,36.392801184361176,3.0,follow,26.76920177654177,37.37,3.187804639206329
49.1,36.69280118436117,3.0,follow,28.82920177654176,35.76,3.2353789237245607
49.2,36.99280118436117,3.0,follow,28.45920177654176,36.58,3.0914066272275393
49.3,36.19280118436117,-8.0,emergency,-27.879201776541763,37.61,3.1024182800686515
49.4,36.49280118436117,3.0,follow,28.81920177654176,35.47,3.1215894236377206
49.5,36.79280118436117,3.0,follow,26.99920177654176,37.74,3.280939954983319
49.6,35.99280118436117,-8.0,emergency,-27.959201776541754,37.23,3.1949399471403597
49.7,36.29280118436117,3.0,follow,26.119201776541757,37.87,3.3894812388685063
49.8,36.592801184361164,3.0,follow,26.93920177654175,37.5,3.2459660130534513
49.9,36.89280118436116,3.0,follow,26.119201776541736,38.77,3.0401163979207873
50.0,37.19280118436116,3.0,follow,27.94920177654174,37.39,3.1360080086753044
50.1,37.492801184361156,3.0,follow,29.019201776541742,36.77,3.045689185011269
50.2,37.79280118436115,3.0,follow,28.849201776541733,37.39,3.1203054631998715
50.3,38.09280118436115,3.0,follow,28.829201776541723,37.86,3.0773479496788245
50.4,37.29280118436115,-8.0,emergency,-29.839201776541728,37.3,2.7997115234132783
50.5,36.492801184361156,-8.0,emergency,-28.639201776541725,37.3,3.059182171184918
50.6,36.79280118436115,3.0,follow,28.269201776541735,36.47,3.198336918301996
50.7,37.09280118436115,3.0,follow,28.679201776541724,36.51,3.1197658940655635
50.8,37.39280118436115,3.0,follow,29.959201776541725,35.68,2.972639424077829
50.9,37.692801184361144,3.0,follow,26.879201776541727,39.21,3.999877102736053
51.0,36.89280118436115,-8.0,emergency,-30.679201776541717,35.86,3.1283801771703303
51.1,37.192801184361144,3.0,follow,28.85920177654173,36.48,3.2161367731893864
51.2,37.49280118436114,3.0,follow,29.339201776541714,36.45,3.096119558055544
51.3,37.79280118436114,3.0,follow,27.989201776541705,38.25,3.1090480474171986
51.4,36.99280118436114,-8.0,emergency,-29.769201776541706,36.92,3.0181149389724307
51.5,37.29280118436114,3.0,follow,26.849201776541705,38.64,3.296140520710006
51.6,36.49280118436114,-8.0,emergency,-29.439201776541708,36.5,3.0233248640987607
51.7,36.79280118436114,3.0,follow,27.179201776541703,37.56,3.1371104741186917
51.8,35.99280118436114,-8.0,emergency,-28.869201776541708,36.32,3.1992104336357094
51.9,36.29280118436114,3.0,follow,24.339201776541714,39.65,3.5298408072247094
52.0,36.592801184361136,3.0,follow,28.519201776541706,35.92,3.645663738451765
52.1,35.79280118436114,-8.0,emergency,-27.28920177654171,37.6,3.0837868535268926
52.2,36.092801184361136,3.0,follow,25.729201776541707,37.96,3.5869520119206113
52.3,36.39280118436113,3.0,follow,26.42920177654171,37.71,2.9921919300603177
52.4,36.69280118436113,3.0,follow,27.5492017765417,37.04,3.075696379352373
52.5,36.99280118436113,3.0,follow,27.939201776541687,37.1,3.3205638754164783
52.6,37.292801184361124,3.0,follow,28.189201776541694,37.3,3.0466883712566353
52.7,36.49280118436113,-8.0,emergency,-28.84920177654169,37.09,3.0147605772210206
52.8,36.792801184361124,3.0,follow,26.409201776541693,38.33,3.1079719381680446
52.9,37.09280118436112,3.0,follow,25.469201776541695,39.72,3.429222289823052
53.0,36.292801184361124,-8.0,emergency,-29.00920177654168,36.63,3.0930182335891385
53.1,36.59280118436112,3.0,follow,28.719201776541695,35.72,3.1243436690617195
53.2,36.89280118436112,3.0,follow,27.739201776541684,37.15,3.1316380863716504
53.3,37.192801184361116,3.0,follow,25.20920177654167,40.13,3.1641274996475883
53.4,37.49280118436111,3.0,follow,29.439201776541672,36.35,3.340132690491117
53.5,37.79280118436111,3.0,follow,27.15920177654168,39.08,3.173932512581847
53.6,36.99280118436111,-8.0,emergency,-27.569201776541668,39.12,2.895032603992952
53.7,37.29280118436111,3.0,follow,28.859201776541674,36.63,3.0141199090080972
53.8,36.49280118436111,-8.0,emergency,-28.049201776541665,37.89,3.1593953253731435
53.9,36.79280118436111,3.0,follow,25.669201776541676,39.07,3.503155786080493
54.0,35.99280118436111,-8.0,emergency,-28.359201776541667,36.83,3.179714424324851
54.1,36.29280118436111,3.0,follow,26.969201776541667,37.02,3.2522750244344047
54.2,36.59280118436111,3.0,follow,27.839201776541664,36.6,3.2641263675527683
54.3,36.892801184361105,3.0,follow,28.769201776541657,36.12,3.212722470823679
54.4,36.09280118436111,-8.0,emergency,-28.819201776541654,36.52,3.0451601288632166
54.5,36.392801184361105,3.0,follow,28.25920177654165,35.88,3.0817326029920444
54.6,36.6928011843611,3.0,follow,27.299201776541658,37.29,3.093886593631444
54.7,35.892801184361105,-8.0,emergency,-28.64920177654166,36.39,3.1969283668062687
54.8,36.1928011843611,3.0,follow,26.32920177654166,37.51,3.799326989326726
54.9,36.4928011843611,3.0,follow,28.77920177654166,35.51,3.1725748912270135
55.0,36.792801184361096,3.0,follow,27.11920177654165,37.62,2.952255116886704
55.1,37.09280118436109,3.0,follow,27.009201776541637,38.18,3.348300069667421
55.2,37.39280118436109,3.0,follow,30.619201776541637,35.02,3.241751782926216
55.3,37.69280118436109,3.0,follow,28.41920177654164,37.67,3.159492422754732
55.4,36.89280118436109,-8.0,emergency,-27.919201776541634,38.62,2.9632923462641827
55.5,36.09280118436109,-8.0,emergency,-29.439201776541644,35.9,3.1346043140102515
55.6,36.39280118436109,3.0,follow,25.019201776541642,39.12,3.746121304941173
55.7,36.69280118436109,3.0,follow,26.869201776541644,37.72,3.086035633817086
55.8,36.992801184361085,3.0,follow,28.57920177654163,36.46,3.126178644705874
55.9,37.29280118436108,3.0,follow,28.299201776541622,37.19,3.1751584795664454
56.0,36.492801184361085,-8.0,emergency,-28.069201776541625,37.87,3.1059310676346787
56.1,36.79280118436108,3.0,follow,27.40920177654162,37.33,3.1547897592784286
56.2,35.992801184361085,-8.0,emergency,-27.33920177654162,37.85,2.819828698952873
56.3,36.29280118436108,3.0,follow,27.769201776541628,36.22,3.0026193291619294
56.4,36.59280118436108,3.0,follow,26.999201776541625,37.44,3.1775126656378503
56.5,35.79280118436108,-8.0,emergency,-29.219201776541624,35.67,3.040194701973247
56.6,36.09280118436108,3.0,follow,26.55920177654162,37.13,3.76083740639034
56.7,35.29280118436108,-8.0,emergency,-27.899201776541624,36.24,3.1893544040775836
56.8,35.59280118436108,3.0,follow,26.509201776541623,36.43,3.3352250384415423
56.9,35.892801184361076,3.0,follow,24.759201776541616,38.63,3.579237617753529
57.0,36.19280118436107,3.0,follow,25.369201776541615,38.47,3.8040894207919234
57.1,36.49280118436107,3.0,follow,26.359201776541603,37.93,3.0168296979976104
57.2,36.79280118436107,3.0,follow,28.709201776541605,36.03,3.2986043956917075
57.3,37.092801184361065,3.0,follow,28.28920177654161,36.9,3.0539275981599516
57.4,37.39280118436106,3.0,follow,27.029201776541598,38.61,2.9399668401268393
57.5,37.69280118436106,3.0,follow,28.67920177654159,37.41,3.030916518966564
57.6,37.992801184361056,3.0,follow,26.699201776541585,39.84,3.1021269758901187
57.7,37.19280118436106,-8.0,emergency,-29.299201776541594,37.69,2.9811431383277562
57.8,37.492801184361056,3.0,follow,28.329201776541588,37.46,3.0105761110353697
57.9,36.69280118436106,-8.0,emergency,-29.339201776541593,36.9,3.0794135221202508
58.0,36.992801184361056,3.0,follow,27.63920177654159,37.4,3.1421175083676434
58.1,37.29280118436105,3.0,follow,28.409201776541593,37.08,3.144291116276377
58.2,37.59280118436105,3.0,follow,27.89920177654158,38.04,3.3360223847603243
58.3,36.79280118436105,-8.0,emergency,-28.06920177654157,38.32,3.0119153356812007
58.4,37.09280118436105,3.0,follow,28.819201776541583,36.37,3.4661859460567603
58.5,36.29280118436105,-8.0,emergency,-29.87920177654157,35.76,2.8040898217603365
58.6,36.59280118436105,3.0,follow,29.239201776541577,35.2,3.0078268822544176
58.7,36.89280118436105,3.0,follow,27.06920177654157,37.82,3.3022488901356044
58.8,37.192801184361045,3.0,follow,29.31920177654157,36.02,3.0059749340588504
58.9,36.39280118436105,-8.0,emergency,-30.94920177654157,34.84,2.9369117342984916
59.0,36.692801184361045,3.0,follow,26.909201776541572,37.68,3.1789953626925054
59.1,36.99280118436104,3.0,follow,24.999201776541575,40.04,3.2387481933019067
59.2,36.192801184361045,-8.0,emergency,-28.24920177654156,37.24,3.2012925700187216
59.3,36.49280118436104,3.0,follow,26.099201776541577,38.19,3.518907179008498
59.4,36.79280118436104,3.0,follow,27.39920177654156,37.34,3.2405314821085818
59.5,37.092801184361036,3.0,follow,28.04920177654155,37.14,2.9446274033123525
59.6,37.39280118436103,3.0,follow,27.359201776541553,38.28,3.265431136976713
59.7,37.69280118436103,3.0,follow,29.159201776541558,36.93,2.963218256770531
59.8,37.99280118436103,3.0,follow,28.98920177654155,37.55,3.032431793173269
59.9,38.292801184361025,3.0,follow,29.379201776541535,37.61,2.93305647176921
60.0,37.49280118436103,-8.0,emergency,-30.939201776541537,36.5,2.7835394960103335
60.1,36.69280118436103,-8.0,emergency,-27.879201776541535,38.36,3.1747605058378334
60.2,36.99280118436103,3.0,follow,27.98920177654155,37.05,3.2606396432415843
60.3,37.292801184361025,3.0,follow,29.079201776541538,36.41,3.1032657442906206
60.4,37.59280118436102,3.0,follow,28.099201776541534,37.84,3.0313708791106553
60.5,36.792801184361025,-8.0,emergency,-30.14920177654154,36.24,3.1423415196945395
60.6,37.09280118436102,3.0,follow,27.919201776541534,37.27,3.4121283882162214
60.7,37.39280118436102,3.0,follow,28.41920177654154,37.22,2.950970165624284
60.8,37.69280118436102,3.0,follow,27.65920177654153,38.43,3.1990873244477296
60.9,37.992801184361014,3.0,follow,28.789201776541518,37.75,2.9393898930685833
61.0,37.19280118436102,-8.0,emergency,-29.799201776541523,37.19,3.090718398001597
61.1,37.492801184361014,3.0,follow,27.66920177654152,38.12,3.378593611384182
61.2,37.79280118436101,3.0,follow,27.48920177654152,38.75,3.2942833422636832
61.3,38.09280118436101,3.0,follow,28.869201776541523,37.82,3.1404653635828277
61.4,38.392801184361005,3.0,follow,29.93920177654151,37.2,3.1200721562643174
61.5,37.59280118436101,-8.0,emergency,-31.8492017765415,35.74,2.960373442270983
61.6,37.892801184361005,3.0,follow,30.389201776541512,36.0,3.039821359792796
61.7,37.09280118436101,-8.0,emergency,-29.999201776541497,36.84,3.1319070536514606
61.8,37.392801184361005,3.0,follow,29.139201776541512,36.5,3.1621440425962426
61.9,37.692801184361,3.0,follow,29.1192017765415,36.97,3.0395958496416298
62.0,37.992801184361,3.0,follow,29.319201776541505,37.22,3.037672728053905
62.1,38.292801184361,3.0,follow,29.239201776541506,37.75,3.1114001973970526
62.2,37.492801184361,-8.0,emergency,-30.369201776541495,37.07,2.9912526997350857
62.3,37.792801184361,3.0,follow,28.54920177654151,37.69,3.623062609007763
62.4,36.992801184361,-8.0,emergency,-29.469201776541496,37.22,3.1087127754712203
62.5,36.192801184361,-8.0,emergency,-30.54920177654151,34.94,3.0912690960488938
62.6,36.492801184361,3.0,follow,28.209201776541505,36.08,3.7108647308384968
62.7,36.792801184361,3.0,follow,27.769201776541507,36.97,3.5988236642097204
62.8,37.092801184360994,3.0,follow,29.409201776541494,35.78,3.3524469707567444
62.9,37.39280118436099,3.0,follow,27.849201776541484,37.79,3.4565706777927456
63.0,37.69280118436099,3.0,follow,27.279201776541484,38.81,3.316300036940186
63.1,37.992801184360985,3.0,follow,28.06920177654149,38.47,3.0380323784528676
63.2,38.29280118436098,3.0,follow,30.12920177654148,36.86,3.0305518803838423
63.3,38.59280118436098,3.0,follow,28.669201776541463,38.77,2.977086070127425
63.4,38.89280118436098,3.0,follow,30.619201776541466,37.27,3.1051085015521935
63.5,38.09280118436098,-8.0,emergency,-31.62920177654147,36.71,3.048294116793387
63.6,37.29280118436098,-8.0,emergency,-30.729201776541473,36.41,3.100623047973485
63.7,37.59280118436098,3.0,follow,29.189201776541466,36.75,3.164611140462081
63.8,37.89280118436098,3.0,follow,29.74920177654147,36.64,3.244544856659791
63.9,38.192801184360974,3.0,follow,29.579201776541474,37.26,3.0212114379374575
64.0,37.39280118436098,-8.0,emergency,-30.04920177654146,37.24,3.1794273132308555
64.1,37.692801184360974,3.0,follow,29.02920177654147,37.06,3.328901629183927
64.2,37.99280118436097,3.0,follow,28.989201776541464,37.55,3.2930504875854636
64.3,38.29280118436097,3.0,follow,28.619201776541452,38.37,3.1289751357083193
64.4,38.592801184360965,3.0,follow,29.33920177654145,38.1,3.0497563707085367
64.5,37.79280118436097,-8.0,emergency,-32.499201776541454,35.39,3.184615598972859
64.6,36.99280118436097,-8.0,emergency,-32.48920177654145,34.2,2.9450258776545097
64.7,37.29280118436097,3.0,follow,27.41920177654145,38.07,3.214611087980891
64.8,37.592801184360965,3.0,follow,30.439201776541452,35.5,3.070190296795453
64.9,37.89280118436096,3.0,follow,29.619201776541452,36.77,3.21618467837069
65.0,38.19280118436096,3.0,follow,31.129201776541443,35.71,3.167801810391315
65.1,38.49280118436096,3.0,follow,32.26920177654143,35.02,3.299788565869446
65.2,38.792801184360954,3.0,follow,30.129201776541436,37.61,3.3070128801441223
65.3,39.09280118436095,3.0,follow,30.349201776541435,37.84,3.0386737441469776
65.4,38.292801184360954,-8.0,emergency,-32.27920177654143,36.36,3.1582235650339907
65.5,37.49280118436096,-8.0,emergency,-33.31920177654144,34.12,2.9739903491494615
65.6,37.792801184360954,3.0,follow,29.869201776541438,36.37,3.326686307259131
65.7,38.09280118436095,3.0,follow,29.27920177654144,37.41,3.2750285500213674
65.8,38.39280118436095,3.0,follow,31.80920177654143,35.33,3.1536755333407593
65.9,38.692801184360945,3.0,follow,30.419201776541414,37.17,2.99932190043576
66.0,38.99280118436094,3.0,follow,31.089201776541415,36.95,3.1928311401333738
66.1,39.29280118436094,3.0,follow,30.88920177654142,37.6,3.411111147803933
66.2,39.59280118436094,3.0,follow,31.85920177654141,37.08,2.9398703315784296
66.3,38.79280118436094,-8.0,emergency,-33.5192017765414,35.87,3.156792010879259
66.4,39.09280118436094,3.0,follow,29.90920177654141,38.28,3.357069844601117
66.5,39.392801184360934,3.0,follow,31.8792017765414,36.76,2.928430034070635
66.6,39.69280118436093,3.0,follow,32.1892017765414,36.9,2.9968810059946738
66.7,38.892801184360934,-8.0,emergency,-33.639201776541405,35.9,3.080804300358346
66.8,39.19280118436093,3.0,follow,31.9092017765414,36.43,3.0761303371458957
66.9,38.392801184360934,-8.0,emergency,-32.8392017765414,35.95,3.0666731811471744
67.0,38.69280118436093,3.0,follow,30.859201776541404,36.73,3.2381771841899227
67.1,38.99280118436093,3.0,follow,29.2292017765414,38.81,3.4612225225334696
67.2,39.292801184360926,3.0,follow,33.09920177654139,35.39,3.306610988131998
67.3,39.59280118436092,3.0,follow,33.819201776541384,35.12,3.088069458938098
67.4,39.89280118436092,3.0,follow,30.86920177654138,38.52,3.6159503339412864
67.5,39.09280118436092,-8.0,emergency,-33.17920177654139,36.66,2.9993124691340376
67.6,39.39280118436092,3.0,follow,32.49920177654138,36.14,3.2433496211637522
67.7,39.69280118436092,3.0,follow,31.059201776541386,38.03,3.176366116366774
67.8,39.992801184360914,3.0,follow,33.329201776541375,36.21,3.4215893664817716
67.9,39.19280118436092,-8.0,emergency,-31.099201776541364,38.89,3.1791573666478867
68.0,39.492801184360914,3.0,follow,31.179201776541376,37.61,3.003321656736769
68.1,38.69280118436092,-8.0,emergency,-32.919201776541364,36.32,3.1602391285967113
68.2,38.992801184360914,3.0,follow,28.789201776541375,39.25,3.0116319158692586
68.3,39.29280118436091,3.0,follow,32.309201776541364,36.18,3.02437526482497
68.4,39.59280118436091,3.0,follow,31.27920177654137,37.66,3.0315223950786767
68.5,39.892801184360906,3.0,follow,32.21920177654137,37.17,3.1149433754678575
68.6,40.1928011843609,3.0,follow,31.569201776541355,38.27,3.1804730597343975
68.7,40.4928011843609,3.0,follow,31.719201776541347,38.57,3.499110557733994
68.8,40.7928011843609,3.0,follow,33.86920177654135,36.87,3.05650399409724
68.9,39.9928011843609,-8.0,emergency,-35.19920177654135,35.99,2.878554930955633
69.0,39.1928011843609,-8.0,emergency,-32.65920177654135,37.33,3.125732349030781
69.1,39.4928011843609,3.0,follow,32.71920177654135,36.07,3.2634261123810906
69.2,39.7928011843609,3.0,follow,30.219201776541347,39.02,3.04064556439579
69.3,40.092801184360894,3.0,follow,32.73920177654135,36.95,3.5349376065129094
69.4,40.39280118436089,3.0,follow,33.74920177654134,36.39,3.230990177694853
69.5,39.592801184360894,-8.0,emergency,-33.59920177654133,36.99,3.128700163623666
69.6,38.7928011843609,-8.0,emergency,-34.089201776541344,35.3,2.9312117222230256
69.7,39.092801184360894,3.0,follow,32.47920177654135,35.71,3.676591265710102
69.8,39.39280118436089,3.0,follow,30.549201776541338,38.09,3.3939833179152172
69.9,39.69280118436089,3.0,follow,33.03920177654133,36.05,3.4855160954375086
70.0,38.89280118436089,-8.0,emergency,-33.919201776541335,35.62,2.9875529625305384
70.1,39.19280118436089,3.0,follow,30.98920177654133,37.35,3.2957429846684763
70.2,39.492801184360886,3.0,follow,30.72920177654133,38.06,3.431054011286044
70.3,39.79280118436088,3.0,follow,31.699201776541337,37.54,3.315433998068469
70.4,40.09280118436088,3.0,follow,31.84920177654132,37.84,3.152597416118485
70.5,40.39280118436088,3.0,follow,34.21920177654131,35.92,3.1611923342844617
70.6,39.59280118436088,-8.0,emergency,-35.419201776541314,35.17,2.9374913571553987
70.7,39.89280118436088,3.0,follow,31.00920177654131,38.38,3.3540738304930766
70.8,40.192801184360874,3.0,follow,33.46920177654132,36.37,3.164589678057897
70.9,40.49280118436087,3.0,follow,33.839201776541316,36.45,3.190986117302317
71.0,40.79280118436087,3.0,follow,32.569201776541306,38.17,3.3154398646135403
71.1,39.99280118436087,-8.0,emergency,-33.869201776541296,37.32,3.043350327459875
71.2,39.192801184360874,-8.0,emergency,-32.789201776541304,37.2,3.15714399470433
71.3,39.49280118436087,3.0,follow,29.70920177654132,39.08,4.0611875119599725
71.4,39.79280118436087,3.0,follow,33.249201776541305,35.99,3.3626710783518297
71.5,40.092801184360866,3.0,follow,31.979201776541295,37.71,3.1655023378972964
71.6,40.39280118436086,3.0,follow,33.3992017765413,36.74,3.608044518872342
71.7,40.69280118436086,3.0,follow,33.609201776541305,36.98,3.1626296741845574
71.8,40.99280118436086,3.0,follow,32.67920177654129,38.36,3.4737562833537714
71.9,41.292801184360854,3.0,follow,34.25920177654128,37.23,3.036011058181439
72.0,41.59280118436085,3.0,follow,34.68920177654128,37.25,3.4481797234153113
72.1,41.89280118436085,3.0,follow,34.54920177654128,37.84,3.338980308965344
72.2,41.09280118436085,-8.0,emergency,-36.58920177654127,36.25,2.96092368520256
72.3,41.39280118436085,3.0,follow,35.89920177654128,35.74,3.123361091761929
72.4,41.692801184360846,3.0,follow,36.58920177654127,35.5,2.9576429247411875
72.5,41.99280118436084,3.0,follow,38.059201776541265,34.48,2.9665826209257413
72.6,41.192801184360846,-8.0,emergency,-34.089201776541266,38.9,3.028934220936938
72.7,41.49280118436084,3.0,follow,36.35920177654126,35.43,3.0378636692795227
72.8,41.79280118436084,3.0,follow,35.85920177654126,36.38,3.138154396115936
72.9,40.99280118436084,-8.0,emergency,-36.36920177654127,36.32,2.7426221608531205
73.0,40.192801184360846,-8.0,emergency,-34.53920177654126,36.95,3.1043112816627403
73.1,39.39280118436085,-8.0,emergency,-32.779201776541264,37.51,3.1726829720877037
73.2,39.692801184360846,3.0,follow,31.52920177654127,37.56,3.566002940962113
73.3,39.99280118436084,3.0,follow,33.57920177654126,35.96,3.6203281765690507
73.4,40.29280118436084,3.0,follow,33.57920177654127,36.41,3.835538034862101
73.5,40.59280118436084,3.0,follow,33.53920177654127,36.9,3.3476064189884656
73.6,40.892801184360835,3.0,follow,34.569201776541256,36.32,3.660256748592661
73.7,41.19280118436083,3.0,follow,32.99920177654124,38.34,2.9853300264967184
73.8,40.392801184360835,-8.0,emergency,-34.67920177654125,37.11,3.016386223258957
73.9,40.69280118436083,3.0,follow,33.20920177654124,37.38,3.363688360825287
74.0,40.99280118436083,3.0,follow,33.74920177654125,37.29,3.395308662520434
74.1,41.292801184360826,3.0,follow,33.62920177654125,37.86,3.257390314044337
74.2,40.49280118436083,-8.0,emergency,-35.17920177654124,36.76,2.916811862875098
74.3,40.792801184360826,3.0,follow,35.60920177654125,35.13,3.164066384389859
74.4,41.09280118436082,3.0,follow,34.19920177654124,36.99,2.968032583751523
74.5,41.39280118436082,3.0,follow,35.799201776541224,35.84,3.2692374327765967
74.6,41.69280118436082,3.0,follow,36.13920177654123,35.95,3.128045062584052
74.7,40.89280118436082,-8.0,emergency,-35.36920177654123,37.17,3.1412680244409796
74.8,41.19280118436082,3.0,follow,33.45920177654123,37.88,3.2313095994953014
74.9,41.492801184360815,3.0,follow,35.249201776541234,36.54,2.9295744764869784
75.0,41.79280118436081,3.0,follow,35.37920177654122,36.86,3.1098134041626344
75.1,42.09280118436081,3.0,follow,34.30920177654121,38.38,3.4259288697882777
75.2,41.29280118436081,-8.0,emergency,-36.35920177654121,36.78,3.0364570044695958
75.3,41.59280118436081,3.0,follow,32.55920177654121,39.38,3.569356443749013
75.4,41.892801184360806,3.0,follow,35.22920177654122,37.16,3.0352530797828283
75.5,41.09280118436081,-8.0,emergency,-38.21920177654122,34.62,2.9735112239572814
75.6,41.392801184360806,3.0,follow,34.239201776541215,37.4,3.311844367878767
75.7,41.6928011843608,3.0,follow,35.07920177654122,37.01,2.9840033271409214
75.8,41.9928011843608,3.0,follow,34.509201776541204,38.03,3.1113980687716474
75.9,41.1928011843608,-8.0,emergency,-35.60920177654119,37.38,3.1194709337901747
76.0,41.4928011843608,3.0,follow,35.2692017765412,36.52,3.8963805250597083
76.1,41.7928011843608,3.0,follow,36.88920177654119,35.35,3.1028365568711833
76.2,42.092801184360795,3.0,follow,36.1792017765412,36.51,2.960398003196409
76.3,42.39280118436079,3.0,follow,37.299201776541196,35.84,3.046893289980196
76.4,42.69280118436079,3.0,follow,37.40920177654119,36.18,2.9360207519956623
76.5,42.992801184360786,3.0,follow,36.51920177654117,37.52,2.9560062790733395
76.6,43.29280118436078,3.0,follow,35.719201776541176,38.77,3.177139364500011
76.7,43.59280118436078,3.0,follow,37.529201776541186,37.41,3.0333741248857238
76.8,42.79280118436078,-8.0,emergency,-39.68920177654117,35.7,2.814835577807671
76.9,41.992801184360786,-8.0,emergency,-36.609201776541184,37.58,3.1598947478764106
77.0,42.29280118436078,3.0,follow,34.50920177654118,38.48,3.241021171203223
77.1,41.492801184360786,-8.0,emergency,-36.89920177654118,36.54,2.829750065714251
77.2,41.79280118436078,3.0,follow,35.09920177654118,37.14,2.9800684012038907
77.3,42.09280118436078,3.0,follow,35.30920177654118,37.38,3.7146714235092477
77.4,42.39280118436078,3.0,follow,36.57920177654117,36.56,3.629576254990891
77.5,42.692801184360775,3.0,follow,35.33920177654116,38.25,3.1630388540140295
77.6,42.99280118436077,3.0,follow,36.57920177654116,37.46,3.2313156591122496
77.7,43.29280118436077,3.0,follow,36.32920177654117,38.16,3.1529890823382543
77.8,43.592801184360766,3.0,follow,38.16920177654115,36.77,3.7509686576794268
77.9,43.89280118436076,3.0,follow,38.019201776541145,37.37,3.144881364268177
78.0,43.092801184360766,-8.0,emergency,-37.049201776541146,38.79,3.176175507521808
78.1,42.29280118436077,-8.0,emergency,-36.99920177654114,37.64,3.0972283203676754
78.2,42.592801184360766,3.0,follow,33.289201776541155,40.15,3.0830540550842933
78.3,42.89280118436076,3.0,follow,36.06920177654114,37.82,3.2595577049942897
78.4,43.19280118436076,3.0,follow,35.68920177654115,38.65,3.0259611374303494
78.5,42.39280118436076,-8.0,emergency,-35.20920177654115,39.58,3.1530810867387733
78.6,42.69280118436076,3.0,follow,36.60920177654115,36.98,3.055490992265952
78.7,41.89280118436076,-8.0,emergency,-37.34920177654115,36.69,3.14320439631554
78.8,42.19280118436076,3.0,follow,35.75920177654115,37.08,3.9688311105313367
78.9,42.49280118436076,3.0,follow,32.81920177654115,40.47,3.905314719448268
79.0,42.792801184360755,3.0,follow,35.26920177654114,38.47,3.3531479698646485
79.1,43.09280118436075,3.0,follow,31.929201776541127,42.26,4.089888041585738
79.2,43.39280118436075,3.0,follow,35.91920177654113,38.72,3.2475589755526064
79.3,43.692801184360746,3.0,follow,35.33920177654113,39.75,3.040664310534587
79.4,43.992801184360744,3.0,follow,34.02920177654112,41.51,3.7454429895012398
79.5,44.29280118436074,3.0,follow,33.76920177654111,42.22,3.437326662403136
79.6,44.59280118436074,3.0,follow,33.99920177654111,42.44,3.022189052086332
79.7,44.892801184360735,3.0,follow,35.319201776541114,41.57,3.0786204604824783
79.8,44.09280118436074,-8.0,emergency,-35.8192017765411,41.52,3.1164617279389537
79.9,43.29280118436074,-8.0,emergency,-34.97920177654112,41.16,3.172792014235146
80.0,43.59280118436074,3.0,follow,33.389201776541114,41.55,3.7626322620790074
80.1,43.892801184360735,3.0,follow,35.28920177654111,40.1,3.8658795524259664
80.2,43.09280118436074,-8.0,emergency,-35.899201776541105,39.94,3.1466655326809594
80.3,43.392801184360735,3.0,follow,33.529201776541115,41.11,3.709351031038212
80.4,43.69280118436073,3.0,follow,34.009201776541104,41.08,3.283037858169145
80.5,43.99280118436073,3.0,follow,34.629201776541095,40.91,3.2383949848467597
80.6,44.29280118436073,3.0,follow,33.46920177654109,42.52,3.27258143926506
80.7,44.592801184360724,3.0,follow,33.3992017765411,43.04,3.1827725197776524
80.8,44.89280118436072,3.0,follow,34.749201776541085,42.14,3.263428236704958
80.9,45.19280118436072,3.0,follow,33.24920177654107,44.09,3.144164951092118
81.0,45.492801184360715,3.0,follow,36.81920177654108,40.97,3.0960942758227707
81.1,45.79280118436071,3.0,follow,35.86920177654108,42.37,3.0674444259700664
81.2,46.09280118436071,3.0,follow,36.78920177654107,41.9,2.939772993253843
81.3,45.29280118436071,-8.0,emergency,-38.51920177654106,40.62,2.8884714693381026
81.4,45.59280118436071,3.0,follow,34.809201776541066,43.13,3.075705020199662
81.5,45.89280118436071,3.0,follow,35.09920177654106,43.29,3.331845026006224
81.6,46.192801184360704,3.0,follow,33.18920177654106,45.65,3.37827807700108
81.7,45.39280118436071,-8.0,emergency,-34.569201776541064,44.72,3.168754339822847
81.8,45.692801184360704,3.0,follow,35.33920177654106,42.75,3.2087846548504473
81.9,45.9928011843607,3.0,follow,31.72920177654106,46.81,3.611102209642397
82.0,46.2928011843607,3.0,follow,32.78920177654105,46.2,2.9648071263571993
82.1,46.592801184360695,3.0,follow,33.85920177654104,45.58,3.328756430938282
82.2,46.89280118436069,3.0,follow,35.159201776541046,44.73,2.955830811167145
82.3,47.19280118436069,3.0,follow,36.35920177654105,43.98,3.096572248608835
82.4,46.39280118436069,-8.0,emergency,-35.779201776541036,45.01,3.0696726658210136
82.5,46.69280118436069,3.0,follow,32.32920177654105,47.26,2.9624891236237105
82.6,46.99280118436069,3.0,follow,31.419201776541037,48.62,3.0287548846844032
82.7,47.292801184360684,3.0,follow,32.07920177654103,48.41,3.299301843713306
82.8,47.59280118436068,3.0,follow,35.089201776541024,45.85,3.1099924245494246
82.9,46.792801184360684,-8.0,emergency,-36.16920177654103,45.22,3.0040920255415275
83.0,47.09280118436068,3.0,follow,32.939201776541026,47.25,3.4257000712498926
83.1,46.292801184360684,-8.0,emergency,-35.82920177654103,44.81,2.9436106704222125
83.2,46.59280118436068,3.0,follow,31.38920177654103,48.05,3.4511733209243842
83.3,46.89280118436068,3.0,follow,32.23920177654103,47.65,3.1117755286123647
83.4,47.192801184360675,3.0,follow,32.86920177654102,47.47,3.1577614456436267
83.5,47.49280118436067,3.0,follow,34.689201776541005,46.1,3.154768166512692
83.6,47.79280118436067,3.0,follow,31.789201776541006,49.45,3.135143810031129
83.7,48.09280118436067,3.0,follow,33.47920177654101,48.21,3.0957821543638517
83.8,48.392801184360664,3.0,follow,34.589201776541,47.55,3.285473170970014
83.9,47.59280118436067,-8.0,emergency,-37.28920177654099,45.3,2.9816752980767895
84.0,47.892801184360664,3.0,follow,31.559201776541002,49.83,3.5433907759014804
84.1,48.19280118436066,3.0,follow,28.999201776540986,52.84,3.2451418771084595
84.2,48.49280118436066,3.0,follow,29.29920177654099,52.99,3.5580949039759067
84.3,48.792801184360655,3.0,follow,32.659201776540996,50.08,3.511231724586708
84.4,47.99280118436066,-8.0,emergency,-33.01920177654098,50.17,2.8961828670812433
84.5,48.292801184360655,3.0,follow,29.869201776540997,52.12,3.2753504173246593
84.6,48.59280118436065,3.0,follow,32.26920177654098,50.17,3.384650402849209
84.7,48.89280118436065,3.0,follow,30.379201776540974,52.51,3.310260236494064
84.8,49.19280118436065,3.0,follow,29.779201776540972,53.56,3.4437526311246147
84.9,49.492801184360644,3.0,follow,29.159201776540975,54.63,3.25317970481766
85.0,49.79280118436064,3.0,follow,31.379201776540967,52.86,3.22852512559012
85.1,50.09280118436064,3.0,follow,31.66920177654095,53.02,3.140474108592537
85.2,50.392801184360636,3.0,follow,32.85920177654096,52.28,3.3040925807545323
85.3,50.69280118436063,3.0,follow,32.89920177654096,52.69,3.098901141563947
85.4,50.99280118436063,3.0,follow,32.03920177654095,54.0,3.1426773446665672
85.5,51.29280118436063,3.0,follow,31.169201776540937,55.32,3.0390926890708183
85.6,51.592801184360624,3.0,follow,30.359201776540942,56.58,3.049674247988762
85.7,50.79280118436063,-8.0,emergency,-33.309201776540945,54.08,3.061802000459852
85.8,51.092801184360624,3.0,follow,27.90920177654094,58.28,3.409622528888031
85.9,51.39280118436062,3.0,follow,30.959201776540944,55.68,3.0622344398668035
86.0,51.69280118436062,3.0,follow,30.62920177654093,56.46,3.1839301311173953
86.1,51.992801184360616,3.0,follow,31.93920177654092,55.6,3.4336245697686802
86.2,52.29280118436061,3.0,follow,34.909201776540925,53.08,3.0017868462461763
86.3,52.59280118436061,3.0,follow,29.299201776540926,59.14,3.0877989820252134
86.4,52.89280118436061,3.0,follow,29.619201776540912,59.27,3.3162121252634735
86.5,52.09280118436061,-8.0,emergency,-31.4592017765409,57.88,3.0996956176279196
86.6,51.29280118436061,-8.0,emergency,-29.269201776540918,58.87,3.020089285434889
86.7,51.59280118436061,3.0,follow,26.879201776540924,60.06,3.2078533232606703
86.8,50.79280118436061,-8.0,emergency,-30.649201776540913,56.74,3.024068711408326
86.9,51.09280118436061,3.0,follow,27.219201776540928,58.97,3.373029263339797
87.0,51.39280118436061,3.0,follow,24.879201776540917,61.76,3.5549822590267004
87.1,51.692801184360604,3.0,follow,28.649201776540906,58.44,3.6633064829574824
87.2,51.9928011843606,3.0,follow,25.87920177654091,61.66,3.504842654324635
87.3,52.2928011843606,3.0,follow,28.959201776540908,59.03,3.2059217611136055
87.4,52.592801184360596,3.0,follow,25.629201776540896,62.81,3.566156191882331
87.5,52.89280118436059,3.0,follow,26.609201776540885,62.28,2.9667312834076625
87.6,53.19280118436059,3.0,follow,29.609201776540893,59.73,3.1851241536018335
87.7,53.49280118436059,3.0,follow,24.389201776540887,65.4,3.5403401653761564
87.8,52.69280118436059,-8.0,emergency,-28.02920177654088,62.21,3.119421360364657
87.9,52.99280118436059,3.0,follow,26.559201776540895,62.48,3.5676759726934115
88.0,53.292801184360584,3.0,follow,24.62920177654088,64.86,3.4846984802319088
88.1,53.59280118436058,3.0,follow,22.79920177654087,67.14,3.4163068852204663
88.2,53.89280118436058,3.0,follow,27.03920177654087,63.35,3.362026663667191
88.3,54.192801184360576,3.0,follow,24.93920177654087,65.9,3.7845720112619525
88.4,54.49280118436057,3.0,follow,24.21920177654087,67.07,3.3817714087150206
88.5,54.79280118436057,3.0,follow,23.67920177654085,68.06,3.397428016863355
88.6,55.09280118436057,3.0,follow,24.70920177654085,67.48,3.206797393977779
88.7,55.392801184360565,3.0,follow,25.80920177654086,66.83,3.0793260018508075
88.8,55.69280118436056,3.0,follow,26.749201776540843,66.34,3.2788341760249753
88.9,55.99280118436056,3.0,follow,24.869201776540834,68.67,3.0859036321351674
89.0,56.292801184360556,3.0,follow,27.259201776540834,66.73,3.0961172716807486
89.1,55.49280118436056,-8.0,emergency,-31.099201776540838,63.34,2.974714292007896
89.2,55.792801184360556,3.0,follow,22.429201776540836,70.81,3.4435969771402513
89.3,56.09280118436055,3.0,follow,21.419201776540845,72.27,3.44589162719436
89.4,56.39280118436055,3.0,follow,28.319201776540837,65.82,3.2087280234638427
89.5,56.69280118436055,3.0,follow,25.429201776540822,69.16,3.088492566454898
89.6,56.992801184360545,3.0,follow,21.909201776540826,73.13,3.2643239297705438
89.7,57.29280118436054,3.0,follow,18.739201776540824,76.75,3.2781212036801493
89.8,57.59280118436054,3.0,follow,23.109201776540814,72.83,3.148343316469533
89.9,57.892801184360536,3.0,follow,24.7192017765408,71.67,3.182108629088573
90.0,58.19280118436053,3.0,follow,23.4692017765408,73.37,3.2750368758001493
90.1,58.49280118436053,3.0,follow,19.95920177654081,77.33,3.154678219694348
90.2,58.79280118436053,3.0,follow,24.419201776540802,73.32,3.1902116461718872
90.3,59.092801184360525,3.0,follow,24.72920177654079,73.46,3.218710946416996
90.4,59.39280118436052,3.0,follow,23.999201776540787,74.64,3.0890458200811195
90.5,59.69280118436052,3.0,follow,25.049201776540784,74.04,3.221539420111384
90.6,58.89280118436052,-8.0,emergency,-22.559201776540775,76.98,3.0788550223785203
90.7,59.19280118436052,3.0,follow,17.409201776540783,80.93,3.1328387278804275
90.8,58.39280118436052,-8.0,emergency,-20.409201776540783,78.38,3.056608341517843
90.9,58.69280118436052,3.0,follow,20.08920177654079,77.5,3.4302961977839233
91.0,58.992801184360516,3.0,follow,20.17920177654078,77.86,3.269669930773871
91.1,59.29280118436051,3.0,follow,23.18920177654077,75.3,3.023756220938309
91.2,59.59280118436051,3.0,follow,17.399201776540764,81.54,3.27433044163758
91.3,59.89280118436051,3.0,follow,19.699201776540775,79.69,2.9843310988164573
91.4,60.192801184360505,3.0,follow,19.94920177654076,79.89,3.418075538735895
91.5,60.4928011843605,3.0,follow,11.799201776540755,88.49,3.388759381854387
91.6,60.7928011843605,3.0,follow,18.839201776540747,81.9,3.0925731545485573
91.7,61.092801184360496,3.0,follow,21.439201776540756,79.75,3.043567725407919
91.8,61.39280118436049,3.0,follow,20.67920177654075,80.96,3.0205798059361193
91.9,61.69280118436049,3.0,follow,16.829201776540728,85.26,3.11022574550471
92.0,60.89280118436049,-8.0,emergency,-19.43920177654074,83.1,2.9996966533086105
92.1,61.19280118436049,3.0,follow,21.709201776540738,79.63,2.975398556057494
92.2,61.49280118436049,3.0,follow,15.85920177654073,85.93,3.345818837406528
92.3,61.792801184360485,3.0,follow,19.90920177654074,82.33,3.0982808108486357
92.4,62.09280118436048,3.0,follow,13.559201776540732,89.13,3.341606282142616
92.5,62.39280118436048,3.0,follow,15.61920177654072,87.52,3.0010834503420574
92.6,61.59280118436048,-8.0,emergency,-19.579201776540714,84.01,2.9076446919751824
92.7,61.89280118436048,3.0,follow,13.579201776540714,88.81,3.130110397733779
92.8,62.192801184360476,3.0,follow,16.78920177654072,86.05,3.0158272734597853
92.9,62.492801184360474,3.0,follow,14.839201776540719,88.45,3.1767636960925856
93.0,61.692801184360476,-8.0,emergency,-15.879201776540711,87.86,2.939169181841921
93.1,61.992801184360474,3.0,follow,17.799201776540727,84.74,3.1370311957525407
93.2,61.192801184360476,-8.0,emergency,-17.389201776540716,85.6,3.062304898726679
93.3,61.492801184360474,3.0,follow,11.449201776540718,90.34,3.1617481050282272
93.4,60.692801184360476,-8.0,emergency,-15.149201776540707,87.09,3.0662468618748293
93.5,59.89280118436048,-8.0,emergency,-13.809201776540718,87.23,3.083116423559307
93.6,60.192801184360476,3.0,follow,13.75920177654072,86.08,3.2889104759423686
93.7,60.492801184360474,3.0,follow,10.219201776540729,90.07,3.302557716427399
93.8,60.79280118436047,3.0,follow,5.959201776540709,94.78,3.2713440235513813
93.9,59.992801184360474,-8.0,emergency,-14.489201776540696,86.7,3.071984224161434
94.0,60.29280118436047,3.0,follow,10.049201776540713,89.94,3.2560057685576944
94.1,60.59280118436047,3.0,follow,6.449201776540704,93.99,3.616001189458278
94.2,60.892801184360465,3.0,follow,10.639201776540702,90.25,3.194373521092079
94.3,61.19280118436046,3.0,follow,9.34920177654071,91.99,3.0845526357946875
94.4,61.49280118436046,3.0,follow,13.649201776540693,88.14,3.0463693936293947
94.5,61.79280118436046,3.0,follow,9.749201776540687,92.49,3.1552767481446664
94.6,60.99280118436046,-8.0,emergency,-11.599201776540681,91.09,2.943818804809436
94.7,61.29280118436046,3.0,follow,6.899201776540679,94.59,3.296645712359309
94.8,61.592801184360454,3.0,follow,6.529201776540688,95.41,3.264916302789679
94.9,61.89280118436045,3.0,follow,2.8192017765406945,99.57,3.473840514036335
95.0,62.19280118436045,3.0,follow,8.579201776540671,94.26,3.3793665748010917
95.1,62.492801184360445,3.0,follow,9.479201776540663,93.81,3.2412204818202337
95.2,62.79280118436044,3.0,follow,10.059201776540661,93.68,3.056164408484699
95.3,61.992801184360445,-8.0,emergency,-11.79920177654067,92.39,3.008191908169118
95.4,62.29280118436044,3.0,follow,8.419201776540675,94.57,3.438558835009778
95.5,62.59280118436044,3.0,follow,10.419201776540675,93.02,3.0717105539113803
95.6,62.89280118436044,3.0,follow,9.339201776540662,94.55,3.081530901689439
95.7,63.192801184360434,3.0,follow,6.319201776540652,98.02,3.155542844260656
95.8,62.39280118436044,-8.0,emergency,-13.129201776540654,91.66,3.0448993579913384
95.9,62.692801184360434,3.0,follow,5.629201776540654,97.96,3.182296484758175
96.0,62.99280118436043,3.0,follow,5.369201776540649,98.67,3.1281305494491916
96.1,63.29280118436043,3.0,follow,9.709201776540652,94.78,2.974628610070916
96.2,62.49280118436043,-8.0,emergency,-15.689201776540642,89.25,2.9144949693753506
96.3,62.79280118436043,3.0,follow,9.969201776540658,93.77,2.9803449302095615
96.4,63.092801184360425,3.0,follow,4.779201776540646,99.41,3.109205209352337
96.5,63.39280118436042,3.0,follow,8.839201776540634,95.8,3.0371430691925876
96.6,62.592801184360425,-8.0,emergency,-11.919201776540632,93.17,2.9926635720400254
96.7,62.89280118436042,3.0,follow,9.129201776540626,94.76,3.1785003835771866
96.8,62.092801184360425,-8.0,emergency,-5.529201776540631,98.81,2.993988281419721
96.9,62.39280118436042,3.0,follow,5.019201776540626,98.12,3.291203647494655
97.0,62.69280118436042,3.0,follow,7.5792017765406285,96.01,3.198968313895023
97.1,61.89280118436042,-8.0,emergency,-8.259201776540635,95.78,2.9559172818129467
97.2,62.19280118436042,3.0,follow,6.989201776540639,95.85,3.0807255004792444
97.3,62.49280118436042,3.0,follow,8.849201776540639,94.44,2.998780560901635
97.4,62.792801184360414,3.0,follow,1.7592017765406212,101.98,3.1079333771908146
97.5,61.99280118436042,-8.0,emergency,-7.72920177654062,96.46,3.064868596695907
97.6,62.292801184360414,3.0,follow,1.9092017765406268,101.08,3.145695248293428
97.7,62.59280118436041,3.0,follow,1.3392017765406194,102.1,3.4258524683102243
97.8,62.89280118436041,3.0,follow,3.199201776540619,100.69,3.2561733136558537
97.9,63.192801184360405,3.0,follow,7.739201776540625,96.6,3.1198727603752316
98.0,63.4928011843604,3.0,follow,5.6292017765406115,99.16,3.116004761036972
98.1,62.692801184360405,-8.0,emergency,-7.239201776540597,98.0,2.9884607737242743
98.2,61.89280118436041,-8.0,emergency,-8.529201776540603,95.51,3.033719885365415
98.3,62.192801184360405,3.0,follow,3.6192017765406206,99.22,3.211751482420781
98.4,61.39280118436041,-8.0,emergency,-8.429201776540609,94.86,2.9902781740083766
98.5,61.692801184360405,3.0,follow,0.15920177654061263,101.93,3.365936967965893
98.6,61.9928011843604,3.0,follow,5.409201776540613,97.13,3.08223948203643
98.7,62.2928011843604,3.0,follow,3.8292017765406,99.16,3.1004163590426614
98.8,62.5928011843604,3.0,follow,3.9692017765406007,99.47,3.1736155110996935
98.9,62.892801184360394,3.0,follow,5.969201776540601,97.92,3.0664394092666667
99.0,63.19280118436039,3.0,follow,3.849201776540596,100.49,3.043048935763575
99.1,63.49280118436039,3.0,follow,7.399201776540579,97.39,3.04507411463458
99.2,62.69280118436039,-8.0,emergency,-3.819201776540581,101.42,3.047219476456126
99.3,61.892801184360394,-8.0,emergency,-9.149201776540579,94.89,3.0626669110828786
99.4,62.19280118436039,3.0,follow,3.539201776540594,99.3,3.1671811209498393
99.5,62.49280118436039,3.0,follow,-1.420798223459414,104.71,3.219587372146563
99.6,62.792801184360385,3.0,follow,7.7392017765405825,96.0,2.9727987811256655
99.7,61.99280118436039,-8.0,emergency,-7.209201776540581,96.98,2.941212044974796
99.8,62.292801184360385,3.0,follow,2.4492017765405762,100.54,3.205708552912552
99.9,62.59280118436038,3.0,follow,3.889201776540588,99.55,3.0431511945113923
100.0,62.89280118436038,3.0,follow,3.8292017765405717,100.06,2.9991486460347208
100.1,63.19280118436038,3.0,follow,3.8692017765405637,100.47,3.1102565819785077
100.2,62.39280118436038,-8.0,emergency,-3.879201776540569,100.91,3.0465418500789947
100.3,62.69280118436038,3.0,follow,1.2792017765405603,102.31,3.0000468127796966
100.4,61.89280118436038,-8.0,emergency,-3.8092017765405615,100.23,2.993477142133999
100.5,62.19280118436038,3.0,follow,4.5592017765405615,98.28,3.080607230445317
100.6,62.492801184360374,3.0,follow,2.2892017765405654,101.0,2.976471039076812
100.7,62.79280118436037,3.0,follow,-0.8907982234594272,104.63,3.3128790378420327
100.8,61.992801184360374,-8.0,emergency,-5.589201776540563,98.6,2.879437329590703
100.9,62.29280118436037,3.0,follow,6.899201776540565,96.09,3.0755884990268116
101.0,62.59280118436037,3.0,follow,1.169201776540561,102.27,3.108245994830732
101.1,61.79280118436037,-8.0,emergency,-5.279201776540546,98.61,3.04044043064499
101.2,60.992801184360374,-8.0,emergency,-10.169201776540561,92.52,2.884687229786322
101.3,61.29280118436037,3.0,follow,0.00920177654056431,101.48,3.2121241610647817
101.4,61.59280118436037,3.0,follow,4.569201776540552,97.37,3.012424555799737
101.5,61.892801184360366,3.0,follow,3.7092017765405387,98.68,3.1156069659139263
101.6,62.19280118436036,3.0,follow,2.8992017765405507,99.94,3.03835478893536
101.7,62.49280118436036,3.0,follow,3.779201776540546,99.51,2.996133913777151
101.8,61.69280118436036,-8.0,emergency,-2.6892017765405427,101.05,3.0702339625840582
101.9,60.892801184360366,-8.0,emergency,-4.899201776540551,97.64,3.0615059315605313
102.0,61.19280118436036,3.0,follow,0.8892017765405456,100.45,3.146653685554779
102.1,60.392801184360366,-8.0,emergency,-3.6392017765405456,98.15,2.980311314866559
102.2,60.69280118436036,3.0,follow,-0.520798223459451,101.11,3.067397076919937
102.3,60.99280118436036,3.0,follow,0.29920177654055635,100.74,3.1978108680066395
102.4,61.29280118436036,3.0,follow,5.359201776540544,96.13,2.972222456924495
102.5,61.592801184360354,3.0,follow,-0.18079822345947605,102.12,3.0942827982854224
102.6,60.79280118436036,-8.0,emergency,-5.079201776540529,97.31,3.034034958176688
102.7,61.092801184360354,3.0,follow,-0.10079822345947775,101.29,3.151249930553173
102.8,61.39280118436035,3.0,follow,1.6592017765405274,99.98,3.0066639933787944
102.9,61.69280118436035,3.0,follow,-2.240798223459464,104.33,3.0855178023007572
103.0,60.89280118436035,-8.0,emergency,-4.319201776540524,98.22,3.048152127992896
103.1,60.092801184360354,-8.0,emergency,-3.509201776540536,97.83,3.01174764592355
103.2,60.39280118436035,3.0,follow,1.329201776540529,98.81,3.122669179138206
103.3,59.592801184360354,-8.0,emergency,-2.6292017765405404,97.96,2.996378298928459
103.4,59.89280118436035,3.0,follow,-1.8407982234594726,101.23,3.294946948116561
103.5,60.19280118436035,3.0,follow,5.779201776540532,94.06,2.9819799278523536
103.6,60.492801184360346,3.0,follow,4.559201776540519,95.73,2.984772033154398
103.7,60.79280118436034,3.0,follow,5.06920177654051,95.67,3.007279976559651
103.8,61.09280118436034,3.0,follow,-0.4707982234594823,101.66,3.2178216615475566
103.9,61.39280118436034,3.0,follow,-2.2607982234594886,103.9,3.197631358727233
104.0,60.59280118436034,-8.0,emergency,-3.5692017765405097,98.52,2.8855277417931564
104.1,59.79280118436034,-8.0,emergency,-2.569201776540524,98.32,2.9872875131248366
104.2,60.09280118436034,3.0,follow,0.6592017765405132,99.03,3.027255276669649
104.3,60.39280118436034,3.0,follow,-2.110798223459483,102.25,3.143948131047528
104.4,59.59280118436034,-8.0,emergency,-4.5292017765405035,96.06,3.062864169412972
104.5,59.89280118436034,3.0,follow,-0.12079822345948799,99.51,3.0391413196355095
104.6,60.192801184360334,3.0,follow,-1.850798223459492,101.69,3.1451033091802874
104.7,60.49280118436033,3.0,follow,0.009201776540493256,100.28,2.995865193584525
104.8,59.692801184360334,-8.0,emergency,-1.389201776540503,99.35,3.0472841716330348
104.9,59.99280118436033,3.0,follow,-2.2107982234595056,101.75,3.028021367675658
105.0,59.192801184360334,-8.0,emergency,-9.219201776540501,90.77,2.7969850579106215
105.1,59.49280118436033,3.0,follow,-1.9907982234595067,100.78,3.0398637943011124
105.2,58.692801184360334,-8.0,emergency,-2.409201776540499,96.83,3.0171875444511778
105.3,58.99280118436033,3.0,follow,4.699201776540491,93.34,3.032212677494172
105.4,59.29280118436033,3.0,follow,-1.7807982234594988,100.27,3.0595492718471173
105.5,59.592801184360326,3.0,follow,-3.880798223459493,102.82,3.4054475228108374
105.6,59.89280118436032,3.0,follow,1.0492017765404853,98.34,3.0452607514156096
105.7,60.19280118436032,3.0,follow,-1.720798223459525,101.56,3.087605687054989
105.8,60.49280118436032,3.0,follow,-3.230798223459516,103.52,3.0364181411848494
105.9,60.792801184360314,3.0,follow,-1.8807982234595215,102.62,3.093498177307419
106.0,61.09280118436031,3.0,follow,-2.4007982234595318,103.59,2.997152905733652
106.1,60.292801184360314,-8.0,emergency,-0.7192017765404586,100.92,3.035845247827059
106.2,60.59280118436031,3.0,follow,1.499201776540474,98.94,3.1287550847624703
106.3,59.792801184360314,-8.0,emergency,-6.919201776540461,93.97,2.8456095979072917
106.4,60.09280118436031,3.0,follow,1.7092017765404677,97.98,3.0266148252668144
106.5,59.292801184360314,-8.0,emergency,-3.9392017765404574,96.2,2.9060984737886915
106.6,58.49280118436032,-8.0,follow,-6.190798223459524,105.13,3.303606096488682
106.7,58.792801184360314,3.0,follow,-0.4307982234595187,98.17,3.195346655108201
106.8,59.09280118436031,3.0,follow,-0.8607982234595255,99.05,3.0021700626909182
106.9,59.39280118436031,3.0,follow,-1.670798223459542,100.31,3.194301024647377
107.0,59.692801184360306,3.0,follow,0.27920177654046086,98.81,3.0279349738249253
107.1,59.9928011843603,3.0,follow,-4.150798223459532,103.69,3.0503517329341654
107.2,59.192801184360306,-8.0,emergency,-3.1592017765404563,96.83,2.998501103920822
107.3,59.4928011843603,3.0,follow,-0.4507982234595289,99.24,3.0655363876248085
107.4,58.692801184360306,-8.0,emergency,-2.779201776540461,96.46,3.02355894840004
107.5,57.89280118436031,-8.0,emergency,-3.299201776540471,94.74,2.881141404858786
107.6,58.192801184360306,3.0,follow,-0.0007982234595402815,96.84,2.9739456213156377
107.7,58.4928011843603,3.0,follow,-1.2407982234595352,98.53,3.0286356050817704
107.8,58.7928011843603,3.0,follow,0.36920177654045006,97.37,2.9728754939743864
107.9,57.9928011843603,-8.0,emergency,-1.609201776540445,96.58,3.070632705618085
108.0,57.192801184360306,-8.0,emergency,-2.5192017765404557,94.47,3.0422376209840825
108.1,57.4928011843603,3.0,follow,-2.5807982234595386,98.37,3.0190774403772704
108.2,57.7928011843603,3.0,follow,2.069201776540453,94.17,2.9807423359033423
108.3,58.0928011843603,3.0,follow,-4.170798223459556,100.86,3.174413216347033
108.4,58.392801184360295,3.0,follow,-1.7107982234595482,98.85,3.073426329795786
108.5,57.5928011843603,-8.0,emergency,-3.2992017765404427,94.29,3.040357413684717
108.6,57.892801184360295,3.0,follow,-1.3007982234595517,97.69,3.096080104875816
108.7,58.19280118436029,3.0,follow,0.46920177654044437,96.37,2.9935263926898625
108.8,58.49280118436029,3.0,follow,-2.2407982234595636,99.53,3.0212974131432455
108.9,57.69280118436029,-8.0,emergency,4.80079822345958,102.54,3.068883672285353
109.0,56.892801184360295,-8.0,emergency,-3.5092017765404364,93.03,2.994900538681597
109.1,57.19280118436029,3.0,follow,-3.5707982234595477,98.91,3.1317678068714163
109.2,57.49280118436029,3.0,follow,-2.3107982234595568,98.1,3.076894010433491
109.3,57.792801184360286,3.0,follow,-4.310798223459571,100.55,3.009325660701114
109.4,56.99280118436029,-8.0,emergency,2.5007982234595687,99.19,3.0507983436294506
109.5,57.292801184360286,3.0,follow,-0.8407982234595721,96.33,3.0832702686153977
109.6,57.59280118436028,3.0,follow,-1.6707982234595704,97.61,3.0105356858272914
109.7,57.89280118436028,3.0,follow,0.19920177654043414,96.19,2.984227137127395
109.8,58.19280118436028,3.0,follow,-4.880798223459578,101.72,3.0756390858147857
109.9,57.39280118436028,-8.0,emergency,1.3007982234595943,98.59,3.0501688092461428
110.0,56.73292540320898,-6.598757811512996,follow,-8.060798223459585,104.15,3.3561128590613087
110.1,57.03292540320898,3.0,follow,-3.2406118951865324,98.34,3.0283689805871954
110.2,57.332925403208975,3.0,follow,-0.8806118951865471,96.43,2.9796441081447598
110.3,56.53292540320898,-8.0,emergency,-1.9593881048134563,94.04,2.9366461313548946
110.4,55.73292540320898,-8.0,emergency,-1.6193881048134529,93.18,2.98148089491912
110.5,56.03292540320898,3.0,follow,-0.22061189518652213,93.82,2.977191066826384
110.6,55.23292540320898,-8.0,follow,-5.240611895186547,99.29,3.2690298574107635
110.7,55.07821007558234,-1.547153276266421,follow,-7.140611895186524,99.99,3.248726932282729
110.8,55.37821007558234,3.0,follow,-1.2026848866264856,93.82,3.1432370571778607
110.9,54.57821007558234,-8.0,follow,-8.052684886626494,101.12,3.295076504981894
111.0,54.87821007558234,3.0,follow,-5.18268488662649,97.05,3.1800685479142774
111.1,54.07821007558234,-8.0,follow,-6.582684886626495,98.9,3.3023676456923243
111.2,53.40961470982584,-6.685953657565037,follow,-12.112684886626496,103.23,3.6934319514504415
111.3,53.416738429399224,0.07123719573384335,follow,-10.995577935261238,101.11,3.49538197148554
111.4,53.3497186909422,-0.6701973845702511,follow,-7.544892355901169,97.67,3.4512710556116213
111.5,53.224783901242716,-1.2493478969947986,follow,-5.795421963586705,95.82,3.188177972427145
111.6,53.524783901242714,3.0,follow,-2.252824148135929,92.09,3.1608266020491063
111.7,52.724783901242716,-8.0,follow,-6.032824148135916,96.32,3.448030968863699
111.8,52.53190996246922,-1.9287393877349714,follow,-8.732824148135919,97.82,3.4477763439048594
111.9,52.510190097483076,-0.21719864986144444,follow,-6.712135056296177,95.51,3.4492359808205677
112.0,51.80747268950013,-7.027174079829464,follow,-9.274714853775393,98.04,3.4793752115509275
112.1,51.618243398810904,-1.8922929068922798,follow,-10.938790965749803,98.65,3.7005439002181335
112.2,51.35703683379233,-2.6120656501857624,follow,-10.33263490178365,97.76,3.7881140957644086
112.3,51.21697797690256,-1.4005885688976676,follow,-9.454444749311506,96.49,3.4926006051284406
112.4,50.54347825747309,-6.734997194294742,follow,-12.084533034646157,98.91,3.6547408673416837
112.5,50.27323924623903,-2.702390112340616,follow,-13.884782613790364,99.7,3.9123754651683194
112.6,50.51491374024289,2.4167449400385834,follow,-9.770141130641463,95.18,3.7042350467567786
112.7,49.71491374024289,-8.0,follow,-16.777629389635663,102.55,3.8793393089035946
112.8,50.01491374024289,3.0,follow,-13.52762938963565,98.1,3.6721061858501844
112.9,49.32848378520207,-6.864299550408219,follow,-13.417629389635664,98.44,3.789289660394794
113.0,48.885593683269754,-4.428901019323106,follow,-16.477274322196905,100.47,3.8149889920205484
113.1,48.725866215720494,-1.5972746754925993,follow,-15.731609475095368,99.06,3.8208945142181463
113.2,47.980612419398454,-7.452537963220408,follow,-18.091200676419263,101.18,4.002276460769678
113.3,48.02280778332655,0.4219536392809644,follow,-17.239081370902312,99.21,3.934904864725476
113.4,47.84001858718733,-1.827891961392183,follow,-14.515788325010178,96.55,3.931185949931202
113.5,47.09205224025955,-7.4796634692778525,follow,-17.659972119219006,99.42,4.198115897700189
113.6,47.392052240259545,3.0,follow,-14.341921639610675,94.98,4.109544189873006
113.7,46.59205224025955,-8.0,follow,-17.57192163961068,98.66,4.088338572191773
113.8,46.5271092070571,-0.6494303320244512,follow,-18.351921639610666,98.24,4.318790537547596
113.9,46.121343631160556,-4.057655758965467,follow,-17.929336189414343,97.72,4.208197490728755
114.0,45.799032930642625,-3.2231070051793154,follow,-18.76798455325917,97.95,4.290589106318432
114.1,46.09903293064262,3.0,follow,-14.071450604036059,92.77,4.088759546675508
114.2,45.299032930642625,-8.0,follow,-17.551450604036077,96.7,4.173674416600602
114.3,44.969519702912415,-3.2951322773020877,follow,-20.63145060403606,98.58,4.509705672392512
114.4,44.56681233690888,-4.027073660035342,follow,-21.325720445631376,98.78,4.561151404154387
114.5,44.71267292630279,1.458605893939037,follow,-18.419781494636666,95.27,4.406023266629044
114.6,43.91267292630279,-8.0,follow,-24.96099061054582,102.03,4.855641181769078
114.7,44.21267292630279,3.0,follow,-19.870990610545803,95.74,4.812827333696782
114.8,43.41267292630279,-8.0,follow,-24.830990610545825,101.15,4.761641830617067
114.9,43.373822063477824,-0.38850862824968146,follow,-24.420990610545815,99.54,4.698868773620079
115.0,43.23233351891148,-1.4148854456634012,follow,-21.30926690478327,96.37,4.555998510227693
115.1,42.432333518911484,-8.0,follow,-28.651499721632774,103.5,5.085411945702801
115.2,42.73233351891148,3.0,follow,-21.101499721632777,94.75,4.563552546427234
115.3,41.932333518911484,-8.0,follow,-26.871499721632773,100.97,5.375796351307238
115.4,41.61899550598043,-3.1333801293105665,follow,-28.31149972163277,101.21,5.5098276858442725
115.5,41.77988908695231,1.6089358097187656,follow,-23.84150674102935,96.27,4.835285600013177
115.6,40.97988908695231,-8.0,follow,-29.680166369571538,102.35,5.2949088088191
115.7,41.27988908695231,3.0,follow,-26.030166369571532,97.5,5.18068940520994
115.8,40.47988908695231,-8.0,follow,-27.170166369571547,99.09,5.284831261692894
115.9,40.263782783942546,-2.1610630300976723,follow,-28.280166369571532,99.0,5.563741066308818
116.0,39.9090691528727,-3.5471363106984057,follow,-27.434325824086173,97.83,5.502537796484853
116.1,39.112580617101386,-7.96488535771315,follow,-30.746396270690937,100.61,5.539411062834781
116.2,38.82983388804498,-2.8274672905640728,follow,-31.89112907434793,100.56,6.3206191031047245
116.3,39.12983388804498,3.0,follow,-24.815249167932535,93.06,5.780183860723075
116.4,38.32983388804498,-8.0,follow,-33.35524916793253,102.05,6.027820513470171
116.5,38.62983388804498,3.0,follow,-25.80524916793253,93.3,5.4466377554959635
116.6,37.82983388804498,-8.0,follow,-33.295249167932525,101.24,6.351383628654431
116.7,37.4470724925947,-3.827613954502773,follow,-34.76524916793254,101.51,6.516628849757078
116.8,37.7470724925947,3.0,follow,-28.80939126110796,94.98,6.0431101303853545
116.9,36.9470724925947,-8.0,follow,-30.349391261107954,96.97,6.878733159025684
117.0,37.04737075087619,1.0029825828148873,follow,-29.49939126110796,94.92,6.0623205204927695
117.1,36.24737075087619,-8.0,follow,-31.968943873685717,97.54,6.372093652622664
117.2,36.070997220159896,-1.7637353071629462,follow,-32.88894387368572,97.26,6.250242103635607
117.3,35.2709972201599,-8.0,follow,-36.35350416976014,100.46,6.980753207239086
117.4,34.72064953543745,-5.503476847224434,follow,-39.11350416976015,102.02,7.590406976315789
117.5,34.1722248627861,-5.484246726513483,follow,-40.17902569684382,102.26,8.67917572367728
117.6,34.45863964740793,2.8641478462182306,follow,-35.23166270582084,96.49,7.100784368684451
117.7,33.65863964740793,-8.0,follow,-35.8320405288881,97.52,7.884456397792868
117.8,33.95863964740793,3.0,follow,-32.692040528888114,93.18,7.240858595241559
117.9,33.15863964740793,-8.0,follow,-34.82204052888811,95.76,8.430587022086987
118.0,32.358639647407934,-8.0,follow,-41.232040528888106,100.97,10.336137235525108
118.1,31.727410049831615,-6.312295975763185,follow,-44.34204052888809,102.88,9.262285225668753
118.2,32.027410049831616,3.0,follow,-36.898884925252574,94.49,8.261485737445524
118.3,31.227410049831615,-8.0,follow,-38.32888492525258,96.37,9.907056401068258
118.4,30.807345163797944,-4.200648860336724,follow,-41.18888492525258,98.03,10.235613139489871
118.5,30.240227876850742,-5.671172869472027,follow,-42.70898225430309,98.92,11.860587199849032
118.6,30.28634253425664,0.4611465740589935,follow,-40.359658184723884,95.72,10.374641917379462
118.7,29.48634253425664,-8.0,follow,-43.91048619861505,99.34,10.96910807251771
118.8,29.5440481304055,0.5770559614885968,follow,-42.47048619861504,96.7,11.278219871087506
118.9,28.7440481304055,-8.0,follow,-43.72392780439176,98.04,13.047560821880074
119.0,28.244441944345162,-4.996061860603373,follow,-46.57392780439175,99.69,13.760894319515614
119.1,27.98704150054143,-2.574004438037324,follow,-45.723337083482264,98.09,13.572635495818226
119.2,27.625108067309004,-3.6193343323242573,follow,-44.809437749187865,96.79,14.720670597223094
119.3,27.04685442410647,-5.7825364320253385,follow,-46.30233789903649,97.74,16.32576860503628
119.4,26.664304185829398,-3.825502382770715,follow,-47.22971836384029,97.8,17.703587041942857
119.5,26.30577994855399,-3.585242372754063,follow,-46.963543721255895,96.96,17.11326611347586
119.6,25.800534999319392,-5.052449492345982,follow,-47.83133007716902,97.29,17.0668191690106
119.7,25.00053499931939,-8.0,follow,-54.03919750102091,102.74,21.58160795261217
119.8,24.961790205992017,-0.38744793327374083,follow,-52.189197501020914,99.69,24.127556102782574
119.9,24.58275353199604,-3.790366739959758,follow,-49.71731469101197,97.16,19.343971266172925
120.0,23.78275353199604,-8.0,emergency,-21.354130297994057,25.52,1.3630473720859424
120.1,22.98275353199604,-8.0,emergency,-22.41413029799406,23.26,1.2550752353039478
120.2,22.18275353199604,-8.0,emergency,-21.70413029799406,22.77,1.2522855770954504
120.3,21.382753531996038,-8.0,emergency,-22.544130297994055,20.73,1.167706179361868
120.4,20.582753531996037,-8.0,emergency,-23.13413029799406,18.94,1.0784185956658152
120.5,19.782753531996036,-8.0,emergency,-23.13413029799406,17.74,1.026456806616923
120.6,18.982753531996035,-8.0,emergency,-24.424130297994054,15.25,0.8937596133826369
120.7,18.182753531996035,-8.0,emergency,-24.464130297994053,14.01,0.8413023091395464
120.8,17.382753531996034,-8.0,emergency,-24.744130297994047,12.53,0.7657635357947917
120.9,16.582753531996033,-8.0,emergency,-24.524130297994052,11.55,0.7195027306049874
121.0,15.782753531996033,-8.0,emergency,-24.35413029799405,10.52,0.6665503569242865
121.1,14.982753531996032,-8.0,emergency,-24.604130297994047,9.07,0.6053626912189937
121.2,14.182753531996031,-8.0,emergency,-25.344130297994052,7.13,0.5027232535568534
121.3,13.38275353199603,-8.0,emergency,-25.69413029799405,5.58,0.41695455174147156
121.4,12.58275353199603,-8.0,emergency,-26.104130297994047,3.97,0.31551122652962194
121.5,11.782753531996029,-8.0,emergency,-25.924130297994044,2.95,0.2614609981184368
121.6,10.982753531996028,-8.0,emergency,-25.724130297994044,1.95,0.1957290214735764
121.7,10.182753531996028,-8.0,emergency,-24.514130297994043,1.96,0.23982125391725964
121.8,9.382753531996027,-8.0,emergency,-22.78413029799404,2.49,0.3876841899032318
121.9,8.582753531996026,-8.0,emergency,-20.92413029799404,3.15,0.6903725958263623
122.0,7.782753531996026,-8.0,emergency,-19.114130297994038,3.76,1.4336078301412032
122.1,6.9827535319960266,-8.0,emergency,-16.56413029799404,5.11,4.394740466819295
122.2,7.282753531996026,3.0,follow,14.664130297994042,5.81,22.986820220147692
122.3,7.582753531996026,3.0,follow,13.67413029799404,7.25,
122.4,7.882753531996026,3.0,follow,12.34413029799404,9.03,
122.5,8.182753531996026,3.0,follow,12.104130297994038,9.72,
122.6,8.482753531996027,3.0,follow,11.644130297994037,10.63,
122.7,8.782753531996027,3.0,follow,9.83413029799404,12.89,
122.8,9.082753531996028,3.0,follow,8.19413029799404,14.98,
122.9,9.382753531996029,3.0,follow,6.684130297994042,16.94,
123.0,9.68275353199603,3.0,follow,7.224130297994041,16.85,
123.1,9.98275353199603,3.0,follow,5.244130297994044,19.28,
123.2,10.28275353199603,3.0,follow,4.764130297994043,20.21,
123.3,10.582753531996032,3.0,follow,3.4941302979940474,21.93,
123.4,10.882753531996032,3.0,follow,0.514130297994047,25.36,
123.5,11.182753531996033,3.0,follow,2.4541302979940482,23.87,
123.6,11.482753531996034,3.0,follow,0.07413029799404924,26.7,
123.7,11.782753531996034,3.0,follow,-1.1658697020059492,28.39,
123.8,12.082753531996035,3.0,follow,-2.78586970200595,30.46,
123.9,12.382753531996036,3.0,follow,-2.9658697020059464,31.09,
124.0,12.682753531996037,3.0,follow,-4.225869702005944,32.8,
124.1,12.982753531996037,3.0,follow,-4.575869702005946,33.6,
124.2,13.282753531996038,3.0,follow,-6.315869702005944,35.79,
124.3,13.582753531996039,3.0,follow,-6.69586970200594,36.62,
124.4,13.88275353199604,3.0,follow,-8.845869702005942,39.22,
124.5,14.18275353199604,3.0,follow,-8.735869702005942,39.56,
124.6,14.48275353199604,3.0,follow,-10.69586970200594,41.97,
124.7,14.782753531996041,3.0,follow,-11.235869702005939,42.96,
124.8,15.082753531996042,3.0,follow,-13.825869702005939,46.0,
124.9,15.382753531996043,3.0,follow,-13.305869702005936,45.93,
125.0,15.682753531996044,3.0,follow,-11.895869702005939,44.97,
125.1,15.982753531996044,3.0,follow,-17.335869702005937,50.86,
125.2,16.282753531996043,3.0,follow,-15.155869702005937,49.13,
125.3,16.582753531996044,3.0,follow,-16.55586970200593,50.98,
125.4,16.882753531996045,3.0,follow,-17.665869702005935,52.54,
125.5,17.182753531996045,3.0,follow,-21.945869702005936,57.27,
125.6,17.482753531996046,3.0,follow,-17.105869702005933,52.88,
125.7,17.44888105496388,-0.3387247703216474,follow,-27.235869702005935,63.46,
125.8,17.74888105496388,3.0,follow,-25.216678417554178,61.39,
125.9,18.048881054963882,3.0,follow,-24.78667841755417,61.41,
126.0,18.348881054963883,3.0,follow,-25.326678417554177,62.4,
126.1,18.648881054963883,3.0,follow,-27.026678417554173,64.55,
126.2,18.948881054963884,3.0,follow,-28.54667841755417,66.52,
126.3,19.248881054963885,3.0,follow,-29.876678417554174,68.3,
126.4,19.548881054963886,3.0,follow,-30.766678417554175,69.64,
126.5,19.848881054963886,3.0,follow,-30.86667841755417,70.19,
126.6,20.148881054963887,3.0,follow,-31.796678417554162,71.57,
126.7,20.389773749214807,2.4089269425092183,follow,-33.43667841755416,73.66,
126.8,20.583810841039586,1.940370918247794,follow,-34.97533937617779,75.56,
126.9,20.25907860491569,-3.2473223612389575,follow,-39.77428373844063,80.65,
127.0,20.55907860491569,3.0,follow,-41.031382092626465,81.42,
127.1,20.85907860491569,3.0,follow,-33.931382092626464,74.77,
127.2,20.05907860491569,-8.0,follow,-44.36138209262647,85.65,
127.3,20.35907860491569,3.0,follow,-46.41138209262647,86.5,
127.4,19.996417982891316,-3.6266062202437617,follow,-47.41138209262647,87.95,
127.5,19.96093613164834,-0.3548185124297696,follow,-48.95537302566303,88.95,
127.6,19.160936131648338,-8.0,follow,-55.158595802527486,95.1,
127.7,18.967144296710824,-1.9379183493751384,follow,-57.9285958025275,96.67,
127.8,19.028572395809785,0.6142809909896165,follow,-55.31928355493376,93.77,
127.9,18.228572395809785,-8.0,follow,-60.65714140628533,99.2,
128.0,18.362766513180127,1.3419411737034075,follow,-59.74714140628532,97.09,
128.1,17.7073350781163,-6.554314350638251,follow,-60.235850230229815,97.78,
128.2,16.91374116242314,-7.935939156931617,follow,-65.47899738282555,102.04,
128.3,16.11374116242314,-8.0,follow,-73.36938825636528,108.74,
128.4,15.313741162423138,-8.0,follow,-76.9193882563653,111.09,
128.5,14.58221546921111,-7.315256932120269,follow,-78.71938825636529,111.69,
128.6,13.78221546921111,-8.0,follow,-82.56667679618333,114.44,
128.7,12.98221546921111,-8.0,follow,-85.09667679618333,115.77,
128.8,12.430102030236242,-5.5211343897486795,follow,-84.29667679618333,113.77,
128.9,11.630102030236241,-8.0,follow,-90.88484695464564,119.53,
129.0,10.83010203023624,-8.0,follow,-95.43484695464564,122.88,
129.1,10.03010203023624,-8.0,follow,-98.51484695464565,124.76,
129.2,9.230102030236239,-8.0,follow,-103.37484695464562,128.42,
129.3,8.430102030236238,-8.0,follow,-104.83484695464566,128.68,
129.4,7.630102030236238,-8.0,follow,-106.70484695464563,129.35,
129.5,6.8301020302362385,-8.0,follow,-112.72484695464563,134.17,
129.6,6.030102030236239,-8.0,follow,-111.64484695464563,131.89,
129.7,5.230102030236239,-8.0,follow,-111.40484695464563,130.45,
129.8,4.430102030236239,-8.0,follow,-117.48484695464566,135.33,
129.9,3.6301020302362392,-8.0,follow,-118.27484695464562,134.92,
130.0,3.225979221913893,-4.041228083223459,cruise,,,
130.1,2.567036407637148,-6.589428142767453,cruise,,,
130.2,2.2047392176333136,-3.622971900038344,cruise,,,
130.3,1.6624988214027931,-5.422403962305204,cruise,,,
130.4,1.343450588290584,-3.190482331122091,cruise,,,
130.5,0.8984626873630448,-4.449879009275392,cruise,,,
130.6,0.6221758374553936,-2.762868499076511,cruise,,,
130.7,0.2587714808020202,-3.634043566533734,cruise,,,
130.8,0.02354026660322933,-2.352312141987909,cruise,,,
130.9,0.0,-2.945537525919029,cruise,,,
131.0,0.0,-4.460816786759636,cruise,,,
131.1,0.0,-4.4991389195854765,cruise,,,
131.2,0.0,-4.349138919585478,cruise,,,
131.3,0.0,-4.199138919585479,cruise,,,
131.4,0.0,-4.049138919585481,cruise,,,
131.5,0.0,-3.899138919585482,cruise,,,
131.6,0.0,-3.7491389195854765,cruise,,,
131.7,0.0,-3.599138919585478,cruise,,,
131.8,0.0,-3.4491389195854794,cruise,,,
131.9,0.0,-3.299138919585481,cruise,,,
132.0,0.0,-3.149138919585482,cruise,,,
132.1,0.0,-2.9991389195854765,cruise,,,
132.2,0.0,-2.849138919585478,cruise,,,
132.3,0.0,-2.6991389195854794,cruise,,,
132.4,0.0,-2.549138919585481,cruise,,,
132.5,0.0,-2.399138919585475,cruise,,,
132.6,0.0,-2.2491389195854765,cruise,,,
132.7,0.0,-2.099138919585478,cruise,,,
132.8,0.0,-1.9491389195854794,cruise,,,
132.9,0.0,-1.7991389195854808,cruise,,,
133.0,0.0,-1.649138919585475,cruise,,,
133.1,0.0,-1.4991389195854765,cruise,,,
133.2,0.0,-1.349138919585478,cruise,,,
133.3,0.0,-1.1991389195854794,cruise,,,
133.4,0.0,-1.0491389195854808,cruise,,,
133.5,0.0,-0.8991389195854751,cruise,,,
133.6,0.0,-0.7491389195854765,cruise,,,
133.7,0.0,-0.5991389195854779,cruise,,,
133.8,0.0,-0.44913891958547936,cruise,,,
133.9,0.0,-0.2991389195854808,cruise,,,
134.0,0.0,-0.1491389195854751,cruise,,,
134.1,8.610804145234852e-05,0.0008610804145234852,cruise,,,
134.2,0.015092953630749407,0.15006845589297058,cruise,,,
134.3,0.03135484123423708,0.1626188760348768,cruise,,,
134.4,0.05964559129333721,0.28290750059100134,cruise,,,
134.5,0.08988853858520968,0.3024294729187247,cruise,,,
134.6,0.12989563014654448,0.4000709156133482,cruise,,,
134.7,0.1722256074898766,0.42329977343332104,cruise,,,
134.8,0.2225315661226666,0.5030595863279004,cruise,,,
134.9,0.27530875890489664,0.5277719278223003,cruise,,,
135.0,0.3346380468542527,0.5932928794935606,cruise,,,
135.1,0.3964388250925573,0.6180077823830459,cruise,,,
135.2,0.4636480982985617,0.6720927320600438,cruise,,,
135.3,0.5332336386965331,0.6958554039797136,cruise,,,
135.4,0.6073012836738293,0.7406764497729625,cruise,,,
135.5,0.6835914769485505,0.7629019327472122,cruise,,,
135.6,0.7636070126538939,0.8001553570534341,cruise,,,
135.7,0.8456586066237703,0.8205159396987654,cruise,,,
135.8,0.9308123334023206,0.8515372677855028,cruise,,,
135.9,1.0178005005538067,0.869881671514861,cruise,,,
136.0,1.10737363509849,0.8957313454468334,cruise,,,
136.1,1.1985763327657037,0.9120269766721378,cruise,,,
136.2,1.2919317680484446,0.9335543528274073,cruise,,,
136.3,1.386716395120809,0.9478462707236446,cruise,,,
136.4,1.4832901553152318,0.9657376019442268,cruise,,,
136.5,1.5811021127110216,0.9781195739578976,cruise,,,
136.6,1.680395526401864,0.992934136908424,cruise,,,
136.7,1.7807483676505653,1.0035284124870145,cruise,,,
136.8,1.882320951719307,1.0157258406874163,cruise,,,
136.9,1.9847878709679103,1.0246691924860336,cruise,,,
137.0,2.088250897827308,1.034630268593979,cruise,,,
137.1,2.192457349926028,1.0420645209872,cruise,,,
137.2,2.2974680589064818,1.0501070898045413,cruise,,,
137.3,2.4030853432744395,1.056172843679576,cruise,,,
137.4,2.5093417505366014,1.062564072621619,cruise,,,
137.5,2.6160814197366733,1.0673966920007203,cruise,,,
137.6,2.7233176783725415,1.0723625863586825,cruise,,,
137.7,2.8309266555842805,1.0760897721173883,cruise,,,
137.8,2.9389089173421215,1.079822617578408,cruise,,,
137.9,3.0471652255934703,1.082563082513488,cruise,,,
138.0,3.1556879570470535,1.0852273145358318,cruise,,,
138.1,3.2643969781858964,1.0870902113884284,cruise,,,
138.2,3.3732796865507764,1.0888270836488019,cruise,,,
138.3,3.4822708802877647,1.0899119373698838,cruise,,,
138.4,3.5913552070384855,1.0908432675072106,cruise,,,
138.5,3.700479230564613,1.0912402352612744,cruise,,,
138.6,3.809626374231997,1.0914714366738423,cruise,,,
138.7,3.9187525513591766,1.0912617712717925,cruise,,,
138.8,4.027840984187576,1.0908843282839982,cruise,,,
138.9,4.136855080023498,1.090140958359214,cruise,,,
139.0,4.245778526413081,1.0892344638958313,cruise,,,
139.1,4.354580789529779,1.0880226311669787,cruise,,,
139.2,4.463246437296016,1.0866564776623733,cruise,,,
139.3,4.571749876392025,1.0850343909600895,cruise,,,
139.4,4.6800767947944975,1.0832691840247222,cruise,,,
139.5,4.788205661146107,1.0812886635160979,cruise,,,
139.6,4.896123402345641,1.0791774119953352,cruise,,,
139.7,5.00381185302172,1.0768845067607877,cruise,,,
139.8,5.1112592161089205,1.07447363087201,cruise,,,
139.9,5.218450136088706,1.0719091997978616,cruise,,,
140.0,5.3253740750888054,1.0692393900009876,cruise,,,
140.1,5.432018039155095,1.0664396406628995,cruise,,,
140.2,5.538372698460901,1.0635465930580636,cruise,,,
140.3,5.644427056109169,1.0605435764826794,cruise,,,
140.4,5.750172918637619,1.0574586252845002,cruise,,,
140.5,5.85560098729919,1.0542806866157086,cruise,,,
140.6,5.960704122321227,1.05103135022037,cruise,,,
140.7,6.065474475991088,1.047703536698613,cruise,,,
140.8,6.169905875064307,1.044313990732185,cruise,,,
140.9,6.2739917169885215,1.040858419242145,cruise,,,
141.0,6.377726707742542,1.0373499075402037,cruise,,,
141.1,6.481105317188363,1.0337860944582147,cruise,,,
141.2,6.584123045888652,1.0301772870028927,cruise,,,
141.3,6.686775290218384,1.0265224432973277,cruise,,,
141.4,6.789058265079887,1.0228297486150275,cruise,,,
141.5,6.890968169400053,1.0190990432016669,cruise,,,
141.6,6.9925018575501685,1.0153368815011525,cruise,,,
141.7,7.093656225129538,1.0115436757936962,cruise,,,
141.8,7.194428696943411,1.0077247181387285,cruise,,,
141.9,7.2948167744035475,1.0038807746013632,cruise,,,
142.0,7.394818389664256,1.0000161526070883,cruise,,,
142.1,7.494431571658389,0.996131819941322,cruise,,,
142.2,7.593654702640657,0.992231309822678,cruise,,,
142.3,7.692486271363225,0.9883156872256826,cruise,,,
142.4,7.790925058511161,0.9843878714793597,cruise,,,
142.5,7.888969953931798,0.9804489542063699,cruise,,,
142.6,7.986620090306828,0.9765013637503053,cruise,,,
142.7,8.083874707508189,0.9725461720136009,cruise,,,
142.8,8.18073324863057,0.9685854112238097,cruise,,,
142.9,8.27719525905713,0.9646201042655953,cruise,,,
143.0,8.373260455159633,0.9606519610250251,cruise,,,
143.1,8.468928648961503,0.9566819380187006,cruise,,,
143.2,8.564199797023171,0.9527114806166885,cruise,,,
143.3,8.659073944011089,0.9487414698791703,cruise,,,
143.4,8.753551257247452,0.9447731323636184,cruise,,,
143.5,8.847631984268073,0.9408072702062178,cruise,,,
143.6,8.941316477026678,0.9368449275860478,cruise,,,
143.7,9.03460515982535,0.9328868279867137,cruise,,,
143.8,9.127498546076215,0.9289338625086431,cruise,,,
143.9,9.219997213942184,0.924986678659689,cruise,,,
144.0,9.31210181776518,0.9210460382299566,cruise,,,
144.1,9.403813069454914,0.9171125168973369,cruise,,,
144.2,9.495131746113765,0.9131867665885096,cruise,,,
144.3,9.586058675725202,0.9092692961143563,cruise,,,
144.4,9.676594742083331,0.9053606635813054,cruise,,,
144.5,9.766740873710091,0.9014613162676001,cruise,,,
144.6,9.85649804688988,0.8975717317978962,cruise,,,
144.7,9.945867277022225,0.8936923013234512,cruise,,,
144.8,10.034849620338138,0.8898234331591297,cruise,,,
144.9,10.123446167099114,0.8859654676097719,cruise,,,
145.0,10.211658042409171,0.8821187531005705,cruise,,,
145.1,10.299486400821555,0.8782835841238494,cruise,,,
145.2,10.386932426542177,0.8744602572062128,cruise,,,
145.3,10.473997329116466,0.870649025742896,cruise,,,
145.4,10.56068234323435,0.866850141178837,cruise,,,
145.5,10.646988725251592,0.8630638201724389,cruise,,,
145.6,10.732917752744651,0.85929027493059,cruise,,,
145.7,10.81847072168152,0.8555296893686837,cruise,,,
145.8,10.903648945830074,0.8517822414855409,cruise,,,
145.9,10.98845375443854,0.8480480860846634,cruise,,,
146.0,11.072886491568843,0.8443273713030309,cruise,,,
146.1,11.15694851418025,0.8406202261140763,cruise,,,
146.2,11.24064119143632,0.8369267725606981,cruise,,,
146.3,11.323965903110214,0.8332471167389387,cruise,,,
146.4,11.406924038897422,0.8295813578720868,cruise,,,
146.5,11.489516997080067,0.825929581826447,cruise,,,
146.6,11.571746183865905,0.8222918678583896,cruise,,,
146.7,11.653613012262955,0.8186682839705028,cruise,,,
146.8,11.735118901457257,0.8150588919430284,cruise,,,
146.9,11.816265275859715,0.8114637440245822,cruise,,,
147.0,11.897053564529422,0.807882886697076,cruise,,,
147.1,11.977485200362699,0.8043163583327733,cruise,,,
147.2,12.057561619564945,0.8007641920224629,cruise,,,
147.3,12.137284260957967,0.7972264139302326,cruise,,,
147.4,12.216654565500722,0.7937030454275488,cruise,,,
147.5,12.295673975695815,0.7901941019509274,cruise,,,
147.6,12.374343935157778,0.786699594619634,cruise,,,
147.7,12.452665888103228,0.7832195294544881,cruise,,,
147.8,12.530641278964387,0.7797539086115819,cruise,,,
147.9,12.608271551950152,0.7763027298576475,cruise,,,
148.0,12.685558150701969,0.7728659875181627,cruise,,,
148.1,12.762502517915376,0.7694436721340665,cruise,,,
148.2,12.839106095034943,0.7660357711956642,cruise,,,
148.3,12.915370321927716,0.7626422689277348,cruise,,,
148.4,12.991296636613827,0.7592631468611017,cruise,,,
148.5,13.066886474984631,0.7558983837080469,cruise,,,
148.6,13.142141270565688,0.752547955810563,cruise,,,
148.7,13.217062454273535,0.749211837078466,cruise,,,
148.8,13.29165145420787,0.7458899993433548,cruise,,,
148.9,13.36590969544179,0.7425824123392104,cruise,,,
149.0,13.43983859984025,0.7392890439846127,cruise,,,
149.1,13.513439585879345,0.73600986039094,cruise,,,
149.2,13.586714068488298,0.7327448260895366,cruise,,,
149.3,13.65966345889405,0.729493904057513,cruise,,,
149.4,13.732289164484222,0.7262570559017192,cruise,,,
149.5,13.804592588673799,0.7230342418957676,cruise,,,
149.6,13.876575130786764,0.7198254211296415,cruise,,,
149.7,13.94823818594207,0.7166305515530702,cruise,,,
149.8,14.019583144951893,0.7134495900982216,cruise,,,
149.9,14.09061139422445,0.7102824927255647,cruise,,,
150.0,14.161324315677,0.7071292145255086,cruise,,,
