time,ego_speed,acceleration_cmd,mode,distance_error,distance,ttc
0.0,0.0,3.0,cruise,,,
0.1,0.30000000000000004,3.0,cruise,,,
0.2,0.6000000000000001,3.0,cruise,,,
0.3,0.9000000000000001,3.0,cruise,,,
0.4,1.2000000000000002,3.0,cruise,,,
0.5,1.5000000000000002,3.0,cruise,,,
0.6,1.8000000000000003,3.0,cruise,,,
0.7,2.1000000000000005,3.0,cruise,,,
0.8,2.4000000000000004,3.0,cruise,,,
0.9,2.7,3.0,cruise,,,
1.0,3.0,3.0,cruise,,,
1.1,3.3,3.0,cruise,,,
1.2,3.5999999999999996,3.0,cruise,,,
1.3,3.8999999999999995,3.0,cruise,,,
1.4,4.199999999999999,3.0,cruise,,,
1.5,4.499999999999999,3.0,cruise,,,
1.6,4.799999999999999,3.0,cruise,,,
1.7,5.099999999999999,3.0,cruise,,,
1.8,5.399999999999999,3.0,cruise,,,
1.9,5.699999999999998,3.0,cruise,,,
2.0,5.999999999999998,3.0,cruise,,,
2.1,6.299999999999998,3.0,cruise,,,
2.2,6.599999999999998,3.0,cruise,,,
2.3,6.899999999999998,3.0,cruise,,,
2.4,7.1999999999999975,3.0,cruise,,,
2.5,7.499999999999997,3.0,cruise,,,
2.6,7.799999999999997,3.0,cruise,,,
2.7,8.099999999999998,3.0,cruise,,,
2.8,8.399999999999999,3.0,cruise,,,
2.9,8.7,3.0,cruise,,,
3.0,9.0,3.0,cruise,,,
3.1,9.3,3.0,cruise,,,
3.2,9.600000000000001,3.0,cruise,,,
3.3,9.900000000000002,3.0,cruise,,,
3.4,10.200000000000003,3.0,cruise,,,
3.5,10.500000000000004,3.0,cruise,,,
3.6,10.800000000000004,3.0,cruise,,,
3.7,11.100000000000005,3.0,cruise,,,
3.8,11.400000000000006,3.0,cruise,,,
3.9,11.700000000000006,3.0,cruise,,,
4.0,12.000000000000007,3.0,cruise,,,
4.1,12.300000000000008,3.0,cruise,,,
4.2,12.600000000000009,3.0,cruise,,,
4.3,12.90000000000001,3.0,cruise,,,
4.4,13.20000000000001,3.0,cruise,,,
4.5,13.50000000000001,3.0,cruise,,,
4.6,13.800000000000011,3.0,cruise,,,
4.7,14.100000000000012,3.0,cruise,,,
4.8,14.400000000000013,3.0,cruise,,,
4.9,14.700000000000014,3.0,cruise,,,
5.0,15.000000000000014,3.0,cruise,,,
5.1,15.300000000000015,3.0,cruise,,,
5.2,15.600000000000016,3.0,cruise,,,
5.3,15.900000000000016,3.0,cruise,,,
5.4,16.200000000000017,3.0,cruise,,,
5.5,16.500000000000018,3.0,cruise,,,
5.6,16.80000000000002,3.0,cruise,,,
5.7,17.10000000000002,3.0,cruise,,,
5.8,17.40000000000002,3.0,cruise,,,
5.9,17.70000000000002,3.0,cruise,,,
6.0,18.00000000000002,3.0,cruise,,,
6.1,18.300000000000022,3.0,cruise,,,
6.2,18.600000000000023,3.0,cruise,,,
6.3,18.900000000000023,3.0,cruise,,,
6.4,19.200000000000024,3.0,cruise,,,
6.5,19.500000000000025,3.0,cruise,,,
6.6,19.800000000000026,3.0,cruise,,,
6.7,20.100000000000026,3.0,cruise,,,
6.8,20.400000000000027,3.0,cruise,,,
6.9,20.700000000000028,3.0,cruise,,,
7.0,21.00000000000003,3.0,cruise,,,
7.1,21.30000000000003,3.0,cruise,,,
7.2,21.60000000000003,3.0,cruise,,,
7.3,21.90000000000003,3.0,cruise,,,
7.4,22.20000000000003,3.0,cruise,,,
7.5,22.500000000000032,3.0,cruise,,,
7.6,22.800000000000033,3.0,cruise,,,
7.7,23.100000000000033,3.0,cruise,,,
7.8,23.400000000000034,3.0,cruise,,,
7.9,23.700000000000035,3.0,cruise,,,
8.0,24.000000000000036,2.909999999999982,cruise,,,
8.1,24.291000000000032,2.767199999999985,cruise,,,
8.2,24.56772000000003,2.633123999999986,cruise,,,
8.3,24.83103240000003,2.505490079999985,cruise,,,
8.4,25.08158140800003,2.384044593599985,cruise,,,
8.5,25.319985867360028,2.2684857285119864,cruise,,,
8.6,25.546834440211228,2.158528208039026,cruise,,,
8.7,25.76268726101513,2.0539005232512637,cruise,,,
8.8,25.968077313340256,1.9543443276323345,cruise,,,
8.9,26.163511746103488,1.8596137971192863,cruise,,,
9.0,26.34947312581542,1.7694750231787117,cruise,,,
9.1,26.52642062813329,1.6837054352379925,cruise,,,
9.2,26.69479117165709,1.6020932511143147,cruise,,,
9.3,26.855000496768522,1.5244369540823097,cruise,,,
9.4,27.007444192176752,1.4505447952891548,cruise,,,
9.5,27.15249867170567,1.380234320288491,cruise,,,
9.6,27.290522103734517,1.3133319185240868,cruise,,,
9.7,27.421855295586926,1.2496723946508141,cruise,,,
9.8,27.54682253505201,1.189098560634471,cruise,,,
9.9,27.665732391115455,1.1314608476232386,cruise,,,
10.0,27.77887847587778,1.0766169366324134,cruise,,,
10.1,27.88654016954102,1.0244314071305165,cruise,,,
10.2,27.988983310254074,0.974775402659047,cruise,,,
10.3,28.08646085051998,0.9275263126602379,cruise,,,
10.4,28.179213481786004,0.882567469727191,cruise,,,
10.5,28.26747022875872,0.8397878615288239,cruise,,,
10.6,28.351449014911605,0.7990818566983325,cruise,,,
10.7,28.431357200581438,0.7603489440083312,cruise,,,
10.8,28.507392094982272,0.7234934841886137,cruise,,,
10.9,28.579741443401133,0.6884244737737752,cruise,,,
11.0,28.64858389077851,0.6550553203975312,cruise,,,
11.1,28.714089422818265,0.6233036289789411,cruise,,,
11.2,28.776419785716158,0.5930909982725534,cruise,,,
11.3,28.835728885543414,0.564342827280116,cruise,,,
11.4,28.892163168271427,0.5369881310458826,cruise,,,
11.5,28.945861981376016,0.5109593653806155,cruise,,,
11.6,28.996957917914077,0.4861922600815429,cruise,,,
11.7,29.04557714392223,0.4626256602364389,cruise,,,
11.8,29.091839709945873,0.4402013752199707,cruise,,,
11.9,29.13585984746787,0.41886403500946584,cruise,,,
12.0,29.177746250968816,0.39856095346530795,cruise,,,
12.1,29.217602346315346,0.37924199823836846,cruise,,,
12.2,29.255526546139183,0.360859466983257,cruise,,,
12.3,29.29161249283751,0.3433679695717483,cruise,,,
12.4,29.325949289794682,0.32672431601550683,cruise,,,
12.5,29.358621721396233,0.3108874098214184,cruise,,,
12.6,29.389710462378375,0.2958181465161701,cruise,,,
12.7,29.419292277029992,0.28147931708951857,cruise,,,
12.8,29.447440208738943,0.2678355161178434,cruise,,,
12.9,29.47422376035073,0.2548530543411001,cruise,,,
13.0,29.499709065784838,0.24249987547734797,cruise,,,
13.1,29.52395905333257,0.23074547706939405,cruise,,,
13.2,29.547033601039512,0.21956083516816172,cruise,,,
13.3,29.56898968455633,0.20891833266679108,cruise,,,
13.4,29.589881517823006,0.19879169110849376,cruise,,,
13.5,29.609760686933857,0.18915590579981617,cruise,,,
13.6,29.62867627751384,0.17998718406908515,cruise,,,
13.7,29.646674995920748,0.1712628865175539,cruise,,,
13.8,29.663801284572504,0.16296147111822137,cruise,,,
13.9,29.680097431684327,0.1550624400242892,cruise,,,
14.0,29.695603675686755,0.14754628895589442,cruise,,,
14.1,29.710358304582343,0.14039445904015224,cruise,,,
14.2,29.724397750486357,0.13358929098561703,cruise,,,
14.3,29.73775667958492,0.1271139814779719,cruise,,,
14.4,29.750468077732716,0.12095254168930296,cruise,,,
14.5,29.762563331901646,0.11508975779849813,cruise,,,
14.6,29.774072307681497,0.10951115342529646,cruise,,,
14.7,29.785023423024025,0.10420295388522867,cruise,,,
14.8,29.79544371841255,0.09915205217716797,cruise,,,
14.9,29.805358923630266,0.09434597661955238,cruise,,,
15.0,29.81479352129222,0.08977286005530374,cruise,,,
15.1,29.823770807297752,0.08542141054946448,cruise,,,
15.2,29.832312948352698,0.08128088350716745,cruise,,,
15.3,29.840441036703414,0.07734105514307821,cruise,,,
15.4,29.848175142217723,0.07359219723684554,cruise,,,
15.5,29.85553436194141,0.0700250531121899,cruise,,,
15.6,29.86253686725263,0.06663081478031926,cruise,,,
15.7,29.86919994873066,0.06340110119126052,cruise,,,
15.8,29.875540058849786,0.060327937539369006,cruise,,,
15.9,29.881572852603725,0.057403735571956105,cruise,,,
16.0,29.88731322616092,0.05462127485238142,cruise,,,
16.1,29.892775353646158,0.051973684931349594,cruise,,,
16.2,29.897972722139293,0.04945442838241263,cruise,,,
16.3,29.902918164977535,0.0470572846597598,cruise,,,
16.4,29.90762389344351,0.04477633473845231,cruise,,,
16.5,29.912101526917354,0.04260594649916989,cruise,,,
16.6,29.91636212156727,0.0405407608213892,cruise,,,
16.7,29.92041619764941,0.03857567835065403,cruise,,,
16.8,29.924273765484475,0.036705846907242545,cruise,,,
16.9,29.9279443501752,0.034926649505183247,cruise,,,
17.0,29.931437015125717,0.033233692951986527,cruise,,,
17.1,29.934760384420915,0.03162279700098267,cruise,,,
17.2,29.937922664121015,0.030089984029462967,cruise,,,
17.3,29.940931662523962,0.028631469217134865,cruise,,,
17.4,29.943794809445674,0.027243651200649664,cruise,,,
17.5,29.94651917456574,0.02592310318111011,cruise,,,
17.6,29.94911148488385,0.024666564462641462,cruise,,,
17.7,29.951578141330113,0.02347093240106446,cruise,,,
17.8,29.95392523457022,0.02233325474285728,cruise,,,
17.9,29.956158560044507,0.021250722335460638,cruise,,,
18.0,29.958283632278054,0.020220662190909167,cruise,,,
18.1,29.960305698497145,0.01924053088570048,cruise,,,
18.2,29.962229751585713,0.018307908280572605,cruise,,,
18.3,29.96406054241377,0.01742049154469889,cruise,,,
18.4,29.965802591568238,0.016576089469540277,cruise,,,
18.5,29.96746020051519,0.015772617058318516,cruise,,,
18.6,29.969037462221024,0.015008090377737916,cruise,,,
18.7,29.9705382712588,0.014280621659267467,cruise,,,
18.8,29.971966333424728,0.013588414637857583,cruise,,,
18.9,29.973325174888515,0.012929760116606204,cruise,,,
19.0,29.974618150900177,0.012303031746412785,cruise,,,
19.1,29.975848454074818,0.011706682010198931,cruise,,,
19.2,29.977019122275838,0.011139238401775131,cruise,,,
19.3,29.978133046116014,0.010599299789940276,cruise,,,
19.4,29.979192976095007,0.010085532958798637,cruise,,,
19.5,29.980201529390886,0.009596669315793348,cruise,,,
19.6,29.981161196322464,0.009131501759294381,cruise,,,
19.7,29.982074346498393,0.008688881698024531,cruise,,,
19.8,29.982943234668195,0.008267716214962206,cruise,,,
19.9,29.983770006289692,0.007866965368704727,cruise,,,
20.0,29.984556702826563,0.00748563962565747,cruise,,,
20.1,29.98530526678913,0.007122797416664994,cruise,,,
20.2,29.986017546530796,0.006777542812102055,cruise,,,
20.3,29.986695300812006,0.006449023309634328,cruise,,,
20.4,29.98734020314297,0.006136427729225247,cruise,,,
20.5,29.987953845915893,0.005838984210176789,cruise,,,
20.6,29.98853774433691,0.005555958305240338,cruise,,,
20.7,29.989093340167432,0.005286651167126876,cruise,,,
20.8,29.989622005284144,0.005030397822914878,cruise,,,
20.9,29.990125045066435,0.004786565532095111,cruise,,,
21.0,29.990603701619644,0.004554552224215058,cruise,,,
21.1,29.991059156842066,0.004333785012240199,cruise,,,
21.2,29.99149253534329,0.0041237187779874064,cruise,,,
21.3,29.99190490722109,0.0039238348261143585,cruise,,,
21.4,29.992297290703704,0.0037336396033644803,cruise,,,
21.5,29.99267065466404,0.003552663479879925,cruise,,,
21.6,29.993025921012027,0.0033804595895901455,cruise,,,
21.7,29.993363966970986,0.003216602726819673,cruise,,,
21.8,29.993685627243668,0.0030606882963613914,cruise,,,
21.9,29.993991696073305,0.002912331314456296,cruise,,,
22.0,29.99428292920475,0.0027711654581910493,cruise,,,
22.1,29.99456004575057,0.0026368421609682,cruise,,,
22.2,29.99482372996667,0.0025090297518364224,cruise,,,
22.3,29.99507463294185,0.0023874126365200253,cruise,,,
22.4,29.9953133742055,0.002271690518153946,cruise,,,
22.5,29.995540543257317,0.0021615776557972312,cruise,,,
22.6,29.995756701022895,0.002056802158879023,cruise,,,
22.7,29.995962381238783,0.0019571053158419006,cruise,,,
22.8,29.99615809177037,0.0018622409553401553,cruise,,,
22.9,29.9963443158659,0.001771974838389667,cruise,,,
23.0,29.99652151334974,0.0016860840799775901,cruise,,,
23.1,29.996690121757737,0.001604356598732437,cruise,,,
23.2,29.99685055741761,0.0015265905932338342,cruise,,,
23.3,29.997003216476934,0.0014525940437358996,cruise,,,
23.4,29.997148475881307,0.0013821842380345116,cruise,,,
23.5,29.99728669430511,0.0013151873203039344,cruise,,,
23.6,29.99741821303714,0.0012514378618213584,cruise,,,
23.7,29.99754335682332,0.0011907784524847643,cruise,,,
23.8,29.99766243466857,0.0011330593121407161,cruise,,,
23.9,29.997775740599785,0.0010781379207429609,cruise,,,
24.0,29.99788355439186,0.0010258786664486762,cruise,,,
24.1,29.997986142258505,0.0009761525107538915,cruise,,,
24.2,29.99808375750958,0.000928836669887545,cruise,,,
24.3,29.998176641176567,0.0008838143116204122,cruise,,,
24.4,29.99826502260773,0.0008409742667868869,cruise,,,
24.5,29.99834912003441,0.000800210754792019,cruise,,,
24.6,29.998429141109888,0.0007614231224120971,cruise,,,
24.7,29.99850528342213,0.0007245155952624316,cruise,,,
24.8,29.998577734981655,0.0006893970413148764,cruise,,,
24.9,29.998646674685787,0.0006559807458668132,cruise,,,
25.0,29.998712272760375,0.0006241841974357953,cruise,,,
25.1,29.99877469118012,0.0005939288840163925,cruise,,,
25.2,29.998834084068523,0.0005651400992174871,cruise,,,
25.3,29.998890598078447,0.0005377467577996953,cruise,,,
25.4,29.998944372754227,0.000511681220152127,cruise,,,
25.5,29.998995540876244,0.000486879125272921,cruise,,,
25.6,29.999044228788772,0.00046327923185529585,cruise,,,
25.7,29.99909055671196,0.00044082326706451624,cruise,,,
25.8,29.999134639038665,0.0004194557826554757,cruise,,,
25.9,29.99917658461693,0.0003991240180560851,cruise,,,
26.0,29.999216497018736,0.00037977777008997294,cruise,,,
26.1,29.999254474795745,0.0003613692690251469,cruise,,,
26.2,29.999290611722646,0.0003438530606064916,cruise,,,
26.3,29.999324997028708,0.0003271858938273198,cruise,,,
26.4,29.999357715618093,0.00031132661413835194,cruise,,,
26.5,29.999388848279505,0.0002962360618237625,cruise,,,
26.6,29.999418471885686,0.0002818769753023531,cruise,,,
26.7,29.999446659583217,0.00026821389913216364,cruise,,,
26.8,29.99947348097313,0.0002552130964613042,cruise,,,
26.9,29.999499002282775,0.00024284246571895096,cruise,,,
27.0,29.999523286529346,0.0002310714613557252,cruise,,,
27.1,29.99954639367548,0.0002198710184195818,cruise,,,
27.2,29.999568380777323,0.0002092134807860191,cruise,,,
27.3,29.9995893021254,0.00019907253287634318,cruise,,,
27.4,29.99960920937869,0.00018942313466823179,cruise,,,
27.5,29.999628151692157,0.00018024145988135843,cruise,,,
27.6,29.999646175838144,0.0001715048371316641,cruise,,,
27.7,29.99966332632186,0.00016319169395657697,cruise,,,
27.8,29.999679645491256,0.0001552815035530841,cruise,,,
27.9,29.999695173641612,0.00014775473408690232,cruise,,,
28.0,29.999709949115022,0.0001405928004658108,cruise,,,
28.1,29.99972400839507,0.00013377801845066984,cruise,,,
28.2,29.999737386196916,0.00012729356098830635,cruise,,,
28.3,29.999750115553013,0.00012112341666430382,cruise,,,
28.4,29.999762227894678,0.00011525235016165424,cruise,,,
28.5,29.999773753129695,0.00010966586464746796,cruise,,,
28.6,29.99978471971616,0.00010435016598009383,cruise,,,
28.7,29.99979515473276,9.929212864108194e-05,cruise,,,
28.8,29.999805083945624,9.447926332839529e-05,cruise,,,
28.9,29.999814531871955,8.989968612311827e-05,cruise,,,
29.0,29.999823521840568,8.554208913196249e-05,cruise,,,
29.1,29.999832076049483,8.139571258425349e-05,cruise,,,
29.2,29.99984021562074,7.745031825301396e-05,cruise,,,
29.3,29.999847960652566,7.369616416887936e-05,cruise,,,
29.4,29.999855330268982,7.012398058421354e-05,cruise,,,
29.5,29.99986234266704,6.672494706272403e-05,cruise,,,
29.6,29.999869015161746,6.349067071518278e-05,cruise,,,
29.7,29.999875364228817,6.041316547005238e-05,cruise,,,
29.8,29.999881405545363,5.748483235485935e-05,cruise,,,
29.9,29.9998871540286,5.469844072969465e-05,cruise,,,
30.0,29.99989262387267,-4.065574188004229,follow,-2.899838935809008,52.1,11.252960755798476
30.1,29.59333520507225,-0.9656556241965002,follow,-2.752992069995642,51.637010737612734,11.002199604623767
30.2,29.496769642652602,-1.5729366921324741,follow,-3.0774772468734,51.167677217105506,12.770306701043824
30.3,29.339475973439356,-1.4855669872928896,follow,-3.2422137073187827,50.76700025284025,15.867285978793275
30.4,29.190919274710065,-1.4634667483106434,follow,-3.339326256568782,50.447052655496314,11.541520097930109
30.5,29.044572599879,-1.6780686767184063,follow,-3.5568981717931933,50.009960728025305,11.83787461232355
30.6,28.87676573220716,-1.706997793626744,follow,-3.7276451302733378,49.587503468037404,18.387768309208166
30.7,28.706065952844487,-1.5628110450628847,follow,-3.7412720344500414,49.31782689481669,15.77632322502381
30.8,28.5497848483382,-1.6662819687671588,follow,-3.819456972975061,49.00522029953224,12.566134339543025
30.9,28.383156651461483,-1.7920666818933608,follow,-3.9594931624938,48.61524181469842,16.35138928545899
31.0,28.203949983272146,-1.6999144180323464,follow,-3.9879988253559517,48.31792614955227,13.595556036797571
31.1,28.033958541468913,-1.8201565383634595,follow,-4.088406660978315,47.96253115122506,14.173498452615618
31.2,27.851942887632568,-1.8195775835591577,follow,-4.153779034370686,47.62413529707817,17.82378490105931
31.3,27.66998512927665,-1.7544619952591123,follow,-4.1480366856000614,47.35694100831491,11.550515310446986
31.4,27.49453892975074,-1.9743549749225289,follow,-4.294865899238857,46.94694249538725,12.404930525705895
31.5,27.297103432258485,-1.9515009998070612,follow,-4.377166545975555,46.568488602412174,17.139019460773316
31.6,27.10195333227778,-1.8484919271055245,follow,-4.3561517392303415,46.296778259186325,16.176636333318363
31.7,26.91710413956723,-1.890727042244263,follow,-4.365073283392299,46.010582925958545,27.434541386220282
31.8,26.728031435342803,-1.7280457480324556,follow,-4.249174641012388,45.84287251200182,19.03748922840607
31.9,26.55522686053956,-1.826640726118223,follow,-4.230770922341797,45.60206936846754,17.437137120509384
32.0,26.372562787927738,-1.8360182477784908,follow,-4.218297499478027,45.34054668241358,166.34899806805103
32.1,26.18896096314989,-1.5090269310008666,follow,-3.9701510411040246,45.313290403620805,33.34407067778506
32.2,26.038058270049802,-1.638291654901212,follow,-3.879693097768886,45.17739430730582,45.72341093307049
32.3,25.87422910455968,-1.530502018867152,follow,-3.7327551765386886,45.07858848030084,23.185841820071914
32.4,25.721178902672968,-1.6356217963419368,follow,-3.6976027841645873,44.88416556984487,39.67910421930952
32.5,25.557616723038773,-1.4927894126683994,follow,-3.5653774049805875,44.77104767957757,93.73844239524853
32.6,25.408337781771934,-1.3851737977482366,follow,-3.389220665384208,44.72328600727369,35.26133704287588
32.7,25.26982040199711,-1.4546278860133521,follow,-3.3082783738991637,44.5964522290965,
32.8,25.124357613395773,-1.2348513101775846,follow,-3.089066231196874,44.597470188896786,77.64756512101116
32.9,25.000872482378014,-1.2810772922100069,follow,-2.9612742960098117,44.54003442755721,201.65497280611444
33.0,24.872764753157014,-1.1763475434667252,follow,-2.7911999504161145,44.51794717931941,137.92691656657757
33.1,24.755129998810343,-1.1498700189628204,follow,-2.6470242942118105,44.4856707040037,
33.2,24.64014299691406,-0.8283132846008825,follow,-2.3110567912484257,44.649157704122665,
33.3,24.557311668453973,-0.9456586655625476,follow,-2.1518240982496977,44.68414340443126,128.65719025029827
33.4,24.462745801897718,-0.9590160853072238,follow,-2.0447064652607168,44.649412237585864,
33.5,24.366844193366994,-0.7062950099126678,follow,-1.7851286326543985,44.76513765739609,156.06081173176287
33.6,24.296214692375727,-0.8611248151097182,follow,-1.707868800504201,44.73645323805939,
33.7,24.210102210864754,-0.6396031361144235,follow,-1.4923215474753135,44.822831768821814,65.90602273124415
33.8,24.14614189725331,-0.8189768226766383,follow,-1.4643912981446263,44.75482154773534,306.2422370920817
33.9,24.06424421498565,-0.698094122789634,follow,-1.356158964468463,44.74020735801001,
34.0,23.994434802706685,-0.5100066193130628,follow,-1.1428692675485834,44.84878293651145,
34.1,23.94343414077538,-0.4002374220659797,follow,-0.9108117549222925,45.00433945624078,
34.2,23.903410398568784,-0.3835900948783586,follow,-0.7321195556899411,45.12299604216324,
34.3,23.86505138908095,-0.34195367414851785,follow,-0.5739220813150681,45.22365500230636,
34.4,23.830856021666097,-0.3025123397617349,follow,-0.432134169100884,45.314149863398264,
34.5,23.800604787689924,-0.3732541894998105,follow,-0.3808429203032304,45.32006426123166,
34.6,23.763279368739944,-0.25436455932038654,follow,-0.2589152706472504,45.386003782462666,
34.7,23.737842912807906,-0.19899894018992664,follow,-0.1320885236231888,45.47467584558867,
34.8,23.717943018788915,1.2885328117771864,follow,0.10297702612450621,45.67989155430788,
34.9,23.846796299966634,-0.5825680449060506,follow,0.0639028024790349,45.83409725242899,274.79085124548664
35.0,23.78853949547603,1.2702178686964392,follow,0.13460837921827817,45.81741762243232,
35.1,23.915561282345674,0.2207760799179276,follow,0.08922174936621019,45.96256367288472,
35.2,23.937638890337468,0.25800583410392725,follow,0.13554920914395296,46.042007544650154,
35.3,23.96343947374786,1.0855419502712877,follow,0.15208444499461393,46.09724365561641,
35.4,24.07199366877499,0.9531049274809835,follow,0.13890920507913762,46.24689970824162,
35.5,24.167304161523088,0.7773697832405922,follow,0.16574409907948962,46.41670034136412,
35.6,24.245041139847146,-0.2850394350014394,follow,0.2024082154410891,46.56996992521181,
35.7,24.216537196347,0.5022196173651746,follow,0.2576600167065948,46.582465811227095,
35.8,24.26675915808352,0.6957809514784266,follow,0.23767335446711257,46.637812091592394,
35.9,24.336337253231363,0.8959594317796068,follow,0.2316302959369949,46.73613617578404,
36.0,24.425933196409325,-0.1669833572270935,follow,0.23660265584691587,46.87550245046091,
36.1,24.409234860686617,0.40003518709214525,follow,0.28305683979004925,46.89690913081998,
36.2,24.44923837939583,-0.2722299729179827,follow,0.2681280756575717,46.94198564475131,168.10721272024637
36.3,24.422015382104032,-0.07757908237962603,follow,0.2810387336556843,46.91406180681173,145.6888844883057
36.4,24.41425747386607,1.1359103863017381,follow,0.2604740578022273,46.88186026860133,
36.5,24.52784851249624,0.8947232219199026,follow,0.20966175247035324,47.00143452121472,
36.6,24.617320834688233,-0.10361130826498482,follow,0.2246684179327474,47.1506496699651,
36.7,24.606959703861733,0.9155497534391632,follow,0.2734780307036786,47.18391758649628,
36.8,24.69851467920565,0.193153680214132,follow,0.25044959730163185,47.298221616110105,
36.9,24.717830047227064,-0.23119951222751067,follow,0.2786250773489485,47.35537014818954,239.37400213950394
37.0,24.694710096004314,0.6204009882737406,follow,0.29352199946036706,47.33558714346684,
37.1,24.75675019483169,1.0209035885739328,follow,0.2579908416188701,47.39311613386641,
37.2,24.85884055368908,-0.2504160681057385,follow,0.24418028384961588,47.53244111438324,
37.3,24.833798946878506,1.1429682258055025,follow,0.2928586386965719,47.54355705901433,
37.4,24.948095769459055,-1.8498907871694612,follow,0.2550335101378991,47.67717716432648,24.986784168513164
37.5,24.76310669074211,1.3891807035590698,follow,0.3417075512674117,47.48636758738058,
37.6,24.902024761098016,-0.0742187643576109,follow,0.21901977665934425,47.572056918306366,
37.7,24.894602884662255,-0.05417210662390701,follow,0.24695011520317678,47.58885444219656,415.25005746971834
37.8,24.889185673999865,0.25957064594776896,follow,0.24361564273053915,47.57739415373034,
37.9,24.915142738594643,-1.108275495388056,follow,0.222761478438386,47.59547558633035,33.872342132254225
38.0,24.80431518905584,0.5380655900525138,follow,0.2484885288871297,47.454961312470886,
38.1,24.85812174806109,0.360484610609744,follow,0.17134717147366985,47.458529793565305,
38.2,24.894170209122066,0.8993441521998566,follow,0.1584623050760925,47.49971761875919,
38.3,24.984104624342052,-0.6183151450408264,follow,0.1451436613339041,47.62130059784698,127.29407096103067
38.4,24.92227310983797,-0.23569291515143326,follow,0.20048047065582608,47.58389013541278,89.39750901543358
38.5,24.898703818322826,-0.005986764134172165,follow,0.18260709694474286,47.53066282442898,170.54184298750386
38.6,24.898105141909408,0.7636108017710885,follow,0.15563472973258996,47.5027924425967,
38.7,24.974466222086516,0.015882336437618244,follow,0.12028259527598806,47.58198192840576,
38.8,24.976054455730278,-0.3299849516258956,follow,0.1454536226016927,47.60953530619711,126.60276877651158
38.9,24.943055960567687,0.5171986676232901,follow,0.15734591977255263,47.57192986062408,
39.0,24.994775827330017,-0.0365274450763291,follow,0.12346052357229098,47.615624264567316,
39.1,24.991123082822384,0.6166219412803663,follow,0.13646205760073826,47.623146681834314,
39.2,25.05278527695042,-0.652326930566332,follow,0.11785645812644674,47.69703437355208,81.84323842760662
39.3,24.987552583893788,0.04518327502019445,follow,0.15742697001635264,47.638755845857034,200.53983444422084
39.4,24.992070911395807,-0.11819943041900523,follow,0.12689422037394849,47.615000587467655,168.80507228430088
39.5,24.980250968353907,-0.74286925531399,follow,0.11641704379722029,47.58679349632808,44.05160920044446
39.6,24.905964042822507,0.6159258929601474,follow,0.11982233525892383,47.47876839949269,
39.7,24.967556632118523,0.09915919851756136,follow,0.058837047032646694,47.510171995210435,
39.8,24.97747255197028,-0.027634459190844035,follow,0.06720750404316078,47.53341633199858,
39.9,24.974709106051197,-0.10471079727196866,follow,0.0736054177247567,47.535669076801554,307.2583785796742
40.0,24.964238026324,-0.7483168385432262,follow,0.07384112671043397,47.52019816619644,46.39565896293355
40.1,24.889406342469677,0.1695993618377809,follow,0.08366484985951672,47.417774363564035,226.43905530430789
40.2,24.906366278653454,-0.06711912410742862,follow,0.037284311336883036,47.396833729317066,284.8944756890642
40.3,24.89965436624271,-0.3408888438854259,follow,0.030715552087656306,47.38019710145172,94.82594429773542
40.4,24.86556548185417,0.172305316396584,follow,0.03188344204619398,47.33023166482745,
40.5,24.882796013493827,0.32704606343263903,follow,0.007481096401292575,47.33167511664203,
40.6,24.91550061983709,1.069019201184626,follow,0.00014458553701501842,47.37339551529265,
40.7,25.022402539955554,-0.1559849701289232,follow,-0.010758356624393173,47.52284545330894,
40.8,25.00680404294266,-0.28934242689739414,follow,0.023399134899392493,47.533605199313385,
40.9,24.977869800252922,-0.04453707049155895,follow,0.08512009463973413,47.55192479501912,1255.6687512855815
41.0,24.973416093203767,-1.089455326648057,follow,0.08801367518817926,47.54813781499383,33.64058046574043
41.1,24.86447056053896,0.5575605057536648,follow,0.1100903648650089,47.40679620567345,
41.2,24.920226611114327,0.06741339720286206,follow,0.03800923294807035,47.41834914961956,
41.3,24.926967950834612,1.513691542613638,follow,0.04087456225620656,47.43132648850813,
41.4,25.078337105095976,-0.7564880588612602,follow,0.00612403578070797,47.62362969342467,218.11972670650886
41.5,25.00268829920985,0.29826623652492723,follow,0.09776353410029515,47.60179598291507,
41.6,25.032514922862344,-0.09735561204000902,follow,0.07575476870056974,47.624527152994084,761.8105401467287
41.7,25.022779361658344,-0.6737631031572402,follow,0.08410661822033205,47.61827566070785,52.74630511406063
41.8,24.95540305134262,1.028299722460983,follow,0.09489314752808298,47.52799772454202,
41.9,25.05823302358872,0.12764673850601654,follow,0.031107884024670795,47.618457419407754,
42.0,25.07099769743932,0.29159021012817377,follow,0.06213757088990235,47.66863411704888,
42.1,25.100156718452137,-0.7547606359069632,follow,0.07029926962674438,47.72053434730495,61.16788232239346
42.2,25.02468065486144,1.0965080740771764,follow,0.10549769316757107,47.64251867545973,
42.3,25.13433146226916,-1.2529320231531562,follow,0.0435534165698499,47.74505060997359,40.31392573029753
42.4,25.009038259953844,0.7516568534388565,follow,0.11306007381590888,47.626617463746676,
42.5,25.08420394529773,1.1158870908806247,follow,0.04340771980469782,47.66971363775129,
42.6,25.195792654385794,-1.2071988776707423,follow,0.031604261642833364,47.82529324322152,51.10672008278547
42.7,25.07507276661872,-0.058118694451880865,follow,0.1191048278548621,47.731713977782945,96.41353190114624
42.8,25.069260897173532,0.16706033620156793,follow,0.07831535536077894,47.682206701121075,
42.9,25.08596693079369,-0.3602155651080142,follow,0.053330215213186705,47.68228061140372,102.32975230707014
43.0,25.04994537428289,-0.806423806217498,follow,0.060765856900019344,47.635683918324354,39.370111189157704
43.1,24.969302993661138,0.44777998752494097,follow,0.06073489040435476,47.514689380896066,
43.2,25.014080992413632,-0.6867474910283662,follow,0.0016375929095033825,47.522759081529955,58.375959547503776
43.3,24.945406243310796,0.5879673137321632,follow,0.023241617322398156,47.44135098228859,
43.4,25.004202974684013,-0.2951921717576214,follow,-0.02349410406851149,47.48281035795751,68.39903038383066
43.5,24.974683757508252,-0.31775175585171894,follow,-0.048635575773275264,47.41339006048911,
43.6,24.94290858192308,-0.4926552830210902,follow,0.11755881185365524,47.53192168473828,89.19338756604773
43.7,24.893643053620973,0.10313503390382443,follow,0.13816624611451545,47.478630826545974,355.26448655686374
43.8,24.903956557011355,0.6356046536099555,follow,0.10933168566684515,47.46526652118388,
43.9,24.967517022372352,-0.8985754775682654,follow,0.08459533192421276,47.53587086548274,53.560517339057064
44.0,24.877659474615527,0.5528777680062941,follow,0.13062995132222,47.44711916324551,
44.1,24.932947251416156,0.7648446316058084,follow,0.0769323386597236,47.47635321578396,
44.2,25.00943171457674,-1.2693618406206333,follow,0.0669109187772321,47.58105849064234,39.01904298688637
44.3,24.882495530514674,0.630649318692587,follow,0.13537202341265697,47.45911531918467,
44.4,24.945560462383934,0.12670592326195446,follow,0.06652507255730455,47.484865766133204,
44.5,24.95823105471013,0.45715862061140944,follow,0.07196313782961283,47.50930971989481,
44.6,25.00394691677127,-0.9155788502942255,follow,0.06656623926689065,47.572486614423795,50.93703481444723
44.7,24.912389031741846,-0.3961025981440617,follow,0.11050837513389666,47.47909192274667,52.614881445422434
44.8,24.87277877192744,0.704890609850532,follow,0.07968486168132927,47.38885301957249,
44.9,24.943267832912493,0.06397486918450604,follow,0.025673393011004464,47.44057514237974,
45.0,24.949665319830945,0.1274469510558962,follow,0.04375037934207171,47.46824835908849,
45.1,24.962410014936534,0.18317713730529483,follow,0.04866680470059492,47.492281827105394,
45.2,24.980727728667063,-0.46441961533353326,follow,0.05094923261114559,47.52204082561174,96.83993393789497
45.3,24.93428576713371,0.3637542061279735,follow,0.07153940204446485,47.47296805274503,
45.4,24.970661187746504,0.1360743365536937,follow,0.04054769441189876,47.49653947603166,
45.5,24.984268621401874,-0.47828851959768914,follow,0.04507042515419357,47.52147335725701,90.64336757402435
45.6,24.936439769442106,1.353454334344654,follow,0.06438684095365943,47.46904649511682,
45.7,25.071785202876573,-0.21725375226855803,follow,0.007724713857747645,47.61540251817261,
45.8,25.05005982764972,-0.8031856406094882,follow,0.06913425641037207,47.64422399788495,50.682118942367914
45.9,24.96974126358877,0.7353880166681321,follow,0.09560611973682853,47.55021801511998,
46.0,25.043280065255583,-0.773916875273746,follow,0.03732379087772841,47.6022438887611,61.558865962783685
46.1,24.96588837772821,0.7643863275616176,follow,0.07608331564323123,47.52491588223555,
46.2,25.04232701048437,0.4724010571282786,follow,0.023836528736168816,47.587327044462725,
46.3,25.0895671161972,-0.8016596053631524,follow,0.0357436691184958,47.67009434341429,67.18193847383151
46.4,25.009401155660882,0.8195529556018183,follow,0.08503589830324643,47.59913763179457,
46.5,25.091356451221063,-0.037585146260895985,follow,0.03316283939688702,47.670197516228484,
46.6,25.087597936594975,0.3860506668583845,follow,0.060664966213913374,47.692061871106375,
46.7,25.126203003280814,0.8930493571247418,follow,0.05599757252565496,47.74530207744688,
46.8,25.215507938993287,-0.6883210347801245,follow,0.051419868628862275,47.874681777118795,121.04607027352587
46.9,25.146675835515275,-0.4035764044685088,follow,0.11511722994655571,47.835130983219464,66.74584046611115
47.0,25.106318195068425,-0.37361599428797837,follow,0.1039861070652961,47.763463399667934,61.52562660914822
47.1,25.068956595639627,-0.2871221398300154,follow,0.08239668670165656,47.68583158016109,70.23399122478162
47.2,25.040244381656624,0.1377157883527637,follow,0.05756934811219594,47.617935920597134,475.01850112366077
47.3,25.0540159604919,0.19768669871762476,follow,0.02688754169361829,47.60791148243147,
47.4,25.07378463036366,0.051310477297534976,follow,0.017832940836782996,47.628509886382275,
47.5,25.078915678093416,0.4011071417767589,follow,0.023757906205780444,47.64213142334591,
47.6,25.119026392271092,-0.24485784916070763,follow,0.017700267129932,47.69623985553657,437.4742561135245
47.7,25.09454060735502,0.8487494078523485,follow,0.04352630527692014,47.685337216309456,
47.8,25.179415548140256,-0.6024702729005114,follow,0.015759833363567566,47.78488315557395,125.9433973905302
47.9,25.119168520850206,1.6837052514809927,follow,0.06818881948461808,47.746941600759925,
48.0,25.287539045998304,-0.4398031486125361,follow,0.007716179677444757,47.9390247486749,
48.1,25.24355873113705,-0.7140977084485669,follow,0.09193274736950485,47.957270844075076,54.27740019314725
48.2,25.172148960292194,-0.47200261542090194,follow,0.11069153052307712,47.86891497096137,49.24030876561716
48.3,25.124948698750103,0.5024951706133574,follow,0.08427702680699412,47.77170007493215,
48.4,25.175198215811438,-0.346245165004197,follow,0.03240788133997796,47.79520520505714,138.45727763310538
48.5,25.14057369931102,0.44319217409833345,follow,0.04982483450946518,47.760685383475995,
48.6,25.18489291672085,0.014713416695328982,follow,0.023288638463618838,47.800628013544895,
48.7,25.186364258390384,-0.22323201443558532,follow,0.03759233428723263,47.81713872187281,202.30274681757052
48.8,25.164041056946825,-0.5545403225705716,follow,0.04744071061353594,47.79350229603377,59.44161915999588
48.9,25.10858702468977,-0.7403626963614414,follow,0.05021765330443628,47.71309819033909,38.213674535176395
49.0,25.034550755053623,0.09231242885764424,follow,0.036413355289681704,47.58823948787011,130.53940727916054
49.1,25.043781997939387,-0.24399227359551418,follow,-0.01388858454432551,47.55178441236475,
49.2,25.019382770579835,0.2584867692348485,follow,0.08233205670106258,47.61140621257081,
49.3,25.04523144750332,-0.8081056638980648,follow,0.05762076425784812,47.62546793551283,48.835041217588255
49.4,24.96442088111351,0.4568757600244709,follow,0.0813134690922297,47.5279447907625,
49.5,25.010108457115958,0.17362481387735115,follow,0.02934001697720845,47.544502702651144,
49.6,25.027470938503694,-0.6231266441654681,follow,0.03128544918401133,47.57249185693955,69.19927693304805
49.7,24.96515827408715,0.3537281601557634,follow,0.0560073519584563,47.50374476308918,
49.8,25.000531090102726,-0.016248299966992265,follow,0.018432300526377787,47.51922893568047,
49.9,24.998906260106025,-0.6894167083533271,follow,0.024816436511159168,47.5231758266702,55.329874788435994
50.0,24.929964589270693,0.5473173549149197,follow,0.04233831675355759,47.437285200659595,
50.1,24.984696324762183,-0.26736480152828307,follow,-0.005755745410752411,47.47128874173252,
50.2,24.957959844609356,0.6126894869922171,follow,0.07787934234226412,47.5148191092563,
50.3,25.019228793308578,0.38339168217815356,follow,0.07117993483249307,47.600023124795364,
50.4,25.057567961526395,-1.0671226231684225,follow,0.09074830317491234,47.67710024546451,43.83827211915101
50.5,24.95085569920955,-0.1367985512793485,follow,0.1420599004975429,47.56834344931187,73.08585222051913
50.6,24.937175844081615,0.5811009148079289,follow,0.09749411326849611,47.503257879390915,
50.7,24.995285935562407,0.19008459099507286,follow,0.055611391639146746,47.54854029498276,
50.8,25.014294394661913,0.2065320449759735,follow,0.06657010943364838,47.58801170142652,
50.9,25.034947599159512,2.1970353442354655,follow,0.0731608632210552,47.625582261960325,
51.0,25.25465113358306,-0.7153430388722576,follow,0.02911080166978053,47.911087502044374,
51.1,25.183116829695834,0.5571848595268651,follow,0.15394714414231458,47.928622388686065,
51.2,25.23883531564852,0.22717482475811188,follow,0.13705773224370432,47.995310705716484,
51.3,25.26155279812433,0.09158239746108592,follow,0.15109797696513283,48.04342717415163,
51.4,25.27071103787044,-0.42187973956752634,follow,0.16020533753353305,48.066271894339195,94.11637566081532
51.5,25.228523063913688,0.4863090965536706,follow,0.17241619468161673,48.01520079055215,
51.6,25.277153973569053,-0.7513868192536175,follow,0.13361752380720304,48.04934848416078,56.05684622109493
51.7,25.20201529164369,0.010469200308103416,follow,0.16061014933833917,47.963633086803874,125.5542229224168
51.8,25.2030622116745,-0.3035201503126874,follow,0.12083824012776034,47.925431557639506,85.11569514692414
51.9,25.17271019664323,0.11328154696605922,follow,0.11006004150721083,47.86912533647205,424.709802326006
52.0,25.184038351339836,1.3001953241785784,follow,0.081796789797977,47.85785431680773,
52.1,25.314057883757695,-1.8318002096772856,follow,0.04236365603721026,48.01345048167375,28.011568883785223
52.2,25.130877862789966,0.8867638898815094,follow,0.14572789911302664,47.84204469329798,
52.3,25.219554251778117,-1.259525340087147,follow,0.0506255293518052,47.87995690701898,33.492927496430866
52.4,25.093601717769403,0.11537921154731873,follow,0.09659890518706504,47.73700148184117,107.61230078612124
52.5,25.105139638924136,0.7042793440490449,follow,0.03493185167802437,47.69264131006423,
52.6,25.17556757332904,-0.32148467802652725,follow,0.000775986178254584,47.76412734617182,380.3858438914785
52.7,25.143419105526387,-0.7057845133650688,follow,0.03644193054933709,47.751570588838916,50.08455390924341
52.8,25.072840654189882,-0.1864857394030796,follow,0.04696769700145609,47.656228678286276,77.76283827201937
52.9,25.054192080249575,0.5463884553199094,follow,0.013656492492927441,47.59494461286729,
53.0,25.108830925781565,-0.29929441641649057,follow,-0.022720983830019748,47.64052540484233,72.31069996953589
53.1,25.078901484139916,-0.3118010999870635,follow,-0.043709913945697565,47.574642312264174,
53.2,25.047721374141208,-0.14769338566288326,follow,0.011170102638367041,47.58275216385018,2685.048675385052
53.3,25.03295203557492,-0.39845151777261556,follow,0.031551973073682404,47.58098002643606,90.98536154300844
53.4,24.993106883797658,1.464902774183385,follow,0.039024497182076345,47.52868482287857,
53.5,25.139597161215995,-0.25628658381733005,follow,-0.0190216073251932,47.6903741344988,
53.6,25.11396850283426,-1.7715347490307582,follow,0.05346166412581255,47.7244144183772,29.20767097749745
53.7,24.936815027931186,0.7251368763185653,follow,0.1557950261969978,47.561017568093774,
53.8,25.009328715563043,-0.46366120693389873,follow,0.06734299195608884,47.581336065300654,93.41970050265338
53.9,24.962962594869655,0.7268049011499005,follow,0.08595930143986408,47.53040319374435,
54.0,25.035643084984645,-0.6970083195319083,follow,0.04464230678041048,47.59810693425738,76.07869099268562
54.1,24.965942253031454,0.18021292636040903,follow,0.08662924621173573,47.535542625758914,849.7252085830737
54.2,24.983963545667496,0.34508763384216684,follow,0.054003081954519416,47.529948400455766,
54.3,25.018472309051713,0.3979271773007486,follow,0.04184358231145069,47.56955204588902,
54.4,25.05826502678179,-0.9402751652729215,follow,0.04530727481115804,47.632704814983846,49.707234933692874
54.5,24.9642375102545,0.15530646989479457,follow,0.09052204692391541,47.53687831230567,221.88867979204596
54.6,24.979768157243978,-0.20121977521601445,follow,0.04580232541425033,47.515454561280215,139.8466970733835
54.7,24.959646179722377,-0.24454244116902543,follow,0.04200847597224566,47.481477745555814,105.59742278889655
54.8,24.935191935605474,1.2523253964647436,follow,0.033725224175363167,47.436513127583574,
54.9,25.06042447525195,-0.2762758161371291,follow,-0.015642778854896733,47.57499393402303,
55.0,25.032796893638235,-1.1818883678424275,follow,0.04975614604047962,47.59895148649783,48.43213465021281
55.1,24.914608056853993,0.973873239721793,follow,0.12875971185302149,47.50067179713401,
55.2,25.01199538082617,1.036150394136311,follow,0.06021792020935379,47.578210991448614,
55.3,25.115610420239804,0.07145113295082445,follow,0.06259582300629063,47.736011453366,
55.4,25.122755533534885,-1.1564713394693917,follow,0.11731711103968934,47.80145041134202,37.85487304698587
55.5,25.007108399587946,0.1494163894390329,follow,0.16451225860661367,47.67517485798853,129.8667502882004
55.6,25.022050038531848,0.8757974827866295,follow,0.10538896023196287,47.63846401802974,
55.7,25.109629786810512,-0.7755322984894957,follow,0.06681433396078518,47.73125901417655,74.62325863869859
55.8,25.032076556961563,0.48042813037675813,follow,0.11918120005314847,47.6672960354955,
55.9,25.080119369999238,0.3277095376387056,follow,0.07690932480048218,47.69708837979934,
56.0,25.112890323763107,-0.7741964691549373,follow,0.07774095715475937,47.74707644279942,58.737415180149114
56.1,25.035470676847613,0.22798577496745515,follow,0.11258139515168608,47.66578741042311,631.5802295859679
56.2,25.05826925434436,-1.952711033466577,follow,0.07083646122180909,47.658240342738345,19.15316851644174
56.3,24.8629981509977,0.2872035983580421,follow,0.1149161908073566,47.40941341730391,74.89660647914934
56.4,24.891718510833506,0.10609384431310181,follow,0.008535835953878745,47.34611360220414,579.3805236939116
56.5,24.902327895264815,-0.279555982881129,follow,-0.01555009177643285,47.33794175112079,56.19894819729127
56.6,24.874372296976702,-0.33898351785937425,follow,-0.057849483870747065,47.253708961594306,
56.7,24.840473945190766,-0.6375383359010751,follow,0.12756081411048825,47.38827173189664,52.04791634313891
56.8,24.776720111600657,0.23273082210877938,follow,0.13214416997656997,47.29722433737756,443.18941976338067
56.9,24.799993193811535,0.2917593300357545,follow,0.08656253550018533,47.28655232621749,
57.0,24.82916912681511,0.9321764517852931,follow,0.07279931661367556,47.31655300683634,
57.1,24.92238677199364,-1.1607553769187848,follow,0.05805593616436511,47.44163609415482,47.32867334212578
57.2,24.806311234301763,1.2104188251919772,follow,0.13193056550281312,47.34139741695546,
57.3,24.92735311682096,-0.2491157065100818,follow,0.05673661829384713,47.447766293525284,
57.4,24.902441546169953,-0.49549800550137346,follow,0.10236866258825472,47.456030981843185,73.86824725885512
57.5,24.852891745619814,0.6299182461956001,follow,0.11244920879646969,47.39178682722619,
57.6,24.915883570239373,0.05176271763123133,follow,0.06767229730515112,47.44149765266421,
57.7,24.921059842002496,-0.33618017791839705,follow,0.08331953263652991,47.464909295640275,127.91712797452523
57.8,24.887441824210654,0.27624222677107574,follow,0.09664057512404156,47.42780331144002,
57.9,24.915066046887762,-0.1940363739719217,follow,0.07146005868731464,47.44405912901896,231.3598952584599
58.0,24.89566240949057,0.24539596012005305,follow,0.08005891009432986,47.423552524330184,
58.1,24.920202005502574,0.42295641649411914,follow,0.06268327512726302,47.442986283381124,
58.2,24.962497647151984,0.8260429553586093,follow,0.05721961210289095,47.500966082830864,
58.3,25.045101942687847,-1.1298757002471795,follow,0.05606340408390054,47.62371631811567,48.83973073301646
58.4,24.93211437266313,1.6839115051135742,follow,0.128034564852193,47.52620612384688,
58.5,25.100505523174487,-1.7518509387410433,follow,0.04223640181884036,47.69299468658057,30.56252860262884
58.6,24.92532042930038,0.510895227981635,follow,0.1489634903125534,47.53694413426312,1345.8767369441596
58.7,24.976409952098546,0.38836728941424425,follow,0.06879716318526619,47.53341209133308,
58.8,25.01524668103997,0.03331344792761719,follow,0.05690107456327809,47.57977109612323,
58.9,25.01857802583273,-0.42259962365610804,follow,0.07137938927014176,47.599246428019235,97.42404265294432
59.0,24.97631806346712,0.06906256191424766,follow,0.0859115302352862,47.550388625435964,348.8194258048975
59.1,24.983224319658543,-0.22584216161298798,follow,0.06192033960144272,47.536756819089256,134.57951271600504
59.2,24.960640103497244,-0.19467593115250176,follow,0.06047423187753509,47.5014343871234,118.5638531252276
59.3,24.941172510381993,0.6936187023417734,follow,0.0496116112006888,47.46137037677368,
59.4,25.01053438061617,-0.0037572443858213123,follow,0.015451554811228618,47.53125312573548,
59.5,25.010158656177587,-0.48267734656880423,follow,0.041961703407487505,47.557199687673865,89.70371252741302
59.6,24.961890921520705,0.7498611535019069,follow,0.061347439775047974,47.504183822056106,
59.7,25.036877036870894,-0.05970828121007904,follow,0.019679174597690974,47.574994729904034,
59.8,25.030906208749887,0.4269744227909481,follow,0.047947713092113986,47.594307026216946,
59.9,25.073603651028982,0.15609856120921356,follow,0.04181092879848336,47.65221640534196,
60.0,25.089213507149903,-0.6636994804300147,follow,0.058035779514206354,47.69185604023906,67.24611920026302
60.1,25.022843559106903,-0.08289429724941115,follow,0.08666935086371552,47.62093468952407,115.34861968669566
60.2,25.014554129381963,0.6297127684753207,follow,0.057819139540434605,47.57965033361338,
60.3,25.077525406229494,0.20306571863274386,follow,0.024906811330943412,47.64119492067518,
60.4,25.097831978092767,-0.11721896931790957,follow,0.042694412913085955,47.689442380052235,
60.5,25.086110081160975,0.15971947818390006,follow,0.061494060501495085,47.69065918224296,
60.6,25.102082028979364,0.8191619920820074,follow,0.05492513065782134,47.708048174126866,
60.7,25.183998228187566,-0.6338429312157667,follow,0.038842628947577396,47.81483997122893,118.35408334768712
60.8,25.12061393506599,0.6108167257132621,follow,0.09351924581118709,47.77444014841017,
60.9,25.181695607637316,-0.18103063824690863,follow,0.057835343447599996,47.83037875490357,1509.0538506852802
61.0,25.163592543812626,0.038705113709388075,follow,0.0818203784209004,47.82720919413984,13312.909094120721
61.1,25.167463055183564,0.8590927670371447,follow,0.07565535698322634,47.826849939758574,
61.2,25.253372331887277,0.32063405240023035,follow,0.051045136409300085,47.931103634240216,
61.3,25.2854357371273,0.41144757344143523,follow,0.08061279536053689,48.00876640105149,
61.4,25.326580494471443,0.7200982121591128,follow,0.09535208563159614,48.08522282733876,
61.5,25.398590315687354,-0.21073955900912328,follow,0.10167930436058725,48.19956477789162,
61.6,25.37751635978644,0.5587914562146515,follow,0.14543120664321663,48.21170574632288,
61.7,25.433395505407905,-0.24482194986177247,follow,0.12886085223237131,48.27895411034423,466.9347465335025
61.8,25.408913310421728,0.4409129497296348,follow,0.15524459417084557,48.26861455980344,
61.9,25.453004605394693,-0.030729905666484203,follow,0.13321632066922717,48.312723228761264,
62.0,25.449931614828046,0.2599263434779793,follow,0.14552534597972766,48.320422768221796,
62.1,25.475924249175844,0.5034247401652511,follow,0.1355432329752304,48.349429606738994,
62.2,25.526266723192368,-0.5048449653119955,follow,0.1284370970328581,48.41783718182141,113.58577751322923
62.3,25.475782226661167,1.7197199732944317,follow,0.1615371695104244,48.375210509502175,
62.4,25.64775422399061,-1.0581089713094798,follow,0.09500095085014237,48.56663228683606,77.36567980076624
62.5,25.541943326859663,-0.25039291824857274,follow,0.19094187414750508,48.503856864437,74.39888540323686
62.6,25.516904035034806,1.246968184106588,follow,0.16330647919881613,48.43866253175103,
62.7,25.641600853445464,0.3483003508899639,follow,0.1015708480793549,48.56397212824755,
62.8,25.676430888534462,0.3841764209775665,follow,0.13716571010131418,48.651812042903,
62.9,25.714848530632217,0.4276952510216258,follow,0.15389615810123303,48.726168954049555,
63.0,25.75761805573438,0.019184625587121584,follow,0.16425701738476306,48.80068410098633,
63.1,25.759536518293093,-0.34773252513871244,follow,0.1846175179732512,48.82392229541289,113.66652244011969
63.2,25.72476326577922,0.5194995032244343,follow,0.19382374491475218,48.780968643583584,
63.3,25.776713216101662,-0.24228101260882476,follow,0.15642249285316723,48.821492317005664,236.17983038392302
63.4,25.75248511484078,1.0325244800588824,follow,0.17209332313432668,48.8008209953955,
63.5,25.85573756284667,-0.15041457264321278,follow,0.13096613964141568,48.91457248391142,
63.6,25.84069610558235,-0.22478640660510577,follow,0.17295456925322839,48.93399872762675,168.33386408668167
63.7,25.81821746492184,0.27676550305232506,follow,0.1776029196857607,48.90492911706852,
63.8,25.845894015227074,0.6004381621501299,follow,0.15226634773572556,48.92110737057634,
63.9,25.90593783144209,-0.22004267845776404,follow,0.13761122189049502,48.99651796905363,1066.583171885697
64.0,25.88393356359631,-0.0883416975478795,follow,0.16602384051495278,48.99192418590942,240.23472802588444
64.1,25.875099393841523,0.660632713256016,follow,0.15888173878749967,48.971530829549785,
64.2,25.941162665167123,0.3502376808825655,follow,0.12827689241495221,49.040020890165636,
64.3,25.97618643325538,-0.10225573952869915,follow,0.1406249737658527,49.10490462364892,
64.4,25.96596085930251,0.14901274984523488,follow,0.16134469136962082,49.11028598032338,
64.5,25.980862134287033,0.5681078483339128,follow,0.15239669296258285,49.12368989439313,
64.6,26.037672919120425,-0.693242072384725,follow,0.13709430228379205,49.19360368096443,74.79949721322893
64.7,25.96834871188195,-0.15129551623714796,follow,0.17531332122945997,49.12783638905238,94.77757976996898
64.8,25.953219160258236,0.25982543576641814,follow,0.14617277747683488,49.076001517864185,
64.9,25.979201703834878,0.393637587426759,follow,0.11487704608604332,49.08367960183836,
65.0,26.018565462577556,0.6093520585850996,follow,0.10391123758854093,49.131759431454874,
65.1,26.079500668436065,1.2039345271963158,follow,0.1026518825430216,49.22190288519712,
65.2,26.199894121155697,0.46986406662830515,follow,0.10211163661995926,49.40195281835351,
65.3,26.24688052781853,0.009984214506639694,follow,0.15364261451014727,49.52396340623794,
65.4,26.247878949269193,0.37914283845606606,follow,0.1914569295522952,49.563275353456085,
65.5,26.2857932331148,-0.3104035628978252,follow,0.18779760885696817,49.616487458529164,186.67325302860237
65.6,26.254752876825016,0.63719151735912,follow,0.20777881998016312,49.589908135217684,
65.7,26.31847202856093,0.15021237203941878,follow,0.17272480469379303,49.650432847535185,
65.8,26.333493265764872,0.644053099567909,follow,0.18534574603178555,49.685585644679094,
65.9,26.397898575721662,-0.2793328543101648,follow,0.17438845452011265,49.77123631810261,508.39591844123333
66.0,26.369965290290647,0.9446521962970134,follow,0.20649852509447442,49.76144646053044,
66.1,26.464430509920348,1.178707696329809,follow,0.16980416662085673,49.86644993150138,
66.2,26.582301279553327,-0.16491005802840775,follow,0.17355496117934877,50.04700688050934,
66.3,26.565810273750486,0.6642972216581555,follow,0.23806134192827955,50.08677675255401,
66.4,26.6322399959163,0.6592512070355216,follow,0.22483573130450907,50.17319572517896,
66.5,26.698165116619855,-0.12524108043120386,follow,0.2317240506575473,50.278971725587326,
66.6,26.685641008576734,0.6077618918918535,follow,0.2646937010602386,50.29315521392534,
66.7,26.74641719776592,0.26320130623825866,follow,0.2429653164187897,50.362591113067666,
66.8,26.772737328389745,0.399992047044336,follow,0.2528434007064604,50.411949393291074,
66.9,26.812736533094178,-0.20429891566726646,follow,0.25057086081083213,50.4696756604521,353.5862513008686
67.0,26.79230664152745,0.5812305651315957,follow,0.2669420448515041,50.45540200714268,
67.1,26.85042969804061,0.6485741162175891,follow,0.23552679592901882,50.51117134298993,
67.2,26.91528710966237,1.1370993071323874,follow,0.2311977086923207,50.60412837318587,
67.3,27.028997040375607,0.5258044797430774,follow,0.2281041016562213,50.771599662219636,
67.4,27.081577488349915,1.4669276214520164,follow,0.26833372565720737,50.890699958182076,
67.5,27.228270250495115,-0.846936721100204,follow,0.264136833604411,51.10654220934708,142.64802098058686
67.6,27.143576578385094,1.1293126146368713,follow,0.3553503167199281,51.07071518429757,
67.7,27.25650783984878,0.12598104719165804,follow,0.29659576668588983,51.18135752645906,
67.8,27.269105944567947,1.687173949961637,follow,0.32404782562225876,51.22770674247418,
67.9,27.437823339564112,-0.9373038461140357,follow,0.2850611386712245,51.44179614801739,107.65860913145139
68.0,27.344092954952707,-0.011406586290155833,follow,0.3778743816319192,51.394013814060976,137.38300369906213
68.1,27.34295229632369,0.10478507927656402,follow,0.3421760740801645,51.3566045185657,359.25693982751494
68.2,27.35343080425135,-0.9738071919566391,follow,0.3121630825563102,51.342309288933336,36.84596976921156
68.3,27.256050085055687,0.5848317998794176,follow,0.3188910809246721,51.2029662085082,
68.4,27.31453326504363,-0.07435710806996525,follow,0.23856130243718354,51.21036120000263,354.31539711321744
68.5,27.30709755423663,0.6434424981127898,follow,0.23526154214332706,51.19590787349827,
68.6,27.371441804047908,0.49674240100546213,follow,0.2040354120027459,51.26119811807461,
68.7,27.421116044148455,1.4728685549335292,follow,0.20837987144713566,51.34005393766982,
68.8,27.568402899641807,0.3755167772642093,follow,0.19233798379227096,51.54494233325498,
68.9,27.605954577368227,-0.3452196275666523,follow,0.2521701772384546,51.661102043290796,445.5287856315885
69.0,27.571432614611563,-0.11686966665360501,follow,0.2923576636366292,51.64950658555397,160.68533259442287
69.1,27.5597456479462,0.890292321125056,follow,0.2777448521735124,51.617363324092814,
69.2,27.648774880058706,-0.7467910791857342,follow,0.23222643921013741,51.705388759298195,75.06863309952776
69.3,27.574095772140133,1.9597732854406145,follow,0.27536761308213187,51.63651127129233,
69.4,27.770073100684193,0.5133591514393355,follow,0.1879920430520201,51.843101694078314,
69.5,27.821409015828127,-0.35498056559153957,follow,0.24698086026770483,51.9790943840099,1011.0890774059567
69.6,27.785910959268975,-0.7053224781743491,follow,0.2950870435236226,51.973953482427085,50.172220901209734
69.7,27.71537871145154,1.7420098802202726,follow,0.2972943193228801,51.87036238650019,
69.8,27.889579699473565,-0.22653302806413256,follow,0.2024549661446855,52.036824515355036,
69.9,27.86692639666715,1.2028961728297909,follow,0.2644769504069586,52.06486654540768,
70.0,27.98721601395013,-1.1876703436729361,follow,0.23234988481577545,52.213173905740966,51.329484779720346
70.1,27.868448979582833,0.4166176888738576,follow,0.30877883497170444,52.11145230434595,6167.780593318304
70.2,27.91011074847022,0.46359234606824556,follow,0.24544128368233942,52.11060740638767,
70.3,27.956469983077046,0.3347110383696695,follow,0.22489135692507745,52.15959633154065,
70.4,27.989941086914012,0.0015632955332517268,follow,0.22603770286193026,52.210949333232946,
70.5,27.990097416467336,0.8824617055762403,follow,0.23580909984054443,52.22095522454155,
70.6,28.07834358702496,-0.6151780767239459,follow,0.20743010235737103,52.32494548289481,114.1609634434471
70.7,28.016825779352565,0.5779550749078112,follow,0.25387245516346724,52.27911112419232,
70.8,28.074621286843346,0.43184107516082404,follow,0.21049661599204939,52.322428546257065,
70.9,28.11780539435943,0.6431138545849642,follow,0.20825832603358663,52.38496641757273,
71.0,28.182116779817925,0.6614022403987221,follow,0.20701070840990354,52.48018587813679,
71.1,28.2482570038578,-0.6693254071597476,follow,0.21758869436830253,52.589974200155,101.47470040672123
71.2,28.181324463141824,-0.36314724553298844,follow,0.266161805056484,52.53814849976922,68.11419967903835
71.3,28.145009738588524,1.6880246246989699,follow,0.24350144557225661,52.46101605345504,
71.4,28.313812201058422,0.14157781988659618,follow,0.16279677800855552,52.63351507959619,
71.5,28.327969983047083,-0.2668962764313331,follow,0.21917888491972093,52.711133859490346,356.2285591579601
71.6,28.30128035540395,1.657886308582865,follow,0.24441632807970848,52.696336861185635,
71.7,28.467068986262237,-0.0956314966702102,follow,0.18660534625188063,52.88720882564524,
71.8,28.457505836595217,1.1323913158194199,follow,0.25424317212618774,52.940501927019014,
71.9,28.57074496817716,-0.006588116071725381,follow,0.23363389109375987,53.089751343359495,
72.0,28.570086156569985,1.7410531798780315,follow,0.2805476116867993,53.13567684654178,
72.1,28.744191474557788,0.8592996884797255,follow,0.24138101904809872,53.35766823088478,
72.2,28.83012144340576,-0.4202802263960308,follow,0.294066918320361,53.539249083429,
72.3,28.788093420766156,1.0562666103122962,follow,0.3590968079391885,53.54123693908842,
72.4,28.893720081797387,0.385617918839154,follow,0.3168474743157219,53.657427597011804,
72.5,28.9322818736813,1.0285251791630923,follow,0.33863277831011374,53.737055588832064,
72.6,29.03513439159761,-0.8721490726663763,follow,0.3281258140675192,53.88082740146393,78.64271311183745
72.7,28.94791948433097,1.0538114262984504,follow,0.39043473580771604,53.812313962304174,
72.8,29.053300626960816,0.7456196357316834,follow,0.32057107342985347,53.900522013871075,
72.9,29.127862590533983,-1.3379351308254384,follow,0.3233980653740147,54.01519195117499,39.202161610499715
73.0,28.99406907745144,-0.008548324038726213,follow,0.38630207594443533,53.87740569212159,76.52289728039871
73.1,28.993214245047565,-0.8354497990287861,follow,0.3171774168051016,53.80699878437645,37.80667525751065
73.2,28.909669265144686,0.7238858911866526,follow,0.30017346215466034,53.66467735987169,
73.3,28.982057854263353,0.8427524180816267,follow,0.21662365196219469,53.68971043335722,
73.4,29.066333096071514,1.1258288177352873,follow,0.1980050038236172,53.797504647930886,
73.5,29.178915977845044,-0.13883525605601893,follow,0.20249737155616288,53.97087133832373,
73.6,29.16503245223944,1.4261125904134306,follow,0.2624310621800703,54.00997974053923,
73.7,29.307643711280782,-1.2379522839786126,follow,0.22901092839411064,54.19047649531529,56.587304711518804
73.8,29.183848482882922,-0.4634868453407524,follow,0.3189393998628276,54.09471212418721,49.453569640300096
73.9,29.13749979834885,0.7672082013469079,follow,0.2790775783756416,53.98532727589892,
74.0,29.21422061848354,0.5591226588233458,follow,0.20824636833872034,54.02957729606403,
74.1,29.270132884365875,0.14828708847361372,follow,0.20395590766686666,54.10915523421568,
74.2,29.284961593213236,-1.1584808276159384,follow,0.2216995559592405,54.14914194577909,38.8176579263726
74.3,29.16911351045164,0.9273780361603051,follow,0.2559755207803036,54.00964578645777,
74.4,29.261851314067673,-0.6228314546421256,follow,0.1689574643110916,54.0617344354126,85.56084830682545
74.5,29.19956816860346,1.2463477937289937,follow,0.19919705110064712,53.998549304005834,
74.6,29.32420294797636,0.3638223167429942,follow,0.13528806518095138,54.12159248714549,
74.7,29.36058517965066,-0.44050784683214805,follow,0.1682944228718668,54.20917219234786,180.3454589988424
74.8,29.316534394967444,0.2882555970437345,follow,0.20431208193162576,54.17911367438279,
74.9,29.345359954671817,-0.25309923343177376,follow,0.17642030287832,54.194460234886044,166.5677028064213
75.0,29.32005003132864,0.6552701367234495,follow,0.1818491924259007,54.161924239418866,
75.1,29.385577045000986,1.058812158264369,follow,0.14555366878452247,54.223919236286,
75.2,29.49145826082742,-0.6564446872946718,follow,0.13717414054476507,54.3743615317859,174.57993050925876
75.3,29.425813792097955,1.0824156258242283,follow,0.20449501755622634,54.34321570570316,
75.4,29.534055354680376,-0.20543845924066628,follow,0.1555512944728008,54.456634326493365,
75.5,29.51351150875631,-0.01112337795370237,follow,0.19796152789086108,54.468228791025325,857.6119487259659
75.6,29.51239917096094,0.552623881591057,follow,0.19327888370828816,54.461877640149694,
75.7,29.567661559120047,-0.3468544010835316,follow,0.16914538437352888,54.5206377230536,196.35644882149987
75.8,29.532976119011693,0.3422391029181181,follow,0.1934073886240597,54.4928715671416,
75.9,29.567200029303503,-0.307135912778677,follow,0.1657739112851786,54.51657395524043,152.62197503606384
76.0,29.536486438025637,1.6208160761135044,follow,0.17612429527162732,54.480853952310085,
76.1,29.69856804563699,0.08314655625918699,follow,0.19135324005203813,54.73920530850752,
76.2,29.70688270126291,-0.07339335423659002,follow,0.24902445204946133,54.80934850394382,
76.3,29.69954336583925,0.8201426593288627,follow,0.26534518505865634,54.814660233817534,
76.4,29.781557631772138,0.26407824042921496,follow,0.2353694495754013,54.90770589723361,
76.5,29.807965455815058,0.305808741809216,follow,0.2546019503338144,54.9665501340564,
76.6,29.838546329995978,0.9401970325374659,follow,0.25793409348092666,55.015753588474894,
76.7,29.932566033249724,0.7640175366898756,follow,0.24204990560070883,55.14089895547529,
76.8,30.008967786918713,-0.22704604240166226,follow,0.26019067177224997,55.27364235215032,
76.9,29.98626318267855,0.17096208194665935,follow,0.30435079944062693,55.28374557345845,
77.0,30.003359390873214,0.3930307056199457,follow,0.2900801688807704,55.29511925519059,
77.1,30.04266246143521,-1.2076503862221155,follow,0.2727896239504588,55.33678331610327,37.83291413782851
77.2,29.921897422813,0.07481404111820567,follow,0.30767093574025495,55.19051706995975,93.24338127317053
77.3,29.92937882692482,1.3485319781559917,follow,0.23725908729122125,55.131327327678456,
77.4,30.06423202474042,0.6624280282851099,follow,0.24504140787534112,55.34138944498597,
77.5,30.130474827568932,0.15189187931819959,follow,0.37125400115853324,55.56696624251193,
77.6,30.145664015500753,0.8443604356383695,follow,0.39542273650391024,55.61391875975504,
77.7,30.23010005906459,0.5808603678561969,follow,0.3942022696080798,55.73935235820496,
77.8,30.28818609585021,0.5786406871175913,follow,0.4030632085231858,55.835342352298504,
77.9,30.34605016456197,0.5446156971054872,follow,0.666448495870533,56.185523742713485,
78.0,30.400511734272516,0.44701959520311796,follow,0.7511511248485121,56.35191872625729,
78.1,30.445213693792827,-0.1478225865804493,follow,0.7320470121407965,56.39986755283004,184.78812943141838
78.2,30.430431435134782,-0.35721762599889145,follow,0.723699030748584,56.36934618345076,65.51288560792857
78.3,30.394709672534894,0.973621886362801,follow,0.6912385311349425,56.28330303993728,
78.4,30.492071861171173,-0.04172497068205061,follow,0.6347242809270313,56.37283207268379,782.1753338490597
78.5,30.48789936410297,-0.28562900756324366,follow,0.6337758404122269,56.36562488656668,86.99749993520389
78.6,30.459336463346645,0.49845493987721634,follow,0.611830255136411,56.30083495015638,
78.7,30.509181957334366,-0.09950888172002761,follow,0.5501283678201645,56.313901303821716,194.73518273032715
78.8,30.499231069162363,0.7533440583063857,follow,0.5361365043447321,56.28498310808828,
78.9,30.574565474993,0.4251169407543074,follow,0.6582117886825358,56.52006000117204,
79.0,30.61707716906843,0.4137079072431554,follow,0.7499877000701005,56.67560345367274,
79.1,30.658447959792746,0.39336478288633214,follow,0.7582237970767807,56.7458957367659,
79.2,30.697784438081378,0.37430683747272087,follow,0.9093742836645617,56.956050940786625,
79.3,30.73521512182865,0.17240313488710016,follow,0.9304498142355087,57.03327249697848,495.0155117815224
79.4,30.75245543531736,0.42251022544760486,follow,0.8930678318195788,57.02175098479562,
79.5,30.79470645786212,0.3249714643055114,follow,1.0454457544706983,57.23750544126388,
79.6,30.82720360429267,0.17203806141178718,follow,1.1182293890386603,57.35903479547767,206.9202344675088
79.7,30.84440741043385,0.35998927513298823,follow,1.0647033193976299,57.331314435048405,
79.8,30.880406337947147,0.2839971527724369,follow,1.0652641870843027,57.38587369400502,519.7697411309525
79.9,30.90880605322439,-0.10839015166271188,follow,1.0116239803737272,57.37483306021031,97.44266850861553
80.0,30.897967038058116,0.43194338944607724,follow,0.9690018978006947,57.31595245488787,
80.1,30.941161377002725,0.25146100981525416,follow,1.0694136855779703,57.481155751082056,
80.2,30.96630747798425,0.0760775754629666,follow,1.2895783964054104,57.739039613381784,101.95704958532666
80.3,30.973915235530548,0.3088443756897551,follow,1.2215360122875367,57.68240886558336,
80.4,31.004799673099523,0.22333483217954536,follow,1.308817832381024,57.81601734203031,
80.5,31.02713315631748,0.2147333768758731,follow,1.2928376402441373,57.83353737472036,
80.6,31.048606494005067,0.20425475169118917,follow,1.2939143180810078,57.86682405908861,
80.7,31.069031969174187,0.19435637286217008,follow,1.288415455926824,57.8919634096881,
80.8,31.088467606460405,0.18493550558393146,follow,1.259358803080076,57.89206021277069,
80.9,31.106961157018798,0.17597135632308253,follow,1.3207717165964539,57.98121345212465,
81.0,31.124558292651106,0.16744171298475444,follow,1.3006798974461091,57.98751733642277,
81.1,31.141302463949582,0.15932551663566522,follow,1.3891078112332877,58.10106150715766,
81.2,31.15723501561315,0.1516027266943542,follow,1.4490787373429797,58.1849312607627,
81.3,31.172395288282587,0.1442542740578748,follow,1.4946148267775072,58.25320775920139,
81.4,31.186820715688373,0.13726201393407678,follow,1.478737156840566,58.25896823037313,
81.5,31.20054691708178,0.13060868104108714,follow,1.4964657831816197,58.29728615880429,
81.6,31.21360778518589,0.12427784697582211,follow,1.6468197893172771,58.46723146709611,
81.7,31.22603556988347,0.11825387964898901,follow,1.7748173337523099,58.61387068857752,
81.8,31.23786095784837,0.11252190468634567,follow,1.7624756948166223,58.619267131589176,
81.9,31.249113148317004,0.10706776870090665,follow,1.858811313328836,58.73248103580434,
82.0,31.259819925187095,0.1018780043454246,follow,2.0208398331919923,58.91056972097264,107.14520704379052
82.1,31.27000772562164,0.09693979705881688,follow,1.950576140021468,58.855587728453926,
82.2,31.279701705327522,0.09224095342447355,follow,2.099034397900482,59.01858695589176,
82.3,31.28892580066997,0.08776987106228126,follow,2.1332280843540588,59.06661678535901,
82.4,31.297702787776196,0.08351550998003354,follow,2.2901700236277165,59.23672420529201,
82.5,31.3060543387742,0.07946736531349856,follow,2.3208724183530975,59.279953926514395,104.72484683164166
82.6,31.314001075305548,0.07561544138782103,follow,2.2523468796786545,59.22334849263697,158.35074389626678
82.7,31.32156261944433,0.07195022703620069,follow,2.2036044559399315,59.18594838510642,
82.8,31.32875764214795,0.06846267211493924,follow,2.322655659940068,59.31579212316199,
82.9,31.335603909359442,0.06514416515683052,follow,2.4645104949080263,59.46791635894719,
83.0,31.342118325875123,0.061986512107733205,follow,2.4951784791985645,59.50835596801125,
83.1,31.348316977085897,0.058981916093818754,follow,2.6816686697948953,59.70414413542374,214.51851324541107
83.2,31.35421516869528,0.05612295816954464,follow,2.6449896846722254,59.67631243771515,
83.3,31.359827464512236,0.05340257899879468,follow,2.7681497240772686,59.80789092084562,
83.4,31.365167722412114,0.05081406142397924,follow,2.782156590776225,59.8299081743944,
83.5,31.370249128554512,0.04835101388002379,follow,2.8540177093214183,59.90939140215318,
83.6,31.375084229942516,0.04600735461234038,follow,2.997740144383961,60.060366489297735,
83.7,31.37968496540375,0.043777296659753516,follow,3.055330618197857,60.12485806630348,
83.8,31.384062695069726,0.04165533356534361,follow,3.162795527158522,60.23888956976311,
83.9,31.38822822842626,0.03963622577990868,follow,3.410140957616747,60.49248330025614,
84.0,31.392191851004252,0.03771498772447579,follow,3.505372700907138,60.593660477413515,
84.1,31.3959633497767,0.03588687547991505,follow,3.743496267648041,60.83744129231309,
84.2,31.399552037324693,0.0341473750732554,follow,3.789516901348378,60.888844957335415,
84.3,31.402966774832016,0.03249219133179402,follow,4.004439591354917,61.108889753602945,
84.4,31.406215993965194,0.03091723727744906,follow,4.312269085171948,61.42159307611974,83.42876761656402
84.5,31.40930771769294,0.029418624035205808,follow,4.234009900183814,61.347971476723224,
84.6,31.41224958009646,0.027992651230712796,follow,4.326666334809239,61.44504070495393,
84.7,31.41504884521953,0.02663579785331329,follow,4.558242479114988,61.68081574694428,
84.8,31.41771242500486,0.025344713561969455,follow,4.71574222491504,61.84231086242233,
84.9,31.420246896361057,0.024116210412612204,follow,4.934169275380256,62.064539619921845,
85.0,31.42265851740232,0.02294725498646173,follow,5.058527154182258,62.19251493028574,
85.1,31.424953242900965,0.021834960899922606,follow,5.2548192141940575,62.392249078545504,
85.2,31.427136738990956,0.020776581677523963,follow,5.43004864576897,62.570753754255406,
85.3,31.42921439715871,0.01976950397031878,follow,5.741218484618251,62.88504008035631,
85.4,31.431191347555743,0.01881124110301826,follow,5.964331619306826,63.11111864064044,
85.5,31.433072471666044,0.017899426933886887,follow,6.199390798385799,63.34899950588487,
85.6,31.434862414359433,0.01703181001226639,follow,6.362398637179112,63.51469225871826,
85.7,31.43656559536066,0.01620624801930255,follow,6.520357624241335,63.67520601728232,
85.8,31.43818622016259,0.015420702478126103,follow,6.687270127502373,63.844549457746254,
85.9,31.4397282904104,0.014673233720455769,follow,6.94113840011439,64.10073083572999,
86.0,31.441195613782448,0.013961996097161488,follow,7.115964586015281,64.27775800668896,
86.1,31.442591813392163,0.01328523342100354,follow,7.365750725222469,64.52963844531071,
86.2,31.443920336734262,0.012641274630238541,follow,7.799498758870108,64.9653792639715,
86.3,31.445184464197286,0.012028529662449116,follow,8.11421053400214,65.28198723029807,
86.4,31.44638731716353,0.011445485528360777,follow,8.311887808133044,65.48146878387834,
86.5,31.447531865716368,0.010890702575964539,follow,8.667532253587446,65.838830052162,
86.6,31.448620935973963,0.01036281093573912,follow,8.863145461629415,66.03607686559036,
86.7,31.449657217067536,0.009860507138159846,follow,8.896728946391669,66.07121477199297,
86.8,31.450643267781352,0.009382550895178454,follow,9.03728414861419,66.21324905028622,
86.9,31.45158152287087,0.00892776203770822,follow,9.093812439201777,66.27118472350809,
87.0,31.45247429907464,0.008495017601547871,follow,9.30831512260903,66.487026571221,
87.1,31.453323800834795,0.008083249054555708,follow,9.563793440061332,66.74377914131352,
87.2,31.45413212574025,0.007691439658236732,follow,9.991248572619668,67.17244676123005,
87.3,31.454901269706074,0.007318621957215754,follow,10.284681644096906,67.46703354865602,
87.4,31.455633131901795,0.00696387539038561,follow,10.526093723832716,67.70954342168541,
87.5,31.456329519440832,0.00662632401787242,follow,10.877485829333985,68.06198010849523,
87.6,31.45699215184262,0.006305134358153097,follow,10.920858928787226,68.10634715655115,
87.7,31.457622665278436,0.005999513330036876,follow,11.218213943449236,68.40464794136689,
87.8,31.45822261661144,0.005708706294377919,follow,11.573551749921883,68.76088567483905,
87.9,31.45879348724088,0.0054319951907285,follow,11.701873182316582,68.8900634131779,
88.0,31.45933668675995,0.005168696764302538,follow,12.103179034313882,69.2921840644538,
88.1,31.459853556436382,0.0049181608788789076,follow,12.424470061123245,69.61425039577782,
88.2,31.46034537252427,0.004679768911498528,follow,12.671746981347773,69.86226504013418,
88.3,31.46081334941542,0.004452932224943496,follow,13.03001047875862,70.22123050288175,
88.4,31.461258642637915,0.004237090714293501,follow,13.561261203983335,70.75314916794021,
88.5,31.461682351709346,0.004031711423897378,follow,13.880499776112401,71.07302330367642,
88.6,31.462085522851737,0.0038362872314134933,follow,14.209726784227882,71.40285506850549,
88.7,31.46246915157488,0.0036503355956170936,follow,14.467942788857997,71.66164651622032,
88.8,31.46283418513444,0.0034733973649110792,follow,14.690148323361164,71.88439960106282,
88.9,31.463181524870933,0.003305035643585086,follow,15.089343895242983,72.28411618254938,
89.0,31.463512028435293,0.003144834713044986,follow,15.316529987409353,72.5117980300623,
89.1,31.463826511906596,0.0029923990053102754,follow,15.643707059358874,72.83944682721877,
89.2,31.464125751807128,0.0028473521262760925,follow,15.916875548317414,73.1130641760281,
89.3,31.464410487019755,0.0027093359263336224,follow,16.293035870317766,73.4896516008474,
89.4,31.46468142061239,0.002578009616014043,follow,16.65818842122684,73.85521055214542,
89.5,31.464939221573992,0.002453048924522605,follow,17.099333577723186,74.29674241008418,
89.6,31.465184526466444,0.0023341452990415235,follow,17.382471698227114,74.58024848792678,
89.7,31.46541794099635,0.0022210051428530166,follow,17.694603123785612,74.89273003528014,
89.8,31.465640041510635,0.0021133490903959993,follow,17.93572817891456,75.13418824118051,
89.9,31.465851376419675,0.002010911317450237,follow,18.234847172399938,75.43362423702945,
90.0,31.46605246755142,0.0019134388847650285,follow,18.624960398060345,75.82403909938748,
90.1,31.4662438114399,0.0018206911135067116,follow,19.05706813547249,76.25643385263234,
90.2,31.46642588055125,0.0017324389909699534,follow,19.30817065066148,76.50780947148836,
90.3,31.466599124450347,0.0016484646050962226,follow,19.742268196757706,76.94216688343323,
90.4,31.466763970910858,0.001568560606417435,follow,20.22236101462191,77.4225069709882,
90.5,31.4669208269715,0.001492529696057332,follow,20.59844933343986,77.7988305738971,
90.6,31.467070079941106,0.0014201841385645508,follow,21.1225333712883,78.32313849119996,
90.7,31.467212098354963,0.0013513452983605844,follow,21.364613335673397,78.56543148320584,
90.8,31.467347232884798,0.0012858431986501272,follow,21.553689424043156,78.75471027337035,
90.9,31.46747581720466,0.0012235161017095208,follow,21.681761824274872,78.88297555008187,
91.0,31.46759816881483,0.0011642101095329592,follow,22.144830715139157,79.3462279683614,
91.1,31.467714589825786,0.001107778783820379,follow,22.515896266741244,79.71746815147992,
91.2,31.46782536770417,0.0010540827844000233,follow,22.807958640941088,80.00969669249734,
91.3,31.46793077598261,0.001002989525163045,follow,23.130017991753007,80.33191415572692,
91.4,31.468031074935126,0.0009543728466809398,follow,23.302074465725973,80.50412107812866,
91.5,31.468126512219794,0.0009081127047025461,follow,23.837128202305465,81.03931797063515,
91.6,31.468217323490265,0.0008640948737255627,follow,24.12817933417778,81.33050531941318,
91.7,31.46830373297764,0.0008222106649682815,follow,24.41222798759769,81.61468358706415,
91.8,31.468385954044134,0.0007823566579837404,follow,24.75427428270018,81.95685321376638,
91.9,31.468464189709934,0.0007444344452924411,follow,25.066318333797064,82.26901461836196,
92.0,31.468538633154463,0.0007083503894094179,follow,25.347360249659275,82.55016819939097,
92.1,31.468609468193403,0.0006740153916158676,follow,25.519400133785425,82.72231433607553,
92.2,31.468676869732565,0.0006413446719680139,follow,25.81543808465733,83.01845338925618,
92.3,31.468741004199764,0.0006102575599580718,follow,26.249474195983268,83.45258570228292,
92.4,31.46880202995576,0.0005806772953199868,follow,26.6245085569293,83.82771160186294,
92.5,31.468860097685294,0.0005525308384925154,follow,27.01954125233943,84.22283139886737,
92.6,31.468915350769144,0.0005257486902721098,follow,27.19557236294513,84.39894538909884,
92.7,31.46896792563817,0.0005002647202054789,follow,27.318601965564675,84.52205385402193,
92.8,31.469017952110192,0.0004760160032969196,follow,27.523630133292826,84.72715706145812,
92.9,31.46906555371052,0.000452942664639977,follow,27.74265693568131,84.94625526624709,
93.0,31.469110847976985,0.00043098773156771133,follow,28.06068243891056,85.26434871087604,
93.1,31.469153946750144,0.0004100969929801579,follow,28.093706705953117,85.29743762607833,
93.2,31.469194956449442,0.00039021886548873397,follow,28.444729796729156,85.64852223140332,
93.3,31.469233978335993,0.0003713042660379529,follow,28.62175176825439,85.82560273575838,
93.4,31.469271108762598,0.0003533064907188077,follow,28.76677267478088,85.97067933792478,
93.5,31.46930643941167,0.00033618109944200114,follow,28.848792567931007,86.05275222704852,
93.6,31.469340057521617,0.0003198858062074095,follow,28.861811496824927,86.06582158310735,
93.7,31.469372046102237,0.0003043803746951568,follow,29.11682950820184,86.3208875773552,
93.8,31.469402484139707,0.0002896265189050951,follow,29.29184664653541,86.49595037274497,
93.9,31.469431446791596,0.0002755878086347252,follow,29.326862954143607,86.531010124331,
94.0,31.46945900557246,0.0002622295795099205,follow,29.35687847129315,86.56106697965184,
94.1,31.469485228530413,0.0002495188474071597,follow,29.476893236298977,86.6811210790946,
94.2,31.469510180415153,0.0002374242270011706,follow,29.789907285618824,86.99417255624155,
94.3,31.469533922837854,0.0002259158542617712,follow,29.90692065394326,87.11122153820004,875.1912820728405
94.4,31.46955651442328,0.00021496531273044184,follow,29.896933374281332,87.10126814591625,
94.5,31.469578010954553,0.0002045455633414406,follow,30.005945478042094,87.21031249447392,
94.6,31.469598465510888,0.00019463087765494435,follow,30.106956995112142,87.31135469337848,61.504261109465716
94.7,31.469617928598655,0.00018519677434163383,follow,29.964967953929403,87.16939484682739,
94.8,31.469636448276088,0.00017621995872580954,follow,30.077978381553393,87.28243305396752,
94.9,31.46965407027196,0.00016767826525700968,follow,30.167988303731967,87.37246940913991,
95.0,31.469670838098487,0.00015955060279786436,follow,30.34399774496498,87.54850400211271,
95.1,31.46968679315877,0.0001518169025310101,follow,30.62700672856471,87.83153691830286,
95.2,31.46970197484902,0.00014445806841401065,follow,30.835015276713456,88.03956823898699,
95.3,31.46971642065586,0.00013745593001708302,follow,30.90202341051829,88.10659804150208,464.4120827122561
95.4,31.469730166248862,0.0001307931976679555,follow,30.88303115006321,88.0876263994365,
95.5,31.46974324556863,0.00012445341975428904,follow,31.21503851445867,88.41965338281162,
95.6,31.469755690910606,0.00011842094210336995,follow,31.29904552188885,88.50367905825476,
95.7,31.469767533004816,0.00011268086932822997,follow,31.37305218965647,88.5777034891637,
95.8,31.46977880109175,0.0001072190280449803,follow,31.439058534225587,88.64372673586321,
95.9,31.469789522994553,0.00010202193188177944,follow,31.5210645712622,88.72574885575403,
96.0,31.46979972518774,9.707674817249767e-05,follow,31.565070315672962,88.76976990345457,4483.383939006031
96.1,31.469809432862558,9.237126627539282e-05,follow,31.56307578164197,88.7677899309358,2229.8179991010156
96.2,31.469818669989184,8.789386741945294e-05,follow,31.559080982665776,88.76380898764955,
96.3,31.469827459375924,8.363349601516745e-05,follow,31.59908593158675,88.80382712065064,635.0957638578096
96.4,31.469835822725525,7.957963235689647e-05,follow,31.585090640624756,88.78984437471304,253.8043236480567
96.5,31.46984378068876,7.572226664969151e-05,follow,31.55009512140736,88.7548607924405,
96.6,31.469851352915423,7.205187428844795e-05,follow,31.588099384998486,88.79287641437162,9013.267231078946
96.7,31.469858558102853,6.855939234391428e-05,follow,31.587103441925798,88.79189127908008,
96.8,31.469865414042086,6.523619718628027e-05,follow,31.74810730220667,88.9529054232698,37.377283983545766
96.9,31.469871937661804,6.207408318239515e-05,follow,31.510110975372882,88.71491888186559,
97.0,31.469878145070123,5.906524244245759e-05,follow,31.62111447049422,88.8259316880994,
97.1,31.469884051594367,5.620224554299113e-05,follow,31.742117796200837,88.94694387359239,44.925329744418555
97.2,31.469889671818922,5.347802317139383e-05,follow,31.544120960704568,88.74895546843295,227.62581797665695
97.3,31.46989501962124,5.0885848683535075e-05,follow,31.505123971819202,88.70996650125106,188.78677746522146
97.4,31.469900108206108,4.841932148522687e-05,follow,31.458126836979766,88.66297699928893,59.509343284793964
97.5,31.469904950138258,4.6072351225845407e-05,follow,31.30912956326093,88.51398698846832,93.18194096744645
97.6,31.46990955737338,4.383914277212852e-05,follow,31.214132157394417,88.41899649345449,67.50007738759575
97.7,31.469913941287658,4.1714181887542165e-05,follow,31.083134625785668,88.28800553771715,
97.8,31.469918112705848,3.9692221618281566e-05,follow,31.215136974529614,88.42001414358839,
97.9,31.46992208192801,3.7768269344695685e-05,follow,31.265139209425797,88.47002233231781,
98.0,31.469925858754944,3.5937574447331146e-05,follow,31.341141335992596,88.54603012412501,
98.1,31.46992945251239,3.419561657160841e-05,follow,31.361143359480934,88.56603753824952,56.41402382541169
98.2,31.469932872074047,3.253809447869571e-05,follow,31.20414528488722,88.40904459299828,83.41004126044508
98.3,31.469936125883496,3.0960915416500254e-05,follow,31.098147116965627,88.30305130579087,519.6249522972504
98.4,31.46993922197504,2.9460185016816354e-05,follow,31.081148860239963,88.28605769320252,49.049466012706795
98.5,31.46994216799354,2.803219767884002e-05,follow,30.9011505190147,88.10606377100501,1469.8511368574411
98.6,31.46994497121331,2.6673427414536378e-05,follow,30.895152097385697,88.10006955420566,88.99491599641885
98.7,31.46994763855605,2.538051915195183e-05,follow,30.79615359925026,88.00107505708434,75.86642028654978
98.8,31.469950176607966,2.4150280441403994e-05,follow,30.680155028316776,87.88508029322873,399.56812787594566
98.9,31.46995259163601,2.2979673582312897e-05,follow,30.65815638811391,87.86308527556793,172.2965756359613
99.0,31.46995488960337,2.1865808107435215e-05,follow,30.607157681999276,87.81209001640433,67.5501055603529
99.1,31.46995707618418,2.08059336660682e-05,follow,30.477158913167727,87.682094527444,
99.2,31.469959156777545,1.979743321740557e-05,follow,30.48116008465926,87.68609881982557,42.56691135420157
99.3,31.469961136520865,1.883781657063821e-05,follow,30.275161199366515,87.48010290414781,156.22531136299338
99.4,31.469963020302522,1.792471424124642e-05,follow,30.21916226004194,87.42410679049573,138.77656937467967
99.5,31.469964812773945,1.7055871600035742e-05,follow,30.156163269304557,87.36111048846547,58.24210657775698
99.6,31.469966518361105,1.6229143299284487e-05,follow,30.006164229646416,87.21111400718807,89.91146844382172
99.7,31.469968141275434,1.5442487983818866e-05,follow,29.909165143438813,87.11411735535196,35.557244964826786
99.8,31.469969685524234,1.4693963242606856e-05,follow,29.664166012938068,86.86912054122442,160.87777308625544
99.9,31.469971154920557,1.3981720823608156e-05,follow,29.610166840291157,86.815123572672,54.60169720941236
100.0,31.46997255309264,1.3304002055747333e-05,follow,29.451167627540983,86.65612645717994,44.668738389641504
100.1,31.469973883492845,1.265913351531367e-05,follow,29.257168376631398,86.46212920187067,149.07934936856077
100.2,31.469975149406196,1.2045522896286797e-05,follow,29.199169089412095,86.40413181352139,39.27504900991407
100.3,31.469976353958486,1.1461655068956133e-05,follow,28.979169767643043,86.18413429858077,29.92529233100192
100.4,31.469977500123992,1.0906088351703148e-05,follow,28.69117041299893,85.89613666318492,28.070839298558358
100.5,31.469978590732826,1.0377450936616128e-05,follow,28.385171027073284,85.59013891317252,72.53533206904773
100.6,31.46997962847792,9.874437511925293e-06,follow,28.26717161138236,85.47214105409924,29.37207539793187
100.7,31.46998061592167,9.395806038625665e-06,follow,27.976172167368937,85.18114309125144,327.64420835481013
100.8,31.469981555502276,8.940374679866637e-06,follow,27.950172696405865,85.15514502965928,22.89128151823902
100.9,31.469982449539742,8.507018888437301e-06,follow,27.578173199799437,84.78314687410905,201.87307104623738
101.0,31.46998330024163,8.094668618241486e-06,follow,27.536173678792636,84.74114862915508,47.60783352161319
101.1,31.46998410970849,7.702305695289623e-06,follow,27.358174134568173,84.56315029913091,40.07762423898721
101.2,31.469984879939062,7.328961297048409e-06,follow,27.147174568251472,84.35215188816007,33.07947139285623
101.3,31.469985612835192,6.973713564661921e-06,follow,26.892174980913374,84.09715340016616,47.512902246396195
101.4,31.469986310206547,6.635685319267282e-06,follow,26.71517537357282,83.92015483888264,38.14576229385887
101.5,31.46998697377508,6.3140419005236484e-06,follow,26.49517574719936,83.70015620786198,66.9608227636801
101.6,31.46998760517927,6.007989107104095e-06,follow,26.37017610271557,83.57515751048447,38.51411745901658
101.7,31.46998820597818,5.716771237018747e-06,follow,26.15317644099928,83.35815874996655,38.063291173175
101.8,31.469988777655303,5.4396692110714184e-06,follow,25.934176762885777,83.13915992936873,30.906879842761295
101.9,31.469989321622222,5.175998812489979e-06,follow,25.66517706916987,82.8701610516032,33.55081753842414
102.0,31.469989839222105,4.925108981979065e-06,follow,25.41817736060782,82.62316211944098,37.55615623600139
102.1,31.469990331733005,4.686380227170161e-06,follow,25.198177637919258,82.40316313551877,20.549466786346706
102.2,31.46999080037103,4.459223077546426e-06,follow,24.797177901788913,82.00216410234546,21.925766259695177
102.3,31.469991246293336,4.243076639198762e-06,follow,24.423178152868346,81.62816502230835,41.22652823598143
102.4,31.469991670601,4.037407199675158e-06,follow,24.22517839177752,81.43016589767902,32.31366470281168
102.5,31.46999207434172,3.841706922358412e-06,follow,23.973178619106328,81.17816673061891,28.186941017597682
102.6,31.469992458512415,3.6554925838316875e-06,follow,23.685178835416124,80.89016752318474,29.41468703770248
102.7,31.469992824061674,3.478304385140518e-06,follow,23.410179041240987,80.6151682773335,31.990237237024974
102.8,31.469993171892114,3.3097048106611737e-06,follow,23.15817923708915,80.36316899492732,24.13313326683631
102.9,31.469993502862593,3.1492775590891143e-06,follow,22.825179423444226,80.03016967773812,22.292566717439335
103.0,31.46999381779035,2.996626497520083e-06,follow,22.46617960076634,79.67117032745186,28.45405222727435
103.1,31.469994117453,2.8513747057701266e-06,follow,22.18617976949333,79.39117094567283,20.567692211422013
103.2,31.46999440259047,2.713163523537787e-06,follow,21.80017993004182,79.00517153392752,29.04607871938433
103.3,31.46999467390682,2.5816516828314205e-06,follow,21.52818008280824,78.73317209366847,17.22828530702873
103.4,31.46999493207199,2.456514453186287e-06,follow,21.071180228169794,78.27617262627778,34.033193523501104
103.5,31.469995177723437,2.337442847277771e-06,follow,20.841180366485425,78.04617313307058,27.67599524623184
103.6,31.46999541146772,2.224142853535227e-06,follow,20.55918049809665,77.76417361529823,25.496488723527797
103.7,31.469995633882007,2.116334709967305e-06,follow,20.254180623328452,77.45917407415146,31.108156584752475
103.8,31.469995845515477,2.013752219909293e-06,follow,20.005180742490055,77.21017451076327,39.19306463844858
103.9,31.4699960468907,1.9161420830471345e-06,follow,19.80818085587567,77.01317492621172,29.966262017945823
104.0,31.46999623850491,1.8232632825743167e-06,follow,19.551180963765283,76.75617532152265,15.290086222132851
104.1,31.469996420831237,1.734886482651632e-06,follow,19.049181066425298,76.25417569767215,16.613123128288343
104.2,31.469996594319884,1.6507934631704303e-06,follow,18.590181164109197,75.79517605558902,18.531843317633083
104.3,31.46999675939923,1.5707765808059548e-06,follow,18.1811812570582,75.38617639615704,20.94062340454372
104.4,31.469996916476887,1.4946382584923867e-06,follow,17.821181345501792,75.02617672021712,23.156249420693648
104.5,31.469997065940714,1.4221904947930852e-06,follow,17.49718142965837,74.70217702856944,17.292182352976305
104.6,31.469997208159764,1.35325440204781e-06,follow,17.065181509735723,74.27017732197537,20.57347223263793
104.7,31.469997343485204,1.287659765480953e-06,follow,16.70418158593158,73.90917760115939,16.60881387027397
104.8,31.46999747225118,1.225244616875898e-06,follow,16.259181658434102,73.46417786681087,16.772653028279628
104.9,31.46999759477564,1.1658548402238011e-06,follow,15.821181727422285,73.02617811958575,14.375238719539388
105.0,31.469997711361124,1.1093437926490423e-06,follow,15.31318179306649,72.51817836010818,15.33154618361116
105.1,31.469997822295504,1.0555719335059165e-06,follow,14.840181855528812,72.04517858897206,14.043900423477028
105.2,31.4699979278527,1.0044064914893625e-06,follow,14.327181914963461,71.53217880674251,14.688338653622962
105.3,31.469998028293347,9.557211317456904e-07,follow,13.840181971517218,71.04517901395724,21.793012878339187
105.4,31.46999812386546,9.093956364836231e-07,follow,13.514182025329717,70.71917921112791,14.286708285841373
105.5,31.469998214805024,8.653156179150301e-07,follow,13.019182076533824,70.22417939874136,33.92475360436764
105.6,31.469998301336584,8.233722390116327e-07,follow,12.812182125255973,70.01717957726085,18.092302405682965
105.7,31.469998383673808,7.834619285773669e-07,follow,12.425182171616477,69.63017974712719,16.697891303684955
105.8,31.46999846202,7.454861407296675e-07,follow,12.00818221572981,69.21317990875981,13.651518916079455
105.9,31.469998536568614,7.0935110869641e-07,follow,11.501182257704883,68.7061800625578,17.84576783860119
106.0,31.469998607503726,6.749676028761087e-07,follow,11.116182297645352,68.32118020890094,13.830202321337278
106.1,31.469998675000486,6.42250728333238e-07,follow,10.622182335649832,67.82718034815056,15.345520516053801
106.2,31.46999873922556,6.111196977798272e-07,follow,10.18018237181218,67.38518048065052,26.954085785469168
106.3,31.469998800337528,5.81497644702722e-07,follow,9.930182406221661,67.13518060672796,14.28408462612941
106.4,31.469998858487294,5.533114226352609e-07,follow,9.460182438963258,66.6651807266942,17.777386938615265
106.5,31.469998913818436,5.264914385350039e-07,follow,9.085182470117829,66.29018084084548,12.554961075343323
106.6,31.469998966467582,5.009714648451791e-07,follow,8.55718249976227,65.76218094946364,13.700457314443842
106.7,31.469999016564728,4.7668849170179326e-07,follow,8.07718252796979,65.28218105281688,19.2006470398266
106.8,31.469999064233576,-0.1695021838520816,follow,7.7371825548100475,64.94218115116041,12.09351815044109
106.9,31.453048845848368,0.0771241316293672,follow,7.2256079759645,64.40518124473705,18.5978263985356
107.0,31.460761259011306,0.002305646545464768,follow,6.867734471635252,64.05887636015221,14.556317098315834
107.1,31.460991823665854,-0.9436650818947314,follow,6.4273124987523005,63.61880023425108,11.649678719266982
107.2,31.36662531547638,-0.008324896407845034,follow,6.022763078669932,63.0727010518845,14.120884694165929
107.3,31.365792825835594,-0.2866129982483603,follow,5.577349281583473,62.62603852033686,14.750139983104743
107.4,31.337131526010758,-0.7083641900481371,follow,5.1957619487371645,62.201459237753305,13.679274259375388
107.5,31.266295107005945,-2.0948205244058595,follow,4.847303424643314,61.74674608515223,9.869538605365147
107.6,31.05681305456536,-1.0148775337572473,follow,4.535896992603604,61.12111657445164,11.262801198400023
107.7,30.955325301189635,-1.0644904872571388,follow,4.145447317210653,60.57843526899511,12.12702509175296
107.8,30.84887625246392,-1.1479457496269028,follow,3.8055883601802662,60.078902738876145,12.493335154568294
107.9,30.73408167750123,-0.8087107530296436,follow,3.496892597377908,59.59801511362976,14.210027294732452
108.0,30.653210602198264,-1.3457006086066259,follow,3.1987910425822434,59.178606945879636,13.112307880570723
108.1,30.5186405413376,-2.1997340883118977,follow,2.9493250736534122,58.72728588565981,10.470859284494988
108.2,30.29866713250641,-0.7363819541924304,follow,2.718421132766437,58.16642183152605,14.19154567840112
108.3,30.225028937087167,-1.147967656393948,follow,2.4190117126446538,57.75655511827541,14.790301441749902
108.4,30.110232171447773,-1.2427706159503136,follow,2.200703967395036,57.366052224566694,14.784180350518191
108.5,29.985955109852743,-0.9346505138507112,follow,1.999096342642801,56.97802900742192,16.728943033510898
108.6,29.892490058467672,-1.2607189643548025,follow,1.7986984087351345,56.63743349643664,15.943023784524419
108.7,29.766418162032192,-1.4364299951436312,follow,1.632557247541591,56.28218449058988,14.943158743749926
108.8,29.62277516251783,-1.6700701679209693,follow,1.4713799306099133,55.90554267438666,13.726645946206693
108.9,29.45576814572573,-2.51193105285587,follow,1.3146129395462793,55.49826515813488,10.722710831621512
109.0,29.204575040440144,-0.7838117589958714,follow,1.1738257829020924,54.980688343562306,16.292625792784616
109.1,29.126193864540557,-1.5265797133035144,follow,0.9539400427074511,54.64323083951829,15.540448833203977
109.2,28.973535893210205,-1.3833945033480604,follow,0.8313076132489243,54.291611453064235,16.141231482815417
109.3,28.8351964428754,-2.346710869290984,follow,0.7024631994301131,53.95525786374321,12.110634975485004
109.4,28.600525355946303,-1.7755805594944616,follow,0.6089501855362158,53.50973821945567,12.986144628921195
109.5,28.422967299996856,-0.5369477455924347,follow,0.46323473386575387,53.09768568386104,22.376071378620097
109.6,28.369272525437612,-1.7767186887482194,follow,0.30648016570493297,52.86038895386135,16.52262773288777
109.7,28.19160065656279,-0.9918290853074524,follow,0.25306071647340644,52.54046170131759,20.75385055897912
109.8,28.092417748032044,-1.5897728041577484,follow,0.14867501361324287,52.28730163566131,17.59083213329597
109.9,27.93344046761627,-1.3808158340414098,follow,0.08989915943369908,51.9900598608581,18.156501051386737
110.0,27.795358884212128,-0.8295401388231411,follow,0.010677487778288253,51.703715814096476,24.67535094043686
110.1,27.712404870329813,-0.32004203485289884,follow,-0.07442737981946124,51.49417992567526,16.33488782178153
110.2,27.680400666844523,-0.6782753165544955,follow,-0.34166156162450534,51.17893943864228,18.882425784755032
110.3,27.612573135189074,-0.6490813322928799,follow,-0.5109603308257746,50.90789937195783,16.40828343240827
110.4,27.547665001959786,-0.7792834331255868,follow,-0.7238554445007566,50.59764205843892,16.49386162638831
110.5,27.46973665864723,-0.8340393576280534,follow,-0.9137294297278942,50.290875558242945,17.049276385678006
110.6,27.386332722884422,-0.88414743389354,follow,-1.0835971919484138,49.99590189237822,19.789911851078646
110.7,27.297917979495068,-0.8847025084574991,follow,-1.203608349152823,49.74326862008978,16.592604921255358
110.8,27.20944772864932,-1.0013537311479963,follow,-1.3706947708337083,49.44347682214027,29.440318968369898
110.9,27.10931235553452,-0.8618825809050019,follow,-1.3884364840264496,49.275532049275334,15.306228972955267
111.0,27.02312409744402,-1.117011426161915,follow,-1.5810853324441396,48.953600813721884,18.38202014720455
111.1,26.911422954827827,-1.065987243948919,follow,-1.679846028264258,48.68728840397748,17.504453366025828
111.2,26.804824230432935,-1.1363646210497336,follow,-1.7980902371547032,48.4091461084947,35.99663436530329
111.3,26.69118776832796,-0.9712834699335284,follow,-1.7621179670405311,48.27466368545141,21.93118841566214
111.4,26.594059421334606,-1.1151255873743426,follow,-1.8365442233832994,48.05454490861861,31.1222121666035
111.5,26.48254686259717,-1.0263386393246223,follow,-1.823681327410604,47.90013896648515,14.460214739099424
111.6,26.37991299866471,-1.2914289522383047,follow,-2.0009852177716354,47.56888428022543,23.905007059175723
111.7,26.250770103440882,-1.1255253260698908,follow,-2.006262174802359,47.36989298035896,32.42802742798331
111.8,26.13821757083389,-1.0923628858186853,follow,-1.983510386235963,47.223815970014876,23.871901992109144
111.9,26.028981282252023,-1.1667038837007946,follow,-2.017477710446549,47.02599421293149,38.89720618778656
112.0,25.912310893881944,-1.0609128639405594,follow,-1.963370256116633,46.90509608470629,20.55158051010578
112.1,25.80621960748789,-1.2158170708182576,follow,-2.0324644159137435,46.67686499531809,55.15928085604673
112.2,25.684637900406063,-1.0137414988297002,follow,-1.934713816039796,46.5922430345693,346.0559240306707
112.3,25.58326375052309,-0.9210479227687638,follow,-1.796116381255942,46.5787792445287,23.368096285453966
112.4,25.491158958246213,-1.1489967899801872,follow,-1.85728556789293,46.37945286947639,23.061057744496026
112.5,25.376259279248195,-1.1318726354922795,follow,-1.8860519452205295,46.17833697365177,78.76777154447717
112.6,25.263072015698967,-0.9510390977616894,follow,-1.7748969778215056,46.119711045726945,104.09077850012933
112.7,25.1679681059228,-0.9278590334580694,follow,-1.6765483147271496,46.07540384415705,24.40475752721277
112.8,25.075182202576993,-1.0991251668960198,follow,-1.7261662703007161,45.88660703356477,25.848956218100994
112.9,24.965269685887392,-1.070694066066116,follow,-1.7388157155240123,45.709088813307076,28.29811592000229
113.0,24.85820027928078,-1.062816100141573,follow,-1.739738574202832,45.54756184471834,19.732933165968888
113.1,24.751918669266622,-1.1654721719065524,follow,-1.8111361871096747,45.31674181679026,23.216511287233473
113.2,24.63537145207597,-1.1262570310531588,follow,-1.8315072282503522,45.1215499498636,23.31415496568585
113.3,24.522745748970653,-1.144036228319563,follow,-1.856105818799982,44.928012804656,26.231571633826768
113.4,24.408342126138695,-1.1226859845976067,follow,-1.855774959449107,44.75673822975894,39.6659286159254
113.5,24.296073527678935,-1.048821097391141,follow,-1.8002062743733305,44.64390401714507,50.38397223545268
113.6,24.19119141793982,-1.0116506268148975,follow,-1.7314904625325553,44.555296664377174,
113.7,24.09002635525833,-0.8586283295567283,follow,-1.5708620103043032,44.56417752258319,27.339544160634482
113.8,24.004163522302658,-1.0703586631070272,follow,-1.605070396396627,44.40117488705736,198.07493400781146
113.9,23.897127655991955,-0.8456917167829261,follow,-1.4669329491608423,44.37875853482709,44.506596791439385
114.0,23.812558484313662,-0.9487113592476537,follow,-1.4397919572425977,44.2790457692279,52.553082775371976
114.1,23.717687348388896,-0.8973446357313766,follow,-1.3817411017868153,44.19478992079653,143.63538231977387
114.2,23.62795288481576,-0.8125851627405443,follow,-1.2779081412659963,44.164021185957644,29.4829174092412
114.3,23.546694368541704,-0.958100274270725,follow,-1.3058156553364881,44.01422589747607,100.78954314079425
114.4,23.45088434111463,-0.792540454301323,follow,-1.2057700510500524,43.97055646062189,81.2938240548975
114.5,23.371630295684497,-0.8041583257745606,follow,-1.140977417016316,43.91646802651043,155.93659027262063
114.6,23.291214463107043,-0.7416029861869073,follow,-1.0485166977185827,43.88830499694198,112.18477110579953
114.7,23.217054164488353,-0.73504989861257,follow,-0.9763976961012446,43.84918355063128,
114.8,23.143549174627097,-0.49990769580515937,follow,-0.7558456277581982,43.95947813418245,45.153834320716804
114.9,23.093558405046583,-0.7533324612586221,follow,-0.7782143908501382,43.86212321671974,48.54376094753775
115.0,23.01822515892072,-0.7007731987332169,follow,-0.7555703621659973,43.77176737621508,46.65379835536222
115.1,22.9481478390474,-0.7090949317287816,follow,-0.7442768982480885,43.67794486032301,50.31164381892576
115.2,22.877238345874524,-0.694468612335075,follow,-0.7247274423935153,43.59113007641827,48.048156556256394
115.3,22.807791484641015,-0.696615589991977,follow,-0.7112809851307063,43.50040624183082,
115.4,22.738129925641818,-0.5170087167964079,follow,-0.5725677950960133,43.534627093366716,
115.5,22.686429053962176,-0.47637592485398295,follow,-0.4438294801407281,43.58581410080254,53.38591747718704
115.6,22.638791461476778,-0.6202833951382449,follow,-0.45401599680884175,43.50417119540632,43.99731681585517
115.7,22.576763121962955,-0.6191878753652326,follow,-0.45985263368579155,43.40529204925864,371.7380224128471
115.8,22.51484433442643,-0.5004259232655512,follow,-0.3786507645773014,43.39361573706235,55.28945528895824
115.9,22.464801742099876,-0.5871806979270259,follow,-0.3820713095301045,43.31513130361971,
116.0,22.406083672307172,-0.460311399061626,follow,-0.2934743790510339,43.31565112940972,156.8932011351121
116.1,22.36005253240101,-0.4913987219336079,follow,-0.2520360364225098,43.288042762179,30.69959577212981
116.2,22.31091266020765,-0.6276893504549642,follow,-0.31933148137257206,43.1470375089389,
116.3,22.24814372516215,-0.3436354530280826,follow,-0.1642693448250938,43.20794624291813,
116.4,22.21378017985934,-0.31714334276113726,follow,-0.03453839938709535,43.28613187040192,53.191430489107844
116.5,22.182065845583228,-0.4943401012315246,follow,-0.0683449159588605,43.20475385241598,63.34396324371294
116.6,22.132631835460074,-0.4523361827534547,follow,-0.06240048533245357,43.13654726785766,177.78601553280492
116.7,22.087398217184727,-0.39729609844897024,follow,-0.018813241465437613,43.11228408431165,198.31020071189693
116.8,22.04766860733983,0.6224926693472852,follow,0.019041351583439337,43.090544262593184,2438.8195081713234
116.9,22.109917874274558,-0.5212361764571647,follow,-0.07609940955263284,43.088777401859204,
117.0,22.057794256628842,-0.4921595043572893,follow,0.07609422948848277,43.16278561443175,64.63485599940032
117.1,22.00857830619311,-0.6254025581412946,follow,0.0831387294791952,43.09600618876886,40.33022749853642
117.2,21.94603805037898,-0.807502676964517,follow,0.07009128258107467,42.98914835814955,29.935939613023802
117.3,21.86528778268253,-0.3460435320350207,follow,0.04761287908785761,42.84554455311165,43.48530988221635
117.4,21.830683429479027,-0.1539546482627781,follow,0.000990630624855271,42.7470157748434,77.62538962772896
117.5,21.81528796465275,-0.4008511251435342,follow,-0.03098451508363098,42.69194743189549,
117.6,21.775202852138396,-0.5129610551399125,follow,0.08661435722262212,42.74941863543022,47.226341073099434
117.7,21.723906746624404,-0.053933690286651986,follow,0.07303823027977074,42.658898350216376,98.31351709113297
117.8,21.718513377595738,-0.36711959925971416,follow,0.037737609160330976,42.615507675553935,67.80366050213875
117.9,21.681801417669767,0.29154093666535097,follow,0.029954211289705768,42.55265633779436,
118.0,21.7109555113363,-0.40533151200530537,follow,-0.0019570709770704298,42.564476196027385,
118.1,21.67042236013577,-0.8035231825642398,follow,0.14674710469009966,42.65238064489375,40.604981637463275
118.2,21.590070041879347,-0.42775429516814967,follow,0.16223334606115714,42.54733840888018,42.54435852205368
118.3,21.54729461236253,0.29714637940738625,follow,0.12638948614844736,42.44733140469224,897.5088130402087
118.4,21.57700925030327,-0.24758327749630205,follow,0.07708806800108192,42.44260194345599,122.30971337612233
118.5,21.55225092255364,0.4092975618986262,follow,0.07952463459520231,42.40790101842566,
118.6,21.5931806787435,-0.5185582421850604,follow,0.05290490805504078,42.442675926170295,79.6028018610709
118.7,21.541324854524994,-0.6984223541367811,follow,0.07737057650845003,42.389357858295945,38.14308452267462
118.8,21.471482619111317,-0.04539531733913088,follow,0.07100144417646703,42.278225372843444,84.30646200214292
118.9,21.466943087377405,-0.038556650408513346,follow,0.027662479866201295,42.22807711093231,178.22033796525605
119.0,21.463087422336553,-0.2997186176613976,follow,0.009751668689744974,42.20438280219457,91.13696629730994
119.1,21.433115560570414,-0.39703617197048935,follow,0.008400719105296162,42.15807405996092,62.63125758708544
119.2,21.393411943373366,-0.07413124963191962,follow,0.0006445888438264546,42.090762503903875,122.5663909369101
119.3,21.385998818410172,-0.4632718958482735,follow,-0.02257691804872053,42.05642130956654,129.0078949201923
119.4,21.339671628825347,-0.049208512757033064,follow,0.014313984487500875,42.02382142772552,210.46465977639733
119.5,21.334750777549644,-0.4978402777464012,follow,0.0017280985185195163,42.003854264842985,60.45888053985173
119.6,21.284966749775005,-0.736198286298541,follow,0.006929062425513166,41.93437918708802,35.38865474077676
119.7,21.21134692114515,-0.4126396566977172,follow,-0.0011378696072057437,41.81588251211052,43.04937978576434
119.8,21.17008295547538,-0.4834856994194695,follow,-0.03637661321706531,41.718747819996004,122.67226906940957
119.9,21.121734385533433,-0.8941430580335805,follow,0.0021379461483164164,41.68473952444847,26.691311858520944
120.0,21.032320079730074,-8.0,emergency,-0.01991403369999034,41.52856608589512,2.6000334252378026
120.1,20.232320079730073,-8.0,emergency,-0.41714604167299285,39.931334077922116,2.530130796751973
120.2,19.432320079730072,-8.0,emergency,-0.795378049645997,38.35310206994911,2.4852453728149957
120.3,18.63232007973007,-8.0,emergency,-1.1386100576190046,36.8098700619761,2.453611832459876
120.4,17.83232007973007,-8.0,emergency,-1.4388420655920129,35.309638054003095,2.3838019880709025
120.5,17.03232007973007,-8.0,emergency,-1.7200740735650157,33.82840604603009,2.327804910739238
120.6,16.23232007973007,-8.0,emergency,-1.97330608153802,32.37517403805708,2.2620493293682458
120.7,15.432320079730069,-8.0,emergency,-2.2045380895110327,30.943942030084074,2.2258113647664546
120.8,14.632320079730068,-8.0,emergency,-2.394770097484038,29.553710022111066,2.17110013935972
120.9,13.832320079730067,-8.0,emergency,-2.5560021054570434,28.192478014138057,2.119365482499361
121.0,13.032320079730066,-8.0,emergency,-2.6862341134300465,26.86224600616505,2.061202137595245
121.1,12.232320079730066,-8.0,emergency,-2.7894661214030556,25.559013998192043,2.089465762144777
121.2,11.432320079730065,-8.0,emergency,-2.812698129376063,24.335781990219036,2.1286827013676164
121.3,10.632320079730064,-8.0,emergency,-2.7559301373490683,23.192549982246028,2.1813254123586208
121.4,9.832320079730064,-8.0,emergency,-2.619162145322072,22.12931797427302,2.250671031336132
121.5,9.032320079730063,-8.0,emergency,-2.4023941532950808,21.146085966300014,2.478351230228228
121.6,8.232320079730062,-8.0,emergency,-2.055626161268087,20.292853958327008,2.8136374611769193
121.7,7.432320079730062,-2.210755153276011,follow,-1.576858169241092,19.571621950354,3.609455300050883
121.8,7.211244564402461,-0.932338166817611,follow,-1.7874769042226966,19.029389942380995,4.476192713475587
121.9,7.1180107477207,-1.1252481570919373,follow,-2.072750635640304,18.604265485940747,6.005229484638961
122.0,7.005485932011506,-1.0418213463396164,follow,-2.213764486848582,18.294464411168676,9.913087980697007
122.1,6.901303797377545,-0.9448771226378321,follow,-2.242039878098794,18.109915817967526,16.748221787335797
122.2,6.806816085113762,-0.8739769446454112,follow,-2.2084386894408716,18.00178543822977,
122.3,6.719418390649221,-0.6969072743562311,follow,-2.0550237562554337,18.024103829718396,
122.4,6.649727663213597,-0.5521691136260872,follow,-1.8394295041669224,18.135161990653472,
122.5,6.594510751850988,-0.2809488785099131,follow,-1.4895769034443695,18.402189224332112,
122.6,6.566415863999997,-0.16173949129823095,follow,-1.1528856468529831,18.696738149147013,
122.7,6.550241914870174,0.12962979170389455,follow,-0.7032663095582485,19.122096562747014,
122.8,6.563204894040563,0.4350268601299223,follow,-0.16373496980084568,19.681072371259997,
122.9,6.6067075800535555,3.0,follow,0.42369051177560735,20.333751881855942,
123.0,6.906707580053555,3.0,follow,0.6100197537702563,20.970081123850587,
123.1,7.206707580053555,3.0,follow,0.7973489957648994,21.607410365845233,
123.2,7.506707580053555,3.0,follow,1.1056782377595447,22.365739607839878,
123.3,7.806707580053555,3.0,follow,1.29200747975419,23.002068849834522,
123.4,8.106707580053556,3.0,follow,1.4623367217488301,23.622398091829165,
123.5,8.406707580053556,3.0,follow,1.7716659637434766,24.38172733382381,
123.6,8.706707580053557,3.0,follow,2.0569952057381222,25.117056575818456,
123.7,9.006707580053558,3.0,follow,2.335324447732763,25.8453858178131,
123.8,9.306707580053558,3.0,follow,2.7206536897274027,26.680715059807742,
123.9,9.606707580053559,3.0,follow,3.102982931722046,27.513044301802385,
124.0,9.90670758005356,3.0,follow,3.4623121737166898,28.322373543797028,
124.1,10.20670758005356,3.0,follow,3.8006414157113326,29.110702785791673,
124.2,10.506707580053561,3.0,follow,4.279970657705974,30.040032027786317,
124.3,10.806707580053562,3.0,follow,4.7672998997006175,30.97736126978096,
124.4,11.106707580053563,3.0,follow,5.23062914169526,31.890690511775603,
124.5,11.406707580053563,3.0,follow,5.833958383689904,32.94401975377025,
124.6,11.706707580053564,3.0,follow,6.276287625684546,33.836348995764894,
124.7,12.006707580053565,3.0,follow,6.707616867679189,34.717678237759536,
124.8,12.306707580053565,3.0,follow,7.210946109673834,35.67100747975418,
124.9,12.606707580053566,3.0,follow,7.777275351668472,36.68733672174882,
125.0,12.906707580053567,3.0,follow,8.383604593663115,37.74366596374347,
125.1,13.206707580053568,3.0,follow,8.97593383565776,38.78599520573811,
125.2,13.506707580053568,3.0,follow,9.630263077652401,39.89032444773275,
125.3,13.806707580053569,3.0,follow,10.187592319647038,40.89765368972739,
125.4,14.10670758005357,3.0,follow,10.964921561641681,42.12498293172204,
125.5,14.40670758005357,3.0,follow,11.648250803636326,43.25831217371668,
125.6,14.706707580053571,3.0,follow,12.444580045630971,44.504641415711326,
125.7,15.006707580053572,3.0,follow,13.200909287625613,45.71097065770597,
125.8,15.306707580053573,3.0,follow,13.987238529620257,46.94729989970062,
125.9,15.606707580053573,3.0,follow,14.803567771614901,48.21362914169526,
126.0,15.906707580053574,3.0,follow,15.630897013609541,49.4909583836899,
126.1,16.206707580053575,3.0,follow,16.49522625560418,50.80528762568454,
126.2,16.506707580053575,3.0,follow,17.440555497598822,52.20061686767919,
126.3,16.806707580053576,3.0,follow,18.306884739593464,53.51694610967383,
126.4,17.106707580053577,3.0,follow,19.240213981588113,54.900275351668476,
126.5,17.406707580053578,3.0,follow,20.07154322358275,56.18160459366312,
126.6,17.70670758005358,3.0,follow,21.010872465577393,57.57093383565776,
126.7,18.00670758005358,3.0,follow,21.729201707572038,58.7392630776524,
126.8,18.30670758005358,3.0,follow,22.640530949566674,60.10059231964704,
126.9,18.60670758005358,3.0,follow,23.355860191561312,61.26592156164168,
127.0,18.90670758005358,3.0,follow,23.91618943355595,62.27625080363632,
127.1,19.206707580053582,3.0,follow,24.58751867555059,63.39758004563097,
127.2,19.506707580053583,3.0,follow,25.155847917545238,64.41590928762561,
127.3,19.806707580053583,3.0,follow,25.83117715953987,65.54123852962024,
127.4,20.106707580053584,3.0,follow,26.34150640153451,66.50156777161489,
127.5,20.406707580053585,3.0,follow,26.84083564352916,67.45089701360953,
127.6,20.706707580053585,3.0,follow,27.180164885523794,68.24022625560417,
127.7,21.006707580053586,3.0,follow,27.61849412751843,69.12855549759881,
127.8,21.306707580053587,3.0,follow,27.849823369513075,69.80988473959346,
127.9,21.606707580053587,3.0,follow,28.12615261150772,70.5362139815881,
128.0,21.906707580053588,3.0,follow,28.58348185350237,71.44354322358275,
128.1,22.20670758005359,3.0,follow,29.01381109549701,72.3238724655774,
128.2,22.50670758005359,3.0,follow,29.38114033749165,73.14120170757204,
128.3,22.80670758005359,3.0,follow,29.593469579486296,73.80353094956668,
128.4,23.10670758005359,3.0,follow,29.85879882148093,74.51886019156132,
128.5,23.40670758005359,3.0,follow,30.09812806347557,75.20818943355596,
128.6,23.706707580053592,3.0,follow,30.20345730547021,75.7635186755506,
128.7,24.006707580053593,3.0,follow,30.51778654746485,76.52784791754524,
128.8,24.306707580053594,3.0,follow,30.746115789459502,77.20617715953989,
128.9,24.606707580053595,3.0,follow,30.84544503145414,77.75550640153453,
129.0,24.906707580053595,3.0,follow,30.936774273448783,78.29683564352918,
129.1,25.206707580053596,3.0,follow,31.01510351544343,78.82516488552382,
129.2,25.506707580053597,2.8916462099732008,follow,30.860432757438062,79.12049412751846,
129.3,25.795872201050916,2.750314513175346,follow,30.85401506793672,79.5478233695131,
129.4,26.07090365236845,2.617038738420514,follow,30.800880670855335,79.907236149408,
129.5,26.332607526210502,2.490185074742133,follow,30.711234494855404,80.21014578417116,
129.6,26.581626033684714,2.3694814309153793,follow,30.679445981023044,80.55188503155011,
129.7,26.818574176776252,2.2546284686844116,follow,30.82786116301726,81.05572242818164,
129.8,27.044037023644695,2.1453426341171196,follow,30.86580947503697,81.43186501050401,
129.9,27.258571287056405,2.0413540774482835,follow,30.788604377554933,81.67646130813954,
130.0,27.462706694801234,0.7664060302759346,cruise,,,
130.1,27.539347297828826,1.2073341701773095,cruise,,,
130.2,27.660080714846558,1.1337396174714016,cruise,,,
130.3,27.773454676593698,1.0792604731790092,cruise,,,
130.4,27.881380723911597,1.0269318238488314,cruise,,,
130.5,27.98407390629648,0.9771550921362951,cruise,,,
130.6,28.08178941551011,0.929790639480857,cruise,,,
130.7,28.174768479458194,0.8847220410864771,cruise,,,
130.8,28.263240683566842,0.8418379969839848,cruise,,,
130.9,28.34742448326524,0.8010326184578609,cruise,,,
131.0,28.427527745111025,0.762205148890752,cruise,,,
131.1,28.5037482600001,0.7252597155332264,cruise,,,
131.2,28.576274231553423,0.6901050927572918,cruise,,,
131.3,28.64528474082915,0.656654476802706,cruise,,,
131.4,28.710950188509422,0.6248252714412079,cruise,,,
131.5,28.77343271565354,0.5945388840299934,cruise,,,
131.6,28.83288660405654,0.5657205314508303,cruise,,,
131.7,28.889458657201622,0.5382990554556641,cruise,,,
131.8,28.94328856274719,0.512206746962736,cruise,,,
131.9,28.994509237443463,0.4873791788693861,cruise,,,
132.0,29.043247155330402,0.4637550469687174,cruise,,,
132.1,29.089622660027274,0.44127601857730137,cruise,,,
132.2,29.133750261885005,0.419886588500178,cruise,,,
132.3,29.17573892073502,0.3995339419774844,cruise,,,
132.4,29.21569231493277,0.3801678242742902,cruise,,,
132.5,29.2537090973602,0.36174041659167067,cruise,,,
132.6,29.289883139019366,0.34420621799256707,cruise,,,
132.7,29.324303760818623,0.3275219330509117,cruise,,,
132.8,29.357055954123712,0.3116463649466169,cruise,,,
132.9,29.388220590618374,0.29654031374241435,cruise,,,
133.0,29.417874621992617,0.28216647959141883,cruise,,,
133.1,29.446091269951758,0.2684893706363788,cruise,,,
133.2,29.472940207015395,0.2554752153732117,cruise,,,
133.3,29.498487728552714,0.2430918792624471,cruise,,,
133.4,29.52279691647896,0.23130878538264632,cruise,,,
133.5,29.545927795017224,0.2200968389299085,cruise,,,
133.6,29.567937478910217,0.20942835537699372,cruise,,,
133.7,29.588880314447916,0.1992769921147321,cruise,,,
133.8,29.608808013659388,0.1896176834068644,cruise,,,
133.9,29.627769782000076,0.1804265784977556,cruise,,,
134.0,29.645812439849852,0.17168098272014126,cruise,,,
134.1,29.662980538121865,0.16335930145746397,cruise,,,
134.2,29.67931646826761,0.15544098682247026,cruise,,,
134.3,29.69486056694986,0.1479064869203956,cruise,,,
134.4,29.709651215641898,0.1407371975714394,cruise,,,
134.5,29.72372493539904,0.13391541637333687,cruise,,,
134.6,29.737116477036373,0.1274242989906135,cruise,,,
134.7,29.749858906935433,0.12124781756256553,cruise,,,
134.8,29.76198368869169,0.11537072112727849,cruise,,,
134.9,29.773520760804416,0.10977849796397372,cruise,,,
135.0,29.784498610600814,0.10445733976067402,cruise,,,
135.1,29.79494434457688,0.09939410751874007,cruise,,,
135.2,29.804883755328753,0.09457629911006186,cruise,,,
135.3,29.814341385239757,0.08999201840682006,cruise,,,
135.4,29.823340587080438,0.08562994590757711,cruise,,,
135.5,29.831903581671195,0.08147931078717505,cruise,,,
135.6,29.840051512749913,0.07752986430142847,cruise,,,
135.7,29.847804499180054,0.07377185448093079,cruise,,,
135.8,29.855181684628146,0.0701960020514992,cruise,,,
135.9,29.862201284833297,0.06679347752180612,cruise,,,
136.0,29.868880632585476,0.06355587938160809,cruise,,,
136.1,29.875236220523636,0.060475213356734156,cruise,,,
136.2,29.88128374185931,0.057543872669642934,cruise,,,
136.3,29.887038129126275,0.054754619256773295,cruise,,,
136.4,29.89251359105195,0.05210056589632117,cruise,,,
136.5,29.897723647641584,0.049575159202318274,cruise,,,
136.6,29.902681163561816,0.04717216344302244,cruise,,,
136.7,29.90739837990612,0.0448856451436491,cruise,,,
136.8,29.911886944420484,0.04270995843544867,cruise,,,
136.9,29.91615794026403,0.04063973111492238,cruise,,,
137.0,29.92022191337552,0.038669851378791975,cruise,,,
137.1,29.9240888985134,0.03679545520193628,cruise,,,
137.2,29.927768444033592,0.03501191432714599,cruise,,,
137.3,29.931269635466307,0.03331482483703176,cruise,,,
137.4,29.93460111795001,0.0316999962798846,cruise,,,
137.5,29.937771117578,0.030163441322604,cruise,,,
137.6,29.940787461710258,0.0287013659051933,cruise,,,
137.7,29.943657598300778,0.02731015987245513,cruise,,,
137.8,29.946388614288022,0.025986388059815724,cruise,,,
137.9,29.948987253094003,0.024726781811203934,cruise,,,
138.0,29.951459931275124,0.023528230908101477,cruise,,,
138.1,29.953812754365934,0.022387775889789907,cruise,,,
138.2,29.956051531954913,0.02130260074585024,cruise,,,
138.3,29.958181792029496,0.020270025962877015,cruise,,,
138.4,29.960208794625785,0.019287501908220504,cruise,,,
138.5,29.962137544816606,0.01835260253445057,cruise,,,
138.6,29.96397280507005,0.01746301938894206,cruise,,,
138.7,29.965719107008944,0.0166165559138598,cruise,,,
138.8,29.967380762600328,0.015811122022420677,cruise,,,
138.9,29.96896187480257,0.01504472893804234,cruise,,,
139.0,29.970466347696373,0.014315484283672575,cruise,,,
139.1,29.97189789612474,0.013621587409119229,cruise,,,
139.2,29.97326005486565,0.012961324944901164,cruise,,,
139.3,29.974556187360143,0.012333066571580887,cruise,,,
139.4,29.975789494017302,0.011735260994201014,cruise,,,
139.5,29.976963020116724,0.01116643211181163,cruise,,,
139.6,29.978079663327904,0.010625175372694074,cruise,,,
139.7,29.979142180865175,0.010110154306231323,cruise,,,
139.8,29.9801531962958,0.009620097222913414,cruise,,,
139.9,29.98111520601809,0.009153794074268617,cruise,,,
140.0,29.982030585425516,0.008710093465013813,cruise,,,
140.1,29.982901594772017,0.008287899810041566,cruise,,,
140.2,29.98373038475302,0.007886170629188883,cruise,,,
140.3,29.98451900181594,0.007503913973154042,cruise,,,
140.4,29.985269393213255,0.007140185974178337,cruise,,,
140.5,29.985983411810672,0.006794088515438901,cruise,,,
140.6,29.986662820662215,0.006464767013429906,cruise,,,
140.7,29.98730929736356,0.006151408307816908,cruise,,,
140.8,29.98792443819434,0.005853238653595128,cruise,,,
140.9,29.9885097620597,0.00556952181054271,cruise,,,
141.0,29.989066714240753,0.005299557225307438,cruise,,,
141.1,29.989596669963284,0.005042678301598968,cruise,,,
141.2,29.990100937793443,0.004798250754230793,cruise,,,
141.3,29.990580762868866,0.004565671042939812,cruise,,,
141.4,29.99103732997316,0.0043443648821316575,cruise,,,
141.5,29.991471766461373,0.004133785822849489,cruise,,,
141.6,29.991885145043657,0.003933413903486382,cruise,,,
141.7,29.992278486434007,0.0037427543658917982,cruise,,,
141.8,29.992652761870595,0.0035613364337262255,cruise,,,
141.9,29.993008895513967,0.003388712150005091,cruise,,,
142.0,29.993347766728967,0.0032244552710167795,cruise,,,
142.1,29.993670212256067,0.0030681602138365347,cruise,,,
142.2,29.99397702827745,0.002919441054860883,cruise,,,
142.3,29.994268972382937,0.002777930576885268,cruise,,,
142.4,29.994546765440624,0.002643279362381534,cruise,,,
142.5,29.994811093376864,0.002515154930696184,cruise,,,
142.6,29.995062608869933,0.002393240917112749,cruise,,,
142.7,29.995301932961645,0.0022772362916636977,cruise,,,
142.8,29.99552965659081,0.002166854615844471,cruise,,,
142.9,29.995746342052396,0.0020618233353268066,cruise,,,
143.0,29.995952524385928,0.001961883106976714,cruise,,,
143.1,29.996148712696627,0.0018667871584767681,cruise,,,
143.2,29.996335391412476,0.0017763006790072922,cruise,,,
143.3,29.996513021480375,0.001690200239442774,cruise,,,
143.4,29.996682041504318,0.0016082732406580646,cruise,,,
143.5,29.996842868828384,0.0015303173885879318,cruise,,,
143.6,29.996995900567242,0.0014561401947215558,cruise,,,
143.7,29.997141514586716,0.0013855585008002436,cruise,,,
143.8,29.997280070436794,0.0013183980265793593,cruise,,,
143.9,29.997411910239453,0.001254492939475682,cruise,,,
144.0,29.9975373595334,0.0011936854451160884,cruise,,,
144.1,29.99765672807791,0.001135825397691903,cruise,,,
144.2,29.99777031061768,0.0010807699292303852,cruise,,,
144.3,29.9978783876106,0.0010283830968223385,cruise,,,
144.4,29.997981225920284,0.000978535546952841,cruise,,,
144.5,29.99807907947498,0.0009311041961012733,cruise,,,
144.6,29.99817218989459,0.0008859719268226485,cruise,,,
144.7,29.998260787087272,0.0008430272985592069,cruise,,,
144.8,29.99834508981713,0.0008021642724788336,cruise,,,
144.9,29.998425306244375,0.000763281949638639,cruise,,,
145.0,29.99850163443934,0.0007262843218409643,cruise,,,
145.1,29.998574262871525,0.0006910800345817592,cruise,,,
145.2,29.998643370874984,0.0006575821614706711,cruise,,,
145.3,29.998709129091132,0.0006257079895892303,cruise,,,
145.4,29.998771699890092,0.0005953788152659456,cruise,,,
145.5,29.99883123777162,0.0005665197497329189,cruise,,,
145.6,29.99888788974659,0.0005390595342127825,cruise,,,
145.7,29.998941795700013,0.0005129303639670013,cruise,,,
145.8,29.99899308873641,0.0004880677208767281,cruise,,,
145.9,29.999041895508498,0.0004644102141245554,cruise,,,
146.0,29.99908833652991,0.00044189942862260523,cruise,,,
146.1,29.99913252647277,0.00042047978075601124,cruise,,,
146.2,29.999174574450848,0.0004000983811529579,cruise,,,
146.3,29.999214584288964,0.0003807049040830179,cruise,,,
146.4,29.999252654779372,0.00036225146319139866,cruise,,,
146.5,29.999288879925693,0.0003446924932571704,cruise,,,
146.6,29.999323349175018,0.00032798463769339036,cruise,,,
146.7,29.99935614763879,0.0003120866414743517,cruise,,,
146.8,29.999387356302936,0.00029695924928780927,cruise,,,
146.9,29.999417052227866,0.0002825651085881731,cruise,,,
147.0,29.999445308738725,0.00026886867737978547,cruise,,,
147.1,29.99947219560646,0.00025583613644819536,cruise,,,
147.2,29.999497779220107,0.00024343530585291262,cruise,,,
147.3,29.999522122750694,0.00023163556547700637,cruise,,,
147.4,29.999545286307242,0.00022040777941434442,cruise,,,
147.5,29.999567327085185,0.00020972422402500967,cruise,,,
147.6,29.999588299507586,0.00019955851948658677,cruise,,,
147.7,29.999608255359533,0.00018988556464947238,cruise,,,
147.8,29.999627243916,0.00018068147506085098,cruise,,,
147.9,29.999645312063503,0.0001719235239971084,cruise,,,
148.0,29.9996625044159,0.00016359008632953475,cruise,,,
148.1,29.999678863424535,0.00015566058514266957,cruise,,,
148.2,29.99969442948305,0.00014811544092054873,cruise,,,
148.3,29.99970924102714,0.00014093602320244258,cruise,,,
148.4,29.99972333462946,0.00013410460457308204,cruise,,,
148.5,29.99973674508992,0.00012760431690317375,cruise,,,
148.6,29.99974950552161,0.00012141910968779256,cruise,,,
148.7,29.999761647432578,0.000115533710420479,cruise,,,
148.8,29.99977320080362,0.0001099335868772755,cruise,,,
148.9,29.99978419416231,0.00010460491123858162,cruise,,,
149.0,29.99979465465343,9.95345259475755e-05,cruise,,,
149.1,29.999804608106025,9.470991120927864e-05,cruise,,,
149.2,29.999814079097145,9.011915409118387e-05,cruise,,,
149.3,29.999823091012555,8.57509190996808e-05,cruise,,,
149.4,29.999831666104466,8.159442019355368e-05,cruise,,,
149.5,29.999839825546484,7.763939415248445e-05,cruise,,,
149.6,29.9998475894859,7.387607522595374e-05,cruise,,,
149.7,29.99985497709342,7.029517103340766e-05,cruise,,,
149.8,29.999862006610524,6.688783960697719e-05,cruise,,,
149.9,29.999868695394486,6.364566756822398e-05,cruise,,,
150.0,29.999875059961244,6.056064935044958e-05,cruise,,,
