time,ego_speed,acceleration_cmd,mode,distance_error,distance,ttc
0.0,0.0,3.0,cruise,,,
0.1,0.30000000000000004,3.0,cruise,,,
0.2,0.6000000000000001,3.0,cruise,,,
0.3,0.9000000000000001,3.0,cruise,,,
0.4,1.2000000000000002,3.0,cruise,,,
0.5,1.5000000000000002,3.0,cruise,,,
0.6,1.8000000000000003,3.0,cruise,,,
0.7,2.1000000000000005,3.0,cruise,,,
0.8,2.4000000000000004,3.0,cruise,,,
0.9,2.7,3.0,cruise,,,
1.0,3.0,3.0,cruise,,,
1.1,3.3,3.0,cruise,,,
1.2,3.5999999999999996,3.0,cruise,,,
1.3,3.8999999999999995,3.0,cruise,,,
1.4,4.199999999999999,3.0,cruise,,,
1.5,4.499999999999999,3.0,cruise,,,
1.6,4.799999999999999,3.0,cruise,,,
1.7,5.099999999999999,3.0,cruise,,,
1.8,5.399999999999999,3.0,cruise,,,
1.9,5.699999999999998,3.0,cruise,,,
2.0,5.999999999999998,3.0,cruise,,,
2.1,6.299999999999998,3.0,cruise,,,
2.2,6.599999999999998,3.0,cruise,,,
2.3,6.899999999999998,3.0,cruise,,,
2.4,7.1999999999999975,3.0,cruise,,,
2.5,7.499999999999997,3.0,cruise,,,
2.6,7.799999999999997,3.0,cruise,,,
2.7,8.099999999999998,3.0,cruise,,,
2.8,8.399999999999999,3.0,cruise,,,
2.9,8.7,3.0,cruise,,,
3.0,9.0,3.0,cruise,,,
3.1,9.3,3.0,cruise,,,
3.2,9.600000000000001,3.0,cruise,,,
3.3,9.900000000000002,3.0,cruise,,,
3.4,10.200000000000003,3.0,cruise,,,
3.5,10.500000000000004,3.0,cruise,,,
3.6,10.800000000000004,3.0,cruise,,,
3.7,11.100000000000005,3.0,cruise,,,
3.8,11.400000000000006,3.0,cruise,,,
3.9,11.700000000000006,3.0,cruise,,,
4.0,12.000000000000007,3.0,cruise,,,
4.1,12.300000000000008,3.0,cruise,,,
4.2,12.600000000000009,3.0,cruise,,,
4.3,12.90000000000001,3.0,cruise,,,
4.4,13.20000000000001,3.0,cruise,,,
4.5,13.50000000000001,3.0,cruise,,,
4.6,13.800000000000011,3.0,cruise,,,
4.7,14.100000000000012,3.0,cruise,,,
4.8,14.400000000000013,3.0,cruise,,,
4.9,14.700000000000014,3.0,cruise,,,
5.0,15.000000000000014,3.0,cruise,,,
5.1,15.300000000000015,3.0,cruise,,,
5.2,15.600000000000016,3.0,cruise,,,
5.3,15.900000000000016,3.0,cruise,,,
5.4,16.200000000000017,3.0,cruise,,,
5.5,16.500000000000018,3.0,cruise,,,
5.6,16.80000000000002,3.0,cruise,,,
5.7,17.10000000000002,3.0,cruise,,,
5.8,17.40000000000002,3.0,cruise,,,
5.9,17.70000000000002,3.0,cruise,,,
6.0,18.00000000000002,3.0,cruise,,,
6.1,18.300000000000022,3.0,cruise,,,
6.2,18.600000000000023,3.0,cruise,,,
6.3,18.900000000000023,3.0,cruise,,,
6.4,19.200000000000024,3.0,cruise,,,
6.5,19.500000000000025,3.0,cruise,,,
6.6,19.800000000000026,3.0,cruise,,,
6.7,20.100000000000026,3.0,cruise,,,
6.8,20.400000000000027,3.0,cruise,,,
6.9,20.700000000000028,3.0,cruise,,,
7.0,21.00000000000003,3.0,cruise,,,
7.1,21.30000000000003,3.0,cruise,,,
7.2,21.60000000000003,3.0,cruise,,,
7.3,21.90000000000003,3.0,cruise,,,
7.4,22.20000000000003,3.0,cruise,,,
7.5,22.500000000000032,3.0,cruise,,,
7.6,22.800000000000033,3.0,cruise,,,
7.7,23.100000000000033,3.0,cruise,,,
7.8,23.400000000000034,3.0,cruise,,,
7.9,23.700000000000035,3.0,cruise,,,
8.0,24.000000000000036,2.9999999999999822,cruise,,,
8.1,24.300000000000033,2.8499999999999837,cruise,,,
8.2,24.58500000000003,2.7074999999999854,cruise,,,
8.3,24.85575000000003,2.5721249999999856,cruise,,,
8.4,25.112962500000027,2.4435187499999866,cruise,,,
8.5,25.357314375000026,2.321342812499987,cruise,,,
8.6,25.589448656250024,2.205275671874988,cruise,,,
8.7,25.809976223437523,2.0950118882812383,cruise,,,
8.8,26.019477412265648,1.9902612938671762,cruise,,,
8.9,26.218503541652364,1.890748229173818,cruise,,,
9.0,26.407578364569744,1.796210817715128,cruise,,,
9.1,26.587199446341256,1.7064002768293722,cruise,,,
9.2,26.75783947402419,1.6210802629879044,cruise,,,
9.3,26.91994750032298,1.54002624983851,cruise,,,
9.4,27.07395012530683,1.4630249373465851,cruise,,,
9.5,27.22025261904149,1.3898736904792557,cruise,,,
9.6,27.359239988089413,1.3203800059552933,cruise,,,
9.7,27.491277988684942,1.254361005657529,cruise,,,
9.8,27.616714089250696,1.1916429553746521,cruise,,,
9.9,27.735878384788162,1.132060807605919,cruise,,,
10.0,27.849084465548753,1.0754577672256236,cruise,,,
10.1,27.956630242271316,1.0216848788643418,cruise,,,
10.2,28.05879873015775,0.9706006349211247,cruise,,,
10.3,28.155858793649863,0.9220706031750687,cruise,,,
10.4,28.24806585396737,0.8759670730163158,cruise,,,
10.5,28.335662561269,0.8321687193654999,cruise,,,
10.6,28.41887943320555,0.790560283397225,cruise,,,
10.7,28.49793546154527,0.7510322692273643,cruise,,,
10.8,28.573038688468007,0.7134806557659967,cruise,,,
10.9,28.644386754044607,0.6778066229776964,cruise,,,
11.0,28.71216741634238,0.6439162918288108,cruise,,,
11.1,28.77655904552526,0.6117204772373697,cruise,,,
11.2,28.837731093248998,0.5811344533755012,cruise,,,
11.3,28.895844538586548,0.5520777307067259,cruise,,,
11.4,28.95105231165722,0.5244738441713892,cruise,,,
11.5,29.00349969607436,0.49825015196281974,cruise,,,
11.6,29.053324711270644,0.47333764436467796,cruise,,,
11.7,29.10065847570711,0.44967076214644486,cruise,,,
11.8,29.145625551921754,0.42718722403912324,cruise,,,
11.9,29.188344274325665,0.40582786283716743,cruise,,,
12.0,29.228927060609383,0.3855364696953085,cruise,,,
12.1,29.267480707578915,0.3662596462105423,cruise,,,
12.2,29.30410667219997,0.3479466639000144,cruise,,,
12.3,29.338901338589974,0.33054933070501313,cruise,,,
12.4,29.371956271660476,0.31402186416976186,cruise,,,
12.5,29.403358458077452,0.29832077096127385,cruise,,,
12.6,29.43319053517358,0.28340473241321007,cruise,,,
12.7,29.4615310084149,0.2692344957925492,cruise,,,
12.8,29.488454457994155,0.2557727710029223,cruise,,,
12.9,29.51403173509445,0.24298413245277573,cruise,,,
13.0,29.538330148339725,0.23083492583013765,cruise,,,
13.1,29.561413640922737,0.21929317953863148,cruise,,,
13.2,29.5833429588766,0.20832852056170026,cruise,,,
13.3,29.60417581093277,0.19791209453361525,cruise,,,
13.4,29.623967020386132,0.18801648980693386,cruise,,,
13.5,29.642768669366827,0.17861566531658646,cruise,,,
13.6,29.660630235898484,0.16968488205075793,cruise,,,
13.7,29.67759872410356,0.1612006379482196,cruise,,,
13.8,29.693718787898383,0.15314060605080826,cruise,,,
13.9,29.709032848503465,0.1454835757482673,cruise,,,
14.0,29.723581206078293,0.13820939696085333,cruise,,,
14.1,29.73740214577438,0.13129892711281066,cruise,,,
14.2,29.75053203848566,0.12473398075717057,cruise,,,
14.3,29.763005436561375,0.1184972817193124,cruise,,,
14.4,29.774855164733307,0.11257241763334669,cruise,,,
14.5,29.786112406496642,0.10694379675167909,cruise,,,
14.6,29.79680678617181,0.10159660691409478,cruise,,,
14.7,29.80696644686322,0.09651677656838942,cruise,,,
14.8,29.816618124520062,0.09169093773996906,cruise,,,
14.9,29.82578721829406,0.0871063908529699,cruise,,,
15.0,29.834497857379358,0.08275107131032122,cruise,,,
15.1,29.842772964510388,0.07861351774480596,cruise,,,
15.2,29.850634316284868,0.07468284185756602,cruise,,,
15.3,29.858102600470623,0.07094869976468843,cruise,,,
15.4,29.865197470447093,0.06740126477645347,cruise,,,
15.5,29.871937596924738,0.06403120153763098,cruise,,,
15.6,29.8783407170785,0.06082964146074943,cruise,,,
15.7,29.884423681224575,0.05778815938771231,cruise,,,
15.8,29.890202497163347,0.05489875141832634,cruise,,,
15.9,29.89569237230518,0.05215381384740958,cruise,,,
16.0,29.90090775368992,0.04954612315503937,cruise,,,
16.1,29.905862366005426,0.047068816997287044,cruise,,,
16.2,29.910569247705155,0.0447153761474226,cruise,,,
16.3,29.915040785319896,0.04247960734005218,cruise,,,
16.4,29.9192887460539,0.0403556269730494,cruise,,,
16.5,29.923324308751205,0.03833784562439746,cruise,,,
16.6,29.927158093313643,0.0364209533431783,cruise,,,
16.7,29.93080018864796,0.03459990567601956,cruise,,,
16.8,29.934260179215563,0.032869910392218316,cruise,,,
16.9,29.937547170254785,0.031226414872607577,cruise,,,
17.0,29.940669811742044,0.029665094128977998,cruise,,,
17.1,29.94363632115494,0.02818183942252972,cruise,,,
17.2,29.946454505097194,0.026772747451403234,cruise,,,
17.3,29.949131779842332,0.025434110078833783,cruise,,,
17.4,29.951675190850217,0.024162404574891383,cruise,,,
17.5,29.954091431307706,0.02295428434614699,cruise,,,
17.6,29.95638685974232,0.02180657012883991,cruise,,,
17.7,29.958567516755203,0.020716241622398712,cruise,,,
17.8,29.960639140917444,0.019680429541278244,cruise,,,
17.9,29.962607183871572,0.0186964080642138,cruise,,,
18.0,29.964476824677995,0.017761587661002665,cruise,,,
18.1,29.966252983444093,0.01687350827795342,cruise,,,
18.2,29.967940334271887,0.01602983286405646,cruise,,,
18.3,29.969543317558294,0.015228341220852926,cruise,,,
18.4,29.97106615168038,0.014466924159810546,cruise,,,
18.5,29.97251284409636,0.013743577951819574,cruise,,,
18.6,29.973887201891543,0.013056399054228507,cruise,,,
18.7,29.975192841796964,0.012403579101517792,cruise,,,
18.8,29.976433199707117,0.011783400146441636,cruise,,,
18.9,29.97761153972176,0.01119423013911991,cruise,,,
19.0,29.97873096273567,0.010634518632164358,cruise,,,
19.1,29.97979441459889,0.010102792700555696,cruise,,,
19.2,29.980804693868944,0.009597653065528178,cruise,,,
19.3,29.981764459175498,0.009117770412251147,cruise,,,
19.4,29.982676236216722,0.008661881891638856,cruise,,,
19.5,29.983542424405886,0.008228787797056825,cruise,,,
19.6,29.98436530318559,0.007817348407204605,cruise,,,
19.7,29.985147038026312,0.007426480986843842,cruise,,,
19.8,29.985889686124995,0.00705515693750236,cruise,,,
19.9,29.986595201818744,0.006702399090627864,cruise,,,
20.0,29.987265441727807,0.006367279136096471,cruise,,,
20.1,29.987902169641416,0.00604891517929218,cruise,,,
20.2,29.988507061159346,0.005746469420326861,cruise,,,
20.3,29.98908170810138,0.0054591459493096295,cruise,,,
20.4,29.98962762269631,0.005186188651844503,cruise,,,
20.5,29.990146241561497,0.00492687921925139,cruise,,,
20.6,29.990638929483424,0.004680535258287932,cruise,,,
20.7,29.991106983009253,0.004446508495373536,cruise,,,
20.8,29.99155163385879,0.004224183070604681,cruise,,,
20.9,29.99197405216585,0.004012973917074447,cruise,,,
21.0,29.99237534955756,0.003812325221220547,cruise,,,
21.1,29.992756582079682,0.003621708960158898,cruise,,,
21.2,29.993118752975697,0.003440623512151575,cruise,,,
21.3,29.99346281532691,0.003268592336544529,cruise,,,
21.4,29.993789674560567,0.0031051627197165033,cruise,,,
21.5,29.99410019083254,0.00294990458372979,cruise,,,
21.6,29.994395181290912,0.002802409354544011,cruise,,,
21.7,29.994675422226365,0.002662288886817521,cruise,,,
21.8,29.994941651115045,0.0025291744424773555,cruise,,,
21.9,29.995194568559292,0.0024027157203541094,cruise,,,
22.0,29.995434840131328,0.0022825799343362263,cruise,,,
22.1,29.995663098124762,0.002168450937618971,cruise,,,
22.2,29.995879943218522,0.0020600283907388217,cruise,,,
22.3,29.996085946057597,0.001957026971201259,cruise,,,
22.4,29.996281648754717,0.0018591756226413736,cruise,,,
22.5,29.99646756631698,0.0017662168415100155,cruise,,,
22.6,29.99664418800113,0.0016779059994345147,cruise,,,
22.7,29.996811978601073,0.0015940106994634107,cruise,,,
22.8,29.99697137967102,0.0015143101644898849,cruise,,,
22.9,29.99712281068747,0.0014385946562658347,cruise,,,
23.0,29.997266670153095,0.0013666649234522765,cruise,,,
23.1,29.99740333664544,0.0012983316772796627,cruise,,,
23.2,29.997533169813167,0.0012334150934165677,cruise,,,
23.3,29.997656511322507,0.00117174433874645,cruise,,,
23.4,29.997773685756382,0.0011131571218090386,cruise,,,
23.5,29.997885001468564,0.001057499265717965,cruise,,,
23.6,29.997990751395136,0.0010046243024319779,cruise,,,
23.7,29.99809121382538,0.000954393087310379,cruise,,,
23.8,29.99818665313411,0.0009066734329454817,cruise,,,
23.9,29.998277320477403,0.0008613397612986518,cruise,,,
24.0,29.998363454453532,0.0008182727732339856,cruise,,,
24.1,29.998445281730856,0.0007773591345721087,cruise,,,
24.2,29.998523017644313,0.0007384911778434144,cruise,,,
24.3,29.998596866762096,0.0007015666189520431,cruise,,,
24.4,29.99866702342399,0.0006664882880045297,cruise,,,
24.5,29.99873367225279,0.0006331638736050138,cruise,,,
24.6,29.99879698864015,0.0006015056799242302,cruise,,,
24.7,29.998857139208145,0.0005714303959276634,cruise,,,
24.8,29.99891428224774,0.0005428588761304809,cruise,,,
24.9,29.998968568135354,0.0005157159323232463,cruise,,,
25.0,29.999020139728586,0.000489930135707084,cruise,,,
25.1,29.999069132742157,0.0004654336289213745,cruise,,,
25.2,29.99911567610505,0.00044216194747548343,cruise,,,
25.3,29.999159892299797,0.000420053850101354,cruise,,,
25.4,29.999201897684806,0.00039905115759708565,cruise,,,
25.5,29.999241802800565,0.000379098599717409,cruise,,,
25.6,29.999279712660538,0.0003601436697309168,cruise,,,
25.7,29.99931572702751,0.000342136486244371,cruise,,,
25.8,29.999349940676137,0.00032502966193170835,cruise,,,
25.9,29.99938244364233,0.000308778178835567,cruise,,,
26.0,29.999413321460214,0.00029333926989316694,cruise,,,
26.1,29.999442655387202,0.00027867230639877505,cruise,,,
26.2,29.99947052261784,0.000264738691079458,cruise,,,
26.3,29.99949699648695,0.0002515017565247746,cruise,,,
26.4,29.999522146662603,0.00023892666869862467,cruise,,,
26.5,29.999546039329474,0.00022698033526324934,cruise,,,
26.6,29.999568737363,0.00021563131850044215,cruise,,,
26.7,29.999590300494848,0.00020484975257595295,cruise,,,
26.8,29.999610785470107,0.00019460726494635594,cruise,,,
26.9,29.999630246196602,0.0001848769016987717,cruise,,,
27.0,29.999648733886772,0.0001756330566138331,cruise,,,
27.1,29.999666297192434,0.00016685140378314145,cruise,,,
27.2,29.99968298233281,0.00015850883359469492,cruise,,,
27.3,29.99969883321617,0.00015058339191575953,cruise,,,
27.4,29.99971389155536,0.00014305422232041565,cruise,,,
27.5,29.999728196977593,0.00013590151120368432,cruise,,,
27.6,29.999741787128713,0.00012910643564367774,cruise,,,
27.7,29.99975469777228,0.0001226511138607833,cruise,,,
27.8,29.999766962883665,0.00011651855816730006,cruise,,,
27.9,29.999778614739483,0.00011069263025831333,cruise,,,
28.0,29.999789684002508,0.0001051579987461082,cruise,,,
28.1,29.999800199802383,9.990009880844752e-05,cruise,,,
28.2,29.999810189812266,9.490509386722579e-05,cruise,,,
28.3,29.999819680321654,9.015983917315396e-05,cruise,,,
28.4,29.99982869630557,8.565184721476271e-05,cruise,,,
28.5,29.999837261490292,8.136925485402458e-05,cruise,,,
28.6,29.99984539841578,7.730079211043517e-05,cruise,,,
28.7,29.99985312849499,7.343575250473577e-05,cruise,,,
28.8,29.999860472070242,6.976396487878844e-05,cruise,,,
28.9,29.99986744846673,6.62757666347602e-05,cruise,,,
29.0,29.999874076043394,6.296197830302219e-05,cruise,,,
29.1,29.999880372241226,5.981387938724936e-05,cruise,,,
29.2,29.999886353629165,5.68231854174428e-05,cruise,,,
29.3,29.999892035947706,5.398202614692593e-05,cruise,,,
29.4,29.99989743415032,5.1282924840023725e-05,cruise,,,
29.5,29.999902562442806,4.871877859713436e-05,cruise,,,
29.6,29.999907434320665,4.628283966745528e-05,cruise,,,
29.7,29.999912062604633,4.3968697683638425e-05,cruise,,,
29.8,29.999916459474402,4.177026279883478e-05,cruise,,,
29.9,29.999920636500683,3.9681749658626586e-05,cruise,,,
30.0,29.99992460467565,-0.2899886907013475,follow,-2.8998869070134745,52.1,11.25288302694724
30.1,29.970925735605512,-0.3316481176968822,follow,-3.3164811769688214,51.63990742643945,10.18352666138448
30.2,29.937760923835825,-0.3770510051697869,follow,-3.770510051697869,51.13613133405587,11.497050360781348
30.3,29.900055823318844,-0.4154957983254285,follow,-4.154957983254285,50.695125751723985,13.482546040228074
30.4,29.8585062434863,-0.44644842378540944,follow,-4.464484237854094,50.323275127375354,9.987736979076384
30.5,29.813861401107758,-0.48969031143970554,follow,-4.896903114397055,49.82388898726458,9.977026790573815
30.6,29.76489236996379,-0.5317938804677482,follow,-5.317938804677482,49.3293997502682,13.760357260256177
30.7,29.711712981917014,-0.5591341020799021,follow,-5.591341020799021,48.9762284520765,11.853734435675323
30.8,29.655799571709025,-0.5915050862657942,follow,-5.915050862657942,48.568648494905595,9.702475658314023
30.9,29.596649063082445,-0.6320990006026315,follow,-6.320990006026314,48.07398358859735,11.48268767318238
31.0,29.533439163022184,-0.6638519072238147,follow,-6.638519072238147,47.66163967229513,9.759851219852006
31.1,29.4670539722998,-0.7020646683384556,follow,-7.020646683384555,47.17993427506515,9.794354505133366
31.2,29.396847505465956,-0.7390021733680379,follow,-7.390021733680378,46.70524952451856,11.075868753607603
31.3,29.322947288129154,-0.7693466136488084,follow,-7.693466136488084,46.290954795705645,8.046476436734286
31.4,29.246012626764273,-0.8145665407117193,follow,-8.145665407117193,45.72335353302922,8.259257450385176
31.5,29.1645559726931,-0.8568936023279741,follow,-8.56893602327974,45.17789793575991,9.85436718514336
31.6,29.078866612460303,-0.8890288644176579,follow,-8.890288644176579,44.728011274513875,9.24348920041259
31.7,28.989963726018537,-0.9231930687115778,follow,-9.231930687115778,44.253014901912024,11.800918124852616
31.8,28.89764441914738,-0.9459216168723779,follow,-9.459216168723778,43.88725045999729,9.58730002628112
31.9,28.80305225746014,-0.9765633151938936,follow,-9.765633151938935,43.43894523425128,8.932444673530702
32.0,28.705395925940753,-1.0095688247253924,follow,-10.095688247253925,42.962405641657206,16.489780003837392
32.1,28.604439043468215,-1.0194696827891938,follow,-10.194696827891939,42.71196173731038,11.316108498619087
32.2,28.502492075189295,-1.0409025582992493,follow,-10.409025582992491,42.34471252979145,12.264970232399378
32.3,28.39840181935937,-1.058773038118354,follow,-10.58773038118354,42.00987234785551,9.401543112315357
32.4,28.292524515547537,-1.0865166877020542,follow,-10.865166877020542,41.57361989630076,11.228452295650165
32.5,28.183872846777334,-1.1061576658542969,follow,-11.061576658542968,41.21423261162303,13.278325062321615
32.6,28.073257080191905,-1.1194978716684012,follow,-11.194978716684012,40.91490690360384,10.40229663849168
32.7,27.961307293025065,-1.1409184765236262,follow,-11.409184765236262,40.53277617430133,15.116796302960134
32.8,27.847215445372704,-1.1494768538294993,follow,-11.494768538294991,40.27605462976406,12.215172255815823
32.9,27.732267759989753,-1.1640573786219541,follow,-11.64057378621954,39.95782785376509,13.53462189144517
33.0,27.61586202212756,-1.1749551381639003,follow,-11.749551381639002,39.674241651552336,12.940648132631997
33.1,27.498366508311168,-1.1868144761745534,follow,-11.868144761745533,39.37940500072122,35.529226754355946
33.2,27.379685060693713,-1.1789091096388717,follow,-11.789091096388717,39.28043649465185,16.437495107932303
33.3,27.261794149729827,-1.183943414491587,follow,-11.83943414491587,39.05325707967887,12.79681890835797
33.4,27.14339980828067,-1.19551826135702,follow,-11.955182613570202,38.759917098850806,25.443036613346973
33.5,27.023847982144968,-1.1916239672581141,follow,-11.916239672581142,38.61953230063631,13.118725061508455
33.6,26.904685585419156,-1.201996463603434,follow,-12.019964636034338,38.337063742094394,21.973623249076155
33.7,26.78448593905881,-1.2002113760399702,follow,-12.002113760399702,38.174615148188515,11.72984485507672
33.8,26.664464801454812,-1.2135528534139184,follow,-12.135528534139183,37.861168668043035,14.209671168247608
33.9,26.54310951611342,-1.2207806557738445,follow,-12.207806557738444,37.60685771643169,26.994904048426474
34.0,26.421031450536038,-1.2151792604425973,follow,-12.151792604425971,37.47975457137809,43.02916335376048
34.1,26.29951352449178,-1.2044467067808762,follow,-12.04446706780876,37.40480321892891,31.98321561538454
34.2,26.179068853813693,-1.1968706947172998,follow,-11.968706947172997,37.299896333547544,29.39154658272262
34.3,26.059381784341962,-1.1904114521399591,follow,-11.904114521399592,37.18495815511335,28.8393698489317
34.4,25.940340639127967,-1.1842586867491398,follow,-11.842586867491399,37.06792409120055,18.078910100989834
34.5,25.821914770453052,-1.185813954152433,follow,-11.85813954152433,36.87473261415525,27.07565364159212
34.6,25.703333375037808,-1.1804600785905244,follow,-11.804600785905244,36.75039927665147,34.889618185061614
34.7,25.585287367178754,-1.172106051083454,follow,-11.72106051083454,36.65687053993359,inf
34.8,25.46807676207041,-1.1513052279379068,follow,-11.513052279379067,36.68906286372655,176.32465297259748
34.9,25.35294623927662,-1.134965111911604,follow,-11.34965111911604,36.67976823979889,21.92525221591053
35.0,25.239449728085457,-1.1335351325137843,follow,-11.335351325137843,36.52382326699034,inf
35.1,25.126096214834078,-1.1153930676744181,follow,-11.153930676744181,36.535213645506936,87.80472482806829
35.2,25.014556908066638,-1.1017077407399682,follow,-11.017077407399682,36.504757954700274,69.59160654131114
35.3,24.90438613399264,-1.0893259859687952,follow,-10.893259859687952,36.46331934130101,inf
35.4,24.79545353539576,-1.0663406315332211,follow,-10.66340631533221,36.52977398776143,inf
35.5,24.68881947224244,-1.0395337167826468,follow,-10.395337167826469,36.63789204053719,inf
35.6,24.584866100564174,-1.0127893720365493,follow,-10.127893720365492,36.74940543048077,171.03398504458383
35.7,24.483587163360518,-0.9987334030896066,follow,-9.987334030896065,36.738046714144716,inf
35.8,24.383713823051558,-0.9798895402737777,follow,-9.798895402737777,36.77667533183956,inf
35.9,24.28572486902418,-0.9555484458599125,follow,-9.555484458599125,36.873102844937144,inf
36.0,24.19017002443819,-0.9258169194163955,follow,-9.258169194163955,37.02708584249333,inf
36.1,24.09758833249655,-0.9065055489501156,follow,-9.065055489501155,37.08132700924367,inf
36.2,24.00693777760154,-0.8843773434918796,follow,-8.843773434918795,37.166633231483516,inf
36.3,23.91850004325235,-0.8685966837720245,follow,-8.685966837720244,37.19178322715828,inf
36.4,23.83164037487515,-0.8528841372641957,follow,-8.528841372641956,37.21861918967077,inf
36.5,23.74635196114873,-0.8214543948167198,follow,-8.214543948167197,37.404983993555895,inf
36.6,23.664206521667058,-0.78557464411114,follow,-7.8557464411114,37.64056334138919,inf
36.7,23.585649057255942,-0.7601475150220317,follow,-7.601475150220317,37.77699843566359,inf
36.8,23.50963430575374,-0.7263416453542391,follow,-7.263416453542391,38.00103500508822,inf
36.9,23.437000141218316,-0.6971165220861082,follow,-6.9711652208610815,38.18433499096639,inf
37.0,23.367288489009706,-0.6751326591449136,follow,-6.751326591449136,38.29960614206542,inf
37.1,23.299775223095214,-0.645303421488692,follow,-6.4530342148869195,38.4966286197559,inf
37.2,23.235244880946343,-0.6064763189758247,follow,-6.064763189758246,38.78810413166127,inf
37.3,23.174597249048762,-0.5794251466816753,follow,-5.794251466816753,38.96764440675639,inf
37.4,23.116654734380596,-0.5402003168252556,follow,-5.4020031682525556,39.272978933318335,512.335986167859
37.5,23.06263470269807,-0.5323236590998583,follow,-5.323236590998583,39.270715463048525,inf
37.6,23.009402336788085,-0.4982328275812414,follow,-4.982328275812414,39.531775229369714,inf
37.7,22.959579054029962,-0.4696551257078227,follow,-4.696551257078227,39.74281732396672,inf
37.8,22.91261354145918,-0.44393643423679663,follow,-4.439364342367966,39.929555969820804,inf
37.9,22.868219898035502,-0.41525958670359986,follow,-4.152595867035998,40.14973398001725,inf
38.0,22.826693939365143,-0.4021976322966978,follow,-4.021976322966978,40.218064586080736,inf
38.1,22.786474176135474,-0.3756294095736024,follow,-3.756294095736024,40.42341716846719,inf
38.2,22.748911235178113,-0.3447840807817791,follow,-3.4478408078177907,40.67552604494938,inf
38.3,22.714432827099934,-0.3056566478410517,follow,-3.0565664784105167,41.01508276223939,inf
38.4,22.683867162315828,-0.2818104697465934,follow,-2.818104697465934,41.207696046007804,inf
38.5,22.65568611534117,-0.2602401738538063,follow,-2.602401738538063,41.38112743447369,inf
38.6,22.629662097955787,-0.23643319222555662,follow,-2.364331922255566,41.580161224678115,inf
38.7,22.606018778733233,-0.20204688212950617,follow,-2.0204688212950614,41.88855934680479,inf
38.8,22.585814090520284,-0.17237431980276627,follow,-1.7237431980276625,42.15497793775276,inf
38.9,22.568576658540007,-0.14947447159112456,follow,-1.4947447159112457,42.35812027189876,inf
39.0,22.553629211380894,-0.11896864663106684,follow,-1.1896864663106683,42.64075735076067,inf
39.1,22.541732346717787,-0.09190144039877808,follow,-0.9190144039877808,42.893584116088896,inf
39.2,22.53254220267791,-0.058548340819575634,follow,-0.5854834081957563,43.213329895821104,inf
39.3,22.52668736859595,-0.03823698939324132,follow,-0.38236989393241316,43.40766115896151,inf
39.4,22.522863669656626,-0.015392071248908935,follow,-0.15392071248908934,43.63037479199585,inf
39.5,22.521324462531734,0.00672556519450751,follow,0.0672556519450751,43.849242345742674,inf
39.6,22.521997019051184,0.02040471152607779,follow,0.2040471152607779,43.987042643837555,inf
39.7,22.524037490203792,0.04705826595114857,follow,0.4705826595114857,44.25663889481717,inf
39.8,22.528743316798906,0.07306495879389274,follow,0.7306495879389274,44.523764563137284,inf
39.9,22.536049812678296,0.09660848628520143,follow,0.9660848628520142,44.77015958186946,inf
40.0,22.545710661306817,0.11790225237785493,follow,1.1790225237785492,44.99758851573878,inf
40.1,22.557500886544602,0.12995870972674126,follow,1.2995870972674126,45.135838427084316,inf
40.2,22.570496757517276,0.14910436150566753,follow,1.4910436150566753,45.34678875133259,inf
40.3,22.58540719366784,0.16841372414640432,follow,1.6841372414640432,45.56224803196581,inf
40.4,22.60224856608248,0.18386503262338394,follow,1.8386503262338394,45.74202317535756,inf
40.5,22.620635069344818,0.20370070644058488,follow,2.0370070644058487,45.96795966842308,inf
40.6,22.641005139988877,0.2272351444440872,follow,2.272351444440872,46.23385915442419,inf
40.7,22.663728654433285,0.26128933073309285,follow,2.6128933073309284,46.608486288980856,inf
40.8,22.689857587506594,0.28177141489703034,follow,2.8177141489703033,46.852500530230195,inf
40.9,22.718034728996297,0.3022644963836122,follow,3.0226449638361217,47.099697057330566,inf
41.0,22.74826117863466,0.31964791715151153,follow,3.196479171515115,47.318870939467104,inf
41.1,22.78022597034981,0.32265093869074096,follow,3.2265093869074093,47.39684834243212,inf
41.2,22.812491064218886,0.33948626396819037,follow,3.3948626396819037,47.61359923601023,inf
41.3,22.846439690615703,0.3564295731025112,follow,3.564295731025112,47.833955266948664,inf
41.4,22.882082647925955,0.3907623030267132,follow,3.907623030267132,48.230747002156065,inf
41.5,22.921158878228628,0.4042892796990259,follow,4.042892796990259,48.4246311143332,inf
41.6,22.96158780619853,0.4209090624415559,follow,4.209090624415559,48.65147233371335,inf
41.7,23.003678712442685,0.434258639380505,follow,4.34258639380505,48.84810446246908,inf
41.8,23.047104576380736,0.4384737140259901,follow,4.384737140259901,48.95539400483101,inf
41.9,23.090951947783335,0.45958708883776755,follow,4.595870888377675,49.232298810052676,inf
42.0,23.136910656667112,0.47692417593852954,follow,4.769241759385295,49.47460774438596,inf
42.1,23.184603074260966,0.49382428255684163,follow,4.938242825568416,49.71514743695987,inf
42.2,23.23398550251665,0.49727706329332266,follow,4.972770632933226,49.8237488867082,inf
42.3,23.28371320884598,0.5174807752554635,follow,5.174807752554635,50.10037756582361,inf
42.4,23.335461286371526,0.5158639507629168,follow,5.158639507629168,50.16183143718646,inf
42.5,23.387047681447818,0.5286555146869951,follow,5.286555146869951,50.367126669041674,inf
42.6,23.439913232916517,0.552726549637525,follow,5.52726549637525,50.68713534575002,inf
42.7,23.495185887880268,0.5520837925141592,follow,5.520837925141592,50.763616756961994,inf
42.8,23.550394267131683,0.5540985929551298,follow,5.540985929551297,50.86657733024882,inf
42.9,23.605804126427195,0.5604290727965306,follow,5.6042907279653065,51.0129969176061,inf
43.0,23.66184703370685,0.5616041663675148,follow,5.616041663675148,51.10881221423542,inf
43.1,23.7180074503436,0.5544000293685664,follow,5.544000293685663,51.12101146920106,inf
43.2,23.773447453280454,0.5588495543952334,follow,5.588495543952334,51.248666723873015,inf
43.3,23.829332408719978,0.5541734869921051,follow,5.541734869921051,51.28573348300102,inf
43.4,23.88474975741919,0.5606133871130311,follow,5.606133871130311,51.4332585072591,inf
43.5,23.940811096130492,0.5558960753450307,follow,5.558960753450307,51.47017739764605,inf
43.6,23.996400703664996,0.5691936271782048,follow,5.691936271782048,51.686537327279545,inf
43.7,24.053320066382817,0.5642225221067037,follow,5.6422252210670365,51.722205320641265,inf
43.8,24.109742318593486,0.5622617610891688,follow,5.622617610891687,51.787231088781915,inf
43.9,24.165968494702405,0.5682681497258074,follow,5.6826814972580735,51.93163423931168,604.0775102446689
44.0,24.222795309674986,0.5583161743831696,follow,5.583161743831695,51.91735470834418,inf
44.1,24.278626927113304,0.558855162496289,follow,5.588551624962889,52.006492015632844,inf
44.2,24.334512443362932,0.5669272106252159,follow,5.6692721062521585,52.17104077129655,95.8123940181897
44.3,24.391205164425454,0.5524112508215829,follow,5.524112508215829,52.11092025485401,inf
44.4,24.446446289507612,0.5510606191641827,follow,5.510606191641827,52.18027562590325,inf
44.5,24.50155235142403,0.54967918636248,follow,5.4967918636248,52.249120390760844,inf
44.6,24.55652027006028,0.5517687958664397,follow,5.517687958664396,52.35246836375482,107.6059346042632
44.7,24.611697149646922,0.5380752924319737,follow,5.3807529243197365,52.29829864879012,86.91797639307265
44.8,24.66550467889012,0.5234491162565931,follow,5.234491162565931,52.23274818090111,inf
44.9,24.71784959051578,0.5223188836075864,follow,5.223188836075863,52.29996322184953,inf
45.0,24.770081478876538,0.5189832855647069,follow,5.189832855647069,52.34495507396188,inf
45.1,24.82197980743301,0.514878738206906,follow,5.1487873820690595,52.381757093218575,inf
45.2,24.8734676812537,0.5110208803212658,follow,5.110208803212657,52.42041032509321,136.70098651784923
45.3,24.924569769285828,0.49900986942358827,follow,4.990098694235883,52.376953348164626,inf
45.4,24.974470756228186,0.49348001381995277,follow,4.9348001381995275,52.39650627254181,inf
45.5,25.023818757610183,0.48803962603655154,follow,4.880396260365515,52.41612439678079,92.96626564705515
45.6,25.07262272021384,0.474592804443865,follow,4.745928044438649,52.35486212475941,inf
45.7,25.120082000658225,0.480273092370625,follow,4.80273092370625,52.482853924693586,inf
45.8,25.16810930989529,0.47498790288611237,follow,4.749879028861123,52.50204299370406,49.6187326798019
45.9,25.2156081001839,0.4568070033409818,follow,4.568070033409818,52.39148218368567,inf
46.0,25.261288800518,0.452242010285687,follow,4.52242010285687,52.41435330363387,52.87495760695034
46.1,25.306513001546566,0.43509325011593564,follow,4.350932501159356,52.31070200347921,inf
46.2,25.35002232655816,0.430966628098615,follow,4.30966628098615,52.33469977082339,inf
46.3,25.393118989368023,0.4292709387834556,follow,4.292709387834556,52.38238787188659,51.70408256246615
46.4,25.436046083246367,0.4122714138692402,follow,4.122714138692402,52.27678326356195,inf
46.5,25.47727322463329,0.40851461041486914,follow,4.085146104148691,52.301055941098625,312.6684264965708
46.6,25.518124685674778,0.4003056444018981,follow,4.003056444018981,52.28024347253115,inf
46.7,25.558155250114968,0.39491950723471947,follow,3.9491950723471945,52.28642794751965,inf
46.8,25.59764720083844,0.397219242617814,follow,3.9721924261781396,52.3686632274358,67.34244419702551
46.9,25.63736912510022,0.38308726272754473,follow,3.830872627275447,52.28692631492578,43.306496106222305
47.0,25.675677851372974,0.36488417527290196,follow,3.6488417527290196,52.162358529788484,38.762887028695594
47.1,25.712166268900265,0.34558924995480567,follow,3.4558924995480567,52.02414190289846,39.347654774289815
47.2,25.746725193895745,0.32683815926652643,follow,3.268381592665264,51.888469383508884,64.31988213103286
47.3,25.7794090098224,0.31354149677930465,follow,3.1354149677930465,51.80452848252664,99.73744679600445
47.4,25.81076315950033,0.3033307427326115,follow,3.0333074273261147,51.74945216657661,86.13952328504648
47.5,25.84109623377359,0.29246981925388627,follow,2.9246981925388624,51.68634254319925,233.77305737431877
47.6,25.87034321569898,0.2855793398080884,follow,2.855793398080884,51.661308221629355,60.04732446185159
47.7,25.89890114967979,0.2724066382141686,follow,2.724066382141686,51.572418106661374,inf
47.8,25.926141813501207,0.2699591205059441,follow,2.6995912050594413,51.588803925311254,45.81021973149209
47.9,25.9531377255518,0.2543783564428367,follow,2.5437835644283666,51.47349015275607,inf
48.0,25.978575561196084,0.26117692548423366,follow,2.6117692548423364,51.579632596636465,101.41980176029242
48.1,26.00469325374451,0.2519123390645248,follow,2.519123390645248,51.526163271262014,31.32873753446197
48.2,26.02988448765096,0.23143480910204772,follow,2.3143480910204772,51.35917482249692,28.06689447836521
48.3,26.053027968561164,0.20943300727990605,follow,2.0943300727990604,51.173872025640804,73.84099105247635
48.4,26.073971269289153,0.1991517994778164,follow,1.9915179947781638,51.10247489871189,41.08010864906349
48.5,26.093886449236933,0.18352565799327963,follow,1.8352565799327962,50.976086253788196,92.03345978948533
48.6,26.112239015036263,0.1750503829730178,follow,1.750503829730178,50.91886235228457,66.80170044807042
48.7,26.129744053333564,0.1646271866950869,follow,1.646271866950869,50.84088794695121,43.09484570258419
48.8,26.146206772003072,0.15019571117462932,follow,1.501957111746293,50.7212672697509,28.396078250711973
48.9,26.161226343120536,0.12993051207580422,follow,1.2993051207580422,50.54114463543885,21.9627003604102
49.0,26.174219394328116,0.1048393604513862,follow,1.048393604513862,50.309722696006034,33.445734635324094
49.1,26.184703330373253,0.08811973674088308,follow,0.8811973674088307,50.15825236296871,92.08361610089344
49.2,26.19351530404734,0.08126278764929609,follow,0.8126278764929609,50.102900832563975,48.47814119090098
49.3,26.20164158281227,0.06962743000643386,follow,0.6962743000643385,49.998736674282746,23.45550822306604
49.4,26.208604325812914,0.04719697529820835,follow,0.47196975298208343,49.784876241701454,46.15675558706845
49.5,26.213324023342736,0.03565578043530735,follow,0.3565578043530735,49.67654383936718,53.80185350265419
49.6,26.216889601386267,0.025852047714915474,follow,0.2585204771491547,49.583854879228554,26.418098775019057
49.7,26.21947480615776,0.0066695189376140725,follow,0.06669518937614072,49.39590739861278,44.92682062559713
49.8,26.220141758051522,-0.004431941426965835,follow,-0.04431941426965835,49.28589322280762,41.76268900456609
49.9,26.219698563908825,-0.016162447944650184,follow,-0.16162447944650182,49.16792336641674,23.641850900740586
50.0,26.21808231911436,-0.03670083441662371,follow,-0.36700834416623707,48.9601151345053,51.641206831323316
50.1,26.214412235672697,-0.045594444257101685,follow,-0.45594444257101685,48.86567391093803,61.511733727967304
50.2,26.209852791246988,-0.05280905550571546,follow,-0.5280905550571546,48.78668863181333,122.01162452728211
50.3,26.204571885696417,-0.055962638530093756,follow,-0.5596263853009376,48.747231443243685,117.58450856202107
50.4,26.19897562184341,-0.05921295517057743,follow,-0.5921295517057743,48.706333881059344,21.85144305920141
50.5,26.19305432632635,-0.08055530410628223,follow,-0.8055530410628222,48.484028448426706,25.611535693491966
50.6,26.18499879591572,-0.09819696250384524,follow,-0.9819696250384524,48.29552856883513,60.749184548394005
50.7,26.175179099665336,-0.10457579906294044,follow,-1.0457579906294043,48.217010658868595,61.408932916604655
50.8,26.16472151975904,-0.11075437727458706,follow,-1.1075437727458706,48.13953850689269,62.137861514244996
50.9,26.15364608203158,-0.11672952243578366,follow,-1.1672952243578365,48.063173898689534,inf
51.0,26.141973129788003,-0.0974983108971273,follow,-0.9749831089712728,48.23797658571073,67.75252403145336
51.1,26.13222329869829,-0.10305806922065273,follow,-1.0305806922065273,48.167754255840904,170.67249400743106
51.2,26.121917491776223,-0.10423137310010518,follow,-1.0423137310010517,48.14056250666328,119.77722664896235
51.3,26.111494354466213,-0.10658284604826634,follow,-1.0658284604826633,48.101413071216655,77.39637975075364
51.4,26.100836069861387,-0.11109246405615636,follow,-1.1109246405615636,48.04032946423052,35.82863747780658
51.5,26.08972682345577,-0.12272334532987089,follow,-1.2272334532987088,47.90735678188494,92.17795699544455
51.6,26.077454488922783,-0.12595704003915104,follow,-1.2595704003915102,47.856611332992664,28.873559818885774
51.7,26.06485878491887,-0.14051627228775274,follow,-1.4051627228775274,47.692125454500776,38.311273561530136
51.8,26.050807157690095,-0.15071659978033766,follow,-1.5071659978033765,47.56904473873177,33.7176094404116
51.9,26.03573549771206,-0.16241320576075255,follow,-1.6241320576075253,47.42947118896056,48.608942997538584
52.0,26.019494177135986,-0.16957194944570164,follow,-1.6957194944570162,47.333521771246964,inf
52.1,26.002536982191415,-0.1596537400259301,follow,-1.596537400259301,47.40726807302782,19.73216996218159
52.2,25.98657160818882,-0.18112465000742903,follow,-1.8112465000742901,47.16861091220894,98.97486569011157
52.3,25.968459143188078,-0.18299237168919832,follow,-1.829923716891983,47.12276499789013,21.631236530297304
52.4,25.95015990601916,-0.20184908517405234,follow,-2.0184908517405233,46.90674900728821,36.077676899688164
52.5,25.929974997501755,-0.2116210988714592,follow,-2.1162109887145917,46.77875150753804,425.35805928789813
52.6,25.90881288761461,-0.2093349112645335,follow,-2.0933491126453347,46.76987021877658,54.458742868521725
52.7,25.887879396488156,-0.21457368156044654,follow,-2.145736815604465,46.68608227912777,27.49670110591596
52.8,25.86642202833211,-0.22811929662036123,follow,-2.281192966203612,46.51844007629455,33.07573341371883
52.9,25.843610098670073,-0.23853360815775632,follow,-2.385336081577563,46.38007906642755,139.02480545799006
53.0,25.8197567378543,-0.23805317141393234,follow,-2.380531714139323,46.34910339264212,33.83747063383474
53.1,25.795951420712907,-0.24794188804985284,follow,-2.479418880498528,46.21450825057083,72.6698718571365
53.2,25.77115723190792,-0.25033433204818467,follow,-2.5033433204818465,46.153392527380035,62.27206662825096
53.3,25.746123798703103,-0.2537405550544925,follow,-2.537405550544925,46.081780147509726,37.27925972775312
53.4,25.720749743197654,-0.26204194416065224,follow,-2.620419441606522,45.96070517318996,inf
53.5,25.69454554878159,-0.24895677048605905,follow,-2.4895677048605904,46.052250618311795,214.6502263964167
53.6,25.669649871732986,-0.24711891764609817,follow,-2.4711891764609817,46.0332856311385,21.023126220040705
53.7,25.644937979968375,-0.2650615136810906,follow,-2.650615136810906,45.81679183314166,90.7374641060101
53.8,25.618431828600265,-0.2658699092618768,follow,-2.658699092618768,45.76894865028163,40.922430388593455
53.9,25.591844837674078,-0.27280030899968966,follow,-2.7280030899968963,45.65976416651422,inf
54.0,25.564564806774108,-0.26795395243243475,follow,-2.6795395243243476,45.66730768583681,39.55369799763149
54.1,25.537769411530864,-0.2752123372612573,follow,-2.752123372612573,45.554530744683724,72.56570630543393
54.2,25.510248177804737,-0.27708663398038524,follow,-2.7708663398038524,45.49450592690325,349.290920561718
54.3,25.4825395144067,-0.27395572961474673,follow,-2.739557296147467,45.484251975462584,inf
54.4,25.455143941445225,-0.26789783308497733,follow,-2.678978330849773,45.50373758131806,33.57852711409355
54.5,25.428354158136727,-0.27716290717007014,follow,-2.7716290717007013,45.37090216550439,66.88379752860531
54.6,25.40063786741972,-0.27951184223671677,follow,-2.7951184223671675,45.30583837876242,59.56295409332099
54.7,25.37268668319605,-0.2826460314351266,follow,-2.826460314351266,45.23256971044281,52.43221043225901
54.8,25.34442208005254,-0.286750561764125,follow,-2.8675056176412497,45.14912750243756,inf
54.9,25.315747023876128,-0.2724067735764244,follow,-2.724067735764244,45.24955280004995,2873.5304623910333
55.0,25.288506346518485,-0.268205735437963,follow,-2.68205735437963,45.250702165398096,36.53651214028942
55.1,25.261685772974687,-0.2762995071361402,follow,-2.762995071361402,45.12953358810063,inf
55.2,25.234055822261073,-0.2675955727517092,follow,-2.675955727517092,45.17512800587452,inf
55.3,25.207296264985903,-0.24975460181029308,follow,-2.4975460181029305,45.313398379375926,inf
55.4,25.182320804804874,-0.24013149083118748,follow,-2.4013149083118748,45.372166298895436,34.31252547341617
55.5,25.158307655721757,-0.24951259502593715,follow,-2.4951259502593715,45.24233553332326,87.28857278853465
55.6,25.133356396219163,-0.25070347006273935,follow,-2.5070347006273934,45.19299989370135,inf
55.7,25.10828604921289,-0.2385257785039272,follow,-2.385257785039272,45.27717128878006,70.93554895115459
55.8,25.084433471362498,-0.24109222653999327,follow,-2.4109222653999325,45.21572794164381,inf
55.9,25.0603242487085,-0.2347790856289791,follow,-2.347790856289791,45.24269551677296,inf
56.0,25.0368463401456,-0.2258258627460002,follow,-2.258258627460002,45.2970108827584,61.47416145652258
56.1,25.014263753871003,-0.22958111234352005,follow,-2.2958111234352003,45.2255845073713,833.4400272948968
56.2,24.99130564263665,-0.2264504520847339,follow,-2.264504520847339,45.22245394310764,18.67688785206944
56.3,24.968660597428176,-0.2470403012777446,follow,-2.470403012777446,44.98258788336482,60.897505620284214
56.4,24.9439565673004,-0.2504742624315817,follow,-2.504742624315817,44.91119222663478,335.26681917669663
56.5,24.91890914105724,-0.24780623990568032,follow,-2.478062399056803,44.90030131252906,52.27596164276546
56.6,24.894128517066672,-0.2524304314777616,follow,-2.5243043147776163,44.81688846082239,inf
56.7,24.868885473918898,-0.235132829744785,follow,-2.35132829744785,44.9519999134305,47.878043874511484
56.8,24.84537219094442,-0.24075955920805756,follow,-2.4075955920805754,44.86046269433606,255.80146118237076
56.9,24.821296235023613,-0.23866112817017254,follow,-2.3866112817017253,44.845333070833696,inf
57.0,24.797430122206595,-0.23205551246968598,follow,-2.3205551246968597,44.875590058613035,inf
57.1,24.77422457095963,-0.21551692549223703,follow,-2.15516925492237,45.00616760151707,52.68657579230908
57.2,24.752672878410404,-0.22061090039395737,follow,-2.2061090039395737,44.92290031367603,inf
57.3,24.730611788371007,-0.2059078547717583,follow,-2.059078547717583,45.03683913483893,inf
57.4,24.710021002893832,-0.19981944697912085,follow,-1.9981944697912084,45.06683703454954,100.14385271965132
57.5,24.69003905819592,-0.20112254585639278,follow,-2.0112254585639278,45.023833128729954,inf
57.6,24.66992680361028,-0.1913049757046494,follow,-1.913049757046494,45.09184044836893,inf
57.7,24.650796306039815,-0.18344336412947798,follow,-1.8344336412947797,45.14176081776495,447.8513409006663
57.8,24.632451969626867,-0.18151623336380426,follow,-1.8151623336380425,45.13351562080226,inf
57.9,24.614300346290488,-0.17443649332625244,follow,-1.7443649332625242,45.177085586173206,inf
58.0,24.59685669695786,-0.17068851289593712,follow,-1.706885128959371,45.18839991647742,inf
58.1,24.579787845668267,-0.16302606365918068,follow,-1.6302606365918066,45.239421131910596,inf
58.2,24.56348523930235,-0.15121552509731587,follow,-1.5121552509731586,45.33307260798036,inf
58.3,24.548363686792616,-0.1325309290887823,follow,-1.325309290887823,45.4972362393011,95.1101379462055
58.4,24.535110593883736,-0.13519407109128778,follow,-1.3519407109128778,45.45072517991273,inf
58.5,24.521591186774607,-0.11238207189266447,follow,-1.1238207189266447,45.65856606123527,46.514849232972324
58.6,24.510352979585342,-0.12039987061012739,follow,-1.2039987061012738,45.561530763276735,inf
58.7,24.49831299252433,-0.11467700247621906,follow,-1.1467700247621906,45.6006994640243,inf
58.8,24.48684529227671,-0.10342530036184315,follow,-1.0342530036184314,45.69601493479663,inf
58.9,24.476502762240525,-0.09453894847882083,follow,-0.9453894847882083,45.76936465857258,inf
59.0,24.46704886739264,-0.09249135292556546,follow,-0.9249135292556545,45.77565977183331,inf
59.1,24.457799732100085,-0.08728197995268233,follow,-0.8728197995268232,45.813879798623304,inf
59.2,24.449071534104817,-0.08416346559444038,follow,-0.8416346559444037,45.83197264521282,inf
59.3,24.440655187545374,-0.0817075654859778,follow,-0.817075654859778,45.843907126458284,inf
59.4,24.432484430996777,-0.06840679631365561,follow,-0.684067963136556,45.96465868335861,inf
59.5,24.42564375136541,-0.05893713188260463,follow,-0.5893713188260463,46.04909430822207,inf
59.6,24.41975003817715,-0.05745057528613771,follow,-0.5745057528613771,46.05511930440435,inf
59.7,24.414004980648535,-0.04402886646333002,follow,-0.4402886646333002,46.1807188063395,inf
59.8,24.409602094002203,-0.03516445440640297,follow,-0.3516445440640297,46.26275859693928,inf
59.9,24.40608564856156,-0.02259784407592207,follow,-0.2259784407592207,46.38315003208312,inf
60.0,24.40382586415397,-0.011597135056322828,follow,-0.11597135056322827,46.489767445667724,1951.231113601437
60.1,24.402666150648336,-0.011649839536961082,follow,-0.11649839536961082,46.48750083060289,inf
60.2,24.40150116669464,-0.009390103610853373,follow,-0.09390103610853373,46.508350713933424,inf
60.3,24.400562156333553,0.0030451263799740505,follow,0.030451263799740502,46.63129449830007,inf
60.4,24.40086666897155,0.014590782794559233,follow,0.14590782794559232,46.74720783140292,inf
60.5,24.402325747251005,0.021448663580131467,follow,0.21448663580131466,46.81797525667782,inf
60.6,24.404470613609018,0.029682227490339132,follow,0.2968222749033913,46.903528195316916,inf
60.7,24.40743883635805,0.04686260571440357,follow,0.4686260571440357,47.07978431168111,inf
60.8,24.41212509692949,0.049838415659392156,follow,0.49838415659392155,47.11657180198816,inf
60.9,24.417108938495428,0.06171975003954771,follow,0.617197500395477,47.24286090813862,inf
61.0,24.423280913499383,0.06806114465396007,follow,0.6806114465396007,47.315532816788675,inf
61.1,24.430087027964777,0.07433935720450294,follow,0.7433935720450293,47.3885241139922,inf
61.2,24.437520963685227,0.09094905720958338,follow,0.9094905720958337,47.56577201762367,inf
61.3,24.446615869406184,0.10541866265737809,follow,1.054186626573781,47.724110430683055,inf
61.4,24.45715773567192,0.1197658053607988,follow,1.197658053607988,47.883394657115865,inf
61.5,24.469134316208,0.13797797511830653,follow,1.3797797511830652,48.08348122549506,inf
61.6,24.48293211371983,0.14627898435433337,follow,1.4627898435433337,48.18718801412308,inf
61.7,24.49756001215526,0.15960919946746588,follow,1.5960919946746586,48.34243201290755,inf
61.8,24.513520932102008,0.16537985215443385,follow,1.6537985215443385,48.42407991969735,inf
61.9,24.53005891731745,0.17609856519894224,follow,1.7609856519894223,48.5560740279656,inf
62.0,24.547668773837344,0.18328039898258483,follow,1.8328039898258481,48.654307150581865,inf
62.1,24.5659968137356,0.19227122486049028,follow,1.9227122486049026,48.7717074692083,inf
62.2,24.585223936221652,0.2051349171253655,follow,2.051349171253655,48.92918507558613,inf
62.3,24.605737427934187,0.20700051908914363,follow,2.070005190891436,48.97861133279272,inf
62.4,24.6264374798431,0.23153113650437548,follow,2.3153113650437547,49.254967584808405,inf
62.5,24.64959059349354,0.2317622635218747,follow,2.317622635218747,49.29200852545905,inf
62.6,24.672766819845727,0.2304581613705885,follow,2.304581613705885,49.31373184347448,inf
62.7,24.695812635982787,0.24774316259020213,follow,2.477431625902021,49.5211505798762,inf
62.8,24.720586952241806,0.2620211456289305,follow,2.6202114562893044,49.701091884652016,inf
62.9,24.7467890668047,0.27482293777644956,follow,2.7482293777644955,49.868412977971545,inf
63.0,24.774271360582343,0.2875578801039801,follow,2.8755788010398007,50.036985841913314,inf
63.1,24.80302714859274,0.29511424041649337,follow,2.9511424041649335,50.15568312705404,inf
63.2,24.83253857263439,0.29566214108390126,follow,2.9566214108390128,50.2054292697906,inf
63.3,24.86210478674278,0.30390616110021473,follow,3.039061611002147,50.33221879111632,inf
63.4,24.892495402852802,0.3061226146551832,follow,3.0612261465518316,50.399969250831035,inf
63.5,24.92310766431832,0.32119969879217225,follow,3.2119969879217223,50.5966584843992,inf
63.6,24.955227634197538,0.3273294269683142,follow,3.2732942696831415,50.70613572097945,inf
63.7,24.98796057689437,0.32803987979484506,follow,3.2803987979484504,50.76233966329001,inf
63.8,25.020764564873854,0.33271163594918396,follow,3.327116359491839,50.85826320680262,inf
63.9,25.054035728468772,0.3431806041252585,follow,3.4318060412525853,51.01285963395574,inf
64.0,25.0883537888813,0.34574935717456656,follow,3.4574935717456654,51.09002425506761,inf
64.1,25.122928724598758,0.3461338295709595,follow,3.461338295709595,51.145731382607735,inf
64.2,25.157542107555855,0.354966401051837,follow,3.54966401051837,51.28597717185215,inf
64.3,25.19303874766104,0.36361151755944904,follow,3.6361151755944903,51.42567329708605,inf
64.4,25.229399899416983,0.36616334580188836,follow,3.6616334580188834,51.505733307144354,inf
64.5,25.26601623399717,0.36901073327488804,follow,3.6901073327488803,51.58913168374464,inf
64.6,25.30291730732466,0.3772463992025188,follow,3.7724639920251875,51.726839953012174,inf
64.7,25.34064194724491,0.3719812837420314,follow,3.7198128374203137,51.730775758287685,inf
64.8,25.377840075619115,0.3671231637297105,follow,3.6712316372971046,51.737991750725776,inf
64.9,25.414552391992085,0.36777079235384424,follow,3.677707923538442,51.79953651152657,inf
65.0,25.45132947122747,0.37234093575626165,follow,3.723409357562616,51.900403564403824,inf
65.1,25.488563564803098,0.38107018607188725,follow,3.810701860718872,52.04354720792352,inf
65.2,25.526670583410286,0.3988874274467065,follow,3.988874274467065,52.27888014958249,inf
65.3,25.56655932615496,0.4114385227734559,follow,4.114385227734559,52.464224216967,inf
65.4,25.607703178432306,0.4155899131475309,follow,4.155899131475309,52.56745389912377,inf
65.5,25.649262169747058,0.4206634427528478,follow,4.206634427528478,52.68052768214906,inf
65.6,25.69132851402234,0.41764020597133183,follow,4.176402059713318,52.71339483074683,inf
65.7,25.733092534619473,0.4226446775355669,follow,4.226446775355669,52.82608557728488,inf
65.8,25.77535700237303,0.4252514373488026,follow,4.252514373488026,52.915549877047575,inf
65.9,25.817882146107912,0.4325938443274915,follow,4.325938443274914,53.05276166243679,inf
66.0,25.86114153054066,0.43049352135717317,follow,4.304935213571731,53.09664750938272,inf
66.1,25.904190882676378,0.43919420971005113,follow,4.391942097100511,53.24822842111508,inf
66.2,25.948110303647383,0.4558251935279266,follow,4.558251935279266,53.48041739075034,inf
66.3,25.993692823000174,0.4588508873950062,follow,4.588508873950062,53.57904810845032,inf
66.4,26.039577911739674,0.46587234496668445,follow,4.658723449666844,53.718090317276356,inf
66.5,26.086165146236343,0.4749226083298204,follow,4.749226083298204,53.87847380265272,inf
66.6,26.133657407069325,0.47486219513417965,follow,4.748621951341796,53.949108061945786,inf
66.7,26.18114362658274,0.4797278259413396,follow,4.797278259413396,54.06899369928751,inf
66.8,26.229116409176875,0.4826407444604506,follow,4.826407444604506,54.17008205836982,inf
66.9,26.27738048362292,0.48612732845731516,follow,4.861273284573151,54.27734401000753,inf
67.0,26.325993216468653,0.48227548636576856,follow,4.822754863657686,54.31174468836067,inf
67.1,26.37422076510523,0.4847991464192305,follow,4.8479914641923045,54.40932261185014,inf
67.2,26.42270067974715,0.4911001524254701,follow,4.911001524254701,54.54505254387543,inf
67.3,26.4718106949897,0.5049155431891912,follow,5.049155431891911,54.75687147437646,inf
67.4,26.52230224930862,0.5143187875482668,follow,5.143187875482667,54.926641249445595,inf
67.5,26.573734128063446,0.5332666644544084,follow,5.332666644544084,55.19326783663925,inf
67.6,26.627060794508886,0.5276970565425032,follow,5.276970565425032,55.21756175718836,inf
67.7,26.679830500163135,0.5354832956927347,follow,5.354832956927346,55.37457870717205,inf
67.8,26.73337882973241,0.5373172579600194,follow,5.373172579600194,55.47324082419881,inf
67.9,26.78711055552841,0.5554863935353354,follow,5.554863935353353,55.73552976864597,inf
68.0,26.842659194881943,0.5483275056834863,follow,5.483275056834863,55.747263849157775,inf
68.1,26.89749194545029,0.5408276736437315,follow,5.408276736437315,55.75451465461275,inf
68.2,26.951574712814665,0.5351995114109286,follow,5.351995114109286,55.779357183331285,56.25330745375416
68.3,27.00509466395576,0.5167205721002069,follow,5.16720572100207,55.67484771693571,inf
68.4,27.05676672116578,0.5117020963070467,follow,5.117020963070466,55.70217104481913,inf
68.5,27.107936930796484,0.504647195554476,follow,5.04647195554476,55.708377351739486,inf
68.6,27.15840165035193,0.5050934711176404,follow,5.050934711176403,55.788537186704296,inf
68.7,27.208910997463693,0.5070279590762382,follow,5.070279590762382,55.883646086957924,inf
68.8,27.25961379337132,0.5215264017563811,follow,5.215264017563811,56.10468470762079,inf
68.9,27.311766433546957,0.5278858413945656,follow,5.278858413945656,56.246508064266095,inf
69.0,27.364555017686413,0.5212220035967832,follow,5.212220035967832,56.25905256249745,491.10945726098873
69.1,27.416677218046093,0.5117369013623702,follow,5.117369013623701,56.24238484069284,inf
69.2,27.46785090818233,0.5137823387601109,follow,5.1378233876011095,56.33959974987461,110.93728265943624
69.3,27.519229142058343,0.500483312258126,follow,5.00483312258126,56.28367683566877,inf
69.4,27.569277473284156,0.5136832878414126,follow,5.1368328784141255,56.49074908834036,inf
69.5,27.620645802068296,0.5210715805031086,follow,5.210715805031086,56.64168450813353,inf
69.6,27.672752960118608,0.5142279771943755,follow,5.142279771943755,56.65140921212167,61.39390677743248
69.7,27.724175757838044,0.4967727999580802,follow,4.967727999580802,56.55399163633787,inf
69.8,27.773853037833852,0.5053826775803699,follow,5.053826775803699,56.71460633255448,inf
69.9,27.824391305591888,0.501258024360746,follow,5.012580243607459,56.74916720199529,inf
70.0,27.874517108027963,0.508493982915055,follow,5.084939829150549,56.896715491192495,62.902862738814555
70.1,27.925366506319467,0.49131290810813444,follow,4.913129081081344,56.801178840560546,868.9645819979241
70.2,27.97449779713028,0.4827982365152103,follow,4.827982365152103,56.78972906084752,inf
70.3,28.0227776207818,0.479328486759664,follow,4.79328486759664,56.82745129876934,inf
70.4,28.070710469457765,0.47613145476369145,follow,4.761314547636914,56.86738025182356,inf
70.5,28.118323614934134,0.46870624679289463,follow,4.687062467928946,56.86454789033015,inf
70.6,28.165194239613424,0.4703237106948677,follow,4.703237106948677,56.95102846636881,104.46007006007747
70.7,28.21222661068291,0.45734658892761504,follow,4.57346588927615,56.89180580530052,inf
70.8,28.257961269575674,0.45240677739794466,follow,4.524067773979446,56.91100967834296,inf
70.9,28.30320194731547,0.4495886562638212,follow,4.495886562638212,56.95068948361141,inf
71.0,28.34816081294185,0.4500632182904454,follow,4.500632182904454,57.02287340231723,inf
71.1,28.393167134770895,0.4521805986683795,follow,4.521805986683795,57.11155668884014,86.11940142143891
71.2,28.438385194637732,0.43831403774197714,follow,4.383140377419771,57.04071816937637,55.466296546081686
71.3,28.48221659841193,0.4210171611917275,follow,4.210171611917275,56.933496509535175,inf
71.4,28.524318314531104,0.4281587206285409,follow,4.281587206285408,57.06806467808207,inf
71.5,28.567134186593957,0.42696499795317355,follow,4.269649979531735,57.12035125942267,147.54664722837524
71.6,28.609830686389273,0.4162622161199835,follow,4.162622161199835,57.077368190783744,inf
71.7,28.651456908001272,0.4256037137981714,follow,4.256037137981714,57.23322249998362,inf
71.8,28.69401727938109,0.4222794852973877,follow,4.222794852973877,57.26382077204551,inf
71.9,28.73624522791083,0.4280828407388185,follow,4.280828407388185,57.38519624925443,inf
72.0,28.77905351198471,0.4241710630078892,follow,4.241710630078892,57.410290898055955,inf
72.1,28.8214706182855,0.43749379087991613,follow,4.374937908799161,57.60714383622741,inf
72.2,28.86521999737349,0.4478791840429821,follow,4.478791840429821,57.77662183649006,3796.0993302882744
72.3,28.91000791577779,0.4405609171245594,follow,4.405609171245594,57.77062104491228,inf
72.4,28.954064007490246,0.4439118632927887,follow,4.439118632927887,57.870214644163255,inf
72.5,28.998455193819524,0.4441686334052015,follow,4.441686334052015,57.9393691247813,inf
72.6,29.042872057160043,0.45077738333252315,follow,4.507773833325231,58.0720819190653,83.81357181164493
72.7,29.087949795493294,0.4366362246276033,follow,4.366362246276033,57.99828693951597,inf
72.8,29.131613417956054,0.43707054707862913,follow,4.370705470786291,58.06812559772037,inf
72.9,29.175320472663916,0.4407612841458097,follow,4.407612841458096,58.17059355045397,40.8122907557298
73.0,29.219396601078497,0.4194558988728382,follow,4.194558988728382,58.023653890346125,62.43153226837053
73.1,29.26134219096578,0.4034506384800871,follow,4.034506384800871,57.926519671249544,34.248846851134644
73.2,29.30168725481379,0.38008200635474765,follow,3.8008200635474765,57.75335094576816,407.6114751582276
73.3,29.339695455449263,0.37258382170493365,follow,3.7258382170493363,57.73538140022323,inf
73.4,29.376953837619755,0.3738255260031622,follow,3.7382552600316217,57.803686016461256,inf
73.5,29.414336390220072,0.3820747792109138,follow,3.820747792109138,57.942252377439246,inf
73.6,29.452543868141163,0.3775182188413382,follow,3.775182188413382,57.953997990625126,inf
73.7,29.490295690025295,0.38665248865846497,follow,3.8665248865846493,58.101968421622594,50.95342280942392
73.8,29.528960938891142,0.36906309193967674,follow,3.6906309193967672,57.98407232773348,40.29579313835703
73.9,29.56586724808511,0.3487684730797305,follow,3.487684730797305,57.83648560292497,inf
74.0,29.600744095393082,0.3433295050296032,follow,3.4332950502960315,57.834411193385655,inf
74.1,29.635077045896043,0.3419287919951984,follow,3.4192879199519837,57.87190348879605,inf
74.2,29.669269925095563,0.3368071608643149,follow,3.368071608643149,57.87197649628649,32.525686901147544
74.3,29.702950641181996,0.31362554703952983,follow,3.136255470395298,57.69068143216829,4454.65831547986
74.4,29.73431319588595,0.30847803187507666,follow,3.0847803187507665,57.68625011257969,52.23721886823974
74.5,29.76516099907346,0.29249925140621613,follow,2.9249925140621613,57.57273401267235,inf
74.6,29.79441092421408,0.29446765339298153,follow,2.9446765339298153,57.63629292025094,inf
74.7,29.82385768955338,0.29381206169655344,follow,2.9381206169655343,57.6739071512956,75.50347131416193
74.8,29.853238895723035,0.28147249181387507,follow,2.814724918138751,57.5945832617233,150.28376269862372
74.9,29.881386144904422,0.27313654298762274,follow,2.7313654298762273,57.55344464723286,66.8149180105734
75.0,29.908699799203184,0.2601524968507768,follow,2.6015249685077677,57.46457466731254,inf
75.1,29.93471504888826,0.25630305890913263,follow,2.5630305890913263,57.465103162423716,inf
75.2,29.960345354779175,0.2617550594777036,follow,2.617550594777036,57.5580686269458,73.75973762698153
75.3,29.986520860726944,0.24976352497826826,follow,2.4976352497826824,57.4774165408731,inf
75.4,30.01149721322477,0.25150209997134637,follow,2.515020999713464,57.53226681955062,159.1499594321299
75.5,30.036647423221908,0.24386309423955696,follow,2.4386309423955694,57.49360207722843,98.00367273663214
75.6,30.061033732645864,0.234094810499505,follow,2.34094810499505,57.432498703963844,inf
75.7,30.084443213695813,0.23073895620505383,follow,2.3073895620505382,57.43405438259426,72.29472590672201
75.8,30.10751710931632,0.21910270076881488,follow,2.191027007688149,57.35230267166263,169.9241344767275
75.9,30.1294273793932,0.212221886463351,follow,2.12221886463351,57.316359933723305,62.33919199964529
76.0,30.150649568039533,0.19963206248600543,follow,1.9963206248600542,57.22229497691935,inf
76.1,30.170612774288134,0.21613145380583348,follow,2.1613145380583347,57.41723369949054,inf
76.2,30.19222591966872,0.21496722280205846,follow,2.1496722280205844,57.438011107523664,132.88886319346022
76.3,30.213722641948923,0.2072054880405382,follow,2.072054880405382,57.39263884332877,inf
76.4,30.234443190752977,0.20805297381240068,follow,2.0805297381240067,57.43219452425347,inf
76.5,30.255248488134217,0.20607969432387208,follow,2.0607969432387208,57.44366967544005,inf
76.6,30.275856457566604,0.20322993433334846,follow,2.0322993433334844,57.44608402968339,inf
76.7,30.29617945099994,0.20811969080834913,follow,2.0811969080834913,57.5254660845834,inf
76.8,30.316991420080775,0.21442798124541584,follow,2.144279812454158,57.619766942575325,278.367900080544
76.9,30.338434218205318,0.20892721934468172,follow,2.089272193446817,57.59692352075479,241.56316133768112
77.0,30.359326940139788,0.20320004165311334,follow,2.032000416531133,57.57099082674081,inf
77.1,30.379646944305097,0.20055557158526513,follow,2.005555715852651,57.5750261323103,31.992400684203005
77.2,30.399702501463622,0.1793502129968502,follow,1.793502129968502,57.393055882163935,53.65328752960351
77.3,30.417637522763307,0.1657835845742639,follow,1.657835845742639,57.2842921298876,inf
77.4,30.434215881220734,0.17925467199344283,follow,1.7925467199344283,57.44387054176553,inf
77.5,30.452141348420078,0.19524443842934006,follow,1.9524443842934005,57.63065640692352,inf
77.6,30.47166579226301,0.19359911393027077,follow,1.9359911393027076,57.64348982769722,inf
77.7,30.49102570365604,0.1997848701847559,follow,1.997848701847559,57.73438725733162,inf
77.8,30.511004190674516,0.20357805522523906,follow,2.0357805522523904,57.802286838264166,inf
77.9,30.531361996197038,0.23311076443489043,follow,2.3311076443489043,58.12815063864446,inf
78.0,30.554673072640526,0.24416737224196228,follow,2.4416737224196225,58.27368333138041,inf
78.1,30.579089809864723,0.24351396355968546,follow,2.4351396355968546,58.30377435039394,132.78325536262523
78.2,30.60344120622069,0.23522684204408364,follow,2.3522684204408364,58.25743022977187,56.372273409553856
78.3,30.6269638904251,0.22112880050917172,follow,2.211288005091717,58.151733840729364,inf
78.4,30.649076770476015,0.22422110079677396,follow,2.2422110079677395,58.21582616368176,254.13238558720505
78.5,30.671498880555692,0.21834279547926558,follow,2.1834279547926556,58.190676275626195,69.98286785032982
78.6,30.69333316010362,0.20653432194604024,follow,2.0653432194604022,58.10534295961583,562.3107132439292
78.7,30.713986592298223,0.2021964411938676,follow,2.0219644119386757,58.09294430038601,117.60024503927175
78.8,30.73420623641761,0.19402143221178322,follow,1.940214322117832,58.04152367674425,inf
78.9,30.753608379638788,0.2120750269322187,follow,2.120750269322187,58.25116283878037,inf
79.0,30.77481588233201,0.22244574270491457,follow,2.2244574270491455,58.38668125054716,inf
79.1,30.7970604566025,0.22433845199831667,follow,2.2433845199831666,58.438975204886916,inf
79.2,30.819494301802333,0.24037843220031832,follow,2.403784322003183,58.63302577470668,inf
79.3,30.843532145022365,0.24303743426708949,follow,2.430374342670895,58.69567256020444,262.58269276811143
79.4,30.867835888449076,0.2369135138685927,follow,2.3691351386859267,58.67088897135954,inf
79.5,30.891527239835934,0.2535445387622048,follow,2.5354453876220475,58.87273624737595,inf
79.6,30.916881693712156,0.2606725537436496,follow,2.606725537436496,58.98204807800473,160.76585201408358
79.7,30.94294894908652,0.25283297594662957,follow,2.5283297594662955,58.94275318309608,inf
79.8,30.968232246681183,0.2532581588406188,follow,2.532581588406188,58.98492995842796,297.554666034197
79.9,30.993558062565246,0.24722370583235645,follow,2.4722370583235644,58.962574152171435,87.53896275491458
80.0,31.01828043314848,0.23653254591338638,follow,2.3653254591338637,58.892746108856585,inf
80.1,31.041933687739817,0.24806522084728755,follow,2.4806522084728755,59.0435527400826,inf
80.2,31.066740209824545,0.26887684043633303,follow,2.68876840436333,59.28887871910015,88.92350850521244
80.3,31.093627893868177,0.25790740889110636,follow,2.5790740889110637,59.21951592971333,inf
80.4,31.119418634757288,0.2659446114101677,follow,2.6594461141016765,59.338574066237605,inf
80.5,31.146013095898304,0.26229531128003175,follow,2.6229531128003174,59.34197275664778,inf
80.6,31.172242627026307,0.2602384553405685,follow,2.6023845534056846,59.360748493945145,inf
80.7,31.198266472560363,0.25735221378485634,follow,2.5735221378485633,59.37092184668911,462.87171278331573
80.8,31.22400169393885,0.2519519136386947,follow,2.519519136386947,59.35552167729522,inf
80.9,31.24919688530272,0.25548066608108755,follow,2.5548066608108755,59.42860198876495,750.3906468241562
81.0,31.27474495191083,0.2506010065707628,follow,2.5060100657076276,59.41812749357387,inf
81.1,31.299805052567905,0.2564439409465223,follow,2.5644394094652228,59.51414698831708,inf
81.2,31.325449446662557,0.259142787365699,follow,2.59142787365699,59.57960204365082,inf
81.3,31.351363725399125,0.2601420083012222,follow,2.601420083012222,59.62846567111091,491.32033047776804
81.4,31.377377926229247,0.2547660989144113,follow,2.547660989144113,59.613727878487985,inf
81.5,31.40285453612069,0.2526160620694881,follow,2.5261606206948812,59.630442424875916,inf
81.6,31.42811614232764,0.26354565971516947,follow,2.635456597151695,59.77763081064315,inf
81.7,31.454470708299155,0.2718477677364504,follow,2.718477677364504,59.90018373981324,343.3251594136145
81.8,31.4816554850728,0.26575349636967543,follow,2.6575349636967545,59.88001819130596,inf
81.9,31.508230834709767,0.2703848855770325,follow,2.7038488557703246,59.96619510783498,inf
82.0,31.53526932326747,0.28127641906070266,follow,2.8127641906070266,60.11566817550823,72.84369657349389
82.1,31.563396965173542,0.26852330312305667,follow,2.685233031230567,60.03032847899088,inf
82.2,31.590249295485847,0.27759296062135236,follow,2.7759296062135235,60.161303549442295,inf
82.3,31.618008591547984,0.2748489802965516,follow,2.7484898029655156,60.175502690287495,inf
82.4,31.64549348957764,0.2841713106963269,follow,2.841713106963269,60.30995334132973,inf
82.5,31.673910620647273,0.2804696348294094,follow,2.804696348294094,60.315562279265,64.58387017535091
82.6,31.701957584130213,0.26664301446566585,follow,2.6664301446566583,60.21936652085198,79.03243930512679
82.7,31.72862188557678,0.25475715039291347,follow,2.5475715039291345,60.1405043322943,inf
82.8,31.75409760061607,0.2595948171308585,follow,2.595948171308585,60.227094572232694,inf
82.9,31.780057082329158,0.2664003240506048,follow,2.664003240506048,60.33408886399978,1506.202782524669
83.0,31.80669711473422,0.26173734804250304,follow,2.61737348042503,60.32741915252636,inf
83.1,31.83287084953847,0.2724825793264806,follow,2.724825793264806,60.47413206757251,79.27178250965923
83.2,31.860119107471117,0.2604941495618725,follow,2.604941495618725,60.3951201568254,inf
83.3,31.886168522427305,0.2644250520941718,follow,2.6442505209417178,60.47350330458267,197.51704984283913
83.4,31.91261102763672,0.25713256603639184,follow,2.571325660363918,60.440242201819,inf
83.5,31.93832428424036,0.2554923347034425,follow,2.554923347034425,60.46240977339496,inf
83.6,31.963873517710702,0.26082121450578416,follow,2.6082121450578413,60.55402242162389,inf
83.7,31.98995563916128,0.25720933989658407,follow,2.5720933989658405,60.55702685770776,inf
83.8,32.01567657315094,0.2583944340666257,follow,2.583944340666257,60.60745920039267,inf
83.9,32.0415160165576,0.27330335739005135,follow,2.7330335739005136,60.79530759873691,inf
84.0,32.0688463522966,0.2725153435062346,follow,2.725153435062346,60.82842296350725,inf
84.1,32.09609788664723,0.28576663448716816,follow,2.8576663448716815,61.001813174842525,327.79422847761253
84.2,32.124674550095946,0.27933338946890135,follow,2.793333894689013,60.98034571983293,inf
84.3,32.152607889042834,0.2896173097364397,follow,2.8961730973643967,61.12508493092865,inf
84.4,32.181569620016475,0.30875735389022907,follow,3.0875735389022907,61.359927968927,40.5935175968
84.5,32.2124453554055,0.28870154002782017,follow,2.8870154002782016,61.205683433386454,inf
84.6,32.24131550940828,0.2857578618333207,follow,2.857578618333207,61.21955188244563,inf
84.7,32.26989129559161,0.29647258094990436,follow,2.9647258094990434,61.369562752886466,inf
84.8,32.2995385536866,0.2993301066987904,follow,2.993301066987904,61.44260889751781,inf
84.9,32.32947156435648,0.30794543945474406,follow,3.07945439454744,61.57366174108216,inf
85.0,32.36026610830196,0.3067235967799029,follow,3.0672359677990286,61.607635130251964,inf
85.1,32.39093846797995,0.31241335814840454,follow,3.1241335814840454,61.71054128345397,inf
85.2,32.42217980379479,0.3156053597382304,follow,3.1560535973823036,61.78932330307449,inf
85.3,32.453740339768615,0.332033875944471,follow,3.3203387594447094,62.00094926909763,inf
85.4,32.48694372736306,0.3390839305316732,follow,3.3908393053167316,62.12125489636132,inf
85.5,32.52085212041623,0.34688915036953605,follow,3.4688915036953603,62.2501696843197,inf
85.6,32.55554103545318,0.3470304027594615,follow,3.470304027594615,62.303615580774384,inf
85.7,32.590244075729125,0.34632250596077796,follow,3.4632250596077796,62.34859117320147,inf
85.8,32.6248763263252,0.3461789051081148,follow,3.4617890510811478,62.39910354056895,inf
85.9,32.65949421683601,0.3543912793631336,follow,3.5439127936313355,62.53315411888535,inf
86.0,32.69493334477232,0.354226076724963,follow,3.54226076724963,62.584660784408115,inf
86.1,32.73035595244482,0.36120912604964134,follow,3.6120912604964133,62.707625189163636,inf
86.2,32.76647686504978,0.3861262205083982,follow,3.8612622050839818,63.010977502658655,inf
86.3,32.805089487100624,0.3983834323297657,follow,3.983834323297657,63.191468553948596,inf
86.4,32.8449278303336,0.3983584025414828,follow,3.983584025414828,63.25097577091523,inf
86.5,32.88476367058775,0.41373538979748264,follow,4.137353897974826,63.46449940385646,inf
86.6,32.9261372095675,0.41246798685484554,follow,4.124679868548455,63.513885682899705,56.39977539441455
86.7,32.967384008252985,0.3946071269694933,follow,3.946071269694933,63.39714728207441,651.0016215124264
86.8,33.006844720949935,0.3873195728554514,follow,3.8731957285545136,63.38346280997941,64.88591426111415
86.9,33.04557667823548,0.37135401248026484,follow,3.7135401248026483,63.281905142155864,inf
87.0,33.08271207948351,0.37105658149822607,follow,3.7105658149822602,63.33463393420752,inf
87.1,33.119817737633326,0.37449255539941934,follow,3.744925553994193,63.42465216044418,inf
87.2,33.157266993173266,0.39470249713669575,follow,3.9470249713669574,63.68292546112686,inf
87.3,33.19673724288693,0.40081458725077684,follow,4.008145872507768,63.80325173683816,inf
87.4,33.23681870161201,0.4012341814258946,follow,4.012341814258946,63.86756986667696,inf
87.5,33.2769421197546,0.4122462475069597,follow,4.122462475069597,64.0378756547015,46.507311190476386
87.6,33.3181667445053,0.39188088634930196,follow,3.9188088634930196,63.89605898025096,inf
87.7,33.35735483314023,0.39682912472265885,follow,3.9682912472265883,64.00432349693693,inf
87.8,33.397037745612494,0.4071063103956945,follow,4.071063103956945,64.16661972237569,99.16982456971625
87.9,33.43774837665206,0.394122231973239,follow,3.9412223197323897,64.09784488471048,inf
88.0,33.477160599849384,0.4082387924951462,follow,4.082387924951462,64.29812882472554,inf
88.1,33.5179844790989,0.41373536581672926,follow,4.137353658167292,64.41433037681564,inf
88.2,33.55935801568057,0.4113357551726722,follow,4.113357551726722,64.45239457524758,inf
88.3,33.60049159119784,0.41966080293310387,follow,4.196608029331038,64.5973454161278,inf
88.4,33.64245767149115,0.4447413141741947,follow,4.447413141741947,64.91109964897868,inf
88.5,33.68693180290857,0.4478008764324969,follow,4.478008764324969,65.00840646868782,inf
88.6,33.731711890551814,0.451366744380492,follow,4.51366744380492,65.11123527963264,inf
88.7,33.77684856498986,0.4473277575648858,follow,4.473277575648858,65.13855042313365,750.0244872294152
88.8,33.82158134074635,0.4393020277939499,follow,4.393020277939499,65.12539228905902,inf
88.9,33.86551154352574,0.44865738194178423,follow,4.486573819417842,65.28484113470645,520.1500937745864
89.0,33.91037728171992,0.44022374839545936,follow,4.402237483954593,65.26780340653447,inf
89.1,33.95439965655946,0.44147639560393304,follow,4.41476395603933,65.34636344087852,inf
89.2,33.99854729611985,0.43686877670867547,follow,4.3686877670867545,65.36650871126653,inf
89.3,34.04223417379072,0.4421934033201382,follow,4.4219340332013815,65.48528529388746,inf
89.4,34.08645351412273,0.44589596712910834,follow,4.458959671291083,65.58863994247518,inf
89.5,34.13104311083564,0.4566970965138154,follow,4.566970965138154,65.76353563139162,inf
89.6,34.176712820487026,0.4510795118612372,follow,4.510795118612371,65.77586434934291,inf
89.7,34.22182077167315,0.4479951114665866,follow,4.479951114665866,65.81268227217559,192.5356436065451
89.8,34.26662028281981,0.43740898196639083,follow,4.374089819663908,65.77402024389362,inf
89.9,34.31036118101645,0.43234423542673,follow,4.3234423542673,65.78898412579197,inf
90.0,34.35359560455912,0.4360231158497378,follow,4.360231158497378,65.89062456533605,inf
90.1,34.397197916144094,0.4434107899505499,follow,4.4341078995054986,66.02990477372164,158.26997743420023
90.2,34.44153899513915,0.43214423814990116,follow,4.321442381499011,65.98375087420773,inf
90.3,34.484753418954135,0.4389145403881116,follow,4.389145403881116,66.11627553231232,inf
90.4,34.52864487299295,0.44974437355235897,follow,4.497443735523589,66.29041104501302,inf
90.5,34.573619310348185,0.4495620148455928,follow,4.495620148455927,66.3560491139782,inf
90.6,34.618575511832745,0.4637328295045805,follow,4.637328295045805,66.56519156279492,91.36347637508297
90.7,34.6649487947832,0.44902734911417996,follow,4.490273491141799,66.4876966833166,50.95042575548922
90.8,34.70985152969462,0.428793423580521,follow,4.28793423580521,66.35271153034714,33.855988846607254
90.9,34.752730872052666,0.4023342135062876,follow,4.023342135062876,66.15243844314188,inf
91.0,34.792964293403294,0.40936955736966074,follow,4.093695573696607,66.28314201380155,inf
91.1,34.83390124914026,0.406690001517714,follow,4.06690001517714,66.31775188888753,149.3975338373804
91.2,34.874570249292034,0.3957439490020271,follow,3.9574394900202705,66.26929486395832,359.0464612696252
91.3,34.914144644192234,0.38756634332507434,follow,3.875663433250743,66.2468803995391,38.42304102656992
91.4,34.95290127852474,0.364123835389951,follow,3.64123835389951,66.07059027168663,inf
91.5,34.989313662063736,0.37696884123846464,follow,3.769688412384646,66.25365890548025,108.73489801800991
91.6,35.02701054618758,0.36484420315801247,follow,3.6484420315801245,66.1889578508615,92.31239094431044
91.7,35.063494966503384,0.351836590445609,follow,3.5183659044560898,66.11360835421117,381.0693168030422
91.8,35.09867862554795,0.3444722553334451,follow,3.4447225533344508,66.09274049165637,129.93024902601695
91.9,35.13312585108129,0.3338739129926303,follow,3.338739129926303,66.03842790654824,77.40760384045139
92.0,35.16651324238055,0.32000067187393455,follow,3.2000067187393455,65.94977658231018,33.366726398897704
92.1,35.19851330956794,0.29511552870014696,follow,2.9511552870014697,65.74892525135338,85.55339827272127
92.2,35.228024862437955,0.2827085471452662,follow,2.827085471452662,65.66912276510959,inf
92.3,35.25629571715248,0.28400496176656137,follow,2.8400496176656134,65.72449319339434,1810.8057465093025
92.4,35.28469621332914,0.27909792520677146,follow,2.7909792520677144,65.71802357206143,inf
92.5,35.312606005849815,0.2759853962701719,follow,2.759853962701719,65.72876297147644,31.56082465279143
92.6,35.34020454547683,0.2507435698713522,follow,2.507435698713522,65.51774251692876,24.815404029651084
92.7,35.36527890246396,0.2203296272986421,follow,2.203296272986421,65.25121462668237,35.36116656379362
92.8,35.38731186519383,0.19835156423722397,follow,1.9835156423722395,65.06448344016299,37.66805795250047
92.9,35.407147021617554,0.17790482055749096,follow,1.7790482055749095,64.88976873800124,85.70299675665616
93.0,35.424937503673306,0.16748687321239544,follow,1.6748687321239544,64.81227498763391,17.87955652254883
93.1,35.441686190994545,0.12855770820426357,follow,1.2855770820426358,64.44810636853445,139.59288284040414
93.2,35.454541961814975,0.12188392296304898,follow,1.2188392296304897,64.40065217235295,29.080800130593182
93.3,35.46673035411128,0.09778836057748991,follow,0.977883605774899,64.17797913694181,25.20014693873541
93.4,35.476509190169025,0.07075644326713758,follow,0.7075644326713757,63.922328217924914,20.06029934422822
93.5,35.48358483449574,0.037759248273172834,follow,0.3775924827317283,63.60296973447534,16.377386472808666
93.6,35.48736075932305,-0.0016807480441549671,follow,-0.01680748044154967,63.21423365854303,43.08022635667741
93.7,35.48719268451864,-0.016327463668678634,follow,-0.16327463668678632,63.06751439009117,27.817447904072328
93.8,35.48555993815177,-0.038738151095166984,follow,-0.38738151095166984,62.840958396275994,17.14361774369492
93.9,35.48168612304226,-0.07477394005916196,follow,-0.7477394005916196,62.474789783971765,16.831916200059695
94.0,35.47420872903634,-0.11069441824863802,follow,-1.1069441824863802,62.10436891106813,22.14684244721332
94.1,35.463139287211476,-0.136965394847023,follow,-1.36965394847023,61.825054982346984,71.62813221268593
94.2,35.44944274772677,-0.14340534140158426,follow,-1.4340534140158425,61.74011070757431,21.975927702221604
94.3,35.43510221358661,-0.16920528341642652,follow,-1.692052834164265,61.46060048621565,15.119078748081323
94.4,35.41818168524497,-0.20714902101763003,follow,-2.0714902101763,61.05578231769115,21.36175689351192
94.5,35.3974667831432,-0.2324164535337978,follow,-2.324164535337978,60.772035639376824,20.83041218858457
94.6,35.37422513778982,-0.2578724581086888,follow,-2.578724581086888,60.482613125597844,11.359890230093695
94.7,35.34843789197895,-0.30698875015684807,follow,-3.0698875015684806,59.952769336399946,21.813397898262956
94.8,35.317739016963266,-0.32956130907412845,follow,-3.295613090741284,59.68099543470362,20.24636343016092
94.9,35.28478288605585,-0.3537657182985747,follow,-3.537657182985747,59.38951714609803,28.903061997024867
95.0,35.24940631422599,-0.36865329566635624,follow,-3.6865329566635623,59.18757651467543,62.34167145067718
95.1,35.212540984659356,-0.37224890607795447,follow,-3.7224890607795444,59.09632241620949,35.54578381014641
95.2,35.17531609405156,-0.3829183334273005,follow,-3.8291833342730044,58.93379080680433,19.41603081217783
95.3,35.13702426070883,-0.4071448010329789,follow,-4.071448010329789,58.63408838073345,15.201897737080333
95.4,35.09630978060553,-0.43920072682353894,follow,-4.392007268235389,58.2524574026729,190.17498327188915
95.5,35.052389707923176,-0.43523661300041855,follow,-4.352366130004185,58.22621843188058,21.23192712678885
95.6,35.00886604662313,-0.4556967242716432,follow,-4.556967242716432,57.95633182721827,20.70707595925976
95.7,34.96329637419597,-0.47639423714952756,follow,-4.7639423714952756,57.681002189798676,20.358266334268468
95.8,34.915656950481015,-0.49710489309709516,follow,-4.971048930970952,57.402436494750575,21.86212349036478
95.9,34.865946461171305,-0.515407784312351,follow,-5.15407784312351,57.14484184863345,19.332164029110864
96.0,34.81440568274007,-0.536720724375067,follow,-5.36720724375067,56.85440128035944,16.89879480706842
96.1,34.760733610302566,-0.5617772496124666,follow,-5.617772496124665,56.52332791932918,16.97023374805245
96.2,34.70455588534132,-0.5860961497216927,follow,-5.860961497216927,56.195872330795055,19.82528290283763
96.3,34.64594627036915,-0.6050641701795585,follow,-6.050641701795584,55.91827770375814,16.863445045366475
96.4,34.5854398533512,-0.6285426061603773,follow,-6.285426061603772,55.59273371842302,16.04204258938818
96.5,34.52258559273516,-0.6531403229953234,follow,-6.531403229953234,55.252475159149505,20.673790695175967
96.6,34.45727156043563,-0.6694159337547504,follow,-6.694159337547504,54.99174800310594,18.347269139374664
96.7,34.390329967060154,-0.6886779944190309,follow,-6.886779944190309,54.69871500639992,41.744229607387716
96.8,34.32146216761825,-0.6907624461789276,follow,-6.9076244617892755,54.5745687896381,10.431991485562914
96.9,34.25238592300036,-0.7320248687162476,follow,-7.320248687162476,54.058330197338066,32.3240763114976
97.0,34.17918343612874,-0.7370363300467915,follow,-7.370363300467915,53.89841185372519,35.951845888121724
97.1,34.10547980312406,-0.7402355831273305,follow,-7.402355831273304,53.755863873412785,11.646863634204886
97.2,34.03145624481133,-0.774546611828535,follow,-7.74546611828535,53.30171824893165,18.059464151852566
97.3,33.954001583628475,-0.7916684284873917,follow,-7.9166842848739165,53.0143180905688,17.94661126262836
97.4,33.87483474077973,-0.8085417494678773,follow,-8.085417494678772,52.72683461649083,13.537630766314646
97.5,33.793980565832946,-0.8345534288841883,follow,-8.345534288841883,52.34543655990753,15.988316212436075
97.6,33.710525222944526,-0.8539403796803712,follow,-8.539403796803711,52.02638403761308,14.653151511613963
97.7,33.62513118497649,-0.8757825858349307,follow,-8.757825858349307,51.67987091911543,61.882338785576906
97.8,33.537552926393,-0.8701213763113366,follow,-8.701213763113365,51.60511562647613,32.92081227855032
97.9,33.45054078876186,-0.8718749635542857,follow,-8.718749635542856,51.45706154759994,42.15923140086019
98.0,33.36335329240644,-0.8701303720250358,follow,-8.701303720250358,51.3437262183593,30.320740774297846
98.1,33.276340255203934,-0.8731418189966995,follow,-8.731418189966995,51.183092192838906,15.159340683733127
98.2,33.18902607330426,-0.8929349524447915,follow,-8.929349524447915,50.85418958550848,18.299284801255155
98.3,33.099732578059786,-0.9064382539387182,follow,-9.064382539387182,50.5852163277025,28.10707376439018
98.4,33.00908875266592,-0.909932567656297,follow,-9.09932567656297,50.41430745243591,15.09822325392978
98.5,32.91809549590029,-0.9287645341004556,follow,-9.287645341004556,50.08949790284588,33.21374411568275
98.6,32.82521904249025,-0.9289852565138518,follow,-9.289852565138517,49.94797599859685,21.297787154909045
98.7,32.73232051683886,-0.9375736828345332,follow,-9.375736828345332,49.72274394691296,20.526905337779716
98.8,32.638563148555406,-0.9467957090775685,follow,-9.467957090775684,49.489887632057425,35.641078105482144
98.9,32.54388357764765,-0.9455326092178815,follow,-9.455326092178815,49.36049927429266,31.1642218979263
99.0,32.44933031672586,-0.9462429232468722,follow,-9.462429232468722,49.21156624262007,21.590361818777502
99.1,32.354706024401175,-0.9538963396421807,follow,-9.538963396421806,48.99309564017996,58.00017310745715
99.2,32.25931639043696,-0.9470810584519171,follow,-9.470810584519171,48.91816400113626,17.168386131255296
99.3,32.164608284591765,-0.960420925421056,follow,-9.60420925421056,48.64270317267709,38.77122745806264
99.4,32.06856619204966,-0.9576002734602369,follow,-9.576002734602369,48.52684655347212,39.49876438689326
99.5,31.972806164703634,-0.9545643310053699,follow,-9.545643310053698,48.413565937001756,24.172866446197375
99.6,31.877349731603097,-0.9593193633563204,follow,-9.593193633563203,48.222830963841446,35.01131909882823
99.7,31.781417795267465,-0.9577437508586499,follow,-9.577437508586499,48.0946891843147,17.41666518798411
99.8,31.685643420181602,-0.9700340287975856,follow,-9.700340287975855,47.828124842296546,63.29456932318963
99.9,31.588640017301845,-0.9620699185386408,follow,-9.620699185386407,47.76226084056636,27.95337833418468
100.0,31.49243302544798,-0.9637632000150405,follow,-9.637632000150404,47.601017538021566,24.256123353384424
100.1,31.396056705446476,-0.9679673190692797,follow,-9.679673190692796,47.414411867476915,93.69387137286304
100.2,31.29925997353955,-0.9575404090186361,follow,-9.57540409018636,47.37348587012296,23.34520292512914
100.3,31.203505932637686,-0.9625123622097335,follow,-9.625123622097334,47.1801352768592,18.052430908103027
100.4,31.107254696416714,-0.9732472237407542,follow,-9.732472237407542,46.92840980721753,17.398583036878804
100.5,31.009929974042638,-0.9846478151250694,follow,-9.846478151250693,46.668416809813266,64.82355019579897
100.6,30.91146519253013,-0.9760927498234943,follow,-9.760927498234942,46.60627029056025,19.82009788561352
100.7,30.81385591754778,-0.9839899177516195,follow,-9.839899177516195,46.380884698805474,inf
100.8,30.715456925772617,-0.9642846382430719,follow,-9.642846382430719,46.43033900622821,15.657060671731488
100.9,30.61902846194831,-0.9785106532889088,follow,-9.785106532889088,46.143436160033374,inf
101.0,30.52117739661942,-0.9585447674557699,follow,-9.585447674557699,46.19631842037143,55.579372836968304
101.1,30.425322919873846,-0.9515198251426717,follow,-9.515198251426717,46.12278612838405,43.294652980756126
101.2,30.33017093735958,-0.9469487371391274,follow,-9.469487371391274,46.02576903464809,32.63843255827364
101.3,30.235476063645667,-0.9458992667184973,follow,-9.458992667184972,45.89422142828353,85.70732576881798
101.4,30.140886136973815,-0.9361196390874575,follow,-9.361196390874575,45.850132814586146,52.64767788577702
101.5,30.04727417306507,-0.9298505862317967,follow,-9.298505862317967,45.77240539727964,inf
101.6,29.95428911444189,-0.9132457185827385,follow,-9.132457185827384,45.79897648583545,69.99807191489347
101.7,29.86296454258362,-0.905176678229833,follow,-9.05176678229833,45.742680031577095,78.46562988008141
101.8,29.772446874760636,-0.8965234968039923,follow,-8.965234968039923,45.69343534410103,46.04119022000215
101.9,29.682794525080237,-0.8921035896027342,follow,-8.921035896027341,45.60315589159301,66.78898880484446
102.0,29.593584166119964,-0.8846578774198932,follow,-8.846578774198932,45.54379747498101,140.74791736903555
102.1,29.505118378377976,-0.8737391930423748,follow,-8.737391930423748,45.52028563714322,22.25801993586615
102.2,29.417744459073738,-0.8802105497374768,follow,-8.802105497374768,45.32451119123584,26.855079243519302
102.3,29.32972340409999,-0.8830046255324142,follow,-8.830046255324142,45.16453885082584,inf
102.4,29.241422941546748,-0.8672737855648954,follow,-8.672737855648954,45.18939655667117,155.06465042465462
102.5,29.15469556299026,-0.8563116344113247,follow,-8.563116344113247,45.16892700037214,79.9881032554727
102.6,29.069064399549127,-0.8482576038906466,follow,-8.482576038906465,45.12102056041723,129.26273953659594
102.7,28.98423863916006,-0.8381761262238876,follow,-8.381761262238875,45.09459669650122,1317.067436170252
102.8,28.90042102653767,-0.8251076945959057,follow,-8.251076945959056,45.09955459384745,59.308663253557796
102.9,28.81791025707808,-0.8195101817477473,follow,-8.195101817477472,45.031763568139645,48.012870344791196
103.0,28.735959238903305,-0.8157771214105645,follow,-8.157771214105644,44.946167644249314,681.4233819486675
103.1,28.65438152676225,-0.8033842798570284,follow,-8.033842798570284,44.94772949157309,43.037652754083275
103.2,28.57404309877655,-0.8009739466469391,follow,-8.00973946646939,44.85132518169544,inf
103.3,28.493945704111855,-0.7863987944883534,follow,-7.863987944883533,44.87693061128425,28.15461687027137
103.4,28.41530582466302,-0.7897558708176575,follow,-7.897558708176575,44.72540002881795,inf
103.5,28.336330237581254,-0.7695728351312057,follow,-7.695728351312056,44.80876700505983,inf
103.6,28.259372954068134,-0.7541229721449185,follow,-7.541229721449184,44.84782970965301,inf
103.7,28.183960656853642,-0.7404507341312816,follow,-7.404507341312815,44.87143364396765,inf
103.8,28.109915583440515,-0.7206431289537178,follow,-7.2064312895371785,44.958442085623595,inf
103.9,28.037851270545143,-0.6952119947248634,follow,-6.952119947248633,45.10465695856908,inf
104.0,27.968330071072657,-0.6754671155147172,follow,-6.754671155147172,45.197823951461814,29.7681148602496
104.1,27.900783359521185,-0.6798429423772085,follow,-6.798429423772085,45.05274561550969,44.13546243214856
104.2,27.832799065283464,-0.6791732888943849,follow,-6.791732888943848,44.957465708981346,99.28789424694759
104.3,27.764881736394024,-0.6728345069249095,follow,-6.7283450692490945,44.918977535341945,inf
104.4,27.697598285701535,-0.6610179721780511,follow,-6.610179721780511,44.93621770677179,inf
104.5,27.63149648848373,-0.6451176674802177,follow,-6.451176674802177,44.99606805792342,93.45045942000407
104.6,27.566984721735707,-0.6396107496853717,follow,-6.396107496853716,44.954369585749845,inf
104.7,27.50302364676717,-0.626446824907763,follow,-6.2644682490776304,44.990067221073126,93.14257701913218
104.8,27.44037896427639,-0.6212539121769098,follow,-6.2125391217690975,44.94802932464549,128.28404073136338
104.9,27.3782535730587,-0.6148176392248431,follow,-6.1481763922484305,44.91920396733962,45.45311566980952
105.0,27.316771809136217,-0.6148630927278327,follow,-6.148630927278326,44.826526786426,77.71969100493806
105.1,27.255285499863433,-0.6107930013355493,follow,-6.107930013355492,44.77499823643966,48.919160462085756
105.2,27.194206199729877,-0.6101731683128144,follow,-6.101731683128143,44.68957761646667,75.20887132578297
105.3,27.133188882898594,-0.6063524596171078,follow,-6.063524596171078,44.63625872817681,inf
105.4,27.072553636936885,-0.5858827090922197,follow,-5.8588270909221976,44.75000336448313,80.98761888991902
105.5,27.013965366027662,-0.5820341221161129,follow,-5.820341221161129,44.700606827880364,inf
105.6,26.95576195381605,-0.548861229822532,follow,-5.48861229822532,44.94503063249876,inf
105.7,26.900875830833797,-0.5336370696835318,follow,-5.336370696835317,45.01494304941538,inf
105.8,26.847512123865446,-0.5211076348769339,follow,-5.211076348769339,45.06019183702883,100.69043816693778
105.9,26.795401360377753,-0.5172450339575576,follow,-5.172450339575576,45.02065170099105,inf
106.0,26.743676856981995,-0.5007231270180142,follow,-5.007231270180142,45.10828401529285,211.10514565034978
106.1,26.693604544280195,-0.4948483255555459,follow,-4.948483255555459,45.091923560864835,inf
106.2,26.64411971172464,-0.48336679778945923,follow,-4.833667977894592,45.13251158969237,inf
106.3,26.595783031945697,-0.4523741261420746,follow,-4.523741261420746,45.3699332864978,inf
106.4,26.55054561933149,-0.44339397044325896,follow,-4.433939704432589,45.39187872456465,inf
106.5,26.506206222287165,-0.4246051231094818,follow,-4.2460512310948175,45.51325810233593,143.9353652598363
106.6,26.463745709976216,-0.4209735033626011,follow,-4.209735033626011,45.48588353133831,inf
106.7,26.421648359639956,-0.4121753844085618,follow,-4.121753844085617,45.510718695374315,inf
106.8,26.3804308211991,-0.3890970618544245,follow,-3.8909706185442445,45.6796756132544,162.89106674484708
106.9,26.341521115013656,-0.3856758170767449,follow,-3.856758170767449,45.65552350175304,inf
107.0,26.30295353330598,-0.363020215153653,follow,-3.6302021515365297,45.82422814842244,inf
107.1,26.266651511790617,-0.34964142704425427,follow,-3.4964142704425427,45.903562997243384,172.14814455388634
107.2,26.231687369086192,-0.3467136793294522,follow,-3.4671367932945216,45.88039426033477,inf
107.3,26.197016001153248,-0.3344831341510428,follow,-3.344831341510428,45.950692660219445,inf
107.4,26.163567687738144,-0.3199015640161584,follow,-3.1990156401615835,46.04633589144563,inf
107.5,26.13157753133653,-0.3085188158692816,follow,-3.085188158692816,46.112178138311975,41.11367859104883
107.6,26.1007256497496,-0.3147982901287385,follow,-3.147982901287385,46.00310557333702,97.72806219038233
107.7,26.069245820736725,-0.3144687739841743,follow,-3.1446877398417428,45.959180991263345,420.6950955315911
107.8,26.03779894333831,-0.3105297318077945,follow,-3.1052973180779446,45.951401096929516,inf
107.9,26.006745970157528,-0.3055392455322533,follow,-3.055392455322533,45.95472649991376,inf
108.0,25.976192045604304,-0.295318077305312,follow,-2.95318077305312,46.011107295353334,inf
108.1,25.946660237873772,-0.28895490852447026,follow,-2.8895490852447026,46.030441271565955,44.40263028316402
108.2,25.917764747021323,-0.2946982323668159,follow,-2.946982323668159,45.929664796863825,inf
108.3,25.888294923784642,-0.28716070811915984,follow,-2.8716070811915984,45.960835304485364,inf
108.4,25.859578852972724,-0.27824908602709897,follow,-2.7824908602709897,46.00687741918809,inf
108.5,25.831753944370014,-0.2700928891803933,follow,-2.700928891803933,46.04670202475109,inf
108.6,25.804744655451977,-0.2582889423972077,follow,-2.5828894239720768,46.12422755920589,inf
108.7,25.778915761212257,-0.2488037658733717,follow,-2.4880376587337167,46.18033598308467,inf
108.8,25.75403538462492,-0.2426120632315204,follow,-2.426120632315204,46.20493244462217,226.45548726541318
108.9,25.729774178301767,-0.24077062406606517,follow,-2.4077062406606515,46.186955026792,31.85803397388026
109.0,25.70569711589516,-0.2514160358640254,follow,-2.514160358640254,46.04438531520248,inf
109.1,25.680555512308757,-0.24615035044915318,follow,-2.4615035044915317,46.059329763971604,652.8097983671566
109.2,25.65594047726384,-0.24291749996505418,follow,-2.4291749996505416,46.05473571624522,1002.4870976361055
109.3,25.631648727267336,-0.23949022473825182,follow,-2.394902247382518,46.05257084351849,36.79352668225276
109.4,25.60769970479351,-0.24817486841511355,follow,-2.4817486841511354,45.929800873039135,40.72875134914502
109.5,25.582882217952,-0.25548106756840666,follow,-2.5548106756840667,45.81951265124393,inf
109.6,25.55733411119516,-0.2467221926668323,follow,-2.467221926668323,45.86877924012442,118.42173956378801
109.7,25.532661891928477,-0.2466479786961145,follow,-2.466479786961145,45.83251305093157,inf
109.8,25.507997094058865,-0.24142822995626148,follow,-2.4142822995626148,45.84771334152568,118.16509464519338
109.9,25.48385427106324,-0.2414453492175504,follow,-2.414453492175504,45.81132791441936,110.69434609609006
110.0,25.459709736141484,-0.24172076634070125,follow,-2.4172076634070123,45.77235694080521,inf
110.1,25.435537659507414,-0.23545033144066496,follow,-2.3545033144066494,45.79880317485447,52.309346922462765
110.2,25.411992626363347,-0.24043850273268888,follow,-2.4043850273268887,45.71360391221813,103.4261686407376
110.3,25.387948776090077,-0.24101141295259937,follow,-2.4101141295259936,45.671809034609126,52.02104072404709
110.4,25.363847634794816,-0.2459347181062583,follow,-2.459347181062583,45.586424271129644,51.57724304111818
110.5,25.33925416298419,-0.2508382389645057,follow,-2.5083823896450568,45.50049885483123,55.53892907799514
110.6,25.314170339087738,-0.25501736877091546,follow,-2.5501736877091545,45.42108182092245,100.00891276201945
110.7,25.288668602210645,-0.25547879426145814,follow,-2.554787942614581,45.378214960701385,45.89830693443338
110.8,25.2631207227845,-0.26127781957538193,follow,-2.612778195753819,45.281902888422934,inf
110.9,25.236992940826962,-0.25442858169002064,follow,-2.5442858169002065,45.311203594340235,33.638783263795176
111.0,25.21155008265796,-0.26382765379125034,follow,-2.6382765379125033,45.17904858607444,53.0550692274682
111.1,25.185167317278836,-0.2681219121571701,follow,-2.6812191215717007,45.09653185434655,42.738749690092426
111.2,25.158355126063118,-0.27438363473544386,follow,-2.7438363473544385,44.99369634174024,inf
111.3,25.130916762589575,-0.26697704784030807,follow,-2.6697704784030805,45.02660466548128,70.25343584953943
111.4,25.104219057805544,-0.26911458270075883,follow,-2.6911458270075883,44.965182759700724,829.3243110377983
111.5,25.07730759953547,-0.2653509399556029,follow,-2.653509399556029,44.962451999747174,23.573781182803422
111.6,25.05077250553991,-0.28017840091166807,follow,-2.8017840091166804,44.774374749193186,67.76065041115554
111.7,25.022754665448744,-0.28230327155248036,follow,-2.8230327155248034,44.71109928264831,192.09539450668575
111.8,24.994524338293495,-0.2801139658621274,follow,-2.801139658621274,44.690646848818965,53.5522390397938
111.9,24.966512941707283,-0.28397738579126897,follow,-2.8397738579126894,44.609995554648236,304.47819172025345
112.0,24.938115203128156,-0.28089887703568195,follow,-2.8089887703568195,44.59818403433542,34.093468165254635
112.1,24.910025315424587,-0.2894856470343918,follow,-2.8948564703439175,44.47018150279296,inf
112.2,24.88107675072115,-0.2843541298360876,follow,-2.8435412983608757,44.47807382772085,inf
112.3,24.85264133773754,-0.2731152312659219,follow,-2.731152312659219,44.547809693947094,35.281444035223736
112.4,24.82532981461095,-0.2813718009430424,follow,-2.813718009430424,44.424276712486,33.02110473581744
112.5,24.797192634516644,-0.29032315027406314,follow,-2.9032315027406312,44.292557449034334,6158.0436690522465
112.6,24.768160319489237,-0.2857499062148442,follow,-2.8574990621484417,44.29474141708541,inf
112.7,24.73958532886775,-0.28065951091029934,follow,-2.806595109102993,44.302782884198635,30.352992735659946
112.8,24.71151937777672,-0.2907648120244119,follow,-2.9076481202441187,44.15963094642096,31.28517513941371
112.9,24.68244289657428,-0.3002277688097884,follow,-3.002277688097884,44.02138665676353,33.0381037490934
113.0,24.6524201196933,-0.3087485534745746,follow,-3.0874855347457455,43.8911446447942,20.876486213990873
113.1,24.621545264345844,-0.32483277781591513,follow,-3.248327778159151,43.68399011835962,23.981830687060906
113.2,24.589061986564253,-0.3378509060143195,follow,-3.3785090601431946,43.50508391970319,23.029992784317464
113.3,24.555276895962823,-0.3513359113837332,follow,-3.513359113837332,43.319556230106905,24.82102199961148
113.4,24.52014330482445,-0.36316730576122186,follow,-3.6316730576122183,43.14854189962446,34.79319021581333
113.5,24.48382657424833,-0.36975806191728683,follow,-3.697580619172868,43.02815924219963,40.06993333380581
113.6,24.4468507680566,-0.37458019866909287,follow,-3.7458019866909282,42.92447416539397,257.2626705010636
113.7,24.40939274818969,-0.37025542317095345,follow,-3.7025542317095343,42.911534890575,22.01277035139532
113.8,24.372367205872592,-0.38382526388211463,follow,-3.838252638821146,42.72029816998774,72.1179325027932
113.9,24.33398467948438,-0.3836077317187261,follow,-3.836077317187261,42.66489970203931,29.752688653117495
114.0,24.295623906312507,-0.3918098548060705,follow,-3.918098548060705,42.52533731140806,32.07948884212636
114.1,24.2564429208319,-0.39879713619229806,follow,-3.9879713619229804,42.39669301932487,50.088070885697235
114.2,24.216563207212673,-0.4008808112215405,follow,-4.008808112215405,42.316036698603604,20.28025633363453
114.3,24.17647512609052,-0.41533235031412236,follow,-4.153323503141223,42.111389185994554,39.486517927864206
114.4,24.134941891059107,-0.41935178397000217,follow,-4.1935178397000215,42.00889499688864,34.29460230196471
114.5,24.093006712662106,-0.4248915743370731,follow,-4.2489157433707305,41.89059432562243,41.765018914419336
114.6,24.0505175552284,-0.4281233762743007,follow,-4.281233762743007,41.794542570099594,36.32673172188367
114.7,24.007705217600968,-0.43277857780619516,follow,-4.327785778061951,41.6837720483395,inf
114.8,23.96442735982035,-0.42273117273730565,follow,-4.227311727373056,41.719329312357466,23.249383199626592
114.9,23.92215424254662,-0.43391174757171247,follow,-4.339117475717124,41.54411388810281,23.984073050575773
115.0,23.878763067789446,-0.44429070203603094,follow,-4.442907020360309,41.37523758132386,23.002049754207533
115.1,23.834333997585844,-0.45516968148134895,follow,-4.551696814813489,41.19980418156528,23.484584029187534
115.2,23.78881702943771,-0.4654303065535061,follow,-4.654303065535061,41.0289224786215,22.558026351504775
115.3,23.74227399878236,-0.4761715919430266,follow,-4.761715919430266,40.85169507874327,68.97431790476895
115.4,23.694656839588056,-0.4744755864597622,follow,-4.7447558645976216,40.797229394784466,91.74991985410657
115.5,23.64720928094208,-0.4713305454722857,follow,-4.713305454722857,40.75750846669026,22.933432153294397
115.6,23.60007622639485,-0.48156134955414986,follow,-4.815613495541498,40.58450084405078,20.811750994513798
115.7,23.551920091439435,-0.4933571302252318,follow,-4.933571302252318,40.39430883490684,36.99383237985544
115.8,23.502584378416913,-0.4963826170560225,follow,-4.963826170560225,40.290050397065144,22.72955289894184
115.9,23.45294611671131,-0.5061663389672958,follow,-5.061663389672958,40.11775578539401,40.813789386154625
116.0,23.40232948281458,-0.507897138710932,follow,-5.07897138710932,40.02452283711255,31.457671442598663
116.1,23.351539768943486,-0.5124940793197027,follow,-5.124940793197027,39.9023688602182,16.615327123136723
116.2,23.300290361011516,-0.5283095717400222,follow,-5.283095717400222,39.66733982411705,104.3080337839959
116.3,23.247459403837514,-0.5236595222022971,follow,-5.23659522202297,39.6345938837333,182.26203688734742
116.4,23.195093451617286,-0.5174555638854358,follow,-5.174555638854358,39.61808453857157,22.070207265743022
116.5,23.143347895228743,-0.5271272093794416,follow,-5.2712720937944155,39.4437497490487,24.002069107563127
116.6,23.0906351742908,-0.5351266529816584,follow,-5.351266529816584,39.28468623161962,32.71991948330568
116.7,23.037122508992635,-0.5385709782768601,follow,-5.3857097827686005,39.16997398072035,33.56115033247771
116.8,22.98326541116495,-0.5416250677143574,follow,-5.416250677143573,39.05864743960385,40.97352844458268
116.9,22.929102904393513,-0.5424917207425765,follow,-5.424917207425764,38.968737149164504,492.63345572379234
117.0,22.874853732319256,-0.5346028822546309,follow,-5.346028822546309,38.96625177593258,26.24248498541978
117.1,22.821393444093793,-0.5408977734617494,follow,-5.408977734617494,38.8231124315232,20.63529696746821
117.2,22.76730366674762,-0.5510573435272988,follow,-5.510573435272988,38.64038206484844,17.11793704766471
117.3,22.71219793239489,-0.5648134626983385,follow,-5.648134626983385,38.42016227160895,20.96943872291649
117.4,22.655716586125056,-0.5740984266191141,follow,-5.740984266191141,38.242590612996445,27.79830598736427
117.5,22.598306743463144,-0.5786700176544585,follow,-5.786700176544585,38.11075993865013,182.9549985038922
117.6,22.5404397416977,-0.571494364806619,follow,-5.714943648066189,38.09571596448036,22.805800780196346
117.7,22.48329030521704,-0.5790548523866903,follow,-5.790548523866903,37.934386933958656,31.78973864793027
117.8,22.42538481997837,-0.581722877800673,follow,-5.817228778006729,37.82084845196082,28.322059593708314
117.9,22.3672125321983,-0.5857691599556468,follow,-5.857691599556468,37.69312719874099,66.45326938150802
118.0,22.308635616202736,-0.5820689787183391,follow,-5.82068978718339,37.64226363712071,inf
118.1,22.2504287183309,-0.5699422312208725,follow,-5.699422312208725,37.676220765287624,23.10816801844453
118.2,22.193434495208816,-0.5771274427046479,follow,-5.771274427046478,37.518877315766744,23.399070824455876
118.3,22.13572175093835,-0.5839277485734613,follow,-5.839277485734613,37.36430514067291,58.77462126397539
118.4,22.077328976081006,-0.5809421221056695,follow,-5.809421221056695,37.306572243064814,44.028439125983894
118.5,22.01923476387044,-0.5801203379127892,follow,-5.801203379127891,37.22764876667777,312.22143239306286
118.6,21.96122273007916,-0.5720307601448894,follow,-5.720307601448894,37.22152649366985,41.301140385574115
118.7,21.904019654064673,-0.5718904952833626,follow,-5.7189049528336255,37.137124528263385,25.19445682142444
118.8,21.846830604536336,-0.577480443899475,follow,-5.7748044389947495,36.995441467809755,42.19223334177838
118.9,21.78908256014639,-0.577009062842447,follow,-5.7700906284244695,36.91353321179511,66.02519170358256
119.0,21.731381653862144,-0.5733677434384319,follow,-5.733677434384319,36.8633950464089,50.402405982905854
119.1,21.674044879518302,-0.5715076760820388,follow,-5.715076760820388,36.79599055845706,40.25621868572631
119.2,21.6168941119101,-0.5715040020599098,follow,-5.715040020599098,36.71030114726605,64.75689264715417
119.3,21.559743711704108,-0.5680288791460527,follow,-5.6802887914605265,36.65932677609564,73.35625425098107
119.4,21.5029408237895,-0.563937854196756,follow,-5.6393785419675595,36.61503269371669,100.8843048059889
119.5,21.446547038369825,-0.5585442567675024,follow,-5.585442567675024,36.58437798987971,45.35926145587647
119.6,21.390692612693076,-0.557673019042921,follow,-5.57673019042921,36.50930872861041,28.286602378882815
119.7,21.334925310788783,-0.5616571768651654,follow,-5.616571768651653,36.385816197531526,33.231322574248615
119.8,21.278759593102265,-0.5636199151432102,follow,-5.636199151432102,36.281940238221296,80.84939195930033
119.9,21.222397601587943,-0.5590895924319412,follow,-5.590895924319412,36.2427004780625,21.801463406493724
120.0,21.16648864234475,-8.0,emergency,-5.667681349689097,36.08205161382803,2.2402183626148373
120.1,20.36648864234475,-8.0,emergency,-5.998330213923566,34.55140274959356,2.1707930389666394
120.2,19.566488642344748,-8.0,emergency,-6.309979078158037,33.03975388535908,2.1224924030383243
120.3,18.766488642344747,-8.0,emergency,-6.586627942392514,31.56310502112461,2.085232960359508
120.4,17.966488642344746,-8.0,emergency,-6.820276806626985,30.129456156890136,2.0158217008596035
120.5,17.166488642344746,-8.0,emergency,-7.034925670861458,28.71480729265566,1.9578515343986926
120.6,16.366488642344745,-8.0,emergency,-7.221574535095929,27.328158428421187,1.8916817162281503
120.7,15.566488642344744,-8.0,emergency,-7.386223399330401,25.96350956418671,1.84971542568424
120.8,14.766488642344743,-8.0,emergency,-7.50987226356488,24.639860699952237,1.792447609060797
120.9,13.966488642344743,-8.0,emergency,-7.604521127799352,23.345211835717762,1.737448857147539
121.0,13.166488642344742,-8.0,emergency,-7.668169992033825,22.081562971483287,1.6771034078491343
121.1,12.366488642344741,-8.0,emergency,-7.7048188562683,20.84491410724881,1.6855968343247127
121.2,11.56648864234474,-8.0,emergency,-7.661467720502774,19.68826524301434,1.7021816950509852
121.3,10.76648864234474,-8.0,emergency,-7.538116584737246,18.611616378779864,1.7286616832139807
121.4,9.96648864234474,-8.0,emergency,-7.334765448971716,17.61496751454539,1.767419614537508
121.5,9.166488642344738,-8.0,emergency,-7.051414313206191,16.698318650310917,1.9267686533069923
121.6,8.366488642344738,-8.0,emergency,-6.6380631774406655,15.911669786076443,2.165887754098263
121.7,7.566488642344738,-8.0,emergency,-6.092712041675137,15.257020921841969,2.7458025929490213
121.8,6.766488642344738,-0.5368360905909612,follow,-5.368360905909611,14.781372057607495,3.883204035649611
121.9,6.712805033285642,-0.5663115995649534,follow,-5.663115995649534,14.40609155427893,5.34984574679781
122.0,6.656173873329147,-0.5841786643047705,follow,-5.841786643047705,14.142474166946016,9.452426899740939
122.1,6.59775600689867,-0.5897935444091854,follow,-5.897935444091853,13.998698566256149,17.998830535654072
122.2,6.538776652457751,-0.5881344077676254,follow,-5.881344077676253,13.926820901010373,inf
122.3,6.479963211680989,-0.5738120237679208,follow,-5.738120237679208,13.981824579842275,inf
122.4,6.422582009304197,-0.5511306635044442,follow,-5.511306635044441,14.122566378911856,inf
122.5,6.367468942953752,-0.5133383929814148,follow,-5.133383929814148,14.41781948461648,inf
122.6,6.31613510365561,-0.47339966812324974,follow,-4.733996681232497,14.74020597425092,inf
122.7,6.268795136843285,-0.4207866244698337,follow,-4.207866244698337,15.19532646056659,inf
122.8,6.2267164743963015,-0.3553419898467494,follow,-3.553419898467494,15.78665481312696,inf
122.9,6.191182275411626,-0.281023682753164,follow,-2.8102368275316394,16.476536585585798,inf
123.0,6.16307990713631,-0.20873912658322988,follow,-2.0873912658322986,17.157228594872166,inf
123.1,6.142205994477987,-0.1342300996292611,follow,-1.342300996292611,17.871007995424367,inf
123.2,6.128782984515061,-0.04560447797997291,follow,-0.4560447797997291,18.73712969697286,inf
123.3,6.124222536717063,0.03253736382255603,follow,0.3253736382255603,19.511707443301155,inf
123.4,6.127476273099319,0.11087454063422442,follow,1.1087454063422442,20.299959815991222,inf
123.5,6.138563727162741,0.20482578525308348,follow,2.048257852530835,21.25610344327495,inf
123.6,6.159046305688049,0.297762935417407,follow,2.97762935417407,22.216198812706143,inf
123.7,6.188822599229789,0.3913082653938478,follow,3.9130826539384778,23.196316552783163,inf
123.8,6.227953425769174,0.4967591071552484,follow,4.967591071552484,24.309521210206245,inf
123.9,6.277629336484699,0.6028314271830727,follow,6.028314271830727,25.444758276557774,inf
124.0,6.337912479203006,0.7074098309832962,follow,7.074098309832962,26.580967028637474,inf
124.1,6.408653462301336,0.8106121488955339,follow,8.106121488955338,27.71910168240734,inf
124.2,6.489714677190889,0.9285558198901918,follow,9.285558198901917,29.02013021468825,inf
124.3,6.582570259179908,1.04760178000004,follow,10.476017800000399,30.34987318877026,inf
124.4,6.687330437179912,1.16441444892824,follow,11.6441444892824,31.675140145052268,inf
124.5,6.803771882072736,1.2953105133735894,follow,12.953105133735892,33.158762956844996,inf
124.6,6.933302933410095,1.4098478263388843,follow,14.098478263388841,34.49843266350398,inf
124.7,7.074287716043984,1.523157231783361,follow,15.23157231783361,35.843003891899585,inf
124.8,7.226603439222321,1.6434438389143873,follow,16.43443838914387,37.27434354797735,inf
124.9,7.390947823113759,1.769582703099534,follow,17.69582703099534,38.782248765665976,inf
125.0,7.567906093423712,1.8990599016188037,follow,18.990599016188035,40.3424581563236,inf
125.1,7.757812083585592,2.0262958822586654,follow,20.262958822586654,41.89967694796504,inf
125.2,7.960441671811458,2.158797027306671,follow,21.58797027306671,43.528632780783894,inf
125.3,8.176321374542125,2.2804518581516495,follow,22.804518581516493,45.06900064332968,inf
125.4,8.40436656035729,2.4230014146758014,follow,24.230014146758013,46.83656398729395,inf
125.5,8.646666701824872,2.554589726437415,follow,25.54589726437415,48.51589731711146,inf
125.6,8.902125674468614,2.6959496237961678,follow,26.959496237961677,50.3126847496646,inf
125.7,9.171720636848232,2.831493173070743,follow,28.31493173070743,52.072512685979774,inf
125.8,9.454869954155306,2.9681720759331283,follow,29.68172075933128,53.86402569056424,inf
125.9,9.751687161748618,3.0,follow,31.058326231766454,55.68585697438938,inf
126.0,10.05168716174862,3.0,follow,32.441157515591584,57.51868825821452,inf
126.1,10.35168716174862,3.0,follow,33.860988799416724,59.38851954203965,inf
126.2,10.65168716174862,3.0,follow,35.36182008324186,61.33935082586479,inf
126.3,10.951687161748621,3.0,follow,36.783651367066994,63.21118210968993,inf
126.4,11.251687161748622,3.0,follow,38.27248265089213,65.15001339351507,inf
126.5,11.551687161748623,3.0,follow,39.65931393471727,66.9868446773402,inf
126.6,11.851687161748623,3.0,follow,41.1541452185424,68.93167596116534,inf
126.7,12.151687161748624,3.0,follow,42.42797650236754,70.65550724499047,inf
126.8,12.451687161748625,3.0,follow,43.89480778619267,72.5723385288156,inf
126.9,12.751687161748626,3.0,follow,45.165639070017804,74.29316981264074,inf
127.0,13.051687161748626,3.0,follow,46.281470353842934,75.85900109646587,inf
127.1,13.351687161748627,3.0,follow,47.50830163766807,77.53583238029101,inf
127.2,13.651687161748628,3.0,follow,48.63213292149321,79.10966366411616,inf
127.3,13.951687161748628,3.0,follow,49.862964205318356,80.7904949479413,inf
127.4,14.25168716174863,3.0,follow,50.92879548914349,82.30632623176643,inf
127.5,14.55168716174863,3.0,follow,51.983626772968634,83.81115751559157,inf
127.6,14.85168716174863,3.0,follow,52.878458056793775,85.15598879941672,inf
127.7,15.151687161748631,3.0,follow,53.872289340618906,86.59982008324185,inf
127.8,15.451687161748632,3.0,follow,54.65912062444404,87.83665136706699,inf
127.9,15.751687161748633,3.0,follow,55.49095190826918,89.11848265089213,inf
128.0,16.05168716174863,3.0,follow,56.503783192094325,90.58131393471727,inf
128.1,16.351687161748632,3.0,follow,57.48961447591946,92.01714521854241,inf
128.2,16.651687161748633,3.0,follow,58.4124457597446,93.38997650236755,inf
128.3,16.951687161748634,3.0,follow,59.18027704356973,94.60780778619268,inf
128.4,17.251687161748634,3.0,follow,60.00110832739486,95.87863907001781,inf
128.5,17.551687161748635,3.0,follow,60.79593961121999,97.12347035384295,inf
128.6,17.851687161748636,3.0,follow,61.456770895045125,98.23430163766808,inf
128.7,18.151687161748637,3.0,follow,62.32660217887027,99.55413292149322,inf
128.8,18.451687161748637,3.0,follow,63.110433462695404,100.78796420531836,inf
128.9,18.751687161748638,3.0,follow,63.765264746520536,101.8927954891435,inf
129.0,19.05168716174864,3.0,follow,64.41209603034568,102.98962677296863,inf
129.1,19.35168716174864,3.0,follow,65.04592731417081,104.07345805679377,inf
129.2,19.65168716174864,3.0,follow,65.44675859799594,104.9242893406189,inf
129.3,19.95168716174864,3.0,follow,65.97958988182107,105.90712062444403,inf
129.4,20.25168716174864,3.0,follow,66.4434211656462,106.82095190826917,inf
129.5,20.551687161748642,3.0,follow,66.84825244947135,107.6757831920943,inf
129.6,20.851687161748643,3.0,follow,67.28808373329647,108.56561447591943,inf
129.7,21.151687161748644,3.0,follow,67.88491501712161,109.61244575974457,inf
129.8,21.451687161748644,3.0,follow,68.34774630094675,110.52527704356972,inf
129.9,21.751687161748645,3.0,follow,68.67157758477188,111.29910832739485,inf
130.0,22.051687161748646,3.0,cruise,,,
130.1,22.351687161748647,3.0,cruise,,,
130.2,22.651687161748647,3.0,cruise,,,
130.3,22.951687161748648,3.0,cruise,,,
130.4,23.25168716174865,3.0,cruise,,,
130.5,23.55168716174865,3.0,cruise,,,
130.6,23.85168716174865,3.0,cruise,,,
130.7,24.15168716174865,2.9241564191256746,cruise,,,
130.8,24.444102803661217,2.7779485981693917,cruise,,,
130.9,24.721897663478156,2.639051168260922,cruise,,,
131.0,24.985802780304248,2.5070986098478762,cruise,,,
131.1,25.236512641289035,2.3817436793554823,cruise,,,
131.2,25.474687009224585,2.2626564953877075,cruise,,,
131.3,25.700952658763356,2.149523670618322,cruise,,,
131.4,25.91590502582519,2.0420474870874052,cruise,,,
131.5,26.12010977453393,1.9399451127330352,cruise,,,
131.6,26.314104285807232,1.8429478570963838,cruise,,,
131.7,26.49839907151687,1.7508004642415642,cruise,,,
131.8,26.673479117941028,1.663260441029486,cruise,,,
131.9,26.839805162043977,1.5800974189780117,cruise,,,
132.0,26.997814903941777,1.5010925480291117,cruise,,,
132.1,27.147924158744686,1.4260379206276568,cruise,,,
132.2,27.29052795080745,1.3547360245962743,cruise,,,
132.3,27.426001553267078,1.286999223366461,cruise,,,
132.4,27.554701475603725,1.2226492621981375,cruise,,,
132.5,27.676966401823538,1.161516799088231,cruise,,,
132.6,27.793118081732363,1.1034409591338186,cruise,,,
132.7,27.903462177645746,1.0482689111771268,cruise,,,
132.8,28.00828906876346,0.9958554656182699,cruise,,,
132.9,28.107874615325287,0.9460626923373567,cruise,,,
133.0,28.202480884559023,0.8987595577204885,cruise,,,
133.1,28.29235684033107,0.8538215798344648,cruise,,,
133.2,28.377738998314516,0.8111305008427419,cruise,,,
133.3,28.45885204839879,0.7705739758006054,cruise,,,
133.4,28.53590944597885,0.7320452770105756,cruise,,,
133.5,28.609113973679907,0.6954430131600464,cruise,,,
133.6,28.67865827499591,0.6606708625020445,cruise,,,
133.7,28.744725361246115,0.6276373193769427,cruise,,,
133.8,28.807489093183808,0.5962554534080962,cruise,,,
133.9,28.86711463852462,0.5664426807376906,cruise,,,
134.0,28.923758906598387,0.5381205467008066,cruise,,,
134.1,28.97757096126847,0.5112145193657653,cruise,,,
134.2,29.028692413205047,0.4856537933974767,cruise,,,
134.3,29.077257792544795,0.46137110372760226,cruise,,,
134.4,29.123394902917557,0.4383025485412215,cruise,,,
134.5,29.16722515777168,0.4163874211141607,cruise,,,
134.6,29.208863899883095,0.3955680500584524,cruise,,,
134.7,29.24842070488894,0.37578964755553024,cruise,,,
134.8,29.285999669644493,0.35700016517775346,cruise,,,
134.9,29.32169968616227,0.3391501569188655,cruise,,,
135.0,29.355614701854154,0.3221926490729228,cruise,,,
135.1,29.38783396676145,0.30608301661927584,cruise,,,
135.2,29.418442268423377,0.2907788657883117,cruise,,,
135.3,29.44752015500221,0.2762399224988954,cruise,,,
135.4,29.4751441472521,0.2624279263739506,cruise,,,
135.5,29.501386939889493,0.24930653005525372,cruise,,,
135.6,29.52631759289502,0.2368412035524905,cruise,,,
135.7,29.550001713250268,0.22499914337486615,cruise,,,
135.8,29.572501627587755,0.2137491862061225,cruise,,,
135.9,29.593876546208367,0.20306172689581636,cruise,,,
136.0,29.61418271889795,0.19290864055102475,cruise,,,
136.1,29.63347358295305,0.18326320852347422,cruise,,,
136.2,29.651799903805397,0.1741000480973014,cruise,,,
136.3,29.669209908615127,0.16539504569243668,cruise,,,
136.4,29.68574941318437,0.15712529340781423,cruise,,,
136.5,29.701461942525153,0.14926902873742343,cruise,,,
136.6,29.716388845398896,0.141805577300552,cruise,,,
136.7,29.73056940312895,0.1347152984355251,cruise,,,
136.8,29.744040932972503,0.12797953351374858,cruise,,,
136.9,29.756838886323877,0.12158055683806168,cruise,,,
137.0,29.768996942007682,0.11550152899615895,cruise,,,
137.1,29.7805470949073,0.10972645254635083,cruise,,,
137.2,29.791519740161934,0.10424012991903275,cruise,,,
137.3,29.80194375315384,0.09902812342308032,cruise,,,
137.4,29.811846565496147,0.09407671725192657,cruise,,,
137.5,29.82125423722134,0.08937288138933042,cruise,,,
137.6,29.830191525360274,0.08490423731986319,cruise,,,
137.7,29.83868194909226,0.08065902545387083,cruise,,,
137.8,29.846747851637645,0.07662607418117773,cruise,,,
137.9,29.854410459055764,0.07279477047211813,cruise,,,
138.0,29.861689936102977,0.06915503194851169,cruise,,,
138.1,29.868605439297827,0.06569728035108646,cruise,,,
138.2,29.875175167332937,0.06241241633353134,cruise,,,
138.3,29.88141640896629,0.05929179551685415,cruise,,,
138.4,29.887345588517977,0.056327205741011355,cruise,,,
138.5,29.89297830909208,0.05351084545396034,cruise,,,
138.6,29.898329393637475,0.0508353031812625,cruise,,,
138.7,29.9034129239556,0.048293538022200266,cruise,,,
138.8,29.908242277757818,0.045878861121090964,cruise,,,
138.9,29.912830163869927,0.043584918065036504,cruise,,,
139.0,29.91718865567643,0.041405672161785034,cruise,,,
139.1,29.92132922289261,0.03933538855369534,cruise,,,
139.2,29.92526276174798,0.03736861912600986,cruise,,,
139.3,29.92899962366058,0.0355001881697099,cruise,,,
139.4,29.93254964247755,0.03372517876122494,cruise,,,
139.5,29.935922160353673,0.032038919823163425,cruise,,,
139.6,29.93912605233599,0.030436973832005165,cruise,,,
139.7,29.94216974971919,0.028915125140404285,cruise,,,
139.8,29.94506126223323,0.02746936888338425,cruise,,,
139.9,29.94780819912157,0.026095900439214503,cruise,,,
140.0,29.950417789165492,0.024791105417254045,cruise,,,
140.1,29.952896899707216,0.023551550146391875,cruise,,,
140.2,29.955252054721857,0.022373972639071482,cruise,,,
140.3,29.957489451985765,0.021255274007117464,cruise,,,
140.4,29.959614979386476,0.020192510306761946,cruise,,,
140.5,29.961634230417154,0.01918288479142305,cruise,,,
140.6,29.963552518896297,0.01822374055185172,cruise,,,
140.7,29.96537489295148,0.017312553524259755,cruise,,,
140.8,29.967106148303905,0.0164469258480473,cruise,,,
140.9,29.96875084088871,0.015624579555645113,cruise,,,
141.0,29.970313298844275,0.01484335057786268,cruise,,,
141.1,29.97179763390206,0.0141011830489699,cruise,,,
141.2,29.973207752206957,0.013396123896521672,cruise,,,
141.3,29.97454736459661,0.012726317701694967,cruise,,,
141.4,29.97581999636678,0.012090001816609686,cruise,,,
141.5,29.97702899654844,0.011485501725779557,cruise,,,
141.6,29.978177546721017,0.01091122663949129,cruise,,,
141.7,29.979268669384968,0.010365665307515926,cruise,,,
141.8,29.98030523591572,0.009847382042140751,cruise,,,
141.9,29.98128997411993,0.009355012940034158,cruise,,,
142.0,29.982225475413934,0.00888726229303316,cruise,,,
142.1,29.983114201643236,0.008442899178382035,cruise,,,
142.2,29.983958491561076,0.008020754219462134,cruise,,,
142.3,29.98476056698302,0.0076197165084899154,cruise,,,
142.4,29.98552253863387,0.007238730683065242,cruise,,,
142.5,29.986246411702176,0.006876794148912069,cruise,,,
142.6,29.986934091117067,0.006532954441466288,cruise,,,
142.7,29.987587386561213,0.006206306719393595,cruise,,,
142.8,29.988208017233152,0.005895991383424004,cruise,,,
142.9,29.988797616371496,0.0056011918142520045,cruise,,,
143.0,29.98935773555292,0.005321132223539138,cruise,,,
143.1,29.989889848775277,0.005055075612361293,cruise,,,
143.2,29.990395356336514,0.004802321831743228,cruise,,,
143.3,29.99087558851969,0.004562205740155534,cruise,,,
143.4,29.991331809093705,0.004334095453147668,cruise,,,
143.5,29.99176521863902,0.004117390680489663,cruise,,,
143.6,29.99217695770707,0.003911521146465091,cruise,,,
143.7,29.992568109821715,0.003715945089142636,cruise,,,
143.8,29.992939704330627,0.0035301478346863036,cruise,,,
143.9,29.993292719114095,0.00335364044295261,cruise,,,
144.0,29.99362808315839,0.003185958420804269,cruise,,,
144.1,29.993946679000473,0.0030266604997635227,cruise,,,
144.2,29.99424934505045,0.002875327474775702,cruise,,,
144.3,29.994536877797927,0.0027315611010365615,cruise,,,
144.4,29.99481003390803,0.002594983045984378,cruise,,,
144.5,29.99506953221263,0.002465233893685692,cruise,,,
144.6,29.995316055601997,0.002341972199001674,cruise,,,
144.7,29.995550252821896,0.002224873589051768,cruise,,,
144.8,29.9957727401808,0.0021136299095996236,cruise,,,
144.9,29.99598410317176,0.0020079484141195536,cruise,,,
145.0,29.996184898013173,0.0019075509934136647,cruise,,,
145.1,29.996375653112516,0.0018121734437421821,cruise,,,
145.2,29.99655687045689,0.001721564771555606,cruise,,,
145.3,29.996729026934045,0.0016354865329777368,cruise,,,
145.4,29.996892575587342,0.0015537122063289388,cruise,,,
145.5,29.997047946807974,0.0014760265960127583,cruise,,,
145.6,29.997195549467577,0.0014022252662115875,cruise,,,
145.7,29.997335771994198,0.0013321140029010081,cruise,,,
145.8,29.997468983394487,0.0012655083027564018,cruise,,,
145.9,29.997595534224764,0.0012022328876177824,cruise,,,
146.0,29.997715757513525,0.0011421212432374261,cruise,,,
146.1,29.99782996963785,0.0010850151810757325,cruise,,,
146.2,29.997938471155955,0.0010307644220226564,cruise,,,
146.3,29.998041547598156,0.0009792262009220565,cruise,,,
146.4,29.99813947021825,0.000930264890875776,cruise,,,
146.5,29.998232496707335,0.0008837516463326978,cruise,,,
146.6,29.998320871871968,0.000839564064015974,cruise,,,
146.7,29.99840482827837,0.0007975858608144648,cruise,,,
146.8,29.998484586864453,0.0007577065677732975,cruise,,,
146.9,29.99856035752123,0.0007198212393841885,cruise,,,
147.0,29.99863233964517,0.0006838301774152455,cruise,,,
147.1,29.99870072266291,0.0006496386685448385,cruise,,,
147.2,29.998765686529765,0.000617156735117419,cruise,,,
147.3,29.998827402203275,0.0005862988983622586,cruise,,,
147.4,29.99888603209311,0.0005569839534445009,cruise,,,
147.5,29.998941730488454,0.0005291347557729864,cruise,,,
147.6,29.998994643964032,0.0005026780179839818,cruise,,,
147.7,29.99904491176583,0.0004775441170856709,cruise,,,
147.8,29.99909266617754,0.0004536669112304992,cruise,,,
147.9,29.99913803286866,0.00043098356566950713,cruise,,,
148.0,29.999181131225228,0.00040943438738594296,cruise,,,
148.1,29.999222074663965,0.00038896266801735635,cruise,,,
148.2,29.999260970930766,0.000369514534616755,cruise,,,
148.3,29.99929792238423,0.0003510388078851179,cruise,,,
148.4,29.999333026265017,0.0003334868674915725,cruise,,,
148.5,29.999366374951766,0.0003168125241170827,cruise,,,
148.6,29.99939805620418,0.0003009718979107845,cruise,,,
148.7,29.99942815339397,0.0002859233030143571,cruise,,,
148.8,29.999456745724274,0.00027162713786310633,cruise,,,
148.9,29.99948390843806,0.00025804578097066155,cruise,,,
149.0,29.999509713016156,0.00024514349192195084,cruise,,,
149.1,29.99953422736535,0.00023288631732576448,cruise,,,
149.2,29.999557515997083,0.0002212420014586769,cruise,,,
149.3,29.99957964019723,0.00021017990138538778,cruise,,,
149.4,29.99960065818737,0.0001996709063156743,cruise,,,
149.5,29.999620625278,0.00018968736100077876,cruise,,,
149.6,29.9996395940141,0.00018020299295073983,cruise,,,
149.7,29.999657614313392,0.00017119284330391338,cruise,,,
149.8,29.999674733597722,0.00016263320113907298,cruise,,,
149.9,29.999690996917835,0.00015450154108265224,cruise,,,
150.0,29.999706447071944,0.00014677646402816436,cruise,,,
