v 0.000000 35.000000 2.000000
v 0.000000 35.000000 -2.000000
v 2.000000 35.000000 2.000000
v 2.000000 35.000000 -2.000000
v 1.961571 34.609819 2.000000
v 1.961571 34.609819 -2.000000
v 1.847759 34.234633 2.000000
v 1.847759 34.234633 -2.000000
v 1.662939 33.888860 2.000000
v 1.662939 33.888860 -2.000000
v 1.414214 33.585786 2.000000
v 1.414214 33.585786 -2.000000
v 1.111140 33.337061 2.000000
v 1.111140 33.337061 -2.000000
v 0.765367 33.152241 2.000000
v 0.765367 33.152241 -2.000000
v 0.390181 33.038429 2.000000
v 0.390181 33.038429 -2.000000
v 0.000000 33.000000 2.000000
v 0.000000 33.000000 -2.000000
v -0.390181 33.038429 2.000000
v -0.390181 33.038429 -2.000000
v -0.765367 33.152241 2.000000
v -0.765367 33.152241 -2.000000
v -1.111140 33.337061 2.000000
v -1.111140 33.337061 -2.000000
v -1.414214 33.585786 2.000000
v -1.414214 33.585786 -2.000000
v -1.662939 33.888860 2.000000
v -1.662939 33.888860 -2.000000
v -1.847759 34.234633 2.000000
v -1.847759 34.234633 -2.000000
v -1.961571 34.609819 2.000000
v -1.961571 34.609819 -2.000000
v -2.000000 35.000000 2.000000
v -2.000000 35.000000 -2.000000
v -1.961571 35.390181 2.000000
v -1.961571 35.390181 -2.000000
v -1.847759 35.765367 2.000000
v -1.847759 35.765367 -2.000000
v -1.662939 36.111140 2.000000
v -1.662939 36.111140 -2.000000
v -1.414214 36.414214 2.000000
v -1.414214 36.414214 -2.000000
v -1.111140 36.662939 2.000000
v -1.111140 36.662939 -2.000000
v -0.765367 36.847759 2.000000
v -0.765367 36.847759 -2.000000
v -0.390181 36.961571 2.000000
v -0.390181 36.961571 -2.000000
v -0.000000 37.000000 2.000000
v -0.000000 37.000000 -2.000000
v 0.390181 36.961571 2.000000
v 0.390181 36.961571 -2.000000
v 0.765367 36.847759 2.000000
v 0.765367 36.847759 -2.000000
v 1.111140 36.662939 2.000000
v 1.111140 36.662939 -2.000000
v 1.414214 36.414214 2.000000
v 1.414214 36.414214 -2.000000
v 1.662939 36.111140 2.000000
v 1.662939 36.111140 -2.000000
v 1.847759 35.765367 2.000000
v 1.847759 35.765367 -2.000000
v 1.961571 35.390181 2.000000
v 1.961571 35.390181 -2.000000
v 0.000000 66.000000 0.000000
v -0.062791 65.998027 0.000000
v -0.125333 65.992115 0.000000
v -0.187381 65.982287 0.000000
v -0.248690 65.968583 0.000000
v -0.309017 65.951057 0.000000
v -0.368125 65.929776 0.000000
v -0.425779 65.904827 0.000000
v -0.481754 65.876307 0.000000
v -0.535827 65.844328 0.000000
v -0.587785 65.809017 0.000000
v -0.637424 65.770513 0.000000
v -0.684547 65.728969 0.000000
v -0.728969 65.684547 0.000000
v -0.770513 65.637424 0.000000
v -0.809017 65.587785 0.000000
v -0.844328 65.535827 0.000000
v -0.876307 65.481754 0.000000
v -0.904827 65.425779 0.000000
v -0.929776 65.368125 0.000000
v -0.951057 65.309017 0.000000
v -0.968583 65.248690 0.000000
v -0.982287 65.187381 0.000000
v -0.992115 65.125333 0.000000
v -0.998027 65.062791 0.000000
v -1.000000 65.000000 0.000000
v -0.998027 64.937209 0.000000
v -0.992115 64.874667 0.000000
v -0.982287 64.812619 0.000000
v -0.968583 64.751310 0.000000
v -0.951057 64.690983 0.000000
v -0.929776 64.631875 0.000000
v -0.904827 64.574221 0.000000
v -0.876307 64.518246 0.000000
v -0.844328 64.464173 0.000000
v -0.809017 64.412215 0.000000
v -0.770513 64.362576 0.000000
v -0.728969 64.315453 0.000000
v -0.684547 64.271031 0.000000
v -0.637424 64.229487 0.000000
v -0.587785 64.190983 0.000000
v -0.535827 64.155672 0.000000
v -0.481754 64.123693 0.000000
v -0.425779 64.095173 0.000000
v -0.368125 64.070224 0.000000
v -0.309017 64.048943 0.000000
v -0.248690 64.031417 0.000000
v -0.187381 64.017713 0.000000
v -0.125333 64.007885 0.000000
v -0.062791 64.001973 0.000000
v 0.000000 64.000000 0.000000
v 0.062791 64.001973 0.000000
v 0.125333 64.007885 0.000000
v 0.187381 64.017713 0.000000
v 0.248690 64.031417 0.000000
v 0.309017 64.048943 0.000000
v 0.368125 64.070224 0.000000
v 0.425779 64.095173 0.000000
v 0.481754 64.123693 0.000000
v 0.535827 64.155672 0.000000
v 0.587785 64.190983 0.000000
v 0.637424 64.229487 0.000000
v 0.684547 64.271031 0.000000
v 0.728969 64.315453 0.000000
v 0.770513 64.362576 0.000000
v 0.809017 64.412215 0.000000
v 0.844328 64.464173 0.000000
v 0.876307 64.518246 0.000000
v 0.904827 64.574221 0.000000
v 0.929776 64.631875 0.000000
v 0.951057 64.690983 0.000000
v 0.968583 64.751310 0.000000
v 0.982287 64.812619 0.000000
v 0.992115 64.874667 0.000000
v 0.998027 64.937209 0.000000
v 1.000000 65.000000 0.000000
v 0.998027 65.062791 0.000000
v 0.992115 65.125333 0.000000
v 0.982287 65.187381 0.000000
v 0.968583 65.248690 0.000000
v 0.951057 65.309017 0.000000
v 0.929776 65.368125 0.000000
v 0.904827 65.425779 0.000000
v 0.876307 65.481754 0.000000
v 0.844328 65.535827 0.000000
v 0.809017 65.587785 0.000000
v 0.770513 65.637424 0.000000
v 0.728969 65.684547 0.000000
v 0.684547 65.728969 0.000000
v 0.637424 65.770513 0.000000
v 0.587785 65.809017 0.000000
v 0.535827 65.844328 0.000000
v 0.481754 65.876307 0.000000
v 0.425779 65.904827 0.000000
v 0.368125 65.929776 0.000000
v 0.309017 65.951057 0.000000
v 0.248690 65.968583 0.000000
v 0.187381 65.982287 0.000000
v 0.125333 65.992115 0.000000
v 0.062791 65.998027 0.000000
v 0.000000 63.640266 11.863186
v -0.062791 63.638442 11.862431
v -0.125333 63.632980 11.860169
v -0.187381 63.623901 11.856408
v -0.248690 63.611240 11.851164
v -0.309017 63.595048 11.844457
v -0.368125 63.575387 11.836313
v -0.425779 63.552337 11.826765
v -0.481754 63.525988 11.815851
v -0.535827 63.496443 11.803613
v -0.587785 63.463820 11.790100
v -0.637424 63.428247 11.775366
v -0.684547 63.389865 11.759467
v -0.728969 63.348825 11.742468
v -0.770513 63.305289 11.724435
v -0.809017 63.259429 11.705439
v -0.844328 63.211425 11.685555
v -0.876307 63.161468 11.664862
v -0.904827 63.109755 11.643442
v -0.929776 63.056489 11.621378
v -0.951057 63.001880 11.598759
v -0.968583 62.946145 11.575672
v -0.982287 62.889504 11.552211
v -0.992115 62.832179 11.528466
v -0.998027 62.774397 11.504532
v -1.000000 62.716386 11.480503
v -0.998027 62.658375 11.456474
v -0.992115 62.600593 11.432540
v -0.982287 62.543268 11.408795
v -0.968583 62.486626 11.385333
v -0.951057 62.430891 11.362247
v -0.929776 62.376283 11.339628
v -0.904827 62.323017 11.317564
v -0.876307 62.271304 11.296144
v -0.844328 62.221347 11.275451
v -0.809017 62.173343 11.255567
v -0.770513 62.127483 11.236571
v -0.728969 62.083947 11.218538
v -0.684547 62.042907 11.201539
v -0.637424 62.004525 11.185640
v -0.587785 61.968952 11.170906
v -0.535827 61.936329 11.157393
v -0.481754 61.906784 11.145155
v -0.425779 61.880435 11.134241
v -0.368125 61.857385 11.124693
v -0.309017 61.837724 11.116549
v -0.248690 61.821532 11.109842
v -0.187381 61.808871 11.104598
v -0.125333 61.799792 11.100837
v -0.062791 61.794330 11.098575
v 0.000000 61.792506 11.097820
v 0.062791 61.794330 11.098575
v 0.125333 61.799792 11.100837
v 0.187381 61.808871 11.104598
v 0.248690 61.821532 11.109842
v 0.309017 61.837724 11.116549
v 0.368125 61.857385 11.124693
v 0.425779 61.880435 11.134241
v 0.481754 61.906784 11.145155
v 0.535827 61.936329 11.157393
v 0.587785 61.968952 11.170906
v 0.637424 62.004525 11.185640
v 0.684547 62.042907 11.201539
v 0.728969 62.083947 11.218538
v 0.770513 62.127483 11.236571
v 0.809017 62.173343 11.255567
v 0.844328 62.221347 11.275451
v 0.876307 62.271304 11.296144
v 0.904827 62.323017 11.317564
v 0.929776 62.376283 11.339628
v 0.951057 62.430891 11.362247
v 0.968583 62.486626 11.385333
v 0.982287 62.543268 11.408795
v 0.992115 62.600593 11.432540
v 0.998027 62.658375 11.456474
v 1.000000 62.716386 11.480503
v 0.998027 62.774397 11.504532
v 0.992115 62.832179 11.528466
v 0.982287 62.889504 11.552211
v 0.968583 62.946145 11.575672
v 0.951057 63.001880 11.598759
v 0.929776 63.056489 11.621378
v 0.904827 63.109755 11.643442
v 0.876307 63.161468 11.664862
v 0.844328 63.211425 11.685555
v 0.809017 63.259429 11.705439
v 0.770513 63.305289 11.724435
v 0.728969 63.348825 11.742468
v 0.684547 63.389865 11.759467
v 0.637424 63.428247 11.775366
v 0.587785 63.463820 11.790100
v 0.535827 63.496443 11.803613
v 0.481754 63.525988 11.815851
v 0.425779 63.552337 11.826765
v 0.368125 63.575387 11.836313
v 0.309017 63.595048 11.844457
v 0.248690 63.611240 11.851164
v 0.187381 63.623901 11.856408
v 0.125333 63.632980 11.860169
v 0.062791 63.638442 11.862431
v 0.000000 56.920310 21.920310
v -0.062791 56.918915 21.918915
v -0.125333 56.914734 21.914734
v -0.187381 56.907785 21.907785
v -0.248690 56.898095 21.898095
v -0.309017 56.885702 21.885702
v -0.368125 56.870655 21.870655
v -0.425779 56.853013 21.853013
v -0.481754 56.832846 21.832846
v -0.535827 56.810233 21.810233
v -0.587785 56.785265 21.785265
v -0.637424 56.758039 21.758039
v -0.684547 56.728662 21.728662
v -0.728969 56.697251 21.697251
v -0.770513 56.663930 21.663930
v -0.809017 56.628830 21.628830
v -0.844328 56.592090 21.592090
v -0.876307 56.553855 21.553855
v -0.904827 56.514275 21.514275
v -0.929776 56.473507 21.473507
v -0.951057 56.431711 21.431711
v -0.968583 56.389054 21.389054
v -0.982287 56.345702 21.345702
v -0.992115 56.301827 21.301827
v -0.998027 56.257603 21.257603
v -1.000000 56.213203 21.213203
v -0.998027 56.168804 21.168804
v -0.992115 56.124579 21.124579
v -0.982287 56.080705 21.080705
v -0.968583 56.037353 21.037353
v -0.951057 55.994695 20.994695
v -0.929776 55.952900 20.952900
v -0.904827 55.912132 20.912132
v -0.876307 55.872552 20.872552
v -0.844328 55.834317 20.834317
v -0.809017 55.797576 20.797576
v -0.770513 55.762477 20.762477
v -0.728969 55.729156 20.729156
v -0.684547 55.697745 20.697745
v -0.637424 55.668368 20.668368
v -0.587785 55.641142 20.641142
v -0.535827 55.616173 20.616173
v -0.481754 55.593561 20.593561
v -0.425779 55.573394 20.573394
v -0.368125 55.555752 20.555752
v -0.309017 55.540705 20.540705
v -0.248690 55.528312 20.528312
v -0.187381 55.518621 20.518621
v -0.125333 55.511672 20.511672
v -0.062791 55.507492 20.507492
v 0.000000 55.506097 20.506097
v 0.062791 55.507492 20.507492
v 0.125333 55.511672 20.511672
v 0.187381 55.518621 20.518621
v 0.248690 55.528312 20.528312
v 0.309017 55.540705 20.540705
v 0.368125 55.555752 20.555752
v 0.425779 55.573394 20.573394
v 0.481754 55.593561 20.593561
v 0.535827 55.616173 20.616173
v 0.587785 55.641142 20.641142
v 0.637424 55.668368 20.668368
v 0.684547 55.697745 20.697745
v 0.728969 55.729156 20.729156
v 0.770513 55.762477 20.762477
v 0.809017 55.797576 20.797576
v 0.844328 55.834317 20.834317
v 0.876307 55.872552 20.872552
v 0.904827 55.912132 20.912132
v 0.929776 55.952900 20.952900
v 0.951057 55.994695 20.994695
v 0.968583 56.037353 21.037353
v 0.982287 56.080705 21.080705
v 0.992115 56.124579 21.124579
v 0.998027 56.168804 21.168804
v 1.000000 56.213203 21.213203
v 0.998027 56.257603 21.257603
v 0.992115 56.301827 21.301827
v 0.982287 56.345702 21.345702
v 0.968583 56.389054 21.389054
v 0.951057 56.431711 21.431711
v 0.929776 56.473507 21.473507
v 0.904827 56.514275 21.514275
v 0.876307 56.553855 21.553855
v 0.844328 56.592090 21.592090
v 0.809017 56.628830 21.628830
v 0.770513 56.663930 21.663930
v 0.728969 56.697251 21.697251
v 0.684547 56.728662 21.728662
v 0.637424 56.758039 21.758039
v 0.587785 56.785265 21.785265
v 0.535827 56.810233 21.810233
v 0.481754 56.832846 21.832846
v 0.425779 56.853013 21.853013
v 0.368125 56.870655 21.870655
v 0.309017 56.885702 21.885702
v 0.248690 56.898095 21.898095
v 0.187381 56.907785 21.907785
v 0.125333 56.914734 21.914734
v 0.062791 56.918915 21.918915
v 0.000000 46.863186 28.640266
v -0.062791 46.862431 28.638442
v -0.125333 46.860169 28.632980
v -0.187381 46.856408 28.623901
v -0.248690 46.851164 28.611240
v -0.309017 46.844457 28.595048
v -0.368125 46.836313 28.575387
v -0.425779 46.826765 28.552337
v -0.481754 46.815851 28.525988
v -0.535827 46.803613 28.496443
v -0.587785 46.790100 28.463820
v -0.637424 46.775366 28.428247
v -0.684547 46.759467 28.389865
v -0.728969 46.742468 28.348825
v -0.770513 46.724435 28.305289
v -0.809017 46.705439 28.259429
v -0.844328 46.685555 28.211425
v -0.876307 46.664862 28.161468
v -0.904827 46.643442 28.109755
v -0.929776 46.621378 28.056489
v -0.951057 46.598759 28.001880
v -0.968583 46.575672 27.946145
v -0.982287 46.552211 27.889504
v -0.992115 46.528466 27.832179
v -0.998027 46.504532 27.774397
v -1.000000 46.480503 27.716386
v -0.998027 46.456474 27.658375
v -0.992115 46.432540 27.600593
v -0.982287 46.408795 27.543268
v -0.968583 46.385333 27.486626
v -0.951057 46.362247 27.430891
v -0.929776 46.339628 27.376283
v -0.904827 46.317564 27.323017
v -0.876307 46.296144 27.271304
v -0.844328 46.275451 27.221347
v -0.809017 46.255567 27.173343
v -0.770513 46.236571 27.127483
v -0.728969 46.218538 27.083947
v -0.684547 46.201539 27.042907
v -0.637424 46.185640 27.004525
v -0.587785 46.170906 26.968952
v -0.535827 46.157393 26.936329
v -0.481754 46.145155 26.906784
v -0.425779 46.134241 26.880435
v -0.368125 46.124693 26.857385
v -0.309017 46.116549 26.837724
v -0.248690 46.109842 26.821532
v -0.187381 46.104598 26.808871
v -0.125333 46.100837 26.799792
v -0.062791 46.098575 26.794330
v 0.000000 46.097820 26.792506
v 0.062791 46.098575 26.794330
v 0.125333 46.100837 26.799792
v 0.187381 46.104598 26.808871
v 0.248690 46.109842 26.821532
v 0.309017 46.116549 26.837724
v 0.368125 46.124693 26.857385
v 0.425779 46.134241 26.880435
v 0.481754 46.145155 26.906784
v 0.535827 46.157393 26.936329
v 0.587785 46.170906 26.968952
v 0.637424 46.185640 27.004525
v 0.684547 46.201539 27.042907
v 0.728969 46.218538 27.083947
v 0.770513 46.236571 27.127483
v 0.809017 46.255567 27.173343
v 0.844328 46.275451 27.221347
v 0.876307 46.296144 27.271304
v 0.904827 46.317564 27.323017
v 0.929776 46.339628 27.376283
v 0.951057 46.362247 27.430891
v 0.968583 46.385333 27.486626
v 0.982287 46.408795 27.543268
v 0.992115 46.432540 27.600593
v 0.998027 46.456474 27.658375
v 1.000000 46.480503 27.716386
v 0.998027 46.504532 27.774397
v 0.992115 46.528466 27.832179
v 0.982287 46.552211 27.889504
v 0.968583 46.575672 27.946145
v 0.951057 46.598759 28.001880
v 0.929776 46.621378 28.056489
v 0.904827 46.643442 28.109755
v 0.876307 46.664862 28.161468
v 0.844328 46.685555 28.211425
v 0.809017 46.705439 28.259429
v 0.770513 46.724435 28.305289
v 0.728969 46.742468 28.348825
v 0.684547 46.759467 28.389865
v 0.637424 46.775366 28.428247
v 0.587785 46.790100 28.463820
v 0.535827 46.803613 28.496443
v 0.481754 46.815851 28.525988
v 0.425779 46.826765 28.552337
v 0.368125 46.836313 28.575387
v 0.309017 46.844457 28.595048
v 0.248690 46.851164 28.611240
v 0.187381 46.856408 28.623901
v 0.125333 46.860169 28.632980
v 0.062791 46.862431 28.638442
v 0.000000 35.000000 31.000000
v -0.062791 35.000000 30.998027
v -0.125333 35.000000 30.992115
v -0.187381 35.000000 30.982287
v -0.248690 35.000000 30.968583
v -0.309017 35.000000 30.951057
v -0.368125 35.000000 30.929776
v -0.425779 35.000000 30.904827
v -0.481754 35.000000 30.876307
v -0.535827 35.000000 30.844328
v -0.587785 35.000000 30.809017
v -0.637424 35.000000 30.770513
v -0.684547 35.000000 30.728969
v -0.728969 35.000000 30.684547
v -0.770513 35.000000 30.637424
v -0.809017 35.000000 30.587785
v -0.844328 35.000000 30.535827
v -0.876307 35.000000 30.481754
v -0.904827 35.000000 30.425779
v -0.929776 35.000000 30.368125
v -0.951057 35.000000 30.309017
v -0.968583 35.000000 30.248690
v -0.982287 35.000000 30.187381
v -0.992115 35.000000 30.125333
v -0.998027 35.000000 30.062791
v -1.000000 35.000000 30.000000
v -0.998027 35.000000 29.937209
v -0.992115 35.000000 29.874667
v -0.982287 35.000000 29.812619
v -0.968583 35.000000 29.751310
v -0.951057 35.000000 29.690983
v -0.929776 35.000000 29.631875
v -0.904827 35.000000 29.574221
v -0.876307 35.000000 29.518246
v -0.844328 35.000000 29.464173
v -0.809017 35.000000 29.412215
v -0.770513 35.000000 29.362576
v -0.728969 35.000000 29.315453
v -0.684547 35.000000 29.271031
v -0.637424 35.000000 29.229487
v -0.587785 35.000000 29.190983
v -0.535827 35.000000 29.155672
v -0.481754 35.000000 29.123693
v -0.425779 35.000000 29.095173
v -0.368125 35.000000 29.070224
v -0.309017 35.000000 29.048943
v -0.248690 35.000000 29.031417
v -0.187381 35.000000 29.017713
v -0.125333 35.000000 29.007885
v -0.062791 35.000000 29.001973
v -0.000000 35.000000 29.000000
v 0.062791 35.000000 29.001973
v 0.125333 35.000000 29.007885
v 0.187381 35.000000 29.017713
v 0.248690 35.000000 29.031417
v 0.309017 35.000000 29.048943
v 0.368125 35.000000 29.070224
v 0.425779 35.000000 29.095173
v 0.481754 35.000000 29.123693
v 0.535827 35.000000 29.155672
v 0.587785 35.000000 29.190983
v 0.637424 35.000000 29.229487
v 0.684547 35.000000 29.271031
v 0.728969 35.000000 29.315453
v 0.770513 35.000000 29.362576
v 0.809017 35.000000 29.412215
v 0.844328 35.000000 29.464173
v 0.876307 35.000000 29.518246
v 0.904827 35.000000 29.574221
v 0.929776 35.000000 29.631875
v 0.951057 35.000000 29.690983
v 0.968583 35.000000 29.751310
v 0.982287 35.000000 29.812619
v 0.992115 35.000000 29.874667
v 0.998027 35.000000 29.937209
v 1.000000 35.000000 30.000000
v 0.998027 35.000000 30.062791
v 0.992115 35.000000 30.125333
v 0.982287 35.000000 30.187381
v 0.968583 35.000000 30.248690
v 0.951057 35.000000 30.309017
v 0.929776 35.000000 30.368125
v 0.904827 35.000000 30.425779
v 0.876307 35.000000 30.481754
v 0.844328 35.000000 30.535827
v 0.809017 35.000000 30.587785
v 0.770513 35.000000 30.637424
v 0.728969 35.000000 30.684547
v 0.684547 35.000000 30.728969
v 0.637424 35.000000 30.770513
v 0.587785 35.000000 30.809017
v 0.535827 35.000000 30.844328
v 0.481754 35.000000 30.876307
v 0.425779 35.000000 30.904827
v 0.368125 35.000000 30.929776
v 0.309017 35.000000 30.951057
v 0.248690 35.000000 30.968583
v 0.187381 35.000000 30.982287
v 0.125333 35.000000 30.992115
v 0.062791 35.000000 30.998027
v -0.000000 23.136814 28.640266
v -0.062791 23.137569 28.638442
v -0.125333 23.139831 28.632980
v -0.187381 23.143592 28.623901
v -0.248690 23.148836 28.611240
v -0.309017 23.155543 28.595048
v -0.368125 23.163687 28.575387
v -0.425779 23.173235 28.552337
v -0.481754 23.184149 28.525988
v -0.535827 23.196387 28.496443
v -0.587785 23.209900 28.463820
v -0.637424 23.224634 28.428247
v -0.684547 23.240533 28.389865
v -0.728969 23.257532 28.348825
v -0.770513 23.275565 28.305289
v -0.809017 23.294561 28.259429
v -0.844328 23.314445 28.211425
v -0.876307 23.335138 28.161468
v -0.904827 23.356558 28.109755
v -0.929776 23.378622 28.056489
v -0.951057 23.401241 28.001880
v -0.968583 23.424328 27.946145
v -0.982287 23.447789 27.889504
v -0.992115 23.471534 27.832179
v -0.998027 23.495468 27.774397
v -1.000000 23.519497 27.716386
v -0.998027 23.543526 27.658375
v -0.992115 23.567460 27.600593
v -0.982287 23.591205 27.543268
v -0.968583 23.614667 27.486626
v -0.951057 23.637753 27.430891
v -0.929776 23.660372 27.376283
v -0.904827 23.682436 27.323017
v -0.876307 23.703856 27.271304
v -0.844328 23.724549 27.221347
v -0.809017 23.744433 27.173343
v -0.770513 23.763429 27.127483
v -0.728969 23.781462 27.083947
v -0.684547 23.798461 27.042907
v -0.637424 23.814360 27.004525
v -0.587785 23.829094 26.968952
v -0.535827 23.842607 26.936329
v -0.481754 23.854845 26.906784
v -0.425779 23.865759 26.880435
v -0.368125 23.875307 26.857385
v -0.309017 23.883451 26.837724
v -0.248690 23.890158 26.821532
v -0.187381 23.895402 26.808871
v -0.125333 23.899163 26.799792
v -0.062791 23.901425 26.794330
v -0.000000 23.902180 26.792506
v 0.062791 23.901425 26.794330
v 0.125333 23.899163 26.799792
v 0.187381 23.895402 26.808871
v 0.248690 23.890158 26.821532
v 0.309017 23.883451 26.837724
v 0.368125 23.875307 26.857385
v 0.425779 23.865759 26.880435
v 0.481754 23.854845 26.906784
v 0.535827 23.842607 26.936329
v 0.587785 23.829094 26.968952
v 0.637424 23.814360 27.004525
v 0.684547 23.798461 27.042907
v 0.728969 23.781462 27.083947
v 0.770513 23.763429 27.127483
v 0.809017 23.744433 27.173343
v 0.844328 23.724549 27.221347
v 0.876307 23.703856 27.271304
v 0.904827 23.682436 27.323017
v 0.929776 23.660372 27.376283
v 0.951057 23.637753 27.430891
v 0.968583 23.614667 27.486626
v 0.982287 23.591205 27.543268
v 0.992115 23.567460 27.600593
v 0.998027 23.543526 27.658375
v 1.000000 23.519497 27.716386
v 0.998027 23.495468 27.774397
v 0.992115 23.471534 27.832179
v 0.982287 23.447789 27.889504
v 0.968583 23.424328 27.946145
v 0.951057 23.401241 28.001880
v 0.929776 23.378622 28.056489
v 0.904827 23.356558 28.109755
v 0.876307 23.335138 28.161468
v 0.844328 23.314445 28.211425
v 0.809017 23.294561 28.259429
v 0.770513 23.275565 28.305289
v 0.728969 23.257532 28.348825
v 0.684547 23.240533 28.389865
v 0.637424 23.224634 28.428247
v 0.587785 23.209900 28.463820
v 0.535827 23.196387 28.496443
v 0.481754 23.184149 28.525988
v 0.425779 23.173235 28.552337
v 0.368125 23.163687 28.575387
v 0.309017 23.155543 28.595048
v 0.248690 23.148836 28.611240
v 0.187381 23.143592 28.623901
v 0.125333 23.139831 28.632980
v 0.062791 23.137569 28.638442
v -0.000000 13.079690 21.920310
v -0.062791 13.081085 21.918915
v -0.125333 13.085266 21.914734
v -0.187381 13.092215 21.907785
v -0.248690 13.101905 21.898095
v -0.309017 13.114298 21.885702
v -0.368125 13.129345 21.870655
v -0.425779 13.146987 21.853013
v -0.481754 13.167154 21.832846
v -0.535827 13.189767 21.810233
v -0.587785 13.214735 21.785265
v -0.637424 13.241961 21.758039
v -0.684547 13.271338 21.728662
v -0.728969 13.302749 21.697251
v -0.770513 13.336070 21.663930
v -0.809017 13.371170 21.628830
v -0.844328 13.407910 21.592090
v -0.876307 13.446145 21.553855
v -0.904827 13.485725 21.514275
v -0.929776 13.526493 21.473507
v -0.951057 13.568289 21.431711
v -0.968583 13.610946 21.389054
v -0.982287 13.654298 21.345702
v -0.992115 13.698173 21.301827
v -0.998027 13.742397 21.257603
v -1.000000 13.786797 21.213203
v -0.998027 13.831196 21.168804
v -0.992115 13.875421 21.124579
v -0.982287 13.919295 21.080705
v -0.968583 13.962647 21.037353
v -0.951057 14.005305 20.994695
v -0.929776 14.047100 20.952900
v -0.904827 14.087868 20.912132
v -0.876307 14.127448 20.872552
v -0.844328 14.165683 20.834317
v -0.809017 14.202424 20.797576
v -0.770513 14.237523 20.762477
v -0.728969 14.270844 20.729156
v -0.684547 14.302255 20.697745
v -0.637424 14.331632 20.668368
v -0.587785 14.358858 20.641142
v -0.535827 14.383827 20.616173
v -0.481754 14.406439 20.593561
v -0.425779 14.426606 20.573394
v -0.368125 14.444248 20.555752
v -0.309017 14.459295 20.540705
v -0.248690 14.471688 20.528312
v -0.187381 14.481379 20.518621
v -0.125333 14.488328 20.511672
v -0.062791 14.492508 20.507492
v -0.000000 14.493903 20.506097
v 0.062791 14.492508 20.507492
v 0.125333 14.488328 20.511672
v 0.187381 14.481379 20.518621
v 0.248690 14.471688 20.528312
v 0.309017 14.459295 20.540705
v 0.368125 14.444248 20.555752
v 0.425779 14.426606 20.573394
v 0.481754 14.406439 20.593561
v 0.535827 14.383827 20.616173
v 0.587785 14.358858 20.641142
v 0.637424 14.331632 20.668368
v 0.684547 14.302255 20.697745
v 0.728969 14.270844 20.729156
v 0.770513 14.237523 20.762477
v 0.809017 14.202424 20.797576
v 0.844328 14.165683 20.834317
v 0.876307 14.127448 20.872552
v 0.904827 14.087868 20.912132
v 0.929776 14.047100 20.952900
v 0.951057 14.005305 20.994695
v 0.968583 13.962647 21.037353
v 0.982287 13.919295 21.080705
v 0.992115 13.875421 21.124579
v 0.998027 13.831196 21.168804
v 1.000000 13.786797 21.213203
v 0.998027 13.742397 21.257603
v 0.992115 13.698173 21.301827
v 0.982287 13.654298 21.345702
v 0.968583 13.610946 21.389054
v 0.951057 13.568289 21.431711
v 0.929776 13.526493 21.473507
v 0.904827 13.485725 21.514275
v 0.876307 13.446145 21.553855
v 0.844328 13.407910 21.592090
v 0.809017 13.371170 21.628830
v 0.770513 13.336070 21.663930
v 0.728969 13.302749 21.697251
v 0.684547 13.271338 21.728662
v 0.637424 13.241961 21.758039
v 0.587785 13.214735 21.785265
v 0.535827 13.189767 21.810233
v 0.481754 13.167154 21.832846
v 0.425779 13.146987 21.853013
v 0.368125 13.129345 21.870655
v 0.309017 13.114298 21.885702
v 0.248690 13.101905 21.898095
v 0.187381 13.092215 21.907785
v 0.125333 13.085266 21.914734
v 0.062791 13.081085 21.918915
v -0.000000 6.359734 11.863186
v -0.062791 6.361558 11.862431
v -0.125333 6.367020 11.860169
v -0.187381 6.376099 11.856408
v -0.248690 6.388760 11.851164
v -0.309017 6.404952 11.844457
v -0.368125 6.424613 11.836313
v -0.425779 6.447663 11.826765
v -0.481754 6.474012 11.815851
v -0.535827 6.503557 11.803613
v -0.587785 6.536180 11.790100
v -0.637424 6.571753 11.775366
v -0.684547 6.610135 11.759467
v -0.728969 6.651175 11.742468
v -0.770513 6.694711 11.724435
v -0.809017 6.740571 11.705439
v -0.844328 6.788575 11.685555
v -0.876307 6.838532 11.664862
v -0.904827 6.890245 11.643442
v -0.929776 6.943511 11.621378
v -0.951057 6.998120 11.598759
v -0.968583 7.053855 11.575672
v -0.982287 7.110496 11.552211
v -0.992115 7.167821 11.528466
v -0.998027 7.225603 11.504532
v -1.000000 7.283614 11.480503
v -0.998027 7.341625 11.456474
v -0.992115 7.399407 11.432540
v -0.982287 7.456732 11.408795
v -0.968583 7.513374 11.385333
v -0.951057 7.569109 11.362247
v -0.929776 7.623717 11.339628
v -0.904827 7.676983 11.317564
v -0.876307 7.728696 11.296144
v -0.844328 7.778653 11.275451
v -0.809017 7.826657 11.255567
v -0.770513 7.872517 11.236571
v -0.728969 7.916053 11.218538
v -0.684547 7.957093 11.201539
v -0.637424 7.995475 11.185640
v -0.587785 8.031048 11.170906
v -0.535827 8.063671 11.157393
v -0.481754 8.093216 11.145155
v -0.425779 8.119565 11.134241
v -0.368125 8.142615 11.124693
v -0.309017 8.162276 11.116549
v -0.248690 8.178468 11.109842
v -0.187381 8.191129 11.104598
v -0.125333 8.200208 11.100837
v -0.062791 8.205670 11.098575
v -0.000000 8.207494 11.097820
v 0.062791 8.205670 11.098575
v 0.125333 8.200208 11.100837
v 0.187381 8.191129 11.104598
v 0.248690 8.178468 11.109842
v 0.309017 8.162276 11.116549
v 0.368125 8.142615 11.124693
v 0.425779 8.119565 11.134241
v 0.481754 8.093216 11.145155
v 0.535827 8.063671 11.157393
v 0.587785 8.031048 11.170906
v 0.637424 7.995475 11.185640
v 0.684547 7.957093 11.201539
v 0.728969 7.916053 11.218538
v 0.770513 7.872517 11.236571
v 0.809017 7.826657 11.255567
v 0.844328 7.778653 11.275451
v 0.876307 7.728696 11.296144
v 0.904827 7.676983 11.317564
v 0.929776 7.623717 11.339628
v 0.951057 7.569109 11.362247
v 0.968583 7.513374 11.385333
v 0.982287 7.456732 11.408795
v 0.992115 7.399407 11.432540
v 0.998027 7.341625 11.456474
v 1.000000 7.283614 11.480503
v 0.998027 7.225603 11.504532
v 0.992115 7.167821 11.528466
v 0.982287 7.110496 11.552211
v 0.968583 7.053855 11.575672
v 0.951057 6.998120 11.598759
v 0.929776 6.943511 11.621378
v 0.904827 6.890245 11.643442
v 0.876307 6.838532 11.664862
v 0.844328 6.788575 11.685555
v 0.809017 6.740571 11.705439
v 0.770513 6.694711 11.724435
v 0.728969 6.651175 11.742468
v 0.684547 6.610135 11.759467
v 0.637424 6.571753 11.775366
v 0.587785 6.536180 11.790100
v 0.535827 6.503557 11.803613
v 0.481754 6.474012 11.815851
v 0.425779 6.447663 11.826765
v 0.368125 6.424613 11.836313
v 0.309017 6.404952 11.844457
v 0.248690 6.388760 11.851164
v 0.187381 6.376099 11.856408
v 0.125333 6.367020 11.860169
v 0.062791 6.361558 11.862431
v -0.000000 4.000000 0.000000
v -0.062791 4.001973 0.000000
v -0.125333 4.007885 0.000000
v -0.187381 4.017713 0.000000
v -0.248690 4.031417 0.000000
v -0.309017 4.048943 0.000000
v -0.368125 4.070224 0.000000
v -0.425779 4.095173 0.000000
v -0.481754 4.123693 0.000000
v -0.535827 4.155672 0.000000
v -0.587785 4.190983 0.000000
v -0.637424 4.229487 0.000000
v -0.684547 4.271031 0.000000
v -0.728969 4.315453 0.000000
v -0.770513 4.362576 0.000000
v -0.809017 4.412215 0.000000
v -0.844328 4.464173 0.000000
v -0.876307 4.518246 0.000000
v -0.904827 4.574221 0.000000
v -0.929776 4.631875 0.000000
v -0.951057 4.690983 0.000000
v -0.968583 4.751310 0.000000
v -0.982287 4.812619 0.000000
v -0.992115 4.874667 0.000000
v -0.998027 4.937209 0.000000
v -1.000000 5.000000 0.000000
v -0.998027 5.062791 0.000000
v -0.992115 5.125333 0.000000
v -0.982287 5.187381 0.000000
v -0.968583 5.248690 0.000000
v -0.951057 5.309017 0.000000
v -0.929776 5.368125 0.000000
v -0.904827 5.425779 0.000000
v -0.876307 5.481754 0.000000
v -0.844328 5.535827 0.000000
v -0.809017 5.587785 0.000000
v -0.770513 5.637424 0.000000
v -0.728969 5.684547 0.000000
v -0.684547 5.728969 0.000000
v -0.637424 5.770513 0.000000
v -0.587785 5.809017 0.000000
v -0.535827 5.844328 0.000000
v -0.481754 5.876307 0.000000
v -0.425779 5.904827 0.000000
v -0.368125 5.929776 0.000000
v -0.309017 5.951057 0.000000
v -0.248690 5.968583 0.000000
v -0.187381 5.982287 0.000000
v -0.125333 5.992115 0.000000
v -0.062791 5.998027 0.000000
v -0.000000 6.000000 0.000000
v 0.062791 5.998027 0.000000
v 0.125333 5.992115 0.000000
v 0.187381 5.982287 0.000000
v 0.248690 5.968583 0.000000
v 0.309017 5.951057 0.000000
v 0.368125 5.929776 0.000000
v 0.425779 5.904827 0.000000
v 0.481754 5.876307 0.000000
v 0.535827 5.844328 0.000000
v 0.587785 5.809017 0.000000
v 0.637424 5.770513 0.000000
v 0.684547 5.728969 0.000000
v 0.728969 5.684547 0.000000
v 0.770513 5.637424 0.000000
v 0.809017 5.587785 0.000000
v 0.844328 5.535827 0.000000
v 0.876307 5.481754 0.000000
v 0.904827 5.425779 0.000000
v 0.929776 5.368125 0.000000
v 0.951057 5.309017 0.000000
v 0.968583 5.248690 0.000000
v 0.982287 5.187381 0.000000
v 0.992115 5.125333 0.000000
v 0.998027 5.062791 0.000000
v 1.000000 5.000000 0.000000
v 0.998027 4.937209 0.000000
v 0.992115 4.874667 0.000000
v 0.982287 4.812619 0.000000
v 0.968583 4.751310 0.000000
v 0.951057 4.690983 0.000000
v 0.929776 4.631875 0.000000
v 0.904827 4.574221 0.000000
v 0.876307 4.518246 0.000000
v 0.844328 4.464173 0.000000
v 0.809017 4.412215 0.000000
v 0.770513 4.362576 0.000000
v 0.728969 4.315453 0.000000
v 0.684547 4.271031 0.000000
v 0.637424 4.229487 0.000000
v 0.587785 4.190983 0.000000
v 0.535827 4.155672 0.000000
v 0.481754 4.123693 0.000000
v 0.425779 4.095173 0.000000
v 0.368125 4.070224 0.000000
v 0.309017 4.048943 0.000000
v 0.248690 4.031417 0.000000
v 0.187381 4.017713 0.000000
v 0.125333 4.007885 0.000000
v 0.062791 4.001973 0.000000
v -0.000000 6.359734 -11.863186
v -0.062791 6.361558 -11.862431
v -0.125333 6.367020 -11.860169
v -0.187381 6.376099 -11.856408
v -0.248690 6.388760 -11.851164
v -0.309017 6.404952 -11.844457
v -0.368125 6.424613 -11.836313
v -0.425779 6.447663 -11.826765
v -0.481754 6.474012 -11.815851
v -0.535827 6.503557 -11.803613
v -0.587785 6.536180 -11.790100
v -0.637424 6.571753 -11.775366
v -0.684547 6.610135 -11.759467
v -0.728969 6.651175 -11.742468
v -0.770513 6.694711 -11.724435
v -0.809017 6.740571 -11.705439
v -0.844328 6.788575 -11.685555
v -0.876307 6.838532 -11.664862
v -0.904827 6.890245 -11.643442
v -0.929776 6.943511 -11.621378
v -0.951057 6.998120 -11.598759
v -0.968583 7.053855 -11.575672
v -0.982287 7.110496 -11.552211
v -0.992115 7.167821 -11.528466
v -0.998027 7.225603 -11.504532
v -1.000000 7.283614 -11.480503
v -0.998027 7.341625 -11.456474
v -0.992115 7.399407 -11.432540
v -0.982287 7.456732 -11.408795
v -0.968583 7.513374 -11.385333
v -0.951057 7.569109 -11.362247
v -0.929776 7.623717 -11.339628
v -0.904827 7.676983 -11.317564
v -0.876307 7.728696 -11.296144
v -0.844328 7.778653 -11.275451
v -0.809017 7.826657 -11.255567
v -0.770513 7.872517 -11.236571
v -0.728969 7.916053 -11.218538
v -0.684547 7.957093 -11.201539
v -0.637424 7.995475 -11.185640
v -0.587785 8.031048 -11.170906
v -0.535827 8.063671 -11.157393
v -0.481754 8.093216 -11.145155
v -0.425779 8.119565 -11.134241
v -0.368125 8.142615 -11.124693
v -0.309017 8.162276 -11.116549
v -0.248690 8.178468 -11.109842
v -0.187381 8.191129 -11.104598
v -0.125333 8.200208 -11.100837
v -0.062791 8.205670 -11.098575
v -0.000000 8.207494 -11.097820
v 0.062791 8.205670 -11.098575
v 0.125333 8.200208 -11.100837
v 0.187381 8.191129 -11.104598
v 0.248690 8.178468 -11.109842
v 0.309017 8.162276 -11.116549
v 0.368125 8.142615 -11.124693
v 0.425779 8.119565 -11.134241
v 0.481754 8.093216 -11.145155
v 0.535827 8.063671 -11.157393
v 0.587785 8.031048 -11.170906
v 0.637424 7.995475 -11.185640
v 0.684547 7.957093 -11.201539
v 0.728969 7.916053 -11.218538
v 0.770513 7.872517 -11.236571
v 0.809017 7.826657 -11.255567
v 0.844328 7.778653 -11.275451
v 0.876307 7.728696 -11.296144
v 0.904827 7.676983 -11.317564
v 0.929776 7.623717 -11.339628
v 0.951057 7.569109 -11.362247
v 0.968583 7.513374 -11.385333
v 0.982287 7.456732 -11.408795
v 0.992115 7.399407 -11.432540
v 0.998027 7.341625 -11.456474
v 1.000000 7.283614 -11.480503
v 0.998027 7.225603 -11.504532
v 0.992115 7.167821 -11.528466
v 0.982287 7.110496 -11.552211
v 0.968583 7.053855 -11.575672
v 0.951057 6.998120 -11.598759
v 0.929776 6.943511 -11.621378
v 0.904827 6.890245 -11.643442
v 0.876307 6.838532 -11.664862
v 0.844328 6.788575 -11.685555
v 0.809017 6.740571 -11.705439
v 0.770513 6.694711 -11.724435
v 0.728969 6.651175 -11.742468
v 0.684547 6.610135 -11.759467
v 0.637424 6.571753 -11.775366
v 0.587785 6.536180 -11.790100
v 0.535827 6.503557 -11.803613
v 0.481754 6.474012 -11.815851
v 0.425779 6.447663 -11.826765
v 0.368125 6.424613 -11.836313
v 0.309017 6.404952 -11.844457
v 0.248690 6.388760 -11.851164
v 0.187381 6.376099 -11.856408
v 0.125333 6.367020 -11.860169
v 0.062791 6.361558 -11.862431
v -0.000000 13.079690 -21.920310
v -0.062791 13.081085 -21.918915
v -0.125333 13.085266 -21.914734
v -0.187381 13.092215 -21.907785
v -0.248690 13.101905 -21.898095
v -0.309017 13.114298 -21.885702
v -0.368125 13.129345 -21.870655
v -0.425779 13.146987 -21.853013
v -0.481754 13.167154 -21.832846
v -0.535827 13.189767 -21.810233
v -0.587785 13.214735 -21.785265
v -0.637424 13.241961 -21.758039
v -0.684547 13.271338 -21.728662
v -0.728969 13.302749 -21.697251
v -0.770513 13.336070 -21.663930
v -0.809017 13.371170 -21.628830
v -0.844328 13.407910 -21.592090
v -0.876307 13.446145 -21.553855
v -0.904827 13.485725 -21.514275
v -0.929776 13.526493 -21.473507
v -0.951057 13.568289 -21.431711
v -0.968583 13.610946 -21.389054
v -0.982287 13.654298 -21.345702
v -0.992115 13.698173 -21.301827
v -0.998027 13.742397 -21.257603
v -1.000000 13.786797 -21.213203
v -0.998027 13.831196 -21.168804
v -0.992115 13.875421 -21.124579
v -0.982287 13.919295 -21.080705
v -0.968583 13.962647 -21.037353
v -0.951057 14.005305 -20.994695
v -0.929776 14.047100 -20.952900
v -0.904827 14.087868 -20.912132
v -0.876307 14.127448 -20.872552
v -0.844328 14.165683 -20.834317
v -0.809017 14.202424 -20.797576
v -0.770513 14.237523 -20.762477
v -0.728969 14.270844 -20.729156
v -0.684547 14.302255 -20.697745
v -0.637424 14.331632 -20.668368
v -0.587785 14.358858 -20.641142
v -0.535827 14.383827 -20.616173
v -0.481754 14.406439 -20.593561
v -0.425779 14.426606 -20.573394
v -0.368125 14.444248 -20.555752
v -0.309017 14.459295 -20.540705
v -0.248690 14.471688 -20.528312
v -0.187381 14.481379 -20.518621
v -0.125333 14.488328 -20.511672
v -0.062791 14.492508 -20.507492
v -0.000000 14.493903 -20.506097
v 0.062791 14.492508 -20.507492
v 0.125333 14.488328 -20.511672
v 0.187381 14.481379 -20.518621
v 0.248690 14.471688 -20.528312
v 0.309017 14.459295 -20.540705
v 0.368125 14.444248 -20.555752
v 0.425779 14.426606 -20.573394
v 0.481754 14.406439 -20.593561
v 0.535827 14.383827 -20.616173
v 0.587785 14.358858 -20.641142
v 0.637424 14.331632 -20.668368
v 0.684547 14.302255 -20.697745
v 0.728969 14.270844 -20.729156
v 0.770513 14.237523 -20.762477
v 0.809017 14.202424 -20.797576
v 0.844328 14.165683 -20.834317
v 0.876307 14.127448 -20.872552
v 0.904827 14.087868 -20.912132
v 0.929776 14.047100 -20.952900
v 0.951057 14.005305 -20.994695
v 0.968583 13.962647 -21.037353
v 0.982287 13.919295 -21.080705
v 0.992115 13.875421 -21.124579
v 0.998027 13.831196 -21.168804
v 1.000000 13.786797 -21.213203
v 0.998027 13.742397 -21.257603
v 0.992115 13.698173 -21.301827
v 0.982287 13.654298 -21.345702
v 0.968583 13.610946 -21.389054
v 0.951057 13.568289 -21.431711
v 0.929776 13.526493 -21.473507
v 0.904827 13.485725 -21.514275
v 0.876307 13.446145 -21.553855
v 0.844328 13.407910 -21.592090
v 0.809017 13.371170 -21.628830
v 0.770513 13.336070 -21.663930
v 0.728969 13.302749 -21.697251
v 0.684547 13.271338 -21.728662
v 0.637424 13.241961 -21.758039
v 0.587785 13.214735 -21.785265
v 0.535827 13.189767 -21.810233
v 0.481754 13.167154 -21.832846
v 0.425779 13.146987 -21.853013
v 0.368125 13.129345 -21.870655
v 0.309017 13.114298 -21.885702
v 0.248690 13.101905 -21.898095
v 0.187381 13.092215 -21.907785
v 0.125333 13.085266 -21.914734
v 0.062791 13.081085 -21.918915
v -0.000000 23.136814 -28.640266
v -0.062791 23.137569 -28.638442
v -0.125333 23.139831 -28.632980
v -0.187381 23.143592 -28.623901
v -0.248690 23.148836 -28.611240
v -0.309017 23.155543 -28.595048
v -0.368125 23.163687 -28.575387
v -0.425779 23.173235 -28.552337
v -0.481754 23.184149 -28.525988
v -0.535827 23.196387 -28.496443
v -0.587785 23.209900 -28.463820
v -0.637424 23.224634 -28.428247
v -0.684547 23.240533 -28.389865
v -0.728969 23.257532 -28.348825
v -0.770513 23.275565 -28.305289
v -0.809017 23.294561 -28.259429
v -0.844328 23.314445 -28.211425
v -0.876307 23.335138 -28.161468
v -0.904827 23.356558 -28.109755
v -0.929776 23.378622 -28.056489
v -0.951057 23.401241 -28.001880
v -0.968583 23.424328 -27.946145
v -0.982287 23.447789 -27.889504
v -0.992115 23.471534 -27.832179
v -0.998027 23.495468 -27.774397
v -1.000000 23.519497 -27.716386
v -0.998027 23.543526 -27.658375
v -0.992115 23.567460 -27.600593
v -0.982287 23.591205 -27.543268
v -0.968583 23.614667 -27.486626
v -0.951057 23.637753 -27.430891
v -0.929776 23.660372 -27.376283
v -0.904827 23.682436 -27.323017
v -0.876307 23.703856 -27.271304
v -0.844328 23.724549 -27.221347
v -0.809017 23.744433 -27.173343
v -0.770513 23.763429 -27.127483
v -0.728969 23.781462 -27.083947
v -0.684547 23.798461 -27.042907
v -0.637424 23.814360 -27.004525
v -0.587785 23.829094 -26.968952
v -0.535827 23.842607 -26.936329
v -0.481754 23.854845 -26.906784
v -0.425779 23.865759 -26.880435
v -0.368125 23.875307 -26.857385
v -0.309017 23.883451 -26.837724
v -0.248690 23.890158 -26.821532
v -0.187381 23.895402 -26.808871
v -0.125333 23.899163 -26.799792
v -0.062791 23.901425 -26.794330
v -0.000000 23.902180 -26.792506
v 0.062791 23.901425 -26.794330
v 0.125333 23.899163 -26.799792
v 0.187381 23.895402 -26.808871
v 0.248690 23.890158 -26.821532
v 0.309017 23.883451 -26.837724
v 0.368125 23.875307 -26.857385
v 0.425779 23.865759 -26.880435
v 0.481754 23.854845 -26.906784
v 0.535827 23.842607 -26.936329
v 0.587785 23.829094 -26.968952
v 0.637424 23.814360 -27.004525
v 0.684547 23.798461 -27.042907
v 0.728969 23.781462 -27.083947
v 0.770513 23.763429 -27.127483
v 0.809017 23.744433 -27.173343
v 0.844328 23.724549 -27.221347
v 0.876307 23.703856 -27.271304
v 0.904827 23.682436 -27.323017
v 0.929776 23.660372 -27.376283
v 0.951057 23.637753 -27.430891
v 0.968583 23.614667 -27.486626
v 0.982287 23.591205 -27.543268
v 0.992115 23.567460 -27.600593
v 0.998027 23.543526 -27.658375
v 1.000000 23.519497 -27.716386
v 0.998027 23.495468 -27.774397
v 0.992115 23.471534 -27.832179
v 0.982287 23.447789 -27.889504
v 0.968583 23.424328 -27.946145
v 0.951057 23.401241 -28.001880
v 0.929776 23.378622 -28.056489
v 0.904827 23.356558 -28.109755
v 0.876307 23.335138 -28.161468
v 0.844328 23.314445 -28.211425
v 0.809017 23.294561 -28.259429
v 0.770513 23.275565 -28.305289
v 0.728969 23.257532 -28.348825
v 0.684547 23.240533 -28.389865
v 0.637424 23.224634 -28.428247
v 0.587785 23.209900 -28.463820
v 0.535827 23.196387 -28.496443
v 0.481754 23.184149 -28.525988
v 0.425779 23.173235 -28.552337
v 0.368125 23.163687 -28.575387
v 0.309017 23.155543 -28.595048
v 0.248690 23.148836 -28.611240
v 0.187381 23.143592 -28.623901
v 0.125333 23.139831 -28.632980
v 0.062791 23.137569 -28.638442
v -0.000000 35.000000 -31.000000
v -0.062791 35.000000 -30.998027
v -0.125333 35.000000 -30.992115
v -0.187381 35.000000 -30.982287
v -0.248690 35.000000 -30.968583
v -0.309017 35.000000 -30.951057
v -0.368125 35.000000 -30.929776
v -0.425779 35.000000 -30.904827
v -0.481754 35.000000 -30.876307
v -0.535827 35.000000 -30.844328
v -0.587785 35.000000 -30.809017
v -0.637424 35.000000 -30.770513
v -0.684547 35.000000 -30.728969
v -0.728969 35.000000 -30.684547
v -0.770513 35.000000 -30.637424
v -0.809017 35.000000 -30.587785
v -0.844328 35.000000 -30.535827
v -0.876307 35.000000 -30.481754
v -0.904827 35.000000 -30.425779
v -0.929776 35.000000 -30.368125
v -0.951057 35.000000 -30.309017
v -0.968583 35.000000 -30.248690
v -0.982287 35.000000 -30.187381
v -0.992115 35.000000 -30.125333
v -0.998027 35.000000 -30.062791
v -1.000000 35.000000 -30.000000
v -0.998027 35.000000 -29.937209
v -0.992115 35.000000 -29.874667
v -0.982287 35.000000 -29.812619
v -0.968583 35.000000 -29.751310
v -0.951057 35.000000 -29.690983
v -0.929776 35.000000 -29.631875
v -0.904827 35.000000 -29.574221
v -0.876307 35.000000 -29.518246
v -0.844328 35.000000 -29.464173
v -0.809017 35.000000 -29.412215
v -0.770513 35.000000 -29.362576
v -0.728969 35.000000 -29.315453
v -0.684547 35.000000 -29.271031
v -0.637424 35.000000 -29.229487
v -0.587785 35.000000 -29.190983
v -0.535827 35.000000 -29.155672
v -0.481754 35.000000 -29.123693
v -0.425779 35.000000 -29.095173
v -0.368125 35.000000 -29.070224
v -0.309017 35.000000 -29.048943
v -0.248690 35.000000 -29.031417
v -0.187381 35.000000 -29.017713
v -0.125333 35.000000 -29.007885
v -0.062791 35.000000 -29.001973
v -0.000000 35.000000 -29.000000
v 0.062791 35.000000 -29.001973
v 0.125333 35.000000 -29.007885
v 0.187381 35.000000 -29.017713
v 0.248690 35.000000 -29.031417
v 0.309017 35.000000 -29.048943
v 0.368125 35.000000 -29.070224
v 0.425779 35.000000 -29.095173
v 0.481754 35.000000 -29.123693
v 0.535827 35.000000 -29.155672
v 0.587785 35.000000 -29.190983
v 0.637424 35.000000 -29.229487
v 0.684547 35.000000 -29.271031
v 0.728969 35.000000 -29.315453
v 0.770513 35.000000 -29.362576
v 0.809017 35.000000 -29.412215
v 0.844328 35.000000 -29.464173
v 0.876307 35.000000 -29.518246
v 0.904827 35.000000 -29.574221
v 0.929776 35.000000 -29.631875
v 0.951057 35.000000 -29.690983
v 0.968583 35.000000 -29.751310
v 0.982287 35.000000 -29.812619
v 0.992115 35.000000 -29.874667
v 0.998027 35.000000 -29.937209
v 1.000000 35.000000 -30.000000
v 0.998027 35.000000 -30.062791
v 0.992115 35.000000 -30.125333
v 0.982287 35.000000 -30.187381
v 0.968583 35.000000 -30.248690
v 0.951057 35.000000 -30.309017
v 0.929776 35.000000 -30.368125
v 0.904827 35.000000 -30.425779
v 0.876307 35.000000 -30.481754
v 0.844328 35.000000 -30.535827
v 0.809017 35.000000 -30.587785
v 0.770513 35.000000 -30.637424
v 0.728969 35.000000 -30.684547
v 0.684547 35.000000 -30.728969
v 0.637424 35.000000 -30.770513
v 0.587785 35.000000 -30.809017
v 0.535827 35.000000 -30.844328
v 0.481754 35.000000 -30.876307
v 0.425779 35.000000 -30.904827
v 0.368125 35.000000 -30.929776
v 0.309017 35.000000 -30.951057
v 0.248690 35.000000 -30.968583
v 0.187381 35.000000 -30.982287
v 0.125333 35.000000 -30.992115
v 0.062791 35.000000 -30.998027
v 0.000000 46.863186 -28.640266
v -0.062791 46.862431 -28.638442
v -0.125333 46.860169 -28.632980
v -0.187381 46.856408 -28.623901
v -0.248690 46.851164 -28.611240
v -0.309017 46.844457 -28.595048
v -0.368125 46.836313 -28.575387
v -0.425779 46.826765 -28.552337
v -0.481754 46.815851 -28.525988
v -0.535827 46.803613 -28.496443
v -0.587785 46.790100 -28.463820
v -0.637424 46.775366 -28.428247
v -0.684547 46.759467 -28.389865
v -0.728969 46.742468 -28.348825
v -0.770513 46.724435 -28.305289
v -0.809017 46.705439 -28.259429
v -0.844328 46.685555 -28.211425
v -0.876307 46.664862 -28.161468
v -0.904827 46.643442 -28.109755
v -0.929776 46.621378 -28.056489
v -0.951057 46.598759 -28.001880
v -0.968583 46.575672 -27.946145
v -0.982287 46.552211 -27.889504
v -0.992115 46.528466 -27.832179
v -0.998027 46.504532 -27.774397
v -1.000000 46.480503 -27.716386
v -0.998027 46.456474 -27.658375
v -0.992115 46.432540 -27.600593
v -0.982287 46.408795 -27.543268
v -0.968583 46.385333 -27.486626
v -0.951057 46.362247 -27.430891
v -0.929776 46.339628 -27.376283
v -0.904827 46.317564 -27.323017
v -0.876307 46.296144 -27.271304
v -0.844328 46.275451 -27.221347
v -0.809017 46.255567 -27.173343
v -0.770513 46.236571 -27.127483
v -0.728969 46.218538 -27.083947
v -0.684547 46.201539 -27.042907
v -0.637424 46.185640 -27.004525
v -0.587785 46.170906 -26.968952
v -0.535827 46.157393 -26.936329
v -0.481754 46.145155 -26.906784
v -0.425779 46.134241 -26.880435
v -0.368125 46.124693 -26.857385
v -0.309017 46.116549 -26.837724
v -0.248690 46.109842 -26.821532
v -0.187381 46.104598 -26.808871
v -0.125333 46.100837 -26.799792
v -0.062791 46.098575 -26.794330
v 0.000000 46.097820 -26.792506
v 0.062791 46.098575 -26.794330
v 0.125333 46.100837 -26.799792
v 0.187381 46.104598 -26.808871
v 0.248690 46.109842 -26.821532
v 0.309017 46.116549 -26.837724
v 0.368125 46.124693 -26.857385
v 0.425779 46.134241 -26.880435
v 0.481754 46.145155 -26.906784
v 0.535827 46.157393 -26.936329
v 0.587785 46.170906 -26.968952
v 0.637424 46.185640 -27.004525
v 0.684547 46.201539 -27.042907
v 0.728969 46.218538 -27.083947
v 0.770513 46.236571 -27.127483
v 0.809017 46.255567 -27.173343
v 0.844328 46.275451 -27.221347
v 0.876307 46.296144 -27.271304
v 0.904827 46.317564 -27.323017
v 0.929776 46.339628 -27.376283
v 0.951057 46.362247 -27.430891
v 0.968583 46.385333 -27.486626
v 0.982287 46.408795 -27.543268
v 0.992115 46.432540 -27.600593
v 0.998027 46.456474 -27.658375
v 1.000000 46.480503 -27.716386
v 0.998027 46.504532 -27.774397
v 0.992115 46.528466 -27.832179
v 0.982287 46.552211 -27.889504
v 0.968583 46.575672 -27.946145
v 0.951057 46.598759 -28.001880
v 0.929776 46.621378 -28.056489
v 0.904827 46.643442 -28.109755
v 0.876307 46.664862 -28.161468
v 0.844328 46.685555 -28.211425
v 0.809017 46.705439 -28.259429
v 0.770513 46.724435 -28.305289
v 0.728969 46.742468 -28.348825
v 0.684547 46.759467 -28.389865
v 0.637424 46.775366 -28.428247
v 0.587785 46.790100 -28.463820
v 0.535827 46.803613 -28.496443
v 0.481754 46.815851 -28.525988
v 0.425779 46.826765 -28.552337
v 0.368125 46.836313 -28.575387
v 0.309017 46.844457 -28.595048
v 0.248690 46.851164 -28.611240
v 0.187381 46.856408 -28.623901
v 0.125333 46.860169 -28.632980
v 0.062791 46.862431 -28.638442
v 0.000000 56.920310 -21.920310
v -0.062791 56.918915 -21.918915
v -0.125333 56.914734 -21.914734
v -0.187381 56.907785 -21.907785
v -0.248690 56.898095 -21.898095
v -0.309017 56.885702 -21.885702
v -0.368125 56.870655 -21.870655
v -0.425779 56.853013 -21.853013
v -0.481754 56.832846 -21.832846
v -0.535827 56.810233 -21.810233
v -0.587785 56.785265 -21.785265
v -0.637424 56.758039 -21.758039
v -0.684547 56.728662 -21.728662
v -0.728969 56.697251 -21.697251
v -0.770513 56.663930 -21.663930
v -0.809017 56.628830 -21.628830
v -0.844328 56.592090 -21.592090
v -0.876307 56.553855 -21.553855
v -0.904827 56.514275 -21.514275
v -0.929776 56.473507 -21.473507
v -0.951057 56.431711 -21.431711
v -0.968583 56.389054 -21.389054
v -0.982287 56.345702 -21.345702
v -0.992115 56.301827 -21.301827
v -0.998027 56.257603 -21.257603
v -1.000000 56.213203 -21.213203
v -0.998027 56.168804 -21.168804
v -0.992115 56.124579 -21.124579
v -0.982287 56.080705 -21.080705
v -0.968583 56.037353 -21.037353
v -0.951057 55.994695 -20.994695
v -0.929776 55.952900 -20.952900
v -0.904827 55.912132 -20.912132
v -0.876307 55.872552 -20.872552
v -0.844328 55.834317 -20.834317
v -0.809017 55.797576 -20.797576
v -0.770513 55.762477 -20.762477
v -0.728969 55.729156 -20.729156
v -0.684547 55.697745 -20.697745
v -0.637424 55.668368 -20.668368
v -0.587785 55.641142 -20.641142
v -0.535827 55.616173 -20.616173
v -0.481754 55.593561 -20.593561
v -0.425779 55.573394 -20.573394
v -0.368125 55.555752 -20.555752
v -0.309017 55.540705 -20.540705
v -0.248690 55.528312 -20.528312
v -0.187381 55.518621 -20.518621
v -0.125333 55.511672 -20.511672
v -0.062791 55.507492 -20.507492
v 0.000000 55.506097 -20.506097
v 0.062791 55.507492 -20.507492
v 0.125333 55.511672 -20.511672
v 0.187381 55.518621 -20.518621
v 0.248690 55.528312 -20.528312
v 0.309017 55.540705 -20.540705
v 0.368125 55.555752 -20.555752
v 0.425779 55.573394 -20.573394
v 0.481754 55.593561 -20.593561
v 0.535827 55.616173 -20.616173
v 0.587785 55.641142 -20.641142
v 0.637424 55.668368 -20.668368
v 0.684547 55.697745 -20.697745
v 0.728969 55.729156 -20.729156
v 0.770513 55.762477 -20.762477
v 0.809017 55.797576 -20.797576
v 0.844328 55.834317 -20.834317
v 0.876307 55.872552 -20.872552
v 0.904827 55.912132 -20.912132
v 0.929776 55.952900 -20.952900
v 0.951057 55.994695 -20.994695
v 0.968583 56.037353 -21.037353
v 0.982287 56.080705 -21.080705
v 0.992115 56.124579 -21.124579
v 0.998027 56.168804 -21.168804
v 1.000000 56.213203 -21.213203
v 0.998027 56.257603 -21.257603
v 0.992115 56.301827 -21.301827
v 0.982287 56.345702 -21.345702
v 0.968583 56.389054 -21.389054
v 0.951057 56.431711 -21.431711
v 0.929776 56.473507 -21.473507
v 0.904827 56.514275 -21.514275
v 0.876307 56.553855 -21.553855
v 0.844328 56.592090 -21.592090
v 0.809017 56.628830 -21.628830
v 0.770513 56.663930 -21.663930
v 0.728969 56.697251 -21.697251
v 0.684547 56.728662 -21.728662
v 0.637424 56.758039 -21.758039
v 0.587785 56.785265 -21.785265
v 0.535827 56.810233 -21.810233
v 0.481754 56.832846 -21.832846
v 0.425779 56.853013 -21.853013
v 0.368125 56.870655 -21.870655
v 0.309017 56.885702 -21.885702
v 0.248690 56.898095 -21.898095
v 0.187381 56.907785 -21.907785
v 0.125333 56.914734 -21.914734
v 0.062791 56.918915 -21.918915
v 0.000000 63.640266 -11.863186
v -0.062791 63.638442 -11.862431
v -0.125333 63.632980 -11.860169
v -0.187381 63.623901 -11.856408
v -0.248690 63.611240 -11.851164
v -0.309017 63.595048 -11.844457
v -0.368125 63.575387 -11.836313
v -0.425779 63.552337 -11.826765
v -0.481754 63.525988 -11.815851
v -0.535827 63.496443 -11.803613
v -0.587785 63.463820 -11.790100
v -0.637424 63.428247 -11.775366
v -0.684547 63.389865 -11.759467
v -0.728969 63.348825 -11.742468
v -0.770513 63.305289 -11.724435
v -0.809017 63.259429 -11.705439
v -0.844328 63.211425 -11.685555
v -0.876307 63.161468 -11.664862
v -0.904827 63.109755 -11.643442
v -0.929776 63.056489 -11.621378
v -0.951057 63.001880 -11.598759
v -0.968583 62.946145 -11.575672
v -0.982287 62.889504 -11.552211
v -0.992115 62.832179 -11.528466
v -0.998027 62.774397 -11.504532
v -1.000000 62.716386 -11.480503
v -0.998027 62.658375 -11.456474
v -0.992115 62.600593 -11.432540
v -0.982287 62.543268 -11.408795
v -0.968583 62.486626 -11.385333
v -0.951057 62.430891 -11.362247
v -0.929776 62.376283 -11.339628
v -0.904827 62.323017 -11.317564
v -0.876307 62.271304 -11.296144
v -0.844328 62.221347 -11.275451
v -0.809017 62.173343 -11.255567
v -0.770513 62.127483 -11.236571
v -0.728969 62.083947 -11.218538
v -0.684547 62.042907 -11.201539
v -0.637424 62.004525 -11.185640
v -0.587785 61.968952 -11.170906
v -0.535827 61.936329 -11.157393
v -0.481754 61.906784 -11.145155
v -0.425779 61.880435 -11.134241
v -0.368125 61.857385 -11.124693
v -0.309017 61.837724 -11.116549
v -0.248690 61.821532 -11.109842
v -0.187381 61.808871 -11.104598
v -0.125333 61.799792 -11.100837
v -0.062791 61.794330 -11.098575
v 0.000000 61.792506 -11.097820
v 0.062791 61.794330 -11.098575
v 0.125333 61.799792 -11.100837
v 0.187381 61.808871 -11.104598
v 0.248690 61.821532 -11.109842
v 0.309017 61.837724 -11.116549
v 0.368125 61.857385 -11.124693
v 0.425779 61.880435 -11.134241
v 0.481754 61.906784 -11.145155
v 0.535827 61.936329 -11.157393
v 0.587785 61.968952 -11.170906
v 0.637424 62.004525 -11.185640
v 0.684547 62.042907 -11.201539
v 0.728969 62.083947 -11.218538
v 0.770513 62.127483 -11.236571
v 0.809017 62.173343 -11.255567
v 0.844328 62.221347 -11.275451
v 0.876307 62.271304 -11.296144
v 0.904827 62.323017 -11.317564
v 0.929776 62.376283 -11.339628
v 0.951057 62.430891 -11.362247
v 0.968583 62.486626 -11.385333
v 0.982287 62.543268 -11.408795
v 0.992115 62.600593 -11.432540
v 0.998027 62.658375 -11.456474
v 1.000000 62.716386 -11.480503
v 0.998027 62.774397 -11.504532
v 0.992115 62.832179 -11.528466
v 0.982287 62.889504 -11.552211
v 0.968583 62.946145 -11.575672
v 0.951057 63.001880 -11.598759
v 0.929776 63.056489 -11.621378
v 0.904827 63.109755 -11.643442
v 0.876307 63.161468 -11.664862
v 0.844328 63.211425 -11.685555
v 0.809017 63.259429 -11.705439
v 0.770513 63.305289 -11.724435
v 0.728969 63.348825 -11.742468
v 0.684547 63.389865 -11.759467
v 0.637424 63.428247 -11.775366
v 0.587785 63.463820 -11.790100
v 0.535827 63.496443 -11.803613
v 0.481754 63.525988 -11.815851
v 0.425779 63.552337 -11.826765
v 0.368125 63.575387 -11.836313
v 0.309017 63.595048 -11.844457
v 0.248690 63.611240 -11.851164
v 0.187381 63.623901 -11.856408
v 0.125333 63.632980 -11.860169
v 0.062791 63.638442 -11.862431
v 1.250000 50.018738 15.000000
v 1.250000 19.981262 15.000000
v 1.450000 50.018738 15.000000
v 1.450000 19.981262 15.000000
v 1.391421 50.018738 15.141421
v 1.391421 19.981262 15.141421
v 1.250000 50.018738 15.200000
v 1.250000 19.981262 15.200000
v 1.108579 50.018738 15.141421
v 1.108579 19.981262 15.141421
v 1.050000 50.018738 15.000000
v 1.050000 19.981262 15.000000
v 1.108579 50.018738 14.858579
v 1.108579 19.981262 14.858579
v 1.250000 50.018738 14.800000
v 1.250000 19.981262 14.800000
v 1.391421 50.018738 14.858579
v 1.391421 19.981262 14.858579
v -1.250000 50.018738 15.000000
v -1.250000 19.981262 15.000000
v -1.050000 50.018738 15.000000
v -1.050000 19.981262 15.000000
v -1.108579 50.018738 15.141421
v -1.108579 19.981262 15.141421
v -1.250000 50.018738 15.200000
v -1.250000 19.981262 15.200000
v -1.391421 50.018738 15.141421
v -1.391421 19.981262 15.141421
v -1.450000 50.018738 15.000000
v -1.450000 19.981262 15.000000
v -1.391421 50.018738 14.858579
v -1.391421 19.981262 14.858579
v -1.250000 50.018738 14.800000
v -1.250000 19.981262 14.800000
v -1.108579 50.018738 14.858579
v -1.108579 19.981262 14.858579
v 1.250000 52.945093 14.711779
v 1.250000 22.907617 14.711779
v 1.450000 52.945093 14.711779
v 1.450000 22.907617 14.711779
v 1.391421 52.945093 14.853201
v 1.391421 22.907617 14.853201
v 1.250000 52.945093 14.911779
v 1.250000 22.907617 14.911779
v 1.108579 52.945093 14.853201
v 1.108579 22.907617 14.853201
v 1.050000 52.945093 14.711779
v 1.050000 22.907617 14.711779
v 1.108579 52.945093 14.570358
v 1.108579 22.907617 14.570358
v 1.250000 52.945093 14.511779
v 1.250000 22.907617 14.511779
v 1.391421 52.945093 14.570358
v 1.391421 22.907617 14.570358
v -1.250000 52.945093 14.711779
v -1.250000 22.907617 14.711779
v -1.050000 52.945093 14.711779
v -1.050000 22.907617 14.711779
v -1.108579 52.945093 14.853201
v -1.108579 22.907617 14.853201
v -1.250000 52.945093 14.911779
v -1.250000 22.907617 14.911779
v -1.391421 52.945093 14.853201
v -1.391421 22.907617 14.853201
v -1.450000 52.945093 14.711779
v -1.450000 22.907617 14.711779
v -1.391421 52.945093 14.570358
v -1.391421 22.907617 14.570358
v -1.250000 52.945093 14.511779
v -1.250000 22.907617 14.511779
v -1.108579 52.945093 14.570358
v -1.108579 22.907617 14.570358
v 1.250000 55.758990 13.858193
v 1.250000 25.721513 13.858193
v 1.450000 55.758990 13.858193
v 1.450000 25.721513 13.858193
v 1.391421 55.758990 13.999614
v 1.391421 25.721513 13.999614
v 1.250000 55.758990 14.058193
v 1.250000 25.721513 14.058193
v 1.108579 55.758990 13.999614
v 1.108579 25.721513 13.999614
v 1.050000 55.758990 13.858193
v 1.050000 25.721513 13.858193
v 1.108579 55.758990 13.716772
v 1.108579 25.721513 13.716772
v 1.250000 55.758990 13.658193
v 1.250000 25.721513 13.658193
v 1.391421 55.758990 13.716772
v 1.391421 25.721513 13.716772
v -1.250000 55.758990 13.858193
v -1.250000 25.721513 13.858193
v -1.050000 55.758990 13.858193
v -1.050000 25.721513 13.858193
v -1.108579 55.758990 13.999614
v -1.108579 25.721513 13.999614
v -1.250000 55.758990 14.058193
v -1.250000 25.721513 14.058193
v -1.391421 55.758990 13.999614
v -1.391421 25.721513 13.999614
v -1.450000 55.758990 13.858193
v -1.450000 25.721513 13.858193
v -1.391421 55.758990 13.716772
v -1.391421 25.721513 13.716772
v -1.250000 55.758990 13.658193
v -1.250000 25.721513 13.658193
v -1.108579 55.758990 13.716772
v -1.108579 25.721513 13.716772
v 1.250000 58.352292 12.472044
v 1.250000 28.314815 12.472044
v 1.450000 58.352292 12.472044
v 1.450000 28.314815 12.472044
v 1.391421 58.352292 12.613466
v 1.391421 28.314815 12.613466
v 1.250000 58.352292 12.672044
v 1.250000 28.314815 12.672044
v 1.108579 58.352292 12.613466
v 1.108579 28.314815 12.613466
v 1.050000 58.352292 12.472044
v 1.050000 28.314815 12.472044
v 1.108579 58.352292 12.330623
v 1.108579 28.314815 12.330623
v 1.250000 58.352292 12.272044
v 1.250000 28.314815 12.272044
v 1.391421 58.352292 12.330623
v 1.391421 28.314815 12.330623
v -1.250000 58.352292 12.472044
v -1.250000 28.314815 12.472044
v -1.050000 58.352292 12.472044
v -1.050000 28.314815 12.472044
v -1.108579 58.352292 12.613466
v -1.108579 28.314815 12.613466
v -1.250000 58.352292 12.672044
v -1.250000 28.314815 12.672044
v -1.391421 58.352292 12.613466
v -1.391421 28.314815 12.613466
v -1.450000 58.352292 12.472044
v -1.450000 28.314815 12.472044
v -1.391421 58.352292 12.330623
v -1.391421 28.314815 12.330623
v -1.250000 58.352292 12.272044
v -1.250000 28.314815 12.272044
v -1.108579 58.352292 12.330623
v -1.108579 28.314815 12.330623
v 1.250000 60.625340 10.606602
v 1.250000 30.587863 10.606602
v 1.450000 60.625340 10.606602
v 1.450000 30.587863 10.606602
v 1.391421 60.625340 10.748023
v 1.391421 30.587863 10.748023
v 1.250000 60.625340 10.806602
v 1.250000 30.587863 10.806602
v 1.108579 60.625340 10.748023
v 1.108579 30.587863 10.748023
v 1.050000 60.625340 10.606602
v 1.050000 30.587863 10.606602
v 1.108579 60.625340 10.465180
v 1.108579 30.587863 10.465180
v 1.250000 60.625340 10.406602
v 1.250000 30.587863 10.406602
v 1.391421 60.625340 10.465180
v 1.391421 30.587863 10.465180
v -1.250000 60.625340 10.606602
v -1.250000 30.587863 10.606602
v -1.050000 60.625340 10.606602
v -1.050000 30.587863 10.606602
v -1.108579 60.625340 10.748023
v -1.108579 30.587863 10.748023
v -1.250000 60.625340 10.806602
v -1.250000 30.587863 10.806602
v -1.391421 60.625340 10.748023
v -1.391421 30.587863 10.748023
v -1.450000 60.625340 10.606602
v -1.450000 30.587863 10.606602
v -1.391421 60.625340 10.465180
v -1.391421 30.587863 10.465180
v -1.250000 60.625340 10.406602
v -1.250000 30.587863 10.406602
v -1.108579 60.625340 10.465180
v -1.108579 30.587863 10.465180
v 1.250000 62.490782 8.333553
v 1.250000 32.453306 8.333553
v 1.450000 62.490782 8.333553
v 1.450000 32.453306 8.333553
v 1.391421 62.490782 8.474975
v 1.391421 32.453306 8.474975
v 1.250000 62.490782 8.533553
v 1.250000 32.453306 8.533553
v 1.108579 62.490782 8.474975
v 1.108579 32.453306 8.474975
v 1.050000 62.490782 8.333553
v 1.050000 32.453306 8.333553
v 1.108579 62.490782 8.192132
v 1.108579 32.453306 8.192132
v 1.250000 62.490782 8.133553
v 1.250000 32.453306 8.133553
v 1.391421 62.490782 8.192132
v 1.391421 32.453306 8.192132
v -1.250000 62.490782 8.333553
v -1.250000 32.453306 8.333553
v -1.050000 62.490782 8.333553
v -1.050000 32.453306 8.333553
v -1.108579 62.490782 8.474975
v -1.108579 32.453306 8.474975
v -1.250000 62.490782 8.533553
v -1.250000 32.453306 8.533553
v -1.391421 62.490782 8.474975
v -1.391421 32.453306 8.474975
v -1.450000 62.490782 8.333553
v -1.450000 32.453306 8.333553
v -1.391421 62.490782 8.192132
v -1.391421 32.453306 8.192132
v -1.250000 62.490782 8.133553
v -1.250000 32.453306 8.133553
v -1.108579 62.490782 8.192132
v -1.108579 32.453306 8.192132
v 1.250000 63.876931 5.740251
v 1.250000 33.839455 5.740251
v 1.450000 63.876931 5.740251
v 1.450000 33.839455 5.740251
v 1.391421 63.876931 5.881673
v 1.391421 33.839455 5.881673
v 1.250000 63.876931 5.940251
v 1.250000 33.839455 5.940251
v 1.108579 63.876931 5.881673
v 1.108579 33.839455 5.881673
v 1.050000 63.876931 5.740251
v 1.050000 33.839455 5.740251
v 1.108579 63.876931 5.598830
v 1.108579 33.839455 5.598830
v 1.250000 63.876931 5.540251
v 1.250000 33.839455 5.540251
v 1.391421 63.876931 5.598830
v 1.391421 33.839455 5.598830
v -1.250000 63.876931 5.740251
v -1.250000 33.839455 5.740251
v -1.050000 63.876931 5.740251
v -1.050000 33.839455 5.740251
v -1.108579 63.876931 5.881673
v -1.108579 33.839455 5.881673
v -1.250000 63.876931 5.940251
v -1.250000 33.839455 5.940251
v -1.391421 63.876931 5.881673
v -1.391421 33.839455 5.881673
v -1.450000 63.876931 5.740251
v -1.450000 33.839455 5.740251
v -1.391421 63.876931 5.598830
v -1.391421 33.839455 5.598830
v -1.250000 63.876931 5.540251
v -1.250000 33.839455 5.540251
v -1.108579 63.876931 5.598830
v -1.108579 33.839455 5.598830
v 1.250000 64.730518 2.926355
v 1.250000 34.693041 2.926355
v 1.450000 64.730518 2.926355
v 1.450000 34.693041 2.926355
v 1.391421 64.730518 3.067776
v 1.391421 34.693041 3.067776
v 1.250000 64.730518 3.126355
v 1.250000 34.693041 3.126355
v 1.108579 64.730518 3.067776
v 1.108579 34.693041 3.067776
v 1.050000 64.730518 2.926355
v 1.050000 34.693041 2.926355
v 1.108579 64.730518 2.784933
v 1.108579 34.693041 2.784933
v 1.250000 64.730518 2.726355
v 1.250000 34.693041 2.726355
v 1.391421 64.730518 2.784933
v 1.391421 34.693041 2.784933
v -1.250000 64.730518 2.926355
v -1.250000 34.693041 2.926355
v -1.050000 64.730518 2.926355
v -1.050000 34.693041 2.926355
v -1.108579 64.730518 3.067776
v -1.108579 34.693041 3.067776
v -1.250000 64.730518 3.126355
v -1.250000 34.693041 3.126355
v -1.391421 64.730518 3.067776
v -1.391421 34.693041 3.067776
v -1.450000 64.730518 2.926355
v -1.450000 34.693041 2.926355
v -1.391421 64.730518 2.784933
v -1.391421 34.693041 2.784933
v -1.250000 64.730518 2.726355
v -1.250000 34.693041 2.726355
v -1.108579 64.730518 2.784933
v -1.108579 34.693041 2.784933
v 1.250000 65.018738 0.000000
v 1.250000 34.981262 0.000000
v 1.450000 65.018738 0.000000
v 1.450000 34.981262 0.000000
v 1.391421 65.018738 0.141421
v 1.391421 34.981262 0.141421
v 1.250000 65.018738 0.200000
v 1.250000 34.981262 0.200000
v 1.108579 65.018738 0.141421
v 1.108579 34.981262 0.141421
v 1.050000 65.018738 0.000000
v 1.050000 34.981262 0.000000
v 1.108579 65.018738 -0.141421
v 1.108579 34.981262 -0.141421
v 1.250000 65.018738 -0.200000
v 1.250000 34.981262 -0.200000
v 1.391421 65.018738 -0.141421
v 1.391421 34.981262 -0.141421
v -1.250000 65.018738 0.000000
v -1.250000 34.981262 0.000000
v -1.050000 65.018738 0.000000
v -1.050000 34.981262 0.000000
v -1.108579 65.018738 0.141421
v -1.108579 34.981262 0.141421
v -1.250000 65.018738 0.200000
v -1.250000 34.981262 0.200000
v -1.391421 65.018738 0.141421
v -1.391421 34.981262 0.141421
v -1.450000 65.018738 0.000000
v -1.450000 34.981262 0.000000
v -1.391421 65.018738 -0.141421
v -1.391421 34.981262 -0.141421
v -1.250000 65.018738 -0.200000
v -1.250000 34.981262 -0.200000
v -1.108579 65.018738 -0.141421
v -1.108579 34.981262 -0.141421
v 1.250000 64.730518 -2.926355
v 1.250000 34.693041 -2.926355
v 1.450000 64.730518 -2.926355
v 1.450000 34.693041 -2.926355
v 1.391421 64.730518 -2.784933
v 1.391421 34.693041 -2.784933
v 1.250000 64.730518 -2.726355
v 1.250000 34.693041 -2.726355
v 1.108579 64.730518 -2.784933
v 1.108579 34.693041 -2.784933
v 1.050000 64.730518 -2.926355
v 1.050000 34.693041 -2.926355
v 1.108579 64.730518 -3.067776
v 1.108579 34.693041 -3.067776
v 1.250000 64.730518 -3.126355
v 1.250000 34.693041 -3.126355
v 1.391421 64.730518 -3.067776
v 1.391421 34.693041 -3.067776
v -1.250000 64.730518 -2.926355
v -1.250000 34.693041 -2.926355
v -1.050000 64.730518 -2.926355
v -1.050000 34.693041 -2.926355
v -1.108579 64.730518 -2.784933
v -1.108579 34.693041 -2.784933
v -1.250000 64.730518 -2.726355
v -1.250000 34.693041 -2.726355
v -1.391421 64.730518 -2.784933
v -1.391421 34.693041 -2.784933
v -1.450000 64.730518 -2.926355
v -1.450000 34.693041 -2.926355
v -1.391421 64.730518 -3.067776
v -1.391421 34.693041 -3.067776
v -1.250000 64.730518 -3.126355
v -1.250000 34.693041 -3.126355
v -1.108579 64.730518 -3.067776
v -1.108579 34.693041 -3.067776
v 1.250000 63.876931 -5.740251
v 1.250000 33.839455 -5.740251
v 1.450000 63.876931 -5.740251
v 1.450000 33.839455 -5.740251
v 1.391421 63.876931 -5.598830
v 1.391421 33.839455 -5.598830
v 1.250000 63.876931 -5.540251
v 1.250000 33.839455 -5.540251
v 1.108579 63.876931 -5.598830
v 1.108579 33.839455 -5.598830
v 1.050000 63.876931 -5.740251
v 1.050000 33.839455 -5.740251
v 1.108579 63.876931 -5.881673
v 1.108579 33.839455 -5.881673
v 1.250000 63.876931 -5.940251
v 1.250000 33.839455 -5.940251
v 1.391421 63.876931 -5.881673
v 1.391421 33.839455 -5.881673
v -1.250000 63.876931 -5.740251
v -1.250000 33.839455 -5.740251
v -1.050000 63.876931 -5.740251
v -1.050000 33.839455 -5.740251
v -1.108579 63.876931 -5.598830
v -1.108579 33.839455 -5.598830
v -1.250000 63.876931 -5.540251
v -1.250000 33.839455 -5.540251
v -1.391421 63.876931 -5.598830
v -1.391421 33.839455 -5.598830
v -1.450000 63.876931 -5.740251
v -1.450000 33.839455 -5.740251
v -1.391421 63.876931 -5.881673
v -1.391421 33.839455 -5.881673
v -1.250000 63.876931 -5.940251
v -1.250000 33.839455 -5.940251
v -1.108579 63.876931 -5.881673
v -1.108579 33.839455 -5.881673
v 1.250000 62.490782 -8.333553
v 1.250000 32.453306 -8.333553
v 1.450000 62.490782 -8.333553
v 1.450000 32.453306 -8.333553
v 1.391421 62.490782 -8.192132
v 1.391421 32.453306 -8.192132
v 1.250000 62.490782 -8.133553
v 1.250000 32.453306 -8.133553
v 1.108579 62.490782 -8.192132
v 1.108579 32.453306 -8.192132
v 1.050000 62.490782 -8.333553
v 1.050000 32.453306 -8.333553
v 1.108579 62.490782 -8.474975
v 1.108579 32.453306 -8.474975
v 1.250000 62.490782 -8.533553
v 1.250000 32.453306 -8.533553
v 1.391421 62.490782 -8.474975
v 1.391421 32.453306 -8.474975
v -1.250000 62.490782 -8.333553
v -1.250000 32.453306 -8.333553
v -1.050000 62.490782 -8.333553
v -1.050000 32.453306 -8.333553
v -1.108579 62.490782 -8.192132
v -1.108579 32.453306 -8.192132
v -1.250000 62.490782 -8.133553
v -1.250000 32.453306 -8.133553
v -1.391421 62.490782 -8.192132
v -1.391421 32.453306 -8.192132
v -1.450000 62.490782 -8.333553
v -1.450000 32.453306 -8.333553
v -1.391421 62.490782 -8.474975
v -1.391421 32.453306 -8.474975
v -1.250000 62.490782 -8.533553
v -1.250000 32.453306 -8.533553
v -1.108579 62.490782 -8.474975
v -1.108579 32.453306 -8.474975
v 1.250000 60.625340 -10.606602
v 1.250000 30.587863 -10.606602
v 1.450000 60.625340 -10.606602
v 1.450000 30.587863 -10.606602
v 1.391421 60.625340 -10.465180
v 1.391421 30.587863 -10.465180
v 1.250000 60.625340 -10.406602
v 1.250000 30.587863 -10.406602
v 1.108579 60.625340 -10.465180
v 1.108579 30.587863 -10.465180
v 1.050000 60.625340 -10.606602
v 1.050000 30.587863 -10.606602
v 1.108579 60.625340 -10.748023
v 1.108579 30.587863 -10.748023
v 1.250000 60.625340 -10.806602
v 1.250000 30.587863 -10.806602
v 1.391421 60.625340 -10.748023
v 1.391421 30.587863 -10.748023
v -1.250000 60.625340 -10.606602
v -1.250000 30.587863 -10.606602
v -1.050000 60.625340 -10.606602
v -1.050000 30.587863 -10.606602
v -1.108579 60.625340 -10.465180
v -1.108579 30.587863 -10.465180
v -1.250000 60.625340 -10.406602
v -1.250000 30.587863 -10.406602
v -1.391421 60.625340 -10.465180
v -1.391421 30.587863 -10.465180
v -1.450000 60.625340 -10.606602
v -1.450000 30.587863 -10.606602
v -1.391421 60.625340 -10.748023
v -1.391421 30.587863 -10.748023
v -1.250000 60.625340 -10.806602
v -1.250000 30.587863 -10.806602
v -1.108579 60.625340 -10.748023
v -1.108579 30.587863 -10.748023
v 1.250000 58.352292 -12.472044
v 1.250000 28.314815 -12.472044
v 1.450000 58.352292 -12.472044
v 1.450000 28.314815 -12.472044
v 1.391421 58.352292 -12.330623
v 1.391421 28.314815 -12.330623
v 1.250000 58.352292 -12.272044
v 1.250000 28.314815 -12.272044
v 1.108579 58.352292 -12.330623
v 1.108579 28.314815 -12.330623
v 1.050000 58.352292 -12.472044
v 1.050000 28.314815 -12.472044
v 1.108579 58.352292 -12.613466
v 1.108579 28.314815 -12.613466
v 1.250000 58.352292 -12.672044
v 1.250000 28.314815 -12.672044
v 1.391421 58.352292 -12.613466
v 1.391421 28.314815 -12.613466
v -1.250000 58.352292 -12.472044
v -1.250000 28.314815 -12.472044
v -1.050000 58.352292 -12.472044
v -1.050000 28.314815 -12.472044
v -1.108579 58.352292 -12.330623
v -1.108579 28.314815 -12.330623
v -1.250000 58.352292 -12.272044
v -1.250000 28.314815 -12.272044
v -1.391421 58.352292 -12.330623
v -1.391421 28.314815 -12.330623
v -1.450000 58.352292 -12.472044
v -1.450000 28.314815 -12.472044
v -1.391421 58.352292 -12.613466
v -1.391421 28.314815 -12.613466
v -1.250000 58.352292 -12.672044
v -1.250000 28.314815 -12.672044
v -1.108579 58.352292 -12.613466
v -1.108579 28.314815 -12.613466
v 1.250000 55.758990 -13.858193
v 1.250000 25.721513 -13.858193
v 1.450000 55.758990 -13.858193
v 1.450000 25.721513 -13.858193
v 1.391421 55.758990 -13.716772
v 1.391421 25.721513 -13.716772
v 1.250000 55.758990 -13.658193
v 1.250000 25.721513 -13.658193
v 1.108579 55.758990 -13.716772
v 1.108579 25.721513 -13.716772
v 1.050000 55.758990 -13.858193
v 1.050000 25.721513 -13.858193
v 1.108579 55.758990 -13.999614
v 1.108579 25.721513 -13.999614
v 1.250000 55.758990 -14.058193
v 1.250000 25.721513 -14.058193
v 1.391421 55.758990 -13.999614
v 1.391421 25.721513 -13.999614
v -1.250000 55.758990 -13.858193
v -1.250000 25.721513 -13.858193
v -1.050000 55.758990 -13.858193
v -1.050000 25.721513 -13.858193
v -1.108579 55.758990 -13.716772
v -1.108579 25.721513 -13.716772
v -1.250000 55.758990 -13.658193
v -1.250000 25.721513 -13.658193
v -1.391421 55.758990 -13.716772
v -1.391421 25.721513 -13.716772
v -1.450000 55.758990 -13.858193
v -1.450000 25.721513 -13.858193
v -1.391421 55.758990 -13.999614
v -1.391421 25.721513 -13.999614
v -1.250000 55.758990 -14.058193
v -1.250000 25.721513 -14.058193
v -1.108579 55.758990 -13.999614
v -1.108579 25.721513 -13.999614
v 1.250000 52.945093 -14.711779
v 1.250000 22.907617 -14.711779
v 1.450000 52.945093 -14.711779
v 1.450000 22.907617 -14.711779
v 1.391421 52.945093 -14.570358
v 1.391421 22.907617 -14.570358
v 1.250000 52.945093 -14.511779
v 1.250000 22.907617 -14.511779
v 1.108579 52.945093 -14.570358
v 1.108579 22.907617 -14.570358
v 1.050000 52.945093 -14.711779
v 1.050000 22.907617 -14.711779
v 1.108579 52.945093 -14.853201
v 1.108579 22.907617 -14.853201
v 1.250000 52.945093 -14.911779
v 1.250000 22.907617 -14.911779
v 1.391421 52.945093 -14.853201
v 1.391421 22.907617 -14.853201
v -1.250000 52.945093 -14.711779
v -1.250000 22.907617 -14.711779
v -1.050000 52.945093 -14.711779
v -1.050000 22.907617 -14.711779
v -1.108579 52.945093 -14.570358
v -1.108579 22.907617 -14.570358
v -1.250000 52.945093 -14.511779
v -1.250000 22.907617 -14.511779
v -1.391421 52.945093 -14.570358
v -1.391421 22.907617 -14.570358
v -1.450000 52.945093 -14.711779
v -1.450000 22.907617 -14.711779
v -1.391421 52.945093 -14.853201
v -1.391421 22.907617 -14.853201
v -1.250000 52.945093 -14.911779
v -1.250000 22.907617 -14.911779
v -1.108579 52.945093 -14.853201
v -1.108579 22.907617 -14.853201
v 1.250000 50.018738 -15.000000
v 1.250000 19.981262 -15.000000
v 1.450000 50.018738 -15.000000
v 1.450000 19.981262 -15.000000
v 1.391421 50.018738 -14.858579
v 1.391421 19.981262 -14.858579
v 1.250000 50.018738 -14.800000
v 1.250000 19.981262 -14.800000
v 1.108579 50.018738 -14.858579
v 1.108579 19.981262 -14.858579
v 1.050000 50.018738 -15.000000
v 1.050000 19.981262 -15.000000
v 1.108579 50.018738 -15.141421
v 1.108579 19.981262 -15.141421
v 1.250000 50.018738 -15.200000
v 1.250000 19.981262 -15.200000
v 1.391421 50.018738 -15.141421
v 1.391421 19.981262 -15.141421
v -1.250000 50.018738 -15.000000
v -1.250000 19.981262 -15.000000
v -1.050000 50.018738 -15.000000
v -1.050000 19.981262 -15.000000
v -1.108579 50.018738 -14.858579
v -1.108579 19.981262 -14.858579
v -1.250000 50.018738 -14.800000
v -1.250000 19.981262 -14.800000
v -1.391421 50.018738 -14.858579
v -1.391421 19.981262 -14.858579
v -1.450000 50.018738 -15.000000
v -1.450000 19.981262 -15.000000
v -1.391421 50.018738 -15.141421
v -1.391421 19.981262 -15.141421
v -1.250000 50.018738 -15.200000
v -1.250000 19.981262 -15.200000
v -1.108579 50.018738 -15.141421
v -1.108579 19.981262 -15.141421
v 1.250000 47.092383 -14.711779
v 1.250000 17.054907 -14.711779
v 1.450000 47.092383 -14.711779
v 1.450000 17.054907 -14.711779
v 1.391421 47.092383 -14.570358
v 1.391421 17.054907 -14.570358
v 1.250000 47.092383 -14.511779
v 1.250000 17.054907 -14.511779
v 1.108579 47.092383 -14.570358
v 1.108579 17.054907 -14.570358
v 1.050000 47.092383 -14.711779
v 1.050000 17.054907 -14.711779
v 1.108579 47.092383 -14.853201
v 1.108579 17.054907 -14.853201
v 1.250000 47.092383 -14.911779
v 1.250000 17.054907 -14.911779
v 1.391421 47.092383 -14.853201
v 1.391421 17.054907 -14.853201
v -1.250000 47.092383 -14.711779
v -1.250000 17.054907 -14.711779
v -1.050000 47.092383 -14.711779
v -1.050000 17.054907 -14.711779
v -1.108579 47.092383 -14.570358
v -1.108579 17.054907 -14.570358
v -1.250000 47.092383 -14.511779
v -1.250000 17.054907 -14.511779
v -1.391421 47.092383 -14.570358
v -1.391421 17.054907 -14.570358
v -1.450000 47.092383 -14.711779
v -1.450000 17.054907 -14.711779
v -1.391421 47.092383 -14.853201
v -1.391421 17.054907 -14.853201
v -1.250000 47.092383 -14.911779
v -1.250000 17.054907 -14.911779
v -1.108579 47.092383 -14.853201
v -1.108579 17.054907 -14.853201
v 1.250000 44.278487 -13.858193
v 1.250000 14.241010 -13.858193
v 1.450000 44.278487 -13.858193
v 1.450000 14.241010 -13.858193
v 1.391421 44.278487 -13.716772
v 1.391421 14.241010 -13.716772
v 1.250000 44.278487 -13.658193
v 1.250000 14.241010 -13.658193
v 1.108579 44.278487 -13.716772
v 1.108579 14.241010 -13.716772
v 1.050000 44.278487 -13.858193
v 1.050000 14.241010 -13.858193
v 1.108579 44.278487 -13.999614
v 1.108579 14.241010 -13.999614
v 1.250000 44.278487 -14.058193
v 1.250000 14.241010 -14.058193
v 1.391421 44.278487 -13.999614
v 1.391421 14.241010 -13.999614
v -1.250000 44.278487 -13.858193
v -1.250000 14.241010 -13.858193
v -1.050000 44.278487 -13.858193
v -1.050000 14.241010 -13.858193
v -1.108579 44.278487 -13.716772
v -1.108579 14.241010 -13.716772
v -1.250000 44.278487 -13.658193
v -1.250000 14.241010 -13.658193
v -1.391421 44.278487 -13.716772
v -1.391421 14.241010 -13.716772
v -1.450000 44.278487 -13.858193
v -1.450000 14.241010 -13.858193
v -1.391421 44.278487 -13.999614
v -1.391421 14.241010 -13.999614
v -1.250000 44.278487 -14.058193
v -1.250000 14.241010 -14.058193
v -1.108579 44.278487 -13.999614
v -1.108579 14.241010 -13.999614
v 1.250000 41.685185 -12.472044
v 1.250000 11.647708 -12.472044
v 1.450000 41.685185 -12.472044
v 1.450000 11.647708 -12.472044
v 1.391421 41.685185 -12.330623
v 1.391421 11.647708 -12.330623
v 1.250000 41.685185 -12.272044
v 1.250000 11.647708 -12.272044
v 1.108579 41.685185 -12.330623
v 1.108579 11.647708 -12.330623
v 1.050000 41.685185 -12.472044
v 1.050000 11.647708 -12.472044
v 1.108579 41.685185 -12.613466
v 1.108579 11.647708 -12.613466
v 1.250000 41.685185 -12.672044
v 1.250000 11.647708 -12.672044
v 1.391421 41.685185 -12.613466
v 1.391421 11.647708 -12.613466
v -1.250000 41.685185 -12.472044
v -1.250000 11.647708 -12.472044
v -1.050000 41.685185 -12.472044
v -1.050000 11.647708 -12.472044
v -1.108579 41.685185 -12.330623
v -1.108579 11.647708 -12.330623
v -1.250000 41.685185 -12.272044
v -1.250000 11.647708 -12.272044
v -1.391421 41.685185 -12.330623
v -1.391421 11.647708 -12.330623
v -1.450000 41.685185 -12.472044
v -1.450000 11.647708 -12.472044
v -1.391421 41.685185 -12.613466
v -1.391421 11.647708 -12.613466
v -1.250000 41.685185 -12.672044
v -1.250000 11.647708 -12.672044
v -1.108579 41.685185 -12.613466
v -1.108579 11.647708 -12.613466
v 1.250000 39.412137 -10.606602
v 1.250000 9.374660 -10.606602
v 1.450000 39.412137 -10.606602
v 1.450000 9.374660 -10.606602
v 1.391421 39.412137 -10.465180
v 1.391421 9.374660 -10.465180
v 1.250000 39.412137 -10.406602
v 1.250000 9.374660 -10.406602
v 1.108579 39.412137 -10.465180
v 1.108579 9.374660 -10.465180
v 1.050000 39.412137 -10.606602
v 1.050000 9.374660 -10.606602
v 1.108579 39.412137 -10.748023
v 1.108579 9.374660 -10.748023
v 1.250000 39.412137 -10.806602
v 1.250000 9.374660 -10.806602
v 1.391421 39.412137 -10.748023
v 1.391421 9.374660 -10.748023
v -1.250000 39.412137 -10.606602
v -1.250000 9.374660 -10.606602
v -1.050000 39.412137 -10.606602
v -1.050000 9.374660 -10.606602
v -1.108579 39.412137 -10.465180
v -1.108579 9.374660 -10.465180
v -1.250000 39.412137 -10.406602
v -1.250000 9.374660 -10.406602
v -1.391421 39.412137 -10.465180
v -1.391421 9.374660 -10.465180
v -1.450000 39.412137 -10.606602
v -1.450000 9.374660 -10.606602
v -1.391421 39.412137 -10.748023
v -1.391421 9.374660 -10.748023
v -1.250000 39.412137 -10.806602
v -1.250000 9.374660 -10.806602
v -1.108579 39.412137 -10.748023
v -1.108579 9.374660 -10.748023
v 1.250000 37.546694 -8.333553
v 1.250000 7.509218 -8.333553
v 1.450000 37.546694 -8.333553
v 1.450000 7.509218 -8.333553
v 1.391421 37.546694 -8.192132
v 1.391421 7.509218 -8.192132
v 1.250000 37.546694 -8.133553
v 1.250000 7.509218 -8.133553
v 1.108579 37.546694 -8.192132
v 1.108579 7.509218 -8.192132
v 1.050000 37.546694 -8.333553
v 1.050000 7.509218 -8.333553
v 1.108579 37.546694 -8.474975
v 1.108579 7.509218 -8.474975
v 1.250000 37.546694 -8.533553
v 1.250000 7.509218 -8.533553
v 1.391421 37.546694 -8.474975
v 1.391421 7.509218 -8.474975
v -1.250000 37.546694 -8.333553
v -1.250000 7.509218 -8.333553
v -1.050000 37.546694 -8.333553
v -1.050000 7.509218 -8.333553
v -1.108579 37.546694 -8.192132
v -1.108579 7.509218 -8.192132
v -1.250000 37.546694 -8.133553
v -1.250000 7.509218 -8.133553
v -1.391421 37.546694 -8.192132
v -1.391421 7.509218 -8.192132
v -1.450000 37.546694 -8.333553
v -1.450000 7.509218 -8.333553
v -1.391421 37.546694 -8.474975
v -1.391421 7.509218 -8.474975
v -1.250000 37.546694 -8.533553
v -1.250000 7.509218 -8.533553
v -1.108579 37.546694 -8.474975
v -1.108579 7.509218 -8.474975
v 1.250000 36.160545 -5.740251
v 1.250000 6.123069 -5.740251
v 1.450000 36.160545 -5.740251
v 1.450000 6.123069 -5.740251
v 1.391421 36.160545 -5.598830
v 1.391421 6.123069 -5.598830
v 1.250000 36.160545 -5.540251
v 1.250000 6.123069 -5.540251
v 1.108579 36.160545 -5.598830
v 1.108579 6.123069 -5.598830
v 1.050000 36.160545 -5.740251
v 1.050000 6.123069 -5.740251
v 1.108579 36.160545 -5.881673
v 1.108579 6.123069 -5.881673
v 1.250000 36.160545 -5.940251
v 1.250000 6.123069 -5.940251
v 1.391421 36.160545 -5.881673
v 1.391421 6.123069 -5.881673
v -1.250000 36.160545 -5.740251
v -1.250000 6.123069 -5.740251
v -1.050000 36.160545 -5.740251
v -1.050000 6.123069 -5.740251
v -1.108579 36.160545 -5.598830
v -1.108579 6.123069 -5.598830
v -1.250000 36.160545 -5.540251
v -1.250000 6.123069 -5.540251
v -1.391421 36.160545 -5.598830
v -1.391421 6.123069 -5.598830
v -1.450000 36.160545 -5.740251
v -1.450000 6.123069 -5.740251
v -1.391421 36.160545 -5.881673
v -1.391421 6.123069 -5.881673
v -1.250000 36.160545 -5.940251
v -1.250000 6.123069 -5.940251
v -1.108579 36.160545 -5.881673
v -1.108579 6.123069 -5.881673
v 1.250000 35.306959 -2.926355
v 1.250000 5.269482 -2.926355
v 1.450000 35.306959 -2.926355
v 1.450000 5.269482 -2.926355
v 1.391421 35.306959 -2.784933
v 1.391421 5.269482 -2.784933
v 1.250000 35.306959 -2.726355
v 1.250000 5.269482 -2.726355
v 1.108579 35.306959 -2.784933
v 1.108579 5.269482 -2.784933
v 1.050000 35.306959 -2.926355
v 1.050000 5.269482 -2.926355
v 1.108579 35.306959 -3.067776
v 1.108579 5.269482 -3.067776
v 1.250000 35.306959 -3.126355
v 1.250000 5.269482 -3.126355
v 1.391421 35.306959 -3.067776
v 1.391421 5.269482 -3.067776
v -1.250000 35.306959 -2.926355
v -1.250000 5.269482 -2.926355
v -1.050000 35.306959 -2.926355
v -1.050000 5.269482 -2.926355
v -1.108579 35.306959 -2.784933
v -1.108579 5.269482 -2.784933
v -1.250000 35.306959 -2.726355
v -1.250000 5.269482 -2.726355
v -1.391421 35.306959 -2.784933
v -1.391421 5.269482 -2.784933
v -1.450000 35.306959 -2.926355
v -1.450000 5.269482 -2.926355
v -1.391421 35.306959 -3.067776
v -1.391421 5.269482 -3.067776
v -1.250000 35.306959 -3.126355
v -1.250000 5.269482 -3.126355
v -1.108579 35.306959 -3.067776
v -1.108579 5.269482 -3.067776
v 1.250000 35.018738 -0.000000
v 1.250000 4.981262 -0.000000
v 1.450000 35.018738 -0.000000
v 1.450000 4.981262 -0.000000
v 1.391421 35.018738 0.141421
v 1.391421 4.981262 0.141421
v 1.250000 35.018738 0.200000
v 1.250000 4.981262 0.200000
v 1.108579 35.018738 0.141421
v 1.108579 4.981262 0.141421
v 1.050000 35.018738 -0.000000
v 1.050000 4.981262 -0.000000
v 1.108579 35.018738 -0.141421
v 1.108579 4.981262 -0.141421
v 1.250000 35.018738 -0.200000
v 1.250000 4.981262 -0.200000
v 1.391421 35.018738 -0.141421
v 1.391421 4.981262 -0.141421
v -1.250000 35.018738 -0.000000
v -1.250000 4.981262 -0.000000
v -1.050000 35.018738 -0.000000
v -1.050000 4.981262 -0.000000
v -1.108579 35.018738 0.141421
v -1.108579 4.981262 0.141421
v -1.250000 35.018738 0.200000
v -1.250000 4.981262 0.200000
v -1.391421 35.018738 0.141421
v -1.391421 4.981262 0.141421
v -1.450000 35.018738 -0.000000
v -1.450000 4.981262 -0.000000
v -1.391421 35.018738 -0.141421
v -1.391421 4.981262 -0.141421
v -1.250000 35.018738 -0.200000
v -1.250000 4.981262 -0.200000
v -1.108579 35.018738 -0.141421
v -1.108579 4.981262 -0.141421
v 1.250000 35.306959 2.926355
v 1.250000 5.269482 2.926355
v 1.450000 35.306959 2.926355
v 1.450000 5.269482 2.926355
v 1.391421 35.306959 3.067776
v 1.391421 5.269482 3.067776
v 1.250000 35.306959 3.126355
v 1.250000 5.269482 3.126355
v 1.108579 35.306959 3.067776
v 1.108579 5.269482 3.067776
v 1.050000 35.306959 2.926355
v 1.050000 5.269482 2.926355
v 1.108579 35.306959 2.784933
v 1.108579 5.269482 2.784933
v 1.250000 35.306959 2.726355
v 1.250000 5.269482 2.726355
v 1.391421 35.306959 2.784933
v 1.391421 5.269482 2.784933
v -1.250000 35.306959 2.926355
v -1.250000 5.269482 2.926355
v -1.050000 35.306959 2.926355
v -1.050000 5.269482 2.926355
v -1.108579 35.306959 3.067776
v -1.108579 5.269482 3.067776
v -1.250000 35.306959 3.126355
v -1.250000 5.269482 3.126355
v -1.391421 35.306959 3.067776
v -1.391421 5.269482 3.067776
v -1.450000 35.306959 2.926355
v -1.450000 5.269482 2.926355
v -1.391421 35.306959 2.784933
v -1.391421 5.269482 2.784933
v -1.250000 35.306959 2.726355
v -1.250000 5.269482 2.726355
v -1.108579 35.306959 2.784933
v -1.108579 5.269482 2.784933
v 1.250000 36.160545 5.740251
v 1.250000 6.123069 5.740251
v 1.450000 36.160545 5.740251
v 1.450000 6.123069 5.740251
v 1.391421 36.160545 5.881673
v 1.391421 6.123069 5.881673
v 1.250000 36.160545 5.940251
v 1.250000 6.123069 5.940251
v 1.108579 36.160545 5.881673
v 1.108579 6.123069 5.881673
v 1.050000 36.160545 5.740251
v 1.050000 6.123069 5.740251
v 1.108579 36.160545 5.598830
v 1.108579 6.123069 5.598830
v 1.250000 36.160545 5.540251
v 1.250000 6.123069 5.540251
v 1.391421 36.160545 5.598830
v 1.391421 6.123069 5.598830
v -1.250000 36.160545 5.740251
v -1.250000 6.123069 5.740251
v -1.050000 36.160545 5.740251
v -1.050000 6.123069 5.740251
v -1.108579 36.160545 5.881673
v -1.108579 6.123069 5.881673
v -1.250000 36.160545 5.940251
v -1.250000 6.123069 5.940251
v -1.391421 36.160545 5.881673
v -1.391421 6.123069 5.881673
v -1.450000 36.160545 5.740251
v -1.450000 6.123069 5.740251
v -1.391421 36.160545 5.598830
v -1.391421 6.123069 5.598830
v -1.250000 36.160545 5.540251
v -1.250000 6.123069 5.540251
v -1.108579 36.160545 5.598830
v -1.108579 6.123069 5.598830
v 1.250000 37.546694 8.333553
v 1.250000 7.509218 8.333553
v 1.450000 37.546694 8.333553
v 1.450000 7.509218 8.333553
v 1.391421 37.546694 8.474975
v 1.391421 7.509218 8.474975
v 1.250000 37.546694 8.533553
v 1.250000 7.509218 8.533553
v 1.108579 37.546694 8.474975
v 1.108579 7.509218 8.474975
v 1.050000 37.546694 8.333553
v 1.050000 7.509218 8.333553
v 1.108579 37.546694 8.192132
v 1.108579 7.509218 8.192132
v 1.250000 37.546694 8.133553
v 1.250000 7.509218 8.133553
v 1.391421 37.546694 8.192132
v 1.391421 7.509218 8.192132
v -1.250000 37.546694 8.333553
v -1.250000 7.509218 8.333553
v -1.050000 37.546694 8.333553
v -1.050000 7.509218 8.333553
v -1.108579 37.546694 8.474975
v -1.108579 7.509218 8.474975
v -1.250000 37.546694 8.533553
v -1.250000 7.509218 8.533553
v -1.391421 37.546694 8.474975
v -1.391421 7.509218 8.474975
v -1.450000 37.546694 8.333553
v -1.450000 7.509218 8.333553
v -1.391421 37.546694 8.192132
v -1.391421 7.509218 8.192132
v -1.250000 37.546694 8.133553
v -1.250000 7.509218 8.133553
v -1.108579 37.546694 8.192132
v -1.108579 7.509218 8.192132
v 1.250000 39.412137 10.606602
v 1.250000 9.374660 10.606602
v 1.450000 39.412137 10.606602
v 1.450000 9.374660 10.606602
v 1.391421 39.412137 10.748023
v 1.391421 9.374660 10.748023
v 1.250000 39.412137 10.806602
v 1.250000 9.374660 10.806602
v 1.108579 39.412137 10.748023
v 1.108579 9.374660 10.748023
v 1.050000 39.412137 10.606602
v 1.050000 9.374660 10.606602
v 1.108579 39.412137 10.465180
v 1.108579 9.374660 10.465180
v 1.250000 39.412137 10.406602
v 1.250000 9.374660 10.406602
v 1.391421 39.412137 10.465180
v 1.391421 9.374660 10.465180
v -1.250000 39.412137 10.606602
v -1.250000 9.374660 10.606602
v -1.050000 39.412137 10.606602
v -1.050000 9.374660 10.606602
v -1.108579 39.412137 10.748023
v -1.108579 9.374660 10.748023
v -1.250000 39.412137 10.806602
v -1.250000 9.374660 10.806602
v -1.391421 39.412137 10.748023
v -1.391421 9.374660 10.748023
v -1.450000 39.412137 10.606602
v -1.450000 9.374660 10.606602
v -1.391421 39.412137 10.465180
v -1.391421 9.374660 10.465180
v -1.250000 39.412137 10.406602
v -1.250000 9.374660 10.406602
v -1.108579 39.412137 10.465180
v -1.108579 9.374660 10.465180
v 1.250000 41.685185 12.472044
v 1.250000 11.647708 12.472044
v 1.450000 41.685185 12.472044
v 1.450000 11.647708 12.472044
v 1.391421 41.685185 12.613466
v 1.391421 11.647708 12.613466
v 1.250000 41.685185 12.672044
v 1.250000 11.647708 12.672044
v 1.108579 41.685185 12.613466
v 1.108579 11.647708 12.613466
v 1.050000 41.685185 12.472044
v 1.050000 11.647708 12.472044
v 1.108579 41.685185 12.330623
v 1.108579 11.647708 12.330623
v 1.250000 41.685185 12.272044
v 1.250000 11.647708 12.272044
v 1.391421 41.685185 12.330623
v 1.391421 11.647708 12.330623
v -1.250000 41.685185 12.472044
v -1.250000 11.647708 12.472044
v -1.050000 41.685185 12.472044
v -1.050000 11.647708 12.472044
v -1.108579 41.685185 12.613466
v -1.108579 11.647708 12.613466
v -1.250000 41.685185 12.672044
v -1.250000 11.647708 12.672044
v -1.391421 41.685185 12.613466
v -1.391421 11.647708 12.613466
v -1.450000 41.685185 12.472044
v -1.450000 11.647708 12.472044
v -1.391421 41.685185 12.330623
v -1.391421 11.647708 12.330623
v -1.250000 41.685185 12.272044
v -1.250000 11.647708 12.272044
v -1.108579 41.685185 12.330623
v -1.108579 11.647708 12.330623
v 1.250000 44.278487 13.858193
v 1.250000 14.241010 13.858193
v 1.450000 44.278487 13.858193
v 1.450000 14.241010 13.858193
v 1.391421 44.278487 13.999614
v 1.391421 14.241010 13.999614
v 1.250000 44.278487 14.058193
v 1.250000 14.241010 14.058193
v 1.108579 44.278487 13.999614
v 1.108579 14.241010 13.999614
v 1.050000 44.278487 13.858193
v 1.050000 14.241010 13.858193
v 1.108579 44.278487 13.716772
v 1.108579 14.241010 13.716772
v 1.250000 44.278487 13.658193
v 1.250000 14.241010 13.658193
v 1.391421 44.278487 13.716772
v 1.391421 14.241010 13.716772
v -1.250000 44.278487 13.858193
v -1.250000 14.241010 13.858193
v -1.050000 44.278487 13.858193
v -1.050000 14.241010 13.858193
v -1.108579 44.278487 13.999614
v -1.108579 14.241010 13.999614
v -1.250000 44.278487 14.058193
v -1.250000 14.241010 14.058193
v -1.391421 44.278487 13.999614
v -1.391421 14.241010 13.999614
v -1.450000 44.278487 13.858193
v -1.450000 14.241010 13.858193
v -1.391421 44.278487 13.716772
v -1.391421 14.241010 13.716772
v -1.250000 44.278487 13.658193
v -1.250000 14.241010 13.658193
v -1.108579 44.278487 13.716772
v -1.108579 14.241010 13.716772
v 1.250000 47.092383 14.711779
v 1.250000 17.054907 14.711779
v 1.450000 47.092383 14.711779
v 1.450000 17.054907 14.711779
v 1.391421 47.092383 14.853201
v 1.391421 17.054907 14.853201
v 1.250000 47.092383 14.911779
v 1.250000 17.054907 14.911779
v 1.108579 47.092383 14.853201
v 1.108579 17.054907 14.853201
v 1.050000 47.092383 14.711779
v 1.050000 17.054907 14.711779
v 1.108579 47.092383 14.570358
v 1.108579 17.054907 14.570358
v 1.250000 47.092383 14.511779
v 1.250000 17.054907 14.511779
v 1.391421 47.092383 14.570358
v 1.391421 17.054907 14.570358
v -1.250000 47.092383 14.711779
v -1.250000 17.054907 14.711779
v -1.050000 47.092383 14.711779
v -1.050000 17.054907 14.711779
v -1.108579 47.092383 14.853201
v -1.108579 17.054907 14.853201
v -1.250000 47.092383 14.911779
v -1.250000 17.054907 14.911779
v -1.391421 47.092383 14.853201
v -1.391421 17.054907 14.853201
v -1.450000 47.092383 14.711779
v -1.450000 17.054907 14.711779
v -1.391421 47.092383 14.570358
v -1.391421 17.054907 14.570358
v -1.250000 47.092383 14.511779
v -1.250000 17.054907 14.511779
v -1.108579 47.092383 14.570358
v -1.108579 17.054907 14.570358
v 0.000000 35.000000 30.000000
v 0.000000 33.500000 30.000000
v 0.100000 35.000000 30.000000
v 0.100000 33.500000 30.000000
v 0.070711 35.000000 30.070711
v 0.070711 33.500000 30.070711
v 0.000000 35.000000 30.100000
v 0.000000 33.500000 30.100000
v -0.070711 35.000000 30.070711
v -0.070711 33.500000 30.070711
v -0.100000 35.000000 30.000000
v -0.100000 33.500000 30.000000
v -0.070711 35.000000 29.929289
v -0.070711 33.500000 29.929289
v -0.000000 35.000000 29.900000
v -0.000000 33.500000 29.900000
v 0.070711 35.000000 29.929289
v 0.070711 33.500000 29.929289
v 0.000000 33.500000 30.000000
v 0.000000 31.000000 30.000000
v 1.250000 33.500000 30.000000
v 1.250000 31.000000 30.000000
v 0.883883 33.500000 30.883883
v 0.883883 31.000000 30.883883
v 0.000000 33.500000 31.250000
v 0.000000 31.000000 31.250000
v -0.883883 33.500000 30.883883
v -0.883883 31.000000 30.883883
v -1.250000 33.500000 30.000000
v -1.250000 31.000000 30.000000
v -0.883883 33.500000 29.116117
v -0.883883 31.000000 29.116117
v -0.000000 33.500000 28.750000
v -0.000000 31.000000 28.750000
v 0.883883 33.500000 29.116117
v 0.883883 31.000000 29.116117
v 0.000000 32.500000 30.000000
v 0.000000 32.000000 30.000000
v 1.375000 32.000000 30.000000
v 0.972272 32.000000 30.972272
v 0.000000 32.000000 31.375000
v -0.972272 32.000000 30.972272
v -1.375000 32.000000 30.000000
v -0.972272 32.000000 29.027728
v -0.000000 32.000000 28.625000
v 0.972272 32.000000 29.027728
v 0.000000 31.050000 30.000000
v 0.000000 30.950000 30.000000
v 1.250000 31.050000 30.000000
v 1.250000 30.950000 30.000000
v 0.883883 31.050000 30.883883
v 0.883883 30.950000 30.883883
v 0.000000 31.050000 31.250000
v 0.000000 30.950000 31.250000
v -0.883883 31.050000 30.883883
v -0.883883 30.950000 30.883883
v -1.250000 31.050000 30.000000
v -1.250000 30.950000 30.000000
v -0.883883 31.050000 29.116117
v -0.883883 30.950000 29.116117
v -0.000000 31.050000 28.750000
v -0.000000 30.950000 28.750000
v 0.883883 31.050000 29.116117
v 0.883883 30.950000 29.116117
v 0.000000 46.480503 27.716386
v 0.000000 44.980503 27.716386
v 0.100000 46.480503 27.716386
v 0.100000 44.980503 27.716386
v 0.070711 46.480503 27.787097
v 0.070711 44.980503 27.787097
v 0.000000 46.480503 27.816386
v 0.000000 44.980503 27.816386
v -0.070711 46.480503 27.787097
v -0.070711 44.980503 27.787097
v -0.100000 46.480503 27.716386
v -0.100000 44.980503 27.716386
v -0.070711 46.480503 27.645675
v -0.070711 44.980503 27.645675
v -0.000000 46.480503 27.616386
v -0.000000 44.980503 27.616386
v 0.070711 46.480503 27.645675
v 0.070711 44.980503 27.645675
v 0.000000 44.980503 27.716386
v 0.000000 42.480503 27.716386
v 1.250000 44.980503 27.716386
v 1.250000 42.480503 27.716386
v 0.883883 44.980503 28.600269
v 0.883883 42.480503 28.600269
v 0.000000 44.980503 28.966386
v 0.000000 42.480503 28.966386
v -0.883883 44.980503 28.600269
v -0.883883 42.480503 28.600269
v -1.250000 44.980503 27.716386
v -1.250000 42.480503 27.716386
v -0.883883 44.980503 26.832502
v -0.883883 42.480503 26.832502
v -0.000000 44.980503 26.466386
v -0.000000 42.480503 26.466386
v 0.883883 44.980503 26.832502
v 0.883883 42.480503 26.832502
v 0.000000 43.980503 27.716386
v 0.000000 43.480503 27.716386
v 1.375000 43.480503 27.716386
v 0.972272 43.480503 28.688658
v 0.000000 43.480503 29.091386
v -0.972272 43.480503 28.688658
v -1.375000 43.480503 27.716386
v -0.972272 43.480503 26.744114
v -0.000000 43.480503 26.341386
v 0.972272 43.480503 26.744114
v 0.000000 42.530503 27.716386
v 0.000000 42.430503 27.716386
v 1.250000 42.530503 27.716386
v 1.250000 42.430503 27.716386
v 0.883883 42.530503 28.600269
v 0.883883 42.430503 28.600269
v 0.000000 42.530503 28.966386
v 0.000000 42.430503 28.966386
v -0.883883 42.530503 28.600269
v -0.883883 42.430503 28.600269
v -1.250000 42.530503 27.716386
v -1.250000 42.430503 27.716386
v -0.883883 42.530503 26.832502
v -0.883883 42.430503 26.832502
v -0.000000 42.530503 26.466386
v -0.000000 42.430503 26.466386
v 0.883883 42.530503 26.832502
v 0.883883 42.430503 26.832502
v 0.000000 56.213203 21.213203
v 0.000000 54.713203 21.213203
v 0.100000 56.213203 21.213203
v 0.100000 54.713203 21.213203
v 0.070711 56.213203 21.283914
v 0.070711 54.713203 21.283914
v 0.000000 56.213203 21.313203
v 0.000000 54.713203 21.313203
v -0.070711 56.213203 21.283914
v -0.070711 54.713203 21.283914
v -0.100000 56.213203 21.213203
v -0.100000 54.713203 21.213203
v -0.070711 56.213203 21.142493
v -0.070711 54.713203 21.142493
v -0.000000 56.213203 21.113203
v -0.000000 54.713203 21.113203
v 0.070711 56.213203 21.142493
v 0.070711 54.713203 21.142493
v 0.000000 54.713203 21.213203
v 0.000000 52.213203 21.213203
v 1.250000 54.713203 21.213203
v 1.250000 52.213203 21.213203
v 0.883883 54.713203 22.097087
v 0.883883 52.213203 22.097087
v 0.000000 54.713203 22.463203
v 0.000000 52.213203 22.463203
v -0.883883 54.713203 22.097087
v -0.883883 52.213203 22.097087
v -1.250000 54.713203 21.213203
v -1.250000 52.213203 21.213203
v -0.883883 54.713203 20.329320
v -0.883883 52.213203 20.329320
v -0.000000 54.713203 19.963203
v -0.000000 52.213203 19.963203
v 0.883883 54.713203 20.329320
v 0.883883 52.213203 20.329320
v 0.000000 53.713203 21.213203
v 0.000000 53.213203 21.213203
v 1.375000 53.213203 21.213203
v 0.972272 53.213203 22.185475
v 0.000000 53.213203 22.588203
v -0.972272 53.213203 22.185475
v -1.375000 53.213203 21.213203
v -0.972272 53.213203 20.240932
v -0.000000 53.213203 19.838203
v 0.972272 53.213203 20.240932
v 0.000000 52.263203 21.213203
v 0.000000 52.163203 21.213203
v 1.250000 52.263203 21.213203
v 1.250000 52.163203 21.213203
v 0.883883 52.263203 22.097087
v 0.883883 52.163203 22.097087
v 0.000000 52.263203 22.463203
v 0.000000 52.163203 22.463203
v -0.883883 52.263203 22.097087
v -0.883883 52.163203 22.097087
v -1.250000 52.263203 21.213203
v -1.250000 52.163203 21.213203
v -0.883883 52.263203 20.329320
v -0.883883 52.163203 20.329320
v -0.000000 52.263203 19.963203
v -0.000000 52.163203 19.963203
v 0.883883 52.263203 20.329320
v 0.883883 52.163203 20.329320
v 0.000000 62.716386 11.480503
v 0.000000 61.216386 11.480503
v 0.100000 62.716386 11.480503
v 0.100000 61.216386 11.480503
v 0.070711 62.716386 11.551214
v 0.070711 61.216386 11.551214
v 0.000000 62.716386 11.580503
v 0.000000 61.216386 11.580503
v -0.070711 62.716386 11.551214
v -0.070711 61.216386 11.551214
v -0.100000 62.716386 11.480503
v -0.100000 61.216386 11.480503
v -0.070711 62.716386 11.409792
v -0.070711 61.216386 11.409792
v -0.000000 62.716386 11.380503
v -0.000000 61.216386 11.380503
v 0.070711 62.716386 11.409792
v 0.070711 61.216386 11.409792
v 0.000000 61.216386 11.480503
v 0.000000 58.716386 11.480503
v 1.250000 61.216386 11.480503
v 1.250000 58.716386 11.480503
v 0.883883 61.216386 12.364386
v 0.883883 58.716386 12.364386
v 0.000000 61.216386 12.730503
v 0.000000 58.716386 12.730503
v -0.883883 61.216386 12.364386
v -0.883883 58.716386 12.364386
v -1.250000 61.216386 11.480503
v -1.250000 58.716386 11.480503
v -0.883883 61.216386 10.596619
v -0.883883 58.716386 10.596619
v -0.000000 61.216386 10.230503
v -0.000000 58.716386 10.230503
v 0.883883 61.216386 10.596619
v 0.883883 58.716386 10.596619
v 0.000000 60.216386 11.480503
v 0.000000 59.716386 11.480503
v 1.375000 59.716386 11.480503
v 0.972272 59.716386 12.452775
v 0.000000 59.716386 12.855503
v -0.972272 59.716386 12.452775
v -1.375000 59.716386 11.480503
v -0.972272 59.716386 10.508231
v -0.000000 59.716386 10.105503
v 0.972272 59.716386 10.508231
v 0.000000 58.766386 11.480503
v 0.000000 58.666386 11.480503
v 1.250000 58.766386 11.480503
v 1.250000 58.666386 11.480503
v 0.883883 58.766386 12.364386
v 0.883883 58.666386 12.364386
v 0.000000 58.766386 12.730503
v 0.000000 58.666386 12.730503
v -0.883883 58.766386 12.364386
v -0.883883 58.666386 12.364386
v -1.250000 58.766386 11.480503
v -1.250000 58.666386 11.480503
v -0.883883 58.766386 10.596619
v -0.883883 58.666386 10.596619
v -0.000000 58.766386 10.230503
v -0.000000 58.666386 10.230503
v 0.883883 58.766386 10.596619
v 0.883883 58.666386 10.596619
v 0.000000 65.000000 0.000000
v 0.000000 63.500000 0.000000
v 0.100000 65.000000 0.000000
v 0.100000 63.500000 0.000000
v 0.070711 65.000000 0.070711
v 0.070711 63.500000 0.070711
v 0.000000 65.000000 0.100000
v 0.000000 63.500000 0.100000
v -0.070711 65.000000 0.070711
v -0.070711 63.500000 0.070711
v -0.100000 65.000000 0.000000
v -0.100000 63.500000 0.000000
v -0.070711 65.000000 -0.070711
v -0.070711 63.500000 -0.070711
v -0.000000 65.000000 -0.100000
v -0.000000 63.500000 -0.100000
v 0.070711 65.000000 -0.070711
v 0.070711 63.500000 -0.070711
v 0.000000 63.500000 0.000000
v 0.000000 61.000000 0.000000
v 1.250000 63.500000 0.000000
v 1.250000 61.000000 0.000000
v 0.883883 63.500000 0.883883
v 0.883883 61.000000 0.883883
v 0.000000 63.500000 1.250000
v 0.000000 61.000000 1.250000
v -0.883883 63.500000 0.883883
v -0.883883 61.000000 0.883883
v -1.250000 63.500000 0.000000
v -1.250000 61.000000 0.000000
v -0.883883 63.500000 -0.883883
v -0.883883 61.000000 -0.883883
v -0.000000 63.500000 -1.250000
v -0.000000 61.000000 -1.250000
v 0.883883 63.500000 -0.883883
v 0.883883 61.000000 -0.883883
v 0.000000 62.500000 0.000000
v 0.000000 62.000000 0.000000
v 1.375000 62.000000 0.000000
v 0.972272 62.000000 0.972272
v 0.000000 62.000000 1.375000
v -0.972272 62.000000 0.972272
v -1.375000 62.000000 0.000000
v -0.972272 62.000000 -0.972272
v -0.000000 62.000000 -1.375000
v 0.972272 62.000000 -0.972272
v 0.000000 61.050000 0.000000
v 0.000000 60.950000 0.000000
v 1.250000 61.050000 0.000000
v 1.250000 60.950000 0.000000
v 0.883883 61.050000 0.883883
v 0.883883 60.950000 0.883883
v 0.000000 61.050000 1.250000
v 0.000000 60.950000 1.250000
v -0.883883 61.050000 0.883883
v -0.883883 60.950000 0.883883
v -1.250000 61.050000 0.000000
v -1.250000 60.950000 0.000000
v -0.883883 61.050000 -0.883883
v -0.883883 60.950000 -0.883883
v -0.000000 61.050000 -1.250000
v -0.000000 60.950000 -1.250000
v 0.883883 61.050000 -0.883883
v 0.883883 60.950000 -0.883883
v 0.000000 62.716386 -11.480503
v 0.000000 61.216386 -11.480503
v 0.100000 62.716386 -11.480503
v 0.100000 61.216386 -11.480503
v 0.070711 62.716386 -11.409792
v 0.070711 61.216386 -11.409792
v 0.000000 62.716386 -11.380503
v 0.000000 61.216386 -11.380503
v -0.070711 62.716386 -11.409792
v -0.070711 61.216386 -11.409792
v -0.100000 62.716386 -11.480503
v -0.100000 61.216386 -11.480503
v -0.070711 62.716386 -11.551214
v -0.070711 61.216386 -11.551214
v -0.000000 62.716386 -11.580503
v -0.000000 61.216386 -11.580503
v 0.070711 62.716386 -11.551214
v 0.070711 61.216386 -11.551214
v 0.000000 61.216386 -11.480503
v 0.000000 58.716386 -11.480503
v 1.250000 61.216386 -11.480503
v 1.250000 58.716386 -11.480503
v 0.883883 61.216386 -10.596619
v 0.883883 58.716386 -10.596619
v 0.000000 61.216386 -10.230503
v 0.000000 58.716386 -10.230503
v -0.883883 61.216386 -10.596619
v -0.883883 58.716386 -10.596619
v -1.250000 61.216386 -11.480503
v -1.250000 58.716386 -11.480503
v -0.883883 61.216386 -12.364386
v -0.883883 58.716386 -12.364386
v -0.000000 61.216386 -12.730503
v -0.000000 58.716386 -12.730503
v 0.883883 61.216386 -12.364386
v 0.883883 58.716386 -12.364386
v 0.000000 60.216386 -11.480503
v 0.000000 59.716386 -11.480503
v 1.375000 59.716386 -11.480503
v 0.972272 59.716386 -10.508231
v 0.000000 59.716386 -10.105503
v -0.972272 59.716386 -10.508231
v -1.375000 59.716386 -11.480503
v -0.972272 59.716386 -12.452775
v -0.000000 59.716386 -12.855503
v 0.972272 59.716386 -12.452775
v 0.000000 58.766386 -11.480503
v 0.000000 58.666386 -11.480503
v 1.250000 58.766386 -11.480503
v 1.250000 58.666386 -11.480503
v 0.883883 58.766386 -10.596619
v 0.883883 58.666386 -10.596619
v 0.000000 58.766386 -10.230503
v 0.000000 58.666386 -10.230503
v -0.883883 58.766386 -10.596619
v -0.883883 58.666386 -10.596619
v -1.250000 58.766386 -11.480503
v -1.250000 58.666386 -11.480503
v -0.883883 58.766386 -12.364386
v -0.883883 58.666386 -12.364386
v -0.000000 58.766386 -12.730503
v -0.000000 58.666386 -12.730503
v 0.883883 58.766386 -12.364386
v 0.883883 58.666386 -12.364386
v 0.000000 56.213203 -21.213203
v 0.000000 54.713203 -21.213203
v 0.100000 56.213203 -21.213203
v 0.100000 54.713203 -21.213203
v 0.070711 56.213203 -21.142493
v 0.070711 54.713203 -21.142493
v 0.000000 56.213203 -21.113203
v 0.000000 54.713203 -21.113203
v -0.070711 56.213203 -21.142493
v -0.070711 54.713203 -21.142493
v -0.100000 56.213203 -21.213203
v -0.100000 54.713203 -21.213203
v -0.070711 56.213203 -21.283914
v -0.070711 54.713203 -21.283914
v -0.000000 56.213203 -21.313203
v -0.000000 54.713203 -21.313203
v 0.070711 56.213203 -21.283914
v 0.070711 54.713203 -21.283914
v 0.000000 54.713203 -21.213203
v 0.000000 52.213203 -21.213203
v 1.250000 54.713203 -21.213203
v 1.250000 52.213203 -21.213203
v 0.883883 54.713203 -20.329320
v 0.883883 52.213203 -20.329320
v 0.000000 54.713203 -19.963203
v 0.000000 52.213203 -19.963203
v -0.883883 54.713203 -20.329320
v -0.883883 52.213203 -20.329320
v -1.250000 54.713203 -21.213203
v -1.250000 52.213203 -21.213203
v -0.883883 54.713203 -22.097087
v -0.883883 52.213203 -22.097087
v -0.000000 54.713203 -22.463203
v -0.000000 52.213203 -22.463203
v 0.883883 54.713203 -22.097087
v 0.883883 52.213203 -22.097087
v 0.000000 53.713203 -21.213203
v 0.000000 53.213203 -21.213203
v 1.375000 53.213203 -21.213203
v 0.972272 53.213203 -20.240932
v 0.000000 53.213203 -19.838203
v -0.972272 53.213203 -20.240932
v -1.375000 53.213203 -21.213203
v -0.972272 53.213203 -22.185475
v -0.000000 53.213203 -22.588203
v 0.972272 53.213203 -22.185475
v 0.000000 52.263203 -21.213203
v 0.000000 52.163203 -21.213203
v 1.250000 52.263203 -21.213203
v 1.250000 52.163203 -21.213203
v 0.883883 52.263203 -20.329320
v 0.883883 52.163203 -20.329320
v 0.000000 52.263203 -19.963203
v 0.000000 52.163203 -19.963203
v -0.883883 52.263203 -20.329320
v -0.883883 52.163203 -20.329320
v -1.250000 52.263203 -21.213203
v -1.250000 52.163203 -21.213203
v -0.883883 52.263203 -22.097087
v -0.883883 52.163203 -22.097087
v -0.000000 52.263203 -22.463203
v -0.000000 52.163203 -22.463203
v 0.883883 52.263203 -22.097087
v 0.883883 52.163203 -22.097087
v 0.000000 46.480503 -27.716386
v 0.000000 44.980503 -27.716386
v 0.100000 46.480503 -27.716386
v 0.100000 44.980503 -27.716386
v 0.070711 46.480503 -27.645675
v 0.070711 44.980503 -27.645675
v 0.000000 46.480503 -27.616386
v 0.000000 44.980503 -27.616386
v -0.070711 46.480503 -27.645675
v -0.070711 44.980503 -27.645675
v -0.100000 46.480503 -27.716386
v -0.100000 44.980503 -27.716386
v -0.070711 46.480503 -27.787097
v -0.070711 44.980503 -27.787097
v -0.000000 46.480503 -27.816386
v -0.000000 44.980503 -27.816386
v 0.070711 46.480503 -27.787097
v 0.070711 44.980503 -27.787097
v 0.000000 44.980503 -27.716386
v 0.000000 42.480503 -27.716386
v 1.250000 44.980503 -27.716386
v 1.250000 42.480503 -27.716386
v 0.883883 44.980503 -26.832502
v 0.883883 42.480503 -26.832502
v 0.000000 44.980503 -26.466386
v 0.000000 42.480503 -26.466386
v -0.883883 44.980503 -26.832502
v -0.883883 42.480503 -26.832502
v -1.250000 44.980503 -27.716386
v -1.250000 42.480503 -27.716386
v -0.883883 44.980503 -28.600269
v -0.883883 42.480503 -28.600269
v -0.000000 44.980503 -28.966386
v -0.000000 42.480503 -28.966386
v 0.883883 44.980503 -28.600269
v 0.883883 42.480503 -28.600269
v 0.000000 43.980503 -27.716386
v 0.000000 43.480503 -27.716386
v 1.375000 43.480503 -27.716386
v 0.972272 43.480503 -26.744114
v 0.000000 43.480503 -26.341386
v -0.972272 43.480503 -26.744114
v -1.375000 43.480503 -27.716386
v -0.972272 43.480503 -28.688658
v -0.000000 43.480503 -29.091386
v 0.972272 43.480503 -28.688658
v 0.000000 42.530503 -27.716386
v 0.000000 42.430503 -27.716386
v 1.250000 42.530503 -27.716386
v 1.250000 42.430503 -27.716386
v 0.883883 42.530503 -26.832502
v 0.883883 42.430503 -26.832502
v 0.000000 42.530503 -26.466386
v 0.000000 42.430503 -26.466386
v -0.883883 42.530503 -26.832502
v -0.883883 42.430503 -26.832502
v -1.250000 42.530503 -27.716386
v -1.250000 42.430503 -27.716386
v -0.883883 42.530503 -28.600269
v -0.883883 42.430503 -28.600269
v -0.000000 42.530503 -28.966386
v -0.000000 42.430503 -28.966386
v 0.883883 42.530503 -28.600269
v 0.883883 42.430503 -28.600269
v 0.000000 35.000000 -30.000000
v 0.000000 33.500000 -30.000000
v 0.100000 35.000000 -30.000000
v 0.100000 33.500000 -30.000000
v 0.070711 35.000000 -29.929289
v 0.070711 33.500000 -29.929289
v 0.000000 35.000000 -29.900000
v 0.000000 33.500000 -29.900000
v -0.070711 35.000000 -29.929289
v -0.070711 33.500000 -29.929289
v -0.100000 35.000000 -30.000000
v -0.100000 33.500000 -30.000000
v -0.070711 35.000000 -30.070711
v -0.070711 33.500000 -30.070711
v -0.000000 35.000000 -30.100000
v -0.000000 33.500000 -30.100000
v 0.070711 35.000000 -30.070711
v 0.070711 33.500000 -30.070711
v 0.000000 33.500000 -30.000000
v 0.000000 31.000000 -30.000000
v 1.250000 33.500000 -30.000000
v 1.250000 31.000000 -30.000000
v 0.883883 33.500000 -29.116117
v 0.883883 31.000000 -29.116117
v 0.000000 33.500000 -28.750000
v 0.000000 31.000000 -28.750000
v -0.883883 33.500000 -29.116117
v -0.883883 31.000000 -29.116117
v -1.250000 33.500000 -30.000000
v -1.250000 31.000000 -30.000000
v -0.883883 33.500000 -30.883883
v -0.883883 31.000000 -30.883883
v -0.000000 33.500000 -31.250000
v -0.000000 31.000000 -31.250000
v 0.883883 33.500000 -30.883883
v 0.883883 31.000000 -30.883883
v 0.000000 32.500000 -30.000000
v 0.000000 32.000000 -30.000000
v 1.375000 32.000000 -30.000000
v 0.972272 32.000000 -29.027728
v 0.000000 32.000000 -28.625000
v -0.972272 32.000000 -29.027728
v -1.375000 32.000000 -30.000000
v -0.972272 32.000000 -30.972272
v -0.000000 32.000000 -31.375000
v 0.972272 32.000000 -30.972272
v 0.000000 31.050000 -30.000000
v 0.000000 30.950000 -30.000000
v 1.250000 31.050000 -30.000000
v 1.250000 30.950000 -30.000000
v 0.883883 31.050000 -29.116117
v 0.883883 30.950000 -29.116117
v 0.000000 31.050000 -28.750000
v 0.000000 30.950000 -28.750000
v -0.883883 31.050000 -29.116117
v -0.883883 30.950000 -29.116117
v -1.250000 31.050000 -30.000000
v -1.250000 30.950000 -30.000000
v -0.883883 31.050000 -30.883883
v -0.883883 30.950000 -30.883883
v -0.000000 31.050000 -31.250000
v -0.000000 30.950000 -31.250000
v 0.883883 31.050000 -30.883883
v 0.883883 30.950000 -30.883883
v 0.000000 23.519497 -27.716386
v 0.000000 22.019497 -27.716386
v 0.100000 23.519497 -27.716386
v 0.100000 22.019497 -27.716386
v 0.070711 23.519497 -27.645675
v 0.070711 22.019497 -27.645675
v 0.000000 23.519497 -27.616386
v 0.000000 22.019497 -27.616386
v -0.070711 23.519497 -27.645675
v -0.070711 22.019497 -27.645675
v -0.100000 23.519497 -27.716386
v -0.100000 22.019497 -27.716386
v -0.070711 23.519497 -27.787097
v -0.070711 22.019497 -27.787097
v -0.000000 23.519497 -27.816386
v -0.000000 22.019497 -27.816386
v 0.070711 23.519497 -27.787097
v 0.070711 22.019497 -27.787097
v 0.000000 22.019497 -27.716386
v 0.000000 19.519497 -27.716386
v 1.250000 22.019497 -27.716386
v 1.250000 19.519497 -27.716386
v 0.883883 22.019497 -26.832502
v 0.883883 19.519497 -26.832502
v 0.000000 22.019497 -26.466386
v 0.000000 19.519497 -26.466386
v -0.883883 22.019497 -26.832502
v -0.883883 19.519497 -26.832502
v -1.250000 22.019497 -27.716386
v -1.250000 19.519497 -27.716386
v -0.883883 22.019497 -28.600269
v -0.883883 19.519497 -28.600269
v -0.000000 22.019497 -28.966386
v -0.000000 19.519497 -28.966386
v 0.883883 22.019497 -28.600269
v 0.883883 19.519497 -28.600269
v 0.000000 21.019497 -27.716386
v 0.000000 20.519497 -27.716386
v 1.375000 20.519497 -27.716386
v 0.972272 20.519497 -26.744114
v 0.000000 20.519497 -26.341386
v -0.972272 20.519497 -26.744114
v -1.375000 20.519497 -27.716386
v -0.972272 20.519497 -28.688658
v -0.000000 20.519497 -29.091386
v 0.972272 20.519497 -28.688658
v 0.000000 19.569497 -27.716386
v 0.000000 19.469497 -27.716386
v 1.250000 19.569497 -27.716386
v 1.250000 19.469497 -27.716386
v 0.883883 19.569497 -26.832502
v 0.883883 19.469497 -26.832502
v 0.000000 19.569497 -26.466386
v 0.000000 19.469497 -26.466386
v -0.883883 19.569497 -26.832502
v -0.883883 19.469497 -26.832502
v -1.250000 19.569497 -27.716386
v -1.250000 19.469497 -27.716386
v -0.883883 19.569497 -28.600269
v -0.883883 19.469497 -28.600269
v -0.000000 19.569497 -28.966386
v -0.000000 19.469497 -28.966386
v 0.883883 19.569497 -28.600269
v 0.883883 19.469497 -28.600269
v 0.000000 13.786797 -21.213203
v 0.000000 12.286797 -21.213203
v 0.100000 13.786797 -21.213203
v 0.100000 12.286797 -21.213203
v 0.070711 13.786797 -21.142493
v 0.070711 12.286797 -21.142493
v 0.000000 13.786797 -21.113203
v 0.000000 12.286797 -21.113203
v -0.070711 13.786797 -21.142493
v -0.070711 12.286797 -21.142493
v -0.100000 13.786797 -21.213203
v -0.100000 12.286797 -21.213203
v -0.070711 13.786797 -21.283914
v -0.070711 12.286797 -21.283914
v -0.000000 13.786797 -21.313203
v -0.000000 12.286797 -21.313203
v 0.070711 13.786797 -21.283914
v 0.070711 12.286797 -21.283914
v 0.000000 12.286797 -21.213203
v 0.000000 9.786797 -21.213203
v 1.250000 12.286797 -21.213203
v 1.250000 9.786797 -21.213203
v 0.883883 12.286797 -20.329320
v 0.883883 9.786797 -20.329320
v 0.000000 12.286797 -19.963203
v 0.000000 9.786797 -19.963203
v -0.883883 12.286797 -20.329320
v -0.883883 9.786797 -20.329320
v -1.250000 12.286797 -21.213203
v -1.250000 9.786797 -21.213203
v -0.883883 12.286797 -22.097087
v -0.883883 9.786797 -22.097087
v -0.000000 12.286797 -22.463203
v -0.000000 9.786797 -22.463203
v 0.883883 12.286797 -22.097087
v 0.883883 9.786797 -22.097087
v 0.000000 11.286797 -21.213203
v 0.000000 10.786797 -21.213203
v 1.375000 10.786797 -21.213203
v 0.972272 10.786797 -20.240932
v 0.000000 10.786797 -19.838203
v -0.972272 10.786797 -20.240932
v -1.375000 10.786797 -21.213203
v -0.972272 10.786797 -22.185475
v -0.000000 10.786797 -22.588203
v 0.972272 10.786797 -22.185475
v 0.000000 9.836797 -21.213203
v 0.000000 9.736797 -21.213203
v 1.250000 9.836797 -21.213203
v 1.250000 9.736797 -21.213203
v 0.883883 9.836797 -20.329320
v 0.883883 9.736797 -20.329320
v 0.000000 9.836797 -19.963203
v 0.000000 9.736797 -19.963203
v -0.883883 9.836797 -20.329320
v -0.883883 9.736797 -20.329320
v -1.250000 9.836797 -21.213203
v -1.250000 9.736797 -21.213203
v -0.883883 9.836797 -22.097087
v -0.883883 9.736797 -22.097087
v -0.000000 9.836797 -22.463203
v -0.000000 9.736797 -22.463203
v 0.883883 9.836797 -22.097087
v 0.883883 9.736797 -22.097087
v 0.000000 7.283614 -11.480503
v 0.000000 5.783614 -11.480503
v 0.100000 7.283614 -11.480503
v 0.100000 5.783614 -11.480503
v 0.070711 7.283614 -11.409792
v 0.070711 5.783614 -11.409792
v 0.000000 7.283614 -11.380503
v 0.000000 5.783614 -11.380503
v -0.070711 7.283614 -11.409792
v -0.070711 5.783614 -11.409792
v -0.100000 7.283614 -11.480503
v -0.100000 5.783614 -11.480503
v -0.070711 7.283614 -11.551214
v -0.070711 5.783614 -11.551214
v -0.000000 7.283614 -11.580503
v -0.000000 5.783614 -11.580503
v 0.070711 7.283614 -11.551214
v 0.070711 5.783614 -11.551214
v 0.000000 5.783614 -11.480503
v 0.000000 3.283614 -11.480503
v 1.250000 5.783614 -11.480503
v 1.250000 3.283614 -11.480503
v 0.883883 5.783614 -10.596619
v 0.883883 3.283614 -10.596619
v 0.000000 5.783614 -10.230503
v 0.000000 3.283614 -10.230503
v -0.883883 5.783614 -10.596619
v -0.883883 3.283614 -10.596619
v -1.250000 5.783614 -11.480503
v -1.250000 3.283614 -11.480503
v -0.883883 5.783614 -12.364386
v -0.883883 3.283614 -12.364386
v -0.000000 5.783614 -12.730503
v -0.000000 3.283614 -12.730503
v 0.883883 5.783614 -12.364386
v 0.883883 3.283614 -12.364386
v 0.000000 4.783614 -11.480503
v 0.000000 4.283614 -11.480503
v 1.375000 4.283614 -11.480503
v 0.972272 4.283614 -10.508231
v 0.000000 4.283614 -10.105503
v -0.972272 4.283614 -10.508231
v -1.375000 4.283614 -11.480503
v -0.972272 4.283614 -12.452775
v -0.000000 4.283614 -12.855503
v 0.972272 4.283614 -12.452775
v 0.000000 3.333614 -11.480503
v 0.000000 3.233614 -11.480503
v 1.250000 3.333614 -11.480503
v 1.250000 3.233614 -11.480503
v 0.883883 3.333614 -10.596619
v 0.883883 3.233614 -10.596619
v 0.000000 3.333614 -10.230503
v 0.000000 3.233614 -10.230503
v -0.883883 3.333614 -10.596619
v -0.883883 3.233614 -10.596619
v -1.250000 3.333614 -11.480503
v -1.250000 3.233614 -11.480503
v -0.883883 3.333614 -12.364386
v -0.883883 3.233614 -12.364386
v -0.000000 3.333614 -12.730503
v -0.000000 3.233614 -12.730503
v 0.883883 3.333614 -12.364386
v 0.883883 3.233614 -12.364386
v 0.000000 5.000000 -0.000000
v 0.000000 3.500000 -0.000000
v 0.100000 5.000000 -0.000000
v 0.100000 3.500000 -0.000000
v 0.070711 5.000000 0.070711
v 0.070711 3.500000 0.070711
v 0.000000 5.000000 0.100000
v 0.000000 3.500000 0.100000
v -0.070711 5.000000 0.070711
v -0.070711 3.500000 0.070711
v -0.100000 5.000000 -0.000000
v -0.100000 3.500000 -0.000000
v -0.070711 5.000000 -0.070711
v -0.070711 3.500000 -0.070711
v -0.000000 5.000000 -0.100000
v -0.000000 3.500000 -0.100000
v 0.070711 5.000000 -0.070711
v 0.070711 3.500000 -0.070711
v 0.000000 3.500000 -0.000000
v 0.000000 1.000000 -0.000000
v 1.250000 3.500000 -0.000000
v 1.250000 1.000000 -0.000000
v 0.883883 3.500000 0.883883
v 0.883883 1.000000 0.883883
v 0.000000 3.500000 1.250000
v 0.000000 1.000000 1.250000
v -0.883883 3.500000 0.883883
v -0.883883 1.000000 0.883883
v -1.250000 3.500000 -0.000000
v -1.250000 1.000000 -0.000000
v -0.883883 3.500000 -0.883883
v -0.883883 1.000000 -0.883883
v -0.000000 3.500000 -1.250000
v -0.000000 1.000000 -1.250000
v 0.883883 3.500000 -0.883883
v 0.883883 1.000000 -0.883883
v 0.000000 2.500000 -0.000000
v 0.000000 2.000000 -0.000000
v 1.375000 2.000000 -0.000000
v 0.972272 2.000000 0.972272
v 0.000000 2.000000 1.375000
v -0.972272 2.000000 0.972272
v -1.375000 2.000000 -0.000000
v -0.972272 2.000000 -0.972272
v -0.000000 2.000000 -1.375000
v 0.972272 2.000000 -0.972272
v 0.000000 1.050000 -0.000000
v 0.000000 0.950000 -0.000000
v 1.250000 1.050000 -0.000000
v 1.250000 0.950000 -0.000000
v 0.883883 1.050000 0.883883
v 0.883883 0.950000 0.883883
v 0.000000 1.050000 1.250000
v 0.000000 0.950000 1.250000
v -0.883883 1.050000 0.883883
v -0.883883 0.950000 0.883883
v -1.250000 1.050000 -0.000000
v -1.250000 0.950000 -0.000000
v -0.883883 1.050000 -0.883883
v -0.883883 0.950000 -0.883883
v -0.000000 1.050000 -1.250000
v -0.000000 0.950000 -1.250000
v 0.883883 1.050000 -0.883883
v 0.883883 0.950000 -0.883883
v 0.000000 7.283614 11.480503
v 0.000000 5.783614 11.480503
v 0.100000 7.283614 11.480503
v 0.100000 5.783614 11.480503
v 0.070711 7.283614 11.551214
v 0.070711 5.783614 11.551214
v 0.000000 7.283614 11.580503
v 0.000000 5.783614 11.580503
v -0.070711 7.283614 11.551214
v -0.070711 5.783614 11.551214
v -0.100000 7.283614 11.480503
v -0.100000 5.783614 11.480503
v -0.070711 7.283614 11.409792
v -0.070711 5.783614 11.409792
v -0.000000 7.283614 11.380503
v -0.000000 5.783614 11.380503
v 0.070711 7.283614 11.409792
v 0.070711 5.783614 11.409792
v 0.000000 5.783614 11.480503
v 0.000000 3.283614 11.480503
v 1.250000 5.783614 11.480503
v 1.250000 3.283614 11.480503
v 0.883883 5.783614 12.364386
v 0.883883 3.283614 12.364386
v 0.000000 5.783614 12.730503
v 0.000000 3.283614 12.730503
v -0.883883 5.783614 12.364386
v -0.883883 3.283614 12.364386
v -1.250000 5.783614 11.480503
v -1.250000 3.283614 11.480503
v -0.883883 5.783614 10.596619
v -0.883883 3.283614 10.596619
v -0.000000 5.783614 10.230503
v -0.000000 3.283614 10.230503
v 0.883883 5.783614 10.596619
v 0.883883 3.283614 10.596619
v 0.000000 4.783614 11.480503
v 0.000000 4.283614 11.480503
v 1.375000 4.283614 11.480503
v 0.972272 4.283614 12.452775
v 0.000000 4.283614 12.855503
v -0.972272 4.283614 12.452775
v -1.375000 4.283614 11.480503
v -0.972272 4.283614 10.508231
v -0.000000 4.283614 10.105503
v 0.972272 4.283614 10.508231
v 0.000000 3.333614 11.480503
v 0.000000 3.233614 11.480503
v 1.250000 3.333614 11.480503
v 1.250000 3.233614 11.480503
v 0.883883 3.333614 12.364386
v 0.883883 3.233614 12.364386
v 0.000000 3.333614 12.730503
v 0.000000 3.233614 12.730503
v -0.883883 3.333614 12.364386
v -0.883883 3.233614 12.364386
v -1.250000 3.333614 11.480503
v -1.250000 3.233614 11.480503
v -0.883883 3.333614 10.596619
v -0.883883 3.233614 10.596619
v -0.000000 3.333614 10.230503
v -0.000000 3.233614 10.230503
v 0.883883 3.333614 10.596619
v 0.883883 3.233614 10.596619
v 0.000000 13.786797 21.213203
v 0.000000 12.286797 21.213203
v 0.100000 13.786797 21.213203
v 0.100000 12.286797 21.213203
v 0.070711 13.786797 21.283914
v 0.070711 12.286797 21.283914
v 0.000000 13.786797 21.313203
v 0.000000 12.286797 21.313203
v -0.070711 13.786797 21.283914
v -0.070711 12.286797 21.283914
v -0.100000 13.786797 21.213203
v -0.100000 12.286797 21.213203
v -0.070711 13.786797 21.142493
v -0.070711 12.286797 21.142493
v -0.000000 13.786797 21.113203
v -0.000000 12.286797 21.113203
v 0.070711 13.786797 21.142493
v 0.070711 12.286797 21.142493
v 0.000000 12.286797 21.213203
v 0.000000 9.786797 21.213203
v 1.250000 12.286797 21.213203
v 1.250000 9.786797 21.213203
v 0.883883 12.286797 22.097087
v 0.883883 9.786797 22.097087
v 0.000000 12.286797 22.463203
v 0.000000 9.786797 22.463203
v -0.883883 12.286797 22.097087
v -0.883883 9.786797 22.097087
v -1.250000 12.286797 21.213203
v -1.250000 9.786797 21.213203
v -0.883883 12.286797 20.329320
v -0.883883 9.786797 20.329320
v -0.000000 12.286797 19.963203
v -0.000000 9.786797 19.963203
v 0.883883 12.286797 20.329320
v 0.883883 9.786797 20.329320
v 0.000000 11.286797 21.213203
v 0.000000 10.786797 21.213203
v 1.375000 10.786797 21.213203
v 0.972272 10.786797 22.185475
v 0.000000 10.786797 22.588203
v -0.972272 10.786797 22.185475
v -1.375000 10.786797 21.213203
v -0.972272 10.786797 20.240932
v -0.000000 10.786797 19.838203
v 0.972272 10.786797 20.240932
v 0.000000 9.836797 21.213203
v 0.000000 9.736797 21.213203
v 1.250000 9.836797 21.213203
v 1.250000 9.736797 21.213203
v 0.883883 9.836797 22.097087
v 0.883883 9.736797 22.097087
v 0.000000 9.836797 22.463203
v 0.000000 9.736797 22.463203
v -0.883883 9.836797 22.097087
v -0.883883 9.736797 22.097087
v -1.250000 9.836797 21.213203
v -1.250000 9.736797 21.213203
v -0.883883 9.836797 20.329320
v -0.883883 9.736797 20.329320
v -0.000000 9.836797 19.963203
v -0.000000 9.736797 19.963203
v 0.883883 9.836797 20.329320
v 0.883883 9.736797 20.329320
v 0.000000 23.519497 27.716386
v 0.000000 22.019497 27.716386
v 0.100000 23.519497 27.716386
v 0.100000 22.019497 27.716386
v 0.070711 23.519497 27.787097
v 0.070711 22.019497 27.787097
v 0.000000 23.519497 27.816386
v 0.000000 22.019497 27.816386
v -0.070711 23.519497 27.787097
v -0.070711 22.019497 27.787097
v -0.100000 23.519497 27.716386
v -0.100000 22.019497 27.716386
v -0.070711 23.519497 27.645675
v -0.070711 22.019497 27.645675
v -0.000000 23.519497 27.616386
v -0.000000 22.019497 27.616386
v 0.070711 23.519497 27.645675
v 0.070711 22.019497 27.645675
v 0.000000 22.019497 27.716386
v 0.000000 19.519497 27.716386
v 1.250000 22.019497 27.716386
v 1.250000 19.519497 27.716386
v 0.883883 22.019497 28.600269
v 0.883883 19.519497 28.600269
v 0.000000 22.019497 28.966386
v 0.000000 19.519497 28.966386
v -0.883883 22.019497 28.600269
v -0.883883 19.519497 28.600269
v -1.250000 22.019497 27.716386
v -1.250000 19.519497 27.716386
v -0.883883 22.019497 26.832502
v -0.883883 19.519497 26.832502
v -0.000000 22.019497 26.466386
v -0.000000 19.519497 26.466386
v 0.883883 22.019497 26.832502
v 0.883883 19.519497 26.832502
v 0.000000 21.019497 27.716386
v 0.000000 20.519497 27.716386
v 1.375000 20.519497 27.716386
v 0.972272 20.519497 28.688658
v 0.000000 20.519497 29.091386
v -0.972272 20.519497 28.688658
v -1.375000 20.519497 27.716386
v -0.972272 20.519497 26.744114
v -0.000000 20.519497 26.341386
v 0.972272 20.519497 26.744114
v 0.000000 19.569497 27.716386
v 0.000000 19.469497 27.716386
v 1.250000 19.569497 27.716386
v 1.250000 19.469497 27.716386
v 0.883883 19.569497 28.600269
v 0.883883 19.469497 28.600269
v 0.000000 19.569497 28.966386
v 0.000000 19.469497 28.966386
v -0.883883 19.569497 28.600269
v -0.883883 19.469497 28.600269
v -1.250000 19.569497 27.716386
v -1.250000 19.469497 27.716386
v -0.883883 19.569497 26.832502
v -0.883883 19.469497 26.832502
v -0.000000 19.569497 26.466386
v -0.000000 19.469497 26.466386
v 0.883883 19.569497 26.832502
v 0.883883 19.469497 26.832502
f 1 3 5
f 2 6 4
f 1 5 7
f 2 8 6
f 1 7 9
f 2 10 8
f 1 9 11
f 2 12 10
f 1 11 13
f 2 14 12
f 1 13 15
f 2 16 14
f 1 15 17
f 2 18 16
f 1 17 19
f 2 20 18
f 1 19 21
f 2 22 20
f 1 21 23
f 2 24 22
f 1 23 25
f 2 26 24
f 1 25 27
f 2 28 26
f 1 27 29
f 2 30 28
f 1 29 31
f 2 32 30
f 1 31 33
f 2 34 32
f 1 33 35
f 2 36 34
f 1 35 37
f 2 38 36
f 1 37 39
f 2 40 38
f 1 39 41
f 2 42 40
f 1 41 43
f 2 44 42
f 1 43 45
f 2 46 44
f 1 45 47
f 2 48 46
f 1 47 49
f 2 50 48
f 1 49 51
f 2 52 50
f 1 51 53
f 2 54 52
f 1 53 55
f 2 56 54
f 1 55 57
f 2 58 56
f 1 57 59
f 2 60 58
f 1 59 61
f 2 62 60
f 1 61 63
f 2 64 62
f 1 63 65
f 2 66 64
f 1 65 3
f 2 4 66
f 3 5 6
f 3 6 4
f 5 7 8
f 5 8 6
f 7 9 10
f 7 10 8
f 9 11 12
f 9 12 10
f 11 13 14
f 11 14 12
f 13 15 16
f 13 16 14
f 15 17 18
f 15 18 16
f 17 19 20
f 17 20 18
f 19 21 22
f 19 22 20
f 21 23 24
f 21 24 22
f 23 25 26
f 23 26 24
f 25 27 28
f 25 28 26
f 27 29 30
f 27 30 28
f 29 31 32
f 29 32 30
f 31 33 34
f 31 34 32
f 33 35 36
f 33 36 34
f 35 37 38
f 35 38 36
f 37 39 40
f 37 40 38
f 39 41 42
f 39 42 40
f 41 43 44
f 41 44 42
f 43 45 46
f 43 46 44
f 45 47 48
f 45 48 46
f 47 49 50
f 47 50 48
f 49 51 52
f 49 52 50
f 51 53 54
f 51 54 52
f 53 55 56
f 53 56 54
f 55 57 58
f 55 58 56
f 57 59 60
f 57 60 58
f 59 61 62
f 59 62 60
f 61 63 64
f 61 64 62
f 63 65 66
f 63 66 64
f 65 3 4
f 65 4 66
f 67 68 168
f 67 168 167
f 68 69 169
f 68 169 168
f 69 70 170
f 69 170 169
f 70 71 171
f 70 171 170
f 71 72 172
f 71 172 171
f 72 73 173
f 72 173 172
f 73 74 174
f 73 174 173
f 74 75 175
f 74 175 174
f 75 76 176
f 75 176 175
f 76 77 177
f 76 177 176
f 77 78 178
f 77 178 177
f 78 79 179
f 78 179 178
f 79 80 180
f 79 180 179
f 80 81 181
f 80 181 180
f 81 82 182
f 81 182 181
f 82 83 183
f 82 183 182
f 83 84 184
f 83 184 183
f 84 85 185
f 84 185 184
f 85 86 186
f 85 186 185
f 86 87 187
f 86 187 186
f 87 88 188
f 87 188 187
f 88 89 189
f 88 189 188
f 89 90 190
f 89 190 189
f 90 91 191
f 90 191 190
f 91 92 192
f 91 192 191
f 92 93 193
f 92 193 192
f 93 94 194
f 93 194 193
f 94 95 195
f 94 195 194
f 95 96 196
f 95 196 195
f 96 97 197
f 96 197 196
f 97 98 198
f 97 198 197
f 98 99 199
f 98 199 198
f 99 100 200
f 99 200 199
f 100 101 201
f 100 201 200
f 101 102 202
f 101 202 201
f 102 103 203
f 102 203 202
f 103 104 204
f 103 204 203
f 104 105 205
f 104 205 204
f 105 106 206
f 105 206 205
f 106 107 207
f 106 207 206
f 107 108 208
f 107 208 207
f 108 109 209
f 108 209 208
f 109 110 210
f 109 210 209
f 110 111 211
f 110 211 210
f 111 112 212
f 111 212 211
f 112 113 213
f 112 213 212
f 113 114 214
f 113 214 213
f 114 115 215
f 114 215 214
f 115 116 216
f 115 216 215
f 116 117 217
f 116 217 216
f 117 118 218
f 117 218 217
f 118 119 219
f 118 219 218
f 119 120 220
f 119 220 219
f 120 121 221
f 120 221 220
f 121 122 222
f 121 222 221
f 122 123 223
f 122 223 222
f 123 124 224
f 123 224 223
f 124 125 225
f 124 225 224
f 125 126 226
f 125 226 225
f 126 127 227
f 126 227 226
f 127 128 228
f 127 228 227
f 128 129 229
f 128 229 228
f 129 130 230
f 129 230 229
f 130 131 231
f 130 231 230
f 131 132 232
f 131 232 231
f 132 133 233
f 132 233 232
f 133 134 234
f 133 234 233
f 134 135 235
f 134 235 234
f 135 136 236
f 135 236 235
f 136 137 237
f 136 237 236
f 137 138 238
f 137 238 237
f 138 139 239
f 138 239 238
f 139 140 240
f 139 240 239
f 140 141 241
f 140 241 240
f 141 142 242
f 141 242 241
f 142 143 243
f 142 243 242
f 143 144 244
f 143 244 243
f 144 145 245
f 144 245 244
f 145 146 246
f 145 246 245
f 146 147 247
f 146 247 246
f 147 148 248
f 147 248 247
f 148 149 249
f 148 249 248
f 149 150 250
f 149 250 249
f 150 151 251
f 150 251 250
f 151 152 252
f 151 252 251
f 152 153 253
f 152 253 252
f 153 154 254
f 153 254 253
f 154 155 255
f 154 255 254
f 155 156 256
f 155 256 255
f 156 157 257
f 156 257 256
f 157 158 258
f 157 258 257
f 158 159 259
f 158 259 258
f 159 160 260
f 159 260 259
f 160 161 261
f 160 261 260
f 161 162 262
f 161 262 261
f 162 163 263
f 162 263 262
f 163 164 264
f 163 264 263
f 164 165 265
f 164 265 264
f 165 166 266
f 165 266 265
f 166 67 167
f 166 167 266
f 167 168 268
f 167 268 267
f 168 169 269
f 168 269 268
f 169 170 270
f 169 270 269
f 170 171 271
f 170 271 270
f 171 172 272
f 171 272 271
f 172 173 273
f 172 273 272
f 173 174 274
f 173 274 273
f 174 175 275
f 174 275 274
f 175 176 276
f 175 276 275
f 176 177 277
f 176 277 276
f 177 178 278
f 177 278 277
f 178 179 279
f 178 279 278
f 179 180 280
f 179 280 279
f 180 181 281
f 180 281 280
f 181 182 282
f 181 282 281
f 182 183 283
f 182 283 282
f 183 184 284
f 183 284 283
f 184 185 285
f 184 285 284
f 185 186 286
f 185 286 285
f 186 187 287
f 186 287 286
f 187 188 288
f 187 288 287
f 188 189 289
f 188 289 288
f 189 190 290
f 189 290 289
f 190 191 291
f 190 291 290
f 191 192 292
f 191 292 291
f 192 193 293
f 192 293 292
f 193 194 294
f 193 294 293
f 194 195 295
f 194 295 294
f 195 196 296
f 195 296 295
f 196 197 297
f 196 297 296
f 197 198 298
f 197 298 297
f 198 199 299
f 198 299 298
f 199 200 300
f 199 300 299
f 200 201 301
f 200 301 300
f 201 202 302
f 201 302 301
f 202 203 303
f 202 303 302
f 203 204 304
f 203 304 303
f 204 205 305
f 204 305 304
f 205 206 306
f 205 306 305
f 206 207 307
f 206 307 306
f 207 208 308
f 207 308 307
f 208 209 309
f 208 309 308
f 209 210 310
f 209 310 309
f 210 211 311
f 210 311 310
f 211 212 312
f 211 312 311
f 212 213 313
f 212 313 312
f 213 214 314
f 213 314 313
f 214 215 315
f 214 315 314
f 215 216 316
f 215 316 315
f 216 217 317
f 216 317 316
f 217 218 318
f 217 318 317
f 218 219 319
f 218 319 318
f 219 220 320
f 219 320 319
f 220 221 321
f 220 321 320
f 221 222 322
f 221 322 321
f 222 223 323
f 222 323 322
f 223 224 324
f 223 324 323
f 224 225 325
f 224 325 324
f 225 226 326
f 225 326 325
f 226 227 327
f 226 327 326
f 227 228 328
f 227 328 327
f 228 229 329
f 228 329 328
f 229 230 330
f 229 330 329
f 230 231 331
f 230 331 330
f 231 232 332
f 231 332 331
f 232 233 333
f 232 333 332
f 233 234 334
f 233 334 333
f 234 235 335
f 234 335 334
f 235 236 336
f 235 336 335
f 236 237 337
f 236 337 336
f 237 238 338
f 237 338 337
f 238 239 339
f 238 339 338
f 239 240 340
f 239 340 339
f 240 241 341
f 240 341 340
f 241 242 342
f 241 342 341
f 242 243 343
f 242 343 342
f 243 244 344
f 243 344 343
f 244 245 345
f 244 345 344
f 245 246 346
f 245 346 345
f 246 247 347
f 246 347 346
f 247 248 348
f 247 348 347
f 248 249 349
f 248 349 348
f 249 250 350
f 249 350 349
f 250 251 351
f 250 351 350
f 251 252 352
f 251 352 351
f 252 253 353
f 252 353 352
f 253 254 354
f 253 354 353
f 254 255 355
f 254 355 354
f 255 256 356
f 255 356 355
f 256 257 357
f 256 357 356
f 257 258 358
f 257 358 357
f 258 259 359
f 258 359 358
f 259 260 360
f 259 360 359
f 260 261 361
f 260 361 360
f 261 262 362
f 261 362 361
f 262 263 363
f 262 363 362
f 263 264 364
f 263 364 363
f 264 265 365
f 264 365 364
f 265 266 366
f 265 366 365
f 266 167 267
f 266 267 366
f 267 268 368
f 267 368 367
f 268 269 369
f 268 369 368
f 269 270 370
f 269 370 369
f 270 271 371
f 270 371 370
f 271 272 372
f 271 372 371
f 272 273 373
f 272 373 372
f 273 274 374
f 273 374 373
f 274 275 375
f 274 375 374
f 275 276 376
f 275 376 375
f 276 277 377
f 276 377 376
f 277 278 378
f 277 378 377
f 278 279 379
f 278 379 378
f 279 280 380
f 279 380 379
f 280 281 381
f 280 381 380
f 281 282 382
f 281 382 381
f 282 283 383
f 282 383 382
f 283 284 384
f 283 384 383
f 284 285 385
f 284 385 384
f 285 286 386
f 285 386 385
f 286 287 387
f 286 387 386
f 287 288 388
f 287 388 387
f 288 289 389
f 288 389 388
f 289 290 390
f 289 390 389
f 290 291 391
f 290 391 390
f 291 292 392
f 291 392 391
f 292 293 393
f 292 393 392
f 293 294 394
f 293 394 393
f 294 295 395
f 294 395 394
f 295 296 396
f 295 396 395
f 296 297 397
f 296 397 396
f 297 298 398
f 297 398 397
f 298 299 399
f 298 399 398
f 299 300 400
f 299 400 399
f 300 301 401
f 300 401 400
f 301 302 402
f 301 402 401
f 302 303 403
f 302 403 402
f 303 304 404
f 303 404 403
f 304 305 405
f 304 405 404
f 305 306 406
f 305 406 405
f 306 307 407
f 306 407 406
f 307 308 408
f 307 408 407
f 308 309 409
f 308 409 408
f 309 310 410
f 309 410 409
f 310 311 411
f 310 411 410
f 311 312 412
f 311 412 411
f 312 313 413
f 312 413 412
f 313 314 414
f 313 414 413
f 314 315 415
f 314 415 414
f 315 316 416
f 315 416 415
f 316 317 417
f 316 417 416
f 317 318 418
f 317 418 417
f 318 319 419
f 318 419 418
f 319 320 420
f 319 420 419
f 320 321 421
f 320 421 420
f 321 322 422
f 321 422 421
f 322 323 423
f 322 423 422
f 323 324 424
f 323 424 423
f 324 325 425
f 324 425 424
f 325 326 426
f 325 426 425
f 326 327 427
f 326 427 426
f 327 328 428
f 327 428 427
f 328 329 429
f 328 429 428
f 329 330 430
f 329 430 429
f 330 331 431
f 330 431 430
f 331 332 432
f 331 432 431
f 332 333 433
f 332 433 432
f 333 334 434
f 333 434 433
f 334 335 435
f 334 435 434
f 335 336 436
f 335 436 435
f 336 337 437
f 336 437 436
f 337 338 438
f 337 438 437
f 338 339 439
f 338 439 438
f 339 340 440
f 339 440 439
f 340 341 441
f 340 441 440
f 341 342 442
f 341 442 441
f 342 343 443
f 342 443 442
f 343 344 444
f 343 444 443
f 344 345 445
f 344 445 444
f 345 346 446
f 345 446 445
f 346 347 447
f 346 447 446
f 347 348 448
f 347 448 447
f 348 349 449
f 348 449 448
f 349 350 450
f 349 450 449
f 350 351 451
f 350 451 450
f 351 352 452
f 351 452 451
f 352 353 453
f 352 453 452
f 353 354 454
f 353 454 453
f 354 355 455
f 354 455 454
f 355 356 456
f 355 456 455
f 356 357 457
f 356 457 456
f 357 358 458
f 357 458 457
f 358 359 459
f 358 459 458
f 359 360 460
f 359 460 459
f 360 361 461
f 360 461 460
f 361 362 462
f 361 462 461
f 362 363 463
f 362 463 462
f 363 364 464
f 363 464 463
f 364 365 465
f 364 465 464
f 365 366 466
f 365 466 465
f 366 267 367
f 366 367 466
f 367 368 468
f 367 468 467
f 368 369 469
f 368 469 468
f 369 370 470
f 369 470 469
f 370 371 471
f 370 471 470
f 371 372 472
f 371 472 471
f 372 373 473
f 372 473 472
f 373 374 474
f 373 474 473
f 374 375 475
f 374 475 474
f 375 376 476
f 375 476 475
f 376 377 477
f 376 477 476
f 377 378 478
f 377 478 477
f 378 379 479
f 378 479 478
f 379 380 480
f 379 480 479
f 380 381 481
f 380 481 480
f 381 382 482
f 381 482 481
f 382 383 483
f 382 483 482
f 383 384 484
f 383 484 483
f 384 385 485
f 384 485 484
f 385 386 486
f 385 486 485
f 386 387 487
f 386 487 486
f 387 388 488
f 387 488 487
f 388 389 489
f 388 489 488
f 389 390 490
f 389 490 489
f 390 391 491
f 390 491 490
f 391 392 492
f 391 492 491
f 392 393 493
f 392 493 492
f 393 394 494
f 393 494 493
f 394 395 495
f 394 495 494
f 395 396 496
f 395 496 495
f 396 397 497
f 396 497 496
f 397 398 498
f 397 498 497
f 398 399 499
f 398 499 498
f 399 400 500
f 399 500 499
f 400 401 501
f 400 501 500
f 401 402 502
f 401 502 501
f 402 403 503
f 402 503 502
f 403 404 504
f 403 504 503
f 404 405 505
f 404 505 504
f 405 406 506
f 405 506 505
f 406 407 507
f 406 507 506
f 407 408 508
f 407 508 507
f 408 409 509
f 408 509 508
f 409 410 510
f 409 510 509
f 410 411 511
f 410 511 510
f 411 412 512
f 411 512 511
f 412 413 513
f 412 513 512
f 413 414 514
f 413 514 513
f 414 415 515
f 414 515 514
f 415 416 516
f 415 516 515
f 416 417 517
f 416 517 516
f 417 418 518
f 417 518 517
f 418 419 519
f 418 519 518
f 419 420 520
f 419 520 519
f 420 421 521
f 420 521 520
f 421 422 522
f 421 522 521
f 422 423 523
f 422 523 522
f 423 424 524
f 423 524 523
f 424 425 525
f 424 525 524
f 425 426 526
f 425 526 525
f 426 427 527
f 426 527 526
f 427 428 528
f 427 528 527
f 428 429 529
f 428 529 528
f 429 430 530
f 429 530 529
f 430 431 531
f 430 531 530
f 431 432 532
f 431 532 531
f 432 433 533
f 432 533 532
f 433 434 534
f 433 534 533
f 434 435 535
f 434 535 534
f 435 436 536
f 435 536 535
f 436 437 537
f 436 537 536
f 437 438 538
f 437 538 537
f 438 439 539
f 438 539 538
f 439 440 540
f 439 540 539
f 440 441 541
f 440 541 540
f 441 442 542
f 441 542 541
f 442 443 543
f 442 543 542
f 443 444 544
f 443 544 543
f 444 445 545
f 444 545 544
f 445 446 546
f 445 546 545
f 446 447 547
f 446 547 546
f 447 448 548
f 447 548 547
f 448 449 549
f 448 549 548
f 449 450 550
f 449 550 549
f 450 451 551
f 450 551 550
f 451 452 552
f 451 552 551
f 452 453 553
f 452 553 552
f 453 454 554
f 453 554 553
f 454 455 555
f 454 555 554
f 455 456 556
f 455 556 555
f 456 457 557
f 456 557 556
f 457 458 558
f 457 558 557
f 458 459 559
f 458 559 558
f 459 460 560
f 459 560 559
f 460 461 561
f 460 561 560
f 461 462 562
f 461 562 561
f 462 463 563
f 462 563 562
f 463 464 564
f 463 564 563
f 464 465 565
f 464 565 564
f 465 466 566
f 465 566 565
f 466 367 467
f 466 467 566
f 467 468 568
f 467 568 567
f 468 469 569
f 468 569 568
f 469 470 570
f 469 570 569
f 470 471 571
f 470 571 570
f 471 472 572
f 471 572 571
f 472 473 573
f 472 573 572
f 473 474 574
f 473 574 573
f 474 475 575
f 474 575 574
f 475 476 576
f 475 576 575
f 476 477 577
f 476 577 576
f 477 478 578
f 477 578 577
f 478 479 579
f 478 579 578
f 479 480 580
f 479 580 579
f 480 481 581
f 480 581 580
f 481 482 582
f 481 582 581
f 482 483 583
f 482 583 582
f 483 484 584
f 483 584 583
f 484 485 585
f 484 585 584
f 485 486 586
f 485 586 585
f 486 487 587
f 486 587 586
f 487 488 588
f 487 588 587
f 488 489 589
f 488 589 588
f 489 490 590
f 489 590 589
f 490 491 591
f 490 591 590
f 491 492 592
f 491 592 591
f 492 493 593
f 492 593 592
f 493 494 594
f 493 594 593
f 494 495 595
f 494 595 594
f 495 496 596
f 495 596 595
f 496 497 597
f 496 597 596
f 497 498 598
f 497 598 597
f 498 499 599
f 498 599 598
f 499 500 600
f 499 600 599
f 500 501 601
f 500 601 600
f 501 502 602
f 501 602 601
f 502 503 603
f 502 603 602
f 503 504 604
f 503 604 603
f 504 505 605
f 504 605 604
f 505 506 606
f 505 606 605
f 506 507 607
f 506 607 606
f 507 508 608
f 507 608 607
f 508 509 609
f 508 609 608
f 509 510 610
f 509 610 609
f 510 511 611
f 510 611 610
f 511 512 612
f 511 612 611
f 512 513 613
f 512 613 612
f 513 514 614
f 513 614 613
f 514 515 615
f 514 615 614
f 515 516 616
f 515 616 615
f 516 517 617
f 516 617 616
f 517 518 618
f 517 618 617
f 518 519 619
f 518 619 618
f 519 520 620
f 519 620 619
f 520 521 621
f 520 621 620
f 521 522 622
f 521 622 621
f 522 523 623
f 522 623 622
f 523 524 624
f 523 624 623
f 524 525 625
f 524 625 624
f 525 526 626
f 525 626 625
f 526 527 627
f 526 627 626
f 527 528 628
f 527 628 627
f 528 529 629
f 528 629 628
f 529 530 630
f 529 630 629
f 530 531 631
f 530 631 630
f 531 532 632
f 531 632 631
f 532 533 633
f 532 633 632
f 533 534 634
f 533 634 633
f 534 535 635
f 534 635 634
f 535 536 636
f 535 636 635
f 536 537 637
f 536 637 636
f 537 538 638
f 537 638 637
f 538 539 639
f 538 639 638
f 539 540 640
f 539 640 639
f 540 541 641
f 540 641 640
f 541 542 642
f 541 642 641
f 542 543 643
f 542 643 642
f 543 544 644
f 543 644 643
f 544 545 645
f 544 645 644
f 545 546 646
f 545 646 645
f 546 547 647
f 546 647 646
f 547 548 648
f 547 648 647
f 548 549 649
f 548 649 648
f 549 550 650
f 549 650 649
f 550 551 651
f 550 651 650
f 551 552 652
f 551 652 651
f 552 553 653
f 552 653 652
f 553 554 654
f 553 654 653
f 554 555 655
f 554 655 654
f 555 556 656
f 555 656 655
f 556 557 657
f 556 657 656
f 557 558 658
f 557 658 657
f 558 559 659
f 558 659 658
f 559 560 660
f 559 660 659
f 560 561 661
f 560 661 660
f 561 562 662
f 561 662 661
f 562 563 663
f 562 663 662
f 563 564 664
f 563 664 663
f 564 565 665
f 564 665 664
f 565 566 666
f 565 666 665
f 566 467 567
f 566 567 666
f 567 568 668
f 567 668 667
f 568 569 669
f 568 669 668
f 569 570 670
f 569 670 669
f 570 571 671
f 570 671 670
f 571 572 672
f 571 672 671
f 572 573 673
f 572 673 672
f 573 574 674
f 573 674 673
f 574 575 675
f 574 675 674
f 575 576 676
f 575 676 675
f 576 577 677
f 576 677 676
f 577 578 678
f 577 678 677
f 578 579 679
f 578 679 678
f 579 580 680
f 579 680 679
f 580 581 681
f 580 681 680
f 581 582 682
f 581 682 681
f 582 583 683
f 582 683 682
f 583 584 684
f 583 684 683
f 584 585 685
f 584 685 684
f 585 586 686
f 585 686 685
f 586 587 687
f 586 687 686
f 587 588 688
f 587 688 687
f 588 589 689
f 588 689 688
f 589 590 690
f 589 690 689
f 590 591 691
f 590 691 690
f 591 592 692
f 591 692 691
f 592 593 693
f 592 693 692
f 593 594 694
f 593 694 693
f 594 595 695
f 594 695 694
f 595 596 696
f 595 696 695
f 596 597 697
f 596 697 696
f 597 598 698
f 597 698 697
f 598 599 699
f 598 699 698
f 599 600 700
f 599 700 699
f 600 601 701
f 600 701 700
f 601 602 702
f 601 702 701
f 602 603 703
f 602 703 702
f 603 604 704
f 603 704 703
f 604 605 705
f 604 705 704
f 605 606 706
f 605 706 705
f 606 607 707
f 606 707 706
f 607 608 708
f 607 708 707
f 608 609 709
f 608 709 708
f 609 610 710
f 609 710 709
f 610 611 711
f 610 711 710
f 611 612 712
f 611 712 711
f 612 613 713
f 612 713 712
f 613 614 714
f 613 714 713
f 614 615 715
f 614 715 714
f 615 616 716
f 615 716 715
f 616 617 717
f 616 717 716
f 617 618 718
f 617 718 717
f 618 619 719
f 618 719 718
f 619 620 720
f 619 720 719
f 620 621 721
f 620 721 720
f 621 622 722
f 621 722 721
f 622 623 723
f 622 723 722
f 623 624 724
f 623 724 723
f 624 625 725
f 624 725 724
f 625 626 726
f 625 726 725
f 626 627 727
f 626 727 726
f 627 628 728
f 627 728 727
f 628 629 729
f 628 729 728
f 629 630 730
f 629 730 729
f 630 631 731
f 630 731 730
f 631 632 732
f 631 732 731
f 632 633 733
f 632 733 732
f 633 634 734
f 633 734 733
f 634 635 735
f 634 735 734
f 635 636 736
f 635 736 735
f 636 637 737
f 636 737 736
f 637 638 738
f 637 738 737
f 638 639 739
f 638 739 738
f 639 640 740
f 639 740 739
f 640 641 741
f 640 741 740
f 641 642 742
f 641 742 741
f 642 643 743
f 642 743 742
f 643 644 744
f 643 744 743
f 644 645 745
f 644 745 744
f 645 646 746
f 645 746 745
f 646 647 747
f 646 747 746
f 647 648 748
f 647 748 747
f 648 649 749
f 648 749 748
f 649 650 750
f 649 750 749
f 650 651 751
f 650 751 750
f 651 652 752
f 651 752 751
f 652 653 753
f 652 753 752
f 653 654 754
f 653 754 753
f 654 655 755
f 654 755 754
f 655 656 756
f 655 756 755
f 656 657 757
f 656 757 756
f 657 658 758
f 657 758 757
f 658 659 759
f 658 759 758
f 659 660 760
f 659 760 759
f 660 661 761
f 660 761 760
f 661 662 762
f 661 762 761
f 662 663 763
f 662 763 762
f 663 664 764
f 663 764 763
f 664 665 765
f 664 765 764
f 665 666 766
f 665 766 765
f 666 567 667
f 666 667 766
f 667 668 768
f 667 768 767
f 668 669 769
f 668 769 768
f 669 670 770
f 669 770 769
f 670 671 771
f 670 771 770
f 671 672 772
f 671 772 771
f 672 673 773
f 672 773 772
f 673 674 774
f 673 774 773
f 674 675 775
f 674 775 774
f 675 676 776
f 675 776 775
f 676 677 777
f 676 777 776
f 677 678 778
f 677 778 777
f 678 679 779
f 678 779 778
f 679 680 780
f 679 780 779
f 680 681 781
f 680 781 780
f 681 682 782
f 681 782 781
f 682 683 783
f 682 783 782
f 683 684 784
f 683 784 783
f 684 685 785
f 684 785 784
f 685 686 786
f 685 786 785
f 686 687 787
f 686 787 786
f 687 688 788
f 687 788 787
f 688 689 789
f 688 789 788
f 689 690 790
f 689 790 789
f 690 691 791
f 690 791 790
f 691 692 792
f 691 792 791
f 692 693 793
f 692 793 792
f 693 694 794
f 693 794 793
f 694 695 795
f 694 795 794
f 695 696 796
f 695 796 795
f 696 697 797
f 696 797 796
f 697 698 798
f 697 798 797
f 698 699 799
f 698 799 798
f 699 700 800
f 699 800 799
f 700 701 801
f 700 801 800
f 701 702 802
f 701 802 801
f 702 703 803
f 702 803 802
f 703 704 804
f 703 804 803
f 704 705 805
f 704 805 804
f 705 706 806
f 705 806 805
f 706 707 807
f 706 807 806
f 707 708 808
f 707 808 807
f 708 709 809
f 708 809 808
f 709 710 810
f 709 810 809
f 710 711 811
f 710 811 810
f 711 712 812
f 711 812 811
f 712 713 813
f 712 813 812
f 713 714 814
f 713 814 813
f 714 715 815
f 714 815 814
f 715 716 816
f 715 816 815
f 716 717 817
f 716 817 816
f 717 718 818
f 717 818 817
f 718 719 819
f 718 819 818
f 719 720 820
f 719 820 819
f 720 721 821
f 720 821 820
f 721 722 822
f 721 822 821
f 722 723 823
f 722 823 822
f 723 724 824
f 723 824 823
f 724 725 825
f 724 825 824
f 725 726 826
f 725 826 825
f 726 727 827
f 726 827 826
f 727 728 828
f 727 828 827
f 728 729 829
f 728 829 828
f 729 730 830
f 729 830 829
f 730 731 831
f 730 831 830
f 731 732 832
f 731 832 831
f 732 733 833
f 732 833 832
f 733 734 834
f 733 834 833
f 734 735 835
f 734 835 834
f 735 736 836
f 735 836 835
f 736 737 837
f 736 837 836
f 737 738 838
f 737 838 837
f 738 739 839
f 738 839 838
f 739 740 840
f 739 840 839
f 740 741 841
f 740 841 840
f 741 742 842
f 741 842 841
f 742 743 843
f 742 843 842
f 743 744 844
f 743 844 843
f 744 745 845
f 744 845 844
f 745 746 846
f 745 846 845
f 746 747 847
f 746 847 846
f 747 748 848
f 747 848 847
f 748 749 849
f 748 849 848
f 749 750 850
f 749 850 849
f 750 751 851
f 750 851 850
f 751 752 852
f 751 852 851
f 752 753 853
f 752 853 852
f 753 754 854
f 753 854 853
f 754 755 855
f 754 855 854
f 755 756 856
f 755 856 855
f 756 757 857
f 756 857 856
f 757 758 858
f 757 858 857
f 758 759 859
f 758 859 858
f 759 760 860
f 759 860 859
f 760 761 861
f 760 861 860
f 761 762 862
f 761 862 861
f 762 763 863
f 762 863 862
f 763 764 864
f 763 864 863
f 764 765 865
f 764 865 864
f 765 766 866
f 765 866 865
f 766 667 767
f 766 767 866
f 767 768 868
f 767 868 867
f 768 769 869
f 768 869 868
f 769 770 870
f 769 870 869
f 770 771 871
f 770 871 870
f 771 772 872
f 771 872 871
f 772 773 873
f 772 873 872
f 773 774 874
f 773 874 873
f 774 775 875
f 774 875 874
f 775 776 876
f 775 876 875
f 776 777 877
f 776 877 876
f 777 778 878
f 777 878 877
f 778 779 879
f 778 879 878
f 779 780 880
f 779 880 879
f 780 781 881
f 780 881 880
f 781 782 882
f 781 882 881
f 782 783 883
f 782 883 882
f 783 784 884
f 783 884 883
f 784 785 885
f 784 885 884
f 785 786 886
f 785 886 885
f 786 787 887
f 786 887 886
f 787 788 888
f 787 888 887
f 788 789 889
f 788 889 888
f 789 790 890
f 789 890 889
f 790 791 891
f 790 891 890
f 791 792 892
f 791 892 891
f 792 793 893
f 792 893 892
f 793 794 894
f 793 894 893
f 794 795 895
f 794 895 894
f 795 796 896
f 795 896 895
f 796 797 897
f 796 897 896
f 797 798 898
f 797 898 897
f 798 799 899
f 798 899 898
f 799 800 900
f 799 900 899
f 800 801 901
f 800 901 900
f 801 802 902
f 801 902 901
f 802 803 903
f 802 903 902
f 803 804 904
f 803 904 903
f 804 805 905
f 804 905 904
f 805 806 906
f 805 906 905
f 806 807 907
f 806 907 906
f 807 808 908
f 807 908 907
f 808 809 909
f 808 909 908
f 809 810 910
f 809 910 909
f 810 811 911
f 810 911 910
f 811 812 912
f 811 912 911
f 812 813 913
f 812 913 912
f 813 814 914
f 813 914 913
f 814 815 915
f 814 915 914
f 815 816 916
f 815 916 915
f 816 817 917
f 816 917 916
f 817 818 918
f 817 918 917
f 818 819 919
f 818 919 918
f 819 820 920
f 819 920 919
f 820 821 921
f 820 921 920
f 821 822 922
f 821 922 921
f 822 823 923
f 822 923 922
f 823 824 924
f 823 924 923
f 824 825 925
f 824 925 924
f 825 826 926
f 825 926 925
f 826 827 927
f 826 927 926
f 827 828 928
f 827 928 927
f 828 829 929
f 828 929 928
f 829 830 930
f 829 930 929
f 830 831 931
f 830 931 930
f 831 832 932
f 831 932 931
f 832 833 933
f 832 933 932
f 833 834 934
f 833 934 933
f 834 835 935
f 834 935 934
f 835 836 936
f 835 936 935
f 836 837 937
f 836 937 936
f 837 838 938
f 837 938 937
f 838 839 939
f 838 939 938
f 839 840 940
f 839 940 939
f 840 841 941
f 840 941 940
f 841 842 942
f 841 942 941
f 842 843 943
f 842 943 942
f 843 844 944
f 843 944 943
f 844 845 945
f 844 945 944
f 845 846 946
f 845 946 945
f 846 847 947
f 846 947 946
f 847 848 948
f 847 948 947
f 848 849 949
f 848 949 948
f 849 850 950
f 849 950 949
f 850 851 951
f 850 951 950
f 851 852 952
f 851 952 951
f 852 853 953
f 852 953 952
f 853 854 954
f 853 954 953
f 854 855 955
f 854 955 954
f 855 856 956
f 855 956 955
f 856 857 957
f 856 957 956
f 857 858 958
f 857 958 957
f 858 859 959
f 858 959 958
f 859 860 960
f 859 960 959
f 860 861 961
f 860 961 960
f 861 862 962
f 861 962 961
f 862 863 963
f 862 963 962
f 863 864 964
f 863 964 963
f 864 865 965
f 864 965 964
f 865 866 966
f 865 966 965
f 866 767 867
f 866 867 966
f 867 868 968
f 867 968 967
f 868 869 969
f 868 969 968
f 869 870 970
f 869 970 969
f 870 871 971
f 870 971 970
f 871 872 972
f 871 972 971
f 872 873 973
f 872 973 972
f 873 874 974
f 873 974 973
f 874 875 975
f 874 975 974
f 875 876 976
f 875 976 975
f 876 877 977
f 876 977 976
f 877 878 978
f 877 978 977
f 878 879 979
f 878 979 978
f 879 880 980
f 879 980 979
f 880 881 981
f 880 981 980
f 881 882 982
f 881 982 981
f 882 883 983
f 882 983 982
f 883 884 984
f 883 984 983
f 884 885 985
f 884 985 984
f 885 886 986
f 885 986 985
f 886 887 987
f 886 987 986
f 887 888 988
f 887 988 987
f 888 889 989
f 888 989 988
f 889 890 990
f 889 990 989
f 890 891 991
f 890 991 990
f 891 892 992
f 891 992 991
f 892 893 993
f 892 993 992
f 893 894 994
f 893 994 993
f 894 895 995
f 894 995 994
f 895 896 996
f 895 996 995
f 896 897 997
f 896 997 996
f 897 898 998
f 897 998 997
f 898 899 999
f 898 999 998
f 899 900 1000
f 899 1000 999
f 900 901 1001
f 900 1001 1000
f 901 902 1002
f 901 1002 1001
f 902 903 1003
f 902 1003 1002
f 903 904 1004
f 903 1004 1003
f 904 905 1005
f 904 1005 1004
f 905 906 1006
f 905 1006 1005
f 906 907 1007
f 906 1007 1006
f 907 908 1008
f 907 1008 1007
f 908 909 1009
f 908 1009 1008
f 909 910 1010
f 909 1010 1009
f 910 911 1011
f 910 1011 1010
f 911 912 1012
f 911 1012 1011
f 912 913 1013
f 912 1013 1012
f 913 914 1014
f 913 1014 1013
f 914 915 1015
f 914 1015 1014
f 915 916 1016
f 915 1016 1015
f 916 917 1017
f 916 1017 1016
f 917 918 1018
f 917 1018 1017
f 918 919 1019
f 918 1019 1018
f 919 920 1020
f 919 1020 1019
f 920 921 1021
f 920 1021 1020
f 921 922 1022
f 921 1022 1021
f 922 923 1023
f 922 1023 1022
f 923 924 1024
f 923 1024 1023
f 924 925 1025
f 924 1025 1024
f 925 926 1026
f 925 1026 1025
f 926 927 1027
f 926 1027 1026
f 927 928 1028
f 927 1028 1027
f 928 929 1029
f 928 1029 1028
f 929 930 1030
f 929 1030 1029
f 930 931 1031
f 930 1031 1030
f 931 932 1032
f 931 1032 1031
f 932 933 1033
f 932 1033 1032
f 933 934 1034
f 933 1034 1033
f 934 935 1035
f 934 1035 1034
f 935 936 1036
f 935 1036 1035
f 936 937 1037
f 936 1037 1036
f 937 938 1038
f 937 1038 1037
f 938 939 1039
f 938 1039 1038
f 939 940 1040
f 939 1040 1039
f 940 941 1041
f 940 1041 1040
f 941 942 1042
f 941 1042 1041
f 942 943 1043
f 942 1043 1042
f 943 944 1044
f 943 1044 1043
f 944 945 1045
f 944 1045 1044
f 945 946 1046
f 945 1046 1045
f 946 947 1047
f 946 1047 1046
f 947 948 1048
f 947 1048 1047
f 948 949 1049
f 948 1049 1048
f 949 950 1050
f 949 1050 1049
f 950 951 1051
f 950 1051 1050
f 951 952 1052
f 951 1052 1051
f 952 953 1053
f 952 1053 1052
f 953 954 1054
f 953 1054 1053
f 954 955 1055
f 954 1055 1054
f 955 956 1056
f 955 1056 1055
f 956 957 1057
f 956 1057 1056
f 957 958 1058
f 957 1058 1057
f 958 959 1059
f 958 1059 1058
f 959 960 1060
f 959 1060 1059
f 960 961 1061
f 960 1061 1060
f 961 962 1062
f 961 1062 1061
f 962 963 1063
f 962 1063 1062
f 963 964 1064
f 963 1064 1063
f 964 965 1065
f 964 1065 1064
f 965 966 1066
f 965 1066 1065
f 966 867 967
f 966 967 1066
f 967 968 1068
f 967 1068 1067
f 968 969 1069
f 968 1069 1068
f 969 970 1070
f 969 1070 1069
f 970 971 1071
f 970 1071 1070
f 971 972 1072
f 971 1072 1071
f 972 973 1073
f 972 1073 1072
f 973 974 1074
f 973 1074 1073
f 974 975 1075
f 974 1075 1074
f 975 976 1076
f 975 1076 1075
f 976 977 1077
f 976 1077 1076
f 977 978 1078
f 977 1078 1077
f 978 979 1079
f 978 1079 1078
f 979 980 1080
f 979 1080 1079
f 980 981 1081
f 980 1081 1080
f 981 982 1082
f 981 1082 1081
f 982 983 1083
f 982 1083 1082
f 983 984 1084
f 983 1084 1083
f 984 985 1085
f 984 1085 1084
f 985 986 1086
f 985 1086 1085
f 986 987 1087
f 986 1087 1086
f 987 988 1088
f 987 1088 1087
f 988 989 1089
f 988 1089 1088
f 989 990 1090
f 989 1090 1089
f 990 991 1091
f 990 1091 1090
f 991 992 1092
f 991 1092 1091
f 992 993 1093
f 992 1093 1092
f 993 994 1094
f 993 1094 1093
f 994 995 1095
f 994 1095 1094
f 995 996 1096
f 995 1096 1095
f 996 997 1097
f 996 1097 1096
f 997 998 1098
f 997 1098 1097
f 998 999 1099
f 998 1099 1098
f 999 1000 1100
f 999 1100 1099
f 1000 1001 1101
f 1000 1101 1100
f 1001 1002 1102
f 1001 1102 1101
f 1002 1003 1103
f 1002 1103 1102
f 1003 1004 1104
f 1003 1104 1103
f 1004 1005 1105
f 1004 1105 1104
f 1005 1006 1106
f 1005 1106 1105
f 1006 1007 1107
f 1006 1107 1106
f 1007 1008 1108
f 1007 1108 1107
f 1008 1009 1109
f 1008 1109 1108
f 1009 1010 1110
f 1009 1110 1109
f 1010 1011 1111
f 1010 1111 1110
f 1011 1012 1112
f 1011 1112 1111
f 1012 1013 1113
f 1012 1113 1112
f 1013 1014 1114
f 1013 1114 1113
f 1014 1015 1115
f 1014 1115 1114
f 1015 1016 1116
f 1015 1116 1115
f 1016 1017 1117
f 1016 1117 1116
f 1017 1018 1118
f 1017 1118 1117
f 1018 1019 1119
f 1018 1119 1118
f 1019 1020 1120
f 1019 1120 1119
f 1020 1021 1121
f 1020 1121 1120
f 1021 1022 1122
f 1021 1122 1121
f 1022 1023 1123
f 1022 1123 1122
f 1023 1024 1124
f 1023 1124 1123
f 1024 1025 1125
f 1024 1125 1124
f 1025 1026 1126
f 1025 1126 1125
f 1026 1027 1127
f 1026 1127 1126
f 1027 1028 1128
f 1027 1128 1127
f 1028 1029 1129
f 1028 1129 1128
f 1029 1030 1130
f 1029 1130 1129
f 1030 1031 1131
f 1030 1131 1130
f 1031 1032 1132
f 1031 1132 1131
f 1032 1033 1133
f 1032 1133 1132
f 1033 1034 1134
f 1033 1134 1133
f 1034 1035 1135
f 1034 1135 1134
f 1035 1036 1136
f 1035 1136 1135
f 1036 1037 1137
f 1036 1137 1136
f 1037 1038 1138
f 1037 1138 1137
f 1038 1039 1139
f 1038 1139 1138
f 1039 1040 1140
f 1039 1140 1139
f 1040 1041 1141
f 1040 1141 1140
f 1041 1042 1142
f 1041 1142 1141
f 1042 1043 1143
f 1042 1143 1142
f 1043 1044 1144
f 1043 1144 1143
f 1044 1045 1145
f 1044 1145 1144
f 1045 1046 1146
f 1045 1146 1145
f 1046 1047 1147
f 1046 1147 1146
f 1047 1048 1148
f 1047 1148 1147
f 1048 1049 1149
f 1048 1149 1148
f 1049 1050 1150
f 1049 1150 1149
f 1050 1051 1151
f 1050 1151 1150
f 1051 1052 1152
f 1051 1152 1151
f 1052 1053 1153
f 1052 1153 1152
f 1053 1054 1154
f 1053 1154 1153
f 1054 1055 1155
f 1054 1155 1154
f 1055 1056 1156
f 1055 1156 1155
f 1056 1057 1157
f 1056 1157 1156
f 1057 1058 1158
f 1057 1158 1157
f 1058 1059 1159
f 1058 1159 1158
f 1059 1060 1160
f 1059 1160 1159
f 1060 1061 1161
f 1060 1161 1160
f 1061 1062 1162
f 1061 1162 1161
f 1062 1063 1163
f 1062 1163 1162
f 1063 1064 1164
f 1063 1164 1163
f 1064 1065 1165
f 1064 1165 1164
f 1065 1066 1166
f 1065 1166 1165
f 1066 967 1067
f 1066 1067 1166
f 1067 1068 1168
f 1067 1168 1167
f 1068 1069 1169
f 1068 1169 1168
f 1069 1070 1170
f 1069 1170 1169
f 1070 1071 1171
f 1070 1171 1170
f 1071 1072 1172
f 1071 1172 1171
f 1072 1073 1173
f 1072 1173 1172
f 1073 1074 1174
f 1073 1174 1173
f 1074 1075 1175
f 1074 1175 1174
f 1075 1076 1176
f 1075 1176 1175
f 1076 1077 1177
f 1076 1177 1176
f 1077 1078 1178
f 1077 1178 1177
f 1078 1079 1179
f 1078 1179 1178
f 1079 1080 1180
f 1079 1180 1179
f 1080 1081 1181
f 1080 1181 1180
f 1081 1082 1182
f 1081 1182 1181
f 1082 1083 1183
f 1082 1183 1182
f 1083 1084 1184
f 1083 1184 1183
f 1084 1085 1185
f 1084 1185 1184
f 1085 1086 1186
f 1085 1186 1185
f 1086 1087 1187
f 1086 1187 1186
f 1087 1088 1188
f 1087 1188 1187
f 1088 1089 1189
f 1088 1189 1188
f 1089 1090 1190
f 1089 1190 1189
f 1090 1091 1191
f 1090 1191 1190
f 1091 1092 1192
f 1091 1192 1191
f 1092 1093 1193
f 1092 1193 1192
f 1093 1094 1194
f 1093 1194 1193
f 1094 1095 1195
f 1094 1195 1194
f 1095 1096 1196
f 1095 1196 1195
f 1096 1097 1197
f 1096 1197 1196
f 1097 1098 1198
f 1097 1198 1197
f 1098 1099 1199
f 1098 1199 1198
f 1099 1100 1200
f 1099 1200 1199
f 1100 1101 1201
f 1100 1201 1200
f 1101 1102 1202
f 1101 1202 1201
f 1102 1103 1203
f 1102 1203 1202
f 1103 1104 1204
f 1103 1204 1203
f 1104 1105 1205
f 1104 1205 1204
f 1105 1106 1206
f 1105 1206 1205
f 1106 1107 1207
f 1106 1207 1206
f 1107 1108 1208
f 1107 1208 1207
f 1108 1109 1209
f 1108 1209 1208
f 1109 1110 1210
f 1109 1210 1209
f 1110 1111 1211
f 1110 1211 1210
f 1111 1112 1212
f 1111 1212 1211
f 1112 1113 1213
f 1112 1213 1212
f 1113 1114 1214
f 1113 1214 1213
f 1114 1115 1215
f 1114 1215 1214
f 1115 1116 1216
f 1115 1216 1215
f 1116 1117 1217
f 1116 1217 1216
f 1117 1118 1218
f 1117 1218 1217
f 1118 1119 1219
f 1118 1219 1218
f 1119 1120 1220
f 1119 1220 1219
f 1120 1121 1221
f 1120 1221 1220
f 1121 1122 1222
f 1121 1222 1221
f 1122 1123 1223
f 1122 1223 1222
f 1123 1124 1224
f 1123 1224 1223
f 1124 1125 1225
f 1124 1225 1224
f 1125 1126 1226
f 1125 1226 1225
f 1126 1127 1227
f 1126 1227 1226
f 1127 1128 1228
f 1127 1228 1227
f 1128 1129 1229
f 1128 1229 1228
f 1129 1130 1230
f 1129 1230 1229
f 1130 1131 1231
f 1130 1231 1230
f 1131 1132 1232
f 1131 1232 1231
f 1132 1133 1233
f 1132 1233 1232
f 1133 1134 1234
f 1133 1234 1233
f 1134 1135 1235
f 1134 1235 1234
f 1135 1136 1236
f 1135 1236 1235
f 1136 1137 1237
f 1136 1237 1236
f 1137 1138 1238
f 1137 1238 1237
f 1138 1139 1239
f 1138 1239 1238
f 1139 1140 1240
f 1139 1240 1239
f 1140 1141 1241
f 1140 1241 1240
f 1141 1142 1242
f 1141 1242 1241
f 1142 1143 1243
f 1142 1243 1242
f 1143 1144 1244
f 1143 1244 1243
f 1144 1145 1245
f 1144 1245 1244
f 1145 1146 1246
f 1145 1246 1245
f 1146 1147 1247
f 1146 1247 1246
f 1147 1148 1248
f 1147 1248 1247
f 1148 1149 1249
f 1148 1249 1248
f 1149 1150 1250
f 1149 1250 1249
f 1150 1151 1251
f 1150 1251 1250
f 1151 1152 1252
f 1151 1252 1251
f 1152 1153 1253
f 1152 1253 1252
f 1153 1154 1254
f 1153 1254 1253
f 1154 1155 1255
f 1154 1255 1254
f 1155 1156 1256
f 1155 1256 1255
f 1156 1157 1257
f 1156 1257 1256
f 1157 1158 1258
f 1157 1258 1257
f 1158 1159 1259
f 1158 1259 1258
f 1159 1160 1260
f 1159 1260 1259
f 1160 1161 1261
f 1160 1261 1260
f 1161 1162 1262
f 1161 1262 1261
f 1162 1163 1263
f 1162 1263 1262
f 1163 1164 1264
f 1163 1264 1263
f 1164 1165 1265
f 1164 1265 1264
f 1165 1166 1266
f 1165 1266 1265
f 1166 1067 1167
f 1166 1167 1266
f 1167 1168 1268
f 1167 1268 1267
f 1168 1169 1269
f 1168 1269 1268
f 1169 1170 1270
f 1169 1270 1269
f 1170 1171 1271
f 1170 1271 1270
f 1171 1172 1272
f 1171 1272 1271
f 1172 1173 1273
f 1172 1273 1272
f 1173 1174 1274
f 1173 1274 1273
f 1174 1175 1275
f 1174 1275 1274
f 1175 1176 1276
f 1175 1276 1275
f 1176 1177 1277
f 1176 1277 1276
f 1177 1178 1278
f 1177 1278 1277
f 1178 1179 1279
f 1178 1279 1278
f 1179 1180 1280
f 1179 1280 1279
f 1180 1181 1281
f 1180 1281 1280
f 1181 1182 1282
f 1181 1282 1281
f 1182 1183 1283
f 1182 1283 1282
f 1183 1184 1284
f 1183 1284 1283
f 1184 1185 1285
f 1184 1285 1284
f 1185 1186 1286
f 1185 1286 1285
f 1186 1187 1287
f 1186 1287 1286
f 1187 1188 1288
f 1187 1288 1287
f 1188 1189 1289
f 1188 1289 1288
f 1189 1190 1290
f 1189 1290 1289
f 1190 1191 1291
f 1190 1291 1290
f 1191 1192 1292
f 1191 1292 1291
f 1192 1193 1293
f 1192 1293 1292
f 1193 1194 1294
f 1193 1294 1293
f 1194 1195 1295
f 1194 1295 1294
f 1195 1196 1296
f 1195 1296 1295
f 1196 1197 1297
f 1196 1297 1296
f 1197 1198 1298
f 1197 1298 1297
f 1198 1199 1299
f 1198 1299 1298
f 1199 1200 1300
f 1199 1300 1299
f 1200 1201 1301
f 1200 1301 1300
f 1201 1202 1302
f 1201 1302 1301
f 1202 1203 1303
f 1202 1303 1302
f 1203 1204 1304
f 1203 1304 1303
f 1204 1205 1305
f 1204 1305 1304
f 1205 1206 1306
f 1205 1306 1305
f 1206 1207 1307
f 1206 1307 1306
f 1207 1208 1308
f 1207 1308 1307
f 1208 1209 1309
f 1208 1309 1308
f 1209 1210 1310
f 1209 1310 1309
f 1210 1211 1311
f 1210 1311 1310
f 1211 1212 1312
f 1211 1312 1311
f 1212 1213 1313
f 1212 1313 1312
f 1213 1214 1314
f 1213 1314 1313
f 1214 1215 1315
f 1214 1315 1314
f 1215 1216 1316
f 1215 1316 1315
f 1216 1217 1317
f 1216 1317 1316
f 1217 1218 1318
f 1217 1318 1317
f 1218 1219 1319
f 1218 1319 1318
f 1219 1220 1320
f 1219 1320 1319
f 1220 1221 1321
f 1220 1321 1320
f 1221 1222 1322
f 1221 1322 1321
f 1222 1223 1323
f 1222 1323 1322
f 1223 1224 1324
f 1223 1324 1323
f 1224 1225 1325
f 1224 1325 1324
f 1225 1226 1326
f 1225 1326 1325
f 1226 1227 1327
f 1226 1327 1326
f 1227 1228 1328
f 1227 1328 1327
f 1228 1229 1329
f 1228 1329 1328
f 1229 1230 1330
f 1229 1330 1329
f 1230 1231 1331
f 1230 1331 1330
f 1231 1232 1332
f 1231 1332 1331
f 1232 1233 1333
f 1232 1333 1332
f 1233 1234 1334
f 1233 1334 1333
f 1234 1235 1335
f 1234 1335 1334
f 1235 1236 1336
f 1235 1336 1335
f 1236 1237 1337
f 1236 1337 1336
f 1237 1238 1338
f 1237 1338 1337
f 1238 1239 1339
f 1238 1339 1338
f 1239 1240 1340
f 1239 1340 1339
f 1240 1241 1341
f 1240 1341 1340
f 1241 1242 1342
f 1241 1342 1341
f 1242 1243 1343
f 1242 1343 1342
f 1243 1244 1344
f 1243 1344 1343
f 1244 1245 1345
f 1244 1345 1344
f 1245 1246 1346
f 1245 1346 1345
f 1246 1247 1347
f 1246 1347 1346
f 1247 1248 1348
f 1247 1348 1347
f 1248 1249 1349
f 1248 1349 1348
f 1249 1250 1350
f 1249 1350 1349
f 1250 1251 1351
f 1250 1351 1350
f 1251 1252 1352
f 1251 1352 1351
f 1252 1253 1353
f 1252 1353 1352
f 1253 1254 1354
f 1253 1354 1353
f 1254 1255 1355
f 1254 1355 1354
f 1255 1256 1356
f 1255 1356 1355
f 1256 1257 1357
f 1256 1357 1356
f 1257 1258 1358
f 1257 1358 1357
f 1258 1259 1359
f 1258 1359 1358
f 1259 1260 1360
f 1259 1360 1359
f 1260 1261 1361
f 1260 1361 1360
f 1261 1262 1362
f 1261 1362 1361
f 1262 1263 1363
f 1262 1363 1362
f 1263 1264 1364
f 1263 1364 1363
f 1264 1265 1365
f 1264 1365 1364
f 1265 1266 1366
f 1265 1366 1365
f 1266 1167 1267
f 1266 1267 1366
f 1267 1268 1368
f 1267 1368 1367
f 1268 1269 1369
f 1268 1369 1368
f 1269 1270 1370
f 1269 1370 1369
f 1270 1271 1371
f 1270 1371 1370
f 1271 1272 1372
f 1271 1372 1371
f 1272 1273 1373
f 1272 1373 1372
f 1273 1274 1374
f 1273 1374 1373
f 1274 1275 1375
f 1274 1375 1374
f 1275 1276 1376
f 1275 1376 1375
f 1276 1277 1377
f 1276 1377 1376
f 1277 1278 1378
f 1277 1378 1377
f 1278 1279 1379
f 1278 1379 1378
f 1279 1280 1380
f 1279 1380 1379
f 1280 1281 1381
f 1280 1381 1380
f 1281 1282 1382
f 1281 1382 1381
f 1282 1283 1383
f 1282 1383 1382
f 1283 1284 1384
f 1283 1384 1383
f 1284 1285 1385
f 1284 1385 1384
f 1285 1286 1386
f 1285 1386 1385
f 1286 1287 1387
f 1286 1387 1386
f 1287 1288 1388
f 1287 1388 1387
f 1288 1289 1389
f 1288 1389 1388
f 1289 1290 1390
f 1289 1390 1389
f 1290 1291 1391
f 1290 1391 1390
f 1291 1292 1392
f 1291 1392 1391
f 1292 1293 1393
f 1292 1393 1392
f 1293 1294 1394
f 1293 1394 1393
f 1294 1295 1395
f 1294 1395 1394
f 1295 1296 1396
f 1295 1396 1395
f 1296 1297 1397
f 1296 1397 1396
f 1297 1298 1398
f 1297 1398 1397
f 1298 1299 1399
f 1298 1399 1398
f 1299 1300 1400
f 1299 1400 1399
f 1300 1301 1401
f 1300 1401 1400
f 1301 1302 1402
f 1301 1402 1401
f 1302 1303 1403
f 1302 1403 1402
f 1303 1304 1404
f 1303 1404 1403
f 1304 1305 1405
f 1304 1405 1404
f 1305 1306 1406
f 1305 1406 1405
f 1306 1307 1407
f 1306 1407 1406
f 1307 1308 1408
f 1307 1408 1407
f 1308 1309 1409
f 1308 1409 1408
f 1309 1310 1410
f 1309 1410 1409
f 1310 1311 1411
f 1310 1411 1410
f 1311 1312 1412
f 1311 1412 1411
f 1312 1313 1413
f 1312 1413 1412
f 1313 1314 1414
f 1313 1414 1413
f 1314 1315 1415
f 1314 1415 1414
f 1315 1316 1416
f 1315 1416 1415
f 1316 1317 1417
f 1316 1417 1416
f 1317 1318 1418
f 1317 1418 1417
f 1318 1319 1419
f 1318 1419 1418
f 1319 1320 1420
f 1319 1420 1419
f 1320 1321 1421
f 1320 1421 1420
f 1321 1322 1422
f 1321 1422 1421
f 1322 1323 1423
f 1322 1423 1422
f 1323 1324 1424
f 1323 1424 1423
f 1324 1325 1425
f 1324 1425 1424
f 1325 1326 1426
f 1325 1426 1425
f 1326 1327 1427
f 1326 1427 1426
f 1327 1328 1428
f 1327 1428 1427
f 1328 1329 1429
f 1328 1429 1428
f 1329 1330 1430
f 1329 1430 1429
f 1330 1331 1431
f 1330 1431 1430
f 1331 1332 1432
f 1331 1432 1431
f 1332 1333 1433
f 1332 1433 1432
f 1333 1334 1434
f 1333 1434 1433
f 1334 1335 1435
f 1334 1435 1434
f 1335 1336 1436
f 1335 1436 1435
f 1336 1337 1437
f 1336 1437 1436
f 1337 1338 1438
f 1337 1438 1437
f 1338 1339 1439
f 1338 1439 1438
f 1339 1340 1440
f 1339 1440 1439
f 1340 1341 1441
f 1340 1441 1440
f 1341 1342 1442
f 1341 1442 1441
f 1342 1343 1443
f 1342 1443 1442
f 1343 1344 1444
f 1343 1444 1443
f 1344 1345 1445
f 1344 1445 1444
f 1345 1346 1446
f 1345 1446 1445
f 1346 1347 1447
f 1346 1447 1446
f 1347 1348 1448
f 1347 1448 1447
f 1348 1349 1449
f 1348 1449 1448
f 1349 1350 1450
f 1349 1450 1449
f 1350 1351 1451
f 1350 1451 1450
f 1351 1352 1452
f 1351 1452 1451
f 1352 1353 1453
f 1352 1453 1452
f 1353 1354 1454
f 1353 1454 1453
f 1354 1355 1455
f 1354 1455 1454
f 1355 1356 1456
f 1355 1456 1455
f 1356 1357 1457
f 1356 1457 1456
f 1357 1358 1458
f 1357 1458 1457
f 1358 1359 1459
f 1358 1459 1458
f 1359 1360 1460
f 1359 1460 1459
f 1360 1361 1461
f 1360 1461 1460
f 1361 1362 1462
f 1361 1462 1461
f 1362 1363 1463
f 1362 1463 1462
f 1363 1364 1464
f 1363 1464 1463
f 1364 1365 1465
f 1364 1465 1464
f 1365 1366 1466
f 1365 1466 1465
f 1366 1267 1367
f 1366 1367 1466
f 1367 1368 1468
f 1367 1468 1467
f 1368 1369 1469
f 1368 1469 1468
f 1369 1370 1470
f 1369 1470 1469
f 1370 1371 1471
f 1370 1471 1470
f 1371 1372 1472
f 1371 1472 1471
f 1372 1373 1473
f 1372 1473 1472
f 1373 1374 1474
f 1373 1474 1473
f 1374 1375 1475
f 1374 1475 1474
f 1375 1376 1476
f 1375 1476 1475
f 1376 1377 1477
f 1376 1477 1476
f 1377 1378 1478
f 1377 1478 1477
f 1378 1379 1479
f 1378 1479 1478
f 1379 1380 1480
f 1379 1480 1479
f 1380 1381 1481
f 1380 1481 1480
f 1381 1382 1482
f 1381 1482 1481
f 1382 1383 1483
f 1382 1483 1482
f 1383 1384 1484
f 1383 1484 1483
f 1384 1385 1485
f 1384 1485 1484
f 1385 1386 1486
f 1385 1486 1485
f 1386 1387 1487
f 1386 1487 1486
f 1387 1388 1488
f 1387 1488 1487
f 1388 1389 1489
f 1388 1489 1488
f 1389 1390 1490
f 1389 1490 1489
f 1390 1391 1491
f 1390 1491 1490
f 1391 1392 1492
f 1391 1492 1491
f 1392 1393 1493
f 1392 1493 1492
f 1393 1394 1494
f 1393 1494 1493
f 1394 1395 1495
f 1394 1495 1494
f 1395 1396 1496
f 1395 1496 1495
f 1396 1397 1497
f 1396 1497 1496
f 1397 1398 1498
f 1397 1498 1497
f 1398 1399 1499
f 1398 1499 1498
f 1399 1400 1500
f 1399 1500 1499
f 1400 1401 1501
f 1400 1501 1500
f 1401 1402 1502
f 1401 1502 1501
f 1402 1403 1503
f 1402 1503 1502
f 1403 1404 1504
f 1403 1504 1503
f 1404 1405 1505
f 1404 1505 1504
f 1405 1406 1506
f 1405 1506 1505
f 1406 1407 1507
f 1406 1507 1506
f 1407 1408 1508
f 1407 1508 1507
f 1408 1409 1509
f 1408 1509 1508
f 1409 1410 1510
f 1409 1510 1509
f 1410 1411 1511
f 1410 1511 1510
f 1411 1412 1512
f 1411 1512 1511
f 1412 1413 1513
f 1412 1513 1512
f 1413 1414 1514
f 1413 1514 1513
f 1414 1415 1515
f 1414 1515 1514
f 1415 1416 1516
f 1415 1516 1515
f 1416 1417 1517
f 1416 1517 1516
f 1417 1418 1518
f 1417 1518 1517
f 1418 1419 1519
f 1418 1519 1518
f 1419 1420 1520
f 1419 1520 1519
f 1420 1421 1521
f 1420 1521 1520
f 1421 1422 1522
f 1421 1522 1521
f 1422 1423 1523
f 1422 1523 1522
f 1423 1424 1524
f 1423 1524 1523
f 1424 1425 1525
f 1424 1525 1524
f 1425 1426 1526
f 1425 1526 1525
f 1426 1427 1527
f 1426 1527 1526
f 1427 1428 1528
f 1427 1528 1527
f 1428 1429 1529
f 1428 1529 1528
f 1429 1430 1530
f 1429 1530 1529
f 1430 1431 1531
f 1430 1531 1530
f 1431 1432 1532
f 1431 1532 1531
f 1432 1433 1533
f 1432 1533 1532
f 1433 1434 1534
f 1433 1534 1533
f 1434 1435 1535
f 1434 1535 1534
f 1435 1436 1536
f 1435 1536 1535
f 1436 1437 1537
f 1436 1537 1536
f 1437 1438 1538
f 1437 1538 1537
f 1438 1439 1539
f 1438 1539 1538
f 1439 1440 1540
f 1439 1540 1539
f 1440 1441 1541
f 1440 1541 1540
f 1441 1442 1542
f 1441 1542 1541
f 1442 1443 1543
f 1442 1543 1542
f 1443 1444 1544
f 1443 1544 1543
f 1444 1445 1545
f 1444 1545 1544
f 1445 1446 1546
f 1445 1546 1545
f 1446 1447 1547
f 1446 1547 1546
f 1447 1448 1548
f 1447 1548 1547
f 1448 1449 1549
f 1448 1549 1548
f 1449 1450 1550
f 1449 1550 1549
f 1450 1451 1551
f 1450 1551 1550
f 1451 1452 1552
f 1451 1552 1551
f 1452 1453 1553
f 1452 1553 1552
f 1453 1454 1554
f 1453 1554 1553
f 1454 1455 1555
f 1454 1555 1554
f 1455 1456 1556
f 1455 1556 1555
f 1456 1457 1557
f 1456 1557 1556
f 1457 1458 1558
f 1457 1558 1557
f 1458 1459 1559
f 1458 1559 1558
f 1459 1460 1560
f 1459 1560 1559
f 1460 1461 1561
f 1460 1561 1560
f 1461 1462 1562
f 1461 1562 1561
f 1462 1463 1563
f 1462 1563 1562
f 1463 1464 1564
f 1463 1564 1563
f 1464 1465 1565
f 1464 1565 1564
f 1465 1466 1566
f 1465 1566 1565
f 1466 1367 1467
f 1466 1467 1566
f 1467 1468 1568
f 1467 1568 1567
f 1468 1469 1569
f 1468 1569 1568
f 1469 1470 1570
f 1469 1570 1569
f 1470 1471 1571
f 1470 1571 1570
f 1471 1472 1572
f 1471 1572 1571
f 1472 1473 1573
f 1472 1573 1572
f 1473 1474 1574
f 1473 1574 1573
f 1474 1475 1575
f 1474 1575 1574
f 1475 1476 1576
f 1475 1576 1575
f 1476 1477 1577
f 1476 1577 1576
f 1477 1478 1578
f 1477 1578 1577
f 1478 1479 1579
f 1478 1579 1578
f 1479 1480 1580
f 1479 1580 1579
f 1480 1481 1581
f 1480 1581 1580
f 1481 1482 1582
f 1481 1582 1581
f 1482 1483 1583
f 1482 1583 1582
f 1483 1484 1584
f 1483 1584 1583
f 1484 1485 1585
f 1484 1585 1584
f 1485 1486 1586
f 1485 1586 1585
f 1486 1487 1587
f 1486 1587 1586
f 1487 1488 1588
f 1487 1588 1587
f 1488 1489 1589
f 1488 1589 1588
f 1489 1490 1590
f 1489 1590 1589
f 1490 1491 1591
f 1490 1591 1590
f 1491 1492 1592
f 1491 1592 1591
f 1492 1493 1593
f 1492 1593 1592
f 1493 1494 1594
f 1493 1594 1593
f 1494 1495 1595
f 1494 1595 1594
f 1495 1496 1596
f 1495 1596 1595
f 1496 1497 1597
f 1496 1597 1596
f 1497 1498 1598
f 1497 1598 1597
f 1498 1499 1599
f 1498 1599 1598
f 1499 1500 1600
f 1499 1600 1599
f 1500 1501 1601
f 1500 1601 1600
f 1501 1502 1602
f 1501 1602 1601
f 1502 1503 1603
f 1502 1603 1602
f 1503 1504 1604
f 1503 1604 1603
f 1504 1505 1605
f 1504 1605 1604
f 1505 1506 1606
f 1505 1606 1605
f 1506 1507 1607
f 1506 1607 1606
f 1507 1508 1608
f 1507 1608 1607
f 1508 1509 1609
f 1508 1609 1608
f 1509 1510 1610
f 1509 1610 1609
f 1510 1511 1611
f 1510 1611 1610
f 1511 1512 1612
f 1511 1612 1611
f 1512 1513 1613
f 1512 1613 1612
f 1513 1514 1614
f 1513 1614 1613
f 1514 1515 1615
f 1514 1615 1614
f 1515 1516 1616
f 1515 1616 1615
f 1516 1517 1617
f 1516 1617 1616
f 1517 1518 1618
f 1517 1618 1617
f 1518 1519 1619
f 1518 1619 1618
f 1519 1520 1620
f 1519 1620 1619
f 1520 1521 1621
f 1520 1621 1620
f 1521 1522 1622
f 1521 1622 1621
f 1522 1523 1623
f 1522 1623 1622
f 1523 1524 1624
f 1523 1624 1623
f 1524 1525 1625
f 1524 1625 1624
f 1525 1526 1626
f 1525 1626 1625
f 1526 1527 1627
f 1526 1627 1626
f 1527 1528 1628
f 1527 1628 1627
f 1528 1529 1629
f 1528 1629 1628
f 1529 1530 1630
f 1529 1630 1629
f 1530 1531 1631
f 1530 1631 1630
f 1531 1532 1632
f 1531 1632 1631
f 1532 1533 1633
f 1532 1633 1632
f 1533 1534 1634
f 1533 1634 1633
f 1534 1535 1635
f 1534 1635 1634
f 1535 1536 1636
f 1535 1636 1635
f 1536 1537 1637
f 1536 1637 1636
f 1537 1538 1638
f 1537 1638 1637
f 1538 1539 1639
f 1538 1639 1638
f 1539 1540 1640
f 1539 1640 1639
f 1540 1541 1641
f 1540 1641 1640
f 1541 1542 1642
f 1541 1642 1641
f 1542 1543 1643
f 1542 1643 1642
f 1543 1544 1644
f 1543 1644 1643
f 1544 1545 1645
f 1544 1645 1644
f 1545 1546 1646
f 1545 1646 1645
f 1546 1547 1647
f 1546 1647 1646
f 1547 1548 1648
f 1547 1648 1647
f 1548 1549 1649
f 1548 1649 1648
f 1549 1550 1650
f 1549 1650 1649
f 1550 1551 1651
f 1550 1651 1650
f 1551 1552 1652
f 1551 1652 1651
f 1552 1553 1653
f 1552 1653 1652
f 1553 1554 1654
f 1553 1654 1653
f 1554 1555 1655
f 1554 1655 1654
f 1555 1556 1656
f 1555 1656 1655
f 1556 1557 1657
f 1556 1657 1656
f 1557 1558 1658
f 1557 1658 1657
f 1558 1559 1659
f 1558 1659 1658
f 1559 1560 1660
f 1559 1660 1659
f 1560 1561 1661
f 1560 1661 1660
f 1561 1562 1662
f 1561 1662 1661
f 1562 1563 1663
f 1562 1663 1662
f 1563 1564 1664
f 1563 1664 1663
f 1564 1565 1665
f 1564 1665 1664
f 1565 1566 1666
f 1565 1666 1665
f 1566 1467 1567
f 1566 1567 1666
f 1567 1568 68
f 1567 68 67
f 1568 1569 69
f 1568 69 68
f 1569 1570 70
f 1569 70 69
f 1570 1571 71
f 1570 71 70
f 1571 1572 72
f 1571 72 71
f 1572 1573 73
f 1572 73 72
f 1573 1574 74
f 1573 74 73
f 1574 1575 75
f 1574 75 74
f 1575 1576 76
f 1575 76 75
f 1576 1577 77
f 1576 77 76
f 1577 1578 78
f 1577 78 77
f 1578 1579 79
f 1578 79 78
f 1579 1580 80
f 1579 80 79
f 1580 1581 81
f 1580 81 80
f 1581 1582 82
f 1581 82 81
f 1582 1583 83
f 1582 83 82
f 1583 1584 84
f 1583 84 83
f 1584 1585 85
f 1584 85 84
f 1585 1586 86
f 1585 86 85
f 1586 1587 87
f 1586 87 86
f 1587 1588 88
f 1587 88 87
f 1588 1589 89
f 1588 89 88
f 1589 1590 90
f 1589 90 89
f 1590 1591 91
f 1590 91 90
f 1591 1592 92
f 1591 92 91
f 1592 1593 93
f 1592 93 92
f 1593 1594 94
f 1593 94 93
f 1594 1595 95
f 1594 95 94
f 1595 1596 96
f 1595 96 95
f 1596 1597 97
f 1596 97 96
f 1597 1598 98
f 1597 98 97
f 1598 1599 99
f 1598 99 98
f 1599 1600 100
f 1599 100 99
f 1600 1601 101
f 1600 101 100
f 1601 1602 102
f 1601 102 101
f 1602 1603 103
f 1602 103 102
f 1603 1604 104
f 1603 104 103
f 1604 1605 105
f 1604 105 104
f 1605 1606 106
f 1605 106 105
f 1606 1607 107
f 1606 107 106
f 1607 1608 108
f 1607 108 107
f 1608 1609 109
f 1608 109 108
f 1609 1610 110
f 1609 110 109
f 1610 1611 111
f 1610 111 110
f 1611 1612 112
f 1611 112 111
f 1612 1613 113
f 1612 113 112
f 1613 1614 114
f 1613 114 113
f 1614 1615 115
f 1614 115 114
f 1615 1616 116
f 1615 116 115
f 1616 1617 117
f 1616 117 116
f 1617 1618 118
f 1617 118 117
f 1618 1619 119
f 1618 119 118
f 1619 1620 120
f 1619 120 119
f 1620 1621 121
f 1620 121 120
f 1621 1622 122
f 1621 122 121
f 1622 1623 123
f 1622 123 122
f 1623 1624 124
f 1623 124 123
f 1624 1625 125
f 1624 125 124
f 1625 1626 126
f 1625 126 125
f 1626 1627 127
f 1626 127 126
f 1627 1628 128
f 1627 128 127
f 1628 1629 129
f 1628 129 128
f 1629 1630 130
f 1629 130 129
f 1630 1631 131
f 1630 131 130
f 1631 1632 132
f 1631 132 131
f 1632 1633 133
f 1632 133 132
f 1633 1634 134
f 1633 134 133
f 1634 1635 135
f 1634 135 134
f 1635 1636 136
f 1635 136 135
f 1636 1637 137
f 1636 137 136
f 1637 1638 138
f 1637 138 137
f 1638 1639 139
f 1638 139 138
f 1639 1640 140
f 1639 140 139
f 1640 1641 141
f 1640 141 140
f 1641 1642 142
f 1641 142 141
f 1642 1643 143
f 1642 143 142
f 1643 1644 144
f 1643 144 143
f 1644 1645 145
f 1644 145 144
f 1645 1646 146
f 1645 146 145
f 1646 1647 147
f 1646 147 146
f 1647 1648 148
f 1647 148 147
f 1648 1649 149
f 1648 149 148
f 1649 1650 150
f 1649 150 149
f 1650 1651 151
f 1650 151 150
f 1651 1652 152
f 1651 152 151
f 1652 1653 153
f 1652 153 152
f 1653 1654 154
f 1653 154 153
f 1654 1655 155
f 1654 155 154
f 1655 1656 156
f 1655 156 155
f 1656 1657 157
f 1656 157 156
f 1657 1658 158
f 1657 158 157
f 1658 1659 159
f 1658 159 158
f 1659 1660 160
f 1659 160 159
f 1660 1661 161
f 1660 161 160
f 1661 1662 162
f 1661 162 161
f 1662 1663 163
f 1662 163 162
f 1663 1664 164
f 1663 164 163
f 1664 1665 165
f 1664 165 164
f 1665 1666 166
f 1665 166 165
f 1666 1567 67
f 1666 67 166
f 1667 1669 1671
f 1668 1672 1670
f 1667 1671 1673
f 1668 1674 1672
f 1667 1673 1675
f 1668 1676 1674
f 1667 1675 1677
f 1668 1678 1676
f 1667 1677 1679
f 1668 1680 1678
f 1667 1679 1681
f 1668 1682 1680
f 1667 1681 1683
f 1668 1684 1682
f 1667 1683 1669
f 1668 1670 1684
f 1669 1671 1672
f 1669 1672 1670
f 1671 1673 1674
f 1671 1674 1672
f 1673 1675 1676
f 1673 1676 1674
f 1675 1677 1678
f 1675 1678 1676
f 1677 1679 1680
f 1677 1680 1678
f 1679 1681 1682
f 1679 1682 1680
f 1681 1683 1684
f 1681 1684 1682
f 1683 1669 1670
f 1683 1670 1684
f 1685 1687 1689
f 1686 1690 1688
f 1685 1689 1691
f 1686 1692 1690
f 1685 1691 1693
f 1686 1694 1692
f 1685 1693 1695
f 1686 1696 1694
f 1685 1695 1697
f 1686 1698 1696
f 1685 1697 1699
f 1686 1700 1698
f 1685 1699 1701
f 1686 1702 1700
f 1685 1701 1687
f 1686 1688 1702
f 1687 1689 1690
f 1687 1690 1688
f 1689 1691 1692
f 1689 1692 1690
f 1691 1693 1694
f 1691 1694 1692
f 1693 1695 1696
f 1693 1696 1694
f 1695 1697 1698
f 1695 1698 1696
f 1697 1699 1700
f 1697 1700 1698
f 1699 1701 1702
f 1699 1702 1700
f 1701 1687 1688
f 1701 1688 1702
f 1703 1705 1707
f 1704 1708 1706
f 1703 1707 1709
f 1704 1710 1708
f 1703 1709 1711
f 1704 1712 1710
f 1703 1711 1713
f 1704 1714 1712
f 1703 1713 1715
f 1704 1716 1714
f 1703 1715 1717
f 1704 1718 1716
f 1703 1717 1719
f 1704 1720 1718
f 1703 1719 1705
f 1704 1706 1720
f 1705 1707 1708
f 1705 1708 1706
f 1707 1709 1710
f 1707 1710 1708
f 1709 1711 1712
f 1709 1712 1710
f 1711 1713 1714
f 1711 1714 1712
f 1713 1715 1716
f 1713 1716 1714
f 1715 1717 1718
f 1715 1718 1716
f 1717 1719 1720
f 1717 1720 1718
f 1719 1705 1706
f 1719 1706 1720
f 1721 1723 1725
f 1722 1726 1724
f 1721 1725 1727
f 1722 1728 1726
f 1721 1727 1729
f 1722 1730 1728
f 1721 1729 1731
f 1722 1732 1730
f 1721 1731 1733
f 1722 1734 1732
f 1721 1733 1735
f 1722 1736 1734
f 1721 1735 1737
f 1722 1738 1736
f 1721 1737 1723
f 1722 1724 1738
f 1723 1725 1726
f 1723 1726 1724
f 1725 1727 1728
f 1725 1728 1726
f 1727 1729 1730
f 1727 1730 1728
f 1729 1731 1732
f 1729 1732 1730
f 1731 1733 1734
f 1731 1734 1732
f 1733 1735 1736
f 1733 1736 1734
f 1735 1737 1738
f 1735 1738 1736
f 1737 1723 1724
f 1737 1724 1738
f 1739 1741 1743
f 1740 1744 1742
f 1739 1743 1745
f 1740 1746 1744
f 1739 1745 1747
f 1740 1748 1746
f 1739 1747 1749
f 1740 1750 1748
f 1739 1749 1751
f 1740 1752 1750
f 1739 1751 1753
f 1740 1754 1752
f 1739 1753 1755
f 1740 1756 1754
f 1739 1755 1741
f 1740 1742 1756
f 1741 1743 1744
f 1741 1744 1742
f 1743 1745 1746
f 1743 1746 1744
f 1745 1747 1748
f 1745 1748 1746
f 1747 1749 1750
f 1747 1750 1748
f 1749 1751 1752
f 1749 1752 1750
f 1751 1753 1754
f 1751 1754 1752
f 1753 1755 1756
f 1753 1756 1754
f 1755 1741 1742
f 1755 1742 1756
f 1757 1759 1761
f 1758 1762 1760
f 1757 1761 1763
f 1758 1764 1762
f 1757 1763 1765
f 1758 1766 1764
f 1757 1765 1767
f 1758 1768 1766
f 1757 1767 1769
f 1758 1770 1768
f 1757 1769 1771
f 1758 1772 1770
f 1757 1771 1773
f 1758 1774 1772
f 1757 1773 1759
f 1758 1760 1774
f 1759 1761 1762
f 1759 1762 1760
f 1761 1763 1764
f 1761 1764 1762
f 1763 1765 1766
f 1763 1766 1764
f 1765 1767 1768
f 1765 1768 1766
f 1767 1769 1770
f 1767 1770 1768
f 1769 1771 1772
f 1769 1772 1770
f 1771 1773 1774
f 1771 1774 1772
f 1773 1759 1760
f 1773 1760 1774
f 1775 1777 1779
f 1776 1780 1778
f 1775 1779 1781
f 1776 1782 1780
f 1775 1781 1783
f 1776 1784 1782
f 1775 1783 1785
f 1776 1786 1784
f 1775 1785 1787
f 1776 1788 1786
f 1775 1787 1789
f 1776 1790 1788
f 1775 1789 1791
f 1776 1792 1790
f 1775 1791 1777
f 1776 1778 1792
f 1777 1779 1780
f 1777 1780 1778
f 1779 1781 1782
f 1779 1782 1780
f 1781 1783 1784
f 1781 1784 1782
f 1783 1785 1786
f 1783 1786 1784
f 1785 1787 1788
f 1785 1788 1786
f 1787 1789 1790
f 1787 1790 1788
f 1789 1791 1792
f 1789 1792 1790
f 1791 1777 1778
f 1791 1778 1792
f 1793 1795 1797
f 1794 1798 1796
f 1793 1797 1799
f 1794 1800 1798
f 1793 1799 1801
f 1794 1802 1800
f 1793 1801 1803
f 1794 1804 1802
f 1793 1803 1805
f 1794 1806 1804
f 1793 1805 1807
f 1794 1808 1806
f 1793 1807 1809
f 1794 1810 1808
f 1793 1809 1795
f 1794 1796 1810
f 1795 1797 1798
f 1795 1798 1796
f 1797 1799 1800
f 1797 1800 1798
f 1799 1801 1802
f 1799 1802 1800
f 1801 1803 1804
f 1801 1804 1802
f 1803 1805 1806
f 1803 1806 1804
f 1805 1807 1808
f 1805 1808 1806
f 1807 1809 1810
f 1807 1810 1808
f 1809 1795 1796
f 1809 1796 1810
f 1811 1813 1815
f 1812 1816 1814
f 1811 1815 1817
f 1812 1818 1816
f 1811 1817 1819
f 1812 1820 1818
f 1811 1819 1821
f 1812 1822 1820
f 1811 1821 1823
f 1812 1824 1822
f 1811 1823 1825
f 1812 1826 1824
f 1811 1825 1827
f 1812 1828 1826
f 1811 1827 1813
f 1812 1814 1828
f 1813 1815 1816
f 1813 1816 1814
f 1815 1817 1818
f 1815 1818 1816
f 1817 1819 1820
f 1817 1820 1818
f 1819 1821 1822
f 1819 1822 1820
f 1821 1823 1824
f 1821 1824 1822
f 1823 1825 1826
f 1823 1826 1824
f 1825 1827 1828
f 1825 1828 1826
f 1827 1813 1814
f 1827 1814 1828
f 1829 1831 1833
f 1830 1834 1832
f 1829 1833 1835
f 1830 1836 1834
f 1829 1835 1837
f 1830 1838 1836
f 1829 1837 1839
f 1830 1840 1838
f 1829 1839 1841
f 1830 1842 1840
f 1829 1841 1843
f 1830 1844 1842
f 1829 1843 1845
f 1830 1846 1844
f 1829 1845 1831
f 1830 1832 1846
f 1831 1833 1834
f 1831 1834 1832
f 1833 1835 1836
f 1833 1836 1834
f 1835 1837 1838
f 1835 1838 1836
f 1837 1839 1840
f 1837 1840 1838
f 1839 1841 1842
f 1839 1842 1840
f 1841 1843 1844
f 1841 1844 1842
f 1843 1845 1846
f 1843 1846 1844
f 1845 1831 1832
f 1845 1832 1846
f 1847 1849 1851
f 1848 1852 1850
f 1847 1851 1853
f 1848 1854 1852
f 1847 1853 1855
f 1848 1856 1854
f 1847 1855 1857
f 1848 1858 1856
f 1847 1857 1859
f 1848 1860 1858
f 1847 1859 1861
f 1848 1862 1860
f 1847 1861 1863
f 1848 1864 1862
f 1847 1863 1849
f 1848 1850 1864
f 1849 1851 1852
f 1849 1852 1850
f 1851 1853 1854
f 1851 1854 1852
f 1853 1855 1856
f 1853 1856 1854
f 1855 1857 1858
f 1855 1858 1856
f 1857 1859 1860
f 1857 1860 1858
f 1859 1861 1862
f 1859 1862 1860
f 1861 1863 1864
f 1861 1864 1862
f 1863 1849 1850
f 1863 1850 1864
f 1865 1867 1869
f 1866 1870 1868
f 1865 1869 1871
f 1866 1872 1870
f 1865 1871 1873
f 1866 1874 1872
f 1865 1873 1875
f 1866 1876 1874
f 1865 1875 1877
f 1866 1878 1876
f 1865 1877 1879
f 1866 1880 1878
f 1865 1879 1881
f 1866 1882 1880
f 1865 1881 1867
f 1866 1868 1882
f 1867 1869 1870
f 1867 1870 1868
f 1869 1871 1872
f 1869 1872 1870
f 1871 1873 1874
f 1871 1874 1872
f 1873 1875 1876
f 1873 1876 1874
f 1875 1877 1878
f 1875 1878 1876
f 1877 1879 1880
f 1877 1880 1878
f 1879 1881 1882
f 1879 1882 1880
f 1881 1867 1868
f 1881 1868 1882
f 1883 1885 1887
f 1884 1888 1886
f 1883 1887 1889
f 1884 1890 1888
f 1883 1889 1891
f 1884 1892 1890
f 1883 1891 1893
f 1884 1894 1892
f 1883 1893 1895
f 1884 1896 1894
f 1883 1895 1897
f 1884 1898 1896
f 1883 1897 1899
f 1884 1900 1898
f 1883 1899 1885
f 1884 1886 1900
f 1885 1887 1888
f 1885 1888 1886
f 1887 1889 1890
f 1887 1890 1888
f 1889 1891 1892
f 1889 1892 1890
f 1891 1893 1894
f 1891 1894 1892
f 1893 1895 1896
f 1893 1896 1894
f 1895 1897 1898
f 1895 1898 1896
f 1897 1899 1900
f 1897 1900 1898
f 1899 1885 1886
f 1899 1886 1900
f 1901 1903 1905
f 1902 1906 1904
f 1901 1905 1907
f 1902 1908 1906
f 1901 1907 1909
f 1902 1910 1908
f 1901 1909 1911
f 1902 1912 1910
f 1901 1911 1913
f 1902 1914 1912
f 1901 1913 1915
f 1902 1916 1914
f 1901 1915 1917
f 1902 1918 1916
f 1901 1917 1903
f 1902 1904 1918
f 1903 1905 1906
f 1903 1906 1904
f 1905 1907 1908
f 1905 1908 1906
f 1907 1909 1910
f 1907 1910 1908
f 1909 1911 1912
f 1909 1912 1910
f 1911 1913 1914
f 1911 1914 1912
f 1913 1915 1916
f 1913 1916 1914
f 1915 1917 1918
f 1915 1918 1916
f 1917 1903 1904
f 1917 1904 1918
f 1919 1921 1923
f 1920 1924 1922
f 1919 1923 1925
f 1920 1926 1924
f 1919 1925 1927
f 1920 1928 1926
f 1919 1927 1929
f 1920 1930 1928
f 1919 1929 1931
f 1920 1932 1930
f 1919 1931 1933
f 1920 1934 1932
f 1919 1933 1935
f 1920 1936 1934
f 1919 1935 1921
f 1920 1922 1936
f 1921 1923 1924
f 1921 1924 1922
f 1923 1925 1926
f 1923 1926 1924
f 1925 1927 1928
f 1925 1928 1926
f 1927 1929 1930
f 1927 1930 1928
f 1929 1931 1932
f 1929 1932 1930
f 1931 1933 1934
f 1931 1934 1932
f 1933 1935 1936
f 1933 1936 1934
f 1935 1921 1922
f 1935 1922 1936
f 1937 1939 1941
f 1938 1942 1940
f 1937 1941 1943
f 1938 1944 1942
f 1937 1943 1945
f 1938 1946 1944
f 1937 1945 1947
f 1938 1948 1946
f 1937 1947 1949
f 1938 1950 1948
f 1937 1949 1951
f 1938 1952 1950
f 1937 1951 1953
f 1938 1954 1952
f 1937 1953 1939
f 1938 1940 1954
f 1939 1941 1942
f 1939 1942 1940
f 1941 1943 1944
f 1941 1944 1942
f 1943 1945 1946
f 1943 1946 1944
f 1945 1947 1948
f 1945 1948 1946
f 1947 1949 1950
f 1947 1950 1948
f 1949 1951 1952
f 1949 1952 1950
f 1951 1953 1954
f 1951 1954 1952
f 1953 1939 1940
f 1953 1940 1954
f 1955 1957 1959
f 1956 1960 1958
f 1955 1959 1961
f 1956 1962 1960
f 1955 1961 1963
f 1956 1964 1962
f 1955 1963 1965
f 1956 1966 1964
f 1955 1965 1967
f 1956 1968 1966
f 1955 1967 1969
f 1956 1970 1968
f 1955 1969 1971
f 1956 1972 1970
f 1955 1971 1957
f 1956 1958 1972
f 1957 1959 1960
f 1957 1960 1958
f 1959 1961 1962
f 1959 1962 1960
f 1961 1963 1964
f 1961 1964 1962
f 1963 1965 1966
f 1963 1966 1964
f 1965 1967 1968
f 1965 1968 1966
f 1967 1969 1970
f 1967 1970 1968
f 1969 1971 1972
f 1969 1972 1970
f 1971 1957 1958
f 1971 1958 1972
f 1973 1975 1977
f 1974 1978 1976
f 1973 1977 1979
f 1974 1980 1978
f 1973 1979 1981
f 1974 1982 1980
f 1973 1981 1983
f 1974 1984 1982
f 1973 1983 1985
f 1974 1986 1984
f 1973 1985 1987
f 1974 1988 1986
f 1973 1987 1989
f 1974 1990 1988
f 1973 1989 1975
f 1974 1976 1990
f 1975 1977 1978
f 1975 1978 1976
f 1977 1979 1980
f 1977 1980 1978
f 1979 1981 1982
f 1979 1982 1980
f 1981 1983 1984
f 1981 1984 1982
f 1983 1985 1986
f 1983 1986 1984
f 1985 1987 1988
f 1985 1988 1986
f 1987 1989 1990
f 1987 1990 1988
f 1989 1975 1976
f 1989 1976 1990
f 1991 1993 1995
f 1992 1996 1994
f 1991 1995 1997
f 1992 1998 1996
f 1991 1997 1999
f 1992 2000 1998
f 1991 1999 2001
f 1992 2002 2000
f 1991 2001 2003
f 1992 2004 2002
f 1991 2003 2005
f 1992 2006 2004
f 1991 2005 2007
f 1992 2008 2006
f 1991 2007 1993
f 1992 1994 2008
f 1993 1995 1996
f 1993 1996 1994
f 1995 1997 1998
f 1995 1998 1996
f 1997 1999 2000
f 1997 2000 1998
f 1999 2001 2002
f 1999 2002 2000
f 2001 2003 2004
f 2001 2004 2002
f 2003 2005 2006
f 2003 2006 2004
f 2005 2007 2008
f 2005 2008 2006
f 2007 1993 1994
f 2007 1994 2008
f 2009 2011 2013
f 2010 2014 2012
f 2009 2013 2015
f 2010 2016 2014
f 2009 2015 2017
f 2010 2018 2016
f 2009 2017 2019
f 2010 2020 2018
f 2009 2019 2021
f 2010 2022 2020
f 2009 2021 2023
f 2010 2024 2022
f 2009 2023 2025
f 2010 2026 2024
f 2009 2025 2011
f 2010 2012 2026
f 2011 2013 2014
f 2011 2014 2012
f 2013 2015 2016
f 2013 2016 2014
f 2015 2017 2018
f 2015 2018 2016
f 2017 2019 2020
f 2017 2020 2018
f 2019 2021 2022
f 2019 2022 2020
f 2021 2023 2024
f 2021 2024 2022
f 2023 2025 2026
f 2023 2026 2024
f 2025 2011 2012
f 2025 2012 2026
f 2027 2029 2031
f 2028 2032 2030
f 2027 2031 2033
f 2028 2034 2032
f 2027 2033 2035
f 2028 2036 2034
f 2027 2035 2037
f 2028 2038 2036
f 2027 2037 2039
f 2028 2040 2038
f 2027 2039 2041
f 2028 2042 2040
f 2027 2041 2043
f 2028 2044 2042
f 2027 2043 2029
f 2028 2030 2044
f 2029 2031 2032
f 2029 2032 2030
f 2031 2033 2034
f 2031 2034 2032
f 2033 2035 2036
f 2033 2036 2034
f 2035 2037 2038
f 2035 2038 2036
f 2037 2039 2040
f 2037 2040 2038
f 2039 2041 2042
f 2039 2042 2040
f 2041 2043 2044
f 2041 2044 2042
f 2043 2029 2030
f 2043 2030 2044
f 2045 2047 2049
f 2046 2050 2048
f 2045 2049 2051
f 2046 2052 2050
f 2045 2051 2053
f 2046 2054 2052
f 2045 2053 2055
f 2046 2056 2054
f 2045 2055 2057
f 2046 2058 2056
f 2045 2057 2059
f 2046 2060 2058
f 2045 2059 2061
f 2046 2062 2060
f 2045 2061 2047
f 2046 2048 2062
f 2047 2049 2050
f 2047 2050 2048
f 2049 2051 2052
f 2049 2052 2050
f 2051 2053 2054
f 2051 2054 2052
f 2053 2055 2056
f 2053 2056 2054
f 2055 2057 2058
f 2055 2058 2056
f 2057 2059 2060
f 2057 2060 2058
f 2059 2061 2062
f 2059 2062 2060
f 2061 2047 2048
f 2061 2048 2062
f 2063 2065 2067
f 2064 2068 2066
f 2063 2067 2069
f 2064 2070 2068
f 2063 2069 2071
f 2064 2072 2070
f 2063 2071 2073
f 2064 2074 2072
f 2063 2073 2075
f 2064 2076 2074
f 2063 2075 2077
f 2064 2078 2076
f 2063 2077 2079
f 2064 2080 2078
f 2063 2079 2065
f 2064 2066 2080
f 2065 2067 2068
f 2065 2068 2066
f 2067 2069 2070
f 2067 2070 2068
f 2069 2071 2072
f 2069 2072 2070
f 2071 2073 2074
f 2071 2074 2072
f 2073 2075 2076
f 2073 2076 2074
f 2075 2077 2078
f 2075 2078 2076
f 2077 2079 2080
f 2077 2080 2078
f 2079 2065 2066
f 2079 2066 2080
f 2081 2083 2085
f 2082 2086 2084
f 2081 2085 2087
f 2082 2088 2086
f 2081 2087 2089
f 2082 2090 2088
f 2081 2089 2091
f 2082 2092 2090
f 2081 2091 2093
f 2082 2094 2092
f 2081 2093 2095
f 2082 2096 2094
f 2081 2095 2097
f 2082 2098 2096
f 2081 2097 2083
f 2082 2084 2098
f 2083 2085 2086
f 2083 2086 2084
f 2085 2087 2088
f 2085 2088 2086
f 2087 2089 2090
f 2087 2090 2088
f 2089 2091 2092
f 2089 2092 2090
f 2091 2093 2094
f 2091 2094 2092
f 2093 2095 2096
f 2093 2096 2094
f 2095 2097 2098
f 2095 2098 2096
f 2097 2083 2084
f 2097 2084 2098
f 2099 2101 2103
f 2100 2104 2102
f 2099 2103 2105
f 2100 2106 2104
f 2099 2105 2107
f 2100 2108 2106
f 2099 2107 2109
f 2100 2110 2108
f 2099 2109 2111
f 2100 2112 2110
f 2099 2111 2113
f 2100 2114 2112
f 2099 2113 2115
f 2100 2116 2114
f 2099 2115 2101
f 2100 2102 2116
f 2101 2103 2104
f 2101 2104 2102
f 2103 2105 2106
f 2103 2106 2104
f 2105 2107 2108
f 2105 2108 2106
f 2107 2109 2110
f 2107 2110 2108
f 2109 2111 2112
f 2109 2112 2110
f 2111 2113 2114
f 2111 2114 2112
f 2113 2115 2116
f 2113 2116 2114
f 2115 2101 2102
f 2115 2102 2116
f 2117 2119 2121
f 2118 2122 2120
f 2117 2121 2123
f 2118 2124 2122
f 2117 2123 2125
f 2118 2126 2124
f 2117 2125 2127
f 2118 2128 2126
f 2117 2127 2129
f 2118 2130 2128
f 2117 2129 2131
f 2118 2132 2130
f 2117 2131 2133
f 2118 2134 2132
f 2117 2133 2119
f 2118 2120 2134
f 2119 2121 2122
f 2119 2122 2120
f 2121 2123 2124
f 2121 2124 2122
f 2123 2125 2126
f 2123 2126 2124
f 2125 2127 2128
f 2125 2128 2126
f 2127 2129 2130
f 2127 2130 2128
f 2129 2131 2132
f 2129 2132 2130
f 2131 2133 2134
f 2131 2134 2132
f 2133 2119 2120
f 2133 2120 2134
f 2135 2137 2139
f 2136 2140 2138
f 2135 2139 2141
f 2136 2142 2140
f 2135 2141 2143
f 2136 2144 2142
f 2135 2143 2145
f 2136 2146 2144
f 2135 2145 2147
f 2136 2148 2146
f 2135 2147 2149
f 2136 2150 2148
f 2135 2149 2151
f 2136 2152 2150
f 2135 2151 2137
f 2136 2138 2152
f 2137 2139 2140
f 2137 2140 2138
f 2139 2141 2142
f 2139 2142 2140
f 2141 2143 2144
f 2141 2144 2142
f 2143 2145 2146
f 2143 2146 2144
f 2145 2147 2148
f 2145 2148 2146
f 2147 2149 2150
f 2147 2150 2148
f 2149 2151 2152
f 2149 2152 2150
f 2151 2137 2138
f 2151 2138 2152
f 2153 2155 2157
f 2154 2158 2156
f 2153 2157 2159
f 2154 2160 2158
f 2153 2159 2161
f 2154 2162 2160
f 2153 2161 2163
f 2154 2164 2162
f 2153 2163 2165
f 2154 2166 2164
f 2153 2165 2167
f 2154 2168 2166
f 2153 2167 2169
f 2154 2170 2168
f 2153 2169 2155
f 2154 2156 2170
f 2155 2157 2158
f 2155 2158 2156
f 2157 2159 2160
f 2157 2160 2158
f 2159 2161 2162
f 2159 2162 2160
f 2161 2163 2164
f 2161 2164 2162
f 2163 2165 2166
f 2163 2166 2164
f 2165 2167 2168
f 2165 2168 2166
f 2167 2169 2170
f 2167 2170 2168
f 2169 2155 2156
f 2169 2156 2170
f 2171 2173 2175
f 2172 2176 2174
f 2171 2175 2177
f 2172 2178 2176
f 2171 2177 2179
f 2172 2180 2178
f 2171 2179 2181
f 2172 2182 2180
f 2171 2181 2183
f 2172 2184 2182
f 2171 2183 2185
f 2172 2186 2184
f 2171 2185 2187
f 2172 2188 2186
f 2171 2187 2173
f 2172 2174 2188
f 2173 2175 2176
f 2173 2176 2174
f 2175 2177 2178
f 2175 2178 2176
f 2177 2179 2180
f 2177 2180 2178
f 2179 2181 2182
f 2179 2182 2180
f 2181 2183 2184
f 2181 2184 2182
f 2183 2185 2186
f 2183 2186 2184
f 2185 2187 2188
f 2185 2188 2186
f 2187 2173 2174
f 2187 2174 2188
f 2189 2191 2193
f 2190 2194 2192
f 2189 2193 2195
f 2190 2196 2194
f 2189 2195 2197
f 2190 2198 2196
f 2189 2197 2199
f 2190 2200 2198
f 2189 2199 2201
f 2190 2202 2200
f 2189 2201 2203
f 2190 2204 2202
f 2189 2203 2205
f 2190 2206 2204
f 2189 2205 2191
f 2190 2192 2206
f 2191 2193 2194
f 2191 2194 2192
f 2193 2195 2196
f 2193 2196 2194
f 2195 2197 2198
f 2195 2198 2196
f 2197 2199 2200
f 2197 2200 2198
f 2199 2201 2202
f 2199 2202 2200
f 2201 2203 2204
f 2201 2204 2202
f 2203 2205 2206
f 2203 2206 2204
f 2205 2191 2192
f 2205 2192 2206
f 2207 2209 2211
f 2208 2212 2210
f 2207 2211 2213
f 2208 2214 2212
f 2207 2213 2215
f 2208 2216 2214
f 2207 2215 2217
f 2208 2218 2216
f 2207 2217 2219
f 2208 2220 2218
f 2207 2219 2221
f 2208 2222 2220
f 2207 2221 2223
f 2208 2224 2222
f 2207 2223 2209
f 2208 2210 2224
f 2209 2211 2212
f 2209 2212 2210
f 2211 2213 2214
f 2211 2214 2212
f 2213 2215 2216
f 2213 2216 2214
f 2215 2217 2218
f 2215 2218 2216
f 2217 2219 2220
f 2217 2220 2218
f 2219 2221 2222
f 2219 2222 2220
f 2221 2223 2224
f 2221 2224 2222
f 2223 2209 2210
f 2223 2210 2224
f 2225 2227 2229
f 2226 2230 2228
f 2225 2229 2231
f 2226 2232 2230
f 2225 2231 2233
f 2226 2234 2232
f 2225 2233 2235
f 2226 2236 2234
f 2225 2235 2237
f 2226 2238 2236
f 2225 2237 2239
f 2226 2240 2238
f 2225 2239 2241
f 2226 2242 2240
f 2225 2241 2227
f 2226 2228 2242
f 2227 2229 2230
f 2227 2230 2228
f 2229 2231 2232
f 2229 2232 2230
f 2231 2233 2234
f 2231 2234 2232
f 2233 2235 2236
f 2233 2236 2234
f 2235 2237 2238
f 2235 2238 2236
f 2237 2239 2240
f 2237 2240 2238
f 2239 2241 2242
f 2239 2242 2240
f 2241 2227 2228
f 2241 2228 2242
f 2243 2245 2247
f 2244 2248 2246
f 2243 2247 2249
f 2244 2250 2248
f 2243 2249 2251
f 2244 2252 2250
f 2243 2251 2253
f 2244 2254 2252
f 2243 2253 2255
f 2244 2256 2254
f 2243 2255 2257
f 2244 2258 2256
f 2243 2257 2259
f 2244 2260 2258
f 2243 2259 2245
f 2244 2246 2260
f 2245 2247 2248
f 2245 2248 2246
f 2247 2249 2250
f 2247 2250 2248
f 2249 2251 2252
f 2249 2252 2250
f 2251 2253 2254
f 2251 2254 2252
f 2253 2255 2256
f 2253 2256 2254
f 2255 2257 2258
f 2255 2258 2256
f 2257 2259 2260
f 2257 2260 2258
f 2259 2245 2246
f 2259 2246 2260
f 2261 2263 2265
f 2262 2266 2264
f 2261 2265 2267
f 2262 2268 2266
f 2261 2267 2269
f 2262 2270 2268
f 2261 2269 2271
f 2262 2272 2270
f 2261 2271 2273
f 2262 2274 2272
f 2261 2273 2275
f 2262 2276 2274
f 2261 2275 2277
f 2262 2278 2276
f 2261 2277 2263
f 2262 2264 2278
f 2263 2265 2266
f 2263 2266 2264
f 2265 2267 2268
f 2265 2268 2266
f 2267 2269 2270
f 2267 2270 2268
f 2269 2271 2272
f 2269 2272 2270
f 2271 2273 2274
f 2271 2274 2272
f 2273 2275 2276
f 2273 2276 2274
f 2275 2277 2278
f 2275 2278 2276
f 2277 2263 2264
f 2277 2264 2278
f 2279 2281 2283
f 2280 2284 2282
f 2279 2283 2285
f 2280 2286 2284
f 2279 2285 2287
f 2280 2288 2286
f 2279 2287 2289
f 2280 2290 2288
f 2279 2289 2291
f 2280 2292 2290
f 2279 2291 2293
f 2280 2294 2292
f 2279 2293 2295
f 2280 2296 2294
f 2279 2295 2281
f 2280 2282 2296
f 2281 2283 2284
f 2281 2284 2282
f 2283 2285 2286
f 2283 2286 2284
f 2285 2287 2288
f 2285 2288 2286
f 2287 2289 2290
f 2287 2290 2288
f 2289 2291 2292
f 2289 2292 2290
f 2291 2293 2294
f 2291 2294 2292
f 2293 2295 2296
f 2293 2296 2294
f 2295 2281 2282
f 2295 2282 2296
f 2297 2299 2301
f 2298 2302 2300
f 2297 2301 2303
f 2298 2304 2302
f 2297 2303 2305
f 2298 2306 2304
f 2297 2305 2307
f 2298 2308 2306
f 2297 2307 2309
f 2298 2310 2308
f 2297 2309 2311
f 2298 2312 2310
f 2297 2311 2313
f 2298 2314 2312
f 2297 2313 2299
f 2298 2300 2314
f 2299 2301 2302
f 2299 2302 2300
f 2301 2303 2304
f 2301 2304 2302
f 2303 2305 2306
f 2303 2306 2304
f 2305 2307 2308
f 2305 2308 2306
f 2307 2309 2310
f 2307 2310 2308
f 2309 2311 2312
f 2309 2312 2310
f 2311 2313 2314
f 2311 2314 2312
f 2313 2299 2300
f 2313 2300 2314
f 2315 2317 2319
f 2316 2320 2318
f 2315 2319 2321
f 2316 2322 2320
f 2315 2321 2323
f 2316 2324 2322
f 2315 2323 2325
f 2316 2326 2324
f 2315 2325 2327
f 2316 2328 2326
f 2315 2327 2329
f 2316 2330 2328
f 2315 2329 2331
f 2316 2332 2330
f 2315 2331 2317
f 2316 2318 2332
f 2317 2319 2320
f 2317 2320 2318
f 2319 2321 2322
f 2319 2322 2320
f 2321 2323 2324
f 2321 2324 2322
f 2323 2325 2326
f 2323 2326 2324
f 2325 2327 2328
f 2325 2328 2326
f 2327 2329 2330
f 2327 2330 2328
f 2329 2331 2332
f 2329 2332 2330
f 2331 2317 2318
f 2331 2318 2332
f 2333 2335 2337
f 2334 2338 2336
f 2333 2337 2339
f 2334 2340 2338
f 2333 2339 2341
f 2334 2342 2340
f 2333 2341 2343
f 2334 2344 2342
f 2333 2343 2345
f 2334 2346 2344
f 2333 2345 2347
f 2334 2348 2346
f 2333 2347 2349
f 2334 2350 2348
f 2333 2349 2335
f 2334 2336 2350
f 2335 2337 2338
f 2335 2338 2336
f 2337 2339 2340
f 2337 2340 2338
f 2339 2341 2342
f 2339 2342 2340
f 2341 2343 2344
f 2341 2344 2342
f 2343 2345 2346
f 2343 2346 2344
f 2345 2347 2348
f 2345 2348 2346
f 2347 2349 2350
f 2347 2350 2348
f 2349 2335 2336
f 2349 2336 2350
f 2351 2353 2355
f 2352 2356 2354
f 2351 2355 2357
f 2352 2358 2356
f 2351 2357 2359
f 2352 2360 2358
f 2351 2359 2361
f 2352 2362 2360
f 2351 2361 2363
f 2352 2364 2362
f 2351 2363 2365
f 2352 2366 2364
f 2351 2365 2367
f 2352 2368 2366
f 2351 2367 2353
f 2352 2354 2368
f 2353 2355 2356
f 2353 2356 2354
f 2355 2357 2358
f 2355 2358 2356
f 2357 2359 2360
f 2357 2360 2358
f 2359 2361 2362
f 2359 2362 2360
f 2361 2363 2364
f 2361 2364 2362
f 2363 2365 2366
f 2363 2366 2364
f 2365 2367 2368
f 2365 2368 2366
f 2367 2353 2354
f 2367 2354 2368
f 2369 2371 2373
f 2370 2374 2372
f 2369 2373 2375
f 2370 2376 2374
f 2369 2375 2377
f 2370 2378 2376
f 2369 2377 2379
f 2370 2380 2378
f 2369 2379 2381
f 2370 2382 2380
f 2369 2381 2383
f 2370 2384 2382
f 2369 2383 2385
f 2370 2386 2384
f 2369 2385 2371
f 2370 2372 2386
f 2371 2373 2374
f 2371 2374 2372
f 2373 2375 2376
f 2373 2376 2374
f 2375 2377 2378
f 2375 2378 2376
f 2377 2379 2380
f 2377 2380 2378
f 2379 2381 2382
f 2379 2382 2380
f 2381 2383 2384
f 2381 2384 2382
f 2383 2385 2386
f 2383 2386 2384
f 2385 2371 2372
f 2385 2372 2386
f 2387 2389 2391
f 2388 2392 2390
f 2387 2391 2393
f 2388 2394 2392
f 2387 2393 2395
f 2388 2396 2394
f 2387 2395 2397
f 2388 2398 2396
f 2387 2397 2399
f 2388 2400 2398
f 2387 2399 2401
f 2388 2402 2400
f 2387 2401 2403
f 2388 2404 2402
f 2387 2403 2389
f 2388 2390 2404
f 2389 2391 2392
f 2389 2392 2390
f 2391 2393 2394
f 2391 2394 2392
f 2393 2395 2396
f 2393 2396 2394
f 2395 2397 2398
f 2395 2398 2396
f 2397 2399 2400
f 2397 2400 2398
f 2399 2401 2402
f 2399 2402 2400
f 2401 2403 2404
f 2401 2404 2402
f 2403 2389 2390
f 2403 2390 2404
f 2405 2407 2409
f 2406 2410 2408
f 2405 2409 2411
f 2406 2412 2410
f 2405 2411 2413
f 2406 2414 2412
f 2405 2413 2415
f 2406 2416 2414
f 2405 2415 2417
f 2406 2418 2416
f 2405 2417 2419
f 2406 2420 2418
f 2405 2419 2421
f 2406 2422 2420
f 2405 2421 2407
f 2406 2408 2422
f 2407 2409 2410
f 2407 2410 2408
f 2409 2411 2412
f 2409 2412 2410
f 2411 2413 2414
f 2411 2414 2412
f 2413 2415 2416
f 2413 2416 2414
f 2415 2417 2418
f 2415 2418 2416
f 2417 2419 2420
f 2417 2420 2418
f 2419 2421 2422
f 2419 2422 2420
f 2421 2407 2408
f 2421 2408 2422
f 2423 2425 2427
f 2424 2428 2426
f 2423 2427 2429
f 2424 2430 2428
f 2423 2429 2431
f 2424 2432 2430
f 2423 2431 2433
f 2424 2434 2432
f 2423 2433 2435
f 2424 2436 2434
f 2423 2435 2437
f 2424 2438 2436
f 2423 2437 2439
f 2424 2440 2438
f 2423 2439 2425
f 2424 2426 2440
f 2425 2427 2428
f 2425 2428 2426
f 2427 2429 2430
f 2427 2430 2428
f 2429 2431 2432
f 2429 2432 2430
f 2431 2433 2434
f 2431 2434 2432
f 2433 2435 2436
f 2433 2436 2434
f 2435 2437 2438
f 2435 2438 2436
f 2437 2439 2440
f 2437 2440 2438
f 2439 2425 2426
f 2439 2426 2440
f 2441 2443 2445
f 2442 2446 2444
f 2441 2445 2447
f 2442 2448 2446
f 2441 2447 2449
f 2442 2450 2448
f 2441 2449 2451
f 2442 2452 2450
f 2441 2451 2453
f 2442 2454 2452
f 2441 2453 2455
f 2442 2456 2454
f 2441 2455 2457
f 2442 2458 2456
f 2441 2457 2443
f 2442 2444 2458
f 2443 2445 2446
f 2443 2446 2444
f 2445 2447 2448
f 2445 2448 2446
f 2447 2449 2450
f 2447 2450 2448
f 2449 2451 2452
f 2449 2452 2450
f 2451 2453 2454
f 2451 2454 2452
f 2453 2455 2456
f 2453 2456 2454
f 2455 2457 2458
f 2455 2458 2456
f 2457 2443 2444
f 2457 2444 2458
f 2459 2461 2463
f 2460 2464 2462
f 2459 2463 2465
f 2460 2466 2464
f 2459 2465 2467
f 2460 2468 2466
f 2459 2467 2469
f 2460 2470 2468
f 2459 2469 2471
f 2460 2472 2470
f 2459 2471 2473
f 2460 2474 2472
f 2459 2473 2475
f 2460 2476 2474
f 2459 2475 2461
f 2460 2462 2476
f 2461 2463 2464
f 2461 2464 2462
f 2463 2465 2466
f 2463 2466 2464
f 2465 2467 2468
f 2465 2468 2466
f 2467 2469 2470
f 2467 2470 2468
f 2469 2471 2472
f 2469 2472 2470
f 2471 2473 2474
f 2471 2474 2472
f 2473 2475 2476
f 2473 2476 2474
f 2475 2461 2462
f 2475 2462 2476
f 2477 2479 2481
f 2478 2482 2480
f 2477 2481 2483
f 2478 2484 2482
f 2477 2483 2485
f 2478 2486 2484
f 2477 2485 2487
f 2478 2488 2486
f 2477 2487 2489
f 2478 2490 2488
f 2477 2489 2491
f 2478 2492 2490
f 2477 2491 2493
f 2478 2494 2492
f 2477 2493 2479
f 2478 2480 2494
f 2479 2481 2482
f 2479 2482 2480
f 2481 2483 2484
f 2481 2484 2482
f 2483 2485 2486
f 2483 2486 2484
f 2485 2487 2488
f 2485 2488 2486
f 2487 2489 2490
f 2487 2490 2488
f 2489 2491 2492
f 2489 2492 2490
f 2491 2493 2494
f 2491 2494 2492
f 2493 2479 2480
f 2493 2480 2494
f 2495 2497 2499
f 2496 2500 2498
f 2495 2499 2501
f 2496 2502 2500
f 2495 2501 2503
f 2496 2504 2502
f 2495 2503 2505
f 2496 2506 2504
f 2495 2505 2507
f 2496 2508 2506
f 2495 2507 2509
f 2496 2510 2508
f 2495 2509 2511
f 2496 2512 2510
f 2495 2511 2497
f 2496 2498 2512
f 2497 2499 2500
f 2497 2500 2498
f 2499 2501 2502
f 2499 2502 2500
f 2501 2503 2504
f 2501 2504 2502
f 2503 2505 2506
f 2503 2506 2504
f 2505 2507 2508
f 2505 2508 2506
f 2507 2509 2510
f 2507 2510 2508
f 2509 2511 2512
f 2509 2512 2510
f 2511 2497 2498
f 2511 2498 2512
f 2513 2515 2517
f 2514 2518 2516
f 2513 2517 2519
f 2514 2520 2518
f 2513 2519 2521
f 2514 2522 2520
f 2513 2521 2523
f 2514 2524 2522
f 2513 2523 2525
f 2514 2526 2524
f 2513 2525 2527
f 2514 2528 2526
f 2513 2527 2529
f 2514 2530 2528
f 2513 2529 2515
f 2514 2516 2530
f 2515 2517 2518
f 2515 2518 2516
f 2517 2519 2520
f 2517 2520 2518
f 2519 2521 2522
f 2519 2522 2520
f 2521 2523 2524
f 2521 2524 2522
f 2523 2525 2526
f 2523 2526 2524
f 2525 2527 2528
f 2525 2528 2526
f 2527 2529 2530
f 2527 2530 2528
f 2529 2515 2516
f 2529 2516 2530
f 2531 2533 2535
f 2532 2536 2534
f 2531 2535 2537
f 2532 2538 2536
f 2531 2537 2539
f 2532 2540 2538
f 2531 2539 2541
f 2532 2542 2540
f 2531 2541 2543
f 2532 2544 2542
f 2531 2543 2545
f 2532 2546 2544
f 2531 2545 2547
f 2532 2548 2546
f 2531 2547 2533
f 2532 2534 2548
f 2533 2535 2536
f 2533 2536 2534
f 2535 2537 2538
f 2535 2538 2536
f 2537 2539 2540
f 2537 2540 2538
f 2539 2541 2542
f 2539 2542 2540
f 2541 2543 2544
f 2541 2544 2542
f 2543 2545 2546
f 2543 2546 2544
f 2545 2547 2548
f 2545 2548 2546
f 2547 2533 2534
f 2547 2534 2548
f 2549 2551 2553
f 2550 2554 2552
f 2549 2553 2555
f 2550 2556 2554
f 2549 2555 2557
f 2550 2558 2556
f 2549 2557 2559
f 2550 2560 2558
f 2549 2559 2561
f 2550 2562 2560
f 2549 2561 2563
f 2550 2564 2562
f 2549 2563 2565
f 2550 2566 2564
f 2549 2565 2551
f 2550 2552 2566
f 2551 2553 2554
f 2551 2554 2552
f 2553 2555 2556
f 2553 2556 2554
f 2555 2557 2558
f 2555 2558 2556
f 2557 2559 2560
f 2557 2560 2558
f 2559 2561 2562
f 2559 2562 2560
f 2561 2563 2564
f 2561 2564 2562
f 2563 2565 2566
f 2563 2566 2564
f 2565 2551 2552
f 2565 2552 2566
f 2567 2569 2571
f 2568 2572 2570
f 2567 2571 2573
f 2568 2574 2572
f 2567 2573 2575
f 2568 2576 2574
f 2567 2575 2577
f 2568 2578 2576
f 2567 2577 2579
f 2568 2580 2578
f 2567 2579 2581
f 2568 2582 2580
f 2567 2581 2583
f 2568 2584 2582
f 2567 2583 2569
f 2568 2570 2584
f 2569 2571 2572
f 2569 2572 2570
f 2571 2573 2574
f 2571 2574 2572
f 2573 2575 2576
f 2573 2576 2574
f 2575 2577 2578
f 2575 2578 2576
f 2577 2579 2580
f 2577 2580 2578
f 2579 2581 2582
f 2579 2582 2580
f 2581 2583 2584
f 2581 2584 2582
f 2583 2569 2570
f 2583 2570 2584
f 2585 2587 2589
f 2586 2590 2588
f 2585 2589 2591
f 2586 2592 2590
f 2585 2591 2593
f 2586 2594 2592
f 2585 2593 2595
f 2586 2596 2594
f 2585 2595 2597
f 2586 2598 2596
f 2585 2597 2599
f 2586 2600 2598
f 2585 2599 2601
f 2586 2602 2600
f 2585 2601 2587
f 2586 2588 2602
f 2587 2589 2590
f 2587 2590 2588
f 2589 2591 2592
f 2589 2592 2590
f 2591 2593 2594
f 2591 2594 2592
f 2593 2595 2596
f 2593 2596 2594
f 2595 2597 2598
f 2595 2598 2596
f 2597 2599 2600
f 2597 2600 2598
f 2599 2601 2602
f 2599 2602 2600
f 2601 2587 2588
f 2601 2588 2602
f 2603 2605 2607
f 2604 2608 2606
f 2603 2607 2609
f 2604 2610 2608
f 2603 2609 2611
f 2604 2612 2610
f 2603 2611 2613
f 2604 2614 2612
f 2603 2613 2615
f 2604 2616 2614
f 2603 2615 2617
f 2604 2618 2616
f 2603 2617 2619
f 2604 2620 2618
f 2603 2619 2605
f 2604 2606 2620
f 2605 2607 2608
f 2605 2608 2606
f 2607 2609 2610
f 2607 2610 2608
f 2609 2611 2612
f 2609 2612 2610
f 2611 2613 2614
f 2611 2614 2612
f 2613 2615 2616
f 2613 2616 2614
f 2615 2617 2618
f 2615 2618 2616
f 2617 2619 2620
f 2617 2620 2618
f 2619 2605 2606
f 2619 2606 2620
f 2621 2623 2625
f 2622 2626 2624
f 2621 2625 2627
f 2622 2628 2626
f 2621 2627 2629
f 2622 2630 2628
f 2621 2629 2631
f 2622 2632 2630
f 2621 2631 2633
f 2622 2634 2632
f 2621 2633 2635
f 2622 2636 2634
f 2621 2635 2637
f 2622 2638 2636
f 2621 2637 2623
f 2622 2624 2638
f 2623 2625 2626
f 2623 2626 2624
f 2625 2627 2628
f 2625 2628 2626
f 2627 2629 2630
f 2627 2630 2628
f 2629 2631 2632
f 2629 2632 2630
f 2631 2633 2634
f 2631 2634 2632
f 2633 2635 2636
f 2633 2636 2634
f 2635 2637 2638
f 2635 2638 2636
f 2637 2623 2624
f 2637 2624 2638
f 2639 2641 2643
f 2640 2644 2642
f 2639 2643 2645
f 2640 2646 2644
f 2639 2645 2647
f 2640 2648 2646
f 2639 2647 2649
f 2640 2650 2648
f 2639 2649 2651
f 2640 2652 2650
f 2639 2651 2653
f 2640 2654 2652
f 2639 2653 2655
f 2640 2656 2654
f 2639 2655 2641
f 2640 2642 2656
f 2641 2643 2644
f 2641 2644 2642
f 2643 2645 2646
f 2643 2646 2644
f 2645 2647 2648
f 2645 2648 2646
f 2647 2649 2650
f 2647 2650 2648
f 2649 2651 2652
f 2649 2652 2650
f 2651 2653 2654
f 2651 2654 2652
f 2653 2655 2656
f 2653 2656 2654
f 2655 2641 2642
f 2655 2642 2656
f 2657 2659 2661
f 2658 2662 2660
f 2657 2661 2663
f 2658 2664 2662
f 2657 2663 2665
f 2658 2666 2664
f 2657 2665 2667
f 2658 2668 2666
f 2657 2667 2669
f 2658 2670 2668
f 2657 2669 2671
f 2658 2672 2670
f 2657 2671 2673
f 2658 2674 2672
f 2657 2673 2659
f 2658 2660 2674
f 2659 2661 2662
f 2659 2662 2660
f 2661 2663 2664
f 2661 2664 2662
f 2663 2665 2666
f 2663 2666 2664
f 2665 2667 2668
f 2665 2668 2666
f 2667 2669 2670
f 2667 2670 2668
f 2669 2671 2672
f 2669 2672 2670
f 2671 2673 2674
f 2671 2674 2672
f 2673 2659 2660
f 2673 2660 2674
f 2675 2677 2679
f 2676 2680 2678
f 2675 2679 2681
f 2676 2682 2680
f 2675 2681 2683
f 2676 2684 2682
f 2675 2683 2685
f 2676 2686 2684
f 2675 2685 2687
f 2676 2688 2686
f 2675 2687 2689
f 2676 2690 2688
f 2675 2689 2691
f 2676 2692 2690
f 2675 2691 2677
f 2676 2678 2692
f 2677 2679 2680
f 2677 2680 2678
f 2679 2681 2682
f 2679 2682 2680
f 2681 2683 2684
f 2681 2684 2682
f 2683 2685 2686
f 2683 2686 2684
f 2685 2687 2688
f 2685 2688 2686
f 2687 2689 2690
f 2687 2690 2688
f 2689 2691 2692
f 2689 2692 2690
f 2691 2677 2678
f 2691 2678 2692
f 2693 2695 2697
f 2694 2698 2696
f 2693 2697 2699
f 2694 2700 2698
f 2693 2699 2701
f 2694 2702 2700
f 2693 2701 2703
f 2694 2704 2702
f 2693 2703 2705
f 2694 2706 2704
f 2693 2705 2707
f 2694 2708 2706
f 2693 2707 2709
f 2694 2710 2708
f 2693 2709 2695
f 2694 2696 2710
f 2695 2697 2698
f 2695 2698 2696
f 2697 2699 2700
f 2697 2700 2698
f 2699 2701 2702
f 2699 2702 2700
f 2701 2703 2704
f 2701 2704 2702
f 2703 2705 2706
f 2703 2706 2704
f 2705 2707 2708
f 2705 2708 2706
f 2707 2709 2710
f 2707 2710 2708
f 2709 2695 2696
f 2709 2696 2710
f 2711 2713 2715
f 2712 2716 2714
f 2711 2715 2717
f 2712 2718 2716
f 2711 2717 2719
f 2712 2720 2718
f 2711 2719 2721
f 2712 2722 2720
f 2711 2721 2723
f 2712 2724 2722
f 2711 2723 2725
f 2712 2726 2724
f 2711 2725 2727
f 2712 2728 2726
f 2711 2727 2713
f 2712 2714 2728
f 2713 2715 2716
f 2713 2716 2714
f 2715 2717 2718
f 2715 2718 2716
f 2717 2719 2720
f 2717 2720 2718
f 2719 2721 2722
f 2719 2722 2720
f 2721 2723 2724
f 2721 2724 2722
f 2723 2725 2726
f 2723 2726 2724
f 2725 2727 2728
f 2725 2728 2726
f 2727 2713 2714
f 2727 2714 2728
f 2729 2731 2733
f 2730 2734 2732
f 2729 2733 2735
f 2730 2736 2734
f 2729 2735 2737
f 2730 2738 2736
f 2729 2737 2739
f 2730 2740 2738
f 2729 2739 2741
f 2730 2742 2740
f 2729 2741 2743
f 2730 2744 2742
f 2729 2743 2745
f 2730 2746 2744
f 2729 2745 2731
f 2730 2732 2746
f 2731 2733 2734
f 2731 2734 2732
f 2733 2735 2736
f 2733 2736 2734
f 2735 2737 2738
f 2735 2738 2736
f 2737 2739 2740
f 2737 2740 2738
f 2739 2741 2742
f 2739 2742 2740
f 2741 2743 2744
f 2741 2744 2742
f 2743 2745 2746
f 2743 2746 2744
f 2745 2731 2732
f 2745 2732 2746
f 2747 2749 2751
f 2748 2752 2750
f 2747 2751 2753
f 2748 2754 2752
f 2747 2753 2755
f 2748 2756 2754
f 2747 2755 2757
f 2748 2758 2756
f 2747 2757 2759
f 2748 2760 2758
f 2747 2759 2761
f 2748 2762 2760
f 2747 2761 2763
f 2748 2764 2762
f 2747 2763 2749
f 2748 2750 2764
f 2749 2751 2752
f 2749 2752 2750
f 2751 2753 2754
f 2751 2754 2752
f 2753 2755 2756
f 2753 2756 2754
f 2755 2757 2758
f 2755 2758 2756
f 2757 2759 2760
f 2757 2760 2758
f 2759 2761 2762
f 2759 2762 2760
f 2761 2763 2764
f 2761 2764 2762
f 2763 2749 2750
f 2763 2750 2764
f 2765 2767 2769
f 2766 2770 2768
f 2765 2769 2771
f 2766 2772 2770
f 2765 2771 2773
f 2766 2774 2772
f 2765 2773 2775
f 2766 2776 2774
f 2765 2775 2777
f 2766 2778 2776
f 2765 2777 2779
f 2766 2780 2778
f 2765 2779 2781
f 2766 2782 2780
f 2765 2781 2767
f 2766 2768 2782
f 2767 2769 2770
f 2767 2770 2768
f 2769 2771 2772
f 2769 2772 2770
f 2771 2773 2774
f 2771 2774 2772
f 2773 2775 2776
f 2773 2776 2774
f 2775 2777 2778
f 2775 2778 2776
f 2777 2779 2780
f 2777 2780 2778
f 2779 2781 2782
f 2779 2782 2780
f 2781 2767 2768
f 2781 2768 2782
f 2783 2785 2787
f 2784 2788 2786
f 2783 2787 2789
f 2784 2790 2788
f 2783 2789 2791
f 2784 2792 2790
f 2783 2791 2793
f 2784 2794 2792
f 2783 2793 2795
f 2784 2796 2794
f 2783 2795 2797
f 2784 2798 2796
f 2783 2797 2799
f 2784 2800 2798
f 2783 2799 2785
f 2784 2786 2800
f 2785 2787 2788
f 2785 2788 2786
f 2787 2789 2790
f 2787 2790 2788
f 2789 2791 2792
f 2789 2792 2790
f 2791 2793 2794
f 2791 2794 2792
f 2793 2795 2796
f 2793 2796 2794
f 2795 2797 2798
f 2795 2798 2796
f 2797 2799 2800
f 2797 2800 2798
f 2799 2785 2786
f 2799 2786 2800
f 2801 2803 2805
f 2802 2806 2804
f 2801 2805 2807
f 2802 2808 2806
f 2801 2807 2809
f 2802 2810 2808
f 2801 2809 2811
f 2802 2812 2810
f 2801 2811 2813
f 2802 2814 2812
f 2801 2813 2815
f 2802 2816 2814
f 2801 2815 2817
f 2802 2818 2816
f 2801 2817 2803
f 2802 2804 2818
f 2803 2805 2806
f 2803 2806 2804
f 2805 2807 2808
f 2805 2808 2806
f 2807 2809 2810
f 2807 2810 2808
f 2809 2811 2812
f 2809 2812 2810
f 2811 2813 2814
f 2811 2814 2812
f 2813 2815 2816
f 2813 2816 2814
f 2815 2817 2818
f 2815 2818 2816
f 2817 2803 2804
f 2817 2804 2818
f 2819 2821 2823
f 2820 2824 2822
f 2819 2823 2825
f 2820 2826 2824
f 2819 2825 2827
f 2820 2828 2826
f 2819 2827 2829
f 2820 2830 2828
f 2819 2829 2831
f 2820 2832 2830
f 2819 2831 2833
f 2820 2834 2832
f 2819 2833 2835
f 2820 2836 2834
f 2819 2835 2821
f 2820 2822 2836
f 2821 2823 2824
f 2821 2824 2822
f 2823 2825 2826
f 2823 2826 2824
f 2825 2827 2828
f 2825 2828 2826
f 2827 2829 2830
f 2827 2830 2828
f 2829 2831 2832
f 2829 2832 2830
f 2831 2833 2834
f 2831 2834 2832
f 2833 2835 2836
f 2833 2836 2834
f 2835 2821 2822
f 2835 2822 2836
f 2837 2839 2841
f 2838 2842 2840
f 2837 2841 2843
f 2838 2844 2842
f 2837 2843 2845
f 2838 2846 2844
f 2837 2845 2847
f 2838 2848 2846
f 2837 2847 2849
f 2838 2850 2848
f 2837 2849 2851
f 2838 2852 2850
f 2837 2851 2853
f 2838 2854 2852
f 2837 2853 2839
f 2838 2840 2854
f 2839 2841 2842
f 2839 2842 2840
f 2841 2843 2844
f 2841 2844 2842
f 2843 2845 2846
f 2843 2846 2844
f 2845 2847 2848
f 2845 2848 2846
f 2847 2849 2850
f 2847 2850 2848
f 2849 2851 2852
f 2849 2852 2850
f 2851 2853 2854
f 2851 2854 2852
f 2853 2839 2840
f 2853 2840 2854
f 2855 2858 2857
f 2855 2859 2858
f 2855 2860 2859
f 2855 2861 2860
f 2855 2862 2861
f 2855 2863 2862
f 2855 2864 2863
f 2855 2857 2864
f 2856 2857 2858
f 2856 2858 2859
f 2856 2859 2860
f 2856 2860 2861
f 2856 2861 2862
f 2856 2862 2863
f 2856 2863 2864
f 2856 2864 2857
f 2865 2867 2869
f 2866 2870 2868
f 2865 2869 2871
f 2866 2872 2870
f 2865 2871 2873
f 2866 2874 2872
f 2865 2873 2875
f 2866 2876 2874
f 2865 2875 2877
f 2866 2878 2876
f 2865 2877 2879
f 2866 2880 2878
f 2865 2879 2881
f 2866 2882 2880
f 2865 2881 2867
f 2866 2868 2882
f 2867 2869 2870
f 2867 2870 2868
f 2869 2871 2872
f 2869 2872 2870
f 2871 2873 2874
f 2871 2874 2872
f 2873 2875 2876
f 2873 2876 2874
f 2875 2877 2878
f 2875 2878 2876
f 2877 2879 2880
f 2877 2880 2878
f 2879 2881 2882
f 2879 2882 2880
f 2881 2867 2868
f 2881 2868 2882
f 2883 2885 2887
f 2884 2888 2886
f 2883 2887 2889
f 2884 2890 2888
f 2883 2889 2891
f 2884 2892 2890
f 2883 2891 2893
f 2884 2894 2892
f 2883 2893 2895
f 2884 2896 2894
f 2883 2895 2897
f 2884 2898 2896
f 2883 2897 2899
f 2884 2900 2898
f 2883 2899 2885
f 2884 2886 2900
f 2885 2887 2888
f 2885 2888 2886
f 2887 2889 2890
f 2887 2890 2888
f 2889 2891 2892
f 2889 2892 2890
f 2891 2893 2894
f 2891 2894 2892
f 2893 2895 2896
f 2893 2896 2894
f 2895 2897 2898
f 2895 2898 2896
f 2897 2899 2900
f 2897 2900 2898
f 2899 2885 2886
f 2899 2886 2900
f 2901 2903 2905
f 2902 2906 2904
f 2901 2905 2907
f 2902 2908 2906
f 2901 2907 2909
f 2902 2910 2908
f 2901 2909 2911
f 2902 2912 2910
f 2901 2911 2913
f 2902 2914 2912
f 2901 2913 2915
f 2902 2916 2914
f 2901 2915 2917
f 2902 2918 2916
f 2901 2917 2903
f 2902 2904 2918
f 2903 2905 2906
f 2903 2906 2904
f 2905 2907 2908
f 2905 2908 2906
f 2907 2909 2910
f 2907 2910 2908
f 2909 2911 2912
f 2909 2912 2910
f 2911 2913 2914
f 2911 2914 2912
f 2913 2915 2916
f 2913 2916 2914
f 2915 2917 2918
f 2915 2918 2916
f 2917 2903 2904
f 2917 2904 2918
f 2919 2922 2921
f 2919 2923 2922
f 2919 2924 2923
f 2919 2925 2924
f 2919 2926 2925
f 2919 2927 2926
f 2919 2928 2927
f 2919 2921 2928
f 2920 2921 2922
f 2920 2922 2923
f 2920 2923 2924
f 2920 2924 2925
f 2920 2925 2926
f 2920 2926 2927
f 2920 2927 2928
f 2920 2928 2921
f 2929 2931 2933
f 2930 2934 2932
f 2929 2933 2935
f 2930 2936 2934
f 2929 2935 2937
f 2930 2938 2936
f 2929 2937 2939
f 2930 2940 2938
f 2929 2939 2941
f 2930 2942 2940
f 2929 2941 2943
f 2930 2944 2942
f 2929 2943 2945
f 2930 2946 2944
f 2929 2945 2931
f 2930 2932 2946
f 2931 2933 2934
f 2931 2934 2932
f 2933 2935 2936
f 2933 2936 2934
f 2935 2937 2938
f 2935 2938 2936
f 2937 2939 2940
f 2937 2940 2938
f 2939 2941 2942
f 2939 2942 2940
f 2941 2943 2944
f 2941 2944 2942
f 2943 2945 2946
f 2943 2946 2944
f 2945 2931 2932
f 2945 2932 2946
f 2947 2949 2951
f 2948 2952 2950
f 2947 2951 2953
f 2948 2954 2952
f 2947 2953 2955
f 2948 2956 2954
f 2947 2955 2957
f 2948 2958 2956
f 2947 2957 2959
f 2948 2960 2958
f 2947 2959 2961
f 2948 2962 2960
f 2947 2961 2963
f 2948 2964 2962
f 2947 2963 2949
f 2948 2950 2964
f 2949 2951 2952
f 2949 2952 2950
f 2951 2953 2954
f 2951 2954 2952
f 2953 2955 2956
f 2953 2956 2954
f 2955 2957 2958
f 2955 2958 2956
f 2957 2959 2960
f 2957 2960 2958
f 2959 2961 2962
f 2959 2962 2960
f 2961 2963 2964
f 2961 2964 2962
f 2963 2949 2950
f 2963 2950 2964
f 2965 2967 2969
f 2966 2970 2968
f 2965 2969 2971
f 2966 2972 2970
f 2965 2971 2973
f 2966 2974 2972
f 2965 2973 2975
f 2966 2976 2974
f 2965 2975 2977
f 2966 2978 2976
f 2965 2977 2979
f 2966 2980 2978
f 2965 2979 2981
f 2966 2982 2980
f 2965 2981 2967
f 2966 2968 2982
f 2967 2969 2970
f 2967 2970 2968
f 2969 2971 2972
f 2969 2972 2970
f 2971 2973 2974
f 2971 2974 2972
f 2973 2975 2976
f 2973 2976 2974
f 2975 2977 2978
f 2975 2978 2976
f 2977 2979 2980
f 2977 2980 2978
f 2979 2981 2982
f 2979 2982 2980
f 2981 2967 2968
f 2981 2968 2982
f 2983 2986 2985
f 2983 2987 2986
f 2983 2988 2987
f 2983 2989 2988
f 2983 2990 2989
f 2983 2991 2990
f 2983 2992 2991
f 2983 2985 2992
f 2984 2985 2986
f 2984 2986 2987
f 2984 2987 2988
f 2984 2988 2989
f 2984 2989 2990
f 2984 2990 2991
f 2984 2991 2992
f 2984 2992 2985
f 2993 2995 2997
f 2994 2998 2996
f 2993 2997 2999
f 2994 3000 2998
f 2993 2999 3001
f 2994 3002 3000
f 2993 3001 3003
f 2994 3004 3002
f 2993 3003 3005
f 2994 3006 3004
f 2993 3005 3007
f 2994 3008 3006
f 2993 3007 3009
f 2994 3010 3008
f 2993 3009 2995
f 2994 2996 3010
f 2995 2997 2998
f 2995 2998 2996
f 2997 2999 3000
f 2997 3000 2998
f 2999 3001 3002
f 2999 3002 3000
f 3001 3003 3004
f 3001 3004 3002
f 3003 3005 3006
f 3003 3006 3004
f 3005 3007 3008
f 3005 3008 3006
f 3007 3009 3010
f 3007 3010 3008
f 3009 2995 2996
f 3009 2996 3010
f 3011 3013 3015
f 3012 3016 3014
f 3011 3015 3017
f 3012 3018 3016
f 3011 3017 3019
f 3012 3020 3018
f 3011 3019 3021
f 3012 3022 3020
f 3011 3021 3023
f 3012 3024 3022
f 3011 3023 3025
f 3012 3026 3024
f 3011 3025 3027
f 3012 3028 3026
f 3011 3027 3013
f 3012 3014 3028
f 3013 3015 3016
f 3013 3016 3014
f 3015 3017 3018
f 3015 3018 3016
f 3017 3019 3020
f 3017 3020 3018
f 3019 3021 3022
f 3019 3022 3020
f 3021 3023 3024
f 3021 3024 3022
f 3023 3025 3026
f 3023 3026 3024
f 3025 3027 3028
f 3025 3028 3026
f 3027 3013 3014
f 3027 3014 3028
f 3029 3031 3033
f 3030 3034 3032
f 3029 3033 3035
f 3030 3036 3034
f 3029 3035 3037
f 3030 3038 3036
f 3029 3037 3039
f 3030 3040 3038
f 3029 3039 3041
f 3030 3042 3040
f 3029 3041 3043
f 3030 3044 3042
f 3029 3043 3045
f 3030 3046 3044
f 3029 3045 3031
f 3030 3032 3046
f 3031 3033 3034
f 3031 3034 3032
f 3033 3035 3036
f 3033 3036 3034
f 3035 3037 3038
f 3035 3038 3036
f 3037 3039 3040
f 3037 3040 3038
f 3039 3041 3042
f 3039 3042 3040
f 3041 3043 3044
f 3041 3044 3042
f 3043 3045 3046
f 3043 3046 3044
f 3045 3031 3032
f 3045 3032 3046
f 3047 3050 3049
f 3047 3051 3050
f 3047 3052 3051
f 3047 3053 3052
f 3047 3054 3053
f 3047 3055 3054
f 3047 3056 3055
f 3047 3049 3056
f 3048 3049 3050
f 3048 3050 3051
f 3048 3051 3052
f 3048 3052 3053
f 3048 3053 3054
f 3048 3054 3055
f 3048 3055 3056
f 3048 3056 3049
f 3057 3059 3061
f 3058 3062 3060
f 3057 3061 3063
f 3058 3064 3062
f 3057 3063 3065
f 3058 3066 3064
f 3057 3065 3067
f 3058 3068 3066
f 3057 3067 3069
f 3058 3070 3068
f 3057 3069 3071
f 3058 3072 3070
f 3057 3071 3073
f 3058 3074 3072
f 3057 3073 3059
f 3058 3060 3074
f 3059 3061 3062
f 3059 3062 3060
f 3061 3063 3064
f 3061 3064 3062
f 3063 3065 3066
f 3063 3066 3064
f 3065 3067 3068
f 3065 3068 3066
f 3067 3069 3070
f 3067 3070 3068
f 3069 3071 3072
f 3069 3072 3070
f 3071 3073 3074
f 3071 3074 3072
f 3073 3059 3060
f 3073 3060 3074
f 3075 3077 3079
f 3076 3080 3078
f 3075 3079 3081
f 3076 3082 3080
f 3075 3081 3083
f 3076 3084 3082
f 3075 3083 3085
f 3076 3086 3084
f 3075 3085 3087
f 3076 3088 3086
f 3075 3087 3089
f 3076 3090 3088
f 3075 3089 3091
f 3076 3092 3090
f 3075 3091 3077
f 3076 3078 3092
f 3077 3079 3080
f 3077 3080 3078
f 3079 3081 3082
f 3079 3082 3080
f 3081 3083 3084
f 3081 3084 3082
f 3083 3085 3086
f 3083 3086 3084
f 3085 3087 3088
f 3085 3088 3086
f 3087 3089 3090
f 3087 3090 3088
f 3089 3091 3092
f 3089 3092 3090
f 3091 3077 3078
f 3091 3078 3092
f 3093 3095 3097
f 3094 3098 3096
f 3093 3097 3099
f 3094 3100 3098
f 3093 3099 3101
f 3094 3102 3100
f 3093 3101 3103
f 3094 3104 3102
f 3093 3103 3105
f 3094 3106 3104
f 3093 3105 3107
f 3094 3108 3106
f 3093 3107 3109
f 3094 3110 3108
f 3093 3109 3095
f 3094 3096 3110
f 3095 3097 3098
f 3095 3098 3096
f 3097 3099 3100
f 3097 3100 3098
f 3099 3101 3102
f 3099 3102 3100
f 3101 3103 3104
f 3101 3104 3102
f 3103 3105 3106
f 3103 3106 3104
f 3105 3107 3108
f 3105 3108 3106
f 3107 3109 3110
f 3107 3110 3108
f 3109 3095 3096
f 3109 3096 3110
f 3111 3114 3113
f 3111 3115 3114
f 3111 3116 3115
f 3111 3117 3116
f 3111 3118 3117
f 3111 3119 3118
f 3111 3120 3119
f 3111 3113 3120
f 3112 3113 3114
f 3112 3114 3115
f 3112 3115 3116
f 3112 3116 3117
f 3112 3117 3118
f 3112 3118 3119
f 3112 3119 3120
f 3112 3120 3113
f 3121 3123 3125
f 3122 3126 3124
f 3121 3125 3127
f 3122 3128 3126
f 3121 3127 3129
f 3122 3130 3128
f 3121 3129 3131
f 3122 3132 3130
f 3121 3131 3133
f 3122 3134 3132
f 3121 3133 3135
f 3122 3136 3134
f 3121 3135 3137
f 3122 3138 3136
f 3121 3137 3123
f 3122 3124 3138
f 3123 3125 3126
f 3123 3126 3124
f 3125 3127 3128
f 3125 3128 3126
f 3127 3129 3130
f 3127 3130 3128
f 3129 3131 3132
f 3129 3132 3130
f 3131 3133 3134
f 3131 3134 3132
f 3133 3135 3136
f 3133 3136 3134
f 3135 3137 3138
f 3135 3138 3136
f 3137 3123 3124
f 3137 3124 3138
f 3139 3141 3143
f 3140 3144 3142
f 3139 3143 3145
f 3140 3146 3144
f 3139 3145 3147
f 3140 3148 3146
f 3139 3147 3149
f 3140 3150 3148
f 3139 3149 3151
f 3140 3152 3150
f 3139 3151 3153
f 3140 3154 3152
f 3139 3153 3155
f 3140 3156 3154
f 3139 3155 3141
f 3140 3142 3156
f 3141 3143 3144
f 3141 3144 3142
f 3143 3145 3146
f 3143 3146 3144
f 3145 3147 3148
f 3145 3148 3146
f 3147 3149 3150
f 3147 3150 3148
f 3149 3151 3152
f 3149 3152 3150
f 3151 3153 3154
f 3151 3154 3152
f 3153 3155 3156
f 3153 3156 3154
f 3155 3141 3142
f 3155 3142 3156
f 3157 3159 3161
f 3158 3162 3160
f 3157 3161 3163
f 3158 3164 3162
f 3157 3163 3165
f 3158 3166 3164
f 3157 3165 3167
f 3158 3168 3166
f 3157 3167 3169
f 3158 3170 3168
f 3157 3169 3171
f 3158 3172 3170
f 3157 3171 3173
f 3158 3174 3172
f 3157 3173 3159
f 3158 3160 3174
f 3159 3161 3162
f 3159 3162 3160
f 3161 3163 3164
f 3161 3164 3162
f 3163 3165 3166
f 3163 3166 3164
f 3165 3167 3168
f 3165 3168 3166
f 3167 3169 3170
f 3167 3170 3168
f 3169 3171 3172
f 3169 3172 3170
f 3171 3173 3174
f 3171 3174 3172
f 3173 3159 3160
f 3173 3160 3174
f 3175 3178 3177
f 3175 3179 3178
f 3175 3180 3179
f 3175 3181 3180
f 3175 3182 3181
f 3175 3183 3182
f 3175 3184 3183
f 3175 3177 3184
f 3176 3177 3178
f 3176 3178 3179
f 3176 3179 3180
f 3176 3180 3181
f 3176 3181 3182
f 3176 3182 3183
f 3176 3183 3184
f 3176 3184 3177
f 3185 3187 3189
f 3186 3190 3188
f 3185 3189 3191
f 3186 3192 3190
f 3185 3191 3193
f 3186 3194 3192
f 3185 3193 3195
f 3186 3196 3194
f 3185 3195 3197
f 3186 3198 3196
f 3185 3197 3199
f 3186 3200 3198
f 3185 3199 3201
f 3186 3202 3200
f 3185 3201 3187
f 3186 3188 3202
f 3187 3189 3190
f 3187 3190 3188
f 3189 3191 3192
f 3189 3192 3190
f 3191 3193 3194
f 3191 3194 3192
f 3193 3195 3196
f 3193 3196 3194
f 3195 3197 3198
f 3195 3198 3196
f 3197 3199 3200
f 3197 3200 3198
f 3199 3201 3202
f 3199 3202 3200
f 3201 3187 3188
f 3201 3188 3202
f 3203 3205 3207
f 3204 3208 3206
f 3203 3207 3209
f 3204 3210 3208
f 3203 3209 3211
f 3204 3212 3210
f 3203 3211 3213
f 3204 3214 3212
f 3203 3213 3215
f 3204 3216 3214
f 3203 3215 3217
f 3204 3218 3216
f 3203 3217 3219
f 3204 3220 3218
f 3203 3219 3205
f 3204 3206 3220
f 3205 3207 3208
f 3205 3208 3206
f 3207 3209 3210
f 3207 3210 3208
f 3209 3211 3212
f 3209 3212 3210
f 3211 3213 3214
f 3211 3214 3212
f 3213 3215 3216
f 3213 3216 3214
f 3215 3217 3218
f 3215 3218 3216
f 3217 3219 3220
f 3217 3220 3218
f 3219 3205 3206
f 3219 3206 3220
f 3221 3223 3225
f 3222 3226 3224
f 3221 3225 3227
f 3222 3228 3226
f 3221 3227 3229
f 3222 3230 3228
f 3221 3229 3231
f 3222 3232 3230
f 3221 3231 3233
f 3222 3234 3232
f 3221 3233 3235
f 3222 3236 3234
f 3221 3235 3237
f 3222 3238 3236
f 3221 3237 3223
f 3222 3224 3238
f 3223 3225 3226
f 3223 3226 3224
f 3225 3227 3228
f 3225 3228 3226
f 3227 3229 3230
f 3227 3230 3228
f 3229 3231 3232
f 3229 3232 3230
f 3231 3233 3234
f 3231 3234 3232
f 3233 3235 3236
f 3233 3236 3234
f 3235 3237 3238
f 3235 3238 3236
f 3237 3223 3224
f 3237 3224 3238
f 3239 3242 3241
f 3239 3243 3242
f 3239 3244 3243
f 3239 3245 3244
f 3239 3246 3245
f 3239 3247 3246
f 3239 3248 3247
f 3239 3241 3248
f 3240 3241 3242
f 3240 3242 3243
f 3240 3243 3244
f 3240 3244 3245
f 3240 3245 3246
f 3240 3246 3247
f 3240 3247 3248
f 3240 3248 3241
f 3249 3251 3253
f 3250 3254 3252
f 3249 3253 3255
f 3250 3256 3254
f 3249 3255 3257
f 3250 3258 3256
f 3249 3257 3259
f 3250 3260 3258
f 3249 3259 3261
f 3250 3262 3260
f 3249 3261 3263
f 3250 3264 3262
f 3249 3263 3265
f 3250 3266 3264
f 3249 3265 3251
f 3250 3252 3266
f 3251 3253 3254
f 3251 3254 3252
f 3253 3255 3256
f 3253 3256 3254
f 3255 3257 3258
f 3255 3258 3256
f 3257 3259 3260
f 3257 3260 3258
f 3259 3261 3262
f 3259 3262 3260
f 3261 3263 3264
f 3261 3264 3262
f 3263 3265 3266
f 3263 3266 3264
f 3265 3251 3252
f 3265 3252 3266
f 3267 3269 3271
f 3268 3272 3270
f 3267 3271 3273
f 3268 3274 3272
f 3267 3273 3275
f 3268 3276 3274
f 3267 3275 3277
f 3268 3278 3276
f 3267 3277 3279
f 3268 3280 3278
f 3267 3279 3281
f 3268 3282 3280
f 3267 3281 3283
f 3268 3284 3282
f 3267 3283 3269
f 3268 3270 3284
f 3269 3271 3272
f 3269 3272 3270
f 3271 3273 3274
f 3271 3274 3272
f 3273 3275 3276
f 3273 3276 3274
f 3275 3277 3278
f 3275 3278 3276
f 3277 3279 3280
f 3277 3280 3278
f 3279 3281 3282
f 3279 3282 3280
f 3281 3283 3284
f 3281 3284 3282
f 3283 3269 3270
f 3283 3270 3284
f 3285 3287 3289
f 3286 3290 3288
f 3285 3289 3291
f 3286 3292 3290
f 3285 3291 3293
f 3286 3294 3292
f 3285 3293 3295
f 3286 3296 3294
f 3285 3295 3297
f 3286 3298 3296
f 3285 3297 3299
f 3286 3300 3298
f 3285 3299 3301
f 3286 3302 3300
f 3285 3301 3287
f 3286 3288 3302
f 3287 3289 3290
f 3287 3290 3288
f 3289 3291 3292
f 3289 3292 3290
f 3291 3293 3294
f 3291 3294 3292
f 3293 3295 3296
f 3293 3296 3294
f 3295 3297 3298
f 3295 3298 3296
f 3297 3299 3300
f 3297 3300 3298
f 3299 3301 3302
f 3299 3302 3300
f 3301 3287 3288
f 3301 3288 3302
f 3303 3306 3305
f 3303 3307 3306
f 3303 3308 3307
f 3303 3309 3308
f 3303 3310 3309
f 3303 3311 3310
f 3303 3312 3311
f 3303 3305 3312
f 3304 3305 3306
f 3304 3306 3307
f 3304 3307 3308
f 3304 3308 3309
f 3304 3309 3310
f 3304 3310 3311
f 3304 3311 3312
f 3304 3312 3305
f 3313 3315 3317
f 3314 3318 3316
f 3313 3317 3319
f 3314 3320 3318
f 3313 3319 3321
f 3314 3322 3320
f 3313 3321 3323
f 3314 3324 3322
f 3313 3323 3325
f 3314 3326 3324
f 3313 3325 3327
f 3314 3328 3326
f 3313 3327 3329
f 3314 3330 3328
f 3313 3329 3315
f 3314 3316 3330
f 3315 3317 3318
f 3315 3318 3316
f 3317 3319 3320
f 3317 3320 3318
f 3319 3321 3322
f 3319 3322 3320
f 3321 3323 3324
f 3321 3324 3322
f 3323 3325 3326
f 3323 3326 3324
f 3325 3327 3328
f 3325 3328 3326
f 3327 3329 3330
f 3327 3330 3328
f 3329 3315 3316
f 3329 3316 3330
f 3331 3333 3335
f 3332 3336 3334
f 3331 3335 3337
f 3332 3338 3336
f 3331 3337 3339
f 3332 3340 3338
f 3331 3339 3341
f 3332 3342 3340
f 3331 3341 3343
f 3332 3344 3342
f 3331 3343 3345
f 3332 3346 3344
f 3331 3345 3347
f 3332 3348 3346
f 3331 3347 3333
f 3332 3334 3348
f 3333 3335 3336
f 3333 3336 3334
f 3335 3337 3338
f 3335 3338 3336
f 3337 3339 3340
f 3337 3340 3338
f 3339 3341 3342
f 3339 3342 3340
f 3341 3343 3344
f 3341 3344 3342
f 3343 3345 3346
f 3343 3346 3344
f 3345 3347 3348
f 3345 3348 3346
f 3347 3333 3334
f 3347 3334 3348
f 3349 3351 3353
f 3350 3354 3352
f 3349 3353 3355
f 3350 3356 3354
f 3349 3355 3357
f 3350 3358 3356
f 3349 3357 3359
f 3350 3360 3358
f 3349 3359 3361
f 3350 3362 3360
f 3349 3361 3363
f 3350 3364 3362
f 3349 3363 3365
f 3350 3366 3364
f 3349 3365 3351
f 3350 3352 3366
f 3351 3353 3354
f 3351 3354 3352
f 3353 3355 3356
f 3353 3356 3354
f 3355 3357 3358
f 3355 3358 3356
f 3357 3359 3360
f 3357 3360 3358
f 3359 3361 3362
f 3359 3362 3360
f 3361 3363 3364
f 3361 3364 3362
f 3363 3365 3366
f 3363 3366 3364
f 3365 3351 3352
f 3365 3352 3366
f 3367 3370 3369
f 3367 3371 3370
f 3367 3372 3371
f 3367 3373 3372
f 3367 3374 3373
f 3367 3375 3374
f 3367 3376 3375
f 3367 3369 3376
f 3368 3369 3370
f 3368 3370 3371
f 3368 3371 3372
f 3368 3372 3373
f 3368 3373 3374
f 3368 3374 3375
f 3368 3375 3376
f 3368 3376 3369
f 3377 3379 3381
f 3378 3382 3380
f 3377 3381 3383
f 3378 3384 3382
f 3377 3383 3385
f 3378 3386 3384
f 3377 3385 3387
f 3378 3388 3386
f 3377 3387 3389
f 3378 3390 3388
f 3377 3389 3391
f 3378 3392 3390
f 3377 3391 3393
f 3378 3394 3392
f 3377 3393 3379
f 3378 3380 3394
f 3379 3381 3382
f 3379 3382 3380
f 3381 3383 3384
f 3381 3384 3382
f 3383 3385 3386
f 3383 3386 3384
f 3385 3387 3388
f 3385 3388 3386
f 3387 3389 3390
f 3387 3390 3388
f 3389 3391 3392
f 3389 3392 3390
f 3391 3393 3394
f 3391 3394 3392
f 3393 3379 3380
f 3393 3380 3394
f 3395 3397 3399
f 3396 3400 3398
f 3395 3399 3401
f 3396 3402 3400
f 3395 3401 3403
f 3396 3404 3402
f 3395 3403 3405
f 3396 3406 3404
f 3395 3405 3407
f 3396 3408 3406
f 3395 3407 3409
f 3396 3410 3408
f 3395 3409 3411
f 3396 3412 3410
f 3395 3411 3397
f 3396 3398 3412
f 3397 3399 3400
f 3397 3400 3398
f 3399 3401 3402
f 3399 3402 3400
f 3401 3403 3404
f 3401 3404 3402
f 3403 3405 3406
f 3403 3406 3404
f 3405 3407 3408
f 3405 3408 3406
f 3407 3409 3410
f 3407 3410 3408
f 3409 3411 3412
f 3409 3412 3410
f 3411 3397 3398
f 3411 3398 3412
f 3413 3415 3417
f 3414 3418 3416
f 3413 3417 3419
f 3414 3420 3418
f 3413 3419 3421
f 3414 3422 3420
f 3413 3421 3423
f 3414 3424 3422
f 3413 3423 3425
f 3414 3426 3424
f 3413 3425 3427
f 3414 3428 3426
f 3413 3427 3429
f 3414 3430 3428
f 3413 3429 3415
f 3414 3416 3430
f 3415 3417 3418
f 3415 3418 3416
f 3417 3419 3420
f 3417 3420 3418
f 3419 3421 3422
f 3419 3422 3420
f 3421 3423 3424
f 3421 3424 3422
f 3423 3425 3426
f 3423 3426 3424
f 3425 3427 3428
f 3425 3428 3426
f 3427 3429 3430
f 3427 3430 3428
f 3429 3415 3416
f 3429 3416 3430
f 3431 3434 3433
f 3431 3435 3434
f 3431 3436 3435
f 3431 3437 3436
f 3431 3438 3437
f 3431 3439 3438
f 3431 3440 3439
f 3431 3433 3440
f 3432 3433 3434
f 3432 3434 3435
f 3432 3435 3436
f 3432 3436 3437
f 3432 3437 3438
f 3432 3438 3439
f 3432 3439 3440
f 3432 3440 3433
f 3441 3443 3445
f 3442 3446 3444
f 3441 3445 3447
f 3442 3448 3446
f 3441 3447 3449
f 3442 3450 3448
f 3441 3449 3451
f 3442 3452 3450
f 3441 3451 3453
f 3442 3454 3452
f 3441 3453 3455
f 3442 3456 3454
f 3441 3455 3457
f 3442 3458 3456
f 3441 3457 3443
f 3442 3444 3458
f 3443 3445 3446
f 3443 3446 3444
f 3445 3447 3448
f 3445 3448 3446
f 3447 3449 3450
f 3447 3450 3448
f 3449 3451 3452
f 3449 3452 3450
f 3451 3453 3454
f 3451 3454 3452
f 3453 3455 3456
f 3453 3456 3454
f 3455 3457 3458
f 3455 3458 3456
f 3457 3443 3444
f 3457 3444 3458
f 3459 3461 3463
f 3460 3464 3462
f 3459 3463 3465
f 3460 3466 3464
f 3459 3465 3467
f 3460 3468 3466
f 3459 3467 3469
f 3460 3470 3468
f 3459 3469 3471
f 3460 3472 3470
f 3459 3471 3473
f 3460 3474 3472
f 3459 3473 3475
f 3460 3476 3474
f 3459 3475 3461
f 3460 3462 3476
f 3461 3463 3464
f 3461 3464 3462
f 3463 3465 3466
f 3463 3466 3464
f 3465 3467 3468
f 3465 3468 3466
f 3467 3469 3470
f 3467 3470 3468
f 3469 3471 3472
f 3469 3472 3470
f 3471 3473 3474
f 3471 3474 3472
f 3473 3475 3476
f 3473 3476 3474
f 3475 3461 3462
f 3475 3462 3476
f 3477 3479 3481
f 3478 3482 3480
f 3477 3481 3483
f 3478 3484 3482
f 3477 3483 3485
f 3478 3486 3484
f 3477 3485 3487
f 3478 3488 3486
f 3477 3487 3489
f 3478 3490 3488
f 3477 3489 3491
f 3478 3492 3490
f 3477 3491 3493
f 3478 3494 3492
f 3477 3493 3479
f 3478 3480 3494
f 3479 3481 3482
f 3479 3482 3480
f 3481 3483 3484
f 3481 3484 3482
f 3483 3485 3486
f 3483 3486 3484
f 3485 3487 3488
f 3485 3488 3486
f 3487 3489 3490
f 3487 3490 3488
f 3489 3491 3492
f 3489 3492 3490
f 3491 3493 3494
f 3491 3494 3492
f 3493 3479 3480
f 3493 3480 3494
f 3495 3498 3497
f 3495 3499 3498
f 3495 3500 3499
f 3495 3501 3500
f 3495 3502 3501
f 3495 3503 3502
f 3495 3504 3503
f 3495 3497 3504
f 3496 3497 3498
f 3496 3498 3499
f 3496 3499 3500
f 3496 3500 3501
f 3496 3501 3502
f 3496 3502 3503
f 3496 3503 3504
f 3496 3504 3497
f 3505 3507 3509
f 3506 3510 3508
f 3505 3509 3511
f 3506 3512 3510
f 3505 3511 3513
f 3506 3514 3512
f 3505 3513 3515
f 3506 3516 3514
f 3505 3515 3517
f 3506 3518 3516
f 3505 3517 3519
f 3506 3520 3518
f 3505 3519 3521
f 3506 3522 3520
f 3505 3521 3507
f 3506 3508 3522
f 3507 3509 3510
f 3507 3510 3508
f 3509 3511 3512
f 3509 3512 3510
f 3511 3513 3514
f 3511 3514 3512
f 3513 3515 3516
f 3513 3516 3514
f 3515 3517 3518
f 3515 3518 3516
f 3517 3519 3520
f 3517 3520 3518
f 3519 3521 3522
f 3519 3522 3520
f 3521 3507 3508
f 3521 3508 3522
f 3523 3525 3527
f 3524 3528 3526
f 3523 3527 3529
f 3524 3530 3528
f 3523 3529 3531
f 3524 3532 3530
f 3523 3531 3533
f 3524 3534 3532
f 3523 3533 3535
f 3524 3536 3534
f 3523 3535 3537
f 3524 3538 3536
f 3523 3537 3539
f 3524 3540 3538
f 3523 3539 3525
f 3524 3526 3540
f 3525 3527 3528
f 3525 3528 3526
f 3527 3529 3530
f 3527 3530 3528
f 3529 3531 3532
f 3529 3532 3530
f 3531 3533 3534
f 3531 3534 3532
f 3533 3535 3536
f 3533 3536 3534
f 3535 3537 3538
f 3535 3538 3536
f 3537 3539 3540
f 3537 3540 3538
f 3539 3525 3526
f 3539 3526 3540
f 3541 3543 3545
f 3542 3546 3544
f 3541 3545 3547
f 3542 3548 3546
f 3541 3547 3549
f 3542 3550 3548
f 3541 3549 3551
f 3542 3552 3550
f 3541 3551 3553
f 3542 3554 3552
f 3541 3553 3555
f 3542 3556 3554
f 3541 3555 3557
f 3542 3558 3556
f 3541 3557 3543
f 3542 3544 3558
f 3543 3545 3546
f 3543 3546 3544
f 3545 3547 3548
f 3545 3548 3546
f 3547 3549 3550
f 3547 3550 3548
f 3549 3551 3552
f 3549 3552 3550
f 3551 3553 3554
f 3551 3554 3552
f 3553 3555 3556
f 3553 3556 3554
f 3555 3557 3558
f 3555 3558 3556
f 3557 3543 3544
f 3557 3544 3558
f 3559 3562 3561
f 3559 3563 3562
f 3559 3564 3563
f 3559 3565 3564
f 3559 3566 3565
f 3559 3567 3566
f 3559 3568 3567
f 3559 3561 3568
f 3560 3561 3562
f 3560 3562 3563
f 3560 3563 3564
f 3560 3564 3565
f 3560 3565 3566
f 3560 3566 3567
f 3560 3567 3568
f 3560 3568 3561
f 3569 3571 3573
f 3570 3574 3572
f 3569 3573 3575
f 3570 3576 3574
f 3569 3575 3577
f 3570 3578 3576
f 3569 3577 3579
f 3570 3580 3578
f 3569 3579 3581
f 3570 3582 3580
f 3569 3581 3583
f 3570 3584 3582
f 3569 3583 3585
f 3570 3586 3584
f 3569 3585 3571
f 3570 3572 3586
f 3571 3573 3574
f 3571 3574 3572
f 3573 3575 3576
f 3573 3576 3574
f 3575 3577 3578
f 3575 3578 3576
f 3577 3579 3580
f 3577 3580 3578
f 3579 3581 3582
f 3579 3582 3580
f 3581 3583 3584
f 3581 3584 3582
f 3583 3585 3586
f 3583 3586 3584
f 3585 3571 3572
f 3585 3572 3586
f 3587 3589 3591
f 3588 3592 3590
f 3587 3591 3593
f 3588 3594 3592
f 3587 3593 3595
f 3588 3596 3594
f 3587 3595 3597
f 3588 3598 3596
f 3587 3597 3599
f 3588 3600 3598
f 3587 3599 3601
f 3588 3602 3600
f 3587 3601 3603
f 3588 3604 3602
f 3587 3603 3589
f 3588 3590 3604
f 3589 3591 3592
f 3589 3592 3590
f 3591 3593 3594
f 3591 3594 3592
f 3593 3595 3596
f 3593 3596 3594
f 3595 3597 3598
f 3595 3598 3596
f 3597 3599 3600
f 3597 3600 3598
f 3599 3601 3602
f 3599 3602 3600
f 3601 3603 3604
f 3601 3604 3602
f 3603 3589 3590
f 3603 3590 3604
f 3605 3607 3609
f 3606 3610 3608
f 3605 3609 3611
f 3606 3612 3610
f 3605 3611 3613
f 3606 3614 3612
f 3605 3613 3615
f 3606 3616 3614
f 3605 3615 3617
f 3606 3618 3616
f 3605 3617 3619
f 3606 3620 3618
f 3605 3619 3621
f 3606 3622 3620
f 3605 3621 3607
f 3606 3608 3622
f 3607 3609 3610
f 3607 3610 3608
f 3609 3611 3612
f 3609 3612 3610
f 3611 3613 3614
f 3611 3614 3612
f 3613 3615 3616
f 3613 3616 3614
f 3615 3617 3618
f 3615 3618 3616
f 3617 3619 3620
f 3617 3620 3618
f 3619 3621 3622
f 3619 3622 3620
f 3621 3607 3608
f 3621 3608 3622
f 3623 3626 3625
f 3623 3627 3626
f 3623 3628 3627
f 3623 3629 3628
f 3623 3630 3629
f 3623 3631 3630
f 3623 3632 3631
f 3623 3625 3632
f 3624 3625 3626
f 3624 3626 3627
f 3624 3627 3628
f 3624 3628 3629
f 3624 3629 3630
f 3624 3630 3631
f 3624 3631 3632
f 3624 3632 3625
f 3633 3635 3637
f 3634 3638 3636
f 3633 3637 3639
f 3634 3640 3638
f 3633 3639 3641
f 3634 3642 3640
f 3633 3641 3643
f 3634 3644 3642
f 3633 3643 3645
f 3634 3646 3644
f 3633 3645 3647
f 3634 3648 3646
f 3633 3647 3649
f 3634 3650 3648
f 3633 3649 3635
f 3634 3636 3650
f 3635 3637 3638
f 3635 3638 3636
f 3637 3639 3640
f 3637 3640 3638
f 3639 3641 3642
f 3639 3642 3640
f 3641 3643 3644
f 3641 3644 3642
f 3643 3645 3646
f 3643 3646 3644
f 3645 3647 3648
f 3645 3648 3646
f 3647 3649 3650
f 3647 3650 3648
f 3649 3635 3636
f 3649 3636 3650
f 3651 3653 3655
f 3652 3656 3654
f 3651 3655 3657
f 3652 3658 3656
f 3651 3657 3659
f 3652 3660 3658
f 3651 3659 3661
f 3652 3662 3660
f 3651 3661 3663
f 3652 3664 3662
f 3651 3663 3665
f 3652 3666 3664
f 3651 3665 3667
f 3652 3668 3666
f 3651 3667 3653
f 3652 3654 3668
f 3653 3655 3656
f 3653 3656 3654
f 3655 3657 3658
f 3655 3658 3656
f 3657 3659 3660
f 3657 3660 3658
f 3659 3661 3662
f 3659 3662 3660
f 3661 3663 3664
f 3661 3664 3662
f 3663 3665 3666
f 3663 3666 3664
f 3665 3667 3668
f 3665 3668 3666
f 3667 3653 3654
f 3667 3654 3668
f 3669 3671 3673
f 3670 3674 3672
f 3669 3673 3675
f 3670 3676 3674
f 3669 3675 3677
f 3670 3678 3676
f 3669 3677 3679
f 3670 3680 3678
f 3669 3679 3681
f 3670 3682 3680
f 3669 3681 3683
f 3670 3684 3682
f 3669 3683 3685
f 3670 3686 3684
f 3669 3685 3671
f 3670 3672 3686
f 3671 3673 3674
f 3671 3674 3672
f 3673 3675 3676
f 3673 3676 3674
f 3675 3677 3678
f 3675 3678 3676
f 3677 3679 3680
f 3677 3680 3678
f 3679 3681 3682
f 3679 3682 3680
f 3681 3683 3684
f 3681 3684 3682
f 3683 3685 3686
f 3683 3686 3684
f 3685 3671 3672
f 3685 3672 3686
f 3687 3690 3689
f 3687 3691 3690
f 3687 3692 3691
f 3687 3693 3692
f 3687 3694 3693
f 3687 3695 3694
f 3687 3696 3695
f 3687 3689 3696
f 3688 3689 3690
f 3688 3690 3691
f 3688 3691 3692
f 3688 3692 3693
f 3688 3693 3694
f 3688 3694 3695
f 3688 3695 3696
f 3688 3696 3689
f 3697 3699 3701
f 3698 3702 3700
f 3697 3701 3703
f 3698 3704 3702
f 3697 3703 3705
f 3698 3706 3704
f 3697 3705 3707
f 3698 3708 3706
f 3697 3707 3709
f 3698 3710 3708
f 3697 3709 3711
f 3698 3712 3710
f 3697 3711 3713
f 3698 3714 3712
f 3697 3713 3699
f 3698 3700 3714
f 3699 3701 3702
f 3699 3702 3700
f 3701 3703 3704
f 3701 3704 3702
f 3703 3705 3706
f 3703 3706 3704
f 3705 3707 3708
f 3705 3708 3706
f 3707 3709 3710
f 3707 3710 3708
f 3709 3711 3712
f 3709 3712 3710
f 3711 3713 3714
f 3711 3714 3712
f 3713 3699 3700
f 3713 3700 3714
f 3715 3717 3719
f 3716 3720 3718
f 3715 3719 3721
f 3716 3722 3720
f 3715 3721 3723
f 3716 3724 3722
f 3715 3723 3725
f 3716 3726 3724
f 3715 3725 3727
f 3716 3728 3726
f 3715 3727 3729
f 3716 3730 3728
f 3715 3729 3731
f 3716 3732 3730
f 3715 3731 3717
f 3716 3718 3732
f 3717 3719 3720
f 3717 3720 3718
f 3719 3721 3722
f 3719 3722 3720
f 3721 3723 3724
f 3721 3724 3722
f 3723 3725 3726
f 3723 3726 3724
f 3725 3727 3728
f 3725 3728 3726
f 3727 3729 3730
f 3727 3730 3728
f 3729 3731 3732
f 3729 3732 3730
f 3731 3717 3718
f 3731 3718 3732
f 3733 3735 3737
f 3734 3738 3736
f 3733 3737 3739
f 3734 3740 3738
f 3733 3739 3741
f 3734 3742 3740
f 3733 3741 3743
f 3734 3744 3742
f 3733 3743 3745
f 3734 3746 3744
f 3733 3745 3747
f 3734 3748 3746
f 3733 3747 3749
f 3734 3750 3748
f 3733 3749 3735
f 3734 3736 3750
f 3735 3737 3738
f 3735 3738 3736
f 3737 3739 3740
f 3737 3740 3738
f 3739 3741 3742
f 3739 3742 3740
f 3741 3743 3744
f 3741 3744 3742
f 3743 3745 3746
f 3743 3746 3744
f 3745 3747 3748
f 3745 3748 3746
f 3747 3749 3750
f 3747 3750 3748
f 3749 3735 3736
f 3749 3736 3750
f 3751 3754 3753
f 3751 3755 3754
f 3751 3756 3755
f 3751 3757 3756
f 3751 3758 3757
f 3751 3759 3758
f 3751 3760 3759
f 3751 3753 3760
f 3752 3753 3754
f 3752 3754 3755
f 3752 3755 3756
f 3752 3756 3757
f 3752 3757 3758
f 3752 3758 3759
f 3752 3759 3760
f 3752 3760 3753
f 3761 3763 3765
f 3762 3766 3764
f 3761 3765 3767
f 3762 3768 3766
f 3761 3767 3769
f 3762 3770 3768
f 3761 3769 3771
f 3762 3772 3770
f 3761 3771 3773
f 3762 3774 3772
f 3761 3773 3775
f 3762 3776 3774
f 3761 3775 3777
f 3762 3778 3776
f 3761 3777 3763
f 3762 3764 3778
f 3763 3765 3766
f 3763 3766 3764
f 3765 3767 3768
f 3765 3768 3766
f 3767 3769 3770
f 3767 3770 3768
f 3769 3771 3772
f 3769 3772 3770
f 3771 3773 3774
f 3771 3774 3772
f 3773 3775 3776
f 3773 3776 3774
f 3775 3777 3778
f 3775 3778 3776
f 3777 3763 3764
f 3777 3764 3778
f 3779 3781 3783
f 3780 3784 3782
f 3779 3783 3785
f 3780 3786 3784
f 3779 3785 3787
f 3780 3788 3786
f 3779 3787 3789
f 3780 3790 3788
f 3779 3789 3791
f 3780 3792 3790
f 3779 3791 3793
f 3780 3794 3792
f 3779 3793 3795
f 3780 3796 3794
f 3779 3795 3781
f 3780 3782 3796
f 3781 3783 3784
f 3781 3784 3782
f 3783 3785 3786
f 3783 3786 3784
f 3785 3787 3788
f 3785 3788 3786
f 3787 3789 3790
f 3787 3790 3788
f 3789 3791 3792
f 3789 3792 3790
f 3791 3793 3794
f 3791 3794 3792
f 3793 3795 3796
f 3793 3796 3794
f 3795 3781 3782
f 3795 3782 3796
f 3797 3799 3801
f 3798 3802 3800
f 3797 3801 3803
f 3798 3804 3802
f 3797 3803 3805
f 3798 3806 3804
f 3797 3805 3807
f 3798 3808 3806
f 3797 3807 3809
f 3798 3810 3808
f 3797 3809 3811
f 3798 3812 3810
f 3797 3811 3813
f 3798 3814 3812
f 3797 3813 3799
f 3798 3800 3814
f 3799 3801 3802
f 3799 3802 3800
f 3801 3803 3804
f 3801 3804 3802
f 3803 3805 3806
f 3803 3806 3804
f 3805 3807 3808
f 3805 3808 3806
f 3807 3809 3810
f 3807 3810 3808
f 3809 3811 3812
f 3809 3812 3810
f 3811 3813 3814
f 3811 3814 3812
f 3813 3799 3800
f 3813 3800 3814
f 3815 3818 3817
f 3815 3819 3818
f 3815 3820 3819
f 3815 3821 3820
f 3815 3822 3821
f 3815 3823 3822
f 3815 3824 3823
f 3815 3817 3824
f 3816 3817 3818
f 3816 3818 3819
f 3816 3819 3820
f 3816 3820 3821
f 3816 3821 3822
f 3816 3822 3823
f 3816 3823 3824
f 3816 3824 3817
f 3825 3827 3829
f 3826 3830 3828
f 3825 3829 3831
f 3826 3832 3830
f 3825 3831 3833
f 3826 3834 3832
f 3825 3833 3835
f 3826 3836 3834
f 3825 3835 3837
f 3826 3838 3836
f 3825 3837 3839
f 3826 3840 3838
f 3825 3839 3841
f 3826 3842 3840
f 3825 3841 3827
f 3826 3828 3842
f 3827 3829 3830
f 3827 3830 3828
f 3829 3831 3832
f 3829 3832 3830
f 3831 3833 3834
f 3831 3834 3832
f 3833 3835 3836
f 3833 3836 3834
f 3835 3837 3838
f 3835 3838 3836
f 3837 3839 3840
f 3837 3840 3838
f 3839 3841 3842
f 3839 3842 3840
f 3841 3827 3828
f 3841 3828 3842
