time,ego_speed,acceleration_cmd,mode,distance_error,distance,ttc
0.0,0.0,3.0,cruise,,,
0.1,0.30000000000000004,3.0,cruise,,,
0.2,0.6000000000000001,3.0,cruise,,,
0.3,0.9000000000000001,3.0,cruise,,,
0.4,1.2000000000000002,3.0,cruise,,,
0.5,1.5000000000000002,3.0,cruise,,,
0.6,1.8000000000000003,3.0,cruise,,,
0.7,2.1000000000000005,3.0,cruise,,,
0.8,2.4000000000000004,3.0,cruise,,,
0.9,2.7,3.0,cruise,,,
1.0,3.0,3.0,cruise,,,
1.1,3.3,3.0,cruise,,,
1.2,3.5999999999999996,3.0,cruise,,,
1.3,3.8999999999999995,3.0,cruise,,,
1.4,4.199999999999999,3.0,cruise,,,
1.5,4.499999999999999,3.0,cruise,,,
1.6,4.799999999999999,3.0,cruise,,,
1.7,5.099999999999999,3.0,cruise,,,
1.8,5.399999999999999,3.0,cruise,,,
1.9,5.699999999999998,3.0,cruise,,,
2.0,5.999999999999998,3.0,cruise,,,
2.1,6.299999999999998,3.0,cruise,,,
2.2,6.599999999999998,3.0,cruise,,,
2.3,6.899999999999998,3.0,cruise,,,
2.4,7.1999999999999975,3.0,cruise,,,
2.5,7.499999999999997,3.0,cruise,,,
2.6,7.799999999999997,3.0,cruise,,,
2.7,8.099999999999998,3.0,cruise,,,
2.8,8.399999999999999,3.0,cruise,,,
2.9,8.7,3.0,cruise,,,
3.0,9.0,3.0,cruise,,,
3.1,9.3,3.0,cruise,,,
3.2,9.600000000000001,3.0,cruise,,,
3.3,9.900000000000002,3.0,cruise,,,
3.4,10.200000000000003,3.0,cruise,,,
3.5,10.500000000000004,3.0,cruise,,,
3.6,10.800000000000004,3.0,cruise,,,
3.7,11.100000000000005,3.0,cruise,,,
3.8,11.400000000000006,3.0,cruise,,,
3.9,11.700000000000006,3.0,cruise,,,
4.0,12.000000000000007,3.0,cruise,,,
4.1,12.300000000000008,3.0,cruise,,,
4.2,12.600000000000009,3.0,cruise,,,
4.3,12.90000000000001,3.0,cruise,,,
4.4,13.20000000000001,3.0,cruise,,,
4.5,13.50000000000001,3.0,cruise,,,
4.6,13.800000000000011,3.0,cruise,,,
4.7,14.100000000000012,3.0,cruise,,,
4.8,14.400000000000013,3.0,cruise,,,
4.9,14.700000000000014,3.0,cruise,,,
5.0,15.000000000000014,3.0,cruise,,,
5.1,15.300000000000015,3.0,cruise,,,
5.2,15.600000000000016,3.0,cruise,,,
5.3,15.900000000000016,3.0,cruise,,,
5.4,16.200000000000017,3.0,cruise,,,
5.5,16.500000000000018,3.0,cruise,,,
5.6,16.80000000000002,3.0,cruise,,,
5.7,17.10000000000002,3.0,cruise,,,
5.8,17.40000000000002,3.0,cruise,,,
5.9,17.70000000000002,3.0,cruise,,,
6.0,18.00000000000002,3.0,cruise,,,
6.1,18.300000000000022,3.0,cruise,,,
6.2,18.600000000000023,3.0,cruise,,,
6.3,18.900000000000023,3.0,cruise,,,
6.4,19.200000000000024,3.0,cruise,,,
6.5,19.500000000000025,3.0,cruise,,,
6.6,19.800000000000026,3.0,cruise,,,
6.7,20.100000000000026,3.0,cruise,,,
6.8,20.400000000000027,3.0,cruise,,,
6.9,20.700000000000028,3.0,cruise,,,
7.0,21.00000000000003,3.0,cruise,,,
7.1,21.30000000000003,3.0,cruise,,,
7.2,21.60000000000003,3.0,cruise,,,
7.3,21.90000000000003,3.0,cruise,,,
7.4,22.20000000000003,3.0,cruise,,,
7.5,22.500000000000032,3.0,cruise,,,
7.6,22.800000000000033,3.0,cruise,,,
7.7,23.100000000000033,3.0,cruise,,,
7.8,23.400000000000034,3.0,cruise,,,
7.9,23.700000000000035,3.0,cruise,,,
8.0,24.000000000000036,3.0,cruise,,,
8.1,24.300000000000036,3.0,cruise,,,
8.2,24.600000000000037,3.0,cruise,,,
8.3,24.900000000000038,3.0,cruise,,,
8.4,25.20000000000004,3.0,cruise,,,
8.5,25.50000000000004,3.0,cruise,,,
8.6,25.80000000000004,3.0,cruise,,,
8.7,26.10000000000004,3.0,cruise,,,
8.8,26.40000000000004,3.0,cruise,,,
8.9,26.700000000000042,3.0,cruise,,,
9.0,27.000000000000043,2.723999999999961,cruise,,,
9.1,27.27240000000004,2.5006607999999635,cruise,,,
9.2,27.522466080000036,2.2954215993599663,cruise,,,
9.3,27.752008239936032,2.1068175894980823,cruise,,,
9.4,27.96268999888584,1.9335024864521688,cruise,,,
9.5,28.156040247531056,1.7742389406912251,cruise,,,
9.6,28.333464141600178,1.627889722896214,cruise,,,
9.7,28.4962531138898,1.4934096229244358,cruise,,,
9.8,28.645594076182245,1.369838004251777,cruise,,,
9.9,28.782577876607423,1.2562919608562577,cruise,,,
10.0,28.90820707269305,1.15196002779765,cruise,,,
10.1,29.023403075472814,1.0560964006920792,cruise,,,
10.2,29.12901271554202,0.968015622905456,cruise,,,
10.3,29.225814277832566,0.8870877026213059,cruise,,,
10.4,29.314523048094696,0.8127336250006312,cruise,,,
10.5,29.39579641059476,0.7444212274658162,cruise,,,
10.6,29.47023853334134,0.6816614087271616,cruise,,,
10.7,29.538404674214057,0.6240046445480049,cruise,,,
10.8,29.600805138668857,0.5710377854293338,cruise,,,
10.9,29.657908917211792,0.5223811134029983,cruise,,,
11.0,29.710147028552093,0.47768563696831023,cruise,,,
11.1,29.757915592248924,0.43663060490317096,cruise,,,
11.2,29.80157865273924,0.3989212212399715,cruise,,,
11.3,29.84147077486324,0.3642865451294673,cruise,,,
11.4,29.877899429376185,0.3324775606328064,cruise,,,
11.5,29.911147185439464,0.3032654026923397,cruise,,,
11.6,29.941473725708697,0.27643972664436084,cruise,,,
11.7,29.969117698373132,0.2518072096593838,cruise,,,
11.8,29.99429841933907,0.2291901734353268,cruise,,,
11.9,30.017217436682603,0.20842531833268652,cruise,,,
12.0,30.03805996851587,0.18936255993461906,cruise,,,
12.1,30.056996224509334,0.17186395974442775,cruise,,,
12.2,30.074182620483775,0.1558027424035603,cruise,,,
12.3,30.08976289472413,0.1410623924294463,cruise,,,
12.4,30.103869133967077,0.12753582403905883,cruise,,,
12.5,30.116622716370983,0.11512461814457516,cruise,,,
12.6,30.128135178185442,0.10373832108607907,cruise,,,
12.7,30.13850901029405,0.09329380010597849,cruise,,,
12.8,30.14783839030465,0.08371465097400285,cruise,,,
12.9,30.15620985540205,0.07493065354312559,cruise,,,
13.0,30.163702920756364,0.06687727135819194,cruise,,,
13.1,30.170390647892184,0.05949519175281698,cruise,,,
13.2,30.176340167067465,0.05272990315852377,cruise,,,
13.3,30.181613157383318,0.04653130661519031,cruise,,,
13.4,30.186266288044838,0.040853358715463556,cruise,,,
13.5,30.190351623916385,0.03565374343973987,cruise,,,
13.6,30.19391699826036,0.0308935705440799,cruise,,,
13.7,30.197006355314766,0.02653709835259585,cruise,,,
13.8,30.199660065150027,0.02255147897966045,cruise,,,
13.9,30.201915213047993,0.018906524167107336,cruise,,,
14.0,30.203805865464705,0.01557449006834874,cruise,,,
14.1,30.20536331447154,0.012529879446424669,cruise,,,
14.2,30.206616302416183,0.009749259876916855,cruise,,,
14.3,30.207591228403874,0.0072110966607637494,cruise,,,
14.4,30.208312338069952,0.0048955992567343565,cruise,,,
14.5,30.208801897995624,0.0027845801396645664,cruise,,,
14.6,30.20908035600959,0.0008613250790183713,cruise,,,
14.7,30.209166488517493,-0.000889526086234188,cruise,,,
14.8,30.209077535908868,-0.002482089025742873,cruise,,,
14.9,30.208829327006296,-0.0039293356294778925,cruise,,,
15.0,30.208436393443346,-0.005243186570370262,cruise,,,
15.1,30.20791207478631,-0.006434596377328877,cruise,,,
15.2,30.20726861514858,-0.007513631624558259,cruise,,,
15.3,30.206517251986124,-0.008489542794238608,cruise,,,
15.4,30.2056682977067,-0.009370830324411522,cruise,,,
15.5,30.20473121467426,-0.010165305312609618,cruise,,,
15.6,30.203714684143,-0.010880145307619882,cruise,,,
15.7,30.20262666961224,-0.011521945586832283,cruise,,,
15.8,30.201474475053555,-0.012096766284444227,cruise,,,
15.9,30.20026479842511,-0.012610175706244592,cruise,,,
16.0,30.199003780854486,-0.013067290139519239,cruise,,,
16.1,30.197697051840535,-0.013472810441687605,cruise,,,
16.2,30.196349770796367,-0.013831055668307002,cruise,,,
16.3,30.194966665229536,-0.014145993979995802,cruise,,,
16.4,30.193552065831536,-0.014421271048447953,cruise,,,
16.5,30.19210993872669,-0.014660236163901164,cruise,,,
16.6,30.1906439151103,-0.014865966230031447,cruise,,,
16.7,30.189157318487297,-0.015041287817226828,cruise,,,
16.8,30.187653189705575,-0.015188797431321732,cruise,,,
16.9,30.186134309962444,-0.015310880142203637,cruise,,,
17.0,30.184603221948223,-0.015409726704989968,cruise,,,
17.1,30.183062249277725,-0.015487349295764147,cruise,,,
17.2,30.181513514348147,-0.015545595973928933,cruise,,,
17.3,30.179958954750756,-0.015586163974282974,cruise,,,
17.4,30.178400338353327,-0.015610611923424028,cruise,,,
17.5,30.176839277160987,-0.015620371067605332,cruise,,,
17.6,30.175277240054225,-0.015616755591953385,cruise,,,
17.7,30.17371556449503,-0.015600972104638178,cruise,,,
17.8,30.172155467284565,-0.01557412835349617,cruise,,,
17.9,30.170598054449215,-0.015537241237274929,cruise,,,
18.0,30.169044330325487,-0.015491244168524043,cruise,,,
18.1,30.167495205908637,-0.015436993840627383,cruise,,,
18.2,30.165951506524575,-0.015375276447168518,cruise,,,
18.3,30.164413978879857,-0.015306813397961139,cruise,,,
18.4,30.16288329754006,-0.015232266572463654,cruise,,,
18.5,30.161360070882814,-0.01515224314800595,cruise,,,
18.6,30.159844846568014,-0.015067300037229253,cruise,,,
18.7,30.15833811656429,-0.014977947966393457,cruise,,,
18.8,30.156840321767653,-0.014884655223560556,cruise,,,
18.9,30.155351856245296,-0.014787851103401806,cruise,,,
19.0,30.153873071134957,-0.014687929073175482,cruise,,,
19.1,30.15240427822764,-0.014585249682410734,cruise,,,
19.2,30.150945753259396,-0.014480143237067547,cruise,,,
19.3,30.14949773893569,-0.014372912257217166,cruise,,,
19.4,30.14806044770997,-0.01426383373574884,cruise,,,
19.5,30.146634064336396,-0.014153161214224066,cruise,,,
19.6,30.145218748214972,-0.014041126690662362,cruise,,,
19.7,30.143814635545905,-0.013927942372868568,cruise,,,
19.8,30.142421841308618,-0.013813802289779534,cruise,,,
19.9,30.14104046107964,-0.013698883772336912,cruise,,,
20.0,30.139670572702407,-0.013583348814445992,cruise,,,
20.1,30.138312237820962,-0.013467345323713187,cruise,,,
20.2,30.13696550328859,-0.013351008270886602,cruise,,,
20.3,30.1356304024615,-0.013234460746199314,cruise,,,
20.4,30.134306956386883,-0.013117814930137903,cruise,,,
20.5,30.132995174893868,-0.013001172985574919,cruise,,,
20.6,30.13169505759531,-0.012884627877634336,cruise,,,
20.7,30.130406594807546,-0.01276826412710845,cruise,,,
20.8,30.129129768394836,-0.012652158502828442,cruise,,,
20.9,30.127864552544555,-0.012536380657931334,cruise,,,
21.0,30.12661091447876,-0.012420993714546677,cruise,,,
21.1,30.125368815107304,-0.012306054801094396,cruise,,,
21.2,30.124138209627194,-0.012191615546012835,cruise,,,
21.3,30.122919048072593,-0.012077722531452173,cruise,,,
21.4,30.121711275819447,-0.011964417710176492,cruise,,,
21.5,30.12051483404843,-0.01185173878864755,cruise,,,
21.6,30.119329660169562,-0.011739719579024283,cruise,,,
21.7,30.118155688211658,-0.011628390322603932,cruise,,,
21.8,30.116992849179397,-0.011517777987003902,cruise,,,
21.9,30.115841071380697,-0.011407906539219262,cruise,,,
22.0,30.114700280726776,-0.011298797196505034,cruise,,,
22.1,30.113570401007127,-0.011190468656878116,cruise,,,
22.2,30.112451354141438,-0.01108293731088933,cruise,,,
22.3,30.11134306041035,-0.010976217436191524,cruise,,,
22.4,30.11024543866673,-0.010870321376269115,cruise,,,
22.5,30.109158406529104,-0.010765259704638583,cruise,,,
22.6,30.10808188055864,-0.010661041375689365,cruise,,,
22.7,30.107015776421072,-0.010557673863247019,cruise,,,
22.8,30.105960009034746,-0.01045516328783154,cruise,,,
22.9,30.104914492705962,-0.010353514533573915,cruise,,,
23.0,30.103879141252605,-0.010252731355573474,cruise,,,
23.1,30.102853868117048,-0.01015281647850845,cruise,,,
23.2,30.101838586469196,-0.010053771687194887,cruise,,,
23.3,30.100833209300475,-0.009955597909750327,cruise,,,
23.4,30.0998376495095,-0.009858295293948036,cruise,,,
23.5,30.098851819980105,-0.009761863277333818,cruise,,,
23.6,30.09787563365237,-0.009666300651592782,cruise,,,
23.7,30.09690900358721,-0.009571605621645607,cruise,,,
23.8,30.095951843025045,-0.009477775859896675,cruise,,,
23.9,30.095004065439056,-0.009384808556019461,cruise,,,
24.0,30.094065584583454,-0.009292700462645187,cruise,,,
24.1,30.09313631453719,-0.009201447937305332,cruise,,,
24.2,30.09221616974346,-0.009111046980894683,cruise,,,
24.3,30.09130506504537,-0.009021493272976147,cruise,,,
24.4,30.09040291571807,-0.008932782204151668,cruise,,,
24.5,30.089509637497656,-0.00884490890576084,cruise,,,
24.6,30.08862514660708,-0.008757868277098013,cruise,,,
24.7,30.08774935977937,-0.008671655010394519,cruise,,,
24.8,30.08688219427833,-0.008586263613686834,cruise,,,
24.9,30.086023567916964,-0.008501688431792012,cruise,,,
25.0,30.085173399073785,-0.008417923665520993,cruise,,,
25.1,30.084331606707234,-0.008334963389283453,cruise,,,
25.2,30.083498110368307,-0.008252801567195267,cruise,,,
25.3,30.08267283021159,-0.008171432067841669,cruise,,,
25.4,30.081855687004804,-0.008090848677773849,cruise,,,
25.5,30.081046602137025,-0.008011045113869061,cruise,,,
25.6,30.08024549762564,-0.007932015034627343,cruise,,,
25.7,30.079452296122177,-0.007853752050488397,cruise,,,
25.8,30.07866692091713,-0.007776249733282281,cruise,,,
25.9,30.077889295943802,-0.007699501624837894,cruise,,,
26.0,30.07711934578132,-0.0076235012448546,cruise,,,
26.1,30.076356995656834,-0.007548242098072075,cruise,,,
26.2,30.075602171447027,-0.007473717680822202,cruise,,,
26.3,30.074854799678945,-0.007399921486980231,cruise,,,
26.4,30.074114807530247,-0.007326847013393492,cruise,,,
26.5,30.073382122828907,-0.007254487764818511,cruise,,,
26.6,30.072656674052425,-0.007182837258404254,cruise,,,
26.7,30.071938390326583,-0.00711188902775918,cruise,,,
26.8,30.071227201423806,-0.007041636626650437,cruise,,,
26.9,30.07052303776114,-0.006972073632341445,cruise,,,
27.0,30.069825830397907,-0.006903193648613422,cruise,,,
27.1,30.069135511033046,-0.006834990308503423,cruise,,,
27.2,30.068452012002197,-0.00676745727675683,cruise,,,
27.3,30.06777526627452,-0.006700588252043428,cruise,,,
27.4,30.067105207449316,-0.006634376968954567,cruise,,,
27.5,30.06644176975242,-0.006568817199766798,cruise,,,
27.6,30.065784888032443,-0.006503902756047619,cruise,,,
27.7,30.065134497756837,-0.006439627490057033,cruise,,,
27.8,30.06449053500783,-0.0063759852960142555,cruise,,,
27.9,30.06385293647823,-0.006312970111199807,cruise,,,
28.0,30.06322163946711,-0.006250575916927105,cruise,,,
28.1,30.062596581875415,-0.006188796739405464,cruise,,,
28.2,30.061977702201474,-0.006127626650471132,cruise,,,
28.3,30.06136493953643,-0.006067059768221104,cruise,,,
28.4,30.060758233559607,-0.006007090257558759,cruise,,,
28.5,30.06015752453385,-0.005947712330647718,cruise,,,
28.6,30.059562753300785,-0.0058889202472959395,cruise,,,
28.7,30.058973861276055,-0.005830708315247277,cruise,,,
28.8,30.05839079044453,-0.005773070890431532,cruise,,,
28.9,30.05781348335549,-0.005716002377137631,cruise,,,
29.0,30.057241883117776,-0.005659497228138362,cruise,,,
29.1,30.056675933394963,-0.005603549944766979,cruise,,,
29.2,30.056115578400487,-0.005548155076941931,cruise,,,
29.3,30.055560762892792,-0.005493307223159279,cruise,,,
29.4,30.055011432170478,-0.005439001030439802,cruise,,,
29.5,30.054467532067434,-0.0053852311942404335,cruise,,,
29.6,30.05392900894801,-0.005331992458342975,cruise,,,
29.7,30.053395809702177,-0.005279279614710641,cruise,,,
29.8,30.052867881740706,-0.005227087503312237,cruise,,,
29.9,30.052345172990375,-0.005175411011936928,cruise,,,
30.0,30.051827631889182,-8.0,follow,2.977741447833772,52.1,11.128132878095075
30.1,29.25182763188918,-8.0,follow,3.007741447833773,50.87,11.689341652053598
30.2,28.45182763188918,-8.0,follow,3.577741447833766,49.1,16.577602110046453
30.3,27.65182763188918,-4.778406373264061,follow,3.8877414478337684,47.59,31.478456271189824
30.4,27.173986994562775,-6.337996501934335,follow,1.690980491844165,49.07,20.845484751335334
30.5,26.54018734436934,-4.746623069661318,follow,1.6502810165540112,48.16,27.99695054009165
30.6,26.06552503740321,0.08167448775409844,follow,0.678287556104813,48.42,
30.7,26.07369248617862,-1.6498280049337448,follow,1.5105387292679282,47.6,96.41629421675682
30.8,25.908709685685245,-3.4677485825723524,follow,1.1230645285278698,47.74,37.927729120484315
30.9,25.56193482742801,-1.2322166695650838,follow,3.222902241142016,45.12,296.96943593382804
31.0,25.438713160471504,-2.2472705165465445,follow,0.9080697407072549,47.25,59.90771089929977
31.1,25.21398610881685,-2.088682201365866,follow,2.5009791632252742,45.32,80.35658909236916
31.2,25.005117888680264,0.36667857786078206,follow,0.06767683302039984,47.44,
31.3,25.041785746466342,-4.792146870513589,follow,4.202678619699512,43.36,29.460809838731237
31.4,24.56257105941498,-2.355692358419171,follow,0.6438565891224712,46.2,54.1890315063024
31.5,24.327001823573063,-0.10629181084438201,follow,2.680502735359596,43.81,
31.6,24.316372642488624,-1.2964620331540824,follow,4.114558963732932,42.36,554.6488718955756
31.7,24.186726439173214,1.5381906220602015,follow,4.040089658759818,42.24,
31.8,24.340545501379232,-1.242820818286235,follow,4.390818252068847,42.12,2050.083822367884
31.9,24.216263419550607,-1.6851586232875875,follow,3.5743951293259073,42.75,154.74361415471097
32.0,24.04774755722185,3.0,follow,3.5116213358327713,42.56,
32.1,24.34774755722185,-0.32398200443575187,follow,5.641621335832774,40.88,
32.2,24.315349356778277,0.4087767737691935,follow,5.1930240351674115,41.28,
32.3,24.356227034155197,-1.9169752297919176,follow,2.864340551232793,43.67,102.45713317212766
32.4,24.164529511176006,0.07740156023972455,follow,3.3767942667640156,42.87,
32.5,24.172269667199977,0.8096918026692058,follow,5.228404500799968,41.03,
32.6,24.253238847466896,-1.967754307140583,follow,6.079858271200351,40.3,355.8849361459751
32.7,24.056463416752838,1.3986056659120798,follow,5.9346951251292595,40.15,
32.8,24.196323983344044,-0.7500624349876719,follow,5.784485975016068,40.51,
32.9,24.121317739845278,-0.5150834381482525,follow,7.8319766097679135,38.35,
33.0,24.069809396030454,-0.7811063778687284,follow,7.054714094045686,39.05,
33.1,23.99169875824358,3.0,follow,8.797548137365368,37.19,
33.2,24.29169875824358,-0.25564848678093177,follow,7.007548137365369,39.43,
33.3,24.266133909565486,-2.120887948560102,follow,6.86920086434823,39.53,704.2089230197797
33.4,24.054045114709474,1.627805201306804,follow,8.03106767206421,38.05,
33.5,24.216825634840156,-2.1472992709734324,follow,6.055238452260234,40.27,294.31619335838855
33.6,24.00209570774281,0.3068229823082105,follow,9.113143561614216,36.89,
33.7,24.032778005973633,-3.978026959123323,follow,9.569167008960456,36.48,72.55687314594508
33.8,23.6349753100613,-1.2211691343055526,follow,7.1624629650919545,38.29,
33.9,23.512858396630744,2.1950784166174024,follow,6.169287594946113,39.1,
34.0,23.732366238292485,2.7047162731250234,follow,5.888549357438727,39.71,
34.1,24.002837865604988,0.22696183100475814,follow,8.824256798407482,37.18,
34.2,24.025534048705463,0.009793702444778896,follow,7.208301073058195,38.83,
34.3,24.026513418949943,-0.6951215272649502,follow,8.54977012842491,37.49,
34.4,23.957001266223447,-2.767605091974943,follow,8.665501899335169,37.27,556.2581440730717
34.5,23.680240757025953,-0.2811793503032237,follow,7.1303611355389265,38.39,
34.6,23.65212282199563,0.18236334444296276,follow,7.398184232993444,38.08,
34.7,23.670359156439925,2.3275228054462924,follow,9.95553873465989,35.55,
34.8,23.903111436984556,1.1645106645695322,follow,6.924667155476833,38.93,
34.9,24.01956250344151,-3.1672448390045393,follow,7.229343755162269,38.8,114.26467765656395
35.0,23.702838019541055,1.0628295381506407,follow,9.004257029311589,36.55,
35.1,23.80912097335612,-0.29878131698773125,follow,8.023681460034183,37.69,
35.2,23.779242841657346,-0.7511194168787367,follow,7.868864262486021,37.8,
35.3,23.704130899969474,1.8087950227739933,follow,8.016196349954214,37.54,
35.4,23.885010402246873,1.820391422519728,follow,9.187515603370308,36.64,
35.5,24.067049544498847,1.0678277399118061,follow,9.600574316748272,36.5,
35.6,24.173832318490028,-2.4022542322683056,follow,9.040748477735043,37.22,
35.7,23.933606895263196,-0.39128696117695627,follow,7.340410342894792,38.56,
35.8,23.8944781991455,0.730244605563985,follow,7.981717298718252,37.86,
35.9,23.967502659701896,1.4470767734852408,follow,9.111253989552843,36.84,
36.0,24.11221033705042,-1.3925744299029192,follow,8.058315505575635,38.11,
36.1,23.97295289406013,-1.4759881399880113,follow,11.889429341090192,34.07,
36.2,23.825354080061327,-1.6760576119816357,follow,7.208031120091988,38.53,
36.3,23.657748318863163,-2.194544293493505,follow,10.176622478294746,35.31,
36.4,23.43829388951381,2.5772523092173354,follow,8.317440834270712,36.84,
36.5,23.696019120435544,2.632204212956049,follow,9.544028680653312,36.0,
36.6,23.959239541731147,-0.8698322168940059,follow,10.138859312596722,35.8,
36.7,23.872256320041746,2.0532277765028977,follow,7.258384480062624,38.55,
36.8,24.077579097692038,-0.21084794653476713,follow,9.38636864653806,36.73,
36.9,24.056494303038562,-1.8146186448151398,follow,8.444741454557843,37.64,
37.0,23.87503243855705,0.45485911825353786,follow,8.612548657835575,37.2,
37.1,23.9205183503824,2.6528855667044997,follow,8.100777525573605,37.78,
37.2,24.18580690705285,-1.187696454444196,follow,8.938710360579272,37.34,
37.3,24.06703726160843,1.7532051644236932,follow,10.280555892412643,35.82,
37.4,24.2423577780508,-5.956848393682277,follow,8.003536667076197,38.36,31.903981244407337
37.5,23.64667293868257,1.773205500685338,follow,8.770009408023853,36.7,
37.6,23.823993488751103,-0.4295430612279507,follow,10.225990233126659,35.51,
37.7,23.78103918262831,-0.7338525486727978,follow,8.901558773942462,36.77,
37.8,23.70765392776103,0.7288670972873448,follow,6.631480891641544,38.93,
37.9,23.780540637489764,-3.5781238150952337,follow,7.470810956234644,38.2,141.19875059969684
38.0,23.422728255980243,0.4240385969766962,follow,8.274092383970363,36.86,
38.1,23.46513211567791,1.3604521039988653,follow,8.33769817351687,36.86,
38.2,23.601177326077796,3.0,follow,8.511765989116697,36.89,
38.3,23.901177326077796,-0.8952649398572727,follow,6.281765989116693,39.57,
38.4,23.81165083209207,-1.6764512221445835,follow,8.037476248138105,37.68,
38.5,23.64400570987761,-0.6224435129076464,follow,7.736008564816423,37.73,
38.6,23.581761358586846,2.3850637129775447,follow,6.97264203788027,38.4,
38.7,23.820267729884602,0.36293709230684024,follow,8.210401594826898,37.52,
38.8,23.856561439115286,-1.524057006048719,follow,8.82484215867293,36.96,
38.9,23.704155738510412,0.8645569159747553,follow,8.526233607765619,37.03,
39.0,23.790611430107887,-0.141035031658306,follow,8.51591714516183,37.17,
39.1,23.776507926942056,1.5426030161626332,follow,8.454761890413081,37.21,
39.2,23.930768228558318,-1.8540676556697975,follow,7.836152342837472,38.06,
39.3,23.745361462991337,-0.8251392890536986,follow,8.308042194487001,37.31,
39.4,23.662847534085966,-0.5127602860530136,follow,7.424271301128947,38.07,
39.5,23.611571505480665,-2.6343564183292223,follow,8.257357258220999,37.16,
39.6,23.34813586364774,1.4526566443494933,follow,7.682203795471608,37.34,
39.7,23.49340152808269,0.3845776545147699,follow,10.220102292124032,35.02,
39.8,23.531859293534165,0.5724560009611774,follow,7.027788940301242,38.27,
39.9,23.58910489363028,-0.21511241399604986,follow,7.743657340445424,37.64,
40.0,23.567593652230677,-2.1847303759288774,follow,6.981390478346022,38.37,
40.1,23.34912061463779,-0.818647754693244,follow,11.013680921956684,34.01,
40.2,23.267255839168467,0.9485717072635527,follow,5.3208837587527,39.58,
40.3,23.362113009894824,-0.8125489976044058,follow,7.95316951484223,37.09,
40.4,23.280858110134382,0.9581962648764601,follow,6.431287165201574,38.49,
40.5,23.376677736622028,1.1147648055146164,follow,8.975016604933039,36.09,
40.6,23.48815421717349,3.0,follow,7.302231325760239,37.93,
40.7,23.788154217173492,-0.5320590013738893,follow,9.612231325760241,36.07,
40.8,23.734948317036103,-0.12719688342999946,follow,9.05242247555416,36.55,
40.9,23.722228628693102,-0.01801446532994988,follow,6.193342943039653,39.39,
41.0,23.72042718216011,-4.067416588094079,follow,8.540640773240163,37.04,230.88356662048292
41.1,23.3136855233507,0.7495046244129249,follow,7.480528285026047,37.49,
41.2,23.388635985791993,0.8777961369368299,follow,6.86295397868799,38.22,
41.3,23.476415599485676,3.0,follow,7.4146233992285175,37.8,
41.4,23.776415599485677,-0.9433887460294297,follow,8.244623399228516,37.42,
41.5,23.682076724882734,0.2971092882793862,follow,7.863115087324104,37.66,
41.6,23.711787653710672,0.1204350049379268,follow,5.627681480566011,39.94,
41.7,23.723831154204465,-2.743481552444335,follow,8.395746731306701,37.19,
41.8,23.449482998960033,2.4498609448865247,follow,7.704224498440048,37.47,
41.9,23.694469093448685,1.2187825159513022,follow,7.121703640173024,38.42,
42.0,23.816347345043816,0.9464135005801722,follow,7.234521017565719,38.49,
42.1,23.910988695101832,-2.492753346921929,follow,7.286483042652748,38.58,
42.2,23.66171336040964,2.3788481002368975,follow,7.532570040614459,37.96,
42.3,23.89959817043333,-4.072329523092514,follow,9.879397255649991,35.97,
42.4,23.49236521812408,1.5886481191422133,follow,6.158547827186119,39.08,
42.5,23.6512300300383,3.0,follow,9.506845045057446,35.97,
42.6,23.9512300300383,-3.0887755952914002,follow,8.336845045057444,37.59,
42.7,23.64235247050916,-1.7138596690566594,follow,9.053528705763739,36.41,
42.8,23.470966503603492,0.18032208628632906,follow,8.026449755405238,37.18,
42.9,23.488998712232124,-0.9017475096576835,follow,7.613498068348186,37.62,
43.0,23.398823961266356,-2.6099715725148998,follow,7.488235941899532,37.61,
43.1,23.137826804014864,1.1789217741710953,follow,6.986740206022297,37.72,
43.2,23.255718981431972,-0.9641853928473907,follow,5.833578472147963,39.05,
43.3,23.159300442147234,1.8765600062697902,follow,6.97895066322085,37.76,
43.4,23.346956442774214,-1.4990318648611023,follow,8.040434664161324,36.98,
43.5,23.197053256288104,3.0,follow,6.4655798844321595,38.33,
43.6,23.497053256288105,-1.3068225232512634,follow,6.665579884432162,38.58,
43.7,23.36637100396298,-0.7494501608284081,follow,9.169556505944463,35.88,
43.8,23.29142598788014,2.0869824824461083,follow,7.01713898182021,37.92,
43.9,23.50012423612475,-2.3249653539655295,follow,7.220186354187128,38.03,
44.0,23.267627700728198,0.7749993021973856,follow,7.981441551092296,36.92,
44.1,23.345127630947935,3.0,follow,6.2276914464219075,38.79,
44.2,23.645127630947936,-3.6488036717703185,follow,8.387691446421904,37.08,
44.3,23.280247263770903,0.8376666420723426,follow,7.530370895656354,37.39,
44.4,23.36401392797814,0.6233654406926075,follow,7.9860208919672075,37.06,
44.5,23.4263504720474,1.4809088250773377,follow,7.8695257080710945,37.27,
44.6,23.574441354555134,-3.076035786196063,follow,9.341662031832698,36.02,
44.7,23.266837775935528,-2.4551960109925,follow,9.260256663903291,35.64,
44.8,23.021318174836278,2.637620955628452,follow,5.501977262254414,39.03,
44.9,23.285080270399124,0.7545496900740649,follow,8.627620405598691,36.3,
45.0,23.36053523940653,0.40481504845955896,follow,8.900802859109795,36.14,
45.1,23.401016744252487,0.1179076717946772,follow,10.261525116378728,34.84,
45.2,23.412807511431954,-1.4331492063805933,follow,8.579211267147933,36.54,
45.3,23.269492590793895,0.4681127126814535,follow,9.134238886190836,35.77,
45.4,23.31630386206204,1.3748106462179595,follow,5.894455793093059,39.08,
45.5,23.453784926683834,-1.1090487693497475,follow,6.800677390025747,38.38,
45.6,23.34288004974886,3.0,follow,8.534320074623295,36.48,
45.7,23.64288004974886,0.916345471539805,follow,5.694320074623285,39.77,
45.8,23.73451459690284,-2.841607395318597,follow,7.25177189535426,38.35,
45.9,23.45035385737098,1.0437836692633842,follow,8.28553078605647,36.89,
46.0,23.554732224297318,-2.8352636729493277,follow,10.87209833644598,34.46,
46.1,23.271205857002386,2.6071810154525976,follow,5.096808785503576,39.81,
46.2,23.531923958547644,1.5109207016343411,follow,9.59788593782146,35.7,
46.3,23.683016028711076,-2.7411980481716682,follow,10.114524043066616,35.41,
46.4,23.40889622389391,2.1284497020060087,follow,6.7233443358408636,38.39,
46.5,23.621741194094508,0.8781151890970016,follow,5.452611791141763,39.98,
46.6,23.709552713004207,1.092128414092607,follow,6.764329069506317,38.8,
46.7,23.818765554413467,2.632875390011925,follow,7.848148331620202,37.88,
46.8,24.08205309341466,-2.1330024438967565,follow,8.213079640121997,37.91,
46.9,23.868752849024986,-2.4374704998235153,follow,7.603129273537476,38.2,
47.0,23.625005799042633,-2.0263727485213803,follow,7.337508698563944,38.1,
47.1,23.422368524190496,-1.443937688894055,follow,7.573552786285745,37.56,
47.2,23.27797475530109,0.2836004723970811,follow,7.546962132951641,37.37,
47.3,23.3063348025408,1.0390203877012951,follow,7.779502203811198,37.18,
47.4,23.41023684131093,0.4053913157132363,follow,8.705355261966396,36.41,
47.5,23.450775972882255,1.4298689845270296,follow,8.236163959323385,36.94,
47.6,23.59376287133496,-0.9212796371384995,follow,10.03064430700244,35.36,
47.7,23.50163490762111,2.4723633538159513,follow,8.112452361431664,37.14,
47.8,23.748871243002704,-1.7298877241351378,follow,9.47330686450406,36.15,
47.9,23.57588247058919,3.0,follow,9.343823705883779,36.02,
48.0,23.87588247058919,-0.030056770874116623,follow,8.363823705883782,37.45,
48.1,23.872876793501778,-2.4704140796283123,follow,6.999315190252666,38.81,
48.2,23.625835385538945,-2.306987537891785,follow,7.158753078308415,38.28,
48.3,23.395136631749768,0.5395659693568498,follow,9.602704947624652,35.49,
48.4,23.449093228685452,-0.7961265265193012,follow,9.033639843028176,36.14,
48.5,23.36948057603352,1.834426004915739,follow,6.754220864050282,38.3,
48.6,23.552923176525095,0.2761697589728942,follow,9.179384764787642,36.15,
48.7,23.580540152422383,-0.6074706671890822,follow,8.370810228633573,37.0,
48.8,23.519793085703476,-1.7076622296293362,follow,7.4196896285552185,37.86,
48.9,23.349026862740544,-2.906916419199127,follow,8.853540294110815,36.17,
49.0,23.05833522082063,0.23938704565816638,follow,7.217502831230952,37.37,
49.1,23.08227392538645,2.275492749068211,follow,8.863410888079677,35.76,
49.2,23.30982320029327,0.609519114110221,follow,8.384734800439908,36.58,
49.3,23.37077511170429,-2.048109956531575,follow,7.446162667556436,37.61,
49.4,23.165964116051132,0.6371637636230978,follow,9.278946174076701,35.47,
49.5,23.229680492413443,1.4072701401042147,follow,7.10452073862016,37.74,
49.6,23.370407506423867,-1.515471247695023,follow,7.825611259635799,37.23,
49.7,23.218860381654363,1.01631015487234,follow,6.958290572481545,37.87,
49.8,23.3204913971416,0.5172558972582475,follow,7.480737095712399,37.5,
49.9,23.37221698686742,-1.5765318241640924,follow,6.288325480301133,38.77,
50.0,23.21456380445101,1.341857383869734,follow,7.431845706676512,37.39,
50.1,23.348749542837986,1.1595671373786725,follow,8.253124314256972,36.77,
50.2,23.46470625657585,1.9405774666125717,follow,7.807059384863777,37.39,
50.3,23.65876400323711,1.434905152951744,follow,7.628146004855665,37.86,
50.4,23.802254518532283,-3.5842890870126203,follow,8.40338177779843,37.3,
50.5,23.44382560983102,-1.744537451325975,follow,7.865738414746531,37.3,
50.6,23.26937186469842,1.257648950336152,follow,8.434057797047629,36.47,
50.7,23.395136759732036,0.8889094668353108,follow,8.582705139598055,36.51,
50.8,23.484027706415567,0.4067559120009123,follow,9.546041559623355,35.68,
50.9,23.52470329761566,3.0,follow,6.0770549464234875,39.21,
51.0,23.82470329761566,-0.3594159998930482,follow,9.877054946423492,35.86,
51.1,23.788761697626356,0.9305098149833253,follow,9.203142546439537,36.48,
51.2,23.88181267912469,0.31174280513823915,follow,9.372719018687029,36.45,
51.3,23.912986959638513,0.08187778778207844,follow,7.619480439457767,38.25,
51.4,23.92117473841672,-2.11708560042051,follow,8.961762107625077,36.92,
51.5,23.70946617837467,0.9327281111652601,follow,6.9241992675620025,38.64,
51.6,23.802738989491196,-2.6635411956144255,follow,9.204108484236798,36.5,
51.7,23.536384869929755,-0.6482622564850737,follow,7.744577304894634,37.56,
51.8,23.47155864428125,-1.2396615336784615,follow,8.887337966421875,36.32,
51.9,23.347592490913403,0.98849837978135,follow,5.371388736370108,39.65,
52.0,23.44644232889154,3.0,follow,9.249663493337309,35.92,
52.1,23.74644232889154,-4.355233558379136,follow,8.019663493337312,37.6,256.7563646700006
52.2,23.310918973053628,1.7478833327357017,follow,7.006378459580439,37.96,
52.3,23.4857073063272,-3.0315071602621,follow,7.518560959490799,37.71,
52.4,23.18255659030099,-0.1929165214576527,follow,7.733834885451486,37.04,
52.5,23.163264938155226,2.7872571836469575,follow,7.64489740723284,37.1,
52.6,23.441990656519923,0.09519477137889365,follow,7.86298598477989,37.3,
52.7,23.451510133657813,-2.150848255793507,follow,8.087265200486712,37.09,
52.8,23.236425308078463,-0.5605286581771145,follow,6.524637962117694,38.33,
52.9,23.18037244226075,2.563022213722026,follow,5.050558663391129,39.72,
53.0,23.436674663632953,-1.512623844775497,follow,8.525011995449425,36.63,
53.1,23.285412279155402,0.45133927375999616,follow,9.208118418733108,35.72,
53.2,23.3305462065314,0.33838759393440654,follow,7.8458193097971005,37.15,
53.3,23.36438496592484,-0.3237319942195067,follow,4.91657744888726,40.13,
53.4,23.33201176650289,3.0,follow,8.648017649754337,36.35,
53.5,23.63201176650289,1.0393088835195792,follow,6.368017649754336,39.08,
53.6,23.73594265485485,-4.162378992669405,follow,6.4839139822822744,39.12,152.84673835311236
53.7,23.31970475558791,0.5451058534562814,follow,8.349557133381865,36.63,
53.8,23.37421534093354,-0.9109547254352015,follow,7.171323011400304,37.89,
53.9,23.283119868390017,2.4842353985222543,follow,5.854679802585025,39.07,
54.0,23.531543408242243,-1.8819169087776237,follow,8.467315112363366,36.83,
54.1,23.34335171736448,-0.059355852656149954,follow,7.995027576046716,37.02,
54.2,23.337416132098866,1.0108967065861918,follow,8.406124198148298,36.6,
54.3,23.438505802757486,1.3577937575862766,follow,9.03775870413623,36.12,
54.4,23.574285178516114,-2.8252548032553175,follow,8.84142776777417,36.52,
54.5,23.29175969819058,-0.5661093264139871,follow,9.057639547285866,35.88,
54.6,23.235148765549184,-0.34097834136661587,follow,7.5627231483237765,37.29,
54.7,23.20105093141252,-0.8097702210179443,follow,8.411576397118779,36.39,
54.8,23.120073909310726,3.0,follow,7.170110863966094,37.51,
54.9,23.420073909310727,0.3825997359019875,follow,9.62011086396609,35.51,
55.0,23.458333882900927,-2.3400326898185417,follow,7.5675008243513915,37.62,
55.1,23.224330613919072,2.5594137166625366,follow,6.656495920878605,38.18,
55.2,23.480271985585325,3.0,follow,10.200407978377989,35.02,
55.3,23.780271985585326,0.9971806412085402,follow,8.000407978377986,37.67,
55.4,23.87999004970618,-3.8414087632880345,follow,7.199985074559272,38.62,1931.9611790689842
55.5,23.495849173377376,-1.3851850454677077,follow,9.343773760066064,35.9,
55.6,23.357330668830606,3.0,follow,5.915996003245915,39.12,
55.7,23.657330668830607,-1.8468083289087336,follow,7.76599600324591,37.72,
55.8,23.472649835939734,0.5016511161447053,follow,8.7489747539096,36.46,
55.9,23.522814947554206,1.1487379754104352,follow,8.09422242133131,37.19,
56.0,23.63768874509525,-2.2266972587553475,follow,7.58653311764288,37.87,
56.1,23.415019019219717,0.012964504762361662,follow,7.792528528829578,37.33,
56.2,23.416315469695952,-5.850311736765905,follow,7.274473204543931,37.85,44.72327560501525
56.3,22.831284296019362,-0.44190096533376577,follow,8.026926444029044,36.22,
56.4,22.787094199485985,1.4266642796012305,follow,6.740641299228983,37.44,
56.5,22.929760627446107,-1.3184509826664577,follow,8.724640941169156,35.67,
56.6,22.797915529179463,3.0,follow,7.066873293769191,37.13,
56.7,23.097915529179463,-2.0153438183249315,follow,8.406873293769195,36.24,
56.8,22.896381147346972,0.5462216767702466,follow,7.914571721020458,36.43,
56.9,22.951003315023996,2.002589934753729,follow,5.796504972535992,38.63,
57.0,23.15126230849937,3.0,follow,6.256893462749055,38.47,
57.1,23.45126230849937,-2.5876622453389664,follow,7.246893462749057,37.93,
57.2,23.192496083965473,2.5387731619440888,follow,8.758744125948212,36.03,
57.3,23.44637340015988,-0.1401632423153134,follow,8.269560100239822,36.9,
57.4,23.43235707592835,-1.560443381377449,follow,6.5385356138925275,38.61,
57.5,23.276312737790608,1.39867143887003,follow,7.504469106685917,37.41,
57.6,23.41617988167761,1.0934848605498597,follow,5.284269822516414,39.84,
57.7,23.525528367732598,-1.2735886219614228,follow,7.598292551598902,37.69,
57.8,23.398169505536455,0.26979359833588124,follow,7.637254258304679,37.46,
57.9,23.425148865370044,-0.814247507781799,follow,8.237723298055066,36.9,
58.0,23.343724114591865,0.4796174783616882,follow,7.615586171887799,37.4,
58.1,23.391685862428034,1.2707123957454185,follow,8.007528793642052,37.08,
58.2,23.518757102002574,2.9565396617166106,follow,7.238135653003859,38.04,
58.3,23.814411068174234,-3.1382687242314367,follow,7.401616602261349,38.32,
58.4,23.50058419575109,3.0,follow,8.880876293626642,36.37,
58.5,23.800584195751092,-5.101159971189414,follow,9.940876293626637,35.76,137.2301182614985
58.6,23.29046819863215,-0.41904788406835025,follow,9.735702297948222,35.2,
58.7,23.248563410225316,1.7173226923706266,follow,7.052845115337973,37.82,
58.8,23.420295679462377,0.2811854507891871,follow,9.11044351919356,36.02,
58.9,23.448414224541295,-1.8153206089863263,follow,10.33262133681194,34.84,
59.0,23.266882163642663,0.1771434196063102,follow,7.2203232454639945,37.68,
59.1,23.284596505603293,0.18144089695268573,follow,4.886894758404942,40.04,
59.2,23.302740595298562,-0.7611515827071096,follow,7.7141108929478435,37.24,
59.3,23.226625437027852,2.3818796210101016,follow,6.649938155541783,38.19,
59.4,23.46481339912886,0.644114124158925,follow,7.85722009869329,37.34,
59.5,23.529224811544754,-1.582376360971401,follow,8.153837217317133,37.14,
59.6,23.370987175447613,2.1190038812815395,follow,6.776480763171421,38.28,
59.7,23.582887563575767,0.055401602722367826,follow,8.44433134536365,36.93,
59.8,23.588427723848003,1.128808358768141,follow,7.832641585772009,37.55,
59.9,23.70130855972482,0.4533920299431222,follow,7.941962839587227,37.61,
60.0,23.74664776271913,-2.5976438317468755,follow,9.119971644078696,36.5,
60.1,23.486883379544444,-0.8245618802582821,follow,6.870325069316664,38.36,
60.2,23.404427191518618,1.6188863787414114,follow,8.056640787277928,37.05,
60.3,23.56631582939276,0.8005775973650735,follow,8.939473744089142,36.41,
60.4,23.64637358912927,-0.21234758264477316,follow,7.629560383693899,37.84,
60.5,23.625138830864792,-0.1946930691269928,follow,9.19770824629719,36.24,
60.6,23.60566952395209,2.377504179675166,follow,8.138504285928136,37.27,
60.7,23.843419941919606,-1.7098292218677835,follow,8.54512991287941,37.22,
60.8,23.67243701973283,1.3200893683599983,follow,7.078655529599246,38.43,
60.9,23.80444595656883,-0.5703496629132152,follow,7.956668934853248,37.75,
61.0,23.74741099027751,-0.5382363677964932,follow,8.431116485416268,37.19,
61.1,23.693587353497858,2.4591658258845124,follow,7.420381030246787,38.12,
61.2,23.939503936086307,1.4453371391344614,follow,7.159255904129459,38.75,
61.3,24.084037649999754,0.9310756565616725,follow,8.306056474999629,37.82,
61.4,24.177145215655923,1.5402599696532153,follow,9.06571782348388,37.2,
61.5,24.331171212621243,-1.664078285259942,follow,10.756756818931862,35.74,
61.6,24.16476338409525,0.1838499316000075,follow,10.247145076142871,36.0,
61.7,24.18314837725525,-1.4778763688667684,follow,9.434722565882872,36.84,
61.8,24.035360740368574,0.24317854828527752,follow,9.553041110552861,36.5,
61.9,24.059678595197102,-0.5274743201323329,follow,9.119517892795656,36.97,
62.0,24.006931163183868,0.19409375341615687,follow,8.790396744775805,37.22,
62.1,24.026340538525485,1.3042127776934374,follow,8.289510807788226,37.75,
62.2,24.15676181629483,-1.9090786813423066,follow,9.16514272444224,37.07,
62.3,23.965853948160596,3.0,follow,8.258780922240895,37.69,
62.4,24.265853948160597,-2.3195555049861776,follow,9.178780922240897,37.22,
62.5,24.03389839766198,-2.5699049924956348,follow,11.110847596492974,34.94,
62.6,23.776907898412414,3.0,follow,9.585361847618621,36.08,
62.7,24.076907898412415,1.8514812454563851,follow,9.145361847618624,36.97,
62.8,24.262056022958053,0.7504542193188082,follow,10.61308403443708,35.78,
62.9,24.337101444889935,1.2201956278805475,follow,8.715652167334902,37.79,
63.0,24.45912100767799,-0.06636797815814766,follow,7.87868151151698,38.81,
63.1,24.452484209862174,-1.798704637067266,follow,8.20872631479326,38.47,
63.2,24.272613746155447,0.29682510485111013,follow,9.548920619233172,36.86,
63.3,24.302296256640556,-0.7263790015634966,follow,7.683444384960829,38.77,
63.4,24.229658356484208,2.3893059863165513,follow,9.074487534726309,37.27,
63.5,24.468588955115862,-0.45695965133196736,follow,9.992883432673793,36.71,
63.6,24.422892989982664,-1.6710324305439697,follow,10.224339484973996,36.41,
63.7,24.25578974692827,-0.049877976003368296,follow,9.633684620392401,36.75,
63.8,24.250801949327933,1.467489536249616,follow,9.736202923991897,36.64,
63.9,24.397550902952894,-0.6680863581310104,follow,9.336326354429339,37.26,
64.0,24.330742267139794,-0.849091770022623,follow,9.256113400709687,37.24,
64.1,24.24583309013753,1.531404614588467,follow,9.308749635206297,37.06,
64.2,24.398973551596377,1.2705288672394968,follow,9.048460327394565,37.55,
64.3,24.526026438320326,-0.3065862614068129,follow,8.41903965748049,38.37,
64.4,24.495367812179644,-0.12822881468889258,follow,8.643051718269469,38.1,
64.5,24.482544930710755,0.7585550342152552,follow,11.33381739606613,35.39,
64.6,24.55840043413228,-3.0323047394240294,follow,12.637600651198419,34.2,
64.7,24.25516996018988,-1.0346426367201915,follow,8.312754940284819,38.07,
64.8,24.15170569651786,0.04886200424731846,follow,10.727558544776784,35.5,
64.9,24.15659189694259,1.4083844023353853,follow,9.464887845413884,36.77,
65.0,24.297430337176127,1.9672709049007489,follow,10.736145505764192,35.71,
65.1,24.494157427666202,3.0,follow,11.721236141499297,35.02,
65.2,24.794157427666203,2.2215755751757844,follow,9.581236141499303,37.61,
65.3,25.016314985183783,-0.32899634764281105,follow,9.684472477775671,37.84,
65.4,24.983415350419502,-0.2766401437467618,follow,11.115123025629252,36.36,
65.5,24.955751336044827,-2.582935943162768,follow,13.313627004067243,34.12,
65.6,24.69745774172855,0.8008057672713464,follow,10.676186612592822,36.37,
65.7,24.777538318455683,0.33606149422547316,follow,9.756307477683528,37.41,
65.8,24.81114446787823,0.9956703812320169,follow,11.886716701817349,35.33,
65.9,24.91071150600143,-0.9759679174833855,follow,10.196067259002142,37.17,
66.0,24.813114714253093,2.0290835146503268,follow,10.269672071379638,36.95,
66.1,25.016023065718127,3.0,follow,9.924034598577187,37.6,
66.2,25.316023065718127,-0.5259141342059599,follow,10.894034598577193,37.08,
66.3,25.26343165229753,0.42373588442136123,follow,12.0251474784463,35.87,
66.4,25.305805240739666,1.6353421784752802,follow,9.678707861109501,38.28,
66.5,25.469339458587193,-1.362706716212124,follow,11.444009187880788,36.76,
66.6,25.33306878696598,0.3918722583379586,follow,11.099603180448973,36.9,
66.7,25.372256012799777,-0.3451077839726058,follow,12.158384019199666,35.9,
66.8,25.337745234402515,0.13845746821632354,follow,11.576617851603771,36.43,
66.9,25.35159098122415,-1.6443948390485388,follow,12.07738647183622,35.95,
67.0,25.187151497319295,0.7012672226859553,follow,11.050727245978948,36.73,
67.1,25.257278219587892,2.0765010615049757,follow,9.075917329381838,38.81,
67.2,25.46492832573839,2.6238922213450717,follow,12.80739248860759,35.39,
67.3,25.7273175478729,0.9507752948047712,follow,13.470976321809353,35.12,
67.4,25.822395077353377,3.0,follow,10.213592616030063,38.52,
67.5,26.122395077353378,-3.2205469729157183,follow,12.523592616030072,36.66,
67.6,25.800340380061805,1.00023926065737,follow,12.560510570092703,36.14,
67.7,25.900364306127543,-0.061199457720846784,follow,10.820546459191313,38.03,
67.8,25.894244360355458,3.0,follow,12.631366540533186,36.21,
67.9,26.19424436035546,-2.637170079788234,follow,10.40136654053319,38.89,
68.0,25.930527352376636,-2.196555263906254,follow,11.285791028564958,37.61,
68.1,25.71087182598601,-1.3370382410111645,follow,12.24630773897902,36.32,
68.2,25.577168001884896,-3.2375455884607565,follow,9.115752002827342,39.25,
68.3,25.25341344303882,0.3273485278925896,follow,11.700120164558228,36.18,
68.4,25.286148295828077,0.18269738123599644,follow,10.269222443742123,37.66,
68.5,25.304418033951677,1.9610986300287923,follow,10.786627050927514,37.17,
68.6,25.500527896954555,2.252379245507203,follow,9.980791845431831,38.27,
68.7,25.725765821505274,3.0,follow,10.018648732257908,38.57,
68.8,26.025765821505274,1.7729456174948532,follow,12.168648732257914,36.87,
68.9,26.20306038325476,-2.0834054286846824,follow,13.31459057488214,35.99,
69.0,25.99471984038629,-1.7727505274589856,follow,11.66207976057943,37.33,
69.1,25.81744478764039,1.4726400808581204,follow,12.656167181460582,36.07,
69.2,25.964708795726203,-1.9330980687757702,follow,9.927063193589298,39.02,
69.3,25.771398988848627,3.0,follow,11.707098483272937,36.95,
69.4,26.071398988848628,2.4788192320641596,follow,12.717098483272942,36.39,
69.5,26.319280912055046,-1.4081498140038435,follow,12.488921368082565,36.99,
69.6,26.17846593065466,-4.003742140269701,follow,13.967698895981997,35.3,
69.7,25.77809171662769,3.0,follow,12.957137574941534,35.71,
69.8,26.07809171662769,0.48436517475808016,follow,11.027137574941534,38.09,
69.9,26.126528234103496,2.859575638544804,follow,13.13979235115525,36.05,
70.0,26.412485797957977,-4.048049814930709,follow,13.998728696936972,35.62,
70.1,26.007680816464905,-0.2500585355875191,follow,11.66152122469736,37.35,
70.2,25.982674962906152,1.3275052685051745,follow,10.91401244435923,38.06,
70.3,26.11542548975667,1.0681097518211102,follow,11.633138234635005,37.54,
70.4,26.22223646493878,-0.13695851122226976,follow,11.493354697408165,37.84,
70.5,26.208540613816556,1.7456314389126801,follow,13.392810920724834,35.92,
70.6,26.383103757707826,-2.497546911047843,follow,14.404655636561735,35.17,
70.7,26.133349066603042,1.1768709614204793,follow,10.820023599904559,38.38,
70.8,26.25103616274509,0.9350074515238518,follow,13.006554244117638,36.37,
70.9,26.344536907897478,1.5850591984870515,follow,13.066805361846214,36.45,
71.0,26.50304282774618,2.0611855504387915,follow,11.584564241619269,38.17,
71.1,26.70916138279006,-2.5438650892637686,follow,12.743742074185093,37.32,
71.2,26.454774873863684,-2.667468200722026,follow,12.482162310795523,37.2,
71.3,26.18802805379148,3.0,follow,10.202042080687221,39.08,
71.4,26.48802805379148,1.086540738662807,follow,13.74204208068722,35.99,
71.5,26.59668212765776,-0.9948473374322386,follow,12.185023191486643,37.71,
71.6,26.497197393914536,3.0,follow,13.005796090871804,36.74,
71.7,26.797197393914537,0.24372808771604237,follow,13.215796090871812,36.98,
71.8,26.821570202686143,2.8699115518896177,follow,11.872355304029213,38.36,
71.9,27.108561357875104,-0.46405671337919885,follow,13.432842036812659,37.23,
72.0,27.062155686537185,3.0,follow,13.34323352980578,37.25,
72.1,27.362155686537186,2.7312666575980886,follow,13.203233529805772,37.84,
72.2,27.635282352296993,-2.7568783535182444,follow,15.202923528445488,36.25,
72.3,27.35959451694517,0.7288024082781719,follow,15.299391775417753,35.74,
72.4,27.432474757772987,-0.22202570837511915,follow,15.648712136659483,35.5,
72.5,27.410272186935476,1.2535358662219163,follow,16.63540828040322,34.48,
72.6,27.53562577355767,-2.9760756489545965,follow,12.403438660336505,38.9,
72.7,27.238018208662208,0.6811920454938607,follow,15.42702731299331,35.43,
72.8,27.306137413211594,1.6186909201747415,follow,14.579206119817393,36.38,
72.9,27.46800650522907,-4.916400337073306,follow,14.882009757843605,36.32,
73.0,26.97636647152174,-2.0224643395792965,follow,13.514549707282605,36.95,
73.1,26.77412003756381,-3.126308202062943,follow,12.651180056345716,37.51,
73.2,26.461489217357517,1.7357409383780815,follow,12.13223382603627,37.56,
73.3,26.635063311195324,3.0,follow,13.992594966792986,35.96,
73.4,26.935063311195325,3.0,follow,13.992594966792993,36.41,
73.5,27.235063311195326,0.388112986376254,follow,13.952594966792994,36.9,
73.6,27.27387460983295,3.0,follow,14.59081191474943,36.32,
73.7,27.573874609832952,-3.2303775827861045,follow,13.020811914749423,38.34,
73.8,27.250836851554343,-3.2866765382897727,follow,13.766255277331517,37.11,
73.9,26.922169197725367,1.4247364588753548,follow,13.003253796588048,37.38,
74.0,27.0646428436129,2.041010798417862,follow,13.306964265419353,37.29,
74.1,27.26874392345469,0.8217203250006293,follow,13.043115885182033,37.86,
74.2,27.35091595595475,-4.168057016304915,follow,14.26637393393213,36.76,
74.3,26.93411025432426,1.0922170451197757,follow,15.27116538148639,35.13,
74.4,27.043331958836237,-1.3336020527499493,follow,13.574997938254356,36.99,
74.5,26.909971753561244,3.0,follow,14.52495763034186,35.84,
74.6,27.209971753561245,1.7935287068942884,follow,14.864957630341863,35.95,
74.7,27.389324624250673,-1.2949387702105701,follow,13.913986936376006,37.17,
74.8,27.259830747229614,0.3547941323698629,follow,13.009746120844419,37.88,
74.9,27.2953101604666,-1.236015111167867,follow,14.4029652406999,36.54,
75.0,27.171708649349814,1.471544107344845,follow,13.897562974024723,36.86,
75.1,27.318863060084297,3.0,follow,12.598294590126443,38.38,
75.2,27.618863060084298,-1.6870536666705587,follow,14.648294590126447,36.78,
75.3,27.450157693417243,2.874383789416971,follow,11.795236540125863,39.38,
75.4,27.73759607235894,-0.8108943382574874,follow,14.446394108538414,37.16,
75.5,27.65650663853319,-1.6457899784170005,follow,16.86475995779979,34.62,
75.6,27.49192764069149,1.1196988574558222,follow,13.837891461037238,37.4,
75.7,27.603897526437073,-1.3535062566420486,follow,14.395846289655616,37.01,
75.8,27.468546900772868,0.4642811514402263,follow,13.172820351159302,38.03,
75.9,27.51497501591689,-1.1582880329523046,follow,13.89246252387533,37.38,
76.0,27.39914621262166,3.0,follow,14.578719318932485,36.52,
76.1,27.69914621262166,0.7181648992457432,follow,16.19871931893249,35.35,
76.2,27.770962702546235,-0.7278712660163131,follow,15.146444053819359,36.51,
76.3,27.698175575944603,1.4574771962355415,follow,15.707263363916901,35.84,
76.4,27.843923295568157,0.44228073243112465,follow,15.585884943352234,36.18,
76.5,27.88815136881127,0.5467537800965876,follow,14.312227053216901,37.52,
76.6,27.942826746820927,2.6507735880783545,follow,13.144240120231387,38.77,
76.7,28.207904105628764,1.9438724691889397,follow,14.901856158443152,37.41,
76.8,28.402291352547657,-1.951297739760525,follow,16.903437028821486,35.7,
76.9,28.207161578571604,-0.8735525450189974,follow,14.73074236785741,37.58,
77.0,28.119806324069703,0.37519439270175914,follow,13.69970948610456,38.48,
77.1,28.15732576333988,-4.849065972490028,follow,15.69598864500982,36.54,
77.2,27.672419166090876,-1.358172179878105,follow,14.368628749136313,37.14,
77.3,27.536601948103065,3.0,follow,13.924902922154594,37.38,
77.4,27.836601948103066,3.0,follow,15.194902922154597,36.56,
77.5,28.136601948103067,0.6736529043039254,follow,13.954902922154602,38.25,
77.6,28.20396723853346,2.3540762124317123,follow,14.845950857800183,37.46,
77.7,28.43937485977663,1.2982811767782656,follow,14.499062289664948,38.16,
77.8,28.56920297745446,3.0,follow,16.083804466181682,36.77,
77.9,28.86920297745446,1.9518676865512055,follow,15.93380446618169,37.37,
78.0,29.06438974610958,-1.1089074425705894,follow,14.806584619164369,38.79,
78.1,28.95349900185252,-2.9591770498370984,follow,15.79024850277878,37.64,
78.2,28.657581296868813,-2.8314093837294596,follow,12.83637194530322,40.15,
78.3,28.374440358495868,1.6706374930172663,follow,14.741660537743805,37.82,
78.4,28.541504107797593,-0.8054952985485799,follow,14.16225616169639,38.65,
78.5,28.460954577942736,-1.8176382639496997,follow,13.111431866914103,39.58,
78.6,28.279190751547766,-3.126408785658619e-05,follow,15.438786127321656,36.98,
78.7,28.27918762513898,-1.0289798385380184,follow,15.728781437708477,36.69,
78.8,28.17628964128518,3.0,follow,15.184434461927772,37.08,
78.9,28.47628964128518,3.0,follow,12.244434461927774,40.47,
79.0,28.77628964128518,0.7527889159756513,follow,14.69443446192777,38.47,
79.1,28.851568532882748,3.0,follow,11.017352799324122,42.26,
79.2,29.15156853288275,0.05931269143534479,follow,15.007352799324124,38.72,
79.3,29.157499802026283,-1.752567192961749,follow,13.986249703039427,39.75,
79.4,28.982243082730108,3.0,follow,11.963364624095163,41.51,
79.5,29.28224308273011,1.933962416518365,follow,11.703364624095165,42.22,
79.6,29.475639324381945,-2.240598696203803,follow,11.77345898657292,42.44,
79.7,29.251579454761565,0.3618462094390047,follow,12.307369182142345,41.57,
79.8,29.287764075705464,-1.329507868001824,follow,12.411646113558191,41.52,
79.9,29.15481328890528,-2.187418795818014,follow,12.572219933357928,41.16,
80.0,28.93607140932348,3.0,follow,11.854107113985222,41.55,
80.1,29.23607140932348,3.0,follow,13.75410711398522,40.1,
80.2,29.53607140932348,-3.3680531837706855,follow,14.36410711398522,39.94,
80.3,29.199266090946413,2.642384308290551,follow,12.688899136419622,41.11,
80.4,29.46350452177547,-0.97603169390832,follow,13.11525678266321,41.08,
80.5,29.365901352384636,-0.2134635910737781,follow,13.138852028576956,40.91,
80.6,29.34455499327726,0.07741352638010035,follow,11.496832489915889,42.52,
80.7,29.35229634591527,-0.4118197514919264,follow,10.988444518872903,43.04,
80.8,29.311114370766077,1.732925083949706,follow,11.826671556149115,42.14,
80.9,29.48440687916105,-0.22291938228655428,follow,10.136610318741575,44.09,
81.0,29.462114940932395,1.7597235952980217,follow,13.223172411398593,40.97,
81.1,29.638087300462196,0.8796287997484613,follow,12.0871309506933,42.37,
81.2,29.726050180437042,0.13385736927946779,follow,12.689075270655565,41.9,
81.3,29.73943591736499,-1.677268598654669,follow,13.989153876047489,40.62,
81.4,29.571709057499522,0.25999099628605316,follow,11.227563586249282,43.13,
81.5,29.597708157128128,3.0,follow,11.106562235692195,43.29,
81.6,29.89770815712813,2.687137335911038,follow,9.196562235692191,45.65,
81.7,30.16642189071923,-1.8389739138355363,follow,10.529632836078846,44.72,
81.8,29.98252449933568,0.9985314404699508,follow,12.223786749003516,42.75,
81.9,30.082377643382674,3.0,follow,8.313566465074011,46.81,
82.0,30.382377643382675,-3.4739206145254515,follow,9.373566465074006,46.2,
82.1,30.03498558193013,2.8258866054048184,follow,9.472478372895196,45.58,
82.2,30.317574242470613,-1.0705485163764754,follow,10.746361363705923,44.73,
82.3,30.210519390832964,2.2026973302815653,follow,11.335779086249453,43.98,
82.4,30.43078912386112,-1.3443505195459735,follow,10.636183685791686,45.01,
82.5,30.296354071906524,-2.886718807392232,follow,8.18453110785979,47.26,
82.6,30.0076821911673,-1.2295701968404604,follow,6.391523286750953,48.62,
82.7,29.884725171483254,3.0,follow,6.417087757224884,48.41,
82.8,30.184725171483255,2.3122428837222753,follow,9.427087757224882,45.85,
82.9,30.415949459855483,-1.2050857888953086,follow,10.403924189783226,45.22,
83.0,30.295440880965952,3.0,follow,8.193161321448926,47.25,
83.1,30.595440880965953,-3.537176269873699,follow,11.083161321448927,44.81,
83.2,30.241723253978584,2.2751367379530523,follow,7.312584880967876,48.05,
83.3,30.46923692777389,-1.2200727849917772,follow,8.053855391660832,47.65,
83.4,30.34722964927471,0.5195964517455343,follow,8.050844473912065,47.47,
83.5,30.39918929444926,1.9096456977090153,follow,9.498783941673892,46.1,
83.6,30.590153864220163,0.0352520980250135,follow,6.435230796330245,49.45,
83.7,30.593679074022663,0.9497560826207567,follow,7.680518611033996,48.21,
83.8,30.68865468228474,3.0,follow,8.482982023427112,47.55,
83.9,30.98865468228474,-1.252630719226433,follow,11.182982023427115,45.3,
84.0,30.863391610362097,3.0,follow,6.465087415543145,49.83,
84.1,31.163391610362098,-1.0154402942450054,follow,3.905087415543143,52.84,
84.2,31.0618475809376,3.0,follow,3.602771371406398,52.99,
84.3,31.3618475809376,3.0,follow,6.962771371406404,50.08,
84.4,31.6618475809376,-6.251777837878009,follow,7.322771371406397,50.17,50.582368666538514
84.5,31.0366697971498,0.29923828112047124,follow,4.4350046957247,52.12,
84.6,31.066593625261845,3.0,follow,6.429890437892766,50.17,
84.7,31.366593625261846,1.0512677135467603,follow,4.5398904378927725,52.51,
84.8,31.471720396616522,2.5292330847122155,follow,3.647580594924783,53.56,
84.9,31.724643705087743,-0.28633535825780165,follow,2.9569655576316123,54.63,
85.0,31.696010169261964,1.1441180267335251,follow,4.6840152538929445,52.86,
85.1,31.810421971935316,0.42100502825953634,follow,4.695632957902973,53.02,
85.2,31.85252247476127,3.0,follow,5.4987837121419005,52.28,
85.3,32.15252247476127,0.5328909477863433,follow,5.538783712141907,52.69,
85.4,32.205811569539904,0.9985673655891623,follow,4.308717354309856,54.0,
85.5,32.30566830609882,-0.7647977569360249,follow,3.138502459148235,55.32,
85.6,32.229188530405224,-0.3584459674081544,follow,1.7637827956078382,56.58,
85.7,32.19334393366441,-0.6638127835792933,follow,4.2100159004966144,54.08,
85.8,32.12696265530648,2.7522125037338303,follow,-0.08955601704028027,58.28,
85.9,32.40218390567986,-0.6698951428066868,follow,2.923275858519794,55.68,
86.0,32.33519439139919,1.5886141275760455,follow,2.042791587098783,56.46,
86.1,32.494055804156794,3.0,follow,3.141083706235186,55.6,
86.2,32.79405580415679,1.0308832310730005,follow,6.111083706235192,53.08,
86.3,32.89714412726409,-0.6759071302422843,follow,0.20571619089614046,59.14,
86.4,32.82955341423986,3.0,follow,-0.02566987864020831,59.27,
86.5,33.12955341423986,-1.7126611507830398,follow,1.814330121359781,57.88,
86.6,32.958287299161555,-5.023905931830407,follow,0.5674309487423344,58.87,50.825041457861154
86.7,32.45589670597851,-0.6042806665470963,follow,-1.3761549410322402,60.06,
86.8,32.3954686393238,-3.3642563808327717,follow,1.8532029589856975,56.74,155.2527190978185
86.9,32.059043001240525,2.112230199652922,follow,-0.8814354981392114,58.97,
87.0,32.27026602120582,3.0,follow,-3.3546009681912707,61.76,
87.1,32.57026602120582,3.0,follow,0.4153990318087324,58.44,
87.2,32.870266021205815,2.4380516230618596,follow,-2.354600968191278,61.66,
87.3,33.114071183512,-0.22167043211895598,follow,0.6411067752679998,59.03,
87.4,33.09190414030011,3.0,follow,-3.1721437895498354,62.81,
87.5,33.391904140300106,-5.147211607726563,follow,-2.1921437895498457,62.28,41.74530944560012
87.6,32.87718297952745,2.0459401805562454,follow,-0.4142255307088263,59.73,
87.7,33.08177699758307,3.0,follow,-5.777334503625397,65.4,
87.8,33.38177699758307,-2.993938283339153,follow,-2.1373345036254037,62.21,98.46828902918473
87.9,33.082383169249155,3.0,follow,-2.856425246126264,62.48,
88.0,33.38238316924915,2.5071046741053546,follow,-4.786425246126271,64.86,
88.1,33.63309363665969,0.5196927993900822,follow,-6.690359545010466,67.14,
88.2,33.685062916598696,2.2034259308156363,follow,-2.8224056251019576,63.35,
88.3,33.90540550968026,3.0,follow,-5.0418917354796235,65.9,
88.4,34.205405509680254,0.6840485426480696,follow,-5.761891735479608,67.07,
88.5,34.27381036394506,0.9981831555449248,follow,-6.649284454082412,68.06,
88.6,34.373628679499554,-1.1969553877127457,follow,-5.91955698075067,67.48,208.51056866884534
88.7,34.25393314072828,-1.9044325131675146,follow,-5.44910028890758,66.83,118.5069561857876
88.8,34.06348988941153,2.956081364699918,follow,-5.244765165882711,66.34,
88.9,34.35909802588152,-1.597029321728957,follow,-7.131352961177718,68.67,110.91942976594423
89.0,34.199395093708624,0.8879784229870009,follow,-5.430907359437072,66.73,
89.1,34.28819293600733,-1.5609999524297908,follow,-1.9077105959890162,63.34,718.1981105010458
89.2,34.132092940764345,3.0,follow,-9.611860588853489,70.81,
89.3,34.43209294076434,2.5982549762491884,follow,-10.62186058885348,72.27,
89.4,34.69191843838926,2.1463209152623977,follow,-3.782122342416102,65.82,
89.5,34.9065505299155,-1.572145999465302,follow,-6.800174205126751,69.16,114.02182767795884
89.6,34.74933592996897,0.6193579675910721,follow,-11.005996105046535,73.13,458.96741566225927
89.7,34.81127172672808,-0.39964126327154914,follow,-14.53309240990788,76.75,82.41418460072103
89.8,34.771307600400924,0.2066016771178163,follow,-10.673038599398609,72.83,233.94867297234183
89.9,34.791967768112706,2.1511677916420986,follow,-9.48204834783094,71.67,
90.0,35.00708454727692,3.0,follow,-10.859373179084628,73.37,
90.1,35.307084547276915,-1.339335455738667,follow,-14.369373179084626,77.33,58.27059033930851
90.2,35.17315100170305,2.6393440347811055,follow,-10.560273497445422,73.32,
90.3,35.43708540518116,3.0,follow,-10.30437189222826,73.46,
90.4,35.737085405181155,-0.0592898876495529,follow,-11.034371892228265,74.64,147.19413975903055
90.5,35.7311564164162,3.0,follow,-10.44326537537571,74.04,
90.6,36.031156416416195,-3.62299098344878,follow,-12.933265375375711,76.98,35.952534532179065
90.7,35.66885731807132,-2.8840276476614735,follow,-17.42671402289303,80.93,35.051971105604785
90.8,35.38045455330517,-4.186751062618718,follow,-15.30931817004224,78.38,29.797131412711686
90.9,34.9617794470433,3.0,follow,-15.057330829435053,77.5,
91.0,35.261779447043295,2.159489191201914,follow,-14.967330829435056,77.86,952.0729573871938
91.1,35.47772836616349,-1.0521971363671332,follow,-12.083407450754763,75.3,69.22684223597986
91.2,35.372508652526776,1.5972720143808348,follow,-18.481237021209843,81.54,119.4710128554756
91.3,35.532235853964856,-3.0416603973155425,follow,-16.391646219052717,79.69,34.02304676751636
91.4,35.2280698142333,3.0,follow,-17.047895278650046,79.89,
91.5,35.5280698142333,2.2298085480272984,follow,-25.19789527865005,88.49,77.0771941766411
91.6,35.751050669036026,-0.19721456153765016,follow,-18.27342399644597,81.9,56.833532477234954
91.7,35.73132921288226,0.8042906372657788,follow,-16.153006180676613,79.75,94.7904800866113
91.8,35.811758276608835,0.16004180422204928,follow,-17.242362585086738,80.96,66.26515371331578
91.9,35.82776245703104,0.45706649813710776,follow,-21.51835631445344,85.26,55.085972406610765
92.0,35.87346910684475,-2.9007605273978525,follow,-19.289796339732867,83.1,30.96737718650679
92.1,35.58339305410497,0.19821794506671853,follow,-16.25491041884254,79.63,69.03977765133402
92.2,35.603214848611636,3.0,follow,-22.52517772708255,85.93,
92.3,35.90321484861163,2.0107309967683844,follow,-18.475177727082553,82.33,120.5038212610622
92.4,36.10428794828847,3.0,follow,-24.97356807756728,89.13,130.25218436614347
92.5,36.40428794828847,-3.01157989249226,follow,-22.91356807756729,87.52,27.571537751384344
92.6,36.103129959039244,-4.3085400632778335,follow,-19.855305061441143,84.01,24.686098095330276
92.7,35.67227595271146,0.23076837705641184,follow,-25.301586070932814,88.81,41.263296134548355
92.8,35.6953527904171,-0.13056358971856497,follow,-22.506970814374355,86.05,42.27768296736703
92.9,35.68229643144524,3.0,follow,-24.926555352832146,88.45,85.68275284664884
93.0,35.982296431445235,-5.055400336263124,follow,-23.886555352832147,87.86,21.007597486254483
93.1,35.476756397818924,3.0,follow,-21.524865403271605,84.74,170.58663033241604
93.2,35.77675639781892,-1.3425532779743832,follow,-21.934865403271615,85.6,33.74387862925983
93.3,35.64250107002148,-0.5178167137668062,follow,-26.87624839496778,90.34,33.1827234136908
93.4,35.5907193986448,-2.7090365667547895,follow,-23.703920902032806,87.09,26.385157137488612
93.5,35.31981574196932,-3.5716880010386904,follow,-24.25027638704602,87.23,23.450086254492614
93.6,34.96264694186545,3.0,follow,-23.63602958720182,86.08,91.31732802278263
93.7,35.26264694186545,1.4542964176087456,follow,-27.176029587201825,90.07,44.09474694522759
93.8,35.408076583626325,-1.222978032204651,follow,-31.667885124560513,94.78,26.415266728841573
93.9,35.28577878040586,-2.968829184287041,follow,-23.771331829391208,86.7,24.66025464491577
94.0,34.988895861977156,0.9996225186095653,follow,-27.456656207034264,89.94,38.785700330378226
94.1,35.088858113838114,3.0,follow,-31.356712829242824,93.99,192.26437557120133
94.2,35.38885811383811,-0.030722104173712933,follow,-27.166712829242833,90.25,32.83181461628365
94.3,35.38578590342074,-2.704066856934031,follow,-28.911321144868886,91.99,22.907097692045983
94.4,35.11537921772734,0.13678622678132224,follow,-25.466931173408994,88.14,34.49194522227845
94.5,35.12905784040547,1.0445530130604508,follow,-29.796413239391782,92.49,34.914299940632134
94.6,35.23351314171152,-5.624276517619556,follow,-28.23973028743272,91.09,17.573023837250936
94.7,34.67108548994956,3.0,follow,-32.58337176507566,94.59,45.671702331468545
94.8,34.97108548994956,2.1412764682563745,follow,-32.95337176507566,95.41,36.68083973735524
94.9,35.1852131367752,3.0,follow,-36.792180294837195,99.57,50.92539433538393
95.0,35.485213136775194,3.0,follow,-31.032180294837218,94.26,79.52999935224193
95.1,35.78521313677519,2.5465725654017053,follow,-30.132180294837212,93.81,41.96915204933986
95.2,36.03987039331536,-1.6838266583312191,follow,-29.62019441002697,93.68,24.021311108331652
95.3,35.87148772748224,-3.6150609572434425,follow,-28.582768408776644,92.39,20.12201828331194
95.4,35.509981631757896,3.0,follow,-31.30502755236315,94.57,131.35057316545604
95.5,35.80998163175789,-0.5845108218264906,follow,-29.305027552363157,93.02,26.57728233655902
95.6,35.75153054957524,-0.22211855220010046,follow,-30.922704175637136,94.55,26.69749665475566
95.7,35.729318694355236,0.5780925754743587,follow,-34.426021958467146,98.02,27.232931652794054
95.8,35.78712795190267,-0.7221504238302274,follow,-27.979308072145997,91.66,26.210079030746037
95.9,35.71491290951965,0.179243084292402,follow,-34.38763063572053,97.96,25.745661551125227
96.0,35.732837217948884,-0.7746478140955009,follow,-35.070744173076676,98.67,23.038466086566455
96.1,35.65537243653933,-1.5118426848526538,follow,-31.296941345191,94.78,22.43115877321972
96.2,35.504188168054064,-1.3077004774616696,follow,-25.993717747918907,89.25,24.55844218099174
96.3,35.373418120307896,-1.09031684455237,follow,-30.70987281953815,93.77,23.190775034875593
96.4,35.26438643585266,0.18117608894889203,follow,-36.51342034622101,99.41,23.986662812138952
96.5,35.28250404474755,1.1173404512418421,follow,-32.87624393287868,95.8,27.90965392935055
96.6,35.394238089871735,-0.7762376427598128,follow,-30.0786428651924,93.17,23.681840771115503
96.7,35.31661432559575,3.0,follow,-31.78507851160638,94.76,42.36760844977571
96.8,35.61661432559575,-5.796229006419926,follow,-35.38507851160638,98.81,15.139549400443643
96.9,35.036991424953754,3.0,follow,-35.56451286256937,98.12,39.93501930998671
97.0,35.33699142495375,3.0,follow,-33.00451286256938,96.01,36.134855046312836
97.1,35.63699142495375,-5.410526089898768,follow,-32.32451286256938,95.78,15.581606249063645
97.2,35.09593881596387,0.20391234449924278,follow,-33.206091776054194,95.85,23.867395493921364
97.3,35.116330050413794,-0.44396981720773376,follow,-31.765504924379307,94.44,22.942766698337618
97.4,35.07193306869302,-0.9025842939665869,follow,-39.37210039696048,101.98,20.02775736134644
97.5,34.981674639296365,-0.707726246099496,follow,-33.98748804105544,96.46,21.619684938571037
97.6,34.910902014686414,-0.27317843818161736,follow,-38.71364697797038,101.08,21.275959741441195
97.7,34.883584170868254,3.0,follow,-39.77462374369762,102.1,48.768041629612114
97.8,35.18358417086825,3.0,follow,-37.91462374369762,100.69,31.33261637046071
97.9,35.48358417086825,2.154850805609949,follow,-33.374623743697626,96.6,29.690333775573208
98.0,35.69906925142924,0.7457350867877179,follow,-35.611396122856135,99.16,24.61114312314804
98.1,35.77364276010802,-4.114984678944091,follow,-34.33953585983797,98.0,16.684705557100944
98.2,35.36214429221361,-2.316951607798787,follow,-32.46678356167959,95.51,19.286594728302447
98.3,35.13044913143373,1.473732537803011,follow,-36.5243263028494,99.22,25.902967666578096
98.4,35.27782238521403,-4.0510790339709954,follow,-31.94326642217895,94.86,16.915657002638746
98.5,34.87271448181693,3.0,follow,-39.620928277274615,101.93,29.436443730849017
98.6,35.172714481816925,-1.2128826539801554,follow,-34.37092827727461,97.13,20.69804169342798
98.7,35.05142621641891,-0.7085131696101234,follow,-36.582860675371634,99.16,20.913538558635047
98.8,34.9805748994579,1.8930158680596207,follow,-36.999137650813154,99.47,26.663450722958082
98.9,35.16987648626386,0.20460422280658008,follow,-35.16518527060421,97.92,23.259589757442292
99.0,35.190336908544516,-1.2119809074804186,follow,-37.70449463718322,100.49,20.01658490866778
99.1,35.06913881779647,1.7810361869668239,follow,-34.786291773305294,97.39,27.363360909956302
99.2,35.24724243649315,-2.999383872136728,follow,-38.54913634526027,101.42,17.374642410934403
99.3,34.94730404927948,-0.05569173207692302,follow,-32.46904392608078,94.89,23.503307861327556
99.4,34.94173487607179,0.9615944362669673,follow,-36.88739768589231,99.3,24.209268273111558
99.5,35.03789431969849,-0.15697707321959653,follow,-42.153158520452266,104.71,20.66144110247146
99.6,35.022196612376526,-0.9994828798099036,follow,-33.46670508143521,96.0,21.228621448537513
99.7,34.92224832439553,-4.1983645786277055,follow,-34.5966275134067,96.98,16.431026732500623
99.8,34.50241186653276,2.751238002128166,follow,-38.78638220020086,100.54,28.143451470947017
99.9,34.77753566674558,-0.9404975060544059,follow,-37.38369649988163,99.55,20.32654926353015
100.0,34.683485916140135,-1.4432092847167068,follow,-38.0347711257898,100.06,19.41598398214758
100.1,34.539164987668464,2.4510791282151825,follow,-38.66125251849731,100.47,27.532325981290484
100.2,34.78427290048998,-2.116138939848153,follow,-38.733590649265025,100.91,18.29978345667902
100.3,34.57265900650516,-2.8801993552633647,follow,-40.45101149024226,102.31,17.101091653185417
100.4,34.28463907097883,-3.046601026399387,follow,-38.803041393531764,100.23,17.061473698893945
100.5,33.97997896833889,2.0157240134974215,follow,-37.31003154749166,98.28,26.63429814729878
100.6,34.181551369688634,-2.129341294492157,follow,-39.72767294546705,101.0,17.96657067737409
100.7,33.96861724023942,3.0,follow,-43.677074139640865,104.63,37.928422426200484
100.8,34.268617240239415,-5.04942445474114,follow,-37.197074139640876,98.6,15.125907284652692
100.9,33.7636747947653,3.0,follow,-35.444487807852056,96.09,35.40954877325698
101.0,34.0636747947653,1.2595785175076901,follow,-41.174487807852046,102.27,23.383082830576132
101.1,34.18963264651607,-0.7678992042153232,follow,-37.325551030225895,98.61,20.41770196976242
101.2,34.112842726094534,-3.2088015174987006,follow,-31.35073591085819,92.52,17.816830757280233
101.3,33.791962574344666,1.8844527594441318,follow,-40.792056138483005,101.48,24.79983581380926
101.4,33.980407850289076,-0.6870286324469128,follow,-36.399388224566394,97.37,20.671246120232336
101.5,33.91170498704439,2.185378543311778,follow,-37.812442519433425,98.68,26.7301965748363
101.6,34.13024284137556,-0.4523794990414858,follow,-38.744635737936655,99.94,20.690471117501616
101.7,34.085004891471414,-0.5037470905034123,follow,-38.382492662792885,99.51,20.7096563370048
101.8,34.034630182421076,-1.1439236925309564,follow,-39.99805472636838,101.05,19.230658769870107
101.9,33.92023781316798,-1.1473592127923173,follow,-36.75964328024803,97.64,19.84456924799186
102.0,33.805501891888746,0.537349655490317,follow,-39.74174716216689,100.45,22.14749379327654
102.1,33.85923685743778,-4.743185575240371,follow,-37.36114471384334,98.15,15.337766390990998
102.2,33.38491829991374,-1.8824544772585101,follow,-41.03262255012939,101.11,17.880010751268024
102.3,33.196672852187895,2.944212385574885,follow,-40.944990721718156,100.74,27.178012200493313
102.4,33.491094090745385,-0.4352836352172771,follow,-35.893358863881915,96.13,21.168907333567493
102.5,33.447565727223655,0.26985725380132997,follow,-41.948651409164526,102.12,21.022875599537542
102.6,33.47455145260379,-0.7110706142849532,follow,-37.098172821094316,97.31,20.46670458192412
102.7,33.4034443911753,1.1457318541484378,follow,-41.18483341323706,101.29,22.744193281207394
102.8,33.51801757659014,-1.5598871279513802,follow,-39.702973635114795,99.98,18.59049335115617
102.9,33.362028863795004,-0.6877450311644497,follow,-44.28695670430749,104.33,19.03127520707292
103.0,33.29325436067856,-0.06706550724490978,follow,-38.28011845898216,98.22,21.24477528975589
103.1,33.28654780995407,-2.719483817341876,follow,-37.90017828506889,97.83,17.234066068896812
103.2,33.01459942821988,1.1321731149596947,follow,-39.28810085767018,98.81,23.16981973644475
103.3,33.127816739715854,-4.0566992568540154,follow,-38.26827489042621,97.96,15.729428802118129
103.4,32.72214681403045,3.0,follow,-42.146779778954325,101.23,28.49825902469926
103.5,33.02214681403045,-0.3010544728620068,follow,-34.52677977895433,94.06,21.51345871967439
103.6,32.992041366744246,-0.40302251068316197,follow,-36.241937949883635,95.73,20.93813076502618
103.7,32.95173911567593,1.0683771837232476,follow,-36.242391326486114,95.67,24.087684818573106
103.8,33.05857683404825,3.0,follow,-42.07213474892762,101.66,28.567600122420604
103.9,33.35857683404825,1.726627106371667,follow,-43.86213474892763,103.9,23.303400135792206
104.0,33.53123954468542,-6.163331905344251,follow,-38.22314068297187,98.52,13.912818423709558
104.1,32.91490635415099,-3.391572554948425,follow,-38.9476404687735,98.32,16.291884949030315
104.2,32.57574909865615,-1.0106184909937117,follow,-40.166376352015774,99.03,19.059811803771172
104.3,32.47468724955678,1.2957984581236175,follow,-43.53796912566483,102.25,22.205634054699807
104.4,32.60426709536914,0.3500636001269788,follow,-37.153599356946295,96.06,21.960250232934996
104.5,32.63927345538183,-1.6108991892230216,follow,-40.55108981692726,99.51,18.128082123953522
104.6,32.47818353645953,1.1551569048496952,follow,-42.9727246953107,101.69,22.019479996232295
104.7,32.5936992269445,-1.6486824766999257,follow,-41.389451159583245,100.28,17.991641801413355
104.8,32.42883097927451,-1.251753572977904,follow,-40.70675353108823,99.35,18.608942741525155
104.9,32.303655621976716,-2.055546613891198,follow,-43.294516567034925,101.75,17.20593935532363
105.0,32.098100960587594,-3.2693312652792397,follow,-32.62284855911861,90.77,16.940703556665664
105.1,31.77116783405967,-0.843474804659033,follow,-43.12324824891049,100.78,18.555861847611013
105.2,31.686820353593767,-0.961487872240423,follow,-39.299769469609345,96.83,19.035466808178313
105.3,31.590671566369725,2.439221444847461,follow,-35.953992650445414,93.34,27.609898852206918
105.4,31.83459371085447,-0.6695185016787493,follow,-42.518109433718294,100.27,18.866917295147058
105.5,31.767641860686595,3.0,follow,-45.1685372089701,102.82,43.42717608911639
105.6,32.06764186068659,0.842175252252924,follow,-40.238537208970115,98.34,22.011612180768452
105.7,32.151859385911884,0.6397987878940157,follow,-43.33221092113217,101.56,20.932181236516257
105.8,32.21583926470129,-1.3150902316494588,follow,-45.196241102948065,103.52,17.79966661532503
105.9,32.08433024153634,1.876263486043051,follow,-44.493504637695494,102.62,22.98665072875179
106.0,32.27195659014065,-1.1555019889992273,follow,-45.18206511478903,103.59,18.040888741282288
106.1,32.15640639124072,-0.10542438633566742,follow,-42.68539041313892,100.92,19.763409385730288
106.2,32.14586395260716,3.0,follow,-40.72120407108926,98.94,31.153727450691733
106.3,32.445863952607155,-3.4284921030577173,follow,-35.301204071089266,93.97,16.556069839700044
106.4,32.10301474230138,0.9135744465214253,follow,-39.82547788654793,97.98,22.354476487239413
106.5,32.19437218695352,-3.5432613234143293,follow,-37.90844171956972,96.2,16.021658385705376
106.6,31.84004605461209,0.8984012401077954,follow,-47.36993091808186,105.13,20.33444168378651
106.7,31.92988617862287,2.3775820256118454,follow,-40.275170732065696,98.17,25.433392451749736
106.8,32.167644381184054,-3.031380832695563,follow,-40.79853342822392,99.05,16.324292225687618
106.9,31.8645062979145,2.864011475594916,follow,-42.513240553128256,100.31,25.889750148036427
107.0,32.15090744547399,-0.6783812639631777,follow,-40.58363883178902,98.81,19.409113416085734
107.1,32.08306931907767,-1.822215858530995,follow,-45.56539602138349,103.69,17.045671282227257
107.2,31.900847733224573,-0.7889746369338948,follow,-38.978728400163135,96.83,19.3627171162765
107.3,31.821950269531182,0.5707958831121085,follow,-41.50707459570322,99.24,21.10613560570366
107.4,31.879029857842394,-1.1373343137781922,follow,-38.641455213236405,96.46,18.954496769428726
107.5,31.765296426464573,-5.616166587846345,follow,-37.092055360303135,94.74,14.024551110569517
107.6,31.20367976767994,-1.9504062130903834,follow,-40.034480348480095,96.84,17.374518098715583
107.7,31.008639146370903,-0.16109070434352746,follow,-42.01704128044365,98.53,19.516150222545814
107.8,30.99253007593655,-0.22491517963482588,follow,-40.881204886095176,97.37,19.660657988348873
107.9,30.970038557973066,0.8716798851858294,follow,-40.1249421630404,96.58,21.80116464814462
108.0,31.05720654649165,-0.8306597014445707,follow,-37.88419018026252,94.47,19.212127679973683
108.1,30.974140576347192,-2.7117837939077916,follow,-41.90878913547922,98.37,16.22158964844683
108.2,30.702962196956413,0.21670508642484942,follow,-38.11555670456538,94.17,20.912900415564273
108.3,30.7246327055989,2.1147101007330202,follow,-44.77305094160165,100.86,22.8986176013707
108.4,30.936103715672203,0.7632265947161123,follow,-42.44584442649169,98.85,21.00463695069258
108.5,31.012426375143814,0.35434166960979785,follow,-37.77136043728429,94.29,21.2727729734576
108.6,31.047860542104793,0.48096466214457223,follow,-41.118209186842805,97.69,20.750402253063488
108.7,31.09595700831925,-0.8603863417304904,follow,-39.72606448752113,96.37,18.911070058611973
108.8,31.0099183741462,-0.9636960387086542,follow,-43.0151224387807,99.53,18.2292102518042
108.9,30.913548770275334,-3.118027005923282,follow,-46.169676844587,102.54,15.457789420268929
109.0,30.601746069683006,-0.6498394799293978,follow,-37.12738089547549,93.03,19.496008094617675
109.1,30.536762121690067,0.4390045749830238,follow,-43.10485681746489,98.91,20.076065691206963
109.2,30.58066257918837,0.09154108758261725,follow,-42.22900613121744,98.1,19.73579949094395
109.3,30.589816687946634,-2.410460252795497,follow,-44.66527496808005,100.55,16.19210438130474
109.4,30.348770662667086,-1.821874062757949,follow,-43.666844005999366,99.19,16.90132494543972
109.5,30.16658325639129,1.8932998883837495,follow,-41.08012511541306,96.33,23.400474131171954
109.6,30.355913245229665,-0.4468715692622618,follow,-42.0761301321555,97.61,18.822142867466585
109.7,30.31122608830344,0.52903406201032,follow,-40.72316086754484,96.19,20.680568558447746
109.8,30.36412949450447,0.39835154682887985,follow,-46.17380575824329,101.72,19.39692757522414
109.9,30.40396464918736,-0.6402660143110663,follow,-42.984053026218966,98.59,18.483437083712285
110.0,30.339938047756252,2.503795023762126,follow,-48.640092928365625,104.15,22.446420389247244
110.1,30.590317550132465,-2.5350632961404305,follow,-42.45452367480131,98.34,16.30759892534014
110.2,30.33681122051842,-1.2773304935030498,follow,-40.92478316922238,96.43,17.967839008632968
110.3,30.209078171168116,-2.580145211134423,follow,-38.72638274324783,94.04,16.500914213767498
110.4,29.951063650054675,-2.1549697208846323,follow,-38.253404524918,93.18,17.03142313086941
110.5,29.73556667796621,-1.2988712048136397,follow,-39.21664998305067,93.82,17.98845759107133
110.6,29.605679557484848,1.2805349301144915,follow,-44.881480663772734,99.29,20.92218802329386
110.7,29.733733050496298,-0.32259718438151275,follow,-45.38940042425555,99.99,18.4017137151902
110.8,29.701473332058146,1.3811850861319985,follow,-39.26779000191277,93.82,22.490854557066182
110.9,29.839591840671346,-1.3024665086668212,follow,-46.360612238992985,101.12,16.996123886809304
111.0,29.709345189804665,-0.788852022879226,follow,-42.485982215293,97.05,18.142407445488452
111.1,29.630459987516744,-0.6882446471563337,follow,-44.45431001872489,98.9,17.980314414513124
111.2,29.56163552280111,3.0,follow,-48.88754671579834,103.23,25.168009060322753
111.3,29.861635522801112,0.08581158733009153,follow,-46.31754671579833,101.11,18.822944998932986
111.4,29.87021668153412,0.5858079526611613,follow,-42.86467497769882,97.67,20.262574579720923
111.5,29.928797476800238,-4.7633599521413945,follow,-40.92680378479964,95.82,14.177078145765554
111.6,29.4524614815861,-1.200571350345501,follow,-37.911307777620856,92.09,18.190755689690242
111.7,29.33240434655155,1.183615790030426,follow,-42.321393480172674,96.32,21.204629234102224
111.8,29.45076592555459,-0.37171434680945814,follow,-43.643851111668106,97.82,18.48881643535312
111.9,29.413594490873646,0.7890818991412765,follow,-41.38960826368954,95.51,20.791996374463427
112.0,29.492502680787773,-1.7933400825222392,follow,-43.80124597881834,98.04,16.72323329101248
112.1,29.31316867253555,2.1890074042490504,follow,-44.68024699119668,98.65,22.661653480690944
112.2,29.532069412960453,2.899091567288571,follow,-43.461895880559325,97.76,24.550049198494698
112.3,29.82197856968931,-3.1719984537080066,follow,-41.75703214546603,96.49,15.483044256490505
112.4,29.50477872431851,-1.943643014338696,follow,-44.652831913522235,98.91,16.417200452650345
112.5,29.31041442288464,2.0767948802746004,follow,-45.73437836567304,99.7,22.055499932764526
112.6,29.5180939109121,0.40521996724616316,follow,-40.90285913363186,95.18,20.259279998411426
112.7,29.558615907636717,-1.723414826729799,follow,-48.21207613854492,102.55,16.333217624487563
112.8,29.386274424963737,-2.3027992415424174,follow,-44.02058836255439,98.1,16.118234760764093
112.9,29.155994500809495,-1.341332443101397,follow,-44.70600824878576,98.44,16.954890326932816
113.0,29.021861256499356,-2.458876257627066,follow,-46.93720811525097,100.47,15.524127606892558
113.1,28.77597363073665,-1.4915706011473189,follow,-45.89603955389502,99.06,16.57637836460617
113.2,28.62681657062192,-0.7898061599047681,follow,-48.239775144067124,101.18,17.071559207944723
113.3,28.54783595463144,-0.7904637954345111,follow,-46.38824606805283,99.21,17.290490837389672
113.4,28.46878957508799,-0.06774973324262357,follow,-43.84681563736801,96.55,18.60742252172806
113.5,28.462014601763727,0.9858835586928356,follow,-46.72697809735441,99.42,19.679278037971454
113.6,28.56060295763301,1.7507975402012212,follow,-42.13909556355049,94.98,22.188462919840603
113.7,28.73568271165313,-2.3918760005046478,follow,-45.5564759325203,98.66,15.720998739595482
113.8,28.496495111602666,1.581778864305629,follow,-45.495257332596,98.24,20.829026146624805
113.9,28.654672998033227,-1.2179404927348008,follow,-44.737990502950154,97.72,16.980982244064556
114.0,28.53287894875975,-0.6487085249080484,follow,-45.15068157686038,97.95,17.607789222492084
114.1,28.468008096268942,-0.6796165697101573,follow,-40.067987855596584,92.77,18.341212238950767
114.2,28.400046439297927,-2.7153572736236433,follow,-44.09993034105311,96.7,15.422533299582343
114.3,28.12851071193556,0.9767048750462477,follow,-46.387233932096656,98.58,19.643277788676716
114.4,28.226181199440187,0.2378309484589971,follow,-46.44072820083972,98.78,18.58100698493909
114.5,28.249964294286087,-0.27244994230415975,follow,-42.895053558570865,95.27,18.463306055334087
114.6,28.222719300055672,1.0201167959147055,follow,-49.69592104991649,102.03,19.168773374717095
114.7,28.324730979647143,2.7908390241502894,follow,-43.25290353052928,95.74,23.906724443307215
114.8,28.60381488206217,-2.041835097238577,follow,-48.24427767690675,101.15,15.721621130569329
114.9,28.399631372338312,-1.817202090628158,follow,-46.94055294149254,99.54,16.029937049631503
115.0,28.217911163275495,-2.3771614416301277,follow,-44.04313325508676,96.37,15.70078116747655
115.1,27.980195019112482,0.08883725939471776,follow,-51.52970747133128,103.5,17.541793053404636
115.2,27.989078745051955,-2.4157922240718195,follow,-42.76638188242207,94.75,15.741611634154177
115.3,27.747499522644773,2.7804952083116627,follow,-49.34875071603284,100.97,21.961938114985518
115.4,28.02554904347594,2.2876762043523806,follow,-49.17167643478608,101.21,21.1933746420774
115.5,28.25431666391118,-3.0683239921083585,follow,-43.88852500413323,96.27,15.07913925137648
115.6,27.947484264700343,-1.2163829953634206,follow,-50.42877360294948,102.35,16.252521752806658
115.7,27.825845965164,-0.063233258479646,follow,-45.761231052254004,97.5,18.170480597651682
115.8,27.819522639316034,-1.4781220307571397,follow,-47.36071604102595,99.09,16.272211447288363
115.9,27.67171043624032,0.7692984004784216,follow,-47.492434345639516,99.0,19.032201275616362
116.0,27.748640276288164,-0.5019608104879891,follow,-46.207039585567756,97.83,17.411685957697458
116.1,27.698444195239365,-2.6190726426211484,follow,-49.06233370714095,100.61,14.908621467296788
116.2,27.43653693097725,3.0,follow,-49.40519460353413,100.56,22.264846172361906
116.3,27.736536930977252,0.5581726823160529,follow,-41.455194603534125,93.06,19.772499688146993
116.4,27.79235419920886,-1.4321509912613526,follow,-50.36146870118671,102.05,15.964384453638388
116.5,27.649139100082724,-2.9763559942821547,follow,-41.82629134987591,93.3,15.172855660192308
116.6,27.35150350065451,0.8377546231743147,follow,-50.21274474901823,101.24,18.537020069266156
116.7,27.43527896297194,0.6131622645894363,follow,-50.357081555542095,101.51,18.23987632522777
116.8,27.49659518943088,-0.8093796469265879,follow,-43.73510721585368,94.98,17.374617418834017
116.9,27.415657224738222,1.9617588023399426,follow,-45.84651416289267,96.97,21.239001358793406
117.0,27.611833104972217,-2.77780624385508,follow,-43.50225034254168,94.92,15.255954057035716
117.1,27.33405248058671,-2.356109106188506,follow,-46.53892127911994,97.54,15.2548012854361
117.2,27.09844156996786,-2.8348788854086346,follow,-46.612337645048214,97.26,14.762216370460196
117.3,26.814953681426996,-0.29855685525817344,follow,-50.2375694778595,100.46,16.926838083738076
117.4,26.78509799590118,1.176806962398016,follow,-51.84235300614823,102.02,18.531913523784503
117.5,26.90277869214098,3.0,follow,-51.905831961788536,102.26,22.660096356616414
117.6,27.20277869214098,-2.4439808926828466,follow,-45.68583196178852,96.49,15.23659750177986
117.7,26.958380602872698,-0.44270516311584673,follow,-47.08242909569095,97.52,17.204208191414935
117.8,26.914110086561113,-1.916972595973894,follow,-42.808834870158336,93.18,15.999010769904384
117.9,26.722412826963723,1.0438874536672929,follow,-45.67638075955442,95.76,19.45387422108344
118.0,26.826801572330453,3.0,follow,-50.72979764150432,100.97,23.83165656362364
118.1,27.126801572330454,-1.2862576612911163,follow,-52.18979764150431,102.88,15.811147590159703
118.2,26.998175806201342,-3.102037227675543,follow,-43.992736290697984,94.49,14.745225920387485
118.3,26.687972083433788,0.5268298440857246,follow,-46.338041874849324,96.37,18.57565893766628
118.4,26.74065506784236,0.11079991776983333,follow,-47.91901739823646,98.03,17.789173663228866
118.5,26.751735059619346,1.9737663346002512,follow,-48.792397410570985,98.92,20.38858239051515
118.6,26.94911169307937,-1.403098821676557,follow,-45.296332460380945,95.72,16.253724668269747
118.7,26.808801810911714,-1.676146860401971,follow,-49.126797283632435,99.34,15.573457671951319
118.8,26.641187124871518,-0.5149099386407547,follow,-46.73821931269273,96.7,17.051103740857563
118.9,26.589696131007443,0.6106968824768502,follow,-48.15545580348884,98.04,18.292081790385343
119.0,26.650765819255128,0.26852418322371485,follow,-49.713851271117306,99.69,17.641856553372605
119.1,26.677618237577498,-0.815685527109302,follow,-48.07357264363375,98.09,16.575925661631604
119.2,26.596049684866568,-0.1900720249635477,follow,-46.895925472700156,96.79,17.452061467121293
119.3,26.577042482370214,0.12048157018731609,follow,-47.874436276444676,97.74,17.71601366353975
119.4,26.589090639388946,0.294660275086122,follow,-47.91636404091658,97.8,17.94794883627907
119.5,26.618556666897558,-1.2576082336682615,follow,-47.03216499965366,96.96,16.21796119067569
119.6,26.492795843530732,-2.1697364438258084,follow,-47.550806234703906,97.29,15.218693413845497
119.7,26.275822199148152,0.17165511019027613,follow,-53.32626670127777,102.74,17.02170750067818
119.8,26.29298771016718,0.8337980543995382,follow,-50.25051843474923,99.69,18.248256318509867
119.9,26.376367515607132,-3.219419419716318,follow,-47.5954487265893,97.16,14.253926270486012
120.0,26.054425573635502,-8.0,emergency,23.561638360453255,25.52,1.2155607644749113
120.1,25.2544255736355,-8.0,emergency,24.62163836045325,23.26,1.11803134951615
120.2,24.4544255736355,-8.0,emergency,23.91163836045325,22.77,1.1132065243303206
120.3,23.6544255736355,-8.0,emergency,24.751638360453246,20.73,1.0352356887227503
120.4,22.8544255736355,-8.0,emergency,25.34163836045325,18.94,0.9549053956559047
120.5,22.0544255736355,-8.0,emergency,25.34163836045325,17.74,0.9072115124628451
120.6,21.254425573635498,-8.0,emergency,26.631638360453245,15.25,0.7887485429510231
120.7,20.454425573635497,-8.0,emergency,26.67163836045325,14.01,0.7403130914323754
120.8,19.654425573635496,-8.0,emergency,26.951638360453245,12.53,0.6724113899023425
120.9,18.854425573635496,-8.0,emergency,26.731638360453243,11.55,0.6303062518160304
121.0,18.054425573635495,-8.0,emergency,26.56163836045324,10.52,0.5826826202303628
121.1,17.254425573635494,-8.0,emergency,26.811638360453237,9.07,0.5256622401767362
121.2,16.454425573635493,-8.0,emergency,27.551638360453243,7.13,0.43331807410063694
121.3,15.654425573635493,-8.0,emergency,27.90163836045324,5.58,0.35644872267926553
121.4,14.854425573635492,-8.0,emergency,28.311638360453237,3.97,0.2672604188105523
121.5,14.054425573635491,-8.0,emergency,28.131638360453238,2.95,0.21764109323363734
121.6,13.25442557363549,-8.0,emergency,27.93163836045324,1.95,0.15938631431966385
121.7,12.45442557363549,-8.0,emergency,26.721638360453234,1.96,0.18765991352818498
121.8,11.65442557363549,-8.0,emergency,24.99163836045323,2.49,0.28639039795228605
121.9,10.854425573635488,-8.0,emergency,23.131638360453234,3.15,0.4609019391697605
122.0,10.054425573635488,-8.0,emergency,21.321638360453235,3.76,0.7682208960850828
122.1,9.254425573635487,-8.0,emergency,18.77163836045323,5.11,1.4878761791279251
122.2,8.454425573635486,-5.890079613268738,follow,16.87163836045323,5.81,4.07883718709953
122.3,7.865417612308613,-1.8657779772909022,follow,14.548126418462921,7.25,204.70041675387066
122.4,7.678839814579522,2.8156566717364946,follow,12.488259721869285,9.03,
122.5,7.960405481753171,2.704214162166992,follow,12.220608222629755,9.72,
122.6,8.230826897969871,3.0,follow,11.716240346954807,10.63,
122.7,8.530826897969872,3.0,follow,9.906240346954807,12.89,
122.8,8.830826897969873,3.0,follow,8.26624034695481,14.98,
122.9,9.130826897969873,3.0,follow,6.756240346954808,16.94,
123.0,9.430826897969874,3.0,follow,7.296240346954811,16.85,
123.1,9.730826897969875,3.0,follow,5.31624034695481,19.28,
123.2,10.030826897969876,3.0,follow,4.836240346954813,20.21,
123.3,10.330826897969876,3.0,follow,3.566240346954814,21.93,
123.4,10.630826897969877,3.0,follow,0.586240346954817,25.36,
123.5,10.930826897969878,3.0,follow,2.5262403469548147,23.87,
123.6,11.230826897969878,3.0,follow,0.14624034695481924,26.7,
123.7,11.53082689796988,3.0,follow,-1.0937596530451827,28.39,
123.8,11.83082689796988,3.0,follow,-2.71375965304518,30.46,
123.9,12.13082689796988,3.0,follow,-2.89375965304518,31.09,
124.0,12.430826897969881,3.0,follow,-4.153759653045174,32.8,
124.1,12.730826897969882,3.0,follow,-4.503759653045179,33.6,
124.2,13.030826897969883,3.0,follow,-6.243759653045174,35.79,
124.3,13.330826897969883,3.0,follow,-6.623759653045173,36.62,
124.4,13.630826897969884,3.0,follow,-8.773759653045172,39.22,
124.5,13.930826897969885,3.0,follow,-8.663759653045176,39.56,
124.6,14.230826897969886,3.0,follow,-10.62375965304517,41.97,
124.7,14.530826897969886,3.0,follow,-11.163759653045172,42.96,
124.8,14.830826897969887,3.0,follow,-13.753759653045165,46.0,
124.9,15.130826897969888,3.0,follow,-13.233759653045169,45.93,
125.0,15.430826897969888,3.0,follow,-11.823759653045165,44.97,
125.1,15.730826897969889,3.0,follow,-17.26375965304517,50.86,
125.2,16.030826897969888,3.0,follow,-15.08375965304517,49.13,
125.3,16.33082689796989,3.0,follow,-16.483759653045162,50.98,
125.4,16.63082689796989,3.0,follow,-17.59375965304516,52.54,
125.5,16.93082689796989,3.0,follow,-21.87375965304517,57.27,
125.6,17.23082689796989,3.0,follow,-17.033759653045166,52.88,
125.7,17.53082689796989,3.0,follow,-27.16375965304516,63.46,
125.8,17.830826897969892,3.0,follow,-24.643759653045166,61.39,
125.9,18.130826897969893,3.0,follow,-24.21375965304516,61.41,
126.0,18.430826897969894,3.0,follow,-24.753759653045158,62.4,
126.1,18.730826897969894,3.0,follow,-26.453759653045154,64.55,
126.2,19.030826897969895,3.0,follow,-27.97375965304515,66.52,
126.3,19.330826897969896,3.0,follow,-29.303759653045155,68.3,
126.4,19.630826897969897,3.0,follow,-30.193759653045156,69.64,
126.5,19.930826897969897,3.0,follow,-30.29375965304515,70.19,
126.6,20.230826897969898,3.0,follow,-31.22375965304515,71.57,
126.7,20.5308268979699,3.0,follow,-32.86375965304515,73.66,
126.8,20.8308268979699,3.0,follow,-34.31375965304515,75.56,
126.9,21.1308268979699,3.0,follow,-38.953759653045154,80.65,
127.0,21.4308268979699,3.0,follow,-39.27375965304515,81.42,
127.1,21.7308268979699,3.0,follow,-32.173759653045146,74.77,
127.2,22.030826897969902,3.0,follow,-42.60375965304515,85.65,
127.3,22.330826897969903,3.0,follow,-43.003759653045144,86.5,
127.4,22.630826897969904,3.0,follow,-44.00375965304515,87.95,
127.5,22.930826897969904,3.0,follow,-44.55375965304515,88.95,
127.6,23.230826897969905,3.0,follow,-50.25375965304514,95.1,
127.7,23.530826897969906,3.0,follow,-51.37375965304514,96.67,
127.8,23.830826897969906,3.0,follow,-48.02375965304513,93.77,
127.9,24.130826897969907,3.0,follow,-53.003759653045144,99.2,
128.0,24.430826897969908,3.0,follow,-50.44375965304514,97.09,
128.1,24.73082689796991,3.0,follow,-50.683759653045136,97.78,
128.2,25.03082689796991,3.0,follow,-54.493759653045146,102.04,
128.3,25.33082689796991,3.0,follow,-60.74375965304513,108.74,
128.4,25.63082689796991,3.0,follow,-62.64375965304514,111.09,
128.5,25.93082689796991,3.0,follow,-62.79375965304513,111.69,
128.6,26.230826897969912,3.0,follow,-65.09375965304513,114.44,
128.7,26.530826897969913,3.0,follow,-65.97375965304514,115.77,
128.8,26.830826897969914,3.0,follow,-63.523759653045126,113.77,
128.9,27.130826897969914,3.0,follow,-68.83375965304512,119.53,
129.0,27.430826897969915,3.0,follow,-71.73375965304513,122.88,
129.1,27.730826897969916,3.0,follow,-73.16375965304513,124.76,
129.2,28.030826897969916,3.0,follow,-76.37375965304511,128.42,
129.3,28.330826897969917,3.0,follow,-76.18375965304513,128.68,
129.4,28.630826897969918,3.0,follow,-76.40375965304511,129.35,
129.5,28.93082689796992,3.0,follow,-80.77375965304512,134.17,
129.6,29.23082689796992,3.0,follow,-78.0437596530451,131.89,
129.7,29.53082689796992,3.0,follow,-76.15375965304511,130.45,
129.8,29.83082689796992,3.0,follow,-80.58375965304513,135.33,397.0637317831141
129.9,30.13082689796992,3.0,follow,-79.72375965304511,134.92,
130.0,30.430826897969922,-0.34925557867728896,cruise,,,
130.1,30.395901340102192,-0.32098978731714933,cruise,,,
130.2,30.363802361370478,-0.2950111253495707,cruise,,,
130.3,30.334301248835523,-0.27113453405879506,cruise,,,
130.4,30.307187795429645,-0.24918992835694193,cruise,,,
130.5,30.28226880259395,-0.22902098522556885,cruise,,,
130.6,30.259366704071393,-0.21048403018783832,cruise,,,
130.7,30.238318301052608,-0.1934470138793527,cruise,,,
130.8,30.218973599664672,-0.17778857142752733,cruise,,,
130.9,30.20119474252192,-0.16339715793922652,cruise,,,
131.0,30.184855026728,-0.15017025393852046,cruise,,,
131.1,30.169838001334146,-0.13801363509472628,cruise,,,
131.2,30.156036637824673,-0.12684070103879863,cruise,,,
131.3,30.143352567720793,-0.11657185848707283,cruise,,,
131.4,30.131695381872085,-0.1071339542782119,cruise,,,
131.5,30.120981986444264,-0.09845975428472697,cruise,,,
131.6,30.11113601101579,-0.09048746448722803,cruise,,,
131.7,30.102087264567068,-0.08316029079991366,cruise,,,
131.8,30.093771235487075,-0.0764260345118171,cruise,,,
131.9,30.086128632035894,-0.07023672046204121,cruise,,,
132.0,30.07910495998969,-0.0645482553003737,cruise,,,
132.1,30.07265013445965,-0.05932011339901604,cruise,,,
132.2,30.06671812311975,-0.05451504817806307,cruise,,,
132.3,30.061266618301943,-0.05009882678845312,cruise,,,
132.4,30.056256735623098,-0.046039986262477454,cruise,,,
132.5,30.05165273699685,-0.04230960939482921,cruise,,,
132.6,30.047421776057366,-0.03888111875775239,cruise,,,
132.7,30.04353366418159,-0.035730087383008244,cruise,,,
132.8,30.03996065544329,-0.032834064762084454,cruise,,,
132.9,30.036677248967084,-0.03017241692523477,cruise,,,
133.0,30.033660007274563,-0.02772617946016163,cruise,,,
133.1,30.030887389328548,-0.025477922423376896,cruise,,,
133.2,30.02833959708621,-0.02341162618196134,cruise,,,
133.3,30.02599843446801,-0.021512567301327678,cruise,,,
133.4,30.023847177737878,-0.019767213666110454,cruise,,,
133.5,30.021870456371268,-0.018163128087131615,cruise,,,
133.6,30.020054143562554,-0.016688879707789567,cruise,,,
133.7,30.018385255591774,-0.015333962578821744,cruise,,,
133.8,30.01685185933389,-0.014088720821397602,cruise,,,
133.9,30.01544298725175,-0.012944279845484474,cruise,,,
134.0,30.014148559267202,-0.011892483133529752,cruise,,,
134.1,30.01295931095385,-0.01092583413914356,cruise,,,
134.2,30.011866727539935,-0.010037442886940098,cruise,,,
134.3,30.01086298325124,-0.009220976893124132,cruise,,,
134.4,30.009940885561928,-0.008470616057238901,cruise,,,
134.5,30.009093823956203,-0.007781011203735816,cruise,,,
134.6,30.008315722835828,-0.007147245978085224,cruise,,,
134.7,30.00760099823802,-0.006564801825960701,cruise,,,
134.8,30.006944518055423,-0.006029525806068379,cruise,,,
134.9,30.006341565474816,-0.005537601007320561,cruise,,,
135.0,30.005787805374084,-0.0050855193596538876,cruise,,,
135.1,30.00527925343812,-0.004670056644790038,cruise,,,
135.2,30.00481224777364,-0.004288249528947959,cruise,,,
135.3,30.004383422820744,-0.0039373744539086325,cruise,,,
135.4,30.003989685375352,-0.003614928236058092,cruise,,,
135.5,30.003628192551744,-0.003318610235225265,cruise,,,
135.6,30.003296331528222,-0.003046305966281339,cruise,,,
135.7,30.002991700931595,-0.002796072036769602,cruise,,,
135.8,30.00271209372792,-0.002566122303284019,cruise,,,
135.9,30.00245548149759,-0.002354815147970329,cruise,,,
136.0,30.002219999982795,-0.002160641784516273,cruise,,,
136.1,30.002003935804343,-0.0019822155103435225,cruise,,,
136.2,30.001805714253308,-0.0018182618284388928,cruise,,,
136.3,30.001623888070466,-0.0016676093684443037,cruise,,,
136.4,30.00145712713362,-0.0015291815423517795,cruise,,,
136.5,30.001304208979384,-0.0014019888753751394,cruise,,,
136.6,30.00116401009185,-0.0012851219573277043,cruise,,,
136.7,30.001035497896115,-0.0011777449643368674,cruise,,,
136.8,30.00091772339968,-0.001079089704743297,cruise,,,
136.9,30.000809814429207,-0.000988450146750481,cruise,,,
137.0,30.00071096941453,-0.0009051773888579794,cruise,,,
137.1,30.000620451675644,-0.0008286750372652142,cruise,,,
137.2,30.00053758417192,-0.000758394957288275,cruise,,,
137.3,30.00046174467619,-0.0006938333685419172,cruise,,,
137.4,30.000392361339337,-0.0006345272560882909,cruise,,,
137.5,30.000328908613728,-0.0005800510719500811,cruise,,,
137.6,30.000270903506532,-0.0005300137035262372,cruise,,,
137.7,30.00021790213618,-0.00048405568729714384,cruise,,,
137.8,30.000169496567448,-0.000441846647979546,cruise,,,
137.9,30.00012531190265,-0.0004030829448824993,cruise,,,
138.0,30.000085003608163,-0.000367485508709422,cruise,,,
138.1,30.00004825505729,-0.000334797853382455,cruise,,,
138.2,30.000014775271953,-0.00030478424875481433,cruise,,,
138.3,29.999984296847078,-0.0002772280411435167,cruise,,,
138.4,29.999956574042965,-0.00025193010978573273,cruise,,,
138.5,29.99993138103199,-0.00022870744816241075,cruise,,,
138.6,29.99990851028717,-0.00020739186012357937,cruise,,,
138.7,29.999887771101157,-0.00018782876152116087,cruise,,,
138.8,29.999868988225007,-0.00016987607878583377,cruise,,,
138.9,29.99985200061713,-0.00015340323663211606,cruise,,,
139.0,29.999836660293465,-0.0001382902276824187,cruise,,,
139.1,29.999822831270695,-0.0001244267573553519,cruise,,,
139.2,29.99981038859496,-0.00011171145795265186,cruise,,,
139.3,29.999799217449162,-0.00010005116632878284,cruise,,,
139.4,29.99978921233253,-8.936026002015794e-05,cruise,,,
139.5,29.999780276306527,-7.95600470699331e-05,cruise,,,
139.6,29.99977232030182,-7.057820524694632e-05,cruise,,,
139.7,29.999765262481294,-6.234826662448298e-05,cruise,,,
139.8,29.99975902765463,-5.480914386406295e-05,cruise,,,
139.9,29.999753546740244,-4.7904694839104854e-05,cruise,,,
140.0,29.999748756270762,-4.158332247101312e-05,cruise,,,
140.1,29.999744597938516,-3.579760695805628e-05,cruise,,,
140.2,29.999741018177822,-3.050396775594819e-05,cruise,,,
140.3,29.999737967781048,-2.5662352907474862e-05,cruise,,,
140.4,29.999735401545756,-2.123595351088213e-05,cruise,,,
140.5,29.999733277950405,-1.719094129811125e-05,cruise,,,
140.6,29.999731558856276,-1.3496227431972256e-05,cruise,,,
140.7,29.999730209233533,-1.0123240832030355e-05,cruise,,,
140.8,29.99972919690945,-7.045724431919059e-06,cruise,,,
140.9,29.999728492337006,-4.2395479292171466e-06,cruise,,,
141.0,29.999728068382215,-1.6825356747891145e-06,cruise,,,
141.1,29.999727900128647,6.456915068038765e-07,cruise,,,
141.2,29.999727964697797,2.7638616894019614e-06,cruise,,,
141.3,29.999728241083965,4.689185467128304e-06,cruise,,,
141.4,29.99972871000251,6.437478755045895e-06,cruise,,,
141.5,29.999729353750386,8.023275664853751e-06,cruise,,,
141.6,29.999730156077952,9.459932231691953e-06,cruise,,,
141.7,29.999731102071173,1.075972176292297e-05,cruise,,,
141.8,29.99973217804335,1.1933922458311067e-05,cruise,,,
141.9,29.999733371435596,1.2992897951022133e-05,cruise,,,
142.0,29.999734670725392,1.3946171331709946e-05,cruise,,,
142.1,29.999736065342525,1.4802493171913069e-05,cruise,,,
142.2,29.99973754559184,1.5569904051971684e-05,cruise,,,
142.3,29.999739102582247,1.625579202945416e-05,cruise,,,
142.4,29.99974072816145,1.6866945456143453e-05,cruise,,,
142.5,29.999742414855994,1.740960151695915e-05,cruise,,,
142.6,29.999744155816146,1.788949085175729e-05,cruise,,,
142.7,29.99974594476523,1.8311878553532328e-05,cruise,,,
142.8,29.999747775953086,1.868160185882983e-05,cruise,,,
142.9,29.999749644113272,1.900310478475785e-05,cruise,,,
143.0,29.999751544423752,1.928046996306379e-05,cruise,,,
143.1,29.999753472470747,1.9517447901634005e-05,cruise,,,
143.2,29.999755424215536,1.9717483867338627e-05,cruise,,,
143.3,29.999757395963922,1.9883742608655096e-05,cruise,,,
143.4,29.999759384338184,2.0019131067669602e-05,cruise,,,
143.5,29.99976138625129,2.012631926159213e-05,cruise,,,
143.6,29.999763398883218,2.020775946084494e-05,cruise,,,
143.7,29.999765419659163,2.026570383722469e-05,cruise,,,
143.8,29.999767446229548,2.030222065408746e-05,cruise,,,
143.9,29.999769476451615,2.0319209180953652e-05,cruise,,,
144.0,29.999771508372532,2.031841337472382e-05,cruise,,,
144.1,29.99977354021387,2.0301434460506113e-05,cruise,,,
144.2,29.999775570357315,2.02697425011702e-05,cruise,,,
144.3,29.999777597331565,2.0224687023044928e-05,cruise,,,
144.4,29.999779619800268,2.016750678843904e-05,cruise,,,
144.5,29.999781636550946,2.0099338771060614e-05,cruise,,,
144.6,29.999783646484822,2.0021226403883465e-05,cruise,,,
144.7,29.999785648607464,1.993412716646455e-05,cruise,,,
144.8,29.99978764202018,1.9838919560015206e-05,cruise,,,
144.9,29.999789625912136,1.9736409502882655e-05,cruise,,,
145.0,29.999791599553088,1.96273362213754e-05,cruise,,,
145.1,29.999793562286712,1.9512377666415596e-05,cruise,,,
145.2,29.99979551352448,1.9392155480360378e-05,cruise,,,
145.3,29.999797452740026,1.9267239567624938e-05,cruise,,,
145.4,29.999799379463983,1.9138152294217526e-05,cruise,,,
145.5,29.999801293279212,1.900537235445605e-05,cruise,,,
145.6,29.999803193816447,1.8869338311247423e-05,cruise,,,
145.7,29.999805080750278,1.873045186155713e-05,cruise,,,
145.8,29.999806953795463,1.8589080830792615e-05,cruise,,,
145.9,29.999808812703545,1.8445561928913384e-05,cruise,,,
146.0,29.999810657259737,1.83002032788119e-05,cruise,,,
146.1,29.999812487280064,1.8153286743753417e-05,cruise,,,
146.2,29.999814302608737,1.8005070068013594e-05,cruise,,,
146.3,29.999816103115744,1.7855788835319166e-05,cruise,,,
146.4,29.99981788869463,1.77056582820109e-05,cruise,,,
146.5,29.999819659260456,1.755487495380185e-05,cruise,,,
146.6,29.999821414747952,1.7403618223951317e-05,cruise,,,
146.7,29.999823155109773,1.725205170697509e-05,cruise,,,
146.8,29.999824880314943,1.7100324534580994e-05,cruise,,,
146.9,29.999826590347396,1.6948572547334522e-05,cruise,,,
147.0,29.99982828520465,1.679691938184593e-05,cruise,,,
147.1,29.999829964896588,1.6645477465359622e-05,cruise,,,
147.2,29.999831629444333,1.649434893941703e-05,cruise,,,
147.3,29.999833278879226,1.634362650220511e-05,cruise,,,
147.4,29.999834913241877,1.6193394181697766e-05,cruise,,,
147.5,29.999836532581295,1.6043728055037735e-05,cruise,,,
147.6,29.9998381369541,1.589469689748966e-05,cruise,,,
147.7,29.99983972642379,1.5746362786088654e-05,cruise,,,
147.8,29.99984130106007,1.559878165430405e-05,cruise,,,
147.9,29.999842860938234,1.5452003800461384e-05,cruise,,,
148.0,29.999844406138614,1.5306074349467154e-05,cruise,,,
148.1,29.99984593674605,1.5161033689963118e-05,cruise,,,
148.2,29.999847452849416,1.5016917864073205e-05,cruise,,,
148.3,29.999848954541203,1.4873758925417632e-05,cruise,,,
148.4,29.999850441917097,1.4731585284436617e-05,cruise,,,
148.5,29.999851915075624,1.4590422005397255e-05,cruise,,,
148.6,29.999853374117823,1.4450291083661554e-05,cruise,,,
148.7,29.999854819146933,1.4311211709468213e-05,cruise,,,
148.8,29.999856250268103,1.4173200511634709e-05,cruise,,,
148.9,29.999857667588152,1.403627176162499e-05,cruise,,,
149.0,29.99985907121533,1.3900437579550257e-05,cruise,,,
149.1,29.999860461259086,1.3765708125972615e-05,cruise,,,
149.2,29.999861837829897,1.3632091756789457e-05,cruise,,,
149.3,29.999863201039073,1.3499595186018473e-05,cruise,,,
149.4,29.99986455099859,1.3368223630734493e-05,cruise,,,
149.5,29.999865887820956,1.3237980934760539e-05,cruise,,,
149.6,29.99986721161905,1.310886969672193e-05,cruise,,,
149.7,29.99986852250602,1.2980891376684515e-05,cruise,,,
149.8,29.99986982059516,1.2854046390855807e-05,cruise,,,
149.9,29.999871105999798,1.272833421681635e-05,cruise,,,
150.0,29.99987237883322,1.2603753470656284e-05,cruise,,,
