INFO: Instrumenting IPython
INFO: Instrumenting IPython.core
INFO: Instrumenting IPython.core.getipython
INFO: Instrumenting IPython.core.release
INFO: Instrumenting IPython.core.application
INFO: Instrumenting traitlets
INFO: Instrumenting traitlets.traitlets
INFO: Instrumenting traitlets.utils
INFO: Instrumenting traitlets.utils.bunch
INFO: Instrumenting traitlets.utils.descriptions
INFO: Instrumenting traitlets.utils.getargspec
INFO: Instrumenting traitlets.utils.importstring
INFO: Instrumenting traitlets.utils.sentinel
INFO: Instrumenting traitlets.utils.warnings
INFO: Instrumenting traitlets._version
INFO: Instrumenting traitlets.utils.decorators
INFO: Instrumenting traitlets.config
INFO: Instrumenting traitlets.config.application
INFO: Instrumenting json
INFO: Instrumenting json.decoder
INFO: Instrumenting json.scanner
INFO: Instrumenting json.encoder
INFO: Instrumenting pprint
INFO: Instrumenting logging.config
INFO: Instrumenting logging.handlers
INFO: Instrumenting socket
INFO: Instrumenting selectors
INFO: Instrumenting pickle
INFO: Instrumenting struct
INFO: Instrumenting _compat_pickle
INFO: Instrumenting queue
INFO: Instrumenting heapq
INFO: Instrumenting socketserver
INFO: Instrumenting traitlets.config.configurable
INFO: Instrumenting traitlets.utils.text
INFO: Instrumenting traitlets.config.loader
INFO: Instrumenting argparse
INFO: Instrumenting gettext
INFO: Instrumenting traitlets.utils.nested_update
INFO: Instrumenting IPython.core.crashhandler
INFO: Instrumenting IPython.core.ultratb
INFO: Instrumenting stack_data
INFO: Instrumenting stack_data.core
INFO: Instrumenting html
INFO: Instrumenting html.entities
INFO: Instrumenting executing
INFO: Instrumenting executing.executing
INFO: Instrumenting executing._utils
INFO: Instrumenting executing._position_node_finder
INFO: Instrumenting executing._exceptions
INFO: Instrumenting executing._pytest_utils
INFO: Instrumenting executing.version
INFO: Instrumenting asttokens
INFO: Instrumenting asttokens.line_numbers
INFO: Instrumenting asttokens.asttokens
INFO: Instrumenting asttokens.util
INFO: Instrumenting pure_eval
INFO: Instrumenting pure_eval.core
INFO: Instrumenting pure_eval.my_getattr_static
INFO: Instrumenting pure_eval.utils
INFO: Instrumenting datetime
INFO: Instrumenting decimal
INFO: Instrumenting numbers
INFO: Instrumenting fractions
INFO: Instrumenting pure_eval.version
INFO: Instrumenting stack_data.utils
INFO: Instrumenting stack_data.formatting
INFO: Instrumenting stack_data.serializing
INFO: Instrumenting stack_data.version
INFO: Instrumenting pygments
INFO: Instrumenting pygments.formatters
INFO: Instrumenting pygments.formatters._mapping
INFO: Instrumenting pygments.plugin
INFO: Instrumenting importlib.metadata
INFO: Instrumenting csv
INFO: Instrumenting email
INFO: Instrumenting zipfile
INFO: Instrumenting importlib.metadata._adapters
INFO: Instrumenting email.message
INFO: Instrumenting quopri
INFO: Instrumenting email.utils
INFO: Instrumenting email._parseaddr
INFO: Instrumenting calendar
INFO: Instrumenting locale
INFO: Instrumenting _locale
WARNING: It looks like this module is imported by a custom loader. Atheris has experimental support for this. However, it may be incompatible with certain libraries. If you experience unusual errors or poor coverage collection, try atheris.instrument_all() instead, add enable_loader_override=False to instrument_imports(), or file an issue on GitHub.
INFO: Instrumenting email.charset
INFO: Instrumenting email.base64mime
INFO: Instrumenting base64
INFO: Instrumenting email.quoprimime
INFO: Instrumenting email.errors
INFO: Instrumenting email.encoders
INFO: Instrumenting email._policybase
INFO: Instrumenting email.header
INFO: Instrumenting email._encoded_words
INFO: Instrumenting email.iterators
INFO: Instrumenting importlib.metadata._text
INFO: Instrumenting importlib.metadata._functools
INFO: Instrumenting importlib.metadata._meta
INFO: Instrumenting importlib.metadata._collections
INFO: Instrumenting importlib.metadata._itertools
INFO: Instrumenting pygments.util
INFO: Instrumenting pygments.formatters.terminal256
INFO: Instrumenting pygments.formatter
INFO: Instrumenting pygments.styles
INFO: Instrumenting pygments.styles._mapping
INFO: Instrumenting pygments.console
INFO: Instrumenting pygments.style
INFO: Instrumenting pygments.token
INFO: Instrumenting IPython.utils
INFO: Instrumenting IPython.utils.path
INFO: Instrumenting glob
INFO: Instrumenting IPython.utils.process
INFO: Instrumenting IPython.utils._process_posix
INFO: Instrumenting subprocess
INFO: Instrumenting signal
INFO: Instrumenting IPython.utils._process_common
INFO: Instrumenting shlex
INFO: Instrumenting IPython.utils.py3compat
INFO: Instrumenting platform
INFO: Instrumenting IPython.utils.encoding
INFO: Instrumenting IPython.utils.PyColorize
INFO: Instrumenting pygments.styles.monokai
INFO: Instrumenting pygments.styles.default
INFO: Instrumenting pygments.styles.pastie
INFO: Instrumenting pygments.styles.gruvbox
INFO: Instrumenting IPython.utils.terminal
INFO: Instrumenting IPython.core.display_trap
INFO: Instrumenting IPython.core.doctb
INFO: Instrumenting IPython.core.tbtools
INFO: Instrumenting pydoc
INFO: Instrumenting pkgutil
INFO: Instrumenting sysconfig
INFO: Instrumenting _sysconfigdata__linux_x86_64-linux-gnu
INFO: Instrumenting IPython.core.debugger
INFO: Instrumenting IPython.core.debugger_backport
INFO: Instrumenting codeop
INFO: Instrumenting pdb
INFO: Instrumenting cmd
INFO: Instrumenting bdb
INFO: Instrumenting code
INFO: Instrumenting IPython.utils.sysinfo
INFO: Instrumenting IPython.utils._sysinfo
INFO: Instrumenting IPython.core.profiledir
INFO: Instrumenting IPython.paths
INFO: Instrumenting IPython.utils.importstring
INFO: Instrumenting IPython.terminal
INFO: Instrumenting IPython.terminal.embed
INFO: Instrumenting IPython.core.compilerop
INFO: Instrumenting hashlib
INFO: Instrumenting IPython.core.magic_arguments
INFO: Instrumenting IPython.core.error
INFO: Instrumenting IPython.utils.decorators
INFO: Instrumenting IPython.utils.docs
INFO: Instrumenting IPython.utils.text
INFO: Instrumenting IPython.core.magic
INFO: Instrumenting getopt
INFO: Instrumenting IPython.core.oinspect
INFO: Instrumenting IPython.core.page
INFO: Instrumenting IPython.display
INFO: Instrumenting IPython.core.display_functions
INFO: Instrumenting IPython.core.display
INFO: Instrumenting mimetypes
INFO: Instrumenting IPython.testing
INFO: Instrumenting IPython.testing.skipdoctest
INFO: Instrumenting IPython.lib
INFO: Instrumenting IPython.lib.display
INFO: Instrumenting IPython.utils.data
INFO: Instrumenting IPython.lib.pretty
INFO: Instrumenting IPython.utils.openpy
INFO: Instrumenting IPython.utils.dir2
INFO: Instrumenting IPython.utils.wildcard
INFO: Instrumenting pygments.lexers
INFO: Instrumenting pygments.lexers._mapping
INFO: Instrumenting pygments.modeline
INFO: Instrumenting pygments.lexers.python
INFO: Instrumenting pygments.lexer
INFO: Instrumenting pygments.filter
INFO: Instrumenting pygments.filters
INFO: Instrumenting pygments.regexopt
INFO: Instrumenting pygments.unistring
INFO: Instrumenting pygments.formatters.html
INFO: Instrumenting IPython.core.inputtransformer2
INFO: Instrumenting IPython.utils.tokenutil
INFO: Instrumenting IPython.utils.ipstruct
INFO: Instrumenting IPython.core.interactiveshell
INFO: Instrumenting runpy
INFO: Instrumenting IPython.external
INFO: Instrumenting IPython.external.pickleshare
INFO: Instrumenting IPython.core.hooks
INFO: Instrumenting IPython.core.prefilter
INFO: Instrumenting IPython.core.autocall
INFO: Instrumenting IPython.core.macro
INFO: Instrumenting IPython.core.splitinput
INFO: Instrumenting IPython.core.alias
INFO: Instrumenting IPython.core.builtin_trap
INFO: Instrumenting IPython.core.displayhook
INFO: Instrumenting IPython.core.history
INFO: Instrumenting decorator
INFO: Instrumenting sqlite3
INFO: Instrumenting sqlite3.dbapi2
INFO: Instrumenting IPython.core.displaypub
INFO: Instrumenting IPython.core.events
INFO: Instrumenting IPython.core.extensions
INFO: Instrumenting IPython.core.formatters
INFO: Instrumenting IPython.utils.sentinel
INFO: Instrumenting IPython.core.logger
INFO: Instrumenting IPython.core.payload
INFO: Instrumenting IPython.core.tips
INFO: Instrumenting IPython.core.usage
INFO: Instrumenting IPython.utils.io
INFO: Instrumenting IPython.utils.capture
INFO: Instrumenting IPython.utils.strdispatch
INFO: Instrumenting IPython.utils.syspathcontext
INFO: Instrumenting IPython.core.async_helpers
INFO: Instrumenting asyncio
INFO: Instrumenting asyncio.base_events
INFO: Instrumenting concurrent
INFO: Instrumenting concurrent.futures
INFO: Instrumenting concurrent.futures._base
INFO: Instrumenting ssl
INFO: Instrumenting asyncio.constants
INFO: Instrumenting asyncio.coroutines
INFO: Instrumenting asyncio.events
INFO: Instrumenting contextvars
INFO: Instrumenting asyncio.format_helpers
INFO: Instrumenting asyncio.base_futures
INFO: Instrumenting asyncio.exceptions
INFO: Instrumenting asyncio.base_tasks
INFO: Instrumenting asyncio.futures
INFO: Instrumenting asyncio.protocols
INFO: Instrumenting asyncio.sslproto
INFO: Instrumenting asyncio.transports
INFO: Instrumenting asyncio.log
INFO: Instrumenting asyncio.staggered
INFO: Instrumenting asyncio.locks
INFO: Instrumenting asyncio.mixins
INFO: Instrumenting asyncio.tasks
INFO: Instrumenting asyncio.trsock
INFO: Instrumenting asyncio.runners
INFO: Instrumenting asyncio.queues
INFO: Instrumenting asyncio.streams
INFO: Instrumenting asyncio.subprocess
INFO: Instrumenting asyncio.taskgroups
INFO: Instrumenting asyncio.timeouts
INFO: Instrumenting asyncio.threads
INFO: Instrumenting asyncio.unix_events
INFO: Instrumenting asyncio.base_subprocess
INFO: Instrumenting asyncio.selector_events
INFO: Instrumenting IPython.terminal.interactiveshell
INFO: Instrumenting prompt_toolkit
INFO: Instrumenting prompt_toolkit.application
INFO: Instrumenting prompt_toolkit.application.application
INFO: Instrumenting prompt_toolkit.buffer
INFO: Instrumenting prompt_toolkit.application.current
INFO: Instrumenting prompt_toolkit.application.run_in_terminal
INFO: Instrumenting prompt_toolkit.eventloop
INFO: Instrumenting prompt_toolkit.eventloop.async_generator
INFO: Instrumenting prompt_toolkit.eventloop.utils
INFO: Instrumenting prompt_toolkit.eventloop.inputhook
INFO: Instrumenting prompt_toolkit.auto_suggest
INFO: Instrumenting prompt_toolkit.document
INFO: Instrumenting prompt_toolkit.clipboard
INFO: Instrumenting prompt_toolkit.clipboard.base
INFO: Instrumenting prompt_toolkit.selection
INFO: Instrumenting prompt_toolkit.clipboard.in_memory
INFO: Instrumenting prompt_toolkit.filters
INFO: Instrumenting prompt_toolkit.filters.app
INFO: Instrumenting prompt_toolkit.cache
INFO: Instrumenting prompt_toolkit.enums
INFO: Instrumenting prompt_toolkit.filters.base
INFO: Instrumenting prompt_toolkit.filters.cli
INFO: Instrumenting prompt_toolkit.filters.utils
INFO: Instrumenting prompt_toolkit.completion
INFO: Instrumenting prompt_toolkit.completion.base
INFO: Instrumenting prompt_toolkit.formatted_text
INFO: Instrumenting prompt_toolkit.formatted_text.ansi
INFO: Instrumenting prompt_toolkit.output
INFO: Instrumenting prompt_toolkit.output.base
INFO: Instrumenting prompt_toolkit.cursor_shapes
INFO: Instrumenting prompt_toolkit.key_binding
INFO: Instrumenting prompt_toolkit.key_binding.key_bindings
INFO: Instrumenting prompt_toolkit.keys
INFO: Instrumenting prompt_toolkit.key_binding.key_processor
INFO: Instrumenting prompt_toolkit.utils
INFO: Instrumenting wcwidth
INFO: Instrumenting wcwidth.wcwidth
INFO: Instrumenting wcwidth.bisearch
INFO: Instrumenting wcwidth.grapheme
INFO: Instrumenting wcwidth.table_grapheme
INFO: Instrumenting wcwidth.sgr_state
INFO: Instrumenting wcwidth.table_vs16
INFO: Instrumenting wcwidth.table_wide
INFO: Instrumenting wcwidth.table_zero
INFO: Instrumenting wcwidth.control_codes
INFO: Instrumenting wcwidth.table_ambiguous
INFO: Instrumenting wcwidth.escape_sequences
INFO: Instrumenting wcwidth.unicode_versions
INFO: Instrumenting wcwidth.textwrap
INFO: Instrumenting secrets
INFO: Instrumenting hmac
INFO: Instrumenting prompt_toolkit.key_binding.vi_state
INFO: Instrumenting prompt_toolkit.data_structures
INFO: Instrumenting prompt_toolkit.styles
INFO: Instrumenting prompt_toolkit.styles.base
INFO: Instrumenting prompt_toolkit.styles.defaults
INFO: Instrumenting prompt_toolkit.styles.named_colors
INFO: Instrumenting prompt_toolkit.styles.style
INFO: Instrumenting prompt_toolkit.styles.pygments
INFO: Instrumenting prompt_toolkit.styles.style_transformation
INFO: Instrumenting colorsys
INFO: Instrumenting prompt_toolkit.output.color_depth
INFO: Instrumenting prompt_toolkit.output.defaults
INFO: Instrumenting prompt_toolkit.output.plain_text
INFO: Instrumenting prompt_toolkit.output.flush_stdout
INFO: Instrumenting prompt_toolkit.output.vt100
INFO: Instrumenting prompt_toolkit.formatted_text.base
INFO: Instrumenting prompt_toolkit.mouse_events
INFO: Instrumenting prompt_toolkit.formatted_text.html
INFO: Instrumenting xml
INFO: Instrumenting xml.dom
INFO: Instrumenting xml.dom.domreg
INFO: Instrumenting xml.dom.minidom
INFO: Instrumenting xml.dom.minicompat
INFO: Instrumenting xml.dom.xmlbuilder
INFO: Instrumenting xml.dom.NodeFilter
INFO: Instrumenting prompt_toolkit.formatted_text.pygments
INFO: Instrumenting prompt_toolkit.formatted_text.utils
INFO: Instrumenting prompt_toolkit.completion.deduplicate
INFO: Instrumenting prompt_toolkit.completion.filesystem
INFO: Instrumenting prompt_toolkit.completion.fuzzy_completer
INFO: Instrumenting prompt_toolkit.completion.word_completer
INFO: Instrumenting prompt_toolkit.completion.nested
INFO: Instrumenting prompt_toolkit.history
INFO: Instrumenting prompt_toolkit.search
INFO: Instrumenting prompt_toolkit.validation
INFO: Instrumenting prompt_toolkit.input
INFO: Instrumenting prompt_toolkit.input.base
INFO: Instrumenting prompt_toolkit.input.defaults
INFO: Instrumenting prompt_toolkit.input.typeahead
INFO: Instrumenting prompt_toolkit.key_binding.bindings
INFO: Instrumenting prompt_toolkit.key_binding.bindings.page_navigation
INFO: Instrumenting prompt_toolkit.key_binding.bindings.scroll
INFO: Instrumenting prompt_toolkit.key_binding.defaults
INFO: Instrumenting prompt_toolkit.key_binding.bindings.basic
INFO: Instrumenting prompt_toolkit.key_binding.bindings.named_commands
INFO: Instrumenting prompt_toolkit.layout
INFO: Instrumenting prompt_toolkit.layout.containers
INFO: Instrumenting prompt_toolkit.layout.controls
INFO: Instrumenting prompt_toolkit.lexers
INFO: Instrumenting prompt_toolkit.lexers.base
INFO: Instrumenting prompt_toolkit.lexers.pygments
INFO: Instrumenting prompt_toolkit.layout.processors
INFO: Instrumenting prompt_toolkit.layout.utils
INFO: Instrumenting prompt_toolkit.layout.dimension
INFO: Instrumenting prompt_toolkit.layout.margins
INFO: Instrumenting prompt_toolkit.layout.mouse_handlers
INFO: Instrumenting prompt_toolkit.layout.screen
INFO: Instrumenting prompt_toolkit.layout.layout
INFO: Instrumenting prompt_toolkit.layout.menus
INFO: Instrumenting prompt_toolkit.layout.scrollable_pane
INFO: Instrumenting prompt_toolkit.key_binding.bindings.completion
INFO: Instrumenting prompt_toolkit.key_binding.bindings.cpr
INFO: Instrumenting prompt_toolkit.key_binding.bindings.emacs
INFO: Instrumenting prompt_toolkit.key_binding.bindings.mouse
INFO: Instrumenting prompt_toolkit.key_binding.bindings.vi
INFO: Instrumenting prompt_toolkit.input.vt100_parser
INFO: Instrumenting prompt_toolkit.input.ansi_escape_sequences
INFO: Instrumenting prompt_toolkit.key_binding.digraphs
INFO: Instrumenting prompt_toolkit.key_binding.emacs_state
INFO: Instrumenting prompt_toolkit.layout.dummy
INFO: Instrumenting prompt_toolkit.renderer
INFO: Instrumenting prompt_toolkit.application.dummy
INFO: Instrumenting prompt_toolkit.shortcuts
INFO: Instrumenting prompt_toolkit.shortcuts.choice_input
INFO: Instrumenting prompt_toolkit.widgets
INFO: Instrumenting prompt_toolkit.widgets.base
INFO: Instrumenting prompt_toolkit.widgets.toolbars
INFO: Instrumenting prompt_toolkit.widgets.dialogs
INFO: Instrumenting prompt_toolkit.key_binding.bindings.focus
INFO: Instrumenting prompt_toolkit.widgets.menus
INFO: Instrumenting prompt_toolkit.shortcuts.dialogs
INFO: Instrumenting prompt_toolkit.shortcuts.progress_bar
INFO: Instrumenting prompt_toolkit.shortcuts.progress_bar.base
INFO: Instrumenting prompt_toolkit.shortcuts.progress_bar.formatters
INFO: Instrumenting xml.dom.expatbuilder
INFO: Instrumenting xml.parsers
INFO: Instrumenting xml.parsers.expat
INFO: Instrumenting prompt_toolkit.shortcuts.prompt
INFO: Instrumenting prompt_toolkit.key_binding.bindings.auto_suggest
INFO: Instrumenting prompt_toolkit.key_binding.bindings.open_in_editor
INFO: Instrumenting prompt_toolkit.shortcuts.utils
INFO: Instrumenting email.parser
INFO: Instrumenting email.feedparser
INFO: Instrumenting prompt_toolkit.patch_stdout
INFO: Instrumenting IPython.terminal.debugger
INFO: Instrumenting IPython.core.completer
INFO: Instrumenting uuid
INFO: Instrumenting IPython.core.guarded_eval
INFO: Instrumenting typing_extensions
INFO: Instrumenting IPython.core.latex_symbols
INFO: Instrumenting IPython.utils.generics
INFO: Instrumenting jedi
INFO: Instrumenting jedi.api
INFO: Instrumenting parso
INFO: Instrumenting parso.parser
INFO: Instrumenting parso.tree
INFO: Instrumenting parso.utils
INFO: Instrumenting parso.pgen2
INFO: Instrumenting parso.pgen2.generator
INFO: Instrumenting parso.pgen2.grammar_parser
INFO: Instrumenting parso.python
INFO: Instrumenting parso.python.tokenize
INFO: Instrumenting parso.python.token
INFO: Instrumenting parso.grammar
INFO: Instrumenting parso._compatibility
INFO: Instrumenting parso.python.diff
INFO: Instrumenting difflib
INFO: Instrumenting parso.python.parser
INFO: Instrumenting parso.python.tree
INFO: Instrumenting parso.python.prefix
INFO: Instrumenting parso.cache
INFO: Instrumenting parso.python.errors
INFO: Instrumenting parso.normalizer
INFO: Instrumenting parso.python.pep8
INFO: Instrumenting parso.file_io
INFO: Instrumenting jedi.parser_utils
INFO: Instrumenting jedi.debug
INFO: Instrumenting jedi.settings
INFO: Instrumenting jedi.cache
INFO: Instrumenting jedi.file_io
INFO: Instrumenting jedi.api.classes
INFO: Instrumenting jedi.inference
INFO: Instrumenting jedi.inference.imports
INFO: Instrumenting jedi.inference.sys_path
INFO: Instrumenting jedi.inference.cache
INFO: Instrumenting jedi.inference.base_value
INFO: Instrumenting jedi.inference.helpers
INFO: Instrumenting jedi.inference.utils
INFO: Instrumenting jedi.inference.compiled
INFO: Instrumenting jedi.inference.compiled.value
INFO: Instrumenting jedi.inference.filters
INFO: Instrumenting jedi.inference.flow_analysis
INFO: Instrumenting jedi.inference.recursion
INFO: Instrumenting jedi.inference.names
INFO: Instrumenting jedi.inference.docstrings
INFO: Instrumenting jedi.inference.lazy_value
INFO: Instrumenting jedi.common
INFO: Instrumenting jedi.plugins
INFO: Instrumenting jedi.inference.compiled.access
INFO: Instrumenting jedi.inference.compiled.getattr_static
INFO: Instrumenting jedi.inference.signature
INFO: Instrumenting jedi.inference.context
INFO: Instrumenting jedi.inference.analysis
INFO: Instrumenting jedi.inference.gradual
INFO: Instrumenting jedi.inference.gradual.typeshed
INFO: Instrumenting jedi.inference.gradual.stub_value
INFO: Instrumenting jedi.inference.value
INFO: Instrumenting jedi.inference.value.module
INFO: Instrumenting jedi.inference.value.klass
INFO: Instrumenting jedi.inference.arguments
INFO: Instrumenting jedi.inference.value.iterable
INFO: Instrumenting jedi.inference.value.dynamic_arrays
INFO: Instrumenting jedi.inference.value.function
INFO: Instrumenting jedi.inference.parser_cache
INFO: Instrumenting jedi.inference.gradual.generics
INFO: Instrumenting jedi.inference.value.instance
INFO: Instrumenting jedi.inference.gradual.typing
INFO: Instrumenting jedi.inference.gradual.base
INFO: Instrumenting jedi.inference.gradual.type_var
INFO: Instrumenting jedi.inference.compiled.subprocess
INFO: Instrumenting jedi._compatibility
INFO: Instrumenting jedi.inference.compiled.subprocess.functions
INFO: Instrumenting jedi.api.exceptions
INFO: Instrumenting jedi.inference.syntax_tree
INFO: Instrumenting jedi.inference.gradual.annotation
INFO: Instrumenting jedi.inference.param
INFO: Instrumenting jedi.inference.value.decorator
INFO: Instrumenting jedi.inference.compiled.mixed
INFO: Instrumenting jedi.inference.gradual.conversion
INFO: Instrumenting jedi.api.keywords
INFO: Instrumenting pydoc_data
INFO: Instrumenting pydoc_data.topics
INFO: Instrumenting jedi.api.completion_cache
INFO: Instrumenting jedi.api.helpers
INFO: Instrumenting jedi.api.interpreter
INFO: Instrumenting jedi.api.completion
INFO: Instrumenting jedi.api.strings
INFO: Instrumenting jedi.api.file_name
INFO: Instrumenting jedi.inference.docstring_utils
INFO: Instrumenting jedi.api.environment
INFO: Instrumenting filecmp
INFO: Instrumenting jedi.api.project
INFO: Instrumenting jedi.inference.references
INFO: Instrumenting jedi.api.errors
INFO: Instrumenting jedi.api.refactoring
INFO: Instrumenting jedi.inference.value.namespace
INFO: Instrumenting jedi.api.refactoring.extract
INFO: Instrumenting jedi.inference.gradual.utils
INFO: Instrumenting jedi.plugins.registry
INFO: Instrumenting jedi.plugins.stdlib
INFO: Instrumenting jedi.plugins.flask
INFO: Instrumenting jedi.plugins.pytest
INFO: Instrumenting jedi.plugins.django
INFO: Instrumenting IPython.terminal.ptutils
INFO: Instrumenting IPython.terminal.shortcuts
INFO: Instrumenting IPython.terminal.shortcuts.auto_match
INFO: Instrumenting IPython.terminal.shortcuts.auto_suggest
INFO: Instrumenting IPython.terminal.shortcuts.filters
INFO: Instrumenting concurrent.futures.thread
INFO: Instrumenting IPython.terminal.magics
INFO: Instrumenting IPython.lib.clipboard
INFO: Instrumenting IPython.terminal.pt_inputhooks
INFO: Instrumenting IPython.terminal.prompts
INFO: Instrumenting IPython.terminal.ipapp
INFO: Instrumenting IPython.core.magics
INFO: Instrumenting IPython.core.magics.auto
INFO: Instrumenting IPython.core.magics.basic
INFO: Instrumenting IPython.core.magics.code
INFO: Instrumenting urllib.request
INFO: Instrumenting http
INFO: Instrumenting http.client
INFO: Instrumenting urllib.error
INFO: Instrumenting urllib.response
INFO: Instrumenting IPython.utils.contexts
INFO: Instrumenting IPython.core.magics.config
INFO: Instrumenting IPython.core.magics.display
INFO: Instrumenting IPython.core.magics.execution
INFO: Instrumenting cProfile
INFO: Instrumenting profile
INFO: Instrumenting pstats
INFO: Instrumenting timeit
INFO: Instrumenting IPython.utils.module_paths
INFO: Instrumenting IPython.utils.timing
INFO: Instrumenting IPython.core.magics.ast_mod
INFO: Instrumenting IPython.core.magics.extension
INFO: Instrumenting IPython.core.magics.history
INFO: Instrumenting IPython.core.magics.logging
INFO: Instrumenting IPython.core.magics.namespace
INFO: Instrumenting IPython.core.magics.osm
INFO: Instrumenting IPython.core.magics.packaging
INFO: Instrumenting IPython.core.magics.pylab
INFO: Instrumenting IPython.core.magics.script
INFO: Instrumenting IPython.core.shellapp
INFO: Instrumenting IPython.extensions
INFO: Instrumenting IPython.extensions.storemagic
INFO: Instrumenting IPython.utils.frame
INFO: Using built-in libfuzzer
WARNING: Failed to find function "__sanitizer_acquire_crash_state".
WARNING: Failed to find function "__sanitizer_print_stack_trace".
WARNING: Failed to find function "__sanitizer_set_death_callback".
INFO: Running with entropic power schedule (0xFF, 100).
INFO: Seed: 1994788113
INFO: -max_len is not provided; libFuzzer will not generate inputs larger than 4096 bytes
INFO: A corpus is not provided, starting from an empty corpus
#2	INITED cov: 158 ft: 158 corp: 1/1b exec/s: 0 rss: 86Mb
#7	NEW    cov: 174 ft: 189 corp: 2/3b lim: 4 exec/s: 0 rss: 86Mb L: 2/2 MS: 5 ShuffleBytes-ChangeByte-ShuffleBytes-ChangeBit-CopyPart-
#13	NEW    cov: 175 ft: 190 corp: 3/5b lim: 4 exec/s: 0 rss: 86Mb L: 2/2 MS: 1 InsertByte-
#16	NEW    cov: 176 ft: 191 corp: 4/8b lim: 4 exec/s: 0 rss: 86Mb L: 3/3 MS: 3 ChangeByte-ChangeBit-CrossOver-
#18	NEW    cov: 176 ft: 193 corp: 5/11b lim: 4 exec/s: 0 rss: 86Mb L: 3/3 MS: 2 CMP-ShuffleBytes- DE: "\377\377"-
#22	NEW    cov: 176 ft: 194 corp: 6/15b lim: 4 exec/s: 0 rss: 86Mb L: 4/4 MS: 4 EraseBytes-InsertByte-CrossOver-ShuffleBytes-
#31	NEW    cov: 177 ft: 207 corp: 7/18b lim: 4 exec/s: 0 rss: 86Mb L: 3/4 MS: 4 InsertByte-CrossOver-EraseBytes-CrossOver-
#38	NEW    cov: 186 ft: 231 corp: 8/21b lim: 4 exec/s: 0 rss: 86Mb L: 3/4 MS: 2 CopyPart-CrossOver-
#49	NEW    cov: 188 ft: 245 corp: 9/24b lim: 4 exec/s: 0 rss: 86Mb L: 3/4 MS: 1 CrossOver-
#73	NEW    cov: 188 ft: 248 corp: 10/28b lim: 4 exec/s: 0 rss: 86Mb L: 4/4 MS: 4 CopyPart-PersAutoDict-EraseBytes-CopyPart- DE: "\377\377"-
#74	NEW    cov: 188 ft: 253 corp: 11/32b lim: 4 exec/s: 0 rss: 86Mb L: 4/4 MS: 1 InsertByte-
#76	REDUCE cov: 188 ft: 253 corp: 11/31b lim: 4 exec/s: 0 rss: 86Mb L: 2/4 MS: 2 EraseBytes-ChangeByte-
#109	NEW    cov: 188 ft: 255 corp: 12/34b lim: 4 exec/s: 0 rss: 86Mb L: 3/4 MS: 3 CopyPart-ShuffleBytes-InsertByte-
#115	NEW    cov: 210 ft: 335 corp: 13/38b lim: 4 exec/s: 0 rss: 86Mb L: 4/4 MS: 1 ChangeBinInt-
#132	NEW    cov: 213 ft: 340 corp: 14/42b lim: 4 exec/s: 0 rss: 86Mb L: 4/4 MS: 2 ChangeBit-PersAutoDict- DE: "\377\377"-
#145	NEW    cov: 217 ft: 344 corp: 15/46b lim: 4 exec/s: 0 rss: 86Mb L: 4/4 MS: 3 CrossOver-CrossOver-CrossOver-
#158	NEW    cov: 222 ft: 349 corp: 16/50b lim: 4 exec/s: 0 rss: 86Mb L: 4/4 MS: 3 CopyPart-CrossOver-ChangeByte-
#168	NEW    cov: 222 ft: 352 corp: 17/53b lim: 4 exec/s: 0 rss: 86Mb L: 3/4 MS: 5 ShuffleBytes-CrossOver-ChangeByte-ChangeByte-CopyPart-
#170	NEW    cov: 224 ft: 354 corp: 18/57b lim: 4 exec/s: 0 rss: 86Mb L: 4/4 MS: 2 ChangeBit-ChangeBinInt-
#171	NEW    cov: 234 ft: 373 corp: 19/60b lim: 4 exec/s: 0 rss: 86Mb L: 3/4 MS: 1 ChangeByte-
#174	NEW    cov: 236 ft: 375 corp: 20/64b lim: 4 exec/s: 0 rss: 86Mb L: 4/4 MS: 3 ChangeBit-PersAutoDict-ChangeBinInt- DE: "\377\377"-
#210	NEW    cov: 237 ft: 427 corp: 21/67b lim: 4 exec/s: 0 rss: 86Mb L: 3/4 MS: 1 ChangeBinInt-
#213	NEW    cov: 237 ft: 429 corp: 22/71b lim: 4 exec/s: 0 rss: 86Mb L: 4/4 MS: 3 CopyPart-PersAutoDict-ChangeByte- DE: "\377\377"-
#248	NEW    cov: 237 ft: 460 corp: 23/75b lim: 4 exec/s: 0 rss: 86Mb L: 4/4 MS: 5 ChangeByte-CopyPart-ChangeBinInt-CopyPart-CrossOver-
#260	REDUCE cov: 237 ft: 460 corp: 23/73b lim: 4 exec/s: 0 rss: 86Mb L: 2/4 MS: 2 ChangeBit-EraseBytes-
#261	NEW    cov: 237 ft: 462 corp: 24/75b lim: 4 exec/s: 0 rss: 86Mb L: 2/4 MS: 1 ChangeByte-
/app/ipython/IPython/core/inputtransformer2.py:608: UserWarning: `make_tokens_by_line` received a list of lines which do not have lineending markers ('\n', '\r', '\r\n', '\x0b', '\x0c'), behavior will be unspecified
  tokens_by_line = make_tokens_by_line(lines)
/app/ipython/IPython/core/inputtransformer2.py:714: UserWarning: `make_tokens_by_line` received a list of lines which do not have lineending markers ('\n', '\r', '\r\n', '\x0b', '\x0c'), behavior will be unspecified
  tokens_by_line = make_tokens_by_line(lines)
#263	NEW    cov: 239 ft: 467 corp: 25/79b lim: 4 exec/s: 0 rss: 86Mb L: 4/4 MS: 2 PersAutoDict-ChangeBinInt- DE: "\377\377"-
#269	REDUCE cov: 241 ft: 469 corp: 26/81b lim: 4 exec/s: 0 rss: 86Mb L: 2/4 MS: 1 ChangeByte-
#351	REDUCE cov: 242 ft: 470 corp: 27/83b lim: 4 exec/s: 0 rss: 86Mb L: 2/4 MS: 2 ChangeBinInt-ChangeBit-
#377	NEW    cov: 243 ft: 471 corp: 28/86b lim: 4 exec/s: 0 rss: 86Mb L: 3/4 MS: 1 CrossOver-
/app/ipython/IPython/core/inputtransformer2.py:608: UserWarning: `make_tokens_by_line` received a list of lines which do not have lineending markers ('\n', '\r', '\r\n', '\x0b', '\x0c'), behavior will be unspecified
  tokens_by_line = make_tokens_by_line(lines)
/app/ipython/IPython/core/inputtransformer2.py:714: UserWarning: `make_tokens_by_line` received a list of lines which do not have lineending markers ('\n', '\r', '\r\n', '\x0b', '\x0c'), behavior will be unspecified
  tokens_by_line = make_tokens_by_line(lines)
/app/ipython/IPython/core/inputtransformer2.py:608: UserWarning: `make_tokens_by_line` received a list of lines which do not have lineending markers ('\n', '\r', '\r\n', '\x0b', '\x0c'), behavior will be unspecified
  tokens_by_line = make_tokens_by_line(lines)
/app/ipython/IPython/core/inputtransformer2.py:714: UserWarning: `make_tokens_by_line` received a list of lines which do not have lineending markers ('\n', '\r', '\r\n', '\x0b', '\x0c'), behavior will be unspecified
  tokens_by_line = make_tokens_by_line(lines)
/app/ipython/IPython/core/inputtransformer2.py:608: UserWarning: `make_tokens_by_line` received a list of lines which do not have lineending markers ('\n', '\r', '\r\n', '\x0b', '\x0c'), behavior will be unspecified
  tokens_by_line = make_tokens_by_line(lines)
/app/ipython/IPython/core/inputtransformer2.py:714: UserWarning: `make_tokens_by_line` received a list of lines which do not have lineending markers ('\n', '\r', '\r\n', '\x0b', '\x0c'), behavior will be unspecified
  tokens_by_line = make_tokens_by_line(lines)
/app/ipython/IPython/core/inputtransformer2.py:608: UserWarning: `make_tokens_by_line` received a list of lines which do not have lineending markers ('\n', '\r', '\r\n', '\x0b', '\x0c'), behavior will be unspecified
  tokens_by_line = make_tokens_by_line(lines)
/app/ipython/IPython/core/inputtransformer2.py:714: UserWarning: `make_tokens_by_line` received a list of lines which do not have lineending markers ('\n', '\r', '\r\n', '\x0b', '\x0c'), behavior will be unspecified
  tokens_by_line = make_tokens_by_line(lines)
/app/ipython/IPython/core/inputtransformer2.py:608: UserWarning: `make_tokens_by_line` received a list of lines which do not have lineending markers ('\n', '\r', '\r\n', '\x0b', '\x0c'), behavior will be unspecified
  tokens_by_line = make_tokens_by_line(lines)
/app/ipython/IPython/core/inputtransformer2.py:714: UserWarning: `make_tokens_by_line` received a list of lines which do not have lineending markers ('\n', '\r', '\r\n', '\x0b', '\x0c'), behavior will be unspecified
  tokens_by_line = make_tokens_by_line(lines)
#463	REDUCE cov: 243 ft: 471 corp: 28/85b lim: 4 exec/s: 0 rss: 86Mb L: 2/4 MS: 1 EraseBytes-
#495	NEW    cov: 243 ft: 479 corp: 29/89b lim: 4 exec/s: 0 rss: 86Mb L: 4/4 MS: 2 CopyPart-CopyPart-
#534	NEW    cov: 243 ft: 491 corp: 30/92b lim: 4 exec/s: 0 rss: 86Mb L: 3/4 MS: 4 CrossOver-ChangeBit-CrossOver-ChangeByte-
#544	NEW    cov: 243 ft: 493 corp: 31/96b lim: 4 exec/s: 0 rss: 86Mb L: 4/4 MS: 5 CrossOver-ShuffleBytes-PersAutoDict-ChangeBit-ChangeBinInt- DE: "\377\377"-
#586	NEW    cov: 243 ft: 501 corp: 32/100b lim: 4 exec/s: 0 rss: 86Mb L: 4/4 MS: 2 ChangeBinInt-InsertByte-
#598	REDUCE cov: 244 ft: 502 corp: 33/104b lim: 4 exec/s: 0 rss: 86Mb L: 4/4 MS: 2 CrossOver-ShuffleBytes-
#614	NEW    cov: 244 ft: 509 corp: 34/108b lim: 4 exec/s: 0 rss: 86Mb L: 4/4 MS: 1 ChangeBit-
#615	NEW    cov: 244 ft: 512 corp: 35/112b lim: 4 exec/s: 0 rss: 86Mb L: 4/4 MS: 1 CopyPart-
/app/ipython/IPython/core/inputtransformer2.py:608: UserWarning: `make_tokens_by_line` received a list of lines which do not have lineending markers ('\n', '\r', '\r\n', '\x0b', '\x0c'), behavior will be unspecified
  tokens_by_line = make_tokens_by_line(lines)
/app/ipython/IPython/core/inputtransformer2.py:714: UserWarning: `make_tokens_by_line` received a list of lines which do not have lineending markers ('\n', '\r', '\r\n', '\x0b', '\x0c'), behavior will be unspecified
  tokens_by_line = make_tokens_by_line(lines)
/app/ipython/IPython/core/inputtransformer2.py:608: UserWarning: `make_tokens_by_line` received a list of lines which do not have lineending markers ('\n', '\r', '\r\n', '\x0b', '\x0c'), behavior will be unspecified
  tokens_by_line = make_tokens_by_line(lines)
/app/ipython/IPython/core/inputtransformer2.py:714: UserWarning: `make_tokens_by_line` received a list of lines which do not have lineending markers ('\n', '\r', '\r\n', '\x0b', '\x0c'), behavior will be unspecified
  tokens_by_line = make_tokens_by_line(lines)
#713	REDUCE cov: 247 ft: 558 corp: 36/116b lim: 4 exec/s: 0 rss: 86Mb L: 4/4 MS: 3 PersAutoDict-ChangeBit-ChangeByte- DE: "\377\377"-
/app/ipython/IPython/core/inputtransformer2.py:608: UserWarning: `make_tokens_by_line` received a list of lines which do not have lineending markers ('\n', '\r', '\r\n', '\x0b', '\x0c'), behavior will be unspecified
  tokens_by_line = make_tokens_by_line(lines)
/app/ipython/IPython/core/inputtransformer2.py:714: UserWarning: `make_tokens_by_line` received a list of lines which do not have lineending markers ('\n', '\r', '\r\n', '\x0b', '\x0c'), behavior will be unspecified
  tokens_by_line = make_tokens_by_line(lines)
/app/ipython/IPython/core/inputtransformer2.py:608: UserWarning: `make_tokens_by_line` received a list of lines which do not have lineending markers ('\n', '\r', '\r\n', '\x0b', '\x0c'), behavior will be unspecified
  tokens_by_line = make_tokens_by_line(lines)
#774	NEW    cov: 247 ft: 560 corp: 37/120b lim: 4 exec/s: 0 rss: 86Mb L: 4/4 MS: 1 ChangeBit-
#786	REDUCE cov: 247 ft: 560 corp: 37/119b lim: 4 exec/s: 0 rss: 86Mb L: 3/4 MS: 2 ShuffleBytes-EraseBytes-
/app/ipython/IPython/core/inputtransformer2.py:608: UserWarning: `make_tokens_by_line` received a list of lines which do not have lineending markers ('\n', '\r', '\r\n', '\x0b', '\x0c'), behavior will be unspecified
  tokens_by_line = make_tokens_by_line(lines)
/app/ipython/IPython/core/inputtransformer2.py:714: UserWarning: `make_tokens_by_line` received a list of lines which do not have lineending markers ('\n', '\r', '\r\n', '\x0b', '\x0c'), behavior will be unspecified
  tokens_by_line = make_tokens_by_line(lines)
/app/ipython/IPython/core/inputtransformer2.py:608: UserWarning: `make_tokens_by_line` received a list of lines which do not have lineending markers ('\n', '\r', '\r\n', '\x0b', '\x0c'), behavior will be unspecified
  tokens_by_line = make_tokens_by_line(lines)
/app/ipython/IPython/core/inputtransformer2.py:714: UserWarning: `make_tokens_by_line` received a list of lines which do not have lineending markers ('\n', '\r', '\r\n', '\x0b', '\x0c'), behavior will be unspecified
  tokens_by_line = make_tokens_by_line(lines)
/app/ipython/IPython/core/inputtransformer2.py:608: UserWarning: `make_tokens_by_line` received a list of lines which do not have lineending markers ('\n', '\r', '\r\n', '\x0b', '\x0c'), behavior will be unspecified
  tokens_by_line = make_tokens_by_line(lines)
/app/ipython/IPython/core/inputtransformer2.py:714: UserWarning: `make_tokens_by_line` received a list of lines which do not have lineending markers ('\n', '\r', '\r\n', '\x0b', '\x0c'), behavior will be unspecified
  tokens_by_line = make_tokens_by_line(lines)
/app/ipython/IPython/core/inputtransformer2.py:608: UserWarning: `make_tokens_by_line` received a list of lines which do not have lineending markers ('\n', '\r', '\r\n', '\x0b', '\x0c'), behavior will be unspecified
  tokens_by_line = make_tokens_by_line(lines)
/app/ipython/IPython/core/inputtransformer2.py:714: UserWarning: `make_tokens_by_line` received a list of lines which do not have lineending markers ('\n', '\r', '\r\n', '\x0b', '\x0c'), behavior will be unspecified
  tokens_by_line = make_tokens_by_line(lines)
#897	REDUCE cov: 247 ft: 560 corp: 37/118b lim: 4 exec/s: 0 rss: 86Mb L: 2/4 MS: 1 EraseBytes-
/app/ipython/IPython/core/inputtransformer2.py:608: UserWarning: `make_tokens_by_line` received a list of lines which do not have lineending markers ('\n', '\r', '\r\n', '\x0b', '\x0c'), behavior will be unspecified
  tokens_by_line = make_tokens_by_line(lines)
/app/ipython/IPython/core/inputtransformer2.py:714: UserWarning: `make_tokens_by_line` received a list of lines which do not have lineending markers ('\n', '\r', '\r\n', '\x0b', '\x0c'), behavior will be unspecified
  tokens_by_line = make_tokens_by_line(lines)
#915	REDUCE cov: 249 ft: 562 corp: 38/121b lim: 4 exec/s: 0 rss: 86Mb L: 3/4 MS: 3 InsertByte-EraseBytes-InsertByte-
#931	NEW    cov: 254 ft: 567 corp: 39/125b lim: 4 exec/s: 0 rss: 86Mb L: 4/4 MS: 1 CopyPart-
/app/ipython/IPython/core/inputtransformer2.py:608: UserWarning: `make_tokens_by_line` received a list of lines which do not have lineending markers ('\n', '\r', '\r\n', '\x0b', '\x0c'), behavior will be unspecified
  tokens_by_line = make_tokens_by_line(lines)
/app/ipython/IPython/core/inputtransformer2.py:608: UserWarning: `make_tokens_by_line` received a list of lines which do not have lineending markers ('\n', '\r', '\r\n', '\x0b', '\x0c'), behavior will be unspecified
  tokens_by_line = make_tokens_by_line(lines)
#1036	REDUCE cov: 254 ft: 567 corp: 39/124b lim: 4 exec/s: 0 rss: 86Mb L: 3/4 MS: 5 ChangeBinInt-ChangeByte-CopyPart-EraseBytes-CopyPart-
/app/ipython/IPython/core/inputtransformer2.py:608: UserWarning: `make_tokens_by_line` received a list of lines which do not have lineending markers ('\n', '\r', '\r\n', '\x0b', '\x0c'), behavior will be unspecified
  tokens_by_line = make_tokens_by_line(lines)
/app/ipython/IPython/core/inputtransformer2.py:608: UserWarning: `make_tokens_by_line` received a list of lines which do not have lineending markers ('\n', '\r', '\r\n', '\x0b', '\x0c'), behavior will be unspecified
  tokens_by_line = make_tokens_by_line(lines)
#1204	REDUCE cov: 254 ft: 567 corp: 39/123b lim: 4 exec/s: 0 rss: 86Mb L: 3/4 MS: 3 PersAutoDict-ChangeBit-EraseBytes- DE: "\377\377"-
#1226	REDUCE cov: 255 ft: 568 corp: 40/127b lim: 4 exec/s: 0 rss: 86Mb L: 4/4 MS: 2 InsertByte-CopyPart-
#1302	NEW    cov: 255 ft: 571 corp: 41/131b lim: 4 exec/s: 0 rss: 86Mb L: 4/4 MS: 1 CrossOver-
#1318	NEW    cov: 258 ft: 575 corp: 42/134b lim: 4 exec/s: 0 rss: 86Mb L: 3/4 MS: 1 EraseBytes-
#1329	NEW    cov: 258 ft: 605 corp: 43/138b lim: 4 exec/s: 0 rss: 86Mb L: 4/4 MS: 1 CrossOver-
#1372	REDUCE cov: 260 ft: 607 corp: 44/142b lim: 4 exec/s: 0 rss: 86Mb L: 4/4 MS: 3 CrossOver-ChangeByte-CrossOver-
#1387	NEW    cov: 264 ft: 615 corp: 45/145b lim: 4 exec/s: 0 rss: 86Mb L: 3/4 MS: 5 ChangeByte-EraseBytes-ChangeByte-CrossOver-CopyPart-
#1390	NEW    cov: 265 ft: 616 corp: 46/149b lim: 4 exec/s: 0 rss: 86Mb L: 4/4 MS: 3 CopyPart-ChangeByte-CrossOver-
/app/ipython/IPython/core/inputtransformer2.py:608: UserWarning: `make_tokens_by_line` received a list of lines which do not have lineending markers ('\n', '\r', '\r\n', '\x0b', '\x0c'), behavior will be unspecified
  tokens_by_line = make_tokens_by_line(lines)
/app/ipython/IPython/core/inputtransformer2.py:608: UserWarning: `make_tokens_by_line` received a list of lines which do not have lineending markers ('\n', '\r', '\r\n', '\x0b', '\x0c'), behavior will be unspecified
  tokens_by_line = make_tokens_by_line(lines)
/app/ipython/IPython/core/inputtransformer2.py:608: UserWarning: `make_tokens_by_line` received a list of lines which do not have lineending markers ('\n', '\r', '\r\n', '\x0b', '\x0c'), behavior will be unspecified
  tokens_by_line = make_tokens_by_line(lines)
#1405	NEW    cov: 265 ft: 621 corp: 47/153b lim: 4 exec/s: 0 rss: 86Mb L: 4/4 MS: 5 ShuffleBytes-ChangeByte-ShuffleBytes-ChangeByte-ChangeBit-
#1412	REDUCE cov: 265 ft: 622 corp: 48/157b lim: 4 exec/s: 0 rss: 86Mb L: 4/4 MS: 2 CopyPart-ChangeByte-
#1426	NEW    cov: 265 ft: 624 corp: 49/160b lim: 4 exec/s: 0 rss: 86Mb L: 3/4 MS: 4 ChangeByte-EraseBytes-InsertByte-CrossOver-
/app/ipython/IPython/core/inputtransformer2.py:608: UserWarning: `make_tokens_by_line` received a list of lines which do not have lineending markers ('\n', '\r', '\r\n', '\x0b', '\x0c'), behavior will be unspecified
  tokens_by_line = make_tokens_by_line(lines)
#1620	NEW    cov: 265 ft: 625 corp: 50/164b lim: 4 exec/s: 0 rss: 86Mb L: 4/4 MS: 4 ChangeByte-EraseBytes-InsertByte-ChangeByte-
/app/ipython/IPython/core/inputtransformer2.py:608: UserWarning: `make_tokens_by_line` received a list of lines which do not have lineending markers ('\n', '\r', '\r\n', '\x0b', '\x0c'), behavior will be unspecified
  tokens_by_line = make_tokens_by_line(lines)
/app/ipython/IPython/core/inputtransformer2.py:714: UserWarning: `make_tokens_by_line` received a list of lines which do not have lineending markers ('\n', '\r', '\r\n', '\x0b', '\x0c'), behavior will be unspecified
  tokens_by_line = make_tokens_by_line(lines)
/app/ipython/IPython/core/inputtransformer2.py:608: UserWarning: `make_tokens_by_line` received a list of lines which do not have lineending markers ('\n', '\r', '\r\n', '\x0b', '\x0c'), behavior will be unspecified
  tokens_by_line = make_tokens_by_line(lines)
/app/ipython/IPython/core/inputtransformer2.py:714: UserWarning: `make_tokens_by_line` received a list of lines which do not have lineending markers ('\n', '\r', '\r\n', '\x0b', '\x0c'), behavior will be unspecified
  tokens_by_line = make_tokens_by_line(lines)
/app/ipython/IPython/core/inputtransformer2.py:608: UserWarning: `make_tokens_by_line` received a list of lines which do not have lineending markers ('\n', '\r', '\r\n', '\x0b', '\x0c'), behavior will be unspecified
  tokens_by_line = make_tokens_by_line(lines)
/app/ipython/IPython/core/inputtransformer2.py:714: UserWarning: `make_tokens_by_line` received a list of lines which do not have lineending markers ('\n', '\r', '\r\n', '\x0b', '\x0c'), behavior will be unspecified
  tokens_by_line = make_tokens_by_line(lines)
/app/ipython/IPython/core/inputtransformer2.py:608: UserWarning: `make_tokens_by_line` received a list of lines which do not have lineending markers ('\n', '\r', '\r\n', '\x0b', '\x0c'), behavior will be unspecified
  tokens_by_line = make_tokens_by_line(lines)
/app/ipython/IPython/core/inputtransformer2.py:714: UserWarning: `make_tokens_by_line` received a list of lines which do not have lineending markers ('\n', '\r', '\r\n', '\x0b', '\x0c'), behavior will be unspecified
  tokens_by_line = make_tokens_by_line(lines)
/app/ipython/IPython/core/inputtransformer2.py:608: UserWarning: `make_tokens_by_line` received a list of lines which do not have lineending markers ('\n', '\r', '\r\n', '\x0b', '\x0c'), behavior will be unspecified
  tokens_by_line = make_tokens_by_line(lines)
/app/ipython/IPython/core/inputtransformer2.py:714: UserWarning: `make_tokens_by_line` received a list of lines which do not have lineending markers ('\n', '\r', '\r\n', '\x0b', '\x0c'), behavior will be unspecified
  tokens_by_line = make_tokens_by_line(lines)
#1674	REDUCE cov: 265 ft: 627 corp: 51/168b lim: 4 exec/s: 0 rss: 86Mb L: 4/4 MS: 4 ChangeByte-ShuffleBytes-CrossOver-InsertByte-
/app/ipython/IPython/core/inputtransformer2.py:608: UserWarning: `make_tokens_by_line` received a list of lines which do not have lineending markers ('\n', '\r', '\r\n', '\x0b', '\x0c'), behavior will be unspecified
  tokens_by_line = make_tokens_by_line(lines)
/app/ipython/IPython/core/inputtransformer2.py:608: UserWarning: `make_tokens_by_line` received a list of lines which do not have lineending markers ('\n', '\r', '\r\n', '\x0b', '\x0c'), behavior will be unspecified
  tokens_by_line = make_tokens_by_line(lines)
/app/ipython/IPython/core/inputtransformer2.py:608: UserWarning: `make_tokens_by_line` received a list of lines which do not have lineending markers ('\n', '\r', '\r\n', '\x0b', '\x0c'), behavior will be unspecified
  tokens_by_line = make_tokens_by_line(lines)
/app/ipython/IPython/core/inputtransformer2.py:714: UserWarning: `make_tokens_by_line` received a list of lines which do not have lineending markers ('\n', '\r', '\r\n', '\x0b', '\x0c'), behavior will be unspecified
  tokens_by_line = make_tokens_by_line(lines)
/app/ipython/IPython/core/inputtransformer2.py:608: UserWarning: `make_tokens_by_line` received a list of lines which do not have lineending markers ('\n', '\r', '\r\n', '\x0b', '\x0c'), behavior will be unspecified
  tokens_by_line = make_tokens_by_line(lines)
/app/ipython/IPython/core/inputtransformer2.py:714: UserWarning: `make_tokens_by_line` received a list of lines which do not have lineending markers ('\n', '\r', '\r\n', '\x0b', '\x0c'), behavior will be unspecified
  tokens_by_line = make_tokens_by_line(lines)
#1693	NEW    cov: 265 ft: 629 corp: 52/172b lim: 4 exec/s: 0 rss: 86Mb L: 4/4 MS: 4 ChangeBinInt-CopyPart-ShuffleBytes-CopyPart-
/app/ipython/IPython/core/inputtransformer2.py:608: UserWarning: `make_tokens_by_line` received a list of lines which do not have lineending markers ('\n', '\r', '\r\n', '\x0b', '\x0c'), behavior will be unspecified
  tokens_by_line = make_tokens_by_line(lines)
/app/ipython/IPython/core/inputtransformer2.py:714: UserWarning: `make_tokens_by_line` received a list of lines which do not have lineending markers ('\n', '\r', '\r\n', '\x0b', '\x0c'), behavior will be unspecified
  tokens_by_line = make_tokens_by_line(lines)
/app/ipython/IPython/core/inputtransformer2.py:608: UserWarning: `make_tokens_by_line` received a list of lines which do not have lineending markers ('\n', '\r', '\r\n', '\x0b', '\x0c'), behavior will be unspecified
  tokens_by_line = make_tokens_by_line(lines)
/app/ipython/IPython/core/inputtransformer2.py:714: UserWarning: `make_tokens_by_line` received a list of lines which do not have lineending markers ('\n', '\r', '\r\n', '\x0b', '\x0c'), behavior will be unspecified
  tokens_by_line = make_tokens_by_line(lines)
/app/ipython/IPython/core/inputtransformer2.py:608: UserWarning: `make_tokens_by_line` received a list of lines which do not have lineending markers ('\n', '\r', '\r\n', '\x0b', '\x0c'), behavior will be unspecified
  tokens_by_line = make_tokens_by_line(lines)
/app/ipython/IPython/core/inputtransformer2.py:608: UserWarning: `make_tokens_by_line` received a list of lines which do not have lineending markers ('\n', '\r', '\r\n', '\x0b', '\x0c'), behavior will be unspecified
  tokens_by_line = make_tokens_by_line(lines)
/app/ipython/IPython/core/inputtransformer2.py:714: UserWarning: `make_tokens_by_line` received a list of lines which do not have lineending markers ('\n', '\r', '\r\n', '\x0b', '\x0c'), behavior will be unspecified
  tokens_by_line = make_tokens_by_line(lines)
/app/ipython/IPython/core/inputtransformer2.py:608: UserWarning: `make_tokens_by_line` received a list of lines which do not have lineending markers ('\n', '\r', '\r\n', '\x0b', '\x0c'), behavior will be unspecified
  tokens_by_line = make_tokens_by_line(lines)
/app/ipython/IPython/core/inputtransformer2.py:714: UserWarning: `make_tokens_by_line` received a list of lines which do not have lineending markers ('\n', '\r', '\r\n', '\x0b', '\x0c'), behavior will be unspecified
  tokens_by_line = make_tokens_by_line(lines)
/app/ipython/IPython/core/inputtransformer2.py:608: UserWarning: `make_tokens_by_line` received a list of lines which do not have lineending markers ('\n', '\r', '\r\n', '\x0b', '\x0c'), behavior will be unspecified
  tokens_by_line = make_tokens_by_line(lines)
/app/ipython/IPython/core/inputtransformer2.py:714: UserWarning: `make_tokens_by_line` received a list of lines which do not have lineending markers ('\n', '\r', '\r\n', '\x0b', '\x0c'), behavior will be unspecified
  tokens_by_line = make_tokens_by_line(lines)
/app/ipython/IPython/core/inputtransformer2.py:608: UserWarning: `make_tokens_by_line` received a list of lines which do not have lineending markers ('\n', '\r', '\r\n', '\x0b', '\x0c'), behavior will be unspecified
  tokens_by_line = make_tokens_by_line(lines)
/app/ipython/IPython/core/inputtransformer2.py:714: UserWarning: `make_tokens_by_line` received a list of lines which do not have lineending markers ('\n', '\r', '\r\n', '\x0b', '\x0c'), behavior will be unspecified
  tokens_by_line = make_tokens_by_line(lines)
/app/ipython/IPython/core/inputtransformer2.py:608: UserWarning: `make_tokens_by_line` received a list of lines which do not have lineending markers ('\n', '\r', '\r\n', '\x0b', '\x0c'), behavior will be unspecified
  tokens_by_line = make_tokens_by_line(lines)
/app/ipython/IPython/core/inputtransformer2.py:608: UserWarning: `make_tokens_by_line` received a list of lines which do not have lineending markers ('\n', '\r', '\r\n', '\x0b', '\x0c'), behavior will be unspecified
  tokens_by_line = make_tokens_by_line(lines)
/app/ipython/IPython/core/inputtransformer2.py:714: UserWarning: `make_tokens_by_line` received a list of lines which do not have lineending markers ('\n', '\r', '\r\n', '\x0b', '\x0c'), behavior will be unspecified
  tokens_by_line = make_tokens_by_line(lines)
/app/ipython/IPython/core/inputtransformer2.py:608: UserWarning: `make_tokens_by_line` received a list of lines which do not have lineending markers ('\n', '\r', '\r\n', '\x0b', '\x0c'), behavior will be unspecified
  tokens_by_line = make_tokens_by_line(lines)
/app/ipython/IPython/core/inputtransformer2.py:714: UserWarning: `make_tokens_by_line` received a list of lines which do not have lineending markers ('\n', '\r', '\r\n', '\x0b', '\x0c'), behavior will be unspecified
  tokens_by_line = make_tokens_by_line(lines)
/app/ipython/IPython/core/inputtransformer2.py:608: UserWarning: `make_tokens_by_line` received a list of lines which do not have lineending markers ('\n', '\r', '\r\n', '\x0b', '\x0c'), behavior will be unspecified
  tokens_by_line = make_tokens_by_line(lines)
#1777	REDUCE cov: 265 ft: 629 corp: 52/171b lim: 4 exec/s: 0 rss: 86Mb L: 3/4 MS: 4 CopyPart-CopyPart-ChangeBit-EraseBytes-
/app/ipython/IPython/core/inputtransformer2.py:608: UserWarning: `make_tokens_by_line` received a list of lines which do not have lineending markers ('\n', '\r', '\r\n', '\x0b', '\x0c'), behavior will be unspecified
  tokens_by_line = make_tokens_by_line(lines)
/app/ipython/IPython/core/inputtransformer2.py:608: UserWarning: `make_tokens_by_line` received a list of lines which do not have lineending markers ('\n', '\r', '\r\n', '\x0b', '\x0c'), behavior will be unspecified
  tokens_by_line = make_tokens_by_line(lines)
/app/ipython/IPython/core/inputtransformer2.py:608: UserWarning: `make_tokens_by_line` received a list of lines which do not have lineending markers ('\n', '\r', '\r\n', '\x0b', '\x0c'), behavior will be unspecified
  tokens_by_line = make_tokens_by_line(lines)
/app/ipython/IPython/core/inputtransformer2.py:714: UserWarning: `make_tokens_by_line` received a list of lines which do not have lineending markers ('\n', '\r', '\r\n', '\x0b', '\x0c'), behavior will be unspecified
  tokens_by_line = make_tokens_by_line(lines)
/app/ipython/IPython/core/inputtransformer2.py:608: UserWarning: `make_tokens_by_line` received a list of lines which do not have lineending markers ('\n', '\r', '\r\n', '\x0b', '\x0c'), behavior will be unspecified
  tokens_by_line = make_tokens_by_line(lines)
/app/ipython/IPython/core/inputtransformer2.py:714: UserWarning: `make_tokens_by_line` received a list of lines which do not have lineending markers ('\n', '\r', '\r\n', '\x0b', '\x0c'), behavior will be unspecified
  tokens_by_line = make_tokens_by_line(lines)
#1929	REDUCE cov: 265 ft: 629 corp: 52/170b lim: 4 exec/s: 0 rss: 86Mb L: 3/4 MS: 2 ChangeBit-EraseBytes-
/app/ipython/IPython/core/inputtransformer2.py:608: UserWarning: `make_tokens_by_line` received a list of lines which do not have lineending markers ('\n', '\r', '\r\n', '\x0b', '\x0c'), behavior will be unspecified
  tokens_by_line = make_tokens_by_line(lines)
/app/ipython/IPython/core/inputtransformer2.py:714: UserWarning: `make_tokens_by_line` received a list of lines which do not have lineending markers ('\n', '\r', '\r\n', '\x0b', '\x0c'), behavior will be unspecified
  tokens_by_line = make_tokens_by_line(lines)
/app/ipython/IPython/core/inputtransformer2.py:608: UserWarning: `make_tokens_by_line` received a list of lines which do not have lineending markers ('\n', '\r', '\r\n', '\x0b', '\x0c'), behavior will be unspecified
  tokens_by_line = make_tokens_by_line(lines)
/app/ipython/IPython/core/inputtransformer2.py:714: UserWarning: `make_tokens_by_line` received a list of lines which do not have lineending markers ('\n', '\r', '\r\n', '\x0b', '\x0c'), behavior will be unspecified
  tokens_by_line = make_tokens_by_line(lines)
/app/ipython/IPython/core/inputtransformer2.py:608: UserWarning: `make_tokens_by_line` received a list of lines which do not have lineending markers ('\n', '\r', '\r\n', '\x0b', '\x0c'), behavior will be unspecified
  tokens_by_line = make_tokens_by_line(lines)
/app/ipython/IPython/core/inputtransformer2.py:714: UserWarning: `make_tokens_by_line` received a list of lines which do not have lineending markers ('\n', '\r', '\r\n', '\x0b', '\x0c'), behavior will be unspecified
  tokens_by_line = make_tokens_by_line(lines)
/app/ipython/IPython/core/inputtransformer2.py:608: UserWarning: `make_tokens_by_line` received a list of lines which do not have lineending markers ('\n', '\r', '\r\n', '\x0b', '\x0c'), behavior will be unspecified
  tokens_by_line = make_tokens_by_line(lines)
/app/ipython/IPython/core/inputtransformer2.py:714: UserWarning: `make_tokens_by_line` received a list of lines which do not have lineending markers ('\n', '\r', '\r\n', '\x0b', '\x0c'), behavior will be unspecified
  tokens_by_line = make_tokens_by_line(lines)
/app/ipython/IPython/core/inputtransformer2.py:608: UserWarning: `make_tokens_by_line` received a list of lines which do not have lineending markers ('\n', '\r', '\r\n', '\x0b', '\x0c'), behavior will be unspecified
  tokens_by_line = make_tokens_by_line(lines)
/app/ipython/IPython/core/inputtransformer2.py:714: UserWarning: `make_tokens_by_line` received a list of lines which do not have lineending markers ('\n', '\r', '\r\n', '\x0b', '\x0c'), behavior will be unspecified
  tokens_by_line = make_tokens_by_line(lines)
/app/ipython/IPython/core/inputtransformer2.py:608: UserWarning: `make_tokens_by_line` received a list of lines which do not have lineending markers ('\n', '\r', '\r\n', '\x0b', '\x0c'), behavior will be unspecified
  tokens_by_line = make_tokens_by_line(lines)
/app/ipython/IPython/core/inputtransformer2.py:714: UserWarning: `make_tokens_by_line` received a list of lines which do not have lineending markers ('\n', '\r', '\r\n', '\x0b', '\x0c'), behavior will be unspecified
  tokens_by_line = make_tokens_by_line(lines)
#2020	NEW    cov: 265 ft: 636 corp: 53/174b lim: 4 exec/s: 0 rss: 86Mb L: 4/4 MS: 1 CopyPart-
/app/ipython/IPython/core/inputtransformer2.py:608: UserWarning: `make_tokens_by_line` received a list of lines which do not have lineending markers ('\n', '\r', '\r\n', '\x0b', '\x0c'), behavior will be unspecified
  tokens_by_line = make_tokens_by_line(lines)
/app/ipython/IPython/core/inputtransformer2.py:714: UserWarning: `make_tokens_by_line` received a list of lines which do not have lineending markers ('\n', '\r', '\r\n', '\x0b', '\x0c'), behavior will be unspecified
  tokens_by_line = make_tokens_by_line(lines)
#2061	REDUCE cov: 265 ft: 636 corp: 53/173b lim: 4 exec/s: 0 rss: 86Mb L: 3/4 MS: 1 EraseBytes-
#2168	REDUCE cov: 265 ft: 636 corp: 53/172b lim: 4 exec/s: 0 rss: 86Mb L: 2/4 MS: 2 ChangeBit-EraseBytes-
#2307	REDUCE cov: 265 ft: 640 corp: 54/175b lim: 4 exec/s: 0 rss: 86Mb L: 3/4 MS: 4 CrossOver-ShuffleBytes-InsertByte-ChangeBit-
#2344	REDUCE cov: 265 ft: 640 corp: 54/174b lim: 4 exec/s: 0 rss: 86Mb L: 3/4 MS: 2 ShuffleBytes-CrossOver-
#2380	NEW    cov: 265 ft: 646 corp: 55/178b lim: 4 exec/s: 0 rss: 86Mb L: 4/4 MS: 1 CrossOver-
/app/ipython/IPython/core/inputtransformer2.py:608: UserWarning: `make_tokens_by_line` received a list of lines which do not have lineending markers ('\n', '\r', '\r\n', '\x0b', '\x0c'), behavior will be unspecified
  tokens_by_line = make_tokens_by_line(lines)
/app/ipython/IPython/core/inputtransformer2.py:714: UserWarning: `make_tokens_by_line` received a list of lines which do not have lineending markers ('\n', '\r', '\r\n', '\x0b', '\x0c'), behavior will be unspecified
  tokens_by_line = make_tokens_by_line(lines)
/app/ipython/IPython/core/inputtransformer2.py:608: UserWarning: `make_tokens_by_line` received a list of lines which do not have lineending markers ('\n', '\r', '\r\n', '\x0b', '\x0c'), behavior will be unspecified
  tokens_by_line = make_tokens_by_line(lines)
/app/ipython/IPython/core/inputtransformer2.py:714: UserWarning: `make_tokens_by_line` received a list of lines which do not have lineending markers ('\n', '\r', '\r\n', '\x0b', '\x0c'), behavior will be unspecified
  tokens_by_line = make_tokens_by_line(lines)
/app/ipython/IPython/core/inputtransformer2.py:608: UserWarning: `make_tokens_by_line` received a list of lines which do not have lineending markers ('\n', '\r', '\r\n', '\x0b', '\x0c'), behavior will be unspecified
  tokens_by_line = make_tokens_by_line(lines)
/app/ipython/IPython/core/inputtransformer2.py:714: UserWarning: `make_tokens_by_line` received a list of lines which do not have lineending markers ('\n', '\r', '\r\n', '\x0b', '\x0c'), behavior will be unspecified
  tokens_by_line = make_tokens_by_line(lines)
#2498	NEW    cov: 265 ft: 651 corp: 56/182b lim: 4 exec/s: 0 rss: 86Mb L: 4/4 MS: 3 ChangeByte-CopyPart-ChangeByte-
/app/ipython/IPython/core/inputtransformer2.py:608: UserWarning: `make_tokens_by_line` received a list of lines which do not have lineending markers ('\n', '\r', '\r\n', '\x0b', '\x0c'), behavior will be unspecified
  tokens_by_line = make_tokens_by_line(lines)
/app/ipython/IPython/core/inputtransformer2.py:714: UserWarning: `make_tokens_by_line` received a list of lines which do not have lineending markers ('\n', '\r', '\r\n', '\x0b', '\x0c'), behavior will be unspecified
  tokens_by_line = make_tokens_by_line(lines)
/app/ipython/IPython/core/inputtransformer2.py:608: UserWarning: `make_tokens_by_line` received a list of lines which do not have lineending markers ('\n', '\r', '\r\n', '\x0b', '\x0c'), behavior will be unspecified
  tokens_by_line = make_tokens_by_line(lines)
/app/ipython/IPython/core/inputtransformer2.py:714: UserWarning: `make_tokens_by_line` received a list of lines which do not have lineending markers ('\n', '\r', '\r\n', '\x0b', '\x0c'), behavior will be unspecified
  tokens_by_line = make_tokens_by_line(lines)
/app/ipython/IPython/core/inputtransformer2.py:608: UserWarning: `make_tokens_by_line` received a list of lines which do not have lineending markers ('\n', '\r', '\r\n', '\x0b', '\x0c'), behavior will be unspecified
  tokens_by_line = make_tokens_by_line(lines)
/app/ipython/IPython/core/inputtransformer2.py:714: UserWarning: `make_tokens_by_line` received a list of lines which do not have lineending markers ('\n', '\r', '\r\n', '\x0b', '\x0c'), behavior will be unspecified
  tokens_by_line = make_tokens_by_line(lines)
/app/ipython/IPython/core/inputtransformer2.py:608: UserWarning: `make_tokens_by_line` received a list of lines which do not have lineending markers ('\n', '\r', '\r\n', '\x0b', '\x0c'), behavior will be unspecified
  tokens_by_line = make_tokens_by_line(lines)
/app/ipython/IPython/core/inputtransformer2.py:714: UserWarning: `make_tokens_by_line` received a list of lines which do not have lineending markers ('\n', '\r', '\r\n', '\x0b', '\x0c'), behavior will be unspecified
  tokens_by_line = make_tokens_by_line(lines)
#2620	NEW    cov: 265 ft: 654 corp: 57/186b lim: 4 exec/s: 0 rss: 86Mb L: 4/4 MS: 2 ChangeBit-ChangeByte-
#2751	NEW    cov: 265 ft: 655 corp: 58/190b lim: 4 exec/s: 0 rss: 86Mb L: 4/4 MS: 1 ChangeByte-
/app/ipython/IPython/core/inputtransformer2.py:608: UserWarning: `make_tokens_by_line` received a list of lines which do not have lineending markers ('\n', '\r', '\r\n', '\x0b', '\x0c'), behavior will be unspecified
  tokens_by_line = make_tokens_by_line(lines)
/app/ipython/IPython/core/inputtransformer2.py:714: UserWarning: `make_tokens_by_line` received a list of lines which do not have lineending markers ('\n', '\r', '\r\n', '\x0b', '\x0c'), behavior will be unspecified
  tokens_by_line = make_tokens_by_line(lines)
/app/ipython/IPython/core/inputtransformer2.py:608: UserWarning: `make_tokens_by_line` received a list of lines which do not have lineending markers ('\n', '\r', '\r\n', '\x0b', '\x0c'), behavior will be unspecified
  tokens_by_line = make_tokens_by_line(lines)
/app/ipython/IPython/core/inputtransformer2.py:714: UserWarning: `make_tokens_by_line` received a list of lines which do not have lineending markers ('\n', '\r', '\r\n', '\x0b', '\x0c'), behavior will be unspecified
  tokens_by_line = make_tokens_by_line(lines)
/app/ipython/IPython/core/inputtransformer2.py:608: UserWarning: `make_tokens_by_line` received a list of lines which do not have lineending markers ('\n', '\r', '\r\n', '\x0b', '\x0c'), behavior will be unspecified
  tokens_by_line = make_tokens_by_line(lines)
/app/ipython/IPython/core/inputtransformer2.py:714: UserWarning: `make_tokens_by_line` received a list of lines which do not have lineending markers ('\n', '\r', '\r\n', '\x0b', '\x0c'), behavior will be unspecified
  tokens_by_line = make_tokens_by_line(lines)
/app/ipython/IPython/core/inputtransformer2.py:608: UserWarning: `make_tokens_by_line` received a list of lines which do not have lineending markers ('\n', '\r', '\r\n', '\x0b', '\x0c'), behavior will be unspecified
  tokens_by_line = make_tokens_by_line(lines)
/app/ipython/IPython/core/inputtransformer2.py:714: UserWarning: `make_tokens_by_line` received a list of lines which do not have lineending markers ('\n', '\r', '\r\n', '\x0b', '\x0c'), behavior will be unspecified
  tokens_by_line = make_tokens_by_line(lines)
/app/ipython/IPython/core/inputtransformer2.py:608: UserWarning: `make_tokens_by_line` received a list of lines which do not have lineending markers ('\n', '\r', '\r\n', '\x0b', '\x0c'), behavior will be unspecified
  tokens_by_line = make_tokens_by_line(lines)
/app/ipython/IPython/core/inputtransformer2.py:714: UserWarning: `make_tokens_by_line` received a list of lines which do not have lineending markers ('\n', '\r', '\r\n', '\x0b', '\x0c'), behavior will be unspecified
  tokens_by_line = make_tokens_by_line(lines)
/app/ipython/IPython/core/inputtransformer2.py:608: UserWarning: `make_tokens_by_line` received a list of lines which do not have lineending markers ('\n', '\r', '\r\n', '\x0b', '\x0c'), behavior will be unspecified
  tokens_by_line = make_tokens_by_line(lines)
/app/ipython/IPython/core/inputtransformer2.py:714: UserWarning: `make_tokens_by_line` received a list of lines which do not have lineending markers ('\n', '\r', '\r\n', '\x0b', '\x0c'), behavior will be unspecified
  tokens_by_line = make_tokens_by_line(lines)
#2909	REDUCE cov: 266 ft: 656 corp: 59/192b lim: 4 exec/s: 0 rss: 86Mb L: 2/4 MS: 3 EraseBytes-CrossOver-ChangeBit-
/app/ipython/IPython/core/inputtransformer2.py:608: UserWarning: `make_tokens_by_line` received a list of lines which do not have lineending markers ('\n', '\r', '\r\n', '\x0b', '\x0c'), behavior will be unspecified
  tokens_by_line = make_tokens_by_line(lines)
/app/ipython/IPython/core/inputtransformer2.py:608: UserWarning: `make_tokens_by_line` received a list of lines which do not have lineending markers ('\n', '\r', '\r\n', '\x0b', '\x0c'), behavior will be unspecified
  tokens_by_line = make_tokens_by_line(lines)
/app/ipython/IPython/core/inputtransformer2.py:714: UserWarning: `make_tokens_by_line` received a list of lines which do not have lineending markers ('\n', '\r', '\r\n', '\x0b', '\x0c'), behavior will be unspecified
  tokens_by_line = make_tokens_by_line(lines)
/app/ipython/IPython/core/inputtransformer2.py:608: UserWarning: `make_tokens_by_line` received a list of lines which do not have lineending markers ('\n', '\r', '\r\n', '\x0b', '\x0c'), behavior will be unspecified
  tokens_by_line = make_tokens_by_line(lines)
/app/ipython/IPython/core/inputtransformer2.py:714: UserWarning: `make_tokens_by_line` received a list of lines which do not have lineending markers ('\n', '\r', '\r\n', '\x0b', '\x0c'), behavior will be unspecified
  tokens_by_line = make_tokens_by_line(lines)
/app/ipython/IPython/core/inputtransformer2.py:608: UserWarning: `make_tokens_by_line` received a list of lines which do not have lineending markers ('\n', '\r', '\r\n', '\x0b', '\x0c'), behavior will be unspecified
  tokens_by_line = make_tokens_by_line(lines)
/app/ipython/IPython/core/inputtransformer2.py:714: UserWarning: `make_tokens_by_line` received a list of lines which do not have lineending markers ('\n', '\r', '\r\n', '\x0b', '\x0c'), behavior will be unspecified
  tokens_by_line = make_tokens_by_line(lines)
/app/ipython/IPython/core/inputtransformer2.py:608: UserWarning: `make_tokens_by_line` received a list of lines which do not have lineending markers ('\n', '\r', '\r\n', '\x0b', '\x0c'), behavior will be unspecified
  tokens_by_line = make_tokens_by_line(lines)
/app/ipython/IPython/core/inputtransformer2.py:714: UserWarning: `make_tokens_by_line` received a list of lines which do not have lineending markers ('\n', '\r', '\r\n', '\x0b', '\x0c'), behavior will be unspecified
  tokens_by_line = make_tokens_by_line(lines)
/app/ipython/IPython/core/inputtransformer2.py:608: UserWarning: `make_tokens_by_line` received a list of lines which do not have lineending markers ('\n', '\r', '\r\n', '\x0b', '\x0c'), behavior will be unspecified
  tokens_by_line = make_tokens_by_line(lines)
/app/ipython/IPython/core/inputtransformer2.py:714: UserWarning: `make_tokens_by_line` received a list of lines which do not have lineending markers ('\n', '\r', '\r\n', '\x0b', '\x0c'), behavior will be unspecified
  tokens_by_line = make_tokens_by_line(lines)
/app/ipython/IPython/core/inputtransformer2.py:608: UserWarning: `make_tokens_by_line` received a list of lines which do not have lineending markers ('\n', '\r', '\r\n', '\x0b', '\x0c'), behavior will be unspecified
  tokens_by_line = make_tokens_by_line(lines)
/app/ipython/IPython/core/inputtransformer2.py:714: UserWarning: `make_tokens_by_line` received a list of lines which do not have lineending markers ('\n', '\r', '\r\n', '\x0b', '\x0c'), behavior will be unspecified
  tokens_by_line = make_tokens_by_line(lines)
/app/ipython/IPython/core/inputtransformer2.py:608: UserWarning: `make_tokens_by_line` received a list of lines which do not have lineending markers ('\n', '\r', '\r\n', '\x0b', '\x0c'), behavior will be unspecified
  tokens_by_line = make_tokens_by_line(lines)
/app/ipython/IPython/core/inputtransformer2.py:714: UserWarning: `make_tokens_by_line` received a list of lines which do not have lineending markers ('\n', '\r', '\r\n', '\x0b', '\x0c'), behavior will be unspecified
  tokens_by_line = make_tokens_by_line(lines)
/app/ipython/IPython/core/inputtransformer2.py:608: UserWarning: `make_tokens_by_line` received a list of lines which do not have lineending markers ('\n', '\r', '\r\n', '\x0b', '\x0c'), behavior will be unspecified
  tokens_by_line = make_tokens_by_line(lines)
/app/ipython/IPython/core/inputtransformer2.py:714: UserWarning: `make_tokens_by_line` received a list of lines which do not have lineending markers ('\n', '\r', '\r\n', '\x0b', '\x0c'), behavior will be unspecified
  tokens_by_line = make_tokens_by_line(lines)
#3120	REDUCE cov: 266 ft: 658 corp: 60/195b lim: 6 exec/s: 0 rss: 86Mb L: 3/4 MS: 1 ChangeByte-
/app/ipython/IPython/core/inputtransformer2.py:608: UserWarning: `make_tokens_by_line` received a list of lines which do not have lineending markers ('\n', '\r', '\r\n', '\x0b', '\x0c'), behavior will be unspecified
  tokens_by_line = make_tokens_by_line(lines)
/app/ipython/IPython/core/inputtransformer2.py:714: UserWarning: `make_tokens_by_line` received a list of lines which do not have lineending markers ('\n', '\r', '\r\n', '\x0b', '\x0c'), behavior will be unspecified
  tokens_by_line = make_tokens_by_line(lines)
#3136	NEW    cov: 266 ft: 659 corp: 61/200b lim: 6 exec/s: 0 rss: 86Mb L: 5/5 MS: 1 CopyPart-
#3172	NEW    cov: 266 ft: 663 corp: 62/205b lim: 6 exec/s: 3172 rss: 86Mb L: 5/5 MS: 1 PersAutoDict- DE: "\377\377"-
#3185	NEW    cov: 266 ft: 664 corp: 63/210b lim: 6 exec/s: 3185 rss: 86Mb L: 5/5 MS: 3 CopyPart-ShuffleBytes-CrossOver-
/app/ipython/IPython/core/inputtransformer2.py:608: UserWarning: `make_tokens_by_line` received a list of lines which do not have lineending markers ('\n', '\r', '\r\n', '\x0b', '\x0c'), behavior will be unspecified
  tokens_by_line = make_tokens_by_line(lines)
/app/ipython/IPython/core/inputtransformer2.py:714: UserWarning: `make_tokens_by_line` received a list of lines which do not have lineending markers ('\n', '\r', '\r\n', '\x0b', '\x0c'), behavior will be unspecified
  tokens_by_line = make_tokens_by_line(lines)
/app/ipython/IPython/core/inputtransformer2.py:608: UserWarning: `make_tokens_by_line` received a list of lines which do not have lineending markers ('\n', '\r', '\r\n', '\x0b', '\x0c'), behavior will be unspecified
  tokens_by_line = make_tokens_by_line(lines)
#3188	NEW    cov: 268 ft: 666 corp: 64/214b lim: 6 exec/s: 3188 rss: 86Mb L: 4/5 MS: 3 ShuffleBytes-InsertByte-ChangeByte-
/app/ipython/IPython/core/inputtransformer2.py:608: UserWarning: `make_tokens_by_line` received a list of lines which do not have lineending markers ('\n', '\r', '\r\n', '\x0b', '\x0c'), behavior will be unspecified
  tokens_by_line = make_tokens_by_line(lines)
/app/ipython/IPython/core/inputtransformer2.py:714: UserWarning: `make_tokens_by_line` received a list of lines which do not have lineending markers ('\n', '\r', '\r\n', '\x0b', '\x0c'), behavior will be unspecified
  tokens_by_line = make_tokens_by_line(lines)
/app/ipython/IPython/core/inputtransformer2.py:608: UserWarning: `make_tokens_by_line` received a list of lines which do not have lineending markers ('\n', '\r', '\r\n', '\x0b', '\x0c'), behavior will be unspecified
  tokens_by_line = make_tokens_by_line(lines)
/app/ipython/IPython/core/inputtransformer2.py:714: UserWarning: `make_tokens_by_line` received a list of lines which do not have lineending markers ('\n', '\r', '\r\n', '\x0b', '\x0c'), behavior will be unspecified
  tokens_by_line = make_tokens_by_line(lines)
/app/ipython/IPython/core/inputtransformer2.py:608: UserWarning: `make_tokens_by_line` received a list of lines which do not have lineending markers ('\n', '\r', '\r\n', '\x0b', '\x0c'), behavior will be unspecified
  tokens_by_line = make_tokens_by_line(lines)
/app/ipython/IPython/core/inputtransformer2.py:714: UserWarning: `make_tokens_by_line` received a list of lines which do not have lineending markers ('\n', '\r', '\r\n', '\x0b', '\x0c'), behavior will be unspecified
  tokens_by_line = make_tokens_by_line(lines)
/app/ipython/IPython/core/inputtransformer2.py:608: UserWarning: `make_tokens_by_line` received a list of lines which do not have lineending markers ('\n', '\r', '\r\n', '\x0b', '\x0c'), behavior will be unspecified
  tokens_by_line = make_tokens_by_line(lines)
/app/ipython/IPython/core/inputtransformer2.py:714: UserWarning: `make_tokens_by_line` received a list of lines which do not have lineending markers ('\n', '\r', '\r\n', '\x0b', '\x0c'), behavior will be unspecified
  tokens_by_line = make_tokens_by_line(lines)
/app/ipython/IPython/core/inputtransformer2.py:608: UserWarning: `make_tokens_by_line` received a list of lines which do not have lineending markers ('\n', '\r', '\r\n', '\x0b', '\x0c'), behavior will be unspecified
  tokens_by_line = make_tokens_by_line(lines)
/app/ipython/IPython/core/inputtransformer2.py:714: UserWarning: `make_tokens_by_line` received a list of lines which do not have lineending markers ('\n', '\r', '\r\n', '\x0b', '\x0c'), behavior will be unspecified
  tokens_by_line = make_tokens_by_line(lines)
/app/ipython/IPython/core/inputtransformer2.py:608: UserWarning: `make_tokens_by_line` received a list of lines which do not have lineending markers ('\n', '\r', '\r\n', '\x0b', '\x0c'), behavior will be unspecified
  tokens_by_line = make_tokens_by_line(lines)
#3244	REDUCE cov: 268 ft: 666 corp: 64/213b lim: 6 exec/s: 3244 rss: 86Mb L: 3/5 MS: 1 EraseBytes-
/app/ipython/IPython/core/inputtransformer2.py:608: UserWarning: `make_tokens_by_line` received a list of lines which do not have lineending markers ('\n', '\r', '\r\n', '\x0b', '\x0c'), behavior will be unspecified
  tokens_by_line = make_tokens_by_line(lines)
/app/ipython/IPython/core/inputtransformer2.py:714: UserWarning: `make_tokens_by_line` received a list of lines which do not have lineending markers ('\n', '\r', '\r\n', '\x0b', '\x0c'), behavior will be unspecified
  tokens_by_line = make_tokens_by_line(lines)
/app/ipython/IPython/core/inputtransformer2.py:608: UserWarning: `make_tokens_by_line` received a list of lines which do not have lineending markers ('\n', '\r', '\r\n', '\x0b', '\x0c'), behavior will be unspecified
  tokens_by_line = make_tokens_by_line(lines)
/app/ipython/IPython/core/inputtransformer2.py:714: UserWarning: `make_tokens_by_line` received a list of lines which do not have lineending markers ('\n', '\r', '\r\n', '\x0b', '\x0c'), behavior will be unspecified
  tokens_by_line = make_tokens_by_line(lines)
/app/ipython/IPython/core/inputtransformer2.py:608: UserWarning: `make_tokens_by_line` received a list of lines which do not have lineending markers ('\n', '\r', '\r\n', '\x0b', '\x0c'), behavior will be unspecified
  tokens_by_line = make_tokens_by_line(lines)
/app/ipython/IPython/core/inputtransformer2.py:714: UserWarning: `make_tokens_by_line` received a list of lines which do not have lineending markers ('\n', '\r', '\r\n', '\x0b', '\x0c'), behavior will be unspecified
  tokens_by_line = make_tokens_by_line(lines)
/app/ipython/IPython/core/inputtransformer2.py:608: UserWarning: `make_tokens_by_line` received a list of lines which do not have lineending markers ('\n', '\r', '\r\n', '\x0b', '\x0c'), behavior will be unspecified
  tokens_by_line = make_tokens_by_line(lines)
/app/ipython/IPython/core/inputtransformer2.py:714: UserWarning: `make_tokens_by_line` received a list of lines which do not have lineending markers ('\n', '\r', '\r\n', '\x0b', '\x0c'), behavior will be unspecified
  tokens_by_line = make_tokens_by_line(lines)
/app/ipython/IPython/core/inputtransformer2.py:608: UserWarning: `make_tokens_by_line` received a list of lines which do not have lineending markers ('\n', '\r', '\r\n', '\x0b', '\x0c'), behavior will be unspecified
  tokens_by_line = make_tokens_by_line(lines)
/app/ipython/IPython/core/inputtransformer2.py:714: UserWarning: `make_tokens_by_line` received a list of lines which do not have lineending markers ('\n', '\r', '\r\n', '\x0b', '\x0c'), behavior will be unspecified
  tokens_by_line = make_tokens_by_line(lines)
/app/ipython/IPython/core/inputtransformer2.py:608: UserWarning: `make_tokens_by_line` received a list of lines which do not have lineending markers ('\n', '\r', '\r\n', '\x0b', '\x0c'), behavior will be unspecified
  tokens_by_line = make_tokens_by_line(lines)
/app/ipython/IPython/core/inputtransformer2.py:714: UserWarning: `make_tokens_by_line` received a list of lines which do not have lineending markers ('\n', '\r', '\r\n', '\x0b', '\x0c'), behavior will be unspecified
  tokens_by_line = make_tokens_by_line(lines)
/app/ipython/IPython/core/inputtransformer2.py:608: UserWarning: `make_tokens_by_line` received a list of lines which do not have lineending markers ('\n', '\r', '\r\n', '\x0b', '\x0c'), behavior will be unspecified
  tokens_by_line = make_tokens_by_line(lines)
/app/ipython/IPython/core/inputtransformer2.py:714: UserWarning: `make_tokens_by_line` received a list of lines which do not have lineending markers ('\n', '\r', '\r\n', '\x0b', '\x0c'), behavior will be unspecified
  tokens_by_line = make_tokens_by_line(lines)
#3485	NEW    cov: 268 ft: 674 corp: 65/219b lim: 8 exec/s: 3485 rss: 86Mb L: 6/6 MS: 1 CopyPart-
/app/ipython/IPython/core/inputtransformer2.py:608: UserWarning: `make_tokens_by_line` received a list of lines which do not have lineending markers ('\n', '\r', '\r\n', '\x0b', '\x0c'), behavior will be unspecified
  tokens_by_line = make_tokens_by_line(lines)
/app/ipython/IPython/core/inputtransformer2.py:714: UserWarning: `make_tokens_by_line` received a list of lines which do not have lineending markers ('\n', '\r', '\r\n', '\x0b', '\x0c'), behavior will be unspecified
  tokens_by_line = make_tokens_by_line(lines)
/app/ipython/IPython/core/inputtransformer2.py:608: UserWarning: `make_tokens_by_line` received a list of lines which do not have lineending markers ('\n', '\r', '\r\n', '\x0b', '\x0c'), behavior will be unspecified
  tokens_by_line = make_tokens_by_line(lines)
/app/ipython/IPython/core/inputtransformer2.py:714: UserWarning: `make_tokens_by_line` received a list of lines which do not have lineending markers ('\n', '\r', '\r\n', '\x0b', '\x0c'), behavior will be unspecified
  tokens_by_line = make_tokens_by_line(lines)
/app/ipython/IPython/core/inputtransformer2.py:608: UserWarning: `make_tokens_by_line` received a list of lines which do not have lineending markers ('\n', '\r', '\r\n', '\x0b', '\x0c'), behavior will be unspecified
  tokens_by_line = make_tokens_by_line(lines)
/app/ipython/IPython/core/inputtransformer2.py:714: UserWarning: `make_tokens_by_line` received a list of lines which do not have lineending markers ('\n', '\r', '\r\n', '\x0b', '\x0c'), behavior will be unspecified
  tokens_by_line = make_tokens_by_line(lines)
#3523	REDUCE cov: 268 ft: 674 corp: 65/218b lim: 8 exec/s: 3523 rss: 86Mb L: 3/6 MS: 3 ChangeBit-InsertByte-EraseBytes-
/app/ipython/IPython/core/inputtransformer2.py:608: UserWarning: `make_tokens_by_line` received a list of lines which do not have lineending markers ('\n', '\r', '\r\n', '\x0b', '\x0c'), behavior will be unspecified
  tokens_by_line = make_tokens_by_line(lines)
/app/ipython/IPython/core/inputtransformer2.py:608: UserWarning: `make_tokens_by_line` received a list of lines which do not have lineending markers ('\n', '\r', '\r\n', '\x0b', '\x0c'), behavior will be unspecified
  tokens_by_line = make_tokens_by_line(lines)
/app/ipython/IPython/core/inputtransformer2.py:714: UserWarning: `make_tokens_by_line` received a list of lines which do not have lineending markers ('\n', '\r', '\r\n', '\x0b', '\x0c'), behavior will be unspecified
  tokens_by_line = make_tokens_by_line(lines)
/app/ipython/IPython/core/inputtransformer2.py:608: UserWarning: `make_tokens_by_line` received a list of lines which do not have lineending markers ('\n', '\r', '\r\n', '\x0b', '\x0c'), behavior will be unspecified
  tokens_by_line = make_tokens_by_line(lines)
/app/ipython/IPython/core/inputtransformer2.py:714: UserWarning: `make_tokens_by_line` received a list of lines which do not have lineending markers ('\n', '\r', '\r\n', '\x0b', '\x0c'), behavior will be unspecified
  tokens_by_line = make_tokens_by_line(lines)
/app/ipython/IPython/core/inputtransformer2.py:608: UserWarning: `make_tokens_by_line` received a list of lines which do not have lineending markers ('\n', '\r', '\r\n', '\x0b', '\x0c'), behavior will be unspecified
  tokens_by_line = make_tokens_by_line(lines)
/app/ipython/IPython/core/inputtransformer2.py:714: UserWarning: `make_tokens_by_line` received a list of lines which do not have lineending markers ('\n', '\r', '\r\n', '\x0b', '\x0c'), behavior will be unspecified
  tokens_by_line = make_tokens_by_line(lines)
/app/ipython/IPython/core/inputtransformer2.py:608: UserWarning: `make_tokens_by_line` received a list of lines which do not have lineending markers ('\n', '\r', '\r\n', '\x0b', '\x0c'), behavior will be unspecified
  tokens_by_line = make_tokens_by_line(lines)
/app/ipython/IPython/core/inputtransformer2.py:714: UserWarning: `make_tokens_by_line` received a list of lines which do not have lineending markers ('\n', '\r', '\r\n', '\x0b', '\x0c'), behavior will be unspecified
  tokens_by_line = make_tokens_by_line(lines)
/app/ipython/IPython/core/inputtransformer2.py:608: UserWarning: `make_tokens_by_line` received a list of lines which do not have lineending markers ('\n', '\r', '\r\n', '\x0b', '\x0c'), behavior will be unspecified
  tokens_by_line = make_tokens_by_line(lines)
/app/ipython/IPython/core/inputtransformer2.py:714: UserWarning: `make_tokens_by_line` received a list of lines which do not have lineending markers ('\n', '\r', '\r\n', '\x0b', '\x0c'), behavior will be unspecified
  tokens_by_line = make_tokens_by_line(lines)
#3599	NEW    cov: 268 ft: 676 corp: 66/224b lim: 8 exec/s: 3599 rss: 86Mb L: 6/6 MS: 1 CrossOver-
#3625	NEW    cov: 268 ft: 729 corp: 67/229b lim: 8 exec/s: 3625 rss: 86Mb L: 5/6 MS: 1 CopyPart-
#3656	NEW    cov: 268 ft: 733 corp: 68/234b lim: 8 exec/s: 3656 rss: 86Mb L: 5/6 MS: 1 PersAutoDict- DE: "\377\377"-
/app/ipython/IPython/core/inputtransformer2.py:608: UserWarning: `make_tokens_by_line` received a list of lines which do not have lineending markers ('\n', '\r', '\r\n', '\x0b', '\x0c'), behavior will be unspecified
  tokens_by_line = make_tokens_by_line(lines)
/app/ipython/IPython/core/inputtransformer2.py:714: UserWarning: `make_tokens_by_line` received a list of lines which do not have lineending markers ('\n', '\r', '\r\n', '\x0b', '\x0c'), behavior will be unspecified
  tokens_by_line = make_tokens_by_line(lines)
/app/ipython/IPython/core/inputtransformer2.py:608: UserWarning: `make_tokens_by_line` received a list of lines which do not have lineending markers ('\n', '\r', '\r\n', '\x0b', '\x0c'), behavior will be unspecified
  tokens_by_line = make_tokens_by_line(lines)
/app/ipython/IPython/core/inputtransformer2.py:714: UserWarning: `make_tokens_by_line` received a list of lines which do not have lineending markers ('\n', '\r', '\r\n', '\x0b', '\x0c'), behavior will be unspecified
  tokens_by_line = make_tokens_by_line(lines)
/app/ipython/IPython/core/inputtransformer2.py:608: UserWarning: `make_tokens_by_line` received a list of lines which do not have lineending markers ('\n', '\r', '\r\n', '\x0b', '\x0c'), behavior will be unspecified
  tokens_by_line = make_tokens_by_line(lines)
/app/ipython/IPython/core/inputtransformer2.py:714: UserWarning: `make_tokens_by_line` received a list of lines which do not have lineending markers ('\n', '\r', '\r\n', '\x0b', '\x0c'), behavior will be unspecified
  tokens_by_line = make_tokens_by_line(lines)
/app/ipython/IPython/core/inputtransformer2.py:608: UserWarning: `make_tokens_by_line` received a list of lines which do not have lineending markers ('\n', '\r', '\r\n', '\x0b', '\x0c'), behavior will be unspecified
  tokens_by_line = make_tokens_by_line(lines)
/app/ipython/IPython/core/inputtransformer2.py:714: UserWarning: `make_tokens_by_line` received a list of lines which do not have lineending markers ('\n', '\r', '\r\n', '\x0b', '\x0c'), behavior will be unspecified
  tokens_by_line = make_tokens_by_line(lines)
/app/ipython/IPython/core/inputtransformer2.py:608: UserWarning: `make_tokens_by_line` received a list of lines which do not have lineending markers ('\n', '\r', '\r\n', '\x0b', '\x0c'), behavior will be unspecified
  tokens_by_line = make_tokens_by_line(lines)
/app/ipython/IPython/core/inputtransformer2.py:714: UserWarning: `make_tokens_by_line` received a list of lines which do not have lineending markers ('\n', '\r', '\r\n', '\x0b', '\x0c'), behavior will be unspecified
  tokens_by_line = make_tokens_by_line(lines)
/app/ipython/IPython/core/inputtransformer2.py:608: UserWarning: `make_tokens_by_line` received a list of lines which do not have lineending markers ('\n', '\r', '\r\n', '\x0b', '\x0c'), behavior will be unspecified
  tokens_by_line = make_tokens_by_line(lines)
/app/ipython/IPython/core/inputtransformer2.py:714: UserWarning: `make_tokens_by_line` received a list of lines which do not have lineending markers ('\n', '\r', '\r\n', '\x0b', '\x0c'), behavior will be unspecified
  tokens_by_line = make_tokens_by_line(lines)
/app/ipython/IPython/core/inputtransformer2.py:608: UserWarning: `make_tokens_by_line` received a list of lines which do not have lineending markers ('\n', '\r', '\r\n', '\x0b', '\x0c'), behavior will be unspecified
  tokens_by_line = make_tokens_by_line(lines)
/app/ipython/IPython/core/inputtransformer2.py:714: UserWarning: `make_tokens_by_line` received a list of lines which do not have lineending markers ('\n', '\r', '\r\n', '\x0b', '\x0c'), behavior will be unspecified
  tokens_by_line = make_tokens_by_line(lines)
/app/ipython/IPython/core/inputtransformer2.py:608: UserWarning: `make_tokens_by_line` received a list of lines which do not have lineending markers ('\n', '\r', '\r\n', '\x0b', '\x0c'), behavior will be unspecified
  tokens_by_line = make_tokens_by_line(lines)
/app/ipython/IPython/core/inputtransformer2.py:714: UserWarning: `make_tokens_by_line` received a list of lines which do not have lineending markers ('\n', '\r', '\r\n', '\x0b', '\x0c'), behavior will be unspecified
  tokens_by_line = make_tokens_by_line(lines)
/app/ipython/IPython/core/inputtransformer2.py:608: UserWarning: `make_tokens_by_line` received a list of lines which do not have lineending markers ('\n', '\r', '\r\n', '\x0b', '\x0c'), behavior will be unspecified
  tokens_by_line = make_tokens_by_line(lines)
/app/ipython/IPython/core/inputtransformer2.py:714: UserWarning: `make_tokens_by_line` received a list of lines which do not have lineending markers ('\n', '\r', '\r\n', '\x0b', '\x0c'), behavior will be unspecified
  tokens_by_line = make_tokens_by_line(lines)
#3808	NEW    cov: 269 ft: 735 corp: 69/240b lim: 8 exec/s: 3808 rss: 86Mb L: 6/6 MS: 2 CrossOver-ChangeBinInt-
#3855	REDUCE cov: 269 ft: 735 corp: 69/239b lim: 8 exec/s: 3855 rss: 86Mb L: 3/6 MS: 2 ChangeBinInt-EraseBytes-
/app/ipython/IPython/core/inputtransformer2.py:608: UserWarning: `make_tokens_by_line` received a list of lines which do not have lineending markers ('\n', '\r', '\r\n', '\x0b', '\x0c'), behavior will be unspecified
  tokens_by_line = make_tokens_by_line(lines)
/app/ipython/IPython/core/inputtransformer2.py:714: UserWarning: `make_tokens_by_line` received a list of lines which do not have lineending markers ('\n', '\r', '\r\n', '\x0b', '\x0c'), behavior will be unspecified
  tokens_by_line = make_tokens_by_line(lines)
/app/ipython/IPython/core/inputtransformer2.py:608: UserWarning: `make_tokens_by_line` received a list of lines which do not have lineending markers ('\n', '\r', '\r\n', '\x0b', '\x0c'), behavior will be unspecified
  tokens_by_line = make_tokens_by_line(lines)
/app/ipython/IPython/core/inputtransformer2.py:714: UserWarning: `make_tokens_by_line` received a list of lines which do not have lineending markers ('\n', '\r', '\r\n', '\x0b', '\x0c'), behavior will be unspecified
  tokens_by_line = make_tokens_by_line(lines)
/app/ipython/IPython/core/inputtransformer2.py:608: UserWarning: `make_tokens_by_line` received a list of lines which do not have lineending markers ('\n', '\r', '\r\n', '\x0b', '\x0c'), behavior will be unspecified
  tokens_by_line = make_tokens_by_line(lines)
/app/ipython/IPython/core/inputtransformer2.py:714: UserWarning: `make_tokens_by_line` received a list of lines which do not have lineending markers ('\n', '\r', '\r\n', '\x0b', '\x0c'), behavior will be unspecified
  tokens_by_line = make_tokens_by_line(lines)
/app/ipython/IPython/core/inputtransformer2.py:608: UserWarning: `make_tokens_by_line` received a list of lines which do not have lineending markers ('\n', '\r', '\r\n', '\x0b', '\x0c'), behavior will be unspecified
  tokens_by_line = make_tokens_by_line(lines)
/app/ipython/IPython/core/inputtransformer2.py:714: UserWarning: `make_tokens_by_line` received a list of lines which do not have lineending markers ('\n', '\r', '\r\n', '\x0b', '\x0c'), behavior will be unspecified
  tokens_by_line = make_tokens_by_line(lines)
/app/ipython/IPython/core/inputtransformer2.py:608: UserWarning: `make_tokens_by_line` received a list of lines which do not have lineending markers ('\n', '\r', '\r\n', '\x0b', '\x0c'), behavior will be unspecified
  tokens_by_line = make_tokens_by_line(lines)
/app/ipython/IPython/core/inputtransformer2.py:714: UserWarning: `make_tokens_by_line` received a list of lines which do not have lineending markers ('\n', '\r', '\r\n', '\x0b', '\x0c'), behavior will be unspecified
  tokens_by_line = make_tokens_by_line(lines)
#3877	REDUCE cov: 269 ft: 735 corp: 69/238b lim: 8 exec/s: 3877 rss: 86Mb L: 2/6 MS: 2 PersAutoDict-EraseBytes- DE: "\377\377"-
/app/ipython/IPython/core/inputtransformer2.py:608: UserWarning: `make_tokens_by_line` received a list of lines which do not have lineending markers ('\n', '\r', '\r\n', '\x0b', '\x0c'), behavior will be unspecified
  tokens_by_line = make_tokens_by_line(lines)
/app/ipython/IPython/core/inputtransformer2.py:714: UserWarning: `make_tokens_by_line` received a list of lines which do not have lineending markers ('\n', '\r', '\r\n', '\x0b', '\x0c'), behavior will be unspecified
  tokens_by_line = make_tokens_by_line(lines)
/app/ipython/IPython/core/inputtransformer2.py:608: UserWarning: `make_tokens_by_line` received a list of lines which do not have lineending markers ('\n', '\r', '\r\n', '\x0b', '\x0c'), behavior will be unspecified
  tokens_by_line = make_tokens_by_line(lines)
/app/ipython/IPython/core/inputtransformer2.py:608: UserWarning: `make_tokens_by_line` received a list of lines which do not have lineending markers ('\n', '\r', '\r\n', '\x0b', '\x0c'), behavior will be unspecified
  tokens_by_line = make_tokens_by_line(lines)
/app/ipython/IPython/core/inputtransformer2.py:714: UserWarning: `make_tokens_by_line` received a list of lines which do not have lineending markers ('\n', '\r', '\r\n', '\x0b', '\x0c'), behavior will be unspecified
  tokens_by_line = make_tokens_by_line(lines)
/app/ipython/IPython/core/inputtransformer2.py:608: UserWarning: `make_tokens_by_line` received a list of lines which do not have lineending markers ('\n', '\r', '\r\n', '\x0b', '\x0c'), behavior will be unspecified
  tokens_by_line = make_tokens_by_line(lines)
/app/ipython/IPython/core/inputtransformer2.py:714: UserWarning: `make_tokens_by_line` received a list of lines which do not have lineending markers ('\n', '\r', '\r\n', '\x0b', '\x0c'), behavior will be unspecified
  tokens_by_line = make_tokens_by_line(lines)
#3914	NEW    cov: 269 ft: 736 corp: 70/244b lim: 8 exec/s: 3914 rss: 86Mb L: 6/6 MS: 2 EraseBytes-CopyPart-
/app/ipython/IPython/core/inputtransformer2.py:608: UserWarning: `make_tokens_by_line` received a list of lines which do not have lineending markers ('\n', '\r', '\r\n', '\x0b', '\x0c'), behavior will be unspecified
  tokens_by_line = make_tokens_by_line(lines)
/app/ipython/IPython/core/inputtransformer2.py:714: UserWarning: `make_tokens_by_line` received a list of lines which do not have lineending markers ('\n', '\r', '\r\n', '\x0b', '\x0c'), behavior will be unspecified
  tokens_by_line = make_tokens_by_line(lines)
/app/ipython/IPython/core/inputtransformer2.py:608: UserWarning: `make_tokens_by_line` received a list of lines which do not have lineending markers ('\n', '\r', '\r\n', '\x0b', '\x0c'), behavior will be unspecified
  tokens_by_line = make_tokens_by_line(lines)
/app/ipython/IPython/core/inputtransformer2.py:714: UserWarning: `make_tokens_by_line` received a list of lines which do not have lineending markers ('\n', '\r', '\r\n', '\x0b', '\x0c'), behavior will be unspecified
  tokens_by_line = make_tokens_by_line(lines)
#4007	REDUCE cov: 269 ft: 736 corp: 70/243b lim: 8 exec/s: 4007 rss: 86Mb L: 3/6 MS: 3 CopyPart-ChangeBinInt-EraseBytes-
/app/ipython/IPython/core/inputtransformer2.py:608: UserWarning: `make_tokens_by_line` received a list of lines which do not have lineending markers ('\n', '\r', '\r\n', '\x0b', '\x0c'), behavior will be unspecified
  tokens_by_line = make_tokens_by_line(lines)
/app/ipython/IPython/core/inputtransformer2.py:714: UserWarning: `make_tokens_by_line` received a list of lines which do not have lineending markers ('\n', '\r', '\r\n', '\x0b', '\x0c'), behavior will be unspecified
  tokens_by_line = make_tokens_by_line(lines)
/app/ipython/IPython/core/inputtransformer2.py:608: UserWarning: `make_tokens_by_line` received a list of lines which do not have lineending markers ('\n', '\r', '\r\n', '\x0b', '\x0c'), behavior will be unspecified
  tokens_by_line = make_tokens_by_line(lines)
/app/ipython/IPython/core/inputtransformer2.py:714: UserWarning: `make_tokens_by_line` received a list of lines which do not have lineending markers ('\n', '\r', '\r\n', '\x0b', '\x0c'), behavior will be unspecified
  tokens_by_line = make_tokens_by_line(lines)
/app/ipython/IPython/core/inputtransformer2.py:608: UserWarning: `make_tokens_by_line` received a list of lines which do not have lineending markers ('\n', '\r', '\r\n', '\x0b', '\x0c'), behavior will be unspecified
  tokens_by_line = make_tokens_by_line(lines)
/app/ipython/IPython/core/inputtransformer2.py:714: UserWarning: `make_tokens_by_line` received a list of lines which do not have lineending markers ('\n', '\r', '\r\n', '\x0b', '\x0c'), behavior will be unspecified
  tokens_by_line = make_tokens_by_line(lines)
/app/ipython/IPython/core/inputtransformer2.py:608: UserWarning: `make_tokens_by_line` received a list of lines which do not have lineending markers ('\n', '\r', '\r\n', '\x0b', '\x0c'), behavior will be unspecified
  tokens_by_line = make_tokens_by_line(lines)
/app/ipython/IPython/core/inputtransformer2.py:714: UserWarning: `make_tokens_by_line` received a list of lines which do not have lineending markers ('\n', '\r', '\r\n', '\x0b', '\x0c'), behavior will be unspecified
  tokens_by_line = make_tokens_by_line(lines)
/app/ipython/IPython/core/inputtransformer2.py:608: UserWarning: `make_tokens_by_line` received a list of lines which do not have lineending markers ('\n', '\r', '\r\n', '\x0b', '\x0c'), behavior will be unspecified
  tokens_by_line = make_tokens_by_line(lines)
/app/ipython/IPython/core/inputtransformer2.py:714: UserWarning: `make_tokens_by_line` received a list of lines which do not have lineending markers ('\n', '\r', '\r\n', '\x0b', '\x0c'), behavior will be unspecified
  tokens_by_line = make_tokens_by_line(lines)
/app/ipython/IPython/core/inputtransformer2.py:608: UserWarning: `make_tokens_by_line` received a list of lines which do not have lineending markers ('\n', '\r', '\r\n', '\x0b', '\x0c'), behavior will be unspecified
  tokens_by_line = make_tokens_by_line(lines)
/app/ipython/IPython/core/inputtransformer2.py:714: UserWarning: `make_tokens_by_line` received a list of lines which do not have lineending markers ('\n', '\r', '\r\n', '\x0b', '\x0c'), behavior will be unspecified
  tokens_by_line = make_tokens_by_line(lines)
/app/ipython/IPython/core/inputtransformer2.py:608: UserWarning: `make_tokens_by_line` received a list of lines which do not have lineending markers ('\n', '\r', '\r\n', '\x0b', '\x0c'), behavior will be unspecified
  tokens_by_line = make_tokens_by_line(lines)
/app/ipython/IPython/core/inputtransformer2.py:714: UserWarning: `make_tokens_by_line` received a list of lines which do not have lineending markers ('\n', '\r', '\r\n', '\x0b', '\x0c'), behavior will be unspecified
  tokens_by_line = make_tokens_by_line(lines)
/app/ipython/IPython/core/inputtransformer2.py:608: UserWarning: `make_tokens_by_line` received a list of lines which do not have lineending markers ('\n', '\r', '\r\n', '\x0b', '\x0c'), behavior will be unspecified
  tokens_by_line = make_tokens_by_line(lines)
/app/ipython/IPython/core/inputtransformer2.py:714: UserWarning: `make_tokens_by_line` received a list of lines which do not have lineending markers ('\n', '\r', '\r\n', '\x0b', '\x0c'), behavior will be unspecified
  tokens_by_line = make_tokens_by_line(lines)
/app/ipython/IPython/core/inputtransformer2.py:608: UserWarning: `make_tokens_by_line` received a list of lines which do not have lineending markers ('\n', '\r', '\r\n', '\x0b', '\x0c'), behavior will be unspecified
  tokens_by_line = make_tokens_by_line(lines)
/app/ipython/IPython/core/inputtransformer2.py:714: UserWarning: `make_tokens_by_line` received a list of lines which do not have lineending markers ('\n', '\r', '\r\n', '\x0b', '\x0c'), behavior will be unspecified
  tokens_by_line = make_tokens_by_line(lines)
/app/ipython/IPython/core/inputtransformer2.py:608: UserWarning: `make_tokens_by_line` received a list of lines which do not have lineending markers ('\n', '\r', '\r\n', '\x0b', '\x0c'), behavior will be unspecified
  tokens_by_line = make_tokens_by_line(lines)
/app/ipython/IPython/core/inputtransformer2.py:714: UserWarning: `make_tokens_by_line` received a list of lines which do not have lineending markers ('\n', '\r', '\r\n', '\x0b', '\x0c'), behavior will be unspecified
  tokens_by_line = make_tokens_by_line(lines)
/app/ipython/IPython/core/inputtransformer2.py:608: UserWarning: `make_tokens_by_line` received a list of lines which do not have lineending markers ('\n', '\r', '\r\n', '\x0b', '\x0c'), behavior will be unspecified
  tokens_by_line = make_tokens_by_line(lines)
/app/ipython/IPython/core/inputtransformer2.py:714: UserWarning: `make_tokens_by_line` received a list of lines which do not have lineending markers ('\n', '\r', '\r\n', '\x0b', '\x0c'), behavior will be unspecified
  tokens_by_line = make_tokens_by_line(lines)
/app/ipython/IPython/core/inputtransformer2.py:608: UserWarning: `make_tokens_by_line` received a list of lines which do not have lineending markers ('\n', '\r', '\r\n', '\x0b', '\x0c'), behavior will be unspecified
  tokens_by_line = make_tokens_by_line(lines)
/app/ipython/IPython/core/inputtransformer2.py:714: UserWarning: `make_tokens_by_line` received a list of lines which do not have lineending markers ('\n', '\r', '\r\n', '\x0b', '\x0c'), behavior will be unspecified
  tokens_by_line = make_tokens_by_line(lines)
/app/ipython/IPython/core/inputtransformer2.py:608: UserWarning: `make_tokens_by_line` received a list of lines which do not have lineending markers ('\n', '\r', '\r\n', '\x0b', '\x0c'), behavior will be unspecified
  tokens_by_line = make_tokens_by_line(lines)
/app/ipython/IPython/core/inputtransformer2.py:714: UserWarning: `make_tokens_by_line` received a list of lines which do not have lineending markers ('\n', '\r', '\r\n', '\x0b', '\x0c'), behavior will be unspecified
  tokens_by_line = make_tokens_by_line(lines)
/app/ipython/IPython/core/inputtransformer2.py:608: UserWarning: `make_tokens_by_line` received a list of lines which do not have lineending markers ('\n', '\r', '\r\n', '\x0b', '\x0c'), behavior will be unspecified
  tokens_by_line = make_tokens_by_line(lines)
/app/ipython/IPython/core/inputtransformer2.py:714: UserWarning: `make_tokens_by_line` received a list of lines which do not have lineending markers ('\n', '\r', '\r\n', '\x0b', '\x0c'), behavior will be unspecified
  tokens_by_line = make_tokens_by_line(lines)
/app/ipython/IPython/core/inputtransformer2.py:608: UserWarning: `make_tokens_by_line` received a list of lines which do not have lineending markers ('\n', '\r', '\r\n', '\x0b', '\x0c'), behavior will be unspecified
  tokens_by_line = make_tokens_by_line(lines)
/app/ipython/IPython/core/inputtransformer2.py:608: UserWarning: `make_tokens_by_line` received a list of lines which do not have lineending markers ('\n', '\r', '\r\n', '\x0b', '\x0c'), behavior will be unspecified
  tokens_by_line = make_tokens_by_line(lines)
/app/ipython/IPython/core/inputtransformer2.py:714: UserWarning: `make_tokens_by_line` received a list of lines which do not have lineending markers ('\n', '\r', '\r\n', '\x0b', '\x0c'), behavior will be unspecified
  tokens_by_line = make_tokens_by_line(lines)
/app/ipython/IPython/core/inputtransformer2.py:608: UserWarning: `make_tokens_by_line` received a list of lines which do not have lineending markers ('\n', '\r', '\r\n', '\x0b', '\x0c'), behavior will be unspecified
  tokens_by_line = make_tokens_by_line(lines)
/app/ipython/IPython/core/inputtransformer2.py:714: UserWarning: `make_tokens_by_line` received a list of lines which do not have lineending markers ('\n', '\r', '\r\n', '\x0b', '\x0c'), behavior will be unspecified
  tokens_by_line = make_tokens_by_line(lines)
/app/ipython/IPython/core/inputtransformer2.py:608: UserWarning: `make_tokens_by_line` received a list of lines which do not have lineending markers ('\n', '\r', '\r\n', '\x0b', '\x0c'), behavior will be unspecified
  tokens_by_line = make_tokens_by_line(lines)
/app/ipython/IPython/core/inputtransformer2.py:714: UserWarning: `make_tokens_by_line` received a list of lines which do not have lineending markers ('\n', '\r', '\r\n', '\x0b', '\x0c'), behavior will be unspecified
  tokens_by_line = make_tokens_by_line(lines)
/app/ipython/IPython/core/inputtransformer2.py:608: UserWarning: `make_tokens_by_line` received a list of lines which do not have lineending markers ('\n', '\r', '\r\n', '\x0b', '\x0c'), behavior will be unspecified
  tokens_by_line = make_tokens_by_line(lines)
/app/ipython/IPython/core/inputtransformer2.py:714: UserWarning: `make_tokens_by_line` received a list of lines which do not have lineending markers ('\n', '\r', '\r\n', '\x0b', '\x0c'), behavior will be unspecified
  tokens_by_line = make_tokens_by_line(lines)
/app/ipython/IPython/core/inputtransformer2.py:608: UserWarning: `make_tokens_by_line` received a list of lines which do not have lineending markers ('\n', '\r', '\r\n', '\x0b', '\x0c'), behavior will be unspecified
  tokens_by_line = make_tokens_by_line(lines)
/app/ipython/IPython/core/inputtransformer2.py:714: UserWarning: `make_tokens_by_line` received a list of lines which do not have lineending markers ('\n', '\r', '\r\n', '\x0b', '\x0c'), behavior will be unspecified
  tokens_by_line = make_tokens_by_line(lines)
#4193	REDUCE cov: 269 ft: 736 corp: 70/242b lim: 8 exec/s: 4193 rss: 86Mb L: 3/6 MS: 1 EraseBytes-
#4212	NEW    cov: 269 ft: 740 corp: 71/248b lim: 8 exec/s: 4212 rss: 86Mb L: 6/6 MS: 4 ChangeByte-ShuffleBytes-EraseBytes-CrossOver-
/app/ipython/IPython/core/inputtransformer2.py:608: UserWarning: `make_tokens_by_line` received a list of lines which do not have lineending markers ('\n', '\r', '\r\n', '\x0b', '\x0c'), behavior will be unspecified
  tokens_by_line = make_tokens_by_line(lines)
/app/ipython/IPython/core/inputtransformer2.py:714: UserWarning: `make_tokens_by_line` received a list of lines which do not have lineending markers ('\n', '\r', '\r\n', '\x0b', '\x0c'), behavior will be unspecified
  tokens_by_line = make_tokens_by_line(lines)
/app/ipython/IPython/core/inputtransformer2.py:608: UserWarning: `make_tokens_by_line` received a list of lines which do not have lineending markers ('\n', '\r', '\r\n', '\x0b', '\x0c'), behavior will be unspecified
  tokens_by_line = make_tokens_by_line(lines)
/app/ipython/IPython/core/inputtransformer2.py:714: UserWarning: `make_tokens_by_line` received a list of lines which do not have lineending markers ('\n', '\r', '\r\n', '\x0b', '\x0c'), behavior will be unspecified
  tokens_by_line = make_tokens_by_line(lines)
/app/ipython/IPython/core/inputtransformer2.py:608: UserWarning: `make_tokens_by_line` received a list of lines which do not have lineending markers ('\n', '\r', '\r\n', '\x0b', '\x0c'), behavior will be unspecified
  tokens_by_line = make_tokens_by_line(lines)
/app/ipython/IPython/core/inputtransformer2.py:714: UserWarning: `make_tokens_by_line` received a list of lines which do not have lineending markers ('\n', '\r', '\r\n', '\x0b', '\x0c'), behavior will be unspecified
  tokens_by_line = make_tokens_by_line(lines)
/app/ipython/IPython/core/inputtransformer2.py:608: UserWarning: `make_tokens_by_line` received a list of lines which do not have lineending markers ('\n', '\r', '\r\n', '\x0b', '\x0c'), behavior will be unspecified
  tokens_by_line = make_tokens_by_line(lines)
/app/ipython/IPython/core/inputtransformer2.py:714: UserWarning: `make_tokens_by_line` received a list of lines which do not have lineending markers ('\n', '\r', '\r\n', '\x0b', '\x0c'), behavior will be unspecified
  tokens_by_line = make_tokens_by_line(lines)
/app/ipython/IPython/core/inputtransformer2.py:608: UserWarning: `make_tokens_by_line` received a list of lines which do not have lineending markers ('\n', '\r', '\r\n', '\x0b', '\x0c'), behavior will be unspecified
  tokens_by_line = make_tokens_by_line(lines)
/app/ipython/IPython/core/inputtransformer2.py:714: UserWarning: `make_tokens_by_line` received a list of lines which do not have lineending markers ('\n', '\r', '\r\n', '\x0b', '\x0c'), behavior will be unspecified
  tokens_by_line = make_tokens_by_line(lines)
/app/ipython/IPython/core/inputtransformer2.py:608: UserWarning: `make_tokens_by_line` received a list of lines which do not have lineending markers ('\n', '\r', '\r\n', '\x0b', '\x0c'), behavior will be unspecified
  tokens_by_line = make_tokens_by_line(lines)
/app/ipython/IPython/core/inputtransformer2.py:714: UserWarning: `make_tokens_by_line` received a list of lines which do not have lineending markers ('\n', '\r', '\r\n', '\x0b', '\x0c'), behavior will be unspecified
  tokens_by_line = make_tokens_by_line(lines)
/app/ipython/IPython/core/inputtransformer2.py:608: UserWarning: `make_tokens_by_line` received a list of lines which do not have lineending markers ('\n', '\r', '\r\n', '\x0b', '\x0c'), behavior will be unspecified
  tokens_by_line = make_tokens_by_line(lines)
/app/ipython/IPython/core/inputtransformer2.py:714: UserWarning: `make_tokens_by_line` received a list of lines which do not have lineending markers ('\n', '\r', '\r\n', '\x0b', '\x0c'), behavior will be unspecified
  tokens_by_line = make_tokens_by_line(lines)
/app/ipython/IPython/core/inputtransformer2.py:608: UserWarning: `make_tokens_by_line` received a list of lines which do not have lineending markers ('\n', '\r', '\r\n', '\x0b', '\x0c'), behavior will be unspecified
  tokens_by_line = make_tokens_by_line(lines)
/app/ipython/IPython/core/inputtransformer2.py:714: UserWarning: `make_tokens_by_line` received a list of lines which do not have lineending markers ('\n', '\r', '\r\n', '\x0b', '\x0c'), behavior will be unspecified
  tokens_by_line = make_tokens_by_line(lines)
/app/ipython/IPython/core/inputtransformer2.py:608: UserWarning: `make_tokens_by_line` received a list of lines which do not have lineending markers ('\n', '\r', '\r\n', '\x0b', '\x0c'), behavior will be unspecified
  tokens_by_line = make_tokens_by_line(lines)
/app/ipython/IPython/core/inputtransformer2.py:714: UserWarning: `make_tokens_by_line` received a list of lines which do not have lineending markers ('\n', '\r', '\r\n', '\x0b', '\x0c'), behavior will be unspecified
  tokens_by_line = make_tokens_by_line(lines)
#4307	NEW    cov: 271 ft: 742 corp: 72/253b lim: 8 exec/s: 4307 rss: 86Mb L: 5/6 MS: 5 CMP-ChangeByte-CopyPart-ChangeBinInt-ShuffleBytes- DE: "\377\377\377\377"-
/app/ipython/IPython/core/inputtransformer2.py:608: UserWarning: `make_tokens_by_line` received a list of lines which do not have lineending markers ('\n', '\r', '\r\n', '\x0b', '\x0c'), behavior will be unspecified
  tokens_by_line = make_tokens_by_line(lines)
#4308	NEW    cov: 271 ft: 748 corp: 73/260b lim: 8 exec/s: 4308 rss: 86Mb L: 7/7 MS: 1 InsertRepeatedBytes-
#4335	REDUCE cov: 271 ft: 748 corp: 73/259b lim: 8 exec/s: 4335 rss: 86Mb L: 5/7 MS: 2 ChangeBit-EraseBytes-
#4338	NEW    cov: 271 ft: 749 corp: 74/263b lim: 8 exec/s: 4338 rss: 86Mb L: 4/7 MS: 3 ChangeByte-ShuffleBytes-CopyPart-
/app/ipython/IPython/core/inputtransformer2.py:608: UserWarning: `make_tokens_by_line` received a list of lines which do not have lineending markers ('\n', '\r', '\r\n', '\x0b', '\x0c'), behavior will be unspecified
  tokens_by_line = make_tokens_by_line(lines)
/app/ipython/IPython/core/inputtransformer2.py:714: UserWarning: `make_tokens_by_line` received a list of lines which do not have lineending markers ('\n', '\r', '\r\n', '\x0b', '\x0c'), behavior will be unspecified
  tokens_by_line = make_tokens_by_line(lines)
/app/ipython/IPython/core/inputtransformer2.py:608: UserWarning: `make_tokens_by_line` received a list of lines which do not have lineending markers ('\n', '\r', '\r\n', '\x0b', '\x0c'), behavior will be unspecified
  tokens_by_line = make_tokens_by_line(lines)
/app/ipython/IPython/core/inputtransformer2.py:714: UserWarning: `make_tokens_by_line` received a list of lines which do not have lineending markers ('\n', '\r', '\r\n', '\x0b', '\x0c'), behavior will be unspecified
  tokens_by_line = make_tokens_by_line(lines)
#4373	NEW    cov: 271 ft: 755 corp: 75/270b lim: 8 exec/s: 4373 rss: 86Mb L: 7/7 MS: 5 CrossOver-CMP-CopyPart-CrossOver-CrossOver- DE: "\001\000\000\000"-
/app/ipython/IPython/core/inputtransformer2.py:608: UserWarning: `make_tokens_by_line` received a list of lines which do not have lineending markers ('\n', '\r', '\r\n', '\x0b', '\x0c'), behavior will be unspecified
  tokens_by_line = make_tokens_by_line(lines)
/app/ipython/IPython/core/inputtransformer2.py:714: UserWarning: `make_tokens_by_line` received a list of lines which do not have lineending markers ('\n', '\r', '\r\n', '\x0b', '\x0c'), behavior will be unspecified
  tokens_by_line = make_tokens_by_line(lines)
/app/ipython/IPython/core/inputtransformer2.py:608: UserWarning: `make_tokens_by_line` received a list of lines which do not have lineending markers ('\n', '\r', '\r\n', '\x0b', '\x0c'), behavior will be unspecified
  tokens_by_line = make_tokens_by_line(lines)
/app/ipython/IPython/core/inputtransformer2.py:714: UserWarning: `make_tokens_by_line` received a list of lines which do not have lineending markers ('\n', '\r', '\r\n', '\x0b', '\x0c'), behavior will be unspecified
  tokens_by_line = make_tokens_by_line(lines)
/app/ipython/IPython/core/inputtransformer2.py:608: UserWarning: `make_tokens_by_line` received a list of lines which do not have lineending markers ('\n', '\r', '\r\n', '\x0b', '\x0c'), behavior will be unspecified
  tokens_by_line = make_tokens_by_line(lines)
/app/ipython/IPython/core/inputtransformer2.py:714: UserWarning: `make_tokens_by_line` received a list of lines which do not have lineending markers ('\n', '\r', '\r\n', '\x0b', '\x0c'), behavior will be unspecified
  tokens_by_line = make_tokens_by_line(lines)
/app/ipython/IPython/core/inputtransformer2.py:608: UserWarning: `make_tokens_by_line` received a list of lines which do not have lineending markers ('\n', '\r', '\r\n', '\x0b', '\x0c'), behavior will be unspecified
  tokens_by_line = make_tokens_by_line(lines)
/app/ipython/IPython/core/inputtransformer2.py:714: UserWarning: `make_tokens_by_line` received a list of lines which do not have lineending markers ('\n', '\r', '\r\n', '\x0b', '\x0c'), behavior will be unspecified
  tokens_by_line = make_tokens_by_line(lines)
/app/ipython/IPython/core/inputtransformer2.py:608: UserWarning: `make_tokens_by_line` received a list of lines which do not have lineending markers ('\n', '\r', '\r\n', '\x0b', '\x0c'), behavior will be unspecified
  tokens_by_line = make_tokens_by_line(lines)
/app/ipython/IPython/core/inputtransformer2.py:714: UserWarning: `make_tokens_by_line` received a list of lines which do not have lineending markers ('\n', '\r', '\r\n', '\x0b', '\x0c'), behavior will be unspecified
  tokens_by_line = make_tokens_by_line(lines)
/app/ipython/IPython/core/inputtransformer2.py:608: UserWarning: `make_tokens_by_line` received a list of lines which do not have lineending markers ('\n', '\r', '\r\n', '\x0b', '\x0c'), behavior will be unspecified
  tokens_by_line = make_tokens_by_line(lines)
/app/ipython/IPython/core/inputtransformer2.py:714: UserWarning: `make_tokens_by_line` received a list of lines which do not have lineending markers ('\n', '\r', '\r\n', '\x0b', '\x0c'), behavior will be unspecified
  tokens_by_line = make_tokens_by_line(lines)
/app/ipython/IPython/core/inputtransformer2.py:608: UserWarning: `make_tokens_by_line` received a list of lines which do not have lineending markers ('\n', '\r', '\r\n', '\x0b', '\x0c'), behavior will be unspecified
  tokens_by_line = make_tokens_by_line(lines)
/app/ipython/IPython/core/inputtransformer2.py:714: UserWarning: `make_tokens_by_line` received a list of lines which do not have lineending markers ('\n', '\r', '\r\n', '\x0b', '\x0c'), behavior will be unspecified
  tokens_by_line = make_tokens_by_line(lines)
/app/ipython/IPython/core/inputtransformer2.py:608: UserWarning: `make_tokens_by_line` received a list of lines which do not have lineending markers ('\n', '\r', '\r\n', '\x0b', '\x0c'), behavior will be unspecified
  tokens_by_line = make_tokens_by_line(lines)
/app/ipython/IPython/core/inputtransformer2.py:714: UserWarning: `make_tokens_by_line` received a list of lines which do not have lineending markers ('\n', '\r', '\r\n', '\x0b', '\x0c'), behavior will be unspecified
  tokens_by_line = make_tokens_by_line(lines)
/app/ipython/IPython/core/inputtransformer2.py:608: UserWarning: `make_tokens_by_line` received a list of lines which do not have lineending markers ('\n', '\r', '\r\n', '\x0b', '\x0c'), behavior will be unspecified
  tokens_by_line = make_tokens_by_line(lines)
/app/ipython/IPython/core/inputtransformer2.py:714: UserWarning: `make_tokens_by_line` received a list of lines which do not have lineending markers ('\n', '\r', '\r\n', '\x0b', '\x0c'), behavior will be unspecified
  tokens_by_line = make_tokens_by_line(lines)
/app/ipython/IPython/core/inputtransformer2.py:608: UserWarning: `make_tokens_by_line` received a list of lines which do not have lineending markers ('\n', '\r', '\r\n', '\x0b', '\x0c'), behavior will be unspecified
  tokens_by_line = make_tokens_by_line(lines)
/app/ipython/IPython/core/inputtransformer2.py:714: UserWarning: `make_tokens_by_line` received a list of lines which do not have lineending markers ('\n', '\r', '\r\n', '\x0b', '\x0c'), behavior will be unspecified
  tokens_by_line = make_tokens_by_line(lines)
/app/ipython/IPython/core/inputtransformer2.py:608: UserWarning: `make_tokens_by_line` received a list of lines which do not have lineending markers ('\n', '\r', '\r\n', '\x0b', '\x0c'), behavior will be unspecified
  tokens_by_line = make_tokens_by_line(lines)
/app/ipython/IPython/core/inputtransformer2.py:714: UserWarning: `make_tokens_by_line` received a list of lines which do not have lineending markers ('\n', '\r', '\r\n', '\x0b', '\x0c'), behavior will be unspecified
  tokens_by_line = make_tokens_by_line(lines)
#4515	NEW    cov: 272 ft: 756 corp: 76/275b lim: 8 exec/s: 4515 rss: 86Mb L: 5/7 MS: 2 InsertByte-CrossOver-
/app/ipython/IPython/core/inputtransformer2.py:608: UserWarning: `make_tokens_by_line` received a list of lines which do not have lineending markers ('\n', '\r', '\r\n', '\x0b', '\x0c'), behavior will be unspecified
  tokens_by_line = make_tokens_by_line(lines)
/app/ipython/IPython/core/inputtransformer2.py:714: UserWarning: `make_tokens_by_line` received a list of lines which do not have lineending markers ('\n', '\r', '\r\n', '\x0b', '\x0c'), behavior will be unspecified
  tokens_by_line = make_tokens_by_line(lines)
#4641	REDUCE cov: 272 ft: 756 corp: 76/274b lim: 8 exec/s: 4641 rss: 86Mb L: 5/7 MS: 1 EraseBytes-
/app/ipython/IPython/core/inputtransformer2.py:608: UserWarning: `make_tokens_by_line` received a list of lines which do not have lineending markers ('\n', '\r', '\r\n', '\x0b', '\x0c'), behavior will be unspecified
  tokens_by_line = make_tokens_by_line(lines)
/app/ipython/IPython/core/inputtransformer2.py:714: UserWarning: `make_tokens_by_line` received a list of lines which do not have lineending markers ('\n', '\r', '\r\n', '\x0b', '\x0c'), behavior will be unspecified
  tokens_by_line = make_tokens_by_line(lines)
/app/ipython/IPython/core/inputtransformer2.py:608: UserWarning: `make_tokens_by_line` received a list of lines which do not have lineending markers ('\n', '\r', '\r\n', '\x0b', '\x0c'), behavior will be unspecified
  tokens_by_line = make_tokens_by_line(lines)
/app/ipython/IPython/core/inputtransformer2.py:714: UserWarning: `make_tokens_by_line` received a list of lines which do not have lineending markers ('\n', '\r', '\r\n', '\x0b', '\x0c'), behavior will be unspecified
  tokens_by_line = make_tokens_by_line(lines)
#4768	NEW    cov: 272 ft: 757 corp: 77/280b lim: 8 exec/s: 4768 rss: 86Mb L: 6/7 MS: 2 EraseBytes-InsertRepeatedBytes-
#4806	NEW    cov: 272 ft: 759 corp: 78/286b lim: 8 exec/s: 4806 rss: 86Mb L: 6/7 MS: 3 ShuffleBytes-InsertByte-CopyPart-
#4847	REDUCE cov: 273 ft: 760 corp: 79/292b lim: 8 exec/s: 4847 rss: 86Mb L: 6/7 MS: 1 InsertByte-
/app/ipython/IPython/core/inputtransformer2.py:608: UserWarning: `make_tokens_by_line` received a list of lines which do not have lineending markers ('\n', '\r', '\r\n', '\x0b', '\x0c'), behavior will be unspecified
  tokens_by_line = make_tokens_by_line(lines)
/app/ipython/IPython/core/inputtransformer2.py:608: UserWarning: `make_tokens_by_line` received a list of lines which do not have lineending markers ('\n', '\r', '\r\n', '\x0b', '\x0c'), behavior will be unspecified
  tokens_by_line = make_tokens_by_line(lines)
/app/ipython/IPython/core/inputtransformer2.py:714: UserWarning: `make_tokens_by_line` received a list of lines which do not have lineending markers ('\n', '\r', '\r\n', '\x0b', '\x0c'), behavior will be unspecified
  tokens_by_line = make_tokens_by_line(lines)
/app/ipython/IPython/core/inputtransformer2.py:608: UserWarning: `make_tokens_by_line` received a list of lines which do not have lineending markers ('\n', '\r', '\r\n', '\x0b', '\x0c'), behavior will be unspecified
  tokens_by_line = make_tokens_by_line(lines)
/app/ipython/IPython/core/inputtransformer2.py:714: UserWarning: `make_tokens_by_line` received a list of lines which do not have lineending markers ('\n', '\r', '\r\n', '\x0b', '\x0c'), behavior will be unspecified
  tokens_by_line = make_tokens_by_line(lines)
/app/ipython/IPython/core/inputtransformer2.py:608: UserWarning: `make_tokens_by_line` received a list of lines which do not have lineending markers ('\n', '\r', '\r\n', '\x0b', '\x0c'), behavior will be unspecified
  tokens_by_line = make_tokens_by_line(lines)
/app/ipython/IPython/core/inputtransformer2.py:714: UserWarning: `make_tokens_by_line` received a list of lines which do not have lineending markers ('\n', '\r', '\r\n', '\x0b', '\x0c'), behavior will be unspecified
  tokens_by_line = make_tokens_by_line(lines)
/app/ipython/IPython/core/inputtransformer2.py:608: UserWarning: `make_tokens_by_line` received a list of lines which do not have lineending markers ('\n', '\r', '\r\n', '\x0b', '\x0c'), behavior will be unspecified
  tokens_by_line = make_tokens_by_line(lines)
/app/ipython/IPython/core/inputtransformer2.py:714: UserWarning: `make_tokens_by_line` received a list of lines which do not have lineending markers ('\n', '\r', '\r\n', '\x0b', '\x0c'), behavior will be unspecified
  tokens_by_line = make_tokens_by_line(lines)
/app/ipython/IPython/core/inputtransformer2.py:608: UserWarning: `make_tokens_by_line` received a list of lines which do not have lineending markers ('\n', '\r', '\r\n', '\x0b', '\x0c'), behavior will be unspecified
  tokens_by_line = make_tokens_by_line(lines)
/app/ipython/IPython/core/inputtransformer2.py:714: UserWarning: `make_tokens_by_line` received a list of lines which do not have lineending markers ('\n', '\r', '\r\n', '\x0b', '\x0c'), behavior will be unspecified
  tokens_by_line = make_tokens_by_line(lines)
/app/ipython/IPython/core/inputtransformer2.py:608: UserWarning: `make_tokens_by_line` received a list of lines which do not have lineending markers ('\n', '\r', '\r\n', '\x0b', '\x0c'), behavior will be unspecified
  tokens_by_line = make_tokens_by_line(lines)
/app/ipython/IPython/core/inputtransformer2.py:714: UserWarning: `make_tokens_by_line` received a list of lines which do not have lineending markers ('\n', '\r', '\r\n', '\x0b', '\x0c'), behavior will be unspecified
  tokens_by_line = make_tokens_by_line(lines)
/app/ipython/IPython/core/inputtransformer2.py:608: UserWarning: `make_tokens_by_line` received a list of lines which do not have lineending markers ('\n', '\r', '\r\n', '\x0b', '\x0c'), behavior will be unspecified
  tokens_by_line = make_tokens_by_line(lines)
/app/ipython/IPython/core/inputtransformer2.py:714: UserWarning: `make_tokens_by_line` received a list of lines which do not have lineending markers ('\n', '\r', '\r\n', '\x0b', '\x0c'), behavior will be unspecified
  tokens_by_line = make_tokens_by_line(lines)
#4953	NEW    cov: 273 ft: 761 corp: 80/300b lim: 8 exec/s: 4953 rss: 86Mb L: 8/8 MS: 1 CrossOver-
/app/ipython/IPython/core/inputtransformer2.py:608: UserWarning: `make_tokens_by_line` received a list of lines which do not have lineending markers ('\n', '\r', '\r\n', '\x0b', '\x0c'), behavior will be unspecified
  tokens_by_line = make_tokens_by_line(lines)
/app/ipython/IPython/core/inputtransformer2.py:714: UserWarning: `make_tokens_by_line` received a list of lines which do not have lineending markers ('\n', '\r', '\r\n', '\x0b', '\x0c'), behavior will be unspecified
  tokens_by_line = make_tokens_by_line(lines)
/app/ipython/IPython/core/inputtransformer2.py:608: UserWarning: `make_tokens_by_line` received a list of lines which do not have lineending markers ('\n', '\r', '\r\n', '\x0b', '\x0c'), behavior will be unspecified
  tokens_by_line = make_tokens_by_line(lines)
#5019	REDUCE cov: 273 ft: 761 corp: 80/299b lim: 8 exec/s: 5019 rss: 86Mb L: 6/8 MS: 1 EraseBytes-
/app/ipython/IPython/core/inputtransformer2.py:608: UserWarning: `make_tokens_by_line` received a list of lines which do not have lineending markers ('\n', '\r', '\r\n', '\x0b', '\x0c'), behavior will be unspecified
  tokens_by_line = make_tokens_by_line(lines)
/app/ipython/IPython/core/inputtransformer2.py:714: UserWarning: `make_tokens_by_line` received a list of lines which do not have lineending markers ('\n', '\r', '\r\n', '\x0b', '\x0c'), behavior will be unspecified
  tokens_by_line = make_tokens_by_line(lines)
/app/ipython/IPython/core/inputtransformer2.py:608: UserWarning: `make_tokens_by_line` received a list of lines which do not have lineending markers ('\n', '\r', '\r\n', '\x0b', '\x0c'), behavior will be unspecified
  tokens_by_line = make_tokens_by_line(lines)
/app/ipython/IPython/core/inputtransformer2.py:714: UserWarning: `make_tokens_by_line` received a list of lines which do not have lineending markers ('\n', '\r', '\r\n', '\x0b', '\x0c'), behavior will be unspecified
  tokens_by_line = make_tokens_by_line(lines)
/app/ipython/IPython/core/inputtransformer2.py:608: UserWarning: `make_tokens_by_line` received a list of lines which do not have lineending markers ('\n', '\r', '\r\n', '\x0b', '\x0c'), behavior will be unspecified
  tokens_by_line = make_tokens_by_line(lines)
/app/ipython/IPython/core/inputtransformer2.py:714: UserWarning: `make_tokens_by_line` received a list of lines which do not have lineending markers ('\n', '\r', '\r\n', '\x0b', '\x0c'), behavior will be unspecified
  tokens_by_line = make_tokens_by_line(lines)
/app/ipython/IPython/core/inputtransformer2.py:608: UserWarning: `make_tokens_by_line` received a list of lines which do not have lineending markers ('\n', '\r', '\r\n', '\x0b', '\x0c'), behavior will be unspecified
  tokens_by_line = make_tokens_by_line(lines)
/app/ipython/IPython/core/inputtransformer2.py:714: UserWarning: `make_tokens_by_line` received a list of lines which do not have lineending markers ('\n', '\r', '\r\n', '\x0b', '\x0c'), behavior will be unspecified
  tokens_by_line = make_tokens_by_line(lines)
/app/ipython/IPython/core/inputtransformer2.py:608: UserWarning: `make_tokens_by_line` received a list of lines which do not have lineending markers ('\n', '\r', '\r\n', '\x0b', '\x0c'), behavior will be unspecified
  tokens_by_line = make_tokens_by_line(lines)
/app/ipython/IPython/core/inputtransformer2.py:714: UserWarning: `make_tokens_by_line` received a list of lines which do not have lineending markers ('\n', '\r', '\r\n', '\x0b', '\x0c'), behavior will be unspecified
  tokens_by_line = make_tokens_by_line(lines)
/app/ipython/IPython/core/inputtransformer2.py:608: UserWarning: `make_tokens_by_line` received a list of lines which do not have lineending markers ('\n', '\r', '\r\n', '\x0b', '\x0c'), behavior will be unspecified
  tokens_by_line = make_tokens_by_line(lines)
/app/ipython/IPython/core/inputtransformer2.py:714: UserWarning: `make_tokens_by_line` received a list of lines which do not have lineending markers ('\n', '\r', '\r\n', '\x0b', '\x0c'), behavior will be unspecified
  tokens_by_line = make_tokens_by_line(lines)
/app/ipython/IPython/core/inputtransformer2.py:608: UserWarning: `make_tokens_by_line` received a list of lines which do not have lineending markers ('\n', '\r', '\r\n', '\x0b', '\x0c'), behavior will be unspecified
  tokens_by_line = make_tokens_by_line(lines)
/app/ipython/IPython/core/inputtransformer2.py:714: UserWarning: `make_tokens_by_line` received a list of lines which do not have lineending markers ('\n', '\r', '\r\n', '\x0b', '\x0c'), behavior will be unspecified
  tokens_by_line = make_tokens_by_line(lines)
/app/ipython/IPython/core/inputtransformer2.py:608: UserWarning: `make_tokens_by_line` received a list of lines which do not have lineending markers ('\n', '\r', '\r\n', '\x0b', '\x0c'), behavior will be unspecified
  tokens_by_line = make_tokens_by_line(lines)
/app/ipython/IPython/core/inputtransformer2.py:714: UserWarning: `make_tokens_by_line` received a list of lines which do not have lineending markers ('\n', '\r', '\r\n', '\x0b', '\x0c'), behavior will be unspecified
  tokens_by_line = make_tokens_by_line(lines)
/app/ipython/IPython/core/inputtransformer2.py:608: UserWarning: `make_tokens_by_line` received a list of lines which do not have lineending markers ('\n', '\r', '\r\n', '\x0b', '\x0c'), behavior will be unspecified
  tokens_by_line = make_tokens_by_line(lines)
/app/ipython/IPython/core/inputtransformer2.py:714: UserWarning: `make_tokens_by_line` received a list of lines which do not have lineending markers ('\n', '\r', '\r\n', '\x0b', '\x0c'), behavior will be unspecified
  tokens_by_line = make_tokens_by_line(lines)
/app/ipython/IPython/core/inputtransformer2.py:608: UserWarning: `make_tokens_by_line` received a list of lines which do not have lineending markers ('\n', '\r', '\r\n', '\x0b', '\x0c'), behavior will be unspecified
  tokens_by_line = make_tokens_by_line(lines)
/app/ipython/IPython/core/inputtransformer2.py:714: UserWarning: `make_tokens_by_line` received a list of lines which do not have lineending markers ('\n', '\r', '\r\n', '\x0b', '\x0c'), behavior will be unspecified
  tokens_by_line = make_tokens_by_line(lines)
/app/ipython/IPython/core/inputtransformer2.py:608: UserWarning: `make_tokens_by_line` received a list of lines which do not have lineending markers ('\n', '\r', '\r\n', '\x0b', '\x0c'), behavior will be unspecified
  tokens_by_line = make_tokens_by_line(lines)
/app/ipython/IPython/core/inputtransformer2.py:714: UserWarning: `make_tokens_by_line` received a list of lines which do not have lineending markers ('\n', '\r', '\r\n', '\x0b', '\x0c'), behavior will be unspecified
  tokens_by_line = make_tokens_by_line(lines)
/app/ipython/IPython/core/inputtransformer2.py:608: UserWarning: `make_tokens_by_line` received a list of lines which do not have lineending markers ('\n', '\r', '\r\n', '\x0b', '\x0c'), behavior will be unspecified
  tokens_by_line = make_tokens_by_line(lines)
/app/ipython/IPython/core/inputtransformer2.py:714: UserWarning: `make_tokens_by_line` received a list of lines which do not have lineending markers ('\n', '\r', '\r\n', '\x0b', '\x0c'), behavior will be unspecified
  tokens_by_line = make_tokens_by_line(lines)
/app/ipython/IPython/core/inputtransformer2.py:608: UserWarning: `make_tokens_by_line` received a list of lines which do not have lineending markers ('\n', '\r', '\r\n', '\x0b', '\x0c'), behavior will be unspecified
  tokens_by_line = make_tokens_by_line(lines)
/app/ipython/IPython/core/inputtransformer2.py:714: UserWarning: `make_tokens_by_line` received a list of lines which do not have lineending markers ('\n', '\r', '\r\n', '\x0b', '\x0c'), behavior will be unspecified
  tokens_by_line = make_tokens_by_line(lines)
/app/ipython/IPython/core/inputtransformer2.py:608: UserWarning: `make_tokens_by_line` received a list of lines which do not have lineending markers ('\n', '\r', '\r\n', '\x0b', '\x0c'), behavior will be unspecified
  tokens_by_line = make_tokens_by_line(lines)
/app/ipython/IPython/core/inputtransformer2.py:714: UserWarning: `make_tokens_by_line` received a list of lines which do not have lineending markers ('\n', '\r', '\r\n', '\x0b', '\x0c'), behavior will be unspecified
  tokens_by_line = make_tokens_by_line(lines)
/app/ipython/IPython/core/inputtransformer2.py:608: UserWarning: `make_tokens_by_line` received a list of lines which do not have lineending markers ('\n', '\r', '\r\n', '\x0b', '\x0c'), behavior will be unspecified
  tokens_by_line = make_tokens_by_line(lines)
/app/ipython/IPython/core/inputtransformer2.py:714: UserWarning: `make_tokens_by_line` received a list of lines which do not have lineending markers ('\n', '\r', '\r\n', '\x0b', '\x0c'), behavior will be unspecified
  tokens_by_line = make_tokens_by_line(lines)
/app/ipython/IPython/core/inputtransformer2.py:608: UserWarning: `make_tokens_by_line` received a list of lines which do not have lineending markers ('\n', '\r', '\r\n', '\x0b', '\x0c'), behavior will be unspecified
  tokens_by_line = make_tokens_by_line(lines)
/app/ipython/IPython/core/inputtransformer2.py:714: UserWarning: `make_tokens_by_line` received a list of lines which do not have lineending markers ('\n', '\r', '\r\n', '\x0b', '\x0c'), behavior will be unspecified
  tokens_by_line = make_tokens_by_line(lines)
/app/ipython/IPython/core/inputtransformer2.py:608: UserWarning: `make_tokens_by_line` received a list of lines which do not have lineending markers ('\n', '\r', '\r\n', '\x0b', '\x0c'), behavior will be unspecified
  tokens_by_line = make_tokens_by_line(lines)
/app/ipython/IPython/core/inputtransformer2.py:714: UserWarning: `make_tokens_by_line` received a list of lines which do not have lineending markers ('\n', '\r', '\r\n', '\x0b', '\x0c'), behavior will be unspecified
  tokens_by_line = make_tokens_by_line(lines)
/app/ipython/IPython/core/inputtransformer2.py:608: UserWarning: `make_tokens_by_line` received a list of lines which do not have lineending markers ('\n', '\r', '\r\n', '\x0b', '\x0c'), behavior will be unspecified
  tokens_by_line = make_tokens_by_line(lines)
/app/ipython/IPython/core/inputtransformer2.py:714: UserWarning: `make_tokens_by_line` received a list of lines which do not have lineending markers ('\n', '\r', '\r\n', '\x0b', '\x0c'), behavior will be unspecified
  tokens_by_line = make_tokens_by_line(lines)
/app/ipython/IPython/core/inputtransformer2.py:608: UserWarning: `make_tokens_by_line` received a list of lines which do not have lineending markers ('\n', '\r', '\r\n', '\x0b', '\x0c'), behavior will be unspecified
  tokens_by_line = make_tokens_by_line(lines)
/app/ipython/IPython/core/inputtransformer2.py:714: UserWarning: `make_tokens_by_line` received a list of lines which do not have lineending markers ('\n', '\r', '\r\n', '\x0b', '\x0c'), behavior will be unspecified
  tokens_by_line = make_tokens_by_line(lines)
/app/ipython/IPython/core/inputtransformer2.py:608: UserWarning: `make_tokens_by_line` received a list of lines which do not have lineending markers ('\n', '\r', '\r\n', '\x0b', '\x0c'), behavior will be unspecified
  tokens_by_line = make_tokens_by_line(lines)
/app/ipython/IPython/core/inputtransformer2.py:714: UserWarning: `make_tokens_by_line` received a list of lines which do not have lineending markers ('\n', '\r', '\r\n', '\x0b', '\x0c'), behavior will be unspecified
  tokens_by_line = make_tokens_by_line(lines)
/app/ipython/IPython/core/inputtransformer2.py:608: UserWarning: `make_tokens_by_line` received a list of lines which do not have lineending markers ('\n', '\r', '\r\n', '\x0b', '\x0c'), behavior will be unspecified
  tokens_by_line = make_tokens_by_line(lines)
/app/ipython/IPython/core/inputtransformer2.py:714: UserWarning: `make_tokens_by_line` received a list of lines which do not have lineending markers ('\n', '\r', '\r\n', '\x0b', '\x0c'), behavior will be unspecified
  tokens_by_line = make_tokens_by_line(lines)
/app/ipython/IPython/core/inputtransformer2.py:608: UserWarning: `make_tokens_by_line` received a list of lines which do not have lineending markers ('\n', '\r', '\r\n', '\x0b', '\x0c'), behavior will be unspecified
  tokens_by_line = make_tokens_by_line(lines)
/app/ipython/IPython/core/inputtransformer2.py:714: UserWarning: `make_tokens_by_line` received a list of lines which do not have lineending markers ('\n', '\r', '\r\n', '\x0b', '\x0c'), behavior will be unspecified
  tokens_by_line = make_tokens_by_line(lines)
/app/ipython/IPython/core/inputtransformer2.py:608: UserWarning: `make_tokens_by_line` received a list of lines which do not have lineending markers ('\n', '\r', '\r\n', '\x0b', '\x0c'), behavior will be unspecified
  tokens_by_line = make_tokens_by_line(lines)
/app/ipython/IPython/core/inputtransformer2.py:714: UserWarning: `make_tokens_by_line` received a list of lines which do not have lineending markers ('\n', '\r', '\r\n', '\x0b', '\x0c'), behavior will be unspecified
  tokens_by_line = make_tokens_by_line(lines)
/app/ipython/IPython/core/inputtransformer2.py:608: UserWarning: `make_tokens_by_line` received a list of lines which do not have lineending markers ('\n', '\r', '\r\n', '\x0b', '\x0c'), behavior will be unspecified
  tokens_by_line = make_tokens_by_line(lines)
/app/ipython/IPython/core/inputtransformer2.py:714: UserWarning: `make_tokens_by_line` received a list of lines which do not have lineending markers ('\n', '\r', '\r\n', '\x0b', '\x0c'), behavior will be unspecified
  tokens_by_line = make_tokens_by_line(lines)
/app/ipython/IPython/core/inputtransformer2.py:608: UserWarning: `make_tokens_by_line` received a list of lines which do not have lineending markers ('\n', '\r', '\r\n', '\x0b', '\x0c'), behavior will be unspecified
  tokens_by_line = make_tokens_by_line(lines)
/app/ipython/IPython/core/inputtransformer2.py:714: UserWarning: `make_tokens_by_line` received a list of lines which do not have lineending markers ('\n', '\r', '\r\n', '\x0b', '\x0c'), behavior will be unspecified
  tokens_by_line = make_tokens_by_line(lines)
#5211	NEW    cov: 273 ft: 768 corp: 81/307b lim: 8 exec/s: 5211 rss: 86Mb L: 8/8 MS: 2 ChangeBinInt-CrossOver-
#5240	NEW    cov: 273 ft: 770 corp: 82/315b lim: 8 exec/s: 5240 rss: 86Mb L: 8/8 MS: 4 InsertRepeatedBytes-InsertByte-ShuffleBytes-CrossOver-
/app/ipython/IPython/core/inputtransformer2.py:608: UserWarning: `make_tokens_by_line` received a list of lines which do not have lineending markers ('\n', '\r', '\r\n', '\x0b', '\x0c'), behavior will be unspecified
  tokens_by_line = make_tokens_by_line(lines)
/app/ipython/IPython/core/inputtransformer2.py:714: UserWarning: `make_tokens_by_line` received a list of lines which do not have lineending markers ('\n', '\r', '\r\n', '\x0b', '\x0c'), behavior will be unspecified
  tokens_by_line = make_tokens_by_line(lines)
/app/ipython/IPython/core/inputtransformer2.py:608: UserWarning: `make_tokens_by_line` received a list of lines which do not have lineending markers ('\n', '\r', '\r\n', '\x0b', '\x0c'), behavior will be unspecified
  tokens_by_line = make_tokens_by_line(lines)
/app/ipython/IPython/core/inputtransformer2.py:714: UserWarning: `make_tokens_by_line` received a list of lines which do not have lineending markers ('\n', '\r', '\r\n', '\x0b', '\x0c'), behavior will be unspecified
  tokens_by_line = make_tokens_by_line(lines)
/app/ipython/IPython/core/inputtransformer2.py:608: UserWarning: `make_tokens_by_line` received a list of lines which do not have lineending markers ('\n', '\r', '\r\n', '\x0b', '\x0c'), behavior will be unspecified
  tokens_by_line = make_tokens_by_line(lines)
/app/ipython/IPython/core/inputtransformer2.py:714: UserWarning: `make_tokens_by_line` received a list of lines which do not have lineending markers ('\n', '\r', '\r\n', '\x0b', '\x0c'), behavior will be unspecified
  tokens_by_line = make_tokens_by_line(lines)
/app/ipython/IPython/core/inputtransformer2.py:608: UserWarning: `make_tokens_by_line` received a list of lines which do not have lineending markers ('\n', '\r', '\r\n', '\x0b', '\x0c'), behavior will be unspecified
  tokens_by_line = make_tokens_by_line(lines)
/app/ipython/IPython/core/inputtransformer2.py:714: UserWarning: `make_tokens_by_line` received a list of lines which do not have lineending markers ('\n', '\r', '\r\n', '\x0b', '\x0c'), behavior will be unspecified
  tokens_by_line = make_tokens_by_line(lines)
/app/ipython/IPython/core/inputtransformer2.py:608: UserWarning: `make_tokens_by_line` received a list of lines which do not have lineending markers ('\n', '\r', '\r\n', '\x0b', '\x0c'), behavior will be unspecified
  tokens_by_line = make_tokens_by_line(lines)
/app/ipython/IPython/core/inputtransformer2.py:714: UserWarning: `make_tokens_by_line` received a list of lines which do not have lineending markers ('\n', '\r', '\r\n', '\x0b', '\x0c'), behavior will be unspecified
  tokens_by_line = make_tokens_by_line(lines)
/app/ipython/IPython/core/inputtransformer2.py:608: UserWarning: `make_tokens_by_line` received a list of lines which do not have lineending markers ('\n', '\r', '\r\n', '\x0b', '\x0c'), behavior will be unspecified
  tokens_by_line = make_tokens_by_line(lines)
/app/ipython/IPython/core/inputtransformer2.py:714: UserWarning: `make_tokens_by_line` received a list of lines which do not have lineending markers ('\n', '\r', '\r\n', '\x0b', '\x0c'), behavior will be unspecified
  tokens_by_line = make_tokens_by_line(lines)
/app/ipython/IPython/core/inputtransformer2.py:608: UserWarning: `make_tokens_by_line` received a list of lines which do not have lineending markers ('\n', '\r', '\r\n', '\x0b', '\x0c'), behavior will be unspecified
  tokens_by_line = make_tokens_by_line(lines)
/app/ipython/IPython/core/inputtransformer2.py:714: UserWarning: `make_tokens_by_line` received a list of lines which do not have lineending markers ('\n', '\r', '\r\n', '\x0b', '\x0c'), behavior will be unspecified
  tokens_by_line = make_tokens_by_line(lines)
/app/ipython/IPython/core/inputtransformer2.py:608: UserWarning: `make_tokens_by_line` received a list of lines which do not have lineending markers ('\n', '\r', '\r\n', '\x0b', '\x0c'), behavior will be unspecified
  tokens_by_line = make_tokens_by_line(lines)
/app/ipython/IPython/core/inputtransformer2.py:714: UserWarning: `make_tokens_by_line` received a list of lines which do not have lineending markers ('\n', '\r', '\r\n', '\x0b', '\x0c'), behavior will be unspecified
  tokens_by_line = make_tokens_by_line(lines)
#5370	NEW    cov: 273 ft: 772 corp: 83/320b lim: 8 exec/s: 5370 rss: 86Mb L: 5/8 MS: 5 CopyPart-PersAutoDict-EraseBytes-EraseBytes-ChangeByte- DE: "\377\377"-
#5407	REDUCE cov: 273 ft: 788 corp: 84/324b lim: 8 exec/s: 5407 rss: 86Mb L: 4/8 MS: 2 InsertByte-ChangeBinInt-
#5439	NEW    cov: 273 ft: 791 corp: 85/332b lim: 8 exec/s: 5439 rss: 86Mb L: 8/8 MS: 2 ShuffleBytes-CopyPart-
/app/ipython/IPython/core/inputtransformer2.py:608: UserWarning: `make_tokens_by_line` received a list of lines which do not have lineending markers ('\n', '\r', '\r\n', '\x0b', '\x0c'), behavior will be unspecified
  tokens_by_line = make_tokens_by_line(lines)
/app/ipython/IPython/core/inputtransformer2.py:714: UserWarning: `make_tokens_by_line` received a list of lines which do not have lineending markers ('\n', '\r', '\r\n', '\x0b', '\x0c'), behavior will be unspecified
  tokens_by_line = make_tokens_by_line(lines)
#5505	NEW    cov: 273 ft: 792 corp: 86/337b lim: 8 exec/s: 5505 rss: 86Mb L: 5/8 MS: 1 InsertByte-
#5520	REDUCE cov: 273 ft: 799 corp: 87/345b lim: 8 exec/s: 5520 rss: 86Mb L: 8/8 MS: 5 PersAutoDict-ShuffleBytes-EraseBytes-CrossOver-CrossOver- DE: "\377\377"-
/app/ipython/IPython/core/inputtransformer2.py:608: UserWarning: `make_tokens_by_line` received a list of lines which do not have lineending markers ('\n', '\r', '\r\n', '\x0b', '\x0c'), behavior will be unspecified
  tokens_by_line = make_tokens_by_line(lines)
/app/ipython/IPython/core/inputtransformer2.py:714: UserWarning: `make_tokens_by_line` received a list of lines which do not have lineending markers ('\n', '\r', '\r\n', '\x0b', '\x0c'), behavior will be unspecified
  tokens_by_line = make_tokens_by_line(lines)
/app/ipython/IPython/core/inputtransformer2.py:608: UserWarning: `make_tokens_by_line` received a list of lines which do not have lineending markers ('\n', '\r', '\r\n', '\x0b', '\x0c'), behavior will be unspecified
  tokens_by_line = make_tokens_by_line(lines)
/app/ipython/IPython/core/inputtransformer2.py:714: UserWarning: `make_tokens_by_line` received a list of lines which do not have lineending markers ('\n', '\r', '\r\n', '\x0b', '\x0c'), behavior will be unspecified
  tokens_by_line = make_tokens_by_line(lines)
/app/ipython/IPython/core/inputtransformer2.py:608: UserWarning: `make_tokens_by_line` received a list of lines which do not have lineending markers ('\n', '\r', '\r\n', '\x0b', '\x0c'), behavior will be unspecified
  tokens_by_line = make_tokens_by_line(lines)
/app/ipython/IPython/core/inputtransformer2.py:714: UserWarning: `make_tokens_by_line` received a list of lines which do not have lineending markers ('\n', '\r', '\r\n', '\x0b', '\x0c'), behavior will be unspecified
  tokens_by_line = make_tokens_by_line(lines)
/app/ipython/IPython/core/inputtransformer2.py:608: UserWarning: `make_tokens_by_line` received a list of lines which do not have lineending markers ('\n', '\r', '\r\n', '\x0b', '\x0c'), behavior will be unspecified
  tokens_by_line = make_tokens_by_line(lines)
/app/ipython/IPython/core/inputtransformer2.py:714: UserWarning: `make_tokens_by_line` received a list of lines which do not have lineending markers ('\n', '\r', '\r\n', '\x0b', '\x0c'), behavior will be unspecified
  tokens_by_line = make_tokens_by_line(lines)
/app/ipython/IPython/core/inputtransformer2.py:608: UserWarning: `make_tokens_by_line` received a list of lines which do not have lineending markers ('\n', '\r', '\r\n', '\x0b', '\x0c'), behavior will be unspecified
  tokens_by_line = make_tokens_by_line(lines)
/app/ipython/IPython/core/inputtransformer2.py:714: UserWarning: `make_tokens_by_line` received a list of lines which do not have lineending markers ('\n', '\r', '\r\n', '\x0b', '\x0c'), behavior will be unspecified
  tokens_by_line = make_tokens_by_line(lines)
/app/ipython/IPython/core/inputtransformer2.py:608: UserWarning: `make_tokens_by_line` received a list of lines which do not have lineending markers ('\n', '\r', '\r\n', '\x0b', '\x0c'), behavior will be unspecified
  tokens_by_line = make_tokens_by_line(lines)
/app/ipython/IPython/core/inputtransformer2.py:714: UserWarning: `make_tokens_by_line` received a list of lines which do not have lineending markers ('\n', '\r', '\r\n', '\x0b', '\x0c'), behavior will be unspecified
  tokens_by_line = make_tokens_by_line(lines)
/app/ipython/IPython/core/inputtransformer2.py:608: UserWarning: `make_tokens_by_line` received a list of lines which do not have lineending markers ('\n', '\r', '\r\n', '\x0b', '\x0c'), behavior will be unspecified
  tokens_by_line = make_tokens_by_line(lines)
/app/ipython/IPython/core/inputtransformer2.py:714: UserWarning: `make_tokens_by_line` received a list of lines which do not have lineending markers ('\n', '\r', '\r\n', '\x0b', '\x0c'), behavior will be unspecified
  tokens_by_line = make_tokens_by_line(lines)
/app/ipython/IPython/core/inputtransformer2.py:608: UserWarning: `make_tokens_by_line` received a list of lines which do not have lineending markers ('\n', '\r', '\r\n', '\x0b', '\x0c'), behavior will be unspecified
  tokens_by_line = make_tokens_by_line(lines)
/app/ipython/IPython/core/inputtransformer2.py:714: UserWarning: `make_tokens_by_line` received a list of lines which do not have lineending markers ('\n', '\r', '\r\n', '\x0b', '\x0c'), behavior will be unspecified
  tokens_by_line = make_tokens_by_line(lines)
/app/ipython/IPython/core/inputtransformer2.py:608: UserWarning: `make_tokens_by_line` received a list of lines which do not have lineending markers ('\n', '\r', '\r\n', '\x0b', '\x0c'), behavior will be unspecified
  tokens_by_line = make_tokens_by_line(lines)
/app/ipython/IPython/core/inputtransformer2.py:714: UserWarning: `make_tokens_by_line` received a list of lines which do not have lineending markers ('\n', '\r', '\r\n', '\x0b', '\x0c'), behavior will be unspecified
  tokens_by_line = make_tokens_by_line(lines)
#5652	NEW    cov: 273 ft: 802 corp: 88/353b lim: 8 exec/s: 5652 rss: 86Mb L: 8/8 MS: 2 CopyPart-CrossOver-
#5654	NEW    cov: 273 ft: 818 corp: 89/361b lim: 8 exec/s: 5654 rss: 86Mb L: 8/8 MS: 2 CMP-CrossOver- DE: "\377\377"-
/app/ipython/IPython/core/inputtransformer2.py:608: UserWarning: `make_tokens_by_line` received a list of lines which do not have lineending markers ('\n', '\r', '\r\n', '\x0b', '\x0c'), behavior will be unspecified
  tokens_by_line = make_tokens_by_line(lines)
/app/ipython/IPython/core/inputtransformer2.py:608: UserWarning: `make_tokens_by_line` received a list of lines which do not have lineending markers ('\n', '\r', '\r\n', '\x0b', '\x0c'), behavior will be unspecified
  tokens_by_line = make_tokens_by_line(lines)
/app/ipython/IPython/core/inputtransformer2.py:608: UserWarning: `make_tokens_by_line` received a list of lines which do not have lineending markers ('\n', '\r', '\r\n', '\x0b', '\x0c'), behavior will be unspecified
  tokens_by_line = make_tokens_by_line(lines)
/app/ipython/IPython/core/inputtransformer2.py:608: UserWarning: `make_tokens_by_line` received a list of lines which do not have lineending markers ('\n', '\r', '\r\n', '\x0b', '\x0c'), behavior will be unspecified
  tokens_by_line = make_tokens_by_line(lines)
/app/ipython/IPython/core/inputtransformer2.py:608: UserWarning: `make_tokens_by_line` received a list of lines which do not have lineending markers ('\n', '\r', '\r\n', '\x0b', '\x0c'), behavior will be unspecified
  tokens_by_line = make_tokens_by_line(lines)
/app/ipython/IPython/core/inputtransformer2.py:608: UserWarning: `make_tokens_by_line` received a list of lines which do not have lineending markers ('\n', '\r', '\r\n', '\x0b', '\x0c'), behavior will be unspecified
  tokens_by_line = make_tokens_by_line(lines)
/app/ipython/IPython/core/inputtransformer2.py:714: UserWarning: `make_tokens_by_line` received a list of lines which do not have lineending markers ('\n', '\r', '\r\n', '\x0b', '\x0c'), behavior will be unspecified
  tokens_by_line = make_tokens_by_line(lines)
/app/ipython/IPython/core/inputtransformer2.py:608: UserWarning: `make_tokens_by_line` received a list of lines which do not have lineending markers ('\n', '\r', '\r\n', '\x0b', '\x0c'), behavior will be unspecified
  tokens_by_line = make_tokens_by_line(lines)
/app/ipython/IPython/core/inputtransformer2.py:714: UserWarning: `make_tokens_by_line` received a list of lines which do not have lineending markers ('\n', '\r', '\r\n', '\x0b', '\x0c'), behavior will be unspecified
  tokens_by_line = make_tokens_by_line(lines)
#5720	NEW    cov: 273 ft: 821 corp: 90/365b lim: 8 exec/s: 5720 rss: 86Mb L: 4/8 MS: 1 ChangeBit-
/app/ipython/IPython/core/inputtransformer2.py:608: UserWarning: `make_tokens_by_line` received a list of lines which do not have lineending markers ('\n', '\r', '\r\n', '\x0b', '\x0c'), behavior will be unspecified
  tokens_by_line = make_tokens_by_line(lines)
/app/ipython/IPython/core/inputtransformer2.py:714: UserWarning: `make_tokens_by_line` received a list of lines which do not have lineending markers ('\n', '\r', '\r\n', '\x0b', '\x0c'), behavior will be unspecified
  tokens_by_line = make_tokens_by_line(lines)
/app/ipython/IPython/core/inputtransformer2.py:608: UserWarning: `make_tokens_by_line` received a list of lines which do not have lineending markers ('\n', '\r', '\r\n', '\x0b', '\x0c'), behavior will be unspecified
  tokens_by_line = make_tokens_by_line(lines)
/app/ipython/IPython/core/inputtransformer2.py:714: UserWarning: `make_tokens_by_line` received a list of lines which do not have lineending markers ('\n', '\r', '\r\n', '\x0b', '\x0c'), behavior will be unspecified
  tokens_by_line = make_tokens_by_line(lines)
#5774	NEW    cov: 273 ft: 823 corp: 91/373b lim: 8 exec/s: 5774 rss: 86Mb L: 8/8 MS: 4 ChangeByte-ChangeBit-CopyPart-ShuffleBytes-
/app/ipython/IPython/core/inputtransformer2.py:608: UserWarning: `make_tokens_by_line` received a list of lines which do not have lineending markers ('\n', '\r', '\r\n', '\x0b', '\x0c'), behavior will be unspecified
  tokens_by_line = make_tokens_by_line(lines)
/app/ipython/IPython/core/inputtransformer2.py:608: UserWarning: `make_tokens_by_line` received a list of lines which do not have lineending markers ('\n', '\r', '\r\n', '\x0b', '\x0c'), behavior will be unspecified
  tokens_by_line = make_tokens_by_line(lines)
/app/ipython/IPython/core/inputtransformer2.py:714: UserWarning: `make_tokens_by_line` received a list of lines which do not have lineending markers ('\n', '\r', '\r\n', '\x0b', '\x0c'), behavior will be unspecified
  tokens_by_line = make_tokens_by_line(lines)
/app/ipython/IPython/core/inputtransformer2.py:608: UserWarning: `make_tokens_by_line` received a list of lines which do not have lineending markers ('\n', '\r', '\r\n', '\x0b', '\x0c'), behavior will be unspecified
  tokens_by_line = make_tokens_by_line(lines)
/app/ipython/IPython/core/inputtransformer2.py:714: UserWarning: `make_tokens_by_line` received a list of lines which do not have lineending markers ('\n', '\r', '\r\n', '\x0b', '\x0c'), behavior will be unspecified
  tokens_by_line = make_tokens_by_line(lines)
/app/ipython/IPython/core/inputtransformer2.py:608: UserWarning: `make_tokens_by_line` received a list of lines which do not have lineending markers ('\n', '\r', '\r\n', '\x0b', '\x0c'), behavior will be unspecified
  tokens_by_line = make_tokens_by_line(lines)
/app/ipython/IPython/core/inputtransformer2.py:714: UserWarning: `make_tokens_by_line` received a list of lines which do not have lineending markers ('\n', '\r', '\r\n', '\x0b', '\x0c'), behavior will be unspecified
  tokens_by_line = make_tokens_by_line(lines)
/app/ipython/IPython/core/inputtransformer2.py:608: UserWarning: `make_tokens_by_line` received a list of lines which do not have lineending markers ('\n', '\r', '\r\n', '\x0b', '\x0c'), behavior will be unspecified
  tokens_by_line = make_tokens_by_line(lines)
/app/ipython/IPython/core/inputtransformer2.py:608: UserWarning: `make_tokens_by_line` received a list of lines which do not have lineending markers ('\n', '\r', '\r\n', '\x0b', '\x0c'), behavior will be unspecified
  tokens_by_line = make_tokens_by_line(lines)
/app/ipython/IPython/core/inputtransformer2.py:608: UserWarning: `make_tokens_by_line` received a list of lines which do not have lineending markers ('\n', '\r', '\r\n', '\x0b', '\x0c'), behavior will be unspecified
  tokens_by_line = make_tokens_by_line(lines)
#5787	REDUCE cov: 273 ft: 829 corp: 92/381b lim: 8 exec/s: 5787 rss: 86Mb L: 8/8 MS: 3 PersAutoDict-CopyPart-CopyPart- DE: "\377\377"-
/app/ipython/IPython/core/inputtransformer2.py:608: UserWarning: `make_tokens_by_line` received a list of lines which do not have lineending markers ('\n', '\r', '\r\n', '\x0b', '\x0c'), behavior will be unspecified
  tokens_by_line = make_tokens_by_line(lines)
/app/ipython/IPython/core/inputtransformer2.py:608: UserWarning: `make_tokens_by_line` received a list of lines which do not have lineending markers ('\n', '\r', '\r\n', '\x0b', '\x0c'), behavior will be unspecified
  tokens_by_line = make_tokens_by_line(lines)
/app/ipython/IPython/core/inputtransformer2.py:714: UserWarning: `make_tokens_by_line` received a list of lines which do not have lineending markers ('\n', '\r', '\r\n', '\x0b', '\x0c'), behavior will be unspecified
  tokens_by_line = make_tokens_by_line(lines)
/app/ipython/IPython/core/inputtransformer2.py:608: UserWarning: `make_tokens_by_line` received a list of lines which do not have lineending markers ('\n', '\r', '\r\n', '\x0b', '\x0c'), behavior will be unspecified
  tokens_by_line = make_tokens_by_line(lines)
/app/ipython/IPython/core/inputtransformer2.py:714: UserWarning: `make_tokens_by_line` received a list of lines which do not have lineending markers ('\n', '\r', '\r\n', '\x0b', '\x0c'), behavior will be unspecified
  tokens_by_line = make_tokens_by_line(lines)
/app/ipython/IPython/core/inputtransformer2.py:608: UserWarning: `make_tokens_by_line` received a list of lines which do not have lineending markers ('\n', '\r', '\r\n', '\x0b', '\x0c'), behavior will be unspecified
  tokens_by_line = make_tokens_by_line(lines)
/app/ipython/IPython/core/inputtransformer2.py:714: UserWarning: `make_tokens_by_line` received a list of lines which do not have lineending markers ('\n', '\r', '\r\n', '\x0b', '\x0c'), behavior will be unspecified
  tokens_by_line = make_tokens_by_line(lines)
#5828	NEW    cov: 274 ft: 830 corp: 93/389b lim: 8 exec/s: 5828 rss: 86Mb L: 8/8 MS: 1 CrossOver-
/app/ipython/IPython/core/inputtransformer2.py:608: UserWarning: `make_tokens_by_line` received a list of lines which do not have lineending markers ('\n', '\r', '\r\n', '\x0b', '\x0c'), behavior will be unspecified
  tokens_by_line = make_tokens_by_line(lines)
/app/ipython/IPython/core/inputtransformer2.py:608: UserWarning: `make_tokens_by_line` received a list of lines which do not have lineending markers ('\n', '\r', '\r\n', '\x0b', '\x0c'), behavior will be unspecified
  tokens_by_line = make_tokens_by_line(lines)
/app/ipython/IPython/core/inputtransformer2.py:714: UserWarning: `make_tokens_by_line` received a list of lines which do not have lineending markers ('\n', '\r', '\r\n', '\x0b', '\x0c'), behavior will be unspecified
  tokens_by_line = make_tokens_by_line(lines)
/app/ipython/IPython/core/inputtransformer2.py:608: UserWarning: `make_tokens_by_line` received a list of lines which do not have lineending markers ('\n', '\r', '\r\n', '\x0b', '\x0c'), behavior will be unspecified
  tokens_by_line = make_tokens_by_line(lines)
/app/ipython/IPython/core/inputtransformer2.py:714: UserWarning: `make_tokens_by_line` received a list of lines which do not have lineending markers ('\n', '\r', '\r\n', '\x0b', '\x0c'), behavior will be unspecified
  tokens_by_line = make_tokens_by_line(lines)
/app/ipython/IPython/core/inputtransformer2.py:608: UserWarning: `make_tokens_by_line` received a list of lines which do not have lineending markers ('\n', '\r', '\r\n', '\x0b', '\x0c'), behavior will be unspecified
  tokens_by_line = make_tokens_by_line(lines)
/app/ipython/IPython/core/inputtransformer2.py:714: UserWarning: `make_tokens_by_line` received a list of lines which do not have lineending markers ('\n', '\r', '\r\n', '\x0b', '\x0c'), behavior will be unspecified
  tokens_by_line = make_tokens_by_line(lines)
/app/ipython/IPython/core/inputtransformer2.py:608: UserWarning: `make_tokens_by_line` received a list of lines which do not have lineending markers ('\n', '\r', '\r\n', '\x0b', '\x0c'), behavior will be unspecified
  tokens_by_line = make_tokens_by_line(lines)
/app/ipython/IPython/core/inputtransformer2.py:714: UserWarning: `make_tokens_by_line` received a list of lines which do not have lineending markers ('\n', '\r', '\r\n', '\x0b', '\x0c'), behavior will be unspecified
  tokens_by_line = make_tokens_by_line(lines)
/app/ipython/IPython/core/inputtransformer2.py:608: UserWarning: `make_tokens_by_line` received a list of lines which do not have lineending markers ('\n', '\r', '\r\n', '\x0b', '\x0c'), behavior will be unspecified
  tokens_by_line = make_tokens_by_line(lines)
/app/ipython/IPython/core/inputtransformer2.py:714: UserWarning: `make_tokens_by_line` received a list of lines which do not have lineending markers ('\n', '\r', '\r\n', '\x0b', '\x0c'), behavior will be unspecified
  tokens_by_line = make_tokens_by_line(lines)
/app/ipython/IPython/core/inputtransformer2.py:608: UserWarning: `make_tokens_by_line` received a list of lines which do not have lineending markers ('\n', '\r', '\r\n', '\x0b', '\x0c'), behavior will be unspecified
  tokens_by_line = make_tokens_by_line(lines)
#5869	REDUCE cov: 274 ft: 831 corp: 94/395b lim: 8 exec/s: 5869 rss: 86Mb L: 6/8 MS: 1 CopyPart-
/app/ipython/IPython/core/inputtransformer2.py:608: UserWarning: `make_tokens_by_line` received a list of lines which do not have lineending markers ('\n', '\r', '\r\n', '\x0b', '\x0c'), behavior will be unspecified
  tokens_by_line = make_tokens_by_line(lines)
/app/ipython/IPython/core/inputtransformer2.py:714: UserWarning: `make_tokens_by_line` received a list of lines which do not have lineending markers ('\n', '\r', '\r\n', '\x0b', '\x0c'), behavior will be unspecified
  tokens_by_line = make_tokens_by_line(lines)
/app/ipython/IPython/core/inputtransformer2.py:608: UserWarning: `make_tokens_by_line` received a list of lines which do not have lineending markers ('\n', '\r', '\r\n', '\x0b', '\x0c'), behavior will be unspecified
  tokens_by_line = make_tokens_by_line(lines)
/app/ipython/IPython/core/inputtransformer2.py:714: UserWarning: `make_tokens_by_line` received a list of lines which do not have lineending markers ('\n', '\r', '\r\n', '\x0b', '\x0c'), behavior will be unspecified
  tokens_by_line = make_tokens_by_line(lines)
/app/ipython/IPython/core/inputtransformer2.py:608: UserWarning: `make_tokens_by_line` received a list of lines which do not have lineending markers ('\n', '\r', '\r\n', '\x0b', '\x0c'), behavior will be unspecified
  tokens_by_line = make_tokens_by_line(lines)
/app/ipython/IPython/core/inputtransformer2.py:714: UserWarning: `make_tokens_by_line` received a list of lines which do not have lineending markers ('\n', '\r', '\r\n', '\x0b', '\x0c'), behavior will be unspecified
  tokens_by_line = make_tokens_by_line(lines)
/app/ipython/IPython/core/inputtransformer2.py:608: UserWarning: `make_tokens_by_line` received a list of lines which do not have lineending markers ('\n', '\r', '\r\n', '\x0b', '\x0c'), behavior will be unspecified
  tokens_by_line = make_tokens_by_line(lines)
/app/ipython/IPython/core/inputtransformer2.py:714: UserWarning: `make_tokens_by_line` received a list of lines which do not have lineending markers ('\n', '\r', '\r\n', '\x0b', '\x0c'), behavior will be unspecified
  tokens_by_line = make_tokens_by_line(lines)
#5947	NEW    cov: 274 ft: 832 corp: 95/400b lim: 8 exec/s: 2973 rss: 86Mb L: 5/8 MS: 3 ChangeBinInt-CrossOver-ShuffleBytes-
/app/ipython/IPython/core/inputtransformer2.py:608: UserWarning: `make_tokens_by_line` received a list of lines which do not have lineending markers ('\n', '\r', '\r\n', '\x0b', '\x0c'), behavior will be unspecified
  tokens_by_line = make_tokens_by_line(lines)
/app/ipython/IPython/core/inputtransformer2.py:714: UserWarning: `make_tokens_by_line` received a list of lines which do not have lineending markers ('\n', '\r', '\r\n', '\x0b', '\x0c'), behavior will be unspecified
  tokens_by_line = make_tokens_by_line(lines)
/app/ipython/IPython/core/inputtransformer2.py:608: UserWarning: `make_tokens_by_line` received a list of lines which do not have lineending markers ('\n', '\r', '\r\n', '\x0b', '\x0c'), behavior will be unspecified
  tokens_by_line = make_tokens_by_line(lines)
/app/ipython/IPython/core/inputtransformer2.py:714: UserWarning: `make_tokens_by_line` received a list of lines which do not have lineending markers ('\n', '\r', '\r\n', '\x0b', '\x0c'), behavior will be unspecified
  tokens_by_line = make_tokens_by_line(lines)
/app/ipython/IPython/core/inputtransformer2.py:608: UserWarning: `make_tokens_by_line` received a list of lines which do not have lineending markers ('\n', '\r', '\r\n', '\x0b', '\x0c'), behavior will be unspecified
  tokens_by_line = make_tokens_by_line(lines)
/app/ipython/IPython/core/inputtransformer2.py:714: UserWarning: `make_tokens_by_line` received a list of lines which do not have lineending markers ('\n', '\r', '\r\n', '\x0b', '\x0c'), behavior will be unspecified
  tokens_by_line = make_tokens_by_line(lines)
/app/ipython/IPython/core/inputtransformer2.py:608: UserWarning: `make_tokens_by_line` received a list of lines which do not have lineending markers ('\n', '\r', '\r\n', '\x0b', '\x0c'), behavior will be unspecified
  tokens_by_line = make_tokens_by_line(lines)
/app/ipython/IPython/core/inputtransformer2.py:714: UserWarning: `make_tokens_by_line` received a list of lines which do not have lineending markers ('\n', '\r', '\r\n', '\x0b', '\x0c'), behavior will be unspecified
  tokens_by_line = make_tokens_by_line(lines)
/app/ipython/IPython/core/inputtransformer2.py:608: UserWarning: `make_tokens_by_line` received a list of lines which do not have lineending markers ('\n', '\r', '\r\n', '\x0b', '\x0c'), behavior will be unspecified
  tokens_by_line = make_tokens_by_line(lines)
/app/ipython/IPython/core/inputtransformer2.py:714: UserWarning: `make_tokens_by_line` received a list of lines which do not have lineending markers ('\n', '\r', '\r\n', '\x0b', '\x0c'), behavior will be unspecified
  tokens_by_line = make_tokens_by_line(lines)
/app/ipython/IPython/core/inputtransformer2.py:608: UserWarning: `make_tokens_by_line` received a list of lines which do not have lineending markers ('\n', '\r', '\r\n', '\x0b', '\x0c'), behavior will be unspecified
  tokens_by_line = make_tokens_by_line(lines)
/app/ipython/IPython/core/inputtransformer2.py:608: UserWarning: `make_tokens_by_line` received a list of lines which do not have lineending markers ('\n', '\r', '\r\n', '\x0b', '\x0c'), behavior will be unspecified
  tokens_by_line = make_tokens_by_line(lines)
/app/ipython/IPython/core/inputtransformer2.py:608: UserWarning: `make_tokens_by_line` received a list of lines which do not have lineending markers ('\n', '\r', '\r\n', '\x0b', '\x0c'), behavior will be unspecified
  tokens_by_line = make_tokens_by_line(lines)
/app/ipython/IPython/core/inputtransformer2.py:608: UserWarning: `make_tokens_by_line` received a list of lines which do not have lineending markers ('\n', '\r', '\r\n', '\x0b', '\x0c'), behavior will be unspecified
  tokens_by_line = make_tokens_by_line(lines)
/app/ipython/IPython/core/inputtransformer2.py:608: UserWarning: `make_tokens_by_line` received a list of lines which do not have lineending markers ('\n', '\r', '\r\n', '\x0b', '\x0c'), behavior will be unspecified
  tokens_by_line = make_tokens_by_line(lines)
/app/ipython/IPython/core/inputtransformer2.py:608: UserWarning: `make_tokens_by_line` received a list of lines which do not have lineending markers ('\n', '\r', '\r\n', '\x0b', '\x0c'), behavior will be unspecified
  tokens_by_line = make_tokens_by_line(lines)
/app/ipython/IPython/core/inputtransformer2.py:608: UserWarning: `make_tokens_by_line` received a list of lines which do not have lineending markers ('\n', '\r', '\r\n', '\x0b', '\x0c'), behavior will be unspecified
  tokens_by_line = make_tokens_by_line(lines)
/app/ipython/IPython/core/inputtransformer2.py:714: UserWarning: `make_tokens_by_line` received a list of lines which do not have lineending markers ('\n', '\r', '\r\n', '\x0b', '\x0c'), behavior will be unspecified
  tokens_by_line = make_tokens_by_line(lines)
/app/ipython/IPython/core/inputtransformer2.py:608: UserWarning: `make_tokens_by_line` received a list of lines which do not have lineending markers ('\n', '\r', '\r\n', '\x0b', '\x0c'), behavior will be unspecified
  tokens_by_line = make_tokens_by_line(lines)
/app/ipython/IPython/core/inputtransformer2.py:714: UserWarning: `make_tokens_by_line` received a list of lines which do not have lineending markers ('\n', '\r', '\r\n', '\x0b', '\x0c'), behavior will be unspecified
  tokens_by_line = make_tokens_by_line(lines)
/app/ipython/IPython/core/inputtransformer2.py:608: UserWarning: `make_tokens_by_line` received a list of lines which do not have lineending markers ('\n', '\r', '\r\n', '\x0b', '\x0c'), behavior will be unspecified
  tokens_by_line = make_tokens_by_line(lines)
/app/ipython/IPython/core/inputtransformer2.py:714: UserWarning: `make_tokens_by_line` received a list of lines which do not have lineending markers ('\n', '\r', '\r\n', '\x0b', '\x0c'), behavior will be unspecified
  tokens_by_line = make_tokens_by_line(lines)
/app/ipython/IPython/core/inputtransformer2.py:608: UserWarning: `make_tokens_by_line` received a list of lines which do not have lineending markers ('\n', '\r', '\r\n', '\x0b', '\x0c'), behavior will be unspecified
  tokens_by_line = make_tokens_by_line(lines)
/app/ipython/IPython/core/inputtransformer2.py:714: UserWarning: `make_tokens_by_line` received a list of lines which do not have lineending markers ('\n', '\r', '\r\n', '\x0b', '\x0c'), behavior will be unspecified
  tokens_by_line = make_tokens_by_line(lines)
/app/ipython/IPython/core/inputtransformer2.py:608: UserWarning: `make_tokens_by_line` received a list of lines which do not have lineending markers ('\n', '\r', '\r\n', '\x0b', '\x0c'), behavior will be unspecified
  tokens_by_line = make_tokens_by_line(lines)
/app/ipython/IPython/core/inputtransformer2.py:714: UserWarning: `make_tokens_by_line` received a list of lines which do not have lineending markers ('\n', '\r', '\r\n', '\x0b', '\x0c'), behavior will be unspecified
  tokens_by_line = make_tokens_by_line(lines)
/app/ipython/IPython/core/inputtransformer2.py:608: UserWarning: `make_tokens_by_line` received a list of lines which do not have lineending markers ('\n', '\r', '\r\n', '\x0b', '\x0c'), behavior will be unspecified
  tokens_by_line = make_tokens_by_line(lines)
/app/ipython/IPython/core/inputtransformer2.py:714: UserWarning: `make_tokens_by_line` received a list of lines which do not have lineending markers ('\n', '\r', '\r\n', '\x0b', '\x0c'), behavior will be unspecified
  tokens_by_line = make_tokens_by_line(lines)
/app/ipython/IPython/core/inputtransformer2.py:608: UserWarning: `make_tokens_by_line` received a list of lines which do not have lineending markers ('\n', '\r', '\r\n', '\x0b', '\x0c'), behavior will be unspecified
  tokens_by_line = make_tokens_by_line(lines)
/app/ipython/IPython/core/inputtransformer2.py:714: UserWarning: `make_tokens_by_line` received a list of lines which do not have lineending markers ('\n', '\r', '\r\n', '\x0b', '\x0c'), behavior will be unspecified
  tokens_by_line = make_tokens_by_line(lines)
/app/ipython/IPython/core/inputtransformer2.py:608: UserWarning: `make_tokens_by_line` received a list of lines which do not have lineending markers ('\n', '\r', '\r\n', '\x0b', '\x0c'), behavior will be unspecified
  tokens_by_line = make_tokens_by_line(lines)
/app/ipython/IPython/core/inputtransformer2.py:714: UserWarning: `make_tokens_by_line` received a list of lines which do not have lineending markers ('\n', '\r', '\r\n', '\x0b', '\x0c'), behavior will be unspecified
  tokens_by_line = make_tokens_by_line(lines)
/app/ipython/IPython/core/inputtransformer2.py:608: UserWarning: `make_tokens_by_line` received a list of lines which do not have lineending markers ('\n', '\r', '\r\n', '\x0b', '\x0c'), behavior will be unspecified
  tokens_by_line = make_tokens_by_line(lines)
/app/ipython/IPython/core/inputtransformer2.py:714: UserWarning: `make_tokens_by_line` received a list of lines which do not have lineending markers ('\n', '\r', '\r\n', '\x0b', '\x0c'), behavior will be unspecified
  tokens_by_line = make_tokens_by_line(lines)
/app/ipython/IPython/core/inputtransformer2.py:608: UserWarning: `make_tokens_by_line` received a list of lines which do not have lineending markers ('\n', '\r', '\r\n', '\x0b', '\x0c'), behavior will be unspecified
  tokens_by_line = make_tokens_by_line(lines)
/app/ipython/IPython/core/inputtransformer2.py:714: UserWarning: `make_tokens_by_line` received a list of lines which do not have lineending markers ('\n', '\r', '\r\n', '\x0b', '\x0c'), behavior will be unspecified
  tokens_by_line = make_tokens_by_line(lines)
/app/ipython/IPython/core/inputtransformer2.py:608: UserWarning: `make_tokens_by_line` received a list of lines which do not have lineending markers ('\n', '\r', '\r\n', '\x0b', '\x0c'), behavior will be unspecified
  tokens_by_line = make_tokens_by_line(lines)
/app/ipython/IPython/core/inputtransformer2.py:608: UserWarning: `make_tokens_by_line` received a list of lines which do not have lineending markers ('\n', '\r', '\r\n', '\x0b', '\x0c'), behavior will be unspecified
  tokens_by_line = make_tokens_by_line(lines)
#6498	NEW    cov: 274 ft: 837 corp: 96/409b lim: 11 exec/s: 3249 rss: 87Mb L: 9/9 MS: 1 CopyPart-
/app/ipython/IPython/core/inputtransformer2.py:608: UserWarning: `make_tokens_by_line` received a list of lines which do not have lineending markers ('\n', '\r', '\r\n', '\x0b', '\x0c'), behavior will be unspecified
  tokens_by_line = make_tokens_by_line(lines)
/app/ipython/IPython/core/inputtransformer2.py:714: UserWarning: `make_tokens_by_line` received a list of lines which do not have lineending markers ('\n', '\r', '\r\n', '\x0b', '\x0c'), behavior will be unspecified
  tokens_by_line = make_tokens_by_line(lines)
/app/ipython/IPython/core/inputtransformer2.py:608: UserWarning: `make_tokens_by_line` received a list of lines which do not have lineending markers ('\n', '\r', '\r\n', '\x0b', '\x0c'), behavior will be unspecified
  tokens_by_line = make_tokens_by_line(lines)
/app/ipython/IPython/core/inputtransformer2.py:714: UserWarning: `make_tokens_by_line` received a list of lines which do not have lineending markers ('\n', '\r', '\r\n', '\x0b', '\x0c'), behavior will be unspecified
  tokens_by_line = make_tokens_by_line(lines)
/app/ipython/IPython/core/inputtransformer2.py:608: UserWarning: `make_tokens_by_line` received a list of lines which do not have lineending markers ('\n', '\r', '\r\n', '\x0b', '\x0c'), behavior will be unspecified
  tokens_by_line = make_tokens_by_line(lines)
/app/ipython/IPython/core/inputtransformer2.py:714: UserWarning: `make_tokens_by_line` received a list of lines which do not have lineending markers ('\n', '\r', '\r\n', '\x0b', '\x0c'), behavior will be unspecified
  tokens_by_line = make_tokens_by_line(lines)
/app/ipython/IPython/core/inputtransformer2.py:608: UserWarning: `make_tokens_by_line` received a list of lines which do not have lineending markers ('\n', '\r', '\r\n', '\x0b', '\x0c'), behavior will be unspecified
  tokens_by_line = make_tokens_by_line(lines)
/app/ipython/IPython/core/inputtransformer2.py:714: UserWarning: `make_tokens_by_line` received a list of lines which do not have lineending markers ('\n', '\r', '\r\n', '\x0b', '\x0c'), behavior will be unspecified
  tokens_by_line = make_tokens_by_line(lines)
/app/ipython/IPython/core/inputtransformer2.py:608: UserWarning: `make_tokens_by_line` received a list of lines which do not have lineending markers ('\n', '\r', '\r\n', '\x0b', '\x0c'), behavior will be unspecified
  tokens_by_line = make_tokens_by_line(lines)
#6566	NEW    cov: 274 ft: 841 corp: 97/420b lim: 11 exec/s: 3283 rss: 87Mb L: 11/11 MS: 3 ShuffleBytes-ChangeBit-CopyPart-
/app/ipython/IPython/core/inputtransformer2.py:608: UserWarning: `make_tokens_by_line` received a list of lines which do not have lineending markers ('\n', '\r', '\r\n', '\x0b', '\x0c'), behavior will be unspecified
  tokens_by_line = make_tokens_by_line(lines)
/app/ipython/IPython/core/inputtransformer2.py:714: UserWarning: `make_tokens_by_line` received a list of lines which do not have lineending markers ('\n', '\r', '\r\n', '\x0b', '\x0c'), behavior will be unspecified
  tokens_by_line = make_tokens_by_line(lines)
/app/ipython/IPython/core/inputtransformer2.py:608: UserWarning: `make_tokens_by_line` received a list of lines which do not have lineending markers ('\n', '\r', '\r\n', '\x0b', '\x0c'), behavior will be unspecified
  tokens_by_line = make_tokens_by_line(lines)
/app/ipython/IPython/core/inputtransformer2.py:714: UserWarning: `make_tokens_by_line` received a list of lines which do not have lineending markers ('\n', '\r', '\r\n', '\x0b', '\x0c'), behavior will be unspecified
  tokens_by_line = make_tokens_by_line(lines)
/app/ipython/IPython/core/inputtransformer2.py:608: UserWarning: `make_tokens_by_line` received a list of lines which do not have lineending markers ('\n', '\r', '\r\n', '\x0b', '\x0c'), behavior will be unspecified
  tokens_by_line = make_tokens_by_line(lines)
/app/ipython/IPython/core/inputtransformer2.py:714: UserWarning: `make_tokens_by_line` received a list of lines which do not have lineending markers ('\n', '\r', '\r\n', '\x0b', '\x0c'), behavior will be unspecified
  tokens_by_line = make_tokens_by_line(lines)
#6642	REDUCE cov: 274 ft: 841 corp: 97/419b lim: 11 exec/s: 3321 rss: 87Mb L: 2/11 MS: 1 EraseBytes-
#6648	REDUCE cov: 274 ft: 841 corp: 97/418b lim: 11 exec/s: 3324 rss: 87Mb L: 6/11 MS: 1 EraseBytes-
/app/ipython/IPython/core/inputtransformer2.py:608: UserWarning: `make_tokens_by_line` received a list of lines which do not have lineending markers ('\n', '\r', '\r\n', '\x0b', '\x0c'), behavior will be unspecified
  tokens_by_line = make_tokens_by_line(lines)
/app/ipython/IPython/core/inputtransformer2.py:608: UserWarning: `make_tokens_by_line` received a list of lines which do not have lineending markers ('\n', '\r', '\r\n', '\x0b', '\x0c'), behavior will be unspecified
  tokens_by_line = make_tokens_by_line(lines)
/app/ipython/IPython/core/inputtransformer2.py:608: UserWarning: `make_tokens_by_line` received a list of lines which do not have lineending markers ('\n', '\r', '\r\n', '\x0b', '\x0c'), behavior will be unspecified
  tokens_by_line = make_tokens_by_line(lines)
/app/ipython/IPython/core/inputtransformer2.py:714: UserWarning: `make_tokens_by_line` received a list of lines which do not have lineending markers ('\n', '\r', '\r\n', '\x0b', '\x0c'), behavior will be unspecified
  tokens_by_line = make_tokens_by_line(lines)
/app/ipython/IPython/core/inputtransformer2.py:608: UserWarning: `make_tokens_by_line` received a list of lines which do not have lineending markers ('\n', '\r', '\r\n', '\x0b', '\x0c'), behavior will be unspecified
  tokens_by_line = make_tokens_by_line(lines)
/app/ipython/IPython/core/inputtransformer2.py:714: UserWarning: `make_tokens_by_line` received a list of lines which do not have lineending markers ('\n', '\r', '\r\n', '\x0b', '\x0c'), behavior will be unspecified
  tokens_by_line = make_tokens_by_line(lines)
/app/ipython/IPython/core/inputtransformer2.py:608: UserWarning: `make_tokens_by_line` received a list of lines which do not have lineending markers ('\n', '\r', '\r\n', '\x0b', '\x0c'), behavior will be unspecified
  tokens_by_line = make_tokens_by_line(lines)
/app/ipython/IPython/core/inputtransformer2.py:714: UserWarning: `make_tokens_by_line` received a list of lines which do not have lineending markers ('\n', '\r', '\r\n', '\x0b', '\x0c'), behavior will be unspecified
  tokens_by_line = make_tokens_by_line(lines)
/app/ipython/IPython/core/inputtransformer2.py:608: UserWarning: `make_tokens_by_line` received a list of lines which do not have lineending markers ('\n', '\r', '\r\n', '\x0b', '\x0c'), behavior will be unspecified
  tokens_by_line = make_tokens_by_line(lines)
/app/ipython/IPython/core/inputtransformer2.py:714: UserWarning: `make_tokens_by_line` received a list of lines which do not have lineending markers ('\n', '\r', '\r\n', '\x0b', '\x0c'), behavior will be unspecified
  tokens_by_line = make_tokens_by_line(lines)
#6729	NEW    cov: 274 ft: 842 corp: 98/426b lim: 11 exec/s: 3364 rss: 87Mb L: 8/11 MS: 1 CMP- DE: "\001\000\000\000"-
/app/ipython/IPython/core/inputtransformer2.py:608: UserWarning: `make_tokens_by_line` received a list of lines which do not have lineending markers ('\n', '\r', '\r\n', '\x0b', '\x0c'), behavior will be unspecified
  tokens_by_line = make_tokens_by_line(lines)
/app/ipython/IPython/core/inputtransformer2.py:608: UserWarning: `make_tokens_by_line` received a list of lines which do not have lineending markers ('\n', '\r', '\r\n', '\x0b', '\x0c'), behavior will be unspecified
  tokens_by_line = make_tokens_by_line(lines)
/app/ipython/IPython/core/inputtransformer2.py:714: UserWarning: `make_tokens_by_line` received a list of lines which do not have lineending markers ('\n', '\r', '\r\n', '\x0b', '\x0c'), behavior will be unspecified
  tokens_by_line = make_tokens_by_line(lines)
/app/ipython/IPython/core/inputtransformer2.py:608: UserWarning: `make_tokens_by_line` received a list of lines which do not have lineending markers ('\n', '\r', '\r\n', '\x0b', '\x0c'), behavior will be unspecified
  tokens_by_line = make_tokens_by_line(lines)
/app/ipython/IPython/core/inputtransformer2.py:714: UserWarning: `make_tokens_by_line` received a list of lines which do not have lineending markers ('\n', '\r', '\r\n', '\x0b', '\x0c'), behavior will be unspecified
  tokens_by_line = make_tokens_by_line(lines)
/app/ipython/IPython/core/inputtransformer2.py:608: UserWarning: `make_tokens_by_line` received a list of lines which do not have lineending markers ('\n', '\r', '\r\n', '\x0b', '\x0c'), behavior will be unspecified
  tokens_by_line = make_tokens_by_line(lines)
/app/ipython/IPython/core/inputtransformer2.py:714: UserWarning: `make_tokens_by_line` received a list of lines which do not have lineending markers ('\n', '\r', '\r\n', '\x0b', '\x0c'), behavior will be unspecified
  tokens_by_line = make_tokens_by_line(lines)
/app/ipython/IPython/core/inputtransformer2.py:608: UserWarning: `make_tokens_by_line` received a list of lines which do not have lineending markers ('\n', '\r', '\r\n', '\x0b', '\x0c'), behavior will be unspecified
  tokens_by_line = make_tokens_by_line(lines)
/app/ipython/IPython/core/inputtransformer2.py:714: UserWarning: `make_tokens_by_line` received a list of lines which do not have lineending markers ('\n', '\r', '\r\n', '\x0b', '\x0c'), behavior will be unspecified
  tokens_by_line = make_tokens_by_line(lines)
/app/ipython/IPython/core/inputtransformer2.py:608: UserWarning: `make_tokens_by_line` received a list of lines which do not have lineending markers ('\n', '\r', '\r\n', '\x0b', '\x0c'), behavior will be unspecified
  tokens_by_line = make_tokens_by_line(lines)
/app/ipython/IPython/core/inputtransformer2.py:714: UserWarning: `make_tokens_by_line` received a list of lines which do not have lineending markers ('\n', '\r', '\r\n', '\x0b', '\x0c'), behavior will be unspecified
  tokens_by_line = make_tokens_by_line(lines)
/app/ipython/IPython/core/inputtransformer2.py:608: UserWarning: `make_tokens_by_line` received a list of lines which do not have lineending markers ('\n', '\r', '\r\n', '\x0b', '\x0c'), behavior will be unspecified
  tokens_by_line = make_tokens_by_line(lines)
/app/ipython/IPython/core/inputtransformer2.py:714: UserWarning: `make_tokens_by_line` received a list of lines which do not have lineending markers ('\n', '\r', '\r\n', '\x0b', '\x0c'), behavior will be unspecified
  tokens_by_line = make_tokens_by_line(lines)
/app/ipython/IPython/core/inputtransformer2.py:608: UserWarning: `make_tokens_by_line` received a list of lines which do not have lineending markers ('\n', '\r', '\r\n', '\x0b', '\x0c'), behavior will be unspecified
  tokens_by_line = make_tokens_by_line(lines)
/app/ipython/IPython/core/inputtransformer2.py:714: UserWarning: `make_tokens_by_line` received a list of lines which do not have lineending markers ('\n', '\r', '\r\n', '\x0b', '\x0c'), behavior will be unspecified
  tokens_by_line = make_tokens_by_line(lines)
/app/ipython/IPython/core/inputtransformer2.py:608: UserWarning: `make_tokens_by_line` received a list of lines which do not have lineending markers ('\n', '\r', '\r\n', '\x0b', '\x0c'), behavior will be unspecified
  tokens_by_line = make_tokens_by_line(lines)
/app/ipython/IPython/core/inputtransformer2.py:714: UserWarning: `make_tokens_by_line` received a list of lines which do not have lineending markers ('\n', '\r', '\r\n', '\x0b', '\x0c'), behavior will be unspecified
  tokens_by_line = make_tokens_by_line(lines)
/app/ipython/IPython/core/inputtransformer2.py:608: UserWarning: `make_tokens_by_line` received a list of lines which do not have lineending markers ('\n', '\r', '\r\n', '\x0b', '\x0c'), behavior will be unspecified
  tokens_by_line = make_tokens_by_line(lines)
/app/ipython/IPython/core/inputtransformer2.py:714: UserWarning: `make_tokens_by_line` received a list of lines which do not have lineending markers ('\n', '\r', '\r\n', '\x0b', '\x0c'), behavior will be unspecified
  tokens_by_line = make_tokens_by_line(lines)
/app/ipython/IPython/core/inputtransformer2.py:608: UserWarning: `make_tokens_by_line` received a list of lines which do not have lineending markers ('\n', '\r', '\r\n', '\x0b', '\x0c'), behavior will be unspecified
  tokens_by_line = make_tokens_by_line(lines)
/app/ipython/IPython/core/inputtransformer2.py:714: UserWarning: `make_tokens_by_line` received a list of lines which do not have lineending markers ('\n', '\r', '\r\n', '\x0b', '\x0c'), behavior will be unspecified
  tokens_by_line = make_tokens_by_line(lines)
/app/ipython/IPython/core/inputtransformer2.py:608: UserWarning: `make_tokens_by_line` received a list of lines which do not have lineending markers ('\n', '\r', '\r\n', '\x0b', '\x0c'), behavior will be unspecified
  tokens_by_line = make_tokens_by_line(lines)
#6930	NEW    cov: 274 ft: 850 corp: 99/437b lim: 11 exec/s: 3465 rss: 87Mb L: 11/11 MS: 1 CopyPart-
/app/ipython/IPython/core/inputtransformer2.py:608: UserWarning: `make_tokens_by_line` received a list of lines which do not have lineending markers ('\n', '\r', '\r\n', '\x0b', '\x0c'), behavior will be unspecified
  tokens_by_line = make_tokens_by_line(lines)
/app/ipython/IPython/core/inputtransformer2.py:714: UserWarning: `make_tokens_by_line` received a list of lines which do not have lineending markers ('\n', '\r', '\r\n', '\x0b', '\x0c'), behavior will be unspecified
  tokens_by_line = make_tokens_by_line(lines)
/app/ipython/IPython/core/inputtransformer2.py:608: UserWarning: `make_tokens_by_line` received a list of lines which do not have lineending markers ('\n', '\r', '\r\n', '\x0b', '\x0c'), behavior will be unspecified
  tokens_by_line = make_tokens_by_line(lines)
#6966	NEW    cov: 275 ft: 851 corp: 100/441b lim: 11 exec/s: 3483 rss: 87Mb L: 4/11 MS: 1 ChangeBit-
/app/ipython/IPython/core/inputtransformer2.py:608: UserWarning: `make_tokens_by_line` received a list of lines which do not have lineending markers ('\n', '\r', '\r\n', '\x0b', '\x0c'), behavior will be unspecified
  tokens_by_line = make_tokens_by_line(lines)
/app/ipython/IPython/core/inputtransformer2.py:608: UserWarning: `make_tokens_by_line` received a list of lines which do not have lineending markers ('\n', '\r', '\r\n', '\x0b', '\x0c'), behavior will be unspecified
  tokens_by_line = make_tokens_by_line(lines)
/app/ipython/IPython/core/inputtransformer2.py:714: UserWarning: `make_tokens_by_line` received a list of lines which do not have lineending markers ('\n', '\r', '\r\n', '\x0b', '\x0c'), behavior will be unspecified
  tokens_by_line = make_tokens_by_line(lines)
/app/ipython/IPython/core/inputtransformer2.py:608: UserWarning: `make_tokens_by_line` received a list of lines which do not have lineending markers ('\n', '\r', '\r\n', '\x0b', '\x0c'), behavior will be unspecified
  tokens_by_line = make_tokens_by_line(lines)
/app/ipython/IPython/core/inputtransformer2.py:714: UserWarning: `make_tokens_by_line` received a list of lines which do not have lineending markers ('\n', '\r', '\r\n', '\x0b', '\x0c'), behavior will be unspecified
  tokens_by_line = make_tokens_by_line(lines)
/app/ipython/IPython/core/inputtransformer2.py:608: UserWarning: `make_tokens_by_line` received a list of lines which do not have lineending markers ('\n', '\r', '\r\n', '\x0b', '\x0c'), behavior will be unspecified
  tokens_by_line = make_tokens_by_line(lines)
/app/ipython/IPython/core/inputtransformer2.py:714: UserWarning: `make_tokens_by_line` received a list of lines which do not have lineending markers ('\n', '\r', '\r\n', '\x0b', '\x0c'), behavior will be unspecified
  tokens_by_line = make_tokens_by_line(lines)
/app/ipython/IPython/core/inputtransformer2.py:608: UserWarning: `make_tokens_by_line` received a list of lines which do not have lineending markers ('\n', '\r', '\r\n', '\x0b', '\x0c'), behavior will be unspecified
  tokens_by_line = make_tokens_by_line(lines)
/app/ipython/IPython/core/inputtransformer2.py:714: UserWarning: `make_tokens_by_line` received a list of lines which do not have lineending markers ('\n', '\r', '\r\n', '\x0b', '\x0c'), behavior will be unspecified
  tokens_by_line = make_tokens_by_line(lines)
/app/ipython/IPython/core/inputtransformer2.py:608: UserWarning: `make_tokens_by_line` received a list of lines which do not have lineending markers ('\n', '\r', '\r\n', '\x0b', '\x0c'), behavior will be unspecified
  tokens_by_line = make_tokens_by_line(lines)
/app/ipython/IPython/core/inputtransformer2.py:714: UserWarning: `make_tokens_by_line` received a list of lines which do not have lineending markers ('\n', '\r', '\r\n', '\x0b', '\x0c'), behavior will be unspecified
  tokens_by_line = make_tokens_by_line(lines)
/app/ipython/IPython/core/inputtransformer2.py:608: UserWarning: `make_tokens_by_line` received a list of lines which do not have lineending markers ('\n', '\r', '\r\n', '\x0b', '\x0c'), behavior will be unspecified
  tokens_by_line = make_tokens_by_line(lines)
/app/ipython/IPython/core/inputtransformer2.py:714: UserWarning: `make_tokens_by_line` received a list of lines which do not have lineending markers ('\n', '\r', '\r\n', '\x0b', '\x0c'), behavior will be unspecified
  tokens_by_line = make_tokens_by_line(lines)
/app/ipython/IPython/core/inputtransformer2.py:608: UserWarning: `make_tokens_by_line` received a list of lines which do not have lineending markers ('\n', '\r', '\r\n', '\x0b', '\x0c'), behavior will be unspecified
  tokens_by_line = make_tokens_by_line(lines)
/app/ipython/IPython/core/inputtransformer2.py:714: UserWarning: `make_tokens_by_line` received a list of lines which do not have lineending markers ('\n', '\r', '\r\n', '\x0b', '\x0c'), behavior will be unspecified
  tokens_by_line = make_tokens_by_line(lines)
/app/ipython/IPython/core/inputtransformer2.py:608: UserWarning: `make_tokens_by_line` received a list of lines which do not have lineending markers ('\n', '\r', '\r\n', '\x0b', '\x0c'), behavior will be unspecified
  tokens_by_line = make_tokens_by_line(lines)
/app/ipython/IPython/core/inputtransformer2.py:714: UserWarning: `make_tokens_by_line` received a list of lines which do not have lineending markers ('\n', '\r', '\r\n', '\x0b', '\x0c'), behavior will be unspecified
  tokens_by_line = make_tokens_by_line(lines)
/app/ipython/IPython/core/inputtransformer2.py:608: UserWarning: `make_tokens_by_line` received a list of lines which do not have lineending markers ('\n', '\r', '\r\n', '\x0b', '\x0c'), behavior will be unspecified
  tokens_by_line = make_tokens_by_line(lines)
/app/ipython/IPython/core/inputtransformer2.py:714: UserWarning: `make_tokens_by_line` received a list of lines which do not have lineending markers ('\n', '\r', '\r\n', '\x0b', '\x0c'), behavior will be unspecified
  tokens_by_line = make_tokens_by_line(lines)
/app/ipython/IPython/core/inputtransformer2.py:608: UserWarning: `make_tokens_by_line` received a list of lines which do not have lineending markers ('\n', '\r', '\r\n', '\x0b', '\x0c'), behavior will be unspecified
  tokens_by_line = make_tokens_by_line(lines)
/app/ipython/IPython/core/inputtransformer2.py:714: UserWarning: `make_tokens_by_line` received a list of lines which do not have lineending markers ('\n', '\r', '\r\n', '\x0b', '\x0c'), behavior will be unspecified
  tokens_by_line = make_tokens_by_line(lines)
/app/ipython/IPython/core/inputtransformer2.py:608: UserWarning: `make_tokens_by_line` received a list of lines which do not have lineending markers ('\n', '\r', '\r\n', '\x0b', '\x0c'), behavior will be unspecified
  tokens_by_line = make_tokens_by_line(lines)
/app/ipython/IPython/core/inputtransformer2.py:714: UserWarning: `make_tokens_by_line` received a list of lines which do not have lineending markers ('\n', '\r', '\r\n', '\x0b', '\x0c'), behavior will be unspecified
  tokens_by_line = make_tokens_by_line(lines)
/app/ipython/IPython/core/inputtransformer2.py:608: UserWarning: `make_tokens_by_line` received a list of lines which do not have lineending markers ('\n', '\r', '\r\n', '\x0b', '\x0c'), behavior will be unspecified
  tokens_by_line = make_tokens_by_line(lines)
/app/ipython/IPython/core/inputtransformer2.py:714: UserWarning: `make_tokens_by_line` received a list of lines which do not have lineending markers ('\n', '\r', '\r\n', '\x0b', '\x0c'), behavior will be unspecified
  tokens_by_line = make_tokens_by_line(lines)
#7077	NEW    cov: 278 ft: 854 corp: 101/448b lim: 11 exec/s: 3538 rss: 87Mb L: 7/11 MS: 1 CopyPart-
/app/ipython/IPython/core/inputtransformer2.py:608: UserWarning: `make_tokens_by_line` received a list of lines which do not have lineending markers ('\n', '\r', '\r\n', '\x0b', '\x0c'), behavior will be unspecified
  tokens_by_line = make_tokens_by_line(lines)
/app/ipython/IPython/core/inputtransformer2.py:714: UserWarning: `make_tokens_by_line` received a list of lines which do not have lineending markers ('\n', '\r', '\r\n', '\x0b', '\x0c'), behavior will be unspecified
  tokens_by_line = make_tokens_by_line(lines)
/app/ipython/IPython/core/inputtransformer2.py:608: UserWarning: `make_tokens_by_line` received a list of lines which do not have lineending markers ('\n', '\r', '\r\n', '\x0b', '\x0c'), behavior will be unspecified
  tokens_by_line = make_tokens_by_line(lines)
/app/ipython/IPython/core/inputtransformer2.py:714: UserWarning: `make_tokens_by_line` received a list of lines which do not have lineending markers ('\n', '\r', '\r\n', '\x0b', '\x0c'), behavior will be unspecified
  tokens_by_line = make_tokens_by_line(lines)
/app/ipython/IPython/core/inputtransformer2.py:608: UserWarning: `make_tokens_by_line` received a list of lines which do not have lineending markers ('\n', '\r', '\r\n', '\x0b', '\x0c'), behavior will be unspecified
  tokens_by_line = make_tokens_by_line(lines)
/app/ipython/IPython/core/inputtransformer2.py:714: UserWarning: `make_tokens_by_line` received a list of lines which do not have lineending markers ('\n', '\r', '\r\n', '\x0b', '\x0c'), behavior will be unspecified
  tokens_by_line = make_tokens_by_line(lines)
/app/ipython/IPython/core/inputtransformer2.py:608: UserWarning: `make_tokens_by_line` received a list of lines which do not have lineending markers ('\n', '\r', '\r\n', '\x0b', '\x0c'), behavior will be unspecified
  tokens_by_line = make_tokens_by_line(lines)
/app/ipython/IPython/core/inputtransformer2.py:714: UserWarning: `make_tokens_by_line` received a list of lines which do not have lineending markers ('\n', '\r', '\r\n', '\x0b', '\x0c'), behavior will be unspecified
  tokens_by_line = make_tokens_by_line(lines)
/app/ipython/IPython/core/inputtransformer2.py:608: UserWarning: `make_tokens_by_line` received a list of lines which do not have lineending markers ('\n', '\r', '\r\n', '\x0b', '\x0c'), behavior will be unspecified
  tokens_by_line = make_tokens_by_line(lines)
/app/ipython/IPython/core/inputtransformer2.py:714: UserWarning: `make_tokens_by_line` received a list of lines which do not have lineending markers ('\n', '\r', '\r\n', '\x0b', '\x0c'), behavior will be unspecified
  tokens_by_line = make_tokens_by_line(lines)
/app/ipython/IPython/core/inputtransformer2.py:608: UserWarning: `make_tokens_by_line` received a list of lines which do not have lineending markers ('\n', '\r', '\r\n', '\x0b', '\x0c'), behavior will be unspecified
  tokens_by_line = make_tokens_by_line(lines)
/app/ipython/IPython/core/inputtransformer2.py:608: UserWarning: `make_tokens_by_line` received a list of lines which do not have lineending markers ('\n', '\r', '\r\n', '\x0b', '\x0c'), behavior will be unspecified
  tokens_by_line = make_tokens_by_line(lines)
/app/ipython/IPython/core/inputtransformer2.py:608: UserWarning: `make_tokens_by_line` received a list of lines which do not have lineending markers ('\n', '\r', '\r\n', '\x0b', '\x0c'), behavior will be unspecified
  tokens_by_line = make_tokens_by_line(lines)
/app/ipython/IPython/core/inputtransformer2.py:714: UserWarning: `make_tokens_by_line` received a list of lines which do not have lineending markers ('\n', '\r', '\r\n', '\x0b', '\x0c'), behavior will be unspecified
  tokens_by_line = make_tokens_by_line(lines)
/app/ipython/IPython/core/inputtransformer2.py:608: UserWarning: `make_tokens_by_line` received a list of lines which do not have lineending markers ('\n', '\r', '\r\n', '\x0b', '\x0c'), behavior will be unspecified
  tokens_by_line = make_tokens_by_line(lines)
/app/ipython/IPython/core/inputtransformer2.py:714: UserWarning: `make_tokens_by_line` received a list of lines which do not have lineending markers ('\n', '\r', '\r\n', '\x0b', '\x0c'), behavior will be unspecified
  tokens_by_line = make_tokens_by_line(lines)
/app/ipython/IPython/core/inputtransformer2.py:608: UserWarning: `make_tokens_by_line` received a list of lines which do not have lineending markers ('\n', '\r', '\r\n', '\x0b', '\x0c'), behavior will be unspecified
  tokens_by_line = make_tokens_by_line(lines)
#7200	NEW    cov: 278 ft: 855 corp: 102/454b lim: 11 exec/s: 3600 rss: 87Mb L: 6/11 MS: 3 ShuffleBytes-CrossOver-CrossOver-
/app/ipython/IPython/core/inputtransformer2.py:608: UserWarning: `make_tokens_by_line` received a list of lines which do not have lineending markers ('\n', '\r', '\r\n', '\x0b', '\x0c'), behavior will be unspecified
  tokens_by_line = make_tokens_by_line(lines)
/app/ipython/IPython/core/inputtransformer2.py:714: UserWarning: `make_tokens_by_line` received a list of lines which do not have lineending markers ('\n', '\r', '\r\n', '\x0b', '\x0c'), behavior will be unspecified
  tokens_by_line = make_tokens_by_line(lines)
/app/ipython/IPython/core/inputtransformer2.py:608: UserWarning: `make_tokens_by_line` received a list of lines which do not have lineending markers ('\n', '\r', '\r\n', '\x0b', '\x0c'), behavior will be unspecified
  tokens_by_line = make_tokens_by_line(lines)
/app/ipython/IPython/core/inputtransformer2.py:714: UserWarning: `make_tokens_by_line` received a list of lines which do not have lineending markers ('\n', '\r', '\r\n', '\x0b', '\x0c'), behavior will be unspecified
  tokens_by_line = make_tokens_by_line(lines)
/app/ipython/IPython/core/inputtransformer2.py:608: UserWarning: `make_tokens_by_line` received a list of lines which do not have lineending markers ('\n', '\r', '\r\n', '\x0b', '\x0c'), behavior will be unspecified
  tokens_by_line = make_tokens_by_line(lines)
/app/ipython/IPython/core/inputtransformer2.py:714: UserWarning: `make_tokens_by_line` received a list of lines which do not have lineending markers ('\n', '\r', '\r\n', '\x0b', '\x0c'), behavior will be unspecified
  tokens_by_line = make_tokens_by_line(lines)
/app/ipython/IPython/core/inputtransformer2.py:608: UserWarning: `make_tokens_by_line` received a list of lines which do not have lineending markers ('\n', '\r', '\r\n', '\x0b', '\x0c'), behavior will be unspecified
  tokens_by_line = make_tokens_by_line(lines)
/app/ipython/IPython/core/inputtransformer2.py:608: UserWarning: `make_tokens_by_line` received a list of lines which do not have lineending markers ('\n', '\r', '\r\n', '\x0b', '\x0c'), behavior will be unspecified
  tokens_by_line = make_tokens_by_line(lines)
/app/ipython/IPython/core/inputtransformer2.py:714: UserWarning: `make_tokens_by_line` received a list of lines which do not have lineending markers ('\n', '\r', '\r\n', '\x0b', '\x0c'), behavior will be unspecified
  tokens_by_line = make_tokens_by_line(lines)
/app/ipython/IPython/core/inputtransformer2.py:608: UserWarning: `make_tokens_by_line` received a list of lines which do not have lineending markers ('\n', '\r', '\r\n', '\x0b', '\x0c'), behavior will be unspecified
  tokens_by_line = make_tokens_by_line(lines)
/app/ipython/IPython/core/inputtransformer2.py:714: UserWarning: `make_tokens_by_line` received a list of lines which do not have lineending markers ('\n', '\r', '\r\n', '\x0b', '\x0c'), behavior will be unspecified
  tokens_by_line = make_tokens_by_line(lines)
#7251	REDUCE cov: 278 ft: 855 corp: 102/453b lim: 11 exec/s: 3625 rss: 87Mb L: 3/11 MS: 1 EraseBytes-
/app/ipython/IPython/core/inputtransformer2.py:608: UserWarning: `make_tokens_by_line` received a list of lines which do not have lineending markers ('\n', '\r', '\r\n', '\x0b', '\x0c'), behavior will be unspecified
  tokens_by_line = make_tokens_by_line(lines)
/app/ipython/IPython/core/inputtransformer2.py:608: UserWarning: `make_tokens_by_line` received a list of lines which do not have lineending markers ('\n', '\r', '\r\n', '\x0b', '\x0c'), behavior will be unspecified
  tokens_by_line = make_tokens_by_line(lines)
/app/ipython/IPython/core/inputtransformer2.py:608: UserWarning: `make_tokens_by_line` received a list of lines which do not have lineending markers ('\n', '\r', '\r\n', '\x0b', '\x0c'), behavior will be unspecified
  tokens_by_line = make_tokens_by_line(lines)
/app/ipython/IPython/core/inputtransformer2.py:608: UserWarning: `make_tokens_by_line` received a list of lines which do not have lineending markers ('\n', '\r', '\r\n', '\x0b', '\x0c'), behavior will be unspecified
  tokens_by_line = make_tokens_by_line(lines)
/app/ipython/IPython/core/inputtransformer2.py:608: UserWarning: `make_tokens_by_line` received a list of lines which do not have lineending markers ('\n', '\r', '\r\n', '\x0b', '\x0c'), behavior will be unspecified
  tokens_by_line = make_tokens_by_line(lines)
/app/ipython/IPython/core/inputtransformer2.py:608: UserWarning: `make_tokens_by_line` received a list of lines which do not have lineending markers ('\n', '\r', '\r\n', '\x0b', '\x0c'), behavior will be unspecified
  tokens_by_line = make_tokens_by_line(lines)
/app/ipython/IPython/core/inputtransformer2.py:714: UserWarning: `make_tokens_by_line` received a list of lines which do not have lineending markers ('\n', '\r', '\r\n', '\x0b', '\x0c'), behavior will be unspecified
  tokens_by_line = make_tokens_by_line(lines)
/app/ipython/IPython/core/inputtransformer2.py:608: UserWarning: `make_tokens_by_line` received a list of lines which do not have lineending markers ('\n', '\r', '\r\n', '\x0b', '\x0c'), behavior will be unspecified
  tokens_by_line = make_tokens_by_line(lines)
/app/ipython/IPython/core/inputtransformer2.py:714: UserWarning: `make_tokens_by_line` received a list of lines which do not have lineending markers ('\n', '\r', '\r\n', '\x0b', '\x0c'), behavior will be unspecified
  tokens_by_line = make_tokens_by_line(lines)
/app/ipython/IPython/core/inputtransformer2.py:608: UserWarning: `make_tokens_by_line` received a list of lines which do not have lineending markers ('\n', '\r', '\r\n', '\x0b', '\x0c'), behavior will be unspecified
  tokens_by_line = make_tokens_by_line(lines)
/app/ipython/IPython/core/inputtransformer2.py:714: UserWarning: `make_tokens_by_line` received a list of lines which do not have lineending markers ('\n', '\r', '\r\n', '\x0b', '\x0c'), behavior will be unspecified
  tokens_by_line = make_tokens_by_line(lines)
/app/ipython/IPython/core/inputtransformer2.py:608: UserWarning: `make_tokens_by_line` received a list of lines which do not have lineending markers ('\n', '\r', '\r\n', '\x0b', '\x0c'), behavior will be unspecified
  tokens_by_line = make_tokens_by_line(lines)
/app/ipython/IPython/core/inputtransformer2.py:714: UserWarning: `make_tokens_by_line` received a list of lines which do not have lineending markers ('\n', '\r', '\r\n', '\x0b', '\x0c'), behavior will be unspecified
  tokens_by_line = make_tokens_by_line(lines)
/app/ipython/IPython/core/inputtransformer2.py:608: UserWarning: `make_tokens_by_line` received a list of lines which do not have lineending markers ('\n', '\r', '\r\n', '\x0b', '\x0c'), behavior will be unspecified
  tokens_by_line = make_tokens_by_line(lines)
/app/ipython/IPython/core/inputtransformer2.py:714: UserWarning: `make_tokens_by_line` received a list of lines which do not have lineending markers ('\n', '\r', '\r\n', '\x0b', '\x0c'), behavior will be unspecified
  tokens_by_line = make_tokens_by_line(lines)
#7305	NEW    cov: 278 ft: 856 corp: 103/463b lim: 11 exec/s: 3652 rss: 87Mb L: 10/11 MS: 4 CrossOver-EraseBytes-ChangeByte-InsertRepeatedBytes-
/app/ipython/IPython/core/inputtransformer2.py:608: UserWarning: `make_tokens_by_line` received a list of lines which do not have lineending markers ('\n', '\r', '\r\n', '\x0b', '\x0c'), behavior will be unspecified
  tokens_by_line = make_tokens_by_line(lines)
/app/ipython/IPython/core/inputtransformer2.py:714: UserWarning: `make_tokens_by_line` received a list of lines which do not have lineending markers ('\n', '\r', '\r\n', '\x0b', '\x0c'), behavior will be unspecified
  tokens_by_line = make_tokens_by_line(lines)
/app/ipython/IPython/core/inputtransformer2.py:608: UserWarning: `make_tokens_by_line` received a list of lines which do not have lineending markers ('\n', '\r', '\r\n', '\x0b', '\x0c'), behavior will be unspecified
  tokens_by_line = make_tokens_by_line(lines)
/app/ipython/IPython/core/inputtransformer2.py:714: UserWarning: `make_tokens_by_line` received a list of lines which do not have lineending markers ('\n', '\r', '\r\n', '\x0b', '\x0c'), behavior will be unspecified
  tokens_by_line = make_tokens_by_line(lines)
/app/ipython/IPython/core/inputtransformer2.py:608: UserWarning: `make_tokens_by_line` received a list of lines which do not have lineending markers ('\n', '\r', '\r\n', '\x0b', '\x0c'), behavior will be unspecified
  tokens_by_line = make_tokens_by_line(lines)
/app/ipython/IPython/core/inputtransformer2.py:714: UserWarning: `make_tokens_by_line` received a list of lines which do not have lineending markers ('\n', '\r', '\r\n', '\x0b', '\x0c'), behavior will be unspecified
  tokens_by_line = make_tokens_by_line(lines)
/app/ipython/IPython/core/inputtransformer2.py:608: UserWarning: `make_tokens_by_line` received a list of lines which do not have lineending markers ('\n', '\r', '\r\n', '\x0b', '\x0c'), behavior will be unspecified
  tokens_by_line = make_tokens_by_line(lines)
/app/ipython/IPython/core/inputtransformer2.py:714: UserWarning: `make_tokens_by_line` received a list of lines which do not have lineending markers ('\n', '\r', '\r\n', '\x0b', '\x0c'), behavior will be unspecified
  tokens_by_line = make_tokens_by_line(lines)
/app/ipython/IPython/core/inputtransformer2.py:608: UserWarning: `make_tokens_by_line` received a list of lines which do not have lineending markers ('\n', '\r', '\r\n', '\x0b', '\x0c'), behavior will be unspecified
  tokens_by_line = make_tokens_by_line(lines)
/app/ipython/IPython/core/inputtransformer2.py:714: UserWarning: `make_tokens_by_line` received a list of lines which do not have lineending markers ('\n', '\r', '\r\n', '\x0b', '\x0c'), behavior will be unspecified
  tokens_by_line = make_tokens_by_line(lines)
/app/ipython/IPython/core/inputtransformer2.py:608: UserWarning: `make_tokens_by_line` received a list of lines which do not have lineending markers ('\n', '\r', '\r\n', '\x0b', '\x0c'), behavior will be unspecified
  tokens_by_line = make_tokens_by_line(lines)
/app/ipython/IPython/core/inputtransformer2.py:714: UserWarning: `make_tokens_by_line` received a list of lines which do not have lineending markers ('\n', '\r', '\r\n', '\x0b', '\x0c'), behavior will be unspecified
  tokens_by_line = make_tokens_by_line(lines)
/app/ipython/IPython/core/inputtransformer2.py:608: UserWarning: `make_tokens_by_line` received a list of lines which do not have lineending markers ('\n', '\r', '\r\n', '\x0b', '\x0c'), behavior will be unspecified
  tokens_by_line = make_tokens_by_line(lines)
/app/ipython/IPython/core/inputtransformer2.py:714: UserWarning: `make_tokens_by_line` received a list of lines which do not have lineending markers ('\n', '\r', '\r\n', '\x0b', '\x0c'), behavior will be unspecified
  tokens_by_line = make_tokens_by_line(lines)
/app/ipython/IPython/core/inputtransformer2.py:608: UserWarning: `make_tokens_by_line` received a list of lines which do not have lineending markers ('\n', '\r', '\r\n', '\x0b', '\x0c'), behavior will be unspecified
  tokens_by_line = make_tokens_by_line(lines)
/app/ipython/IPython/core/inputtransformer2.py:714: UserWarning: `make_tokens_by_line` received a list of lines which do not have lineending markers ('\n', '\r', '\r\n', '\x0b', '\x0c'), behavior will be unspecified
  tokens_by_line = make_tokens_by_line(lines)
/app/ipython/IPython/core/inputtransformer2.py:608: UserWarning: `make_tokens_by_line` received a list of lines which do not have lineending markers ('\n', '\r', '\r\n', '\x0b', '\x0c'), behavior will be unspecified
  tokens_by_line = make_tokens_by_line(lines)
/app/ipython/IPython/core/inputtransformer2.py:714: UserWarning: `make_tokens_by_line` received a list of lines which do not have lineending markers ('\n', '\r', '\r\n', '\x0b', '\x0c'), behavior will be unspecified
  tokens_by_line = make_tokens_by_line(lines)
/app/ipython/IPython/core/inputtransformer2.py:608: UserWarning: `make_tokens_by_line` received a list of lines which do not have lineending markers ('\n', '\r', '\r\n', '\x0b', '\x0c'), behavior will be unspecified
  tokens_by_line = make_tokens_by_line(lines)
/app/ipython/IPython/core/inputtransformer2.py:714: UserWarning: `make_tokens_by_line` received a list of lines which do not have lineending markers ('\n', '\r', '\r\n', '\x0b', '\x0c'), behavior will be unspecified
  tokens_by_line = make_tokens_by_line(lines)
/app/ipython/IPython/core/inputtransformer2.py:608: UserWarning: `make_tokens_by_line` received a list of lines which do not have lineending markers ('\n', '\r', '\r\n', '\x0b', '\x0c'), behavior will be unspecified
  tokens_by_line = make_tokens_by_line(lines)
/app/ipython/IPython/core/inputtransformer2.py:714: UserWarning: `make_tokens_by_line` received a list of lines which do not have lineending markers ('\n', '\r', '\r\n', '\x0b', '\x0c'), behavior will be unspecified
  tokens_by_line = make_tokens_by_line(lines)
/app/ipython/IPython/core/inputtransformer2.py:608: UserWarning: `make_tokens_by_line` received a list of lines which do not have lineending markers ('\n', '\r', '\r\n', '\x0b', '\x0c'), behavior will be unspecified
  tokens_by_line = make_tokens_by_line(lines)
/app/ipython/IPython/core/inputtransformer2.py:714: UserWarning: `make_tokens_by_line` received a list of lines which do not have lineending markers ('\n', '\r', '\r\n', '\x0b', '\x0c'), behavior will be unspecified
  tokens_by_line = make_tokens_by_line(lines)
/app/ipython/IPython/core/inputtransformer2.py:608: UserWarning: `make_tokens_by_line` received a list of lines which do not have lineending markers ('\n', '\r', '\r\n', '\x0b', '\x0c'), behavior will be unspecified
  tokens_by_line = make_tokens_by_line(lines)
/app/ipython/IPython/core/inputtransformer2.py:714: UserWarning: `make_tokens_by_line` received a list of lines which do not have lineending markers ('\n', '\r', '\r\n', '\x0b', '\x0c'), behavior will be unspecified
  tokens_by_line = make_tokens_by_line(lines)
#7441	REDUCE cov: 278 ft: 856 corp: 103/461b lim: 11 exec/s: 3720 rss: 87Mb L: 2/11 MS: 1 EraseBytes-
#7486	REDUCE cov: 278 ft: 856 corp: 103/460b lim: 11 exec/s: 3743 rss: 87Mb L: 3/11 MS: 5 CrossOver-CopyPart-ChangeBit-ShuffleBytes-EraseBytes-
/app/ipython/IPython/core/inputtransformer2.py:608: UserWarning: `make_tokens_by_line` received a list of lines which do not have lineending markers ('\n', '\r', '\r\n', '\x0b', '\x0c'), behavior will be unspecified
  tokens_by_line = make_tokens_by_line(lines)
/app/ipython/IPython/core/inputtransformer2.py:608: UserWarning: `make_tokens_by_line` received a list of lines which do not have lineending markers ('\n', '\r', '\r\n', '\x0b', '\x0c'), behavior will be unspecified
  tokens_by_line = make_tokens_by_line(lines)
#7563	REDUCE cov: 278 ft: 856 corp: 103/459b lim: 11 exec/s: 3781 rss: 87Mb L: 4/11 MS: 2 ChangeBinInt-EraseBytes-
#7564	REDUCE cov: 278 ft: 856 corp: 103/458b lim: 11 exec/s: 3782 rss: 87Mb L: 7/11 MS: 1 EraseBytes-
/app/ipython/IPython/core/inputtransformer2.py:608: UserWarning: `make_tokens_by_line` received a list of lines which do not have lineending markers ('\n', '\r', '\r\n', '\x0b', '\x0c'), behavior will be unspecified
  tokens_by_line = make_tokens_by_line(lines)
/app/ipython/IPython/core/inputtransformer2.py:714: UserWarning: `make_tokens_by_line` received a list of lines which do not have lineending markers ('\n', '\r', '\r\n', '\x0b', '\x0c'), behavior will be unspecified
  tokens_by_line = make_tokens_by_line(lines)
/app/ipython/IPython/core/inputtransformer2.py:608: UserWarning: `make_tokens_by_line` received a list of lines which do not have lineending markers ('\n', '\r', '\r\n', '\x0b', '\x0c'), behavior will be unspecified
  tokens_by_line = make_tokens_by_line(lines)
/app/ipython/IPython/core/inputtransformer2.py:714: UserWarning: `make_tokens_by_line` received a list of lines which do not have lineending markers ('\n', '\r', '\r\n', '\x0b', '\x0c'), behavior will be unspecified
  tokens_by_line = make_tokens_by_line(lines)
/app/ipython/IPython/core/inputtransformer2.py:608: UserWarning: `make_tokens_by_line` received a list of lines which do not have lineending markers ('\n', '\r', '\r\n', '\x0b', '\x0c'), behavior will be unspecified
  tokens_by_line = make_tokens_by_line(lines)
/app/ipython/IPython/core/inputtransformer2.py:714: UserWarning: `make_tokens_by_line` received a list of lines which do not have lineending markers ('\n', '\r', '\r\n', '\x0b', '\x0c'), behavior will be unspecified
  tokens_by_line = make_tokens_by_line(lines)
/app/ipython/IPython/core/inputtransformer2.py:608: UserWarning: `make_tokens_by_line` received a list of lines which do not have lineending markers ('\n', '\r', '\r\n', '\x0b', '\x0c'), behavior will be unspecified
  tokens_by_line = make_tokens_by_line(lines)
/app/ipython/IPython/core/inputtransformer2.py:714: UserWarning: `make_tokens_by_line` received a list of lines which do not have lineending markers ('\n', '\r', '\r\n', '\x0b', '\x0c'), behavior will be unspecified
  tokens_by_line = make_tokens_by_line(lines)
/app/ipython/IPython/core/inputtransformer2.py:608: UserWarning: `make_tokens_by_line` received a list of lines which do not have lineending markers ('\n', '\r', '\r\n', '\x0b', '\x0c'), behavior will be unspecified
  tokens_by_line = make_tokens_by_line(lines)
/app/ipython/IPython/core/inputtransformer2.py:608: UserWarning: `make_tokens_by_line` received a list of lines which do not have lineending markers ('\n', '\r', '\r\n', '\x0b', '\x0c'), behavior will be unspecified
  tokens_by_line = make_tokens_by_line(lines)
/app/ipython/IPython/core/inputtransformer2.py:714: UserWarning: `make_tokens_by_line` received a list of lines which do not have lineending markers ('\n', '\r', '\r\n', '\x0b', '\x0c'), behavior will be unspecified
  tokens_by_line = make_tokens_by_line(lines)
/app/ipython/IPython/core/inputtransformer2.py:608: UserWarning: `make_tokens_by_line` received a list of lines which do not have lineending markers ('\n', '\r', '\r\n', '\x0b', '\x0c'), behavior will be unspecified
  tokens_by_line = make_tokens_by_line(lines)
/app/ipython/IPython/core/inputtransformer2.py:714: UserWarning: `make_tokens_by_line` received a list of lines which do not have lineending markers ('\n', '\r', '\r\n', '\x0b', '\x0c'), behavior will be unspecified
  tokens_by_line = make_tokens_by_line(lines)
/app/ipython/IPython/core/inputtransformer2.py:608: UserWarning: `make_tokens_by_line` received a list of lines which do not have lineending markers ('\n', '\r', '\r\n', '\x0b', '\x0c'), behavior will be unspecified
  tokens_by_line = make_tokens_by_line(lines)
/app/ipython/IPython/core/inputtransformer2.py:714: UserWarning: `make_tokens_by_line` received a list of lines which do not have lineending markers ('\n', '\r', '\r\n', '\x0b', '\x0c'), behavior will be unspecified
  tokens_by_line = make_tokens_by_line(lines)
/app/ipython/IPython/core/inputtransformer2.py:608: UserWarning: `make_tokens_by_line` received a list of lines which do not have lineending markers ('\n', '\r', '\r\n', '\x0b', '\x0c'), behavior will be unspecified
  tokens_by_line = make_tokens_by_line(lines)
/app/ipython/IPython/core/inputtransformer2.py:608: UserWarning: `make_tokens_by_line` received a list of lines which do not have lineending markers ('\n', '\r', '\r\n', '\x0b', '\x0c'), behavior will be unspecified
  tokens_by_line = make_tokens_by_line(lines)
/app/ipython/IPython/core/inputtransformer2.py:714: UserWarning: `make_tokens_by_line` received a list of lines which do not have lineending markers ('\n', '\r', '\r\n', '\x0b', '\x0c'), behavior will be unspecified
  tokens_by_line = make_tokens_by_line(lines)
/app/ipython/IPython/core/inputtransformer2.py:608: UserWarning: `make_tokens_by_line` received a list of lines which do not have lineending markers ('\n', '\r', '\r\n', '\x0b', '\x0c'), behavior will be unspecified
  tokens_by_line = make_tokens_by_line(lines)
/app/ipython/IPython/core/inputtransformer2.py:714: UserWarning: `make_tokens_by_line` received a list of lines which do not have lineending markers ('\n', '\r', '\r\n', '\x0b', '\x0c'), behavior will be unspecified
  tokens_by_line = make_tokens_by_line(lines)
/app/ipython/IPython/core/inputtransformer2.py:608: UserWarning: `make_tokens_by_line` received a list of lines which do not have lineending markers ('\n', '\r', '\r\n', '\x0b', '\x0c'), behavior will be unspecified
  tokens_by_line = make_tokens_by_line(lines)
/app/ipython/IPython/core/inputtransformer2.py:714: UserWarning: `make_tokens_by_line` received a list of lines which do not have lineending markers ('\n', '\r', '\r\n', '\x0b', '\x0c'), behavior will be unspecified
  tokens_by_line = make_tokens_by_line(lines)
/app/ipython/IPython/core/inputtransformer2.py:608: UserWarning: `make_tokens_by_line` received a list of lines which do not have lineending markers ('\n', '\r', '\r\n', '\x0b', '\x0c'), behavior will be unspecified
  tokens_by_line = make_tokens_by_line(lines)
/app/ipython/IPython/core/inputtransformer2.py:714: UserWarning: `make_tokens_by_line` received a list of lines which do not have lineending markers ('\n', '\r', '\r\n', '\x0b', '\x0c'), behavior will be unspecified
  tokens_by_line = make_tokens_by_line(lines)
/app/ipython/IPython/core/inputtransformer2.py:608: UserWarning: `make_tokens_by_line` received a list of lines which do not have lineending markers ('\n', '\r', '\r\n', '\x0b', '\x0c'), behavior will be unspecified
  tokens_by_line = make_tokens_by_line(lines)
/app/ipython/IPython/core/inputtransformer2.py:714: UserWarning: `make_tokens_by_line` received a list of lines which do not have lineending markers ('\n', '\r', '\r\n', '\x0b', '\x0c'), behavior will be unspecified
  tokens_by_line = make_tokens_by_line(lines)
/app/ipython/IPython/core/inputtransformer2.py:608: UserWarning: `make_tokens_by_line` received a list of lines which do not have lineending markers ('\n', '\r', '\r\n', '\x0b', '\x0c'), behavior will be unspecified
  tokens_by_line = make_tokens_by_line(lines)
/app/ipython/IPython/core/inputtransformer2.py:608: UserWarning: `make_tokens_by_line` received a list of lines which do not have lineending markers ('\n', '\r', '\r\n', '\x0b', '\x0c'), behavior will be unspecified
  tokens_by_line = make_tokens_by_line(lines)
/app/ipython/IPython/core/inputtransformer2.py:608: UserWarning: `make_tokens_by_line` received a list of lines which do not have lineending markers ('\n', '\r', '\r\n', '\x0b', '\x0c'), behavior will be unspecified
  tokens_by_line = make_tokens_by_line(lines)
/app/ipython/IPython/core/inputtransformer2.py:608: UserWarning: `make_tokens_by_line` received a list of lines which do not have lineending markers ('\n', '\r', '\r\n', '\x0b', '\x0c'), behavior will be unspecified
  tokens_by_line = make_tokens_by_line(lines)
/app/ipython/IPython/core/inputtransformer2.py:608: UserWarning: `make_tokens_by_line` received a list of lines which do not have lineending markers ('\n', '\r', '\r\n', '\x0b', '\x0c'), behavior will be unspecified
  tokens_by_line = make_tokens_by_line(lines)
/app/ipython/IPython/core/inputtransformer2.py:608: UserWarning: `make_tokens_by_line` received a list of lines which do not have lineending markers ('\n', '\r', '\r\n', '\x0b', '\x0c'), behavior will be unspecified
  tokens_by_line = make_tokens_by_line(lines)
/app/ipython/IPython/core/inputtransformer2.py:608: UserWarning: `make_tokens_by_line` received a list of lines which do not have lineending markers ('\n', '\r', '\r\n', '\x0b', '\x0c'), behavior will be unspecified
  tokens_by_line = make_tokens_by_line(lines)
/app/ipython/IPython/core/inputtransformer2.py:714: UserWarning: `make_tokens_by_line` received a list of lines which do not have lineending markers ('\n', '\r', '\r\n', '\x0b', '\x0c'), behavior will be unspecified
  tokens_by_line = make_tokens_by_line(lines)
#7881	REDUCE cov: 278 ft: 856 corp: 103/457b lim: 14 exec/s: 3940 rss: 87Mb L: 5/11 MS: 2 PersAutoDict-EraseBytes- DE: "\377\377"-
#7887	NEW    cov: 278 ft: 857 corp: 104/464b lim: 14 exec/s: 3943 rss: 87Mb L: 7/11 MS: 1 CopyPart-
/app/ipython/IPython/core/inputtransformer2.py:608: UserWarning: `make_tokens_by_line` received a list of lines which do not have lineending markers ('\n', '\r', '\r\n', '\x0b', '\x0c'), behavior will be unspecified
  tokens_by_line = make_tokens_by_line(lines)
/app/ipython/IPython/core/inputtransformer2.py:608: UserWarning: `make_tokens_by_line` received a list of lines which do not have lineending markers ('\n', '\r', '\r\n', '\x0b', '\x0c'), behavior will be unspecified
  tokens_by_line = make_tokens_by_line(lines)
/app/ipython/IPython/core/inputtransformer2.py:608: UserWarning: `make_tokens_by_line` received a list of lines which do not have lineending markers ('\n', '\r', '\r\n', '\x0b', '\x0c'), behavior will be unspecified
  tokens_by_line = make_tokens_by_line(lines)
/app/ipython/IPython/core/inputtransformer2.py:714: UserWarning: `make_tokens_by_line` received a list of lines which do not have lineending markers ('\n', '\r', '\r\n', '\x0b', '\x0c'), behavior will be unspecified
  tokens_by_line = make_tokens_by_line(lines)
/app/ipython/IPython/core/inputtransformer2.py:608: UserWarning: `make_tokens_by_line` received a list of lines which do not have lineending markers ('\n', '\r', '\r\n', '\x0b', '\x0c'), behavior will be unspecified
  tokens_by_line = make_tokens_by_line(lines)
/app/ipython/IPython/core/inputtransformer2.py:608: UserWarning: `make_tokens_by_line` received a list of lines which do not have lineending markers ('\n', '\r', '\r\n', '\x0b', '\x0c'), behavior will be unspecified
  tokens_by_line = make_tokens_by_line(lines)
/app/ipython/IPython/core/inputtransformer2.py:714: UserWarning: `make_tokens_by_line` received a list of lines which do not have lineending markers ('\n', '\r', '\r\n', '\x0b', '\x0c'), behavior will be unspecified
  tokens_by_line = make_tokens_by_line(lines)
/app/ipython/IPython/core/inputtransformer2.py:608: UserWarning: `make_tokens_by_line` received a list of lines which do not have lineending markers ('\n', '\r', '\r\n', '\x0b', '\x0c'), behavior will be unspecified
  tokens_by_line = make_tokens_by_line(lines)
/app/ipython/IPython/core/inputtransformer2.py:714: UserWarning: `make_tokens_by_line` received a list of lines which do not have lineending markers ('\n', '\r', '\r\n', '\x0b', '\x0c'), behavior will be unspecified
  tokens_by_line = make_tokens_by_line(lines)
/app/ipython/IPython/core/inputtransformer2.py:608: UserWarning: `make_tokens_by_line` received a list of lines which do not have lineending markers ('\n', '\r', '\r\n', '\x0b', '\x0c'), behavior will be unspecified
  tokens_by_line = make_tokens_by_line(lines)
/app/ipython/IPython/core/inputtransformer2.py:714: UserWarning: `make_tokens_by_line` received a list of lines which do not have lineending markers ('\n', '\r', '\r\n', '\x0b', '\x0c'), behavior will be unspecified
  tokens_by_line = make_tokens_by_line(lines)
/app/ipython/IPython/core/inputtransformer2.py:608: UserWarning: `make_tokens_by_line` received a list of lines which do not have lineending markers ('\n', '\r', '\r\n', '\x0b', '\x0c'), behavior will be unspecified
  tokens_by_line = make_tokens_by_line(lines)
/app/ipython/IPython/core/inputtransformer2.py:714: UserWarning: `make_tokens_by_line` received a list of lines which do not have lineending markers ('\n', '\r', '\r\n', '\x0b', '\x0c'), behavior will be unspecified
  tokens_by_line = make_tokens_by_line(lines)
/app/ipython/IPython/core/inputtransformer2.py:608: UserWarning: `make_tokens_by_line` received a list of lines which do not have lineending markers ('\n', '\r', '\r\n', '\x0b', '\x0c'), behavior will be unspecified
  tokens_by_line = make_tokens_by_line(lines)
/app/ipython/IPython/core/inputtransformer2.py:714: UserWarning: `make_tokens_by_line` received a list of lines which do not have lineending markers ('\n', '\r', '\r\n', '\x0b', '\x0c'), behavior will be unspecified
  tokens_by_line = make_tokens_by_line(lines)
#8018	NEW    cov: 278 ft: 858 corp: 105/472b lim: 14 exec/s: 4009 rss: 87Mb L: 8/11 MS: 1 CopyPart-
#8059	NEW    cov: 278 ft: 859 corp: 106/486b lim: 14 exec/s: 4029 rss: 87Mb L: 14/14 MS: 1 InsertRepeatedBytes-
#8077	NEW    cov: 278 ft: 860 corp: 107/500b lim: 14 exec/s: 4038 rss: 87Mb L: 14/14 MS: 3 CopyPart-CopyPart-CrossOver-
/app/ipython/IPython/core/inputtransformer2.py:608: UserWarning: `make_tokens_by_line` received a list of lines which do not have lineending markers ('\n', '\r', '\r\n', '\x0b', '\x0c'), behavior will be unspecified
  tokens_by_line = make_tokens_by_line(lines)
/app/ipython/IPython/core/inputtransformer2.py:714: UserWarning: `make_tokens_by_line` received a list of lines which do not have lineending markers ('\n', '\r', '\r\n', '\x0b', '\x0c'), behavior will be unspecified
  tokens_by_line = make_tokens_by_line(lines)
/app/ipython/IPython/core/inputtransformer2.py:608: UserWarning: `make_tokens_by_line` received a list of lines which do not have lineending markers ('\n', '\r', '\r\n', '\x0b', '\x0c'), behavior will be unspecified
  tokens_by_line = make_tokens_by_line(lines)
/app/ipython/IPython/core/inputtransformer2.py:714: UserWarning: `make_tokens_by_line` received a list of lines which do not have lineending markers ('\n', '\r', '\r\n', '\x0b', '\x0c'), behavior will be unspecified
  tokens_by_line = make_tokens_by_line(lines)
/app/ipython/IPython/core/inputtransformer2.py:608: UserWarning: `make_tokens_by_line` received a list of lines which do not have lineending markers ('\n', '\r', '\r\n', '\x0b', '\x0c'), behavior will be unspecified
  tokens_by_line = make_tokens_by_line(lines)
/app/ipython/IPython/core/inputtransformer2.py:714: UserWarning: `make_tokens_by_line` received a list of lines which do not have lineending markers ('\n', '\r', '\r\n', '\x0b', '\x0c'), behavior will be unspecified
  tokens_by_line = make_tokens_by_line(lines)
/app/ipython/IPython/core/inputtransformer2.py:608: UserWarning: `make_tokens_by_line` received a list of lines which do not have lineending markers ('\n', '\r', '\r\n', '\x0b', '\x0c'), behavior will be unspecified
  tokens_by_line = make_tokens_by_line(lines)
/app/ipython/IPython/core/inputtransformer2.py:714: UserWarning: `make_tokens_by_line` received a list of lines which do not have lineending markers ('\n', '\r', '\r\n', '\x0b', '\x0c'), behavior will be unspecified
  tokens_by_line = make_tokens_by_line(lines)
/app/ipython/IPython/core/inputtransformer2.py:608: UserWarning: `make_tokens_by_line` received a list of lines which do not have lineending markers ('\n', '\r', '\r\n', '\x0b', '\x0c'), behavior will be unspecified
  tokens_by_line = make_tokens_by_line(lines)
/app/ipython/IPython/core/inputtransformer2.py:714: UserWarning: `make_tokens_by_line` received a list of lines which do not have lineending markers ('\n', '\r', '\r\n', '\x0b', '\x0c'), behavior will be unspecified
  tokens_by_line = make_tokens_by_line(lines)
/app/ipython/IPython/core/inputtransformer2.py:608: UserWarning: `make_tokens_by_line` received a list of lines which do not have lineending markers ('\n', '\r', '\r\n', '\x0b', '\x0c'), behavior will be unspecified
  tokens_by_line = make_tokens_by_line(lines)
/app/ipython/IPython/core/inputtransformer2.py:714: UserWarning: `make_tokens_by_line` received a list of lines which do not have lineending markers ('\n', '\r', '\r\n', '\x0b', '\x0c'), behavior will be unspecified
  tokens_by_line = make_tokens_by_line(lines)
#8178	NEW    cov: 278 ft: 861 corp: 108/508b lim: 14 exec/s: 4089 rss: 87Mb L: 8/14 MS: 1 CrossOver-
#8192	pulse  cov: 278 ft: 861 corp: 108/508b lim: 14 exec/s: 4096 rss: 87Mb
#8220	NEW    cov: 279 ft: 862 corp: 109/515b lim: 14 exec/s: 4110 rss: 87Mb L: 7/14 MS: 2 ChangeBit-ChangeBit-
/app/ipython/IPython/core/inputtransformer2.py:608: UserWarning: `make_tokens_by_line` received a list of lines which do not have lineending markers ('\n', '\r', '\r\n', '\x0b', '\x0c'), behavior will be unspecified
  tokens_by_line = make_tokens_by_line(lines)
/app/ipython/IPython/core/inputtransformer2.py:608: UserWarning: `make_tokens_by_line` received a list of lines which do not have lineending markers ('\n', '\r', '\r\n', '\x0b', '\x0c'), behavior will be unspecified
  tokens_by_line = make_tokens_by_line(lines)
/app/ipython/IPython/core/inputtransformer2.py:608: UserWarning: `make_tokens_by_line` received a list of lines which do not have lineending markers ('\n', '\r', '\r\n', '\x0b', '\x0c'), behavior will be unspecified
  tokens_by_line = make_tokens_by_line(lines)
/app/ipython/IPython/core/inputtransformer2.py:714: UserWarning: `make_tokens_by_line` received a list of lines which do not have lineending markers ('\n', '\r', '\r\n', '\x0b', '\x0c'), behavior will be unspecified
  tokens_by_line = make_tokens_by_line(lines)
/app/ipython/IPython/core/inputtransformer2.py:608: UserWarning: `make_tokens_by_line` received a list of lines which do not have lineending markers ('\n', '\r', '\r\n', '\x0b', '\x0c'), behavior will be unspecified
  tokens_by_line = make_tokens_by_line(lines)
/app/ipython/IPython/core/inputtransformer2.py:714: UserWarning: `make_tokens_by_line` received a list of lines which do not have lineending markers ('\n', '\r', '\r\n', '\x0b', '\x0c'), behavior will be unspecified
  tokens_by_line = make_tokens_by_line(lines)
#8274	NEW    cov: 279 ft: 865 corp: 110/524b lim: 14 exec/s: 4137 rss: 87Mb L: 9/14 MS: 4 CopyPart-InsertByte-ChangeBit-CrossOver-
/app/ipython/IPython/core/inputtransformer2.py:608: UserWarning: `make_tokens_by_line` received a list of lines which do not have lineending markers ('\n', '\r', '\r\n', '\x0b', '\x0c'), behavior will be unspecified
  tokens_by_line = make_tokens_by_line(lines)
/app/ipython/IPython/core/inputtransformer2.py:714: UserWarning: `make_tokens_by_line` received a list of lines which do not have lineending markers ('\n', '\r', '\r\n', '\x0b', '\x0c'), behavior will be unspecified
  tokens_by_line = make_tokens_by_line(lines)
/app/ipython/IPython/core/inputtransformer2.py:608: UserWarning: `make_tokens_by_line` received a list of lines which do not have lineending markers ('\n', '\r', '\r\n', '\x0b', '\x0c'), behavior will be unspecified
  tokens_by_line = make_tokens_by_line(lines)
/app/ipython/IPython/core/inputtransformer2.py:714: UserWarning: `make_tokens_by_line` received a list of lines which do not have lineending markers ('\n', '\r', '\r\n', '\x0b', '\x0c'), behavior will be unspecified
  tokens_by_line = make_tokens_by_line(lines)
/app/ipython/IPython/core/inputtransformer2.py:608: UserWarning: `make_tokens_by_line` received a list of lines which do not have lineending markers ('\n', '\r', '\r\n', '\x0b', '\x0c'), behavior will be unspecified
  tokens_by_line = make_tokens_by_line(lines)
/app/ipython/IPython/core/inputtransformer2.py:714: UserWarning: `make_tokens_by_line` received a list of lines which do not have lineending markers ('\n', '\r', '\r\n', '\x0b', '\x0c'), behavior will be unspecified
  tokens_by_line = make_tokens_by_line(lines)
/app/ipython/IPython/core/inputtransformer2.py:608: UserWarning: `make_tokens_by_line` received a list of lines which do not have lineending markers ('\n', '\r', '\r\n', '\x0b', '\x0c'), behavior will be unspecified
  tokens_by_line = make_tokens_by_line(lines)
/app/ipython/IPython/core/inputtransformer2.py:714: UserWarning: `make_tokens_by_line` received a list of lines which do not have lineending markers ('\n', '\r', '\r\n', '\x0b', '\x0c'), behavior will be unspecified
  tokens_by_line = make_tokens_by_line(lines)
/app/ipython/IPython/core/inputtransformer2.py:608: UserWarning: `make_tokens_by_line` received a list of lines which do not have lineending markers ('\n', '\r', '\r\n', '\x0b', '\x0c'), behavior will be unspecified
  tokens_by_line = make_tokens_by_line(lines)
/app/ipython/IPython/core/inputtransformer2.py:714: UserWarning: `make_tokens_by_line` received a list of lines which do not have lineending markers ('\n', '\r', '\r\n', '\x0b', '\x0c'), behavior will be unspecified
  tokens_by_line = make_tokens_by_line(lines)
/app/ipython/IPython/core/inputtransformer2.py:608: UserWarning: `make_tokens_by_line` received a list of lines which do not have lineending markers ('\n', '\r', '\r\n', '\x0b', '\x0c'), behavior will be unspecified
  tokens_by_line = make_tokens_by_line(lines)
/app/ipython/IPython/core/inputtransformer2.py:714: UserWarning: `make_tokens_by_line` received a list of lines which do not have lineending markers ('\n', '\r', '\r\n', '\x0b', '\x0c'), behavior will be unspecified
  tokens_by_line = make_tokens_by_line(lines)
/app/ipython/IPython/core/inputtransformer2.py:608: UserWarning: `make_tokens_by_line` received a list of lines which do not have lineending markers ('\n', '\r', '\r\n', '\x0b', '\x0c'), behavior will be unspecified
  tokens_by_line = make_tokens_by_line(lines)
/app/ipython/IPython/core/inputtransformer2.py:714: UserWarning: `make_tokens_by_line` received a list of lines which do not have lineending markers ('\n', '\r', '\r\n', '\x0b', '\x0c'), behavior will be unspecified
  tokens_by_line = make_tokens_by_line(lines)
/app/ipython/IPython/core/inputtransformer2.py:608: UserWarning: `make_tokens_by_line` received a list of lines which do not have lineending markers ('\n', '\r', '\r\n', '\x0b', '\x0c'), behavior will be unspecified
  tokens_by_line = make_tokens_by_line(lines)
/app/ipython/IPython/core/inputtransformer2.py:714: UserWarning: `make_tokens_by_line` received a list of lines which do not have lineending markers ('\n', '\r', '\r\n', '\x0b', '\x0c'), behavior will be unspecified
  tokens_by_line = make_tokens_by_line(lines)
/app/ipython/IPython/core/inputtransformer2.py:608: UserWarning: `make_tokens_by_line` received a list of lines which do not have lineending markers ('\n', '\r', '\r\n', '\x0b', '\x0c'), behavior will be unspecified
  tokens_by_line = make_tokens_by_line(lines)
/app/ipython/IPython/core/inputtransformer2.py:714: UserWarning: `make_tokens_by_line` received a list of lines which do not have lineending markers ('\n', '\r', '\r\n', '\x0b', '\x0c'), behavior will be unspecified
  tokens_by_line = make_tokens_by_line(lines)
/app/ipython/IPython/core/inputtransformer2.py:608: UserWarning: `make_tokens_by_line` received a list of lines which do not have lineending markers ('\n', '\r', '\r\n', '\x0b', '\x0c'), behavior will be unspecified
  tokens_by_line = make_tokens_by_line(lines)
/app/ipython/IPython/core/inputtransformer2.py:714: UserWarning: `make_tokens_by_line` received a list of lines which do not have lineending markers ('\n', '\r', '\r\n', '\x0b', '\x0c'), behavior will be unspecified
  tokens_by_line = make_tokens_by_line(lines)
/app/ipython/IPython/core/inputtransformer2.py:608: UserWarning: `make_tokens_by_line` received a list of lines which do not have lineending markers ('\n', '\r', '\r\n', '\x0b', '\x0c'), behavior will be unspecified
  tokens_by_line = make_tokens_by_line(lines)
/app/ipython/IPython/core/inputtransformer2.py:714: UserWarning: `make_tokens_by_line` received a list of lines which do not have lineending markers ('\n', '\r', '\r\n', '\x0b', '\x0c'), behavior will be unspecified
  tokens_by_line = make_tokens_by_line(lines)
#8355	REDUCE cov: 279 ft: 865 corp: 110/523b lim: 14 exec/s: 4177 rss: 87Mb L: 4/14 MS: 1 EraseBytes-
#8364	NEW    cov: 279 ft: 866 corp: 111/534b lim: 14 exec/s: 4182 rss: 87Mb L: 11/14 MS: 4 ChangeBit-CopyPart-ChangeBit-CrossOver-
/app/ipython/IPython/core/inputtransformer2.py:608: UserWarning: `make_tokens_by_line` received a list of lines which do not have lineending markers ('\n', '\r', '\r\n', '\x0b', '\x0c'), behavior will be unspecified
  tokens_by_line = make_tokens_by_line(lines)
/app/ipython/IPython/core/inputtransformer2.py:714: UserWarning: `make_tokens_by_line` received a list of lines which do not have lineending markers ('\n', '\r', '\r\n', '\x0b', '\x0c'), behavior will be unspecified
  tokens_by_line = make_tokens_by_line(lines)
#8376	REDUCE cov: 279 ft: 873 corp: 112/544b lim: 14 exec/s: 2792 rss: 87Mb L: 10/14 MS: 2 ChangeBit-InsertRepeatedBytes-
/app/ipython/IPython/core/inputtransformer2.py:608: UserWarning: `make_tokens_by_line` received a list of lines which do not have lineending markers ('\n', '\r', '\r\n', '\x0b', '\x0c'), behavior will be unspecified
  tokens_by_line = make_tokens_by_line(lines)
/app/ipython/IPython/core/inputtransformer2.py:714: UserWarning: `make_tokens_by_line` received a list of lines which do not have lineending markers ('\n', '\r', '\r\n', '\x0b', '\x0c'), behavior will be unspecified
  tokens_by_line = make_tokens_by_line(lines)
/app/ipython/IPython/core/inputtransformer2.py:608: UserWarning: `make_tokens_by_line` received a list of lines which do not have lineending markers ('\n', '\r', '\r\n', '\x0b', '\x0c'), behavior will be unspecified
  tokens_by_line = make_tokens_by_line(lines)
/app/ipython/IPython/core/inputtransformer2.py:714: UserWarning: `make_tokens_by_line` received a list of lines which do not have lineending markers ('\n', '\r', '\r\n', '\x0b', '\x0c'), behavior will be unspecified
  tokens_by_line = make_tokens_by_line(lines)
/app/ipython/IPython/core/inputtransformer2.py:608: UserWarning: `make_tokens_by_line` received a list of lines which do not have lineending markers ('\n', '\r', '\r\n', '\x0b', '\x0c'), behavior will be unspecified
  tokens_by_line = make_tokens_by_line(lines)
/app/ipython/IPython/core/inputtransformer2.py:714: UserWarning: `make_tokens_by_line` received a list of lines which do not have lineending markers ('\n', '\r', '\r\n', '\x0b', '\x0c'), behavior will be unspecified
  tokens_by_line = make_tokens_by_line(lines)
/app/ipython/IPython/core/inputtransformer2.py:608: UserWarning: `make_tokens_by_line` received a list of lines which do not have lineending markers ('\n', '\r', '\r\n', '\x0b', '\x0c'), behavior will be unspecified
  tokens_by_line = make_tokens_by_line(lines)
/app/ipython/IPython/core/inputtransformer2.py:714: UserWarning: `make_tokens_by_line` received a list of lines which do not have lineending markers ('\n', '\r', '\r\n', '\x0b', '\x0c'), behavior will be unspecified
  tokens_by_line = make_tokens_by_line(lines)
/app/ipython/IPython/core/inputtransformer2.py:608: UserWarning: `make_tokens_by_line` received a list of lines which do not have lineending markers ('\n', '\r', '\r\n', '\x0b', '\x0c'), behavior will be unspecified
  tokens_by_line = make_tokens_by_line(lines)
/app/ipython/IPython/core/inputtransformer2.py:714: UserWarning: `make_tokens_by_line` received a list of lines which do not have lineending markers ('\n', '\r', '\r\n', '\x0b', '\x0c'), behavior will be unspecified
  tokens_by_line = make_tokens_by_line(lines)
/app/ipython/IPython/core/inputtransformer2.py:608: UserWarning: `make_tokens_by_line` received a list of lines which do not have lineending markers ('\n', '\r', '\r\n', '\x0b', '\x0c'), behavior will be unspecified
  tokens_by_line = make_tokens_by_line(lines)
/app/ipython/IPython/core/inputtransformer2.py:608: UserWarning: `make_tokens_by_line` received a list of lines which do not have lineending markers ('\n', '\r', '\r\n', '\x0b', '\x0c'), behavior will be unspecified
  tokens_by_line = make_tokens_by_line(lines)
/app/ipython/IPython/core/inputtransformer2.py:608: UserWarning: `make_tokens_by_line` received a list of lines which do not have lineending markers ('\n', '\r', '\r\n', '\x0b', '\x0c'), behavior will be unspecified
  tokens_by_line = make_tokens_by_line(lines)
/app/ipython/IPython/core/inputtransformer2.py:714: UserWarning: `make_tokens_by_line` received a list of lines which do not have lineending markers ('\n', '\r', '\r\n', '\x0b', '\x0c'), behavior will be unspecified
  tokens_by_line = make_tokens_by_line(lines)
/app/ipython/IPython/core/inputtransformer2.py:608: UserWarning: `make_tokens_by_line` received a list of lines which do not have lineending markers ('\n', '\r', '\r\n', '\x0b', '\x0c'), behavior will be unspecified
  tokens_by_line = make_tokens_by_line(lines)
/app/ipython/IPython/core/inputtransformer2.py:714: UserWarning: `make_tokens_by_line` received a list of lines which do not have lineending markers ('\n', '\r', '\r\n', '\x0b', '\x0c'), behavior will be unspecified
  tokens_by_line = make_tokens_by_line(lines)
#8627	NEW    cov: 279 ft: 877 corp: 113/557b lim: 14 exec/s: 2875 rss: 87Mb L: 13/14 MS: 1 InsertRepeatedBytes-
/app/ipython/IPython/core/inputtransformer2.py:608: UserWarning: `make_tokens_by_line` received a list of lines which do not have lineending markers ('\n', '\r', '\r\n', '\x0b', '\x0c'), behavior will be unspecified
  tokens_by_line = make_tokens_by_line(lines)
/app/ipython/IPython/core/inputtransformer2.py:714: UserWarning: `make_tokens_by_line` received a list of lines which do not have lineending markers ('\n', '\r', '\r\n', '\x0b', '\x0c'), behavior will be unspecified
  tokens_by_line = make_tokens_by_line(lines)
/app/ipython/IPython/core/inputtransformer2.py:608: UserWarning: `make_tokens_by_line` received a list of lines which do not have lineending markers ('\n', '\r', '\r\n', '\x0b', '\x0c'), behavior will be unspecified
  tokens_by_line = make_tokens_by_line(lines)
/app/ipython/IPython/core/inputtransformer2.py:714: UserWarning: `make_tokens_by_line` received a list of lines which do not have lineending markers ('\n', '\r', '\r\n', '\x0b', '\x0c'), behavior will be unspecified
  tokens_by_line = make_tokens_by_line(lines)
/app/ipython/IPython/core/inputtransformer2.py:608: UserWarning: `make_tokens_by_line` received a list of lines which do not have lineending markers ('\n', '\r', '\r\n', '\x0b', '\x0c'), behavior will be unspecified
  tokens_by_line = make_tokens_by_line(lines)
/app/ipython/IPython/core/inputtransformer2.py:714: UserWarning: `make_tokens_by_line` received a list of lines which do not have lineending markers ('\n', '\r', '\r\n', '\x0b', '\x0c'), behavior will be unspecified
  tokens_by_line = make_tokens_by_line(lines)
/app/ipython/IPython/core/inputtransformer2.py:608: UserWarning: `make_tokens_by_line` received a list of lines which do not have lineending markers ('\n', '\r', '\r\n', '\x0b', '\x0c'), behavior will be unspecified
  tokens_by_line = make_tokens_by_line(lines)
/app/ipython/IPython/core/inputtransformer2.py:714: UserWarning: `make_tokens_by_line` received a list of lines which do not have lineending markers ('\n', '\r', '\r\n', '\x0b', '\x0c'), behavior will be unspecified
  tokens_by_line = make_tokens_by_line(lines)
/app/ipython/IPython/core/inputtransformer2.py:608: UserWarning: `make_tokens_by_line` received a list of lines which do not have lineending markers ('\n', '\r', '\r\n', '\x0b', '\x0c'), behavior will be unspecified
  tokens_by_line = make_tokens_by_line(lines)
/app/ipython/IPython/core/inputtransformer2.py:714: UserWarning: `make_tokens_by_line` received a list of lines which do not have lineending markers ('\n', '\r', '\r\n', '\x0b', '\x0c'), behavior will be unspecified
  tokens_by_line = make_tokens_by_line(lines)
/app/ipython/IPython/core/inputtransformer2.py:608: UserWarning: `make_tokens_by_line` received a list of lines which do not have lineending markers ('\n', '\r', '\r\n', '\x0b', '\x0c'), behavior will be unspecified
  tokens_by_line = make_tokens_by_line(lines)
/app/ipython/IPython/core/inputtransformer2.py:714: UserWarning: `make_tokens_by_line` received a list of lines which do not have lineending markers ('\n', '\r', '\r\n', '\x0b', '\x0c'), behavior will be unspecified
  tokens_by_line = make_tokens_by_line(lines)
/app/ipython/IPython/core/inputtransformer2.py:608: UserWarning: `make_tokens_by_line` received a list of lines which do not have lineending markers ('\n', '\r', '\r\n', '\x0b', '\x0c'), behavior will be unspecified
  tokens_by_line = make_tokens_by_line(lines)
/app/ipython/IPython/core/inputtransformer2.py:608: UserWarning: `make_tokens_by_line` received a list of lines which do not have lineending markers ('\n', '\r', '\r\n', '\x0b', '\x0c'), behavior will be unspecified
  tokens_by_line = make_tokens_by_line(lines)
#8748	REDUCE cov: 279 ft: 878 corp: 114/566b lim: 14 exec/s: 2916 rss: 87Mb L: 9/14 MS: 1 CrossOver-
#8759	REDUCE cov: 279 ft: 878 corp: 114/565b lim: 14 exec/s: 2919 rss: 87Mb L: 7/14 MS: 1 EraseBytes-
#8791	NEW    cov: 279 ft: 879 corp: 115/573b lim: 14 exec/s: 2930 rss: 87Mb L: 8/14 MS: 2 CopyPart-InsertRepeatedBytes-
/app/ipython/IPython/core/inputtransformer2.py:608: UserWarning: `make_tokens_by_line` received a list of lines which do not have lineending markers ('\n', '\r', '\r\n', '\x0b', '\x0c'), behavior will be unspecified
  tokens_by_line = make_tokens_by_line(lines)
/app/ipython/IPython/core/inputtransformer2.py:608: UserWarning: `make_tokens_by_line` received a list of lines which do not have lineending markers ('\n', '\r', '\r\n', '\x0b', '\x0c'), behavior will be unspecified
  tokens_by_line = make_tokens_by_line(lines)
#8813	REDUCE cov: 279 ft: 879 corp: 115/571b lim: 14 exec/s: 2937 rss: 87Mb L: 4/14 MS: 2 InsertByte-EraseBytes-
/app/ipython/IPython/core/inputtransformer2.py:608: UserWarning: `make_tokens_by_line` received a list of lines which do not have lineending markers ('\n', '\r', '\r\n', '\x0b', '\x0c'), behavior will be unspecified
  tokens_by_line = make_tokens_by_line(lines)
/app/ipython/IPython/core/inputtransformer2.py:714: UserWarning: `make_tokens_by_line` received a list of lines which do not have lineending markers ('\n', '\r', '\r\n', '\x0b', '\x0c'), behavior will be unspecified
  tokens_by_line = make_tokens_by_line(lines)
/app/ipython/IPython/core/inputtransformer2.py:608: UserWarning: `make_tokens_by_line` received a list of lines which do not have lineending markers ('\n', '\r', '\r\n', '\x0b', '\x0c'), behavior will be unspecified
  tokens_by_line = make_tokens_by_line(lines)
/app/ipython/IPython/core/inputtransformer2.py:714: UserWarning: `make_tokens_by_line` received a list of lines which do not have lineending markers ('\n', '\r', '\r\n', '\x0b', '\x0c'), behavior will be unspecified
  tokens_by_line = make_tokens_by_line(lines)
/app/ipython/IPython/core/inputtransformer2.py:608: UserWarning: `make_tokens_by_line` received a list of lines which do not have lineending markers ('\n', '\r', '\r\n', '\x0b', '\x0c'), behavior will be unspecified
  tokens_by_line = make_tokens_by_line(lines)
/app/ipython/IPython/core/inputtransformer2.py:714: UserWarning: `make_tokens_by_line` received a list of lines which do not have lineending markers ('\n', '\r', '\r\n', '\x0b', '\x0c'), behavior will be unspecified
  tokens_by_line = make_tokens_by_line(lines)
/app/ipython/IPython/core/inputtransformer2.py:608: UserWarning: `make_tokens_by_line` received a list of lines which do not have lineending markers ('\n', '\r', '\r\n', '\x0b', '\x0c'), behavior will be unspecified
  tokens_by_line = make_tokens_by_line(lines)
/app/ipython/IPython/core/inputtransformer2.py:608: UserWarning: `make_tokens_by_line` received a list of lines which do not have lineending markers ('\n', '\r', '\r\n', '\x0b', '\x0c'), behavior will be unspecified
  tokens_by_line = make_tokens_by_line(lines)
/app/ipython/IPython/core/inputtransformer2.py:608: UserWarning: `make_tokens_by_line` received a list of lines which do not have lineending markers ('\n', '\r', '\r\n', '\x0b', '\x0c'), behavior will be unspecified
  tokens_by_line = make_tokens_by_line(lines)
/app/ipython/IPython/core/inputtransformer2.py:608: UserWarning: `make_tokens_by_line` received a list of lines which do not have lineending markers ('\n', '\r', '\r\n', '\x0b', '\x0c'), behavior will be unspecified
  tokens_by_line = make_tokens_by_line(lines)
/app/ipython/IPython/core/inputtransformer2.py:714: UserWarning: `make_tokens_by_line` received a list of lines which do not have lineending markers ('\n', '\r', '\r\n', '\x0b', '\x0c'), behavior will be unspecified
  tokens_by_line = make_tokens_by_line(lines)
/app/ipython/IPython/core/inputtransformer2.py:608: UserWarning: `make_tokens_by_line` received a list of lines which do not have lineending markers ('\n', '\r', '\r\n', '\x0b', '\x0c'), behavior will be unspecified
  tokens_by_line = make_tokens_by_line(lines)
/app/ipython/IPython/core/inputtransformer2.py:608: UserWarning: `make_tokens_by_line` received a list of lines which do not have lineending markers ('\n', '\r', '\r\n', '\x0b', '\x0c'), behavior will be unspecified
  tokens_by_line = make_tokens_by_line(lines)
/app/ipython/IPython/core/inputtransformer2.py:608: UserWarning: `make_tokens_by_line` received a list of lines which do not have lineending markers ('\n', '\r', '\r\n', '\x0b', '\x0c'), behavior will be unspecified
  tokens_by_line = make_tokens_by_line(lines)
/app/ipython/IPython/core/inputtransformer2.py:608: UserWarning: `make_tokens_by_line` received a list of lines which do not have lineending markers ('\n', '\r', '\r\n', '\x0b', '\x0c'), behavior will be unspecified
  tokens_by_line = make_tokens_by_line(lines)
/app/ipython/IPython/core/inputtransformer2.py:714: UserWarning: `make_tokens_by_line` received a list of lines which do not have lineending markers ('\n', '\r', '\r\n', '\x0b', '\x0c'), behavior will be unspecified
  tokens_by_line = make_tokens_by_line(lines)
/app/ipython/IPython/core/inputtransformer2.py:608: UserWarning: `make_tokens_by_line` received a list of lines which do not have lineending markers ('\n', '\r', '\r\n', '\x0b', '\x0c'), behavior will be unspecified
  tokens_by_line = make_tokens_by_line(lines)
/app/ipython/IPython/core/inputtransformer2.py:714: UserWarning: `make_tokens_by_line` received a list of lines which do not have lineending markers ('\n', '\r', '\r\n', '\x0b', '\x0c'), behavior will be unspecified
  tokens_by_line = make_tokens_by_line(lines)
#8917	NEW    cov: 279 ft: 880 corp: 116/585b lim: 14 exec/s: 2972 rss: 87Mb L: 14/14 MS: 4 CopyPart-CopyPart-ShuffleBytes-PersAutoDict- DE: "\377\377\377\377"-
#8939	REDUCE cov: 279 ft: 884 corp: 117/597b lim: 14 exec/s: 2979 rss: 87Mb L: 12/14 MS: 2 ChangeBit-CrossOver-
/app/ipython/IPython/core/inputtransformer2.py:608: UserWarning: `make_tokens_by_line` received a list of lines which do not have lineending markers ('\n', '\r', '\r\n', '\x0b', '\x0c'), behavior will be unspecified
  tokens_by_line = make_tokens_by_line(lines)
/app/ipython/IPython/core/inputtransformer2.py:714: UserWarning: `make_tokens_by_line` received a list of lines which do not have lineending markers ('\n', '\r', '\r\n', '\x0b', '\x0c'), behavior will be unspecified
  tokens_by_line = make_tokens_by_line(lines)
/app/ipython/IPython/core/inputtransformer2.py:608: UserWarning: `make_tokens_by_line` received a list of lines which do not have lineending markers ('\n', '\r', '\r\n', '\x0b', '\x0c'), behavior will be unspecified
  tokens_by_line = make_tokens_by_line(lines)
/app/ipython/IPython/core/inputtransformer2.py:714: UserWarning: `make_tokens_by_line` received a list of lines which do not have lineending markers ('\n', '\r', '\r\n', '\x0b', '\x0c'), behavior will be unspecified
  tokens_by_line = make_tokens_by_line(lines)
/app/ipython/IPython/core/inputtransformer2.py:608: UserWarning: `make_tokens_by_line` received a list of lines which do not have lineending markers ('\n', '\r', '\r\n', '\x0b', '\x0c'), behavior will be unspecified
  tokens_by_line = make_tokens_by_line(lines)
/app/ipython/IPython/core/inputtransformer2.py:714: UserWarning: `make_tokens_by_line` received a list of lines which do not have lineending markers ('\n', '\r', '\r\n', '\x0b', '\x0c'), behavior will be unspecified
  tokens_by_line = make_tokens_by_line(lines)
/app/ipython/IPython/core/inputtransformer2.py:608: UserWarning: `make_tokens_by_line` received a list of lines which do not have lineending markers ('\n', '\r', '\r\n', '\x0b', '\x0c'), behavior will be unspecified
  tokens_by_line = make_tokens_by_line(lines)
/app/ipython/IPython/core/inputtransformer2.py:714: UserWarning: `make_tokens_by_line` received a list of lines which do not have lineending markers ('\n', '\r', '\r\n', '\x0b', '\x0c'), behavior will be unspecified
  tokens_by_line = make_tokens_by_line(lines)
#8991	REDUCE cov: 279 ft: 885 corp: 118/611b lim: 14 exec/s: 2997 rss: 87Mb L: 14/14 MS: 2 CrossOver-CrossOver-
/app/ipython/IPython/core/inputtransformer2.py:608: UserWarning: `make_tokens_by_line` received a list of lines which do not have lineending markers ('\n', '\r', '\r\n', '\x0b', '\x0c'), behavior will be unspecified
  tokens_by_line = make_tokens_by_line(lines)
#9052	NEW    cov: 279 ft: 887 corp: 119/624b lim: 14 exec/s: 3017 rss: 87Mb L: 13/14 MS: 1 InsertRepeatedBytes-
/app/ipython/IPython/core/inputtransformer2.py:608: UserWarning: `make_tokens_by_line` received a list of lines which do not have lineending markers ('\n', '\r', '\r\n', '\x0b', '\x0c'), behavior will be unspecified
  tokens_by_line = make_tokens_by_line(lines)
/app/ipython/IPython/core/inputtransformer2.py:714: UserWarning: `make_tokens_by_line` received a list of lines which do not have lineending markers ('\n', '\r', '\r\n', '\x0b', '\x0c'), behavior will be unspecified
  tokens_by_line = make_tokens_by_line(lines)
/app/ipython/IPython/core/inputtransformer2.py:608: UserWarning: `make_tokens_by_line` received a list of lines which do not have lineending markers ('\n', '\r', '\r\n', '\x0b', '\x0c'), behavior will be unspecified
  tokens_by_line = make_tokens_by_line(lines)
/app/ipython/IPython/core/inputtransformer2.py:714: UserWarning: `make_tokens_by_line` received a list of lines which do not have lineending markers ('\n', '\r', '\r\n', '\x0b', '\x0c'), behavior will be unspecified
  tokens_by_line = make_tokens_by_line(lines)
/app/ipython/IPython/core/inputtransformer2.py:608: UserWarning: `make_tokens_by_line` received a list of lines which do not have lineending markers ('\n', '\r', '\r\n', '\x0b', '\x0c'), behavior will be unspecified
  tokens_by_line = make_tokens_by_line(lines)
/app/ipython/IPython/core/inputtransformer2.py:714: UserWarning: `make_tokens_by_line` received a list of lines which do not have lineending markers ('\n', '\r', '\r\n', '\x0b', '\x0c'), behavior will be unspecified
  tokens_by_line = make_tokens_by_line(lines)
/app/ipython/IPython/core/inputtransformer2.py:608: UserWarning: `make_tokens_by_line` received a list of lines which do not have lineending markers ('\n', '\r', '\r\n', '\x0b', '\x0c'), behavior will be unspecified
  tokens_by_line = make_tokens_by_line(lines)
/app/ipython/IPython/core/inputtransformer2.py:714: UserWarning: `make_tokens_by_line` received a list of lines which do not have lineending markers ('\n', '\r', '\r\n', '\x0b', '\x0c'), behavior will be unspecified
  tokens_by_line = make_tokens_by_line(lines)
/app/ipython/IPython/core/inputtransformer2.py:608: UserWarning: `make_tokens_by_line` received a list of lines which do not have lineending markers ('\n', '\r', '\r\n', '\x0b', '\x0c'), behavior will be unspecified
  tokens_by_line = make_tokens_by_line(lines)
/app/ipython/IPython/core/inputtransformer2.py:714: UserWarning: `make_tokens_by_line` received a list of lines which do not have lineending markers ('\n', '\r', '\r\n', '\x0b', '\x0c'), behavior will be unspecified
  tokens_by_line = make_tokens_by_line(lines)
/app/ipython/IPython/core/inputtransformer2.py:608: UserWarning: `make_tokens_by_line` received a list of lines which do not have lineending markers ('\n', '\r', '\r\n', '\x0b', '\x0c'), behavior will be unspecified
  tokens_by_line = make_tokens_by_line(lines)
/app/ipython/IPython/core/inputtransformer2.py:714: UserWarning: `make_tokens_by_line` received a list of lines which do not have lineending markers ('\n', '\r', '\r\n', '\x0b', '\x0c'), behavior will be unspecified
  tokens_by_line = make_tokens_by_line(lines)
/app/ipython/IPython/core/inputtransformer2.py:608: UserWarning: `make_tokens_by_line` received a list of lines which do not have lineending markers ('\n', '\r', '\r\n', '\x0b', '\x0c'), behavior will be unspecified
  tokens_by_line = make_tokens_by_line(lines)
/app/ipython/IPython/core/inputtransformer2.py:714: UserWarning: `make_tokens_by_line` received a list of lines which do not have lineending markers ('\n', '\r', '\r\n', '\x0b', '\x0c'), behavior will be unspecified
  tokens_by_line = make_tokens_by_line(lines)
/app/ipython/IPython/core/inputtransformer2.py:608: UserWarning: `make_tokens_by_line` received a list of lines which do not have lineending markers ('\n', '\r', '\r\n', '\x0b', '\x0c'), behavior will be unspecified
  tokens_by_line = make_tokens_by_line(lines)
/app/ipython/IPython/core/inputtransformer2.py:714: UserWarning: `make_tokens_by_line` received a list of lines which do not have lineending markers ('\n', '\r', '\r\n', '\x0b', '\x0c'), behavior will be unspecified
  tokens_by_line = make_tokens_by_line(lines)
/app/ipython/IPython/core/inputtransformer2.py:608: UserWarning: `make_tokens_by_line` received a list of lines which do not have lineending markers ('\n', '\r', '\r\n', '\x0b', '\x0c'), behavior will be unspecified
  tokens_by_line = make_tokens_by_line(lines)
/app/ipython/IPython/core/inputtransformer2.py:714: UserWarning: `make_tokens_by_line` received a list of lines which do not have lineending markers ('\n', '\r', '\r\n', '\x0b', '\x0c'), behavior will be unspecified
  tokens_by_line = make_tokens_by_line(lines)
/app/ipython/IPython/core/inputtransformer2.py:608: UserWarning: `make_tokens_by_line` received a list of lines which do not have lineending markers ('\n', '\r', '\r\n', '\x0b', '\x0c'), behavior will be unspecified
  tokens_by_line = make_tokens_by_line(lines)
/app/ipython/IPython/core/inputtransformer2.py:714: UserWarning: `make_tokens_by_line` received a list of lines which do not have lineending markers ('\n', '\r', '\r\n', '\x0b', '\x0c'), behavior will be unspecified
  tokens_by_line = make_tokens_by_line(lines)
/app/ipython/IPython/core/inputtransformer2.py:608: UserWarning: `make_tokens_by_line` received a list of lines which do not have lineending markers ('\n', '\r', '\r\n', '\x0b', '\x0c'), behavior will be unspecified
  tokens_by_line = make_tokens_by_line(lines)
/app/ipython/IPython/core/inputtransformer2.py:714: UserWarning: `make_tokens_by_line` received a list of lines which do not have lineending markers ('\n', '\r', '\r\n', '\x0b', '\x0c'), behavior will be unspecified
  tokens_by_line = make_tokens_by_line(lines)
/app/ipython/IPython/core/inputtransformer2.py:608: UserWarning: `make_tokens_by_line` received a list of lines which do not have lineending markers ('\n', '\r', '\r\n', '\x0b', '\x0c'), behavior will be unspecified
  tokens_by_line = make_tokens_by_line(lines)
/app/ipython/IPython/core/inputtransformer2.py:714: UserWarning: `make_tokens_by_line` received a list of lines which do not have lineending markers ('\n', '\r', '\r\n', '\x0b', '\x0c'), behavior will be unspecified
  tokens_by_line = make_tokens_by_line(lines)
/app/ipython/IPython/core/inputtransformer2.py:608: UserWarning: `make_tokens_by_line` received a list of lines which do not have lineending markers ('\n', '\r', '\r\n', '\x0b', '\x0c'), behavior will be unspecified
  tokens_by_line = make_tokens_by_line(lines)
/app/ipython/IPython/core/inputtransformer2.py:714: UserWarning: `make_tokens_by_line` received a list of lines which do not have lineending markers ('\n', '\r', '\r\n', '\x0b', '\x0c'), behavior will be unspecified
  tokens_by_line = make_tokens_by_line(lines)
/app/ipython/IPython/core/inputtransformer2.py:608: UserWarning: `make_tokens_by_line` received a list of lines which do not have lineending markers ('\n', '\r', '\r\n', '\x0b', '\x0c'), behavior will be unspecified
  tokens_by_line = make_tokens_by_line(lines)
/app/ipython/IPython/core/inputtransformer2.py:714: UserWarning: `make_tokens_by_line` received a list of lines which do not have lineending markers ('\n', '\r', '\r\n', '\x0b', '\x0c'), behavior will be unspecified
  tokens_by_line = make_tokens_by_line(lines)
/app/ipython/IPython/core/inputtransformer2.py:608: UserWarning: `make_tokens_by_line` received a list of lines which do not have lineending markers ('\n', '\r', '\r\n', '\x0b', '\x0c'), behavior will be unspecified
  tokens_by_line = make_tokens_by_line(lines)
/app/ipython/IPython/core/inputtransformer2.py:714: UserWarning: `make_tokens_by_line` received a list of lines which do not have lineending markers ('\n', '\r', '\r\n', '\x0b', '\x0c'), behavior will be unspecified
  tokens_by_line = make_tokens_by_line(lines)
#9212	NEW    cov: 279 ft: 888 corp: 120/637b lim: 14 exec/s: 3070 rss: 87Mb L: 13/14 MS: 5 ChangeBinInt-ChangeBinInt-CrossOver-ShuffleBytes-CopyPart-
/app/ipython/IPython/core/inputtransformer2.py:608: UserWarning: `make_tokens_by_line` received a list of lines which do not have lineending markers ('\n', '\r', '\r\n', '\x0b', '\x0c'), behavior will be unspecified
  tokens_by_line = make_tokens_by_line(lines)
/app/ipython/IPython/core/inputtransformer2.py:608: UserWarning: `make_tokens_by_line` received a list of lines which do not have lineending markers ('\n', '\r', '\r\n', '\x0b', '\x0c'), behavior will be unspecified
  tokens_by_line = make_tokens_by_line(lines)
/app/ipython/IPython/core/inputtransformer2.py:608: UserWarning: `make_tokens_by_line` received a list of lines which do not have lineending markers ('\n', '\r', '\r\n', '\x0b', '\x0c'), behavior will be unspecified
  tokens_by_line = make_tokens_by_line(lines)
/app/ipython/IPython/core/inputtransformer2.py:714: UserWarning: `make_tokens_by_line` received a list of lines which do not have lineending markers ('\n', '\r', '\r\n', '\x0b', '\x0c'), behavior will be unspecified
  tokens_by_line = make_tokens_by_line(lines)
/app/ipython/IPython/core/inputtransformer2.py:608: UserWarning: `make_tokens_by_line` received a list of lines which do not have lineending markers ('\n', '\r', '\r\n', '\x0b', '\x0c'), behavior will be unspecified
  tokens_by_line = make_tokens_by_line(lines)
/app/ipython/IPython/core/inputtransformer2.py:608: UserWarning: `make_tokens_by_line` received a list of lines which do not have lineending markers ('\n', '\r', '\r\n', '\x0b', '\x0c'), behavior will be unspecified
  tokens_by_line = make_tokens_by_line(lines)
/app/ipython/IPython/core/inputtransformer2.py:608: UserWarning: `make_tokens_by_line` received a list of lines which do not have lineending markers ('\n', '\r', '\r\n', '\x0b', '\x0c'), behavior will be unspecified
  tokens_by_line = make_tokens_by_line(lines)
/app/ipython/IPython/core/inputtransformer2.py:714: UserWarning: `make_tokens_by_line` received a list of lines which do not have lineending markers ('\n', '\r', '\r\n', '\x0b', '\x0c'), behavior will be unspecified
  tokens_by_line = make_tokens_by_line(lines)
/app/ipython/IPython/core/inputtransformer2.py:608: UserWarning: `make_tokens_by_line` received a list of lines which do not have lineending markers ('\n', '\r', '\r\n', '\x0b', '\x0c'), behavior will be unspecified
  tokens_by_line = make_tokens_by_line(lines)
/app/ipython/IPython/core/inputtransformer2.py:714: UserWarning: `make_tokens_by_line` received a list of lines which do not have lineending markers ('\n', '\r', '\r\n', '\x0b', '\x0c'), behavior will be unspecified
  tokens_by_line = make_tokens_by_line(lines)
/app/ipython/IPython/core/inputtransformer2.py:608: UserWarning: `make_tokens_by_line` received a list of lines which do not have lineending markers ('\n', '\r', '\r\n', '\x0b', '\x0c'), behavior will be unspecified
  tokens_by_line = make_tokens_by_line(lines)
/app/ipython/IPython/core/inputtransformer2.py:714: UserWarning: `make_tokens_by_line` received a list of lines which do not have lineending markers ('\n', '\r', '\r\n', '\x0b', '\x0c'), behavior will be unspecified
  tokens_by_line = make_tokens_by_line(lines)
#9273	REDUCE cov: 279 ft: 888 corp: 120/633b lim: 14 exec/s: 3091 rss: 87Mb L: 8/14 MS: 1 EraseBytes-
/app/ipython/IPython/core/inputtransformer2.py:608: UserWarning: `make_tokens_by_line` received a list of lines which do not have lineending markers ('\n', '\r', '\r\n', '\x0b', '\x0c'), behavior will be unspecified
  tokens_by_line = make_tokens_by_line(lines)
/app/ipython/IPython/core/inputtransformer2.py:714: UserWarning: `make_tokens_by_line` received a list of lines which do not have lineending markers ('\n', '\r', '\r\n', '\x0b', '\x0c'), behavior will be unspecified
  tokens_by_line = make_tokens_by_line(lines)
#9274	REDUCE cov: 279 ft: 888 corp: 120/632b lim: 14 exec/s: 3091 rss: 87Mb L: 5/14 MS: 1 EraseBytes-
/app/ipython/IPython/core/inputtransformer2.py:608: UserWarning: `make_tokens_by_line` received a list of lines which do not have lineending markers ('\n', '\r', '\r\n', '\x0b', '\x0c'), behavior will be unspecified
  tokens_by_line = make_tokens_by_line(lines)
/app/ipython/IPython/core/inputtransformer2.py:608: UserWarning: `make_tokens_by_line` received a list of lines which do not have lineending markers ('\n', '\r', '\r\n', '\x0b', '\x0c'), behavior will be unspecified
  tokens_by_line = make_tokens_by_line(lines)
/app/ipython/IPython/core/inputtransformer2.py:608: UserWarning: `make_tokens_by_line` received a list of lines which do not have lineending markers ('\n', '\r', '\r\n', '\x0b', '\x0c'), behavior will be unspecified
  tokens_by_line = make_tokens_by_line(lines)
/app/ipython/IPython/core/inputtransformer2.py:714: UserWarning: `make_tokens_by_line` received a list of lines which do not have lineending markers ('\n', '\r', '\r\n', '\x0b', '\x0c'), behavior will be unspecified
  tokens_by_line = make_tokens_by_line(lines)
/app/ipython/IPython/core/inputtransformer2.py:608: UserWarning: `make_tokens_by_line` received a list of lines which do not have lineending markers ('\n', '\r', '\r\n', '\x0b', '\x0c'), behavior will be unspecified
  tokens_by_line = make_tokens_by_line(lines)
/app/ipython/IPython/core/inputtransformer2.py:714: UserWarning: `make_tokens_by_line` received a list of lines which do not have lineending markers ('\n', '\r', '\r\n', '\x0b', '\x0c'), behavior will be unspecified
  tokens_by_line = make_tokens_by_line(lines)
/app/ipython/IPython/core/inputtransformer2.py:608: UserWarning: `make_tokens_by_line` received a list of lines which do not have lineending markers ('\n', '\r', '\r\n', '\x0b', '\x0c'), behavior will be unspecified
  tokens_by_line = make_tokens_by_line(lines)
/app/ipython/IPython/core/inputtransformer2.py:714: UserWarning: `make_tokens_by_line` received a list of lines which do not have lineending markers ('\n', '\r', '\r\n', '\x0b', '\x0c'), behavior will be unspecified
  tokens_by_line = make_tokens_by_line(lines)
#9340	NEW    cov: 279 ft: 890 corp: 121/646b lim: 14 exec/s: 3113 rss: 87Mb L: 14/14 MS: 1 CrossOver-
/app/ipython/IPython/core/inputtransformer2.py:608: UserWarning: `make_tokens_by_line` received a list of lines which do not have lineending markers ('\n', '\r', '\r\n', '\x0b', '\x0c'), behavior will be unspecified
  tokens_by_line = make_tokens_by_line(lines)
/app/ipython/IPython/core/inputtransformer2.py:714: UserWarning: `make_tokens_by_line` received a list of lines which do not have lineending markers ('\n', '\r', '\r\n', '\x0b', '\x0c'), behavior will be unspecified
  tokens_by_line = make_tokens_by_line(lines)
/app/ipython/IPython/core/inputtransformer2.py:608: UserWarning: `make_tokens_by_line` received a list of lines which do not have lineending markers ('\n', '\r', '\r\n', '\x0b', '\x0c'), behavior will be unspecified
  tokens_by_line = make_tokens_by_line(lines)
/app/ipython/IPython/core/inputtransformer2.py:714: UserWarning: `make_tokens_by_line` received a list of lines which do not have lineending markers ('\n', '\r', '\r\n', '\x0b', '\x0c'), behavior will be unspecified
  tokens_by_line = make_tokens_by_line(lines)
/app/ipython/IPython/core/inputtransformer2.py:608: UserWarning: `make_tokens_by_line` received a list of lines which do not have lineending markers ('\n', '\r', '\r\n', '\x0b', '\x0c'), behavior will be unspecified
  tokens_by_line = make_tokens_by_line(lines)
/app/ipython/IPython/core/inputtransformer2.py:714: UserWarning: `make_tokens_by_line` received a list of lines which do not have lineending markers ('\n', '\r', '\r\n', '\x0b', '\x0c'), behavior will be unspecified
  tokens_by_line = make_tokens_by_line(lines)
/app/ipython/IPython/core/inputtransformer2.py:608: UserWarning: `make_tokens_by_line` received a list of lines which do not have lineending markers ('\n', '\r', '\r\n', '\x0b', '\x0c'), behavior will be unspecified
  tokens_by_line = make_tokens_by_line(lines)
/app/ipython/IPython/core/inputtransformer2.py:608: UserWarning: `make_tokens_by_line` received a list of lines which do not have lineending markers ('\n', '\r', '\r\n', '\x0b', '\x0c'), behavior will be unspecified
  tokens_by_line = make_tokens_by_line(lines)
/app/ipython/IPython/core/inputtransformer2.py:714: UserWarning: `make_tokens_by_line` received a list of lines which do not have lineending markers ('\n', '\r', '\r\n', '\x0b', '\x0c'), behavior will be unspecified
  tokens_by_line = make_tokens_by_line(lines)
/app/ipython/IPython/core/inputtransformer2.py:608: UserWarning: `make_tokens_by_line` received a list of lines which do not have lineending markers ('\n', '\r', '\r\n', '\x0b', '\x0c'), behavior will be unspecified
  tokens_by_line = make_tokens_by_line(lines)
/app/ipython/IPython/core/inputtransformer2.py:608: UserWarning: `make_tokens_by_line` received a list of lines which do not have lineending markers ('\n', '\r', '\r\n', '\x0b', '\x0c'), behavior will be unspecified
  tokens_by_line = make_tokens_by_line(lines)
#9356	REDUCE cov: 279 ft: 890 corp: 121/645b lim: 14 exec/s: 3118 rss: 87Mb L: 13/14 MS: 1 EraseBytes-
/app/ipython/IPython/core/inputtransformer2.py:608: UserWarning: `make_tokens_by_line` received a list of lines which do not have lineending markers ('\n', '\r', '\r\n', '\x0b', '\x0c'), behavior will be unspecified
  tokens_by_line = make_tokens_by_line(lines)
/app/ipython/IPython/core/inputtransformer2.py:714: UserWarning: `make_tokens_by_line` received a list of lines which do not have lineending markers ('\n', '\r', '\r\n', '\x0b', '\x0c'), behavior will be unspecified
  tokens_by_line = make_tokens_by_line(lines)
/app/ipython/IPython/core/inputtransformer2.py:608: UserWarning: `make_tokens_by_line` received a list of lines which do not have lineending markers ('\n', '\r', '\r\n', '\x0b', '\x0c'), behavior will be unspecified
  tokens_by_line = make_tokens_by_line(lines)
/app/ipython/IPython/core/inputtransformer2.py:714: UserWarning: `make_tokens_by_line` received a list of lines which do not have lineending markers ('\n', '\r', '\r\n', '\x0b', '\x0c'), behavior will be unspecified
  tokens_by_line = make_tokens_by_line(lines)
/app/ipython/IPython/core/inputtransformer2.py:608: UserWarning: `make_tokens_by_line` received a list of lines which do not have lineending markers ('\n', '\r', '\r\n', '\x0b', '\x0c'), behavior will be unspecified
  tokens_by_line = make_tokens_by_line(lines)
/app/ipython/IPython/core/inputtransformer2.py:714: UserWarning: `make_tokens_by_line` received a list of lines which do not have lineending markers ('\n', '\r', '\r\n', '\x0b', '\x0c'), behavior will be unspecified
  tokens_by_line = make_tokens_by_line(lines)
/app/ipython/IPython/core/inputtransformer2.py:608: UserWarning: `make_tokens_by_line` received a list of lines which do not have lineending markers ('\n', '\r', '\r\n', '\x0b', '\x0c'), behavior will be unspecified
  tokens_by_line = make_tokens_by_line(lines)
/app/ipython/IPython/core/inputtransformer2.py:714: UserWarning: `make_tokens_by_line` received a list of lines which do not have lineending markers ('\n', '\r', '\r\n', '\x0b', '\x0c'), behavior will be unspecified
  tokens_by_line = make_tokens_by_line(lines)
#9501	REDUCE cov: 279 ft: 890 corp: 121/642b lim: 14 exec/s: 3167 rss: 87Mb L: 11/14 MS: 5 ChangeBinInt-ShuffleBytes-CopyPart-CopyPart-EraseBytes-
/app/ipython/IPython/core/inputtransformer2.py:608: UserWarning: `make_tokens_by_line` received a list of lines which do not have lineending markers ('\n', '\r', '\r\n', '\x0b', '\x0c'), behavior will be unspecified
  tokens_by_line = make_tokens_by_line(lines)
/app/ipython/IPython/core/inputtransformer2.py:714: UserWarning: `make_tokens_by_line` received a list of lines which do not have lineending markers ('\n', '\r', '\r\n', '\x0b', '\x0c'), behavior will be unspecified
  tokens_by_line = make_tokens_by_line(lines)
/app/ipython/IPython/core/inputtransformer2.py:608: UserWarning: `make_tokens_by_line` received a list of lines which do not have lineending markers ('\n', '\r', '\r\n', '\x0b', '\x0c'), behavior will be unspecified
  tokens_by_line = make_tokens_by_line(lines)
/app/ipython/IPython/core/inputtransformer2.py:714: UserWarning: `make_tokens_by_line` received a list of lines which do not have lineending markers ('\n', '\r', '\r\n', '\x0b', '\x0c'), behavior will be unspecified
  tokens_by_line = make_tokens_by_line(lines)
/app/ipython/IPython/core/inputtransformer2.py:608: UserWarning: `make_tokens_by_line` received a list of lines which do not have lineending markers ('\n', '\r', '\r\n', '\x0b', '\x0c'), behavior will be unspecified
  tokens_by_line = make_tokens_by_line(lines)
/app/ipython/IPython/core/inputtransformer2.py:714: UserWarning: `make_tokens_by_line` received a list of lines which do not have lineending markers ('\n', '\r', '\r\n', '\x0b', '\x0c'), behavior will be unspecified
  tokens_by_line = make_tokens_by_line(lines)
/app/ipython/IPython/core/inputtransformer2.py:608: UserWarning: `make_tokens_by_line` received a list of lines which do not have lineending markers ('\n', '\r', '\r\n', '\x0b', '\x0c'), behavior will be unspecified
  tokens_by_line = make_tokens_by_line(lines)
/app/ipython/IPython/core/inputtransformer2.py:714: UserWarning: `make_tokens_by_line` received a list of lines which do not have lineending markers ('\n', '\r', '\r\n', '\x0b', '\x0c'), behavior will be unspecified
  tokens_by_line = make_tokens_by_line(lines)
/app/ipython/IPython/core/inputtransformer2.py:608: UserWarning: `make_tokens_by_line` received a list of lines which do not have lineending markers ('\n', '\r', '\r\n', '\x0b', '\x0c'), behavior will be unspecified
  tokens_by_line = make_tokens_by_line(lines)
/app/ipython/IPython/core/inputtransformer2.py:714: UserWarning: `make_tokens_by_line` received a list of lines which do not have lineending markers ('\n', '\r', '\r\n', '\x0b', '\x0c'), behavior will be unspecified
  tokens_by_line = make_tokens_by_line(lines)
/app/ipython/IPython/core/inputtransformer2.py:608: UserWarning: `make_tokens_by_line` received a list of lines which do not have lineending markers ('\n', '\r', '\r\n', '\x0b', '\x0c'), behavior will be unspecified
  tokens_by_line = make_tokens_by_line(lines)
/app/ipython/IPython/core/inputtransformer2.py:608: UserWarning: `make_tokens_by_line` received a list of lines which do not have lineending markers ('\n', '\r', '\r\n', '\x0b', '\x0c'), behavior will be unspecified
  tokens_by_line = make_tokens_by_line(lines)
/app/ipython/IPython/core/inputtransformer2.py:608: UserWarning: `make_tokens_by_line` received a list of lines which do not have lineending markers ('\n', '\r', '\r\n', '\x0b', '\x0c'), behavior will be unspecified
  tokens_by_line = make_tokens_by_line(lines)
/app/ipython/IPython/core/inputtransformer2.py:608: UserWarning: `make_tokens_by_line` received a list of lines which do not have lineending markers ('\n', '\r', '\r\n', '\x0b', '\x0c'), behavior will be unspecified
  tokens_by_line = make_tokens_by_line(lines)
/app/ipython/IPython/core/inputtransformer2.py:608: UserWarning: `make_tokens_by_line` received a list of lines which do not have lineending markers ('\n', '\r', '\r\n', '\x0b', '\x0c'), behavior will be unspecified
  tokens_by_line = make_tokens_by_line(lines)
#9556	NEW    cov: 279 ft: 891 corp: 122/656b lim: 14 exec/s: 3185 rss: 87Mb L: 14/14 MS: 5 CMP-ChangeBit-ChangeBit-ChangeByte-CopyPart- DE: "\001\000\000\000\000\000\000<"-
/app/ipython/IPython/core/inputtransformer2.py:608: UserWarning: `make_tokens_by_line` received a list of lines which do not have lineending markers ('\n', '\r', '\r\n', '\x0b', '\x0c'), behavior will be unspecified
  tokens_by_line = make_tokens_by_line(lines)
/app/ipython/IPython/core/inputtransformer2.py:714: UserWarning: `make_tokens_by_line` received a list of lines which do not have lineending markers ('\n', '\r', '\r\n', '\x0b', '\x0c'), behavior will be unspecified
  tokens_by_line = make_tokens_by_line(lines)
#9579	NEW    cov: 279 ft: 892 corp: 123/670b lim: 14 exec/s: 3193 rss: 87Mb L: 14/14 MS: 3 ChangeBit-ShuffleBytes-ShuffleBytes-
/app/ipython/IPython/core/inputtransformer2.py:608: UserWarning: `make_tokens_by_line` received a list of lines which do not have lineending markers ('\n', '\r', '\r\n', '\x0b', '\x0c'), behavior will be unspecified
  tokens_by_line = make_tokens_by_line(lines)
/app/ipython/IPython/core/inputtransformer2.py:714: UserWarning: `make_tokens_by_line` received a list of lines which do not have lineending markers ('\n', '\r', '\r\n', '\x0b', '\x0c'), behavior will be unspecified
  tokens_by_line = make_tokens_by_line(lines)
/app/ipython/IPython/core/inputtransformer2.py:608: UserWarning: `make_tokens_by_line` received a list of lines which do not have lineending markers ('\n', '\r', '\r\n', '\x0b', '\x0c'), behavior will be unspecified
  tokens_by_line = make_tokens_by_line(lines)
/app/ipython/IPython/core/inputtransformer2.py:714: UserWarning: `make_tokens_by_line` received a list of lines which do not have lineending markers ('\n', '\r', '\r\n', '\x0b', '\x0c'), behavior will be unspecified
  tokens_by_line = make_tokens_by_line(lines)
/app/ipython/IPython/core/inputtransformer2.py:608: UserWarning: `make_tokens_by_line` received a list of lines which do not have lineending markers ('\n', '\r', '\r\n', '\x0b', '\x0c'), behavior will be unspecified
  tokens_by_line = make_tokens_by_line(lines)
/app/ipython/IPython/core/inputtransformer2.py:714: UserWarning: `make_tokens_by_line` received a list of lines which do not have lineending markers ('\n', '\r', '\r\n', '\x0b', '\x0c'), behavior will be unspecified
  tokens_by_line = make_tokens_by_line(lines)
/app/ipython/IPython/core/inputtransformer2.py:608: UserWarning: `make_tokens_by_line` received a list of lines which do not have lineending markers ('\n', '\r', '\r\n', '\x0b', '\x0c'), behavior will be unspecified
  tokens_by_line = make_tokens_by_line(lines)
/app/ipython/IPython/core/inputtransformer2.py:714: UserWarning: `make_tokens_by_line` received a list of lines which do not have lineending markers ('\n', '\r', '\r\n', '\x0b', '\x0c'), behavior will be unspecified
  tokens_by_line = make_tokens_by_line(lines)
/app/ipython/IPython/core/inputtransformer2.py:608: UserWarning: `make_tokens_by_line` received a list of lines which do not have lineending markers ('\n', '\r', '\r\n', '\x0b', '\x0c'), behavior will be unspecified
  tokens_by_line = make_tokens_by_line(lines)
/app/ipython/IPython/core/inputtransformer2.py:608: UserWarning: `make_tokens_by_line` received a list of lines which do not have lineending markers ('\n', '\r', '\r\n', '\x0b', '\x0c'), behavior will be unspecified
  tokens_by_line = make_tokens_by_line(lines)
/app/ipython/IPython/core/inputtransformer2.py:608: UserWarning: `make_tokens_by_line` received a list of lines which do not have lineending markers ('\n', '\r', '\r\n', '\x0b', '\x0c'), behavior will be unspecified
  tokens_by_line = make_tokens_by_line(lines)
/app/ipython/IPython/core/inputtransformer2.py:714: UserWarning: `make_tokens_by_line` received a list of lines which do not have lineending markers ('\n', '\r', '\r\n', '\x0b', '\x0c'), behavior will be unspecified
  tokens_by_line = make_tokens_by_line(lines)
/app/ipython/IPython/core/inputtransformer2.py:608: UserWarning: `make_tokens_by_line` received a list of lines which do not have lineending markers ('\n', '\r', '\r\n', '\x0b', '\x0c'), behavior will be unspecified
  tokens_by_line = make_tokens_by_line(lines)
/app/ipython/IPython/core/inputtransformer2.py:714: UserWarning: `make_tokens_by_line` received a list of lines which do not have lineending markers ('\n', '\r', '\r\n', '\x0b', '\x0c'), behavior will be unspecified
  tokens_by_line = make_tokens_by_line(lines)
/app/ipython/IPython/core/inputtransformer2.py:608: UserWarning: `make_tokens_by_line` received a list of lines which do not have lineending markers ('\n', '\r', '\r\n', '\x0b', '\x0c'), behavior will be unspecified
  tokens_by_line = make_tokens_by_line(lines)
/app/ipython/IPython/core/inputtransformer2.py:714: UserWarning: `make_tokens_by_line` received a list of lines which do not have lineending markers ('\n', '\r', '\r\n', '\x0b', '\x0c'), behavior will be unspecified
  tokens_by_line = make_tokens_by_line(lines)
/app/ipython/IPython/core/inputtransformer2.py:608: UserWarning: `make_tokens_by_line` received a list of lines which do not have lineending markers ('\n', '\r', '\r\n', '\x0b', '\x0c'), behavior will be unspecified
  tokens_by_line = make_tokens_by_line(lines)
/app/ipython/IPython/core/inputtransformer2.py:714: UserWarning: `make_tokens_by_line` received a list of lines which do not have lineending markers ('\n', '\r', '\r\n', '\x0b', '\x0c'), behavior will be unspecified
  tokens_by_line = make_tokens_by_line(lines)
/app/ipython/IPython/core/inputtransformer2.py:608: UserWarning: `make_tokens_by_line` received a list of lines which do not have lineending markers ('\n', '\r', '\r\n', '\x0b', '\x0c'), behavior will be unspecified
  tokens_by_line = make_tokens_by_line(lines)
/app/ipython/IPython/core/inputtransformer2.py:714: UserWarning: `make_tokens_by_line` received a list of lines which do not have lineending markers ('\n', '\r', '\r\n', '\x0b', '\x0c'), behavior will be unspecified
  tokens_by_line = make_tokens_by_line(lines)
/app/ipython/IPython/core/inputtransformer2.py:608: UserWarning: `make_tokens_by_line` received a list of lines which do not have lineending markers ('\n', '\r', '\r\n', '\x0b', '\x0c'), behavior will be unspecified
  tokens_by_line = make_tokens_by_line(lines)
/app/ipython/IPython/core/inputtransformer2.py:714: UserWarning: `make_tokens_by_line` received a list of lines which do not have lineending markers ('\n', '\r', '\r\n', '\x0b', '\x0c'), behavior will be unspecified
  tokens_by_line = make_tokens_by_line(lines)
/app/ipython/IPython/core/inputtransformer2.py:608: UserWarning: `make_tokens_by_line` received a list of lines which do not have lineending markers ('\n', '\r', '\r\n', '\x0b', '\x0c'), behavior will be unspecified
  tokens_by_line = make_tokens_by_line(lines)
/app/ipython/IPython/core/inputtransformer2.py:714: UserWarning: `make_tokens_by_line` received a list of lines which do not have lineending markers ('\n', '\r', '\r\n', '\x0b', '\x0c'), behavior will be unspecified
  tokens_by_line = make_tokens_by_line(lines)
/app/ipython/IPython/core/inputtransformer2.py:608: UserWarning: `make_tokens_by_line` received a list of lines which do not have lineending markers ('\n', '\r', '\r\n', '\x0b', '\x0c'), behavior will be unspecified
  tokens_by_line = make_tokens_by_line(lines)
/app/ipython/IPython/core/inputtransformer2.py:714: UserWarning: `make_tokens_by_line` received a list of lines which do not have lineending markers ('\n', '\r', '\r\n', '\x0b', '\x0c'), behavior will be unspecified
  tokens_by_line = make_tokens_by_line(lines)
/app/ipython/IPython/core/inputtransformer2.py:608: UserWarning: `make_tokens_by_line` received a list of lines which do not have lineending markers ('\n', '\r', '\r\n', '\x0b', '\x0c'), behavior will be unspecified
  tokens_by_line = make_tokens_by_line(lines)
/app/ipython/IPython/core/inputtransformer2.py:714: UserWarning: `make_tokens_by_line` received a list of lines which do not have lineending markers ('\n', '\r', '\r\n', '\x0b', '\x0c'), behavior will be unspecified
  tokens_by_line = make_tokens_by_line(lines)
/app/ipython/IPython/core/inputtransformer2.py:608: UserWarning: `make_tokens_by_line` received a list of lines which do not have lineending markers ('\n', '\r', '\r\n', '\x0b', '\x0c'), behavior will be unspecified
  tokens_by_line = make_tokens_by_line(lines)
/app/ipython/IPython/core/inputtransformer2.py:714: UserWarning: `make_tokens_by_line` received a list of lines which do not have lineending markers ('\n', '\r', '\r\n', '\x0b', '\x0c'), behavior will be unspecified
  tokens_by_line = make_tokens_by_line(lines)
/app/ipython/IPython/core/inputtransformer2.py:608: UserWarning: `make_tokens_by_line` received a list of lines which do not have lineending markers ('\n', '\r', '\r\n', '\x0b', '\x0c'), behavior will be unspecified
  tokens_by_line = make_tokens_by_line(lines)
/app/ipython/IPython/core/inputtransformer2.py:714: UserWarning: `make_tokens_by_line` received a list of lines which do not have lineending markers ('\n', '\r', '\r\n', '\x0b', '\x0c'), behavior will be unspecified
  tokens_by_line = make_tokens_by_line(lines)
/app/ipython/IPython/core/inputtransformer2.py:608: UserWarning: `make_tokens_by_line` received a list of lines which do not have lineending markers ('\n', '\r', '\r\n', '\x0b', '\x0c'), behavior will be unspecified
  tokens_by_line = make_tokens_by_line(lines)
/app/ipython/IPython/core/inputtransformer2.py:714: UserWarning: `make_tokens_by_line` received a list of lines which do not have lineending markers ('\n', '\r', '\r\n', '\x0b', '\x0c'), behavior will be unspecified
  tokens_by_line = make_tokens_by_line(lines)
/app/ipython/IPython/core/inputtransformer2.py:608: UserWarning: `make_tokens_by_line` received a list of lines which do not have lineending markers ('\n', '\r', '\r\n', '\x0b', '\x0c'), behavior will be unspecified
  tokens_by_line = make_tokens_by_line(lines)
/app/ipython/IPython/core/inputtransformer2.py:714: UserWarning: `make_tokens_by_line` received a list of lines which do not have lineending markers ('\n', '\r', '\r\n', '\x0b', '\x0c'), behavior will be unspecified
  tokens_by_line = make_tokens_by_line(lines)
/app/ipython/IPython/core/inputtransformer2.py:608: UserWarning: `make_tokens_by_line` received a list of lines which do not have lineending markers ('\n', '\r', '\r\n', '\x0b', '\x0c'), behavior will be unspecified
  tokens_by_line = make_tokens_by_line(lines)
/app/ipython/IPython/core/inputtransformer2.py:714: UserWarning: `make_tokens_by_line` received a list of lines which do not have lineending markers ('\n', '\r', '\r\n', '\x0b', '\x0c'), behavior will be unspecified
  tokens_by_line = make_tokens_by_line(lines)
/app/ipython/IPython/core/inputtransformer2.py:608: UserWarning: `make_tokens_by_line` received a list of lines which do not have lineending markers ('\n', '\r', '\r\n', '\x0b', '\x0c'), behavior will be unspecified
  tokens_by_line = make_tokens_by_line(lines)
/app/ipython/IPython/core/inputtransformer2.py:714: UserWarning: `make_tokens_by_line` received a list of lines which do not have lineending markers ('\n', '\r', '\r\n', '\x0b', '\x0c'), behavior will be unspecified
  tokens_by_line = make_tokens_by_line(lines)
/app/ipython/IPython/core/inputtransformer2.py:608: UserWarning: `make_tokens_by_line` received a list of lines which do not have lineending markers ('\n', '\r', '\r\n', '\x0b', '\x0c'), behavior will be unspecified
  tokens_by_line = make_tokens_by_line(lines)
/app/ipython/IPython/core/inputtransformer2.py:714: UserWarning: `make_tokens_by_line` received a list of lines which do not have lineending markers ('\n', '\r', '\r\n', '\x0b', '\x0c'), behavior will be unspecified
  tokens_by_line = make_tokens_by_line(lines)
#9938	NEW    cov: 279 ft: 894 corp: 124/687b lim: 17 exec/s: 3312 rss: 87Mb L: 17/17 MS: 4 EraseBytes-ShuffleBytes-CopyPart-InsertRepeatedBytes-
/app/ipython/IPython/core/inputtransformer2.py:608: UserWarning: `make_tokens_by_line` received a list of lines which do not have lineending markers ('\n', '\r', '\r\n', '\x0b', '\x0c'), behavior will be unspecified
  tokens_by_line = make_tokens_by_line(lines)
/app/ipython/IPython/core/inputtransformer2.py:714: UserWarning: `make_tokens_by_line` received a list of lines which do not have lineending markers ('\n', '\r', '\r\n', '\x0b', '\x0c'), behavior will be unspecified
  tokens_by_line = make_tokens_by_line(lines)
/app/ipython/IPython/core/inputtransformer2.py:608: UserWarning: `make_tokens_by_line` received a list of lines which do not have lineending markers ('\n', '\r', '\r\n', '\x0b', '\x0c'), behavior will be unspecified
  tokens_by_line = make_tokens_by_line(lines)
/app/ipython/IPython/core/inputtransformer2.py:714: UserWarning: `make_tokens_by_line` received a list of lines which do not have lineending markers ('\n', '\r', '\r\n', '\x0b', '\x0c'), behavior will be unspecified
  tokens_by_line = make_tokens_by_line(lines)
/app/ipython/IPython/core/inputtransformer2.py:608: UserWarning: `make_tokens_by_line` received a list of lines which do not have lineending markers ('\n', '\r', '\r\n', '\x0b', '\x0c'), behavior will be unspecified
  tokens_by_line = make_tokens_by_line(lines)
/app/ipython/IPython/core/inputtransformer2.py:714: UserWarning: `make_tokens_by_line` received a list of lines which do not have lineending markers ('\n', '\r', '\r\n', '\x0b', '\x0c'), behavior will be unspecified
  tokens_by_line = make_tokens_by_line(lines)
/app/ipython/IPython/core/inputtransformer2.py:608: UserWarning: `make_tokens_by_line` received a list of lines which do not have lineending markers ('\n', '\r', '\r\n', '\x0b', '\x0c'), behavior will be unspecified
  tokens_by_line = make_tokens_by_line(lines)
/app/ipython/IPython/core/inputtransformer2.py:714: UserWarning: `make_tokens_by_line` received a list of lines which do not have lineending markers ('\n', '\r', '\r\n', '\x0b', '\x0c'), behavior will be unspecified
  tokens_by_line = make_tokens_by_line(lines)
/app/ipython/IPython/core/inputtransformer2.py:608: UserWarning: `make_tokens_by_line` received a list of lines which do not have lineending markers ('\n', '\r', '\r\n', '\x0b', '\x0c'), behavior will be unspecified
  tokens_by_line = make_tokens_by_line(lines)
/app/ipython/IPython/core/inputtransformer2.py:714: UserWarning: `make_tokens_by_line` received a list of lines which do not have lineending markers ('\n', '\r', '\r\n', '\x0b', '\x0c'), behavior will be unspecified
  tokens_by_line = make_tokens_by_line(lines)
/app/ipython/IPython/core/inputtransformer2.py:608: UserWarning: `make_tokens_by_line` received a list of lines which do not have lineending markers ('\n', '\r', '\r\n', '\x0b', '\x0c'), behavior will be unspecified
  tokens_by_line = make_tokens_by_line(lines)
/app/ipython/IPython/core/inputtransformer2.py:608: UserWarning: `make_tokens_by_line` received a list of lines which do not have lineending markers ('\n', '\r', '\r\n', '\x0b', '\x0c'), behavior will be unspecified
  tokens_by_line = make_tokens_by_line(lines)
/app/ipython/IPython/core/inputtransformer2.py:714: UserWarning: `make_tokens_by_line` received a list of lines which do not have lineending markers ('\n', '\r', '\r\n', '\x0b', '\x0c'), behavior will be unspecified
  tokens_by_line = make_tokens_by_line(lines)
/app/ipython/IPython/core/inputtransformer2.py:608: UserWarning: `make_tokens_by_line` received a list of lines which do not have lineending markers ('\n', '\r', '\r\n', '\x0b', '\x0c'), behavior will be unspecified
  tokens_by_line = make_tokens_by_line(lines)
/app/ipython/IPython/core/inputtransformer2.py:714: UserWarning: `make_tokens_by_line` received a list of lines which do not have lineending markers ('\n', '\r', '\r\n', '\x0b', '\x0c'), behavior will be unspecified
  tokens_by_line = make_tokens_by_line(lines)
/app/ipython/IPython/core/inputtransformer2.py:608: UserWarning: `make_tokens_by_line` received a list of lines which do not have lineending markers ('\n', '\r', '\r\n', '\x0b', '\x0c'), behavior will be unspecified
  tokens_by_line = make_tokens_by_line(lines)
/app/ipython/IPython/core/inputtransformer2.py:714: UserWarning: `make_tokens_by_line` received a list of lines which do not have lineending markers ('\n', '\r', '\r\n', '\x0b', '\x0c'), behavior will be unspecified
  tokens_by_line = make_tokens_by_line(lines)
#10099	NEW    cov: 279 ft: 896 corp: 125/701b lim: 17 exec/s: 2524 rss: 87Mb L: 14/17 MS: 1 CopyPart-
#10193	REDUCE cov: 282 ft: 908 corp: 126/717b lim: 17 exec/s: 2548 rss: 87Mb L: 16/17 MS: 4 CrossOver-ChangeBit-ChangeBit-CrossOver-
/app/ipython/IPython/core/inputtransformer2.py:608: UserWarning: `make_tokens_by_line` received a list of lines which do not have lineending markers ('\n', '\r', '\r\n', '\x0b', '\x0c'), behavior will be unspecified
  tokens_by_line = make_tokens_by_line(lines)
/app/ipython/IPython/core/inputtransformer2.py:608: UserWarning: `make_tokens_by_line` received a list of lines which do not have lineending markers ('\n', '\r', '\r\n', '\x0b', '\x0c'), behavior will be unspecified
  tokens_by_line = make_tokens_by_line(lines)
/app/ipython/IPython/core/inputtransformer2.py:714: UserWarning: `make_tokens_by_line` received a list of lines which do not have lineending markers ('\n', '\r', '\r\n', '\x0b', '\x0c'), behavior will be unspecified
  tokens_by_line = make_tokens_by_line(lines)
/app/ipython/IPython/core/inputtransformer2.py:608: UserWarning: `make_tokens_by_line` received a list of lines which do not have lineending markers ('\n', '\r', '\r\n', '\x0b', '\x0c'), behavior will be unspecified
  tokens_by_line = make_tokens_by_line(lines)
/app/ipython/IPython/core/inputtransformer2.py:714: UserWarning: `make_tokens_by_line` received a list of lines which do not have lineending markers ('\n', '\r', '\r\n', '\x0b', '\x0c'), behavior will be unspecified
  tokens_by_line = make_tokens_by_line(lines)
/app/ipython/IPython/core/inputtransformer2.py:608: UserWarning: `make_tokens_by_line` received a list of lines which do not have lineending markers ('\n', '\r', '\r\n', '\x0b', '\x0c'), behavior will be unspecified
  tokens_by_line = make_tokens_by_line(lines)
/app/ipython/IPython/core/inputtransformer2.py:714: UserWarning: `make_tokens_by_line` received a list of lines which do not have lineending markers ('\n', '\r', '\r\n', '\x0b', '\x0c'), behavior will be unspecified
  tokens_by_line = make_tokens_by_line(lines)
/app/ipython/IPython/core/inputtransformer2.py:608: UserWarning: `make_tokens_by_line` received a list of lines which do not have lineending markers ('\n', '\r', '\r\n', '\x0b', '\x0c'), behavior will be unspecified
  tokens_by_line = make_tokens_by_line(lines)
/app/ipython/IPython/core/inputtransformer2.py:714: UserWarning: `make_tokens_by_line` received a list of lines which do not have lineending markers ('\n', '\r', '\r\n', '\x0b', '\x0c'), behavior will be unspecified
  tokens_by_line = make_tokens_by_line(lines)
/app/ipython/IPython/core/inputtransformer2.py:608: UserWarning: `make_tokens_by_line` received a list of lines which do not have lineending markers ('\n', '\r', '\r\n', '\x0b', '\x0c'), behavior will be unspecified
  tokens_by_line = make_tokens_by_line(lines)
/app/ipython/IPython/core/inputtransformer2.py:714: UserWarning: `make_tokens_by_line` received a list of lines which do not have lineending markers ('\n', '\r', '\r\n', '\x0b', '\x0c'), behavior will be unspecified
  tokens_by_line = make_tokens_by_line(lines)
/app/ipython/IPython/core/inputtransformer2.py:608: UserWarning: `make_tokens_by_line` received a list of lines which do not have lineending markers ('\n', '\r', '\r\n', '\x0b', '\x0c'), behavior will be unspecified
  tokens_by_line = make_tokens_by_line(lines)
/app/ipython/IPython/core/inputtransformer2.py:714: UserWarning: `make_tokens_by_line` received a list of lines which do not have lineending markers ('\n', '\r', '\r\n', '\x0b', '\x0c'), behavior will be unspecified
  tokens_by_line = make_tokens_by_line(lines)
/app/ipython/IPython/core/inputtransformer2.py:608: UserWarning: `make_tokens_by_line` received a list of lines which do not have lineending markers ('\n', '\r', '\r\n', '\x0b', '\x0c'), behavior will be unspecified
  tokens_by_line = make_tokens_by_line(lines)
/app/ipython/IPython/core/inputtransformer2.py:714: UserWarning: `make_tokens_by_line` received a list of lines which do not have lineending markers ('\n', '\r', '\r\n', '\x0b', '\x0c'), behavior will be unspecified
  tokens_by_line = make_tokens_by_line(lines)
/app/ipython/IPython/core/inputtransformer2.py:608: UserWarning: `make_tokens_by_line` received a list of lines which do not have lineending markers ('\n', '\r', '\r\n', '\x0b', '\x0c'), behavior will be unspecified
  tokens_by_line = make_tokens_by_line(lines)
/app/ipython/IPython/core/inputtransformer2.py:714: UserWarning: `make_tokens_by_line` received a list of lines which do not have lineending markers ('\n', '\r', '\r\n', '\x0b', '\x0c'), behavior will be unspecified
  tokens_by_line = make_tokens_by_line(lines)
/app/ipython/IPython/core/inputtransformer2.py:608: UserWarning: `make_tokens_by_line` received a list of lines which do not have lineending markers ('\n', '\r', '\r\n', '\x0b', '\x0c'), behavior will be unspecified
  tokens_by_line = make_tokens_by_line(lines)
/app/ipython/IPython/core/inputtransformer2.py:714: UserWarning: `make_tokens_by_line` received a list of lines which do not have lineending markers ('\n', '\r', '\r\n', '\x0b', '\x0c'), behavior will be unspecified
  tokens_by_line = make_tokens_by_line(lines)
/app/ipython/IPython/core/inputtransformer2.py:608: UserWarning: `make_tokens_by_line` received a list of lines which do not have lineending markers ('\n', '\r', '\r\n', '\x0b', '\x0c'), behavior will be unspecified
  tokens_by_line = make_tokens_by_line(lines)
/app/ipython/IPython/core/inputtransformer2.py:714: UserWarning: `make_tokens_by_line` received a list of lines which do not have lineending markers ('\n', '\r', '\r\n', '\x0b', '\x0c'), behavior will be unspecified
  tokens_by_line = make_tokens_by_line(lines)
/app/ipython/IPython/core/inputtransformer2.py:608: UserWarning: `make_tokens_by_line` received a list of lines which do not have lineending markers ('\n', '\r', '\r\n', '\x0b', '\x0c'), behavior will be unspecified
  tokens_by_line = make_tokens_by_line(lines)
/app/ipython/IPython/core/inputtransformer2.py:608: UserWarning: `make_tokens_by_line` received a list of lines which do not have lineending markers ('\n', '\r', '\r\n', '\x0b', '\x0c'), behavior will be unspecified
  tokens_by_line = make_tokens_by_line(lines)
/app/ipython/IPython/core/inputtransformer2.py:714: UserWarning: `make_tokens_by_line` received a list of lines which do not have lineending markers ('\n', '\r', '\r\n', '\x0b', '\x0c'), behavior will be unspecified
  tokens_by_line = make_tokens_by_line(lines)
/app/ipython/IPython/core/inputtransformer2.py:608: UserWarning: `make_tokens_by_line` received a list of lines which do not have lineending markers ('\n', '\r', '\r\n', '\x0b', '\x0c'), behavior will be unspecified
  tokens_by_line = make_tokens_by_line(lines)
/app/ipython/IPython/core/inputtransformer2.py:608: UserWarning: `make_tokens_by_line` received a list of lines which do not have lineending markers ('\n', '\r', '\r\n', '\x0b', '\x0c'), behavior will be unspecified
  tokens_by_line = make_tokens_by_line(lines)
/app/ipython/IPython/core/inputtransformer2.py:714: UserWarning: `make_tokens_by_line` received a list of lines which do not have lineending markers ('\n', '\r', '\r\n', '\x0b', '\x0c'), behavior will be unspecified
  tokens_by_line = make_tokens_by_line(lines)
/app/ipython/IPython/core/inputtransformer2.py:608: UserWarning: `make_tokens_by_line` received a list of lines which do not have lineending markers ('\n', '\r', '\r\n', '\x0b', '\x0c'), behavior will be unspecified
  tokens_by_line = make_tokens_by_line(lines)
/app/ipython/IPython/core/inputtransformer2.py:714: UserWarning: `make_tokens_by_line` received a list of lines which do not have lineending markers ('\n', '\r', '\r\n', '\x0b', '\x0c'), behavior will be unspecified
  tokens_by_line = make_tokens_by_line(lines)
/app/ipython/IPython/core/inputtransformer2.py:608: UserWarning: `make_tokens_by_line` received a list of lines which do not have lineending markers ('\n', '\r', '\r\n', '\x0b', '\x0c'), behavior will be unspecified
  tokens_by_line = make_tokens_by_line(lines)
/app/ipython/IPython/core/inputtransformer2.py:714: UserWarning: `make_tokens_by_line` received a list of lines which do not have lineending markers ('\n', '\r', '\r\n', '\x0b', '\x0c'), behavior will be unspecified
  tokens_by_line = make_tokens_by_line(lines)
/app/ipython/IPython/core/inputtransformer2.py:608: UserWarning: `make_tokens_by_line` received a list of lines which do not have lineending markers ('\n', '\r', '\r\n', '\x0b', '\x0c'), behavior will be unspecified
  tokens_by_line = make_tokens_by_line(lines)
/app/ipython/IPython/core/inputtransformer2.py:714: UserWarning: `make_tokens_by_line` received a list of lines which do not have lineending markers ('\n', '\r', '\r\n', '\x0b', '\x0c'), behavior will be unspecified
  tokens_by_line = make_tokens_by_line(lines)
/app/ipython/IPython/core/inputtransformer2.py:608: UserWarning: `make_tokens_by_line` received a list of lines which do not have lineending markers ('\n', '\r', '\r\n', '\x0b', '\x0c'), behavior will be unspecified
  tokens_by_line = make_tokens_by_line(lines)
/app/ipython/IPython/core/inputtransformer2.py:608: UserWarning: `make_tokens_by_line` received a list of lines which do not have lineending markers ('\n', '\r', '\r\n', '\x0b', '\x0c'), behavior will be unspecified
  tokens_by_line = make_tokens_by_line(lines)
/app/ipython/IPython/core/inputtransformer2.py:608: UserWarning: `make_tokens_by_line` received a list of lines which do not have lineending markers ('\n', '\r', '\r\n', '\x0b', '\x0c'), behavior will be unspecified
  tokens_by_line = make_tokens_by_line(lines)
/app/ipython/IPython/core/inputtransformer2.py:714: UserWarning: `make_tokens_by_line` received a list of lines which do not have lineending markers ('\n', '\r', '\r\n', '\x0b', '\x0c'), behavior will be unspecified
  tokens_by_line = make_tokens_by_line(lines)
/app/ipython/IPython/core/inputtransformer2.py:608: UserWarning: `make_tokens_by_line` received a list of lines which do not have lineending markers ('\n', '\r', '\r\n', '\x0b', '\x0c'), behavior will be unspecified
  tokens_by_line = make_tokens_by_line(lines)
/app/ipython/IPython/core/inputtransformer2.py:714: UserWarning: `make_tokens_by_line` received a list of lines which do not have lineending markers ('\n', '\r', '\r\n', '\x0b', '\x0c'), behavior will be unspecified
  tokens_by_line = make_tokens_by_line(lines)
#10468	NEW    cov: 282 ft: 909 corp: 127/733b lim: 17 exec/s: 2617 rss: 87Mb L: 16/17 MS: 5 InsertRepeatedBytes-ChangeBinInt-InsertByte-ShuffleBytes-CrossOver-
/app/ipython/IPython/core/inputtransformer2.py:608: UserWarning: `make_tokens_by_line` received a list of lines which do not have lineending markers ('\n', '\r', '\r\n', '\x0b', '\x0c'), behavior will be unspecified
  tokens_by_line = make_tokens_by_line(lines)
/app/ipython/IPython/core/inputtransformer2.py:608: UserWarning: `make_tokens_by_line` received a list of lines which do not have lineending markers ('\n', '\r', '\r\n', '\x0b', '\x0c'), behavior will be unspecified
  tokens_by_line = make_tokens_by_line(lines)
/app/ipython/IPython/core/inputtransformer2.py:714: UserWarning: `make_tokens_by_line` received a list of lines which do not have lineending markers ('\n', '\r', '\r\n', '\x0b', '\x0c'), behavior will be unspecified
  tokens_by_line = make_tokens_by_line(lines)
/app/ipython/IPython/core/inputtransformer2.py:608: UserWarning: `make_tokens_by_line` received a list of lines which do not have lineending markers ('\n', '\r', '\r\n', '\x0b', '\x0c'), behavior will be unspecified
  tokens_by_line = make_tokens_by_line(lines)
/app/ipython/IPython/core/inputtransformer2.py:714: UserWarning: `make_tokens_by_line` received a list of lines which do not have lineending markers ('\n', '\r', '\r\n', '\x0b', '\x0c'), behavior will be unspecified
  tokens_by_line = make_tokens_by_line(lines)
/app/ipython/IPython/core/inputtransformer2.py:608: UserWarning: `make_tokens_by_line` received a list of lines which do not have lineending markers ('\n', '\r', '\r\n', '\x0b', '\x0c'), behavior will be unspecified
  tokens_by_line = make_tokens_by_line(lines)
/app/ipython/IPython/core/inputtransformer2.py:714: UserWarning: `make_tokens_by_line` received a list of lines which do not have lineending markers ('\n', '\r', '\r\n', '\x0b', '\x0c'), behavior will be unspecified
  tokens_by_line = make_tokens_by_line(lines)
/app/ipython/IPython/core/inputtransformer2.py:608: UserWarning: `make_tokens_by_line` received a list of lines which do not have lineending markers ('\n', '\r', '\r\n', '\x0b', '\x0c'), behavior will be unspecified
  tokens_by_line = make_tokens_by_line(lines)
/app/ipython/IPython/core/inputtransformer2.py:714: UserWarning: `make_tokens_by_line` received a list of lines which do not have lineending markers ('\n', '\r', '\r\n', '\x0b', '\x0c'), behavior will be unspecified
  tokens_by_line = make_tokens_by_line(lines)
/app/ipython/IPython/core/inputtransformer2.py:608: UserWarning: `make_tokens_by_line` received a list of lines which do not have lineending markers ('\n', '\r', '\r\n', '\x0b', '\x0c'), behavior will be unspecified
  tokens_by_line = make_tokens_by_line(lines)
/app/ipython/IPython/core/inputtransformer2.py:714: UserWarning: `make_tokens_by_line` received a list of lines which do not have lineending markers ('\n', '\r', '\r\n', '\x0b', '\x0c'), behavior will be unspecified
  tokens_by_line = make_tokens_by_line(lines)
/app/ipython/IPython/core/inputtransformer2.py:608: UserWarning: `make_tokens_by_line` received a list of lines which do not have lineending markers ('\n', '\r', '\r\n', '\x0b', '\x0c'), behavior will be unspecified
  tokens_by_line = make_tokens_by_line(lines)
/app/ipython/IPython/core/inputtransformer2.py:714: UserWarning: `make_tokens_by_line` received a list of lines which do not have lineending markers ('\n', '\r', '\r\n', '\x0b', '\x0c'), behavior will be unspecified
  tokens_by_line = make_tokens_by_line(lines)
/app/ipython/IPython/core/inputtransformer2.py:608: UserWarning: `make_tokens_by_line` received a list of lines which do not have lineending markers ('\n', '\r', '\r\n', '\x0b', '\x0c'), behavior will be unspecified
  tokens_by_line = make_tokens_by_line(lines)
/app/ipython/IPython/core/inputtransformer2.py:714: UserWarning: `make_tokens_by_line` received a list of lines which do not have lineending markers ('\n', '\r', '\r\n', '\x0b', '\x0c'), behavior will be unspecified
  tokens_by_line = make_tokens_by_line(lines)
/app/ipython/IPython/core/inputtransformer2.py:608: UserWarning: `make_tokens_by_line` received a list of lines which do not have lineending markers ('\n', '\r', '\r\n', '\x0b', '\x0c'), behavior will be unspecified
  tokens_by_line = make_tokens_by_line(lines)
/app/ipython/IPython/core/inputtransformer2.py:714: UserWarning: `make_tokens_by_line` received a list of lines which do not have lineending markers ('\n', '\r', '\r\n', '\x0b', '\x0c'), behavior will be unspecified
  tokens_by_line = make_tokens_by_line(lines)
/app/ipython/IPython/core/inputtransformer2.py:608: UserWarning: `make_tokens_by_line` received a list of lines which do not have lineending markers ('\n', '\r', '\r\n', '\x0b', '\x0c'), behavior will be unspecified
  tokens_by_line = make_tokens_by_line(lines)
/app/ipython/IPython/core/inputtransformer2.py:714: UserWarning: `make_tokens_by_line` received a list of lines which do not have lineending markers ('\n', '\r', '\r\n', '\x0b', '\x0c'), behavior will be unspecified
  tokens_by_line = make_tokens_by_line(lines)
/app/ipython/IPython/core/inputtransformer2.py:608: UserWarning: `make_tokens_by_line` received a list of lines which do not have lineending markers ('\n', '\r', '\r\n', '\x0b', '\x0c'), behavior will be unspecified
  tokens_by_line = make_tokens_by_line(lines)
/app/ipython/IPython/core/inputtransformer2.py:714: UserWarning: `make_tokens_by_line` received a list of lines which do not have lineending markers ('\n', '\r', '\r\n', '\x0b', '\x0c'), behavior will be unspecified
  tokens_by_line = make_tokens_by_line(lines)
/app/ipython/IPython/core/inputtransformer2.py:608: UserWarning: `make_tokens_by_line` received a list of lines which do not have lineending markers ('\n', '\r', '\r\n', '\x0b', '\x0c'), behavior will be unspecified
  tokens_by_line = make_tokens_by_line(lines)
/app/ipython/IPython/core/inputtransformer2.py:714: UserWarning: `make_tokens_by_line` received a list of lines which do not have lineending markers ('\n', '\r', '\r\n', '\x0b', '\x0c'), behavior will be unspecified
  tokens_by_line = make_tokens_by_line(lines)
/app/ipython/IPython/core/inputtransformer2.py:608: UserWarning: `make_tokens_by_line` received a list of lines which do not have lineending markers ('\n', '\r', '\r\n', '\x0b', '\x0c'), behavior will be unspecified
  tokens_by_line = make_tokens_by_line(lines)
/app/ipython/IPython/core/inputtransformer2.py:714: UserWarning: `make_tokens_by_line` received a list of lines which do not have lineending markers ('\n', '\r', '\r\n', '\x0b', '\x0c'), behavior will be unspecified
  tokens_by_line = make_tokens_by_line(lines)
/app/ipython/IPython/core/inputtransformer2.py:608: UserWarning: `make_tokens_by_line` received a list of lines which do not have lineending markers ('\n', '\r', '\r\n', '\x0b', '\x0c'), behavior will be unspecified
  tokens_by_line = make_tokens_by_line(lines)
/app/ipython/IPython/core/inputtransformer2.py:714: UserWarning: `make_tokens_by_line` received a list of lines which do not have lineending markers ('\n', '\r', '\r\n', '\x0b', '\x0c'), behavior will be unspecified
  tokens_by_line = make_tokens_by_line(lines)
/app/ipython/IPython/core/inputtransformer2.py:608: UserWarning: `make_tokens_by_line` received a list of lines which do not have lineending markers ('\n', '\r', '\r\n', '\x0b', '\x0c'), behavior will be unspecified
  tokens_by_line = make_tokens_by_line(lines)
/app/ipython/IPython/core/inputtransformer2.py:608: UserWarning: `make_tokens_by_line` received a list of lines which do not have lineending markers ('\n', '\r', '\r\n', '\x0b', '\x0c'), behavior will be unspecified
  tokens_by_line = make_tokens_by_line(lines)
/app/ipython/IPython/core/inputtransformer2.py:608: UserWarning: `make_tokens_by_line` received a list of lines which do not have lineending markers ('\n', '\r', '\r\n', '\x0b', '\x0c'), behavior will be unspecified
  tokens_by_line = make_tokens_by_line(lines)
/app/ipython/IPython/core/inputtransformer2.py:608: UserWarning: `make_tokens_by_line` received a list of lines which do not have lineending markers ('\n', '\r', '\r\n', '\x0b', '\x0c'), behavior will be unspecified
  tokens_by_line = make_tokens_by_line(lines)
/app/ipython/IPython/core/inputtransformer2.py:608: UserWarning: `make_tokens_by_line` received a list of lines which do not have lineending markers ('\n', '\r', '\r\n', '\x0b', '\x0c'), behavior will be unspecified
  tokens_by_line = make_tokens_by_line(lines)
#10665	REDUCE cov: 282 ft: 909 corp: 127/731b lim: 17 exec/s: 2666 rss: 87Mb L: 7/17 MS: 2 ChangeByte-EraseBytes-
/app/ipython/IPython/core/inputtransformer2.py:608: UserWarning: `make_tokens_by_line` received a list of lines which do not have lineending markers ('\n', '\r', '\r\n', '\x0b', '\x0c'), behavior will be unspecified
  tokens_by_line = make_tokens_by_line(lines)
/app/ipython/IPython/core/inputtransformer2.py:608: UserWarning: `make_tokens_by_line` received a list of lines which do not have lineending markers ('\n', '\r', '\r\n', '\x0b', '\x0c'), behavior will be unspecified
  tokens_by_line = make_tokens_by_line(lines)
/app/ipython/IPython/core/inputtransformer2.py:608: UserWarning: `make_tokens_by_line` received a list of lines which do not have lineending markers ('\n', '\r', '\r\n', '\x0b', '\x0c'), behavior will be unspecified
  tokens_by_line = make_tokens_by_line(lines)
/app/ipython/IPython/core/inputtransformer2.py:608: UserWarning: `make_tokens_by_line` received a list of lines which do not have lineending markers ('\n', '\r', '\r\n', '\x0b', '\x0c'), behavior will be unspecified
  tokens_by_line = make_tokens_by_line(lines)
/app/ipython/IPython/core/inputtransformer2.py:608: UserWarning: `make_tokens_by_line` received a list of lines which do not have lineending markers ('\n', '\r', '\r\n', '\x0b', '\x0c'), behavior will be unspecified
  tokens_by_line = make_tokens_by_line(lines)
/app/ipython/IPython/core/inputtransformer2.py:608: UserWarning: `make_tokens_by_line` received a list of lines which do not have lineending markers ('\n', '\r', '\r\n', '\x0b', '\x0c'), behavior will be unspecified
  tokens_by_line = make_tokens_by_line(lines)
/app/ipython/IPython/core/inputtransformer2.py:714: UserWarning: `make_tokens_by_line` received a list of lines which do not have lineending markers ('\n', '\r', '\r\n', '\x0b', '\x0c'), behavior will be unspecified
  tokens_by_line = make_tokens_by_line(lines)
/app/ipython/IPython/core/inputtransformer2.py:608: UserWarning: `make_tokens_by_line` received a list of lines which do not have lineending markers ('\n', '\r', '\r\n', '\x0b', '\x0c'), behavior will be unspecified
  tokens_by_line = make_tokens_by_line(lines)
/app/ipython/IPython/core/inputtransformer2.py:714: UserWarning: `make_tokens_by_line` received a list of lines which do not have lineending markers ('\n', '\r', '\r\n', '\x0b', '\x0c'), behavior will be unspecified
  tokens_by_line = make_tokens_by_line(lines)
/app/ipython/IPython/core/inputtransformer2.py:608: UserWarning: `make_tokens_by_line` received a list of lines which do not have lineending markers ('\n', '\r', '\r\n', '\x0b', '\x0c'), behavior will be unspecified
  tokens_by_line = make_tokens_by_line(lines)
/app/ipython/IPython/core/inputtransformer2.py:714: UserWarning: `make_tokens_by_line` received a list of lines which do not have lineending markers ('\n', '\r', '\r\n', '\x0b', '\x0c'), behavior will be unspecified
  tokens_by_line = make_tokens_by_line(lines)
/app/ipython/IPython/core/inputtransformer2.py:608: UserWarning: `make_tokens_by_line` received a list of lines which do not have lineending markers ('\n', '\r', '\r\n', '\x0b', '\x0c'), behavior will be unspecified
  tokens_by_line = make_tokens_by_line(lines)
/app/ipython/IPython/core/inputtransformer2.py:714: UserWarning: `make_tokens_by_line` received a list of lines which do not have lineending markers ('\n', '\r', '\r\n', '\x0b', '\x0c'), behavior will be unspecified
  tokens_by_line = make_tokens_by_line(lines)
#10716	NEW    cov: 282 ft: 911 corp: 128/745b lim: 17 exec/s: 2679 rss: 87Mb L: 14/17 MS: 1 ChangeBinInt-
#10742	NEW    cov: 282 ft: 918 corp: 129/755b lim: 17 exec/s: 2685 rss: 87Mb L: 10/17 MS: 1 CopyPart-
/app/ipython/IPython/core/inputtransformer2.py:608: UserWarning: `make_tokens_by_line` received a list of lines which do not have lineending markers ('\n', '\r', '\r\n', '\x0b', '\x0c'), behavior will be unspecified
  tokens_by_line = make_tokens_by_line(lines)
/app/ipython/IPython/core/inputtransformer2.py:714: UserWarning: `make_tokens_by_line` received a list of lines which do not have lineending markers ('\n', '\r', '\r\n', '\x0b', '\x0c'), behavior will be unspecified
  tokens_by_line = make_tokens_by_line(lines)
/app/ipython/IPython/core/inputtransformer2.py:608: UserWarning: `make_tokens_by_line` received a list of lines which do not have lineending markers ('\n', '\r', '\r\n', '\x0b', '\x0c'), behavior will be unspecified
  tokens_by_line = make_tokens_by_line(lines)
/app/ipython/IPython/core/inputtransformer2.py:714: UserWarning: `make_tokens_by_line` received a list of lines which do not have lineending markers ('\n', '\r', '\r\n', '\x0b', '\x0c'), behavior will be unspecified
  tokens_by_line = make_tokens_by_line(lines)
/app/ipython/IPython/core/inputtransformer2.py:608: UserWarning: `make_tokens_by_line` received a list of lines which do not have lineending markers ('\n', '\r', '\r\n', '\x0b', '\x0c'), behavior will be unspecified
  tokens_by_line = make_tokens_by_line(lines)
/app/ipython/IPython/core/inputtransformer2.py:714: UserWarning: `make_tokens_by_line` received a list of lines which do not have lineending markers ('\n', '\r', '\r\n', '\x0b', '\x0c'), behavior will be unspecified
  tokens_by_line = make_tokens_by_line(lines)
/app/ipython/IPython/core/inputtransformer2.py:608: UserWarning: `make_tokens_by_line` received a list of lines which do not have lineending markers ('\n', '\r', '\r\n', '\x0b', '\x0c'), behavior will be unspecified
  tokens_by_line = make_tokens_by_line(lines)
/app/ipython/IPython/core/inputtransformer2.py:714: UserWarning: `make_tokens_by_line` received a list of lines which do not have lineending markers ('\n', '\r', '\r\n', '\x0b', '\x0c'), behavior will be unspecified
  tokens_by_line = make_tokens_by_line(lines)
/app/ipython/IPython/core/inputtransformer2.py:608: UserWarning: `make_tokens_by_line` received a list of lines which do not have lineending markers ('\n', '\r', '\r\n', '\x0b', '\x0c'), behavior will be unspecified
  tokens_by_line = make_tokens_by_line(lines)
/app/ipython/IPython/core/inputtransformer2.py:714: UserWarning: `make_tokens_by_line` received a list of lines which do not have lineending markers ('\n', '\r', '\r\n', '\x0b', '\x0c'), behavior will be unspecified
  tokens_by_line = make_tokens_by_line(lines)
/app/ipython/IPython/core/inputtransformer2.py:608: UserWarning: `make_tokens_by_line` received a list of lines which do not have lineending markers ('\n', '\r', '\r\n', '\x0b', '\x0c'), behavior will be unspecified
  tokens_by_line = make_tokens_by_line(lines)
/app/ipython/IPython/core/inputtransformer2.py:714: UserWarning: `make_tokens_by_line` received a list of lines which do not have lineending markers ('\n', '\r', '\r\n', '\x0b', '\x0c'), behavior will be unspecified
  tokens_by_line = make_tokens_by_line(lines)
/app/ipython/IPython/core/inputtransformer2.py:608: UserWarning: `make_tokens_by_line` received a list of lines which do not have lineending markers ('\n', '\r', '\r\n', '\x0b', '\x0c'), behavior will be unspecified
  tokens_by_line = make_tokens_by_line(lines)
/app/ipython/IPython/core/inputtransformer2.py:608: UserWarning: `make_tokens_by_line` received a list of lines which do not have lineending markers ('\n', '\r', '\r\n', '\x0b', '\x0c'), behavior will be unspecified
  tokens_by_line = make_tokens_by_line(lines)
#10828	NEW    cov: 282 ft: 920 corp: 130/766b lim: 17 exec/s: 2707 rss: 87Mb L: 11/17 MS: 1 InsertByte-
/app/ipython/IPython/core/inputtransformer2.py:608: UserWarning: `make_tokens_by_line` received a list of lines which do not have lineending markers ('\n', '\r', '\r\n', '\x0b', '\x0c'), behavior will be unspecified
  tokens_by_line = make_tokens_by_line(lines)
/app/ipython/IPython/core/inputtransformer2.py:714: UserWarning: `make_tokens_by_line` received a list of lines which do not have lineending markers ('\n', '\r', '\r\n', '\x0b', '\x0c'), behavior will be unspecified
  tokens_by_line = make_tokens_by_line(lines)
/app/ipython/IPython/core/inputtransformer2.py:608: UserWarning: `make_tokens_by_line` received a list of lines which do not have lineending markers ('\n', '\r', '\r\n', '\x0b', '\x0c'), behavior will be unspecified
  tokens_by_line = make_tokens_by_line(lines)
/app/ipython/IPython/core/inputtransformer2.py:714: UserWarning: `make_tokens_by_line` received a list of lines which do not have lineending markers ('\n', '\r', '\r\n', '\x0b', '\x0c'), behavior will be unspecified
  tokens_by_line = make_tokens_by_line(lines)
/app/ipython/IPython/core/inputtransformer2.py:608: UserWarning: `make_tokens_by_line` received a list of lines which do not have lineending markers ('\n', '\r', '\r\n', '\x0b', '\x0c'), behavior will be unspecified
  tokens_by_line = make_tokens_by_line(lines)
/app/ipython/IPython/core/inputtransformer2.py:714: UserWarning: `make_tokens_by_line` received a list of lines which do not have lineending markers ('\n', '\r', '\r\n', '\x0b', '\x0c'), behavior will be unspecified
  tokens_by_line = make_tokens_by_line(lines)
/app/ipython/IPython/core/inputtransformer2.py:608: UserWarning: `make_tokens_by_line` received a list of lines which do not have lineending markers ('\n', '\r', '\r\n', '\x0b', '\x0c'), behavior will be unspecified
  tokens_by_line = make_tokens_by_line(lines)
/app/ipython/IPython/core/inputtransformer2.py:714: UserWarning: `make_tokens_by_line` received a list of lines which do not have lineending markers ('\n', '\r', '\r\n', '\x0b', '\x0c'), behavior will be unspecified
  tokens_by_line = make_tokens_by_line(lines)
/app/ipython/IPython/core/inputtransformer2.py:608: UserWarning: `make_tokens_by_line` received a list of lines which do not have lineending markers ('\n', '\r', '\r\n', '\x0b', '\x0c'), behavior will be unspecified
  tokens_by_line = make_tokens_by_line(lines)
/app/ipython/IPython/core/inputtransformer2.py:714: UserWarning: `make_tokens_by_line` received a list of lines which do not have lineending markers ('\n', '\r', '\r\n', '\x0b', '\x0c'), behavior will be unspecified
  tokens_by_line = make_tokens_by_line(lines)
/app/ipython/IPython/core/inputtransformer2.py:608: UserWarning: `make_tokens_by_line` received a list of lines which do not have lineending markers ('\n', '\r', '\r\n', '\x0b', '\x0c'), behavior will be unspecified
  tokens_by_line = make_tokens_by_line(lines)
/app/ipython/IPython/core/inputtransformer2.py:714: UserWarning: `make_tokens_by_line` received a list of lines which do not have lineending markers ('\n', '\r', '\r\n', '\x0b', '\x0c'), behavior will be unspecified
  tokens_by_line = make_tokens_by_line(lines)
/app/ipython/IPython/core/inputtransformer2.py:608: UserWarning: `make_tokens_by_line` received a list of lines which do not have lineending markers ('\n', '\r', '\r\n', '\x0b', '\x0c'), behavior will be unspecified
  tokens_by_line = make_tokens_by_line(lines)
/app/ipython/IPython/core/inputtransformer2.py:714: UserWarning: `make_tokens_by_line` received a list of lines which do not have lineending markers ('\n', '\r', '\r\n', '\x0b', '\x0c'), behavior will be unspecified
  tokens_by_line = make_tokens_by_line(lines)
/app/ipython/IPython/core/inputtransformer2.py:608: UserWarning: `make_tokens_by_line` received a list of lines which do not have lineending markers ('\n', '\r', '\r\n', '\x0b', '\x0c'), behavior will be unspecified
  tokens_by_line = make_tokens_by_line(lines)
/app/ipython/IPython/core/inputtransformer2.py:714: UserWarning: `make_tokens_by_line` received a list of lines which do not have lineending markers ('\n', '\r', '\r\n', '\x0b', '\x0c'), behavior will be unspecified
  tokens_by_line = make_tokens_by_line(lines)
#10975	NEW    cov: 282 ft: 921 corp: 131/776b lim: 17 exec/s: 2743 rss: 87Mb L: 10/17 MS: 2 ShuffleBytes-CrossOver-
/app/ipython/IPython/core/inputtransformer2.py:608: UserWarning: `make_tokens_by_line` received a list of lines which do not have lineending markers ('\n', '\r', '\r\n', '\x0b', '\x0c'), behavior will be unspecified
  tokens_by_line = make_tokens_by_line(lines)
/app/ipython/IPython/core/inputtransformer2.py:608: UserWarning: `make_tokens_by_line` received a list of lines which do not have lineending markers ('\n', '\r', '\r\n', '\x0b', '\x0c'), behavior will be unspecified
  tokens_by_line = make_tokens_by_line(lines)
/app/ipython/IPython/core/inputtransformer2.py:714: UserWarning: `make_tokens_by_line` received a list of lines which do not have lineending markers ('\n', '\r', '\r\n', '\x0b', '\x0c'), behavior will be unspecified
  tokens_by_line = make_tokens_by_line(lines)
/app/ipython/IPython/core/inputtransformer2.py:608: UserWarning: `make_tokens_by_line` received a list of lines which do not have lineending markers ('\n', '\r', '\r\n', '\x0b', '\x0c'), behavior will be unspecified
  tokens_by_line = make_tokens_by_line(lines)
/app/ipython/IPython/core/inputtransformer2.py:714: UserWarning: `make_tokens_by_line` received a list of lines which do not have lineending markers ('\n', '\r', '\r\n', '\x0b', '\x0c'), behavior will be unspecified
  tokens_by_line = make_tokens_by_line(lines)
/app/ipython/IPython/core/inputtransformer2.py:608: UserWarning: `make_tokens_by_line` received a list of lines which do not have lineending markers ('\n', '\r', '\r\n', '\x0b', '\x0c'), behavior will be unspecified
  tokens_by_line = make_tokens_by_line(lines)
/app/ipython/IPython/core/inputtransformer2.py:608: UserWarning: `make_tokens_by_line` received a list of lines which do not have lineending markers ('\n', '\r', '\r\n', '\x0b', '\x0c'), behavior will be unspecified
  tokens_by_line = make_tokens_by_line(lines)
/app/ipython/IPython/core/inputtransformer2.py:608: UserWarning: `make_tokens_by_line` received a list of lines which do not have lineending markers ('\n', '\r', '\r\n', '\x0b', '\x0c'), behavior will be unspecified
  tokens_by_line = make_tokens_by_line(lines)
#11145	NEW    cov: 282 ft: 923 corp: 132/791b lim: 17 exec/s: 2786 rss: 87Mb L: 15/17 MS: 5 CrossOver-CrossOver-ChangeBit-ChangeBit-CrossOver-
/app/ipython/IPython/core/inputtransformer2.py:608: UserWarning: `make_tokens_by_line` received a list of lines which do not have lineending markers ('\n', '\r', '\r\n', '\x0b', '\x0c'), behavior will be unspecified
  tokens_by_line = make_tokens_by_line(lines)
/app/ipython/IPython/core/inputtransformer2.py:714: UserWarning: `make_tokens_by_line` received a list of lines which do not have lineending markers ('\n', '\r', '\r\n', '\x0b', '\x0c'), behavior will be unspecified
  tokens_by_line = make_tokens_by_line(lines)
#11194	REDUCE cov: 282 ft: 923 corp: 132/789b lim: 17 exec/s: 2798 rss: 87Mb L: 12/17 MS: 4 CrossOver-CrossOver-ChangeByte-EraseBytes-
#11210	REDUCE cov: 282 ft: 924 corp: 133/796b lim: 17 exec/s: 2802 rss: 87Mb L: 7/17 MS: 1 CopyPart-
/app/ipython/IPython/core/inputtransformer2.py:608: UserWarning: `make_tokens_by_line` received a list of lines which do not have lineending markers ('\n', '\r', '\r\n', '\x0b', '\x0c'), behavior will be unspecified
  tokens_by_line = make_tokens_by_line(lines)
/app/ipython/IPython/core/inputtransformer2.py:608: UserWarning: `make_tokens_by_line` received a list of lines which do not have lineending markers ('\n', '\r', '\r\n', '\x0b', '\x0c'), behavior will be unspecified
  tokens_by_line = make_tokens_by_line(lines)
/app/ipython/IPython/core/inputtransformer2.py:608: UserWarning: `make_tokens_by_line` received a list of lines which do not have lineending markers ('\n', '\r', '\r\n', '\x0b', '\x0c'), behavior will be unspecified
  tokens_by_line = make_tokens_by_line(lines)
/app/ipython/IPython/core/inputtransformer2.py:608: UserWarning: `make_tokens_by_line` received a list of lines which do not have lineending markers ('\n', '\r', '\r\n', '\x0b', '\x0c'), behavior will be unspecified
  tokens_by_line = make_tokens_by_line(lines)
/app/ipython/IPython/core/inputtransformer2.py:608: UserWarning: `make_tokens_by_line` received a list of lines which do not have lineending markers ('\n', '\r', '\r\n', '\x0b', '\x0c'), behavior will be unspecified
  tokens_by_line = make_tokens_by_line(lines)
/app/ipython/IPython/core/inputtransformer2.py:608: UserWarning: `make_tokens_by_line` received a list of lines which do not have lineending markers ('\n', '\r', '\r\n', '\x0b', '\x0c'), behavior will be unspecified
  tokens_by_line = make_tokens_by_line(lines)
/app/ipython/IPython/core/inputtransformer2.py:714: UserWarning: `make_tokens_by_line` received a list of lines which do not have lineending markers ('\n', '\r', '\r\n', '\x0b', '\x0c'), behavior will be unspecified
  tokens_by_line = make_tokens_by_line(lines)
/app/ipython/IPython/core/inputtransformer2.py:608: UserWarning: `make_tokens_by_line` received a list of lines which do not have lineending markers ('\n', '\r', '\r\n', '\x0b', '\x0c'), behavior will be unspecified
  tokens_by_line = make_tokens_by_line(lines)
/app/ipython/IPython/core/inputtransformer2.py:714: UserWarning: `make_tokens_by_line` received a list of lines which do not have lineending markers ('\n', '\r', '\r\n', '\x0b', '\x0c'), behavior will be unspecified
  tokens_by_line = make_tokens_by_line(lines)
#11436	REDUCE cov: 282 ft: 924 corp: 133/792b lim: 17 exec/s: 2859 rss: 87Mb L: 7/17 MS: 1 EraseBytes-
/app/ipython/IPython/core/inputtransformer2.py:608: UserWarning: `make_tokens_by_line` received a list of lines which do not have lineending markers ('\n', '\r', '\r\n', '\x0b', '\x0c'), behavior will be unspecified
  tokens_by_line = make_tokens_by_line(lines)
/app/ipython/IPython/core/inputtransformer2.py:714: UserWarning: `make_tokens_by_line` received a list of lines which do not have lineending markers ('\n', '\r', '\r\n', '\x0b', '\x0c'), behavior will be unspecified
  tokens_by_line = make_tokens_by_line(lines)
/app/ipython/IPython/core/inputtransformer2.py:608: UserWarning: `make_tokens_by_line` received a list of lines which do not have lineending markers ('\n', '\r', '\r\n', '\x0b', '\x0c'), behavior will be unspecified
  tokens_by_line = make_tokens_by_line(lines)
/app/ipython/IPython/core/inputtransformer2.py:714: UserWarning: `make_tokens_by_line` received a list of lines which do not have lineending markers ('\n', '\r', '\r\n', '\x0b', '\x0c'), behavior will be unspecified
  tokens_by_line = make_tokens_by_line(lines)
/app/ipython/IPython/core/inputtransformer2.py:608: UserWarning: `make_tokens_by_line` received a list of lines which do not have lineending markers ('\n', '\r', '\r\n', '\x0b', '\x0c'), behavior will be unspecified
  tokens_by_line = make_tokens_by_line(lines)
/app/ipython/IPython/core/inputtransformer2.py:714: UserWarning: `make_tokens_by_line` received a list of lines which do not have lineending markers ('\n', '\r', '\r\n', '\x0b', '\x0c'), behavior will be unspecified
  tokens_by_line = make_tokens_by_line(lines)
/app/ipython/IPython/core/inputtransformer2.py:608: UserWarning: `make_tokens_by_line` received a list of lines which do not have lineending markers ('\n', '\r', '\r\n', '\x0b', '\x0c'), behavior will be unspecified
  tokens_by_line = make_tokens_by_line(lines)
/app/ipython/IPython/core/inputtransformer2.py:714: UserWarning: `make_tokens_by_line` received a list of lines which do not have lineending markers ('\n', '\r', '\r\n', '\x0b', '\x0c'), behavior will be unspecified
  tokens_by_line = make_tokens_by_line(lines)
/app/ipython/IPython/core/inputtransformer2.py:608: UserWarning: `make_tokens_by_line` received a list of lines which do not have lineending markers ('\n', '\r', '\r\n', '\x0b', '\x0c'), behavior will be unspecified
  tokens_by_line = make_tokens_by_line(lines)
/app/ipython/IPython/core/inputtransformer2.py:714: UserWarning: `make_tokens_by_line` received a list of lines which do not have lineending markers ('\n', '\r', '\r\n', '\x0b', '\x0c'), behavior will be unspecified
  tokens_by_line = make_tokens_by_line(lines)
/app/ipython/IPython/core/inputtransformer2.py:608: UserWarning: `make_tokens_by_line` received a list of lines which do not have lineending markers ('\n', '\r', '\r\n', '\x0b', '\x0c'), behavior will be unspecified
  tokens_by_line = make_tokens_by_line(lines)
/app/ipython/IPython/core/inputtransformer2.py:714: UserWarning: `make_tokens_by_line` received a list of lines which do not have lineending markers ('\n', '\r', '\r\n', '\x0b', '\x0c'), behavior will be unspecified
  tokens_by_line = make_tokens_by_line(lines)
/app/ipython/IPython/core/inputtransformer2.py:608: UserWarning: `make_tokens_by_line` received a list of lines which do not have lineending markers ('\n', '\r', '\r\n', '\x0b', '\x0c'), behavior will be unspecified
  tokens_by_line = make_tokens_by_line(lines)
/app/ipython/IPython/core/inputtransformer2.py:714: UserWarning: `make_tokens_by_line` received a list of lines which do not have lineending markers ('\n', '\r', '\r\n', '\x0b', '\x0c'), behavior will be unspecified
  tokens_by_line = make_tokens_by_line(lines)
/app/ipython/IPython/core/inputtransformer2.py:608: UserWarning: `make_tokens_by_line` received a list of lines which do not have lineending markers ('\n', '\r', '\r\n', '\x0b', '\x0c'), behavior will be unspecified
  tokens_by_line = make_tokens_by_line(lines)
/app/ipython/IPython/core/inputtransformer2.py:714: UserWarning: `make_tokens_by_line` received a list of lines which do not have lineending markers ('\n', '\r', '\r\n', '\x0b', '\x0c'), behavior will be unspecified
  tokens_by_line = make_tokens_by_line(lines)
/app/ipython/IPython/core/inputtransformer2.py:608: UserWarning: `make_tokens_by_line` received a list of lines which do not have lineending markers ('\n', '\r', '\r\n', '\x0b', '\x0c'), behavior will be unspecified
  tokens_by_line = make_tokens_by_line(lines)
/app/ipython/IPython/core/inputtransformer2.py:714: UserWarning: `make_tokens_by_line` received a list of lines which do not have lineending markers ('\n', '\r', '\r\n', '\x0b', '\x0c'), behavior will be unspecified
  tokens_by_line = make_tokens_by_line(lines)
#11547	NEW    cov: 282 ft: 925 corp: 134/807b lim: 17 exec/s: 2886 rss: 87Mb L: 15/17 MS: 1 ChangeByte-
/app/ipython/IPython/core/inputtransformer2.py:608: UserWarning: `make_tokens_by_line` received a list of lines which do not have lineending markers ('\n', '\r', '\r\n', '\x0b', '\x0c'), behavior will be unspecified
  tokens_by_line = make_tokens_by_line(lines)
/app/ipython/IPython/core/inputtransformer2.py:714: UserWarning: `make_tokens_by_line` received a list of lines which do not have lineending markers ('\n', '\r', '\r\n', '\x0b', '\x0c'), behavior will be unspecified
  tokens_by_line = make_tokens_by_line(lines)
/app/ipython/IPython/core/inputtransformer2.py:608: UserWarning: `make_tokens_by_line` received a list of lines which do not have lineending markers ('\n', '\r', '\r\n', '\x0b', '\x0c'), behavior will be unspecified
  tokens_by_line = make_tokens_by_line(lines)
/app/ipython/IPython/core/inputtransformer2.py:714: UserWarning: `make_tokens_by_line` received a list of lines which do not have lineending markers ('\n', '\r', '\r\n', '\x0b', '\x0c'), behavior will be unspecified
  tokens_by_line = make_tokens_by_line(lines)
/app/ipython/IPython/core/inputtransformer2.py:608: UserWarning: `make_tokens_by_line` received a list of lines which do not have lineending markers ('\n', '\r', '\r\n', '\x0b', '\x0c'), behavior will be unspecified
  tokens_by_line = make_tokens_by_line(lines)
/app/ipython/IPython/core/inputtransformer2.py:714: UserWarning: `make_tokens_by_line` received a list of lines which do not have lineending markers ('\n', '\r', '\r\n', '\x0b', '\x0c'), behavior will be unspecified
  tokens_by_line = make_tokens_by_line(lines)
/app/ipython/IPython/core/inputtransformer2.py:608: UserWarning: `make_tokens_by_line` received a list of lines which do not have lineending markers ('\n', '\r', '\r\n', '\x0b', '\x0c'), behavior will be unspecified
  tokens_by_line = make_tokens_by_line(lines)
/app/ipython/IPython/core/inputtransformer2.py:714: UserWarning: `make_tokens_by_line` received a list of lines which do not have lineending markers ('\n', '\r', '\r\n', '\x0b', '\x0c'), behavior will be unspecified
  tokens_by_line = make_tokens_by_line(lines)
/app/ipython/IPython/core/inputtransformer2.py:608: UserWarning: `make_tokens_by_line` received a list of lines which do not have lineending markers ('\n', '\r', '\r\n', '\x0b', '\x0c'), behavior will be unspecified
  tokens_by_line = make_tokens_by_line(lines)
/app/ipython/IPython/core/inputtransformer2.py:714: UserWarning: `make_tokens_by_line` received a list of lines which do not have lineending markers ('\n', '\r', '\r\n', '\x0b', '\x0c'), behavior will be unspecified
  tokens_by_line = make_tokens_by_line(lines)
/app/ipython/IPython/core/inputtransformer2.py:608: UserWarning: `make_tokens_by_line` received a list of lines which do not have lineending markers ('\n', '\r', '\r\n', '\x0b', '\x0c'), behavior will be unspecified
  tokens_by_line = make_tokens_by_line(lines)
/app/ipython/IPython/core/inputtransformer2.py:608: UserWarning: `make_tokens_by_line` received a list of lines which do not have lineending markers ('\n', '\r', '\r\n', '\x0b', '\x0c'), behavior will be unspecified
  tokens_by_line = make_tokens_by_line(lines)
/app/ipython/IPython/core/inputtransformer2.py:714: UserWarning: `make_tokens_by_line` received a list of lines which do not have lineending markers ('\n', '\r', '\r\n', '\x0b', '\x0c'), behavior will be unspecified
  tokens_by_line = make_tokens_by_line(lines)
#11604	NEW    cov: 282 ft: 927 corp: 135/819b lim: 17 exec/s: 2901 rss: 87Mb L: 12/17 MS: 2 ChangeByte-CopyPart-
/app/ipython/IPython/core/inputtransformer2.py:608: UserWarning: `make_tokens_by_line` received a list of lines which do not have lineending markers ('\n', '\r', '\r\n', '\x0b', '\x0c'), behavior will be unspecified
  tokens_by_line = make_tokens_by_line(lines)
/app/ipython/IPython/core/inputtransformer2.py:714: UserWarning: `make_tokens_by_line` received a list of lines which do not have lineending markers ('\n', '\r', '\r\n', '\x0b', '\x0c'), behavior will be unspecified
  tokens_by_line = make_tokens_by_line(lines)
/app/ipython/IPython/core/inputtransformer2.py:608: UserWarning: `make_tokens_by_line` received a list of lines which do not have lineending markers ('\n', '\r', '\r\n', '\x0b', '\x0c'), behavior will be unspecified
  tokens_by_line = make_tokens_by_line(lines)
/app/ipython/IPython/core/inputtransformer2.py:714: UserWarning: `make_tokens_by_line` received a list of lines which do not have lineending markers ('\n', '\r', '\r\n', '\x0b', '\x0c'), behavior will be unspecified
  tokens_by_line = make_tokens_by_line(lines)
/app/ipython/IPython/core/inputtransformer2.py:608: UserWarning: `make_tokens_by_line` received a list of lines which do not have lineending markers ('\n', '\r', '\r\n', '\x0b', '\x0c'), behavior will be unspecified
  tokens_by_line = make_tokens_by_line(lines)
/app/ipython/IPython/core/inputtransformer2.py:714: UserWarning: `make_tokens_by_line` received a list of lines which do not have lineending markers ('\n', '\r', '\r\n', '\x0b', '\x0c'), behavior will be unspecified
  tokens_by_line = make_tokens_by_line(lines)
/app/ipython/IPython/core/inputtransformer2.py:608: UserWarning: `make_tokens_by_line` received a list of lines which do not have lineending markers ('\n', '\r', '\r\n', '\x0b', '\x0c'), behavior will be unspecified
  tokens_by_line = make_tokens_by_line(lines)
/app/ipython/IPython/core/inputtransformer2.py:714: UserWarning: `make_tokens_by_line` received a list of lines which do not have lineending markers ('\n', '\r', '\r\n', '\x0b', '\x0c'), behavior will be unspecified
  tokens_by_line = make_tokens_by_line(lines)
/app/ipython/IPython/core/inputtransformer2.py:608: UserWarning: `make_tokens_by_line` received a list of lines which do not have lineending markers ('\n', '\r', '\r\n', '\x0b', '\x0c'), behavior will be unspecified
  tokens_by_line = make_tokens_by_line(lines)
/app/ipython/IPython/core/inputtransformer2.py:714: UserWarning: `make_tokens_by_line` received a list of lines which do not have lineending markers ('\n', '\r', '\r\n', '\x0b', '\x0c'), behavior will be unspecified
  tokens_by_line = make_tokens_by_line(lines)
#11620	REDUCE cov: 282 ft: 927 corp: 135/818b lim: 17 exec/s: 2905 rss: 87Mb L: 12/17 MS: 1 EraseBytes-
/app/ipython/IPython/core/inputtransformer2.py:608: UserWarning: `make_tokens_by_line` received a list of lines which do not have lineending markers ('\n', '\r', '\r\n', '\x0b', '\x0c'), behavior will be unspecified
  tokens_by_line = make_tokens_by_line(lines)
/app/ipython/IPython/core/inputtransformer2.py:714: UserWarning: `make_tokens_by_line` received a list of lines which do not have lineending markers ('\n', '\r', '\r\n', '\x0b', '\x0c'), behavior will be unspecified
  tokens_by_line = make_tokens_by_line(lines)
/app/ipython/IPython/core/inputtransformer2.py:608: UserWarning: `make_tokens_by_line` received a list of lines which do not have lineending markers ('\n', '\r', '\r\n', '\x0b', '\x0c'), behavior will be unspecified
  tokens_by_line = make_tokens_by_line(lines)
/app/ipython/IPython/core/inputtransformer2.py:714: UserWarning: `make_tokens_by_line` received a list of lines which do not have lineending markers ('\n', '\r', '\r\n', '\x0b', '\x0c'), behavior will be unspecified
  tokens_by_line = make_tokens_by_line(lines)
/app/ipython/IPython/core/inputtransformer2.py:608: UserWarning: `make_tokens_by_line` received a list of lines which do not have lineending markers ('\n', '\r', '\r\n', '\x0b', '\x0c'), behavior will be unspecified
  tokens_by_line = make_tokens_by_line(lines)
/app/ipython/IPython/core/inputtransformer2.py:714: UserWarning: `make_tokens_by_line` received a list of lines which do not have lineending markers ('\n', '\r', '\r\n', '\x0b', '\x0c'), behavior will be unspecified
  tokens_by_line = make_tokens_by_line(lines)
/app/ipython/IPython/core/inputtransformer2.py:608: UserWarning: `make_tokens_by_line` received a list of lines which do not have lineending markers ('\n', '\r', '\r\n', '\x0b', '\x0c'), behavior will be unspecified
  tokens_by_line = make_tokens_by_line(lines)
/app/ipython/IPython/core/inputtransformer2.py:714: UserWarning: `make_tokens_by_line` received a list of lines which do not have lineending markers ('\n', '\r', '\r\n', '\x0b', '\x0c'), behavior will be unspecified
  tokens_by_line = make_tokens_by_line(lines)
/app/ipython/IPython/core/inputtransformer2.py:608: UserWarning: `make_tokens_by_line` received a list of lines which do not have lineending markers ('\n', '\r', '\r\n', '\x0b', '\x0c'), behavior will be unspecified
  tokens_by_line = make_tokens_by_line(lines)
/app/ipython/IPython/core/inputtransformer2.py:608: UserWarning: `make_tokens_by_line` received a list of lines which do not have lineending markers ('\n', '\r', '\r\n', '\x0b', '\x0c'), behavior will be unspecified
  tokens_by_line = make_tokens_by_line(lines)
/app/ipython/IPython/core/inputtransformer2.py:714: UserWarning: `make_tokens_by_line` received a list of lines which do not have lineending markers ('\n', '\r', '\r\n', '\x0b', '\x0c'), behavior will be unspecified
  tokens_by_line = make_tokens_by_line(lines)
/app/ipython/IPython/core/inputtransformer2.py:608: UserWarning: `make_tokens_by_line` received a list of lines which do not have lineending markers ('\n', '\r', '\r\n', '\x0b', '\x0c'), behavior will be unspecified
  tokens_by_line = make_tokens_by_line(lines)
/app/ipython/IPython/core/inputtransformer2.py:714: UserWarning: `make_tokens_by_line` received a list of lines which do not have lineending markers ('\n', '\r', '\r\n', '\x0b', '\x0c'), behavior will be unspecified
  tokens_by_line = make_tokens_by_line(lines)
/app/ipython/IPython/core/inputtransformer2.py:608: UserWarning: `make_tokens_by_line` received a list of lines which do not have lineending markers ('\n', '\r', '\r\n', '\x0b', '\x0c'), behavior will be unspecified
  tokens_by_line = make_tokens_by_line(lines)
/app/ipython/IPython/core/inputtransformer2.py:714: UserWarning: `make_tokens_by_line` received a list of lines which do not have lineending markers ('\n', '\r', '\r\n', '\x0b', '\x0c'), behavior will be unspecified
  tokens_by_line = make_tokens_by_line(lines)
/app/ipython/IPython/core/inputtransformer2.py:608: UserWarning: `make_tokens_by_line` received a list of lines which do not have lineending markers ('\n', '\r', '\r\n', '\x0b', '\x0c'), behavior will be unspecified
  tokens_by_line = make_tokens_by_line(lines)
/app/ipython/IPython/core/inputtransformer2.py:714: UserWarning: `make_tokens_by_line` received a list of lines which do not have lineending markers ('\n', '\r', '\r\n', '\x0b', '\x0c'), behavior will be unspecified
  tokens_by_line = make_tokens_by_line(lines)
/app/ipython/IPython/core/inputtransformer2.py:608: UserWarning: `make_tokens_by_line` received a list of lines which do not have lineending markers ('\n', '\r', '\r\n', '\x0b', '\x0c'), behavior will be unspecified
  tokens_by_line = make_tokens_by_line(lines)
/app/ipython/IPython/core/inputtransformer2.py:714: UserWarning: `make_tokens_by_line` received a list of lines which do not have lineending markers ('\n', '\r', '\r\n', '\x0b', '\x0c'), behavior will be unspecified
  tokens_by_line = make_tokens_by_line(lines)
/app/ipython/IPython/core/inputtransformer2.py:608: UserWarning: `make_tokens_by_line` received a list of lines which do not have lineending markers ('\n', '\r', '\r\n', '\x0b', '\x0c'), behavior will be unspecified
  tokens_by_line = make_tokens_by_line(lines)
/app/ipython/IPython/core/inputtransformer2.py:714: UserWarning: `make_tokens_by_line` received a list of lines which do not have lineending markers ('\n', '\r', '\r\n', '\x0b', '\x0c'), behavior will be unspecified
  tokens_by_line = make_tokens_by_line(lines)
/app/ipython/IPython/core/inputtransformer2.py:608: UserWarning: `make_tokens_by_line` received a list of lines which do not have lineending markers ('\n', '\r', '\r\n', '\x0b', '\x0c'), behavior will be unspecified
  tokens_by_line = make_tokens_by_line(lines)
/app/ipython/IPython/core/inputtransformer2.py:714: UserWarning: `make_tokens_by_line` received a list of lines which do not have lineending markers ('\n', '\r', '\r\n', '\x0b', '\x0c'), behavior will be unspecified
  tokens_by_line = make_tokens_by_line(lines)
/app/ipython/IPython/core/inputtransformer2.py:608: UserWarning: `make_tokens_by_line` received a list of lines which do not have lineending markers ('\n', '\r', '\r\n', '\x0b', '\x0c'), behavior will be unspecified
  tokens_by_line = make_tokens_by_line(lines)
/app/ipython/IPython/core/inputtransformer2.py:608: UserWarning: `make_tokens_by_line` received a list of lines which do not have lineending markers ('\n', '\r', '\r\n', '\x0b', '\x0c'), behavior will be unspecified
  tokens_by_line = make_tokens_by_line(lines)
/app/ipython/IPython/core/inputtransformer2.py:608: UserWarning: `make_tokens_by_line` received a list of lines which do not have lineending markers ('\n', '\r', '\r\n', '\x0b', '\x0c'), behavior will be unspecified
  tokens_by_line = make_tokens_by_line(lines)
/app/ipython/IPython/core/inputtransformer2.py:608: UserWarning: `make_tokens_by_line` received a list of lines which do not have lineending markers ('\n', '\r', '\r\n', '\x0b', '\x0c'), behavior will be unspecified
  tokens_by_line = make_tokens_by_line(lines)
/app/ipython/IPython/core/inputtransformer2.py:714: UserWarning: `make_tokens_by_line` received a list of lines which do not have lineending markers ('\n', '\r', '\r\n', '\x0b', '\x0c'), behavior will be unspecified
  tokens_by_line = make_tokens_by_line(lines)
/app/ipython/IPython/core/inputtransformer2.py:608: UserWarning: `make_tokens_by_line` received a list of lines which do not have lineending markers ('\n', '\r', '\r\n', '\x0b', '\x0c'), behavior will be unspecified
  tokens_by_line = make_tokens_by_line(lines)
/app/ipython/IPython/core/inputtransformer2.py:714: UserWarning: `make_tokens_by_line` received a list of lines which do not have lineending markers ('\n', '\r', '\r\n', '\x0b', '\x0c'), behavior will be unspecified
  tokens_by_line = make_tokens_by_line(lines)
/app/ipython/IPython/core/inputtransformer2.py:608: UserWarning: `make_tokens_by_line` received a list of lines which do not have lineending markers ('\n', '\r', '\r\n', '\x0b', '\x0c'), behavior will be unspecified
  tokens_by_line = make_tokens_by_line(lines)
/app/ipython/IPython/core/inputtransformer2.py:714: UserWarning: `make_tokens_by_line` received a list of lines which do not have lineending markers ('\n', '\r', '\r\n', '\x0b', '\x0c'), behavior will be unspecified
  tokens_by_line = make_tokens_by_line(lines)
/app/ipython/IPython/core/inputtransformer2.py:608: UserWarning: `make_tokens_by_line` received a list of lines which do not have lineending markers ('\n', '\r', '\r\n', '\x0b', '\x0c'), behavior will be unspecified
  tokens_by_line = make_tokens_by_line(lines)
/app/ipython/IPython/core/inputtransformer2.py:714: UserWarning: `make_tokens_by_line` received a list of lines which do not have lineending markers ('\n', '\r', '\r\n', '\x0b', '\x0c'), behavior will be unspecified
  tokens_by_line = make_tokens_by_line(lines)
/app/ipython/IPython/core/inputtransformer2.py:608: UserWarning: `make_tokens_by_line` received a list of lines which do not have lineending markers ('\n', '\r', '\r\n', '\x0b', '\x0c'), behavior will be unspecified
  tokens_by_line = make_tokens_by_line(lines)
/app/ipython/IPython/core/inputtransformer2.py:608: UserWarning: `make_tokens_by_line` received a list of lines which do not have lineending markers ('\n', '\r', '\r\n', '\x0b', '\x0c'), behavior will be unspecified
  tokens_by_line = make_tokens_by_line(lines)
/app/ipython/IPython/core/inputtransformer2.py:714: UserWarning: `make_tokens_by_line` received a list of lines which do not have lineending markers ('\n', '\r', '\r\n', '\x0b', '\x0c'), behavior will be unspecified
  tokens_by_line = make_tokens_by_line(lines)
/app/ipython/IPython/core/inputtransformer2.py:608: UserWarning: `make_tokens_by_line` received a list of lines which do not have lineending markers ('\n', '\r', '\r\n', '\x0b', '\x0c'), behavior will be unspecified
  tokens_by_line = make_tokens_by_line(lines)
/app/ipython/IPython/core/inputtransformer2.py:608: UserWarning: `make_tokens_by_line` received a list of lines which do not have lineending markers ('\n', '\r', '\r\n', '\x0b', '\x0c'), behavior will be unspecified
  tokens_by_line = make_tokens_by_line(lines)
/app/ipython/IPython/core/inputtransformer2.py:608: UserWarning: `make_tokens_by_line` received a list of lines which do not have lineending markers ('\n', '\r', '\r\n', '\x0b', '\x0c'), behavior will be unspecified
  tokens_by_line = make_tokens_by_line(lines)
/app/ipython/IPython/core/inputtransformer2.py:608: UserWarning: `make_tokens_by_line` received a list of lines which do not have lineending markers ('\n', '\r', '\r\n', '\x0b', '\x0c'), behavior will be unspecified
  tokens_by_line = make_tokens_by_line(lines)
/app/ipython/IPython/core/inputtransformer2.py:608: UserWarning: `make_tokens_by_line` received a list of lines which do not have lineending markers ('\n', '\r', '\r\n', '\x0b', '\x0c'), behavior will be unspecified
  tokens_by_line = make_tokens_by_line(lines)
/app/ipython/IPython/core/inputtransformer2.py:608: UserWarning: `make_tokens_by_line` received a list of lines which do not have lineending markers ('\n', '\r', '\r\n', '\x0b', '\x0c'), behavior will be unspecified
  tokens_by_line = make_tokens_by_line(lines)
/app/ipython/IPython/core/inputtransformer2.py:714: UserWarning: `make_tokens_by_line` received a list of lines which do not have lineending markers ('\n', '\r', '\r\n', '\x0b', '\x0c'), behavior will be unspecified
  tokens_by_line = make_tokens_by_line(lines)
/app/ipython/IPython/core/inputtransformer2.py:608: UserWarning: `make_tokens_by_line` received a list of lines which do not have lineending markers ('\n', '\r', '\r\n', '\x0b', '\x0c'), behavior will be unspecified
  tokens_by_line = make_tokens_by_line(lines)
/app/ipython/IPython/core/inputtransformer2.py:714: UserWarning: `make_tokens_by_line` received a list of lines which do not have lineending markers ('\n', '\r', '\r\n', '\x0b', '\x0c'), behavior will be unspecified
  tokens_by_line = make_tokens_by_line(lines)
/app/ipython/IPython/core/inputtransformer2.py:608: UserWarning: `make_tokens_by_line` received a list of lines which do not have lineending markers ('\n', '\r', '\r\n', '\x0b', '\x0c'), behavior will be unspecified
  tokens_by_line = make_tokens_by_line(lines)
/app/ipython/IPython/core/inputtransformer2.py:714: UserWarning: `make_tokens_by_line` received a list of lines which do not have lineending markers ('\n', '\r', '\r\n', '\x0b', '\x0c'), behavior will be unspecified
  tokens_by_line = make_tokens_by_line(lines)
/app/ipython/IPython/core/inputtransformer2.py:608: UserWarning: `make_tokens_by_line` received a list of lines which do not have lineending markers ('\n', '\r', '\r\n', '\x0b', '\x0c'), behavior will be unspecified
  tokens_by_line = make_tokens_by_line(lines)
/app/ipython/IPython/core/inputtransformer2.py:714: UserWarning: `make_tokens_by_line` received a list of lines which do not have lineending markers ('\n', '\r', '\r\n', '\x0b', '\x0c'), behavior will be unspecified
  tokens_by_line = make_tokens_by_line(lines)
/app/ipython/IPython/core/inputtransformer2.py:608: UserWarning: `make_tokens_by_line` received a list of lines which do not have lineending markers ('\n', '\r', '\r\n', '\x0b', '\x0c'), behavior will be unspecified
  tokens_by_line = make_tokens_by_line(lines)
/app/ipython/IPython/core/inputtransformer2.py:714: UserWarning: `make_tokens_by_line` received a list of lines which do not have lineending markers ('\n', '\r', '\r\n', '\x0b', '\x0c'), behavior will be unspecified
  tokens_by_line = make_tokens_by_line(lines)
/app/ipython/IPython/core/inputtransformer2.py:608: UserWarning: `make_tokens_by_line` received a list of lines which do not have lineending markers ('\n', '\r', '\r\n', '\x0b', '\x0c'), behavior will be unspecified
  tokens_by_line = make_tokens_by_line(lines)
/app/ipython/IPython/core/inputtransformer2.py:714: UserWarning: `make_tokens_by_line` received a list of lines which do not have lineending markers ('\n', '\r', '\r\n', '\x0b', '\x0c'), behavior will be unspecified
  tokens_by_line = make_tokens_by_line(lines)
/app/ipython/IPython/core/inputtransformer2.py:608: UserWarning: `make_tokens_by_line` received a list of lines which do not have lineending markers ('\n', '\r', '\r\n', '\x0b', '\x0c'), behavior will be unspecified
  tokens_by_line = make_tokens_by_line(lines)
/app/ipython/IPython/core/inputtransformer2.py:714: UserWarning: `make_tokens_by_line` received a list of lines which do not have lineending markers ('\n', '\r', '\r\n', '\x0b', '\x0c'), behavior will be unspecified
  tokens_by_line = make_tokens_by_line(lines)
/app/ipython/IPython/core/inputtransformer2.py:608: UserWarning: `make_tokens_by_line` received a list of lines which do not have lineending markers ('\n', '\r', '\r\n', '\x0b', '\x0c'), behavior will be unspecified
  tokens_by_line = make_tokens_by_line(lines)
/app/ipython/IPython/core/inputtransformer2.py:714: UserWarning: `make_tokens_by_line` received a list of lines which do not have lineending markers ('\n', '\r', '\r\n', '\x0b', '\x0c'), behavior will be unspecified
  tokens_by_line = make_tokens_by_line(lines)
/app/ipython/IPython/core/inputtransformer2.py:608: UserWarning: `make_tokens_by_line` received a list of lines which do not have lineending markers ('\n', '\r', '\r\n', '\x0b', '\x0c'), behavior will be unspecified
  tokens_by_line = make_tokens_by_line(lines)
/app/ipython/IPython/core/inputtransformer2.py:714: UserWarning: `make_tokens_by_line` received a list of lines which do not have lineending markers ('\n', '\r', '\r\n', '\x0b', '\x0c'), behavior will be unspecified
  tokens_by_line = make_tokens_by_line(lines)
/app/ipython/IPython/core/inputtransformer2.py:608: UserWarning: `make_tokens_by_line` received a list of lines which do not have lineending markers ('\n', '\r', '\r\n', '\x0b', '\x0c'), behavior will be unspecified
  tokens_by_line = make_tokens_by_line(lines)
/app/ipython/IPython/core/inputtransformer2.py:714: UserWarning: `make_tokens_by_line` received a list of lines which do not have lineending markers ('\n', '\r', '\r\n', '\x0b', '\x0c'), behavior will be unspecified
  tokens_by_line = make_tokens_by_line(lines)
#11866	NEW    cov: 282 ft: 933 corp: 136/831b lim: 17 exec/s: 2373 rss: 87Mb L: 13/17 MS: 1 InsertRepeatedBytes-
/app/ipython/IPython/core/inputtransformer2.py:608: UserWarning: `make_tokens_by_line` received a list of lines which do not have lineending markers ('\n', '\r', '\r\n', '\x0b', '\x0c'), behavior will be unspecified
  tokens_by_line = make_tokens_by_line(lines)
/app/ipython/IPython/core/inputtransformer2.py:714: UserWarning: `make_tokens_by_line` received a list of lines which do not have lineending markers ('\n', '\r', '\r\n', '\x0b', '\x0c'), behavior will be unspecified
  tokens_by_line = make_tokens_by_line(lines)
/app/ipython/IPython/core/inputtransformer2.py:608: UserWarning: `make_tokens_by_line` received a list of lines which do not have lineending markers ('\n', '\r', '\r\n', '\x0b', '\x0c'), behavior will be unspecified
  tokens_by_line = make_tokens_by_line(lines)
/app/ipython/IPython/core/inputtransformer2.py:714: UserWarning: `make_tokens_by_line` received a list of lines which do not have lineending markers ('\n', '\r', '\r\n', '\x0b', '\x0c'), behavior will be unspecified
  tokens_by_line = make_tokens_by_line(lines)
/app/ipython/IPython/core/inputtransformer2.py:608: UserWarning: `make_tokens_by_line` received a list of lines which do not have lineending markers ('\n', '\r', '\r\n', '\x0b', '\x0c'), behavior will be unspecified
  tokens_by_line = make_tokens_by_line(lines)
/app/ipython/IPython/core/inputtransformer2.py:714: UserWarning: `make_tokens_by_line` received a list of lines which do not have lineending markers ('\n', '\r', '\r\n', '\x0b', '\x0c'), behavior will be unspecified
  tokens_by_line = make_tokens_by_line(lines)
/app/ipython/IPython/core/inputtransformer2.py:608: UserWarning: `make_tokens_by_line` received a list of lines which do not have lineending markers ('\n', '\r', '\r\n', '\x0b', '\x0c'), behavior will be unspecified
  tokens_by_line = make_tokens_by_line(lines)
/app/ipython/IPython/core/inputtransformer2.py:714: UserWarning: `make_tokens_by_line` received a list of lines which do not have lineending markers ('\n', '\r', '\r\n', '\x0b', '\x0c'), behavior will be unspecified
  tokens_by_line = make_tokens_by_line(lines)
/app/ipython/IPython/core/inputtransformer2.py:608: UserWarning: `make_tokens_by_line` received a list of lines which do not have lineending markers ('\n', '\r', '\r\n', '\x0b', '\x0c'), behavior will be unspecified
  tokens_by_line = make_tokens_by_line(lines)
/app/ipython/IPython/core/inputtransformer2.py:714: UserWarning: `make_tokens_by_line` received a list of lines which do not have lineending markers ('\n', '\r', '\r\n', '\x0b', '\x0c'), behavior will be unspecified
  tokens_by_line = make_tokens_by_line(lines)
#11963	REDUCE cov: 282 ft: 935 corp: 137/840b lim: 17 exec/s: 2392 rss: 87Mb L: 9/17 MS: 2 ChangeByte-InsertByte-
/app/ipython/IPython/core/inputtransformer2.py:608: UserWarning: `make_tokens_by_line` received a list of lines which do not have lineending markers ('\n', '\r', '\r\n', '\x0b', '\x0c'), behavior will be unspecified
  tokens_by_line = make_tokens_by_line(lines)
/app/ipython/IPython/core/inputtransformer2.py:608: UserWarning: `make_tokens_by_line` received a list of lines which do not have lineending markers ('\n', '\r', '\r\n', '\x0b', '\x0c'), behavior will be unspecified
  tokens_by_line = make_tokens_by_line(lines)
/app/ipython/IPython/core/inputtransformer2.py:608: UserWarning: `make_tokens_by_line` received a list of lines which do not have lineending markers ('\n', '\r', '\r\n', '\x0b', '\x0c'), behavior will be unspecified
  tokens_by_line = make_tokens_by_line(lines)
/app/ipython/IPython/core/inputtransformer2.py:608: UserWarning: `make_tokens_by_line` received a list of lines which do not have lineending markers ('\n', '\r', '\r\n', '\x0b', '\x0c'), behavior will be unspecified
  tokens_by_line = make_tokens_by_line(lines)
/app/ipython/IPython/core/inputtransformer2.py:608: UserWarning: `make_tokens_by_line` received a list of lines which do not have lineending markers ('\n', '\r', '\r\n', '\x0b', '\x0c'), behavior will be unspecified
  tokens_by_line = make_tokens_by_line(lines)
/app/ipython/IPython/core/inputtransformer2.py:608: UserWarning: `make_tokens_by_line` received a list of lines which do not have lineending markers ('\n', '\r', '\r\n', '\x0b', '\x0c'), behavior will be unspecified
  tokens_by_line = make_tokens_by_line(lines)
/app/ipython/IPython/core/inputtransformer2.py:714: UserWarning: `make_tokens_by_line` received a list of lines which do not have lineending markers ('\n', '\r', '\r\n', '\x0b', '\x0c'), behavior will be unspecified
  tokens_by_line = make_tokens_by_line(lines)
/app/ipython/IPython/core/inputtransformer2.py:608: UserWarning: `make_tokens_by_line` received a list of lines which do not have lineending markers ('\n', '\r', '\r\n', '\x0b', '\x0c'), behavior will be unspecified
  tokens_by_line = make_tokens_by_line(lines)
/app/ipython/IPython/core/inputtransformer2.py:714: UserWarning: `make_tokens_by_line` received a list of lines which do not have lineending markers ('\n', '\r', '\r\n', '\x0b', '\x0c'), behavior will be unspecified
  tokens_by_line = make_tokens_by_line(lines)
/app/ipython/IPython/core/inputtransformer2.py:608: UserWarning: `make_tokens_by_line` received a list of lines which do not have lineending markers ('\n', '\r', '\r\n', '\x0b', '\x0c'), behavior will be unspecified
  tokens_by_line = make_tokens_by_line(lines)
/app/ipython/IPython/core/inputtransformer2.py:714: UserWarning: `make_tokens_by_line` received a list of lines which do not have lineending markers ('\n', '\r', '\r\n', '\x0b', '\x0c'), behavior will be unspecified
  tokens_by_line = make_tokens_by_line(lines)
/app/ipython/IPython/core/inputtransformer2.py:608: UserWarning: `make_tokens_by_line` received a list of lines which do not have lineending markers ('\n', '\r', '\r\n', '\x0b', '\x0c'), behavior will be unspecified
  tokens_by_line = make_tokens_by_line(lines)
/app/ipython/IPython/core/inputtransformer2.py:714: UserWarning: `make_tokens_by_line` received a list of lines which do not have lineending markers ('\n', '\r', '\r\n', '\x0b', '\x0c'), behavior will be unspecified
  tokens_by_line = make_tokens_by_line(lines)
/app/ipython/IPython/core/inputtransformer2.py:608: UserWarning: `make_tokens_by_line` received a list of lines which do not have lineending markers ('\n', '\r', '\r\n', '\x0b', '\x0c'), behavior will be unspecified
  tokens_by_line = make_tokens_by_line(lines)
/app/ipython/IPython/core/inputtransformer2.py:714: UserWarning: `make_tokens_by_line` received a list of lines which do not have lineending markers ('\n', '\r', '\r\n', '\x0b', '\x0c'), behavior will be unspecified
  tokens_by_line = make_tokens_by_line(lines)
/app/ipython/IPython/core/inputtransformer2.py:608: UserWarning: `make_tokens_by_line` received a list of lines which do not have lineending markers ('\n', '\r', '\r\n', '\x0b', '\x0c'), behavior will be unspecified
  tokens_by_line = make_tokens_by_line(lines)
/app/ipython/IPython/core/inputtransformer2.py:714: UserWarning: `make_tokens_by_line` received a list of lines which do not have lineending markers ('\n', '\r', '\r\n', '\x0b', '\x0c'), behavior will be unspecified
  tokens_by_line = make_tokens_by_line(lines)
/app/ipython/IPython/core/inputtransformer2.py:608: UserWarning: `make_tokens_by_line` received a list of lines which do not have lineending markers ('\n', '\r', '\r\n', '\x0b', '\x0c'), behavior will be unspecified
  tokens_by_line = make_tokens_by_line(lines)
/app/ipython/IPython/core/inputtransformer2.py:714: UserWarning: `make_tokens_by_line` received a list of lines which do not have lineending markers ('\n', '\r', '\r\n', '\x0b', '\x0c'), behavior will be unspecified
  tokens_by_line = make_tokens_by_line(lines)
/app/ipython/IPython/core/inputtransformer2.py:608: UserWarning: `make_tokens_by_line` received a list of lines which do not have lineending markers ('\n', '\r', '\r\n', '\x0b', '\x0c'), behavior will be unspecified
  tokens_by_line = make_tokens_by_line(lines)
/app/ipython/IPython/core/inputtransformer2.py:714: UserWarning: `make_tokens_by_line` received a list of lines which do not have lineending markers ('\n', '\r', '\r\n', '\x0b', '\x0c'), behavior will be unspecified
  tokens_by_line = make_tokens_by_line(lines)
/app/ipython/IPython/core/inputtransformer2.py:608: UserWarning: `make_tokens_by_line` received a list of lines which do not have lineending markers ('\n', '\r', '\r\n', '\x0b', '\x0c'), behavior will be unspecified
  tokens_by_line = make_tokens_by_line(lines)
/app/ipython/IPython/core/inputtransformer2.py:714: UserWarning: `make_tokens_by_line` received a list of lines which do not have lineending markers ('\n', '\r', '\r\n', '\x0b', '\x0c'), behavior will be unspecified
  tokens_by_line = make_tokens_by_line(lines)
/app/ipython/IPython/core/inputtransformer2.py:608: UserWarning: `make_tokens_by_line` received a list of lines which do not have lineending markers ('\n', '\r', '\r\n', '\x0b', '\x0c'), behavior will be unspecified
  tokens_by_line = make_tokens_by_line(lines)
/app/ipython/IPython/core/inputtransformer2.py:714: UserWarning: `make_tokens_by_line` received a list of lines which do not have lineending markers ('\n', '\r', '\r\n', '\x0b', '\x0c'), behavior will be unspecified
  tokens_by_line = make_tokens_by_line(lines)
/app/ipython/IPython/core/inputtransformer2.py:608: UserWarning: `make_tokens_by_line` received a list of lines which do not have lineending markers ('\n', '\r', '\r\n', '\x0b', '\x0c'), behavior will be unspecified
  tokens_by_line = make_tokens_by_line(lines)
/app/ipython/IPython/core/inputtransformer2.py:714: UserWarning: `make_tokens_by_line` received a list of lines which do not have lineending markers ('\n', '\r', '\r\n', '\x0b', '\x0c'), behavior will be unspecified
  tokens_by_line = make_tokens_by_line(lines)
/app/ipython/IPython/core/inputtransformer2.py:608: UserWarning: `make_tokens_by_line` received a list of lines which do not have lineending markers ('\n', '\r', '\r\n', '\x0b', '\x0c'), behavior will be unspecified
  tokens_by_line = make_tokens_by_line(lines)
/app/ipython/IPython/core/inputtransformer2.py:714: UserWarning: `make_tokens_by_line` received a list of lines which do not have lineending markers ('\n', '\r', '\r\n', '\x0b', '\x0c'), behavior will be unspecified
  tokens_by_line = make_tokens_by_line(lines)
/app/ipython/IPython/core/inputtransformer2.py:608: UserWarning: `make_tokens_by_line` received a list of lines which do not have lineending markers ('\n', '\r', '\r\n', '\x0b', '\x0c'), behavior will be unspecified
  tokens_by_line = make_tokens_by_line(lines)
/app/ipython/IPython/core/inputtransformer2.py:714: UserWarning: `make_tokens_by_line` received a list of lines which do not have lineending markers ('\n', '\r', '\r\n', '\x0b', '\x0c'), behavior will be unspecified
  tokens_by_line = make_tokens_by_line(lines)
/app/ipython/IPython/core/inputtransformer2.py:608: UserWarning: `make_tokens_by_line` received a list of lines which do not have lineending markers ('\n', '\r', '\r\n', '\x0b', '\x0c'), behavior will be unspecified
  tokens_by_line = make_tokens_by_line(lines)
/app/ipython/IPython/core/inputtransformer2.py:608: UserWarning: `make_tokens_by_line` received a list of lines which do not have lineending markers ('\n', '\r', '\r\n', '\x0b', '\x0c'), behavior will be unspecified
  tokens_by_line = make_tokens_by_line(lines)
/app/ipython/IPython/core/inputtransformer2.py:608: UserWarning: `make_tokens_by_line` received a list of lines which do not have lineending markers ('\n', '\r', '\r\n', '\x0b', '\x0c'), behavior will be unspecified
  tokens_by_line = make_tokens_by_line(lines)
/app/ipython/IPython/core/inputtransformer2.py:608: UserWarning: `make_tokens_by_line` received a list of lines which do not have lineending markers ('\n', '\r', '\r\n', '\x0b', '\x0c'), behavior will be unspecified
  tokens_by_line = make_tokens_by_line(lines)
/app/ipython/IPython/core/inputtransformer2.py:714: UserWarning: `make_tokens_by_line` received a list of lines which do not have lineending markers ('\n', '\r', '\r\n', '\x0b', '\x0c'), behavior will be unspecified
  tokens_by_line = make_tokens_by_line(lines)
#12335	REDUCE cov: 282 ft: 935 corp: 137/839b lim: 17 exec/s: 2467 rss: 87Mb L: 8/17 MS: 2 CrossOver-EraseBytes-
/app/ipython/IPython/core/inputtransformer2.py:608: UserWarning: `make_tokens_by_line` received a list of lines which do not have lineending markers ('\n', '\r', '\r\n', '\x0b', '\x0c'), behavior will be unspecified
  tokens_by_line = make_tokens_by_line(lines)
/app/ipython/IPython/core/inputtransformer2.py:714: UserWarning: `make_tokens_by_line` received a list of lines which do not have lineending markers ('\n', '\r', '\r\n', '\x0b', '\x0c'), behavior will be unspecified
  tokens_by_line = make_tokens_by_line(lines)
#12408	NEW    cov: 282 ft: 936 corp: 138/850b lim: 17 exec/s: 2481 rss: 87Mb L: 11/17 MS: 3 ChangeByte-ChangeBinInt-ChangeBinInt-
/app/ipython/IPython/core/inputtransformer2.py:608: UserWarning: `make_tokens_by_line` received a list of lines which do not have lineending markers ('\n', '\r', '\r\n', '\x0b', '\x0c'), behavior will be unspecified
  tokens_by_line = make_tokens_by_line(lines)
/app/ipython/IPython/core/inputtransformer2.py:714: UserWarning: `make_tokens_by_line` received a list of lines which do not have lineending markers ('\n', '\r', '\r\n', '\x0b', '\x0c'), behavior will be unspecified
  tokens_by_line = make_tokens_by_line(lines)
/app/ipython/IPython/core/inputtransformer2.py:608: UserWarning: `make_tokens_by_line` received a list of lines which do not have lineending markers ('\n', '\r', '\r\n', '\x0b', '\x0c'), behavior will be unspecified
  tokens_by_line = make_tokens_by_line(lines)
/app/ipython/IPython/core/inputtransformer2.py:714: UserWarning: `make_tokens_by_line` received a list of lines which do not have lineending markers ('\n', '\r', '\r\n', '\x0b', '\x0c'), behavior will be unspecified
  tokens_by_line = make_tokens_by_line(lines)
/app/ipython/IPython/core/inputtransformer2.py:608: UserWarning: `make_tokens_by_line` received a list of lines which do not have lineending markers ('\n', '\r', '\r\n', '\x0b', '\x0c'), behavior will be unspecified
  tokens_by_line = make_tokens_by_line(lines)
/app/ipython/IPython/core/inputtransformer2.py:714: UserWarning: `make_tokens_by_line` received a list of lines which do not have lineending markers ('\n', '\r', '\r\n', '\x0b', '\x0c'), behavior will be unspecified
  tokens_by_line = make_tokens_by_line(lines)
/app/ipython/IPython/core/inputtransformer2.py:608: UserWarning: `make_tokens_by_line` received a list of lines which do not have lineending markers ('\n', '\r', '\r\n', '\x0b', '\x0c'), behavior will be unspecified
  tokens_by_line = make_tokens_by_line(lines)
/app/ipython/IPython/core/inputtransformer2.py:608: UserWarning: `make_tokens_by_line` received a list of lines which do not have lineending markers ('\n', '\r', '\r\n', '\x0b', '\x0c'), behavior will be unspecified
  tokens_by_line = make_tokens_by_line(lines)
/app/ipython/IPython/core/inputtransformer2.py:714: UserWarning: `make_tokens_by_line` received a list of lines which do not have lineending markers ('\n', '\r', '\r\n', '\x0b', '\x0c'), behavior will be unspecified
  tokens_by_line = make_tokens_by_line(lines)
/app/ipython/IPython/core/inputtransformer2.py:608: UserWarning: `make_tokens_by_line` received a list of lines which do not have lineending markers ('\n', '\r', '\r\n', '\x0b', '\x0c'), behavior will be unspecified
  tokens_by_line = make_tokens_by_line(lines)
/app/ipython/IPython/core/inputtransformer2.py:714: UserWarning: `make_tokens_by_line` received a list of lines which do not have lineending markers ('\n', '\r', '\r\n', '\x0b', '\x0c'), behavior will be unspecified
  tokens_by_line = make_tokens_by_line(lines)
/app/ipython/IPython/core/inputtransformer2.py:608: UserWarning: `make_tokens_by_line` received a list of lines which do not have lineending markers ('\n', '\r', '\r\n', '\x0b', '\x0c'), behavior will be unspecified
  tokens_by_line = make_tokens_by_line(lines)
/app/ipython/IPython/core/inputtransformer2.py:714: UserWarning: `make_tokens_by_line` received a list of lines which do not have lineending markers ('\n', '\r', '\r\n', '\x0b', '\x0c'), behavior will be unspecified
  tokens_by_line = make_tokens_by_line(lines)
/app/ipython/IPython/core/inputtransformer2.py:608: UserWarning: `make_tokens_by_line` received a list of lines which do not have lineending markers ('\n', '\r', '\r\n', '\x0b', '\x0c'), behavior will be unspecified
  tokens_by_line = make_tokens_by_line(lines)
/app/ipython/IPython/core/inputtransformer2.py:608: UserWarning: `make_tokens_by_line` received a list of lines which do not have lineending markers ('\n', '\r', '\r\n', '\x0b', '\x0c'), behavior will be unspecified
  tokens_by_line = make_tokens_by_line(lines)
/app/ipython/IPython/core/inputtransformer2.py:714: UserWarning: `make_tokens_by_line` received a list of lines which do not have lineending markers ('\n', '\r', '\r\n', '\x0b', '\x0c'), behavior will be unspecified
  tokens_by_line = make_tokens_by_line(lines)
/app/ipython/IPython/core/inputtransformer2.py:608: UserWarning: `make_tokens_by_line` received a list of lines which do not have lineending markers ('\n', '\r', '\r\n', '\x0b', '\x0c'), behavior will be unspecified
  tokens_by_line = make_tokens_by_line(lines)
/app/ipython/IPython/core/inputtransformer2.py:714: UserWarning: `make_tokens_by_line` received a list of lines which do not have lineending markers ('\n', '\r', '\r\n', '\x0b', '\x0c'), behavior will be unspecified
  tokens_by_line = make_tokens_by_line(lines)
#12544	REDUCE cov: 282 ft: 936 corp: 138/848b lim: 17 exec/s: 2508 rss: 87Mb L: 6/17 MS: 1 EraseBytes-
/app/ipython/IPython/core/inputtransformer2.py:608: UserWarning: `make_tokens_by_line` received a list of lines which do not have lineending markers ('\n', '\r', '\r\n', '\x0b', '\x0c'), behavior will be unspecified
  tokens_by_line = make_tokens_by_line(lines)
#12580	REDUCE cov: 282 ft: 936 corp: 138/841b lim: 17 exec/s: 2516 rss: 87Mb L: 7/17 MS: 1 CrossOver-
/app/ipython/IPython/core/inputtransformer2.py:608: UserWarning: `make_tokens_by_line` received a list of lines which do not have lineending markers ('\n', '\r', '\r\n', '\x0b', '\x0c'), behavior will be unspecified
  tokens_by_line = make_tokens_by_line(lines)
/app/ipython/IPython/core/inputtransformer2.py:714: UserWarning: `make_tokens_by_line` received a list of lines which do not have lineending markers ('\n', '\r', '\r\n', '\x0b', '\x0c'), behavior will be unspecified
  tokens_by_line = make_tokens_by_line(lines)
/app/ipython/IPython/core/inputtransformer2.py:608: UserWarning: `make_tokens_by_line` received a list of lines which do not have lineending markers ('\n', '\r', '\r\n', '\x0b', '\x0c'), behavior will be unspecified
  tokens_by_line = make_tokens_by_line(lines)
/app/ipython/IPython/core/inputtransformer2.py:714: UserWarning: `make_tokens_by_line` received a list of lines which do not have lineending markers ('\n', '\r', '\r\n', '\x0b', '\x0c'), behavior will be unspecified
  tokens_by_line = make_tokens_by_line(lines)
/app/ipython/IPython/core/inputtransformer2.py:608: UserWarning: `make_tokens_by_line` received a list of lines which do not have lineending markers ('\n', '\r', '\r\n', '\x0b', '\x0c'), behavior will be unspecified
  tokens_by_line = make_tokens_by_line(lines)
/app/ipython/IPython/core/inputtransformer2.py:714: UserWarning: `make_tokens_by_line` received a list of lines which do not have lineending markers ('\n', '\r', '\r\n', '\x0b', '\x0c'), behavior will be unspecified
  tokens_by_line = make_tokens_by_line(lines)
/app/ipython/IPython/core/inputtransformer2.py:608: UserWarning: `make_tokens_by_line` received a list of lines which do not have lineending markers ('\n', '\r', '\r\n', '\x0b', '\x0c'), behavior will be unspecified
  tokens_by_line = make_tokens_by_line(lines)
/app/ipython/IPython/core/inputtransformer2.py:714: UserWarning: `make_tokens_by_line` received a list of lines which do not have lineending markers ('\n', '\r', '\r\n', '\x0b', '\x0c'), behavior will be unspecified
  tokens_by_line = make_tokens_by_line(lines)
/app/ipython/IPython/core/inputtransformer2.py:608: UserWarning: `make_tokens_by_line` received a list of lines which do not have lineending markers ('\n', '\r', '\r\n', '\x0b', '\x0c'), behavior will be unspecified
  tokens_by_line = make_tokens_by_line(lines)
/app/ipython/IPython/core/inputtransformer2.py:714: UserWarning: `make_tokens_by_line` received a list of lines which do not have lineending markers ('\n', '\r', '\r\n', '\x0b', '\x0c'), behavior will be unspecified
  tokens_by_line = make_tokens_by_line(lines)
/app/ipython/IPython/core/inputtransformer2.py:608: UserWarning: `make_tokens_by_line` received a list of lines which do not have lineending markers ('\n', '\r', '\r\n', '\x0b', '\x0c'), behavior will be unspecified
  tokens_by_line = make_tokens_by_line(lines)
/app/ipython/IPython/core/inputtransformer2.py:714: UserWarning: `make_tokens_by_line` received a list of lines which do not have lineending markers ('\n', '\r', '\r\n', '\x0b', '\x0c'), behavior will be unspecified
  tokens_by_line = make_tokens_by_line(lines)
/app/ipython/IPython/core/inputtransformer2.py:608: UserWarning: `make_tokens_by_line` received a list of lines which do not have lineending markers ('\n', '\r', '\r\n', '\x0b', '\x0c'), behavior will be unspecified
  tokens_by_line = make_tokens_by_line(lines)
/app/ipython/IPython/core/inputtransformer2.py:714: UserWarning: `make_tokens_by_line` received a list of lines which do not have lineending markers ('\n', '\r', '\r\n', '\x0b', '\x0c'), behavior will be unspecified
  tokens_by_line = make_tokens_by_line(lines)
/app/ipython/IPython/core/inputtransformer2.py:608: UserWarning: `make_tokens_by_line` received a list of lines which do not have lineending markers ('\n', '\r', '\r\n', '\x0b', '\x0c'), behavior will be unspecified
  tokens_by_line = make_tokens_by_line(lines)
/app/ipython/IPython/core/inputtransformer2.py:608: UserWarning: `make_tokens_by_line` received a list of lines which do not have lineending markers ('\n', '\r', '\r\n', '\x0b', '\x0c'), behavior will be unspecified
  tokens_by_line = make_tokens_by_line(lines)
/app/ipython/IPython/core/inputtransformer2.py:608: UserWarning: `make_tokens_by_line` received a list of lines which do not have lineending markers ('\n', '\r', '\r\n', '\x0b', '\x0c'), behavior will be unspecified
  tokens_by_line = make_tokens_by_line(lines)
/app/ipython/IPython/core/inputtransformer2.py:714: UserWarning: `make_tokens_by_line` received a list of lines which do not have lineending markers ('\n', '\r', '\r\n', '\x0b', '\x0c'), behavior will be unspecified
  tokens_by_line = make_tokens_by_line(lines)
/app/ipython/IPython/core/inputtransformer2.py:608: UserWarning: `make_tokens_by_line` received a list of lines which do not have lineending markers ('\n', '\r', '\r\n', '\x0b', '\x0c'), behavior will be unspecified
  tokens_by_line = make_tokens_by_line(lines)
/app/ipython/IPython/core/inputtransformer2.py:714: UserWarning: `make_tokens_by_line` received a list of lines which do not have lineending markers ('\n', '\r', '\r\n', '\x0b', '\x0c'), behavior will be unspecified
  tokens_by_line = make_tokens_by_line(lines)
/app/ipython/IPython/core/inputtransformer2.py:608: UserWarning: `make_tokens_by_line` received a list of lines which do not have lineending markers ('\n', '\r', '\r\n', '\x0b', '\x0c'), behavior will be unspecified
  tokens_by_line = make_tokens_by_line(lines)
/app/ipython/IPython/core/inputtransformer2.py:714: UserWarning: `make_tokens_by_line` received a list of lines which do not have lineending markers ('\n', '\r', '\r\n', '\x0b', '\x0c'), behavior will be unspecified
  tokens_by_line = make_tokens_by_line(lines)
/app/ipython/IPython/core/inputtransformer2.py:608: UserWarning: `make_tokens_by_line` received a list of lines which do not have lineending markers ('\n', '\r', '\r\n', '\x0b', '\x0c'), behavior will be unspecified
  tokens_by_line = make_tokens_by_line(lines)
/app/ipython/IPython/core/inputtransformer2.py:714: UserWarning: `make_tokens_by_line` received a list of lines which do not have lineending markers ('\n', '\r', '\r\n', '\x0b', '\x0c'), behavior will be unspecified
  tokens_by_line = make_tokens_by_line(lines)
/app/ipython/IPython/core/inputtransformer2.py:608: UserWarning: `make_tokens_by_line` received a list of lines which do not have lineending markers ('\n', '\r', '\r\n', '\x0b', '\x0c'), behavior will be unspecified
  tokens_by_line = make_tokens_by_line(lines)
/app/ipython/IPython/core/inputtransformer2.py:714: UserWarning: `make_tokens_by_line` received a list of lines which do not have lineending markers ('\n', '\r', '\r\n', '\x0b', '\x0c'), behavior will be unspecified
  tokens_by_line = make_tokens_by_line(lines)
/app/ipython/IPython/core/inputtransformer2.py:608: UserWarning: `make_tokens_by_line` received a list of lines which do not have lineending markers ('\n', '\r', '\r\n', '\x0b', '\x0c'), behavior will be unspecified
  tokens_by_line = make_tokens_by_line(lines)
/app/ipython/IPython/core/inputtransformer2.py:714: UserWarning: `make_tokens_by_line` received a list of lines which do not have lineending markers ('\n', '\r', '\r\n', '\x0b', '\x0c'), behavior will be unspecified
  tokens_by_line = make_tokens_by_line(lines)
/app/ipython/IPython/core/inputtransformer2.py:608: UserWarning: `make_tokens_by_line` received a list of lines which do not have lineending markers ('\n', '\r', '\r\n', '\x0b', '\x0c'), behavior will be unspecified
  tokens_by_line = make_tokens_by_line(lines)
/app/ipython/IPython/core/inputtransformer2.py:608: UserWarning: `make_tokens_by_line` received a list of lines which do not have lineending markers ('\n', '\r', '\r\n', '\x0b', '\x0c'), behavior will be unspecified
  tokens_by_line = make_tokens_by_line(lines)
/app/ipython/IPython/core/inputtransformer2.py:714: UserWarning: `make_tokens_by_line` received a list of lines which do not have lineending markers ('\n', '\r', '\r\n', '\x0b', '\x0c'), behavior will be unspecified
  tokens_by_line = make_tokens_by_line(lines)
/app/ipython/IPython/core/inputtransformer2.py:608: UserWarning: `make_tokens_by_line` received a list of lines which do not have lineending markers ('\n', '\r', '\r\n', '\x0b', '\x0c'), behavior will be unspecified
  tokens_by_line = make_tokens_by_line(lines)
/app/ipython/IPython/core/inputtransformer2.py:714: UserWarning: `make_tokens_by_line` received a list of lines which do not have lineending markers ('\n', '\r', '\r\n', '\x0b', '\x0c'), behavior will be unspecified
  tokens_by_line = make_tokens_by_line(lines)
/app/ipython/IPython/core/inputtransformer2.py:608: UserWarning: `make_tokens_by_line` received a list of lines which do not have lineending markers ('\n', '\r', '\r\n', '\x0b', '\x0c'), behavior will be unspecified
  tokens_by_line = make_tokens_by_line(lines)
/app/ipython/IPython/core/inputtransformer2.py:714: UserWarning: `make_tokens_by_line` received a list of lines which do not have lineending markers ('\n', '\r', '\r\n', '\x0b', '\x0c'), behavior will be unspecified
  tokens_by_line = make_tokens_by_line(lines)
/app/ipython/IPython/core/inputtransformer2.py:608: UserWarning: `make_tokens_by_line` received a list of lines which do not have lineending markers ('\n', '\r', '\r\n', '\x0b', '\x0c'), behavior will be unspecified
  tokens_by_line = make_tokens_by_line(lines)
/app/ipython/IPython/core/inputtransformer2.py:714: UserWarning: `make_tokens_by_line` received a list of lines which do not have lineending markers ('\n', '\r', '\r\n', '\x0b', '\x0c'), behavior will be unspecified
  tokens_by_line = make_tokens_by_line(lines)
#12786	REDUCE cov: 282 ft: 936 corp: 138/840b lim: 17 exec/s: 2557 rss: 87Mb L: 7/17 MS: 1 EraseBytes-
/app/ipython/IPython/core/inputtransformer2.py:608: UserWarning: `make_tokens_by_line` received a list of lines which do not have lineending markers ('\n', '\r', '\r\n', '\x0b', '\x0c'), behavior will be unspecified
  tokens_by_line = make_tokens_by_line(lines)
/app/ipython/IPython/core/inputtransformer2.py:714: UserWarning: `make_tokens_by_line` received a list of lines which do not have lineending markers ('\n', '\r', '\r\n', '\x0b', '\x0c'), behavior will be unspecified
  tokens_by_line = make_tokens_by_line(lines)
/app/ipython/IPython/core/inputtransformer2.py:608: UserWarning: `make_tokens_by_line` received a list of lines which do not have lineending markers ('\n', '\r', '\r\n', '\x0b', '\x0c'), behavior will be unspecified
  tokens_by_line = make_tokens_by_line(lines)
/app/ipython/IPython/core/inputtransformer2.py:714: UserWarning: `make_tokens_by_line` received a list of lines which do not have lineending markers ('\n', '\r', '\r\n', '\x0b', '\x0c'), behavior will be unspecified
  tokens_by_line = make_tokens_by_line(lines)
#12855	NEW    cov: 282 ft: 937 corp: 139/856b lim: 17 exec/s: 2571 rss: 87Mb L: 16/17 MS: 4 ChangeBinInt-PersAutoDict-ChangeByte-ShuffleBytes- DE: "\001\000\000\000\000\000\000<"-
#12861	REDUCE cov: 282 ft: 937 corp: 139/855b lim: 17 exec/s: 2572 rss: 87Mb L: 9/17 MS: 1 EraseBytes-
#12918	NEW    cov: 282 ft: 938 corp: 140/868b lim: 17 exec/s: 2583 rss: 87Mb L: 13/17 MS: 2 ShuffleBytes-CopyPart-
/app/ipython/IPython/core/inputtransformer2.py:608: UserWarning: `make_tokens_by_line` received a list of lines which do not have lineending markers ('\n', '\r', '\r\n', '\x0b', '\x0c'), behavior will be unspecified
  tokens_by_line = make_tokens_by_line(lines)
/app/ipython/IPython/core/inputtransformer2.py:714: UserWarning: `make_tokens_by_line` received a list of lines which do not have lineending markers ('\n', '\r', '\r\n', '\x0b', '\x0c'), behavior will be unspecified
  tokens_by_line = make_tokens_by_line(lines)
/app/ipython/IPython/core/inputtransformer2.py:608: UserWarning: `make_tokens_by_line` received a list of lines which do not have lineending markers ('\n', '\r', '\r\n', '\x0b', '\x0c'), behavior will be unspecified
  tokens_by_line = make_tokens_by_line(lines)
/app/ipython/IPython/core/inputtransformer2.py:714: UserWarning: `make_tokens_by_line` received a list of lines which do not have lineending markers ('\n', '\r', '\r\n', '\x0b', '\x0c'), behavior will be unspecified
  tokens_by_line = make_tokens_by_line(lines)
/app/ipython/IPython/core/inputtransformer2.py:608: UserWarning: `make_tokens_by_line` received a list of lines which do not have lineending markers ('\n', '\r', '\r\n', '\x0b', '\x0c'), behavior will be unspecified
  tokens_by_line = make_tokens_by_line(lines)
/app/ipython/IPython/core/inputtransformer2.py:714: UserWarning: `make_tokens_by_line` received a list of lines which do not have lineending markers ('\n', '\r', '\r\n', '\x0b', '\x0c'), behavior will be unspecified
  tokens_by_line = make_tokens_by_line(lines)
/app/ipython/IPython/core/inputtransformer2.py:608: UserWarning: `make_tokens_by_line` received a list of lines which do not have lineending markers ('\n', '\r', '\r\n', '\x0b', '\x0c'), behavior will be unspecified
  tokens_by_line = make_tokens_by_line(lines)
/app/ipython/IPython/core/inputtransformer2.py:714: UserWarning: `make_tokens_by_line` received a list of lines which do not have lineending markers ('\n', '\r', '\r\n', '\x0b', '\x0c'), behavior will be unspecified
  tokens_by_line = make_tokens_by_line(lines)
/app/ipython/IPython/core/inputtransformer2.py:608: UserWarning: `make_tokens_by_line` received a list of lines which do not have lineending markers ('\n', '\r', '\r\n', '\x0b', '\x0c'), behavior will be unspecified
  tokens_by_line = make_tokens_by_line(lines)
/app/ipython/IPython/core/inputtransformer2.py:714: UserWarning: `make_tokens_by_line` received a list of lines which do not have lineending markers ('\n', '\r', '\r\n', '\x0b', '\x0c'), behavior will be unspecified
  tokens_by_line = make_tokens_by_line(lines)
/app/ipython/IPython/core/inputtransformer2.py:608: UserWarning: `make_tokens_by_line` received a list of lines which do not have lineending markers ('\n', '\r', '\r\n', '\x0b', '\x0c'), behavior will be unspecified
  tokens_by_line = make_tokens_by_line(lines)
/app/ipython/IPython/core/inputtransformer2.py:608: UserWarning: `make_tokens_by_line` received a list of lines which do not have lineending markers ('\n', '\r', '\r\n', '\x0b', '\x0c'), behavior will be unspecified
  tokens_by_line = make_tokens_by_line(lines)
/app/ipython/IPython/core/inputtransformer2.py:714: UserWarning: `make_tokens_by_line` received a list of lines which do not have lineending markers ('\n', '\r', '\r\n', '\x0b', '\x0c'), behavior will be unspecified
  tokens_by_line = make_tokens_by_line(lines)
/app/ipython/IPython/core/inputtransformer2.py:608: UserWarning: `make_tokens_by_line` received a list of lines which do not have lineending markers ('\n', '\r', '\r\n', '\x0b', '\x0c'), behavior will be unspecified
  tokens_by_line = make_tokens_by_line(lines)
/app/ipython/IPython/core/inputtransformer2.py:714: UserWarning: `make_tokens_by_line` received a list of lines which do not have lineending markers ('\n', '\r', '\r\n', '\x0b', '\x0c'), behavior will be unspecified
  tokens_by_line = make_tokens_by_line(lines)
#13054	NEW    cov: 282 ft: 943 corp: 141/884b lim: 17 exec/s: 2610 rss: 87Mb L: 16/17 MS: 1 CrossOver-
#13091	NEW    cov: 283 ft: 944 corp: 142/893b lim: 17 exec/s: 2618 rss: 87Mb L: 9/17 MS: 2 InsertByte-InsertRepeatedBytes-
/app/ipython/IPython/core/inputtransformer2.py:608: UserWarning: `make_tokens_by_line` received a list of lines which do not have lineending markers ('\n', '\r', '\r\n', '\x0b', '\x0c'), behavior will be unspecified
  tokens_by_line = make_tokens_by_line(lines)
/app/ipython/IPython/core/inputtransformer2.py:714: UserWarning: `make_tokens_by_line` received a list of lines which do not have lineending markers ('\n', '\r', '\r\n', '\x0b', '\x0c'), behavior will be unspecified
  tokens_by_line = make_tokens_by_line(lines)
/app/ipython/IPython/core/inputtransformer2.py:608: UserWarning: `make_tokens_by_line` received a list of lines which do not have lineending markers ('\n', '\r', '\r\n', '\x0b', '\x0c'), behavior will be unspecified
  tokens_by_line = make_tokens_by_line(lines)
/app/ipython/IPython/core/inputtransformer2.py:714: UserWarning: `make_tokens_by_line` received a list of lines which do not have lineending markers ('\n', '\r', '\r\n', '\x0b', '\x0c'), behavior will be unspecified
  tokens_by_line = make_tokens_by_line(lines)
/app/ipython/IPython/core/inputtransformer2.py:608: UserWarning: `make_tokens_by_line` received a list of lines which do not have lineending markers ('\n', '\r', '\r\n', '\x0b', '\x0c'), behavior will be unspecified
  tokens_by_line = make_tokens_by_line(lines)
/app/ipython/IPython/core/inputtransformer2.py:714: UserWarning: `make_tokens_by_line` received a list of lines which do not have lineending markers ('\n', '\r', '\r\n', '\x0b', '\x0c'), behavior will be unspecified
  tokens_by_line = make_tokens_by_line(lines)
/app/ipython/IPython/core/inputtransformer2.py:608: UserWarning: `make_tokens_by_line` received a list of lines which do not have lineending markers ('\n', '\r', '\r\n', '\x0b', '\x0c'), behavior will be unspecified
  tokens_by_line = make_tokens_by_line(lines)
/app/ipython/IPython/core/inputtransformer2.py:714: UserWarning: `make_tokens_by_line` received a list of lines which do not have lineending markers ('\n', '\r', '\r\n', '\x0b', '\x0c'), behavior will be unspecified
  tokens_by_line = make_tokens_by_line(lines)
/app/ipython/IPython/core/inputtransformer2.py:608: UserWarning: `make_tokens_by_line` received a list of lines which do not have lineending markers ('\n', '\r', '\r\n', '\x0b', '\x0c'), behavior will be unspecified
  tokens_by_line = make_tokens_by_line(lines)
/app/ipython/IPython/core/inputtransformer2.py:714: UserWarning: `make_tokens_by_line` received a list of lines which do not have lineending markers ('\n', '\r', '\r\n', '\x0b', '\x0c'), behavior will be unspecified
  tokens_by_line = make_tokens_by_line(lines)
#13192	REDUCE cov: 283 ft: 944 corp: 142/891b lim: 17 exec/s: 2638 rss: 87Mb L: 7/17 MS: 1 EraseBytes-
#13209	NEW    cov: 283 ft: 946 corp: 143/905b lim: 17 exec/s: 2641 rss: 87Mb L: 14/17 MS: 2 CopyPart-ChangeByte-
/app/ipython/IPython/core/inputtransformer2.py:608: UserWarning: `make_tokens_by_line` received a list of lines which do not have lineending markers ('\n', '\r', '\r\n', '\x0b', '\x0c'), behavior will be unspecified
  tokens_by_line = make_tokens_by_line(lines)
/app/ipython/IPython/core/inputtransformer2.py:714: UserWarning: `make_tokens_by_line` received a list of lines which do not have lineending markers ('\n', '\r', '\r\n', '\x0b', '\x0c'), behavior will be unspecified
  tokens_by_line = make_tokens_by_line(lines)
/app/ipython/IPython/core/inputtransformer2.py:608: UserWarning: `make_tokens_by_line` received a list of lines which do not have lineending markers ('\n', '\r', '\r\n', '\x0b', '\x0c'), behavior will be unspecified
  tokens_by_line = make_tokens_by_line(lines)
/app/ipython/IPython/core/inputtransformer2.py:608: UserWarning: `make_tokens_by_line` received a list of lines which do not have lineending markers ('\n', '\r', '\r\n', '\x0b', '\x0c'), behavior will be unspecified
  tokens_by_line = make_tokens_by_line(lines)
/app/ipython/IPython/core/inputtransformer2.py:608: UserWarning: `make_tokens_by_line` received a list of lines which do not have lineending markers ('\n', '\r', '\r\n', '\x0b', '\x0c'), behavior will be unspecified
  tokens_by_line = make_tokens_by_line(lines)
/app/ipython/IPython/core/inputtransformer2.py:608: UserWarning: `make_tokens_by_line` received a list of lines which do not have lineending markers ('\n', '\r', '\r\n', '\x0b', '\x0c'), behavior will be unspecified
  tokens_by_line = make_tokens_by_line(lines)
/app/ipython/IPython/core/inputtransformer2.py:608: UserWarning: `make_tokens_by_line` received a list of lines which do not have lineending markers ('\n', '\r', '\r\n', '\x0b', '\x0c'), behavior will be unspecified
  tokens_by_line = make_tokens_by_line(lines)
/app/ipython/IPython/core/inputtransformer2.py:608: UserWarning: `make_tokens_by_line` received a list of lines which do not have lineending markers ('\n', '\r', '\r\n', '\x0b', '\x0c'), behavior will be unspecified
  tokens_by_line = make_tokens_by_line(lines)
/app/ipython/IPython/core/inputtransformer2.py:608: UserWarning: `make_tokens_by_line` received a list of lines which do not have lineending markers ('\n', '\r', '\r\n', '\x0b', '\x0c'), behavior will be unspecified
  tokens_by_line = make_tokens_by_line(lines)
/app/ipython/IPython/core/inputtransformer2.py:714: UserWarning: `make_tokens_by_line` received a list of lines which do not have lineending markers ('\n', '\r', '\r\n', '\x0b', '\x0c'), behavior will be unspecified
  tokens_by_line = make_tokens_by_line(lines)
/app/ipython/IPython/core/inputtransformer2.py:608: UserWarning: `make_tokens_by_line` received a list of lines which do not have lineending markers ('\n', '\r', '\r\n', '\x0b', '\x0c'), behavior will be unspecified
  tokens_by_line = make_tokens_by_line(lines)
/app/ipython/IPython/core/inputtransformer2.py:714: UserWarning: `make_tokens_by_line` received a list of lines which do not have lineending markers ('\n', '\r', '\r\n', '\x0b', '\x0c'), behavior will be unspecified
  tokens_by_line = make_tokens_by_line(lines)
/app/ipython/IPython/core/inputtransformer2.py:608: UserWarning: `make_tokens_by_line` received a list of lines which do not have lineending markers ('\n', '\r', '\r\n', '\x0b', '\x0c'), behavior will be unspecified
  tokens_by_line = make_tokens_by_line(lines)
/app/ipython/IPython/core/inputtransformer2.py:714: UserWarning: `make_tokens_by_line` received a list of lines which do not have lineending markers ('\n', '\r', '\r\n', '\x0b', '\x0c'), behavior will be unspecified
  tokens_by_line = make_tokens_by_line(lines)
/app/ipython/IPython/core/inputtransformer2.py:608: UserWarning: `make_tokens_by_line` received a list of lines which do not have lineending markers ('\n', '\r', '\r\n', '\x0b', '\x0c'), behavior will be unspecified
  tokens_by_line = make_tokens_by_line(lines)
/app/ipython/IPython/core/inputtransformer2.py:714: UserWarning: `make_tokens_by_line` received a list of lines which do not have lineending markers ('\n', '\r', '\r\n', '\x0b', '\x0c'), behavior will be unspecified
  tokens_by_line = make_tokens_by_line(lines)
/app/ipython/IPython/core/inputtransformer2.py:608: UserWarning: `make_tokens_by_line` received a list of lines which do not have lineending markers ('\n', '\r', '\r\n', '\x0b', '\x0c'), behavior will be unspecified
  tokens_by_line = make_tokens_by_line(lines)
/app/ipython/IPython/core/inputtransformer2.py:714: UserWarning: `make_tokens_by_line` received a list of lines which do not have lineending markers ('\n', '\r', '\r\n', '\x0b', '\x0c'), behavior will be unspecified
  tokens_by_line = make_tokens_by_line(lines)
/app/ipython/IPython/core/inputtransformer2.py:608: UserWarning: `make_tokens_by_line` received a list of lines which do not have lineending markers ('\n', '\r', '\r\n', '\x0b', '\x0c'), behavior will be unspecified
  tokens_by_line = make_tokens_by_line(lines)
/app/ipython/IPython/core/inputtransformer2.py:714: UserWarning: `make_tokens_by_line` received a list of lines which do not have lineending markers ('\n', '\r', '\r\n', '\x0b', '\x0c'), behavior will be unspecified
  tokens_by_line = make_tokens_by_line(lines)
#13402	REDUCE cov: 283 ft: 946 corp: 143/903b lim: 17 exec/s: 2680 rss: 87Mb L: 11/17 MS: 3 ShuffleBytes-ShuffleBytes-EraseBytes-
/app/ipython/IPython/core/inputtransformer2.py:608: UserWarning: `make_tokens_by_line` received a list of lines which do not have lineending markers ('\n', '\r', '\r\n', '\x0b', '\x0c'), behavior will be unspecified
  tokens_by_line = make_tokens_by_line(lines)
/app/ipython/IPython/core/inputtransformer2.py:714: UserWarning: `make_tokens_by_line` received a list of lines which do not have lineending markers ('\n', '\r', '\r\n', '\x0b', '\x0c'), behavior will be unspecified
  tokens_by_line = make_tokens_by_line(lines)
/app/ipython/IPython/core/inputtransformer2.py:608: UserWarning: `make_tokens_by_line` received a list of lines which do not have lineending markers ('\n', '\r', '\r\n', '\x0b', '\x0c'), behavior will be unspecified
  tokens_by_line = make_tokens_by_line(lines)
/app/ipython/IPython/core/inputtransformer2.py:714: UserWarning: `make_tokens_by_line` received a list of lines which do not have lineending markers ('\n', '\r', '\r\n', '\x0b', '\x0c'), behavior will be unspecified
  tokens_by_line = make_tokens_by_line(lines)
/app/ipython/IPython/core/inputtransformer2.py:608: UserWarning: `make_tokens_by_line` received a list of lines which do not have lineending markers ('\n', '\r', '\r\n', '\x0b', '\x0c'), behavior will be unspecified
  tokens_by_line = make_tokens_by_line(lines)
/app/ipython/IPython/core/inputtransformer2.py:714: UserWarning: `make_tokens_by_line` received a list of lines which do not have lineending markers ('\n', '\r', '\r\n', '\x0b', '\x0c'), behavior will be unspecified
  tokens_by_line = make_tokens_by_line(lines)
/app/ipython/IPython/core/inputtransformer2.py:608: UserWarning: `make_tokens_by_line` received a list of lines which do not have lineending markers ('\n', '\r', '\r\n', '\x0b', '\x0c'), behavior will be unspecified
  tokens_by_line = make_tokens_by_line(lines)
/app/ipython/IPython/core/inputtransformer2.py:714: UserWarning: `make_tokens_by_line` received a list of lines which do not have lineending markers ('\n', '\r', '\r\n', '\x0b', '\x0c'), behavior will be unspecified
  tokens_by_line = make_tokens_by_line(lines)
/app/ipython/IPython/core/inputtransformer2.py:608: UserWarning: `make_tokens_by_line` received a list of lines which do not have lineending markers ('\n', '\r', '\r\n', '\x0b', '\x0c'), behavior will be unspecified
  tokens_by_line = make_tokens_by_line(lines)
/app/ipython/IPython/core/inputtransformer2.py:714: UserWarning: `make_tokens_by_line` received a list of lines which do not have lineending markers ('\n', '\r', '\r\n', '\x0b', '\x0c'), behavior will be unspecified
  tokens_by_line = make_tokens_by_line(lines)
/app/ipython/IPython/core/inputtransformer2.py:608: UserWarning: `make_tokens_by_line` received a list of lines which do not have lineending markers ('\n', '\r', '\r\n', '\x0b', '\x0c'), behavior will be unspecified
  tokens_by_line = make_tokens_by_line(lines)
/app/ipython/IPython/core/inputtransformer2.py:714: UserWarning: `make_tokens_by_line` received a list of lines which do not have lineending markers ('\n', '\r', '\r\n', '\x0b', '\x0c'), behavior will be unspecified
  tokens_by_line = make_tokens_by_line(lines)
/app/ipython/IPython/core/inputtransformer2.py:608: UserWarning: `make_tokens_by_line` received a list of lines which do not have lineending markers ('\n', '\r', '\r\n', '\x0b', '\x0c'), behavior will be unspecified
  tokens_by_line = make_tokens_by_line(lines)
#13554	NEW    cov: 283 ft: 947 corp: 144/920b lim: 17 exec/s: 2710 rss: 87Mb L: 17/17 MS: 2 CMP-CrossOver- DE: "\000\000"-
#13596	NEW    cov: 283 ft: 948 corp: 145/928b lim: 17 exec/s: 2719 rss: 87Mb L: 8/17 MS: 2 CrossOver-EraseBytes-
/app/ipython/IPython/core/inputtransformer2.py:608: UserWarning: `make_tokens_by_line` received a list of lines which do not have lineending markers ('\n', '\r', '\r\n', '\x0b', '\x0c'), behavior will be unspecified
  tokens_by_line = make_tokens_by_line(lines)
/app/ipython/IPython/core/inputtransformer2.py:714: UserWarning: `make_tokens_by_line` received a list of lines which do not have lineending markers ('\n', '\r', '\r\n', '\x0b', '\x0c'), behavior will be unspecified
  tokens_by_line = make_tokens_by_line(lines)
#13657	REDUCE cov: 283 ft: 948 corp: 145/927b lim: 17 exec/s: 2276 rss: 87Mb L: 7/17 MS: 1 EraseBytes-
/app/ipython/IPython/core/inputtransformer2.py:608: UserWarning: `make_tokens_by_line` received a list of lines which do not have lineending markers ('\n', '\r', '\r\n', '\x0b', '\x0c'), behavior will be unspecified
  tokens_by_line = make_tokens_by_line(lines)
/app/ipython/IPython/core/inputtransformer2.py:714: UserWarning: `make_tokens_by_line` received a list of lines which do not have lineending markers ('\n', '\r', '\r\n', '\x0b', '\x0c'), behavior will be unspecified
  tokens_by_line = make_tokens_by_line(lines)
/app/ipython/IPython/core/inputtransformer2.py:608: UserWarning: `make_tokens_by_line` received a list of lines which do not have lineending markers ('\n', '\r', '\r\n', '\x0b', '\x0c'), behavior will be unspecified
  tokens_by_line = make_tokens_by_line(lines)
/app/ipython/IPython/core/inputtransformer2.py:714: UserWarning: `make_tokens_by_line` received a list of lines which do not have lineending markers ('\n', '\r', '\r\n', '\x0b', '\x0c'), behavior will be unspecified
  tokens_by_line = make_tokens_by_line(lines)
/app/ipython/IPython/core/inputtransformer2.py:608: UserWarning: `make_tokens_by_line` received a list of lines which do not have lineending markers ('\n', '\r', '\r\n', '\x0b', '\x0c'), behavior will be unspecified
  tokens_by_line = make_tokens_by_line(lines)
/app/ipython/IPython/core/inputtransformer2.py:714: UserWarning: `make_tokens_by_line` received a list of lines which do not have lineending markers ('\n', '\r', '\r\n', '\x0b', '\x0c'), behavior will be unspecified
  tokens_by_line = make_tokens_by_line(lines)
/app/ipython/IPython/core/inputtransformer2.py:608: UserWarning: `make_tokens_by_line` received a list of lines which do not have lineending markers ('\n', '\r', '\r\n', '\x0b', '\x0c'), behavior will be unspecified
  tokens_by_line = make_tokens_by_line(lines)
/app/ipython/IPython/core/inputtransformer2.py:714: UserWarning: `make_tokens_by_line` received a list of lines which do not have lineending markers ('\n', '\r', '\r\n', '\x0b', '\x0c'), behavior will be unspecified
  tokens_by_line = make_tokens_by_line(lines)
/app/ipython/IPython/core/inputtransformer2.py:608: UserWarning: `make_tokens_by_line` received a list of lines which do not have lineending markers ('\n', '\r', '\r\n', '\x0b', '\x0c'), behavior will be unspecified
  tokens_by_line = make_tokens_by_line(lines)
/app/ipython/IPython/core/inputtransformer2.py:714: UserWarning: `make_tokens_by_line` received a list of lines which do not have lineending markers ('\n', '\r', '\r\n', '\x0b', '\x0c'), behavior will be unspecified
  tokens_by_line = make_tokens_by_line(lines)
#13674	REDUCE cov: 283 ft: 948 corp: 145/926b lim: 17 exec/s: 2279 rss: 87Mb L: 11/17 MS: 2 EraseBytes-InsertByte-
/app/ipython/IPython/core/inputtransformer2.py:608: UserWarning: `make_tokens_by_line` received a list of lines which do not have lineending markers ('\n', '\r', '\r\n', '\x0b', '\x0c'), behavior will be unspecified
  tokens_by_line = make_tokens_by_line(lines)
/app/ipython/IPython/core/inputtransformer2.py:714: UserWarning: `make_tokens_by_line` received a list of lines which do not have lineending markers ('\n', '\r', '\r\n', '\x0b', '\x0c'), behavior will be unspecified
  tokens_by_line = make_tokens_by_line(lines)
#13711	REDUCE cov: 283 ft: 948 corp: 145/925b lim: 17 exec/s: 2285 rss: 87Mb L: 9/17 MS: 2 ShuffleBytes-EraseBytes-
/app/ipython/IPython/core/inputtransformer2.py:608: UserWarning: `make_tokens_by_line` received a list of lines which do not have lineending markers ('\n', '\r', '\r\n', '\x0b', '\x0c'), behavior will be unspecified
  tokens_by_line = make_tokens_by_line(lines)
/app/ipython/IPython/core/inputtransformer2.py:714: UserWarning: `make_tokens_by_line` received a list of lines which do not have lineending markers ('\n', '\r', '\r\n', '\x0b', '\x0c'), behavior will be unspecified
  tokens_by_line = make_tokens_by_line(lines)
/app/ipython/IPython/core/inputtransformer2.py:608: UserWarning: `make_tokens_by_line` received a list of lines which do not have lineending markers ('\n', '\r', '\r\n', '\x0b', '\x0c'), behavior will be unspecified
  tokens_by_line = make_tokens_by_line(lines)
/app/ipython/IPython/core/inputtransformer2.py:714: UserWarning: `make_tokens_by_line` received a list of lines which do not have lineending markers ('\n', '\r', '\r\n', '\x0b', '\x0c'), behavior will be unspecified
  tokens_by_line = make_tokens_by_line(lines)
/app/ipython/IPython/core/inputtransformer2.py:608: UserWarning: `make_tokens_by_line` received a list of lines which do not have lineending markers ('\n', '\r', '\r\n', '\x0b', '\x0c'), behavior will be unspecified
  tokens_by_line = make_tokens_by_line(lines)
/app/ipython/IPython/core/inputtransformer2.py:714: UserWarning: `make_tokens_by_line` received a list of lines which do not have lineending markers ('\n', '\r', '\r\n', '\x0b', '\x0c'), behavior will be unspecified
  tokens_by_line = make_tokens_by_line(lines)
/app/ipython/IPython/core/inputtransformer2.py:608: UserWarning: `make_tokens_by_line` received a list of lines which do not have lineending markers ('\n', '\r', '\r\n', '\x0b', '\x0c'), behavior will be unspecified
  tokens_by_line = make_tokens_by_line(lines)
/app/ipython/IPython/core/inputtransformer2.py:714: UserWarning: `make_tokens_by_line` received a list of lines which do not have lineending markers ('\n', '\r', '\r\n', '\x0b', '\x0c'), behavior will be unspecified
  tokens_by_line = make_tokens_by_line(lines)
/app/ipython/IPython/core/inputtransformer2.py:608: UserWarning: `make_tokens_by_line` received a list of lines which do not have lineending markers ('\n', '\r', '\r\n', '\x0b', '\x0c'), behavior will be unspecified
  tokens_by_line = make_tokens_by_line(lines)
/app/ipython/IPython/core/inputtransformer2.py:714: UserWarning: `make_tokens_by_line` received a list of lines which do not have lineending markers ('\n', '\r', '\r\n', '\x0b', '\x0c'), behavior will be unspecified
  tokens_by_line = make_tokens_by_line(lines)
/app/ipython/IPython/core/inputtransformer2.py:608: UserWarning: `make_tokens_by_line` received a list of lines which do not have lineending markers ('\n', '\r', '\r\n', '\x0b', '\x0c'), behavior will be unspecified
  tokens_by_line = make_tokens_by_line(lines)
/app/ipython/IPython/core/inputtransformer2.py:714: UserWarning: `make_tokens_by_line` received a list of lines which do not have lineending markers ('\n', '\r', '\r\n', '\x0b', '\x0c'), behavior will be unspecified
  tokens_by_line = make_tokens_by_line(lines)
/app/ipython/IPython/core/inputtransformer2.py:608: UserWarning: `make_tokens_by_line` received a list of lines which do not have lineending markers ('\n', '\r', '\r\n', '\x0b', '\x0c'), behavior will be unspecified
  tokens_by_line = make_tokens_by_line(lines)
/app/ipython/IPython/core/inputtransformer2.py:714: UserWarning: `make_tokens_by_line` received a list of lines which do not have lineending markers ('\n', '\r', '\r\n', '\x0b', '\x0c'), behavior will be unspecified
  tokens_by_line = make_tokens_by_line(lines)
/app/ipython/IPython/core/inputtransformer2.py:608: UserWarning: `make_tokens_by_line` received a list of lines which do not have lineending markers ('\n', '\r', '\r\n', '\x0b', '\x0c'), behavior will be unspecified
  tokens_by_line = make_tokens_by_line(lines)
/app/ipython/IPython/core/inputtransformer2.py:714: UserWarning: `make_tokens_by_line` received a list of lines which do not have lineending markers ('\n', '\r', '\r\n', '\x0b', '\x0c'), behavior will be unspecified
  tokens_by_line = make_tokens_by_line(lines)
/app/ipython/IPython/core/inputtransformer2.py:608: UserWarning: `make_tokens_by_line` received a list of lines which do not have lineending markers ('\n', '\r', '\r\n', '\x0b', '\x0c'), behavior will be unspecified
  tokens_by_line = make_tokens_by_line(lines)
/app/ipython/IPython/core/inputtransformer2.py:714: UserWarning: `make_tokens_by_line` received a list of lines which do not have lineending markers ('\n', '\r', '\r\n', '\x0b', '\x0c'), behavior will be unspecified
  tokens_by_line = make_tokens_by_line(lines)
/app/ipython/IPython/core/inputtransformer2.py:608: UserWarning: `make_tokens_by_line` received a list of lines which do not have lineending markers ('\n', '\r', '\r\n', '\x0b', '\x0c'), behavior will be unspecified
  tokens_by_line = make_tokens_by_line(lines)
/app/ipython/IPython/core/inputtransformer2.py:714: UserWarning: `make_tokens_by_line` received a list of lines which do not have lineending markers ('\n', '\r', '\r\n', '\x0b', '\x0c'), behavior will be unspecified
  tokens_by_line = make_tokens_by_line(lines)
/app/ipython/IPython/core/inputtransformer2.py:608: UserWarning: `make_tokens_by_line` received a list of lines which do not have lineending markers ('\n', '\r', '\r\n', '\x0b', '\x0c'), behavior will be unspecified
  tokens_by_line = make_tokens_by_line(lines)
/app/ipython/IPython/core/inputtransformer2.py:714: UserWarning: `make_tokens_by_line` received a list of lines which do not have lineending markers ('\n', '\r', '\r\n', '\x0b', '\x0c'), behavior will be unspecified
  tokens_by_line = make_tokens_by_line(lines)
/app/ipython/IPython/core/inputtransformer2.py:608: UserWarning: `make_tokens_by_line` received a list of lines which do not have lineending markers ('\n', '\r', '\r\n', '\x0b', '\x0c'), behavior will be unspecified
  tokens_by_line = make_tokens_by_line(lines)
/app/ipython/IPython/core/inputtransformer2.py:714: UserWarning: `make_tokens_by_line` received a list of lines which do not have lineending markers ('\n', '\r', '\r\n', '\x0b', '\x0c'), behavior will be unspecified
  tokens_by_line = make_tokens_by_line(lines)
/app/ipython/IPython/core/inputtransformer2.py:608: UserWarning: `make_tokens_by_line` received a list of lines which do not have lineending markers ('\n', '\r', '\r\n', '\x0b', '\x0c'), behavior will be unspecified
  tokens_by_line = make_tokens_by_line(lines)
/app/ipython/IPython/core/inputtransformer2.py:714: UserWarning: `make_tokens_by_line` received a list of lines which do not have lineending markers ('\n', '\r', '\r\n', '\x0b', '\x0c'), behavior will be unspecified
  tokens_by_line = make_tokens_by_line(lines)
/app/ipython/IPython/core/inputtransformer2.py:608: UserWarning: `make_tokens_by_line` received a list of lines which do not have lineending markers ('\n', '\r', '\r\n', '\x0b', '\x0c'), behavior will be unspecified
  tokens_by_line = make_tokens_by_line(lines)
/app/ipython/IPython/core/inputtransformer2.py:608: UserWarning: `make_tokens_by_line` received a list of lines which do not have lineending markers ('\n', '\r', '\r\n', '\x0b', '\x0c'), behavior will be unspecified
  tokens_by_line = make_tokens_by_line(lines)
/app/ipython/IPython/core/inputtransformer2.py:714: UserWarning: `make_tokens_by_line` received a list of lines which do not have lineending markers ('\n', '\r', '\r\n', '\x0b', '\x0c'), behavior will be unspecified
  tokens_by_line = make_tokens_by_line(lines)
/app/ipython/IPython/core/inputtransformer2.py:608: UserWarning: `make_tokens_by_line` received a list of lines which do not have lineending markers ('\n', '\r', '\r\n', '\x0b', '\x0c'), behavior will be unspecified
  tokens_by_line = make_tokens_by_line(lines)
/app/ipython/IPython/core/inputtransformer2.py:714: UserWarning: `make_tokens_by_line` received a list of lines which do not have lineending markers ('\n', '\r', '\r\n', '\x0b', '\x0c'), behavior will be unspecified
  tokens_by_line = make_tokens_by_line(lines)
/app/ipython/IPython/core/inputtransformer2.py:608: UserWarning: `make_tokens_by_line` received a list of lines which do not have lineending markers ('\n', '\r', '\r\n', '\x0b', '\x0c'), behavior will be unspecified
  tokens_by_line = make_tokens_by_line(lines)
/app/ipython/IPython/core/inputtransformer2.py:714: UserWarning: `make_tokens_by_line` received a list of lines which do not have lineending markers ('\n', '\r', '\r\n', '\x0b', '\x0c'), behavior will be unspecified
  tokens_by_line = make_tokens_by_line(lines)
/app/ipython/IPython/core/inputtransformer2.py:608: UserWarning: `make_tokens_by_line` received a list of lines which do not have lineending markers ('\n', '\r', '\r\n', '\x0b', '\x0c'), behavior will be unspecified
  tokens_by_line = make_tokens_by_line(lines)
/app/ipython/IPython/core/inputtransformer2.py:714: UserWarning: `make_tokens_by_line` received a list of lines which do not have lineending markers ('\n', '\r', '\r\n', '\x0b', '\x0c'), behavior will be unspecified
  tokens_by_line = make_tokens_by_line(lines)
/app/ipython/IPython/core/inputtransformer2.py:608: UserWarning: `make_tokens_by_line` received a list of lines which do not have lineending markers ('\n', '\r', '\r\n', '\x0b', '\x0c'), behavior will be unspecified
  tokens_by_line = make_tokens_by_line(lines)
/app/ipython/IPython/core/inputtransformer2.py:714: UserWarning: `make_tokens_by_line` received a list of lines which do not have lineending markers ('\n', '\r', '\r\n', '\x0b', '\x0c'), behavior will be unspecified
  tokens_by_line = make_tokens_by_line(lines)
/app/ipython/IPython/core/inputtransformer2.py:608: UserWarning: `make_tokens_by_line` received a list of lines which do not have lineending markers ('\n', '\r', '\r\n', '\x0b', '\x0c'), behavior will be unspecified
  tokens_by_line = make_tokens_by_line(lines)
/app/ipython/IPython/core/inputtransformer2.py:714: UserWarning: `make_tokens_by_line` received a list of lines which do not have lineending markers ('\n', '\r', '\r\n', '\x0b', '\x0c'), behavior will be unspecified
  tokens_by_line = make_tokens_by_line(lines)
/app/ipython/IPython/core/inputtransformer2.py:608: UserWarning: `make_tokens_by_line` received a list of lines which do not have lineending markers ('\n', '\r', '\r\n', '\x0b', '\x0c'), behavior will be unspecified
  tokens_by_line = make_tokens_by_line(lines)
/app/ipython/IPython/core/inputtransformer2.py:714: UserWarning: `make_tokens_by_line` received a list of lines which do not have lineending markers ('\n', '\r', '\r\n', '\x0b', '\x0c'), behavior will be unspecified
  tokens_by_line = make_tokens_by_line(lines)
/app/ipython/IPython/core/inputtransformer2.py:608: UserWarning: `make_tokens_by_line` received a list of lines which do not have lineending markers ('\n', '\r', '\r\n', '\x0b', '\x0c'), behavior will be unspecified
  tokens_by_line = make_tokens_by_line(lines)
/app/ipython/IPython/core/inputtransformer2.py:714: UserWarning: `make_tokens_by_line` received a list of lines which do not have lineending markers ('\n', '\r', '\r\n', '\x0b', '\x0c'), behavior will be unspecified
  tokens_by_line = make_tokens_by_line(lines)
/app/ipython/IPython/core/inputtransformer2.py:608: UserWarning: `make_tokens_by_line` received a list of lines which do not have lineending markers ('\n', '\r', '\r\n', '\x0b', '\x0c'), behavior will be unspecified
  tokens_by_line = make_tokens_by_line(lines)
/app/ipython/IPython/core/inputtransformer2.py:608: UserWarning: `make_tokens_by_line` received a list of lines which do not have lineending markers ('\n', '\r', '\r\n', '\x0b', '\x0c'), behavior will be unspecified
  tokens_by_line = make_tokens_by_line(lines)
/app/ipython/IPython/core/inputtransformer2.py:608: UserWarning: `make_tokens_by_line` received a list of lines which do not have lineending markers ('\n', '\r', '\r\n', '\x0b', '\x0c'), behavior will be unspecified
  tokens_by_line = make_tokens_by_line(lines)
/app/ipython/IPython/core/inputtransformer2.py:714: UserWarning: `make_tokens_by_line` received a list of lines which do not have lineending markers ('\n', '\r', '\r\n', '\x0b', '\x0c'), behavior will be unspecified
  tokens_by_line = make_tokens_by_line(lines)
/app/ipython/IPython/core/inputtransformer2.py:608: UserWarning: `make_tokens_by_line` received a list of lines which do not have lineending markers ('\n', '\r', '\r\n', '\x0b', '\x0c'), behavior will be unspecified
  tokens_by_line = make_tokens_by_line(lines)
/app/ipython/IPython/core/inputtransformer2.py:608: UserWarning: `make_tokens_by_line` received a list of lines which do not have lineending markers ('\n', '\r', '\r\n', '\x0b', '\x0c'), behavior will be unspecified
  tokens_by_line = make_tokens_by_line(lines)
/app/ipython/IPython/core/inputtransformer2.py:608: UserWarning: `make_tokens_by_line` received a list of lines which do not have lineending markers ('\n', '\r', '\r\n', '\x0b', '\x0c'), behavior will be unspecified
  tokens_by_line = make_tokens_by_line(lines)
/app/ipython/IPython/core/inputtransformer2.py:608: UserWarning: `make_tokens_by_line` received a list of lines which do not have lineending markers ('\n', '\r', '\r\n', '\x0b', '\x0c'), behavior will be unspecified
  tokens_by_line = make_tokens_by_line(lines)
/app/ipython/IPython/core/inputtransformer2.py:608: UserWarning: `make_tokens_by_line` received a list of lines which do not have lineending markers ('\n', '\r', '\r\n', '\x0b', '\x0c'), behavior will be unspecified
  tokens_by_line = make_tokens_by_line(lines)
/app/ipython/IPython/core/inputtransformer2.py:608: UserWarning: `make_tokens_by_line` received a list of lines which do not have lineending markers ('\n', '\r', '\r\n', '\x0b', '\x0c'), behavior will be unspecified
  tokens_by_line = make_tokens_by_line(lines)
/app/ipython/IPython/core/inputtransformer2.py:714: UserWarning: `make_tokens_by_line` received a list of lines which do not have lineending markers ('\n', '\r', '\r\n', '\x0b', '\x0c'), behavior will be unspecified
  tokens_by_line = make_tokens_by_line(lines)
/app/ipython/IPython/core/inputtransformer2.py:608: UserWarning: `make_tokens_by_line` received a list of lines which do not have lineending markers ('\n', '\r', '\r\n', '\x0b', '\x0c'), behavior will be unspecified
  tokens_by_line = make_tokens_by_line(lines)
/app/ipython/IPython/core/inputtransformer2.py:714: UserWarning: `make_tokens_by_line` received a list of lines which do not have lineending markers ('\n', '\r', '\r\n', '\x0b', '\x0c'), behavior will be unspecified
  tokens_by_line = make_tokens_by_line(lines)
/app/ipython/IPython/core/inputtransformer2.py:608: UserWarning: `make_tokens_by_line` received a list of lines which do not have lineending markers ('\n', '\r', '\r\n', '\x0b', '\x0c'), behavior will be unspecified
  tokens_by_line = make_tokens_by_line(lines)
/app/ipython/IPython/core/inputtransformer2.py:714: UserWarning: `make_tokens_by_line` received a list of lines which do not have lineending markers ('\n', '\r', '\r\n', '\x0b', '\x0c'), behavior will be unspecified
  tokens_by_line = make_tokens_by_line(lines)
/app/ipython/IPython/core/inputtransformer2.py:608: UserWarning: `make_tokens_by_line` received a list of lines which do not have lineending markers ('\n', '\r', '\r\n', '\x0b', '\x0c'), behavior will be unspecified
  tokens_by_line = make_tokens_by_line(lines)
/app/ipython/IPython/core/inputtransformer2.py:714: UserWarning: `make_tokens_by_line` received a list of lines which do not have lineending markers ('\n', '\r', '\r\n', '\x0b', '\x0c'), behavior will be unspecified
  tokens_by_line = make_tokens_by_line(lines)
/app/ipython/IPython/core/inputtransformer2.py:608: UserWarning: `make_tokens_by_line` received a list of lines which do not have lineending markers ('\n', '\r', '\r\n', '\x0b', '\x0c'), behavior will be unspecified
  tokens_by_line = make_tokens_by_line(lines)
/app/ipython/IPython/core/inputtransformer2.py:714: UserWarning: `make_tokens_by_line` received a list of lines which do not have lineending markers ('\n', '\r', '\r\n', '\x0b', '\x0c'), behavior will be unspecified
  tokens_by_line = make_tokens_by_line(lines)
/app/ipython/IPython/core/inputtransformer2.py:608: UserWarning: `make_tokens_by_line` received a list of lines which do not have lineending markers ('\n', '\r', '\r\n', '\x0b', '\x0c'), behavior will be unspecified
  tokens_by_line = make_tokens_by_line(lines)
/app/ipython/IPython/core/inputtransformer2.py:714: UserWarning: `make_tokens_by_line` received a list of lines which do not have lineending markers ('\n', '\r', '\r\n', '\x0b', '\x0c'), behavior will be unspecified
  tokens_by_line = make_tokens_by_line(lines)
/app/ipython/IPython/core/inputtransformer2.py:608: UserWarning: `make_tokens_by_line` received a list of lines which do not have lineending markers ('\n', '\r', '\r\n', '\x0b', '\x0c'), behavior will be unspecified
  tokens_by_line = make_tokens_by_line(lines)
/app/ipython/IPython/core/inputtransformer2.py:714: UserWarning: `make_tokens_by_line` received a list of lines which do not have lineending markers ('\n', '\r', '\r\n', '\x0b', '\x0c'), behavior will be unspecified
  tokens_by_line = make_tokens_by_line(lines)
/app/ipython/IPython/core/inputtransformer2.py:608: UserWarning: `make_tokens_by_line` received a list of lines which do not have lineending markers ('\n', '\r', '\r\n', '\x0b', '\x0c'), behavior will be unspecified
  tokens_by_line = make_tokens_by_line(lines)
/app/ipython/IPython/core/inputtransformer2.py:714: UserWarning: `make_tokens_by_line` received a list of lines which do not have lineending markers ('\n', '\r', '\r\n', '\x0b', '\x0c'), behavior will be unspecified
  tokens_by_line = make_tokens_by_line(lines)
/app/ipython/IPython/core/inputtransformer2.py:608: UserWarning: `make_tokens_by_line` received a list of lines which do not have lineending markers ('\n', '\r', '\r\n', '\x0b', '\x0c'), behavior will be unspecified
  tokens_by_line = make_tokens_by_line(lines)
/app/ipython/IPython/core/inputtransformer2.py:714: UserWarning: `make_tokens_by_line` received a list of lines which do not have lineending markers ('\n', '\r', '\r\n', '\x0b', '\x0c'), behavior will be unspecified
  tokens_by_line = make_tokens_by_line(lines)
/app/ipython/IPython/core/inputtransformer2.py:608: UserWarning: `make_tokens_by_line` received a list of lines which do not have lineending markers ('\n', '\r', '\r\n', '\x0b', '\x0c'), behavior will be unspecified
  tokens_by_line = make_tokens_by_line(lines)
/app/ipython/IPython/core/inputtransformer2.py:714: UserWarning: `make_tokens_by_line` received a list of lines which do not have lineending markers ('\n', '\r', '\r\n', '\x0b', '\x0c'), behavior will be unspecified
  tokens_by_line = make_tokens_by_line(lines)
/app/ipython/IPython/core/inputtransformer2.py:608: UserWarning: `make_tokens_by_line` received a list of lines which do not have lineending markers ('\n', '\r', '\r\n', '\x0b', '\x0c'), behavior will be unspecified
  tokens_by_line = make_tokens_by_line(lines)
/app/ipython/IPython/core/inputtransformer2.py:714: UserWarning: `make_tokens_by_line` received a list of lines which do not have lineending markers ('\n', '\r', '\r\n', '\x0b', '\x0c'), behavior will be unspecified
  tokens_by_line = make_tokens_by_line(lines)
/app/ipython/IPython/core/inputtransformer2.py:608: UserWarning: `make_tokens_by_line` received a list of lines which do not have lineending markers ('\n', '\r', '\r\n', '\x0b', '\x0c'), behavior will be unspecified
  tokens_by_line = make_tokens_by_line(lines)
/app/ipython/IPython/core/inputtransformer2.py:714: UserWarning: `make_tokens_by_line` received a list of lines which do not have lineending markers ('\n', '\r', '\r\n', '\x0b', '\x0c'), behavior will be unspecified
  tokens_by_line = make_tokens_by_line(lines)
/app/ipython/IPython/core/inputtransformer2.py:608: UserWarning: `make_tokens_by_line` received a list of lines which do not have lineending markers ('\n', '\r', '\r\n', '\x0b', '\x0c'), behavior will be unspecified
  tokens_by_line = make_tokens_by_line(lines)
/app/ipython/IPython/core/inputtransformer2.py:608: UserWarning: `make_tokens_by_line` received a list of lines which do not have lineending markers ('\n', '\r', '\r\n', '\x0b', '\x0c'), behavior will be unspecified
  tokens_by_line = make_tokens_by_line(lines)
/app/ipython/IPython/core/inputtransformer2.py:714: UserWarning: `make_tokens_by_line` received a list of lines which do not have lineending markers ('\n', '\r', '\r\n', '\x0b', '\x0c'), behavior will be unspecified
  tokens_by_line = make_tokens_by_line(lines)
/app/ipython/IPython/core/inputtransformer2.py:608: UserWarning: `make_tokens_by_line` received a list of lines which do not have lineending markers ('\n', '\r', '\r\n', '\x0b', '\x0c'), behavior will be unspecified
  tokens_by_line = make_tokens_by_line(lines)
/app/ipython/IPython/core/inputtransformer2.py:608: UserWarning: `make_tokens_by_line` received a list of lines which do not have lineending markers ('\n', '\r', '\r\n', '\x0b', '\x0c'), behavior will be unspecified
  tokens_by_line = make_tokens_by_line(lines)
/app/ipython/IPython/core/inputtransformer2.py:714: UserWarning: `make_tokens_by_line` received a list of lines which do not have lineending markers ('\n', '\r', '\r\n', '\x0b', '\x0c'), behavior will be unspecified
  tokens_by_line = make_tokens_by_line(lines)
/app/ipython/IPython/core/inputtransformer2.py:608: UserWarning: `make_tokens_by_line` received a list of lines which do not have lineending markers ('\n', '\r', '\r\n', '\x0b', '\x0c'), behavior will be unspecified
  tokens_by_line = make_tokens_by_line(lines)
/app/ipython/IPython/core/inputtransformer2.py:714: UserWarning: `make_tokens_by_line` received a list of lines which do not have lineending markers ('\n', '\r', '\r\n', '\x0b', '\x0c'), behavior will be unspecified
  tokens_by_line = make_tokens_by_line(lines)
/app/ipython/IPython/core/inputtransformer2.py:608: UserWarning: `make_tokens_by_line` received a list of lines which do not have lineending markers ('\n', '\r', '\r\n', '\x0b', '\x0c'), behavior will be unspecified
  tokens_by_line = make_tokens_by_line(lines)
/app/ipython/IPython/core/inputtransformer2.py:714: UserWarning: `make_tokens_by_line` received a list of lines which do not have lineending markers ('\n', '\r', '\r\n', '\x0b', '\x0c'), behavior will be unspecified
  tokens_by_line = make_tokens_by_line(lines)
#14691	NEW    cov: 283 ft: 949 corp: 146/949b lim: 25 exec/s: 2448 rss: 87Mb L: 24/24 MS: 5 InsertByte-EraseBytes-ChangeByte-ChangeByte-CrossOver-
#14699	NEW    cov: 283 ft: 1005 corp: 147/973b lim: 25 exec/s: 2449 rss: 87Mb L: 24/24 MS: 3 EraseBytes-InsertByte-InsertRepeatedBytes-
/app/ipython/IPython/core/inputtransformer2.py:608: UserWarning: `make_tokens_by_line` received a list of lines which do not have lineending markers ('\n', '\r', '\r\n', '\x0b', '\x0c'), behavior will be unspecified
  tokens_by_line = make_tokens_by_line(lines)
/app/ipython/IPython/core/inputtransformer2.py:714: UserWarning: `make_tokens_by_line` received a list of lines which do not have lineending markers ('\n', '\r', '\r\n', '\x0b', '\x0c'), behavior will be unspecified
  tokens_by_line = make_tokens_by_line(lines)
/app/ipython/IPython/core/inputtransformer2.py:608: UserWarning: `make_tokens_by_line` received a list of lines which do not have lineending markers ('\n', '\r', '\r\n', '\x0b', '\x0c'), behavior will be unspecified
  tokens_by_line = make_tokens_by_line(lines)
/app/ipython/IPython/core/inputtransformer2.py:714: UserWarning: `make_tokens_by_line` received a list of lines which do not have lineending markers ('\n', '\r', '\r\n', '\x0b', '\x0c'), behavior will be unspecified
  tokens_by_line = make_tokens_by_line(lines)
/app/ipython/IPython/core/inputtransformer2.py:608: UserWarning: `make_tokens_by_line` received a list of lines which do not have lineending markers ('\n', '\r', '\r\n', '\x0b', '\x0c'), behavior will be unspecified
  tokens_by_line = make_tokens_by_line(lines)
/app/ipython/IPython/core/inputtransformer2.py:714: UserWarning: `make_tokens_by_line` received a list of lines which do not have lineending markers ('\n', '\r', '\r\n', '\x0b', '\x0c'), behavior will be unspecified
  tokens_by_line = make_tokens_by_line(lines)
/app/ipython/IPython/core/inputtransformer2.py:608: UserWarning: `make_tokens_by_line` received a list of lines which do not have lineending markers ('\n', '\r', '\r\n', '\x0b', '\x0c'), behavior will be unspecified
  tokens_by_line = make_tokens_by_line(lines)
/app/ipython/IPython/core/inputtransformer2.py:714: UserWarning: `make_tokens_by_line` received a list of lines which do not have lineending markers ('\n', '\r', '\r\n', '\x0b', '\x0c'), behavior will be unspecified
  tokens_by_line = make_tokens_by_line(lines)
/app/ipython/IPython/core/inputtransformer2.py:608: UserWarning: `make_tokens_by_line` received a list of lines which do not have lineending markers ('\n', '\r', '\r\n', '\x0b', '\x0c'), behavior will be unspecified
  tokens_by_line = make_tokens_by_line(lines)
/app/ipython/IPython/core/inputtransformer2.py:714: UserWarning: `make_tokens_by_line` received a list of lines which do not have lineending markers ('\n', '\r', '\r\n', '\x0b', '\x0c'), behavior will be unspecified
  tokens_by_line = make_tokens_by_line(lines)
/app/ipython/IPython/core/inputtransformer2.py:608: UserWarning: `make_tokens_by_line` received a list of lines which do not have lineending markers ('\n', '\r', '\r\n', '\x0b', '\x0c'), behavior will be unspecified
  tokens_by_line = make_tokens_by_line(lines)
/app/ipython/IPython/core/inputtransformer2.py:714: UserWarning: `make_tokens_by_line` received a list of lines which do not have lineending markers ('\n', '\r', '\r\n', '\x0b', '\x0c'), behavior will be unspecified
  tokens_by_line = make_tokens_by_line(lines)
/app/ipython/IPython/core/inputtransformer2.py:608: UserWarning: `make_tokens_by_line` received a list of lines which do not have lineending markers ('\n', '\r', '\r\n', '\x0b', '\x0c'), behavior will be unspecified
  tokens_by_line = make_tokens_by_line(lines)
/app/ipython/IPython/core/inputtransformer2.py:714: UserWarning: `make_tokens_by_line` received a list of lines which do not have lineending markers ('\n', '\r', '\r\n', '\x0b', '\x0c'), behavior will be unspecified
  tokens_by_line = make_tokens_by_line(lines)
#14781	REDUCE cov: 283 ft: 1005 corp: 147/972b lim: 25 exec/s: 2463 rss: 87Mb L: 6/24 MS: 2 CopyPart-EraseBytes-
/app/ipython/IPython/core/inputtransformer2.py:608: UserWarning: `make_tokens_by_line` received a list of lines which do not have lineending markers ('\n', '\r', '\r\n', '\x0b', '\x0c'), behavior will be unspecified
  tokens_by_line = make_tokens_by_line(lines)
/app/ipython/IPython/core/inputtransformer2.py:714: UserWarning: `make_tokens_by_line` received a list of lines which do not have lineending markers ('\n', '\r', '\r\n', '\x0b', '\x0c'), behavior will be unspecified
  tokens_by_line = make_tokens_by_line(lines)
/app/ipython/IPython/core/inputtransformer2.py:608: UserWarning: `make_tokens_by_line` received a list of lines which do not have lineending markers ('\n', '\r', '\r\n', '\x0b', '\x0c'), behavior will be unspecified
  tokens_by_line = make_tokens_by_line(lines)
/app/ipython/IPython/core/inputtransformer2.py:714: UserWarning: `make_tokens_by_line` received a list of lines which do not have lineending markers ('\n', '\r', '\r\n', '\x0b', '\x0c'), behavior will be unspecified
  tokens_by_line = make_tokens_by_line(lines)
/app/ipython/IPython/core/inputtransformer2.py:608: UserWarning: `make_tokens_by_line` received a list of lines which do not have lineending markers ('\n', '\r', '\r\n', '\x0b', '\x0c'), behavior will be unspecified
  tokens_by_line = make_tokens_by_line(lines)
/app/ipython/IPython/core/inputtransformer2.py:714: UserWarning: `make_tokens_by_line` received a list of lines which do not have lineending markers ('\n', '\r', '\r\n', '\x0b', '\x0c'), behavior will be unspecified
  tokens_by_line = make_tokens_by_line(lines)
/app/ipython/IPython/core/inputtransformer2.py:608: UserWarning: `make_tokens_by_line` received a list of lines which do not have lineending markers ('\n', '\r', '\r\n', '\x0b', '\x0c'), behavior will be unspecified
  tokens_by_line = make_tokens_by_line(lines)
/app/ipython/IPython/core/inputtransformer2.py:714: UserWarning: `make_tokens_by_line` received a list of lines which do not have lineending markers ('\n', '\r', '\r\n', '\x0b', '\x0c'), behavior will be unspecified
  tokens_by_line = make_tokens_by_line(lines)
/app/ipython/IPython/core/inputtransformer2.py:608: UserWarning: `make_tokens_by_line` received a list of lines which do not have lineending markers ('\n', '\r', '\r\n', '\x0b', '\x0c'), behavior will be unspecified
  tokens_by_line = make_tokens_by_line(lines)
/app/ipython/IPython/core/inputtransformer2.py:714: UserWarning: `make_tokens_by_line` received a list of lines which do not have lineending markers ('\n', '\r', '\r\n', '\x0b', '\x0c'), behavior will be unspecified
  tokens_by_line = make_tokens_by_line(lines)
/app/ipython/IPython/core/inputtransformer2.py:608: UserWarning: `make_tokens_by_line` received a list of lines which do not have lineending markers ('\n', '\r', '\r\n', '\x0b', '\x0c'), behavior will be unspecified
  tokens_by_line = make_tokens_by_line(lines)
/app/ipython/IPython/core/inputtransformer2.py:608: UserWarning: `make_tokens_by_line` received a list of lines which do not have lineending markers ('\n', '\r', '\r\n', '\x0b', '\x0c'), behavior will be unspecified
  tokens_by_line = make_tokens_by_line(lines)
/app/ipython/IPython/core/inputtransformer2.py:608: UserWarning: `make_tokens_by_line` received a list of lines which do not have lineending markers ('\n', '\r', '\r\n', '\x0b', '\x0c'), behavior will be unspecified
  tokens_by_line = make_tokens_by_line(lines)
/app/ipython/IPython/core/inputtransformer2.py:608: UserWarning: `make_tokens_by_line` received a list of lines which do not have lineending markers ('\n', '\r', '\r\n', '\x0b', '\x0c'), behavior will be unspecified
  tokens_by_line = make_tokens_by_line(lines)
/app/ipython/IPython/core/inputtransformer2.py:714: UserWarning: `make_tokens_by_line` received a list of lines which do not have lineending markers ('\n', '\r', '\r\n', '\x0b', '\x0c'), behavior will be unspecified
  tokens_by_line = make_tokens_by_line(lines)
/app/ipython/IPython/core/inputtransformer2.py:608: UserWarning: `make_tokens_by_line` received a list of lines which do not have lineending markers ('\n', '\r', '\r\n', '\x0b', '\x0c'), behavior will be unspecified
  tokens_by_line = make_tokens_by_line(lines)
/app/ipython/IPython/core/inputtransformer2.py:608: UserWarning: `make_tokens_by_line` received a list of lines which do not have lineending markers ('\n', '\r', '\r\n', '\x0b', '\x0c'), behavior will be unspecified
  tokens_by_line = make_tokens_by_line(lines)
/app/ipython/IPython/core/inputtransformer2.py:608: UserWarning: `make_tokens_by_line` received a list of lines which do not have lineending markers ('\n', '\r', '\r\n', '\x0b', '\x0c'), behavior will be unspecified
  tokens_by_line = make_tokens_by_line(lines)
/app/ipython/IPython/core/inputtransformer2.py:608: UserWarning: `make_tokens_by_line` received a list of lines which do not have lineending markers ('\n', '\r', '\r\n', '\x0b', '\x0c'), behavior will be unspecified
  tokens_by_line = make_tokens_by_line(lines)
/app/ipython/IPython/core/inputtransformer2.py:608: UserWarning: `make_tokens_by_line` received a list of lines which do not have lineending markers ('\n', '\r', '\r\n', '\x0b', '\x0c'), behavior will be unspecified
  tokens_by_line = make_tokens_by_line(lines)
#14944	NEW    cov: 283 ft: 1006 corp: 148/984b lim: 25 exec/s: 2490 rss: 87Mb L: 12/24 MS: 3 ChangeByte-CMP-CrossOver- DE: "\000\000\000\000"-
/app/ipython/IPython/core/inputtransformer2.py:608: UserWarning: `make_tokens_by_line` received a list of lines which do not have lineending markers ('\n', '\r', '\r\n', '\x0b', '\x0c'), behavior will be unspecified
  tokens_by_line = make_tokens_by_line(lines)
/app/ipython/IPython/core/inputtransformer2.py:714: UserWarning: `make_tokens_by_line` received a list of lines which do not have lineending markers ('\n', '\r', '\r\n', '\x0b', '\x0c'), behavior will be unspecified
  tokens_by_line = make_tokens_by_line(lines)
#14990	NEW    cov: 283 ft: 1045 corp: 149/1008b lim: 25 exec/s: 2498 rss: 87Mb L: 24/24 MS: 1 CrossOver-
/app/ipython/IPython/core/inputtransformer2.py:608: UserWarning: `make_tokens_by_line` received a list of lines which do not have lineending markers ('\n', '\r', '\r\n', '\x0b', '\x0c'), behavior will be unspecified
  tokens_by_line = make_tokens_by_line(lines)
/app/ipython/IPython/core/inputtransformer2.py:714: UserWarning: `make_tokens_by_line` received a list of lines which do not have lineending markers ('\n', '\r', '\r\n', '\x0b', '\x0c'), behavior will be unspecified
  tokens_by_line = make_tokens_by_line(lines)
/app/ipython/IPython/core/inputtransformer2.py:608: UserWarning: `make_tokens_by_line` received a list of lines which do not have lineending markers ('\n', '\r', '\r\n', '\x0b', '\x0c'), behavior will be unspecified
  tokens_by_line = make_tokens_by_line(lines)
/app/ipython/IPython/core/inputtransformer2.py:714: UserWarning: `make_tokens_by_line` received a list of lines which do not have lineending markers ('\n', '\r', '\r\n', '\x0b', '\x0c'), behavior will be unspecified
  tokens_by_line = make_tokens_by_line(lines)
/app/ipython/IPython/core/inputtransformer2.py:608: UserWarning: `make_tokens_by_line` received a list of lines which do not have lineending markers ('\n', '\r', '\r\n', '\x0b', '\x0c'), behavior will be unspecified
  tokens_by_line = make_tokens_by_line(lines)
/app/ipython/IPython/core/inputtransformer2.py:714: UserWarning: `make_tokens_by_line` received a list of lines which do not have lineending markers ('\n', '\r', '\r\n', '\x0b', '\x0c'), behavior will be unspecified
  tokens_by_line = make_tokens_by_line(lines)
/app/ipython/IPython/core/inputtransformer2.py:608: UserWarning: `make_tokens_by_line` received a list of lines which do not have lineending markers ('\n', '\r', '\r\n', '\x0b', '\x0c'), behavior will be unspecified
  tokens_by_line = make_tokens_by_line(lines)
/app/ipython/IPython/core/inputtransformer2.py:714: UserWarning: `make_tokens_by_line` received a list of lines which do not have lineending markers ('\n', '\r', '\r\n', '\x0b', '\x0c'), behavior will be unspecified
  tokens_by_line = make_tokens_by_line(lines)
/app/ipython/IPython/core/inputtransformer2.py:608: UserWarning: `make_tokens_by_line` received a list of lines which do not have lineending markers ('\n', '\r', '\r\n', '\x0b', '\x0c'), behavior will be unspecified
  tokens_by_line = make_tokens_by_line(lines)
/app/ipython/IPython/core/inputtransformer2.py:714: UserWarning: `make_tokens_by_line` received a list of lines which do not have lineending markers ('\n', '\r', '\r\n', '\x0b', '\x0c'), behavior will be unspecified
  tokens_by_line = make_tokens_by_line(lines)
/app/ipython/IPython/core/inputtransformer2.py:608: UserWarning: `make_tokens_by_line` received a list of lines which do not have lineending markers ('\n', '\r', '\r\n', '\x0b', '\x0c'), behavior will be unspecified
  tokens_by_line = make_tokens_by_line(lines)
#15077	NEW    cov: 283 ft: 1056 corp: 150/1026b lim: 25 exec/s: 2512 rss: 87Mb L: 18/24 MS: 2 ChangeBinInt-CrossOver-
/app/ipython/IPython/core/inputtransformer2.py:608: UserWarning: `make_tokens_by_line` received a list of lines which do not have lineending markers ('\n', '\r', '\r\n', '\x0b', '\x0c'), behavior will be unspecified
  tokens_by_line = make_tokens_by_line(lines)
/app/ipython/IPython/core/inputtransformer2.py:714: UserWarning: `make_tokens_by_line` received a list of lines which do not have lineending markers ('\n', '\r', '\r\n', '\x0b', '\x0c'), behavior will be unspecified
  tokens_by_line = make_tokens_by_line(lines)
/app/ipython/IPython/core/inputtransformer2.py:608: UserWarning: `make_tokens_by_line` received a list of lines which do not have lineending markers ('\n', '\r', '\r\n', '\x0b', '\x0c'), behavior will be unspecified
  tokens_by_line = make_tokens_by_line(lines)
/app/ipython/IPython/core/inputtransformer2.py:714: UserWarning: `make_tokens_by_line` received a list of lines which do not have lineending markers ('\n', '\r', '\r\n', '\x0b', '\x0c'), behavior will be unspecified
  tokens_by_line = make_tokens_by_line(lines)
/app/ipython/IPython/core/inputtransformer2.py:608: UserWarning: `make_tokens_by_line` received a list of lines which do not have lineending markers ('\n', '\r', '\r\n', '\x0b', '\x0c'), behavior will be unspecified
  tokens_by_line = make_tokens_by_line(lines)
/app/ipython/IPython/core/inputtransformer2.py:714: UserWarning: `make_tokens_by_line` received a list of lines which do not have lineending markers ('\n', '\r', '\r\n', '\x0b', '\x0c'), behavior will be unspecified
  tokens_by_line = make_tokens_by_line(lines)
/app/ipython/IPython/core/inputtransformer2.py:608: UserWarning: `make_tokens_by_line` received a list of lines which do not have lineending markers ('\n', '\r', '\r\n', '\x0b', '\x0c'), behavior will be unspecified
  tokens_by_line = make_tokens_by_line(lines)
/app/ipython/IPython/core/inputtransformer2.py:714: UserWarning: `make_tokens_by_line` received a list of lines which do not have lineending markers ('\n', '\r', '\r\n', '\x0b', '\x0c'), behavior will be unspecified
  tokens_by_line = make_tokens_by_line(lines)
/app/ipython/IPython/core/inputtransformer2.py:608: UserWarning: `make_tokens_by_line` received a list of lines which do not have lineending markers ('\n', '\r', '\r\n', '\x0b', '\x0c'), behavior will be unspecified
  tokens_by_line = make_tokens_by_line(lines)
/app/ipython/IPython/core/inputtransformer2.py:714: UserWarning: `make_tokens_by_line` received a list of lines which do not have lineending markers ('\n', '\r', '\r\n', '\x0b', '\x0c'), behavior will be unspecified
  tokens_by_line = make_tokens_by_line(lines)
/app/ipython/IPython/core/inputtransformer2.py:608: UserWarning: `make_tokens_by_line` received a list of lines which do not have lineending markers ('\n', '\r', '\r\n', '\x0b', '\x0c'), behavior will be unspecified
  tokens_by_line = make_tokens_by_line(lines)
/app/ipython/IPython/core/inputtransformer2.py:714: UserWarning: `make_tokens_by_line` received a list of lines which do not have lineending markers ('\n', '\r', '\r\n', '\x0b', '\x0c'), behavior will be unspecified
  tokens_by_line = make_tokens_by_line(lines)
/app/ipython/IPython/core/inputtransformer2.py:608: UserWarning: `make_tokens_by_line` received a list of lines which do not have lineending markers ('\n', '\r', '\r\n', '\x0b', '\x0c'), behavior will be unspecified
  tokens_by_line = make_tokens_by_line(lines)
/app/ipython/IPython/core/inputtransformer2.py:714: UserWarning: `make_tokens_by_line` received a list of lines which do not have lineending markers ('\n', '\r', '\r\n', '\x0b', '\x0c'), behavior will be unspecified
  tokens_by_line = make_tokens_by_line(lines)
/app/ipython/IPython/core/inputtransformer2.py:608: UserWarning: `make_tokens_by_line` received a list of lines which do not have lineending markers ('\n', '\r', '\r\n', '\x0b', '\x0c'), behavior will be unspecified
  tokens_by_line = make_tokens_by_line(lines)
/app/ipython/IPython/core/inputtransformer2.py:714: UserWarning: `make_tokens_by_line` received a list of lines which do not have lineending markers ('\n', '\r', '\r\n', '\x0b', '\x0c'), behavior will be unspecified
  tokens_by_line = make_tokens_by_line(lines)
/app/ipython/IPython/core/inputtransformer2.py:608: UserWarning: `make_tokens_by_line` received a list of lines which do not have lineending markers ('\n', '\r', '\r\n', '\x0b', '\x0c'), behavior will be unspecified
  tokens_by_line = make_tokens_by_line(lines)
/app/ipython/IPython/core/inputtransformer2.py:608: UserWarning: `make_tokens_by_line` received a list of lines which do not have lineending markers ('\n', '\r', '\r\n', '\x0b', '\x0c'), behavior will be unspecified
  tokens_by_line = make_tokens_by_line(lines)
/app/ipython/IPython/core/inputtransformer2.py:714: UserWarning: `make_tokens_by_line` received a list of lines which do not have lineending markers ('\n', '\r', '\r\n', '\x0b', '\x0c'), behavior will be unspecified
  tokens_by_line = make_tokens_by_line(lines)
/app/ipython/IPython/core/inputtransformer2.py:608: UserWarning: `make_tokens_by_line` received a list of lines which do not have lineending markers ('\n', '\r', '\r\n', '\x0b', '\x0c'), behavior will be unspecified
  tokens_by_line = make_tokens_by_line(lines)
/app/ipython/IPython/core/inputtransformer2.py:714: UserWarning: `make_tokens_by_line` received a list of lines which do not have lineending markers ('\n', '\r', '\r\n', '\x0b', '\x0c'), behavior will be unspecified
  tokens_by_line = make_tokens_by_line(lines)
/app/ipython/IPython/core/inputtransformer2.py:608: UserWarning: `make_tokens_by_line` received a list of lines which do not have lineending markers ('\n', '\r', '\r\n', '\x0b', '\x0c'), behavior will be unspecified
  tokens_by_line = make_tokens_by_line(lines)
/app/ipython/IPython/core/inputtransformer2.py:714: UserWarning: `make_tokens_by_line` received a list of lines which do not have lineending markers ('\n', '\r', '\r\n', '\x0b', '\x0c'), behavior will be unspecified
  tokens_by_line = make_tokens_by_line(lines)
/app/ipython/IPython/core/inputtransformer2.py:608: UserWarning: `make_tokens_by_line` received a list of lines which do not have lineending markers ('\n', '\r', '\r\n', '\x0b', '\x0c'), behavior will be unspecified
  tokens_by_line = make_tokens_by_line(lines)
/app/ipython/IPython/core/inputtransformer2.py:714: UserWarning: `make_tokens_by_line` received a list of lines which do not have lineending markers ('\n', '\r', '\r\n', '\x0b', '\x0c'), behavior will be unspecified
  tokens_by_line = make_tokens_by_line(lines)
/app/ipython/IPython/core/inputtransformer2.py:608: UserWarning: `make_tokens_by_line` received a list of lines which do not have lineending markers ('\n', '\r', '\r\n', '\x0b', '\x0c'), behavior will be unspecified
  tokens_by_line = make_tokens_by_line(lines)
/app/ipython/IPython/core/inputtransformer2.py:714: UserWarning: `make_tokens_by_line` received a list of lines which do not have lineending markers ('\n', '\r', '\r\n', '\x0b', '\x0c'), behavior will be unspecified
  tokens_by_line = make_tokens_by_line(lines)
/app/ipython/IPython/core/inputtransformer2.py:608: UserWarning: `make_tokens_by_line` received a list of lines which do not have lineending markers ('\n', '\r', '\r\n', '\x0b', '\x0c'), behavior will be unspecified
  tokens_by_line = make_tokens_by_line(lines)
/app/ipython/IPython/core/inputtransformer2.py:714: UserWarning: `make_tokens_by_line` received a list of lines which do not have lineending markers ('\n', '\r', '\r\n', '\x0b', '\x0c'), behavior will be unspecified
  tokens_by_line = make_tokens_by_line(lines)
/app/ipython/IPython/core/inputtransformer2.py:608: UserWarning: `make_tokens_by_line` received a list of lines which do not have lineending markers ('\n', '\r', '\r\n', '\x0b', '\x0c'), behavior will be unspecified
  tokens_by_line = make_tokens_by_line(lines)
/app/ipython/IPython/core/inputtransformer2.py:714: UserWarning: `make_tokens_by_line` received a list of lines which do not have lineending markers ('\n', '\r', '\r\n', '\x0b', '\x0c'), behavior will be unspecified
  tokens_by_line = make_tokens_by_line(lines)
/app/ipython/IPython/core/inputtransformer2.py:608: UserWarning: `make_tokens_by_line` received a list of lines which do not have lineending markers ('\n', '\r', '\r\n', '\x0b', '\x0c'), behavior will be unspecified
  tokens_by_line = make_tokens_by_line(lines)
/app/ipython/IPython/core/inputtransformer2.py:714: UserWarning: `make_tokens_by_line` received a list of lines which do not have lineending markers ('\n', '\r', '\r\n', '\x0b', '\x0c'), behavior will be unspecified
  tokens_by_line = make_tokens_by_line(lines)
/app/ipython/IPython/core/inputtransformer2.py:608: UserWarning: `make_tokens_by_line` received a list of lines which do not have lineending markers ('\n', '\r', '\r\n', '\x0b', '\x0c'), behavior will be unspecified
  tokens_by_line = make_tokens_by_line(lines)
/app/ipython/IPython/core/inputtransformer2.py:714: UserWarning: `make_tokens_by_line` received a list of lines which do not have lineending markers ('\n', '\r', '\r\n', '\x0b', '\x0c'), behavior will be unspecified
  tokens_by_line = make_tokens_by_line(lines)
/app/ipython/IPython/core/inputtransformer2.py:608: UserWarning: `make_tokens_by_line` received a list of lines which do not have lineending markers ('\n', '\r', '\r\n', '\x0b', '\x0c'), behavior will be unspecified
  tokens_by_line = make_tokens_by_line(lines)
/app/ipython/IPython/core/inputtransformer2.py:714: UserWarning: `make_tokens_by_line` received a list of lines which do not have lineending markers ('\n', '\r', '\r\n', '\x0b', '\x0c'), behavior will be unspecified
  tokens_by_line = make_tokens_by_line(lines)
/app/ipython/IPython/core/inputtransformer2.py:608: UserWarning: `make_tokens_by_line` received a list of lines which do not have lineending markers ('\n', '\r', '\r\n', '\x0b', '\x0c'), behavior will be unspecified
  tokens_by_line = make_tokens_by_line(lines)
/app/ipython/IPython/core/inputtransformer2.py:714: UserWarning: `make_tokens_by_line` received a list of lines which do not have lineending markers ('\n', '\r', '\r\n', '\x0b', '\x0c'), behavior will be unspecified
  tokens_by_line = make_tokens_by_line(lines)
/app/ipython/IPython/core/inputtransformer2.py:608: UserWarning: `make_tokens_by_line` received a list of lines which do not have lineending markers ('\n', '\r', '\r\n', '\x0b', '\x0c'), behavior will be unspecified
  tokens_by_line = make_tokens_by_line(lines)
/app/ipython/IPython/core/inputtransformer2.py:608: UserWarning: `make_tokens_by_line` received a list of lines which do not have lineending markers ('\n', '\r', '\r\n', '\x0b', '\x0c'), behavior will be unspecified
  tokens_by_line = make_tokens_by_line(lines)
/app/ipython/IPython/core/inputtransformer2.py:608: UserWarning: `make_tokens_by_line` received a list of lines which do not have lineending markers ('\n', '\r', '\r\n', '\x0b', '\x0c'), behavior will be unspecified
  tokens_by_line = make_tokens_by_line(lines)
/app/ipython/IPython/core/inputtransformer2.py:608: UserWarning: `make_tokens_by_line` received a list of lines which do not have lineending markers ('\n', '\r', '\r\n', '\x0b', '\x0c'), behavior will be unspecified
  tokens_by_line = make_tokens_by_line(lines)
/app/ipython/IPython/core/inputtransformer2.py:608: UserWarning: `make_tokens_by_line` received a list of lines which do not have lineending markers ('\n', '\r', '\r\n', '\x0b', '\x0c'), behavior will be unspecified
  tokens_by_line = make_tokens_by_line(lines)
#15328	REDUCE cov: 283 ft: 1056 corp: 150/1024b lim: 25 exec/s: 2189 rss: 87Mb L: 3/24 MS: 1 EraseBytes-
/app/ipython/IPython/core/inputtransformer2.py:608: UserWarning: `make_tokens_by_line` received a list of lines which do not have lineending markers ('\n', '\r', '\r\n', '\x0b', '\x0c'), behavior will be unspecified
  tokens_by_line = make_tokens_by_line(lines)
/app/ipython/IPython/core/inputtransformer2.py:608: UserWarning: `make_tokens_by_line` received a list of lines which do not have lineending markers ('\n', '\r', '\r\n', '\x0b', '\x0c'), behavior will be unspecified
  tokens_by_line = make_tokens_by_line(lines)
/app/ipython/IPython/core/inputtransformer2.py:608: UserWarning: `make_tokens_by_line` received a list of lines which do not have lineending markers ('\n', '\r', '\r\n', '\x0b', '\x0c'), behavior will be unspecified
  tokens_by_line = make_tokens_by_line(lines)
/app/ipython/IPython/core/inputtransformer2.py:608: UserWarning: `make_tokens_by_line` received a list of lines which do not have lineending markers ('\n', '\r', '\r\n', '\x0b', '\x0c'), behavior will be unspecified
  tokens_by_line = make_tokens_by_line(lines)
/app/ipython/IPython/core/inputtransformer2.py:608: UserWarning: `make_tokens_by_line` received a list of lines which do not have lineending markers ('\n', '\r', '\r\n', '\x0b', '\x0c'), behavior will be unspecified
  tokens_by_line = make_tokens_by_line(lines)
/app/ipython/IPython/core/inputtransformer2.py:714: UserWarning: `make_tokens_by_line` received a list of lines which do not have lineending markers ('\n', '\r', '\r\n', '\x0b', '\x0c'), behavior will be unspecified
  tokens_by_line = make_tokens_by_line(lines)
/app/ipython/IPython/core/inputtransformer2.py:608: UserWarning: `make_tokens_by_line` received a list of lines which do not have lineending markers ('\n', '\r', '\r\n', '\x0b', '\x0c'), behavior will be unspecified
  tokens_by_line = make_tokens_by_line(lines)
/app/ipython/IPython/core/inputtransformer2.py:608: UserWarning: `make_tokens_by_line` received a list of lines which do not have lineending markers ('\n', '\r', '\r\n', '\x0b', '\x0c'), behavior will be unspecified
  tokens_by_line = make_tokens_by_line(lines)
/app/ipython/IPython/core/inputtransformer2.py:714: UserWarning: `make_tokens_by_line` received a list of lines which do not have lineending markers ('\n', '\r', '\r\n', '\x0b', '\x0c'), behavior will be unspecified
  tokens_by_line = make_tokens_by_line(lines)
/app/ipython/IPython/core/inputtransformer2.py:608: UserWarning: `make_tokens_by_line` received a list of lines which do not have lineending markers ('\n', '\r', '\r\n', '\x0b', '\x0c'), behavior will be unspecified
  tokens_by_line = make_tokens_by_line(lines)
/app/ipython/IPython/core/inputtransformer2.py:714: UserWarning: `make_tokens_by_line` received a list of lines which do not have lineending markers ('\n', '\r', '\r\n', '\x0b', '\x0c'), behavior will be unspecified
  tokens_by_line = make_tokens_by_line(lines)
/app/ipython/IPython/core/inputtransformer2.py:608: UserWarning: `make_tokens_by_line` received a list of lines which do not have lineending markers ('\n', '\r', '\r\n', '\x0b', '\x0c'), behavior will be unspecified
  tokens_by_line = make_tokens_by_line(lines)
/app/ipython/IPython/core/inputtransformer2.py:714: UserWarning: `make_tokens_by_line` received a list of lines which do not have lineending markers ('\n', '\r', '\r\n', '\x0b', '\x0c'), behavior will be unspecified
  tokens_by_line = make_tokens_by_line(lines)
/app/ipython/IPython/core/inputtransformer2.py:608: UserWarning: `make_tokens_by_line` received a list of lines which do not have lineending markers ('\n', '\r', '\r\n', '\x0b', '\x0c'), behavior will be unspecified
  tokens_by_line = make_tokens_by_line(lines)
/app/ipython/IPython/core/inputtransformer2.py:608: UserWarning: `make_tokens_by_line` received a list of lines which do not have lineending markers ('\n', '\r', '\r\n', '\x0b', '\x0c'), behavior will be unspecified
  tokens_by_line = make_tokens_by_line(lines)
/app/ipython/IPython/core/inputtransformer2.py:714: UserWarning: `make_tokens_by_line` received a list of lines which do not have lineending markers ('\n', '\r', '\r\n', '\x0b', '\x0c'), behavior will be unspecified
  tokens_by_line = make_tokens_by_line(lines)
/app/ipython/IPython/core/inputtransformer2.py:608: UserWarning: `make_tokens_by_line` received a list of lines which do not have lineending markers ('\n', '\r', '\r\n', '\x0b', '\x0c'), behavior will be unspecified
  tokens_by_line = make_tokens_by_line(lines)
/app/ipython/IPython/core/inputtransformer2.py:714: UserWarning: `make_tokens_by_line` received a list of lines which do not have lineending markers ('\n', '\r', '\r\n', '\x0b', '\x0c'), behavior will be unspecified
  tokens_by_line = make_tokens_by_line(lines)
/app/ipython/IPython/core/inputtransformer2.py:608: UserWarning: `make_tokens_by_line` received a list of lines which do not have lineending markers ('\n', '\r', '\r\n', '\x0b', '\x0c'), behavior will be unspecified
  tokens_by_line = make_tokens_by_line(lines)
/app/ipython/IPython/core/inputtransformer2.py:714: UserWarning: `make_tokens_by_line` received a list of lines which do not have lineending markers ('\n', '\r', '\r\n', '\x0b', '\x0c'), behavior will be unspecified
  tokens_by_line = make_tokens_by_line(lines)
/app/ipython/IPython/core/inputtransformer2.py:608: UserWarning: `make_tokens_by_line` received a list of lines which do not have lineending markers ('\n', '\r', '\r\n', '\x0b', '\x0c'), behavior will be unspecified
  tokens_by_line = make_tokens_by_line(lines)
/app/ipython/IPython/core/inputtransformer2.py:714: UserWarning: `make_tokens_by_line` received a list of lines which do not have lineending markers ('\n', '\r', '\r\n', '\x0b', '\x0c'), behavior will be unspecified
  tokens_by_line = make_tokens_by_line(lines)
#15629	NEW    cov: 284 ft: 1057 corp: 151/1029b lim: 25 exec/s: 2232 rss: 87Mb L: 5/24 MS: 1 EraseBytes-
/app/ipython/IPython/core/inputtransformer2.py:608: UserWarning: `make_tokens_by_line` received a list of lines which do not have lineending markers ('\n', '\r', '\r\n', '\x0b', '\x0c'), behavior will be unspecified
  tokens_by_line = make_tokens_by_line(lines)
/app/ipython/IPython/core/inputtransformer2.py:608: UserWarning: `make_tokens_by_line` received a list of lines which do not have lineending markers ('\n', '\r', '\r\n', '\x0b', '\x0c'), behavior will be unspecified
  tokens_by_line = make_tokens_by_line(lines)
/app/ipython/IPython/core/inputtransformer2.py:714: UserWarning: `make_tokens_by_line` received a list of lines which do not have lineending markers ('\n', '\r', '\r\n', '\x0b', '\x0c'), behavior will be unspecified
  tokens_by_line = make_tokens_by_line(lines)
/app/ipython/IPython/core/inputtransformer2.py:608: UserWarning: `make_tokens_by_line` received a list of lines which do not have lineending markers ('\n', '\r', '\r\n', '\x0b', '\x0c'), behavior will be unspecified
  tokens_by_line = make_tokens_by_line(lines)
/app/ipython/IPython/core/inputtransformer2.py:714: UserWarning: `make_tokens_by_line` received a list of lines which do not have lineending markers ('\n', '\r', '\r\n', '\x0b', '\x0c'), behavior will be unspecified
  tokens_by_line = make_tokens_by_line(lines)
/app/ipython/IPython/core/inputtransformer2.py:608: UserWarning: `make_tokens_by_line` received a list of lines which do not have lineending markers ('\n', '\r', '\r\n', '\x0b', '\x0c'), behavior will be unspecified
  tokens_by_line = make_tokens_by_line(lines)
/app/ipython/IPython/core/inputtransformer2.py:714: UserWarning: `make_tokens_by_line` received a list of lines which do not have lineending markers ('\n', '\r', '\r\n', '\x0b', '\x0c'), behavior will be unspecified
  tokens_by_line = make_tokens_by_line(lines)
/app/ipython/IPython/core/inputtransformer2.py:608: UserWarning: `make_tokens_by_line` received a list of lines which do not have lineending markers ('\n', '\r', '\r\n', '\x0b', '\x0c'), behavior will be unspecified
  tokens_by_line = make_tokens_by_line(lines)
/app/ipython/IPython/core/inputtransformer2.py:714: UserWarning: `make_tokens_by_line` received a list of lines which do not have lineending markers ('\n', '\r', '\r\n', '\x0b', '\x0c'), behavior will be unspecified
  tokens_by_line = make_tokens_by_line(lines)
/app/ipython/IPython/core/inputtransformer2.py:608: UserWarning: `make_tokens_by_line` received a list of lines which do not have lineending markers ('\n', '\r', '\r\n', '\x0b', '\x0c'), behavior will be unspecified
  tokens_by_line = make_tokens_by_line(lines)
/app/ipython/IPython/core/inputtransformer2.py:714: UserWarning: `make_tokens_by_line` received a list of lines which do not have lineending markers ('\n', '\r', '\r\n', '\x0b', '\x0c'), behavior will be unspecified
  tokens_by_line = make_tokens_by_line(lines)
#15655	REDUCE cov: 284 ft: 1058 corp: 152/1036b lim: 25 exec/s: 2236 rss: 87Mb L: 7/24 MS: 1 EraseBytes-
/app/ipython/IPython/core/inputtransformer2.py:608: UserWarning: `make_tokens_by_line` received a list of lines which do not have lineending markers ('\n', '\r', '\r\n', '\x0b', '\x0c'), behavior will be unspecified
  tokens_by_line = make_tokens_by_line(lines)
/app/ipython/IPython/core/inputtransformer2.py:714: UserWarning: `make_tokens_by_line` received a list of lines which do not have lineending markers ('\n', '\r', '\r\n', '\x0b', '\x0c'), behavior will be unspecified
  tokens_by_line = make_tokens_by_line(lines)
/app/ipython/IPython/core/inputtransformer2.py:608: UserWarning: `make_tokens_by_line` received a list of lines which do not have lineending markers ('\n', '\r', '\r\n', '\x0b', '\x0c'), behavior will be unspecified
  tokens_by_line = make_tokens_by_line(lines)
/app/ipython/IPython/core/inputtransformer2.py:714: UserWarning: `make_tokens_by_line` received a list of lines which do not have lineending markers ('\n', '\r', '\r\n', '\x0b', '\x0c'), behavior will be unspecified
  tokens_by_line = make_tokens_by_line(lines)
/app/ipython/IPython/core/inputtransformer2.py:608: UserWarning: `make_tokens_by_line` received a list of lines which do not have lineending markers ('\n', '\r', '\r\n', '\x0b', '\x0c'), behavior will be unspecified
  tokens_by_line = make_tokens_by_line(lines)
/app/ipython/IPython/core/inputtransformer2.py:714: UserWarning: `make_tokens_by_line` received a list of lines which do not have lineending markers ('\n', '\r', '\r\n', '\x0b', '\x0c'), behavior will be unspecified
  tokens_by_line = make_tokens_by_line(lines)
/app/ipython/IPython/core/inputtransformer2.py:608: UserWarning: `make_tokens_by_line` received a list of lines which do not have lineending markers ('\n', '\r', '\r\n', '\x0b', '\x0c'), behavior will be unspecified
  tokens_by_line = make_tokens_by_line(lines)
/app/ipython/IPython/core/inputtransformer2.py:714: UserWarning: `make_tokens_by_line` received a list of lines which do not have lineending markers ('\n', '\r', '\r\n', '\x0b', '\x0c'), behavior will be unspecified
  tokens_by_line = make_tokens_by_line(lines)
/app/ipython/IPython/core/inputtransformer2.py:608: UserWarning: `make_tokens_by_line` received a list of lines which do not have lineending markers ('\n', '\r', '\r\n', '\x0b', '\x0c'), behavior will be unspecified
  tokens_by_line = make_tokens_by_line(lines)
/app/ipython/IPython/core/inputtransformer2.py:714: UserWarning: `make_tokens_by_line` received a list of lines which do not have lineending markers ('\n', '\r', '\r\n', '\x0b', '\x0c'), behavior will be unspecified
  tokens_by_line = make_tokens_by_line(lines)
/app/ipython/IPython/core/inputtransformer2.py:608: UserWarning: `make_tokens_by_line` received a list of lines which do not have lineending markers ('\n', '\r', '\r\n', '\x0b', '\x0c'), behavior will be unspecified
  tokens_by_line = make_tokens_by_line(lines)
/app/ipython/IPython/core/inputtransformer2.py:714: UserWarning: `make_tokens_by_line` received a list of lines which do not have lineending markers ('\n', '\r', '\r\n', '\x0b', '\x0c'), behavior will be unspecified
  tokens_by_line = make_tokens_by_line(lines)
/app/ipython/IPython/core/inputtransformer2.py:608: UserWarning: `make_tokens_by_line` received a list of lines which do not have lineending markers ('\n', '\r', '\r\n', '\x0b', '\x0c'), behavior will be unspecified
  tokens_by_line = make_tokens_by_line(lines)
/app/ipython/IPython/core/inputtransformer2.py:608: UserWarning: `make_tokens_by_line` received a list of lines which do not have lineending markers ('\n', '\r', '\r\n', '\x0b', '\x0c'), behavior will be unspecified
  tokens_by_line = make_tokens_by_line(lines)
/app/ipython/IPython/core/inputtransformer2.py:608: UserWarning: `make_tokens_by_line` received a list of lines which do not have lineending markers ('\n', '\r', '\r\n', '\x0b', '\x0c'), behavior will be unspecified
  tokens_by_line = make_tokens_by_line(lines)
/app/ipython/IPython/core/inputtransformer2.py:714: UserWarning: `make_tokens_by_line` received a list of lines which do not have lineending markers ('\n', '\r', '\r\n', '\x0b', '\x0c'), behavior will be unspecified
  tokens_by_line = make_tokens_by_line(lines)
/app/ipython/IPython/core/inputtransformer2.py:608: UserWarning: `make_tokens_by_line` received a list of lines which do not have lineending markers ('\n', '\r', '\r\n', '\x0b', '\x0c'), behavior will be unspecified
  tokens_by_line = make_tokens_by_line(lines)
/app/ipython/IPython/core/inputtransformer2.py:714: UserWarning: `make_tokens_by_line` received a list of lines which do not have lineending markers ('\n', '\r', '\r\n', '\x0b', '\x0c'), behavior will be unspecified
  tokens_by_line = make_tokens_by_line(lines)
/app/ipython/IPython/core/inputtransformer2.py:608: UserWarning: `make_tokens_by_line` received a list of lines which do not have lineending markers ('\n', '\r', '\r\n', '\x0b', '\x0c'), behavior will be unspecified
  tokens_by_line = make_tokens_by_line(lines)
/app/ipython/IPython/core/inputtransformer2.py:714: UserWarning: `make_tokens_by_line` received a list of lines which do not have lineending markers ('\n', '\r', '\r\n', '\x0b', '\x0c'), behavior will be unspecified
  tokens_by_line = make_tokens_by_line(lines)
/app/ipython/IPython/core/inputtransformer2.py:608: UserWarning: `make_tokens_by_line` received a list of lines which do not have lineending markers ('\n', '\r', '\r\n', '\x0b', '\x0c'), behavior will be unspecified
  tokens_by_line = make_tokens_by_line(lines)
/app/ipython/IPython/core/inputtransformer2.py:608: UserWarning: `make_tokens_by_line` received a list of lines which do not have lineending markers ('\n', '\r', '\r\n', '\x0b', '\x0c'), behavior will be unspecified
  tokens_by_line = make_tokens_by_line(lines)
/app/ipython/IPython/core/inputtransformer2.py:714: UserWarning: `make_tokens_by_line` received a list of lines which do not have lineending markers ('\n', '\r', '\r\n', '\x0b', '\x0c'), behavior will be unspecified
  tokens_by_line = make_tokens_by_line(lines)
/app/ipython/IPython/core/inputtransformer2.py:608: UserWarning: `make_tokens_by_line` received a list of lines which do not have lineending markers ('\n', '\r', '\r\n', '\x0b', '\x0c'), behavior will be unspecified
  tokens_by_line = make_tokens_by_line(lines)
/app/ipython/IPython/core/inputtransformer2.py:714: UserWarning: `make_tokens_by_line` received a list of lines which do not have lineending markers ('\n', '\r', '\r\n', '\x0b', '\x0c'), behavior will be unspecified
  tokens_by_line = make_tokens_by_line(lines)
/app/ipython/IPython/core/inputtransformer2.py:608: UserWarning: `make_tokens_by_line` received a list of lines which do not have lineending markers ('\n', '\r', '\r\n', '\x0b', '\x0c'), behavior will be unspecified
  tokens_by_line = make_tokens_by_line(lines)
/app/ipython/IPython/core/inputtransformer2.py:714: UserWarning: `make_tokens_by_line` received a list of lines which do not have lineending markers ('\n', '\r', '\r\n', '\x0b', '\x0c'), behavior will be unspecified
  tokens_by_line = make_tokens_by_line(lines)
/app/ipython/IPython/core/inputtransformer2.py:608: UserWarning: `make_tokens_by_line` received a list of lines which do not have lineending markers ('\n', '\r', '\r\n', '\x0b', '\x0c'), behavior will be unspecified
  tokens_by_line = make_tokens_by_line(lines)
/app/ipython/IPython/core/inputtransformer2.py:714: UserWarning: `make_tokens_by_line` received a list of lines which do not have lineending markers ('\n', '\r', '\r\n', '\x0b', '\x0c'), behavior will be unspecified
  tokens_by_line = make_tokens_by_line(lines)
/app/ipython/IPython/core/inputtransformer2.py:608: UserWarning: `make_tokens_by_line` received a list of lines which do not have lineending markers ('\n', '\r', '\r\n', '\x0b', '\x0c'), behavior will be unspecified
  tokens_by_line = make_tokens_by_line(lines)
/app/ipython/IPython/core/inputtransformer2.py:608: UserWarning: `make_tokens_by_line` received a list of lines which do not have lineending markers ('\n', '\r', '\r\n', '\x0b', '\x0c'), behavior will be unspecified
  tokens_by_line = make_tokens_by_line(lines)
/app/ipython/IPython/core/inputtransformer2.py:608: UserWarning: `make_tokens_by_line` received a list of lines which do not have lineending markers ('\n', '\r', '\r\n', '\x0b', '\x0c'), behavior will be unspecified
  tokens_by_line = make_tokens_by_line(lines)
/app/ipython/IPython/core/inputtransformer2.py:608: UserWarning: `make_tokens_by_line` received a list of lines which do not have lineending markers ('\n', '\r', '\r\n', '\x0b', '\x0c'), behavior will be unspecified
  tokens_by_line = make_tokens_by_line(lines)
#16101	NEW    cov: 284 ft: 1063 corp: 153/1053b lim: 29 exec/s: 2300 rss: 87Mb L: 17/24 MS: 1 CopyPart-
#16147	NEW    cov: 284 ft: 1064 corp: 154/1072b lim: 29 exec/s: 2306 rss: 87Mb L: 19/24 MS: 1 InsertByte-
/app/ipython/IPython/core/inputtransformer2.py:608: UserWarning: `make_tokens_by_line` received a list of lines which do not have lineending markers ('\n', '\r', '\r\n', '\x0b', '\x0c'), behavior will be unspecified
  tokens_by_line = make_tokens_by_line(lines)
/app/ipython/IPython/core/inputtransformer2.py:714: UserWarning: `make_tokens_by_line` received a list of lines which do not have lineending markers ('\n', '\r', '\r\n', '\x0b', '\x0c'), behavior will be unspecified
  tokens_by_line = make_tokens_by_line(lines)
/app/ipython/IPython/core/inputtransformer2.py:608: UserWarning: `make_tokens_by_line` received a list of lines which do not have lineending markers ('\n', '\r', '\r\n', '\x0b', '\x0c'), behavior will be unspecified
  tokens_by_line = make_tokens_by_line(lines)
/app/ipython/IPython/core/inputtransformer2.py:714: UserWarning: `make_tokens_by_line` received a list of lines which do not have lineending markers ('\n', '\r', '\r\n', '\x0b', '\x0c'), behavior will be unspecified
  tokens_by_line = make_tokens_by_line(lines)
/app/ipython/IPython/core/inputtransformer2.py:608: UserWarning: `make_tokens_by_line` received a list of lines which do not have lineending markers ('\n', '\r', '\r\n', '\x0b', '\x0c'), behavior will be unspecified
  tokens_by_line = make_tokens_by_line(lines)
/app/ipython/IPython/core/inputtransformer2.py:714: UserWarning: `make_tokens_by_line` received a list of lines which do not have lineending markers ('\n', '\r', '\r\n', '\x0b', '\x0c'), behavior will be unspecified
  tokens_by_line = make_tokens_by_line(lines)
/app/ipython/IPython/core/inputtransformer2.py:608: UserWarning: `make_tokens_by_line` received a list of lines which do not have lineending markers ('\n', '\r', '\r\n', '\x0b', '\x0c'), behavior will be unspecified
  tokens_by_line = make_tokens_by_line(lines)
/app/ipython/IPython/core/inputtransformer2.py:714: UserWarning: `make_tokens_by_line` received a list of lines which do not have lineending markers ('\n', '\r', '\r\n', '\x0b', '\x0c'), behavior will be unspecified
  tokens_by_line = make_tokens_by_line(lines)
/app/ipython/IPython/core/inputtransformer2.py:608: UserWarning: `make_tokens_by_line` received a list of lines which do not have lineending markers ('\n', '\r', '\r\n', '\x0b', '\x0c'), behavior will be unspecified
  tokens_by_line = make_tokens_by_line(lines)
/app/ipython/IPython/core/inputtransformer2.py:714: UserWarning: `make_tokens_by_line` received a list of lines which do not have lineending markers ('\n', '\r', '\r\n', '\x0b', '\x0c'), behavior will be unspecified
  tokens_by_line = make_tokens_by_line(lines)
/app/ipython/IPython/core/inputtransformer2.py:608: UserWarning: `make_tokens_by_line` received a list of lines which do not have lineending markers ('\n', '\r', '\r\n', '\x0b', '\x0c'), behavior will be unspecified
  tokens_by_line = make_tokens_by_line(lines)
/app/ipython/IPython/core/inputtransformer2.py:714: UserWarning: `make_tokens_by_line` received a list of lines which do not have lineending markers ('\n', '\r', '\r\n', '\x0b', '\x0c'), behavior will be unspecified
  tokens_by_line = make_tokens_by_line(lines)
/app/ipython/IPython/core/inputtransformer2.py:608: UserWarning: `make_tokens_by_line` received a list of lines which do not have lineending markers ('\n', '\r', '\r\n', '\x0b', '\x0c'), behavior will be unspecified
  tokens_by_line = make_tokens_by_line(lines)
/app/ipython/IPython/core/inputtransformer2.py:714: UserWarning: `make_tokens_by_line` received a list of lines which do not have lineending markers ('\n', '\r', '\r\n', '\x0b', '\x0c'), behavior will be unspecified
  tokens_by_line = make_tokens_by_line(lines)
#16256	REDUCE cov: 284 ft: 1068 corp: 155/1099b lim: 29 exec/s: 2322 rss: 87Mb L: 27/27 MS: 4 CopyPart-CrossOver-ChangeByte-InsertRepeatedBytes-
/app/ipython/IPython/core/inputtransformer2.py:608: UserWarning: `make_tokens_by_line` received a list of lines which do not have lineending markers ('\n', '\r', '\r\n', '\x0b', '\x0c'), behavior will be unspecified
  tokens_by_line = make_tokens_by_line(lines)
/app/ipython/IPython/core/inputtransformer2.py:608: UserWarning: `make_tokens_by_line` received a list of lines which do not have lineending markers ('\n', '\r', '\r\n', '\x0b', '\x0c'), behavior will be unspecified
  tokens_by_line = make_tokens_by_line(lines)
/app/ipython/IPython/core/inputtransformer2.py:608: UserWarning: `make_tokens_by_line` received a list of lines which do not have lineending markers ('\n', '\r', '\r\n', '\x0b', '\x0c'), behavior will be unspecified
  tokens_by_line = make_tokens_by_line(lines)
/app/ipython/IPython/core/inputtransformer2.py:608: UserWarning: `make_tokens_by_line` received a list of lines which do not have lineending markers ('\n', '\r', '\r\n', '\x0b', '\x0c'), behavior will be unspecified
  tokens_by_line = make_tokens_by_line(lines)
/app/ipython/IPython/core/inputtransformer2.py:608: UserWarning: `make_tokens_by_line` received a list of lines which do not have lineending markers ('\n', '\r', '\r\n', '\x0b', '\x0c'), behavior will be unspecified
  tokens_by_line = make_tokens_by_line(lines)
/app/ipython/IPython/core/inputtransformer2.py:714: UserWarning: `make_tokens_by_line` received a list of lines which do not have lineending markers ('\n', '\r', '\r\n', '\x0b', '\x0c'), behavior will be unspecified
  tokens_by_line = make_tokens_by_line(lines)
/app/ipython/IPython/core/inputtransformer2.py:608: UserWarning: `make_tokens_by_line` received a list of lines which do not have lineending markers ('\n', '\r', '\r\n', '\x0b', '\x0c'), behavior will be unspecified
  tokens_by_line = make_tokens_by_line(lines)
/app/ipython/IPython/core/inputtransformer2.py:714: UserWarning: `make_tokens_by_line` received a list of lines which do not have lineending markers ('\n', '\r', '\r\n', '\x0b', '\x0c'), behavior will be unspecified
  tokens_by_line = make_tokens_by_line(lines)
/app/ipython/IPython/core/inputtransformer2.py:608: UserWarning: `make_tokens_by_line` received a list of lines which do not have lineending markers ('\n', '\r', '\r\n', '\x0b', '\x0c'), behavior will be unspecified
  tokens_by_line = make_tokens_by_line(lines)
/app/ipython/IPython/core/inputtransformer2.py:714: UserWarning: `make_tokens_by_line` received a list of lines which do not have lineending markers ('\n', '\r', '\r\n', '\x0b', '\x0c'), behavior will be unspecified
  tokens_by_line = make_tokens_by_line(lines)
/app/ipython/IPython/core/inputtransformer2.py:608: UserWarning: `make_tokens_by_line` received a list of lines which do not have lineending markers ('\n', '\r', '\r\n', '\x0b', '\x0c'), behavior will be unspecified
  tokens_by_line = make_tokens_by_line(lines)
/app/ipython/IPython/core/inputtransformer2.py:714: UserWarning: `make_tokens_by_line` received a list of lines which do not have lineending markers ('\n', '\r', '\r\n', '\x0b', '\x0c'), behavior will be unspecified
  tokens_by_line = make_tokens_by_line(lines)
/app/ipython/IPython/core/inputtransformer2.py:608: UserWarning: `make_tokens_by_line` received a list of lines which do not have lineending markers ('\n', '\r', '\r\n', '\x0b', '\x0c'), behavior will be unspecified
  tokens_by_line = make_tokens_by_line(lines)
/app/ipython/IPython/core/inputtransformer2.py:714: UserWarning: `make_tokens_by_line` received a list of lines which do not have lineending markers ('\n', '\r', '\r\n', '\x0b', '\x0c'), behavior will be unspecified
  tokens_by_line = make_tokens_by_line(lines)
/app/ipython/IPython/core/inputtransformer2.py:608: UserWarning: `make_tokens_by_line` received a list of lines which do not have lineending markers ('\n', '\r', '\r\n', '\x0b', '\x0c'), behavior will be unspecified
  tokens_by_line = make_tokens_by_line(lines)
/app/ipython/IPython/core/inputtransformer2.py:714: UserWarning: `make_tokens_by_line` received a list of lines which do not have lineending markers ('\n', '\r', '\r\n', '\x0b', '\x0c'), behavior will be unspecified
  tokens_by_line = make_tokens_by_line(lines)
/app/ipython/IPython/core/inputtransformer2.py:608: UserWarning: `make_tokens_by_line` received a list of lines which do not have lineending markers ('\n', '\r', '\r\n', '\x0b', '\x0c'), behavior will be unspecified
  tokens_by_line = make_tokens_by_line(lines)
/app/ipython/IPython/core/inputtransformer2.py:714: UserWarning: `make_tokens_by_line` received a list of lines which do not have lineending markers ('\n', '\r', '\r\n', '\x0b', '\x0c'), behavior will be unspecified
  tokens_by_line = make_tokens_by_line(lines)
/app/ipython/IPython/core/inputtransformer2.py:608: UserWarning: `make_tokens_by_line` received a list of lines which do not have lineending markers ('\n', '\r', '\r\n', '\x0b', '\x0c'), behavior will be unspecified
  tokens_by_line = make_tokens_by_line(lines)
/app/ipython/IPython/core/inputtransformer2.py:608: UserWarning: `make_tokens_by_line` received a list of lines which do not have lineending markers ('\n', '\r', '\r\n', '\x0b', '\x0c'), behavior will be unspecified
  tokens_by_line = make_tokens_by_line(lines)
/app/ipython/IPython/core/inputtransformer2.py:608: UserWarning: `make_tokens_by_line` received a list of lines which do not have lineending markers ('\n', '\r', '\r\n', '\x0b', '\x0c'), behavior will be unspecified
  tokens_by_line = make_tokens_by_line(lines)
/app/ipython/IPython/core/inputtransformer2.py:714: UserWarning: `make_tokens_by_line` received a list of lines which do not have lineending markers ('\n', '\r', '\r\n', '\x0b', '\x0c'), behavior will be unspecified
  tokens_by_line = make_tokens_by_line(lines)
/app/ipython/IPython/core/inputtransformer2.py:608: UserWarning: `make_tokens_by_line` received a list of lines which do not have lineending markers ('\n', '\r', '\r\n', '\x0b', '\x0c'), behavior will be unspecified
  tokens_by_line = make_tokens_by_line(lines)
/app/ipython/IPython/core/inputtransformer2.py:714: UserWarning: `make_tokens_by_line` received a list of lines which do not have lineending markers ('\n', '\r', '\r\n', '\x0b', '\x0c'), behavior will be unspecified
  tokens_by_line = make_tokens_by_line(lines)
#16384	pulse  cov: 284 ft: 1068 corp: 155/1099b lim: 29 exec/s: 2340 rss: 87Mb
/app/ipython/IPython/core/inputtransformer2.py:608: UserWarning: `make_tokens_by_line` received a list of lines which do not have lineending markers ('\n', '\r', '\r\n', '\x0b', '\x0c'), behavior will be unspecified
  tokens_by_line = make_tokens_by_line(lines)
/app/ipython/IPython/core/inputtransformer2.py:714: UserWarning: `make_tokens_by_line` received a list of lines which do not have lineending markers ('\n', '\r', '\r\n', '\x0b', '\x0c'), behavior will be unspecified
  tokens_by_line = make_tokens_by_line(lines)
/app/ipython/IPython/core/inputtransformer2.py:608: UserWarning: `make_tokens_by_line` received a list of lines which do not have lineending markers ('\n', '\r', '\r\n', '\x0b', '\x0c'), behavior will be unspecified
  tokens_by_line = make_tokens_by_line(lines)
/app/ipython/IPython/core/inputtransformer2.py:608: UserWarning: `make_tokens_by_line` received a list of lines which do not have lineending markers ('\n', '\r', '\r\n', '\x0b', '\x0c'), behavior will be unspecified
  tokens_by_line = make_tokens_by_line(lines)
/app/ipython/IPython/core/inputtransformer2.py:714: UserWarning: `make_tokens_by_line` received a list of lines which do not have lineending markers ('\n', '\r', '\r\n', '\x0b', '\x0c'), behavior will be unspecified
  tokens_by_line = make_tokens_by_line(lines)
/app/ipython/IPython/core/inputtransformer2.py:608: UserWarning: `make_tokens_by_line` received a list of lines which do not have lineending markers ('\n', '\r', '\r\n', '\x0b', '\x0c'), behavior will be unspecified
  tokens_by_line = make_tokens_by_line(lines)
/app/ipython/IPython/core/inputtransformer2.py:714: UserWarning: `make_tokens_by_line` received a list of lines which do not have lineending markers ('\n', '\r', '\r\n', '\x0b', '\x0c'), behavior will be unspecified
  tokens_by_line = make_tokens_by_line(lines)
/app/ipython/IPython/core/inputtransformer2.py:608: UserWarning: `make_tokens_by_line` received a list of lines which do not have lineending markers ('\n', '\r', '\r\n', '\x0b', '\x0c'), behavior will be unspecified
  tokens_by_line = make_tokens_by_line(lines)
/app/ipython/IPython/core/inputtransformer2.py:714: UserWarning: `make_tokens_by_line` received a list of lines which do not have lineending markers ('\n', '\r', '\r\n', '\x0b', '\x0c'), behavior will be unspecified
  tokens_by_line = make_tokens_by_line(lines)
/app/ipython/IPython/core/inputtransformer2.py:608: UserWarning: `make_tokens_by_line` received a list of lines which do not have lineending markers ('\n', '\r', '\r\n', '\x0b', '\x0c'), behavior will be unspecified
  tokens_by_line = make_tokens_by_line(lines)
#16483	NEW    cov: 284 ft: 1069 corp: 156/1116b lim: 29 exec/s: 2354 rss: 87Mb L: 17/27 MS: 2 PersAutoDict-ShuffleBytes- DE: "\377\377"-
/app/ipython/IPython/core/inputtransformer2.py:608: UserWarning: `make_tokens_by_line` received a list of lines which do not have lineending markers ('\n', '\r', '\r\n', '\x0b', '\x0c'), behavior will be unspecified
  tokens_by_line = make_tokens_by_line(lines)
/app/ipython/IPython/core/inputtransformer2.py:608: UserWarning: `make_tokens_by_line` received a list of lines which do not have lineending markers ('\n', '\r', '\r\n', '\x0b', '\x0c'), behavior will be unspecified
  tokens_by_line = make_tokens_by_line(lines)
/app/ipython/IPython/core/inputtransformer2.py:608: UserWarning: `make_tokens_by_line` received a list of lines which do not have lineending markers ('\n', '\r', '\r\n', '\x0b', '\x0c'), behavior will be unspecified
  tokens_by_line = make_tokens_by_line(lines)
#16514	REDUCE cov: 284 ft: 1069 corp: 156/1113b lim: 29 exec/s: 2359 rss: 87Mb L: 10/27 MS: 1 EraseBytes-
/app/ipython/IPython/core/inputtransformer2.py:608: UserWarning: `make_tokens_by_line` received a list of lines which do not have lineending markers ('\n', '\r', '\r\n', '\x0b', '\x0c'), behavior will be unspecified
  tokens_by_line = make_tokens_by_line(lines)
/app/ipython/IPython/core/inputtransformer2.py:714: UserWarning: `make_tokens_by_line` received a list of lines which do not have lineending markers ('\n', '\r', '\r\n', '\x0b', '\x0c'), behavior will be unspecified
  tokens_by_line = make_tokens_by_line(lines)
/app/ipython/IPython/core/inputtransformer2.py:608: UserWarning: `make_tokens_by_line` received a list of lines which do not have lineending markers ('\n', '\r', '\r\n', '\x0b', '\x0c'), behavior will be unspecified
  tokens_by_line = make_tokens_by_line(lines)
/app/ipython/IPython/core/inputtransformer2.py:608: UserWarning: `make_tokens_by_line` received a list of lines which do not have lineending markers ('\n', '\r', '\r\n', '\x0b', '\x0c'), behavior will be unspecified
  tokens_by_line = make_tokens_by_line(lines)
/app/ipython/IPython/core/inputtransformer2.py:608: UserWarning: `make_tokens_by_line` received a list of lines which do not have lineending markers ('\n', '\r', '\r\n', '\x0b', '\x0c'), behavior will be unspecified
  tokens_by_line = make_tokens_by_line(lines)
/app/ipython/IPython/core/inputtransformer2.py:714: UserWarning: `make_tokens_by_line` received a list of lines which do not have lineending markers ('\n', '\r', '\r\n', '\x0b', '\x0c'), behavior will be unspecified
  tokens_by_line = make_tokens_by_line(lines)
/app/ipython/IPython/core/inputtransformer2.py:608: UserWarning: `make_tokens_by_line` received a list of lines which do not have lineending markers ('\n', '\r', '\r\n', '\x0b', '\x0c'), behavior will be unspecified
  tokens_by_line = make_tokens_by_line(lines)
/app/ipython/IPython/core/inputtransformer2.py:714: UserWarning: `make_tokens_by_line` received a list of lines which do not have lineending markers ('\n', '\r', '\r\n', '\x0b', '\x0c'), behavior will be unspecified
  tokens_by_line = make_tokens_by_line(lines)
/app/ipython/IPython/core/inputtransformer2.py:608: UserWarning: `make_tokens_by_line` received a list of lines which do not have lineending markers ('\n', '\r', '\r\n', '\x0b', '\x0c'), behavior will be unspecified
  tokens_by_line = make_tokens_by_line(lines)
/app/ipython/IPython/core/inputtransformer2.py:714: UserWarning: `make_tokens_by_line` received a list of lines which do not have lineending markers ('\n', '\r', '\r\n', '\x0b', '\x0c'), behavior will be unspecified
  tokens_by_line = make_tokens_by_line(lines)
/app/ipython/IPython/core/inputtransformer2.py:608: UserWarning: `make_tokens_by_line` received a list of lines which do not have lineending markers ('\n', '\r', '\r\n', '\x0b', '\x0c'), behavior will be unspecified
  tokens_by_line = make_tokens_by_line(lines)
/app/ipython/IPython/core/inputtransformer2.py:714: UserWarning: `make_tokens_by_line` received a list of lines which do not have lineending markers ('\n', '\r', '\r\n', '\x0b', '\x0c'), behavior will be unspecified
  tokens_by_line = make_tokens_by_line(lines)
/app/ipython/IPython/core/inputtransformer2.py:608: UserWarning: `make_tokens_by_line` received a list of lines which do not have lineending markers ('\n', '\r', '\r\n', '\x0b', '\x0c'), behavior will be unspecified
  tokens_by_line = make_tokens_by_line(lines)
/app/ipython/IPython/core/inputtransformer2.py:714: UserWarning: `make_tokens_by_line` received a list of lines which do not have lineending markers ('\n', '\r', '\r\n', '\x0b', '\x0c'), behavior will be unspecified
  tokens_by_line = make_tokens_by_line(lines)
/app/ipython/IPython/core/inputtransformer2.py:608: UserWarning: `make_tokens_by_line` received a list of lines which do not have lineending markers ('\n', '\r', '\r\n', '\x0b', '\x0c'), behavior will be unspecified
  tokens_by_line = make_tokens_by_line(lines)
/app/ipython/IPython/core/inputtransformer2.py:714: UserWarning: `make_tokens_by_line` received a list of lines which do not have lineending markers ('\n', '\r', '\r\n', '\x0b', '\x0c'), behavior will be unspecified
  tokens_by_line = make_tokens_by_line(lines)
#16611	NEW    cov: 284 ft: 1076 corp: 157/1142b lim: 29 exec/s: 2373 rss: 87Mb L: 29/29 MS: 2 CopyPart-CopyPart-
/app/ipython/IPython/core/inputtransformer2.py:608: UserWarning: `make_tokens_by_line` received a list of lines which do not have lineending markers ('\n', '\r', '\r\n', '\x0b', '\x0c'), behavior will be unspecified
  tokens_by_line = make_tokens_by_line(lines)
/app/ipython/IPython/core/inputtransformer2.py:714: UserWarning: `make_tokens_by_line` received a list of lines which do not have lineending markers ('\n', '\r', '\r\n', '\x0b', '\x0c'), behavior will be unspecified
  tokens_by_line = make_tokens_by_line(lines)
/app/ipython/IPython/core/inputtransformer2.py:608: UserWarning: `make_tokens_by_line` received a list of lines which do not have lineending markers ('\n', '\r', '\r\n', '\x0b', '\x0c'), behavior will be unspecified
  tokens_by_line = make_tokens_by_line(lines)
/app/ipython/IPython/core/inputtransformer2.py:714: UserWarning: `make_tokens_by_line` received a list of lines which do not have lineending markers ('\n', '\r', '\r\n', '\x0b', '\x0c'), behavior will be unspecified
  tokens_by_line = make_tokens_by_line(lines)
/app/ipython/IPython/core/inputtransformer2.py:608: UserWarning: `make_tokens_by_line` received a list of lines which do not have lineending markers ('\n', '\r', '\r\n', '\x0b', '\x0c'), behavior will be unspecified
  tokens_by_line = make_tokens_by_line(lines)
/app/ipython/IPython/core/inputtransformer2.py:714: UserWarning: `make_tokens_by_line` received a list of lines which do not have lineending markers ('\n', '\r', '\r\n', '\x0b', '\x0c'), behavior will be unspecified
  tokens_by_line = make_tokens_by_line(lines)
/app/ipython/IPython/core/inputtransformer2.py:608: UserWarning: `make_tokens_by_line` received a list of lines which do not have lineending markers ('\n', '\r', '\r\n', '\x0b', '\x0c'), behavior will be unspecified
  tokens_by_line = make_tokens_by_line(lines)
/app/ipython/IPython/core/inputtransformer2.py:714: UserWarning: `make_tokens_by_line` received a list of lines which do not have lineending markers ('\n', '\r', '\r\n', '\x0b', '\x0c'), behavior will be unspecified
  tokens_by_line = make_tokens_by_line(lines)
/app/ipython/IPython/core/inputtransformer2.py:608: UserWarning: `make_tokens_by_line` received a list of lines which do not have lineending markers ('\n', '\r', '\r\n', '\x0b', '\x0c'), behavior will be unspecified
  tokens_by_line = make_tokens_by_line(lines)
/app/ipython/IPython/core/inputtransformer2.py:714: UserWarning: `make_tokens_by_line` received a list of lines which do not have lineending markers ('\n', '\r', '\r\n', '\x0b', '\x0c'), behavior will be unspecified
  tokens_by_line = make_tokens_by_line(lines)
/app/ipython/IPython/core/inputtransformer2.py:608: UserWarning: `make_tokens_by_line` received a list of lines which do not have lineending markers ('\n', '\r', '\r\n', '\x0b', '\x0c'), behavior will be unspecified
  tokens_by_line = make_tokens_by_line(lines)
/app/ipython/IPython/core/inputtransformer2.py:714: UserWarning: `make_tokens_by_line` received a list of lines which do not have lineending markers ('\n', '\r', '\r\n', '\x0b', '\x0c'), behavior will be unspecified
  tokens_by_line = make_tokens_by_line(lines)
#16750	NEW    cov: 284 ft: 1077 corp: 158/1162b lim: 29 exec/s: 2392 rss: 87Mb L: 20/29 MS: 4 ChangeByte-ShuffleBytes-ChangeByte-PersAutoDict- DE: "\000\000"-
/app/ipython/IPython/core/inputtransformer2.py:608: UserWarning: `make_tokens_by_line` received a list of lines which do not have lineending markers ('\n', '\r', '\r\n', '\x0b', '\x0c'), behavior will be unspecified
  tokens_by_line = make_tokens_by_line(lines)
/app/ipython/IPython/core/inputtransformer2.py:608: UserWarning: `make_tokens_by_line` received a list of lines which do not have lineending markers ('\n', '\r', '\r\n', '\x0b', '\x0c'), behavior will be unspecified
  tokens_by_line = make_tokens_by_line(lines)
/app/ipython/IPython/core/inputtransformer2.py:608: UserWarning: `make_tokens_by_line` received a list of lines which do not have lineending markers ('\n', '\r', '\r\n', '\x0b', '\x0c'), behavior will be unspecified
  tokens_by_line = make_tokens_by_line(lines)
/app/ipython/IPython/core/inputtransformer2.py:608: UserWarning: `make_tokens_by_line` received a list of lines which do not have lineending markers ('\n', '\r', '\r\n', '\x0b', '\x0c'), behavior will be unspecified
  tokens_by_line = make_tokens_by_line(lines)
/app/ipython/IPython/core/inputtransformer2.py:714: UserWarning: `make_tokens_by_line` received a list of lines which do not have lineending markers ('\n', '\r', '\r\n', '\x0b', '\x0c'), behavior will be unspecified
  tokens_by_line = make_tokens_by_line(lines)
/app/ipython/IPython/core/inputtransformer2.py:608: UserWarning: `make_tokens_by_line` received a list of lines which do not have lineending markers ('\n', '\r', '\r\n', '\x0b', '\x0c'), behavior will be unspecified
  tokens_by_line = make_tokens_by_line(lines)
/app/ipython/IPython/core/inputtransformer2.py:714: UserWarning: `make_tokens_by_line` received a list of lines which do not have lineending markers ('\n', '\r', '\r\n', '\x0b', '\x0c'), behavior will be unspecified
  tokens_by_line = make_tokens_by_line(lines)
#16876	NEW    cov: 284 ft: 1078 corp: 159/1173b lim: 29 exec/s: 2410 rss: 87Mb L: 11/29 MS: 1 CrossOver-
/app/ipython/IPython/core/inputtransformer2.py:608: UserWarning: `make_tokens_by_line` received a list of lines which do not have lineending markers ('\n', '\r', '\r\n', '\x0b', '\x0c'), behavior will be unspecified
  tokens_by_line = make_tokens_by_line(lines)
/app/ipython/IPython/core/inputtransformer2.py:608: UserWarning: `make_tokens_by_line` received a list of lines which do not have lineending markers ('\n', '\r', '\r\n', '\x0b', '\x0c'), behavior will be unspecified
  tokens_by_line = make_tokens_by_line(lines)
/app/ipython/IPython/core/inputtransformer2.py:714: UserWarning: `make_tokens_by_line` received a list of lines which do not have lineending markers ('\n', '\r', '\r\n', '\x0b', '\x0c'), behavior will be unspecified
  tokens_by_line = make_tokens_by_line(lines)
/app/ipython/IPython/core/inputtransformer2.py:608: UserWarning: `make_tokens_by_line` received a list of lines which do not have lineending markers ('\n', '\r', '\r\n', '\x0b', '\x0c'), behavior will be unspecified
  tokens_by_line = make_tokens_by_line(lines)
/app/ipython/IPython/core/inputtransformer2.py:714: UserWarning: `make_tokens_by_line` received a list of lines which do not have lineending markers ('\n', '\r', '\r\n', '\x0b', '\x0c'), behavior will be unspecified
  tokens_by_line = make_tokens_by_line(lines)
/app/ipython/IPython/core/inputtransformer2.py:608: UserWarning: `make_tokens_by_line` received a list of lines which do not have lineending markers ('\n', '\r', '\r\n', '\x0b', '\x0c'), behavior will be unspecified
  tokens_by_line = make_tokens_by_line(lines)
/app/ipython/IPython/core/inputtransformer2.py:714: UserWarning: `make_tokens_by_line` received a list of lines which do not have lineending markers ('\n', '\r', '\r\n', '\x0b', '\x0c'), behavior will be unspecified
  tokens_by_line = make_tokens_by_line(lines)
/app/ipython/IPython/core/inputtransformer2.py:608: UserWarning: `make_tokens_by_line` received a list of lines which do not have lineending markers ('\n', '\r', '\r\n', '\x0b', '\x0c'), behavior will be unspecified
  tokens_by_line = make_tokens_by_line(lines)
/app/ipython/IPython/core/inputtransformer2.py:714: UserWarning: `make_tokens_by_line` received a list of lines which do not have lineending markers ('\n', '\r', '\r\n', '\x0b', '\x0c'), behavior will be unspecified
  tokens_by_line = make_tokens_by_line(lines)
#16922	NEW    cov: 284 ft: 1081 corp: 160/1191b lim: 29 exec/s: 2417 rss: 87Mb L: 18/29 MS: 1 CrossOver-
/app/ipython/IPython/core/inputtransformer2.py:608: UserWarning: `make_tokens_by_line` received a list of lines which do not have lineending markers ('\n', '\r', '\r\n', '\x0b', '\x0c'), behavior will be unspecified
  tokens_by_line = make_tokens_by_line(lines)
/app/ipython/IPython/core/inputtransformer2.py:714: UserWarning: `make_tokens_by_line` received a list of lines which do not have lineending markers ('\n', '\r', '\r\n', '\x0b', '\x0c'), behavior will be unspecified
  tokens_by_line = make_tokens_by_line(lines)
/app/ipython/IPython/core/inputtransformer2.py:608: UserWarning: `make_tokens_by_line` received a list of lines which do not have lineending markers ('\n', '\r', '\r\n', '\x0b', '\x0c'), behavior will be unspecified
  tokens_by_line = make_tokens_by_line(lines)
/app/ipython/IPython/core/inputtransformer2.py:714: UserWarning: `make_tokens_by_line` received a list of lines which do not have lineending markers ('\n', '\r', '\r\n', '\x0b', '\x0c'), behavior will be unspecified
  tokens_by_line = make_tokens_by_line(lines)
/app/ipython/IPython/core/inputtransformer2.py:608: UserWarning: `make_tokens_by_line` received a list of lines which do not have lineending markers ('\n', '\r', '\r\n', '\x0b', '\x0c'), behavior will be unspecified
  tokens_by_line = make_tokens_by_line(lines)
/app/ipython/IPython/core/inputtransformer2.py:714: UserWarning: `make_tokens_by_line` received a list of lines which do not have lineending markers ('\n', '\r', '\r\n', '\x0b', '\x0c'), behavior will be unspecified
  tokens_by_line = make_tokens_by_line(lines)
/app/ipython/IPython/core/inputtransformer2.py:608: UserWarning: `make_tokens_by_line` received a list of lines which do not have lineending markers ('\n', '\r', '\r\n', '\x0b', '\x0c'), behavior will be unspecified
  tokens_by_line = make_tokens_by_line(lines)
/app/ipython/IPython/core/inputtransformer2.py:714: UserWarning: `make_tokens_by_line` received a list of lines which do not have lineending markers ('\n', '\r', '\r\n', '\x0b', '\x0c'), behavior will be unspecified
  tokens_by_line = make_tokens_by_line(lines)
/app/ipython/IPython/core/inputtransformer2.py:608: UserWarning: `make_tokens_by_line` received a list of lines which do not have lineending markers ('\n', '\r', '\r\n', '\x0b', '\x0c'), behavior will be unspecified
  tokens_by_line = make_tokens_by_line(lines)
/app/ipython/IPython/core/inputtransformer2.py:714: UserWarning: `make_tokens_by_line` received a list of lines which do not have lineending markers ('\n', '\r', '\r\n', '\x0b', '\x0c'), behavior will be unspecified
  tokens_by_line = make_tokens_by_line(lines)
/app/ipython/IPython/core/inputtransformer2.py:608: UserWarning: `make_tokens_by_line` received a list of lines which do not have lineending markers ('\n', '\r', '\r\n', '\x0b', '\x0c'), behavior will be unspecified
  tokens_by_line = make_tokens_by_line(lines)
/app/ipython/IPython/core/inputtransformer2.py:714: UserWarning: `make_tokens_by_line` received a list of lines which do not have lineending markers ('\n', '\r', '\r\n', '\x0b', '\x0c'), behavior will be unspecified
  tokens_by_line = make_tokens_by_line(lines)
/app/ipython/IPython/core/inputtransformer2.py:608: UserWarning: `make_tokens_by_line` received a list of lines which do not have lineending markers ('\n', '\r', '\r\n', '\x0b', '\x0c'), behavior will be unspecified
  tokens_by_line = make_tokens_by_line(lines)
/app/ipython/IPython/core/inputtransformer2.py:714: UserWarning: `make_tokens_by_line` received a list of lines which do not have lineending markers ('\n', '\r', '\r\n', '\x0b', '\x0c'), behavior will be unspecified
  tokens_by_line = make_tokens_by_line(lines)
/app/ipython/IPython/core/inputtransformer2.py:608: UserWarning: `make_tokens_by_line` received a list of lines which do not have lineending markers ('\n', '\r', '\r\n', '\x0b', '\x0c'), behavior will be unspecified
  tokens_by_line = make_tokens_by_line(lines)
/app/ipython/IPython/core/inputtransformer2.py:714: UserWarning: `make_tokens_by_line` received a list of lines which do not have lineending markers ('\n', '\r', '\r\n', '\x0b', '\x0c'), behavior will be unspecified
  tokens_by_line = make_tokens_by_line(lines)
/app/ipython/IPython/core/inputtransformer2.py:608: UserWarning: `make_tokens_by_line` received a list of lines which do not have lineending markers ('\n', '\r', '\r\n', '\x0b', '\x0c'), behavior will be unspecified
  tokens_by_line = make_tokens_by_line(lines)
/app/ipython/IPython/core/inputtransformer2.py:714: UserWarning: `make_tokens_by_line` received a list of lines which do not have lineending markers ('\n', '\r', '\r\n', '\x0b', '\x0c'), behavior will be unspecified
  tokens_by_line = make_tokens_by_line(lines)
#17128	NEW    cov: 284 ft: 1082 corp: 161/1216b lim: 29 exec/s: 2141 rss: 87Mb L: 25/29 MS: 1 CopyPart-
/app/ipython/IPython/core/inputtransformer2.py:608: UserWarning: `make_tokens_by_line` received a list of lines which do not have lineending markers ('\n', '\r', '\r\n', '\x0b', '\x0c'), behavior will be unspecified
  tokens_by_line = make_tokens_by_line(lines)
/app/ipython/IPython/core/inputtransformer2.py:714: UserWarning: `make_tokens_by_line` received a list of lines which do not have lineending markers ('\n', '\r', '\r\n', '\x0b', '\x0c'), behavior will be unspecified
  tokens_by_line = make_tokens_by_line(lines)
/app/ipython/IPython/core/inputtransformer2.py:608: UserWarning: `make_tokens_by_line` received a list of lines which do not have lineending markers ('\n', '\r', '\r\n', '\x0b', '\x0c'), behavior will be unspecified
  tokens_by_line = make_tokens_by_line(lines)
/app/ipython/IPython/core/inputtransformer2.py:714: UserWarning: `make_tokens_by_line` received a list of lines which do not have lineending markers ('\n', '\r', '\r\n', '\x0b', '\x0c'), behavior will be unspecified
  tokens_by_line = make_tokens_by_line(lines)
/app/ipython/IPython/core/inputtransformer2.py:608: UserWarning: `make_tokens_by_line` received a list of lines which do not have lineending markers ('\n', '\r', '\r\n', '\x0b', '\x0c'), behavior will be unspecified
  tokens_by_line = make_tokens_by_line(lines)
/app/ipython/IPython/core/inputtransformer2.py:714: UserWarning: `make_tokens_by_line` received a list of lines which do not have lineending markers ('\n', '\r', '\r\n', '\x0b', '\x0c'), behavior will be unspecified
  tokens_by_line = make_tokens_by_line(lines)
/app/ipython/IPython/core/inputtransformer2.py:608: UserWarning: `make_tokens_by_line` received a list of lines which do not have lineending markers ('\n', '\r', '\r\n', '\x0b', '\x0c'), behavior will be unspecified
  tokens_by_line = make_tokens_by_line(lines)
/app/ipython/IPython/core/inputtransformer2.py:714: UserWarning: `make_tokens_by_line` received a list of lines which do not have lineending markers ('\n', '\r', '\r\n', '\x0b', '\x0c'), behavior will be unspecified
  tokens_by_line = make_tokens_by_line(lines)
/app/ipython/IPython/core/inputtransformer2.py:608: UserWarning: `make_tokens_by_line` received a list of lines which do not have lineending markers ('\n', '\r', '\r\n', '\x0b', '\x0c'), behavior will be unspecified
  tokens_by_line = make_tokens_by_line(lines)
/app/ipython/IPython/core/inputtransformer2.py:608: UserWarning: `make_tokens_by_line` received a list of lines which do not have lineending markers ('\n', '\r', '\r\n', '\x0b', '\x0c'), behavior will be unspecified
  tokens_by_line = make_tokens_by_line(lines)
/app/ipython/IPython/core/inputtransformer2.py:714: UserWarning: `make_tokens_by_line` received a list of lines which do not have lineending markers ('\n', '\r', '\r\n', '\x0b', '\x0c'), behavior will be unspecified
  tokens_by_line = make_tokens_by_line(lines)
/app/ipython/IPython/core/inputtransformer2.py:608: UserWarning: `make_tokens_by_line` received a list of lines which do not have lineending markers ('\n', '\r', '\r\n', '\x0b', '\x0c'), behavior will be unspecified
  tokens_by_line = make_tokens_by_line(lines)
/app/ipython/IPython/core/inputtransformer2.py:714: UserWarning: `make_tokens_by_line` received a list of lines which do not have lineending markers ('\n', '\r', '\r\n', '\x0b', '\x0c'), behavior will be unspecified
  tokens_by_line = make_tokens_by_line(lines)
/app/ipython/IPython/core/inputtransformer2.py:608: UserWarning: `make_tokens_by_line` received a list of lines which do not have lineending markers ('\n', '\r', '\r\n', '\x0b', '\x0c'), behavior will be unspecified
  tokens_by_line = make_tokens_by_line(lines)
/app/ipython/IPython/core/inputtransformer2.py:714: UserWarning: `make_tokens_by_line` received a list of lines which do not have lineending markers ('\n', '\r', '\r\n', '\x0b', '\x0c'), behavior will be unspecified
  tokens_by_line = make_tokens_by_line(lines)
/app/ipython/IPython/core/inputtransformer2.py:608: UserWarning: `make_tokens_by_line` received a list of lines which do not have lineending markers ('\n', '\r', '\r\n', '\x0b', '\x0c'), behavior will be unspecified
  tokens_by_line = make_tokens_by_line(lines)
/app/ipython/IPython/core/inputtransformer2.py:714: UserWarning: `make_tokens_by_line` received a list of lines which do not have lineending markers ('\n', '\r', '\r\n', '\x0b', '\x0c'), behavior will be unspecified
  tokens_by_line = make_tokens_by_line(lines)
/app/ipython/IPython/core/inputtransformer2.py:608: UserWarning: `make_tokens_by_line` received a list of lines which do not have lineending markers ('\n', '\r', '\r\n', '\x0b', '\x0c'), behavior will be unspecified
  tokens_by_line = make_tokens_by_line(lines)
/app/ipython/IPython/core/inputtransformer2.py:714: UserWarning: `make_tokens_by_line` received a list of lines which do not have lineending markers ('\n', '\r', '\r\n', '\x0b', '\x0c'), behavior will be unspecified
  tokens_by_line = make_tokens_by_line(lines)
#17279	NEW    cov: 284 ft: 1088 corp: 162/1236b lim: 29 exec/s: 2159 rss: 87Mb L: 20/29 MS: 1 CrossOver-
/app/ipython/IPython/core/inputtransformer2.py:608: UserWarning: `make_tokens_by_line` received a list of lines which do not have lineending markers ('\n', '\r', '\r\n', '\x0b', '\x0c'), behavior will be unspecified
  tokens_by_line = make_tokens_by_line(lines)
/app/ipython/IPython/core/inputtransformer2.py:608: UserWarning: `make_tokens_by_line` received a list of lines which do not have lineending markers ('\n', '\r', '\r\n', '\x0b', '\x0c'), behavior will be unspecified
  tokens_by_line = make_tokens_by_line(lines)
/app/ipython/IPython/core/inputtransformer2.py:714: UserWarning: `make_tokens_by_line` received a list of lines which do not have lineending markers ('\n', '\r', '\r\n', '\x0b', '\x0c'), behavior will be unspecified
  tokens_by_line = make_tokens_by_line(lines)
/app/ipython/IPython/core/inputtransformer2.py:608: UserWarning: `make_tokens_by_line` received a list of lines which do not have lineending markers ('\n', '\r', '\r\n', '\x0b', '\x0c'), behavior will be unspecified
  tokens_by_line = make_tokens_by_line(lines)
/app/ipython/IPython/core/inputtransformer2.py:714: UserWarning: `make_tokens_by_line` received a list of lines which do not have lineending markers ('\n', '\r', '\r\n', '\x0b', '\x0c'), behavior will be unspecified
  tokens_by_line = make_tokens_by_line(lines)
/app/ipython/IPython/core/inputtransformer2.py:608: UserWarning: `make_tokens_by_line` received a list of lines which do not have lineending markers ('\n', '\r', '\r\n', '\x0b', '\x0c'), behavior will be unspecified
  tokens_by_line = make_tokens_by_line(lines)
/app/ipython/IPython/core/inputtransformer2.py:714: UserWarning: `make_tokens_by_line` received a list of lines which do not have lineending markers ('\n', '\r', '\r\n', '\x0b', '\x0c'), behavior will be unspecified
  tokens_by_line = make_tokens_by_line(lines)
/app/ipython/IPython/core/inputtransformer2.py:608: UserWarning: `make_tokens_by_line` received a list of lines which do not have lineending markers ('\n', '\r', '\r\n', '\x0b', '\x0c'), behavior will be unspecified
  tokens_by_line = make_tokens_by_line(lines)
/app/ipython/IPython/core/inputtransformer2.py:714: UserWarning: `make_tokens_by_line` received a list of lines which do not have lineending markers ('\n', '\r', '\r\n', '\x0b', '\x0c'), behavior will be unspecified
  tokens_by_line = make_tokens_by_line(lines)
#17370	NEW    cov: 284 ft: 1093 corp: 163/1260b lim: 29 exec/s: 2171 rss: 87Mb L: 24/29 MS: 1 CrossOver-
#17381	REDUCE cov: 284 ft: 1093 corp: 163/1259b lim: 29 exec/s: 2172 rss: 87Mb L: 6/29 MS: 1 EraseBytes-
/app/ipython/IPython/core/inputtransformer2.py:608: UserWarning: `make_tokens_by_line` received a list of lines which do not have lineending markers ('\n', '\r', '\r\n', '\x0b', '\x0c'), behavior will be unspecified
  tokens_by_line = make_tokens_by_line(lines)
/app/ipython/IPython/core/inputtransformer2.py:714: UserWarning: `make_tokens_by_line` received a list of lines which do not have lineending markers ('\n', '\r', '\r\n', '\x0b', '\x0c'), behavior will be unspecified
  tokens_by_line = make_tokens_by_line(lines)
/app/ipython/IPython/core/inputtransformer2.py:608: UserWarning: `make_tokens_by_line` received a list of lines which do not have lineending markers ('\n', '\r', '\r\n', '\x0b', '\x0c'), behavior will be unspecified
  tokens_by_line = make_tokens_by_line(lines)
/app/ipython/IPython/core/inputtransformer2.py:714: UserWarning: `make_tokens_by_line` received a list of lines which do not have lineending markers ('\n', '\r', '\r\n', '\x0b', '\x0c'), behavior will be unspecified
  tokens_by_line = make_tokens_by_line(lines)
/app/ipython/IPython/core/inputtransformer2.py:608: UserWarning: `make_tokens_by_line` received a list of lines which do not have lineending markers ('\n', '\r', '\r\n', '\x0b', '\x0c'), behavior will be unspecified
  tokens_by_line = make_tokens_by_line(lines)
/app/ipython/IPython/core/inputtransformer2.py:714: UserWarning: `make_tokens_by_line` received a list of lines which do not have lineending markers ('\n', '\r', '\r\n', '\x0b', '\x0c'), behavior will be unspecified
  tokens_by_line = make_tokens_by_line(lines)
/app/ipython/IPython/core/inputtransformer2.py:608: UserWarning: `make_tokens_by_line` received a list of lines which do not have lineending markers ('\n', '\r', '\r\n', '\x0b', '\x0c'), behavior will be unspecified
  tokens_by_line = make_tokens_by_line(lines)
/app/ipython/IPython/core/inputtransformer2.py:714: UserWarning: `make_tokens_by_line` received a list of lines which do not have lineending markers ('\n', '\r', '\r\n', '\x0b', '\x0c'), behavior will be unspecified
  tokens_by_line = make_tokens_by_line(lines)
/app/ipython/IPython/core/inputtransformer2.py:608: UserWarning: `make_tokens_by_line` received a list of lines which do not have lineending markers ('\n', '\r', '\r\n', '\x0b', '\x0c'), behavior will be unspecified
  tokens_by_line = make_tokens_by_line(lines)
/app/ipython/IPython/core/inputtransformer2.py:714: UserWarning: `make_tokens_by_line` received a list of lines which do not have lineending markers ('\n', '\r', '\r\n', '\x0b', '\x0c'), behavior will be unspecified
  tokens_by_line = make_tokens_by_line(lines)
/app/ipython/IPython/core/inputtransformer2.py:608: UserWarning: `make_tokens_by_line` received a list of lines which do not have lineending markers ('\n', '\r', '\r\n', '\x0b', '\x0c'), behavior will be unspecified
  tokens_by_line = make_tokens_by_line(lines)
/app/ipython/IPython/core/inputtransformer2.py:714: UserWarning: `make_tokens_by_line` received a list of lines which do not have lineending markers ('\n', '\r', '\r\n', '\x0b', '\x0c'), behavior will be unspecified
  tokens_by_line = make_tokens_by_line(lines)
/app/ipython/IPython/core/inputtransformer2.py:608: UserWarning: `make_tokens_by_line` received a list of lines which do not have lineending markers ('\n', '\r', '\r\n', '\x0b', '\x0c'), behavior will be unspecified
  tokens_by_line = make_tokens_by_line(lines)
/app/ipython/IPython/core/inputtransformer2.py:714: UserWarning: `make_tokens_by_line` received a list of lines which do not have lineending markers ('\n', '\r', '\r\n', '\x0b', '\x0c'), behavior will be unspecified
  tokens_by_line = make_tokens_by_line(lines)
/app/ipython/IPython/core/inputtransformer2.py:608: UserWarning: `make_tokens_by_line` received a list of lines which do not have lineending markers ('\n', '\r', '\r\n', '\x0b', '\x0c'), behavior will be unspecified
  tokens_by_line = make_tokens_by_line(lines)
/app/ipython/IPython/core/inputtransformer2.py:714: UserWarning: `make_tokens_by_line` received a list of lines which do not have lineending markers ('\n', '\r', '\r\n', '\x0b', '\x0c'), behavior will be unspecified
  tokens_by_line = make_tokens_by_line(lines)
/app/ipython/IPython/core/inputtransformer2.py:608: UserWarning: `make_tokens_by_line` received a list of lines which do not have lineending markers ('\n', '\r', '\r\n', '\x0b', '\x0c'), behavior will be unspecified
  tokens_by_line = make_tokens_by_line(lines)
/app/ipython/IPython/core/inputtransformer2.py:714: UserWarning: `make_tokens_by_line` received a list of lines which do not have lineending markers ('\n', '\r', '\r\n', '\x0b', '\x0c'), behavior will be unspecified
  tokens_by_line = make_tokens_by_line(lines)
/app/ipython/IPython/core/inputtransformer2.py:608: UserWarning: `make_tokens_by_line` received a list of lines which do not have lineending markers ('\n', '\r', '\r\n', '\x0b', '\x0c'), behavior will be unspecified
  tokens_by_line = make_tokens_by_line(lines)
/app/ipython/IPython/core/inputtransformer2.py:714: UserWarning: `make_tokens_by_line` received a list of lines which do not have lineending markers ('\n', '\r', '\r\n', '\x0b', '\x0c'), behavior will be unspecified
  tokens_by_line = make_tokens_by_line(lines)
/app/ipython/IPython/core/inputtransformer2.py:608: UserWarning: `make_tokens_by_line` received a list of lines which do not have lineending markers ('\n', '\r', '\r\n', '\x0b', '\x0c'), behavior will be unspecified
  tokens_by_line = make_tokens_by_line(lines)
/app/ipython/IPython/core/inputtransformer2.py:714: UserWarning: `make_tokens_by_line` received a list of lines which do not have lineending markers ('\n', '\r', '\r\n', '\x0b', '\x0c'), behavior will be unspecified
  tokens_by_line = make_tokens_by_line(lines)
/app/ipython/IPython/core/inputtransformer2.py:608: UserWarning: `make_tokens_by_line` received a list of lines which do not have lineending markers ('\n', '\r', '\r\n', '\x0b', '\x0c'), behavior will be unspecified
  tokens_by_line = make_tokens_by_line(lines)
/app/ipython/IPython/core/inputtransformer2.py:714: UserWarning: `make_tokens_by_line` received a list of lines which do not have lineending markers ('\n', '\r', '\r\n', '\x0b', '\x0c'), behavior will be unspecified
  tokens_by_line = make_tokens_by_line(lines)
/app/ipython/IPython/core/inputtransformer2.py:608: UserWarning: `make_tokens_by_line` received a list of lines which do not have lineending markers ('\n', '\r', '\r\n', '\x0b', '\x0c'), behavior will be unspecified
  tokens_by_line = make_tokens_by_line(lines)
/app/ipython/IPython/core/inputtransformer2.py:714: UserWarning: `make_tokens_by_line` received a list of lines which do not have lineending markers ('\n', '\r', '\r\n', '\x0b', '\x0c'), behavior will be unspecified
  tokens_by_line = make_tokens_by_line(lines)
/app/ipython/IPython/core/inputtransformer2.py:608: UserWarning: `make_tokens_by_line` received a list of lines which do not have lineending markers ('\n', '\r', '\r\n', '\x0b', '\x0c'), behavior will be unspecified
  tokens_by_line = make_tokens_by_line(lines)
/app/ipython/IPython/core/inputtransformer2.py:714: UserWarning: `make_tokens_by_line` received a list of lines which do not have lineending markers ('\n', '\r', '\r\n', '\x0b', '\x0c'), behavior will be unspecified
  tokens_by_line = make_tokens_by_line(lines)
/app/ipython/IPython/core/inputtransformer2.py:608: UserWarning: `make_tokens_by_line` received a list of lines which do not have lineending markers ('\n', '\r', '\r\n', '\x0b', '\x0c'), behavior will be unspecified
  tokens_by_line = make_tokens_by_line(lines)
/app/ipython/IPython/core/inputtransformer2.py:714: UserWarning: `make_tokens_by_line` received a list of lines which do not have lineending markers ('\n', '\r', '\r\n', '\x0b', '\x0c'), behavior will be unspecified
  tokens_by_line = make_tokens_by_line(lines)
/app/ipython/IPython/core/inputtransformer2.py:608: UserWarning: `make_tokens_by_line` received a list of lines which do not have lineending markers ('\n', '\r', '\r\n', '\x0b', '\x0c'), behavior will be unspecified
  tokens_by_line = make_tokens_by_line(lines)
/app/ipython/IPython/core/inputtransformer2.py:714: UserWarning: `make_tokens_by_line` received a list of lines which do not have lineending markers ('\n', '\r', '\r\n', '\x0b', '\x0c'), behavior will be unspecified
  tokens_by_line = make_tokens_by_line(lines)
/app/ipython/IPython/core/inputtransformer2.py:608: UserWarning: `make_tokens_by_line` received a list of lines which do not have lineending markers ('\n', '\r', '\r\n', '\x0b', '\x0c'), behavior will be unspecified
  tokens_by_line = make_tokens_by_line(lines)
/app/ipython/IPython/core/inputtransformer2.py:714: UserWarning: `make_tokens_by_line` received a list of lines which do not have lineending markers ('\n', '\r', '\r\n', '\x0b', '\x0c'), behavior will be unspecified
  tokens_by_line = make_tokens_by_line(lines)
/app/ipython/IPython/core/inputtransformer2.py:608: UserWarning: `make_tokens_by_line` received a list of lines which do not have lineending markers ('\n', '\r', '\r\n', '\x0b', '\x0c'), behavior will be unspecified
  tokens_by_line = make_tokens_by_line(lines)
/app/ipython/IPython/core/inputtransformer2.py:714: UserWarning: `make_tokens_by_line` received a list of lines which do not have lineending markers ('\n', '\r', '\r\n', '\x0b', '\x0c'), behavior will be unspecified
  tokens_by_line = make_tokens_by_line(lines)
/app/ipython/IPython/core/inputtransformer2.py:608: UserWarning: `make_tokens_by_line` received a list of lines which do not have lineending markers ('\n', '\r', '\r\n', '\x0b', '\x0c'), behavior will be unspecified
  tokens_by_line = make_tokens_by_line(lines)
/app/ipython/IPython/core/inputtransformer2.py:714: UserWarning: `make_tokens_by_line` received a list of lines which do not have lineending markers ('\n', '\r', '\r\n', '\x0b', '\x0c'), behavior will be unspecified
  tokens_by_line = make_tokens_by_line(lines)
/app/ipython/IPython/core/inputtransformer2.py:608: UserWarning: `make_tokens_by_line` received a list of lines which do not have lineending markers ('\n', '\r', '\r\n', '\x0b', '\x0c'), behavior will be unspecified
  tokens_by_line = make_tokens_by_line(lines)
/app/ipython/IPython/core/inputtransformer2.py:714: UserWarning: `make_tokens_by_line` received a list of lines which do not have lineending markers ('\n', '\r', '\r\n', '\x0b', '\x0c'), behavior will be unspecified
  tokens_by_line = make_tokens_by_line(lines)
/app/ipython/IPython/core/inputtransformer2.py:608: UserWarning: `make_tokens_by_line` received a list of lines which do not have lineending markers ('\n', '\r', '\r\n', '\x0b', '\x0c'), behavior will be unspecified
  tokens_by_line = make_tokens_by_line(lines)
/app/ipython/IPython/core/inputtransformer2.py:714: UserWarning: `make_tokens_by_line` received a list of lines which do not have lineending markers ('\n', '\r', '\r\n', '\x0b', '\x0c'), behavior will be unspecified
  tokens_by_line = make_tokens_by_line(lines)
/app/ipython/IPython/core/inputtransformer2.py:608: UserWarning: `make_tokens_by_line` received a list of lines which do not have lineending markers ('\n', '\r', '\r\n', '\x0b', '\x0c'), behavior will be unspecified
  tokens_by_line = make_tokens_by_line(lines)
/app/ipython/IPython/core/inputtransformer2.py:714: UserWarning: `make_tokens_by_line` received a list of lines which do not have lineending markers ('\n', '\r', '\r\n', '\x0b', '\x0c'), behavior will be unspecified
  tokens_by_line = make_tokens_by_line(lines)
/app/ipython/IPython/core/inputtransformer2.py:608: UserWarning: `make_tokens_by_line` received a list of lines which do not have lineending markers ('\n', '\r', '\r\n', '\x0b', '\x0c'), behavior will be unspecified
  tokens_by_line = make_tokens_by_line(lines)
/app/ipython/IPython/core/inputtransformer2.py:608: UserWarning: `make_tokens_by_line` received a list of lines which do not have lineending markers ('\n', '\r', '\r\n', '\x0b', '\x0c'), behavior will be unspecified
  tokens_by_line = make_tokens_by_line(lines)
/app/ipython/IPython/core/inputtransformer2.py:608: UserWarning: `make_tokens_by_line` received a list of lines which do not have lineending markers ('\n', '\r', '\r\n', '\x0b', '\x0c'), behavior will be unspecified
  tokens_by_line = make_tokens_by_line(lines)
/app/ipython/IPython/core/inputtransformer2.py:608: UserWarning: `make_tokens_by_line` received a list of lines which do not have lineending markers ('\n', '\r', '\r\n', '\x0b', '\x0c'), behavior will be unspecified
  tokens_by_line = make_tokens_by_line(lines)
/app/ipython/IPython/core/inputtransformer2.py:608: UserWarning: `make_tokens_by_line` received a list of lines which do not have lineending markers ('\n', '\r', '\r\n', '\x0b', '\x0c'), behavior will be unspecified
  tokens_by_line = make_tokens_by_line(lines)
/app/ipython/IPython/core/inputtransformer2.py:714: UserWarning: `make_tokens_by_line` received a list of lines which do not have lineending markers ('\n', '\r', '\r\n', '\x0b', '\x0c'), behavior will be unspecified
  tokens_by_line = make_tokens_by_line(lines)
/app/ipython/IPython/core/inputtransformer2.py:608: UserWarning: `make_tokens_by_line` received a list of lines which do not have lineending markers ('\n', '\r', '\r\n', '\x0b', '\x0c'), behavior will be unspecified
  tokens_by_line = make_tokens_by_line(lines)
/app/ipython/IPython/core/inputtransformer2.py:714: UserWarning: `make_tokens_by_line` received a list of lines which do not have lineending markers ('\n', '\r', '\r\n', '\x0b', '\x0c'), behavior will be unspecified
  tokens_by_line = make_tokens_by_line(lines)
/app/ipython/IPython/core/inputtransformer2.py:608: UserWarning: `make_tokens_by_line` received a list of lines which do not have lineending markers ('\n', '\r', '\r\n', '\x0b', '\x0c'), behavior will be unspecified
  tokens_by_line = make_tokens_by_line(lines)
/app/ipython/IPython/core/inputtransformer2.py:714: UserWarning: `make_tokens_by_line` received a list of lines which do not have lineending markers ('\n', '\r', '\r\n', '\x0b', '\x0c'), behavior will be unspecified
  tokens_by_line = make_tokens_by_line(lines)
/app/ipython/IPython/core/inputtransformer2.py:608: UserWarning: `make_tokens_by_line` received a list of lines which do not have lineending markers ('\n', '\r', '\r\n', '\x0b', '\x0c'), behavior will be unspecified
  tokens_by_line = make_tokens_by_line(lines)
/app/ipython/IPython/core/inputtransformer2.py:714: UserWarning: `make_tokens_by_line` received a list of lines which do not have lineending markers ('\n', '\r', '\r\n', '\x0b', '\x0c'), behavior will be unspecified
  tokens_by_line = make_tokens_by_line(lines)
/app/ipython/IPython/core/inputtransformer2.py:608: UserWarning: `make_tokens_by_line` received a list of lines which do not have lineending markers ('\n', '\r', '\r\n', '\x0b', '\x0c'), behavior will be unspecified
  tokens_by_line = make_tokens_by_line(lines)
/app/ipython/IPython/core/inputtransformer2.py:714: UserWarning: `make_tokens_by_line` received a list of lines which do not have lineending markers ('\n', '\r', '\r\n', '\x0b', '\x0c'), behavior will be unspecified
  tokens_by_line = make_tokens_by_line(lines)
#18084	NEW    cov: 286 ft: 1095 corp: 164/1263b lim: 33 exec/s: 2260 rss: 87Mb L: 4/29 MS: 3 ChangeBit-ChangeByte-CrossOver-
/app/ipython/IPython/core/inputtransformer2.py:608: UserWarning: `make_tokens_by_line` received a list of lines which do not have lineending markers ('\n', '\r', '\r\n', '\x0b', '\x0c'), behavior will be unspecified
  tokens_by_line = make_tokens_by_line(lines)
/app/ipython/IPython/core/inputtransformer2.py:714: UserWarning: `make_tokens_by_line` received a list of lines which do not have lineending markers ('\n', '\r', '\r\n', '\x0b', '\x0c'), behavior will be unspecified
  tokens_by_line = make_tokens_by_line(lines)
/app/ipython/IPython/core/inputtransformer2.py:608: UserWarning: `make_tokens_by_line` received a list of lines which do not have lineending markers ('\n', '\r', '\r\n', '\x0b', '\x0c'), behavior will be unspecified
  tokens_by_line = make_tokens_by_line(lines)
/app/ipython/IPython/core/inputtransformer2.py:714: UserWarning: `make_tokens_by_line` received a list of lines which do not have lineending markers ('\n', '\r', '\r\n', '\x0b', '\x0c'), behavior will be unspecified
  tokens_by_line = make_tokens_by_line(lines)
/app/ipython/IPython/core/inputtransformer2.py:608: UserWarning: `make_tokens_by_line` received a list of lines which do not have lineending markers ('\n', '\r', '\r\n', '\x0b', '\x0c'), behavior will be unspecified
  tokens_by_line = make_tokens_by_line(lines)
/app/ipython/IPython/core/inputtransformer2.py:714: UserWarning: `make_tokens_by_line` received a list of lines which do not have lineending markers ('\n', '\r', '\r\n', '\x0b', '\x0c'), behavior will be unspecified
  tokens_by_line = make_tokens_by_line(lines)
/app/ipython/IPython/core/inputtransformer2.py:608: UserWarning: `make_tokens_by_line` received a list of lines which do not have lineending markers ('\n', '\r', '\r\n', '\x0b', '\x0c'), behavior will be unspecified
  tokens_by_line = make_tokens_by_line(lines)
/app/ipython/IPython/core/inputtransformer2.py:714: UserWarning: `make_tokens_by_line` received a list of lines which do not have lineending markers ('\n', '\r', '\r\n', '\x0b', '\x0c'), behavior will be unspecified
  tokens_by_line = make_tokens_by_line(lines)
#18122	REDUCE cov: 286 ft: 1096 corp: 165/1287b lim: 33 exec/s: 2265 rss: 87Mb L: 24/29 MS: 3 InsertRepeatedBytes-EraseBytes-CrossOver-
/app/ipython/IPython/core/inputtransformer2.py:608: UserWarning: `make_tokens_by_line` received a list of lines which do not have lineending markers ('\n', '\r', '\r\n', '\x0b', '\x0c'), behavior will be unspecified
  tokens_by_line = make_tokens_by_line(lines)
/app/ipython/IPython/core/inputtransformer2.py:714: UserWarning: `make_tokens_by_line` received a list of lines which do not have lineending markers ('\n', '\r', '\r\n', '\x0b', '\x0c'), behavior will be unspecified
  tokens_by_line = make_tokens_by_line(lines)
/app/ipython/IPython/core/inputtransformer2.py:608: UserWarning: `make_tokens_by_line` received a list of lines which do not have lineending markers ('\n', '\r', '\r\n', '\x0b', '\x0c'), behavior will be unspecified
  tokens_by_line = make_tokens_by_line(lines)
/app/ipython/IPython/core/inputtransformer2.py:714: UserWarning: `make_tokens_by_line` received a list of lines which do not have lineending markers ('\n', '\r', '\r\n', '\x0b', '\x0c'), behavior will be unspecified
  tokens_by_line = make_tokens_by_line(lines)
/app/ipython/IPython/core/inputtransformer2.py:608: UserWarning: `make_tokens_by_line` received a list of lines which do not have lineending markers ('\n', '\r', '\r\n', '\x0b', '\x0c'), behavior will be unspecified
  tokens_by_line = make_tokens_by_line(lines)
/app/ipython/IPython/core/inputtransformer2.py:714: UserWarning: `make_tokens_by_line` received a list of lines which do not have lineending markers ('\n', '\r', '\r\n', '\x0b', '\x0c'), behavior will be unspecified
  tokens_by_line = make_tokens_by_line(lines)
/app/ipython/IPython/core/inputtransformer2.py:608: UserWarning: `make_tokens_by_line` received a list of lines which do not have lineending markers ('\n', '\r', '\r\n', '\x0b', '\x0c'), behavior will be unspecified
  tokens_by_line = make_tokens_by_line(lines)
/app/ipython/IPython/core/inputtransformer2.py:714: UserWarning: `make_tokens_by_line` received a list of lines which do not have lineending markers ('\n', '\r', '\r\n', '\x0b', '\x0c'), behavior will be unspecified
  tokens_by_line = make_tokens_by_line(lines)
/app/ipython/IPython/core/inputtransformer2.py:608: UserWarning: `make_tokens_by_line` received a list of lines which do not have lineending markers ('\n', '\r', '\r\n', '\x0b', '\x0c'), behavior will be unspecified
  tokens_by_line = make_tokens_by_line(lines)
/app/ipython/IPython/core/inputtransformer2.py:608: UserWarning: `make_tokens_by_line` received a list of lines which do not have lineending markers ('\n', '\r', '\r\n', '\x0b', '\x0c'), behavior will be unspecified
  tokens_by_line = make_tokens_by_line(lines)
/app/ipython/IPython/core/inputtransformer2.py:608: UserWarning: `make_tokens_by_line` received a list of lines which do not have lineending markers ('\n', '\r', '\r\n', '\x0b', '\x0c'), behavior will be unspecified
  tokens_by_line = make_tokens_by_line(lines)
/app/ipython/IPython/core/inputtransformer2.py:714: UserWarning: `make_tokens_by_line` received a list of lines which do not have lineending markers ('\n', '\r', '\r\n', '\x0b', '\x0c'), behavior will be unspecified
  tokens_by_line = make_tokens_by_line(lines)
/app/ipython/IPython/core/inputtransformer2.py:608: UserWarning: `make_tokens_by_line` received a list of lines which do not have lineending markers ('\n', '\r', '\r\n', '\x0b', '\x0c'), behavior will be unspecified
  tokens_by_line = make_tokens_by_line(lines)
/app/ipython/IPython/core/inputtransformer2.py:714: UserWarning: `make_tokens_by_line` received a list of lines which do not have lineending markers ('\n', '\r', '\r\n', '\x0b', '\x0c'), behavior will be unspecified
  tokens_by_line = make_tokens_by_line(lines)
/app/ipython/IPython/core/inputtransformer2.py:608: UserWarning: `make_tokens_by_line` received a list of lines which do not have lineending markers ('\n', '\r', '\r\n', '\x0b', '\x0c'), behavior will be unspecified
  tokens_by_line = make_tokens_by_line(lines)
/app/ipython/IPython/core/inputtransformer2.py:714: UserWarning: `make_tokens_by_line` received a list of lines which do not have lineending markers ('\n', '\r', '\r\n', '\x0b', '\x0c'), behavior will be unspecified
  tokens_by_line = make_tokens_by_line(lines)
/app/ipython/IPython/core/inputtransformer2.py:608: UserWarning: `make_tokens_by_line` received a list of lines which do not have lineending markers ('\n', '\r', '\r\n', '\x0b', '\x0c'), behavior will be unspecified
  tokens_by_line = make_tokens_by_line(lines)
/app/ipython/IPython/core/inputtransformer2.py:608: UserWarning: `make_tokens_by_line` received a list of lines which do not have lineending markers ('\n', '\r', '\r\n', '\x0b', '\x0c'), behavior will be unspecified
  tokens_by_line = make_tokens_by_line(lines)
/app/ipython/IPython/core/inputtransformer2.py:608: UserWarning: `make_tokens_by_line` received a list of lines which do not have lineending markers ('\n', '\r', '\r\n', '\x0b', '\x0c'), behavior will be unspecified
  tokens_by_line = make_tokens_by_line(lines)
/app/ipython/IPython/core/inputtransformer2.py:714: UserWarning: `make_tokens_by_line` received a list of lines which do not have lineending markers ('\n', '\r', '\r\n', '\x0b', '\x0c'), behavior will be unspecified
  tokens_by_line = make_tokens_by_line(lines)
/app/ipython/IPython/core/inputtransformer2.py:608: UserWarning: `make_tokens_by_line` received a list of lines which do not have lineending markers ('\n', '\r', '\r\n', '\x0b', '\x0c'), behavior will be unspecified
  tokens_by_line = make_tokens_by_line(lines)
/app/ipython/IPython/core/inputtransformer2.py:714: UserWarning: `make_tokens_by_line` received a list of lines which do not have lineending markers ('\n', '\r', '\r\n', '\x0b', '\x0c'), behavior will be unspecified
  tokens_by_line = make_tokens_by_line(lines)
/app/ipython/IPython/core/inputtransformer2.py:608: UserWarning: `make_tokens_by_line` received a list of lines which do not have lineending markers ('\n', '\r', '\r\n', '\x0b', '\x0c'), behavior will be unspecified
  tokens_by_line = make_tokens_by_line(lines)
/app/ipython/IPython/core/inputtransformer2.py:714: UserWarning: `make_tokens_by_line` received a list of lines which do not have lineending markers ('\n', '\r', '\r\n', '\x0b', '\x0c'), behavior will be unspecified
  tokens_by_line = make_tokens_by_line(lines)
/app/ipython/IPython/core/inputtransformer2.py:608: UserWarning: `make_tokens_by_line` received a list of lines which do not have lineending markers ('\n', '\r', '\r\n', '\x0b', '\x0c'), behavior will be unspecified
  tokens_by_line = make_tokens_by_line(lines)
/app/ipython/IPython/core/inputtransformer2.py:714: UserWarning: `make_tokens_by_line` received a list of lines which do not have lineending markers ('\n', '\r', '\r\n', '\x0b', '\x0c'), behavior will be unspecified
  tokens_by_line = make_tokens_by_line(lines)
/app/ipython/IPython/core/inputtransformer2.py:608: UserWarning: `make_tokens_by_line` received a list of lines which do not have lineending markers ('\n', '\r', '\r\n', '\x0b', '\x0c'), behavior will be unspecified
  tokens_by_line = make_tokens_by_line(lines)
/app/ipython/IPython/core/inputtransformer2.py:714: UserWarning: `make_tokens_by_line` received a list of lines which do not have lineending markers ('\n', '\r', '\r\n', '\x0b', '\x0c'), behavior will be unspecified
  tokens_by_line = make_tokens_by_line(lines)
/app/ipython/IPython/core/inputtransformer2.py:608: UserWarning: `make_tokens_by_line` received a list of lines which do not have lineending markers ('\n', '\r', '\r\n', '\x0b', '\x0c'), behavior will be unspecified
  tokens_by_line = make_tokens_by_line(lines)
/app/ipython/IPython/core/inputtransformer2.py:714: UserWarning: `make_tokens_by_line` received a list of lines which do not have lineending markers ('\n', '\r', '\r\n', '\x0b', '\x0c'), behavior will be unspecified
  tokens_by_line = make_tokens_by_line(lines)
/app/ipython/IPython/core/inputtransformer2.py:608: UserWarning: `make_tokens_by_line` received a list of lines which do not have lineending markers ('\n', '\r', '\r\n', '\x0b', '\x0c'), behavior will be unspecified
  tokens_by_line = make_tokens_by_line(lines)
/app/ipython/IPython/core/inputtransformer2.py:714: UserWarning: `make_tokens_by_line` received a list of lines which do not have lineending markers ('\n', '\r', '\r\n', '\x0b', '\x0c'), behavior will be unspecified
  tokens_by_line = make_tokens_by_line(lines)
/app/ipython/IPython/core/inputtransformer2.py:608: UserWarning: `make_tokens_by_line` received a list of lines which do not have lineending markers ('\n', '\r', '\r\n', '\x0b', '\x0c'), behavior will be unspecified
  tokens_by_line = make_tokens_by_line(lines)
/app/ipython/IPython/core/inputtransformer2.py:714: UserWarning: `make_tokens_by_line` received a list of lines which do not have lineending markers ('\n', '\r', '\r\n', '\x0b', '\x0c'), behavior will be unspecified
  tokens_by_line = make_tokens_by_line(lines)
/app/ipython/IPython/core/inputtransformer2.py:608: UserWarning: `make_tokens_by_line` received a list of lines which do not have lineending markers ('\n', '\r', '\r\n', '\x0b', '\x0c'), behavior will be unspecified
  tokens_by_line = make_tokens_by_line(lines)
/app/ipython/IPython/core/inputtransformer2.py:714: UserWarning: `make_tokens_by_line` received a list of lines which do not have lineending markers ('\n', '\r', '\r\n', '\x0b', '\x0c'), behavior will be unspecified
  tokens_by_line = make_tokens_by_line(lines)
/app/ipython/IPython/core/inputtransformer2.py:608: UserWarning: `make_tokens_by_line` received a list of lines which do not have lineending markers ('\n', '\r', '\r\n', '\x0b', '\x0c'), behavior will be unspecified
  tokens_by_line = make_tokens_by_line(lines)
/app/ipython/IPython/core/inputtransformer2.py:714: UserWarning: `make_tokens_by_line` received a list of lines which do not have lineending markers ('\n', '\r', '\r\n', '\x0b', '\x0c'), behavior will be unspecified
  tokens_by_line = make_tokens_by_line(lines)
/app/ipython/IPython/core/inputtransformer2.py:608: UserWarning: `make_tokens_by_line` received a list of lines which do not have lineending markers ('\n', '\r', '\r\n', '\x0b', '\x0c'), behavior will be unspecified
  tokens_by_line = make_tokens_by_line(lines)
#18375	NEW    cov: 286 ft: 1098 corp: 166/1313b lim: 33 exec/s: 2041 rss: 87Mb L: 26/29 MS: 3 PersAutoDict-ShuffleBytes-CrossOver- DE: "\377\377\377\377"-
/app/ipython/IPython/core/inputtransformer2.py:608: UserWarning: `make_tokens_by_line` received a list of lines which do not have lineending markers ('\n', '\r', '\r\n', '\x0b', '\x0c'), behavior will be unspecified
  tokens_by_line = make_tokens_by_line(lines)
/app/ipython/IPython/core/inputtransformer2.py:608: UserWarning: `make_tokens_by_line` received a list of lines which do not have lineending markers ('\n', '\r', '\r\n', '\x0b', '\x0c'), behavior will be unspecified
  tokens_by_line = make_tokens_by_line(lines)
/app/ipython/IPython/core/inputtransformer2.py:608: UserWarning: `make_tokens_by_line` received a list of lines which do not have lineending markers ('\n', '\r', '\r\n', '\x0b', '\x0c'), behavior will be unspecified
  tokens_by_line = make_tokens_by_line(lines)
/app/ipython/IPython/core/inputtransformer2.py:608: UserWarning: `make_tokens_by_line` received a list of lines which do not have lineending markers ('\n', '\r', '\r\n', '\x0b', '\x0c'), behavior will be unspecified
  tokens_by_line = make_tokens_by_line(lines)
/app/ipython/IPython/core/inputtransformer2.py:608: UserWarning: `make_tokens_by_line` received a list of lines which do not have lineending markers ('\n', '\r', '\r\n', '\x0b', '\x0c'), behavior will be unspecified
  tokens_by_line = make_tokens_by_line(lines)
/app/ipython/IPython/core/inputtransformer2.py:714: UserWarning: `make_tokens_by_line` received a list of lines which do not have lineending markers ('\n', '\r', '\r\n', '\x0b', '\x0c'), behavior will be unspecified
  tokens_by_line = make_tokens_by_line(lines)
/app/ipython/IPython/core/inputtransformer2.py:608: UserWarning: `make_tokens_by_line` received a list of lines which do not have lineending markers ('\n', '\r', '\r\n', '\x0b', '\x0c'), behavior will be unspecified
  tokens_by_line = make_tokens_by_line(lines)
/app/ipython/IPython/core/inputtransformer2.py:714: UserWarning: `make_tokens_by_line` received a list of lines which do not have lineending markers ('\n', '\r', '\r\n', '\x0b', '\x0c'), behavior will be unspecified
  tokens_by_line = make_tokens_by_line(lines)
/app/ipython/IPython/core/inputtransformer2.py:608: UserWarning: `make_tokens_by_line` received a list of lines which do not have lineending markers ('\n', '\r', '\r\n', '\x0b', '\x0c'), behavior will be unspecified
  tokens_by_line = make_tokens_by_line(lines)
/app/ipython/IPython/core/inputtransformer2.py:714: UserWarning: `make_tokens_by_line` received a list of lines which do not have lineending markers ('\n', '\r', '\r\n', '\x0b', '\x0c'), behavior will be unspecified
  tokens_by_line = make_tokens_by_line(lines)
/app/ipython/IPython/core/inputtransformer2.py:608: UserWarning: `make_tokens_by_line` received a list of lines which do not have lineending markers ('\n', '\r', '\r\n', '\x0b', '\x0c'), behavior will be unspecified
  tokens_by_line = make_tokens_by_line(lines)
/app/ipython/IPython/core/inputtransformer2.py:714: UserWarning: `make_tokens_by_line` received a list of lines which do not have lineending markers ('\n', '\r', '\r\n', '\x0b', '\x0c'), behavior will be unspecified
  tokens_by_line = make_tokens_by_line(lines)
/app/ipython/IPython/core/inputtransformer2.py:608: UserWarning: `make_tokens_by_line` received a list of lines which do not have lineending markers ('\n', '\r', '\r\n', '\x0b', '\x0c'), behavior will be unspecified
  tokens_by_line = make_tokens_by_line(lines)
/app/ipython/IPython/core/inputtransformer2.py:714: UserWarning: `make_tokens_by_line` received a list of lines which do not have lineending markers ('\n', '\r', '\r\n', '\x0b', '\x0c'), behavior will be unspecified
  tokens_by_line = make_tokens_by_line(lines)
/app/ipython/IPython/core/inputtransformer2.py:608: UserWarning: `make_tokens_by_line` received a list of lines which do not have lineending markers ('\n', '\r', '\r\n', '\x0b', '\x0c'), behavior will be unspecified
  tokens_by_line = make_tokens_by_line(lines)
/app/ipython/IPython/core/inputtransformer2.py:608: UserWarning: `make_tokens_by_line` received a list of lines which do not have lineending markers ('\n', '\r', '\r\n', '\x0b', '\x0c'), behavior will be unspecified
  tokens_by_line = make_tokens_by_line(lines)
/app/ipython/IPython/core/inputtransformer2.py:714: UserWarning: `make_tokens_by_line` received a list of lines which do not have lineending markers ('\n', '\r', '\r\n', '\x0b', '\x0c'), behavior will be unspecified
  tokens_by_line = make_tokens_by_line(lines)
#18501	REDUCE cov: 286 ft: 1098 corp: 166/1312b lim: 33 exec/s: 2055 rss: 87Mb L: 5/29 MS: 1 EraseBytes-
/app/ipython/IPython/core/inputtransformer2.py:608: UserWarning: `make_tokens_by_line` received a list of lines which do not have lineending markers ('\n', '\r', '\r\n', '\x0b', '\x0c'), behavior will be unspecified
  tokens_by_line = make_tokens_by_line(lines)
/app/ipython/IPython/core/inputtransformer2.py:714: UserWarning: `make_tokens_by_line` received a list of lines which do not have lineending markers ('\n', '\r', '\r\n', '\x0b', '\x0c'), behavior will be unspecified
  tokens_by_line = make_tokens_by_line(lines)
/app/ipython/IPython/core/inputtransformer2.py:608: UserWarning: `make_tokens_by_line` received a list of lines which do not have lineending markers ('\n', '\r', '\r\n', '\x0b', '\x0c'), behavior will be unspecified
  tokens_by_line = make_tokens_by_line(lines)
/app/ipython/IPython/core/inputtransformer2.py:714: UserWarning: `make_tokens_by_line` received a list of lines which do not have lineending markers ('\n', '\r', '\r\n', '\x0b', '\x0c'), behavior will be unspecified
  tokens_by_line = make_tokens_by_line(lines)
/app/ipython/IPython/core/inputtransformer2.py:608: UserWarning: `make_tokens_by_line` received a list of lines which do not have lineending markers ('\n', '\r', '\r\n', '\x0b', '\x0c'), behavior will be unspecified
  tokens_by_line = make_tokens_by_line(lines)
/app/ipython/IPython/core/inputtransformer2.py:714: UserWarning: `make_tokens_by_line` received a list of lines which do not have lineending markers ('\n', '\r', '\r\n', '\x0b', '\x0c'), behavior will be unspecified
  tokens_by_line = make_tokens_by_line(lines)
/app/ipython/IPython/core/inputtransformer2.py:608: UserWarning: `make_tokens_by_line` received a list of lines which do not have lineending markers ('\n', '\r', '\r\n', '\x0b', '\x0c'), behavior will be unspecified
  tokens_by_line = make_tokens_by_line(lines)
/app/ipython/IPython/core/inputtransformer2.py:714: UserWarning: `make_tokens_by_line` received a list of lines which do not have lineending markers ('\n', '\r', '\r\n', '\x0b', '\x0c'), behavior will be unspecified
  tokens_by_line = make_tokens_by_line(lines)
/app/ipython/IPython/core/inputtransformer2.py:608: UserWarning: `make_tokens_by_line` received a list of lines which do not have lineending markers ('\n', '\r', '\r\n', '\x0b', '\x0c'), behavior will be unspecified
  tokens_by_line = make_tokens_by_line(lines)
/app/ipython/IPython/core/inputtransformer2.py:608: UserWarning: `make_tokens_by_line` received a list of lines which do not have lineending markers ('\n', '\r', '\r\n', '\x0b', '\x0c'), behavior will be unspecified
  tokens_by_line = make_tokens_by_line(lines)
/app/ipython/IPython/core/inputtransformer2.py:608: UserWarning: `make_tokens_by_line` received a list of lines which do not have lineending markers ('\n', '\r', '\r\n', '\x0b', '\x0c'), behavior will be unspecified
  tokens_by_line = make_tokens_by_line(lines)
/app/ipython/IPython/core/inputtransformer2.py:714: UserWarning: `make_tokens_by_line` received a list of lines which do not have lineending markers ('\n', '\r', '\r\n', '\x0b', '\x0c'), behavior will be unspecified
  tokens_by_line = make_tokens_by_line(lines)
#18599	NEW    cov: 286 ft: 1099 corp: 167/1342b lim: 33 exec/s: 2066 rss: 87Mb L: 30/30 MS: 3 ChangeBit-PersAutoDict-ChangeBinInt- DE: "\377\377\377\377"-
#18629	REDUCE cov: 286 ft: 1106 corp: 168/1366b lim: 33 exec/s: 2069 rss: 87Mb L: 24/30 MS: 5 CopyPart-InsertRepeatedBytes-ShuffleBytes-ChangeBit-CrossOver-
#18701	NEW    cov: 286 ft: 1107 corp: 169/1393b lim: 33 exec/s: 2077 rss: 87Mb L: 27/30 MS: 2 InsertByte-CrossOver-
/app/ipython/IPython/core/inputtransformer2.py:608: UserWarning: `make_tokens_by_line` received a list of lines which do not have lineending markers ('\n', '\r', '\r\n', '\x0b', '\x0c'), behavior will be unspecified
  tokens_by_line = make_tokens_by_line(lines)
/app/ipython/IPython/core/inputtransformer2.py:714: UserWarning: `make_tokens_by_line` received a list of lines which do not have lineending markers ('\n', '\r', '\r\n', '\x0b', '\x0c'), behavior will be unspecified
  tokens_by_line = make_tokens_by_line(lines)
/app/ipython/IPython/core/inputtransformer2.py:608: UserWarning: `make_tokens_by_line` received a list of lines which do not have lineending markers ('\n', '\r', '\r\n', '\x0b', '\x0c'), behavior will be unspecified
  tokens_by_line = make_tokens_by_line(lines)
/app/ipython/IPython/core/inputtransformer2.py:714: UserWarning: `make_tokens_by_line` received a list of lines which do not have lineending markers ('\n', '\r', '\r\n', '\x0b', '\x0c'), behavior will be unspecified
  tokens_by_line = make_tokens_by_line(lines)
/app/ipython/IPython/core/inputtransformer2.py:608: UserWarning: `make_tokens_by_line` received a list of lines which do not have lineending markers ('\n', '\r', '\r\n', '\x0b', '\x0c'), behavior will be unspecified
  tokens_by_line = make_tokens_by_line(lines)
#18872	REDUCE cov: 286 ft: 1107 corp: 169/1391b lim: 33 exec/s: 2096 rss: 87Mb L: 12/30 MS: 1 EraseBytes-
/app/ipython/IPython/core/inputtransformer2.py:608: UserWarning: `make_tokens_by_line` received a list of lines which do not have lineending markers ('\n', '\r', '\r\n', '\x0b', '\x0c'), behavior will be unspecified
  tokens_by_line = make_tokens_by_line(lines)
/app/ipython/IPython/core/inputtransformer2.py:608: UserWarning: `make_tokens_by_line` received a list of lines which do not have lineending markers ('\n', '\r', '\r\n', '\x0b', '\x0c'), behavior will be unspecified
  tokens_by_line = make_tokens_by_line(lines)
/app/ipython/IPython/core/inputtransformer2.py:608: UserWarning: `make_tokens_by_line` received a list of lines which do not have lineending markers ('\n', '\r', '\r\n', '\x0b', '\x0c'), behavior will be unspecified
  tokens_by_line = make_tokens_by_line(lines)
/app/ipython/IPython/core/inputtransformer2.py:608: UserWarning: `make_tokens_by_line` received a list of lines which do not have lineending markers ('\n', '\r', '\r\n', '\x0b', '\x0c'), behavior will be unspecified
  tokens_by_line = make_tokens_by_line(lines)
/app/ipython/IPython/core/inputtransformer2.py:608: UserWarning: `make_tokens_by_line` received a list of lines which do not have lineending markers ('\n', '\r', '\r\n', '\x0b', '\x0c'), behavior will be unspecified
  tokens_by_line = make_tokens_by_line(lines)
/app/ipython/IPython/core/inputtransformer2.py:714: UserWarning: `make_tokens_by_line` received a list of lines which do not have lineending markers ('\n', '\r', '\r\n', '\x0b', '\x0c'), behavior will be unspecified
  tokens_by_line = make_tokens_by_line(lines)
/app/ipython/IPython/core/inputtransformer2.py:608: UserWarning: `make_tokens_by_line` received a list of lines which do not have lineending markers ('\n', '\r', '\r\n', '\x0b', '\x0c'), behavior will be unspecified
  tokens_by_line = make_tokens_by_line(lines)
/app/ipython/IPython/core/inputtransformer2.py:714: UserWarning: `make_tokens_by_line` received a list of lines which do not have lineending markers ('\n', '\r', '\r\n', '\x0b', '\x0c'), behavior will be unspecified
  tokens_by_line = make_tokens_by_line(lines)
/app/ipython/IPython/core/inputtransformer2.py:608: UserWarning: `make_tokens_by_line` received a list of lines which do not have lineending markers ('\n', '\r', '\r\n', '\x0b', '\x0c'), behavior will be unspecified
  tokens_by_line = make_tokens_by_line(lines)
/app/ipython/IPython/core/inputtransformer2.py:714: UserWarning: `make_tokens_by_line` received a list of lines which do not have lineending markers ('\n', '\r', '\r\n', '\x0b', '\x0c'), behavior will be unspecified
  tokens_by_line = make_tokens_by_line(lines)
/app/ipython/IPython/core/inputtransformer2.py:608: UserWarning: `make_tokens_by_line` received a list of lines which do not have lineending markers ('\n', '\r', '\r\n', '\x0b', '\x0c'), behavior will be unspecified
  tokens_by_line = make_tokens_by_line(lines)
/app/ipython/IPython/core/inputtransformer2.py:714: UserWarning: `make_tokens_by_line` received a list of lines which do not have lineending markers ('\n', '\r', '\r\n', '\x0b', '\x0c'), behavior will be unspecified
  tokens_by_line = make_tokens_by_line(lines)
/app/ipython/IPython/core/inputtransformer2.py:608: UserWarning: `make_tokens_by_line` received a list of lines which do not have lineending markers ('\n', '\r', '\r\n', '\x0b', '\x0c'), behavior will be unspecified
  tokens_by_line = make_tokens_by_line(lines)
/app/ipython/IPython/core/inputtransformer2.py:714: UserWarning: `make_tokens_by_line` received a list of lines which do not have lineending markers ('\n', '\r', '\r\n', '\x0b', '\x0c'), behavior will be unspecified
  tokens_by_line = make_tokens_by_line(lines)
/app/ipython/IPython/core/inputtransformer2.py:608: UserWarning: `make_tokens_by_line` received a list of lines which do not have lineending markers ('\n', '\r', '\r\n', '\x0b', '\x0c'), behavior will be unspecified
  tokens_by_line = make_tokens_by_line(lines)
/app/ipython/IPython/core/inputtransformer2.py:714: UserWarning: `make_tokens_by_line` received a list of lines which do not have lineending markers ('\n', '\r', '\r\n', '\x0b', '\x0c'), behavior will be unspecified
  tokens_by_line = make_tokens_by_line(lines)
/app/ipython/IPython/core/inputtransformer2.py:608: UserWarning: `make_tokens_by_line` received a list of lines which do not have lineending markers ('\n', '\r', '\r\n', '\x0b', '\x0c'), behavior will be unspecified
  tokens_by_line = make_tokens_by_line(lines)
/app/ipython/IPython/core/inputtransformer2.py:714: UserWarning: `make_tokens_by_line` received a list of lines which do not have lineending markers ('\n', '\r', '\r\n', '\x0b', '\x0c'), behavior will be unspecified
  tokens_by_line = make_tokens_by_line(lines)
/app/ipython/IPython/core/inputtransformer2.py:608: UserWarning: `make_tokens_by_line` received a list of lines which do not have lineending markers ('\n', '\r', '\r\n', '\x0b', '\x0c'), behavior will be unspecified
  tokens_by_line = make_tokens_by_line(lines)
/app/ipython/IPython/core/inputtransformer2.py:714: UserWarning: `make_tokens_by_line` received a list of lines which do not have lineending markers ('\n', '\r', '\r\n', '\x0b', '\x0c'), behavior will be unspecified
  tokens_by_line = make_tokens_by_line(lines)
/app/ipython/IPython/core/inputtransformer2.py:608: UserWarning: `make_tokens_by_line` received a list of lines which do not have lineending markers ('\n', '\r', '\r\n', '\x0b', '\x0c'), behavior will be unspecified
  tokens_by_line = make_tokens_by_line(lines)
/app/ipython/IPython/core/inputtransformer2.py:714: UserWarning: `make_tokens_by_line` received a list of lines which do not have lineending markers ('\n', '\r', '\r\n', '\x0b', '\x0c'), behavior will be unspecified
  tokens_by_line = make_tokens_by_line(lines)
#19003	REDUCE cov: 286 ft: 1107 corp: 169/1390b lim: 33 exec/s: 2111 rss: 87Mb L: 10/30 MS: 1 EraseBytes-
#19004	REDUCE cov: 286 ft: 1107 corp: 169/1386b lim: 33 exec/s: 2111 rss: 87Mb L: 11/30 MS: 1 EraseBytes-
/app/ipython/IPython/core/inputtransformer2.py:608: UserWarning: `make_tokens_by_line` received a list of lines which do not have lineending markers ('\n', '\r', '\r\n', '\x0b', '\x0c'), behavior will be unspecified
  tokens_by_line = make_tokens_by_line(lines)
/app/ipython/IPython/core/inputtransformer2.py:608: UserWarning: `make_tokens_by_line` received a list of lines which do not have lineending markers ('\n', '\r', '\r\n', '\x0b', '\x0c'), behavior will be unspecified
  tokens_by_line = make_tokens_by_line(lines)
/app/ipython/IPython/core/inputtransformer2.py:608: UserWarning: `make_tokens_by_line` received a list of lines which do not have lineending markers ('\n', '\r', '\r\n', '\x0b', '\x0c'), behavior will be unspecified
  tokens_by_line = make_tokens_by_line(lines)
/app/ipython/IPython/core/inputtransformer2.py:608: UserWarning: `make_tokens_by_line` received a list of lines which do not have lineending markers ('\n', '\r', '\r\n', '\x0b', '\x0c'), behavior will be unspecified
  tokens_by_line = make_tokens_by_line(lines)
/app/ipython/IPython/core/inputtransformer2.py:714: UserWarning: `make_tokens_by_line` received a list of lines which do not have lineending markers ('\n', '\r', '\r\n', '\x0b', '\x0c'), behavior will be unspecified
  tokens_by_line = make_tokens_by_line(lines)
/app/ipython/IPython/core/inputtransformer2.py:608: UserWarning: `make_tokens_by_line` received a list of lines which do not have lineending markers ('\n', '\r', '\r\n', '\x0b', '\x0c'), behavior will be unspecified
  tokens_by_line = make_tokens_by_line(lines)
/app/ipython/IPython/core/inputtransformer2.py:714: UserWarning: `make_tokens_by_line` received a list of lines which do not have lineending markers ('\n', '\r', '\r\n', '\x0b', '\x0c'), behavior will be unspecified
  tokens_by_line = make_tokens_by_line(lines)
/app/ipython/IPython/core/inputtransformer2.py:608: UserWarning: `make_tokens_by_line` received a list of lines which do not have lineending markers ('\n', '\r', '\r\n', '\x0b', '\x0c'), behavior will be unspecified
  tokens_by_line = make_tokens_by_line(lines)
/app/ipython/IPython/core/inputtransformer2.py:714: UserWarning: `make_tokens_by_line` received a list of lines which do not have lineending markers ('\n', '\r', '\r\n', '\x0b', '\x0c'), behavior will be unspecified
  tokens_by_line = make_tokens_by_line(lines)
/app/ipython/IPython/core/inputtransformer2.py:608: UserWarning: `make_tokens_by_line` received a list of lines which do not have lineending markers ('\n', '\r', '\r\n', '\x0b', '\x0c'), behavior will be unspecified
  tokens_by_line = make_tokens_by_line(lines)
/app/ipython/IPython/core/inputtransformer2.py:714: UserWarning: `make_tokens_by_line` received a list of lines which do not have lineending markers ('\n', '\r', '\r\n', '\x0b', '\x0c'), behavior will be unspecified
  tokens_by_line = make_tokens_by_line(lines)
/app/ipython/IPython/core/inputtransformer2.py:608: UserWarning: `make_tokens_by_line` received a list of lines which do not have lineending markers ('\n', '\r', '\r\n', '\x0b', '\x0c'), behavior will be unspecified
  tokens_by_line = make_tokens_by_line(lines)
#19055	NEW    cov: 286 ft: 1110 corp: 170/1416b lim: 33 exec/s: 2117 rss: 87Mb L: 30/30 MS: 1 CopyPart-
#19066	NEW    cov: 286 ft: 1111 corp: 171/1447b lim: 33 exec/s: 2118 rss: 87Mb L: 31/31 MS: 1 CopyPart-
/app/ipython/IPython/core/inputtransformer2.py:608: UserWarning: `make_tokens_by_line` received a list of lines which do not have lineending markers ('\n', '\r', '\r\n', '\x0b', '\x0c'), behavior will be unspecified
  tokens_by_line = make_tokens_by_line(lines)
/app/ipython/IPython/core/inputtransformer2.py:714: UserWarning: `make_tokens_by_line` received a list of lines which do not have lineending markers ('\n', '\r', '\r\n', '\x0b', '\x0c'), behavior will be unspecified
  tokens_by_line = make_tokens_by_line(lines)
/app/ipython/IPython/core/inputtransformer2.py:608: UserWarning: `make_tokens_by_line` received a list of lines which do not have lineending markers ('\n', '\r', '\r\n', '\x0b', '\x0c'), behavior will be unspecified
  tokens_by_line = make_tokens_by_line(lines)
/app/ipython/IPython/core/inputtransformer2.py:714: UserWarning: `make_tokens_by_line` received a list of lines which do not have lineending markers ('\n', '\r', '\r\n', '\x0b', '\x0c'), behavior will be unspecified
  tokens_by_line = make_tokens_by_line(lines)
#19182	REDUCE cov: 286 ft: 1111 corp: 171/1445b lim: 33 exec/s: 2131 rss: 87Mb L: 14/31 MS: 1 EraseBytes-
/app/ipython/IPython/core/inputtransformer2.py:608: UserWarning: `make_tokens_by_line` received a list of lines which do not have lineending markers ('\n', '\r', '\r\n', '\x0b', '\x0c'), behavior will be unspecified
  tokens_by_line = make_tokens_by_line(lines)
/app/ipython/IPython/core/inputtransformer2.py:714: UserWarning: `make_tokens_by_line` received a list of lines which do not have lineending markers ('\n', '\r', '\r\n', '\x0b', '\x0c'), behavior will be unspecified
  tokens_by_line = make_tokens_by_line(lines)
/app/ipython/IPython/core/inputtransformer2.py:608: UserWarning: `make_tokens_by_line` received a list of lines which do not have lineending markers ('\n', '\r', '\r\n', '\x0b', '\x0c'), behavior will be unspecified
  tokens_by_line = make_tokens_by_line(lines)
/app/ipython/IPython/core/inputtransformer2.py:714: UserWarning: `make_tokens_by_line` received a list of lines which do not have lineending markers ('\n', '\r', '\r\n', '\x0b', '\x0c'), behavior will be unspecified
  tokens_by_line = make_tokens_by_line(lines)
/app/ipython/IPython/core/inputtransformer2.py:608: UserWarning: `make_tokens_by_line` received a list of lines which do not have lineending markers ('\n', '\r', '\r\n', '\x0b', '\x0c'), behavior will be unspecified
  tokens_by_line = make_tokens_by_line(lines)
/app/ipython/IPython/core/inputtransformer2.py:714: UserWarning: `make_tokens_by_line` received a list of lines which do not have lineending markers ('\n', '\r', '\r\n', '\x0b', '\x0c'), behavior will be unspecified
  tokens_by_line = make_tokens_by_line(lines)
/app/ipython/IPython/core/inputtransformer2.py:608: UserWarning: `make_tokens_by_line` received a list of lines which do not have lineending markers ('\n', '\r', '\r\n', '\x0b', '\x0c'), behavior will be unspecified
  tokens_by_line = make_tokens_by_line(lines)
/app/ipython/IPython/core/inputtransformer2.py:714: UserWarning: `make_tokens_by_line` received a list of lines which do not have lineending markers ('\n', '\r', '\r\n', '\x0b', '\x0c'), behavior will be unspecified
  tokens_by_line = make_tokens_by_line(lines)
#19292	NEW    cov: 286 ft: 1114 corp: 172/1473b lim: 33 exec/s: 2143 rss: 87Mb L: 28/31 MS: 5 EraseBytes-ShuffleBytes-EraseBytes-CrossOver-CopyPart-
/app/ipython/IPython/core/inputtransformer2.py:608: UserWarning: `make_tokens_by_line` received a list of lines which do not have lineending markers ('\n', '\r', '\r\n', '\x0b', '\x0c'), behavior will be unspecified
  tokens_by_line = make_tokens_by_line(lines)
#19326	NEW    cov: 286 ft: 1115 corp: 173/1493b lim: 33 exec/s: 2147 rss: 87Mb L: 20/31 MS: 4 ChangeBinInt-ChangeByte-CrossOver-CopyPart-
/app/ipython/IPython/core/inputtransformer2.py:608: UserWarning: `make_tokens_by_line` received a list of lines which do not have lineending markers ('\n', '\r', '\r\n', '\x0b', '\x0c'), behavior will be unspecified
  tokens_by_line = make_tokens_by_line(lines)
/app/ipython/IPython/core/inputtransformer2.py:608: UserWarning: `make_tokens_by_line` received a list of lines which do not have lineending markers ('\n', '\r', '\r\n', '\x0b', '\x0c'), behavior will be unspecified
  tokens_by_line = make_tokens_by_line(lines)
#19333	REDUCE cov: 286 ft: 1115 corp: 173/1492b lim: 33 exec/s: 2148 rss: 87Mb L: 5/31 MS: 2 ChangeBinInt-EraseBytes-
/app/ipython/IPython/core/inputtransformer2.py:608: UserWarning: `make_tokens_by_line` received a list of lines which do not have lineending markers ('\n', '\r', '\r\n', '\x0b', '\x0c'), behavior will be unspecified
  tokens_by_line = make_tokens_by_line(lines)
/app/ipython/IPython/core/inputtransformer2.py:714: UserWarning: `make_tokens_by_line` received a list of lines which do not have lineending markers ('\n', '\r', '\r\n', '\x0b', '\x0c'), behavior will be unspecified
  tokens_by_line = make_tokens_by_line(lines)
/app/ipython/IPython/core/inputtransformer2.py:608: UserWarning: `make_tokens_by_line` received a list of lines which do not have lineending markers ('\n', '\r', '\r\n', '\x0b', '\x0c'), behavior will be unspecified
  tokens_by_line = make_tokens_by_line(lines)
/app/ipython/IPython/core/inputtransformer2.py:714: UserWarning: `make_tokens_by_line` received a list of lines which do not have lineending markers ('\n', '\r', '\r\n', '\x0b', '\x0c'), behavior will be unspecified
  tokens_by_line = make_tokens_by_line(lines)
/app/ipython/IPython/core/inputtransformer2.py:608: UserWarning: `make_tokens_by_line` received a list of lines which do not have lineending markers ('\n', '\r', '\r\n', '\x0b', '\x0c'), behavior will be unspecified
  tokens_by_line = make_tokens_by_line(lines)
/app/ipython/IPython/core/inputtransformer2.py:714: UserWarning: `make_tokens_by_line` received a list of lines which do not have lineending markers ('\n', '\r', '\r\n', '\x0b', '\x0c'), behavior will be unspecified
  tokens_by_line = make_tokens_by_line(lines)
/app/ipython/IPython/core/inputtransformer2.py:608: UserWarning: `make_tokens_by_line` received a list of lines which do not have lineending markers ('\n', '\r', '\r\n', '\x0b', '\x0c'), behavior will be unspecified
  tokens_by_line = make_tokens_by_line(lines)
/app/ipython/IPython/core/inputtransformer2.py:714: UserWarning: `make_tokens_by_line` received a list of lines which do not have lineending markers ('\n', '\r', '\r\n', '\x0b', '\x0c'), behavior will be unspecified
  tokens_by_line = make_tokens_by_line(lines)
/app/ipython/IPython/core/inputtransformer2.py:608: UserWarning: `make_tokens_by_line` received a list of lines which do not have lineending markers ('\n', '\r', '\r\n', '\x0b', '\x0c'), behavior will be unspecified
  tokens_by_line = make_tokens_by_line(lines)
/app/ipython/IPython/core/inputtransformer2.py:714: UserWarning: `make_tokens_by_line` received a list of lines which do not have lineending markers ('\n', '\r', '\r\n', '\x0b', '\x0c'), behavior will be unspecified
  tokens_by_line = make_tokens_by_line(lines)
/app/ipython/IPython/core/inputtransformer2.py:608: UserWarning: `make_tokens_by_line` received a list of lines which do not have lineending markers ('\n', '\r', '\r\n', '\x0b', '\x0c'), behavior will be unspecified
  tokens_by_line = make_tokens_by_line(lines)
/app/ipython/IPython/core/inputtransformer2.py:714: UserWarning: `make_tokens_by_line` received a list of lines which do not have lineending markers ('\n', '\r', '\r\n', '\x0b', '\x0c'), behavior will be unspecified
  tokens_by_line = make_tokens_by_line(lines)
#19389	REDUCE cov: 286 ft: 1115 corp: 173/1489b lim: 33 exec/s: 2154 rss: 87Mb L: 11/31 MS: 1 EraseBytes-
/app/ipython/IPython/core/inputtransformer2.py:608: UserWarning: `make_tokens_by_line` received a list of lines which do not have lineending markers ('\n', '\r', '\r\n', '\x0b', '\x0c'), behavior will be unspecified
  tokens_by_line = make_tokens_by_line(lines)
/app/ipython/IPython/core/inputtransformer2.py:714: UserWarning: `make_tokens_by_line` received a list of lines which do not have lineending markers ('\n', '\r', '\r\n', '\x0b', '\x0c'), behavior will be unspecified
  tokens_by_line = make_tokens_by_line(lines)
/app/ipython/IPython/core/inputtransformer2.py:608: UserWarning: `make_tokens_by_line` received a list of lines which do not have lineending markers ('\n', '\r', '\r\n', '\x0b', '\x0c'), behavior will be unspecified
  tokens_by_line = make_tokens_by_line(lines)
/app/ipython/IPython/core/inputtransformer2.py:714: UserWarning: `make_tokens_by_line` received a list of lines which do not have lineending markers ('\n', '\r', '\r\n', '\x0b', '\x0c'), behavior will be unspecified
  tokens_by_line = make_tokens_by_line(lines)
/app/ipython/IPython/core/inputtransformer2.py:608: UserWarning: `make_tokens_by_line` received a list of lines which do not have lineending markers ('\n', '\r', '\r\n', '\x0b', '\x0c'), behavior will be unspecified
  tokens_by_line = make_tokens_by_line(lines)
/app/ipython/IPython/core/inputtransformer2.py:714: UserWarning: `make_tokens_by_line` received a list of lines which do not have lineending markers ('\n', '\r', '\r\n', '\x0b', '\x0c'), behavior will be unspecified
  tokens_by_line = make_tokens_by_line(lines)
/app/ipython/IPython/core/inputtransformer2.py:608: UserWarning: `make_tokens_by_line` received a list of lines which do not have lineending markers ('\n', '\r', '\r\n', '\x0b', '\x0c'), behavior will be unspecified
  tokens_by_line = make_tokens_by_line(lines)
/app/ipython/IPython/core/inputtransformer2.py:714: UserWarning: `make_tokens_by_line` received a list of lines which do not have lineending markers ('\n', '\r', '\r\n', '\x0b', '\x0c'), behavior will be unspecified
  tokens_by_line = make_tokens_by_line(lines)
/app/ipython/IPython/core/inputtransformer2.py:608: UserWarning: `make_tokens_by_line` received a list of lines which do not have lineending markers ('\n', '\r', '\r\n', '\x0b', '\x0c'), behavior will be unspecified
  tokens_by_line = make_tokens_by_line(lines)
/app/ipython/IPython/core/inputtransformer2.py:714: UserWarning: `make_tokens_by_line` received a list of lines which do not have lineending markers ('\n', '\r', '\r\n', '\x0b', '\x0c'), behavior will be unspecified
  tokens_by_line = make_tokens_by_line(lines)
/app/ipython/IPython/core/inputtransformer2.py:608: UserWarning: `make_tokens_by_line` received a list of lines which do not have lineending markers ('\n', '\r', '\r\n', '\x0b', '\x0c'), behavior will be unspecified
  tokens_by_line = make_tokens_by_line(lines)
/app/ipython/IPython/core/inputtransformer2.py:714: UserWarning: `make_tokens_by_line` received a list of lines which do not have lineending markers ('\n', '\r', '\r\n', '\x0b', '\x0c'), behavior will be unspecified
  tokens_by_line = make_tokens_by_line(lines)
/app/ipython/IPython/core/inputtransformer2.py:608: UserWarning: `make_tokens_by_line` received a list of lines which do not have lineending markers ('\n', '\r', '\r\n', '\x0b', '\x0c'), behavior will be unspecified
  tokens_by_line = make_tokens_by_line(lines)
/app/ipython/IPython/core/inputtransformer2.py:714: UserWarning: `make_tokens_by_line` received a list of lines which do not have lineending markers ('\n', '\r', '\r\n', '\x0b', '\x0c'), behavior will be unspecified
  tokens_by_line = make_tokens_by_line(lines)
/app/ipython/IPython/core/inputtransformer2.py:608: UserWarning: `make_tokens_by_line` received a list of lines which do not have lineending markers ('\n', '\r', '\r\n', '\x0b', '\x0c'), behavior will be unspecified
  tokens_by_line = make_tokens_by_line(lines)
/app/ipython/IPython/core/inputtransformer2.py:714: UserWarning: `make_tokens_by_line` received a list of lines which do not have lineending markers ('\n', '\r', '\r\n', '\x0b', '\x0c'), behavior will be unspecified
  tokens_by_line = make_tokens_by_line(lines)
/app/ipython/IPython/core/inputtransformer2.py:608: UserWarning: `make_tokens_by_line` received a list of lines which do not have lineending markers ('\n', '\r', '\r\n', '\x0b', '\x0c'), behavior will be unspecified
  tokens_by_line = make_tokens_by_line(lines)
/app/ipython/IPython/core/inputtransformer2.py:714: UserWarning: `make_tokens_by_line` received a list of lines which do not have lineending markers ('\n', '\r', '\r\n', '\x0b', '\x0c'), behavior will be unspecified
  tokens_by_line = make_tokens_by_line(lines)
/app/ipython/IPython/core/inputtransformer2.py:608: UserWarning: `make_tokens_by_line` received a list of lines which do not have lineending markers ('\n', '\r', '\r\n', '\x0b', '\x0c'), behavior will be unspecified
  tokens_by_line = make_tokens_by_line(lines)
/app/ipython/IPython/core/inputtransformer2.py:714: UserWarning: `make_tokens_by_line` received a list of lines which do not have lineending markers ('\n', '\r', '\r\n', '\x0b', '\x0c'), behavior will be unspecified
  tokens_by_line = make_tokens_by_line(lines)
/app/ipython/IPython/core/inputtransformer2.py:608: UserWarning: `make_tokens_by_line` received a list of lines which do not have lineending markers ('\n', '\r', '\r\n', '\x0b', '\x0c'), behavior will be unspecified
  tokens_by_line = make_tokens_by_line(lines)
/app/ipython/IPython/core/inputtransformer2.py:714: UserWarning: `make_tokens_by_line` received a list of lines which do not have lineending markers ('\n', '\r', '\r\n', '\x0b', '\x0c'), behavior will be unspecified
  tokens_by_line = make_tokens_by_line(lines)
/app/ipython/IPython/core/inputtransformer2.py:608: UserWarning: `make_tokens_by_line` received a list of lines which do not have lineending markers ('\n', '\r', '\r\n', '\x0b', '\x0c'), behavior will be unspecified
  tokens_by_line = make_tokens_by_line(lines)
/app/ipython/IPython/core/inputtransformer2.py:714: UserWarning: `make_tokens_by_line` received a list of lines which do not have lineending markers ('\n', '\r', '\r\n', '\x0b', '\x0c'), behavior will be unspecified
  tokens_by_line = make_tokens_by_line(lines)
/app/ipython/IPython/core/inputtransformer2.py:608: UserWarning: `make_tokens_by_line` received a list of lines which do not have lineending markers ('\n', '\r', '\r\n', '\x0b', '\x0c'), behavior will be unspecified
  tokens_by_line = make_tokens_by_line(lines)
/app/ipython/IPython/core/inputtransformer2.py:608: UserWarning: `make_tokens_by_line` received a list of lines which do not have lineending markers ('\n', '\r', '\r\n', '\x0b', '\x0c'), behavior will be unspecified
  tokens_by_line = make_tokens_by_line(lines)
/app/ipython/IPython/core/inputtransformer2.py:608: UserWarning: `make_tokens_by_line` received a list of lines which do not have lineending markers ('\n', '\r', '\r\n', '\x0b', '\x0c'), behavior will be unspecified
  tokens_by_line = make_tokens_by_line(lines)
/app/ipython/IPython/core/inputtransformer2.py:608: UserWarning: `make_tokens_by_line` received a list of lines which do not have lineending markers ('\n', '\r', '\r\n', '\x0b', '\x0c'), behavior will be unspecified
  tokens_by_line = make_tokens_by_line(lines)
/app/ipython/IPython/core/inputtransformer2.py:608: UserWarning: `make_tokens_by_line` received a list of lines which do not have lineending markers ('\n', '\r', '\r\n', '\x0b', '\x0c'), behavior will be unspecified
  tokens_by_line = make_tokens_by_line(lines)
/app/ipython/IPython/core/inputtransformer2.py:608: UserWarning: `make_tokens_by_line` received a list of lines which do not have lineending markers ('\n', '\r', '\r\n', '\x0b', '\x0c'), behavior will be unspecified
  tokens_by_line = make_tokens_by_line(lines)
/app/ipython/IPython/core/inputtransformer2.py:714: UserWarning: `make_tokens_by_line` received a list of lines which do not have lineending markers ('\n', '\r', '\r\n', '\x0b', '\x0c'), behavior will be unspecified
  tokens_by_line = make_tokens_by_line(lines)
/app/ipython/IPython/core/inputtransformer2.py:608: UserWarning: `make_tokens_by_line` received a list of lines which do not have lineending markers ('\n', '\r', '\r\n', '\x0b', '\x0c'), behavior will be unspecified
  tokens_by_line = make_tokens_by_line(lines)
/app/ipython/IPython/core/inputtransformer2.py:714: UserWarning: `make_tokens_by_line` received a list of lines which do not have lineending markers ('\n', '\r', '\r\n', '\x0b', '\x0c'), behavior will be unspecified
  tokens_by_line = make_tokens_by_line(lines)
/app/ipython/IPython/core/inputtransformer2.py:608: UserWarning: `make_tokens_by_line` received a list of lines which do not have lineending markers ('\n', '\r', '\r\n', '\x0b', '\x0c'), behavior will be unspecified
  tokens_by_line = make_tokens_by_line(lines)
/app/ipython/IPython/core/inputtransformer2.py:714: UserWarning: `make_tokens_by_line` received a list of lines which do not have lineending markers ('\n', '\r', '\r\n', '\x0b', '\x0c'), behavior will be unspecified
  tokens_by_line = make_tokens_by_line(lines)
/app/ipython/IPython/core/inputtransformer2.py:608: UserWarning: `make_tokens_by_line` received a list of lines which do not have lineending markers ('\n', '\r', '\r\n', '\x0b', '\x0c'), behavior will be unspecified
  tokens_by_line = make_tokens_by_line(lines)
/app/ipython/IPython/core/inputtransformer2.py:714: UserWarning: `make_tokens_by_line` received a list of lines which do not have lineending markers ('\n', '\r', '\r\n', '\x0b', '\x0c'), behavior will be unspecified
  tokens_by_line = make_tokens_by_line(lines)
/app/ipython/IPython/core/inputtransformer2.py:608: UserWarning: `make_tokens_by_line` received a list of lines which do not have lineending markers ('\n', '\r', '\r\n', '\x0b', '\x0c'), behavior will be unspecified
  tokens_by_line = make_tokens_by_line(lines)
/app/ipython/IPython/core/inputtransformer2.py:714: UserWarning: `make_tokens_by_line` received a list of lines which do not have lineending markers ('\n', '\r', '\r\n', '\x0b', '\x0c'), behavior will be unspecified
  tokens_by_line = make_tokens_by_line(lines)
/app/ipython/IPython/core/inputtransformer2.py:608: UserWarning: `make_tokens_by_line` received a list of lines which do not have lineending markers ('\n', '\r', '\r\n', '\x0b', '\x0c'), behavior will be unspecified
  tokens_by_line = make_tokens_by_line(lines)
/app/ipython/IPython/core/inputtransformer2.py:714: UserWarning: `make_tokens_by_line` received a list of lines which do not have lineending markers ('\n', '\r', '\r\n', '\x0b', '\x0c'), behavior will be unspecified
  tokens_by_line = make_tokens_by_line(lines)
/app/ipython/IPython/core/inputtransformer2.py:608: UserWarning: `make_tokens_by_line` received a list of lines which do not have lineending markers ('\n', '\r', '\r\n', '\x0b', '\x0c'), behavior will be unspecified
  tokens_by_line = make_tokens_by_line(lines)
/app/ipython/IPython/core/inputtransformer2.py:714: UserWarning: `make_tokens_by_line` received a list of lines which do not have lineending markers ('\n', '\r', '\r\n', '\x0b', '\x0c'), behavior will be unspecified
  tokens_by_line = make_tokens_by_line(lines)
/app/ipython/IPython/core/inputtransformer2.py:608: UserWarning: `make_tokens_by_line` received a list of lines which do not have lineending markers ('\n', '\r', '\r\n', '\x0b', '\x0c'), behavior will be unspecified
  tokens_by_line = make_tokens_by_line(lines)
/app/ipython/IPython/core/inputtransformer2.py:714: UserWarning: `make_tokens_by_line` received a list of lines which do not have lineending markers ('\n', '\r', '\r\n', '\x0b', '\x0c'), behavior will be unspecified
  tokens_by_line = make_tokens_by_line(lines)
/app/ipython/IPython/core/inputtransformer2.py:608: UserWarning: `make_tokens_by_line` received a list of lines which do not have lineending markers ('\n', '\r', '\r\n', '\x0b', '\x0c'), behavior will be unspecified
  tokens_by_line = make_tokens_by_line(lines)
/app/ipython/IPython/core/inputtransformer2.py:714: UserWarning: `make_tokens_by_line` received a list of lines which do not have lineending markers ('\n', '\r', '\r\n', '\x0b', '\x0c'), behavior will be unspecified
  tokens_by_line = make_tokens_by_line(lines)
/app/ipython/IPython/core/inputtransformer2.py:608: UserWarning: `make_tokens_by_line` received a list of lines which do not have lineending markers ('\n', '\r', '\r\n', '\x0b', '\x0c'), behavior will be unspecified
  tokens_by_line = make_tokens_by_line(lines)
/app/ipython/IPython/core/inputtransformer2.py:714: UserWarning: `make_tokens_by_line` received a list of lines which do not have lineending markers ('\n', '\r', '\r\n', '\x0b', '\x0c'), behavior will be unspecified
  tokens_by_line = make_tokens_by_line(lines)
/app/ipython/IPython/core/inputtransformer2.py:608: UserWarning: `make_tokens_by_line` received a list of lines which do not have lineending markers ('\n', '\r', '\r\n', '\x0b', '\x0c'), behavior will be unspecified
  tokens_by_line = make_tokens_by_line(lines)
/app/ipython/IPython/core/inputtransformer2.py:714: UserWarning: `make_tokens_by_line` received a list of lines which do not have lineending markers ('\n', '\r', '\r\n', '\x0b', '\x0c'), behavior will be unspecified
  tokens_by_line = make_tokens_by_line(lines)
/app/ipython/IPython/core/inputtransformer2.py:608: UserWarning: `make_tokens_by_line` received a list of lines which do not have lineending markers ('\n', '\r', '\r\n', '\x0b', '\x0c'), behavior will be unspecified
  tokens_by_line = make_tokens_by_line(lines)
/app/ipython/IPython/core/inputtransformer2.py:714: UserWarning: `make_tokens_by_line` received a list of lines which do not have lineending markers ('\n', '\r', '\r\n', '\x0b', '\x0c'), behavior will be unspecified
  tokens_by_line = make_tokens_by_line(lines)
/app/ipython/IPython/core/inputtransformer2.py:608: UserWarning: `make_tokens_by_line` received a list of lines which do not have lineending markers ('\n', '\r', '\r\n', '\x0b', '\x0c'), behavior will be unspecified
  tokens_by_line = make_tokens_by_line(lines)
/app/ipython/IPython/core/inputtransformer2.py:714: UserWarning: `make_tokens_by_line` received a list of lines which do not have lineending markers ('\n', '\r', '\r\n', '\x0b', '\x0c'), behavior will be unspecified
  tokens_by_line = make_tokens_by_line(lines)
/app/ipython/IPython/core/inputtransformer2.py:608: UserWarning: `make_tokens_by_line` received a list of lines which do not have lineending markers ('\n', '\r', '\r\n', '\x0b', '\x0c'), behavior will be unspecified
  tokens_by_line = make_tokens_by_line(lines)
/app/ipython/IPython/core/inputtransformer2.py:608: UserWarning: `make_tokens_by_line` received a list of lines which do not have lineending markers ('\n', '\r', '\r\n', '\x0b', '\x0c'), behavior will be unspecified
  tokens_by_line = make_tokens_by_line(lines)
/app/ipython/IPython/core/inputtransformer2.py:714: UserWarning: `make_tokens_by_line` received a list of lines which do not have lineending markers ('\n', '\r', '\r\n', '\x0b', '\x0c'), behavior will be unspecified
  tokens_by_line = make_tokens_by_line(lines)
/app/ipython/IPython/core/inputtransformer2.py:608: UserWarning: `make_tokens_by_line` received a list of lines which do not have lineending markers ('\n', '\r', '\r\n', '\x0b', '\x0c'), behavior will be unspecified
  tokens_by_line = make_tokens_by_line(lines)
/app/ipython/IPython/core/inputtransformer2.py:714: UserWarning: `make_tokens_by_line` received a list of lines which do not have lineending markers ('\n', '\r', '\r\n', '\x0b', '\x0c'), behavior will be unspecified
  tokens_by_line = make_tokens_by_line(lines)
/app/ipython/IPython/core/inputtransformer2.py:608: UserWarning: `make_tokens_by_line` received a list of lines which do not have lineending markers ('\n', '\r', '\r\n', '\x0b', '\x0c'), behavior will be unspecified
  tokens_by_line = make_tokens_by_line(lines)
/app/ipython/IPython/core/inputtransformer2.py:714: UserWarning: `make_tokens_by_line` received a list of lines which do not have lineending markers ('\n', '\r', '\r\n', '\x0b', '\x0c'), behavior will be unspecified
  tokens_by_line = make_tokens_by_line(lines)
/app/ipython/IPython/core/inputtransformer2.py:608: UserWarning: `make_tokens_by_line` received a list of lines which do not have lineending markers ('\n', '\r', '\r\n', '\x0b', '\x0c'), behavior will be unspecified
  tokens_by_line = make_tokens_by_line(lines)
/app/ipython/IPython/core/inputtransformer2.py:714: UserWarning: `make_tokens_by_line` received a list of lines which do not have lineending markers ('\n', '\r', '\r\n', '\x0b', '\x0c'), behavior will be unspecified
  tokens_by_line = make_tokens_by_line(lines)
/app/ipython/IPython/core/inputtransformer2.py:608: UserWarning: `make_tokens_by_line` received a list of lines which do not have lineending markers ('\n', '\r', '\r\n', '\x0b', '\x0c'), behavior will be unspecified
  tokens_by_line = make_tokens_by_line(lines)
/app/ipython/IPython/core/inputtransformer2.py:714: UserWarning: `make_tokens_by_line` received a list of lines which do not have lineending markers ('\n', '\r', '\r\n', '\x0b', '\x0c'), behavior will be unspecified
  tokens_by_line = make_tokens_by_line(lines)
/app/ipython/IPython/core/inputtransformer2.py:608: UserWarning: `make_tokens_by_line` received a list of lines which do not have lineending markers ('\n', '\r', '\r\n', '\x0b', '\x0c'), behavior will be unspecified
  tokens_by_line = make_tokens_by_line(lines)
/app/ipython/IPython/core/inputtransformer2.py:714: UserWarning: `make_tokens_by_line` received a list of lines which do not have lineending markers ('\n', '\r', '\r\n', '\x0b', '\x0c'), behavior will be unspecified
  tokens_by_line = make_tokens_by_line(lines)
/app/ipython/IPython/core/inputtransformer2.py:608: UserWarning: `make_tokens_by_line` received a list of lines which do not have lineending markers ('\n', '\r', '\r\n', '\x0b', '\x0c'), behavior will be unspecified
  tokens_by_line = make_tokens_by_line(lines)
/app/ipython/IPython/core/inputtransformer2.py:714: UserWarning: `make_tokens_by_line` received a list of lines which do not have lineending markers ('\n', '\r', '\r\n', '\x0b', '\x0c'), behavior will be unspecified
  tokens_by_line = make_tokens_by_line(lines)
/app/ipython/IPython/core/inputtransformer2.py:608: UserWarning: `make_tokens_by_line` received a list of lines which do not have lineending markers ('\n', '\r', '\r\n', '\x0b', '\x0c'), behavior will be unspecified
  tokens_by_line = make_tokens_by_line(lines)
/app/ipython/IPython/core/inputtransformer2.py:608: UserWarning: `make_tokens_by_line` received a list of lines which do not have lineending markers ('\n', '\r', '\r\n', '\x0b', '\x0c'), behavior will be unspecified
  tokens_by_line = make_tokens_by_line(lines)
/app/ipython/IPython/core/inputtransformer2.py:714: UserWarning: `make_tokens_by_line` received a list of lines which do not have lineending markers ('\n', '\r', '\r\n', '\x0b', '\x0c'), behavior will be unspecified
  tokens_by_line = make_tokens_by_line(lines)
/app/ipython/IPython/core/inputtransformer2.py:608: UserWarning: `make_tokens_by_line` received a list of lines which do not have lineending markers ('\n', '\r', '\r\n', '\x0b', '\x0c'), behavior will be unspecified
  tokens_by_line = make_tokens_by_line(lines)
/app/ipython/IPython/core/inputtransformer2.py:714: UserWarning: `make_tokens_by_line` received a list of lines which do not have lineending markers ('\n', '\r', '\r\n', '\x0b', '\x0c'), behavior will be unspecified
  tokens_by_line = make_tokens_by_line(lines)
/app/ipython/IPython/core/inputtransformer2.py:608: UserWarning: `make_tokens_by_line` received a list of lines which do not have lineending markers ('\n', '\r', '\r\n', '\x0b', '\x0c'), behavior will be unspecified
  tokens_by_line = make_tokens_by_line(lines)
/app/ipython/IPython/core/inputtransformer2.py:608: UserWarning: `make_tokens_by_line` received a list of lines which do not have lineending markers ('\n', '\r', '\r\n', '\x0b', '\x0c'), behavior will be unspecified
  tokens_by_line = make_tokens_by_line(lines)
#19850	NEW    cov: 286 ft: 1116 corp: 174/1516b lim: 33 exec/s: 1985 rss: 87Mb L: 27/31 MS: 1 CopyPart-
/app/ipython/IPython/core/inputtransformer2.py:608: UserWarning: `make_tokens_by_line` received a list of lines which do not have lineending markers ('\n', '\r', '\r\n', '\x0b', '\x0c'), behavior will be unspecified
  tokens_by_line = make_tokens_by_line(lines)
/app/ipython/IPython/core/inputtransformer2.py:714: UserWarning: `make_tokens_by_line` received a list of lines which do not have lineending markers ('\n', '\r', '\r\n', '\x0b', '\x0c'), behavior will be unspecified
  tokens_by_line = make_tokens_by_line(lines)
/app/ipython/IPython/core/inputtransformer2.py:608: UserWarning: `make_tokens_by_line` received a list of lines which do not have lineending markers ('\n', '\r', '\r\n', '\x0b', '\x0c'), behavior will be unspecified
  tokens_by_line = make_tokens_by_line(lines)
/app/ipython/IPython/core/inputtransformer2.py:714: UserWarning: `make_tokens_by_line` received a list of lines which do not have lineending markers ('\n', '\r', '\r\n', '\x0b', '\x0c'), behavior will be unspecified
  tokens_by_line = make_tokens_by_line(lines)
/app/ipython/IPython/core/inputtransformer2.py:608: UserWarning: `make_tokens_by_line` received a list of lines which do not have lineending markers ('\n', '\r', '\r\n', '\x0b', '\x0c'), behavior will be unspecified
  tokens_by_line = make_tokens_by_line(lines)
/app/ipython/IPython/core/inputtransformer2.py:714: UserWarning: `make_tokens_by_line` received a list of lines which do not have lineending markers ('\n', '\r', '\r\n', '\x0b', '\x0c'), behavior will be unspecified
  tokens_by_line = make_tokens_by_line(lines)
/app/ipython/IPython/core/inputtransformer2.py:608: UserWarning: `make_tokens_by_line` received a list of lines which do not have lineending markers ('\n', '\r', '\r\n', '\x0b', '\x0c'), behavior will be unspecified
  tokens_by_line = make_tokens_by_line(lines)
/app/ipython/IPython/core/inputtransformer2.py:714: UserWarning: `make_tokens_by_line` received a list of lines which do not have lineending markers ('\n', '\r', '\r\n', '\x0b', '\x0c'), behavior will be unspecified
  tokens_by_line = make_tokens_by_line(lines)
/app/ipython/IPython/core/inputtransformer2.py:608: UserWarning: `make_tokens_by_line` received a list of lines which do not have lineending markers ('\n', '\r', '\r\n', '\x0b', '\x0c'), behavior will be unspecified
  tokens_by_line = make_tokens_by_line(lines)
/app/ipython/IPython/core/inputtransformer2.py:714: UserWarning: `make_tokens_by_line` received a list of lines which do not have lineending markers ('\n', '\r', '\r\n', '\x0b', '\x0c'), behavior will be unspecified
  tokens_by_line = make_tokens_by_line(lines)
/app/ipython/IPython/core/inputtransformer2.py:608: UserWarning: `make_tokens_by_line` received a list of lines which do not have lineending markers ('\n', '\r', '\r\n', '\x0b', '\x0c'), behavior will be unspecified
  tokens_by_line = make_tokens_by_line(lines)
/app/ipython/IPython/core/inputtransformer2.py:714: UserWarning: `make_tokens_by_line` received a list of lines which do not have lineending markers ('\n', '\r', '\r\n', '\x0b', '\x0c'), behavior will be unspecified
  tokens_by_line = make_tokens_by_line(lines)
/app/ipython/IPython/core/inputtransformer2.py:608: UserWarning: `make_tokens_by_line` received a list of lines which do not have lineending markers ('\n', '\r', '\r\n', '\x0b', '\x0c'), behavior will be unspecified
  tokens_by_line = make_tokens_by_line(lines)
/app/ipython/IPython/core/inputtransformer2.py:714: UserWarning: `make_tokens_by_line` received a list of lines which do not have lineending markers ('\n', '\r', '\r\n', '\x0b', '\x0c'), behavior will be unspecified
  tokens_by_line = make_tokens_by_line(lines)
/app/ipython/IPython/core/inputtransformer2.py:608: UserWarning: `make_tokens_by_line` received a list of lines which do not have lineending markers ('\n', '\r', '\r\n', '\x0b', '\x0c'), behavior will be unspecified
  tokens_by_line = make_tokens_by_line(lines)
/app/ipython/IPython/core/inputtransformer2.py:714: UserWarning: `make_tokens_by_line` received a list of lines which do not have lineending markers ('\n', '\r', '\r\n', '\x0b', '\x0c'), behavior will be unspecified
  tokens_by_line = make_tokens_by_line(lines)
/app/ipython/IPython/core/inputtransformer2.py:608: UserWarning: `make_tokens_by_line` received a list of lines which do not have lineending markers ('\n', '\r', '\r\n', '\x0b', '\x0c'), behavior will be unspecified
  tokens_by_line = make_tokens_by_line(lines)
/app/ipython/IPython/core/inputtransformer2.py:714: UserWarning: `make_tokens_by_line` received a list of lines which do not have lineending markers ('\n', '\r', '\r\n', '\x0b', '\x0c'), behavior will be unspecified
  tokens_by_line = make_tokens_by_line(lines)
/app/ipython/IPython/core/inputtransformer2.py:608: UserWarning: `make_tokens_by_line` received a list of lines which do not have lineending markers ('\n', '\r', '\r\n', '\x0b', '\x0c'), behavior will be unspecified
  tokens_by_line = make_tokens_by_line(lines)
/app/ipython/IPython/core/inputtransformer2.py:608: UserWarning: `make_tokens_by_line` received a list of lines which do not have lineending markers ('\n', '\r', '\r\n', '\x0b', '\x0c'), behavior will be unspecified
  tokens_by_line = make_tokens_by_line(lines)
/app/ipython/IPython/core/inputtransformer2.py:714: UserWarning: `make_tokens_by_line` received a list of lines which do not have lineending markers ('\n', '\r', '\r\n', '\x0b', '\x0c'), behavior will be unspecified
  tokens_by_line = make_tokens_by_line(lines)
/app/ipython/IPython/core/inputtransformer2.py:608: UserWarning: `make_tokens_by_line` received a list of lines which do not have lineending markers ('\n', '\r', '\r\n', '\x0b', '\x0c'), behavior will be unspecified
  tokens_by_line = make_tokens_by_line(lines)
/app/ipython/IPython/core/inputtransformer2.py:714: UserWarning: `make_tokens_by_line` received a list of lines which do not have lineending markers ('\n', '\r', '\r\n', '\x0b', '\x0c'), behavior will be unspecified
  tokens_by_line = make_tokens_by_line(lines)
/app/ipython/IPython/core/inputtransformer2.py:608: UserWarning: `make_tokens_by_line` received a list of lines which do not have lineending markers ('\n', '\r', '\r\n', '\x0b', '\x0c'), behavior will be unspecified
  tokens_by_line = make_tokens_by_line(lines)
/app/ipython/IPython/core/inputtransformer2.py:714: UserWarning: `make_tokens_by_line` received a list of lines which do not have lineending markers ('\n', '\r', '\r\n', '\x0b', '\x0c'), behavior will be unspecified
  tokens_by_line = make_tokens_by_line(lines)
/app/ipython/IPython/core/inputtransformer2.py:608: UserWarning: `make_tokens_by_line` received a list of lines which do not have lineending markers ('\n', '\r', '\r\n', '\x0b', '\x0c'), behavior will be unspecified
  tokens_by_line = make_tokens_by_line(lines)
#19993	REDUCE cov: 286 ft: 1116 corp: 174/1512b lim: 33 exec/s: 1999 rss: 87Mb L: 7/31 MS: 3 ChangeBit-ChangeBinInt-EraseBytes-
/app/ipython/IPython/core/inputtransformer2.py:608: UserWarning: `make_tokens_by_line` received a list of lines which do not have lineending markers ('\n', '\r', '\r\n', '\x0b', '\x0c'), behavior will be unspecified
  tokens_by_line = make_tokens_by_line(lines)
/app/ipython/IPython/core/inputtransformer2.py:714: UserWarning: `make_tokens_by_line` received a list of lines which do not have lineending markers ('\n', '\r', '\r\n', '\x0b', '\x0c'), behavior will be unspecified
  tokens_by_line = make_tokens_by_line(lines)
#20046	NEW    cov: 286 ft: 1122 corp: 175/1536b lim: 33 exec/s: 2004 rss: 87Mb L: 24/31 MS: 3 ChangeBit-ChangeByte-CMP- DE: "\000\000"-
/app/ipython/IPython/core/inputtransformer2.py:608: UserWarning: `make_tokens_by_line` received a list of lines which do not have lineending markers ('\n', '\r', '\r\n', '\x0b', '\x0c'), behavior will be unspecified
  tokens_by_line = make_tokens_by_line(lines)
/app/ipython/IPython/core/inputtransformer2.py:714: UserWarning: `make_tokens_by_line` received a list of lines which do not have lineending markers ('\n', '\r', '\r\n', '\x0b', '\x0c'), behavior will be unspecified
  tokens_by_line = make_tokens_by_line(lines)
/app/ipython/IPython/core/inputtransformer2.py:608: UserWarning: `make_tokens_by_line` received a list of lines which do not have lineending markers ('\n', '\r', '\r\n', '\x0b', '\x0c'), behavior will be unspecified
  tokens_by_line = make_tokens_by_line(lines)
/app/ipython/IPython/core/inputtransformer2.py:714: UserWarning: `make_tokens_by_line` received a list of lines which do not have lineending markers ('\n', '\r', '\r\n', '\x0b', '\x0c'), behavior will be unspecified
  tokens_by_line = make_tokens_by_line(lines)
/app/ipython/IPython/core/inputtransformer2.py:608: UserWarning: `make_tokens_by_line` received a list of lines which do not have lineending markers ('\n', '\r', '\r\n', '\x0b', '\x0c'), behavior will be unspecified
  tokens_by_line = make_tokens_by_line(lines)
/app/ipython/IPython/core/inputtransformer2.py:714: UserWarning: `make_tokens_by_line` received a list of lines which do not have lineending markers ('\n', '\r', '\r\n', '\x0b', '\x0c'), behavior will be unspecified
  tokens_by_line = make_tokens_by_line(lines)
/app/ipython/IPython/core/inputtransformer2.py:608: UserWarning: `make_tokens_by_line` received a list of lines which do not have lineending markers ('\n', '\r', '\r\n', '\x0b', '\x0c'), behavior will be unspecified
  tokens_by_line = make_tokens_by_line(lines)
/app/ipython/IPython/core/inputtransformer2.py:714: UserWarning: `make_tokens_by_line` received a list of lines which do not have lineending markers ('\n', '\r', '\r\n', '\x0b', '\x0c'), behavior will be unspecified
  tokens_by_line = make_tokens_by_line(lines)
/app/ipython/IPython/core/inputtransformer2.py:608: UserWarning: `make_tokens_by_line` received a list of lines which do not have lineending markers ('\n', '\r', '\r\n', '\x0b', '\x0c'), behavior will be unspecified
  tokens_by_line = make_tokens_by_line(lines)
/app/ipython/IPython/core/inputtransformer2.py:714: UserWarning: `make_tokens_by_line` received a list of lines which do not have lineending markers ('\n', '\r', '\r\n', '\x0b', '\x0c'), behavior will be unspecified
  tokens_by_line = make_tokens_by_line(lines)
/app/ipython/IPython/core/inputtransformer2.py:608: UserWarning: `make_tokens_by_line` received a list of lines which do not have lineending markers ('\n', '\r', '\r\n', '\x0b', '\x0c'), behavior will be unspecified
  tokens_by_line = make_tokens_by_line(lines)
/app/ipython/IPython/core/inputtransformer2.py:714: UserWarning: `make_tokens_by_line` received a list of lines which do not have lineending markers ('\n', '\r', '\r\n', '\x0b', '\x0c'), behavior will be unspecified
  tokens_by_line = make_tokens_by_line(lines)
/app/ipython/IPython/core/inputtransformer2.py:608: UserWarning: `make_tokens_by_line` received a list of lines which do not have lineending markers ('\n', '\r', '\r\n', '\x0b', '\x0c'), behavior will be unspecified
  tokens_by_line = make_tokens_by_line(lines)
/app/ipython/IPython/core/inputtransformer2.py:714: UserWarning: `make_tokens_by_line` received a list of lines which do not have lineending markers ('\n', '\r', '\r\n', '\x0b', '\x0c'), behavior will be unspecified
  tokens_by_line = make_tokens_by_line(lines)
/app/ipython/IPython/core/inputtransformer2.py:608: UserWarning: `make_tokens_by_line` received a list of lines which do not have lineending markers ('\n', '\r', '\r\n', '\x0b', '\x0c'), behavior will be unspecified
  tokens_by_line = make_tokens_by_line(lines)
/app/ipython/IPython/core/inputtransformer2.py:714: UserWarning: `make_tokens_by_line` received a list of lines which do not have lineending markers ('\n', '\r', '\r\n', '\x0b', '\x0c'), behavior will be unspecified
  tokens_by_line = make_tokens_by_line(lines)
/app/ipython/IPython/core/inputtransformer2.py:608: UserWarning: `make_tokens_by_line` received a list of lines which do not have lineending markers ('\n', '\r', '\r\n', '\x0b', '\x0c'), behavior will be unspecified
  tokens_by_line = make_tokens_by_line(lines)
/app/ipython/IPython/core/inputtransformer2.py:714: UserWarning: `make_tokens_by_line` received a list of lines which do not have lineending markers ('\n', '\r', '\r\n', '\x0b', '\x0c'), behavior will be unspecified
  tokens_by_line = make_tokens_by_line(lines)
/app/ipython/IPython/core/inputtransformer2.py:608: UserWarning: `make_tokens_by_line` received a list of lines which do not have lineending markers ('\n', '\r', '\r\n', '\x0b', '\x0c'), behavior will be unspecified
  tokens_by_line = make_tokens_by_line(lines)
/app/ipython/IPython/core/inputtransformer2.py:608: UserWarning: `make_tokens_by_line` received a list of lines which do not have lineending markers ('\n', '\r', '\r\n', '\x0b', '\x0c'), behavior will be unspecified
  tokens_by_line = make_tokens_by_line(lines)
/app/ipython/IPython/core/inputtransformer2.py:608: UserWarning: `make_tokens_by_line` received a list of lines which do not have lineending markers ('\n', '\r', '\r\n', '\x0b', '\x0c'), behavior will be unspecified
  tokens_by_line = make_tokens_by_line(lines)
/app/ipython/IPython/core/inputtransformer2.py:608: UserWarning: `make_tokens_by_line` received a list of lines which do not have lineending markers ('\n', '\r', '\r\n', '\x0b', '\x0c'), behavior will be unspecified
  tokens_by_line = make_tokens_by_line(lines)
/app/ipython/IPython/core/inputtransformer2.py:608: UserWarning: `make_tokens_by_line` received a list of lines which do not have lineending markers ('\n', '\r', '\r\n', '\x0b', '\x0c'), behavior will be unspecified
  tokens_by_line = make_tokens_by_line(lines)
/app/ipython/IPython/core/inputtransformer2.py:714: UserWarning: `make_tokens_by_line` received a list of lines which do not have lineending markers ('\n', '\r', '\r\n', '\x0b', '\x0c'), behavior will be unspecified
  tokens_by_line = make_tokens_by_line(lines)
/app/ipython/IPython/core/inputtransformer2.py:608: UserWarning: `make_tokens_by_line` received a list of lines which do not have lineending markers ('\n', '\r', '\r\n', '\x0b', '\x0c'), behavior will be unspecified
  tokens_by_line = make_tokens_by_line(lines)
/app/ipython/IPython/core/inputtransformer2.py:714: UserWarning: `make_tokens_by_line` received a list of lines which do not have lineending markers ('\n', '\r', '\r\n', '\x0b', '\x0c'), behavior will be unspecified
  tokens_by_line = make_tokens_by_line(lines)
/app/ipython/IPython/core/inputtransformer2.py:608: UserWarning: `make_tokens_by_line` received a list of lines which do not have lineending markers ('\n', '\r', '\r\n', '\x0b', '\x0c'), behavior will be unspecified
  tokens_by_line = make_tokens_by_line(lines)
/app/ipython/IPython/core/inputtransformer2.py:714: UserWarning: `make_tokens_by_line` received a list of lines which do not have lineending markers ('\n', '\r', '\r\n', '\x0b', '\x0c'), behavior will be unspecified
  tokens_by_line = make_tokens_by_line(lines)
/app/ipython/IPython/core/inputtransformer2.py:608: UserWarning: `make_tokens_by_line` received a list of lines which do not have lineending markers ('\n', '\r', '\r\n', '\x0b', '\x0c'), behavior will be unspecified
  tokens_by_line = make_tokens_by_line(lines)
/app/ipython/IPython/core/inputtransformer2.py:714: UserWarning: `make_tokens_by_line` received a list of lines which do not have lineending markers ('\n', '\r', '\r\n', '\x0b', '\x0c'), behavior will be unspecified
  tokens_by_line = make_tokens_by_line(lines)
/app/ipython/IPython/core/inputtransformer2.py:608: UserWarning: `make_tokens_by_line` received a list of lines which do not have lineending markers ('\n', '\r', '\r\n', '\x0b', '\x0c'), behavior will be unspecified
  tokens_by_line = make_tokens_by_line(lines)
/app/ipython/IPython/core/inputtransformer2.py:714: UserWarning: `make_tokens_by_line` received a list of lines which do not have lineending markers ('\n', '\r', '\r\n', '\x0b', '\x0c'), behavior will be unspecified
  tokens_by_line = make_tokens_by_line(lines)
/app/ipython/IPython/core/inputtransformer2.py:608: UserWarning: `make_tokens_by_line` received a list of lines which do not have lineending markers ('\n', '\r', '\r\n', '\x0b', '\x0c'), behavior will be unspecified
  tokens_by_line = make_tokens_by_line(lines)
/app/ipython/IPython/core/inputtransformer2.py:608: UserWarning: `make_tokens_by_line` received a list of lines which do not have lineending markers ('\n', '\r', '\r\n', '\x0b', '\x0c'), behavior will be unspecified
  tokens_by_line = make_tokens_by_line(lines)
/app/ipython/IPython/core/inputtransformer2.py:608: UserWarning: `make_tokens_by_line` received a list of lines which do not have lineending markers ('\n', '\r', '\r\n', '\x0b', '\x0c'), behavior will be unspecified
  tokens_by_line = make_tokens_by_line(lines)
/app/ipython/IPython/core/inputtransformer2.py:608: UserWarning: `make_tokens_by_line` received a list of lines which do not have lineending markers ('\n', '\r', '\r\n', '\x0b', '\x0c'), behavior will be unspecified
  tokens_by_line = make_tokens_by_line(lines)
/app/ipython/IPython/core/inputtransformer2.py:608: UserWarning: `make_tokens_by_line` received a list of lines which do not have lineending markers ('\n', '\r', '\r\n', '\x0b', '\x0c'), behavior will be unspecified
  tokens_by_line = make_tokens_by_line(lines)
/app/ipython/IPython/core/inputtransformer2.py:714: UserWarning: `make_tokens_by_line` received a list of lines which do not have lineending markers ('\n', '\r', '\r\n', '\x0b', '\x0c'), behavior will be unspecified
  tokens_by_line = make_tokens_by_line(lines)
/app/ipython/IPython/core/inputtransformer2.py:608: UserWarning: `make_tokens_by_line` received a list of lines which do not have lineending markers ('\n', '\r', '\r\n', '\x0b', '\x0c'), behavior will be unspecified
  tokens_by_line = make_tokens_by_line(lines)
/app/ipython/IPython/core/inputtransformer2.py:714: UserWarning: `make_tokens_by_line` received a list of lines which do not have lineending markers ('\n', '\r', '\r\n', '\x0b', '\x0c'), behavior will be unspecified
  tokens_by_line = make_tokens_by_line(lines)
/app/ipython/IPython/core/inputtransformer2.py:608: UserWarning: `make_tokens_by_line` received a list of lines which do not have lineending markers ('\n', '\r', '\r\n', '\x0b', '\x0c'), behavior will be unspecified
  tokens_by_line = make_tokens_by_line(lines)
/app/ipython/IPython/core/inputtransformer2.py:714: UserWarning: `make_tokens_by_line` received a list of lines which do not have lineending markers ('\n', '\r', '\r\n', '\x0b', '\x0c'), behavior will be unspecified
  tokens_by_line = make_tokens_by_line(lines)
/app/ipython/IPython/core/inputtransformer2.py:608: UserWarning: `make_tokens_by_line` received a list of lines which do not have lineending markers ('\n', '\r', '\r\n', '\x0b', '\x0c'), behavior will be unspecified
  tokens_by_line = make_tokens_by_line(lines)
/app/ipython/IPython/core/inputtransformer2.py:714: UserWarning: `make_tokens_by_line` received a list of lines which do not have lineending markers ('\n', '\r', '\r\n', '\x0b', '\x0c'), behavior will be unspecified
  tokens_by_line = make_tokens_by_line(lines)
/app/ipython/IPython/core/inputtransformer2.py:608: UserWarning: `make_tokens_by_line` received a list of lines which do not have lineending markers ('\n', '\r', '\r\n', '\x0b', '\x0c'), behavior will be unspecified
  tokens_by_line = make_tokens_by_line(lines)
/app/ipython/IPython/core/inputtransformer2.py:714: UserWarning: `make_tokens_by_line` received a list of lines which do not have lineending markers ('\n', '\r', '\r\n', '\x0b', '\x0c'), behavior will be unspecified
  tokens_by_line = make_tokens_by_line(lines)
/app/ipython/IPython/core/inputtransformer2.py:608: UserWarning: `make_tokens_by_line` received a list of lines which do not have lineending markers ('\n', '\r', '\r\n', '\x0b', '\x0c'), behavior will be unspecified
  tokens_by_line = make_tokens_by_line(lines)
/app/ipython/IPython/core/inputtransformer2.py:714: UserWarning: `make_tokens_by_line` received a list of lines which do not have lineending markers ('\n', '\r', '\r\n', '\x0b', '\x0c'), behavior will be unspecified
  tokens_by_line = make_tokens_by_line(lines)
/app/ipython/IPython/core/inputtransformer2.py:608: UserWarning: `make_tokens_by_line` received a list of lines which do not have lineending markers ('\n', '\r', '\r\n', '\x0b', '\x0c'), behavior will be unspecified
  tokens_by_line = make_tokens_by_line(lines)
/app/ipython/IPython/core/inputtransformer2.py:714: UserWarning: `make_tokens_by_line` received a list of lines which do not have lineending markers ('\n', '\r', '\r\n', '\x0b', '\x0c'), behavior will be unspecified
  tokens_by_line = make_tokens_by_line(lines)
/app/ipython/IPython/core/inputtransformer2.py:608: UserWarning: `make_tokens_by_line` received a list of lines which do not have lineending markers ('\n', '\r', '\r\n', '\x0b', '\x0c'), behavior will be unspecified
  tokens_by_line = make_tokens_by_line(lines)
/app/ipython/IPython/core/inputtransformer2.py:714: UserWarning: `make_tokens_by_line` received a list of lines which do not have lineending markers ('\n', '\r', '\r\n', '\x0b', '\x0c'), behavior will be unspecified
  tokens_by_line = make_tokens_by_line(lines)
/app/ipython/IPython/core/inputtransformer2.py:608: UserWarning: `make_tokens_by_line` received a list of lines which do not have lineending markers ('\n', '\r', '\r\n', '\x0b', '\x0c'), behavior will be unspecified
  tokens_by_line = make_tokens_by_line(lines)
/app/ipython/IPython/core/inputtransformer2.py:714: UserWarning: `make_tokens_by_line` received a list of lines which do not have lineending markers ('\n', '\r', '\r\n', '\x0b', '\x0c'), behavior will be unspecified
  tokens_by_line = make_tokens_by_line(lines)
/app/ipython/IPython/core/inputtransformer2.py:608: UserWarning: `make_tokens_by_line` received a list of lines which do not have lineending markers ('\n', '\r', '\r\n', '\x0b', '\x0c'), behavior will be unspecified
  tokens_by_line = make_tokens_by_line(lines)
/app/ipython/IPython/core/inputtransformer2.py:714: UserWarning: `make_tokens_by_line` received a list of lines which do not have lineending markers ('\n', '\r', '\r\n', '\x0b', '\x0c'), behavior will be unspecified
  tokens_by_line = make_tokens_by_line(lines)
/app/ipython/IPython/core/inputtransformer2.py:608: UserWarning: `make_tokens_by_line` received a list of lines which do not have lineending markers ('\n', '\r', '\r\n', '\x0b', '\x0c'), behavior will be unspecified
  tokens_by_line = make_tokens_by_line(lines)
/app/ipython/IPython/core/inputtransformer2.py:608: UserWarning: `make_tokens_by_line` received a list of lines which do not have lineending markers ('\n', '\r', '\r\n', '\x0b', '\x0c'), behavior will be unspecified
  tokens_by_line = make_tokens_by_line(lines)
/app/ipython/IPython/core/inputtransformer2.py:714: UserWarning: `make_tokens_by_line` received a list of lines which do not have lineending markers ('\n', '\r', '\r\n', '\x0b', '\x0c'), behavior will be unspecified
  tokens_by_line = make_tokens_by_line(lines)
#20326	DONE   cov: 286 ft: 1122 corp: 175/1536b lim: 33 exec/s: 1847 rss: 87Mb
###### Recommended dictionary. ######
"\377\377" # Uses: 709
"\377\377\377\377" # Uses: 312
"\001\000\000\000" # Uses: 304
"\001\000\000\000\000\000\000<" # Uses: 144
"\000\000" # Uses: 126
"\000\000\000\000" # Uses: 88
###### End of recommended dictionary. ######
Done 20326 runs in 11 second(s)
