time,ego_speed,acceleration_cmd,mode,distance_error,distance,ttc
0.0,0.0,3.0,cruise,,,
0.1,0.30000000000000004,-0.06000000000001382,cruise,,,
0.2,0.29399999999999865,3.0,cruise,,,
0.3,0.5939999999999988,-0.11880000000001356,cruise,,,
0.4,0.5821199999999974,3.0,cruise,,,
0.5,0.8821199999999975,-0.17642400000001324,cruise,,,
0.6,0.8644775999999962,3.0,cruise,,,
0.7,1.1644775999999961,-0.2328955200000138,cruise,,,
0.8,1.1411880479999947,3.0,cruise,,,
0.9,1.4411880479999948,-0.2882376095999417,cruise,,,
1.0,1.4123642870400006,3.0,cruise,,,
1.1,1.7123642870400007,-0.3424728574080138,cruise,,,
1.2,1.6781170012991993,3.0,cruise,,,
1.3,1.9781170012991993,-0.3956234002598542,cruise,,,
1.4,1.9385546612732139,3.0,cruise,,,
1.5,2.2385546612732137,-0.44771093225458536,cruise,,,
1.6,2.1937835680477553,3.0,cruise,,,
1.7,2.493783568047755,-0.4987567136094935,cruise,,,
1.8,2.443907896686806,3.0,cruise,,,
1.9,2.743907896686806,-0.5487815793373754,cruise,,,
2.0,2.689029738753068,3.0,cruise,,,
2.1,2.989029738753068,-0.5978059477506275,cruise,,,
2.2,2.929249143978005,3.0,cruise,,,
2.3,3.229249143978005,-0.6458498287956154,cruise,,,
2.4,3.164664161098443,3.0,cruise,,,
2.5,3.464664161098443,-0.6929328322197028,cruise,,,
2.6,3.3953708778764726,3.0,cruise,,,
2.7,3.6953708778764724,-0.7390741755752366,cruise,,,
2.8,3.6214634603189486,3.0,cruise,,,
2.9,3.9214634603189484,-0.7842926920637323,cruise,,,
3.0,3.8430341911125754,3.0,cruise,,,
3.1,4.143034191112576,-0.8286068382225293,cruise,,,
3.2,4.0601735072903224,3.0,cruise,,,
3.3,4.360173507290322,-0.8720347014580785,cruise,,,
3.4,4.272970037144514,3.0,cruise,,,
3.5,4.572970037144514,-0.9145940074289172,cruise,,,
3.6,4.481510636401622,3.0,cruise,,,
3.7,4.781510636401622,-0.9563021272802672,cruise,,,
3.8,4.685880423673595,3.0,cruise,,,
3.9,4.985880423673595,-0.9971760847347326,cruise,,,
4.0,4.886162815200121,3.0,cruise,,,
4.1,5.186162815200121,-1.037232563039967,cruise,,,
4.2,5.082439558896125,3.0,cruise,,,
4.3,5.382439558896125,-1.076487911779168,cruise,,,
4.4,5.2747907677182075,3.0,cruise,,,
4.5,5.574790767718207,-1.1149581535435837,cruise,,,
4.6,5.463294952363849,3.0,cruise,,,
4.7,5.763294952363849,-1.1526589904727835,cruise,,,
4.8,5.648029053316571,3.0,cruise,,,
4.9,5.948029053316571,-1.1896058106633278,cruise,,,
5.0,5.829068472250238,3.0,cruise,,,
5.1,6.129068472250238,-1.2258136944500615,cruise,,,
5.2,6.006487102805232,3.0,cruise,,,
5.3,6.306487102805232,-1.2612974205610605,cruise,,,
5.4,6.180357360749126,3.0,cruise,,,
5.5,6.480357360749125,-1.2960714721497677,cruise,,,
5.6,6.350750213534148,3.0,cruise,,,
5.7,6.650750213534148,-1.330150042706844,cruise,,,
5.8,6.5177352092634635,3.0,cruise,,,
5.9,6.817735209263463,-1.3635470418527067,cruise,,,
6.0,6.6813805050781925,3.0,cruise,,,
6.1,6.981380505078192,-1.3962761010156521,cruise,,,
6.2,6.8417528949766275,3.0,cruise,,,
6.3,7.141752894976627,-1.4283505789952686,cruise,,,
6.4,6.998917837077101,3.0,cruise,,,
6.5,7.2989178370771,-1.4597835674153625,cruise,,,
6.6,7.152939480335564,3.0,cruise,,,
6.7,7.452939480335564,-1.4905878960671268,cruise,,,
6.8,7.303880690728851,3.0,cruise,,,
6.9,7.603880690728851,-1.5207761381457132,cruise,,,
7.0,7.45180307691428,3.0,cruise,,,
7.1,7.75180307691428,-1.5503606153827985,cruise,,,
7.2,7.596767015376,3.0,cruise,,,
7.3,7.896767015376,-1.5793534030752143,cruise,,,
7.4,7.738831675068479,3.0,cruise,,,
7.5,8.03883167506848,-1.60776633501371,cruise,,,
7.6,7.878055041567109,3.0,cruise,,,
7.7,8.17805504156711,-1.635611008313436,cruise,,,
7.8,8.014493940735766,3.0,cruise,,,
7.9,8.314493940735767,-1.6628987881470962,cruise,,,
8.0,8.148204061921058,3.0,cruise,,,
8.1,8.448204061921059,-1.6896408123842974,cruise,,,
8.2,8.279239980682629,3.0,cruise,,,
8.3,8.57923998068263,-1.7158479961365396,cruise,,,
8.4,8.407655181068975,3.0,cruise,,,
8.5,8.707655181068976,-1.741531036213809,cruise,,,
8.6,8.533502077447595,3.0,cruise,,,
8.7,8.833502077447596,-1.7667004154896047,cruise,,,
8.8,8.656832035898635,3.0,cruise,,,
8.9,8.956832035898636,-1.7913664071797415,cruise,,,
9.0,8.777695395180661,3.0,cruise,,,
9.1,9.077695395180662,-1.8155390790361468,cruise,,,
9.2,8.896141487277047,3.0,cruise,,,
9.3,9.196141487277048,-1.8392282974553522,cruise,,,
9.4,9.012218657531513,3.0,cruise,,,
9.5,9.312218657531513,-1.8624437315063167,cruise,,,
9.6,9.12597428438088,3.0,cruise,,,
9.7,9.425974284380882,-1.8851948568761907,cruise,,,
9.8,9.237454798693262,3.0,cruise,,,
9.9,9.537454798693263,-1.9074909597385954,cruise,,,
10.0,9.346705702719403,3.0,cruise,,,
10.1,9.646705702719403,-1.9293411405438237,cruise,,,
10.2,9.45377158866502,3.0,cruise,,,
10.3,9.753771588665021,-1.9507543177330184,cruise,,,
10.4,9.558696156891719,3.0,cruise,,,
10.5,9.85869615689172,-1.9717392313782867,cruise,,,
10.6,9.66152223375389,3.0,cruise,,,
10.7,9.961522233753891,-1.9923044467507207,cruise,,,
10.8,9.76229178907882,3.0,cruise,,,
10.9,10.06229178907882,-2.012458357815778,cruise,,,
11.0,9.861045953297243,3.0,cruise,,,
11.1,10.161045953297243,-2.032209190659463,cruise,,,
11.2,9.957825034231297,3.0,cruise,,,
11.3,10.257825034231297,-2.051565006846202,cruise,,,
11.4,10.052668533546678,3.0,cruise,,,
11.5,10.352668533546678,-2.0705337067092784,cruise,,,
11.6,10.145615162875751,3.0,cruise,,,
11.7,10.445615162875752,-2.0891230325752357,cruise,,,
11.8,10.236702859618228,3.0,cruise,,,
11.9,10.536702859618229,-2.1073405719237313,cruise,,,
12.0,10.325968802425855,3.0,cruise,,,
12.1,10.625968802425856,-2.1251937604851854,cruise,,,
12.2,10.413449426377337,3.0,cruise,,,
12.3,10.713449426377338,-2.1426898852754817,cruise,,,
12.4,10.49918043784979,3.0,cruise,,,
12.5,10.79918043784979,-2.1598360875700435,cruise,,,
12.6,10.583196829092786,3.0,cruise,,,
12.7,10.883196829092787,-2.1766393658186427,cruise,,,
12.8,10.665532892510923,3.0,cruise,,,
12.9,10.965532892510923,-2.1931065785021273,cruise,,,
13.0,10.74622223466071,3.0,cruise,,,
13.1,11.04622223466071,-2.209244446932156,cruise,,,
13.2,10.825297789967495,3.0,cruise,,,
13.3,11.125297789967496,-2.2250595579935846,cruise,,,
13.4,10.902791834168138,3.0,cruise,,,
13.5,11.202791834168139,-2.2405583668336417,cruise,,,
13.6,10.978735997484774,3.0,cruise,,,
13.7,11.278735997484775,-2.2557471994968976,cruise,,,
13.8,11.053161277535086,3.0,cruise,,,
13.9,11.353161277535087,-2.2706322555070315,cruise,,,
14.0,11.126098051984384,3.0,cruise,,,
14.1,11.426098051984384,-2.2852196103968194,cruise,,,
14.2,11.197576090944702,3.0,cruise,,,
14.3,11.497576090944703,-2.299515218189026,cruise,,,
14.4,11.2676245691258,3.0,cruise,,,
14.5,11.567624569125801,-2.3135249138251743,cruise,,,
14.6,11.336272077743283,3.0,cruise,,,
14.7,11.636272077743284,-2.327254415548742,cruise,,,
14.8,11.403546636188409,3.0,cruise,,,
14.9,11.70354663618841,-2.340709327237696,cruise,,,
15.0,11.46947570346464,3.0,cruise,,,
15.1,11.769475703464641,-2.3538951406930138,cruise,,,
15.2,11.53408618939534,3.0,cruise,,,
15.3,11.834086189395341,-2.366817237879154,cruise,,,
15.4,11.597404465607426,3.0,cruise,,,
15.5,11.897404465607426,-2.3794808931214995,cruise,,,
15.6,11.659456376295276,3.0,cruise,,,
15.7,11.959456376295277,-2.391891275259141,cruise,,,
15.8,11.720267248769362,3.0,cruise,,,
15.9,12.020267248769363,-2.404053449753958,cruise,,,
16.0,11.779861903793968,3.0,cruise,,,
16.1,12.079861903793969,-2.4159723807588076,cruise,,,
16.2,11.838264665718087,3.0,cruise,,,
16.3,12.138264665718088,-2.427652933143703,cruise,,,
16.4,11.895499372403718,3.0,cruise,,,
16.5,12.195499372403718,-2.439099874480686,cruise,,,
16.6,11.95158938495565,3.0,cruise,,,
16.7,12.25158938495565,-2.4503178769911442,cruise,,,
16.8,12.006557597256537,3.0,cruise,,,
16.9,12.306557597256537,-2.4613115194512503,cruise,,,
17.0,12.060426445311412,3.0,cruise,,,
17.1,12.360426445311413,-2.472085289062225,cruise,,,
17.2,12.11321791640519,3.0,cruise,,,
17.3,12.413217916405191,-2.4826435832810523,cruise,,,
17.4,12.164953558077086,3.0,cruise,,,
17.5,12.464953558077086,-2.49299071161536,cruise,,,
17.6,12.21565448691555,3.0,cruise,,,
17.7,12.515654486915551,-2.5031308973831243,cruise,,,
17.8,12.265341397177238,3.0,cruise,,,
17.9,12.565341397177239,-2.513068279435462,cruise,,,
18.0,12.314034569233693,3.0,cruise,,,
18.1,12.614034569233693,-2.522806913846824,cruise,,,
18.2,12.361753877849011,3.0,cruise,,,
18.3,12.661753877849012,-2.5323507755698165,cruise,,,
18.4,12.40851880029203,3.0,cruise,,,
18.5,12.708518800292032,-2.5417037600584917,cruise,,,
18.6,12.454348424286183,3.0,cruise,,,
18.7,12.754348424286183,-2.550869684857322,cruise,,,
18.8,12.49926145580045,3.0,cruise,,,
18.9,12.799261455800451,-2.5598522911601043,cruise,,,
19.0,12.54327622668444,3.0,cruise,,,
19.1,12.843276226684441,-2.5686552453369025,cruise,,,
19.2,12.58641070215075,3.0,cruise,,,
19.3,12.886410702150751,-2.5772821404301642,cruise,,,
19.4,12.628682488107735,3.0,cruise,,,
19.5,12.928682488107736,-2.585736497621561,cruise,,,
19.6,12.67010883834558,3.0,cruise,,,
19.7,12.970108838345581,-2.59402176766913,cruise,,,
19.8,12.710706661578667,3.0,cruise,,,
19.9,13.010706661578668,-2.6021413323156763,cruise,,,
20.0,12.7504925283471,3.0,cruise,,,
20.1,13.050492528347101,-2.610098505669363,cruise,,,
20.2,12.789482677780166,3.0,cruise,,,
20.3,13.089482677780166,-2.6178965355561186,cruise,,,
20.4,12.827693024224555,3.0,cruise,,,
20.5,13.127693024224556,-2.625538604844925,cruise,,,
20.6,12.865139163740063,3.0,cruise,,,
20.7,13.165139163740063,-2.6330278327480983,cruise,,,
20.8,12.901836380465253,3.0,cruise,,,
20.9,13.201836380465254,-2.6403672760929933,cruise,,,
21.0,12.937799652855954,3.0,cruise,,,
21.1,13.237799652855955,-2.647559930571205,cruise,,,
21.2,12.973043659798835,3.0,cruise,,,
21.3,13.273043659798835,-2.6546087319598524,cruise,,,
21.4,13.00758278660285,3.0,cruise,,,
21.5,13.30758278660285,-2.661516557320584,cruise,,,
21.6,13.041431130870793,3.0,cruise,,,
21.7,13.341431130870793,-2.668286226174244,cruise,,,
21.8,13.074602508253369,3.0,cruise,,,
21.9,13.37460250825337,-2.6749205016506163,cruise,,,
22.0,13.107110458088307,3.0,cruise,,,
22.1,13.407110458088308,-2.6814220916176756,cruise,,,
22.2,13.13896824892654,3.0,cruise,,,
22.3,13.43896824892654,-2.6877936497853936,cruise,,,
22.4,13.170188883948,3.0,cruise,,,
22.5,13.470188883948001,-2.694037776789614,cruise,,,
22.6,13.20078510626904,3.0,cruise,,,
22.7,13.50078510626904,-2.7001570212538937,cruise,,,
22.8,13.23076940414365,3.0,cruise,,,
22.9,13.530769404143651,-2.706153880828744,cruise,,,
23.0,13.260154016060778,3.0,cruise,,,
23.1,13.560154016060778,-2.7120308032121696,cruise,,,
23.2,13.288950935739562,3.0,cruise,,,
23.3,13.588950935739563,-2.7177901871478554,cruise,,,
23.4,13.317171917024778,3.0,cruise,,,
23.5,13.617171917024779,-2.723434383404898,cruise,,,
23.6,13.344828478684288,3.0,cruise,,,
23.7,13.644828478684289,-2.7289656957368718,cruise,,,
23.8,13.371931909110602,3.0,cruise,,,
23.9,13.671931909110603,-2.734386381822206,cruise,,,
24.0,13.398493270928382,3.0,cruise,,,
24.1,13.698493270928383,-2.739698654185619,cruise,,,
24.2,13.42452340550982,3.0,cruise,,,
24.3,13.72452340550982,-2.7449046811019784,cruise,,,
24.4,13.450032937399623,3.0,cruise,,,
24.5,13.750032937399624,-2.750006587479939,cruise,,,
24.6,13.47503227865163,3.0,cruise,,,
24.7,13.775032278651631,-2.755006455730269,cruise,,,
24.8,13.499531633078604,3.0,cruise,,,
24.9,13.799531633078605,-2.759906326615735,cruise,,,
25.0,13.523541000417032,3.0,cruise,,,
25.1,13.823541000417032,-2.764708200083349,cruise,,,
25.2,13.547070180408697,3.0,cruise,,,
25.3,13.847070180408698,-2.769414036081825,cruise,,,
25.4,13.570128776800516,3.0,cruise,,,
25.5,13.870128776800517,-2.7740257553601175,cruise,,,
25.6,13.592726201264504,3.0,cruise,,,
25.7,13.892726201264505,-2.778545240252915,cruise,,,
25.8,13.614871677239213,3.0,cruise,,,
25.9,13.914871677239214,-2.7829743354477854,cruise,,,
26.0,13.636574243694435,3.0,cruise,,,
26.1,13.936574243694436,-2.7873148487389727,cruise,,,
26.2,13.657842758820538,3.0,cruise,,,
26.3,13.957842758820538,-2.7915685517641933,cruise,,,
26.4,13.67868590364412,3.0,cruise,,,
26.5,13.97868590364412,-2.795737180728838,cruise,,,
26.6,13.699112185571236,3.0,cruise,,,
26.7,13.999112185571237,-2.79982243711419,cruise,,,
26.8,13.719129941859817,3.0,cruise,,,
26.9,14.019129941859818,-2.8038259883719423,cruise,,,
27.0,13.738747343022624,3.0,cruise,,,
27.1,14.038747343022624,-2.807749468604539,cruise,,,
27.2,13.75797239616217,3.0,cruise,,,
27.3,14.057972396162171,-2.8115944792324483,cruise,,,
27.4,13.776812948238927,3.0,cruise,,,
27.5,14.076812948238928,-2.8153625896477994,cruise,,,
27.6,13.795276689274148,3.0,cruise,,,
27.7,14.095276689274149,-2.8190553378548793,cruise,,,
27.8,13.81337115548866,3.0,cruise,,,
27.9,14.113371155488661,-2.8226742310977464,cruise,,,
28.0,13.831103732378887,3.0,cruise,,,
28.1,14.131103732378888,-2.826220746475827,cruise,,,
28.2,13.848481657731305,3.0,cruise,,,
28.3,14.148481657731306,-2.829696331546275,cruise,,,
28.4,13.86551202457668,3.0,cruise,,,
28.5,14.16551202457668,-2.8331024049153144,cruise,,,
28.6,13.882201784085149,3.0,cruise,,,
28.7,14.18220178408515,-2.8364403568170795,cruise,,,
28.8,13.898557748403443,3.0,cruise,,,
28.9,14.198557748403443,-2.839711549680738,cruise,,,
29.0,13.91458659343537,3.0,cruise,,,
29.1,14.21458659343537,-2.842917318687088,cruise,,,
29.2,13.930294861566662,3.0,cruise,,,
29.3,14.230294861566662,-2.8460589723133465,cruise,,,
29.4,13.945688964335327,3.0,cruise,,,
29.5,14.245688964335327,-2.849137792867115,cruise,,,
29.6,13.960775185048616,3.0,cruise,,,
29.7,14.260775185048617,-2.8521550370097017,cruise,,,
29.8,13.975559681347647,3.0,cruise,,,
29.9,14.275559681347648,-2.8551119362695436,cruise,,,
30.0,13.990048487720694,3.0,follow,387.6164072968543,418.60148002843533,
30.1,14.290048487720695,3.0,follow,387.5074024480822,418.94247517966323,
30.2,14.590048487720695,3.0,follow,386.8183975993102,418.7034703308912,
30.3,14.890048487720696,3.0,follow,386.34939275053813,418.68446548211915,
30.4,15.190048487720697,3.0,follow,388.8303879017661,421.61546063334714,
30.5,15.490048487720697,3.0,follow,388.88138305299395,422.116455784575,
30.6,15.790048487720698,3.0,follow,390.06237820422194,423.747450935803,
30.7,16.090048487720697,3.0,follow,390.12337335545,424.258446087031,
30.8,16.390048487720698,3.0,follow,391.1043685066778,425.6894412382589,
30.9,16.6900484877207,3.0,follow,389.2853636579057,424.32043638948676,
31.0,16.9900484877207,3.0,follow,392.1763588091336,427.66143154071466,
31.1,17.2900484877207,3.0,follow,390.96735396036155,426.9024266919426,
31.2,17.5900484877207,3.0,follow,393.7683491115894,430.1534218431704,
31.3,17.8900484877207,3.0,follow,390.32934426281736,427.1644169943984,
31.4,18.190048487720702,3.0,follow,393.7703394140453,431.05541214562635,
31.5,18.490048487720703,3.0,follow,391.9413345652731,429.67640729685417,
31.6,18.790048487720703,3.0,follow,391.01232971650114,429.1974024480822,
31.7,19.090048487720704,3.0,follow,391.37332486772914,430.0083975993102,
31.8,19.390048487720705,3.0,follow,391.69432001895706,430.77939275053814,
31.9,19.690048487720706,3.0,follow,392.72531517018507,432.26038790176614,
32.0,19.990048487720706,3.0,follow,392.8963103214129,432.88138305299395,
32.1,20.290048487720707,3.0,follow,391.53730547264087,431.9723782042219,
32.2,20.590048487720708,3.0,follow,392.2183006238687,433.1033733554498,
32.3,20.89004848772071,3.0,follow,394.8492957750966,436.1843685066777,
32.4,21.19004848772071,3.0,follow,394.25029092632457,436.03536365790563,
32.5,21.49004848772071,3.0,follow,392.5712860775525,434.80635880913354,
32.6,21.79004848772071,3.0,follow,391.9622812287804,434.64735396036144,
32.7,22.09004848772071,3.0,follow,391.89327638000833,435.0283491115894,
32.8,22.390048487720712,3.0,follow,392.2942715312363,435.87934426281737,
32.9,22.690048487720713,3.0,follow,390.1352666824643,434.1703394140454,
33.0,22.990048487720713,3.0,follow,390.7962618336922,435.28133456527326,
33.1,23.290048487720714,3.0,follow,388.85725698492024,433.79232971650134,
33.2,23.590048487720715,3.0,follow,390.9782521361481,436.3633248677292,
33.3,23.890048487720716,3.0,follow,390.91924728737604,436.7543200189571,
33.4,24.190048487720716,3.0,follow,389.2402424386039,435.52531517018497,
33.5,24.490048487720717,3.0,follow,391.22123758983184,437.9563103214129,1068.0598110623982
33.6,24.790048487720718,3.0,follow,387.5622327410597,434.7473054726408,
33.7,25.09004848772072,3.0,follow,386.83322789228765,434.46830062386874,278.49666471498034
33.8,25.39004848772072,3.0,follow,388.2842230435155,436.3692957750966,313.92379447900925
33.9,25.69004848772072,3.0,follow,388.6952181947435,437.2302909263246,809.6130271036558
34.0,25.99004848772072,3.0,follow,388.86621334597146,437.8512860775525,995.0069101372261
34.1,26.29004848772072,3.0,follow,385.8572084971993,435.2922812287804,375.23628179029663
34.2,26.590048487720722,3.0,follow,386.9882036484273,436.8732763800084,260.0361117985964
34.3,26.890048487720723,3.0,follow,385.08919879965526,435.42427153123634,205.38410986975285
34.4,27.190048487720723,3.0,follow,384.27019395088325,435.0552666824643,131.83299224277405
34.5,27.490048487720724,3.0,follow,384.7511891021111,435.9862618336922,143.8875528231734
34.6,27.790048487720725,3.0,follow,383.76218425333906,435.44725698492016,138.6753289599675
34.7,28.090048487720725,3.0,follow,380.51317940456687,432.64825213614796,188.10397017538025
34.8,28.390048487720726,3.0,follow,383.1341745557948,435.7192472873759,139.20527077989868
34.9,28.690048487720727,3.0,follow,382.2051697070227,435.2402424386038,86.87345911029537
35.0,28.990048487720728,3.0,follow,379.1161648582506,432.6012375898317,115.35883842738411
35.1,29.29004848772073,3.0,follow,379.37716000947864,433.31223274105974,94.60865619715277
35.2,29.59004848772073,3.0,follow,378.5781551607065,432.9632278922876,84.89394344675804
35.3,29.89004848772073,3.0,follow,377.37915031193444,432.2142230435155,97.5642194981687
35.4,30.19004848772073,3.0,follow,375.5101454631624,430.7952181947435,97.46391230583309
35.5,30.49004848772073,3.0,follow,374.3711406143903,430.1062133459714,89.79161994884744
35.6,30.790048487720732,3.0,follow,374.0621357656183,430.2472084971994,67.0161929960668
35.7,31.090048487720733,3.0,follow,374.3431309168461,430.9782036484272,68.19223056370181
35.8,31.390048487720733,3.0,follow,372.55412606807414,429.6391987996552,69.97325829899805
35.9,31.690048487720734,3.0,follow,370.415121219302,427.95019395088315,71.80313966112408
36.0,31.990048487720735,3.0,follow,370.53611637052995,428.52118910211107,58.30181798365202
36.1,32.29004848772073,3.0,follow,365.3171115217579,423.752184253339,57.03222326928996
36.2,32.59004848772073,3.0,follow,368.5681066729858,427.45317940456687,50.76611851201782
36.3,32.890048487720726,3.0,follow,364.10910182421367,423.44417455579475,48.173132963637904
36.4,33.19004848772072,3.0,follow,364.3700969754417,424.15516970702276,55.95678845513081
36.5,33.49004848772072,3.0,follow,362.2310921266695,422.46616485825064,56.55467505367619
36.6,33.79004848772072,3.0,follow,360.7020872778975,421.3871600094785,47.66796930976192
36.7,34.090048487720715,3.0,follow,362.09308242912533,423.2281551607064,50.74648616058252
36.8,34.39004848772071,3.0,follow,358.88407758035333,420.4691503119344,46.10382838183992
36.9,34.69004848772071,3.0,follow,358.37507273158127,420.41014546316234,41.33806696897901
37.0,34.990048487720706,3.0,follow,356.48606788280927,418.9711406143903,43.103811791029095
37.1,35.2900484877207,3.0,follow,355.58706303403716,418.5221357656182,45.78992511121645
37.2,35.5900484877207,3.0,follow,353.63805818526515,417.0231309168462,39.267535491859945
37.3,35.8900484877207,3.0,follow,350.5790533364931,414.41412606807415,42.634985472716735
37.4,36.190048487720695,3.0,follow,351.550048487721,415.83512121930204,31.6223260779306
37.5,36.49004848772069,3.0,follow,348.29104363894896,413.02611637053,37.996713339145025
37.6,36.79004848772069,3.0,follow,345.47203879017684,410.6571115217579,35.03885772759481
37.7,37.090048487720686,3.0,follow,345.0730339414048,410.7081066729858,33.363646543120325
37.8,37.390048487720684,3.0,follow,345.5440290926327,411.6291018242137,33.41132157348909
37.9,37.69004848772068,3.0,follow,343.0950242438607,409.6300969754417,28.887778298513155
38.0,37.99004848772068,3.0,follow,340.00601939508863,406.9910921266696,30.949778816915536
38.1,38.290048487720675,3.0,follow,338.22701454631647,405.6620872778975,31.15672631023464
38.2,38.59004848772067,3.0,follow,336.4480096975444,404.3330824291254,32.39835829379633
38.3,38.89004848772067,3.0,follow,337.2890048487724,405.6240775803534,28.404951000631907
38.4,39.19004848772067,3.0,follow,333.53000000000026,402.31507273158127,27.183361802184287
38.5,39.490048487720664,3.0,follow,331.6809951512282,400.9160678828092,26.96131543981691
38.6,39.79004848772066,3.0,follow,330.4219903024561,400.1070630340371,28.376289867547563
38.7,40.09004848772066,3.0,follow,327.58298545368405,397.718058185265,26.80032066703524
38.8,40.390048487720655,3.0,follow,325.0339806049121,395.61905333649304,25.05496127159784
38.9,40.69004848772065,3.0,follow,323.08497575614,394.12004848772096,25.742573500261802
39.0,40.99004848772065,3.0,follow,321.17597090736786,392.66104363894885,24.664563298397844
39.1,41.29004848772065,3.0,follow,319.1369660585959,391.07203879017686,25.133086127513995
39.2,41.590048487720644,3.0,follow,317.87796120982375,390.26303394140473,22.795673401352857
39.3,41.89004848772064,3.0,follow,314.98895636105175,387.8240290926327,22.62677549427442
39.4,42.19004848772064,3.0,follow,313.57995151227976,386.8650242438607,22.13180498415809
39.5,42.490048487720635,3.0,follow,310.4709466635076,384.20601939508856,20.667295174021184
39.6,42.79004848772063,3.0,follow,308.42194181473565,382.6070145463166,21.776093265406367
39.7,43.09004848772063,3.0,follow,303.84293696596353,378.4780096975445,21.155784455102186
39.8,43.39004848772063,3.0,follow,304.8039321171915,379.8890048487724,20.65731393271917
39.9,43.690048487720624,3.0,follow,301.8549272684194,377.3900000000003,19.99941866845656
40.0,43.99004848772062,3.0,follow,300.23592241964735,376.2209951512283,18.764094031076272
40.1,44.29004848772062,3.0,follow,293.4969175708753,369.93199030245626,18.86440977104669
40.2,44.590048487720615,3.0,follow,296.6579127221033,373.5429854536842,18.81824045340547
40.3,44.89004848772061,3.0,follow,291.7289078733312,369.0639806049121,18.01186467792337
40.4,45.19004848772061,3.0,follow,290.6599030245591,368.44497575614,18.141019012283532
40.5,45.49004848772061,3.0,follow,285.76089817578713,363.995970907368,18.02848423711052
40.6,45.790048487720604,3.0,follow,285.0718933270149,363.7569660585958,18.76966233026073
40.7,46.0900484877206,3.0,follow,280.6528884782429,359.78796120982383,17.165416455052803
40.8,46.3900484877206,3.0,follow,278.54388362947077,358.1289563610517,16.8928366634862
40.9,46.690048487720595,3.0,follow,278.7648787806988,358.7999515122797,16.496512718803686
41.0,46.99004848772059,3.0,follow,273.76587393192676,354.25094666350765,15.119514022737354
41.1,47.29004848772059,3.0,follow,271.5368690831547,352.4719418147356,15.798797658765086
41.2,47.59004848772059,3.0,follow,269.5578642343827,350.94293696596355,15.569750755290121
41.3,47.890048487720584,3.0,follow,266.39885938561054,348.23393211719144,16.551004258399317
41.4,48.19004848772058,3.0,follow,263.2498545368386,345.53492726841944,14.810724780545849
41.5,48.49004848772058,3.0,follow,260.69084968806646,343.42592241964735,14.764626247488195
41.6,48.790048487720576,3.0,follow,260.1418448392945,343.32691757087537,14.413359307302128
41.7,49.09004848772057,3.0,follow,254.53283999052246,338.1679127221033,13.542941772355904
41.8,49.39004848772057,3.0,follow,251.92383514175043,336.0089078733313,14.279992157631186
41.9,49.69004848772057,3.0,follow,249.95483029297827,334.4899030245591,13.861965639844287
42.0,49.990048487720564,3.0,follow,247.07582544420626,332.0608981757871,13.609026160046291
42.1,50.29004848772056,3.0,follow,244.1868205954341,329.62189332701496,12.692386519142248
42.2,50.59004848772056,3.0,follow,240.55781574666221,326.44288847824305,13.302454909230915
42.3,50.890048487720556,3.0,follow,235.52881089789008,321.86388362947093,11.9474129297198
42.4,51.19004848772055,3.0,follow,235.56980604911791,322.35487878069875,12.518612496377257
42.5,51.49004848772055,3.0,follow,229.36080120034597,316.5958739319268,12.74025175799436
42.6,51.79004848772055,3.0,follow,227.85179635157385,315.53686908315467,11.46154425495822
42.7,52.090048487720544,3.0,follow,223.51279150280192,311.6478642343827,11.328510175963181
42.8,52.39004848772054,3.0,follow,221.09378665402983,309.6788593856106,11.335223637132307
42.9,52.69004848772054,3.0,follow,218.31478180525758,307.3498545368384,10.949388087850686
43.0,52.990048487720536,3.0,follow,215.05577695648557,304.5408496880664,10.447353108738541
43.1,53.29004848772053,3.0,follow,211.88677210771368,301.8218448392945,10.687724030308733
43.2,53.59004848772053,3.0,follow,209.90776725894153,300.29283999052234,10.217500665777663
43.3,53.89004848772053,3.0,follow,205.27876241016952,296.1138351417503,10.379016189516788
43.4,54.190048487720524,3.0,follow,201.12975756139753,292.4148302929783,9.786290354018295
43.5,54.49004848772052,3.0,follow,199.08075271262544,290.8158254442062,10.265278069335409
43.6,54.79004848772052,3.0,follow,195.90174786385336,288.0868205954341,9.482763686564804
43.7,55.090048487720516,3.0,follow,189.74274301508146,282.37781574666224,9.31016697388355
43.8,55.39004848772051,3.0,follow,188.2937381663094,281.37881089789016,9.448567923383795
43.9,55.69004848772051,3.0,follow,184.88473331753727,278.41980604911805,8.807952514127752
44.0,55.99004848772051,3.0,follow,180.22572846876528,274.21080120034605,8.897156709847444
44.1,56.290048487720505,3.0,follow,178.51672361999312,272.9517963515739,9.005323645792078
44.2,56.5900484877205,3.0,follow,173.19771877122105,268.0827915028018,8.173243756123261
44.3,56.8900484877205,3.0,follow,169.86871392244922,265.20378665402995,8.352862413945571
44.4,57.190048487720496,3.0,follow,165.86970907367697,261.6547818052577,8.176699541741742
44.5,57.49004848772049,3.0,follow,162.38070422490492,258.61577695648566,8.107065324870476
44.6,57.79004848772049,3.0,follow,157.40169937613288,254.0867721077136,7.535184067135668
44.7,58.09004848772049,3.0,follow,153.26269452736096,250.3977672589417,7.347341872156182
44.8,58.390048487720485,3.0,follow,152.86368967858886,250.4487624101696,7.589345285458083
44.9,58.69004848772048,3.0,follow,146.31468482981677,244.3497575613975,7.300549852834684
45.0,58.99004848772048,3.0,follow,142.30567998104488,240.7907527126256,7.123976546959826
45.1,59.290048487720476,3.0,follow,137.12667513227268,236.06174786385338,6.936861930979462
45.2,59.59004848772047,3.0,follow,134.91767028350074,234.30274301508143,6.675282602445713
45.3,59.89004848772047,3.0,follow,130.20866543472866,230.04373816630937,6.625674449955608
45.4,60.19004848772047,3.0,follow,129.54966058595656,229.83473331753726,6.572330987709165
45.5,60.490048487720465,3.0,follow,124.85065573718471,225.5857284687654,6.261044265473251
45.6,60.79004848772046,3.0,follow,118.92165088841263,220.10672361999332,6.400302799764475
45.7,61.09004848772046,3.0,follow,118.1526460396405,219.7877187712212,6.151341184066874
45.8,61.390048487720456,3.0,follow,112.64364119086838,214.72871392244906,5.759882903402816
45.9,61.69004848772045,3.0,follow,107.06463634209653,209.59970907367722,5.790039456570791
46.0,61.99004848772045,3.0,follow,100.48563149332448,203.47070422490515,5.394232308347745
46.1,62.29004848772045,3.0,follow,101.65662664455229,205.09169937613296,5.588322300030613
46.2,62.590048487720445,3.0,follow,93.33762179578034,197.222694527361,5.370981320825713
46.3,62.89004848772044,3.0,follow,88.80861694700833,193.143689678589,5.015410191970442
46.4,63.19004848772044,3.0,follow,87.51961209823635,192.304684829817,5.1322240720568715
46.5,63.490048487720436,3.0,follow,84.81060724946417,190.04567998104483,4.977617564895649
46.6,63.79004848772043,3.0,follow,79.30160240069205,184.9866751322727,4.846383027042372
46.7,64.09004848772044,3.0,follow,74.02259755192014,180.1576702835008,4.782517610568727
46.8,64.39004848772043,3.0,follow,69.66359270314811,176.24866543472876,4.454092733533624
46.9,64.69004848772043,3.0,follow,65.5345878543761,172.56966058595674,4.286374882002231
47.0,64.99004848772043,3.0,follow,60.985583005603885,168.47065573718453,4.143395347599343
47.1,65.29004848772043,3.0,follow,55.96657815683187,163.90165088841252,4.007370576531745
47.2,65.59004848772042,3.0,follow,51.26757330805981,159.65264603964044,3.9274896827704486
47.3,65.89004848772042,-0.5029600568601609,follow,46.538568459288,155.37364119086863,3.8241067134789923
47.4,65.8397524820344,-8.0,follow,41.76003721961365,150.51966594266526,3.704666082059491
47.5,65.0397524820344,3.0,follow,39.486061971410166,147.04569069446177,3.730254033469085
47.6,65.3397524820344,-8.0,follow,33.422086723206576,141.43171544625818,3.5068828034404986
47.7,64.5397524820344,3.0,follow,32.44811147500339,139.257740198055,3.621811096524562
47.8,64.8397524820344,-8.0,follow,27.024136226799897,134.2837649498515,3.353761115533964
47.9,64.0397524820344,-7.299183006880668,follow,24.19016097859624,130.24978970164784,3.520288136113665
48.0,63.30983418134633,3.0,follow,22.884055011493842,127.84880628351334,3.3786830478907905
48.1,63.60983418134633,-8.0,follow,19.933071593359216,125.3478228653787,3.19358859673733
48.2,62.80983418134633,-8.0,follow,16.82208817522462,121.03683944724412,3.1348707398935414
48.3,62.009834181346335,-8.0,follow,11.531104757089963,114.54585602910947,3.1254126679626255
48.4,61.20983418134634,-8.0,follow,9.760121338955528,111.57487261097504,3.066942857815024
48.5,60.40983418134634,3.0,follow,9.579137920820784,110.19388919284029,3.1601495040027645
48.6,60.70983418134634,-8.0,emergency,3.408154502686344,104.47290577470585,2.954564357935233
48.7,59.90983418134634,-8.0,emergency,1.9671710845516088,101.83192235657111,2.9128262402029925
48.8,59.10983418134634,-8.0,emergency,0.6161876664167778,99.2809389384363,2.8570190700861
48.9,58.309834181346346,-8.0,emergency,-3.2047957517176258,94.2599555203019,2.7361512111817685
49.0,57.50983418134635,-8.0,emergency,-4.055779169852443,92.20897210216708,2.8078391502519686
49.1,56.70983418134635,-8.0,emergency,-7.63676258798705,87.42798868403247,2.8139187410444024
49.2,55.909834181346355,-8.0,emergency,-8.707746006121681,85.15700526589785,2.7693484382285316
49.3,55.10983418134636,-8.0,emergency,-9.488729424256348,83.1760218477632,2.679654194085499
49.4,54.30983418134636,-8.0,emergency,-13.35971284239092,78.10503842962862,2.676678624841481
49.5,53.50983418134636,-8.0,emergency,-12.740696260525482,77.52405501149406,2.7471477866704954
49.6,52.709834181346366,-8.0,emergency,-14.821679678660104,74.24307159335945,2.616972348825905
49.7,51.90983418134637,-8.0,emergency,-15.672663096794935,72.19208817522463,2.6947568128470025
49.8,51.10983418134637,-8.0,emergency,-17.45364651492936,69.2111047570902,2.654834866829053
49.9,50.309834181346375,-8.0,emergency,-17.514629933063986,67.95012133895557,2.596505612839909
50.0,49.50983418134638,-8.0,emergency,-20.145613351198563,64.119137920821,2.6451970521383976
50.1,48.70983418134638,-8.0,emergency,-21.93659676933322,61.12815450268636,2.624671091546284
50.2,47.90983418134638,-8.0,emergency,-22.4075801874677,59.457171084551874,2.6903899186147457
50.3,47.109834181346386,-8.0,emergency,-22.948563605602573,57.716187666417,2.707159313505135
50.4,46.30983418134639,-8.0,emergency,-24.439547023737276,55.02520424828231,2.463098150219395
50.5,45.50983418134639,-8.0,emergency,-25.29053044187188,52.974220830147715,2.4976254117411933
50.6,44.709834181346395,-8.0,emergency,-26.89151386000647,50.17323741201312,2.596980747404974
50.7,43.9098341813464,-8.0,emergency,-27.54249727814124,48.32225399387835,2.6092163418260856
50.8,43.1098341813464,-8.0,emergency,-28.983480696275763,45.68127057574384,2.577973930694698
50.9,42.3098341813464,-8.0,follow,-25.984464114410457,47.480287157609155,3.2927068758550626
51.0,41.509834181346406,-8.0,emergency,-29.78544753254532,42.47930373947429,2.6417749872540903
51.1,40.70983418134641,-8.0,emergency,-29.536430950679772,41.528320321339834,2.794669160808702
51.2,39.90983418134641,-8.0,emergency,-29.857414368814403,40.007336903205214,2.819436534064494
51.3,39.109834181346415,-8.0,emergency,-28.26839778694918,40.39635348507045,2.965994515586458
51.4,38.30983418134642,-8.0,emergency,-29.72938120508367,37.73537006693596,2.7849322406384074
51.5,37.50983418134642,-8.0,follow,-28.060364623218277,38.204386648801346,3.1997418111960036
51.6,36.70983418134642,-8.0,emergency,-30.1713480413531,34.893403230666536,2.839208626885132
51.7,35.909834181346426,-8.0,follow,-29.002331459487714,34.862419812531925,3.1436376092234095
51.8,35.10983418134643,-8.0,follow,-30.053314877622356,32.61143639439729,3.114799702606506
51.9,34.30983418134643,3.0,follow,-26.454298295756907,35.01045297626274,3.7849816861437526
52.0,34.60983418134643,-8.0,follow,-31.595281713891595,30.31946955812805,3.8526186015447617
52.1,33.80983418134643,-8.0,follow,-29.59626513202651,31.118486139993138,3.047893392514369
52.2,33.009834181346434,-8.0,follow,-28.83724855016098,30.677502721858673,4.090424132064102
52.3,32.20983418134644,-8.0,follow,-28.608231968295648,29.706519303724008,3.528159660143516
52.4,31.409834181346437,-8.0,follow,-28.719215386430456,28.395535885589197,4.200626098780032
52.5,30.609834181346436,-8.0,follow,-28.020198804565098,27.89455246745456,5.823698986509242
52.6,29.809834181346435,-8.0,follow,-27.101182222699705,27.61356904931995,5.801372064080766
52.7,29.009834181346434,-8.0,follow,-26.512165640834468,27.002585631185184,5.602388923604409
52.8,28.209834181346434,-7.405966480629303,follow,-24.39314905896903,27.92160221305062,7.446089843638088
52.9,27.469237533283504,-0.1989313050806487,follow,-22.139177840202784,29.064678459722472,14.834688477518464
53.0,27.449344402775438,-8.0,follow,-25.444272584718178,25.72974401944498,8.578456010465487
53.1,26.649344402775437,-8.0,follow,-25.319207024995904,24.65480957916725,16.554135855496074
53.2,25.849344402775436,3.0,follow,-22.77414146527333,25.99987513888982,31.73253524503032
53.3,26.149344402775437,3.0,follow,-20.35907590555078,28.864940698612372,17.60761231730415
53.4,26.449344402775438,-8.0,follow,-24.734010345828423,24.940006258334734,
53.5,25.649344402775437,3.0,follow,-20.868944786105914,27.60507181805724,163.0114214915247
53.6,25.949344402775438,-8.0,follow,-21.373879226383437,27.55013737777972,11.156863071353897
53.7,25.149344402775437,-8.0,follow,-22.678813666660773,25.04520293750238,2680.2358095413165
53.8,24.349344402775436,3.0,follow,-20.15374810693841,26.370268497224743,
53.9,24.649344402775437,-8.0,follow,-19.388682547216177,27.585334056946976,
54.0,23.849344402775436,-8.0,follow,-20.31361698749363,25.46039961666952,
54.1,23.049344402775436,-6.755791661091607,follow,-18.7285514277711,25.845465176392054,
54.2,22.373765236666276,-8.0,follow,-17.87255920227406,25.688088652725355,
54.3,21.573765236666276,-8.0,follow,-16.809935725940775,25.55071212905864,
54.4,20.773765236666275,3.0,follow,-14.787312249607226,26.373335605392185,
54.5,21.073765236666276,-8.0,follow,-15.484688773273618,26.125959081725796,
54.6,20.273765236666275,3.0,follow,-12.40206529694035,28.00858255805906,
54.7,20.573765236666276,-8.0,follow,-13.309441820606779,27.551206034392635,
54.8,19.773765236666275,3.0,follow,-10.46681834427352,29.19382951072589,
54.9,20.073765236666276,-8.0,follow,-12.42419486794013,27.686452987059283,
55.0,19.273765236666275,3.0,follow,-8.541571391606908,30.369076463392503,
55.1,19.573765236666276,-3.7254263038764464,follow,-7.888947915273391,31.471699939726022,
55.2,19.20122260627863,-8.0,follow,-9.910256230319753,28.89157767909819,
55.3,18.40122260627863,3.0,follow,-5.400378490947489,32.20145541847046,
55.4,18.70122260627863,3.0,follow,-4.270500751575462,33.78133315784248,
55.5,19.00122260627863,-8.0,follow,-6.840623012203032,31.661210897214914,
55.6,18.20122260627863,3.0,follow,-1.7407452728310702,35.561088636586874,
55.7,18.50122260627863,-8.0,follow,-2.94086753345875,34.8109663759592,
55.8,17.70122260627863,3.0,follow,-2.270989794086624,34.28084411533132,
55.9,18.00122260627863,3.0,follow,-1.2911120547144677,35.71072185470348,
56.0,18.301222606278632,3.0,follow,-0.3912343153424658,37.060599594075484,
56.1,18.601222606278633,-8.0,follow,-0.7413565759702294,37.160477333447716,
56.2,17.801222606278632,3.0,follow,1.698521163401871,38.40035507281982,
56.3,18.101222606278633,-8.0,follow,0.30839890277414383,37.46023281219209,
56.4,17.301222606278632,3.0,follow,3.4982766421462443,39.450110551564194,
56.5,17.601222606278633,-8.0,follow,2.0181543815183716,38.41998829093632,
56.6,16.801222606278632,3.0,follow,5.498032120890436,40.699866030308385,
56.7,17.101222606278633,-1.9269325613259962,follow,4.947909860262399,40.599743769680344,
56.8,16.908529350146033,3.0,follow,6.236096809446735,41.59889083466578,
56.9,17.208529350146033,3.0,follow,8.765243874432187,44.578037899651235,
57.0,17.508529350146034,3.0,follow,8.904390939417539,45.16718496463659,
57.1,17.808529350146035,3.0,follow,8.633538004403036,45.34633202962209,
57.2,18.108529350146036,-8.0,follow,6.972685069388433,44.13547909460749,
57.3,17.308529350146035,3.0,follow,9.811832134373972,45.774626159593026,
57.4,17.608529350146036,3.0,follow,11.810979199359224,48.22377322457828,
57.5,17.908529350146036,2.8229356820645393,follow,10.870126264344883,47.732920289563936,
57.6,18.19082291835249,3.0,follow,13.557603620199806,50.84383799772854,
57.7,18.490822918352492,-8.0,follow,11.608521328364738,49.344755705893476,
57.8,17.69082291835249,3.0,follow,13.309439036529447,49.84567341405818,
57.9,17.990822918352492,3.0,follow,13.000356744694251,49.98659112222299,
58.0,18.290822918352493,3.0,follow,13.721274452859028,51.15750883038777,
58.1,18.590822918352494,3.0,follow,13.592192161023675,51.47842653855241,
58.2,18.890822918352494,3.0,follow,14.713109869188543,53.04934424671728,
58.3,19.190822918352495,3.0,follow,15.124027577353374,53.91026195488212,
58.4,19.490822918352496,-8.0,follow,13.274945285517987,52.51117966304673,
58.5,18.690822918352495,3.0,follow,14.495862993682906,52.53209737121165,
58.6,18.990822918352496,3.0,follow,14.0867807018478,52.573015079376546,
58.7,19.290822918352497,3.0,follow,16.82769841001233,55.76393278754108,
58.8,19.590822918352497,-2.9444136003514956,follow,15.118616118177052,54.504850495705796,
58.9,19.296381558317346,3.0,follow,14.95064000239796,53.89521233987398,
59.0,19.596381558317347,3.0,follow,17.881001846566377,57.2755741840424,
59.1,19.896381558317348,3.0,follow,20.301363690734576,60.1459360282106,
59.2,20.19638155831735,-8.0,follow,17.531725534902947,57.82629787237897,
59.3,19.396381558317348,3.0,follow,20.24208737907125,59.336659716547274,
59.4,19.69638155831735,3.0,follow,19.472449223239394,59.01702156071542,
59.5,19.99638155831735,3.0,follow,19.32281106740789,59.31738340488391,
59.6,20.29638155831735,3.0,follow,20.483172911576098,60.92774524905212,
59.7,20.59638155831735,3.0,follow,19.12353475574455,60.01810709322058,
59.8,20.89638155831735,3.0,follow,19.70389659991261,61.048468937388634,
59.9,21.196381558317352,3.0,follow,19.694258444080745,61.48883078155677,
60.0,21.496381558317353,3.0,follow,18.48462028824906,60.72919262572509,
60.1,21.796381558317353,3.0,follow,20.214982132417205,62.90955446989324,
60.2,22.096381558317354,3.0,follow,18.74534397658553,61.889916314061566,
60.3,22.396381558317355,3.0,follow,17.930705820754063,61.525278158230094,
60.4,22.696381558317356,3.0,follow,19.156067664922325,63.20064000239836,
60.5,22.996381558317356,-1.049904098447385,follow,17.32142950909087,61.816001846566905,
60.6,22.891391148472618,3.0,follow,18.734776009010723,63.07186273171965,
60.7,23.19139114847262,3.0,follow,18.445636894163435,63.23272361687236,
60.8,23.49139114847262,3.0,follow,19.386497779316166,64.6235845020251,
60.9,23.79139114847262,3.0,follow,18.40735866446883,64.09444538717776,
61.0,24.09139114847262,3.0,follow,17.518219549621634,63.65530627233056,
61.1,24.39139114847262,3.0,follow,18.104080434774346,64.69116715748328,
61.2,24.691391148472622,3.0,follow,18.35994131992736,65.3970280426363,
61.3,24.991391148472623,3.0,follow,17.025802205079998,64.51288892778894,
61.4,25.291391148472623,3.0,follow,15.971663090232845,63.90874981294178,
61.5,25.591391148472624,-8.0,follow,14.047523975385566,62.4346106980945,874.5427414161217
61.6,24.791391148472623,3.0,follow,15.588384860538348,62.77547158324728,
61.7,25.091391148472624,3.0,follow,16.02924574569085,63.66633246839979,
61.8,25.391391148472625,3.0,follow,15.260106630843545,63.347193353552484,
61.9,25.691391148472626,3.0,follow,15.270967515996219,63.808054238705154,395.3627868849847
62.0,25.991391148472626,3.0,follow,15.046828401148986,64.03391512385792,254.71825683962018
62.1,26.291391148472627,3.0,follow,15.072689286301753,64.5097760090107,490.97505242105564
62.2,26.591391148472628,3.0,follow,13.85855017145451,63.745636894163454,42.742399912623235
62.3,26.89139114847263,3.0,follow,13.914411056607477,64.25149777931642,
62.4,27.19139114847263,3.0,follow,12.850271941760333,63.637358664469275,29.30718341982383
62.5,27.49139114847263,-8.0,follow,9.961132826912909,61.198219549621854,23.525189430106863
62.6,26.69139114847263,3.0,follow,12.22199371206549,62.25908043477443,
62.7,26.99139114847263,3.0,follow,12.552854597218321,63.039941319927266,133.73170354213272
62.8,27.29139114847263,-8.0,follow,10.773715482371024,61.71080220507997,70.81871592710854
62.9,26.49139114847263,3.0,follow,13.939576367523806,63.67666309023275,2028.491029748546
63.0,26.79139114847263,3.0,follow,14.4354372526766,64.62252397538555,80.63793080139371
63.1,27.09139114847263,3.0,follow,13.541298137829529,64.17838486053847,36.43619131173102
63.2,27.391391148472632,-8.0,follow,11.34715902298204,62.43424574569099,49.49634046607198
63.3,26.59139114847263,3.0,follow,14.403019908134922,64.29010663084387,62.9436692563687
63.4,26.891391148472632,-8.0,follow,12.383880793287616,62.72096751599656,45085.7465970947
63.5,26.09139114847263,3.0,follow,13.034741678440298,62.17182840114924,1502.056132659852
63.6,26.391391148472632,3.0,follow,12.265602563592992,61.85268928630194,73.51240787187088
63.7,26.691391148472633,3.0,follow,12.106463448745586,62.143550171454535,87.3549668208238
63.8,26.991391148472633,3.0,follow,11.48232433389849,61.96941105660744,158.3311510708338
63.9,27.291391148472634,3.0,follow,11.55818521905121,62.495271941760166,43.66051306691796
64.0,27.591391148472635,3.0,follow,10.964046104203867,62.35113282691282,32.62081279215754
64.1,27.891391148472636,3.0,follow,10.17990698935646,62.016993712065414,46.58059638086891
64.2,28.191391148472636,3.0,follow,10.035767874509155,62.32285459721811,38.917946222357955
64.3,28.491391148472637,3.0,follow,10.20662875966191,62.94371548237086,25.5724148197369
64.4,28.791391148472638,0.5321969926866927,follow,9.257489644814768,62.44457636752372,23.201598326932526
64.5,28.844610847741308,-8.0,follow,6.233199011137941,59.5001152827499,27.487673059033263
64.6,28.044610847741307,3.0,follow,6.088737926363805,58.155654197975764,21.82519606841358
64.7,28.344610847741308,3.0,follow,9.339276841589509,61.85619311320147,21.369433187009726
64.8,28.64461084774131,-8.0,follow,6.119815756815413,59.08673202842738,22.5986716453314
64.9,27.844610847741308,3.0,follow,8.470354672041168,60.23727094365313,43.50483823084097
65.0,28.14461084774131,-8.0,follow,6.810893587267017,59.02780985887898,48.201279588328724
65.1,27.344610847741308,3.0,follow,7.2514325024926904,58.26834877410465,
65.2,27.64461084774131,3.0,follow,9.306971417718458,60.77388768933042,270.574143236956
65.3,27.94461084774131,3.0,follow,8.972510332944353,60.88942660455632,46.6724822271523
65.4,28.24461084774131,-8.0,follow,6.898049248170246,59.26496551978221,40.464650122713046
65.5,27.44461084774131,-8.0,follow,5.793588163396066,56.96050443500803,39.983202799078576
65.6,26.64461084774131,3.0,follow,9.27412707862193,59.241043350233895,
65.7,26.94461084774131,3.0,follow,9.864665993848007,60.281582265459974,219.51639114506955
65.8,27.24461084774131,-8.0,follow,7.3052049090737725,58.172121180685735,1065.2118322031356
65.9,26.44461084774131,3.0,follow,10.395743824299757,60.062660095911724,415.339934963639
66.0,26.74461084774131,3.0,follow,9.746282739525604,59.86319901113757,
66.1,27.04461084774131,3.0,follow,9.951821654751463,60.51873792636343,
66.2,27.34461084774131,-0.9745005555291897,follow,8.957360569977276,59.974276841589244,164.48845999266766
66.3,27.247160792188392,-4.813180769611577,follow,7.878819574087906,58.74956076237049,
66.4,26.765842715227233,3.0,follow,11.04421241800712,61.19297649084797,
66.5,27.065842715227234,-8.0,follow,9.09262814648443,59.69139221932528,264.3051477629738
66.6,26.265842715227233,3.0,follow,10.531043874961753,59.9298079478026,
66.7,26.565842715227234,-8.0,follow,9.149459603438999,58.99822367627985,
66.8,25.765842715227233,3.0,follow,11.02787533191615,59.676639404757,
66.9,26.065842715227234,3.0,follow,10.216291060393331,59.31505513323418,
67.0,26.365842715227235,3.0,follow,10.649706788870631,60.198470861711485,
67.1,26.665842715227235,3.0,follow,12.353122517347913,62.35188659018877,
67.2,26.965842715227236,-8.0,follow,8.526538245825456,58.97530231866631,
67.3,26.165842715227235,3.0,follow,9.579953974302555,58.82871804714341,
67.4,26.465842715227236,3.0,follow,12.63836970278009,62.33713377562094,
67.5,26.765842715227237,-8.0,follow,10.406785431257653,60.55554950409851,
67.6,25.965842715227236,3.0,follow,11.245201159735068,60.19396523257592,
67.7,26.265842715227237,3.0,follow,12.813616888212358,62.21238096105321,
67.8,26.565842715227237,-8.0,follow,10.642032616689868,60.490796689530725,
67.9,25.765842715227237,3.0,follow,14.715448345167182,63.36421241800804,
68.0,26.065842715227237,-4.033957283170039,follow,13.148864073644255,62.24762814648511,
68.1,25.662446986910233,3.0,follow,12.667712967428798,61.16138344779415,
68.2,25.962446986910233,3.0,follow,15.321468268737895,64.26513874910324,26262.96793021855
68.3,26.262446986910234,-8.0,follow,11.960223570047113,61.353894050412464,
68.4,25.462446986910233,3.0,follow,14.878978871356217,63.072649351721566,
68.5,25.762446986910234,3.0,follow,14.147734172665317,62.79140465303067,
68.6,26.062446986910235,3.0,follow,14.976489473974361,64.07015995433972,
68.7,26.362446986910236,3.0,follow,14.975244775283485,64.51891525564884,
68.8,26.662446986910236,-8.0,follow,12.959000076592275,62.95267055695763,
68.9,25.862446986910236,3.0,follow,13.49275537790139,62.28642585826674,
69.0,26.162446986910236,3.0,follow,14.566510679210324,63.81018115957568,
69.1,26.462446986910237,-4.104362012785174,follow,13.01026598051915,62.703936460884506,
69.2,26.05201078563172,3.0,follow,16.78571920387389,65.86373538232147,
69.3,26.35201078563172,-8.0,follow,14.44551812531089,63.97353430375847,
69.4,25.55201078563172,3.0,follow,15.345317046747816,63.67333322519539,
69.5,25.85201078563172,3.0,follow,15.725115968184618,64.5031321466322,
69.6,26.15201078563172,-8.0,follow,13.784914889621483,63.012931068069065,
69.7,25.35201078563172,3.0,follow,15.68971381105829,63.71772998950587,
69.8,25.65201078563172,3.0,follow,17.88451273249492,66.3625289109425,
69.9,25.95201078563172,-8.0,follow,15.629311653931737,64.55732783237931,
70.0,25.15201078563172,3.0,follow,16.714110575368373,64.44212675381596,
70.1,25.45201078563172,3.0,follow,18.293909496805227,66.4719256752528,
70.2,25.75201078563172,3.0,follow,18.82370841824212,67.4517245966897,
70.3,26.052010785631722,3.0,follow,18.09350733967902,67.1715235181266,
70.4,26.352010785631723,3.0,follow,18.153306261115887,67.68132243956347,
70.5,26.652010785631724,-8.0,follow,15.96310518255298,65.94112136100057,
70.6,25.852010785631723,3.0,follow,16.687904103989723,65.46592028243731,
70.7,26.152010785631724,3.0,follow,19.692703025426525,68.92071920387411,
70.8,26.452010785631725,-8.0,follow,17.447501946863106,67.12551812531069,
70.9,25.652010785631724,3.0,follow,19.02230086829998,67.50031704674757,
71.0,25.952010785631725,3.0,follow,20.57209978973686,69.50011596818445,
71.1,26.252010785631725,3.0,follow,19.5218987111736,68.89991488962119,
71.2,26.552010785631726,3.0,follow,19.17169763261061,68.9997138110582,
71.3,26.852010785631727,3.0,follow,20.791496554047427,71.06951273249501,
71.4,27.152010785631727,-8.0,follow,17.411295475484238,68.13931165393183,
71.5,26.352010785631727,3.0,follow,20.586094396921254,70.11411057536884,
71.6,26.652010785631727,3.0,follow,19.390893318358238,69.36890949680583,
71.7,26.952010785631728,3.0,follow,19.375692239795285,69.80370841824288,
71.8,27.25201078563173,3.0,follow,20.470491161232005,71.3485073396796,
71.9,27.55201078563173,3.0,follow,19.04029008266886,70.36830626111646,
72.0,27.85201078563173,3.0,follow,18.730089004105615,70.50810518255321,
72.1,28.15201078563173,3.0,follow,18.959887925542326,71.18790410398992,
72.2,28.45201078563173,-4.6446478773035125,follow,16.979686846979227,69.65770302542683,
72.3,27.987545997901382,3.0,follow,17.27262942878466,69.25394842563674,
72.4,28.287545997901383,3.0,follow,16.673874828994684,69.10519382584675,
72.5,28.587545997901383,3.0,follow,15.265120229204527,68.1464392260566,
72.6,28.887545997901384,3.0,follow,19.26636562941445,72.59768462626653,135.05390219570603
72.7,29.187545997901385,-8.0,follow,15.347611029624304,69.12893002647638,
72.8,28.387545997901384,3.0,follow,17.59385642983426,70.17517542668634,
72.9,28.687545997901385,3.0,follow,17.150101830043795,70.18142082689587,74.8565094235279
73.0,28.987545997901385,3.0,follow,17.366347230253638,70.84766622710572,101.56701699996223
73.1,29.287545997901386,3.0,follow,17.48259263046335,71.41391162731543,41.57903876494358
73.2,29.587545997901387,3.0,follow,17.058838030673094,71.44015702752517,167.09349959580913
73.3,29.887545997901388,-8.0,follow,14.9700834308831,69.80140242773518,
73.4,29.087545997901387,3.0,follow,16.661328831092995,70.29264782794507,
73.5,29.387545997901388,3.0,follow,16.712574231302874,70.79389322815496,
73.6,29.68754599790139,3.0,follow,15.663819631512624,70.1951386283647,
73.7,29.98754599790139,3.0,follow,17.200065031722403,72.18138402857448,44.078996328090454
73.8,30.28754599790139,-2.962471131939452,follow,15.45631043193221,70.8876294287843,32.257631693025075
73.9,29.991298884707444,3.0,follow,16.136551213252623,71.12349954031379,172.92412448651186
74.0,30.291298884707444,3.0,follow,15.53242132478156,70.96936965184273,252.29168514355274
74.1,30.591298884707445,3.0,follow,15.558291436310604,71.44523976337177,77.54838407956942
74.2,30.891298884707446,-4.384274673733444,follow,13.899161547839938,70.2361098749011,23.401904499673794
74.3,30.4528714173341,3.0,follow,12.861515607166794,68.54082273316794,89.84583925386528
74.4,30.752871417334102,3.0,follow,14.176228465433212,70.30553559143436,33.118131893133636
74.5,31.052871417334103,-8.0,follow,12.450941323699666,69.03024844970082,110.82584066090409
74.6,30.252871417334102,3.0,follow,13.730654181966372,69.10996130796752,1307.1327532464397
74.7,30.552871417334103,3.0,follow,14.440367040232772,70.26967416623393,47.07014505758173
74.8,30.852871417334104,3.0,follow,14.610079898499208,70.88938702450037,51.2624573303863
74.9,31.152871417334104,-8.0,follow,12.69979275676549,69.42909988276665,32.55193881755268
75.0,30.352871417334104,3.0,follow,14.179505615032014,69.70881274103317,168.8390375655955
75.1,30.652871417334104,3.0,follow,15.184218473298714,71.16352559929987,
75.2,30.952871417334105,-8.0,follow,13.038931331565102,69.46823845756626,39.18402529272356
75.3,30.152871417334104,3.0,follow,16.82364418983191,72.05295131583307,
75.4,30.452871417334105,-8.0,follow,14.108357048098362,69.78766417409952,86.92259142295275
75.5,29.652871417334104,0.5003969780582906,follow,12.803069906364797,67.28237703236596,331.6503523094133
75.6,29.702911115139933,3.0,follow,15.537719248142338,70.09208592085224,
75.7,30.002911115139934,3.0,follow,14.697428136628353,69.70179480933825,97.77066639739053
75.8,30.302911115139935,3.0,follow,15.237137025114244,70.69150369782415,132.65158426891043
75.9,30.602911115139936,3.0,follow,14.076845913600316,69.98121258631022,50.240975052654214
76.0,30.902911115139936,-1.6527126261108265,follow,12.676554802086159,69.03092147479606,
76.1,30.737639852528854,3.0,follow,11.680697710749726,67.787157489543,200.76764333899152
76.2,31.037639852528855,3.0,follow,12.286933725496851,68.84339350429013,53.88325463394655
76.3,31.337639852528856,-2.008940224572342,follow,11.03316974024385,68.03962951903713,96.15008153637383
76.4,31.13674583007162,3.0,follow,11.56083619092265,68.26595493603008,89.03335663351892
76.5,31.436745830071622,3.0,follow,12.307161607915404,69.46228035302283,61.10625481568409
76.6,31.736745830071623,3.0,follow,12.93348702490826,70.53860577001569,109.06696648079506
76.7,32.036745830071624,-8.0,follow,10.919812441901243,68.97493118700868,88.79987315882809
76.8,31.236745830071623,3.0,follow,10.286137858894023,67.14125660400146,59.58864440592916
76.9,31.536745830071624,3.0,follow,11.562463275886742,68.86758202099418,47.93303072789229
77.0,31.836745830071624,3.0,follow,11.828788692879698,69.58390743798714,49.115307743287566
77.1,32.136745830071625,-8.0,follow,9.225114109872536,67.43023285497998,18.958406385092196
77.2,31.336745830071624,3.0,follow,10.891439526865497,67.89655827197294,33.83415939105229
77.3,31.636745830071625,3.0,follow,10.517764943858353,67.9728836889658,
77.4,31.936745830071626,-8.0,follow,9.05409036085107,66.95920910595851,
77.5,31.136745830071625,3.0,follow,11.830415777843925,68.53553452295137,127.68712989126705
77.6,31.436745830071626,-5.780009270468966,follow,10.446741194836797,67.60185993994423,1839.715140688631
77.7,30.85874490302473,3.0,follow,11.927868095104628,68.21598544964172,
77.8,31.15874490302473,-8.0,follow,9.971993604801995,66.71011095933909,
77.9,30.35874490302473,3.0,follow,11.73611911449953,67.27423646903662,
78.0,30.65874490302473,3.0,follow,12.640244624197024,68.62836197873412,
78.1,30.95874490302473,-8.0,follow,10.944370133894608,67.3824874884317,82.29973370154401
78.2,30.15874490302473,3.0,follow,14.638495643592208,69.8766129981293,118.68741901480936
78.3,30.45874490302473,-8.0,follow,11.812621153289683,67.50073850782678,
78.4,29.65874490302473,3.0,follow,13.8767466629874,68.3648640175245,
78.5,29.95874490302473,3.0,follow,14.360872172684822,69.29898952722192,583.595487149369
78.6,30.25874490302473,-8.0,follow,11.284997682382532,66.67311503691963,
78.7,29.45874490302473,3.0,follow,12.249123192080106,66.4372405466172,
78.8,29.75874490302473,3.0,follow,12.213248701777552,66.85136605631465,
78.9,30.05874490302473,3.0,follow,15.147374211475245,70.23549156601234,
79.0,30.358744903024732,-8.0,follow,12.661499721172866,68.19961707570997,
79.1,29.55874490302473,3.0,follow,17.695625230870384,72.03374258540748,
79.2,29.858744903024732,-8.0,follow,13.719750740567996,68.5078680951051,
79.3,29.05874490302473,3.0,follow,16.043876250265477,69.63199360480257,
79.4,29.358744903024732,3.0,follow,17.418001759962998,71.4561191145001,
79.5,29.658744903024733,3.0,follow,17.7121272696606,72.2002446241977,
79.6,29.958744903024733,3.0,follow,17.48625277935821,72.42437013389531,
79.7,30.258744903024734,3.0,follow,16.140378289055704,71.5284956435928,
79.8,30.558744903024735,3.0,follow,15.584503798753161,71.42262115329027,
79.9,30.858744903024736,3.0,follow,14.6886293084507,70.97674666298781,131.74462767906513
80.0,31.158744903024736,3.0,follow,14.512754818148046,71.25087217268515,
80.1,31.458744903024737,-8.0,follow,12.466880327845494,69.6549976823826,
80.2,30.658744903024736,3.0,follow,13.441005837543067,69.42912319208017,268.3303994801485
80.3,30.958744903024737,3.0,follow,14.06513134724036,70.50324870177747,
80.4,31.258744903024738,3.0,follow,13.45925685693809,70.3473742114752,893.3578112271634
80.5,31.55874490302474,3.0,follow,12.683382366635527,70.02149972117263,352.3184678223251
80.6,31.85874490302474,3.0,follow,13.657507876333185,71.44562523087029,127.86805721914037
80.7,32.15874490302474,3.0,follow,13.511633386030724,71.74975074056783,65.90134249192207
80.8,32.45874490302474,-7.085972014593537,follow,11.915758895728224,70.60387625026533,147.47702963349826
80.9,31.750147701565382,3.0,follow,14.753639927760453,72.37886148010853,124.7593695274715
81.0,32.05014770156538,-8.0,follow,10.978625157603972,69.05384670995204,
81.1,31.25014770156538,3.0,follow,13.453610387447625,70.32883193979569,
81.2,31.55014770156538,3.0,follow,12.378595617290728,69.7038171696388,
81.3,31.85014770156538,-8.0,follow,10.463580847134367,68.23880239948244,110.03637073431663
81.4,31.05014770156538,3.0,follow,14.068566076977675,70.64378762932574,
81.5,31.35014770156538,3.0,follow,13.64355130682155,70.66877285916962,
81.6,31.65014770156538,3.0,follow,15.388536536664589,72.86375808901266,
81.7,31.95014770156538,-2.8732518701224166,follow,13.813521766507698,71.73874331885577,107.04915222611845
81.8,31.662822514553138,-8.0,follow,12.108227295570849,69.60246106740055,
81.9,30.862822514553137,3.0,follow,17.28194504411553,73.57617881594524,
82.0,31.162822514553138,3.0,follow,16.105662792660176,72.84989656448988,160.87958134409675
82.1,31.46282251455314,3.0,follow,14.889380541205078,72.08361431303479,
82.2,31.76282251455314,-1.6994484496068054,follow,13.413098289749762,71.05733206157947,25175.187133253323
82.3,31.592877669592458,3.0,follow,12.758727790231461,70.14804429462015,
82.4,31.89287766959246,3.0,follow,13.149440023272362,70.98875652766105,435.84093943193443
82.5,32.192877669592455,3.0,follow,14.730152256313104,73.01946876070178,50.258511290344416
82.6,32.49287766959245,3.0,follow,15.390864489353532,74.13018099374221,47.737296018428474
82.7,32.79287766959245,3.0,follow,14.451576722394066,73.64089322678274,425.9711124079025
82.8,33.09287766959245,-8.0,follow,11.13228895543493,70.7716054598236,291.3878644281298
82.9,32.29287766959245,3.0,follow,11.473001188475564,69.91231769286424,126.45169363486765
83.0,32.59287766959245,3.0,follow,12.793713421516301,71.68302992590498,
83.1,32.892877669592444,-8.0,follow,9.614425654557053,68.95374215894572,37.82686205946134
83.2,32.09287766959245,3.0,follow,13.845137887598,71.98445439198667,
83.3,32.392877669592444,3.0,follow,12.755850120638897,71.34516662502756,87.76863886640906
83.4,32.69287766959244,3.0,follow,11.85656235367938,70.89587885806804,133.04344111902947
83.5,32.99287766959244,-8.0,follow,9.737274586720076,69.22659109110873,613.2886277778696
83.6,32.19287766959244,3.0,follow,14.067986819760932,72.3573033241496,418.546267396669
83.7,32.49287766959244,-8.0,follow,12.12869905280192,70.86801555719057,
83.8,31.692877669592438,3.0,follow,12.499411285842747,70.0387277902314,
83.9,31.99287766959244,-8.0,follow,9.600123518883692,67.58944002327235,
84.0,31.192877669592438,3.0,follow,15.2108357519243,72.00015225631296,
84.1,31.49287766959244,3.0,follow,17.62154798496519,74.86086448935384,
84.2,31.79287766959244,3.0,follow,17.142260218005745,74.8315767223944,
84.3,32.09287766959244,-8.0,follow,13.57297245104661,71.71228895543527,
84.4,31.29287766959244,3.0,follow,14.733684684087407,71.67300118847606,115.06754004421653
84.5,31.59287766959244,3.0,follow,16.074396917128126,73.46371342151679,
84.6,31.89287766959244,-8.0,follow,13.48510915016901,71.32442565455767,
84.7,31.09287766959244,3.0,follow,16.91582138320979,73.55513788759845,
84.8,31.39287766959244,3.0,follow,17.3765336162504,74.46585012063906,
84.9,31.69287766959244,3.0,follow,17.827245849291245,75.36656235367991,
85.0,31.992877669592442,-8.0,follow,15.407958082332208,73.39727458672087,
85.1,31.19287766959244,3.0,follow,16.648670315372925,73.43798681976159,
85.2,31.492877669592442,3.0,follow,15.309382548413815,72.54869905280248,
85.3,31.792877669592443,3.0,follow,15.090094781454589,72.77941128584325,
85.4,32.09287766959244,3.0,follow,15.74080701449526,73.88012351888392,
85.5,32.39287766959244,3.0,follow,16.371519247536405,74.96083575192506,
85.6,32.692877669592434,3.0,follow,16.91223148057695,75.9515479849656,
85.7,32.99287766959243,-8.0,follow,13.66294371361753,73.15226021800618,
85.8,32.192877669592434,3.0,follow,18.843655946658757,77.13297245104741,
85.9,32.49287766959243,-8.0,follow,15.544368179699156,74.2836846840878,
86.0,31.69287766959243,3.0,follow,17.355080412740044,74.89439691712869,
86.1,31.99287766959243,2.5058299523779084,follow,15.845792645780854,73.8351091501695,
86.2,32.24346066483022,-8.0,follow,12.725572086441062,71.0907630836864,
86.3,31.443460664830223,3.0,follow,19.841226019957816,77.00641701720315,
86.4,31.743460664830224,3.0,follow,19.346879953474982,76.96207095072032,
86.5,32.04346066483022,-5.281853555676221,follow,17.302533886991974,75.3677248842373,
86.6,31.5152753092626,3.0,follow,18.933284389417025,76.20619735331093,
86.7,31.8152753092626,3.0,follow,19.491756858490724,77.21466982238462,
86.8,32.1152753092626,-8.0,follow,15.510229327564453,73.68314229145835,864.061859506797
86.9,31.3152753092626,3.0,follow,18.808701796638296,75.7816147605322,
87.0,31.6152753092626,3.0,follow,20.987174265712333,78.41008722960623,
87.1,31.9152753092626,-8.0,follow,17.025646734786044,74.89855969867995,
87.2,31.1152753092626,3.0,follow,21.33411920385965,78.00703216775355,
87.3,31.4152753092626,-8.0,follow,18.112591672933597,75.2355046368275,
87.4,30.6152753092626,3.0,follow,23.031064142006876,78.95397710590078,
87.5,30.9152753092626,3.0,follow,21.959536611080914,78.33244957497482,
87.6,31.2152753092626,-8.0,follow,18.838009080154322,75.66092204404822,
87.7,30.4152753092626,3.0,follow,25.666481549227903,81.2893945131218,
87.8,30.7152753092626,-8.0,follow,21.95495401830162,78.02786698219552,
87.9,29.9152753092626,3.0,follow,23.433426487375293,78.3063394512692,
88.0,30.2152753092626,3.0,follow,25.341898956449356,80.66481192034325,
88.1,30.515275309262602,3.0,follow,27.120371425522848,82.89328438941675,
88.2,30.815275309262603,-8.0,follow,22.79884389459643,79.02175685849033,
88.3,30.015275309262602,3.0,follow,26.547316363670546,81.57022932756445,
88.4,30.315275309262603,3.0,follow,27.235788832744348,82.70870179663825,
88.5,30.615275309262604,3.0,follow,27.714261301817658,83.63717426571156,
88.6,30.915275309262604,3.0,follow,26.592733770891513,82.96564673478542,
88.7,31.215275309262605,3.0,follow,25.371206239965012,82.19411920385892,
88.8,31.515275309262606,3.0,follow,24.279678709039068,81.55259167293298,
88.9,31.815275309262606,3.0,follow,25.978151178112633,83.70106414200654,
89.0,32.11527530926261,-4.277303324150154,follow,23.376623647186477,81.54953661108038,
89.1,31.68754497684759,-8.0,follow,20.459464648124268,77.99078211339565,
89.2,30.88754497684759,3.0,follow,29.04071015043914,85.37202761571052,
89.3,31.18754497684759,3.0,follow,29.931955652754496,86.71327311802588,
89.4,31.48754497684759,-8.0,follow,22.8832011550698,80.11451862034119,
89.5,30.68754497684759,3.0,follow,27.354446657384543,83.38576412265593,
89.6,30.98754497684759,3.0,follow,30.7756921597001,87.25700962497149,
89.7,31.28754497684759,3.0,follow,33.81693766201509,90.74825512728648,
89.8,31.587544976847592,-8.0,follow,29.288183164330384,86.66950062960177,
89.9,30.78754497684759,3.0,follow,29.249428666645812,85.4307461319172,
90.0,31.087544976847592,3.0,follow,30.39067416896072,87.02199163423211,
90.1,31.387544976847593,3.0,follow,33.7619196712761,90.84323713654749,
90.2,31.687544976847594,-8.0,follow,29.133165173591472,86.66448263886286,
90.3,30.887544976847593,3.0,follow,30.384410675906416,86.7157281411778,
90.4,31.187544976847594,3.0,follow,30.995656178221573,87.77697364349297,
90.5,31.487544976847595,3.0,follow,29.79690168053679,87.02821914580818,
90.6,31.787544976847595,3.0,follow,32.10814718285222,89.78946464812361,
90.7,32.087544976847596,3.0,follow,35.399392685167214,93.53071015043861,
90.8,32.38754497684759,0.5461864212800407,follow,32.160638187482924,90.74195565275431,
90.9,32.4421636189756,3.0,follow,30.954493862393264,89.61773929085666,
91.0,32.742163618975596,3.0,follow,30.590277500495652,89.70352292895905,
91.1,33.04216361897559,-8.0,follow,27.276061138598223,86.83930656706161,
91.2,32.242163618975596,3.0,follow,34.49184477670044,92.85509020516383,
91.3,32.54216361897559,3.0,follow,31.937628414802774,90.75087384326616,
91.4,32.84216361897559,3.0,follow,31.40341205290509,90.66665748136847,
91.5,33.14216361897559,3.0,follow,39.239195691007296,98.95244111947068,
91.6,33.442163618975584,-8.0,follow,31.854979329110158,92.01822475757353,
91.7,32.64216361897559,3.0,follow,30.640762967212538,89.60400839567592,
91.8,32.942163618975584,3.0,follow,31.106546605314854,90.51979203377823,
91.9,33.24216361897558,3.0,follow,34.63233024341757,94.49557567188094,
92.0,33.54216361897558,3.0,follow,31.668113881519595,91.98135930998296,261.1892721273998
92.1,33.842163618975576,-8.0,follow,27.363897519622384,88.12714294808575,
92.2,33.04216361897558,3.0,follow,34.55968115772462,94.12292658618799,
92.3,33.342163618975576,-8.0,follow,30.175464795827025,90.18871022429039,
92.4,32.54216361897558,3.0,follow,37.92124843392944,96.73449386239281,
92.5,32.842163618975576,3.0,follow,35.57703207203181,94.84027750049518,
92.6,33.14216361897557,-8.0,follow,31.302815710134347,91.0160611385977,205.8424918573556
92.7,32.342163618975576,3.0,follow,37.06859934823629,95.58184477669965,
92.8,32.64216361897557,-1.295561265267665,follow,33.594382986339006,92.55762841480237,
92.9,32.51260749244881,3.0,follow,35.93745642688387,94.70636766555708,
93.0,32.812607492448805,3.0,follow,34.61619567763952,93.83510691631272,92.66681079891067
93.1,33.1126074924488,-8.0,follow,30.73493492839431,90.40384616706751,
93.2,32.312607492448805,3.0,follow,32.563674179149494,91.0325854178227,
93.3,32.6126074924488,3.0,follow,36.59241342990505,95.51132466857825,
93.4,32.9126074924488,-8.0,follow,32.60115268066017,91.97006391933337,147.71756690174502
93.5,32.1126074924488,3.0,follow,33.72989193141508,91.89880317008829,179.2771360618907
93.6,32.4126074924488,3.0,follow,31.888631182170293,90.50754242084349,
93.7,32.7126074924488,3.0,follow,35.15737043292563,94.22628167159883,
93.8,33.012607492448794,3.0,follow,39.11610968368057,98.63502092235376,82.7053507100022
93.9,33.31260749244879,-8.0,follow,30.254848934435344,90.22376017310853,58.4878270167637
94.0,32.512607492448794,3.0,follow,34.443588185190656,93.21249942386385,
94.1,32.81260749244879,3.0,follow,37.76232743594572,96.98123867461891,
94.2,33.11260749244879,-8.0,follow,33.26106668670108,92.92997792537426,196.63246861335847
94.3,32.31260749244879,3.0,follow,35.96980593745592,94.4387171761291,100.18880385810192
94.4,32.61260749244879,-8.0,follow,31.408545188211328,90.32745642688451,1717.0074493632183
94.5,31.812607492448787,3.0,follow,36.77728443896648,94.49619567763966,
94.6,32.11260749244879,3.0,follow,34.71602368972189,92.88493492839507,45.03277296744393
94.7,32.412607492448785,3.0,follow,37.52476294047719,96.14367417915037,
94.8,32.71260749244878,3.0,follow,37.623502191232,96.69241342990517,282.2250404939972
94.9,33.01260749244878,3.0,follow,41.03224144198721,100.55115268066038,
95.0,33.31260749244878,-8.0,follow,34.94098069274242,94.90989193141559,
95.1,32.51260749244878,3.0,follow,35.439719943497224,94.2086311821704,
95.2,32.81260749244878,3.0,follow,34.57845919425245,93.79737043292562,139.45335353228904
95.3,33.112607492448774,3.0,follow,32.52719844500763,92.19610968368079,50.30870498105746
95.4,33.41260749244877,3.0,follow,33.91593769576286,94.03484893443601,
95.5,33.71260749244877,3.0,follow,31.544676946517868,92.11358818519102,65.67310432968881
95.6,34.012607492448765,3.0,follow,32.22341619727306,93.24232743594621,51.72636185444926
95.7,34.31260749244876,3.0,follow,34.81215544802811,96.28106668670125,44.11286363664016
95.8,34.61260749244876,-8.0,follow,27.540894698783028,89.45980593745617,38.51697121804138
95.9,33.81260749244876,3.0,follow,34.659633949538176,95.37854518821132,50.13043708003787
96.0,34.11260749244876,3.0,follow,34.50837320029344,95.67728443896658,35.93367956422807
96.1,34.41260749244876,-8.0,follow,29.727112451048598,91.34602368972173,30.626230209971588
96.2,33.61260749244876,-8.0,follow,25.035851701803345,85.45476294047648,49.03844572617622
96.3,32.81260749244876,3.0,follow,30.474590952558657,89.6935021912318,60.49713268552865
96.4,33.11260749244876,3.0,follow,35.35333020331367,95.02224144198681,47.68738539932514
96.5,33.41260749244876,-8.0,follow,30.952069454068933,91.07098069274207,58.28141816344751
96.6,32.61260749244876,3.0,follow,29.260808704824136,88.17971994349728,76.50455208837492
96.7,32.91260749244876,3.0,follow,30.1095479555794,89.47845919425254,
96.8,33.212607492448754,3.0,follow,33.38828720633405,93.20719844500718,22.608797615521674
96.9,33.51260749244875,3.0,follow,31.89702645708917,92.1659376957623,98.82607467988667
97.0,33.81260749244875,0.08631643079498019,follow,28.95576570784447,89.6746769465176,79.1754226811946
97.1,33.821239135528245,3.0,follow,28.330694329672475,89.06255303296484,20.562834386677796
97.2,34.12123913552824,3.0,follow,27.538570416119256,88.72042911941162,29.172460686489703
97.3,34.42123913552824,3.0,follow,25.23644650256673,86.86830520585909,25.390889605980913
97.4,34.721239135528236,3.0,follow,31.85432258901382,93.93618129230617,19.81258034179296
97.5,35.02123913552823,-8.0,follow,25.38219867546122,87.91405737875357,19.531079049955117
97.6,34.221239135528236,3.0,follow,30.78007476190841,92.11193346520076,22.68074604605128
97.7,34.52123913552823,3.0,follow,30.8979508483555,92.67980955164785,53.533799952696576
97.8,34.82123913552823,3.0,follow,28.555826934803008,90.78768563809535,31.841484113634568
97.9,35.12123913552823,-8.0,follow,23.503703021250026,86.18556172454237,29.80921248106868
98.0,34.32123913552823,3.0,follow,26.831579107697053,88.3134378109894,33.31024977246874
98.1,34.62123913552823,3.0,follow,24.759455194144543,86.69131389743688,18.361983243989513
98.2,34.921239135528225,-8.0,follow,21.327331280591906,83.70918998388424,18.555697773729893
98.3,34.12123913552823,3.0,follow,25.82520736703855,87.0070660703309,30.840018123469125
98.4,34.421239135528225,-8.0,follow,20.573083453486205,82.20494215677854,17.30179008294419
98.5,33.62123913552823,3.0,follow,28.48095953993316,88.9128182432255,40.2094991964701
98.6,33.921239135528225,-8.0,follow,22.838835626380487,83.72069432967282,24.32864762733841
98.7,33.12123913552823,3.0,follow,25.756711712827205,85.43857041611955,30.39178323051686
98.8,33.421239135528225,3.0,follow,25.274587799274386,85.40644650256672,39.33534777678407
98.9,33.72123913552822,-0.6375504996104411,follow,22.902463885721694,83.48432258901403,30.234368879841185
99.0,33.65748408556718,3.0,follow,25.202348052106416,85.68857418045718,24.570312603024114
99.1,33.957484085567174,-8.0,follow,21.256599643549755,82.19282577190052,33.582578230678635
99.2,33.15748408556718,3.0,follow,26.170851234993123,85.90707736334389,22.923933871847776
99.3,33.457484085567174,-8.0,follow,18.845102826436353,79.03132895478711,31.02328662327699
99.4,32.65748408556718,3.0,follow,24.18935441788001,83.17558054623078,45.76413142031691
99.5,32.957484085567174,3.0,follow,28.853606009323023,88.28983213767378,29.553239317394365
99.6,33.25748408556717,-8.0,follow,19.3678576007664,79.25408372911716,28.741447373690225
99.7,32.457484085567174,3.0,follow,21.30210919220975,79.98833532056051,23.269441640880405
99.8,32.75748408556717,3.0,follow,24.136360783652833,83.27258691200359,45.566791836745004
99.9,33.05748408556717,3.0,follow,22.390612375096445,81.9768385034472,25.799291608037947
100.0,33.357484085567165,3.0,follow,22.114863966539403,82.15109009489015,21.46347006501448
100.1,33.65748408556716,3.0,follow,21.709115557982706,82.19534168633345,29.70038458938004
100.2,33.95748408556716,3.0,follow,21.30336714942601,82.23959327777675,17.54450613091014
100.3,34.25748408556716,3.0,follow,21.822618740869494,83.20884486922023,14.681795945597852
100.4,34.557484085567154,-8.0,follow,18.82687033231265,80.66309646066338,13.121318467507928
100.5,33.75748408556716,3.0,follow,17.686121923756183,78.32234805210692,22.58765898252022
100.6,34.057484085567154,3.0,follow,19.530373515199486,80.61659964355022,14.664271581103321
100.7,34.35748408556715,3.0,follow,22.24962510664279,83.78585123499352,26.61994436102002
100.8,34.65748408556715,-8.0,follow,15.273876698085473,77.2601028264362,11.184984557238057
100.9,33.85748408556715,-6.5287115920645675,follow,13.543128289529314,74.32935441788004,26.475432149373873
101.0,33.204612926360696,3.0,follow,20.341973735702787,80.14889312524383,22.804472300235997
101.1,33.50461292636069,-8.0,follow,15.836512443066582,76.09343183260762,18.359599119289488
101.2,32.704612926360696,-8.0,follow,10.62605115043035,69.6829705399714,18.412178972019458
101.3,31.904612926360695,3.0,follow,20.54058985779458,78.39750924733562,35.560668410282666
101.4,32.204612926360696,-8.0,follow,15.70012856515833,74.00704795469937,25.218674425481318
101.5,31.404612926360695,3.0,follow,18.004667272521978,75.11158666206302,63.40601642159754
101.6,31.704612926360696,3.0,follow,18.574205979886038,76.13112536942708,31.660449186992068
101.7,32.00461292636069,3.0,follow,17.418744687250197,75.42566407679124,27.683075033171217
101.8,32.30461292636069,3.0,follow,18.1982833946143,76.65520278415534,21.748544985138285
101.9,32.60461292636069,-8.0,follow,13.992822101977822,72.89974149151885,20.224013779232703
102.0,31.804612926360686,3.0,follow,17.732360809341415,75.43928019888244,29.76362955238361
102.1,32.10461292636069,-8.0,follow,14.67689951670593,72.83381890624696,15.681353874049591
102.2,31.304612926360686,3.0,follow,18.606438224070033,75.56335761361106,21.138892285756413
102.3,31.604612926360687,3.0,follow,17.520976931433438,74.92789632097447,35.43338612325972
102.4,31.904612926360688,-8.0,follow,12.160515638797662,70.0174350283387,23.697667604325378
102.5,31.104612926360687,3.0,follow,19.12505434616162,75.78197373570265,30.136635718873556
102.6,31.404612926360688,-8.0,follow,13.604593053525534,70.71151244306657,26.339555974247805
102.7,30.604612926360687,3.0,follow,18.59913176088969,74.50605115043072,45.02929353652904
102.8,30.904612926360688,-5.3718849162152935,follow,16.61867046825357,72.9755898577946,26.396313625668764
102.9,30.36742443473916,3.0,follow,21.602710762211615,77.15384741432035,31.017564327501248
103.0,30.66742443473916,-8.0,follow,14.835968318737471,70.83710497084621,35.46422269541162
103.1,29.86742443473916,3.0,follow,15.514225875263861,70.3153625273726,31.148490042590222
103.2,30.16742443473916,3.0,follow,15.877483431789827,71.12862008389857,50.18159581606754
103.3,30.46742443473916,-0.28336689284429895,follow,14.37574098831601,70.07687764042475,19.64354926709149
103.4,30.43908774545473,3.0,follow,17.48433724769744,73.14296886587954,57.6342881946839
103.5,30.739087745454732,-8.0,follow,9.625428473151857,65.73406009133396,31.46543759799116
103.6,29.93908774545473,3.0,follow,12.331519698606243,67.24015131678834,44.26350717262906
103.7,30.239087745454732,3.0,follow,11.622610924060751,66.98124254224285,53.19823243776543
103.8,30.539087745454733,3.0,follow,16.92870214951514,72.73733376769724,70.00114676154266
103.9,30.839087745454734,3.0,follow,18.44979337497012,74.70842499315222,38.52761442501529
104.0,31.139087745454734,-8.0,follow,12.315884600424447,69.02451621860655,14.72024409982815
104.1,30.339087745454734,3.0,follow,13.086975825878888,68.59560744406099,19.83054854107014
104.2,30.639087745454734,3.0,follow,13.083067051333778,69.04169866951588,21.184363251896
104.3,30.939087745454735,3.0,follow,15.55415827678813,71.96278989497023,23.44761566414837
104.4,31.239087745454736,-8.0,follow,8.580249502242765,65.43888112042487,21.747083055079106
104.5,30.439087745454735,3.0,follow,12.971340727697552,68.62997234587965,20.86595969983499
104.6,30.739087745454736,3.0,follow,14.407431953152042,70.51606357133414,24.492502419441376
104.7,31.039087745454736,-8.0,follow,12.218523178606986,68.77715479678909,17.112628325811123
104.8,30.239087745454736,3.0,follow,12.234614404061318,67.59324602224342,21.464389526714438
104.9,30.539087745454736,3.0,follow,13.895705629515717,69.70433724769782,16.799918807226454
105.0,30.839087745454737,-8.0,follow,2.1417968549706075,58.400428473152715,14.247176957338826
105.1,30.039087745454736,3.0,follow,13.102888080425558,68.16151969860766,18.426575520508077
105.2,30.339087745454737,-8.0,follow,8.418979305879702,63.92761092406181,17.09711439689339
105.3,29.539087745454736,-8.0,follow,5.9200705313341615,60.228702149516266,45.31582083687751
105.4,28.739087745454736,3.0,follow,13.916161756788512,67.02479337497061,30.20375986134603
105.5,29.039087745454736,3.0,follow,15.847252982243347,69.40588460042545,
105.6,29.339087745454737,-8.0,follow,10.713344207697673,64.72197582587978,37.21604961856385
105.7,28.539087745454736,3.0,follow,15.004435433152096,67.8130670513342,54.728220257272675
105.8,28.839087745454737,3.0,follow,16.35052665860644,69.60915827678855,28.539013574442258
105.9,29.139087745454738,-0.3749397227911402,follow,14.801617884060803,68.51024950224291,45.09959987975182
106.0,29.101593773175622,3.0,follow,15.62769946516223,69.28009012492566,26.940526473344487
106.1,29.401593773175623,-8.0,follow,12.272540087844341,66.37493074760778,28.225508803748113
106.2,28.601593773175622,3.0,follow,11.332380710526785,64.23477137029022,
106.3,28.901593773175623,-8.0,follow,5.717221333209132,59.06961199297257,27.711477081757163
106.4,28.101593773175622,3.0,follow,10.807061955891776,62.95945261565521,164.99077564003892
106.5,28.401593773175623,-8.0,follow,8.42190257857414,61.02429323833758,27.592903352550568
106.6,27.601593773175622,3.0,follow,18.47174320125682,69.87413386102025,75.00493871146543
106.7,27.901593773175623,-8.0,follow,10.946583823939314,62.79897448370275,
106.8,27.101593773175622,3.0,follow,12.986424446621776,63.63881510638521,63.53755066249466
106.9,27.401593773175623,3.0,follow,13.721265069304032,64.82365572906747,
107.0,27.701593773175624,-8.0,follow,11.661105691986222,63.213496351749654,98.5257323163672
107.1,26.901593773175623,3.0,follow,17.705946314668786,68.05833697443222,75.48669811096289
107.2,27.201593773175624,-8.0,follow,10.325786937351268,61.1281775971147,202.68381854660603
107.3,26.401593773175623,3.0,follow,13.94062756003354,63.54301821979698,
107.4,26.701593773175624,-8.0,follow,10.680468182715913,60.732858842479345,
107.5,25.901593773175623,3.0,follow,10.205308805398495,59.05769946516193,66.23834894541042
107.6,26.201593773175624,3.0,follow,11.865149428081395,61.16754008784483,107.012257582888
107.7,26.501593773175625,3.0,follow,13.07999005076367,62.832380710527104,116.0138535975234
107.8,26.801593773175625,-8.0,follow,11.409830673445725,61.61222133320916,80.89906128867624
107.9,26.001593773175625,3.0,follow,11.83467129612795,60.837061955891386,
108.0,26.301593773175625,-8.0,follow,9.254511918810607,58.706902578574045,363.29928700142244
108.1,25.501593773175625,3.0,follow,14.409352541493305,62.66174320125674,105.92022100721901
108.2,25.801593773175625,-8.0,follow,9.77919316417578,58.48158382393922,
108.3,25.001593773175625,3.0,follow,17.76403378685795,65.26642444662139,
108.4,25.301593773175625,-8.0,follow,15.363874409540443,63.31626506930388,
108.5,24.501593773175625,-8.0,follow,12.138715032223033,58.89110569198647,
108.6,23.701593773175624,3.0,follow,16.948555654905476,62.50094631466891,
108.7,24.001593773175625,-0.196394991187816,follow,15.35339627758735,61.355786937350786,
108.8,23.981954274056843,3.0,follow,18.714660098860115,64.68759150994538,
108.9,24.281954274056844,3.0,follow,21.411464671454304,67.83439608253957,34710.78984292339
109.0,24.581954274056844,-8.0,follow,11.553269244048657,58.426200655133925,
109.1,23.781954274056844,3.0,follow,18.81007381664225,64.48300522772752,
109.2,24.081954274056844,3.0,follow,17.69187838923684,63.81480980032211,
109.3,24.381954274056845,3.0,follow,19.798682961831346,66.37161437291661,33962.285965167895
109.4,24.681954274056846,2.357066520736055,follow,18.06048753442559,65.08341894551086,322.2680938517369
109.5,24.917660926130452,-8.0,follow,14.890161463701872,62.26665285289755,
109.6,24.11766092613045,3.0,follow,17.48839537108917,63.664886760284844,
109.7,24.417660926130452,-3.332063295304067,follow,15.701629278476332,62.32812066767201,
109.8,24.084454596600047,3.0,follow,21.84299331311165,67.96967520801172,
109.9,24.384454596600047,-8.0,follow,18.339547853451656,64.91622974835172,
110.0,23.584454596600047,3.0,follow,25.25110239379198,70.62778428869206,
110.1,23.884454596600047,-8.0,follow,19.107656934132116,64.93433882903219,
110.2,23.084454596600047,3.0,follow,18.589211474471696,63.21589336937177,
110.3,23.384454596600047,-8.0,follow,15.905766014811867,60.98244790971194,
110.4,22.584454596600047,3.0,follow,16.477320555151593,60.35400245005167,
110.5,22.884454596600047,3.0,follow,16.863875095491927,61.190556990392,
110.6,23.184454596600048,3.0,follow,22.045429635831873,66.82211153073195,
110.7,23.48445459660005,3.0,follow,22.421984176171527,67.6486660710716,
110.8,23.78445459660005,-8.0,follow,15.893538716511898,61.57022061141197,
110.9,22.98445459660005,3.0,follow,24.56009325685188,69.03677515175195,
111.0,23.28445459660005,-8.0,follow,20.171647797192122,65.0983296920922,
111.1,22.48445459660005,3.0,follow,23.428202337531793,67.15488423243187,
111.2,22.78445459660005,3.0,follow,27.479756877871637,71.65643877277171,
111.3,23.08445459660005,2.4237136432268755,follow,25.0463114182118,69.67299331311187,
111.4,23.326825960922736,-8.0,follow,21.35007177563564,66.34031071701975,
111.5,22.526825960922736,3.0,follow,20.88238917954348,64.67262812092758,
111.6,22.826825960922736,-8.0,follow,16.849706583450896,61.089945524835,
111.7,22.026825960922736,3.0,follow,22.502023987358626,65.54226292874273,
111.8,22.326825960922736,3.0,follow,23.73934139126648,67.22958033265058,
111.9,22.626825960922737,-8.0,follow,21.131658795174076,65.07189773655818,
112.0,21.826825960922736,3.0,follow,25.088976199081188,67.8292151404653,
112.1,22.126825960922737,3.0,follow,25.441293602989276,68.63153254437339,
112.2,22.426825960922738,3.0,follow,24.258611006897063,67.89884994828117,
112.3,22.72682596092274,3.0,follow,22.660928410804424,66.75116735218853,
112.4,23.02682596092274,3.0,follow,24.718245814711985,69.2584847560961,
112.5,23.32682596092274,3.0,follow,25.110563218620044,70.10080216000415,
112.6,23.62682596092274,-8.0,follow,20.15788062252784,65.59811956391195,
112.7,22.82682596092274,3.0,follow,28.82019802643579,73.0604369678199,
112.8,23.12682596092274,-8.0,follow,23.97751543034326,68.66775437172737,
112.9,22.32682596092274,3.0,follow,25.649832834250972,69.14007177563508,
113.0,22.62682596092274,3.0,follow,27.327150238158424,71.26738917954253,927.6472213762818
113.1,22.92682596092274,3.0,follow,25.52946764206642,69.91970658345053,551.3043707671486
113.2,23.226825960922742,3.0,follow,27.226785045973855,72.06702398735797,136.7947469049012
113.3,23.526825960922743,2.0445529779212563,follow,24.799102449881744,70.08934139126586,97.77734793678844
113.4,23.73128125871487,-8.0,follow,21.799291377322334,67.39621326539464,149.34414395430818
113.5,22.93128125871487,3.0,follow,25.911163251450674,70.30808513952297,
113.6,23.23128125871487,-8.0,follow,21.02803512557921,65.87495701365151,
113.7,22.43128125871487,3.0,follow,25.989906999707458,69.63682888777976,
113.8,22.73128125871487,3.0,follow,25.166778873835938,69.26370076190824,
113.9,23.03128125871487,3.0,follow,24.208650747964654,68.75557263603696,523.7272502495321
114.0,23.33128125871487,3.0,follow,23.96552262209306,68.96244451016537,190.8829834004523
114.1,23.63128125871487,-8.0,follow,18.27739449622176,63.72431638429407,287.9788227633193
114.2,22.83128125871487,3.0,follow,23.42426637035041,67.67118825842272,96.49650182072898
114.3,23.13128125871487,3.0,follow,24.836138244479017,69.53306013255133,3267.3377577971905
114.4,23.431281258714872,3.0,follow,24.53301011860794,69.67993200668025,133.67051057708076
114.5,23.731281258714873,-8.0,follow,20.484881992736057,66.08180388080837,103.04652285213551
114.6,22.931281258714872,3.0,follow,28.431753866864888,72.8286757549372,2328.1887860960364
114.7,23.231281258714873,-8.0,follow,21.643625740993222,66.49054762906553,
114.8,22.431281258714872,3.0,follow,28.28049761512211,71.92741950319441,275.28732775161274
114.9,22.731281258714873,3.0,follow,26.212369489250243,70.30929137732255,129.89419131978315
115.0,23.031281258714873,-8.0,follow,22.549241363379032,67.09616325145134,70.5324136650125
115.1,22.231281258714873,3.0,follow,30.911113237507827,74.25803512558014,490.8607699089621
115.2,22.531281258714873,-8.0,follow,21.707985111636198,65.50490699970851,116.70602925472765
115.3,21.731281258714873,3.0,follow,29.199856985764193,71.7967788738365,
115.4,22.031281258714873,3.0,follow,29.026728859892764,72.07365074796508,
115.5,22.331281258714874,-8.0,follow,23.638600734021196,67.1355226220935,145.54140527870712
115.6,21.531281258714873,3.0,follow,30.995472608149875,73.29239449622219,
115.7,21.831281258714874,-8.0,follow,25.737344482278417,68.48426637035072,
115.8,21.031281258714873,3.0,follow,28.644216356406822,70.19113824447913,
115.9,21.331281258714874,3.0,follow,28.186088230535546,70.18301011860785,
116.0,21.631281258714875,3.0,follow,26.612960104664026,69.05988199273634,
116.1,21.931281258714876,3.0,follow,28.95483197879247,71.85175386686478,73.22238474315164
116.2,22.231281258714876,3.0,follow,28.431703852920677,71.778625740993,
116.3,22.531281258714877,-8.0,follow,20.42357572704921,64.22049761512153,
116.4,21.731281258714876,3.0,follow,30.630447601177806,73.22736948925012,221.04289802966
116.5,22.031281258714877,-8.0,follow,21.412319475306305,64.45924136337862,121.32790364053102
116.6,21.231281258714876,3.0,follow,30.609191349434226,72.45611323750654,
116.7,21.531281258714877,3.0,follow,30.45106322356358,72.7479851116359,
116.8,21.831281258714878,-8.0,follow,23.457935097691994,66.20485698576431,
116.9,21.031281258714877,3.0,follow,26.7098069718202,68.25672885989252,
117.0,21.331281258714878,0.010795174475120461,follow,24.23667884594905,66.23360073402137,
117.1,21.33236077616239,3.0,follow,26.87682349216147,68.87536465640505,175.54090225343873
117.2,21.63236077616239,3.0,follow,26.133587414545666,68.58212857878925,61.10524355037376
117.3,21.93236077616239,3.0,follow,28.835351336929122,71.7338925011727,68.1647341159581
117.4,22.23236077616239,3.0,follow,29.862115259312844,73.21065642355643,76.8728177976463
117.5,22.532360776162392,3.0,follow,29.533879181697003,73.33242034594059,515.1167500118861
117.6,22.832360776162393,-8.0,follow,23.160643104080634,67.40918426832422,34.35106586269532
117.7,22.032360776162392,3.0,follow,25.312407026464726,68.36094819070831,92.08588382605258
117.8,22.332360776162393,-8.0,follow,20.409170948848157,63.90771211309175,51.44054234431028
117.9,21.532360776162392,3.0,follow,24.15093487123194,66.44947603547553,
118.0,21.832360776162393,3.0,follow,28.837698793615516,71.5862399578591,
118.1,22.132360776162393,3.0,follow,30.18946271599951,73.3880038802431,48.52546101232854
118.2,22.432360776162394,-8.0,follow,21.206226638383022,64.85476780262661,35.20199118530844
118.3,21.632360776162393,3.0,follow,24.21799056076678,66.66653172501037,503.67286788358876
118.4,21.932360776162394,3.0,follow,25.32475448315089,68.22329564739448,97.13426199588984
118.5,22.232360776162395,3.0,follow,25.626518405534704,68.9750595697783,207.53068507721898
118.6,22.532360776162395,-8.0,follow,21.803282327918062,65.60182349216166,44.55553594897314
118.7,21.732360776162395,3.0,follow,26.525046250301862,69.12358741454545,53.075605991627505
118.8,22.032360776162395,-8.0,follow,23.301810172685585,66.35035133692918,62.45557330967066
118.9,21.232360776162395,3.0,follow,25.783574095069604,67.6321152593132,28648.254051634205
119.0,21.532360776162395,3.0,follow,26.890338017453253,69.18887918169685,129.9661475446323
119.1,21.832360776162396,3.0,follow,24.712101939837055,67.46064310408065,62.90853284050427
119.2,22.132360776162397,3.0,follow,22.798865862220723,65.99740702646432,60.975423795810336
119.3,22.432360776162398,3.0,follow,23.100629784604536,66.74917094884813,48.6382095060325
119.4,22.7323607761624,3.0,follow,22.47739370698862,66.57593487123222,41.809579755965075
119.5,23.0323607761624,3.0,follow,20.919157629372307,65.46769879361591,27.36531189022129
119.6,23.3323607761624,3.0,follow,20.49592155175622,65.49446271599982,20.26211405577002
119.7,23.6323607761624,3.0,follow,25.157685474139704,70.6062266383833,20.813301207384075
119.8,23.9323607761624,-8.0,follow,21.28444939652379,67.1829905607674,21.655440939358527
119.9,23.1323607761624,3.0,follow,19.656213318907227,64.35475448315083,18.014629124968653
120.0,23.4323607761624,-8.0,emergency,-52.76702275870887,-7.6184815944652655,-0.4146708029133644
120.1,22.6323607761624,-8.0,emergency,-54.090258836324686,-10.141717672081086,-0.5577778263742941
120.2,21.8323607761624,-8.0,emergency,-53.61349491394123,-10.864953749697634,-0.6092829707786912
120.3,21.0323607761624,-8.0,emergency,-54.65673099155731,-13.108189827313709,-0.7532420454855292
120.4,20.2323607761624,-8.0,emergency,-55.41996706917364,-15.071425904930038,-0.8756164305946128
120.5,19.432360776162398,-8.0,emergency,-55.56320314679007,-16.414661982546477,-0.9694254805659029
120.6,18.632360776162397,-8.0,emergency,-56.96643922440627,-19.01789806016268,-1.1379540158855816
120.7,17.832360776162396,-8.0,emergency,-57.08967530202227,-20.34113413777868,-1.247741625711158
120.8,17.032360776162395,-8.0,emergency,-57.422911379638315,-21.87437021539472,-1.3660927655314323
120.9,16.232360776162395,-8.0,emergency,-57.226147457254605,-22.877606293011013,-1.4569532963311662
121.0,15.432360776162394,-8.0,emergency,-57.04938353487088,-23.900842370627288,-1.5487482905107908
121.1,14.632360776162393,-8.0,emergency,-57.26261961248703,-25.314078448243436,-1.7300064449943477
121.2,13.832360776162393,-8.0,emergency,-57.935855690103665,-27.187314525860074,-1.965486222186495
121.3,13.032360776162392,-8.0,emergency,-58.18909176771977,-28.640550603476186,-2.197648691238112
121.4,12.232360776162391,-8.0,emergency,-58.47232784533608,-30.123786681092497,-2.4626306591443674
121.5,11.43236077616239,-8.0,emergency,-58.135563922952045,-30.987022758708463,-2.834431043135214
121.6,10.63236077616239,-8.0,emergency,-57.74880000056829,-31.8002588363247,-3.308267300493536
121.7,9.832360776162389,-8.0,emergency,-56.32203607818456,-31.573494913940976,-4.036312798325159
121.8,9.032360776162388,-8.0,emergency,-54.345272155801105,-30.796730991557524,-5.071624056405366
121.9,8.232360776162388,-8.0,emergency,-52.20850823341735,-29.859967069173763,-7.088653763502485
122.0,7.432360776162388,-8.0,emergency,-50.09174431103311,-28.94320314678953,-12.737063344170831
122.1,6.632360776162388,-8.0,emergency,-47.204980388649346,-27.256439224405767,-33.55213597727583
122.2,5.832360776162388,-8.0,follow,-44.88821646626575,-26.13967530202217,
122.3,5.032360776162388,-8.0,follow,-41.70145254388181,-24.152911379638226,
122.4,4.2323607761623885,-3.9540987953213573,follow,-38.04468862149807,-21.696147457254483,
122.5,3.8369508966302526,-8.0,follow,-35.99526889186315,-20.23984254691777,
122.6,3.0369508966302527,-6.851829756310721,follow,-32.98896398152608,-18.433537636580695,
122.7,2.3517679209991806,3.0,follow,-28.686366310179693,-15.158714428680923,
122.8,2.6517679209991805,0.47337795345353584,follow,-26.011543102279106,-12.033891220780333,
122.9,2.6991057163445342,3.0,follow,-23.042460366931415,-8.993801792414615,
123.0,2.999105716344534,-8.0,follow,-22.4823709385659,-7.983712364049097,
123.1,2.1991057163445342,3.0,follow,-17.62228151020029,-4.323622935683488,
123.2,2.499105716344534,1.8174044036423922,follow,-15.892192081834699,-2.1435335073178976,
123.3,2.6808461567087734,3.0,follow,-13.162887358051963,0.8583818770111975,
123.4,2.9808461567087736,3.0,follow,-8.88097197372285,5.590297261340311,
123.5,3.2808461567087734,-8.0,follow,-9.499056589393827,5.422212645669333,
123.6,2.4808461567087736,3.0,follow,-4.017141205064988,9.704128029998174,
123.7,2.7808461567087734,3.0,follow,-1.3052258207355827,12.866043414327578,
123.8,3.0808461567087733,3.0,follow,1.8066895635939133,16.427958798657073,
123.9,3.380846156708773,3.0,follow,3.498604947922882,18.56987418298604,
124.0,3.680846156708773,3.0,follow,6.290520332252214,21.811789567315373,
124.1,3.9808461567087727,3.0,follow,8.192435716580762,24.163704951643922,
124.2,4.2808461567087726,3.0,follow,11.504351100910078,27.925620335973235,
124.3,4.580846156708772,3.0,follow,13.476266485239243,30.347535720302403,
124.4,4.880846156708772,3.0,follow,17.238181869568376,34.559451104631535,
124.5,5.180846156708772,3.0,follow,18.760097253897726,36.531366488960884,
124.6,5.480846156708772,3.0,follow,22.372012638226312,40.59328187328947,
124.7,5.780846156708772,3.0,follow,24.583928022555718,43.255197257618875,
124.8,6.0808461567087715,3.0,follow,28.86584340688483,47.98711264194799,
124.9,6.380846156708771,3.0,follow,30.0577587912138,49.629028026276956,
125.0,6.680846156708771,3.0,follow,30.379674175542874,50.40094341060603,
125.1,6.980846156708771,3.0,follow,37.5715895598723,58.042858794935455,
125.2,7.280846156708771,3.0,follow,37.16350494420136,58.084774179264514,
125.3,7.580846156708771,3.0,follow,40.35542032853078,61.726689563593936,
125.4,7.88084615670877,3.0,follow,43.27733571285977,65.09860494792292,
125.5,8.180846156708771,3.0,follow,49.389251097188804,71.66052033225196,
125.6,8.480846156708772,3.0,follow,46.40116648151793,69.1224357165811,
125.7,8.780846156708773,3.0,follow,58.40308186584685,81.57435110091001,
125.8,9.080846156708773,3.0,follow,57.774997250176106,81.39626648523927,
125.9,9.380846156708774,3.0,follow,59.256912634505035,83.3281818695682,
126.0,9.680846156708775,3.0,follow,61.72882801883466,86.25009725389782,
126.1,9.980846156708775,3.0,follow,65.38074340316366,90.35201263822682,
126.2,10.280846156708776,3.0,follow,68.87265878749281,94.29392802255597,
126.3,10.580846156708777,3.0,follow,72.14457417182216,98.01584340688532,
126.4,10.880846156708778,3.0,follow,74.9464895561508,101.26775879121396,
126.5,11.180846156708778,3.0,follow,76.92840494048019,103.69967417554335,
126.6,11.480846156708779,3.0,follow,79.71032032480929,106.93158955987246,
126.7,11.78084615670878,3.0,follow,83.17223570913825,110.84350494420141,
126.8,12.08084615670878,3.0,follow,86.4141510934674,114.53542032853056,
126.9,12.380846156708781,3.0,follow,92.81606647779685,121.38733571286002,
127.0,12.680846156708782,3.0,follow,94.86798186212594,123.88925109718912,
127.1,12.980846156708783,3.0,follow,89.46989724645476,118.94116648151794,
127.2,13.280846156708783,3.0,follow,101.57181263078404,131.49308186584722,
127.3,13.580846156708784,3.0,follow,103.61372801511291,133.9849972501761,
127.4,13.880846156708785,3.0,follow,106.22564339944196,137.04691263450513,
127.5,14.180846156708785,3.0,follow,108.35755878377097,139.62882801883416,
127.6,14.480846156708786,3.0,follow,115.60947416810035,147.33074340316352,
127.7,14.780846156708787,3.0,follow,118.25138955242959,150.42265878749276,
127.8,15.080846156708787,3.0,follow,116.39330493675882,149.014574171822,
127.9,15.380846156708788,3.0,follow,122.83522032108779,155.90648955615097,
128.0,15.680846156708789,3.0,follow,121.70713570541704,155.22840494048023,
128.1,15.98084615670879,3.0,follow,123.3490510897463,157.32032032480947,
128.2,16.28084615670879,3.0,follow,128.53096647407503,162.95223570913822,
128.3,16.58084615670879,3.0,follow,136.1228818584041,170.99415109346728,
128.4,16.88084615670879,3.0,follow,139.3347972427335,174.65606647779668,
128.5,17.180846156708792,3.0,follow,140.7667126270627,176.5379818621259,
128.6,17.480846156708793,3.0,follow,144.3186280113918,180.53989724645498,
128.7,17.780846156708794,3.0,follow,146.4205433957206,183.0918126307838,
128.8,18.080846156708795,3.0,follow,145.16245878004975,182.28372801511296,
128.9,18.380846156708795,3.0,follow,151.63437416437893,189.20564339944212,
129.0,18.680846156708796,3.0,follow,155.66628954870805,193.68755878377124,
129.1,18.980846156708797,3.0,follow,158.19820493303715,196.66947416810035,
129.2,19.280846156708797,3.0,follow,162.48012031736627,201.40138955242946,
129.3,19.580846156708798,3.0,follow,163.33203570169508,202.7033049367583,
129.4,19.8808461567088,3.0,follow,164.56395108602447,204.38522032108767,
129.5,20.1808461567088,3.0,follow,169.91586647035376,210.18713570541695,
129.6,20.4808461567088,3.0,follow,168.13778185468246,208.85905108974566,
129.7,20.7808461567088,3.0,follow,167.16969723901158,208.34096647407478,
129.8,21.0808461567088,3.0,follow,172.49161262334064,214.11288185840385,
129.9,21.380846156708802,3.0,follow,172.49352800767002,214.56479724273322,
130.0,21.680846156708803,3.0,cruise,,,
130.1,21.980846156708804,-4.396169231341775,cruise,,,
130.2,21.541229233574626,3.0,cruise,,,
130.3,21.841229233574627,-4.36824584671494,cruise,,,
130.4,21.40440464890313,3.0,cruise,,,
130.5,21.704404648903132,-4.34088092978064,cruise,,,
130.6,21.270316555925067,3.0,cruise,,,
130.7,21.570316555925068,-4.314063311185028,cruise,,,
130.8,21.138910224806565,3.0,cruise,,,
130.9,21.438910224806566,-4.287782044961327,cruise,,,
131.0,21.010132020310433,3.0,cruise,,,
131.1,21.310132020310434,-4.262026404062101,cruise,,,
131.2,20.883929379904224,3.0,cruise,,,
131.3,21.183929379904225,-4.236785875980859,cruise,,,
131.4,20.760250792306138,3.0,cruise,,,
131.5,21.06025079230614,-4.212050158461242,cruise,,,
131.6,20.639045776460016,3.0,cruise,,,
131.7,20.939045776460016,-4.187809155292017,cruise,,,
131.8,20.520264860930816,3.0,cruise,,,
131.9,20.820264860930816,-4.164052972186178,cruise,,,
132.0,20.4038595637122,3.0,cruise,,,
132.1,20.7038595637122,-4.140771912742454,cruise,,,
132.2,20.289782372437955,3.0,cruise,,,
132.3,20.589782372437956,-4.117956474487605,cruise,,,
132.4,20.177986724989196,3.0,cruise,,,
132.5,20.477986724989197,-4.095597344997854,cruise,,,
132.6,20.06842699048941,3.0,cruise,,,
132.7,20.36842699048941,-4.073685398097896,cruise,,,
132.8,19.961058450679623,3.0,cruise,,,
132.9,20.261058450679624,-4.052211690135939,cruise,,,
133.0,19.85583728166603,3.0,cruise,,,
133.1,20.15583728166603,-4.03116745633322,cruise,,,
133.2,19.752720536032708,3.0,cruise,,,
133.3,20.05272053603271,-4.010544107206556,cruise,,,
133.4,19.651666125312055,3.0,cruise,,,
133.5,19.951666125312055,-3.9903332250624253,cruise,,,
133.6,19.552632802805814,3.0,cruise,,,
133.7,19.852632802805815,-3.970526560561177,cruise,,,
133.8,19.455580146749696,3.0,cruise,,,
133.9,19.755580146749697,-3.9511160293499534,cruise,,,
134.0,19.3604685438147,3.0,cruise,,,
134.1,19.6604685438147,-3.9320937087629546,cruise,,,
134.2,19.267259172938406,3.0,cruise,,,
134.3,19.567259172938407,-3.9134518345876956,cruise,,,
134.4,19.175913989479636,3.0,cruise,,,
134.5,19.475913989479636,-3.8951827978959415,cruise,,,
134.6,19.08639570969004,3.0,cruise,,,
134.7,19.386395709690042,-3.8772791419380224,cruise,,,
134.8,18.99866779549624,3.0,cruise,,,
134.9,19.29866779549624,-3.859733559099262,cruise,,,
135.0,18.912694439586314,3.0,cruise,,,
135.1,19.212694439586315,-3.8425388879172773,cruise,,,
135.2,18.828440550794586,3.0,cruise,,,
135.3,19.128440550794586,-3.8256881101589313,cruise,,,
135.4,18.745871739778693,3.0,cruise,,,
135.5,19.045871739778693,-3.8091743479557527,cruise,,,
135.6,18.66495430498312,3.0,cruise,,,
135.7,18.96495430498312,-3.792990860996638,cruise,,,
135.8,18.585655218883456,3.0,cruise,,,
135.9,18.885655218883457,-3.7771310437767056,cruise,,,
136.0,18.507942114505788,3.0,cruise,,,
136.1,18.80794211450579,-3.761588422901172,cruise,,,
136.2,18.43178327221567,3.0,cruise,,,
136.3,18.731783272215672,-3.7463566544431486,cruise,,,
136.4,18.357147606771356,3.0,cruise,,,
136.5,18.657147606771357,-3.7314295213542854,cruise,,,
136.6,18.28400465463593,3.0,cruise,,,
136.7,18.58400465463593,-3.7168009309272,cruise,,,
136.8,18.21232456154321,3.0,cruise,,,
136.9,18.51232456154321,-3.702464912308656,cruise,,,
137.0,18.142078070312344,3.0,cruise,,,
137.1,18.442078070312345,-3.688415614062483,cruise,,,
137.2,18.073236508906096,3.0,cruise,,,
137.3,18.373236508906096,-3.6746473017812336,cruise,,,
137.4,18.005771778727972,3.0,cruise,,,
137.5,18.305771778727973,-3.6611543557456088,cruise,,,
137.6,17.939656343153413,3.0,cruise,,,
137.7,18.239656343153413,-3.6479312686306966,cruise,,,
137.8,17.874863216290343,3.0,cruise,,,
137.9,18.174863216290344,-3.634972643258083,cruise,,,
138.0,17.811365951964536,3.0,cruise,,,
138.1,18.111365951964537,-3.6222731903929213,cruise,,,
138.2,17.749138632925245,3.0,cruise,,,
138.3,18.049138632925246,-3.6098277265850633,cruise,,,
138.4,17.68815586026674,3.0,cruise,,,
138.5,17.98815586026674,-3.597631172053362,cruise,,,
138.6,17.628392743061404,3.0,cruise,,,
138.7,17.928392743061405,-3.585678548612295,cruise,,,
138.8,17.569824888200177,3.0,cruise,,,
138.9,17.869824888200178,-3.5739649776400495,cruise,,,
139.0,17.512428390436174,3.0,cruise,,,
139.1,17.812428390436175,-3.562485678087249,cruise,,,
139.2,17.45617982262745,3.0,cruise,,,
139.3,17.756179822627452,-3.5512359645255045,cruise,,,
139.4,17.4010562261749,3.0,cruise,,,
139.5,17.701056226174902,-3.5402112452349943,cruise,,,
139.6,17.347035101651404,3.0,cruise,,,
139.7,17.647035101651404,-3.5294070203302947,cruise,,,
139.8,17.294094399618373,3.0,cruise,,,
139.9,17.594094399618374,-3.518818879923689,cruise,,,
140.0,17.242212511626004,3.0,cruise,,,
140.1,17.542212511626005,-3.508442502325215,cruise,,,
140.2,17.19136826139348,3.0,cruise,,,
140.3,17.491368261393482,-3.4982736522787103,cruise,,,
140.4,17.141540896165612,3.0,cruise,,,
140.5,17.441540896165613,-3.4883081792331367,cruise,,,
140.6,17.0927100782423,3.0,cruise,,,
140.7,17.3927100782423,-3.4785420156484737,cruise,,,
140.8,17.044855876677452,3.0,cruise,,,
140.9,17.344855876677453,-3.4689711753355046,cruise,,,
141.0,16.997958759143902,3.0,cruise,,,
141.1,17.297958759143903,-3.4595917518287944,cruise,,,
141.2,16.951999583961022,3.0,cruise,,,
141.3,17.251999583961023,-3.4503999167922186,cruise,,,
141.4,16.9069595922818,3.0,cruise,,,
141.5,17.2069595922818,-3.4413919184563744,cruise,,,
141.6,16.862820400436163,3.0,cruise,,,
141.7,17.162820400436164,-3.432564080087247,cruise,,,
141.8,16.81956399242744,3.0,cruise,,,
141.9,17.11956399242744,-3.4239127984855022,cruise,,,
142.0,16.777172712578892,3.0,cruise,,,
142.1,17.077172712578893,-3.4154345425157926,cruise,,,
142.2,16.735629258327315,3.0,cruise,,,
142.3,17.035629258327315,-3.407125851665477,cruise,,,
142.4,16.69491667316077,3.0,cruise,,,
142.5,16.99491667316077,-3.398983334632168,cruise,,,
142.6,16.655018339697552,3.0,cruise,,,
142.7,16.955018339697553,-3.3910036679395246,cruise,,,
142.8,16.6159179729036,3.0,cruise,,,
142.9,16.9159179729036,-3.383183594580734,cruise,,,
143.0,16.577599613445525,3.0,cruise,,,
143.1,16.877599613445526,-3.375519922689119,cruise,,,
143.2,16.540047621176612,3.0,cruise,,,
143.3,16.840047621176613,-3.3680095242353367,cruise,,,
143.4,16.50324666875308,3.0,cruise,,,
143.5,16.80324666875308,-3.36064933375063,cruise,,,
143.6,16.467181735378016,3.0,cruise,,,
143.7,16.767181735378017,-3.3534363470756174,cruise,,,
143.8,16.431838100670454,3.0,cruise,,,
143.9,16.731838100670455,-3.346367620134105,cruise,,,
144.0,16.397201338657045,3.0,cruise,,,
144.1,16.697201338657045,-3.339440267731423,cruise,,,
144.2,16.363257311883903,3.0,cruise,,,
144.3,16.663257311883903,-3.332651462376795,cruise,,,
144.4,16.329992165646225,3.0,cruise,,,
144.5,16.629992165646225,-3.325998433129259,cruise,,,
144.6,16.297392322333298,3.0,cruise,,,
144.7,16.5973923223333,-3.3194784644666737,cruise,,,
144.8,16.265444475886632,3.0,cruise,,,
144.9,16.565444475886633,-3.3130888951773407,cruise,,,
145.0,16.2341355863689,3.0,cruise,,,
145.1,16.5341355863689,-3.3068271172737944,cruise,,,
145.2,16.20345287464152,3.0,cruise,,,
145.3,16.50345287464152,-3.300690574928318,cruise,,,
145.4,16.17338381714869,3.0,cruise,,,
145.5,16.47338381714869,-3.2946767634297522,cruise,,,
145.6,16.143916140805715,3.0,cruise,,,
145.7,16.443916140805715,-3.288783228161157,cruise,,,
145.8,16.1150378179896,3.0,cruise,,,
145.9,16.4150378179896,-3.283007563597934,cruise,,,
146.0,16.086737061629805,3.0,cruise,,,
146.1,16.386737061629805,-3.277347412325975,cruise,,,
146.2,16.05900232039721,3.0,cruise,,,
146.3,16.35900232039721,-3.271800464079456,cruise,,,
146.4,16.031822273989263,3.0,cruise,,,
146.5,16.331822273989264,-3.2663644547978667,cruise,,,
146.6,16.00518582850948,3.0,cruise,,,
146.7,16.30518582850948,-3.26103716570191,cruise,,,
146.8,15.979082111939288,3.0,cruise,,,
146.9,16.27908211193929,-3.2558164223878716,cruise,,,
147.0,15.9535004697005,3.0,cruise,,,
147.1,16.2535004697005,-3.2507000939401145,cruise,,,
147.2,15.92843046030649,3.0,cruise,,,
147.3,16.22843046030649,-3.2456860920613124,cruise,,,
147.4,15.903861851100359,3.0,cruise,,,
147.5,16.20386185110036,-3.240772370220086,cruise,,,
147.6,15.879784614078352,3.0,cruise,,,
147.7,16.17978461407835,-3.2359569228156486,cruise,,,
147.8,15.856188921796786,3.0,cruise,,,
147.9,16.156188921796787,-3.2312377843593714,cruise,,,
148.0,15.83306514336085,3.0,cruise,,,
148.1,16.13306514336085,-3.226613028672148,cruise,,,
148.2,15.810403840493635,3.0,cruise,,,
148.3,16.110403840493635,-3.222080768098741,cruise,,,
148.4,15.788195763683762,3.0,cruise,,,
148.5,16.08819576368376,-3.2176391527367305,cruise,,,
148.6,15.766431848410088,3.0,cruise,,,
148.7,16.066431848410087,-3.2132863696819958,cruise,,,
148.8,15.745103211441887,3.0,cruise,,,
148.9,16.045103211441887,-3.2090206422883916,cruise,,,
149.0,15.724201147213048,3.0,cruise,,,
149.1,16.02420114721305,-3.204840229442624,cruise,,,
149.2,15.703717124268787,3.0,cruise,,,
149.3,16.003717124268785,-3.2007434248537354,cruise,,,
149.4,15.683642781783412,3.0,cruise,,,
149.5,15.983642781783413,-3.1967285563566965,cruise,,,
149.6,15.663969926147743,3.0,cruise,,,
149.7,15.963969926147744,-3.192793985229563,cruise,,,
149.8,15.644690527624787,3.0,cruise,,,
149.9,15.944690527624788,-3.1889381055249717,cruise,,,
150.0,15.62579671707229,3.0,cruise,,,
