time,ego_speed,acceleration_cmd,mode,distance_error,distance,ttc
0.0,0.0,3.0,cruise,,,
0.1,0.30000000000000004,3.0,cruise,,,
0.2,0.6000000000000001,3.0,cruise,,,
0.3,0.9000000000000001,3.0,cruise,,,
0.4,1.2000000000000002,3.0,cruise,,,
0.5,1.5000000000000002,3.0,cruise,,,
0.6,1.8000000000000003,3.0,cruise,,,
0.7,2.1000000000000005,3.0,cruise,,,
0.8,2.4000000000000004,3.0,cruise,,,
0.9,2.7,3.0,cruise,,,
1.0,3.0,3.0,cruise,,,
1.1,3.3,3.0,cruise,,,
1.2,3.5999999999999996,3.0,cruise,,,
1.3,3.8999999999999995,3.0,cruise,,,
1.4,4.199999999999999,3.0,cruise,,,
1.5,4.499999999999999,3.0,cruise,,,
1.6,4.799999999999999,3.0,cruise,,,
1.7,5.099999999999999,3.0,cruise,,,
1.8,5.399999999999999,3.0,cruise,,,
1.9,5.699999999999998,3.0,cruise,,,
2.0,5.999999999999998,3.0,cruise,,,
2.1,6.299999999999998,3.0,cruise,,,
2.2,6.599999999999998,3.0,cruise,,,
2.3,6.899999999999998,3.0,cruise,,,
2.4,7.1999999999999975,3.0,cruise,,,
2.5,7.499999999999997,3.0,cruise,,,
2.6,7.799999999999997,3.0,cruise,,,
2.7,8.099999999999998,3.0,cruise,,,
2.8,8.399999999999999,3.0,cruise,,,
2.9,8.7,3.0,cruise,,,
3.0,9.0,3.0,cruise,,,
3.1,9.3,3.0,cruise,,,
3.2,9.600000000000001,3.0,cruise,,,
3.3,9.900000000000002,3.0,cruise,,,
3.4,10.200000000000003,3.0,cruise,,,
3.5,10.500000000000004,3.0,cruise,,,
3.6,10.800000000000004,3.0,cruise,,,
3.7,11.100000000000005,3.0,cruise,,,
3.8,11.400000000000006,3.0,cruise,,,
3.9,11.700000000000006,3.0,cruise,,,
4.0,12.000000000000007,3.0,cruise,,,
4.1,12.300000000000008,3.0,cruise,,,
4.2,12.600000000000009,3.0,cruise,,,
4.3,12.90000000000001,3.0,cruise,,,
4.4,13.20000000000001,3.0,cruise,,,
4.5,13.50000000000001,3.0,cruise,,,
4.6,13.800000000000011,3.0,cruise,,,
4.7,14.100000000000012,3.0,cruise,,,
4.8,14.400000000000013,3.0,cruise,,,
4.9,14.700000000000014,3.0,cruise,,,
5.0,15.000000000000014,3.0,cruise,,,
5.1,15.300000000000015,3.0,cruise,,,
5.2,15.600000000000016,3.0,cruise,,,
5.3,15.900000000000016,3.0,cruise,,,
5.4,16.200000000000017,3.0,cruise,,,
5.5,16.500000000000018,3.0,cruise,,,
5.6,16.80000000000002,3.0,cruise,,,
5.7,17.10000000000002,3.0,cruise,,,
5.8,17.40000000000002,3.0,cruise,,,
5.9,17.70000000000002,3.0,cruise,,,
6.0,18.00000000000002,3.0,cruise,,,
6.1,18.300000000000022,3.0,cruise,,,
6.2,18.600000000000023,3.0,cruise,,,
6.3,18.900000000000023,3.0,cruise,,,
6.4,19.200000000000024,3.0,cruise,,,
6.5,19.500000000000025,3.0,cruise,,,
6.6,19.800000000000026,3.0,cruise,,,
6.7,20.100000000000026,3.0,cruise,,,
6.8,20.400000000000027,3.0,cruise,,,
6.9,20.700000000000028,3.0,cruise,,,
7.0,21.00000000000003,3.0,cruise,,,
7.1,21.30000000000003,3.0,cruise,,,
7.2,21.60000000000003,3.0,cruise,,,
7.3,21.90000000000003,3.0,cruise,,,
7.4,22.20000000000003,3.0,cruise,,,
7.5,22.500000000000032,3.0,cruise,,,
7.6,22.800000000000033,3.0,cruise,,,
7.7,23.100000000000033,3.0,cruise,,,
7.8,23.400000000000034,3.0,cruise,,,
7.9,23.700000000000035,3.0,cruise,,,
8.0,24.000000000000036,3.0,cruise,,,
8.1,24.300000000000036,3.0,cruise,,,
8.2,24.600000000000037,3.0,cruise,,,
8.3,24.900000000000038,3.0,cruise,,,
8.4,25.20000000000004,3.0,cruise,,,
8.5,25.50000000000004,3.0,cruise,,,
8.6,25.80000000000004,3.0,cruise,,,
8.7,26.10000000000004,3.0,cruise,,,
8.8,26.40000000000004,3.0,cruise,,,
8.9,26.700000000000042,3.0,cruise,,,
9.0,27.000000000000043,2.9999999999999574,cruise,,,
9.1,27.30000000000004,2.69999999999996,cruise,,,
9.2,27.570000000000036,2.429999999999964,cruise,,,
9.3,27.81300000000003,2.186999999999969,cruise,,,
9.4,28.03170000000003,1.9682999999999709,cruise,,,
9.5,28.228530000000028,1.7714699999999723,cruise,,,
9.6,28.405677000000026,1.5943229999999744,cruise,,,
9.7,28.565109300000024,1.4348906999999755,cruise,,,
9.8,28.708598370000022,1.291401629999978,cruise,,,
9.9,28.83773853300002,1.1622614669999791,cruise,,,
10.0,28.953964679700018,1.046035320299982,cruise,,,
10.1,29.058568211730016,0.9414317882699841,cruise,,,
10.2,29.152711390557016,0.8472886094429839,cruise,,,
10.3,29.237440251501315,0.7625597484986848,cruise,,,
10.4,29.313696226351183,0.6863037736488167,cruise,,,
10.5,29.382326603716066,0.6176733962839336,cruise,,,
10.6,29.44409394334446,0.5559060566555409,cruise,,,
10.7,29.499684549010013,0.5003154509899872,cruise,,,
10.8,29.549716094109012,0.45028390589098777,cruise,,,
10.9,29.59474448469811,0.40525551530188864,cruise,,,
11.0,29.6352700362283,0.3647299637717012,cruise,,,
11.1,29.67174303260547,0.32825696739453036,cruise,,,
11.2,29.704568729344924,0.2954312706550759,cruise,,,
11.3,29.734111856410433,0.26588814358956725,cruise,,,
11.4,29.76070067076939,0.2392993292306116,cruise,,,
11.5,29.78463060369245,0.21536939630755114,cruise,,,
11.6,29.806167543323205,0.1938324566767946,cruise,,,
11.7,29.825550788990885,0.17444921100911515,cruise,,,
11.8,29.842995710091795,0.1570042899082047,cruise,,,
11.9,29.858696139082618,0.14130386091738245,cruise,,,
12.0,29.872826525174357,0.12717347482564278,cruise,,,
12.1,29.88554387265692,0.11445612734307886,cruise,,,
12.2,29.89698948539123,0.1030105146087692,cruise,,,
12.3,29.90729053685211,0.09270946314789086,cruise,,,
12.4,29.9165614831669,0.08343851683310177,cruise,,,
12.5,29.92490533485021,0.07509466514979124,cruise,,,
12.6,29.932414801365187,0.06758519863481283,cruise,,,
12.7,29.93917332122867,0.06082667877133119,cruise,,,
12.8,29.945255989105803,0.054744010894197004,cruise,,,
12.9,29.950730390195222,0.049269609804778014,cruise,,,
13.0,29.9556573511757,0.04434264882430128,cruise,,,
13.1,29.96009161605813,0.039908383941870795,cruise,,,
13.2,29.964082454452317,0.035917545547683005,cruise,,,
13.3,29.967674209007086,0.032325790992913994,cruise,,,
13.4,29.970906788106376,0.029093211893624016,cruise,,,
13.5,29.97381610929574,0.026183890704260193,cruise,,,
13.6,29.976434498366167,0.023565501633832753,cruise,,,
13.7,29.97879104852955,0.021208951470448767,cruise,,,
13.8,29.980911943676595,0.0190880563234046,cruise,,,
13.9,29.982820749308935,0.01717925069106485,cruise,,,
14.0,29.98453867437804,0.015461325621959787,cruise,,,
14.1,29.986084806940237,0.013915193059762743,cruise,,,
14.2,29.987476326246213,0.012523673753786824,cruise,,,
14.3,29.988728693621592,0.011271306378407786,cruise,,,
14.4,29.989855824259433,0.010144175740567363,cruise,,,
14.5,29.99087024183349,0.00912975816650885,cruise,,,
14.6,29.99178321765014,0.008216782349858676,cruise,,,
14.7,29.992604895885126,0.007395104114873874,cruise,,,
14.8,29.993344406296615,0.006655593703385421,cruise,,,
14.9,29.994009965666955,0.0059900343330454575,cruise,,,
15.0,29.99460896910026,0.005391030899740912,cruise,,,
15.1,29.995148072190233,0.004851927809767176,cruise,,,
15.2,29.99563326497121,0.004366735028789037,cruise,,,
15.3,29.99606993847409,0.0039300615259101335,cruise,,,
15.4,29.996462944626682,0.0035370553733180543,cruise,,,
15.5,29.996816650164014,0.0031833498359858936,cruise,,,
15.6,29.997134985147614,0.002865014852385883,cruise,,,
15.7,29.997421486632852,0.00257851336714765,cruise,,,
15.8,29.99767933796957,0.002320662030431464,cruise,,,
15.9,29.997911404172612,0.0020885958273879623,cruise,,,
16.0,29.99812026375535,0.0018797362446498767,cruise,,,
16.1,29.998308237379817,0.0016917626201831126,cruise,,,
16.2,29.998477413641837,0.0015225863581633803,cruise,,,
16.3,29.99862967227765,0.0013703277223484633,cruise,,,
16.4,29.998766705049885,0.001233294950115038,cruise,,,
16.5,29.998890034544896,0.0011099654551038896,cruise,,,
16.6,29.99900103109041,0.0009989689095917242,cruise,,,
16.7,29.999100927981367,0.0008990720186332624,cruise,,,
16.8,29.99919083518323,0.000809164816768515,cruise,,,
16.9,29.999271751664907,0.0007282483350934399,cruise,,,
17.0,29.999344576498416,0.0006554235015840959,cruise,,,
17.1,29.999410118848573,0.0005898811514271074,cruise,,,
17.2,29.999469106963716,0.0005308930362843967,cruise,,,
17.3,29.999522196267343,0.0004778037326573781,cruise,,,
17.4,29.999569976640608,0.0004300233593923508,cruise,,,
17.5,29.999612978976547,0.00038702102345311573,cruise,,,
17.6,29.99965168107889,0.00034831892110886997,cruise,,,
17.7,29.999686512971003,0.00031348702899691716,cruise,,,
17.8,29.999717861673904,0.00028213832609580436,cruise,,,
17.9,29.999746075506515,0.0002539244934851581,cruise,,,
18.0,29.999771467955863,0.0002285320441366423,cruise,,,
18.1,29.999794321160277,0.00020567883972333334,cruise,,,
18.2,29.99981488904425,0.00018511095575135528,cruise,,,
18.3,29.999833400139824,0.00016659986017586448,cruise,,,
18.4,29.99985006012584,0.00014993987415934384,cruise,,,
18.5,29.999865054113258,0.00013494588674234365,cruise,,,
18.6,29.999878548701933,0.00012145129806739874,cruise,,,
18.7,29.999890693831738,0.00010930616826243522,cruise,,,
18.8,29.999901624448565,9.837555143477061e-05,cruise,,,
18.9,29.99991146200371,8.853799629093828e-05,cruise,,,
19.0,29.999920315803337,7.968419666326554e-05,cruise,,,
19.1,29.999928284223003,7.171577699693898e-05,cruise,,,
19.2,29.999935455800703,6.454419929724509e-05,cruise,,,
19.3,29.99994191022063,5.808977936894166e-05,cruise,,,
19.4,29.999947719198566,5.2280801433823854e-05,cruise,,,
19.5,29.99995294727871,4.705272128902038e-05,cruise,,,
19.6,29.99995765255084,4.234744915976307e-05,cruise,,,
19.7,29.999961887295758,3.811270424236568e-05,cruise,,,
19.8,29.999965698566182,3.430143381777384e-05,cruise,,,
19.9,29.999969128709566,3.08712904342201e-05,cruise,,,
20.0,29.99997221583861,2.7784161389377005e-05,cruise,,,
20.1,29.99997499425475,2.5005745250439304e-05,cruise,,,
20.2,29.999977494829274,2.2505170726105916e-05,cruise,,,
20.3,29.999979745346348,2.025465365207424e-05,cruise,,,
20.4,29.999981770811715,1.822918828509046e-05,cruise,,,
20.5,29.999983593730544,1.640626945587087e-05,cruise,,,
20.6,29.99998523435749,1.4765642511349597e-05,cruise,,,
20.7,29.99998671092174,1.328907826092518e-05,cruise,,,
20.8,29.999988039829564,1.1960170436253748e-05,cruise,,,
20.9,29.999989235846606,1.076415339440473e-05,cruise,,,
21.0,29.999990312261946,9.687738053543171e-06,cruise,,,
21.1,29.99999128103575,8.718964249254668e-06,cruise,,,
21.2,29.999992152932176,7.84706782397393e-06,cruise,,,
21.3,29.999992937638957,7.062361042642351e-06,cruise,,,
21.4,29.99999364387506,6.356124938378116e-06,cruise,,,
21.5,29.999994279487556,5.720512444185033e-06,cruise,,,
21.6,29.9999948515388,5.148461198700716e-06,cruise,,,
21.7,29.999995366384923,4.633615077409559e-06,cruise,,,
21.8,29.99999582974643,4.170253568247517e-06,cruise,,,
21.9,29.99999624677179,3.75322821000168e-06,cruise,,,
22.0,29.99999662209461,3.377905390067326e-06,cruise,,,
22.1,29.99999695988515,3.040114851415865e-06,cruise,,,
22.2,29.999997263896635,2.7361033652084643e-06,cruise,,,
22.3,29.99999753750697,2.4624930290428892e-06,cruise,,,
22.4,29.999997783756275,2.2162437254280576e-06,cruise,,,
22.5,29.999998005380647,1.994619353240523e-06,cruise,,,
22.6,29.999998204842584,1.7951574164953854e-06,cruise,,,
22.7,29.999998384358324,1.6156416755563896e-06,cruise,,,
22.8,29.99999854592249,1.4540775090665647e-06,cruise,,,
22.9,29.99999869133024,1.3086697592257224e-06,cruise,,,
23.0,29.999998822197217,1.1778027833031501e-06,cruise,,,
23.1,29.999998939977495,1.0600225053281065e-06,cruise,,,
23.2,29.999999045979745,9.540202547952958e-07,cruise,,,
23.3,29.99999914138177,8.586182289604949e-07,cruise,,,
23.4,29.999999227243595,7.727564046433599e-07,cruise,,,
23.5,29.999999304519235,6.954807645342953e-07,cruise,,,
23.6,29.99999937406731,6.259326887914085e-07,cruise,,,
23.7,29.99999943666058,5.633394195569963e-07,cruise,,,
23.8,29.999999492994522,5.070054776012967e-07,cruise,,,
23.9,29.99999954369507,4.5630493161752383e-07,cruise,,,
24.0,29.99999958932556,4.1067443845577145e-07,cruise,,,
24.1,29.999999630393006,3.6960699389965157e-07,cruise,,,
24.2,29.999999667353705,3.326462945096864e-07,cruise,,,
24.3,29.999999700618336,2.9938166434817504e-07,cruise,,,
24.4,29.999999730556503,2.6944349684754343e-07,cruise,,,
24.5,29.999999757500852,2.424991478733318e-07,cruise,,,
24.6,29.999999781750766,2.1824923379654138e-07,cruise,,,
24.7,29.99999980357569,1.964243097063445e-07,cruise,,,
24.8,29.999999823218122,1.7678187802516732e-07,cruise,,,
24.9,29.999999840896308,1.5910369199900742e-07,cruise,,,
25.0,29.999999856806678,1.4319332208856395e-07,cruise,,,
25.1,29.99999987112601,1.2887398881389345e-07,cruise,,,
25.2,29.99999988401341,1.159865909983182e-07,cruise,,,
25.3,29.999999895612067,1.0438793296430049e-07,cruise,,,
25.4,29.99999990605086,9.394914002314181e-08,cruise,,,
25.5,29.999999915445773,8.455422673137036e-08,cruise,,,
25.6,29.999999923901196,7.609880370296196e-08,cruise,,,
25.7,29.999999931511077,6.84889229773944e-08,cruise,,,
25.8,29.99999993835997,6.164002996911222e-08,cruise,,,
25.9,29.999999944523974,5.5476025551115526e-08,cruise,,,
26.0,29.999999950071576,4.992842406181808e-08,cruise,,,
26.1,29.999999955064418,4.4935582366179005e-08,cruise,,,
26.2,29.999999959557975,4.044202484010384e-08,cruise,,,
26.3,29.99999996360218,3.639782164555072e-08,cruise,,,
26.4,29.999999967241962,3.275803805991018e-08,cruise,,,
26.5,29.999999970517766,2.9482233543376424e-08,cruise,,,
26.6,29.99999997346599,2.653401054431015e-08,cruise,,,
26.7,29.99999997611939,2.3880609489879134e-08,cruise,,,
26.8,29.99999997850745,2.1492549961976692e-08,cruise,,,
26.9,29.999999980656703,1.9343296742135863e-08,cruise,,,
27.0,29.99999998259103,1.7408968489007748e-08,cruise,,,
27.1,29.99999998433193,1.5668071284835605e-08,cruise,,,
27.2,29.999999985898736,1.4101264156352045e-08,cruise,,,
27.3,29.99999998730886,1.2691138806530944e-08,cruise,,,
27.4,29.999999988577976,1.1422024215335114e-08,cruise,,,
27.5,29.999999989720177,1.0279823214887074e-08,cruise,,,
27.6,29.999999990748158,9.25184195921247e-09,cruise,,,
27.7,29.99999999167334,8.326658473833959e-09,cruise,,,
27.8,29.99999999250601,7.493991205365091e-09,cruise,,,
27.9,29.999999993255408,6.74459244009995e-09,cruise,,,
28.0,29.999999993929865,6.070134617175427e-09,cruise,,,
28.1,29.99999999453688,5.463121510729252e-09,cruise,,,
28.2,29.99999999508319,4.9168100701990625e-09,cruise,,,
28.3,29.99999999557487,4.425128707907788e-09,cruise,,,
28.4,29.999999996017383,3.982616902931113e-09,cruise,,,
28.5,29.999999996415646,3.584354146823898e-09,cruise,,,
28.6,29.999999996774083,3.225917311056037e-09,cruise,,,
28.7,29.999999997096673,2.9033273563072726e-09,cruise,,,
28.8,29.999999997387004,2.612996041762017e-09,cruise,,,
28.9,29.999999997648302,2.3516975033999188e-09,cruise,,,
29.0,29.99999999788347,2.1165291741453984e-09,cruise,,,
29.1,29.999999998095124,1.9048762567308586e-09,cruise,,,
29.2,29.99999999828561,1.7143904074146121e-09,cruise,,,
29.3,29.99999999845705,1.5429506561304152e-09,cruise,,,
29.4,29.999999998611344,1.3886563010601094e-09,cruise,,,
29.5,29.99999999875021,1.2497913814968342e-09,cruise,,,
29.6,29.99999999887519,1.1248104669903114e-09,cruise,,,
29.7,29.999999998987672,1.0123279992058087e-09,cruise,,,
29.8,29.999999999088907,9.110934229283885e-10,cruise,,,
29.9,29.999999999180016,8.199840806355496e-10,cruise,,,
30.0,29.999999999262016,-6.081739998707853,follow,-2.8999999988930014,52.10000000000002,11.252699785810874
30.1,29.39182599939123,0.6081740006087699,follow,-2.3899215990259464,51.6978174000609,11.50930989024673
30.2,29.452643399452107,-8.0,follow,-2.9364120390624464,51.24255306011571,12.931406612868752
30.3,28.652643399452106,1.3473566005478936,follow,-2.052676379007629,50.92628872017053,20.268012855017652
30.4,28.787379059506897,-8.0,follow,-2.5195177750405264,50.66155081421982,12.769526192064067
30.5,27.987379059506896,2.012620940493104,follow,-1.6362556809912547,50.34481290826909,15.894786182019804
30.6,28.188641153556205,-8.0,follow,-2.275012937420854,50.00794879291345,24.896407556111615
30.7,27.388641153556204,2.611358846443796,follow,-1.1958770527763676,49.88708467755794,27.582632729255565
30.8,27.649777038200583,-8.0,follow,-1.7945585835629672,49.68010697373791,16.56126650117254
30.9,26.849777038200582,3.0,follow,-0.814536287383028,49.46012926991784,34.352630968287
31.0,27.149777038200583,-8.0,follow,-1.4385139912030454,49.28615156609783,19.71621901190656
31.1,26.349777038200582,3.0,follow,-0.40849169502303795,49.11617386227783,28.895656758767117
31.2,26.649777038200583,-8.0,follow,-1.0584693988431226,48.91619615845775,33.28137185919357
31.3,25.849777038200582,3.0,follow,0.07455289733683657,48.84921845463771,21.427191184096753
31.4,26.149777038200583,-8.0,follow,-0.6334248064832408,48.59124075081763,19.916262834679074
31.5,25.349777038200582,3.0,follow,0.40259748969673836,48.42726304699761,62.9107659020335
31.6,25.649777038200583,-8.0,follow,-0.15438021412338543,48.32028534317749,34.27512580631381
31.7,24.849777038200582,3.0,follow,0.9846420820565456,48.25930763935742,
31.8,25.149777038200583,-7.185931961337602,follow,0.5436643782365209,48.268329935537395,58.17024057475724
31.9,24.431183842066822,3.0,follow,1.6104357882305464,48.25721155133078,98.24674066694122
32.0,24.731183842066823,-6.039007406195019,follow,1.0813174040238422,48.178093167124075,
32.1,24.127283101447322,3.0,follow,2.1844402048083467,48.37536485697933,
32.2,24.427283101447323,-4.6451828180670915,follow,1.774711894663568,48.41563654683455,
32.3,23.962764819640615,3.0,follow,2.580212835409583,48.52436006487051,1480.9896894631415
32.4,24.262764819640616,-5.879968594644126,follow,2.0969363534455994,48.491083582906526,
32.5,23.674767960176204,3.0,follow,3.0704548466245427,48.582606786888846,
32.6,23.974767960176205,-3.5644747376643977,follow,2.7309780506069785,48.693129990871284,
32.7,23.618320486409765,3.0,follow,3.3178172126156653,48.74529794223031,
32.8,23.918320486409765,-2.5730594151384345,follow,3.003985163974747,48.88146589358939,
32.9,23.66101454489592,3.0,follow,3.478842621755973,48.97036443909985,
33.0,23.96101454489592,-3.3724628094356532,follow,3.1107411672663687,49.05226298461025,
33.1,23.623768263952357,3.0,follow,3.709233762286523,49.14488615821506,
33.2,23.923768263952358,-0.22246016834463944,follow,3.505856935891323,49.39150933181986,
33.3,23.901522247117892,3.0,follow,3.648073736431293,49.50035710710813,
33.4,24.201522247117893,-3.706204641196134,follow,3.1989215117194973,49.50120488239634,
33.5,23.83090178299828,3.0,follow,3.933762029599052,49.68011470409647,
33.6,24.13090178299828,-4.040330850778801,follow,3.478671851299211,49.67502452579663,
33.7,23.7268686979204,3.0,follow,4.228034609123988,49.81833765600459,253.05362499094875
33.8,24.0268686979204,-5.635636364659952,follow,3.728347739331852,49.76865078621245,1852.291128273369
33.9,23.463305061454403,3.0,follow,4.627362687885345,49.82232028006695,
34.0,23.763305061454403,-0.6975190153681332,follow,4.316032181739878,49.96098977392148,
34.1,23.69355315991759,3.0,follow,4.606304718053238,50.14663445792962,
34.2,23.993553159917592,-1.9608548988927446,follow,4.269949402061485,50.26027914193787,
34.3,23.79746767002832,3.0,follow,4.675330869892505,50.371532374934986,
34.4,24.09746767002832,-3.763943074772385,follow,4.292584102889641,50.43878560793212,243.11636411132125
34.5,23.72107336255108,3.0,follow,4.874068227850394,50.455678271677016,
34.6,24.021073362551082,-3.1846636942536044,follow,4.467960891595332,50.49957093542196,
34.7,23.70260699312572,3.0,follow,5.04039974642086,50.594310236109436,
34.8,24.00260699312572,-0.377022969658384,follow,4.769139047108283,50.77304953679686,
34.9,23.96490469615988,3.0,follow,4.955202022941023,50.902559067180846,178.66521595914898
35.0,24.26490469615988,-4.373339825988097,follow,4.44671155332513,50.844068597564956,
35.1,23.827570713561073,3.0,follow,5.243955455867265,50.985311526208875,
35.2,24.127570713561074,-3.026203761594431,follow,4.852198384511212,51.043554454852824,
35.3,23.82495033740163,3.0,follow,5.3726339150101765,51.110059421112624,
35.4,24.124950337401632,-0.506425309138212,follow,5.056138881270094,51.243564387372544,
35.5,24.07430780648781,3.0,follow,5.301671896991991,51.413133606723704,
35.6,24.37430780648781,-2.199596316510032,follow,4.984241116343227,51.545702826074944,11965.649564795993
35.7,24.154348174836805,3.0,follow,5.335745746336116,51.56726800859133,
35.8,24.454348174836806,-2.9420104971239205,follow,4.91731092885238,51.59883319110759,
35.9,24.160147125124414,3.0,follow,5.467597790908449,51.70781847859507,
36.0,24.460147125124415,-2.0065044895493465,follow,5.144583078395968,51.83480376608259,
36.1,24.25949667616948,3.0,follow,5.483609084211501,51.87285409846572,
36.2,24.55949667616948,-4.0640118369608516,follow,5.063659416594604,51.90290443084882,133.2563475028595
36.3,24.153095492473394,3.0,follow,5.674951642891408,51.9045948816015,977.5706460884996
36.4,24.453095492473395,-3.4284987829550815,follow,5.189642093644046,51.86928533235414,
36.5,24.110245614177888,3.0,follow,5.8538923496695645,52.0192607709364,
36.6,24.41024561417789,-0.9069099838291663,follow,5.564867788251789,52.180236209518625,
36.7,24.31955461579497,3.0,follow,5.7639488242466825,52.24328074793914,
36.8,24.61955461579497,-1.57740513535105,follow,5.426993362667261,52.35632528635972,
36.9,24.461814102259865,3.0,follow,5.744422722743948,52.437143876133746,
37.0,24.761814102259866,-3.849821078168045,follow,5.270241312517953,52.41296246590775,
37.1,24.376831994443062,3.0,follow,5.937031274798869,52.50227926646346,
37.2,24.676831994443063,-1.3033695995974632,follow,5.634348075354566,52.64959606701916,
37.3,24.546495034483318,3.0,follow,5.872204011845831,52.69194656357081,
37.4,24.84649503448332,-3.6605679280642818,follow,5.554554508397516,52.82429706012249,29.241318714851
37.5,24.48043824167689,3.0,follow,5.959595873439419,52.68025323595475,
37.6,24.78043824167689,-2.2639952868575186,follow,5.593552049271743,52.76420941178708,
37.7,24.554038712991137,3.0,follow,5.984747471001171,52.81580554048787,
37.8,24.854038712991137,-3.734193435286752,follow,5.527343599701993,52.8084016691887,
37.9,24.480619369462463,3.0,follow,6.146410678048689,52.867339732242385,54.467633137715794
38.0,24.780619369462464,-5.657613050112129,follow,5.569348741102459,52.74027779529615,
38.1,24.21485806445125,3.0,follow,6.480504892174153,52.80279198885103,
38.2,24.51485806445125,-0.8073227008838373,follow,6.106019085729059,52.878306182405936,
38.3,24.434125794362867,3.0,follow,6.394704911425315,53.04589360296961,
38.4,24.734125794362868,-4.144959204187142,follow,5.932292331989039,53.03348102353334,154.11074058462364
38.5,24.31962987394415,3.0,follow,6.561073225222678,53.040518036138906,
38.6,24.619629873944152,-2.4467071401426246,follow,6.111110237828292,53.04055504874452,
38.7,24.37495915992989,3.0,follow,6.609620392856705,53.17205913275154,
38.8,24.67495915992989,-2.6693271886687384,follow,6.21712447686366,53.22956321675849,710.1141910681085
38.9,24.40802644106302,3.0,follow,6.6367209110576155,53.248760572652145,
39.0,24.70802644106302,-2.0608641129506964,follow,6.253918266951274,53.3159579285458,
39.1,24.50194002976795,3.0,follow,6.619853880917148,53.372763925569075,
39.2,24.80194002976795,-2.3585477709606337,follow,6.262659877940479,53.46556992259241,161.0699678492173
39.3,24.56608525267189,3.0,follow,6.606833518317316,53.455961397325154,
39.4,24.86608525267189,-3.799977035562687,follow,6.14522499305,53.444352872057834,342.40488423595286
39.5,24.486087549115624,3.0,follow,6.737612793472842,53.46674411714628,91.22654831658642
39.6,24.786087549115624,-4.330331283813308,follow,6.199004038561405,53.37813536223484,
39.7,24.353054420734292,3.0,follow,6.935248289059942,53.46482992016138,
39.8,24.653054420734293,-2.089193943967132,follow,6.539942846986548,53.51952447808799,
39.9,24.44413502633758,3.0,follow,6.908908435947836,53.57511097545421,
40.0,24.74413502633758,-3.975594172790963,follow,6.466494933314053,53.58269747282043,66.63395539038012
40.1,24.346575609058483,3.0,follow,7.022176498326843,53.54203991191457,
40.2,24.646575609058484,-3.0790250102764816,follow,6.575518937421087,53.54538235100881,
40.3,24.338673108030836,3.0,follow,7.077505378159422,53.58551504020568,
40.4,24.638673108030837,-3.317000506672212,follow,6.603638067356442,53.561647729402694,
40.5,24.306973057363614,3.0,follow,7.158490837621017,53.61895042366643,
40.6,24.606973057363614,-0.26231087712100987,follow,6.7777935318845834,53.68825311793,
40.7,24.580741969651513,3.0,follow,7.000065966487625,53.871178920964894,
40.8,24.880741969651513,-2.5149890043805208,follow,6.574991769522384,53.896104723999656,
40.9,24.629243069213462,3.0,follow,7.008315813258157,53.95218041707835,
41.0,24.929243069213463,-4.550901260487102,follow,6.559391506336681,53.95325611015687,39.40370948245829
41.1,24.474152943164754,3.0,follow,7.150611401093293,53.861840815840424,
41.2,24.774152943164754,-2.523950560636962,follow,6.721196106776922,53.882425521524056,
41.3,24.521757887101057,3.0,follow,7.152612902162517,53.9352497328141,
41.4,24.821757887101057,0.07259241286799067,follow,6.905437113452422,54.13807394410401,
41.5,24.829017128387857,3.0,follow,6.897646538683489,54.14117223126527,
41.6,25.129017128387858,-3.2313885993361353,follow,6.4577448258445855,54.15127051842637,340.537343790701
41.7,24.805878268454244,3.0,follow,6.95886528889956,54.16768269158092,78.97565090326906
41.8,25.105878268454244,-3.964253645745586,follow,6.410277462054097,54.06909486473546,
41.9,24.709452903879686,3.0,follow,7.119970218527897,54.18414957434743,
42.0,25.009452903879687,-1.6675095041777688,follow,6.7250249281399235,54.23920428395945,
42.1,24.842701953461912,3.0,follow,7.049881158420355,54.31393408861322,103.90995045816483
42.2,25.142701953461913,-3.496198615392725,follow,6.517610963074198,54.23166389326707,
42.3,24.793082091922642,3.0,follow,7.167732546190756,54.35735568407472,64.47457039457825
42.4,25.093082091922643,-4.485979580454508,follow,6.603424336998394,54.24304747488236,
42.5,24.644484133877192,3.0,follow,7.355872860678872,54.32259906149466,
42.6,24.944484133877193,-1.0148258518093236,follow,7.075424447291084,54.49215064810687,79.61053872708717
42.7,24.84300154869626,3.0,follow,7.169348170192897,54.43385049323729,206.97159679505265
42.8,25.14300154869626,-3.9890081671286985,follow,6.6630480153232625,54.377550338367655,744.8821471530297
42.9,24.74410073198339,3.0,follow,7.293989167194191,54.410140265169275,438.43528878179205
43.0,25.04410073198339,-4.834033245054766,follow,6.8015790939957625,54.36773019197085,45.15214445756251
43.1,24.560697407477914,3.0,follow,7.454614340006188,54.29566045122306,
43.2,24.860697407477915,-3.250855285793037,follow,7.023544599258514,54.314590710475386,82.20796705985398
43.3,24.53561187889861,3.0,follow,7.477611704237724,54.28102952258564,
43.4,24.83561187889861,-2.576153908467461,follow,7.080050516347995,54.33346833469591,103.3718424487445
43.5,24.577996488051866,3.0,follow,7.439673953813028,54.30666868589083,
43.6,24.877996488051867,-1.3544690080662072,follow,7.117874305007916,54.43486903708572,116.31469557321304
43.7,24.742549587245247,3.0,follow,7.287789697493395,54.40161407836126,
43.8,25.042549587245247,-2.8115631445058398,follow,6.809534738769045,54.373359119636916,
43.9,24.761393272794663,3.0,follow,7.316129883165345,54.45821979235734,79.92186299257477
44.0,25.061393272794664,-4.330993977561786,follow,6.767990555885774,54.36008046507777,
44.1,24.628293875038487,3.0,follow,7.471810265016174,54.41425107757391,
44.2,24.928293875038488,-2.339991047672214,follow,7.126980877512246,54.519421690069976,47.89573491136156
44.3,24.694294770271267,3.0,follow,7.38755005763575,54.42899221304265,
44.4,24.994294770271267,-2.4438196318247165,follow,6.952120580608437,54.44356273601534,
44.5,24.749912807088794,3.0,follow,7.362702244673159,54.48757145530635,
44.6,25.049912807088795,-3.011971884264476,follow,6.966710963964161,54.54158017459736,55.6596258157233
44.7,24.74871561866235,3.0,follow,7.350635184737591,54.473708612731116,73.74110853561093
44.8,25.04871561866235,-4.1354641444558276,follow,6.796763622871524,54.369837050865044,
44.9,24.635169204216766,3.0,follow,7.492566324118258,54.445320130443406,
45.0,24.935169204216766,-2.090717048495005,follow,7.071049403696591,54.47380321002174,
45.1,24.726097499367267,3.0,follow,7.431047211034112,54.52019346008501,
45.2,25.026097499367268,-2.982682466866475,follow,7.004437461097467,54.54358371014837,101.74191033258617
45.3,24.72782925268062,3.0,follow,7.4280569058593855,54.51980078488032,
45.4,25.027829252680622,-2.3894413918719906,follow,6.992273980591342,54.53401785961228,
45.5,24.78888511349342,3.0,follow,7.393801678022683,54.577129348262815,165.94587930278774
45.6,25.088885113493422,-2.4741966219582707,follow,6.880913166673224,54.51424083691336,
45.7,24.841465451297594,3.0,follow,7.407896114837307,54.6700942917837,
45.8,25.141465451297595,-3.487596677537802,follow,6.979749569707629,54.69194774665402,53.023538188168025
45.9,24.792705783543816,3.0,follow,7.434618492984043,54.623677168299764,
46.0,25.092705783543817,-2.979722955847947,follow,7.024347914629729,54.66340658994545,66.44344513354703
46.1,24.79473348795902,3.0,follow,7.418833009210964,54.610933241149496,
46.2,25.094733487959022,-1.2291240283920324,follow,7.0183596604150935,54.66045989235363,
46.3,24.97182108511982,3.0,follow,7.292546156162004,54.75027778384174,92.51153627410359
46.4,25.27182108511982,-3.7609132815546182,follow,6.753364047650031,54.66109567532976,
46.5,24.89572975696436,3.0,follow,7.399928064186561,54.743522699633104,
46.6,25.19572975696436,-2.1630726708564616,follow,6.961355088489995,54.754949723936534,
46.7,24.979422489878715,3.0,follow,7.349873740130576,54.81900747494865,
46.8,25.279422489878716,-1.472398018676241,follow,7.0139314911426425,54.93306522596072,119.56982175701215
46.9,25.132182688011092,3.0,follow,7.203572925142836,54.90184695715948,78.18741175842291
47.0,25.432182688011093,-5.501272774859164,follow,6.653354656341641,54.80162868835828,49.72100295573383
47.1,24.882055410525176,3.0,follow,7.42334003151791,54.74642314730568,111.26068726461988
47.2,25.182055410525177,-4.1969741793674835,follow,6.894134490465426,54.66721760625319,225.84588168322495
47.3,24.762357992588427,3.0,follow,7.541444818111657,54.6849818069943,
47.4,25.062357992588428,-2.2054017780280866,follow,7.1112090188529535,54.704746007735594,
47.5,24.84181781478562,3.0,follow,7.478837504078541,54.74156422625697,
47.6,25.14181781478562,-2.07259468571516,follow,7.076655722599881,54.78938244477831,415.64474827536907
47.7,24.934558346214107,3.0,follow,7.395089090835626,54.79692661015679,
47.8,25.234558346214108,-1.8238018140716967,follow,7.030633256214074,54.88247077553524,126.29482612329028
47.9,25.05217816480694,3.0,follow,7.278985711844271,54.85725295905468,
48.0,25.35217816480694,-0.030717988814739527,follow,6.997767895363438,55.026035142573846,
48.1,25.349106365925465,3.0,follow,7.014464957093189,55.038124505981386,55.64429307305541
48.2,25.649106365925466,-6.336075267473699,follow,6.43555432050065,54.90921386938885,37.89177603558541
48.3,25.015498839178097,3.0,follow,7.304415726704043,54.82766398547119,
48.4,25.315498839178098,-3.151902720518315,follow,6.8588658427864,54.83211410155354,112.93974295464601
48.5,25.000308567126265,3.0,follow,7.3146203941515395,54.815083244840935,
48.6,25.300308567126265,-2.300543267103194,follow,6.8885895374390955,54.83905238812849,
48.7,25.070254240415945,3.0,follow,7.261645603463101,54.86702696408702,456.2585633097689
48.8,25.370254240415946,-4.401473369869947,follow,6.769620179421459,54.82500154004538,54.2685190981951
48.9,24.93010690342895,3.0,follow,7.372830494558876,54.7679908497023,51.17992480396947
49.0,25.23010690342895,-5.3595100248269425,follow,6.785819804215869,54.6309801593593,97.5367020561806
49.1,24.694155900946257,3.0,follow,7.5873307178454965,54.62856456926488,
49.2,24.994155900946257,-1.3927113093438663,follow,7.201915127750858,54.693148979170246,
49.3,24.85488477001187,3.0,follow,7.441333347151385,54.723660502169196,69.7219038934104
49.4,25.154884770011872,-4.330474103877396,follow,6.882844870150215,54.61517202516802,2194.722796276998
49.5,24.721837359624132,3.0,follow,7.573232249769227,54.655988289205425,
49.6,25.021837359624133,-2.8154197876231493,follow,7.1500485138067305,54.68280455324293,80.19919087946012
49.7,24.740295380861816,3.0,follow,7.532331943864037,54.64277501515676,
49.8,25.040295380861817,-2.43766431412066,follow,7.090302405777862,54.650745477070586,185017.89567782014
49.9,24.79652894944975,3.0,follow,7.480299157950817,54.675092582125444,83.27902772292019
50.0,25.096528949449752,-3.8874273397249794,follow,6.9346462630057815,54.57943968718041,
50.1,24.707786215477253,3.0,follow,7.573981742416926,54.6356610656328,
50.2,25.007786215477253,-1.0814485649429209,follow,7.165203120869215,54.676882444085095,
50.3,24.89964135898296,3.0,follow,7.418456269712166,54.76791830818661,
50.4,25.199641358982962,-2.906274348194799,follow,7.027492133813752,54.8269541722882,44.587760302431256
50.5,24.90901392416348,3.0,follow,7.369531893626515,54.73305277987174,89.87159506254483
50.6,25.209013924163482,-3.8356176800083865,follow,6.82863050121022,54.64215138745544,
50.7,24.825452156162644,3.0,follow,7.460427937595206,54.698606171839174,
50.8,25.125452156162645,-1.8788887632265556,follow,7.036882721978969,54.72506095622293,
50.9,24.93756327983999,3.0,follow,7.363959708478838,54.77030462823882,
51.0,25.23756327983999,1.7107196546895764,follow,7.179203380494748,55.03554830025473,
51.1,25.408635245308947,0.7908396207410853,follow,6.924731907760197,55.03768477572362,
51.2,25.487719207383055,3.0,follow,6.842334043910753,55.07391285498534,
51.3,25.787719207383056,-3.244399215984508,follow,6.385562123172349,55.067140934246936,184.9633465649913
51.4,25.463279285784605,3.0,follow,6.874894076991588,55.06981300566849,78.30432961526893
51.5,25.763279285784606,-4.565877723228525,follow,6.324566148413304,54.96948507709021,284.404429858818
51.6,25.306691513461754,3.0,follow,7.035778655551326,54.995815925743955,62.0236182379073
51.7,25.606691513461755,-5.355034881633301,follow,6.467109504205084,54.877146774397715,69.75688161795026
51.8,25.071188025298426,3.0,follow,7.245245933920117,54.852027971867756,127.21138981979999
51.9,25.371188025298427,-4.060386923794091,follow,6.7221271313901525,54.778909169337794,176.03154593370064
52.0,24.96514933291902,3.0,follow,7.340670236667563,54.78839423604609,
52.1,25.26514933291902,-1.93864881152874,follow,7.038155303375547,54.935879302754074,32.99156310890814
52.2,25.071284451766147,3.0,follow,7.18182417992805,54.78875085757727,
52.3,25.371284451766147,-3.9968598810101703,follow,6.745695734751301,54.802622412400524,34.65702982862513
52.4,24.97159846366513,3.0,follow,7.2270648705362746,54.68446256603397,170.03956406637144
52.5,25.271598463665132,-3.0146750841095944,follow,6.714905024169759,54.62230271966746,
52.6,24.970130955254174,3.0,follow,7.252093191260791,54.70728962414205,
52.7,25.270130955254174,-3.9999994733266426,follow,6.780080095735407,54.68527652861667,50.62837636733436
52.8,24.87013100792151,3.0,follow,7.312066915942317,54.61726342782458,133.17028552563642
52.9,25.170131007921512,-3.3010508728509222,follow,6.791053815150072,54.54625032703234,
53.0,24.84002592063642,3.0,follow,7.35320885401395,54.61324773496858,140.0246620682385
53.1,25.140025920636422,-3.5606994821684204,follow,6.8342062619502215,54.544245142904856,
53.2,24.78395597241958,3.0,follow,7.4059155870334905,54.58184954566286,
53.3,25.08395597241958,-3.1337538863607293,follow,6.950519989791374,54.57645394842075,95.08822378543645
53.4,24.77058058378351,3.0,follow,7.394525014367147,54.55039589004241,
53.5,25.07058058378351,0.3223538635138681,follow,7.098466955988869,54.704337831664134,
53.6,25.1028159701349,2.570404565824628,follow,7.087832279448243,54.74205623465059,33.73275666624116
53.7,25.35985642671736,-4.753175248031237,follow,6.514285951902828,54.55407059197887,248.13498248159786
53.8,24.884538901914237,3.0,follow,7.252808348915892,54.579616701787245,141.9352279576647
53.9,25.184538901914237,-3.13304461182328,follow,6.7343544587244395,54.511162811595796,
54.0,24.87123444073191,3.0,follow,7.281187706424831,54.5880393675227,118.35204517880229
54.1,25.17123444073191,-3.9460068058710966,follow,6.755064262351709,54.51191592344958,208.67047917082175
54.2,24.7766337601448,3.0,follow,7.360301907217803,54.525252547435,
54.3,25.0766337601448,-1.4131374057162205,follow,6.940638531203277,54.55558917142048,
54.4,24.93532001957318,3.0,follow,7.224077140103347,54.627057169463114,65.39656166432573
54.5,25.23532001957318,-4.761568977448071,follow,6.660545138146034,54.513525167505804,112.3249051531983
54.6,24.759163121828372,3.0,follow,7.373864172580369,54.512608855322924,457.4620739949759
54.7,25.059163121828373,-3.6319218847403754,follow,6.8819478603975455,54.4706925431401,99.18854777026286
54.8,24.695970933354335,3.0,follow,7.408139049773297,54.4520954498048,
54.9,24.995970933354336,-0.050945156932090896,follow,7.090541956437832,54.58449835646934,
55.0,24.990876417661127,3.0,follow,7.129096088211412,54.6154107147031,58.047379750965156
55.1,25.290876417661128,-4.062765159975616,follow,6.5550084464452,54.49132307293689,
55.2,24.884599901663567,3.0,follow,7.244963230275154,54.571863082770506,
55.3,25.184599901663567,0.29168180673606514,follow,6.935503240108943,54.71240309260429,
55.4,25.213768082337175,3.0,follow,6.9473741608647686,54.768026284370535,40.45598873170194
55.5,25.513768082337176,-6.050023965781573,follow,6.331997352631014,54.602649476136776,62.491009433629486
55.6,24.90876568575902,3.0,follow,7.212624378922278,54.575772907560804,
55.7,25.20876568575902,-2.0617131221637557,follow,6.8367478103464165,54.649896338984945,73.9746003265389
55.8,25.002594373542642,3.0,follow,7.092745341316558,54.59663690163052,
55.9,25.302594373542643,-2.203672856070259,follow,6.645485903962168,54.59937746427613,
56.0,25.082227087935618,3.0,follow,7.025814123579217,54.64915475548264,69.86354167267176
56.1,25.382227087935618,-4.6486058433134545,follow,6.467591414785822,54.54093204668925,129.1744030762087
56.2,24.917366503604274,3.0,follow,7.169145640922423,54.545195396328836,23.236761414366775
56.3,25.217366503604275,-7.559871461820542,follow,6.454408990562001,54.28045874596842,54.97498502108739
56.4,24.46137935742222,3.0,follow,7.565251774092914,54.25732081022625,
56.5,24.76137935742222,-2.8882399531026124,follow,7.120113838350761,54.2621828744841,77.36495564100107
56.6,24.47255536211196,3.0,follow,7.512094295104816,54.22092733827276,
56.7,24.772555362111962,-0.8789861447241023,follow,7.206838758893625,54.36567180206157,64.52474727095407
56.8,24.68465674763955,3.0,follow,7.263221005838226,54.29020612729755,3704.110042858617
56.9,24.98465674763955,-2.768354336650198,follow,6.781755331074301,54.25874045253363,
57.0,24.70782131397453,3.0,follow,7.236226350174299,54.29795832113609,
57.1,25.00782131397453,-1.8269435062970487,follow,6.893444218776743,54.40517618973854,50.01297133162476
57.2,24.825126963344825,3.0,follow,7.076973048386932,54.31466349340417,
57.3,25.125126963344826,-1.432932503042025,follow,6.701460352052521,54.38915079706976,472.42756359485657
57.4,24.981833713040622,3.0,follow,6.919216856204713,54.39196742576564,75.3524896982815
57.5,25.281833713040623,-4.058941060655048,follow,6.367033484900574,54.28978405446151,
57.6,24.875939606975116,3.0,follow,7.023280683301422,54.33719009376409,
57.7,25.175939606975117,-3.1492227961927384,follow,6.5706867226040515,54.334596133066725,86.80485389899087
57.8,24.861017327355842,3.0,follow,7.011968409297381,54.30349440033115,
57.9,25.161017327355843,-3.1036894191129925,follow,6.550866676562009,54.29239266759578,120.37762049164097
58.0,24.850648385444543,3.0,follow,7.002355250884435,54.27832782905125,
58.1,25.150648385444544,-2.2219260090515895,follow,6.546290412339943,54.27226299050676,
58.2,24.928455784539384,3.0,follow,6.936733735243784,54.32941741205286,
58.3,25.228455784539385,-2.170033861427463,follow,6.582888156789878,54.42557183359895,46.98113865022409
58.4,25.01145239839664,3.0,follow,6.814247996164305,54.33142659375926,
58.5,25.31145239839664,-2.3294336858498106,follow,6.493102756324795,54.460281353919754,30.743293696862708
58.6,25.07850902981166,3.0,follow,6.688666906221215,54.306430450938706,288.08397404196927
58.7,25.37850902981166,-3.3059915511843094,follow,6.189816003240182,54.257579547957675,
58.8,25.04790987469323,3.0,follow,6.724923748448653,54.296788560488494,
58.9,25.34790987469323,-3.6160436506145643,follow,6.261132760979358,54.2829975730192,66.36794499318034
59.0,24.986305509631773,3.0,follow,6.757908757608448,54.237367022056105,370.71308632574824
59.1,25.286305509631774,-3.9081473029525213,follow,6.263278206645097,54.19273647109276,82.57242347622224
59.2,24.895490779336523,3.0,follow,6.822951224154352,54.166187393159134,161.45358003662474
59.3,25.195490779336524,-3.0601690954019,follow,6.309402146220691,54.10263831522548,
59.4,24.889473869796333,3.0,follow,6.8434801235514655,54.177690928245966,
59.5,25.189473869796334,-3.0861145186579186,follow,6.401532736571944,54.18574354126645,76.37454436034604
59.6,24.880862417930544,3.0,follow,6.8243636725776256,54.14565729947344,
59.7,25.180862417930545,-1.695764957226988,follow,6.423277430784559,54.19457105768038,
59.8,25.011285922207847,3.0,follow,6.699513582147752,54.21644246545952,
59.9,25.311285922207848,-1.9359825992061594,follow,6.279384989926932,54.246313873238705,
60.0,25.11768766228723,3.0,follow,6.605013613579217,54.28154510701006,73.58337123154234
60.1,25.417687662287232,-5.013463265612966,follow,6.051244847350674,54.17777634078152,67.07763269202276
60.2,24.916341335725935,3.0,follow,6.77263020361994,54.147142207208844,
60.3,25.216341335725936,-1.5208398620993968,follow,6.363996070047378,54.188508073636285,
60.4,25.064257349515998,3.0,follow,6.6416963144107655,54.23808233868476,
60.5,25.364257349516,-3.0618078617323654,follow,6.166270579459194,54.212656603733194,519.988824341011
60.6,25.058076563342762,3.0,follow,6.645734102384765,54.23284894739891,
60.7,25.358076563342763,-1.8732743666764264,follow,6.276926446050396,54.31404129106454,93.95648385568579
60.8,25.17074912667512,3.0,follow,6.51884268838436,54.27496637839704,
60.9,25.47074912667512,-2.6059699438949835,follow,6.089767775716801,54.29589146572948,169.2783766196328
61.0,25.21015213228562,3.0,follow,6.474648054072588,54.28987625250102,1082.503849354098
61.1,25.510152132285622,-2.4670663568184565,follow,5.9896328408441235,54.254861039272555,
61.2,25.263445496603776,3.0,follow,6.454348244706708,54.34951648961237,
61.3,25.563445496603777,-1.417111129350964,follow,6.05100369504629,54.396171939951955,
61.4,25.42173438366868,3.0,follow,6.326396926082005,54.45899850158503,
61.5,25.721734383668682,-1.72535687843164,follow,5.951223487715026,54.533825063218046,270.32488994430105
61.6,25.549198695825517,3.0,follow,6.207107149897084,54.53090519363536,
61.7,25.849198695825518,-2.9438451858640313,follow,5.777187280314543,54.55098532405282,105.06764705430828
61.8,25.554814177239116,3.0,follow,6.1962826404700735,54.52850390632875,
61.9,25.854814177239117,-3.066411667864262,follow,5.745801222746174,54.52802248860485,167.87451505992425
62.0,25.54817301045269,3.0,follow,6.203945671880717,54.52620518755975,
62.1,25.84817301045269,-2.578976932425661,follow,5.743128370835606,54.515387886514645,
62.2,25.590275317210125,3.0,follow,6.18694737897836,54.572360354793545,111.30962224517775
62.3,25.890275317210126,-2.449730040775897,follow,5.65791984725729,54.49333282307248,
62.4,25.645302313132536,3.0,follow,6.199849122060449,54.667802591759255,87.42619600732567
62.5,25.945302313132537,-5.200483708028706,follow,5.657318890747177,54.57527236044598,51.71529682186135
62.6,25.425253942329665,3.0,follow,6.38386605271846,54.52174696621296,
62.7,25.725253942329665,-0.19739857312777076,follow,6.038340658485339,54.62622157197984,
62.8,25.705514085016887,3.0,follow,6.149399035952939,54.70767016347827,
62.9,26.005514085016888,-1.6246612973601664,follow,5.7408476274514015,54.749118754976735,
63.0,25.84304795528087,3.0,follow,6.046242026527217,54.810813959448524,
63.1,26.14304795528087,-3.816474863695838,follow,5.580937230999012,54.795509163920315,67.39517491928368
63.2,25.761400468911287,3.0,follow,6.110268413662119,54.75236911702905,
63.3,26.061400468911287,-3.1121941418152304,follow,5.667128366771031,54.75922907013796,111.43503625761431
63.4,25.750181054729765,3.0,follow,6.115939382570367,54.741210964665015,
63.5,26.050181054729766,-1.4156296348012667,follow,5.749921277097506,54.82519285919216,302810.05599967914
63.6,25.90861809124964,3.0,follow,5.976403913192669,54.83933105006713,152.91847340711192
63.7,26.20861809124964,-4.0295496450071155,follow,5.460542104067713,54.77346924094218,239.58501683548837
63.8,25.80566312674893,3.0,follow,6.08240823814392,54.790902928267315,
63.9,26.10566312674893,-2.199453772953717,follow,5.6818419254692145,54.840336615592605,223.23389489233335
64.0,25.88571774945356,3.0,follow,6.00918821646686,54.837764840647196,266.5679796046328
64.1,26.18571774945356,-3.159292388898063,follow,5.508616441521447,54.787193065701786,
64.2,25.86978851056375,3.0,follow,6.051531448799807,54.85621421464543,
64.3,26.16978851056375,-2.209984163130599,follow,5.643552597743636,54.898235363589265,392.72351598991315
64.4,25.948790094250693,3.0,follow,5.983171212788207,54.906356354164245,
64.5,26.248790094250694,-2.548217441492991,follow,5.518292203363046,54.89147734473909,
64.6,25.993968350101394,3.0,follow,5.9691279845767795,54.96008050972887,89.51614606950406
64.7,26.293968350101395,-5.009605492535101,follow,5.4277311495667036,54.868683674718795,65.01272668356202
64.8,25.793007800847885,3.0,follow,6.144871193362192,54.83438289463402,
64.9,26.093007800847886,-2.384684422582506,follow,5.688570413277432,54.82808211454926,
65.0,25.854539358589633,3.0,follow,6.106819140805719,54.88862817869017,
65.1,26.154539358589634,0.2459881895039544,follow,5.7333652049467005,54.965174242831154,
65.2,26.17913817754003,3.0,follow,5.866553158767104,55.13526042507715,
65.3,26.47913817754003,-1.1600454743385455,follow,5.510639341013075,55.22934660732312,
65.4,26.363133630106176,3.0,follow,5.71233279915316,55.257033244312424,
65.5,26.663133630106177,-3.31175224684657,follow,5.274019436142609,55.26871988130188,85.93660367624895
65.6,26.33195840542152,3.0,follow,5.739586432627526,55.23752404075981,
65.7,26.63195840542152,-2.4379974209505306,follow,5.312390592085322,55.2603282002176,
65.8,26.388158663326468,3.0,follow,5.706274338895206,55.28851233388491,
65.9,26.68815866332647,-2.4498564857847285,follow,5.3064584725626815,55.33869646755238,142.56720690788427
66.0,26.443173014747995,3.0,follow,5.659619643955743,55.32437916607773,
66.1,26.743173014747995,-0.28040827618895037,follow,5.277302342480972,55.392061864602965,
66.2,26.7151321871291,3.0,follow,5.474850365196296,55.54754864588995,
66.3,27.0151321871291,-2.5819910926337606,follow,5.021337146483397,55.54403542717705,
66.4,26.756933077865725,3.0,follow,5.475942502591842,55.61134211939043,
66.5,27.056933077865725,-2.1711981802954448,follow,5.089249194805312,55.6746488116039,256.64435022705345
66.6,26.83981325983618,3.0,follow,5.4149475958658755,55.67466748562015,
66.7,27.13981325983618,-2.487297749364565,follow,4.988966269882241,55.69868615963651,
66.8,26.891083484899724,3.0,follow,5.396952583796875,55.73357781114646,
66.9,27.191083484899725,-3.2373184512206805,follow,4.962844235306818,55.74946946265641,106.9875961879406
67.0,26.867351639777656,3.0,follow,5.428706839012037,55.72973429867852,
67.1,27.167351639777657,-2.0446697114438095,follow,4.99697167503416,55.74799913470065,
67.2,26.962884668633276,3.0,follow,5.3853836648874776,55.82971066783739,
67.3,27.262884668633276,0.058331565231476645,follow,5.068095198024146,55.96242220097406,
67.4,27.268717825156426,2.7312821748435745,follow,5.15447368072364,56.05755041845828,
67.5,27.541846042640785,-0.48016454482273474,follow,4.914596750232995,56.22736581419417,83.69084916119286
67.6,27.493829588158512,2.506170411841488,follow,4.92423847314042,56.164982855378184,
67.7,27.74444662934266,-1.2673149316896577,follow,4.5988682484300085,56.215538192444,2299.521026170279
67.8,27.617715136173697,2.3822848638263032,follow,4.799193974566087,56.22576667882663,
67.9,27.855943622556328,-0.2824827440215323,follow,4.597256882736616,56.38117231657111,62.92937512709006
68.0,27.827695348154176,2.099398213889746,follow,4.552859759524445,56.29440278175571,65.6344970307993
68.1,28.03763516954315,-3.7480414074990556,follow,4.131186510486465,56.18763926480119,67.07889222875643
68.2,27.662831028793246,2.3371689712067543,follow,4.6471096187321095,56.141356161921976,32.96942280979458
68.3,27.89654792591392,-5.324211023939611,follow,4.102879480459734,55.947701369330616,98.75193043744522
68.4,27.36412682351996,2.6358731764800396,follow,4.8980984516986155,55.94428868697855,288.1842275713473
68.5,27.627714141167964,-2.696564706905054,follow,4.45694606110996,55.89851727286191,
68.6,27.358057670477457,2.641942329522543,follow,4.921625000097919,55.95871150581411,
68.7,27.62225190342971,0.3652169327796102,follow,4.579108460326715,56.01248631547128,
68.8,27.65877359670767,2.3412264032923282,follow,4.705448560738795,56.1936089558003,
68.9,27.892896237036904,-0.8248637549936397,follow,4.437974976541213,56.27731933209657,139.6819184661223
69.0,27.81040986153754,2.18959013846246,follow,4.5296635536364676,56.24527834594278,100.36454068033045
69.1,28.029368875383785,-2.2470153995817164,follow,4.123288145328601,56.16734145840428,
69.2,27.804667335425613,2.195332664574387,follow,4.5238737217232625,56.23087472486168,66.57162218369436
69.3,28.024200601883052,-1.4944153748309894,follow,4.088153761848716,56.124454664673294,
69.4,27.874759064399953,2.125240935600047,follow,4.488840161633284,56.300978758233214,
69.5,28.08728315795996,-0.011071503486476786,follow,4.274325705497198,56.405250442437136,177.77574708064196
69.6,28.08617600761131,1.7259675440100999,follow,4.2443688302590346,56.373632841676,42.19027472470147
69.7,28.25877276201232,-1.7164476449086905,follow,3.8345964224562152,56.2227555654747,
69.8,28.087127997521453,1.9128720024785473,follow,4.221350769440491,56.35204276572267,
69.9,28.278415197769306,-0.03671079490500162,follow,3.9235784492917816,56.34120124594574,
70.0,28.274744118278804,1.7252558817211963,follow,4.0366106566997,56.448726834117906,43.264212532786935
70.1,28.447269706450925,-3.4688523440778383,follow,3.630095303796338,56.300999863472725,95.86906875159491
70.2,28.100384472043142,1.8996155279568576,follow,4.126384708203766,56.27696141626848,
70.3,28.29034602483883,-0.5979088322229309,follow,3.8524077765262064,56.28792681378445,
70.4,28.230555141616534,1.7694448583834657,follow,3.966038587197879,56.31187129962268,400.63899941315503
70.5,28.407499627454882,-0.5900958263485201,follow,3.6688718956947497,56.28012133687707,
70.6,28.348490044820032,1.651509955179968,follow,3.825537265164982,56.34827233239503,77.34940612169315
70.7,28.51364104033803,-1.9609200499079442,follow,3.4884466678541344,56.25890822836118,884.0035915431484
70.8,28.317549035347234,1.682450964652766,follow,3.795829771805529,56.27215332482638,
70.9,28.48579413181251,0.3217144006202872,follow,3.564882713926359,56.293573911645126,
71.0,28.51796557187454,1.4820344281254592,follow,3.5718289966457135,56.348777354457525,
71.1,28.666169014687085,-0.2210838493046623,follow,3.4109069309583475,56.410160452988976,60.25638487067862
71.2,28.64406062975662,0.9940930925136229,follow,3.3526634453783544,56.31875439001328,45.636942814649565
71.3,28.743469939007984,-0.14796665710328227,follow,3.070202487600419,56.185407396112396,
71.4,28.728673273297655,1.2713267267023447,follow,3.2065301588363084,56.29954006878279,
71.5,28.85580594596789,-0.2343108491800514,follow,3.0392505552342257,56.322959474186064,83.34191169851304
71.6,28.832374861049885,1.1676251389501147,follow,3.009159696506302,56.25772198808113,
71.7,28.949137374944897,1.0508626250551032,follow,2.9601021881691807,56.383808250586526,
71.8,29.054223637450406,0.9457763625495943,follow,2.7970504306660615,56.37838588684167,
71.9,29.148801273705367,0.8511987262946334,follow,2.7353038489130626,56.45850575947111,475.2348522751678
72.0,29.23392114633483,0.7660788536651708,follow,2.5872319253353453,56.438113644837586,
72.1,29.310529031701346,0.6894709682986537,follow,2.620267194115307,56.586060741667325,
72.2,29.379476128531213,0.6205238714687873,follow,2.6348989360174215,56.70411312881424,107.09474907983822
72.3,29.44152851567809,0.5584714843219096,follow,2.4826675037292176,56.644960277246355,
72.4,29.49737566411028,0.5026243358897204,follow,2.444159214669895,56.690222710835315,
72.5,29.547638097699252,0.4523619023007477,follow,2.383001754516556,56.704458901065436,
72.6,29.592874287929327,0.4071257120706733,follow,2.39286004037848,56.782171472272466,45.686174397310666
72.7,29.633586859136393,-0.09346979683128254,follow,2.203432497654319,56.65381278635891,
72.8,29.624239879453263,0.3757601205467367,follow,2.238028979233576,56.674388798413474,
72.9,29.66181589150794,0.3381841084920616,follow,2.235483372000658,56.728207209262564,29.67242162869479
73.0,29.695634302357146,-2.6362116601059036,follow,1.9901923254912717,56.53364377902699,40.21931144126476
73.1,29.432013136346555,0.5679868636534451,follow,2.271422760872362,56.419442465392194,30.30023868472403
73.2,29.4888118227119,-2.031576588539952,follow,1.9943435490532266,56.22756128312108,171.00224930898264
73.3,29.285654163857902,0.7143458361420976,follow,2.286514620948452,56.21499586673531,
73.4,29.357088747472112,0.6429112525278882,follow,2.2496538707800227,56.28528699198819,
73.5,29.421379872724902,0.5786201272750979,follow,2.291079195628342,56.4231490047157,
73.6,29.47924188545241,0.5207581145475899,follow,2.2133619879920587,56.432224816170674,
73.7,29.53131769690717,0.4686823030928302,follow,2.2791165011190984,56.576093046479855,47.892360534852614
73.8,29.578185927216452,-1.8777071485567234,follow,2.0859955629335616,56.45327445375824,37.93428860018192
73.9,29.39041521236078,0.6095847876392213,follow,2.237610113980992,56.32323293252216,
74.0,29.4513736911247,0.5486263088752992,follow,2.159035026722748,56.3360955634098,
74.1,29.50623632201223,0.49376367798776855,follow,2.1271174481901127,56.38647193120846,
74.2,29.555612689811007,-0.10330616373563828,follow,2.064491627511046,56.39791066222756,33.86015909174355
74.3,29.54528207343744,0.322060055286304,follow,1.9144593447275327,56.23238245488369,
74.4,29.57748807896607,0.4225119210339301,follow,1.877401528537959,56.243633646987064,59.36078236294213
74.5,29.619739271069463,0.3802607289305371,follow,1.7150508132759157,56.14465971988011,
74.6,29.657765343962517,0.3422346560374834,follow,1.7352351695398767,56.22188318548365,
74.7,29.691988809566265,0.30801119043373504,follow,1.7347010901776514,56.27268430452705,89.04063403139523
74.8,29.72278992860964,0.27721007139036047,follow,1.6222204187515459,56.206405311666,222.3443221049371
74.9,29.750510935748675,0.24948906425132478,follow,1.5525878144680334,56.178354218091044,76.90282440538111
75.0,29.77545984217381,0.22454015782619052,follow,1.4396184706129844,56.1028082338737,
75.1,29.797913857956427,0.2020861420435729,follow,1.4201460611433987,56.11701684807804,
75.2,29.818122472160784,0.18187752783921596,follow,1.4970208926206894,56.22420460086187,88.10879894337172
75.3,29.836310224944704,0.16368977505529614,follow,1.404108240950336,56.158573578367395,
75.4,29.852679202450233,0.14732079754976724,follow,1.4502868544471355,56.229305658122485,277.43007165192006
75.5,29.86741128220521,0.1325887177947891,follow,1.4064476065940852,56.2075645299019,134.6575114907139
75.6,29.88067015398469,0.1193298460153116,follow,1.3434922835263734,56.16449751450341,
75.7,29.89260313858622,0.10739686141377902,follow,1.3463324927653488,56.18523720064468,93.23754491631405
75.8,29.9033428247276,0.09665717527240147,follow,1.268888681080611,56.12390291817201,420.8993099765617
75.9,29.91300854225484,0.08699145774516026,follow,1.24008925056431,56.10960206394657,79.81354235608559
76.0,29.921707688029358,0.07829231197064246,follow,1.1558697630996733,56.03843129514371,
76.1,29.929536919226422,0.07046308077357821,follow,1.3631722243814721,56.257477603221105,
76.2,29.936583227303778,0.06341677269622181,follow,1.3989444395349722,56.30381928049064,318.8514568466405
76.3,29.9429249045734,0.05707509542660105,follow,1.3711394331732762,56.28552679003337,
76.4,29.94863241411606,0.0513675858839413,follow,1.4307149274477666,56.35366354862185,
76.5,29.953769172704455,0.046230827295545396,follow,1.4646328722947004,56.39528663135138,
76.6,29.95839225543401,0.041607744565990146,follow,1.491859022656861,56.42944740580788,
76.7,29.962553029890607,0.03744697010939291,follow,1.59836255798281,56.54219210281872,
76.8,29.966297726901548,0.033702273098452196,follow,1.7221157397762852,56.67156233012861,
76.9,29.969667954211392,0.030332045788608042,follow,1.7310936033904554,56.685595534707545,
77.0,29.97270115879025,0.027298841209749014,follow,1.7392736806431373,56.69832541882852,
77.1,29.975431042911225,0.024568957088774823,follow,1.77963575017057,56.74278231453741,40.66326501964398
77.2,29.977887938620103,-0.48496053353605006,follow,1.6361616127452976,56.602993520675454,87.36540711227089
77.3,29.929391885266497,0.0706081147335027,follow,1.648966504249067,56.54305433214881,
77.4,29.93645269673985,0.06354730326015101,follow,1.8477300173649525,56.752409062474726,
77.5,29.942807427065866,0.05719257293413449,follow,2.075917179169224,56.99012831976802,
77.6,29.94852668435928,0.05147331564072033,follow,2.132485624793148,57.05527565133207,
77.7,29.95367401592335,0.04632598407664901,follow,2.2693972258547674,57.19990824973979,
77.8,29.958306614331015,0.04169338566898517,follow,2.385617666810134,57.32307758830666,
77.9,29.962475952897915,0.037524047102085234,follow,2.7621160636699074,57.70582999301678,
78.0,29.966228357608124,0.033771642391876355,follow,2.9608646208438927,57.91020715725608,
78.1,29.96960552184731,0.03039447815269014,follow,3.0468383223006654,58.00124660507163,
78.2,29.97264496966258,0.027355030337421482,follow,3.0590146536117047,58.01798210810557,144.0921568118072
78.3,29.975380472696322,0.024619527303677557,follow,3.0143733517912636,57.97744406083575,
78.4,29.97784242542669,0.022157574573309802,follow,3.141896180153026,58.10865981829306,
78.5,29.980058182884022,0.019941817115977756,follow,3.182566725678498,58.15265400000453,415.2035447165472
78.6,29.98205236459562,0.01794763540437927,follow,3.1653702166513966,58.13844876354483,
78.7,29.98384712813606,0.016152871863940987,follow,3.2232933585274353,58.19906405073152,
78.8,29.985462415322452,0.014537584677547954,follow,3.2443241862155077,58.22251780919919,
78.9,29.986916173790206,0.01308382620979387,follow,3.528451931134626,58.508826191819935,
79.0,29.988224556411186,0.011775443588813772,follow,3.7406669015621716,58.72300373617895,
79.1,29.989402100770068,0.01059789922993204,follow,3.8719603749468305,58.856063526101934,
79.2,29.990461890693062,0.00953810930693777,follow,4.14732450099288,59.13301733703247,
79.3,29.991415701623755,0.008584298376245414,follow,4.293752214434306,59.28087576686994,
79.4,29.99227413146138,0.007725868538621228,follow,4.355237156531601,59.343648353723665,
79.5,29.99304671831524,0.0069532816847583945,follow,4.645773604419347,59.63534368189221,
79.6,29.993742046483717,0.006257953516282555,follow,4.846356407518307,59.83696947724388,
79.7,29.994367841835345,0.00563215816465501,follow,4.900980930307256,59.892532693060275,
79.8,29.99493105765181,0.005068942348188443,follow,5.039643000817286,60.032039587295,
79.9,29.99543795188663,0.00456204811337102,follow,5.116338864276429,60.10949579210637,
80.0,29.995894156697965,0.004105843302035339,follow,5.148065141389566,60.14190637643651,
80.1,29.99630474102817,0.0036952589718310946,follow,5.4028187907913505,60.397275902333604,
80.2,29.996674266925353,0.003325733074646564,follow,5.754597075252768,60.7496084756408,
80.3,29.997006840232817,0.0029931597671826182,follow,5.7943975312684515,60.78990779161768,
80.4,29.997306156209536,0.002693843790464001,follow,6.025217941682548,61.021177175996854,
80.5,29.99757554058858,0.002424459411418667,follow,6.143056311055162,61.13941962193803,
80.6,29.997817986529725,0.002182013470275024,follow,6.278910843490664,61.27563782328525,
80.7,29.998036187876753,0.001963812123246811,follow,6.408779922682619,61.40583420449775,
80.8,29.998232569089076,0.0017674309109239061,follow,6.515662093955399,61.51301094758901,
80.9,29.99840931218017,0.0015906878198315155,follow,6.713556048100692,61.71117001637094,
81.0,29.99856838096215,0.0014316190378487192,follow,6.830460606831814,61.82831317827504,
81.1,29.998711542865937,0.0012884571340627815,follow,7.056374709689578,62.054442023988486,
81.2,29.998840388579342,0.0011596114206575692,follow,7.2542974022613365,62.25255798513035,
81.3,29.998956349721407,0.001043650278592878,follow,7.438227825576149,62.43666235015826,
81.4,29.999060714749266,0.0009392852507339455,follow,7.56116520655948,62.55975627868338,
81.5,29.999154643274338,0.0008453567256623273,follow,7.71810884944464,62.716840814356146,
81.6,29.999239178946905,0.0007608210530953841,follow,8.008058128041107,63.00691689646146,
81.7,29.999315261052214,0.0006847389477862009,follow,8.276012478777943,63.27498537035626,
81.8,29.999383734946992,0.0006162650530079361,follow,8.403971394441086,63.403046996861576,
81.9,29.999445361452292,0.0005546385477082083,follow,8.640934418537768,63.64010246071621,
82.0,29.999500825307063,0.0004991746929370322,follow,8.943901140224867,63.94315237818546,
82.1,29.999550742776357,0.0004492572236429737,follow,9.01487118974309,64.01419730390762,
82.2,29.99959566849872,0.0004043315012793869,follow,9.304844234309442,64.30423773705752,
82.3,29.99963610164885,0.0003638983511500271,follow,9.480819974419433,64.48027412689271,
82.4,29.999672491483963,0.00032750851603680076,follow,9.779798140518203,64.77930687774415,
82.5,29.999705242335565,0.00029475766443454177,follow,9.95277849000707,64.95233635351042,
82.6,29.999734718102008,0.00026528189799179813,follow,10.026760804547138,65.02636288170015,
82.7,29.999761246291808,0.00023875370819226305,follow,10.120744887633464,65.12038675707117,
82.8,29.999785121662626,0.00021487833737410256,follow,10.382730562411098,65.38240824490504,
82.9,29.999806609496364,0.00019339050363598176,follow,10.667717669710484,65.66742758395503,
83.0,29.99982594854673,0.00017405145327131777,follow,10.84170606628009,65.84144498910018,
83.1,29.999843353692057,0.0001566463079427649,follow,11.171695623192633,66.17146065373072,
83.2,29.99985901832285,0.00014098167714848842,follow,11.27868622441428,66.27847475189856,
83.3,29.999873116490566,0.00012688350943435012,follow,11.545677765513567,66.54548744024942,
83.4,29.999885804841508,0.00011419515849198092,follow,11.703670152502944,66.7034988597652,
83.5,29.99989722435736,0.00010277564264171701,follow,11.919663300793403,66.91950913732944,
83.6,29.999907501921623,9.249807837719004e-05,follow,12.207657134255065,67.2075183871375,
83.7,29.99991675172946,8.324827053840522e-05,follow,12.409651584370451,67.40952671196465,
83.8,29.999925076556515,7.492344348491997e-05,follow,12.66164658947396,67.66153420430874,
83.9,29.999932568900864,6.743109913642797e-05,follow,13.0536420940674,68.0535409474187,
84.0,29.999939312010778,6.0687989222429906e-05,follow,13.293638048201252,68.29354701621742,
84.1,29.9999453808097,5.461919030125273e-05,follow,13.676634406921721,68.67655247813627,
84.2,29.99995084272873,4.9157271270416913e-05,follow,13.86763112976999,68.86755739386308,
84.3,29.999955758455858,4.424154414195414e-05,follow,14.227628180333632,69.22756181801742,
84.4,29.999960182610273,3.981738972669291e-05,follow,14.680625525841137,69.68056579975655,
84.5,29.999964164349247,3.583565075260253e-05,follow,14.747623136797792,69.74756938332166,
84.6,29.999967747914322,3.225208567769755e-05,follow,14.985620986658738,69.98557260853022,
84.7,29.999970973122892,2.902687710815144e-05,follow,15.362619051533642,70.36257551121798,
84.8,29.999973875810603,2.6124189396625752e-05,follow,15.665617309920904,70.6655781236368,
84.9,29.999976488229542,2.351177045767372e-05,follow,16.029615742469574,71.02958047481388,
85.0,29.999978839406587,2.116059341261689e-05,follow,16.299614331763465,71.29958259087334,
85.1,29.99998095546593,1.904453407064466e-05,follow,16.641613062127803,71.6415844953267,
85.2,29.999982859919335,1.7140080665001278e-05,follow,16.962611919455853,71.96258620933486,
85.3,29.999984573927403,1.5426072597080065e-05,follow,17.419610891050787,72.41958775194189,
85.4,29.999986116534664,1.3883465335595702e-05,follow,17.78860996548643,72.78858914028842,
85.5,29.999987504881197,1.2495118802746674e-05,follow,18.169609132478513,73.1695903898003,
85.6,29.999988754393076,1.1245606923893092e-05,follow,18.478608382771526,73.47859151436114,
85.7,29.99998987895377,1.0121046230437969e-05,follow,18.78260770803538,73.78259252646603,
85.8,29.999990891058392,9.108941608104715e-06,follow,19.095607100772504,74.0955934373601,
85.9,29.999991801952554,8.19804744622843e-06,follow,19.495606554236232,74.49559425716507,
86.0,29.999992621757297,7.378242703026672e-06,follow,19.81660606235343,74.81659499498937,
86.1,29.999993359581566,6.640418433789819e-06,follow,20.212605619658845,75.2125956590312,
86.2,29.999994023623408,5.976376591831922e-06,follow,20.792605221233615,75.79259625666873,
86.3,29.999994621261067,5.378738933359273e-06,follow,21.253604862650718,76.25359679454232,
86.4,29.99999515913496,4.84086503860226e-06,follow,21.59760453992621,76.59759727862865,
86.5,29.999995643221464,4.3567785361631195e-06,follow,22.09960424947439,77.09959771430658,
86.6,29.99999607889932,3.9211006814809934e-06,follow,22.441603988067698,77.44159810641668,
86.7,29.999996471009386,3.528990614398708e-06,follow,22.621603752801384,77.62159845931546,
86.8,29.999996823908447,3.1760915533141088e-06,follow,22.908603541061794,77.90859877692446,
86.9,29.999997141517603,2.8584823965616124e-06,follow,23.11160335049631,78.11159906277271,
87.0,29.999997427365845,2.5726341554843657e-06,follow,23.47260317898713,78.4725993200359,
87.1,29.99999768462926,2.3153707395806578e-06,follow,23.87460302462894,78.87459955157283,
87.2,29.999997916166336,2.083833663846235e-06,follow,24.44860288570682,79.44859975995632,
87.3,29.999998124549702,1.8754502981721544e-06,follow,24.88860276067691,79.88859994750146,
87.4,29.999998312094732,1.6879052679996676e-06,follow,25.276602648149677,80.27660011629177,
87.5,29.99999848088526,1.5191147397786153e-06,follow,25.77460254687547,80.77460026820336,
87.6,29.999998632796736,1.3672032643796683e-06,follow,25.964602455728553,80.96460040492366,
87.7,29.999998769517063,1.2304829368758874e-06,follow,26.40860237369629,81.40860052797188,
87.8,29.99999889256536,1.1074346417672132e-06,follow,26.910602299867058,81.9106006387151,
87.9,29.999999003308822,9.966911775904919e-07,follow,27.185602233421207,82.18560073838444,
88.0,29.99999910297794,8.970220584103572e-07,follow,27.733602173619396,82.73360082808631,
88.1,29.999999192680146,8.073198536351356e-07,follow,28.201602119798146,83.20160090881836,
88.2,29.999999273412133,7.265878672058079e-07,follow,28.595602071358563,83.59560098147676,
88.3,29.99999934607092,6.539290815510412e-07,follow,29.10060202776362,84.10060104687,
88.4,29.999999411463826,5.885361744617512e-07,follow,29.77860198852754,84.77860110572328,
88.5,29.999999470317444,5.296825555944906e-07,follow,30.244601953215074,85.24460115869124,
88.6,29.9999995232857,4.767142982586847e-07,follow,30.720601921434422,85.72060120636297,
88.7,29.999999570957133,4.290428670117308e-07,follow,31.125601892831973,86.12560124926767,
88.8,29.99999961386142,3.8613858066582907e-07,follow,31.49460186708965,86.49460128788178,
88.9,29.999999652475278,3.475247218887034e-07,follow,32.04060184392093,87.04060132263385,
89.0,29.99999968722775,3.127722507656472e-07,follow,32.41460182306909,87.41460135391071,
89.1,29.999999718504974,2.814950263996252e-07,follow,32.88860180430272,87.88860138206019,
89.2,29.999999746654478,2.533455223385772e-07,follow,33.308601787412975,88.30860140739469,
89.3,29.99999977198903,2.2801096832836265e-07,follow,33.83160177221231,88.83160143019586,
89.4,29.999999794790128,2.0520987220606912e-07,follow,34.34360175853177,89.34360145071696,
89.5,29.999999815311114,1.8468888640654768e-07,follow,34.93160174621959,89.93160146918626,
89.6,29.999999833780002,1.662199977658929e-07,follow,35.361601735138024,90.36160148580802,
89.7,29.999999850402002,1.4959799798930362e-07,follow,35.82060172516468,90.82060150076768,
89.8,29.9999998653618,1.3463819925618736e-07,follow,36.2086017161886,91.2086015142313,
89.9,29.99999987882562,1.211743807516541e-07,follow,36.65460170811044,91.65460152634887,
90.0,29.99999989094306,1.0905694125540322e-07,follow,37.19160170083984,92.19160153725443,
90.1,29.999999901848753,9.81512471298629e-08,follow,37.770601694296744,92.77060154706987,
90.2,29.999999911663878,8.83361224168766e-08,follow,38.16860168840766,93.16860155590348,
90.3,29.99999992049749,7.950250946464621e-08,follow,38.74960168310772,93.74960156385396,
90.4,29.999999928447743,7.155225745236748e-08,follow,39.37660167833775,94.37660157100936,
90.5,29.99999993560297,6.439703170713074e-08,follow,39.899601674044725,94.89960157744918,
90.6,29.99999994204267,5.7957329602231766e-08,follow,40.57060167018075,95.57060158324475,
90.7,29.999999947838404,5.2161595931465854e-08,follow,40.95960166670322,95.95960158846083,
90.8,29.999999953054562,4.694543775940474e-08,follow,41.29560166357312,96.29560159315497,
90.9,29.999999957749107,4.2250892562378795e-08,follow,41.57060166075646,96.57060159738012,
91.0,29.999999961974197,3.802580295086955e-08,follow,42.18060165822155,97.18060160118284,
91.1,29.999999965776777,3.422322336632533e-08,follow,42.69860165594014,97.6986016046053,
91.2,29.9999999691991,3.080090138496416e-08,follow,43.137601653886506,98.13760160768516,
91.3,29.999999972279188,2.772081231228185e-08,follow,43.60660165203856,98.60660161045735,
91.4,29.999999975051267,2.4948732857410505e-08,follow,43.92560165037515,98.92560161295205,
91.5,29.99999997754614,2.2453860992754926e-08,follow,44.60760164887817,99.60760161519738,
91.6,29.999999979791525,2.0208474893479433e-08,follow,45.04560164753109,100.04560161721838,
91.7,29.999999981812373,1.818762740413149e-08,follow,45.476601646318855,100.47660161903741,
91.8,29.999999983631135,1.6368865374261077e-08,follow,45.965601645227835,100.96560162067453,
91.9,29.999999985268023,1.4731977415749498e-08,follow,46.42460164424571,101.42460162214775,
92.0,29.99999998674122,1.3258780739988651e-08,follow,46.852601643361844,101.85260162347367,
92.1,29.999999988067096,1.1932904442346626e-08,follow,47.171601642566245,102.17160162466689,
92.2,29.999999989260385,1.0739615419197435e-08,follow,47.61460164185064,102.61460162574122,
92.3,29.999999990334345,9.665654943091795e-09,follow,48.19560164120617,103.19560162670768,
92.4,29.99999999130091,8.699089448782615e-09,follow,48.717601640626185,103.71760162757755,
92.5,29.99999999217082,7.829179082818882e-09,follow,49.25960164010431,104.25960162836054,
92.6,29.99999999295374,7.046260463994258e-09,follow,49.582601639634206,104.58260162906481,
92.7,29.999999993658367,6.341632996509361e-09,follow,49.85260163921161,104.85260162969917,
92.8,29.99999999429253,5.707470052129793e-09,follow,50.20460163883094,105.20460163026974,
92.9,29.999999994863277,5.1367230469168135e-09,follow,50.57060163848867,105.57060163078359,
93.0,29.99999999537695,4.623050386953764e-09,follow,51.035601638180786,106.03560163124621,
93.1,29.999999995839254,4.1607464140724915e-09,follow,51.21560163790326,106.21560163166214,
93.2,29.99999999625533,3.744670351579771e-09,follow,51.71360163765345,106.71360163203644,
93.3,29.999999996629796,3.3702036716931616e-09,follow,52.037601637428786,107.03760163237348,
93.4,29.999999996966817,3.0331825939811097e-09,follow,52.32960163722649,107.32960163267671,
93.5,29.999999997270137,2.7298625582261593e-09,follow,52.55860163704417,107.55860163294938,
93.6,29.999999997543124,2.4568755918608076e-09,follow,52.71860163688011,107.7186016331948,
93.7,29.999999997788812,2.211187677403359e-09,follow,53.12060163673263,108.12060163341584,
93.8,29.99999999800993,1.9900703307484946e-09,follow,53.442601636600244,108.44260163361514,
93.9,29.999999998208935,1.7910650740304845e-09,follow,53.6246016364807,108.6246016337941,
94.0,29.99999999838804,1.611958566627436e-09,follow,53.80160163637315,108.80160163395522,
94.1,29.99999999854924,1.450761288879221e-09,follow,54.06860163627625,109.0686016341001,
94.2,29.999999998694314,1.3056862258054025e-09,follow,54.52860163618918,109.52860163423065,
94.3,29.999999998824883,1.1751168926821265e-09,follow,54.792601636110774,109.7926016343481,
94.4,29.999999998942396,1.0576037823284423e-09,follow,54.92960163604064,109.92960163445423,
94.5,29.999999999048157,9.518430488242302e-10,follow,55.185601635976894,110.18560163454913,
94.6,29.99999999914334,8.566587439418072e-10,follow,55.43360163591966,110.43360163463467,
94.7,29.999999999229008,7.709921590048907e-10,follow,55.43860163586857,110.43860163471209,
94.8,29.999999999306105,6.93894719461241e-10,follow,55.698601635822726,110.69860163478188,
94.9,29.999999999375493,6.245066686005885e-10,follow,55.93560163578102,110.93560163484426,
95.0,29.999999999437943,5.620570675546332e-10,follow,56.2586016357436,111.25860163490051,
95.1,29.99999999949415,5.058495844423305e-10,follow,56.6886016357096,111.68860163495083,
95.2,29.999999999544734,4.55266047083569e-10,follow,57.043601635679224,112.04360163499632,
95.3,29.999999999590262,4.0973802128974057e-10,follow,57.257601635651795,112.25760163503719,
95.4,29.999999999631235,3.687645744321344e-10,follow,57.385601635627324,112.38560163507418,
95.5,29.999999999668113,3.318874064461852e-10,follow,57.86460163560503,112.86460163510719,
95.6,29.999999999701302,2.986979552588309e-10,follow,58.095601635585474,113.09560163513743,
95.7,29.999999999731173,2.688267386474763e-10,follow,58.3166016355675,113.31660163516426,
95.8,29.999999999758057,2.419433542399929e-10,follow,58.52960163555147,113.52960163518856,
95.9,29.99999999978225,2.177493740873615e-10,follow,58.75860163553682,113.7586016352102,
96.0,29.999999999804025,1.9597479194999323e-10,follow,58.94960163552352,113.94960163522956,
96.1,29.999999999823622,1.7637802329772967e-10,follow,59.094601635511836,114.09460163524727,
96.2,29.99999999984126,1.5873879988248518e-10,follow,59.23760163550133,114.23760163526322,
96.3,29.999999999857135,1.4286527516560454e-10,follow,59.42460163549151,114.42460163527721,
96.4,29.99999999987142,1.2857981346314773e-10,follow,59.55760163548263,114.55760163528976,
96.5,29.999999999884277,1.1572254265956872e-10,follow,59.66960163547479,114.6696016353012,
96.6,29.99999999989585,1.0415135420771549e-10,follow,59.85460163546784,114.85460163531161,
96.7,29.999999999906265,9.373479770147242e-11,follow,60.00060163546195,115.00060163532135,
96.8,29.999999999915637,8.43627390167967e-11,follow,60.308601635456526,115.30860163532998,126.71274906156022
96.9,29.999999999924075,7.59250440296455e-11,follow,60.2176016354517,115.21760163533781,
97.0,29.999999999931667,6.833289489804883e-11,follow,60.47560163544695,115.47560163534445,
97.1,29.9999999999385,6.150102649371547e-11,follow,60.74360163544309,115.74360163535084,226.948238528055
97.2,29.99999999994465,5.5351279115711804e-11,follow,60.692601635439395,115.69260163535637,
97.3,29.999999999950184,4.9816151204140624e-11,follow,60.800601635436266,115.80060163536155,
97.4,29.999999999955165,4.483524662646232e-11,follow,60.900601635433254,115.900601635366,5795.030094759504
97.5,29.99999999995965,4.035172196381609e-11,follow,60.898601635430666,115.89860163537014,
97.6,29.999999999963684,3.631583922469872e-11,follow,60.950601635428384,115.95060163537391,
97.7,29.999999999967315,3.268496584496461e-11,follow,60.9666016354262,115.96660163537717,
97.8,29.999999999970584,2.941646926046815e-11,follow,61.24560163542402,116.2456016353799,
97.9,29.999999999973525,2.6474822334421333e-11,follow,61.442601635422456,116.44260163538274,
98.0,29.999999999976172,2.382805064371496e-11,follow,61.665601635420714,116.66560163538497,
98.1,29.999999999978556,2.1444179765239824e-11,follow,61.83260163541933,116.83260163538716,1168.3260166043929
98.2,29.9999999999807,1.929834070324432e-11,follow,61.82260163541771,116.82260163538876,
98.3,29.99999999998263,1.736921717565565e-11,follow,61.863601635416806,116.86360163539075,
98.4,29.999999999984368,1.5631940186722204e-11,follow,61.99360163541567,116.99360163539222,354.5260655785902
98.5,29.99999999998593,1.4068746168049984e-11,follow,61.96060163541479,116.96060163539369,
98.6,29.999999999987338,1.2661871551244985e-11,follow,62.10160163541412,117.10160163539513,
98.7,29.999999999988603,1.1397105481592007e-11,follow,62.14960163541336,117.14960163539627,
98.8,29.999999999989743,1.0256684390697046e-11,follow,62.18060163541251,117.18060163539712,
98.9,29.99999999999077,9.229950137523701e-12,follow,62.305601635411875,117.30560163539803,
99.0,29.999999999991694,8.306244581035571e-12,follow,62.40160163541141,117.40160163539895,
99.1,29.999999999992525,7.474909580196254e-12,follow,62.418601635410894,117.41860163539968,
99.2,29.99999999999327,6.728839707648149e-12,follow,62.569601635410066,117.56960163539998,199.27051124871332
99.3,29.999999999993943,6.057376822354854e-12,follow,62.51060163540932,117.51060163540023,
99.4,29.99999999999455,5.4498627832799684e-12,follow,62.601601635408755,117.60160163540058,
99.5,29.999999999995094,4.906297590423492e-12,follow,62.68560163540823,117.68560163540087,3922.853388488103
99.6,29.999999999995584,4.416023102749023e-12,follow,62.68260163540779,117.68260163540117,
99.7,29.999999999996025,3.9754866065777605e-12,follow,62.73260163540777,117.7326016354018,120.13530779171363
99.8,29.999999999996422,3.5775826745521044e-12,follow,62.63460163540767,117.6346016354023,
99.9,29.99999999999678,3.218758592993254e-12,follow,62.72760163540744,117.7276016354026,981.0633469879953
100.0,29.999999999997105,2.8954616482224083e-12,follow,62.71560163540723,117.71560163540289,250.45872688537952
100.1,29.999999999997392,2.6076918402395677e-12,follow,62.66860163540723,117.66860163540332,
100.2,29.99999999999765,2.348343741687131e-12,follow,62.75760163540724,117.75760163540372,161.3117830627157
100.3,29.999999999997886,2.113864638886298e-12,follow,62.68460163540702,117.68460163540385,83.46425647913495
100.4,29.999999999998096,1.9042545318370685e-12,follow,62.54360163540663,117.54360163540377,73.92679348147456
100.5,29.999999999998288,1.7124079931818414e-12,follow,62.38460163540624,117.38460163540367,
100.6,29.999999999998458,1.5418777365994174e-12,follow,62.41360163540598,117.41360163540367,81.53722335800644
100.7,29.99999999999861,1.3891110484109959e-12,follow,62.26960163540597,117.26960163540389,
100.8,29.99999999999875,1.2505552149377763e-12,follow,62.39060163540586,117.39060163540398,52.173600726875215
100.9,29.999999999998874,1.1262102361797588e-12,follow,62.165601635405764,117.16560163540407,
101.0,29.999999999998987,1.0125233984581428e-12,follow,62.27060163540561,117.27060163540409,378.29226334125036
101.1,29.99999999999909,9.094947017729282e-13,follow,62.239601635405506,117.23960163540414,183.18687755557914
101.2,29.999999999999183,8.171241461241152e-13,follow,62.17560163540551,117.17560163540429,108.49592744027142
101.3,29.999999999999265,7.354117315117037e-13,follow,62.06760163540522,117.06760163540412,390.22533878563604
101.4,29.99999999999934,6.608047442568932e-13,follow,62.03760163540491,117.03760163540392,160.32548169247917
101.5,29.999999999999407,5.933031843596837e-13,follow,61.96460163540494,116.96460163540405,
101.6,29.999999999999467,5.329070518200751e-13,follow,61.98660163540478,116.98660163540399,167.1237166221331
101.7,29.99999999999952,4.796163466380676e-13,follow,61.91660163540454,116.91660163540382,162.3841689381693
101.8,29.999999999999567,4.334310688136611e-13,follow,61.84460163540436,116.8446016354037,95.77426363561092
101.9,29.99999999999961,3.907985046680551e-13,follow,61.722601635404445,116.72260163540386,116.72260163544948
102.0,29.99999999999965,3.517186542012496e-13,follow,61.62260163540448,116.62260163540395,159.75698854172612
102.1,29.999999999999684,3.161915174132446e-13,follow,61.549601635404564,116.54960163540409,45.885669935204184
102.2,29.999999999999716,2.8421709430404007e-13,follow,61.29560163540461,116.29560163540418,51.231542570669056
102.3,29.999999999999744,2.5579538487363607e-13,follow,61.068601635404704,116.06860163540432,227.58549340286703
102.4,29.99999999999977,2.3092638912203256e-13,follow,61.01760163540474,116.01760163540439,110.4929539385046
102.5,29.999999999999794,2.0605739337042905e-13,follow,60.912601635404684,115.91260163540437,82.20751889036971
102.6,29.999999999999815,1.8474111129762605e-13,follow,60.77160163540457,115.7716016354043,90.44656377767258
102.7,29.999999999999833,1.6697754290362354e-13,follow,60.64360163540439,115.64360163540414,110.1367634623071
102.8,29.99999999999985,1.4921397450962104e-13,follow,60.53860163540435,115.53860163540412,62.11752776097496
102.9,29.999999999999865,1.3500311979441904e-13,follow,60.35260163540417,115.35260163540397,54.41160454500531
103.0,29.99999999999988,1.2079226507921703e-13,follow,60.14060163540417,115.14060163540398,86.57188092888315
103.1,29.99999999999989,1.1013412404281553e-13,follow,60.007601635404335,115.00760163540417,48.12033541230521
103.2,29.9999999999999,9.947598300641403e-14,follow,59.76860163540429,114.76860163540414,91.81488130833061
103.3,29.99999999999991,8.881784197001252e-14,follow,59.64360163540427,114.64360163540414,36.981806979163665
103.4,29.999999999999922,7.815970093361102e-14,follow,59.33360163540431,114.3336016354042,137.75132727158459
103.5,29.99999999999993,7.105427357601002e-14,follow,59.250601635404216,114.25060163540411,84.63007528548889
103.6,29.999999999999936,6.394884621840902e-14,follow,59.11560163540399,114.11560163540389,72.225064326208
103.7,29.999999999999943,5.684341886080802e-14,follow,58.957601635404075,113.95760163540399,111.72313885824548
103.8,29.99999999999995,4.973799150320701e-14,follow,58.8556016354042,113.85560163540413,227.7112032708309
103.9,29.999999999999954,4.618527782440651e-14,follow,58.80560163540402,113.80560163540395,103.45963785037144
104.0,29.999999999999957,4.263256414560601e-14,follow,58.69560163540388,113.69560163540382,32.0269300381423
104.1,29.99999999999996,3.907985046680551e-14,follow,58.34060163540386,113.3406016354038,36.32711590878371
104.2,29.999999999999964,3.552713678800501e-14,follow,58.02860163540396,113.0286016354039,43.140687647101295
104.3,29.999999999999968,3.197442310920451e-14,follow,57.76660163540378,112.76660163540373,52.94206649549553
104.4,29.99999999999997,2.842170943040401e-14,follow,57.55360163540358,112.55360163540354,63.58960544373185
104.5,29.999999999999975,2.4868995751603507e-14,follow,57.37660163540344,112.3766016354034,39.43038653873836
104.6,29.99999999999998,2.1316282072803006e-14,follow,57.09160163540358,112.09160163540355,52.37925310065637
104.7,29.999999999999982,1.7763568394002505e-14,follow,56.877601635403636,111.87760163540361,37.54281934073968
104.8,29.999999999999986,1.4210854715202004e-14,follow,56.579601635403854,111.57960163540383,38.34350571663381
104.9,29.999999999999986,1.4210854715202004e-14,follow,56.28860163540369,111.28860163540367,30.82786748903161
105.0,29.999999999999986,1.4210854715202004e-14,follow,55.92760163540381,110.92760163540379,34.02687166730191
105.1,29.999999999999986,1.4210854715202004e-14,follow,55.60160163540379,110.60160163540377,30.21901684027437
105.2,29.999999999999986,1.4210854715202004e-14,follow,55.2356016354038,110.23560163540378,32.42223577511891
105.3,29.999999999999986,1.4210854715202004e-14,follow,54.89560163540366,109.89560163540364,61.39419085776791
105.4,29.999999999999986,1.4210854715202004e-14,follow,54.71660163540357,109.71660163540355,31.527759090633328
105.5,29.999999999999986,1.4210854715202004e-14,follow,54.368601635403614,109.36860163540359,182.28100272567653
105.6,29.999999999999986,1.4210854715202004e-14,follow,54.30860163540367,109.30860163540365,45.54525068141848
105.7,29.999999999999986,1.4210854715202004e-14,follow,54.06860163540389,109.06860163540387,40.39577838348313
105.8,29.999999999999986,1.4210854715202004e-14,follow,53.798601635403905,108.79860163540388,30.221833787612297
105.9,29.999999999999986,1.4210854715202004e-14,follow,53.43860163540378,108.43860163540376,45.562437661934645
106.0,29.999999999999986,1.4210854715202004e-14,follow,53.20060163540395,108.20060163540393,31.18172957792634
106.1,29.999999999999986,1.4210854715202004e-14,follow,52.85360163540374,107.85360163540372,36.56054292725568
106.2,29.999999999999986,1.4210854715202004e-14,follow,52.55860163540367,107.55860163540365,104.42582683049031
106.3,29.999999999999986,1.4210854715202004e-14,follow,52.4556016354036,107.45560163540358,33.267988122416114
106.4,29.999999999999986,1.4210854715202004e-14,follow,52.13260163540374,107.13260163540372,46.987983173422954
106.5,29.999999999999986,1.4210854715202004e-14,follow,51.90460163540367,106.90460163540365,28.058950560473512
106.6,29.999999999999986,1.4210854715202004e-14,follow,51.523601635403814,106.5236016354038,31.989069560181473
106.7,29.999999999999986,1.4210854715202004e-14,follow,51.19060163540373,106.19060163540371,55.0210371167899
106.8,29.999999999999986,1.4210854715202004e-14,follow,50.99760163540352,105.9976016354035,27.178872214206134
106.9,29.999999999999986,1.4210854715202004e-14,follow,50.60760163540365,105.60760163540363,52.54109534099716
107.0,29.999999999999986,1.4210854715202004e-14,follow,50.406601635403625,105.4066016354036,35.85258559027349
107.1,29.999999999999986,1.4210854715202004e-14,follow,50.112601635403756,105.11260163540373,26.278150408851026
107.2,29.999999999999986,1.4210854715202004e-14,follow,49.712601635403665,104.71260163540364,33.77825859206583
107.3,29.999999999999986,1.4210854715202004e-14,follow,49.40260163540372,104.4026016354037,36.250903345626476
107.4,29.999999999999986,1.4210854715202004e-14,follow,49.11460163540371,104.11460163540369,32.434455338132125
107.5,29.999999999999986,1.4210854715202004e-14,follow,48.793601635403796,103.79360163540377,20.80032096901886
107.6,29.999999999999986,1.4210854715202004e-14,follow,48.294601635404,103.29460163540398,23.63720861222066
107.7,29.999999999999986,1.4210854715202004e-14,follow,47.8576016354041,102.85760163540408,25.459802385001105
107.8,29.999999999999986,1.4210854715202004e-14,follow,47.453601635404105,102.45360163540408,25.872121625102128
107.9,29.999999999999986,1.4210854715202004e-14,follow,47.05760163540392,102.0576016354039,29.496416657631297
108.0,29.999999999999986,1.4210854715202004e-14,follow,46.711601635403916,101.7116016354039,26.350155864094376
108.1,29.999999999999986,1.4210854715202004e-14,follow,46.32560163540395,101.32560163540393,19.906797963733638
108.2,29.999999999999986,1.4210854715202004e-14,follow,45.816601635403934,100.81660163540391,26.53068464089586
108.3,29.999999999999986,1.4210854715202004e-14,follow,45.436601635403825,100.4366016354038,27.292554792229403
108.4,29.999999999999986,1.4210854715202004e-14,follow,45.06860163540389,100.06860163540387,26.543395659258422
108.5,29.999999999999986,1.4210854715202004e-14,follow,44.691601635403934,99.69160163540391,29.14959112146324
108.6,29.999999999999986,1.4210854715202004e-14,follow,44.349601635403836,99.34960163540381,27.14469990038366
108.7,29.999999999999986,1.4210854715202004e-14,follow,43.98360163540385,98.98360163540383,24.745900408851046
108.8,29.999999999999986,1.4210854715202004e-14,follow,43.58360163540376,98.58360163540374,22.153618345034623
108.9,29.999999999999986,1.4210854715202004e-14,follow,43.138601635403596,98.13860163540357,17.157098188007662
109.0,29.999999999999986,1.4210854715202004e-14,follow,42.56660163540348,97.56660163540346,23.397266579233513
109.1,29.999999999999986,1.4210854715202004e-14,follow,42.14960163540356,97.14960163540354,22.12974980305327
109.2,29.999999999999986,1.4210854715202004e-14,follow,41.71060163540371,96.71060163540369,22.029749803053303
109.3,29.999999999999986,1.4210854715202004e-14,follow,41.27160163540386,96.27160163540384,17.130178226940224
109.4,29.999999999999986,1.4210854715202004e-14,follow,40.70960163540396,95.70960163540394,17.33869594844279
109.5,29.999999999999986,1.4210854715202004e-14,follow,40.15760163540383,95.15760163540381,24.09053205959599
109.6,29.999999999999986,1.4210854715202004e-14,follow,39.76260163540385,94.76260163540383,19.61958625991804
109.7,29.999999999999986,1.4210854715202004e-14,follow,39.27960163540367,94.27960163540365,21.723410515070036
109.8,29.999999999999986,1.4210854715202004e-14,follow,38.845601635403476,93.84560163540345,19.230656072828637
109.9,29.999999999999986,1.4210854715202004e-14,follow,38.35760163540365,93.35760163540363,18.936633191765498
110.0,29.999999999999986,1.4210854715202004e-14,follow,37.86460163540371,92.86460163540369,21.59641898497767
110.1,29.999999999999986,1.4210854715202004e-14,follow,37.43460163540387,92.43460163540385,16.991654712390453
110.2,29.999999999999986,1.4210854715202004e-14,follow,36.890601635404,91.89060163540398,18.26850927145213
110.3,29.999999999999986,1.4210854715202004e-14,follow,36.38760163540385,91.38760163540383,16.64619337621204
110.4,29.999999999999986,1.4210854715202004e-14,follow,35.83860163540387,90.83860163540385,16.456268412210886
110.5,29.999999999999986,1.4210854715202004e-14,follow,35.286601635403734,90.28660163540371,16.475657232737944
110.6,29.999999999999986,1.4210854715202004e-14,follow,34.73860163540396,89.73860163540394,17.458871913502758
110.7,29.999999999999986,1.4210854715202004e-14,follow,34.224601635403836,89.22460163540381,15.653438883404219
110.8,29.999999999999986,1.4210854715202004e-14,follow,33.65460163540367,88.65460163540365,19.833244213736904
110.9,29.999999999999986,1.4210854715202004e-14,follow,33.207601635403556,88.20760163540353,14.436596012341038
111.0,29.999999999999986,1.4210854715202004e-14,follow,32.59660163540368,87.59660163540366,15.531312346702814
111.1,29.999999999999986,1.4210854715202004e-14,follow,32.03260163540383,87.03260163540381,14.826678302453834
111.2,29.999999999999986,1.4210854715202004e-14,follow,31.44560163540384,86.44560163540382,19.040881417489892
111.3,29.999999999999986,1.4210854715202004e-14,follow,30.99160163540366,85.99160163540364,15.606461276842802
111.4,29.999999999999986,1.4210854715202004e-14,follow,30.44060163540373,85.44060163540371,17.260727603111913
111.5,29.999999999999986,1.4210854715202004e-14,follow,29.94560163540384,84.94560163540382,12.437130546911277
111.6,29.999999999999986,1.4210854715202004e-14,follow,29.262601635403847,84.26260163540383,15.020071592763644
111.7,29.999999999999986,1.4210854715202004e-14,follow,28.701601635403698,83.70160163540368,16.06556653270708
111.8,29.999999999999986,1.4210854715202004e-14,follow,28.180601635403512,83.18060163540349,14.243253704692414
111.9,29.999999999999986,1.4210854715202004e-14,follow,27.59660163540368,82.59660163540366,15.945289891004611
112.0,29.999999999999986,1.4210854715202004e-14,follow,27.07860163540365,82.07860163540363,12.885180790487253
112.1,29.999999999999986,1.4210854715202004e-14,follow,26.44160163540348,81.44160163540346,16.15904794353248
112.2,29.999999999999986,1.4210854715202004e-14,follow,25.937601635403574,80.93760163540355,18.188225086607602
112.3,29.999999999999986,1.4210854715202004e-14,follow,25.49260163540341,80.49260163540339,12.557348149048918
112.4,29.999999999999986,1.4210854715202004e-14,follow,24.851601635403334,79.85160163540331,12.247178164939186
112.5,29.999999999999986,1.4210854715202004e-14,follow,24.19960163540329,79.19960163540327,15.201459047102395
112.6,29.999999999999986,1.4210854715202004e-14,follow,23.678601635403105,78.67860163540308,15.188919234633842
112.7,29.999999999999986,1.4210854715202004e-14,follow,23.160601635403076,78.16060163540305,11.631041910030243
112.8,29.999999999999986,1.4210854715202004e-14,follow,22.48860163540305,77.48860163540303,11.565462930657194
112.9,29.999999999999986,1.4210854715202004e-14,follow,21.818601635402977,76.81860163540296,11.551669418857614
113.0,29.999999999999986,1.4210854715202004e-14,follow,21.153601635403014,76.15360163540299,10.221959951060825
113.1,29.999999999999986,1.4210854715202004e-14,follow,20.408601635403123,75.4086016354031,10.473416893806007
113.2,29.999999999999986,1.4210854715202004e-14,follow,19.688601635403323,74.6886016354033,10.23131529252102
113.3,29.999999999999986,1.4210854715202004e-14,follow,18.958601635403305,73.95860163540328,10.28631455290729
113.4,29.999999999999986,1.4210854715202004e-14,follow,18.239601635403254,73.23960163540323,10.898750243363601
113.5,29.999999999999986,1.4210854715202004e-14,follow,17.56760163540323,72.56760163540321,11.011775665463333
113.6,29.999999999999986,1.4210854715202004e-14,follow,16.908601635403123,71.9086016354031,12.571433852343233
113.7,29.999999999999986,1.4210854715202004e-14,follow,16.336601635403007,71.33660163540299,9.461087750053466
113.8,29.999999999999986,1.4210854715202004e-14,follow,15.582601635403101,70.58260163540308,11.347685150386376
113.9,29.999999999999986,1.4210854715202004e-14,follow,14.960601635403258,69.96060163540324,9.853605864141318
114.0,29.999999999999986,-0.7525092918977805,follow,14.250601635403221,69.2506016354032,9.850725694936463
114.1,29.924749070810208,0.07525092918979226,follow,13.668003122106882,68.5551267283222,10.523064815418335
114.2,29.932274163729186,-1.434562581710491,follow,13.004488066355336,67.90289931194911,8.702962480812664
114.3,29.788817905558137,0.2111820944418632,follow,12.453790663056111,67.13701752139332,10.052230569951853
114.4,29.809936115002323,-1.7162231999486295,follow,11.752119737389734,66.46702390989321,9.632991204857095
114.5,29.63831379500746,0.3616862049925409,follow,11.336721837881406,65.79419253039259,10.047501477488014
114.6,29.674482415506713,-2.3070962903507635,follow,10.624020665581966,65.13574428884203,9.614866537958243
114.7,29.443772786471637,0.5562272135283628,follow,10.31570783048739,64.48136701019484,12.584743644457815
114.8,29.499395507824474,-1.6349214990904386,follow,9.714334197675576,63.96342745941229,8.726971738819161
114.9,29.33590335791543,0.26876321286713534,follow,9.242982086747787,63.246837123620935,8.850782603092888
115.0,29.362779679202145,-4.535423183402568,follow,8.485389636897338,62.529559155700554,8.585946837616111
115.1,28.909237360861887,1.0907626391381129,follow,8.482779378321524,61.84663541961436,9.056155490224308
115.2,29.018313624775697,-6.219119897103081,follow,7.625333619973475,61.15280405713702,8.676231977274297
115.3,28.396401635065388,1.6035983649346122,follow,7.915561441032679,60.51016389363076,11.533650700548508
115.4,28.55676147155885,-3.57058399333674,follow,7.134345539136618,59.9694877464749,11.300580979167126
115.5,28.199703072225176,1.8002969277748235,follow,7.17496283091463,59.474517439252395,9.396099115648473
115.6,28.379732765002657,-7.522726910573709,follow,6.253945015248128,58.823544162752114,8.740843985463794
115.7,27.627460073945286,2.3725399260547135,follow,6.784608044439622,58.22579815535755,11.267779009834312
115.8,27.864714066550757,-6.7329678755404565,follow,5.88825564887653,57.685326748702664,9.403099496230677
115.9,27.19141727899671,2.8085827210032903,follow,6.3520591023078055,57.13918502080287,12.102125621259386
116.0,27.472275551097038,-6.539754068518857,follow,5.430544139047228,56.63895746569278,10.60202846595248
116.1,26.818300144245153,3.0,follow,5.942677234900671,56.1701274512684,9.571788434569518
116.2,27.118300144245154,-7.846361773738508,follow,4.875847220476146,55.55329743684388,13.232331069276675
116.3,26.333663966871303,3.0,follow,5.711435089849786,55.21193104015674,16.712332608223647
116.4,26.633663966871303,-5.015793091694405,follow,4.901068693162415,54.85156464346937,10.480528553356809
116.5,26.132084657701864,3.0,follow,5.1802291911462675,54.37835617769906,11.739499641329534
116.6,26.432084657701864,-6.643218452712169,follow,4.23702072537597,53.88514771192877,11.86352782318962
116.7,25.767762812430647,3.0,follow,4.845727212039719,53.49737143068569,13.725147990040142
116.8,26.067762812430647,-5.162655729939026,follow,3.975950930796486,53.07759514944246,13.145297932319826
116.9,25.551497239436745,3.0,follow,4.398199566343827,52.72544542549895,19.517119860722893
117.0,25.851497239436746,-3.9511145920070447,follow,3.648049842399999,52.425295701555115,11.75060588139548
117.1,25.45638578023604,3.0,follow,3.834078453177682,52.01865712353174,11.517762134308443
117.2,25.75638578023604,-7.827099016629678,follow,2.9024398751540303,51.53701854550809,9.82333757072462
117.3,24.973675878573072,3.0,follow,3.630137139791117,51.09065095765072,12.48038498237416
117.4,25.273675878573073,-6.01733688006663,follow,2.740769551933809,50.65128336979342,12.682872849433883
117.5,24.67194219056641,3.0,follow,3.304175864887327,50.31208915073694,22.047924508661115
117.6,24.97194219056641,-3.476856518597671,follow,2.59598164583052,50.053894931680134,12.202486677358207
117.7,24.624256538706643,3.0,follow,2.7420844697496918,49.678469277809654,14.899414217563447
117.8,24.924256538706643,-5.118501357951708,follow,1.9286588158789257,49.31504362393889,12.861696426961991
117.9,24.412406402911472,3.0,follow,2.364193379280408,48.982802983647616,18.75007002320057
118.0,24.712406402911473,-2.4743367692355527,follow,1.622952738989298,48.69156234335651,22.941677087179176
118.1,24.464972725987916,3.0,follow,1.8066059817759879,48.50406507075786,12.614930853194902
118.2,24.764972725987917,-6.714525363021423,follow,0.9421087091770204,48.089567798158896,11.518534599954672
118.3,24.093520189685776,3.0,follow,1.5989354946618803,47.739215779190545,18.407111681276135
118.4,24.393520189685777,-3.8656815276243535,follow,0.8595834756932206,47.44986376022189,14.999070944742398
118.5,24.00695203692334,3.0,follow,1.1617405011444006,47.172168556529414,22.388819360791974
118.6,24.30695203692334,-3.412550563356497,follow,0.4710452974521928,46.9314733528372,14.454008811693821
118.7,23.96569698058769,3.0,follow,0.6923581838973334,46.64090365477887,13.19143125410775
118.8,24.26569698058769,-5.910210640322223,follow,-0.14121151416130573,46.25733395672023,14.03567567928274
118.9,23.67467591655547,3.0,follow,0.47485249023179676,45.986866365065,18.811027692316856
119.0,23.97467591655547,-4.006724631442317,follow,-0.2496151014237995,45.712398773409404,15.367186226572928
119.1,23.574003453411237,3.0,follow,0.09399324795153774,45.45499842806839,16.15314237548864
119.2,23.874003453411238,-4.6192835198732105,follow,-0.6674070973895638,45.143598082727294,15.985673823520427
119.3,23.412075101423916,3.0,follow,-0.21072207955090505,44.90739057258497,19.09266865900608
119.4,23.712075101423917,-3.8044058770574445,follow,-0.9259295896932187,44.642183062442655,17.3564850566488
119.5,23.33163451371817,3.0,follow,-0.5744321595065713,44.423019611070686,16.504105362249053
119.6,23.631634513718172,-5.473276235050339,follow,-1.3235956108784706,44.12385615969879,12.49389085657235
119.7,23.08430689021314,3.0,follow,-0.801034864642105,43.8254254706776,15.408121261975888
119.8,23.38430689021314,-4.847312047929272,follow,-1.5654655536633726,43.510994781656336,17.034364566125262
119.9,22.899575685420213,3.0,follow,-1.0453263150158207,43.3040372131145,12.966927925056325
120.0,23.199575685420214,-8.0,emergency,-1.859283883557815,42.940079644572506,2.3672041942571918
120.1,22.399575685420213,-8.0,emergency,-2.393241452100149,41.20612207603017,2.2956599530929527
120.2,21.599575685420213,-8.0,emergency,-2.9081990206418027,39.49116450748852,2.243870262179313
120.3,20.799575685420212,-8.0,emergency,-3.3881565891835947,37.811206938946725,2.2022213962488686
120.4,19.99957568542021,-8.0,emergency,-3.8251141577257215,36.174249370404596,2.130456616855638
120.5,19.19957568542021,-8.0,emergency,-4.243071726267615,34.5562918018627,2.069291606734208
120.6,18.39957568542021,-8.0,emergency,-4.633029294809717,32.966334233320595,2.0004358645281464
120.7,17.59957568542021,-8.0,emergency,-5.000986863351891,31.398376664778425,1.9539020369570748
120.8,16.79957568542021,-8.0,emergency,-5.32794443189389,29.871419096236423,1.893043240943202
120.9,15.999575685420208,-8.0,emergency,-5.625902000435893,28.373461527694417,1.8341460751529135
121.0,15.199575685420207,-8.0,emergency,-5.892859568977954,26.90650395915236,1.7702141504490625
121.1,14.399575685420206,-8.0,emergency,-6.1328171375199645,25.466546390610347,1.768562278984069
121.2,13.599575685420206,-8.0,emergency,-6.292774706062048,24.10658882206826,1.7725986001101772
121.3,12.799575685420205,-8.0,emergency,-6.372732274604203,22.826631253526102,1.7833896852946116
121.4,11.999575685420204,-8.0,emergency,-6.372689843146436,21.62667368498387,1.8022865351198076
121.5,11.199575685420204,-8.0,emergency,-6.292647411688286,20.50671611644202,1.9165915284272006
121.6,10.399575685420203,-8.0,emergency,-6.082604980230023,19.51675854790028,2.0807720095736864
121.7,9.599575685420202,-8.0,emergency,-5.740562548772154,18.658800979358148,2.4584774897498227
121.8,8.799575685420201,-8.0,follow,-5.2195201173142,17.979843410816102,3.078964017147132
121.9,7.999575685420202,3.0,follow,-4.52347768585652,17.475885842273783,4.391394265046754
122.0,8.299575685420201,-8.0,follow,-5.401435254398361,17.04792827373194,5.430010288619701
122.1,7.499575685420202,3.0,follow,-4.435392822940244,16.81397070519006,10.010844316898698
122.2,7.799575685420201,-3.089851556413268,follow,-5.083350391482522,16.61601313664778,21.591135805668237
122.3,7.490590529778874,3.0,follow,-4.665931710998386,16.569954083669927,
122.4,7.790590529778874,2.2174243929584323,follow,-5.111990763976507,16.5738950306918,
122.5,8.012332969074718,3.0,follow,-5.313837719827898,16.704661733784178,
122.6,8.312332969074719,3.0,follow,-5.641071016735335,16.827428436876744,
122.7,8.61233296907472,3.0,follow,-5.870304313642812,17.048195139969266,
122.8,8.91233296907472,3.0,follow,-5.997537610550431,17.37096184306165,
122.9,9.21233296907472,3.0,follow,-6.059770907457537,17.758728546154543,
123.0,9.512332969074722,3.0,follow,-6.164004204365018,18.104495249247066,
123.1,9.812332969074722,3.0,follow,-6.267237501272291,18.45126195233979,
123.2,10.112332969074723,3.0,follow,-6.249470798179928,18.919028655432157,
123.3,10.412332969074724,3.0,follow,-6.353704095087405,19.26479535852468,
123.4,10.712332969074724,3.0,follow,-6.473937391994962,19.594562061617125,
123.5,11.012332969074725,3.0,follow,-6.455170688902392,20.063328764709695,
123.6,11.312332969074726,3.0,follow,-6.460403985809712,20.508095467802377,
123.7,11.612332969074727,3.0,follow,-6.472637282717091,20.945862170894998,
123.8,11.912332969074727,3.0,follow,-6.377870579624503,21.49062887398759,
123.9,12.212332969074728,3.0,follow,-6.286103876532067,22.032395577080024,
124.0,12.512332969074729,3.0,follow,-6.217337173439773,22.55116228017232,
124.1,12.81233296907473,3.0,follow,-6.169570470347207,23.048928983264886,
124.2,13.11233296907473,3.0,follow,-5.980803767255022,23.687695686357074,
124.3,13.41233296907473,3.0,follow,-5.784037064162568,24.334462389449527,
124.4,13.712332969074732,3.0,follow,-5.611270361070005,24.957229092542093,
124.5,14.012332969074732,3.0,follow,-5.298503657977111,25.719995795634986,
124.6,14.312332969074733,3.0,follow,-5.146736954884734,26.321762498727367,
124.7,14.612332969074734,3.0,follow,-5.005970251791865,26.912529201820234,
124.8,14.912332969074734,3.0,follow,-4.7932035486993385,27.575295904912764,
124.9,15.212332969074735,3.0,follow,-4.517436845607165,28.30106260800494,
125.0,15.512332969074736,3.0,follow,-4.201670142514573,29.066829311097536,
125.1,15.812332969074737,3.0,follow,-3.899903439422097,29.818596014190007,
125.2,16.112332969074735,3.0,follow,-3.5361367363292686,30.63236271728283,
125.3,16.412332969074736,3.0,follow,-3.2693700332366546,31.349129420375448,
125.4,16.712332969074737,3.0,follow,-2.782603330143786,32.28589612346832,
125.5,17.012332969074738,3.0,follow,-2.389836627051423,33.128662826560685,
125.6,17.31233296907474,3.0,follow,-1.8840699239587764,34.084429529653335,
125.7,17.61233296907474,3.0,follow,-1.4183032208660862,35.00019623274602,
125.8,17.91233296907474,3.0,follow,-0.9225365177736577,35.94596293583845,
125.9,18.21233296907474,3.0,follow,-0.39676981468102923,36.92172963893108,
126.0,18.51233296907474,3.0,follow,0.13999688841157365,37.90849634202368,
126.1,18.812332969074742,3.0,follow,0.7137635915044314,38.93226304511654,
126.2,19.112332969074743,3.0,follow,1.3685302945969653,40.03702974820908,
126.3,19.412332969074743,3.0,follow,1.9442969976897757,41.06279645130189,
126.4,19.712332969074744,3.0,follow,2.5870637007821387,42.15556315439426,
126.5,20.012332969074745,3.0,follow,3.127830403874647,43.14632985748676,
126.6,20.312332969074745,3.0,follow,3.7765971069673228,44.24509656057944,
126.7,20.612332969074746,3.0,follow,4.20436381005954,45.12286326367166,
126.8,20.912332969074747,3.0,follow,4.825130513151976,46.19362996676409,
126.9,21.212332969074748,3.0,follow,5.2498972162444915,47.06839666985661,
127.0,21.51233296907475,3.0,follow,5.519663919337262,47.788163372949384,
127.1,21.81233296907475,3.0,follow,5.900430622429909,48.618930076042034,
127.2,22.11233296907475,3.0,follow,6.17819732552249,49.34669677913462,
127.3,22.41233296907475,3.0,follow,6.562964028615049,50.18146348222717,
127.4,22.71233296907475,3.0,follow,6.782730731707183,50.85123018531931,
127.5,23.012332969074752,3.0,follow,6.991497434799804,51.50999688841193,
127.6,23.312332969074752,3.0,follow,7.040264137892123,52.00876359150425,
127.7,23.612332969074753,3.0,follow,7.188030840984595,52.60653029459672,
127.8,23.912332969074754,3.0,follow,7.128797544077187,52.99729699768932,
127.9,24.212332969074755,3.0,follow,7.114564247169852,53.433063700781986,
128.0,24.512332969074755,3.0,follow,7.281330950262557,54.049830403874694,
128.1,24.812332969074756,3.0,follow,7.4210976533552255,54.63959710696736,
128.2,25.112332969074757,3.0,follow,7.497864356447785,55.16636381005992,
128.3,25.412332969074757,3.0,follow,7.419631059540144,55.53813051315228,
128.4,25.712332969074758,3.0,follow,7.394397762632849,55.96289721624498,
128.5,26.01233296907476,3.0,follow,7.343164465725252,56.36166391933739,
128.6,26.31233296907476,3.0,follow,7.157931168818095,56.626430622430235,
128.7,26.61233296907476,3.0,follow,7.181697871910771,57.10019732552291,
128.8,26.91233296907476,3.0,follow,7.119464575003661,57.48796402861581,
128.9,27.21233296907476,2.7876670309252383,follow,6.928231278096199,57.74673073170834,
129.0,27.491099672167287,2.5089003278327127,follow,6.762971256240803,57.99962076449174,
129.1,27.74198970495056,2.2580102950494414,follow,6.63143723657064,58.24442179399648,
129.2,27.9677907344555,2.0322092655444983,follow,6.311956618867455,58.263642720550706,
129.3,28.171011661009953,1.8289883389900474,follow,6.168024062934734,58.42454155444966,
129.4,28.35391049490896,1.646089505091041,follow,5.997284762595392,58.52815050495883,
129.5,28.518519445418065,1.4814805545819354,follow,5.808519392289611,58.58629856041671,
129.6,28.666667500876258,1.3333324991237419,follow,5.694630559014769,58.694631810329156,
129.7,28.800000750788634,1.1999992492113662,follow,5.776630609067112,58.976631735250066,
129.8,28.92000067570977,1.079999324290231,follow,5.7626306541142185,59.14263166767887,
129.9,29.028000608138793,0.9719993918612069,follow,5.6468306946570905,59.18883160686528,
130.0,29.125200547324916,0.8747994526750844,cruise,,,
130.1,29.212680492592423,0.7873195074075774,cruise,,,
130.2,29.29141244333318,0.7085875566668207,cruise,,,
130.3,29.36227119899986,0.6377288010001401,cruise,,,
130.4,29.426044079099874,0.5739559209001257,cruise,,,
130.5,29.48343967118989,0.5165603288101117,cruise,,,
130.6,29.535095704070898,0.4649042959291023,cruise,,,
130.7,29.58158613366381,0.4184138663361914,cruise,,,
130.8,29.623427520297426,0.376572479702574,cruise,,,
130.9,29.661084768267685,0.3389152317323152,cruise,,,
131.0,29.694976291440916,0.3050237085590837,cruise,,,
131.1,29.725478662296826,0.2745213377031739,cruise,,,
131.2,29.752930796067144,0.24706920393285614,cruise,,,
131.3,29.77763771646043,0.22236228353957088,cruise,,,
131.4,29.799873944814387,0.20012605518561344,cruise,,,
131.5,29.81988655033295,0.18011344966705067,cruise,,,
131.6,29.837897895299655,0.16210210470034525,cruise,,,
131.7,29.85410810576969,0.14589189423031002,cruise,,,
131.8,29.86869729519272,0.131302704807279,cruise,,,
131.9,29.881827565673447,0.11817243432655289,cruise,,,
132.0,29.893644809106103,0.10635519089389689,cruise,,,
132.1,29.904280328195494,0.09571967180450613,cruise,,,
132.2,29.913852295375946,0.08614770462405374,cruise,,,
132.3,29.92246706583835,0.07753293416164908,cruise,,,
132.4,29.930220359254516,0.06977964074548382,cruise,,,
132.5,29.937198323329063,0.0628016766709365,cruise,,,
132.6,29.943478490996156,0.05652150900384356,cruise,,,
132.7,29.94913064189654,0.050869358103458495,cruise,,,
132.8,29.95421757770689,0.04578242229311158,cruise,,,
132.9,29.9587958199362,0.04120418006380078,cruise,,,
133.0,29.96291623794258,0.0370837620574207,cruise,,,
133.1,29.966624614148323,0.03337538585167721,cruise,,,
133.2,29.96996215273349,0.030037847266509488,cruise,,,
133.3,29.972965937460142,0.027034062539858184,cruise,,,
133.4,29.975669343714127,0.02433065628587272,cruise,,,
133.5,29.978102409342714,0.021897590657285804,cruise,,,
133.6,29.980292168408443,0.019707831591556868,cruise,,,
133.7,29.9822629515676,0.017737048432401537,cruise,,,
133.8,29.98403665641084,0.015963343589159962,cruise,,,
133.9,29.985632990769755,0.014367009230245031,cruise,,,
134.0,29.98706969169278,0.012930308307218752,cruise,,,
134.1,29.988362722523505,0.011637277476495456,cruise,,,
134.2,29.989526450271153,0.01047354972884662,cruise,,,
134.3,29.99057380524404,0.009426194755960182,cruise,,,
134.4,29.991516424719634,0.008483575280365585,cruise,,,
134.5,29.99236478224767,0.007635217752330448,cruise,,,
134.6,29.993128304022903,0.006871695977096692,cruise,,,
134.7,29.993815473620614,0.006184526379385602,cruise,,,
134.8,29.99443392625855,0.005566073741448463,cruise,,,
134.9,29.994990533632695,0.005009466367305038,cruise,,,
135.0,29.995491480269425,0.004508519730574534,cruise,,,
135.1,29.995942332242482,0.004057667757518146,cruise,,,
135.2,29.996348099018235,0.003651900981765266,cruise,,,
135.3,29.99671328911641,0.00328671088358945,cruise,,,
135.4,29.99704196020477,0.0029580397952315707,cruise,,,
135.5,29.99733776418429,0.002662235815709124,cruise,,,
135.6,29.997603987765864,0.0023960122341364354,cruise,,,
135.7,29.997843588989276,0.0021564110107235024,cruise,,,
135.8,29.998059230090348,0.0019407699096518627,cruise,,,
135.9,29.998253307081313,0.0017466929186866764,cruise,,,
136.0,29.998427976373183,0.0015720236268172982,cruise,,,
136.1,29.998585178735865,0.0014148212641345026,cruise,,,
136.2,29.99872666086228,0.0012733391377217629,cruise,,,
136.3,29.99885399477605,0.001146005223951363,cruise,,,
136.4,29.998968595298443,0.0010314047015569372,cruise,,,
136.5,29.9990717357686,0.0009282642314012435,cruise,,,
136.6,29.999164562191737,0.0008354378082628955,cruise,,,
136.7,29.999248105972562,0.000751894027438027,cruise,,,
136.8,29.999323295375305,0.0006767046246949349,cruise,,,
136.9,29.999390965837776,0.0006090341622240203,cruise,,,
137.0,29.999451869254,0.0005481307460009077,cruise,,,
137.1,29.9995066823286,0.0004933176713990406,cruise,,,
137.2,29.99955601409574,0.000443985904258426,cruise,,,
137.3,29.999600412686167,0.00039958731383293866,cruise,,,
137.4,29.99964037141755,0.00035962858245142115,cruise,,,
137.5,29.999676334275794,0.00032366572420627904,cruise,,,
137.6,29.999708700848213,0.00029129915178671695,cruise,,,
137.7,29.999737830763394,0.0002621692366062689,cruise,,,
137.8,29.999764047687055,0.00023595231294493146,cruise,,,
137.9,29.99978764291835,0.0002123570816507936,cruise,,,
138.0,29.999808878626514,0.00019112137348642477,cruise,,,
138.1,29.999827990763862,0.00017200923613813757,cruise,,,
138.2,29.999845191687477,0.00015480831252290272,cruise,,,
138.3,29.99986067251873,0.000139327481271323,cruise,,,
138.4,29.999874605266857,0.0001253947331427696,cruise,,,
138.5,29.99988714474017,0.00011285525982884792,cruise,,,
138.6,29.999898430266153,0.00010156973384667367,cruise,,,
138.7,29.99990858723954,9.141276046165103e-05,cruise,,,
138.8,29.999917728515584,8.227148441619647e-05,cruise,,,
138.9,29.999925955664025,7.404433597457682e-05,cruise,,,
139.0,29.99993336009762,6.663990237854023e-05,cruise,,,
139.1,29.99994002408786,5.9975912140686205e-05,cruise,,,
139.2,29.999946021679072,5.39783209276834e-05,cruise,,,
139.3,29.999951419511167,4.858048883349397e-05,cruise,,,
139.4,29.99995627756005,4.372243995121039e-05,cruise,,,
139.5,29.999960649804045,3.935019595502354e-05,cruise,,,
139.6,29.99996458482364,3.541517635952118e-05,cruise,,,
139.7,29.999968126341276,3.1873658723924336e-05,cruise,,,
139.8,29.99997131370715,2.868629285046609e-05,cruise,,,
139.9,29.999974182336434,2.5817663566130022e-05,cruise,,,
140.0,29.99997676410279,2.323589720987229e-05,cruise,,,
140.1,29.999979087692513,2.0912307487463977e-05,cruise,,,
140.2,29.99998117892326,1.8821076739783393e-05,cruise,,,
140.3,29.999983061030935,1.693896906473924e-05,cruise,,,
140.4,29.99998475492784,1.524507215933113e-05,cruise,,,
140.5,29.999986279435056,1.3720564943753288e-05,cruise,,,
140.6,29.99998765149155,1.2348508448667417e-05,cruise,,,
140.7,29.999988886342397,1.1113657603090132e-05,cruise,,,
140.8,29.999989997708155,1.0002291844557476e-05,cruise,,,
140.9,29.99999099793734,9.002062661522814e-06,cruise,,,
141.0,29.999991898143605,8.10185639465999e-06,cruise,,,
141.1,29.999992708329245,7.291670755193991e-06,cruise,,,
141.2,29.99999343749632,6.562503678253506e-06,cruise,,,
141.3,29.99999409374669,5.906253310428156e-06,cruise,,,
141.4,29.99999468437202,5.315627980451154e-06,cruise,,,
141.5,29.999995215934817,4.7840651831165815e-06,cruise,,,
141.6,29.999995694341337,4.305658663383838e-06,cruise,,,
141.7,29.999996124907202,3.875092797755997e-06,cruise,,,
141.8,29.99999651241648,3.487583519756754e-06,cruise,,,
141.9,29.999996861174832,3.1388251677810786e-06,cruise,,,
142.0,29.99999717505735,2.824942651358242e-06,cruise,,,
142.1,29.999997457551615,2.5424483851566038e-06,cruise,,,
142.2,29.999997711796453,2.2882035466409434e-06,cruise,,,
142.3,29.999997940616808,2.059383191976849e-06,cruise,,,
142.4,29.99999814655513,1.8534448713580787e-06,cruise,,,
142.5,29.999998331899615,1.6681003849328135e-06,cruise,,,
142.6,29.999998498709655,1.501290345373718e-06,cruise,,,
142.7,29.99999864883869,1.3511613090599894e-06,cruise,,,
142.8,29.999998783954823,1.2160451774434478e-06,cruise,,,
142.9,29.99999890555934,1.0944406589885602e-06,cruise,,,
143.0,29.999999015003407,9.849965927344329e-07,cruise,,,
143.1,29.999999113503065,8.864969345268037e-07,cruise,,,
143.2,29.999999202152758,7.978472424952088e-07,cruise,,,
143.3,29.99999928193748,7.180625196667734e-07,cruise,,,
143.4,29.999999353743732,6.462562680553674e-07,cruise,,,
143.5,29.99999941836936,5.816306405392879e-07,cruise,,,
143.6,29.999999476532423,5.234675768406305e-07,cruise,,,
143.7,29.99999952887918,4.711208205776529e-07,cruise,,,
143.8,29.99999957599126,4.2400873923043036e-07,cruise,,,
143.9,29.999999618392135,3.8160786530738733e-07,cruise,,,
144.0,29.999999656552923,3.4344707700029176e-07,cruise,,,
144.1,29.99999969089763,3.0910236858971984e-07,cruise,,,
144.2,29.999999721807868,2.781921324412906e-07,cruise,,,
144.3,29.99999974962708,2.50372920618247e-07,cruise,,,
144.4,29.99999977466437,2.2533562926696504e-07,cruise,,,
144.5,29.999999797197933,2.028020666955399e-07,cruise,,,
144.6,29.99999981747814,1.825218589601718e-07,cruise,,,
144.7,29.99999983573033,1.6426967164306916e-07,cruise,,,
144.8,29.999999852157295,1.4784270518930498e-07,cruise,,,
144.9,29.999999866941565,1.3305843538091722e-07,cruise,,,
145.0,29.999999880247408,1.197525918428255e-07,cruise,,,
145.1,29.999999892222668,1.0777733194800021e-07,cruise,,,
145.2,29.9999999030004,9.699959946374292e-08,cruise,,,
145.3,29.99999991270036,8.729963951736863e-08,cruise,,,
145.4,29.999999921430323,7.856967698671724e-08,cruise,,,
145.5,29.99999992928729,7.071270857750278e-08,cruise,,,
145.6,29.999999936358563,6.364143700920977e-08,cruise,,,
145.7,29.999999942722706,5.7277294018831526e-08,cruise,,,
145.8,29.999999948450437,5.1549562840591534e-08,cruise,,,
145.9,29.999999953605393,4.6394607267075116e-08,cruise,,,
146.0,29.999999958244853,4.175514689563897e-08,cruise,,,
146.1,29.999999962420368,3.757963185080371e-08,cruise,,,
146.2,29.999999966178333,3.3821667244637865e-08,cruise,,,
146.3,29.9999999695605,3.043950158598818e-08,cruise,,,
146.4,29.99999997260445,2.739555071684663e-08,cruise,,,
146.5,29.999999975344004,2.46559963557047e-08,cruise,,,
146.6,29.999999977809605,2.219039529904876e-08,cruise,,,
146.7,29.999999980028644,1.997135612441525e-08,cruise,,,
146.8,29.99999998202578,1.7974219446159623e-08,cruise,,,
146.9,29.9999999838232,1.6176798567357764e-08,cruise,,,
147.0,29.99999998544088,1.455912013170746e-08,cruise,,,
147.1,29.999999986896793,1.3103207407993978e-08,cruise,,,
147.2,29.999999988207115,1.179288489083774e-08,cruise,,,
147.3,29.999999989386403,1.0613597112296702e-08,cruise,,,
147.4,29.999999990447762,9.552238111609768e-09,cruise,,,
147.5,29.999999991402987,8.59701287936332e-09,cruise,,,
147.6,29.999999992262687,7.737313012512459e-09,cruise,,,
147.7,29.99999999303642,6.963581711261213e-09,cruise,,,
147.8,29.999999993732775,6.267224961220563e-09,cruise,,,
147.9,29.9999999943595,5.640501399284403e-09,cruise,,,
148.0,29.99999999492355,5.076451259355963e-09,cruise,,,
148.1,29.999999995431192,4.568807554505838e-09,cruise,,,
148.2,29.999999995888075,4.111925022698415e-09,cruise,,,
148.3,29.999999996299266,3.700733941514045e-09,cruise,,,
148.4,29.999999996669338,3.330661968448112e-09,cruise,,,
148.5,29.999999997002405,2.997595061060565e-09,cruise,,,
148.6,29.999999997302165,2.6978348444117728e-09,cruise,,,
148.7,29.999999997571948,2.428052425784699e-09,cruise,,,
148.8,29.999999997814754,2.1852457621207577e-09,cruise,,,
148.9,29.999999998033278,1.9667218964514177e-09,cruise,,,
149.0,29.99999999822995,1.7700507726203796e-09,cruise,,,
149.1,29.999999998406956,1.5930439190015022e-09,cruise,,,
149.2,29.99999999856626,1.4337402376440878e-09,cruise,,,
149.3,29.999999998709633,1.2903669244224147e-09,cruise,,,
149.4,29.99999999883867,1.1613288108947017e-09,cruise,,,
149.5,29.999999998954806,1.0451941534483922e-09,cruise,,,
149.6,29.999999999059327,9.406733170180814e-10,cruise,,,
149.7,29.999999999153395,8.466045642308018e-10,cruise,,,
149.8,29.999999999238057,7.619433972649858e-10,cruise,,,
149.9,29.99999999931425,6.857483469957515e-10,cruise,,,
150.0,29.999999999382826,6.171738675675442e-10,cruise,,,
